cpd_id	compound_name	name_queried	strategy	result_type	stored_inchikey	pubchem_inchikey	pubchem_cid	stored_smiles	pubchem_smiles	stored_stereo_defined	stored_stereo_potential	pubchem_stereo_defined	pubchem_stereo_potential
cpd00028	Haem	xref_resolved:kegg_xref=C00032->CID444097(STEREO_DIFF)	xref_resolved	STEREO_DIFF	KABFMIBPWCXCRK-RGGAHWMASA-J	KABFMIBPWCXCRK-UHFFFAOYSA-L	444097	C=CC1=C(C)C2=N/C1=C\c1c(C)c(CCC(=O)[O-])c3n1[Fe]n1/c(c(C)c(C=C)/c1=C/2)=C\C1=N/C(=C\3)C(CCC(=O)[O-])=C1C	CC1=C(C2=CC3=NC(=CC4=C(C(=C([N-]4)C=C5C(=C(C(=N5)C=C1[N-]2)C=C)C)C=C)C)C(=C3CCC(=O)O)C)CCC(=O)O.[Fe+2]	4	4	0	0
cpd00121	(1r,2R,3S,4s,5R,6S)-cyclohexane-1,2,3,4,5,6-hexol	CHEBI:17268	chebi_xref	STEREO_DIFF	CDAISMWEOUEBRE-GPIVLXJGSA-N	CDAISMWEOUEBRE-UHFFFAOYSA-N	892	O[C@H]1[C@H](O)[C@@H](O)[C@H](O)[C@@H](O)[C@H]1O	C1(C(C(C(C(C1O)O)O)O)O)O	6	6	0	6
cpd00219	(1s,4s)-1-(2-carboxylato-2-oxoethyl)-4-hydroxycyclohexa-2,5-diene-1-carboxylate	xref_resolved:chebi_xref=CHEBI:29934->CID5460303(STEREO_DIFF)	xref_resolved	STEREO_DIFF	FPWMCUPFBRFMLH-XGAOUMNUSA-L	FPWMCUPFBRFMLH-UHFFFAOYSA-L	5460303	O=C([O-])C(=O)C[C@]1(C(=O)[O-])C=C[C@@H](O)C=C1	C1=CC(C=CC1O)(CC(=O)C(=O)[O-])C(=O)[O-]	2	2	0	2
cpd00248	(-)-Quinic acid	xref_resolved:chebi_xref=CHEBI:29751->CID1560034(STEREO_DIFF)	xref_resolved	STEREO_DIFF	AAWZDTNXLSGCEK-WYWMIBKRSA-M	AAWZDTNXLSGCEK-LNVDRNJUSA-M	1560034	O=C([O-])[C@]1(O)C[C@@H](O)[C@@H](O)[C@H](O)C1	C1[C@H](C([C@@H](CC1(C(=O)[O-])O)O)O)O	4	4	2	4
cpd00306	(2R,3R,4S)-Pentane-1,2,3,4,5-pentaol	CHEBI:17151	chebi_xref	STEREO_DIFF	HEBKCHPVOIAQTA-SCDXWVJYSA-N	HEBKCHPVOIAQTA-NGQZWQHPSA-N	6912	OC[C@@H](O)[C@H](O)[C@@H](O)CO	C([C@H](C([C@H](CO)O)O)O)O	3	3	2	3
cpd00366	(2R,3s,4S)-pentane-1,2,3,4,5-pentol	CHEBI:15963	chebi_xref	STEREO_DIFF	HEBKCHPVOIAQTA-ZXFHETKHSA-N	HEBKCHPVOIAQTA-NGQZWQHPSA-N	6912	OC[C@@H](O)[C@@H](O)[C@@H](O)CO	C([C@H](C([C@H](CO)O)O)O)O	3	3	2	3
cpd00413	3'-phosphonatoadenosine 5'-{3-[(3R)-4-{[3-({2-[(4-carboxylatobutanoyl)sulfanyl]ethyl}amino)-3-oxopropyl]amino}-3-hydroxy-2,2-dimethyl-4-oxobutyl] diphosphate}	xref_resolved:chebi_xref=CHEBI:57378->CID45266604(STEREO_DIFF)	xref_resolved	STEREO_DIFF	SYKWLIJQEHRDNH-BKVOKWOXSA-I	SYKWLIJQEHRDNH-CKRMAKSASA-I	45266604	CC(C)(COP(=O)([O-])OP(=O)([O-])OC[C@H]1O[C@@H](n2cnc3c(N)ncnc32)[C@H](O)[C@H]1OP(=O)([O-])[O-])[C@@H](O)C(=O)NCCC(=O)NCCSC(=O)CCCC(=O)[O-]	CC(C)(COP(=O)([O-])OP(=O)([O-])OC[C@@H]1[C@H]([C@H]([C@@H](O1)N2C=NC3=C(N=CN=C32)N)O)OP(=O)([O-])[O-])[C@H](C(=O)NCCC(=O)NCCSC(=O)CCCC(=O)[O-])O	5	7	5	7
cpd00524	2,4,6/3,5-Pentahydroxycyclohexanone	CHEBI:17811	chebi_xref	STEREO_DIFF	VYEGBDHSGHXOGT-HYFGLKJPSA-N	VYEGBDHSGHXOGT-ZLIBEWLCSA-N	439294	O=C1[C@@H](O)[C@H](O)[C@@H](O)[C@H](O)[C@H]1O	[C@H]1([C@H](C(=O)[C@H]([C@@H](C1O)O)O)O)O	5	5	4	5
cpd00624	Streptidine	xref_resolved:chebi_xref=CHEBI:184376->CID44123424(STEREO_DIFF)	xref_resolved	STEREO_DIFF	MSXMXWJPFIDEMT-FAEUDGQSSA-P	MSXMXWJPFIDEMT-XGNJAFTASA-P	44123424	NC(=[NH2+])N[C@@H]1[C@@H](O)[C@H](NC(N)=[NH2+])[C@@H](O)[C@H](O)[C@H]1O	[C@H]1([C@H](C([C@H]([C@@H](C1O)[NH+]=C(N)N)O)O)O)[NH+]=C(N)N	6	6	4	6
cpd00732	D-Prephenyllactate	C00994	kegg_xref	STEREO_DIFF	LNGMWZFHTXFDNM-RBDZCENOSA-L	LNGMWZFHTXFDNM-UYVLXELHSA-N	439361	C[C@@H](O)C(=O)O[C@H]1C=C[C@@](CC(=O)C(=O)[O-])(C(=O)[O-])C=C1	C[C@H](C(=O)OC1C=CC(C=C1)(CC(=O)C(=O)O)C(=O)O)O	3	3	1	3
cpd00867	(1S,2R,3R,4S,5S,6R)-2,3,4,5,6-pentahydroxycyclohexyl phosphate	xref_resolved:chebi_xref=CHEBI:58433->CID5288642(STEREO_DIFF)	xref_resolved	STEREO_DIFF	INAPMGSXUVUWAF-UOTPTPDRSA-L	INAPMGSXUVUWAF-GCVPSNMTSA-L	5288642	O=P([O-])([O-])O[C@@H]1[C@H](O)[C@H](O)[C@@H](O)[C@H](O)[C@H]1O	[C@H]1([C@H](C([C@@H]([C@@H](C1O)O)O)OP(=O)([O-])[O-])O)O	6	6	4	6
cpd00885	(1R,2S,3r,4R,5S,6s)-cyclohexane-1,2,3,4,5,6-hexayl hexakis(phosphate)	xref_resolved:chebi_xref=CHEBI:58130->CID21584050(STEREO_DIFF)	xref_resolved	STEREO_DIFF	IMQLKJBTEOYOSI-GPIVLXJGSA-B	IMQLKJBTEOYOSI-UHFFFAOYSA-B	21584050	O=P([O-])([O-])O[C@H]1[C@H](OP(=O)([O-])[O-])[C@@H](OP(=O)([O-])[O-])[C@H](OP(=O)([O-])[O-])[C@@H](OP(=O)([O-])[O-])[C@H]1OP(=O)([O-])[O-]	C1(C(C(C(C(C1OP(=O)([O-])[O-])OP(=O)([O-])[O-])OP(=O)([O-])[O-])OP(=O)([O-])[O-])OP(=O)([O-])[O-])OP(=O)([O-])[O-]	6	6	0	6
cpd00898	1D-myo-Inositol 1,4-bisphosphate	xref_resolved:chebi_xref=CHEBI:58282->CID25203530(STEREO_DIFF)	xref_resolved	STEREO_DIFF	PELZSPZCXGTUMR-RTPHHQFDSA-J	PELZSPZCXGTUMR-MBEOBJKWSA-J	25203530	O=P([O-])([O-])O[C@H]1[C@H](O)[C@@H](O)[C@H](OP(=O)([O-])[O-])[C@@H](O)[C@H]1O	[C@H]1([C@H](C([C@H]([C@H](C1OP(=O)([O-])[O-])O)O)OP(=O)([O-])[O-])O)O	6	6	4	6
cpd00902	(2R)-2,3-dihydroxypropyl (1S,2R,3R,4S,5S,6R)-2,3,4,5,6-pentahydroxycyclohexyl phosphate	xref_resolved:chebi_xref=CHEBI:58444->CID45480544(STEREO_DIFF)	xref_resolved	STEREO_DIFF	BMVUIWJCUQSHLZ-UJGXJMNGSA-M	BMVUIWJCUQSHLZ-YFZGBAIXSA-M	45480544	O=P([O-])(OC[C@H](O)CO)O[C@@H]1[C@H](O)[C@H](O)[C@@H](O)[C@H](O)[C@H]1O	C([C@H](COP(=O)([O-])OC1[C@@H]([C@H](C([C@H]([C@H]1O)O)O)O)O)O)O	7	8	5	8
cpd00910	1-O-alpha-D-Galactosyl-D-myo-inositol	xref_resolved:chebi_xref=CHEBI:17505->CID11727586(STEREO_DIFF)	xref_resolved	STEREO_DIFF	VCWMRQDBPZKXKG-DXNLKLAMSA-N	VCWMRQDBPZKXKG-ZNVDUFQESA-N	11727586	OC[C@H]1O[C@H](O[C@@H]2[C@@H](O)[C@H](O)[C@@H](O)[C@H](O)[C@@H]2O)[C@H](O)[C@@H](O)[C@H]1O	C([C@@H]1[C@@H]([C@@H]([C@H]([C@H](O1)OC2[C@H]([C@H](C([C@H]([C@@H]2O)O)O)O)O)O)O)O)O	11	11	9	11
cpd00934	1D-<i>myo</i>-inositol (1,3,4,5)-tetra<i>kis</i>phosphate	xref_resolved:chebi_xref=CHEBI:57895->CID24742076(STEREO_DIFF)	xref_resolved	STEREO_DIFF	CIPFCGZLFXVXBG-CNWJWELYSA-F	CIPFCGZLFXVXBG-FTSGZOCFSA-F	24742076	O=P([O-])([O-])O[C@H]1[C@H](O)[C@@H](OP(=O)([O-])[O-])[C@H](OP(=O)([O-])[O-])[C@@H](OP(=O)([O-])[O-])[C@H]1O	[C@H]1([C@H](C([C@H]([C@H](C1OP(=O)([O-])[O-])O)OP(=O)([O-])[O-])OP(=O)([O-])[O-])OP(=O)([O-])[O-])O	6	6	4	6
cpd00942	1-Amino-1-deoxy-scyllo-inositol 4-phosphate	xref_resolved:chebi_xref=CHEBI:58325->CID25243876(STEREO_DIFF)	xref_resolved	STEREO_DIFF	AYESCHMRXGYEFV-CDRYSYESSA-M	AYESCHMRXGYEFV-UYSNGIAKSA-M	25243876	[NH3+][C@@H]1[C@@H](O)[C@H](O)[C@@H](OP(=O)([O-])[O-])[C@H](O)[C@H]1O	[C@H]1([C@H](C([C@H]([C@@H](C1[NH3+])O)O)OP(=O)([O-])[O-])O)O	6	6	4	6
cpd00943	1D-<i>myo</i>-inositol 1,3,4,5,6-penta<i>kis</i>phosphate	xref_resolved:chebi_xref=CHEBI:57733->CID23615305(STEREO_DIFF)	xref_resolved	STEREO_DIFF	CTPQAXVNYGZUAJ-KXXVROSKSA-D	CTPQAXVNYGZUAJ-UYSNGIAKSA-D	23615305	O=P([O-])([O-])O[C@@H]1[C@@H](OP(=O)([O-])[O-])[C@H](OP(=O)([O-])[O-])[C@H](O)[C@H](OP(=O)([O-])[O-])[C@H]1OP(=O)([O-])[O-]	[C@H]1([C@H](C([C@H]([C@@H](C1O)OP(=O)([O-])[O-])OP(=O)([O-])[O-])OP(=O)([O-])[O-])OP(=O)([O-])[O-])OP(=O)([O-])[O-]	6	6	4	6
cpd00950	(2R,3S,5R,6S)-4-{[amino(iminio)methyl]amino}-2,3,5,6-tetrahydroxycyclohexyl phosphate	xref_resolved:chebi_xref=CHEBI:57656->CID25244678(STEREO_DIFF)	xref_resolved	STEREO_DIFF	LQSANMIGNWXLNF-CDRYSYESSA-M	LQSANMIGNWXLNF-UYSNGIAKSA-M	25244678	NC(=[NH2+])N[C@H]1[C@H](O)[C@@H](O)[C@H](OP(=O)([O-])[O-])[C@@H](O)[C@@H]1O	[C@H]1([C@H](C([C@H]([C@@H](C1[NH+]=C(N)N)O)O)OP(=O)([O-])[O-])O)O	6	6	4	6
cpd01049	(3-endo,8-syn)-3-[(3-hydroxy-2-phenylpropanoyl)oxy]-8-methyl-8-azoniabicyclo[3.2.1]octane	xref_resolved:chebi_xref=CHEBI:57858->CID21608699(STEREO_DIFF)	xref_resolved	STEREO_DIFF	RKUNBYITZUJHSG-SPUOUPEWSA-O	RKUNBYITZUJHSG-PJPHBNEVSA-O	21608699	C[NH+]1[C@@H]2CC[C@H]1C[C@@H](OC(=O)C(CO)c1ccccc1)C2	C[NH+]1[C@@H]2CC[C@H]1CC(C2)OC(=O)C(CO)C3=CC=CC=C3	3	5	2	5
cpd01102	3-[4-({[trans-4-(azaniumylmethyl)cyclohexyl]carbonyl}oxy)phenyl]propanoate	xref_resolved:chebi_xref=CHEBI:58112->CID25201854(STEREO_DIFF)	xref_resolved	STEREO_DIFF	FHRSHSOEWXUORL-HDJSIYSDSA-N	FHRSHSOEWXUORL-UHFFFAOYSA-N	25201854	[NH3+]C[C@H]1CC[C@H](C(=O)Oc2ccc(CCC(=O)[O-])cc2)CC1	C1CC(CCC1C[NH3+])C(=O)OC2=CC=C(C=C2)CCC(=O)[O-]	2	2	0	2
cpd01271	4-<i>O</i>-(carboxymethyl)rifamycin	xref_resolved:chebi_xref=CHEBI:58306->CID25245928(STEREO_DIFF)	xref_resolved	STEREO_DIFF	SQTCRTQCPJICLD-OXOJELPBSA-M	SQTCRTQCPJICLD-KTQDUKAHSA-L	25245928	CO[C@H]1/C=C/O[C@@]2(C)Oc3c(C)c(O)c4c(O)c(cc(OCC(=O)[O-])c4c3C2=O)NC(=O)/C(C)=C\C=C\[C@H](C)[C@H](O)[C@@H](C)[C@@H](O)[C@H](C)[C@H](OC(C)=O)[C@@H]1C	C[C@H]1/C=C/C=C(\C(=O)NC2=CC(=C3C(=C2O)C(=C(C4=C3C(=O)[C@](O4)(O/C=C/[C@@H]([C@H]([C@H]([C@@H]([C@@H]([C@@H]([C@H]1O)C)O)C)OC(=O)C)C)OC)C)C)[O-])OCC(=O)[O-])/C	12	12	12	12
cpd01274	(-)-Hyoscine	xref_resolved:chebi_xref=CHEBI:16794->CID3000322(STEREO_DIFF)	xref_resolved	STEREO_DIFF	STECJAGHUSJQJN-MSIGHWPWSA-N	STECJAGHUSJQJN-USLFZFAMSA-N	3000322	CN1[C@@H]2C[C@@H](OC(=O)[C@H](CO)c3ccccc3)C[C@H]1[C@@H]1O[C@@H]12	CN1[C@@H]2CC(C[C@H]1[C@H]3[C@@H]2O3)OC(=O)[C@H](CO)C4=CC=CC=C4	6	6	5	6
cpd01277	Streptamine	C01854	kegg_xref	STEREO_DIFF	ANLMVXSIPASBFL-FAEUDGQSSA-O	ANLMVXSIPASBFL-XGNJAFTASA-N	439590	N[C@@H]1[C@@H](O)[C@H]([NH3+])[C@@H](O)[C@H](O)[C@H]1O	[C@H]1([C@H](C([C@H]([C@@H](C1O)N)O)O)O)N	6	6	4	6
cpd01396	(3-endo)-8-methyl-8-azoniabicyclo[3.2.1]oct-3-yl (2S)-3-hydroxy-2-phenylpropanoate	xref_resolved:chebi_xref=CHEBI:58164->CID638022(STEREO_DIFF)	xref_resolved	STEREO_DIFF	RKUNBYITZUJHSG-FXUDXRNXSA-O	RKUNBYITZUJHSG-VFSICIBPSA-O	638022	C[NH+]1[C@@H]2CC[C@H]1C[C@@H](OC(=O)[C@H](CO)c1ccccc1)C2	C[NH+]1[C@@H]2CC[C@H]1CC(C2)OC(=O)[C@H](CO)C3=CC=CC=C3	4	5	3	5
cpd01476	7,12-diethenyl-3,8,13,17-tetramethylporphyrin-2,18-dipropanoate	xref_resolved:chebi_xref=CHEBI:57306->CID3794562(STEREO_DIFF)	xref_resolved	STEREO_DIFF	ZCFFYALKHPIRKJ-UJJXFSCMSA-L	ZCFFYALKHPIRKJ-UHFFFAOYSA-L	3794562	C=Cc1c(C)c2cc3[nH]c(cc4nc(cc5nc(cc1[nH]2)C(C)=C5CCC(=O)[O-])C(CCC(=O)[O-])=C4C)c(C)c3C=C	CC1=C(C2=CC3=NC(=CC4=NC(=CC5=C(C(=C(N5)C=C1N2)C=C)C)C(=C4CCC(=O)[O-])C)C(=C3C)CCC(=O)[O-])C=C	0	0	0	0
cpd01707	(1R,3S,4R,5r,6S)-4,5,6-trihydroxycyclohexane-1,3-diaminium	xref_resolved:chebi_xref=CHEBI:65069->CID448760(STEREO_DIFF)	xref_resolved	STEREO_DIFF	DTFAJAKTSMLKAT-JDCCYXBGSA-P	DTFAJAKTSMLKAT-KFJBKXNJSA-P	448760	[NH3+][C@@H]1C[C@H]([NH3+])[C@@H](O)[C@H](O)[C@H]1O	C1[C@H]([C@@H](C([C@@H]([C@H]1[NH3+])O)O)O)[NH3+]	5	5	4	5
cpd01708	2-Deoxystreptidine	C02628	kegg_xref	STEREO_DIFF	PYSUDYHJSLFULD-JDCCYXBGSA-P	PYSUDYHJSLFULD-KFJBKXNJSA-N	439769	NC(=[NH2+])N[C@H]1C[C@@H](NC(N)=[NH2+])[C@H](O)[C@@H](O)[C@@H]1O	C1[C@H]([C@@H](C([C@@H]([C@H]1N=C(N)N)O)O)O)N=C(N)N	5	5	4	5
cpd01836	N-Ethylglycocyamine	C02852	kegg_xref	STEREO_DIFF	CTNBESGEKMCKRZ-AACCOFLISA-N	CTNBESGEKMCKRZ-LXGUWJNJSA-N	439826	CC/N=C/[C@H](O)[C@@H](O)[C@H](O)[C@H](O)CO	CCN=C[C@@H]([C@H]([C@@H]([C@@H](CO)O)O)O)O	5	5	4	5
cpd01845	Protochlorophyllide	C02880	kegg_xref	STEREO_DIFF	QBPCOMNNISRCTC-KKNVGXODSA-K	QBPCOMNNISRCTC-JSSVAETHSA-L	439833	C=Cc1c(C)/c2n3/c1=C\C1=N/C(=C\c4c(C)c5c(n4[Mg]3)/C(=C3\N=C(/C=2)C(C)=C3CCC(=O)[O-])[C@@H](C(=O)OC)C5=O)C(CC)=C1C	CCC1=C(C2=NC1=CC3=C(C4=C([N-]3)C(=C5C(=C(C(=N5)C=C6C(=C(C(=C2)[N-]6)C=C)C)C)CCC(=O)O)[C@H](C4=O)C(=O)OC)C)C.[Mg+2]	5	5	1	1
cpd02032	Streptamine phosphate	C03177	kegg_xref	STEREO_DIFF	JOZGBZPOJJCPEP-FAEUDGQSSA-N	JOZGBZPOJJCPEP-XGNJAFTASA-N	439934	[NH3+][C@@H]1[C@@H](O)[C@H]([NH3+])[C@@H](O)[C@H](OP(=O)([O-])[O-])[C@H]1O	[C@H]1([C@H](C([C@H]([C@@H](C1O)N)O)OP(=O)(O)O)O)N	6	6	4	6
cpd02035	Zinc protoporphyrin	C03184	kegg_xref	STEREO_DIFF	FUTVBRXUIKZACV-RGGAHWMASA-J	FUTVBRXUIKZACV-UHFFFAOYSA-L	439935	C=CC1=C(C)/C2=C/c3c(C)c(CCC(=O)[O-])c4n3[Zn]n3/c(c(C)c(C=C)/c3=C/C3=N/C(=C\4)C(CCC(=O)[O-])=C3C)=C\C1=N2	CC1=C(C2=CC3=NC(=CC4=C(C(=C([N-]4)C=C5C(=C(C(=N5)C=C1[N-]2)C)C=C)C)C=C)C(=C3CCC(=O)O)C)CCC(=O)O.[Zn+2]	4	4	0	0
cpd02082	4-(aminomethyl)cyclohexane-1-carboxylic acid [4-(2- benzyloxycarbonylethyl)phenyl] ester	xref_resolved:chebi_xref=CHEBI:57790->CID25201006(STEREO_DIFF)	xref_resolved	STEREO_DIFF	LPWHBGUXJFSETQ-XUTJKUGGSA-O	LPWHBGUXJFSETQ-UHFFFAOYSA-O	25201006	[NH3+]C[C@H]1CC[C@H](C(=O)Oc2ccc(CCC(=O)OCc3ccccc3)cc2)CC1	C1CC(CCC1C[NH3+])C(=O)OC2=CC=C(C=C2)CCC(=O)OCC3=CC=CC=C3	2	2	0	2
cpd02136	(1R,2S,3r,4R,5S,6r)-6-methoxycyclohexane-1,2,3,4,5-pentol	CHEBI:15975	chebi_xref	STEREO_DIFF	DSCFFEYYQKSRSV-GWJPIIGYSA-N	DSCFFEYYQKSRSV-MVWKSXLKSA-N	439990	CO[C@H]1[C@H](O)[C@@H](O)[C@@H](O)[C@@H](O)[C@@H]1O	COC1[C@@H]([C@H](C([C@H]([C@@H]1O)O)O)O)O	6	6	4	6
cpd02168	(1R,2R,3R)-prephytoene diphosphate	xref_resolved:chebi_xref=CHEBI:58011->CID49791971(STEREO_DIFF)	xref_resolved	STEREO_DIFF	RVCNKTPCHZNAAO-QKUGLALCSA-L	RVCNKTPCHZNAAO-UZDKSQMHSA-K	49791971	CC(C)=CCC/C(C)=C/CC/C(C)=C/CC/C(C)=C/[C@H]1[C@H](COP(=O)([O-])OP(=O)([O-])O)[C@]1(C)CC/C=C(\C)CC/C=C(\C)CCC=C(C)C	CC(=CCC/C(=C/CC/C(=C/CC/C(=C/[C@@H]1[C@H]([C@]1(C)CC/C=C(\C)/CC/C=C(\C)/CCC=C(C)C)COP(=O)([O-])OP(=O)([O-])[O-])/C)/C)/C)C	8	10	8	9
cpd02216	Magnesium protoporphyrin	C03516	kegg_xref	STEREO_DIFF	REJJDEGSUOCEEW-RGGAHWMASA-J	REJJDEGSUOCEEW-UHFFFAOYSA-L	440035	C=CC1=C(C)C2=N/C1=C\c1c(C)c(CCC(=O)[O-])c3n1[Mg]n1/c(c(C)c(C=C)/c1=C/2)=C\C1=N/C(=C\3)C(CCC(=O)[O-])=C1C	CC1=C(C2=CC3=NC(=CC4=C(C(=C([N-]4)C=C5C(=C(C(=N5)C=C1[N-]2)C=C)C)C=C)C)C(=C3CCC(=O)O)C)CCC(=O)O.[Mg+2]	4	4	0	0
cpd02230	(1S,2R,3S,4S,5S,6S)-2,3,4,5,6-pentahydroxycyclohexyl phosphate	xref_resolved:chebi_xref=CHEBI:58469->CID25200523(STEREO_DIFF)	xref_resolved	STEREO_DIFF	INAPMGSXUVUWAF-CNWJWELYSA-L	INAPMGSXUVUWAF-GFWFORPUSA-L	25200523	O=P([O-])([O-])O[C@H]1[C@H](O)[C@@H](O)[C@H](O)[C@H](O)[C@@H]1O	[C@H]1([C@H](C([C@H]([C@H](C1O)O)O)OP(=O)([O-])[O-])O)O	6	6	4	6
cpd02296	(-)-bornesitol	CHEBI:18427	chebi_xref	STEREO_DIFF	DSCFFEYYQKSRSV-AGZHHQKVSA-N	DSCFFEYYQKSRSV-DQUUFWEPSA-N	440078	CO[C@@H]1[C@H](O)[C@H](O)[C@@H](O)[C@H](O)[C@H]1O	COC1[C@@H]([C@H](C([C@H]([C@H]1O)O)O)O)O	6	6	4	6
cpd02297	(1S,2R,3R,4S,5S,6R)-6-methoxycyclohexane-1,2,3,4,5-pentol	CHEBI:28310	chebi_xref	STEREO_DIFF	DSCFFEYYQKSRSV-ABXOWTNVSA-N	DSCFFEYYQKSRSV-WYANEKAJSA-N	440079	CO[C@@H]1[C@@H](O)[C@H](O)[C@@H](O)[C@H](O)[C@@H]1O	COC1[C@H]([C@H](C([C@H]([C@@H]1O)O)O)O)O	6	6	4	6
cpd02360	4-(Dimethylamino)azobenzene	C03764	kegg_xref	STEREO_DIFF	JCYPECIVGRXBMO-FOCLMDBBSA-N	JCYPECIVGRXBMO-UHFFFAOYSA-N	6053	CN(C)c1ccc(/N=N/c2ccccc2)cc1	CN(C)C1=CC=C(C=C1)N=NC2=CC=CC=C2	1	1	0	1
cpd02370	2-amino-2-deoxy-1-O-phosphono-D-galactopyranose	xref_resolved:chebi_xref=CHEBI:142399->CID135398031(STEREO_DIFF)	xref_resolved	STEREO_DIFF	YMJBYRVFGYXULK-DVKNGEFBSA-M	YMJBYRVFGYXULK-VFUOTHLCSA-M	135398031	[NH3+][C@H]1[C@H](OP(=O)([O-])[O-])O[C@H](CO)[C@H](O)[C@@H]1O	C([C@@H]1[C@@H]([C@@H]([C@H]([C@H](O1)OP(=O)([O-])[O-])[NH3+])O)O)O	5	5	5	5
cpd02388	2-Deoxystreptamine phospahte	C03828	kegg_xref	STEREO_DIFF	LUFBHSYJRTVRIJ-JDCCYXBGSA-N	LUFBHSYJRTVRIJ-KFJBKXNJSA-N	440133	[NH3+][C@@H]1C[C@H]([NH3+])[C@@H](O)[C@H](OP(=O)([O-])[O-])[C@H]1O	C1[C@H]([C@@H](C([C@@H]([C@H]1N)O)OP(=O)(O)O)O)N	5	5	4	5
cpd02397	(+)-pinitol	CHEBI:28548	chebi_xref	STEREO_DIFF	DSCFFEYYQKSRSV-KLJZZCKASA-N	DSCFFEYYQKSRSV-FEPQRWDDSA-N	164619	CO[C@H]1[C@H](O)[C@@H](O)[C@@H](O)[C@H](O)[C@@H]1O	COC1[C@@H]([C@H](C([C@@H]([C@@H]1O)O)O)O)O	6	6	4	6
cpd02412	1D-1-O-(indol-3-yl)acetyl-myo-inositol	xref_resolved:chebi_xref=CHEBI:15711->CID440152(STEREO_DIFF)	xref_resolved	STEREO_DIFF	XUACNUJFOIKYPQ-HUSLANRSSA-N	XUACNUJFOIKYPQ-ONKIVUJISA-N	440152	O=C(Cc1c[nH]c2ccccc12)O[C@@H]1[C@H](O)[C@@H](O)[C@H](O)[C@@H](O)[C@@H]1O	C1=CC=C2C(=C1)C(=CN2)CC(=O)OC3[C@@H]([C@H](C([C@H]([C@H]3O)O)O)O)O	6	6	4	6
cpd02484	(1R,2S,3R,4R,5S,6S)-2,3,4,5,6-pentahydroxycyclohexyl phosphate	xref_resolved:chebi_xref=CHEBI:58401->CID5288700(STEREO_DIFF)	xref_resolved	STEREO_DIFF	INAPMGSXUVUWAF-PTQMNWPWSA-L	INAPMGSXUVUWAF-LXOASSSBSA-L	5288700	O=P([O-])([O-])O[C@@H]1[C@@H](O)[C@H](O)[C@@H](O)[C@H](O)[C@@H]1O	[C@H]1([C@@H](C([C@H]([C@@H](C1O)O)O)OP(=O)([O-])[O-])O)O	6	6	4	6
cpd02512	1D-<i>myo</i>-inositol (1,3)-bisphosphate	xref_resolved:chebi_xref=CHEBI:83242->CID25201139(STEREO_DIFF)	xref_resolved	STEREO_DIFF	PUVHMWJJTITUGO-FICORBCRSA-J	PUVHMWJJTITUGO-WJPCITMWSA-J	25201139	O=P([O-])([O-])O[C@@H]1[C@H](O)[C@H](OP(=O)([O-])[O-])[C@@H](O)[C@H](O)[C@H]1O	[C@H]1([C@H](C([C@H]([C@@H](C1O)O)OP(=O)([O-])[O-])O)OP(=O)([O-])[O-])O	6	6	4	6
cpd02624	1-Guanidino-1-deoxy-scyllo-inositol	xref_resolved:chebi_xref=CHEBI:58016->CID25202575(STEREO_DIFF)	xref_resolved	STEREO_DIFF	LXQDZCCPYLOHOJ-CDRYSYESSA-O	LXQDZCCPYLOHOJ-UYSNGIAKSA-O	25202575	NC(=[NH2+])N[C@H]1[C@H](O)[C@@H](O)[C@H](O)[C@@H](O)[C@@H]1O	[C@H]1([C@H](C([C@H]([C@@H](C1[NH+]=C(N)N)O)O)O)O)O	6	6	4	6
cpd02633	1-[4-(dimethylamino)phenyl]-2-phenyldiazene 2-oxide	CHEBI:17467	chebi_xref	STEREO_DIFF	AVLLFBZLCFQWSX-ICFOKQHNSA-N	AVLLFBZLCFQWSX-UHFFFAOYSA-N	584437	CN(C)c1ccc(/N=[N+](\[O-])c2ccccc2)cc1	CN(C)C1=CC=C(C=C1)N=[N+](C2=CC=CC=C2)[O-]	1	1	0	1
cpd02665	(R)-2-Methylimino-1-phenylpropan-1-ol	C04351	kegg_xref	STEREO_DIFF	WJOBFSVTSCWIDG-NGPGYTDTSA-N	WJOBFSVTSCWIDG-JTQLQIEISA-N	656502	C/N=C(\C)[C@H](O)c1ccccc1	CC(=NC)[C@@H](C1=CC=CC=C1)O	2	2	1	2
cpd02672	(2Z,5Z)-4-(carboxylatomethylidene)hepta-2,5-dienedioate	xref_resolved:chebi_xref=CHEBI:57713->CID25246283(STEREO_DIFF)	xref_resolved	STEREO_DIFF	WKDXBDTUVVLFQV-VFJABLNZSA-K	WKDXBDTUVVLFQV-CCAGOZQPSA-K	25246283	O=C([O-])/C=C\C(=C/C(=O)[O-])\C=C\C(=O)[O-]	C(=C\C(=O)[O-])\C(=CC(=O)[O-])/C=C\C(=O)[O-]	3	3	2	2
cpd02690	4-hydroxycyclohexane-1-carboxylic acid	xref_resolved:chebi_xref=CHEBI:57906->CID19034555(STEREO_DIFF)	xref_resolved	STEREO_DIFF	HCFRWBBJISAZNK-IZLXSQMJSA-M	HCFRWBBJISAZNK-UHFFFAOYSA-M	19034555	O=C([O-])[C@H]1CC[C@H](O)CC1	C1CC(CCC1C(=O)[O-])O	2	2	0	2
cpd02729	1D-<i>myo</i> -inositol 1,3,4,6-tetra<i>kis</i>phosphate	xref_resolved:chebi_xref=CHEBI:57660->CID25201336(STEREO_DIFF)	xref_resolved	STEREO_DIFF	ZAWIXNGTTZTBKV-JMVOWJSSSA-F	ZAWIXNGTTZTBKV-IUHIMVDQSA-F	25201336	O=P([O-])([O-])O[C@@H]1[C@@H](O)[C@H](OP(=O)([O-])[O-])[C@@H](OP(=O)([O-])[O-])[C@@H](O)[C@H]1OP(=O)([O-])[O-]	[C@H]1([C@H](C([C@H]([C@@H](C1O)OP(=O)([O-])[O-])OP(=O)([O-])[O-])O)OP(=O)([O-])[O-])OP(=O)([O-])[O-]	6	6	4	6
cpd02762	Magnesium protoporphyrin IX 13-methyl ester	C04536	kegg_xref	STEREO_DIFF	JHTBRMHXRULRGV-NCCDZXNNSA-L	JHTBRMHXRULRGV-UHFFFAOYSA-M	440377	C=CC1=C(C)C2=N/C1=C\c1c(C)c(CCC(=O)OC)c3n1[Mg]n1/c(c(C)c(C=C)/c1=C/2)=C\C1=N/C(=C\3)C(CCC(=O)[O-])=C1C	CC1=C(C2=CC3=NC(=CC4=C(C(=C([N-]4)C=C5C(=C(C(=N5)C=C1[N-]2)C=C)C)C=C)C)C(=C3CCC(=O)O)C)CCC(=O)OC.[Mg+2]	4	4	0	0
cpd02780	1D-<i>myo</i>-inositol 1,2,4,5,6-penta<i>kis</i>phosphate	xref_resolved:chebi_xref=CHEBI:57798->CID25245416(STEREO_DIFF)	xref_resolved	STEREO_DIFF	CTPQAXVNYGZUAJ-XCMZKKERSA-D	CTPQAXVNYGZUAJ-WWHKVMGRSA-D	25245416	O=P([O-])([O-])O[C@@H]1[C@@H](OP(=O)([O-])[O-])[C@H](OP(=O)([O-])[O-])[C@@H](O)[C@@H](OP(=O)([O-])[O-])[C@H]1OP(=O)([O-])[O-]	[C@@H]1([C@H](C([C@H]([C@@H](C1O)OP(=O)([O-])[O-])OP(=O)([O-])[O-])OP(=O)([O-])[O-])OP(=O)([O-])[O-])OP(=O)([O-])[O-]	6	6	4	6
cpd02788	1-<i>myo</i>-inositol (1,2,3,4,5)-penta<i>kis</i>phosphate	xref_resolved:chebi_xref=CHEBI:177294->CID25246002(STEREO_DIFF)	xref_resolved	STEREO_DIFF	CTPQAXVNYGZUAJ-UOTPTPDRSA-D	CTPQAXVNYGZUAJ-LXOASSSBSA-D	25246002	O=P([O-])([O-])O[C@@H]1[C@H](OP(=O)([O-])[O-])[C@H](OP(=O)([O-])[O-])[C@@H](O)[C@H](OP(=O)([O-])[O-])[C@H]1OP(=O)([O-])[O-]	[C@H]1([C@@H](C([C@H]([C@@H](C1O)OP(=O)([O-])[O-])OP(=O)([O-])[O-])OP(=O)([O-])[O-])OP(=O)([O-])[O-])OP(=O)([O-])[O-]	6	6	4	6
cpd02800	(9Z)-(13S)-12,13-Epoxyoctadeca-9,11-dienoate	C04594	kegg_xref	STEREO_DIFF	ZFVKKBAQVWQQHP-OIWUYTFDSA-M	ZFVKKBAQVWQQHP-YJRMMAQJSA-N	5280703	CCCCC[C@H]1O/C1=C/C=C\CCCCCCCC(=O)[O-]	CCCCC[C@@H]1C(=C/C=C\CCCCCCCC(=O)O)O1	3	3	2	3
cpd02809	Indol-3-ylacetyl-myo-inositol L-arabinoside	C04611	kegg_xref	STEREO_DIFF	RBVNENAKUTUHCM-WLTDUWBPSA-N	RBVNENAKUTUHCM-KBGLIUAJSA-N	46173731	O=C(Cc1c[nH]c2ccccc12)O[C@@H]1[C@H](O)[C@@H](O)[C@H](O[C@@H]2OC[C@H](O)[C@H](O)[C@H]2O)[C@@H](O)[C@@H]1O	C1[C@@H]([C@@H]([C@H]([C@@H](O1)OC2[C@@H]([C@H](C([C@H]([C@@H]2O)O)OC(=O)CC3=CNC4=CC=CC=C43)O)O)O)O)O	10	10	8	10
cpd02859	5-O-(Indol-3-ylacetyl-myo-inositol) D-galactoside	C04695	kegg_xref	STEREO_DIFF	ZBIDXXVRKIWIKP-DULXVFQLSA-N	ZBIDXXVRKIWIKP-BLWHGSIISA-N	46173733	O=C(Cc1c[nH]c2ccccc12)O[C@@H]1[C@H](O)[C@@H](O)[C@H](O[C@@H]2O[C@H](CO)[C@H](O)[C@H](O)[C@H]2O)[C@@H](O)[C@@H]1O	C1=CC=C2C(=C1)C(=CN2)CC(=O)OC3[C@@H]([C@H](C([C@H]([C@@H]3O)O)O[C@H]4[C@@H]([C@H]([C@H]([C@H](O4)CO)O)O)O)O)O	11	11	9	11
cpd02877	3alpha,12alpha-Dihydroxy-5beta-cholan-24-oylglycine	3alpha,12alpha-Dihydroxy-5beta-cholan-24-oylglycine	name_lookup	STEREO_DIFF	WVULKSPCQVQLCU-ZGFCPQMKSA-M	WVULKSPCQVQLCU-BUXLTGKBSA-N	3035026	C[C@@H](CCC(=O)NCC(=O)[O-])[C@H]1CC[C@H]2[C@@H]3CC[C@@H]4C[C@H](O)CC[C@]4(C)[C@H]3C[C@H](O)[C@]12C	C[C@H](CCC(=O)NCC(=O)O)[C@H]1CC[C@@H]2[C@@]1([C@H](C[C@H]3[C@H]2CC[C@H]4[C@@]3(CC[C@H](C4)O)C)O)C	10	10	10	10
cpd02937	(5Z,13E)-6,9-alpha-epoxy-11-alpha-hydroxy-15-oxoprosta-5,13-dienoate	xref_resolved:chebi_xref=CHEBI:57407->CID25246210(STEREO_DIFF)	xref_resolved	STEREO_DIFF	YCLHGWBUIYKBPM-NBFHXWIWSA-M	YCLHGWBUIYKBPM-ABXKVQRYSA-M	25246210	CCCCCC(=O)/C=C/[C@@H]1[C@H]2C/C(=C\CCCC(=O)[O-])O[C@H]2C[C@H]1O	CCCCCC(=O)/C=C/[C@H]1[C@@H](C[C@H]2[C@@H]1C/C(=C/CCCC(=O)[O-])/O2)O	6	6	6	6
cpd03042	Porphyrin	C05113	kegg_xref	STEREO_DIFF	JZRYQZJSTWVBBD-CEVVSZFKSA-N	JZRYQZJSTWVBBD-UHFFFAOYSA-N	66868	C1=Cc2cc3ccc(cc4ccc(cc5nc(cc1n2)C=C5)[nH]4)[nH]3	C1=CC2=CC3=CC=C(N3)C=C4C=CC(=N4)C=C5C=CC(=N5)C=C1N2	0	0	0	0
cpd03075	1-<i>O</i>-methyl-<i>scyllo</i>-inositol	C05163	kegg_xref	STEREO_DIFF	DSCFFEYYQKSRSV-VQPJZGIOSA-N	DSCFFEYYQKSRSV-MVWKSXLKSA-N	439990	CO[C@H]1[C@H](O)[C@@H](O)[C@H](O)[C@@H](O)[C@@H]1O	COC1[C@@H]([C@H](C([C@H]([C@@H]1O)O)O)O)O	6	6	4	6
cpd03386	2-Aminoethylphosphocholate	C05683	kegg_xref	STEREO_DIFF	BGUPNWPPECTFDP-RUUYYOGZSA-M	BGUPNWPPECTFDP-HZAMXZRMSA-N	21155884	C[C@H](CCC(=O)NCCP(=O)([O-])O)[C@H]1CC[C@H]2[C@@H]3C(O)C[C@@H]4C[C@H](O)CC[C@]4(C)[C@H]3C[C@H](O)[C@]12C	C[C@H](CCC(=O)NCCP(=O)(O)O)[C@H]1CC[C@@H]2[C@@]1([C@H](C[C@H]3[C@H]2[C@@H](C[C@H]4[C@@]3(CC[C@H](C4)O)C)O)O)C	10	12	11	11
cpd03415	2,7,12,17-porphinetetrapropionic acid	xref_resolved:chebi_xref=CHEBI:167480->CID155802556(STEREO_DIFF)	xref_resolved	STEREO_DIFF	MOTVYDVWODTRDF-JRHDEHKPSA-F	MOTVYDVWODTRDF-UHFFFAOYSA-F	155802556	O=C([O-])CCC1=C(CC(=O)[O-])/C2=C/C3=N/C(=C\C4=N/C(=C\C5=N/C(=C\C1=N2)C(CC(=O)[O-])=C5CCC(=O)[O-])C(CC(=O)[O-])=C4CCC(=O)[O-])C(CC(=O)[O-])=C3CCC(=O)[O-]	C1=C2C(=C(C(=CC3=NC(=CC4=NC(=CC5=C(C(=C1N5)CC(=O)[O-])CCC(=O)[O-])C(=C4CCC(=O)[O-])CC(=O)[O-])C(=C3CCC(=O)[O-])CC(=O)[O-])N2)CC(=O)[O-])CCC(=O)[O-]	4	4	0	0
cpd03417	Coproporphyrin I	xref_resolved:chebi_xref=CHEBI:167478->CID20849014(STEREO_DIFF)	xref_resolved	STEREO_DIFF	VCCUOZSDXVZCSK-JRHDEHKPSA-J	VCCUOZSDXVZCSK-UHFFFAOYSA-J	20849014	CC1=C(CCC(=O)[O-])c2cc3nc(cc4[nH]c(cc5[nH]c(cc1n2)c(CCC(=O)[O-])c5C)c(CCC(=O)[O-])c4C)C(CCC(=O)[O-])=C3C	CC1=C(C2=CC3=NC(=CC4=NC(=CC5=C(C(=C(N5)C=C1N2)CCC(=O)[O-])C)C(=C4C)CCC(=O)[O-])C(=C3C)CCC(=O)[O-])CCC(=O)[O-]	0	0	0	0
cpd03617	(1S,2R,3S)-2-Formyl-alpha-(hydroxymethylene)-3-methylcyclopentaneacetaldehyde	C06070	kegg_xref	STEREO_DIFF	PFGBAVLSGZLAAY-FXBDTBDDSA-N	PFGBAVLSGZLAAY-JYPFKNLRSA-N	53297344	C[C@H]1CC[C@H](C(C=O)=CO)[C@@H]1C=O	C[C@H]1CC[C@@H]([C@@H]1C=O)/C(=C/O)/C=O	3	4	4	4
cpd03668	1,2,4,5/3,6-cyclohexanehexol	C06152	kegg_xref	STEREO_DIFF	CDAISMWEOUEBRE-GNIYUCBRSA-N	CDAISMWEOUEBRE-UHFFFAOYSA-N	892	O[C@H]1[C@H](O)[C@@H](O)[C@@H](O)[C@H](O)[C@H]1O	C1(C(C(C(C(C1O)O)O)O)O)O	6	6	0	6
cpd03669	(1r,2r,3r,4r,5r,6r)-cyclohexane-1,2,3,4,5,6-hexol	CHEBI:10642	chebi_xref	STEREO_DIFF	CDAISMWEOUEBRE-CDRYSYESSA-N	CDAISMWEOUEBRE-UHFFFAOYSA-N	892	O[C@H]1[C@H](O)[C@@H](O)[C@H](O)[C@@H](O)[C@@H]1O	C1(C(C(C(C(C1O)O)O)O)O)O	6	6	0	6
cpd03670	(1r,2R,3S,4r,5R,6S)-2,3,4,5,6-pentahydroxycyclohexyl phosphate	xref_resolved:chebi_xref=CHEBI:84141->CID25200860(STEREO_DIFF)	xref_resolved	STEREO_DIFF	INAPMGSXUVUWAF-KXXVROSKSA-L	INAPMGSXUVUWAF-UYSNGIAKSA-L	25200860	O=P([O-])([O-])O[C@H]1[C@H](O)[C@@H](O)[C@@H](O)[C@@H](O)[C@@H]1O	[C@H]1([C@H](C([C@H]([C@@H](C1O)O)O)OP(=O)([O-])[O-])O)O	6	6	4	6
cpd03793	(1R,2S,3S,4S,5S,6S)-6-methoxycyclohexane-1,2,3,4,5-pentol	CHEBI:18266	chebi_xref	STEREO_DIFF	DSCFFEYYQKSRSV-GESKJZQWSA-N	DSCFFEYYQKSRSV-FEPQRWDDSA-N	164619	CO[C@H]1[C@H](O)[C@@H](O)[C@H](O)[C@H](O)[C@@H]1O	COC1[C@@H]([C@H](C([C@@H]([C@@H]1O)O)O)O)O	6	6	4	6
cpd03794	1D-6-O-Methyl-myo-inositol	C06353	kegg_xref	STEREO_DIFF	DSCFFEYYQKSRSV-HYBKHIPXSA-N	DSCFFEYYQKSRSV-CEDNOLFGSA-N	5320294	CO[C@H]1[C@H](O)[C@H](O)[C@H](O)[C@@H](O)[C@@H]1O	COC1[C@@H]([C@@H](C([C@H]([C@@H]1O)O)O)O)O	6	6	4	6
cpd03832	Hydrogenobyrinate	C06399	kegg_xref	STEREO_DIFF	FJDBIDBCPIOVPG-HFBAMCGTSA-H	FJDBIDBCPIOVPG-QQHNNQQLSA-N	11953880	CC1=C2[NH+]=C(C=C3N/C(=C(/C)C4=N[C@@](C)([C@@H]5N=C1[C@](C)(CCC(=O)[O-])[C@H]5CC(=O)[O-])[C@@](C)(CC(=O)[O-])[C@@H]4CCC(=O)[O-])[C@@](C)(CC(=O)[O-])[C@@H]3CCC(=O)[O-])C(C)(C)[C@@H]2CCC(=O)[O-]	C/C/1=C/2\[C@@]([C@@H](/C(=C/C3=N/C(=C(\C4=NC([C@@H]([C@@]4(C)CCC(=O)O)CC(=O)O)[C@]5([C@@]([C@@H](C1=N5)CCC(=O)O)(C)CC(=O)O)C)/C)/[C@H](C3(C)C)CCC(=O)O)/N2)CCC(=O)O)(C)CC(=O)O	10	12	11	12
cpd03913	Hydrogenobyrinate a,c diamide	C06503	kegg_xref	STEREO_DIFF	ZGGWTIPDUOTHRA-HFBAMCGTSA-J	ZGGWTIPDUOTHRA-QQHNNQQLSA-N	5280943	CC1=C2[NH+]=C(C=C3N/C(=C(/C)C4=N[C@@](C)([C@@H]5N=C1[C@](C)(CCC(=O)[O-])[C@H]5CC(=O)[O-])[C@@](C)(CC(N)=O)[C@@H]4CCC(=O)[O-])[C@@](C)(CC(N)=O)[C@@H]3CCC(=O)[O-])C(C)(C)[C@@H]2CCC(=O)[O-]	C/C/1=C/2\[C@@]([C@@H](/C(=C/C3=N/C(=C(\C4=NC([C@@H]([C@@]4(C)CCC(=O)O)CC(=O)O)[C@]5([C@@]([C@@H](C1=N5)CCC(=O)O)(C)CC(=O)N)C)/C)/[C@H](C3(C)C)CCC(=O)O)/N2)CCC(=O)O)(C)CC(=O)N	10	12	11	12
cpd03999	(1alpha,2alpha,3beta,4alpha,5alpha,6beta)-1,2,3,4,5,6-hexachlorocyclohexane	CHEBI:32888	chebi_xref	STEREO_DIFF	JLYXXMFPNIAWKQ-GNIYUCBRSA-N	JLYXXMFPNIAWKQ-UHFFFAOYSA-N	727	Cl[C@H]1[C@H](Cl)[C@@H](Cl)[C@@H](Cl)[C@H](Cl)[C@H]1Cl	C1(C(C(C(C(C1Cl)Cl)Cl)Cl)Cl)Cl	6	6	0	6
cpd04074	4-Carboxy-4'-sulfoazobenzene	C06673	kegg_xref	STEREO_DIFF	IDPOSZGKQSRDFE-CCEZHUSRSA-L	IDPOSZGKQSRDFE-UHFFFAOYSA-N	441135	O=C([O-])c1ccc(/N=N/c2ccc(S(=O)(=O)[O-])cc2)cc1	C1=CC(=CC=C1C(=O)O)N=NC2=CC=C(C=C2)S(=O)(=O)O	1	1	0	1
cpd04090	Vancomycin	xref_resolved:chebi_xref=CHEBI:76842->CID72715788(STEREO_DIFF)	xref_resolved	STEREO_DIFF	MYPYJXKWCTUITO-JTFZNGFOSA-O	MYPYJXKWCTUITO-LYRMYLQWSA-O	72715788	C[NH2+][C@H](CC(C)C)C(=O)N[C@H]1C(=O)N[C@@H](CC(N)=O)C(=O)N[C@H]2C(=O)N[C@H]3C(=O)N[C@H](C(=O)N[C@@H](C(=O)[O-])c4cc(O)cc(O)c4-c4cc3ccc4O)[C@H](O)c3ccc(c(Cl)c3)Oc3cc2cc(c3O[C@@H]2O[C@H](CO)[C@@H](O)[C@H](O)[C@H]2O[C@H]2C[C@](C)([NH3+])[C@H](O)[C@H](C)O2)Oc2ccc(cc2Cl)[C@H]1O	C[C@H]1[C@H]([C@@](C[C@@H](O1)O[C@@H]2[C@H]([C@@H]([C@H](O[C@H]2OC3=C4C=C5C=C3OC6=C(C=C(C=C6)[C@H]([C@H](C(=O)N[C@H](C(=O)N[C@H]5C(=O)N[C@@H]7C8=CC(=C(C=C8)O)C9=C(C=C(C=C9O)O)[C@H](NC(=O)[C@H]([C@@H](C1=CC(=C(O4)C=C1)Cl)O)NC7=O)C(=O)[O-])CC(=O)N)NC(=O)[C@@H](CC(C)C)[NH2+]C)O)Cl)CO)O)O)(C)[NH3+])O	18	18	18	18
cpd04105	(1S,2R,3R,4S,5S,6R)-2,3,4,5,6-pentahydroxycyclohexyl 2-[(N-acetyl-L-cysteinyl)amino]-2-deoxy-alpha-D-glucopyranoside	xref_resolved:chebi_xref=CHEBI:16768->CID441148(STEREO_DIFF)	xref_resolved	STEREO_DIFF	MQBCDKMPXVYCGO-FQBKTPCVSA-M	MQBCDKMPXVYCGO-MGQAWMCHSA-N	441148	CC(=O)N[C@@H](C[S-])C(=O)N[C@H]1[C@@H](O[C@@H]2[C@H](O)[C@H](O)[C@@H](O)[C@H](O)[C@H]2O)O[C@H](CO)[C@@H](O)[C@@H]1O	CC(=O)N[C@@H](CS)C(=O)N[C@@H]1[C@H]([C@@H]([C@H](O[C@@H]1OC2[C@@H]([C@H](C([C@H]([C@H]2O)O)O)O)O)CO)O)O	12	12	10	12
cpd04106	(1S,2R,3R,4S,5S,6R)-2,3,4,5,6-pentahydroxycyclohexyl 2-[(N-acetyl-S-formyl-L-cysteinyl)amino]-2-deoxy-alpha-D-glucopyranoside	CHEBI:15735	chebi_xref	STEREO_DIFF	JFPVMCRFDBEEHF-QFVXKRNMSA-N	JFPVMCRFDBEEHF-JPFSBEFCSA-N	11953886	CC(=O)N[C@@H](CSC=O)C(=O)N[C@H]1[C@@H](O[C@@H]2[C@H](O)[C@H](O)[C@@H](O)[C@H](O)[C@H]2O)O[C@H](CO)[C@@H](O)[C@@H]1O	CC(=O)N[C@@H](CSC=O)C(=O)N[C@@H]1[C@H]([C@@H]([C@H](O[C@@H]1OC2[C@@H]([C@H](C([C@H]([C@H]2O)O)O)O)O)CO)O)O	12	12	10	12
cpd04145	Hemin	hemin	name_lookup	STEREO_DIFF	BTIJJDXEELBZFS-HXFTUNQESA-I	BTIJJDXEELBZFS-UHFFFAOYSA-K	455658	C=CC1=C(C)C2=N/C1=C\c1c(C)c(CCC(=O)[O-])c3n1[Fe](Cl)n1/c(c(C)c(C=C)/c1=C/2)=C\C1=N/C(=C\3)C(CCC(=O)[O-])=C1C	CC1=C(C2=CC3=C(C(=C([N-]3)C=C4C(=C(C(=N4)C=C5C(=C(C(=N5)C=C1[N-]2)C)C=C)C)C=C)C)CCC(=O)O)CCC(=O)O.[Cl-].[Fe+3]	4	4	0	0
cpd04195	Anisotropine methylbromide	C06830	kegg_xref	STEREO_DIFF	QSFKGMJOKUZAJM-CNKDKAJDSA-M	QSFKGMJOKUZAJM-JXMYBXCISA-M	657201	CCCC(CCC)C(=O)O[C@H]1C[C@H]2CC[C@@H](C1)[N+]2(C)C.[Br-]	CCCC(CCC)C(=O)OC1C[C@H]2CC[C@@H](C1)[N+]2(C)C.[Br-]	3	3	2	3
cpd04199	Azithromycin	C06838	kegg_xref	STEREO_DIFF	MQTOSJVFKKJCRP-OHJWJPDZSA-P	MQTOSJVFKKJCRP-BICOPXKESA-N	447043	CC[C@H]1OC(=O)[C@H](C)[C@@H](O[C@H]2C[C@@](C)(OC)[C@@H](O)[C@H](C)O2)[C@H](C)[C@@H](O[C@@H]2O[C@H](C)C[C@H]([NH+](C)C)[C@H]2O)[C@](C)(O)C[C@@H](C)C[NH+](C)[C@H](C)[C@@H](O)[C@]1(C)O	CC[C@@H]1[C@@]([C@@H]([C@H](N(C[C@@H](C[C@@]([C@@H]([C@H]([C@@H]([C@H](C(=O)O1)C)O[C@H]2C[C@@]([C@H]([C@@H](O2)C)O)(C)OC)C)O[C@H]3[C@@H]([C@H](C[C@H](O3)C)N(C)C)O)(C)O)C)C)C)O)(C)O	18	19	18	18
cpd04204	Benzatropine	C06846	kegg_xref	STEREO_DIFF	GIJXKZJWITVLHI-PMOLBWCYSA-O	GIJXKZJWITVLHI-YOFSQIOKSA-N	1201549	C[NH+]1[C@@H]2CC[C@H]1C[C@@H](OC(c1ccccc1)c1ccccc1)C2	CN1[C@@H]2CC[C@H]1CC(C2)OC(C3=CC=CC=C3)C4=CC=CC=C4	3	4	2	3
cpd04236	Cefotetan	C06886	kegg_xref	STEREO_DIFF	SRZNHPXWXCNNDU-IXOPCIAXSA-L	SRZNHPXWXCNNDU-RHBCBLIFSA-N	53025	CO[C@@]1(NC(=O)C2SC(=C(C(N)=O)C(=O)[O-])S2)C(=O)N2C(C(=O)[O-])=C(CSc3nnnn3C)CS[C@@H]21	CN1C(=NN=N1)SCC2=C(N3[C@@H]([C@@](C3=O)(NC(=O)C4SC(=C(C(=O)N)C(=O)O)S4)OC)SC2)C(=O)O	2	4	2	4
cpd04258	(4-Chloro-phenyl)-[5-(4-chloro-phenyl)-3-isopropylimino-3,5-dihydro-phenazin-2-yl]-amine	C06915	kegg_xref	STEREO_DIFF	WDQPAMHFFCXSNU-BGABXYSRSA-N	WDQPAMHFFCXSNU-UHFFFAOYSA-N	2794	CC(C)/N=c1\cc2n(-c3ccc(Cl)cc3)c3ccccc3nc-2cc1Nc1ccc(Cl)cc1	CC(C)N=C1C=C2C(=NC3=CC=CC=C3N2C4=CC=C(C=C4)Cl)C=C1NC5=CC=C(C=C5)Cl	1	1	0	1
cpd04307	beta-1,2,3,4,5,6-Hexachlorocyclohexane	C06988	kegg_xref	STEREO_DIFF	JLYXXMFPNIAWKQ-CDRYSYESSA-N	JLYXXMFPNIAWKQ-UHFFFAOYSA-N	727	Cl[C@H]1[C@H](Cl)[C@@H](Cl)[C@H](Cl)[C@@H](Cl)[C@@H]1Cl	C1(C(C(C(C(C1Cl)Cl)Cl)Cl)Cl)Cl	6	6	0	6
cpd04342	Ipratropium	C07052	kegg_xref	STEREO_DIFF	OEXHQOGQTVQTAT-JRNQLAHRSA-N	OEXHQOGQTVQTAT-BZQJJPTISA-N	657309	CC(C)[N@@+]1(C)[C@@H]2CC[C@H]1C[C@@H](OC(=O)C(CO)c1ccccc1)C2	CC(C)[N+]1([C@@H]2CC[C@H]1CC(C2)OC(=O)C(CO)C3=CC=CC=C3)C	4	5	2	5
cpd04552	(5S,6R,7R,9R)-6-hydroxy-5-methyl-7-methylazaniumyl-6,7,8,9,15,16-hexahydro-5H,14H-5,9-epoxy-4b,9a,15-triazadibenzo[b,h]cyclonona[1,2,3,4-jkl]cyclopenta[e]-as-indacen-14-one	xref_resolved:chebi_xref=CHEBI:57473->CID21581287(STEREO_DIFF)	xref_resolved	STEREO_DIFF	YFYYWLWHOINTHH-GTDVCXGISA-O	YFYYWLWHOINTHH-FCHZLITKSA-O	21581287	C[NH2+][C@@H]1C[C@H]2O[C@@](C)([C@@H]1O)n1c3ccccc3c3c4c(c5c6ccccc6n2c5c31)C(=O)NC4	C[C@@]12[C@@H]([C@@H](C[C@@H](O1)N3C4=CC=CC=C4C5=C6C(=C7C8=CC=CC=C8N2C7=C53)CNC6=O)[NH2+]C)O	4	4	4	4
cpd04611	3-(Phenylazo)-2,6-pyridinediamine	C07429	kegg_xref	STEREO_DIFF	QPFYXYFORQJZEC-FOCLMDBBSA-N	QPFYXYFORQJZEC-UHFFFAOYSA-N	4756	Nc1ccc(/N=N/c2ccccc2)c(N)n1	C1=CC=C(C=C1)N=NC2=C(N=C(C=C2)N)N	1	1	0	1
cpd04717	Tubocurarine	C07547	kegg_xref	STEREO_DIFF	JFJZZMVDLULRGK-FQLXRVMXSA-P	JFJZZMVDLULRGK-URLMMPGGSA-O	6000	COc1cc2c3cc1Oc1cc(ccc1O)C[C@@H]1c4c(cc(OC)c(O)c4Oc4ccc(cc4)C[C@H]3[NH+](C)CC2)CC[N+]1(C)C	CN1CCC2=CC(=C3C=C2[C@@H]1CC4=CC=C(C=C4)OC5=C6[C@@H](CC7=CC(=C(C=C7)O)O3)[N+](CCC6=CC(=C5O)OC)(C)C)OC	2	3	2	2
cpd04741	Prontosil	C07573	kegg_xref	STEREO_DIFF	ABBQGOCHXSPKHJ-WUKNDPDISA-N	ABBQGOCHXSPKHJ-UHFFFAOYSA-N	66895	Nc1ccc(/N=N/c2ccc(S(N)(=O)=O)cc2)c(N)c1	C1=CC(=CC=C1N=NC2=C(C=C(C=C2)N)N)S(=O)(=O)N	1	1	0	1
cpd04825	Trovafloxacin	C07664	kegg_xref	STEREO_DIFF	WVPSKSLAZQPAKQ-CDMJZVDBSA-N	WVPSKSLAZQPAKQ-SOSAQKQKSA-N	62959	[NH3+][C@@H]1[C@H]2CN(c3nc4c(cc3F)c(=O)c(C(=O)[O-])cn4-c3ccc(F)cc3F)C[C@@H]12	C1[C@@H]2[C@@H](C2N)CN1C3=C(C=C4C(=O)C(=CN(C4=N3)C5=C(C=C(C=C5)F)F)C(=O)O)F	3	3	2	3
cpd04905	Homatropine	C07814	kegg_xref	STEREO_DIFF	ZTVIKZXZYLEVOL-MCOXGKPRSA-O	ZTVIKZXZYLEVOL-DGKWVBSXSA-N	5282593	C[NH+]1[C@@H]2CC[C@H]1C[C@@H](OC(=O)C(O)c1ccccc1)C2	CN1[C@@H]2CC[C@H]1CC(C2)OC(=O)C(C3=CC=CC=C3)O	3	5	2	4
cpd05038	Rifapentine	C08059	kegg_xref	STEREO_DIFF	WDZCUPBHRAEYDL-BZWMEKERSA-O	WDZCUPBHRAEYDL-GZAUEHORSA-N	135403821	CO[C@H]1/C=C/O[C@@]2(C)Oc3c(C)c(O)c4c(O)c(c(/C=N/N5CC[NH+](C6CCCC6)CC5)c(O)c4c3C2=O)NC(=O)/C(C)=C\C=C\[C@H](C)[C@H](O)[C@@H](C)[C@@H](O)[C@@H](C)[C@H](OC(C)=O)[C@H]1C	C[C@H]1/C=C/C=C(\C(=O)NC2=C(C(=C3C(=C2O)C(=C(C4=C3C(=O)[C@](O4)(O/C=C/[C@@H]([C@H]([C@H]([C@@H]([C@@H]([C@@H]([C@H]1O)C)O)C)OC(=O)C)C)OC)C)C)O)O)/C=N/N5CCN(CC5)C6CCCC6)/C	13	13	13	13
cpd05139	Sermorelin	Sermorelin	name_lookup	STEREO_DIFF	WGWPRVFKDLAUQJ-UHFFFAOYSA-R	WGWPRVFKDLAUQJ-MITYVQBRSA-N	16132413	CCC(C)C(NC(=O)C(C)NC(=O)C(CC(=O)[O-])NC(=O)C(C)NC(=O)C([NH3+])Cc1ccc(O)cc1)C(=O)NC(Cc1ccccc1)C(=O)NC(C(=O)NC(CC(N)=O)C(=O)NC(CO)C(=O)NC(Cc1ccc(O)cc1)C(=O)NC(CCCNC(N)=[NH2+])C(=O)NC(CCCC[NH3+])C(=O)NC(C(=O)NC(CC(C)C)C(=O)NCC(=O)NC(CCC(N)=O)C(=O)NC(CC(C)C)C(=O)NC(CO)C(=O)NC(C)C(=O)NC(CCCNC(N)=[NH2+])C(=O)NC(CCCC[NH3+])C(=O)NC(CC(C)C)C(=O)NC(CC(C)C)C(=O)NC(CCC(N)=O)C(=O)NC(CC(=O)[O-])C(=O)NC(C(=O)NC(CCSC)C(=O)NC(CO)C(=O)NC(CCCNC(N)=[NH2+])C(N)=O)C(C)CC)C(C)C)C(C)O	CC[C@H](C)[C@@H](C(=O)N[C@@H](CC1=CC=CC=C1)C(=O)N[C@@H]([C@@H](C)O)C(=O)N[C@@H](CC(=O)N)C(=O)N[C@@H](CO)C(=O)N[C@@H](CC2=CC=C(C=C2)O)C(=O)N[C@@H](CCCNC(=N)N)C(=O)N[C@@H](CCCCN)C(=O)N[C@@H](C(C)C)C(=O)N[C@@H](CC(C)C)C(=O)NCC(=O)N[C@@H](CCC(=O)N)C(=O)N[C@@H](CC(C)C)C(=O)N[C@@H](CO)C(=O)N[C@@H](C)C(=O)N[C@@H](CCCNC(=N)N)C(=O)N[C@@H](CCCCN)C(=O)N[C@@H](CC(C)C)C(=O)N[C@@H](CC(C)C)C(=O)N[C@@H](CCC(=O)N)C(=O)N[C@@H](CC(=O)O)C(=O)N[C@@H]([C@@H](C)CC)C(=O)N[C@@H](CCSC)C(=O)N[C@@H](CO)C(=O)N[C@@H](CCCNC(=N)N)C(=O)N)NC(=O)[C@H](C)NC(=O)[C@H](CC(=O)O)NC(=O)[C@H](C)NC(=O)[C@H](CC3=CC=C(C=C3)O)N	0	31	31	34
cpd05172	D-Glycero-D-galacto-heptitol	C08255	kegg_xref	STEREO_DIFF	OXQKEKGBFMQTML-BIVRFLNRSA-N	OXQKEKGBFMQTML-RYRJNEICSA-N	441436	OC[C@@H](O)[C@@H](O)[C@H](O)[C@H](O)[C@@H](O)CO	C([C@H]([C@H](C([C@@H]([C@H](CO)O)O)O)O)O)O	5	5	4	5
cpd05173	(-)-Quebrachitol	C08257	kegg_xref	STEREO_DIFF	DSCFFEYYQKSRSV-FIZWYUIZSA-N	DSCFFEYYQKSRSV-MBXCVVGISA-N	151108	CO[C@H]1[C@H](O)[C@@H](O)[C@H](O)[C@H](O)[C@H]1O	COC1[C@@H]([C@H](C([C@@H]([C@H]1O)O)O)O)O	6	6	4	6
cpd05175	(-)-Viburnitol	C08259	kegg_xref	STEREO_DIFF	IMPKVMRTXBRHRB-TVIMKVIFSA-N	IMPKVMRTXBRHRB-RSVSWTKNSA-N	441438	O[C@@H]1[C@@H](O)[C@H](O)C[C@@H](O)[C@H]1O	C1[C@H]([C@H](C([C@H]([C@@H]1O)O)O)O)O	5	5	4	5
cpd05424	(3alpha,11S)-1,2-Didehydro-3,7-dimethoxycrinan-11-ol	C08517	kegg_xref	STEREO_DIFF	QAHZAHIPKNLGAS-QMJNRFBBSA-O	QAHZAHIPKNLGAS-KZRPXEQKSA-N	25092366	COc1c2c(cc3c1OCO3)[C@]13C=C[C@H](OC)C[C@H]1[N@H+](C2)C[C@H]3O	CO[C@@H]1C[C@@H]2[C@]3(C=C1)[C@H](CN2CC4=C(C5=C(C=C34)OCO5)OC)O	5	5	4	5
cpd05431	Cavinine	C08524	kegg_xref	STEREO_DIFF	GKZWOVRDMISXTE-XVOQKHCOSA-O	GKZWOVRDMISXTE-VGYNPPCGSA-N	441592	COc1c2c(cc3c1OCO3)[C@@]13[C@@H](O)C[N@@H+](C2)[C@@H]1C[C@@H](OC)[C@@H]1O[C@@H]13	CO[C@@H]1C[C@@H]2[C@@]3([C@@H](CN2CC4=C(C5=C(C=C43)OCO5)OC)O)[C@@H]6[C@H]1O6	7	7	6	7
cpd05450	Dopaxanthin	C08543	kegg_xref	STEREO_DIFF	YSNPSKZBOQYUHH-AFUNOPLTSA-M	YSNPSKZBOQYUHH-JZCSJQFLSA-N	135438589	O=C([O-])C1=C/C(=C/C=[NH+]\[C@@H](Cc2ccc(O)c(O)c2)C(=O)[O-])C[C@@H](C(=O)[O-])[NH2+]1	C\1[C@H](NC(=C/C1=C/C=N[C@@H](CC2=CC(=C(C=C2)O)O)C(=O)O)C(=O)O)C(=O)O	4	4	3	4
cpd05455	Humilixanthin	C08548	kegg_xref	STEREO_DIFF	RVPIQBBRHBAQKG-CFJJVPNFSA-M	RVPIQBBRHBAQKG-OLNLEZHNSA-N	135438590	O=C([O-])C1=C/C(=C/C=[NH+]\[C@@H](CCCO)C(=O)[O-])C[C@H](C(=O)[O-])[NH2+]1	C\1[C@@H](NC(=C/C1=C/C=N[C@@H](CCCO)C(=O)O)C(=O)O)C(=O)O	4	4	3	4
cpd05461	Miraxanthin-I	C08554	kegg_xref	STEREO_DIFF	KRWNKOCPQBHMPM-CEEUPZOTSA-M	KRWNKOCPQBHMPM-ZRHPNQROSA-N	135438591	CS(=O)CCC(/[NH+]=C\C=C1\C=C(C(=O)[O-])[NH2+]C(C(=O)[O-])C1)C(=O)[O-]	CS(=O)CCC(C(=O)O)N=C/C=C/1\CC(NC(=C1)C(=O)O)C(=O)O	2	5	1	5
cpd05462	Miraxanthin-II	C08555	kegg_xref	STEREO_DIFF	YHGOPYILBIAFGW-PVOBATAUSA-L	YHGOPYILBIAFGW-QUVVFZRVSA-N	135438592	O=C([O-])CC(/[NH+]=C\C=C1\C=C(C(=O)[O-])[NH2+]C(C(=O)[O-])C1)C(=O)[O-]	C\1C(NC(=C/C1=C/C=NC(CC(=O)O)C(=O)O)C(=O)O)C(=O)O	2	4	1	4
cpd05463	Miraxanthin-III	C08556	kegg_xref	STEREO_DIFF	LWXJBFFPVPUUSL-JEUDWDASSA-N	LWXJBFFPVPUUSL-KWVIEREISA-N	135438593	O=C([O-])C1=C/C(=C/C=[NH+]\CCc2ccc(O)cc2)CC(C(=O)[O-])[NH2+]1	C\1C(NC(=C/C1=C/C=NCCC2=CC=C(C=C2)O)C(=O)O)C(=O)O	2	3	1	3
cpd05464	Miraxanthin-V	C08557	kegg_xref	STEREO_DIFF	PDKFHZWVCCZUIF-YJHWCPSBSA-N	PDKFHZWVCCZUIF-DJSQHCOFSA-N	135438594	O=C([O-])C1=C/C(=C/C=[NH+]\CCc2ccc(O)c(O)c2)C[C@@H](C(=O)[O-])[NH2+]1	C\1C(NC(=C/C1=C/C=NCCC2=CC(=C(C=C2)O)O)C(=O)O)C(=O)O	3	3	1	3
cpd05467	Musca-aurin-II	C08560	kegg_xref	STEREO_DIFF	XWXLDVGDOHFZSG-XLBCKWNQSA-K	XWXLDVGDOHFZSG-KPRBQMARSA-N	135438596	O=C([O-])C1=C/C(=C/C=[NH+]\[C@@H](Cc2cc(C(=O)[O-])oc(=O)c2)C(=O)[O-])C[C@@H](C(=O)[O-])N1	C\1[C@H](NC(=C/C1=C/C=N[C@@H](CC2=CC(=O)OC(=C2)C(=O)O)C(=O)O)C(=O)O)C(=O)O	4	4	3	4
cpd05472	Portulacaxanthin II	C08565	kegg_xref	STEREO_DIFF	MBFJCQLVRQZZOV-MRHCINOSSA-M	MBFJCQLVRQZZOV-ZCIMJVHFSA-N	135438597	O=C([O-])C1=C/C(=C/C=[NH+]\[C@@H](Cc2ccc(O)cc2)C(=O)[O-])C[C@@H](C(=O)[O-])[NH2+]1	C\1[C@H](NC(=C/C1=C/C=N[C@@H](CC2=CC=C(C=C2)O)C(=O)O)C(=O)O)C(=O)O	4	4	3	4
cpd05473	Portulacaxanthin III	C08566	kegg_xref	STEREO_DIFF	ZZZQMKRQWYRKFG-HVXFQPPXSA-M	ZZZQMKRQWYRKFG-YPGUWSKOSA-N	135438598	O=C([O-])C/[NH+]=C\C=C1\C=C(C(=O)[O-])[NH2+][C@H](C(=O)[O-])C1	C\1[C@H](NC(=C/C1=C/C=NCC(=O)O)C(=O)O)C(=O)O	3	3	2	3
cpd05475	Vulgaxanthin-I	C08568	kegg_xref	STEREO_DIFF	PDBJJFJKNSKTSW-IRFVBRLPSA-M	PDBJJFJKNSKTSW-MEWJKSKXSA-N	135438599	NC(=O)CC[C@H](/[NH+]=C\C=C1\C=C(C(=O)[O-])[NH2+][C@H](C(=O)[O-])C1)C(=O)[O-]	C\1[C@H](NC(=C/C1=C/C=N[C@@H](CCC(=O)N)C(=O)O)C(=O)O)C(=O)O	4	4	3	4
cpd05476	Vulgaxanthin-II	C08569	kegg_xref	STEREO_DIFF	POYIZOSTYKKRNT-OILNYAPZSA-L	POYIZOSTYKKRNT-SUKFDJDASA-N	135438600	O=C([O-])CC[C@H](/[NH+]=C\C=C1\C=C(C(=O)[O-])[NH2+][C@H](C(=O)[O-])C1)C(=O)[O-]	C\1[C@H](NC(=C/C1=C/C=N[C@@H](CCC(=O)O)C(=O)O)C(=O)O)C(=O)O	4	4	3	4
cpd05688	Simalikilactone D	C08783	kegg_xref	STEREO_DIFF	OKIKYYZNNZCZRX-IZEUZPKRSA-N	OKIKYYZNNZCZRX-UWGUCYGSSA-N	441808	CC[C@@H](C)C(=O)O[C@H]1C(=O)O[C@@H]2C[C@H]3C(C)=CC(=O)[C@@H](O)[C@]3(C)[C@@H]3[C@@H](O)[C@H](O)[C@@]4(C)OC[C@@]23[C@@H]14	CC[C@@H](C)C(=O)O[C@@H]1[C@H]2[C@]3([C@H]([C@@H]([C@H]4[C@@]2(CO3)[C@@H](C[C@@H]5[C@@]4([C@@H](C(=O)C=C5C)O)C)OC1=O)O)O)C	12	12	12	12
cpd05883	Tubeimoside I	C08987	kegg_xref	STEREO_DIFF	MCPFEAJYKIXPQF-BPKNMIDHSA-N	MCPFEAJYKIXPQF-DXZAWUHFSA-N	5462420	C[C@@H]1O[C@H]2O[C@@H]3[C@@H](OC[C@H](O)[C@@H]3O)OC(=O)[C@]34CCC(C)(C)C[C@H]3C3=CC[C@@H]5[C@@]6(C)C[C@H](O)[C@H](O[C@@H]7O[C@H](CO)[C@@H](O)[C@H](O)[C@H]7O[C@@H]7OC[C@H](OC(=O)C[C@](C)(O)CC(=O)O[C@@H]1[C@@H](O[C@@H]1OC[C@@H](O)[C@H](O)[C@H]1O)[C@H]2O)[C@H](O)[C@H]7O)[C@@](C)(CO)[C@@H]6CC[C@@]5(C)[C@]3(C)CC4	C[C@H]1[C@H]2[C@H]([C@H]([C@@H](O1)O[C@@H]3[C@H]([C@H](CO[C@H]3OC(=O)[C@@]45CC[C@@]6(C(=CC[C@H]7[C@]6(CC[C@@H]8[C@@]7(C[C@@H]([C@@H]([C@@]8(C)CO)O[C@H]9[C@@H]([C@H]([C@@H]([C@H](O9)CO)O)O)O[C@H]1[C@@H]([C@H]([C@H](CO1)OC(=O)C[C@](CC(=O)O2)(C)O)O)O)O)C)C)[C@@H]4CC(CC5)(C)C)C)O)O)O)O[C@H]1[C@@H]([C@H]([C@@H](CO1)O)O)O	33	33	33	33
cpd05923	Akuammine	C09027	kegg_xref	STEREO_DIFF	YILKZADAWNUTTB-HWIVZZNESA-O	YILKZADAWNUTTB-LPYPRUTJSA-N	441978	C/C=C1/C[NH+]2CC[C@@]34c5cc(O)ccc5N(C)[C@]35OCC4(C(=O)OC)[C@@H]1C[C@H]25	CC=C1CN2CC[C@@]34C5=C(C=CC(=C5)O)N([C@@]36[C@@H]2C[C@H]1C4(CO6)C(=O)OC)C	5	7	4	6
cpd05974	Cotylenin F	C09078	kegg_xref	STEREO_DIFF	ZLOOJZZIGCIITD-LEFVLKLHSA-N	ZLOOJZZIGCIITD-RTZQVEJRSA-N	11953923	COC[C@H]1O[C@H](O[C@@H]2C3=C(C(C)C)CC[C@]3(C)/C=C3\[C@@H](CC[C@]3(O)COC)[C@@H](C)[C@H]2O)[C@H](O)[C@@H](O)[C@@H]1O[C@](C)(CO)[C@H]1CO1	C[C@@H]1[C@@H]\2CC[C@@](/C2=C/[C@]3(CCC(=C3[C@H]([C@@H]1O)O[C@@H]4[C@@H]([C@H]([C@@H]([C@H](O4)COC)O[C@](C)(CO)[C@@H]5CO5)O)O)C(C)C)C)(COC)O	14	14	14	14
cpd06247	(+)-Bebeerine	C09352	kegg_xref	STEREO_DIFF	NGZXDRGWBULKFA-IZLXSDGUSA-P	NGZXDRGWBULKFA-NSOVKSMOSA-N	12300019	COc1cc2c3cc1Oc1cc(ccc1O)C[C@H]1c4c(cc(OC)c(O)c4Oc4ccc(cc4)C[C@H]3[NH+](C)CC2)CC[NH+]1C	CN1CCC2=CC(=C3C=C2[C@@H]1CC4=CC=C(C=C4)OC5=C6[C@H](CC7=CC(=C(C=C7)O)O3)N(CCC6=CC(=C5O)OC)C)OC	2	4	2	2
cpd06438	Isochondrodendrine	C09543	kegg_xref	STEREO_DIFF	XIOGHHPVBVXQIV-HNRBIFIRSA-P	XIOGHHPVBVXQIV-VSGBNLITSA-N	197726	COc1cc2c3c(c1O)Oc1ccc(cc1)C[C@H]1c4c(cc(OC)c(O)c4Oc4ccc(cc4)C[C@H]3[NH+](C)CC2)CC[NH+]1C	CN1CCC2=CC(=C(C3=C2[C@H]1CC4=CC=C(C=C4)OC5=C6[C@@H](CC7=CC=C(O3)C=C7)N(CCC6=CC(=C5O)OC)C)O)OC	2	4	2	2
cpd06711	(2<i>S</i>)-2-[(<i>R</i>)-hydroxybenzyl]succinyl-CoA	C09819	kegg_xref	STEREO_DIFF	DVSQFPLMOLPRDU-BFUQQYMQSA-I	DVSQFPLMOLPRDU-WCROGVKBSA-N	162422377	CC(C)(COP(=O)([O-])OP(=O)([O-])OC[C@H]1O[C@@H](n2cnc3c(N)ncnc32)[C@H](O)[C@@H]1OP(=O)([O-])[O-])[C@@H](O)C(=O)NCCC(=O)NCCSC(=O)[C@H](CC(=O)[O-])[C@@H](O)c1ccccc1	CC(C)(COP(=O)(O)OP(=O)(O)OC[C@@H]1[C@H]([C@H]([C@@H](O1)N2C=NC3=C(N=CN=C32)N)O)OP(=O)(O)O)[C@H](C(=O)NCCC(=O)NCCSC(=O)[C@@H](CC(=O)O)[C@H](C4=CC=CC=C4)O)O	7	9	7	9
cpd06952	Gambogic acid	C10062	kegg_xref	STEREO_DIFF	GEZHEQNLKAOMCA-OAWOWVGUSA-M	GEZHEQNLKAOMCA-PLUQQRNKSA-N	5281632	CC(C)=CCC[C@]1(C)C=Cc2c(O)c3c(c(CC=C(C)C)c2O1)O[C@]12C(=C[C@@H]4CC1C(C)(C)OC2(C/C=C(/C)C(=O)[O-])C4=O)C3=O	CC(=CCC[C@@]1(C=CC2=C(C3=C(C(=C2O1)CC=C(C)C)O[C@@]45C6CC(C=C4C3=O)C(=O)C5(OC6(C)C)C/C=C(/C)\C(=O)O)O)C)C	4	6	3	6
cpd07730	1alphaH,5alphaH-Tropan-3alpha-ol, 6beta,7beta-epoxy-, atropate (ester)	C10844	kegg_xref	STEREO_DIFF	JJNVDCBKBUSUII-UJIFDXPISA-N	JJNVDCBKBUSUII-SVFSVNPNSA-N	442994	C=C(C(=O)O[C@@H]1CC2[C@H]3O[C@H]3C(C1)N2C)c1ccccc1	CN1C2CC(CC1[C@@H]3[C@H]2O3)OC(=O)C(=C)C4=CC=CC=C4	3	5	2	5
cpd07793	Fluthiacet-methyl	C10908	kegg_xref	STEREO_DIFF	ZCNQYNHDVRPZIH-JXAWBTAJSA-N	ZCNQYNHDVRPZIH-UHFFFAOYSA-N	93542	COC(=O)CSc1cc(/N=c2\sc(=O)n3n2CCCC3)c(F)cc1Cl	COC(=O)CSC1=C(C=C(C(=C1)N=C2N3CCCCN3C(=O)S2)F)Cl	1	1	0	1
cpd07797	Buprofezin	C10912	kegg_xref	STEREO_DIFF	PRLVTUNWOQKEAI-VKAVYKQESA-N	PRLVTUNWOQKEAI-UHFFFAOYSA-N	50367	CC(C)N1C(=O)N(c2ccccc2)CS/C1=N\C(C)(C)C	CC(C)N1C(=NC(C)(C)C)SCN(C1=O)C2=CC=CC=C2	1	1	0	1
cpd07856	Isoimide	C10971	kegg_xref	STEREO_DIFF	VZUHQRBBQSLSHS-SSZFMOIBSA-N	VZUHQRBBQSLSHS-UHFFFAOYSA-N	443039	O=C1O/C(=N\c2ccc(Br)cc2)C2=C1CCCC2	C1CCC2=C(C1)C(=NC3=CC=C(C=C3)Br)OC2=O	1	1	0	1
cpd07858	5-(4-Bromophenylimino)-3,4-tetramethylene-1,3,4-thiadiazolidin-2-one	C10973	kegg_xref	STEREO_DIFF	UXHCYSLUHBOEGI-KAMYIIQDSA-N	UXHCYSLUHBOEGI-UHFFFAOYSA-N	443041	O=c1s/c(=N\c2ccc(Br)cc2)n2n1CCCC2	C1CCN2C(=O)SC(=NC3=CC=C(C=C3)Br)N2C1	1	1	0	1
cpd07862	5-(4-Bromophenylimino)-3,4-tetramethylene-1,3,4-thiadiazolidine-2- thione	C10977	kegg_xref	STEREO_DIFF	ICRCGJXKHDVZBV-KAMYIIQDSA-N	ICRCGJXKHDVZBV-UHFFFAOYSA-N	443045	S=c1s/c(=N\c2ccc(Br)cc2)n2n1CCCC2	C1CCN2C(=S)SC(=NC3=CC=C(C=C3)Br)N2C1	1	1	0	1
cpd07880	Amitraz	C10995	kegg_xref	STEREO_DIFF	QXAITBQSYVNQDR-ZIOPAAQOSA-P	QXAITBQSYVNQDR-UHFFFAOYSA-N	36324	Cc1ccc(/[NH+]=C/N(C)/C=[NH+]/c2ccc(C)cc2C)c(C)c1	CC1=CC(=C(C=C1)N=CN(C)C=NC2=C(C=C(C=C2)C)C)C	2	2	0	2
cpd07911	Coumaphos anti-dimer	C11026	kegg_xref	STEREO_DIFF	KPPSNIXPCINDBZ-HFLBTKGNSA-N	KPPSNIXPCINDBZ-UHFFFAOYSA-N	365489	CCOP(=S)(OCC)Oc1ccc2c(c1)OC(=O)[C@]1(Cl)[C@]2(C)[C@]2(Cl)C(=O)Oc3cc(OP(=S)(OCC)OCC)ccc3[C@@]12C	CCOP(=S)(OCC)OC1=CC2=C(C=C1)C3(C(C(=O)O2)(C4(C3(C(=O)OC5=C4C=CC(=C5)OP(=S)(OCC)OCC)Cl)C)Cl)C	4	4	0	4
cpd07912	Coumaphos syn-dimer	C11027	kegg_xref	STEREO_DIFF	KPPSNIXPCINDBZ-ZVBOOHQUSA-N	KPPSNIXPCINDBZ-UHFFFAOYSA-N	365489	CCOP(=S)(OCC)Oc1ccc2c(c1)OC(=O)[C@]1(Cl)[C@@]2(C)[C@]2(Cl)C(=O)Oc3cc(OP(=S)(OCC)OCC)ccc3[C@]12C	CCOP(=S)(OCC)OC1=CC2=C(C=C1)C3(C(C(=O)O2)(C4(C3(C(=O)OC5=C4C=CC(=C5)OP(=S)(OCC)OCC)Cl)C)Cl)C	4	4	0	4
cpd08341	(2R,2'R)-3,3'-disulfanediylbis{2-(acetylamino)-N-[(2R,3R,4R,5S,6R)-4,5-dihydroxy-6-(hydroxymethyl)-2-{[(1S,2R,3R,4S,5S,6R)-2,3,4,5,6-pentahydroxycyclohexyl]oxy}tetrahydro-2H-pyran-3-yl]propanamide}	xref_resolved:chebi_xref=CHEBI:16086->CID11320601(STEREO_DIFF)	xref_resolved	STEREO_DIFF	YKSIHFDRGQQOCJ-FFZQLSOYSA-N	YKSIHFDRGQQOCJ-NSPRRIPUSA-N	11320601	CC(=O)N[C@@H](CSSC[C@H](NC(C)=O)C(=O)N[C@H]1[C@@H](O[C@@H]2[C@H](O)[C@H](O)[C@@H](O)[C@H](O)[C@H]2O)O[C@H](CO)[C@@H](O)[C@@H]1O)C(=O)N[C@H]1[C@@H](O[C@@H]2[C@H](O)[C@H](O)[C@@H](O)[C@H](O)[C@H]2O)O[C@H](CO)[C@@H](O)[C@@H]1O	CC(=O)N[C@@H](CSSC[C@@H](C(=O)N[C@@H]1[C@H]([C@@H]([C@H](O[C@@H]1OC2[C@@H]([C@H](C([C@H]([C@H]2O)O)O)O)O)CO)O)O)NC(=O)C)C(=O)N[C@@H]3[C@H]([C@@H]([C@H](O[C@@H]3OC4[C@@H]([C@H](C([C@H]([C@H]4O)O)O)O)O)CO)O)O	24	24	20	24
cpd08361	(1r,2R,3S,4s,5R,6S)-2,3,4,5,6-pentakis(phosphonooxy)cyclohexyl trihydrogen diphosphate	xref_resolved:chebi_xref=CHEBI:58628->CID25201153(STEREO_DIFF)	xref_resolved	STEREO_DIFF	UPHPWXPNZIOZJL-KXXVROSKSA-B	UPHPWXPNZIOZJL-UYSNGIAKSA-A	25201153	O=P([O-])([O-])O[C@H]1[C@@H](OP(=O)([O-])[O-])[C@H](OP(=O)([O-])[O-])[C@@H](OP(=O)([O-])OP(=O)([O-])O)[C@H](OP(=O)([O-])[O-])[C@H]1OP(=O)([O-])[O-]	[C@H]1([C@H](C([C@H]([C@@H](C1OP(=O)([O-])[O-])OP(=O)([O-])[O-])OP(=O)([O-])[O-])OP(=O)([O-])OP(=O)([O-])[O-])OP(=O)([O-])[O-])OP(=O)([O-])[O-]	6	8	4	7
cpd08472	7-Epiloganic acid	C11661	kegg_xref	STEREO_DIFF	JNNGEAWILNVFFD-QXYRDGMJSA-M	JNNGEAWILNVFFD-DXNVVGTLSA-N	443342	C[C@H]1[C@H]2[C@H](O[C@@H]3O[C@H](CO)[C@@H](O)[C@H](O)[C@H]3O)OC=C(C(=O)[O-])[C@H]2C[C@H]1O	C[C@H]1[C@@H](C[C@H]2[C@@H]1[C@@H](OC=C2C(=O)O)O[C@H]3[C@@H]([C@H]([C@@H]([C@H](O3)CO)O)O)O)O	10	10	10	10
cpd08531	Candoxatrilat	C11721	kegg_xref	STEREO_DIFF	ACZWIDANLCXHBM-SKBLSWPDSA-L	ACZWIDANLCXHBM-UHFFFAOYSA-N	123697	COCCOCC(CC1(C(=O)N[C@H]2CC[C@@H](C(=O)[O-])CC2)CCCC1)C(=O)[O-]	COCCOCC(CC1(CCCC1)C(=O)NC2CCC(CC2)C(=O)O)C(=O)O	2	3	0	3
cpd08539	Foscan	C11730	kegg_xref	STEREO_DIFF	LYPFDBRUNKHDGX-LWQDQPMZSA-N	LYPFDBRUNKHDGX-UHFFFAOYSA-N	60751	Oc1cccc(-c2c3nc(c(-c4cccc(O)c4)c4ccc([nH]4)c(-c4cccc(O)c4)c4nc(c(-c5cccc(O)c5)c5ccc2[nH]5)CC4)C=C3)c1	C1CC2=NC1=C(C3=CC=C(N3)C(=C4C=CC(=N4)C(=C5C=CC(=C2C6=CC(=CC=C6)O)N5)C7=CC(=CC=C7)O)C8=CC(=CC=C8)O)C9=CC(=CC=C9)O	0	0	0	0
cpd08597	Etorphine	C11793	kegg_xref	STEREO_DIFF	CAHCBJPUTCKATP-NNFUYEGGSA-O	CAHCBJPUTCKATP-FAWZKKEFSA-N	644209	CCC[C@](C)(O)[C@H]1C[C@@]23C=C[C@]1(OC)[C@@H]1Oc4c(O)ccc5c4[C@@]12CC[N@H+](C)[C@@H]3C5	CCC[C@](C)([C@H]1C[C@@]23C=C[C@@]1([C@H]4[C@@]25CCN([C@@H]3CC6=C5C(=C(C=C6)O)O4)C)OC)O	8	8	7	7
cpd08629	13(1)-Hydroxy-Mg-protoporphyrin IX 13-monomethyl ester	C11829	kegg_xref	STEREO_DIFF	MVCDIAGKFJFPBB-JXBSUKTBSA-L	MVCDIAGKFJFPBB-UHFFFAOYSA-M	443425	C=CC1=C(C)C2=N/C1=C\c1c(C)c(C(O)CC(=O)OC)c3n1[Mg]n1/c(c(C)c(C=C)/c1=C/2)=C\C1=N/C(=C\3)C(CCC(=O)[O-])=C1C	CC1=C(C2=CC3=NC(=CC4=C(C(=C([N-]4)C=C5C(=C(C(=N5)C=C1[N-]2)C)CCC(=O)O)C(CC(=O)OC)O)C)C(=C3C)C=C)C=C.[Mg+2]	4	5	0	1
cpd08631	2,4-Divinylprotochlorophyllide	C11831	kegg_xref	STEREO_DIFF	YXBIPIDDNARELO-KKNVGXODSA-K	YXBIPIDDNARELO-JSSVAETHSA-L	443429	C=CC1=C(C)C2=N/C1=C\c1c(C)c3c4n1[Mg]n1/c(c(C)c(C=C)/c1=C/2)=C\C1=N/C(=C\4[C@@H](C(=O)OC)C3=O)C(CCC(=O)[O-])=C1C	CC1=C(C2=CC3=NC(=CC4=C(C5=C([N-]4)C(=C6C(=C(C(=N6)C=C1[N-]2)C)CCC(=O)O)[C@H](C5=O)C(=O)OC)C)C(=C3C)C=C)C=C.[Mg+2]	5	5	1	1
cpd08654	Gibberellin A6	C11856	kegg_xref	STEREO_DIFF	XNBWKKYPKJHUKD-AXLMTQBOSA-M	XNBWKKYPKJHUKD-JXHFLFEZSA-N	443449	C=C1C[C@]23C[C@@]1(O)CC[C@H]2[C@@]12C[C@@H]4O[C@@H]4[C@](C)(C(=O)O1)[C@H]2[C@@H]3C(=O)[O-]	CC12[C@H]3[C@@H]([C@@]45CC(=C)[C@@](C4)(CC[C@H]5[C@@]3(C[C@H]6[C@@H]1O6)OC2=O)O)C(=O)O	9	9	8	9
cpd08664	2,3-Dehydro-gibberellin A9	C11866	kegg_xref	STEREO_DIFF	NJHXRWOUQCGQAV-PKZSZHAESA-M	NJHXRWOUQCGQAV-MMZROTCTSA-N	443459	C=C1C[C@]23C[C@H]1CC[C@H]2[C@@]12CC=C[C@](C)(C(=O)O1)[C@H]2[C@@H]3C(=O)[O-]	CC12C=CC[C@@]3([C@@H]1[C@@H]([C@]45[C@H]3CC[C@H](C4)C(=C)C5)C(=O)O)OC2=O	7	7	6	7
cpd08808	Chloroeremomycin	xref_resolved:chebi_xref=CHEBI:85488->CID91825621(STEREO_DIFF)	xref_resolved	STEREO_DIFF	XJHXLMVKYIVZTE-QNFIFJGWSA-P	XJHXLMVKYIVZTE-LOALFDMRSA-P	91825621	C[NH2+][C@H](CC(C)C)C(=O)N[C@H]1C(=O)N[C@@H](CC(N)=O)C(=O)N[C@H]2C(=O)N[C@H]3C(=O)N[C@H](C(=O)N[C@@H](C(=O)[O-])c4cc(O)cc(O)c4-c4cc3ccc4O)[C@H](O[C@H]3C[C@](C)([NH3+])[C@@H](O)[C@H](C)O3)c3ccc(c(Cl)c3)Oc3cc2cc(c3O[C@@H]2O[C@H](CO)[C@@H](O)[C@H](O)[C@H]2O[C@H]2C[C@](C)([NH3+])[C@@H](O)[C@H](C)O2)Oc2ccc(cc2Cl)[C@H]1O	C[C@H]1[C@@H]([C@@](C[C@@H](O1)O[C@@H]2[C@H]([C@@H]([C@H](O[C@H]2OC3=C4C=C5C=C3OC6=C(C=C(C=C6)[C@H]([C@H]7C(=O)N[C@@H](C8=C(C(=CC(=C8)O)O)C9=C(C=CC(=C9)[C@H](C(=O)N7)NC(=O)[C@@H]5NC(=O)[C@@H](NC(=O)[C@@H]([C@@H](C1=CC(=C(O4)C=C1)Cl)O)NC(=O)[C@@H](CC(C)C)[NH2+]C)CC(=O)N)O)C(=O)[O-])O[C@H]1C[C@]([C@H]([C@@H](O1)C)O)(C)[NH3+])Cl)CO)O)O)(C)[NH3+])O	22	22	22	22
cpd08827	Chlorobiphenyl-desleucyl-vancomycin	C12036	kegg_xref	STEREO_DIFF	AAPHCFFPXJQKHX-GLHDJCOUSA-O	AAPHCFFPXJQKHX-XDMXBEBWSA-N	16152970	C[C@@H]1O[C@@H](O[C@H]2[C@H](Oc3c4cc5cc3Oc3ccc(cc3Cl)[C@@H](O)[C@@H]([NH3+])C(=O)N[C@@H](CC(N)=O)C(=O)N[C@H]5C(=O)N[C@H]3C(=O)N[C@H](C(=O)N[C@@H](C(=O)[O-])c5cc(O)cc(O)c5-c5cc3ccc5O)[C@H](O)c3ccc(c(Cl)c3)O4)O[C@H](CO)[C@@H](O)[C@@H]2O)C[C@](C)([NH2+]Cc2ccc(-c3ccc(Cl)cc3)cc2)[C@@H]1O	C[C@H]1[C@H]([C@@](C[C@@H](O1)O[C@@H]2[C@H]([C@@H]([C@H](O[C@H]2OC3=C4C=C5C=C3OC6=C(C=C(C=C6)[C@H]([C@H]7C(=O)N[C@@H](C8=C(C(=CC(=C8)O)O)C9=C(C=CC(=C9)[C@H](C(=O)N7)NC(=O)[C@@H]5NC(=O)[C@@H](NC(=O)[C@@H]([C@@H](C1=CC(=C(O4)C=C1)Cl)O)N)CC(=O)N)O)C(=O)O)O)Cl)CO)O)O)(C)NCC1=CC=C(C=C1)C1=CC=C(C=C1)Cl)O	17	17	17	17
cpd08932	Mycolactone	C12151	kegg_xref	STEREO_DIFF	WKTLNJXZVDLRTJ-NVMPMOQHSA-N	WKTLNJXZVDLRTJ-QRRXZRELSA-N	5282079	CC(=C\C=C\C(C)=C\[C@H](O)[C@@H](O)C[C@H](C)O)/C=C(C)/C=C/C(=O)O[C@H]1CCCC(=O)O[C@H]([C@@H](C)C/C(C)=C/[C@@H](C)[C@H](O)C[C@@H](C)O)C/C=C(\C)C[C@@H]1C	C[C@H]1C/C(=C/C[C@@H](OC(=O)CCC[C@@H]1OC(=O)/C=C/C(=C/C(=C/C=C/C(=C/[C@@H]([C@H](C[C@H](C)O)O)O)/C)/C)/C)[C@@H](C)C/C(=C/[C@@H](C)[C@@H](C[C@@H](C)O)O)/C)/C	17	17	17	17
cpd08945	Bulbispermine	C12164	kegg_xref	STEREO_DIFF	KWAOMPWGIIXDPH-LTTZEQNMSA-O	KWAOMPWGIIXDPH-MVWHLILJSA-N	443670	O[C@@H]1C[N@@H+]2Cc3cc4c(cc3[C@]13C=C[C@H](O)C[C@H]23)OCO4	C1[C@H](C=C[C@]23[C@H]1N(C[C@@H]2O)CC4=CC5=C(C=C34)OCO5)O	5	5	4	5
cpd09230	Nateglinide	C12508	kegg_xref	STEREO_DIFF	OELFLUMRDSZNSF-BRWVUGGUSA-M	OELFLUMRDSZNSF-OFLPRAFFSA-N	5311309	CC(C)[C@H]1CC[C@H](C(=O)N[C@H](Cc2ccccc2)C(=O)[O-])CC1	CC(C)C1CCC(CC1)C(=O)N[C@H](CC2=CC=CC=C2)C(=O)O	3	3	1	3
cpd09394	Betadex	C13183	kegg_xref	STEREO_DIFF	WHGYBXFWUBPSRW-OMSKNMJKSA-N	WHGYBXFWUBPSRW-FOUAGVGXSA-N	444041	OC[C@H]1O[C@@H]2O[C@H]3[C@H](O)[C@@H](O)[C@@H](O[C@H]4[C@H](O)[C@@H](O)[C@@H](O[C@H]5[C@H](O)[C@@H](O)[C@@H](O[C@H]6[C@H](O)[C@@H](O)[C@@H](O[C@H]7[C@H](O)[C@@H](O)[C@@H](O[C@H]8[C@H](O)[C@@H](O)[C@@H](O[C@@H]1[C@H](O)[C@H]2O)O[C@@H]8CO)O[C@@H]7CO)O[C@@H]6CO)O[C@@H]5CO)O[C@@H]4CO)O[C@@H]3CO	C([C@@H]1[C@@H]2[C@@H]([C@H]([C@H](O1)O[C@@H]3[C@H](O[C@@H]([C@@H]([C@H]3O)O)O[C@@H]4[C@H](O[C@@H]([C@@H]([C@H]4O)O)O[C@@H]5[C@H](O[C@@H]([C@@H]([C@H]5O)O)O[C@@H]6[C@H](O[C@@H]([C@@H]([C@H]6O)O)O[C@@H]7[C@H](O[C@@H]([C@@H]([C@H]7O)O)O[C@@H]8[C@H](O[C@H](O2)[C@@H]([C@H]8O)O)CO)CO)CO)CO)CO)CO)O)O)O	35	35	35	35
cpd09471	Teicoplanin A3-1	C13613	kegg_xref	STEREO_DIFF	SUFIXUDUKRJOBH-WTFWTRATSA-M	SUFIXUDUKRJOBH-JSMFNTJWSA-N	16152170	CC(=O)N[C@H]1[C@H](O[C@@H]2c3ccc(c(Cl)c3)Oc3cc4cc(c3[O-])Oc3ccc(cc3Cl)C[C@H]3NC(=O)[C@H]([NH3+])c5ccc(O)c(c5)Oc5cc(O)cc(c5)[C@H](NC3=O)C(=O)N[C@H]4C(=O)N[C@H]3C(=O)N[C@@H]2C(=O)N[C@@H](C(=O)[O-])c2cc(O)cc(O[C@H]4O[C@H](CO)[C@@H](O)[C@H](O)[C@@H]4O)c2-c2cc3ccc2O)O[C@H](CO)[C@@H](O)[C@@H]1O	CC(=O)N[C@@H]1[C@H]([C@@H]([C@H](O[C@H]1O[C@H]2[C@H]3C(=O)N[C@@H](C4=C(C(=CC(=C4)O)O[C@@H]5[C@H]([C@H]([C@@H]([C@H](O5)CO)O)O)O)C6=C(C=CC(=C6)[C@H](C(=O)N3)NC(=O)[C@H]7C8=CC(=C(C(=C8)OC9=C(C=C2C=C9)Cl)O)OC1=C(C=C(C[C@@H]2C(=O)N[C@@H](C3=CC(=CC(=C3)OC3=C(C=CC(=C3)[C@H](C(=O)N2)N)O)O)C(=O)N7)C=C1)Cl)O)C(=O)O)CO)O)O	18	18	18	18
cpd09500	Tropisetron	C13666	kegg_xref	STEREO_DIFF	ZNRGQMMCGHDTEI-ITGUQSILSA-O	ZNRGQMMCGHDTEI-FUNVUKJBSA-N	656665	C[NH+]1[C@@H]2CC[C@H]1C[C@@H](OC(=O)c1c[nH]c3ccccc13)C2	CN1[C@@H]2CC[C@H]1CC(C2)OC(=O)C3=CNC4=CC=CC=C43	3	4	2	3
cpd09574	PPADS	C13745	kegg_xref	STEREO_DIFF	PNFZSRRRZNXSMF-WUKNDPDISA-I	PNFZSRRRZNXSMF-UHFFFAOYSA-N	4881	Cc1nc(/N=N/c2ccc(S(=O)(=O)[O-])cc2S(=O)(=O)[O-])c(COP(=O)([O-])[O-])c(C=O)c1[O-]	CC1=C(C(=C(C(=N1)N=NC2=C(C=C(C=C2)S(=O)(=O)O)S(=O)(=O)O)COP(=O)(O)O)C=O)O	1	1	0	1
cpd09606	6,10-Diaza-3(1,3)8,(1,4)-dibenzena-1,5(1,4)- diquinolinacyclodecaphane	C13783	kegg_xref	STEREO_DIFF	HZWVJPDDZQOYGA-QUTRQNJUSA-P	HZWVJPDDZQOYGA-UHFFFAOYSA-P	656733	c1cc2cc(c1)C[n+]1ccc(c3ccccc31)NCc1ccc(cc1)CNc1cc[n+](c3ccccc13)C2	C1C2=CC=C(CNC3=CC=[N+](CC4=CC=CC(=C4)C[N+]5=CC=C(N1)C6=CC=CC=C65)C7=CC=CC=C37)C=C2	0	0	0	0
cpd09666	CP 339818	C13847	kegg_xref	STEREO_DIFF	MMGAVKCAGQCFHS-XDOYNYLZSA-O	MMGAVKCAGQCFHS-UHFFFAOYSA-N	656767	CCCCC/[NH+]=c1/ccn(Cc2ccccc2)c2ccccc12	CCCCCN=C1C=CN(C2=CC=CC=C12)CC3=CC=CC=C3	1	1	0	1
cpd09697	(2R)-3-(hexadecanoyloxy)-2-[(9Z)-octadec-9-enoyloxy]propyl (1S,2R,3R,4S,5S,6R)-2,3,4,5,6-pentahydroxycyclohexyl phosphate	xref_resolved:chebi_xref=CHEBI:72837->CID71296231(STEREO_DIFF)	xref_resolved	STEREO_DIFF	PDLAMJKMOKWLAJ-NSQTWWIKSA-M	PDLAMJKMOKWLAJ-ZNHRTHKOSA-M	71296231	CCCCCCCC/C=C\CCCCCCCC(=O)O[C@H](COC(=O)CCCCCCCCCCCCCCC)COP(=O)([O-])O[C@@H]1[C@H](O)[C@H](O)[C@@H](O)[C@H](O)[C@H]1O	CCCCCCCCCCCCCCCC(=O)OC[C@H](COP(=O)([O-])OC1[C@@H]([C@H](C([C@H]([C@H]1O)O)O)O)O)OC(=O)CCCCCCC/C=C\CCCCCCCC	8	9	6	9
cpd09758	Cefotetan disodium	C14007	kegg_xref	STEREO_DIFF	ZQQALMSFFARWPK-GLHLDKNHSA-L	ZQQALMSFFARWPK-ZTQQJVKJSA-L	53024	CO[C@@]1(NC(=O)C2SC(=C(C(N)=O)C(=O)[O-])S2)C(=O)N2C(C(=O)[O-])=C(CSc3nnnn3C)CS[C@@H]21.[Na+].[Na+]	CN1C(=NN=N1)SCC2=C(N3[C@@H]([C@@](C3=O)(NC(=O)C4SC(=C(C(=O)N)C(=O)[O-])S4)OC)SC2)C(=O)[O-].[Na+].[Na+]	2	4	2	4
cpd10316	Chrysoidine free base	C14617	kegg_xref	STEREO_DIFF	IWRVPXDHSLTIOC-FOCLMDBBSA-N	IWRVPXDHSLTIOC-UHFFFAOYSA-N	10317	Nc1ccc(/N=N/c2ccccc2)c(N)c1	C1=CC=C(C=C1)N=NC2=C(C=C(C=C2)N)N	1	1	0	1
cpd10325	2'-Carboxy-4-[bis(2-chloroethyl)amino]-2-methylazobenzene	C14626	kegg_xref	STEREO_DIFF	JRQFCUCILBFUNR-QURGRASLSA-M	JRQFCUCILBFUNR-UHFFFAOYSA-N	20191	Cc1cc(N(CCCl)CCCl)ccc1/N=N/c1ccccc1C(=O)[O-]	CC1=C(C=CC(=C1)N(CCCl)CCCl)N=NC2=CC=CC=C2C(=O)O	1	1	0	1
cpd10425	(2S,12Z,14E,16S,17S,18R,19R,20R,21S,22R,23S,24E)-21-(acetyloxy)-6,9,17,19,23-pentahydroxy-2,4,12,16,18,20,22-heptamethyl-1,11-dioxo-1,2-dihydro-2,7-(epoxypentadeca[1,11,13]trienoimino)naphtho[2,1-b]furan-5-olate	xref_resolved:chebi_xref=CHEBI:84572->CID25244479(STEREO_DIFF)	xref_resolved	STEREO_DIFF	OBIXNJCNRZELPA-UPUMJZKOSA-N	OBIXNJCNRZELPA-FFICIXETSA-M	25244479	CC(=O)O[C@H]1[C@H](C)[C@H](O)[C@H](C)[C@@H](O)[C@@H](C)/C=C/C=C(/C)C(=O)Nc2cc(O)c3c4c(c(C)c(O)c3c2O)O[C@](C)(O/C=C/[C@H](O)[C@H]1C)C4=O	C[C@H]1/C=C/C=C(\C(=O)NC2=CC(=C3C(=C2O)C(=C(C4=C3C(=O)[C@](O4)(O/C=C/[C@@H]([C@H]([C@H]([C@@H]([C@@H]([C@@H]([C@H]1O)C)O)C)OC(=O)C)C)O)C)C)[O-])O)/C	12	12	12	12
cpd10443	Chlordimeform	C14746	kegg_xref	STEREO_DIFF	STUSTWKEFDQFFZ-KPKJPENVSA-O	STUSTWKEFDQFFZ-UHFFFAOYSA-N	22544	Cc1cc(Cl)ccc1/[NH+]=C/N(C)C	CC1=C(C=CC(=C1)Cl)N=CN(C)C	1	1	0	1
cpd10625	17-[[3-(1-Pyrrolidinyl)propyl]imino]androst-5-en-3beta-ol acetate	C14928	kegg_xref	STEREO_DIFF	GHSYWLKHFMASTM-SWTXWOMWSA-O	GHSYWLKHFMASTM-FEZCWRLCSA-N	252290	CC(=O)O[C@H]1CC[C@@]2(C)C(=CC[C@@H]3[C@@H]2CC[C@]2(C)/C(=N/CCC[NH+]4CCCC4)CC[C@@H]32)C1	CC(=O)O[C@H]1CC[C@@]2([C@H]3CC[C@]4([C@H]([C@@H]3CC=C2C1)CCC4=NCCCN5CCCC5)C)C	7	7	6	7
cpd10645	3-[(2,6-Dichlorobenzylidene)amino]-6H-dibenzo[b,d]pyran-6-one	C14949	kegg_xref	STEREO_DIFF	VVHLUWPBNLMWJB-FOKLQQMPSA-N	VVHLUWPBNLMWJB-UHFFFAOYSA-N	249680	O=c1oc2cc(/N=C/c3c(Cl)cccc3Cl)ccc2c2ccccc12	C1=CC=C2C(=C1)C3=C(C=C(C=C3)N=CC4=C(C=CC=C4Cl)Cl)OC2=O	1	1	0	1
cpd10646	3-[(2,4-Dichlorobenzylidene)amino]-6H-dibenzo[b,d]pyran-6-one	C14950	kegg_xref	STEREO_DIFF	LHPIPCCMOMTVQL-FOKLQQMPSA-N	LHPIPCCMOMTVQL-UHFFFAOYSA-N	249679	O=c1oc2cc(/N=C/c3ccc(Cl)cc3Cl)ccc2c2ccccc12	C1=CC=C2C(=C1)C3=C(C=C(C=C3)N=CC4=C(C=C(C=C4)Cl)Cl)OC2=O	1	1	0	1
cpd10647	3-[(2-Chlorobenzylidene)amino]-6H-dibenzo[b,d]pyran-6-one	C14951	kegg_xref	STEREO_DIFF	ZKALLZGPPRUEMZ-WSDLNYQXSA-N	ZKALLZGPPRUEMZ-UHFFFAOYSA-N	249677	O=c1oc2cc(/N=C/c3ccccc3Cl)ccc2c2ccccc12	C1=CC=C(C(=C1)C=NC2=CC3=C(C=C2)C4=CC=CC=C4C(=O)O3)Cl	1	1	0	1
cpd10908	1alpha,2alpha,3beta,4alpha,5beta,6beta-Hexachlorocyclohexane	C15214	kegg_xref	STEREO_DIFF	JLYXXMFPNIAWKQ-LKPKBOIGSA-N	JLYXXMFPNIAWKQ-UHFFFAOYSA-N	727	Cl[C@H]1[C@H](Cl)[C@H](Cl)[C@@H](Cl)[C@H](Cl)[C@H]1Cl	C1(C(C(C(C(C1Cl)Cl)Cl)Cl)Cl)Cl	6	6	0	6
cpd11214	(2Z,6Z,10Z,14Z,18Z,22Z,26Z,30Z,34E,38E)-3,7,11,15,19,23,27,31,35,39,43-undecamethyltetratetraconta-2,6,10,14,18,22,26,30,34,38,42-undecaen-1-yl D-mannopyranosyl phosphate	xref_resolved:chebi_xref=CHEBI:61761->CID44229190(STEREO_DIFF)	xref_resolved	STEREO_DIFF	IGWCSVFNNDSUBK-OQYZAPKFSA-M	IGWCSVFNNDSUBK-WFOXJJRZSA-M	44229190	CC(C)=CCC/C(C)=C/CC/C(C)=C/CC/C(C)=C\CC/C(C)=C\CC/C(C)=C\CC/C(C)=C\CC/C(C)=C\CC/C(C)=C\CC/C(C)=C\CC/C(C)=C\COP(=O)([O-])O[C@@H]1O[C@H](CO)[C@@H](O)[C@H](O)[C@@H]1O	CC(=CCC/C(=C/CC/C(=C/CC/C(=C\CC/C(=C\CC/C(=C\CC/C(=C\CC/C(=C\CC/C(=C\CC/C(=C\CC/C(=C\COP(=O)([O-])OC1[C@H]([C@H]([C@@H]([C@H](O1)CO)O)O)O)/C)/C)/C)/C)/C)/C)/C)/C)/C)/C)C	15	16	14	16
cpd11301	(1R,2R,3R,4R,5R,6S)-2,3,4,5,6-pentahydroxycyclohexyl 2-azaniumyl-2-deoxy-alpha-D-glucopyranoside	xref_resolved:chebi_xref=CHEBI:58700->CID45266732(STEREO_DIFF)	xref_resolved	STEREO_DIFF	HEPUIGACZYVUCD-YZRQSVRMSA-O	HEPUIGACZYVUCD-PGVKBZDESA-O	45266732	[NH3+][C@H]1[C@@H](O[C@H]2[C@H](O)[C@H](O)[C@H](O)[C@@H](O)[C@@H]2O)O[C@H](CO)[C@@H](O)[C@@H]1O	C([C@@H]1[C@H]([C@@H]([C@H]([C@H](O1)OC2[C@@H]([C@@H](C([C@H]([C@@H]2O)O)O)O)O)[NH3+])O)O)O	11	11	9	11
cpd11364	Nostocyclopeptide A1	C15723	kegg_xref	STEREO_DIFF	TZHROWIOAVYSMP-DOPKCXIESA-N	TZHROWIOAVYSMP-NMMVZENQSA-N	10652683	CC[C@H](C)[C@@H]1NC(=O)[C@@H](CCC(N)=O)NC(=O)CNC(=O)[C@H](Cc2ccc(O)cc2)/N=C/[C@H](CC(C)C)NC(=O)[C@@H]2C[C@H](C)CN2C(=O)[C@H](CO)NC1=O	CC[C@H](C)[C@H]1C(=O)N[C@H](C(=O)N2C[C@H](C[C@H]2C(=O)N[C@H](C=N[C@H](C(=O)NCC(=O)N[C@@H](C(=O)N1)CCC(=O)N)CC3=CC=C(C=C3)O)CC(C)C)C)CO	9	9	8	9
cpd12862	(S)-3-hydroxy-3-phenylpropanoyl-CoA	beta-hydroxyphenyl-propionyl-CoA	name_lookup	STEREO_DIFF	AAZZVFONLHYNDZ-UGDQNKSBSA-J	AAZZVFONLHYNDZ-NVQRUNIKSA-J	70680322	CC(C)(COP(=O)([O-])OP(=O)([O-])OC[C@H]1O[C@@H](n2cnc3c(N)ncnc32)[C@H](O)[C@@H]1OP(=O)([O-])[O-])[C@@H](O)C(=O)NCCC(=O)NCCSC(=O)C[C@H](O)c1ccccc1	CC(C)(COP(=O)([O-])OP(=O)([O-])OC[C@@H]1[C@H]([C@H]([C@@H](O1)N2C=NC3=C(N=CN=C32)N)O)OP(=O)([O-])[O-])[C@H](C(=O)NCCC(=O)NCCSC(=O)CC(C4=CC=CC=C4)O)O	6	8	5	8
cpd14584	(<i>E</i>)-(4-aminobutylidene)(3-aminopropyl)amine	xref_resolved:chebi_xref=CHEBI:58732->CID45266746(STEREO_DIFF)	xref_resolved	STEREO_DIFF	YAVLYBVKPXLZEQ-UXBLZVDNSA-Q	YAVLYBVKPXLZEQ-UHFFFAOYSA-Q	45266746	[NH3+]CCC/C=[NH+]/CCC[NH3+]	C(CC=[NH+]CCC[NH3+])C[NH3+]	1	1	0	1
cpd14714	1D-<i>myo</i>-inositol (1,2,3,4,6)-penta<i>kis</i>phosphate	xref_resolved:chebi_xref=CHEBI:57257->CID23615305(STEREO_DIFF)	xref_resolved	STEREO_DIFF	CTPQAXVNYGZUAJ-QWBQGLJISA-D	CTPQAXVNYGZUAJ-UYSNGIAKSA-D	23615305	O=P([O-])([O-])O[C@H]1[C@@H](OP(=O)([O-])[O-])[C@H](OP(=O)([O-])[O-])[C@@H](O)[C@H](OP(=O)([O-])[O-])[C@H]1OP(=O)([O-])[O-]	[C@H]1([C@H](C([C@H]([C@@H](C1O)OP(=O)([O-])[O-])OP(=O)([O-])[O-])OP(=O)([O-])[O-])OP(=O)([O-])[O-])OP(=O)([O-])[O-]	6	6	4	6
cpd14901	beta-2,3,4,5,6-Pentachlorocyclohexanol	C16181	kegg_xref	STEREO_DIFF	DOMHZVJNLCAZSA-CDRYSYESSA-N	DOMHZVJNLCAZSA-UYSNGIAKSA-N	9543415	O[C@@H]1[C@@H](Cl)[C@H](Cl)[C@@H](Cl)[C@H](Cl)[C@H]1Cl	[C@H]1([C@H](C([C@H]([C@@H](C1O)Cl)Cl)Cl)Cl)Cl	6	6	4	6
cpd14902	beta-2,3,5,6-Tetrachloro-1,4-cyclohexanediol	C16182	kegg_xref	STEREO_DIFF	HEKABVPXDRPMAT-HYDKFDCNSA-N	HEKABVPXDRPMAT-FYRFQUNGSA-N	23724653	O[C@@H]1[C@@H](Cl)[C@H](Cl)[C@@H](O)[C@H](Cl)[C@H]1Cl	[C@H]1([C@H](C([C@H]([C@@H](C1O)Cl)Cl)O)Cl)Cl	6	6	4	6
cpd14977	(24R)-3alpha,7alpha,12alpha,24,26-pentahydroxy-5beta-cholestan-27-yl sulfate	xref_resolved:chebi_xref=CHEBI:58808->CID46224559(STEREO_DIFF)	xref_resolved	STEREO_DIFF	JKUSPYUETNXNRO-OOQSZNCVSA-M	JKUSPYUETNXNRO-JWBDLDPOSA-M	46224559	C[C@H](CC[C@@H](O)C(CO)COS(=O)(=O)[O-])[C@H]1CC[C@H]2[C@@H]3[C@H](O)C[C@@H]4C[C@H](O)CC[C@]4(C)[C@H]3C[C@H](O)[C@]12C	C[C@H](CC[C@H](C(CO)COS(=O)(=O)[O-])O)[C@H]1CC[C@@H]2[C@@]1([C@H](CC3[C@H]2[C@@H](C[C@H]4[C@@]3(CC[C@H](C4)O)C)O)O)C	12	13	11	13
cpd15455	(enterobacterial common antigen)2 undecaprenyl-diphosphate	(enterobacterial common antigen)2 undecaprenyl-diphosphate	name_lookup	STEREO_DIFF	MZJZIKXMNHVIKT-RKYRIBGOSA-J	MZJZIKXMNHVIKT-HRNWXFDPSA-J	135397985	CC(=O)N[C@@H]1[C@H](O[C@H]2[C@H](O)[C@@H](NC(C)=O)[C@@H](O[C@@H]3[C@@H](O)[C@@H](O[C@H]4[C@H](O)[C@H](NC(C)=O)[C@H](O[C@H]5[C@H](O)[C@@H](NC(C)=O)[C@@H](OP(=O)([O-])OP(=O)([O-])OC/C=C(/C)CC/C=C(/C)CC/C=C(/C)CC/C=C(/C)CC/C=C(/C)CC/C=C(/C)CC/C=C(/C)CC/C=C(/C)CC/C=C(\C)CC/C=C(\C)CCC=C(C)C)O[C@@H]5CO)O[C@@H]4C(=O)[O-])O[C@H](C)[C@@H]3NC(C)=O)O[C@@H]2CO)O[C@H](C(=O)[O-])[C@@H](O[C@H]2O[C@H](C)[C@H](NC(C)=O)[C@H](O)[C@H]2O)[C@@H]1O	C[C@H]1[C@H]([C@H]([C@@H]([C@@H](O1)O[C@H]2[C@@H]([C@@H]([C@@H](O[C@@H]2C(=O)[O-])O[C@H]3[C@@H](O[C@H]([C@H]([C@@H]3O)NC(=O)C)O[C@H]4[C@H]([C@H](O[C@@H]([C@@H]4O)O[C@@H]5[C@H]([C@H]([C@H](O[C@H]5C(=O)[O-])O[C@@H]6[C@H](O[C@@H]([C@@H]([C@H]6O)NC(=O)C)OP(=O)([O-])OP(=O)([O-])OC/C=C(/C)\CC/C=C(/C)\CC/C=C(/C)\CC/C=C(/C)\CC/C=C(/C)\CC/C=C(/C)\CC/C=C(/C)\CC/C=C(/C)\CC/C=C(\C)/CC/C=C(\C)/CCC=C(C)C)CO)NC(=O)C)O)C)NC(=O)C)CO)NC(=O)C)O)O)O)NC(=O)C	40	42	40	42
cpd15456	(enterobacterial common antigen)3 undecaprenyl-diphosphate	(enterobacterial common antigen)3 undecaprenyl-diphosphate	name_lookup	STEREO_DIFF	GPIOMJJQJHAZOP-SDWVYRDESA-I	GPIOMJJQJHAZOP-IEPWQLGNSA-I	135397899	CC(=O)N[C@@H]1[C@H](O[C@H]2[C@H](O)[C@@H](NC(C)=O)[C@@H](O[C@@H]3[C@@H](O)[C@@H](O[C@H]4[C@H](O)[C@H](NC(C)=O)[C@H](O[C@H]5[C@H](O)[C@@H](NC(C)=O)[C@@H](O[C@@H]6[C@@H](O)[C@@H](O[C@H]7[C@H](O)[C@H](NC(C)=O)[C@H](O[C@H]8[C@H](O)[C@@H](NC(C)=O)[C@@H](OP(=O)([O-])OP(=O)([O-])OC/C=C(/C)CC/C=C(/C)CC/C=C(/C)CC/C=C(/C)CC/C=C(/C)CC/C=C(/C)CC/C=C(/C)CC/C=C(/C)CC/C=C(\C)CC/C=C(\C)CCC=C(C)C)O[C@@H]8CO)O[C@@H]7C(=O)[O-])O[C@H](C)[C@@H]6NC(C)=O)O[C@@H]5CO)O[C@@H]4C(=O)[O-])O[C@H](C)[C@@H]3NC(C)=O)O[C@@H]2CO)O[C@H](C(=O)[O-])[C@@H](O[C@H]2O[C@H](C)[C@H](NC(C)=O)[C@H](O)[C@H]2O)[C@@H]1O	C[C@@H]1[C@@H]([C@@H]([C@H]([C@H](O1)O[C@@H]2[C@H]([C@H]([C@H](O[C@H]2C(=O)[O-])O[C@@H]3[C@H](O[C@@H]([C@@H]([C@H]3O)NC(=O)C)O[C@@H]4[C@@H]([C@@H](O[C@H]([C@H]4O)O[C@H]5[C@@H]([C@@H]([C@@H](O[C@@H]5C(=O)[O-])O[C@H]6[C@@H](O[C@H]([C@H]([C@@H]6O)NC(=O)C)O[C@H]7[C@H]([C@H](O[C@@H]([C@@H]7O)O[C@@H]8[C@H]([C@H]([C@H](O[C@H]8C(=O)[O-])O[C@@H]9[C@H](O[C@@H]([C@@H]([C@H]9O)NC(=O)C)OP(=O)([O-])OP(=O)([O-])OC/C=C(/C)\CC/C=C(/C)\CC/C=C(/C)\CC/C=C(/C)\CC/C=C(/C)\CC/C=C(/C)\CC/C=C(/C)\CC/C=C(/C)\CC/C=C(\C)/CC/C=C(\C)/CCC=C(C)C)CO)NC(=O)C)O)C)NC(=O)C)CO)NC(=O)C)O)C)NC(=O)C)CO)NC(=O)C)O)O)O)NC(=O)C	55	57	55	57
cpd17125	Meliantriol	C16783	kegg_xref	STEREO_DIFF	NHYIETFMKIFXQL-QSXYYVAOSA-N	NHYIETFMKIFXQL-VPEHNIDMSA-N	46173826	CC(C)(O)[C@@H](O)[C@@H]1O[C@@H](O)C[C@@H]1[C@H]1CC[C@]2(C)C3=CC[C@H]4C(C)(C)[C@@H](O)CC[C@]4(C)[C@H]3CC[C@@]12C	C[C@@]12CC[C@H]3C(=CC[C@@H]4[C@@]3(CC[C@@H](C4(C)C)O)C)[C@]1(CC[C@H]2[C@H]5C[C@@H](O[C@H]5[C@@H](C(C)(C)O)O)O)C	11	11	11	11
cpd17273	Neogitogenin	C17003	kegg_xref	STEREO_DIFF	FWCXELAAYFYCSR-MOUQWODHSA-N	FWCXELAAYFYCSR-HJXRQQMRSA-N	12304409	C[C@H]1CC[C@@]2(OC1)O[C@H]1C[C@H]3[C@@H]4CC[C@H]5C[C@@H](O)[C@H](O)C[C@]5(C)[C@H]4CC[C@]3(C)[C@H]1[C@H]2C	C[C@H]1CC[C@@]2([C@H]([C@H]3[C@@H](O2)C[C@@H]4[C@@]3(CC[C@H]5[C@H]4CC[C@@H]6[C@@]5(C[C@H]([C@@H](C6)O)O)C)C)C)OC1	13	13	13	13
cpd17281	(2R,3S,4R)-3,4,5-trihydroxy-4'-oxo-3',4,4',5-tetrahydro-2'H,3H-spiro[furan-2,1'-naphthalene]-6'-carboxylate	xref_resolved:chebi_xref=CHEBI:64270->CID44237193(STEREO_DIFF)	xref_resolved	STEREO_DIFF	BAUPPZJHTWBQAS-UJLSLHKQSA-M	BAUPPZJHTWBQAS-ZZWXXDIBSA-M	44237193	O=C([O-])c1ccc2c(c1)C(=O)CC[C@@]21OC(O)[C@H](O)[C@@H]1O	C1C[C@]2([C@H]([C@H](C(O2)O)O)O)C3=C(C1=O)C=C(C=C3)C(=O)[O-]	3	4	3	4
cpd17341	Zederone	C17085	kegg_xref	STEREO_DIFF	CVIVANCKIBYAOP-LTBMOJJQSA-N	CVIVANCKIBYAOP-RUQGURTESA-N	46173863	C/C1=C\CC[C@]2(C)O[C@@H]2C(=O)c2c(C)coc2C1	C/C/1=C\CCC2([C@H](O2)C(=O)C3=C(C1)OC=C3C)C	3	3	2	3
cpd17351	Caulerpin	C17097	kegg_xref	STEREO_DIFF	PVWALMHWUOWPPA-HCOJNGAVSA-N	PVWALMHWUOWPPA-RPLHEXBESA-N	5326018	COC(=O)/C1=C/c2c([nH]c3ccccc23)/C(C(=O)OC)=C\c2c1[nH]c1ccccc21	COC(=O)/C/1=C/C2=C(NC3=CC=CC=C23)/C(=C\C4=C1NC5=CC=CC=C45)/C(=O)OC	2	2	2	2
cpd17474	7alpha,24-Dihydroxy-4-cholesten-3-one	C17331	kegg_xref	STEREO_DIFF	LFFHZNXDGBQZCO-NGCQKNAMSA-N	LFFHZNXDGBQZCO-XGEBBOSUSA-N	24755589	CC(C)C(O)CC[C@@H](C)[C@H]1CC[C@H]2[C@@H]3[C@H](O)CC4=CC(=O)CC[C@]4(C)[C@@H]3CC[C@]12C	C[C@H](CCC(C(C)C)O)[C@H]1CC[C@@H]2[C@@]1(CC[C@H]3[C@H]2[C@@H](CC4=CC(=O)CC[C@]34C)O)C	8	9	8	9
cpd17514	Diacetylaminoazotoluene	C17380	kegg_xref	STEREO_DIFF	YIEDSISPYKQADU-FMQUCBEESA-N	YIEDSISPYKQADU-UHFFFAOYSA-N	6751	CC(=O)N(C(C)=O)c1ccc(/N=N/c2ccccc2C)cc1C	CC1=CC=CC=C1N=NC2=CC(=C(C=C2)N(C(=O)C)C(=O)C)C	1	1	0	1
cpd17652	Rengyol	C17527	kegg_xref	STEREO_DIFF	TWORTZAXDSRCIT-OCAPTIKFSA-N	TWORTZAXDSRCIT-UHFFFAOYSA-N	363707	OCC[C@]1(O)CC[C@@H](O)CC1	C1CC(CCC1O)(CCO)O	2	2	0	2
cpd17664	Chikusetsusaponin III	C17539	kegg_xref	STEREO_DIFF	ZICDJKZDHVLVOD-GREWDSJQSA-N	ZICDJKZDHVLVOD-HUGMCNGHSA-N	46173930	CC(C)=CCCC(C)(O)[C@H]1CC[C@]2(C)[C@@H]1[C@H](O)C[C@@H]1[C@@]3(C)CC[C@H](O[C@@H]4O[C@H](CO[C@@H]5OC[C@@H](O)[C@H](O)[C@H]5O)[C@@H](O)[C@H](O)[C@H]4O[C@@H]4O[C@H](CO)[C@@H](O)[C@H](O)[C@H]4O)C(C)(C)[C@@H]3CC[C@]12C	CC(=CCC[C@@](C)([C@H]1CC[C@@]2([C@@H]1[C@@H](C[C@H]3[C@]2(CC[C@@H]4[C@@]3(CC[C@@H](C4(C)C)O[C@H]5[C@@H]([C@H]([C@@H]([C@H](O5)CO[C@H]6[C@@H]([C@H]([C@@H](CO6)O)O)O)O)O)O[C@H]7[C@@H]([C@H]([C@@H]([C@H](O7)CO)O)O)O)C)C)O)C)O)C	23	24	24	24
cpd17695	2-epi-Streptamine	C17574	kegg_xref	STEREO_DIFF	ANLMVXSIPASBFL-MBWODLHSSA-O	ANLMVXSIPASBFL-XGNJAFTASA-N	439590	N[C@H]1[C@@H](O)[C@@H]([NH3+])[C@H](O)[C@@H](O)[C@@H]1O	[C@H]1([C@H](C([C@H]([C@@H](C1O)N)O)O)O)N	6	6	4	6
cpd17696	Actinamine	C17575	kegg_xref	STEREO_DIFF	QRJMLIPXTTYRMQ-SYJWXDLUSA-O	QRJMLIPXTTYRMQ-YWVWVNHFSA-N	46173945	CN[C@H]1[C@@H](O)[C@@H]([NH2+]C)[C@H](O)[C@@H](O)[C@@H]1O	CN[C@@H]1[C@H](C([C@H]([C@@H](C1O)NC)O)O)O	6	6	4	6
cpd17698	myo-Inosose-5	C17577	kegg_xref	STEREO_DIFF	VYEGBDHSGHXOGT-BWWDGMNMSA-N	VYEGBDHSGHXOGT-ZLIBEWLCSA-N	439294	O=C1[C@@H](O)[C@H](O)[C@H](O)[C@H](O)[C@H]1O	[C@H]1([C@H](C(=O)[C@H]([C@@H](C1O)O)O)O)O	5	5	4	5
cpd17699	2L-2-Amino-2-deoxy-neo-inositol	C17578	kegg_xref	STEREO_DIFF	JXAOTICXQLILTC-WJVUKCJRSA-O	JXAOTICXQLILTC-UYSNGIAKSA-N	439440	[NH3+][C@H]1[C@@H](O)[C@H](O)[C@H](O)[C@H](O)[C@H]1O	[C@H]1([C@H](C([C@H]([C@@H](C1N)O)O)O)O)O	6	6	4	6
cpd17850	Dopaxanthin quinone	C17753	kegg_xref	STEREO_DIFF	DVOFEZJSDVPRON-AFUNOPLTSA-M	DVOFEZJSDVPRON-JZCSJQFLSA-N	135871117	O=C([O-])C1=C/C(=C/C=[NH+]\[C@@H](CC2=CC(=O)C(=O)C=C2)C(=O)[O-])C[C@@H](C(=O)[O-])[NH2+]1	C\1[C@H](NC(=C/C1=C/C=N[C@@H](CC2=CC(=O)C(=O)C=C2)C(=O)O)C(=O)O)C(=O)O	4	4	3	4
cpd17851	3-Methoxytyramine-betaxanthin	C17754	kegg_xref	STEREO_DIFF	SBHOSQZNRDXQAX-WSESCXGKSA-N	SBHOSQZNRDXQAX-RSCAPTSMSA-N	135871118	COc1cc(CC/[NH+]=C\C=C2\C=C(C(=O)[O-])[NH2+][C@H](C(=O)[O-])C2)ccc1O	COC1=C(C=CC(=C1)CCN=C/C=C/2\C[C@H](NC(=C2)C(=O)O)C(=O)O)O	3	3	2	3
cpd17953	Kasugamycin	C17968	kegg_xref	STEREO_DIFF	PVTHJAPFENJVNC-MHRBZPPQSA-O	PVTHJAPFENJVNC-UQTMRZPGSA-N	65174	C[C@H]1O[C@H](O[C@H]2[C@H](O)[C@@H](O)[C@@H](O)[C@H](O)[C@@H]2O)[C@@H]([NH3+])C[C@@H]1[NH+]=C(N)C(=O)[O-]	C[C@@H]1[C@H](C[C@@H]([C@H](O1)OC2[C@@H]([C@H](C([C@@H]([C@@H]2O)O)O)O)O)N)N=C(C(=O)O)N	10	11	8	11
cpd17954	Minosaminomycin	C17969	kegg_xref	STEREO_DIFF	UDZJEGDQBWDMOF-NGWVYFPNSA-P	UDZJEGDQBWDMOF-IWNFWUJZSA-N	135871119	CC(C)C[C@H](NC(=O)N[C@@H](C[C@@H]1CNC(=[NH2+])N1)C(=O)N[C@H]1[C@H](O)[C@@H](O)[C@H](O[C@H]2O[C@H](C)[C@@H]([NH3+])C[C@@H]2[NH3+])[C@@H](O)[C@H]1O)C(=O)[O-]	C[C@@H]1[C@H](C[C@@H]([C@H](O1)OC2[C@@H]([C@H](C([C@@H]([C@@H]2O)O)NC(=O)[C@H](C[C@@H]3CNC(=N3)N)NC(=O)N[C@@H](CC(C)C)C(=O)O)O)O)N)N	13	13	11	13
cpd19116	Tranexamic acid	C12535	kegg_xref	STEREO_DIFF	GYDJEQRTZSCIOI-LJGSYFOKSA-N	GYDJEQRTZSCIOI-UHFFFAOYSA-N	5526	[NH3+]C[C@H]1CC[C@H](C(=O)[O-])CC1	C1CC(CCC1CN)C(=O)O	2	2	0	2
cpd19184	2-Ethylidene-1,5-dimethyl-3,3-diphenylpyrrolidine	C16659	kegg_xref	STEREO_DIFF	AJRJPORIQGYFMT-RMOCHZDMSA-O	AJRJPORIQGYFMT-UHFFFAOYSA-N	115159	C/C=C1/[NH+](C)C(C)CC1(c1ccccc1)c1ccccc1	CC=C1C(CC(N1C)C)(C2=CC=CC=C2)C3=CC=CC=C3	1	3	0	2
cpd19244	Ignavine	C17485	kegg_xref	STEREO_DIFF	FOIZZXKAYVIZQC-YBXLCIIXSA-O	FOIZZXKAYVIZQC-HHNXWBSMSA-N	71448929	C=C1[C@H]2C[C@@H]3C4[NH+]5C[C@@]6(C)[C@H]7[C@H]5CC3([C@@H]1O)[C@@](O)(C2)[C@@]47C[C@@H](OC(=O)c1ccccc1)[C@@H]6O	C[C@]12CN3[C@@H]4[C@H]1[C@@]5(C3[C@H]6C[C@H]7C[C@@]5(C6(C4)[C@@H](C7=C)O)O)C[C@H]([C@@H]2O)OC(=O)C8=CC=CC=C8	10	13	10	13
cpd19283	Protojujuboside A	C17828	kegg_xref	STEREO_DIFF	DAYKIQFQZVAKAA-PADDJQGGSA-N	DAYKIQFQZVAKAA-DJISZYPWSA-N	71448943	CC(C)=C[C@@H](CC(C)(O)[C@H]1C(=O)C[C@]2(CO)[C@@H]1CC[C@@H]1[C@@]3(C)CC[C@H](O[C@@H]4OC[C@H](O)[C@H](O[C@@H]5O[C@H](CO[C@@H]6O[C@H](CO)[C@@H](O)[C@H](O)[C@H]6O)[C@@H](O)[C@H](O)[C@H]5O[C@@H]5OC[C@@H](O)[C@H](O)[C@H]5O)[C@H]4O[C@@H]4O[C@@H](C)[C@H](O)[C@@H](O)[C@H]4O)C(C)(C)[C@@H]3CC[C@]12C)O[C@@H]1O[C@H](CO)[C@@H](O)[C@H](O)[C@H]1O	C[C@H]1[C@@H]([C@H]([C@H]([C@@H](O1)O[C@@H]2[C@H]([C@H](CO[C@H]2O[C@H]3CC[C@@]4([C@H]5CC[C@@H]6[C@H](C(=O)C[C@]6([C@@]5(CC[C@H]4C3(C)C)C)CO)[C@](C)(C[C@H](C=C(C)C)O[C@H]7[C@@H]([C@H]([C@@H]([C@H](O7)CO)O)O)O)O)C)O)O[C@H]8[C@@H]([C@H]([C@@H]([C@H](O8)CO[C@H]9[C@@H]([C@H]([C@@H]([C@H](O9)CO)O)O)O)O)O)O[C@H]1[C@@H]([C@H]([C@@H](CO1)O)O)O)O)O)O	37	38	38	38
cpd19284	Protojujuboside B	C17829	kegg_xref	STEREO_DIFF	JWDBYPGADNNYPU-RNYOKPNMSA-N	JWDBYPGADNNYPU-KRACRRDZSA-N	71448944	CC(C)=C[C@@H](CC(C)(O)[C@H]1C(=O)C[C@]2(CO)[C@@H]1CC[C@@H]1[C@@]3(C)CC[C@H](O[C@@H]4OC[C@H](O)[C@H](O[C@@H]5O[C@H](CO)[C@@H](O)[C@H](O)[C@H]5O[C@@H]5OC[C@@H](O)[C@H](O)[C@H]5O)[C@H]4O[C@@H]4O[C@@H](C)[C@H](O)[C@@H](O)[C@H]4O)C(C)(C)[C@@H]3CC[C@]12C)O[C@@H]1O[C@H](CO)[C@@H](O)[C@H](O)[C@H]1O	C[C@H]1[C@@H]([C@H]([C@H]([C@@H](O1)O[C@@H]2[C@H]([C@H](CO[C@H]2O[C@H]3CC[C@@]4([C@H]5CC[C@@H]6[C@H](C(=O)C[C@]6([C@@]5(CC[C@H]4C3(C)C)C)CO)[C@](C)(C[C@H](C=C(C)C)O[C@H]7[C@@H]([C@H]([C@@H]([C@H](O7)CO)O)O)O)O)C)O)O[C@H]8[C@@H]([C@H]([C@@H]([C@H](O8)CO)O)O)O[C@H]9[C@@H]([C@H]([C@@H](CO9)O)O)O)O)O)O	32	33	33	33
cpd19285	Protojujuboside B1	C17830	kegg_xref	STEREO_DIFF	JWDBYPGADNNYPU-PNPNNWMTSA-N	JWDBYPGADNNYPU-HFNHGWQBSA-N	71448945	CC(C)=C[C@@H](CC(C)(O)[C@H]1C(=O)C[C@]2(CO)[C@@H]1CC[C@@H]1[C@@]3(C)CC[C@H](O[C@@H]4OC[C@H](O)[C@H](O[C@@H]5O[C@H](CO)[C@@H](O)[C@H](O)[C@H]5O[C@@H]5OC[C@@H](O)[C@H](O)[C@H]5O)[C@H]4O[C@@H]4O[C@@H](C)[C@@H](O)[C@@H](O)[C@@H]4O)C(C)(C)[C@@H]3CC[C@]12C)O[C@@H]1O[C@H](CO)[C@@H](O)[C@H](O)[C@H]1O	C[C@H]1[C@H]([C@H]([C@@H]([C@@H](O1)O[C@@H]2[C@H]([C@H](CO[C@H]2O[C@H]3CC[C@@]4([C@H]5CC[C@@H]6[C@H](C(=O)C[C@]6([C@@]5(CC[C@H]4C3(C)C)C)CO)[C@](C)(C[C@H](C=C(C)C)O[C@H]7[C@@H]([C@H]([C@@H]([C@H](O7)CO)O)O)O)O)C)O)O[C@H]8[C@@H]([C@H]([C@@H]([C@H](O8)CO)O)O)O[C@H]9[C@@H]([C@H]([C@@H](CO9)O)O)O)O)O)O	32	33	33	33
cpd19364	Iopodic acid	C18093	kegg_xref	STEREO_DIFF	YQNFBOJPTAXAKV-OMCISZLKSA-M	YQNFBOJPTAXAKV-UHFFFAOYSA-N	5241	CN(C)/C=N/c1c(I)cc(I)c(CCC(=O)[O-])c1I	CN(C)C=NC1=C(C=C(C(=C1I)CCC(=O)O)I)I	1	1	0	1
cpd19428	17-Oxosparteine	C18158	kegg_xref	STEREO_DIFF	YQMWQSMYVPLYDI-CLRIEMFWSA-O	YQMWQSMYVPLYDI-ZOBORPQBSA-N	51018055	O=C1C2CC(C[NH+]3CCCC[C@H]23)[C@@H]2CCCCN12	C1CCN2C[C@H]3C[C@@H]([C@H]2C1)C(=O)N4[C@H]3CCCC4	2	5	4	4
cpd19434	Deoxymiroestrol	C18164	kegg_xref	STEREO_DIFF	AZKZPXFWTQSDET-ILKNQKGPSA-N	AZKZPXFWTQSDET-XNZFTHMMSA-N	46174063	CC1(C)[C@H]2C(=COc3cc(O)ccc32)[C@@H]2C(=O)C[C@@]3(O)C[C@H]1[C@H]2[C@H]3O	CC1([C@@H]2C3=C(C=C(C=C3)O)OC=C2[C@H]4[C@H]5C1CC([C@@H]5O)(CC4=O)O)C	6	6	4	6
cpd19501	(1S,2R,3R,4S,5S,6R)-2,3,4,5,6-pentahydroxycyclohexyl 2-{[N-acetyl-S-(hydroxymethyl)-L-cysteinyl]amino}-2-deoxy-alpha-D-glucopyranoside	CHEBI:61586	chebi_xref	STEREO_DIFF	QHDGYCVBKYWETJ-QFVXKRNMSA-N	QHDGYCVBKYWETJ-JPFSBEFCSA-N	49787034	CC(=O)N[C@@H](CSCO)C(=O)N[C@H]1[C@@H](O[C@@H]2[C@H](O)[C@H](O)[C@@H](O)[C@H](O)[C@H]2O)O[C@H](CO)[C@@H](O)[C@@H]1O	CC(=O)N[C@@H](CSCO)C(=O)N[C@@H]1[C@H]([C@@H]([C@H](O[C@@H]1OC2[C@@H]([C@H](C([C@H]([C@H]2O)O)O)O)O)CO)O)O	12	12	10	12
cpd19732	Imibenconazole	C18468	kegg_xref	STEREO_DIFF	AGKSTYPVMZODRV-QJOMJCCJSA-N	AGKSTYPVMZODRV-UHFFFAOYSA-N	93483	Clc1ccc(CS/C(Cn2cncn2)=N\c2ccc(Cl)cc2Cl)cc1	C1=CC(=CC=C1CSC(=NC2=C(C=C(C=C2)Cl)Cl)CN3C=NC=N3)Cl	1	1	0	1
cpd19733	Imicyafos	C18469	kegg_xref	STEREO_DIFF	PPCUNNLZTNMXFO-ACCUITESSA-N	PPCUNNLZTNMXFO-UHFFFAOYSA-N	18772487	CCCSP(=O)(OCC)N1CCN(CC)/C1=N\C#N	CCCSP(=O)(N1CCN(C1=NC#N)CC)OCC	1	2	0	2
cpd19757	Triflumizole	C18493	kegg_xref	STEREO_DIFF	HSMVPDGQOIQYSR-KGENOOAVSA-N	HSMVPDGQOIQYSR-UHFFFAOYSA-N	91699	CCCOC/C(=N\c1ccc(Cl)cc1C(F)(F)F)n1ccnc1	CCCOCC(=NC1=C(C=C(C=C1)Cl)C(F)(F)F)N2C=CN=C2	1	1	0	1
cpd19771	Acetamiprid	C18507	kegg_xref	STEREO_DIFF	WCXDHFDTOYPNIE-RIYZIHGNSA-N	WCXDHFDTOYPNIE-UHFFFAOYSA-N	213021	C/C(=N\C#N)N(C)Cc1ccc(Cl)nc1	CC(=NC#N)N(C)CC1=CN=C(C=C1)Cl	1	1	0	1
cpd19776	Thiacloprid	C18512	kegg_xref	STEREO_DIFF	HOKKPVIRMVDYPB-UVTDQMKNSA-N	HOKKPVIRMVDYPB-UHFFFAOYSA-N	115224	N#C/N=C1\SCCN1Cc1ccc(Cl)nc1	C1CSC(=NC#N)N1CC2=CN=C(C=C2)Cl	1	1	0	1
cpd19931	Dicarzol	C18668	kegg_xref	STEREO_DIFF	RMFNNCGOSPBBAD-MDWZMJQESA-O	RMFNNCGOSPBBAD-UHFFFAOYSA-N	31099	CNC(=O)Oc1cccc(/[NH+]=C/N(C)C)c1	CNC(=O)OC1=CC=CC(=C1)N=CN(C)C	1	1	0	1
cpd20068	Spirotetramat	C18807	kegg_xref	STEREO_DIFF	CLSVJBIHYWPGQY-GGYDESQDSA-N	CLSVJBIHYWPGQY-UHFFFAOYSA-N	9969573	CCOC(=O)OC1=C(c2cc(C)ccc2C)C(=O)N[C@]12CC[C@@H](OC)CC2	CCOC(=O)OC1=C(C(=O)NC12CCC(CC2)OC)C3=C(C=CC(=C3)C)C	2	2	0	2
cpd20120	Fluthiacet	C18859	kegg_xref	STEREO_DIFF	XWROTTLWMHCFEC-LGMDPLHJSA-M	XWROTTLWMHCFEC-UHFFFAOYSA-N	18772468	O=C([O-])CSc1cc(/N=c2\sc(=O)n3n2CCCC3)c(F)cc1Cl	C1CCN2C(=O)SC(=NC3=CC(=C(C=C3F)Cl)SCC(=O)O)N2C1	1	1	0	1
cpd20190	Buthiobate	C18930	kegg_xref	STEREO_DIFF	ZZVVDIVWGXTDRQ-BSYVCWPDSA-N	ZZVVDIVWGXTDRQ-UHFFFAOYSA-N	39978	CCCCS/C(=N\c1cccnc1)SCc1ccc(C(C)(C)C)cc1	CCCCSC(=NC1=CN=CC=C1)SCC2=CC=C(C=C2)C(C)(C)C	1	1	0	1
cpd20280	Azothoate	C19020	kegg_xref	STEREO_DIFF	DCEAEHHJGXAROU-WUKNDPDISA-N	DCEAEHHJGXAROU-UHFFFAOYSA-N	79914	COP(=S)(OC)Oc1ccc(/N=N/c2ccc(Cl)cc2)cc1	COP(=S)(OC)OC1=CC=C(C=C1)N=NC2=CC=C(C=C2)Cl	1	1	0	1
cpd20285	Azosulfide	C19025	kegg_xref	STEREO_DIFF	JKVBWACRUUUEAR-ISLYRVAYSA-N	JKVBWACRUUUEAR-UHFFFAOYSA-N	16770	Clc1ccc(S/N=N/c2cc(Cl)c(Cl)cc2Cl)cc1	C1=CC(=CC=C1SN=NC2=CC(=C(C=C2Cl)Cl)Cl)Cl	1	1	0	1
cpd20297	Chloromebuform	C19037	kegg_xref	STEREO_DIFF	OUDYXRYNDPEKLK-XNTDXEJSSA-O	OUDYXRYNDPEKLK-UHFFFAOYSA-N	12657825	CCCCN(C)/C=[NH+]/c1ccc(Cl)cc1C	CCCCN(C)C=NC1=C(C=C(C=C1)Cl)C	1	1	0	1
cpd20301	Flubenzimine	C19041	kegg_xref	STEREO_DIFF	KVKHBPGBGOVMBN-PWLVHAGJSA-N	KVKHBPGBGOVMBN-RUKILCFBSA-N	53297418	FC(F)(F)/N=C1\S/C(=N\C(F)(F)F)N(c2ccccc2)\C1=N\c1ccccc1	C1=CC=C(C=C1)N=C2/C(=N/C(F)(F)F)/S/C(=N\C(F)(F)F)/N2C3=CC=CC=C3	3	3	2	3
cpd20445	4-Aminoazobenzene	C19187	kegg_xref	STEREO_DIFF	QPQKUYVSJWQSDY-CCEZHUSRSA-N	QPQKUYVSJWQSDY-UHFFFAOYSA-N	6051	Nc1ccc(/N=N/c2ccccc2)cc1	C1=CC=C(C=C1)N=NC2=CC=C(C=C2)N	1	1	0	1
cpd20446	C.I. Solvent Yellow 3	C19188	kegg_xref	STEREO_DIFF	PFRYFZZSECNQOL-WUKNDPDISA-N	PFRYFZZSECNQOL-UHFFFAOYSA-N	7340	Cc1cc(/N=N/c2ccccc2C)ccc1N	CC1=CC=CC=C1N=NC2=CC(=C(C=C2)N)C	1	1	0	1
cpd20472	Citrus Red 2	C19214	kegg_xref	STEREO_DIFF	GJUABKCEXOMRPQ-FMQUCBEESA-N	GJUABKCEXOMRPQ-UHFFFAOYSA-N	22830	COc1ccc(OC)c(/N=N/c2c(O)ccc3ccccc23)c1	COC1=CC(=C(C=C1)OC)N=NC2=C(C=CC3=CC=CC=C32)O	1	1	0	1
cpd20548	Phenazopyridine hydrochloride	C19290	kegg_xref	STEREO_DIFF	QQBPIHBUCMDKFG-GEEYTBSJSA-M	QQBPIHBUCMDKFG-UHFFFAOYSA-N	8691	Nc1ccc(/N=N/c2ccccc2)c(N)n1.[Cl-]	C1=CC=C(C=C1)N=NC2=C(N=C(C=C2)N)N.Cl	1	1	0	1
cpd20591	Azobenzene	C19334	kegg_xref	STEREO_DIFF	DMLAVOWQYNRWNQ-BUHFOSPRSA-N	DMLAVOWQYNRWNQ-UHFFFAOYSA-N	2272	c1ccc(/N=N/c2ccccc2)cc1	C1=CC=C(C=C1)N=NC2=CC=CC=C2	1	1	0	1
cpd20614	Azorubin	C19358	kegg_xref	STEREO_DIFF	YSVBPNGJESBVRM-ZPZFBZIMSA-L	YSVBPNGJESBVRM-UHFFFAOYSA-L	19118	O=S(=O)([O-])c1ccc(/N=N/c2cc(S(=O)(=O)[O-])c3ccccc3c2O)c2ccccc12.[Na+].[Na+]	C1=CC=C2C(=C1)C(=CC=C2S(=O)(=O)[O-])N=NC3=C(C4=CC=CC=C4C(=C3)S(=O)(=O)[O-])O.[Na+].[Na+]	1	1	0	1
cpd20625	Chrysoidine	C19369	kegg_xref	STEREO_DIFF	MCTQNEBFZMBRSQ-GEEYTBSJSA-M	MCTQNEBFZMBRSQ-UHFFFAOYSA-N	10771	Nc1ccc(/N=N/c2ccccc2)c(N)c1.[Cl-]	C1=CC=C(C=C1)N=NC2=C(C=C(C=C2)N)N.Cl	1	1	0	1
cpd20628	C.I. Orange G	C19372	kegg_xref	STEREO_DIFF	HSXUHWZMNJHFRV-QIKYXUGXSA-L	HSXUHWZMNJHFRV-UHFFFAOYSA-L	16015	O=S(=O)([O-])c1cc(S(=O)(=O)[O-])c2c(/N=N/c3ccccc3)c(O)ccc2c1.[Na+].[Na+]	C1=CC=C(C=C1)N=NC2=C(C=CC3=CC(=CC(=C32)S(=O)(=O)[O-])S(=O)(=O)[O-])O.[Na+].[Na+]	1	1	0	1
cpd20629	C.I. Pigment Red 3	C19373	kegg_xref	STEREO_DIFF	ZLFVRXUOSPRRKQ-VHEBQXMUSA-N	ZLFVRXUOSPRRKQ-UHFFFAOYSA-N	17047	Cc1ccc(/N=N/c2c(O)ccc3ccccc23)c([N+](=O)[O-])c1	CC1=CC(=C(C=C1)N=NC2=C(C=CC3=CC=CC=C32)O)[N+](=O)[O-]	1	1	0	1
cpd20638	C.I. Pigment Red 53	C19382	kegg_xref	STEREO_DIFF	POJOORKDYOPQLS-FFRZOONGSA-L	POJOORKDYOPQLS-UHFFFAOYSA-L	21238	Cc1cc(/N=N/c2c(O)ccc3ccccc23)c(S(=O)(=O)[O-])cc1Cl.Cc1cc(/N=N/c2c(O)ccc3ccccc23)c(S(=O)(=O)[O-])cc1Cl.[Ba+2]	CC1=CC(=C(C=C1Cl)S(=O)(=O)[O-])N=NC2=C(C=CC3=CC=CC=C32)O.CC1=CC(=C(C=C1Cl)S(=O)(=O)[O-])N=NC2=C(C=CC3=CC=CC=C32)O.[Ba+2]	2	2	0	2
cpd20715	2-(4-dimethylaminophenyl)diazenylbenzoate	xref_resolved:chebi_xref=CHEBI:71579->CID5235308(STEREO_DIFF)	xref_resolved	STEREO_DIFF	CEQFOVLGLXCDCX-WUKNDPDISA-M	CEQFOVLGLXCDCX-UHFFFAOYSA-M	5235308	CN(C)c1ccc(/N=N/c2ccccc2C(=O)[O-])cc1	CN(C)C1=CC=C(C=C1)N=NC2=CC=CC=C2C(=O)[O-]	1	1	0	1
cpd20765	C.I. 14700	C19510	kegg_xref	STEREO_DIFF	UBCRUPQPEJKSMS-LLIZZRELSA-K	UBCRUPQPEJKSMS-UHFFFAOYSA-L	53297435	Cc1cc(C)c(S(=O)(=O)[O-])cc1/N=N/c1cc([O-])c2ccccc2c1S(=O)(=O)[O-].[Na+].[Na+]	CC1=CC(=C(C=C1N=NC2=C(C3=CC=CC=C3C(=C2)O)S(=O)(=O)[O-])S(=O)(=O)[O-])C.[Na+].[Na+]	1	1	0	1
cpd20783	4-[2-(1-Naphthalenyl)diazenyl]-1,3-benzenediamine	C19528	kegg_xref	STEREO_DIFF	AHWMWMNEYBHQNL-FMQUCBEESA-N	AHWMWMNEYBHQNL-UHFFFAOYSA-N	62608	Nc1ccc(/N=N/c2cccc3ccccc23)c(N)c1	C1=CC=C2C(=C1)C=CC=C2N=NC3=C(C=C(C=C3)N)N	1	1	0	1
cpd20784	C.I. Solvent Red 19	C19529	kegg_xref	STEREO_DIFF	VKWNTWQXVLKCSG-ZDXBJJIESA-N	VKWNTWQXVLKCSG-UHFFFAOYSA-N	61396	CCNc1ccc2ccccc2c1/N=N/c1ccc(/N=N/c2ccccc2)cc1	CCNC1=C(C2=CC=CC=C2C=C1)N=NC3=CC=C(C=C3)N=NC4=CC=CC=C4	2	2	0	2
cpd20786	C.I. Food Yellow 3	C19531	kegg_xref	STEREO_DIFF	OIQPTROHQCGFEF-QIKYXUGXSA-L	OIQPTROHQCGFEF-UHFFFAOYSA-L	17730	O=S(=O)([O-])c1ccc(/N=N/c2c(O)ccc3cc(S(=O)(=O)[O-])ccc23)cc1.[Na+].[Na+]	C1=CC(=CC=C1N=NC2=C(C=CC3=C2C=CC(=C3)S(=O)(=O)[O-])O)S(=O)(=O)[O-].[Na+].[Na+]	1	1	0	1
cpd20807	1-(2-Phenyldiazenyl)-2-naphthalenamine	C19552	kegg_xref	STEREO_DIFF	KLCDQSGLLRINHY-VHEBQXMUSA-N	KLCDQSGLLRINHY-UHFFFAOYSA-N	6824	Nc1ccc2ccccc2c1/N=N/c1ccccc1	C1=CC=C(C=C1)N=NC2=C(C=CC3=CC=CC=C32)N	1	1	0	1
cpd20808	1-[2-(2-Methylphenyl)diazenyl]-2-naphthalenamine	C19553	kegg_xref	STEREO_DIFF	BWLVSYUUKOQICP-FMQUCBEESA-N	BWLVSYUUKOQICP-UHFFFAOYSA-N	8578	Cc1ccccc1/N=N/c1c(N)ccc2ccccc12	CC1=CC=CC=C1N=NC2=C(C=CC3=CC=CC=C32)N	1	1	0	1
cpd20950	1-(2-amino-2-deoxy-alpha-D-glucopyranoside)-1D-myo-inositol	xref_resolved:chebi_xref=CHEBI:58886->CID46878468(STEREO_DIFF)	xref_resolved	STEREO_DIFF	HEPUIGACZYVUCD-LFIKJOHQSA-O	HEPUIGACZYVUCD-XFVWJBEHSA-O	46878468	[NH3+][C@H]1[C@@H](O[C@@H]2[C@H](O)[C@H](O)[C@@H](O)[C@H](O)[C@H]2O)O[C@H](CO)[C@@H](O)[C@@H]1O	C([C@@H]1[C@H]([C@@H]([C@H]([C@H](O1)OC2[C@@H]([C@H](C([C@H]([C@H]2O)O)O)O)O)[NH3+])O)O)O	11	11	9	11
cpd20951	1-D-myo-inosityl-2-(L-cysteinyl)amido-2-deoxy-alpha-D-glucopyranoside	xref_resolved:chebi_xref=CHEBI:58887->CID46878469(STEREO_DIFF)	xref_resolved	STEREO_DIFF	ZGXSCMBZZVXWGF-BSEFFJTHSA-N	ZGXSCMBZZVXWGF-GGKYFZEDSA-O	46878469	[NH3+][C@@H](C[S-])C(=O)N[C@H]1[C@@H](O[C@@H]2[C@H](O)[C@H](O)[C@@H](O)[C@H](O)[C@H]2O)O[C@H](CO)[C@@H](O)[C@@H]1O	C([C@@H]1[C@H]([C@@H]([C@H]([C@H](O1)OC2[C@@H]([C@H](C([C@H]([C@H]2O)O)O)O)O)NC(=O)[C@H](CS)[NH3+])O)O)O	12	12	10	12
cpd20983	(+)-alpha-Santalene	C19736	kegg_xref	STEREO_DIFF	KWFJIXPIFLVMPM-HTXFPXQUSA-N	KWFJIXPIFLVMPM-DMRFDLNASA-N	56928116	CC(C)=CCC[C@]1(C)[C@@H]2CC3[C@@H](C2)C31C	CC(=CCC[C@@]1(C2C[C@H]3C1(C3C2)C)C)C	3	5	2	5
cpd21029	1-(2-Acetamido-2-deoxy-alpha-D-glucopyranosyl)-1D-myo-inositol	CHEBI:52442	chebi_xref	STEREO_DIFF	MRKTUVZZZRUSQR-JPUVNKLSSA-N	MRKTUVZZZRUSQR-URSAZOBZSA-N	10452519	CC(=O)N[C@H]1[C@@H](O[C@@H]2[C@H](O)[C@H](O)[C@@H](O)[C@H](O)[C@H]2O)O[C@H](CO)[C@@H](O)[C@@H]1O	CC(=O)N[C@@H]1[C@H]([C@@H]([C@H](O[C@@H]1OC2[C@@H]([C@H](C([C@H]([C@H]2O)O)O)O)O)CO)O)O	11	11	9	11
cpd21039	5'-O-{[({[(1R,2S,3R,4R,5S,6S)-2,3,4,5,6-pentahydroxycyclohexyl]oxy}phosphinato)oxy]phosphinato}cytidine	xref_resolved:chebi_xref=CHEBI:62573->CID50986209(STEREO_DIFF)	xref_resolved	STEREO_DIFF	FWZKVMBRYZSGFS-WRUQXNMMSA-L	FWZKVMBRYZSGFS-MXIHWWRUSA-L	50986209	Nc1ccn([C@@H]2O[C@H](COP(=O)([O-])OP(=O)([O-])O[C@@H]3[C@@H](O)[C@H](O)[C@@H](O)[C@H](O)[C@@H]3O)[C@@H](O)[C@H]2O)c(=O)n1	C1=CN(C(=O)N=C1N)[C@H]2[C@@H]([C@@H]([C@H](O2)COP(=O)([O-])OP(=O)([O-])OC3[C@H]([C@H](C([C@H]([C@@H]3O)O)O)O)O)O)O	10	12	8	12
cpd21043	(1R,2S,3R,4R,5S,6S)-2,3,4,5,6-pentahydroxycyclohexyl (1S,2R,3S,4S,5R,6R)-2,3,4,6-tetrahydroxy-5-(phosphonatooxy)cyclohexyl phosphate	xref_resolved:chebi_xref=CHEBI:62576->CID53262351(STEREO_DIFF)	xref_resolved	STEREO_DIFF	ZFRNHZNPYSOZBU-MCUIPIIISA-K	ZFRNHZNPYSOZBU-VGKACDALSA-K	53262351	O=P([O-])([O-])O[C@H]1[C@@H](O)[C@@H](OP(=O)([O-])O[C@@H]2[C@@H](O)[C@H](O)[C@@H](O)[C@H](O)[C@@H]2O)[C@H](O)[C@@H](O)[C@@H]1O	[C@@H]1([C@@H]([C@H]([C@H]([C@H]([C@@H]1O)OP(=O)([O-])OC2[C@H]([C@H](C([C@H]([C@@H]2O)O)O)O)O)O)OP(=O)([O-])[O-])O)O	12	13	10	13
cpd21131	(+)-chiro-inositol	CHEBI:27372	chebi_xref	STEREO_DIFF	CDAISMWEOUEBRE-LKPKBOIGSA-N	CDAISMWEOUEBRE-UHFFFAOYSA-N	892	O[C@H]1[C@H](O)[C@H](O)[C@@H](O)[C@H](O)[C@H]1O	C1(C(C(C(C(C1O)O)O)O)O)O	6	6	0	6
cpd21230	Euphornin	C19991	kegg_xref	STEREO_DIFF	BRVXVMOWTHQKHC-LVYIKVSWSA-N	BRVXVMOWTHQKHC-HIAHFQITSA-N	56928145	CC(=O)OC1CC(OC(C)=O)C(C)(C)/C=C\C(C)C(OC(C)=O)C2(O)CC(C)C(OC(=O)c3ccccc3)C2/C=C/1C	CC1CC2(C(C1OC(=O)C3=CC=CC=C3)/C=C(/C(CC(C(/C=C\C(C2OC(=O)C)C)(C)C)OC(=O)C)OC(=O)C)\C)O	2	10	2	10
cpd21242	C-CTX 1	C20003	kegg_xref	STEREO_DIFF	WFCQOYJANLJDGJ-LRNYXKCPSA-N	WFCQOYJANLJDGJ-FANYTCEVSA-N	56928149	C[C@@H]1C[C@@H]2O[C@@H]3C[C@H](O)[C@]4(C)O[C@@H]5CC[C@@H]6O[C@](O)(CO)CC[C@@]6(C)O[C@@]5(C)C[C@H]4O[C@H]3C[C@H]2O[C@H]2C[C@H]3O[C@H]4C/C=C/C[C@@H]5O[C@H]6C=C[C@H]7O[C@H]8C[C@H]9OCC[C@H](O)C[C@@H]9O[C@@H]8C[C@@H]7O[C@@H]6C/C=C\[C@@H]5O[C@@H]4C[C@@H](O)[C@]3(C)O[C@@H]2C1	C[C@@H]1C[C@H]2[C@@H](C[C@H]3[C@H](O2)C[C@@H]([C@]4([C@H](O3)C[C@]5([C@H](O4)CC[C@H]6[C@](O5)(CC[C@](O6)(CO)O)C)C)C)O)O[C@H]7C[C@@H]8[C@]([C@@H](C[C@@H]9[C@@H](O8)C/C=C/C[C@@H]2[C@@H](O9)/C=C\C[C@@H]3[C@@H](O2)C=C[C@@H]2[C@@H](O3)C[C@@H]3[C@@H](O2)C[C@@H]2[C@@H](O3)C[C@H](CCO2)O)O)(O[C@@H]7C1)C	33	33	33	33
cpd21252	Brevetoxin B1	C20013	kegg_xref	STEREO_DIFF	LUNOZQKEODBLAF-REXPXUHCSA-M	LUNOZQKEODBLAF-BTMAFXPRSA-N	10396247	C=C(C[C@@H]1C[C@H](O)[C@]2(C)O[C@@H]3C[C@@H]4O[C@@H]5C[C@]6(C)O[C@]7(C)CC[C@@H]8O[C@@H]9C[C@]%10(C)O[C@H]%11C(C)=CC(=O)O[C@H]%11C[C@H]%10O[C@H]9C[C@@H](C)[C@H]8O[C@H]7C[C@H]6O[C@@]5(C)C/C=C\[C@H]4O[C@H]3C[C@H]2O1)C(=O)NCCS(=O)(=O)[O-]	C[C@@H]1C[C@H]2[C@@H](C[C@]3([C@H](O2)C[C@H]4[C@H](O3)C(=CC(=O)O4)C)C)O[C@@H]5[C@@H]1O[C@H]6C[C@@H]7[C@](C[C@@H]8[C@@](O7)(C/C=C\[C@@H]9[C@@H](O8)C[C@@H]1[C@@H](O9)C[C@@H]2[C@@](O1)([C@H](C[C@H](O2)CC(=C)C(=O)NCCS(=O)(=O)O)O)C)C)(O[C@@]6(CC5)C)C	24	24	24	24
cpd21271	Batrachotoxinin A	C20032	kegg_xref	STEREO_DIFF	ZKCSFQZJDZSMCH-FMZFLZIJSA-O	ZKCSFQZJDZSMCH-WHYVOJEVSA-N	56928160	C[C@H](O)C1=CC[C@@]23OCC[NH+](C)C[C@@]12C[C@@H](O)[C@]12O[C@@]4(O)CC[C@@]1(C)[C@H](CC=C32)C4	C[C@@H](C1=CC[C@@]23[C@@]1(C[C@H]([C@@]45C2=CC[C@H]6[C@@]4(CCC(C6)(O5)O)C)O)CN(CCO3)C)O	8	9	7	8
cpd21300	Ritterazine A	C20061	kegg_xref	STEREO_DIFF	FHCSEAYKGLTPDJ-BYWZCTSOSA-N	FHCSEAYKGLTPDJ-YBTWLSCUSA-N	56928164	C[C@@H]1[C@@]2(CC[C@](C)(O)CO2)O[C@H]2C=C3C4C(C[C@@H](O)[C@]3(C)[C@]21O)[C@@]1(C)Cc2nc3c(nc2C[C@@H]1C[C@@H]4O)C[C@@]1(C)[C@@H](CCC2[C@@H]1CC(=O)[C@]21C[C@@H]2O[C@]4(CCC(C)(C)O4)[C@@H](C)[C@@H]2[C@]1(C)O)C3	C[C@@H]1[C@@]2(CC[C@](CO2)(C)O)O[C@@H]3[C@]1([C@]4([C@@H](CC5C(C4=C3)[C@H](C[C@@H]6[C@@]5(CC7=NC8=C(C[C@]9([C@H](C8)CCC1[C@@H]9CC(=O)[C@]11C[C@H]2[C@@H]([C@]1(C)O)C([C@]1(O2)CCC(O1)(C)C)C)C)N=C7C6)C)O)O)C)O	19	22	18	22
cpd21438	Tanabalin	C20205	kegg_xref	STEREO_DIFF	DZAYTXGDCMMRGZ-UHWULVJNSA-N	DZAYTXGDCMMRGZ-MHMMHEKKSA-N	10667003	CC(=O)O[C@@H](C[C@@]1(C)[C@@H](C)CC[C@@]23COC(=O)C2=CCC[C@@H]31)c1ccoc1	C[C@@H]1CC[C@@]23COC(=O)C2=CCC[C@@H]3[C@@]1(C)C[C@@H](C4=COC=C4)OC(=O)C	5	5	5	5
cpd21484	(2R,3R,4S,5S,6R)-2,3,4,5,6-pentahydroxycyclohexanone	CHEBI:50920	chebi_xref	STEREO_DIFF	VYEGBDHSGHXOGT-QFYCRYKCSA-N	VYEGBDHSGHXOGT-KVJVDKLYSA-N	12308755	O=C1[C@H](O)[C@H](O)[C@@H](O)[C@H](O)[C@H]1O	[C@H]1([C@H](C(=O)[C@@H]([C@@H](C1O)O)O)O)O	5	5	4	5
cpd21776	1-deoxyxylonojirimycin	1-deoxyxylonojirimycin	name_lookup	STEREO_DIFF	RMCNETIHECSPMZ-SCDXWVJYSA-O	RMCNETIHECSPMZ-NGQZWQHPSA-O	21576290	O[C@H]1[C@H](O)C[NH2+]C[C@@H]1O	C1[C@H](C([C@H](C[NH2+]1)O)O)O	3	3	2	3
cpd22207	7''-O-phosphohygromycin B	7''-O-phosphohygromycin B	name_lookup	STEREO_DIFF	DDJWTKQJOKVHBW-GNNWKVJVSA-O	DDJWTKQJOKVHBW-NZSRVPFOSA-N	25195382	C[NH2+][C@H]1C[C@@H]([NH3+])[C@H](O)[C@@H](O[C@@H]2O[C@H](CO)[C@H](O)[C@@H]3OC4(O[C@H]23)O[C@H]([C@H]([NH3+])COP(=O)([O-])[O-])[C@H](O)[C@H](O)[C@H]4O)[C@@H]1O	CN[C@H]1C[C@H]([C@@H]([C@H]([C@@H]1O)O[C@H]2[C@@H]3[C@H]([C@H]([C@H](O2)CO)O)O[C@@]4(O3)[C@@H]([C@H]([C@H]([C@H](O4)C(COP(=O)(O)O)N)O)O)O)O)N	15	16	15	16
cpd22645	isovitexin 2''-O-rhamnoside	isovitexin 2''-O-rhamnoside	name_lookup	STEREO_DIFF	BGPMMCPSTAYIEL-JWUFSHJESA-L	BGPMMCPSTAYIEL-UTKQBPCESA-N	23844078	C[C@@H]1O[C@H](O[C@@H]2[C@@H](O)[C@H](O)[C@@H](CO)O[C@H]2c2c([O-])cc3oc(-c4ccc(O)cc4)cc(=O)c3c2[O-])[C@H](O)[C@H](O)[C@H]1O	C[C@H]1[C@@H]([C@H]([C@H]([C@@H](O1)O[C@@H]2[C@H]([C@@H]([C@H](O[C@H]2C3=C(C4=C(C=C3O)OC(=CC4=O)C5=CC=C(C=C5)O)O)CO)O)O)O)O)O	10	10	10	10
cpd22704	muricholate	muricholate	name_lookup	STEREO_DIFF	DKPMWHFRUGMUKF-QONOTNIVSA-M	DKPMWHFRUGMUKF-JDDNAIEOSA-N	119473	C[C@H](CCC(=O)[O-])C1CCC2C3C(O)C(O)C4C[C@H](O)CC[C@]4(C)C3CC[C@@]21C	C[C@H](CCC(=O)O)[C@H]1CC[C@@H]2[C@@]1(CC[C@H]3[C@H]2C(C([C@H]4[C@@]3(CC[C@H](C4)O)C)O)O)C	4	11	9	11
cpd22705	(digitoxigenin-3beta-yl)-beta-D-glucoside	digitoxigenin glucoside	name_lookup	STEREO_DIFF	CMHWMOGWFZWDMR-FMUUHJOYSA-N	CMHWMOGWFZWDMR-FVGBAMMESA-N	15558776	C[C@]12CC[C@H](O[C@@H]3O[C@H](CO)[C@@H](O)[C@H](O)[C@H]3O)C[C@H]1CC[C@@H]1[C@@H]2CC[C@]2(C)[C@H](C3=CC(=O)OC3)CC[C@]12O	C[C@]12CC[C@@H](C[C@H]1CC[C@@H]3[C@@H]2CC[C@]4([C@@]3(CC[C@@H]4C5=CC(=O)OC5)O)C)O[C@H]6[C@@H]([C@H]([C@@H]([C@H](O6)CO)O)O)O	13	13	13	13
cpd22834	6-O-beta-D-Galactopyranosyl myo-inositol	6-O-beta-D-galactopyranosyl myo-inositol	name_lookup	STEREO_DIFF	VCWMRQDBPZKXKG-OSOMVMCLSA-N	VCWMRQDBPZKXKG-IFZYWDRDSA-N	44123569	OC[C@H]1O[C@@H](O[C@H]2[C@H](O)[C@@H](O)[C@@H](O)[C@@H](O)[C@@H]2O)[C@H](O)[C@@H](O)[C@H]1O	C([C@@H]1[C@@H]([C@@H]([C@H]([C@@H](O1)OC2[C@@H]([C@H](C([C@H]([C@@H]2O)O)O)O)O)O)O)O)O	11	11	9	11
cpd23011	diphenylthiocarbazone	dithizone	name_lookup	STEREO_DIFF	UOFGSWVZMUXXIY-BMRADRMJSA-N	UOFGSWVZMUXXIY-UHFFFAOYSA-N	657262	S=C(/N=N/c1ccccc1)NNc1ccccc1	C1=CC=C(C=C1)NNC(=S)N=NC2=CC=CC=C2	1	1	0	1
cpd23062	4-diphospho-1D-myo-inositol (1,2,3,5,6)pentakisphosphate	4-diphospho-1D-myo-inositol (1,2,3,5,6)pentakisphosphate	name_lookup	STEREO_DIFF	UPHPWXPNZIOZJL-CNWJWELYSA-B	UPHPWXPNZIOZJL-GFWFORPUSA-A	45479463	O=P([O-])([O-])O[C@H]1[C@H](OP(=O)([O-])[O-])[C@@H](OP(=O)([O-])[O-])[C@H](OP(=O)([O-])OP(=O)([O-])O)[C@@H](OP(=O)([O-])[O-])[C@H]1OP(=O)([O-])[O-]	[C@H]1([C@H](C([C@H]([C@H](C1OP(=O)([O-])[O-])OP(=O)([O-])[O-])OP(=O)([O-])[O-])OP(=O)([O-])OP(=O)([O-])[O-])OP(=O)([O-])[O-])OP(=O)([O-])[O-]	6	8	4	7
cpd23063	6-diphospho-1D-myo-inositol (1,2,3,4,5)pentakisphosphate	6-diphospho-1D-myo-inositol (1,2,3,4,5)pentakisphosphate	name_lookup	STEREO_DIFF	UPHPWXPNZIOZJL-XCMZKKERSA-B	UPHPWXPNZIOZJL-WWHKVMGRSA-A	45479434	O=P([O-])([O-])O[C@H]1[C@@H](OP(=O)([O-])[O-])[C@@H](OP(=O)([O-])[O-])[C@H](OP(=O)([O-])OP(=O)([O-])O)[C@@H](OP(=O)([O-])[O-])[C@@H]1OP(=O)([O-])[O-]	[C@@H]1([C@H](C([C@H]([C@@H](C1OP(=O)([O-])[O-])OP(=O)([O-])[O-])OP(=O)([O-])[O-])OP(=O)([O-])OP(=O)([O-])[O-])OP(=O)([O-])[O-])OP(=O)([O-])[O-]	6	8	4	7
cpd23097	(22R,23R)-28-homocastasterone 22-O-sulfate	(22R,23R)-28-homocastasterone 22-O-sulfate	name_lookup	STEREO_DIFF	MXFYIPZNENWPSK-NKOPCKDMSA-M	MXFYIPZNENWPSK-BSBOPDPFSA-M	45479420	CC[C@@H](C(C)C)[C@@H](O)[C@H](OS(=O)(=O)[O-])[C@@H](C)[C@H]1CC[C@H]2[C@@H]3CC(=O)[C@H]4C[C@H](O)[C@H](O)C[C@]4(C)[C@H]3CC[C@]12C	CC[C@H]([C@H]([C@@H]([C@@H](C)C1CCC2[C@@]1(CCC3C2CC(=O)[C@@H]4[C@@]3(C[C@H]([C@H](C4)O)O)C)C)OS(=O)(=O)[O-])O)C(C)C	13	13	9	13
cpd23123	(2<i>R</i>,4<i>R</i>)-2,4-diaminopentanoate	(2R,4R)-2,4-diaminopentanoate	name_lookup	STEREO_DIFF	PCEJMSIIDXUDSN-QWWZWVQMSA-O	PCEJMSIIDXUDSN-IMJSIDKUSA-O	45479282	C[C@@H]([NH3+])C[C@@H]([NH3+])C(=O)[O-]	C[C@@H](C[C@@H](C(=O)[O-])[NH3+])[NH3+]	2	2	2	2
cpd23127	K-252b	K252b	name_lookup	STEREO_DIFF	AMSOPBXQXSAAAC-WOPPVIIVSA-M	AMSOPBXQXSAAAC-PLZPTFKGSA-N	9981344	C[C@]12OC(C[C@@]1(O)C(=O)[O-])n1c3ccccc3c3c4c(c5c6ccccc6n2c5c31)CNC4=O	C[C@@]12[C@](C[C@@H](O1)N3C4=CC=CC=C4C5=C6C(=C7C8=CC=CC=C8N2C7=C53)CNC6=O)(C(=O)O)O	2	3	3	3
cpd23145	2,3-bis-<i>O</i>-geranylgeranyl-<i>sn</i>-glycero-1-phospho-1'-<i>myo</i>-inositol	InChI=1S/C49H83O11P/c1-35(2)17-11-19-37(5)21-13-23	inchi_lookup	STEREO_DIFF	NENJIGZIVSXAMB-IAPFVRBOSA-M	NENJIGZIVSXAMB-OGNSAIDESA-M	90658727	CC(C)=CCC/C(C)=C/CC/C(C)=C/CC/C(C)=C/COC[C@@H](COP(=O)([O-])O[C@@H]1[C@H](O)[C@H](O)[C@@H](O)[C@H](O)[C@H]1O)OC/C=C(\C)CC/C=C(\C)CC/C=C(\C)CCC=C(C)C	CC(=CCC/C(=C/CC/C(=C/CC/C(=C/COC[C@@H](COP(=O)([O-])OC1[C@@H]([C@H](C([C@H]([C@H]1O)O)O)O)O)OC/C=C(\C)/CC/C=C(\C)/CC/C=C(\C)/CCC=C(C)C)/C)/C)/C)C	13	14	11	14
cpd23148	1D-<i>myo</i>-inositol (3,6)-bisphosphate	inositol (3,6)-bisphosphate	name_lookup	STEREO_DIFF	PELZSPZCXGTUMR-ADOSBGCESA-J	PELZSPZCXGTUMR-OHMVJDTGSA-J	45479461	O=P([O-])([O-])O[C@H]1[C@@H](O)[C@@H](O)[C@H](OP(=O)([O-])[O-])[C@@H](O)[C@@H]1O	[C@H]1([C@@H](C([C@H]([C@@H](C1OP(=O)([O-])[O-])O)O)OP(=O)([O-])[O-])O)O	6	6	4	6
cpd23149	1D-<i>myo</i>-inositol 3-diphosphate 1,2,4,5,6-pentakisphosphate	CHEBI:140374	chebi_xref	STEREO_DIFF	UPHPWXPNZIOZJL-PTQMNWPWSA-B	UPHPWXPNZIOZJL-LXOASSSBSA-A	45479345	O=P([O-])([O-])O[C@@H]1[C@@H](OP(=O)([O-])[O-])[C@H](OP(=O)([O-])[O-])[C@@H](OP(=O)([O-])OP(=O)([O-])O)[C@@H](OP(=O)([O-])[O-])[C@H]1OP(=O)([O-])[O-]	[C@H]1([C@@H](C([C@H]([C@@H](C1OP(=O)([O-])[O-])OP(=O)([O-])[O-])OP(=O)([O-])[O-])OP(=O)([O-])OP(=O)([O-])[O-])OP(=O)([O-])[O-])OP(=O)([O-])[O-]	6	8	4	7
cpd23237	(3beta,12beta)-20-(beta-D-glucopyranosyloxy)-12-hydroxydammar-24-en-3-yl beta-D-glucopyranoside	(3beta,12beta)-20-(beta-D-glucopyranosyloxy)-12-hydroxydammar-24-en-3-yl beta-D-glucopyranoside	name_lookup	STEREO_DIFF	SWIROVJVGRGSPO-RAEVAQEDSA-N	SWIROVJVGRGSPO-JBVRGBGGSA-N	9918692	CC(C)=CCCC(C)(O[C@@H]1O[C@H](CO)[C@@H](O)[C@H](O)[C@H]1O)[C@H]1CC[C@]2(C)[C@@H]1[C@H](O)C[C@H]1[C@@]3(C)CC[C@H](O[C@@H]4O[C@H](CO)[C@@H](O)[C@H](O)[C@H]4O)C(C)(C)[C@@H]3CC[C@]12C	CC(=CCC[C@@](C)([C@H]1CC[C@@]2([C@@H]1[C@@H](C[C@H]3[C@]2(CC[C@@H]4[C@@]3(CC[C@@H](C4(C)C)O[C@H]5[C@@H]([C@H]([C@@H]([C@H](O5)CO)O)O)O)C)C)O)C)O[C@H]6[C@@H]([C@H]([C@@H]([C@H](O6)CO)O)O)O)C	19	20	20	20
cpd23272	(1S,2R,3R,4S,5S,6R)-2,3,4,5,6-pentahydroxycyclohexyl 2-[(N-acetyl-S-arsonato-L-cysteinyl)amino]-2-deoxy-alpha-D-glucopyranoside	CHEBI:59655	chebi_xref	STEREO_DIFF	UFFVRAZTLALLGR-FQBKTPCVSA-M	UFFVRAZTLALLGR-MGQAWMCHSA-L	46224551	CC(=O)N[C@@H](CS[As](=O)([O-])O)C(=O)N[C@H]1[C@@H](O[C@@H]2[C@H](O)[C@H](O)[C@@H](O)[C@H](O)[C@H]2O)O[C@H](CO)[C@@H](O)[C@@H]1O	CC(=O)N[C@@H](CS[As](=O)([O-])[O-])C(=O)N[C@@H]1[C@H]([C@@H]([C@H](O[C@@H]1OC2[C@@H]([C@H](C([C@H]([C@H]2O)O)O)O)O)CO)O)O	12	13	10	12
cpd23317	Dec-PP-{[beta-D-GlcNAc-(1->4)]-MurNAc-L-Ala-gamma-D-Glu-meso-DAP-D-Ala-D-Ala}2	a peptidoglycan dimer (mycobacteria)	name_lookup	STEREO_DIFF	XZWVBMCLWBSYKN-HHBFEEODSA-H	XZWVBMCLWBSYKN-WJSZAVAKSA-H	46173258	CC(=O)N[C@H]1[C@H](O[C@H]2[C@H](O[C@H](C)C(=O)N[C@@H](C)C(=O)N[C@H](CCC(=O)N[C@@H](CCC[C@@H]([NH3+])C(=O)[O-])C(=O)N[C@H](C)C(=O)N[C@H](C)C(=O)[O-])C(=O)[O-])[C@@H](NC(C)=O)[C@@H](OP(=O)([O-])OP(=O)([O-])OC/C=C(/C)CC/C=C(/C)CC/C=C(/C)CC/C=C(/C)CC/C=C(/C)CC/C=C(/C)CC/C=C(/C)CC/C=C(\C)CC/C=C(\C)CCC=C(C)C)O[C@@H]2CO)O[C@H](CO)[C@@H](O[C@@H]2O[C@H](CO)[C@@H](O[C@@H]3O[C@H](CO)[C@@H](O)[C@H](O)[C@H]3NC(C)=O)[C@H](O[C@H](C)C(=O)N[C@@H](C)C(=O)N[C@H](CCC(=O)N[C@@H](CCC[C@@H]([NH3+])C(=O)[O-])C(=O)N[C@H](C)C(=O)N[C@H](C)C(=O)[O-])C(=O)[O-])[C@H]2NC(C)=O)[C@@H]1O	C[C@@H](C(=O)N[C@H](CCC(=O)N[C@@H](CCC[C@H](C(=O)[O-])[NH3+])C(=O)N[C@@H](C)C(=O)N[C@H](C)C(=O)[O-])C(=O)[O-])NC(=O)[C@@H](C)O[C@@H]1[C@H]([C@H](O[C@@H]([C@H]1O[C@@H]2[C@@H]([C@H]([C@@H]([C@H](O2)CO)O)O)NC(=O)C)CO)O[C@@H]3[C@H](O[C@@H]([C@@H]([C@H]3O)NC(=O)C)O[C@@H]4[C@H](O[C@@H]([C@@H]([C@H]4O[C@H](C)C(=O)N[C@@H](C)C(=O)N[C@H](CCC(=O)N[C@@H](CCC[C@H](C(=O)[O-])[NH3+])C(=O)N[C@@H](C)C(=O)N[C@H](C)C(=O)[O-])C(=O)[O-])NC(=O)C)OP(=O)([O-])OP(=O)([O-])OC/C=C(/C)\CC/C=C(/C)\CC/C=C(/C)\CC/C=C(/C)\CC/C=C(/C)\CC/C=C(/C)\CC/C=C(/C)\CC/C=C(\C)/CC/C=C(\C)/CCC=C(C)C)CO)CO)NC(=O)C	43	45	43	45
cpd23323	<i>ditrans,octacis</i>-undecaprenyldiphospho-<i>N</i>-acetylmuramoyl-L-alanyl-D-isglutaminyl-N<sup>6</sup>-(L-alanyl-L-alanyl)-L-lysyl-D-alanyl-D-alanine	ditrans,octacis-undecaprenyldiphospho-N-acetylmuramoyl-L-alanyl-D-isglutaminyl-N6-(L-alanyl-L-alanyl)-L-lysyl-D-alanyl-D-alanine	name_lookup	STEREO_DIFF	SPNUHDHMVZBORE-WMXZGDGASA-L	SPNUHDHMVZBORE-XUQLFXMQSA-L	90659167	CC(=O)N[C@H]1[C@H](O[C@H]2[C@H](O[C@H](C)C(=O)N[C@@H](C)C(=O)N[C@H](CCC(=O)N[C@@H](CCCCNC(=O)[C@H](C)NC(=O)[C@H](C)[NH3+])C(=O)N[C@H](C)C(=O)N[C@H](C)C(=O)[O-])C(N)=O)[C@@H](NC(C)=O)[C@@H](OP(=O)([O-])OP(=O)([O-])OC/C=C(/C)CC/C=C(/C)CC/C=C(/C)CC/C=C(/C)CC/C=C(/C)CC/C=C(/C)CC/C=C(/C)CC/C=C(/C)CC/C=C(\C)CC/C=C(\C)CCC=C(C)C)O[C@@H]2CO)O[C@H](CO)[C@@H](O)[C@@H]1O	C[C@@H](C(=O)N[C@@H](C)C(=O)NCCCC[C@@H](C(=O)N[C@H](C)C(=O)N[C@H](C)C(=O)[O-])NC(=O)CC[C@H](C(=O)N)NC(=O)[C@H](C)NC(=O)[C@@H](C)O[C@@H]1[C@H]([C@H](O[C@@H]([C@H]1O[C@@H]2[C@@H]([C@H]([C@@H]([C@H](O2)CO)O)O)NC(=O)C)CO)OP(=O)([O-])OP(=O)([O-])OC/C=C(/C)\CC/C=C(/C)\CC/C=C(/C)\CC/C=C(/C)\CC/C=C(/C)\CC/C=C(/C)\CC/C=C(/C)\CC/C=C(/C)\CC/C=C(\C)/CC/C=C(\C)/CCC=C(C)C)NC(=O)C)[NH3+]	28	30	28	30
cpd23325	UDP-<i>N</i>-acetylmuramoyl-L-alanyl-D-glutamyl-N<sup>6</sup>-(L-seryl-L-alanyl)-L-lysyl-D-alanyl-D-alanine	UDP-N-acetylmuramoyl-heptapeptide (W. viridescens)	name_lookup	STEREO_DIFF	MHPXOXBTMGUQIU-DDEFLDRYSA-K	MHPXOXBTMGUQIU-LYJVGFLESA-K	90659170	CC(=O)N[C@H]1[C@@H](OP(=O)([O-])OP(=O)([O-])OC[C@H]2O[C@@H](n3ccc(=O)[nH]c3=O)[C@H](O)[C@@H]2O)O[C@H](CO)[C@@H](O)[C@@H]1O[C@H](C)C(=O)N[C@@H](C)C(=O)N[C@H](CCC(=O)N[C@@H](CCCCNC(=O)[C@H](C)NC(=O)[C@@H]([NH3+])CO)C(=O)N[C@H](C)C(=O)N[C@H](C)C(=O)[O-])C(=O)[O-]	C[C@@H](C(=O)N[C@@H](CCC(=O)N[C@H](CCCCNC(=O)[C@H](C)NC(=O)[C@H](CO)[NH3+])C(=O)N[C@@H](C)C(=O)N[C@H](C)C(=O)[O-])C(=O)[O-])NC(=O)[C@@H](C)O[C@@H]1[C@H]([C@H](O[C@@H]([C@H]1O)CO)OP(=O)([O-])OP(=O)([O-])OC[C@@H]2[C@H]([C@H]([C@@H](O2)N3C=CC(=O)NC3=O)O)O)NC(=O)C	17	19	17	19
cpd23337	N-acetylmuramoyl-L-alanyl-D-isoglutaminyl-N-(beta-D-asparatyl)-L-lysyl-D-alanyl-D-alanine-diphosphoundecaprenyl-N-acetylglucosamine	ditrans,octacis-undecaprenyldiphospho-N-acetyl-(N-acetylglucosaminyl)muramoyl-L-alanyl-gamma-D-isoglutaminyl-N-(beta-D-asparatyl)-L-lysyl-D-alanyl-D-alanine	name_lookup	STEREO_DIFF	LBWQSTBUXZWAPL-PBUIOWKLSA-K	LBWQSTBUXZWAPL-SNILWHOYSA-K	90658840	CC(=O)N[C@H]1[C@H](O[C@@H]2[C@H](O[C@H](C)C(=O)N[C@@H](C)C(=O)N[C@H](CCC(=O)N[C@@H](CCCCNC(=O)C[C@@H]([NH3+])C(=O)[O-])C(=O)N[C@H](C)C(=O)N[C@H](C)C(=O)[O-])C(N)=O)[C@@H](NC(C)=O)[C@@H](OP(=O)([O-])OP(=O)([O-])OC/C=C(/C)CC/C=C(/C)CC/C=C(/C)CC/C=C(/C)CC/C=C(/C)CC/C=C(/C)CC/C=C(/C)CC/C=C(/C)CC/C=C(\C)CC/C=C(\C)CCC=C(C)C)O[C@@H]2CO)O[C@H](CO)[C@@H](O)[C@@H]1O	C[C@@H](C(=O)N[C@H](CCC(=O)N[C@@H](CCCCNC(=O)C[C@H](C(=O)[O-])[NH3+])C(=O)N[C@H](C)C(=O)N[C@H](C)C(=O)[O-])C(=O)N)NC(=O)[C@@H](C)O[C@@H]1[C@H]([C@H](O[C@@H]([C@H]1O[C@H]2[C@@H]([C@H]([C@@H]([C@H](O2)CO)O)O)NC(=O)C)CO)OP(=O)([O-])OP(=O)([O-])OC/C=C(/C)\CC/C=C(/C)\CC/C=C(/C)\CC/C=C(/C)\CC/C=C(/C)\CC/C=C(/C)\CC/C=C(/C)\CC/C=C(/C)\CC/C=C(\C)/CC/C=C(\C)/CCC=C(C)C)NC(=O)C	27	29	27	29
cpd23340	<i>N</i>-acetyl-muramoyl-(tetrapeptide)-<i>N</i>-acetylglucosamine-diphosphoundecaprenol	GlcNAc-(1->4)-MurNAc(oyl-L-Ala-gamma-D-iGln-L-Lys-D-Ala)-diphosphoundecaprenol	name_lookup	STEREO_DIFF	JJUKOFTUAPCZJL-DLESYFLSSA-L	JJUKOFTUAPCZJL-WWIQLCRWSA-L	90657707	CC(=O)N[C@H]1[C@H](O[C@H]2[C@H](O[C@H](C)C(=O)N[C@@H](C)C(=O)N[C@H](CCC(=O)N[C@@H](CCCC[NH3+])C(=O)N[C@H](C)C(=O)[O-])C(N)=O)[C@@H](NC(C)=O)[C@@H](OP(=O)([O-])OP(=O)([O-])OC/C=C(/C)CC/C=C(/C)CC/C=C(/C)CC/C=C(/C)CC/C=C(/C)CC/C=C(/C)CC/C=C(/C)CC/C=C(/C)CC/C=C(\C)CC/C=C(\C)CCC=C(C)C)O[C@@H]2CO)O[C@H](CO)[C@@H](O)[C@@H]1O	C[C@@H](C(=O)N[C@H](CCC(=O)N[C@H](CCCC[NH3+])C(=O)N[C@@H](C)C(=O)[O-])C(=O)N)NC(=O)[C@@H](C)O[C@@H]1[C@H]([C@H](O[C@@H]([C@H]1O[C@H]2[C@@H]([C@H]([C@@H]([C@H](O2)CO)O)O)NC(=O)C)CO)OP(=O)([O-])OP(=O)([O-])OC/C=C(/C)\CC/C=C(/C)\CC/C=C(/C)\CC/C=C(/C)\CC/C=C(/C)\CC/C=C(/C)\CC/C=C(/C)\CC/C=C(/C)\CC/C=C(\C)/CC/C=C(\C)/CCC=C(C)C)NC(=O)C	25	27	25	27
cpd23341	N-acetylmuramoyl-L-alanyl-D-isoglutaminyl-N-(beta-D-asparatyl)-L-lysyl-D-alanine-diphosphoundecaprenyl-N-acetylglucosamine	ditrans,octacis-undecaprenyldiphospho-N-acetyl-(N-acetylglucosaminyl)muramoyl-L-alanyl-gamma-D-isoglutaminyl-N-(beta-D-asparatyl)-L-lysyl-D-alanine	name_lookup	STEREO_DIFF	LBVRUBUWHAWFSL-SIKABHFDSA-K	LBVRUBUWHAWFSL-VVIOUNLLSA-K	90658290	CC(=O)N[C@H]1[C@H](O[C@H]2[C@H](O[C@H](C)C(=O)N[C@@H](C)C(=O)N[C@H](CCC(=O)N[C@@H](CCCCNC(=O)C[C@@H]([NH3+])C(=O)[O-])C(=O)N[C@H](C)C(=O)[O-])C(N)=O)[C@@H](NC(C)=O)[C@@H](OP(=O)([O-])OP(=O)([O-])OC/C=C(/C)CC/C=C(/C)CC/C=C(/C)CC/C=C(/C)CC/C=C(/C)CC/C=C(/C)CC/C=C(/C)CC/C=C(/C)CC/C=C(\C)CC/C=C(\C)CCC=C(C)C)O[C@@H]2CO)O[C@H](CO)[C@@H](O)[C@@H]1O	C[C@@H](C(=O)N[C@H](CCC(=O)N[C@H](CCCCNC(=O)C[C@H](C(=O)[O-])[NH3+])C(=O)N[C@@H](C)C(=O)[O-])C(=O)N)NC(=O)[C@@H](C)O[C@@H]1[C@H]([C@H](O[C@@H]([C@H]1O[C@H]2[C@@H]([C@H]([C@@H]([C@H](O2)CO)O)O)NC(=O)C)CO)OP(=O)([O-])OP(=O)([O-])OC/C=C(/C)\CC/C=C(/C)\CC/C=C(/C)\CC/C=C(/C)\CC/C=C(/C)\CC/C=C(/C)\CC/C=C(/C)\CC/C=C(/C)\CC/C=C(\C)/CC/C=C(\C)/CCC=C(C)C)NC(=O)C	26	28	26	28
cpd23342	N-acetylmuramoyl-L-alanyl-D-isoglutaminyl-N-(beta-D-asparaginyl)-L-lysyl-D-alanine-diphosphoundecaprenyl-N-acetylglucosamine	ditrans,octacis-undecaprenyldiphospho-N-acetyl-(N-acetylglucosaminyl)muramoyl-L-alanyl-gamma-D-isoglutaminyl-N-(beta-D-asparaginyl)-L-lysyl-D-alanine	name_lookup	STEREO_DIFF	DBUGXOQEAQNJAT-SIKABHFDSA-L	DBUGXOQEAQNJAT-VVIOUNLLSA-L	90659299	CC(=O)N[C@H]1[C@H](O[C@H]2[C@H](O[C@H](C)C(=O)N[C@@H](C)C(=O)N[C@H](CCC(=O)N[C@@H](CCCCNC(=O)C[C@@H]([NH3+])C(N)=O)C(=O)N[C@H](C)C(=O)[O-])C(N)=O)[C@@H](NC(C)=O)[C@@H](OP(=O)([O-])OP(=O)([O-])OC/C=C(/C)CC/C=C(/C)CC/C=C(/C)CC/C=C(/C)CC/C=C(/C)CC/C=C(/C)CC/C=C(/C)CC/C=C(/C)CC/C=C(\C)CC/C=C(\C)CCC=C(C)C)O[C@@H]2CO)O[C@H](CO)[C@@H](O)[C@@H]1O	C[C@@H](C(=O)N[C@H](CCC(=O)N[C@H](CCCCNC(=O)C[C@H](C(=O)N)[NH3+])C(=O)N[C@@H](C)C(=O)[O-])C(=O)N)NC(=O)[C@@H](C)O[C@@H]1[C@H]([C@H](O[C@@H]([C@H]1O[C@H]2[C@@H]([C@H]([C@@H]([C@H](O2)CO)O)O)NC(=O)C)CO)OP(=O)([O-])OP(=O)([O-])OC/C=C(/C)\CC/C=C(/C)\CC/C=C(/C)\CC/C=C(/C)\CC/C=C(/C)\CC/C=C(/C)\CC/C=C(/C)\CC/C=C(/C)\CC/C=C(\C)/CC/C=C(\C)/CCC=C(C)C)NC(=O)C	26	28	26	28
cpd23343	a nascent peptidoglycan dimer (<i>E. faecium</i>, tetrapeptide)	a peptidoglycan dimer (E. faecium, tetrapeptide)	name_lookup	STEREO_DIFF	KTCCOELKQOPTAU-WXXHVMHOSA-L	KTCCOELKQOPTAU-WZMUJBQFSA-L	134820369	CC(=O)N[C@H]1[C@H](O[C@H]2[C@H](O[C@H](C)C(=O)N[C@@H](C)C(=O)N[C@H](CCC(=O)N[C@@H](CCCCNC(=O)C[C@@H]([NH3+])C(N)=O)C(=O)N[C@H](C)C(=O)[O-])C(N)=O)[C@@H](NC(C)=O)[C@@H](OP(=O)([O-])OP(=O)([O-])OC/C=C(/C)CC/C=C(/C)CC/C=C(/C)CC/C=C(/C)CC/C=C(/C)CC/C=C(/C)CC/C=C(/C)CC/C=C(/C)CC/C=C(\C)CC/C=C(\C)CCC=C(C)C)O[C@@H]2CO)O[C@H](CO)[C@@H](O[C@@H]2O[C@H](CO)[C@@H](O[C@@H]3O[C@H](CO)[C@@H](O)[C@H](O)[C@H]3NC(C)=O)[C@H](O[C@H](C)C(=O)N[C@@H](C)C(=O)N[C@H](CCC(=O)N[C@@H](CCCCNC(=O)C[C@@H]([NH3+])C(N)=O)C(=O)N[C@H](C)C(=O)[O-])C(N)=O)[C@H]2NC(C)=O)[C@@H]1O	C[C@@H](C(=O)[O-])NC(=O)[C@@H](CCCCNC(=O)C[C@H](C(=O)N)[NH3+])NC(=O)CC[C@H](C(=O)N)NC(=O)C(C)NC(=O)[C@@H](C)O[C@@H]1[C@H]([C@H](O[C@@H]([C@H]1O[C@H]2[C@@H]([C@H]([C@@H]([C@H](O2)CO)O)O)NC(=O)C)CO)O[C@@H]3[C@H](O[C@H]([C@@H]([C@H]3O)NC(=O)C)O[C@@H]4[C@H](O[C@@H]([C@@H]([C@H]4O[C@H](C)C(=O)NC(C)C(=O)N[C@H](CCC(=O)N[C@H](CCCCNC(=O)C[C@H](C(=O)N)[NH3+])C(=O)N[C@@H](C)C(=O)[O-])C(=O)N)NC(=O)C)OP(=O)([O-])OP(=O)([O-])OC/C=C(/C)\CC/C=C(/C)\CC/C=C(/C)\CC/C=C(/C)\CC/C=C(/C)\CC/C=C(/C)\CC/C=C(/C)\CC/C=C(/C)\CC/C=C(\C)/CC/C=C(\C)/CCC=C(C)C)CO)CO)NC(=O)C	42	44	40	44
cpd23390	(E)-1-(glutathion-S-yl)-N-hydroxy-omega-(methylsulfanyl)butan-1-imine	(E)-1-(glutathion-S-yl)-N-hydroxy-omega-(methylsulfanyl)butan-1-imine	name_lookup	STEREO_DIFF	MZIFZNVMGWJZJS-CKPZPDRJSA-M	MZIFZNVMGWJZJS-VLYKUNOGSA-M	90657180	CSCCC/C(=N/O)SC[C@H](NC(=O)CC[C@H]([NH3+])C(=O)[O-])C(=O)NCC(=O)[O-]	CSCCC/C(=N\O)/SC[C@@H](C(=O)NCC(=O)[O-])NC(=O)CC[C@@H](C(=O)[O-])[NH3+]	3	3	3	3
cpd23393	(E)-1-(glutathion-S-yl)-N-hydroxy-omega-(methylsulfanyl)pentan-1-imine	(E)-1-(glutathion-S-yl)-N-hydroxy-omega-(methylsulfanyl)pentan-1-imine	name_lookup	STEREO_DIFF	YQUHLDHXDRTWFY-BUJFJAHTSA-M	YQUHLDHXDRTWFY-BOVADZLKSA-M	90657804	CSCCCC/C(=N/O)SC[C@H](NC(=O)CC[C@H]([NH3+])C(=O)[O-])C(=O)NCC(=O)[O-]	CSCCCC/C(=N\O)/SC[C@@H](C(=O)NCC(=O)[O-])NC(=O)CC[C@@H](C(=O)[O-])[NH3+]	3	3	3	3
cpd23396	(E)-1-(glutathion-S-yl)-N-hydroxy-omega-(methylsulfanyl)hexan-1-imine	(E)-1-(glutathion-S-yl)-N-hydroxy-omega-(methylsulfanyl)hexan-1-imine	name_lookup	STEREO_DIFF	QUHKCUMRZNSHRI-NOSOHGNZSA-M	QUHKCUMRZNSHRI-VSDCOVJQSA-M	90659350	CSCCCCC/C(=N/O)SC[C@H](NC(=O)CC[C@H]([NH3+])C(=O)[O-])C(=O)NCC(=O)[O-]	CSCCCCC/C(=N\O)/SC[C@@H](C(=O)NCC(=O)[O-])NC(=O)CC[C@@H](C(=O)[O-])[NH3+]	3	3	3	3
cpd23399	(E)-1-(glutathion-S-yl)-N-hydroxy-omega-(methylsulfanyl)heptan-1-imine	(E)-1-(glutathion-S-yl)-N-hydroxy-omega-(methylsulfanyl)heptan-1-imine	name_lookup	STEREO_DIFF	JOFREYGWDGCQDK-XUJJJAFJSA-M	JOFREYGWDGCQDK-ZBXZNTBBSA-M	90657391	CSCCCCCC/C(=N/O)SC[C@H](NC(=O)CC[C@H]([NH3+])C(=O)[O-])C(=O)NCC(=O)[O-]	CSCCCCCC/C(=N\O)/SC[C@@H](C(=O)NCC(=O)[O-])NC(=O)CC[C@@H](C(=O)[O-])[NH3+]	3	3	3	3
cpd23402	(E)-1-(glutathion-S-yl)-N-hydroxy-omega-(methylsulfanyl)octan-1-imine	(E)-1-(glutathion-S-yl)-N-hydroxy-omega-(methylsulfanyl)octan-1-imine	name_lookup	STEREO_DIFF	BTIMTMCNIPNGRC-AFLXUTJMSA-M	BTIMTMCNIPNGRC-BMSRQDKOSA-M	90657420	CSCCCCCCC/C(=N/O)SC[C@H](NC(=O)CC[C@H]([NH3+])C(=O)[O-])C(=O)NCC(=O)[O-]	CSCCCCCCC/C(=N\O)/SC[C@@H](C(=O)NCC(=O)[O-])NC(=O)CC[C@@H](C(=O)[O-])[NH3+]	3	3	3	3
cpd23405	(E)-1-(glutathion-S-yl)-N-hydroxy-omega-(methylsulfanyl)nonan-1-imine	(E)-1-(glutathion-S-yl)-N-hydroxy-omega-(methylsulfanyl)nonan-1-imine	name_lookup	STEREO_DIFF	GPZLPQNMTKAECU-QNPAVUSQSA-M	GPZLPQNMTKAECU-KWBVRPRRSA-M	90657411	CSCCCCCCCC/C(=N/O)SC[C@H](NC(=O)CC[C@H]([NH3+])C(=O)[O-])C(=O)NCC(=O)[O-]	CSCCCCCCCC/C(=N\O)/SC[C@@H](C(=O)NCC(=O)[O-])NC(=O)CC[C@@H](C(=O)[O-])[NH3+]	3	3	3	3
cpd23416	3-sinapoyloxypropylglucosinolate	3-sinapoyloxypropylglucosinolate	name_lookup	STEREO_DIFF	ZXNGTIMPVQJBQY-LUPOLDEESA-M	ZXNGTIMPVQJBQY-GQCUBUKLSA-M	90657802	COc1cc(/C=C/C(=O)OCCC/C(=N/OS(=O)(=O)[O-])S[C@@H]2O[C@H](CO)[C@@H](O)[C@H](O)[C@H]2O)cc(OC)c1O	COC1=CC(=CC(=C1O)OC)/C=C/C(=O)OCCC/C(=N\OS(=O)(=O)[O-])/S[C@H]2[C@@H]([C@H]([C@@H]([C@H](O2)CO)O)O)O	7	7	7	7
cpd23613	<i>bis</i>(<i>myo</i>-inositol)-1,3'-phosphate	CHEBI:142886	chebi_xref	STEREO_DIFF	FIIUDBCIQWHEHT-VOEMVRBLSA-M	FIIUDBCIQWHEHT-QHJSIRDLSA-M	50986199	O=P([O-])(O[C@@H]1[C@H](O)[C@H](O)[C@@H](O)[C@H](O)[C@H]1O)O[C@@H]1[C@@H](O)[C@H](O)[C@@H](O)[C@H](O)[C@@H]1O	[C@H]1([C@H](C([C@@H]([C@@H](C1O)O)O)OP(=O)([O-])OC2[C@H]([C@H](C([C@H]([C@@H]2O)O)O)O)O)O)O	12	13	8	13
cpd23818	(1,3)-beta-xylotriose	(1,3)-beta-xylotriose	name_lookup	STEREO_DIFF	WKSXOLNEYANUQB-RTAFPKLOSA-N	WKSXOLNEYANUQB-KWGKWNPMSA-N	52940105	OC1OC[C@@H](O)[C@H](O[C@@H]2OC[C@@H](O)[C@H](O[C@@H]3OC[C@@H](O)[C@H](O)[C@H]3O)[C@H]2O)[C@H]1O	C1[C@H]([C@@H]([C@H]([C@@H](O1)O)O)O[C@H]2[C@@H]([C@H]([C@@H](CO2)O)O[C@H]3[C@@H]([C@H]([C@@H](CO3)O)O)O)O)O	11	12	12	12
cpd23819	(1,3)-beta-xylotetraose	(1,3)-beta-xylotetraose	name_lookup	STEREO_DIFF	YIMKISJWNJZSQI-GKDCLMHXSA-N	YIMKISJWNJZSQI-JTOFAPFQSA-N	52940205	OC1OC[C@@H](O)[C@H](O[C@@H]2OC[C@@H](O)[C@H](O[C@@H]3OC[C@@H](O)[C@H](O[C@@H]4OC[C@@H](O)[C@H](O)[C@H]4O)[C@H]3O)[C@H]2O)[C@H]1O	C1[C@H]([C@@H]([C@H]([C@@H](O1)O)O)O[C@H]2[C@@H]([C@H]([C@@H](CO2)O)O[C@H]3[C@@H]([C@H]([C@@H](CO3)O)O[C@H]4[C@@H]([C@H]([C@@H](CO4)O)O)O)O)O)O	15	16	16	16
cpd23840	2,2'-azino-bis-(3-ethylbenzothiazoline-6-sulfonate) radical cation	2,2'-azino-bis-(3-ethylbenzothiazoline-6-sulfonate) radical cation	name_lookup	STEREO_DIFF	HFNOFNDLBTVECO-YAFCTCPESA-L	HFNOFNDLBTVECO-UHFFFAOYSA-L	90658258	CCn1/c(=N/N=C2/Sc3cc(S(=O)(=O)[O-])ccc3[N+]2CC)sc2cc(S(=O)(=O)[O-])ccc21	CCN\1C2=C(C=C(C=C2)S(=O)(=O)[O-])S/C1=N\N=C\3/[N+](C4=C(S3)C=C(C=C4)S(=O)(=O)[O-])CC	2	2	2	2
cpd23864	XLFG xyloglucan oligosaccharide	XLFG xyloglucan oligosaccharide	name_lookup	STEREO_DIFF	UXLCPUQLASXUCI-LRZKYNRXSA-N	UXLCPUQLASXUCI-YWIPSOFJSA-N	54758680	C[C@H]1O[C@@H](O[C@H]2[C@H](O[C@H]3[C@@H](OC[C@H]4O[C@@H](O[C@H]5[C@H](O)[C@@H](O)C(O)O[C@@H]5CO)[C@H](O)[C@@H](O)[C@@H]4O[C@@H]4O[C@H](CO[C@H]5OC[C@@H](O)[C@H](O)[C@H]5O[C@@H]5O[C@H](CO)[C@H](O)[C@H](O)[C@H]5O)[C@@H](O[C@@H]5O[C@H](CO[C@H]6OC[C@@H](O)[C@H](O)[C@H]6O)[C@@H](O)[C@H](O)[C@H]5O)[C@H](O)[C@H]4O)OC[C@@H](O)[C@@H]3O)O[C@H](CO)[C@H](O)[C@@H]2O)[C@H](O)[C@@H](O)[C@H]1O	C[C@@H]1[C@@H]([C@@H]([C@H]([C@@H](O1)O[C@@H]2[C@H]([C@H]([C@H](O[C@H]2OC3[C@H](C(COC3OC[C@@H]4[C@H]([C@@H]([C@H]([C@@H](O4)O[C@@H]5[C@H](O[C@H]([C@@H]([C@H]5O)O)O)CO)O)O)O[C@H]6[C@@H]([C@H]([C@@H]([C@H](O6)COC7C([C@H](C(CO7)O)O)O[C@H]8[C@@H]([C@H]([C@H]([C@H](O8)CO)O)O)O)O[C@H]9[C@@H]([C@H]([C@@H]([C@H](O9)COC1C([C@H](C(CO1)O)O)O)O)O)O)O)O)O)O)CO)O)O)O)O)O	46	47	38	47
cpd23865	XXFG xyloglucan oligosaccharide	XXFG xyloglucan oligosaccharide	name_lookup	STEREO_DIFF	IKYMUPZUAJOZHC-BDLKIKCSSA-N	IKYMUPZUAJOZHC-NDKUYQLLSA-N	54758633	C[C@H]1O[C@@H](O[C@H]2[C@H](O[C@H]3[C@@H](OC[C@H]4O[C@@H](O[C@H]5[C@H](O)[C@@H](O)C(O)O[C@@H]5CO)[C@H](O)[C@@H](O)[C@@H]4O[C@@H]4O[C@H](CO[C@H]5OC[C@@H](O)[C@H](O)[C@H]5O)[C@@H](O[C@@H]5O[C@H](CO[C@H]6OC[C@@H](O)[C@H](O)[C@H]6O)[C@@H](O)[C@H](O)[C@H]5O)[C@H](O)[C@H]4O)OC[C@@H](O)[C@@H]3O)O[C@H](CO)[C@H](O)[C@@H]2O)[C@H](O)[C@@H](O)[C@H]1O	C[C@@H]1[C@@H]([C@@H]([C@H]([C@@H](O1)O[C@@H]2[C@H]([C@H]([C@H](O[C@H]2OC3[C@H](C(COC3OC[C@@H]4[C@H]([C@@H]([C@H]([C@@H](O4)O[C@@H]5[C@H](O[C@H]([C@@H]([C@H]5O)O)O)CO)O)O)O[C@H]6[C@@H]([C@H]([C@@H]([C@H](O6)COC7C([C@H](C(CO7)O)O)O)O[C@H]8[C@@H]([C@H]([C@@H]([C@H](O8)COC9C([C@H](C(CO9)O)O)O)O)O)O)O)O)O)O)CO)O)O)O)O)O	41	42	33	42
cpd23878	3,6-anhydro-2-O-sulfo-alpha-D-galactopyranosyl-(1->3)-4-O-sulfo-D-galactose	3,6-anhydro-2-O-sulfo-alpha-D-galactopyranosyl-(1->3)-4-O-sulfo-D-galactose	name_lookup	STEREO_DIFF	CTNFROXWAZXRKW-VDGMBKLFSA-L	CTNFROXWAZXRKW-VHBGUFLRSA-L	54758619	O=S(=O)([O-])O[C@@H]1[C@H](O[C@H]2O[C@@H]3CO[C@@H]([C@H]3O)[C@H]2OS(=O)(=O)[O-])[C@@H](O)C(O)O[C@@H]1CO	C1[C@@H]2[C@@H]([C@H](O1)[C@H]([C@H](O2)O[C@@H]3[C@H]([C@@H](O[C@@H]([C@@H]3OS(=O)(=O)[O-])CO)O)O)OS(=O)(=O)[O-])O	9	10	10	10
cpd23879	4-O-sulfo- beta-D-galactopyranosyl-(1->4)-3,6-anhydro-2-O-sulfo-D-galactose	4-O-sulfo- beta-D-galactopyranosyl-(1->4)-3,6-anhydro-2-O-sulfo-D-galactose	name_lookup	STEREO_DIFF	MWCCETPFHWJFDS-OSEFXCQPSA-L	MWCCETPFHWJFDS-XWTDTOCNSA-L	54758560	O=S(=O)([O-])O[C@@H]1[C@H](O)[C@@H](O)[C@H](O[C@@H]2[C@@H]3OC[C@H]2OC(O)[C@@H]3OS(=O)(=O)[O-])O[C@@H]1CO	C1[C@@H]2[C@@H]([C@H](O1)[C@H]([C@H](O2)O)OS(=O)(=O)[O-])O[C@H]3[C@@H]([C@H]([C@H]([C@H](O3)CO)OS(=O)(=O)[O-])O)O	9	10	10	10
cpd23880	3,6-anhydro-alpha-D-galactopyranosyl-(1->3)-4-O-sulfo-D-galactose	3,6-anhydro-alpha-D-galactopyranosyl-(1->3)-4-O-sulfo-D-galactose	name_lookup	STEREO_DIFF	OGFGYTRGDDWUKC-PBFIDDPKSA-M	OGFGYTRGDDWUKC-YBFCQOOYSA-M	54758597	O=S(=O)([O-])O[C@@H]1[C@H](O[C@H]2O[C@@H]3CO[C@@H]([C@H]3O)[C@H]2O)[C@@H](O)C(O)O[C@@H]1CO	C1[C@@H]2[C@@H]([C@H](O1)[C@H]([C@H](O2)O[C@@H]3[C@H]([C@@H](O[C@@H]([C@@H]3OS(=O)(=O)[O-])CO)O)O)O)O	9	10	10	10
cpd23881	neocarratetraose 4-<i>O</i>-disulfate	neocarratetraose 4-O-disulfate	name_lookup	STEREO_DIFF	PPWBJIYNGRTPNY-SAEYTFRYSA-L	PPWBJIYNGRTPNY-OKPLKWSVSA-L	54758704	O=S(=O)([O-])O[C@@H]1[C@H](O[C@H]2O[C@@H]3CO[C@@H]([C@H]3O)[C@H]2O)[C@@H](O)[C@H](O[C@@H]2[C@@H]3OC[C@H]2O[C@H](O[C@H]2[C@@H](OS(=O)(=O)[O-])[C@@H](CO)OC(O)[C@@H]2O)[C@@H]3O)O[C@@H]1CO	C1[C@@H]2[C@@H]([C@H](O1)[C@H]([C@H](O2)O[C@@H]3[C@H]([C@@H](O[C@@H]([C@@H]3OS(=O)(=O)[O-])CO)O[C@H]4[C@H]5CO[C@@H]4[C@H]([C@H](O5)O[C@@H]6[C@H]([C@@H](O[C@@H]([C@@H]6OS(=O)(=O)[O-])CO)O)O)O)O)O)O	19	20	20	20
cpd23882	iota-neocarratetraose sulfate	iota-neocarratetraose sulfate	name_lookup	STEREO_DIFF	QILNVJZKGZSQFJ-GCDDTEOQSA-J	QILNVJZKGZSQFJ-IXTYJRGDSA-J	54758694	O=S(=O)([O-])O[C@@H]1[C@H](O[C@H]2O[C@@H]3CO[C@@H]([C@H]3O)[C@H]2OS(=O)(=O)[O-])[C@@H](O)[C@H](O[C@@H]2[C@@H]3OC[C@H]2O[C@H](O[C@H]2[C@@H](OS(=O)(=O)[O-])[C@@H](CO)OC(O)[C@@H]2O)[C@@H]3OS(=O)(=O)[O-])O[C@@H]1CO	C1[C@@H]2[C@@H]([C@H](O1)[C@H]([C@H](O2)O[C@@H]3[C@H]([C@@H](O[C@@H]([C@@H]3OS(=O)(=O)[O-])CO)O[C@H]4[C@H]5CO[C@@H]4[C@H]([C@H](O5)O[C@@H]6[C@H]([C@@H](O[C@@H]([C@@H]6OS(=O)(=O)[O-])CO)O)O)OS(=O)(=O)[O-])O)OS(=O)(=O)[O-])O	19	20	20	20
cpd23883	iota-neocarrahexaose sulfate	iota-neocarrahexaose sulfate	name_lookup	STEREO_DIFF	JKZMNXQJLUUIRT-ORGYOHQWSA-H	JKZMNXQJLUUIRT-YTZOPKLZSA-H	54758631	O=S(=O)([O-])O[C@@H]1[C@H](O[C@H]2O[C@@H]3CO[C@@H]([C@H]3O[C@@H]3O[C@H](CO)[C@H](OS(=O)(=O)[O-])[C@H](O[C@H]4O[C@@H]5CO[C@@H]([C@H]5O)[C@H]4OS(=O)(=O)[O-])[C@H]3O)[C@H]2OS(=O)(=O)[O-])[C@@H](O)[C@H](O[C@@H]2[C@@H]3OC[C@H]2O[C@H](O[C@H]2[C@@H](OS(=O)(=O)[O-])[C@@H](CO)OC(O)[C@@H]2O)[C@@H]3OS(=O)(=O)[O-])O[C@@H]1CO	C1[C@@H]2[C@@H]([C@H](O1)[C@H]([C@H](O2)O[C@@H]3[C@H]([C@@H](O[C@@H]([C@@H]3OS(=O)(=O)[O-])CO)O[C@H]4[C@H]5CO[C@@H]4[C@H]([C@H](O5)O[C@@H]6[C@H]([C@@H](O[C@@H]([C@@H]6OS(=O)(=O)[O-])CO)O[C@H]7[C@H]8CO[C@@H]7[C@H]([C@H](O8)O[C@@H]9[C@H]([C@@H](O[C@@H]([C@@H]9OS(=O)(=O)[O-])CO)O)O)OS(=O)(=O)[O-])O)OS(=O)(=O)[O-])O)OS(=O)(=O)[O-])O	29	30	30	30
cpd23886	neo-lambda-carratetraose	neo-lambda-carratetraose	name_lookup	STEREO_DIFF	SYQAURQZRLJKJT-GTBSAFNRSA-H	SYQAURQZRLJKJT-JYOYXRFGSA-H	54758649	O=S(=O)([O-])OC[C@H]1O[C@H](O[C@H]2[C@@H](O)[C@@H](CO)O[C@@H](O[C@@H]3[C@H](O)[C@@H](OS(=O)(=O)[O-])[C@@H](O[C@H]4[C@@H](O)[C@@H](CO)OC(O)[C@@H]4OS(=O)(=O)[O-])O[C@@H]3COS(=O)(=O)[O-])[C@@H]2OS(=O)(=O)[O-])[C@H](OS(=O)(=O)[O-])[C@@H](O)[C@H]1O	C([C@@H]1[C@@H]([C@@H]([C@H]([C@@H](O1)O)OS(=O)(=O)[O-])O[C@@H]2[C@@H]([C@H]([C@H]([C@H](O2)COS(=O)(=O)[O-])O[C@H]3[C@@H]([C@H]([C@H]([C@H](O3)CO)O)O[C@@H]4[C@@H]([C@H]([C@H]([C@H](O4)COS(=O)(=O)[O-])O)O)OS(=O)(=O)[O-])OS(=O)(=O)[O-])O)OS(=O)(=O)[O-])O)O	19	20	20	20
cpd23887	neo-lambda-carrahexaose	neo-lambda-carrahexaose	name_lookup	STEREO_DIFF	XCAVJOBVNSMNME-WRUHAMNASA-E	XCAVJOBVNSMNME-HOQVOYLOSA-E	54758567	O=S(=O)([O-])OC[C@H]1O[C@H](O[C@H]2[C@@H](O)[C@@H](CO)O[C@@H](O[C@@H]3[C@H](O)[C@@H](OS(=O)(=O)[O-])[C@@H](O[C@H]4[C@@H](O)[C@@H](CO)O[C@@H](O[C@@H]5[C@H](O)[C@@H](OS(=O)(=O)[O-])[C@@H](O[C@H]6[C@@H](O)[C@@H](CO)OC(O)[C@@H]6OS(=O)(=O)[O-])O[C@@H]5COS(=O)(=O)[O-])[C@@H]4OS(=O)(=O)[O-])O[C@@H]3COS(=O)(=O)[O-])[C@@H]2OS(=O)(=O)[O-])[C@H](OS(=O)(=O)[O-])[C@@H](O)[C@H]1O	C([C@@H]1[C@@H]([C@@H]([C@H]([C@@H](O1)O)OS(=O)(=O)[O-])O[C@@H]2[C@@H]([C@H]([C@H]([C@H](O2)COS(=O)(=O)[O-])O[C@H]3[C@@H]([C@H]([C@H]([C@H](O3)CO)O)O[C@@H]4[C@@H]([C@H]([C@H]([C@H](O4)COS(=O)(=O)[O-])O[C@H]5[C@@H]([C@H]([C@H]([C@H](O5)CO)O)O[C@@H]6[C@@H]([C@H]([C@H]([C@H](O6)COS(=O)(=O)[O-])O)O)OS(=O)(=O)[O-])OS(=O)(=O)[O-])O)OS(=O)(=O)[O-])OS(=O)(=O)[O-])O)OS(=O)(=O)[O-])O)O	29	30	30	30
cpd23888	neo-lambda-carrabiose	neo-lambda-carrabiose	name_lookup	STEREO_DIFF	RHDWPJKPWCDPBP-JZSVMVJISA-K	RHDWPJKPWCDPBP-WSWWMNSNSA-K	54758700	O=S(=O)([O-])OC[C@H]1O[C@H](O[C@H]2[C@@H](O)[C@@H](CO)OC(O)[C@@H]2OS(=O)(=O)[O-])[C@H](OS(=O)(=O)[O-])[C@@H](O)[C@H]1O	C([C@@H]1[C@@H]([C@@H]([C@H]([C@@H](O1)O)OS(=O)(=O)[O-])O[C@@H]2[C@@H]([C@H]([C@H]([C@H](O2)COS(=O)(=O)[O-])O)O)OS(=O)(=O)[O-])O)O	9	10	10	10
cpd23974	12,13-epoxy-9-cis-octadecenoate	12,13-epoxy-9-cis-octadecenoate	name_lookup	STEREO_DIFF	CCPPLLJZDQAOHD-DHZHZOJOSA-M	CCPPLLJZDQAOHD-FLIBITNWSA-M	25246088	CCCCCC1OC1C/C=C/CCCCCCCC(=O)[O-]	CCCCCC1C(O1)C/C=C\CCCCCCCC(=O)[O-]	1	3	1	3
cpd24084	4-(3-carboxy-3-oxo-propenyl)-2,3-dihydro-1<i>H</i>-pyrrole-2-carboxylate	4-(3-carboxy-3-oxo-propenyl)-2,3-dihydro-1H-pyrrole-2-carboxylate	name_lookup	STEREO_DIFF	AYBUENGBNNZJHB-OWOJBTEDSA-M	AYBUENGBNNZJHB-UPHRSURJSA-M	90657164	O=C([O-])C(=O)/C=C/C1=C[NH2+]C(C(=O)[O-])C1	C1C([NH2+]C=C1/C=C\C(=O)C(=O)[O-])C(=O)[O-]	1	2	1	2
cpd24096	Glc3Man9GlcNAc2	Glc3Man9GlcNAc2	name_lookup	STEREO_DIFF	KUYCTNQKTFGPMI-JTKGDZNCSA-N	KUYCTNQKTFGPMI-SXHURMOUSA-N	71297337	CC(=O)N[C@H]1[C@H](O[C@H]2[C@H](O)[C@@H](NC(C)=O)C(O)O[C@@H]2CO)O[C@H](CO)[C@@H](O[C@@H]2O[C@H](CO[C@H]3O[C@H](CO[C@H]4O[C@H](CO)[C@@H](O)[C@H](O)[C@@H]4O[C@H]4O[C@H](CO)[C@@H](O)[C@H](O)[C@@H]4O)[C@@H](O)[C@H](O[C@H]4O[C@H](CO)[C@@H](O)[C@H](O)[C@@H]4O[C@H]4O[C@H](CO)[C@@H](O)[C@H](O)[C@@H]4O)[C@@H]3O)[C@@H](O)[C@H](O[C@H]3O[C@H](CO)[C@@H](O)[C@H](O)[C@@H]3O[C@H]3O[C@H](CO)[C@@H](O)[C@H](O)[C@@H]3O[C@H]3O[C@H](CO)[C@H](O)[C@H](O[C@H]4O[C@H](CO)[C@@H](O)[C@H](O[C@H]5O[C@H](CO)[C@@H](O)[C@H](O)[C@H]5O[C@H]5O[C@H](CO)[C@@H](O)[C@H](O)[C@H]5O)[C@H]4O)[C@@H]3O)[C@@H]2O)[C@@H]1O	CC(=O)N[C@@H]1[C@H]([C@@H]([C@H](O[C@H]1O[C@@H]2[C@H](OC([C@@H]([C@H]2O)NC(=O)C)O)CO)CO)O[C@H]3[C@H]([C@H]([C@@H]([C@H](O3)CO[C@@H]4[C@H]([C@H]([C@@H]([C@H](O4)CO[C@@H]5[C@H]([C@H]([C@@H]([C@H](O5)CO)O)O)O[C@@H]6[C@H]([C@H]([C@@H]([C@H](O6)CO)O)O)O)O)O[C@@H]7[C@H]([C@H]([C@@H]([C@H](O7)CO)O)O)O[C@@H]8[C@H]([C@H]([C@@H]([C@H](O8)CO)O)O)O)O)O)O[C@@H]9[C@H]([C@H]([C@@H]([C@H](O9)CO)O)O)O[C@@H]1[C@H]([C@H]([C@@H]([C@H](O1)CO)O)O)O[C@@H]1[C@H]([C@H]([C@@H]([C@H](O1)CO)O)O[C@@H]1[C@@H]([C@H]([C@@H]([C@H](O1)CO)O)O[C@@H]1[C@@H]([C@H]([C@@H]([C@H](O1)CO)O)O)O[C@@H]1[C@@H]([C@H]([C@@H]([C@H](O1)CO)O)O)O)O)O)O)O	69	70	69	70
cpd24105	carbomycin	carbomycin	name_lookup	STEREO_DIFF	FQVHOULQCKDUCY-GCXOOQFVSA-O	FQVHOULQCKDUCY-OGHXVOSASA-N	5287879	CO[C@@H]1[C@@H](O[C@@H]2O[C@H](C)[C@H](O[C@H]3C[C@@](C)(O)[C@@H](OC(=O)CC(C)C)[C@H](C)O3)[C@H]([NH+](C)C)[C@H]2O)[C@@H](CC=O)C[C@@H](C)C(=O)/C=C/C2OC2C[C@@H](C)OC(=O)C[C@H]1OC(C)=O	C[C@@H]1C[C@@H]([C@@H]([C@H]([C@@H](CC(=O)O[C@@H](C[C@H]2[C@@H](O2)/C=C/C1=O)C)OC(=O)C)OC)O[C@H]3[C@@H]([C@H]([C@@H]([C@H](O3)C)O[C@H]4C[C@@]([C@H]([C@@H](O4)C)OC(=O)CC(C)C)(C)O)N(C)C)O)CC=O	16	18	18	18
cpd24255	(<i>N</i>-acetylgalactosaminyl)<sub>2</sub>-(glucosyl)-(<i>N</i>-acetylgalactosaminyl)<sub>3</sub>- <i>N,N'</i>-diacetylbacillosaminyl-diphospho-<i>tri-trans,hepta-cis</i>-undecaprenol	GalNAc-alpha1,4-GalNAc-alpha1,4-(Glcbeta1,3)-GalNAc-alpha1,4-GalNAc-alpha1,4-GalNAc-alpha1,3-Bac-alpha1-PP-Und	name_lookup	STEREO_DIFF	UNWLHBGOABGYBQ-XNFPZYILSA-L	UNWLHBGOABGYBQ-DZBHWJKISA-L	91820033	CC(=O)N[C@H]1[C@@H](O[C@@H]2[C@@H](NC(C)=O)[C@@H](OP(=O)([O-])OP(=O)([O-])OC/C=C(/C)CC/C=C(/C)CC/C=C(/C)CC/C=C(/C)CC/C=C(/C)CC/C=C(/C)CC/C=C(/C)CC/C=C(\C)CC/C=C(\C)CC/C=C(\C)CCC=C(C)C)O[C@H](C)[C@H]2NC(C)=O)O[C@H](CO)[C@H](O[C@H]2O[C@H](CO)[C@@H](O[C@@H]3O[C@H](CO)[C@H](O[C@H]4O[C@H](CO)[C@H](O[C@@H]5O[C@H](CO)[C@H](O)[C@H](O)[C@H]5NC(C)=O)[C@H](O)[C@H]4NC(C)=O)[C@H](O[C@@H]4O[C@H](CO)[C@@H](O)[C@H](O)[C@H]4O)[C@H]3NC(C)=O)[C@H](O)[C@H]2NC(C)=O)[C@@H]1O	C[C@@H]1[C@H]([C@@H]([C@H]([C@H](O1)OP(=O)([O-])OP(=O)([O-])OC/C=C(/C)\CC/C=C(/C)\CC/C=C(/C)\CC/C=C(/C)\CC/C=C(/C)\CC/C=C(/C)\CC/C=C(/C)\CC/C=C(\C)/CC/C=C(\C)/CC/C=C(\C)/CCC=C(C)C)NC(=O)C)O[C@@H]2[C@@H]([C@H]([C@H]([C@H](O2)CO)O[C@@H]3[C@@H]([C@H]([C@H]([C@H](O3)CO)O[C@H]4[C@@H]([C@H]([C@H]([C@H](O4)CO)O[C@@H]5[C@@H]([C@H]([C@H]([C@H](O5)CO)O[C@H]6[C@@H]([C@H]([C@H]([C@H](O6)CO)O)O)NC(=O)C)O)NC(=O)C)O[C@H]7[C@@H]([C@H]([C@@H]([C@H](O7)CO)O)O)O)NC(=O)C)O)NC(=O)C)O)NC(=O)C)NC(=O)C	45	47	45	47
cpd24275	(11Z)-eicos-11-enoyl-CoA	20:1 cis-11	name_lookup	STEREO_DIFF	ZDRKXADSROCWCG-LURPFOQRSA-J	ZDRKXADSROCWCG-FVLDFCIYSA-N	71448924	CCCCCCCC/C=C\CCCCCCCCCC(=O)SCCNC(=O)CCNC(=O)C(O)C(C)(C)COP(=O)([O-])OP(=O)([O-])OC[C@H]1O[C@@H](n2cnc3c(N)ncnc32)[C@H](O)[C@@H]1OP(=O)([O-])[O-]	CCCCCCCC/C=C\CCCCCCCCCC(=O)SCCNC(=O)CCNC(=O)[C@@H](C(C)(C)COP(=O)(O)OP(=O)(O)OC[C@@H]1[C@H]([C@H]([C@@H](O1)N2C=NC3=C(N=CN=C32)N)O)OP(=O)(O)O)O	5	8	6	8
cpd24312	premithramycin B lactone	premithramycin B lactone	name_lookup	STEREO_DIFF	BWNNJKJJQAJRNH-MXJQGJNCSA-N	BWNNJKJJQAJRNH-ZGFWTYNKSA-N	90658235	CO[C@@H]1C(O)=C(C(C)=O)OC(=O)[C@@]2(O[C@H]3C[C@@H](O[C@H]4C[C@@H](O[C@H]5C[C@](C)(O)[C@H](O)[C@@H](C)O5)[C@@H](O)[C@@H](C)O4)[C@@H](O)[C@@H](C)O3)C(=O)c3c(cc4cc(O[C@H]5C[C@@H](O[C@H]6C[C@@H](O)[C@H](O)[C@@H](C)O6)[C@H](O)[C@@H](C)O5)c(C)c(O)c4c3O)C[C@@H]12	C[C@@H]1[C@H]([C@@H](C[C@@H](O1)O[C@@H]2C[C@@H](O[C@@H]([C@H]2O)C)OC3=CC4=CC5=C(C(=C4C(=C3C)O)O)C(=O)[C@]6([C@@H](C5)[C@@H](C(=C(OC6=O)C(=O)C)O)OC)O[C@H]7C[C@H]([C@@H]([C@H](O7)C)O)O[C@H]8C[C@H]([C@H]([C@H](O8)C)O)O[C@H]9C[C@]([C@@H]([C@H](O9)C)O)(C)O)O)O	23	23	23	23
cpd24456	1D-myo-inositol 6-diphospho-(1,2,4,5)-tetrakisphosphate	CHEBI:142939	chebi_xref	STEREO_DIFF	FFZGWHDHUIRNPY-KXXVROSKSA-D	FFZGWHDHUIRNPY-UYSNGIAKSA-C	25202292	O=P([O-])([O-])O[C@@H]1[C@@H](OP(=O)([O-])OP(=O)([O-])O)[C@H](OP(=O)([O-])[O-])[C@@H](OP(=O)([O-])[O-])[C@@H](O)[C@H]1OP(=O)([O-])[O-]	[C@H]1([C@H](C([C@H]([C@@H](C1O)OP(=O)([O-])[O-])OP(=O)([O-])[O-])OP(=O)([O-])OP(=O)([O-])[O-])OP(=O)([O-])[O-])OP(=O)([O-])[O-]	6	8	4	7
cpd24496	cicerin-7-O-glucoside	cicerin-7-O-glucoside	name_lookup	STEREO_DIFF	JVEKRLQYVQBLDX-LDPMODHMSA-N	JVEKRLQYVQBLDX-WUJHZDHISA-N	25245337	COc1cc2c(cc1[C@@H]1COc3cc(O[C@@H]4O[C@H](CO)[C@@H](O)[C@H](O)[C@H]4O)cc(O)c3C1=O)OCO2	COC1=CC2=C(C=C1[C@@H]3COC4=CC(=CC(=C4C3=O)O)OC5[C@@H]([C@H]([C@@H]([C@H](O5)CO)O)O)O)OCO2	6	6	5	6
cpd24513	sterigmatin	sterigmatin	name_lookup	STEREO_DIFF	CWYJYLXZMAUSNI-UHFFFAOYSA-M	CWYJYLXZMAUSNI-BWKAKNAASA-N	15553180	O=c1c2c(O)cccc2oc2cc3c(c([O-])c12)C1C=COC1O3	C1=CC(=C2C(=C1)OC3=CC4=C([C@@H]5C=CO[C@@H]5O4)C(=C3C2=O)O)O	0	2	2	2
cpd24560	CPD-5167	{alpha-D-mannosyl-(1->2)-alpha-D-mannosyl-(1->2)-alpha-D-mannosyl-(1->3)-[alpha-D-mannosyl-(1->2)-alpha-D-mannosyl-(1->3)-[alpha-D-mannosyl-(1,6)]-alpha-D-mannosyl-(1,6)]-beta-D-mannosyl-(1->4)-N-acetyl-beta-D-glucosaminyl-(1->4)-N-acetyl-D-glucosaminyl}diphosphodolichol	name_lookup	STEREO_DIFF	YRUUGXZUKTWFST-ZWEILMAKSA-L	YRUUGXZUKTWFST-HPIDHRFDSA-L	146037162	CC(=O)N[C@H]1[C@@H](OP(=O)([O-])OP(=O)([O-])OCCC(C)CC/C=C(/C)CC/C=C(/C)CC/C=C(/C)CC/C=C(/C)CC/C=C(/C)CC/C=C(/C)CC/C=C(/C)CC/C=C(/C)CC/C=C(/C)CC/C=C(/C)CC/C=C(/C)CC/C=C(/C)CC/C=C(\C)CC/C=C(\C)CCC=C(C)C)O[C@H](CO)[C@@H](O[C@@H]2O[C@H](CO)[C@@H](O[C@@H]3O[C@H](CO[C@H]4O[C@H](CO[C@H]5O[C@H](CO)[C@@H](O)[C@H](O)[C@@H]5O)[C@@H](O)[C@H](O[C@H]5O[C@H](CO)[C@@H](O)[C@H](O)[C@@H]5O[C@H]5O[C@H](CO)[C@@H](O)[C@H](O)[C@@H]5O)[C@H]4O)[C@@H](O)[C@H](O[C@H]4O[C@H](CO)[C@@H](O)[C@H](O)[C@@H]4O[C@H]4O[C@H](CO)[C@@H](O)[C@H](O)[C@@H]4O[C@H]4O[C@H](CO)[C@@H](O)[C@H](O)[C@@H]4O)[C@@H]3O)[C@@H](O)[C@H]2NC(C)=O)[C@@H]1O	CC(CC/C=C(/C)\CC/C=C(/C)\CC/C=C(/C)\CC/C=C(/C)\CC/C=C(/C)\CC/C=C(/C)\CC/C=C(/C)\CC/C=C(/C)\CC/C=C(/C)\CC/C=C(/C)\CC/C=C(/C)\CC/C=C(/C)\CC/C=C(\C)/CC/C=C(\C)/CCC=C(C)C)CCOP(=O)([O-])OP(=O)([O-])O[C@@H]1[C@@H]([C@H]([C@@H]([C@H](O1)CO)O[C@H]2[C@@H]([C@H]([C@@H]([C@H](O2)CO)O[C@H]3[C@H]([C@H]([C@@H]([C@H](O3)CO[C@@H]4[C@H]([C@H]([C@@H]([C@H](O4)CO[C@@H]5[C@H]([C@H]([C@@H]([C@H](O5)CO)O)O)O)O)O[C@@H]6[C@H]([C@H]([C@@H]([C@H](O6)CO)O)O)O[C@@H]7[C@H]([C@H]([C@@H]([C@H](O7)CO)O)O)O)O)O)O[C@@H]8[C@H]([C@H]([C@@H]([C@H](O8)CO)O)O)O[C@@H]9[C@H]([C@H]([C@@H]([C@H](O9)CO)O)O)O[C@@H]1[C@H]([C@H]([C@@H]([C@H](O1)CO)O)O)O)O)O)NC(=O)C)O)NC(=O)C	64	67	64	67
cpd24561	CPD-5168	a (mannosyl)9-(N-acetylglucosaminyl)2-diphosphodolichol	name_lookup	STEREO_DIFF	JECWIAQBRVYUQC-BTBFRNAISA-L	JECWIAQBRVYUQC-CUYCUERUSA-L	146037012	CC(=O)N[C@H]1[C@H](O[C@H]2[C@H](O)[C@@H](NC(C)=O)[C@@H](OP(=O)([O-])OP(=O)([O-])OCCC(C)CC/C=C(/C)CC/C=C(/C)CC/C=C(/C)CC/C=C(/C)CC/C=C(/C)CC/C=C(/C)CC/C=C(/C)CC/C=C(/C)CC/C=C(/C)CC/C=C(/C)CC/C=C(/C)CC/C=C(/C)CC/C=C(\C)CC/C=C(\C)CCC=C(C)C)O[C@@H]2CO)O[C@H](CO)[C@@H](O[C@@H]2O[C@H](CO[C@H]3O[C@H](CO[C@H]4O[C@H](CO)[C@@H](O)[C@H](O)[C@@H]4O[C@H]4O[C@H](CO)[C@@H](O)[C@H](O)[C@H]4O)[C@@H](O)[C@H](O[C@H]4O[C@H](CO)[C@@H](O)[C@H](O)[C@@H]4O[C@@H]4O[C@H](CO)[C@@H](O)[C@H](O)[C@@H]4O)[C@@H]3O)[C@@H](O)[C@H](O[C@H]3O[C@@H](CO)[C@@H](O)[C@H](O)[C@@H]3O[C@H]3O[C@H](CO)[C@@H](O)[C@H](O)[C@@H]3O[C@H]3O[C@H](CO)[C@@H](O)[C@H](O)[C@@H]3O)[C@@H]2O)[C@@H]1O	CC(CC/C=C(/C)\CC/C=C(/C)\CC/C=C(/C)\CC/C=C(/C)\CC/C=C(/C)\CC/C=C(/C)\CC/C=C(/C)\CC/C=C(/C)\CC/C=C(/C)\CC/C=C(/C)\CC/C=C(/C)\CC/C=C(/C)\CC/C=C(\C)/CC/C=C(\C)/CCC=C(C)C)CCOP(=O)([O-])OP(=O)([O-])O[C@@H]1[C@@H]([C@H]([C@@H]([C@H](O1)CO)O[C@H]2[C@@H]([C@H]([C@@H]([C@H](O2)CO)O[C@H]3[C@H]([C@H]([C@@H]([C@H](O3)CO[C@@H]4[C@H]([C@H]([C@@H]([C@H](O4)CO[C@@H]5[C@H]([C@H]([C@@H]([C@H](O5)CO)O)O)O[C@@H]6[C@H]([C@H]([C@@H]([C@H](O6)CO)O)O)O)O)O[C@@H]7[C@H]([C@H]([C@@H]([C@H](O7)CO)O)O)O[C@@H]8[C@H]([C@H]([C@@H]([C@H](O8)CO)O)O)O)O)O)O[C@@H]9[C@H]([C@H]([C@@H]([C@H](O9)CO)O)O)O[C@@H]1[C@H]([C@H]([C@@H]([C@H](O1)CO)O)O)O[C@@H]1[C@H]([C@H]([C@@H]([C@H](O1)CO)O)O)O)O)O)NC(=O)C)O)NC(=O)C	69	72	69	72
cpd24562	CPD-5169	a glucosyl-(mannosyl)9-(N-acetylglucosaminyl)2-diphosphodolichol	name_lookup	STEREO_DIFF	MLMXJWWXMCLAMG-WJRDRHEGSA-L	MLMXJWWXMCLAMG-CLGPPHSGSA-L	146037368	CC(=O)N[C@H]1[C@H](O[C@H]2[C@H](O)[C@@H](NC(C)=O)[C@@H](OP(=O)([O-])OP(=O)([O-])OCCC(C)CC/C=C(/C)CC/C=C(/C)CC/C=C(/C)CC/C=C(/C)CC/C=C(/C)CC/C=C(/C)CC/C=C(/C)CC/C=C(/C)CC/C=C(/C)CC/C=C(/C)CC/C=C(/C)CC/C=C(/C)CC/C=C(\C)CC/C=C(\C)CCC=C(C)C)O[C@@H]2CO)O[C@H](CO)[C@@H](O[C@@H]2O[C@H](CO[C@H]3O[C@H](CO[C@H]4O[C@H](CO)[C@@H](O)[C@H](O)[C@@H]4O[C@H]4O[C@H](CO)[C@@H](O)[C@H](O)[C@@H]4O)[C@@H](O)[C@H](O[C@H]4O[C@H](CO)[C@@H](O)[C@H](O)[C@@H]4O[C@H]4O[C@H](CO)[C@@H](O)[C@H](O)[C@@H]4O)[C@@H]3O)[C@H](O)[C@H](O[C@H]3O[C@H](CO)[C@H](O)[C@H](O)[C@@H]3O[C@H]3O[C@@H](CO)[C@@H](O)[C@H](O)[C@@H]3O[C@H]3O[C@H](CO)[C@@H](O)[C@H](O[C@H]4O[C@H](CO)[C@@H](O)[C@H](O)[C@H]4O)[C@@H]3O)[C@@H]2O)[C@@H]1O	CC(CC/C=C(/C)\CC/C=C(/C)\CC/C=C(/C)\CC/C=C(/C)\CC/C=C(/C)\CC/C=C(/C)\CC/C=C(/C)\CC/C=C(/C)\CC/C=C(/C)\CC/C=C(/C)\CC/C=C(/C)\CC/C=C(/C)\CC/C=C(\C)/CC/C=C(\C)/CCC=C(C)C)CCOP(=O)([O-])OP(=O)([O-])O[C@@H]1[C@@H]([C@H]([C@@H]([C@H](O1)CO)O[C@H]2[C@@H]([C@H]([C@@H]([C@H](O2)CO)O[C@H]3[C@H]([C@H]([C@@H]([C@H](O3)CO[C@@H]4[C@H]([C@H]([C@@H]([C@H](O4)CO[C@@H]5[C@H]([C@H]([C@@H]([C@H](O5)CO)O)O)O[C@@H]6[C@H]([C@H]([C@@H]([C@H](O6)CO)O)O)O)O)O[C@@H]7[C@H]([C@H]([C@@H]([C@H](O7)CO)O)O)O[C@@H]8[C@H]([C@H]([C@@H]([C@H](O8)CO)O)O)O)O)O)O[C@@H]9[C@H]([C@H]([C@@H]([C@H](O9)CO)O)O)O[C@@H]1[C@H]([C@H]([C@@H]([C@H](O1)CO)O)O)O[C@@H]1[C@H]([C@H]([C@@H]([C@H](O1)CO)O)O[C@@H]1[C@@H]([C@H]([C@@H]([C@H](O1)CO)O)O)O)O)O)O)NC(=O)C)O)NC(=O)C	74	77	74	77
cpd24563	CPD-5170	a (glucosyl)2(mannosyl)9-(N-acetylglucosaminyl)2-diphosphodolichol	name_lookup	STEREO_DIFF	AALOZWVGCDVETJ-RXBSWVOYSA-L	AALOZWVGCDVETJ-XUKIZSLSSA-L	146037266	CC(=O)N[C@@H]1[C@H](O[C@@H]2[C@H](O)[C@@H](NC(C)=O)[C@@H](OP(=O)([O-])OP(=O)([O-])OCCC(C)CC/C=C(/C)CC/C=C(/C)CC/C=C(/C)CC/C=C(/C)CC/C=C(/C)CC/C=C(/C)CC/C=C(/C)CC/C=C(/C)CC/C=C(/C)CC/C=C(/C)CC/C=C(/C)CC/C=C(/C)CC/C=C(\C)CC/C=C(\C)CCC=C(C)C)O[C@@H]2CO)O[C@H](CO)[C@@H](O[C@@H]2O[C@H](CO[C@H]3O[C@H](CO[C@H]4O[C@H](CO)[C@@H](O)[C@H](O)[C@@H]4O[C@H]4O[C@H](CO)[C@@H](O)[C@H](O)[C@@H]4O)[C@@H](O)[C@H](O[C@H]4O[C@H](CO)[C@@H](O)[C@H](O)[C@@H]4O[C@H]4O[C@H](CO)[C@@H](O)[C@H](O)[C@@H]4O)[C@@H]3O)[C@@H](O)[C@H](O[C@H]3O[C@H](CO)[C@@H](O)[C@H](O)[C@@H]3O[C@H]3O[C@H](CO)[C@@H](O)[C@@H](O)[C@@H]3O[C@H]3O[C@H](CO)[C@@H](O)[C@H](O[C@H]4O[C@H](CO)[C@@H](O)[C@H](O[C@@H]5O[C@H](CO)[C@@H](O)[C@H](O)[C@@H]5O)[C@H]4O)[C@@H]3O)[C@@H]2O)[C@@H]1O	CC(CC/C=C(/C)\CC/C=C(/C)\CC/C=C(/C)\CC/C=C(/C)\CC/C=C(/C)\CC/C=C(/C)\CC/C=C(/C)\CC/C=C(/C)\CC/C=C(/C)\CC/C=C(/C)\CC/C=C(/C)\CC/C=C(/C)\CC/C=C(\C)/CC/C=C(\C)/CCC=C(C)C)CCOP(=O)([O-])OP(=O)([O-])O[C@@H]1[C@@H]([C@H]([C@@H]([C@H](O1)CO)O[C@H]2[C@@H]([C@H]([C@@H]([C@H](O2)CO)O[C@H]3[C@H]([C@H]([C@@H]([C@H](O3)CO[C@@H]4[C@H]([C@H]([C@@H]([C@H](O4)CO[C@@H]5[C@H]([C@H]([C@@H]([C@H](O5)CO)O)O)O[C@@H]6[C@H]([C@H]([C@@H]([C@H](O6)CO)O)O)O)O)O[C@@H]7[C@H]([C@H]([C@@H]([C@H](O7)CO)O)O)O[C@@H]8[C@H]([C@H]([C@@H]([C@H](O8)CO)O)O)O)O)O)O[C@@H]9[C@H]([C@H]([C@@H]([C@H](O9)CO)O)O)O[C@@H]1[C@H]([C@H]([C@@H]([C@H](O1)CO)O)O)O[C@@H]1[C@H]([C@H]([C@@H]([C@H](O1)CO)O)O[C@@H]1[C@@H]([C@H]([C@@H]([C@H](O1)CO)O)O[C@@H]1[C@@H]([C@H]([C@@H]([C@H](O1)CO)O)O)O)O)O)O)O)NC(=O)C)O)NC(=O)C	79	82	79	82
cpd24647	(1R,2R,3R,4R,5R,6S)-2,3,4,5,6-pentahydroxycyclohexyl phosphate	CHEBI:64841	chebi_xref	STEREO_DIFF	INAPMGSXUVUWAF-XCMZKKERSA-L	INAPMGSXUVUWAF-WWHKVMGRSA-L	25203035	O=P([O-])([O-])O[C@H]1[C@H](O)[C@H](O)[C@H](O)[C@@H](O)[C@@H]1O	[C@@H]1([C@H](C([C@H]([C@@H](C1O)O)O)OP(=O)([O-])[O-])O)O	6	6	4	6
cpd24650	(1R,2R,3S,4R,5S,6S)-6-hydroxycyclohexane-1,2,3,4,5-pentayl pentakis(phosphate)	CHEBI:58747	chebi_xref	STEREO_DIFF	CTPQAXVNYGZUAJ-UOTPTPDRSA-D	CTPQAXVNYGZUAJ-GCVPSNMTSA-D	25246187	O=P([O-])([O-])O[C@@H]1[C@H](OP(=O)([O-])[O-])[C@H](OP(=O)([O-])[O-])[C@@H](O)[C@H](OP(=O)([O-])[O-])[C@H]1OP(=O)([O-])[O-]	[C@H]1([C@H](C([C@@H]([C@@H](C1O)OP(=O)([O-])[O-])OP(=O)([O-])[O-])OP(=O)([O-])[O-])OP(=O)([O-])[O-])OP(=O)([O-])[O-]	6	6	4	6
cpd24653	1D-<i>myo</i>-inositol (1,2,6) trisphosphate	I(1,2,6)P3	name_lookup	STEREO_DIFF	GKDKOMAJZATYAY-UOTPTPDRSA-H	GKDKOMAJZATYAY-GCVPSNMTSA-H	25244400	O=P([O-])([O-])O[C@@H]1[C@H](OP(=O)([O-])[O-])[C@H](O)[C@@H](O)[C@H](O)[C@H]1OP(=O)([O-])[O-]	[C@H]1([C@H](C([C@@H]([C@@H](C1O)O)OP(=O)([O-])[O-])OP(=O)([O-])[O-])OP(=O)([O-])[O-])O	6	6	4	6
cpd24654	1D-<i>myo</i>-inositol (1,2,3) trisphosphate	I(1,2,3)P3	name_lookup	STEREO_DIFF	GKDKOMAJZATYAY-QWBQGLJISA-H	GKDKOMAJZATYAY-UYSNGIAKSA-H	25244812	O=P([O-])([O-])O[C@@H]1[C@H](OP(=O)([O-])[O-])[C@@H](O)[C@H](O)[C@@H](O)[C@@H]1OP(=O)([O-])[O-]	[C@H]1([C@H](C([C@H]([C@@H](C1O)O)OP(=O)([O-])[O-])OP(=O)([O-])[O-])OP(=O)([O-])[O-])O	6	6	4	6
cpd24655	(1s,2R,3S,4s,5R,6S)-2,3,4,5,6-pentahydroxycyclohexyl phosphate	CHEBI:84142	chebi_xref	STEREO_DIFF	INAPMGSXUVUWAF-QWBQGLJISA-L	INAPMGSXUVUWAF-UYSNGIAKSA-L	25200860	O=P([O-])([O-])O[C@@H]1[C@H](O)[C@@H](O)[C@H](O)[C@@H](O)[C@@H]1O	[C@H]1([C@H](C([C@H]([C@@H](C1O)O)O)OP(=O)([O-])[O-])O)O	6	6	4	6
cpd24658	1D-<i>myo</i>-inositol (2,3,4) trisphosphate	D-myo-inositol (2,3,4) trisphosphate	name_lookup	STEREO_DIFF	GKDKOMAJZATYAY-PTQMNWPWSA-H	GKDKOMAJZATYAY-UHFFFAOYSA-H	21226109	O=P([O-])([O-])O[C@@H]1[C@@H](OP(=O)([O-])[O-])[C@H](O)[C@@H](O)[C@H](O)[C@@H]1OP(=O)([O-])[O-]	C1(C(C(C(C(C1O)OP(=O)([O-])[O-])OP(=O)([O-])[O-])OP(=O)([O-])[O-])O)O	6	6	0	6
cpd24659	1D-<i>myo</i>-inositol (2,4) bisphosphate	D-myo-inositol (2,4) bisphosphate	name_lookup	STEREO_DIFF	PUVHMWJJTITUGO-PTQMNWPWSA-J	PUVHMWJJTITUGO-KPQDHKIDSA-J	25245743	O=P([O-])([O-])O[C@@H]1[C@@H](O)[C@@H](OP(=O)([O-])[O-])[C@@H](O)[C@H](O)[C@H]1O	[C@H]1([C@@H](C([C@H]([C@@H](C1O)O)OP(=O)([O-])[O-])O)OP(=O)([O-])[O-])O	6	6	4	6
cpd24994	delphinidin 3-<i>O</i>-glucosyl-5-<i>O</i>-caffeoylglucoside	delphinidin 3-O-glucosyl-5-O-caffeoylglucoside	name_lookup	STEREO_DIFF	VTWOPKBMTQPNDB-DYPCXFGJSA-N	VTWOPKBMTQPNDB-IMIZDBHISA-N	145864994	O=C(/C=C/c1ccc(O)c(O)c1)OC[C@H]1O[C@@H](Oc2cc(=O)cc3oc(-c4cc(O)c(O)c(O)c4)c(O[C@@H]4O[C@H](CO)[C@@H](O)[C@H](O)[C@H]4O)cc2-3)[C@H](O)[C@@H](O)[C@@H]1O	C1=CC(=C(C=C1/C=C/C(=O)OC[C@@H]2[C@H]([C@@H]([C@H]([C@@H](O2)OC3=CC(=O)C=C4C3=CC(=C(O4)C5=CC(=C(C(=C5)O)O)O)O[C@@H]6[C@@H]([C@H]([C@@H]([C@H](O6)CO)O)O)O)O)O)O)O)O	11	11	11	11
cpd25005	quercetin 3,5-<i>O</i>-diglucoside	quercetin 3,5-O-diglucoside	name_lookup	STEREO_DIFF	YOXWSUCVDVXAMX-LOZUMUMPSA-M	YOXWSUCVDVXAMX-DEFKTLOSSA-N	5320836	O=c1c(OC2O[C@H](CO)[C@@H](O)[C@H](O)[C@H]2O)c(-c2ccc(O)c(O)c2)oc2cc([O-])cc(OC3O[C@H](CO)C(O)[C@H](O)C3O)c12	C1=CC(=C(C=C1C2=C(C(=O)C3=C(O2)C=C(C=C3O[C@H]4[C@@H]([C@H]([C@@H]([C@H](O4)CO)O)O)O)O)O[C@H]5[C@@H]([C@H]([C@@H]([C@H](O5)CO)O)O)O)O)O	6	10	10	10
cpd25007	quercetin 3-<i>O</i>-rhamnoside	quercetin 3-O-rhamnoside	name_lookup	STEREO_DIFF	OXGUCUVFOIWWQJ-TUPRLDOISA-L	OXGUCUVFOIWWQJ-HQBVPOQASA-N	5280459	C[C@@H]1O[C@H](Oc2c(-c3ccc(O)c(O)c3)oc3cc([O-])cc([O-])c3c2=O)[C@H](O)[C@H](O)[C@H]1O	C[C@H]1[C@@H]([C@H]([C@H]([C@@H](O1)OC2=C(OC3=CC(=CC(=C3C2=O)O)O)C4=CC(=C(C=C4)O)O)O)O)O	5	5	5	5
cpd25014	1,2,3/4,5,6-cyclohexanehexol	1,2,3/4,5,6-cyclohexanehexol	name_lookup	STEREO_DIFF	CDAISMWEOUEBRE-DCLYFUHFSA-N	CDAISMWEOUEBRE-UHFFFAOYSA-N	892	O[C@H]1[C@H](O)[C@H](O)[C@H](O)[C@@H](O)[C@H]1O	C1(C(C(C(C(C1O)O)O)O)O)O	6	6	0	6
cpd25015	1,2,4/3,5,6 cyclohexanehexol	1L-chiro-inositol	name_lookup	STEREO_DIFF	CDAISMWEOUEBRE-SHFUYGGZSA-N	CDAISMWEOUEBRE-UHFFFAOYSA-N	892	O[C@H]1[C@H](O)[C@@H](O)[C@H](O)[C@H](O)[C@H]1O	C1(C(C(C(C(C1O)O)O)O)O)O	6	6	0	6
cpd25017	1,2,3,4,5/6-cyclohexanehexol	1,2,3,4,5/6-cyclohexanehexol	name_lookup	STEREO_DIFF	CDAISMWEOUEBRE-NIPYSYMMSA-N	CDAISMWEOUEBRE-UHFFFAOYSA-N	892	O[C@H]1[C@@H](O)[C@@H](O)[C@@H](O)[C@@H](O)[C@@H]1O	C1(C(C(C(C(C1O)O)O)O)O)O	6	6	0	6
cpd25018	1,2,3,4,5,6/0-cyclohexanehexol	cis-inositol	name_lookup	STEREO_DIFF	CDAISMWEOUEBRE-JMVOWJSSSA-N	CDAISMWEOUEBRE-UHFFFAOYSA-N	892	O[C@H]1[C@@H](O)[C@@H](O)[C@@H](O)[C@@H](O)[C@H]1O	C1(C(C(C(C(C1O)O)O)O)O)O	6	6	0	6
cpd25019	1,2,3,4/5,6-cyclohexanehexol	1,2,3,4/5,6-cyclohexanehexol	name_lookup	STEREO_DIFF	CDAISMWEOUEBRE-OQYPVSDDSA-N	CDAISMWEOUEBRE-UHFFFAOYSA-N	892	O[C@H]1[C@H](O)[C@H](O)[C@@H](O)[C@@H](O)[C@H]1O	C1(C(C(C(C(C1O)O)O)O)O)O	6	6	0	6
cpd25020	1-<i>O</i>-methyl-<i>muco</i>-inositol	1-O-methyl-muco-inositol	name_lookup	STEREO_DIFF	DSCFFEYYQKSRSV-QJGAQZTCSA-N	DSCFFEYYQKSRSV-QQTVYWKESA-N	6551016	CO[C@H]1[C@H](O)[C@H](O)[C@@H](O)[C@H](O)[C@@H]1O	COC1[C@H]([C@H](C([C@H]([C@H]1O)O)O)O)O	6	6	4	6
cpd25111	2-O-alpha-D-galactopyranosyl-D-chiro-inositol	2-O-alpha-D-galactopyranosyl-D-chiro-inositol	name_lookup	STEREO_DIFF	VCWMRQDBPZKXKG-ADKCXELFSA-N	VCWMRQDBPZKXKG-KZMAIVIWSA-N	9906026	OC[C@H]1O[C@H](O[C@H]2[C@@H](O)[C@H](O)[C@H](O)[C@@H](O)[C@@H]2O)[C@H](O)[C@@H](O)[C@H]1O	C([C@@H]1[C@@H]([C@@H]([C@H]([C@H](O1)OC2[C@H]([C@@H](C([C@H]([C@@H]2O)O)O)O)O)O)O)O)O	11	11	9	11
cpd25112	O-alpha-D-galactopyranosyl-(1->6)-O-alpha-D-galactopyranosyl-(1->2)-1D-chiro-inositol	fagopyritol B2	name_lookup	STEREO_DIFF	MWNCPUNLDATDBW-AKBNUTDMSA-N	MWNCPUNLDATDBW-CFOWMNCWSA-N	9957786	OC[C@H]1O[C@H](OC[C@H]2O[C@H](O[C@H]3[C@@H](O)[C@H](O)[C@H](O)[C@@H](O)[C@@H]3O)[C@H](O)[C@@H](O)[C@H]2O)[C@H](O)[C@@H](O)[C@H]1O	C([C@@H]1[C@@H]([C@@H]([C@H]([C@H](O1)OC[C@@H]2[C@@H]([C@@H]([C@H]([C@H](O2)OC3[C@H]([C@@H](C([C@H]([C@@H]3O)O)O)O)O)O)O)O)O)O)O)O	16	16	14	16
cpd25113	fagopyritol B3	fagopyritol B3	name_lookup	STEREO_DIFF	XCUQINBMYSWRHJ-UUDFYMDRSA-N	XCUQINBMYSWRHJ-FHDDMTLJSA-N	9896047	OC[C@H]1O[C@H](OC[C@H]2O[C@H](OC[C@H]3O[C@H](O[C@@H]4[C@H](O)[C@H](O)[C@@H](O)[C@@H](O)[C@@H]4O)[C@H](O)[C@@H](O)[C@H]3O)[C@H](O)[C@@H](O)[C@H]2O)[C@H](O)[C@@H](O)[C@H]1O	C([C@@H]1[C@@H]([C@@H]([C@H]([C@H](O1)OC[C@@H]2[C@@H]([C@@H]([C@H]([C@H](O2)OC[C@@H]3[C@@H]([C@@H]([C@H]([C@H](O3)OC4[C@H]([C@@H](C([C@H]([C@@H]4O)O)O)O)O)O)O)O)O)O)O)O)O)O)O	21	21	19	21
cpd25114	O-alpha-D-galactopyranosyl-(1->6)-O-alpha-D-galactopyranosyl-(1->3)-1D-chiro-inositol	fagopyritol A2	name_lookup	STEREO_DIFF	MWNCPUNLDATDBW-LYHZXLDYSA-N	MWNCPUNLDATDBW-ARZGVUSQSA-N	10278846	OC[C@H]1O[C@H](OC[C@H]2O[C@H](O[C@H]3[C@H](O)[C@@H](O)[C@@H](O)[C@H](O)[C@@H]3O)[C@H](O)[C@@H](O)[C@H]2O)[C@H](O)[C@@H](O)[C@H]1O	C([C@@H]1[C@@H]([C@@H]([C@H]([C@H](O1)OC[C@@H]2[C@@H]([C@@H]([C@H]([C@H](O2)OC3[C@@H]([C@H](C([C@@H]([C@@H]3O)O)O)O)O)O)O)O)O)O)O)O	16	16	14	16
cpd25115	O-alpha-D-galactopyranosyl-(1->3)-1D-chiro-inositol	fagopyritol A1	name_lookup	STEREO_DIFF	VCWMRQDBPZKXKG-LTSXGCBZSA-N	VCWMRQDBPZKXKG-FDYPKGGJSA-N	9840967	OC[C@H]1O[C@H](O[C@H]2[C@H](O)[C@@H](O)[C@@H](O)[C@H](O)[C@@H]2O)[C@H](O)[C@@H](O)[C@H]1O	C([C@@H]1[C@@H]([C@@H]([C@H]([C@H](O1)OC2[C@@H]([C@H](C([C@@H]([C@@H]2O)O)O)O)O)O)O)O)O	11	11	9	11
cpd25116	O-alpha-D-galactopyranosyl-(1->6)-O-alpha-D-galactopyranosyl-(1->6)-O-alpha-D-galactopyranosyl-(1->3)-1D-chiro-inositol	fagopyritol A3	name_lookup	STEREO_DIFF	XCUQINBMYSWRHJ-SSRWMGOCSA-N	XCUQINBMYSWRHJ-GEDKGALZSA-N	10283250	OC[C@H]1O[C@H](OC[C@H]2O[C@H](OC[C@H]3O[C@H](O[C@H]4[C@H](O)[C@@H](O)[C@@H](O)[C@H](O)[C@@H]4O)[C@H](O)[C@@H](O)[C@H]3O)[C@H](O)[C@@H](O)[C@H]2O)[C@H](O)[C@@H](O)[C@H]1O	C([C@@H]1[C@@H]([C@@H]([C@H]([C@H](O1)OC[C@@H]2[C@@H]([C@@H]([C@H]([C@H](O2)OC[C@@H]3[C@@H]([C@@H]([C@H]([C@H](O3)OC4[C@@H]([C@H](C([C@@H]([C@@H]4O)O)O)O)O)O)O)O)O)O)O)O)O)O)O	21	21	19	21
cpd25171	(2R)-3-(hexadecanoyloxy)-2-[(9Z,12Z)-octadeca-9,12-dienoyloxy]propyl (1S,2R,3R,4S,5S,6R)-2,3,4,5,6-pentahydroxycyclohexyl phosphate	CHEBI:72838	chebi_xref	STEREO_DIFF	BSNJSZUDOMPYIR-CUKLWHKZSA-M	BSNJSZUDOMPYIR-FJESRZELSA-M	71296233	CCCCC/C=C\C/C=C\CCCCCCCC(=O)O[C@H](COC(=O)CCCCCCCCCCCCCCC)COP(=O)([O-])O[C@@H]1[C@H](O)[C@H](O)[C@@H](O)[C@H](O)[C@H]1O	CCCCCCCCCCCCCCCC(=O)OC[C@H](COP(=O)([O-])OC1[C@@H]([C@H](C([C@H]([C@H]1O)O)O)O)O)OC(=O)CCCCCCC/C=C\C/C=C\CCCCC	9	10	7	10
cpd25172	1-16:0-2-18:3-phosphatidylinositol	16:0-18:3-PI	name_lookup	STEREO_DIFF	UHAJRYVOXHROHT-ZGIJJHGGSA-M	UHAJRYVOXHROHT-RLEXZBHCSA-M	102514915	CC/C=C\C/C=C\C/C=C\CCCCCCCC(=O)O[C@H](COC(=O)CCCCCCCCCCCCCCC)COP(=O)([O-])O[C@@H]1[C@H](O)[C@H](O)[C@@H](O)[C@H](O)[C@H]1O	CCCCCCCCCCCCCCCC(=O)OC[C@H](COP(=O)([O-])OC1[C@@H]([C@H](C([C@H]([C@H]1O)O)O)O)O)OC(=O)CCCCCCC/C=C\C/C=C\C/C=C\CC	10	11	8	11
cpd25173	1-(9Z-hexadecenoyl)-2-(9Z,12Z,15Z-octadecatrienoyl)-sn-glycero-3-phospho-(1'-myo-inositol)	16:1-18:3-PI	name_lookup	STEREO_DIFF	UCRVYUGOFYNFFW-JKAMUUGMSA-M	UCRVYUGOFYNFFW-XRDYPCPSSA-M	102515489	CC/C=C\C/C=C\C/C=C\CCCCCCCC(=O)O[C@H](COC(=O)CCCCCCC/C=C\CCCCCC)COP(=O)([O-])O[C@@H]1[C@H](O)[C@H](O)[C@@H](O)[C@H](O)[C@H]1O	CCCCCC/C=C\CCCCCCCC(=O)OC[C@H](COP(=O)([O-])OC1[C@@H]([C@H](C([C@H]([C@H]1O)O)O)O)O)OC(=O)CCCCCCC/C=C\C/C=C\C/C=C\CC	11	12	9	12
cpd25174	(2R)-3-(octadecanoyloxy)-2-[(9Z)-octadec-9-enoyloxy]propyl (1S,2R,3R,4S,5S,6R)-2,3,4,5,6-pentahydroxycyclohexyl phosphate	CHEBI:77163	chebi_xref	STEREO_DIFF	YOBFISPJJWPPTK-BAAZTTAESA-M	YOBFISPJJWPPTK-BLPHCTTOSA-M	86289147	CCCCCCCC/C=C\CCCCCCCC(=O)O[C@H](COC(=O)CCCCCCCCCCCCCCCCC)COP(=O)([O-])O[C@@H]1[C@H](O)[C@H](O)[C@@H](O)[C@H](O)[C@H]1O	CCCCCCCCCCCCCCCCCC(=O)OC[C@H](COP(=O)([O-])OC1[C@@H]([C@H](C([C@H]([C@H]1O)O)O)O)O)OC(=O)CCCCCCC/C=C\CCCCCCCC	8	9	6	9
cpd25175	(2R)-2-[(9Z,12Z)-octadeca-9,12-dienoyloxy]-3-(octadecanoyloxy)propyl (1S,2R,3R,4S,5S,6R)-2,3,4,5,6-pentahydroxycyclohexyl phosphate	CHEBI:77158	chebi_xref	STEREO_DIFF	KZVRAFHIKMDULK-HAVSRZFESA-M	KZVRAFHIKMDULK-HJCWERLXSA-M	86289141	CCCCC/C=C\C/C=C\CCCCCCCC(=O)O[C@H](COC(=O)CCCCCCCCCCCCCCCCC)COP(=O)([O-])O[C@@H]1[C@H](O)[C@H](O)[C@@H](O)[C@H](O)[C@H]1O	CCCCCCCCCCCCCCCCCC(=O)OC[C@H](COP(=O)([O-])OC1[C@@H]([C@H](C([C@H]([C@H]1O)O)O)O)O)OC(=O)CCCCCCC/C=C\C/C=C\CCCCC	9	10	7	10
cpd25176	1-18:0-2-18:3-phosphatidylinositol	18:0-18:3-PI	name_lookup	STEREO_DIFF	ULRXGRJFRFBBDW-CSTDANEYSA-M	ULRXGRJFRFBBDW-SMVAFKSVSA-M	102515136	CC/C=C\C/C=C\C/C=C\CCCCCCCC(=O)O[C@H](COC(=O)CCCCCCCCCCCCCCCCC)COP(=O)([O-])O[C@@H]1[C@H](O)[C@H](O)[C@@H](O)[C@H](O)[C@H]1O	CCCCCCCCCCCCCCCCCC(=O)OC[C@H](COP(=O)([O-])OC1[C@@H]([C@H](C([C@H]([C@H]1O)O)O)O)O)OC(=O)CCCCCCC/C=C\C/C=C\C/C=C\CC	10	11	8	11
cpd25177	1-(9Z-octadecenoyl)-2-(9Z,12Z-octadecadienoyl)-sn-glycero-3-phospho-(1'-myo-inositol)	18:1-18:2-PI	name_lookup	STEREO_DIFF	MXJMOLQIXMJUEL-QBFAROQJSA-M	MXJMOLQIXMJUEL-ZCALFDKJSA-M	102514939	CCCCC/C=C\C/C=C\CCCCCCCC(=O)O[C@H](COC(=O)CCCCCCC/C=C\CCCCCCCC)COP(=O)([O-])O[C@@H]1[C@H](O)[C@H](O)[C@@H](O)[C@H](O)[C@H]1O	CCCCCCCC/C=C\CCCCCCCC(=O)OC[C@H](COP(=O)([O-])OC1[C@@H]([C@H](C([C@H]([C@H]1O)O)O)O)O)OC(=O)CCCCCCC/C=C\C/C=C\CCCCC	10	11	8	11
cpd25178	(2R)-2,3-bis[(9Z,12Z)-octadeca-9,12-dienoyloxy]propyl (1S,2R,3R,4S,5S,6R)-2,3,4,5,6-pentahydroxycyclohexyl phosphate	CHEBI:77165	chebi_xref	STEREO_DIFF	JTPRPYYVVJBCFF-KCTNQGFXSA-M	JTPRPYYVVJBCFF-NCGFHHSNSA-M	86289150	CCCCC/C=C\C/C=C\CCCCCCCC(=O)OC[C@H](COP(=O)([O-])O[C@@H]1[C@H](O)[C@H](O)[C@@H](O)[C@H](O)[C@H]1O)OC(=O)CCCCCCC/C=C\C/C=C\CCCCC	CCCCC/C=C\C/C=C\CCCCCCCC(=O)OC[C@H](COP(=O)([O-])OC1[C@@H]([C@H](C([C@H]([C@H]1O)O)O)O)O)OC(=O)CCCCCCC/C=C\C/C=C\CCCCC	11	12	9	12
cpd25179	1-(9Z-octadecenoyl)-2-(9Z,12Z,15Z-octadecatrienoyl)-sn-glycero-3-phospho-(1'-myo-inositol)	18:1-18:3-PI	name_lookup	STEREO_DIFF	GOWNAKLKHNFBLL-WLDHIASMSA-M	GOWNAKLKHNFBLL-XCNXCIRDSA-M	102515021	CC/C=C\C/C=C\C/C=C\CCCCCCCC(=O)O[C@H](COC(=O)CCCCCCC/C=C\CCCCCCCC)COP(=O)([O-])O[C@@H]1[C@H](O)[C@H](O)[C@@H](O)[C@H](O)[C@H]1O	CCCCCCCC/C=C\CCCCCCCC(=O)OC[C@H](COP(=O)([O-])OC1[C@@H]([C@H](C([C@H]([C@H]1O)O)O)O)O)OC(=O)CCCCCCC/C=C\C/C=C\C/C=C\CC	11	12	9	12
cpd25180	1-(9Z,12Z-octadecadienoyl)-2-(9Z,12Z,15Z-octadecatrienoyl)-sn-glycero-3-phospho-(1'-myo-inositol)	18:2-18:3-PI	name_lookup	STEREO_DIFF	WMMFFYJKTYDOCO-NENLYGQWSA-M	WMMFFYJKTYDOCO-LAZBQZNCSA-M	102515238	CC/C=C\C/C=C\C/C=C\CCCCCCCC(=O)O[C@H](COC(=O)CCCCCCC/C=C\C/C=C\CCCCC)COP(=O)([O-])O[C@@H]1[C@H](O)[C@H](O)[C@@H](O)[C@H](O)[C@H]1O	CCCCC/C=C\C/C=C\CCCCCCCC(=O)OC[C@H](COP(=O)([O-])OC1[C@@H]([C@H](C([C@H]([C@H]1O)O)O)O)O)OC(=O)CCCCCCC/C=C\C/C=C\C/C=C\CC	12	13	10	13
cpd25181	1,2-(9Z,12Z,15Z-octadecatrienoyl)-sn-glycero-3-phospho-(1'-myo-inositol)	18:3-18:3-PI	name_lookup	STEREO_DIFF	JZZCDELPKAXQMT-SVVSVYSXSA-M	JZZCDELPKAXQMT-TVJPFHQXSA-M	102515374	CC/C=C\C/C=C\C/C=C\CCCCCCCC(=O)OC[C@H](COP(=O)([O-])O[C@@H]1[C@H](O)[C@H](O)[C@@H](O)[C@H](O)[C@H]1O)OC(=O)CCCCCCC/C=C\C/C=C\C/C=C\CC	CC/C=C\C/C=C\C/C=C\CCCCCCCC(=O)OC[C@H](COP(=O)([O-])OC1[C@@H]([C@H](C([C@H]([C@H]1O)O)O)O)O)OC(=O)CCCCCCC/C=C\C/C=C\C/C=C\CC	13	14	11	14
cpd25687	alpha-D-Galp2,6S2-(1->3)-beta-D-Galp2S-(1->4)-alpha-D-Galp2,6S2-(1->3)-D-Galp2S	lambda-carratetraose	name_lookup	STEREO_DIFF	CFLYIPGVTFOQCI-SDNHUNQPSA-H	CFLYIPGVTFOQCI-SQESNNFJSA-H	11966247	O=S(=O)([O-])OC[C@H]1O[C@H](O[C@H]2[C@@H](O)[C@@H](CO)O[C@@H](O[C@@H]3[C@H](O)[C@@H](OS(=O)(=O)[O-])C(O)O[C@@H]3COS(=O)(=O)[O-])[C@@H]2OS(=O)(=O)[O-])[C@H](OS(=O)(=O)[O-])[C@@H](O)[C@H]1O[C@@H]1O[C@H](CO)[C@H](O)[C@H](O)[C@H]1OS(=O)(=O)[O-]	C([C@@H]1[C@@H]([C@@H]([C@H]([C@@H](O1)O[C@H]2[C@H](O[C@@H]([C@@H]([C@H]2O)OS(=O)(=O)[O-])O[C@H]3[C@H]([C@H](O[C@H]([C@@H]3OS(=O)(=O)[O-])O[C@H]4[C@H](O[C@@H]([C@@H]([C@H]4O)OS(=O)(=O)[O-])O)COS(=O)(=O)[O-])CO)O)COS(=O)(=O)[O-])OS(=O)(=O)[O-])O)O)O	19	20	20	20
cpd25692	oleanolate 3-beta-D-glucuronoside-(3,1)-galactoside-28-glucoside	oleanolate 3-beta-D-glucuronoside-(3,1)-galactoside-28-glucoside	name_lookup	STEREO_DIFF	QZMAEZWZCGBZFK-WCRAFUTRSA-M	QZMAEZWZCGBZFK-AOJWCAIYSA-M	134820360	CC1(C)CC[C@]2(C(=O)O[C@@H]3O[C@H](CO)[C@@H](O)[C@H](O)[C@H]3O)CC[C@]3(C)C(=CC[C@@H]4[C@@]5(C)CC[C@H](O[C@@H]6O[C@H](C(=O)[O-])[C@H](O)[C@H](O[C@@H]7O[C@H](CO)[C@H](O)[C@H](O)[C@H]7O)[C@H]6O)C(C)(C)[C@@H]5CC[C@]43C)[C@@H]2C1	C[C@]12CC[C@@H](C([C@@H]1CC[C@@]3([C@@H]2CC=C4[C@]3(CC[C@@]5([C@H]4CC(CC5)(C)C)C(=O)O[C@H]6[C@@H]([C@H]([C@@H]([C@H](O6)CO)O)O)O)C)C)(C)C)O[C@H]7[C@@H]([C@H]([C@@H]([C@H](O7)C(=O)[O-])O)O[C@H]8[C@@H]([C@H]([C@H]([C@H](O8)CO)O)O)O)O	23	23	23	23
cpd25730	6,6-kestotetraose	CHEBI:64836	chebi_xref	STEREO_DIFF	OLSNVZYFDBPHML-LQBMVMHNSA-N	OLSNVZYFDBPHML-DLQNOBSRSA-N	25202535	OC[C@@H]1O[C@H](O[C@]2(CO)O[C@H](CO[C@]3(CO)O[C@H](CO[C@]4(CO)O[C@H](CO)[C@@H](O)[C@@H]4O)[C@@H](O)[C@@H]3O)[C@@H](O)[C@@H]2O)[C@H](O)[C@@H](O)[C@@H]1O	C([C@@H]1[C@H]([C@@H]([C@H]([C@H](O1)O[C@]2([C@H]([C@@H]([C@H](O2)CO[C@]3([C@H]([C@@H]([C@H](O3)CO[C@]4([C@H]([C@@H]([C@H](O4)CO)O)O)CO)O)O)CO)O)O)CO)O)O)O)O	17	17	17	17
cpd25742	2''-O-alpha-rhamnosyl-6-C-(6-deoxy-xylo-hexos-4-ulosyl)luteolin	maysin	name_lookup	STEREO_DIFF	GKLSYIMLZDYQBJ-LRRIKIGNSA-L	GKLSYIMLZDYQBJ-CGOKOBCESA-N	70698181	C[C@@H]1O[C@@H](O[C@@H]2[C@@H](O)C(=O)[C@@H](C)O[C@H]2c2c([O-])cc3oc(-c4ccc(O)c(O)c4)cc(=O)c3c2[O-])[C@H](O)[C@H](O)[C@H]1O	C[C@@H]1[C@H]([C@@H]([C@@H]([C@H](O1)O[C@H]2[C@@H](C(=O)[C@@H](O[C@@H]2C3=C(C4=C(C=C3O)OC(=CC4=O)C5=CC(=C(C=C5)O)O)O)C)O)O)O)O	9	9	9	9
cpd25993	ethyl red	ethyl red	name_lookup	STEREO_DIFF	HBRCDTRQDHMTDA-VHEBQXMUSA-M	HBRCDTRQDHMTDA-UHFFFAOYSA-N	54832	CCN(CC)c1ccc(/N=N/c2ccccc2C(=O)[O-])cc1	CCN(CC)C1=CC=C(C=C1)N=NC2=CC=CC=C2C(=O)O	1	1	0	1
cpd26093	MurNAc(beta-methyl)-L-Ala-D-Glu	MurNAc(beta-methyl)-L-Ala-D-Glu	name_lookup	STEREO_DIFF	BIKQFKLJXJNHSA-VBGKWZEPSA-L	BIKQFKLJXJNHSA-PAGGVFEGSA-L	135887860	CO[C@@H]1O[C@H](CO)[C@@H](O)[C@H](O[C@H](C)C(=O)N[C@@H](C)C(=O)N[C@@H](CCC(=O)[O-])C(=O)[O-])[C@H]1NC(C)=O	C[C@@H](C(=O)N[C@H](CCC(=O)[O-])C(=O)[O-])NC(=O)[C@@H](C)O[C@@H]1[C@H]([C@@H](O[C@@H]([C@H]1O)CO)OC)NC(=O)C	8	8	8	8
cpd26222	DDF	N10-formyl-2,4-diaminodideazafolate	name_lookup	STEREO_DIFF	DZRNFMWYICVPEX-DUSLRRAJSA-M	DZRNFMWYICVPEX-KKFHFHRHSA-L	135911938	Nc1nc(=O)c2cc(CN(C=O)c3ccc(C(O)[NH2+][C@H](CCC(=O)[O-])C(=O)[O-])cc3)ccc2[nH]1	C1=CC(=CC=C1C(N[C@@H](CCC(=O)[O-])C(=O)[O-])O)N(CC2=CC3=C(C=C2)N=C(NC3=O)N)C=O	1	2	1	2
cpd26249	S-2,3-dicarboxyaziridine	S-2,3-dicarboxyaziridine	name_lookup	STEREO_DIFF	IFCCPDAHQDGHMH-UHFFFAOYSA-M	IFCCPDAHQDGHMH-LWMBPPNESA-N	3080847	O=C([O-])C1[NH2+]C1C(=O)[O-]	[C@H]1([C@H](N1)C(=O)O)C(=O)O	0	2	2	2
cpd26275	(E)-alpha-monofluoromethyl-3,4-dehydroarginine	(E)-alpha-monofluoromethyldehydroarginine	name_lookup	STEREO_DIFF	UDWPEHOXJIIOEY-OWOJBTEDSA-O	UDWPEHOXJIIOEY-QOHHWTFISA-O	122706516	NC(=[NH2+])NC/C=C/C([NH3+])(CF)C(=O)[O-]	C(/C=C/[C@@](CF)(C(=O)[O-])[NH3+])[NH+]=C(N)N	1	2	2	2
cpd26367	Ac2-Lys-Ala-Ala	diacetyl-lysyl-D-alanyl-D-alanine	name_lookup	STEREO_DIFF	VIHGYLJIMMKSBR-BREBYQMCSA-M	VIHGYLJIMMKSBR-UHFFFAOYSA-N	4363645	CC(=O)NCCCC[C@H](NC(C)=O)C(=O)N[C@H](C)C(=O)N[C@H](C)C(=O)[O-]	CC(C(=O)NC(C)C(=O)O)NC(=O)C(CCCCNC(=O)C)NC(=O)C	3	3	0	3
cpd26368	DiAc-L-Lys-D-Ala-D-Lac	diacetyl-L-lys-D-ala-D-lac	name_lookup	STEREO_DIFF	LOEWINUIHJAOMZ-IGQDVTDXSA-M	LOEWINUIHJAOMZ-UHFFFAOYSA-M	78480651	CC(=O)NCCCC[C@H](NC(C)=O)C(=O)N[C@H](C)C(=O)OC(C)C(=O)[O-]	CC(C(=O)OC(C)C(=O)[O-])NC(=O)C(CCCCNC(=O)C)NC(=O)C	2	3	0	3
cpd26567	MSmB	MSmB	name_lookup	STEREO_DIFF	DUKFQTJTBSIGQL-JHRDNDSMSA-N	DUKFQTJTBSIGQL-XZXYVQLTSA-N	11273915	CC(=O)N[C@@H](CSCc1c(C)c(=O)n2c(=O)c(C)c(C)n12)C(=O)N[C@H]1[C@@H](O[C@@H]2[C@H](O)[C@H](O)[C@@H](O)[C@H](O)[C@H]2O)O[C@H](CO)[C@@H](O)[C@@H]1O	CC1=C(N2C(=C(C(=O)N2C1=O)C)CSC[C@@H](C(=O)N[C@@H]3[C@H]([C@@H]([C@H](O[C@@H]3OC4[C@@H]([C@H](C([C@H]([C@H]4O)O)O)O)O)CO)O)O)NC(=O)C)C	12	12	10	12
cpd26612	dipalmitoyl-L-1-phosphatidyl-inositol	dipalmitoyl-L-1-phosphatidyl-inositol	name_lookup	STEREO_DIFF	IBUKXRINTKQBRQ-UTWKUMGCSA-M	IBUKXRINTKQBRQ-FOENULIHSA-N	644003	CCCCCCCCCCCCCCCC(=O)OC[C@@H](COP(=O)([O-])O[C@@H]1[C@H](O)[C@H](O)[C@@H](O)[C@H](O)[C@H]1O)OC(=O)CCCCCCCCCCCCCCC	CCCCCCCCCCCCCCCC(=O)OC[C@H](COP(=O)(O)OC1[C@@H]([C@H](C([C@H]([C@H]1O)O)O)O)O)OC(=O)CCCCCCCCCCCCCCC	7	8	5	8
cpd26613	dipalmitoyl-1-phosphatidyl-1D-<i>myo</i>-inositol 4-phosphate	dipalmitoyl-1-phosphatidyl-1D-myo-inositol 4-phosphate	name_lookup	STEREO_DIFF	UJVUMTUBMCYKBK-PHJSMNDQSA-K	UJVUMTUBMCYKBK-AIEFDNRQSA-K	102514932	CCCCCCCCCCCCCCCC(=O)OC[C@@H](COP(=O)([O-])O[C@H]1[C@H](O)[C@@H](O)[C@H](OP(=O)([O-])[O-])[C@@H](O)[C@H]1O)OC(=O)CCCCCCCCCCCCCCC	CCCCCCCCCCCCCCCC(=O)OC[C@@H](COP(=O)([O-])OC1[C@@H]([C@H](C([C@H]([C@H]1O)O)OP(=O)([O-])[O-])O)O)OC(=O)CCCCCCCCCCCCCCC	7	8	5	8
cpd26631	(E)-1-(L-cystein-S-yl)-N-hydroxy-omega-(methylsulfanyl)pentan-1-imine	(E)-1-(L-cystein-S-yl)-N-hydroxy-omega-(methylsulfanyl)pentan-1-imine	name_lookup	STEREO_DIFF	LOOVXQAHWKSBOP-RPORLEBXSA-N	LOOVXQAHWKSBOP-AHHRJZGPSA-N	134820280	CSCCCC/C(=N/O)SC[C@H]([NH3+])C(=O)[O-]	CSCCCC/C(=N\O)/SC[C@@H](C(=O)[O-])[NH3+]	2	2	2	2
cpd26632	(E)-1-(L-cystein-S-yl)-N-hydroxy-omega-(methylsulfanyl)hexan-1-imine	(E)-1-(L-cystein-S-yl)-N-hydroxy-omega-(methylsulfanyl)hexan-1-imine	name_lookup	STEREO_DIFF	ZCCQXWKOMFKYNA-ILETWAPCSA-N	ZCCQXWKOMFKYNA-IJTFOSHNSA-N	134820046	CSCCCCC/C(=N/O)SC[C@H]([NH3+])C(=O)[O-]	CSCCCCC/C(=N\O)/SC[C@@H](C(=O)[O-])[NH3+]	2	2	2	2
cpd26634	(E)-1-(L-cystein-S-yl)-N-hydroxy-omega-(methylsulfanyl)octan-1-imine	(E)-1-(L-cystein-S-yl)-N-hydroxy-omega-(methylsulfanyl)octan-1-imine	name_lookup	STEREO_DIFF	WRJULZYRRYOGJO-SFEFGNTJSA-N	WRJULZYRRYOGJO-AYDSOBSRSA-N	134820133	CSCCCCCCC/C(=N/O)SC[C@H]([NH3+])C(=O)[O-]	CSCCCCCCC/C(=N\O)/SC[C@@H](C(=O)[O-])[NH3+]	2	2	2	2
cpd26952	Dermatan-sulfate-disaccharides	dermatan sulfate disaccharide	name_lookup	STEREO_DIFF	KYXFEXHDCVKJRO-YEUPZNETSA-K	KYXFEXHDCVKJRO-ILWVTJRESA-L	146037099	CC(=O)N[C@@H]1[C@@H](O[C@@H]2O[C@@H](C(=O)[O-])[C@@H](O)[C@H](O)[C@H]2OS(=O)(=O)[O-])[C@@H](OS(=O)(=O)[O-])[C@@H](CO)O[C@@H]1O	CC(=O)N[C@@H]1[C@H]([C@H]([C@H](O[C@H]1O)CO)OS(=O)(=O)[O-])O[C@H]2[C@@H]([C@H]([C@@H]([C@@H](O2)C(=O)O)O)O)OS(=O)(=O)[O-]	10	10	10	10
cpd28940	D-myo-Inositol, 1-O-alpha-D-galactopyranosyl-	D-myo-Inositol, 1-O-alpha-D-galactopyranosyl-	name_lookup	STEREO_DIFF	VCWMRQDBPZKXKG-BJBMSVMHSA-N	VCWMRQDBPZKXKG-SPBUTQSFSA-N	439451	OC[C@H]1O[C@H](O[C@@H]2[C@H](O)[C@H](O)[C@@H](O)[C@H](O)[C@H]2O)[C@H](O)[C@@H](O)[C@H]1O	C([C@@H]1[C@@H]([C@@H]([C@H]([C@H](O1)OC2[C@@H]([C@H](C([C@H]([C@H]2O)O)O)O)O)O)O)O)O	11	11	9	11
cpd31046	C.I. Acid red 18	C20344	kegg_xref	STEREO_DIFF	SWGJCIMEBVHMTA-ZRUFZDNISA-K	SWGJCIMEBVHMTA-UHFFFAOYSA-K	17466	O=S(=O)([O-])c1cc(S(=O)(=O)[O-])c2c(/N=N/c3ccc(S(=O)(=O)[O-])c4ccccc34)c(O)ccc2c1.[Na+].[Na+].[Na+]	C1=CC=C2C(=C1)C(=CC=C2S(=O)(=O)[O-])N=NC3=C(C=CC4=CC(=CC(=C43)S(=O)(=O)[O-])S(=O)(=O)[O-])O.[Na+].[Na+].[Na+]	1	1	0	1
cpd31047	Azofuchsin	C20346	kegg_xref	STEREO_DIFF	LQJVOKWHGUAUHK-BUFQOAPZSA-L	LQJVOKWHGUAUHK-UHFFFAOYSA-L	19116	Nc1cc(S(=O)(=O)[O-])cc2cc(S(=O)(=O)[O-])c(/N=N/c3ccccc3)c(O)c12.[Na+].[Na+]	C1=CC=C(C=C1)N=NC2=C(C3=C(C=C(C=C3C=C2S(=O)(=O)[O-])S(=O)(=O)[O-])N)O.[Na+].[Na+]	1	1	0	1
cpd31205	Terpendole G	C20586	kegg_xref	STEREO_DIFF	BKWWGNDKMSPYIS-DGZZXUABSA-N	BKWWGNDKMSPYIS-KYYKPQATSA-N	10411534	CC(C)(O)[C@@H]1C[C@@H](O)[C@]2(C=O)[C@H](CC[C@@]3(C)[C@@H]2CC[C@H]2Cc4c([nH]c5ccccc45)[C@@]23C)O1	C[C@]12CC[C@H]3[C@]([C@@H]1CC[C@@H]4[C@@]2(C5=C(C4)C6=CC=CC=C6N5)C)([C@@H](C[C@H](O3)C(C)(C)O)O)C=O	8	8	8	8
cpd31237	alpha-D-Gal-(1->3)-(alpha-L-Fuc-(1->2))-beta-D-Gal-(1->3)-alpha-D-GalNAc-(1->3)-alpha-D-GalNAc-diphospho-ditrans,octacis-undecaprenol	C20626	kegg_xref	STEREO_DIFF	UQYSJTDLRLYPNU-ABPCESQWSA-L	UQYSJTDLRLYPNU-OOXGFABVSA-N	71581030	CC(=O)N[C@H]1[C@@H](OP(=O)([O-])OP(=O)([O-])OC/C=C(/C)CC/C=C(/C)CC/C=C(/C)CC/C=C(/C)CC/C=C(/C)CC/C=C(/C)CC/C=C(/C)CC/C=C(/C)CC/C=C(\C)CC/C=C(\C)CCC=C(C)C)O[C@H](CO)[C@H](O)[C@@H]1O[C@H]1O[C@H](CO)[C@H](O)[C@H](O[C@@H]2O[C@H](CO)[C@H](O)[C@H](OC3O[C@H](CO)[C@H](O)[C@H](O)[C@H]3O)[C@H]2O[C@@H]2O[C@@H](C)[C@@H](O)[C@@H](O)[C@@H]2O)[C@H]1NC(C)=O	C[C@H]1[C@H]([C@H]([C@@H]([C@@H](O1)O[C@@H]2[C@H]([C@H]([C@H](O[C@H]2O[C@@H]3[C@H]([C@H](O[C@@H]([C@@H]3O)CO)O[C@@H]4[C@H]([C@H](O[C@@H]([C@@H]4O)CO)OP(=O)(O)OP(=O)(O)OC/C=C(/C)\CC/C=C(/C)\CC/C=C(/C)\CC/C=C(/C)\CC/C=C(/C)\CC/C=C(/C)\CC/C=C(/C)\CC/C=C(/C)\CC/C=C(\C)/CC/C=C(\C)/CCC=C(C)C)NC(=O)C)NC(=O)C)CO)O)O[C@@H]5[C@@H]([C@H]([C@H]([C@H](O5)CO)O)O)O)O)O)O	34	37	35	37
cpd31298	Chloroorienticin B	xref_resolved:chebi_xref=CHEBI:75963->CID71768148(STEREO_DIFF)	xref_resolved	STEREO_DIFF	ATHQCOUEZPBNLP-JCXNEJHJSA-O	ATHQCOUEZPBNLP-JWYJDYCQSA-O	71768148	C[NH2+][C@H](CC(C)C)C(=O)N[C@H]1C(=O)N[C@@H](CC(N)=O)C(=O)N[C@H]2C(=O)N[C@H]3C(=O)N[C@H](C(=O)N[C@@H](C(=O)[O-])c4cc(O)cc(O)c4-c4cc3ccc4O)[C@H](O[C@H]3C[C@](C)([NH3+])[C@@H](O)[C@H](C)O3)c3ccc(c(Cl)c3)Oc3cc2cc(c3O[C@@H]2O[C@H](CO)[C@@H](O)[C@H](O)[C@H]2O)Oc2ccc(cc2Cl)[C@H]1O	C[C@H]1[C@@H]([C@@](C[C@@H](O1)O[C@H]2[C@H]3C(=O)N[C@@H](C4=C(C(=CC(=C4)O)O)C5=C(C=CC(=C5)[C@H](C(=O)N3)NC(=O)[C@H]6C7=CC(=C(C(=C7)OC8=C(C=C2C=C8)Cl)O[C@H]9[C@@H]([C@H]([C@@H]([C@H](O9)CO)O)O)O)OC1=C(C=C(C=C1)[C@H]([C@H](C(=O)N[C@H](C(=O)N6)CC(=O)N)NC(=O)[C@@H](CC(C)C)[NH2+]C)O)Cl)O)C(=O)[O-])(C)[NH3+])O	18	18	18	18
cpd31421	1,4-dideoxy-1,4-imino-D-mannitol	1,4-dideoxy-1,4-imino-D-mannitol	name_lookup	STEREO_DIFF	RVNSAAIWCWTCTJ-ARQDHWQXSA-O	RVNSAAIWCWTCTJ-KVTDHHQDSA-N	456279	OC[C@@H](O)[C@@H]1[NH2+]C[C@@H](O)[C@H]1O	C1[C@H]([C@H]([C@H](N1)[C@@H](CO)O)O)O	4	4	4	4
cpd31495	5-methyl-UTP	m5UTP	name_lookup	STEREO_DIFF	FOQABOMYTOFLPZ-ISLYRVAYSA-N	FOQABOMYTOFLPZ-UHFFFAOYSA-N	17886	CCN(CCO)c1ccc(/N=N/c2ccc([N+](=O)[O-])cc2)cc1	CCN(CCO)C1=CC=C(C=C1)N=NC2=CC=C(C=C2)[N+](=O)[O-]	1	1	0	1
cpd31515	20-[beta-D-xylopyranosyl-(1->6)-beta-D-glucopyranosyloxy]dammar-24-ene-3beta,12-diol	20-[beta-D-xylopyranosyl-(1->6)-beta-D-glucopyranosyloxy]dammar-24-ene-3beta,12-diol	name_lookup	STEREO_DIFF	YNBYFOIDLBTOMW-SICSQIIDSA-N	YNBYFOIDLBTOMW-IPTBNLQOSA-N	11331683	CC(C)=CCC[C@](C)(O[C@@H]1O[C@@H](CO[C@@H]2OC[C@@H](O)[C@H](O)[C@H]2O)[C@@H](O)[C@H](O)[C@H]1O)[C@H]1CC[C@]2(C)[C@@H]1[C@H](O)C[C@@H]1[C@@]3(C)CC[C@H](O)C(C)(C)[C@@H]3CC[C@]12C	CC(=CCC[C@@](C)([C@H]1CC[C@@]2([C@@H]1[C@@H](C[C@H]3[C@]2(CC[C@@H]4[C@@]3(CC[C@@H](C4(C)C)O)C)C)O)C)O[C@H]5[C@@H]([C@H]([C@@H]([C@H](O5)CO[C@H]6[C@@H]([C@H]([C@@H](CO6)O)O)O)O)O)O)C	19	19	19	19
cpd31636	2,3-<i>O</i>-diphytanyl-<i>sn</i>-glycero-1-phospho-myo-inositol	2,3-O-diphytanyl-sn-glycero-1-phospho-myo-inositol	name_lookup	STEREO_DIFF	JTCUWWRWFRHYJL-OFPJJYCCSA-M	JTCUWWRWFRHYJL-NACUOZDDSA-M	71581122	CC(C)CCC[C@@H](C)CCC[C@@H](C)CCC[C@@H](C)CCOC[C@@H](COP(=O)([O-])O[C@@H]1[C@H](O)[C@H](O)[C@@H](O)[C@H](O)[C@H]1O)OCC[C@H](C)CCC[C@H](C)CCC[C@H](C)CCCC(C)C	C[C@H](CCC[C@H](C)CCCC(C)C)CCC[C@@H](C)CCOC[C@@H](COP(=O)([O-])OC1[C@@H]([C@H](C([C@H]([C@H]1O)O)O)O)O)OCC[C@H](C)CCC[C@H](C)CCC[C@H](C)CCCC(C)C	13	14	11	14
cpd31660	2-<i>O</i>-(3'-hydroxy)phytanyl-3-<i>O</i>-phytanyl-<i>sn</i>-glycero-1-phosphoethanolamine	2-O-(3'-hydroxy)phytanyl-3-O-phytanyl-sn-glycero-1-phosphoethanolamine	name_lookup	STEREO_DIFF	VUKYXYWCFFKPMX-PLSZJGEGSA-N	VUKYXYWCFFKPMX-ARNVMZJBSA-N	126961016	CC(C)CCC[C@@H](C)CCC[C@@H](C)CCC[C@@H](C)CCOC[C@@H](COP(=O)([O-])OCC[NH3+])OCCC(C)(O)CCC[C@H](C)CCC[C@H](C)CCCC(C)C	C[C@H](CCC[C@H](C)CCCC(C)C)CCC[C@@H](C)CCOC[C@@H](COP(=O)([O-])OCC[NH3+])OCC[C@@](C)(CCC[C@H](C)CCC[C@H](C)CCCC(C)C)O	6	8	7	8
cpd31674	quercetin-3-gentiobioside	quercetin-3-gentiobioside	name_lookup	STEREO_DIFF	FDRQPMVGJOQVTL-BVYPKUFKSA-L	FDRQPMVGJOQVTL-DEFKTLOSSA-N	5320834	O=c1c(O[C@@H]2O[C@H](CO[C@@H]3O[C@H](CO)[C@@H](O)C(O)[C@H]3O)[C@@H](O)[C@H](O)[C@H]2O)c(-c2ccc(O)c(O)c2)oc2cc([O-])cc([O-])c12	C1=CC(=C(C=C1C2=C(C(=O)C3=C(C=C(C=C3O2)O)O)O[C@H]4[C@@H]([C@H]([C@@H]([C@H](O4)CO[C@H]5[C@@H]([C@H]([C@@H]([C@H](O5)CO)O)O)O)O)O)O)O)O	9	10	10	10
cpd31713	2,4-di(2-methyl)butanoyl-3-(6-methyl)heptanoyl-6-(2-methyl)butanoyl-sucrose	sucrose-2-(2-methyl)butyryl-4-(2-methyl)butyryl-3-(6-methyl)heptanoyl-6-(2-methyl)butyrate	name_lookup	STEREO_DIFF	FVKLZMWSTDCRNH-DGHKNJJESA-N	FVKLZMWSTDCRNH-WFPWECRHSA-N	91754406	CCC(C)C(=O)O[C@H]1[C@@H](O[C@]2(CO)O[C@H](CO)[C@@H](O)[C@@H]2O)O[C@H](COC(=O)[C@@H](C)CC)[C@@H](OC(=O)C(C)CC)[C@@H]1OC(=O)CCCCC(C)C	CCC(C)C(=O)OC[C@@H]1[C@H]([C@@H]([C@H]([C@H](O1)O[C@]2([C@H]([C@@H]([C@H](O2)CO)O)O)CO)OC(=O)C(C)CC)OC(=O)CCCCC(C)C)OC(=O)C(C)CC	10	12	9	12
cpd31730	Ins-1-P-6-Man-1-2-Ins-1-P-Cer(t18:0/2,3-OH-26:0)	Ins-1-P-6-Man-1-2-Ins-1-P-Cer(t18:0/2,3-OH-26:0)	name_lookup	STEREO_DIFF	SQXZQHDWAOQNOP-MJWOLKCGSA-L	SQXZQHDWAOQNOP-CKPCECBHSA-N	53356720	CCCCCCCCCCCCCCCCCCCCCCC[C@@H](O)[C@H](O)C(=O)N[C@@H](COP(=O)([O-])O[C@@H]1[C@H](O)[C@H](O)[C@@H](O)[C@H](O)[C@H]1OC1O[C@H](COP(=O)([O-])O[C@@H]2[C@H](O)[C@H](O)[C@@H](O)[C@H](O)[C@H]2O)[C@@H](O)[C@H](O)[C@@H]1O)[C@H](O)[C@H](O)CCCCCCCCCCCCCC	CCCCCCCCCCCCCCCCCCCCCCCC(C(C(=O)N[C@@H](COP(=O)(O)O[C@@H]1[C@@H]([C@@H]([C@H]([C@@H]([C@H]1OC2[C@H]([C@H]([C@@H]([C@H](O2)COP(=O)(O)OC3[C@@H]([C@H](C([C@H]([C@H]3O)O)O)O)O)O)O)O)O)O)O)O)[C@@H](C(CCCCCCCCCCCCCC)O)O)O)O	21	24	16	24
cpd31755	IPC-4 (C24)	inositol phosphoceramide D (C24)	name_lookup	STEREO_DIFF	IFSVZMZUQHMLDK-KEMDANTFSA-M	IFSVZMZUQHMLDK-NVLMEWRGSA-M	90657280	CCCCCCCCCCCCCCCCCCCCC[C@@H](O)[C@H](O)C(=O)N[C@@H](COP(=O)([O-])O[C@@H]1[C@H](O)[C@H](O)[C@@H](O)[C@H](O)[C@H]1O)[C@H](O)[C@H](O)CCCCCCCCCCCCCC	CCCCCCCCCCCCCCCCCCCCC[C@H]([C@@H](C(=O)N[C@@H](COP(=O)([O-])OC1[C@@H]([C@H](C([C@H]([C@H]1O)O)O)O)O)[C@@H]([C@@H](CCCCCCCCCCCCCC)O)O)O)O	11	12	9	12
cpd31803	Ins-1-P-6-Man-beta(1-2)-Ins-1-P-Cer(t18:0/2-OH-24:0)	Ins-1-P-6-Man-beta(1-2)-Ins-1-P-Cer(t18:0/2-OH-24:0)	name_lookup	STEREO_DIFF	JNTPDJPEDWWEHF-QBIFHJBISA-L	JNTPDJPEDWWEHF-ICQNZVJBSA-L	90657293	CCCCCCCCCCCCCCCCCCCCCC[C@H](O)C(=O)N[C@@H](COP(=O)([O-])O[C@@H]1[C@H](O)[C@H](O)[C@@H](O)[C@H](O)[C@H]1OC1O[C@H](COP(=O)([O-])O[C@@H]2[C@H](O)[C@H](O)[C@@H](O)[C@H](O)[C@H]2O)[C@@H](O)[C@H](O)[C@@H]1O)[C@H](O)[C@H](O)CCCCCCCCCCCCCC	CCCCCCCCCCCCCCCCCCCCCC[C@@H](C(=O)N[C@@H](COP(=O)([O-])O[C@@H]1[C@@H]([C@@H]([C@H]([C@@H]([C@H]1OC2[C@H]([C@H]([C@@H]([C@H](O2)COP(=O)([O-])OC3[C@@H]([C@H](C([C@H]([C@H]3O)O)O)O)O)O)O)O)O)O)O)O)[C@@H]([C@@H](CCCCCCCCCCCCCC)O)O)O	20	23	18	23
cpd31804	beta-D-GlcA-(1->3)-alpha-D-GalNAc-(1->6)-alpha-D-GalNAc-PP-Und	beta-D-GlcA-(1->3)-alpha-D-GalNAc-(1->6)-alpha-D-GalNAc-diphospho-ditrans,octacis-undecaprenol	name_lookup	STEREO_DIFF	JENBVMGOXAUBFJ-ILZODKEJSA-K	JENBVMGOXAUBFJ-SMVSCTSASA-K	122706074	CC(=O)N[C@H]1[C@@H](OP(=O)([O-])OP(=O)([O-])OC/C=C(/C)CC/C=C(/C)CC/C=C(/C)CC/C=C(/C)CC/C=C(/C)CC/C=C(/C)CC/C=C(/C)CC/C=C(/C)CC/C=C(\C)CC/C=C(\C)CCC=C(C)C)O[C@H](CO[C@@H]2O[C@H](CO)[C@H](O)[C@H](O[C@@H]3O[C@H](C(=O)[O-])[C@@H](O)[C@H](O)[C@H]3O)[C@H]2NC(C)=O)[C@H](O)[C@@H]1O	CC(=CCC/C(=C/CC/C(=C/CC/C(=C\CC/C(=C\CC/C(=C\CC/C(=C\CC/C(=C\CC/C(=C\CC/C(=C\CC/C(=C\COP(=O)([O-])OP(=O)([O-])O[C@@H]1[C@@H]([C@H]([C@H]([C@H](O1)CO[C@@H]2[C@@H]([C@H]([C@H]([C@H](O2)CO)O)O[C@H]3[C@@H]([C@H]([C@@H]([C@H](O3)C(=O)[O-])O)O)O)NC(=O)C)O)O)NC(=O)C)/C)/C)/C)/C)/C)/C)/C)/C)/C)/C)C	25	27	25	27
cpd31843	(2S)-2-[(E)-[(2S)-2-amino-3-(4-hydroxyphenyl)propylidene]amino]-3-(4-hydroxyphenyl)propanal	(2S)-2-[(E)-[(2S)-2-amino-3-(4-hydroxyphenyl)propylidene]amino]-3-(4-hydroxyphenyl)propanal	name_lookup	STEREO_DIFF	KTWDJFCRLSXAMU-KJJXXWTESA-O	KTWDJFCRLSXAMU-HOTGVXAUSA-O	134820013	[NH3+][C@H](/C=N/[C@H](C=O)Cc1ccc(O)cc1)Cc1ccc(O)cc1	C1=CC(=CC=C1C[C@@H](C=N[C@@H](CC2=CC=C(C=C2)O)C=O)[NH3+])O	3	3	2	3
cpd31875	Ins-1-P-6-Man-beta1-2-Ins-1-P-Cer(t18:0/2-OH-26:0)	inositol phosphomannosylinositol phosphoceramide C (C26)	name_lookup	STEREO_DIFF	DBKQSCMOMGQYBE-MRPRWLMYSA-L	DBKQSCMOMGQYBE-XNCSHFJOSA-L	90657328	CCCCCCCCCCCCCCCCCCCCCCCC[C@H](O)C(=O)N[C@@H](COP(=O)([O-])O[C@@H]1[C@H](O)[C@H](O)[C@@H](O)[C@H](O)[C@H]1OC1O[C@H](COP(=O)([O-])O[C@@H]2[C@H](O)[C@H](O)[C@@H](O)[C@H](O)[C@H]2O)[C@@H](O)[C@H](O)[C@@H]1O)[C@H](O)[C@H](O)CCCCCCCCCCCCCC	CCCCCCCCCCCCCCCCCCCCCCCC[C@@H](C(=O)N[C@@H](COP(=O)([O-])O[C@@H]1[C@@H]([C@@H]([C@H]([C@@H]([C@H]1OC2[C@H]([C@H]([C@@H]([C@H](O2)COP(=O)([O-])OC3[C@@H]([C@H](C([C@H]([C@H]3O)O)O)O)O)O)O)O)O)O)O)O)[C@@H]([C@@H](CCCCCCCCCCCCCC)O)O)O	20	23	18	23
cpd31937	D-mannosyl-1D-myo-inositol (1)-monophosphate	phosphoinositol-alpha-mannoside	name_lookup	STEREO_DIFF	RKBZSOHCWNFBLV-AMEHKVJOSA-L	RKBZSOHCWNFBLV-KKMCCESSSA-L	90657366	O=P([O-])([O-])O[C@H]1[C@H](O)[C@@H](O)[C@H](O[C@H]2O[C@H](CO)[C@@H](O)[C@H](O)[C@@H]2O)[C@@H](O)[C@H]1O	C([C@@H]1[C@H]([C@@H]([C@@H]([C@H](O1)OC2[C@@H]([C@H](C([C@@H]([C@@H]2O)O)OP(=O)([O-])[O-])O)O)O)O)O)O	11	11	9	11
cpd31964	IPC-2 (C26)	inositol phosphoceramide B (C26)	name_lookup	STEREO_DIFF	ZAWCXEGDYSBAHF-UQQZGOFLSA-M	ZAWCXEGDYSBAHF-RIPIGXTQSA-M	90657385	CCCCCCCCCCCCCCCCCCCCCCCCCC(=O)N[C@@H](COP(=O)([O-])O[C@@H]1[C@H](O)[C@H](O)[C@@H](O)[C@H](O)[C@H]1O)[C@H](O)[C@H](O)CCCCCCCCCCCCCC	CCCCCCCCCCCCCCCCCCCCCCCCCC(=O)N[C@@H](COP(=O)([O-])OC1[C@@H]([C@H](C([C@H]([C@H]1O)O)O)O)O)[C@@H]([C@@H](CCCCCCCCCCCCCC)O)O	9	10	7	10
cpd32048	20-[alpha-L-arabinofuranosyl-(1->6)-beta-D-glucopyranosyloxy]dammar-24-ene-3beta,12-diol	20-[alpha-L-arabinofuranosyl-(1->6)-beta-D-glucopyranosyloxy]dammar-24-ene-3beta,12-diol	name_lookup	STEREO_DIFF	CJFGBCWGOQRURQ-NMUMGEHWSA-N	CJFGBCWGOQRURQ-JFJIKBJRSA-N	9896928	CC(C)=CCCC(C)(O[C@@H]1O[C@H](CO[C@@H]2O[C@@H](CO)[C@H](O)[C@H]2O)[C@@H](O)[C@H](O)[C@H]1O)[C@H]1CC[C@]2(C)[C@@H]1[C@H](O)C[C@@H]1[C@@]3(C)CC[C@H](O)C(C)(C)[C@@H]3CC[C@]12C	CC(=CCC[C@@](C)([C@H]1CC[C@@]2([C@@H]1[C@@H](C[C@H]3[C@]2(CC[C@@H]4[C@@]3(CC[C@@H](C4(C)C)O)C)C)O)C)O[C@H]5[C@@H]([C@H]([C@@H]([C@H](O5)CO[C@H]6[C@@H]([C@H]([C@@H](O6)CO)O)O)O)O)O)C	18	19	19	19
cpd32071	(2S,4aR,6aS,9R,11aS,11bR)-4,4,8,11b-tetramethyl-1,2,3,4,4a,5,6,9,10,11,11a,11b-dodecahydro-6a,9-methanocyclohepta[a]naphthalen-2-ol	CHEBI:140188	chebi_xref	STEREO_DIFF	KMRGROLDAASNIW-ZHRPLEGYSA-N	KMRGROLDAASNIW-UELOQWINSA-N	131841454	CC1=C[C@@]23CC[C@@H]4C(C)(C)C[C@H](O)C[C@@]4(C)[C@H]2CC[C@@H]1C3	CC1=C[C@@]23CC[C@H]4[C@]([C@@H]2CC[C@@H]1C3)(C[C@H](CC4(C)C)O)C	6	6	6	6
cpd32098	mupirocin H	mupirocin H	name_lookup	STEREO_DIFF	AKVNYEYIRKXNJP-KORCHIGMSA-N	AKVNYEYIRKXNJP-JZTXUPKOSA-N	53465503	C[C@H](O)[C@H](C)/C=C/C[C@@H](C)[C@@H](O)[C@H]1OC(=O)C[C@H]1O	C[C@H](C/C=C/[C@@H](C)[C@H](C)O)[C@H]([C@@H]1[C@H](CC(=O)O1)O)O	7	7	7	7
cpd32204	thiocoraline	thiocoraline	name_lookup	STEREO_DIFF	UPGGKUQISSWRJJ-XLTUSUNSSA-M	UPGGKUQISSWRJJ-UHFFFAOYSA-N	485475	CSC[C@@H]1C(=O)SC[C@H](NC(=O)c2nc3ccccc3cc2O)C(=O)NCC(=O)N(C)[C@@H]2CSSC[C@H](C(=O)N1C)N(C)C(=O)CNC(=O)[C@@H](NC(=O)c1nc3ccccc3cc1[O-])CSC(=O)[C@@H](CSC)N(C)C2=O	CN1C2CSSCC(C(=O)N(C(C(=O)SCC(C(=O)NCC1=O)NC(=O)C3=NC4=CC=CC=C4C=C3O)CSC)C)N(C(=O)CNC(=O)C(CSC(=O)C(N(C2=O)C)CSC)NC(=O)C5=NC6=CC=CC=C6C=C5O)C	6	6	0	6
cpd32220	2-phenylethylglucosinolate	2-phenylethylglucosinolate	name_lookup	STEREO_DIFF	CKIJIGYDFNXSET-UZGXSKSYSA-M	CKIJIGYDFNXSET-OOMJLXHVSA-M	6325242	O=S(=O)([O-])O/N=C(/CCc1ccccc1)S[C@H]1O[C@@H](CO)[C@H](O)[C@@H](O)[C@@H]1O	C1=CC=C(C=C1)CC/C(=N/OS(=O)(=O)[O-])/S[C@H]2[C@@H]([C@H]([C@@H]([C@H](O2)CO)O)O)O	6	6	6	6
cpd32252	2,3,4,5,6-pentachlorocyclohexanol	2,3,4,5,6-pentachlorocyclohexanol	name_lookup	STEREO_DIFF	DOMHZVJNLCAZSA-QWBQGLJISA-N	DOMHZVJNLCAZSA-UHFFFAOYSA-N	23273626	O[C@H]1[C@@H](Cl)[C@H](Cl)[C@@H](Cl)[C@H](Cl)[C@H]1Cl	C1(C(C(C(C(C1Cl)Cl)Cl)Cl)Cl)O	6	6	0	6
cpd32278	monodeglucosyl avenacin A-1	monodeglucosyl avenacin A-1	name_lookup	STEREO_DIFF	SRFOOYAHGIGROO-LXRQSZAUSA-N	SRFOOYAHGIGROO-QHUCUAONSA-N	90657536	CNc1ccccc1C(=O)O[C@H]1C[C@@]2(C)[C@@H](C[C@@]1(C)C=O)[C@@]13O[C@@H]1C[C@@H]1[C@@]4(C)CC[C@H](O[C@@H]5OC[C@H](O)[C@H](O)[C@H]5O[C@H]5O[C@H](CO)[C@@H](O)[C@H](O)[C@H]5O)[C@@](C)(CO)[C@@H]4CC[C@@]1(C)[C@]3(C)C[C@@H]2O	C[C@]12CC[C@@H]([C@@]([C@@H]1CC[C@@]3([C@@H]2C[C@@H]4[C@]5([C@]3(C[C@@H]([C@@]6([C@H]5C[C@@]([C@H](C6)OC(=O)C7=CC=CC=C7NC)(C)C=O)C)O)C)O4)C)(C)CO)O[C@H]8[C@@H]([C@H]([C@H](CO8)O)O)O[C@H]9[C@@H]([C@H]([C@@H]([C@H](O9)CO)O)O)O	23	23	23	23
cpd32288	(2S,3R)-3-hydroxy-2-(tetracosanoylamino)octadecyl (1S,2R,3R,4S,5S,6R)-2,3,4,5,6-pentahydroxycyclohexyl phosphate	CHEBI:65091	chebi_xref	STEREO_DIFF	SJUUDDANVVUTJD-LOTZUYGHSA-M	SJUUDDANVVUTJD-PAIPPEEBSA-M	70678639	CCCCCCCCCCCCCCCCCCCCCCCC(=O)N[C@@H](COP(=O)([O-])O[C@@H]1[C@H](O)[C@H](O)[C@@H](O)[C@H](O)[C@H]1O)[C@H](O)CCCCCCCCCCCCCCC	CCCCCCCCCCCCCCCCCCCCCCCC(=O)N[C@@H](COP(=O)([O-])OC1[C@@H]([C@H](C([C@H]([C@H]1O)O)O)O)O)[C@@H](CCCCCCCCCCCCCCC)O	8	9	6	9
cpd32312	beta-D-GlcA-(1->4)-beta-D-GlcA-(1->3)-alpha-D-GalNAc-(1->6)-alpha-D-GalNAc-PP-Und	beta-D-GlcA-(1->4)-beta-D-GlcA-(1->3)-alpha-D-GalNAc-(1->6)-alpha-D-GalNAc-diphospho-ditrans,octacis-undecaprenol	name_lookup	STEREO_DIFF	RRUWUEGMDWWMSP-YBGORGBCSA-J	RRUWUEGMDWWMSP-JFDWEALYSA-J	122706127	CC(=O)N[C@H]1[C@@H](OP(=O)([O-])OP(=O)([O-])OC/C=C(/C)CC/C=C(/C)CC/C=C(/C)CC/C=C(/C)CC/C=C(/C)CC/C=C(/C)CC/C=C(/C)CC/C=C(/C)CC/C=C(\C)CC/C=C(\C)CCC=C(C)C)O[C@H](CO[C@@H]2O[C@H](CO)[C@H](O)[C@H](O[C@@H]3O[C@H](C(=O)[O-])[C@@H](O[C@@H]4O[C@H](C(=O)[O-])[C@@H](O)[C@H](O)[C@H]4O)[C@H](O)[C@H]3O)[C@H]2NC(C)=O)[C@H](O)[C@@H]1O	CC(=CCC/C(=C/CC/C(=C/CC/C(=C\CC/C(=C\CC/C(=C\CC/C(=C\CC/C(=C\CC/C(=C\CC/C(=C\CC/C(=C\COP(=O)([O-])OP(=O)([O-])O[C@@H]1[C@@H]([C@H]([C@H]([C@H](O1)CO[C@@H]2[C@@H]([C@H]([C@H]([C@H](O2)CO)O)O[C@H]3[C@@H]([C@H]([C@@H]([C@H](O3)C(=O)[O-])O[C@H]4[C@@H]([C@H]([C@@H]([C@H](O4)C(=O)[O-])O)O)O)O)O)NC(=O)C)O)O)NC(=O)C)/C)/C)/C)/C)/C)/C)/C)/C)/C)/C)C	30	32	30	32
cpd32317	3,4,15-triacetyl-nivalenol	3,4,15-triacetylnivalenol	name_lookup	STEREO_DIFF	YYGPBFODSFWCGH-GYDRFHSRSA-N	YYGPBFODSFWCGH-PVVWFSRXSA-N	102515035	CC(=O)OC[C@]12[C@H](O)C(=O)C(C)=C[C@H]1O[C@@H]1[C@H](OC(C)=O)[C@H](OC(C)=O)[C@@]2(C)C12CO2	CC1=CC2[C@]([C@@H](C1=O)O)([C@]3([C@@H]([C@H](C(C34CO4)O2)OC(=O)C)OC(=O)C)C)COC(=O)C	7	8	5	8
cpd32323	IPC-3 (C24)	inositol phosphoceramide C (C24)	name_lookup	STEREO_DIFF	WHEIQLYBLPWARO-JCERAKAVSA-M	WHEIQLYBLPWARO-CGPBWFJKSA-M	90657554	CCCCCCCCCCCCCCCCCCCCCC[C@H](O)C(=O)N[C@@H](COP(=O)([O-])O[C@@H]1[C@H](O)[C@H](O)[C@@H](O)[C@H](O)[C@H]1O)[C@H](O)[C@H](O)CCCCCCCCCCCCCC	CCCCCCCCCCCCCCCCCCCCCC[C@@H](C(=O)N[C@@H](COP(=O)([O-])OC1[C@@H]([C@H](C([C@H]([C@H]1O)O)O)O)O)[C@@H]([C@@H](CCCCCCCCCCCCCC)O)O)O	10	11	8	11
cpd32329	Ins-1-P-6-Man-1-2-Ins-1-P-Cer(d18:0/26:0)	mannose-(inositol-P)2-ceramide-A	name_lookup	STEREO_DIFF	UWNGTCLGBRQASV-PYKGJVMISA-L	UWNGTCLGBRQASV-QIRKRLFQSA-N	53356755	CCCCCCCCCCCCCCCCCCCCCCCCCC(=O)N[C@@H](COP(=O)([O-])O[C@@H]1[C@H](O)[C@H](O)[C@@H](O)[C@H](O)[C@H]1O[C@@H]1O[C@H](COP(=O)([O-])O[C@@H]2[C@H](O)[C@H](O)[C@@H](O)[C@H](O)[C@H]2O)[C@@H](O)[C@H](O)[C@@H]1O)[C@H](O)CCCCCCCCCCCCCCC	CCCCCCCCCCCCCCCCCCCCCCCCCC(=O)N[C@@H](COP(=O)(O)O[C@@H]1[C@@H]([C@@H]([C@H]([C@@H]([C@H]1OC2[C@H]([C@H]([C@@H]([C@H](O2)COP(=O)(O)OC3[C@@H]([C@H](C([C@H]([C@H]3O)O)O)O)O)O)O)O)O)O)O)O)[C@@H](CCCCCCCCCCCCCCC)O	19	21	16	21
cpd32433	(2R)-3-(palmitoyloxy)-2-hydroxypropyl (1S,2R,3R,4S,5S,6R)-2,3,4,5,6-pentahydroxycyclohexyl phosphate	CHEBI:72833	chebi_xref	STEREO_DIFF	UOXRPRZMAROFPH-OAOCPRPWSA-M	UOXRPRZMAROFPH-IESLQMLBSA-M	71296206	CCCCCCCCCCCCCCCC(=O)OC[C@@H](O)COP(=O)([O-])O[C@@H]1[C@H](O)[C@H](O)[C@@H](O)[C@H](O)[C@H]1O	CCCCCCCCCCCCCCCC(=O)OC[C@H](COP(=O)([O-])OC1[C@@H]([C@H](C([C@H]([C@H]1O)O)O)O)O)O	7	8	5	8
cpd32552	4,5-dehydro-L-arginine	4,5-dehydro-L-arginine	name_lookup	STEREO_DIFF	FVSQXMGZDMFDEJ-BYPYZUCNSA-O	FVSQXMGZDMFDEJ-REJIZHKJSA-O	122706157	NC(=[NH2+])NC=CC[C@H]([NH3+])C(=O)[O-]	C(/C=C/[NH+]=C(N)N)[C@@H](C(=O)[O-])[NH3+]	1	2	2	2
cpd32685	(2S,3R)-2-(hexacosanoylamino)-3-hydroxyoctadecyl (1S,2R,3R,4S,5S,6R)-2,3,4,5,6-pentahydroxycyclohexyl phosphate	CHEBI:65089	chebi_xref	STEREO_DIFF	ORSGBBKDFSRJSQ-PCIXLOPBSA-M	ORSGBBKDFSRJSQ-OAGHENCHSA-M	70678646	CCCCCCCCCCCCCCCCCCCCCCCCCC(=O)N[C@@H](COP(=O)([O-])O[C@@H]1[C@H](O)[C@H](O)[C@@H](O)[C@H](O)[C@H]1O)[C@H](O)CCCCCCCCCCCCCCC	CCCCCCCCCCCCCCCCCCCCCCCCCC(=O)N[C@@H](COP(=O)([O-])OC1[C@@H]([C@H](C([C@H]([C@H]1O)O)O)O)O)[C@@H](CCCCCCCCCCCCCCC)O	8	9	6	9
cpd32708	2,3-O-diphytanyl-sn-glycero-1-phospho(alpha-D-glucosaminyl)-myo-inositol	2,3-O-diphytanyl-sn-glycero-1-phospho(alpha-D-glucosaminyl)-myo-inositol	name_lookup	STEREO_DIFF	BOYNQRHLLKMTHA-IWRKNVKKSA-N	BOYNQRHLLKMTHA-JHFXUHMOSA-N	126961052	CC(C)CCC[C@@H](C)CCC[C@@H](C)CCC[C@@H](C)CCOC[C@@H](COP(=O)([O-])O[C@H]1[C@H](O)[C@@H](O)[C@H](O)[C@@H](O)[C@H]1O[C@H]1O[C@H](CO)[C@@H](O)[C@H](O)[C@H]1[NH3+])OCC[C@H](C)CCC[C@H](C)CCC[C@H](C)CCCC(C)C	C[C@H](CCC[C@H](C)CCCC(C)C)CCC[C@@H](C)CCOC[C@@H](COP(=O)([O-])O[C@H]1[C@@H]([C@H]([C@@H]([C@H]([C@H]1O[C@@H]2[C@H]([C@@H]([C@@H]([C@H](O2)CO)O)O)[NH3+])O)O)O)O)OCC[C@H](C)CCC[C@H](C)CCC[C@H](C)CCCC(C)C	18	19	18	19
cpd32730	2-methyladenine ribotide phosphate	2-methyladenine ribotide phosphate	name_lookup	STEREO_DIFF	DEYSCYWEHGTTSA-FCKMSMMTSA-L	DEYSCYWEHGTTSA-IOSLPCCCSA-L	146036964	Cc1nc(N)c2ncn([C@H]3O[C@H](COP(=O)([O-])[O-])[C@@H](O)[C@H]3O)c2n1	CC1=NC(=C2C(=N1)N(C=N2)[C@H]3[C@@H]([C@@H]([C@H](O3)COP(=O)([O-])[O-])O)O)N	4	4	4	4
cpd32768	11-hydroxyvittatine	11-hydroxyvittatine	name_lookup	STEREO_DIFF	KWAOMPWGIIXDPH-BWAGICSOSA-O	KWAOMPWGIIXDPH-NWLYGAKOSA-N	70682698	O[C@@H]1C=C[C@@]23c4cc5c(cc4C[N@@H+](C[C@@H]2O)[C@H]3C1)OCO5	C1[C@@H](C=C[C@]23[C@H]1N(C[C@H]2O)CC4=CC5=C(C=C34)OCO5)O	5	5	4	5
cpd32777	11-deoxoglycyrrhetinate	11-deoxoglycyrrhetinic acid	name_lookup	STEREO_DIFF	JZFSMVXQUWRSIW-ROGLGCEQSA-M	JZFSMVXQUWRSIW-BTJIZOSBSA-N	12305517	CC1(C)C2CC[C@]3(C)C(CC=C4[C@H]5C[C@@](C)(C(=O)[O-])CC[C@]5(C)CC[C@]43C)[C@@]2(C)CC[C@@H]1O	C[C@]12CC[C@](C[C@H]1C3=CC[C@@H]4[C@]5(CC[C@@H](C([C@@H]5CC[C@]4([C@@]3(CC2)C)C)(C)C)O)C)(C)C(=O)O	7	9	9	9
cpd32785	desulfo-A47934	desulfo-A47934	name_lookup	STEREO_DIFF	KJTFTWQSEBLIPM-HKSKXXLXSA-M	KJTFTWQSEBLIPM-QLRHZSCISA-N	57339436	[NH3+][C@@H]1C(=O)N[C@@H]2Cc3ccc(c(Cl)c3)Oc3cc4cc(c3O)Oc3ccc(cc3Cl)[C@@H](O)[C@@H]3NC(=O)[C@H](NC(=O)[C@@H]4NC(=O)[C@@H](NC2=O)c2cc(O)cc(c2)Oc2cc1ccc2O)c1cc(Cl)c([O-])c(c1)-c1c(O)cc(O)cc1C(C(=O)[O-])NC3=O	C1[C@@H]2C(=O)N[C@@H](C3=CC(=CC(=C3)OC4=C(C=CC(=C4)[C@H](C(=O)N2)N)O)O)C(=O)N[C@@H]5C6=CC(=C(C(=C6)OC7=C(C=C(C=C7)[C@H]([C@H]8C(=O)N[C@@H](C9=C(C(=CC(=C9)O)O)C2=C(C(=CC(=C2)[C@H](C(=O)N8)NC5=O)Cl)O)C(=O)O)O)Cl)O)OC2=C(C=C1C=C2)Cl	7	8	8	8
cpd32789	(S)-4-deoxygadusol	(S)-4-deoxygadusol	name_lookup	STEREO_DIFF	ZONRIYAALKITGT-UHFFFAOYSA-M	ZONRIYAALKITGT-QMMMGPOBSA-N	122706197	COC1=C([O-])CC(O)(CO)CC1=O	COC1=C(C[C@](CC1=O)(CO)O)O	0	1	1	1
cpd32932	3-oxoolean-18-en-28-oic acid	moronate	name_lookup	STEREO_DIFF	UMYJVVZWBKIXQQ-QRARIYCASA-M	UMYJVVZWBKIXQQ-QALSDZMNSA-M	90657845	CC1(C)C=C2[C@@H]3CC[C@@H]4[C@@]5(C)CCC(=O)C(C)(C)[C@@H]5CC[C@@]4(C)[C@]3(C)CC[C@@]2(C(=O)[O-])CC1	C[C@@]12CC[C@]3(CCC(C=C3[C@H]1CC[C@H]4[C@]2(CC[C@@H]5[C@@]4(CCC(=O)C5(C)C)C)C)(C)C)C(=O)[O-]	7	7	7	7
cpd32944	<i>trans</i>-1,4-diaminocyclohexane	trans-1,4-diaminocyclohexane	name_lookup	STEREO_DIFF	VKIRRGRTJUUZHS-IZLXSQMJSA-P	VKIRRGRTJUUZHS-UHFFFAOYSA-N	18374	[NH3+][C@H]1CC[C@H]([NH3+])CC1	C1CC(CCC1N)N	2	2	0	2
cpd32971	TMAMQ	TMAMQ	name_lookup	STEREO_DIFF	RWUDEKRSLZCEOM-FMQUCBEESA-N	RWUDEKRSLZCEOM-UHFFFAOYSA-N	67467499	COC1=CC(=C/N=N/C=C2C=C(OC)C(=O)C(OC)=C2)C=C(OC)C1=O	COC1=CC(=CN=NC=C2C=C(C(=O)C(=C2)OC)OC)C=C(C1=O)OC	1	1	0	1
cpd32985	1D-<i>myo</i>-inositol (2,5) bisphosphate	CHEBI:177297	chebi_xref	STEREO_DIFF	PELZSPZCXGTUMR-QWBQGLJISA-J	PELZSPZCXGTUMR-FYRFQUNGSA-J	122706225	O=P([O-])([O-])O[C@@H]1[C@H](O)[C@@H](O)[C@H](OP(=O)([O-])[O-])[C@@H](O)[C@@H]1O	[C@H]1([C@H](C([C@H]([C@@H](C1OP(=O)([O-])[O-])O)O)OP(=O)([O-])[O-])O)O	6	6	4	6
cpd33015	safracin B	safracin B	name_lookup	STEREO_DIFF	GKUZBRIJGIGFKC-DODRDYGUSA-O	GKUZBRIJGIGFKC-XPXFATIHSA-N	160294	COC1=C(C)C(=O)C2=C(C1=O)[C@H](CNC(=O)[C@H](C)[NH3+])N1[C@@H](O)[C@@H]3Cc4cc(C)c(OC)c(O)c4[C@H]([C@@H]1C2)N3C	CC1=CC2=C([C@H]3[C@@H]4CC5=C([C@@H](N4[C@H]([C@@H](C2)N3C)O)CNC(=O)[C@H](C)N)C(=O)C(=C(C5=O)C)OC)C(=C1OC)O	6	6	6	6
cpd33021	3-benzyl-3,6 -disulfide-6-(hydroxymethyl)-DKP	3-benzyl-3,6 -disulfide-6-(hydroxymethyl)-DKP	name_lookup	STEREO_DIFF	POIIJAAGMGNXLO-RYUDHWBXSA-N	POIIJAAGMGNXLO-UHFFFAOYSA-N	90657891	O=C1N[C@@]2(Cc3ccccc3)SS[C@]1(CO)NC2=O	C1=CC=C(C=C1)CC23C(=O)NC(C(=O)N2)(SS3)CO	2	2	0	2
cpd33023	harzianum A	harzianum A	name_lookup	STEREO_DIFF	FVRDNLIUSWSBCT-UFZXEYFSSA-M	FVRDNLIUSWSBCT-WUJFNTSISA-N	6444304	CC1=C[C@H]2O[C@@H]3C[C@@H](OC(=O)/C=C\C=C\C=C\C(=O)[O-])[C@@](C)(C34CO4)[C@@]2(C)CC1	CC1=CC2C(CC1)(C3(C(CC(C34CO4)O2)OC(=O)/C=C/C=C/C=C/C(=O)O)C)C	8	9	3	9
cpd33114	a nascent peptidoglycan (<i>meso</i>-DAP containing) with GlcNAc non-reducing terminus	a nascent peptidoglycan (meso-DAP containing) with GlcNAc terminus	name_lookup	STEREO_DIFF	ZJUCBLJPWMJPPP-FBTIMHPGSA-J	ZJUCBLJPWMJPPP-ZBZLBUFYSA-J	122706251	CC(=O)N[C@H]1[C@H](O[C@H]2[C@H](O[C@H](C)C(=O)N[C@@H](C)C(=O)N[C@H](CCC(=O)N[C@@H](CCC[C@@H]([NH3+])C(=O)[O-])C(=O)N[C@H](C)C(=O)[O-])C(=O)[O-])[C@@H](NC(C)=O)[C@@H](OP(=O)([O-])OP(=O)([O-])OC/C=C(/C)CC/C=C(/C)CC/C=C(/C)CC/C=C(/C)CC/C=C(/C)CC/C=C(/C)CC/C=C(/C)CC/C=C(/C)CC/C=C(\C)CC/C=C(\C)CCC=C(C)C)O[C@@H]2CO)O[C@H](CO)[C@@H](O)[C@@H]1O	C[C@@H](C(=O)N[C@H](CCC(=O)N[C@@H](CCC[C@H](C(=O)[O-])[NH3+])C(=O)N[C@H](C)C(=O)[O-])C(=O)[O-])NC(=O)[C@@H](C)O[C@H]1[C@@H]([C@H](OC([C@@H]1NC(=O)C)OP(=O)([O-])OP(=O)([O-])OC/C=C(/C)\CC/C=C(/C)\CC/C=C(/C)\CC/C=C(/C)\CC/C=C(/C)\CC/C=C(/C)\CC/C=C(/C)\CC/C=C(/C)\CC/C=C(\C)/CC/C=C(\C)/CCC=C(C)C)CO)O[C@H]2[C@@H]([C@H]([C@@H]([C@H](O2)CO)O)O)NC(=O)C	26	28	25	28
cpd33115	Ins-1-P-6-Man-beta1-2-Ins-1-P-Cer(t18:0/24:0)	Ins-1-P-6-Man-beta1-2-Ins-1-P-Cer(t18:0/24:0)	name_lookup	STEREO_DIFF	UGJKYEVDBCDQBN-HLBLIWGQSA-L	UGJKYEVDBCDQBN-NPYQXDOUSA-N	70678599	CCCCCCCCCCCCCCCCCCCCCCCC(=O)N[C@@H](COP(=O)([O-])O[C@@H]1[C@H](O)[C@H](O)[C@@H](O)[C@H](O)[C@H]1O[C@@H]1O[C@H](COP(=O)([O-])O[C@@H]2[C@H](O)[C@H](O)[C@@H](O)[C@H](O)[C@H]2O)[C@@H](O)[C@H](O)[C@@H]1O)[C@H](O)[C@H](O)CCCCCCCCCCCCCC	CCCCCCCCCCCCCCCCCCCCCCCC(=O)N[C@@H](COP(=O)(O)O[C@@H]1[C@@H]([C@@H]([C@H]([C@@H]([C@H]1O[C@H]2[C@H]([C@H]([C@@H]([C@H](O2)COP(=O)(O)OC3[C@@H]([C@H](C([C@H]([C@H]3O)O)O)O)O)O)O)O)O)O)O)O)[C@@H](C(CCCCCCCCCCCCCC)O)O	20	22	17	22
cpd33168	arginomycin	arginomycin	name_lookup	STEREO_DIFF	QHXNKYPHTJBRJV-SEZOBRLKSA-O	QHXNKYPHTJBRJV-UHFFFAOYSA-N	129552	CC(CCN(C)C(N)=[NH2+])[C@H]([NH3+])C(=O)N[C@H]1C=C[C@H](n2ccc(N)nc2=O)O[C@@H]1C(=O)[O-]	CC(CCN(C)C(=N)N)C(C(=O)NC1C=CC(OC1C(=O)O)N2C=CC(=NC2=O)N)N	4	5	0	6
cpd33303	Nalpha,Nepsilon-diacetyl-lysyl-D-alanine	diacetyl-lys-D-ala	name_lookup	STEREO_DIFF	GREPICCJTJBJKO-KCJUWKMLSA-M	GREPICCJTJBJKO-UHFFFAOYSA-M	134820186	CC(=O)NCCCC[C@H](NC(C)=O)C(=O)N[C@H](C)C(=O)[O-]	CC(C(=O)[O-])NC(=O)C(CCCCNC(=O)C)NC(=O)C	2	2	0	2
cpd33324	22<i>H</i>-bilin	22H-bilin	name_lookup	STEREO_DIFF	PPRBOEHFGAHFGC-XPFFCHIZSA-O	PPRBOEHFGAHFGC-UHFFFAOYSA-N	6857471	C1=C/C(=C\C2=N/C(=C/c3ccc(/C=C4\C=CC=[NH+]4)[nH]3)C=C2)N=C1	C1=CC(=CC2=NC(=CC3=CC=C(N3)C=C4C=CC=N4)C=C2)N=C1	3	3	0	3
cpd33521	3beta-hydroxyparthenolide	CHEBI:144561	chebi_xref	STEREO_DIFF	BBXAUSVGMAQCDJ-ZYRNSQCUSA-N	BBXAUSVGMAQCDJ-RCOKYBRUSA-N	138911145	C=C1C(=O)O[C@@H]2[C@H]3O[C@]3(C)[C@@H](O)C/C=C(/C)CC[C@@H]12	C/C/1=C\C[C@@H]([C@@]2([C@H](O2)[C@@H]3[C@@H](CC1)C(=C)C(=O)O3)C)O	6	6	6	6
cpd33539	norcraugsodine	norcraugsodine	name_lookup	STEREO_DIFF	ATVBRGIKCZGPSC-MHWRWJLKSA-N	ATVBRGIKCZGPSC-UHFFFAOYSA-N	253995	Oc1ccc(CC/N=C/c2ccc(O)c(O)c2)cc1	C1=CC(=CC=C1CCN=CC2=CC(=C(C=C2)O)O)O	1	1	0	1
cpd33555	IPC-2 (C24)	inositol phosphoceramide B (C24)	name_lookup	STEREO_DIFF	OBGQZGVSCDFIHI-UNBICIHQSA-M	OBGQZGVSCDFIHI-FGTVWCJPSA-M	90658154	CCCCCCCCCCCCCCCCCCCCCCCC(=O)N[C@@H](COP(=O)([O-])O[C@@H]1[C@H](O)[C@H](O)[C@@H](O)[C@H](O)[C@H]1O)[C@H](O)[C@H](O)CCCCCCCCCCCCCC	CCCCCCCCCCCCCCCCCCCCCCCC(=O)N[C@@H](COP(=O)([O-])OC1[C@@H]([C@H](C([C@H]([C@H]1O)O)O)O)O)[C@@H]([C@@H](CCCCCCCCCCCCCC)O)O	9	10	7	10
cpd33659	Ins-1-P-6-Man-1-2-Ins-1-P-Cer(t18:0/26:0)	M(IP)2C-B	name_lookup	STEREO_DIFF	KMTRPPDJIYGURJ-UPSKFMFASA-L	KMTRPPDJIYGURJ-VLUGSGBZSA-N	53356737	CCCCCCCCCCCCCCCCCCCCCCCCCC(=O)N[C@@H](COP(=O)([O-])O[C@@H]1[C@H](O)[C@H](O)[C@@H](O)[C@H](O)[C@H]1OC1O[C@H](COP(=O)([O-])O[C@@H]2[C@H](O)[C@H](O)[C@@H](O)[C@H](O)[C@H]2O)[C@@H](O)[C@H](O)[C@@H]1O)[C@H](O)[C@H](O)CCCCCCCCCCCCCC	CCCCCCCCCCCCCCCCCCCCCCCCCC(=O)N[C@@H](COP(=O)(O)O[C@@H]1[C@@H]([C@@H]([C@H]([C@@H]([C@H]1OC2[C@H]([C@H]([C@@H]([C@H](O2)COP(=O)(O)OC3[C@@H]([C@H](C([C@H]([C@H]3O)O)O)O)O)O)O)O)O)O)O)O)[C@@H](C(CCCCCCCCCCCCCC)O)O	19	22	16	22
cpd33665	megalomicin B	megalomicin B	name_lookup	STEREO_DIFF	WJOASKOPJZDBAH-LYHJGIOHSA-P	WJOASKOPJZDBAH-WKBCHECCSA-N	443561	CC[C@H]1OC(=O)[C@H](C)[C@@H](O[C@H]2C[C@@](C)(O)[C@@H](OC(C)=O)[C@H](C)O2)[C@H](C)[C@@H](O[C@H]2O[C@@H](C)C[C@@H]([NH+](C)C)[C@@H]2O)[C@](C)(O[C@H]2C[C@H]([NH+](C)C)[C@@H](O)[C@H](C)O2)C[C@@H](C)C(=O)[C@H](C)[C@@H](O)[C@]1(C)O	CC[C@@H]1[C@@]([C@@H]([C@H](C(=O)[C@@H](C[C@@]([C@@H]([C@H]([C@@H]([C@H](C(=O)O1)C)O[C@H]2C[C@@]([C@H]([C@@H](O2)C)OC(=O)C)(C)O)C)O[C@H]3[C@@H]([C@H](C[C@H](O3)C)N(C)C)O)(C)O[C@H]4C[C@H]([C@H]([C@@H](O4)C)O)N(C)C)C)C)O)(C)O	22	22	22	22
cpd33686	3,15-acetyl-deoxynivalenol	3,15-acetyldeoxynivalenol	name_lookup	STEREO_DIFF	RANGFOQREJPKIH-ITXQSEJKSA-N	RANGFOQREJPKIH-BPFFPJERSA-N	102515207	CC(=O)OC[C@]12[C@H](O)C(=O)C(C)=C[C@H]1O[C@@H]1[C@H](OC(C)=O)C[C@@]2(C)C12CO2	CC1=CC2[C@]([C@@H](C1=O)O)([C@]3(C[C@H](C(C34CO4)O2)OC(=O)C)C)COC(=O)C	6	7	4	7
cpd33721	1<i>H</i>-pyrrol-2-yl(carbonyl)-<i>S</i>-CoA	1H-pyrrol-2-yl(carbonyl)-S-CoA	name_lookup	STEREO_DIFF	AGVZEKVPTJUMGS-VGJVMQFFSA-J	AGVZEKVPTJUMGS-DJVIHCHSSA-J	74281453	CC(C)(COP(=O)([O-])OP(=O)([O-])OC[C@H]1O[C@@H](n2cnc3c(N)ncnc32)[C@H](O)[C@H]1OP(=O)([O-])[O-])[C@@H](O)C(=O)NCCC(=O)NCCSC(=O)c1ccc[nH]1	CC(C)(COP(=O)([O-])OP(=O)([O-])OC[C@@H]1[C@H]([C@H]([C@@H](O1)N2C=NC3=C(N=CN=C32)N)O)OP(=O)([O-])[O-])[C@H](C(=O)NCCC(=O)NCCSC(=O)C4=CC=CN4)O	5	7	5	7
cpd33745	7,8-dihydroxy-3,4,15-triacetoxyscirpenol	7,8-dihydroxy-TAS	name_lookup	STEREO_DIFF	URJKZBKWIWMEQI-LYTYWTHFSA-N	URJKZBKWIWMEQI-IGZVRCDWSA-N	122706803	CC(=O)OC[C@]12[C@H](O)[C@H](O)C(C)=C[C@H]1O[C@@H]1[C@H](OC(C)=O)[C@@H](OC(C)=O)[C@@]2(C)C12CO2	CC1=C[C@@H]2[C@]([C@@H]([C@@H]1O)O)([C@]3([C@@H]([C@H]([C@H]([C@@]34CO4)O2)OC(=O)C)OC(=O)C)C)COC(=O)C	8	9	9	9
cpd33771	(1R,2R,3R,4R,5S,6R)-2,3,4,5-tetrahydroxy-6-{[6-O-({[(1S,2R,3R,4S,5S,6R)-2,3,4,5,6-pentahydroxycyclohexyl]oxy}phosphinato)-D-mannopyranosyl]oxy}cyclohexyl phosphate	CHEBI:139148	chebi_xref	STEREO_DIFF	DKHMHRQWWQWLAI-PNMGQCLPSA-K	DKHMHRQWWQWLAI-KTXRHDLJSA-K	90658248	O=P([O-])([O-])O[C@@H]1[C@H](O)[C@H](O)[C@@H](O)[C@H](O)[C@H]1OC1O[C@H](COP(=O)([O-])O[C@@H]2[C@H](O)[C@H](O)[C@@H](O)[C@H](O)[C@H]2O)[C@@H](O)[C@H](O)[C@@H]1O	C([C@@H]1[C@H]([C@@H]([C@@H](C(O1)O[C@@H]2[C@H]([C@@H]([C@H]([C@H]([C@H]2OP(=O)([O-])[O-])O)O)O)O)O)O)O)OP(=O)([O-])OC3[C@@H]([C@H](C([C@H]([C@H]3O)O)O)O)O	16	18	14	18
cpd33795	3,15-diacetyl-nivalenol	3,15-diacetyl-nivalenol	name_lookup	STEREO_DIFF	VHWIMVHIFRZAOL-KAECGEELSA-N	VHWIMVHIFRZAOL-XUEKZJGCSA-N	102515222	CC(=O)OC[C@]12[C@H](O)C(=O)C(C)=C[C@H]1O[C@@H]1[C@H](OC(C)=O)[C@@H](O)[C@@]2(C)C12CO2	CC1=CC2[C@]([C@@H](C1=O)O)([C@]3([C@@H]([C@H](C(C34CO4)O2)OC(=O)C)O)C)COC(=O)C	7	8	5	8
cpd33820	IPC-4 (C26)	inositol phosphoceramide D (C26)	name_lookup	STEREO_DIFF	BUJDESZERWRJFC-QMPYUXPBSA-M	BUJDESZERWRJFC-LUQLAFGOSA-M	90658277	CCCCCCCCCCCCCCCCCCCCCCC[C@@H](O)[C@H](O)C(=O)N[C@@H](COP(=O)([O-])O[C@@H]1[C@H](O)[C@H](O)[C@@H](O)[C@H](O)[C@H]1O)[C@H](O)[C@H](O)CCCCCCCCCCCCCC	CCCCCCCCCCCCCCCCCCCCCCC[C@H]([C@@H](C(=O)N[C@@H](COP(=O)([O-])OC1[C@@H]([C@H](C([C@H]([C@H]1O)O)O)O)O)[C@@H]([C@@H](CCCCCCCCCCCCCC)O)O)O)O	11	12	9	12
cpd33850	<i>Escherichia coli</i> serotype O:55 O antigen repeat unit	alpha-L-colitosyl-[1->2]-beta-D-galactosyl-[1->3]-N-acetyl-beta-D-glucosaminyl-[1->3]-alpha-D-galactosyl-[1->3]-N-acetyl-D-galactosamine	name_lookup	STEREO_DIFF	NXVBEBMQKUAPPU-XCMWOKOZSA-N	NXVBEBMQKUAPPU-WCBFTFLNSA-N	122706351	CC(=O)N[C@@H]1[C@@H](O[C@H]2O[C@H](CO)[C@H](O)[C@H](O[C@@H]3O[C@H](CO)[C@@H](O)[C@H](O[C@@H]4O[C@H](CO)[C@H](O)[C@H](O)[C@H]4O[C@@H]4O[C@@H](C)[C@@H](O)C[C@@H]4O)[C@H]3NC(C)=O)[C@H]2O)[C@@H](O)[C@@H](CO)O[C@H]1O	C[C@H]1[C@H](C[C@@H]([C@@H](O1)O[C@@H]2[C@H]([C@H]([C@H](O[C@H]2O[C@@H]3[C@H]([C@@H](O[C@@H]([C@H]3O)CO)O[C@H]4[C@H]([C@H](O[C@@H]([C@@H]4O)O[C@H]5[C@H]([C@H](OC([C@@H]5NC(=O)C)O)CO)O)CO)O)NC(=O)C)CO)O)O)O)O	24	24	23	24
cpd33935	(2R)-2-hydroxy-3-(stearoyloxy)propyl (1S,2R,3R,4S,5S,6R)-2,3,4,5,6-pentahydroxycyclohexyl phosphate	CHEBI:74243	chebi_xref	STEREO_DIFF	MXAFDFDAIFZFET-CZDOQZASSA-M	MXAFDFDAIFZFET-QIEOIKHQSA-M	71581134	CCCCCCCCCCCCCCCCCC(=O)OC[C@@H](O)COP(=O)([O-])O[C@@H]1[C@H](O)[C@H](O)[C@@H](O)[C@H](O)[C@H]1O	CCCCCCCCCCCCCCCCCC(=O)OC[C@H](COP(=O)([O-])OC1[C@@H]([C@H](C([C@H]([C@H]1O)O)O)O)O)O	7	8	5	8
cpd33938	gabren	gabrene	name_lookup	STEREO_DIFF	IBALRBWGSVJPAP-HEHNFIMWSA-N	IBALRBWGSVJPAP-UHFFFAOYSA-N	44115	NC(=O)CCC/N=C(\c1ccc(Cl)cc1)c1cc(F)ccc1O	C1=CC(=CC=C1C(=NCCCC(=O)N)C2=C(C=CC(=C2)F)O)Cl	1	1	0	1
cpd33943	(2S,3R)-3-hydroxy-2-{[(2S)-2-hydroxyhexacosanoyl]amino}octadecyl (1S,2R,3R,4S,5S,6R)-2,3,4,5,6-pentahydroxycyclohexyl phosphate	CHEBI:65094	chebi_xref	STEREO_DIFF	XYCNASUKVOVNSX-JZZCRTNLSA-M	XYCNASUKVOVNSX-QYKVVMPESA-M	70678660	CCCCCCCCCCCCCCCCCCCCCCCC[C@H](O)C(=O)N[C@@H](COP(=O)([O-])O[C@@H]1[C@H](O)[C@H](O)[C@@H](O)[C@H](O)[C@H]1O)[C@H](O)CCCCCCCCCCCCCCC	CCCCCCCCCCCCCCCCCCCCCCCC[C@@H](C(=O)N[C@@H](COP(=O)([O-])OC1[C@@H]([C@H](C([C@H]([C@H]1O)O)O)O)O)[C@@H](CCCCCCCCCCCCCCC)O)O	9	10	7	10
cpd34026	manumycin B	manumycin B	name_lookup	STEREO_DIFF	ZGICGDCGECBVTD-ULNOGCHZSA-M	ZGICGDCGECBVTD-LOWJZYKPSA-N	9870986	CCCCC(C)/C=C(\C)C(=O)NC1=C[C@@](O)(/C=C/C=C/C=C/C(=O)NC2=C([O-])CCC2=O)[C@@H]2O[C@@H]2C1=O	CCCC[C@@H](C)/C=C(\C)/C(=O)NC1=C[C@]([C@H]2[C@@H](C1=O)O2)(/C=C/C=C/C=C/C(=O)NC3=C(CCC3=O)O)O	7	8	8	8
cpd34103	(20S)-ginsenoside C-Y	CHEBI:77157	chebi_xref	STEREO_DIFF	YNBYFOIDLBTOMW-MOBYHOAZSA-N	YNBYFOIDLBTOMW-QHNUHGIDSA-N	21672570	CC(C)=CCCC(C)(O[C@@H]1O[C@H](CO[C@@H]2OC[C@H](O)[C@H](O)[C@H]2O)[C@@H](O)[C@H](O)[C@H]1O)[C@H]1CC[C@]2(C)[C@@H]1[C@H](O)C[C@@H]1[C@@]3(C)CC[C@H](O)C(C)(C)[C@@H]3CC[C@]12C	CC(=CCC[C@@](C)([C@H]1CC[C@@]2([C@@H]1[C@@H](C[C@H]3[C@]2(CC[C@@H]4[C@@]3(CC[C@@H](C4(C)C)O)C)C)O)C)O[C@H]5[C@@H]([C@H]([C@@H]([C@H](O5)CO[C@H]6[C@@H]([C@H]([C@H](CO6)O)O)O)O)O)O)C	18	19	19	19
cpd34182	(R)-4-deoxygadusol	(R)-4-deoxygadusol	name_lookup	STEREO_DIFF	ZONRIYAALKITGT-UHFFFAOYSA-M	ZONRIYAALKITGT-MRVPVSSYSA-N	122706403	COC1=C([O-])CC(O)(CO)CC1=O	COC1=C(C[C@@](CC1=O)(CO)O)O	0	1	1	1
cpd34226	Ins-1-P-6-Man-beta(1-2)-Ins-1-P-Cer(d18:0/24:0)	Ins-1-P-6-Man-beta(1-2)-Ins-1-P-Cer(d18:0/24:0)	name_lookup	STEREO_DIFF	JDYOTZJYALHJPI-VREYUTKGSA-L	JDYOTZJYALHJPI-JDLVNZTBSA-L	70678607	CCCCCCCCCCCCCCCCCCCCCCCC(=O)N[C@@H](COP(=O)([O-])O[C@@H]1[C@H](O)[C@H](O)[C@@H](O)[C@H](O)[C@H]1O[C@@H]1O[C@H](COP(=O)([O-])O[C@@H]2[C@H](O)[C@H](O)[C@@H](O)[C@H](O)[C@H]2O)[C@@H](O)[C@H](O)[C@@H]1O)[C@H](O)CCCCCCCCCCCCCCC	CCCCCCCCCCCCCCCCCCCCCCCC(=O)N[C@@H](COP(=O)([O-])O[C@@H]1[C@@H]([C@@H]([C@H]([C@@H]([C@H]1O[C@H]2[C@H]([C@H]([C@@H]([C@H](O2)COP(=O)([O-])OC3[C@@H]([C@H](C([C@H]([C@H]3O)O)O)O)O)O)O)O)O)O)O)O)[C@@H](CCCCCCCCCCCCCCC)O	19	21	17	21
cpd34325	ent-8alpha-hydroxylabd-13-en-15-yl diphosphate	ent-8alpha-hydroxylabd-13-en-15-yl diphosphate	name_lookup	STEREO_DIFF	ZDGVATANBJCRHY-FFIUSHDYSA-L	ZDGVATANBJCRHY-BVVYIIRBSA-N	131708296	C/C(=C\COP(=O)([O-])OP(=O)([O-])O)CC[C@@H]1[C@@](C)(O)CCC2C(C)(C)CCC[C@]21C	C/C(=C\COP(=O)(O)OP(=O)(O)O)/CC[C@H]1[C@@]2(CCCC([C@H]2CC[C@]1(C)O)(C)C)C	4	7	5	6
cpd34374	N-acetyl-alpha-D-galactosaminyl-(1->6)-N-acetyl-alpha-D-galactosaminyl-diphospho-ditrans,octacis-undecaprenol	alpha-D-GalNAc-(1->6)-alpha-D-GalNAc-diphospho-ditrans,octacis-undecaprenol	name_lookup	STEREO_DIFF	LOTKWENHMDGLHJ-QOZJJACASA-L	LOTKWENHMDGLHJ-DZOZLFEPSA-L	122706439	CC(=O)N[C@H]1[C@H](OC[C@H]2O[C@H](OP(=O)([O-])OP(=O)([O-])OC/C=C(/C)CC/C=C(/C)CC/C=C(/C)CC/C=C(/C)CC/C=C(/C)CC/C=C(/C)CC/C=C(/C)CC/C=C(/C)CC/C=C(\C)CC/C=C(\C)CCC=C(C)C)[C@H](NC(C)=O)[C@@H](O)[C@H]2O)O[C@H](CO)[C@H](O)[C@@H]1O	CC(=CCC/C(=C/CC/C(=C/CC/C(=C\CC/C(=C\CC/C(=C\CC/C(=C\CC/C(=C\CC/C(=C\CC/C(=C\CC/C(=C\COP(=O)([O-])OP(=O)([O-])O[C@@H]1[C@@H]([C@H]([C@H]([C@H](O1)CO[C@@H]2[C@@H]([C@H]([C@H]([C@H](O2)CO)O)O)NC(=O)C)O)O)NC(=O)C)/C)/C)/C)/C)/C)/C)/C)/C)/C)/C)C	20	22	20	22
cpd34398	15-<i>O</i>-deacetylcalonectrin	15-O-deacetylcalonectrin	name_lookup	STEREO_DIFF	DFPPNUOWRKIOKO-VUIOFSRNSA-N	DFPPNUOWRKIOKO-QLOQYZEMSA-N	102515313	CC(=O)O[C@@H]1C[C@@]2(C)C3(CO3)[C@@H]1O[C@@H]1C=C(C)CC[C@@]12CO	CC1=CC2[C@](CC1)([C@]3(C[C@H](C(C34CO4)O2)OC(=O)C)C)CO	5	6	3	6
cpd34417	Ins-1-P-6-Man-beta1-2-Ins-1-P-Cer(t18:0/2,3-OH-24:0)	Ins-1-P-6-Man-beta1-2-Ins-1-P-Cer(t18:0/2,3-OH-24:0)	name_lookup	STEREO_DIFF	WIOUEBUIPRZJNK-CPADTJKJSA-L	WIOUEBUIPRZJNK-SXPNWOFQSA-N	70678595	CCCCCCCCCCCCCCCCCCCCC[C@@H](O)[C@H](O)C(=O)N[C@@H](COP(=O)([O-])O[C@@H]1[C@H](O)[C@H](O)[C@@H](O)[C@H](O)[C@H]1OC1O[C@H](COP(=O)([O-])O[C@@H]2[C@H](O)[C@H](O)[C@@H](O)[C@H](O)[C@H]2O)[C@@H](O)[C@H](O)[C@@H]1O)[C@H](O)[C@H](O)CCCCCCCCCCCCCC	CCCCCCCCCCCCCCCCCCCCCC(C(C(=O)N[C@@H](COP(=O)(O)O[C@@H]1[C@@H]([C@@H]([C@H]([C@@H]([C@H]1O[C@H]2[C@H]([C@H]([C@@H]([C@H](O2)COP(=O)(O)OC3[C@@H]([C@H](C([C@H]([C@H]3O)O)O)O)O)O)O)O)O)O)O)O)[C@@H](C(CCCCCCCCCCCCCC)O)O)O)O	21	24	17	24
cpd34426	2-<i>O</i>-(3'-hydroxy)phytanyl-3-<i>O</i>-phytanyl-<i>sn</i>-glycerol-1-phospho-3''-<i>sn</i>-glycerol	2-O-(3'-hydroxy)phytanyl-3-O-phytanyl-sn-glycerol-1-phospho-3''-sn-glycerol	name_lookup	STEREO_DIFF	BIVFMXPCWMONSY-XMRRTHDVSA-M	BIVFMXPCWMONSY-XHQCNPPWSA-M	126961139	CC(C)CCC[C@@H](C)CCC[C@@H](C)CCC[C@@H](C)CCOC[C@@H](COP(=O)([O-])OC[C@H](O)CO)OCCC(C)(O)CCC[C@H](C)CCC[C@H](C)CCCC(C)C	C[C@H](CCC[C@H](C)CCCC(C)C)CCC[C@@H](C)CCOC[C@@H](COP(=O)([O-])OC[C@@H](CO)O)OCC[C@@](C)(CCC[C@H](C)CCC[C@H](C)CCCC(C)C)O	7	9	8	9
cpd34436	rubradirin	rubradirin	name_lookup	STEREO_DIFF	GBZJIWQNTNUYGZ-OYVVDVHASA-M	GBZJIWQNTNUYGZ-AWTICQJKSA-N	121491875	COc1ccc2c([O-])c(NC(=O)c3cc(O[C@@H]4C[C@](C)([N+](=O)[O-])[C@@H](OC)[C@@H](C)O4)c(O)c(C(=O)O[C@H]4[C@H](O)C(=O)[C@]5(C)CNC6=C(O5)C(=O)c5c(cc(C)c(O)c5C(=O)/C(C)=C/[C@@H]4C)C6=O)n3)c(=O)oc2c1	C[C@H]1/C=C(\C(=O)C2=C(C(=CC3=C2C(=O)C4=C(C3=O)NC[C@](O4)(C(=O)[C@H]([C@@H]1OC(=O)C5=C(C(=CC(=N5)C(=O)NC6=C(C7=C(C=C(C=C7)OC)OC6=O)O)O[C@@H]8C[C@]([C@H]([C@H](O8)C)OC)(C)[N+](=O)[O-])O)O)C)C)O)/C	9	9	9	9
cpd34486	esculeoside A	esculeoside A	name_lookup	STEREO_DIFF	VSQBWNYALURFOT-VZGNWNFDSA-O	VSQBWNYALURFOT-ZSFCQSFNSA-N	10887728	CC(=O)O[C@H]1C[C@H](CO[C@@H]2O[C@H](CO)[C@@H](O)[C@H](O)[C@H]2O)C[NH2+][C@@]12O[C@H]1CC3[C@@H]4CC[C@@H]5C[C@@H](O[C@@H]6O[C@H](CO)[C@H](O[C@@H]7O[C@H](CO)[C@@H](O)[C@H](O[C@@H]8OC[C@@H](O)[C@H](O)[C@H]8O)[C@H]7O[C@@H]7O[C@H](CO)[C@@H](O)[C@H](O)[C@H]7O)[C@H](O)[C@H]6O)CC[C@]5(C)[C@H]4CC[C@]3(C)C1[C@@H]2C	C[C@H]1[C@H]2[C@H](C[C@@H]3[C@@]2(CC[C@H]4[C@H]3CC[C@@H]5[C@@]4(CC[C@@H](C5)O[C@H]6[C@@H]([C@H]([C@H]([C@H](O6)CO)O[C@H]7[C@@H]([C@H]([C@@H]([C@H](O7)CO)O)O[C@H]8[C@@H]([C@H]([C@@H](CO8)O)O)O)O[C@H]9[C@@H]([C@H]([C@@H]([C@H](O9)CO)O)O)O)O)O)C)C)O[C@]11[C@H](C[C@@H](CN1)CO[C@H]1[C@@H]([C@H]([C@@H]([C@H](O1)CO)O)O)O)OC(=O)C	35	37	37	37
cpd34487	12,13-epoxytrichothec-9-ene	12,13-epoxytrichothec-9-ene	name_lookup	STEREO_DIFF	LZAJKCZTKKKZNT-HHHGZCDHSA-N	LZAJKCZTKKKZNT-QMIVOQANSA-N	162245	CC1=C[C@H]2O[C@@H]3CC[C@@](C)(C34CO4)[C@@]2(C)CC1	CC1=C[C@@H]2[C@](CC1)([C@]3(CC[C@H]([C@@]34CO4)O2)C)C	4	5	5	5
cpd34712	gallidermin	gallidermin	name_lookup	STEREO_DIFF	AHMZTHYNOXWCBS-NOYMNTDDSA-Q	AHMZTHYNOXWCBS-PCUVAHMGSA-N	73348284	C/C=C(\NC(=O)C(CCCC[NH3+])NC(=O)C(C)NC(=O)C1CSC(C)C(NC(=O)C2CSCC(NC(=O)C(C)NC(=O)C([NH3+])C(C)CC)C(=O)NC(CCCC[NH3+])C(=O)NC(Cc3ccccc3)C(=O)NC(CC(C)C)C(=O)N2)C(=O)N2CCCC2C(=O)NCC(=O)N1)C(=O)NCC(=O)NC1CSCC2NC(=O)C(Cc3ccc(O)cc3)NC(=O)C(CS/C=C/NC2=O)NC(=O)C(CC(N)=O)NC(=O)C(Cc2ccccc2)NC1=O	CC[C@H](C)[C@@H](C(=O)N[C@@H](C)C(=O)N[C@@H]1CSC[C@@H](NC(=O)[C@@H](NC(=O)[C@@H](NC(=O)[C@@H](NC1=O)CCCCN)CC2=CC=CC=C2)CC(C)C)C(=O)N[C@@H]3[C@@H](SC[C@@H](NC(=O)CNC(=O)[C@@H]4CCCN4C3=O)C(=O)N[C@@H](C)C(=O)N[C@@H](CCCCN)C(=O)N/C(=C/C)/C(=O)NCC(=O)N[C@@H]5CSC[C@@H]6C(=O)N/C=C/SC[C@H](C(=O)N[C@H](C(=O)N6)CC7=CC=C(C=C7)O)NC(=O)[C@@H](NC(=O)[C@@H](NC5=O)CC8=CC=CC=C8)CC(=O)N)C)N	2	22	22	22
cpd34784	saframycin MX1	saframycin MX1	name_lookup	STEREO_DIFF	QSLZNGPMBOCIAZ-WXFGBZQYSA-O	QSLZNGPMBOCIAZ-QSNGQZDXSA-N	3036879	COC1=C(C)C(=O)C2=C(C1=O)[C@H](CNC(=O)[C@H](C)[NH3+])N1[C@@H](O)[C@@H]3[C@@H](OC)c4c(O)c(C)c(OC)c(O)c4[C@H]([C@@H]1C2)N3C	CC1=C(C2=C([C@H]3[C@@H]4CC5=C([C@@H](N4[C@H]([C@@H]([C@H]2OC)N3C)O)CNC(=O)[C@H](C)N)C(=O)C(=C(C5=O)C)OC)C(=C1OC)O)O	7	7	7	7
cpd34840	isotrichodermin	isotrichodermin	name_lookup	STEREO_DIFF	OZXJPPYWZVBMGW-DAUWQXBBSA-N	OZXJPPYWZVBMGW-DJXIOKRSSA-N	124638	CC(=O)O[C@@H]1C[C@@]2(C)C3(CO3)[C@@H]1O[C@@H]1C=C(C)CC[C@@]12C	CC1=C[C@@H]2[C@](CC1)(C3(C[C@H]([C@H](C34CO4)O2)OC(=O)C)C)C	5	6	4	6
cpd34866	IPC-3 (C26)	inositol phosphoceramide C (C26)	name_lookup	STEREO_DIFF	PMXMKGYRVPAIJJ-MMZNESQASA-M	PMXMKGYRVPAIJJ-YEQZGNIKSA-M	90658744	CCCCCCCCCCCCCCCCCCCCCCCC[C@H](O)C(=O)N[C@@H](COP(=O)([O-])O[C@@H]1[C@H](O)[C@H](O)[C@@H](O)[C@H](O)[C@H]1O)[C@H](O)[C@H](O)CCCCCCCCCCCCCC	CCCCCCCCCCCCCCCCCCCCCCCC[C@@H](C(=O)N[C@@H](COP(=O)([O-])OC1[C@@H]([C@H](C([C@H]([C@H]1O)O)O)O)O)[C@@H]([C@@H](CCCCCCCCCCCCCC)O)O)O	10	11	8	11
cpd34891	avenacin A-2	avenacin A-2	name_lookup	STEREO_DIFF	WFOVENUXZAPSIJ-BBBJRGKDSA-N	WFOVENUXZAPSIJ-TZLKGKMXSA-N	90658759	C[C@]1(CO)[C@@H]2CC[C@]3(C)[C@H](C[C@H]4O[C@]45[C@H]4C[C@@](C)(C=O)[C@@H](OC(=O)c6ccccc6)C[C@]4(C)[C@@H](O)C[C@]53C)[C@@]2(C)CC[C@@H]1O[C@@H]1OC[C@H](O[C@@H]2O[C@H](CO)[C@@H](O)[C@H](O)[C@H]2O)[C@H](O)[C@H]1O[C@@H]1O[C@H](CO)[C@@H](O)[C@H](O)[C@H]1O	C[C@]12CC[C@@H]([C@@]([C@@H]1CC[C@@]3([C@@H]2C[C@@H]4[C@]5([C@]3(C[C@@H]([C@@]6([C@H]5C[C@@]([C@H](C6)OC(=O)C7=CC=CC=C7)(C)C=O)C)O)C)O4)C)(C)CO)O[C@H]8[C@@H]([C@H]([C@H](CO8)O[C@H]9[C@@H]([C@H]([C@@H]([C@H](O9)CO)O)O)O)O)O[C@H]1[C@@H]([C@H]([C@@H]([C@H](O1)CO)O)O)O	28	28	28	28
cpd34909	(+)-hedycaryol	(+)-hedycaryol	name_lookup	STEREO_DIFF	SDMLCXJKAYFHQM-OMCWFWFASA-N	SDMLCXJKAYFHQM-MKJLVJGCSA-N	10998630	C/C1=C/CC/C(C)=C/C[C@@H](C(C)(C)O)CC1	C/C/1=C\CC/C(=C/C[C@@H](CC1)C(C)(C)O)/C	3	3	3	3
cpd35012	(3beta,12beta)-3,12-dihydroxydammar-24-en-20-yl beta-D-glucopyranoside	(3beta,12beta)-3,12-dihydroxydammar-24-en-20-yl beta-D-glucopyranoside	name_lookup	STEREO_DIFF	FVIZARNDLVOMSU-VIMLXLKTSA-N	FVIZARNDLVOMSU-IRFFNABBSA-N	9852086	CC(C)=CCCC(C)(O[C@@H]1O[C@H](CO)[C@@H](O)[C@H](O)[C@H]1O)[C@H]1CC[C@]2(C)[C@@H]1[C@H](O)C[C@H]1[C@@]3(C)CC[C@H](O)C(C)(C)[C@@H]3CC[C@]12C	CC(=CCC[C@@](C)([C@H]1CC[C@@]2([C@@H]1[C@@H](C[C@H]3[C@]2(CC[C@@H]4[C@@]3(CC[C@@H](C4(C)C)O)C)C)O)C)O[C@H]5[C@@H]([C@H]([C@@H]([C@H](O5)CO)O)O)O)C	14	15	15	15
cpd35178	4-acetylnivalenol	4-acetylnivalenol	name_lookup	STEREO_DIFF	XGCUCFKWVIWWNW-IZEYKREJSA-N	XGCUCFKWVIWWNW-CAYGJDLQSA-N	304599	CC(=O)O[C@@H]1[C@@H](O)[C@H]2O[C@@H]3C=C(C)C(=O)[C@@H](O)[C@]3(CO)[C@]1(C)C21CO1	CC1=C[C@@H]2[C@]([C@@H](C1=O)O)([C@]3([C@@H]([C@H]([C@H]([C@@]34CO4)O2)O)OC(=O)C)C)CO	7	8	8	8
cpd35210	Ins-1-P-6-Man-beta(1-2)-Ins-1-P-Cer(d18:0/2-OH-24:0)	Ins-1-P-6-Man-beta(1-2)-Ins-1-P-Cer(d18:0/2-OH-24:0)	name_lookup	STEREO_DIFF	YIOXLZJXYRDBIN-BNZHPDCNSA-L	YIOXLZJXYRDBIN-IKNUKMEBSA-L	90658920	CCCCCCCCCCCCCCCCCCCCCC[C@H](O)C(=O)N[C@@H](COP(=O)([O-])O[C@@H]1[C@H](O)[C@H](O)[C@@H](O)[C@H](O)[C@H]1O[C@@H]1O[C@H](COP(=O)([O-])O[C@@H]2[C@H](O)[C@H](O)[C@@H](O)[C@H](O)[C@H]2O)[C@@H](O)[C@H](O)[C@@H]1O)[C@H](O)CCCCCCCCCCCCCCC	CCCCCCCCCCCCCCCCCCCCCC[C@@H](C(=O)N[C@@H](COP(=O)([O-])O[C@@H]1[C@@H]([C@@H]([C@H]([C@@H]([C@H]1O[C@H]2[C@H]([C@H]([C@@H]([C@H](O2)COP(=O)([O-])OC3[C@@H]([C@H](C([C@H]([C@H]3O)O)O)O)O)O)O)O)O)O)O)O)[C@@H](CCCCCCCCCCCCCCC)O)O	20	22	18	22
cpd35333	4-[(2Z)-2-(methylimino)ethyl]phenol	4-[(2Z)-2-(methylimino)ethyl]phenol	name_lookup	STEREO_DIFF	PWLWDRGPAXZDSB-YFHOEESVSA-O	PWLWDRGPAXZDSB-UHFFFAOYSA-O	90658985	C/[NH+]=C\Cc1ccc(O)cc1	C[NH+]=CCC1=CC=C(C=C1)O	1	1	0	1
cpd35459	phosphoinositol-alpha-mannoside-phosphoinositol	phosphoinositol-alpha-mannoside-phosphoinositol	name_lookup	STEREO_DIFF	BCJXLUMCLOOKBY-BEUVOYNRSA-K	BCJXLUMCLOOKBY-XQZRKBHSSA-L	154586215	O=P([O-])([O-])O[C@H]1[C@H](O)[C@@H](O)[C@H](O[C@H]2O[C@H](COP(=O)([O-])O[C@@H]3[C@H](O)[C@H](O)[C@@H](O)[C@H](O)[C@H]3O)[C@@H](O)[C@H](O)[C@@H]2O)[C@@H](O)[C@H]1O	C([C@@H]1[C@H]([C@@H]([C@@H]([C@H](O1)OC2[C@@H]([C@H](C([C@@H]([C@@H]2O)O)OP(=O)(O)[O-])O)O)O)O)O)OP(=O)([O-])OC3[C@@H]([C@H](C([C@H]([C@H]3O)O)O)O)O	17	18	13	19
cpd35595	IPC-2' (C24)	inositol phosphoceramide B' (C24)	name_lookup	STEREO_DIFF	VNKKSGSHXRHPDZ-LIMFHIGASA-M	VNKKSGSHXRHPDZ-UHUYPSQSSA-M	70678692	CCCCCCCCCCCCCCCCCCCCCC[C@H](O)C(=O)N[C@@H](COP(=O)([O-])O[C@@H]1[C@H](O)[C@H](O)[C@@H](O)[C@H](O)[C@H]1O)[C@H](O)CCCCCCCCCCCCCCC	CCCCCCCCCCCCCCCCCCCCCC[C@@H](C(=O)N[C@@H](COP(=O)([O-])OC1[C@@H]([C@H](C([C@H]([C@H]1O)O)O)O)O)[C@@H](CCCCCCCCCCCCCCC)O)O	9	10	7	10
cpd35662	<i>N</i>-desmethyl-gliotoxin	N-desmethyl-gliotoxin	name_lookup	STEREO_DIFF	XBSZMUDABCOEST-MDJOXXCMSA-N	XBSZMUDABCOEST-DVXAYSFTSA-N	90659181	O=C1N[C@@]2(CO)SSC13CC1=CC=C[C@H](O)[C@H]1N3C2=O	C1C2=CC=C[C@@H]([C@H]2N3C14C(=O)NC(C3=O)(SS4)CO)O	3	4	2	4
cpd35688	Ins-1-P-6-Man-1-2-Ins-1-P-Cer(d18:0/2-OH-26:0)	mannose-(inositol-P)2-ceramide-B'	name_lookup	STEREO_DIFF	KQAGNTYMDLIIEG-RZVRETCDSA-L	KQAGNTYMDLIIEG-MRIAFVENSA-L	90659187	CCCCCCCCCCCCCCCCCCCCCCCC[C@H](O)C(=O)N[C@@H](COP(=O)([O-])O[C@@H]1[C@H](O)[C@H](O)[C@@H](O)[C@H](O)[C@H]1OC1O[C@H](COP(=O)([O-])O[C@@H]2[C@H](O)[C@H](O)[C@@H](O)[C@H](O)[C@H]2O)[C@@H](O)[C@H](O)[C@@H]1O)[C@H](O)CCCCCCCCCCCCCCC	CCCCCCCCCCCCCCCCCCCCCCCC[C@@H](C(=O)N[C@@H](COP(=O)([O-])O[C@@H]1[C@@H]([C@@H]([C@H]([C@@H]([C@H]1OC2[C@H]([C@H]([C@@H]([C@H](O2)COP(=O)([O-])OC3[C@@H]([C@H](C([C@H]([C@H]3O)O)O)O)O)O)O)O)O)O)O)O)[C@@H](CCCCCCCCCCCCCCC)O)O	19	22	17	22
cpd35693	coniferyl alcohol radical	coniferyl alcohol radical	name_lookup	STEREO_DIFF	ORAJWSYKRGVTDP-FPYGCLRLSA-N	ORAJWSYKRGVTDP-UHFFFAOYSA-N	122706626	COC1=C/C(=C/[CH]CO)C=CC1=O	COC1=C/C(=C\[CH]CO)/C=CC1=O	1	1	1	1
cpd35694	(R)-2-(phosphomethyl)malate	(R)-2-(phosphomethyl)malate	name_lookup	STEREO_DIFF	PHYKLCHCKYTLRX-RXMQYKEDSA-L	PHYKLCHCKYTLRX-YFKPBYRVSA-K	126456476	O=C(O)C[C@@](O)(CP(=O)([O-])O)C(=O)[O-]	C(C(=O)[O-])[C@](CP(=O)(O)[O-])(C(=O)[O-])O	1	2	1	2
cpd35738	core oligosaccharide-lipid A (<i>E. coli</i> K-12 core type)	core oligosaccharide-lipid A (E. coli K-12 core type) (no GlcNAc)	name_lookup	STEREO_DIFF	CEMLXOTXCUORFY-UUAFBPCQSA-D	CEMLXOTXCUORFY-NHYUMOMVSA-D	134820530	CCCCCCCCCCCCCC(=O)O[C@H](CCCCCCCCCCC)CC(=O)O[C@@H]1[C@@H](NC(=O)C[C@@H](CCCCCCCCCCC)OC(=O)CCCCCCCCCCC)[C@H](OC[C@H]2O[C@H](OP(=O)([O-])[O-])[C@H](NC(=O)C[C@H](O)CCCCCCCCCCC)[C@@H](OC(=O)C[C@H](O)CCCCCCCCCCC)[C@@H]2O)O[C@H](CO[C@]2(C(=O)[O-])C[C@@H](O[C@]3(C(=O)[O-])C[C@@H](O)[C@@H](O)[C@@H]([C@H](O)CO)O3)[C@@H](O[C@H]3O[C@H]([C@@H](O)CO)[C@@H](OP(=O)([O-])[O-])[C@H](O[C@@H]4O[C@H]([C@H](O)CO[C@H]5O[C@H]([C@@H](O)CO)[C@@H](O)[C@H](O)[C@@H]5O)[C@@H](OP(=O)([O-])[O-])[C@H](O[C@H]5O[C@H](CO[C@H]6O[C@H](CO)[C@H](O)[C@H](O)[C@H]6O)[C@@H](O)[C@H](O[C@H]6O[C@H](CO)[C@@H](O)[C@H](O)[C@H]6O[C@H]6O[C@H](CO[C@H]7O[C@H]([C@@H](O)CO)[C@@H](O)[C@H](O)[C@@H]7O)[C@@H](O)[C@H](O)[C@H]6O)[C@H]5O)[C@@H]4O)[C@@H]3O)[C@@H]([C@H](O)CO)O2)[C@H]1OP(=O)([O-])[O-]	CCCCCCCCCCCCCC(=O)O[C@H](CCCCCCCCCCC)CC(=O)O[C@@H]1[C@H]([C@@H](O[C@@H]([C@H]1OP(=O)([O-])[O-])CO[C@@]2(C[C@H]([C@H]([C@H](O2)[C@@H](CO)O)O[C@@H]3[C@H]([C@H]([C@@H]([C@H](O3)[C@H](CO)O)OP(=O)([O-])[O-])O[C@H]4[C@H]([C@H]([C@@H]([C@H](O4)[C@@H](CO[C@@H]5[C@H]([C@H]([C@@H]([C@H](O5)[C@H](CO)O)O)O)O)O)OP(=O)([O-])[O-])O[C@@H]6[C@@H]([C@H]([C@@H]([C@H](O6)CO[C@@H]7[C@@H]([C@H]([C@H]([C@H](O7)CO)O)O)O)O)O[C@@H]8[C@@H]([C@H]([C@@H]([C@H](O8)CO)O)O)O[C@@H]9[C@@H]([C@H]([C@H]([C@H](O9)CO[C@@H]1[C@H]([C@H]([C@@H]([C@H](O1)[C@H](CO)O)O)O)O)O)O)O)O)O)O)O[C@@]1(C[C@H]([C@H]([C@H](O1)[C@@H](CO)O)O)O)C(=O)[O-])C(=O)[O-])OC[C@@H]1[C@H]([C@@H]([C@H]([C@H](O1)OP(=O)([O-])[O-])NC(=O)C[C@@H](CCCCCCCCCCC)O)OC(=O)C[C@@H](CCCCCCCCCCC)O)O)NC(=O)C[C@@H](CCCCCCCCCCC)OC(=O)CCCCCCCCCCC	68	68	68	68
cpd35748	4,15-diacetylnivalenol	4,15-diacetylnivalenol	name_lookup	STEREO_DIFF	PIHGROVBUUNPDW-KAECGEELSA-N	PIHGROVBUUNPDW-SUWHGTQISA-N	107714	CC(=O)OC[C@]12[C@H](O)C(=O)C(C)=C[C@H]1O[C@@H]1[C@H](O)[C@@H](OC(C)=O)[C@@]2(C)C12CO2	CC1=C[C@@H]2[C@]([C@@H](C1=O)O)(C3([C@@H]([C@H]([C@H](C34CO4)O2)O)OC(=O)C)C)COC(=O)C	7	8	6	8
cpd35839	FL 1060	FL 1060	name_lookup	STEREO_DIFF	BWWVAEOLVKTZFQ-ISVUSNJMSA-N	BWWVAEOLVKTZFQ-NTZNESFSSA-N	36273	CC1(C)S[C@@H]2[C@H](/[NH+]=C/N3CCCCCC3)C(=O)N2[C@H]1C(=O)[O-]	CC1([C@@H](N2[C@H](S1)[C@@H](C2=O)N=CN3CCCCCC3)C(=O)O)C	4	4	3	4
cpd36030	<i>ditrans,octacis</i>-undecaprenyldiphospho-<i>N</i>-acetyl-(<i>N</i>-acetylglucosaminyl)muramate	ditrans,octacis-undecaprenyldiphospho-N-acetyl-(N-acetylglucosaminyl)muramate	name_lookup	STEREO_DIFF	BKNZZLAWFBEHQY-LLUSABRBSA-K	BKNZZLAWFBEHQY-XOKDJXLKSA-K	90659372	CC(=O)N[C@H]1[C@H](O[C@H]2[C@H](O[C@H](C)C(=O)[O-])[C@@H](NC(C)=O)[C@@H](OP(=O)([O-])OP(=O)([O-])OC/C=C(/C)CC/C=C(/C)CC/C=C(/C)CC/C=C(/C)CC/C=C(/C)CC/C=C(/C)CC/C=C(/C)CC/C=C(/C)CC/C=C(\C)CC/C=C(\C)CCC=C(C)C)O[C@@H]2CO)O[C@H](CO)[C@@H](O)[C@@H]1O	C[C@H](C(=O)[O-])O[C@@H]1[C@H]([C@H](O[C@@H]([C@H]1O[C@@H]2[C@@H]([C@H]([C@@H]([C@H](O2)CO)O)O)NC(=O)C)CO)OP(=O)([O-])OP(=O)([O-])OC/C=C(/C)\CC/C=C(/C)\CC/C=C(/C)\CC/C=C(/C)\CC/C=C(/C)\CC/C=C(/C)\CC/C=C(/C)\CC/C=C(/C)\CC/C=C(\C)/CC/C=C(\C)/CCC=C(C)C)NC(=O)C	21	23	21	23
cpd36034	2-<i>O</i>-(3'-hydroxy)phytanyl-3-<i>O</i>-phytanyl-<i>sn</i>-glycero-1-phosphoserine	2-O-(3'-hydroxy)phytanyl-3-O-phytanyl-sn-glycero-1-phosphoserine	name_lookup	STEREO_DIFF	YALRQOMGANIIQK-BOMFZTBMSA-M	YALRQOMGANIIQK-QQLPJPLTSA-M	126961238	CC(C)CCC[C@@H](C)CCC[C@@H](C)CCC[C@@H](C)CCOC[C@@H](COP(=O)([O-])OC[C@H]([NH3+])C(=O)[O-])OCCC(C)(O)CCC[C@H](C)CCC[C@H](C)CCCC(C)C	C[C@H](CCC[C@H](C)CCCC(C)C)CCC[C@@H](C)CCOC[C@@H](COP(=O)([O-])OC[C@@H](C(=O)[O-])[NH3+])OCC[C@@](C)(CCC[C@H](C)CCC[C@H](C)CCCC(C)C)O	7	9	8	9
cpd36987	CPD-18076	a (glucosyl)3(mannosyl)9-(N-acetylglucosaminyl)2-diphosphodolichol	name_lookup	STEREO_DIFF	VOBIUONKNAOEKQ-ZERNGFLDSA-L	VOBIUONKNAOEKQ-PAJMUHFPSA-L	146037409	CC(=O)N[C@H]1[C@H](O[C@H]2[C@H](O)[C@@H](NC(C)=O)[C@@H](OP(=O)([O-])OP(=O)([O-])OCCC(C)CC/C=C(/C)CC/C=C(/C)CC/C=C(/C)CC/C=C(/C)CC/C=C(/C)CC/C=C(/C)CC/C=C(/C)CC/C=C(/C)CC/C=C(/C)CC/C=C(/C)CC/C=C(/C)CC/C=C(/C)CC/C=C(\C)CC/C=C(\C)CCC=C(C)C)O[C@@H]2CO)O[C@H](CO)[C@@H](O[C@@H]2O[C@H](CO[C@H]3O[C@H](CO[C@H]4O[C@H](CO)[C@@H](O)[C@@H](O)[C@@H]4O[C@H]4O[C@H](CO)[C@@H](O)[C@H](O)[C@H]4O)[C@@H](O)[C@@H](O[C@H]4O[C@H](CO)[C@@H](O)[C@H](O)[C@@H]4O[C@H]4O[C@H](CO)[C@@H](O)[C@H](O)[C@@H]4O)[C@@H]3O)[C@@H](O)[C@H](O[C@H]3O[C@H](CO)[C@@H](O)[C@H](O)[C@@H]3O[C@H]3O[C@H](CO)[C@@H](O)[C@H](O)[C@@H]3O[C@H]3O[C@H](CO)[C@@H](O)[C@H](O[C@H]4O[C@H](CO)[C@@H](O)[C@H](O[C@H]5O[C@H](CO)[C@@H](O)[C@H](O)[C@H]5O[C@H]5O[C@H](CO)[C@@H](O)[C@H](O)[C@@H]5O)[C@H]4O)[C@@H]3O)[C@@H]2O)[C@@H]1O	CC(CC/C=C(/C)\CC/C=C(/C)\CC/C=C(/C)\CC/C=C(/C)\CC/C=C(/C)\CC/C=C(/C)\CC/C=C(/C)\CC/C=C(/C)\CC/C=C(/C)\CC/C=C(/C)\CC/C=C(/C)\CC/C=C(/C)\CC/C=C(\C)/CC/C=C(\C)/CCC=C(C)C)CCOP(=O)([O-])OP(=O)([O-])O[C@@H]1[C@@H]([C@H]([C@@H]([C@H](O1)CO)O[C@H]2[C@@H]([C@H]([C@@H]([C@H](O2)CO)O[C@H]3[C@H]([C@H]([C@@H]([C@H](O3)CO[C@@H]4[C@H]([C@H]([C@@H]([C@H](O4)CO[C@@H]5[C@H]([C@H]([C@@H]([C@H](O5)CO)O)O)O[C@@H]6[C@H]([C@H]([C@@H]([C@H](O6)CO)O)O)O)O)O[C@@H]7[C@H]([C@H]([C@@H]([C@H](O7)CO)O)O)O[C@@H]8[C@H]([C@H]([C@@H]([C@H](O8)CO)O)O)O)O)O)O[C@@H]9[C@H]([C@H]([C@@H]([C@H](O9)CO)O)O)O[C@@H]1[C@H]([C@H]([C@@H]([C@H](O1)CO)O)O)O[C@@H]1[C@H]([C@H]([C@@H]([C@H](O1)CO)O)O[C@@H]1[C@@H]([C@H]([C@@H]([C@H](O1)CO)O)O[C@@H]1[C@@H]([C@H]([C@@H]([C@H](O1)CO)O)O)O[C@@H]1[C@@H]([C@H]([C@@H]([C@H](O1)CO)O)O)O)O)O)O)O)NC(=O)C)O)NC(=O)C	84	87	84	87
cpd37310	2-methoxyestrone	CHEBI:1189	chebi_xref	STEREO_DIFF	WHEUWNKSCXYKBU-BFDPJXHCSA-N	WHEUWNKSCXYKBU-QPWUGHHJSA-N	440624	COc1cc2c(cc1O)CC[C@@H]1[C@H]2CC[C@]2(C)C(=O)CC[C@@H]12	C[C@]12CC[C@H]3[C@H]([C@@H]1CCC2=O)CCC4=CC(=C(C=C34)OC)O	4	4	4	4
cpd37318	(5S)-2,5-dihydroxy-5-(hydroxymethyl)-3-oxocyclohex-1-en-1-olate	CHEBI:131711	chebi_xref	STEREO_DIFF	OWHGXOODGNBQRG-UHFFFAOYSA-M	OWHGXOODGNBQRG-SSDOTTSWSA-M	121225552	O=C1CC(O)(CO)CC([O-])=C1O	C1C(=C(C(=O)C[C@]1(CO)O)[O-])O	0	1	1	1
cpd37404	7alpha,12alpha-dihydroxy-3-oxochol-4-en-24-oyl-coenzyme A(4-)	CHEBI:132977	chebi_xref	STEREO_DIFF	KJGXHAKCKWIECY-XGCWFBGISA-J	KJGXHAKCKWIECY-FMNMLSRDSA-J	121596240	C[C@@H](CCC(=O)SCCNC(=O)CCNC(=O)[C@H](O)C(C)(C)COP(=O)([O-])OP(=O)([O-])OC[C@H]1O[C@@H](n2cnc3c(N)ncnc32)[C@H](O)[C@@H]1OP(=O)([O-])[O-])[C@H]1CC[C@H]2[C@@H]3[C@H](O)CC4=CC(=O)CC[C@]4(C)[C@H]3C[C@H](O)[C@]12C	C[C@H](CCC(=O)SCCNC(=O)CCNC(=O)[C@@H](C(C)(C)COP(=O)([O-])OP(=O)([O-])OC[C@@H]1[C@H]([C@H]([C@@H](O1)N2C=NC3=C(N=CN=C32)N)O)OP(=O)([O-])[O-])O)[C@H]4CC[C@@H]5[C@@]4([C@H](C[C@H]6[C@H]5[C@@H](CC7=CC(=O)CC[C@]67C)O)O)C	14	16	14	16
cpd37405	12alpha-hydroxy-3-oxochola-4,6-dien-24-oyl-CoA	CHEBI:132978	chebi_xref	STEREO_DIFF	XXRCPHNWDYEHBJ-WNIWGKFTSA-J	XXRCPHNWDYEHBJ-UCJRQDITSA-J	121596242	C[C@@H](CCC(=O)SCCNC(=O)CCNC(=O)[C@H](O)C(C)(C)COP(=O)([O-])OP(=O)([O-])OC[C@H]1O[C@@H](n2cnc3c(N)ncnc32)[C@H](O)[C@@H]1OP(=O)([O-])[O-])[C@H]1CC[C@H]2[C@@H]3C=CC4=CC(=O)CC[C@]4(C)[C@H]3C[C@H](O)[C@]12C	C[C@H](CCC(=O)SCCNC(=O)CCNC(=O)[C@@H](C(C)(C)COP(=O)([O-])OP(=O)([O-])OC[C@@H]1[C@H]([C@H]([C@@H](O1)N2C=NC3=C(N=CN=C32)N)O)OP(=O)([O-])[O-])O)[C@H]4CC[C@@H]5[C@@]4([C@H](C[C@H]6[C@H]5C=CC7=CC(=O)CC[C@]67C)O)C	13	15	13	15
cpd37422	(2R)-2-{[(5Z,8Z,11Z,14Z)-icosa-5,8,11,14-tetraenoyl]oxy}-3-(octadecanoyloxy)propyl (1S,2R,3R,4S,5S,6R)-2,3,4,5,6-pentahydroxycyclohexyl phosphate	CHEBI:133606	chebi_xref	STEREO_DIFF	KRTOMQDUKGRFDJ-ZAHDIIMDSA-M	KRTOMQDUKGRFDJ-ZWTKVEACSA-M	71581203	CCCCC/C=C\C/C=C\C/C=C\C/C=C\CCCC(=O)O[C@H](COC(=O)CCCCCCCCCCCCCCCCC)COP(=O)([O-])O[C@@H]1[C@H](O)[C@H](O)[C@@H](O)[C@H](O)[C@H]1O	CCCCCCCCCCCCCCCCCC(=O)OC[C@H](COP(=O)([O-])OC1[C@@H]([C@H](C([C@H]([C@H]1O)O)O)O)O)OC(=O)CCC/C=C\C/C=C\C/C=C\C/C=C\CCCCC	11	12	9	12
cpd37723	(1s,2R,3a'S,3b'R,5S,6a'R)-2,4',4',5,6a'-pentamethyl-2',3',3a',3b',4',5',6',6a'-octahydrospiro[cyclopentane-1,1'-cyclopenta[a]pentalene]	CHEBI:137523	chebi_xref	STEREO_DIFF	RCIADIYJKCSKCC-YNGBHSAQSA-N	RCIADIYJKCSKCC-WRRKAJKMSA-N	155289445	C[C@@H]1CC[C@H](C)[C@@]12CC[C@@H]1C2=C[C@@]2(C)CCC(C)(C)[C@@H]12	C[C@@H]1CC[C@@H](C12CC[C@@H]3C2=C[C@@]4([C@H]3C(CC4)(C)C)C)C	6	6	5	6
cpd37743	beta-muricholoyl-CoA	CHEBI:137668	chebi_xref	STEREO_DIFF	GGOBJYLDOQWHDT-GAWRFGEOSA-J	GGOBJYLDOQWHDT-TWQBTYDKSA-J	129626814	C[C@@H](CCC(=O)SCCNC(=O)CCNC(=O)[C@H](O)C(C)(C)COP(=O)([O-])OP(=O)([O-])OC[C@H]1O[C@@H](n2cnc3c(N)ncnc32)[C@H](O)[C@@H]1OP(=O)([O-])[O-])[C@H]1CC[C@H]2[C@@H]3[C@@H](O)[C@@H](O)[C@@H]4C[C@H](O)CC[C@]4(C)[C@H]3CC[C@]12C	C[C@H](CCC(=O)SCCNC(=O)CCNC(=O)[C@@H](C(C)(C)COP(=O)([O-])OP(=O)([O-])OC[C@@H]1[C@H]([C@H]([C@@H](O1)N2C=NC3=C(N=CN=C32)N)O)OP(=O)([O-])[O-])O)[C@H]4CC[C@@H]5[C@@]4(CC[C@H]6[C@H]5[C@H]([C@H]([C@H]7[C@@]6(CC[C@H](C7)O)C)O)O)C	16	18	16	18
cpd37863	(5Z)-7-{(1R,3R,4S,5R)-3-[(1E,3S)-3-hydroxyoct-1-en-1-yl]-2-oxabicyclo[3.1.1]heptan-4-yl}hept-5-enoate	CHEBI:138322	chebi_xref	STEREO_DIFF	VQUUFWNZZIMDBR-SXNJQZKASA-M	VQUUFWNZZIMDBR-FFYWQILMSA-M	129626744	CCCCC[C@H](O)/C=C/[C@H]1O[C@H]2C[C@H](C2)[C@@H]1C/C=C\CCCC(=O)[O-]	CCCCC[C@@H](/C=C/[C@@H]1[C@H](C2CC(C2)O1)C/C=C\CCCC(=O)[O-])O	7	7	5	7
cpd37864	(5Z)-7-{(1R,3R,4S,5R)-3-[(1E,3S)-3,7-dihydroxyoct-1-en-1-yl]-2-oxabicyclo[3.1.1]heptan-4-yl}hept-5-enoate	CHEBI:138323	chebi_xref	STEREO_DIFF	RWKLFZNKJPQWRW-RBHGNWNXSA-M	RWKLFZNKJPQWRW-NEQDKWGSSA-M	129626746	CC(O)CCC[C@H](O)/C=C/[C@H]1O[C@H]2C[C@H](C2)[C@@H]1C/C=C\CCCC(=O)[O-]	CC(CCC[C@@H](/C=C/[C@@H]1[C@H](C2CC(C2)O1)C/C=C\CCCC(=O)[O-])O)O	7	8	5	8
cpd37865	(5Z)-7-{(1R,3R,4S,5R)-3-[(1E,3S)-3,6-dihydroxyoct-1-en-1-yl]-2-oxabicyclo[3.1.1]heptan-4-yl}hept-5-enoate	CHEBI:138324	chebi_xref	STEREO_DIFF	GQTKTVLOOUFFTJ-QLKVQSEBSA-M	GQTKTVLOOUFFTJ-IYNSNTTDSA-M	129626748	CCC(O)CC[C@H](O)/C=C/[C@H]1O[C@H]2C[C@H](C2)[C@@H]1C/C=C\CCCC(=O)[O-]	CCC(CC[C@@H](/C=C/[C@@H]1[C@H](C2CC(C2)O1)C/C=C\CCCC(=O)[O-])O)O	7	8	5	8
cpd38198	(20S)-20-(beta-D-glucopyranosyloxy)-dammara-24-ene-3beta-ol	CHEBI:142484	chebi_xref	STEREO_DIFF	JQOUYGJYNQSCQP-SKWFVUTISA-N	JQOUYGJYNQSCQP-UZTNOJNJSA-N	132574557	CC(C)=CCCC(C)(O[C@@H]1O[C@H](CO)[C@@H](O)[C@H](O)[C@H]1O)[C@H]1CC[C@]2(C)[C@@H]1CC[C@@H]1[C@@]3(C)CC[C@H](O)C(C)(C)[C@@H]3CC[C@]12C	CC(=CCC[C@@](C)([C@H]1CC[C@@]2([C@@H]1CC[C@H]3[C@]2(CC[C@@H]4[C@@]3(CC[C@@H](C4(C)C)O)C)C)C)O[C@H]5[C@@H]([C@H]([C@@H]([C@H](O5)CO)O)O)O)C	13	14	14	14
cpd38316	2-O-(beta-D-mannosyl-(1->2)-beta-D-mannosyl)-bis(myo-inositol) 1,3'-phosphate	CHEBI:142887	chebi_xref	STEREO_DIFF	PMUCECFZOHGHSS-PHIWOPILSA-M	PMUCECFZOHGHSS-TZRHDMPKSA-M	135398115	O=P([O-])(O[C@@H]1[C@H](O)[C@H](O)[C@@H](O)[C@H](O)[C@H]1O)O[C@@H]1[C@@H](O)[C@H](O)[C@@H](O)[C@H](O)[C@@H]1O[C@H]1O[C@H](CO)[C@@H](O)[C@H](O)[C@@H]1O[C@H]1O[C@H](CO)[C@@H](O)[C@H](O)[C@@H]1O	C([C@@H]1[C@H]([C@@H]([C@@H]([C@H](O1)O[C@H]2[C@H]([C@@H]([C@H](O[C@@H]2O[C@H]3[C@H]([C@@H]([C@H]([C@@H]([C@H]3OP(=O)([O-])OC4[C@@H]([C@H](C([C@H]([C@H]4O)O)O)O)O)O)O)O)O)CO)O)O)O)O)O)O	22	23	20	23
cpd38317	2-O-(beta-D-mannosyl)-bis(myo-inositol) 1,3'-phosphate	CHEBI:142888	chebi_xref	STEREO_DIFF	RQXSBVMUGIVOOA-SROYCTHLSA-M	RQXSBVMUGIVOOA-BUBREWLGSA-M	135397996	O=P([O-])(O[C@@H]1[C@H](O)[C@H](O)[C@@H](O)[C@H](O)[C@H]1O)O[C@@H]1[C@@H](O)[C@H](O)[C@@H](O)[C@H](O)[C@@H]1O[C@H]1O[C@H](CO)[C@@H](O)[C@H](O)[C@@H]1O	C([C@@H]1[C@H]([C@@H]([C@@H]([C@H](O1)O[C@H]2[C@H]([C@@H]([C@H]([C@@H]([C@H]2OP(=O)([O-])OC3[C@@H]([C@H](C([C@H]([C@H]3O)O)O)O)O)O)O)O)O)O)O)O)O	17	18	15	18
cpd38341	4-amino-4-deoxyprephenate	CHEBI:143070	chebi_xref	STEREO_DIFF	OJJQTAMHYLSXHT-XGAOUMNUSA-M	OJJQTAMHYLSXHT-UHFFFAOYSA-M	137333877	[NH3+][C@H]1C=C[C@@](CC(=O)C(=O)[O-])(C(=O)[O-])C=C1	C1=CC(C=CC1[NH3+])(CC(=O)C(=O)[O-])C(=O)[O-]	2	2	0	2
cpd38354	(9S),10-epoxy-(10,12Z)-octadecadienoic acid(1-)	CHEBI:143139	chebi_xref	STEREO_DIFF	LVVCDOSOKGYQFY-KRWDZBQOSA-M	LVVCDOSOKGYQFY-KKJXIILJSA-M	137333894	CCCCCC=CC=C1O[C@H]1CCCCCCCC(=O)[O-]	CCCCC/C=C\C=C/1\[C@@H](O1)CCCCCCCC(=O)[O-]	1	3	3	3
cpd38442	(1R,2S,4R,5S,8-anti)-1,2,4,5,6,7,8-heptamethyl-3-methylenebicyclo[3.2.1]oct-6-ene	CHEBI:143611	chebi_xref	STEREO_DIFF	GXPHTJFKVOCWKQ-SJDUDGTJSA-N	GXPHTJFKVOCWKQ-PDLCYRHZSA-N	46187193	C=C1[C@@H](C)[C@]2(C)C(C)=C(C)[C@@](C)([C@H]2C)[C@H]1C	C[C@@H]1C(=C)[C@@H]([C@@]2(C([C@]1(C(=C2C)C)C)C)C)C	5	5	4	5
cpd38538	myricetin 3-O-[(6-O-[(E)-feruloyl]-beta-D-glucosyl)-(1->2)-alpha-L-rhamnoside]	CHEBI:144446	chebi_xref	STEREO_DIFF	FDLCWZWBKKRDLM-VEPGMUERSA-L	FDLCWZWBKKRDLM-SIZJWXLGSA-L	138911137	COc1cc(/C=C/C(=O)OC[C@@H]2O[C@@H](O[C@H]3[C@H](Oc4c(-c5cc(O)c(O)c(O)c5)oc5cc([O-])cc([O-])c5c4=O)O[C@@H](C)[C@H](O)[C@H]3O)[C@H](O)[C@@H](O)[C@@H]2O)ccc1O	C[C@H]1[C@@H]([C@H]([C@H]([C@@H](O1)OC2=C(OC3=CC(=CC(=C3C2=O)[O-])O)C4=CC(=C(C(=C4)O)[O-])O)O[C@H]5[C@@H]([C@H]([C@@H]([C@H](O5)COC(=O)/C=C/C6=CC(=C(C=C6)O)OC)O)O)O)O)O	11	11	11	11
cpd38812	(25R)-3-oxo-cholest-4-en-26-oyl-CoA(4-)	CHEBI:146202	chebi_xref	STEREO_DIFF	QHTNQHCVKNUPEI-FORMHMHNSA-J	QHTNQHCVKNUPEI-BKUXIBRWSA-J	122706645	C[C@H](CCC[C@H](C)[C@H]1CC[C@H]2[C@@H]3CCC4=CC(=O)CC[C@]4(C)[C@H]3CC[C@]12C)C(=O)SCCNC(=O)CCNC(=O)[C@H](O)C(C)(C)COP(=O)([O-])OP(=O)([O-])OC[C@H]1O[C@@H](n2cnc3c(N)ncnc32)[C@H](O)[C@@H]1OP(=O)([O-])[O-]	C[C@H](CCC[C@@H](C)C(=O)SCCNC(=O)CCNC(=O)[C@@H](C(C)(C)COP(=O)([O-])OP(=O)([O-])OC[C@@H]1[C@H]([C@H]([C@@H](O1)N2C=NC3=C(N=CN=C32)N)O)OP(=O)([O-])[O-])O)[C@H]4CC[C@@H]5[C@@]4(CC[C@H]6[C@H]5CCC7=CC(=O)CC[C@]67C)C	13	15	13	15
cpd38821	1-octadecanoyl-2-(15-hydroperoxy-5Z,8Z,11Z,13E-eicosatetraenoyl)-sn-glycero-3-phospho-(1D-myo-inositol)	CHEBI:146284	chebi_xref	STEREO_DIFF	GQSFRVKLQCAIJY-QVTLSPDWSA-M	GQSFRVKLQCAIJY-UEVBGTDWSA-M	146014756	CCCCCCCCCCCCCCCCCC(=O)OC[C@H](COP(=O)([O-])O[C@@H]1[C@H](O)[C@H](O)[C@@H](O)[C@H](O)[C@H]1O)OC(=O)CCC/C=C\C/C=C\C/C=C\C=C\C(CCCCC)OO	CCCCCCCCCCCCCCCCCC(=O)OC[C@H](COP(=O)([O-])OC1[C@@H]([C@H](C([C@H]([C@H]1O)O)O)O)O)OC(=O)CCC/C=C\C/C=C\C/C=C\C=C\C(CCCCC)OO	11	13	9	13
cpd39254	1D-myo-inositol 1-phospho-D-mannosyl-alpha-1->6-(1D-myo-inositol-1-phosphate)(3-)	CHEBI:167052	chebi_xref	STEREO_DIFF	DKHMHRQWWQWLAI-JDXLUNHGSA-K	DKHMHRQWWQWLAI-NUAYVAOTSA-K	155289494	O=P([O-])([O-])O[C@@H]1[C@H](O)[C@H](O)[C@@H](O)[C@H](O)[C@H]1O[C@H]1O[C@H](COP(=O)([O-])O[C@@H]2[C@H](O)[C@H](O)[C@@H](O)[C@H](O)[C@H]2O)[C@@H](O)[C@H](O)[C@@H]1O	C([C@@H]1[C@H]([C@@H]([C@@H]([C@H](O1)O[C@@H]2[C@H]([C@@H]([C@H]([C@H]([C@H]2OP(=O)([O-])[O-])O)O)O)O)O)O)O)OP(=O)([O-])OC3[C@@H]([C@H](C([C@H]([C@H]3O)O)O)O)O	17	18	15	18
cpd39263	1-O-(3beta,16alpha-dihydroxy-23,28-dioxoolean-12-en-28-yl)-beta-D-glucopyranose	CHEBI:167137	chebi_xref	STEREO_DIFF	ZVZVUYATPFOSIP-GTECIAEHSA-N	ZVZVUYATPFOSIP-XIOCVSSGSA-N	155289506	CC1(C)CC[C@]2(C(=O)O[C@@H]3O[C@H](CO)[C@@H](O)[C@H](O)[C@H]3O)[C@H](O)C[C@]3(C)C(=CC[C@@H]4[C@@]5(C)CC[C@H](O)[C@@](C)(C=O)[C@@H]5CC[C@]43C)[C@@H]2C1	C[C@]12CC[C@@H]([C@@]([C@@H]1CC[C@@]3([C@@H]2CC=C4[C@]3(C[C@H]([C@@]5([C@H]4CC(CC5)(C)C)C(=O)O[C@@H]6[C@@H]([C@H]([C@@H]([C@H](O6)CO)O)O)O)O)C)C)(C)C=O)O	15	15	15	15
cpd39303	2-hexadecanoyl-sn-glycero-3-phospho-(1D-myo-inositol)	CHEBI:167448	chebi_xref	STEREO_DIFF	NUDRHGDMWNFXMD-OAOCPRPWSA-M	NUDRHGDMWNFXMD-IESLQMLBSA-M	155802536	CCCCCCCCCCCCCCCC(=O)O[C@H](CO)COP(=O)([O-])O[C@@H]1[C@H](O)[C@H](O)[C@@H](O)[C@H](O)[C@H]1O	CCCCCCCCCCCCCCCC(=O)O[C@H](CO)COP(=O)([O-])OC1[C@@H]([C@H](C([C@H]([C@H]1O)O)O)O)O	7	8	5	8
cpd39812	(1S,2S,3R,4S,5S,6S)-4-(beta-L-arabinopyranosyloxy)-2,3,5,6-tetrahydroxycyclohexyl 1H-indol-3-ylacetate	CHEBI:28071	chebi_xref	STEREO_DIFF	RBVNENAKUTUHCM-JLJUYRCPSA-N	RBVNENAKUTUHCM-MPTZIELVSA-N	440406	O=C(Cc1c[nH]c2ccccc12)O[C@H]1[C@@H](O)[C@@H](O)[C@H](O[C@H]2OC[C@H](O)[C@H](O)[C@H]2O)[C@@H](O)[C@@H]1O	C1[C@@H]([C@@H]([C@H]([C@H](O1)OC2[C@@H]([C@@H](C([C@H]([C@@H]2O)O)OC(=O)CC3=CNC4=CC=CC=C43)O)O)O)O)O	10	10	8	10
cpd39850	(9Z)-11-{(3S)-3-[(2Z)-pent-2-en-1-yl]oxiran-2-ylidene}undec-9-enoate	CHEBI:36438	chebi_xref	STEREO_DIFF	YZBZORUZOSCZRN-IRBKMFMFSA-M	YZBZORUZOSCZRN-YWHLHSFDSA-M	16069997	CC/C=C\C[C@@H]1OC1=CC=CCCCCCCCC(=O)[O-]	CC/C=C\C[C@H]1C(=C/C=C\CCCCCCCC(=O)[O-])O1	2	4	3	4
cpd39967	3,7,11,15-tetramethylhexadeca-2,6,10,14-tetraen-1-yl diphosphate	CHEBI:57533	chebi_xref	STEREO_DIFF	OINNEUNVOZHBOX-UHFFFAOYSA-L	OINNEUNVOZHBOX-QIRCYJPOSA-K	5497105	CC(C)=CCCC(C)=CCCC(C)=CCCC(C)=CCOP(=O)([O-])OP(=O)([O-])O	CC(=CCC/C(=C/CC/C(=C/CC/C(=C/COP(=O)([O-])OP(=O)([O-])[O-])/C)/C)/C)C	0	5	3	4
cpd39984	2-C-[(phosphonatooxy)methyl]-D-ribose	CHEBI:57828	chebi_xref	STEREO_DIFF	RIOZVCDMYGAYCJ-QYRBDRAASA-L	RIOZVCDMYGAYCJ-HSUXUTPPSA-L	46931097	O=CC(O)(COP(=O)([O-])[O-])[C@H](O)[C@H](O)CO	C([C@H]([C@H]([C@](COP(=O)([O-])[O-])(C=O)O)O)O)O	2	3	3	3
cpd40037	(25R)-3,7,12-trihydroxycoprostanoyl-CoA(4-)	CHEBI:58677	chebi_xref	STEREO_DIFF	MNYDLIUNNOCPHG-VSYYZKEWSA-J	MNYDLIUNNOCPHG-FJWDCHQMSA-J	45266721	C[C@H](CCC[C@H](C)[C@H]1CC[C@H]2[C@@H]3[C@H](O)C[C@@H]4C[C@H](O)CC[C@]4(C)[C@H]3C[C@H](O)[C@]12C)C(=O)SCCNC(=O)CCNC(=O)[C@H](O)C(C)(C)COP(=O)([O-])OP(=O)([O-])OC[C@H]1O[C@@H](n2cnc3c(N)ncnc32)[C@H](O)[C@@H]1OP(=O)([O-])[O-]	C[C@H](CCC[C@@H](C)C(=O)SCCNC(=O)CCNC(=O)[C@@H](C(C)(C)COP(=O)([O-])OP(=O)([O-])OC[C@@H]1[C@H]([C@H]([C@@H](O1)N2C=NC3=C(N=CN=C32)N)O)OP(=O)([O-])[O-])O)[C@H]4CC[C@@H]5[C@@]4([C@H](C[C@H]6[C@H]5[C@@H](C[C@H]7[C@@]6(CC[C@H](C7)O)C)O)O)C	17	19	17	19
cpd40042	(25R)-3alpha,7alpha-dihydroxy-5beta-cholestan-26-oyl-CoA	CHEBI:58752	chebi_xref	STEREO_DIFF	SBYLHTNKEWSLBA-ZXAPBNPSSA-J	SBYLHTNKEWSLBA-NOMRFMDASA-J	45266754	C[C@H](CCC[C@H](C)[C@H]1CC[C@H]2[C@@H]3[C@H](O)C[C@@H]4C[C@H](O)CC[C@]4(C)[C@H]3CC[C@]12C)C(=O)SCCNC(=O)CCNC(=O)[C@H](O)C(C)(C)COP(=O)([O-])OP(=O)([O-])OC[C@H]1O[C@@H](n2cnc3c(N)ncnc32)[C@H](O)[C@@H]1OP(=O)([O-])[O-]	C[C@H](CCC[C@@H](C)C(=O)SCCNC(=O)CCNC(=O)[C@@H](C(C)(C)COP(=O)([O-])OP(=O)([O-])OC[C@@H]1[C@H]([C@H]([C@@H](O1)N2C=NC3=C(N=CN=C32)N)O)OP(=O)([O-])[O-])O)[C@H]4CC[C@@H]5[C@@]4(CC[C@H]6[C@H]5[C@@H](C[C@H]7[C@@]6(CC[C@H](C7)O)C)O)C	16	18	16	18
cpd40047	3'-phosphonatoadenosine 5'-{3-[(3R)-3-hydroxy-2,2-dimethyl-4-oxo-4-({3-oxo-3-[(2-{[oxo(phenyl)acetyl]sulfanyl}ethyl)amino]propyl}amino)butyl] diphosphate}	CHEBI:58811	chebi_xref	STEREO_DIFF	FISPFQWSJIRGHD-CGTAVEALSA-J	FISPFQWSJIRGHD-SVHODSNWSA-J	46173476	CC(C)(COP(=O)([O-])OP(=O)([O-])OC[C@H]1O[C@@H](n2cnc3c(N)ncnc32)[C@@H](O)[C@@H]1OP(=O)([O-])[O-])[C@@H](O)C(=O)NCCC(=O)NCCSC(=O)C(=O)c1ccccc1	CC(C)(COP(=O)([O-])OP(=O)([O-])OC[C@@H]1[C@H]([C@H]([C@@H](O1)N2C=NC3=C(N=CN=C32)N)O)OP(=O)([O-])[O-])[C@H](C(=O)NCCC(=O)NCCSC(=O)C(=O)C4=CC=CC=C4)O	5	7	5	7
cpd40070	(24E)-3alpha,7alpha,12alpha-trihydroxy-5beta-cholest-24-en-26-oyl-CoA	CHEBI:59879	chebi_xref	STEREO_DIFF	QVDPWQVOSKJUES-ZRCFTKOQSA-J	QVDPWQVOSKJUES-JMOYVIBVSA-J	46878544	C/C(=C\CC[C@H](C)[C@H]1CC[C@H]2[C@@H]3[C@H](O)C[C@@H]4C[C@H](O)CC[C@]4(C)[C@H]3C[C@H](O)[C@]12C)C(=O)SCCNC(=O)CCNC(=O)[C@H](O)C(C)(C)COP(=O)([O-])OP(=O)([O-])OC[C@H]1O[C@@H](n2cnc3c(N)ncnc32)[C@H](O)[C@@H]1OP(=O)([O-])[O-]	C[C@H](CC/C=C(\C)/C(=O)SCCNC(=O)CCNC(=O)[C@@H](C(C)(C)COP(=O)([O-])OP(=O)([O-])OC[C@@H]1[C@H]([C@H]([C@@H](O1)N2C=NC3=C(N=CN=C32)N)O)OP(=O)([O-])[O-])O)[C@H]4CC[C@@H]5[C@@]4([C@H](C[C@H]6[C@H]5[C@@H](C[C@H]7[C@@]6(CC[C@H](C7)O)C)O)O)C	17	19	17	19
cpd40080	(1S,3R,4S,5R)-1,3,5-trihydroxy-4-{[(2E)-3-(4-hydroxy-3-methoxyphenyl)prop-2-enoyl]oxy}cyclohexanecarboxylate	CHEBI:60078	chebi_xref	STEREO_DIFF	VTMFDSJJVNQXLT-KSQYBWRXSA-M	VTMFDSJJVNQXLT-XQCMRRNBSA-M	46878500	COc1cc(/C=C/C(=O)O[C@H]2[C@H](O)C[C@](O)(C(=O)[O-])C[C@H]2O)ccc1O	COC1=C(C=CC(=C1)/C=C/C(=O)OC2[C@@H](CC(C[C@H]2O)(C(=O)[O-])O)O)O	5	5	3	5
cpd40106	(1S,2R,4S,6R,7R)-1,7-dimethyl-7-(4-methylpent-3-en-1-yl)tricyclo[2.2.1.0(2,6)]heptane	CHEBI:61677	chebi_xref	STEREO_DIFF	KWFJIXPIFLVMPM-RYPNDVFKSA-N	KWFJIXPIFLVMPM-PEGGXJLSSA-N	12315252	CC(C)=CCC[C@]1(C)[C@H]2C[C@@H]3[C@@H](C2)[C@@]31C	CC(=CCC[C@@]1(C2C[C@H]3C1([C@H]3C2)C)C)C	5	5	3	5
cpd40134	(3beta,21beta,22beta)-21,22,24-trihydroxyolean-12-en-3-yl beta-D-glucopyranosiduronate	CHEBI:62443	chebi_xref	STEREO_DIFF	CZJIMKNMPZTDKL-DTOUZIBESA-M	CZJIMKNMPZTDKL-KYCUXGCASA-M	53239766	CC1(C)C[C@@H]2C3=CC[C@@H]4[C@@]5(C)CC[C@H](O[C@@H]6O[C@H](C(=O)[O-])[C@@H](O)[C@H](O)[C@H]6O)[C@](C)(CO)[C@@H]5CC[C@@]4(C)[C@]3(C)CC[C@@]2(C)[C@H](O)[C@@H]1O	C[C@]12CC[C@@H]([C@]([C@@H]1CC[C@@]3([C@@H]2CC=C4[C@]3(CC[C@@]5([C@H]4CC([C@H]([C@H]5O)O)(C)C)C)C)C)(C)CO)O[C@H]6[C@@H]([C@H]([C@@H]([C@H](O6)C(=O)[O-])O)O)O	16	16	16	16
cpd40164	2,2'-(E)-diazene-1,2-diyldibenzenesulfonate	CHEBI:63950	chebi_xref	STEREO_DIFF	APPAXLRBULXMAH-BUHFOSPRSA-L	APPAXLRBULXMAH-UHFFFAOYSA-L	56927813	O=S(=O)([O-])c1ccccc1/N=N/c1ccccc1S(=O)(=O)[O-]	C1=CC=C(C(=C1)N=NC2=CC=CC=C2S(=O)(=O)[O-])S(=O)(=O)[O-]	1	1	0	1
cpd40214	(2R)-2,3-bis(octanoyloxy)propyl (1S,2R,3R,4S,5S,6R)-2,3,4,5,6-pentahydroxycyclohexyl phosphate	CHEBI:65221	chebi_xref	STEREO_DIFF	UPUKKDCTWWVPCJ-OZRWLNDDSA-M	UPUKKDCTWWVPCJ-NUPIXEBLSA-M	70678648	CCCCCCCC(=O)OC[C@H](COP(=O)([O-])O[C@@H]1[C@H](O)[C@H](O)[C@@H](O)[C@H](O)[C@H]1O)OC(=O)CCCCCCC	CCCCCCCC(=O)OC[C@H](COP(=O)([O-])OC1[C@@H]([C@H](C([C@H]([C@H]1O)O)O)O)O)OC(=O)CCCCCCC	7	8	5	8
cpd40328	(2R)-3-(hexadecanoyloxy)-2-[(5Z,8Z,11Z,14Z)-icosa-5,8,11,14-tetraenoyloxy]propyl (1S,2R,3R,4S,5S,6R)-2,3,4,5,6-pentahydroxycyclohexyl phosphate	CHEBI:72834	chebi_xref	STEREO_DIFF	KIQYUSYSJTUGFZ-LSLODQAYSA-M	KIQYUSYSJTUGFZ-UVYWGIEFSA-M	71296226	CCCCC/C=C\C/C=C\C/C=C\C/C=C\CCCC(=O)O[C@H](COC(=O)CCCCCCCCCCCCCCC)COP(=O)([O-])O[C@@H]1[C@H](O)[C@H](O)[C@@H](O)[C@H](O)[C@H]1O	CCCCCCCCCCCCCCCC(=O)OC[C@H](COP(=O)([O-])OC1[C@@H]([C@H](C([C@H]([C@H]1O)O)O)O)O)OC(=O)CCC/C=C\C/C=C\C/C=C\C/C=C\CCCCC	11	12	9	12
cpd40329	(2R)-2,3-bis(hexadecanoyloxy)propyl (1S,2R,3R,4S,5S,6R)-2,3,4,5,6-pentahydroxycyclohexyl phosphate	CHEBI:72835	chebi_xref	STEREO_DIFF	IBUKXRINTKQBRQ-QQPTZJRPSA-M	IBUKXRINTKQBRQ-FOENULIHSA-M	71296228	CCCCCCCCCCCCCCCC(=O)OC[C@H](COP(=O)([O-])O[C@@H]1[C@H](O)[C@H](O)[C@@H](O)[C@H](O)[C@@H]1O)OC(=O)CCCCCCCCCCCCCCC	CCCCCCCCCCCCCCCC(=O)OC[C@H](COP(=O)([O-])OC1[C@@H]([C@H](C([C@H]([C@H]1O)O)O)O)O)OC(=O)CCCCCCCCCCCCCCC	7	8	5	8
cpd40330	(2R)-3-(hexadecanoyloxy)-2-(octadecanoyloxy)propyl (1S,2R,3R,4S,5S,6R)-2,3,4,5,6-pentahydroxycyclohexyl phosphate	CHEBI:72836	chebi_xref	STEREO_DIFF	NEXFZIYXCPIHEF-BHIZUYRXSA-M	NEXFZIYXCPIHEF-XVQBWIJQSA-M	71296229	CCCCCCCCCCCCCCCCCC(=O)O[C@H](COC(=O)CCCCCCCCCCCCCCC)COP(=O)([O-])O[C@@H]1[C@H](O)[C@H](O)[C@@H](O)[C@H](O)[C@H]1O	CCCCCCCCCCCCCCCCCC(=O)O[C@H](COC(=O)CCCCCCCCCCCCCCC)COP(=O)([O-])OC1[C@@H]([C@H](C([C@H]([C@H]1O)O)O)O)O	7	8	5	8
cpd40336	(1R,3S,4R,6S)-4,6-bis(alpha-D-glucopyranosyloxy)-5-hydroxycyclohexane-1,3-diaminium	CHEBI:72946	chebi_xref	STEREO_DIFF	LSQKHXZMWRRDRU-GUKOCFKPSA-P	LSQKHXZMWRRDRU-OHBGLIMYSA-P	71296177	[NH3+][C@@H]1C[C@H]([NH3+])[C@@H](O[C@H]2O[C@H](CO)[C@@H](O)[C@H](O)[C@H]2O)[C@H](O)[C@H]1O[C@H]1O[C@H](CO)[C@@H](O)[C@H](O)[C@H]1O	C1[C@H]([C@@H](C([C@@H]([C@H]1[NH3+])O[C@@H]2[C@@H]([C@H]([C@@H]([C@H](O2)CO)O)O)O)O)O[C@@H]3[C@@H]([C@H]([C@@H]([C@H](O3)CO)O)O)O)[NH3+]	15	15	14	15
cpd40398	1-octadecanoyl-2-(5Z,8Z,11Z,14Z,17Z-eicosapentaenoyl)-sn-glycero-3-phospho-(1D-myo-inositol)	CHEBI:74245	chebi_xref	STEREO_DIFF	SUYDNPBYMBTSMM-LLZKZNPQSA-M	SUYDNPBYMBTSMM-WJBFZPHHSA-M	71581166	CC/C=C\C/C=C\C/C=C\C/C=C\C/C=C\CCCC(=O)O[C@H](COC(=O)CCCCCCCCCCCCCCCCC)COP(=O)([O-])O[C@@H]1[C@H](O)[C@H](O)[C@@H](O)[C@H](O)[C@H]1O	CCCCCCCCCCCCCCCCCC(=O)OC[C@H](COP(=O)([O-])OC1[C@@H]([C@H](C([C@H]([C@H]1O)O)O)O)O)OC(=O)CCC/C=C\C/C=C\C/C=C\C/C=C\C/C=C\CC	12	13	10	13
cpd40550	(2R)-2-(dodecanoyloxy)-3-(hexadecanoyloxy)propyl (1S,2R,3R,4S,5S,6R)-2,3,4,5,6-pentahydroxycyclohexyl phosphate	CHEBI:75160	chebi_xref	STEREO_DIFF	OOIYGIBLKJXABS-AVVBPMCPSA-M	OOIYGIBLKJXABS-QMQOCPPKSA-M	71668359	CCCCCCCCCCCCCCCC(=O)OC[C@H](COP(=O)([O-])O[C@@H]1[C@H](O)[C@H](O)[C@@H](O)[C@H](O)[C@H]1O)OC(=O)CCCCCCCCCCC	CCCCCCCCCCCCCCCC(=O)OC[C@H](COP(=O)([O-])OC1[C@@H]([C@H](C([C@H]([C@H]1O)O)O)O)O)OC(=O)CCCCCCCCCCC	7	8	5	8
cpd40562	(13R)-hydroxy-(14S,15S)-epoxy-(5Z,8Z,11Z)-eicosatrienoate	CHEBI:75235	chebi_xref	STEREO_DIFF	FMRVHRPEVIVXKX-UBYAXNGNSA-M	FMRVHRPEVIVXKX-ZJIVTKJASA-M	71728436	CCCCC[C@@H]1O[C@@H]1[C@H](O)/C=C\C/C=C\C/C=C\CCCC(=O)[O-]	CCCCC[C@H]1[C@@H](O1)[C@@H](/C=C\C/C=C\C/C=C\CCCC(=O)[O-])O	6	6	6	6
cpd40815	(2R)-2-[(5Z,8Z,11Z,14Z)-icosa-5,8,11,14-tetraenoyloxy]-3-(octadecanoyloxy)propyl (1R,2R,3R,4R,5S,6R)-2,3,5,6-tetrahydroxy-4-(phosphonatooxy)cyclohexyl phosphate	CHEBI:77136	chebi_xref	STEREO_DIFF	ROKMWIUSHIHOGI-BWTMTLBLSA-K	ROKMWIUSHIHOGI-OCCGYQNWSA-K	86289125	CCCCC/C=C\C/C=C\C/C=C\C/C=C\CCCC(=O)O[C@H](COC(=O)CCCCCCCCCCCCCCCCC)COP(=O)([O-])O[C@H]1[C@H](O)[C@@H](O)[C@H](OP(=O)([O-])[O-])[C@@H](O)[C@H]1O	CCCCCCCCCCCCCCCCCC(=O)OC[C@H](COP(=O)([O-])OC1[C@@H]([C@H](C([C@H]([C@H]1O)O)OP(=O)([O-])[O-])O)O)OC(=O)CCC/C=C\C/C=C\C/C=C\C/C=C\CCCCC	11	12	9	12
cpd40817	(2R)-3-(octadecanoyloxy)-2-[(9Z)-octadec-9-enoyloxy]propyl (1R,2R,3R,4R,5S,6R)-2,3,5,6-tetrahydroxy-4-(phosphonatooxy)cyclohexyl phosphate	CHEBI:77139	chebi_xref	STEREO_DIFF	HGTWQOJDTOGJCZ-OWWMKGAESA-K	HGTWQOJDTOGJCZ-FCVCZRQGSA-K	86289128	CCCCCCCC/C=C\CCCCCCCC(=O)O[C@H](COC(=O)CCCCCCCCCCCCCCCCC)COP(=O)([O-])O[C@H]1[C@H](O)[C@@H](O)[C@H](OP(=O)([O-])[O-])[C@@H](O)[C@H]1O	CCCCCCCCCCCCCCCCCC(=O)OC[C@H](COP(=O)([O-])OC1[C@@H]([C@H](C([C@H]([C@H]1O)O)OP(=O)([O-])[O-])O)O)OC(=O)CCCCCCC/C=C\CCCCCCCC	8	9	6	9
cpd41070	(2R)-2-hydroxy-3-[(9Z)-octadec-9-enoyloxy]propyl (1S,2R,3R,4S,5S,6R)-2,3,4,5,6-pentahydroxycyclohexyl phosphate	CHEBI:78762	chebi_xref	STEREO_DIFF	UGDOFRYHDCDVHD-FRWBGTIISA-M	UGDOFRYHDCDVHD-GFMLYYSJSA-M	86289644	CCCCCCCC/C=C\CCCCCCCC(=O)OC[C@@H](O)COP(=O)([O-])O[C@@H]1[C@H](O)[C@H](O)[C@@H](O)[C@H](O)[C@H]1O	CCCCCCCC/C=C\CCCCCCCC(=O)OC[C@H](COP(=O)([O-])OC1[C@@H]([C@H](C([C@H]([C@H]1O)O)O)O)O)O	8	9	6	9
cpd41071	(2R)-2-[(5Z,8Z,11Z,14Z)-icosa-5,8,11,14-tetraenoyloxy]-3-[(9Z)-octadec-9-enoyloxy]propyl (1S,2R,3R,4S,5S,6R)-2,3,4,5,6-pentahydroxycyclohexyl phosphate	CHEBI:78765	chebi_xref	STEREO_DIFF	SHIZRFSRTKXRQL-PJBFRWFCSA-M	SHIZRFSRTKXRQL-WAEQFISDSA-M	86289646	CCCCC/C=C\C/C=C\C/C=C\C/C=C\CCCC(=O)O[C@H](COC(=O)CCCCCCC/C=C\CCCCCCCC)COP(=O)([O-])O[C@@H]1[C@H](O)[C@H](O)[C@@H](O)[C@H](O)[C@H]1O	CCCCCCCC/C=C\CCCCCCCC(=O)OC[C@H](COP(=O)([O-])OC1[C@@H]([C@H](C([C@H]([C@H]1O)O)O)O)O)OC(=O)CCC/C=C\C/C=C\C/C=C\C/C=C\CCCCC	12	13	10	13
cpd41098	(2R)-2,3-bis(palmitoyloxy)propyl (1S,2R,3R,5S,6R)-2,4,6-trihydroxy-3,5-bis(phosphonatooxy)cyclohexyl phosphate	CHEBI:78994	chebi_xref	STEREO_DIFF	UZMPYXSDDZXMAI-LNNNXZRXSA-I	UZMPYXSDDZXMAI-OHKKONBVSA-I	86289717	CCCCCCCCCCCCCCCC(=O)OC[C@H](COP(=O)([O-])O[C@@H]1[C@H](O)[C@H](OP(=O)([O-])[O-])[C@@H](O)[C@H](OP(=O)([O-])[O-])[C@H]1O)OC(=O)CCCCCCCCCCCCCCC	CCCCCCCCCCCCCCCC(=O)OC[C@H](COP(=O)([O-])OC1[C@@H]([C@H](C([C@H]([C@H]1O)OP(=O)([O-])[O-])O)OP(=O)([O-])[O-])O)OC(=O)CCCCCCCCCCCCCCC	7	8	5	8
cpd41113	(1s,4s)-1-methyl-4-(propan-2-yl)-7-oxabicyclo[2.2.1]heptane	CHEBI:80788	chebi_xref	STEREO_DIFF	RFFOTVCVTJUTAD-AOOOYVTPSA-N	RFFOTVCVTJUTAD-UHFFFAOYSA-N	10106	CC(C)[C@]12CC[C@](C)(CC1)O2	CC(C)C12CCC(O1)(CC2)C	2	2	0	2
cpd41115	(2R)-2,3-bis(butyryloxy)propyl (1S,2R,3R,4S,5S,6R)-2,3,4,5,6-pentahydroxycyclohexyl phosphate	CHEBI:82606	chebi_xref	STEREO_DIFF	SFURGELIJOUFHC-XXEWDYRMSA-M	SFURGELIJOUFHC-OIGJGVGOSA-M	86289910	CCCC(=O)OC[C@H](COP(=O)([O-])O[C@@H]1[C@H](O)[C@H](O)[C@@H](O)[C@H](O)[C@H]1O)OC(=O)CCC	CCCC(=O)OC[C@H](COP(=O)([O-])OC1[C@@H]([C@H](C([C@H]([C@H]1O)O)O)O)O)OC(=O)CCC	7	8	5	8
cpd41177	1-octadecanoyl-2-(5Z,8Z,11Z,14Z-eicosatetraenoyl)-sn-glycero-3-phospho-(1D-myo-inositol 3,4,5-triphosphate)	CHEBI:83243	chebi_xref	STEREO_DIFF	BRGYSCORDHSZEK-WWZVCVIKSA-G	BRGYSCORDHSZEK-FNBHYLHFSA-G	86290081	CCCCC/C=C\C/C=C\C/C=C\C/C=C\CCCC(=O)O[C@H](COC(=O)CCCCCCCCCCCCCCCCC)COP(=O)([O-])O[C@H]1[C@H](O)[C@@H](OP(=O)([O-])[O-])[C@H](OP(=O)([O-])[O-])[C@@H](OP(=O)([O-])[O-])[C@H]1O	CCCCCCCCCCCCCCCCCC(=O)OC[C@H](COP(=O)([O-])OC1[C@@H]([C@H](C([C@H]([C@H]1O)OP(=O)([O-])[O-])OP(=O)([O-])[O-])OP(=O)([O-])[O-])O)OC(=O)CCC/C=C\C/C=C\C/C=C\C/C=C\CCCCC	11	12	9	12
cpd41201	(2R)-2,3-bis(octanoyloxy)propyl (1S,2S,3R,5S,6S)-2,6-dihydroxy-3,4,5-tris(phosphonatooxy)cyclohexyl phosphate	CHEBI:83416	chebi_xref	STEREO_DIFF	ANFYVAHJWGJYAT-QLCNXWICSA-G	ANFYVAHJWGJYAT-FWIVIUFLSA-G	86290067	CCCCCCCC(=O)OC[C@H](COP(=O)([O-])O[C@H]1[C@H](O)[C@@H](OP(=O)([O-])[O-])[C@H](OP(=O)([O-])[O-])[C@@H](OP(=O)([O-])[O-])[C@H]1O)OC(=O)CCCCCCC	CCCCCCCC(=O)OC[C@H](COP(=O)([O-])OC1[C@@H]([C@H](C([C@H]([C@H]1O)OP(=O)([O-])[O-])OP(=O)([O-])[O-])OP(=O)([O-])[O-])O)OC(=O)CCCCCCC	7	8	5	8
cpd41204	(2R)-2,3-bis(hexadecanoyloxy)propyl (1S,2S,3R,5S,6S)-2,6-dihydroxy-3,4,5-tris(phosphonatooxy)cyclohexyl phosphate	CHEBI:83420	chebi_xref	STEREO_DIFF	ZSZXYWFCIKKZBT-IVYVYLGESA-G	ZSZXYWFCIKKZBT-ZVDPZPSOSA-G	86290070	CCCCCCCCCCCCCCCC(=O)OC[C@H](COP(=O)([O-])O[C@H]1[C@H](O)[C@@H](OP(=O)([O-])[O-])[C@H](OP(=O)([O-])[O-])[C@@H](OP(=O)([O-])[O-])[C@H]1O)OC(=O)CCCCCCCCCCCCCCC	CCCCCCCCCCCCCCCC(=O)OC[C@H](COP(=O)([O-])OC1[C@@H]([C@H](C([C@H]([C@H]1O)OP(=O)([O-])[O-])OP(=O)([O-])[O-])OP(=O)([O-])[O-])O)OC(=O)CCCCCCCCCCCCCCC	7	8	5	8
cpd41207	(2R)-2,3-bis(hexadecanoyloxy)propyl (1R,2R,3R,4R,5S,6R)-2,3,5,6-tetrahydroxy-4-(phosphonatooxy)cyclohexyl phosphate	CHEBI:83436	chebi_xref	STEREO_DIFF	UJVUMTUBMCYKBK-JULCEDCESA-K	UJVUMTUBMCYKBK-BNOPZSDTSA-K	86290076	CCCCCCCCCCCCCCCC(=O)OC[C@H](COP(=O)([O-])O[C@H]1[C@H](O)[C@@H](O)[C@H](OP(=O)([O-])[O-])[C@@H](O)[C@H]1O)OC(=O)CCCCCCCCCCCCCCC	CCCCCCCCCCCCCCCC(=O)OC[C@H](COP(=O)([O-])OC1[C@@H]([C@H](C([C@H]([C@H]1O)O)OP(=O)([O-])[O-])O)O)OC(=O)CCCCCCCCCCCCCCC	7	8	5	8
cpd41232	(25S)-3-oxocholest-4-en-26-oyl-coenzyme A(4-)	CHEBI:83819	chebi_xref	STEREO_DIFF	QHTNQHCVKNUPEI-HYUQNWMNSA-J	QHTNQHCVKNUPEI-ZAXAEIALSA-J	86290149	C[C@@H](CCC[C@H](C)[C@H]1CC[C@H]2[C@@H]3CCC4=CC(=O)CC[C@]4(C)[C@H]3CC[C@]12C)C(=O)SCCNC(=O)CCNC(=O)[C@H](O)C(C)(C)COP(=O)([O-])OP(=O)([O-])OC[C@H]1O[C@@H](n2cnc3c(N)ncnc32)[C@H](O)[C@@H]1OP(=O)([O-])[O-]	C[C@H](CCC[C@H](C)C(=O)SCCNC(=O)CCNC(=O)[C@@H](C(C)(C)COP(=O)([O-])OP(=O)([O-])OC[C@@H]1[C@H]([C@H]([C@@H](O1)N2C=NC3=C(N=CN=C32)N)O)OP(=O)([O-])[O-])O)[C@H]4CC[C@@H]5[C@@]4(CC[C@H]6[C@H]5CCC7=CC(=O)CC[C@]67C)C	13	15	13	15
cpd41412	(2R)-2,3-bis(octanoyloxy)propyl (1S,2R,3R,5S,6R)-2,4,6-trihydroxy-3,5-bis(phosphonatooxy)cyclohexyl phosphate	CHEBI:85342	chebi_xref	STEREO_DIFF	QXHVLVSULWMTCV-DICZBTHZSA-I	QXHVLVSULWMTCV-MKRLDBNQSA-I	91666372	CCCCCCCC(=O)OC[C@H](COP(=O)([O-])O[C@@H]1[C@H](O)[C@H](OP(=O)([O-])[O-])[C@@H](O)[C@H](OP(=O)([O-])[O-])[C@H]1O)OC(=O)CCCCCCC	CCCCCCCC(=O)OC[C@H](COP(=O)([O-])OC1[C@@H]([C@H](C([C@H]([C@H]1O)OP(=O)([O-])[O-])O)OP(=O)([O-])[O-])O)OC(=O)CCCCCCC	7	8	5	8
cpd41432	(2R)-2,3-bis(octanoyloxy)propyl (1R,2R,3R,4R,5S,6R)-2,3,5,6-tetrahydroxy-4-(phosphonatooxy)cyclohexyl phosphate	CHEBI:85468	chebi_xref	STEREO_DIFF	SNIQYSSXZJPPEL-LKTRINTESA-K	SNIQYSSXZJPPEL-NWIWAUOTSA-K	91825605	CCCCCCCC(=O)OC[C@H](COP(=O)([O-])O[C@H]1[C@H](O)[C@@H](O)[C@H](OP(=O)([O-])[O-])[C@@H](O)[C@H]1O)OC(=O)CCCCCCC	CCCCCCCC(=O)OC[C@H](COP(=O)([O-])OC1[C@@H]([C@H](C([C@H]([C@H]1O)O)OP(=O)([O-])[O-])O)O)OC(=O)CCCCCCC	7	8	5	8
cpd41445	epivancomycin	CHEBI:85491	chebi_xref	STEREO_DIFF	MYPYJXKWCTUITO-ZRJQNHQNSA-O	MYPYJXKWCTUITO-UNZADAAQSA-O	91825623	C[NH2+][C@H](CC(C)C)C(=O)N[C@H]1C(=O)N[C@@H](CC(N)=O)C(=O)N[C@H]2C(=O)N[C@H]3C(=O)N[C@H](C(=O)N[C@@H](C(=O)[O-])c4cc(O)cc(O)c4-c4cc3ccc4O)[C@H](O)c3ccc(c(Cl)c3)Oc3cc2cc(c3O[C@@H]2O[C@H](CO)[C@@H](O)[C@H](O)[C@H]2O[C@H]2C[C@](C)([NH3+])[C@@H](O)[C@H](C)O2)Oc2ccc(cc2Cl)[C@H]1O	C[C@H]1[C@@H]([C@@](C[C@@H](O1)O[C@@H]2[C@H]([C@@H]([C@H](O[C@H]2OC3=C4C=C5C=C3OC6=C(C=C(C=C6)[C@H]([C@H](C(=O)N[C@H](C(=O)N[C@H]5C(=O)N[C@@H]7C8=CC(=C(C=C8)O)C9=C(C=C(C=C9O)O)[C@H](NC(=O)[C@H]([C@@H](C1=CC(=C(O4)C=C1)Cl)O)NC7=O)C(=O)[O-])CC(=O)N)NC(=O)[C@@H](CC(C)C)[NH2+]C)O)Cl)CO)O)O)(C)[NH3+])O	18	18	18	18
cpd41503	4-azaniumyl-4-deoxy-beta-L-arabinopyranosyl 2-deoxy-6-O-(2-deoxy-3-O-[(3R)-3-hydroxytetradecanoyl]-2-{[(3R)-3-hydroxytetradecanoyl]amino}-4-O-phosphonato-beta-D-glucopyranosyl)-3-O-[(3R)-3-hydroxytetradecanoyl]-2-{[(3R)-3-hydroxytetradecanoyl]amino}-alpha-D-glucopyranosyl phosphate	CHEBI:86226	chebi_xref	STEREO_DIFF	TYGQMXOPLFWYPM-UTAVAMEPSA-L	TYGQMXOPLFWYPM-ISFHUDAKSA-L	91825750	CCCCCCCCCCC[C@@H](O)CC(=O)N[C@H]1[C@H](OC[C@H]2O[C@H](OP(=O)([O-])O[C@@H]3OC[C@H]([NH3+])[C@H](O)[C@H]3O)[C@H](NC(=O)C[C@H](O)CCCCCCCCCCC)[C@@H](OC(=O)C[C@H](O)CCCCCCCCCCC)[C@@H]2O)O[C@H](CO)[C@@H](OP(=O)([O-])[O-])[C@@H]1OC(=O)C[C@H](O)CCCCCCCCCCC	CCCCCCCCCCC[C@H](CC(=O)N[C@@H]1[C@H]([C@@H]([C@H](O[C@@H]1OP(=O)([O-])O[C@@H]2[C@@H]([C@H]([C@H](CO2)[NH3+])O)O)CO[C@H]3[C@@H]([C@H]([C@@H]([C@H](O3)CO)OP(=O)([O-])[O-])OC(=O)C[C@@H](CCCCCCCCCCC)O)NC(=O)C[C@@H](CCCCCCCCCCC)O)O)OC(=O)C[C@@H](CCCCCCCCCCC)O)O	18	19	18	19
cpd41565	(24E)-3alpha,7alpha-dihydroxy-5beta-cholest-24-en-26-oyl-CoA	CHEBI:87700	chebi_xref	STEREO_DIFF	SEBZZAWTQNNGPK-HWMVKTIYSA-J	SEBZZAWTQNNGPK-RDYMGNODSA-J	91828290	C/C(=C\CC[C@H](C)[C@H]1CC[C@H]2[C@@H]3[C@H](O)C[C@@H]4C[C@H](O)CC[C@]4(C)[C@H]3CC[C@]12C)C(=O)SCCNC(=O)CCNC(=O)[C@H](O)C(C)(C)COP(=O)([O-])OP(=O)([O-])OC[C@H]1O[C@@H](n2cnc3c(N)ncnc32)[C@H](O)[C@@H]1OP(=O)([O-])[O-]	C[C@H](CC/C=C(\C)/C(=O)SCCNC(=O)CCNC(=O)[C@@H](C(C)(C)COP(=O)([O-])OP(=O)([O-])OC[C@@H]1[C@H]([C@H]([C@@H](O1)N2C=NC3=C(N=CN=C32)N)O)OP(=O)([O-])[O-])O)[C@H]4CC[C@@H]5[C@@]4(CC[C@H]6[C@H]5[C@@H](C[C@H]7[C@@]6(CC[C@H](C7)O)C)O)C	16	18	16	18
cpd41566	3alpha,7alpha-dihydroxy-24-oxo-5beta-cholestan-26-oyl-CoA	CHEBI:87704	chebi_xref	STEREO_DIFF	QWTJBRPOHKIMDT-FUVNIOFOSA-J	QWTJBRPOHKIMDT-MVFHLHSISA-J	90658216	CC(C(=O)CC[C@H](C)[C@H]1CC[C@H]2[C@@H]3[C@H](O)C[C@@H]4C[C@H](O)CC[C@]4(C)[C@H]3CC[C@]12C)C(=O)SCCNC(=O)CCNC(=O)[C@H](O)C(C)(C)COP(=O)([O-])OP(=O)([O-])OC[C@H]1O[C@@H](n2cnc3c(N)ncnc32)[C@H](O)[C@@H]1OP(=O)([O-])[O-]	C[C@H](CCC(=O)C(C)C(=O)SCCNC(=O)CCNC(=O)[C@@H](C(C)(C)COP(=O)([O-])OP(=O)([O-])OC[C@@H]1[C@H]([C@H]([C@@H](O1)N2C=NC3=C(N=CN=C32)N)O)OP(=O)([O-])[O-])O)[C@H]4CC[C@@H]5[C@@]4(CC[C@H]6[C@H]5[C@@H](C[C@H]7[C@@]6(CC[C@H](C7)O)C)O)C	15	18	15	18
cpd41713	19-hydroxyprostaglandin H1	CHEBI:90801	chebi_xref	STEREO_DIFF	WIWFIKCSWKFLRM-UQPUDFRRSA-M	WIWFIKCSWKFLRM-UZTSRZBGSA-M	102571761	CC(O)CCC[C@H](O)/C=C/[C@@H]1[C@H](CCCCCCC(=O)[O-])[C@@H]2C[C@H]1OO2	CC(CCC[C@@H](/C=C/[C@H]1[C@H]2C[C@@H]([C@@H]1CCCCCCC(=O)[O-])OO2)O)O	6	7	6	7
cpd44242	(+/-)10-HDHA	(+/-)10-HDoHE	name_lookup	STEREO_DIFF	DDCYKEYDTGCKAS-SKSHMZPZSA-M	DDCYKEYDTGCKAS-UHFFFAOYSA-N	53394258	CC/C=C\C/C=C\C/C=C\C=C\C(O)C/C=C\C/C=C\CCC(=O)[O-]	CCC=CCC=CCC=CC=CC(CC=CCC=CCCC(=O)O)O	6	7	0	7
cpd44412	a chlorin	a chlorin	name_lookup	STEREO_DIFF	UGADAJMDJZPKQX-CEVVSZFKSA-N	UGADAJMDJZPKQX-UHFFFAOYSA-N	65106	C1=Cc2cc3ccc(cc4nc(cc5ccc(cc1n2)[nH]5)CC4)[nH]3	C1CC2=NC1=CC3=CC=C(N3)C=C4C=CC(=N4)C=C5C=CC(=C2)N5	0	0	0	0
cpd44629	normaritidine	normaritidine	name_lookup	STEREO_DIFF	TZTBAJFJEZRQCV-UHFFFAOYSA-O	TZTBAJFJEZRQCV-RLCCDNCMSA-N	443683	COc1cc2c(cc1O)C[NH+]1CCC23C=CC(O)CC13	COC1=C(C=C2CN3CC[C@]4([C@@H]3C[C@@H](C=C4)O)C2=C1)O	0	4	3	4
cpd44677	(5Z,8E,10E)-12-hydroxyheptadeca-5,8,10-trienoate	12-HHTrE	name_lookup	STEREO_DIFF	KUKJHGXXZWHSBG-FQWDWNLFSA-M	KUKJHGXXZWHSBG-WBGSEQOASA-N	5283141	CCCCCC(O)/C=C/C=C/C/C=C\CCCC(=O)[O-]	CCCCC[C@@H](/C=C/C=C/C/C=C\CCCC(=O)O)O	3	4	4	4
cpd45608	<i>N</i>-palmitoyl Tyr	N-palmitoyl-L-tyrosine	name_lookup	STEREO_DIFF	IPAZGTSTZYXZAT-QHCPKHFHSA-M	IPAZGTSTZYXZAT-UHFFFAOYSA-N	389046	CCCCCCCCCCCCCCCC(=O)N[C@@H](Cc1ccc(O)cc1)C(=O)[O-]	CCCCCCCCCCCCCCCC(=O)NC(CC1=CC=C(C=C1)O)C(=O)O	1	1	0	1
cpd45768	naphthomycin M	naphthomycin M	name_lookup	STEREO_DIFF	ABYOOPVZTWKBKI-ZLQLBYQISA-L	ABYOOPVZTWKBKI-ZEULBBAFSA-N	139584652	C/C1=C/C=C\C=C\[C@H](C)[C@@H](O)CC(=O)/C(C)=C/C[C@H](O)/C=C/[C@H](C)[C@H](O)[C@@H](C)/C=C(\C)C(=O)c2c([O-])c(C)cc3c2C(=O)C(SCC(=O)[O-])=C(NC1=O)C3=O	C[C@H]1C=CC=CC=C(C(=O)NC2=C(C(=O)C3=C(C2=O)C=C(C(=C3C(=O)C(=C[C@@H]([C@H]([C@H](C=C[C@H](CC=C(C(=O)C[C@@H]1O)C)O)C)O)C)C)O)C)SCC(=O)O)C	12	12	6	12
cpd45785	naphthoquinomycin A	naphthoquinomycin A	name_lookup	STEREO_DIFF	LTHCNGAEDWPRCS-WSZSHKSRSA-M	LTHCNGAEDWPRCS-NCZWOVHDSA-N	139589305	COC1=C2NC(=O)/C=C\C=C/C=C/[C@H](C)[C@@H](O)CC(=O)/C(C)=C/C[C@H](O)/C=C/[C@H](C)[C@H](O)[C@@H](C)/C=C(\C)C(=O)c3c([O-])c(C)cc(c3C1=O)C2=O	C[C@@H]1/C=C/C=C\C=C\C(=O)NC2=C(C(=O)C3=C(C2=O)C=C(C(=C3C(=O)/C(=C\[C@@H]([C@H]([C@H](/C=C/[C@@H](C/C=C(/C(=O)C[C@@H]1O)\C)O)C)O)C)/C)O)C)OC	12	12	12	12
cpd45799	naphthoquinomycin B	naphthoquinomycin B	name_lookup	STEREO_DIFF	POAHCCMNKFMDNG-WSZSHKSRSA-M	POAHCCMNKFMDNG-NCZWOVHDSA-N	139589304	CSC1=C2NC(=O)/C=C\C=C/C=C/[C@H](C)[C@@H](O)CC(=O)/C(C)=C/C[C@H](O)/C=C/[C@H](C)[C@H](O)[C@@H](C)/C=C(\C)C(=O)c3c([O-])c(C)cc(c3C1=O)C2=O	C[C@@H]1/C=C/C=C\C=C\C(=O)NC2=C(C(=O)C3=C(C2=O)C=C(C(=C3C(=O)/C(=C\[C@@H]([C@H]([C@H](/C=C/[C@@H](C/C=C(/C(=O)C[C@@H]1O)\C)O)C)O)C)/C)O)C)SC	12	12	12	12
cpd45812	bryostatin 7	bryostatin 7	name_lookup	STEREO_DIFF	FCYKUTUWVZTVAK-VNEZVRIKSA-N	FCYKUTUWVZTVAK-LCPCCJDFSA-N	10101973	COC(=O)/C=C1/C[C@H]2C[C@]3(O)O[C@@H](C[C@@H](O)CC(=O)O[C@@H]([C@@H](C)O)C[C@@H]4C/C(=C\C(=O)OC)[C@H](OC(C)=O)[C@@](O)(O4)C(C)(C)/C=C/[C@@H](C1)O2)C[C@H](OC(C)=O)C3(C)C	C[C@H]([C@H]1C[C@@H]2C/C(=C\C(=O)OC)/[C@@H]([C@@](O2)(C(/C=C/[C@H]3C/C(=C\C(=O)OC)/C[C@H](O3)C[C@]4(C([C@H](C[C@H](O4)C[C@H](CC(=O)O1)O)OC(=O)C)(C)C)O)(C)C)O)OC(=O)C)O	14	14	14	14
cpd45835	2(R)-hydroxy-2-phenylethyl glucosinolate	2(R)-hydroxy-2-phenylethyl glucosinolate	name_lookup	STEREO_DIFF	GAPDDBFHNYHZIS-FUFVSQOXSA-M	GAPDDBFHNYHZIS-LNUNAXHXSA-N	46173883	O=S(=O)([O-])O/N=C(/CC(O)c1ccccc1)S[C@H]1O[C@@H](CO)[C@H](O)[C@@H](O)[C@@H]1O	C1=CC=C(C=C1)C(CC(=NOS(=O)(=O)O)S[C@H]2[C@@H]([C@H]([C@@H]([C@H](O2)CO)O)O)O)O	6	7	5	7
cpd45910	1,17-dioxo-2,3-seco-androstan-3-oyl-CoA	1,17-dioxo-2,3-seco-androstan-3-oyl-CoA	name_lookup	STEREO_DIFF	PCTMZJNILWRYCO-NJXRCVNLSA-J	PCTMZJNILWRYCO-SRGVOWKCSA-J	154586204	CC(=O)[C@@]1(C)[C@H](CC(=O)SCCNC(=O)CCNC(=O)[C@H](O)C(C)(C)COP(=O)([O-])OP(=O)([O-])OC[C@H]2O[C@@H](n3cnc4c(N)ncnc43)[C@H](O)[C@@H]2OP(=O)([O-])[O-])CC[C@@H]2[C@@H]1CC[C@]1(C)C(=O)CC[C@@H]21	CC(=O)[C@@]1([C@H]2CC[C@]3([C@H]([C@@H]2CCC1CC(=O)SCCNC(=O)CCNC(=O)[C@@H](C(C)(C)COP(=O)([O-])OP(=O)([O-])OC[C@@H]4[C@H]([C@H]([C@@H](O4)N5C=NC6=C(N=CN=C65)N)O)OP(=O)([O-])[O-])O)CCC3=O)C)C	11	13	10	13
cpd45952	30-hydroxyrifamycin W	30-hydroxyrifamycin W	name_lookup	STEREO_DIFF	IAOQDOADNPZWMS-BQGKYDTKSA-M	IAOQDOADNPZWMS-UGAUXQCLSA-N	139589331	C/C1=C\[C@H](CO)[C@H](O)[C@@H](C)[C@@H](O)[C@H](C)[C@H](O)[C@H](C)[C@@H](O)[C@@H](C)/C=C/C=C(/CO)C(=O)NC2=CC(=O)c3c(c([O-])c(C)c(O)c3C2=O)C1=O	C[C@H]1/C=C/C=C(\C(=O)NC2=CC(=O)C3=C(C(=C(C(=C3C2=O)O)C)O)C(=O)/C(=C\[C@H]([C@@H]([C@@H]([C@H]([C@H]([C@H]([C@@H]([C@H]1O)C)O)C)O)C)O)CO)/C)/CO	12	12	12	12
cpd46095	GlcNAc-MurNAc disaccharide	GlcNAc-MurNAc disaccharide	name_lookup	STEREO_DIFF	WQKIVDUWFNRJHE-NNRGKNABSA-M	WQKIVDUWFNRJHE-KFWNFBQJSA-M	154586206	CC(=O)N[C@H]1[C@H](O[C@H]2[C@H](O[C@H](C)C(=O)[O-])[C@@H](NC(C)=O)C(O)O[C@@H]2CO)O[C@H](CO)[C@@H](O)[C@@H]1O	C[C@H](C(=O)[O-])O[C@@H]1[C@H]([C@H](O[C@@H]([C@H]1O[C@@H]2[C@@H]([C@H]([C@@H]([C@H](O2)CO)O)O)NC(=O)C)CO)O)NC(=O)C	10	11	11	11
cpd46292	6'-sialyllactose	alpha-Neup5Gc-(2->6)-beta-D-Galp-(1->4)-beta-D-Glcp	name_lookup	STEREO_DIFF	TYALNJQZQRNQNQ-SKHIEIRWSA-M	TYALNJQZQRNQNQ-JLYOMPFMSA-N	44611588	CC(=O)N[C@H]1[C@H]([C@H](O)[C@H](O)CO)OC(OC[C@H]2O[C@@H](O[C@H]3[C@H](O)[C@@H](O)C(O)O[C@@H]3CO)[C@H](O)[C@@H](O)[C@H]2O)(C(=O)[O-])C[C@@H]1O	CC(=O)N[C@@H]1[C@H](C[C@@](O[C@H]1[C@@H]([C@@H](CO)O)O)(C(=O)O)OC[C@@H]2[C@@H]([C@@H]([C@H]([C@@H](O2)O[C@@H]3[C@H](O[C@H]([C@@H]([C@H]3O)O)O)CO)O)O)O)O	14	16	16	16
cpd46453	1-TbAd	1-TbAd	name_lookup	STEREO_DIFF	QPSHCYXDFVVWPO-OLJZWBBESA-O	QPSHCYXDFVVWPO-WAHYGVONSA-O	91825654	C/C(=C\C[n+]1cnc2c(ncn2[C@@H]2O[C@H](CO)[C@@H](O)[C@H]2O)c1N)CC[C@]1(C)[C@H](C)CC=C2[C@H]1CCCC2(C)C	C[C@H]1CC=C2[C@H]([C@]1(C)CC/C(=C/C[N+]3=C(C4=C(N=C3)N(C=N4)[C@H]5[C@@H]([C@@H]([C@H](O5)CO)O)O)N)/C)CCCC2(C)C	8	8	8	8
cpd46464	ferrirhodin	ferrirubin	name_lookup	STEREO_DIFF	SEQVPEQKJMMKNO-SQLDAFDYSA-N	SEQVPEQKJMMKNO-RQCMKQRDSA-N	139031706	CC(=CC1=[O+][Fe-3]2345O[C+](C=C(C)CCO)N(CCC[C@@H]6NC(=O)[C@H](CCCN(O2)C(C=C(C)CCO)=[O+]3)NC(=O)[C@H](CO)NC(=O)[C@H](CO)NC(=O)CNC(=O)[C@H](CCCN1O4)NC6=O)O5)CCO	C/C(=C/C(=O)N(CCC[C@H]1C(=O)NCC(=O)N[C@H](C(=O)N[C@H](C(=O)N[C@H](C(=O)N[C@H](C(=O)N1)CCCN(C(=O)/C=C(/C)\CCO)[O-])CCCN(C(=O)/C=C(/C)\CCO)[O-])CO)CO)[O-])/CCO.[Fe+3]	5	10	8	8
cpd46783	withanone	withanone	name_lookup	STEREO_DIFF	FAZIYUIDUNHZRG-QUSHIGSFSA-N	FAZIYUIDUNHZRG-PCTWTJKKSA-N	21679027	CC1=C(C)C(=O)O[C@@H]([C@@H](C)[C@@]2(O)CC[C@H]3[C@H]4C(CC[C@@]32C)[C@@]2(C)C(=O)C=CC[C@]2(O)[C@H]2O[C@@H]42)C1	CC1=C(C(=O)O[C@H](C1)[C@@H](C)[C@]2(CC[C@@H]3[C@@]2(CC[C@H]4[C@H]3[C@H]5[C@H](O5)[C@@]6([C@@]4(C(=O)C=CC6)C)O)C)O)C	10	11	11	11
cpd46846	1-(mycothiol-<i>S</i>-yl)-<i>N</i>-demethyllincomycin	1-(mycothiol-S-yl)-N-demethyllincomycin	name_lookup	STEREO_DIFF	VMDWZFPVSRHWAM-QLSPONKRSA-O	VMDWZFPVSRHWAM-CZRWUAGXSA-O	146037287	CCC[C@H]1C[NH2+][C@H](C(=O)N[C@@H]([C@H]2O[C@H](SC[C@H](NC(C)=O)C(=O)N[C@H]3[C@@H](O[C@@H]4[C@H](O)[C@H](O)[C@@H](O)[C@H](O)[C@H]4O)O[C@H](CO)[C@@H](O)[C@@H]3O)[C@H](O)[C@@H](O)[C@H]2O)[C@@H](C)O)C1	CCC[C@@H]1C[C@H]([NH2+]C1)C(=O)N[C@@H]([C@@H]2[C@@H]([C@@H]([C@H]([C@H](O2)SC[C@@H](C(=O)N[C@@H]3[C@H]([C@@H]([C@H](O[C@@H]3OC4[C@@H]([C@H](C([C@H]([C@H]4O)O)O)O)O)CO)O)O)NC(=O)C)O)O)O)[C@@H](C)O	21	21	19	21
cpd46856	(4Z,7S,8R,9E,11E,13Z,15E,17S,19Z)-8-cysteinyl-7,17-dihydroxy-docosahex-4,9,11,13,15,19-enoate	RCTR3	name_lookup	STEREO_DIFF	XNFVDGDQGGSJGD-MSOKZUNSSA-M	XNFVDGDQGGSJGD-JBUAYWKOSA-N	132472322	CC/C=C\C[C@H](O)/C=C/C=C\C=C\C=C\[C@@H](SC[C@H]([NH3+])C(=O)[O-])[C@@H](O)C/C=C\CCC(=O)[O-]	CC/C=C\C[C@@H](/C=C/C=C\C=CC=C[C@@H]([C@@H](C/C=C\CCC(=O)O)O)SC[C@@H](C(=O)O)N)O	10	10	8	10
cpd46912	sibanomicin	sibanomicin	name_lookup	STEREO_DIFF	JEZZKSQFJNWDCY-ZQBBTFQLSA-O	JEZZKSQFJNWDCY-NSIKDUERSA-N	6449928	CC/C=C1\CC2C=Nc3ccc(O[C@@H]4O[C@@H](C)[C@H]([NH2+]C)[C@@](C)(O)[C@H]4O)cc3C(=O)N2C1	CC/C=C\1/CC2C=NC3=C(C=C(C=C3)OC4C(C(C(C(O4)C)NC)(C)O)O)C(=O)N2C1	6	7	1	7
cpd46960	thioplatensimycin	thioplatensimycin	name_lookup	STEREO_DIFF	ZQYLQHFOXSDSHJ-OFBLZTNGSA-M	ZQYLQHFOXSDSHJ-UHFFFAOYSA-N	156582208	C[C@]12C[C@@]34C=CC(=O)[C@@](C)(CCC(=O)Nc5c(O)ccc(C(=O)[S-])c5O)[C@@H]3[C@H](C[C@@H]1C4)O2	CC12CC34CC1CC(C3C(C(=O)C=C4)(C)CCC(=O)NC5=C(C=CC(=C5O)C(=O)S)O)O2	6	6	0	6
cpd46966	thioplatencin	thioplatencin	name_lookup	STEREO_DIFF	NUFGXSJHUPZANV-RNUSHXMWSA-M	NUFGXSJHUPZANV-UHFFFAOYSA-N	156582209	C=C1C[C@@]23C=CC(=O)[C@@](C)(CCC(=O)Nc4c(O)ccc(C(=O)[S-])c4O)[C@@H]2C[C@H]1CC3	CC1(C2CC3CCC2(CC3=C)C=CC1=O)CCC(=O)NC4=C(C=CC(=C4O)C(=O)S)O	4	4	0	4
cpd46970	Rif5 intermediate 3	Rif5 intermediate 3	name_lookup	STEREO_DIFF	QEWZZVDALIYXAU-MFQXWKJOSA-N	QEWZZVDALIYXAU-QNOADIDYSA-N	138319136	C/C1=C/C=C/[C@H](C)[C@H](O)[C@@H](C)[C@@H](O)[C@H](C)[C@H](O)[C@H](C)[C@@H](O)C(C(O)O)C(O)O[C@@]2(C)Oc3c(C)c(O)c4c(c3C2=O)C(=O)C=C(NC1=O)C4=O	C[C@H]1/C=C/C=C(\C(=O)NC2=CC(=O)C3=C(C2=O)C(=C(C4=C3C(=O)[C@](O4)(OC(C([C@@H]([C@H]([C@H]([C@@H]([C@@H]([C@@H]([C@H]1O)C)O)C)O)C)O)C(O)O)O)C)C)O)/C	11	13	11	13
cpd47191	[(2-guanidinoethyl)sulfanyl]butanedioate	guanidinoethylmercaptosuccinic acid	name_lookup	STEREO_DIFF	VKVCLXDFOQQABP-UHFFFAOYSA-M	VKVCLXDFOQQABP-BYPYZUCNSA-N	446018	NC(=[NH2+])NCCSC(CC(=O)[O-])C(=O)[O-]	C(CS[C@@H](CC(=O)O)C(=O)O)N=C(N)N	0	1	1	1
cpd47347	8-aza-bicyclo[3.2.1]octan-3-ol	nortropine	name_lookup	STEREO_DIFF	YYMCYJLIYNNOMK-ZMONIFLSSA-O	YYMCYJLIYNNOMK-MEKDEQNOSA-N	73480	O[C@H]1C[C@H]2CC[C@@H](C1)[NH2+]2	C1C[C@H]2CC(C[C@@H]1N2)O	3	3	2	3
cpd47417	3,5-DCQA	3,5-DCQA	name_lookup	STEREO_DIFF	KRZBCHWVBQOTNZ-PSEXTPKNSA-M	KRZBCHWVBQOTNZ-RDJMKVHDSA-N	6474310	O=C(/C=C/c1ccc(O)c(O)c1)O[C@@H]1C[C@](O)(C(=O)[O-])C[C@@H](OC(=O)/C=C/c2ccc(O)c(O)c2)[C@H]1O	C1C(C[C@H](C([C@@H]1OC(=O)/C=C/C2=CC(=C(C=C2)O)O)O)OC(=O)/C=C/C3=CC(=C(C=C3)O)O)(O)C(=O)O	6	6	4	6
cpd47426	apratoxin G	apratoxin G	name_lookup	STEREO_DIFF	QYPABEUQMXOENV-YLJKECJHSA-N	QYPABEUQMXOENV-NWZCPQEJSA-N	163088017	COc1ccc(C[C@@H]2NC(=O)/C(C)=C/[C@H]3CSC(=N3)[C@@H](C)[C@@H](O)C[C@H](C)C[C@@H](C(C)(C)C)OC(=O)[C@H](C)N(C)C(=O)[C@H](C(C)C)N(C)C(=O)[C@H](C)N(C)C2=O)cc1	C[C@H]1C[C@@H]([C@@H](C2=NC(CS2)/C=C(/C(=O)N[C@H](C(=O)N([C@H](C(=O)N([C@H](C(=O)N([C@H](C(=O)O[C@@H](C1)C(C)(C)C)C)C)C(C)C)C)C)C)CC3=CC=C(C=C3)OC)\C)C)O	10	10	9	10
cpd47427	apratoxin E	apratoxin E	name_lookup	STEREO_DIFF	RDPZVJUUVDDQSB-OFFCBBCOSA-N	RDPZVJUUVDDQSB-UNLDUUMZSA-N	139583368	CC[C@H](C)[C@H]1C(=O)N2CCC[C@H]2C(=O)O[C@H](C(C)(C)C)C[C@@H](C)C/C=C\C2=N[C@H](CCC(=O)N[C@@H](Cc3ccc(OC)cc3)C(=O)N(C)[C@@H](C)C(=O)N1C)CS2	CC[C@H](C)[C@H]1C(=O)N2CCC[C@H]2C(=O)OC(CC(C/C=C/C3=NC(CCC(=O)N[C@H](C(=O)N([C@H](C(=O)N1C)C)C)CC4=CC=C(C=C4)OC)CS3)C)C(C)(C)C	9	9	6	9
cpd47470	curacin E	curacin E	name_lookup	STEREO_DIFF	AVQWMIOFPQCRNF-KZRPKRKKSA-N	AVQWMIOFPQCRNF-DKDHISSVSA-N	137657043	CCC(=O)C[C@H](CC/C=C/C=C/CC/C=C\[C@@H]1CSC([C@@H]2C[C@@H]2C)=N1)OC	CCC(=O)CC(CC/C=C/C=C/CC/C=C\[C@@H]1CSC(=N1)[C@@H]2C[C@@H]2C)OC	7	7	6	7
cpd47471	curacin D	curacin D	name_lookup	STEREO_DIFF	SSJXRCYFOOLEKV-LIWDSGMWSA-N	SSJXRCYFOOLEKV-RDTKOLQBSA-N	10546404	C=CC[C@H](CC/C=C/C=C/CC/C=C\[C@@H]1CSC([C@@H]2C[C@@H]2C)=N1)OC	C[C@H]1C[C@H]1C2=NC(CS2)/C=C\CC/C=C/C=C/CCC(CC=C)OC	7	7	5	7
cpd47550	4-benzylidene-5-oxo-3-phenylfuran-2-carboxylic acid	4-benzylidene-5-oxo-3-phenylfuran-2-carboxylic acid	name_lookup	STEREO_DIFF	HXJRAGITJNXHBB-KAMYIIQDSA-M	HXJRAGITJNXHBB-UHFFFAOYSA-N	139586204	O=C([O-])C1=C(c2ccccc2)/C(=C/c2ccccc2)C(=O)O1	C1=CC=C(C=C1)C=C2C(=C(OC2=O)C(=O)O)C3=CC=CC=C3	1	1	0	1
cpd47671	paraherquamide A	paraherquamide A	name_lookup	STEREO_DIFF	UVZZDDLIOJPDKX-HCQYQZJFSA-N	UVZZDDLIOJPDKX-ZFXPIMNVSA-N	26193229	CN1C(=O)C23C[C@@H]4C1(CN2CC[C@@]3(C)O)C[C@@]1(C(=O)Nc2c1ccc1c2OC=CC(C)(C)O1)C4(C)C	C[C@]1(CCN2[C@]13C[C@H]4[C@](C2)(C[C@@]5(C4(C)C)C6=C(C7=C(C=C6)OC(C=CO7)(C)C)NC5=O)N(C3=O)C)O	3	5	5	5
cpd47672	2-deoxyparaherquamide A	Derquantel	name_lookup	STEREO_DIFF	DYVLXWPZFQQUIU-BUWOMYMCSA-O	DYVLXWPZFQQUIU-WGNDVSEMSA-N	25154194	CN1C(=O)C23C[C@@H]4C1(C[NH+]2CC[C@@]3(C)O)C[C@@]1(CNc2c1ccc1c2OC=CC(C)(C)O1)C4(C)C	C[C@]1(CCN2[C@]13C[C@@H]4[C@](C2)(C[C@]5(C4(C)C)CNC6=C5C=CC7=C6OC=CC(O7)(C)C)N(C3=O)C)O	3	6	5	5
cpd47750	antimycin A<sub>17</sub>	antimycin A17	name_lookup	STEREO_DIFF	CRIAYTZRPXXKCY-ZMAMPDHFSA-N	CRIAYTZRPXXKCY-UHFFFAOYSA-N	11620764	CCCCC[C@H]1C(=O)O[C@H](C)[C@H](NC(=O)c2cccc(NC=O)c2O)C(=O)O[C@@H](C)[C@@H]1OC(=O)[C@@H](C)CC	CCCCCC1C(C(OC(=O)C(C(OC1=O)C)NC(=O)C2=C(C(=CC=C2)NC=O)O)C)OC(=O)C(C)CC	6	6	0	6
cpd47761	USF-19A	USF-19A	name_lookup	STEREO_DIFF	WJILAMJSXMNDKI-YEWWMAIHSA-N	WJILAMJSXMNDKI-UHFFFAOYSA-N	10434578	CC(C)C(=O)O[C@H]1[C@H](C)OC(=O)[C@@H](NC(=O)c2cccc(NC=O)c2O)[C@@H](C)OC(=O)[C@@H]1C	CC1C(C(OC(=O)C(C(OC1=O)C)NC(=O)C2=C(C(=CC=C2)NC=O)O)C)OC(=O)C(C)C	5	5	0	5
cpd47837	urauchimycin A	urauchimycin A	name_lookup	STEREO_DIFF	UXCOEHGXGSWISO-QYZQHXPYSA-N	UXCOEHGXGSWISO-UHFFFAOYSA-N	10343746	CCC(C)C[C@H]1C(=O)O[C@H](C)[C@H](NC(=O)c2cccc(NC=O)c2O)C(=O)O[C@@H](C)[C@@H]1O	CCC(C)CC1C(C(OC(=O)C(C(OC1=O)C)NC(=O)C2=C(C(=CC=C2)NC=O)O)C)O	5	6	0	6
cpd47858	dehydrohomospermidine	dehydrohomospermidine	name_lookup	STEREO_DIFF	LCXSEVFWDVGICR-YRNVUSSQSA-Q	LCXSEVFWDVGICR-UHFFFAOYSA-Q	154586142	[NH3+]CCC/C=[NH+]/CCCC[NH3+]	C(CC[NH+]=CCCC[NH3+])C[NH3+]	1	1	0	1
cpd47894	4-<i>O</i>-methyl-D-<i>myo</i>-inosose	4-O-methyl-D-myo-inosose	name_lookup	STEREO_DIFF	YHDLYZATZKYYJQ-YPPKRKOXSA-N	YHDLYZATZKYYJQ-GMOKDWPVSA-N	145865030	CO[C@@H]1[C@@H](O)[C@@H](O)C(=O)[C@H](O)[C@H]1O	COC1[C@@H]([C@H](C(=O)[C@@H]([C@@H]1O)O)O)O	5	5	4	5
cpd47918	asperparaline A	asperparaline A	name_lookup	STEREO_DIFF	RTNMRJRMTGSUAE-DWPFRNKMSA-O	RTNMRJRMTGSUAE-ASTIPKKCSA-N	139585852	C[C@@H]1CC[NH+]2C[C@@]34C[C@@]5(CC(=O)N(C)C5=O)C(C)(C)[C@H]3C[C@@]12C(=O)N4C	C[C@H]1CCN2[C@]13C[C@@H]4[C@@](C2)(C[C@@]5(C4(C)C)CC(=O)N(C5=O)C)N(C3=O)C	5	6	5	5
cpd47941	isoorientin 4'-<i>O</i>-beta;-D-glucoside	isoorientin 4'-O-glucoside	name_lookup	STEREO_DIFF	HVGLWBMWGLOBHA-KETMJRJWSA-M	HVGLWBMWGLOBHA-ZFWWAFFJSA-N	44257975	O=c1cc(-c2ccc(O[C@@H]3O[C@H](CO)[C@@H](O)[C@H](O)[C@H]3O)c(O)c2)oc2cc([O-])c([C@@H]3O[C@H](CO)[C@@H](O)[C@H](O)[C@H]3O)c(O)c12	C1=CC(=C(C=C1C2=CC(=O)C3=C(O2)C=C(C(=C3O)[C@H]4C([C@H]([C@@H](C(O4)CO)O)O)O)O)O)O[C@H]5C(C([C@@H](C(O5)CO)O)O)O	10	10	5	10
cpd48138	ditrans,octacis-undecaprenyldiphospho-(N-acetylglucosaminyl)muramic delta-lactam	ditrans,octacis-undecaprenyldiphospho-(N-acetylglucosaminyl)muramic delta-lactam	name_lookup	STEREO_DIFF	RUWRFLWOBFSGOG-NPGWLOBHSA-L	RUWRFLWOBFSGOG-HLWVPPKWSA-L	145864992	CC(=O)N[C@H]1[C@H](O[C@H]2C3OC(C)C(=O)NC3[C@@H](OP(=O)([O-])OP(=O)([O-])OC/C=C(/C)CC/C=C(/C)CC/C=C(/C)CC/C=C(/C)CC/C=C(/C)CC/C=C(/C)CC/C=C(/C)CC/C=C(/C)CC/C=C(\C)CC/C=C(\C)CCC=C(C)C)O[C@@H]2CO)O[C@H](CO)[C@@H](O)[C@@H]1O	CC1C(=O)NC2[C@H](O[C@@H]([C@H](C2O1)O[C@@H]3[C@@H]([C@H]([C@@H]([C@H](O3)CO)O)O)NC(=O)C)CO)OP(=O)([O-])OP(=O)([O-])OC/C=C(/C)\CC/C=C(/C)\CC/C=C(/C)\CC/C=C(/C)\CC/C=C(/C)\CC/C=C(/C)\CC/C=C(/C)\CC/C=C(/C)\CC/C=C(\C)/CC/C=C(\C)/CCC=C(C)C	18	23	18	23
cpd48198	(4Z,7S,8R,9E,11E,13Z,15E,17S,19Z)-8-cysteinylglycinyl-7,17-dihydroxy-docosahex-4,9,11,13,15,19-enoate	RCTR2	name_lookup	STEREO_DIFF	RJHKUGKYEOVVKD-ODERTVPDSA-M	RJHKUGKYEOVVKD-HTWGBIMLSA-N	132472321	CC/C=C\C[C@H](O)/C=C/C=C\C=C\C=C\[C@@H](SC[C@H]([NH3+])C(=O)NCC(=O)[O-])[C@@H](O)C/C=C\CCC(=O)[O-]	CC/C=C\C[C@@H](/C=C/C=C\C=CC=C[C@@H]([C@@H](C/C=C\CCC(=O)O)O)SC[C@@H](C(=O)NCC(=O)O)N)O	10	10	8	10
cpd48201	(5S,6S,7E,9E,11Z,13Z,15S,17Z)-5,6,15-trihydroxyicosa-7,9,11,13,17-pentaenoate	lipoxin A5	name_lookup	STEREO_DIFF	ZZMKOZNTEJVKRY-MCPYMSAWSA-M	ZZMKOZNTEJVKRY-FHWLQOOXSA-N	146882	CC/C=C\C[C@H](O)/C=C\C=C/C=C/C=C/[C@H](O)[C@@H](O)CCCC(=O)[O-]	CCC=CC[C@@H](C=CC=CC=CC=C[C@@H]([C@H](CCCC(=O)O)O)O)O	8	8	3	8
cpd48307	7,8-didehydro-3-methylprostreptovaricin	7,8-didehydro-3-methylprostreptovaricin	name_lookup	STEREO_DIFF	FZPBPHJIHDRREL-WWQJHQNJSA-M	FZPBPHJIHDRREL-BLMIWUBISA-N	138319377	CC1=C2NC(=O)/C(C)=C/C=C\[C@@H](C)[C@H](O)[C@@H](C)[C@@H](O)[C@@H](C)[C@H](O)[C@H](C)[C@H](O)[C@H](C)/C=C(/C)C(=O)c3c([O-])c(C)c(O)c(c3C1=O)C2=O	C[C@@H]1/C=C\C=C(\C(=O)NC2=C(C(=O)C3=C(C(=C(C(=C3C2=O)O)C)O)C(=O)/C(=C/[C@H]([C@H]([C@H]([C@H]([C@@H]([C@@H]([C@@H]([C@H]1O)C)O)C)O)C)O)C)/C)C)/C	12	12	12	12
cpd48311	7,8-didehydro-28-hydroxy-3-methylprostreptovaricin	7,8-didehydro-28-hydroxy-3-methylprostreptovaricin	name_lookup	STEREO_DIFF	QYNZTRDCLZDYCC-CPJUCZEHSA-M	QYNZTRDCLZDYCC-FAIPPYCASA-N	138319315	CC1=C2NC(=O)/C(C)=C/C=C\[C@@H](C)[C@H](O)[C@@H](C)[C@@H](O)[C@@H](C)[C@H](O)[C@H](C)[C@H](O)[C@@](C)(O)/C=C(/C)C(=O)c3c([O-])c(C)c(O)c(c3C1=O)C2=O	C[C@@H]1/C=C\C=C(\C(=O)NC2=C(C(=O)C3=C(C(=C(C(=C3C2=O)O)C)O)C(=O)/C(=C/[C@]([C@H]([C@H]([C@H]([C@@H]([C@@H]([C@@H]([C@H]1O)C)O)C)O)C)O)(C)O)/C)C)/C	12	12	12	12
cpd48313	apimaysin	apimaysin	name_lookup	STEREO_DIFF	LCQVQAZLYBJMGJ-LUSKEGLYSA-L	LCQVQAZLYBJMGJ-UHFFFAOYSA-N	194566	C[C@@H]1O[C@@H](O[C@@H]2[C@@H](O)C(=O)[C@@H](C)O[C@H]2c2c([O-])cc3oc(-c4ccc(O)cc4)cc(=O)c3c2[O-])[C@H](O)[C@H](O)[C@H]1O	CC1C(C(C(C(O1)OC2C(C(=O)C(OC2C3=C(C4=C(C=C3O)OC(=CC4=O)C5=CC=C(C=C5)O)O)C)O)O)O)O	9	9	0	9
cpd48323	protostreptovaricin IV	protostreptovaricin IV	name_lookup	STEREO_DIFF	FCFQQWYUQXFFRV-YDKOOGADSA-N	FCFQQWYUQXFFRV-PPALYFDBSA-N	138319056	COc1c(C)cc2c3c1C(=O)/C(C)=C\[C@](C)(O)[C@@H](O)[C@@H](C)[C@@H](O)[C@H](C)[C@H](O)[C@H](C)[C@@H](O)[C@H](C)/C=C\C=C(/C)C(=O)NC(=C(C)C3=O)C2=O	C[C@@H]1/C=C\C=C(\C(=O)NC2=C(C(=O)C3=C(C2=O)C=C(C(=C3C(=O)/C(=C/[C@]([C@H]([C@H]([C@H]([C@@H]([C@@H]([C@@H]([C@H]1O)C)O)C)O)C)O)(C)O)/C)OC)C)C)/C	12	12	12	12
cpd48327	6-<i>O</i>-methyl-28-dehydroxydamavaricin C	6-O-methyl-28-dehydroxydamavaricin C	name_lookup	STEREO_DIFF	ADYSLUVBNTYVHD-UZIDKVSJSA-N	ADYSLUVBNTYVHD-VJWRWTHZSA-N	138319347	COC(=O)[C@@H]1[C@H](O)[C@H](C)[C@@H](O)[C@H](C)/C=C\C=C(/C)C(=O)NC2=C(C)C(=O)c3c(c(O)c(C)c(OC)c3C(=O)/C(C)=C\[C@@H](C)[C@@H](O)[C@@H](C)[C@H]1O)C2=O	C[C@@H]1/C=C\C=C(\C(=O)NC2=C(C(=O)C3=C(C2=O)C(=C(C(=C3C(=O)/C(=C/[C@H]([C@H]([C@H]([C@H]([C@@H]([C@@H]([C@@H]([C@H]1O)C)O)C(=O)OC)O)C)O)C)/C)OC)C)O)C)/C	12	12	12	12
cpd48329	protostreptovaricin III	protostreptovaricin III	name_lookup	STEREO_DIFF	UIRHEISCQHAHSY-JXIPRUIOSA-M	UIRHEISCQHAHSY-SPDBPVFCSA-N	138319325	CC1=C2NC(=O)/C(C)=C/C=C\[C@@H](C)[C@H](O)[C@@H](C)[C@@H](O)[C@@H](C)[C@H](O)[C@H](C)[C@H](O)[C@@](C)(O)/C=C(/C)C(=O)c3c([O-])c(C)cc(c3C1=O)C2=O	C[C@@H]1/C=C\C=C(\C(=O)NC2=C(C(=O)C3=C(C2=O)C=C(C(=C3C(=O)/C(=C/[C@]([C@H]([C@H]([C@H]([C@@H]([C@@H]([C@@H]([C@H]1O)C)O)C)O)C)O)(C)O)/C)O)C)C)/C	12	12	12	12
cpd48332	protostreptovaricin V	protostreptovaricin V	name_lookup	STEREO_DIFF	HTLHRKZVFGSCIY-VUCJVVSXSA-M	HTLHRKZVFGSCIY-NBNVYIIOSA-N	138319255	CC1=C2NC(=O)/C(C)=C/C=C\[C@@H](C)[C@H](O)[C@@H](C)[C@@H](O)C[C@H](O)[C@H](C)[C@H](O)[C@H](C)/C=C(/C)C(=O)c3c([O-])c(C)cc(c3C1=O)C2=O	C[C@@H]1/C=C\C=C(\C(=O)NC2=C(C(=O)C3=C(C2=O)C=C(C(=C3C(=O)/C(=C/[C@H]([C@H]([C@H]([C@H](C[C@@H]([C@@H]([C@H]1O)C)O)O)C)O)C)/C)O)C)C)/C	11	11	11	11
cpd48339	protostreptovaricin II	protostreptovaricin II	name_lookup	STEREO_DIFF	BKIVYPUERXACBV-IPMVGKMZSA-N	BKIVYPUERXACBV-NMELBHDHSA-N	138319141	COc1c(C)cc2c3c1C(=O)/C(C)=C\[C@@H](C)[C@@H](O)[C@@H](C)[C@@H](O)[C@H](C)[C@H](O)[C@H](C)[C@@H](O)[C@H](C)/C=C\C=C(/C)C(=O)NC(=C(C)C3=O)C2=O	C[C@@H]1/C=C\C=C(\C(=O)NC2=C(C(=O)C3=C(C2=O)C=C(C(=C3C(=O)/C(=C/[C@H]([C@H]([C@H]([C@H]([C@@H]([C@@H]([C@@H]([C@H]1O)C)O)C)O)C)O)C)/C)OC)C)C)/C	12	12	12	12
cpd48348	damavaricin C	damavaricin C	name_lookup	STEREO_DIFF	JJOHNICSOMSGDB-UOPIZVOHSA-M	JJOHNICSOMSGDB-POFLQIOTSA-N	6438521	COC(=O)[C@@H]1[C@H](O)[C@H](C)[C@@H](O)[C@H](C)/C=C\C=C(/C)C(=O)NC2=C(C)C(=O)c3c(c([O-])c(C)c(O)c3C2=O)C(=O)/C(C)=C\[C@](C)(O)[C@@H](O)[C@@H](C)[C@H]1O	CC1/C=C/C=C(\C(=O)NC2=C(C(=O)C3=C(C(=C(C(=C3C2=O)O)C)O)C(=O)/C(=C\C(C(C(C(C(C(C(C1O)C)O)C(=O)OC)O)C)O)(C)O)/C)C)/C	12	12	3	12
cpd48359	1,17-dioxo-2,3-seco-androstan-3-oate	1,17-dioxo-2,3-seco-androstan-3-oate	name_lookup	STEREO_DIFF	QBDTXWLRXBEJMR-VRBUCKFRSA-M	QBDTXWLRXBEJMR-YQQVEUKQSA-M	154586071	CC(=O)[C@@]1(C)[C@H](CC(=O)[O-])CC[C@@H]2[C@@H]1CC[C@]1(C)C(=O)CC[C@@H]21	CC(=O)[C@@]1([C@H]2CC[C@]3([C@H]([C@@H]2CCC1CC(=O)[O-])CCC3=O)C)C	6	6	5	6
cpd48366	(2S)-4-ethenyl-2,3-dihydro-1H-pyrrole-2-carboxylate	3-vinyl-2,3-pyrroline-5-carboxylic acid	name_lookup	STEREO_DIFF	QDLKYOFKRMDMOG-LURJTMIESA-N	QDLKYOFKRMDMOG-UHFFFAOYSA-N	146036917	C=CC1=C[NH2+][C@H](C(=O)[O-])C1	C=CC1=C[NH2+]C(C1)C(=O)[O-]	1	1	0	1
cpd48380	2,5-norbornadiene	2,5-norbornadiene	name_lookup	STEREO_DIFF	SJYNFBVQFBRSIB-KNVOCYPGSA-N	SJYNFBVQFBRSIB-UHFFFAOYSA-N	8473	C1=C[C@H]2C=C[C@@H]1C2	C1C2C=CC1C=C2	2	2	0	2
