fold	row_id	y	pred_raw	pred_dedup	abserr_raw	abserr_dedup
1	tecrdb_4271	-12.3263	-15.823369791350217	-15.81862568589041	3.497069791350217	3.4923256858904104
1	tecrdb_4459	6.29236	4.160292333488712	4.933803241983242	2.132067666511288	1.3585567580167588
1	tecrdb_954	-5.59661	-7.698494178582273	-7.62087614790228	2.1018841785822726	2.0242661479022797
1	tecrdb_4304	1.372	6.050594912443515	6.046576662548411	4.678594912443515	4.674576662548411
1	tecrdb_2459	9.14774	8.616669551234665	8.616676407144212	0.5310704487653357	0.531063592855789
1	tecrdb_1942	2.40303	4.436878480023729	4.56781358029744	2.033848480023729	2.1647835802974393
1	tecrdb_368	12.8574	8.616669551234665	8.616676407144212	4.240730448765335	4.2407235928557885
1	tecrdb_956	-5.92566	-7.698494178582273	-7.62087614790228	1.772834178582273	1.69521614790228
1	tecrdb_2143	-4.25062	-3.831860088950563	-3.8319621726429034	0.41875991104943644	0.4186578273570962
1	tecrdb_1449	1.92498	1.4957338244975773	1.4896806369212356	0.4292461755024226	0.43529936307876427
1	tecrdb_1535	-4.62046	-2.7901334415867325	-2.8311648403972036	1.830326558413267	1.789295159602796
1	tecrdb_3994	-16.5709	-21.04478857349301	-20.98944378355702	4.4738885734930065	4.41854378355702
1	tecrdb_1130	2.71846	1.4957338244975773	1.4896806369212356	1.2227261755024226	1.2287793630787642
1	tecrdb_2913	4.12354	14.417116179693622	14.243321105081492	10.293576179693622	10.119781105081492
1	tecrdb_88	8.23694	8.616669551234665	8.616676407144212	0.37972955123466434	0.3797364071442111
1	tecrdb_2063	-3.73954	-3.9054026261115737	-3.8325569177155785	0.16586262611157387	0.09301691771557863
1	tecrdb_329	2.29931	1.4957338244975773	1.4896806369212356	0.8035761755024229	0.8096293630787645
1	tecrdb_489	29.1944	31.974100658366467	31.943001016548806	2.7797006583664654	2.748601016548804
1	tecrdb_341	13.0466	8.616669551234665	8.616676407144212	4.429930448765335	4.429923592855788
1	tecrdb_2476	8.6746	8.616669551234665	8.616676407144212	0.05793044876533493	0.057923592855788186
1	tecrdb_1333	36.5897	35.134334544159316	35.1145028584167	1.4553654558406848	1.4751971415833012
1	tecrdb_2621	-0.8341	2.624258282885151	2.082069661089765	3.458358282885151	2.9161696610897647
1	tecrdb_3325	-0.428195	0.7002731181175221	0.6821217093573466	1.1284681181175222	1.1103167093573467
1	tecrdb_526	4.89216	8.616669551234665	8.616676407144212	3.7245095512346653	3.724516407144212
1	tecrdb_282	7.89917	5.497801994913123	5.4990900093861015	2.4013680050868764	2.4000799906138983
1	tecrdb_2325	1.40923	2.624258282885151	2.082069661089765	1.215028282885151	0.6728396610897649
1	tecrdb_3572	13.1209	14.673890261305928	14.728678054318777	1.5529902613059274	1.6077780543187767
1	tecrdb_3208	-8.22546	-10.283159195122305	-10.283378281007487	2.0576991951223054	2.0579182810074865
1	tecrdb_2026	3.52589	1.4957338244975773	1.4896806369212356	2.0301561755024227	2.0362093630787643
1	tecrdb_1462	-0.65039	-6.898738487150567	-6.920860858861083	6.248348487150567	6.270470858861083
1	tecrdb_1754	-3.75594	-3.2646138049595237	-3.266601438779503	0.49132619504047614	0.4893385612204968
1	tecrdb_2164	3.28334	0.7002731181175221	0.6821217093573466	2.583066881882478	2.6012182906426533
1	tecrdb_106	18.4781	16.49435154713636	16.345341573156702	1.9837484528636402	2.1327584268432993
1	tecrdb_3266	4.18137	5.556241473710109	5.553276934949594	1.374871473710109	1.3719069349495934
1	tecrdb_2292	0.0218047	0.7002731181175221	0.6821217093573466	0.6784684181175221	0.6603170093573466
1	tecrdb_4135	-6.08311	-4.524619928022505	-4.628520524171536	1.558490071977495	1.4545894758284632
1	tecrdb_2788	-0.07647	0.05228098958767191	0.08518715712703795	0.1287509895876719	0.16165715712703793
1	tecrdb_2783	0.609824	0.05228098958767191	0.08518715712703795	0.5575430104123281	0.5246368428729621
1	tecrdb_4444	32.7812	29.04187631405061	29.005504907977475	3.739323685949387	3.7756950920225236
1	tecrdb_938	4.87391	34.65617690112822	34.5427452527029	29.782266901128217	29.6688352527029
1	tecrdb_2098	-2.87564	-3.9054026261115737	-3.8325569177155785	1.0297626261115735	0.9569169177155783
1	tecrdb_4274	-13.6402	-15.823369791350217	-15.81862568589041	2.183169791350217	2.17842568589041
1	tecrdb_3183	-10.9388	-10.499365410868101	-10.497975552904315	0.43943458913189914	0.4408244470956859
1	tecrdb_816	-0.748554	0.7002731181175221	0.6821217093573466	1.448827118117522	1.4306757093573466
1	tecrdb_1354	19.1595	16.22710528145309	16.211865273138805	2.932394718546913	2.947634726861196
1	tecrdb_4359	-3.65019	6.050594912443515	6.046576662548411	9.700784912443515	9.696766662548411
1	tecrdb_891	31.8131	27.02473298769698	27.00868948900498	4.78836701230302	4.8044105109950195
1	tecrdb_387	12.4189	-11.767094733455025	-11.600354739657803	24.185994733455026	24.019254739657804
1	tecrdb_4232	0.143152	1.4957338244975773	1.4896806369212356	1.3525818244975774	1.3465286369212357
1	tecrdb_2363	3.98973	1.10915298552613	1.1094178330045494	2.8805770144738703	2.880312166995451
1	tecrdb_3292	30.6788	26.433703756000703	26.42703046921588	4.245096243999296	4.25176953078412
1	tecrdb_3461	-15.0086	-15.823369791350217	-15.81862568589041	0.8147697913502174	0.8100256858904107
1	tecrdb_992	-0.966919	0.7002731181175221	0.6821217093573466	1.667192118117522	1.6490407093573465
1	tecrdb_3024	0.0111021	0.7002731181175221	0.6821217093573466	0.6891710181175221	0.6710196093573466
1	tecrdb_471	-11.6007	-11.353781154420517	-11.35339616989478	0.24691884557948285	0.2473038301052206
1	tecrdb_4445	33.0501	29.04187631405061	29.005504907977475	4.008223685949389	4.044595092022526
1	tecrdb_1969	2.64762	1.4957338244975773	1.4896806369212356	1.1518861755024226	1.1579393630787642
1	tecrdb_1047	-0.166247	0.7002731181175221	0.6821217093573466	0.8665201181175222	0.8483687093573467
1	tecrdb_2929	17.0047	16.22710528145309	16.211865273138805	0.7775947185469114	0.7928347268611944
1	tecrdb_1350	20.9084	16.22710528145309	16.211865273138805	4.681294718546912	4.696534726861195
1	tecrdb_2406	-1.04559	2.828155669857125	2.818199520047642	3.873745669857125	3.863789520047642
1	tecrdb_2658	1.91102	1.4957338244975773	1.4896806369212356	0.41528617550242264	0.4213393630787643
1	tecrdb_273	34.7588	116.154161925345	115.95427987637936	81.39536192534499	81.19547987637935
1	tecrdb_160	-7.99667	-5.494579829019816	-5.677337456745166	2.5020901709801837	2.319332543254834
1	tecrdb_1733	-3.54433	-3.2646138049595237	-3.266601438779503	0.2797161950404763	0.27772856122049694
1	tecrdb_3047	23.4805	27.386402504844845	27.988124773224154	3.905902504844846	4.507624773224155
1	tecrdb_1656	4.31158	6.050594912443515	6.046576662548411	1.7390149124435146	1.7349966625484106
1	tecrdb_136	-0.876064	-0.9255631562877653	-0.921147657601459	0.049499156287765356	0.04508365760145905
1	tecrdb_456	-11.9903	-11.353781154420517	-11.35339616989478	0.6365188455794826	0.6369038301052203
1	tecrdb_2835	0.261184	1.4957338244975773	1.4896806369212356	1.2345498244975772	1.2284966369212356
1	tecrdb_2989	-8.70241	-9.312850848002626	-9.312883016808925	0.6104408480026251	0.6104730168089247
1	tecrdb_2182	-5.81874	-7.577259885645862	-7.5679229200197895	1.7585198856458621	1.7491829200197895
1	tecrdb_3081	-17.5343	-15.823369791350217	-15.81862568589041	1.7109302086497848	1.7156743141095916
1	tecrdb_2175	-9.90487	-7.577259885645862	-7.5679229200197895	2.3276101143541386	2.3369470799802112
1	tecrdb_2664	19.0649	15.765430019256527	17.928848369656862	3.299469980743474	1.1360516303431396
1	tecrdb_2916	6.17145	16.22710528145309	16.211865273138805	10.055655281453088	10.040415273138805
1	tecrdb_4117	5.25604	11.331565066293912	11.331936215436322	6.075525066293912	6.075896215436322
1	tecrdb_1674	11.9629	6.050594912443515	6.046576662548411	5.912305087556485	5.916323337451589
1	tecrdb_1455	4.14092	3.4549558379791847	3.4581156548487897	0.6859641620208157	0.6828043451512107
1	tecrdb_4217	32.4379	24.615895423948793	24.61230103385869	7.8220045760512065	7.82559896614131
1	tecrdb_2978	-8.83332	-9.312850848002626	-9.312883016808925	0.479530848002625	0.47956301680892466
1	tecrdb_438	-11.3846	-11.353781154420517	-11.35339616989478	0.030818845579483778	0.03120383010522154
1	tecrdb_4283	31.6002	35.134334544159316	35.1145028584167	3.534134544159315	3.5143028584166984
1	tecrdb_3141	22.4776	26.03220945117642	25.988141598109998	3.5546094511764217	3.5105415981099988
1	tecrdb_1250	23.8546	26.03220945117642	25.988141598109998	2.1776094511764192	2.1335415981099963
1	tecrdb_1401	20.7673	26.433703756000703	26.42703046921588	5.666403756000705	5.65973046921588
1	tecrdb_1891	-5.91468	-4.524619928022505	-4.628520524171536	1.3900600719774951	1.2861594758284633
1	tecrdb_3157	-10.1206	-10.499365410868101	-10.497975552904315	0.3787654108681018	0.377375552904315
1	tecrdb_4437	28.8054	29.04187631405061	29.005504907977475	0.23647631405061276	0.20010490797747593
1	tecrdb_3291	30.0086	26.433703756000703	26.42703046921588	3.574896243999298	3.5815695307841224
1	tecrdb_2591	28.2927	24.891560813152033	24.721482572647957	3.401139186847967	3.5712174273520425
1	tecrdb_4058	16.2029	11.227448303473125	11.087732485126665	4.975451696526875	5.115167514873335
1	tecrdb_4374	2.11709	4.256340742614228	4.256677874174912	2.1392507426142275	2.1395878741749117
1	tecrdb_2145	-4.79432	-3.831860088950563	-3.8319621726429034	0.9624599110494367	0.9623578273570965
1	tecrdb_3129	-12.4703	-13.865606791335054	-13.96035820130912	1.395306791335054	1.49005820130912
1	tecrdb_1869	12.3002	-1.0332819721630742	-1.0512526261674395	13.333481972163074	13.35145262616744
1	tecrdb_3783	29.0792	35.134334544159316	35.1145028584167	6.055134544159316	6.035302858416699
1	tecrdb_2994	-0.25089	0.7002731181175221	0.6821217093573466	0.9511631181175222	0.9330117093573467
1	tecrdb_1606	-1.04559	0.765160836530498	0.7666062433831939	1.810750836530498	1.812196243383194
1	tecrdb_1091	12.787	13.23591197584443	13.244559952560358	0.44891197584443	0.45755995256035753
1	tecrdb_2537	-8.43365	-14.466390095534166	-14.445444704431964	6.032740095534166	6.0117947044319635
1	tecrdb_3933	24.9242	-81.17417634293244	-80.88405326764283	106.09837634293244	105.80825326764283
1	tecrdb_2876	2.90331	2.828155669857125	2.818199520047642	0.07515433014287476	0.08511047995235765
1	tecrdb_4254	14.6421	8.616669551234665	8.616676407144212	6.025430448765334	6.0254235928557875
1	tecrdb_3167	-10.3719	-10.499365410868101	-10.497975552904315	0.12746541086810126	0.1260755529043145
1	tecrdb_2321	1.86136	2.624258282885151	2.082069661089765	0.7628982828851512	0.22070966108976497
1	tecrdb_2190	-6.47133	-7.577259885645862	-7.5679229200197895	1.1059298856458621	1.0965929200197895
1	tecrdb_2695	-0.521785	1.4957338244975773	1.4896806369212356	2.0175188244975772	2.0114656369212356
1	tecrdb_183	8.95379	7.714135202043856	7.719704964833234	1.2396547979561436	1.2340850351667658
1	tecrdb_3526	-16.3254	-15.823369791350217	-15.81862568589041	0.5020302086497814	0.5067743141095882
1	tecrdb_1202	-1.71828	-10.411391483169638	-10.248712864830452	8.693111483169638	8.530432864830452
1	tecrdb_3559	2.50604	0.7002731181175221	0.6821217093573466	1.805766881882478	1.8239182906426534
1	tecrdb_2675	0.718399	1.4957338244975773	1.4896806369212356	0.7773348244975773	0.7712816369212356
1	tecrdb_1770	-4.62384	-3.2646138049595237	-3.266601438779503	1.3592261950404767	1.3572385612204974
1	tecrdb_121	17.9246	16.49435154713636	16.345341573156702	1.4302484528636406	1.5792584268432996
1	tecrdb_2179	-7.14027	-7.577259885645862	-7.5679229200197895	0.43698988564586205	0.4276529200197894
1	tecrdb_3774	2.7545	5.764120417475624	5.764248303673341	3.009620417475624	3.009748303673341
1	tecrdb_1888	-6.11179	-4.524619928022505	-4.628520524171536	1.5871700719774955	1.4832694758284637
1	tecrdb_1766	-3.68408	-3.2646138049595237	-3.266601438779503	0.4194661950404761	0.41747856122049676
1	tecrdb_1075	0.0442153	1.4957338244975773	1.4896806369212356	1.4515185244975772	1.4454653369212356
1	tecrdb_4161	7.69886	2.935956798827064	2.935954667809952	4.762903201172936	4.762905332190048
1	tecrdb_2858	4.36654	3.4549558379791847	3.4581156548487897	0.9115841620208149	0.90842434515121
1	tecrdb_4362	3.71988	6.050594912443515	6.046576662548411	2.330714912443515	2.326696662548411
1	tecrdb_3539	-20.4205	-15.823369791350217	-15.81862568589041	4.597130208649784	4.60187431410959
1	tecrdb_3264	4.00826	5.556241473710109	5.553276934949594	1.5479814737101094	1.5450169349495937
1	tecrdb_171	4.19045	3.4549558379791847	3.4581156548487897	0.7354941620208155	0.7323343451512105
1	tecrdb_1154	3.75346	1.4957338244975773	1.4896806369212356	2.2577261755024227	2.2637793630787644
1	tecrdb_935	-12.1213	-13.865606791335054	-13.96035820130912	1.7443067913350543	1.8390582013091201
1	tecrdb_269	19.6567	-5.7582880159228225	-5.663237100100794	25.414988015922823	25.319937100100795
1	tecrdb_1392	22.2008	24.891560813152033	24.721482572647957	2.690760813152032	2.5206825726479565
1	tecrdb_1053	-12.1213	-13.865606791335054	-13.96035820130912	1.7443067913350543	1.8390582013091201
1	tecrdb_2353	-14.9735	-10.43803891762309	-11.253712869142646	4.53546108237691	3.7197871308573536
1	tecrdb_856	-6.95487	-7.317066325921047	-7.316915972509776	0.36219632592104745	0.362045972509776
1	tecrdb_355	12.5317	8.616669551234665	8.616676407144212	3.915030448765336	3.915023592855789
1	tecrdb_716	-15.0832	-17.62816914928024	-17.627093477862587	2.5449691492802398	2.5438934778625875
1	tecrdb_4399	0.390186	-7.698494178582273	-7.62087614790228	8.088680178582273	8.01106214790228
1	tecrdb_2667	5.82231	11.487872957081635	11.487930889735757	5.665562957081635	5.665620889735758
1	tecrdb_717	-19.3251	-17.62816914928024	-17.627093477862587	1.6969308507197596	1.6980065221374119
1	tecrdb_2710	-15.9737	-16.15984611196569	-17.681073515205043	0.18614611196569264	1.7073735152050435
1	tecrdb_1862	6.14022	8.248675085340622	8.131986186397654	2.108455085340622	1.991766186397654
1	tecrdb_3128	-10.2713	-8.40968770096083	-8.507552267454315	1.8616122990391695	1.763747732545685
1	tecrdb_1467	18.7594	24.891560813152033	24.721482572647957	6.1321608131520335	5.962082572647958
1	tecrdb_3728	-0.592513	16.22710528145309	16.211865273138805	16.81961828145309	16.804378273138806
1	tecrdb_2984	-9.2779	-9.312850848002626	-9.312883016808925	0.034950848002624824	0.03498301680892446
1	tecrdb_2660	4.50351	5.075261818665766	5.07532686099956	0.5717518186657653	0.5718168609995598
1	tecrdb_370	12.8758	8.616669551234665	8.616676407144212	4.259130448765335	4.259123592855788
1	tecrdb_472	-11.9395	-11.353781154420517	-11.35339616989478	0.5857188455794837	0.5861038301052215
1	tecrdb_2962	-9.32759	-9.312850848002626	-9.312883016808925	0.014739151997375188	0.014706983191075551
1	tecrdb_1156	5.23547	1.4957338244975773	1.4896806369212356	3.739736175502423	3.7457893630787646
1	tecrdb_3940	-15.4757	-15.823369791350217	-15.81862568589041	0.34766979135021714	0.3429256858904104
1	tecrdb_963	-6.90024	-7.698494178582273	-7.62087614790228	0.7982541785822725	0.7206361479022796
1	tecrdb_715	-14.7189	-17.62816914928024	-17.627093477862587	2.90926914928024	2.9081934778625875
1	tecrdb_2096	-4.063	-3.9054026261115737	-3.8325569177155785	0.15759737388842598	0.23044308228442123
1	tecrdb_1724	-3.77763	-3.2646138049595237	-3.266601438779503	0.5130161950404761	0.5110285612204968
1	tecrdb_49	11.416	11.362787851633051	11.43736818900565	0.05321214836694921	0.021368189005649185
1	tecrdb_2506	-14.1559	-17.491168792746507	-17.505990774497718	3.335268792746506	3.3500907744977173
1	tecrdb_3765	4.61475	4.131791334892739	4.283356503593325	0.4829586651072608	0.33139349640667515
1	tecrdb_2574	4.74946	1.1665027253391926	1.0690563297705014	3.5829572746608074	3.6804036702294987
1	tecrdb_3796	18.3648	23.362820962079155	23.276422213326356	4.998020962079156	4.911622213326357
1	tecrdb_979	-5.52424	-7.698494178582273	-7.62087614790228	2.174254178582273	2.09663614790228
1	tecrdb_429	-11.5055	-11.353781154420517	-11.35339616989478	0.15171884557948268	0.15210383010522044
1	tecrdb_2829	21.7297	18.78410439485097	19.763143176294818	2.9455956051490304	1.966556823705183
1	tecrdb_4218	27.1913	24.615895423948793	24.61230103385869	2.5754045760512057	2.5789989661413095
1	tecrdb_240	5.17636	6.111845988806309	6.150975554804525	0.9354859888063087	0.974615554804525
1	tecrdb_4132	-1.51158	9.658180394870271	9.609737580966538	11.169760394870272	11.121317580966538
1	tecrdb_975	-6.31846	-7.698494178582273	-7.62087614790228	1.3800341785822727	1.3024161479022798
1	tecrdb_1940	3.56579	4.436878480023729	4.56781358029744	0.8710884800237295	1.0020235802974398
1	tecrdb_1074	1.44052	1.4957338244975773	1.4896806369212356	0.05521382449757728	0.04916063692123562
1	tecrdb_683	30.6694	35.134334544159316	35.1145028584167	4.464934544159316	4.4451028584167
1	tecrdb_1941	4.56896	4.436878480023729	4.56781358029744	0.13208151997627038	0.0011464197025601308
1	tecrdb_86	13.4645	8.616669551234665	8.616676407144212	4.847830448765334	4.847823592855788
1	tecrdb_481	-11.1557	-11.353781154420517	-11.35339616989478	0.19808115442051744	0.19769616989477967
1	tecrdb_1704	12.0615	6.050594912443515	6.046576662548411	6.010905087556486	6.01492333745159
1	tecrdb_2792	-1.3444	0.05228098958767191	0.08518715712703795	1.396680989587672	1.429587157127038
1	tecrdb_4426	10.3958	12.865976929839917	12.865555165965162	2.4701769298399174	2.4697551659651626
1	tecrdb_446	-11.7838	-11.353781154420517	-11.35339616989478	0.43001884557948244	0.4304038301052202
1	tecrdb_2104	-3.61007	-3.9054026261115737	-3.8325569177155785	0.29533262611157385	0.2224869177155786
1	tecrdb_3947	-6.76153	-15.823369791350217	-15.81862568589041	9.061839791350216	9.05709568589041
1	tecrdb_3674	-10.6151	-10.499365410868101	-10.497975552904315	0.1157345891318986	0.11712444709568537
1	tecrdb_4367	-4.3405	6.050594912443515	6.046576662548411	10.391094912443513	10.38707666254841
1	tecrdb_1201	-4.75197	-10.411391483169638	-10.248712864830452	5.659421483169638	5.496742864830452
1	tecrdb_357	12.4567	8.616669551234665	8.616676407144212	3.8400304487653347	3.840023592855788
1	tecrdb_4028	-0.848088	8.616669551234665	8.616676407144212	9.464757551234666	9.464764407144212
1	tecrdb_3492	7.68748	7.507373542248956	7.507359971254395	0.1801064577510436	0.18012002874560462
1	tecrdb_2203	-3.8494	1.1802024307548464	1.180175856283256	5.029602430754847	5.029575856283256
1	tecrdb_4192	6.2876	2.935956798827064	2.935954667809952	3.3516432011729362	3.3516453321900483
1	tecrdb_1901	-6.06678	-4.524619928022505	-4.628520524171536	1.542160071977495	1.4382594758284633
1	tecrdb_4308	1.54635	6.050594912443515	6.046576662548411	4.504244912443514	4.50022666254841
1	tecrdb_1442	-0.144446	1.4957338244975773	1.4896806369212356	1.6401798244975774	1.6341266369212357
1	tecrdb_4009	2.55882	8.616669551234665	8.616676407144212	6.057849551234665	6.057856407144212
1	tecrdb_4306	2.84587	6.050594912443515	6.046576662548411	3.2047249124435147	3.2007066625484106
1	tecrdb_4411	12.8676	14.673890261305928	14.728678054318777	1.8062902613059286	1.861078054318778
1	tecrdb_2732	3.7899	-0.6683429381872017	-0.538727139667019	4.458242938187201	4.328627139667018
1	tecrdb_3324	-0.540439	0.7002731181175221	0.6821217093573466	1.2407121181175222	1.2225607093573467
1	tecrdb_85	9.57679	7.507373542248956	7.507359971254395	2.0694164577510445	2.0694300287456056
1	tecrdb_2162	-0.245779	-0.24540043294004477	-0.2465357633095735	0.00037856705995523154	0.0007567633095734994
1	tecrdb_2836	0.452959	1.4957338244975773	1.4896806369212356	1.0427748244975774	1.0367216369212358
1	tecrdb_689	22.0157	20.71795314282234	20.686039535422722	1.2977468571776605	1.3296604645772767
1	tecrdb_2074	-3.19595	-3.9054026261115737	-3.8325569177155785	0.7094526261115739	0.6366069177155786
1	tecrdb_2939	11.1479	16.22710528145309	16.211865273138805	5.079205281453088	5.063965273138805
1	tecrdb_3791	21.7474	23.362820962079155	23.276422213326356	1.6154209620791562	1.529022213326357
1	tecrdb_3418	-12.661	-15.823369791350217	-15.81862568589041	3.1623697913502173	3.1576256858904106
1	tecrdb_94	18.2759	16.49435154713636	16.345341573156702	1.781548452863639	1.930558426843298
1	tecrdb_2348	17.4129	15.02651984108062	15.014124434806646	2.38638015891938	2.398775565193354
1	tecrdb_2411	-7.00047	119.48846581870052	119.33222982307937	126.48893581870053	126.33269982307937
1	tecrdb_828	12.4921	16.49435154713636	16.345341573156702	4.00225154713636	3.8532415731567013
1	tecrdb_4471	21.3461	21.988931376156188	22.022679029901923	0.6428313761561881	0.676579029901923
1	tecrdb_1395	25.4416	24.891560813152033	24.721482572647957	0.5500391868479682	0.7201174273520436
1	tecrdb_2097	-4.02908	-3.9054026261115737	-3.8325569177155785	0.1236773738884267	0.19652308228442195
1	tecrdb_3917	-0.264006	0.6462465343462895	0.6387460856224365	0.9102525343462895	0.9027520856224365
1	tecrdb_2076	-3.33537	-3.9054026261115737	-3.8325569177155785	0.5700326261115736	0.4971869177155783
1	tecrdb_2416	-11.6523	-36.98218422604353	-37.04928459107981	25.32988422604353	25.39698459107981
1	tecrdb_1445	2.9846	1.4957338244975773	1.4896806369212356	1.4888661755024226	1.4949193630787643
1	tecrdb_4383	13.7347	11.362787851633051	11.43736818900565	2.371912148366949	2.2973318109943506
1	tecrdb_3265	5.12344	5.556241473710109	5.553276934949594	0.4328014737101089	0.4298369349495932
1	tecrdb_527	5.46759	8.616669551234665	8.616676407144212	3.1490795512346645	3.1490864071442113
1	tecrdb_3434	-12.4145	-15.823369791350217	-15.81862568589041	3.4088697913502166	3.40412568589041
1	tecrdb_186	2.26581	8.616669551234665	8.616676407144212	6.350859551234665	6.350866407144212
1	tecrdb_4310	3.4942	2.828155669857125	2.818199520047642	0.6660443301428751	0.676000479952358
1	tecrdb_949	-5.66046	-7.698494178582273	-7.62087614790228	2.038034178582273	1.9604161479022801
1	tecrdb_2147	-4.15549	-3.831860088950563	-3.8319621726429034	0.32362991104943717	0.32352782735709695
1	tecrdb_4228	0.0442153	1.4957338244975773	1.4896806369212356	1.4515185244975772	1.4454653369212356
1	tecrdb_2473	8.66715	8.616669551234665	8.616676407144212	0.05048044876533453	0.050473592855787786
1	tecrdb_3412	-15.3507	-15.823369791350217	-15.81862568589041	0.47266979135021714	0.4679256858904104
1	tecrdb_4019	5.34419	8.616669551234665	8.616676407144212	3.2724795512346647	3.2724864071442115
1	tecrdb_3211	-10.5247	-10.283159195122305	-10.283378281007487	0.24154080487769392	0.24132171899251276
1	tecrdb_1430	11.6075	8.60209575903852	8.601771180169429	3.0054042409614805	3.005728819830571
1	tecrdb_1206	20.0503	77.89863280189398	77.84734508782576	57.84833280189398	57.79704508782576
1	tecrdb_1735	-3.52279	-3.2646138049595237	-3.266601438779503	0.2581761950404764	0.25618856122049705
1	tecrdb_1659	3.0516	6.050594912443515	6.046576662548411	2.9989949124435147	2.9949766625484107
1	tecrdb_3847	3.77257	1.4957338244975773	1.4896806369212356	2.2768361755024227	2.2828893630787643
1	tecrdb_91	11.1057	16.22710528145309	16.211865273138805	5.121405281453088	5.106165273138805
1	tecrdb_2757	20.1761	11.878375427911351	11.877685272382351	8.29772457208865	8.29841472761765
1	tecrdb_480	-11.475	-11.353781154420517	-11.35339616989478	0.1212188455794827	0.12160383010522047
1	tecrdb_2602	0.243986	1.1770280937188602	0.9940907876656411	0.9330420937188602	0.750104787665641
1	tecrdb_3741	-32.5389	-38.02314608937033	-38.34816613490216	5.48424608937033	5.80926613490216
1	tecrdb_4022	0.322208	8.616669551234665	8.616676407144212	8.294461551234665	8.294468407144212
1	tecrdb_2425	3.84528	2.513148382946923	2.520811833810768	1.3321316170530766	1.3244681661892317
1	tecrdb_2863	3.46564	3.4549558379791847	3.4581156548487897	0.010684162020815346	0.007524345151210365
1	tecrdb_933	-12.55	-4.448368684006141	-4.577758317335622	8.10163131599386	7.972241682664379
1	tecrdb_2025	1.26207	1.4957338244975773	1.4896806369212356	0.23366382449757728	0.22761063692123562
1	tecrdb_2289	-0.325271	0.7002731181175221	0.6821217093573466	1.025544118117522	1.0073927093573465
1	tecrdb_4476	3.56777	0.7002731181175221	0.6821217093573466	2.8674968818824778	2.8856482906426533
1	tecrdb_4016	0.626254	8.616669551234665	8.616676407144212	7.990415551234665	7.990422407144211
1	tecrdb_235	-2.62596	-1.3182565995685351	-1.2487050841117764	1.307703400431465	1.3772549158882237
1	tecrdb_2807	-1.21201	-0.703951261296794	-0.7475758243805899	0.5080587387032061	0.46443417561941014
1	tecrdb_2987	-9.49762	-9.312850848002626	-9.312883016808925	0.18476915199737398	0.18473698319107434
1	tecrdb_794	-4.03882	-3.2646138049595237	-3.266601438779503	0.7742061950404766	0.7722185612204973
1	tecrdb_4317	-2.36287	2.828155669857125	2.818199520047642	5.191025669857125	5.181069520047642
1	tecrdb_3719	3.19468	2.894418939086979	2.892624913181283	0.3002610609130212	0.30205508681871684
1	tecrdb_3644	15.7159	8.616669551234665	8.616676407144212	7.099230448765335	7.099223592855788
1	tecrdb_3856	6.29236	7.039809327789786	7.039739283168377	0.747449327789786	0.7473792831683763
1	tecrdb_3424	-12.0431	-15.823369791350217	-15.81862568589041	3.780269791350216	3.7755256858904094
1	tecrdb_201	7.55083	8.616669551234665	8.616676407144212	1.0658395512346646	1.0658464071442113
1	tecrdb_2820	21.1824	18.78410439485097	19.763143176294818	2.3982956051490305	1.419256823705183
1	tecrdb_1997	1.97947	1.4957338244975773	1.4896806369212356	0.48373617550242276	0.4897893630787644
1	tecrdb_3385	-5.3941	-3.1554265974234212	-3.062030194118144	2.2386734025765787	2.332069805881856
1	tecrdb_1113	1.93038	1.4957338244975773	1.4896806369212356	0.4346461755024227	0.44069936307876434
1	tecrdb_27	-11.2853	-15.588869483118827	-15.536637849702174	4.303569483118828	4.251337849702175
1	tecrdb_1417	2.11709	2.828155669857125	2.818199520047642	0.7110656698571249	0.701109520047642
1	tecrdb_1099	3.61114	1.4957338244975773	1.4896806369212356	2.1154061755024225	2.121459363078764
1	tecrdb_2150	-4.29687	-3.831860088950563	-3.8319621726429034	0.465009911049437	0.4649078273570968
1	tecrdb_3347	-0.646027	2.624258282885151	2.082069661089765	3.270285282885151	2.728096661089765
1	tecrdb_3030	3.36642	2.828155669857125	2.818199520047642	0.5382643301428751	0.548220479952358
1	tecrdb_177	6.7759	9.494178884466624	9.54082632893465	2.718278884466624	2.7649263289346493
1	tecrdb_4282	-11.2126	-15.823369791350217	-15.81862568589041	4.610769791350217	4.60602568589041
1	tecrdb_961	-7.09068	-7.698494178582273	-7.62087614790228	0.6078141785822728	0.5301961479022799
1	tecrdb_1718	11.4793	11.970226541440425	11.970445024642572	0.4909265414404249	0.4911450246425719
1	tecrdb_185	-4.35795	-11.767094733455025	-11.600354739657803	7.409144733455025	7.242404739657803
1	tecrdb_2741	-3.25487	-3.2646138049595237	-3.266601438779503	0.00974380495952376	0.011731438779503112
1	tecrdb_3827	5.96094	5.764120417475624	5.764248303673341	0.19681958252437592	0.19669169632665895
1	tecrdb_4234	0.04684	1.4957338244975773	1.4896806369212356	1.4488938244975773	1.4428406369212357
1	tecrdb_2581	-2.76707	-2.892560216791715	-3.104818286118281	0.1254902167917149	0.337748286118281
1	tecrdb_4263	-0.373838	0.7002731181175221	0.6821217093573466	1.0741111181175222	1.0559597093573467
1	tecrdb_3321	0.29092	0.7002731181175221	0.6821217093573466	0.4093531181175221	0.3912017093573466
1	tecrdb_740	-1.27127	-8.856224872398485	-8.81636533500567	7.584954872398486	7.545095335005671
1	tecrdb_4338	0.0270034	0.7002731181175221	0.6821217093573466	0.6732697181175221	0.6551183093573466
1	tecrdb_4193	3.40699	2.935956798827064	2.935954667809952	0.4710332011729359	0.471035332190048
1	tecrdb_354	12.6938	8.616669551234665	8.616676407144212	4.077130448765335	4.077123592855788
1	tecrdb_2174	-8.75557	-7.577259885645862	-7.5679229200197895	1.1783101143541383	1.187647079980211
1	tecrdb_2259	-14.6503	-14.722171034346928	-14.726865933098594	0.07187103434692865	0.07656593309859439
1	tecrdb_2444	0.261184	1.1770280937188602	0.9940907876656411	0.9158440937188601	0.732906787665641
1	tecrdb_2254	-14.3355	-14.722171034346928	-14.726865933098594	0.3866710343469286	0.39136593309859435
1	tecrdb_1219	-25.5245	-14.608038661764652	-14.880186434657823	10.916461338235347	10.644313565342177
1	tecrdb_1756	-3.84588	-3.2646138049595237	-3.266601438779503	0.5812661950404765	0.5792785612204971
1	tecrdb_1026	6.45779	4.131791334892739	4.283356503593325	2.325998665107261	2.1744334964066754
1	tecrdb_2838	1.26631	1.4957338244975773	1.4896806369212356	0.22942382449757726	0.2233706369212356
1	tecrdb_3919	0.533202	0.6462465343462895	0.6387460856224365	0.11304453434628958	0.10554408562243656
1	tecrdb_3104	-23.284	-15.823369791350217	-15.81862568589041	7.460630208649782	7.465374314109589
1	tecrdb_3098	-20.4138	-15.823369791350217	-15.81862568589041	4.5904302086497815	4.595174314109588
1	tecrdb_2719	-9.5763	51.7333085208858	53.613550210154855	61.3096085208858	63.18985021015486
1	tecrdb_2300	7.40396	8.616669551234665	8.616676407144212	1.2127095512346653	1.212716407144212
1	tecrdb_812	-4.57712	-4.014523910098319	-4.017708068432711	0.5625960899016809	0.559411931567289
1	tecrdb_4369	3.42667	6.050594912443515	6.046576662548411	2.6239249124435147	2.6199066625484106
1	tecrdb_4260	-0.966919	0.7002731181175221	0.6821217093573466	1.667192118117522	1.6490407093573465
1	tecrdb_1096	14.9538	20.90179482466987	20.901088929059192	5.9479948246698715	5.947288929059193
1	tecrdb_4526	13.861	16.876524416392478	16.876730086834513	3.015524416392477	3.0157300868345125
1	tecrdb_2819	21.5412	18.78410439485097	19.763143176294818	2.757095605149029	1.7780568237051817
1	tecrdb_295	2.7224	1.4957338244975773	1.4896806369212356	1.2266661755024226	1.2327193630787643
1	tecrdb_50	0.469649	1.4957338244975773	1.4896806369212356	1.0260848244975773	1.0200316369212357
1	tecrdb_2265	5.80373	-164.1395850563058	-164.39137260100202	169.9433150563058	170.19510260100202
1	tecrdb_2799	0.360277	0.05228098958767191	0.08518715712703795	0.3079960104123281	0.27508984287296206
1	tecrdb_3700	-15.8292	-10.499365410868101	-10.497975552904315	5.329834589131899	5.3312244470956855
1	tecrdb_36	-16.1982	-15.588869483118827	-15.536637849702174	0.6093305168811725	0.6615621502978257
1	tecrdb_2252	-14.6682	-14.722171034346928	-14.726865933098594	0.05397103434692774	0.05866593309859347
1	tecrdb_723	5.1155	9.658180394870271	9.609737580966538	4.542680394870271	4.494237580966538
1	tecrdb_1691	4.00415	6.050594912443515	6.046576662548411	2.0464449124435147	2.0424266625484107
1	tecrdb_497	21.6669	31.974100658366467	31.943001016548806	10.307200658366469	10.276101016548807
1	tecrdb_3912	2.61428	2.1220204303116894	2.100577960171748	0.4922595696883105	0.5137020398282521
1	tecrdb_981	2.93551	4.8006254354454825	4.8393161132108276	1.8651154354454826	1.9038061132108277
1	tecrdb_1843	20.714	20.349000161922802	20.34983485677499	0.36499983807719616	0.3641651432250086
1	tecrdb_1721	17.5037	14.889191985078234	14.889872090466568	2.614508014921764	2.6138279095334305
1	tecrdb_958	-5.87809	-7.698494178582273	-7.62087614790228	1.8204041785822724	1.7427861479022795
1	tecrdb_2362	-0.622218	-1.2410331510196215	-1.2813156736984013	0.6188151510196215	0.6590976736984012
1	tecrdb_2091	-3.89884	-3.9054026261115737	-3.8325569177155785	0.006562626111573877	0.06628308228442137
1	tecrdb_3472	-11.6914	-15.823369791350217	-15.81862568589041	4.131969791350217	4.12722568589041
1	tecrdb_93	17.6716	16.22710528145309	16.211865273138805	1.4444947185469132	1.4597347268611962
1	tecrdb_1986	2.63096	1.4957338244975773	1.4896806369212356	1.1352261755024227	1.1412793630787643
1	tecrdb_1297	24.4059	16.22710528145309	16.211865273138805	8.17879471854691	8.194034726861194
1	tecrdb_2487	9.47169	8.616669551234665	8.616676407144212	0.8550204487653357	0.8550135928557889
1	tecrdb_3577	13.5871	14.673890261305928	14.728678054318777	1.0867902613059286	1.141578054318778
1	tecrdb_1106	1.89818	1.4957338244975773	1.4896806369212356	0.4024461755024227	0.40849936307876433
1	tecrdb_1227	-0.279855	0.7002731181175221	0.6821217093573466	0.9801281181175221	0.9619767093573466
1	tecrdb_3470	-17.4284	-15.823369791350217	-15.81862568589041	1.605030208649783	1.6097743141095897
1	tecrdb_2651	13.5647	11.362787851633051	11.43736818900565	2.201912148366949	2.1273318109943506
1	tecrdb_2451	1.50319	3.4342210433984235	3.452698974777853	1.9310310433984235	1.949508974777853
1	tecrdb_3425	-11.0275	-15.823369791350217	-15.81862568589041	4.795869791350217	4.79112568589041
1	tecrdb_1220	-14.7898	-14.608038661764652	-14.880186434657823	0.18176133823534713	0.09038643465782314
1	tecrdb_2480	10.3597	8.616669551234665	8.616676407144212	1.7430304487653352	1.7430235928557885
1	tecrdb_3175	-10.1102	-10.499365410868101	-10.497975552904315	0.38916541086810064	0.38777555290431387
1	tecrdb_1028	10.2664	4.131791334892739	4.283356503593325	6.134608665107262	5.983043496406676
1	tecrdb_300	-0.515367	1.4957338244975773	1.4896806369212356	2.011100824497577	2.0050476369212356
1	tecrdb_2234	-1.71828	-4.677652690572273	-4.678241982822499	2.9593726905722733	2.959961982822499
1	tecrdb_1177	0.686849	1.4957338244975773	1.4896806369212356	0.8088848244975773	0.8028316369212356
1	tecrdb_1697	9.25265	6.050594912443515	6.046576662548411	3.2020550875564844	3.2060733374515884
1	tecrdb_4029	-0.848088	8.616669551234665	8.616676407144212	9.464757551234666	9.464764407144212
1	tecrdb_2738	-2.71541	-3.2646138049595237	-3.266601438779503	0.5492038049595238	0.5511914387795032
1	tecrdb_2889	0.47573	0.7002731181175221	0.6821217093573466	0.22454311811752214	0.20639170935734663
1	tecrdb_4166	4.20279	2.935956798827064	2.935954667809952	1.2668332011729362	1.2668353321900483
1	tecrdb_1719	-4.15031	-6.898738487150567	-6.920860858861083	2.7484284871505666	2.7705508588610828
1	tecrdb_761	9.98966	7.325565876279612	7.321370467420714	2.664094123720389	2.668289532579287
1	tecrdb_1945	0.0286152	4.436878480023729	4.56781358029744	4.408263280023729	4.53919838029744
1	tecrdb_718	-18.6624	-17.62816914928024	-17.627093477862587	1.0342308507197622	1.0353065221374145
1	tecrdb_3683	-10.1723	-10.499365410868101	-10.497975552904315	0.3270654108681015	0.3256755529043147
1	tecrdb_2811	-3.68968	-3.2646138049595237	-3.266601438779503	0.4250661950404764	0.42307856122049703
1	tecrdb_817	0.217099	0.7002731181175221	0.6821217093573466	0.48317411811752214	0.46502270935734663
1	tecrdb_2753	7.46616	5.848476021867867	5.473199386467087	1.617683978132133	1.9929606135329134
1	tecrdb_2948	-9.82491	-9.312850848002626	-9.312883016808925	0.5120591519973736	0.512026983191074
1	tecrdb_2743	-0.213179	0.7002731181175221	0.6821217093573466	0.9134521181175221	0.8953007093573466
1	tecrdb_2648	13.4055	11.362787851633051	11.43736818900565	2.042712148366949	1.9681318109943504
1	tecrdb_3825	4.33495	5.764120417475624	5.764248303673341	1.429170417475624	1.4292983036733409
1	tecrdb_1281	4.46478	3.4549558379791847	3.4581156548487897	1.0098241620208155	1.0066643451512105
1	tecrdb_1516	-3.69922	-3.2646138049595237	-3.266601438779503	0.43460619504047626	0.4326185612204969
1	tecrdb_1427	3.1201	8.60209575903852	8.601771180169429	5.4819957590385195	5.481671180169429
1	tecrdb_2004	2.22236	1.4957338244975773	1.4896806369212356	0.7266261755024228	0.7326793630787645
1	tecrdb_3805	5.82017	8.616669551234665	8.616676407144212	2.796499551234665	2.7965064071442116
1	tecrdb_4388	13.4055	11.362787851633051	11.43736818900565	2.042712148366949	1.9681318109943504
1	tecrdb_1128	1.5367	1.4957338244975773	1.4896806369212356	0.04096617550242265	0.04701936307876431
1	tecrdb_2777	1.64246	0.05228098958767191	0.08518715712703795	1.5901790104123281	1.557272842872962
1	tecrdb_1540	2.18656	1.4957338244975773	1.4896806369212356	0.6908261755024228	0.6968793630787644
1	tecrdb_2769	-1.3154	0.05228098958767191	0.08518715712703795	1.3676809895876718	1.4005871571270379
1	tecrdb_458	-10.9725	-11.353781154420517	-11.35339616989478	0.3812811544205168	0.38089616989477904
1	tecrdb_1071	0.0494673	1.4957338244975773	1.4896806369212356	1.4462665244975772	1.4402133369212355
1	tecrdb_383	-8.8177	-7.903089040710633	-7.903436939099052	0.9146109592893676	0.9142630609009483
2	tecrdb_2928	17.396	16.796480431965378	16.783259330721734	0.5995195680346228	0.6127406692782671
2	tecrdb_213	3.03465	8.582177653838698	8.582185862071555	5.547527653838698	5.5475358620715545
2	tecrdb_1299	15.4057	5.823345845746317	5.8234985562828285	9.582354154253682	9.582201443717171
2	tecrdb_3078	-23.9502	-15.616959157261405	-15.611097720762118	8.333240842738594	8.339102279237881
2	tecrdb_2722	-2.36867	-2.5259219078358512	-2.525889328930333	0.1572519078358514	0.1572193289303332
2	tecrdb_2761	23.4987	24.60568272466785	24.55199095371578	1.1069827246678514	1.0532909537157806
2	tecrdb_2197	6.16769	0.47143354707360885	0.47148361730435084	5.6962564529263915	5.6962063826956495
2	tecrdb_2083	-3.82577	-3.9084523028648164	-3.841866657081326	0.08268230286481648	0.016096657081325905
2	tecrdb_40	-14.3256	-15.751281698838511	-15.680021700159443	1.4256816988385115	1.3544217001594436
2	tecrdb_3554	11.3672	8.582177653838698	8.582185862071555	2.785022346161302	2.785014137928446
2	tecrdb_3689	-15.6822	-10.625996264504018	-10.625186061602605	5.056203735495982	5.057013938397395
2	tecrdb_417	-3.17199	-2.6845689113289737	-2.85701731784674	0.4874210886710264	0.31497268215326013
2	tecrdb_1183	1.08703	1.5641369353808727	1.5594960284632862	0.4771069353808728	0.4724660284632862
2	tecrdb_2960	-9.4778	-9.250170015900167	-9.25016360923064	0.22762998409983304	0.22763639076936037
2	tecrdb_2656	2.29506	1.5641369353808727	1.5594960284632862	0.7309230646191271	0.7355639715367137
2	tecrdb_4350	2.7634	5.737237938344585	5.734237000792682	2.9738379383445848	2.970837000792682
2	tecrdb_3545	-16.759	-15.616959157261405	-15.611097720762118	1.142040842738595	1.1479022792378828
2	tecrdb_3891	24.2844	23.971821617648217	23.927490557827575	0.31257838235178426	0.3569094421724266
2	tecrdb_3914	3.13475	1.865250075266399	1.8518354142741806	1.269499924733601	1.2829145857258193
2	tecrdb_524	5.26118	8.582177653838698	8.582185862071555	3.320997653838698	3.321005862071554
2	tecrdb_1970	2.39208	1.5641369353808727	1.5594960284632862	0.8279430646191273	0.8325839715367138
2	tecrdb_670	0.941967	2.026940126796113	2.0270321817788712	1.084973126796113	1.0850651817788712
2	tecrdb_946	-6.07594	-7.30980395515936	-7.274876134413798	1.23386395515936	1.198936134413798
2	tecrdb_4251	13.917	8.582177653838698	8.582185862071555	5.334822346161301	5.334814137928445
2	tecrdb_4068	8.33139	3.92005797030977	3.9201029636582803	4.4113320296902305	4.4112870363417205
2	tecrdb_3757	-36.8415	-38.602336423902585	-38.648722396639414	1.7608364239025818	1.8072223966394105
2	tecrdb_1933	-9.4778	-13.577389964469546	-13.623498502445614	4.099589964469546	4.145698502445613
2	tecrdb_1228	-0.338538	0.5572308320159323	0.5450495644134463	0.8957688320159323	0.8835875644134463
2	tecrdb_2232	13.6875	2.026940126796113	2.0270321817788712	11.660559873203887	11.660467818221129
2	tecrdb_3353	1.95726	1.5641369353808727	1.5594960284632862	0.39312306461912727	0.39776397153671383
2	tecrdb_3639	-0.842493	-4.902719701949863	-4.903390638866824	4.060226701949863	4.060897638866824
2	tecrdb_4385	11.9876	11.579820057168224	11.612150615923495	0.40777994283177676	0.3754493840765054
2	tecrdb_2670	3.34733	1.5641369353808727	1.5594960284632862	1.7831930646191272	1.7878339715367138
2	tecrdb_3474	-16.0717	-15.616959157261405	-15.611097720762118	0.4547408427385946	0.46060227923788233
2	tecrdb_461	-10.9161	-11.693526157261545	-11.691864140773305	0.7774261572615444	0.7757641407733047
2	tecrdb_3849	3.86265	1.5641369353808727	1.5594960284632862	2.298513064619127	2.3031539715367138
2	tecrdb_4400	0.390186	-7.30980395515936	-7.274876134413798	7.69998995515936	7.665062134413798
2	tecrdb_1499	-3.68785	-3.3163453195580104	-3.3241464009236097	0.3715046804419897	0.3637035990763904
2	tecrdb_2620	1.48201	2.5672551787607354	1.9806840465436846	1.0852451787607353	0.4986740465436845
2	tecrdb_1352	19.2426	16.796480431965378	16.783259330721734	2.4461195680346215	2.459340669278266
2	tecrdb_38	-13.6176	-15.751281698838511	-15.680021700159443	2.1336816988385117	2.062421700159444
2	tecrdb_4392	4.15031	2.5050718904721236	2.5035509867163626	1.6452381095278765	1.6467590132836376
2	tecrdb_421	19.6141	13.637924897498465	13.637746999578098	5.976175102501536	5.976353000421902
2	tecrdb_181	-6.04397	-7.74563544177721	-7.700450040550919	1.7016654417772106	1.6564800405509192
2	tecrdb_3713	-12.266	-10.625996264504018	-10.625186061602605	1.6400037354959824	1.640813938397395
2	tecrdb_2827	21.1824	19.022422951229487	19.97111909726567	2.1599770487705143	1.2112809027343303
2	tecrdb_3958	-10.9926	-15.616959157261405	-15.611097720762118	4.624359157261406	4.618497720762118
2	tecrdb_3411	-15.6525	-15.616959157261405	-15.611097720762118	0.03554084273859459	0.04140227923788231
2	tecrdb_2134	3.20855	3.2948686766771123	3.292701479174145	0.08631867667711246	0.08415147917414512
2	tecrdb_268	16.8878	4.347966186215103	4.132287364050541	12.539833813784895	12.755512635949458
2	tecrdb_3044	26.1023	26.059359445371115	26.054873753390858	0.0429405546288848	0.04742624660914174
2	tecrdb_4462	6.42116	5.824268018380849	6.533462452035678	0.5968919816191516	0.1123024520356779
2	tecrdb_2860	3.90658	3.591576400082353	3.593194140050713	0.31500359991764704	0.31338585994928714
2	tecrdb_3019	11.8044	13.8288222790448	13.833611038661033	2.024422279044801	2.0292110386610336
2	tecrdb_1351	20.6238	16.796480431965378	16.783259330721734	3.8273195680346213	3.8405406692782655
2	tecrdb_4533	-6.13621	-3.1953246983590873	-3.1975912944497225	2.940885301640913	2.9386187055502777
2	tecrdb_4167	3.48494	3.1393806996821922	3.13938077677836	0.3455593003178077	0.34555922322164
2	tecrdb_2504	-17.5238	-17.306417417242898	-17.311893618178914	0.21738258275710365	0.21190638182108756
2	tecrdb_2124	-2.85222	-3.9084523028648164	-3.841866657081326	1.0562323028648164	0.9896466570813258
2	tecrdb_3833	13.9507	14.489915009117453	14.507651943175944	0.5392150091174539	0.5569519431759442
2	tecrdb_3708	-9.75306	-10.625996264504018	-10.625186061602605	0.872936264504018	0.8721260616026054
2	tecrdb_1680	3.5416	5.737237938344585	5.734237000792682	2.1956379383445848	2.192637000792682
2	tecrdb_3832	9.51846	5.823345845746317	5.8234985562828285	3.695114154253682	3.6949614437171707
2	tecrdb_3812	1.9444	11.156567626030771	11.116272628256162	9.212167626030771	9.171872628256162
2	tecrdb_1030	9.13468	4.43589314508813	4.487151875068406	4.698786854911869	4.647528124931593
2	tecrdb_413	-13.8037	-13.577389964469546	-13.623498502445614	0.22631003553045304	0.18020149755438553
2	tecrdb_4025	4.29639	8.582177653838698	8.582185862071555	4.285787653838699	4.285795862071555
2	tecrdb_4007	7.52749	10.801427660008052	10.87341176273388	3.273937660008052	3.34592176273388
2	tecrdb_248	2.16827	6.157189363301654	6.18783967259953	3.988919363301654	4.0195696725995305
2	tecrdb_2803	2.37049	0.6405283743212582	0.6305227670402296	1.729961625678742	1.7399672329597706
2	tecrdb_464	-11.5266	-11.693526157261545	-11.691864140773305	0.16692615726154436	0.16526414077330465
2	tecrdb_2494	10.477	8.582177653838698	8.582185862071555	1.8948223461613019	1.8948141379284458
2	tecrdb_4173	3.40654	3.1393806996821922	3.13938077677836	0.2671593003178079	0.2671592232216402
2	tecrdb_3357	-3.2433	-2.9296659472724365	-2.9308922160433717	0.3136340527275636	0.3124077839566284
2	tecrdb_2554	-15.4866	-15.616959157261405	-15.611097720762118	0.130359157261406	0.12449772076211829
2	tecrdb_2013	0.881216	1.5641369353808727	1.5594960284632862	0.6829209353808727	0.6782800284632862
2	tecrdb_2055	-3.77294	-3.9084523028648164	-3.841866657081326	0.1355123028648162	0.06892665708132562
2	tecrdb_2571	-22.0177	-21.33592660958473	-21.78435369393533	0.6817733904152696	0.23334630606467144
2	tecrdb_1542	1.48201	0.7387629049871975	0.7389380384621091	0.7432470950128025	0.7430719615378909
2	tecrdb_2931	12.1211	16.796480431965378	16.783259330721734	4.675380431965378	4.6621593307217335
2	tecrdb_139	1.80117	-13.996653699234798	-14.096731442923584	15.797823699234797	15.897901442923583
2	tecrdb_3721	10.7656	16.122974782746205	15.439767038629263	5.357374782746206	4.674167038629264
2	tecrdb_1511	-4.01835	-3.3163453195580104	-3.3241464009236097	0.7020046804419895	0.6942035990763902
2	tecrdb_3496	8.04222	7.7387675795541355	7.738732494013185	0.30345242044586485	0.3034875059868156
2	tecrdb_1559	-0.279701	0.5572308320159323	0.5450495644134463	0.8369318320159322	0.8247505644134463
2	tecrdb_1537	-1.87007	5.823345845746317	5.8234985562828285	7.693415845746317	7.693568556282829
2	tecrdb_3160	-10.5444	-10.625996264504018	-10.625186061602605	0.08159626450401802	0.08078606160260549
2	tecrdb_3114	11.0696	16.796480431965378	16.783259330721734	5.7268804319653785	5.713659330721734
2	tecrdb_1682	6.13025	5.737237938344585	5.734237000792682	0.3930120616554156	0.3960129992073185
2	tecrdb_1934	10.4124	7.67623677969522	7.6760224410453795	2.73616322030478	2.7363775589546204
2	tecrdb_2398	30.6322	32.07917857324824	32.054417707078215	1.4469785732482414	1.4222177070782145
2	tecrdb_1418	2.93829	2.5050718904721236	2.5035509867163626	0.4332181095278762	0.4347390132836373
2	tecrdb_2058	-3.82577	-3.9084523028648164	-3.841866657081326	0.08268230286481648	0.016096657081325905
2	tecrdb_3516	24.5503	20.79410881532312	20.76686243657882	3.7561911846768794	3.783437563421181
2	tecrdb_727	0.498005	6.278478403071119	6.1734891230364894	5.780473403071119	5.675484123036489
2	tecrdb_950	-5.58469	-7.30980395515936	-7.274876134413798	1.72511395515936	1.690186134413798
2	tecrdb_2553	-14.0596	-15.616959157261405	-15.611097720762118	1.5573591572614056	1.551497720762118
2	tecrdb_3968	-25.3737	-15.616959157261405	-15.611097720762118	9.756740842738594	9.762602279237882
2	tecrdb_2352	16.5709	16.422107705548683	16.42556705402717	0.1487922944513187	0.1453329459728323
2	tecrdb_211	4.71541	8.582177653838698	8.582185862071555	3.866767653838698	3.866775862071554
2	tecrdb_1742	-4.1697	-3.3163453195580104	-3.3241464009236097	0.8533546804419894	0.84555359907639
2	tecrdb_730	-1.85157	-0.6142015658655353	-0.6113681287852906	1.2373684341344646	1.2402018712147094
2	tecrdb_2128	-2.27145	-3.9084523028648164	-3.841866657081326	1.6370023028648162	1.5704166570813256
2	tecrdb_539	2.56391	8.582177653838698	8.582185862071555	6.0182676538386985	6.018275862071555
2	tecrdb_1085	19.3277	22.181691499254583	22.248336364469978	2.853991499254583	2.9206363644699778
2	tecrdb_2730	22.832	25.702511429249924	25.691461521123873	2.870511429249923	2.8594615211238725
2	tecrdb_444	-11.8136	-11.693526157261545	-11.691864140773305	0.12007384273845467	0.12173585922669439
2	tecrdb_135	22.832	29.798279972745632	29.77991079387131	6.966279972745632	6.9479107938713085
2	tecrdb_1254	27.015	25.702511429249924	25.691461521123873	1.3124885707500766	1.3235384788761273
2	tecrdb_4483	2.66132	0.5572308320159323	0.5450495644134463	2.1040891679840676	2.1162704355865536
2	tecrdb_2568	32.791	38.66581120070819	38.61193735720362	5.874811200708194	5.820937357203626
2	tecrdb_2181	-9.90487	-7.614871604949506	-7.604984121418312	2.2899983950504943	2.299885878581689
2	tecrdb_3893	23.3803	23.971821617648217	23.927490557827575	0.591521617648219	0.5471905578275766
2	tecrdb_1348	21.3189	16.796480431965378	16.783259330721734	4.522419568034621	4.535640669278266
2	tecrdb_3662	37.7858	38.66581120070819	38.61193735720362	0.8800112007081893	0.8261373572036206
2	tecrdb_168	13.1646	16.601172992211886	16.46611570302717	3.436572992211886	3.301515703027171
2	tecrdb_1029	9.98662	4.43589314508813	4.487151875068406	5.55072685491187	5.499468124931594
2	tecrdb_742	9.3508	5.387382012995714	5.392761107198434	3.963417987004285	3.9580388928015653
2	tecrdb_2034	12.302	6.839247369406124	6.841836397395852	5.462752630593876	5.460163602604148
2	tecrdb_3743	-34.8075	-38.602336423902585	-38.648722396639414	3.794836423902588	3.8412223966394166
2	tecrdb_684	33.4659	35.417996455196004	35.40872877755584	1.9520964551960063	1.9428287775558388
2	tecrdb_3465	-12.0431	-15.616959157261405	-15.611097720762118	3.5738591572614045	3.5679977207621167
2	tecrdb_2979	-9.955	-9.250170015900167	-9.25016360923064	0.7048299840998329	0.7048363907693602
2	tecrdb_1574	-10.2713	-5.916121028163396	-5.922096213668411	4.3551789718366045	4.349203786331589
2	tecrdb_2511	-17.8141	-17.306417417242898	-17.311893618178914	0.5076825827571021	0.502206381821086
2	tecrdb_4489	3.73748	0.5572308320159323	0.5450495644134463	3.180249167984068	3.192430435586554
2	tecrdb_2608	13.5783	16.161013403299965	16.111142799229064	2.582713403299964	2.532842799229064
2	tecrdb_2802	0.997726	0.04914255615805985	0.06366583968330985	0.9485834438419402	0.9340601603166901
2	tecrdb_2845	0.411642	1.5641369353808727	1.5594960284632862	1.1524949353808727	1.147854028463286
2	tecrdb_4339	-0.190225	0.5572308320159323	0.5450495644134463	0.7474558320159322	0.7352745644134463
2	tecrdb_2188	-9.98788	-7.614871604949506	-7.604984121418312	2.373008395050494	2.3828958785816887
2	tecrdb_3289	32.5547	26.059359445371115	26.054873753390858	6.495340554628882	6.499826246609139
2	tecrdb_2891	13.233	8.582177653838698	8.582185862071555	4.650822346161302	4.650814137928446
2	tecrdb_934	-7.79106	-5.580518507042704	-5.782220661442821	2.2105414929572955	2.0088393385571788
2	tecrdb_2448	2.14997	3.4487198973160247	3.460719702210312	1.2987498973160245	1.310749702210312
2	tecrdb_1939	-6.26328	5.771744497548752	5.532717977832533	12.035024497548752	11.795997977832533
2	tecrdb_1668	9.77597	5.737237938344585	5.734237000792682	4.0387320616554145	4.041732999207317
2	tecrdb_4442	32.205	29.798279972745632	29.77991079387131	2.406720027254366	2.425089206128689
2	tecrdb_4154	3.24578	3.1393806996821922	3.13938077677836	0.10639930031780764	0.10639922322163997
2	tecrdb_3348	0.205313	2.5672551787607354	1.9806840465436846	2.3619421787607355	1.7753710465436845
2	tecrdb_1203	-0.8341	-9.070955124855345	-8.883816612939995	8.236855124855346	8.049716612939996
2	tecrdb_4467	10.2509	32.14113671843599	31.902048039959098	21.890236718435986	21.651148039959097
2	tecrdb_2603	2.01274	1.5641369353808727	1.5594960284632862	0.44860306461912725	0.4532439715367138
2	tecrdb_2679	0.603735	1.5641369353808727	1.5594960284632862	0.9604019353808727	0.9557610284632861
2	tecrdb_1796	33.4329	35.417996455196004	35.40872877755584	1.9850964551960075	1.97582877755584
2	tecrdb_2067	-3.55751	-3.9084523028648164	-3.841866657081326	0.3509423028648162	0.2843566570813256
2	tecrdb_1097	1.67893	1.5641369353808727	1.5594960284632862	0.1147930646191273	0.11943397153671387
2	tecrdb_2806	-3.0788	-5.916121028163396	-5.922096213668411	2.8373210281633954	2.8432962136684106
2	tecrdb_254	8.41906	6.157189363301654	6.18783967259953	2.2618706366983456	2.23122032740047
2	tecrdb_3509	-9.19785	-16.455167772468712	-17.990435050722	7.257317772468712	8.792585050721998
2	tecrdb_920	0.482043	-1.8117118320590038	-2.0088229064145935	2.2937548320590038	2.4908659064145935
2	tecrdb_1485	22.0698	32.07917857324824	32.054417707078215	10.009378573248242	9.984617707078215
2	tecrdb_2612	14.4255	15.654654533771094	15.655376253029061	1.2291545337710943	1.2298762530290617
2	tecrdb_1292	-10.231	-5.916121028163396	-5.922096213668411	4.314878971836604	4.308903786331589
2	tecrdb_760	4.6991	2.5050718904721236	2.5035509867163626	2.194028109527876	2.195549013283637
2	tecrdb_2924	22.8897	16.796480431965378	16.783259330721734	6.093219568034623	6.106440669278268
2	tecrdb_2625	-26.0043	-29.328671663308114	-29.30352020260507	3.3243716633081135	3.2992202026050705
2	tecrdb_3094	-20.2691	-15.616959157261405	-15.611097720762118	4.652140842738596	4.658002279237884
2	tecrdb_395	26.4753	20.79410881532312	20.76686243657882	5.68119118467688	5.708437563421182
2	tecrdb_4037	2.85462	8.582177653838698	8.582185862071555	5.727557653838698	5.727565862071554
2	tecrdb_2423	18.9513	14.743654053569358	14.745481977728893	4.207645946430642	4.205818022271107
2	tecrdb_1500	-3.54608	-3.3163453195580104	-3.3241464009236097	0.22973468044198952	0.2219335990763902
2	tecrdb_3448	-15.1648	-15.616959157261405	-15.611097720762118	0.45215915726140565	0.44629772076211793
2	tecrdb_545	-0.715937	5.377296059098834	5.440330603733634	6.093233059098834	6.156267603733634
2	tecrdb_2437	15.9589	17.204893391910204	17.204824786096168	1.2459933919102042	1.2459247860961682
2	tecrdb_3088	-17.868	-15.616959157261405	-15.611097720762118	2.2510408427385933	2.256902279237881
2	tecrdb_2843	1.11797	1.5641369353808727	1.5594960284632862	0.4461669353808728	0.44152602846328626
2	tecrdb_326	0.552646	1.5641369353808727	1.5594960284632862	1.0114909353808728	1.0068500284632862
2	tecrdb_2707	-18.9267	-16.455167772468712	-17.990435050722	2.471532227531288	0.9362649492780015
2	tecrdb_1204	-5.90463	-4.744847031511341	-4.8379418725820855	1.159782968488659	1.0666881274179145
2	tecrdb_3892	26.7573	23.971821617648217	23.927490557827575	2.7854783823517835	2.829809442172426
2	tecrdb_1102	4.82135	1.5641369353808727	1.5594960284632862	3.257213064619127	3.2618539715367136
2	tecrdb_2545	10.9641	9.725257086095382	9.586516296254523	1.2388429139046178	1.3775837037454775
2	tecrdb_4449	33.2994	29.798279972745632	29.77991079387131	3.501120027254366	3.5194892061286893
2	tecrdb_3298	30.6965	26.059359445371115	26.054873753390858	4.6371405546288855	4.6416262466091425
2	tecrdb_54	25.5245	74.9454902237274	74.43095447573891	49.4209902237274	48.90645447573891
2	tecrdb_1779	35.9159	35.417996455196004	35.40872877755584	0.49790354480399657	0.507171222444164
2	tecrdb_3759	-38.0277	-38.602336423902585	-38.648722396639414	0.5746364239025823	0.6210223966394111
2	tecrdb_153	12.5614	9.725257086095382	9.586516296254523	2.8361429139046184	2.974883703745478
2	tecrdb_3991	19.1035	20.79410881532312	20.76686243657882	1.6906088153231202	1.6633624365788187
2	tecrdb_2334	8.77665	4.347966186215103	4.132287364050541	4.428683813784897	4.644362635949459
2	tecrdb_3943	-14.6222	-15.616959157261405	-15.611097720762118	0.9947591572614058	0.9888977207621181
2	tecrdb_3201	9.04247	9.855092938415403	9.920199021648244	0.8126229384154033	0.8777290216482445
2	tecrdb_985	-10.3405	-10.416812567134826	-10.418216000426455	0.07631256713482593	0.0777160004264541
2	tecrdb_721	-14.2839	-16.698231778601695	-16.697413177160612	2.414331778601696	2.4135131771606133
2	tecrdb_4205	-14.2911	-19.75009087311431	-19.713392887682488	5.45899087311431	5.422292887682488
2	tecrdb_2296	3.11473	0.3612559590311921	0.32676771841235386	2.753474040968808	2.7879622815876464
2	tecrdb_2683	1.58128	1.5641369353808727	1.5594960284632862	0.01714306461912729	0.021783971536713853
2	tecrdb_1336	34.4483	35.417996455196004	35.40872877755584	0.9696964551960008	0.9604287775558333
2	tecrdb_3727	-1.35877	16.796480431965378	16.783259330721734	18.155250431965378	18.142029330721734
2	tecrdb_4141	-6.20346	-4.744847031511341	-4.8379418725820855	1.4586129684886586	1.3655181274179142
2	tecrdb_3760	-37.262	-38.602336423902585	-38.648722396639414	1.3403364239025848	1.3867223966394135
2	tecrdb_2303	15.751	23.971821617648217	23.927490557827575	8.220821617648218	8.176490557827576
2	tecrdb_1100	3.91645	1.5641369353808727	1.5594960284632862	2.3523130646191275	2.356953971536714
2	tecrdb_488	29.8022	32.07917857324824	32.054417707078215	2.2769785732482433	2.2522177070782163
2	tecrdb_209	2.44547	8.582177653838698	8.582185862071555	6.136707653838698	6.136715862071554
2	tecrdb_35	-12.1293	-15.751281698838511	-15.680021700159443	3.6219816988385105	3.5507217001594427
2	tecrdb_3102	-13.3136	-15.616959157261405	-15.611097720762118	2.303359157261406	2.2974977207621183
2	tecrdb_2107	-2.97466	-3.9084523028648164	-3.841866657081326	0.9337923028648163	0.8672066570813257
2	tecrdb_1331	37.2414	35.417996455196004	35.40872877755584	1.8234035448039947	1.8326712224441621
2	tecrdb_2333	2.3066	2.5672551787607354	1.9806840465436846	0.2606551787607354	0.3259159534563154
2	tecrdb_720	-22.9053	-16.698231778601695	-16.697413177160612	6.2070682213983055	6.207886822839388
2	tecrdb_3138	-29.3024	-27.688203372340624	-30.8047447209331	1.6141966276593749	1.5023447209331025
2	tecrdb_1276	-2.61846	-3.3163453195580104	-3.3241464009236097	0.6978853195580106	0.7056864009236099
2	tecrdb_2258	-15.0873	-14.410995156582487	-14.40588147316339	0.6763048434175136	0.6814185268366106
2	tecrdb_3761	-35.7206	-38.602336423902585	-38.648722396639414	2.8817364239025878	2.9281223966394165
2	tecrdb_1093	24.0984	17.86798792887761	17.868146328095726	6.230412071122391	6.230253671904276
2	tecrdb_1755	-3.36753	-3.3163453195580104	-3.3241464009236097	0.05118468044198954	0.04338359907639022
2	tecrdb_2397	-6.71314	19.02926603040647	19.22352944394624	25.742406030406467	25.93666944394624
2	tecrdb_660	3.60601	2.026940126796113	2.0270321817788712	1.579069873203887	1.5789778182211287
2	tecrdb_3731	-0.197182	16.796480431965378	16.783259330721734	16.99366243196538	16.980441330721735
2	tecrdb_3712	-15.9417	-10.625996264504018	-10.625186061602605	5.315703735495983	5.316513938397396
2	tecrdb_1238	18.7932	16.796480431965378	16.783259330721734	1.9967195680346208	2.009940669278265
2	tecrdb_2118	-3.97481	-3.9084523028648164	-3.841866657081326	0.0663576971351838	0.13294334291867438
2	tecrdb_2201	-3.14343	0.47143354707360885	0.47148361730435084	3.614863547073609	3.614913617304351
2	tecrdb_4403	-0.8341	-6.48225608358123	-6.370408134616664	5.64815608358123	5.536308134616664
2	tecrdb_2637	-0.0	-2.555027926578248	-2.5734272143400005	2.555027926578248	2.5734272143400005
2	tecrdb_3726	-3.57516	16.796480431965378	16.783259330721734	20.37164043196538	20.358419330721734
2	tecrdb_1856	20.4539	20.372272243244637	20.37137408370303	0.08162775675536338	0.08252591629696937
2	tecrdb_1137	-1.18056	1.5641369353808727	1.5594960284632862	2.7446969353808726	2.740056028463286
2	tecrdb_178	1.78744	13.995896259468065	14.026994746977792	12.208456259468065	12.239554746977792
2	tecrdb_2274	21.258	96.77971086771473	96.62721776282974	75.52171086771473	75.36921776282975
2	tecrdb_3754	-38.6767	-38.602336423902585	-38.648722396639414	0.07436357609741151	0.027977603360582748
2	tecrdb_2887	-0.365372	0.5572308320159323	0.5450495644134463	0.9226028320159323	0.9104215644134463
2	tecrdb_712	8.43289	8.289570167198221	8.28290112504871	0.1433198328017795	0.14998887495129054
2	tecrdb_1322	35.0796	35.417996455196004	35.40872877755584	0.3383964551960048	0.32912877755583736
2	tecrdb_1549	-10.3134	-13.577389964469546	-13.623498502445614	3.2639899644695465	3.310098502445614
2	tecrdb_3394	-21.2502	-15.616959157261405	-15.611097720762118	5.633240842738594	5.639102279237882
2	tecrdb_1318	-16.7212	-12.679190330094514	-12.62251150747612	4.042009669905486	4.0986884925238805
2	tecrdb_3980	8.69261	4.347966186215103	4.132287364050541	4.344643813784897	4.5603226359494595
2	tecrdb_2655	2.20552	1.5641369353808727	1.5594960284632862	0.6413830646191272	0.6460239715367138
2	tecrdb_2560	-19.55	-15.616959157261405	-15.611097720762118	3.9330408427385954	3.938902279237883
2	tecrdb_2317	2.18339	2.5672551787607354	1.9806840465436846	0.3838651787607352	0.2027059534563156
2	tecrdb_3482	3.57488	-0.832213457566354	-0.8306831002053627	4.407093457566354	4.405563100205363
2	tecrdb_2825	21.2199	19.022422951229487	19.97111909726567	2.197477048770512	1.2487809027343282
2	tecrdb_694	22.7588	24.60568272466785	24.55199095371578	1.84688272466785	1.7931909537157793
2	tecrdb_3107	3.82985	3.1393806996821922	3.13938077677836	0.6904693003178077	0.6904692232216401
2	tecrdb_4247	15.6641	8.582177653838698	8.582185862071555	7.081922346161301	7.081914137928445
2	tecrdb_3707	-9.57629	-10.625996264504018	-10.625186061602605	1.0497062645040174	1.0488960616026048
2	tecrdb_3746	-37.1594	-38.602336423902585	-38.648722396639414	1.4429364239025873	1.489322396639416
2	tecrdb_2276	8.1527	13.637924897498465	13.637746999578098	5.485224897498465	5.485046999578099
2	tecrdb_2146	-4.51618	-3.902018781714844	-3.9021591682667776	0.6141612182851564	0.6140208317332227
2	tecrdb_3669	-11.0275	-10.625996264504018	-10.625186061602605	0.4015037354959823	0.4023139383973948
2	tecrdb_3480	10.7634	13.637924897498465	13.637746999578098	2.874524897498464	2.8743469995780977
2	tecrdb_2405	5.45913	5.823345845746317	5.8234985562828285	0.36421584574631716	0.3643685562828285
2	tecrdb_3507	-10.5488	-16.455167772468712	-17.990435050722	5.9063677724687125	7.441635050721999
2	tecrdb_1179	3.61114	1.5641369353808727	1.5594960284632862	2.047003064619127	2.0516439715367136
2	tecrdb_3360	-8.89027	-7.614871604949506	-7.604984121418312	1.2753983950504928	1.2852858785816874
2	tecrdb_2653	15.5329	29.798279972745632	29.77991079387131	14.265379972745633	14.24701079387131
2	tecrdb_3737	-0.706946	16.796480431965378	16.783259330721734	17.503426431965377	17.490205330721732
2	tecrdb_4523	-0.295351	0.5572308320159323	0.5450495644134463	0.8525818320159322	0.8404005644134462
2	tecrdb_2748	-6.57166	5.823345845746317	5.8234985562828285	12.395005845746317	12.395158556282828
2	tecrdb_3038	-3.51725	-3.48808370926281	-3.486616325507171	0.029166290737190348	0.030633674492829055
2	tecrdb_2312	1.2367	2.5672551787607354	1.9806840465436846	1.3305551787607355	0.7439840465436847
2	tecrdb_1814	31.9262	35.417996455196004	35.40872877755584	3.4917964551960026	3.482528777555835
2	tecrdb_3316	-6.09722	-14.962071622115936	-14.959357902538173	8.864851622115935	8.862137902538173
2	tecrdb_1478	18.0367	24.60568272466785	24.55199095371578	6.568982724667851	6.51529095371578
2	tecrdb_3168	-10.5223	-10.625996264504018	-10.625186061602605	0.10369626450401803	0.1028860616026055
2	tecrdb_3097	-15.2471	-15.616959157261405	-15.611097720762118	0.3698591572614056	0.3639977207621179
2	tecrdb_4047	0.668908	1.5641369353808727	1.5594960284632862	0.8952289353808728	0.8905880284632862
2	tecrdb_1244	-29.7845	-28.123974965272694	-28.105631740906233	1.660525034727307	1.6788682590937682
2	tecrdb_3578	13.5753	14.489915009117453	14.507651943175944	0.914615009117453	0.9323519431759433
2	tecrdb_4128	-1.2042	-1.2685627286423866	-1.269245143028705	0.06436272864238668	0.06504514302870512
2	tecrdb_280	-0.41589	0.5572308320159323	0.5450495644134463	0.9731208320159322	0.9609395644134463
2	tecrdb_1110	0.98907	1.5641369353808727	1.5594960284632862	0.5750669353808727	0.5704260284632862
2	tecrdb_2595	26.4778	24.60568272466785	24.55199095371578	1.8721172753321476	1.9258090462842183
2	tecrdb_4396	-0.0	-3.3388178819478203	-3.354311070477623	3.3388178819478203	3.354311070477623
2	tecrdb_2598	28.2371	24.60568272466785	24.55199095371578	3.6314172753321508	3.6851090462842215
2	tecrdb_4532	23.3721	15.291693674552107	15.292098059827254	8.080406325447893	8.080001940172746
2	tecrdb_3706	-9.97124	-10.625996264504018	-10.625186061602605	0.6547562645040177	0.6539460616026052
2	tecrdb_1964	13.9486	12.500784004766402	12.500759803074686	1.447815995233599	1.4478401969253145
2	tecrdb_4492	2.38704	0.5572308320159323	0.5450495644134463	1.8298091679840676	1.8419904355865535
2	tecrdb_154	6.85338	9.725257086095382	9.586516296254523	2.871877086095383	2.733136296254523
2	tecrdb_4122	16.6924	7.864959582341832	7.946005001542261	8.827440417658167	8.746394998457738
2	tecrdb_3901	-1.71828	30.025640263691912	29.745228671167297	31.743920263691912	31.463508671167297
2	tecrdb_2576	4.82135	0.3612559590311921	0.32676771841235386	4.460094040968808	4.494582281587646
2	tecrdb_1881	-5.43819	-4.744847031511341	-4.8379418725820855	0.6933429684886585	0.6002481274179141
2	tecrdb_2770	1.19531	0.04914255615805985	0.06366583968330985	1.1461674438419402	1.1316441603166902
2	tecrdb_1551	17.9384	24.722082357712978	24.45397311760835	6.783682357712976	6.515573117608348
2	tecrdb_2290	-0.226465	0.5572308320159323	0.5450495644134463	0.7836958320159323	0.7715145644134463
2	tecrdb_2966	-9.08453	-9.250170015900167	-9.25016360923064	0.1656400159001663	0.16563360923063897
2	tecrdb_3162	-12.4911	-10.625996264504018	-10.625186061602605	1.8651037354959819	1.8659139383973944
2	tecrdb_430	-11.271	-11.693526157261545	-11.691864140773305	0.42252615726154374	0.42086414077330403
2	tecrdb_1667	4.31034	5.737237938344585	5.734237000792682	1.4268979383445846	1.4238970007926817
2	tecrdb_3395	-13.1584	-15.616959157261405	-15.611097720762118	2.458559157261405	2.4526977207621172
2	tecrdb_4386	14.816	11.579820057168224	11.612150615923495	3.236179942831777	3.2038493840765057
2	tecrdb_343	12.8402	8.582177653838698	8.582185862071555	4.258022346161301	4.258014137928445
2	tecrdb_2953	-9.8307	-9.250170015900167	-9.25016360923064	0.580529984099833	0.5805363907693604
2	tecrdb_921	16.1522	47.630911444144786	47.28123331940126	31.478711444144786	31.12903331940126
2	tecrdb_2387	13.1996	24.60568272466785	24.55199095371578	11.40608272466785	11.35239095371578
2	tecrdb_1145	1.80403	1.5641369353808727	1.5594960284632862	0.2398930646191273	0.24453397153671386
2	tecrdb_4453	16.2899	20.79410881532312	20.76686243657882	4.504208815323121	4.47696243657882
2	tecrdb_3365	-9.01089	-7.614871604949506	-7.604984121418312	1.3960183950504934	1.405905878581688
2	tecrdb_2646	13.4575	11.579820057168224	11.612150615923495	1.8776799428317759	1.8453493840765045
2	tecrdb_4342	-0.289073	0.5572308320159323	0.5450495644134463	0.8463038320159323	0.8341225644134463
2	tecrdb_1134	3.04312	1.5641369353808727	1.5594960284632862	1.4789830646191273	1.4836239715367139
2	tecrdb_1190	-6.11831	-7.614871604949506	-7.604984121418312	1.4965616049495063	1.4866741214183117
2	tecrdb_2401	22.1103	23.474433109423103	23.378994353157893	1.3641331094231042	1.268694353157894
2	tecrdb_462	-11.586	-11.693526157261545	-11.691864140773305	0.10752615726154424	0.10586414077330453
2	tecrdb_656	1.38189	2.026940126796113	2.0270321817788712	0.6450501267961128	0.6451421817788712
2	tecrdb_1152	3.09442	1.5641369353808727	1.5594960284632862	1.5302830646191272	1.5349239715367138
2	tecrdb_1498	-3.78853	-3.3163453195580104	-3.3241464009236097	0.4721846804419898	0.4643835990763905
2	tecrdb_507	30.8743	12.035891274392085	12.0317376081016	18.838408725607916	18.8425623918984
2	tecrdb_3782	23.3379	35.417996455196004	35.40872877755584	12.080096455196003	12.070828777555835
2	tecrdb_34	-14.4099	-15.751281698838511	-15.680021700159443	1.3413816988385108	1.270121700159443
2	tecrdb_297	1.43667	1.5641369353808727	1.5594960284632862	0.12746693538087284	0.12282602846328627
2	tecrdb_4463	6.16991	5.824268018380849	6.533462452035678	0.34564198161915094	0.36355245203567854
2	tecrdb_2626	3.10472	-1.8117118320590038	-2.0088229064145935	4.916431832059004	5.113542906414594
2	tecrdb_4404	1.373	4.417311584246136	4.417304485642006	3.0443115842461355	3.044304485642006
2	tecrdb_4081	-3.93965	-4.744847031511341	-4.8379418725820855	0.8051970315113413	0.8982918725820856
2	tecrdb_2988	-9.26353	-9.250170015900167	-9.25016360923064	0.01335998409983219	0.013366390769359526
2	tecrdb_1493	-4.2411	-3.3163453195580104	-3.3241464009236097	0.9247546804419899	0.9169535990763906
2	tecrdb_2635	19.7984	29.041301938064834	29.041301775225897	9.242901938064833	9.242901775225896
2	tecrdb_3440	-14.3437	-15.616959157261405	-15.611097720762118	1.2732591572614052	1.2673977207621174
2	tecrdb_739	-2.19082	-6.9988260089202825	-7.065617182243205	4.808006008920282	4.874797182243205
2	tecrdb_3006	12.9025	13.8288222790448	13.833611038661033	0.9263222790448005	0.9311110386610331
2	tecrdb_3028	3.15511	2.5050718904721236	2.5035509867163626	0.6500381095278764	0.6515590132836375
2	tecrdb_2991	-9.32759	-9.250170015900167	-9.25016360923064	0.07741998409983353	0.07742639076936086
2	tecrdb_4057	16.6928	11.326857538757281	11.24606789977814	5.365942461242717	5.446732100221858
2	tecrdb_147	9.14457	12.91877041240231	12.917529346784072	3.77420041240231	3.772959346784072
2	tecrdb_750	14.1673	14.908690066209658	14.910120534310195	0.7413900662096591	0.7428205343101961
2	tecrdb_4355	2.69629	5.737237938344585	5.734237000792682	3.0409479383445848	3.037947000792682
2	tecrdb_1043	8.77665	8.878418315723934	8.923305902273043	0.10176831572393397	0.14665590227304293
2	tecrdb_2839	-0.0	1.5641369353808727	1.5594960284632862	1.5641369353808727	1.5594960284632862
2	tecrdb_1840	37.1917	38.66581120070819	38.61193735720362	1.4741112007081938	1.420237357203625
2	tecrdb_4416	11.9007	14.489915009117453	14.507651943175944	2.589215009117453	2.606951943175943
2	tecrdb_4087	12.3721	8.991050663538346	8.975560719695082	3.381049336461654	3.3965392803049177
2	tecrdb_3023	0.189125	0.5572308320159323	0.5450495644134463	0.3681058320159323	0.35592456441344633
2	tecrdb_56	14.9538	20.79410881532312	20.76686243657882	5.840308815323121	5.81306243657882
2	tecrdb_2956	-10.0998	-9.250170015900167	-9.25016360923064	0.8496299840998329	0.8496363907693603
2	tecrdb_3824	6.94966	5.823345845746317	5.8234985562828285	1.1263141542536825	1.1261614437171712
2	tecrdb_2686	0.351014	1.5641369353808727	1.5594960284632862	1.2131229353808728	1.2084820284632862
2	tecrdb_1144	1.44178	1.5641369353808727	1.5594960284632862	0.12235693538087267	0.1177160284632861
2	tecrdb_2577	4.8672	0.3612559590311921	0.32676771841235386	4.505944040968808	4.540432281587647
2	tecrdb_312	1.94523	1.5641369353808727	1.5594960284632862	0.3810930646191273	0.38573397153671385
2	tecrdb_3262	4.85069	5.313969972582431	5.312555116484486	0.4632799725824306	0.4618651164844856
2	tecrdb_4438	27.0659	29.798279972745632	29.77991079387131	2.7323799727456333	2.71401079387131
2	tecrdb_3002	2.46471	-2.5259219078358512	-2.525889328930333	4.990631907835851	4.990599328930333
2	tecrdb_3089	-17.868	-15.616959157261405	-15.611097720762118	2.2510408427385933	2.256902279237881
2	tecrdb_3330	7.68748	7.7387675795541355	7.738732494013185	0.051287579554135654	0.05125249401318488
2	tecrdb_3853	7.63621	6.764822140977508	6.764943943939393	0.8713878590224926	0.8712660560606071
2	tecrdb_2122	-2.41589	-3.9084523028648164	-3.841866657081326	1.4925623028648163	1.4259766570813257
2	tecrdb_2367	17.1741	9.222533499169991	9.222727241561515	7.951566500830008	7.951372758438485
2	tecrdb_2993	-0.444437	0.5572308320159323	0.5450495644134463	1.0016678320159322	0.9894865644134463
2	tecrdb_1247	-19.6639	-19.75009087311431	-19.713392887682488	0.08619087311430818	0.0494928876824865
2	tecrdb_1778	35.6033	35.417996455196004	35.40872877755584	0.18530354480399325	0.1945712224441607
2	tecrdb_4	-8.30061	-7.614871604949506	-7.604984121418312	0.6857383950504943	0.6956258785816889
2	tecrdb_3494	7.63299	7.7387675795541355	7.738732494013185	0.10577757955413514	0.10574249401318436
2	tecrdb_514	7.07658	7.67623677969522	7.6760224410453795	0.5996567796952199	0.5994424410453796
2	tecrdb_305	0.87515	1.5641369353808727	1.5594960284632862	0.6889869353808727	0.6843460284632862
2	tecrdb_2508	-13.8505	-17.306417417242898	-17.311893618178914	3.4559174172428975	3.4613936181789136
2	tecrdb_2674	-0.217213	1.5641369353808727	1.5594960284632862	1.7813499353808728	1.7767090284632863
2	tecrdb_2587	28.0269	24.60568272466785	24.55199095371578	3.4212172753321504	3.474909046284221
2	tecrdb_1421	19.4342	23.474433109423103	23.378994353157893	4.040233109423102	3.944794353157892
2	tecrdb_3948	-18.5604	-15.616959157261405	-15.611097720762118	2.943440842738596	2.949302279237884
2	tecrdb_3170	-10.5663	-10.625996264504018	-10.625186061602605	0.05969626450401755	0.05888606160260501
2	tecrdb_2964	-9.7364	-9.250170015900167	-9.25016360923064	0.48622998409983254	0.48623639076935987
2	tecrdb_3457	-17.6984	-15.616959157261405	-15.611097720762118	2.081440842738594	2.087302279237882
2	tecrdb_3677	-7.80038	-10.625996264504018	-10.625186061602605	2.825616264504018	2.8248060616026054
2	tecrdb_1089	12.9827	12.632117686391105	12.652139026822908	0.3505823136088946	0.3305609731770911
2	tecrdb_2220	2.91936	0.5572308320159323	0.5450495644134463	2.362129167984068	2.374310435586554
2	tecrdb_4296	4.7733	5.737237938344585	5.734237000792682	0.9639379383445847	0.9609370007926819
2	tecrdb_1464	18.6979	24.60568272466785	24.55199095371578	5.90778272466785	5.8540909537157795
2	tecrdb_2413	27.585	27.02728527156919	27.023461597301704	0.5577147284308097	0.5615384026982966
3	tecrdb_1166	0.631867	1.5934335921820661	1.5875670593329403	0.9615665921820662	0.9557000593329403
3	tecrdb_3752	-34.9378	-37.46635153493426	-37.89672505114163	2.528551534934259	2.9589250511416267
3	tecrdb_3467	-16.6338	-15.655823203243457	-15.651253116125545	0.9779767967565434	0.9825468838744555
3	tecrdb_226	0.849019	5.22717526343024	5.02207858418069	4.37815626343024	4.17305958418069
3	tecrdb_4156	2.53263	3.292847139179951	3.2928463490571787	0.760217139179951	0.7602163490571785
3	tecrdb_3780	30.1775	35.10146871744706	35.08344041313998	4.923968717447064	4.905940413139984
3	tecrdb_4231	2.49514	1.5934335921820661	1.5875670593329403	0.901706407817934	0.9075729406670598
3	tecrdb_4270	-14.6091	-15.655823203243457	-15.651253116125545	1.0467232032434577	1.0421531161255455
3	tecrdb_3537	-19.4327	-15.655823203243457	-15.651253116125545	3.776876796756543	3.7814468838744553
3	tecrdb_4434	32.8144	29.34307011809055	29.303470461309004	3.4713298819094476	3.510929538690995
3	tecrdb_3687	-9.86447	-10.77392663509169	-10.776491898626027	0.90945663509169	0.9120218986260262
3	tecrdb_1577	9.35467	11.82819990826269	11.832789304042905	2.473529908262689	2.478119304042904
3	tecrdb_1807	31.8291	35.10146871744706	35.08344041313998	3.272368717447062	3.254340413139982
3	tecrdb_536	4.89216	8.58138693424091	8.581400857347091	3.689226934240911	3.689240857347092
3	tecrdb_246	19.8157	10.745242907766556	11.100418852384013	9.070457092233443	8.715281147615986
3	tecrdb_2053	-2.86005	-3.8629904445429375	-3.7867181281404996	1.0029404445429373	0.9266681281404994
3	tecrdb_3692	-16.1411	-10.77392663509169	-10.776491898626027	5.367173364908311	5.364608101373975
3	tecrdb_3938	-24.6367	-15.655823203243457	-15.651253116125545	8.980876796756544	8.985446883874456
3	tecrdb_1253	24.0291	26.02394126304037	25.984203042949787	1.994841263040371	1.955103042949787
3	tecrdb_141	-21.1838	-12.18572336058773	-12.841998936188872	8.998076639412272	8.341801063811129
3	tecrdb_3666	-12.266	-10.77392663509169	-10.776491898626027	1.4920733649083093	1.489508101373973
3	tecrdb_2693	3.21757	1.5934335921820661	1.5875670593329403	1.6241364078179337	1.6300029406670595
3	tecrdb_662	1.47227	2.2398905625618752	2.2399910210682776	0.7676205625618753	0.7677210210682777
3	tecrdb_2794	0.849855	-0.1131787345104982	-0.0829249684952913	0.9630337345104982	0.9327799684952913
3	tecrdb_457	-12.207	-11.82819990826269	-11.832789304042905	0.3788000917373111	0.3742106959570961
3	tecrdb_2100	-3.43656	-3.8629904445429375	-3.7867181281404996	0.42643044454293744	0.3501581281404995
3	tecrdb_3802	-2.36867	-0.4461445819724137	-0.44495344710866025	1.9225254180275861	1.9237165528913396
3	tecrdb_4353	3.69775	5.340619592718326	5.3369461883415426	1.642869592718326	1.6391961883415425
3	tecrdb_1307	3.30703	-2.483735145420553	-2.706357856845216	5.790765145420553	6.013387856845216
3	tecrdb_3529	-12.19	-15.655823203243457	-15.651253116125545	3.465823203243458	3.4612531161255458
3	tecrdb_4414	12.8791	14.636825302588363	14.67948221207493	1.757725302588364	1.8003822120749309
3	tecrdb_2495	13.1671	8.58138693424091	8.581400857347091	4.585713065759089	4.585699142652908
3	tecrdb_1556	-0.356341	0.529688767113889	0.5173361431336758	0.886029767113889	0.8736771431336758
3	tecrdb_1728	-3.71196	-3.2591668651791537	-3.261452961395122	0.45279313482084627	0.45050703860487795
3	tecrdb_3405	-15.9225	-15.655823203243457	-15.651253116125545	0.266676796756542	0.27124688387445417
3	tecrdb_3384	-10.3019	-7.538531292717327	-7.537128901350222	2.763368707282673	2.7647710986497778
3	tecrdb_253	10.4779	5.720344761644171	5.752206235910393	4.757555238355829	4.725693764089607
3	tecrdb_2548	-17.5643	-15.655823203243457	-15.651253116125545	1.908476796756542	1.913046883874454
3	tecrdb_2209	2.65987	-2.483735145420553	-2.706357856845216	5.143605145420553	5.3662278568452155
3	tecrdb_3863	-1.79062	-3.981167976374664	-3.981303309564055	2.190547976374664	2.1906833095640548
3	tecrdb_2301	21.459	24.036414954478815	23.990455214541598	2.577414954478815	2.531455214541598
3	tecrdb_3710	-9.38642	-10.77392663509169	-10.776491898626027	1.3875066350916914	1.3900718986260276
3	tecrdb_172	-3.3738	9.802855393728382	9.666996894947903	13.176655393728382	13.040796894947903
3	tecrdb_1316	21.5477	17.42497953762765	17.419915680711682	4.1227204623723495	4.127784319288317
3	tecrdb_3361	-9.49642	-7.538531292717327	-7.537128901350222	1.9578887072826738	1.9592910986497785
3	tecrdb_1399	13.0959	7.7454420010350375	7.7231231804021085	5.350457998964963	5.372776819597892
3	tecrdb_3473	-15.3507	-15.655823203243457	-15.651253116125545	0.30512320324345765	0.30055311612554547
3	tecrdb_3374	-10.4158	-7.538531292717327	-7.537128901350222	2.877268707282674	2.8786710986497788
3	tecrdb_4378	7.86263	8.58138693424091	8.581400857347091	0.7187569342409104	0.7187708573470912
3	tecrdb_3105	-20.1556	-15.655823203243457	-15.651253116125545	4.499776796756542	4.5043468838744545
3	tecrdb_4111	18.9753	20.682697250617437	20.646582086194144	1.7073972506174364	1.671282086194143
3	tecrdb_299	0.314446	1.5934335921820661	1.5875670593329403	1.2789875921820661	1.2731210593329403
3	tecrdb_4455	23.48	20.682697250617437	20.646582086194144	2.7973027493825633	2.8334179138058566
3	tecrdb_659	2.26173	2.2398905625618752	2.2399910210682776	0.021839437438124776	0.021738978931722386
3	tecrdb_1436	5.46759	9.087343044709904	9.071167136647233	3.6197530447099036	3.6035771366472327
3	tecrdb_1400	19.3955	26.583333626116	26.5803767951724	7.187833626116003	7.1848767951724
3	tecrdb_340	12.5653	8.58138693424091	8.581400857347091	3.98391306575909	3.983899142652909
3	tecrdb_4381	7.92829	8.58138693424091	8.581400857347091	0.653096934240911	0.6531108573470918
3	tecrdb_1703	12.5379	5.340619592718326	5.3369461883415426	7.197280407281674	7.200953811658458
3	tecrdb_1050	0.575427	-0.33590936303718344	-0.33747992213100275	0.9113363630371835	0.9129069221310028
3	tecrdb_2547	-16.0229	-15.655823203243457	-15.651253116125545	0.3670767967565425	0.37164688387445466
3	tecrdb_3476	13.5489	7.906817815639293	7.761465334172108	5.6420821843607065	5.787434665827892
3	tecrdb_239	12.7664	10.669875166475613	10.606317198400937	2.096524833524388	2.1600828015990636
3	tecrdb_4406	14.2	14.636825302588363	14.67948221207493	0.43682530258836394	0.4794822120749309
3	tecrdb_737	-4.15031	-6.388038532019884	-6.416482489120362	2.237728532019884	2.266172489120362
3	tecrdb_796	-2.01813	-3.2591668651791537	-3.261452961395122	1.2410368651791535	1.2433229613951218
3	tecrdb_1734	-3.4992	-3.2591668651791537	-3.261452961395122	0.24003313482084643	0.2377470386048781
3	tecrdb_1746	-4.69197	-3.2591668651791537	-3.261452961395122	1.4328031348208468	1.4305170386048784
3	tecrdb_3130	-6.82736	-13.660186368213601	-13.750195482283274	6.832826368213602	6.922835482283275
3	tecrdb_1314	0.373883	11.927040484808849	11.834273610114835	11.55315748480885	11.460390610114835
3	tecrdb_2130	-2.8047	-3.2591668651791537	-3.261452961395122	0.4544668651791537	0.456752961395122
3	tecrdb_894	5.46759	-11.518681097421904	-11.605732013310615	16.986271097421906	17.073322013310616
3	tecrdb_1465	19.6567	25.280628174346518	25.05472611495272	5.623928174346517	5.398026114952721
3	tecrdb_1337	37.8491	35.10146871744706	35.08344041313998	2.7476312825529376	2.765659586860018
3	tecrdb_2910	-1.16512	-1.285833520190927	-1.2867088026825257	0.12071352019092707	0.12158880268252581
3	tecrdb_951	-5.42767	-7.320014047996917	-7.228696580909347	1.8923440479969171	1.8010265809093466
3	tecrdb_1739	-3.94426	-3.2591668651791537	-3.261452961395122	0.6850931348208462	0.6828070386048779
3	tecrdb_1323	35.3598	35.10146871744706	35.08344041313998	0.2583312825529376	0.2763595868600177
3	tecrdb_2472	12.8852	8.58138693424091	8.581400857347091	4.303813065759089	4.303799142652908
3	tecrdb_4253	11.6075	8.58138693424091	8.581400857347091	3.0261130657590893	3.0260991426529085
3	tecrdb_1231	0.513608	1.7849604623299626	1.6796367100171778	1.2713524623299626	1.1660287100171778
3	tecrdb_2684	0.240484	1.5934335921820661	1.5875670593329403	1.3529495921820662	1.3470830593329404
3	tecrdb_1790	34.7049	35.10146871744706	35.08344041313998	0.39656871744706024	0.3785404131399801
3	tecrdb_2242	-14.8408	-14.205736992778796	-14.220005185917174	0.6350630072212038	0.6207948140828261
3	tecrdb_1984	2.49844	1.5934335921820661	1.5875670593329403	0.9050064078179338	0.9108729406670597
3	tecrdb_1999	2.50524	1.5934335921820661	1.5875670593329403	0.911806407817934	0.9176729406670598
3	tecrdb_2575	4.90881	1.5568178943087414	1.3893149524925725	3.3519921056912585	3.5194950475074274
3	tecrdb_1774	11.8755	15.117621531430022	15.10728248609594	3.242121531430021	3.2317824860959394
3	tecrdb_3246	-8.64753	-2.173600643236	-2.0399409892250446	6.473929356764	6.607589010774955
3	tecrdb_3191	-10.0042	-10.77392663509169	-10.776491898626027	0.7697266350916898	0.7722918986260261
3	tecrdb_2443	0.1799	1.7849604623299626	1.6796367100171778	1.6050604623299627	1.499736710017178
3	tecrdb_3868	-3.37166	-3.981167976374664	-3.981303309564055	0.609507976374664	0.609643309564055
3	tecrdb_1536	-5.33408	-3.7853996427576533	-3.786013115766252	1.5486803572423469	1.548066884233748
3	tecrdb_688	37.4006	35.10146871744706	35.08344041313998	2.299131282552935	2.317159586860015
3	tecrdb_3520	28.6412	20.682697250617437	20.646582086194144	7.958502749382564	7.9946179138058575
3	tecrdb_3248	1.03757	-2.9907888606021533	-3.0078084960088773	4.028358860602154	4.045378496008878
3	tecrdb_710	11.5748	68.46280078638483	68.05913158255973	56.888000786384836	56.48433158255973
3	tecrdb_2967	-9.15311	-9.34526663909898	-9.345287361208293	0.19215663909898062	0.19217736120829265
3	tecrdb_2501	12.4317	8.58138693424091	8.581400857347091	3.8503130657590887	3.850299142652908
3	tecrdb_2204	-2.34484	0.5547195254860284	0.5547493876662415	2.8995595254860285	2.8995893876662415
3	tecrdb_200	5.02871	8.58138693424091	8.581400857347091	3.5526769342409104	3.5526908573470912
3	tecrdb_3945	-13.0031	-15.655823203243457	-15.651253116125545	2.6527232032434576	2.6481531161255454
3	tecrdb_123	21.6954	16.485678755575577	16.290948375347426	5.209721244424422	5.404451624652573
3	tecrdb_2864	2.73979	3.6879269199238607	3.6897201063963863	0.9481369199238605	0.9499301063963861
3	tecrdb_197	3.2909	8.58138693424091	8.581400857347091	5.29048693424091	5.290500857347091
3	tecrdb_1582	7.89917	5.5545258818017125	5.556627884486968	2.3446441181982873	2.342542115513032
3	tecrdb_1585	4.89216	5.158370832838415	5.1632962249884145	0.2662108328384152	0.27113622498841483
3	tecrdb_1546	-2.73258	5.500040683683665	5.500079121379699	8.232620683683665	8.2326591213797
3	tecrdb_2781	0.849855	-0.1131787345104982	-0.0829249684952913	0.9630337345104982	0.9327799684952913
3	tecrdb_1747	-4.70836	-3.2591668651791537	-3.261452961395122	1.4491931348208462	1.446907038604878
3	tecrdb_2842	-0.729213	1.5934335921820661	1.5875670593329403	2.3226465921820663	2.3167800593329404
3	tecrdb_2986	-7.9492	-9.34526663909898	-9.345287361208293	1.3960666390989802	1.3960873612082922
3	tecrdb_3978	-11.7989	-15.655823203243457	-15.651253116125545	3.8569232032434577	3.8523531161255455
3	tecrdb_3489	-10.3803	11.098210709304169	11.39875285547808	21.478510709304167	21.779052855478078
3	tecrdb_1178	1.03757	1.5934335921820661	1.5875670593329403	0.555863592182066	0.5499970593329402
3	tecrdb_2335	-19.8749	-16.37837589021362	-17.941529969772745	3.4965241097863817	1.9333700302272554
3	tecrdb_4183	2.75585	3.292847139179951	3.2928463490571787	0.5369971391799511	0.5369963490571785
3	tecrdb_1245	-29.7845	-24.926866350943556	-24.983467879910364	4.857633649056446	4.801032120089637
3	tecrdb_1272	11.4053	16.11066161395516	16.06368688774107	4.705361613955159	4.65838688774107
3	tecrdb_4272	-11.6075	-15.655823203243457	-15.651253116125545	4.0483232032434575	4.043753116125545
3	tecrdb_3711	-10.3134	-10.77392663509169	-10.776491898626027	0.460526635091691	0.4630918986260273
3	tecrdb_3456	-20.1465	-15.655823203243457	-15.651253116125545	4.490676796756542	4.495246883874454
3	tecrdb_2497	9.87768	8.58138693424091	8.581400857347091	1.2962930657590892	1.2962791426529083
3	tecrdb_1068	0.443478	1.5934335921820661	1.5875670593329403	1.149955592182066	1.1440890593329403
3	tecrdb_3356	1.03272	-2.483735145420553	-2.706357856845216	3.5164551454205535	3.739077856845216
3	tecrdb_1119	0.743079	1.5934335921820661	1.5875670593329403	0.8503545921820661	0.8444880593329402
3	tecrdb_749	18.6565	14.179853979889245	14.181336198676163	4.476646020110756	4.475163801323838
3	tecrdb_1597	-2.89333	-2.4674716405853587	-2.4674410831896267	0.42585835941464145	0.42588891681037344
3	tecrdb_983	-8.06713	-11.566726563973518	-11.5681684272934	3.499596563973517	3.5010384272934
3	tecrdb_1968	2.60476	1.5934335921820661	1.5875670593329403	1.011326407817934	1.01719294066706
3	tecrdb_2519	-0.101466	-2.020751563333107	-2.0432114872823206	1.919285563333107	1.9417454872823205
3	tecrdb_3382	-10.4962	-7.538531292717327	-7.537128901350222	2.9576687072826733	2.959071098649778
3	tecrdb_1410	-3.74586	-8.62744191920312	-8.673990846623916	4.88158191920312	4.928130846623915
3	tecrdb_2260	-14.6503	-14.205736992778796	-14.220005185917174	0.4445630072212037	0.430294814082826
3	tecrdb_1784	34.8368	35.10146871744706	35.08344041313998	0.26466871744706566	0.24664041313998553
3	tecrdb_2814	19.4267	18.991510954335496	19.964723284786714	0.43518904566450445	0.5380232847867141
3	tecrdb_77	-20.0948	-20.42119751555896	-20.354609285737325	0.32639751555895913	0.259809285737326
3	tecrdb_1044	6.7759	9.5880279924409	9.620508885762924	2.8121279924408995	2.8446088857629235
3	tecrdb_1257	-4.90502	-4.384182119784839	-4.382855755468167	0.5208378802151614	0.5221642445318331
3	tecrdb_962	-7.04011	-7.320014047996917	-7.228696580909347	0.2799040479969168	0.18858658090934632
3	tecrdb_1328	32.4223	35.10146871744706	35.08344041313998	2.6791687174470624	2.6611404131399823
3	tecrdb_2947	-8.37861	-9.34526663909898	-9.345287361208293	0.9666566390989804	0.9666773612082924
3	tecrdb_2189	-10.5001	-7.538531292717327	-7.537128901350222	2.961568707282673	2.9629710986497777
3	tecrdb_2166	-5.92828	-7.538531292717327	-7.537128901350222	1.6102512927173267	1.608848901350222
3	tecrdb_4196	-2.61706	3.292847139179951	3.2928463490571787	5.909907139179952	5.909906349057179
3	tecrdb_4027	3.1201	8.58138693424091	8.581400857347091	5.461286934240911	5.461300857347092
3	tecrdb_1854	19.2583	20.537449982540593	20.536815336754316	1.279149982540595	1.2785153367543174
3	tecrdb_2051	-2.89114	-3.8629904445429375	-3.7867181281404996	0.9718504445429375	0.8955781281404995
3	tecrdb_755	17.0348	14.179853979889245	14.181336198676163	2.8549460201107557	2.853463801323837
3	tecrdb_3328	0.172206	0.529688767113889	0.5173361431336758	0.35748276711388904	0.34513014313367585
3	tecrdb_1435	7.12921	9.087343044709904	9.071167136647233	1.9581330447099043	1.9419571366472335
3	tecrdb_1684	7.126	5.340619592718326	5.3369461883415426	1.7853804072816741	1.7890538116584578
3	tecrdb_2586	28.3493	25.280628174346518	25.05472611495272	3.0686718256534817	3.294573885047278
3	tecrdb_3369	-6.30052	-7.538531292717327	-7.537128901350222	1.238011292717327	1.2366089013502224
3	tecrdb_1404	-5.07021	-8.62744191920312	-8.673990846623916	3.5572319192031197	3.6037808466239154
3	tecrdb_2585	28.0881	25.280628174346518	25.05472611495272	2.807471825653483	3.033373885047279
3	tecrdb_1731	-2.95277	-3.2591668651791537	-3.261452961395122	0.30639686517915354	0.30868296139512186
3	tecrdb_4508	26.8956	23.007413690611415	22.91291227114607	3.888186309388587	3.982687728853932
3	tecrdb_4139	-6.15599	-4.69526745006562	-4.809968455033452	1.4607225499343803	1.3460215449665478
3	tecrdb_4446	29.2489	29.34307011809055	29.303470461309004	0.09417011809055253	0.054570461309005225
3	tecrdb_2957	-10.0683	-9.34526663909898	-9.345287361208293	0.7230333609010202	0.7230126387917082
3	tecrdb_3373	-6.03282	-7.538531292717327	-7.537128901350222	1.5057112927173266	1.504308901350222
3	tecrdb_2493	12.5528	8.58138693424091	8.581400857347091	3.971413065759089	3.971399142652908
3	tecrdb_1236	21.2409	15.434597005620951	15.420411522311042	5.806302994379049	5.820488477688958
3	tecrdb_1161	1.67893	1.5934335921820661	1.5875670593329403	0.08549640781793388	0.09136294066705974
3	tecrdb_2778	0.513402	-0.1131787345104982	-0.0829249684952913	0.6265807345104982	0.5963269684952913
3	tecrdb_2772	0.513402	-0.1131787345104982	-0.0829249684952913	0.6265807345104982	0.5963269684952913
3	tecrdb_41	-15.8581	-15.063242540559386	-15.030179291514344	0.7948574594406139	0.8279207084856566
3	tecrdb_3762	-35.7206	-37.46635153493426	-37.89672505114163	1.7457515349342643	2.176125051141632
3	tecrdb_2516	-15.8034	-17.551871988059787	-17.555079958274007	1.7484719880597872	1.751679958274007
3	tecrdb_1468	18.7308	25.280628174346518	25.05472611495272	6.549828174346519	6.323926114952723
3	tecrdb_1411	-4.41026	-8.62744191920312	-8.673990846623916	4.21718191920312	4.263730846623916
3	tecrdb_3557	1.87167	3.1901436100738465	3.302427577264801	1.3184736100738466	1.4307575772648011
3	tecrdb_3681	-9.86447	-10.77392663509169	-10.776491898626027	0.90945663509169	0.9120218986260262
3	tecrdb_1419	2.93829	2.697219063157007	2.6831602681440927	0.24107093684299263	0.25512973185590715
3	tecrdb_1210	17.6009	32.11067985684491	32.07563191713112	14.509779856844911	14.47473191713112
3	tecrdb_4038	3.1201	8.58138693424091	8.581400857347091	5.461286934240911	5.461300857347092
3	tecrdb_208	7.93098	8.58138693424091	8.581400857347091	0.6504069342409107	0.6504208573470915
3	tecrdb_2045	-2.58755	-3.8629904445429375	-3.7867181281404996	1.2754404445429377	1.1991681281404998
3	tecrdb_1197	25.3276	21.996622482835818	22.050040250629152	3.3309775171641824	3.277559749370848
3	tecrdb_3820	7.71517	5.4574576972160855	5.457583724723122	2.257712302783914	2.2575862752768776
3	tecrdb_221	12.0294	16.485678755575577	16.290948375347426	4.4562787555755765	4.2615483753474255
3	tecrdb_3668	-11.6943	-10.77392663509169	-10.776491898626027	0.9203733649083095	0.9178081013739732
3	tecrdb_2131	-2.95968	-3.2591668651791537	-3.261452961395122	0.29948686517915357	0.3017729613951219
3	tecrdb_4531	13.7334	17.67021670841426	17.670630944803193	3.936816708414259	3.9372309448031935
3	tecrdb_2760	20.8051	25.280628174346518	25.05472611495272	4.475528174346518	4.249626114952722
3	tecrdb_3651	9.65971	8.58138693424091	8.581400857347091	1.0783230657590899	1.078309142652909
3	tecrdb_3511	-9.60718	-16.37837589021362	-17.941529969772745	6.771195890213619	8.334349969772745
3	tecrdb_4479	3.25503	0.529688767113889	0.5173361431336758	2.725341232886111	2.7376938568663243
3	tecrdb_1662	13.6287	5.340619592718326	5.3369461883415426	8.288080407281674	8.291753811658458
3	tecrdb_2793	-1.48449	-0.1131787345104982	-0.0829249684952913	1.3713112654895019	1.4015650315047088
3	tecrdb_823	16.2265	15.434597005620951	15.420411522311042	0.7919029943790505	0.8060884776889594
3	tecrdb_2758	3.7899	6.073905438944173	6.043600040498603	2.2840054389441735	2.2537000404986034
3	tecrdb_1695	12.6953	5.340619592718326	5.3369461883415426	7.354680407281673	7.358353811658457
3	tecrdb_2619	-0.0	-1.5934335921820661	-1.5875670593329403	1.5934335921820661	1.5875670593329403
3	tecrdb_1900	-6.00703	-4.69526745006562	-4.809968455033452	1.3117625499343806	1.197061544966548
3	tecrdb_292	8.83552	6.039678654182481	6.133176313983455	2.7958413458175198	2.7023436860165457
3	tecrdb_4026	8.67571	8.58138693424091	8.581400857347091	0.09432306575908989	0.09430914265290902
3	tecrdb_1353	18.9587	15.434597005620951	15.420411522311042	3.5241029943790494	3.5382884776889583
3	tecrdb_1520	50.7217	35.10146871744706	35.08344041313998	15.620231282552936	15.638259586860016
3	tecrdb_2841	2.07493	1.5934335921820661	1.5875670593329403	0.481496407817934	0.4873629406670599
3	tecrdb_1557	-0.565172	0.529688767113889	0.5173361431336758	1.094860767113889	1.0825081431336758
3	tecrdb_1334	36.461	35.10146871744706	35.08344041313998	1.3595312825529362	1.3775595868600163
3	tecrdb_1304	9.46147	2.2398905625618752	2.2399910210682776	7.221579437438125	7.221478978931723
3	tecrdb_2934	10.8399	15.434597005620951	15.420411522311042	4.594697005620951	4.580511522311042
3	tecrdb_14	-8.59286	-7.538531292717327	-7.537128901350222	1.0543287072826732	1.0557310986497779
3	tecrdb_193	6.27338	8.58138693424091	8.581400857347091	2.30800693424091	2.308020857347091
3	tecrdb_3519	25.7354	20.682697250617437	20.646582086194144	5.052702749382561	5.088817913805855
3	tecrdb_2600	26.7834	25.280628174346518	25.05472611495272	1.5027718256534826	1.7286738850472787
3	tecrdb_1180	2.10952	1.5934335921820661	1.5875670593329403	0.5160864078179337	0.5219529406670596
3	tecrdb_1423	1.11375	4.588764560810773	4.803492259914165	3.475014560810773	3.689742259914165
3	tecrdb_3937	-18.4482	-15.655823203243457	-15.651253116125545	2.7923767967565425	2.7969468838744547
3	tecrdb_2456	-8.64753	-6.567996653390814	-6.427531727759115	2.0795333466091854	2.2199982722408844
3	tecrdb_980	3.5585	4.099988222456716	4.15494512036031	0.5414882224567159	0.5964451203603098
3	tecrdb_3184	-10.4686	-10.77392663509169	-10.776491898626027	0.30532663509169033	0.3078918986260266
3	tecrdb_495	27.0829	32.11067985684491	32.07563191713112	5.027779856844912	4.99273191713112
3	tecrdb_1087	18.6571	21.996622482835818	22.050040250629152	3.339522482835818	3.3929402506291524
3	tecrdb_4364	2.52575	5.340619592718326	5.3369461883415426	2.8148695927183263	2.8111961883415426
3	tecrdb_3844	3.9944	1.5934335921820661	1.5875670593329403	2.400966407817934	2.40683294066706
3	tecrdb_925	-4.59883	-4.69526745006562	-4.809968455033452	0.09643745006561932	0.21113845503345186
3	tecrdb_1273	-3.70364	-3.2591668651791537	-3.261452961395122	0.4444731348208464	0.44218703860487807
3	tecrdb_2578	4.64295	1.5568178943087414	1.3893149524925725	3.0861321056912585	3.2536350475074274
3	tecrdb_3564	9.51255	16.67823907700959	16.620749334045282	7.16568907700959	7.108199334045283
3	tecrdb_71	-15.3718	-4.881896568151745	-4.874761217499511	10.489903431848255	10.49703878250049
3	tecrdb_397	7.74319	20.682697250617437	20.646582086194144	12.939507250617437	12.903392086194144
3	tecrdb_4143	-6.17984	-4.69526745006562	-4.809968455033452	1.4845725499343807	1.3698715449665482
3	tecrdb_2019	1.61562	1.5934335921820661	1.5875670593329403	0.022186407817933906	0.028052940667059767
3	tecrdb_443	-11.7037	-11.82819990826269	-11.832789304042905	0.12449990826269008	0.12908930404290508
3	tecrdb_3383	-8.22472	-7.538531292717327	-7.537128901350222	0.6861887072826729	0.6875910986497775
3	tecrdb_2908	1.48201	1.5934335921820661	1.5875670593329403	0.1114235921820661	0.10555705933294024
3	tecrdb_44	-14.8079	-15.063242540559386	-15.030179291514344	0.2553425405593863	0.22227929151434367
3	tecrdb_824	22.0303	15.434597005620951	15.420411522311042	6.5957029943790495	6.609888477688958
3	tecrdb_3349	2.51564	2.6131350641218276	2.023193315014039	0.09749506412182773	0.492446684985961
3	tecrdb_2347	-0.87179	-3.8629904445429375	-3.7867181281404996	2.9912004445429377	2.9149281281404997
3	tecrdb_3960	0.269944	-15.655823203243457	-15.651253116125545	15.925767203243458	15.921197116125546
3	tecrdb_538	6.136	8.58138693424091	8.581400857347091	2.4453869342409105	2.4454008573470913
3	tecrdb_2925	22.7512	15.434597005620951	15.420411522311042	7.31660299437905	7.330788477688959
3	tecrdb_2152	-5.24129	-3.981167976374664	-3.981303309564055	1.2601220236253363	1.2599866904359454
3	tecrdb_4535	-0.0	0.529688767113889	0.5173361431336758	0.529688767113889	0.5173361431336758
3	tecrdb_1987	2.63096	1.5934335921820661	1.5875670593329403	1.0375264078179338	1.0433929406670597
3	tecrdb_1295	-5.70801	-6.388038532019884	-6.416482489120362	0.6800285320198842	0.7084724891203624
3	tecrdb_2919	22.6392	15.434597005620951	15.420411522311042	7.204602994379048	7.218788477688957
3	tecrdb_2791	1.19531	-0.1131787345104982	-0.0829249684952913	1.3084887345104983	1.2782349684952914
3	tecrdb_700	-6.13923	-4.69526745006562	-4.809968455033452	1.4439625499343807	1.3292615449665481
3	tecrdb_245	-8.51331	-12.08606002692926	-12.145202460488633	3.57275002692926	3.6318924604886327
3	tecrdb_4435	29.1458	29.34307011809055	29.303470461309004	0.19727011809055028	0.15767046130900297
3	tecrdb_2198	4.20814	0.5547195254860284	0.5547493876662415	3.653420474513972	3.6533906123337587
3	tecrdb_3323	-0.257072	0.529688767113889	0.5173361431336758	0.786760767113889	0.7744081431336758
3	tecrdb_3698	-16.1693	-10.77392663509169	-10.776491898626027	5.395373364908309	5.392808101373973
3	tecrdb_4361	-4.40423	5.340619592718326	5.3369461883415426	9.744849592718326	9.741176188341543
3	tecrdb_2308	0.159046	0.12663006328065762	0.14334138354271886	0.03241593671934237	0.015704616457281134
3	tecrdb_448	-11.6868	-11.82819990826269	-11.832789304042905	0.14139990826268978	0.14598930404290478
3	tecrdb_3433	-11.8641	-15.655823203243457	-15.651253116125545	3.791723203243457	3.7871531161255447
3	tecrdb_4391	1.19146	2.697219063157007	2.6831602681440927	1.5057590631570072	1.4917002681440927
3	tecrdb_4325	-27.6202	-15.655823203243457	-15.651253116125545	11.964376796756543	11.968946883874455
3	tecrdb_3354	2.30954	1.5934335921820661	1.5875670593329403	0.716106407817934	0.7219729406670599
3	tecrdb_3076	20.1086	24.036414954478815	23.990455214541598	3.9278149544788157	3.8818552145415985
3	tecrdb_2340	7.83046	8.335389535536244	8.329823769035933	0.5049295355362435	0.4993637690359325
3	tecrdb_960	-5.65541	-7.320014047996917	-7.228696580909347	1.6646040479969173	1.5732865809093468
3	tecrdb_3283	30.9583	26.583333626116	26.5803767951724	4.374966373884	4.377923204827603
3	tecrdb_1508	-3.45488	-3.2591668651791537	-3.261452961395122	0.1957131348208465	0.1934270386048782
3	tecrdb_2694	-0.263042	1.5934335921820661	1.5875670593329403	1.8564755921820661	1.8506090593329403
3	tecrdb_4527	13.0334	17.67021670841426	17.670630944803193	4.636816708414258	4.637230944803193
3	tecrdb_759	17.973	25.280628174346518	25.05472611495272	7.307628174346519	7.081726114952723
3	tecrdb_1702	12.9496	5.340619592718326	5.3369461883415426	7.608980407281674	7.612653811658458
3	tecrdb_1806	32.4345	35.10146871744706	35.08344041313998	2.6669687174470624	2.6489404131399823
3	tecrdb_4486	2.39297	0.529688767113889	0.5173361431336758	1.863281232886111	1.8756338568663242
3	tecrdb_3270	31.2437	26.583333626116	26.5803767951724	4.660366373883999	4.663323204827602
3	tecrdb_3177	-10.4045	-10.77392663509169	-10.776491898626027	0.36942663509169016	0.37199189862602644
3	tecrdb_3555	-6.66306	-7.538531292717327	-7.537128901350222	0.8754712927173269	0.8740689013502223
3	tecrdb_4177	1.17893	3.292847139179951	3.2928463490571787	2.113917139179951	2.1139163490571784
3	tecrdb_697	-0.0	7.7454420010350375	7.7231231804021085	7.7454420010350375	7.7231231804021085
3	tecrdb_4421	11.763	12.591644974300422	12.591539558296176	0.8286449743004223	0.8285395582961765
3	tecrdb_3009	14.6802	13.79819603291324	13.836225373691008	0.8820039670867601	0.8439746263089916
3	tecrdb_4345	-3.2433	-9.802855393728382	-9.666996894947903	6.559555393728383	6.423696894947904
3	tecrdb_2623	0.919851	2.6131350641218276	2.023193315014039	1.6932840641218276	1.103342315014039
3	tecrdb_1967	2.53625	1.5934335921820661	1.5875670593329403	0.9428164078179337	0.9486829406670596
3	tecrdb_1443	0.206699	1.5934335921820661	1.5875670593329403	1.3867345921820662	1.3808680593329403
3	tecrdb_1744	-4.56606	-3.2591668651791537	-3.261452961395122	1.3068931348208466	1.3046070386048783
3	tecrdb_2654	15.78	29.34307011809055	29.303470461309004	13.563070118090552	13.523470461309005
3	tecrdb_3776	34.7327	35.10146871744706	35.08344041313998	0.3687687174470611	0.35074041313998094
3	tecrdb_3866	-3.94568	-3.981167976374664	-3.981303309564055	0.035487976374664054	0.03562330956405502
3	tecrdb_2926	22.6547	15.434597005620951	15.420411522311042	7.220102994379047	7.234288477688956
3	tecrdb_2742	-0.54386	0.529688767113889	0.5173361431336758	1.073548767113889	1.0611961431336758
3	tecrdb_4469	23.7774	21.996622482835818	22.050040250629152	1.7807775171641822	1.727359749370848
3	tecrdb_4351	3.0601	5.340619592718326	5.3369461883415426	2.2805195927183264	2.2768461883415427
3	tecrdb_2199	1.05715	0.5547195254860284	0.5547493876662415	0.5024304745139716	0.5024006123337585
3	tecrdb_4485	2.8138	0.529688767113889	0.5173361431336758	2.284111232886111	2.2964638568663243
3	tecrdb_1700	15.116	5.340619592718326	5.3369461883415426	9.775380407281673	9.779053811658457
3	tecrdb_1512	-3.64286	-3.2591668651791537	-3.261452961395122	0.38369313482084655	0.38140703860487823
3	tecrdb_2057	-3.61007	-3.8629904445429375	-3.7867181281404996	0.2529204445429376	0.17664812814049968
3	tecrdb_1086	19.6882	21.996622482835818	22.050040250629152	2.3084224828358195	2.361840250629154
3	tecrdb_4408	13.1856	14.636825302588363	14.67948221207493	1.4512253025883624	1.4938822120749293
3	tecrdb_1657	14.4622	5.340619592718326	5.3369461883415426	9.121580407281673	9.125253811658457
3	tecrdb_1310	29.8064	15.434597005620951	15.420411522311042	14.371802994379049	14.385988477688958
3	tecrdb_19	-15.2839	-15.063242540559386	-15.030179291514344	0.22065745944061277	0.2537207084856554
3	tecrdb_1415	2.63456	2.697219063157007	2.6831602681440927	0.0626590631570072	0.048600268144092684
3	tecrdb_1961	13.9486	12.591644974300422	12.591539558296176	1.3569550256995786	1.3570604417038243
3	tecrdb_3788	-3.2433	-6.567996653390814	-6.427531727759115	3.324696653390814	3.1842317277591152
3	tecrdb_219	19.0808	16.485678755575577	16.290948375347426	2.5951212444244227	2.7898516246525737
3	tecrdb_493	20.3882	32.11067985684491	32.07563191713112	11.72247985684491	11.687431917131118
3	tecrdb_2536	-9.15351	-14.154277582660228	-14.134127169543774	5.000767582660227	4.980617169543773
3	tecrdb_1788	34.513	35.10146871744706	35.08344041313998	0.5884687174470642	0.5704404131399841
3	tecrdb_2010	-3.60372	-4.597930923729074	-4.408144028758571	0.9942109237290744	0.8044240287585707
3	tecrdb_1409	-3.59268	-8.62744191920312	-8.673990846623916	5.03476191920312	5.081310846623916
3	tecrdb_451	-11.4504	-11.82819990826269	-11.832789304042905	0.3777999082626895	0.3823893040429045
3	tecrdb_1527	45.4278	35.10146871744706	35.08344041313998	10.326331282552935	10.344359586860016
3	tecrdb_1473	22.6876	25.280628174346518	25.05472611495272	2.593028174346518	2.367126114952722
3	tecrdb_222	10.8895	16.485678755575577	16.290948375347426	5.596178755575577	5.401448375347426
3	tecrdb_1859	18.1317	20.537449982540593	20.536815336754316	2.405749982540595	2.405115336754317
3	tecrdb_789	2.00246	1.6090437048677275	1.5805103112914347	0.3934162951322726	0.4219496887085654
3	tecrdb_2217	2.96953	0.529688767113889	0.5173361431336758	2.4398412328861108	2.452193856866324
3	tecrdb_3942	-17.2456	-15.655823203243457	-15.651253116125545	1.5897767967565422	1.5943468838744543
3	tecrdb_1701	10.4089	5.340619592718326	5.3369461883415426	5.068280407281673	5.071953811658457
3	tecrdb_212	6.04145	8.58138693424091	8.581400857347091	2.5399369342409104	2.5399508573470913
3	tecrdb_1646	4.79063	5.340619592718326	5.3369461883415426	0.549989592718326	0.5463161883415424
3	tecrdb_3536	-13.2908	-15.655823203243457	-15.651253116125545	2.3650232032434566	2.3604531161255444
3	tecrdb_1826	2.85894	0.529688767113889	0.5173361431336758	2.329251232886111	2.341603856866324
3	tecrdb_478	-12.1604	-11.82819990826269	-11.832789304042905	0.3322000917373096	0.3276106959570946
3	tecrdb_1529	43.9458	35.10146871744706	35.08344041313998	8.844331282552936	8.862359586860016
3	tecrdb_3397	-18.7372	-15.655823203243457	-15.651253116125545	3.081376796756544	3.085946883874456
3	tecrdb_2617	6.20944	25.200705448654823	25.15023826096439	18.991265448654822	18.94079826096439
3	tecrdb_736	-15.9944	-16.95117913467952	-17.12979212556896	0.95677913467952	1.135392125568961
3	tecrdb_2011	0.551308	1.5934335921820661	1.5875670593329403	1.042125592182066	1.0362590593329402
3	tecrdb_122	19.6915	16.485678755575577	16.290948375347426	3.205821244424424	3.400551624652575
3	tecrdb_3464	-16.7477	-15.655823203243457	-15.651253116125545	1.0918767967565408	1.096446883874453
3	tecrdb_1671	2.16732	5.340619592718326	5.3369461883415426	3.173299592718326	3.1696261883415424
3	tecrdb_1780	34.8426	35.10146871744706	35.08344041313998	0.25886871744706497	0.24084041313998483
3	tecrdb_483	23.9987	20.682697250617437	20.646582086194144	3.3160027493825623	3.3521179138058557
3	tecrdb_3535	-11.9816	-15.655823203243457	-15.651253116125545	3.674223203243457	3.669653116125545
3	tecrdb_3804	4.46627	5.4574576972160855	5.457583724723122	0.9911876972160858	0.9913137247231223
3	tecrdb_2878	15.6669	9.802855393728382	9.666996894947903	5.864044606271618	5.999903105052097
3	tecrdb_2027	1.91853	1.5934335921820661	1.5875670593329403	0.3250964078179339	0.3309629406670598
3	tecrdb_169	15.6395	16.485678755575577	16.290948375347426	0.8461787555755773	0.6514483753474263
3	tecrdb_1576	3.39534	2.697219063157007	2.6831602681440927	0.6981209368429928	0.7121797318559073
3	tecrdb_4204	5.12365	3.292847139179951	3.2928463490571787	1.8308028608200484	1.830803650942821
3	tecrdb_2972	-9.5042	-9.34526663909898	-9.345287361208293	0.1589333609010204	0.15891263879170836
3	tecrdb_3829	9.12482	5.4574576972160855	5.457583724723122	3.667362302783914	3.6672362752768777
3	tecrdb_3455	-11.7472	-15.655823203243457	-15.651253116125545	3.908623203243458	3.904053116125546
3	tecrdb_521	-5.34291	8.58138693424091	8.581400857347091	13.92429693424091	13.924310857347091
3	tecrdb_2113	-4.11068	-3.8629904445429375	-3.7867181281404996	0.24768955545706284	0.32396187185950076
3	tecrdb_2426	4.14311	2.4395160290227267	2.450068980451988	1.7035939709772734	1.6930410195480121
3	tecrdb_475	-11.7427	-11.82819990826269	-11.832789304042905	0.08549990826269038	0.09008930404290538
3	tecrdb_2481	13.1842	8.58138693424091	8.581400857347091	4.60281306575909	4.602799142652909
3	tecrdb_1799	33.4493	35.10146871744706	35.08344041313998	1.6521687174470614	1.6341404131399813
3	tecrdb_2299	23.8434	25.280628174346518	25.05472611495272	1.4372281743465187	1.2113261149527226
3	tecrdb_3524	-14.3766	-15.655823203243457	-15.651253116125545	1.2792232032434576	1.2746531161255454
3	tecrdb_3852	3.63945	1.5934335921820661	1.5875670593329403	2.046016407817934	2.05188294066706
3	tecrdb_3278	24.0574	26.583333626116	26.5803767951724	2.525933626116	2.522976795172397
3	tecrdb_2974	-9.8191	-9.34526663909898	-9.345287361208293	0.47383336090102013	0.4738126387917081
3	tecrdb_3007	13.6384	13.79819603291324	13.836225373691008	0.1597960329132384	0.19782537369100694
3	tecrdb_3311	2.42815	3.2589444587224605	3.271038620322024	0.8307944587224605	0.8428886203220238
3	tecrdb_3521	20.1927	20.682697250617437	20.646582086194144	0.4899972506174386	0.4538820861941453
3	tecrdb_4393	2.85894	2.697219063157007	2.6831602681440927	0.16172093684299282	0.17577973185590734
3	tecrdb_669	0.679276	2.2398905625618752	2.2399910210682776	1.5606145625618753	1.5607150210682776
3	tecrdb_2886	-0.710998	0.529688767113889	0.5173361431336758	1.240686767113889	1.2283341431336758
3	tecrdb_927	-4.83166	-4.69526745006562	-4.809968455033452	0.13639254993438055	0.021691544966548015
3	tecrdb_2288	0.286478	0.529688767113889	0.5173361431336758	0.243210767113889	0.2308581431336758
3	tecrdb_2983	-8.9088	-9.34526663909898	-9.345287361208293	0.4364666390989811	0.4364873612082931
3	tecrdb_2192	-5.94392	-7.538531292717327	-7.537128901350222	1.5946112927173264	1.5932089013502218
3	tecrdb_2589	26.2241	25.280628174346518	25.05472611495272	0.9434718256534822	1.1693738850472783
3	tecrdb_350	12.528	8.58138693424091	8.581400857347091	3.94661306575909	3.946599142652909
3	tecrdb_3607	0.491951	0.4273179711510835	0.45564442794932347	0.06463302884891653	0.036306572050676555
3	tecrdb_293	25.0423	23.723810280037796	23.66541116246014	1.318489719962205	1.3768888375398625
4	tecrdb_2818	20.8347	18.966154562726388	19.85876911563534	1.8685454372736139	0.9759308843646615
4	tecrdb_814	0.746427	0.4824289612728734	0.4830590948132496	0.26399803872712657	0.26336790518675035
4	tecrdb_3720	7.43294	9.380135443130442	9.302619823406015	1.9471954431304415	1.869679823406015
4	tecrdb_2949	-9.36943	-9.323359026005804	-9.323349766172399	0.046070973994195796	0.046080233827600736
4	tecrdb_3855	6.70025	6.955292666393703	6.9554898286898315	0.2550426663937033	0.25523982868983186
4	tecrdb_2023	2.14328	1.5979415421285381	1.5923888615076862	0.5453384578714617	0.5508911384923136
4	tecrdb_39	-13.6176	-15.354233783475223	-15.315242179749248	1.7366337834752237	1.6976421797492485
4	tecrdb_2429	4.68641	2.384340220312424	2.391483886604547	2.302069779687576	2.2949261133954533
4	tecrdb_3931	-3.13446	-2.1978158118400195	-2.195512183389507	0.9366441881599803	0.9389478166104928
4	tecrdb_3725	-7.99667	-5.464877271066239	-5.74657977022688	2.5317927289337607	2.25009022977312
4	tecrdb_4432	34.6412	29.252879203525623	29.241296327829218	5.388320796474375	5.39990367217078
4	tecrdb_2332	2.3066	2.5297783482393967	1.96699730143931	0.22317834823939675	0.3396026985606899
4	tecrdb_3646	4.28281	8.653237936936335	8.653247166441503	4.370427936936336	4.370437166441503
4	tecrdb_3530	-13.1444	-15.878291464284416	-15.871566866254028	2.733891464284417	2.727166866254029
4	tecrdb_2462	8.94961	8.653237936936335	8.653247166441503	0.29637206306366437	0.29636283355849713
4	tecrdb_3606	-0.0	0.4824289612728734	0.4830590948132496	0.4824289612728734	0.4830590948132496
4	tecrdb_1524	42.4887	35.15421964238092	35.13107681388729	7.3344803576190785	7.357623186112711
4	tecrdb_1745	-4.61355	-3.134095010116255	-3.1284800563581285	1.4794549898837452	1.4850699436418715
4	tecrdb_1649	9.04735	5.853650954254164	5.850955496741442	3.193699045745836	3.196394503258558
4	tecrdb_3872	-3.39937	-3.7486130247064153	-3.7487545851184905	0.34924302470641555	0.3493845851184907
4	tecrdb_1251	19.1818	26.629684708220076	26.60102587672815	7.4478847082200765	7.419225876728152
4	tecrdb_4529	12.6433	17.07888162852059	17.079198606564532	4.435581628520591	4.435898606564532
4	tecrdb_4460	6.45444	6.112780534579372	6.526027209080098	0.3416594654206282	0.07158720908009819
4	tecrdb_3956	-14.2073	-15.878291464284416	-15.871566866254028	1.6709914642844161	1.664266866254028
4	tecrdb_4170	2.79093	3.3146625676599797	3.314662353842621	0.5237325676599798	0.5237323538426213
4	tecrdb_2892	-0.0	-0.34358861002158925	-0.34426764080662053	0.34358861002158925	0.34426764080662053
4	tecrdb_1878	16.6311	15.778139561729457	15.735864909498183	0.8529604382705429	0.8952350905018172
4	tecrdb_2935	10.8399	16.44729347343535	16.437043312303253	5.607393473435351	5.597143312303253
4	tecrdb_3998	-19.6764	-20.381549520890076	-20.277423679656764	0.7051495208900747	0.6010236796567625
4	tecrdb_829	3.06864	7.122239185069841	7.123583646384775	4.0535991850698405	4.054943646384775
4	tecrdb_4121	11.1573	37.00120216147198	36.92577749207402	25.84390216147198	25.76847749207402
4	tecrdb_2641	6.20944	-0.7061308547244352	-0.7071725418186503	6.915570854724435	6.91661254181865
4	tecrdb_460	-10.9122	-11.456131171077288	-11.45402329822494	0.5439311710772881	0.5418232982249389
4	tecrdb_1196	23.8536	21.989283701976674	22.074864727294155	1.8643162980233257	1.7787352727058447
4	tecrdb_52	2.98474	1.5979415421285381	1.5923888615076862	1.3867984578714618	1.3923511384923137
4	tecrdb_2776	-0.101466	0.17077057555732722	0.1828555404226222	0.2722365755573272	0.2843215404226222
4	tecrdb_3449	-14.3437	-15.878291464284416	-15.871566866254028	1.534591464284416	1.527866866254028
4	tecrdb_4197	2.00716	3.3146625676599797	3.314662353842621	1.3075025676599799	1.3075023538426214
4	tecrdb_1717	11.6617	11.924331852845881	11.924476092895567	0.26263185284588175	0.26277609289556736
4	tecrdb_2524	4.9728	8.653237936936335	8.653247166441503	3.680437936936335	3.6804471664415024
4	tecrdb_2970	-8.63898	-9.323359026005804	-9.323349766172399	0.6843790260058036	0.6843697661723986
4	tecrdb_4450	-13.2559	-8.431500323909347	-8.54407296151848	4.824399676090653	4.71182703848152
4	tecrdb_347	13.27	8.653237936936335	8.653247166441503	4.616762063063664	4.616752833558497
4	tecrdb_3008	14.6618	13.664026157964884	13.674834784949397	0.9977738420351159	0.9869652150506028
4	tecrdb_1966	2.65255	1.5979415421285381	1.5923888615076862	1.054608457871462	1.060161138492314
4	tecrdb_33	-12.9744	-15.354233783475223	-15.315242179749248	2.379833783475224	2.3408421797492487
4	tecrdb_3025	-0.274523	0.4824289612728734	0.4830590948132496	0.7569519612728735	0.7575820948132497
4	tecrdb_2307	17.1842	25.03502645571964	24.909570016521286	7.850826455719638	7.7253700165212855
4	tecrdb_1867	25.6259	26.004342175574905	26.004539476864473	0.37844217557490367	0.3786394768644712
4	tecrdb_1725	-5.57824	-3.134095010116255	-3.1284800563581285	2.4441449898837453	2.4497599436418716
4	tecrdb_3563	9.72764	14.837829303932978	14.894193391170376	5.110189303932978	5.1665533911703765
4	tecrdb_4371	5.49438	5.853650954254164	5.850955496741442	0.3592709542541641	0.35657549674144207
4	tecrdb_745	11.5121	25.453694619621515	25.74381717813437	13.941594619621515	14.231717178134371
4	tecrdb_3014	14.4676	13.664026157964884	13.674834784949397	0.8035738420351155	0.7927652150506024
4	tecrdb_1798	33.4826	35.15421964238092	35.13107681388729	1.671619642380925	1.6484768138872923
4	tecrdb_1846	20.9693	20.41995935336169	20.418834886763577	0.54934064663831	0.5504651132364238
4	tecrdb_482	-11.5742	-11.456131171077288	-11.45402329822494	0.11806882892271098	0.12017670177506012
4	tecrdb_190	2.30954	8.653237936936335	8.653247166441503	6.343697936936335	6.343707166441503
4	tecrdb_2022	1.38879	1.5979415421285381	1.5923888615076862	0.20915154212853815	0.20359886150768625
4	tecrdb_1175	1.48652	1.5979415421285381	1.5923888615076862	0.11142154212853805	0.10586886150768615
4	tecrdb_3126	-13.1195	-16.511929310723062	-16.539427246524966	3.3924293107230614	3.4199272465249653
4	tecrdb_1965	1.57384	5.853650954254164	5.850955496741442	4.279810954254164	4.277115496741442
4	tecrdb_919	14.7276	-13.910645811465102	-12.833765509893759	28.638245811465104	27.56136550989376
4	tecrdb_3116	13.9213	16.44729347343535	16.437043312303253	2.525993473435351	2.515743312303252
4	tecrdb_1865	27.8707	26.004342175574905	26.004539476864473	1.8663578244250942	1.8661605231355267
4	tecrdb_1736	-3.90212	-3.134095010116255	-3.1284800563581285	0.7680249898837452	0.7736399436418715
4	tecrdb_259	-2.72341	-3.9116239896801335	-3.99813765780167	1.1882139896801336	1.27472765780167
4	tecrdb_3944	-14.5268	-15.878291464284416	-15.871566866254028	1.3514914642844165	1.3447668662540284
4	tecrdb_4387	10.5855	11.844952116716005	11.86821518979209	1.2594521167160053	1.282715189792091
4	tecrdb_3645	6.15858	8.653237936936335	8.653247166441503	2.4946579369363358	2.494667166441503
4	tecrdb_3204	3.06864	2.9571977226629436	2.9731971169448226	0.11144227733705625	0.09544288305517723
4	tecrdb_463	-11.3235	-11.456131171077288	-11.45402329822494	0.13263117107728917	0.13052329822494002
4	tecrdb_3954	-12.6236	-15.878291464284416	-15.871566866254028	3.2546914642844165	3.2479668662540284
4	tecrdb_964	-6.98854	-7.109200954810838	-7.045161548346691	0.1206609548108375	0.05662154834669053
4	tecrdb_3841	2.22892	1.5979415421285381	1.5923888615076862	0.6309784578714619	0.6365311384923138
4	tecrdb_3468	-14.159	-15.878291464284416	-15.871566866254028	1.7192914642844155	1.7125668662540274
4	tecrdb_792	-4.92189	-3.134095010116255	-3.1284800563581285	1.7877949898837455	1.7934099436418718
4	tecrdb_1092	18.3184	16.075768822326438	16.07848164348934	2.2426311776735623	2.2399183565106604
4	tecrdb_3911	2.75404	1.9775242275811244	1.9439396021877116	0.7765157724188754	0.8101003978122883
4	tecrdb_3453	-13.1584	-15.878291464284416	-15.871566866254028	2.719891464284416	2.713166866254028
4	tecrdb_2157	-4.59883	-3.7486130247064153	-3.7487545851184905	0.8502169752935851	0.85007541488151
4	tecrdb_1135	-1.07037	1.5979415421285381	1.5923888615076862	2.668311542128538	2.6627588615076863
4	tecrdb_3197	-10.9725	-2.1503275420726027	-2.150866418483133	8.822172457927397	8.821633581516867
4	tecrdb_4346	3.47374	3.958210717157752	3.957859108612566	0.48447071715775225	0.48411910861256624
4	tecrdb_3506	-10.5045	-16.436376214486927	-17.89177181419626	5.931876214486927	7.387271814196261
4	tecrdb_3736	-1.51158	16.44729347343535	16.437043312303253	17.95887347343535	17.94862331230325
4	tecrdb_2267	2.87198	2.9571977226629436	2.9731971169448226	0.08521772266294336	0.10121711694482238
4	tecrdb_3358	-5.53077	-7.698007435161841	-7.695764182126435	2.167237435161841	2.164994182126435
4	tecrdb_1654	11.6093	5.853650954254164	5.850955496741442	5.755649045745836	5.758344503258558
4	tecrdb_4299	4.39584	5.853650954254164	5.850955496741442	1.457810954254164	1.455115496741442
4	tecrdb_2060	-3.03369	-3.795350941962255	-3.7352381275164674	0.7616609419622549	0.7015481275164674
4	tecrdb_2721	9.04735	-2.9541785157217078	-2.9541757144326084	12.001528515721708	12.001525714432608
4	tecrdb_4133	-6.10764	-4.822098280607632	-4.908276130525027	1.2855417193923682	1.1993638694749729
4	tecrdb_676	2.00716	2.9754350316656755	2.9755249831409927	0.9682750316656756	0.9683649831409928
4	tecrdb_3955	-12.1954	-15.878291464284416	-15.871566866254028	3.682891464284417	3.6761668662540288
4	tecrdb_4516	4.18592	3.5768928519886742	3.58064528782581	0.6090271480113261	0.6052747121741904
4	tecrdb_322	2.50153	1.5979415421285381	1.5923888615076862	0.9035884578714617	0.9091411384923136
4	tecrdb_2243	-14.7037	-14.968893660198674	-14.965963474768358	0.2651936601986744	0.26226347476835876
4	tecrdb_98	17.538	16.52440643091043	16.328284957067225	1.0135935690895685	1.2097150429327748
4	tecrdb_1813	34.356	35.15421964238092	35.13107681388729	0.7982196423809214	0.7750768138872886
4	tecrdb_2170	-8.69344	-7.698007435161841	-7.695764182126435	0.9954325648381595	0.9976758178735654
4	tecrdb_2330	1.2367	2.5297783482393967	1.96699730143931	1.2930783482393968	0.7302973014393102
4	tecrdb_3966	-13.3049	-15.878291464284416	-15.871566866254028	2.5733914642844162	2.566666866254028
4	tecrdb_528	3.19214	8.653237936936335	8.653247166441503	5.461097936936335	5.4611071664415025
4	tecrdb_1836	37.8592	37.44123582357062	37.407682554142774	0.4179641764293791	0.45151744585722753
4	tecrdb_1887	-6.00328	-4.822098280607632	-4.908276130525027	1.1811817193923684	1.095003869474973
4	tecrdb_2065	-2.11806	-3.795350941962255	-3.7352381275164674	1.677290941962255	1.6171781275164676
4	tecrdb_2171	-9.96051	-7.698007435161841	-7.695764182126435	2.262502564838158	2.264745817873564
4	tecrdb_112	13.3059	16.52440643091043	16.328284957067225	3.2185064309104323	3.022384957067226
4	tecrdb_2706	-16.5888	-16.436376214486927	-17.89177181419626	0.15242378551307212	1.3029718141962618
4	tecrdb_3601	-3.53379	-3.134095010116255	-3.1284800563581285	0.3996949898837454	0.4053099436418717
4	tecrdb_195	7.55083	8.653237936936335	8.653247166441503	1.102407936936335	1.1024171664415023
4	tecrdb_682	-17.576	-23.307743052507888	-23.61895849346874	5.731743052507888	6.042958493468738
4	tecrdb_3732	-0.509476	16.44729347343535	16.437043312303253	16.95676947343535	16.946519312303252
4	tecrdb_2148	-4.55784	-3.7486130247064153	-3.7487545851184905	0.8092269752935843	0.8090854148815092
4	tecrdb_4085	-7.29914	4.867947303555432	4.868201699670969	12.167087303555434	12.16734169967097
4	tecrdb_4507	22.5733	23.352370836711657	23.25332133728341	0.7790708367116572	0.6800213372834101
4	tecrdb_4495	2.84097	0.4824289612728734	0.4830590948132496	2.3585410387271266	2.3579109051867504
4	tecrdb_260	-4.52298	-3.134095010116255	-3.1284800563581285	1.3888849898837448	1.394499943641871
4	tecrdb_2402	19.4183	23.352370836711657	23.25332133728341	3.9340708367116584	3.835021337283411
4	tecrdb_2618	-0.0	-4.155715206546855	-4.159222517227182	4.155715206546855	4.159222517227182
4	tecrdb_1730	-3.68968	-3.134095010116255	-3.1284800563581285	0.5555849898837453	0.5611999436418715
4	tecrdb_3118	5.78352	7.0553613634334695	7.05552772505337	1.2718413634334693	1.2720077250533697
4	tecrdb_3430	-13.9329	-15.878291464284416	-15.871566866254028	1.9453914642844161	1.938666866254028
4	tecrdb_2389	-7.14976	-8.498099930718737	-8.498400674415088	1.3483399307187378	1.3486406744150878
4	tecrdb_3387	16.7499	11.020588965177154	11.018723360987721	5.729311034822846	5.731176639012279
4	tecrdb_741	8.8188	5.275795180072857	5.2757220265044324	3.543004819927143	3.543077973495567
4	tecrdb_1676	1.42278	5.853650954254164	5.850955496741442	4.430870954254164	4.428175496741442
4	tecrdb_4005	3.44428	9.71776203285524	9.747839703107012	6.273482032855241	6.303559703107012
4	tecrdb_2112	-3.88853	-3.795350941962255	-3.7352381275164674	0.09317905803774496	0.15329187248353238
4	tecrdb_1503	-3.24794	-3.134095010116255	-3.1284800563581285	0.11384498988374503	0.11945994364187129
4	tecrdb_338	12.8313	8.653237936936335	8.653247166441503	4.178062063063665	4.178052833558498
4	tecrdb_1978	1.91423	1.5979415421285381	1.5923888615076862	0.316288457871462	0.3218411384923139
4	tecrdb_3748	-35.9643	-37.687280052856494	-37.90127204259332	1.7229800528564923	1.9369720425933181
4	tecrdb_3504	-9.84801	-16.436376214486927	-17.89177181419626	6.588366214486927	8.04376181419626
4	tecrdb_2784	0.814171	0.17077057555732722	0.1828555404226222	0.6434004244426728	0.6313154595773778
4	tecrdb_1115	3.98973	1.5979415421285381	1.5923888615076862	2.391788457871462	2.397341138492314
4	tecrdb_2215	2.99287	0.4824289612728734	0.4830590948132496	2.5104410387271265	2.5098109051867503
4	tecrdb_4195	5.83067	3.3146625676599797	3.314662353842621	2.51600743234002	2.5160076461573784
4	tecrdb_1311	23.48	16.44729347343535	16.437043312303253	7.032706526564649	7.042956687696748
4	tecrdb_1768	-3.69527	-3.134095010116255	-3.1284800563581285	0.561174989883745	0.5667899436418713
4	tecrdb_2271	-4.13417	-1.7671280192519134	-1.7657095736226154	2.3670419807480867	2.3684604263773847
4	tecrdb_4235	-7.38982	-6.419053757786445	-6.304676074366675	0.9707662422135552	1.085143925633325
4	tecrdb_3281	30.9127	26.004342175574905	26.004539476864473	4.908357824425096	4.908160523135528
4	tecrdb_2530	4.95565	4.765385042815296	4.762498411020559	0.19026495718470393	0.1931515889794415
4	tecrdb_2486	12.9903	8.653237936936335	8.653247166441503	4.337062063063664	4.337052833558497
4	tecrdb_892	-4.79432	-6.1115903084568615	-6.1215815713027055	1.3172703084568615	1.3272615713027056
4	tecrdb_3650	13.7593	8.653237936936335	8.653247166441503	5.106062063063664	5.106052833558497
4	tecrdb_3147	-10.6494	-8.962763354894356	-8.961798993009737	1.6866366451056436	1.6876010069902634
4	tecrdb_4188	-3.49424	3.3146625676599797	3.314662353842621	6.808902567659979	6.808902353842621
4	tecrdb_2077	-3.49172	-3.795350941962255	-3.7352381275164674	0.30363094196225493	0.2435181275164675
4	tecrdb_2455	15.1581	-43.35578958949745	-43.70814406038329	58.513889589497445	58.86624406038329
4	tecrdb_3401	-11.0275	-15.878291464284416	-15.871566866254028	4.850791464284416	4.844066866254028
4	tecrdb_4514	-6.82572	-2.0750418359920886	-2.2601553128103262	4.750678164007911	4.565564687189673
4	tecrdb_1095	17.8076	19.96555088559106	19.96459250162584	2.1579508855910596	2.15699250162584
4	tecrdb_2785	-1.28607	0.17077057555732722	0.1828555404226222	1.4568405755573273	1.4689255404226222
4	tecrdb_2468	12.9903	8.653237936936335	8.653247166441503	4.337062063063664	4.337052833558497
4	tecrdb_3156	-10.1206	-10.871185190223102	-10.870330076812728	0.7505851902231022	0.7497300768127282
4	tecrdb_2762	26.1771	25.03502645571964	24.909570016521286	1.1420735442803611	1.2675299834787133
4	tecrdb_1112	2.09794	1.5979415421285381	1.5923888615076862	0.4999984578714618	0.5055511384923137
4	tecrdb_4219	0.356157	1.5979415421285381	1.5923888615076862	1.241784542128538	1.2362318615076862
4	tecrdb_977	-5.87275	-7.109200954810838	-7.045161548346691	1.236450954810838	1.172411548346691
4	tecrdb_3676	-10.3134	-10.871185190223102	-10.870330076812728	0.5577851902231021	0.5569300768127281
4	tecrdb_382	-7.78305	-8.498099930718737	-8.498400674415088	0.7150499307187372	0.7153506744150873
4	tecrdb_1191	-0.56244	0.06148235605389729	0.06365343657314071	0.6239223560538973	0.6260934365731408
4	tecrdb_428	-16.5259	-48.32398444556707	-48.2191056790293	31.79808444556707	31.693205679029298
4	tecrdb_1793	33.823	35.15421964238092	35.13107681388729	1.3312196423809226	1.3080768138872898
4	tecrdb_3380	-6.07594	-7.698007435161841	-7.695764182126435	1.6220674351618412	1.6198241821264352
4	tecrdb_3143	6.14022	20.632755268443972	18.74046889553476	14.492535268443973	12.600248895534762
4	tecrdb_4468	0.959958	3.1260437863392596	3.1980085910216687	2.1660857863392597	2.238050591021669
4	tecrdb_3977	-13.3612	-15.878291464284416	-15.871566866254028	2.517091464284416	2.510366866254028
4	tecrdb_81	4.39321	7.0553613634334695	7.05552772505337	2.6621513634334697	2.66231772505337
4	tecrdb_2862	3.15179	3.5768928519886742	3.58064528782581	0.42510285198867415	0.42885528782580984
4	tecrdb_3794	16.3558	23.352370836711657	23.25332133728341	6.996570836711658	6.897521337283411
4	tecrdb_2140	-5.20959	-3.7486130247064153	-3.7487545851184905	1.460976975293585	1.46083541488151
4	tecrdb_3176	-9.84801	-10.871185190223102	-10.870330076812728	1.0231751902231014	1.0223200768127274
4	tecrdb_2176	-6.80881	-7.698007435161841	-7.695764182126435	0.889197435161841	0.8869541821264351
4	tecrdb_4502	25.8084	23.352370836711657	23.25332133728341	2.456029163288342	2.555078662716589
4	tecrdb_537	5.93775	8.653237936936335	8.653247166441503	2.715487936936335	2.7154971664415024
4	tecrdb_3962	-18.9026	-15.878291464284416	-15.871566866254028	3.0243085357155834	3.0310331337459715
4	tecrdb_143	-11.3256	-12.65225359713699	-12.991702026072119	1.3266535971369908	1.666102026072119
4	tecrdb_356	12.7422	8.653237936936335	8.653247166441503	4.088962063063665	4.088952833558498
4	tecrdb_3649	13.1925	8.653237936936335	8.653247166441503	4.539262063063665	4.539252833558498
4	tecrdb_1938	4.16369	8.653237936936335	8.653247166441503	4.489547936936336	4.489557166441503
4	tecrdb_2881	20.4208	21.358224824947214	21.358737992280084	0.9374248249472146	0.9379379922800837
4	tecrdb_1501	-3.43045	-3.134095010116255	-3.1284800563581285	0.2963549898837452	0.30196994364187146
4	tecrdb_3487	10.7634	13.675440177067287	13.675313347170459	2.9120401770672864	2.911913347170458
4	tecrdb_3851	1.12488	1.5979415421285381	1.5923888615076862	0.473061542128538	0.4675088615076861
4	tecrdb_754	17.6274	14.567296233325067	14.568274875683045	3.060103766674935	3.0591251243169566
4	tecrdb_2149	-5.04479	-3.7486130247064153	-3.7487545851184905	1.2961769752935846	1.2960354148815094
4	tecrdb_3815	11.3427	5.424915043394577	5.425021011200414	5.9177849566054235	5.917678988799587
4	tecrdb_826	15.6641	16.52440643091043	16.328284957067225	0.8603064309104322	0.664184957067226
4	tecrdb_3895	23.616	23.937359550624805	23.903923535969568	0.3213595506248055	0.28792353596956843
4	tecrdb_3648	2.60737	8.653237936936335	8.653247166441503	6.045867936936336	6.045877166441503
4	tecrdb_1153	1.28706	1.5979415421285381	1.5923888615076862	0.310881542128538	0.3053288615076861
4	tecrdb_288	20.6674	15.03850004354107	15.040248483870585	5.62889995645893	5.627151516129416
4	tecrdb_3835	3.15563	0.4824289612728734	0.4830590948132496	2.6732010387271266	2.6725709051867503
4	tecrdb_1261	-5.07528	-4.612945287306417	-4.613027378548793	0.4623347126935835	0.46225262145120727
4	tecrdb_2080	-3.59268	-3.795350941962255	-3.7352381275164674	0.20267094196225477	0.14255812751646735
4	tecrdb_1838	40.1386	37.44123582357062	37.407682554142774	2.6973641764293745	2.730917445857223
4	tecrdb_1584	14.5716	11.570374797843584	11.568174387852544	3.001225202156416	3.0034256121474563
4	tecrdb_4064	4.3926	12.01555399832526	11.895780423869837	7.62295399832526	7.503180423869837
4	tecrdb_2594	26.5807	25.03502645571964	24.909570016521286	1.545673544280362	1.671129983478714
4	tecrdb_4018	-2.50352	8.653237936936335	8.653247166441503	11.156757936936335	11.156767166441503
4	tecrdb_4021	4.3222	8.653237936936335	8.653247166441503	4.331037936936336	4.331047166441503
4	tecrdb_4030	4.43626	8.653237936936335	8.653247166441503	4.216977936936336	4.216987166441503
4	tecrdb_3913	3.06145	1.9775242275811244	1.9439396021877116	1.0839257724188753	1.1175103978122882
4	tecrdb_3549	-12.9001	-15.878291464284416	-15.871566866254028	2.978191464284416	2.971466866254028
4	tecrdb_4365	-4.14351	5.853650954254164	5.850955496741442	9.997160954254163	9.99446549674144
4	tecrdb_1301	-4.63916	-4.822098280607632	-4.908276130525027	0.1829382806076314	0.2691161305250267
4	tecrdb_1338	35.9472	35.15421964238092	35.13107681388729	0.7929803576190793	0.8161231861127121
4	tecrdb_315	1.71885	1.5979415421285381	1.5923888615076862	0.12090845787146187	0.12646113849231377
4	tecrdb_1510	-4.2457	-3.134095010116255	-3.1284800563581285	1.1116049898837455	1.1172199436418717
4	tecrdb_3811	-0.880712	9.380135443130442	9.302619823406015	10.260847443130443	10.183331823406016
4	tecrdb_3927	-2.72032	-2.1978158118400195	-2.195512183389507	0.5225041881599806	0.524807816610493
4	tecrdb_4158	2.71846	3.3146625676599797	3.314662353842621	0.5962025676599798	0.5962023538426213
4	tecrdb_2061	-3.38648	-3.795350941962255	-3.7352381275164674	0.4088709419622547	0.3487581275164673
4	tecrdb_3	-7.45349	-7.698007435161841	-7.695764182126435	0.24451743516184088	0.24227418212643492
4	tecrdb_2951	-9.74838	-9.323359026005804	-9.323349766172399	0.4250209739941955	0.4250302338276004
4	tecrdb_3043	18.8946	26.004342175574905	26.004539476864473	7.109742175574905	7.109939476864472
4	tecrdb_3273	25.5954	26.004342175574905	26.004539476864473	0.40894217557490364	0.40913947686447116
4	tecrdb_1802	32.9697	35.15421964238092	35.13107681388729	2.18451964238092	2.161376813887287
4	tecrdb_1141	1.00389	1.5979415421285381	1.5923888615076862	0.5940515421285382	0.5884988615076863
4	tecrdb_1593	1.8805	-4.155715206546855	-4.159222517227182	6.036215206546855	6.039722517227181
4	tecrdb_4307	1.51954	5.853650954254164	5.850955496741442	4.334110954254164	4.3314154967414416
4	tecrdb_978	-7.12384	-7.109200954810838	-7.045161548346691	0.01463904518916248	0.07867845165330944
4	tecrdb_373	0.237713	-1.3364428097216319	-1.3671292782520368	1.574155809721632	1.6048422782520368
4	tecrdb_3263	4.45586	5.332975906870063	5.330161565754311	0.8771159068700625	0.874301565754311
4	tecrdb_4518	-0.297924	0.4824289612728734	0.4830590948132496	0.7803529612728735	0.7809830948132497
4	tecrdb_3963	-15.3997	-15.878291464284416	-15.871566866254028	0.4785914642844169	0.47186686625402885
4	tecrdb_1080	30.544	20.479206103102214	20.61515571395185	10.064793896897786	9.92884428604815
4	tecrdb_1216	7.78133	6.532918594018	6.53375731151435	1.248411405982	1.2475726884856497
4	tecrdb_3789	19.2092	23.352370836711657	23.25332133728341	4.143170836711658	4.044121337283411
4	tecrdb_2090	-3.82577	-3.795350941962255	-3.7352381275164674	0.030419058037745028	0.09053187248353245
4	tecrdb_2478	12.4094	8.653237936936335	8.653247166441503	3.7561620630636643	3.756152833558497
4	tecrdb_2969	-8.79041	-9.323359026005804	-9.323349766172399	0.5329490260058041	0.5329397661723991
4	tecrdb_1797	33.4329	35.15421964238092	35.13107681388729	1.7213196423809265	1.6981768138872937
4	tecrdb_394	14.4006	20.941452399949178	20.91459228926213	6.540852399949177	6.513992289262131
4	tecrdb_3149	-9.78541	-8.962763354894356	-8.961798993009737	0.8226466451056442	0.823611006990264
4	tecrdb_3087	-16.7559	-15.878291464284416	-15.871566866254028	0.8776085357155843	0.8843331337459723
4	tecrdb_893	-13.917	-6.1115903084568615	-6.1215815713027055	7.805409691543138	7.795418428697294
4	tecrdb_4505	23.7233	23.352370836711657	23.25332133728341	0.37092916328834136	0.4699786627165885
4	tecrdb_1450	2.82461	1.5979415421285381	1.5923888615076862	1.2266684578714617	1.2322211384923136
4	tecrdb_4352	3.24578	5.853650954254164	5.850955496741442	2.607870954254164	2.6051754967414418
4	tecrdb_2351	19.7838	14.808793211671798	14.811913348524712	4.975006788328201	4.9718866514752875
4	tecrdb_3285	31.8388	26.004342175574905	26.004539476864473	5.834457824425094	5.8342605231355265
4	tecrdb_3670	-10.6151	-10.871185190223102	-10.870330076812728	0.25608519022310183	0.2552300768127278
4	tecrdb_3798	19.4239	23.352370836711657	23.25332133728341	3.928470836711657	3.82942133728341
4	tecrdb_230	-2.59553	-1.5143385609650153	-1.4505903190829699	1.0811914390349848	1.1449396809170302
4	tecrdb_533	3.7899	8.653237936936335	8.653247166441503	4.863337936936336	4.863347166441503
4	tecrdb_1347	21.1469	16.44729347343535	16.437043312303253	4.699606526564647	4.709856687696746
4	tecrdb_2914	17.2618	16.44729347343535	16.437043312303253	0.8145065265646494	0.8247566876967483
4	tecrdb_3652	8.39288	8.653237936936335	8.653247166441503	0.2603579369363356	0.2603671664415028
4	tecrdb_2187	-5.95689	-7.698007435161841	-7.695764182126435	1.7411174351618417	1.7388741821264357
4	tecrdb_4472	22.7786	21.989283701976674	22.074864727294155	0.7893162980233264	0.7037352727058455
4	tecrdb_4410	12.0913	14.837829303932978	14.894193391170376	2.7465293039329772	2.8028933911703753
4	tecrdb_888	-6.26328	7.009885443007331	6.930581526717283	13.273165443007331	13.193861526717283
4	tecrdb_199	7.40396	8.653237936936335	8.653247166441503	1.2492779369363358	1.249287166441503
4	tecrdb_5	-9.01655	-7.698007435161841	-7.695764182126435	1.3185425648381592	1.3207858178735652
4	tecrdb_2644	14.816	11.844952116716005	11.86821518979209	2.9710478832839957	2.94778481020791
4	tecrdb_1072	-0.111039	1.5979415421285381	1.5923888615076862	1.708980542128538	1.703427861507686
4	tecrdb_2763	12.262	25.03502645571964	24.909570016521286	12.773026455719638	12.647570016521286
4	tecrdb_3988	3.20855	1.486327135848562	1.4867804490820689	1.7222228641514379	1.721769550917931
4	tecrdb_4519	-0.290198	0.4824289612728734	0.4830590948132496	0.7726269612728733	0.7732570948132496
4	tecrdb_2514	-13.0202	-17.61399475638872	-17.610936030900348	4.59379475638872	4.590736030900347
4	tecrdb_4061	12.8756	12.01555399832526	11.895780423869837	0.8600460016747409	0.9798195761301631
4	tecrdb_82	8.53262	11.144129553516038	11.105180720058058	2.611509553516038	2.5725607200580587
4	tecrdb_2689	0.902613	1.5979415421285381	1.5923888615076862	0.6953285421285381	0.6897758615076862
4	tecrdb_2713	-15.128	-16.436376214486927	-17.89177181419626	1.3083762144869269	2.763771814196261
4	tecrdb_4493	3.58413	0.4824289612728734	0.4830590948132496	3.1017010387271267	3.1010709051867504
4	tecrdb_714	-7.42629	-2.0750418359920886	-2.2601553128103262	5.351248164007911	5.166134687189674
4	tecrdb_3386	22.5536	11.020588965177154	11.018723360987721	11.533011034822845	11.534876639012278
4	tecrdb_2690	0.439463	1.5979415421285381	1.5923888615076862	1.1584785421285382	1.1529258615076863
4	tecrdb_4077	4.89075	1.58454110715539	1.544206537446195	3.3062088928446096	3.3465434625538046
4	tecrdb_2255	-15.0181	-14.968893660198674	-14.965963474768358	0.04920633980132649	0.05213652523164214
4	tecrdb_2496	8.7273	8.653237936936335	8.653247166441503	0.07406206306366414	0.0740528335584969
4	tecrdb_3133	-11.5535	-13.458816061324242	-13.506254461426053	1.9053160613242426	1.9527544614260535
4	tecrdb_668	-0.465935	2.9754350316656755	2.9755249831409927	3.4413700316656755	3.4414599831409927
4	tecrdb_654	2.69302	2.9754350316656755	2.9755249831409927	0.2824150316656753	0.2825049831409925
4	tecrdb_2775	1.50002	0.17077057555732722	0.1828555404226222	1.3292494244426727	1.3171644595773777
4	tecrdb_2901	8.50818	20.632755268443972	18.74046889553476	12.124575268443973	10.232288895534762
4	tecrdb_3269	30.9452	26.004342175574905	26.004539476864473	4.940857824425095	4.940660523135527
4	tecrdb_1877	2.36287	6.868661988941813	6.824762801044404	4.505791988941813	4.461892801044404
4	tecrdb_3862	-0.789935	0.4824289612728734	0.4830590948132496	1.2723639612728734	1.2729940948132497
4	tecrdb_1509	-4.07692	-3.134095010116255	-3.1284800563581285	0.9428249898837455	0.9484399436418718
4	tecrdb_452	-11.2343	-11.456131171077288	-11.45402329822494	0.2218311710772891	0.21972329822493997
4	tecrdb_167	17.9004	16.52440643091043	16.328284957067225	1.3759935690895695	1.5721150429327757
4	tecrdb_988	0.0559608	0.4824289612728734	0.4830590948132496	0.4264681612728734	0.4270982948132496
4	tecrdb_361	12.6741	8.653237936936335	8.653247166441503	4.020862063063664	4.0208528335584965
4	tecrdb_4176	1.80357	3.3146625676599797	3.314662353842621	1.5110925676599798	1.5110923538426213
4	tecrdb_1775	-19.4996	-20.381549520890076	-20.277423679656764	0.8819495208900747	0.7778236796567626
4	tecrdb_675	-0.128271	2.9754350316656755	2.9755249831409927	3.1037060316656753	3.1037959831409925
4	tecrdb_2954	-9.09224	-9.323359026005804	-9.323349766172399	0.23111902600580336	0.23110976617239842
4	tecrdb_1989	2.19817	1.5979415421285381	1.5923888615076862	0.6002284578714621	0.605781138492314
4	tecrdb_1308	2.91423	-1.5417059866093297	-1.6950951069676705	4.4559359866093295	4.60932510696767
4	tecrdb_3803	6.41824	20.641099953263748	21.09419105833353	14.222859953263747	14.675951058333528
4	tecrdb_3950	-11.3215	-15.878291464284416	-15.871566866254028	4.556791464284416	4.550066866254028
4	tecrdb_1525	40.8402	35.15421964238092	35.13107681388729	5.68598035761908	5.709123186112713
4	tecrdb_278	-0.146868	0.4824289612728734	0.4830590948132496	0.6292969612728734	0.6299270948132496
4	tecrdb_146	20.5606	6.257679672015726	6.256500455798495	14.302920327984275	14.304099544201506
4	tecrdb_3257	-1.61781	13.116890586406264	13.05615041164615	14.734700586406264	14.673960411646151
4	tecrdb_2453	1.61516	3.35545167928894	3.386221963566605	1.7402916792889402	1.7710619635666052
4	tecrdb_3192	-10.0042	-10.871185190223102	-10.870330076812728	0.8669851902231009	0.8661300768127269
4	tecrdb_1109	0.670551	1.5979415421285381	1.5923888615076862	0.9273905421285381	0.9218378615076862
4	tecrdb_348	12.528	8.653237936936335	8.653247166441503	3.874762063063665	3.8747528335584978
4	tecrdb_1907	4.78175	4.765385042815296	4.762498411020559	0.01636495718470332	0.019251588979440903
4	tecrdb_3527	-14.6168	-15.878291464284416	-15.871566866254028	1.2614914642844166	1.2547668662540286
4	tecrdb_2893	12.3721	9.436410274389402	9.362455419882536	2.9356897256105974	3.009644580117463
4	tecrdb_3407	-10.5325	-15.878291464284416	-15.871566866254028	5.3457914642844155	5.3390668662540275
4	tecrdb_1105	2.16827	1.5979415421285381	1.5923888615076862	0.570328457871462	0.5758811384923139
4	tecrdb_2512	-14.5357	-17.61399475638872	-17.610936030900348	3.07829475638872	3.0752360309003475
4	tecrdb_2302	18.606	23.937359550624805	23.903923535969568	5.3313595506248035	5.2979235359695664
4	tecrdb_2647	13.1143	11.844952116716005	11.86821518979209	1.269347883283995	1.2460848102079094
4	tecrdb_2870	2.93829	6.868661988941813	6.824762801044404	3.9303719889418134	3.886472801044404
4	tecrdb_2123	-3.36744	-3.795350941962255	-3.7352381275164674	0.42791094196225465	0.36779812751646723
4	tecrdb_79	-0.0	-0.6037156966641994	-0.6041429461478351	0.6037156966641994	0.6041429461478351
4	tecrdb_664	-1.38347	2.9754350316656755	2.9755249831409927	4.3589050316656754	4.358994983140993
4	tecrdb_3196	-1.96824	-2.1503275420726027	-2.150866418483133	0.1820875420726027	0.1826264184831332
4	tecrdb_2678	0.374299	1.5979415421285381	1.5923888615076862	1.2236425421285382	1.2180898615076863
4	tecrdb_66	-15.9205	-5.007106274061357	-5.001236789441293	10.913393725938644	10.919263210558707
4	tecrdb_4501	26.0054	23.352370836711657	23.25332133728341	2.6530291632883447	2.752078662716592
4	tecrdb_801	24.0574	18.48919939143208	18.489245985960935	5.5682006085679205	5.568154014039067
4	tecrdb_1583	13.8807	28.143772581730715	28.14394937239924	14.263072581730716	14.263249372399242
4	tecrdb_679	0.339014	2.9754350316656755	2.9755249831409927	2.6364210316656753	2.6365109831409925
4	tecrdb_3406	-20.5131	-15.878291464284416	-15.871566866254028	4.634808535715585	4.641533133745973
4	tecrdb_3432	-12.6233	-15.878291464284416	-15.871566866254028	3.2549914642844158	3.2482668662540277
4	tecrdb_3148	-7.90905	-8.962763354894356	-8.961798993009737	1.0537133548943567	1.052748993009737
4	tecrdb_1971	2.41168	1.5979415421285381	1.5923888615076862	0.8137384578714619	0.8192911384923138
4	tecrdb_4542	-21.8121	64.52216333033479	64.21429037324808	86.33426333033479	86.02639037324808
4	tecrdb_2420	16.6948	15.495701793572593	15.497096997949	1.1990982064274078	1.197703002051
4	tecrdb_1208	28.2371	30.998504435834036	30.971854296660126	2.7614044358340344	2.7347542966601246
4	tecrdb_2744	-0.0	0.4824289612728734	0.4830590948132496	0.4824289612728734	0.4830590948132496
4	tecrdb_447	-11.3558	-11.456131171077288	-11.45402329822494	0.10033117107728806	0.09822329822493892
4	tecrdb_3144	9.51263	8.331612271196242	8.332833140754218	1.1810177288037575	1.1797968592457817
4	tecrdb_1429	11.3672	7.29213239438787	7.291975067207581	4.07506760561213	4.07522493279242
4	tecrdb_1457	3.00222	3.5768928519886742	3.58064528782581	0.5746728519886743	0.57842528782581
4	tecrdb_32	-14.2561	-15.354233783475223	-15.315242179749248	1.0981337834752232	1.059142179749248
4	tecrdb_323	-0.754227	1.5979415421285381	1.5923888615076862	2.3521685421285383	2.3466158615076864
4	tecrdb_2318	2.12391	2.5297783482393967	1.96699730143931	0.40586834823939677	0.1569126985606899
4	tecrdb_418	-0.308053	-2.0750418359920886	-2.2601553128103262	1.7669888359920884	1.952102312810326
4	tecrdb_1329	38.3844	35.15421964238092	35.13107681388729	3.2301803576190764	3.253323186112709
4	tecrdb_1222	-7.02341	-5.464877271066239	-5.74657977022688	1.558532728933761	1.27683022977312
4	tecrdb_2373	-0.867671	-1.7671280192519134	-1.7657095736226154	0.8994570192519135	0.8980385736226154
4	tecrdb_1433	-0.0748971	-1.5143385609650153	-1.4505903190829699	1.4394414609650152	1.3756932190829698
4	tecrdb_365	13.1799	8.653237936936335	8.653247166441503	4.5266620630636645	4.526652833558497
4	tecrdb_59	10.2022	9.436410274389402	9.362455419882536	0.7657897256105972	0.839744580117463
4	tecrdb_2885	0.116264	0.4824289612728734	0.4830590948132496	0.36616496127287335	0.36679509481324957
4	tecrdb_148	14.8526	6.257679672015726	6.256500455798495	8.594920327984275	8.596099544201506
4	tecrdb_4441	32.0267	29.252879203525623	29.241296327829218	2.773820796474375	2.78540367217078
4	tecrdb_3260	4.15634	2.5297783482393967	1.96699730143931	1.6265616517606034	2.18934269856069
4	tecrdb_4477	3.34147	0.4824289612728734	0.4830590948132496	2.859041038727127	2.8584109051867506
4	tecrdb_4017	-0.661297	8.653237936936335	8.653247166441503	9.314534936936335	9.314544166441502
4	tecrdb_1776	36.6309	35.15421964238092	35.13107681388729	1.476680357619074	1.4998231861127067
4	tecrdb_1850	19.6449	20.41995935336169	20.418834886763577	0.7750593533616907	0.7739348867635769
4	tecrdb_1749	-4.87159	-3.134095010116255	-3.1284800563581285	1.7374949898837455	1.7431099436418718
4	tecrdb_2103	-3.98973	-3.795350941962255	-3.7352381275164674	0.19437905803774536	0.2544918724835328
4	tecrdb_2200	-0.0	0.7557963296531653	0.7558264693868608	0.7557963296531653	0.7558264693868608
4	tecrdb_3442	-10.9214	-15.878291464284416	-15.871566866254028	4.956891464284416	4.950166866254028
4	tecrdb_4076	4.3222	9.081822476796926	9.102719636153331	4.759622476796927	4.780519636153332
4	tecrdb_4147	-6.27307	-4.822098280607632	-4.908276130525027	1.450971719392368	1.3647938694749726
4	tecrdb_3695	-9.86447	-10.871185190223056	-10.870330076812731	1.006715190223055	1.0058600768127306
4	tecrdb_4222	0.443478	1.597941542128524	1.5923888615077004	1.1544635421285239	1.1489108615077004
4	tecrdb_4224	0.0520973	1.5979415421285381	1.5923888615076862	1.545844242128538	1.5402915615076862
5	tecrdb_3161	-10.4822	-10.877187671839799	-10.878067687951557	0.39498767183979844	0.39586768795155614
5	tecrdb_1041	8.24064	10.17487752894904	10.218995488308067	1.9342375289490388	1.9783554883080665
5	tecrdb_3193	-10.3149	-10.877187671839799	-10.878067687951557	0.5622876718397993	0.563167687951557
5	tecrdb_3124	-17.3359	-16.541720235946542	-16.58607257813634	0.7941797640534567	0.7498274218636602
5	tecrdb_4281	-15.1017	-15.689929375601238	-15.684667591636057	0.5882293756012391	0.5829675916360575
5	tecrdb_454	-11.1173	-11.536958422677543	-11.538342693145069	0.41965842267754283	0.42104269314506837
5	tecrdb_2515	-14.4859	-17.099714193171877	-17.09990556979787	2.6138141931718764	2.614005569797868
5	tecrdb_3799	13.3799	23.37901420928823	23.273523615543354	9.99911420928823	9.893623615543355
5	tecrdb_1440	0.206699	1.5573864702806475	1.5517699194993497	1.3506874702806475	1.3450709194993498
5	tecrdb_1403	20.7673	25.96484588455222	25.9605995693271	5.19754588455222	5.1932995693271025
5	tecrdb_3763	-36.4399	-37.64668301290615	-37.9116667089003	1.2067830129061505	1.4717667089002973
5	tecrdb_2295	8.71756	5.185316706583933	4.905969702233563	3.5322432934160677	3.811590297766438
5	tecrdb_3000	32.8144	35.060833620449074	35.038403249959174	2.246433620449075	2.224003249959175
5	tecrdb_1741	-4.19968	-3.2110141209959266	-3.2078718295931594	0.9886658790040732	0.9918081704068404
5	tecrdb_2938	17.2098	16.30304509849027	16.289317792298604	0.906754901509732	0.9204822077013972
5	tecrdb_2410	-16.8518	-12.535723464772232	-12.50237355946416	4.316076535227769	4.34942644053584
5	tecrdb_2365	11.4661	10.802060132540685	10.802172972140426	0.6640398674593158	0.6639270278595752
5	tecrdb_815	-0.387135	0.5745998775162846	0.5633500219700096	0.9617348775162846	0.9504850219700096
5	tecrdb_2503	-22.38	-17.099714193171877	-17.09990556979787	5.280285806828122	5.28009443020213
5	tecrdb_2030	3.10472	9.897892053666855	9.965236584754258	6.793172053666854	6.860516584754258
5	tecrdb_2485	8.6376	8.573276468153807	8.573286634294092	0.06432353184619366	0.06431336570590851
5	tecrdb_2607	19.2864	15.13291335847655	15.073721536704856	4.15348664152345	4.212678463295145
5	tecrdb_1111	0.852513	1.5573864702806475	1.5517699194993497	0.7048734702806475	0.6992569194993498
5	tecrdb_3551	-8.01038	-4.78413330982783	-5.034655630907084	3.22624669017217	2.975724369092916
5	tecrdb_3779	32.777	35.060833620449074	35.038403249959174	2.283833620449073	2.261403249959173
5	tecrdb_1063	0.0945465	1.5573864702806475	1.5517699194993497	1.4628399702806474	1.4572234194993496
5	tecrdb_3735	-1.52016	16.30304509849027	16.289317792298604	17.82320509849027	17.809477792298605
5	tecrdb_20	-14.3766	-15.529416506284633	-15.47435540260993	1.1528165062846334	1.0977554026099305
5	tecrdb_95	13.1523	16.780794499853556	16.615332729945493	3.6284944998535558	3.4630327299454926
5	tecrdb_991	-0.57561	0.5745998775162846	0.5633500219700096	1.1502098775162846	1.1389600219700096
5	tecrdb_3313	-5.37961	-71.26135552208092	-71.1598022381605	65.88174552208092	65.7801922381605
5	tecrdb_58	-0.245779	-2.298910555790158	-2.2967506708078247	2.053131555790158	2.0509716708078245
5	tecrdb_2965	-9.33461	-9.280865510841622	-9.280881953456884	0.05374448915837782	0.05372804654311558
5	tecrdb_1545	3.14806	1.6138544071964844	1.4199302262686402	1.5342055928035156	1.72812977373136
5	tecrdb_1330	37.5584	35.060833620449074	35.038403249959174	2.497566379550925	2.519996750040825
5	tecrdb_3460	-12.4711	-15.689929375601238	-15.684667591636057	3.2188293756012385	3.213567591636057
5	tecrdb_955	-5.59066	-7.121651609932417	-7.0571748283927676	1.5309916099324177	1.4665148283927678
5	tecrdb_1123	1.40218	1.5573864702806475	1.5517699194993497	0.1552064702806475	0.14958991949934974
5	tecrdb_3150	-9.94947	-10.877187671839799	-10.878067687951557	0.9277176718397993	0.928597687951557
5	tecrdb_952	-5.91779	-7.121651609932417	-7.0571748283927676	1.2038616099324173	1.1393848283927674
5	tecrdb_117	13.5	16.780794499853556	16.615332729945493	3.280794499853556	3.115332729945493
5	tecrdb_2156	-3.90068	-4.019141809879272	-4.01925555354849	0.11846180987927246	0.11857555354849003
5	tecrdb_3127	-14.5306	-16.541720235946542	-16.58607257813634	2.0111202359465423	2.0554725781363388
5	tecrdb_4179	-3.27765	2.9614471696816587	2.9614460477264544	6.239097169681658	6.239096047726454
5	tecrdb_1038	10.0146	3.860763067283031	4.028386773227368	6.153836932716969	5.986213226772632
5	tecrdb_2427	3.90445	2.238938973950482	2.2386899825885394	1.665511026049518	1.6657600174114608
5	tecrdb_3680	-9.75306	-10.877187671839799	-10.878067687951557	1.1241276718397994	1.1250076879515571
5	tecrdb_1533	46.732	35.060833620449074	35.038403249959174	11.671166379550925	11.693596750040825
5	tecrdb_3756	-36.4001	-37.64668301290615	-37.9116667089003	1.2465830129061501	1.5115667089002969
5	tecrdb_1084	22.6537	21.564927809681336	21.649988360852547	1.0887721903186645	1.003711639147454
5	tecrdb_1252	27.4377	25.38764711849021	25.355208935318874	2.0500528815097887	2.0824910646811254
5	tecrdb_4267	-7.87826	-14.702933341699946	-14.42981839395793	6.824673341699946	6.55155839395793
5	tecrdb_2158	-2.8047	-4.170954847267119	-4.170915193532899	1.3662548472671188	1.366215193532899
5	tecrdb_1830	2.9846	2.8533742144960783	2.827842122036081	0.1312257855039216	0.1567578779639187
5	tecrdb_827	15.1251	16.780794499853556	16.615332729945493	1.6556944998535563	1.4902327299454932
5	tecrdb_4221	-0.15026	1.5573864702806475	1.5517699194993497	1.7076464702806475	1.7020299194993498
5	tecrdb_109	16.1808	16.780794499853556	16.615332729945493	0.5999944998535547	0.4345327299454915
5	tecrdb_2386	21.0046	25.005806331400052	24.859657975705233	4.001206331400052	3.8550579757052326
5	tecrdb_803	2.16234	5.781147255187662	5.78002238524649	3.618807255187662	3.6176823852464897
5	tecrdb_1472	19.1256	25.005806331400052	24.859657975705233	5.880206331400053	5.734057975705234
5	tecrdb_1282	-4.71524	-5.605802924208209	-5.622296145055959	0.8905629242082096	0.9070561450559591
5	tecrdb_89	-13.3763	-13.548027194434084	-13.614090734990597	0.17172719443408369	0.23779073499059677
5	tecrdb_3795	18.1872	23.37901420928823	23.273523615543354	5.1918142092882285	5.086323615543353
5	tecrdb_2219	2.70753	0.5745998775162846	0.5633500219700096	2.1329301224837156	2.1441799780299906
5	tecrdb_1513	-3.64286	-3.2110141209959266	-3.2078718295931594	0.43184587900407356	0.4349881704068408
5	tecrdb_1224	-0.76903	0.5745998775162846	0.5633500219700096	1.3436298775162845	1.3323800219700095
5	tecrdb_797	24.0153	21.564927809681336	21.649988360852547	2.4503721903186637	2.3653116391474533
5	tecrdb_1580	7.85851	2.5264226885656242	1.884027738926413	5.332087311434376	5.974482261073587
5	tecrdb_1777	35.8329	35.060833620449074	35.038403249959174	0.7720663795509282	0.7944967500408282
5	tecrdb_1262	-5.36089	-4.544226805931714	-4.544271342069294	0.816663194068286	0.8166186579307064
5	tecrdb_3787	33.9072	35.060833620449074	35.038403249959174	1.153633620449071	1.1312032499591709
5	tecrdb_655	3.13589	2.5818986913928654	2.5819703858769216	0.5539913086071344	0.5539196141230782
5	tecrdb_2064	-2.11806	-3.8489705876584495	-3.778037891332481	1.7309105876584496	1.6599778913324812
5	tecrdb_2661	5.47174	4.592176203363138	4.592772371955981	0.8795637966368615	0.8789676280440188
5	tecrdb_1456	3.4853	3.475958400638575	3.477244244306931	0.00934159936142498	0.008055755693069155
5	tecrdb_4372	2.74833	5.7409836307178495	5.737703367997895	2.9926536307178493	2.989373367997895
5	tecrdb_4528	24.6327	15.365947316810718	15.366366284292312	9.266752683189281	9.266333715707688
5	tecrdb_1242	47.2562	52.58483511447233	52.64699216983121	5.328635114472327	5.390792169831208
5	tecrdb_3598	1.71828	-202.43315878259483	-203.4193335792803	204.15143878259482	205.1376135792803
5	tecrdb_4053	14.8957	13.197561780657225	13.19759620921544	1.6981382193427752	1.6981037907845593
5	tecrdb_2944	-8.93347	-9.280865510841622	-9.280881953456884	0.347395510841622	0.34741195345688425
5	tecrdb_207	8.17709	8.573276468153807	8.573286634294092	0.3961864681538074	0.3961966342940926
5	tecrdb_349	12.5541	8.573276468153807	8.573286634294092	3.980823531846193	3.9808133657059077
5	tecrdb_152	18.2694	10.171852189641015	10.065681350835199	8.097547810358986	8.203718649164802
5	tecrdb_1306	12.7683	2.9614471696816587	2.9614460477264544	9.806852830318341	9.806853952273546
5	tecrdb_2261	-14.8072	-14.920633401390006	-14.922609166622877	0.11343340139000624	0.11540916662287692
5	tecrdb_3558	3.91712	2.4663530027324327	2.4591895844481257	1.4507669972675674	1.4579304155518744
5	tecrdb_4233	1.44052	1.5573864702806475	1.5517699194993497	0.11686647028064745	0.1112499194993497
5	tecrdb_3290	32.5547	25.96484588455222	25.9605995693271	6.589854115447778	6.594100430672896
5	tecrdb_4534	-0.0	0.5745998775162846	0.5633500219700096	0.5745998775162846	0.5633500219700096
5	tecrdb_4349	3.13798	5.7409836307178495	5.737703367997895	2.6030036307178492	2.599723367997895
5	tecrdb_3894	24.6253	24.30256211734259	24.26210485226371	0.3227378826574103	0.36319514773628825
5	tecrdb_3084	-11.4407	-15.689929375601238	-15.684667591636057	4.249229375601239	4.243967591636057
5	tecrdb_3715	-9.80937	-10.877187671839799	-10.878067687951557	1.0678176718397996	1.0686976879515573
5	tecrdb_4136	-6.10764	-4.655821481492431	-4.766826513017625	1.4518185185075687	1.3408134869823751
5	tecrdb_976	-5.96671	-7.121651609932417	-7.0571748283927676	1.1549416099324175	1.0904648283927676
5	tecrdb_3132	-1.65517	-0.07560296803658773	-0.07623059046895975	1.5795670319634123	1.5789394095310403
5	tecrdb_3685	-6.36658	-10.877187671839799	-10.878067687951557	4.510607671839799	4.511487687951557
5	tecrdb_2540	-18.3942	-16.541720235946542	-16.58607257813634	1.8524797640534594	1.808127421863663
5	tecrdb_2520	-0.0256592	-0.34463752733647723	-0.34558794101643464	0.31897832733647724	0.31992874101643465
5	tecrdb_2350	12.8845	18.260410895831953	18.26386323838973	5.375910895831954	5.3793632383897325
5	tecrdb_3664	-13.7482	-10.877187671839799	-10.878067687951557	2.8710123281602016	2.870132312048444
5	tecrdb_3410	-14.6977	-15.689929375601238	-15.684667591636057	0.992229375601239	0.9869675916360574
5	tecrdb_1992	2.01274	1.5573864702806475	1.5517699194993497	0.4553535297193525	0.46097008050065025
5	tecrdb_4202	2.88389	2.9614471696816587	2.9614460477264544	0.0775571696816586	0.0775560477264543
5	tecrdb_3871	-1.02549	-4.019141809879272	-4.01925555354849	2.9936518098792724	2.99376555354849
5	tecrdb_4084	4.57407	0.9155307045262475	0.9157711208114563	3.6585392954737523	3.6582988791885436
5	tecrdb_4366	2.91936	5.7409836307178495	5.737703367997895	2.8216236307178493	2.818343367997895
5	tecrdb_2898	44.9483	52.58483511447233	52.64699216983121	7.6365351144723235	7.6986921698312045
5	tecrdb_1332	37.349	35.060833620449074	35.038403249959174	2.2881663795509226	2.3105967500408227
5	tecrdb_1893	-5.80877	-4.655821481492431	-4.766826513017625	1.1529485185075687	1.0419434869823752
5	tecrdb_2294	3.26147	-0.7752269088600627	-0.5622834222866118	4.036696908860063	3.823753422286612
5	tecrdb_929	-4.51618	-4.655821481492431	-4.766826513017625	0.13964148149243094	0.25064651301762453
5	tecrdb_2828	19.422	18.788034556872248	19.740309477150987	0.633965443127753	0.31830947715098645
5	tecrdb_2549	-11.195	-15.689929375601238	-15.684667591636057	4.494929375601238	4.489667591636056
5	tecrdb_30	-13.6176	-15.529416506284633	-15.47435540260993	1.9118165062846337	1.8567554026099309
5	tecrdb_3819	8.89034	5.361985014279249	5.362116635916728	3.5283549857207515	3.5282233640832725
5	tecrdb_2822	21.2389	18.788034556872248	19.740309477150987	2.4508654431277535	1.498590522849014
5	tecrdb_3274	33.9016	25.96484588455222	25.9605995693271	7.936754115447783	7.941000430672901
5	tecrdb_4190	3.09442	2.9614471696816587	2.9614460477264544	0.13297283031834128	0.13297395227354558
5	tecrdb_72	11.8777	12.466369095747382	12.466231148508285	0.588669095747381	0.5885311485082845
5	tecrdb_3905	8.54693	-1.9427385933371113	-1.9427141347152457	10.489668593337111	10.489644134715245
5	tecrdb_42	-13.5251	-15.529416506284633	-15.47435540260993	2.004316506284633	1.9492554026099302
5	tecrdb_2102	-3.97481	-3.8489705876584495	-3.778037891332481	0.12583941234155072	0.19677210866751915
5	tecrdb_3396	-10.7343	-15.689929375601238	-15.684667591636057	4.955629375601239	4.950367591636057
5	tecrdb_1088	-0.0	0.819207346336043	0.6961071926201612	0.819207346336043	0.6961071926201612
5	tecrdb_4319	-7.12344	-4.799699430929515	-4.799762872933862	2.3237405690704858	2.323677127066138
5	tecrdb_3422	-15.5949	-15.689929375601238	-15.684667591636057	0.09502937560123748	0.08976759163605585
5	tecrdb_696	-9.51263	-11.91552381695692	-11.917234686379743	2.4028938169569205	2.4046046863797432
5	tecrdb_1914	-1.48153	-4.573102260258937	-4.456182297402958	3.0915722602589364	2.974652297402958
5	tecrdb_2012	1.47704	1.5573864702806475	1.5517699194993497	0.08034647028064756	0.07472991949934982
5	tecrdb_1046	3.24578	10.17487752894904	10.218995488308067	6.92909752894904	6.9732154883080675
5	tecrdb_2592	26.3581	25.005806331400052	24.859657975705233	1.3522936685999483	1.4984420242947678
5	tecrdb_1159	2.87944	1.5573864702806475	1.5517699194993497	1.3220535297193527	1.3276700805006505
5	tecrdb_1762	-4.84482	-3.2110141209959266	-3.2078718295931594	1.6338058790040737	1.636948170406841
5	tecrdb_1420	2.11709	2.4663530027324327	2.4591895844481257	0.3492630027324326	0.3420995844481256
5	tecrdb_3388	10.9462	19.688404665101785	19.68695607606223	8.742204665101786	8.740756076062231
5	tecrdb_4241	-12.8731	-1.9427385933371113	-1.9427141347152457	10.93036140666289	10.930385865284755
5	tecrdb_4428	-7.17068	-6.206396495001018	-6.104063206367615	0.9642835049989822	1.0666167936323854
5	tecrdb_2714	-16.4351	-16.261611868306574	-17.856281738224737	0.17348813169342492	1.421181738224739
5	tecrdb_1664	10.7278	5.7409836307178495	5.737703367997895	4.986816369282151	4.990096632002105
5	tecrdb_3653	4.3926	0.796310408296236	0.6546234585850144	3.596289591703764	3.7379765414149855
5	tecrdb_1666	6.58865	5.7409836307178495	5.737703367997895	0.8476663692821509	0.8509466320021053
5	tecrdb_1902	-6.06678	-4.655821481492431	-4.766826513017625	1.4109585185075684	1.2999534869823748
5	tecrdb_2499	12.6105	8.573276468153807	8.573286634294092	4.037223531846193	4.037213365705908
5	tecrdb_4525	17.6772	19.88872126391927	19.577669710745894	2.21152126391927	1.9004697107458952
5	tecrdb_69	-17.7899	-4.812741703761418	-4.806599903684514	12.977158296238581	12.983300096315485
5	tecrdb_2205	3.12388	0.408193585838152	0.4082029136142751	2.715686414161848	2.715677086385725
5	tecrdb_2894	14.4847	16.30304509849027	16.289317792298604	1.8183450984902692	1.804617792298604
5	tecrdb_8	-8.40175	-7.6564832206441515	-7.652297626027682	0.7452667793558483	0.7494523739723178
5	tecrdb_857	-7.12344	-7.285422290155736	-7.285363333016761	0.16198229015573595	0.16192333301676065
5	tecrdb_813	-0.0	-2.0604209154999538	-2.0593486733642976	2.0604209154999538	2.0593486733642976
5	tecrdb_4295	16.9517	20.432704071141103	20.40347567830227	3.481004071141104	3.4517756783022726
5	tecrdb_1265	-7.3093	-10.188857150297494	-9.939809316890802	2.8795571502974937	2.6305093168908016
5	tecrdb_1504	-3.00507	-3.2110141209959266	-3.2078718295931594	0.20594412099592674	0.2028018295931595
5	tecrdb_232	-2.86043	-1.2961286623517907	-1.231546502231609	1.5643013376482093	1.628883497768391
5	tecrdb_3600	4.422	5.019431397807555	5.016275599889008	0.5974313978075552	0.5942755998890084
5	tecrdb_3414	-13.3049	-15.689929375601238	-15.684667591636057	2.3850293756012384	2.379767591636057
5	tecrdb_4504	26.1242	23.37901420928823	23.273523615543354	2.745185790711769	2.8506763844566443
5	tecrdb_2284	21.1138	25.005806331400052	24.859657975705233	3.892006331400051	3.7458579757052313
5	tecrdb_1103	5.19483	1.5573864702806475	1.5517699194993497	3.637443529719352	3.64306008050065
5	tecrdb_3115	8.21325	16.30304509849027	16.289317792298604	8.089795098490269	8.076067792298604
5	tecrdb_1985	2.49165	1.5573864702806475	1.5517699194993497	0.9342635297193524	0.9398800805006502
5	tecrdb_843	-10.5488	-16.261611868306574	-17.856281738224737	5.712811868306574	7.3074817382247375
5	tecrdb_1904	-7.55083	-8.418616979337031	-8.383706850760106	0.8677869793370308	0.8328768507601056
5	tecrdb_4036	3.59709	8.573276468153807	8.573286634294092	4.9761864681538075	4.976196634294093
5	tecrdb_1903	-5.81881	-4.655821481492431	-4.766826513017625	1.1629885185075688	1.0519834869823752
5	tecrdb_1158	1.24165	1.5573864702806475	1.5517699194993497	0.31573647028064755	0.3101199194993498
5	tecrdb_247	1.22941	6.334041990190428	6.3652250685856515	5.104631990190429	5.135815068585652
5	tecrdb_3483	-0.867671	3.5826693469808077	3.5845512909585153	4.450340346980807	4.452222290958515
5	tecrdb_3546	-13.5369	-15.689929375601238	-15.684667591636057	2.153029375601239	2.1477675916360575
5	tecrdb_3734	-1.75016	16.30304509849027	16.289317792298604	18.05320509849027	18.039477792298605
5	tecrdb_1040	6.7119	3.860763067283031	4.028386773227368	2.851136932716969	2.6835132267726323
5	tecrdb_3042	21.4758	25.96484588455222	25.9605995693271	4.489045884552219	4.484799569327102
5	tecrdb_3371	-7.5824	-7.6564832206441515	-7.652297626027682	0.07408322064415174	0.06989762602768224
5	tecrdb_2384	-1.53322	-0.22184882624145885	-0.22229083260074844	1.3113711737585412	1.3109291673992516
5	tecrdb_2759	29.6978	25.005806331400052	24.859657975705233	4.691993668599949	4.838142024294768
5	tecrdb_1052	-12.0977	-13.548027194434084	-13.614090734990597	1.4503271944340845	1.5163907349905976
5	tecrdb_3921	8.10661	5.019431397807555	5.016275599889008	3.087178602192445	3.090334400110992
5	tecrdb_2311	1.15456	2.5264226885656242	1.884027738926413	1.3718626885656242	0.729467738926413
5	tecrdb_2142	-4.25062	-4.019141809879272	-4.01925555354849	0.23147819012072723	0.23136444645150966
5	tecrdb_2002	2.55704	1.5573864702806475	1.5517699194993497	0.9996535297193527	1.0052700805006505
5	tecrdb_2735	-3.65079	-3.2110141209959266	-3.2078718295931594	0.43977587900407356	0.4429181704068408
5	tecrdb_695	-3.03369	-2.7658381570667814	-2.9489410190508067	0.2678518429332186	0.08474898094919325
5	tecrdb_974	-5.48729	-7.121651609932417	-7.0571748283927676	1.6343616099324176	1.5698848283927678
5	tecrdb_3658	-4.64012	3.9742691264688688	3.974672254224231	8.614389126468868	8.61479225422423
5	tecrdb_3531	-20.0243	-15.689929375601238	-15.684667591636057	4.334370624398762	4.3396324083639435
5	tecrdb_2981	-10.192	-9.280865510841622	-9.280881953456884	0.9111344891583784	0.9111180465431161
5	tecrdb_2708	-19.5088	-16.261611868306574	-17.856281738224737	3.2471881316934272	1.6525182617752634
5	tecrdb_922	27.732	20.432704071141103	20.40347567830227	7.299295928858896	7.328524321697728
5	tecrdb_1759	-3.6216	-3.2110141209959266	-3.2078718295931594	0.4105858790040733	0.4137281704068405
5	tecrdb_1998	1.84544	1.5573864702806475	1.5517699194993497	0.2880535297193525	0.29367008050065024
5	tecrdb_993	2.87198	0.5745998775162846	0.5633500219700096	2.2973801224837156	2.3086299780299906
5	tecrdb_132	34.304	30.38050837038398	30.47862980404817	3.9234916296160236	3.825370195951834
5	tecrdb_1255	27.5682	25.38764711849021	25.355208935318874	2.18055288150979	2.212991064681127
5	tecrdb_3428	-15.0238	-15.689929375601238	-15.684667591636057	0.6661293756012387	0.6608675916360571
5	tecrdb_2990	-9.53682	-9.280865510841622	-9.280881953456884	0.2559544891583787	0.25593804654311647
5	tecrdb_2940	23.0083	16.30304509849027	16.289317792298604	6.705254901509729	6.718982207701394
5	tecrdb_3186	-10.4911	-10.877187671839799	-10.878067687951557	0.38608767183979964	0.38696768795155734
5	tecrdb_298	0.0705059	1.5573864702806475	1.5517699194993497	1.4868805702806476	1.4812640194993498
5	tecrdb_3571	13.2869	14.791198149631242	14.850658164085473	1.5042981496312429	1.563758164085474
5	tecrdb_1772	-1.00513	-2.8660898532978045	-2.505260732193335	1.8609598532978044	1.500130732193335
5	tecrdb_3438	-11.4543	-15.689929375601238	-15.684667591636057	4.235629375601238	4.230367591636057
5	tecrdb_4008	2.93454	8.573276468153807	8.573286634294092	5.638736468153807	5.638746634294092
5	tecrdb_1324	34.0061	35.060833620449074	35.038403249959174	1.0547336204490705	1.0323032499591704
5	tecrdb_3295	30.0493	25.96484588455222	25.9605995693271	4.08445411544778	4.088700430672898
5	tecrdb_3686	-9.86447	-10.877187671839799	-10.878067687951557	1.0127176718397983	1.013597687951556
5	tecrdb_1188	0.686849	1.5573864702806475	1.5517699194993497	0.8705374702806474	0.8649209194993497
5	tecrdb_3016	13.9486	14.088597701174251	14.107207523690619	0.13999770117425037	0.15860752369061792
5	tecrdb_3810	36.11	36.894905738871074	36.96232457819514	0.7849057388710747	0.8523245781951374
5	tecrdb_3764	-33.4847	-37.64668301290615	-37.9116667089003	4.1619830129061555	4.426966708900302
5	tecrdb_4418	-16.6838	-10.877187671839799	-10.878067687951557	5.8066123281602025	5.805732312048445
5	tecrdb_1023	4.90958	3.860763067283031	4.028386773227368	1.048816932716969	0.8811932267726323
5	tecrdb_511	10.9049	7.482453946143622	7.48226175794257	3.422446053856378	3.4226382420574293
5	tecrdb_4481	2.95638	0.5745998775162846	0.5633500219700096	2.381780122483715	2.39302997802999
5	tecrdb_1132	1.7785	1.5573864702806475	1.5517699194993497	0.2211135297193525	0.22673008050065024
5	tecrdb_940	7.12921	56.10817397527025	56.04511878393579	48.97896397527025	48.91590878393579
5	tecrdb_3547	-13.9669	-15.689929375601238	-15.684667591636057	1.7230293756012376	1.717767591636056
5	tecrdb_1678	2.31185	5.7409836307178495	5.737703367997895	3.4291336307178493	3.425853367997895
5	tecrdb_3590	0.615925	-3.6643121051135843	-3.671227939810585	4.280237105113584	4.287152939810585
5	tecrdb_4050	-0.0	-0.34463752733647723	-0.34558794101643464	0.34463752733647723	0.34558794101643464
5	tecrdb_4060	11.416	11.548886354451412	11.421514989078275	0.1328863544514114	0.005514989078275079
5	tecrdb_1652	11.5661	5.7409836307178495	5.737703367997895	5.825116369282151	5.8283966320021054
5	tecrdb_1886	-5.90586	-4.655821481492431	-4.766826513017625	1.2500385185075684	1.1390334869823748
5	tecrdb_3315	-6.49245	-14.761230536388297	-14.788223090688746	8.268780536388297	8.295773090688746
5	tecrdb_1794	33.941	35.060833620449074	35.038403249959174	1.1198336204490715	1.0974032499591715
5	tecrdb_250	6.34949	6.334041990190428	6.3652250685856515	0.01544800980957195	0.015735068585651213
5	tecrdb_4012	8.30978	8.573276468153807	8.573286634294092	0.26349646815380723	0.2635066342940924
5	tecrdb_2479	13.1502	8.573276468153807	8.573286634294092	4.576923531846193	4.576913365705908
5	tecrdb_943	18.0439	15.13291335847655	15.073721536704856	2.9109866415234507	2.970178463295145
5	tecrdb_1320	36.1877	35.060833620449074	35.038403249959174	1.1268663795509255	1.1492967500408255
5	tecrdb_1414	3.10472	2.4663530027324327	2.4591895844481257	0.6383669972675672	0.6455304155518742
5	tecrdb_3770	-2.83303	-3.2315076888766097	-3.0904525433105503	0.3984776888766097	0.25742254331055037
5	tecrdb_4250	10.5855	8.573276468153807	8.573286634294092	2.0122235318461925	2.0122133657059074
5	tecrdb_210	5.68076	8.573276468153807	8.573286634294092	2.892516468153807	2.892526634294092
5	tecrdb_2316	2.24426	2.5264226885656242	1.884027738926413	0.2821626885656241	0.3602322610735871
5	tecrdb_1037	7.80018	3.860763067283031	4.028386773227368	3.939416932716969	3.7717932267726324
5	tecrdb_889	7.63299	10.973077595464694	11.063244334778773	3.340087595464694	3.4302543347787724
5	tecrdb_4258	24.0574	25.96484588455222	25.9605995693271	1.9074458845522173	1.9031995693271
5	tecrdb_4320	-2.60494	-4.799699430929515	-4.799762872933862	2.1947594309295146	2.1948228729338624
5	tecrdb_4530	13.672	15.365947316810718	15.366366284292312	1.6939473168107178	1.694366284292311
5	tecrdb_279	-0.238929	0.5745998775162846	0.5633500219700096	0.8135288775162846	0.8022790219700096
5	tecrdb_2599	26.7036	25.005806331400052	24.859657975705233	1.6977936685999495	1.843942024294769
5	tecrdb_3195	-9.98243	-10.877187671839799	-10.878067687951557	0.8947576718397983	0.895637687951556
5	tecrdb_532	3.47374	8.573276468153807	8.573286634294092	5.099536468153808	5.099546634294093
5	tecrdb_1555	-0.169125	0.5745998775162846	0.5633500219700096	0.7437248775162846	0.7324750219700096
5	tecrdb_161	7.46314	8.964210613289865	8.960639110908396	1.5010706132898646	1.4974991109083957
5	tecrdb_2680	-0.217213	1.5573864702806475	1.5517699194993497	1.7745994702806476	1.7689829194993498
5	tecrdb_4115	2.87198	2.4663530027324327	2.4591895844481257	0.40562699726756746	0.41279041555187446
5	tecrdb_2020	0.989437	1.5573864702806475	1.5517699194993497	0.5679494702806475	0.5623329194993497
5	tecrdb_2865	4.04637	3.475958400638575	3.477244244306931	0.5704115993614245	0.5691257556930687
5	tecrdb_1162	3.34889	1.5573864702806475	1.5517699194993497	1.7915035297193524	1.7971200805006502
5	tecrdb_3823	8.52488	5.361985014279249	5.362116635916728	3.162894985720751	3.162763364083272
5	tecrdb_3297	34.0344	25.96484588455222	25.9605995693271	8.06955411544778	8.073800430672897
5	tecrdb_2003	0.391239	1.5573864702806475	1.5517699194993497	1.1661474702806474	1.1605309194993496
5	tecrdb_1032	9.21497	3.860763067283031	4.028386773227368	5.354206932716968	5.1865832267726315
5	tecrdb_4041	2.42338	1.5573864702806475	1.5517699194993497	0.8659935297193524	0.8716100805006501
5	tecrdb_311	1.814	1.5573864702806475	1.5517699194993497	0.2566135297193526	0.26223008050065033
5	tecrdb_155	1.14537	10.171852189641015	10.065681350835199	9.026482189641015	8.920311350835199
5	tecrdb_2561	-13.944	-15.689929375601238	-15.684667591636057	1.7459293756012375	1.7406675916360559
5	tecrdb_1460	3.79138	3.475958400638575	3.477244244306931	0.3154215993614251	0.3141357556930693
5	tecrdb_1264	-7.05241	-10.188857150297494	-9.939809316890802	3.136447150297494	2.887399316890802
5	tecrdb_2046	-2.87564	-3.8489705876584495	-3.778037891332481	0.9733305876584493	0.9023978913324808
5	tecrdb_3003	9.57679	14.088597701174251	14.107207523690619	4.51180770117425	4.530417523690618
5	tecrdb_6	-6.18353	-7.6564832206441515	-7.652297626027682	1.4729532206441514	1.4687676260276818
5	tecrdb_941	6.97047	35.04252972291897	35.06460405812176	28.072059722918972	28.09413405812176
5	tecrdb_2569	35.0282	38.30602697083442	38.2564957267825	3.2778269708344183	3.2282957267824983
5	tecrdb_2933	11.4864	16.30304509849027	16.289317792298604	4.81664509849027	4.802917792298604
5	tecrdb_1241	26.1714	16.30304509849027	16.289317792298604	9.86835490150973	9.882082207701394
5	tecrdb_479	-11.6613	-11.536958422677543	-11.538342693145069	0.12434157732245765	0.12295730685493211
5	tecrdb_2923	23.1131	16.30304509849027	16.289317792298604	6.81005490150973	6.823782207701395
5	tecrdb_2422	12.3937	16.934633911351	16.93611042240208	4.540933911350999	4.54241042240208
5	tecrdb_68	-15.3917	-4.812741703761418	-4.806599903684514	10.578958296238582	10.585100096315486
5	tecrdb_1079	33.2903	20.192321602725457	20.341469929220295	13.097978397274545	12.948830070779707
5	tecrdb_4063	17.2906	11.548886354451412	11.421514989078275	5.7417136455485895	5.869085010921726
5	tecrdb_2968	-9.53682	-9.280865510841622	-9.280881953456884	0.2559544891583787	0.25593804654311647
5	tecrdb_3326	0.0982046	0.5745998775162846	0.5633500219700096	0.47639527751628463	0.46514542197000963
5	tecrdb_118	15.8486	16.780794499853556	16.615332729945493	0.9321944998535567	0.7667327299454936
5	tecrdb_3280	30.9256	25.96484588455222	25.9605995693271	4.960754115447781	4.965000430672898
5	tecrdb_3974	-21.1853	-15.689929375601238	-15.684667591636057	5.495370624398763	5.500632408363945
5	tecrdb_2756	2.41168	-1.9427385933371113	-1.9427141347152457	4.354418593337112	4.354394134715246
5	tecrdb_3552	-8.91617	-4.78413330982783	-5.034655630907084	4.1320366901721695	3.8815143690929155
5	tecrdb_12	-6.98333	-7.6564832206441515	-7.652297626027682	0.673153220644152	0.6689676260276824
5	tecrdb_1804	33.4084	35.060833620449074	35.038403249959174	1.6524336204490737	1.6300032499591737
5	tecrdb_25	-18.0918	-15.529416506284633	-15.47435540260993	2.562383493715366	2.617444597390069
5	tecrdb_3807	-4.55784	-4.655821481492431	-4.766826513017625	0.09798148149243158	0.20898651301762516
5	tecrdb_1889	-6.11402	-4.655821481492431	-4.766826513017625	1.4581985185075688	1.3471934869823752
5	tecrdb_3566	0.271696	5.266110982726495	5.414364664838217	4.994414982726495	5.142668664838217
5	tecrdb_2251	-14.253	-14.920633401390006	-14.922609166622877	0.667633401390006	0.6696091666228767
5	tecrdb_170	11.416	11.687152894290552	11.730219631902663	0.27115289429055167	0.3142196319026631
5	tecrdb_2491	9.41149	8.573276468153807	8.573286634294092	0.8382135318461934	0.8382033657059083
5	tecrdb_1507	-3.42356	-3.2110141209959266	-3.2078718295931594	0.2125458790040735	0.21568817040684074
5	tecrdb_2523	-18.9225	-19.02468940923484	-19.09505684498427	0.10218940923483899	0.17255684498427115
5	tecrdb_4159	4.54289	2.9614471696816587	2.9614460477264544	1.5814428303183412	1.5814439522735455
5	tecrdb_228	10.7656	16.94603890958956	16.72361388803631	6.1804389095895615	5.958013888036312
5	tecrdb_3924	7.03789	5.019431397807555	5.016275599889008	2.018458602192445	2.021614400110992
5	tecrdb_2767	-0.553163	-0.009186560661092358	0.013135948048073942	0.5439764393389076	0.5662989480480739
5	tecrdb_1935	8.32468	7.482453946143622	7.48226175794257	0.842226053856379	0.8424182420574304
5	tecrdb_1094	20.6618	18.99770079301253	18.99776539959334	1.6640992069874692	1.6640346004066586
5	tecrdb_2915	11.7472	16.30304509849027	16.289317792298604	4.55584509849027	4.542117792298605
5	tecrdb_1290	2.71917	2.4663530027324327	2.4591895844481257	0.25281699726756734	0.25998041555187434
5	tecrdb_3450	-14.4369	-15.689929375601238	-15.684667591636057	1.2530293756012387	1.247767591636057
5	tecrdb_4165	5.10497	2.9614471696816587	2.9614460477264544	2.143522830318341	2.1435239522735454
5	tecrdb_2877	1.78744	21.326284004906277	21.34110798358843	19.538844004906277	19.55366798358843
5	tecrdb_531	5.93775	8.573276468153807	8.573286634294092	2.635526468153807	2.635536634294092
5	tecrdb_2765	-1.13394	-0.009186560661092358	0.013135948048073942	1.1247534393389076	1.147075948048074
5	tecrdb_1751	-4.53303	-3.2110141209959266	-3.2078718295931594	1.3220158790040735	1.3251581704068407
5	tecrdb_2114	-4.25416	-3.8489705876584495	-3.778037891332481	0.40518941234155026	0.4761221086675187
5	tecrdb_932	2.74833	2.8533742144960783	2.827842122036081	0.10504421449607815	0.07951212203608105
5	tecrdb_4072	2.37335	0.8746511879582926	0.9717673165487568	1.4986988120417073	1.401582683451243
5	tecrdb_2088	-3.80449	-3.8489705876584495	-3.778037891332481	0.04448058765844953	0.026452108667518903
5	tecrdb_3447	-11.2905	-15.689929375601238	-15.684667591636057	4.399429375601239	4.394167591636057
5	tecrdb_3139	0.261184	5.04415862778913	4.3531115393810325	4.78297462778913	4.091927539381032
5	tecrdb_4163	5.29812	2.9614471696816587	2.9614460477264544	2.3366728303183413	2.3366739522735456
5	tecrdb_2573	3.30021	-1.372606206955906	-1.3085184316322724	4.672816206955906	4.608728431632272
5	tecrdb_867	-0.676567	-2.298910555790158	-2.2967506708078247	1.6223435557901582	1.6201836708078248
5	tecrdb_1658	2.39286	5.7409836307178495	5.737703367997895	3.3481236307178492	3.344843367997895
5	tecrdb_1573	-20.9199	-5.605802924208209	-5.622296145055959	15.31409707579179	15.29760385494404
5	tecrdb_3821	6.5052	5.361985014279249	5.362116635916728	1.1432149857207516	1.1430833640832727
5	tecrdb_3777	31.2748	35.060833620449074	35.038403249959174	3.786033620449075	3.763603249959175
5	tecrdb_1480	-13.3038	-8.435611109217064	-8.53521288565176	4.868188890782937	4.768587114348241
5	tecrdb_3378	-6.93434	-7.6564832206441515	-7.652297626027682	0.7221432206441518	0.7179576260276823
5	tecrdb_3363	-9.61199	-7.6564832206441515	-7.652297626027682	1.955506779355849	1.9596923739723184
5	tecrdb_4413	12.8791	14.791198149631242	14.850658164085473	1.9120981496312428	1.971558164085474
5	tecrdb_1027	9.48411	3.860763067283031	4.028386773227368	5.623346932716968	5.455723226772632
5	tecrdb_4474	3.79584	0.5745998775162846	0.5633500219700096	3.2212401224837155	3.2324899780299905
5	tecrdb_485	23.5576	20.432704071141103	20.40347567830227	3.1248959288588978	3.1541243216977293
5	tecrdb_1769	-3.92128	-3.2110141209959266	-3.2078718295931594	0.7102658790040732	0.7134081704068405
5	tecrdb_1679	1.89657	5.7409836307178495	5.737703367997895	3.8444136307178494	3.841133367997895
5	tecrdb_2105	-1.86273	-3.8489705876584495	-3.778037891332481	1.9862405876584495	1.915307891332481
5	tecrdb_2538	-8.79572	-14.126333304727098	-14.113990181085256	5.330613304727098	5.318270181085257
5	tecrdb_1036	7.64921	3.860763067283031	4.028386773227368	3.788446932716969	3.6208232267726324
5	tecrdb_2015	2.26383	1.5573864702806475	1.5517699194993497	0.7064435297193525	0.7120600805006503
5	tecrdb_1461	1.03004	-18.558800654675252	-18.486064014634223	19.588840654675252	19.516104014634223
5	tecrdb_728	22.1132	16.30304509849027	16.289317792298604	5.81015490150973	5.823882207701395
5	tecrdb_3953	-13.1263	-15.689929375601238	-15.684667591636057	2.563629375601238	2.558367591636056
5	tecrdb_2368	8.61132	10.802060132540685	10.802172972140426	2.190740132540686	2.1908529721404264
5	tecrdb_1131	1.85066	1.5573864702806475	1.5517699194993497	0.2932735297193525	0.29889008050065025
5	tecrdb_3399	-15.151	-15.689929375601238	-15.684667591636057	0.5389293756012385	0.5336675916360569
5	tecrdb_666	-3.67602	2.5818986913928654	2.5819703858769216	6.257918691392865	6.257990385876921
5	tecrdb_2207	5.00673	2.9614471696816587	2.9614460477264544	2.0452828303183415	2.0452839522735458
5	tecrdb_3079	-19.3955	-15.689929375601238	-15.684667591636057	3.70557062439876	3.7108324083639417
5	tecrdb_1171	-1.14958	1.5573864702806475	1.5517699194993497	2.7069664702806477	2.70134991949935
5	tecrdb_2779	1.27877	-0.009186560661092358	0.013135948048073942	1.2879565606610923	1.265634051951926
5	tecrdb_2961	-9.32759	-9.280865510841622	-9.280881953456884	0.0467244891583789	0.046708046543116666
5	tecrdb_729	-0.676567	8.601259111861353	8.415759279343156	9.277826111861353	9.092326279343157
5	tecrdb_3542	-15.8393	-15.689929375601238	-15.684667591636057	0.14937062439876136	0.15463240836394299
5	tecrdb_419	27.0732	12.466369095747382	12.466231148508285	14.606830904252618	14.606968851491715
5	tecrdb_2315	4.58413	2.5264226885656242	1.884027738926413	2.057707311434376	2.700102261073587
5	tecrdb_1229	-3.94798	-3.8489705876584495	-3.778037891332481	0.09900941234155036	0.1699421086675188
5	tecrdb_1801	32.9561	35.060833620449074	35.038403249959174	2.1047336204490747	2.0823032499591747
5	tecrdb_2313	2.06578	2.5264226885656242	1.884027738926413	0.46064268856562407	0.1817522610735871
5	tecrdb_3907	-11.1458	-1.9427385933371113	-1.9427141347152457	9.203061406662888	9.203085865284754
5	tecrdb_2093	-4.0193	-3.8489705876584495	-3.778037891332481	0.17032941234155086	0.2412621086675193
5	tecrdb_11	-6.80542	-7.6564832206441515	-7.652297626027682	0.8510632206441517	0.8468776260276822
5	tecrdb_4452	23.2939	20.432704071141103	20.40347567830227	2.8611959288588977	2.8904243216977292
5	tecrdb_1230	6.28119	0.819207346336043	0.6961071926201612	5.461982653663957	5.585082807379838
5	tecrdb_4424	11.7065	12.749151244115808	12.749086404628478	1.0426512441158078	1.0425864046284783
5	tecrdb_2624	0.849019	2.5264226885656242	1.884027738926413	1.6774036885656243	1.035008738926413
5	tecrdb_120	14.9071	16.780794499853556	16.615332729945493	1.8736944998535563	1.7082327299454931
5	tecrdb_3906	-0.835499	-1.942738593337097	-1.9427141347152457	1.107239593337097	1.1072151347152457
5	tecrdb_2567	34.428	38.30602697083442	38.25649572678249	3.8780269708344193	3.828495726782492
5	tecrdb_2304	12.898	24.30256211734259	24.26210485226371	11.40456211734259	11.364104852263711
6	tecrdb_1073	0.890465	1.5681754654378182	1.5599340406627675	0.6777104654378182	0.6694690406627676
6	tecrdb_757	17.9361	14.218231241773523	14.21878338846804	3.7178687582264764	3.7173166115319596
6	tecrdb_2665	-7.03795	-5.89462402267365	-5.803084583281498	1.1433259773263504	1.2348654167185025
6	tecrdb_2652	-17.6717	-12.43841441890629	-12.811576971770592	5.2332855810937104	4.86012302822941
6	tecrdb_203	3.17279	8.718192745919964	8.718199216775318	5.545402745919964	5.545409216775318
6	tecrdb_1133	3.32982	1.5681754654378182	1.5599340406627675	1.7616445345621816	1.7698859593372323
6	tecrdb_3134	4.64638	1.5536884909285646	1.4985536837328848	3.092691509071435	3.147826316267115
6	tecrdb_802	18.5614	17.985539305283623	17.985434946550072	0.5758606947163756	0.5759650534499272
6	tecrdb_2837	-0.382841	1.5681754654378182	1.5599340406627675	1.9510164654378181	1.9427750406627675
6	tecrdb_923	26.4853	20.790224968844825	20.757453447559612	5.695075031155174	5.727846552440386
6	tecrdb_321	1.57592	1.5681754654378182	1.5599340406627675	0.007744534562181826	0.015985959337232458
6	tecrdb_4051	11.9808	13.608212899276168	13.608209537484328	1.6274128992761678	1.6274095374843274
6	tecrdb_301	-0.57264	1.5681754654378182	1.5599340406627675	2.140815465437818	2.1325740406627673
6	tecrdb_176	-3.43656	-3.5511525879883905	-3.550085541676385	0.11459258798839045	0.11352554167638473
6	tecrdb_3615	20.3537	19.33592105620295	19.3540029699746	1.017778943797051	0.9996970300253984
6	tecrdb_1842	21.3237	20.514021641055592	20.512599747587075	0.8096783589444065	0.811100252412924
6	tecrdb_1033	9.90444	5.042775801458248	5.20478241831826	4.861664198541751	4.699657581681739
6	tecrdb_2172	-5.82692	-7.562914197153123	-7.563287574746347	1.735994197153123	1.736367574746347
6	tecrdb_3178	-10.4045	-10.407185781085985	-10.406853656699681	0.0026857810859848286	0.002353656699680684
6	tecrdb_747	17.3206	14.218231241773523	14.21878338846804	3.1023687582264756	3.1018166115319588
6	tecrdb_508	1.03272	0.5793664421325957	0.5818772992226968	0.4533535578674044	0.45084270077730326
6	tecrdb_791	14.5629	37.45989957695255	36.59760077639085	22.896999576952553	22.03470077639085
6	tecrdb_1213	7.61895	5.881033487573411	5.881513324239499	1.7379165124265885	1.7374366757605006
6	tecrdb_2121	-2.93704	-4.113159250182733	-4.046973371130953	1.1761192501827327	1.109933371130953
6	tecrdb_3705	-12.9382	-10.407185781085985	-10.406853656699681	2.531014218914015	2.531346343300319
6	tecrdb_1022	0.992767	2.36772967761965	2.365376325341913	1.37496267761965	1.372609325341913
6	tecrdb_3729	-1.40434	15.316665153899997	15.304853663370103	16.7210051539	16.709193663370105
6	tecrdb_494	24.3965	31.46274234688127	31.42864088659755	7.066242346881271	7.032140886597549
6	tecrdb_1552	-0.65039	39.40347698019426	39.673284012592525	40.053866980194265	40.32367401259253
6	tecrdb_1962	13.9486	12.497616419558	12.497597263157758	1.450983580442001	1.4510027368422431
6	tecrdb_332	1.85521	1.5681754654378182	1.5599340406627675	0.28703453456218186	0.2952759593372325
6	tecrdb_1070	-0.0358518	1.5681754654378182	1.5599340406627675	1.6040272654378183	1.5957858406627676
6	tecrdb_104	18.6292	16.18160959833145	16.154291445264477	2.4475904016685526	2.4749085547355243
6	tecrdb_2094	-4.03882	-4.113159250182733	-4.046973371130953	0.07433925018273246	0.008153371130952713
6	tecrdb_3595	-0.0587923	-0.3872461304260284	-0.38951971812534225	0.3284538304260284	0.33072741812534223
6	tecrdb_3013	14.8427	13.824813566974342	13.837483490387285	1.0178864330256587	1.0052165096127155
6	tecrdb_2236	-15.0313	-15.211557591733992	-15.163727610706928	0.18025759173399258	0.13242761070692843
6	tecrdb_4470	23.7326	21.76854089845817	21.92954022753227	1.9640591015418316	1.80305977246773
6	tecrdb_1425	-8.55237	-7.433751986518288	-7.402645716229536	1.1186180134817114	1.149724283770464
6	tecrdb_3367	-7.60557	-7.562914197153123	-7.563287574746347	0.04265580284687687	0.04228242525365289
6	tecrdb_3209	-9.32896	-10.065759923145151	-10.065778187274148	0.736799923145151	0.7368181872741477
6	tecrdb_318	2.31815	1.5681754654378182	1.5599340406627675	0.749974534562182	0.7582159593372326
6	tecrdb_2490	12.9198	8.718192745919964	8.718199216775318	4.201607254080036	4.2016007832246824
6	tecrdb_2768	-1.07037	0.17030908891676688	0.1830868225393658	1.240679088916767	1.2534568225393659
6	tecrdb_1505	-2.91441	-3.143919967332522	-3.1376869938227117	0.22950996733252182	0.2232769938227115
6	tecrdb_100	18.294	16.18160959833145	16.154291445264477	2.112390401668552	2.139708554735524
6	tecrdb_4191	6.2876	3.0993371674462082	3.0993365843580385	3.188262832553792	3.188263415641962
6	tecrdb_191	4.10756	8.718192745919964	8.718199216775318	4.610632745919964	4.610639216775318
6	tecrdb_182	-7.55083	-7.433751986518288	-7.402645716229536	0.11707801348171198	0.14818428377046455
6	tecrdb_2927	17.6114	15.316665153899997	15.304853663370103	2.2947348461000026	2.3065463366298964
6	tecrdb_4245	11.1479	8.718192745919964	8.718199216775318	2.4297072540800357	2.429700783224682
6	tecrdb_4035	-1.33746	8.718192745919964	8.718199216775318	10.055652745919964	10.055659216775318
6	tecrdb_4300	4.32293	5.6520063918223755	5.649072636885428	1.3290763918223751	1.3261426368854279
6	tecrdb_2001	2.49844	1.5681754654378182	1.5599340406627675	0.9302645345621818	0.9385059593372325
6	tecrdb_658	4.22885	2.4572164643731895	2.4572657623866547	1.771633535626811	1.7715842376133457
6	tecrdb_1808	36.6786	35.12502218405075	35.10395960403139	1.5535778159492537	1.5746403959686148
6	tecrdb_470	-11.6007	-11.200941253071477	-11.199262513313982	0.39975874692852287	0.4014374866860173
6	tecrdb_1740	-4.14503	-3.143919967332522	-3.1376869938227117	1.0011100326674782	1.0073430061772886
6	tecrdb_1164	0.345225	1.5681754654378182	1.5599340406627675	1.222950465437818	1.2147090406627674
6	tecrdb_1763	-3.98577	-3.143919967332522	-3.1376869938227117	0.841850032667478	0.8480830061772884
6	tecrdb_2249	-14.4738	-13.779449450270107	-13.796985283241213	0.6943505497298936	0.6768147167587877
6	tecrdb_2035	4.73615	1.5536884909285646	1.4985536837328848	3.1824615090714357	3.2375963162671155
6	tecrdb_3417	-15.4757	-15.697783921494391	-15.686975200901117	0.2220839214943915	0.21127520090111673
6	tecrdb_1694	5.29212	5.6520063918223755	5.649072636885428	0.3598863918223758	0.35695263688542855
6	tecrdb_4230	0.0494673	1.5681754654378182	1.5599340406627675	1.518708165437818	1.5104667406627674
6	tecrdb_218	1.27466	-3.6622798371694874	-3.675318717433811	4.936939837169487	4.949978717433811
6	tecrdb_948	-6.48841	-7.147711676139259	-7.05672968483956	0.6593016761392594	0.56831968483956
6	tecrdb_3951	-12.0893	-15.697783921494391	-15.686975200901117	3.6084839214943916	3.597675200901117
6	tecrdb_3690	-15.8733	-10.407185781085985	-10.406853656699681	5.466114218914015	5.466446343300319
6	tecrdb_800	11.8755	16.25205489553676	16.206006339679718	4.376554895536758	4.330506339679717
6	tecrdb_3174	-10.3624	-10.407185781085985	-10.406853656699681	0.04478578108598619	0.04445365669968204
6	tecrdb_3693	-12.661	-10.407185781085985	-10.406853656699681	2.2538142189140142	2.2541463433003184
6	tecrdb_1880	-19.1888	-3.736003641710269	-4.218996204853212	15.452796358289731	14.969803795146788
6	tecrdb_1048	-0.279459	0.5793664421325957	0.5818772992226968	0.8588254421325957	0.8613362992226968
6	tecrdb_722	6.478	-3.1318333620813803	-3.2197458595491923	9.60983336208138	9.697745859549192
6	tecrdb_2650	14.6421	11.857999949009052	11.882206486097168	2.784100050990947	2.7598935139028313
6	tecrdb_4114	3.6609	9.234562483703542	9.198070811716917	5.573662483703542	5.537170811716917
6	tecrdb_2731	0.0249144	50.63028936532687	50.73586402325715	50.60537496532687	50.71094962325715
6	tecrdb_1690	3.57942	5.6520063918223755	5.649072636885428	2.0725863918223757	2.0696526368854284
6	tecrdb_1296	27.8897	15.316665153899997	15.304853663370103	12.573034846100004	12.584846336629898
6	tecrdb_3372	-9.53378	-7.562914197153123	-7.563287574746347	1.9708658028468768	1.9704924252536529
6	tecrdb_2285	18.8423	25.00494048450244	24.856124364160834	6.16264048450244	6.013824364160833
6	tecrdb_2469	13.1207	8.718192745919964	8.718199216775318	4.402507254080035	4.402500783224681
6	tecrdb_4083	5.96919	0.44295938817855074	0.4431091506720364	5.5262306118214495	5.526080849327964
6	tecrdb_2388	15.3567	25.00494048450244	24.856124364160834	9.648240484502441	9.499424364160834
6	tecrdb_4382	13.794	11.857999949009052	11.882206486097168	1.9360000509909483	1.9117935139028326
6	tecrdb_2366	5.75809	11.491424609042419	11.491382128422508	5.733334609042418	5.733292128422508
6	tecrdb_1727	-3.81515	-3.143919967332522	-3.1376869938227117	0.671230032667478	0.6774630061772884
6	tecrdb_3533	-14.6168	-15.697783921494391	-15.686975200901117	1.0809839214943917	1.070175200901117
6	tecrdb_1715	12.2371	11.778376501313002	11.778470568907455	0.45872349868699835	0.45862943109254495
6	tecrdb_2697	-0.352274	1.5681754654378182	1.5599340406627675	1.9204494654378181	1.9122080406627675
6	tecrdb_3377	-7.80488	-7.562914197153123	-7.563287574746347	0.24196580284687652	0.24159242525365254
6	tecrdb_4375	-0.0	4.759680397289088	4.759696153179561	4.759680397289088	4.759696153179561
6	tecrdb_3918	-0.102118	0.5459735070951623	0.5432344038610708	0.6480915070951624	0.6453524038610708
6	tecrdb_2830	16.9454	18.851398842889182	19.85720142940255	1.9059988428891828	2.9118014294025514
6	tecrdb_4240	-1.4571	-1.9023828010363246	-1.9023608276674366	0.44528280103632456	0.4452608276674366
6	tecrdb_255	15.3118	4.72470111030789	4.812869489704383	10.58709888969211	10.498930510295617
6	tecrdb_4451	-11.0421	-13.46547635249425	-13.438795070055733	2.42337635249425	2.396695070055733
6	tecrdb_491	22.4856	31.46274234688127	31.42864088659755	8.97714234688127	8.943040886597547
6	tecrdb_3466	-13.4434	-15.697783921494391	-15.686975200901117	2.254383921494391	2.243575200901116
6	tecrdb_3723	20.2895	18.851398842889182	19.85720142940255	1.4381011571108182	0.4322985705974496
6	tecrdb_1240	17.6772	15.316665153899997	15.304853663370103	2.360534846100002	2.372346336629896
6	tecrdb_3351	0.935277	1.5681754654378182	1.5599340406627675	0.6328984654378181	0.6246570406627675
6	tecrdb_2971	-9.3625	-9.285790755704895	-9.28579966578846	0.07670924429510606	0.07670033421154088
6	tecrdb_1424	0.673472	0.9600109915024859	0.8955321337658688	0.28653899150248596	0.22206013376586886
6	tecrdb_3400	-13.3049	-15.697783921494391	-15.686975200901117	2.3928839214943913	2.3820752009011166
6	tecrdb_1120	0.797192	1.5681754654378182	1.5599340406627675	0.7709834654378181	0.7627420406627675
6	tecrdb_4239	-7.16511	-1.9023828010363246	-1.9023608276674366	5.262727198963676	5.262749172332564
6	tecrdb_1181	2.10952	1.5681754654378182	1.5599340406627675	0.5413445345621817	0.5495859593372323
6	tecrdb_4198	2.68895	3.0993371674462082	3.0993365843580385	0.41038716744620807	0.4103865843580383
6	tecrdb_1688	12.9515	5.6520063918223755	5.649072636885428	7.299493608177624	7.302427363114571
6	tecrdb_1168	5.49438	1.5681754654378182	1.5599340406627675	3.9262045345621814	3.934445959337232
6	tecrdb_2937	22.993	15.316665153899997	15.304853663370103	7.676334846100001	7.688146336629895
6	tecrdb_2505	-13.7366	-17.114538215414925	-17.104064780508438	3.3779382154149253	3.3674647805084383
6	tecrdb_3207	8.37884	8.718192745919964	8.718199216775318	0.3393527459199639	0.33935921677531766
6	tecrdb_101	19.3957	16.18160959833145	16.154291445264477	3.214090401668553	3.241408554735525
6	tecrdb_1237	20.1086	15.316665153899997	15.304853663370103	4.791934846100002	4.803746336629896
6	tecrdb_3437	-11.8086	-15.697783921494391	-15.686975200901117	3.889183921494391	3.8783752009011163
6	tecrdb_506	12.265	30.848024741843385	30.84747375003656	18.583024741843385	18.58247375003656
6	tecrdb_4020	4.46627	8.718192745919964	8.718199216775318	4.251922745919964	4.251929216775318
6	tecrdb_2269	-2.8047	-1.6091840072480466	-1.6034455369555758	1.1955159927519534	1.2012544630444242
6	tecrdb_2930	16.8126	15.316665153899997	15.304853663370103	1.4959348461000026	1.5077463366298964
6	tecrdb_2247	-14.7299	-13.779449450270107	-13.796985283241213	0.9504505497298936	0.9329147167587877
6	tecrdb_2430	2.4222	1.5681754654378182	1.5599340406627675	0.854024534562182	0.8622659593372326
6	tecrdb_1708	7.54973	5.6520063918223755	5.649072636885428	1.8977236081776248	1.900657363114572
6	tecrdb_4079	-4.03882	-4.481399529843083	-4.577863060590735	0.4425795298430826	0.5390430605907346
6	tecrdb_4415	11.9007	14.817690157809352	14.884075917426202	2.9169901578093516	2.9833759174262013
6	tecrdb_4155	1.35463	3.0993371674462082	3.0993365843580385	1.7447071674462082	1.7447065843580385
6	tecrdb_2250	-14.7386	-13.779449450270107	-13.796985283241213	0.9591505497298929	0.9416147167587869
6	tecrdb_3493	8.17272	7.687823853537736	7.687803897970454	0.48489614646226364	0.4849161020295458
6	tecrdb_2610	7.86442	10.22306802628853	10.172336516079266	2.35864802628853	2.307916516079266
6	tecrdb_4249	15.1017	8.718192745919964	8.718199216775318	6.383507254080035	6.383500783224681
6	tecrdb_439	-11.726	-11.200941253071477	-11.199262513313982	0.525058746928524	0.5267374866860184
6	tecrdb_3322	-0.0110146	0.5793664421325957	0.5818772992226968	0.5903810421325957	0.5928918992226968
6	tecrdb_3949	-14.8579	-15.697783921494391	-15.686975200901117	0.8398839214943905	0.8290752009011157
6	tecrdb_2840	1.51377	1.5681754654378182	1.5599340406627675	0.0544054654378181	0.04616404066276747
6	tecrdb_3822	8.85041	5.852544375854777	5.852621377610575	2.9978656241452235	2.9977886223894252
6	tecrdb_1669	5.4226	5.6520063918223755	5.649072636885428	0.22940639182237543	0.22647263688542818
6	tecrdb_1274	-3.18627	-3.143919967332522	-3.1376869938227117	0.042350032667477944	0.04858300617728828
6	tecrdb_1393	21.6361	25.00494048450244	24.856124364160834	3.3688404845024422	3.2200243641608353
6	tecrdb_2897	47.6348	50.17236863696837	50.19222123741359	2.5375686369683734	2.5574212374135925
6	tecrdb_3491	-10.5024	-9.17468131226724	-8.955672988548201	1.3277186877327605	1.5467270114517984
6	tecrdb_2116	-3.29633	-4.113159250182733	-4.046973371130953	0.8168292501827326	0.7506433711309528
6	tecrdb_3001	-3.17538	-3.3118258997597465	-3.312471940239355	0.13644589975974641	0.13709194023935511
6	tecrdb_1481	4.25091	32.895742129173215	31.762197368398176	28.644832129173214	27.511287368398175
6	tecrdb_1764	-4.55529	-3.143919967332522	-3.1376869938227117	1.4113700326674783	1.4176030061772886
6	tecrdb_3975	-11.4755	-15.697783921494391	-15.686975200901117	4.222283921494391	4.211475200901116
6	tecrdb_3704	-12.9382	-10.407185781085985	-10.406853656699681	2.531014218914015	2.531346343300319
6	tecrdb_4034	0.605596	8.718192745919964	8.718199216775318	8.112596745919964	8.112603216775318
6	tecrdb_4067	9.16241	3.8010103223586498	3.801037512187662	5.36139967764135	5.361372487812337
6	tecrdb_4269	-0.0	-0.1959630418750109	-0.1958103916029934	0.1959630418750109	0.1958103916029934
6	tecrdb_1346	0.480494	-2.222933780074097	-1.9629689770506005	2.7034277800740973	2.4434629770506007
6	tecrdb_3021	14.8035	13.824813566974342	13.837483490387285	0.9786864330256577	0.9660165096127145
6	tecrdb_384	-8.28396	-8.027003582734146	-8.027060089909206	0.2569564172658545	0.2568999100907945
6	tecrdb_3675	-10.5325	-10.407185781085985	-10.406853656699681	0.12531421891401529	0.12564634330031943
6	tecrdb_1844	20.6618	20.514021641055592	20.512599747587075	0.14777835894440727	0.14920025241292478
6	tecrdb_3027	5.36528	2.36772967761965	2.365376325341913	2.9975503223803504	2.9999036746580874
6	tecrdb_1	1.97947	-102.60429581670205	-102.51453028750765	104.58376581670205	104.49400028750766
6	tecrdb_2952	-9.84801	-9.285790755704895	-9.28579966578846	0.5622192442951057	0.5622103342115405
6	tecrdb_2507	-16.8848	-17.114538215414925	-17.104064780508438	0.22973821541492612	0.21926478050843912
6	tecrdb_1752	-3.60429	-3.143919967332522	-3.1376869938227117	0.4603700326674782	0.46660300617728856
6	tecrdb_3758	-36.0803	-37.79284062148997	-38.03779246953158	1.7125406214899712	1.95749246953158
6	tecrdb_4538	-26.6697	57.70307666001828	57.42931333455222	84.37277666001827	84.09901333455221
6	tecrdb_3684	-10.1723	-10.407185781085985	-10.406853656699681	0.23488578108598546	0.2345536566996813
6	tecrdb_267	-6.98839	-143.56043158587642	-143.5658033151377	136.5720415858764	136.5774133151377
6	tecrdb_858	-7.29521	-7.371776364734075	-7.3717699872387925	0.07656636473407463	0.07655998723879254
6	tecrdb_2032	12.2105	9.656616688494168	9.572797927982364	2.5538833115058317	2.6377020720176354
6	tecrdb_4506	24.7185	23.57647717603882	23.473573339857495	1.1420228239611774	1.2449266601425037
6	tecrdb_76	-12.6295	-20.67400223186567	-20.54400428453434	8.044502231865671	7.914504284534338
6	tecrdb_2293	0.174984	0.5793664421325957	0.5818772992226968	0.40438244213259567	0.4068932992226968
6	tecrdb_1816	-1.4431	-7.445839102536141	-7.485511542921781	6.0027391025361405	6.042411542921781
6	tecrdb_4473	3.77375	0.5793664421325957	0.5818772992226968	3.1943835578674045	3.1918727007773033
6	tecrdb_1287	-11.6244	-9.17468131226724	-8.955672988548201	2.4497186877327604	2.6687270114517982
6	tecrdb_2399	3.5746	0.5793664421325957	0.5818772992226968	2.9952335578674045	2.9927227007773034
6	tecrdb_1312	28.0881	15.316665153899997	15.304853663370103	12.771434846100004	12.783246336629897
6	tecrdb_2206	-0.995017	0.8646902511019974	0.8646961145125758	1.8597072511019974	1.8597131145125758
6	tecrdb_4491	3.29622	0.5793664421325957	0.5818772992226968	2.7168535578674042	2.714342700777303
6	tecrdb_83	7.80018	7.687823853537736	7.687803897970454	0.11235614646226377	0.11237610202954595
6	tecrdb_3099	-20.4138	-15.697783921494391	-15.686975200901117	4.716016078505607	4.726824799098882
6	tecrdb_2712	-17.292	-16.11813587581645	-17.69456530731685	1.1738641241835523	0.4025653073168485
6	tecrdb_3154	-10.0042	-10.407185781085985	-10.406853656699681	0.4029857810859845	0.40265365669968034
6	tecrdb_21	-13.7068	-15.211557591733992	-15.163727610706928	1.504757591733993	1.4569276107069289
6	tecrdb_1136	-0.851744	1.5681754654378182	1.5599340406627675	2.419919465437818	2.4116780406627676
6	tecrdb_2662	-0.213179	0.5793664421325957	0.5818772992226968	0.7925454421325957	0.7950562992226968
6	tecrdb_2922	22.0375	15.316665153899997	15.304853663370103	6.720834846100004	6.732646336629898
6	tecrdb_2270	-4.08695	-1.6091840072480466	-1.6034455369555758	2.4777659927519533	2.483504463044424
6	tecrdb_809	5.26966	1.5536884909285646	1.4985536837328848	3.7159715090714354	3.7711063162671152
6	tecrdb_3096	-20.2507	-15.697783921494391	-15.686975200901117	4.552916078505607	4.563724799098882
6	tecrdb_2298	2.74833	2.892939188276525	2.897803782551918	0.14460918827652502	0.1494737825519179
6	tecrdb_2917	23.1963	15.316665153899997	15.304853663370103	7.879634846100004	7.8914463366298975
6	tecrdb_543	3.58641	1.5536884909285646	1.4985536837328848	2.0327215090714352	2.087856316267115
6	tecrdb_4276	-16.0555	-15.697783921494391	-15.686975200901117	0.35771607850560727	0.368524799098882
6	tecrdb_2703	-16.7805	-16.11813587581645	-17.69456530731685	0.6623641241835507	0.9140653073168501
6	tecrdb_969	-5.52118	-7.147711676139259	-7.05672968483956	1.6265316761392592	1.5355496848395598
6	tecrdb_1083	17.3431	17.985539305283623	17.985434946550072	0.6424393052836237	0.6423349465500721
6	tecrdb_55	27.7059	35.12502218405075	35.10395960403139	7.4191221840507495	7.398059604031388
6	tecrdb_1114	3.0516	1.5681754654378182	1.5599340406627675	1.483424534562182	1.4916659593372326
6	tecrdb_2526	23.3775	21.76854089845817	21.92954022753227	1.6089591015418314	1.4479597724677298
6	tecrdb_67	-17.5926	-5.290598140408434	-5.280121544201577	12.302001859591567	12.312478455798423
6	tecrdb_3877	3.74978	-2.6992528411842613	-2.803495026209731	6.449032841184261	6.553275026209731
6	tecrdb_2129	-4.11068	-4.113159250182733	-4.046973371130953	0.0024792501827324287	0.06370662886904732
6	tecrdb_663	1.60815	2.4572164643731895	2.4572657623866547	0.8490664643731896	0.8491157623866548
6	tecrdb_1446	1.62106	1.5681754654378182	1.5599340406627675	0.052884534562181784	0.061125959337232416
6	tecrdb_1831	36.5823	122.50880719016396	122.13439105323255	85.92650719016396	85.55209105323254
6	tecrdb_525	2.05914	8.718192745919964	8.718199216775318	6.659052745919964	6.659059216775318
6	tecrdb_3267	4.79187	5.299971534361049	5.2997703618082355	0.5081015343610487	0.5079003618082352
6	tecrdb_692	16.3077	20.790224968844825	20.757453447559612	4.4825249688448245	4.449753447559612
6	tecrdb_3152	-10.0311	-10.407185781085985	-10.406853656699681	0.376085781085985	0.37575365669968086
6	tecrdb_1426	6.42999	8.524427538109066	8.524219550657094	2.094437538109066	2.0942295506570936
6	tecrdb_4358	5.07676	5.6520063918223755	5.649072636885428	0.5752463918223754	0.5723126368854281
6	tecrdb_487	-3.58685	-3.143919967332522	-3.1376869938227117	0.4429300326674781	0.44916300617728844
6	tecrdb_1943	0.941279	4.168196878480167	4.264685562404978	3.226917878480167	3.323406562404978
6	tecrdb_2912	-0.240232	-0.8179764937969871	-0.864882482220434	0.5777444937969871	0.624650482220434
6	tecrdb_2	-3.55751	-3.1318333620813803	-3.2197458595491923	0.42567663791861987	0.3377641404508078
6	tecrdb_509	6.64473	7.994796881124209	7.994690243414674	1.3500668811242091	1.3499602434146736
6	tecrdb_45	-14.4016	-15.211557591733992	-15.163727610706928	0.8099575917339923	0.7621276107069281
6	tecrdb_2240	-15.0491	-13.779449450270107	-13.796985283241213	1.2696505497298922	1.2521147167587863
6	tecrdb_307	1.85521	1.5681754654378182	1.5599340406627675	0.28703453456218186	0.2952759593372325
6	tecrdb_4033	3.91712	8.718192745919964	8.718199216775318	4.801072745919964	4.801079216775317
6	tecrdb_2324	2.24426	2.7332629670726956	2.1626361220857406	0.4890029670726954	0.08162387791425951
6	tecrdb_2424	30.5195	35.12502218405075	35.10395960403139	4.6055221840507485	4.584459604031387
6	tecrdb_2936	22.6339	15.316665153899997	15.304853663370103	7.317234846100003	7.329046336629897
6	tecrdb_855	-6.7591	-7.371776364734075	-7.3717699872387925	0.6126763647340745	0.6126699872387924
6	tecrdb_522	5.93775	8.718192745919964	8.718199216775318	2.780442745919964	2.7804492167753176
6	tecrdb_3010	14.554	13.824813566974342	13.837483490387285	0.7291864330256583	0.7165165096127151
6	tecrdb_3574	12.9162	14.817690157809352	14.884075917426202	1.9014901578093522	1.967875917426202
6	tecrdb_1839	39.5041	37.184861781660466	37.15241382285712	2.3192382183395353	2.3516861771428808
6	tecrdb_3565	-4.62046	-158.8314610111487	-158.57679510784175	154.21100101114868	153.95633510784174
6	tecrdb_680	-0.315166	2.4572164643731895	2.4572657623866547	2.7723824643731896	2.772431762386655
6	tecrdb_317	0.16102	1.5681754654378182	1.5599340406627675	1.4071554654378182	1.3989140406627676
6	tecrdb_4458	6.45444	6.220212066952001	6.589806913184475	0.2342279330479986	0.13536691318447502
6	tecrdb_2414	1.81948	1.5681754654378182	1.5599340406627675	0.2513045345621818	0.25954595933723246
6	tecrdb_2787	1.69174	0.17030908891676688	0.1830868225393658	1.5214309110832331	1.5086531774606342
6	tecrdb_884	11.9808	2.223854773566302	2.018519566431081	9.756945226433698	9.96228043356892
6	tecrdb_47	-14.3681	-15.211557591733992	-15.163727610706928	0.8434575917339924	0.7956276107069282
6	tecrdb_4080	-4.11068	-4.481399529843083	-4.577863060590735	0.37071952984308254	0.46718306059073456
6	tecrdb_4229	0.189915	1.5681754654378182	1.5599340406627675	1.378260465437818	1.3700190406627675
6	tecrdb_3250	-0.451967	9.21097267993838	9.469467980723294	9.662939679938379	9.921434980723294
6	tecrdb_243	31.5246	71.8909303814751	71.07605013802056	40.3663303814751	39.55145013802056
6	tecrdb_2613	20.1335	14.228308772264683	14.228545227944991	5.905191227735319	5.90495477205501
6	tecrdb_2320	2.1654	2.7332629670726956	2.1626361220857406	0.5678629670726956	0.0027638779142593606
6	tecrdb_4220	0.274563	1.5681754654378182	1.5599340406627675	1.293612465437818	1.2853710406627674
6	tecrdb_3427	-17.5004	-15.697783921494391	-15.686975200901117	1.8026160785056078	1.8134247990988825
6	tecrdb_1194	18.0082	26.766503999042364	26.76770739190416	8.758303999042365	8.759507391904162
6	tecrdb_3067	11.6772	33.58420147103501	33.05913385532369	21.90700147103501	21.381933855323688
6	tecrdb_3659	4.3222	6.749561831115571	6.749618556595681	2.4273618311155714	2.427418556595682
6	tecrdb_449	-11.6094	-11.200941253071477	-11.199262513313982	0.4084587469285239	0.41013748668601835
6	tecrdb_2500	13.0223	8.718192745919964	8.718199216775318	4.304107254080035	4.304100783224682
6	tecrdb_1685	4.9652	5.6520063918223755	5.649072636885428	0.6868063918223752	0.683872636885428
6	tecrdb_237	-7.09527	5.852544375854777	5.852621377610575	12.947814375854776	12.947891377610574
6	tecrdb_3769	0.24683	5.042775801458248	5.20478241831826	4.795945801458248	4.95795241831826
6	tecrdb_2310	9.14457	2.5928532278158514	2.587043904351532	6.5517167721841485	6.557526095648468
6	tecrdb_957	-6.05836	-7.147711676139259	-7.05672968483956	1.089351676139259	0.9983696848395596
6	tecrdb_2800	1.32153	0.17030908891676688	0.1830868225393658	1.1512209110832332	1.1384431774606343
6	tecrdb_1475	26.0323	25.00494048450244	24.856124364160834	1.027359515497558	1.176175635839165
6	tecrdb_551	2.87198	0.5793664421325957	0.5818772992226968	2.2926135578674045	2.2901027007773034
6	tecrdb_1787	35.1924	35.12502218405075	35.10395960403139	0.06737781594924996	0.08844039596861109
6	tecrdb_3136	-18.9196	-30.488336961914698	-32.600144604534506	11.568736961914698	13.680544604534507
6	tecrdb_2120	-2.51671	-4.113159250182733	-4.046973371130953	1.596449250182733	1.5302633711309532
6	tecrdb_2178	-6.97112	-7.562914197153123	-7.563287574746347	0.5917941971531233	0.5921675747463473
6	tecrdb_3890	24.1418	23.40506121204365	23.375573264356674	0.7367387879563516	0.7662267356433254
6	tecrdb_1122	1.89818	1.5681754654378182	1.5599340406627675	0.3300045345621818	0.33824595933723245
6	tecrdb_1309	4.10589	-2.6992528411842613	-2.803495026209731	6.805142841184261	6.909385026209731
6	tecrdb_2546	-14.6392	-15.697783921494391	-15.686975200901117	1.0585839214943906	1.0477752009011159
6	tecrdb_2477	12.4094	8.718192745919964	8.718199216775318	3.6912072540800356	3.691200783224682
6	tecrdb_2720	1.71828	41.286238333279854	40.99760780674488	39.567958333279854	39.27932780674488
6	tecrdb_2633	-2.56133	-3.3118258997597465	-3.312471940239355	0.7504958997597466	0.7511419402393553
6	tecrdb_4379	8.13017	8.718192745919964	8.718199216775318	0.5880227459199645	0.5880292167753183
6	tecrdb_4303	1.70731	5.6520063918223755	5.649072636885428	3.9446963918223754	3.941762636885428
6	tecrdb_215	7.93098	8.718192745919964	8.718199216775318	0.7872127459199643	0.787219216775318
6	tecrdb_3486	15.5329	5.881033487573411	5.881513324239499	9.651866512426588	9.6513866757605
6	tecrdb_3122	-7.52198	-9.17468131226724	-8.955672988548201	1.6527013122672392	1.4336929885482013
6	tecrdb_1855	20.7889	20.514021641055592	20.512599747587075	0.2748783589444095	0.276300252412927
6	tecrdb_1205	27.1106	17.985539305283623	17.985434946550072	9.125060694716378	9.12516505344993
6	tecrdb_3515	21.8269	20.790224968844825	20.757453447559612	1.0366750311551733	1.069446552440386
6	tecrdb_795	-3.45371	-3.143919967332522	-3.1376869938227117	0.30979003266747807	0.3160230061772884
6	tecrdb_1057	-12.2398	-13.791951252711243	-13.728750917971013	1.5521512527112424	1.488950917971012
6	tecrdb_3979	-11.7989	-15.697783921494391	-15.686975200901117	3.8988839214943916	3.888075200901117
6	tecrdb_1553	-1.00513	-1.3232672051039103	-1.3240349250629464	0.3181372051039102	0.3189049250629463
6	tecrdb_2326	2.18339	2.7332629670726956	2.1626361220857406	0.5498729670726954	0.020753877914259533
6	tecrdb_1104	5.42707	1.5681754654378182	1.5599340406627675	3.8588945345621815	3.867135959337232
6	tecrdb_1548	-10.2672	-13.3703103498177	-13.404596878101557	3.1031103498176993	3.1373968781015567
6	tecrdb_2798	0.609824	0.17030908891676688	0.1830868225393658	0.43951491108323315	0.4267371774606342
6	tecrdb_1554	-0.47254	142.31853251797196	142.41845810475115	142.79107251797197	142.89099810475116
6	tecrdb_968	-5.9099	-7.147711676139259	-7.05672968483956	1.237811676139259	1.1468296848395596
6	tecrdb_4394	4.5694	2.36772967761965	2.365376325341913	2.20167032238035	2.204023674658087
6	tecrdb_529	4.89216	8.718192745919964	8.718199216775318	3.8260327459199646	3.8260392167753183
6	tecrdb_4456	16.8878	20.790224968844825	20.757453447559612	3.9024249688448265	3.869653447559614
6	tecrdb_3573	13.6271	14.817690157809352	14.884075917426202	1.1905901578093516	1.2569759174262014
6	tecrdb_46	-14.0159	-15.211557591733992	-15.163727610706928	1.1956575917339922	1.147827610706928
6	tecrdb_2588	27.9475	25.00494048450244	24.856124364160834	2.9425595154975603	3.0913756358391673
6	tecrdb_3691	-15.6123	-10.407185781085985	-10.406853656699681	5.205114218914014	5.205446343300318
6	tecrdb_3034	26.2635	25.00494048450244	24.856124364160834	1.2585595154975593	1.4073756358391663
6	tecrdb_1748	-4.77302	-3.143919967332522	-3.1376869938227117	1.6291000326674778	1.6353330061772882
6	tecrdb_3800	18.9089	23.57647717603882	23.473573339857495	4.667577176038822	4.564673339857496
6	tecrdb_2517	-14.2839	-17.114538215414925	-17.104064780508438	2.8306382154149254	2.8201647805084384
6	tecrdb_2557	-12.3706	-15.697783921494391	-15.686975200901117	3.3271839214943917	3.316375200901117
6	tecrdb_2173	-6.03336	-7.562914197153123	-7.563287574746347	1.5295541971531232	1.5299275747463472
6	tecrdb_4227	0.890465	1.5681754654378182	1.5599340406627675	0.6777104654378182	0.6694690406627676
6	tecrdb_440	-11.9008	-11.200941253071477	-11.199262513313982	0.6998587469285233	0.7015374866860178
6	tecrdb_3463	-16.2582	-15.697783921494391	-15.686975200901117	0.5604160785056074	0.5712247990988821
6	tecrdb_2740	-3.78984	-3.143919967332522	-3.1376869938227117	0.6459200326674779	0.6521530061772882
6	tecrdb_2542	-18.3534	-16.177566951472002	-16.201666055555677	2.1758330485279984	2.1517339444443238
6	tecrdb_3171	-10.5663	-10.407185781085985	-10.406853656699681	0.15911421891401467	0.15944634330031882
6	tecrdb_2834	-0.505104	1.5681754654378182	1.5599340406627675	2.0732794654378184	2.0650380406627677
6	tecrdb_900	-12.8337	-13.596647489027738	-13.627291632228932	0.7629474890277379	0.7935916322289316
6	tecrdb_1528	46.2484	35.12502218405075	35.10395960403139	11.123377815949247	11.144440395968608
6	tecrdb_3576	12.2825	14.817690157809352	14.884075917426202	2.5351901578093514	2.601575917426201
6	tecrdb_3792	13.8364	23.57647717603882	23.473573339857495	9.740077176038822	9.637173339857496
6	tecrdb_3445	-12.0431	-15.697783921494391	-15.686975200901117	3.6546839214943905	3.6438752009011157
6	tecrdb_74	12.5069	13.542739588326953	13.54265693021739	1.0358395883269527	1.0357569302173903
6	tecrdb_3928	-2.69838	-2.3749469982684914	-2.374971623340798	0.32343300173150835	0.32340837665920175
6	tecrdb_4398	0.390186	-7.147711676139259	-7.05672968483956	7.537897676139259	7.44691568483956
6	tecrdb_3604	-3.05582	-3.143919967332522	-3.1376869938227117	0.08809996733252179	0.08186699382271145
6	tecrdb_3522	-17.3603	-15.697783921494391	-15.686975200901117	1.6625160785056075	1.6733247990988822
6	tecrdb_1148	1.00389	1.5681754654378182	1.5599340406627675	0.5642854654378182	0.5560440406627676
6	tecrdb_4056	17.5979	12.260568621419452	12.152158092613064	5.337331378580547	5.445741907386935
6	tecrdb_4305	0.885536	5.6520063918223755	5.649072636885428	4.766470391822375	4.763536636885428
6	tecrdb_3702	-10.3134	-10.407185781085985	-10.406853656699681	0.09378578108598568	0.09345365669968153
6	tecrdb_1506	-2.92379	-3.143919967332522	-3.1376869938227117	0.2201299673325221	0.21389699382271177
6	tecrdb_3423	-13.3049	-15.697783921494391	-15.686975200901117	2.3928839214943913	2.3820752009011166
6	tecrdb_2671	3.28161	1.5681754654378182	1.5599340406627675	1.713434534562182	1.7216759593372326
6	tecrdb_1495	-4.02543	-3.143919967332522	-3.1376869938227117	0.8815100326674781	0.8877430061772884
6	tecrdb_2996	5.24129	31.039907981859614	31.04659177708072	25.798617981859614	25.80530177708072
6	tecrdb_233	-2.7279	-1.4164081844922123	-1.3646244305393083	1.3114918155077877	1.3632755694606917
6	tecrdb_883	22.6053	17.843356281671632	17.55757482114163	4.761943718328368	5.0477251788583715
6	tecrdb_2195	-9.35555	-7.562914197153123	-7.563287574746347	1.7926358028468758	1.7922624252536519
6	tecrdb_2099	-3.00435	-4.113159250182733	-4.046973371130953	1.1088092501827327	1.042623371130953
6	tecrdb_4157	2.60956	3.0993371674462082	3.0993365843580385	0.48977716744620814	0.4897765843580384
6	tecrdb_2257	-15.3946	-13.779449450270107	-13.796985283241213	1.6151505497298935	1.5976147167587875
6	tecrdb_2815	20.2934	18.851398842889182	19.85720142940255	1.4420011571108162	0.4361985705974476
6	tecrdb_175	-1.51574	-1.4164081844922123	-1.3646244305393083	0.0993318155077878	0.15111556946069182
6	tecrdb_3475	49.9241	50.17236863696837	50.19222123741359	0.2482686369683691	0.2681212374135882
6	tecrdb_1065	0.189915	1.5681754654378182	1.5599340406627675	1.378260465437818	1.3700190406627675
6	tecrdb_2014	0.430765	1.5681754654378182	1.5599340406627675	1.137410465437818	1.1291690406627675
6	tecrdb_314	-0.495967	1.5681754654378182	1.5599340406627675	2.064142465437818	2.0559010406627674
6	tecrdb_2115	-4.01439	-4.113159250182733	-4.046973371130953	0.09876925018273308	0.03258337113095333
6	tecrdb_1356	19.7878	15.316665153899997	15.304853663370103	4.471134846100004	4.482946336629897
6	tecrdb_3591	0.328187	0.49772961182969766	0.4998684866048819	0.16954261182969765	0.17168148660488192
6	tecrdb_1750	-4.73239	-3.143919967332522	-3.1376869938227117	1.5884700326674777	1.594703006177288
6	tecrdb_1490	4.16963	11.564597486521734	11.447849175408024	7.394967486521734	7.278219175408024
6	tecrdb_427	-15.0313	20.053347182654548	19.970174032479107	35.08464718265455	35.00147403247911
6	tecrdb_1795	33.656	35.12502218405075	35.10395960403139	1.4690221840507505	1.4479596040313893
6	tecrdb_1857	18.2679	20.514021641055592	20.512599747587075	2.2461216410555913	2.244699747587074
6	tecrdb_1699	9.92251	5.6520063918223755	5.649072636885428	4.270503608177625	4.273437363114573
6	tecrdb_3286	31.3786	26.766503999042364	26.76770739190416	4.612096000957635	4.610892608095838
6	tecrdb_3164	-11.2309	-10.407185781085985	-10.406853656699681	0.8237142189140148	0.8240463433003189
6	tecrdb_3080	-19.5211	-15.697783921494391	-15.686975200901117	3.8233160785056093	3.834124799098884
6	tecrdb_1438	-13.8131	-13.3703103498177	-13.404596878101557	0.4427896501823003	0.40850312189844296
6	tecrdb_4014	6.42999	8.718192745919964	8.718199216775318	2.288202745919964	2.288209216775318
6	tecrdb_1849	20.8439	20.514021641055592	20.512599747587075	0.3298783589444092	0.3313002524129267
6	tecrdb_2331	2.3066	2.7332629670726956	2.1626361220857406	0.4266629670726956	0.14396387791425935
6	tecrdb_2518	21.258	82.14838970924846	82.13391034243125	60.89038970924847	60.875910342431254
6	tecrdb_3826	8.84599	5.852544375854777	5.852621377610575	2.993445624145224	2.9933686223894256
6	tecrdb_2529	23.3131	21.76854089845817	21.92954022753227	1.5445591015418287	1.383559772467727
6	tecrdb_2980	-9.62604	-9.285790755704895	-9.28579966578846	0.34024924429510506	0.3402403342115399
6	tecrdb_2766	-1.25638	0.17030908891676688	0.1830868225393658	1.426689088916767	1.4394668225393659
6	tecrdb_3370	-10.1373	-7.562914197153123	-7.563287574746347	2.5743858028468765	2.5740124252536525
6	tecrdb_156	20.0273	18.851398842889182	19.85720142940255	1.1759011571108182	0.1700985705974496
6	tecrdb_2813	19.518	18.851398842889182	19.85720142940255	0.6666011571108186	0.33920142940255005
6	tecrdb_1726	-4.29708	-3.143919967332508	-3.1376869938226974	1.1531600326674925	1.1593930061773028
6	tecrdb_3858	6.39883	7.022807085171628	7.022762492718922	0.623977085171628	0.6239324927189216
6	tecrdb_890	0.919769	-3.6622798371694874	-3.675318717433811	4.582048837169487	4.5950877174338105
7	tecrdb_3889	21.7592	23.615685724868754	23.58232427201471	1.8564857248687545	1.8231242720147094
7	tecrdb_1187	1.5367	1.6004932060988466	1.5947519148269151	0.06379320609884664	0.058051914826915185
7	tecrdb_3005	13.3142	14.177228588556147	14.210127404506181	0.8630285885561477	0.8959274045061818
7	tecrdb_3767	0.339545	4.493832979248921	4.711649941248467	4.154287979248921	4.372104941248467
7	tecrdb_188	7.93098	8.249384358476902	8.24939757468944	0.3184043584769025	0.3184175746894393
7	tecrdb_2069	-3.11262	-3.951167800111662	-3.8894603227961397	0.838547800111662	0.7768403227961396
7	tecrdb_1406	-4.39611	-7.320297561396231	-7.341298409107663	2.9241875613962307	2.945188409107663
7	tecrdb_2627	-0.0	4.993216815806525	4.993941167897983	4.993216815806525	4.993941167897983
7	tecrdb_2404	14.8891	23.422202243960612	23.326331076958994	8.533102243960613	8.437231076958994
7	tecrdb_249	4.07805	6.221061924932172	6.253842333457193	2.143011924932172	2.175792333457193
7	tecrdb_2346	-9.22423	-9.446158682113634	-9.58058868586096	0.22192868211363326	0.3563586858609593
7	tecrdb_4395	5.26118	2.8526822624756676	2.8427471948461687	2.408497737524333	2.4184328051538317
7	tecrdb_466	-11.9138	-11.242284728705698	-11.24464893443988	0.671515271294302	0.6691510655601203
7	tecrdb_942	19.4095	80.09706708908217	79.97290651557091	60.68756708908217	60.56340651557091
7	tecrdb_22	-14.1755	-15.255842545536808	-15.227345595598933	1.0803425455368085	1.0518455955989339
7	tecrdb_1835	37.2997	37.21487947005137	37.17737614503059	0.08482052994862954	0.12232385496940879
7	tecrdb_2681	-0.622218	1.6004932060988466	1.5947519148269151	2.2227112060988468	2.2169699148269153
7	tecrdb_2126	-2.08621	-3.951167800111662	-3.8894603227961397	1.8649578001116622	1.8032503227961398
7	tecrdb_473	-11.1313	-11.242284728705698	-11.24464893443988	0.11098472870569864	0.11334893443988037
7	tecrdb_3766	2.99674	4.493832979248921	4.711649941248467	1.4970929792489214	1.7149099412484672
7	tecrdb_1193	23.6464	26.605967836255616	26.606650933518623	2.9595678362556157	2.9602509335186227
7	tecrdb_2345	0.584346	8.289007725509602	8.270283314620151	7.704661725509602	7.685937314620151
7	tecrdb_3252	-6.11179	-4.5426110601051075	-4.643176377884908	1.5691789398948925	1.4686136221150923
7	tecrdb_2072	-2.8047	-3.951167800111662	-3.8894603227961397	1.1464678001116622	1.0847603227961398
7	tecrdb_241	34.2481	116.28664051261688	114.8042799789753	82.03854051261689	80.55617997897531
7	tecrdb_3753	-40.1041	-37.87502723255221	-38.25488734140032	2.2290727674477893	1.8492126585996829
7	tecrdb_3017	14.6073	14.177228588556147	14.210127404506181	0.4300714114438531	0.397172595493819
7	tecrdb_1722	11.7957	17.397441440656745	17.397913160866214	5.601741440656745	5.602213160866214
7	tecrdb_1448	0.992767	1.6004932060988466	1.5947519148269151	0.6077262060988466	0.6019849148269152
7	tecrdb_2582	-0.0	0.037625805842520066	0.03718711541613828	0.037625805842520066	0.03718711541613828
7	tecrdb_1660	7.39418	5.4167140142363905	5.413909344303455	1.9774659857636099	1.980270655696545
7	tecrdb_2245	-14.7646	-14.469667050126759	-14.478895709037644	0.2949329498732407	0.2857042909623555
7	tecrdb_1045	5.34008	9.261335598757789	9.283133474746819	3.9212555987577886	3.9430534747468187
7	tecrdb_2823	21.5519	18.715905528188557	19.583668891085637	2.8359944718114427	1.9682311089143631
7	tecrdb_3498	6.04302	8.05005563531719	8.049860846963334	2.007035635317189	2.0068408469633336
7	tecrdb_3603	-3.58685	-3.2073754590429218	-3.1927789240942985	0.37947454095707833	0.39407107590570156
7	tecrdb_3550	-10.6771	-13.780719502285592	-13.843507812478421	3.103619502285593	3.166407812478422
7	tecrdb_420	22.0048	12.823399762586945	12.823480668371303	9.181400237413055	9.181319331628696
7	tecrdb_103	19.854	16.423320501737365	16.171473428494934	3.4306794982626343	3.682526571505065
7	tecrdb_1278	2.68651	3.7404783625331604	3.7419761232401925	1.0539683625331602	1.0554661232401923
7	tecrdb_3793	19.5443	23.422202243960612	23.326331076958994	3.8779022439606123	3.7820310769589938
7	tecrdb_2975	-9.24908	-9.30774935068979	-9.307752320032506	0.05866935068979018	0.058672320032506775
7	tecrdb_2749	14.2384	13.836680785258224	13.835864844538847	0.4017192147417763	0.4025351554611536
7	tecrdb_516	12.1127	10.184108760424863	10.183676852626554	1.9285912395751375	1.9290231473734458
7	tecrdb_465	-10.7592	-11.242284728705698	-11.24464893443988	0.4830847287056983	0.48544893443988
7	tecrdb_2338	-0.451967	-2.9668482060018277	-3.05338836377895	2.514881206001828	2.6014213637789503
7	tecrdb_3194	-10.3577	-10.392910533501947	-10.394928720721346	0.035210533501947694	0.03722872072134642
7	tecrdb_108	16.0167	16.423320501737365	16.171473428494934	0.40662050173736475	0.15477342849493425
7	tecrdb_698	-0.23627	8.289007725509602	8.270283314620151	8.525277725509602	8.50655331462015
7	tecrdb_673	0.721307	2.0550666212149835	2.0550927658294	1.3337596212149836	1.3337857658294001
7	tecrdb_257	16.9804	3.9552197798032296	4.032717823226562	13.02518022019677	12.947682176773437
7	tecrdb_1757	-4.82285	-3.2073754590429218	-3.1927789240942985	1.615474540957078	1.6300710759057013
7	tecrdb_2033	6.75319	12.371726577461416	12.373622813984767	5.618536577461416	5.620432813984767
7	tecrdb_3528	-12.7604	-15.698211828761288	-15.692514019692894	2.937811828761287	2.932114019692893
7	tecrdb_1402	23.5785	26.605967836255616	26.606650933518623	3.0274678362556173	3.0281509335186243
7	tecrdb_928	-4.43073	-4.5426110601051075	-4.643176377884908	0.1118810601051079	0.21244637788490817
7	tecrdb_1389	7.70028	4.22869944618198	4.254000000616771	3.47158055381802	3.446279999383229
7	tecrdb_3797	15.5652	23.422202243960612	23.326331076958994	7.857002243960611	7.761131076958993
7	tecrdb_3288	32.3755	26.605967836255616	26.606650933518623	5.769532163744387	5.76884906648138
7	tecrdb_224	-1.3154	5.597961061678973	5.410431306955388	6.913361061678973	6.7258313069553886
7	tecrdb_4419	-14.5002	-10.392910533501947	-10.394928720721346	4.107289466498052	4.105271279278654
7	tecrdb_1039	5.29771	4.493832979248921	4.711649941248467	0.803877020751079	0.5860600587515332
7	tecrdb_830	-0.553163	-180.48978254149043	-180.75789559481058	179.93661954149042	180.20473259481057
7	tecrdb_2117	-3.58101	-3.951167800111662	-3.8894603227961397	0.3701578001116621	0.3084503227961397
7	tecrdb_319	1.56208	1.6004932060988466	1.5947519148269151	0.038413206098846686	0.03267191482691523
7	tecrdb_4040	15.6654	12.949760953601537	12.476472164512597	2.715639046398463	3.1889278354874033
7	tecrdb_685	36.4157	34.64385481602443	34.61833961618555	1.7718451839755716	1.7973603838144498
7	tecrdb_1340	-18.1445	-17.987537390106496	-17.987474458619175	0.15696260989350463	0.15702554138082547
7	tecrdb_2446	0.373883	0.8355848639363614	0.7862153262269373	0.4617018639363614	0.41233232622693733
7	tecrdb_2415	3.15563	1.6004932060988466	1.5947519148269151	1.5551367939011533	1.5608780851730848
7	tecrdb_4384	11.9297	11.640248469688043	11.678309961184388	0.2894515303119576	0.2513900388156127
7	tecrdb_1822	27.5196	24.99239648384136	24.80146058563824	2.5272035161586395	2.7181394143617617
7	tecrdb_1124	0.651134	1.6004932060988466	1.5947519148269151	0.9493592060988466	0.9436179148269151
7	tecrdb_2736	-3.06621	-3.2073754590429218	-3.1927789240942985	0.14116545904292188	0.12656892409429865
7	tecrdb_1452	1.76836	1.6004932060988466	1.5947519148269151	0.16786679390115333	0.1736080851730848
7	tecrdb_4520	-0.308193	0.38832155316740113	0.3879484868534604	0.6965145531674011	0.6961414868534603
7	tecrdb_3029	4.97371	2.8526822624756676	2.8427471948461687	2.121027737524332	2.130962805153831
7	tecrdb_1024	5.19483	4.493832979248921	4.711649941248467	0.7009970207510783	0.48318005875153247
7	tecrdb_1064	0.143152	1.6004932060988466	1.5947519148269151	1.4573412060988467	1.4515999148269152
7	tecrdb_3018	9.61246	14.177228588556147	14.210127404506181	4.564768588556147	4.597667404506181
7	tecrdb_2241	-14.9148	-14.469667050126759	-14.478895709037644	0.4451329498732406	0.4359042909623554
7	tecrdb_2447	0.814347	0.8355848639363614	0.7862153262269373	0.0212378639363614	0.028131673773062693
7	tecrdb_4169	3.42592	3.294852445912209	3.2948488079733487	0.13106755408779103	0.1310711920266514
7	tecrdb_4144	-6.27307	-4.5426110601051075	-4.643176377884908	1.7304589398948922	1.629893622115092
7	tecrdb_1944	4.67709	4.344632205480899	4.472383992074427	0.33245779451910096	0.20470600792557292
7	tecrdb_3657	1.06789	-4.524243360954628	-4.523168545111503	5.592133360954628	5.591058545111503
7	tecrdb_3517	19.8724	20.80636275002908	20.776572712294403	0.9339627500290817	0.9041727122944039
7	tecrdb_2737	-2.97325	-3.2073754590429218	-3.1927789240942985	0.2341254590429216	0.21952892409429836
7	tecrdb_2584	28.4428	24.99239648384136	24.80146058563824	3.4504035161586373	3.6413394143617595
7	tecrdb_4119	14.3193	5.385585913154081	5.386751402980863	8.933714086845919	8.932548597019137
7	tecrdb_752	10.6229	15.279704219688895	15.280494581887567	4.656804219688896	4.657594581887567
7	tecrdb_1647	4.5121	5.4167140142363905	5.413909344303455	0.9046140142363903	0.9018093443034552
7	tecrdb_220	15.8486	16.423320501737365	16.171473428494934	0.5747205017373656	0.32287342849493506
7	tecrdb_1263	-6.57116	-10.162936950824388	-9.922582289025712	3.5917769508243884	3.351422289025712
7	tecrdb_252	9.77324	6.221061924932172	6.253842333457193	3.552178075067827	3.5193976665428064
7	tecrdb_140	-15.6941	-12.882630748710909	-13.453426755761967	2.8114692512890915	2.2406732442380335
7	tecrdb_1663	2.38209	5.4167140142363905	5.413909344303455	3.0346240142363907	3.0318193443034556
7	tecrdb_2322	1.25344	2.7195251661161564	2.211048444721886	1.4660851661161562	0.9576084447218858
7	tecrdb_2068	-2.64791	-3.951167800111662	-3.8894603227961397	1.3032578001116621	1.2415503227961397
7	tecrdb_3123	-14.4368	-16.270202445430513	-16.29944580119495	1.8334024454305133	1.8626458011949492
7	tecrdb_4153	3.27348	3.294852445912209	3.2948488079733487	0.02137244591220888	0.021368807973348503
7	tecrdb_926	-4.51618	-4.5426110601051075	-4.643176377884908	0.026431060105107207	0.12699637788490747
7	tecrdb_3282	30.9914	26.605967836255616	26.606650933518623	4.385432163744383	4.384749066481376
7	tecrdb_31	-13.9069	-15.255842545536808	-15.227345595598933	1.3489425455368078	1.3204455955989332
7	tecrdb_216	8.17709	8.249384358476902	8.24939757468944	0.07229435847690269	0.07230757468943949
7	tecrdb_3082	-15.3708	-15.698211828761288	-15.692514019692894	0.3274118287612886	0.3217140196928945
7	tecrdb_3716	-2.68363	-90.88776399860252	-90.57583101197305	88.20413399860253	87.89220101197306
7	tecrdb_133	3.93366	52.396759797168734	51.90809772907364	48.46309979716873	47.974437729073635
7	tecrdb_4075	-0.219578	0.38832155316740113	0.3879484868534604	0.6078995531674012	0.6075264868534604
7	tecrdb_1558	-0.105975	0.38832155316740113	0.3879484868534604	0.4942965531674011	0.4939234868534604
7	tecrdb_2498	12.6105	8.249384358476902	8.24939757468944	4.361115641523098	4.361102425310561
7	tecrdb_3106	8.53262	10.649570313390718	10.732274532460004	2.116950313390719	2.199654532460004
7	tecrdb_804	-4.31443	-9.446158682113634	-9.58058868586096	5.131728682113634	5.26615868586096
7	tecrdb_162	13.1844	11.684345230998318	11.542743603401362	1.5000547690016823	1.6416563965986377
7	tecrdb_2202	2.50715	0.47112683834476243	0.4710798642169429	2.036023161655238	2.0360701357830573
7	tecrdb_1761	-4.21397	-3.2073754590429218	-3.1927789240942985	1.006594540957078	1.0211910759057012
7	tecrdb_1993	2.72286	1.6004932060988466	1.5947519148269151	1.1223667939011532	1.1281080851730847
7	tecrdb_2551	-11.7879	-15.698211828761288	-15.692514019692894	3.9103118287612872	3.904614019692893
7	tecrdb_2449	1.96242	3.027236352924966	3.0352578421595595	1.064816352924966	1.0728378421595595
7	tecrdb_3959	-16.3465	-15.698211828761288	-15.692514019692894	0.6482881712387112	0.6539859803071053
7	tecrdb_3004	12.5811	14.177228588556147	14.210127404506181	1.596128588556148	1.629027404506182
7	tecrdb_2771	0.778972	-0.10904702879116712	-0.08973982606379138	0.8880190287911671	0.8687118260637914
7	tecrdb_2780	0.676162	-0.10904702879116712	-0.08973982606379138	0.7852090287911672	0.7659018260637914
7	tecrdb_284	-1.3154	-2.299560225272067	-2.2312989780579007	0.9841602252720669	0.9158989780579008
7	tecrdb_1519	59.4143	34.64385481602443	34.61833961618555	24.770445183975568	24.795960383814446
7	tecrdb_3277	30.5979	26.605967836255616	26.606650933518623	3.9919321637443836	3.9912490664813767
7	tecrdb_1532	45.8175	34.64385481602443	34.61833961618555	11.173645183975573	11.199160383814451
7	tecrdb_1233	-2.7456	0.3712637789649307	0.4264237406341067	3.1168637789649307	3.1720237406341067
7	tecrdb_3786	24.456	34.64385481602443	34.61833961618555	10.18785481602443	10.162339616185552
7	tecrdb_3744	-34.3982	-37.87502723255221	-38.25488734140032	3.4768272325522105	3.856687341400317
7	tecrdb_2832	2.72589	1.6004932060988466	1.5947519148269151	1.1253967939011535	1.131138085173085
7	tecrdb_3874	13.3707	14.177228588556147	14.210127404506181	0.806528588556148	0.839427404506182
7	tecrdb_1293	-4.13417	-6.718528788602921	-6.740412676190676	2.5843587886029207	2.606242676190676
7	tecrdb_2747	-8.87957	56.685739430380806	56.40676578708701	65.56530943038081	65.28633578708701
7	tecrdb_3359	-6.13621	-7.6137612524689615	-7.617433576190749	1.4775512524689614	1.4812235761907484
7	tecrdb_3850	1.76734	1.6004932060988466	1.5947519148269151	0.1668467939011533	0.17258808517308477
7	tecrdb_799	2.17637	2.9951757007802984	3.022649018692676	0.8188057007802985	0.8462790186926763
7	tecrdb_145	-13.3038	-9.446158682113634	-9.58058868586096	3.857641317886367	3.723211314139041
7	tecrdb_1977	2.52575	1.6004932060988466	1.5947519148269151	0.9252567939011533	0.9309980851730848
7	tecrdb_1868	31.7767	26.605967836255616	26.606650933518623	5.170732163744386	5.170049066481379
7	tecrdb_1571	-16.1889	-13.409691793152739	-13.469908167937646	2.7792082068472617	2.718991832062354
7	tecrdb_1976	-0.588606	1.6004932060988466	1.5947519148269151	2.1890992060988466	2.183357914826915
7	tecrdb_3212	-11.638	-9.494214176453113	-9.494219383283998	2.143785823546887	2.1437806167160023
7	tecrdb_1858	20.4161	20.331109750836944	20.329569566467825	0.08499024916305586	0.08653043353217527
7	tecrdb_1139	-0.553163	1.6004932060988466	1.5947519148269151	2.1536562060988467	2.147914914826915
7	tecrdb_1707	7.54973	5.4167140142363905	5.413909344303455	2.1330159857636097	2.135820655696545
7	tecrdb_4257	9.29793	8.249384358476902	8.24939757468944	1.0485456415230967	1.04853242531056
7	tecrdb_1898	-5.90985	-4.5426110601051075	-4.643176377884908	1.367238939894892	1.2666736221150918
7	tecrdb_2488	12.9903	8.249384358476902	8.24939757468944	4.740915641523097	4.74090242531056
7	tecrdb_3848	3.25184	1.6004932060988466	1.5947519148269151	1.6513467939011535	1.657088085173085
7	tecrdb_362	13.1132	8.249384358476902	8.24939757468944	4.863815641523098	4.863802425310562
7	tecrdb_3181	-9.91049	-10.392910533501947	-10.394928720721346	0.4824205335019478	0.4844387207213465
7	tecrdb_4297	4.82941	5.4167140142363905	5.413909344303455	0.5873040142363903	0.5844993443034552
7	tecrdb_4539	-25.7154	57.38894517772561	57.19358770990108	83.1043451777256	82.90898770990108
7	tecrdb_3568	-6.8032	-86.92151407121943	-86.94957564992298	80.11831407121943	80.14637564992297
7	tecrdb_3100	-11.6747	-15.698211828761288	-15.692514019692894	4.023511828761288	4.017814019692894
7	tecrdb_3040	28.7286	26.605967836255616	26.606650933518623	2.1226321637443846	2.1219490664813776
7	tecrdb_1698	8.97593	5.4167140142363905	5.413909344303455	3.5592159857636094	3.5620206556965446
7	tecrdb_1391	22.8074	24.99239648384136	24.80146058563824	2.18499648384136	1.9940605856382376
7	tecrdb_1824	24.9821	24.99239648384136	24.80146058563824	0.010296483841361947	0.18063941436176023
7	tecrdb_3665	-11.7989	-10.392910533501947	-10.394928720721346	1.4059894664980526	1.4039712792786538
7	tecrdb_48	-0.245779	-11.696677781061055	-11.744832195740344	11.450898781061055	11.499053195740343
7	tecrdb_431	-11.4192	-11.242284728705698	-11.24464893443988	0.17691527129430185	0.17455106556012012
7	tecrdb_4488	2.56392	0.38832155316740113	0.3879484868534604	2.175598446832599	2.1759715131465396
7	tecrdb_2566	-1.01524	-2.985821147349384	-3.125177610247036	1.970581147349384	2.109937610247036
7	tecrdb_1215	7.84495	6.221061924932172	6.253842333457193	1.6238880750678275	1.5911076665428068
7	tecrdb_4487	3.42207	0.38832155316740113	0.3879484868534604	3.033748446832599	3.0341215131465398
7	tecrdb_4125	11.7329	15.158260959729496	15.152107985378407	3.4253609597294954	3.4192079853784065
7	tecrdb_3694	-10.3134	-10.392910533501947	-10.394928720721346	0.07951053350194748	0.0815287207213462
7	tecrdb_1492	-4.22425	-3.2073754590429218	-3.1927789240942985	1.0168745409570779	1.031471075905701
7	tecrdb_1061	0.0520973	1.6004932060988466	1.5947519148269151	1.5483959060988466	1.5426546148269151
7	tecrdb_2464	12.5129	8.249384358476902	8.24939757468944	4.263515641523098	4.263502425310561
7	tecrdb_1118	1.02254	1.6004932060988466	1.5947519148269151	0.5779532060988466	0.5722119148269151
7	tecrdb_1223	0.500634	0.38832155316740113	0.3879484868534604	0.11231244683259889	0.11268551314653963
7	tecrdb_4010	11.6075	8.249384358476902	8.24939757468944	3.3581156415230975	3.3581024253105607
7	tecrdb_3733	-2.31079	16.45226685327777	16.443337488699513	18.76305685327777	18.754127488699513
7	tecrdb_2467	12.5129	8.249384358476902	8.24939757468944	4.263515641523098	4.263502425310561
7	tecrdb_1305	14.4006	2.0550666212149835	2.0550927658294	12.345533378785017	12.3455072341706
7	tecrdb_667	0.84532	2.0550666212149835	2.0550927658294	1.2097466212149834	1.2097727658294
7	tecrdb_2238	-12.028	-9.473321375950263	-9.474572864906463	2.5546786240497372	2.5534271350935374
7	tecrdb_3203	1.58898	0.38832155316740113	0.3879484868534604	1.200658446832599	1.2010315131465397
7	tecrdb_1397	26.339	24.99239648384136	24.80146058563824	1.3466035161586376	1.5375394143617598
7	tecrdb_2565	-14.7219	-15.698211828761288	-15.692514019692894	0.976311828761288	0.9706140196928938
7	tecrdb_1289	33.6949	22.102347246534492	22.102481512719613	11.592552753465505	11.592418487280383
7	tecrdb_2141	-3.43038	-3.9662821809097295	-3.9663942261556144	0.5359021809097295	0.5360142261556144
7	tecrdb_4032	7.87304	8.249384358476902	8.24939757468944	0.37634435847690284	0.37635757468943964
7	tecrdb_1743	-4.56606	-3.2073754590429218	-3.1927789240942985	1.3586845409570785	1.3732810759057017
7	tecrdb_3869	-3.3082	-3.9662821809097295	-3.9663942261556144	0.6580821809097297	0.6581942261556146
7	tecrdb_2911	11.8755	14.623384139178853	14.705287183578378	2.7478841391788524	2.829787183578377
7	tecrdb_4172	3.51496	3.294852445912209	3.2948488079733487	0.2201075540877908	0.2201111920266512
7	tecrdb_3469	-16.1196	-15.698211828761288	-15.692514019692894	0.42138817123871064	0.42708598030710476
7	tecrdb_1214	7.45229	6.221061924932172	6.253842333457193	1.2312280750678273	1.1984476665428065
7	tecrdb_1167	2.61667	1.6004932060988466	1.5947519148269151	1.0161767939011535	1.021918085173085
7	tecrdb_1598	-3.19984	-2.39001021736064	-2.3900507916107685	0.8098297826393601	0.8097892083892315
7	tecrdb_2810	-7.17068	-6.6481472000761315	-6.547554655623756	0.5225327999238685	0.6231253443762439
7	tecrdb_530	5.26118	8.249384358476902	8.24939757468944	2.988204358476902	2.988217574689439
7	tecrdb_4298	4.77668	5.4167140142363905	5.413909344303455	0.6400340142363907	0.6372293443034556
7	tecrdb_3585	5.80373	107.52681930687422	107.60795162902303	101.72308930687421	101.80422162902303
7	tecrdb_3409	-15.536	-15.698211828761288	-15.692514019692894	0.16221182876128815	0.15651401969289402
7	tecrdb_3714	-10.3134	-10.392910533501947	-10.394928720721346	0.07951053350194748	0.0815287207213462
7	tecrdb_1313	14.2536	19.64978160572022	19.66133530921325	5.396181605720221	5.407735309213249
7	tecrdb_2958	-9.15311	-9.30774935068979	-9.307752320032506	0.15463935068978962	0.15464232003250622
7	tecrdb_672	1.91472	2.0550666212149835	2.0550927658294	0.14034662121498354	0.14037276582940006
7	tecrdb_1217	2.01266	0.38832155316740113	0.3879484868534604	1.6243384468325988	1.6247115131465395
7	tecrdb_3185	-10.5135	-10.392910533501947	-10.394928720721346	0.12058946649805335	0.11857127927865463
7	tecrdb_4182	-2.23234	3.294852445912209	3.2948488079733487	5.52719244591221	5.527188807973349
7	tecrdb_2752	8.71756	5.321455017526262	5.0324873657849025	3.396104982473739	3.685072634215098
7	tecrdb_1541	-2.43453	-5.279743081072098	-5.2798249504426735	2.845213081072098	2.8452949504426734
7	tecrdb_1683	0.321706	5.4167140142363905	5.413909344303455	5.095008014236391	5.092203344303456
7	tecrdb_3329	16.6721	17.079558383595327	17.080976825873222	0.40745838359532627	0.4088768258732216
7	tecrdb_3543	-15.8393	-15.698211828761288	-15.692514019692894	0.14108817123871198	0.1467859803071061
7	tecrdb_3969	-15.0594	-15.698211828761288	-15.692514019692894	0.6388118287612876	0.6331140196928935
7	tecrdb_3742	-33.4284	-37.87502723255221	-38.25488734140032	4.44662723255221	4.826487341400316
7	tecrdb_2941	-9.54976	-9.30774935068979	-9.307752320032506	0.24201064931020966	0.24200767996749306
7	tecrdb_3166	-11.1418	-10.392910533501947	-10.394928720721346	0.7488894664980528	0.746871279278654
7	tecrdb_3379	-6.93434	-7.6137612524689615	-7.617433576190749	0.6794212524689618	0.6830935761907488
7	tecrdb_1899	-6.14942	-4.5426110601051075	-4.643176377884908	1.6068089398948926	1.5062436221150923
7	tecrdb_1990	0.17664	1.6004932060988466	1.5947519148269151	1.4238532060988467	1.4181119148269152
7	tecrdb_345	12.8218	8.249384358476902	8.24939757468944	4.572415641523097	4.57240242531056
7	tecrdb_3679	-8.62735	-10.392910533501947	-10.394928720721346	1.7655605335019473	1.767578720721346
7	tecrdb_116	11.633	16.423320501737365	16.171473428494934	4.790320501737366	4.538473428494935
7	tecrdb_1692	13.4207	5.4167140142363905	5.413909344303455	8.00398598576361	8.006790655696545
7	tecrdb_2942	-9.13045	-9.30774935068979	-9.307752320032506	0.17729935068978975	0.17730232003250634
7	tecrdb_4544	-13.1986	-87.22263291474263	-86.55878496311715	74.02403291474263	73.36018496311715
7	tecrdb_818	20.1183	94.80610504232374	94.94434964706144	74.68780504232373	74.82604964706144
7	tecrdb_2717	-10.9923	90.23950992086918	90.28755691051133	101.23180992086918	101.27985691051133
7	tecrdb_3206	-13.1986	-87.22263291474263	-86.55878496311715	74.02403291474263	73.36018496311715
7	tecrdb_661	1.13479	2.0550666212149835	2.0550927658294	0.9202766212149835	0.9203027658294001
7	tecrdb_23	-12.6958	-15.255842545536808	-15.227345595598933	2.560042545536808	2.531545595598933
7	tecrdb_2137	11.919	14.177228588556147	14.210127404506181	2.258228588556147	2.291127404506181
7	tecrdb_1670	5.58632	5.4167140142363905	5.413909344303455	0.1696059857636092	0.17241065569654435
7	tecrdb_3768	1.35625	4.493832979248921	4.711649941248467	3.137582979248921	3.355399941248467
7	tecrdb_231	-2.72341	-1.5771633706203971	-1.529589514234381	1.1462466293796028	1.193820485765619
7	tecrdb_4280	-14.7332	-15.698211828761288	-15.692514019692894	0.9650118287612877	0.9593140196928935
7	tecrdb_1805	33.0054	34.64385481602443	34.61833961618555	1.6384548160244279	1.6129396161855496
7	tecrdb_1885	-5.56553	-4.5426110601051075	-4.643176377884908	1.0229189398948924	0.9223536221150921
7	tecrdb_1706	8.09176	5.4167140142363905	5.413909344303455	2.67504598576361	2.6778506556965453
7	tecrdb_2282	25.4345	24.99239648384136	24.80146058563824	0.44210351615863885	0.633039414361761
7	tecrdb_4042	2.49016	1.6004932060988466	1.5947519148269151	0.8896667939011533	0.8954080851730848
7	tecrdb_346	12.8926	8.249384358476902	8.24939757468944	4.643215641523097	4.643202425310561
7	tecrdb_2559	-12.5604	-15.698211828761288	-15.692514019692894	3.137811828761288	3.132114019692894
7	tecrdb_1531	43.4938	34.64385481602443	34.61833961618555	8.84994518397557	8.875460383814449
7	tecrdb_1892	-6.12513	-4.5426110601051075	-4.643176377884908	1.582518939894893	1.4819536221150926
7	tecrdb_4113	-1.25638	6.221061924932172	6.253842333457193	7.477441924932172	7.510222333457193
7	tecrdb_1675	17.0181	5.4167140142363905	5.413909344303455	11.60138598576361	11.604190655696545
7	tecrdb_442	-11.8189	-11.242284728705698	-11.24464893443988	0.5766152712943011	0.5742510655601194
7	tecrdb_3588	-3.78303	-86.92151407121943	-86.94957564992298	83.13848407121944	83.16654564992298
7	tecrdb_967	-5.88874	-7.393224807481435	-7.31120348148308	1.5044848074814343	1.4224634814830797
7	tecrdb_3730	-1.2042	16.45226685327777	16.443337488699513	17.65646685327777	17.647537488699513
7	tecrdb_1514	-3.24258	-3.2073754590429218	-3.1927789240942985	0.035204540957078034	0.049801075905701264
7	tecrdb_2867	-1.33746	-1.6004932060988466	-1.5947519148269151	0.2630332060988465	0.25729191482691505
7	tecrdb_1648	8.28932	5.4167140142363905	5.413909344303455	2.8726059857636095	2.8754106556965446
7	tecrdb_1126	4.43674	1.6004932060988466	1.5947519148269151	2.8362467939011538	2.841988085173085
7	tecrdb_4498	27.6925	23.422202243960612	23.326331076958994	4.270297756039387	4.3661689230410055
7	tecrdb_3718	3.09784	2.9279621107939757	2.9406349223089148	0.16987788920602442	0.15720507769108538
7	tecrdb_1226	-0.813646	0.38832155316740113	0.3879484868534604	1.201967553167401	1.2015944868534603
7	tecrdb_225	1.71828	5.597961061678973	5.410431306955388	3.8796810616789728	3.692151306955388
7	tecrdb_2474	12.7442	8.249384358476902	8.24939757468944	4.494815641523097	4.49480242531056
7	tecrdb_4499	25.97	23.422202243960612	23.326331076958994	2.5477977560393867	2.6436689230410053
7	tecrdb_2688	0.902613	1.6004932060988466	1.5947519148269151	0.6978802060988466	0.6921389148269151
7	tecrdb_2884	-10.3338	-13.780719502285592	-13.843507812478421	3.446919502285592	3.509707812478421
7	tecrdb_2572	-22.3401	-22.473123686628284	-22.752854299818125	0.13302368662828457	0.4127542998181255
7	tecrdb_1810	35.8675	34.64385481602443	34.61833961618555	1.2236451839755702	1.2491603838144485
7	tecrdb_4185	5.70801	3.294852445912209	3.2948488079733487	2.4131575540877908	2.413161192026651
7	tecrdb_3920	0.101196	0.44062862473622744	0.43717442403228546	0.33943262473622743	0.33597842403228545
7	tecrdb_2590	28.2782	24.99239648384136	24.80146058563824	3.285803516158637	3.4767394143617594
7	tecrdb_3922	5.60953	5.364536474986586	5.363867544919113	0.2449935250134141	0.24566245508088702
7	tecrdb_1672	5.7912	5.4167140142363905	5.413909344303455	0.37448598576360936	0.3772906556965445
7	tecrdb_2482	13.1502	8.249384358476902	8.24939757468944	4.9008156415230975	4.900802425310561
7	tecrdb_1845	20.3064	20.331109750836944	20.329569566467825	0.024709750836944266	0.023169566467824865
7	tecrdb_2700	-18.5096	-15.996380362072443	-17.372620446363726	2.5132196379275555	1.136979553636273
7	tecrdb_2528	22.3233	22.49899498481173	22.533624648010402	0.17569498481173085	0.21032464801040263
7	tecrdb_2790	1.64246	-0.10904702879116712	-0.08973982606379138	1.7515070287911672	1.7321998260637914
7	tecrdb_309	1.85521	1.6004932060988466	1.5947519148269151	0.2547167939011534	0.2604580851730849
7	tecrdb_1592	1.81948	-3.497642991972434	-3.5017532612860993	5.317122991972434	5.3212332612861
7	tecrdb_3276	30.4976	26.605967836255616	26.606650933518623	3.891632163744383	3.890949066481376
7	tecrdb_657	3.89283	2.0550666212149835	2.0550927658294	1.8377633787850165	1.8377372341706
7	tecrdb_4465	6.62786	6.535508276653445	6.925636030884675	0.09235172334655495	0.2977760308846751
7	tecrdb_3806	-0.0	2.8526822624756676	2.8427471948461687	2.8526822624756676	2.8427471948461687
7	tecrdb_1147	1.76836	1.6004932060988466	1.5947519148269151	0.16786679390115333	0.1736080851730848
7	tecrdb_1681	7.7028	5.4167140142363905	5.413909344303455	2.2860859857636093	2.2888906556965445
7	tecrdb_2133	3.59709	3.1154016726469997	3.113752440945918	0.4816883273530004	0.48333755905408227
7	tecrdb_1300	4.3926	5.847016471043872	5.847122636909745	1.4544164710438725	1.4545226369097453
7	tecrdb_1870	19.7858	35.208919880059156	34.666075864457305	15.423119880059158	14.880275864457307
7	tecrdb_1277	3.25387	3.7404783625331604	3.7419761232401925	0.4866083625331603	0.4881061232401924
7	tecrdb_1729	-3.6445	-3.2073754590429218	-3.1927789240942985	0.4371245409570781	0.4517210759057013
7	tecrdb_2723	-8.07668	-1.8124756986868107	-1.8124561846080667	6.264204301313189	6.264223815391933
7	tecrdb_2400	3.26827	0.38832155316740113	0.3879484868534604	2.8799484468325987	2.8803215131465394
7	tecrdb_4357	4.98249	5.4167140142363905	5.413909344303455	0.43422401423639023	0.4314193443034551
7	tecrdb_4194	5.03157	3.294852445912209	3.2948488079733487	1.7367175540877913	1.7367211920266517
7	tecrdb_371	4.89216	5.194102237475789	5.19905588104956	0.30194223747578963	0.30689588104956034
7	tecrdb_3989	4.3222	3.3324174280705456	3.333481812230822	0.989782571929454	0.9887181877691775
7	tecrdb_3717	-5.24611	4.234617905495696	4.24482220529967	9.480727905495696	9.49093220529967
7	tecrdb_1471	19.1875	24.99239648384136	24.80146058563824	5.804896483841361	5.613960585638239
7	tecrdb_1834	39.8828	37.21487947005137	37.17737614503059	2.6679205299486313	2.7054238549694105
7	tecrdb_105	19.2602	16.423320501737365	16.171473428494934	2.836879498262636	3.0887265715050667
7	tecrdb_3444	-13.1584	-15.698211828761288	-15.692514019692894	2.5398118287612874	2.5341140196928933
7	tecrdb_1872	-8.62735	30.324527700949048	29.94328322557068	38.95187770094905	38.57063322557068
7	tecrdb_1081	30.2236	21.810047436970564	21.898236751451222	8.413552563029437	8.32536324854878
7	tecrdb_174	-19.0579	-16.270202445430513	-16.29944580119495	2.787697554569487	2.758454198805051
7	tecrdb_3548	-18.4332	-15.698211828761288	-15.692514019692894	2.7349881712387116	2.7406859803071058
7	tecrdb_3696	-16.2204	-10.392910533501947	-10.394928720721346	5.827489466498054	5.825471279278656
7	tecrdb_2611	13.0562	17.397441440656745	17.397913160866214	4.341241440656745	4.341713160866213
7	tecrdb_965	-7.67129	-7.393224807481435	-7.31120348148308	0.2780651925185653	0.36008651851692
7	tecrdb_686	34.5029	34.64385481602443	34.61833961618555	0.14095481602443272	0.11543961618555443
7	tecrdb_2286	18.2694	24.99239648384136	24.80146058563824	6.72299648384136	6.532060585638238
7	tecrdb_3151	-10.0893	-10.392910533501947	-10.394928720721346	0.30361053350194744	0.30562872072134617
7	tecrdb_3268	-1.78744	102.07019942259716	101.89747460927907	103.85763942259716	103.68491460927908
7	tecrdb_4484	2.55427	0.38832155316740113	0.3879484868534604	2.1659484468325987	2.1663215131465394
7	tecrdb_2859	3.74969	3.7404783625331604	3.7419761232401925	0.00921163746683984	0.007713876759807725
7	tecrdb_1851	20.0659	20.331109750836944	20.329569566467825	0.2652097508369451	0.2636695664678257
7	tecrdb_3682	-9.75306	-10.392910533501947	-10.394928720721346	0.6398505335019475	0.6418687207213463
7	tecrdb_3656	6.7759	-4.524243360954628	-4.523168545111503	11.300143360954628	11.299068545111503
7	tecrdb_2955	-9.30641	-9.30774935068979	-9.307752320032506	0.0013393506897898533	0.00134232003250645
7	tecrdb_1765	-4.55529	-3.2073754590429218	-3.1927789240942985	1.3479145409570785	1.3625110759057018
7	tecrdb_1031	7.0076	4.493832979248921	4.711649941248467	2.5137670207510787	2.295950058751533
7	tecrdb_3037	0.56244	5.847016471043872	5.847122636909745	5.284576471043872	5.284682636909745
7	tecrdb_2716	2.57218	-3.4417721558465217	-3.237575180294712	6.013952155846521	5.809755180294712
7	tecrdb_1737	-3.93433	-3.2073754590429218	-3.1927789240942985	0.7269545409570783	0.7415510759057016
7	tecrdb_1811	35.4439	34.64385481602443	34.61833961618555	0.8000451839755698	0.8255603838144481
7	tecrdb_2702	-17.748	-15.996380362072443	-17.372620446363726	1.7516196379275577	0.3753795536362752
7	tecrdb_973	-7.59002	-7.393224807481435	-7.31120348148308	0.19679519251856536	0.27881651851692
7	tecrdb_344	12.728	8.249384358476902	8.24939757468944	4.478615641523097	4.4786024253105605
7	tecrdb_1165	-1.3444	1.6004932060988466	1.5947519148269151	2.944893206098847	2.9391519148269154
7	tecrdb_3101	-24.1474	-15.698211828761288	-15.692514019692894	8.449188171238713	8.454885980307107
7	tecrdb_1853	22.458	20.331109750836944	20.329569566467825	2.126890249163054	2.1284304335321735
7	tecrdb_3187	-10.1718	-10.392910533501947	-10.394928720721346	0.22111053350194787	0.2231287207213466
7	tecrdb_4497	-9.51263	-21.238820024485534	-21.270050051282563	11.726190024485534	11.757420051282564
7	tecrdb_3993	-20.0948	-19.59040336570878	-19.490264722216452	0.5043966342912185	0.6045352777835475
7	tecrdb_129	2.88078	0.38832155316740113	0.3879484868534604	2.492458446832599	2.4928315131465397
7	tecrdb_3990	-1.48153	3.3324174280705456	3.333481812230822	4.813947428070546	4.815011812230822
7	tecrdb_4178	-3.27765	3.294852445912209	3.2948488079733487	6.572502445912209	6.572498807973348
7	tecrdb_2177	-10.2369	-7.6137612524689615	-7.617433576190749	2.623138747531039	2.6194664238092518
7	tecrdb_2866	-0.470158	-39.56006548788558	-39.879011289783634	39.08990748788558	39.408853289783636
7	tecrdb_2579	36.11	33.64607295441212	33.67146655014528	2.46392704558788	2.4385334498547167
7	tecrdb_2668	-0.098857	1.6004932060988466	1.5947519148269151	1.6993502060988466	1.6936089148269151
7	tecrdb_1266	-7.83986	-10.162936950824388	-9.922582289025712	2.3230769508243885	2.082722289025712
7	tecrdb_1486	5.17636	6.221061924932172	6.253842333457193	1.0447019249321725	1.0774823334571932
7	tecrdb_2454	1.95187	3.027236352924966	3.0352578421595595	1.075366352924966	1.0833878421595595
7	tecrdb_1894	-6.13399	-4.5426110601051075	-4.643176377884908	1.5913789398948923	1.490813622115092
7	tecrdb_3749	-40.6814	-37.87502723255221	-38.25488734140032	2.806372767447783	2.426512658599677
7	tecrdb_2369	6.97432	16.779860394533866	16.737356460768876	9.805540394533867	9.763036460768877
7	tecrdb_1275	-3.00394	-3.2073754590429218	-3.1927789240942985	0.2034354590429217	0.18883892409429848
7	tecrdb_4512	-13.1343	-6.684499421191191	-6.695725238709031	6.449800578808809	6.438574761290969
7	tecrdb_3843	4.09473	1.6004932060988466	1.5947519148269151	2.4942367939011536	2.499978085173085
7	tecrdb_1172	1.37182	1.6004932060988466	1.5947519148269151	0.22867320609884656	0.2229319148269151
7	tecrdb_1239	15.1695	16.45226685327777	16.443337488699513	1.2827668532777707	1.2738374886995132
7	tecrdb_2527	24.3408	22.49899498481173	22.533624648010402	1.841805015188271	1.8071753519895992
7	tecrdb_3352	1.90306	1.6004932060988466	1.5947519148269151	0.3025667939011534	0.30830808517308483
7	tecrdb_3540	-12.5266	-15.698211828761288	-15.692514019692894	3.1716118287612876	3.1659140196928934
7	tecrdb_1098	2.55337	1.6004932060988466	1.5947519148269151	0.9528767939011535	0.958618085173085
7	tecrdb_864	20.9013	11.684345230998318	11.542743603401362	9.216954769001681	9.358556396598637
7	tecrdb_2412	27.042	27.57984029127538	27.57521020399085	0.5378402912753799	0.5332102039908477
7	tecrdb_2017	0.0248308	1.6004932060988466	1.5947519148269151	1.5756624060988467	1.5699211148269152
7	tecrdb_4118	8.24064	5.385585913154081	5.386751402980863	2.8550540868459198	2.8538885970191377
7	tecrdb_2127	-2.27145	-3.951167800111662	-3.8894603227961397	1.679717800111662	1.6180103227961395
7	tecrdb_353	12.8338	8.249384358476902	8.24939757468944	4.584415641523098	4.584402425310561
7	tecrdb_496	24.4247	31.14621182405199	31.11658635489951	6.721511824051987	6.691886354899509
7	tecrdb_3510	-10.9161	-15.996380362072443	-17.372620446363726	5.080280362072443	6.456520446363726
7	tecrdb_360	12.9462	8.249384358476902	8.24939757468944	4.696815641523097	4.69680242531056
7	tecrdb_1069	2.49514	1.6004932060988466	1.594751914826901	0.8946467939011535	0.9003880851730992
7	tecrdb_1437	-6.80542	-3.410416297189286	-3.4108151832312927	3.3950037028107136	3.394604816768707
7	tecrdb_2264	-4.66309	-21.122049858554476	-21.307001099928925	16.458959858554476	16.643911099928925
8	tecrdb_849	-5.37961	-13.79192803228959	-13.854829237147584	8.41231803228959	8.475219237147584
8	tecrdb_3103	-18.649	-15.804780333598359	-15.800257248760957	2.844219666401642	2.848742751239044
8	tecrdb_2463	12.4932	8.574455795678745	8.57445871285723	3.9187442043212553	3.9187412871427707
8	tecrdb_4343	-0.0271484	0.5651768295665178	0.5513370491269498	0.5923252295665178	0.5784854491269498
8	tecrdb_414	20.3771	15.515784755785145	15.503084580209944	4.861315244214854	4.874015419790055
8	tecrdb_3996	-20.3746	-20.396641612376058	-20.31630148307778	0.022041612376057174	0.05829851692222121
8	tecrdb_1062	0.04684	1.63068178960944	1.6256884332842532	1.58384178960944	1.5788484332842532
8	tecrdb_2086	-3.88853	-3.7902552698842555	-3.72209787865647	0.09827473011574428	0.1664321213435298
8	tecrdb_3939	-18.3706	-15.804780333598359	-15.800257248760957	2.565819666401641	2.5703427512390427
8	tecrdb_4055	17.4494	11.330371658448115	11.223191813489791	6.119028341551886	6.22620818651021
8	tecrdb_1394	23.4896	25.13129206124514	25.025785204378728	1.6416920612451413	1.5361852043787287
8	tecrdb_2844	-0.774968	1.63068178960944	1.6256884332842532	2.40564978960944	2.400656433284253
8	tecrdb_1345	-10.5325	118.02948462572854	117.64877070972331	128.56198462572854	128.18127070972332
8	tecrdb_1067	-0.15026	1.63068178960944	1.6256884332842532	1.7809417896094402	1.7759484332842532
8	tecrdb_756	13.8756	14.936834670194273	14.938159322852528	1.0612346701942723	1.0625593228525272
8	tecrdb_2111	-4.11068	-3.7902552698842555	-3.72209787865647	0.3204247301157448	0.3885821213435303
8	tecrdb_1303	-4.03882	-4.688021973174247	-4.796804860734311	0.6492019731742467	0.7579848607343109
8	tecrdb_860	-7.80808	-7.148124187116764	-7.148241858632844	0.6599558128832363	0.6598381413671568
8	tecrdb_944	-1.54922	-3.4117589789453646	-2.9052670173628705	1.8625389789453646	1.3560470173628705
8	tecrdb_4148	-6.20346	-4.688021973174247	-4.796804860734311	1.5154380268257528	1.4066551392656885
8	tecrdb_3722	-6.30052	-4.688021973174247	-4.796804860734311	1.6124980268257527	1.5037151392656884
8	tecrdb_1225	-0.139204	0.5651768295665178	0.5513370491269498	0.7043808295665178	0.6905410491269498
8	tecrdb_1483	3.06864	-0.69462769309078	-0.47556777501539216	3.76326769309078	3.544207775015392
8	tecrdb_302	-0.890197	1.63068178960944	1.6256884332842532	2.5208787896094402	2.5158854332842533
8	tecrdb_3673	-10.5325	-10.561033727031344	-10.561492311376078	0.028533727031343048	0.028992311376077495
8	tecrdb_1665	6.58865	5.613745448832965	5.610735394158532	0.9749045511670351	0.9779146058414687
8	tecrdb_2729	26.8218	25.68649273113313	25.663465646429785	1.135307268866871	1.1583343535702149
8	tecrdb_3113	19.6293	15.515784755785145	15.503084580209944	4.113515244214856	4.126215419790057
8	tecrdb_4203	1.2367	3.2326453898063434	3.232645271222438	1.9959453898063435	1.9959452712224381
8	tecrdb_2484	9.06839	8.574455795678745	8.57445871285723	0.49393420432125623	0.4939312871427717
8	tecrdb_3671	-10.3134	-10.561033727031344	-10.561492311376078	0.247633727031344	0.24809231137607846
8	tecrdb_2682	0.481826	1.63068178960944	1.6256884332842532	1.1488557896094402	1.1438624332842533
8	tecrdb_61	2.85894	2.920905923006103	2.921082771528887	0.06196592300610293	0.06214277152888714
8	tecrdb_2992	-0.110923	0.5651768295665178	0.5513370491269498	0.6760998295665178	0.6622600491269498
8	tecrdb_2084	-3.67283	-3.7902552698842555	-3.72209787865647	0.11742526988425572	0.0492678786564702
8	tecrdb_3672	-10.3134	-10.561033727031344	-10.561492311376078	0.247633727031344	0.24809231137607846
8	tecrdb_4360	-3.84161	5.613745448832965	5.610735394158532	9.455355448832965	9.452345394158531
8	tecrdb_1837	36.9964	37.865310745176146	37.822904403741994	0.8689107451761444	0.8265044037419926
8	tecrdb_1479	-13.9895	-8.760291982275191	-8.85178995452091	5.229208017724808	5.137710045479089
8	tecrdb_3075	18.432	23.738394732728437	23.69938575271764	5.306394732728439	5.26738575271764
8	tecrdb_966	-7.67129	-7.111181871365538	-7.065148102772685	0.5601081286344618	0.6061418972273147
8	tecrdb_1184	-0.706946	1.63068178960944	1.6256884332842532	2.33762778960944	2.332634433284253
8	tecrdb_2287	24.5503	25.13129206124514	25.025785204378728	0.5809920612451407	0.4754852043787281
8	tecrdb_2279	4.90958	14.124513879014273	14.124349063708678	9.214933879014273	9.214769063708678
8	tecrdb_3809	-4.90502	-59.9682349898215	-60.0207212095742	55.063214989821496	55.1157012095742
8	tecrdb_1235	23.1489	15.515784755785145	15.503084580209944	7.633115244214856	7.645815419790058
8	tecrdb_2692	0.866809	1.63068178960944	1.6256884332842532	0.76387278960944	0.7588794332842531
8	tecrdb_3971	4.12354	-15.804780333598359	-15.800257248760957	19.928320333598357	19.923797248760955
8	tecrdb_1451	2.67432	1.63068178960944	1.6256884332842532	1.0436382103905597	1.0486315667157466
8	tecrdb_1396	24.6827	25.13129206124514	25.025785204378728	0.4485920612451402	0.3430852043787276
8	tecrdb_1882	-5.92671	-4.688021973174247	-4.796804860734311	1.238688026825753	1.1299051392656887
8	tecrdb_223	18.4225	16.450152920504223	16.283004398829675	1.9723470794957763	2.1394956011703243
8	tecrdb_1428	8.05103	8.131084441413904	8.130982451341325	0.08005444141390328	0.0799524513413239
8	tecrdb_1270	-0.0	173.71474931096228	173.32115888027496	173.71474931096228	173.32115888027496
8	tecrdb_1142	0.612749	1.63068178960944	1.6256884332842532	1.0179327896094401	1.0129394332842532
8	tecrdb_4180	3.37774	3.2326453898063434	3.232645271222438	0.14509461019365677	0.14509472877756213
8	tecrdb_3253	3.7899	5.792764071516546	5.761247737485775	2.0028640715165458	1.9713477374857749
8	tecrdb_3946	-11.7989	-15.804780333598359	-15.800257248760957	4.005880333598359	4.001357248760957
8	tecrdb_2018	1.10262	1.63068178960944	1.6256884332842532	0.5280617896094402	0.5230684332842532
8	tecrdb_1232	-1.02199	8.14365941980843	8.061530556154423	9.16564941980843	9.083520556154424
8	tecrdb_2861	2.44089	3.484146537239816	3.488357349432789	1.0432565372398162	1.047467349432789
8	tecrdb_931	-4.63916	-4.688021973174247	-4.796804860734311	0.048861973174246565	0.15764486073431083
8	tecrdb_4226	0.0945465	1.63068178960944	1.6256884332842532	1.53613528960944	1.531141933284253
8	tecrdb_486	23.9144	20.93616677638027	20.907885705742018	2.978233223619732	3.0065142942579826
8	tecrdb_2125	-2.32054	-3.7902552698842555	-3.72209787865647	1.4697152698842557	1.4015578786564702
8	tecrdb_2328	0.613101	2.676081757685459	2.103825989662351	2.0629807576854593	1.490724989662351
8	tecrdb_3567	-2.20184	1.63068178960944	1.6256884332842532	3.83252178960944	3.827528433284253
8	tecrdb_3930	-2.16862	-2.4675564337012688	-2.4676861743581355	0.29893643370126854	0.2990661743581353
8	tecrdb_2734	-2.41969	-3.243633456407167	-3.244975517874394	0.823943456407167	0.8252855178743941
8	tecrdb_4152	5.05762	3.2326453898063434	3.232645271222438	1.8249746101936566	1.824974728777562
8	tecrdb_4225	-0.0358518	1.63068178960944	1.6256884332842532	1.6665335896094402	1.6615402332842533
8	tecrdb_1705	4.54514	5.613745448832965	5.610735394158532	1.0686054488329653	1.0655953941585317
8	tecrdb_1234	-15.4828	-22.779368261759657	-22.845185584195917	7.296568261759658	7.362385584195918
8	tecrdb_2918	22.9718	15.515784755785145	15.503084580209944	7.456015244214857	7.468715419790058
8	tecrdb_1129	0.763233	1.63068178960944	1.6256884332842532	0.86744878960944	0.8624554332842531
8	tecrdb_2525	1.78897	8.574455795678745	8.57445871285723	6.785485795678745	6.785488712857229
8	tecrdb_1864	18.9383	26.95342372913707	26.94776174024488	8.01512372913707	8.009461740244877
8	tecrdb_1176	2.77856	1.63068178960944	1.6256884332842532	1.14787821039056	1.152871566715747
8	tecrdb_4440	32.3081	28.799233009816618	28.77740856469825	3.5088669901833853	3.5306914353017547
8	tecrdb_4482	2.8465	0.5651768295665178	0.5513370491269498	2.281323170433482	2.29516295087305
8	tecrdb_3189	-9.98243	-10.561033727031344	-10.561492311376078	0.5786037270313429	0.5790623113760773
8	tecrdb_902	-1.02199	-1.3198863042560234	-1.2482650429226645	0.2978963042560234	0.22627504292266454
8	tecrdb_885	11.4053	24.77779771034983	24.498506510728134	13.37249771034983	13.093206510728134
8	tecrdb_477	-11.1661	-11.757539322825806	-11.758770656408558	0.5914393228258064	0.5926706564085578
8	tecrdb_234	-2.57893	-1.3198863042560234	-1.2482650429226645	1.2590436957439768	1.3306649570773357
8	tecrdb_2522	-15.3512	-22.779368261759657	-22.845185584195917	7.428168261759657	7.493985584195917
8	tecrdb_3477	7.84086	10.329258521573408	10.196306316645348	2.4883985215734077	2.355446316645348
8	tecrdb_1280	4.06819	3.484146537239816	3.488357349432789	0.5840434627601843	0.5798326505672113
8	tecrdb_1792	34.3799	35.20741506573276	35.19075051068657	0.8275150657327615	0.8108505106865707
8	tecrdb_2452	2.44497	3.3985360027779876	3.4208616614611493	0.9535660027779875	0.9758916614611493
8	tecrdb_4278	-12.3825	-15.804780333598359	-15.800257248760957	3.4222803335983585	3.4177572487609567
8	tecrdb_4540	-1.51574	60.14121724662553	60.11614584646543	61.65695724662553	61.63188584646543
8	tecrdb_725	-5.94428	9.433366369063862	9.293893132822689	15.37764636906386	15.238173132822688
8	tecrdb_3910	3.75346	1.8513634375021155	1.8264358614524276	1.9020965624978845	1.9270241385475724
8	tecrdb_690	19.1592	20.93616677638027	20.907885705742018	1.7769667763802701	1.7486857057420195
8	tecrdb_3724	10.5819	28.41002332609505	28.218562283312735	17.828123326095053	17.636662283312738
8	tecrdb_2795	1.5941	-0.05958284141168235	-0.040029758687154526	1.6536828414116824	1.6341297586871546
8	tecrdb_1302	-4.15031	-4.688021973174247	-4.796804860734311	0.5377119731742468	0.6464948607343111
8	tecrdb_2273	12.3639	13.467397345451396	13.466880622778667	1.1034973454513963	1.1029806227786683
8	tecrdb_1789	34.453	35.20741506573276	35.19075051068657	0.7544150657327577	0.7377505106865669
8	tecrdb_1243	1.62134	-18.06010340262796	-18.419450424765614	19.68144340262796	20.040790424765614
8	tecrdb_3647	5.12365	8.574455795678745	8.57445871285723	3.450805795678745	3.4508087128572296
8	tecrdb_819	-12.9552	-14.177339544616359	-14.160835301900363	1.2221395446163594	1.2056353019003634
8	tecrdb_3747	-35.8178	-38.33603673456119	-38.49630050131901	2.5182367345611922	2.6785005013190144
8	tecrdb_320	1.94523	1.63068178960944	1.6256884332842532	0.3145482103905599	0.31954156671574685
8	tecrdb_2883	2.71105	8.574455795678745	8.57445871285723	5.863405795678744	5.863408712857229
8	tecrdb_2272	-1.83923	-2.00421123972329	-2.006693774471742	0.16498123972328993	0.1674637744717422
8	tecrdb_51	3.30021	1.63068178960944	1.6256884332842532	1.6695282103905598	1.6745215667157467
8	tecrdb_1413	2.85894	2.6781727820516608	2.671704491277893	0.18076721794833928	0.18723550872210692
8	tecrdb_2808	-7.27726	-6.178175583843339	-6.067253802238493	1.0990844161566606	1.2100061977615066
8	tecrdb_3909	9.57679	12.348482935116607	12.288451930217022	2.771692935116606	2.711661930217021
8	tecrdb_4302	1.79662	5.613745448832965	5.610735394158532	3.8171254488329653	3.8141153941585317
8	tecrdb_3935	14.4248	14.561420189550816	14.557703739512426	0.13662018955081656	0.13290373951242707
8	tecrdb_1256	-0.867671	-3.4117589789453646	-2.9052670173628705	2.5440879789453645	2.0375960173628704
8	tecrdb_2475	8.55802	8.574455795678745	8.57445871285723	0.01643579567874376	0.01643871285722831
8	tecrdb_1875	5.8614	11.420602085532664	11.375682450260271	5.5592020855326645	5.514282450260271
8	tecrdb_2082	-3.73954	-3.7902552698842555	-3.72209787865647	0.050715269884255676	0.01744212134352985
8	tecrdb_1661	16.7464	5.613745448832965	5.610735394158532	11.132654551167036	11.13566460584147
8	tecrdb_1470	19.0169	25.13129206124514	25.025785204378728	6.114392061245141	6.008885204378728
8	tecrdb_2445	1.18503	1.3352519526720812	1.2109815979720224	0.15022195267208116	0.0259515979720224
8	tecrdb_724	3.74222	9.433366369063862	9.293893132822689	5.691146369063862	5.551673132822689
8	tecrdb_3908	-3.44233	-1.222192305819	-1.2221718865490914	2.220137694181	2.2201581134509087
8	tecrdb_189	7.93098	8.574455795678745	8.57445871285723	0.6434757956787447	0.6434787128572292
8	tecrdb_1341	-17.8895	-18.499727778505985	-18.50286411059085	0.6102277785059833	0.6133641105908474
8	tecrdb_90	22.2168	15.515784755785145	15.503084580209944	6.7010152442148545	6.713715419790056
8	tecrdb_1474	23.33	25.13129206124514	25.025785204378728	1.8012920612451424	1.6957852043787298
8	tecrdb_2973	-9.43094	-9.297629270570269	-9.29764715361182	0.13331072942973066	0.13329284638817995
8	tecrdb_3886	2.93829	-1.8814639350886466	-2.088384119941111	4.819753935088647	5.026674119941111
8	tecrdb_3074	27.3749	23.738394732728437	23.69938575271764	3.6365052672715628	3.6755142472823614
8	tecrdb_2580	4.15031	4.268171405427097	4.3039822538355	0.11786140542709678	0.15367225383549954
8	tecrdb_4429	1.36062	-1.8814639350886466	-2.088384119941111	3.2420839350886466	3.449004119941111
8	tecrdb_2109	-3.68968	-3.7902552698842555	-3.72209787865647	0.10057526988425547	0.032417878656469945
8	tecrdb_468	-11.6297	-11.757539322825806	-11.758770656408558	0.1278393228258068	0.1290706564085582
8	tecrdb_2535	-8.7417	-14.177339544616359	-14.160835301900363	5.435639544616359	5.419135301900363
8	tecrdb_3413	-18.1655	-15.804780333598359	-15.800257248760957	2.3607196664016428	2.3652427512390446
8	tecrdb_2052	-2.93704	-3.7902552698842555	-3.72209787865647	0.8532152698842554	0.7850578786564699
8	tecrdb_4417	-29.6887	-45.52624745239075	-45.9215308647116	15.837547452390748	16.232830864711598
8	tecrdb_2144	-4.75641	-4.0124529086599665	-4.01262096430537	0.7439570913400333	0.74378903569463
8	tecrdb_2696	-0.56244	1.63068178960944	1.6256884332842532	2.19312178960944	2.188128433284253
8	tecrdb_1327	32.5902	35.20741506573276	35.19075051068657	2.6172150657327578	2.600550510686567
8	tecrdb_2248	-14.8156	-15.186123783590617	-15.184509136801495	0.3705237835906168	0.36890913680149495
8	tecrdb_987	0.531129	1.63068178960944	1.6256884332842532	1.0995527896094401	1.0945594332842532
8	tecrdb_2163	3.05151	0.5651768295665178	0.5513370491269498	2.486333170433482	2.50017295087305
8	tecrdb_2186	-5.95689	-7.681553145428893	-7.672559893612544	1.7246631454288934	1.715669893612544
8	tecrdb_726	-6.30052	9.433366369063862	9.293893132822689	15.73388636906386	15.594413132822687
8	tecrdb_1883	-6.17566	-4.688021973174247	-4.796804860734311	1.4876380268257527	1.3788551392656885
8	tecrdb_1723	-3.65587	-3.243633456407167	-3.244975517874394	0.412236543592833	0.410894482125606
8	tecrdb_2089	-3.98973	-3.7902552698842555	-3.72209787865647	0.19947473011574468	0.2676321213435302
8	tecrdb_3661	13.6487	5.579189857764799	5.4277623776272	8.0695101422352	8.2209376223728
8	tecrdb_3634	4.70288	-11.757539322825806	-11.758770656408558	16.460419322825807	16.46165065640856
8	tecrdb_2281	26.4753	25.13129206124514	25.025785204378728	1.34400793875486	1.4495147956212726
8	tecrdb_3012	14.5018	13.72164792666726	13.73391888509542	0.7801520733327401	0.7678811149045792
8	tecrdb_3654	1.60023	147.3312370961689	147.33525910484406	145.7310070961689	145.73502910484405
8	tecrdb_3972	-15.7293	-15.804780333598359	-15.800257248760957	0.07548033359835848	0.07095724876095666
8	tecrdb_1155	1.69362	1.63068178960944	1.6256884332842532	0.0629382103905598	0.06793156671574674
8	tecrdb_4059	1.71828	11.330371658448115	11.223191813489791	9.612091658448115	9.504911813489791
8	tecrdb_3525	-12.6628	-15.804780333598359	-15.800257248760957	3.141980333598358	3.137457248760956
8	tecrdb_2510	-19.1133	-17.262586673178816	-17.266582875766602	1.8507133268211824	1.8467171242333968
8	tecrdb_3158	-10.1769	-10.561033727031344	-10.561492311376078	0.38413372703134385	0.3845923113760783
8	tecrdb_3255	13.1343	6.6576230076843	6.642438662785143	6.476676992315699	6.491861337214857
8	tecrdb_1349	20.7343	15.515784755785145	15.503084580209944	5.218515244214856	5.2312154197900576
8	tecrdb_2709	-14.6032	-16.40628552868563	-17.853151294096904	1.8030855286856298	3.2499512940969044
8	tecrdb_4223	-0.111039	1.63068178960944	1.6256884332842532	1.74172078960944	1.736727433284253
8	tecrdb_2262	7.29837	4.9860259584614095	5.008854592586081	2.3123440415385907	2.2895154074139192
8	tecrdb_173	-7.97945	10.685986894584808	10.6192615366326	18.665436894584808	18.5987115366326
8	tecrdb_4284	30.6528	35.20741506573276	35.19075051068657	4.5546150657327615	4.537950510686571
8	tecrdb_3936	8.70718	14.561420189550816	14.557703739512426	5.854240189550817	5.850523739512427
8	tecrdb_3435	-10.7409	-15.804780333598359	-15.800257248760957	5.063880333598359	5.059357248760957
8	tecrdb_142	-5.83944	-13.204744673316071	-13.470515296940363	7.365304673316071	7.631075296940363
8	tecrdb_4078	-4.13417	-4.688021973174247	-4.796804860734311	0.5538519731742468	0.6626348607343111
8	tecrdb_1578	3.64326	0.5190929942609372	0.6079154300257699	3.124167005739063	3.0353445699742303
8	tecrdb_158	0.741855	-0.13430873786438724	-0.13287081637500364	0.8761637378643873	0.8747258163750037
8	tecrdb_971	-5.83506	-7.111181871365538	-7.065148102772685	1.2761218713655378	1.2300881027726849
8	tecrdb_4510	-7.02341	-6.178175583843339	-6.067253802238493	0.8452344161566607	0.9561561977615067
8	tecrdb_1259	-5.28757	-4.276097561294733	-4.276016549737733	1.0114724387052663	1.0115534502622667
8	tecrdb_2342	1.03004	0.9670783716781699	0.9672278008990389	0.06296162832183017	0.06281219910096114
8	tecrdb_4048	1.59387	1.63068178960944	1.6256884332842532	0.036811789609440204	0.03181843328425327
8	tecrdb_3190	-9.96051	-10.561033727031344	-10.561492311376078	0.6005237270313444	0.6009823113760788
8	tecrdb_286	32.5844	35.20741506573276	35.19075051068657	2.6230150657327584	2.6063505106865676
8	tecrdb_3416	-18.1655	-15.804780333598359	-15.800257248760957	2.3607196664016428	2.3652427512390446
8	tecrdb_4140	-6.05836	-4.688021973174247	-4.796804860734311	1.3703380268257535	1.2615551392656892
8	tecrdb_2364	14.3193	9.800077039261325	9.800281086623698	4.519222960738675	4.519018913376302
8	tecrdb_498	-9.84218	-21.59477504261207	-21.857282431689	11.75259504261207	12.015102431689
8	tecrdb_287	15.0168	20.672346918556244	20.673900191408585	5.655546918556244	5.657100191408585
8	tecrdb_192	5.90663	8.574455795678745	8.57445871285723	2.667825795678745	2.6678287128572293
8	tecrdb_3048	12.4839	9.11135832658941	9.056921232314636	3.3725416734105895	3.4269787676853642
8	tecrdb_184	7.34875	4.978836700801196	4.742803317975984	2.369913299198804	2.6059466820240162
8	tecrdb_335	1.74353	1.63068178960944	1.6256884332842532	0.11284821039055992	0.11784156671574686
8	tecrdb_3402	-17.4847	-15.804780333598359	-15.800257248760957	1.6799196664016414	1.6844427512390432
8	tecrdb_2329	2.18339	2.676081757685459	2.103825989662351	0.49269175768545903	0.07956401033764937
8	tecrdb_4522	-0.285036	0.5651768295665178	0.5513370491269498	0.8502128295665179	0.8363730491269499
8	tecrdb_432	-11.8826	-11.757539322825806	-11.758770656408558	0.12506067717419356	0.12382934359144215
8	tecrdb_1991	2.70072	1.63068178960944	1.6256884332842532	1.07003821039056	1.0750315667157468
8	tecrdb_1884	-6.18867	-4.688021973174247	-4.796804860734311	1.5006480268257532	1.3918651392656889
8	tecrdb_2085	-3.88853	-3.7902552698842555	-3.72209787865647	0.09827473011574428	0.1664321213435298
8	tecrdb_1441	-0.611956	1.63068178960944	1.6256884332842532	2.2426377896094403	2.2376444332842533
8	tecrdb_3090	-14.7707	-15.804780333598359	-15.800257248760957	1.034080333598359	1.0295572487609572
8	tecrdb_1979	1.93578	1.63068178960944	1.6256884332842532	0.30509821039055995	0.3100915667157469
8	tecrdb_3083	-11.7625	-15.804780333598359	-15.800257248760957	4.0422803335983595	4.037757248760958
8	tecrdb_1594	3.33496	-8.079600773995981	-7.737421421958889	11.414560773995982	11.07238142195889
8	tecrdb_1803	33.7016	35.20741506573276	35.19075051068657	1.5058150657327616	1.4891505106865708
8	tecrdb_1163	4.78692	1.63068178960944	1.6256884332842532	3.15623821039056	3.161231566715747
8	tecrdb_3785	24.0826	35.20741506573276	35.19075051068657	11.124815065732761	11.10815051068657
8	tecrdb_1937	8.32738	8.574455795678745	8.57445871285723	0.24707579567874483	0.24707871285722938
8	tecrdb_1476	18.6932	25.13129206124514	25.025785204378728	6.43809206124514	6.332585204378727
8	tecrdb_2305	0.997726	-3.3614597645518494	-3.3702534920820177	4.3591857645518495	4.367979492082018
8	tecrdb_4448	29.4913	28.799233009816618	28.77740856469825	0.6920669901833811	0.7138914353017505
8	tecrdb_3199	5.08642	-6.429698223536363	-6.428903233523968	11.516118223536363	11.515323233523969
8	tecrdb_2550	-16.7365	-15.804780333598359	-15.800257248760957	0.9317196664016407	0.9362427512390425
8	tecrdb_1249	-4.2035	-5.0890838252984665	-5.087275822107117	0.8855838252984665	0.8837758221071166
8	tecrdb_2056	-3.10555	-3.7902552698842555	-3.72209787865647	0.6847052698842555	0.61654787865647
8	tecrdb_3485	-8.66769	-12.606038016495063	-12.640153895482626	3.9383480164950626	3.972463895482626
8	tecrdb_3376	-6.20095	-7.681553145428893	-7.672559893612544	1.4806031454288933	1.471609893612544
8	tecrdb_1596	-2.27513	-2.652037855486956	-2.6512682727494763	0.37690785548695604	0.3761382727494764
8	tecrdb_505	3.03465	0.5651768295665178	0.5513370491269498	2.4694731704334822	2.4833129508730503
8	tecrdb_372	10.9641	13.529502561519358	13.548423657185918	2.565402561519358	2.5843236571859176
8	tecrdb_2755	-14.7123	-1.222192305819	-1.2221718865490914	13.490107694181	13.49012811345091
8	tecrdb_3775	34.6623	35.20741506573276	35.19075051068657	0.5451150657327588	0.528450510686568
8	tecrdb_2687	0.920707	1.63068178960944	1.6256884332842532	0.70997478960944	0.7049814332842531
8	tecrdb_3420	-18.1655	-15.804780333598359	-15.800257248760957	2.3607196664016428	2.3652427512390446
8	tecrdb_1980	2.49165	1.63068178960944	1.6256884332842532	0.8609682103905598	0.8659615667157468
8	tecrdb_1494	-4.24263	-3.243633456407167	-3.244975517874394	0.998996543592833	0.9976544821256059
8	tecrdb_1518	27.1393	25.13129206124514	25.025785204378728	2.008007938754858	2.1135147956212705
8	tecrdb_1054	14.1643	13.467397345451396	13.466880622778667	0.6969026545486052	0.6974193772213333
8	tecrdb_3131	-4.76158	-8.760291982275191	-8.85178995452091	3.998711982275191	4.09020995452091
8	tecrdb_2323	-0.0385175	2.676081757685459	2.103825989662351	2.7145992576854594	2.142343489662351
8	tecrdb_3022	0.353913	0.5651768295665178	0.5513370491269498	0.21126382956651785	0.19742404912694983
8	tecrdb_970	-5.87573	-7.111181871365538	-7.065148102772685	1.2354518713655382	1.1894181027726853
8	tecrdb_3284	30.7322	26.95342372913707	26.94776174024488	3.7787762708629273	3.7844382597551203
8	tecrdb_2337	-0.0	2.6781727820516608	2.671704491277893	2.6781727820516608	2.671704491277893
8	tecrdb_3864	-2.24077	-4.0124529086599665	-4.01262096430537	1.7716829086599666	1.77185096430537
8	tecrdb_3699	-11.3215	-10.561033727031344	-10.561492311376078	0.7604662729686567	0.7600076886239222
8	tecrdb_217	-0.470158	-0.49373285979127957	-0.49378720880393345	0.023574859791279545	0.023629208803933432
8	tecrdb_2727	5.99689	1.9959218268870558	1.995427114072001	4.000968173112944	4.001462885927999
8	tecrdb_1454	-0.65039	-2.8593517475891232	-3.0340843989301334	2.2089617475891234	2.3836943989301336
8	tecrdb_4069	6.0574	6.032333455484803	6.032382767686514	0.025066544515197187	0.025017232313486737
8	tecrdb_1515	-2.98471	-3.243633456407167	-3.244975517874394	0.25892345640716696	0.260265517874394
8	tecrdb_2221	3.09442	0.5651768295665178	0.5513370491269498	2.529243170433482	2.54308295087305
8	tecrdb_3275	34.3778	26.95342372913707	26.94776174024488	7.424376270862929	7.430038259755122
8	tecrdb_3155	-10.1102	-10.561033727031344	-10.561492311376078	0.45083372703134295	0.4512923113760774
8	tecrdb_687	31.6543	35.20741506573276	35.19075051068657	3.5531150657327615	3.5364505106865707
8	tecrdb_202	4.23955	8.574455795678745	8.57445871285723	4.334905795678744	4.334908712857229
8	tecrdb_4509	27.4061	23.051843129891424	22.96533756904327	4.354256870108575	4.4407624309567275
8	tecrdb_134	19.2162	15.832629472356455	15.7768092796498	3.3835705276435455	3.4393907203502003
8	tecrdb_1342	-17.8251	-18.499727778505985	-18.50286411059085	0.674627778505986	0.6777641105908501
8	tecrdb_1117	1.02254	1.63068178960944	1.6256884332842532	0.6081417896094401	0.6031484332842532
8	tecrdb_1343	-17.3414	-18.499727778505985	-18.50286411059085	1.158327778505985	1.161464110590849
8	tecrdb_713	-0.217213	1.63068178960944	1.6256884332842532	1.8478947896094402	1.8429014332842533
8	tecrdb_3198	-9.43094	-6.429698223536363	-6.428903233523968	3.0012417764636368	3.0020367664760315
8	tecrdb_1477	18.8226	25.13129206124514	25.025785204378728	6.308692061245139	6.203185204378727
8	tecrdb_1760	-3.52623	-3.243633456407167	-3.244975517874394	0.2825965435928328	0.2812544821256058
8	tecrdb_3703	-15.7392	-10.561033727031344	-10.561492311376078	5.178166272968657	5.177707688623922
8	tecrdb_2950	-9.5433	-9.297629270570269	-9.29764715361182	0.24567072942973134	0.24565284638818063
8	tecrdb_3045	17.8525	26.95342372913707	26.94776174024488	9.100923729137072	9.09526174024488
8	tecrdb_1268	-6.77193	-10.086380258790996	-9.88969373436177	3.3144502587909956	3.1177637343617706
8	tecrdb_1791	34.2857	35.20741506573276	35.19075051068657	0.9217150657327622	0.9050505106865714
8	tecrdb_3830	10.0572	5.312558693981039	5.312683612386039	4.744641306018961	4.744516387613961
8	tecrdb_2167	-5.93611	-7.681553145428893	-7.672559893612544	1.7454431454288928	1.7364498936125434
8	tecrdb_1151	4.22352	1.63068178960944	1.6256884332842532	2.5928382103905596	2.5978315667157466
8	tecrdb_4433	34.4615	28.799233009816618	28.77740856469825	5.662266990183383	5.684091435301752
8	tecrdb_2185	-7.47752	-7.681553145428893	-7.672559893612544	0.20403314542889284	0.19503989361254348
8	tecrdb_3518	21.1138	20.93616677638027	20.907885705742018	0.17763322361973266	0.20591429425798324
8	tecrdb_3605	-3.52184	-3.243633456407167	-3.244975517874394	0.2782065435928329	0.2768644821256059
8	tecrdb_4268	-8.07668	-14.814265062972794	-14.490793395938553	6.737585062972794	6.4141133959385535
8	tecrdb_3484	0.511752	8.919782927556234	9.025286095303763	8.408030927556235	8.513534095303763
8	tecrdb_4390	3.47374	2.6781727820516608	2.671704491277893	0.7955672179483391	0.8020355087221067
8	tecrdb_3867	-3.2867	-4.0124529086599665	-4.01262096430537	0.7257529086599663	0.7259209643053697
8	tecrdb_1861	-7.27682	23.97112818807267	23.163997394295052	31.24794818807267	30.440817394295053
8	tecrdb_144	-7.78351	-7.056665551771392	-7.056962448500549	0.7268444482286078	0.7265475514994506
8	tecrdb_4517	3.7899	-0.7586197609802774	-0.6491098720852264	4.548519760980277	4.439009872085226
8	tecrdb_2110	-3.83634	-3.7902552698842555	-3.72209787865647	0.04608473011574432	0.11424212134352985
8	tecrdb_1832	32.9714	20.42249946525861	20.527956443818056	12.548900534741392	12.443443556181947
8	tecrdb_334	1.79872	1.63068178960944	1.6256884332842532	0.16803821039056	0.17303156671574693
8	tecrdb_3865	-2.87211	-4.0124529086599665	-4.01262096430537	1.1403429086599663	1.1405109643053697
8	tecrdb_1581	-0.213179	0.5651768295665178	0.5513370491269498	0.7783558295665178	0.7645160491269498
8	tecrdb_4279	-15.1392	-15.804780333598359	-15.800257248760957	0.6655803335983581	0.6610572487609563
8	tecrdb_4082	-4.15745	-4.688021973174247	-4.796804860734311	0.5305719731742471	0.6393548607343114
8	tecrdb_2659	4.72573	4.966124115140666	4.965937424935753	0.24039411514066522	0.2402074249357522
8	tecrdb_2408	5.08642	6.48617230095385	6.488597229155218	1.3997523009538497	1.4021772291552175
8	tecrdb_455	-11.0996	-11.757539322825806	-11.758770656408558	0.6579393228258059	0.6591706564085573
8	tecrdb_2470	12.59	8.574455795678745	8.57445871285723	4.015544204321255	4.015541287142771
8	tecrdb_330	1.57592	1.63068178960944	1.6256884332842532	0.054761789609440115	0.04976843328425318
8	tecrdb_3085	-21.9479	-15.804780333598359	-15.800257248760957	6.143119666401642	6.147642751239044
8	tecrdb_1279	2.55865	3.484146537239816	3.488357349432789	0.9254965372398161	0.929707349432789
8	tecrdb_3408	-10.5325	-15.804780333598359	-15.800257248760957	5.272280333598358	5.267757248760956
8	tecrdb_1860	21.6079	20.26866027601737	20.26852323177947	1.3392397239826295	1.3393767682205322
8	tecrdb_1786	35.1011	35.20741506573276	35.19075051068657	0.10631506573275828	0.08965051068656749
8	tecrdb_3836	-2.72341	6.032333455484803	6.032382767686514	8.755743455484803	8.755792767686513
8	tecrdb_3247	3.93366	16.478277181638063	17.035242247370363	12.544617181638063	13.101582247370363
8	tecrdb_1267	-7.64911	-10.086380258790996	-9.88969373436177	2.4372702587909956	2.2405837343617705
8	tecrdb_7	-8.30061	-7.681553145428893	-7.672559893612544	0.6190568545711077	0.6280501063874571
8	tecrdb_333	2.75244	1.63068178960944	1.6256884332842532	1.12175821039056	1.1267515667157468
8	tecrdb_437	-11.6268	-11.757539322825806	-11.758770656408558	0.13073932282580714	0.13197065640855854
8	tecrdb_4256	13.3546	8.574455795678745	8.57445871285723	4.780144204321255	4.78014128714277
8	tecrdb_1812	34.1074	35.20741506573276	35.19075051068657	1.1000150657327623	1.0833505106865715
8	tecrdb_2092	-3.91933	-3.7902552698842555	-3.72209787865647	0.12907473011574444	0.19723212134352996
8	tecrdb_3481	-0.0794191	0.5651768295665178	0.5513370491269498	0.6445959295665178	0.6307561491269498
8	tecrdb_3503	-9.60718	-16.40628552868563	-17.853151294096904	6.7991055286856295	8.245971294096904
8	tecrdb_1101	4.16963	1.63068178960944	1.6256884332842532	2.5389482103905596	2.5439415667157466
8	tecrdb_2054	-3.02703	-3.7902552698842555	-3.72209787865647	0.7632252698842557	0.6950678786564701
8	tecrdb_691	13.4512	20.93616677638027	20.907885705742018	7.4849667763802685	7.456685705742018
8	tecrdb_3033	22.0344	25.13129206124514	25.025785204378728	3.096892061245139	2.9913852043787266
8	tecrdb_793	-4.48449	-3.243633456407167	-3.244975517874394	1.240856543592833	1.2395144821256059
8	tecrdb_1547	-2.11877	6.032333455484803	6.032382767686514	8.151103455484803	8.151152767686513
8	tecrdb_1149	1.08703	1.63068178960944	1.6256884332842532	0.5436517896094402	0.5386584332842532
8	tecrdb_3562	10.7795	9.11135832658941	9.056921232314636	1.6681416734105898	1.7225787676853646
8	tecrdb_1863	24.2694	26.95342372913707	26.94776174024488	2.6840237291370705	2.6783617402448776
8	tecrdb_4073	-2.25862	-1.3198863042560234	-1.2482650429226645	0.9387336957439767	1.0103549570773356
8	tecrdb_453	-11.4872	-11.757539322825806	-11.758770656408558	0.27033932282580686	0.27157065640855826
8	tecrdb_4046	1.84028	1.63068178960944	1.6256884332842532	0.2095982103905598	0.21459156671574675
8	tecrdb_901	-22.0146	-10.987854932969398	-10.999903506183578	11.026745067030603	11.014696493816423
8	tecrdb_990	-0.373838	0.5651768295665178	0.5513370491269498	0.9390148295665178	0.9251750491269498
8	tecrdb_1192	1.48201	3.2464389346681983	3.3376903647605047	1.7644289346681983	1.8556803647605047
8	tecrdb_4513	-4.96158	-12.606038016495063	-12.640153895482626	7.644458016495063	7.678573895482627
8	tecrdb_2669	-0.330261	1.63068178960944	1.6256884332842532	1.9609427896094402	1.9559494332842533
8	tecrdb_3362	-10.3405	-7.681553145428893	-7.672559893612544	2.6589468545711075	2.667940106387457
8	tecrdb_833	6.57846	3.118988322940808	3.1190290330307135	3.4594716770591916	3.459430966969286
8	tecrdb_2253	-14.7817	-15.186123783590617	-15.184509136801495	0.4044237835906159	0.4028091368014941
8	tecrdb_1738	-3.90109	-3.243633456407167	-3.244975517874394	0.6574565435928328	0.6561144821256057
8	tecrdb_4134	-6.27307	-4.688021973174247	-4.796804860734311	1.5850480268257527	1.4762651392656885
8	tecrdb_2932	11.7868	15.515784755785145	15.503084580209944	3.728984755785145	3.716284580209944
8	tecrdb_434	-11.4535	-11.757539322825806	-11.758770656408558	0.3040393228258065	0.3052706564085579
8	tecrdb_4184	-1.84443	3.2326453898063434	3.232645271222438	5.077075389806343	5.077075271222438
8	tecrdb_3355	1.44955	2.6781727820516608	2.671704491277893	1.2286227820516609	1.2221544912778932
8	tecrdb_1491	-16.6218	44.366571765354955	43.90735686579518	60.988371765354955	60.52915686579518
8	tecrdb_1288	-11.0423	-10.086380258790996	-9.88969373436177	0.9559197412090032	1.1526062656382283
8	tecrdb_1650	14.0613	5.613745448832965	5.610735394158532	8.447554551167034	8.450564605841468
8	tecrdb_3020	12.8313	13.72164792666726	13.73391888509542	0.8903479266672587	0.9026188850954195
8	tecrdb_24	-13.4168	-15.365005562361645	-15.313262200451106	1.948205562361645	1.896462200451106
8	tecrdb_1890	-6.18651	-4.688021973174247	-4.796804860734311	1.4984880268257532	1.389705139265689
8	tecrdb_1260	-5.39367	-4.276097561294733	-4.276016549737733	1.1175724387052668	1.1176534502622673
8	tecrdb_1995	2.46311	1.63068178960944	1.6256884332842532	0.8324282103905598	0.8374215667157467
8	tecrdb_206	8.17709	8.574455795678745	8.57445871285723	0.39736579567874486	0.3973687128572294
8	tecrdb_4409	12.7299	14.753249119849784	14.794313268006107	2.023349119849783	2.0644132680061063
8	tecrdb_3751	-35.0752	-38.33603673456119	-38.49630050131901	3.260836734561188	3.4211005013190103
8	tecrdb_4070	10.4245	6.032333455484803	6.032382767686514	4.392166544515197	4.3921172323134865
8	tecrdb_422	7.47637	21.242878836946154	21.242910739026563	13.766508836946155	13.766540739026564
8	tecrdb_3750	-37.8507	-38.33603673456119	-38.49630050131901	0.4853367345611872	0.6456005013190094
8	tecrdb_4376	11.0263	7.483106151570347	7.4741459418533935	3.543193848429654	3.5521540581466073
8	tecrdb_1847	20.8551	20.26866027601737	20.26852323177947	0.5864397239826289	0.5865767682205316
8	tecrdb_1059	-11.4416	-14.984077657671492	-14.91322844680002	3.5424776576714923	3.47162844680002
8	tecrdb_2154	-4.47382	-4.0124529086599665	-4.01262096430537	0.4613670913400334	0.46119903569463006
8	tecrdb_2489	8.58668	8.574455795678745	8.57445871285723	0.012224204321254817	0.012221287142770265
8	tecrdb_3594	-0.165405	-0.2738605018499811	-0.2774951210657335	0.10845550184998112	0.11209012106573349
8	tecrdb_1294	-8.07668	-6.2783059991552115	-6.290798500512533	1.7983740008447882	1.7858814994874663
8	tecrdb_844	-8.42884	-15.285953161892795	-15.476599136394729	6.857113161892796	7.047759136394729
8	tecrdb_4447	32.7812	28.799233009816618	28.77740856469825	3.9819669901833805	4.00379143530175
8	tecrdb_313	2.06699	1.63068178960944	1.6256884332842532	0.43630821039056	0.44130156671574694
8	tecrdb_1530	50.7217	35.20741506573276	35.19075051068657	15.514284934267238	15.530949489313429
8	tecrdb_1173	0.870057	1.63068178960944	1.6256884332842532	0.7606247896094401	0.7556314332842532
8	tecrdb_4187	4.33756	3.2326453898063434	3.232645271222438	1.1049146101936564	1.1049147287775618
8	tecrdb_2701	-18.1284	-16.40628552868563	-17.853151294096904	1.7221144713143701	0.27524870590309547
8	tecrdb_2184	-6.10764	-7.681553145428893	-7.672559893612544	1.573913145428893	1.5649198936125437
8	tecrdb_2869	-5.97427	-9.198740860483	-9.259494768004366	3.2244708604829997	3.2852247680043662
8	tecrdb_2921	22.3372	15.515784755785145	15.503084580209944	6.821415244214855	6.834115419790056
8	tecrdb_4412	12.9969	14.753249119849784	14.794313268006107	1.7563491198497836	1.7974132680061068
8	tecrdb_2746	-8.62735	147.3312370961689	147.33525910484406	155.9585870961689	155.96260910484406
8	tecrdb_2605	20.6618	18.250851759628176	18.23640951901021	2.410948240371823	2.4253904809897904
8	tecrdb_490	26.8718	31.845955301180965	31.820497018604556	4.974155301180964	4.948697018604555
8	tecrdb_3093	-20.4095	-15.804780333598359	-15.800257248760957	4.6047196664016425	4.609242751239044
8	tecrdb_519	34.74	6.130435420713116	5.830955284992303	28.609564579286886	28.9090447150077
8	tecrdb_2461	8.99984	8.574455795678723	8.574458712857279	0.42538420432127744	0.42538128714272183
8	tecrdb_2728	9.87764	5.312558693981032	5.312683612386039	4.565081306018968	4.564956387613961
9	tecrdb_3915	-0.0818768	0.505063266571149	0.4947415002846043	0.5869400665711489	0.5766183002846043
9	tecrdb_396	19.8724	20.974519627401904	20.942245176248058	1.1021196274019047	1.0698451762480587
9	tecrdb_2786	-1.28607	-0.005564475260399604	0.017060449487829032	1.2805055247396004	1.303130449487829
9	tecrdb_4261	0.0278391	0.505063266571149	0.4947415002846043	0.47722416657114897	0.4669024002846043
9	tecrdb_3870	-3.19883	-3.9066943590440815	-3.9068193857257683	0.7078643590440814	0.7079893857257682
9	tecrdb_4039	20.6618	15.95310952453336	15.941794538682117	4.708690475466639	4.720005461317882
9	tecrdb_3899	3.28264	-2.4714568626209186	-2.476210519620196	5.754096862620918	5.758850519620196
9	tecrdb_1315	4.1445	3.6199295591138494	3.623395145493582	0.5245704408861505	0.5211048545064179
9	tecrdb_3745	-36.2769	-37.78124423535044	-38.06065318855454	1.5043442353504446	1.7837531885545417
9	tecrdb_3790	19.8105	23.06125411451501	22.969915013290233	3.250754114515008	3.159415013290232
9	tecrdb_1198	-4.65911	-10.174690843281581	-10.081169789988934	5.515580843281581	5.422059789988934
9	tecrdb_1599	-2.59294	-2.708690921484468	-2.7091854839047187	0.11575092148446808	0.11624548390471867
9	tecrdb_3039	30.7968	26.895754323911937	26.893701737516892	3.9010456760880636	3.903098262483109
9	tecrdb_2907	1.89881	5.125815903741781	4.469865604540303	3.227005903741781	2.5710556045403026
9	tecrdb_1595	-2.01912	-2.708690921484468	-2.7091854839047187	0.6895709214844681	0.6900654839047187
9	tecrdb_4370	6.39486	5.467897988488055	5.464792560136807	0.9269620115119457	0.9300674398631932
9	tecrdb_2663	-10.6163	-4.498250043138569	-4.625661971161094	6.118049956861432	5.990638028838907
9	tecrdb_1185	1.79379	1.5846831019967311	1.5791792933396778	0.20910689800326887	0.21461070666032223
9	tecrdb_1686	11.0987	5.467897988488055	5.464792560136807	5.630802011511944	5.633907439863192
9	tecrdb_3214	-9.69774	7.831978049161052	7.721104412213606	17.52971804916105	17.418844412213605
9	tecrdb_1871	-11.9292	-9.636694109531675	-9.319120137576618	2.292505890468325	2.6100798624233814
9	tecrdb_342	13.1343	8.390498405026477	8.390507566133024	4.743801594973522	4.743792433866975
9	tecrdb_510	5.45093	8.02581901031661	8.02560587634126	2.5748890103166104	2.57467587634126
9	tecrdb_2079	-3.59268	-3.8296653242854717	-3.7592742215645103	0.2369853242854716	0.1665942215645102
9	tecrdb_324	1.3806	1.5846831019967311	1.5791792933396778	0.20408310199673108	0.19857929333967772
9	tecrdb_2218	2.86677	0.505063266571149	0.4947415002846043	2.361706733428851	2.3720284997153955
9	tecrdb_3421	-15.3507	-15.874367940549092	-15.869285742256324	0.5236679405490925	0.5185857422563238
9	tecrdb_4023	1.69174	8.390498405026477	8.390507566133024	6.698758405026477	6.698767566133024
9	tecrdb_2816	20.594	18.998852983145866	19.955717205138683	1.5951470168541348	0.6382827948613183
9	tecrdb_3095	-20.3001	-15.874367940549092	-15.869285742256324	4.425732059450908	4.430814257743677
9	tecrdb_2677	1.03969	1.5846831019967311	1.5791792933396778	0.5449931019967311	0.5394892933396778
9	tecrdb_3534	-13.6848	-15.874367940549092	-15.869285742256324	2.189567940549093	2.1844857422563244
9	tecrdb_3857	7.72907	6.752279305366619	6.752338504205589	0.9767906946333813	0.9767314957944109
9	tecrdb_1199	-5.7571	-10.174690843281581	-10.081169789988934	4.417590843281581	4.3240697899889335
9	tecrdb_4011	11.6075	8.390498405026477	8.390507566133024	3.2170015949735227	3.2169924338669755
9	tecrdb_3502	-8.62056	-16.66707288478571	-18.11957398094239	8.046512884785711	9.499013980942392
9	tecrdb_1416	2.93829	2.4975805298202545	2.488297164503024	0.4407094701797454	0.449992835496976
9	tecrdb_73	13.3422	13.115375294387519	13.115214051042813	0.22682470561248103	0.2269859489571875
9	tecrdb_2945	-8.49757	-9.330707853501153	-9.330716665205017	0.8331378535011531	0.8331466652050175
9	tecrdb_2649	13.9808	11.531572843206558	11.573762731154618	2.4492271567934427	2.4070372688453823
9	tecrdb_4259	-0.551785	0.505063266571149	0.4947415002846043	1.056848266571149	1.0465265002846043
9	tecrdb_99	18.6771	16.487974387358335	16.283715847309253	2.1891256126416643	2.3933841526907464
9	tecrdb_984	-12.5811	-9.30689671196754	-9.308210100924683	3.27420328803246	3.2728898990753166
9	tecrdb_1408	-4.29975	-8.57216270243554	-8.609860755957639	4.272412702435539	4.310110755957639
9	tecrdb_1785	34.7968	35.0107967406401	34.99014707690759	0.21399674064010554	0.19334707690759245
9	tecrdb_2095	-4.40842	-3.8296653242854717	-3.7592742215645103	0.5787546757145279	0.6491457784354893
9	tecrdb_4171	2.79093	3.2009026384733517	3.20090219212382	0.40997263847335175	0.4099721921238202
9	tecrdb_1157	-1.10236	1.5846831019967311	1.5791792933396778	2.687043101996731	2.6815392933396778
9	tecrdb_2699	10.0572	20.974519627401904	20.942245176248058	10.917319627401904	10.885045176248058
9	tecrdb_2108	-3.18226	-3.8296653242854717	-3.7592742215645103	0.6474053242854718	0.5770142215645104
9	tecrdb_3471	-15.5617	-15.874367940549092	-15.869285742256324	0.3126679405490922	0.3075857422563235
9	tecrdb_4407	13.8768	14.88586504901096	14.95037098466534	1.0090650490109603	1.0735709846653414
9	tecrdb_4431	0.741855	-0.13298284009133	-0.13134612659015943	0.87483784009133	0.8732011265901595
9	tecrdb_4521	-0.282451	0.505063266571149	0.4947415002846043	0.787514266571149	0.7771925002846043
9	tecrdb_28	-13.8661	-15.426019833198069	-15.385233459758183	1.5599198331980695	1.5191334597581836
9	tecrdb_719	-15.947	-17.45149484653001	-17.450857479424513	1.5044948465300116	1.5038574794245143
9	tecrdb_2244	-15.0645	-14.570644288057906	-14.572273861585458	0.49385571194209454	0.49222613841454255
9	tecrdb_4541	9.24577	92.8657673423918	92.06674018192562	83.6199973423918	82.82097018192562
9	tecrdb_4543	-25.5245	-69.01480010134745	-68.50888910775237	43.490300101347444	42.984389107752364
9	tecrdb_1561	-2.56133	-7.451293651022624	-7.385612206973342	4.889963651022624	4.824282206973342
9	tecrdb_2327	2.81386	2.3317800983602837	1.8361432241962063	0.48207990163971637	0.9777167758037937
9	tecrdb_1758	-3.92442	-3.2896970172225792	-3.284543406501868	0.6347229827774208	0.6398765934981321
9	tecrdb_2048	-2.5788	-3.8296653242854717	-3.7592742215645103	1.2508653242854715	1.18047422156451
9	tecrdb_1209	23.4961	31.53329142646146	31.504212234660855	8.037191426461462	8.008112234660857
9	tecrdb_1689	9.788	5.467897988488055	5.464792560136807	4.3201020115119455	4.323207439863193
9	tecrdb_62	-3.0788	5.854360096027136	5.854137151962561	8.933160096027137	8.932937151962562
9	tecrdb_4044	-0.524309	1.5846831019967311	1.5791792933396778	2.1089921019967313	2.103488293339678
9	tecrdb_10	-9.16828	-7.493591112099196	-7.49027283813507	1.6746888879008033	1.6780071618649295
9	tecrdb_3839	3.06864	2.925835330716769	2.9295549602680975	0.142804669283231	0.13908503973190234
9	tecrdb_296	1.27224	1.5846831019967311	1.5791792933396778	0.3124431019967311	0.30693929333967773
9	tecrdb_4162	5.06801	3.2009026384733517	3.20090219212382	1.8671073615266485	1.86710780787618
9	tecrdb_244	-0.0	0.015568514570935221	0.015424671657809697	0.015568514570935221	0.015424671657809697
9	tecrdb_2216	2.96813	0.505063266571149	0.4947415002846043	2.463066733428851	2.4733884997153956
9	tecrdb_3697	-9.97124	-10.626552918466281	-10.628337756047046	0.6553129184662811	0.6570977560470457
9	tecrdb_3755	-36.4985	-37.78124423535044	-38.06065318855454	1.2827442353504424	1.5621531885545394
9	tecrdb_3660	8.37884	4.867493835051782	4.867750121096073	3.5113461649482183	3.5110898789039275
9	tecrdb_2640	22.7348	24.90054197853938	24.74714560359105	2.16574197853938	2.0123456035910507
9	tecrdb_179	20.1086	18.998852983145866	19.955717205138683	1.1097470168541328	0.15288279486131628
9	tecrdb_1714	12.7249	11.659845491175318	11.660047772165676	1.065054508824682	1.064852227834324
9	tecrdb_4475	3.72276	0.505063266571149	0.4947415002846043	3.217696733428851	3.228018499715396
9	tecrdb_1469	18.7308	24.90054197853938	24.74714560359105	6.169741978539381	6.016345603591052
9	tecrdb_2168	-6.20346	-7.493591112099196	-7.49027283813507	1.2901311120991963	1.28681283813507
9	tecrdb_3688	-15.3582	-10.626552918466281	-10.628337756047046	4.731647081533719	4.7298622439529545
9	tecrdb_2460	8.85997	8.390498405026477	8.390507566133024	0.4694715949735233	0.46946243386697617
9	tecrdb_198	7.13365	8.390498405026477	8.390507566133024	1.256848405026477	1.2568575661330241
9	tecrdb_2782	0.849855	-0.005564475260399604	0.017060449487829032	0.8554194752603996	0.832794550512171
9	tecrdb_3436	-13.0031	-15.874367940549092	-15.869285742256324	2.8712679405490924	2.8661857422563237
9	tecrdb_4024	11.7104	8.390498405026477	8.390507566133024	3.3199015949735227	3.3198924338669755
9	tecrdb_1405	-4.51624	-8.57216270243554	-8.609860755957639	4.05592270243554	4.093620755957639
9	tecrdb_4200	3.37774	3.2009026384733517	3.20090219212382	0.17683736152664853	0.1768378078761801
9	tecrdb_4160	3.30149	3.2009026384733517	3.20090219212382	0.10058736152664816	0.10058780787617971
9	tecrdb_2070	-3.09134	-3.8296653242854717	-3.7592742215645103	0.7383253242854715	0.6679342215645101
9	tecrdb_2050	-2.51671	-3.8296653242854717	-3.7592742215645103	1.312955324285472	1.2425642215645105
9	tecrdb_476	-11.7371	-11.540129945960388	-11.543147154445819	0.1969700540396122	0.1939528455541808
9	tecrdb_2724	3.33934	-2.572891026661935	-2.5728551541853477	5.912231026661935	5.912195154185348
9	tecrdb_70	-15.8662	-5.247815022082875	-5.24094798620925	10.618384977917124	10.62525201379075
9	tecrdb_1200	1.30798	-10.174690843281581	-10.081169789988934	11.482670843281582	11.389149789988934
9	tecrdb_1082	21.4934	18.9162757529162	18.916228386143167	2.577124247083802	2.5771716138568337
9	tecrdb_2597	30.0628	24.90054197853938	24.74714560359105	5.1622580214606195	5.315654396408949
9	tecrdb_3638	-0.0	-1.7576781881835473	-1.7569150153218498	1.7576781881835473	1.7569150153218498
9	tecrdb_1143	1.42851	1.5846831019967311	1.5791792933396778	0.15617310199673118	0.15066929333967782
9	tecrdb_2403	17.171	23.06125411451501	22.969915013290233	5.89025411451501	5.798915013290234
9	tecrdb_2277	12.9435	13.115375294387519	13.115214051042813	0.1718752943875188	0.17171405104281234
9	tecrdb_3934	2.952	2.925835330716769	2.9295549602680975	0.026164669283231135	0.022445039731902483
9	tecrdb_2409	-7.29914	-5.528576270407223	-5.782804758748526	1.7705637295927774	1.5163352412514746
9	tecrdb_4500	24.7751	23.06125411451501	22.969915013290233	1.7138458854849894	1.8051849867097651
9	tecrdb_2153	-4.63916	-3.9066943590440815	-3.9068193857257683	0.7324656409559189	0.7323406142742321
9	tecrdb_84	5.05762	8.090342178416812	8.090297004794166	3.0327221784168117	3.0326770047941665
9	tecrdb_4494	3.58413	0.505063266571149	0.4947415002846043	3.079066733428851	3.0893884997153958
9	tecrdb_416	3.05998	-2.6871301127053187	-2.8754265160716272	5.747110112705318	5.935406516071627
9	tecrdb_4189	3.03468	3.2009026384733517	3.20090219212382	0.16622263847335184	0.16622219212382028
9	tecrdb_2817	20.8347	18.998852983145866	19.955717205138683	1.8358470168541352	0.8789827948613187
9	tecrdb_1459	2.65237	3.6199295591138494	3.623395145493582	0.9675595591138495	0.9710251454935821
9	tecrdb_2604	3.47843	12.11868929226646	12.074879587823474	8.64025929226646	8.596449587823475
9	tecrdb_2685	-0.330261	1.5846831019967311	1.5791792933396778	1.9149441019967313	1.909440293339678
9	tecrdb_2502	12.8324	8.390498405026477	8.390507566133024	4.4419015949735225	4.441892433866975
9	tecrdb_3838	-7.36791	-7.466636300637116	-7.466966992915374	0.09872630063711618	0.09905699291537395
9	tecrdb_2564	-24.149	-15.874367940549092	-15.869285742256324	8.274632059450909	8.279714257743677
9	tecrdb_1325	34.0171	35.0107967406401	34.99014707690759	0.9936967406401038	0.9730470769075907
9	tecrdb_3926	2.03307	1.900036806906785	1.8214739997232066	0.13303319309321493	0.21159600027679337
9	tecrdb_4377	6.16119	8.636731531971794	8.547102028324375	2.4755415319717935	2.385912028324374
9	tecrdb_3142	10.4109	78.92131366390774	78.62023387130142	68.51041366390774	68.20933387130142
9	tecrdb_137	1.03272	0.505063266571149	0.4947415002846043	0.5276567334288511	0.5379784997153958
9	tecrdb_1771	-3.42881	-3.2896970172225792	-3.284543406501868	0.13911298277742068	0.14426659349813198
9	tecrdb_2985	-9.12285	-9.330707853501153	-9.330716665205017	0.20785785350115304	0.2078666652050174
9	tecrdb_544	3.75324	26.313043727905246	26.325035133418453	22.559803727905248	22.571795133418455
9	tecrdb_2233	9.69774	2.1718971289524163	2.171977630800697	7.525842871047583	7.5257623691993025
9	tecrdb_732	-0.0	-0.606820451907474	-0.6072691287732255	0.606820451907474	0.6072691287732255
9	tecrdb_3431	-13.4331	-15.874367940549092	-15.869285742256324	2.4412679405490927	2.436185742256324
9	tecrdb_2963	-10.1154	-9.330707853501153	-9.330716665205017	0.7846921464988466	0.7846833347949822
9	tecrdb_4201	2.70856	3.2009026384733517	3.20090219212382	0.4923426384733518	0.49234219212382024
9	tecrdb_535	3.68015	8.390498405026477	8.390507566133024	4.710348405026478	4.710357566133025
9	tecrdb_4126	18.2694	11.93464481888347	11.925630537700677	6.334755181116531	6.343769462299324
9	tecrdb_63	-12.9941	-13.718167426452268	-13.789522818032836	0.7240674264522688	0.7954228180328364
9	tecrdb_2428	3.857	2.5848694868279267	2.591321772772787	1.2721305131720735	1.2656782272272133
9	tecrdb_281	-0.200381	0.505063266571149	0.4947415002846043	0.705444266571149	0.6951225002846043
9	tecrdb_2846	-0.352922	1.5846831019967311	1.5791792933396778	1.937605101996731	1.9321012933396777
9	tecrdb_2349	15.1695	17.22879148385828	17.21854082541855	2.0592914838582814	2.049040825418551
9	tecrdb_316	1.71885	1.5846831019967311	1.5791792933396778	0.13416689800326886	0.13967070666032222
9	tecrdb_681	14.2406	12.060457419489325	12.007112817315061	2.180142580510676	2.2334871826849394
9	tecrdb_2751	9.04247	15.587516559777526	15.586915119816496	6.545046559777527	6.544445119816496
9	tecrdb_2309	3.98973	3.985719700957276	3.9830338928090896	0.00401029904272443	0.006696107190910627
9	tecrdb_4120	12.9389	7.20184939773479	7.184990341073508	5.73705060226521	5.753909658926492
9	tecrdb_2059	-4.063	-3.8296653242854717	-3.7592742215645103	0.23333467571452804	0.3037257784354894
9	tecrdb_2263	3.68015	5.540723082435302	5.557966211938256	1.8605730824353022	1.877816211938256
9	tecrdb_561	-8.19534	-6.365670561541961	-6.241064402366995	1.8296694384580388	1.9542755976330053
9	tecrdb_4436	29.5615	29.39713551202386	29.368986872713364	0.16436448797614034	0.1925131272866345
9	tecrdb_1983	2.50524	1.5846831019967311	1.5791792933396778	0.920556898003269	0.9260607066603224
9	tecrdb_469	-11.6007	-11.540129945960388	-11.543147154445819	0.06057005403961213	0.05755284555418072
9	tecrdb_3873	-7.66256	-5.528576270407223	-5.782804758748526	2.133983729592777	1.8797552412514742
9	tecrdb_2191	-5.91253	-7.493591112099196	-7.49027283813507	1.5810611120991958	1.5777428381350695
9	tecrdb_1687	11.0987	5.467897988488055	5.464792560136807	5.630802011511944	5.633907439863192
9	tecrdb_2570	-18.8423	-22.500671766096048	-22.88174164911844	3.658371766096046	4.039441649118437
9	tecrdb_3923	6.62329	5.222623887109547	5.219562649009259	1.4006661128904527	1.4037273509907413
9	tecrdb_1693	11.9134	5.467897988488055	5.464792560136807	6.445502011511945	6.448607439863192
9	tecrdb_2283	22.5958	24.90054197853938	24.74714560359105	2.3047419785393792	2.15134560359105
9	tecrdb_367	12.9124	8.390498405026477	8.390507566133024	4.521901594973523	4.5218924338669755
9	tecrdb_3505	-10.635	-16.66707288478571	-18.11957398094239	6.032072884785711	7.4845739809423915
9	tecrdb_513	9.82483	8.02581901031661	8.02560587634126	1.7990109896833903	1.7992241236587407
9	tecrdb_2132	3.20855	3.271089832614826	3.2687555676596523	0.0625398326148261	0.06020556765965246
9	tecrdb_1357	19.5164	15.95310952453336	15.941794538682117	3.5632904754666406	3.5746054613178835
9	tecrdb_3462	-10.9573	-15.874367940549092	-15.869285742256324	4.917067940549092	4.911985742256324
9	tecrdb_4150	-4.86226	3.2009026384733517	3.20090219212382	8.06316263847335	8.06316219212382
9	tecrdb_351	12.3428	8.390498405026477	8.390507566133024	3.952301594973523	3.952292433866976
9	tecrdb_2106	-2.97466	-3.8296653242854717	-3.7592742215645103	0.8550053242854716	0.7846142215645102
9	tecrdb_3429	-15.0188	-15.874367940549092	-15.869285742256324	0.8555679405490917	0.850485742256323
9	tecrdb_4461	6.38833	5.558920104711831	6.150633392718817	0.829409895288169	0.23769660728118325
9	tecrdb_3556	-15.8321	-132.29548097628086	-132.14811728296274	116.46338097628086	116.31601728296275
9	tecrdb_3261	4.60565	2.3317800983602837	1.8361432241962063	2.273869901639716	2.7695067758037935
9	tecrdb_3173	-10.2615	-10.626552918466281	-10.628337756047046	0.3650529184662812	0.3668377560470457
9	tecrdb_4255	11.873	8.390498405026477	8.390507566133024	3.482501594973522	3.482492433866975
9	tecrdb_4422	12.7216	12.816570243587506	12.816475398762243	0.09497024358750572	0.09487539876224282
9	tecrdb_2000	3.33934	1.5846831019967311	1.5791792933396778	1.7546568980032689	1.7601607066603222
9	tecrdb_369	13.0852	8.390498405026477	8.390507566133024	4.694701594973523	4.694692433866976
9	tecrdb_4252	13.3546	8.390498405026477	8.390507566133024	4.964101594973522	4.964092433866975
9	tecrdb_3967	-14.7224	-15.874367940549092	-15.869285742256324	1.151967940549092	1.1468857422563232
9	tecrdb_678	1.66654	2.1718971289524163	2.171977630800697	0.5053571289524164	0.5054376308006971
9	tecrdb_4457	15.4057	20.974519627401904	20.942245176248058	5.568819627401904	5.536545176248058
9	tecrdb_214	3.94569	8.390498405026477	8.390507566133024	4.444808405026477	4.4448175661330245
9	tecrdb_1782	35.322	35.0107967406401	34.99014707690759	0.3112032593598997	0.33185292309241277
9	tecrdb_2483	13.2891	8.390498405026477	8.390507566133024	4.898601594973522	4.898592433866975
9	tecrdb_3701	-12.661	-10.626552918466281	-10.628337756047046	2.0344470815337186	2.032662243952954
9	tecrdb_1915	-8.08559	0.4669920352173875	0.3983868426557393	8.552582035217387	8.48397684265574
9	tecrdb_3813	9.90583	13.815158746823897	13.815288830210932	3.9093287468238973	3.909458830210932
9	tecrdb_4425	13.3075	12.816570243587506	12.816475398762243	0.49092975641249303	0.49102460123775593
9	tecrdb_433	-11.751	-11.540129945960388	-11.543147154445819	0.2108700540396118	0.20785284555418038
9	tecrdb_3495	8.10661	8.090342178416812	8.090297004794166	0.01626782158318818	0.016312995205833403
9	tecrdb_3443	-10.9573	-15.874367940549092	-15.869285742256324	4.917067940549092	4.911985742256324
9	tecrdb_1035	6.81434	4.403214409618229	4.5452178755418515	2.4111255903817703	2.269122124458148
9	tecrdb_1444	2.67432	1.5846831019967311	1.5791792933396778	1.0896368980032687	1.095140706660322
9	tecrdb_4031	1.24589	8.390498405026477	8.390507566133024	7.144608405026477	7.144617566133024
9	tecrdb_3091	-12.1783	-15.874367940549092	-15.869285742256324	3.696067940549092	3.6909857422563235
9	tecrdb_3508	-11.0277	-16.66707288478571	-18.11957398094239	5.639372884785711	7.091873980942392
9	tecrdb_3368	-8.52865	-7.493591112099196	-7.49027283813507	1.0350588879008047	1.038377161864931
9	tecrdb_80	8.37184	4.867493835051782	4.867750121096073	3.5043461649482186	3.504089878903928
9	tecrdb_2539	-8.47238	-14.375857097791823	-14.350008963490296	5.903477097791823	5.877628963490297
9	tecrdb_111	14.3622	16.487974387358335	16.283715847309253	2.1257743873583355	1.9215158473092533
9	tecrdb_2194	-9.76624	-7.493591112099196	-7.49027283813507	2.2726488879008038	2.27596716186493
9	tecrdb_26	-12.4375	-15.426019833198069	-15.385233459758183	2.988519833198069	2.947733459758183
9	tecrdb_1550	16.8878	5.098163132081101	5.03232698140576	11.789636867918897	11.855473018594239
9	tecrdb_711	-12.9449	-20.951719159829082	-21.22965520727476	8.006819159829082	8.28475520727476
9	tecrdb_3169	-10.5836	-10.626552918466281	-10.628337756047046	0.042952918466280465	0.044737756047044996
9	tecrdb_3451	-11.2905	-15.874367940549092	-15.869285742256324	4.5838679405490925	4.578785742256324
9	tecrdb_2895	-1.65517	-1.3949735403356271	-1.3267324994385987	0.2601964596643729	0.3284375005614013
9	tecrdb_3180	-10.4368	-10.626552918466281	-10.628337756047046	0.18975291846628117	0.1915377560470457
9	tecrdb_3172	-10.5836	-10.626552918466281	-10.628337756047046	0.042952918466280465	0.044737756047044996
9	tecrdb_1827	3.10472	0.505063266571149	0.4947415002846043	2.599656733428851	2.6099784997153956
9	tecrdb_4347	3.5585	5.467897988488055	5.464792560136807	1.9093979884880548	1.9062925601368073
9	tecrdb_3842	3.54512	1.5846831019967311	1.5791792933396778	1.9604368980032687	1.965940706660322
9	tecrdb_3538	-15.6388	-15.874367940549092	-15.869285742256324	0.23556794054909247	0.2304857422563238
9	tecrdb_4309	4.38537	5.467897988488055	5.464792560136807	1.0825279884880548	1.0794225601368073
9	tecrdb_3446	-11.7209	-15.874367940549092	-15.869285742256324	4.153467940549092	4.148385742256323
9	tecrdb_3117	16.7776	15.95310952453336	15.941794538682117	0.8244904754666393	0.8358054613178822
9	tecrdb_1412	1.03272	0.505063266571149	0.4947415002846043	0.5276567334288511	0.5379784997153958
9	tecrdb_1996	3.35848	1.5846831019967311	1.5791792933396778	1.773796898003269	1.7793007066603224
9	tecrdb_825	15.6058	16.487974387358335	16.283715847309253	0.8821743873583348	0.6779158473092526
9	tecrdb_989	-0.0831056	0.505063266571149	0.4947415002846043	0.588168866571149	0.5778471002846043
9	tecrdb_57	17.9855	13.115375294387519	13.115214051042813	4.870124705612479	4.870285948957186
9	tecrdb_2183	-7.34482	-7.493591112099196	-7.49027283813507	0.1487711120991957	0.14545283813506948
9	tecrdb_484	23.7687	20.974519627401904	20.942245176248058	2.7941803725980954	2.8264548237519413
9	tecrdb_2848	12.6823	-7.980578508487	-7.875309984542412	20.662878508486997	20.55760998454241
9	tecrdb_1248	-1.61781	-5.468446502387138	-5.470362776200147	3.8506365023871383	3.8525527762001475
9	tecrdb_972	-5.8674	-7.451293651022624	-7.385612206973342	1.583893651022624	1.5182122069733417
9	tecrdb_2005	0.193313	1.5846831019967311	1.5791792933396778	1.391370101996731	1.3858662933396777
9	tecrdb_1146	1.66919	1.5846831019967311	1.5791792933396778	0.08450689800326883	0.09001070666032218
9	tecrdb_2492	8.73492	8.390498405026477	8.390507566133024	0.3444215949735234	0.3444124338669763
9	tecrdb_1908	4.95565	4.768638290942988	4.767186266448078	0.18701170905701225	0.18846373355192192
9	tecrdb_138	10.634	7.095299961907266	7.069532303759537	3.5387000380927347	3.564467696240463
9	tecrdb_4262	-0.0556758	0.505063266571149	0.4947415002846043	0.5607390665711489	0.5504173002846042
9	tecrdb_1732	-3.55303	-3.2896970172225792	-3.284543406501868	0.2633329827774209	0.2684865934981322
9	tecrdb_1487	1.36062	-3.4100634646935823	-3.423770791093947	4.770683464693582	4.784390791093947
9	tecrdb_4146	-6.13193	-4.722269097358125	-4.822167996602383	1.4096609026418747	1.3097620033976165
9	tecrdb_2959	-9.16811	-9.330707853501153	-9.330716665205017	0.1625978535011523	0.16260666520501665
9	tecrdb_1800	34.195	35.0107967406401	34.99014707690759	0.8157967406401028	0.7951470769075897
9	tecrdb_3398	-16.5947	-15.874367940549092	-15.869285742256324	0.7203320594509073	0.725414257743676
9	tecrdb_2882	21.7758	20.91982100772013	20.921646805989127	0.8559789922798693	0.8541531940108733
9	tecrdb_4052	6.85752	13.815158746823897	13.815288830210932	6.957638746823897	6.957768830210932
9	tecrdb_4013	8.24256	8.390498405026477	8.390507566133024	0.14793840502647804	0.14794756613302518
9	tecrdb_2081	-3.66154	-3.8296653242854717	-3.7592742215645103	0.16812532428547167	0.09773422156451028
9	tecrdb_3272	26.6195	26.895754323911937	26.893701737516892	0.2762543239119388	0.2742017375168935
9	tecrdb_2888	-0.947845	0.505063266571149	0.4947415002846043	1.452908266571149	1.4425865002846043
9	tecrdb_1116	1.52291	1.5846831019967311	1.5791792933396778	0.06177310199673114	0.056269293339677784
9	tecrdb_9	-8.77077	-7.493591112099196	-7.49027283813507	1.2771788879008046	1.2804971618649308
9	tecrdb_3916	0.782998	0.3306994244015442	0.32238120128363335	0.45229857559845577	0.4606167987163666
9	tecrdb_2977	-9.47116	-9.330707853501153	-9.330716665205017	0.14045214649884663	0.14044333479498228
9	tecrdb_3808	4.72573	3.6199295591138494	3.623395145493582	1.105800440886151	1.1023348545064184
9	tecrdb_503	4.64955	2.4975805298202545	2.488297164503024	2.151969470179745	2.1612528354969758
9	tecrdb_924	27.167	20.974519627401904	20.942245176248058	6.192480372598098	6.224754823751944
9	tecrdb_3740	-12.0258	-21.058268595656557	-21.345113244588816	9.032468595656557	9.319313244588816
9	tecrdb_4145	-6.13193	-4.722269097358125	-4.822167996602383	1.4096609026418747	1.3097620033976165
9	tecrdb_3523	-18.0334	-15.874367940549092	-15.869285742256324	2.159032059450908	2.1641142577436767
9	tecrdb_2087	-3.76138	-3.8296653242854717	-3.7592742215645103	0.06828532428547174	0.002105778435489647
9	tecrdb_3941	-12.4711	-15.874367940549092	-15.869285742256324	3.4032679405490924	3.3981857422563237
9	tecrdb_945	-5.47173	-7.451293651022624	-7.385612206973342	1.979563651022624	1.9138822069733417
9	tecrdb_3898	-2.83303	-3.457021999863745	-3.1146120687621064	0.6239919998637449	0.28158206876210645
9	tecrdb_1042	7.47637	9.378310641328483	9.41030291436742	1.9019406413284825	1.9339329143674204
9	tecrdb_1866	20.5115	26.895754323911937	26.893701737516892	6.384254323911936	6.3822017375168905
9	tecrdb_1539	-0.459547	5.725593116148815	5.725712321058623	6.185140116148815	6.185259321058623
9	tecrdb_3952	-14.9792	-15.874367940549092	-15.869285742256324	0.8951679405490918	0.8900857422563231
9	tecrdb_3772	3.97736	3.4635344430130695	3.4633516208408057	0.5138255569869306	0.5140083791591943
9	tecrdb_4137	-6.03336	-4.722269097358125	-4.822167996602383	1.3110909026418751	1.211192003397617
9	tecrdb_87	6.38736	8.390498405026477	8.390507566133024	2.003138405026477	2.0031475661330242
9	tecrdb_4062	21.4448	11.376117897410595	11.243623771095187	10.068682102589406	10.201176228904814
9	tecrdb_1453	-9.79496	-2.6871301127053187	-2.8754265160716272	7.107829887294681	6.919533483928372
9	tecrdb_3663	-14.779	-10.626552918466281	-10.628337756047046	4.152447081533719	4.150662243952954
9	tecrdb_2638	-9.5763	-14.234112671496163	-14.284903590817144	4.657812671496163	4.708603590817145
9	tecrdb_1434	0.0249144	-1.3949735403356271	-1.3267324994385987	1.419887940335627	1.3516468994385986
9	tecrdb_3271	29.4563	26.895754323911937	26.893701737516892	2.5605456760880614	2.5625982624831067
9	tecrdb_2909	-1.41801	-1.1976298299379025	-1.1983171877885752	0.22038017006209754	0.21969281221142478
9	tecrdb_37	-13.1716	-15.426019833198069	-15.385233459758183	2.254419833198069	2.2136334597581833
9	tecrdb_1677	8.29397	5.467897988488055	5.464792560136807	2.826072011511945	2.8291774398631926
9	tecrdb_4373	-0.0	-21.44550898248624	-21.157870304241904	21.44550898248624	21.157870304241904
9	tecrdb_1517	2.70721	2.925835330716769	2.9295549602680975	0.21862533071676893	0.22234496026809758
9	tecrdb_2155	-4.3869	-3.9066943590440815	-3.9068193857257683	0.48020564095591833	0.48008061427423154
9	tecrdb_4066	9.36387	3.772409809830492	3.772455975289205	5.591460190169508	5.5914140247107955
9	tecrdb_97	16.6045	16.487974387358335	16.283715847309253	0.1165256126416665	0.32078415269074867
9	tecrdb_1651	6.52662	5.467897988488055	5.464792560136807	1.0587220115119456	1.061827439863193
9	tecrdb_3778	31.3299	35.0107967406401	34.99014707690759	3.6808967406401045	3.6602470769075914
9	tecrdb_1895	-5.97898	-4.722269097358125	-4.822167996602383	1.256710902641875	1.1568120033976168
9	tecrdb_1823	26.4706	24.90054197853938	24.74714560359105	1.5700580214606212	1.7234543964089504
9	tecrdb_2028	-0.0	0.015568514570935221	0.015424671657809697	0.015568514570935221	0.015424671657809697
9	tecrdb_3845	2.78272	1.5846831019967311	1.5791792933396778	1.1980368980032687	1.203540706660322
9	tecrdb_1753	-2.96945	-3.2896970172225792	-3.284543406501868	0.3202470172225791	0.3150934065018678
9	tecrdb_331	1.1569	1.5846831019967311	1.5791792933396778	0.4277831019967311	0.42227929333967773
9	tecrdb_4045	-0.210048	1.5846831019967311	1.5791792933396778	1.7947311019967311	1.7892272933396778
9	tecrdb_3159	-10.1514	-10.626552918466281	-10.628337756047046	0.4751529184662804	0.4769377560470449
9	tecrdb_1125	3.20933	1.5846831019967311	1.5791792933396778	1.624646898003269	1.6301507066603222
9	tecrdb_953	-5.9099	-7.451293651022624	-7.385612206973342	1.5413936510226236	1.4757122069733413
9	tecrdb_4337	8.30061	14.88586504901096	14.95037098466534	6.585255049010959	6.64976098466534
9	tecrdb_1873	-1.95455	11.266212430660815	11.29212854427088	13.220762430660814	13.24667854427088
9	tecrdb_4423	10.6979	12.816570243587506	12.816475398762243	2.1186702435875056	2.1185753987622427
9	tecrdb_304	0.475451	1.5846831019967311	1.5791792933396778	1.109232101996731	1.1037282933396777
9	tecrdb_2180	-8.58334	-7.493591112099196	-7.49027283813507	1.0897488879008037	1.09306716186493
9	tecrdb_363	12.8574	8.390498405026477	8.390507566133024	4.466901594973523	4.466892433866976
9	tecrdb_204	7.09128	8.390498405026477	8.390507566133024	1.299218405026477	1.2992275661330241
9	tecrdb_1526	44.3487	35.0107967406401	34.99014707690759	9.337903259359898	9.358552923092411
9	tecrdb_3146	-9.04982	-9.259767517855693	-9.259149517325007	0.2099475178556922	0.20932951732500626
9	tecrdb_2849	21.4448	13.815158746823897	13.815288830210932	7.6296412531761035	7.629511169789069
9	tecrdb_3575	12.8203	14.88586504901096	14.95037098466534	2.06556504901096	2.130070984665341
9	tecrdb_4151	4.90958	3.2009026384733517	3.20090219212382	1.7086773615266484	1.70867780787618
9	tecrdb_327	0.552646	1.5846831019967311	1.5791792933396778	1.0320371019967312	1.0265332933396778
9	tecrdb_3145	-9.41997	-9.259767517855693	-9.259149517325007	0.16020248214430666	0.1608204826749926
9	tecrdb_256	1.99274	1.5846831019967311	1.5791792933396778	0.40805689800326883	0.4135607066603222
9	tecrdb_2291	-0.100653	0.505063266571149	0.4947415002846043	0.605716266571149	0.5953945002846043
9	tecrdb_2946	-8.23253	-9.330707853501153	-9.330716665205017	1.0981778535011522	1.0981866652050165
9	tecrdb_4186	6.99294	3.2009026384733517	3.20090219212382	3.7920373615266483	3.79203780787618
9	tecrdb_1078	30.6696	21.164073796159926	21.283769562505185	9.505526203840073	9.385830437494814
9	tecrdb_1174	1.65465	1.5846831019967311	1.5791792933396778	0.06996689800326883	0.07547070666032218
9	tecrdb_1407	-5.7496	-8.57216270243554	-8.609860755957639	2.8225627024355395	2.860260755957639
9	tecrdb_3364	-10.7905	-7.493591112099196	-7.49027283813507	3.2969088879008037	3.30022716186493
9	tecrdb_4273	-16.2022	-15.874367940549092	-15.869285742256324	0.327832059450909	0.33291425774367767
9	tecrdb_92	5.86909	15.95310952453336	15.941794538682117	10.08401952453336	10.072704538682117
9	tecrdb_3771	-0.125817	-0.620358003959069	-0.39837166606899643	0.494541003959069	0.2725546660689964
9	tecrdb_753	10.8628	15.398944768212651	15.400242086617098	4.536144768212651	4.537442086617098
9	tecrdb_4430	-6.80542	11.672553582661362	11.904709493996164	18.477973582661363	18.710129493996163
9	tecrdb_3314	-1.00513	-2.4714568626209186	-2.476210519620196	1.4663268626209185	1.4710805196201957
9	tecrdb_1655	2.90242	5.467897988488055	5.464792560136807	2.5654779884880545	2.562372560136807
9	tecrdb_1502	-3.34995	-3.2896970172225792	-3.284543406501868	0.06025298277742097	0.06540659349813227
9	tecrdb_3452	-11.5003	-15.874367940549092	-15.869285742256324	4.374067940549093	4.368985742256324
9	tecrdb_2075	-3.22986	-3.8296653242854717	-3.7592742215645103	0.5998053242854717	0.5294142215645103
9	tecrdb_3179	-10.5444	-10.626552918466281	-10.628337756047046	0.08215291846628148	0.08393775604704601
9	tecrdb_445	-11.5266	-11.540129945960388	-11.543147154445819	0.01352994596038748	0.01654715444581889
9	tecrdb_308	1.76846	1.5846831019967311	1.5791792933396778	0.1837768980032688	0.18928070666032215
9	tecrdb_2266	10.7236	9.79924462635698	9.712887125665603	0.924355373643019	1.0107128743343967
9	tecrdb_751	13.8612	15.398944768212651	15.400242086617098	1.5377447682126508	1.5390420866170977
9	tecrdb_2801	0.744246	-0.005564475260399604	0.017060449487829032	0.7498104752603996	0.7271855505121709
9	tecrdb_2976	-9.38322	-9.330707853501153	-9.330716665205017	0.052512146498846946	0.05250333479498259
9	tecrdb_3015	12.0098	14.033087192438842	14.053566160887343	2.0232871924388416	2.0437661608873423
9	tecrdb_1055	-0.65039	6.1145528146286985	6.113079335398503	6.764942814628698	6.7634693353985025
9	tecrdb_1221	0.15956	-0.2846225796664559	-0.28425260299904487	0.4441825796664559	0.4438126029990449
9	tecrdb_546	17.5675	15.95310952453336	15.941794538682117	1.6143904754666387	1.6257054613178816
9	tecrdb_2471	10.3313	8.390498405026477	8.390507566133024	1.9408015949735233	1.9407924338669762
9	tecrdb_2676	-0.521785	1.5846831019967311	1.5791792933396778	2.106468101996731	2.1009642933396777
9	tecrdb_3964	-12.4113	-15.874367940549092	-15.869285742256324	3.4630679405490916	3.457985742256323
9	tecrdb_2256	-14.4834	-14.570644288057906	-14.572273861585458	0.08724428805790652	0.08887386158545851
9	tecrdb_2593	26.2372	24.90054197853938	24.74714560359105	1.3366580214606216	1.4900543964089508
9	tecrdb_2006	2.45642	1.5846831019967311	1.5791792933396778	0.8717368980032689	0.8772407066603223
9	tecrdb_1090	12.5704	13.192530456079126	13.21395460472505	0.6221304560791268	0.6435546047250504
9	tecrdb_3976	-15.8707	-15.874367940549092	-15.869285742256324	0.0036679405490929184	0.001414257743675762
9	tecrdb_2739	-3.48366	-3.2896970172225792	-3.284543406501868	0.19396298277742074	0.19911659349813204
9	tecrdb_1896	-6.07584	-4.722269097358125	-4.822167996602383	1.3535709026418754	1.2536720033976172
9	tecrdb_1579	10.7634	-7.201914674123557	-7.229570758008897	17.965314674123558	17.992970758008898
9	tecrdb_1358	19.226	15.95310952453336	15.941794538682117	3.272890475466639	3.2842054613178817
9	tecrdb_187	6.39788	8.390498405026477	8.390507566133024	1.9926184050264775	1.9926275661330246
9	tecrdb_1066	0.274563	1.5846831019967311	1.5791792933396778	1.310120101996731	1.3046162933396777
9	tecrdb_2615	7.0886	8.02581901031661	8.02560587634126	0.9372190103166105	0.9370058763412601
9	tecrdb_3817	8.8163	5.725593116148815	5.725712321058623	3.090706883851185	3.090587678941377
9	tecrdb_3188	-10.4184	-10.626552918466281	-10.628337756047046	0.20815291846628092	0.20993775604704545
9	tecrdb_3375	-9.81869	-7.493591112099196	-7.49027283813507	2.325098887900804	2.3284171618649303
9	tecrdb_16	-7.30609	-7.493591112099196	-7.49027283813507	0.18750111209919584	0.18418283813506964
9	tecrdb_1108	1.64501	1.5846831019967311	1.5791792933396778	0.06032689800326896	0.06583070666032231
9	tecrdb_1058	-11.8472	-14.543114905558951	-14.472621008461559	2.6959149055589506	2.625421008461558
9	tecrdb_2021	3.23489	1.5846831019967311	1.5791792933396778	1.650206898003269	1.6557107066603223
9	tecrdb_3973	-10.4033	-15.874367940549092	-15.869285742256324	5.4710679405490925	5.465985742256324
9	tecrdb_4427	-4.15031	-2.8210858775198204	-2.8210572016510227	1.3292241224801797	1.3292527983489775
9	tecrdb_930	-4.75641	-4.722269097358125	-4.822167996602383	0.03414090264187486	0.06575799660238335
9	tecrdb_4181	2.9397	3.2009026384733517	3.20090219212382	0.26120263847335146	0.2612021921238199
9	tecrdb_3801	-0.0	-4.982251013814299	-4.903939083871695	4.982251013814299	4.903939083871695
9	tecrdb_1339	-18.4268	-17.88457556217034	-17.884553457992865	0.5422244378296597	0.5422465420071347
9	tecrdb_1482	6.48816	5.467897988488055	5.464792560136807	1.020262011511945	1.0233674398631925
9	tecrdb_303	-0.313919	1.5846831019967311	1.5791792933397346	1.8986021019967312	1.8930982933397347
9	tecrdb_3165	-11.0058	-10.626552918466256	-10.628337756046982	0.37924708153374453	0.3774622439530191
9	tecrdb_2016	3.42504	1.5846831019967311	1.5791792933396778	1.840356898003269	1.8458607066603223
10	tecrdb_2824	17.8194	18.97117268953319	19.90663319390721	1.151772689533189	2.0872331939072097
10	tecrdb_238	10.2203	12.093160306883064	12.093013099118181	1.872860306883064	1.8727130991181813
10	tecrdb_2750	12.4509	14.464723553503376	14.464472007143769	2.013823553503375	2.013572007143768
10	tecrdb_2879	18.4893	21.186588115033388	21.18863038221933	2.6972881150333876	2.6993303822193297
10	tecrdb_4348	3.3109	6.051440225105715	6.047887404990959	2.7405402251057147	2.736987404990959
10	tecrdb_2634	26.8218	25.33417377570365	25.30242974260665	1.4876262242963492	1.5193702573933514
10	tecrdb_3592	0.316893	0.49931450809069133	0.5006082050914245	0.18242150809069135	0.18371520509142447
10	tecrdb_1218	-15.1017	-17.62775807700423	-17.815585253696455	2.5260580770042314	2.7138852536964553
10	tecrdb_2543	-20.6463	-14.985842740692185	-15.036537536414727	5.660457259307815	5.609762463585273
10	tecrdb_1562	-3.61584	-3.5948960237395795	-3.6029893660681296	0.020943976260420438	0.012850633931870359
10	tecrdb_3163	-12.4346	-10.788971694868138	-10.789749230967303	1.6456283051318614	1.644850769032697
10	tecrdb_2745	-0.368391	0.7347280484883072	0.7117968747065717	1.103119048488307	1.0801878747065716
10	tecrdb_3415	-20.1465	-15.51799458210536	-15.515100960271226	4.62850541789464	4.631399039728773
10	tecrdb_4354	3.64326	6.051440225105715	6.047887404990959	2.4081802251057147	2.404627404990959
10	tecrdb_2833	1.40655	1.626671892795727	1.62241683564082	0.22012189279572714	0.21586683564082
10	tecrdb_4238	4.25091	-2.5889027161921945	-2.5889058074638456	6.839812716192195	6.839815807463846
10	tecrdb_2583	10.4324	8.248679702380407	8.240611325106066	2.183720297619592	2.1917886748939335
10	tecrdb_4065	6.55703	12.11554778003753	11.993881926789754	5.558517780037531	5.436851926789754
10	tecrdb_2982	-8.9088	-9.328080103086478	-9.328104267151218	0.41928010308647856	0.4193042671512188
10	tecrdb_110	15.5998	16.53212935919035	16.404844052485714	0.9323293591903496	0.8050440524857141
10	tecrdb_3459	-13.7342	-15.51799458210536	-15.515100960271226	1.7837945821053598	1.780900960271227
10	tecrdb_4301	4.20112	6.051440225105715	6.047887404990959	1.8503202251057145	1.8467674049909588
10	tecrdb_2733	5.05762	1.85353914052763	2.1118505638414717	3.20408085947237	2.9457694361585283
10	tecrdb_2239	-14.7037	-13.905563089400829	-13.899749903305832	0.7981369105991707	0.8039500966941677
10	tecrdb_3403	-15.9732	-15.51799458210536	-15.515100960271226	0.455205417894641	0.45809903972877386
10	tecrdb_959	-5.68144	-6.9967470727066825	-6.950042607001549	1.3153070727066822	1.268602607001549
10	tecrdb_113	17.1095	16.53212935919035	16.404844052485714	0.5773706408096508	0.7046559475142864
10	tecrdb_2556	-17.6079	-15.51799458210536	-15.515100960271226	2.0899054178946415	2.0927990397287743
10	tecrdb_4174	3.03826	3.064752506677266	3.0647506259866404	0.02649250667726566	0.026490625986640204
10	tecrdb_2024	1.38879	1.626671892795727	1.62241683564082	0.23788189279572713	0.23362683564081999
10	tecrdb_2774	1.7932	0.058977865646966166	0.0836105850725346	1.7342221343530337	1.7095894149274653
10	tecrdb_2850	15.7368	13.07815392461437	13.078151595464277	2.658646075385631	2.6586484045357235
10	tecrdb_2943	-8.99815	-9.328080103086478	-9.328104267151218	0.3299301030864772	0.32995426715121745
10	tecrdb_2639	2.49514	3.1745745828099032	3.1586731693643735	0.6794345828099031	0.6635331693643733
10	tecrdb_734	5.75809	40.437092323348054	40.53398673899943	34.67900232334805	34.77589673899943
10	tecrdb_3245	-2.134	-2.6747758624192706	-2.6751361883266043	0.5407758624192707	0.5411361883266044
10	tecrdb_1207	6.94046	4.782308736583772	4.891795292750132	2.1581512634162276	2.048664707249868
10	tecrdb_3513	29.3891	20.833910463225223	20.801934175905473	8.555189536774776	8.587165824094527
10	tecrdb_2809	-7.25126	-6.661722802350404	-6.49892549350419	0.5895371976495962	0.75233450649581
10	tecrdb_364	12.9666	8.34502517658494	8.345030252884541	4.6215748234150595	4.621569747115458
10	tecrdb_3828	8.81877	5.702421503696073	5.70248323603883	3.116348496303928	3.1162867639611704
10	tecrdb_3532	-17.5342	-15.51799458210536	-15.515100960271226	2.016205417894639	2.019099039728772
10	tecrdb_251	7.32907	6.389271560410407	6.424093364194555	0.9397984395895929	0.9049766358054452
10	tecrdb_4275	-11.0133	-15.51799458210536	-15.515100960271226	4.50469458210536	4.501800960271227
10	tecrdb_3925	5.87305	5.3045221329250865	5.302158795161713	0.5685278670749137	0.5708912048382873
10	tecrdb_1848	20.4729	20.312689345288987	20.313269775256288	0.1602106547110118	0.15963022474371158
10	tecrdb_748	10.9267	15.244008998187084	15.24538147545259	4.317308998187084	4.318681475452589
10	tecrdb_3834	12.5832	13.494107675193078	13.518500107751521	0.9109076751930782	0.9353001077515213
10	tecrdb_4164	4.90793	3.064752506677266	3.0647506259866404	1.8431774933227345	1.84317937401336
10	tecrdb_2385	-1.04559	-37.072527142911326	-36.98000824626797	36.02693714291133	35.934418246267974
10	tecrdb_2391	3.19135	-0.565011508119909	-0.5697882362659925	3.756361508119909	3.7611382362659924
10	tecrdb_3294	26.5631	26.046930943618634	26.035797766086887	0.516169056381365	0.5273022339131117
10	tecrdb_450	-11.6094	-11.35646098484051	-11.359095692442565	0.252939015159491	0.2503043075574354
10	tecrdb_540	-4.15031	-4.744646267023434	-4.845788156344906	0.5943362670234338	0.6954781563449055
10	tecrdb_366	13.0805	8.34502517658494	8.345030252884541	4.7354748234150605	4.735469747115459
10	tecrdb_523	5.26118	8.34502517658494	8.345030252884541	3.0838451765849397	3.083850252884541
10	tecrdb_2071	-2.89114	-3.9286674460323994	-3.8566024523574995	1.0375274460323993	0.9654624523574995
10	tecrdb_1212	24.4059	29.886251994934938	29.884574493899507	5.480351994934939	5.478674493899508
10	tecrdb_1852	19.1391	20.312689345288987	20.313269775256288	1.1735893452889883	1.1741697752562885
10	tecrdb_3202	6.51317	7.9693634555973425	7.9693520735429715	1.4561934555973428	1.4561820735429718
10	tecrdb_3439	-10.711	-15.51799458210536	-15.515100960271226	4.806994582105359	4.804100960271226
10	tecrdb_2278	7.47637	14.323390429546976	14.323320420057172	6.847020429546975	6.846950420057172
10	tecrdb_1781	35.3537	34.38718425468468	34.37438863213475	0.9665157453153199	0.9793113678652503
10	tecrdb_3514	20.1927	20.833910463225223	20.801934175905473	0.6412104632252245	0.609234175905474
10	tecrdb_2673	0.884648	1.626671892795727	1.62241683564082	0.7420238927957271	0.73776883564082
10	tecrdb_1815	32.8581	34.38718425468468	34.37438863213475	1.5290842546846832	1.5162886321347528
10	tecrdb_4454	14.8526	20.833910463225223	20.801934175905473	5.981310463225222	5.949334175905472
10	tecrdb_4503	28.4668	23.091976928715496	23.000690920013525	5.374823071284503	5.466109079986474
10	tecrdb_3860	-0.332762	0.7347280484883072	0.7117968747065717	1.0674900484883072	1.0445588747065717
10	tecrdb_1390	24.0211	24.61582950438101	24.48796994535121	0.5947295043810108	0.46686994535120974
10	tecrdb_1994	2.60956	1.626671892795727	1.62241683564082	0.982888107204273	0.9871431643591801
10	tecrdb_3900	3.68015	-1.306986037427393	-1.3040356711709862	4.987136037427392	4.9841856711709855
10	tecrdb_3327	0.356648	0.7347280484883072	0.7117968747065717	0.3780800484883072	0.3551488747065717
10	tecrdb_2465	12.5528	8.34502517658494	8.345030252884541	4.207774823415059	4.207769747115458
10	tecrdb_1497	-3.86137	-3.5948960237395795	-3.6029893660681296	0.26647397626042046	0.2583806339318704
10	tecrdb_3541	-18.9889	-15.51799458210536	-15.515100960271226	3.4709054178946417	3.4737990397287746
10	tecrdb_1720	-0.125817	-2.524812832451701	-2.0352491248234514	2.398995832451701	1.9094321248234514
10	tecrdb_2797	1.11445	0.058977865646966166	0.0836105850725346	1.0554721343530338	1.0308394149274653
10	tecrdb_2049	-2.22136	-3.9286674460323994	-3.8566024523574995	1.7073074460323996	1.6352424523574998
10	tecrdb_3279	30.7442	26.046930943618634	26.035797766086887	4.697269056381366	4.708402233913112
10	tecrdb_3125	-16.7728	-14.985842740692185	-15.036537536414727	1.7869572593078153	1.7362624635852733
10	tecrdb_75	4.95565	163.44769499499307	163.39775641214717	158.49204499499308	158.44210641214718
10	tecrdb_4340	-0.135147	0.7347280484883072	0.7117968747065717	0.8698750484883072	0.8469438747065717
10	tecrdb_859	-7.529	-7.20574597477804	-7.205559513166975	0.32325402522196	0.3234404868330252
10	tecrdb_1988	0.371003	1.626671892795727	1.62241683564082	1.2556688927957271	1.25141383564082
10	tecrdb_2165	2.89179	0.7347280484883072	0.7117968747065717	2.1570619515116927	2.179993125293428
10	tecrdb_2691	-0.0250801	1.626671892795727	1.62241683564082	1.6517519927957272	1.64749693564082
10	tecrdb_3296	32.2876	26.046930943618634	26.035797766086887	6.240669056381364	6.251802233913111
10	tecrdb_1604	-3.12526	35.087164625015944	34.61506383195572	38.21242462501594	37.74032383195572
10	tecrdb_3092	-20.2174	-15.51799458210536	-15.515100960271226	4.699405417894642	4.702299039728775
10	tecrdb_1767	-3.87613	-3.5948960237395795	-3.6029893660681296	0.28123397626042035	0.27314063393187027
10	tecrdb_1034	8.75113	4.782308736583772	4.891795292750132	3.9688212634162277	3.859334707249868
10	tecrdb_2920	22.4565	15.711134018054125	15.697829717069368	6.745365981945874	6.75867028293063
10	tecrdb_1522	44.6589	34.38718425468468	34.37438863213475	10.27171574531532	10.28451136786525
10	tecrdb_4130	4.25091	0.12785690114979742	0.029092054899808595	4.123053098850203	4.221817945100192
10	tecrdb_3667	-11.7989	-10.788971694868138	-10.789749230967303	1.0099283051318615	1.009150769032697
10	tecrdb_4537	16.7203	-222.7209436214285	-222.9438724161609	239.4412436214285	239.6641724161609
10	tecrdb_512	8.38233	7.9693634555973425	7.9693520735429715	0.4129665444026571	0.41297792645702813
10	tecrdb_4277	-15.1823	-15.51799458210536	-15.515100960271226	0.33569458210535963	0.33280096027122674
10	tecrdb_435	-11.3941	-11.35646098484051	-11.359095692442565	0.037639015159490086	0.035004307557434444
10	tecrdb_671	1.36062	2.919007719169315	2.919022601003654	1.558387719169315	1.558402601003654
10	tecrdb_2995	6.37685	40.437092323348054	40.53398673899943	34.06024232334806	34.157136738999434
10	tecrdb_325	1.90245	1.626671892795727	1.62241683564082	0.27577810720427287	0.28003316435918
10	tecrdb_196	7.55083	8.34502517658494	8.345030252884541	0.7941951765849398	0.7942002528845409
10	tecrdb_1653	7.13287	6.051440225105715	6.047887404990959	1.0814297748942847	1.0849825950090404
10	tecrdb_1833	23.3242	22.517216850414314	22.55928554395817	0.8069831495856867	0.7649144560418328
10	tecrdb_1127	1.13359	1.626671892795727	1.62241683564082	0.493081892795727	0.48882683564081986
10	tecrdb_2336	-20.4312	-86.16909401475911	-85.93292682684194	65.7378940147591	65.50172682684193
10	tecrdb_2457	8.99984	8.34502517658494	8.345030252884541	0.6548148234150606	0.6548097471154595
10	tecrdb_693	-10.7914	-3.9456947223529255	-3.721351766395003	6.845705277647074	7.070048233604997
10	tecrdb_1076	0.356157	1.626671892795727	1.62241683564082	1.270514892795727	1.26625983564082
10	tecrdb_1521	46.3444	34.38718425468468	34.37438863213475	11.957215745315317	11.970011367865247
10	tecrdb_474	-10.8192	-11.35646098484051	-11.359095692442565	0.5372609848405094	0.5398956924425651
10	tecrdb_3011	14.5805	14.083415706101178	14.102887888560801	0.4970842938988227	0.4776121114391998
10	tecrdb_3366	-10.4343	-7.680595080945757	-7.670722760820919	2.7537049190542433	2.7635772391790816
10	tecrdb_2450	1.79953	3.3691993199925037	3.3909161831374703	1.5696693199925036	1.5913861831374703
10	tecrdb_2764	33.1852	24.61582950438101	24.48796994535121	8.56937049561899	8.697230054648792
10	tecrdb_3997	-21.8583	-19.804618606318712	-19.739298841441723	2.0536813936812877	2.1190011585582766
10	tecrdb_4515	0.997726	-3.8440803014640643	-3.856530057902545	4.841806301464064	4.854256057902545
10	tecrdb_2246	-14.3857	-13.905563089400829	-13.899749903305832	0.4801369105991711	0.4859500966941681
10	tecrdb_2796	0.609824	0.058977865646966166	0.0836105850725346	0.5508461343530339	0.5262134149274654
10	tecrdb_2421	14.8712	16.076479304691382	16.077060734737465	1.2052793046913823	1.205860734737465
10	tecrdb_274	9.63653	8.636125032117906	8.583544941137838	1.000404967882094	1.0529850588621628
10	tecrdb_17	-9.16828	-7.680595080945757	-7.670722760820919	1.4876849190542423	1.4975572391790806
10	tecrdb_1897	-6.06905	-4.744646267023434	-4.845788156344906	1.3244037329765659	1.2232618436550942
10	tecrdb_1981	2.49165	1.626671892795727	1.62241683564082	0.8649781072042728	0.86923316435918
10	tecrdb_2622	-7.02341	2.687571718547833	2.124167157253133	9.710981718547833	9.147577157253133
10	tecrdb_1186	1.59262	1.626671892795727	1.62241683564082	0.03405189279572718	0.02979683564082003
10	tecrdb_2509	-13.6068	-17.847382741687767	-17.860628632495406	4.240582741687767	4.253828632495406
10	tecrdb_1107	1.76836	1.626671892795727	1.62241683564082	0.14168810720427283	0.14594316435917998
10	tecrdb_2306	13.9009	24.61582950438101	24.48796994535121	10.714929504381011	10.58706994535121
10	tecrdb_4380	8.00836	8.34502517658494	8.345030252884541	0.33666517658494044	0.33667025288454155
10	tecrdb_2558	-20.2049	-15.51799458210536	-15.515100960271226	4.686905417894639	4.689799039728772
10	tecrdb_1773	-6.42857	-11.455424976500744	-11.27884254084799	5.026854976500744	4.85027254084799
10	tecrdb_534	4.5694	8.34502517658494	8.345030252884541	3.7756251765849402	3.7756302528845413
10	tecrdb_2062	-3.67846	-3.9286674460323994	-3.8566024523574995	0.2502074460323995	0.1781424523574997
10	tecrdb_3287	31.932	26.046930943618634	26.035797766086887	5.885069056381365	5.896202233913112
10	tecrdb_3404	-15.151	-15.51799458210536	-15.515100960271226	0.3669945821053595	0.3641009602712266
10	tecrdb_4138	-6.15599	-4.744646267023434	-4.845788156344906	1.4113437329765661	1.3102018436550944
10	tecrdb_2073	-2.89114	-3.9286674460323994	-3.8566024523574995	1.0375274460323993	0.9654624523574995
10	tecrdb_1447	-0.324813	1.626671892795727	1.62241683564082	1.9514848927957271	1.94722983564082
10	tecrdb_1060	-12.0802	-14.491069803772632	-14.38381624994156	2.4108698037726324	2.3036162499415607
10	tecrdb_4356	4.94577	6.051440225105715	6.047887404990959	1.1056702251057144	1.1021174049909588
10	tecrdb_1538	-2.20664	5.702421503696073	5.70248323603883	7.909061503696073	7.90912323603883
10	tecrdb_131	3.03465	1.626671892795727	1.62241683564082	1.407978107204273	1.4122331643591801
10	tecrdb_2268	-1.00513	-1.306986037427393	-1.3040356711709862	0.30185603742739286	0.2989056711709861
10	tecrdb_3086	-15.6689	-15.51799458210536	-15.515100960271226	0.1509054178946414	0.1537990397287743
10	tecrdb_467	-11.9395	-11.35646098484051	-11.359095692442565	0.5830390151594909	0.5804043075574352
10	tecrdb_43	-13.1444	-15.010916432168386	-14.959381794097908	1.8665164321683871	1.8149817940979087
10	tecrdb_2029	18.8423	19.340842939677636	19.340625567225807	0.49854293967763397	0.49832556722580534
10	tecrdb_2372	-6.98839	-7.613800978402303	-7.585709070856865	0.6254109784023028	0.597319070856865
10	tecrdb_2902	9.79194	9.144847264783841	9.145744266900522	0.6470927352161588	0.6461957330994785
10	tecrdb_3312	-21.885	0.8413368628153535	1.2934630863840084	22.726336862815355	23.17846308638401
10	tecrdb_4168	5.57292	3.064752506677266	3.0647506259866404	2.508167493322734	2.5081693740133595
10	tecrdb_3831	8.93435	5.702421503696073	5.70248323603883	3.2319284963039276	3.23186676396117
10	tecrdb_1972	1.12968	1.626671892795727	1.62241683564082	0.4969918927957271	0.49273683564081994
10	tecrdb_2642	0.432215	1.2583631222159326	1.2583287940767889	0.8261481222159326	0.8261137940767889
10	tecrdb_18	-13.3921	-15.010916432168386	-14.959381794097908	1.618816432168387	1.5672817940979087
10	tecrdb_1874	23.9384	20.789018680580064	20.604366658727457	3.1493813194199376	3.3340333412725442
10	tecrdb_1673	1.47751	6.051440225105715	6.047887404990959	4.573930225105714	4.570377404990959
10	tecrdb_3589	0.814347	-3.8440803014640643	-3.856530057902545	4.658427301464064	4.670877057902545
10	tecrdb_1560	-0.490965	0.7347280484883072	0.7117968747065717	1.2256930484883073	1.2027618747065718
10	tecrdb_65	-15.9205	-4.729022887237207	-4.72535172930391	11.191477112762794	11.195148270696091
10	tecrdb_3640	-26.5798	-38.793221253858235	-38.81611812549079	12.213421253858236	12.23631812549079
10	tecrdb_2999	42.2755	34.38718425468468	34.37438863213475	7.888315745315317	7.901111367865248
10	tecrdb_4420	3.06864	2.921249665130537	2.9239477366904474	0.14739033486946296	0.14469226330955243
10	tecrdb_4318	-4.83795	-4.833749066847396	-4.833845162739257	0.004200933152604058	0.004104837260743288
10	tecrdb_1422	0.516702	0.7347280484883072	0.7117968747065717	0.2180260484883072	0.19509487470657172
10	tecrdb_2596	26.6261	24.61582950438101	24.48796994535121	2.0102704956189896	2.1381300546487907
10	tecrdb_13	-7.59291	-7.680595080945757	-7.670722760820919	0.08768508094575722	0.07781276082091892
10	tecrdb_1974	1.79891	1.626671892795727	1.62241683564082	0.1722381072042729	0.17649316435918005
10	tecrdb_2645	13.917	12.538295969591026	12.58899627188557	1.378704030408974	1.32800372811443
10	tecrdb_2193	-9.93839	-7.680595080945757	-7.670722760820919	2.257794919054243	2.2676672391790813
10	tecrdb_3859	-0.166247	0.7347280484883072	0.7117968747065717	0.9009750484883072	0.8780438747065717
10	tecrdb_674	-0.128271	2.919007719169315	2.919022601003654	3.0472787191693147	3.0472936010036538
10	tecrdb_2151	-4.59883	-3.870264524217987	-3.870288060855998	0.7285654757820135	0.7285419391440024
10	tecrdb_53	1.44798	1.626671892795727	1.62241683564082	0.17869189279572706	0.1744368356408199
10	tecrdb_4466	6.26117	3.018906386512043	3.9543576023989147	3.2422636134879568	2.3068123976010853
10	tecrdb_735	0.491951	-2.524812832451701	-2.0352491248234514	3.0167638324517014	2.5272001248234517
10	tecrdb_3200	13.8807	9.836461666194424	10.263885807770947	4.044238333805575	3.616814192229052
10	tecrdb_2078	-3.65587	-3.9286674460323994	-3.8566024523574995	0.2727974460323992	0.20073245235749937
10	tecrdb_4389	12.9374	12.538295969591026	12.58899627188557	0.39910403040897435	0.3484037281144303
10	tecrdb_4199	5.06801	3.064752506677266	3.0647506259866404	2.0032574933227343	2.0032593740133597
10	tecrdb_2319	4.09981	2.687571718547833	2.124167157253133	1.4122382814521668	1.9756428427468666
10	tecrdb_1170	2.01274	1.626671892795727	1.62241683564082	0.38606810720427287	0.39032316435918
10	tecrdb_2789	-0.0	0.058977865646966166	0.0836105850725346	0.058977865646966166	0.0836105850725346
10	tecrdb_3210	-9.90525	-9.92218578909267	-9.922274018639097	0.016935789092668685	0.01702401863909664
10	tecrdb_4368	-4.3405	6.051440225105715	6.047887404990959	10.391940225105714	10.388387404990958
10	tecrdb_3553	-7.90163	-5.985087491223947	-6.154441491472447	1.916542508776053	1.747188508527553
10	tecrdb_2847	-13.7885	-19.990190874885286	-19.761549863098907	6.201690874885285	5.973049863098906
10	tecrdb_3837	23.4428	23.360533623426754	23.31925603454505	0.08226637657324432	0.1235439654549495
10	tecrdb_3293	32.0349	26.046930943618634	26.035797766086887	5.987969056381367	5.9991022339131135
10	tecrdb_2804	1.89271	2.5795081549145493	2.573201709606053	0.6867981549145494	0.6804917096060532
10	tecrdb_60	8.79669	-0.08350596216108386	-0.08386216836898086	8.880195962161084	8.88055216836898
10	tecrdb_841	5.05762	7.993602385499933	7.962441649397302	2.9359823854999334	2.9048216493973023
10	tecrdb_3426	-17.5004	-15.51799458210536	-15.515100960271226	1.9824054178946398	1.9852990397287726
10	tecrdb_399	-2.55238	-4.744646267023434	-4.845788156344906	2.192266267023434	2.293408156344906
10	tecrdb_3041	22.847	26.046930943618634	26.035797766086887	3.1999309436186323	3.1887977660868856
10	tecrdb_2208	3.28264	-0.8166134638937308	-1.1015907783729233	4.099253463893731	4.384230778372923
10	tecrdb_3854	6.59229	6.97725509308113	6.97716997362933	0.3849650930811297	0.3848799736293298
10	tecrdb_1049	-0.0548525	0.7347280484883072	0.7117968747065717	0.7895805484883072	0.7666493747065717
10	tecrdb_2169	-7.18893	-7.680595080945757	-7.670722760820919	0.491665080945757	0.4817927608209187
10	tecrdb_3861	0.468456	0.7347280484883072	0.7117968747065717	0.2662720484883072	0.24334087470657173
10	tecrdb_2826	21.4468	18.97117268953319	19.90663319390721	2.475627310466809	1.5401668060927882
10	tecrdb_1140	0.452959	1.626671892795727	1.62241683564082	1.1737128927957272	1.16945783564082
10	tecrdb_359	12.8676	8.34502517658494	8.345030252884541	4.522574823415059	4.522569747115458
10	tecrdb_2852	27.7059	14.378386043766213	14.383882692309186	13.327513956233787	13.322017307690814
10	tecrdb_328	-0.823176	1.626671892795727	1.62241683564082	2.4498478927957272	2.44559283564082
10	tecrdb_358	12.8676	8.34502517658494	8.345030252884541	4.522574823415059	4.522569747115458
10	tecrdb_149	3.43656	14.841871827093222	14.841050378388779	11.405311827093222	11.404490378388779
10	tecrdb_3512	-11.271	-16.283600970985404	-17.78246603665417	5.012600970985403	6.51146603665417
10	tecrdb_310	1.94523	1.626671892795727	1.62241683564082	0.3185581072042729	0.32281316435918006
10	tecrdb_3875	4.26472	-0.8166134638937308	-1.1015907783729233	5.08133346389373	5.366310778372923
10	tecrdb_3709	-12.0431	-10.788971694868138	-10.789749230967303	1.2541283051318626	1.2533507690326982
10	tecrdb_242	7.68748	7.296729582908519	7.191266441765116	0.39075041709148106	0.4962135582348841
10	tecrdb_2314	2.12391	2.687571718547833	2.124167157253133	0.563661718547833	0.0002571572531331334
10	tecrdb_4439	26.7115	29.388812024188695	29.358836128155843	2.6773120241886943	2.6473361281558425
10	tecrdb_1716	11.2172	12.03111382911073	12.03120472282637	0.8139138291107297	0.81400472282637
10	tecrdb_4443	33.2595	29.388812024188695	29.358836128155843	3.8706879758113075	3.9006638718441593
10	tecrdb_2563	-14.7982	-15.51799458210536	-15.515100960271226	0.7197945821053597	0.7169009602712269
10	tecrdb_2466	12.3037	8.34502517658494	8.345030252884541	3.958674823415059	3.958669747115458
10	tecrdb_1466	18.242	24.61582950438101	24.48796994535121	6.3738295043810105	6.245969945351209
10	tecrdb_3904	-0.246572	6.606416191412038	6.310378158587731	6.852988191412038	6.556950158587732
10	tecrdb_2773	1.5941	0.058977865646966166	0.0836105850725346	1.535122134353034	1.5104894149274655
10	tecrdb_96	10.9782	16.53212935919035	16.404844052485714	5.5539293591903505	5.426644052485715
10	tecrdb_2047	-2.39711	-3.9286674460323994	-3.8566024523574995	1.5315574460323993	1.4594924523574995
10	tecrdb_3479	9.2252	14.323390429546976	14.323320420057172	5.098190429546976	5.098120420057173
10	tecrdb_415	8.83552	10.86349817893128	10.94752995721889	2.0279781789312796	2.1120099572188895
10	tecrdb_385	-8.28988	-8.027844899424075	-8.027953290435526	0.2620351005759254	0.2619267095644737
10	tecrdb_3258	5.74799	2.687571718547833	2.124167157253133	3.0604182814521668	3.6238228427468666
10	tecrdb_1321	35.971	34.38718425468468	34.37438863213475	1.583815745315313	1.5966113678652434
10	tecrdb_2555	-16.2671	-15.51799458210536	-15.515100960271226	0.7491054178946399	0.7519990397287728
10	tecrdb_3135	-1.21201	-21.665728473365036	-21.40210864698207	20.453718473365036	20.190098646982072
10	tecrdb_3046	25.8757	26.046930943618634	26.035797766086887	0.17123094361863522	0.16009776608688853
10	tecrdb_2044	-3.30941	-3.9286674460323994	-3.8566024523574995	0.6192574460323992	0.5471924523574994
10	tecrdb_3784	37.552	34.38718425468468	34.37438863213475	3.164815745315316	3.1776113678652465
10	tecrdb_3678	-10.4033	-10.788971694868138	-10.789749230967303	0.38567169486813846	0.3864492309673029
10	tecrdb_1841	22.2912	20.312689345288987	20.313269775256288	1.9785106547110125	1.9779302247437123
10	tecrdb_1335	35.7861	34.38718425468468	34.37438863213475	1.398915745315314	1.4117113678652444
10	tecrdb_798	23.8559	20.833910463225223	20.801934175905473	3.0219895367747753	3.0539658240945258
10	tecrdb_339	12.3359	8.34502517658494	8.345030252884541	3.9908748234150604	3.9908697471154593
10	tecrdb_1169	3.29212	1.626671892795727	1.62241683564082	1.665448107204273	1.6697031643591802
10	tecrdb_2601	26.6109	24.61582950438101	24.48796994535121	1.9950704956189895	2.1229300546487906
10	tecrdb_1523	46.312	34.38718425468468	34.37438863213475	11.924815745315314	11.937611367865244
10	tecrdb_3346	1.947	-10.792440064218141	-11.170700218782514	12.73944006421814	13.117700218782513
10	tecrdb_834	8.95791	2.519333891739251	2.5192931508325387	6.438576108260749	6.438616849167461
10	tecrdb_708	9.90574	13.494107675193078	13.518500107751521	3.588367675193078	3.6127601077515212
10	tecrdb_1056	-11.6931	-14.491069803772632	-14.38381624994156	2.7979698037726326	2.690716249941561
10	tecrdb_3818	8.63543	5.702421503696073	5.70248323603883	2.933008496303927	2.9329467639611693
10	tecrdb_4294	-2.84216	-105.17862654802055	-105.03917797137294	102.33646654802055	102.19701797137293
10	tecrdb_2562	-13.1852	-15.51799458210536	-15.515100960271226	2.3327945821053593	2.3299009602712264
10	tecrdb_2705	-14.7596	-16.283600970985404	-17.78246603665417	1.5240009709854032	3.02286603665417
10	tecrdb_3961	-20.5971	-15.51799458210536	-15.515100960271226	5.079105417894642	5.081999039728775
10	tecrdb_1458	4.4944	3.568391823015496	3.5705458556436938	0.9260081769845039	0.923854144356306
10	tecrdb_2821	20.2412	18.97117268953319	19.90663319390721	1.2700273104668085	0.33456680609278777
10	tecrdb_1150	2.80916	1.626671892795727	1.62241683564082	1.1824881072042728	1.18674316435918
10	tecrdb_306	2.57759	1.626671892795727	1.62241683564082	0.9509181072042727	0.9551731643591799
10	tecrdb_2341	-6.61194	-7.680595080945757	-7.670722760820919	1.0686550809457573	1.058782760820919
10	tecrdb_1138	-0.553163	1.626671892795727	1.62241683564082	2.179834892795727	2.17557983564082
10	tecrdb_3153	-10.1154	-10.788971694868138	-10.789749230967303	0.673571694868139	0.6743492309673034
10	tecrdb_4049	0.940008	1.626671892795727	1.62241683564082	0.6866638927957271	0.68240883564082
10	tecrdb_709	11.5692	13.494107675193078	13.518500107751521	1.9249076751930776	1.9493001077515206
10	tecrdb_2119	-4.11068	-3.9286674460323994	-3.8566024523574995	0.18201255396760097	0.2540775476425008
10	tecrdb_1696	-0.200381	6.051440225105715	6.047887404990959	6.251821225105715	6.248268404990959
10	tecrdb_1182	4.65379	1.626671892795727	1.62241683564082	3.0271181072042728	3.03137316435918
10	tecrdb_3992	-14.3857	-13.110179191410552	-13.184944995037895	1.275520808589448	1.2007550049621045
10	tecrdb_1195	16.6721	26.046930943618634	26.035797766086887	9.374830943618633	9.363697766086887
10	tecrdb_3602	-2.60337	-3.5948960237395795	-3.6029893660681296	0.9915260237395795	0.9996193660681296
10	tecrdb_3381	-9.91137	-7.680595080945757	-7.670722760820919	2.2307749190542427	2.240647239179081
10	tecrdb_2754	-3.29633	-2.5889027161921945	-2.5889058074638456	0.7074272838078057	0.7074241925361546
10	tecrdb_1496	-3.96709	-3.5948960237395795	-3.6029893660681296	0.3721939762604203	0.3641006339318702
10	tecrdb_2513	-13.2787	-17.847382741687767	-17.860628632495406	4.568682741687766	4.581928632495405
10	tecrdb_1439	2.46471	1.626671892795727	1.62241683564082	0.8380381072042731	0.8422931643591802
10	tecrdb_130	2.30456	0.7347280484883072	0.7117968747065717	1.5698319515116927	1.5927631252934282
10	tecrdb_3441	-17.6203	-15.51799458210536	-15.515100960271226	2.102305417894641	2.105199039728774
10	tecrdb_1982	2.41825	1.626671892795727	1.62241683564082	0.7915781072042729	0.7958331643591801
10	tecrdb_1025	5.74296	4.782308736583772	4.891795292750132	0.9606512634162279	0.8511647072498683
10	tecrdb_3035	21.3856	24.61582950438101	24.48796994535121	3.230229504381011	3.10236994535121
10	tecrdb_2101	-3.84161	-3.9286674460323994	-3.8566024523574995	0.08705744603239918	0.014992452357499353
10	tecrdb_352	12.8397	8.34502517658494	8.345030252884541	4.49467482341506	4.494669747115459
10	tecrdb_3182	-10.1102	-10.788971694868138	-10.789749230967303	0.6787716948681375	0.6795492309673019
10	tecrdb_492	22.4008	30.543103953220594	30.51785857423218	8.142303953220594	8.117058574232178
10	tecrdb_3840	2.19859	1.626671892795727	1.62241683564082	0.5719181072042727	0.5761731643591799
10	tecrdb_3995	-17.4112	-19.804618606318712	-19.739298841441723	2.3934186063187113	2.3280988414417223
10	tecrdb_4248	13.917	8.34502517658494	8.345030252884541	5.57197482341506	5.571969747115459
10	tecrdb_3814	6.70078	12.538295969591026	12.58899627188557	5.837515969591026	5.88821627188557
10	tecrdb_3643	1.6863	2.9076467972877964	2.298103498097767	1.2213467972877965	0.6118034980977669
10	tecrdb_4478	3.28502	0.7347280484883072	0.7117968747065717	2.5502919515116926	2.573223125293428
10	tecrdb_2043	17.6772	309.18660822710603	309.99143881538237	291.50940822710606	292.3142388153824
10	tecrdb_4043	0.0994989	1.626671892795727	1.62241683564082	1.5271729927957272	1.52291793564082
10	tecrdb_3957	-10.9926	-15.51799458210536	-15.515100960271226	4.52539458210536	4.522500960271227
10	tecrdb_1355	20.869	15.711134018054125	15.697829717069368	5.157865981945875	5.171170282930632
10	tecrdb_2880	23.6068	21.186588115033388	21.18863038221933	2.420211884966612	2.41816961778067
10	tecrdb_1121	0.686849	1.626671892795727	1.62241683564082	0.9398228927957271	0.9355678356408199
10	tecrdb_2805	1.78744	3.608286270891945	3.340214399315993	1.820846270891945	1.5527743993159933
10	tecrdb_1298	22.1816	15.711134018054125	15.697829717069368	6.470465981945875	6.483770282930632
10	tecrdb_4490	3.06915	0.7347280484883072	0.7117968747065717	2.334421951511693	2.3573531252934283
10	tecrdb_1319	-0.470158	-0.49003872328837517	-0.49054312323948324	0.019880723288375146	0.020385123239483216
10	tecrdb_2214	3.04312	0.7347280484883072	0.7117968747065717	2.308391951511693	2.3313231252934283
10	tecrdb_4363	3.26421	6.051440225105715	6.047887404990959	2.787230225105715	2.7836774049909594
10	tecrdb_4480	3.03915	0.7347280484883072	0.7117968747065717	2.3044219515116926	2.327353125293428
10	tecrdb_3544	-15.2246	-15.51799458210536	-15.515100960271226	0.29339458210535874	0.29050096027122585
10	tecrdb_1783	35.6269	34.38718425468468	34.37438863213475	1.2397157453153156	1.252511367865246
10	tecrdb_4341	-0.368391	0.7347280484883072	0.7117968747065717	1.103119048488307	1.0801878747065716
10	tecrdb_194	6.66699	8.34502517658494	8.345030252884541	1.67803517658494	1.678040252884541
10	tecrdb_441	-11.5948	-11.35646098484051	-11.359095692442565	0.23833901515948952	0.23570430755743388
10	tecrdb_677	2.38559	2.919007719169315	2.919022601003654	0.5334177191693148	0.5334326010036539
10	tecrdb_665	-5.1821	2.919007719169315	2.919022601003654	8.101107719169315	8.101122601003654
10	tecrdb_2704	-15.5266	-16.283600970985404	-17.78246603665417	0.7570009709854038	2.2558660366541705
10	tecrdb_3259	4.07805	2.687571718547833	2.124167157253133	1.3904782814521672	1.953882842746867
10	tecrdb_294	-8.30061	69.33337557404471	69.33248121697221	77.63398557404471	77.63309121697222
10	tecrdb_459	-11.4842	-11.35646098484051	-11.359095692442565	0.1277390151594897	0.12510430755743407
10	tecrdb_3458	-13.7342	-15.51799458210536	-15.515100960271226	1.7837945821053598	1.780900960271227
10	tecrdb_3876	3.01327	-0.8166134638937308	-1.1015907783729233	3.8298834638937307	4.114860778372924
10	tecrdb_1809	31.4219	34.38718425468468	34.37438863213475	2.9652842546846827	2.9524886321347523
10	tecrdb_4175	2.46937	3.064752506677266	3.0647506259866404	0.5953825066772658	0.5953806259866403
10	tecrdb_3846	3.30957	1.626671892795727	1.62241683564082	1.6828981072042728	1.68715316435918
10	tecrdb_15	-5.19589	-7.680595080945757	-7.670722760820919	2.4847050809457567	2.4748327608209184
10	tecrdb_3419	-14.6977	-15.51799458210536	-15.515100960271226	0.82029458210536	0.8174009602712271
10	tecrdb_4112	13.2577	20.833910463225223	20.801934175905473	7.576210463225223	7.544234175905473
10	tecrdb_157	-5.62082	-3.6964466281826844	-3.6966311260372606	1.9243733718173157	1.9241888739627395
10	tecrdb_2521	14.4394	21.271190009657353	21.25606219140073	6.831790009657354	6.816662191400731
10	tecrdb_1344	16.7348	24.61582950438101	24.48796994535121	7.8810295043810115	7.75316994535121
10	tecrdb_3490	-9.75799	-9.534591242456429	-9.192005397869963	0.22339875754357053	0.5659846021300368
10	tecrdb_4524	-0.282451	0.7347280484883072	0.7117968747065717	1.0171790484883072	0.9942478747065717
10	tecrdb_2552	-13.988	-15.51799458210536	-15.515100960271226	1.5299945821053598	1.5271009602712269
10	tecrdb_2672	-0.521785	1.626671892795727	1.62241683564082	2.148456892795727	2.14420183564082
10	tecrdb_3781	27.4728	34.38718425468468	34.37438863213475	6.914384254684684	6.901588632134754
10	tecrdb_29	-13.2648	-15.010916432168386	-14.959381794097908	1.746116432168387	1.6945817940979087
10	tecrdb_3140	23.3709	25.33417377570365	25.30242974260665	1.9632737757036516	1.9315297426066493
10	tecrdb_3970	-16.4918	-15.51799458210536	-15.515100960271226	0.973805417894642	0.9766990397287749
10	tecrdb_2541	-15.4504	-14.985842740692185	-15.036537536414727	0.46455725930781533	0.41386246358527323
10	tecrdb_1326	33.2881	34.38718425468468	34.37438863213475	1.0990842546846835	1.0862886321347531
10	tecrdb_947	-6.03282	-6.9967470727066825	-6.950042607001549	0.9639270727066824	0.9172226070015492
10	tecrdb_3816	1.89818	5.702421503696073	5.70248323603883	3.8042415036960726	3.8043032360388302
10	tecrdb_2698	-0.0745038	1.626671892795727	1.62241683564082	1.7011756927957271	1.69692063564082
10	tecrdb_2998	37.6402	34.38718425468468	34.37438863213475	3.2530157453153166	3.265811367865247
10	tecrdb_114	20.1534	16.53212935919035	16.404844052485714	3.6212706408096516	3.748555947514287
10	tecrdb_2390	-0.0	-27.984079634253895	-27.32541625936233	27.984079634253895	27.32541625936233
10	tecrdb_1975	-0.654201	1.626671892795727	1.62241683564082	2.280872892795727	2.27661783564082
10	tecrdb_1963	13.9486	12.497312485737034	12.497194288985945	1.451287514262967	1.451405711014056
10	tecrdb_205	7.35685	8.34502517658494	8.345030252884541	0.9881751765849405	0.9881802528845416
10	tecrdb_3454	-12.4711	-15.51799458210536	-15.515100960271226	3.0468945821053595	3.0440009602712266
10	tecrdb_4397	-0.36157	26.755559523347088	26.9260184916334	27.11712952334709	27.2875884916334
10	tecrdb_4142	-6.15599	-4.744646267023434	-4.845788156344906	1.4113437329765661	1.3102018436550944
10	tecrdb_1051	18.9025	2.6646647382582387	3.5849836719945927	16.23783526174176	15.317516328005407
10	tecrdb_1973	1.25395	1.626671892795727	1.62241683564082	0.3727218927957272	0.36846683564082006
10	tecrdb_504	-1.95455	-3.8440803014640643	-3.856530057902545	1.8895303014640643	1.9019800579025452
10	tecrdb_3929	-1.76737	-2.6747758624192706	-2.6751361883266043	0.9074058624192705	0.9077661883266042
10	tecrdb_2458	8.85997	8.34502517658494	8.345030252884541	0.5149448234150604	0.5149397471154593
10	tecrdb_1160	2.87944	1.626671892795727	1.62241683564082	1.2527681072042731	1.2570231643591803
10	tecrdb_436	-11.4933	-11.35646098484051	-11.359095692442565	0.13683901515948982	0.13420430755743418
10	tecrdb_1936	-7.0197	-2.8424449380495105	-2.746233621268569	4.17725506195049	4.273466378731431
10	tecrdb_3965	-21.0505	-15.51799458210536	-15.515100960271226	5.53250541789464	5.535399039728773
10	tecrdb_4246	14.6421	8.34502517658494	8.345030252884541	6.297074823415059	6.297069747115458
10	tecrdb_3137	-23.5261	-32.58419517531709	-36.60564198171268	9.058095175317092	13.07954198171268
10	tecrdb_4015	3.8164	8.34502517658494	8.345030252884541	4.52862517658494	4.5286302528845415
10	tecrdb_2636	24.4059	26.740633922537434	26.740907766659674	2.334733922537435	2.3350077666596754
10	tecrdb_3599	-1.18466	-6.944818844218986	-6.963319646275117	5.760158844218986	5.778659646275117
10	tecrdb_2657	2.85462	1.626671892795727	1.62241683564082	1.227948107204273	1.2322031643591802
10	tecrdb_2066	-3.09134	-3.928667446032396	-3.85660245235751	0.8373274460323956	0.76526245235751
10	tecrdb_2609	13.5724	8.636125032117834	8.583544941137808	4.9362749678821665	4.9888550588621925
10	tecrdb_4464	6.23038	3.018906386512043	3.9543576023989147	3.211473613487957	2.2760223976010856
