id	formula_src	charge_src	inchikey_src	smiles_src	pka_src	pkb_src	deltag_method	deltag_used_src	deltag_gc_src	deltag_eq_src
cpd03000	KEGG:C04930	KEGG:C04930		KEGG:C04930	KEGG:C04930	KEGG:C04930	GC	KEGG:C04930@Charged	KEGG:C04930@Charged	
cpd03001	KEGG:C04931	KEGG:C04931	KEGG:C04931	KEGG:C04931@Charged	KEGG:C04931	KEGG:C04931	GC	KEGG:C04931@Charged	KEGG:C04931@Charged	
cpd03002	MetaCyc:BISOHMYR-GLC;KEGG:C04932@Charged;ChEBI:58466	MetaCyc:BISOHMYR-GLC;KEGG:C04932@Charged;ChEBI:58466	MetaCyc:BISOHMYR-GLC;KEGG:C04932@Charged;ChEBI:58466	MetaCyc:BISOHMYR-GLC;KEGG:C04932@Charged;ChEBI:58466	KEGG:C04932	KEGG:C04932	EQ	eQuilibrator:MNXM1569	MetaCyc:BISOHMYR-GLC@Charged	eQuilibrator:MNXM1569
cpd03003	KEGG:C04934	KEGG:C04934		KEGG:C04934	KEGG:C04934	KEGG:C04934	GC	KEGG:C04934@Charged	KEGG:C04934@Charged	
cpd03004	KEGG:C04936@Charged;ChEBI:58665	KEGG:C04936@Charged;ChEBI:58665		KEGG:C04936@Charged;ChEBI:58665	KEGG:C04936	KEGG:C04936	GC	KEGG:C04936@Charged	KEGG:C04936@Charged	
cpd03005	KEGG:C04937	KEGG:C04937		KEGG:C04937	KEGG:C04937	KEGG:C04937	GC	KEGG:C04937@Charged	KEGG:C04937@Charged	
cpd03006	KEGG:C04938	KEGG:C04938		KEGG:C04938	KEGG:C04938	KEGG:C04938	GC	KEGG:C04938@Charged	KEGG:C04938@Charged	
cpd03007	KEGG:C04939	KEGG:C04939		KEGG:C04939	KEGG:C04939	KEGG:C04939	GC	KEGG:C04939@Charged	KEGG:C04939@Charged	
cpd03008	KEGG:C04940	KEGG:C04940		KEGG:C04940	KEGG:C04940	KEGG:C04940	GC	KEGG:C04940@Charged	KEGG:C04940@Charged	
cpd03009	KEGG:C04942	KEGG:C04942		KEGG:C04942	KEGG:C04942	KEGG:C04942	GC	KEGG:C04942@Charged	KEGG:C04942@Charged	
cpd03010	KEGG:C04943	KEGG:C04943		KEGG:C04943	KEGG:C04943	KEGG:C04943	GC	KEGG:C04943@Charged	KEGG:C04943@Charged	
cpd03011	KEGG:C04944	KEGG:C04944		KEGG:C04944	KEGG:C04944	KEGG:C04944	GC	KEGG:C04944@Charged	KEGG:C04944@Charged	
cpd03012										
cpd03013	MetaCyc:D-fructopyranose-1-phosphate;KEGG:C05001@Charged	MetaCyc:D-fructopyranose-1-phosphate;KEGG:C05001@Charged	MetaCyc:D-fructopyranose-1-phosphate;KEGG:C05001@Charged	MetaCyc:D-fructopyranose-1-phosphate;KEGG:C05001@Charged	KEGG:C05001	KEGG:C05001	EQ	eQuilibrator:MNXM48438	MetaCyc:D-fructopyranose-1-phosphate@Charged	eQuilibrator:MNXM48438
cpd03014	MetaCyc:CPD-10725;KEGG:C05003	MetaCyc:CPD-10725;KEGG:C05003	MetaCyc:CPD-10725;KEGG:C05003	MetaCyc:CPD-10725;KEGG:C05003	KEGG:C05003	KEGG:C05003	EQ	eQuilibrator:MNXM40992	MetaCyc:CPD-10725@Charged	eQuilibrator:MNXM40992
cpd03015	KEGG:C05009@Charged	KEGG:C05009@Charged		KEGG:C05009@Charged	KEGG:C05009	KEGG:C05009	GC	KEGG:C05009@Charged	KEGG:C05009@Charged	
cpd03016	MetaCyc:CPD-21539;KEGG:C05010;ChEBI:147392	MetaCyc:CPD-21539;KEGG:C05010;ChEBI:147392	MetaCyc:CPD-21539;KEGG:C05010;ChEBI:147392	MetaCyc:CPD-21539;KEGG:C05010@Charged;ChEBI:147392	KEGG:C05010	KEGG:C05010	EQ	eQuilibrator:MNXM8720	MetaCyc:CPD-21539@Charged	eQuilibrator:MNXM8720
cpd03017	MetaCyc:CPD-23694;KEGG:C05011@Charged	MetaCyc:CPD-23694;KEGG:C05011@Charged	MetaCyc:CPD-23694;KEGG:C05011@Charged	MetaCyc:CPD-23694;KEGG:C05011@Charged	KEGG:C05011	KEGG:C05011	GC	KEGG:C05011@Charged	KEGG:C05011@Charged	eQuilibrator:MNXM6155
cpd03018	KEGG:C05016	KEGG:C05016	KEGG:C05016	KEGG:C05016@Charged	KEGG:C05016	KEGG:C05016	EQ	eQuilibrator:MNXM59397	KEGG:C05016@Charged	eQuilibrator:MNXM59397
cpd03019	MetaCyc:CPD-12557;KEGG:C05021;ChEBI:28497	MetaCyc:CPD-12557;KEGG:C05021;ChEBI:28497	MetaCyc:CPD-12557;KEGG:C05021;ChEBI:28497	MetaCyc:CPD-12557;KEGG:C05021;ChEBI:28497	KEGG:C05021	KEGG:C05021	EQ	eQuilibrator:MNXM2543	MetaCyc:CPD-12557@Charged	eQuilibrator:MNXM2543
cpd03020	KEGG:C05026	KEGG:C05026	KEGG:C05026	KEGG:C05026@Charged	KEGG:C05026	KEGG:C05026	EQ	eQuilibrator:MNXM64061	KEGG:C05026@Charged	eQuilibrator:MNXM64061
cpd03021	KEGG:C05028	KEGG:C05028	KEGG:C05028	KEGG:C05028	KEGG:C05028	KEGG:C05028	GC	KEGG:C05028@Charged	KEGG:C05028@Charged	
cpd03022										
cpd03023	KEGG:C05031	KEGG:C05031	KEGG:C05031	KEGG:C05031	KEGG:C05031	KEGG:C05031	GC	KEGG:C05031@Charged	KEGG:C05031@Charged	eQuilibrator:MNXM65087
cpd03024	KEGG:C05042@Charged;ChEBI:58882	KEGG:C05042@Charged;ChEBI:58882	KEGG:C05042@Charged;ChEBI:58882	KEGG:C05042@Charged;ChEBI:58882	KEGG:C05042	KEGG:C05042	GC	KEGG:C05042@Charged	KEGG:C05042@Charged	
cpd03025	MetaCyc:Ribulose;MetaCyc:Xylulose;KEGG:C05052	MetaCyc:Ribulose;MetaCyc:Xylulose;KEGG:C05052	MetaCyc:Ribulose;MetaCyc:Xylulose;KEGG:C05052	MetaCyc:Ribulose;MetaCyc:Xylulose;KEGG:C05052	KEGG:C05052	KEGG:C05052	GC	KEGG:C05052@Charged	KEGG:C05052@Charged	
cpd03026	KEGG:C05058	KEGG:C05058	KEGG:C05058	KEGG:C05058	KEGG:C05058	KEGG:C05058	EQ	eQuilibrator:MNXM36333	KEGG:C05058@Charged	eQuilibrator:MNXM36333
cpd03027	MetaCyc:CPD-12560@Charged;KEGG:C05060	MetaCyc:CPD-12560@Charged;KEGG:C05060	MetaCyc:CPD-12560@Charged;KEGG:C05060	MetaCyc:CPD-12560@Charged;KEGG:C05060	KEGG:C05060	KEGG:C05060	EQ	eQuilibrator:MNXM65143	KEGG:C05060@Charged	eQuilibrator:MNXM65143
cpd03028	KEGG:C05071@Charged	KEGG:C05071@Charged	KEGG:C05071@Charged	KEGG:C05071@Charged	KEGG:C05071	KEGG:C05071	GC	KEGG:C05071@Charged	KEGG:C05071@Charged	
cpd03029	MetaCyc:CPD-15504;KEGG:C05073@Charged	MetaCyc:CPD-15504;KEGG:C05073@Charged	MetaCyc:CPD-15504;KEGG:C05073@Charged	MetaCyc:CPD-15504;KEGG:C05073@Charged	KEGG:C05073	KEGG:C05073	GC	MetaCyc:CPD-15504@Charged	MetaCyc:CPD-15504@Charged	eQuilibrator:MNXM11161
cpd03030	KEGG:C05076@Charged	KEGG:C05076@Charged	KEGG:C05076@Charged	KEGG:C05076@Charged	KEGG:C05076	KEGG:C05076	EQ	eQuilibrator:MNXM724829	KEGG:C05076@Charged	eQuilibrator:MNXM724829
cpd03031	MetaCyc:CPD-21025;KEGG:C05079@Charged	MetaCyc:CPD-21025;KEGG:C05079@Charged	MetaCyc:CPD-21025;KEGG:C05079@Charged	MetaCyc:CPD-21025;KEGG:C05079@Charged	KEGG:C05079	KEGG:C05079	EQ	eQuilibrator:MNXM158656	KEGG:C05079@Charged	eQuilibrator:MNXM158656
cpd03032	MetaCyc:CPD-15417;KEGG:C05080@Charged;ChEBI:71339	MetaCyc:CPD-15417;KEGG:C05080@Charged;ChEBI:71339	MetaCyc:CPD-15417;KEGG:C05080@Charged;ChEBI:71339	MetaCyc:CPD-15417;KEGG:C05080@Charged;ChEBI:71339	KEGG:C05080	KEGG:C05080	GC	KEGG:C05080@Charged	KEGG:C05080@Charged	eQuilibrator:MNXM65002
cpd03033	KEGG:C05086	KEGG:C05086	KEGG:C05086	KEGG:C05086		KEGG:C05086	GC	KEGG:C05086@Charged	KEGG:C05086@Charged	
cpd03034	KEGG:C05100@Charged;ChEBI:74414	KEGG:C05100@Charged;ChEBI:74414	KEGG:C05100@Charged;ChEBI:74414	KEGG:C05100@Charged;ChEBI:74414	KEGG:C05100	KEGG:C05100	EQ	eQuilibrator:MNXM1015	KEGG:C05100@Charged	eQuilibrator:MNXM1015
cpd03035	MetaCyc:4-METHYL-824-CHOLESTADIENOL;ChEBI:1949	MetaCyc:4-METHYL-824-CHOLESTADIENOL;ChEBI:1949	MetaCyc:4-METHYL-824-CHOLESTADIENOL;ChEBI:1949	MetaCyc:4-METHYL-824-CHOLESTADIENOL;ChEBI:1949	KEGG:C05103	KEGG:C05103	GC	MetaCyc:4-METHYL-824-CHOLESTADIENOL@Charged	MetaCyc:4-METHYL-824-CHOLESTADIENOL@Charged	eQuilibrator:MNXM1804
cpd03036	KEGG:C05104	KEGG:C05104	KEGG:C05104	KEGG:C05104	KEGG:C05104	KEGG:C05104	GC	KEGG:C05104@Charged	KEGG:C05104@Charged	eQuilibrator:MNXM507634
cpd03037	MetaCyc:CPD-8646;KEGG:C05107;ChEBI:27910	MetaCyc:CPD-8646;KEGG:C05107;ChEBI:27910	MetaCyc:CPD-8646;KEGG:C05107;ChEBI:27910	MetaCyc:CPD-8646;KEGG:C05107;ChEBI:27910	KEGG:C05107	KEGG:C05107	GC	KEGG:C05107@Charged	KEGG:C05107@Charged	eQuilibrator:MNXM941
cpd03038	MetaCyc:44-DIMETHYL-824-CHOLESTADIENOL;ChEBI:18364	MetaCyc:44-DIMETHYL-824-CHOLESTADIENOL;ChEBI:18364	MetaCyc:44-DIMETHYL-824-CHOLESTADIENOL;ChEBI:18364	MetaCyc:44-DIMETHYL-824-CHOLESTADIENOL;ChEBI:18364	KEGG:C05108	KEGG:C05108	GC	MetaCyc:44-DIMETHYL-824-CHOLESTADIENOL@Charged	MetaCyc:44-DIMETHYL-824-CHOLESTADIENOL@Charged	eQuilibrator:MNXM913
cpd03039	MetaCyc:CPD-8606;KEGG:C05109;ChEBI:28113	MetaCyc:CPD-8606;KEGG:C05109;ChEBI:28113	MetaCyc:CPD-8606;KEGG:C05109;ChEBI:28113	MetaCyc:CPD-8606;KEGG:C05109;ChEBI:28113	KEGG:C05109	KEGG:C05109	GC	MetaCyc:CPD-8606@Charged	MetaCyc:CPD-8606@Charged	eQuilibrator:MNXM4307
cpd03040	KEGG:C05110	KEGG:C05110	KEGG:C05110	KEGG:C05110	KEGG:C05110	KEGG:C05110	GC	KEGG:C05110@Charged	KEGG:C05110@Charged	
cpd03041	KEGG:C05111	KEGG:C05111	KEGG:C05111	KEGG:C05111	KEGG:C05111	KEGG:C05111	GC	KEGG:C05111@Charged	KEGG:C05111@Charged	eQuilibrator:MNXM114318
cpd03042	MetaCyc:Porphyrins@Charged;KEGG:C05113@Charged	MetaCyc:Porphyrins@Charged;KEGG:C05113@Charged	MetaCyc:Porphyrins@Charged;KEGG:C05113@Charged	MetaCyc:Porphyrins@Charged;KEGG:C05113@Charged	KEGG:C05113	KEGG:C05113	GC	KEGG:C05113@Charged	KEGG:C05113@Charged	
cpd03043	KEGG:C05116@Charged;ChEBI:78611	KEGG:C05116@Charged;ChEBI:78611	KEGG:C05116@Charged;ChEBI:78611	KEGG:C05116@Charged;ChEBI:78611	KEGG:C05116	KEGG:C05116	EQ	eQuilibrator:MNXM4337	KEGG:C05116@Charged	eQuilibrator:MNXM4337
cpd03044	MetaCyc:CPD-19747;KEGG:C05117@Charged	MetaCyc:CPD-19747;KEGG:C05117@Charged	MetaCyc:CPD-19747;KEGG:C05117@Charged	MetaCyc:CPD-19747;KEGG:C05117@Charged	KEGG:C05117	KEGG:C05117	EQ	eQuilibrator:MNXM36332	KEGG:C05117@Charged	eQuilibrator:MNXM36332
cpd03045	MetaCyc:CPD-941;KEGG:C05118	MetaCyc:CPD-941;KEGG:C05118	MetaCyc:CPD-941;KEGG:C05118	MetaCyc:CPD-941;KEGG:C05118	KEGG:C05118	KEGG:C05118	EQ	eQuilibrator:MNXM9096	KEGG:C05118@Charged	eQuilibrator:MNXM9096
cpd03046	KEGG:C05119	KEGG:C05119	KEGG:C05119	KEGG:C05119	KEGG:C05119	KEGG:C05119	EQ	eQuilibrator:MNXM5589	KEGG:C05119@Charged	eQuilibrator:MNXM5589
cpd03047	MetaCyc:CPD-3743;ChEBI:36257	MetaCyc:CPD-3743;ChEBI:36257	MetaCyc:CPD-3743;ChEBI:36257	MetaCyc:CPD-3743;ChEBI:36257	KEGG:C05122	KEGG:C05122	GC	MetaCyc:CPD-3743@Charged	MetaCyc:CPD-3743@Charged	eQuilibrator:MNXM2288
cpd03048	MetaCyc:CPD-3745;KEGG:C05123@Charged;ChEBI:61904	MetaCyc:CPD-3745;KEGG:C05123@Charged;ChEBI:61904	MetaCyc:CPD-3745;KEGG:C05123@Charged;ChEBI:61904	MetaCyc:CPD-3745;KEGG:C05123@Charged;ChEBI:61904	KEGG:C05123	KEGG:C05123	GC	KEGG:C05123@Charged	KEGG:C05123@Charged	eQuilibrator:MNXM1630
cpd03049	MetaCyc:2-ALPHA-HYDROXYETHYL-THPP@Charged;KEGG:C05125@Charged;ChEBI:58939@Charged	MetaCyc:2-ALPHA-HYDROXYETHYL-THPP@Charged;KEGG:C05125@Charged;ChEBI:58939@Charged	MetaCyc:2-ALPHA-HYDROXYETHYL-THPP@Charged;KEGG:C05125@Charged;ChEBI:58939@Charged	MetaCyc:2-ALPHA-HYDROXYETHYL-THPP@Charged;KEGG:C05125@Charged;ChEBI:58939@Charged	KEGG:C05125	KEGG:C05125	GC	MetaCyc:2-ALPHA-HYDROXYETHYL-THPP@Charged	MetaCyc:2-ALPHA-HYDROXYETHYL-THPP@Charged	eQuilibrator:MNXM1705
cpd03050	MetaCyc:DIMETHYL-CITRACONATE;KEGG:C05126	MetaCyc:DIMETHYL-CITRACONATE;KEGG:C05126	MetaCyc:DIMETHYL-CITRACONATE;KEGG:C05126	MetaCyc:DIMETHYL-CITRACONATE;KEGG:C05126		KEGG:C05126	EQ	eQuilibrator:MNXM50976	KEGG:C05126@Charged	eQuilibrator:MNXM50976
cpd03051	MetaCyc:N-METHYL-HISTAMINE;KEGG:C05127@Charged;ChEBI:58600	MetaCyc:N-METHYL-HISTAMINE;KEGG:C05127@Charged;ChEBI:58600	MetaCyc:N-METHYL-HISTAMINE;KEGG:C05127@Charged;ChEBI:58600	MetaCyc:N-METHYL-HISTAMINE;KEGG:C05127@Charged;ChEBI:58600		KEGG:C05127	EQ	eQuilibrator:MNXM2840	MetaCyc:N-METHYL-HISTAMINE@Charged	eQuilibrator:MNXM2840
cpd03052	MetaCyc:IMIDAZOLE_ACETALDEHYDE;KEGG:C05130;ChEBI:27398	MetaCyc:IMIDAZOLE_ACETALDEHYDE;KEGG:C05130;ChEBI:27398	MetaCyc:IMIDAZOLE_ACETALDEHYDE;KEGG:C05130;ChEBI:27398	MetaCyc:IMIDAZOLE_ACETALDEHYDE;KEGG:C05130;ChEBI:27398	KEGG:C05130	KEGG:C05130	EQ	eQuilibrator:MNXM1745	MetaCyc:IMIDAZOLE_ACETALDEHYDE@Charged	eQuilibrator:MNXM1745
cpd03053	KEGG:C05131@Charged	KEGG:C05131@Charged	KEGG:C05131@Charged	KEGG:C05131@Charged	KEGG:C05131	KEGG:C05131	EQ	eQuilibrator:MNXM57188	KEGG:C05131@Charged	eQuilibrator:MNXM57188
cpd03054										
cpd03055	MetaCyc:5-HYDROXY-4-IMIDAZOLEACETATE@Charged;ChEBI:58565@Charged	MetaCyc:5-HYDROXY-4-IMIDAZOLEACETATE@Charged;ChEBI:58565@Charged	MetaCyc:5-HYDROXY-4-IMIDAZOLEACETATE@Charged;ChEBI:58565@Charged	MetaCyc:5-HYDROXY-4-IMIDAZOLEACETATE@Charged;ChEBI:58565@Charged	KEGG:C05133	KEGG:C05133	EQ		MetaCyc:5-HYDROXY-4-IMIDAZOLEACETATE@Charged	
cpd03056	KEGG:C05135	KEGG:C05135	KEGG:C05135	KEGG:C05135	KEGG:C05135	KEGG:C05135	EQ	eQuilibrator:MNXM12367	KEGG:C05135@Charged	eQuilibrator:MNXM12367
cpd03057	KEGG:C05136@Charged	KEGG:C05136@Charged	KEGG:C05136@Charged	KEGG:C05136@Charged	KEGG:C05136	KEGG:C05136	GC	KEGG:C05136@Charged	KEGG:C05136@Charged	
cpd03058	MetaCyc:CPD66-23;ChEBI:28750	MetaCyc:CPD66-23;ChEBI:28750	MetaCyc:CPD66-23;ChEBI:28750	MetaCyc:CPD66-23;ChEBI:28750	KEGG:C05138	KEGG:C05138	GC	MetaCyc:CPD66-23@Charged	MetaCyc:CPD66-23@Charged	eQuilibrator:MNXM531
cpd03059	KEGG:C05139;ChEBI:27771	KEGG:C05139;ChEBI:27771	KEGG:C05139;ChEBI:27771	KEGG:C05139;ChEBI:27771	KEGG:C05139	KEGG:C05139	GC	KEGG:C05139@Charged	KEGG:C05139@Charged	eQuilibrator:MNXM2595
cpd03060	MetaCyc:CPD-15604;KEGG:C05140;ChEBI:27582	MetaCyc:CPD-15604;KEGG:C05140;ChEBI:27582	MetaCyc:CPD-15604;KEGG:C05140;ChEBI:27582	MetaCyc:CPD-15604;KEGG:C05140;ChEBI:27582	KEGG:C05140	KEGG:C05140	GC	MetaCyc:CPD-15604@Charged	MetaCyc:CPD-15604@Charged	eQuilibrator:MNXM5426
cpd03061	MetaCyc:ESTRIOL;KEGG:C05141;ChEBI:27974	MetaCyc:ESTRIOL;KEGG:C05141;ChEBI:27974	MetaCyc:ESTRIOL;KEGG:C05141;ChEBI:27974	MetaCyc:ESTRIOL;KEGG:C05141;ChEBI:27974	KEGG:C05141	KEGG:C05141	GC	KEGG:C05141@Charged	KEGG:C05141@Charged	eQuilibrator:MNXM2673
cpd03062	MetaCyc:CPD-1042;KEGG:C05143;ChEBI:27826	MetaCyc:CPD-1042;KEGG:C05143;ChEBI:27826	MetaCyc:CPD-1042;KEGG:C05143;ChEBI:27826	MetaCyc:CPD-1042;KEGG:C05143;ChEBI:27826	KEGG:C05143	KEGG:C05143	GC	KEGG:C05143@Charged	KEGG:C05143@Charged	
cpd03063	MetaCyc:3-AMINO-ISOBUTYRATE;KEGG:C05145	MetaCyc:3-AMINO-ISOBUTYRATE;KEGG:C05145	MetaCyc:3-AMINO-ISOBUTYRATE;KEGG:C05145	MetaCyc:3-AMINO-ISOBUTYRATE;KEGG:C05145@Charged	KEGG:C05145	KEGG:C05145	EQ	eQuilibrator:MNXM9987	MetaCyc:3-AMINO-ISOBUTYRATE@Charged	eQuilibrator:MNXM9987
cpd03064	MetaCyc:HYDANTOIN;KEGG:C05146	MetaCyc:HYDANTOIN;KEGG:C05146	MetaCyc:HYDANTOIN;KEGG:C05146	MetaCyc:HYDANTOIN;KEGG:C05146	KEGG:C05146	KEGG:C05146	EQ	eQuilibrator:MNXM11836	MetaCyc:HYDANTOIN@Charged	eQuilibrator:MNXM11836
cpd03065	MetaCyc:CPD-664;KEGG:C05147;ChEBI:57938	MetaCyc:CPD-664;KEGG:C05147;ChEBI:57938	MetaCyc:CPD-664;KEGG:C05147;ChEBI:57938	MetaCyc:CPD-664;KEGG:C05147@Charged;ChEBI:57938	KEGG:C05147	KEGG:C05147	EQ	eQuilibrator:MNXM4849	KEGG:C05147@Charged	eQuilibrator:MNXM4849
cpd03066	KEGG:C05148	KEGG:C05148	KEGG:C05148	KEGG:C05148	KEGG:C05148	KEGG:C05148	GC	KEGG:C05148@Charged	KEGG:C05148@Charged	
cpd03067	KEGG:C05149	KEGG:C05149	KEGG:C05149	KEGG:C05149	KEGG:C05149	KEGG:C05149	GC	KEGG:C05149@Charged	KEGG:C05149@Charged	
cpd03068	MetaCyc:CPD-19636;KEGG:C05151	MetaCyc:CPD-19636;KEGG:C05151	MetaCyc:CPD-19636;KEGG:C05151	MetaCyc:CPD-19636;KEGG:C05151	KEGG:C05151	KEGG:C05151	GC	KEGG:C05151@Charged	KEGG:C05151@Charged	eQuilibrator:MNXM75065
cpd03069	MetaCyc:CPD-25234@Charged	MetaCyc:CPD-25234@Charged	MetaCyc:CPD-25234@Charged	MetaCyc:CPD-25234@Charged	KEGG:C05153	KEGG:C05153	GC			
cpd03070	MetaCyc:5-AMINO-4-CHLORO-2-2-HYDROXYMUCONOYL-3@Charged;ChEBI:58308@Charged	MetaCyc:5-AMINO-4-CHLORO-2-2-HYDROXYMUCONOYL-3@Charged;ChEBI:58308@Charged	MetaCyc:5-AMINO-4-CHLORO-2-2-HYDROXYMUCONOYL-3@Charged;ChEBI:58308@Charged	MetaCyc:5-AMINO-4-CHLORO-2-2-HYDROXYMUCONOYL-3@Charged;ChEBI:58308@Charged	KEGG:C05155	KEGG:C05155	GC	MetaCyc:5-AMINO-4-CHLORO-2-2-HYDROXYMUCONOYL-3@Charged	MetaCyc:5-AMINO-4-CHLORO-2-2-HYDROXYMUCONOYL-3@Charged	
cpd03071	MetaCyc:CPD-459;KEGG:C05158@Charged;ChEBI:58181	MetaCyc:CPD-459;KEGG:C05158@Charged;ChEBI:58181	MetaCyc:CPD-459;KEGG:C05158@Charged;ChEBI:58181	MetaCyc:CPD-459;KEGG:C05158@Charged;ChEBI:58181	KEGG:C05158	KEGG:C05158	GC	MetaCyc:CPD-459@Charged	MetaCyc:CPD-459@Charged	eQuilibrator:MNXM3104
cpd03072	KEGG:C05159	KEGG:C05159		KEGG:C05159	KEGG:C05159	KEGG:C05159	GC	KEGG:C05159@Charged	KEGG:C05159@Charged	
cpd03073	MetaCyc:CPD-1066;KEGG:C05161@Charged	MetaCyc:CPD-1066;KEGG:C05161@Charged	MetaCyc:CPD-1066;KEGG:C05161@Charged	MetaCyc:CPD-1066;KEGG:C05161@Charged	KEGG:C05161	KEGG:C05161	EQ	eQuilibrator:MNXM2465	MetaCyc:CPD-1066@Charged	eQuilibrator:MNXM2465
cpd03074										
cpd03075	MetaCyc:CPD-8063;KEGG:C05163	MetaCyc:CPD-8063;KEGG:C05163	MetaCyc:CPD-8063;KEGG:C05163	MetaCyc:CPD-8063;KEGG:C05163	KEGG:C05163	KEGG:C05163	EQ	eQuilibrator:MNXM32940	KEGG:C05163@Charged	eQuilibrator:MNXM32940
cpd03076	MetaCyc:2-AMINO-5-OXOCYCLOHEX-1-ENECARBOXYL-COA;KEGG:C05165@Charged;ChEBI:58410	MetaCyc:2-AMINO-5-OXOCYCLOHEX-1-ENECARBOXYL-COA;KEGG:C05165@Charged;ChEBI:58410	MetaCyc:2-AMINO-5-OXOCYCLOHEX-1-ENECARBOXYL-COA;KEGG:C05165@Charged;ChEBI:58410	MetaCyc:2-AMINO-5-OXOCYCLOHEX-1-ENECARBOXYL-COA;KEGG:C05165@Charged;ChEBI:58410	KEGG:C05165	KEGG:C05165	EQ	eQuilibrator:MNXM1980	MetaCyc:2-AMINO-5-OXOCYCLOHEX-1-ENECARBOXYL-COA@Charged	eQuilibrator:MNXM1980
cpd03077	MetaCyc:Amino-Acids;KEGG:C05167@Charged;ChEBI:62031;ChEBI:78608	MetaCyc:Amino-Acids;KEGG:C05167@Charged;ChEBI:62031;ChEBI:78608		MetaCyc:Amino-Acids;KEGG:C05167@Charged;ChEBI:62031;ChEBI:78608	KEGG:C05167	KEGG:C05167	GC	KEGG:C05167@Charged	KEGG:C05167@Charged	
cpd03078					KEGG:C05172		GC			
cpd03079	MetaCyc:S-CHEILANTHIFOLINE;KEGG:C05174;ChEBI:16233	MetaCyc:S-CHEILANTHIFOLINE;KEGG:C05174;ChEBI:16233	MetaCyc:S-CHEILANTHIFOLINE;KEGG:C05174;ChEBI:16233	MetaCyc:S-CHEILANTHIFOLINE;KEGG:C05174;ChEBI:16233	KEGG:C05174	KEGG:C05174	EQ	eQuilibrator:MNXM1968	KEGG:C05174@Charged	eQuilibrator:MNXM1968
cpd03080	MetaCyc:S-STYLOPINE;KEGG:C05175;ChEBI:18285	MetaCyc:S-STYLOPINE;KEGG:C05175;ChEBI:18285	MetaCyc:S-STYLOPINE;KEGG:C05175;ChEBI:18285	MetaCyc:S-STYLOPINE;KEGG:C05175;ChEBI:18285	KEGG:C05175	KEGG:C05175	EQ	eQuilibrator:MNXM2760	MetaCyc:S-STYLOPINE@Charged	eQuilibrator:MNXM2760
cpd03081	MetaCyc:S-N-METHYLCOCLAURINE;KEGG:C05176@Charged;ChEBI:57993	MetaCyc:S-N-METHYLCOCLAURINE;KEGG:C05176@Charged;ChEBI:57993	MetaCyc:S-N-METHYLCOCLAURINE;KEGG:C05176@Charged;ChEBI:57993	MetaCyc:S-N-METHYLCOCLAURINE;KEGG:C05176@Charged;ChEBI:57993	KEGG:C05176	KEGG:C05176	EQ	eQuilibrator:MNXM934	KEGG:C05176@Charged	eQuilibrator:MNXM934
cpd03082	MetaCyc:BERBAMUNINE;KEGG:C05177@Charged;ChEBI:57894	MetaCyc:BERBAMUNINE;KEGG:C05177@Charged;ChEBI:57894	MetaCyc:BERBAMUNINE;KEGG:C05177@Charged;ChEBI:57894	MetaCyc:BERBAMUNINE;KEGG:C05177@Charged;ChEBI:57894	KEGG:C05177	KEGG:C05177	EQ	eQuilibrator:MNXM3218	KEGG:C05177@Charged	eQuilibrator:MNXM3218
cpd03083	MetaCyc:CPD-21512@Charged;MetaCyc:R-RETICULINE;KEGG:C05178@Charged;ChEBI:58144	MetaCyc:CPD-21512@Charged;MetaCyc:R-RETICULINE;KEGG:C05178@Charged;ChEBI:58144	MetaCyc:CPD-21512@Charged;MetaCyc:R-RETICULINE;KEGG:C05178@Charged;ChEBI:58144	MetaCyc:CPD-21512@Charged;MetaCyc:R-RETICULINE;KEGG:C05178@Charged;ChEBI:58144	KEGG:C05178	KEGG:C05178	EQ	eQuilibrator:MNXM1699	KEGG:C05178@Charged	eQuilibrator:MNXM1699
cpd03084	MetaCyc:SALUTARIDINE;KEGG:C05179@Charged;ChEBI:58061	MetaCyc:SALUTARIDINE;KEGG:C05179@Charged;ChEBI:58061	MetaCyc:SALUTARIDINE;KEGG:C05179@Charged;ChEBI:58061	MetaCyc:SALUTARIDINE;KEGG:C05179@Charged;ChEBI:58061	KEGG:C05179	KEGG:C05179	GC	MetaCyc:SALUTARIDINE@Charged	MetaCyc:SALUTARIDINE@Charged	
cpd03085	MetaCyc:PROTOPINE;KEGG:C05189;ChEBI:16415	MetaCyc:PROTOPINE;KEGG:C05189;ChEBI:16415	MetaCyc:PROTOPINE;KEGG:C05189;ChEBI:16415	MetaCyc:PROTOPINE;KEGG:C05189;ChEBI:16415	KEGG:C05189	KEGG:C05189	EQ	eQuilibrator:MNXM3345	KEGG:C05189@Charged	eQuilibrator:MNXM3345
cpd03086	MetaCyc:6-HYDROXYPROTOPINE;KEGG:C05190;ChEBI:17104	MetaCyc:6-HYDROXYPROTOPINE;KEGG:C05190;ChEBI:17104	MetaCyc:6-HYDROXYPROTOPINE;KEGG:C05190;ChEBI:17104	MetaCyc:6-HYDROXYPROTOPINE;KEGG:C05190;ChEBI:17104	KEGG:C05190	KEGG:C05190	EQ	eQuilibrator:MNXM2955	KEGG:C05190@Charged	eQuilibrator:MNXM2955
cpd03087	MetaCyc:DIHYDROSANGUINARINE;KEGG:C05191;ChEBI:17209	MetaCyc:DIHYDROSANGUINARINE;KEGG:C05191;ChEBI:17209	MetaCyc:DIHYDROSANGUINARINE;KEGG:C05191;ChEBI:17209	MetaCyc:DIHYDROSANGUINARINE;KEGG:C05191;ChEBI:17209	KEGG:C05191	KEGG:C05191	EQ	eQuilibrator:MNXM1821	KEGG:C05191@Charged	eQuilibrator:MNXM1821
cpd03088	MetaCyc:12-HYDROXYDIHYDROCHELIRUBINE;KEGG:C05193;ChEBI:15716	MetaCyc:12-HYDROXYDIHYDROCHELIRUBINE;KEGG:C05193;ChEBI:15716	MetaCyc:12-HYDROXYDIHYDROCHELIRUBINE;KEGG:C05193;ChEBI:15716	MetaCyc:12-HYDROXYDIHYDROCHELIRUBINE;KEGG:C05193;ChEBI:15716	KEGG:C05193	KEGG:C05193	EQ	eQuilibrator:MNXM2312	KEGG:C05193@Charged	eQuilibrator:MNXM2312
cpd03089	MetaCyc:DIHYDROCHELIRUBINE;KEGG:C05194;ChEBI:17789	MetaCyc:DIHYDROCHELIRUBINE;KEGG:C05194;ChEBI:17789	MetaCyc:DIHYDROCHELIRUBINE;KEGG:C05194;ChEBI:17789	MetaCyc:DIHYDROCHELIRUBINE;KEGG:C05194;ChEBI:17789	KEGG:C05194	KEGG:C05194	EQ	eQuilibrator:MNXM1555	KEGG:C05194@Charged	eQuilibrator:MNXM1555
cpd03090	MetaCyc:CPD-264;KEGG:C05195@Charged;ChEBI:57342	MetaCyc:CPD-264;KEGG:C05195@Charged;ChEBI:57342	MetaCyc:CPD-264;KEGG:C05195@Charged;ChEBI:57342	MetaCyc:CPD-264;KEGG:C05195@Charged;ChEBI:57342	KEGG:C05195	KEGG:C05195	EQ	eQuilibrator:MNXM1307	KEGG:C05195@Charged	eQuilibrator:MNXM1307
cpd03091	MetaCyc:CH33ADO;KEGG:C05198;ChEBI:17319	MetaCyc:CH33ADO;KEGG:C05198;ChEBI:17319	MetaCyc:CH33ADO;KEGG:C05198;ChEBI:17319	MetaCyc:CH33ADO;KEGG:C05198;ChEBI:17319	KEGG:C05198	KEGG:C05198	EQ	eQuilibrator:MNXM316	KEGG:C05198@Charged	eQuilibrator:MNXM316
cpd03092	MetaCyc:3-HEXAPRENYL-45-DIHYDROXYBENZOATE;MetaCyc:CPD-21768;KEGG:C05200@Charged;ChEBI:58373	MetaCyc:3-HEXAPRENYL-45-DIHYDROXYBENZOATE;MetaCyc:CPD-21768;KEGG:C05200@Charged;ChEBI:58373	MetaCyc:3-HEXAPRENYL-45-DIHYDROXYBENZOATE;MetaCyc:CPD-21768;KEGG:C05200@Charged;ChEBI:58373	MetaCyc:3-HEXAPRENYL-45-DIHYDROXYBENZOATE;MetaCyc:CPD-21768;KEGG:C05200@Charged;ChEBI:58373	KEGG:C05200	KEGG:C05200	EQ	eQuilibrator:MNXM2783	MetaCyc:3-HEXAPRENYL-45-DIHYDROXYBENZOATE@Charged	eQuilibrator:MNXM2783
cpd03093	MetaCyc:RS-TETRAHYDROBENZYLISOQUINOLINE;KEGG:C05201@Charged;ChEBI:57902	MetaCyc:RS-TETRAHYDROBENZYLISOQUINOLINE;KEGG:C05201@Charged;ChEBI:57902	MetaCyc:RS-TETRAHYDROBENZYLISOQUINOLINE;KEGG:C05201@Charged;ChEBI:57902	MetaCyc:RS-TETRAHYDROBENZYLISOQUINOLINE;KEGG:C05201@Charged;ChEBI:57902		KEGG:C05201	EQ	eQuilibrator:MNXM4228	KEGG:C05201@Charged	eQuilibrator:MNXM4228
cpd03094	MetaCyc:3-HYDROXY-N-METHYL-S-COCLAURINE;KEGG:C05202@Charged;ChEBI:58010	MetaCyc:3-HYDROXY-N-METHYL-S-COCLAURINE;KEGG:C05202@Charged;ChEBI:58010	MetaCyc:3-HYDROXY-N-METHYL-S-COCLAURINE;KEGG:C05202@Charged;ChEBI:58010	MetaCyc:3-HYDROXY-N-METHYL-S-COCLAURINE;KEGG:C05202@Charged;ChEBI:58010	KEGG:C05202	KEGG:C05202	EQ	eQuilibrator:MNXM1452	KEGG:C05202@Charged	eQuilibrator:MNXM1452
cpd03095	MetaCyc:CPD-21765;KEGG:C05203@Charged;ChEBI:57578	MetaCyc:CPD-21765;KEGG:C05203@Charged;ChEBI:57578	MetaCyc:CPD-21765;KEGG:C05203@Charged;ChEBI:57578	MetaCyc:CPD-21765;KEGG:C05203@Charged;ChEBI:57578	KEGG:C05203	KEGG:C05203	GC	KEGG:C05203@Charged	KEGG:C05203@Charged	eQuilibrator:MNXM2340
cpd03096	MetaCyc:S-781314-TETRAHYDROPROTOBERBERINE;KEGG:C05204@Charged	MetaCyc:S-781314-TETRAHYDROPROTOBERBERINE;KEGG:C05204@Charged	MetaCyc:S-781314-TETRAHYDROPROTOBERBERINE;KEGG:C05204@Charged	MetaCyc:S-781314-TETRAHYDROPROTOBERBERINE		KEGG:C05204	GC	MetaCyc:S-781314-TETRAHYDROPROTOBERBERINE@Charged	MetaCyc:S-781314-TETRAHYDROPROTOBERBERINE@Charged	eQuilibrator:MNXM7109
cpd03097	MetaCyc:1-ALKYL-2-ARACHIDONYL-SN-GLYCERO-3-PCHOL;ChEBI:28894	MetaCyc:1-ALKYL-2-ARACHIDONYL-SN-GLYCERO-3-PCHOL;ChEBI:28894		MetaCyc:1-ALKYL-2-ARACHIDONYL-SN-GLYCERO-3-PCHOL;ChEBI:28894	KEGG:C05208	KEGG:C05208	GC	MetaCyc:1-ALKYL-2-ARACHIDONYL-SN-GLYCERO-3-PCHOL@Charged	MetaCyc:1-ALKYL-2-ARACHIDONYL-SN-GLYCERO-3-PCHOL@Charged	
cpd03098	KEGG:C05209@Charged	KEGG:C05209@Charged		KEGG:C05209@Charged	KEGG:C05209	KEGG:C05209	GC	KEGG:C05209@Charged	KEGG:C05209@Charged	
cpd03099	MetaCyc:1-ALKYL-2-ARACHIDONYL-SN-GLYCERO-3-PETH;ChEBI:76251	MetaCyc:1-ALKYL-2-ARACHIDONYL-SN-GLYCERO-3-PETH;ChEBI:76251		MetaCyc:1-ALKYL-2-ARACHIDONYL-SN-GLYCERO-3-PETH;ChEBI:76251	KEGG:C05210	KEGG:C05210	GC	MetaCyc:1-ALKYL-2-ARACHIDONYL-SN-GLYCERO-3-PETH@Charged	MetaCyc:1-ALKYL-2-ARACHIDONYL-SN-GLYCERO-3-PETH@Charged	
cpd03100	MetaCyc:SALUTARIDINOL;KEGG:C05220@Charged;ChEBI:58463	MetaCyc:SALUTARIDINOL;KEGG:C05220@Charged;ChEBI:58463	MetaCyc:SALUTARIDINOL;KEGG:C05220@Charged;ChEBI:58463	MetaCyc:SALUTARIDINOL;KEGG:C05220@Charged;ChEBI:58463	KEGG:C05220	KEGG:C05220	GC	MetaCyc:SALUTARIDINOL@Charged	MetaCyc:SALUTARIDINOL@Charged	
cpd03101	KEGG:C05226@Charged;ChEBI:85602	KEGG:C05226@Charged;ChEBI:85602		KEGG:C05226@Charged;ChEBI:85602	KEGG:C05226	KEGG:C05226	GC	KEGG:C05226@Charged	KEGG:C05226@Charged	
cpd03102	MetaCyc:PHASEOLLIDIN-HYDRATE;KEGG:C05229;ChEBI:17465	MetaCyc:PHASEOLLIDIN-HYDRATE;KEGG:C05229;ChEBI:17465	MetaCyc:PHASEOLLIDIN-HYDRATE;KEGG:C05229;ChEBI:17465	MetaCyc:PHASEOLLIDIN-HYDRATE;KEGG:C05229;ChEBI:17465	KEGG:C05229	KEGG:C05229	GC	KEGG:C05229@Charged	KEGG:C05229@Charged	eQuilibrator:MNXM4773
cpd03103	MetaCyc:CPD-4885;KEGG:C05230;ChEBI:17556	MetaCyc:CPD-4885;KEGG:C05230;ChEBI:17556	MetaCyc:CPD-4885;KEGG:C05230;ChEBI:17556	MetaCyc:CPD-4885;KEGG:C05230;ChEBI:17556	KEGG:C05230	KEGG:C05230	GC	KEGG:C05230@Charged	KEGG:C05230@Charged	eQuilibrator:MNXM3688
cpd03104	KEGG:C05231@Charged;ChEBI:57366	KEGG:C05231@Charged;ChEBI:57366	KEGG:C05231@Charged;ChEBI:57366	KEGG:C05231@Charged;ChEBI:57366	KEGG:C05231	KEGG:C05231	EQ	eQuilibrator:MNXM4025	KEGG:C05231@Charged	eQuilibrator:MNXM4025
cpd03105	MetaCyc:ACETOL;KEGG:C05235;ChEBI:27957	MetaCyc:ACETOL;KEGG:C05235;ChEBI:27957	MetaCyc:ACETOL;KEGG:C05235;ChEBI:27957	MetaCyc:ACETOL;KEGG:C05235;ChEBI:27957	KEGG:C05235	KEGG:C05235	EQ	eQuilibrator:MNXM1744	KEGG:C05235@Charged	eQuilibrator:MNXM1744
cpd03106	MetaCyc:AMINO-IMIDAZOLE;MetaCyc:CPD-54;KEGG:C05239;ChEBI:16607	MetaCyc:AMINO-IMIDAZOLE;MetaCyc:CPD-54;KEGG:C05239;ChEBI:16607	MetaCyc:AMINO-IMIDAZOLE;MetaCyc:CPD-54;KEGG:C05239;ChEBI:16607	MetaCyc:AMINO-IMIDAZOLE;MetaCyc:CPD-54;KEGG:C05239@Charged;ChEBI:16607	KEGG:C05239	KEGG:C05239	EQ	eQuilibrator:MNXM2487	KEGG:C05239@Charged	eQuilibrator:MNXM2487
cpd03107	MetaCyc:R-N-METHYLCOCLAURINE;KEGG:C05243@Charged;ChEBI:57755	MetaCyc:R-N-METHYLCOCLAURINE;KEGG:C05243@Charged;ChEBI:57755	MetaCyc:R-N-METHYLCOCLAURINE;KEGG:C05243@Charged;ChEBI:57755	MetaCyc:R-N-METHYLCOCLAURINE;KEGG:C05243@Charged;ChEBI:57755	KEGG:C05243	KEGG:C05243	EQ	eQuilibrator:MNXM6558	MetaCyc:R-N-METHYLCOCLAURINE@Charged	eQuilibrator:MNXM6558
cpd03108	MetaCyc:10-HYDROXYDIHYDROSANGUINARINE;KEGG:C05247;ChEBI:15878	MetaCyc:10-HYDROXYDIHYDROSANGUINARINE;KEGG:C05247;ChEBI:15878	MetaCyc:10-HYDROXYDIHYDROSANGUINARINE;KEGG:C05247;ChEBI:15878	MetaCyc:10-HYDROXYDIHYDROSANGUINARINE;KEGG:C05247;ChEBI:15878	KEGG:C05247	KEGG:C05247	EQ	eQuilibrator:MNXM2311	KEGG:C05247@Charged	eQuilibrator:MNXM2311
cpd03109	MetaCyc:2-AMINO-4-OXO-4-ALPHA-HYDROXY-@Charged;KEGG:C05252	MetaCyc:2-AMINO-4-OXO-4-ALPHA-HYDROXY-@Charged;KEGG:C05252	MetaCyc:2-AMINO-4-OXO-4-ALPHA-HYDROXY-@Charged;KEGG:C05252	MetaCyc:2-AMINO-4-OXO-4-ALPHA-HYDROXY-@Charged;KEGG:C05252	KEGG:C05252	KEGG:C05252	GC	MetaCyc:2-AMINO-4-OXO-4-ALPHA-HYDROXY-@Charged	MetaCyc:2-AMINO-4-OXO-4-ALPHA-HYDROXY-@Charged	
cpd03110	MetaCyc:2-AMINO-4-OXO-6-123-TRIHYDROXYPROP@Charged;KEGG:C05253	MetaCyc:2-AMINO-4-OXO-6-123-TRIHYDROXYPROP@Charged;KEGG:C05253	MetaCyc:2-AMINO-4-OXO-6-123-TRIHYDROXYPROP@Charged;KEGG:C05253	MetaCyc:2-AMINO-4-OXO-6-123-TRIHYDROXYPROP@Charged;KEGG:C05253	KEGG:C05253	KEGG:C05253	GC	MetaCyc:2-AMINO-4-OXO-6-123-TRIHYDROXYPROP@Charged	MetaCyc:2-AMINO-4-OXO-6-123-TRIHYDROXYPROP@Charged	
cpd03111										
cpd03112	MetaCyc:2-AMINO-ETCETERA-DIHYDROXYPTERIDINE@Charged	MetaCyc:2-AMINO-ETCETERA-DIHYDROXYPTERIDINE@Charged	MetaCyc:2-AMINO-ETCETERA-DIHYDROXYPTERIDINE@Charged	MetaCyc:2-AMINO-ETCETERA-DIHYDROXYPTERIDINE@Charged	MetaCyc:2-AMINO-ETCETERA-DIHYDROXYPTERIDINE	MetaCyc:2-AMINO-ETCETERA-DIHYDROXYPTERIDINE	GC	MetaCyc:2-AMINO-ETCETERA-DIHYDROXYPTERIDINE@Charged	MetaCyc:2-AMINO-ETCETERA-DIHYDROXYPTERIDINE@Charged	
cpd03113	MetaCyc:CPD0-2232;KEGG:C05258@Charged;ChEBI:62613	MetaCyc:CPD0-2232;KEGG:C05258@Charged;ChEBI:62613	MetaCyc:CPD0-2232;KEGG:C05258@Charged;ChEBI:62613	MetaCyc:CPD0-2232;KEGG:C05258@Charged;ChEBI:62613	KEGG:C05258	KEGG:C05258	GC	KEGG:C05258@Charged	KEGG:C05258@Charged	eQuilibrator:MNXM825
cpd03114	MetaCyc:3-OXOPALMITOYL-COA;KEGG:C05259@Charged;ChEBI:57349	MetaCyc:3-OXOPALMITOYL-COA;KEGG:C05259@Charged;ChEBI:57349	MetaCyc:3-OXOPALMITOYL-COA;KEGG:C05259@Charged;ChEBI:57349	MetaCyc:3-OXOPALMITOYL-COA;KEGG:C05259@Charged;ChEBI:57349	KEGG:C05259	KEGG:C05259	EQ	eQuilibrator:MNXM738	KEGG:C05259@Charged	eQuilibrator:MNXM738
cpd03115	KEGG:C05260@Charged;ChEBI:62614	KEGG:C05260@Charged;ChEBI:62614	KEGG:C05260@Charged;ChEBI:62614	KEGG:C05260@Charged;ChEBI:62614	KEGG:C05260	KEGG:C05260	EQ	eQuilibrator:MNXM767	KEGG:C05260@Charged	eQuilibrator:MNXM767
cpd03116	MetaCyc:CPD0-2107;KEGG:C05262@Charged;ChEBI:62558	MetaCyc:CPD0-2107;KEGG:C05262@Charged;ChEBI:62558	MetaCyc:CPD0-2107;KEGG:C05262@Charged;ChEBI:62558	MetaCyc:CPD0-2107;KEGG:C05262@Charged;ChEBI:62558	KEGG:C05262	KEGG:C05262	EQ	eQuilibrator:MNXM733	KEGG:C05262@Charged	eQuilibrator:MNXM733
cpd03117	MetaCyc:CPD0-2105;KEGG:C05263@Charged;ChEBI:62615	MetaCyc:CPD0-2105;KEGG:C05263@Charged;ChEBI:62615	MetaCyc:CPD0-2105;KEGG:C05263@Charged;ChEBI:62615	MetaCyc:CPD0-2105;KEGG:C05263@Charged;ChEBI:62615	KEGG:C05263	KEGG:C05263	EQ	eQuilibrator:MNXM705	KEGG:C05263@Charged	eQuilibrator:MNXM705
cpd03118	MetaCyc:CPD0-2244;KEGG:C05264@Charged;ChEBI:62616	MetaCyc:CPD0-2244;KEGG:C05264@Charged;ChEBI:62616	MetaCyc:CPD0-2244;KEGG:C05264@Charged;ChEBI:62616	MetaCyc:CPD0-2244;KEGG:C05264@Charged;ChEBI:62616	KEGG:C05264	KEGG:C05264	EQ	eQuilibrator:MNXM674	MetaCyc:CPD0-2244@Charged	eQuilibrator:MNXM674
cpd03119	MetaCyc:CPD0-2123;KEGG:C05265@Charged;ChEBI:62548	MetaCyc:CPD0-2123;KEGG:C05265@Charged;ChEBI:62548	MetaCyc:CPD0-2123;KEGG:C05265@Charged;ChEBI:62548	MetaCyc:CPD0-2123;KEGG:C05265@Charged;ChEBI:62548	KEGG:C05265	KEGG:C05265	EQ	eQuilibrator:MNXM677	KEGG:C05265@Charged	eQuilibrator:MNXM677
cpd03120	MetaCyc:CPD-22313;KEGG:C05266@Charged;ChEBI:62617	MetaCyc:CPD-22313;KEGG:C05266@Charged;ChEBI:62617	MetaCyc:CPD-22313;KEGG:C05266@Charged;ChEBI:62617	MetaCyc:CPD-22313;KEGG:C05266@Charged;ChEBI:62617	KEGG:C05266	KEGG:C05266	GC	KEGG:C05266@Charged	KEGG:C05266@Charged	eQuilibrator:MNXM766
cpd03121	MetaCyc:CPD0-2106;KEGG:C05267@Charged;ChEBI:62619	MetaCyc:CPD0-2106;KEGG:C05267@Charged;ChEBI:62619	MetaCyc:CPD0-2106;KEGG:C05267@Charged;ChEBI:62619	MetaCyc:CPD0-2106;KEGG:C05267@Charged;ChEBI:62619	KEGG:C05267	KEGG:C05267	EQ	eQuilibrator:MNXM706	KEGG:C05267@Charged	eQuilibrator:MNXM706
cpd03122	MetaCyc:OH-HEXANOYL-COA;KEGG:C05268@Charged;ChEBI:62075	MetaCyc:OH-HEXANOYL-COA;KEGG:C05268@Charged;ChEBI:62075	MetaCyc:OH-HEXANOYL-COA;KEGG:C05268@Charged;ChEBI:62075	MetaCyc:OH-HEXANOYL-COA;KEGG:C05268@Charged;ChEBI:62075	KEGG:C05268	KEGG:C05268	GC	MetaCyc:OH-HEXANOYL-COA@Charged	MetaCyc:OH-HEXANOYL-COA@Charged	eQuilibrator:MNXM757
cpd03123	MetaCyc:K-HEXANOYL-COA;KEGG:C05269@Charged;ChEBI:62418	MetaCyc:K-HEXANOYL-COA;KEGG:C05269@Charged;ChEBI:62418	MetaCyc:K-HEXANOYL-COA;KEGG:C05269@Charged;ChEBI:62418	MetaCyc:K-HEXANOYL-COA;KEGG:C05269@Charged;ChEBI:62418	KEGG:C05269	KEGG:C05269	EQ	eQuilibrator:MNXM717	MetaCyc:K-HEXANOYL-COA@Charged	eQuilibrator:MNXM717
cpd03124	MetaCyc:HEXANOYL-COA;KEGG:C05270@Charged;ChEBI:62620	MetaCyc:HEXANOYL-COA;KEGG:C05270@Charged;ChEBI:62620	MetaCyc:HEXANOYL-COA;KEGG:C05270@Charged;ChEBI:62620	MetaCyc:HEXANOYL-COA;KEGG:C05270@Charged;ChEBI:62620	KEGG:C05270	KEGG:C05270	EQ	eQuilibrator:MNXM553	MetaCyc:HEXANOYL-COA@Charged	eQuilibrator:MNXM553
cpd03125	MetaCyc:CPD0-2121;KEGG:C05271@Charged;ChEBI:62077	MetaCyc:CPD0-2121;KEGG:C05271@Charged;ChEBI:62077	MetaCyc:CPD0-2121;KEGG:C05271@Charged;ChEBI:62077	MetaCyc:CPD0-2121;KEGG:C05271@Charged;ChEBI:62077	KEGG:C05271	KEGG:C05271	EQ	eQuilibrator:MNXM753	KEGG:C05271@Charged	eQuilibrator:MNXM753
cpd03126	MetaCyc:CPD0-2117;KEGG:C05272@Charged;ChEBI:61526	MetaCyc:CPD0-2117;KEGG:C05272@Charged;ChEBI:61526	MetaCyc:CPD0-2117;KEGG:C05272@Charged;ChEBI:61526	MetaCyc:CPD0-2117;KEGG:C05272@Charged;ChEBI:61526	KEGG:C05272	KEGG:C05272	EQ	eQuilibrator:MNXM581	MetaCyc:CPD0-2117@Charged	eQuilibrator:MNXM581
cpd03127	MetaCyc:CPD-15568;MetaCyc:CPD0-2120;KEGG:C05273@Charged;ChEBI:61405	MetaCyc:CPD-15568;MetaCyc:CPD0-2120;KEGG:C05273@Charged;ChEBI:61405	MetaCyc:CPD-15568;MetaCyc:CPD0-2120;KEGG:C05273@Charged;ChEBI:61405	MetaCyc:CPD-15568;MetaCyc:CPD0-2120;KEGG:C05273@Charged;ChEBI:61405	KEGG:C05273	KEGG:C05273	EQ	eQuilibrator:MNXM654	MetaCyc:CPD0-2120@Charged	eQuilibrator:MNXM654
cpd03128	MetaCyc:CPD-10267;KEGG:C05274@Charged;ChEBI:61430	MetaCyc:CPD-10267;KEGG:C05274@Charged;ChEBI:61430	MetaCyc:CPD-10267;KEGG:C05274@Charged;ChEBI:61430	MetaCyc:CPD-10267;KEGG:C05274@Charged;ChEBI:61430	KEGG:C05274	KEGG:C05274	EQ	eQuilibrator:MNXM486	MetaCyc:CPD-10267@Charged	eQuilibrator:MNXM486
cpd03129	MetaCyc:T2-DECENOYL-COA;KEGG:C05275@Charged;ChEBI:61406	MetaCyc:T2-DECENOYL-COA;KEGG:C05275@Charged;ChEBI:61406	MetaCyc:T2-DECENOYL-COA;KEGG:C05275@Charged;ChEBI:61406	MetaCyc:T2-DECENOYL-COA;KEGG:C05275@Charged;ChEBI:61406	KEGG:C05275	KEGG:C05275	EQ	eQuilibrator:MNXM580	KEGG:C05275@Charged	eQuilibrator:MNXM580
cpd03130	MetaCyc:CPD0-2108;KEGG:C05276@Charged;ChEBI:62242	MetaCyc:CPD0-2108;KEGG:C05276@Charged;ChEBI:62242	MetaCyc:CPD0-2108;KEGG:C05276@Charged;ChEBI:62242	MetaCyc:CPD0-2108;KEGG:C05276@Charged;ChEBI:62242	KEGG:C05276	KEGG:C05276	EQ	eQuilibrator:MNXM784	KEGG:C05276@Charged	eQuilibrator:MNXM784
cpd03131	KEGG:C05279@Charged	KEGG:C05279@Charged	KEGG:C05279@Charged	KEGG:C05279@Charged	KEGG:C05279	KEGG:C05279	EQ	eQuilibrator:MNXM2039	KEGG:C05279@Charged	eQuilibrator:MNXM2039
cpd03132	KEGG:C05280@Charged	KEGG:C05280@Charged	KEGG:C05280@Charged	KEGG:C05280@Charged	KEGG:C05280	KEGG:C05280	EQ	eQuilibrator:MNXM2008	KEGG:C05280@Charged	eQuilibrator:MNXM2008
cpd03133	MetaCyc:CPD-23012;KEGG:C05282@Charged	MetaCyc:CPD-23012;KEGG:C05282@Charged	MetaCyc:CPD-23012;KEGG:C05282@Charged	MetaCyc:CPD-23012;KEGG:C05282@Charged	KEGG:C05282	KEGG:C05282	EQ	eQuilibrator:MNXM521818	KEGG:C05282@Charged	eQuilibrator:MNXM521818
cpd03134	KEGG:C05283@Charged	KEGG:C05283@Charged	KEGG:C05283@Charged	KEGG:C05283@Charged	KEGG:C05283	KEGG:C05283	EQ	eQuilibrator:MNXM156256	KEGG:C05283@Charged	eQuilibrator:MNXM156256
cpd03135	MetaCyc:CPD-23964;KEGG:C05284;ChEBI:27967	MetaCyc:CPD-23964;KEGG:C05284;ChEBI:27967	MetaCyc:CPD-23964;KEGG:C05284;ChEBI:27967	MetaCyc:CPD-23964;KEGG:C05284;ChEBI:27967	KEGG:C05284	KEGG:C05284	GC	KEGG:C05284@Charged	KEGG:C05284@Charged	eQuilibrator:MNXM2593
cpd03136	MetaCyc:CPD-18926;KEGG:C05285;ChEBI:2495	MetaCyc:CPD-18926;KEGG:C05285;ChEBI:2495	MetaCyc:CPD-18926;KEGG:C05285;ChEBI:2495	MetaCyc:CPD-18926;KEGG:C05285;ChEBI:2495	KEGG:C05285	KEGG:C05285	GC	MetaCyc:CPD-18926@Charged	MetaCyc:CPD-18926@Charged	eQuilibrator:MNXM5604
cpd03137	MetaCyc:CPD66-26;KEGG:C05290;ChEBI:27576	MetaCyc:CPD66-26;KEGG:C05290;ChEBI:27576	MetaCyc:CPD66-26;KEGG:C05290;ChEBI:27576	MetaCyc:CPD66-26;KEGG:C05290;ChEBI:27576	KEGG:C05290	KEGG:C05290	GC	KEGG:C05290@Charged	KEGG:C05290@Charged	eQuilibrator:MNXM90384
cpd03138	KEGG:C05291	KEGG:C05291	KEGG:C05291	KEGG:C05291	KEGG:C05291	KEGG:C05291	GC	KEGG:C05291@Charged	KEGG:C05291@Charged	eQuilibrator:MNXM6970
cpd03139	MetaCyc:CPD-23960;KEGG:C05293;ChEBI:2150	MetaCyc:CPD-23960;KEGG:C05293;ChEBI:2150	MetaCyc:CPD-23960;KEGG:C05293;ChEBI:2150	MetaCyc:CPD-23960;KEGG:C05293;ChEBI:2150	KEGG:C05293	KEGG:C05293	GC	KEGG:C05293@Charged	KEGG:C05293@Charged	eQuilibrator:MNXM162327
cpd03140	MetaCyc:19-HYDROXYTESTOSTERONE;KEGG:C05294;ChEBI:798	MetaCyc:19-HYDROXYTESTOSTERONE;KEGG:C05294;ChEBI:798	MetaCyc:19-HYDROXYTESTOSTERONE;KEGG:C05294;ChEBI:798	MetaCyc:19-HYDROXYTESTOSTERONE;KEGG:C05294;ChEBI:798	KEGG:C05294	KEGG:C05294	GC	MetaCyc:19-HYDROXYTESTOSTERONE@Charged	MetaCyc:19-HYDROXYTESTOSTERONE@Charged	eQuilibrator:MNXM2767
cpd03141	KEGG:C05296	KEGG:C05296	KEGG:C05296	KEGG:C05296	KEGG:C05296	KEGG:C05296	GC	KEGG:C05296@Charged	KEGG:C05296@Charged	eQuilibrator:MNXM6138
cpd03142	MetaCyc:CPD66-25;KEGG:C05297;ChEBI:799	MetaCyc:CPD66-25;KEGG:C05297;ChEBI:799	MetaCyc:CPD66-25;KEGG:C05297;ChEBI:799	MetaCyc:CPD66-25;KEGG:C05297;ChEBI:799	KEGG:C05297	KEGG:C05297	GC	KEGG:C05297@Charged	KEGG:C05297@Charged	eQuilibrator:MNXM3163
cpd03143	KEGG:C05298;ChEBI:1156	KEGG:C05298;ChEBI:1156	KEGG:C05298;ChEBI:1156	KEGG:C05298;ChEBI:1156	KEGG:C05298	KEGG:C05298	GC	KEGG:C05298@Charged	KEGG:C05298@Charged	eQuilibrator:MNXM3813
cpd03144	KEGG:C05299	KEGG:C05299	KEGG:C05299	KEGG:C05299	KEGG:C05299	KEGG:C05299	GC	KEGG:C05299@Charged	KEGG:C05299@Charged	eQuilibrator:MNXM4971
cpd03145	KEGG:C05300;ChEBI:776	KEGG:C05300;ChEBI:776	KEGG:C05300;ChEBI:776	KEGG:C05300;ChEBI:776	KEGG:C05300	KEGG:C05300	GC	KEGG:C05300@Charged	KEGG:C05300@Charged	eQuilibrator:MNXM3794
cpd03146	KEGG:C05301;ChEBI:28744	KEGG:C05301;ChEBI:28744	KEGG:C05301;ChEBI:28744	KEGG:C05301;ChEBI:28744	KEGG:C05301	KEGG:C05301	GC	KEGG:C05301@Charged	KEGG:C05301@Charged	eQuilibrator:MNXM2926
cpd03147	KEGG:C05302;ChEBI:28955	KEGG:C05302;ChEBI:28955	KEGG:C05302;ChEBI:28955	KEGG:C05302;ChEBI:28955	KEGG:C05302	KEGG:C05302	GC	KEGG:C05302@Charged	KEGG:C05302@Charged	eQuilibrator:MNXM4970
cpd03148	KEGG:C05306	KEGG:C05306	KEGG:C05306	KEGG:C05306@Charged	KEGG:C05306	KEGG:C05306	GC	KEGG:C05306@Charged	KEGG:C05306@Charged	
cpd03149	KEGG:C05307	KEGG:C05307	KEGG:C05307	KEGG:C05307@Charged	KEGG:C05307	KEGG:C05307	GC	KEGG:C05307@Charged	KEGG:C05307@Charged	
cpd03150										
cpd03151	MetaCyc:3-HEXAPRENYL-4-HYDROXY-5-METHOXYBENZOATE;MetaCyc:CPD-21769;KEGG:C05313@Charged;ChEBI:57916	MetaCyc:3-HEXAPRENYL-4-HYDROXY-5-METHOXYBENZOATE;MetaCyc:CPD-21769;KEGG:C05313@Charged;ChEBI:57916	MetaCyc:3-HEXAPRENYL-4-HYDROXY-5-METHOXYBENZOATE;MetaCyc:CPD-21769;KEGG:C05313@Charged;ChEBI:57916	MetaCyc:3-HEXAPRENYL-4-HYDROXY-5-METHOXYBENZOATE;MetaCyc:CPD-21769;KEGG:C05313@Charged;ChEBI:57916	KEGG:C05313	KEGG:C05313	EQ	eQuilibrator:MNXM3166	MetaCyc:3-HEXAPRENYL-4-HYDROXY-5-METHOXYBENZOATE@Charged	eQuilibrator:MNXM3166
cpd03152	MetaCyc:N-METHYL-RS-TETRAHYDROBENZYLISOQUINOL;KEGG:C05314@Charged;ChEBI:57598	MetaCyc:N-METHYL-RS-TETRAHYDROBENZYLISOQUINOL;KEGG:C05314@Charged;ChEBI:57598	MetaCyc:N-METHYL-RS-TETRAHYDROBENZYLISOQUINOL;KEGG:C05314@Charged;ChEBI:57598	MetaCyc:N-METHYL-RS-TETRAHYDROBENZYLISOQUINOL;KEGG:C05314@Charged;ChEBI:57598		KEGG:C05314	EQ	eQuilibrator:MNXM4229	MetaCyc:N-METHYL-RS-TETRAHYDROBENZYLISOQUINOL@Charged	eQuilibrator:MNXM4229
cpd03153	MetaCyc:PALMATINE;KEGG:C05315;ChEBI:16096	MetaCyc:PALMATINE;KEGG:C05315;ChEBI:16096	MetaCyc:PALMATINE;KEGG:C05315;ChEBI:16096	MetaCyc:PALMATINE;KEGG:C05315;ChEBI:16096		KEGG:C05315	GC	KEGG:C05315@Charged	KEGG:C05315@Charged	eQuilibrator:MNXM1849
cpd03154	MetaCyc:DIHYDROMACARPINE;KEGG:C05316;ChEBI:18029	MetaCyc:DIHYDROMACARPINE;KEGG:C05316;ChEBI:18029	MetaCyc:DIHYDROMACARPINE;KEGG:C05316;ChEBI:18029	MetaCyc:DIHYDROMACARPINE;KEGG:C05316;ChEBI:18029	KEGG:C05316	KEGG:C05316	EQ	eQuilibrator:MNXM2368	KEGG:C05316@Charged	eQuilibrator:MNXM2368
cpd03155	MetaCyc:NORORIENTALINE;KEGG:C05317@Charged;ChEBI:57996	MetaCyc:NORORIENTALINE;KEGG:C05317@Charged;ChEBI:57996	MetaCyc:NORORIENTALINE;KEGG:C05317@Charged;ChEBI:57996	MetaCyc:NORORIENTALINE;KEGG:C05317@Charged;ChEBI:57996	KEGG:C05317	KEGG:C05317	EQ	eQuilibrator:MNXM3675	MetaCyc:NORORIENTALINE@Charged	eQuilibrator:MNXM3675
cpd03156	MetaCyc:CIS-N-METHYL-S-781314-TETRAHYDROPRO;KEGG:C05318	MetaCyc:CIS-N-METHYL-S-781314-TETRAHYDROPRO;KEGG:C05318	MetaCyc:CIS-N-METHYL-S-781314-TETRAHYDROPRO;KEGG:C05318	MetaCyc:CIS-N-METHYL-S-781314-TETRAHYDROPRO;KEGG:C05318			GC	KEGG:C05318@Charged	KEGG:C05318@Charged	eQuilibrator:MNXM7187
cpd03157	MetaCyc:7-O-ACETYLSALUTARIDINOL;KEGG:C05322@Charged;ChEBI:57672	MetaCyc:7-O-ACETYLSALUTARIDINOL;KEGG:C05322@Charged;ChEBI:57672	MetaCyc:7-O-ACETYLSALUTARIDINOL;KEGG:C05322@Charged;ChEBI:57672	MetaCyc:7-O-ACETYLSALUTARIDINOL;KEGG:C05322@Charged;ChEBI:57672	KEGG:C05322	KEGG:C05322	GC	MetaCyc:7-O-ACETYLSALUTARIDINOL@Charged	MetaCyc:7-O-ACETYLSALUTARIDINOL@Charged	
cpd03158	MetaCyc:CPD-463;KEGG:C05324;ChEBI:58249	MetaCyc:CPD-463;KEGG:C05324;ChEBI:58249	MetaCyc:CPD-463;KEGG:C05324;ChEBI:58249	MetaCyc:CPD-463;KEGG:C05324@Charged;ChEBI:58249	KEGG:C05324	KEGG:C05324	EQ	eQuilibrator:MNXM2055	MetaCyc:CPD-463@Charged	eQuilibrator:MNXM2055
cpd03159	MetaCyc:D-2-AMINO-HEXANO-6-LACTAM;KEGG:C05328@Charged;ChEBI:58609	MetaCyc:D-2-AMINO-HEXANO-6-LACTAM;KEGG:C05328@Charged;ChEBI:58609	MetaCyc:D-2-AMINO-HEXANO-6-LACTAM;KEGG:C05328@Charged;ChEBI:58609	MetaCyc:D-2-AMINO-HEXANO-6-LACTAM;KEGG:C05328@Charged;ChEBI:58609	KEGG:C05328	KEGG:C05328	EQ	eQuilibrator:MNXM4543	MetaCyc:D-2-AMINO-HEXANO-6-LACTAM@Charged	eQuilibrator:MNXM4543
cpd03161	MetaCyc:PHENYLETHYLAMINE;KEGG:C05332@Charged;ChEBI:225237	MetaCyc:PHENYLETHYLAMINE;KEGG:C05332@Charged;ChEBI:225237	MetaCyc:PHENYLETHYLAMINE;KEGG:C05332@Charged;ChEBI:225237	MetaCyc:PHENYLETHYLAMINE;KEGG:C05332@Charged;ChEBI:225237		KEGG:C05332	EQ	eQuilibrator:MNXM660	MetaCyc:PHENYLETHYLAMINE@Charged	eQuilibrator:MNXM660
cpd03162	KEGG:C05334	KEGG:C05334	KEGG:C05334	KEGG:C05334	KEGG:C05334	KEGG:C05334	EQ	eQuilibrator:MNXM37028	KEGG:C05334@Charged	eQuilibrator:MNXM37028
cpd03163	MetaCyc:SELENOMETHIONINE;KEGG:C05335;ChEBI:62621	MetaCyc:SELENOMETHIONINE;KEGG:C05335;ChEBI:62621	MetaCyc:SELENOMETHIONINE;KEGG:C05335;ChEBI:62621	MetaCyc:SELENOMETHIONINE;KEGG:C05335@Charged;ChEBI:62621	KEGG:C05335	KEGG:C05335	GC	MetaCyc:SELENOMETHIONINE@Charged	MetaCyc:SELENOMETHIONINE@Charged	
cpd03164	MetaCyc:CPD-10556;KEGG:C05337@Charged;ChEBI:62989	MetaCyc:CPD-10556;KEGG:C05337@Charged;ChEBI:62989	MetaCyc:CPD-10556;KEGG:C05337@Charged;ChEBI:62989	MetaCyc:CPD-10556;KEGG:C05337@Charged;ChEBI:62989	KEGG:C05337	KEGG:C05337	GC	KEGG:C05337@Charged	KEGG:C05337@Charged	eQuilibrator:MNXM834
cpd03165	MetaCyc:4-HYDROXYPHENYLACETYL-COA;KEGG:C05338@Charged;ChEBI:189557	MetaCyc:4-HYDROXYPHENYLACETYL-COA;KEGG:C05338@Charged;ChEBI:189557	MetaCyc:4-HYDROXYPHENYLACETYL-COA;KEGG:C05338@Charged;ChEBI:189557	MetaCyc:4-HYDROXYPHENYLACETYL-COA;KEGG:C05338@Charged;ChEBI:189557	KEGG:C05338	KEGG:C05338	EQ	eQuilibrator:MNXM37550	KEGG:C05338@Charged	eQuilibrator:MNXM37550
cpd03166	MetaCyc:CPD-27;KEGG:C05339@Charged;ChEBI:29198;ChEBI:44951	MetaCyc:CPD-27;KEGG:C05339@Charged;ChEBI:29198;ChEBI:44951	MetaCyc:CPD-27;KEGG:C05339@Charged;ChEBI:29198;ChEBI:44951	MetaCyc:CPD-27@Charged;KEGG:C05339@Charged;ChEBI:29198@Charged;ChEBI:44951	KEGG:C05339		GC	MetaCyc:CPD-27@Charged	MetaCyc:CPD-27@Charged	
cpd03167	KEGG:C05340@Charged;ChEBI:143157	KEGG:C05340@Charged;ChEBI:143157	KEGG:C05340@Charged;ChEBI:143157	KEGG:C05340@Charged;ChEBI:143157	KEGG:C05340	KEGG:C05340	EQ	eQuilibrator:MNXM7111	KEGG:C05340@Charged	eQuilibrator:MNXM7111
cpd03168	KEGG:C05341@Charged;ChEBI:143161	KEGG:C05341@Charged;ChEBI:143161	KEGG:C05341@Charged;ChEBI:143161	KEGG:C05341@Charged;ChEBI:143161	KEGG:C05341	KEGG:C05341	EQ	eQuilibrator:MNXM7112	KEGG:C05341@Charged	eQuilibrator:MNXM7112
cpd03169	MetaCyc:CPD0-1033;KEGG:C05342	MetaCyc:CPD0-1033;KEGG:C05342	MetaCyc:CPD0-1033;KEGG:C05342	MetaCyc:CPD0-1033;KEGG:C05342	KEGG:C05342	KEGG:C05342	GC	KEGG:C05342@Charged	KEGG:C05342@Charged	eQuilibrator:MNXM79631
cpd03170	MetaCyc:CPD-105;KEGG:C05343@Charged	MetaCyc:CPD-105;KEGG:C05343@Charged	MetaCyc:CPD-105;KEGG:C05343@Charged	MetaCyc:CPD-105;KEGG:C05343@Charged	KEGG:C05343	KEGG:C05343	EQ	eQuilibrator:MNXM7946	KEGG:C05343@Charged	eQuilibrator:MNXM7946
cpd03171	KEGG:C05344@Charged	KEGG:C05344@Charged	KEGG:C05344@Charged	KEGG:C05344@Charged	KEGG:C05344	KEGG:C05344	GC	KEGG:C05344@Charged	KEGG:C05344@Charged	
cpd03173	MetaCyc:CPD-12843;KEGG:C05349	MetaCyc:CPD-12843;KEGG:C05349	MetaCyc:CPD-12843;KEGG:C05349	MetaCyc:CPD-12843;KEGG:C05349@Charged	KEGG:C05349	KEGG:C05349	EQ	eQuilibrator:MNXM46876	KEGG:C05349@Charged	eQuilibrator:MNXM46876
cpd03174	MetaCyc:CPD-21004@Charged;KEGG:C05350@Charged	MetaCyc:CPD-21004@Charged;KEGG:C05350@Charged	MetaCyc:CPD-21004@Charged;KEGG:C05350@Charged	MetaCyc:CPD-21004@Charged;KEGG:C05350@Charged	KEGG:C05350	KEGG:C05350	EQ	eQuilibrator:MNXM153	KEGG:C05350@Charged	eQuilibrator:MNXM153
cpd03175	MetaCyc:CPD-22980;KEGG:C05353	MetaCyc:CPD-22980;KEGG:C05353	MetaCyc:CPD-22980;KEGG:C05353	MetaCyc:CPD-22980;KEGG:C05353@Charged	KEGG:C05353	KEGG:C05353	GC	KEGG:C05353@Charged	KEGG:C05353@Charged	eQuilibrator:MNXM64023
cpd03176	KEGG:C05356@Charged;ChEBI:57450	KEGG:C05356@Charged;ChEBI:57450	KEGG:C05356@Charged;ChEBI:57450	KEGG:C05356@Charged;ChEBI:57450	KEGG:C05356	KEGG:C05356	GC	KEGG:C05356@Charged	KEGG:C05356@Charged	
cpd03177	MetaCyc:HYDRAZINE@Charged;KEGG:C05361@Charged;ChEBI:15571@Charged	MetaCyc:HYDRAZINE@Charged;KEGG:C05361@Charged;ChEBI:15571@Charged	MetaCyc:HYDRAZINE@Charged;KEGG:C05361@Charged;ChEBI:15571@Charged	MetaCyc:HYDRAZINE@Charged;KEGG:C05361@Charged;ChEBI:15571@Charged		KEGG:C05361	EQ	eQuilibrator:MNXM1428	MetaCyc:HYDRAZINE@Charged	eQuilibrator:MNXM1428
cpd03178	MetaCyc:CPD-186;KEGG:C05364@Charged;ChEBI:142690	MetaCyc:CPD-186;KEGG:C05364@Charged;ChEBI:142690	MetaCyc:CPD-186;KEGG:C05364@Charged;ChEBI:142690	MetaCyc:CPD-186;KEGG:C05364@Charged;ChEBI:142690	KEGG:C05364		EQ	eQuilibrator:MNXM722850	KEGG:C05364@Charged	eQuilibrator:MNXM722850
cpd03179	KEGG:C05370@Charged	KEGG:C05370@Charged	KEGG:C05370@Charged	KEGG:C05370@Charged	KEGG:C05370	KEGG:C05370	GC	KEGG:C05370@Charged	KEGG:C05370@Charged	
cpd03180	KEGG:C05371@Charged	KEGG:C05371@Charged	KEGG:C05371@Charged	KEGG:C05371@Charged	KEGG:C05371	KEGG:C05371	EQ	eQuilibrator:MNXM62111	KEGG:C05371@Charged	eQuilibrator:MNXM62111
cpd03181	MetaCyc:CPD-25937;KEGG:C05372	MetaCyc:CPD-25937;KEGG:C05372	MetaCyc:CPD-25937;KEGG:C05372	MetaCyc:CPD-25937;KEGG:C05372	KEGG:C05372	KEGG:C05372	GC	KEGG:C05372@Charged	KEGG:C05372@Charged	eQuilibrator:MNXM83387
cpd03182										
cpd03183	MetaCyc:CPD-2542;KEGG:C05375@Charged;ChEBI:61985	MetaCyc:CPD-2542;KEGG:C05375@Charged;ChEBI:61985	MetaCyc:CPD-2542;KEGG:C05375@Charged;ChEBI:61985	MetaCyc:CPD-2542;KEGG:C05375@Charged;ChEBI:61985	KEGG:C05375	KEGG:C05375	EQ	eQuilibrator:MNXM2943	MetaCyc:CPD-2542@Charged	eQuilibrator:MNXM2943
cpd03184					KEGG:C05376	KEGG:C05376	GC			
cpd03185	MetaCyc:CPD-3766;KEGG:C05377;ChEBI:28869	MetaCyc:CPD-3766;KEGG:C05377;ChEBI:28869	MetaCyc:CPD-3766;KEGG:C05377;ChEBI:28869	MetaCyc:CPD-3766;KEGG:C05377;ChEBI:28869		KEGG:C05377	EQ	eQuilibrator:MNXM2397	MetaCyc:CPD-3766@Charged	eQuilibrator:MNXM2397
cpd03187	MetaCyc:OXALO-SUCCINATE;KEGG:C05379@Charged	MetaCyc:OXALO-SUCCINATE;KEGG:C05379@Charged	MetaCyc:OXALO-SUCCINATE;KEGG:C05379@Charged	MetaCyc:OXALO-SUCCINATE;KEGG:C05379@Charged	KEGG:C05379	KEGG:C05379	EQ	eQuilibrator:MNXM1289	MetaCyc:OXALO-SUCCINATE@Charged	eQuilibrator:MNXM1289
cpd03188	KEGG:C05380@Charged	KEGG:C05380@Charged	KEGG:C05380@Charged	KEGG:C05380@Charged	KEGG:C05380	KEGG:C05380	EQ	eQuilibrator:MNXM8921	KEGG:C05380@Charged	eQuilibrator:MNXM8921
cpd03189	KEGG:C05381@Charged	KEGG:C05381@Charged	KEGG:C05381@Charged	KEGG:C05381@Charged	KEGG:C05381	KEGG:C05381	GC	KEGG:C05381@Charged	KEGG:C05381@Charged	
cpd03191										
cpd03192	KEGG:C05386@Charged	KEGG:C05386@Charged	KEGG:C05386@Charged	KEGG:C05386@Charged	KEGG:C05386	KEGG:C05386	GC	KEGG:C05386@Charged	KEGG:C05386@Charged	
cpd03193	MetaCyc:CPD-1242;KEGG:C05394;ChEBI:27453	MetaCyc:CPD-1242;KEGG:C05394;ChEBI:27453	MetaCyc:CPD-1242;KEGG:C05394;ChEBI:27453	MetaCyc:CPD-1242;KEGG:C05394;ChEBI:27453	KEGG:C05394	KEGG:C05394	EQ	eQuilibrator:MNXM4339	MetaCyc:CPD-1242@Charged	eQuilibrator:MNXM4339
cpd03194	MetaCyc:CPD-15973;KEGG:C05396@Charged;ChEBI:79080	MetaCyc:CPD-15973;KEGG:C05396@Charged;ChEBI:79080	MetaCyc:CPD-15973;KEGG:C05396@Charged;ChEBI:79080	MetaCyc:CPD-15973;KEGG:C05396@Charged;ChEBI:79080	KEGG:C05396	KEGG:C05396	EQ	eQuilibrator:MNXM2128	KEGG:C05396@Charged	eQuilibrator:MNXM2128
cpd03195	KEGG:C05399	KEGG:C05399	KEGG:C05399	KEGG:C05399	KEGG:C05399	KEGG:C05399	GC	KEGG:C05399@Charged	KEGG:C05399@Charged	
cpd03196	KEGG:C05400	KEGG:C05400	KEGG:C05400	KEGG:C05400	KEGG:C05400	KEGG:C05400	GC	KEGG:C05400@Charged	KEGG:C05400@Charged	
cpd03197	MetaCyc:3-B-D-GALACTOSYL-SN-GLYCEROL;KEGG:C05401;ChEBI:15754	MetaCyc:3-B-D-GALACTOSYL-SN-GLYCEROL;KEGG:C05401;ChEBI:15754	MetaCyc:3-B-D-GALACTOSYL-SN-GLYCEROL;KEGG:C05401;ChEBI:15754	MetaCyc:3-B-D-GALACTOSYL-SN-GLYCEROL;KEGG:C05401;ChEBI:15754	KEGG:C05401	KEGG:C05401	EQ	eQuilibrator:MNXM2608	KEGG:C05401@Charged	eQuilibrator:MNXM2608
cpd03198	MetaCyc:MELIBIOSE;KEGG:C05402;ChEBI:28053	MetaCyc:MELIBIOSE;KEGG:C05402;ChEBI:28053	MetaCyc:MELIBIOSE;KEGG:C05402;ChEBI:28053	MetaCyc:MELIBIOSE;KEGG:C05402;ChEBI:28053	KEGG:C05402	KEGG:C05402	EQ	eQuilibrator:MNXM1434	MetaCyc:MELIBIOSE@Charged	eQuilibrator:MNXM1434
cpd03199	MetaCyc:3-KETOLACTOSE;KEGG:C05403	MetaCyc:3-KETOLACTOSE;KEGG:C05403	MetaCyc:3-KETOLACTOSE;KEGG:C05403	MetaCyc:3-KETOLACTOSE;KEGG:C05403	KEGG:C05403	KEGG:C05403	GC	KEGG:C05403@Charged	KEGG:C05403@Charged	
cpd03200	MetaCyc:CPD-8249	MetaCyc:CPD-8249	MetaCyc:CPD-8249	MetaCyc:CPD-8249	KEGG:C05404	KEGG:C05404	GC	MetaCyc:CPD-8249@Charged	MetaCyc:CPD-8249@Charged	
cpd03201	MetaCyc:L-ARABINO-1-5-LACTONE;KEGG:C05405	MetaCyc:L-ARABINO-1-5-LACTONE;KEGG:C05405	MetaCyc:L-ARABINO-1-5-LACTONE;KEGG:C05405	MetaCyc:L-ARABINO-1-5-LACTONE;KEGG:C05405	KEGG:C05405	KEGG:C05405	EQ	eQuilibrator:MNXM12050	KEGG:C05405@Charged	eQuilibrator:MNXM12050
cpd03202	KEGG:C05410	KEGG:C05410	KEGG:C05410	KEGG:C05410	KEGG:C05410	KEGG:C05410	GC	KEGG:C05410@Charged	KEGG:C05410@Charged	
cpd03203	MetaCyc:L-XYLONATE;KEGG:C05411@Charged	MetaCyc:L-XYLONATE;KEGG:C05411@Charged	MetaCyc:L-XYLONATE;KEGG:C05411@Charged	MetaCyc:L-XYLONATE;KEGG:C05411@Charged	KEGG:C05411	KEGG:C05411	EQ	eQuilibrator:MNXM8831	MetaCyc:L-XYLONATE@Charged	eQuilibrator:MNXM8831
cpd03204	KEGG:C05412@Charged	KEGG:C05412@Charged	KEGG:C05412@Charged	KEGG:C05412@Charged	KEGG:C05412	KEGG:C05412	GC	KEGG:C05412@Charged	KEGG:C05412@Charged	
cpd03205	MetaCyc:PHYTOENE;KEGG:C05413;ChEBI:8191	MetaCyc:PHYTOENE;KEGG:C05413;ChEBI:8191	MetaCyc:PHYTOENE;KEGG:C05413;ChEBI:8191	MetaCyc:PHYTOENE;KEGG:C05413;ChEBI:8191			EQ	eQuilibrator:MNXM1910	MetaCyc:PHYTOENE@Charged	eQuilibrator:MNXM1910
cpd03206	MetaCyc:CPD-7408;KEGG:C05414;ChEBI:28129	MetaCyc:CPD-7408;KEGG:C05414;ChEBI:28129	MetaCyc:CPD-7408;KEGG:C05414;ChEBI:28129	MetaCyc:CPD-7408;KEGG:C05414;ChEBI:28129			EQ	eQuilibrator:MNXM2099	MetaCyc:CPD-7408@Charged	eQuilibrator:MNXM2099
cpd03207	KEGG:C05416	KEGG:C05416	KEGG:C05416	KEGG:C05416			GC	KEGG:C05416@Charged	KEGG:C05416@Charged	eQuilibrator:MNXM6210
cpd03208	KEGG:C05417	KEGG:C05417	KEGG:C05417	KEGG:C05417		KEGG:C05417	GC	KEGG:C05417@Charged	KEGG:C05417@Charged	
cpd03209	MetaCyc:CPD-8897;KEGG:C05418;ChEBI:28164	MetaCyc:CPD-8897;KEGG:C05418;ChEBI:28164	MetaCyc:CPD-8897;KEGG:C05418;ChEBI:28164	MetaCyc:CPD-8897;KEGG:C05418;ChEBI:28164	KEGG:C05418	KEGG:C05418	GC	MetaCyc:CPD-8897@Charged	MetaCyc:CPD-8897@Charged	
cpd03210										
cpd03211	MetaCyc:CPD-12321;KEGG:C05421;ChEBI:27787	MetaCyc:CPD-12321;KEGG:C05421;ChEBI:27787	MetaCyc:CPD-12321;KEGG:C05421;ChEBI:27787	MetaCyc:CPD-12321;KEGG:C05421;ChEBI:27787			EQ	eQuilibrator:MNXM557	KEGG:C05421@Charged	eQuilibrator:MNXM557
cpd03213	MetaCyc:CPD-8896;KEGG:C05425;ChEBI:28082	MetaCyc:CPD-8896;KEGG:C05425;ChEBI:28082	MetaCyc:CPD-8896;KEGG:C05425;ChEBI:28082	MetaCyc:CPD-8896;KEGG:C05425;ChEBI:28082	KEGG:C05425	KEGG:C05425	GC	KEGG:C05425@Charged	KEGG:C05425@Charged	eQuilibrator:MNXM2201
cpd03214	MetaCyc:PHYTYL-PYROPHOSPHATE@Charged;KEGG:C05427@Charged;ChEBI:75434@Charged	MetaCyc:PHYTYL-PYROPHOSPHATE@Charged;KEGG:C05427@Charged;ChEBI:75434@Charged	MetaCyc:PHYTYL-PYROPHOSPHATE@Charged;KEGG:C05427@Charged;ChEBI:75434@Charged	MetaCyc:PHYTYL-PYROPHOSPHATE@Charged;KEGG:C05427@Charged;ChEBI:75434@Charged	KEGG:C05427		EQ	eQuilibrator:MNXM903	MetaCyc:PHYTYL-PYROPHOSPHATE@Charged	eQuilibrator:MNXM903
cpd03215	MetaCyc:CPD1F-98;KEGG:C05430;ChEBI:28068	MetaCyc:CPD1F-98;KEGG:C05430;ChEBI:28068	MetaCyc:CPD1F-98;KEGG:C05430;ChEBI:28068	MetaCyc:CPD1F-98;KEGG:C05430;ChEBI:28068			EQ	eQuilibrator:MNXM1039	KEGG:C05430@Charged	eQuilibrator:MNXM1039
cpd03216	MetaCyc:NEUROSPORENE;KEGG:C05431;ChEBI:16833	MetaCyc:NEUROSPORENE;KEGG:C05431;ChEBI:16833	MetaCyc:NEUROSPORENE;KEGG:C05431;ChEBI:16833	MetaCyc:NEUROSPORENE;KEGG:C05431;ChEBI:16833			EQ	eQuilibrator:MNXM949	KEGG:C05431@Charged	eQuilibrator:MNXM949
cpd03217	MetaCyc:CPD1F-114;KEGG:C05432;ChEBI:15948	MetaCyc:CPD1F-114;KEGG:C05432;ChEBI:15948	MetaCyc:CPD1F-114;KEGG:C05432;ChEBI:15948	MetaCyc:CPD1F-114;KEGG:C05432;ChEBI:15948			EQ	eQuilibrator:MNXM445	MetaCyc:CPD1F-114@Charged	eQuilibrator:MNXM445
cpd03218	KEGG:C05433;ChEBI:28425	KEGG:C05433;ChEBI:28425	KEGG:C05433;ChEBI:28425	KEGG:C05433;ChEBI:28425			EQ	eQuilibrator:MNXM2000	KEGG:C05433@Charged	eQuilibrator:MNXM2000
cpd03219	MetaCyc:CPD-7419;KEGG:C05434;ChEBI:27533	MetaCyc:CPD-7419;KEGG:C05434;ChEBI:27533	MetaCyc:CPD-7419;KEGG:C05434;ChEBI:27533	MetaCyc:CPD-7419;KEGG:C05434;ChEBI:27533			EQ	eQuilibrator:MNXM3549	KEGG:C05434@Charged	eQuilibrator:MNXM3549
cpd03220	MetaCyc:CPD1F-126;KEGG:C05435;ChEBI:27740	MetaCyc:CPD1F-126;KEGG:C05435;ChEBI:27740	MetaCyc:CPD1F-126;KEGG:C05435;ChEBI:27740	MetaCyc:CPD1F-126;KEGG:C05435;ChEBI:27740			EQ	eQuilibrator:MNXM1048	MetaCyc:CPD1F-126@Charged	eQuilibrator:MNXM1048
cpd03221	MetaCyc:ZYMOSTEROL;KEGG:C05437;ChEBI:18252	MetaCyc:ZYMOSTEROL;KEGG:C05437;ChEBI:18252	MetaCyc:ZYMOSTEROL;KEGG:C05437;ChEBI:18252	MetaCyc:ZYMOSTEROL;KEGG:C05437;ChEBI:18252	KEGG:C05437	KEGG:C05437	GC	KEGG:C05437@Charged	KEGG:C05437@Charged	eQuilibrator:MNXM574
cpd03222	MetaCyc:5-ALPHA-CHOLESTA-724-DIEN-3-BETA-OL;ChEBI:16290	MetaCyc:5-ALPHA-CHOLESTA-724-DIEN-3-BETA-OL;ChEBI:16290	MetaCyc:5-ALPHA-CHOLESTA-724-DIEN-3-BETA-OL;ChEBI:16290	MetaCyc:5-ALPHA-CHOLESTA-724-DIEN-3-BETA-OL;ChEBI:16290	KEGG:C05439	KEGG:C05439	GC	MetaCyc:5-ALPHA-CHOLESTA-724-DIEN-3-BETA-OL@Charged	MetaCyc:5-ALPHA-CHOLESTA-724-DIEN-3-BETA-OL@Charged	eQuilibrator:MNXM830
cpd03223	MetaCyc:57222428-ERGOSTATETRAENOL;ChEBI:18249	MetaCyc:57222428-ERGOSTATETRAENOL;ChEBI:18249	MetaCyc:57222428-ERGOSTATETRAENOL;ChEBI:18249	MetaCyc:57222428-ERGOSTATETRAENOL;ChEBI:18249	KEGG:C05440	KEGG:C05440	GC	MetaCyc:57222428-ERGOSTATETRAENOL@Charged	MetaCyc:57222428-ERGOSTATETRAENOL@Charged	eQuilibrator:MNXM1109
cpd03224	KEGG:C05441;ChEBI:28934	KEGG:C05441;ChEBI:28934	KEGG:C05441;ChEBI:28934	KEGG:C05441;ChEBI:28934	KEGG:C05441	KEGG:C05441	GC	KEGG:C05441@Charged	KEGG:C05441@Charged	eQuilibrator:MNXM5332
cpd03225	MetaCyc:CPD-4162;KEGG:C05442;ChEBI:28824	MetaCyc:CPD-4162;KEGG:C05442;ChEBI:28824	MetaCyc:CPD-4162;KEGG:C05442;ChEBI:28824	MetaCyc:CPD-4162;KEGG:C05442;ChEBI:28824	KEGG:C05442	KEGG:C05442	GC	KEGG:C05442@Charged	KEGG:C05442@Charged	eQuilibrator:MNXM6385
cpd03226	KEGG:C05443;ChEBI:28940	KEGG:C05443;ChEBI:28940	KEGG:C05443;ChEBI:28940	KEGG:C05443;ChEBI:28940	KEGG:C05443	KEGG:C05443	GC	KEGG:C05443@Charged	KEGG:C05443@Charged	eQuilibrator:MNXM1320
cpd03227	KEGG:C05444	KEGG:C05444	KEGG:C05444	KEGG:C05444	KEGG:C05444	KEGG:C05444	GC	KEGG:C05444@Charged	KEGG:C05444@Charged	eQuilibrator:MNXM1138
cpd03228	KEGG:C05445	KEGG:C05445	KEGG:C05445	KEGG:C05445	KEGG:C05445	KEGG:C05445	GC	KEGG:C05445@Charged	KEGG:C05445@Charged	eQuilibrator:MNXM1174
cpd03229	MetaCyc:5-BETA-CHOLESTANE-3-ALPHA7-TETRAOL;ChEBI:48939	MetaCyc:5-BETA-CHOLESTANE-3-ALPHA7-TETRAOL;ChEBI:48939	MetaCyc:5-BETA-CHOLESTANE-3-ALPHA7-TETRAOL;ChEBI:48939	MetaCyc:5-BETA-CHOLESTANE-3-ALPHA7-TETRAOL;ChEBI:48939	KEGG:C05446	KEGG:C05446	GC	MetaCyc:5-BETA-CHOLESTANE-3-ALPHA7-TETRAOL@Charged	MetaCyc:5-BETA-CHOLESTANE-3-ALPHA7-TETRAOL@Charged	eQuilibrator:MNXM643
cpd03230	KEGG:C05447@Charged	KEGG:C05447@Charged	KEGG:C05447@Charged	KEGG:C05447@Charged	KEGG:C05447	KEGG:C05447	GC	KEGG:C05447@Charged	KEGG:C05447@Charged	eQuilibrator:MNXM2748
cpd03231	KEGG:C05448@Charged	KEGG:C05448@Charged	KEGG:C05448@Charged	KEGG:C05448@Charged	KEGG:C05448	KEGG:C05448	GC	KEGG:C05448@Charged	KEGG:C05448@Charged	eQuilibrator:MNXM560
cpd03232	KEGG:C05449@Charged	KEGG:C05449@Charged	KEGG:C05449@Charged	KEGG:C05449@Charged	KEGG:C05449	KEGG:C05449	GC	KEGG:C05449@Charged	KEGG:C05449@Charged	eQuilibrator:MNXM3173
cpd03233	KEGG:C05450@Charged	KEGG:C05450@Charged	KEGG:C05450@Charged	KEGG:C05450@Charged	KEGG:C05450	KEGG:C05450	GC	KEGG:C05450@Charged	KEGG:C05450@Charged	eQuilibrator:MNXM827
cpd03234	MetaCyc:CPD-10548;KEGG:C05451;ChEBI:2290	MetaCyc:CPD-10548;KEGG:C05451;ChEBI:2290	MetaCyc:CPD-10548;KEGG:C05451;ChEBI:2290	MetaCyc:CPD-10548;KEGG:C05451;ChEBI:2290		KEGG:C05451	GC	KEGG:C05451@Charged	KEGG:C05451@Charged	eQuilibrator:MNXM1367
cpd03235	MetaCyc:CPD-7238;KEGG:C05452;ChEBI:28047	MetaCyc:CPD-7238;KEGG:C05452;ChEBI:28047	MetaCyc:CPD-7238;KEGG:C05452;ChEBI:28047	MetaCyc:CPD-7238;KEGG:C05452;ChEBI:28047	KEGG:C05452	KEGG:C05452	GC	KEGG:C05452@Charged	KEGG:C05452@Charged	eQuilibrator:MNXM875
cpd03236	MetaCyc:CPD-10503;KEGG:C05453;ChEBI:2288	MetaCyc:CPD-10503;KEGG:C05453;ChEBI:2288	MetaCyc:CPD-10503;KEGG:C05453;ChEBI:2288	MetaCyc:CPD-10503;KEGG:C05453;ChEBI:2288		KEGG:C05453	GC	MetaCyc:CPD-10503@Charged	MetaCyc:CPD-10503@Charged	eQuilibrator:MNXM1180
cpd03237	MetaCyc:5-BETA-CHOLESTANE-3-ALPHA7-ALPHA12-ALP;KEGG:C05454;ChEBI:16496	MetaCyc:5-BETA-CHOLESTANE-3-ALPHA7-ALPHA12-ALP;KEGG:C05454;ChEBI:16496	MetaCyc:5-BETA-CHOLESTANE-3-ALPHA7-ALPHA12-ALP;KEGG:C05454;ChEBI:16496	MetaCyc:5-BETA-CHOLESTANE-3-ALPHA7-ALPHA12-ALP;KEGG:C05454;ChEBI:16496	KEGG:C05454	KEGG:C05454	GC	MetaCyc:5-BETA-CHOLESTANE-3-ALPHA7-ALPHA12-ALP@Charged	MetaCyc:5-BETA-CHOLESTANE-3-ALPHA7-ALPHA12-ALP@Charged	eQuilibrator:MNXM709
cpd03238	MetaCyc:CPD-1087;KEGG:C05455;ChEBI:17899	MetaCyc:CPD-1087;KEGG:C05455;ChEBI:17899	MetaCyc:CPD-1087;KEGG:C05455;ChEBI:17899	MetaCyc:CPD-1087;KEGG:C05455;ChEBI:17899	KEGG:C05455	KEGG:C05455	GC	MetaCyc:CPD-1087@Charged	MetaCyc:CPD-1087@Charged	eQuilibrator:MNXM595
cpd03239	MetaCyc:CPD-7237;KEGG:C17339;ChEBI:28477	MetaCyc:CPD-7237;KEGG:C17339;ChEBI:28477	MetaCyc:CPD-7237;KEGG:C17339;ChEBI:28477	MetaCyc:CPD-7237;KEGG:C17339;ChEBI:28477	KEGG:C17339	KEGG:C17339	GC	MetaCyc:CPD-7237@Charged	MetaCyc:CPD-7237@Charged	eQuilibrator:MNXM942
cpd03240	KEGG:C05458	KEGG:C05458	KEGG:C05458	KEGG:C05458		KEGG:C05458	GC	KEGG:C05458@Charged	KEGG:C05458@Charged	
cpd03241	KEGG:C05460@Charged	KEGG:C05460@Charged	KEGG:C05460@Charged	KEGG:C05460@Charged	KEGG:C05460	KEGG:C05460	GC	KEGG:C05460@Charged	KEGG:C05460@Charged	eQuilibrator:MNXM2747
cpd03242										
cpd03243	MetaCyc:GLYCOCHENODEOXYCHOLIC_ACID;KEGG:C05466@Charged;ChEBI:36252	MetaCyc:GLYCOCHENODEOXYCHOLIC_ACID;KEGG:C05466@Charged;ChEBI:36252	MetaCyc:GLYCOCHENODEOXYCHOLIC_ACID;KEGG:C05466@Charged;ChEBI:36252	MetaCyc:GLYCOCHENODEOXYCHOLIC_ACID;KEGG:C05466@Charged;ChEBI:36252	KEGG:C05466	KEGG:C05466	GC	KEGG:C05466@Charged	KEGG:C05466@Charged	eQuilibrator:MNXM2379
cpd03244	MetaCyc:CPD-12457;ChEBI:36261	MetaCyc:CPD-12457;ChEBI:36261	MetaCyc:CPD-12457;ChEBI:36261	MetaCyc:CPD-12457;ChEBI:36261	KEGG:C05463	KEGG:C05463	GC	MetaCyc:CPD-12457@Charged	MetaCyc:CPD-12457@Charged	eQuilibrator:MNXM9132
cpd03245	MetaCyc:GLYCODEOXYCHOLIC_ACID;KEGG:C05464@Charged;ChEBI:82982	MetaCyc:GLYCODEOXYCHOLIC_ACID;KEGG:C05464@Charged;ChEBI:82982	MetaCyc:GLYCODEOXYCHOLIC_ACID;KEGG:C05464@Charged;ChEBI:82982	MetaCyc:GLYCODEOXYCHOLIC_ACID;KEGG:C05464@Charged;ChEBI:82982	KEGG:C05464	KEGG:C05464	GC	KEGG:C05464@Charged	KEGG:C05464@Charged	eQuilibrator:MNXM8677
cpd03246	MetaCyc:CPD-7283;KEGG:C05465@Charged;ChEBI:9407	MetaCyc:CPD-7283;KEGG:C05465@Charged;ChEBI:9407	MetaCyc:CPD-7283;KEGG:C05465@Charged;ChEBI:9407	MetaCyc:CPD-7283;KEGG:C05465@Charged;ChEBI:9407	KEGG:C05465	KEGG:C05465	GC	KEGG:C05465@Charged	KEGG:C05465@Charged	eQuilibrator:MNXM1779
cpd03247										
cpd03248	MetaCyc:CPD-7257;KEGG:C05467@Charged;ChEBI:58507	MetaCyc:CPD-7257;KEGG:C05467@Charged;ChEBI:58507	MetaCyc:CPD-7257;KEGG:C05467@Charged;ChEBI:58507	MetaCyc:CPD-7257;KEGG:C05467@Charged;ChEBI:58507	KEGG:C05467	KEGG:C05467	GC	MetaCyc:CPD-7257@Charged	MetaCyc:CPD-7257@Charged	eQuilibrator:MNXM873
cpd03249	KEGG:C05468@Charged	KEGG:C05468@Charged	KEGG:C05468@Charged	KEGG:C05468@Charged	KEGG:C05468	KEGG:C05468	GC	KEGG:C05468@Charged	KEGG:C05468@Charged	
cpd03250	MetaCyc:CPD-287;KEGG:C05469;ChEBI:18093	MetaCyc:CPD-287;KEGG:C05469;ChEBI:18093	MetaCyc:CPD-287;KEGG:C05469;ChEBI:18093	MetaCyc:CPD-287;KEGG:C05469;ChEBI:18093	KEGG:C05469	KEGG:C05469	GC	KEGG:C05469@Charged	KEGG:C05469@Charged	eQuilibrator:MNXM2461
cpd03251	KEGG:C05470	KEGG:C05470	KEGG:C05470	KEGG:C05470	KEGG:C05470	KEGG:C05470	GC	KEGG:C05470@Charged	KEGG:C05470@Charged	eQuilibrator:MNXM4129
cpd03252	KEGG:C05471;ChEBI:732	KEGG:C05471;ChEBI:732	KEGG:C05471;ChEBI:732	KEGG:C05471;ChEBI:732	KEGG:C05471	KEGG:C05471	GC	KEGG:C05471@Charged	KEGG:C05471@Charged	eQuilibrator:MNXM3786
cpd03253	KEGG:C05472	KEGG:C05472	KEGG:C05472	KEGG:C05472	KEGG:C05472	KEGG:C05472	GC	KEGG:C05472@Charged	KEGG:C05472@Charged	eQuilibrator:MNXM4114
cpd03254	KEGG:C05473;ChEBI:86389	KEGG:C05473;ChEBI:86389	KEGG:C05473;ChEBI:86389	KEGG:C05473;ChEBI:86389	KEGG:C05473	KEGG:C05473	GC	KEGG:C05473@Charged	KEGG:C05473@Charged	
cpd03255	KEGG:C05474	KEGG:C05474	KEGG:C05474	KEGG:C05474	KEGG:C05474	KEGG:C05474	GC	KEGG:C05474@Charged	KEGG:C05474@Charged	eQuilibrator:MNXM5532
cpd03256	KEGG:C05475;ChEBI:86381	KEGG:C05475;ChEBI:86381	KEGG:C05475;ChEBI:86381	KEGG:C05475;ChEBI:86381	KEGG:C05475	KEGG:C05475	GC	KEGG:C05475@Charged	KEGG:C05475@Charged	eQuilibrator:MNXM3432
cpd03257	KEGG:C05476	KEGG:C05476	KEGG:C05476	KEGG:C05476	KEGG:C05476	KEGG:C05476	GC	KEGG:C05476@Charged	KEGG:C05476@Charged	eQuilibrator:MNXM3368
cpd03258	KEGG:C05477	KEGG:C05477	KEGG:C05477	KEGG:C05477	KEGG:C05477	KEGG:C05477	GC	KEGG:C05477@Charged	KEGG:C05477@Charged	eQuilibrator:MNXM3825
cpd03259	KEGG:C05478	KEGG:C05478	KEGG:C05478	KEGG:C05478	KEGG:C05478	KEGG:C05478	GC	KEGG:C05478@Charged	KEGG:C05478@Charged	eQuilibrator:MNXM2612
cpd03260	MetaCyc:CPD-5962;KEGG:C05479;ChEBI:30154	MetaCyc:CPD-5962;KEGG:C05479;ChEBI:30154	MetaCyc:CPD-5962;KEGG:C05479;ChEBI:30154	MetaCyc:CPD-5962;KEGG:C05479;ChEBI:30154	KEGG:C05479	KEGG:C05479	GC	KEGG:C05479@Charged	KEGG:C05479@Charged	eQuilibrator:MNXM1534
cpd03261	MetaCyc:CPD-23967;KEGG:C05480;ChEBI:1712	MetaCyc:CPD-23967;KEGG:C05480;ChEBI:1712	MetaCyc:CPD-23967;KEGG:C05480;ChEBI:1712	MetaCyc:CPD-23967;KEGG:C05480;ChEBI:1712	KEGG:C05480	KEGG:C05480	GC	KEGG:C05480@Charged	KEGG:C05480@Charged	eQuilibrator:MNXM90393
cpd03262	MetaCyc:CORTOLONE	MetaCyc:CORTOLONE	MetaCyc:CORTOLONE	MetaCyc:CORTOLONE	KEGG:C05481	KEGG:C05481	GC	MetaCyc:CORTOLONE@Charged	MetaCyc:CORTOLONE@Charged	
cpd03263	MetaCyc:CORTOL	MetaCyc:CORTOL	MetaCyc:CORTOL	MetaCyc:CORTOL	KEGG:C05482	KEGG:C05482	GC	MetaCyc:CORTOL@Charged	MetaCyc:CORTOL@Charged	
cpd03264	KEGG:C05483	KEGG:C05483	KEGG:C05483	KEGG:C05483	KEGG:C05483	KEGG:C05483	GC	KEGG:C05483@Charged	KEGG:C05483@Charged	eQuilibrator:MNXM166263
cpd03265	MetaCyc:PREGNANEDIOL;KEGG:C05484	MetaCyc:PREGNANEDIOL;KEGG:C05484	MetaCyc:PREGNANEDIOL;KEGG:C05484	MetaCyc:PREGNANEDIOL;KEGG:C05484	KEGG:C05484	KEGG:C05484	GC	KEGG:C05484@Charged	KEGG:C05484@Charged	eQuilibrator:MNXM78000
cpd03266	KEGG:C05485	KEGG:C05485	KEGG:C05485	KEGG:C05485	KEGG:C05485	KEGG:C05485	GC	KEGG:C05485@Charged	KEGG:C05485@Charged	
cpd03267	KEGG:C05487	KEGG:C05487	KEGG:C05487	KEGG:C05487	KEGG:C05487	KEGG:C05487	GC	KEGG:C05487@Charged	KEGG:C05487@Charged	eQuilibrator:MNXM3796
cpd03268	MetaCyc:11-DEOXY-CORTISOL;KEGG:C05488;ChEBI:28324	MetaCyc:11-DEOXY-CORTISOL;KEGG:C05488;ChEBI:28324	MetaCyc:11-DEOXY-CORTISOL;KEGG:C05488;ChEBI:28324	MetaCyc:11-DEOXY-CORTISOL;KEGG:C05488;ChEBI:28324	KEGG:C05488	KEGG:C05488	GC	MetaCyc:11-DEOXY-CORTISOL@Charged	MetaCyc:11-DEOXY-CORTISOL@Charged	eQuilibrator:MNXM1399
cpd03269	KEGG:C05489	KEGG:C05489	KEGG:C05489	KEGG:C05489	KEGG:C05489	KEGG:C05489	GC	KEGG:C05489@Charged	KEGG:C05489@Charged	eQuilibrator:MNXM33191
cpd03270	KEGG:C05490	KEGG:C05490	KEGG:C05490	KEGG:C05490	KEGG:C05490	KEGG:C05490	GC	KEGG:C05490@Charged	KEGG:C05490@Charged	
cpd03271	KEGG:C05497	KEGG:C05497	KEGG:C05497	KEGG:C05497	KEGG:C05497	KEGG:C05497	GC	KEGG:C05497@Charged	KEGG:C05497@Charged	
cpd03272	KEGG:C05498	KEGG:C05498	KEGG:C05498	KEGG:C05498	KEGG:C05498	KEGG:C05498	GC	KEGG:C05498@Charged	KEGG:C05498@Charged	eQuilibrator:MNXM3787
cpd03273	KEGG:C05499	KEGG:C05499	KEGG:C05499	KEGG:C05499	KEGG:C05499	KEGG:C05499	GC	KEGG:C05499@Charged	KEGG:C05499@Charged	eQuilibrator:MNXM4163
cpd03274	MetaCyc:2-HYDROXY-CHOLESTEROL@Charged	MetaCyc:2-HYDROXY-CHOLESTEROL@Charged	MetaCyc:2-HYDROXY-CHOLESTEROL@Charged	MetaCyc:2-HYDROXY-CHOLESTEROL@Charged	KEGG:C05500	KEGG:C05500	GC	MetaCyc:2-HYDROXY-CHOLESTEROL@Charged	MetaCyc:2-HYDROXY-CHOLESTEROL@Charged	
cpd03275	MetaCyc:20A-20B-DIHYDROXY-CHOLESTEROL;KEGG:C05501;ChEBI:1294	MetaCyc:20A-20B-DIHYDROXY-CHOLESTEROL;KEGG:C05501;ChEBI:1294	MetaCyc:20A-20B-DIHYDROXY-CHOLESTEROL;KEGG:C05501;ChEBI:1294	MetaCyc:20A-20B-DIHYDROXY-CHOLESTEROL;KEGG:C05501;ChEBI:1294	KEGG:C05501	KEGG:C05501	GC	KEGG:C05501@Charged	KEGG:C05501@Charged	eQuilibrator:MNXM1200
cpd03276	MetaCyc:CPD-14702;KEGG:C05502;ChEBI:67237	MetaCyc:CPD-14702;KEGG:C05502;ChEBI:67237	MetaCyc:CPD-14702;KEGG:C05502;ChEBI:67237	MetaCyc:CPD-14702;KEGG:C05502;ChEBI:67237	KEGG:C05502	KEGG:C05502	GC	KEGG:C05502@Charged	KEGG:C05502@Charged	eQuilibrator:MNXM90173
cpd03277	KEGG:C05503@Charged;ChEBI:136641	KEGG:C05503@Charged;ChEBI:136641	KEGG:C05503@Charged;ChEBI:136641	KEGG:C05503@Charged;ChEBI:136641	KEGG:C05503	KEGG:C05503	GC	KEGG:C05503@Charged	KEGG:C05503@Charged	eQuilibrator:MNXM5427
cpd03278	KEGG:C05504@Charged;ChEBI:136650	KEGG:C05504@Charged;ChEBI:136650	KEGG:C05504@Charged;ChEBI:136650	KEGG:C05504@Charged;ChEBI:136650	KEGG:C05504	KEGG:C05504	GC	KEGG:C05504@Charged	KEGG:C05504@Charged	eQuilibrator:MNXM164763
cpd03279	MetaCyc:DEOXYINOSINE;KEGG:C05512;ChEBI:28997	MetaCyc:DEOXYINOSINE;KEGG:C05512;ChEBI:28997	MetaCyc:DEOXYINOSINE;KEGG:C05512;ChEBI:28997	MetaCyc:DEOXYINOSINE@Charged;KEGG:C05512;ChEBI:28997	KEGG:C05512	KEGG:C05512	EQ	eQuilibrator:MNXM935	KEGG:C05512@Charged	eQuilibrator:MNXM935
cpd03280	MetaCyc:5-UREIDO-4-IMIDAZOLE_CARBOXYLATE;KEGG:C05515@Charged	MetaCyc:5-UREIDO-4-IMIDAZOLE_CARBOXYLATE;KEGG:C05515@Charged	MetaCyc:5-UREIDO-4-IMIDAZOLE_CARBOXYLATE;KEGG:C05515@Charged	MetaCyc:5-UREIDO-4-IMIDAZOLE_CARBOXYLATE;KEGG:C05515@Charged	KEGG:C05515	KEGG:C05515	EQ	eQuilibrator:MNXM4401	MetaCyc:5-UREIDO-4-IMIDAZOLE_CARBOXYLATE@Charged	eQuilibrator:MNXM4401
cpd03281	MetaCyc:4-AMINO-5-IMIDAZOLE_CARBOXYLATE;KEGG:C05516	MetaCyc:4-AMINO-5-IMIDAZOLE_CARBOXYLATE;KEGG:C05516	MetaCyc:4-AMINO-5-IMIDAZOLE_CARBOXYLATE;KEGG:C05516	MetaCyc:4-AMINO-5-IMIDAZOLE_CARBOXYLATE@Charged;KEGG:C05516@Charged	KEGG:C05516	KEGG:C05516	EQ	eQuilibrator:MNXM4389	MetaCyc:4-AMINO-5-IMIDAZOLE_CARBOXYLATE@Charged	eQuilibrator:MNXM4389
cpd03282	MetaCyc:L-ALLO-THREONINE;KEGG:C05519;ChEBI:58585	MetaCyc:L-ALLO-THREONINE;KEGG:C05519;ChEBI:58585	MetaCyc:L-ALLO-THREONINE;KEGG:C05519;ChEBI:58585	MetaCyc:L-ALLO-THREONINE;KEGG:C05519@Charged;ChEBI:58585	KEGG:C05519	KEGG:C05519	EQ	eQuilibrator:MNXM2125	MetaCyc:L-ALLO-THREONINE@Charged	eQuilibrator:MNXM2125
cpd03283	MetaCyc:2-AMINO-3-KETOADIPATE@Charged;KEGG:C05520@Charged	MetaCyc:2-AMINO-3-KETOADIPATE@Charged;KEGG:C05520@Charged	MetaCyc:2-AMINO-3-KETOADIPATE@Charged;KEGG:C05520@Charged	MetaCyc:2-AMINO-3-KETOADIPATE@Charged;KEGG:C05520@Charged	KEGG:C05520	KEGG:C05520	EQ	eQuilibrator:MNXM6691	MetaCyc:2-AMINO-3-KETOADIPATE@Charged	eQuilibrator:MNXM6691
cpd03284	MetaCyc:3-SULFINYL-PYRUVATE;KEGG:C05527@Charged;ChEBI:140699	MetaCyc:3-SULFINYL-PYRUVATE;KEGG:C05527@Charged;ChEBI:140699	MetaCyc:3-SULFINYL-PYRUVATE;KEGG:C05527@Charged;ChEBI:140699	MetaCyc:3-SULFINYL-PYRUVATE;KEGG:C05527@Charged;ChEBI:140699	KEGG:C05527	KEGG:C05527	GC	MetaCyc:3-SULFINYL-PYRUVATE@Charged	MetaCyc:3-SULFINYL-PYRUVATE@Charged	eQuilibrator:MNXM2484
cpd03285	MetaCyc:CPD-380;KEGG:C05528@Charged;ChEBI:57940	MetaCyc:CPD-380;KEGG:C05528@Charged;ChEBI:57940	MetaCyc:CPD-380;KEGG:C05528@Charged;ChEBI:57940	MetaCyc:CPD-380;KEGG:C05528@Charged;ChEBI:57940	KEGG:C05528		GC	KEGG:C05528@Charged	KEGG:C05528@Charged	eQuilibrator:MNXM594
cpd03287	MetaCyc:OXALO-GLUTARATE;KEGG:C05533@Charged	MetaCyc:OXALO-GLUTARATE;KEGG:C05533@Charged	MetaCyc:OXALO-GLUTARATE;KEGG:C05533@Charged	MetaCyc:OXALO-GLUTARATE;KEGG:C05533@Charged	KEGG:C05533	KEGG:C05533	EQ	eQuilibrator:MNXM2929	MetaCyc:OXALO-GLUTARATE@Charged	eQuilibrator:MNXM2929
cpd03288	KEGG:C05537@Charged	KEGG:C05537@Charged	KEGG:C05537@Charged	KEGG:C05537@Charged	KEGG:C05537	KEGG:C05537	EQ	eQuilibrator:MNXM587858	KEGG:C05537@Charged	eQuilibrator:MNXM587858
cpd03289	MetaCyc:N-ACETYL-L-2-AMINO-6-OXO-PIMELATE;KEGG:C05539@Charged;ChEBI:58117	MetaCyc:N-ACETYL-L-2-AMINO-6-OXO-PIMELATE;KEGG:C05539@Charged;ChEBI:58117	MetaCyc:N-ACETYL-L-2-AMINO-6-OXO-PIMELATE;KEGG:C05539@Charged;ChEBI:58117	MetaCyc:N-ACETYL-L-2-AMINO-6-OXO-PIMELATE;KEGG:C05539@Charged;ChEBI:58117	KEGG:C05539	KEGG:C05539	EQ	eQuilibrator:MNXM1872	KEGG:C05539@Charged	eQuilibrator:MNXM1872
cpd03290	KEGG:C04487@Charged	KEGG:C04487@Charged		KEGG:C04487@Charged	KEGG:C04487	KEGG:C04487	GC	KEGG:C04487@Charged	KEGG:C04487@Charged	
cpd03291	MetaCyc:2-KETO-6-ACETAMIDOCAPROATE;KEGG:C05548@Charged;ChEBI:79192	MetaCyc:2-KETO-6-ACETAMIDOCAPROATE;KEGG:C05548@Charged;ChEBI:79192	MetaCyc:2-KETO-6-ACETAMIDOCAPROATE;KEGG:C05548@Charged;ChEBI:79192	MetaCyc:2-KETO-6-ACETAMIDOCAPROATE;KEGG:C05548@Charged;ChEBI:79192	KEGG:C05548	KEGG:C05548	EQ	eQuilibrator:MNXM2603	KEGG:C05548@Charged	eQuilibrator:MNXM2603
cpd03292	MetaCyc:PENICILLIN-G;KEGG:C05551@Charged;ChEBI:51354	MetaCyc:PENICILLIN-G;KEGG:C05551@Charged;ChEBI:51354	MetaCyc:PENICILLIN-G;KEGG:C05551@Charged;ChEBI:51354	MetaCyc:PENICILLIN-G;KEGG:C05551@Charged;ChEBI:51354	KEGG:C05551	KEGG:C05551	GC	KEGG:C05551@Charged	KEGG:C05551@Charged	eQuilibrator:MNXM1812
cpd03293	KEGG:C05552	KEGG:C05552	KEGG:C05552	KEGG:C05552@Charged	KEGG:C05552	KEGG:C05552	GC	KEGG:C05552@Charged	KEGG:C05552@Charged	
cpd03294	MetaCyc:AEROBACTIN;KEGG:C05554@Charged;ChEBI:58396	MetaCyc:AEROBACTIN;KEGG:C05554@Charged;ChEBI:58396	MetaCyc:AEROBACTIN;KEGG:C05554@Charged;ChEBI:58396	MetaCyc:AEROBACTIN;KEGG:C05554@Charged;ChEBI:58396	KEGG:C05554	KEGG:C05554	GC	KEGG:C05554@Charged	KEGG:C05554@Charged	eQuilibrator:MNXM1464
cpd03295	MetaCyc:N-5S-5-AMINO-5-CARBOXYPENTANOYL-L-CY@Charged;ChEBI:58572@Charged	MetaCyc:N-5S-5-AMINO-5-CARBOXYPENTANOYL-L-CY@Charged;ChEBI:58572@Charged	MetaCyc:N-5S-5-AMINO-5-CARBOXYPENTANOYL-L-CY@Charged;ChEBI:58572@Charged	MetaCyc:N-5S-5-AMINO-5-CARBOXYPENTANOYL-L-CY@Charged;ChEBI:58572@Charged	KEGG:C05556	KEGG:C05556	EQ	eQuilibrator:MNXM1758	MetaCyc:N-5S-5-AMINO-5-CARBOXYPENTANOYL-L-CY@Charged	eQuilibrator:MNXM1758
cpd03296	MetaCyc:ISOPENICILLIN-N;KEGG:C05557@Charged;ChEBI:58399	MetaCyc:ISOPENICILLIN-N;KEGG:C05557@Charged;ChEBI:58399	MetaCyc:ISOPENICILLIN-N;KEGG:C05557@Charged;ChEBI:58399	MetaCyc:ISOPENICILLIN-N;KEGG:C05557@Charged;ChEBI:58399	KEGG:C05557	KEGG:C05557	GC	MetaCyc:ISOPENICILLIN-N@Charged	MetaCyc:ISOPENICILLIN-N@Charged	eQuilibrator:MNXM1192
cpd03297	KEGG:C05560@Charged	KEGG:C05560@Charged	KEGG:C05560@Charged	KEGG:C05560@Charged	KEGG:C05560	KEGG:C05560	GC	KEGG:C05560@Charged	KEGG:C05560@Charged	eQuilibrator:MNXM38010
cpd03298	KEGG:C05562	KEGG:C05562	KEGG:C05562	KEGG:C05562@Charged	KEGG:C05562	KEGG:C05562	EQ	eQuilibrator:MNXM57187	KEGG:C05562@Charged	eQuilibrator:MNXM57187
cpd03299	MetaCyc:HYDANTOIN-5-PROPIONATE;KEGG:C05565@Charged	MetaCyc:HYDANTOIN-5-PROPIONATE;KEGG:C05565@Charged	MetaCyc:HYDANTOIN-5-PROPIONATE;KEGG:C05565@Charged	MetaCyc:HYDANTOIN-5-PROPIONATE;KEGG:C05565@Charged	KEGG:C05565	KEGG:C05565	EQ	eQuilibrator:MNXM4617	KEGG:C05565@Charged	eQuilibrator:MNXM4617
cpd03300	MetaCyc:IMIDAZOLE-LACTATE;KEGG:C05568@Charged	MetaCyc:IMIDAZOLE-LACTATE;KEGG:C05568@Charged	MetaCyc:IMIDAZOLE-LACTATE;KEGG:C05568@Charged	MetaCyc:IMIDAZOLE-LACTATE@Charged;KEGG:C05568@Charged	KEGG:C05568	KEGG:C05568	EQ	eQuilibrator:MNXM57189	MetaCyc:IMIDAZOLE-LACTATE@Charged	eQuilibrator:MNXM57189
cpd03301	MetaCyc:Ergothioneine@Charged;KEGG:C05570@Charged;ChEBI:134344@Charged	MetaCyc:Ergothioneine@Charged;KEGG:C05570@Charged;ChEBI:134344@Charged	MetaCyc:Ergothioneine@Charged;KEGG:C05570@Charged;ChEBI:134344@Charged	MetaCyc:Ergothioneine@Charged;KEGG:C05570@Charged;ChEBI:134344@Charged	KEGG:C05570	KEGG:C05570	GC	KEGG:C05570@Charged	KEGG:C05570@Charged	
cpd03302	KEGG:C05571@Charged	KEGG:C05571@Charged	KEGG:C05571@Charged	KEGG:C05571@Charged	KEGG:C05571	KEGG:C05571	GC	KEGG:C05571@Charged	KEGG:C05571@Charged	
cpd03303	MetaCyc:4-OXOGLUTARAMATE;KEGG:C05572@Charged	MetaCyc:4-OXOGLUTARAMATE;KEGG:C05572@Charged	MetaCyc:4-OXOGLUTARAMATE;KEGG:C05572@Charged	MetaCyc:4-OXOGLUTARAMATE;KEGG:C05572@Charged	KEGG:C05572	KEGG:C05572	EQ	eQuilibrator:MNXM4374	KEGG:C05572@Charged	eQuilibrator:MNXM4374
cpd03304	MetaCyc:CPD-14555;KEGG:C05574@Charged;ChEBI:66948	MetaCyc:CPD-14555;KEGG:C05574@Charged;ChEBI:66948	MetaCyc:CPD-14555;KEGG:C05574@Charged;ChEBI:66948	MetaCyc:CPD-14555;KEGG:C05574@Charged;ChEBI:66948	KEGG:C05574	KEGG:C05574	EQ	eQuilibrator:MNXM18757	KEGG:C05574@Charged	eQuilibrator:MNXM18757
cpd03305	MetaCyc:CPD-15280;MetaCyc:NALPHANALPHANALPHA-TRIMETHYL-L-H;KEGG:C05575@Charged;ChEBI:15781	MetaCyc:CPD-15280;MetaCyc:NALPHANALPHANALPHA-TRIMETHYL-L-H;KEGG:C05575@Charged;ChEBI:15781	MetaCyc:CPD-15280;MetaCyc:NALPHANALPHANALPHA-TRIMETHYL-L-H;KEGG:C05575@Charged;ChEBI:15781	MetaCyc:CPD-15280;MetaCyc:NALPHANALPHANALPHA-TRIMETHYL-L-H;KEGG:C05575@Charged;ChEBI:15781	KEGG:C05575	KEGG:C05575	GC	MetaCyc:NALPHANALPHANALPHA-TRIMETHYL-L-H@Charged	MetaCyc:NALPHANALPHANALPHA-TRIMETHYL-L-H@Charged	eQuilibrator:MNXM2541
cpd03306	KEGG:C05576;ChEBI:1387	KEGG:C05576;ChEBI:1387	KEGG:C05576;ChEBI:1387	KEGG:C05576;ChEBI:1387	KEGG:C05576	KEGG:C05576	GC	KEGG:C05576@Charged	KEGG:C05576@Charged	eQuilibrator:MNXM2931
cpd03307	MetaCyc:DIHYDROXYPHENYLGLYCOLALDEHYDE;ChEBI:180943	MetaCyc:DIHYDROXYPHENYLGLYCOLALDEHYDE;ChEBI:180943	MetaCyc:DIHYDROXYPHENYLGLYCOLALDEHYDE;ChEBI:180943	MetaCyc:DIHYDROXYPHENYLGLYCOLALDEHYDE;ChEBI:180943	KEGG:C05577	KEGG:C05577	GC	MetaCyc:DIHYDROXYPHENYLGLYCOLALDEHYDE@Charged	MetaCyc:DIHYDROXYPHENYLGLYCOLALDEHYDE@Charged	
cpd03308	MetaCyc:DIHYDROXYINDOLE;KEGG:C05578;ChEBI:27404	MetaCyc:DIHYDROXYINDOLE;KEGG:C05578;ChEBI:27404	MetaCyc:DIHYDROXYINDOLE;KEGG:C05578;ChEBI:27404	MetaCyc:DIHYDROXYINDOLE;KEGG:C05578;ChEBI:27404	KEGG:C05578	KEGG:C05578	EQ	eQuilibrator:MNXM2336	KEGG:C05578@Charged	eQuilibrator:MNXM2336
cpd03309	MetaCyc:CPD-12373;KEGG:C05579;ChEBI:27406	MetaCyc:CPD-12373;KEGG:C05579;ChEBI:27406	MetaCyc:CPD-12373;KEGG:C05579;ChEBI:27406	MetaCyc:CPD-12373;KEGG:C05579;ChEBI:27406	KEGG:C05579	KEGG:C05579	GC	KEGG:C05579@Charged	KEGG:C05579@Charged	
cpd03310	MetaCyc:CPD-11879	MetaCyc:CPD-11879	MetaCyc:CPD-11879	MetaCyc:CPD-11879	KEGG:C05580	KEGG:C05580	GC	MetaCyc:CPD-11879@Charged	MetaCyc:CPD-11879@Charged	
cpd03311	KEGG:C05581	KEGG:C05581	KEGG:C05581	KEGG:C05581	KEGG:C05581	KEGG:C05581	EQ	eQuilibrator:MNXM4183	KEGG:C05581@Charged	eQuilibrator:MNXM4183
cpd03312	MetaCyc:CPD-7651;KEGG:C05582@Charged	MetaCyc:CPD-7651;KEGG:C05582@Charged	MetaCyc:CPD-7651;KEGG:C05582@Charged	MetaCyc:CPD-7651;KEGG:C05582@Charged	KEGG:C05582	KEGG:C05582	EQ	eQuilibrator:MNXM3287	KEGG:C05582@Charged	eQuilibrator:MNXM3287
cpd03313	MetaCyc:CPD-11876	MetaCyc:CPD-11876	MetaCyc:CPD-11876	MetaCyc:CPD-11876	KEGG:C05583	KEGG:C05583	GC	MetaCyc:CPD-11876@Charged	MetaCyc:CPD-11876@Charged	
cpd03314	MetaCyc:VANILLYL_MANDELATE	MetaCyc:VANILLYL_MANDELATE	MetaCyc:VANILLYL_MANDELATE	MetaCyc:VANILLYL_MANDELATE	KEGG:C05584	KEGG:C05584	GC	MetaCyc:VANILLYL_MANDELATE@Charged	MetaCyc:VANILLYL_MANDELATE@Charged	
cpd03315	MetaCyc:CPD-16722;KEGG:C05585	MetaCyc:CPD-16722;KEGG:C05585	MetaCyc:CPD-16722;KEGG:C05585	MetaCyc:CPD-16722;KEGG:C05585	KEGG:C05585	KEGG:C05585	EQ	eQuilibrator:MNXM4270	MetaCyc:CPD-16722@Charged	eQuilibrator:MNXM4270
cpd03316	MetaCyc:CPD-7650;KEGG:C05587@Charged	MetaCyc:CPD-7650;KEGG:C05587@Charged	MetaCyc:CPD-7650;KEGG:C05587@Charged	MetaCyc:CPD-7650;KEGG:C05587@Charged	KEGG:C05587	KEGG:C05587	EQ	eQuilibrator:MNXM3848	KEGG:C05587@Charged	eQuilibrator:MNXM3848
cpd03317	MetaCyc:CPD-11877;KEGG:C05588@Charged;ChEBI:189646	MetaCyc:CPD-11877;KEGG:C05588@Charged;ChEBI:189646	MetaCyc:CPD-11877;KEGG:C05588@Charged;ChEBI:189646	MetaCyc:CPD-11877;KEGG:C05588@Charged;ChEBI:189646	KEGG:C05588	KEGG:C05588	EQ	eQuilibrator:MNXM3659	KEGG:C05588@Charged	eQuilibrator:MNXM3659
cpd03318	MetaCyc:CPD-11875;KEGG:C05589@Charged;ChEBI:189645	MetaCyc:CPD-11875;KEGG:C05589@Charged;ChEBI:189645	MetaCyc:CPD-11875;KEGG:C05589@Charged;ChEBI:189645	MetaCyc:CPD-11875;KEGG:C05589@Charged;ChEBI:189645	KEGG:C05589	KEGG:C05589	EQ	eQuilibrator:MNXM3674	MetaCyc:CPD-11875@Charged	eQuilibrator:MNXM3674
cpd03319	KEGG:C05592@Charged	KEGG:C05592@Charged	KEGG:C05592@Charged	KEGG:C05592@Charged	KEGG:C05592		EQ	eQuilibrator:MNXM36363	KEGG:C05592@Charged	eQuilibrator:MNXM36363
cpd03320	MetaCyc:3-HYDROXYPHENYLACETATE;KEGG:C05593@Charged;ChEBI:58149	MetaCyc:3-HYDROXYPHENYLACETATE;KEGG:C05593@Charged;ChEBI:58149	MetaCyc:3-HYDROXYPHENYLACETATE;KEGG:C05593@Charged;ChEBI:58149	MetaCyc:3-HYDROXYPHENYLACETATE;KEGG:C05593@Charged;ChEBI:58149	KEGG:C05593	KEGG:C05593	EQ	eQuilibrator:MNXM1639	KEGG:C05593@Charged	eQuilibrator:MNXM1639
cpd03321	MetaCyc:CPD-11497	MetaCyc:CPD-11497	MetaCyc:CPD-11497	MetaCyc:CPD-11497	KEGG:C05594	KEGG:C05594	EQ	eQuilibrator:MNXM164250	MetaCyc:CPD-11497@Charged	eQuilibrator:MNXM164250
cpd03322	KEGG:C05595@Charged	KEGG:C05595@Charged	KEGG:C05595@Charged	KEGG:C05595@Charged	KEGG:C05595	KEGG:C05595	EQ	eQuilibrator:MNXM12339	KEGG:C05595@Charged	eQuilibrator:MNXM12339
cpd03323	KEGG:C05596@Charged	KEGG:C05596@Charged	KEGG:C05596@Charged	KEGG:C05596@Charged	KEGG:C05596	KEGG:C05596	EQ	eQuilibrator:MNXM10204	KEGG:C05596@Charged	eQuilibrator:MNXM10204
cpd03324										
cpd03325	MetaCyc:CPD-11715;KEGG:C05598@Charged;ChEBI:60874	MetaCyc:CPD-11715;KEGG:C05598@Charged;ChEBI:60874	MetaCyc:CPD-11715;KEGG:C05598@Charged;ChEBI:60874	MetaCyc:CPD-11715;KEGG:C05598@Charged;ChEBI:60874	KEGG:C05598	KEGG:C05598	EQ	eQuilibrator:MNXM4775	MetaCyc:CPD-11715@Charged	eQuilibrator:MNXM4775
cpd03326	MetaCyc:CPD-787@Charged	MetaCyc:CPD-787@Charged	MetaCyc:CPD-787@Charged	MetaCyc:CPD-787@Charged	KEGG:C05600	KEGG:C05600	EQ	eQuilibrator:MNXM149477	MetaCyc:CPD-787@Charged	eQuilibrator:MNXM149477
cpd03327	MetaCyc:CPD-804;ChEBI:87522	MetaCyc:CPD-804;ChEBI:87522	MetaCyc:CPD-804;ChEBI:87522	MetaCyc:CPD-804;ChEBI:87522	KEGG:C05601	KEGG:C05601	EQ	eQuilibrator:MNXM162785	MetaCyc:CPD-804@Charged	eQuilibrator:MNXM162785
cpd03328										
cpd03330	MetaCyc:CPD-8652@Charged;KEGG:C05604	MetaCyc:CPD-8652@Charged;KEGG:C05604	MetaCyc:CPD-8652@Charged;KEGG:C05604	MetaCyc:CPD-8652@Charged;KEGG:C05604@Charged	KEGG:C05604	KEGG:C05604	EQ	eQuilibrator:MNXM2390	KEGG:C05604@Charged	eQuilibrator:MNXM2390
cpd03331	KEGG:C05607@Charged;ChEBI:11009	KEGG:C05607@Charged;ChEBI:11009	KEGG:C05607@Charged;ChEBI:11009	KEGG:C05607@Charged;ChEBI:11009	KEGG:C05607	KEGG:C05607	EQ	eQuilibrator:MNXM1095	KEGG:C05607@Charged	eQuilibrator:MNXM1095
cpd03332	MetaCyc:COUMARALDEHYDE;KEGG:C05608;ChEBI:28353	MetaCyc:COUMARALDEHYDE;KEGG:C05608;ChEBI:28353	MetaCyc:COUMARALDEHYDE;KEGG:C05608;ChEBI:28353	MetaCyc:COUMARALDEHYDE;KEGG:C05608;ChEBI:28353	KEGG:C05608	KEGG:C05608	EQ	eQuilibrator:MNXM4534	MetaCyc:COUMARALDEHYDE@Charged	eQuilibrator:MNXM4534
cpd03333	MetaCyc:SINAPALDEHYDE;KEGG:C05610;ChEBI:27949	MetaCyc:SINAPALDEHYDE;KEGG:C05610;ChEBI:27949	MetaCyc:SINAPALDEHYDE;KEGG:C05610;ChEBI:27949	MetaCyc:SINAPALDEHYDE;KEGG:C05610;ChEBI:27949	KEGG:C05610	KEGG:C05610	EQ	eQuilibrator:MNXM2283	MetaCyc:SINAPALDEHYDE@Charged	eQuilibrator:MNXM2283
cpd03335	MetaCyc:CPD-721;KEGG:C05616@Charged;ChEBI:19950	MetaCyc:CPD-721;KEGG:C05616@Charged;ChEBI:19950	MetaCyc:CPD-721;KEGG:C05616@Charged;ChEBI:19950	MetaCyc:CPD-721;KEGG:C05616@Charged;ChEBI:19950	KEGG:C05616	KEGG:C05616	EQ	eQuilibrator:MNXM2329	KEGG:C05616@Charged	eQuilibrator:MNXM2329
cpd03336	MetaCyc:CPD-9151;KEGG:C05618;ChEBI:27715	MetaCyc:CPD-9151;KEGG:C05618;ChEBI:27715	MetaCyc:CPD-9151;KEGG:C05618;ChEBI:27715	MetaCyc:CPD-9151;KEGG:C05618;ChEBI:27715	KEGG:C05618	KEGG:C05618	EQ	eQuilibrator:MNXM2934	MetaCyc:CPD-9151@Charged	eQuilibrator:MNXM2934
cpd03337	MetaCyc:5-HYDROXY-FERULIC-ACID;KEGG:C05619@Charged;ChEBI:144381	MetaCyc:5-HYDROXY-FERULIC-ACID;KEGG:C05619@Charged;ChEBI:144381	MetaCyc:5-HYDROXY-FERULIC-ACID;KEGG:C05619@Charged;ChEBI:144381	MetaCyc:5-HYDROXY-FERULIC-ACID;KEGG:C05619@Charged;ChEBI:144381	KEGG:C05619	KEGG:C05619	EQ	eQuilibrator:MNXM3507	MetaCyc:5-HYDROXY-FERULIC-ACID@Charged	eQuilibrator:MNXM3507
cpd03338	KEGG:C05620@Charged;ChEBI:143878	KEGG:C05620@Charged;ChEBI:143878	KEGG:C05620@Charged;ChEBI:143878	KEGG:C05620@Charged;ChEBI:143878	KEGG:C05620	KEGG:C05620	EQ	eQuilibrator:MNXM8908	KEGG:C05620@Charged	eQuilibrator:MNXM8908
cpd03339	KEGG:C05622@Charged	KEGG:C05622@Charged	KEGG:C05622@Charged	KEGG:C05622@Charged	KEGG:C05622	KEGG:C05622	GC	KEGG:C05622@Charged	KEGG:C05622@Charged	eQuilibrator:MNXM8855
cpd03340	MetaCyc:CPD-11684@Charged	MetaCyc:CPD-11684@Charged	MetaCyc:CPD-11684@Charged	MetaCyc:CPD-11684@Charged	KEGG:C05623	KEGG:C05623	GC	MetaCyc:CPD-11684@Charged	MetaCyc:CPD-11684@Charged	eQuilibrator:MNXM21432
cpd03341	MetaCyc:RUTIN;KEGG:C05625@Charged	MetaCyc:RUTIN;KEGG:C05625@Charged	MetaCyc:RUTIN;KEGG:C05625@Charged	MetaCyc:RUTIN;KEGG:C05625@Charged	KEGG:C05625	KEGG:C05625	GC	KEGG:C05625@Charged	KEGG:C05625@Charged	eQuilibrator:MNXM5921
cpd03342	MetaCyc:CPD-1075;KEGG:C05627;ChEBI:1883	MetaCyc:CPD-1075;KEGG:C05627;ChEBI:1883	MetaCyc:CPD-1075;KEGG:C05627;ChEBI:1883	MetaCyc:CPD-1075;KEGG:C05627;ChEBI:1883	KEGG:C05627	KEGG:C05627	EQ	eQuilibrator:MNXM6890	KEGG:C05627@Charged	eQuilibrator:MNXM6890
cpd03343	MetaCyc:3-PHENYLPROPIONATE;KEGG:C05629@Charged;ChEBI:51057	MetaCyc:3-PHENYLPROPIONATE;KEGG:C05629@Charged;ChEBI:51057	MetaCyc:3-PHENYLPROPIONATE;KEGG:C05629@Charged;ChEBI:51057	MetaCyc:3-PHENYLPROPIONATE;KEGG:C05629@Charged;ChEBI:51057	KEGG:C05629		EQ	eQuilibrator:MNXM1403	MetaCyc:3-PHENYLPROPIONATE@Charged	eQuilibrator:MNXM1403
cpd03344	MetaCyc:CPD-6994@Charged;KEGG:C05631;ChEBI:28412	MetaCyc:CPD-6994@Charged;KEGG:C05631;ChEBI:28412	MetaCyc:CPD-6994@Charged;KEGG:C05631;ChEBI:28412	MetaCyc:CPD-6994@Charged;KEGG:C05631;ChEBI:28412	KEGG:C05631	KEGG:C05631	EQ	eQuilibrator:MNXM1326	MetaCyc:CPD-6994@Charged	eQuilibrator:MNXM1326
cpd03345	MetaCyc:5-HYDROXYINDOLE_ACETALDEHYDE;KEGG:C05634;ChEBI:50157	MetaCyc:5-HYDROXYINDOLE_ACETALDEHYDE;KEGG:C05634;ChEBI:50157	MetaCyc:5-HYDROXYINDOLE_ACETALDEHYDE;KEGG:C05634;ChEBI:50157	MetaCyc:5-HYDROXYINDOLE_ACETALDEHYDE;KEGG:C05634;ChEBI:50157	KEGG:C05634	KEGG:C05634	EQ	eQuilibrator:MNXM1057	KEGG:C05634@Charged	eQuilibrator:MNXM1057
cpd03346	MetaCyc:5-HYDROXYINDOLE_ACETATE;KEGG:C05635@Charged;ChEBI:62622	MetaCyc:5-HYDROXYINDOLE_ACETATE;KEGG:C05635@Charged;ChEBI:62622	MetaCyc:5-HYDROXYINDOLE_ACETATE;KEGG:C05635@Charged;ChEBI:62622	MetaCyc:5-HYDROXYINDOLE_ACETATE;KEGG:C05635@Charged;ChEBI:62622	KEGG:C05635	KEGG:C05635	EQ	eQuilibrator:MNXM1961	MetaCyc:5-HYDROXYINDOLE_ACETATE@Charged	eQuilibrator:MNXM1961
cpd03347	KEGG:C05636@Charged	KEGG:C05636@Charged	KEGG:C05636@Charged	KEGG:C05636@Charged	KEGG:C05636	KEGG:C05636	EQ	eQuilibrator:MNXM36534	KEGG:C05636@Charged	eQuilibrator:MNXM36534
cpd03348	KEGG:C05637	KEGG:C05637	KEGG:C05637	KEGG:C05637@Charged	KEGG:C05637	KEGG:C05637	EQ	eQuilibrator:MNXM9073	KEGG:C05637@Charged	eQuilibrator:MNXM9073
cpd03349	KEGG:C05638@Charged;ChEBI:62214	KEGG:C05638@Charged;ChEBI:62214	KEGG:C05638@Charged;ChEBI:62214	KEGG:C05638@Charged;ChEBI:62214	KEGG:C05638	KEGG:C05638	EQ	eQuilibrator:MNXM3508	KEGG:C05638@Charged	eQuilibrator:MNXM3508
cpd03350	KEGG:C05639	KEGG:C05639	KEGG:C05639	KEGG:C05639@Charged	KEGG:C05639	KEGG:C05639	EQ	eQuilibrator:MNXM9072	KEGG:C05639@Charged	eQuilibrator:MNXM9072
cpd03351	MetaCyc:CPD-16175;KEGG:C05640@Charged	MetaCyc:CPD-16175;KEGG:C05640@Charged	MetaCyc:CPD-16175;KEGG:C05640@Charged	MetaCyc:CPD-16175;KEGG:C05640@Charged	KEGG:C05640	KEGG:C05640	GC	KEGG:C05640@Charged	KEGG:C05640@Charged	eQuilibrator:MNXM7176
cpd03353	MetaCyc:CPD-12022;KEGG:C05642	MetaCyc:CPD-12022;KEGG:C05642	MetaCyc:CPD-12022;KEGG:C05642	MetaCyc:CPD-12022;KEGG:C05642	KEGG:C05642	KEGG:C05642	EQ	eQuilibrator:MNXM6353	KEGG:C05642@Charged	eQuilibrator:MNXM6353
cpd03354	MetaCyc:CPD-12014;KEGG:C05643	MetaCyc:CPD-12014;KEGG:C05643	MetaCyc:CPD-12014;KEGG:C05643	MetaCyc:CPD-12014;KEGG:C05643	KEGG:C05643	KEGG:C05643	EQ	eQuilibrator:MNXM5567	KEGG:C05643@Charged	eQuilibrator:MNXM5567
cpd03355	KEGG:C05644@Charged	KEGG:C05644@Charged	KEGG:C05644@Charged	KEGG:C05644@Charged	KEGG:C05644	KEGG:C05644	EQ	eQuilibrator:MNXM114452	KEGG:C05644@Charged	eQuilibrator:MNXM114452
cpd03356	MetaCyc:CPD-11552;KEGG:C05645@Charged;ChEBI:157756	MetaCyc:CPD-11552;KEGG:C05645@Charged;ChEBI:157756	MetaCyc:CPD-11552;KEGG:C05645@Charged;ChEBI:157756	MetaCyc:CPD-11552;KEGG:C05645@Charged;ChEBI:157756	KEGG:C05645	KEGG:C05645	EQ	eQuilibrator:MNXM4997	KEGG:C05645@Charged	eQuilibrator:MNXM4997
cpd03357	KEGG:C05646@Charged	KEGG:C05646@Charged	KEGG:C05646@Charged	KEGG:C05646@Charged	KEGG:C05646	KEGG:C05646	EQ	eQuilibrator:MNXM10318	KEGG:C05646@Charged	eQuilibrator:MNXM10318
cpd03358	KEGG:C05647@Charged	KEGG:C05647@Charged	KEGG:C05647@Charged	KEGG:C05647@Charged	KEGG:C05647	KEGG:C05647	EQ	eQuilibrator:MNXM53799	KEGG:C05647@Charged	eQuilibrator:MNXM53799
cpd03359	KEGG:C05648	KEGG:C05648	KEGG:C05648	KEGG:C05648@Charged	KEGG:C05648	KEGG:C05648	GC	KEGG:C05648@Charged	KEGG:C05648@Charged	
cpd03360	MetaCyc:CPD-22629;KEGG:C05649;ChEBI:30156	MetaCyc:CPD-22629;KEGG:C05649;ChEBI:30156	MetaCyc:CPD-22629;KEGG:C05649;ChEBI:30156	MetaCyc:67-DIHYDROPTERIDINE		KEGG:C05649	GC	KEGG:C05649@Charged	KEGG:C05649@Charged	
cpd03361	KEGG:C05650;ChEBI:28889	KEGG:C05650;ChEBI:28889	KEGG:C05650;ChEBI:28889	MetaCyc:5678-TETRAHYDROPTERIDINE@Charged		KEGG:C05650	GC	KEGG:C05650@Charged	KEGG:C05650@Charged	
cpd03362	KEGG:C05651;ChEBI:62624	KEGG:C05651;ChEBI:62624	KEGG:C05651;ChEBI:62624	KEGG:C05651@Charged;ChEBI:62624	KEGG:C05651	KEGG:C05651	EQ	eQuilibrator:MNXM722854	KEGG:C05651@Charged	eQuilibrator:MNXM722854
cpd03363	KEGG:C05652@Charged	KEGG:C05652@Charged	KEGG:C05652@Charged	KEGG:C05652@Charged	KEGG:C05652	KEGG:C05652	EQ	eQuilibrator:MNXM37178	KEGG:C05652@Charged	eQuilibrator:MNXM37178
cpd03364	MetaCyc:N-FORMYLANTHRANILATE;KEGG:C05653@Charged;ChEBI:18410	MetaCyc:N-FORMYLANTHRANILATE;KEGG:C05653@Charged;ChEBI:18410	MetaCyc:N-FORMYLANTHRANILATE;KEGG:C05653@Charged;ChEBI:18410	MetaCyc:N-FORMYLANTHRANILATE;KEGG:C05653@Charged;ChEBI:18410	KEGG:C05653	KEGG:C05653	EQ	eQuilibrator:MNXM2265	MetaCyc:N-FORMYLANTHRANILATE@Charged	eQuilibrator:MNXM2265
cpd03365	MetaCyc:CPD-24034@Charged;KEGG:C05654@Charged	MetaCyc:CPD-24034@Charged;KEGG:C05654@Charged	MetaCyc:CPD-24034@Charged;KEGG:C05654@Charged	MetaCyc:CPD-24034@Charged;KEGG:C05654@Charged	KEGG:C05654	KEGG:C05654	EQ		KEGG:C05654@Charged	
cpd03366	MetaCyc:CPD-24035@Charged;KEGG:C05655@Charged	MetaCyc:CPD-24035@Charged;KEGG:C05655@Charged	MetaCyc:CPD-24035@Charged;KEGG:C05655@Charged	MetaCyc:CPD-24035@Charged;KEGG:C05655@Charged	KEGG:C05655	KEGG:C05655	EQ		KEGG:C05655@Charged	
cpd03367					KEGG:C05656	KEGG:C05656	EQ			
cpd03368	KEGG:C05657@Charged	KEGG:C05657@Charged	KEGG:C05657@Charged	KEGG:C05657@Charged	KEGG:C05657	KEGG:C05657	EQ	eQuilibrator:MNXM14502	KEGG:C05657@Charged	eQuilibrator:MNXM14502
cpd03369	MetaCyc:INDOXYL@Charged;KEGG:C05658@Charged;ChEBI:17840@Charged	MetaCyc:INDOXYL@Charged;KEGG:C05658@Charged;ChEBI:17840@Charged	MetaCyc:INDOXYL@Charged;KEGG:C05658@Charged;ChEBI:17840@Charged	MetaCyc:INDOXYL@Charged;KEGG:C05658@Charged;ChEBI:17840@Charged	KEGG:C05658	KEGG:C05658	EQ	eQuilibrator:MNXM57361	MetaCyc:INDOXYL@Charged	eQuilibrator:MNXM57361
cpd03370	MetaCyc:CPD-12018;KEGG:C05659@Charged;ChEBI:166874	MetaCyc:CPD-12018;KEGG:C05659@Charged;ChEBI:166874	MetaCyc:CPD-12018;KEGG:C05659@Charged;ChEBI:166874	MetaCyc:CPD-12018;KEGG:C05659@Charged;ChEBI:166874	KEGG:C05659	KEGG:C05659	EQ	eQuilibrator:MNXM6360	KEGG:C05659@Charged	eQuilibrator:MNXM6360
cpd03371	MetaCyc:CPD-12020;KEGG:C05660@Charged	MetaCyc:CPD-12020;KEGG:C05660@Charged	MetaCyc:CPD-12020;KEGG:C05660@Charged	MetaCyc:CPD-12020;KEGG:C05660@Charged	KEGG:C05660	KEGG:C05660	EQ	eQuilibrator:MNXM38195	KEGG:C05660@Charged	eQuilibrator:MNXM38195
cpd03372	MetaCyc:HOMO-I-CIT;KEGG:C05662@Charged;ChEBI:15404	MetaCyc:HOMO-I-CIT;KEGG:C05662@Charged;ChEBI:15404	MetaCyc:HOMO-I-CIT;KEGG:C05662@Charged;ChEBI:15404	MetaCyc:HOMO-I-CIT;KEGG:C05662@Charged;ChEBI:15404	KEGG:C05662	KEGG:C05662	EQ	eQuilibrator:MNXM984	MetaCyc:HOMO-I-CIT@Charged	eQuilibrator:MNXM984
cpd03373	KEGG:C05663@Charged;KEGG:C08480@Charged	KEGG:C05663@Charged;KEGG:C08480@Charged	KEGG:C05663@Charged;KEGG:C08480@Charged	KEGG:C05663@Charged;KEGG:C08480@Charged	KEGG:C05663	KEGG:C05663	EQ	eQuilibrator:MNXM10363	KEGG:C05663@Charged	eQuilibrator:MNXM10363
cpd03375	MetaCyc:3-HYDROXY-PROPIONYL-COA;KEGG:C05668@Charged;ChEBI:58528	MetaCyc:3-HYDROXY-PROPIONYL-COA;KEGG:C05668@Charged;ChEBI:58528	MetaCyc:3-HYDROXY-PROPIONYL-COA;KEGG:C05668@Charged;ChEBI:58528	MetaCyc:3-HYDROXY-PROPIONYL-COA;KEGG:C05668@Charged;ChEBI:58528	KEGG:C05668	KEGG:C05668	EQ	eQuilibrator:MNXM1263	KEGG:C05668@Charged	eQuilibrator:MNXM1263
cpd03376										
cpd03377	MetaCyc:BETA-AMINOPROPIONITRILE;KEGG:C05670@Charged	MetaCyc:BETA-AMINOPROPIONITRILE;KEGG:C05670@Charged	MetaCyc:BETA-AMINOPROPIONITRILE;KEGG:C05670@Charged	MetaCyc:BETA-AMINOPROPIONITRILE;KEGG:C05670@Charged		KEGG:C05670	GC	MetaCyc:BETA-AMINOPROPIONITRILE@Charged	MetaCyc:BETA-AMINOPROPIONITRILE@Charged	
cpd03378	MetaCyc:CPD0-1615;KEGG:C05672@Charged	MetaCyc:CPD0-1615;KEGG:C05672@Charged	MetaCyc:CPD0-1615;KEGG:C05672@Charged	MetaCyc:CPD0-1615;KEGG:C05672@Charged	KEGG:C05672	KEGG:C05672	EQ	eQuilibrator:MNXM5455	KEGG:C05672@Charged	eQuilibrator:MNXM5455
cpd03379	MetaCyc:CPD-23218;KEGG:C05673@Charged	MetaCyc:CPD-23218;KEGG:C05673@Charged	MetaCyc:CPD-23218;KEGG:C05673@Charged	MetaCyc:CPD-23218;KEGG:C05673@Charged	KEGG:C05673	KEGG:C05673	GC	KEGG:C05673@Charged	KEGG:C05673@Charged	
cpd03380	KEGG:C05674@Charged	KEGG:C05674@Charged	KEGG:C05674@Charged	KEGG:C05674@Charged	KEGG:C05674	KEGG:C05674	GC	KEGG:C05674@Charged	KEGG:C05674@Charged	
cpd03381	MetaCyc:CPD-16526;ChEBI:141612	MetaCyc:CPD-16526;ChEBI:141612	MetaCyc:CPD-16526;ChEBI:141612	MetaCyc:CPD-16526;ChEBI:141612	KEGG:C05678	KEGG:C05678	EQ		MetaCyc:CPD-16526@Charged	
cpd03382	KEGG:C05679	KEGG:C05679	KEGG:C05679	KEGG:C05679@Charged	KEGG:C05679	KEGG:C05679	EQ	eQuilibrator:MNXM6736	KEGG:C05679@Charged	eQuilibrator:MNXM6736
cpd03383	KEGG:C05680	KEGG:C05680	KEGG:C05680	KEGG:C05680@Charged	KEGG:C05680	KEGG:C05680	GC	KEGG:C05680@Charged	KEGG:C05680@Charged	eQuilibrator:MNXM6703
cpd03384	KEGG:C05681@Charged	KEGG:C05681@Charged		KEGG:C05681@Charged	KEGG:C05681	KEGG:C05681	GC	KEGG:C05681@Charged	KEGG:C05681@Charged	
cpd03385	MetaCyc:CPD-764;KEGG:C05682@Charged;ChEBI:57488	MetaCyc:CPD-764;KEGG:C05682@Charged;ChEBI:57488	MetaCyc:CPD-764;KEGG:C05682@Charged;ChEBI:57488	MetaCyc:CPD-764;KEGG:C05682@Charged;ChEBI:57488	KEGG:C05682		EQ	eQuilibrator:MNXM3034	KEGG:C05682@Charged	eQuilibrator:MNXM3034
cpd03386	KEGG:C05683@Charged	KEGG:C05683@Charged	KEGG:C05683@Charged	KEGG:C05683@Charged	KEGG:C05683	KEGG:C05683	GC	KEGG:C05683@Charged	KEGG:C05683@Charged	eQuilibrator:MNXM92882
cpd03387	MetaCyc:SELENITE;KEGG:C05684;ChEBI:18212	MetaCyc:SELENITE;KEGG:C05684;ChEBI:18212	MetaCyc:SELENITE;KEGG:C05684;ChEBI:18212	MetaCyc:SELENITE;KEGG:C05684;ChEBI:18212	KEGG:C05684		GC	KEGG:C05684@Charged	KEGG:C05684@Charged	
cpd03388	MetaCyc:CPD-13713;KEGG:C05686@Charged	MetaCyc:CPD-13713;KEGG:C05686@Charged	MetaCyc:CPD-13713;KEGG:C05686@Charged	MetaCyc:CPD-13713;KEGG:C05686@Charged	KEGG:C05686	KEGG:C05686	GC	KEGG:C05686@Charged	KEGG:C05686@Charged	
cpd03389	MetaCyc:L-SELENOCYSTEINE@Charged;KEGG:C05688@Charged;ChEBI:57843@Charged	MetaCyc:L-SELENOCYSTEINE@Charged;KEGG:C05688@Charged;ChEBI:57843@Charged	MetaCyc:L-SELENOCYSTEINE@Charged;KEGG:C05688@Charged;ChEBI:57843@Charged	MetaCyc:L-SELENOCYSTEINE@Charged;KEGG:C05688@Charged;ChEBI:57843@Charged	KEGG:C05688	KEGG:C05688	GC	KEGG:C05688@Charged	KEGG:C05688@Charged	
cpd03390	MetaCyc:CPD-12024;KEGG:C05689;ChEBI:58531	MetaCyc:CPD-12024;KEGG:C05689;ChEBI:58531	MetaCyc:CPD-12024;KEGG:C05689;ChEBI:58531	MetaCyc:CPD-12024;KEGG:C05689@Charged;ChEBI:58531	KEGG:C05689	KEGG:C05689	GC	KEGG:C05689@Charged	KEGG:C05689@Charged	
cpd03391	MetaCyc:CPD-12025;KEGG:C05690	MetaCyc:CPD-12025;KEGG:C05690	MetaCyc:CPD-12025;KEGG:C05690	MetaCyc:CPD-12025;KEGG:C05690@Charged	KEGG:C05690	KEGG:C05690	GC	MetaCyc:CPD-12025@Charged	MetaCyc:CPD-12025@Charged	
cpd03392	KEGG:C05691;ChEBI:62227	KEGG:C05691;ChEBI:62227	KEGG:C05691;ChEBI:62227	KEGG:C05691@Charged;ChEBI:62227	KEGG:C05691	KEGG:C05691	GC	KEGG:C05691@Charged	KEGG:C05691@Charged	
cpd03393	KEGG:C05692	KEGG:C05692	KEGG:C05692	KEGG:C05692@Charged	KEGG:C05692	KEGG:C05692	GC	KEGG:C05692@Charged	KEGG:C05692@Charged	
cpd03394	KEGG:C05695@Charged	KEGG:C05695@Charged	KEGG:C05695@Charged	KEGG:C05695@Charged	KEGG:C05695	KEGG:C05695	GC	KEGG:C05695@Charged	KEGG:C05695@Charged	
cpd03395	KEGG:C05696@Charged	KEGG:C05696@Charged	KEGG:C05696@Charged	KEGG:C05696@Charged	KEGG:C05696	KEGG:C05696	GC	KEGG:C05696@Charged	KEGG:C05696@Charged	
cpd03396	MetaCyc:SELENATE;KEGG:C05697@Charged;ChEBI:15075	MetaCyc:SELENATE;KEGG:C05697@Charged;ChEBI:15075	MetaCyc:SELENATE;KEGG:C05697@Charged;ChEBI:15075	MetaCyc:SELENATE;KEGG:C05697@Charged;ChEBI:15075	KEGG:C05697		GC	KEGG:C05697@Charged	KEGG:C05697@Charged	
cpd03397	MetaCyc:SELENOHOMOCYSTEINE;KEGG:C05698;ChEBI:84850	MetaCyc:SELENOHOMOCYSTEINE;KEGG:C05698;ChEBI:84850	MetaCyc:SELENOHOMOCYSTEINE;KEGG:C05698;ChEBI:84850	MetaCyc:SELENOHOMOCYSTEINE;KEGG:C05698@Charged;ChEBI:84850	KEGG:C05698	KEGG:C05698	GC	KEGG:C05698@Charged	KEGG:C05698@Charged	
cpd03398	MetaCyc:CPD-13717;KEGG:C05699;ChEBI:62226	MetaCyc:CPD-13717;KEGG:C05699;ChEBI:62226	MetaCyc:CPD-13717;KEGG:C05699;ChEBI:62226	MetaCyc:CPD-13717;KEGG:C05699@Charged;ChEBI:62226	KEGG:C05699	KEGG:C05699	GC	MetaCyc:CPD-13717@Charged	MetaCyc:CPD-13717@Charged	
cpd03399										
cpd03400										
cpd03401	MetaCyc:CPD-23339;KEGG:C05703	MetaCyc:CPD-23339;KEGG:C05703	MetaCyc:CPD-23339;KEGG:C05703	MetaCyc:CPD-23339;KEGG:C05703	KEGG:C05703		GC	KEGG:C05703@Charged	KEGG:C05703@Charged	
cpd03402	KEGG:C05704	KEGG:C05704	KEGG:C05704	KEGG:C05704@Charged	KEGG:C05704	KEGG:C05704	GC	KEGG:C05704@Charged	KEGG:C05704@Charged	
cpd03403										
cpd03404	KEGG:C05706	KEGG:C05706	KEGG:C05706	KEGG:C05706@Charged	KEGG:C05706	KEGG:C05706	GC	KEGG:C05706@Charged	KEGG:C05706@Charged	
cpd03405	KEGG:C05707	KEGG:C05707	KEGG:C05707	KEGG:C05707@Charged	KEGG:C05707	KEGG:C05707	GC	KEGG:C05707@Charged	KEGG:C05707@Charged	
cpd03406	KEGG:C05708	KEGG:C05708	KEGG:C05708	KEGG:C05708@Charged	KEGG:C05708	KEGG:C05708	GC	KEGG:C05708@Charged	KEGG:C05708@Charged	
cpd03407	KEGG:C05711@Charged	KEGG:C05711@Charged	KEGG:C05711@Charged	KEGG:C05711@Charged	KEGG:C05711	KEGG:C05711	GC	KEGG:C05711@Charged	KEGG:C05711@Charged	
cpd03408	KEGG:C05714	KEGG:C05714	KEGG:C05714	KEGG:C05714		KEGG:C05714	GC	KEGG:C05714@Charged	KEGG:C05714@Charged	
cpd03409	KEGG:C05715@Charged	KEGG:C05715@Charged	KEGG:C05715@Charged	KEGG:C05715@Charged	KEGG:C05715	KEGG:C05715	GC	KEGG:C05715@Charged	KEGG:C05715@Charged	
cpd03410	KEGG:C05717	KEGG:C05717	KEGG:C05717	KEGG:C05717@Charged	KEGG:C05717	KEGG:C05717	GC	KEGG:C05717@Charged	KEGG:C05717@Charged	
cpd03411	KEGG:C05730@Charged;ChEBI:57835@Charged	KEGG:C05730@Charged;ChEBI:57835@Charged	KEGG:C05730@Charged;ChEBI:57835@Charged	KEGG:C05730@Charged;ChEBI:57835@Charged	KEGG:C05730	KEGG:C05730	GC	KEGG:C05730@Charged	KEGG:C05730@Charged	eQuilibrator:MNXM1329
cpd03412	MetaCyc:CPD-384;KEGG:C05731;ChEBI:17429	MetaCyc:CPD-384;KEGG:C05731;ChEBI:17429	MetaCyc:CPD-384;KEGG:C05731;ChEBI:17429	MetaCyc:CPD-384;KEGG:C05731;ChEBI:17429	KEGG:C05731	KEGG:C05731	EQ	eQuilibrator:MNXM2937	MetaCyc:CPD-384@Charged	eQuilibrator:MNXM2937
cpd03413	MetaCyc:ALPHA-L-GLUTAMYL-PHOSPHATE;KEGG:C05765@Charged	MetaCyc:ALPHA-L-GLUTAMYL-PHOSPHATE;KEGG:C05765@Charged	MetaCyc:ALPHA-L-GLUTAMYL-PHOSPHATE;KEGG:C05765@Charged	MetaCyc:ALPHA-L-GLUTAMYL-PHOSPHATE;KEGG:C05765@Charged	KEGG:C05765	KEGG:C05765	EQ	eQuilibrator:MNXM4027	MetaCyc:ALPHA-L-GLUTAMYL-PHOSPHATE@Charged	eQuilibrator:MNXM4027
cpd03414	MetaCyc:CPD-11444;KEGG:C05766@Charged;ChEBI:62626	MetaCyc:CPD-11444;KEGG:C05766@Charged;ChEBI:62626	MetaCyc:CPD-11444;KEGG:C05766@Charged;ChEBI:62626	MetaCyc:CPD-11444;KEGG:C05766@Charged;ChEBI:62626	KEGG:C05766		GC	KEGG:C05766@Charged	KEGG:C05766@Charged	eQuilibrator:MNXM1123
cpd03415	KEGG:C05767@Charged;ChEBI:167480@Charged	KEGG:C05767@Charged;ChEBI:167480@Charged	KEGG:C05767@Charged;ChEBI:167480@Charged	KEGG:C05767@Charged;ChEBI:167480@Charged	KEGG:C05767		GC	KEGG:C05767@Charged	KEGG:C05767@Charged	
cpd03416	MetaCyc:COPROPORPHYRINOGEN_I;KEGG:C05768@Charged;ChEBI:62631	MetaCyc:COPROPORPHYRINOGEN_I;KEGG:C05768@Charged;ChEBI:62631	MetaCyc:COPROPORPHYRINOGEN_I;KEGG:C05768@Charged;ChEBI:62631	MetaCyc:COPROPORPHYRINOGEN_I;KEGG:C05768@Charged;ChEBI:62631	KEGG:C05768		GC	KEGG:C05768@Charged	KEGG:C05768@Charged	eQuilibrator:MNXM1322
cpd03417	MetaCyc:COPROPORPHYRIN_I@Charged;KEGG:C05769@Charged;ChEBI:167478@Charged	MetaCyc:COPROPORPHYRIN_I@Charged;KEGG:C05769@Charged;ChEBI:167478@Charged	MetaCyc:COPROPORPHYRIN_I@Charged;KEGG:C05769@Charged;ChEBI:167478@Charged	MetaCyc:COPROPORPHYRIN_I@Charged;KEGG:C05769@Charged;ChEBI:167478@Charged	KEGG:C05769	KEGG:C05769	GC	KEGG:C05769@Charged	KEGG:C05769@Charged	
cpd03418	MetaCyc:COPROPORPHYRIN_III@Charged;KEGG:C05770@Charged;ChEBI:131725@Charged	MetaCyc:COPROPORPHYRIN_III@Charged;KEGG:C05770@Charged;ChEBI:131725@Charged	MetaCyc:COPROPORPHYRIN_III@Charged;KEGG:C05770@Charged;ChEBI:131725@Charged	MetaCyc:COPROPORPHYRIN_III@Charged;KEGG:C05770@Charged;ChEBI:131725@Charged	KEGG:C05770	KEGG:C05770	GC	MetaCyc:COPROPORPHYRIN_III@Charged	MetaCyc:COPROPORPHYRIN_III@Charged	
cpd03420	MetaCyc:CPD-642@Charged;KEGG:C05772@Charged;ChEBI:58561@Charged	MetaCyc:CPD-642@Charged;KEGG:C05772@Charged;ChEBI:58561@Charged	MetaCyc:CPD-642@Charged;KEGG:C05772@Charged;ChEBI:58561@Charged	MetaCyc:CPD-642@Charged;KEGG:C05772@Charged;ChEBI:58561@Charged	KEGG:C05772		GC	KEGG:C05772@Charged	KEGG:C05772@Charged	
cpd03421					KEGG:C05773	KEGG:C05773	GC			
cpd03422	MetaCyc:COBINAMIDE@Charged;ChEBI:28956@Charged	MetaCyc:COBINAMIDE@Charged;ChEBI:28956@Charged	MetaCyc:COBINAMIDE@Charged;ChEBI:28956@Charged	MetaCyc:COBINAMIDE@Charged;ChEBI:28956@Charged		KEGG:C05774	GC	MetaCyc:COBINAMIDE@Charged	MetaCyc:COBINAMIDE@Charged	
cpd03423	MetaCyc:ALPHA-RIBAZOLE;KEGG:C05775;ChEBI:10329	MetaCyc:ALPHA-RIBAZOLE;KEGG:C05775;ChEBI:10329	MetaCyc:ALPHA-RIBAZOLE;KEGG:C05775;ChEBI:10329	MetaCyc:ALPHA-RIBAZOLE;KEGG:C05775;ChEBI:10329	KEGG:C05775	KEGG:C05775	EQ	eQuilibrator:MNXM1539	KEGG:C05775@Charged	eQuilibrator:MNXM1539
cpd03424	KEGG:C05776@Charged	KEGG:C05776@Charged		KEGG:C05776@Charged	KEGG:C05776	KEGG:C05776	GC	KEGG:C05776@Charged	KEGG:C05776@Charged	
cpd03425	KEGG:C05777@Charged;ChEBI:60540	KEGG:C05777@Charged;ChEBI:60540	KEGG:C05777@Charged;ChEBI:60540	KEGG:C05777@Charged	KEGG:C05777	KEGG:C05777	GC	KEGG:C05777@Charged	KEGG:C05777@Charged	
cpd03426	MetaCyc:SIROHYDROCHLORIN@Charged;KEGG:C05778@Charged;ChEBI:58351@Charged	MetaCyc:SIROHYDROCHLORIN@Charged;KEGG:C05778@Charged;ChEBI:58351@Charged	MetaCyc:SIROHYDROCHLORIN@Charged;KEGG:C05778@Charged;ChEBI:58351@Charged	MetaCyc:SIROHYDROCHLORIN@Charged;KEGG:C05778@Charged;ChEBI:58351@Charged	KEGG:C05778		GC	KEGG:C05778@Charged	KEGG:C05778@Charged	
cpd03427	MetaCyc:3Z-PHYCOCYANOBILIN;KEGG:C05786@Charged	MetaCyc:3Z-PHYCOCYANOBILIN;KEGG:C05786@Charged	MetaCyc:3Z-PHYCOCYANOBILIN;KEGG:C05786@Charged	MetaCyc:3Z-PHYCOCYANOBILIN;KEGG:C05786@Charged	KEGG:C05786	KEGG:C05786	GC	MetaCyc:3Z-PHYCOCYANOBILIN@Charged	MetaCyc:3Z-PHYCOCYANOBILIN@Charged	
cpd03428	MetaCyc:BILIRUBIN-BISGLUCURONOSIDE	MetaCyc:BILIRUBIN-BISGLUCURONOSIDE	MetaCyc:BILIRUBIN-BISGLUCURONOSIDE	MetaCyc:BILIRUBIN-BISGLUCURONOSIDE	KEGG:C05787	KEGG:C05787	GC	MetaCyc:BILIRUBIN-BISGLUCURONOSIDE@Charged	MetaCyc:BILIRUBIN-BISGLUCURONOSIDE@Charged	
cpd03429	KEGG:C05789@Charged	KEGG:C05789@Charged	KEGG:C05789@Charged	KEGG:C05789@Charged	KEGG:C05789	KEGG:C05789	EQ	eQuilibrator:MNXM7786	KEGG:C05789@Charged	eQuilibrator:MNXM7786
cpd03430	KEGG:C05790@Charged	KEGG:C05790@Charged	KEGG:C05790@Charged	KEGG:C05790@Charged	KEGG:C05790	KEGG:C05790	EQ	eQuilibrator:MNXM5986	KEGG:C05790@Charged	eQuilibrator:MNXM5986
cpd03431	MetaCyc:CPD-17978;KEGG:C05791@Charged	MetaCyc:CPD-17978;KEGG:C05791@Charged	MetaCyc:CPD-17978;KEGG:C05791@Charged	MetaCyc:CPD-17978;KEGG:C05791@Charged	KEGG:C05791	KEGG:C05791	EQ	eQuilibrator:MNXM3249	KEGG:C05791@Charged	eQuilibrator:MNXM3249
cpd03432	KEGG:C05793@Charged	KEGG:C05793@Charged	KEGG:C05793@Charged	KEGG:C05793@Charged	KEGG:C05793	KEGG:C05793	EQ	eQuilibrator:MNXM93534	KEGG:C05793@Charged	eQuilibrator:MNXM93534
cpd03433	KEGG:C05794@Charged	KEGG:C05794@Charged	KEGG:C05794@Charged	KEGG:C05794@Charged	KEGG:C05794	KEGG:C05794	GC	KEGG:C05794@Charged	KEGG:C05794@Charged	
cpd03434	MetaCyc:CPD-17979;KEGG:C05795@Charged	MetaCyc:CPD-17979;KEGG:C05795@Charged	MetaCyc:CPD-17979;KEGG:C05795@Charged	MetaCyc:CPD-17979;KEGG:C05795@Charged	KEGG:C05795	KEGG:C05795	EQ	eQuilibrator:MNXM8511	KEGG:C05795@Charged	eQuilibrator:MNXM8511
cpd03435					KEGG:C05797	KEGG:C05797	GC			
cpd03436	KEGG:C05798@Charged	KEGG:C05798@Charged	KEGG:C05798@Charged	KEGG:C05798@Charged	KEGG:C05798	KEGG:C05798	GC	KEGG:C05798@Charged	KEGG:C05798@Charged	
cpd03437	KEGG:C05800;ChEBI:1110	KEGG:C05800;ChEBI:1110	KEGG:C05800;ChEBI:1110	KEGG:C05800;ChEBI:1110	KEGG:C05800	KEGG:C05800	EQ	eQuilibrator:MNXM8063	KEGG:C05800@Charged	eQuilibrator:MNXM8063
cpd03438	KEGG:C05801;ChEBI:1107	KEGG:C05801;ChEBI:1107	KEGG:C05801;ChEBI:1107	KEGG:C05801;ChEBI:1107	KEGG:C05801	KEGG:C05801	EQ	eQuilibrator:MNXM6706	KEGG:C05801@Charged	eQuilibrator:MNXM6706
cpd03439	MetaCyc:2-HEXAPRENYL-6-METHOXYPHENOL;MetaCyc:CPD-21770;KEGG:C05802;ChEBI:1109	MetaCyc:2-HEXAPRENYL-6-METHOXYPHENOL;MetaCyc:CPD-21770;KEGG:C05802;ChEBI:1109	MetaCyc:2-HEXAPRENYL-6-METHOXYPHENOL;MetaCyc:CPD-21770;KEGG:C05802;ChEBI:1109	MetaCyc:2-HEXAPRENYL-6-METHOXYPHENOL;MetaCyc:CPD-21770;KEGG:C05802;ChEBI:1109	KEGG:C05802	KEGG:C05802	EQ	eQuilibrator:MNXM4291	KEGG:C05802@Charged	eQuilibrator:MNXM4291
cpd03440	MetaCyc:CPD-11655;KEGG:C05803	MetaCyc:CPD-11655;KEGG:C05803	MetaCyc:CPD-11655;KEGG:C05803	MetaCyc:CPD-11655;KEGG:C05803		KEGG:C05803	EQ	eQuilibrator:MNXM6707	KEGG:C05803@Charged	eQuilibrator:MNXM6707
cpd03441	MetaCyc:CPD-11656;KEGG:C05804	MetaCyc:CPD-11656;KEGG:C05804	MetaCyc:CPD-11656;KEGG:C05804	MetaCyc:CPD-11656;KEGG:C05804		KEGG:C05804	EQ	eQuilibrator:MNXM6067	KEGG:C05804@Charged	eQuilibrator:MNXM6067
cpd03442	KEGG:C05805@Charged	KEGG:C05805@Charged	KEGG:C05805@Charged	KEGG:C05805@Charged	KEGG:C05805	KEGG:C05805	GC	KEGG:C05805@Charged	KEGG:C05805@Charged	
cpd03443	MetaCyc:3-OCTAPRENYL-4-HYDROXYBENZOATE;KEGG:C05809@Charged;ChEBI:1617	MetaCyc:3-OCTAPRENYL-4-HYDROXYBENZOATE;KEGG:C05809@Charged;ChEBI:1617	MetaCyc:3-OCTAPRENYL-4-HYDROXYBENZOATE;KEGG:C05809@Charged;ChEBI:1617	MetaCyc:3-OCTAPRENYL-4-HYDROXYBENZOATE;KEGG:C05809@Charged;ChEBI:1617	KEGG:C05809	KEGG:C05809	EQ	eQuilibrator:MNXM2195	MetaCyc:3-OCTAPRENYL-4-HYDROXYBENZOATE@Charged	eQuilibrator:MNXM2195
cpd03444	MetaCyc:2-OCTAPRENYLPHENOL;KEGG:C05810;ChEBI:40407	MetaCyc:2-OCTAPRENYLPHENOL;KEGG:C05810;ChEBI:40407	MetaCyc:2-OCTAPRENYLPHENOL;KEGG:C05810;ChEBI:40407	MetaCyc:2-OCTAPRENYLPHENOL;KEGG:C05810;ChEBI:40407	KEGG:C05810	KEGG:C05810	EQ	eQuilibrator:MNXM1886	MetaCyc:2-OCTAPRENYLPHENOL@Charged	eQuilibrator:MNXM1886
cpd03445	MetaCyc:2-OCTAPRENYL-6-HYDROXYPHENOL;KEGG:C05811;ChEBI:1233	MetaCyc:2-OCTAPRENYL-6-HYDROXYPHENOL;KEGG:C05811;ChEBI:1233	MetaCyc:2-OCTAPRENYL-6-HYDROXYPHENOL;KEGG:C05811;ChEBI:1233	MetaCyc:2-OCTAPRENYL-6-HYDROXYPHENOL;KEGG:C05811;ChEBI:1233	KEGG:C05811	KEGG:C05811	GC	MetaCyc:2-OCTAPRENYL-6-HYDROXYPHENOL@Charged	MetaCyc:2-OCTAPRENYL-6-HYDROXYPHENOL@Charged	
cpd03446	MetaCyc:2-OCTAPRENYL-6-METHOXYPHENOL;KEGG:C05812;ChEBI:1235	MetaCyc:2-OCTAPRENYL-6-METHOXYPHENOL;KEGG:C05812;ChEBI:1235	MetaCyc:2-OCTAPRENYL-6-METHOXYPHENOL;KEGG:C05812;ChEBI:1235	MetaCyc:2-OCTAPRENYL-6-METHOXYPHENOL;KEGG:C05812;ChEBI:1235	KEGG:C05812	KEGG:C05812	GC	MetaCyc:2-OCTAPRENYL-6-METHOXYPHENOL@Charged	MetaCyc:2-OCTAPRENYL-6-METHOXYPHENOL@Charged	
cpd03447	MetaCyc:CPD-15152;KEGG:C05813;ChEBI:28423	MetaCyc:CPD-15152;KEGG:C05813;ChEBI:28423	MetaCyc:CPD-15152;KEGG:C05813;ChEBI:28423	MetaCyc:CPD-15152;KEGG:C05813;ChEBI:28423		KEGG:C05813	EQ	eQuilibrator:MNXM1903	MetaCyc:CPD-15152@Charged	eQuilibrator:MNXM1903
cpd03448	MetaCyc:CPD-15153;KEGG:C05814;ChEBI:28636	MetaCyc:CPD-15153;KEGG:C05814;ChEBI:28636	MetaCyc:CPD-15153;KEGG:C05814;ChEBI:28636	MetaCyc:CPD-15153;KEGG:C05814;ChEBI:28636		KEGG:C05814	EQ	eQuilibrator:MNXM90440	MetaCyc:CPD-15153@Charged	eQuilibrator:MNXM90440
cpd03449	MetaCyc:OCTAPRENYL-METHYL-OH-METHOXY-BENZQ;ChEBI:61705	MetaCyc:OCTAPRENYL-METHYL-OH-METHOXY-BENZQ;ChEBI:61705	MetaCyc:OCTAPRENYL-METHYL-OH-METHOXY-BENZQ;ChEBI:61705	MetaCyc:OCTAPRENYL-METHYL-OH-METHOXY-BENZQ;ChEBI:61705	KEGG:C05815	KEGG:C05815	EQ	eQuilibrator:MNXM2187	MetaCyc:OCTAPRENYL-METHYL-OH-METHOXY-BENZQ@Charged	eQuilibrator:MNXM2187
cpd03450										
cpd03451	MetaCyc:CPD-9923;KEGG:C05817@Charged;ChEBI:58689	MetaCyc:CPD-9923;KEGG:C05817@Charged;ChEBI:58689	MetaCyc:CPD-9923;KEGG:C05817@Charged;ChEBI:58689	MetaCyc:CPD-9923;KEGG:C05817@Charged;ChEBI:58689	KEGG:C05817	KEGG:C05817	EQ	eQuilibrator:MNXM1249	KEGG:C05817@Charged	eQuilibrator:MNXM1249
cpd03452	MetaCyc:SERYL-AMP;ChEBI:61231@Charged	MetaCyc:SERYL-AMP;ChEBI:61231@Charged	MetaCyc:SERYL-AMP;ChEBI:61231@Charged	MetaCyc:SERYL-AMP;ChEBI:61231@Charged	KEGG:C05820	KEGG:C05820	GC	MetaCyc:SERYL-AMP@Charged	MetaCyc:SERYL-AMP@Charged	eQuilibrator:MNXM114390
cpd03453	MetaCyc:ENTEROBACTIN;KEGG:C05821;ChEBI:77805@Charged	MetaCyc:ENTEROBACTIN;KEGG:C05821;ChEBI:77805@Charged	MetaCyc:ENTEROBACTIN;KEGG:C05821;ChEBI:77805@Charged	MetaCyc:ENTEROBACTIN;KEGG:C05821;ChEBI:77805@Charged	KEGG:C05821	KEGG:C05821	EQ	eQuilibrator:MNXM883	MetaCyc:ENTEROBACTIN@Charged	eQuilibrator:MNXM883
cpd03454	MetaCyc:CPD-3711;KEGG:C05822@Charged;ChEBI:60875	MetaCyc:CPD-3711;KEGG:C05822@Charged;ChEBI:60875	MetaCyc:CPD-3711;KEGG:C05822@Charged;ChEBI:60875	MetaCyc:CPD-3711;KEGG:C05822@Charged;ChEBI:60875	KEGG:C05822	KEGG:C05822	EQ	eQuilibrator:MNXM2182	KEGG:C05822@Charged	eQuilibrator:MNXM2182
cpd03455	KEGG:C05823@Charged	KEGG:C05823@Charged	KEGG:C05823@Charged	KEGG:C05823@Charged	KEGG:C05823	KEGG:C05823	EQ	eQuilibrator:MNXM6822	KEGG:C05823@Charged	eQuilibrator:MNXM6822
cpd03456										
cpd03457	MetaCyc:CPD-19826;KEGG:C05825	MetaCyc:CPD-19826;KEGG:C05825	MetaCyc:CPD-19826;KEGG:C05825	MetaCyc:CPD-19826;KEGG:C05825@Charged	KEGG:C05825	KEGG:C05825	EQ	eQuilibrator:MNXM5457	KEGG:C05825@Charged	eQuilibrator:MNXM5457
cpd03458	KEGG:C05827	KEGG:C05827	KEGG:C05827	KEGG:C05827	KEGG:C05827	KEGG:C05827	EQ	eQuilibrator:MNXM5416	KEGG:C05827@Charged	eQuilibrator:MNXM5416
cpd03459	KEGG:C05828@Charged	KEGG:C05828@Charged	KEGG:C05828@Charged	KEGG:C05828@Charged	KEGG:C05828	KEGG:C05828	EQ	eQuilibrator:MNXM164040	KEGG:C05828@Charged	eQuilibrator:MNXM164040
cpd03460	MetaCyc:N-CARBAMYL-L-GLUTAMATE;KEGG:C05829@Charged	MetaCyc:N-CARBAMYL-L-GLUTAMATE;KEGG:C05829@Charged	MetaCyc:N-CARBAMYL-L-GLUTAMATE;KEGG:C05829@Charged	MetaCyc:N-CARBAMYL-L-GLUTAMATE;KEGG:C05829@Charged	KEGG:C05829	KEGG:C05829	EQ	eQuilibrator:MNXM5237	MetaCyc:N-CARBAMYL-L-GLUTAMATE@Charged	eQuilibrator:MNXM5237
cpd03461	KEGG:C05830@Charged	KEGG:C05830@Charged	KEGG:C05830@Charged	KEGG:C05830@Charged	KEGG:C05830	KEGG:C05830	EQ	eQuilibrator:MNXM10445	KEGG:C05830@Charged	eQuilibrator:MNXM10445
cpd03462	KEGG:C05831@Charged	KEGG:C05831@Charged	KEGG:C05831@Charged	KEGG:C05831@Charged	KEGG:C05831	KEGG:C05831	EQ	eQuilibrator:MNXM10059	KEGG:C05831@Charged	eQuilibrator:MNXM10059
cpd03463	KEGG:C05832@Charged	KEGG:C05832@Charged	KEGG:C05832@Charged	KEGG:C05832@Charged	KEGG:C05832	KEGG:C05832	EQ	eQuilibrator:MNXM38156	KEGG:C05832@Charged	eQuilibrator:MNXM38156
cpd03464	KEGG:C05834	KEGG:C05834	KEGG:C05834	KEGG:C05834	KEGG:C05834	KEGG:C05834	EQ	eQuilibrator:MNXM10010	KEGG:C05834@Charged	eQuilibrator:MNXM10010
cpd03465	KEGG:C05835@Charged	KEGG:C05835@Charged	KEGG:C05835@Charged	KEGG:C05835@Charged	KEGG:C05835	KEGG:C05835	EQ	eQuilibrator:MNXM91889	KEGG:C05835@Charged	eQuilibrator:MNXM91889
cpd03466										
cpd03467	MetaCyc:CPD-1863;ChEBI:187898	MetaCyc:CPD-1863;ChEBI:187898	MetaCyc:CPD-1863;ChEBI:187898	MetaCyc:CPD-1863;ChEBI:187898	KEGG:C05837	KEGG:C05837	GC	MetaCyc:CPD-1863@Charged	MetaCyc:CPD-1863@Charged	
cpd03468	MetaCyc:CPD-7418;KEGG:C05838@Charged;ChEBI:47921	MetaCyc:CPD-7418;KEGG:C05838@Charged;ChEBI:47921	MetaCyc:CPD-7418;KEGG:C05838@Charged;ChEBI:47921	MetaCyc:CPD-7418;KEGG:C05838@Charged;ChEBI:47921	KEGG:C05838	KEGG:C05838	EQ	eQuilibrator:MNXM3237	KEGG:C05838@Charged	eQuilibrator:MNXM3237
cpd03469	MetaCyc:CPD-7417;KEGG:C05839@Charged;ChEBI:62223	MetaCyc:CPD-7417;KEGG:C05839@Charged;ChEBI:62223	MetaCyc:CPD-7417;KEGG:C05839@Charged;ChEBI:62223	MetaCyc:CPD-7417;KEGG:C05839@Charged;ChEBI:62223	KEGG:C05839	KEGG:C05839	EQ	eQuilibrator:MNXM3238	MetaCyc:CPD-7417@Charged	eQuilibrator:MNXM3238
cpd03470	MetaCyc:IMINOASPARTATE@Charged;KEGG:C05840@Charged;ChEBI:77875@Charged	MetaCyc:IMINOASPARTATE@Charged;KEGG:C05840@Charged;ChEBI:77875@Charged	MetaCyc:IMINOASPARTATE@Charged;KEGG:C05840@Charged;ChEBI:77875@Charged	MetaCyc:IMINOASPARTATE@Charged;KEGG:C05840@Charged;ChEBI:77875@Charged	KEGG:C05840	KEGG:C05840	EQ		MetaCyc:IMINOASPARTATE@Charged	
cpd03471	MetaCyc:CPD-8259;KEGG:C05841@Charged;ChEBI:58527	MetaCyc:CPD-8259;KEGG:C05841@Charged;ChEBI:58527	MetaCyc:CPD-8259;KEGG:C05841@Charged;ChEBI:58527	MetaCyc:CPD-8259;KEGG:C05841@Charged;ChEBI:58527	KEGG:C05841	KEGG:C05841	EQ	eQuilibrator:MNXM1915	KEGG:C05841@Charged	eQuilibrator:MNXM1915
cpd03472	KEGG:C05842	KEGG:C05842	KEGG:C05842	KEGG:C05842	KEGG:C05842	KEGG:C05842	EQ	eQuilibrator:MNXM63843	KEGG:C05842@Charged	eQuilibrator:MNXM63843
cpd03473	KEGG:C05843	KEGG:C05843	KEGG:C05843	KEGG:C05843	KEGG:C05843	KEGG:C05843	EQ	eQuilibrator:MNXM63841	KEGG:C05843@Charged	eQuilibrator:MNXM63841
cpd03474	KEGG:C05844@Charged	KEGG:C05844@Charged	KEGG:C05844@Charged	KEGG:C05844@Charged	KEGG:C05844	KEGG:C05844	GC	KEGG:C05844@Charged	KEGG:C05844@Charged	eQuilibrator:MNXM38125
cpd03475	KEGG:C05845@Charged	KEGG:C05845@Charged	KEGG:C05845@Charged	KEGG:C05845@Charged	KEGG:C05845	KEGG:C05845	EQ	eQuilibrator:MNXM63480	KEGG:C05845@Charged	eQuilibrator:MNXM63480
cpd03476					KEGG:C05847					
cpd03477	MetaCyc:23-EPOXY-23-DIHYDRO-2-METHYL-14-NAPHTHOQ;ChEBI:15759	MetaCyc:23-EPOXY-23-DIHYDRO-2-METHYL-14-NAPHTHOQ;ChEBI:15759	MetaCyc:23-EPOXY-23-DIHYDRO-2-METHYL-14-NAPHTHOQ;ChEBI:15759	MetaCyc:23-EPOXY-23-DIHYDRO-2-METHYL-14-NAPHTHOQ;ChEBI:15759		KEGG:C05849	GC	MetaCyc:23-EPOXY-23-DIHYDRO-2-METHYL-14-NAPHTHOQ@Charged	MetaCyc:23-EPOXY-23-DIHYDRO-2-METHYL-14-NAPHTHOQ@Charged	eQuilibrator:MNXM2912
cpd03479	MetaCyc:COUMARIN;MetaCyc:Coumarins;KEGG:C05851	MetaCyc:COUMARIN;MetaCyc:Coumarins;KEGG:C05851	MetaCyc:COUMARIN;MetaCyc:Coumarins;KEGG:C05851	MetaCyc:COUMARIN;MetaCyc:Coumarins;KEGG:C05851		KEGG:C05851	GC	KEGG:C05851@Charged	KEGG:C05851@Charged	eQuilibrator:MNXM2111
cpd03480	MetaCyc:CPD-11495;KEGG:C05852@Charged;ChEBI:62423	MetaCyc:CPD-11495;KEGG:C05852@Charged;ChEBI:62423	MetaCyc:CPD-11495;KEGG:C05852@Charged;ChEBI:62423	MetaCyc:CPD-11495;KEGG:C05852@Charged;ChEBI:62423	KEGG:C05852	KEGG:C05852	EQ	eQuilibrator:MNXM2160	MetaCyc:CPD-11495@Charged	eQuilibrator:MNXM2160
cpd03481	MetaCyc:CPD-7035;KEGG:C05853;ChEBI:49000	MetaCyc:CPD-7035;KEGG:C05853;ChEBI:49000	MetaCyc:CPD-7035;KEGG:C05853;ChEBI:49000	MetaCyc:CPD-7035;KEGG:C05853;ChEBI:49000	KEGG:C05853	KEGG:C05853	EQ	eQuilibrator:MNXM2476	KEGG:C05853@Charged	eQuilibrator:MNXM2476
cpd03482										
cpd03483	KEGG:C05855	KEGG:C05855	KEGG:C05855	KEGG:C05855	KEGG:C05855	KEGG:C05855	EQ	eQuilibrator:MNXM6885	KEGG:C05855@Charged	eQuilibrator:MNXM6885
cpd03484	MetaCyc:THIAMINE-ALDEHYDE;KEGG:C05856	MetaCyc:THIAMINE-ALDEHYDE;KEGG:C05856	MetaCyc:THIAMINE-ALDEHYDE;KEGG:C05856	MetaCyc:THIAMINE-ALDEHYDE;KEGG:C05856	KEGG:C05856	KEGG:C05856	GC	KEGG:C05856@Charged	KEGG:C05856@Charged	eQuilibrator:MNXM7799
cpd03485										
cpd03486										
cpd03487										
cpd03488										
cpd03489										
cpd03490	MetaCyc:CPD-209;KEGG:C05892@Charged;ChEBI:83903	MetaCyc:CPD-209;KEGG:C05892@Charged;ChEBI:83903	MetaCyc:CPD-209;KEGG:C05892@Charged;ChEBI:83903	MetaCyc:CPD-209;KEGG:C05892@Charged;ChEBI:83903	KEGG:C05892	KEGG:C05892	EQ	eQuilibrator:MNXM7864	KEGG:C05892@Charged	eQuilibrator:MNXM7864
cpd03491	KEGG:C05893@Charged;ChEBI:60033	KEGG:C05893@Charged;ChEBI:60033	KEGG:C05893@Charged;ChEBI:60033	KEGG:C05893@Charged;ChEBI:60033	KEGG:C05893	KEGG:C05893	EQ	eQuilibrator:MNXM1344	KEGG:C05893@Charged	eQuilibrator:MNXM1344
cpd03492	KEGG:C05894@Charged;ChEBI:62233	KEGG:C05894@Charged;ChEBI:62233	KEGG:C05894@Charged;ChEBI:62233	KEGG:C05894@Charged;ChEBI:62233	KEGG:C05894	KEGG:C05894	EQ	eQuilibrator:MNXM3113	KEGG:C05894@Charged	eQuilibrator:MNXM3113
cpd03493	KEGG:C05895@Charged;ChEBI:62236	KEGG:C05895@Charged;ChEBI:62236	KEGG:C05895@Charged;ChEBI:62236	KEGG:C05895@Charged;ChEBI:62236	KEGG:C05895	KEGG:C05895	GC	KEGG:C05895@Charged	KEGG:C05895@Charged	eQuilibrator:MNXM6468
cpd03494	MetaCyc:C5;KEGG:C05897@Charged;ChEBI:61387	MetaCyc:C5;KEGG:C05897@Charged;ChEBI:61387	MetaCyc:C5;KEGG:C05897@Charged;ChEBI:61387	MetaCyc:C5;KEGG:C05897@Charged;ChEBI:61387	KEGG:C05897	KEGG:C05897	EQ	eQuilibrator:MNXM2264	MetaCyc:C5@Charged	eQuilibrator:MNXM2264
cpd03495	KEGG:C05898@Charged;ChEBI:61388	KEGG:C05898@Charged;ChEBI:61388	KEGG:C05898@Charged;ChEBI:61388	KEGG:C05898@Charged;ChEBI:61388	KEGG:C05898	KEGG:C05898	EQ	eQuilibrator:MNXM722781	KEGG:C05898@Charged	eQuilibrator:MNXM722781
cpd03496										
cpd03497										
cpd03498	KEGG:C05901	KEGG:C05901	KEGG:C05901	KEGG:C05901	KEGG:C05901	KEGG:C05901	EQ	eQuilibrator:MNXM12690	KEGG:C05901@Charged	eQuilibrator:MNXM12690
cpd03499					KEGG:C05902	KEGG:C05902	GC			
cpd03501	MetaCyc:PELARGONIDIN-CMPD@Charged;KEGG:C05904@Charged	MetaCyc:PELARGONIDIN-CMPD@Charged;KEGG:C05904@Charged	MetaCyc:PELARGONIDIN-CMPD@Charged;KEGG:C05904@Charged	MetaCyc:PELARGONIDIN-CMPD@Charged;KEGG:C05904@Charged	KEGG:C05904	KEGG:C05904	GC	MetaCyc:PELARGONIDIN-CMPD@Charged	MetaCyc:PELARGONIDIN-CMPD@Charged	
cpd03502	MetaCyc:CPD-591@Charged;KEGG:C05905@Charged	MetaCyc:CPD-591@Charged;KEGG:C05905@Charged	MetaCyc:CPD-591@Charged;KEGG:C05905@Charged	MetaCyc:CPD-591@Charged;KEGG:C05905@Charged	KEGG:C05905	KEGG:C05905	GC	MetaCyc:CPD-591@Charged	MetaCyc:CPD-591@Charged	
cpd03503	MetaCyc:CPD-590;KEGG:C05906;ChEBI:11412	MetaCyc:CPD-590;KEGG:C05906;ChEBI:11412	MetaCyc:CPD-590;KEGG:C05906;ChEBI:11412	MetaCyc:CPD-590;KEGG:C05906;ChEBI:11412	KEGG:C05906	KEGG:C05906	EQ	eQuilibrator:MNXM1162	MetaCyc:CPD-590@Charged	eQuilibrator:MNXM1162
cpd03504	MetaCyc:CPD-11941;KEGG:C05907	MetaCyc:CPD-11941;KEGG:C05907	MetaCyc:CPD-11941;KEGG:C05907	MetaCyc:CPD-11941;KEGG:C05907	KEGG:C05907	KEGG:C05907	EQ	eQuilibrator:MNXM36414	KEGG:C05907@Charged	eQuilibrator:MNXM36414
cpd03505	MetaCyc:CPD-7090@Charged;KEGG:C05908@Charged;ChEBI:144775@Charged	MetaCyc:CPD-7090@Charged;KEGG:C05908@Charged;ChEBI:144775@Charged	MetaCyc:CPD-7090@Charged;KEGG:C05908@Charged;ChEBI:144775@Charged	MetaCyc:CPD-7090@Charged;KEGG:C05908@Charged;ChEBI:144775@Charged	KEGG:C05908	KEGG:C05908	GC	KEGG:C05908@Charged	KEGG:C05908@Charged	
cpd03506	MetaCyc:CPD-7088;KEGG:C05909	MetaCyc:CPD-7088;KEGG:C05909	MetaCyc:CPD-7088;KEGG:C05909	MetaCyc:CPD-7088;KEGG:C05909	KEGG:C05909	KEGG:C05909	EQ	eQuilibrator:MNXM3639	MetaCyc:CPD-7088@Charged	eQuilibrator:MNXM3639
cpd03507	MetaCyc:CPD-7214@Charged;KEGG:C05911;ChEBI:48026	MetaCyc:CPD-7214@Charged;KEGG:C05911;ChEBI:48026	MetaCyc:CPD-7214@Charged;KEGG:C05911;ChEBI:48026	MetaCyc:CPD-7214@Charged;KEGG:C05911;ChEBI:48026	KEGG:C05911	KEGG:C05911	GC	KEGG:C05911@Charged	KEGG:C05911@Charged	
cpd03508	MetaCyc:3Z-PHYCOERYTHROBILIN;KEGG:C05912@Charged	MetaCyc:3Z-PHYCOERYTHROBILIN;KEGG:C05912@Charged	MetaCyc:3Z-PHYCOERYTHROBILIN;KEGG:C05912@Charged	MetaCyc:3Z-PHYCOERYTHROBILIN;KEGG:C05912@Charged	KEGG:C05912	KEGG:C05912	GC	MetaCyc:3Z-PHYCOERYTHROBILIN@Charged	MetaCyc:3Z-PHYCOERYTHROBILIN@Charged	
cpd03509	MetaCyc:3Z-PHYTOCHROMOBILIN;KEGG:C05913@Charged;ChEBI:57439	MetaCyc:3Z-PHYTOCHROMOBILIN;KEGG:C05913@Charged;ChEBI:57439	MetaCyc:3Z-PHYTOCHROMOBILIN;KEGG:C05913@Charged;ChEBI:57439	MetaCyc:3Z-PHYTOCHROMOBILIN;KEGG:C05913@Charged;ChEBI:57439	KEGG:C05913	KEGG:C05913	GC	KEGG:C05913@Charged	KEGG:C05913@Charged	
cpd03510	KEGG:C05914	KEGG:C05914		KEGG:C05914			GC	KEGG:C05914@Charged	KEGG:C05914@Charged	
cpd03511	KEGG:C05915	KEGG:C05915		KEGG:C05915			GC	KEGG:C05915@Charged	KEGG:C05915@Charged	
cpd03512	KEGG:C05916	KEGG:C05916		KEGG:C05916			GC	KEGG:C05916@Charged	KEGG:C05916@Charged	
cpd03513	KEGG:C05917	KEGG:C05917		KEGG:C05917			GC	KEGG:C05917@Charged	KEGG:C05917@Charged	
cpd03514	KEGG:C05918;ChEBI:28537	KEGG:C05918;ChEBI:28537	KEGG:C05918;ChEBI:28537	KEGG:C05918;ChEBI:28537		KEGG:C05918	EQ	eQuilibrator:MNXM5609	KEGG:C05918@Charged	eQuilibrator:MNXM5609
cpd03515	MetaCyc:CPD-14330;KEGG:C05919	MetaCyc:CPD-14330;KEGG:C05919	MetaCyc:CPD-14330;KEGG:C05919	MetaCyc:CPD-14330;KEGG:C05919		KEGG:C05919	EQ	eQuilibrator:MNXM33105	KEGG:C05919@Charged	eQuilibrator:MNXM33105
cpd03516	KEGG:C05920	KEGG:C05920		KEGG:C05920			GC	KEGG:C05920@Charged	KEGG:C05920@Charged	
cpd03517	KEGG:C05921@Charged;ChEBI:62414	KEGG:C05921@Charged;ChEBI:62414	KEGG:C05921@Charged;ChEBI:62414	KEGG:C05921@Charged;ChEBI:62414	KEGG:C05921	KEGG:C05921	GC	KEGG:C05921@Charged	KEGG:C05921@Charged	eQuilibrator:MNXM2351
cpd03518	KEGG:C05922@Charged	KEGG:C05922@Charged	KEGG:C05922@Charged	KEGG:C05922@Charged	KEGG:C05922	KEGG:C05922	GC	KEGG:C05922@Charged	KEGG:C05922@Charged	
cpd03519	KEGG:C05923@Charged	KEGG:C05923@Charged	KEGG:C05923@Charged	KEGG:C05923@Charged	KEGG:C05923	KEGG:C05923	GC	KEGG:C05923@Charged	KEGG:C05923@Charged	
cpd03520	MetaCyc:CPD-4@Charged;KEGG:C05924@Charged;ChEBI:58698@Charged	MetaCyc:CPD-4@Charged;KEGG:C05924@Charged;ChEBI:58698@Charged	MetaCyc:CPD-4@Charged;KEGG:C05924@Charged;ChEBI:58698@Charged	MetaCyc:CPD-4@Charged;KEGG:C05924@Charged;ChEBI:58698@Charged	KEGG:C05924	KEGG:C05924	GC	MetaCyc:CPD-4@Charged	MetaCyc:CPD-4@Charged	
cpd03521	MetaCyc:DIHYDRONEOPTERIN-P@Charged;KEGG:C05925@Charged;ChEBI:58762@Charged	MetaCyc:DIHYDRONEOPTERIN-P@Charged;KEGG:C05925@Charged;ChEBI:58762@Charged	MetaCyc:DIHYDRONEOPTERIN-P@Charged;KEGG:C05925@Charged;ChEBI:58762@Charged	MetaCyc:DIHYDRONEOPTERIN-P@Charged;KEGG:C05925@Charged;ChEBI:58762@Charged	KEGG:C05925	KEGG:C05925	GC	MetaCyc:DIHYDRONEOPTERIN-P@Charged	MetaCyc:DIHYDRONEOPTERIN-P@Charged	
cpd03522	MetaCyc:CPD-15305;KEGG:C05926	MetaCyc:CPD-15305;KEGG:C05926	MetaCyc:CPD-15305;KEGG:C05926	MetaCyc:CPD-15305;KEGG:C05926	KEGG:C05926	KEGG:C05926	GC	MetaCyc:CPD-15305@Charged	MetaCyc:CPD-15305@Charged	
cpd03523	MetaCyc:CPD-10789;KEGG:C05927@Charged;ChEBI:72788	MetaCyc:CPD-10789;KEGG:C05927@Charged;ChEBI:72788	MetaCyc:CPD-10789;KEGG:C05927@Charged;ChEBI:72788	MetaCyc:CPD-10789;KEGG:C05927@Charged;ChEBI:72788	KEGG:C05927	KEGG:C05927	GC	MetaCyc:CPD-10789@Charged	MetaCyc:CPD-10789@Charged	eQuilibrator:MNXM3586
cpd03524	MetaCyc:CPD-17115;KEGG:C05928@Charged	MetaCyc:CPD-17115;KEGG:C05928@Charged	MetaCyc:CPD-17115;KEGG:C05928@Charged	MetaCyc:CPD-17115@Charged;KEGG:C05928@Charged	KEGG:C05928	KEGG:C05928	GC	MetaCyc:CPD-17115@Charged	MetaCyc:CPD-17115@Charged	eQuilibrator:MNXM722924
cpd03525	MetaCyc:N2-SUCCINYLGLUTAMATE;KEGG:C05931@Charged;ChEBI:58763	MetaCyc:N2-SUCCINYLGLUTAMATE;KEGG:C05931@Charged;ChEBI:58763	MetaCyc:N2-SUCCINYLGLUTAMATE;KEGG:C05931@Charged;ChEBI:58763	MetaCyc:N2-SUCCINYLGLUTAMATE;KEGG:C05931@Charged;ChEBI:58763	KEGG:C05931	KEGG:C05931	EQ	eQuilibrator:MNXM1757	MetaCyc:N2-SUCCINYLGLUTAMATE@Charged	eQuilibrator:MNXM1757
cpd03526	MetaCyc:CPD-822;KEGG:C05932@Charged;ChEBI:58520	MetaCyc:CPD-822;KEGG:C05932@Charged;ChEBI:58520	MetaCyc:CPD-822;KEGG:C05932@Charged;ChEBI:58520	MetaCyc:CPD-822;KEGG:C05932@Charged;ChEBI:58520	KEGG:C05932	KEGG:C05932	EQ	eQuilibrator:MNXM1763	MetaCyc:CPD-822@Charged	eQuilibrator:MNXM1763
cpd03527	KEGG:C05933@Charged	KEGG:C05933@Charged	KEGG:C05933@Charged	KEGG:C05933@Charged	KEGG:C05933	KEGG:C05933	GC	KEGG:C05933@Charged	KEGG:C05933@Charged	
cpd03528										
cpd03529	MetaCyc:CPD-30;KEGG:C05936;ChEBI:7386	MetaCyc:CPD-30;KEGG:C05936;ChEBI:7386	MetaCyc:CPD-30;KEGG:C05936;ChEBI:7386	MetaCyc:CPD-30;KEGG:C05936;ChEBI:7386	KEGG:C05936	KEGG:C05936	EQ	eQuilibrator:MNXM1527	MetaCyc:CPD-30@Charged	eQuilibrator:MNXM1527
cpd03530	MetaCyc:L-4-HYDROXYGLUTAMATE_SEMIALDEHYDE;KEGG:C05938;ChEBI:62637	MetaCyc:L-4-HYDROXYGLUTAMATE_SEMIALDEHYDE;KEGG:C05938;ChEBI:62637	MetaCyc:L-4-HYDROXYGLUTAMATE_SEMIALDEHYDE;KEGG:C05938;ChEBI:62637	MetaCyc:L-4-HYDROXYGLUTAMATE_SEMIALDEHYDE;KEGG:C05938@Charged;ChEBI:62637	KEGG:C05938	KEGG:C05938	EQ	eQuilibrator:MNXM2687	MetaCyc:L-4-HYDROXYGLUTAMATE_SEMIALDEHYDE@Charged	eQuilibrator:MNXM2687
cpd03531	KEGG:C05939@Charged	KEGG:C05939@Charged	KEGG:C05939@Charged	KEGG:C05939@Charged	KEGG:C05939	KEGG:C05939	EQ	eQuilibrator:MNXM12115	KEGG:C05939@Charged	eQuilibrator:MNXM12115
cpd03532	KEGG:C05941	KEGG:C05941	KEGG:C05941	KEGG:C05941@Charged	KEGG:C05941	KEGG:C05941	EQ	eQuilibrator:MNXM6731	KEGG:C05941@Charged	eQuilibrator:MNXM6731
cpd03533	MetaCyc:PYRROLE-2-CARBOXYLATE;KEGG:C05942@Charged;ChEBI:27660	MetaCyc:PYRROLE-2-CARBOXYLATE;KEGG:C05942@Charged;ChEBI:27660	MetaCyc:PYRROLE-2-CARBOXYLATE;KEGG:C05942@Charged;ChEBI:27660	MetaCyc:PYRROLE-2-CARBOXYLATE;KEGG:C05942@Charged;ChEBI:27660	KEGG:C05942		EQ	eQuilibrator:MNXM1590	KEGG:C05942@Charged	eQuilibrator:MNXM1590
cpd03534	KEGG:C05944	KEGG:C05944	KEGG:C05944	KEGG:C05944	KEGG:C05944	KEGG:C05944	EQ	eQuilibrator:MNXM7622	KEGG:C05944@Charged	eQuilibrator:MNXM7622
cpd03535	MetaCyc:L-ARGININE-P;KEGG:C05945@Charged;ChEBI:58477	MetaCyc:L-ARGININE-P;KEGG:C05945@Charged;ChEBI:58477	MetaCyc:L-ARGININE-P;KEGG:C05945@Charged;ChEBI:58477	MetaCyc:L-ARGININE-P@Charged;KEGG:C05945@Charged;ChEBI:58477@Charged	KEGG:C05945	KEGG:C05945	EQ	eQuilibrator:MNXM3663	KEGG:C05945@Charged	eQuilibrator:MNXM3663
cpd03538	MetaCyc:CPD-24714;KEGG:C05949@Charged;ChEBI:133309	MetaCyc:CPD-24714;KEGG:C05949@Charged;ChEBI:133309	MetaCyc:CPD-24714;KEGG:C05949@Charged;ChEBI:133309	MetaCyc:CPD-24714;KEGG:C05949@Charged;ChEBI:133309	KEGG:C05949	KEGG:C05949	EQ	eQuilibrator:MNXM6635	KEGG:C05949@Charged	eQuilibrator:MNXM6635
cpd03539	MetaCyc:CPD-24732;KEGG:C05950@Charged;ChEBI:90722	MetaCyc:CPD-24732;KEGG:C05950@Charged;ChEBI:90722	MetaCyc:CPD-24732;KEGG:C05950@Charged;ChEBI:90722	MetaCyc:CPD-24732;KEGG:C05950@Charged;ChEBI:90722	KEGG:C05950	KEGG:C05950	EQ	eQuilibrator:MNXM8077	KEGG:C05950@Charged	eQuilibrator:MNXM8077
cpd03540	MetaCyc:CPD66-21;KEGG:C05951@Charged;ChEBI:63166	MetaCyc:CPD66-21;KEGG:C05951@Charged;ChEBI:63166	MetaCyc:CPD66-21;KEGG:C05951@Charged;ChEBI:63166	MetaCyc:CPD66-21;KEGG:C05951@Charged;ChEBI:63166	KEGG:C05951	KEGG:C05951	EQ	eQuilibrator:MNXM885	MetaCyc:CPD66-21@Charged	eQuilibrator:MNXM885
cpd03541	MetaCyc:7E9E11Z14Z-5S6R-6-CYSTEIN-S-YL;KEGG:C05952@Charged;ChEBI:57462	MetaCyc:7E9E11Z14Z-5S6R-6-CYSTEIN-S-YL;KEGG:C05952@Charged;ChEBI:57462	MetaCyc:7E9E11Z14Z-5S6R-6-CYSTEIN-S-YL;KEGG:C05952@Charged;ChEBI:57462	MetaCyc:7E9E11Z14Z-5S6R-6-CYSTEIN-S-YL;KEGG:C05952@Charged;ChEBI:57462	KEGG:C05952	KEGG:C05952	EQ	eQuilibrator:MNXM1331	KEGG:C05952@Charged	eQuilibrator:MNXM1331
cpd03542	MetaCyc:CPD-21228;KEGG:C05953@Charged;ChEBI:133370	MetaCyc:CPD-21228;KEGG:C05953@Charged;ChEBI:133370	MetaCyc:CPD-21228;KEGG:C05953@Charged;ChEBI:133370	MetaCyc:CPD-21228;KEGG:C05953@Charged;ChEBI:133370	KEGG:C05953	KEGG:C05953	EQ	eQuilibrator:MNXM7702	MetaCyc:CPD-21228@Charged	eQuilibrator:MNXM7702
cpd03543	MetaCyc:CPD-24162;KEGG:C05954@Charged;ChEBI:133391	MetaCyc:CPD-24162;KEGG:C05954@Charged;ChEBI:133391	MetaCyc:CPD-24162;KEGG:C05954@Charged;ChEBI:133391	MetaCyc:CPD-24162;KEGG:C05954@Charged;ChEBI:133391	KEGG:C05954	KEGG:C05954	EQ	eQuilibrator:MNXM12766	KEGG:C05954@Charged	eQuilibrator:MNXM12766
cpd03544	MetaCyc:CPD-24163;KEGG:C05955@Charged;ChEBI:133392	MetaCyc:CPD-24163;KEGG:C05955@Charged;ChEBI:133392	MetaCyc:CPD-24163;KEGG:C05955@Charged;ChEBI:133392	MetaCyc:CPD-24163;KEGG:C05955@Charged;ChEBI:133392	KEGG:C05955	KEGG:C05955	EQ	eQuilibrator:MNXM7703	KEGG:C05955@Charged	eQuilibrator:MNXM7703
cpd03545	MetaCyc:CPD-17980;KEGG:C05956@Charged;ChEBI:82629	MetaCyc:CPD-17980;KEGG:C05956@Charged;ChEBI:82629	MetaCyc:CPD-17980;KEGG:C05956@Charged;ChEBI:82629	MetaCyc:CPD-17980;KEGG:C05956@Charged;ChEBI:82629	KEGG:C05956	KEGG:C05956	GC	KEGG:C05956@Charged	KEGG:C05956@Charged	
cpd03546	MetaCyc:CPD-21229;KEGG:C05957@Charged;ChEBI:133396	MetaCyc:CPD-21229;KEGG:C05957@Charged;ChEBI:133396	MetaCyc:CPD-21229;KEGG:C05957@Charged;ChEBI:133396	MetaCyc:CPD-21229;KEGG:C05957@Charged;ChEBI:133396	KEGG:C05957	KEGG:C05957	EQ	eQuilibrator:MNXM7704	KEGG:C05957@Charged	eQuilibrator:MNXM7704
cpd03547	MetaCyc:CPD-25996;KEGG:C05958@Charged;ChEBI:133424	MetaCyc:CPD-25996;KEGG:C05958@Charged;ChEBI:133424	MetaCyc:CPD-25996;KEGG:C05958@Charged;ChEBI:133424	MetaCyc:CPD-25996;KEGG:C05958@Charged;ChEBI:133424	KEGG:C05958	KEGG:C05958	EQ	eQuilibrator:MNXM6638	KEGG:C05958@Charged	eQuilibrator:MNXM6638
cpd03548	MetaCyc:CPD-24636;KEGG:C05959@Charged;ChEBI:85173	MetaCyc:CPD-24636;KEGG:C05959@Charged;ChEBI:85173	MetaCyc:CPD-24636;KEGG:C05959@Charged;ChEBI:85173	MetaCyc:CPD-24636;KEGG:C05959@Charged;ChEBI:85173	KEGG:C05959	KEGG:C05959	EQ	eQuilibrator:MNXM8009	KEGG:C05959@Charged	eQuilibrator:MNXM8009
cpd03549	MetaCyc:CPD-22745;KEGG:C05960@Charged;ChEBI:133409	MetaCyc:CPD-22745;KEGG:C05960@Charged;ChEBI:133409	MetaCyc:CPD-22745;KEGG:C05960@Charged;ChEBI:133409	MetaCyc:CPD-22745;KEGG:C05960@Charged;ChEBI:133409	KEGG:C05960	KEGG:C05960	EQ	eQuilibrator:MNXM9708	KEGG:C05960@Charged	eQuilibrator:MNXM9708
cpd03550	MetaCyc:CPD-24635;KEGG:C05961@Charged	MetaCyc:CPD-24635;KEGG:C05961@Charged	MetaCyc:CPD-24635;KEGG:C05961@Charged	MetaCyc:CPD-24635;KEGG:C05961@Charged	KEGG:C05961	KEGG:C05961	EQ	eQuilibrator:MNXM6131	KEGG:C05961@Charged	eQuilibrator:MNXM6131
cpd03551	MetaCyc:CPD-24690;KEGG:C05962@Charged	MetaCyc:CPD-24690;KEGG:C05962@Charged	MetaCyc:CPD-24690;KEGG:C05962@Charged	MetaCyc:CPD-24690;KEGG:C05962@Charged	KEGG:C05962	KEGG:C05962	EQ	eQuilibrator:MNXM10389	KEGG:C05962@Charged	eQuilibrator:MNXM10389
cpd03552	KEGG:C05963@Charged	KEGG:C05963@Charged	KEGG:C05963@Charged	KEGG:C05963@Charged	KEGG:C05963	KEGG:C05963	GC	KEGG:C05963@Charged	KEGG:C05963@Charged	
cpd03553	MetaCyc:CPD-24685;KEGG:C05964@Charged;ChEBI:136539	MetaCyc:CPD-24685;KEGG:C05964@Charged;ChEBI:136539	MetaCyc:CPD-24685;KEGG:C05964@Charged;ChEBI:136539	MetaCyc:CPD-24685;KEGG:C05964@Charged;ChEBI:136539	KEGG:C05964	KEGG:C05964	EQ	eQuilibrator:MNXM9667	KEGG:C05964@Charged	eQuilibrator:MNXM9667
cpd03554	MetaCyc:5Z8Z10E14Z-12S-12-HYDROPEROXYICOS;KEGG:C05965@Charged;ChEBI:57444	MetaCyc:5Z8Z10E14Z-12S-12-HYDROPEROXYICOS;KEGG:C05965@Charged;ChEBI:57444	MetaCyc:5Z8Z10E14Z-12S-12-HYDROPEROXYICOS;KEGG:C05965@Charged;ChEBI:57444	MetaCyc:5Z8Z10E14Z-12S-12-HYDROPEROXYICOS;KEGG:C05965@Charged;ChEBI:57444	KEGG:C05965	KEGG:C05965	GC	KEGG:C05965@Charged	KEGG:C05965@Charged	
cpd03555	MetaCyc:5Z8Z11Z13E-15S-15-HYDROPEROXYICOS;KEGG:C05966@Charged;ChEBI:57446	MetaCyc:5Z8Z11Z13E-15S-15-HYDROPEROXYICOS;KEGG:C05966@Charged;ChEBI:57446	MetaCyc:5Z8Z11Z13E-15S-15-HYDROPEROXYICOS;KEGG:C05966@Charged;ChEBI:57446	MetaCyc:5Z8Z11Z13E-15S-15-HYDROPEROXYICOS;KEGG:C05966@Charged;ChEBI:57446	KEGG:C05966	KEGG:C05966	GC	MetaCyc:5Z8Z11Z13E-15S-15-HYDROPEROXYICOS@Charged	MetaCyc:5Z8Z11Z13E-15S-15-HYDROPEROXYICOS@Charged	
cpd03556										
cpd03557	MetaCyc:2-Acyl-glycero-3-phosphoethanolamine;KEGG:C05973@Charged;ChEBI:65213	MetaCyc:2-Acyl-glycero-3-phosphoethanolamine;KEGG:C05973@Charged;ChEBI:65213		MetaCyc:2-Acyl-glycero-3-phosphoethanolamine;KEGG:C05973@Charged;ChEBI:65213	KEGG:C05973	KEGG:C05973	GC	KEGG:C05973@Charged	KEGG:C05973@Charged	
cpd03558	KEGG:C05974@Charged	KEGG:C05974@Charged		KEGG:C05974@Charged	KEGG:C05974	KEGG:C05974	GC	KEGG:C05974@Charged	KEGG:C05974@Charged	
cpd03559	MetaCyc:PROPANOL;KEGG:C05979;ChEBI:28831	MetaCyc:PROPANOL;KEGG:C05979;ChEBI:28831	MetaCyc:PROPANOL;KEGG:C05979;ChEBI:28831	MetaCyc:PROPANOL;KEGG:C05979;ChEBI:28831	KEGG:C05979	KEGG:C05979	EQ	eQuilibrator:MNXM6396	KEGG:C05979@Charged	eQuilibrator:MNXM6396
cpd03560	MetaCyc:PROPIONYL_ADENYLATE;KEGG:C05983@Charged	MetaCyc:PROPIONYL_ADENYLATE;KEGG:C05983@Charged	MetaCyc:PROPIONYL_ADENYLATE;KEGG:C05983@Charged	MetaCyc:PROPIONYL_ADENYLATE;KEGG:C05983@Charged	KEGG:C05983	KEGG:C05983	GC	KEGG:C05983@Charged	KEGG:C05983@Charged	eQuilibrator:MNXM5283
cpd03561	MetaCyc:CPD-3564;KEGG:C05984@Charged;ChEBI:73709	MetaCyc:CPD-3564;KEGG:C05984@Charged;ChEBI:73709	MetaCyc:CPD-3564;KEGG:C05984@Charged;ChEBI:73709	MetaCyc:CPD-3564;KEGG:C05984@Charged;ChEBI:73709	KEGG:C05984	KEGG:C05984	EQ	eQuilibrator:MNXM722772	MetaCyc:CPD-3564@Charged	eQuilibrator:MNXM722772
cpd03562	MetaCyc:CPD-15163;KEGG:C05985;ChEBI:27976	MetaCyc:CPD-15163;KEGG:C05985;ChEBI:27976	MetaCyc:CPD-15163;KEGG:C05985;ChEBI:27976	MetaCyc:CPD-15163;KEGG:C05985;ChEBI:27976	KEGG:C05985	KEGG:C05985	GC	MetaCyc:CPD-15163@Charged	MetaCyc:CPD-15163@Charged	
cpd03563	KEGG:C05986;ChEBI:28905	KEGG:C05986;ChEBI:28905	KEGG:C05986;ChEBI:28905	KEGG:C05986;ChEBI:28905	KEGG:C05986	KEGG:C05986	GC	KEGG:C05986@Charged	KEGG:C05986@Charged	
cpd03564	MetaCyc:CPD-17259;MetaCyc:MALONATE_SEMIALDEHYDE-COA;KEGG:C05989@Charged;ChEBI:84996	MetaCyc:CPD-17259;MetaCyc:MALONATE_SEMIALDEHYDE-COA;KEGG:C05989@Charged;ChEBI:84996	MetaCyc:CPD-17259;MetaCyc:MALONATE_SEMIALDEHYDE-COA;KEGG:C05989@Charged;ChEBI:84996	MetaCyc:CPD-17259;MetaCyc:MALONATE_SEMIALDEHYDE-COA;KEGG:C05989@Charged;ChEBI:84996	KEGG:C05989	KEGG:C05989	EQ	eQuilibrator:MNXM6325	MetaCyc:CPD-17259@Charged	eQuilibrator:MNXM6325
cpd03565					KEGG:C05990	KEGG:C05990	GC			
cpd03566	MetaCyc:ACETYL_AMP;KEGG:C05993@Charged;ChEBI:142453	MetaCyc:ACETYL_AMP;KEGG:C05993@Charged;ChEBI:142453	MetaCyc:ACETYL_AMP;KEGG:C05993@Charged;ChEBI:142453	MetaCyc:ACETYL_AMP;KEGG:C05993@Charged;ChEBI:142453	KEGG:C05993	KEGG:C05993	GC	KEGG:C05993@Charged	KEGG:C05993@Charged	eQuilibrator:MNXM4377
cpd03567	KEGG:C05994@Charged	KEGG:C05994@Charged	KEGG:C05994@Charged	KEGG:C05994@Charged	KEGG:C05994	KEGG:C05994	GC	KEGG:C05994@Charged	KEGG:C05994@Charged	
cpd03568	KEGG:C05995@Charged	KEGG:C05995@Charged	KEGG:C05995@Charged	KEGG:C05995@Charged	KEGG:C05995	KEGG:C05995	EQ		KEGG:C05995@Charged	
cpd03569	KEGG:C05997@Charged	KEGG:C05997@Charged	KEGG:C05997@Charged	KEGG:C05997@Charged	KEGG:C05997	KEGG:C05997	EQ	eQuilibrator:MNXM36492	KEGG:C05997@Charged	eQuilibrator:MNXM36492
cpd03570	MetaCyc:3-HYDROXY-ISOVALERYL-COA;KEGG:C05998@Charged;ChEBI:62555	MetaCyc:3-HYDROXY-ISOVALERYL-COA;KEGG:C05998@Charged;ChEBI:62555	MetaCyc:3-HYDROXY-ISOVALERYL-COA;KEGG:C05998@Charged;ChEBI:62555	MetaCyc:3-HYDROXY-ISOVALERYL-COA;KEGG:C05998@Charged;ChEBI:62555	KEGG:C05998	KEGG:C05998	EQ	eQuilibrator:MNXM4987	KEGG:C05998@Charged	eQuilibrator:MNXM4987
cpd03571	KEGG:C05999	KEGG:C05999	KEGG:C05999	KEGG:C05999	KEGG:C05999	KEGG:C05999	GC	KEGG:C05999@Charged	KEGG:C05999@Charged	
cpd03572	MetaCyc:CPD-12174	MetaCyc:CPD-12174	MetaCyc:CPD-12174	MetaCyc:CPD-12174	KEGG:C06000	KEGG:C06000	EQ	eQuilibrator:MNXM723171	MetaCyc:CPD-12174@Charged	eQuilibrator:MNXM723171
cpd03577	KEGG:C06008@Charged	KEGG:C06008@Charged	KEGG:C06008@Charged	KEGG:C06008@Charged	KEGG:C06008	KEGG:C06008	EQ	eQuilibrator:MNXM94056	KEGG:C06008@Charged	eQuilibrator:MNXM94056
cpd03579	MetaCyc:BENZENAMINE-SULFATE;KEGG:C06011	MetaCyc:BENZENAMINE-SULFATE;KEGG:C06011	MetaCyc:BENZENAMINE-SULFATE;KEGG:C06011	MetaCyc:BENZENAMINE-SULFATE;KEGG:C06011	KEGG:C06011	KEGG:C06011	GC	MetaCyc:BENZENAMINE-SULFATE@Charged	MetaCyc:BENZENAMINE-SULFATE@Charged	eQuilibrator:MNXM8327
cpd03580										
cpd03581	KEGG:C06017@Charged	KEGG:C06017@Charged	KEGG:C06017@Charged	KEGG:C06017@Charged	KEGG:C06017	KEGG:C06017	GC	KEGG:C06017@Charged	KEGG:C06017@Charged	
cpd03582	MetaCyc:CPD-14793;KEGG:C06018@Charged;ChEBI:68675	MetaCyc:CPD-14793;KEGG:C06018@Charged;ChEBI:68675	MetaCyc:CPD-14793;KEGG:C06018@Charged;ChEBI:68675	MetaCyc:CPD-14793;KEGG:C06018@Charged;ChEBI:68675	KEGG:C06018	KEGG:C06018	EQ	eQuilibrator:MNXM51644	MetaCyc:CPD-14793@Charged	eQuilibrator:MNXM51644
cpd03583	KEGG:C06019@Charged;ChEBI:58542	KEGG:C06019@Charged;ChEBI:58542	KEGG:C06019@Charged;ChEBI:58542	KEGG:C06019@Charged;ChEBI:58542	KEGG:C06019	KEGG:C06019	EQ	eQuilibrator:MNXM1659	KEGG:C06019@Charged	eQuilibrator:MNXM1659
cpd03584	MetaCyc:UDP-OHMYR-GLUCOSAMINE;KEGG:C06022@Charged;ChEBI:71573	MetaCyc:UDP-OHMYR-GLUCOSAMINE;KEGG:C06022@Charged;ChEBI:71573	MetaCyc:UDP-OHMYR-GLUCOSAMINE;KEGG:C06022@Charged;ChEBI:71573	MetaCyc:UDP-OHMYR-GLUCOSAMINE;KEGG:C06022@Charged;ChEBI:71573	KEGG:C06022	KEGG:C06022	EQ	eQuilibrator:MNXM2036	KEGG:C06022@Charged	eQuilibrator:MNXM2036
cpd03585	MetaCyc:KDO-LIPID-IVA;KEGG:C06024@Charged;ChEBI:60364	MetaCyc:KDO-LIPID-IVA;KEGG:C06024@Charged;ChEBI:60364	MetaCyc:KDO-LIPID-IVA;KEGG:C06024@Charged;ChEBI:60364	MetaCyc:KDO-LIPID-IVA;KEGG:C06024@Charged;ChEBI:60364	KEGG:C06024	KEGG:C06024	EQ	eQuilibrator:MNXM1206	KEGG:C06024@Charged	eQuilibrator:MNXM1206
cpd03586	MetaCyc:KDO2-LIPID-IVA;KEGG:C06025@Charged;ChEBI:60365	MetaCyc:KDO2-LIPID-IVA;KEGG:C06025@Charged;ChEBI:60365	MetaCyc:KDO2-LIPID-IVA;KEGG:C06025@Charged;ChEBI:60365	MetaCyc:KDO2-LIPID-IVA;KEGG:C06025@Charged;ChEBI:60365	KEGG:C06025	KEGG:C06025	EQ	eQuilibrator:MNXM824	MetaCyc:KDO2-LIPID-IVA@Charged	eQuilibrator:MNXM824
cpd03587	MetaCyc:KDO2-LIPID-A;KEGG:C06026@Charged;ChEBI:58540	MetaCyc:KDO2-LIPID-A;KEGG:C06026@Charged;ChEBI:58540	MetaCyc:KDO2-LIPID-A;KEGG:C06026@Charged;ChEBI:58540	MetaCyc:KDO2-LIPID-A;KEGG:C06026@Charged;ChEBI:58540	KEGG:C06026	KEGG:C06026	EQ	eQuilibrator:MNXM946	KEGG:C06026@Charged	eQuilibrator:MNXM946
cpd03588	KEGG:C06027@Charged	KEGG:C06027@Charged	KEGG:C06027@Charged	KEGG:C06027@Charged	KEGG:C06027	KEGG:C06027	GC	KEGG:C06027@Charged	KEGG:C06027@Charged	
cpd03589	MetaCyc:CPD-9408;KEGG:C06028@Charged;ChEBI:75635	MetaCyc:CPD-9408;KEGG:C06028@Charged;ChEBI:75635	MetaCyc:CPD-9408;KEGG:C06028@Charged;ChEBI:75635	MetaCyc:CPD-9408;KEGG:C06028@Charged;ChEBI:75635	KEGG:C06028	KEGG:C06028	EQ	eQuilibrator:MNXM2693	MetaCyc:CPD-9408@Charged	eQuilibrator:MNXM2693
cpd03590	KEGG:C06029@Charged	KEGG:C06029@Charged	KEGG:C06029@Charged	KEGG:C06029@Charged	KEGG:C06029	KEGG:C06029	EQ	eQuilibrator:MNXM12068	KEGG:C06029@Charged	eQuilibrator:MNXM12068
cpd03591	MetaCyc:METHYLOXALO-ACETATE;KEGG:C06030@Charged	MetaCyc:METHYLOXALO-ACETATE;KEGG:C06030@Charged	MetaCyc:METHYLOXALO-ACETATE;KEGG:C06030@Charged	MetaCyc:METHYLOXALO-ACETATE;KEGG:C06030@Charged	KEGG:C06030	KEGG:C06030	EQ	eQuilibrator:MNXM162727	KEGG:C06030@Charged	eQuilibrator:MNXM162727
cpd03592	KEGG:C06031@Charged	KEGG:C06031@Charged	KEGG:C06031@Charged	KEGG:C06031@Charged	KEGG:C06031	KEGG:C06031	EQ	eQuilibrator:MNXM11295	KEGG:C06031@Charged	eQuilibrator:MNXM11295
cpd03593	KEGG:C06032@Charged;ChEBI:58511	KEGG:C06032@Charged;ChEBI:58511	KEGG:C06032@Charged;ChEBI:58511	KEGG:C06032@Charged;ChEBI:58511	KEGG:C06032	KEGG:C06032	EQ	eQuilibrator:MNXM2512	KEGG:C06032@Charged	eQuilibrator:MNXM2512
cpd03595	KEGG:C06034@Charged;ChEBI:167901	KEGG:C06034@Charged;ChEBI:167901	KEGG:C06034@Charged;ChEBI:167901	KEGG:C06034@Charged;ChEBI:167901	KEGG:C06034	KEGG:C06034	EQ	eQuilibrator:MNXM164302	KEGG:C06034@Charged	eQuilibrator:MNXM164302
cpd03596	MetaCyc:CPD-88@Charged;KEGG:C06035@Charged	MetaCyc:CPD-88@Charged;KEGG:C06035@Charged	MetaCyc:CPD-88@Charged;KEGG:C06035@Charged	MetaCyc:CPD-88@Charged;KEGG:C06035@Charged	KEGG:C06035		EQ		MetaCyc:CPD-88@Charged	
cpd03597	MetaCyc:CPD3O-4151;KEGG:C06044	MetaCyc:CPD3O-4151;KEGG:C06044	MetaCyc:CPD3O-4151;KEGG:C06044	MetaCyc:CPD3O-4151;KEGG:C06044	KEGG:C06044	KEGG:C06044	EQ	eQuilibrator:MNXM4964	KEGG:C06044@Charged	eQuilibrator:MNXM4964
cpd03598										
cpd03599	MetaCyc:CPD-13354;KEGG:C06046	MetaCyc:CPD-13354;KEGG:C06046	MetaCyc:CPD-13354;KEGG:C06046	MetaCyc:CPD-13354;KEGG:C06046	KEGG:C06046	KEGG:C06046	EQ	eQuilibrator:MNXM7761	MetaCyc:CPD-13354@Charged	eQuilibrator:MNXM7761
cpd03600	KEGG:C06047@Charged	KEGG:C06047@Charged	KEGG:C06047@Charged	KEGG:C06047@Charged	KEGG:C06047	KEGG:C06047	GC	KEGG:C06047@Charged	KEGG:C06047@Charged	
cpd03601	MetaCyc:CPD-13903;KEGG:C06048@Charged	MetaCyc:CPD-13903;KEGG:C06048@Charged	MetaCyc:CPD-13903;KEGG:C06048@Charged	MetaCyc:CPD-13903;KEGG:C06048@Charged	KEGG:C06048	KEGG:C06048	GC	MetaCyc:CPD-13903@Charged	MetaCyc:CPD-13903@Charged	
cpd03602	KEGG:C06049	KEGG:C06049		KEGG:C06049	KEGG:C06049	KEGG:C06049	GC	KEGG:C06049@Charged	KEGG:C06049@Charged	
cpd03603	KEGG:C06050@Charged;ChEBI:140633	KEGG:C06050@Charged;ChEBI:140633	KEGG:C06050@Charged;ChEBI:140633	KEGG:C06050@Charged;ChEBI:140633@Charged	KEGG:C06050	KEGG:C06050	EQ	eQuilibrator:MNXM35254	KEGG:C06050@Charged	eQuilibrator:MNXM35254
cpd03604	MetaCyc:CPD-383;KEGG:C06051;ChEBI:17889	MetaCyc:CPD-383;KEGG:C06051;ChEBI:17889	MetaCyc:CPD-383;KEGG:C06051;ChEBI:17889	MetaCyc:CPD-383;KEGG:C06051;ChEBI:17889	KEGG:C06051	KEGG:C06051	EQ	eQuilibrator:MNXM3037	KEGG:C06051@Charged	eQuilibrator:MNXM3037
cpd03605	MetaCyc:CPD-9028;KEGG:C06052;ChEBI:2124	MetaCyc:CPD-9028;KEGG:C06052;ChEBI:2124	MetaCyc:CPD-9028;KEGG:C06052;ChEBI:2124	MetaCyc:CPD-9028;KEGG:C06052;ChEBI:2124	KEGG:C06052	KEGG:C06052	EQ	eQuilibrator:MNXM6939	MetaCyc:CPD-9028@Charged	eQuilibrator:MNXM6939
cpd03606	MetaCyc:3OH-4P-OH-ALPHA-KETOBUTYRATE;KEGG:C06054@Charged;ChEBI:58538	MetaCyc:3OH-4P-OH-ALPHA-KETOBUTYRATE;KEGG:C06054@Charged;ChEBI:58538	MetaCyc:3OH-4P-OH-ALPHA-KETOBUTYRATE;KEGG:C06054@Charged;ChEBI:58538	MetaCyc:3OH-4P-OH-ALPHA-KETOBUTYRATE;KEGG:C06054@Charged;ChEBI:58538	KEGG:C06054	KEGG:C06054	EQ	eQuilibrator:MNXM1514	KEGG:C06054@Charged	eQuilibrator:MNXM1514
cpd03607	KEGG:C06055@Charged;ChEBI:58452	KEGG:C06055@Charged;ChEBI:58452	KEGG:C06055@Charged;ChEBI:58452	KEGG:C06055@Charged;ChEBI:58452	KEGG:C06055	KEGG:C06055	EQ	eQuilibrator:MNXM759	KEGG:C06055@Charged	eQuilibrator:MNXM759
cpd03608	MetaCyc:CPD0-2189;KEGG:C06056;ChEBI:60904	MetaCyc:CPD0-2189;KEGG:C06056;ChEBI:60904	MetaCyc:CPD0-2189;KEGG:C06056;ChEBI:60904	MetaCyc:CPD0-2189;KEGG:C06056@Charged;ChEBI:60904	KEGG:C06056	KEGG:C06056	EQ	eQuilibrator:MNXM1802	MetaCyc:CPD0-2189@Charged	eQuilibrator:MNXM1802
cpd03609	KEGG:C06057@Charged	KEGG:C06057@Charged	KEGG:C06057@Charged	KEGG:C06057@Charged	KEGG:C06057	KEGG:C06057	EQ	eQuilibrator:MNXM9986	KEGG:C06057@Charged	eQuilibrator:MNXM9986
cpd03610	MetaCyc:Nitrohydrocarbons;MetaCyc:Primary-Nitroalkanes;KEGG:C06058	MetaCyc:Nitrohydrocarbons;MetaCyc:Primary-Nitroalkanes;KEGG:C06058		MetaCyc:Nitrohydrocarbons;MetaCyc:Primary-Nitroalkanes;KEGG:C06058			GC	MetaCyc:Nitrohydrocarbons@Charged	MetaCyc:Nitrohydrocarbons@Charged	
cpd03611										
cpd03612										
cpd03613	MetaCyc:Ceramides-PE;KEGG:C06062@Charged;ChEBI:73203	MetaCyc:Ceramides-PE;KEGG:C06062@Charged;ChEBI:73203		MetaCyc:Ceramides-PE;KEGG:C06062@Charged;ChEBI:73203	KEGG:C06062	KEGG:C06062	GC	KEGG:C06062@Charged	KEGG:C06062@Charged	
cpd03614	KEGG:C06067	KEGG:C06067	KEGG:C06067	KEGG:C06067@Charged	KEGG:C06067	KEGG:C06067	EQ	eQuilibrator:MNXM50978	KEGG:C06067@Charged	eQuilibrator:MNXM50978
cpd03615	MetaCyc:CPD-12358;KEGG:C06068@Charged	MetaCyc:CPD-12358;KEGG:C06068@Charged	MetaCyc:CPD-12358;KEGG:C06068@Charged	MetaCyc:CPD-12358;KEGG:C06068@Charged	KEGG:C06068	KEGG:C06068	GC	MetaCyc:CPD-12358@Charged	MetaCyc:CPD-12358@Charged	eQuilibrator:MNXM5735
cpd03616	KEGG:C06069	KEGG:C06069	KEGG:C06069	KEGG:C06069	KEGG:C06069	KEGG:C06069	GC	KEGG:C06069@Charged	KEGG:C06069@Charged	
cpd03617	KEGG:C06070@Charged	KEGG:C06070@Charged	KEGG:C06070@Charged	KEGG:C06070@Charged	KEGG:C06070	KEGG:C06070	EQ		KEGG:C06070@Charged	
cpd03618	MetaCyc:7-DEOXYLOGANIN;KEGG:C06071;ChEBI:18370	MetaCyc:7-DEOXYLOGANIN;KEGG:C06071;ChEBI:18370	MetaCyc:7-DEOXYLOGANIN;KEGG:C06071;ChEBI:18370	MetaCyc:7-DEOXYLOGANIN;KEGG:C06071;ChEBI:18370	KEGG:C06071	KEGG:C06071	GC	MetaCyc:7-DEOXYLOGANIN@Charged	MetaCyc:7-DEOXYLOGANIN@Charged	eQuilibrator:MNXM6965
cpd03619	MetaCyc:CPD-4888;KEGG:C06074;ChEBI:17221	MetaCyc:CPD-4888;KEGG:C06074;ChEBI:17221	MetaCyc:CPD-4888;KEGG:C06074;ChEBI:17221	MetaCyc:CPD-4888;KEGG:C06074;ChEBI:17221			EQ	eQuilibrator:MNXM2022	MetaCyc:CPD-4888@Charged	eQuilibrator:MNXM2022
cpd03620	MetaCyc:CPD-4890;KEGG:C06075;ChEBI:9457	MetaCyc:CPD-4890;KEGG:C06075;ChEBI:9457	MetaCyc:CPD-4890;KEGG:C06075;ChEBI:9457	MetaCyc:CPD-4890;KEGG:C06075;ChEBI:9457			EQ	eQuilibrator:MNXM4839	KEGG:C06075@Charged	eQuilibrator:MNXM4839
cpd03622	MetaCyc:CPD-13303	MetaCyc:CPD-13303	MetaCyc:CPD-13303	MetaCyc:CPD-13303	KEGG:C06079	KEGG:C06079	GC	MetaCyc:CPD-13303@Charged	MetaCyc:CPD-13303@Charged	
cpd03623	KEGG:C06080	KEGG:C06080	KEGG:C06080	KEGG:C06080	KEGG:C06080	KEGG:C06080	GC	KEGG:C06080@Charged	KEGG:C06080@Charged	
cpd03624	MetaCyc:CPD-693;KEGG:C06082@Charged;ChEBI:37569	MetaCyc:CPD-693;KEGG:C06082@Charged;ChEBI:37569	MetaCyc:CPD-693;KEGG:C06082@Charged;ChEBI:37569	MetaCyc:CPD-693;KEGG:C06082@Charged;ChEBI:37569	KEGG:C06082	KEGG:C06082	EQ	eQuilibrator:MNXM1005	KEGG:C06082@Charged	eQuilibrator:MNXM1005
cpd03625	MetaCyc:CPD-11533;KEGG:C06083;ChEBI:9493	MetaCyc:CPD-11533;KEGG:C06083;ChEBI:9493	MetaCyc:CPD-11533;KEGG:C06083;ChEBI:9493	MetaCyc:CPD-11533;KEGG:C06083;ChEBI:9493	KEGG:C06083	KEGG:C06083	GC	MetaCyc:CPD-11533@Charged	MetaCyc:CPD-11533@Charged	eQuilibrator:MNXM4841
cpd03626	MetaCyc:CPD-16927;KEGG:C06086;ChEBI:8210	MetaCyc:CPD-16927;KEGG:C06086;ChEBI:8210	MetaCyc:CPD-16927;KEGG:C06086;ChEBI:8210	MetaCyc:CPD-16927;KEGG:C06086;ChEBI:8210			GC	KEGG:C06086@Charged	KEGG:C06086@Charged	eQuilibrator:MNXM9029
cpd03627	MetaCyc:CPD-8694;KEGG:C06087@Charged;ChEBI:35680	MetaCyc:CPD-8694;KEGG:C06087@Charged;ChEBI:35680	MetaCyc:CPD-8694;KEGG:C06087@Charged;ChEBI:35680	MetaCyc:CPD-8694;KEGG:C06087@Charged;ChEBI:35680	KEGG:C06087		GC	MetaCyc:CPD-8694@Charged	MetaCyc:CPD-8694@Charged	eQuilibrator:MNXM3204
cpd03628	MetaCyc:CPD-11426	MetaCyc:CPD-11426	MetaCyc:CPD-11426	MetaCyc:CPD-11426	KEGG:C06088	KEGG:C06088	GC	MetaCyc:CPD-11426@Charged	MetaCyc:CPD-11426@Charged	
cpd03629	MetaCyc:ENT-COPALYL-DIPHOSPHATE@Charged;KEGG:C06089@Charged;ChEBI:58553@Charged	MetaCyc:ENT-COPALYL-DIPHOSPHATE@Charged;KEGG:C06089@Charged;ChEBI:58553@Charged	MetaCyc:ENT-COPALYL-DIPHOSPHATE@Charged;KEGG:C06089@Charged;ChEBI:58553@Charged	MetaCyc:ENT-COPALYL-DIPHOSPHATE@Charged;KEGG:C06089@Charged;ChEBI:58553@Charged	KEGG:C06089		GC	KEGG:C06089@Charged	KEGG:C06089@Charged	eQuilibrator:MNXM720
cpd03630	MetaCyc:CPD1F-128;ChEBI:15415	MetaCyc:CPD1F-128;ChEBI:15415	MetaCyc:CPD1F-128;ChEBI:15415	MetaCyc:CPD1F-128;ChEBI:15415			GC	MetaCyc:CPD1F-128@Charged	MetaCyc:CPD1F-128@Charged	
cpd03631	KEGG:C06091@Charged	KEGG:C06091@Charged	KEGG:C06091@Charged	KEGG:C06091@Charged	KEGG:C06091	KEGG:C06091	GC	KEGG:C06091@Charged	KEGG:C06091@Charged	
cpd03632	KEGG:C06092@Charged	KEGG:C06092@Charged	KEGG:C06092@Charged	KEGG:C06092@Charged	KEGG:C06092	KEGG:C06092	GC	KEGG:C06092@Charged	KEGG:C06092@Charged	
cpd03633	MetaCyc:CPD1F-138;ChEBI:57432	MetaCyc:CPD1F-138;ChEBI:57432	MetaCyc:CPD1F-138;ChEBI:57432	MetaCyc:CPD1F-138;ChEBI:57432	KEGG:C06093	KEGG:C06093	GC	MetaCyc:CPD1F-138@Charged	MetaCyc:CPD1F-138@Charged	
cpd03634	MetaCyc:CPD-695;KEGG:C06094@Charged;ChEBI:143954	MetaCyc:CPD-695;KEGG:C06094@Charged;ChEBI:143954	MetaCyc:CPD-695;KEGG:C06094@Charged;ChEBI:143954	MetaCyc:CPD-695;KEGG:C06094@Charged;ChEBI:143954	KEGG:C06094	KEGG:C06094	GC	MetaCyc:CPD-695@Charged	MetaCyc:CPD-695@Charged	
cpd03635	MetaCyc:CPD-10332;KEGG:C06095@Charged;ChEBI:143955	MetaCyc:CPD-10332;KEGG:C06095@Charged;ChEBI:143955	MetaCyc:CPD-10332;KEGG:C06095@Charged;ChEBI:143955	MetaCyc:CPD-10332;KEGG:C06095@Charged;ChEBI:143955	KEGG:C06095	KEGG:C06095	GC	KEGG:C06095@Charged	KEGG:C06095@Charged	
cpd03636	MetaCyc:CPD-236	MetaCyc:CPD-236	MetaCyc:CPD-236	MetaCyc:CPD-236	KEGG:C06096	KEGG:C06096	GC	MetaCyc:CPD-236@Charged	MetaCyc:CPD-236@Charged	
cpd03637	MetaCyc:CPD1F-130;KEGG:C06098;ChEBI:27547	MetaCyc:CPD1F-130;KEGG:C06098;ChEBI:27547	MetaCyc:CPD1F-130;KEGG:C06098;ChEBI:27547	MetaCyc:CPD1F-130;KEGG:C06098;ChEBI:27547	KEGG:C06098	KEGG:C06098	EQ	eQuilibrator:MNXM403	MetaCyc:CPD1F-130@Charged	eQuilibrator:MNXM403
cpd03638	MetaCyc:CPD-8785;KEGG:C06099;ChEBI:15382	MetaCyc:CPD-8785;KEGG:C06099;ChEBI:15382	MetaCyc:CPD-8785;KEGG:C06099;ChEBI:15382	MetaCyc:CPD-8785;KEGG:C06099;ChEBI:15382			EQ	eQuilibrator:MNXM956	MetaCyc:CPD-8785@Charged	eQuilibrator:MNXM956
cpd03639										
cpd03640	MetaCyc:6-OXO-HEXANOATE;KEGG:C06102@Charged;ChEBI:18322	MetaCyc:6-OXO-HEXANOATE;KEGG:C06102@Charged;ChEBI:18322	MetaCyc:6-OXO-HEXANOATE;KEGG:C06102@Charged;ChEBI:18322	MetaCyc:6-OXO-HEXANOATE;KEGG:C06102@Charged;ChEBI:18322	KEGG:C06102	KEGG:C06102	EQ	eQuilibrator:MNXM831	KEGG:C06102@Charged	eQuilibrator:MNXM831
cpd03641	MetaCyc:CPD-102;KEGG:C06103@Charged;ChEBI:32383	MetaCyc:CPD-102;KEGG:C06103@Charged;ChEBI:32383	MetaCyc:CPD-102;KEGG:C06103@Charged;ChEBI:32383	MetaCyc:CPD-102;KEGG:C06103@Charged;ChEBI:32383	KEGG:C06103	KEGG:C06103	EQ	eQuilibrator:MNXM1994	KEGG:C06103@Charged	eQuilibrator:MNXM1994
cpd03642	MetaCyc:ADIPATE;KEGG:C06104@Charged;ChEBI:17128	MetaCyc:ADIPATE;KEGG:C06104@Charged;ChEBI:17128	MetaCyc:ADIPATE;KEGG:C06104@Charged;ChEBI:17128	MetaCyc:ADIPATE;KEGG:C06104@Charged;ChEBI:17128	KEGG:C06104		EQ	eQuilibrator:MNXM2800	KEGG:C06104@Charged	eQuilibrator:MNXM2800
cpd03643	MetaCyc:CPD0-1349;KEGG:C06105;ChEBI:41674	MetaCyc:CPD0-1349;KEGG:C06105;ChEBI:41674	MetaCyc:CPD0-1349;KEGG:C06105;ChEBI:41674	MetaCyc:CPD0-1349;KEGG:C06105;ChEBI:41674	KEGG:C06105	KEGG:C06105	EQ	eQuilibrator:MNXM3244	KEGG:C06105@Charged	eQuilibrator:MNXM3244
cpd03644	MetaCyc:CPD-12709;KEGG:C06108@Charged;ChEBI:18172	MetaCyc:CPD-12709;KEGG:C06108@Charged;ChEBI:18172	MetaCyc:CPD-12709;KEGG:C06108@Charged;ChEBI:18172	MetaCyc:CPD-12709;KEGG:C06108@Charged;ChEBI:18172	KEGG:C06108		GC	MetaCyc:CPD-12709@Charged	MetaCyc:CPD-12709@Charged	eQuilibrator:MNXM1475
cpd03645	MetaCyc:CPD-20328;KEGG:C06111@Charged	MetaCyc:CPD-20328;KEGG:C06111@Charged	MetaCyc:CPD-20328;KEGG:C06111@Charged	MetaCyc:CPD-20328;KEGG:C06111@Charged	KEGG:C06111		EQ		MetaCyc:CPD-20328@Charged	
cpd03646	KEGG:C06114	KEGG:C06114	KEGG:C06114	KEGG:C06114@Charged	KEGG:C06114	KEGG:C06114	GC	KEGG:C06114@Charged	KEGG:C06114@Charged	
cpd03647	MetaCyc:L-arabinofuranose;KEGG:C06115	MetaCyc:L-arabinofuranose;KEGG:C06115	MetaCyc:L-arabinofuranose;KEGG:C06115	MetaCyc:L-arabinofuranose;KEGG:C06115	KEGG:C06115	KEGG:C06115	EQ	eQuilibrator:MNXM3631	KEGG:C06115@Charged	eQuilibrator:MNXM3631
cpd03648	MetaCyc:CPD-11241;ChEBI:60189	MetaCyc:CPD-11241;ChEBI:60189	MetaCyc:CPD-11241;ChEBI:60189	MetaCyc:CPD-11241;ChEBI:60189	KEGG:C06118	KEGG:C06118	EQ	eQuilibrator:MNXM2081	MetaCyc:CPD-11241@Charged	eQuilibrator:MNXM2081
cpd03649	KEGG:C06121@Charged	KEGG:C06121@Charged	KEGG:C06121@Charged	KEGG:C06121@Charged	KEGG:C06121	KEGG:C06121	EQ	eQuilibrator:MNXM6791	KEGG:C06121@Charged	eQuilibrator:MNXM6791
cpd03650										
cpd03651	MetaCyc:CPD3DJ-11366;KEGG:C06124@Charged;ChEBI:60119	MetaCyc:CPD3DJ-11366;KEGG:C06124@Charged;ChEBI:60119	MetaCyc:CPD3DJ-11366;KEGG:C06124@Charged;ChEBI:60119	MetaCyc:CPD3DJ-11366;KEGG:C06124@Charged;ChEBI:60119	KEGG:C06124	KEGG:C06124	EQ	eQuilibrator:MNXM391	KEGG:C06124@Charged	eQuilibrator:MNXM391
cpd03652	MetaCyc:Digalactosylceramides;KEGG:C06126	MetaCyc:Digalactosylceramides;KEGG:C06126		MetaCyc:Digalactosylceramides;KEGG:C06126	KEGG:C06126	KEGG:C06126	GC	KEGG:C06126@Charged	KEGG:C06126@Charged	
cpd03653	KEGG:C06128@Charged;ChEBI:78482	KEGG:C06128@Charged;ChEBI:78482		KEGG:C06128@Charged;ChEBI:78482	KEGG:C06128	KEGG:C06128	GC	KEGG:C06128@Charged	KEGG:C06128@Charged	
cpd03654	MetaCyc:Ganglioside-GD3;KEGG:C06133@Charged;ChEBI:78436	MetaCyc:Ganglioside-GD3;KEGG:C06133@Charged;ChEBI:78436		MetaCyc:Ganglioside-GD3;KEGG:C06133@Charged;ChEBI:78436	KEGG:C06133	KEGG:C06133	GC	MetaCyc:Ganglioside-GD3@Charged	MetaCyc:Ganglioside-GD3@Charged	
cpd03655	KEGG:C06134@Charged	KEGG:C06134@Charged		KEGG:C06134@Charged	KEGG:C06134	KEGG:C06134	GC	KEGG:C06134@Charged	KEGG:C06134@Charged	
cpd03656	MetaCyc:CPD-19630;KEGG:C06135;ChEBI:27731	MetaCyc:CPD-19630;KEGG:C06135;ChEBI:27731		MetaCyc:CPD-19630;KEGG:C06135;ChEBI:27731	KEGG:C06135	KEGG:C06135	GC	MetaCyc:CPD-19630@Charged	MetaCyc:CPD-19630@Charged	
cpd03657	MetaCyc:CPD-19631;KEGG:C06136;ChEBI:27938	MetaCyc:CPD-19631;KEGG:C06136;ChEBI:27938		MetaCyc:CPD-19631;KEGG:C06136;ChEBI:27938	KEGG:C06136	KEGG:C06136	GC	MetaCyc:CPD-19631@Charged	MetaCyc:CPD-19631@Charged	
cpd03658	MetaCyc:Ganglioside-GT1a;KEGG:C06138@Charged;ChEBI:78447	MetaCyc:Ganglioside-GT1a;KEGG:C06138@Charged;ChEBI:78447		MetaCyc:Ganglioside-GT1a;KEGG:C06138@Charged;ChEBI:78447	KEGG:C06138	KEGG:C06138	GC	MetaCyc:Ganglioside-GT1a@Charged	MetaCyc:Ganglioside-GT1a@Charged	
cpd03659	MetaCyc:Ganglioside-GQ1b;KEGG:C06139@Charged;ChEBI:78455	MetaCyc:Ganglioside-GQ1b;KEGG:C06139@Charged;ChEBI:78455		MetaCyc:Ganglioside-GQ1b;KEGG:C06139@Charged;ChEBI:78455	KEGG:C06139	KEGG:C06139	GC	MetaCyc:Ganglioside-GQ1b@Charged	MetaCyc:Ganglioside-GQ1b@Charged	
cpd03660	MetaCyc:Ganglioside-GT1b;KEGG:C06140@Charged;ChEBI:78452	MetaCyc:Ganglioside-GT1b;KEGG:C06140@Charged;ChEBI:78452		MetaCyc:Ganglioside-GT1b;KEGG:C06140@Charged;ChEBI:78452	KEGG:C06140	KEGG:C06140	GC	KEGG:C06140@Charged	KEGG:C06140@Charged	
cpd03661	MetaCyc:Ganglioside-GD1b;KEGG:C06141@Charged;ChEBI:87785	MetaCyc:Ganglioside-GD1b;KEGG:C06141@Charged;ChEBI:87785		MetaCyc:Ganglioside-GD1b;KEGG:C06141@Charged;ChEBI:87785	KEGG:C06141	KEGG:C06141	GC	KEGG:C06141@Charged	KEGG:C06141@Charged	
cpd03662	MetaCyc:BUTANOL;KEGG:C06142;ChEBI:28885	MetaCyc:BUTANOL;KEGG:C06142;ChEBI:28885	MetaCyc:BUTANOL;KEGG:C06142;ChEBI:28885	MetaCyc:BUTANOL;KEGG:C06142;ChEBI:28885	KEGG:C06142	KEGG:C06142	EQ	eQuilibrator:MNXM3230	KEGG:C06142@Charged	eQuilibrator:MNXM3230
cpd03663	KEGG:C06144@Charged;ChEBI:62211	KEGG:C06144@Charged;ChEBI:62211	KEGG:C06144@Charged;ChEBI:62211	KEGG:C06144@Charged;ChEBI:62211	KEGG:C06144		GC	KEGG:C06144@Charged	KEGG:C06144@Charged	
cpd03664	KEGG:C06145;ChEBI:28180	KEGG:C06145;ChEBI:28180	KEGG:C06145;ChEBI:28180	KEGG:C06145;ChEBI:28180	KEGG:C06145	KEGG:C06145	GC	KEGG:C06145@Charged	KEGG:C06145@Charged	
cpd03665	KEGG:C06146;ChEBI:27444	KEGG:C06146;ChEBI:27444	KEGG:C06146;ChEBI:27444	KEGG:C06146;ChEBI:27444	KEGG:C06146	KEGG:C06146	GC	KEGG:C06146@Charged	KEGG:C06146@Charged	
cpd03666	KEGG:C06148@Charged	KEGG:C06148@Charged	KEGG:C06148@Charged	KEGG:C06148@Charged	KEGG:C06148	KEGG:C06148	GC	KEGG:C06148@Charged	KEGG:C06148@Charged	
cpd03667	KEGG:C06149@Charged	KEGG:C06149@Charged	KEGG:C06149@Charged	KEGG:C06149@Charged	KEGG:C06149	KEGG:C06149	GC	KEGG:C06149@Charged	KEGG:C06149@Charged	eQuilibrator:MNXM10357
cpd03668	MetaCyc:CPD-8054;KEGG:C06152	MetaCyc:CPD-8054;KEGG:C06152	MetaCyc:CPD-8054;KEGG:C06152	MetaCyc:CPD-8054;KEGG:C06152	KEGG:C06152	KEGG:C06152	EQ	eQuilibrator:MNXM62601	KEGG:C06152@Charged	eQuilibrator:MNXM62601
cpd03669	MetaCyc:CPD-8050;KEGG:C06153;ChEBI:10642	MetaCyc:CPD-8050;KEGG:C06153;ChEBI:10642	MetaCyc:CPD-8050;KEGG:C06153;ChEBI:10642	MetaCyc:CPD-8050;KEGG:C06153;ChEBI:10642	KEGG:C06153	KEGG:C06153	EQ	eQuilibrator:MNXM12923	MetaCyc:CPD-8050@Charged	eQuilibrator:MNXM12923
cpd03670	MetaCyc:CPD-6701;KEGG:C06155@Charged;ChEBI:84141	MetaCyc:CPD-6701;KEGG:C06155@Charged;ChEBI:84141	MetaCyc:CPD-6701;KEGG:C06155@Charged;ChEBI:84141	MetaCyc:CPD-6701;KEGG:C06155@Charged;ChEBI:84141	KEGG:C06155	KEGG:C06155	EQ	eQuilibrator:MNXM19501	MetaCyc:CPD-6701@Charged	eQuilibrator:MNXM19501
cpd03671	MetaCyc:GLUCOSAMINE-1P;KEGG:C06156@Charged;ChEBI:58516	MetaCyc:GLUCOSAMINE-1P;KEGG:C06156@Charged;ChEBI:58516	MetaCyc:GLUCOSAMINE-1P;KEGG:C06156@Charged;ChEBI:58516	MetaCyc:GLUCOSAMINE-1P;KEGG:C06156@Charged;ChEBI:58516	KEGG:C06156	KEGG:C06156	EQ	eQuilibrator:MNXM969	MetaCyc:GLUCOSAMINE-1P@Charged	eQuilibrator:MNXM969
cpd03672										
cpd03673	KEGG:C06158	KEGG:C06158	KEGG:C06158	KEGG:C06158	KEGG:C06158	KEGG:C06158	EQ	eQuilibrator:MNXM48442	KEGG:C06158@Charged	eQuilibrator:MNXM48442
cpd03674	KEGG:C06159@Charged;ChEBI:58378	KEGG:C06159@Charged;ChEBI:58378	KEGG:C06159@Charged;ChEBI:58378	KEGG:C06159@Charged;ChEBI:58378	KEGG:C06159	KEGG:C06159	GC	KEGG:C06159@Charged	KEGG:C06159@Charged	eQuilibrator:MNXM3459
cpd03675	KEGG:C06160@Charged;ChEBI:58253	KEGG:C06160@Charged;ChEBI:58253	KEGG:C06160@Charged;ChEBI:58253	KEGG:C06160@Charged;ChEBI:58253	KEGG:C06160	KEGG:C06160	EQ	eQuilibrator:MNXM1396	KEGG:C06160@Charged	eQuilibrator:MNXM1396
cpd03676	KEGG:C06161@Charged;ChEBI:57581	KEGG:C06161@Charged;ChEBI:57581	KEGG:C06161@Charged;ChEBI:57581	KEGG:C06161@Charged;ChEBI:57581	KEGG:C06161	KEGG:C06161	EQ	eQuilibrator:MNXM1096	KEGG:C06161@Charged	eQuilibrator:MNXM1096
cpd03677	MetaCyc:SANGUINARINE;KEGG:C06162;ChEBI:17183	MetaCyc:SANGUINARINE;KEGG:C06162;ChEBI:17183	MetaCyc:SANGUINARINE;KEGG:C06162;ChEBI:17183	MetaCyc:SANGUINARINE;KEGG:C06162;ChEBI:17183	KEGG:C06162	KEGG:C06162	EQ	eQuilibrator:MNXM4103	MetaCyc:SANGUINARINE@Charged	eQuilibrator:MNXM4103
cpd03678	MetaCyc:CPD-7846;KEGG:C06163	MetaCyc:CPD-7846;KEGG:C06163	MetaCyc:CPD-7846;KEGG:C06163	MetaCyc:CPD-7846;KEGG:C06163	KEGG:C06163	KEGG:C06163	GC	MetaCyc:CPD-7846@Charged	MetaCyc:CPD-7846@Charged	eQuilibrator:MNXM31809
cpd03679	MetaCyc:CPD-7848;KEGG:C06165;ChEBI:17101	MetaCyc:CPD-7848;KEGG:C06165;ChEBI:17101	MetaCyc:CPD-7848;KEGG:C06165;ChEBI:17101	MetaCyc:CPD-7848;KEGG:C06165;ChEBI:17101	KEGG:C06165	KEGG:C06165	EQ	eQuilibrator:MNXM4662	KEGG:C06165@Charged	eQuilibrator:MNXM4662
cpd03680	MetaCyc:12-DEHYDRORETICULINIUM;KEGG:C06167;ChEBI:18363	MetaCyc:12-DEHYDRORETICULINIUM;KEGG:C06167;ChEBI:18363	MetaCyc:12-DEHYDRORETICULINIUM;KEGG:C06167;ChEBI:18363	MetaCyc:12-DEHYDRORETICULINIUM;KEGG:C06167;ChEBI:18363	KEGG:C06167	KEGG:C06167	EQ	eQuilibrator:MNXM3351	KEGG:C06167@Charged	eQuilibrator:MNXM3351
cpd03681	MetaCyc:CODEINONE;KEGG:C06171@Charged;ChEBI:58473	MetaCyc:CODEINONE;KEGG:C06171@Charged;ChEBI:58473	MetaCyc:CODEINONE;KEGG:C06171@Charged;ChEBI:58473	MetaCyc:CODEINONE;KEGG:C06171@Charged;ChEBI:58473	KEGG:C06171	KEGG:C06171	GC	MetaCyc:CODEINONE@Charged	MetaCyc:CODEINONE@Charged	
cpd03682	MetaCyc:CPD-7712;ChEBI:59950	MetaCyc:CPD-7712;ChEBI:59950	MetaCyc:CPD-7712;ChEBI:59950	MetaCyc:CPD-7712;ChEBI:59950	KEGG:C06172	KEGG:C06172	GC	MetaCyc:CPD-7712@Charged	MetaCyc:CPD-7712@Charged	
cpd03683	MetaCyc:CPD-7710;KEGG:C06173@Charged;ChEBI:59953	MetaCyc:CPD-7710;KEGG:C06173@Charged;ChEBI:59953	MetaCyc:CPD-7710;KEGG:C06173@Charged;ChEBI:59953	MetaCyc:CPD-7710;KEGG:C06173@Charged;ChEBI:59953		KEGG:C06173	GC	MetaCyc:CPD-7710@Charged	MetaCyc:CPD-7710@Charged	
cpd03684	MetaCyc:CODEINE;KEGG:C06174@Charged;ChEBI:57871	MetaCyc:CODEINE;KEGG:C06174@Charged;ChEBI:57871	MetaCyc:CODEINE;KEGG:C06174@Charged;ChEBI:57871	MetaCyc:CODEINE;KEGG:C06174@Charged;ChEBI:57871	KEGG:C06174	KEGG:C06174	GC	KEGG:C06174@Charged	KEGG:C06174@Charged	
cpd03685	MetaCyc:CPD-7713;KEGG:C06175@Charged	MetaCyc:CPD-7713;KEGG:C06175@Charged	MetaCyc:CPD-7713;KEGG:C06175@Charged	MetaCyc:CPD-7713;KEGG:C06175@Charged	KEGG:C06175	KEGG:C06175	GC	MetaCyc:CPD-7713@Charged	MetaCyc:CPD-7713@Charged	
cpd03686	KEGG:C06176;ChEBI:77617@Charged	KEGG:C06176;ChEBI:77617@Charged	KEGG:C06176;ChEBI:77617@Charged	KEGG:C06176;ChEBI:77617@Charged	KEGG:C06176	KEGG:C06176	GC	KEGG:C06176@Charged	KEGG:C06176@Charged	
cpd03687	MetaCyc:CPD-13504;KEGG:C06177@Charged	MetaCyc:CPD-13504;KEGG:C06177@Charged	MetaCyc:CPD-13504;KEGG:C06177@Charged	MetaCyc:CPD-13504;KEGG:C06177@Charged	KEGG:C06177	KEGG:C06177	GC	KEGG:C06177@Charged	KEGG:C06177@Charged	eQuilibrator:MNXM7739
cpd03688	MetaCyc:CPD-7994;KEGG:C06178	MetaCyc:CPD-7994;KEGG:C06178	MetaCyc:CPD-7994;KEGG:C06178	MetaCyc:CPD-7994;KEGG:C06178			EQ	eQuilibrator:MNXM1615	KEGG:C06178@Charged	eQuilibrator:MNXM1615
cpd03689	KEGG:C06179@Charged	KEGG:C06179@Charged	KEGG:C06179@Charged	KEGG:C06179@Charged	KEGG:C06179	KEGG:C06179	EQ	eQuilibrator:MNXM5178	KEGG:C06179@Charged	eQuilibrator:MNXM5178
cpd03690	MetaCyc:CPD-12317;KEGG:C06180@Charged	MetaCyc:CPD-12317;KEGG:C06180@Charged	MetaCyc:CPD-12317;KEGG:C06180@Charged	MetaCyc:CPD-12317;KEGG:C06180@Charged		KEGG:C06180	EQ	eQuilibrator:MNXM7067	KEGG:C06180@Charged	eQuilibrator:MNXM7067
cpd03691	MetaCyc:CPD-11764@Charged;KEGG:C06181@Charged;ChEBI:144897	MetaCyc:CPD-11764@Charged;KEGG:C06181@Charged;ChEBI:144897	MetaCyc:CPD-11764@Charged;KEGG:C06181@Charged;ChEBI:144897	MetaCyc:CPD-11764@Charged;KEGG:C06181@Charged;ChEBI:144897		KEGG:C06181	EQ	eQuilibrator:MNXM1438	MetaCyc:CPD-11764@Charged	eQuilibrator:MNXM1438
cpd03692	KEGG:C06182@Charged	KEGG:C06182@Charged	KEGG:C06182@Charged	KEGG:C06182@Charged	KEGG:C06182	KEGG:C06182	EQ	eQuilibrator:MNXM5256	KEGG:C06182@Charged	eQuilibrator:MNXM5256
cpd03693	KEGG:C06183@Charged	KEGG:C06183@Charged	KEGG:C06183@Charged	KEGG:C06183@Charged	KEGG:C06183	KEGG:C06183	EQ	eQuilibrator:MNXM30252	KEGG:C06183@Charged	eQuilibrator:MNXM30252
cpd03694	KEGG:C06184@Charged	KEGG:C06184@Charged	KEGG:C06184@Charged	KEGG:C06184@Charged	KEGG:C06184	KEGG:C06184	EQ	eQuilibrator:MNXM7573	KEGG:C06184@Charged	eQuilibrator:MNXM7573
cpd03695	KEGG:C06185@Charged	KEGG:C06185@Charged	KEGG:C06185@Charged	KEGG:C06185@Charged		KEGG:C06185	GC	KEGG:C06185@Charged	KEGG:C06185@Charged	
cpd03696	MetaCyc:HYDROQUINONE-O-BETA-D-GLUCOPYRANOSIDE;KEGG:C06186;ChEBI:18305	MetaCyc:HYDROQUINONE-O-BETA-D-GLUCOPYRANOSIDE;KEGG:C06186;ChEBI:18305	MetaCyc:HYDROQUINONE-O-BETA-D-GLUCOPYRANOSIDE;KEGG:C06186;ChEBI:18305	MetaCyc:HYDROQUINONE-O-BETA-D-GLUCOPYRANOSIDE;KEGG:C06186;ChEBI:18305	KEGG:C06186	KEGG:C06186	EQ	eQuilibrator:MNXM2683	KEGG:C06186@Charged	eQuilibrator:MNXM2683
cpd03697	MetaCyc:CPD-1162;KEGG:C06187@Charged;ChEBI:60929	MetaCyc:CPD-1162;KEGG:C06187@Charged;ChEBI:60929	MetaCyc:CPD-1162;KEGG:C06187@Charged;ChEBI:60929	MetaCyc:CPD-1162;KEGG:C06187@Charged;ChEBI:60929	KEGG:C06187	KEGG:C06187	EQ	eQuilibrator:MNXM2806	MetaCyc:CPD-1162@Charged	eQuilibrator:MNXM2806
cpd03698	MetaCyc:CPD-1181;KEGG:C06188@Charged;ChEBI:64794	MetaCyc:CPD-1181;KEGG:C06188@Charged;ChEBI:64794	MetaCyc:CPD-1181;KEGG:C06188@Charged;ChEBI:64794	MetaCyc:CPD-1181;KEGG:C06188@Charged;ChEBI:64794	KEGG:C06188	KEGG:C06188	EQ	eQuilibrator:MNXM3356	KEGG:C06188@Charged	eQuilibrator:MNXM3356
cpd03699	KEGG:C06189@Charged	KEGG:C06189@Charged	KEGG:C06189@Charged	KEGG:C06189@Charged	KEGG:C06189		GC	KEGG:C06189@Charged	KEGG:C06189@Charged	
cpd03700	MetaCyc:ADP-MANNOSE;KEGG:C06192@Charged	MetaCyc:ADP-MANNOSE;KEGG:C06192@Charged	MetaCyc:ADP-MANNOSE;KEGG:C06192@Charged	MetaCyc:ADP-MANNOSE;KEGG:C06192@Charged	KEGG:C06192	KEGG:C06192	EQ	eQuilibrator:MNXM8254	KEGG:C06192@Charged	eQuilibrator:MNXM8254
cpd03701	MetaCyc:CPD-3708;KEGG:C06193@Charged;ChEBI:60732	MetaCyc:CPD-3708;KEGG:C06193@Charged;ChEBI:60732	MetaCyc:CPD-3708;KEGG:C06193@Charged;ChEBI:60732	MetaCyc:CPD-3708;KEGG:C06193@Charged;ChEBI:60732	KEGG:C06193	KEGG:C06193	GC	MetaCyc:CPD-3708@Charged	MetaCyc:CPD-3708@Charged	eQuilibrator:MNXM2183
cpd03702	MetaCyc:CPD-3709;KEGG:C06194@Charged;ChEBI:60837	MetaCyc:CPD-3709;KEGG:C06194@Charged;ChEBI:60837	MetaCyc:CPD-3709;KEGG:C06194@Charged;ChEBI:60837	MetaCyc:CPD-3709;KEGG:C06194@Charged;ChEBI:60837	KEGG:C06194	KEGG:C06194	GC	MetaCyc:CPD-3709@Charged	MetaCyc:CPD-3709@Charged	eQuilibrator:MNXM3149
cpd03703	MetaCyc:CPD-60;KEGG:C06195;ChEBI:28470	MetaCyc:CPD-60;KEGG:C06195;ChEBI:28470	MetaCyc:CPD-60;KEGG:C06195;ChEBI:28470	MetaCyc:CPD-60;KEGG:C06195@Charged;ChEBI:28470	KEGG:C06195	KEGG:C06195	EQ	eQuilibrator:MNXM2481	MetaCyc:CPD-60@Charged	eQuilibrator:MNXM2481
cpd03704	MetaCyc:DIMP;KEGG:C06196@Charged;ChEBI:61194	MetaCyc:DIMP;KEGG:C06196@Charged;ChEBI:61194	MetaCyc:DIMP;KEGG:C06196@Charged;ChEBI:61194	MetaCyc:DIMP;KEGG:C06196@Charged;ChEBI:61194	KEGG:C06196	KEGG:C06196	EQ	eQuilibrator:MNXM1922	MetaCyc:DIMP@Charged	eQuilibrator:MNXM1922
cpd03705	MetaCyc:ADENOSINE5TRIPHOSPHO5ADENOSINE;KEGG:C06197@Charged;ChEBI:58529	MetaCyc:ADENOSINE5TRIPHOSPHO5ADENOSINE;KEGG:C06197@Charged;ChEBI:58529	MetaCyc:ADENOSINE5TRIPHOSPHO5ADENOSINE;KEGG:C06197@Charged;ChEBI:58529	MetaCyc:ADENOSINE5TRIPHOSPHO5ADENOSINE;KEGG:C06197@Charged;ChEBI:58529	KEGG:C06197	KEGG:C06197	GC	KEGG:C06197@Charged	KEGG:C06197@Charged	
cpd03706	KEGG:C06198@Charged	KEGG:C06198@Charged	KEGG:C06198@Charged	KEGG:C06198@Charged	KEGG:C06198	KEGG:C06198	EQ	eQuilibrator:MNXM12558	KEGG:C06198@Charged	eQuilibrator:MNXM12558
cpd03707	KEGG:C06199@Charged	KEGG:C06199@Charged	KEGG:C06199@Charged	KEGG:C06199@Charged	KEGG:C06199	KEGG:C06199	GC	KEGG:C06199@Charged	KEGG:C06199@Charged	eQuilibrator:MNXM11832
cpd03708	MetaCyc:CPD-15125@Charged;KEGG:C06201@Charged;ChEBI:73036	MetaCyc:CPD-15125@Charged;KEGG:C06201@Charged;ChEBI:73036	MetaCyc:CPD-15125@Charged;KEGG:C06201@Charged;ChEBI:73036	MetaCyc:CPD-15125@Charged;KEGG:C06201@Charged;ChEBI:73036	KEGG:C06201	KEGG:C06201	EQ	eQuilibrator:MNXM1623	KEGG:C06201@Charged	eQuilibrator:MNXM1623
cpd03709	MetaCyc:SALICYLALDEHYDE;KEGG:C06202;ChEBI:16008	MetaCyc:SALICYLALDEHYDE;KEGG:C06202;ChEBI:16008	MetaCyc:SALICYLALDEHYDE;KEGG:C06202;ChEBI:16008	MetaCyc:SALICYLALDEHYDE;KEGG:C06202;ChEBI:16008	KEGG:C06202	KEGG:C06202	EQ	eQuilibrator:MNXM1593	MetaCyc:SALICYLALDEHYDE@Charged	eQuilibrator:MNXM1593
cpd03710	MetaCyc:CPDN-385;KEGG:C06203@Charged;ChEBI:59353	MetaCyc:CPDN-385;KEGG:C06203@Charged;ChEBI:59353	MetaCyc:CPDN-385;KEGG:C06203@Charged;ChEBI:59353	MetaCyc:CPDN-385;KEGG:C06203@Charged;ChEBI:59353	KEGG:C06203	KEGG:C06203	EQ	eQuilibrator:MNXM2044	KEGG:C06203@Charged	eQuilibrator:MNXM2044
cpd03711	MetaCyc:CPDN-384;KEGG:C06204@Charged;ChEBI:59350	MetaCyc:CPDN-384;KEGG:C06204@Charged;ChEBI:59350	MetaCyc:CPDN-384;KEGG:C06204@Charged;ChEBI:59350	MetaCyc:CPDN-384;KEGG:C06204@Charged;ChEBI:59350	KEGG:C06204	KEGG:C06204	EQ	eQuilibrator:MNXM2181	KEGG:C06204@Charged	eQuilibrator:MNXM2181
cpd03712	KEGG:C06205	KEGG:C06205	KEGG:C06205	KEGG:C06205	KEGG:C06205	KEGG:C06205	EQ	eQuilibrator:MNXM114239	KEGG:C06205@Charged	eQuilibrator:MNXM114239
cpd03713	KEGG:C06206@Charged	KEGG:C06206@Charged	KEGG:C06206@Charged	KEGG:C06206@Charged	KEGG:C06206	KEGG:C06206	EQ	eQuilibrator:MNXM43631	KEGG:C06206@Charged	eQuilibrator:MNXM43631
cpd03714	KEGG:C06207@Charged	KEGG:C06207@Charged	KEGG:C06207@Charged	KEGG:C06207@Charged	KEGG:C06207	KEGG:C06207	EQ	eQuilibrator:MNXM9398	KEGG:C06207@Charged	eQuilibrator:MNXM9398
cpd03715	MetaCyc:2H6OH2-4DIENOATE@Charged;KEGG:C06210@Charged;ChEBI:144490@Charged;ChEBI:90887@Charged	MetaCyc:2H6OH2-4DIENOATE@Charged;KEGG:C06210@Charged;ChEBI:144490@Charged;ChEBI:90887@Charged	MetaCyc:2H6OH2-4DIENOATE@Charged;KEGG:C06210@Charged;ChEBI:144490@Charged;ChEBI:90887@Charged	MetaCyc:2H6OH2-4DIENOATE@Charged;KEGG:C06210@Charged;ChEBI:144490@Charged;ChEBI:90887@Charged	KEGG:C06210	KEGG:C06210	EQ		MetaCyc:2H6OH2-4DIENOATE@Charged	
cpd03716	KEGG:C06212@Charged	KEGG:C06212@Charged	KEGG:C06212@Charged	KEGG:C06212@Charged	KEGG:C06212	KEGG:C06212	EQ	eQuilibrator:MNXM6350	KEGG:C06212@Charged	eQuilibrator:MNXM6350
cpd03717	MetaCyc:CPD-21514;KEGG:C06213@Charged	MetaCyc:CPD-21514;KEGG:C06213@Charged	MetaCyc:CPD-21514;KEGG:C06213@Charged	MetaCyc:CPD-21514;KEGG:C06213@Charged	KEGG:C06213	KEGG:C06213	EQ	eQuilibrator:MNXM12404	KEGG:C06213@Charged	eQuilibrator:MNXM12404
cpd03718	MetaCyc:CPD0-1133;ChEBI:143183	MetaCyc:CPD0-1133;ChEBI:143183	MetaCyc:CPD0-1133;ChEBI:143183	MetaCyc:CPD0-1133;ChEBI:143183	KEGG:C06216	KEGG:C06216	GC	MetaCyc:CPD0-1133@Charged	MetaCyc:CPD0-1133@Charged	
cpd03719	MetaCyc:CPD-13238	MetaCyc:CPD-13238	MetaCyc:CPD-13238	MetaCyc:CPD-13238	KEGG:C06217	KEGG:C06217	GC	MetaCyc:CPD-13238@Charged	MetaCyc:CPD-13238@Charged	
cpd03720	MetaCyc:CPD-13237	MetaCyc:CPD-13237	MetaCyc:CPD-13237	MetaCyc:CPD-13237	KEGG:C06218	KEGG:C06218	GC	MetaCyc:CPD-13237@Charged	MetaCyc:CPD-13237@Charged	
cpd03721	MetaCyc:CELLOTRIOSE;KEGG:C06219;ChEBI:3528	MetaCyc:CELLOTRIOSE;KEGG:C06219;ChEBI:3528	MetaCyc:CELLOTRIOSE;KEGG:C06219;ChEBI:3528	MetaCyc:CELLOTRIOSE;KEGG:C06219;ChEBI:3528	KEGG:C06219	KEGG:C06219	EQ	eQuilibrator:MNXM5664	KEGG:C06219@Charged	eQuilibrator:MNXM5664
cpd03722	MetaCyc:CPD-21527;KEGG:C06222@Charged	MetaCyc:CPD-21527;KEGG:C06222@Charged	MetaCyc:CPD-21527;KEGG:C06222@Charged	MetaCyc:CPD-21527;KEGG:C06222@Charged	KEGG:C06222	KEGG:C06222	EQ	eQuilibrator:MNXM12925	KEGG:C06222@Charged	eQuilibrator:MNXM12925
cpd03723	MetaCyc:CPD-22699;KEGG:C06224	MetaCyc:CPD-22699;KEGG:C06224	MetaCyc:CPD-22699;KEGG:C06224	MetaCyc:CPD-22699;KEGG:C06224	KEGG:C06224	KEGG:C06224	EQ	eQuilibrator:MNXM9958	KEGG:C06224@Charged	eQuilibrator:MNXM9958
cpd03724	MetaCyc:CPD0-2241;KEGG:C06228	MetaCyc:CPD0-2241;KEGG:C06228	MetaCyc:CPD0-2241;KEGG:C06228	KEGG:C06228	KEGG:C06228	KEGG:C06228	GC	KEGG:C06228@Charged	KEGG:C06228@Charged	eQuilibrator:MNXM2825
cpd03725	KEGG:C06229;ChEBI:4991	KEGG:C06229;ChEBI:4991	KEGG:C06229;ChEBI:4991	KEGG:C06229	KEGG:C06229	KEGG:C06229	GC	KEGG:C06229@Charged	KEGG:C06229@Charged	
cpd03726	KEGG:C06230@Charged	KEGG:C06230@Charged	KEGG:C06230@Charged	KEGG:C06230@Charged	KEGG:C06230	KEGG:C06230	EQ	eQuilibrator:MNXM7354	KEGG:C06230@Charged	eQuilibrator:MNXM7354
cpd03727	MetaCyc:ECTOINE;KEGG:C06231;ChEBI:58515	MetaCyc:ECTOINE;KEGG:C06231;ChEBI:58515	MetaCyc:ECTOINE;KEGG:C06231;ChEBI:58515	MetaCyc:ECTOINE;KEGG:C06231@Charged;ChEBI:58515	KEGG:C06231	KEGG:C06231	EQ	eQuilibrator:MNXM2227	KEGG:C06231@Charged	eQuilibrator:MNXM2227
cpd03728	KEGG:C06234@Charged	KEGG:C06234@Charged	KEGG:C06234@Charged	KEGG:C06234@Charged	KEGG:C06234	KEGG:C06234	EQ	eQuilibrator:MNXM37623	KEGG:C06234@Charged	eQuilibrator:MNXM37623
cpd03729										
cpd03730	KEGG:C06238@Charged	KEGG:C06238@Charged	KEGG:C06238@Charged	KEGG:C06238@Charged	KEGG:C06238	KEGG:C06238	EQ	eQuilibrator:MNXM18866	KEGG:C06238@Charged	eQuilibrator:MNXM18866
cpd03731	MetaCyc:CPD-11650;KEGG:C06239@Charged	MetaCyc:CPD-11650;KEGG:C06239@Charged	MetaCyc:CPD-11650;KEGG:C06239@Charged	MetaCyc:CPD-11650;KEGG:C06239@Charged	KEGG:C06239	KEGG:C06239	EQ	eQuilibrator:MNXM41343	MetaCyc:CPD-11650@Charged	eQuilibrator:MNXM41343
cpd03732	KEGG:C06240@Charged	KEGG:C06240@Charged	KEGG:C06240@Charged	KEGG:C06240@Charged	KEGG:C06240	KEGG:C06240	EQ	eQuilibrator:MNXM97052	KEGG:C06240@Charged	eQuilibrator:MNXM97052
cpd03733	MetaCyc:N-ACETYL-NEURAMINATE-9P	MetaCyc:N-ACETYL-NEURAMINATE-9P	MetaCyc:N-ACETYL-NEURAMINATE-9P	MetaCyc:N-ACETYL-NEURAMINATE-9P	KEGG:C06241	KEGG:C06241	EQ	eQuilibrator:MNXM164937	MetaCyc:N-ACETYL-NEURAMINATE-9P@Charged	eQuilibrator:MNXM164937
cpd03734	MetaCyc:ACETAMIDE;KEGG:C06244;ChEBI:27856	MetaCyc:ACETAMIDE;KEGG:C06244;ChEBI:27856	MetaCyc:ACETAMIDE;KEGG:C06244;ChEBI:27856	MetaCyc:ACETAMIDE;KEGG:C06244;ChEBI:27856	KEGG:C06244	KEGG:C06244	EQ	eQuilibrator:MNXM4428	KEGG:C06244@Charged	eQuilibrator:MNXM4428
cpd03735	KEGG:C06248@Charged	KEGG:C06248@Charged	KEGG:C06248@Charged	KEGG:C06248@Charged	KEGG:C06248	KEGG:C06248	GC	KEGG:C06248@Charged	KEGG:C06248@Charged	
cpd03736	MetaCyc:KDO2-LAUROYL-LIPID-IVA;KEGG:C06251@Charged;ChEBI:61524	MetaCyc:KDO2-LAUROYL-LIPID-IVA;KEGG:C06251@Charged;ChEBI:61524	MetaCyc:KDO2-LAUROYL-LIPID-IVA;KEGG:C06251@Charged;ChEBI:61524	MetaCyc:KDO2-LAUROYL-LIPID-IVA;KEGG:C06251@Charged;ChEBI:61524	KEGG:C06251	KEGG:C06251	EQ	eQuilibrator:MNXM1870	MetaCyc:KDO2-LAUROYL-LIPID-IVA@Charged	eQuilibrator:MNXM1870
cpd03737	MetaCyc:CPD-3618;KEGG:C06255@Charged;ChEBI:28644	MetaCyc:CPD-3618;KEGG:C06255@Charged;ChEBI:28644	MetaCyc:CPD-3618;KEGG:C06255@Charged;ChEBI:28644	MetaCyc:CPD-3618;KEGG:C06255@Charged;ChEBI:28644	KEGG:C06255	KEGG:C06255	EQ	eQuilibrator:MNXM4302	MetaCyc:CPD-3618@Charged	eQuilibrator:MNXM4302
cpd03738	MetaCyc:CPD-1093;KEGG:C06257;ChEBI:28354	MetaCyc:CPD-1093;KEGG:C06257;ChEBI:28354	MetaCyc:CPD-1093;KEGG:C06257;ChEBI:28354	MetaCyc:CPD-1093;KEGG:C06257;ChEBI:28354	KEGG:C06257	KEGG:C06257	EQ	eQuilibrator:MNXM2454	KEGG:C06257@Charged	eQuilibrator:MNXM2454
cpd03739	KEGG:C06272	KEGG:C06272		KEGG:C06272	KEGG:C06272	KEGG:C06272	GC	KEGG:C06272@Charged	KEGG:C06272@Charged	
cpd03740	KEGG:C06273	KEGG:C06273		KEGG:C06273	KEGG:C06273	KEGG:C06273	GC	KEGG:C06273@Charged	KEGG:C06273@Charged	
cpd03741	KEGG:C06297@Charged	KEGG:C06297@Charged		KEGG:C06297@Charged	KEGG:C06297	KEGG:C06297	GC	KEGG:C06297@Charged	KEGG:C06297@Charged	
cpd03742	MetaCyc:Ganglioside-GT3;KEGG:C06299@Charged;ChEBI:78438	MetaCyc:Ganglioside-GT3;KEGG:C06299@Charged;ChEBI:78438		MetaCyc:Ganglioside-GT3;KEGG:C06299@Charged;ChEBI:78438	KEGG:C06299	KEGG:C06299	GC	MetaCyc:Ganglioside-GT3@Charged	MetaCyc:Ganglioside-GT3@Charged	
cpd03743	KEGG:C06300@Charged	KEGG:C06300@Charged		KEGG:C06300@Charged	KEGG:C06300	KEGG:C06300	GC	KEGG:C06300@Charged	KEGG:C06300@Charged	
cpd03744	KEGG:C06302@Charged	KEGG:C06302@Charged		KEGG:C06302@Charged	KEGG:C06302	KEGG:C06302	GC	KEGG:C06302@Charged	KEGG:C06302@Charged	
cpd03745	MetaCyc:CPD-8767;KEGG:C06304;ChEBI:20	MetaCyc:CPD-8767;KEGG:C06304;ChEBI:20	MetaCyc:CPD-8767;KEGG:C06304;ChEBI:20	MetaCyc:CPD-8767;KEGG:C06304;ChEBI:20			GC	KEGG:C06304@Charged	KEGG:C06304@Charged	eQuilibrator:MNXM5358
cpd03746	KEGG:C06076	KEGG:C06076	KEGG:C06076	KEGG:C06076			GC	KEGG:C06076@Charged	KEGG:C06076@Charged	eQuilibrator:MNXM8362
cpd03747	MetaCyc:CPD-8754;KEGG:C06306;ChEBI:28261	MetaCyc:CPD-8754;KEGG:C06306;ChEBI:28261	MetaCyc:CPD-8754;KEGG:C06306;ChEBI:28261	MetaCyc:CPD-8754;KEGG:C06306;ChEBI:28261			GC	KEGG:C06306@Charged	KEGG:C06306@Charged	eQuilibrator:MNXM4157
cpd03748	MetaCyc:CPD-4891;KEGG:C06307;ChEBI:28359	MetaCyc:CPD-4891;KEGG:C06307;ChEBI:28359	MetaCyc:CPD-4891;KEGG:C06307;ChEBI:28359	MetaCyc:CPD-4891;KEGG:C06307;ChEBI:28359			GC	KEGG:C06307@Charged	KEGG:C06307@Charged	eQuilibrator:MNXM3394
cpd03749	MetaCyc:CPD-4892;KEGG:C06308;ChEBI:28660	MetaCyc:CPD-4892;KEGG:C06308;ChEBI:28660	MetaCyc:CPD-4892;KEGG:C06308;ChEBI:28660	MetaCyc:CPD-4892;KEGG:C06308;ChEBI:28660			GC	KEGG:C06308@Charged	KEGG:C06308@Charged	
cpd03750	MetaCyc:HOPAN-22-OL;KEGG:C06309;ChEBI:36484	MetaCyc:HOPAN-22-OL;KEGG:C06309;ChEBI:36484	MetaCyc:HOPAN-22-OL;KEGG:C06309;ChEBI:36484	MetaCyc:HOPAN-22-OL;KEGG:C06309;ChEBI:36484	KEGG:C06309	KEGG:C06309	GC	MetaCyc:HOPAN-22-OL@Charged	MetaCyc:HOPAN-22-OL@Charged	eQuilibrator:MNXM4616
cpd03751	MetaCyc:HOP-2229-ENE;KEGG:C06310;ChEBI:4648	MetaCyc:HOP-2229-ENE;KEGG:C06310;ChEBI:4648	MetaCyc:HOP-2229-ENE;KEGG:C06310;ChEBI:4648	MetaCyc:HOP-2229-ENE;KEGG:C06310;ChEBI:4648			GC	MetaCyc:HOP-2229-ENE@Charged	MetaCyc:HOP-2229-ENE@Charged	eQuilibrator:MNXM4615
cpd03752	MetaCyc:GALACTITOL-1-PHOSPHATE;ChEBI:60083	MetaCyc:GALACTITOL-1-PHOSPHATE;ChEBI:60083	MetaCyc:GALACTITOL-1-PHOSPHATE;ChEBI:60083	MetaCyc:GALACTITOL-1-PHOSPHATE;ChEBI:60083	KEGG:C06311	KEGG:C06311	EQ	eQuilibrator:MNXM1667	MetaCyc:GALACTITOL-1-PHOSPHATE@Charged	eQuilibrator:MNXM1667
cpd03753	MetaCyc:L-TAGATOSE-6-PHOSPHATE	MetaCyc:L-TAGATOSE-6-PHOSPHATE	MetaCyc:L-TAGATOSE-6-PHOSPHATE	MetaCyc:L-TAGATOSE-6-PHOSPHATE	KEGG:C06312	KEGG:C06312	GC	MetaCyc:L-TAGATOSE-6-PHOSPHATE@Charged	MetaCyc:L-TAGATOSE-6-PHOSPHATE@Charged	
cpd03754	MetaCyc:CPD-10819;ChEBI:63931	MetaCyc:CPD-10819;ChEBI:63931	MetaCyc:CPD-10819;ChEBI:63931	MetaCyc:CPD-10819;ChEBI:63931	KEGG:C06313	KEGG:C06313	GC	MetaCyc:CPD-10819@Charged	MetaCyc:CPD-10819@Charged	eQuilibrator:MNXM59381
cpd03755	MetaCyc:CPD66-51;KEGG:C06314@Charged;ChEBI:67026	MetaCyc:CPD66-51;KEGG:C06314@Charged;ChEBI:67026	MetaCyc:CPD66-51;KEGG:C06314@Charged;ChEBI:67026	MetaCyc:CPD66-51;KEGG:C06314@Charged;ChEBI:67026	KEGG:C06314	KEGG:C06314	EQ	eQuilibrator:MNXM12129	MetaCyc:CPD66-51@Charged	eQuilibrator:MNXM12129
cpd03756	MetaCyc:CPD66-56;KEGG:C06315@Charged;ChEBI:67031	MetaCyc:CPD66-56;KEGG:C06315@Charged;ChEBI:67031	MetaCyc:CPD66-56;KEGG:C06315@Charged;ChEBI:67031	MetaCyc:CPD66-56;KEGG:C06315@Charged;ChEBI:67031	KEGG:C06315	KEGG:C06315	EQ	eQuilibrator:MNXM12130	MetaCyc:CPD66-56@Charged	eQuilibrator:MNXM12130
cpd03757	ChEBI:58277@Charged	ChEBI:58277@Charged	ChEBI:58277@Charged	ChEBI:58277@Charged						
cpd03758	MetaCyc:VANILLYL-ALCOHOL;KEGG:C06317;ChEBI:18353	MetaCyc:VANILLYL-ALCOHOL;KEGG:C06317;ChEBI:18353	MetaCyc:VANILLYL-ALCOHOL;KEGG:C06317;ChEBI:18353	MetaCyc:VANILLYL-ALCOHOL;KEGG:C06317;ChEBI:18353	KEGG:C06317	KEGG:C06317	EQ	eQuilibrator:MNXM4130	MetaCyc:VANILLYL-ALCOHOL@Charged	eQuilibrator:MNXM4130
cpd03759	MetaCyc:CPD-1943;KEGG:C06318@Charged;ChEBI:57412	MetaCyc:CPD-1943;KEGG:C06318@Charged;ChEBI:57412	MetaCyc:CPD-1943;KEGG:C06318@Charged;ChEBI:57412	MetaCyc:CPD-1943;KEGG:C06318@Charged;ChEBI:57412	KEGG:C06318	KEGG:C06318	EQ	eQuilibrator:MNXM1866	MetaCyc:CPD-1943@Charged	eQuilibrator:MNXM1866
cpd03760	MetaCyc:CPD-679@Charged	MetaCyc:CPD-679@Charged	MetaCyc:CPD-679@Charged	MetaCyc:CPD-679@Charged	KEGG:C06319		GC	MetaCyc:CPD-679@Charged	MetaCyc:CPD-679@Charged	
cpd03761	KEGG:C06320@Charged;ChEBI:77872@Charged	KEGG:C06320@Charged;ChEBI:77872@Charged	KEGG:C06320@Charged;ChEBI:77872@Charged	KEGG:C06320@Charged;ChEBI:77872@Charged	KEGG:C06320		GC	KEGG:C06320@Charged	KEGG:C06320@Charged	
cpd03762	MetaCyc:CPD-290;KEGG:C06321@Charged;ChEBI:60129	MetaCyc:CPD-290;KEGG:C06321@Charged;ChEBI:60129	MetaCyc:CPD-290;KEGG:C06321@Charged;ChEBI:60129	MetaCyc:CPD-290;KEGG:C06321@Charged;ChEBI:60129	KEGG:C06321	KEGG:C06321	EQ	eQuilibrator:MNXM1508	MetaCyc:CPD-290@Charged	eQuilibrator:MNXM1508
cpd03763	MetaCyc:CYCLOHEXA-15-DIENE-1-CARBONYL-COA;KEGG:C06322@Charged;ChEBI:57374	MetaCyc:CYCLOHEXA-15-DIENE-1-CARBONYL-COA;KEGG:C06322@Charged;ChEBI:57374	MetaCyc:CYCLOHEXA-15-DIENE-1-CARBONYL-COA;KEGG:C06322@Charged;ChEBI:57374	MetaCyc:CYCLOHEXA-15-DIENE-1-CARBONYL-COA;KEGG:C06322@Charged;ChEBI:57374	KEGG:C06322	KEGG:C06322	EQ	eQuilibrator:MNXM1657	MetaCyc:CYCLOHEXA-15-DIENE-1-CARBONYL-COA@Charged	eQuilibrator:MNXM1657
cpd03764	MetaCyc:ISOQUINOLINE;KEGG:C06323;ChEBI:16092	MetaCyc:ISOQUINOLINE;KEGG:C06323;ChEBI:16092	MetaCyc:ISOQUINOLINE;KEGG:C06323;ChEBI:16092	MetaCyc:ISOQUINOLINE;KEGG:C06323;ChEBI:16092		KEGG:C06323	EQ	eQuilibrator:MNXM4625	MetaCyc:ISOQUINOLINE@Charged	eQuilibrator:MNXM4625
cpd03765	MetaCyc:ISOQUINOLIN-12H-ONE;KEGG:C06324;ChEBI:18350	MetaCyc:ISOQUINOLIN-12H-ONE;KEGG:C06324;ChEBI:18350	MetaCyc:ISOQUINOLIN-12H-ONE;KEGG:C06324;ChEBI:18350	MetaCyc:ISOQUINOLIN-12H-ONE;KEGG:C06324;ChEBI:18350	KEGG:C06324	KEGG:C06324	EQ	eQuilibrator:MNXM3625	KEGG:C06324@Charged	eQuilibrator:MNXM3625
cpd03766	MetaCyc:QUINALDATE;KEGG:C06325@Charged;ChEBI:19775	MetaCyc:QUINALDATE;KEGG:C06325@Charged;ChEBI:19775	MetaCyc:QUINALDATE;KEGG:C06325@Charged;ChEBI:19775	MetaCyc:QUINALDATE;KEGG:C06325@Charged;ChEBI:19775	KEGG:C06325	KEGG:C06325	EQ	eQuilibrator:MNXM4797	KEGG:C06325@Charged	eQuilibrator:MNXM4797
cpd03767	MetaCyc:CPD-2022;KEGG:C06326@Charged;ChEBI:58799	MetaCyc:CPD-2022;KEGG:C06326@Charged;ChEBI:58799	MetaCyc:CPD-2022;KEGG:C06326@Charged;ChEBI:58799	MetaCyc:CPD-2022;KEGG:C06326@Charged;ChEBI:58799	KEGG:C06326	KEGG:C06326	GC	MetaCyc:CPD-2022@Charged	MetaCyc:CPD-2022@Charged	eQuilibrator:MNXM4169
cpd03768	MetaCyc:CPD-9893;KEGG:C06327;ChEBI:17031	MetaCyc:CPD-9893;KEGG:C06327;ChEBI:17031	MetaCyc:CPD-9893;KEGG:C06327;ChEBI:17031	MetaCyc:CPD-9893;KEGG:C06327;ChEBI:17031	KEGG:C06327	KEGG:C06327	EQ	eQuilibrator:MNXM4518	KEGG:C06327@Charged	eQuilibrator:MNXM4518
cpd03769	MetaCyc:6-CHQ;KEGG:C06328	MetaCyc:6-CHQ;KEGG:C06328	MetaCyc:6-CHQ;KEGG:C06328	MetaCyc:6-CHQ;KEGG:C06328	KEGG:C06328	KEGG:C06328	EQ	eQuilibrator:MNXM5023	MetaCyc:6-CHQ@Charged	eQuilibrator:MNXM5023
cpd03770	MetaCyc:2-CHLOROMALEYLACETATE;KEGG:C06329@Charged	MetaCyc:2-CHLOROMALEYLACETATE;KEGG:C06329@Charged	MetaCyc:2-CHLOROMALEYLACETATE;KEGG:C06329@Charged	MetaCyc:2-CHLOROMALEYLACETATE;KEGG:C06329@Charged	KEGG:C06329	KEGG:C06329	GC	KEGG:C06329@Charged	KEGG:C06329@Charged	eQuilibrator:MNXM34930
cpd03771	MetaCyc:3-HYDROXY-1H-QUINOLIN-4-ONE@Charged;MetaCyc:QUINOLIN-34-DIOL@Charged;KEGG:C06330@Charged;KEGG:C11503@Charged;ChEBI:16569@Charged;ChEBI:28788@Charged	MetaCyc:3-HYDROXY-1H-QUINOLIN-4-ONE@Charged;MetaCyc:QUINOLIN-34-DIOL@Charged;KEGG:C06330@Charged;KEGG:C11503@Charged;ChEBI:16569@Charged;ChEBI:28788@Charged	MetaCyc:3-HYDROXY-1H-QUINOLIN-4-ONE@Charged;MetaCyc:QUINOLIN-34-DIOL@Charged;KEGG:C06330@Charged;KEGG:C11503@Charged;ChEBI:16569@Charged;ChEBI:28788@Charged	MetaCyc:3-HYDROXY-1H-QUINOLIN-4-ONE@Charged;MetaCyc:QUINOLIN-34-DIOL@Charged;KEGG:C06330@Charged;KEGG:C11503@Charged;ChEBI:16569@Charged;ChEBI:28788@Charged	KEGG:C06330	KEGG:C06330	EQ	eQuilibrator:MNXM2153	KEGG:C06330@Charged	eQuilibrator:MNXM2153
cpd03772	MetaCyc:3-HYDROXY-2-METHYL-1H-QUINOLIN-4-ONE@Charged;KEGG:C06331@Charged;KEGG:C11504@Charged;ChEBI:29216@Charged	MetaCyc:3-HYDROXY-2-METHYL-1H-QUINOLIN-4-ONE@Charged;KEGG:C06331@Charged;KEGG:C11504@Charged;ChEBI:29216@Charged	MetaCyc:3-HYDROXY-2-METHYL-1H-QUINOLIN-4-ONE@Charged;KEGG:C06331@Charged;KEGG:C11504@Charged;ChEBI:29216@Charged	MetaCyc:3-HYDROXY-2-METHYL-1H-QUINOLIN-4-ONE@Charged;KEGG:C06331@Charged;KEGG:C11504@Charged;ChEBI:29216@Charged	KEGG:C06331	KEGG:C06331	EQ	eQuilibrator:MNXM3169	KEGG:C06331@Charged	eQuilibrator:MNXM3169
cpd03773	MetaCyc:N-ACETYLANTHRANILATE;KEGG:C06332@Charged;ChEBI:16803	MetaCyc:N-ACETYLANTHRANILATE;KEGG:C06332@Charged;ChEBI:16803	MetaCyc:N-ACETYLANTHRANILATE;KEGG:C06332@Charged;ChEBI:16803	MetaCyc:N-ACETYLANTHRANILATE;KEGG:C06332@Charged;ChEBI:16803	KEGG:C06332	KEGG:C06332	EQ	eQuilibrator:MNXM1939	KEGG:C06332@Charged	eQuilibrator:MNXM1939
cpd03774	MetaCyc:2-AMINOBENZENESULFONATE;KEGG:C06333@Charged;ChEBI:15942	MetaCyc:2-AMINOBENZENESULFONATE;KEGG:C06333@Charged;ChEBI:15942	MetaCyc:2-AMINOBENZENESULFONATE;KEGG:C06333@Charged;ChEBI:15942	MetaCyc:2-AMINOBENZENESULFONATE;KEGG:C06333@Charged;ChEBI:15942	KEGG:C06333	KEGG:C06333	GC	MetaCyc:2-AMINOBENZENESULFONATE@Charged	MetaCyc:2-AMINOBENZENESULFONATE@Charged	eQuilibrator:MNXM3806
cpd03775	KEGG:C06334@Charged	KEGG:C06334@Charged	KEGG:C06334@Charged	KEGG:C06334@Charged	KEGG:C06334	KEGG:C06334	GC	KEGG:C06334@Charged	KEGG:C06334@Charged	eQuilibrator:MNXM36330
cpd03776	MetaCyc:CPD-10427;KEGG:C06335@Charged	MetaCyc:CPD-10427;KEGG:C06335@Charged	MetaCyc:CPD-10427;KEGG:C06335@Charged	MetaCyc:CPD-10427;KEGG:C06335@Charged	KEGG:C06335	KEGG:C06335	GC	MetaCyc:CPD-10427@Charged	MetaCyc:CPD-10427@Charged	eQuilibrator:MNXM6105
cpd03777	MetaCyc:3-SULFOCATECHOL;KEGG:C06336@Charged;ChEBI:33565	MetaCyc:3-SULFOCATECHOL;KEGG:C06336@Charged;ChEBI:33565	MetaCyc:3-SULFOCATECHOL;KEGG:C06336@Charged;ChEBI:33565	MetaCyc:3-SULFOCATECHOL;KEGG:C06336@Charged;ChEBI:33565	KEGG:C06336	KEGG:C06336	GC	MetaCyc:3-SULFOCATECHOL@Charged	MetaCyc:3-SULFOCATECHOL@Charged	eQuilibrator:MNXM2772
cpd03778	MetaCyc:TEREPHTHALATE;KEGG:C06337@Charged;ChEBI:30043	MetaCyc:TEREPHTHALATE;KEGG:C06337@Charged;ChEBI:30043	MetaCyc:TEREPHTHALATE;KEGG:C06337@Charged;ChEBI:30043	MetaCyc:TEREPHTHALATE;KEGG:C06337@Charged;ChEBI:30043	KEGG:C06337		EQ	eQuilibrator:MNXM2734	KEGG:C06337@Charged	eQuilibrator:MNXM2734
cpd03779	MetaCyc:QUINOLIN-2-OL;MetaCyc:QUINOLIN-21H-ONE;KEGG:C06338;KEGG:C06415;ChEBI:16365;ChEBI:18289	MetaCyc:QUINOLIN-2-OL;MetaCyc:QUINOLIN-21H-ONE;KEGG:C06338;KEGG:C06415;ChEBI:16365;ChEBI:18289	MetaCyc:QUINOLIN-2-OL;MetaCyc:QUINOLIN-21H-ONE;KEGG:C06338;KEGG:C06415;ChEBI:16365;ChEBI:18289	MetaCyc:QUINOLIN-2-OL@Charged;MetaCyc:QUINOLIN-21H-ONE;KEGG:C06338@Charged;KEGG:C06415;ChEBI:16365@Charged;ChEBI:18289	KEGG:C06338	KEGG:C06338	EQ	eQuilibrator:MNXM1442	MetaCyc:QUINOLIN-21H-ONE@Charged	eQuilibrator:MNXM1442
cpd03780	MetaCyc:256-TRIHYDROXY-56-DIHYDROQUINOLINE;KEGG:C06339;ChEBI:17244	MetaCyc:256-TRIHYDROXY-56-DIHYDROQUINOLINE;KEGG:C06339;ChEBI:17244	MetaCyc:256-TRIHYDROXY-56-DIHYDROQUINOLINE;KEGG:C06339;ChEBI:17244	MetaCyc:256-TRIHYDROXY-56-DIHYDROQUINOLINE@Charged;KEGG:C06339@Charged;ChEBI:17244@Charged	KEGG:C06339	KEGG:C06339	EQ	eQuilibrator:MNXM4380	MetaCyc:256-TRIHYDROXY-56-DIHYDROQUINOLINE@Charged	eQuilibrator:MNXM4380
cpd03781	KEGG:C15610;ChEBI:17703	KEGG:C15610;ChEBI:17703	KEGG:C15610;ChEBI:17703	KEGG:C15610;ChEBI:17703	KEGG:C15610	KEGG:C15610	GC	KEGG:C15610@Charged	KEGG:C15610@Charged	eQuilibrator:MNXM610
cpd03782	MetaCyc:7-ALPHA27-DIHYDROXYCHOLESTEROL;ChEBI:76592	MetaCyc:7-ALPHA27-DIHYDROXYCHOLESTEROL;ChEBI:76592	MetaCyc:7-ALPHA27-DIHYDROXYCHOLESTEROL;ChEBI:76592	MetaCyc:7-ALPHA27-DIHYDROXYCHOLESTEROL;ChEBI:76592	KEGG:C06341	KEGG:C06341	GC	MetaCyc:7-ALPHA27-DIHYDROXYCHOLESTEROL@Charged	MetaCyc:7-ALPHA27-DIHYDROXYCHOLESTEROL@Charged	eQuilibrator:MNXM162563
cpd03783	MetaCyc:CPD-15134;MetaCyc:QUINOLIN-28-DIOL;KEGG:C06342;ChEBI:17715;ChEBI:48988	MetaCyc:CPD-15134;MetaCyc:QUINOLIN-28-DIOL;KEGG:C06342;ChEBI:17715;ChEBI:48988	MetaCyc:CPD-15134;MetaCyc:QUINOLIN-28-DIOL;KEGG:C06342;ChEBI:17715;ChEBI:48988	MetaCyc:CPD-15134;MetaCyc:QUINOLIN-28-DIOL@Charged;KEGG:C06342@Charged;ChEBI:17715@Charged;ChEBI:48988	KEGG:C06342	KEGG:C06342	EQ	eQuilibrator:MNXM2863	MetaCyc:CPD-15134@Charged	eQuilibrator:MNXM2863
cpd03784	MetaCyc:CPD-25960;MetaCyc:QUINOLIN-4-OL;KEGG:C06343;ChEBI:15815	MetaCyc:CPD-25960;MetaCyc:QUINOLIN-4-OL;KEGG:C06343;ChEBI:15815	MetaCyc:CPD-25960;MetaCyc:QUINOLIN-4-OL;KEGG:C06343;ChEBI:15815	MetaCyc:CPD-25960;MetaCyc:QUINOLIN-4-OL@Charged;KEGG:C06343@Charged;ChEBI:15815@Charged	KEGG:C06343	KEGG:C06343	EQ	eQuilibrator:MNXM4798	KEGG:C06343@Charged	eQuilibrator:MNXM4798
cpd03785	KEGG:C06344	KEGG:C06344	KEGG:C06344	KEGG:C06344@Charged	KEGG:C06344	KEGG:C06344	EQ	eQuilibrator:MNXM36626	KEGG:C06344@Charged	eQuilibrator:MNXM36626
cpd03786	MetaCyc:CPD-14743;MetaCyc:CPD-963;KEGG:C06345;ChEBI:20114	MetaCyc:CPD-14743;MetaCyc:CPD-963;KEGG:C06345;ChEBI:20114	MetaCyc:CPD-14743;MetaCyc:CPD-963;KEGG:C06345;ChEBI:20114	MetaCyc:CPD-14743@Charged;MetaCyc:CPD-963;KEGG:C06345@Charged;ChEBI:20114	KEGG:C06345	KEGG:C06345	EQ	eQuilibrator:MNXM5528	MetaCyc:CPD-963@Charged	eQuilibrator:MNXM5528
cpd03787	MetaCyc:CPD-21764;KEGG:C06346@Charged;ChEBI:58482	MetaCyc:CPD-21764;KEGG:C06346@Charged;ChEBI:58482	MetaCyc:CPD-21764;KEGG:C06346@Charged;ChEBI:58482	MetaCyc:CPD-21764;KEGG:C06346@Charged;ChEBI:58482	KEGG:C06346	KEGG:C06346	EQ		KEGG:C06346@Charged	
cpd03788	MetaCyc:R-NORCOCLAURINE;KEGG:C06347@Charged	MetaCyc:R-NORCOCLAURINE;KEGG:C06347@Charged	MetaCyc:R-NORCOCLAURINE;KEGG:C06347@Charged	MetaCyc:R-NORCOCLAURINE;KEGG:C06347@Charged	KEGG:C06347	KEGG:C06347	EQ	eQuilibrator:MNXM114578	KEGG:C06347@Charged	eQuilibrator:MNXM114578
cpd03789	KEGG:C06348@Charged;ChEBI:58481	KEGG:C06348@Charged;ChEBI:58481	KEGG:C06348@Charged;ChEBI:58481	KEGG:C06348@Charged;ChEBI:58481	KEGG:C06348	KEGG:C06348	EQ		KEGG:C06348@Charged	
cpd03790	MetaCyc:R-COCLAURINE;KEGG:C06349@Charged	MetaCyc:R-COCLAURINE;KEGG:C06349@Charged	MetaCyc:R-COCLAURINE;KEGG:C06349@Charged	MetaCyc:R-COCLAURINE;KEGG:C06349@Charged	KEGG:C06349	KEGG:C06349	EQ	eQuilibrator:MNXM114577	KEGG:C06349@Charged	eQuilibrator:MNXM114577
cpd03791	MetaCyc:CPD-21758;KEGG:C06350@Charged	MetaCyc:CPD-21758;KEGG:C06350@Charged	MetaCyc:CPD-21758;KEGG:C06350@Charged	MetaCyc:CPD-21758;KEGG:C06350@Charged	KEGG:C06350	KEGG:C06350	EQ	eQuilibrator:MNXM114536	KEGG:C06350@Charged	eQuilibrator:MNXM114536
cpd03792	MetaCyc:CPD-21515;KEGG:C06351@Charged	MetaCyc:CPD-21515;KEGG:C06351@Charged	MetaCyc:CPD-21515;KEGG:C06351@Charged	MetaCyc:CPD-21515;KEGG:C06351@Charged	KEGG:C06351	KEGG:C06351	EQ	eQuilibrator:MNXM31670	MetaCyc:CPD-21515@Charged	eQuilibrator:MNXM31670
cpd03793	MetaCyc:4-METHYL-MYO-INOSITOL;MetaCyc:CPD-13141;KEGG:C06352;ChEBI:18266	MetaCyc:4-METHYL-MYO-INOSITOL;MetaCyc:CPD-13141;KEGG:C06352;ChEBI:18266	MetaCyc:4-METHYL-MYO-INOSITOL;MetaCyc:CPD-13141;KEGG:C06352;ChEBI:18266	MetaCyc:4-METHYL-MYO-INOSITOL;MetaCyc:CPD-13141;KEGG:C06352;ChEBI:18266	KEGG:C06352	KEGG:C06352	EQ	eQuilibrator:MNXM2909	MetaCyc:4-METHYL-MYO-INOSITOL@Charged	eQuilibrator:MNXM2909
cpd03794	KEGG:C06353	KEGG:C06353	KEGG:C06353	KEGG:C06353	KEGG:C06353	KEGG:C06353	GC	KEGG:C06353@Charged	KEGG:C06353@Charged	
cpd03795	KEGG:C06354;ChEBI:41308	KEGG:C06354;ChEBI:41308	KEGG:C06354;ChEBI:41308	KEGG:C06354;ChEBI:41308		KEGG:C06354	EQ	eQuilibrator:MNXM43587	KEGG:C06354@Charged	eQuilibrator:MNXM43587
cpd03796	MetaCyc:2346-TETRAHYDROXYBENZOPHENONE;KEGG:C06355;ChEBI:77647@Charged	MetaCyc:2346-TETRAHYDROXYBENZOPHENONE;KEGG:C06355;ChEBI:77647@Charged	MetaCyc:2346-TETRAHYDROXYBENZOPHENONE;KEGG:C06355;ChEBI:77647@Charged	MetaCyc:2346-TETRAHYDROXYBENZOPHENONE;KEGG:C06355;ChEBI:77647@Charged	KEGG:C06355	KEGG:C06355	EQ	eQuilibrator:MNXM3153	KEGG:C06355@Charged	eQuilibrator:MNXM3153
cpd03797	MetaCyc:CPD-6881;KEGG:C06356;ChEBI:77765@Charged	MetaCyc:CPD-6881;KEGG:C06356;ChEBI:77765@Charged	MetaCyc:CPD-6881;KEGG:C06356;ChEBI:77765@Charged	MetaCyc:CPD-6881;KEGG:C06356;ChEBI:77765@Charged	KEGG:C06356	KEGG:C06356	EQ	eQuilibrator:MNXM34486	MetaCyc:CPD-6881@Charged	eQuilibrator:MNXM34486
cpd03798	MetaCyc:ALKYL-CINNAMATE;KEGG:C06357	MetaCyc:ALKYL-CINNAMATE;KEGG:C06357		MetaCyc:ALKYL-CINNAMATE;KEGG:C06357		KEGG:C06357	GC	KEGG:C06357@Charged	KEGG:C06357@Charged	
cpd03799	MetaCyc:CPD-6421;KEGG:C06358	MetaCyc:CPD-6421;KEGG:C06358	MetaCyc:CPD-6421;KEGG:C06358	MetaCyc:CPD-6421;KEGG:C06358		KEGG:C06358	EQ	eQuilibrator:MNXM8876	MetaCyc:CPD-6421@Charged	eQuilibrator:MNXM8876
cpd03800	KEGG:C06359	KEGG:C06359	KEGG:C06359	KEGG:C06359		KEGG:C06359	EQ	eQuilibrator:MNXM11528	KEGG:C06359@Charged	eQuilibrator:MNXM11528
cpd03801	KEGG:C06360	KEGG:C06360	KEGG:C06360	KEGG:C06360		KEGG:C06360	EQ	eQuilibrator:MNXM12764	KEGG:C06360@Charged	eQuilibrator:MNXM12764
cpd03802	MetaCyc:CPD-1821;KEGG:C06366@Charged;ChEBI:57811	MetaCyc:CPD-1821;KEGG:C06366@Charged;ChEBI:57811	MetaCyc:CPD-1821;KEGG:C06366@Charged;ChEBI:57811	MetaCyc:CPD-1821;KEGG:C06366@Charged;ChEBI:57811		KEGG:C06366	EQ	eQuilibrator:MNXM1778	KEGG:C06366@Charged	eQuilibrator:MNXM1778
cpd03803	MetaCyc:1-CARBOXYVINYL-CARBOXYPHOSPHONATE;KEGG:C06367@Charged;ChEBI:57999	MetaCyc:1-CARBOXYVINYL-CARBOXYPHOSPHONATE;KEGG:C06367@Charged;ChEBI:57999	MetaCyc:1-CARBOXYVINYL-CARBOXYPHOSPHONATE;KEGG:C06367@Charged;ChEBI:57999	MetaCyc:1-CARBOXYVINYL-CARBOXYPHOSPHONATE;KEGG:C06367@Charged;ChEBI:57999	KEGG:C06367		GC	KEGG:C06367@Charged	KEGG:C06367@Charged	
cpd03804	MetaCyc:3-HYDROHYDROXYPHOSPHORYLPYRUVATE;KEGG:C06368@Charged;ChEBI:58348	MetaCyc:3-HYDROHYDROXYPHOSPHORYLPYRUVATE;KEGG:C06368@Charged;ChEBI:58348	MetaCyc:3-HYDROHYDROXYPHOSPHORYLPYRUVATE;KEGG:C06368@Charged;ChEBI:58348	MetaCyc:3-HYDROHYDROXYPHOSPHORYLPYRUVATE;KEGG:C06368@Charged;ChEBI:58348	KEGG:C06368	KEGG:C06368	GC	MetaCyc:3-HYDROHYDROXYPHOSPHORYLPYRUVATE@Charged	MetaCyc:3-HYDROHYDROXYPHOSPHORYLPYRUVATE@Charged	
cpd03805	MetaCyc:2-DEOXY-D-GLUCOSE-6-PHOSPHATE;KEGG:C06369@Charged;ChEBI:84760	MetaCyc:2-DEOXY-D-GLUCOSE-6-PHOSPHATE;KEGG:C06369@Charged;ChEBI:84760	MetaCyc:2-DEOXY-D-GLUCOSE-6-PHOSPHATE;KEGG:C06369@Charged;ChEBI:84760	MetaCyc:2-DEOXY-D-GLUCOSE-6-PHOSPHATE;KEGG:C06369@Charged;ChEBI:84760	KEGG:C06369	KEGG:C06369	EQ	eQuilibrator:MNXM3809	MetaCyc:2-DEOXY-D-GLUCOSE-6-PHOSPHATE@Charged	eQuilibrator:MNXM3809
cpd03806	KEGG:C06370@Charged	KEGG:C06370@Charged		KEGG:C06370@Charged	KEGG:C06370	KEGG:C06370	GC	KEGG:C06370@Charged	KEGG:C06370@Charged	
cpd03807	MetaCyc:CPD-16473;KEGG:C06371;ChEBI:30248	MetaCyc:CPD-16473;KEGG:C06371;ChEBI:30248	MetaCyc:CPD-16473;KEGG:C06371;ChEBI:30248	MetaCyc:CPD-16473;KEGG:C06371;ChEBI:30248	KEGG:C06371	KEGG:C06371	EQ	eQuilibrator:MNXM2978	KEGG:C06371@Charged	eQuilibrator:MNXM2978
cpd03808	MetaCyc:BETA-D-GAL-1-3-D-GLCNAC;KEGG:C06372;ChEBI:27707	MetaCyc:BETA-D-GAL-1-3-D-GLCNAC;KEGG:C06372;ChEBI:27707	MetaCyc:BETA-D-GAL-1-3-D-GLCNAC;KEGG:C06372;ChEBI:27707	MetaCyc:BETA-D-GAL-1-3-D-GLCNAC;KEGG:C06372;ChEBI:27707	KEGG:C06372	KEGG:C06372	EQ	eQuilibrator:MNXM2103	MetaCyc:BETA-D-GAL-1-3-D-GLCNAC@Charged	eQuilibrator:MNXM2103
cpd03809										
cpd03810	KEGG:C06374@Charged;ChEBI:65295	KEGG:C06374@Charged;ChEBI:65295		KEGG:C06374@Charged;ChEBI:65295	KEGG:C06374	KEGG:C06374	GC	KEGG:C06374@Charged	KEGG:C06374@Charged	
cpd03811	MetaCyc:SUBSTITUTED-AMINE@Charged;KEGG:C00706@Charged	MetaCyc:SUBSTITUTED-AMINE@Charged;KEGG:C00706@Charged		MetaCyc:SUBSTITUTED-AMINE@Charged;KEGG:C00706@Charged		KEGG:C00706	GC	KEGG:C00706@Charged	KEGG:C00706@Charged	
cpd03812	MetaCyc:N-ACETYL-D-GALACTOSAMINE-6-PHOSPHATE;KEGG:C06376@Charged;ChEBI:71673	MetaCyc:N-ACETYL-D-GALACTOSAMINE-6-PHOSPHATE;KEGG:C06376@Charged;ChEBI:71673	MetaCyc:N-ACETYL-D-GALACTOSAMINE-6-PHOSPHATE;KEGG:C06376@Charged;ChEBI:71673	MetaCyc:N-ACETYL-D-GALACTOSAMINE-6-PHOSPHATE;KEGG:C06376@Charged;ChEBI:71673	KEGG:C06376	KEGG:C06376	EQ	eQuilibrator:MNXM6346	KEGG:C06376@Charged	eQuilibrator:MNXM6346
cpd03813	MetaCyc:D-GALACTOSAMINE-6-PHOSPHATE;KEGG:C06377@Charged;ChEBI:71674	MetaCyc:D-GALACTOSAMINE-6-PHOSPHATE;KEGG:C06377@Charged;ChEBI:71674	MetaCyc:D-GALACTOSAMINE-6-PHOSPHATE;KEGG:C06377@Charged;ChEBI:71674	MetaCyc:D-GALACTOSAMINE-6-PHOSPHATE;KEGG:C06377@Charged;ChEBI:71674	KEGG:C06377	KEGG:C06377	EQ	eQuilibrator:MNXM5116	MetaCyc:D-GALACTOSAMINE-6-PHOSPHATE@Charged	eQuilibrator:MNXM5116
cpd03814	MetaCyc:N-ACYL-D-GLUTAMATE;ChEBI:17583	MetaCyc:N-ACYL-D-GLUTAMATE;ChEBI:17583		MetaCyc:N-ACYL-D-GLUTAMATE;ChEBI:17583	KEGG:C06379	KEGG:C06379	GC	MetaCyc:N-ACYL-D-GLUTAMATE@Charged	MetaCyc:N-ACYL-D-GLUTAMATE@Charged	
cpd03815	KEGG:C06380@Charged	KEGG:C06380@Charged		KEGG:C06380@Charged	KEGG:C06380	KEGG:C06380	GC	KEGG:C06380@Charged	KEGG:C06380@Charged	
cpd03816	MetaCyc:METHYLENEDIUREA;KEGG:C06381;ChEBI:10790	MetaCyc:METHYLENEDIUREA;KEGG:C06381;ChEBI:10790	MetaCyc:METHYLENEDIUREA;KEGG:C06381;ChEBI:10790	MetaCyc:METHYLENEDIUREA;KEGG:C06381;ChEBI:10790	KEGG:C06381	KEGG:C06381	EQ	eQuilibrator:MNXM2539	MetaCyc:METHYLENEDIUREA@Charged	eQuilibrator:MNXM2539
cpd03817	MetaCyc:CPD-14173;KEGG:C06382@Charged;ChEBI:57415	MetaCyc:CPD-14173;KEGG:C06382@Charged;ChEBI:57415	MetaCyc:CPD-14173;KEGG:C06382@Charged;ChEBI:57415	MetaCyc:CPD-14173;KEGG:C06382@Charged;ChEBI:57415	KEGG:C06382	KEGG:C06382	EQ	eQuilibrator:MNXM2841	MetaCyc:CPD-14173@Charged	eQuilibrator:MNXM2841
cpd03818	MetaCyc:CPD-14174;KEGG:C06383@Charged;ChEBI:57431	MetaCyc:CPD-14174;KEGG:C06383@Charged;ChEBI:57431	MetaCyc:CPD-14174;KEGG:C06383@Charged;ChEBI:57431	MetaCyc:CPD-14174;KEGG:C06383@Charged;ChEBI:57431	KEGG:C06383	KEGG:C06383	EQ	eQuilibrator:MNXM3058	KEGG:C06383@Charged	eQuilibrator:MNXM3058
cpd03819	MetaCyc:N-HYDROXYMETHYLUREA;KEGG:C06384;ChEBI:16481	MetaCyc:N-HYDROXYMETHYLUREA;KEGG:C06384;ChEBI:16481	MetaCyc:N-HYDROXYMETHYLUREA;KEGG:C06384;ChEBI:16481	MetaCyc:N-HYDROXYMETHYLUREA;KEGG:C06384;ChEBI:16481	KEGG:C06384	KEGG:C06384	EQ	eQuilibrator:MNXM2698	KEGG:C06384@Charged	eQuilibrator:MNXM2698
cpd03820	KEGG:C06385	KEGG:C06385	KEGG:C06385	KEGG:C06385	KEGG:C06385	KEGG:C06385	EQ	eQuilibrator:MNXM50986	KEGG:C06385@Charged	eQuilibrator:MNXM50986
cpd03821	KEGG:C06386	KEGG:C06386	KEGG:C06386	KEGG:C06386	KEGG:C06386		EQ	eQuilibrator:MNXM88048	KEGG:C06386@Charged	eQuilibrator:MNXM88048
cpd03822	MetaCyc:CPD-1776;KEGG:C06387@Charged;ChEBI:57354	MetaCyc:CPD-1776;KEGG:C06387@Charged;ChEBI:57354	MetaCyc:CPD-1776;KEGG:C06387@Charged;ChEBI:57354	MetaCyc:CPD-1776;KEGG:C06387@Charged;ChEBI:57354	KEGG:C06387	KEGG:C06387	EQ	eQuilibrator:MNXM1216	MetaCyc:CPD-1776@Charged	eQuilibrator:MNXM1216
cpd03823	MetaCyc:2-ARYL-2-METHYLMALONATE@Charged;KEGG:C06388@Charged	MetaCyc:2-ARYL-2-METHYLMALONATE@Charged;KEGG:C06388@Charged		MetaCyc:2-ARYL-2-METHYLMALONATE@Charged;KEGG:C06388@Charged	KEGG:C06388		GC	KEGG:C06388@Charged	KEGG:C06388@Charged	
cpd03824	MetaCyc:2-ARYLPROPIONATE@Charged;KEGG:C06389;ChEBI:83976@Charged	MetaCyc:2-ARYLPROPIONATE@Charged;KEGG:C06389;ChEBI:83976@Charged		MetaCyc:2-ARYLPROPIONATE@Charged;KEGG:C06389;ChEBI:83976@Charged	KEGG:C06389		GC	KEGG:C06389@Charged	KEGG:C06389@Charged	
cpd03825	KEGG:C06390	KEGG:C06390	KEGG:C06390	KEGG:C06390	KEGG:C06390	KEGG:C06390	GC	KEGG:C06390@Charged	KEGG:C06390@Charged	
cpd03826	KEGG:C06391;ChEBI:763	KEGG:C06391;ChEBI:763	KEGG:C06391;ChEBI:763	KEGG:C06391;ChEBI:763	KEGG:C06391	KEGG:C06391	GC	KEGG:C06391@Charged	KEGG:C06391@Charged	eQuilibrator:MNXM40682
cpd03827	KEGG:C06392	KEGG:C06392	KEGG:C06392	KEGG:C06392	KEGG:C06392	KEGG:C06392	GC	KEGG:C06392@Charged	KEGG:C06392@Charged	
cpd03828	MetaCyc:CPD-1782;KEGG:C06393	MetaCyc:CPD-1782;KEGG:C06393	MetaCyc:CPD-1782;KEGG:C06393	MetaCyc:CPD-1782;KEGG:C06393@Charged	KEGG:C06393	KEGG:C06393	GC	KEGG:C06393@Charged	KEGG:C06393@Charged	
cpd03829	MetaCyc:CPD-1722;KEGG:C06394;ChEBI:15385	MetaCyc:CPD-1722;KEGG:C06394;ChEBI:15385	MetaCyc:CPD-1722;KEGG:C06394;ChEBI:15385	MetaCyc:CPD-1722;KEGG:C06394;ChEBI:15385			GC	KEGG:C06394@Charged	KEGG:C06394@Charged	eQuilibrator:MNXM2744
cpd03830	MetaCyc:ADP-D-GLYCERO-D-MANNO-HEPTOSE;KEGG:C06397@Charged;ChEBI:59967	MetaCyc:ADP-D-GLYCERO-D-MANNO-HEPTOSE;KEGG:C06397@Charged;ChEBI:59967	MetaCyc:ADP-D-GLYCERO-D-MANNO-HEPTOSE;KEGG:C06397@Charged;ChEBI:59967	MetaCyc:ADP-D-GLYCERO-D-MANNO-HEPTOSE;KEGG:C06397@Charged;ChEBI:59967	KEGG:C06397	KEGG:C06397	EQ	eQuilibrator:MNXM1648	MetaCyc:ADP-D-GLYCERO-D-MANNO-HEPTOSE@Charged	eQuilibrator:MNXM1648
cpd03831	MetaCyc:ADP-L-GLYCERO-D-MANNO-HEPTOSE;KEGG:C06398@Charged;ChEBI:61506	MetaCyc:ADP-L-GLYCERO-D-MANNO-HEPTOSE;KEGG:C06398@Charged;ChEBI:61506	MetaCyc:ADP-L-GLYCERO-D-MANNO-HEPTOSE;KEGG:C06398@Charged;ChEBI:61506	MetaCyc:ADP-L-GLYCERO-D-MANNO-HEPTOSE;KEGG:C06398@Charged;ChEBI:61506	KEGG:C06398	KEGG:C06398	EQ	eQuilibrator:MNXM857	MetaCyc:ADP-L-GLYCERO-D-MANNO-HEPTOSE@Charged	eQuilibrator:MNXM857
cpd03832	MetaCyc:CPD-687@Charged	MetaCyc:CPD-687@Charged	MetaCyc:CPD-687@Charged	MetaCyc:CPD-687@Charged	KEGG:C06399	KEGG:C06399	GC	MetaCyc:CPD-687@Charged	MetaCyc:CPD-687@Charged	
cpd03833	MetaCyc:CPD-643@Charged;KEGG:C06406@Charged;ChEBI:77870@Charged	MetaCyc:CPD-643@Charged;KEGG:C06406@Charged;ChEBI:77870@Charged	MetaCyc:CPD-643@Charged;KEGG:C06406@Charged;ChEBI:77870@Charged	MetaCyc:CPD-643@Charged;KEGG:C06406@Charged;ChEBI:77870@Charged	KEGG:C06406	KEGG:C06406	GC	KEGG:C06406@Charged	KEGG:C06406@Charged	
cpd03834	KEGG:C06407@Charged;ChEBI:57769@Charged	KEGG:C06407@Charged;ChEBI:57769@Charged	KEGG:C06407@Charged;ChEBI:57769@Charged	KEGG:C06407@Charged;ChEBI:57769@Charged	KEGG:C06407		GC	KEGG:C06407@Charged	KEGG:C06407@Charged	
cpd03835	MetaCyc:CPD-686;ChEBI:58581	MetaCyc:CPD-686;ChEBI:58581	MetaCyc:CPD-686;ChEBI:58581	MetaCyc:CPD-686;ChEBI:58581	KEGG:C06408	KEGG:C06408	GC	MetaCyc:CPD-686@Charged	MetaCyc:CPD-686@Charged	eQuilibrator:MNXM1589
cpd03836	MetaCyc:QUINOLINE;KEGG:C06413;ChEBI:17362	MetaCyc:QUINOLINE;KEGG:C06413;ChEBI:17362	MetaCyc:QUINOLINE;KEGG:C06413;ChEBI:17362	MetaCyc:QUINOLINE;KEGG:C06413;ChEBI:17362		KEGG:C06413	EQ	eQuilibrator:MNXM4096	KEGG:C06413@Charged	eQuilibrator:MNXM4096
cpd03837	MetaCyc:QUINOLINE-4-CARBOXYLATE;KEGG:C06414@Charged;ChEBI:58440	MetaCyc:QUINOLINE-4-CARBOXYLATE;KEGG:C06414@Charged;ChEBI:58440	MetaCyc:QUINOLINE-4-CARBOXYLATE;KEGG:C06414@Charged;ChEBI:58440	MetaCyc:QUINOLINE-4-CARBOXYLATE;KEGG:C06414@Charged;ChEBI:58440	KEGG:C06414	KEGG:C06414	EQ	eQuilibrator:MNXM4097	MetaCyc:QUINOLINE-4-CARBOXYLATE@Charged	eQuilibrator:MNXM4097
cpd03838										
cpd03839	KEGG:C06416@Charged;ChEBI:77871@Charged	KEGG:C06416@Charged;ChEBI:77871@Charged	KEGG:C06416@Charged;ChEBI:77871@Charged	KEGG:C06416@Charged;ChEBI:77871@Charged	KEGG:C06416		GC	KEGG:C06416@Charged	KEGG:C06416@Charged	
cpd03840	MetaCyc:CPD-3642;KEGG:C06417;ChEBI:74338	MetaCyc:CPD-3642;KEGG:C06417;ChEBI:74338	MetaCyc:CPD-3642;KEGG:C06417;ChEBI:74338	MetaCyc:CPD-3642;KEGG:C06417@Charged;ChEBI:74338	KEGG:C06417	KEGG:C06417	EQ	eQuilibrator:MNXM8512	MetaCyc:CPD-3642@Charged	eQuilibrator:MNXM8512
cpd03841	MetaCyc:CPD-12149;KEGG:C06418	MetaCyc:CPD-12149;KEGG:C06418	MetaCyc:CPD-12149;KEGG:C06418	MetaCyc:CPD-12149;KEGG:C06418@Charged	KEGG:C06418	KEGG:C06418	EQ	eQuilibrator:MNXM11281	MetaCyc:CPD-12149@Charged	eQuilibrator:MNXM11281
cpd03842	MetaCyc:CPD-12151;KEGG:C06419;ChEBI:142967	MetaCyc:CPD-12151;KEGG:C06419;ChEBI:142967	MetaCyc:CPD-12151;KEGG:C06419;ChEBI:142967	MetaCyc:CPD-12151;KEGG:C06419@Charged;ChEBI:142967	KEGG:C06419	KEGG:C06419	EQ	eQuilibrator:MNXM8496	KEGG:C06419@Charged	eQuilibrator:MNXM8496
cpd03843	MetaCyc:D-TYROSINE;KEGG:C06420;ChEBI:58570	MetaCyc:D-TYROSINE;KEGG:C06420;ChEBI:58570	MetaCyc:D-TYROSINE;KEGG:C06420;ChEBI:58570	MetaCyc:D-TYROSINE;KEGG:C06420@Charged;ChEBI:58570	KEGG:C06420	KEGG:C06420	EQ	eQuilibrator:MNXM5704	KEGG:C06420@Charged	eQuilibrator:MNXM5704
cpd03844	MetaCyc:CPD-15976;KEGG:C06421	MetaCyc:CPD-15976;KEGG:C06421	MetaCyc:CPD-15976;KEGG:C06421	MetaCyc:CPD-15976;KEGG:C06421	KEGG:C06421	KEGG:C06421	EQ	eQuilibrator:MNXM40967	KEGG:C06421@Charged	eQuilibrator:MNXM40967
cpd03845	MetaCyc:CELLOBIOSE;KEGG:C06422	MetaCyc:CELLOBIOSE;KEGG:C06422	MetaCyc:CELLOBIOSE;KEGG:C06422	MetaCyc:CELLOBIOSE;KEGG:C06422	KEGG:C06422	KEGG:C06422	EQ	eQuilibrator:MNXM1142	KEGG:C06422@Charged	eQuilibrator:MNXM1142
cpd03846	MetaCyc:CPD-195;KEGG:C06423@Charged;ChEBI:25646	MetaCyc:CPD-195;KEGG:C06423@Charged;ChEBI:25646	MetaCyc:CPD-195;KEGG:C06423@Charged;ChEBI:25646	MetaCyc:CPD-195;KEGG:C06423@Charged;ChEBI:25646	KEGG:C06423		EQ	eQuilibrator:MNXM750	MetaCyc:CPD-195@Charged	eQuilibrator:MNXM750
cpd03847	MetaCyc:CPD-7836;KEGG:C06424@Charged;ChEBI:30807	MetaCyc:CPD-7836;KEGG:C06424@Charged;ChEBI:30807	MetaCyc:CPD-7836;KEGG:C06424@Charged;ChEBI:30807	MetaCyc:CPD-7836;KEGG:C06424@Charged;ChEBI:30807	KEGG:C06424		EQ	eQuilibrator:MNXM314	MetaCyc:CPD-7836@Charged	eQuilibrator:MNXM314
cpd03848	MetaCyc:ARACHIDIC_ACID;KEGG:C06425@Charged;ChEBI:32360	MetaCyc:ARACHIDIC_ACID;KEGG:C06425@Charged;ChEBI:32360	MetaCyc:ARACHIDIC_ACID;KEGG:C06425@Charged;ChEBI:32360	MetaCyc:ARACHIDIC_ACID;KEGG:C06425@Charged;ChEBI:32360	KEGG:C06425		EQ	eQuilibrator:MNXM2976	MetaCyc:ARACHIDIC_ACID@Charged	eQuilibrator:MNXM2976
cpd03849	MetaCyc:CPD-8117;KEGG:C06426@Charged;ChEBI:32391	MetaCyc:CPD-8117;KEGG:C06426@Charged;ChEBI:32391	MetaCyc:CPD-8117;KEGG:C06426@Charged;ChEBI:32391	MetaCyc:CPD-8117;KEGG:C06426@Charged;ChEBI:32391	KEGG:C06426		EQ	eQuilibrator:MNXM3995	MetaCyc:CPD-8117@Charged	eQuilibrator:MNXM3995
cpd03850	MetaCyc:LINOLENIC_ACID;KEGG:C06427@Charged;ChEBI:32387	MetaCyc:LINOLENIC_ACID;KEGG:C06427@Charged;ChEBI:32387	MetaCyc:LINOLENIC_ACID;KEGG:C06427@Charged;ChEBI:32387	MetaCyc:LINOLENIC_ACID;KEGG:C06427@Charged;ChEBI:32387	KEGG:C06427		EQ	eQuilibrator:MNXM794	MetaCyc:LINOLENIC_ACID@Charged	eQuilibrator:MNXM794
cpd03851	MetaCyc:5Z8Z11Z14Z17Z-EICOSAPENTAENOATE;KEGG:C06428@Charged;ChEBI:58562	MetaCyc:5Z8Z11Z14Z17Z-EICOSAPENTAENOATE;KEGG:C06428@Charged;ChEBI:58562	MetaCyc:5Z8Z11Z14Z17Z-EICOSAPENTAENOATE;KEGG:C06428@Charged;ChEBI:58562	MetaCyc:5Z8Z11Z14Z17Z-EICOSAPENTAENOATE;KEGG:C06428@Charged;ChEBI:58562	KEGG:C06428		EQ	eQuilibrator:MNXM2801	KEGG:C06428@Charged	eQuilibrator:MNXM2801
cpd03852	MetaCyc:CPD-10244;KEGG:C06429@Charged;ChEBI:77016	MetaCyc:CPD-10244;KEGG:C06429@Charged;ChEBI:77016	MetaCyc:CPD-10244;KEGG:C06429@Charged;ChEBI:77016	MetaCyc:CPD-10244;KEGG:C06429@Charged;ChEBI:77016	KEGG:C06429		EQ	eQuilibrator:MNXM90206	KEGG:C06429@Charged	eQuilibrator:MNXM90206
cpd03853	KEGG:C06430	KEGG:C06430	KEGG:C06430	KEGG:C06430	KEGG:C06430	KEGG:C06430	EQ	eQuilibrator:MNXM7241	KEGG:C06430@Charged	eQuilibrator:MNXM7241
cpd03854	KEGG:C06433@Charged;ChEBI:149705	KEGG:C06433@Charged;ChEBI:149705	KEGG:C06433@Charged;ChEBI:149705	KEGG:C06433@Charged;ChEBI:149705	KEGG:C06433	KEGG:C06433	GC	KEGG:C06433@Charged	KEGG:C06433@Charged	
cpd03856	KEGG:C06435@Charged	KEGG:C06435@Charged	KEGG:C06435@Charged	KEGG:C06435@Charged	KEGG:C06435	KEGG:C06435	GC	KEGG:C06435@Charged	KEGG:C06435@Charged	eQuilibrator:MNXM37800
cpd03857	KEGG:C06436@Charged	KEGG:C06436@Charged	KEGG:C06436@Charged	KEGG:C06436@Charged	KEGG:C06436	KEGG:C06436	GC	KEGG:C06436@Charged	KEGG:C06436@Charged	
cpd03858	MetaCyc:CPD-24706;KEGG:C06438@Charged;ChEBI:79010	MetaCyc:CPD-24706;KEGG:C06438@Charged;ChEBI:79010	MetaCyc:CPD-24706;KEGG:C06438@Charged;ChEBI:79010	MetaCyc:CPD-24706;KEGG:C06438@Charged;ChEBI:79010	KEGG:C06438	KEGG:C06438	EQ	eQuilibrator:MNXM78290	KEGG:C06438@Charged	eQuilibrator:MNXM78290
cpd03859	MetaCyc:CPD-25818;KEGG:C06439@Charged;ChEBI:133132	MetaCyc:CPD-25818;KEGG:C06439@Charged;ChEBI:133132	MetaCyc:CPD-25818;KEGG:C06439@Charged;ChEBI:133132	MetaCyc:CPD-25818;KEGG:C06439@Charged;ChEBI:133132	KEGG:C06439	KEGG:C06439	EQ	eQuilibrator:MNXM78294	KEGG:C06439@Charged	eQuilibrator:MNXM78294
cpd03860	KEGG:C06440	KEGG:C06440	KEGG:C06440	KEGG:C06440	KEGG:C06440	KEGG:C06440	EQ	eQuilibrator:MNXM34981	KEGG:C06440@Charged	eQuilibrator:MNXM34981
cpd03861	MetaCyc:CPD0-1115	MetaCyc:CPD0-1115	MetaCyc:CPD0-1115	MetaCyc:CPD0-1115	KEGG:C06441	KEGG:C06441	EQ	eQuilibrator:MNXM59594	MetaCyc:CPD0-1115@Charged	eQuilibrator:MNXM59594
cpd03862	MetaCyc:N-ACETYL-L-24-DIAMINOBUTANOATE;KEGG:C06442;ChEBI:58929	MetaCyc:N-ACETYL-L-24-DIAMINOBUTANOATE;KEGG:C06442;ChEBI:58929	MetaCyc:N-ACETYL-L-24-DIAMINOBUTANOATE;KEGG:C06442;ChEBI:58929	MetaCyc:N-ACETYL-L-24-DIAMINOBUTANOATE;KEGG:C06442@Charged;ChEBI:58929	KEGG:C06442	KEGG:C06442	EQ	eQuilibrator:MNXM2023	KEGG:C06442@Charged	eQuilibrator:MNXM2023
cpd03863	MetaCyc:Hydroxamates;KEGG:C06443	MetaCyc:Hydroxamates;KEGG:C06443		MetaCyc:Hydroxamates;KEGG:C06443	KEGG:C06443	KEGG:C06443	GC	MetaCyc:Hydroxamates@Charged	MetaCyc:Hydroxamates@Charged	
cpd03864	KEGG:C06444	KEGG:C06444	KEGG:C06444	KEGG:C06444	KEGG:C06444	KEGG:C06444	EQ	eQuilibrator:MNXM43636	KEGG:C06444@Charged	eQuilibrator:MNXM43636
cpd03865	KEGG:C06446@Charged	KEGG:C06446@Charged	KEGG:C06446@Charged	KEGG:C06446@Charged	KEGG:C06446	KEGG:C06446	EQ	eQuilibrator:MNXM35322	KEGG:C06446@Charged	eQuilibrator:MNXM35322
cpd03866	KEGG:C06447	KEGG:C06447	KEGG:C06447	KEGG:C06447	KEGG:C06447	KEGG:C06447	EQ	eQuilibrator:MNXM35323	KEGG:C06447@Charged	eQuilibrator:MNXM35323
cpd03867	KEGG:C06448@Charged	KEGG:C06448@Charged	KEGG:C06448@Charged	KEGG:C06448@Charged	KEGG:C06448	KEGG:C06448	EQ	eQuilibrator:MNXM62862	KEGG:C06448@Charged	eQuilibrator:MNXM62862
cpd03868	KEGG:C06449@Charged	KEGG:C06449@Charged	KEGG:C06449@Charged	KEGG:C06449@Charged	KEGG:C06449	KEGG:C06449	EQ		KEGG:C06449@Charged	
cpd03869	KEGG:C06450	KEGG:C06450	KEGG:C06450	KEGG:C06450	KEGG:C06450	KEGG:C06450	EQ	eQuilibrator:MNXM62861	KEGG:C06450@Charged	eQuilibrator:MNXM62861
cpd03870	MetaCyc:CPD-9466;KEGG:C06451@Charged;ChEBI:60991	MetaCyc:CPD-9466;KEGG:C06451@Charged;ChEBI:60991	MetaCyc:CPD-9466;KEGG:C06451@Charged;ChEBI:60991	MetaCyc:CPD-9466;KEGG:C06451@Charged;ChEBI:60991	KEGG:C06451	KEGG:C06451	EQ	eQuilibrator:MNXM2067	KEGG:C06451@Charged	eQuilibrator:MNXM2067
cpd03871	MetaCyc:CPD-9465;KEGG:C06452@Charged;ChEBI:62246	MetaCyc:CPD-9465;KEGG:C06452@Charged;ChEBI:62246	MetaCyc:CPD-9465;KEGG:C06452@Charged;ChEBI:62246	MetaCyc:CPD-9465;KEGG:C06452@Charged;ChEBI:62246	KEGG:C06452	KEGG:C06452	EQ	eQuilibrator:MNXM2448	MetaCyc:CPD-9465@Charged	eQuilibrator:MNXM2448
cpd03872	MetaCyc:CPD0-1113;KEGG:C06454@Charged;ChEBI:62247	MetaCyc:CPD0-1113;KEGG:C06454@Charged;ChEBI:62247	MetaCyc:CPD0-1113;KEGG:C06454@Charged;ChEBI:62247	MetaCyc:CPD0-1113;KEGG:C06454@Charged;ChEBI:62247	KEGG:C06454	KEGG:C06454	EQ	eQuilibrator:MNXM3733	KEGG:C06454@Charged	eQuilibrator:MNXM3733
cpd03873	MetaCyc:CPD-11729;KEGG:C06455@Charged;ChEBI:71199	MetaCyc:CPD-11729;KEGG:C06455@Charged;ChEBI:71199	MetaCyc:CPD-11729;KEGG:C06455@Charged;ChEBI:71199	MetaCyc:CPD-11729;KEGG:C06455@Charged;ChEBI:71199	KEGG:C06455	KEGG:C06455	EQ	eQuilibrator:MNXM5787	KEGG:C06455@Charged	eQuilibrator:MNXM5787
cpd03874	MetaCyc:CPD-11735@Charged;KEGG:C06456@Charged;ChEBI:91254@Charged	MetaCyc:CPD-11735@Charged;KEGG:C06456@Charged;ChEBI:91254@Charged	MetaCyc:CPD-11735@Charged;KEGG:C06456@Charged;ChEBI:91254@Charged	MetaCyc:CPD-11735@Charged;KEGG:C06456@Charged;ChEBI:91254@Charged	KEGG:C06456		GC	KEGG:C06456@Charged	KEGG:C06456@Charged	
cpd03875	MetaCyc:CPD-10013;KEGG:C06457@Charged	MetaCyc:CPD-10013;KEGG:C06457@Charged	MetaCyc:CPD-10013;KEGG:C06457@Charged	MetaCyc:CPD-10013;KEGG:C06457@Charged	KEGG:C06457	KEGG:C06457	GC	KEGG:C06457@Charged	KEGG:C06457@Charged	
cpd03876	MetaCyc:CPD-22922;KEGG:C06459@Charged;ChEBI:149625	MetaCyc:CPD-22922;KEGG:C06459@Charged;ChEBI:149625	MetaCyc:CPD-22922;KEGG:C06459@Charged;ChEBI:149625	MetaCyc:CPD-22922;KEGG:C06459@Charged;ChEBI:149625	KEGG:C06459		GC	KEGG:C06459@Charged	KEGG:C06459@Charged	eQuilibrator:MNXM6076
cpd03877	KEGG:C06461	KEGG:C06461		KEGG:C06461	KEGG:C06461	KEGG:C06461	GC	KEGG:C06461@Charged	KEGG:C06461@Charged	
cpd03878	MetaCyc:CPD-25484;KEGG:C06462@Charged;ChEBI:133618	MetaCyc:CPD-25484;KEGG:C06462@Charged;ChEBI:133618	MetaCyc:CPD-25484;KEGG:C06462@Charged;ChEBI:133618	MetaCyc:CPD-25484;KEGG:C06462@Charged;ChEBI:133618	KEGG:C06462	KEGG:C06462	EQ	eQuilibrator:MNXM59988	KEGG:C06462@Charged	eQuilibrator:MNXM59988
cpd03879	KEGG:C06463	KEGG:C06463	KEGG:C06463	KEGG:C06463	KEGG:C06463	KEGG:C06463	GC	KEGG:C06463@Charged	KEGG:C06463@Charged	
cpd03880	MetaCyc:D-altropyranoses;KEGG:C06464	MetaCyc:D-altropyranoses;KEGG:C06464	MetaCyc:D-altropyranoses;KEGG:C06464	MetaCyc:D-altropyranoses;KEGG:C06464	KEGG:C06464	KEGG:C06464	EQ	eQuilibrator:MNXM48393	MetaCyc:D-altropyranoses@Charged	eQuilibrator:MNXM48393
cpd03881	MetaCyc:D-Gulopyranose;MetaCyc:GULOSE;KEGG:C06465	MetaCyc:D-Gulopyranose;MetaCyc:GULOSE;KEGG:C06465	MetaCyc:D-Gulopyranose;MetaCyc:GULOSE;KEGG:C06465	MetaCyc:D-Gulopyranose;MetaCyc:GULOSE;KEGG:C06465	KEGG:C06465	KEGG:C06465	EQ	eQuilibrator:MNXM48520	MetaCyc:D-Gulopyranose@Charged	eQuilibrator:MNXM48520
cpd03882	MetaCyc:IDOSE;MetaCyc:Idopyranose;KEGG:C06466	MetaCyc:IDOSE;MetaCyc:Idopyranose;KEGG:C06466	MetaCyc:IDOSE;MetaCyc:Idopyranose;KEGG:C06466	MetaCyc:IDOSE;MetaCyc:Idopyranose;KEGG:C06466	KEGG:C06466	KEGG:C06466	GC	KEGG:C06466@Charged	KEGG:C06466@Charged	
cpd03883	MetaCyc:D-talopyranoses;KEGG:C06467	MetaCyc:D-talopyranoses;KEGG:C06467	MetaCyc:D-talopyranoses;KEGG:C06467	MetaCyc:D-talopyranoses;KEGG:C06467	KEGG:C06467	KEGG:C06467	EQ	eQuilibrator:MNXM48621	KEGG:C06467@Charged	eQuilibrator:MNXM48621
cpd03884	MetaCyc:D-psicopyranose;KEGG:C06468	MetaCyc:D-psicopyranose;KEGG:C06468	MetaCyc:D-psicopyranose;KEGG:C06468	MetaCyc:D-psicopyranose;KEGG:C06468	KEGG:C06468	KEGG:C06468	EQ		KEGG:C06468@Charged	
cpd03885	MetaCyc:CPD-10760	MetaCyc:CPD-10760	MetaCyc:CPD-10760	MetaCyc:CPD-10760	KEGG:C06469	KEGG:C06469	GC	MetaCyc:CPD-10760@Charged	MetaCyc:CPD-10760@Charged	
cpd03886	MetaCyc:CPD0-1520;KEGG:C06470	MetaCyc:CPD0-1520;KEGG:C06470	MetaCyc:CPD0-1520;KEGG:C06470	MetaCyc:CPD0-1520;KEGG:C06470@Charged	KEGG:C06470	KEGG:C06470	EQ	eQuilibrator:MNXM34831	KEGG:C06470@Charged	eQuilibrator:MNXM34831
cpd03887	MetaCyc:CPD-9394	MetaCyc:CPD-9394	MetaCyc:CPD-9394	MetaCyc:CPD-9394	KEGG:C06471	KEGG:C06471	EQ	eQuilibrator:MNXM39871	MetaCyc:CPD-9394@Charged	eQuilibrator:MNXM39871
cpd03888	MetaCyc:L-idopyranuronate;KEGG:C06472@Charged	MetaCyc:L-idopyranuronate;KEGG:C06472@Charged	MetaCyc:L-idopyranuronate;KEGG:C06472@Charged	MetaCyc:L-idopyranuronate;KEGG:C06472@Charged	KEGG:C06472	KEGG:C06472	EQ	eQuilibrator:MNXM163836	MetaCyc:L-idopyranuronate@Charged	eQuilibrator:MNXM163836
cpd03889										
cpd03890	KEGG:C06474	KEGG:C06474	KEGG:C06474	KEGG:C06474	KEGG:C06474	KEGG:C06474	EQ	eQuilibrator:MNXM36131	KEGG:C06474@Charged	eQuilibrator:MNXM36131
cpd03891	MetaCyc:CPD-24634;KEGG:C06475@Charged	MetaCyc:CPD-24634;KEGG:C06475@Charged	MetaCyc:CPD-24634;KEGG:C06475@Charged	MetaCyc:CPD-24634;KEGG:C06475@Charged	KEGG:C06475	KEGG:C06475	EQ	eQuilibrator:MNXM78295	KEGG:C06475@Charged	eQuilibrator:MNXM78295
cpd03892	MetaCyc:CPD-24734;KEGG:C06476@Charged	MetaCyc:CPD-24734;KEGG:C06476@Charged	MetaCyc:CPD-24734;KEGG:C06476@Charged	MetaCyc:CPD-24734;KEGG:C06476@Charged	KEGG:C06476	KEGG:C06476	EQ	eQuilibrator:MNXM78298	KEGG:C06476@Charged	eQuilibrator:MNXM78298
cpd03893	MetaCyc:CPD-10583;MetaCyc:CPD-21249;MetaCyc:L-Guluronate	MetaCyc:CPD-10583;MetaCyc:CPD-21249;MetaCyc:L-Guluronate	MetaCyc:CPD-10583;MetaCyc:CPD-21249;MetaCyc:L-Guluronate	MetaCyc:CPD-10583;MetaCyc:CPD-21249;MetaCyc:L-Guluronate	KEGG:C06477	KEGG:C06477	EQ	eQuilibrator:MNXM59421	MetaCyc:CPD-10583@Charged	eQuilibrator:MNXM59421
cpd03894	KEGG:C06478	KEGG:C06478	KEGG:C06478	KEGG:C06478	KEGG:C06478	KEGG:C06478	EQ	eQuilibrator:MNXM36132	KEGG:C06478@Charged	eQuilibrator:MNXM36132
cpd03895	MetaCyc:A-antigen;MetaCyc:GLYCOPROTEIN-ETCETERA-GALACTOSAMINYL-GAL;KEGG:C06483;ChEBI:140559	MetaCyc:A-antigen;MetaCyc:GLYCOPROTEIN-ETCETERA-GALACTOSAMINYL-GAL;KEGG:C06483;ChEBI:140559		MetaCyc:A-antigen;MetaCyc:GLYCOPROTEIN-ETCETERA-GALACTOSAMINYL-GAL;KEGG:C06483;ChEBI:140559	KEGG:C06483	KEGG:C06483	GC	KEGG:C06483@Charged	KEGG:C06483@Charged	
cpd03896	MetaCyc:15-ANHYDRO-D-FRUCTOSE;KEGG:C06485;ChEBI:16715	MetaCyc:15-ANHYDRO-D-FRUCTOSE;KEGG:C06485;ChEBI:16715	MetaCyc:15-ANHYDRO-D-FRUCTOSE;KEGG:C06485;ChEBI:16715	MetaCyc:15-ANHYDRO-D-FRUCTOSE;KEGG:C06485;ChEBI:16715	KEGG:C06485	KEGG:C06485	EQ	eQuilibrator:MNXM1060	KEGG:C06485@Charged	eQuilibrator:MNXM1060
cpd03897	KEGG:C15522;ChEBI:15642	KEGG:C15522;ChEBI:15642	KEGG:C15522;ChEBI:15642	KEGG:C15522;ChEBI:15642	KEGG:C15522	KEGG:C15522	GC	KEGG:C15522@Charged	KEGG:C15522@Charged	eQuilibrator:MNXM31340
cpd03899	KEGG:C06488	KEGG:C06488	KEGG:C06488	KEGG:C06488	KEGG:C06488	KEGG:C06488	GC	KEGG:C06488@Charged	KEGG:C06488@Charged	eQuilibrator:MNXM89200
cpd03900	KEGG:C06489	KEGG:C06489	KEGG:C06489	KEGG:C06489		KEGG:C06489	GC	KEGG:C06489@Charged	KEGG:C06489@Charged	
cpd03901	KEGG:C06490	KEGG:C06490	KEGG:C06490	KEGG:C06490		KEGG:C06490	GC	KEGG:C06490@Charged	KEGG:C06490@Charged	
cpd03902	KEGG:C06491	KEGG:C06491	KEGG:C06491	KEGG:C06491	KEGG:C06491	KEGG:C06491	GC	KEGG:C06491@Charged	KEGG:C06491@Charged	
cpd03903	KEGG:C06492	KEGG:C06492	KEGG:C06492	KEGG:C06492		KEGG:C06492	GC	KEGG:C06492@Charged	KEGG:C06492@Charged	
cpd03904	KEGG:C06493	KEGG:C06493	KEGG:C06493	KEGG:C06493		KEGG:C06493	GC	KEGG:C06493@Charged	KEGG:C06493@Charged	
cpd03905	KEGG:C06494	KEGG:C06494	KEGG:C06494	KEGG:C06494		KEGG:C06494	GC	KEGG:C06494@Charged	KEGG:C06494@Charged	
cpd03906	KEGG:C06495	KEGG:C06495	KEGG:C06495	KEGG:C06495		KEGG:C06495	GC	KEGG:C06495@Charged	KEGG:C06495@Charged	
cpd03907	KEGG:C06496	KEGG:C06496	KEGG:C06496	KEGG:C06496		KEGG:C06496	GC	KEGG:C06496@Charged	KEGG:C06496@Charged	
cpd03908	KEGG:C06497	KEGG:C06497	KEGG:C06497	KEGG:C06497		KEGG:C06497	GC	KEGG:C06497@Charged	KEGG:C06497@Charged	
cpd03909										
cpd03910	KEGG:C06499	KEGG:C06499	KEGG:C06499	KEGG:C06499		KEGG:C06499	GC	KEGG:C06499@Charged	KEGG:C06499@Charged	
cpd03911	KEGG:C06500@Charged	KEGG:C06500@Charged	KEGG:C06500@Charged	KEGG:C06500@Charged	KEGG:C06500	KEGG:C06500	GC	KEGG:C06500@Charged	KEGG:C06500@Charged	
cpd03912	MetaCyc:CPD-3728;KEGG:C06501@Charged;ChEBI:62338	MetaCyc:CPD-3728;KEGG:C06501@Charged;ChEBI:62338	MetaCyc:CPD-3728;KEGG:C06501@Charged;ChEBI:62338	MetaCyc:CPD-3728;KEGG:C06501@Charged;ChEBI:62338	KEGG:C06501	KEGG:C06501	GC	MetaCyc:CPD-3728@Charged	MetaCyc:CPD-3728@Charged	
cpd03913	MetaCyc:CPD-688@Charged	MetaCyc:CPD-688@Charged	MetaCyc:CPD-688@Charged	MetaCyc:CPD-688@Charged	KEGG:C06503	KEGG:C06503	GC	MetaCyc:CPD-688@Charged	MetaCyc:CPD-688@Charged	
cpd03914	MetaCyc:CPD-689@Charged;ChEBI:58537@Charged	MetaCyc:CPD-689@Charged;ChEBI:58537@Charged	MetaCyc:CPD-689@Charged;ChEBI:58537@Charged	MetaCyc:CPD-689@Charged;ChEBI:58537@Charged	KEGG:C06504	KEGG:C06504	GC	MetaCyc:CPD-689@Charged	MetaCyc:CPD-689@Charged	
cpd03915	MetaCyc:CPD-694@Charged	MetaCyc:CPD-694@Charged	MetaCyc:CPD-694@Charged	MetaCyc:CPD-694@Charged	KEGG:C06505	KEGG:C06505	GC	MetaCyc:CPD-694@Charged	MetaCyc:CPD-694@Charged	
cpd03916	KEGG:C06506@Charged	KEGG:C06506@Charged	KEGG:C06506@Charged	KEGG:C06506@Charged	KEGG:C06506	KEGG:C06506	GC	KEGG:C06506@Charged	KEGG:C06506@Charged	
cpd03917	MetaCyc:CPD-691;ChEBI:58504	MetaCyc:CPD-691;ChEBI:58504	MetaCyc:CPD-691;ChEBI:58504	MetaCyc:CPD-691;ChEBI:58504	KEGG:C06507	KEGG:C06507	GC	MetaCyc:CPD-691@Charged	MetaCyc:CPD-691@Charged	
cpd03918	MetaCyc:ADENOSYLCOBINAMIDE;ChEBI:2480	MetaCyc:ADENOSYLCOBINAMIDE;ChEBI:2480	MetaCyc:ADENOSYLCOBINAMIDE;ChEBI:2480	MetaCyc:ADENOSYLCOBINAMIDE;ChEBI:2480	KEGG:C06508	KEGG:C06508	GC	MetaCyc:ADENOSYLCOBINAMIDE@Charged	MetaCyc:ADENOSYLCOBINAMIDE@Charged	
cpd03919	MetaCyc:ADENOSYLCOBINAMIDE-P;ChEBI:58502	MetaCyc:ADENOSYLCOBINAMIDE-P;ChEBI:58502	MetaCyc:ADENOSYLCOBINAMIDE-P;ChEBI:58502	MetaCyc:ADENOSYLCOBINAMIDE-P;ChEBI:58502	KEGG:C06509	KEGG:C06509	GC	MetaCyc:ADENOSYLCOBINAMIDE-P@Charged	MetaCyc:ADENOSYLCOBINAMIDE-P@Charged	
cpd03920	MetaCyc:ADENOSYLCOBINAMIDE-GDP;ChEBI:60487	MetaCyc:ADENOSYLCOBINAMIDE-GDP;ChEBI:60487	MetaCyc:ADENOSYLCOBINAMIDE-GDP;ChEBI:60487	MetaCyc:ADENOSYLCOBINAMIDE-GDP;ChEBI:60487	KEGG:C06510	KEGG:C06510	GC	MetaCyc:ADENOSYLCOBINAMIDE-GDP@Charged	MetaCyc:ADENOSYLCOBINAMIDE-GDP@Charged	
cpd03921	MetaCyc:CPD-8925;KEGG:C06511@Charged	MetaCyc:CPD-8925;KEGG:C06511@Charged	MetaCyc:CPD-8925;KEGG:C06511@Charged	MetaCyc:CPD-8925;KEGG:C06511@Charged	KEGG:C06511	KEGG:C06511	EQ	eQuilibrator:MNXM7408	MetaCyc:CPD-8925@Charged	eQuilibrator:MNXM7408
cpd03922	KEGG:C06512@Charged	KEGG:C06512@Charged	KEGG:C06512@Charged	KEGG:C06512@Charged	KEGG:C06512	KEGG:C06512	EQ	eQuilibrator:MNXM9741	KEGG:C06512@Charged	eQuilibrator:MNXM9741
cpd03923	KEGG:C06513@Charged	KEGG:C06513@Charged	KEGG:C06513@Charged	KEGG:C06513@Charged	KEGG:C06513	KEGG:C06513	GC	KEGG:C06513@Charged	KEGG:C06513@Charged	
cpd03924	KEGG:C06514@Charged	KEGG:C06514@Charged	KEGG:C06514@Charged	KEGG:C06514@Charged	KEGG:C06514	KEGG:C06514	GC	KEGG:C06514@Charged	KEGG:C06514@Charged	
cpd03925	KEGG:C06515@Charged	KEGG:C06515@Charged	KEGG:C06515@Charged	KEGG:C06515@Charged	KEGG:C06515	KEGG:C06515	EQ	eQuilibrator:MNXM60961	KEGG:C06515@Charged	eQuilibrator:MNXM60961
cpd03926	MetaCyc:CPD-19605;KEGG:C06516@Charged	MetaCyc:CPD-19605;KEGG:C06516@Charged	MetaCyc:CPD-19605;KEGG:C06516@Charged	MetaCyc:CPD-19605;KEGG:C06516@Charged	KEGG:C06516	KEGG:C06516	EQ	eQuilibrator:MNXM5391	MetaCyc:CPD-19605@Charged	eQuilibrator:MNXM5391
cpd03927	KEGG:C06517@Charged	KEGG:C06517@Charged	KEGG:C06517@Charged	KEGG:C06517@Charged	KEGG:C06517	KEGG:C06517	GC	KEGG:C06517@Charged	KEGG:C06517@Charged	
cpd03928	MetaCyc:CPD-15799;ChEBI:143273	MetaCyc:CPD-15799;ChEBI:143273	MetaCyc:CPD-15799;ChEBI:143273	MetaCyc:CPD-15799;ChEBI:143273	KEGG:C06518	KEGG:C06518	EQ		MetaCyc:CPD-15799@Charged	
cpd03929										
cpd03930	KEGG:C06520@Charged	KEGG:C06520@Charged	KEGG:C06520@Charged	KEGG:C06520@Charged	KEGG:C06520	KEGG:C06520	GC	KEGG:C06520@Charged	KEGG:C06520@Charged	
cpd03931	KEGG:C06521@Charged	KEGG:C06521@Charged	KEGG:C06521@Charged	KEGG:C06521@Charged	KEGG:C06521	KEGG:C06521	GC	KEGG:C06521@Charged	KEGG:C06521@Charged	
cpd03932	MetaCyc:CPD-21554;KEGG:C06522@Charged	MetaCyc:CPD-21554;KEGG:C06522@Charged	MetaCyc:CPD-21554;KEGG:C06522@Charged	MetaCyc:CPD-21554;KEGG:C06522@Charged	KEGG:C06522	KEGG:C06522	GC	KEGG:C06522@Charged	KEGG:C06522@Charged	
cpd03933	KEGG:C06523@Charged	KEGG:C06523@Charged	KEGG:C06523@Charged	KEGG:C06523@Charged		KEGG:C06523	EQ	eQuilibrator:MNXM6484	KEGG:C06523@Charged	eQuilibrator:MNXM6484
cpd03934	MetaCyc:CPD-2748	MetaCyc:CPD-2748	MetaCyc:CPD-2748	MetaCyc:CPD-2748		KEGG:C06524	EQ	eQuilibrator:MNXM5855	MetaCyc:CPD-2748@Charged	eQuilibrator:MNXM5855
cpd03935	KEGG:C06525	KEGG:C06525	KEGG:C06525	KEGG:C06525		KEGG:C06525	EQ	eQuilibrator:MNXM54885	KEGG:C06525@Charged	eQuilibrator:MNXM54885
cpd03936	MetaCyc:QUININE;ChEBI:137041	MetaCyc:QUININE;ChEBI:137041	MetaCyc:QUININE;ChEBI:137041	MetaCyc:QUININE;ChEBI:137041	KEGG:C06526	KEGG:C06526	GC	MetaCyc:QUININE@Charged	MetaCyc:QUININE@Charged	eQuilibrator:MNXM2862
cpd03937	MetaCyc:CPD-9846	MetaCyc:CPD-9846	MetaCyc:CPD-9846	MetaCyc:CPD-9846	KEGG:C06527	KEGG:C06527	GC	MetaCyc:CPD-9846@Charged	MetaCyc:CPD-9846@Charged	
cpd03938	MetaCyc:CPD-9847	MetaCyc:CPD-9847	MetaCyc:CPD-9847	MetaCyc:CPD-9847	KEGG:C06528	KEGG:C06528	GC	MetaCyc:CPD-9847@Charged	MetaCyc:CPD-9847@Charged	
cpd03939	KEGG:C06530@Charged	KEGG:C06530@Charged	KEGG:C06530@Charged	KEGG:C06530@Charged	KEGG:C06530	KEGG:C06530	GC	KEGG:C06530@Charged	KEGG:C06530@Charged	
cpd03940	KEGG:C06531@Charged	KEGG:C06531@Charged	KEGG:C06531@Charged	KEGG:C06531@Charged	KEGG:C06531	KEGG:C06531	GC	KEGG:C06531@Charged	KEGG:C06531@Charged	
cpd03941	KEGG:C06532@Charged	KEGG:C06532@Charged	KEGG:C06532@Charged	KEGG:C06532@Charged		KEGG:C06532	GC	KEGG:C06532@Charged	KEGG:C06532@Charged	
cpd03942	MetaCyc:CPD-15742;KEGG:C06533	MetaCyc:CPD-15742;KEGG:C06533	MetaCyc:CPD-15742;KEGG:C06533	MetaCyc:CPD-15742;KEGG:C06533		KEGG:C06533	EQ	eQuilibrator:MNXM12584	KEGG:C06533@Charged	eQuilibrator:MNXM12584
cpd03943	MetaCyc:CPD-23273@Charged;KEGG:C06534@Charged	MetaCyc:CPD-23273@Charged;KEGG:C06534@Charged	MetaCyc:CPD-23273@Charged;KEGG:C06534@Charged	MetaCyc:CPD-23273@Charged;KEGG:C06534@Charged		KEGG:C06534	GC	KEGG:C06534@Charged	KEGG:C06534@Charged	
cpd03944	MetaCyc:CPD-12048;KEGG:C06535	MetaCyc:CPD-12048;KEGG:C06535	MetaCyc:CPD-12048;KEGG:C06535	MetaCyc:CPD-12048;KEGG:C06535	KEGG:C06535	KEGG:C06535	GC	KEGG:C06535@Charged	KEGG:C06535@Charged	
cpd03945	MetaCyc:CPD-9939@Charged;KEGG:C06536@Charged	MetaCyc:CPD-9939@Charged;KEGG:C06536@Charged	MetaCyc:CPD-9939@Charged;KEGG:C06536@Charged	MetaCyc:CPD-9939@Charged;KEGG:C06536@Charged	KEGG:C06536	KEGG:C06536	EQ	eQuilibrator:MNXM4609	KEGG:C06536@Charged	eQuilibrator:MNXM4609
cpd03946	MetaCyc:CPD-9938@Charged;KEGG:C06537@Charged	MetaCyc:CPD-9938@Charged;KEGG:C06537@Charged	MetaCyc:CPD-9938@Charged;KEGG:C06537@Charged	MetaCyc:CPD-9938@Charged;KEGG:C06537@Charged	KEGG:C06537	KEGG:C06537	EQ	eQuilibrator:MNXM8697	KEGG:C06537@Charged	eQuilibrator:MNXM8697
cpd03947	MetaCyc:CPD-9940;KEGG:C06538	MetaCyc:CPD-9940;KEGG:C06538	MetaCyc:CPD-9940;KEGG:C06538	MetaCyc:CPD-9940;KEGG:C06538	KEGG:C06538	KEGG:C06538	EQ	eQuilibrator:MNXM7410	KEGG:C06538@Charged	eQuilibrator:MNXM7410
cpd03948	MetaCyc:CPD-21281@Charged;KEGG:C06539@Charged	MetaCyc:CPD-21281@Charged;KEGG:C06539@Charged	MetaCyc:CPD-21281@Charged;KEGG:C06539@Charged	MetaCyc:CPD-21281@Charged;KEGG:C06539@Charged	KEGG:C06539	KEGG:C06539	GC	KEGG:C06539@Charged	KEGG:C06539@Charged	eQuilibrator:MNXM80690
cpd03949	KEGG:C06540@Charged	KEGG:C06540@Charged	KEGG:C06540@Charged	KEGG:C06540@Charged	KEGG:C06540	KEGG:C06540	GC	KEGG:C06540@Charged	KEGG:C06540@Charged	eQuilibrator:MNXM80687
cpd03950	KEGG:C06541@Charged	KEGG:C06541@Charged	KEGG:C06541@Charged	KEGG:C06541@Charged	KEGG:C06541	KEGG:C06541	GC	KEGG:C06541@Charged	KEGG:C06541@Charged	eQuilibrator:MNXM49168
cpd03951	MetaCyc:CPD-4242@Charged	MetaCyc:CPD-4242@Charged	MetaCyc:CPD-4242@Charged	MetaCyc:CPD-4242@Charged	KEGG:C06542	KEGG:C06542	GC	MetaCyc:CPD-4242@Charged	MetaCyc:CPD-4242@Charged	
cpd03952	MetaCyc:CPD-9217;KEGG:C06543@Charged;ChEBI:166996	MetaCyc:CPD-9217;KEGG:C06543@Charged;ChEBI:166996	MetaCyc:CPD-9217;KEGG:C06543@Charged;ChEBI:166996	MetaCyc:CPD-9217;KEGG:C06543@Charged;ChEBI:166996	KEGG:C06543	KEGG:C06543	GC	MetaCyc:CPD-9217@Charged	MetaCyc:CPD-9217@Charged	eQuilibrator:MNXM7774
cpd03953	KEGG:C06544@Charged	KEGG:C06544@Charged	KEGG:C06544@Charged	KEGG:C06544@Charged	KEGG:C06544	KEGG:C06544	GC	KEGG:C06544@Charged	KEGG:C06544@Charged	
cpd03954	KEGG:C06545@Charged	KEGG:C06545@Charged	KEGG:C06545@Charged	KEGG:C06545@Charged		KEGG:C06545	GC	KEGG:C06545@Charged	KEGG:C06545@Charged	
cpd03955	KEGG:C06546@Charged	KEGG:C06546@Charged	KEGG:C06546@Charged	KEGG:C06546@Charged		KEGG:C06546	EQ	eQuilibrator:MNXM12238	KEGG:C06546@Charged	eQuilibrator:MNXM12238
cpd03956	MetaCyc:ETHYLENE-CMPD;KEGG:C06547;ChEBI:18153	MetaCyc:ETHYLENE-CMPD;KEGG:C06547;ChEBI:18153	MetaCyc:ETHYLENE-CMPD;KEGG:C06547;ChEBI:18153	MetaCyc:ETHYLENE-CMPD;KEGG:C06547;ChEBI:18153			EQ	eQuilibrator:MNXM977	KEGG:C06547@Charged	eQuilibrator:MNXM977
cpd03957	MetaCyc:CPD-19003;KEGG:C06548	MetaCyc:CPD-19003;KEGG:C06548	MetaCyc:CPD-19003;KEGG:C06548	MetaCyc:CPD-19003;KEGG:C06548		KEGG:C06548	EQ	eQuilibrator:MNXM2550	MetaCyc:CPD-19003@Charged	eQuilibrator:MNXM2550
cpd03958	MetaCyc:CPD-762;KEGG:C06550@Charged	MetaCyc:CPD-762;KEGG:C06550@Charged	MetaCyc:CPD-762;KEGG:C06550@Charged	MetaCyc:CPD-762;KEGG:C06550@Charged	KEGG:C06550		GC	KEGG:C06550@Charged	KEGG:C06550@Charged	
cpd03959	MetaCyc:ATRAZINE;KEGG:C06551;ChEBI:15930	MetaCyc:ATRAZINE;KEGG:C06551;ChEBI:15930	MetaCyc:ATRAZINE;KEGG:C06551;ChEBI:15930	MetaCyc:ATRAZINE;KEGG:C06551;ChEBI:15930	KEGG:C06551	KEGG:C06551	GC	KEGG:C06551@Charged	KEGG:C06551@Charged	eQuilibrator:MNXM2101
cpd03960	MetaCyc:HYDROXYATRAZINE;KEGG:C06552;ChEBI:18316	MetaCyc:HYDROXYATRAZINE;KEGG:C06552;ChEBI:18316	MetaCyc:HYDROXYATRAZINE;KEGG:C06552;ChEBI:18316	MetaCyc:HYDROXYATRAZINE@Charged;KEGG:C06552@Charged;ChEBI:18316@Charged	KEGG:C06552	KEGG:C06552	GC	KEGG:C06552@Charged	KEGG:C06552@Charged	eQuilibrator:MNXM1528
cpd03961	MetaCyc:N-ISOPROPYLAMMELIDE;KEGG:C06553;ChEBI:17247	MetaCyc:N-ISOPROPYLAMMELIDE;KEGG:C06553;ChEBI:17247	MetaCyc:N-ISOPROPYLAMMELIDE;KEGG:C06553;ChEBI:17247	MetaCyc:N-ISOPROPYLAMMELIDE@Charged;KEGG:C06553@Charged;ChEBI:17247@Charged	KEGG:C06553	KEGG:C06553	GC	KEGG:C06553@Charged	KEGG:C06553@Charged	eQuilibrator:MNXM1761
cpd03962	MetaCyc:CYANURIC-ACID;KEGG:C06554;ChEBI:38028@Original	MetaCyc:CYANURIC-ACID;KEGG:C06554;ChEBI:38028@Original	MetaCyc:CYANURIC-ACID;KEGG:C06554;ChEBI:38028@Original	MetaCyc:CYANURIC-ACID;KEGG:C06554;ChEBI:38028@Original	KEGG:C06554	KEGG:C06554	EQ	eQuilibrator:MNXM1147	MetaCyc:CYANURIC-ACID@Charged	eQuilibrator:MNXM1147
cpd03963	MetaCyc:CPD-809;KEGG:C06555;ChEBI:18138	MetaCyc:CPD-809;KEGG:C06555;ChEBI:18138	MetaCyc:CPD-809;KEGG:C06555;ChEBI:18138	MetaCyc:CPD-809;KEGG:C06555;ChEBI:18138	KEGG:C06555	KEGG:C06555	EQ	eQuilibrator:MNXM1545	MetaCyc:CPD-809@Charged	eQuilibrator:MNXM1545
cpd03964	MetaCyc:CPD-805;KEGG:C06556	MetaCyc:CPD-805;KEGG:C06556	MetaCyc:CPD-805;KEGG:C06556	MetaCyc:CPD-805;KEGG:C06556	KEGG:C06556	KEGG:C06556	GC	KEGG:C06556@Charged	KEGG:C06556@Charged	eQuilibrator:MNXM3579
cpd03965	MetaCyc:CPD-806;KEGG:C06557	MetaCyc:CPD-806;KEGG:C06557	MetaCyc:CPD-806;KEGG:C06557	MetaCyc:CPD-806@Charged;KEGG:C06557@Charged	KEGG:C06557	KEGG:C06557	GC	MetaCyc:CPD-806@Charged	MetaCyc:CPD-806@Charged	eQuilibrator:MNXM4358
cpd03966	MetaCyc:CPD-807;KEGG:C06558	MetaCyc:CPD-807;KEGG:C06558	MetaCyc:CPD-807;KEGG:C06558	MetaCyc:CPD-807@Charged;KEGG:C06558@Charged	KEGG:C06558	KEGG:C06558	GC	MetaCyc:CPD-807@Charged	MetaCyc:CPD-807@Charged	eQuilibrator:MNXM63744
cpd03967	MetaCyc:CPD-801;KEGG:C06559	MetaCyc:CPD-801;KEGG:C06559	MetaCyc:CPD-801;KEGG:C06559	MetaCyc:CPD-801;KEGG:C06559	KEGG:C06559	KEGG:C06559	GC	KEGG:C06559@Charged	KEGG:C06559@Charged	eQuilibrator:MNXM5709
cpd03968	MetaCyc:CPD-9356;KEGG:C06560	MetaCyc:CPD-9356;KEGG:C06560	MetaCyc:CPD-9356;KEGG:C06560	MetaCyc:CPD-9356;KEGG:C06560	KEGG:C06560	KEGG:C06560	GC	MetaCyc:CPD-9356@Charged	MetaCyc:CPD-9356@Charged	eQuilibrator:MNXM5564
cpd03969	MetaCyc:APIGENIN;KEGG:C06561;ChEBI:77645@Charged	MetaCyc:APIGENIN;KEGG:C06561;ChEBI:77645@Charged	MetaCyc:APIGENIN;KEGG:C06561;ChEBI:77645@Charged	MetaCyc:APIGENIN;KEGG:C06561;ChEBI:77645@Charged	KEGG:C06561	KEGG:C06561	GC	KEGG:C06561@Charged	KEGG:C06561@Charged	
cpd03970	MetaCyc:CPD-1961;KEGG:C06562;ChEBI:15600	MetaCyc:CPD-1961;KEGG:C06562;ChEBI:15600	MetaCyc:CPD-1961;KEGG:C06562;ChEBI:15600	MetaCyc:CPD-1961;KEGG:C06562;ChEBI:15600	KEGG:C06562	KEGG:C06562	EQ	eQuilibrator:MNXM3385	KEGG:C06562@Charged	eQuilibrator:MNXM3385
cpd03971	MetaCyc:CPD-3141;KEGG:C06563@Charged;ChEBI:74224	MetaCyc:CPD-3141;KEGG:C06563@Charged;ChEBI:74224	MetaCyc:CPD-3141;KEGG:C06563@Charged;ChEBI:74224	MetaCyc:CPD-3141;KEGG:C06563@Charged;ChEBI:74224	KEGG:C06563	KEGG:C06563	GC	MetaCyc:CPD-3141@Charged	MetaCyc:CPD-3141@Charged	eQuilibrator:MNXM1476
cpd03972	MetaCyc:PENICILLIN-N;KEGG:C06564@Charged;ChEBI:58408	MetaCyc:PENICILLIN-N;KEGG:C06564@Charged;ChEBI:58408	MetaCyc:PENICILLIN-N;KEGG:C06564@Charged;ChEBI:58408	MetaCyc:PENICILLIN-N;KEGG:C06564@Charged;ChEBI:58408	KEGG:C06564	KEGG:C06564	GC	MetaCyc:PENICILLIN-N@Charged	MetaCyc:PENICILLIN-N@Charged	eQuilibrator:MNXM2027
cpd03973	MetaCyc:DEACETOXYCEPHALOSPORIN-C;KEGG:C06565@Charged;ChEBI:58415	MetaCyc:DEACETOXYCEPHALOSPORIN-C;KEGG:C06565@Charged;ChEBI:58415	MetaCyc:DEACETOXYCEPHALOSPORIN-C;KEGG:C06565@Charged;ChEBI:58415	MetaCyc:DEACETOXYCEPHALOSPORIN-C;KEGG:C06565@Charged;ChEBI:58415	KEGG:C06565	KEGG:C06565	GC	MetaCyc:DEACETOXYCEPHALOSPORIN-C@Charged	MetaCyc:DEACETOXYCEPHALOSPORIN-C@Charged	eQuilibrator:MNXM2012
cpd03974	MetaCyc:CPD-9123;KEGG:C06566@Charged	MetaCyc:CPD-9123;KEGG:C06566@Charged	MetaCyc:CPD-9123;KEGG:C06566@Charged	MetaCyc:CPD-9123;KEGG:C06566@Charged	KEGG:C06566	KEGG:C06566	GC	KEGG:C06566@Charged	KEGG:C06566@Charged	eQuilibrator:MNXM8386
cpd03975	MetaCyc:CPD-9124;KEGG:C06568@Charged	MetaCyc:CPD-9124;KEGG:C06568@Charged	MetaCyc:CPD-9124;KEGG:C06568@Charged	MetaCyc:CPD-9124;KEGG:C06568@Charged	KEGG:C06568	KEGG:C06568	GC	KEGG:C06568@Charged	KEGG:C06568@Charged	eQuilibrator:MNXM5246
cpd03976	MetaCyc:CPD-9125;KEGG:C06569@Charged	MetaCyc:CPD-9125;KEGG:C06569@Charged	MetaCyc:CPD-9125;KEGG:C06569@Charged	MetaCyc:CPD-9125;KEGG:C06569@Charged	KEGG:C06569	KEGG:C06569	GC	MetaCyc:CPD-9125@Charged	MetaCyc:CPD-9125@Charged	eQuilibrator:MNXM5030
cpd03977	MetaCyc:CPD0-1414;KEGG:C06570;ChEBI:77932	MetaCyc:CPD0-1414;KEGG:C06570;ChEBI:77932	MetaCyc:CPD0-1414;KEGG:C06570;ChEBI:77932	MetaCyc:CPD0-1414;KEGG:C06570@Charged;ChEBI:77932	KEGG:C06570	KEGG:C06570	GC	MetaCyc:CPD0-1414@Charged	MetaCyc:CPD0-1414@Charged	
cpd03978	MetaCyc:CPD-19258;ChEBI:133598	MetaCyc:CPD-19258;ChEBI:133598	MetaCyc:CPD-19258;ChEBI:133598	MetaCyc:CPD-19258@Charged;ChEBI:133598@Charged	KEGG:C06571	KEGG:C06571	GC	MetaCyc:CPD-19258@Charged	MetaCyc:CPD-19258@Charged	
cpd03979	KEGG:C06572	KEGG:C06572	KEGG:C06572	KEGG:C06572@Charged	KEGG:C06572	KEGG:C06572	EQ	eQuilibrator:MNXM65069	KEGG:C06572@Charged	eQuilibrator:MNXM65069
cpd03980	MetaCyc:CPD-17211;KEGG:C06573	MetaCyc:CPD-17211;KEGG:C06573	MetaCyc:CPD-17211;KEGG:C06573	MetaCyc:CPD-17211;KEGG:C06573@Charged	KEGG:C06573	KEGG:C06573	GC	MetaCyc:CPD-17211@Charged	MetaCyc:CPD-17211@Charged	eQuilibrator:MNXM41978
cpd03981	MetaCyc:CPD-9195;KEGG:C06574	MetaCyc:CPD-9195;KEGG:C06574	MetaCyc:CPD-9195;KEGG:C06574	MetaCyc:CPD-9195;KEGG:C06574@Charged	KEGG:C06574	KEGG:C06574	GC	KEGG:C06574@Charged	KEGG:C06574@Charged	eQuilibrator:MNXM152246
cpd03982	MetaCyc:CPD-1001;KEGG:C06575;ChEBI:28768	MetaCyc:CPD-1001;KEGG:C06575;ChEBI:28768	MetaCyc:CPD-1001;KEGG:C06575;ChEBI:28768	MetaCyc:CPD-1001;KEGG:C06575;ChEBI:28768			EQ	eQuilibrator:MNXM8981	KEGG:C06575@Charged	eQuilibrator:MNXM8981
cpd03983	MetaCyc:CPD-1002;KEGG:C06576;ChEBI:27628	MetaCyc:CPD-1002;KEGG:C06576;ChEBI:27628	MetaCyc:CPD-1002;KEGG:C06576;ChEBI:27628	MetaCyc:CPD-1002;KEGG:C06576;ChEBI:27628	KEGG:C06576	KEGG:C06576	EQ	eQuilibrator:MNXM5878	MetaCyc:CPD-1002@Charged	eQuilibrator:MNXM5878
cpd03984	MetaCyc:CPD-1003;KEGG:C06577	MetaCyc:CPD-1003;KEGG:C06577	MetaCyc:CPD-1003;KEGG:C06577	MetaCyc:CPD-1003;KEGG:C06577		KEGG:C06577	EQ	eQuilibrator:MNXM5879	MetaCyc:CPD-1003@Charged	eQuilibrator:MNXM5879
cpd03985	MetaCyc:CPD-1004;KEGG:C06578@Charged;ChEBI:25822	MetaCyc:CPD-1004;KEGG:C06578@Charged;ChEBI:25822	MetaCyc:CPD-1004;KEGG:C06578@Charged;ChEBI:25822	MetaCyc:CPD-1004;KEGG:C06578@Charged;ChEBI:25822	KEGG:C06578		EQ	eQuilibrator:MNXM4764	KEGG:C06578@Charged	eQuilibrator:MNXM4764
cpd03986	MetaCyc:CPD-1005;KEGG:C06579@Charged;ChEBI:58420	MetaCyc:CPD-1005;KEGG:C06579@Charged;ChEBI:58420	MetaCyc:CPD-1005;KEGG:C06579@Charged;ChEBI:58420	MetaCyc:CPD-1005;KEGG:C06579@Charged;ChEBI:58420	KEGG:C06579	KEGG:C06579	EQ	eQuilibrator:MNXM2354	KEGG:C06579@Charged	eQuilibrator:MNXM2354
cpd03987	MetaCyc:CPD-1006;KEGG:C06580@Charged;ChEBI:36647	MetaCyc:CPD-1006;KEGG:C06580@Charged;ChEBI:36647	MetaCyc:CPD-1006;KEGG:C06580@Charged;ChEBI:36647	MetaCyc:CPD-1006;KEGG:C06580@Charged;ChEBI:36647	KEGG:C06580	KEGG:C06580	EQ	eQuilibrator:MNXM2316	MetaCyc:CPD-1006@Charged	eQuilibrator:MNXM2316
cpd03988	MetaCyc:CPD-1007@Charged;KEGG:C06581@Charged;ChEBI:28977@Charged	MetaCyc:CPD-1007@Charged;KEGG:C06581@Charged;ChEBI:28977@Charged	MetaCyc:CPD-1007@Charged;KEGG:C06581@Charged;ChEBI:28977@Charged	MetaCyc:CPD-1007@Charged;KEGG:C06581@Charged;ChEBI:28977@Charged	KEGG:C06581	KEGG:C06581	GC	MetaCyc:CPD-1007@Charged	MetaCyc:CPD-1007@Charged	
cpd03989	MetaCyc:CPD-1008@Charged;KEGG:C06582@Charged	MetaCyc:CPD-1008@Charged;KEGG:C06582@Charged	MetaCyc:CPD-1008@Charged;KEGG:C06582@Charged	MetaCyc:CPD-1008@Charged;KEGG:C06582@Charged	KEGG:C06582	KEGG:C06582	EQ		MetaCyc:CPD-1008@Charged	
cpd03990	KEGG:C06584	KEGG:C06584	KEGG:C06584	KEGG:C06584			EQ	eQuilibrator:MNXM6875	KEGG:C06584@Charged	eQuilibrator:MNXM6875
cpd03991	KEGG:C06585	KEGG:C06585	KEGG:C06585	KEGG:C06585	KEGG:C06585	KEGG:C06585	EQ	eQuilibrator:MNXM5360	KEGG:C06585@Charged	eQuilibrator:MNXM5360
cpd03992	KEGG:C06586	KEGG:C06586	KEGG:C06586	KEGG:C06586	KEGG:C06586	KEGG:C06586	EQ	eQuilibrator:MNXM6854	KEGG:C06586@Charged	eQuilibrator:MNXM6854
cpd03993	KEGG:C06587@Charged	KEGG:C06587@Charged	KEGG:C06587@Charged	KEGG:C06587@Charged	KEGG:C06587	KEGG:C06587	EQ		KEGG:C06587@Charged	
cpd03994	MetaCyc:BIPHENYL;KEGG:C06588;ChEBI:17097	MetaCyc:BIPHENYL;KEGG:C06588;ChEBI:17097	MetaCyc:BIPHENYL;KEGG:C06588;ChEBI:17097	MetaCyc:BIPHENYL;KEGG:C06588;ChEBI:17097			EQ	eQuilibrator:MNXM2809	MetaCyc:BIPHENYL@Charged	eQuilibrator:MNXM2809
cpd03995	MetaCyc:CIS-3-PHENYLCYCLOHEXA-35-DIENE-12-DIOL;KEGG:C06589;ChEBI:32922	MetaCyc:CIS-3-PHENYLCYCLOHEXA-35-DIENE-12-DIOL;KEGG:C06589;ChEBI:32922	MetaCyc:CIS-3-PHENYLCYCLOHEXA-35-DIENE-12-DIOL;KEGG:C06589;ChEBI:32922	MetaCyc:CIS-3-PHENYLCYCLOHEXA-35-DIENE-12-DIOL;KEGG:C06589;ChEBI:32922	KEGG:C06589	KEGG:C06589	EQ	eQuilibrator:MNXM2294	KEGG:C06589@Charged	eQuilibrator:MNXM2294
cpd03996	KEGG:C06592@Charged	KEGG:C06592@Charged		KEGG:C06592@Charged	KEGG:C06592	KEGG:C06592	GC	KEGG:C06592@Charged	KEGG:C06592@Charged	
cpd03997	MetaCyc:CPD-883;KEGG:C06593	MetaCyc:CPD-883;KEGG:C06593	MetaCyc:CPD-883;KEGG:C06593	MetaCyc:CPD-883;KEGG:C06593	KEGG:C06593	KEGG:C06593	EQ	eQuilibrator:MNXM8579	MetaCyc:CPD-883@Charged	eQuilibrator:MNXM8579
cpd03998	MetaCyc:124-TCB;KEGG:C06594;ChEBI:28222	MetaCyc:124-TCB;KEGG:C06594;ChEBI:28222	MetaCyc:124-TCB;KEGG:C06594;ChEBI:28222	MetaCyc:124-TCB;KEGG:C06594;ChEBI:28222			EQ	eQuilibrator:MNXM4214	KEGG:C06594@Charged	eQuilibrator:MNXM4214
cpd03999	MetaCyc:CPD-21372;KEGG:C07075;ChEBI:32888	MetaCyc:CPD-21372;KEGG:C07075;ChEBI:32888	MetaCyc:CPD-21372;KEGG:C07075;ChEBI:32888	MetaCyc:CPD-21372;KEGG:C07075;ChEBI:32888			GC	KEGG:C07075@Charged	KEGG:C07075@Charged	
