id	formula_src	charge_src	inchikey_src	smiles_src	pka_src	pkb_src	deltag_method	deltag_used_src	deltag_gc_src	deltag_eq_src
cpd35000	MetaCyc:CPD-18015	MetaCyc:CPD-18015	MetaCyc:CPD-18015	MetaCyc:CPD-18015	MetaCyc:CPD-18015	MetaCyc:CPD-18015	EQ	eQuilibrator:MNXM151392	MetaCyc:CPD-18015@Charged	eQuilibrator:MNXM151392
cpd35001	MetaCyc:CPD-18937@Charged	MetaCyc:CPD-18937@Charged	MetaCyc:CPD-18937@Charged	MetaCyc:CPD-18937@Charged	MetaCyc:CPD-18937	MetaCyc:CPD-18937	EQ		MetaCyc:CPD-18937@Charged	
cpd35002	MetaCyc:CPD-21510@Charged	MetaCyc:CPD-21510@Charged	MetaCyc:CPD-21510@Charged	MetaCyc:CPD-21510@Charged	MetaCyc:CPD-21510	MetaCyc:CPD-21510	GC	MetaCyc:CPD-21510@Charged	MetaCyc:CPD-21510@Charged	
cpd35003	MetaCyc:CPD-21474	MetaCyc:CPD-21474	MetaCyc:CPD-21474	MetaCyc:CPD-21474	MetaCyc:CPD-21474	MetaCyc:CPD-21474	GC	MetaCyc:CPD-21474@Charged	MetaCyc:CPD-21474@Charged	
cpd35004	MetaCyc:CPD-20435	MetaCyc:CPD-20435	MetaCyc:CPD-20435	MetaCyc:CPD-20435	MetaCyc:CPD-20435	MetaCyc:CPD-20435	GC	MetaCyc:CPD-20435@Charged	MetaCyc:CPD-20435@Charged	
cpd35005	MetaCyc:CPD-19921@Charged	MetaCyc:CPD-19921@Charged	MetaCyc:CPD-19921@Charged	MetaCyc:CPD-19921@Charged	MetaCyc:CPD-19921	MetaCyc:CPD-19921	GC	MetaCyc:CPD-19921@Charged	MetaCyc:CPD-19921@Charged	
cpd35006	MetaCyc:CPD-17749	MetaCyc:CPD-17749	MetaCyc:CPD-17749	MetaCyc:CPD-17749	MetaCyc:CPD-17749	MetaCyc:CPD-17749	GC	MetaCyc:CPD-17749@Charged	MetaCyc:CPD-17749@Charged	eQuilibrator:MNXM152755
cpd35007	MetaCyc:CPD-19411	MetaCyc:CPD-19411	MetaCyc:CPD-19411	MetaCyc:CPD-19411	MetaCyc:CPD-19411	MetaCyc:CPD-19411	EQ	eQuilibrator:MNXM165279	MetaCyc:CPD-19411@Charged	eQuilibrator:MNXM165279
cpd35008	MetaCyc:CPD-16582;ChEBI:78349	MetaCyc:CPD-16582;ChEBI:78349	MetaCyc:CPD-16582;ChEBI:78349	MetaCyc:CPD-16582;ChEBI:78349	MetaCyc:CPD-16582	MetaCyc:CPD-16582	GC	MetaCyc:CPD-16582@Charged	MetaCyc:CPD-16582@Charged	eQuilibrator:MNXM146109
cpd35009										
cpd35010	MetaCyc:CPD-20470	MetaCyc:CPD-20470	MetaCyc:CPD-20470	MetaCyc:CPD-20470	MetaCyc:CPD-20470	MetaCyc:CPD-20470	GC	MetaCyc:CPD-20470@Charged	MetaCyc:CPD-20470@Charged	
cpd35011	MetaCyc:CPD-16552	MetaCyc:CPD-16552	MetaCyc:CPD-16552	MetaCyc:CPD-16552			GC	MetaCyc:CPD-16552@Charged	MetaCyc:CPD-16552@Charged	
cpd35012	MetaCyc:CPD-15450@Charged	MetaCyc:CPD-15450@Charged	MetaCyc:CPD-15450@Charged	MetaCyc:CPD-15450@Charged	MetaCyc:CPD-15450	MetaCyc:CPD-15450	GC	MetaCyc:CPD-15450@Charged	MetaCyc:CPD-15450@Charged	
cpd35013	MetaCyc:CPD-15980	MetaCyc:CPD-15980	MetaCyc:CPD-15980	MetaCyc:CPD-15980	MetaCyc:CPD-15980	MetaCyc:CPD-15980	GC	MetaCyc:CPD-15980@Charged	MetaCyc:CPD-15980@Charged	
cpd35014	MetaCyc:CPD-14936@Charged	MetaCyc:CPD-14936@Charged	MetaCyc:CPD-14936@Charged	MetaCyc:CPD-14936@Charged	MetaCyc:CPD-14936	MetaCyc:CPD-14936	GC	MetaCyc:CPD-14936@Charged	MetaCyc:CPD-14936@Charged	
cpd35015	MetaCyc:CPD-15098	MetaCyc:CPD-15098	MetaCyc:CPD-15098	MetaCyc:CPD-15098	MetaCyc:CPD-15098	MetaCyc:CPD-15098	EQ	eQuilibrator:MNXM145520	MetaCyc:CPD-15098@Charged	eQuilibrator:MNXM145520
cpd35016	MetaCyc:CPD-20728@Charged	MetaCyc:CPD-20728@Charged	MetaCyc:CPD-20728@Charged	MetaCyc:CPD-20728@Charged	MetaCyc:CPD-20728	MetaCyc:CPD-20728	GC	MetaCyc:CPD-20728@Charged	MetaCyc:CPD-20728@Charged	
cpd35017	MetaCyc:CPD-17356;ChEBI:145682	MetaCyc:CPD-17356;ChEBI:145682	MetaCyc:CPD-17356;ChEBI:145682	MetaCyc:CPD-17356;ChEBI:145682	MetaCyc:CPD-17356	MetaCyc:CPD-17356	EQ	eQuilibrator:MNXM147863	MetaCyc:CPD-17356@Charged	eQuilibrator:MNXM147863
cpd35018	MetaCyc:CPD0-2595	MetaCyc:CPD0-2595	MetaCyc:CPD0-2595	MetaCyc:CPD0-2595	MetaCyc:CPD0-2595	MetaCyc:CPD0-2595				
cpd35019	MetaCyc:CPD-15238	MetaCyc:CPD-15238	MetaCyc:CPD-15238	MetaCyc:CPD-15238	MetaCyc:CPD-15238		GC	MetaCyc:CPD-15238@Charged	MetaCyc:CPD-15238@Charged	
cpd35020	MetaCyc:CPD-18364	MetaCyc:CPD-18364	MetaCyc:CPD-18364	MetaCyc:CPD-18364	MetaCyc:CPD-18364	MetaCyc:CPD-18364	GC	MetaCyc:CPD-18364@Charged	MetaCyc:CPD-18364@Charged	
cpd35021	MetaCyc:CPD-17723	MetaCyc:CPD-17723	MetaCyc:CPD-17723	MetaCyc:CPD-17723	MetaCyc:CPD-17723	MetaCyc:CPD-17723	EQ	eQuilibrator:MNXM147851	MetaCyc:CPD-17723@Charged	eQuilibrator:MNXM147851
cpd35022	MetaCyc:CPD-19460	MetaCyc:CPD-19460	MetaCyc:CPD-19460	MetaCyc:CPD-19460		MetaCyc:CPD-19460	EQ	eQuilibrator:MNXM66008	MetaCyc:CPD-19460@Charged	eQuilibrator:MNXM66008
cpd35023	MetaCyc:CPD-20811@Charged	MetaCyc:CPD-20811@Charged	MetaCyc:CPD-20811@Charged	MetaCyc:CPD-20811@Charged	MetaCyc:CPD-20811	MetaCyc:CPD-20811	GC	MetaCyc:CPD-20811@Charged	MetaCyc:CPD-20811@Charged	
cpd35024	MetaCyc:CPD-14701	MetaCyc:CPD-14701	MetaCyc:CPD-14701	MetaCyc:CPD-14701		MetaCyc:CPD-14701	EQ	eQuilibrator:MNXM101808	MetaCyc:CPD-14701@Charged	eQuilibrator:MNXM101808
cpd35025	MetaCyc:CPD-16016	MetaCyc:CPD-16016	MetaCyc:CPD-16016	MetaCyc:CPD-16016		MetaCyc:CPD-16016	GC	MetaCyc:CPD-16016@Charged	MetaCyc:CPD-16016@Charged	eQuilibrator:MNXM59726
cpd35026	MetaCyc:CPD-20874@Charged	MetaCyc:CPD-20874@Charged	MetaCyc:CPD-20874@Charged	MetaCyc:CPD-20874@Charged	MetaCyc:CPD-20874	MetaCyc:CPD-20874	GC	MetaCyc:CPD-20874@Charged	MetaCyc:CPD-20874@Charged	
cpd35027	MetaCyc:CPD-20747;ChEBI:20480	MetaCyc:CPD-20747;ChEBI:20480	MetaCyc:CPD-20747;ChEBI:20480	MetaCyc:CPD-20747;ChEBI:20480	MetaCyc:CPD-20747	MetaCyc:CPD-20747	GC	MetaCyc:CPD-20747@Charged	MetaCyc:CPD-20747@Charged	
cpd35028	MetaCyc:CPD-17066	MetaCyc:CPD-17066	MetaCyc:CPD-17066	MetaCyc:CPD-17066	MetaCyc:CPD-17066	MetaCyc:CPD-17066	GC	MetaCyc:CPD-17066@Charged	MetaCyc:CPD-17066@Charged	
cpd35029	MetaCyc:CPD-14858	MetaCyc:CPD-14858	MetaCyc:CPD-14858	MetaCyc:CPD-14858	MetaCyc:CPD-14858	MetaCyc:CPD-14858	GC	MetaCyc:CPD-14858@Charged	MetaCyc:CPD-14858@Charged	
cpd35030	MetaCyc:CPD-18739	MetaCyc:CPD-18739	MetaCyc:CPD-18739	MetaCyc:CPD-18739		MetaCyc:CPD-18739	EQ	eQuilibrator:MNXM51155	MetaCyc:CPD-18739@Charged	eQuilibrator:MNXM51155
cpd35031	MetaCyc:CPD-20477	MetaCyc:CPD-20477	MetaCyc:CPD-20477	MetaCyc:CPD-20477	MetaCyc:CPD-20477	MetaCyc:CPD-20477	GC	MetaCyc:CPD-20477@Charged	MetaCyc:CPD-20477@Charged	
cpd35032	MetaCyc:CPD-18598	MetaCyc:CPD-18598	MetaCyc:CPD-18598	MetaCyc:CPD-18598		MetaCyc:CPD-18598	GC	MetaCyc:CPD-18598@Charged	MetaCyc:CPD-18598@Charged	
cpd35033	MetaCyc:CPD-15284@Charged	MetaCyc:CPD-15284@Charged	MetaCyc:CPD-15284@Charged	MetaCyc:CPD-15284@Charged	MetaCyc:CPD-15284	MetaCyc:CPD-15284	GC	MetaCyc:CPD-15284@Charged	MetaCyc:CPD-15284@Charged	
cpd35034	MetaCyc:CPD-20207;ChEBI:138328	MetaCyc:CPD-20207;ChEBI:138328	MetaCyc:CPD-20207;ChEBI:138328	MetaCyc:CPD-20207;ChEBI:138328	MetaCyc:CPD-20207	MetaCyc:CPD-20207	GC	MetaCyc:CPD-20207@Charged	MetaCyc:CPD-20207@Charged	
cpd35035	MetaCyc:CPD-15585	MetaCyc:CPD-15585	MetaCyc:CPD-15585	MetaCyc:CPD-15585	MetaCyc:CPD-15585	MetaCyc:CPD-15585	EQ	eQuilibrator:MNXM61589	MetaCyc:CPD-15585@Charged	eQuilibrator:MNXM61589
cpd35036	MetaCyc:CPD-20989	MetaCyc:CPD-20989	MetaCyc:CPD-20989	MetaCyc:CPD-20989	MetaCyc:CPD-20989	MetaCyc:CPD-20989	GC	MetaCyc:CPD-20989@Charged	MetaCyc:CPD-20989@Charged	
cpd35037	MetaCyc:CPD-18586	MetaCyc:CPD-18586	MetaCyc:CPD-18586	MetaCyc:CPD-18586	MetaCyc:CPD-18586	MetaCyc:CPD-18586	EQ	eQuilibrator:MNXM164624	MetaCyc:CPD-18586@Charged	eQuilibrator:MNXM164624
cpd35038	MetaCyc:CPD-18744	MetaCyc:CPD-18744	MetaCyc:CPD-18744	MetaCyc:CPD-18744		MetaCyc:CPD-18744	EQ	eQuilibrator:MNXM484623	MetaCyc:CPD-18744@Charged	eQuilibrator:MNXM484623
cpd35039	MetaCyc:CPD-16519;ChEBI:78282	MetaCyc:CPD-16519;ChEBI:78282	MetaCyc:CPD-16519;ChEBI:78282	MetaCyc:CPD-16519;ChEBI:78282	MetaCyc:CPD-16519	MetaCyc:CPD-16519	EQ	eQuilibrator:MNXM145727	MetaCyc:CPD-16519@Charged	eQuilibrator:MNXM145727
cpd35040	MetaCyc:CPD-18928	MetaCyc:CPD-18928	MetaCyc:CPD-18928	MetaCyc:CPD-18928	MetaCyc:CPD-18928	MetaCyc:CPD-18928	EQ	eQuilibrator:MNXM167895	MetaCyc:CPD-18928@Charged	eQuilibrator:MNXM167895
cpd35041	MetaCyc:CPD-16941@Charged	MetaCyc:CPD-16941@Charged	MetaCyc:CPD-16941@Charged	MetaCyc:CPD-16941@Charged	MetaCyc:CPD-16941	MetaCyc:CPD-16941	EQ	eQuilibrator:MNXM148618	MetaCyc:CPD-16941@Charged	eQuilibrator:MNXM148618
cpd35042	MetaCyc:CPD-21336	MetaCyc:CPD-21336	MetaCyc:CPD-21336	MetaCyc:CPD-21336	MetaCyc:CPD-21336	MetaCyc:CPD-21336	GC	MetaCyc:CPD-21336@Charged	MetaCyc:CPD-21336@Charged	
cpd35043	MetaCyc:CPD-17478	MetaCyc:CPD-17478	MetaCyc:CPD-17478	MetaCyc:CPD-17478	MetaCyc:CPD-17478	MetaCyc:CPD-17478	GC	MetaCyc:CPD-17478@Charged	MetaCyc:CPD-17478@Charged	
cpd35044	MetaCyc:CPD-21190	MetaCyc:CPD-21190	MetaCyc:CPD-21190	MetaCyc:CPD-21190		MetaCyc:CPD-21190	GC	MetaCyc:CPD-21190@Charged	MetaCyc:CPD-21190@Charged	
cpd35045	MetaCyc:CPD-19242@Charged	MetaCyc:CPD-19242@Charged	MetaCyc:CPD-19242@Charged	MetaCyc:CPD-19242@Charged	MetaCyc:CPD-19242	MetaCyc:CPD-19242	EQ	eQuilibrator:MNXM166723	MetaCyc:CPD-19242@Charged	eQuilibrator:MNXM166723
cpd35046	MetaCyc:CPD-21320	MetaCyc:CPD-21320	MetaCyc:CPD-21320	MetaCyc:CPD-21320	MetaCyc:CPD-21320	MetaCyc:CPD-21320	GC	MetaCyc:CPD-21320@Charged	MetaCyc:CPD-21320@Charged	
cpd35047	MetaCyc:CPD-17199	MetaCyc:CPD-17199	MetaCyc:CPD-17199	MetaCyc:CPD-17199	MetaCyc:CPD-17199	MetaCyc:CPD-17199	GC	MetaCyc:CPD-17199@Charged	MetaCyc:CPD-17199@Charged	
cpd35048	MetaCyc:CPD-17446	MetaCyc:CPD-17446	MetaCyc:CPD-17446	MetaCyc:CPD-17446		MetaCyc:CPD-17446	GC	MetaCyc:CPD-17446@Charged	MetaCyc:CPD-17446@Charged	
cpd35049	MetaCyc:CPD-16945	MetaCyc:CPD-16945	MetaCyc:CPD-16945	MetaCyc:CPD-16945	MetaCyc:CPD-16945	MetaCyc:CPD-16945	GC	MetaCyc:CPD-16945@Charged	MetaCyc:CPD-16945@Charged	eQuilibrator:MNXM129911
cpd35050	MetaCyc:CPD-16860;ChEBI:91223	MetaCyc:CPD-16860;ChEBI:91223	MetaCyc:CPD-16860;ChEBI:91223	MetaCyc:CPD-16860;ChEBI:91223	MetaCyc:CPD-16860	MetaCyc:CPD-16860	GC	MetaCyc:CPD-16860@Charged	MetaCyc:CPD-16860@Charged	
cpd35051	MetaCyc:CPD-19035	MetaCyc:CPD-19035	MetaCyc:CPD-19035	MetaCyc:CPD-19035		MetaCyc:CPD-19035	EQ	eQuilibrator:MNXM31681	MetaCyc:CPD-19035@Charged	eQuilibrator:MNXM31681
cpd35052	MetaCyc:CPD0-2536	MetaCyc:CPD0-2536	MetaCyc:CPD0-2536	MetaCyc:CPD0-2536	MetaCyc:CPD0-2536	MetaCyc:CPD0-2536				
cpd35053	MetaCyc:CPD-17113	MetaCyc:CPD-17113	MetaCyc:CPD-17113	MetaCyc:CPD-17113@Charged	MetaCyc:CPD-17113	MetaCyc:CPD-17113	GC	MetaCyc:CPD-17113@Charged	MetaCyc:CPD-17113@Charged	eQuilibrator:MNXM8170
cpd35054	MetaCyc:CPD-20103	MetaCyc:CPD-20103	MetaCyc:CPD-20103	MetaCyc:CPD-20103	MetaCyc:CPD-20103	MetaCyc:CPD-20103	GC	MetaCyc:CPD-20103@Charged	MetaCyc:CPD-20103@Charged	
cpd35055	MetaCyc:CPD-18854	MetaCyc:CPD-18854	MetaCyc:CPD-18854	MetaCyc:CPD-18854	MetaCyc:CPD-18854	MetaCyc:CPD-18854	EQ	eQuilibrator:MNXM491233	MetaCyc:CPD-18854@Charged	eQuilibrator:MNXM491233
cpd35056	MetaCyc:CPD-18202@Charged	MetaCyc:CPD-18202@Charged	MetaCyc:CPD-18202@Charged	MetaCyc:CPD-18202@Charged	MetaCyc:CPD-18202	MetaCyc:CPD-18202	GC	MetaCyc:CPD-18202@Charged	MetaCyc:CPD-18202@Charged	
cpd35057	MetaCyc:CPD-18110;ChEBI:142285	MetaCyc:CPD-18110;ChEBI:142285	MetaCyc:CPD-18110;ChEBI:142285	MetaCyc:CPD-18110;ChEBI:142285			GC	MetaCyc:CPD-18110@Charged	MetaCyc:CPD-18110@Charged	eQuilibrator:MNXM166089
cpd35058	MetaCyc:CPD-20262	MetaCyc:CPD-20262	MetaCyc:CPD-20262	MetaCyc:CPD-20262	MetaCyc:CPD-20262	MetaCyc:CPD-20262	GC	MetaCyc:CPD-20262@Charged	MetaCyc:CPD-20262@Charged	
cpd35059	MetaCyc:CPD-19716	MetaCyc:CPD-19716	MetaCyc:CPD-19716	MetaCyc:CPD-19716	MetaCyc:CPD-19716	MetaCyc:CPD-19716	GC	MetaCyc:CPD-19716@Charged	MetaCyc:CPD-19716@Charged	
cpd35060	MetaCyc:CPD-20469	MetaCyc:CPD-20469	MetaCyc:CPD-20469	MetaCyc:CPD-20469		MetaCyc:CPD-20469	GC	MetaCyc:CPD-20469@Charged	MetaCyc:CPD-20469@Charged	
cpd35061	MetaCyc:CPD-18419	MetaCyc:CPD-18419	MetaCyc:CPD-18419	MetaCyc:CPD-18419	MetaCyc:CPD-18419	MetaCyc:CPD-18419	GC	MetaCyc:CPD-18419@Charged	MetaCyc:CPD-18419@Charged	
cpd35062	MetaCyc:CPD-18510	MetaCyc:CPD-18510	MetaCyc:CPD-18510	MetaCyc:CPD-18510			GC	MetaCyc:CPD-18510@Charged	MetaCyc:CPD-18510@Charged	
cpd35063	MetaCyc:CPD-21301	MetaCyc:CPD-21301	MetaCyc:CPD-21301	MetaCyc:CPD-21301	MetaCyc:CPD-21301	MetaCyc:CPD-21301	GC	MetaCyc:CPD-21301@Charged	MetaCyc:CPD-21301@Charged	
cpd35064	MetaCyc:CPD-15203	MetaCyc:CPD-15203	MetaCyc:CPD-15203	MetaCyc:CPD-15203	MetaCyc:CPD-15203	MetaCyc:CPD-15203	EQ	eQuilibrator:MNXM150894	MetaCyc:CPD-15203@Charged	eQuilibrator:MNXM150894
cpd35065	MetaCyc:CPD-15625	MetaCyc:CPD-15625	MetaCyc:CPD-15625	MetaCyc:CPD-15625	MetaCyc:CPD-15625	MetaCyc:CPD-15625	EQ	eQuilibrator:MNXM44131	MetaCyc:CPD-15625@Charged	eQuilibrator:MNXM44131
cpd35066	MetaCyc:CPD-20423	MetaCyc:CPD-20423	MetaCyc:CPD-20423	MetaCyc:CPD-20423	MetaCyc:CPD-20423	MetaCyc:CPD-20423	GC	MetaCyc:CPD-20423@Charged	MetaCyc:CPD-20423@Charged	
cpd35067	MetaCyc:CPD-19740;ChEBI:84634	MetaCyc:CPD-19740;ChEBI:84634	MetaCyc:CPD-19740;ChEBI:84634	MetaCyc:CPD-19740;ChEBI:84634	MetaCyc:CPD-19740	MetaCyc:CPD-19740	GC	MetaCyc:CPD-19740@Charged	MetaCyc:CPD-19740@Charged	eQuilibrator:MNXM83844
cpd35068	MetaCyc:CPD-17336@Charged	MetaCyc:CPD-17336@Charged	MetaCyc:CPD-17336@Charged	MetaCyc:CPD-17336@Charged	MetaCyc:CPD-17336	MetaCyc:CPD-17336	GC	MetaCyc:CPD-17336@Charged	MetaCyc:CPD-17336@Charged	
cpd35069	MetaCyc:CPD-19876;ChEBI:45912	MetaCyc:CPD-19876;ChEBI:45912	MetaCyc:CPD-19876;ChEBI:45912	MetaCyc:CPD-19876;ChEBI:45912	MetaCyc:CPD-19876	MetaCyc:CPD-19876	GC	MetaCyc:CPD-19876@Charged	MetaCyc:CPD-19876@Charged	
cpd35070	MetaCyc:CPD-14923	MetaCyc:CPD-14923	MetaCyc:CPD-14923	MetaCyc:CPD-14923	MetaCyc:CPD-14923	MetaCyc:CPD-14923	EQ	eQuilibrator:MNXM162724	MetaCyc:CPD-14923@Charged	eQuilibrator:MNXM162724
cpd35071	MetaCyc:CPD-18005;ChEBI:87163	MetaCyc:CPD-18005;ChEBI:87163	MetaCyc:CPD-18005;ChEBI:87163	MetaCyc:CPD-18005;ChEBI:87163	MetaCyc:CPD-18005	MetaCyc:CPD-18005	GC	MetaCyc:CPD-18005@Charged	MetaCyc:CPD-18005@Charged	
cpd35072	MetaCyc:CPD-17094@Charged	MetaCyc:CPD-17094@Charged	MetaCyc:CPD-17094@Charged	MetaCyc:CPD-17094@Charged	MetaCyc:CPD-17094	MetaCyc:CPD-17094	GC	MetaCyc:CPD-17094@Charged	MetaCyc:CPD-17094@Charged	
cpd35073	MetaCyc:CPD-20900	MetaCyc:CPD-20900	MetaCyc:CPD-20900	MetaCyc:CPD-20900	MetaCyc:CPD-20900		GC	MetaCyc:CPD-20900@Charged	MetaCyc:CPD-20900@Charged	eQuilibrator:MNXM491749
cpd35074	MetaCyc:CPD-20133	MetaCyc:CPD-20133	MetaCyc:CPD-20133	MetaCyc:CPD-20133		MetaCyc:CPD-20133	GC	MetaCyc:CPD-20133@Charged	MetaCyc:CPD-20133@Charged	
cpd35075	MetaCyc:CPD-17103;ChEBI:83388	MetaCyc:CPD-17103;ChEBI:83388	MetaCyc:CPD-17103;ChEBI:83388	MetaCyc:CPD-17103;ChEBI:83388	MetaCyc:CPD-17103	MetaCyc:CPD-17103	GC	MetaCyc:CPD-17103@Charged	MetaCyc:CPD-17103@Charged	
cpd35076	MetaCyc:CPD-18619	MetaCyc:CPD-18619	MetaCyc:CPD-18619	MetaCyc:CPD-18619	MetaCyc:CPD-18619	MetaCyc:CPD-18619	EQ	eQuilibrator:MNXM168767	MetaCyc:CPD-18619@Charged	eQuilibrator:MNXM168767
cpd35077	MetaCyc:CPD-21409	MetaCyc:CPD-21409		MetaCyc:CPD-21409	MetaCyc:CPD-21409	MetaCyc:CPD-21409	GC	MetaCyc:CPD-21409@Charged	MetaCyc:CPD-21409@Charged	
cpd35078	MetaCyc:CPD-15237	MetaCyc:CPD-15237	MetaCyc:CPD-15237	MetaCyc:CPD-15237	MetaCyc:CPD-15237		GC	MetaCyc:CPD-15237@Charged	MetaCyc:CPD-15237@Charged	
cpd35079	MetaCyc:CPD-18451	MetaCyc:CPD-18451	MetaCyc:CPD-18451	MetaCyc:CPD-18451	MetaCyc:CPD-18451	MetaCyc:CPD-18451	EQ	eQuilibrator:MNXM484289	MetaCyc:CPD-18451@Charged	eQuilibrator:MNXM484289
cpd35080	MetaCyc:CPD-16356	MetaCyc:CPD-16356	MetaCyc:CPD-16356	MetaCyc:CPD-16356	MetaCyc:CPD-16356	MetaCyc:CPD-16356	GC	MetaCyc:CPD-16356@Charged	MetaCyc:CPD-16356@Charged	
cpd35081	MetaCyc:CPD-14565	MetaCyc:CPD-14565	MetaCyc:CPD-14565	MetaCyc:CPD-14565	MetaCyc:CPD-14565	MetaCyc:CPD-14565	GC	MetaCyc:CPD-14565@Charged	MetaCyc:CPD-14565@Charged	eQuilibrator:MNXM97504
cpd35082	MetaCyc:CPD-17157	MetaCyc:CPD-17157	MetaCyc:CPD-17157	MetaCyc:CPD-17157	MetaCyc:CPD-17157	MetaCyc:CPD-17157	EQ	eQuilibrator:MNXM147496	MetaCyc:CPD-17157@Charged	eQuilibrator:MNXM147496
cpd35083	MetaCyc:CPD0-2579	MetaCyc:CPD0-2579		MetaCyc:CPD0-2579	MetaCyc:CPD0-2579	MetaCyc:CPD0-2579	GC	MetaCyc:CPD0-2579@Charged	MetaCyc:CPD0-2579@Charged	
cpd35084	MetaCyc:CPD-20389	MetaCyc:CPD-20389	MetaCyc:CPD-20389	MetaCyc:CPD-20389	MetaCyc:CPD-20389	MetaCyc:CPD-20389	EQ	eQuilibrator:MNXM145159	MetaCyc:CPD-20389@Charged	eQuilibrator:MNXM145159
cpd35085	MetaCyc:CPD-16559@Charged	MetaCyc:CPD-16559@Charged	MetaCyc:CPD-16559@Charged	MetaCyc:CPD-16559@Charged	MetaCyc:CPD-16559	MetaCyc:CPD-16559	GC	MetaCyc:CPD-16559@Charged	MetaCyc:CPD-16559@Charged	
cpd35086	MetaCyc:CPD-15141	MetaCyc:CPD-15141	MetaCyc:CPD-15141	MetaCyc:CPD-15141	MetaCyc:CPD-15141	MetaCyc:CPD-15141	EQ	eQuilibrator:MNXM11127	MetaCyc:CPD-15141@Charged	eQuilibrator:MNXM11127
cpd35087	MetaCyc:CPD-21313	MetaCyc:CPD-21313	MetaCyc:CPD-21313	MetaCyc:CPD-21313	MetaCyc:CPD-21313	MetaCyc:CPD-21313	GC	MetaCyc:CPD-21313@Charged	MetaCyc:CPD-21313@Charged	
cpd35088	MetaCyc:CPD-20968	MetaCyc:CPD-20968	MetaCyc:CPD-20968	MetaCyc:CPD-20968	MetaCyc:CPD-20968	MetaCyc:CPD-20968	GC	MetaCyc:CPD-20968@Charged	MetaCyc:CPD-20968@Charged	
cpd35089	MetaCyc:CPD-19677	MetaCyc:CPD-19677	MetaCyc:CPD-19677	MetaCyc:CPD-19677	MetaCyc:CPD-19677	MetaCyc:CPD-19677	GC	MetaCyc:CPD-19677@Charged	MetaCyc:CPD-19677@Charged	eQuilibrator:MNXM51019
cpd35090	MetaCyc:CPD-19835@Charged;ChEBI:136518@Charged	MetaCyc:CPD-19835@Charged;ChEBI:136518@Charged	MetaCyc:CPD-19835@Charged;ChEBI:136518@Charged	MetaCyc:CPD-19835@Charged;ChEBI:136518@Charged	MetaCyc:CPD-19835	MetaCyc:CPD-19835	EQ		MetaCyc:CPD-19835@Charged	
cpd35091	MetaCyc:CPD-15100	MetaCyc:CPD-15100		MetaCyc:CPD-15100	MetaCyc:CPD-15100	MetaCyc:CPD-15100	GC	MetaCyc:CPD-15100@Charged	MetaCyc:CPD-15100@Charged	
cpd35092	MetaCyc:CPD-19285;ChEBI:139514	MetaCyc:CPD-19285;ChEBI:139514	MetaCyc:CPD-19285;ChEBI:139514	MetaCyc:CPD-19285;ChEBI:139514	MetaCyc:CPD-19285	MetaCyc:CPD-19285	GC	MetaCyc:CPD-19285@Charged	MetaCyc:CPD-19285@Charged	
cpd35093	MetaCyc:CPD-16801@Charged	MetaCyc:CPD-16801@Charged	MetaCyc:CPD-16801@Charged	MetaCyc:CPD-16801@Charged	MetaCyc:CPD-16801	MetaCyc:CPD-16801	EQ	eQuilibrator:MNXM117249	MetaCyc:CPD-16801@Charged	eQuilibrator:MNXM117249
cpd35094	MetaCyc:CPD-18383	MetaCyc:CPD-18383	MetaCyc:CPD-18383	MetaCyc:CPD-18383	MetaCyc:CPD-18383	MetaCyc:CPD-18383	GC	MetaCyc:CPD-18383@Charged	MetaCyc:CPD-18383@Charged	eQuilibrator:MNXM163830
cpd35095	MetaCyc:CPD-14507;ChEBI:145013	MetaCyc:CPD-14507;ChEBI:145013	MetaCyc:CPD-14507;ChEBI:145013	MetaCyc:CPD-14507;ChEBI:145013	MetaCyc:CPD-14507	MetaCyc:CPD-14507	GC	MetaCyc:CPD-14507@Charged	MetaCyc:CPD-14507@Charged	
cpd35096	MetaCyc:CPD-17228@Charged	MetaCyc:CPD-17228@Charged	MetaCyc:CPD-17228@Charged	MetaCyc:CPD-17228@Charged	MetaCyc:CPD-17228	MetaCyc:CPD-17228	GC	MetaCyc:CPD-17228@Charged	MetaCyc:CPD-17228@Charged	
cpd35097	MetaCyc:CPD-15653	MetaCyc:CPD-15653	MetaCyc:CPD-15653	MetaCyc:CPD-15653	MetaCyc:CPD-15653	MetaCyc:CPD-15653	EQ	eQuilibrator:MNXM147782	MetaCyc:CPD-15653@Charged	eQuilibrator:MNXM147782
cpd35098	MetaCyc:CPD-15691	MetaCyc:CPD-15691	MetaCyc:CPD-15691	MetaCyc:CPD-15691	MetaCyc:CPD-15691	MetaCyc:CPD-15691	EQ	eQuilibrator:MNXM722950	MetaCyc:CPD-15691@Charged	eQuilibrator:MNXM722950
cpd35099	MetaCyc:CPD-17704;MetaCyc:Iduronate;MetaCyc:L-Iduronate	MetaCyc:CPD-17704;MetaCyc:Iduronate;MetaCyc:L-Iduronate	MetaCyc:CPD-17704;MetaCyc:Iduronate;MetaCyc:L-Iduronate	MetaCyc:CPD-17704;MetaCyc:Iduronate;MetaCyc:L-Iduronate	MetaCyc:CPD-17704	MetaCyc:CPD-17704	EQ	eQuilibrator:MNXM1237	MetaCyc:CPD-17704@Charged	eQuilibrator:MNXM1237
cpd35100	MetaCyc:CPD-15809	MetaCyc:CPD-15809	MetaCyc:CPD-15809	MetaCyc:CPD-15809	MetaCyc:CPD-15809	MetaCyc:CPD-15809	GC	MetaCyc:CPD-15809@Charged	MetaCyc:CPD-15809@Charged	
cpd35101	MetaCyc:CPD-20581	MetaCyc:CPD-20581	MetaCyc:CPD-20581	MetaCyc:CPD-20581	MetaCyc:CPD-20581	MetaCyc:CPD-20581	EQ		MetaCyc:CPD-20581@Charged	
cpd35102	MetaCyc:CPD-16938	MetaCyc:CPD-16938	MetaCyc:CPD-16938	MetaCyc:CPD-16938	MetaCyc:CPD-16938	MetaCyc:CPD-16938	EQ	eQuilibrator:MNXM148619	MetaCyc:CPD-16938@Charged	eQuilibrator:MNXM148619
cpd35103	MetaCyc:CPD-21111;ChEBI:156144	MetaCyc:CPD-21111;ChEBI:156144	MetaCyc:CPD-21111;ChEBI:156144	MetaCyc:CPD-21111;ChEBI:156144	MetaCyc:CPD-21111	MetaCyc:CPD-21111	GC	MetaCyc:CPD-21111@Charged	MetaCyc:CPD-21111@Charged	
cpd35104	MetaCyc:CPD-17735	MetaCyc:CPD-17735	MetaCyc:CPD-17735	MetaCyc:CPD-17735	MetaCyc:CPD-17735	MetaCyc:CPD-17735	EQ	eQuilibrator:MNXM42135	MetaCyc:CPD-17735@Charged	eQuilibrator:MNXM42135
cpd35105	MetaCyc:CPD-17656	MetaCyc:CPD-17656	MetaCyc:CPD-17656	MetaCyc:CPD-17656	MetaCyc:CPD-17656	MetaCyc:CPD-17656	EQ	eQuilibrator:MNXM150591	MetaCyc:CPD-17656@Charged	eQuilibrator:MNXM150591
cpd35106	MetaCyc:CPD-19009	MetaCyc:CPD-19009	MetaCyc:CPD-19009	MetaCyc:CPD-19009			EQ	eQuilibrator:MNXM150613	MetaCyc:CPD-19009@Charged	eQuilibrator:MNXM150613
cpd35107	MetaCyc:CPD-19207	MetaCyc:CPD-19207	MetaCyc:CPD-19207	MetaCyc:CPD-19207	MetaCyc:CPD-19207	MetaCyc:CPD-19207	GC	MetaCyc:CPD-19207@Charged	MetaCyc:CPD-19207@Charged	eQuilibrator:MNXM164075
cpd35108	MetaCyc:CPD-14819	MetaCyc:CPD-14819	MetaCyc:CPD-14819	MetaCyc:CPD-14819	MetaCyc:CPD-14819	MetaCyc:CPD-14819	EQ	eQuilibrator:MNXM116196	MetaCyc:CPD-14819@Charged	eQuilibrator:MNXM116196
cpd35109	MetaCyc:CPD-15312	MetaCyc:CPD-15312	MetaCyc:CPD-15312	MetaCyc:CPD-15312	MetaCyc:CPD-15312	MetaCyc:CPD-15312	GC	MetaCyc:CPD-15312@Charged	MetaCyc:CPD-15312@Charged	eQuilibrator:MNXM510855
cpd35110	MetaCyc:CPD-14840	MetaCyc:CPD-14840	MetaCyc:CPD-14840	MetaCyc:CPD-14840	MetaCyc:CPD-14840	MetaCyc:CPD-14840	GC	MetaCyc:CPD-14840@Charged	MetaCyc:CPD-14840@Charged	
cpd35111	MetaCyc:CPD-14437	MetaCyc:CPD-14437	MetaCyc:CPD-14437	MetaCyc:CPD-14437	MetaCyc:CPD-14437	MetaCyc:CPD-14437	EQ	eQuilibrator:MNXM97577	MetaCyc:CPD-14437@Charged	eQuilibrator:MNXM97577
cpd35112	MetaCyc:CPD-20977	MetaCyc:CPD-20977	MetaCyc:CPD-20977	MetaCyc:CPD-20977	MetaCyc:CPD-20977	MetaCyc:CPD-20977	GC	MetaCyc:CPD-20977@Charged	MetaCyc:CPD-20977@Charged	
cpd35113	MetaCyc:CPD-15958	MetaCyc:CPD-15958	MetaCyc:CPD-15958	MetaCyc:CPD-15958	MetaCyc:CPD-15958	MetaCyc:CPD-15958	GC	MetaCyc:CPD-15958@Charged	MetaCyc:CPD-15958@Charged	eQuilibrator:MNXM80657
cpd35114	MetaCyc:CPD-19845	MetaCyc:CPD-19845	MetaCyc:CPD-19845	MetaCyc:CPD-19845		MetaCyc:CPD-19845	GC	MetaCyc:CPD-19845@Charged	MetaCyc:CPD-19845@Charged	
cpd35115	MetaCyc:CPD-16387	MetaCyc:CPD-16387	MetaCyc:CPD-16387	MetaCyc:CPD-16387	MetaCyc:CPD-16387	MetaCyc:CPD-16387	GC	MetaCyc:CPD-16387@Charged	MetaCyc:CPD-16387@Charged	eQuilibrator:MNXM61061
cpd35116	MetaCyc:CPD0-2515	MetaCyc:CPD0-2515	MetaCyc:CPD0-2515	MetaCyc:CPD0-2515	MetaCyc:CPD0-2515	MetaCyc:CPD0-2515				
cpd35117	MetaCyc:CPD-15390	MetaCyc:CPD-15390	MetaCyc:CPD-15390	MetaCyc:CPD-15390	MetaCyc:CPD-15390	MetaCyc:CPD-15390	GC	MetaCyc:CPD-15390@Charged	MetaCyc:CPD-15390@Charged	eQuilibrator:MNXM723279
cpd35118	MetaCyc:CPD-15649;ChEBI:147386	MetaCyc:CPD-15649;ChEBI:147386	MetaCyc:CPD-15649;ChEBI:147386	MetaCyc:CPD-15649;ChEBI:147386	MetaCyc:CPD-15649	MetaCyc:CPD-15649	GC	MetaCyc:CPD-15649@Charged	MetaCyc:CPD-15649@Charged	eQuilibrator:MNXM35023
cpd35119	MetaCyc:CPD-16549	MetaCyc:CPD-16549	MetaCyc:CPD-16549	MetaCyc:CPD-16549	MetaCyc:CPD-16549	MetaCyc:CPD-16549	EQ	eQuilibrator:MNXM148643	MetaCyc:CPD-16549@Charged	eQuilibrator:MNXM148643
cpd35120	MetaCyc:CPD-17210	MetaCyc:CPD-17210	MetaCyc:CPD-17210	MetaCyc:CPD-17210	MetaCyc:CPD-17210	MetaCyc:CPD-17210	GC	MetaCyc:CPD-17210@Charged	MetaCyc:CPD-17210@Charged	eQuilibrator:MNXM147367
cpd35121	MetaCyc:CPD-16616	MetaCyc:CPD-16616	MetaCyc:CPD-16616	MetaCyc:CPD-16616	MetaCyc:CPD-16616	MetaCyc:CPD-16616	GC	MetaCyc:CPD-16616@Charged	MetaCyc:CPD-16616@Charged	
cpd35122	MetaCyc:CPD-19489	MetaCyc:CPD-19489	MetaCyc:CPD-19489	MetaCyc:CPD-19489	MetaCyc:CPD-19489	MetaCyc:CPD-19489	EQ	eQuilibrator:MNXM164247	MetaCyc:CPD-19489@Charged	eQuilibrator:MNXM164247
cpd35123	MetaCyc:CPD-20400;ChEBI:85299	MetaCyc:CPD-20400;ChEBI:85299	MetaCyc:CPD-20400;ChEBI:85299	MetaCyc:CPD-20400;ChEBI:85299	MetaCyc:CPD-20400	MetaCyc:CPD-20400	EQ	eQuilibrator:MNXM82718	MetaCyc:CPD-20400@Charged	eQuilibrator:MNXM82718
cpd35124	MetaCyc:CPD-16929	MetaCyc:CPD-16929	MetaCyc:CPD-16929	MetaCyc:CPD-16929	MetaCyc:CPD-16929	MetaCyc:CPD-16929	GC	MetaCyc:CPD-16929@Charged	MetaCyc:CPD-16929@Charged	
cpd35125	MetaCyc:CPD-18017@Charged	MetaCyc:CPD-18017@Charged	MetaCyc:CPD-18017@Charged	MetaCyc:CPD-18017@Charged	MetaCyc:CPD-18017	MetaCyc:CPD-18017	EQ		MetaCyc:CPD-18017@Charged	
cpd35126										
cpd35127	MetaCyc:CPD-20307;ChEBI:189554	MetaCyc:CPD-20307;ChEBI:189554	MetaCyc:CPD-20307;ChEBI:189554	MetaCyc:CPD-20307;ChEBI:189554	MetaCyc:CPD-20307	MetaCyc:CPD-20307	EQ	eQuilibrator:MNXM81294	MetaCyc:CPD-20307@Charged	eQuilibrator:MNXM81294
cpd35128	MetaCyc:CPD-19010	MetaCyc:CPD-19010	MetaCyc:CPD-19010	MetaCyc:CPD-19010		MetaCyc:CPD-19010	EQ	eQuilibrator:MNXM116286	MetaCyc:CPD-19010@Charged	eQuilibrator:MNXM116286
cpd35129	MetaCyc:CPD-18753	MetaCyc:CPD-18753	MetaCyc:CPD-18753	MetaCyc:CPD-18753	MetaCyc:CPD-18753	MetaCyc:CPD-18753	EQ	eQuilibrator:MNXM527392	MetaCyc:CPD-18753@Charged	eQuilibrator:MNXM527392
cpd35130	MetaCyc:CPD-21365	MetaCyc:CPD-21365	MetaCyc:CPD-21365	MetaCyc:CPD-21365	MetaCyc:CPD-21365	MetaCyc:CPD-21365	GC	MetaCyc:CPD-21365@Charged	MetaCyc:CPD-21365@Charged	
cpd35131	MetaCyc:CPD-18840@Charged	MetaCyc:CPD-18840@Charged		MetaCyc:CPD-18840@Charged	MetaCyc:CPD-18840	MetaCyc:CPD-18840	GC	MetaCyc:CPD-18840@Charged	MetaCyc:CPD-18840@Charged	
cpd35132	MetaCyc:CPD-20269;ChEBI:138962	MetaCyc:CPD-20269;ChEBI:138962	MetaCyc:CPD-20269;ChEBI:138962	MetaCyc:CPD-20269;ChEBI:138962	MetaCyc:CPD-20269	MetaCyc:CPD-20269	GC	MetaCyc:CPD-20269@Charged	MetaCyc:CPD-20269@Charged	
cpd35133	MetaCyc:CPD-20127	MetaCyc:CPD-20127	MetaCyc:CPD-20127	MetaCyc:CPD-20127	MetaCyc:CPD-20127	MetaCyc:CPD-20127	GC	MetaCyc:CPD-20127@Charged	MetaCyc:CPD-20127@Charged	
cpd35134	MetaCyc:CPD-15084@Charged	MetaCyc:CPD-15084@Charged	MetaCyc:CPD-15084@Charged	MetaCyc:CPD-15084@Charged	MetaCyc:CPD-15084	MetaCyc:CPD-15084	GC	MetaCyc:CPD-15084@Charged	MetaCyc:CPD-15084@Charged	eQuilibrator:MNXM46688
cpd35135	MetaCyc:CPD-20092	MetaCyc:CPD-20092	MetaCyc:CPD-20092	MetaCyc:CPD-20092	MetaCyc:CPD-20092	MetaCyc:CPD-20092	GC	MetaCyc:CPD-20092@Charged	MetaCyc:CPD-20092@Charged	
cpd35136	MetaCyc:CPD-15319	MetaCyc:CPD-15319	MetaCyc:CPD-15319	MetaCyc:CPD-15319	MetaCyc:CPD-15319	MetaCyc:CPD-15319	EQ	eQuilibrator:MNXM37499	MetaCyc:CPD-15319@Charged	eQuilibrator:MNXM37499
cpd35137	MetaCyc:CPD-15176	MetaCyc:CPD-15176	MetaCyc:CPD-15176	MetaCyc:CPD-15176	MetaCyc:CPD-15176	MetaCyc:CPD-15176	GC	MetaCyc:CPD-15176@Charged	MetaCyc:CPD-15176@Charged	eQuilibrator:MNXM148960
cpd35138	MetaCyc:CPD-17165	MetaCyc:CPD-17165	MetaCyc:CPD-17165	MetaCyc:CPD-17165	MetaCyc:CPD-17165	MetaCyc:CPD-17165	EQ	eQuilibrator:MNXM148315	MetaCyc:CPD-17165@Charged	eQuilibrator:MNXM148315
cpd35139	MetaCyc:CPD-15671	MetaCyc:CPD-15671	MetaCyc:CPD-15671	MetaCyc:CPD-15671	MetaCyc:CPD-15671	MetaCyc:CPD-15671	EQ	eQuilibrator:MNXM158405	MetaCyc:CPD-15671@Charged	eQuilibrator:MNXM158405
cpd35140	MetaCyc:CPD-17122@Charged	MetaCyc:CPD-17122@Charged	MetaCyc:CPD-17122@Charged	MetaCyc:CPD-17122@Charged	MetaCyc:CPD-17122	MetaCyc:CPD-17122	GC	MetaCyc:CPD-17122@Charged	MetaCyc:CPD-17122@Charged	
cpd35141	MetaCyc:CPD-19498@Charged;ChEBI:183097@Charged	MetaCyc:CPD-19498@Charged;ChEBI:183097@Charged	MetaCyc:CPD-19498@Charged;ChEBI:183097@Charged	MetaCyc:CPD-19498@Charged;ChEBI:183097@Charged	MetaCyc:CPD-19498	MetaCyc:CPD-19498	GC	MetaCyc:CPD-19498@Charged	MetaCyc:CPD-19498@Charged	
cpd35142	MetaCyc:CPD-17987	MetaCyc:CPD-17987		MetaCyc:CPD-17987	MetaCyc:CPD-17987	MetaCyc:CPD-17987	GC	MetaCyc:CPD-17987@Charged	MetaCyc:CPD-17987@Charged	
cpd35143	MetaCyc:CPD0-2499	MetaCyc:CPD0-2499	MetaCyc:CPD0-2499	MetaCyc:CPD0-2499	MetaCyc:CPD0-2499	MetaCyc:CPD0-2499	EQ	eQuilibrator:MNXM98581	MetaCyc:CPD0-2499@Charged	eQuilibrator:MNXM98581
cpd35144	MetaCyc:CPD-18849@Charged	MetaCyc:CPD-18849@Charged		MetaCyc:CPD-18849@Charged	MetaCyc:CPD-18849	MetaCyc:CPD-18849	GC	MetaCyc:CPD-18849@Charged	MetaCyc:CPD-18849@Charged	
cpd35145	MetaCyc:CPD-18547	MetaCyc:CPD-18547	MetaCyc:CPD-18547	MetaCyc:CPD-18547	MetaCyc:CPD-18547	MetaCyc:CPD-18547	EQ	eQuilibrator:MNXM164196	MetaCyc:CPD-18547@Charged	eQuilibrator:MNXM164196
cpd35146	MetaCyc:CPD-15800	MetaCyc:CPD-15800	MetaCyc:CPD-15800	MetaCyc:CPD-15800		MetaCyc:CPD-15800	EQ		MetaCyc:CPD-15800@Charged	
cpd35147	MetaCyc:CPD-18727@Charged	MetaCyc:CPD-18727@Charged	MetaCyc:CPD-18727@Charged	MetaCyc:CPD-18727@Charged	MetaCyc:CPD-18727	MetaCyc:CPD-18727	GC	MetaCyc:CPD-18727@Charged	MetaCyc:CPD-18727@Charged	
cpd35148	MetaCyc:CPD-15921	MetaCyc:CPD-15921	MetaCyc:CPD-15921	MetaCyc:CPD-15921@Charged	MetaCyc:CPD-15921	MetaCyc:CPD-15921	GC	MetaCyc:CPD-15921@Charged	MetaCyc:CPD-15921@Charged	eQuilibrator:MNXM150486
cpd35149	MetaCyc:CPD-18338	MetaCyc:CPD-18338	MetaCyc:CPD-18338	MetaCyc:CPD-18338	MetaCyc:CPD-18338	MetaCyc:CPD-18338	GC	MetaCyc:CPD-18338@Charged	MetaCyc:CPD-18338@Charged	eQuilibrator:MNXM683446
cpd35150	MetaCyc:CPD-15621	MetaCyc:CPD-15621	MetaCyc:CPD-15621	MetaCyc:CPD-15621	MetaCyc:CPD-15621	MetaCyc:CPD-15621	EQ	eQuilibrator:MNXM41182	MetaCyc:CPD-15621@Charged	eQuilibrator:MNXM41182
cpd35151	MetaCyc:CPD-16463	MetaCyc:CPD-16463	MetaCyc:CPD-16463	MetaCyc:CPD-16463	MetaCyc:CPD-16463	MetaCyc:CPD-16463	GC	MetaCyc:CPD-16463@Charged	MetaCyc:CPD-16463@Charged	eQuilibrator:MNXM160383
cpd35152	MetaCyc:CPD66-81	MetaCyc:CPD66-81	MetaCyc:CPD66-81	MetaCyc:CPD66-81	MetaCyc:CPD66-81	MetaCyc:CPD66-81	EQ	eQuilibrator:MNXM80711	MetaCyc:CPD66-81@Charged	eQuilibrator:MNXM80711
cpd35153	MetaCyc:CPD-18517;ChEBI:88143	MetaCyc:CPD-18517;ChEBI:88143	MetaCyc:CPD-18517;ChEBI:88143	MetaCyc:CPD-18517;ChEBI:88143		MetaCyc:CPD-18517	EQ	eQuilibrator:MNXM162784	MetaCyc:CPD-18517@Charged	eQuilibrator:MNXM162784
cpd35154	MetaCyc:CPD-17077;ChEBI:131932	MetaCyc:CPD-17077;ChEBI:131932	MetaCyc:CPD-17077;ChEBI:131932	MetaCyc:CPD-17077;ChEBI:131932	MetaCyc:CPD-17077	MetaCyc:CPD-17077	EQ	eQuilibrator:MNXM147621	MetaCyc:CPD-17077@Charged	eQuilibrator:MNXM147621
cpd35155	MetaCyc:CPD-20411	MetaCyc:CPD-20411	MetaCyc:CPD-20411	MetaCyc:CPD-20411	MetaCyc:CPD-20411	MetaCyc:CPD-20411	GC	MetaCyc:CPD-20411@Charged	MetaCyc:CPD-20411@Charged	
cpd35156	MetaCyc:CPD-21184	MetaCyc:CPD-21184	MetaCyc:CPD-21184	MetaCyc:CPD-21184	MetaCyc:CPD-21184	MetaCyc:CPD-21184	GC	MetaCyc:CPD-21184@Charged	MetaCyc:CPD-21184@Charged	
cpd35157	MetaCyc:CPD-16885	MetaCyc:CPD-16885	MetaCyc:CPD-16885	MetaCyc:CPD-16885	MetaCyc:CPD-16885	MetaCyc:CPD-16885	EQ	eQuilibrator:MNXM34820	MetaCyc:CPD-16885@Charged	eQuilibrator:MNXM34820
cpd35158	MetaCyc:CPD-19882;ChEBI:136669	MetaCyc:CPD-19882;ChEBI:136669	MetaCyc:CPD-19882;ChEBI:136669	MetaCyc:CPD-19882;ChEBI:136669	MetaCyc:CPD-19882	MetaCyc:CPD-19882	EQ	eQuilibrator:MNXM479112	MetaCyc:CPD-19882@Charged	eQuilibrator:MNXM479112
cpd35159	MetaCyc:CPD-14681	MetaCyc:CPD-14681	MetaCyc:CPD-14681	MetaCyc:CPD-14681	MetaCyc:CPD-14681	MetaCyc:CPD-14681	GC	MetaCyc:CPD-14681@Charged	MetaCyc:CPD-14681@Charged	eQuilibrator:MNXM97315
cpd35160	MetaCyc:CPD-20829	MetaCyc:CPD-20829	MetaCyc:CPD-20829	MetaCyc:CPD-20829	MetaCyc:CPD-20829	MetaCyc:CPD-20829	EQ	eQuilibrator:MNXM32474	MetaCyc:CPD-20829@Charged	eQuilibrator:MNXM32474
cpd35161	MetaCyc:CPD-21080	MetaCyc:CPD-21080	MetaCyc:CPD-21080	MetaCyc:CPD-21080	MetaCyc:CPD-21080	MetaCyc:CPD-21080	GC	MetaCyc:CPD-21080@Charged	MetaCyc:CPD-21080@Charged	
cpd35162	MetaCyc:CPD-18993;ChEBI:88370	MetaCyc:CPD-18993;ChEBI:88370	MetaCyc:CPD-18993;ChEBI:88370	MetaCyc:CPD-18993;ChEBI:88370	MetaCyc:CPD-18993	MetaCyc:CPD-18993	EQ	eQuilibrator:MNXM99311	MetaCyc:CPD-18993@Charged	eQuilibrator:MNXM99311
cpd35163	MetaCyc:CPD-21120;ChEBI:156143	MetaCyc:CPD-21120;ChEBI:156143	MetaCyc:CPD-21120;ChEBI:156143	MetaCyc:CPD-21120;ChEBI:156143	MetaCyc:CPD-21120	MetaCyc:CPD-21120	GC	MetaCyc:CPD-21120@Charged	MetaCyc:CPD-21120@Charged	
cpd35164	MetaCyc:CPD-19739;ChEBI:84834	MetaCyc:CPD-19739;ChEBI:84834	MetaCyc:CPD-19739;ChEBI:84834	MetaCyc:CPD-19739;ChEBI:84834	MetaCyc:CPD-19739	MetaCyc:CPD-19739	GC	MetaCyc:CPD-19739@Charged	MetaCyc:CPD-19739@Charged	eQuilibrator:MNXM56437
cpd35165	MetaCyc:CPD-17010	MetaCyc:CPD-17010	MetaCyc:CPD-17010	MetaCyc:CPD-17010	MetaCyc:CPD-17010	MetaCyc:CPD-17010	EQ	eQuilibrator:MNXM150998	MetaCyc:CPD-17010@Charged	eQuilibrator:MNXM150998
cpd35166	MetaCyc:CPD-18443;ChEBI:141610	MetaCyc:CPD-18443;ChEBI:141610	MetaCyc:CPD-18443;ChEBI:141610	MetaCyc:CPD-18443;ChEBI:141610	MetaCyc:CPD-18443	MetaCyc:CPD-18443	EQ	eQuilibrator:MNXM164238	MetaCyc:CPD-18443@Charged	eQuilibrator:MNXM164238
cpd35167	MetaCyc:CPD-17631	MetaCyc:CPD-17631	MetaCyc:CPD-17631	MetaCyc:CPD-17631	MetaCyc:CPD-17631	MetaCyc:CPD-17631	EQ	eQuilibrator:MNXM151619	MetaCyc:CPD-17631@Charged	eQuilibrator:MNXM151619
cpd35168	MetaCyc:CPD-21195	MetaCyc:CPD-21195	MetaCyc:CPD-21195	MetaCyc:CPD-21195	MetaCyc:CPD-21195	MetaCyc:CPD-21195	GC	MetaCyc:CPD-21195@Charged	MetaCyc:CPD-21195@Charged	
cpd35169	MetaCyc:CPD-17192	MetaCyc:CPD-17192	MetaCyc:CPD-17192	MetaCyc:CPD-17192	MetaCyc:CPD-17192	MetaCyc:CPD-17192	GC	MetaCyc:CPD-17192@Charged	MetaCyc:CPD-17192@Charged	
cpd35170	MetaCyc:CPD-20646	MetaCyc:CPD-20646	MetaCyc:CPD-20646	MetaCyc:CPD-20646			GC	MetaCyc:CPD-20646@Charged	MetaCyc:CPD-20646@Charged	
cpd35171	MetaCyc:CPD-19335	MetaCyc:CPD-19335	MetaCyc:CPD-19335	MetaCyc:CPD-19335	MetaCyc:CPD-19335	MetaCyc:CPD-19335	EQ	eQuilibrator:MNXM489718	MetaCyc:CPD-19335@Charged	eQuilibrator:MNXM489718
cpd35172	MetaCyc:CPD-19348	MetaCyc:CPD-19348	MetaCyc:CPD-19348	MetaCyc:CPD-19348	MetaCyc:CPD-19348	MetaCyc:CPD-19348	EQ	eQuilibrator:MNXM468291	MetaCyc:CPD-19348@Charged	eQuilibrator:MNXM468291
cpd35173	MetaCyc:CPD-15962	MetaCyc:CPD-15962	MetaCyc:CPD-15962	MetaCyc:CPD-15962	MetaCyc:CPD-15962	MetaCyc:CPD-15962	GC	MetaCyc:CPD-15962@Charged	MetaCyc:CPD-15962@Charged	eQuilibrator:MNXM149044
cpd35174	MetaCyc:CPD-17570@Charged	MetaCyc:CPD-17570@Charged	MetaCyc:CPD-17570@Charged	MetaCyc:CPD-17570@Charged	MetaCyc:CPD-17570	MetaCyc:CPD-17570	GC	MetaCyc:CPD-17570@Charged	MetaCyc:CPD-17570@Charged	
cpd35175	MetaCyc:CPD-16709	MetaCyc:CPD-16709	MetaCyc:CPD-16709	MetaCyc:CPD-16709	MetaCyc:CPD-16709		EQ	eQuilibrator:MNXM54093	MetaCyc:CPD-16709@Charged	eQuilibrator:MNXM54093
cpd35176	MetaCyc:CPD-15664	MetaCyc:CPD-15664	MetaCyc:CPD-15664	MetaCyc:CPD-15664	MetaCyc:CPD-15664	MetaCyc:CPD-15664	EQ	eQuilibrator:MNXM158392	MetaCyc:CPD-15664@Charged	eQuilibrator:MNXM158392
cpd35177	MetaCyc:CPD-17223	MetaCyc:CPD-17223	MetaCyc:CPD-17223	MetaCyc:CPD-17223	MetaCyc:CPD-17223	MetaCyc:CPD-17223	GC	MetaCyc:CPD-17223@Charged	MetaCyc:CPD-17223@Charged	
cpd35178	MetaCyc:CPD-18426	MetaCyc:CPD-18426	MetaCyc:CPD-18426	MetaCyc:CPD-18426	MetaCyc:CPD-18426	MetaCyc:CPD-18426	GC	MetaCyc:CPD-18426@Charged	MetaCyc:CPD-18426@Charged	
cpd35179	MetaCyc:CPD-20868	MetaCyc:CPD-20868	MetaCyc:CPD-20868	MetaCyc:CPD-20868	MetaCyc:CPD-20868	MetaCyc:CPD-20868	GC	MetaCyc:CPD-20868@Charged	MetaCyc:CPD-20868@Charged	
cpd35180	MetaCyc:CPD-15003@Charged	MetaCyc:CPD-15003@Charged	MetaCyc:CPD-15003@Charged	MetaCyc:CPD-15003@Charged	MetaCyc:CPD-15003	MetaCyc:CPD-15003	GC	MetaCyc:CPD-15003@Charged	MetaCyc:CPD-15003@Charged	
cpd35181	MetaCyc:CPD-17699;ChEBI:85007	MetaCyc:CPD-17699;ChEBI:85007	MetaCyc:CPD-17699;ChEBI:85007	MetaCyc:CPD-17699;ChEBI:85007	MetaCyc:CPD-17699	MetaCyc:CPD-17699	EQ	eQuilibrator:MNXM128540	MetaCyc:CPD-17699@Charged	eQuilibrator:MNXM128540
cpd35182	MetaCyc:CPD-15678	MetaCyc:CPD-15678	MetaCyc:CPD-15678	MetaCyc:CPD-15678	MetaCyc:CPD-15678	MetaCyc:CPD-15678	EQ	eQuilibrator:MNXM147839	MetaCyc:CPD-15678@Charged	eQuilibrator:MNXM147839
cpd35183	MetaCyc:CPD-18041	MetaCyc:CPD-18041	MetaCyc:CPD-18041	MetaCyc:CPD-18041	MetaCyc:CPD-18041	MetaCyc:CPD-18041	GC	MetaCyc:CPD-18041@Charged	MetaCyc:CPD-18041@Charged	eQuilibrator:MNXM160960
cpd35184	MetaCyc:CPD-18048	MetaCyc:CPD-18048	MetaCyc:CPD-18048	MetaCyc:CPD-18048	MetaCyc:CPD-18048	MetaCyc:CPD-18048	EQ	eQuilibrator:MNXM149206	MetaCyc:CPD-18048@Charged	eQuilibrator:MNXM149206
cpd35185	MetaCyc:CPD-16828	MetaCyc:CPD-16828	MetaCyc:CPD-16828	MetaCyc:CPD-16828	MetaCyc:CPD-16828	MetaCyc:CPD-16828	GC	MetaCyc:CPD-16828@Charged	MetaCyc:CPD-16828@Charged	eQuilibrator:MNXM148246
cpd35186	MetaCyc:CPD-21101	MetaCyc:CPD-21101	MetaCyc:CPD-21101	MetaCyc:CPD-21101	MetaCyc:CPD-21101	MetaCyc:CPD-21101	EQ	eQuilibrator:MNXM39589	MetaCyc:CPD-21101@Charged	eQuilibrator:MNXM39589
cpd35187	MetaCyc:CPD-18878	MetaCyc:CPD-18878	MetaCyc:CPD-18878	MetaCyc:CPD-18878	MetaCyc:CPD-18878	MetaCyc:CPD-18878	GC	MetaCyc:CPD-18878@Charged	MetaCyc:CPD-18878@Charged	eQuilibrator:MNXM527838
cpd35188	MetaCyc:CPD-16833	MetaCyc:CPD-16833	MetaCyc:CPD-16833	MetaCyc:CPD-16833	MetaCyc:CPD-16833	MetaCyc:CPD-16833	GC	MetaCyc:CPD-16833@Charged	MetaCyc:CPD-16833@Charged	eQuilibrator:MNXM152896
cpd35189	MetaCyc:CPD-16728	MetaCyc:CPD-16728	MetaCyc:CPD-16728	MetaCyc:CPD-16728	MetaCyc:CPD-16728	MetaCyc:CPD-16728	GC	MetaCyc:CPD-16728@Charged	MetaCyc:CPD-16728@Charged	eQuilibrator:MNXM59742
cpd35190	MetaCyc:CPD-20239	MetaCyc:CPD-20239	MetaCyc:CPD-20239	MetaCyc:CPD-20239	MetaCyc:CPD-20239	MetaCyc:CPD-20239	GC	MetaCyc:CPD-20239@Charged	MetaCyc:CPD-20239@Charged	
cpd35191	MetaCyc:CPD-18182	MetaCyc:CPD-18182	MetaCyc:CPD-18182	MetaCyc:CPD-18182	MetaCyc:CPD-18182	MetaCyc:CPD-18182	EQ	eQuilibrator:MNXM163701	MetaCyc:CPD-18182@Charged	eQuilibrator:MNXM163701
cpd35192	MetaCyc:CPD-20777@Charged	MetaCyc:CPD-20777@Charged	MetaCyc:CPD-20777@Charged	MetaCyc:CPD-20777@Charged	MetaCyc:CPD-20777	MetaCyc:CPD-20777	GC	MetaCyc:CPD-20777@Charged	MetaCyc:CPD-20777@Charged	
cpd35193	MetaCyc:CPD-16627	MetaCyc:CPD-16627	MetaCyc:CPD-16627	MetaCyc:CPD-16627	MetaCyc:CPD-16627	MetaCyc:CPD-16627	GC	MetaCyc:CPD-16627@Charged	MetaCyc:CPD-16627@Charged	eQuilibrator:MNXM147881
cpd35194	MetaCyc:CPD-15873	MetaCyc:CPD-15873	MetaCyc:CPD-15873	MetaCyc:CPD-15873@Charged	MetaCyc:CPD-15873	MetaCyc:CPD-15873	GC	MetaCyc:CPD-15873@Charged	MetaCyc:CPD-15873@Charged	
cpd35195	MetaCyc:CPD-17512	MetaCyc:CPD-17512	MetaCyc:CPD-17512	MetaCyc:CPD-17512	MetaCyc:CPD-17512	MetaCyc:CPD-17512	EQ	eQuilibrator:MNXM482942	MetaCyc:CPD-17512@Charged	eQuilibrator:MNXM482942
cpd35196	MetaCyc:CPD-18401	MetaCyc:CPD-18401	MetaCyc:CPD-18401	MetaCyc:CPD-18401	MetaCyc:CPD-18401	MetaCyc:CPD-18401	GC	MetaCyc:CPD-18401@Charged	MetaCyc:CPD-18401@Charged	eQuilibrator:MNXM669769
cpd35197	MetaCyc:CPD0-2611	MetaCyc:CPD0-2611	MetaCyc:CPD0-2611	MetaCyc:CPD0-2611	MetaCyc:CPD0-2611	MetaCyc:CPD0-2611	EQ	eQuilibrator:MNXM61465	MetaCyc:CPD0-2611@Charged	eQuilibrator:MNXM61465
cpd35198	MetaCyc:CPD-19398	MetaCyc:CPD-19398	MetaCyc:CPD-19398	MetaCyc:CPD-19398	MetaCyc:CPD-19398	MetaCyc:CPD-19398	EQ	eQuilibrator:MNXM164304	MetaCyc:CPD-19398@Charged	eQuilibrator:MNXM164304
cpd35199	MetaCyc:CPD-19984	MetaCyc:CPD-19984	MetaCyc:CPD-19984	MetaCyc:CPD-19984	MetaCyc:CPD-19984	MetaCyc:CPD-19984	EQ	eQuilibrator:MNXM37967	MetaCyc:CPD-19984@Charged	eQuilibrator:MNXM37967
cpd35200	MetaCyc:CPD-16413	MetaCyc:CPD-16413	MetaCyc:CPD-16413	MetaCyc:CPD-16413	MetaCyc:CPD-16413	MetaCyc:CPD-16413	EQ	eQuilibrator:MNXM42784	MetaCyc:CPD-16413@Charged	eQuilibrator:MNXM42784
cpd35201	MetaCyc:CPD-18617	MetaCyc:CPD-18617	MetaCyc:CPD-18617	MetaCyc:CPD-18617	MetaCyc:CPD-18617	MetaCyc:CPD-18617	EQ	eQuilibrator:MNXM165056	MetaCyc:CPD-18617@Charged	eQuilibrator:MNXM165056
cpd35202	MetaCyc:CPD-19108@Charged;ChEBI:132005@Charged	MetaCyc:CPD-19108@Charged;ChEBI:132005@Charged	MetaCyc:CPD-19108@Charged;ChEBI:132005@Charged	MetaCyc:CPD-19108@Charged;ChEBI:132005@Charged	MetaCyc:CPD-19108	MetaCyc:CPD-19108	EQ		MetaCyc:CPD-19108@Charged	
cpd35203	MetaCyc:CPD-16909;ChEBI:77015	MetaCyc:CPD-16909;ChEBI:77015	MetaCyc:CPD-16909;ChEBI:77015	MetaCyc:CPD-16909;ChEBI:77015	MetaCyc:CPD-16909	MetaCyc:CPD-16909	EQ	eQuilibrator:MNXM146346	MetaCyc:CPD-16909@Charged	eQuilibrator:MNXM146346
cpd35204	MetaCyc:CPD-18951	MetaCyc:CPD-18951	MetaCyc:CPD-18951	MetaCyc:CPD-18951	MetaCyc:CPD-18951	MetaCyc:CPD-18951	GC	MetaCyc:CPD-18951@Charged	MetaCyc:CPD-18951@Charged	
cpd35205	MetaCyc:CPD-21095	MetaCyc:CPD-21095	MetaCyc:CPD-21095	MetaCyc:CPD-21095	MetaCyc:CPD-21095		GC	MetaCyc:CPD-21095@Charged	MetaCyc:CPD-21095@Charged	
cpd35206	MetaCyc:CPD-19623	MetaCyc:CPD-19623	MetaCyc:CPD-19623	MetaCyc:CPD-19623	MetaCyc:CPD-19623	MetaCyc:CPD-19623	EQ	eQuilibrator:MNXM683029	MetaCyc:CPD-19623@Charged	eQuilibrator:MNXM683029
cpd35207	MetaCyc:CPD-20347	MetaCyc:CPD-20347	MetaCyc:CPD-20347	MetaCyc:CPD-20347	MetaCyc:CPD-20347	MetaCyc:CPD-20347	EQ	eQuilibrator:MNXM126245	MetaCyc:CPD-20347@Charged	eQuilibrator:MNXM126245
cpd35208	MetaCyc:CPD-21078;ChEBI:146780	MetaCyc:CPD-21078;ChEBI:146780	MetaCyc:CPD-21078;ChEBI:146780	MetaCyc:CPD-21078;ChEBI:146780	MetaCyc:CPD-21078	MetaCyc:CPD-21078	GC	MetaCyc:CPD-21078@Charged	MetaCyc:CPD-21078@Charged	
cpd35209	MetaCyc:CPD-19889;ChEBI:138604	MetaCyc:CPD-19889;ChEBI:138604	MetaCyc:CPD-19889;ChEBI:138604	MetaCyc:CPD-19889;ChEBI:138604	MetaCyc:CPD-19889	MetaCyc:CPD-19889	GC	MetaCyc:CPD-19889@Charged	MetaCyc:CPD-19889@Charged	
cpd35210	MetaCyc:CPD-16365	MetaCyc:CPD-16365	MetaCyc:CPD-16365	MetaCyc:CPD-16365	MetaCyc:CPD-16365	MetaCyc:CPD-16365	GC	MetaCyc:CPD-16365@Charged	MetaCyc:CPD-16365@Charged	eQuilibrator:MNXM57463
cpd35211	MetaCyc:CPD-21280;ChEBI:141988	MetaCyc:CPD-21280;ChEBI:141988	MetaCyc:CPD-21280;ChEBI:141988	MetaCyc:CPD-21280;ChEBI:141988	MetaCyc:CPD-21280	MetaCyc:CPD-21280	GC	MetaCyc:CPD-21280@Charged	MetaCyc:CPD-21280@Charged	
cpd35212	MetaCyc:CPD-16653;ChEBI:78314	MetaCyc:CPD-16653;ChEBI:78314	MetaCyc:CPD-16653;ChEBI:78314	MetaCyc:CPD-16653;ChEBI:78314	MetaCyc:CPD-16653	MetaCyc:CPD-16653	EQ	eQuilibrator:MNXM146254	MetaCyc:CPD-16653@Charged	eQuilibrator:MNXM146254
cpd35213	MetaCyc:CPD-21067	MetaCyc:CPD-21067	MetaCyc:CPD-21067	MetaCyc:CPD-21067	MetaCyc:CPD-21067	MetaCyc:CPD-21067	GC	MetaCyc:CPD-21067@Charged	MetaCyc:CPD-21067@Charged	
cpd35214	MetaCyc:CPD-16354	MetaCyc:CPD-16354	MetaCyc:CPD-16354	MetaCyc:CPD-16354	MetaCyc:CPD-16354	MetaCyc:CPD-16354	GC	MetaCyc:CPD-16354@Charged	MetaCyc:CPD-16354@Charged	
cpd35215	MetaCyc:CPD-20740@Charged	MetaCyc:CPD-20740@Charged		MetaCyc:CPD-20740@Charged	MetaCyc:CPD-20740	MetaCyc:CPD-20740	GC	MetaCyc:CPD-20740@Charged	MetaCyc:CPD-20740@Charged	
cpd35216	MetaCyc:CPD-18340	MetaCyc:CPD-18340	MetaCyc:CPD-18340	MetaCyc:CPD-18340	MetaCyc:CPD-18340	MetaCyc:CPD-18340	GC	MetaCyc:CPD-18340@Charged	MetaCyc:CPD-18340@Charged	eQuilibrator:MNXM588473
cpd35217	MetaCyc:CPD-20884	MetaCyc:CPD-20884	MetaCyc:CPD-20884	MetaCyc:CPD-20884@Charged	MetaCyc:CPD-20884	MetaCyc:CPD-20884	GC	MetaCyc:CPD-20884@Charged	MetaCyc:CPD-20884@Charged	
cpd35218	MetaCyc:CPD-17867	MetaCyc:CPD-17867	MetaCyc:CPD-17867	MetaCyc:CPD-17867	MetaCyc:CPD-17867	MetaCyc:CPD-17867	EQ	eQuilibrator:MNXM151448	MetaCyc:CPD-17867@Charged	eQuilibrator:MNXM151448
cpd35219	MetaCyc:CPD-17624	MetaCyc:CPD-17624	MetaCyc:CPD-17624	MetaCyc:CPD-17624	MetaCyc:CPD-17624	MetaCyc:CPD-17624	EQ	eQuilibrator:MNXM148386	MetaCyc:CPD-17624@Charged	eQuilibrator:MNXM148386
cpd35220	MetaCyc:CPD-19370	MetaCyc:CPD-19370	MetaCyc:CPD-19370	MetaCyc:CPD-19370	MetaCyc:CPD-19370	MetaCyc:CPD-19370	GC	MetaCyc:CPD-19370@Charged	MetaCyc:CPD-19370@Charged	
cpd35221	MetaCyc:CPD-20164	MetaCyc:CPD-20164	MetaCyc:CPD-20164	MetaCyc:CPD-20164			GC	MetaCyc:CPD-20164@Charged	MetaCyc:CPD-20164@Charged	
cpd35222	MetaCyc:CPD-18290	MetaCyc:CPD-18290	MetaCyc:CPD-18290	MetaCyc:CPD-18290	MetaCyc:CPD-18290	MetaCyc:CPD-18290	EQ	eQuilibrator:MNXM162905	MetaCyc:CPD-18290@Charged	eQuilibrator:MNXM162905
cpd35223	MetaCyc:CPD-21260	MetaCyc:CPD-21260	MetaCyc:CPD-21260	MetaCyc:CPD-21260	MetaCyc:CPD-21260	MetaCyc:CPD-21260	EQ	eQuilibrator:MNXM104248	MetaCyc:CPD-21260@Charged	eQuilibrator:MNXM104248
cpd35224	MetaCyc:CPD-17272;ChEBI:75447	MetaCyc:CPD-17272;ChEBI:75447	MetaCyc:CPD-17272;ChEBI:75447	MetaCyc:CPD-17272;ChEBI:75447	MetaCyc:CPD-17272	MetaCyc:CPD-17272	EQ	eQuilibrator:MNXM49574	MetaCyc:CPD-17272@Charged	eQuilibrator:MNXM49574
cpd35225	MetaCyc:CPD-21479	MetaCyc:CPD-21479	MetaCyc:CPD-21479	MetaCyc:CPD-21479	MetaCyc:CPD-21479	MetaCyc:CPD-21479	GC	MetaCyc:CPD-21479@Charged	MetaCyc:CPD-21479@Charged	
cpd35226	MetaCyc:CPD-18170@Charged	MetaCyc:CPD-18170@Charged	MetaCyc:CPD-18170@Charged	MetaCyc:CPD-18170@Charged	MetaCyc:CPD-18170	MetaCyc:CPD-18170	GC	MetaCyc:CPD-18170@Charged	MetaCyc:CPD-18170@Charged	eQuilibrator:MNXM168038
cpd35227	MetaCyc:CPD-15242	MetaCyc:CPD-15242	MetaCyc:CPD-15242	MetaCyc:CPD-15242	MetaCyc:CPD-15242		GC	MetaCyc:CPD-15242@Charged	MetaCyc:CPD-15242@Charged	
cpd35228	MetaCyc:CPD-19257@Charged	MetaCyc:CPD-19257@Charged	MetaCyc:CPD-19257@Charged	MetaCyc:CPD-19257@Charged	MetaCyc:CPD-19257	MetaCyc:CPD-19257	GC	MetaCyc:CPD-19257@Charged	MetaCyc:CPD-19257@Charged	
cpd35229	MetaCyc:CPD-21205	MetaCyc:CPD-21205	MetaCyc:CPD-21205	MetaCyc:CPD-21205		MetaCyc:CPD-21205	GC	MetaCyc:CPD-21205@Charged	MetaCyc:CPD-21205@Charged	
cpd35230	MetaCyc:CPD-17186	MetaCyc:CPD-17186	MetaCyc:CPD-17186	MetaCyc:CPD-17186	MetaCyc:CPD-17186	MetaCyc:CPD-17186	GC	MetaCyc:CPD-17186@Charged	MetaCyc:CPD-17186@Charged	eQuilibrator:MNXM148350
cpd35231	MetaCyc:CPD-20591@Charged	MetaCyc:CPD-20591@Charged	MetaCyc:CPD-20591@Charged	MetaCyc:CPD-20591@Charged	MetaCyc:CPD-20591	MetaCyc:CPD-20591	GC	MetaCyc:CPD-20591@Charged	MetaCyc:CPD-20591@Charged	
cpd35232	MetaCyc:CPD-20248	MetaCyc:CPD-20248	MetaCyc:CPD-20248	MetaCyc:CPD-20248	MetaCyc:CPD-20248	MetaCyc:CPD-20248	GC	MetaCyc:CPD-20248@Charged	MetaCyc:CPD-20248@Charged	
cpd35233	MetaCyc:CPD-19048	MetaCyc:CPD-19048	MetaCyc:CPD-19048	MetaCyc:CPD-19048	MetaCyc:CPD-19048	MetaCyc:CPD-19048	EQ	eQuilibrator:MNXM683051	MetaCyc:CPD-19048@Charged	eQuilibrator:MNXM683051
cpd35234	MetaCyc:CPD-16002	MetaCyc:CPD-16002	MetaCyc:CPD-16002	MetaCyc:CPD-16002	MetaCyc:CPD-16002	MetaCyc:CPD-16002	EQ	eQuilibrator:MNXM163937	MetaCyc:CPD-16002@Charged	eQuilibrator:MNXM163937
cpd35235	MetaCyc:CPD-19271;ChEBI:133696	MetaCyc:CPD-19271;ChEBI:133696	MetaCyc:CPD-19271;ChEBI:133696	MetaCyc:CPD-19271;ChEBI:133696	MetaCyc:CPD-19271	MetaCyc:CPD-19271	GC	MetaCyc:CPD-19271@Charged	MetaCyc:CPD-19271@Charged	
cpd35236	MetaCyc:CPD-17079;ChEBI:131934	MetaCyc:CPD-17079;ChEBI:131934	MetaCyc:CPD-17079;ChEBI:131934	MetaCyc:CPD-17079;ChEBI:131934	MetaCyc:CPD-17079	MetaCyc:CPD-17079	EQ	eQuilibrator:MNXM117360	MetaCyc:CPD-17079@Charged	eQuilibrator:MNXM117360
cpd35237	MetaCyc:CPD-18643	MetaCyc:CPD-18643	MetaCyc:CPD-18643	MetaCyc:CPD-18643	MetaCyc:CPD-18643	MetaCyc:CPD-18643	GC	MetaCyc:CPD-18643@Charged	MetaCyc:CPD-18643@Charged	eQuilibrator:MNXM481829
cpd35238	MetaCyc:CPD-18355	MetaCyc:CPD-18355	MetaCyc:CPD-18355	MetaCyc:CPD-18355	MetaCyc:CPD-18355	MetaCyc:CPD-18355	EQ		MetaCyc:CPD-18355@Charged	
cpd35239	MetaCyc:CPD-20633@Charged	MetaCyc:CPD-20633@Charged	MetaCyc:CPD-20633@Charged	MetaCyc:CPD-20633@Charged	MetaCyc:CPD-20633	MetaCyc:CPD-20633	GC	MetaCyc:CPD-20633@Charged	MetaCyc:CPD-20633@Charged	
cpd35240	MetaCyc:CPD-17876@Charged	MetaCyc:CPD-17876@Charged	MetaCyc:CPD-17876@Charged	MetaCyc:CPD-17876@Charged	MetaCyc:CPD-17876	MetaCyc:CPD-17876	GC	MetaCyc:CPD-17876@Charged	MetaCyc:CPD-17876@Charged	
cpd35241	MetaCyc:CPD-20698	MetaCyc:CPD-20698	MetaCyc:CPD-20698	MetaCyc:CPD-20698	MetaCyc:CPD-20698	MetaCyc:CPD-20698	GC	MetaCyc:CPD-20698@Charged	MetaCyc:CPD-20698@Charged	
cpd35242	MetaCyc:CPD-20683	MetaCyc:CPD-20683	MetaCyc:CPD-20683	MetaCyc:CPD-20683	MetaCyc:CPD-20683	MetaCyc:CPD-20683	GC	MetaCyc:CPD-20683@Charged	MetaCyc:CPD-20683@Charged	
cpd35243	MetaCyc:CPD-19936	MetaCyc:CPD-19936	MetaCyc:CPD-19936	MetaCyc:CPD-19936	MetaCyc:CPD-19936	MetaCyc:CPD-19936	GC	MetaCyc:CPD-19936@Charged	MetaCyc:CPD-19936@Charged	
cpd35244	MetaCyc:CPD-15507	MetaCyc:CPD-15507	MetaCyc:CPD-15507	MetaCyc:CPD-15507	MetaCyc:CPD-15507	MetaCyc:CPD-15507	EQ	eQuilibrator:MNXM152776	MetaCyc:CPD-15507@Charged	eQuilibrator:MNXM152776
cpd35245	MetaCyc:CPD-14760	MetaCyc:CPD-14760	MetaCyc:CPD-14760	MetaCyc:CPD-14760		MetaCyc:CPD-14760	GC	MetaCyc:CPD-14760@Charged	MetaCyc:CPD-14760@Charged	eQuilibrator:MNXM114675
cpd35246	MetaCyc:CPD-14432;ChEBI:78811	MetaCyc:CPD-14432;ChEBI:78811	MetaCyc:CPD-14432;ChEBI:78811	MetaCyc:CPD-14432;ChEBI:78811	MetaCyc:CPD-14432	MetaCyc:CPD-14432	EQ	eQuilibrator:MNXM56148	MetaCyc:CPD-14432@Charged	eQuilibrator:MNXM56148
cpd35247	MetaCyc:CPD-20666	MetaCyc:CPD-20666	MetaCyc:CPD-20666	MetaCyc:CPD-20666	MetaCyc:CPD-20666	MetaCyc:CPD-20666	GC	MetaCyc:CPD-20666@Charged	MetaCyc:CPD-20666@Charged	
cpd35248	MetaCyc:CPD-17837	MetaCyc:CPD-17837	MetaCyc:CPD-17837	MetaCyc:CPD-17837	MetaCyc:CPD-17837	MetaCyc:CPD-17837	EQ	eQuilibrator:MNXM51505	MetaCyc:CPD-17837@Charged	eQuilibrator:MNXM51505
cpd35249	MetaCyc:CPD-20195	MetaCyc:CPD-20195	MetaCyc:CPD-20195	MetaCyc:CPD-20195	MetaCyc:CPD-20195	MetaCyc:CPD-20195	GC	MetaCyc:CPD-20195@Charged	MetaCyc:CPD-20195@Charged	
cpd35250	MetaCyc:CPD-20813@Charged	MetaCyc:CPD-20813@Charged	MetaCyc:CPD-20813@Charged	MetaCyc:CPD-20813@Charged	MetaCyc:CPD-20813	MetaCyc:CPD-20813	GC	MetaCyc:CPD-20813@Charged	MetaCyc:CPD-20813@Charged	
cpd35251	MetaCyc:CPD-21118;ChEBI:156140	MetaCyc:CPD-21118;ChEBI:156140	MetaCyc:CPD-21118;ChEBI:156140	MetaCyc:CPD-21118;ChEBI:156140	MetaCyc:CPD-21118	MetaCyc:CPD-21118	GC	MetaCyc:CPD-21118@Charged	MetaCyc:CPD-21118@Charged	
cpd35252	MetaCyc:CPD-19068;ChEBI:83862	MetaCyc:CPD-19068;ChEBI:83862	MetaCyc:CPD-19068;ChEBI:83862	MetaCyc:CPD-19068;ChEBI:83862	MetaCyc:CPD-19068	MetaCyc:CPD-19068	GC	MetaCyc:CPD-19068@Charged	MetaCyc:CPD-19068@Charged	eQuilibrator:MNXM145953
cpd35253	MetaCyc:CPD-18159	MetaCyc:CPD-18159	MetaCyc:CPD-18159	MetaCyc:CPD-18159	MetaCyc:CPD-18159	MetaCyc:CPD-18159	GC	MetaCyc:CPD-18159@Charged	MetaCyc:CPD-18159@Charged	eQuilibrator:MNXM681075
cpd35254	MetaCyc:CPD-18051	MetaCyc:CPD-18051	MetaCyc:CPD-18051	MetaCyc:CPD-18051	MetaCyc:CPD-18051	MetaCyc:CPD-18051	EQ	eQuilibrator:MNXM148881	MetaCyc:CPD-18051@Charged	eQuilibrator:MNXM148881
cpd35255	MetaCyc:CPD-17830	MetaCyc:CPD-17830	MetaCyc:CPD-17830	MetaCyc:CPD-17830	MetaCyc:CPD-17830		EQ	eQuilibrator:MNXM153040	MetaCyc:CPD-17830@Charged	eQuilibrator:MNXM153040
cpd35256	MetaCyc:CPD-17534	MetaCyc:CPD-17534	MetaCyc:CPD-17534	MetaCyc:CPD-17534	MetaCyc:CPD-17534	MetaCyc:CPD-17534	EQ	eQuilibrator:MNXM162052	MetaCyc:CPD-17534@Charged	eQuilibrator:MNXM162052
cpd35257	MetaCyc:CPD-15713	MetaCyc:CPD-15713	MetaCyc:CPD-15713	MetaCyc:CPD-15713	MetaCyc:CPD-15713	MetaCyc:CPD-15713	GC	MetaCyc:CPD-15713@Charged	MetaCyc:CPD-15713@Charged	
cpd35258	MetaCyc:CPD-19043	MetaCyc:CPD-19043	MetaCyc:CPD-19043	MetaCyc:CPD-19043	MetaCyc:CPD-19043	MetaCyc:CPD-19043	EQ	eQuilibrator:MNXM163585	MetaCyc:CPD-19043@Charged	eQuilibrator:MNXM163585
cpd35259	MetaCyc:CPD66-63	MetaCyc:CPD66-63	MetaCyc:CPD66-63	MetaCyc:CPD66-63	MetaCyc:CPD66-63	MetaCyc:CPD66-63	EQ		MetaCyc:CPD66-63@Charged	
cpd35260	MetaCyc:CPD-21298	MetaCyc:CPD-21298	MetaCyc:CPD-21298	MetaCyc:CPD-21298	MetaCyc:CPD-21298	MetaCyc:CPD-21298	GC	MetaCyc:CPD-21298@Charged	MetaCyc:CPD-21298@Charged	
cpd35261	MetaCyc:CPD-18807	MetaCyc:CPD-18807		MetaCyc:CPD-18807	MetaCyc:CPD-18807		GC	MetaCyc:CPD-18807@Charged	MetaCyc:CPD-18807@Charged	
cpd35262	MetaCyc:CPD-19504;ChEBI:183223	MetaCyc:CPD-19504;ChEBI:183223	MetaCyc:CPD-19504;ChEBI:183223	MetaCyc:CPD-19504;ChEBI:183223			GC	MetaCyc:CPD-19504@Charged	MetaCyc:CPD-19504@Charged	
cpd35263	MetaCyc:CPD-18600	MetaCyc:CPD-18600	MetaCyc:CPD-18600	MetaCyc:CPD-18600	MetaCyc:CPD-18600	MetaCyc:CPD-18600	GC	MetaCyc:CPD-18600@Charged	MetaCyc:CPD-18600@Charged	eQuilibrator:MNXM169173
cpd35264	MetaCyc:CPD-20703	MetaCyc:CPD-20703	MetaCyc:CPD-20703	MetaCyc:CPD-20703			GC	MetaCyc:CPD-20703@Charged	MetaCyc:CPD-20703@Charged	
cpd35265	MetaCyc:CPD-19785@Charged;ChEBI:134340	MetaCyc:CPD-19785@Charged;ChEBI:134340	MetaCyc:CPD-19785@Charged;ChEBI:134340	MetaCyc:CPD-19785@Charged;ChEBI:134340	MetaCyc:CPD-19785	MetaCyc:CPD-19785	EQ	eQuilibrator:MNXM162635	MetaCyc:CPD-19785@Charged	eQuilibrator:MNXM162635
cpd35266	MetaCyc:CPD-21175	MetaCyc:CPD-21175	MetaCyc:CPD-21175	MetaCyc:CPD-21175	MetaCyc:CPD-21175	MetaCyc:CPD-21175	GC	MetaCyc:CPD-21175@Charged	MetaCyc:CPD-21175@Charged	
cpd35267	MetaCyc:CPD-17933	MetaCyc:CPD-17933	MetaCyc:CPD-17933	MetaCyc:CPD-17933	MetaCyc:CPD-17933	MetaCyc:CPD-17933	GC	MetaCyc:CPD-17933@Charged	MetaCyc:CPD-17933@Charged	eQuilibrator:MNXM161350
cpd35268	MetaCyc:CPD-16360;ChEBI:60256	MetaCyc:CPD-16360;ChEBI:60256	MetaCyc:CPD-16360;ChEBI:60256	MetaCyc:CPD-16360;ChEBI:60256	MetaCyc:CPD-16360	MetaCyc:CPD-16360	EQ	eQuilibrator:MNXM31230	MetaCyc:CPD-16360@Charged	eQuilibrator:MNXM31230
cpd35269	MetaCyc:CPD-14825@Charged	MetaCyc:CPD-14825@Charged	MetaCyc:CPD-14825@Charged	MetaCyc:CPD-14825@Charged	MetaCyc:CPD-14825	MetaCyc:CPD-14825	GC	MetaCyc:CPD-14825@Charged	MetaCyc:CPD-14825@Charged	eQuilibrator:MNXM60629
cpd35270	MetaCyc:CPD-19385	MetaCyc:CPD-19385	MetaCyc:CPD-19385	MetaCyc:CPD-19385	MetaCyc:CPD-19385	MetaCyc:CPD-19385	EQ	eQuilibrator:MNXM31393	MetaCyc:CPD-19385@Charged	eQuilibrator:MNXM31393
cpd35271	MetaCyc:CPD-15918	MetaCyc:CPD-15918	MetaCyc:CPD-15918	MetaCyc:CPD-15918	MetaCyc:CPD-15918	MetaCyc:CPD-15918	GC	MetaCyc:CPD-15918@Charged	MetaCyc:CPD-15918@Charged	
cpd35272	MetaCyc:CPD-16663;ChEBI:60091	MetaCyc:CPD-16663;ChEBI:60091	MetaCyc:CPD-16663;ChEBI:60091	MetaCyc:CPD-16663;ChEBI:60091	MetaCyc:CPD-16663	MetaCyc:CPD-16663	GC	MetaCyc:CPD-16663@Charged	MetaCyc:CPD-16663@Charged	eQuilibrator:MNXM40917
cpd35273	MetaCyc:CPD-18065	MetaCyc:CPD-18065	MetaCyc:CPD-18065	MetaCyc:CPD-18065	MetaCyc:CPD-18065	MetaCyc:CPD-18065	GC	MetaCyc:CPD-18065@Charged	MetaCyc:CPD-18065@Charged	
cpd35274	MetaCyc:CPD-21167	MetaCyc:CPD-21167	MetaCyc:CPD-21167	MetaCyc:CPD-21167	MetaCyc:CPD-21167	MetaCyc:CPD-21167	GC	MetaCyc:CPD-21167@Charged	MetaCyc:CPD-21167@Charged	eQuilibrator:MNXM62418
cpd35275	MetaCyc:CPD-17520@Charged;ChEBI:84955@Charged	MetaCyc:CPD-17520@Charged;ChEBI:84955@Charged	MetaCyc:CPD-17520@Charged;ChEBI:84955@Charged	MetaCyc:CPD-17520@Charged;ChEBI:84955@Charged	MetaCyc:CPD-17520	MetaCyc:CPD-17520	GC	MetaCyc:CPD-17520@Charged	MetaCyc:CPD-17520@Charged	
cpd35276	MetaCyc:CPD-19085	MetaCyc:CPD-19085	MetaCyc:CPD-19085	MetaCyc:CPD-19085	MetaCyc:CPD-19085	MetaCyc:CPD-19085	EQ	eQuilibrator:MNXM164252	MetaCyc:CPD-19085@Charged	eQuilibrator:MNXM164252
cpd35277	MetaCyc:CPD-20863@Charged	MetaCyc:CPD-20863@Charged	MetaCyc:CPD-20863@Charged	MetaCyc:CPD-20863@Charged	MetaCyc:CPD-20863	MetaCyc:CPD-20863	GC	MetaCyc:CPD-20863@Charged	MetaCyc:CPD-20863@Charged	
cpd35278	MetaCyc:CPD-17970	MetaCyc:CPD-17970	MetaCyc:CPD-17970	MetaCyc:CPD-17970	MetaCyc:CPD-17970	MetaCyc:CPD-17970	EQ	eQuilibrator:MNXM152295	MetaCyc:CPD-17970@Charged	eQuilibrator:MNXM152295
cpd35279	MetaCyc:CPD-18172;ChEBI:83916	MetaCyc:CPD-18172;ChEBI:83916	MetaCyc:CPD-18172;ChEBI:83916	MetaCyc:CPD-18172;ChEBI:83916	MetaCyc:CPD-18172	MetaCyc:CPD-18172	EQ	eQuilibrator:MNXM147246	MetaCyc:CPD-18172@Charged	eQuilibrator:MNXM147246
cpd35280	MetaCyc:CPD-20173	MetaCyc:CPD-20173	MetaCyc:CPD-20173	MetaCyc:CPD-20173	MetaCyc:CPD-20173	MetaCyc:CPD-20173	GC	MetaCyc:CPD-20173@Charged	MetaCyc:CPD-20173@Charged	
cpd35281	MetaCyc:CPD-18440	MetaCyc:CPD-18440	MetaCyc:CPD-18440	MetaCyc:CPD-18440	MetaCyc:CPD-18440	MetaCyc:CPD-18440	EQ	eQuilibrator:MNXM165602	MetaCyc:CPD-18440@Charged	eQuilibrator:MNXM165602
cpd35282	MetaCyc:CPD-15882	MetaCyc:CPD-15882	MetaCyc:CPD-15882	MetaCyc:CPD-15882	MetaCyc:CPD-15882	MetaCyc:CPD-15882	GC	MetaCyc:CPD-15882@Charged	MetaCyc:CPD-15882@Charged	eQuilibrator:MNXM113626
cpd35283	MetaCyc:CPD-19562	MetaCyc:CPD-19562	MetaCyc:CPD-19562	MetaCyc:CPD-19562	MetaCyc:CPD-19562	MetaCyc:CPD-19562	GC	MetaCyc:CPD-19562@Charged	MetaCyc:CPD-19562@Charged	
cpd35284	MetaCyc:CPD-21108;ChEBI:145805	MetaCyc:CPD-21108;ChEBI:145805	MetaCyc:CPD-21108;ChEBI:145805	MetaCyc:CPD-21108;ChEBI:145805	MetaCyc:CPD-21108	MetaCyc:CPD-21108	GC	MetaCyc:CPD-21108@Charged	MetaCyc:CPD-21108@Charged	
cpd35285	MetaCyc:CPD-18276	MetaCyc:CPD-18276	MetaCyc:CPD-18276	MetaCyc:CPD-18276	MetaCyc:CPD-18276	MetaCyc:CPD-18276	EQ	eQuilibrator:MNXM164336	MetaCyc:CPD-18276@Charged	eQuilibrator:MNXM164336
cpd35286	MetaCyc:CPD-19407	MetaCyc:CPD-19407	MetaCyc:CPD-19407	MetaCyc:CPD-19407	MetaCyc:CPD-19407	MetaCyc:CPD-19407	EQ	eQuilibrator:MNXM165591	MetaCyc:CPD-19407@Charged	eQuilibrator:MNXM165591
cpd35287	MetaCyc:CPD-16441	MetaCyc:CPD-16441	MetaCyc:CPD-16441	MetaCyc:CPD-16441	MetaCyc:CPD-16441	MetaCyc:CPD-16441	GC	MetaCyc:CPD-16441@Charged	MetaCyc:CPD-16441@Charged	eQuilibrator:MNXM148328
cpd35288	MetaCyc:CPD-20136;ChEBI:137535	MetaCyc:CPD-20136;ChEBI:137535	MetaCyc:CPD-20136;ChEBI:137535	MetaCyc:CPD-20136;ChEBI:137535		MetaCyc:CPD-20136	GC	MetaCyc:CPD-20136@Charged	MetaCyc:CPD-20136@Charged	
cpd35289	MetaCyc:CPD-17314	MetaCyc:CPD-17314	MetaCyc:CPD-17314	MetaCyc:CPD-17314	MetaCyc:CPD-17314	MetaCyc:CPD-17314	GC	MetaCyc:CPD-17314@Charged	MetaCyc:CPD-17314@Charged	eQuilibrator:MNXM72981
cpd35290	MetaCyc:CPD-19675	MetaCyc:CPD-19675	MetaCyc:CPD-19675	MetaCyc:CPD-19675	MetaCyc:CPD-19675	MetaCyc:CPD-19675	GC	MetaCyc:CPD-19675@Charged	MetaCyc:CPD-19675@Charged	
cpd35291	MetaCyc:CPD-15443	MetaCyc:CPD-15443	MetaCyc:CPD-15443	MetaCyc:CPD-15443	MetaCyc:CPD-15443	MetaCyc:CPD-15443	GC	MetaCyc:CPD-15443@Charged	MetaCyc:CPD-15443@Charged	
cpd35292	MetaCyc:CPD-21037	MetaCyc:CPD-21037	MetaCyc:CPD-21037	MetaCyc:CPD-21037	MetaCyc:CPD-21037	MetaCyc:CPD-21037	GC	MetaCyc:CPD-21037@Charged	MetaCyc:CPD-21037@Charged	eQuilibrator:MNXM506975
cpd35293	MetaCyc:CPD-17129;ChEBI:83435	MetaCyc:CPD-17129;ChEBI:83435	MetaCyc:CPD-17129;ChEBI:83435	MetaCyc:CPD-17129;ChEBI:83435	MetaCyc:CPD-17129	MetaCyc:CPD-17129	EQ	eQuilibrator:MNXM145639	MetaCyc:CPD-17129@Charged	eQuilibrator:MNXM145639
cpd35294	MetaCyc:CPD-16546	MetaCyc:CPD-16546	MetaCyc:CPD-16546	MetaCyc:CPD-16546	MetaCyc:CPD-16546	MetaCyc:CPD-16546	EQ	eQuilibrator:MNXM151090	MetaCyc:CPD-16546@Charged	eQuilibrator:MNXM151090
cpd35295	MetaCyc:CPD-20926;ChEBI:139161	MetaCyc:CPD-20926;ChEBI:139161	MetaCyc:CPD-20926;ChEBI:139161	MetaCyc:CPD-20926;ChEBI:139161		MetaCyc:CPD-20926	GC	MetaCyc:CPD-20926@Charged	MetaCyc:CPD-20926@Charged	
cpd35296	MetaCyc:CPD-18435	MetaCyc:CPD-18435	MetaCyc:CPD-18435	MetaCyc:CPD-18435	MetaCyc:CPD-18435	MetaCyc:CPD-18435	EQ	eQuilibrator:MNXM165398	MetaCyc:CPD-18435@Charged	eQuilibrator:MNXM165398
cpd35297	MetaCyc:CPD-17542	MetaCyc:CPD-17542	MetaCyc:CPD-17542	MetaCyc:CPD-17542	MetaCyc:CPD-17542	MetaCyc:CPD-17542	EQ	eQuilibrator:MNXM155088	MetaCyc:CPD-17542@Charged	eQuilibrator:MNXM155088
cpd35298	MetaCyc:CPD-14717;ChEBI:171666	MetaCyc:CPD-14717;ChEBI:171666	MetaCyc:CPD-14717;ChEBI:171666	MetaCyc:CPD-14717;ChEBI:171666	MetaCyc:CPD-14717	MetaCyc:CPD-14717	EQ	eQuilibrator:MNXM174122	MetaCyc:CPD-14717@Charged	eQuilibrator:MNXM174122
cpd35299	MetaCyc:CPD-20318;ChEBI:138980	MetaCyc:CPD-20318;ChEBI:138980	MetaCyc:CPD-20318;ChEBI:138980	MetaCyc:CPD-20318;ChEBI:138980		MetaCyc:CPD-20318	GC	MetaCyc:CPD-20318@Charged	MetaCyc:CPD-20318@Charged	
cpd35300	MetaCyc:CPD-20391	MetaCyc:CPD-20391	MetaCyc:CPD-20391	MetaCyc:CPD-20391	MetaCyc:CPD-20391	MetaCyc:CPD-20391	EQ	eQuilibrator:MNXM105301	MetaCyc:CPD-20391@Charged	eQuilibrator:MNXM105301
cpd35301	MetaCyc:CPD-15616;ChEBI:13172	MetaCyc:CPD-15616;ChEBI:13172	MetaCyc:CPD-15616;ChEBI:13172	MetaCyc:CPD-15616;ChEBI:13172	MetaCyc:CPD-15616	MetaCyc:CPD-15616	EQ	eQuilibrator:MNXM59041	MetaCyc:CPD-15616@Charged	eQuilibrator:MNXM59041
cpd35302	MetaCyc:CPD-18074	MetaCyc:CPD-18074	MetaCyc:CPD-18074	MetaCyc:CPD-18074	MetaCyc:CPD-18074	MetaCyc:CPD-18074	GC	MetaCyc:CPD-18074@Charged	MetaCyc:CPD-18074@Charged	eQuilibrator:MNXM147748
cpd35303	MetaCyc:CPD-14836@Charged	MetaCyc:CPD-14836@Charged	MetaCyc:CPD-14836@Charged	MetaCyc:CPD-14836@Charged	MetaCyc:CPD-14836	MetaCyc:CPD-14836	EQ		MetaCyc:CPD-14836@Charged	
cpd35304	MetaCyc:CPD-15004	MetaCyc:CPD-15004	MetaCyc:CPD-15004	MetaCyc:CPD-15004	MetaCyc:CPD-15004	MetaCyc:CPD-15004	EQ	eQuilibrator:MNXM114574	MetaCyc:CPD-15004@Charged	eQuilibrator:MNXM114574
cpd35305	MetaCyc:CPD-21469	MetaCyc:CPD-21469	MetaCyc:CPD-21469	MetaCyc:CPD-21469	MetaCyc:CPD-21469	MetaCyc:CPD-21469	GC	MetaCyc:CPD-21469@Charged	MetaCyc:CPD-21469@Charged	
cpd35306	MetaCyc:CPD-20958	MetaCyc:CPD-20958	MetaCyc:CPD-20958	MetaCyc:CPD-20958	MetaCyc:CPD-20958	MetaCyc:CPD-20958	GC	MetaCyc:CPD-20958@Charged	MetaCyc:CPD-20958@Charged	
cpd35307	MetaCyc:CPD1UA-45	MetaCyc:CPD1UA-45	MetaCyc:CPD1UA-45	MetaCyc:CPD1UA-45	MetaCyc:CPD1UA-45	MetaCyc:CPD1UA-45	GC	MetaCyc:CPD1UA-45@Charged	MetaCyc:CPD1UA-45@Charged	
cpd35308	MetaCyc:CPD-15686	MetaCyc:CPD-15686	MetaCyc:CPD-15686	MetaCyc:CPD-15686	MetaCyc:CPD-15686	MetaCyc:CPD-15686	EQ	eQuilibrator:MNXM147784	MetaCyc:CPD-15686@Charged	eQuilibrator:MNXM147784
cpd35309	MetaCyc:CPD-18376	MetaCyc:CPD-18376	MetaCyc:CPD-18376	MetaCyc:CPD-18376	MetaCyc:CPD-18376	MetaCyc:CPD-18376	EQ	eQuilibrator:MNXM722498	MetaCyc:CPD-18376@Charged	eQuilibrator:MNXM722498
cpd35310	MetaCyc:CPD-17681	MetaCyc:CPD-17681	MetaCyc:CPD-17681	MetaCyc:CPD-17681		MetaCyc:CPD-17681	GC	MetaCyc:CPD-17681@Charged	MetaCyc:CPD-17681@Charged	
cpd35311	MetaCyc:CPD-20550;ChEBI:140203	MetaCyc:CPD-20550;ChEBI:140203	MetaCyc:CPD-20550;ChEBI:140203	MetaCyc:CPD-20550;ChEBI:140203	MetaCyc:CPD-20550	MetaCyc:CPD-20550	GC	MetaCyc:CPD-20550@Charged	MetaCyc:CPD-20550@Charged	
cpd35312	MetaCyc:CPD-21506;ChEBI:141633	MetaCyc:CPD-21506;ChEBI:141633	MetaCyc:CPD-21506;ChEBI:141633	MetaCyc:CPD-21506;ChEBI:141633	MetaCyc:CPD-21506	MetaCyc:CPD-21506	GC	MetaCyc:CPD-21506@Charged	MetaCyc:CPD-21506@Charged	
cpd35313	MetaCyc:CPD-20075;ChEBI:137522	MetaCyc:CPD-20075;ChEBI:137522	MetaCyc:CPD-20075;ChEBI:137522	MetaCyc:CPD-20075;ChEBI:137522		MetaCyc:CPD-20075	GC	MetaCyc:CPD-20075@Charged	MetaCyc:CPD-20075@Charged	
cpd35314	MetaCyc:CPD-14812	MetaCyc:CPD-14812	MetaCyc:CPD-14812	MetaCyc:CPD-14812	MetaCyc:CPD-14812	MetaCyc:CPD-14812	EQ	eQuilibrator:MNXM114463	MetaCyc:CPD-14812@Charged	eQuilibrator:MNXM114463
cpd35315	MetaCyc:CPD-18665	MetaCyc:CPD-18665	MetaCyc:CPD-18665	MetaCyc:CPD-18665	MetaCyc:CPD-18665	MetaCyc:CPD-18665	EQ	eQuilibrator:MNXM167369	MetaCyc:CPD-18665@Charged	eQuilibrator:MNXM167369
cpd35316	MetaCyc:CPD-17996@Charged	MetaCyc:CPD-17996@Charged	MetaCyc:CPD-17996@Charged	MetaCyc:CPD-17996@Charged	MetaCyc:CPD-17996	MetaCyc:CPD-17996	EQ	eQuilibrator:MNXM149046	MetaCyc:CPD-17996@Charged	eQuilibrator:MNXM149046
cpd35317	MetaCyc:CPD-17814	MetaCyc:CPD-17814	MetaCyc:CPD-17814	MetaCyc:CPD-17814	MetaCyc:CPD-17814	MetaCyc:CPD-17814	EQ	eQuilibrator:MNXM147625	MetaCyc:CPD-17814@Charged	eQuilibrator:MNXM147625
cpd35318	MetaCyc:CPD-20906@Charged	MetaCyc:CPD-20906@Charged		MetaCyc:CPD-20906@Charged	MetaCyc:CPD-20906	MetaCyc:CPD-20906	GC	MetaCyc:CPD-20906@Charged	MetaCyc:CPD-20906@Charged	
cpd35319	MetaCyc:CPD-19357	MetaCyc:CPD-19357	MetaCyc:CPD-19357	MetaCyc:CPD-19357	MetaCyc:CPD-19357	MetaCyc:CPD-19357	EQ	eQuilibrator:MNXM468289	MetaCyc:CPD-19357@Charged	eQuilibrator:MNXM468289
cpd35320	MetaCyc:CPD-14941@Charged	MetaCyc:CPD-14941@Charged	MetaCyc:CPD-14941@Charged	MetaCyc:CPD-14941@Charged	MetaCyc:CPD-14941	MetaCyc:CPD-14941	GC	MetaCyc:CPD-14941@Charged	MetaCyc:CPD-14941@Charged	
cpd35321	MetaCyc:CPD-19170;ChEBI:87717	MetaCyc:CPD-19170;ChEBI:87717	MetaCyc:CPD-19170;ChEBI:87717	MetaCyc:CPD-19170;ChEBI:87717	MetaCyc:CPD-19170	MetaCyc:CPD-19170	EQ	eQuilibrator:MNXM149355	MetaCyc:CPD-19170@Charged	eQuilibrator:MNXM149355
cpd35322	MetaCyc:CPD-16638@Charged;ChEBI:78287@Charged	MetaCyc:CPD-16638@Charged;ChEBI:78287@Charged	MetaCyc:CPD-16638@Charged;ChEBI:78287@Charged	MetaCyc:CPD-16638@Charged;ChEBI:78287@Charged	MetaCyc:CPD-16638	MetaCyc:CPD-16638	EQ		MetaCyc:CPD-16638@Charged	
cpd35323	MetaCyc:CPD-14758	MetaCyc:CPD-14758	MetaCyc:CPD-14758	MetaCyc:CPD-14758	MetaCyc:CPD-14758	MetaCyc:CPD-14758	GC	MetaCyc:CPD-14758@Charged	MetaCyc:CPD-14758@Charged	eQuilibrator:MNXM114676
cpd35324	MetaCyc:CPD-19584	MetaCyc:CPD-19584	MetaCyc:CPD-19584	MetaCyc:CPD-19584	MetaCyc:CPD-19584	MetaCyc:CPD-19584	GC	MetaCyc:CPD-19584@Charged	MetaCyc:CPD-19584@Charged	
cpd35325	MetaCyc:CPD-21318	MetaCyc:CPD-21318	MetaCyc:CPD-21318	MetaCyc:CPD-21318	MetaCyc:CPD-21318	MetaCyc:CPD-21318	GC	MetaCyc:CPD-21318@Charged	MetaCyc:CPD-21318@Charged	
cpd35326	MetaCyc:CPD-21060	MetaCyc:CPD-21060	MetaCyc:CPD-21060	MetaCyc:CPD-21060@Charged	MetaCyc:CPD-21060	MetaCyc:CPD-21060	GC	MetaCyc:CPD-21060@Charged	MetaCyc:CPD-21060@Charged	
cpd35327	MetaCyc:CPD-15222;ChEBI:73152	MetaCyc:CPD-15222;ChEBI:73152	MetaCyc:CPD-15222;ChEBI:73152	MetaCyc:CPD-15222;ChEBI:73152		MetaCyc:CPD-15222	EQ	eQuilibrator:MNXM146493	MetaCyc:CPD-15222@Charged	eQuilibrator:MNXM146493
cpd35328	MetaCyc:CPD-17234	MetaCyc:CPD-17234	MetaCyc:CPD-17234	MetaCyc:CPD-17234	MetaCyc:CPD-17234	MetaCyc:CPD-17234	GC	MetaCyc:CPD-17234@Charged	MetaCyc:CPD-17234@Charged	eQuilibrator:MNXM156156
cpd35329	MetaCyc:CPD-16451	MetaCyc:CPD-16451	MetaCyc:CPD-16451	MetaCyc:CPD-16451	MetaCyc:CPD-16451	MetaCyc:CPD-16451	GC	MetaCyc:CPD-16451@Charged	MetaCyc:CPD-16451@Charged	
cpd35330	MetaCyc:CPD-16747	MetaCyc:CPD-16747	MetaCyc:CPD-16747	MetaCyc:CPD-16747	MetaCyc:CPD-16747	MetaCyc:CPD-16747	GC	MetaCyc:CPD-16747@Charged	MetaCyc:CPD-16747@Charged	eQuilibrator:MNXM147866
cpd35331	MetaCyc:CPD-17291	MetaCyc:CPD-17291	MetaCyc:CPD-17291	MetaCyc:CPD-17291	MetaCyc:CPD-17291		EQ	eQuilibrator:MNXM40790	MetaCyc:CPD-17291@Charged	eQuilibrator:MNXM40790
cpd35332	MetaCyc:CPD-16178	MetaCyc:CPD-16178	MetaCyc:CPD-16178	MetaCyc:CPD-16178	MetaCyc:CPD-16178	MetaCyc:CPD-16178	EQ	eQuilibrator:MNXM147820	MetaCyc:CPD-16178@Charged	eQuilibrator:MNXM147820
cpd35333	MetaCyc:CPD-16177	MetaCyc:CPD-16177	MetaCyc:CPD-16177	MetaCyc:CPD-16177	MetaCyc:CPD-16177	MetaCyc:CPD-16177	GC	MetaCyc:CPD-16177@Charged	MetaCyc:CPD-16177@Charged	eQuilibrator:MNXM147818
cpd35334	MetaCyc:CPD0-2529	MetaCyc:CPD0-2529	MetaCyc:CPD0-2529	MetaCyc:CPD0-2529	MetaCyc:CPD0-2529	MetaCyc:CPD0-2529				
cpd35335	MetaCyc:CPD-15490	MetaCyc:CPD-15490	MetaCyc:CPD-15490	MetaCyc:CPD-15490		MetaCyc:CPD-15490	GC	MetaCyc:CPD-15490@Charged	MetaCyc:CPD-15490@Charged	
cpd35336	MetaCyc:CPD-19422@Charged	MetaCyc:CPD-19422@Charged	MetaCyc:CPD-19422@Charged	MetaCyc:CPD-19422@Charged	MetaCyc:CPD-19422	MetaCyc:CPD-19422	GC	MetaCyc:CPD-19422@Charged	MetaCyc:CPD-19422@Charged	eQuilibrator:MNXM587817
cpd35337	MetaCyc:CPD-18028	MetaCyc:CPD-18028	MetaCyc:CPD-18028	MetaCyc:CPD-18028	MetaCyc:CPD-18028	MetaCyc:CPD-18028	GC	MetaCyc:CPD-18028@Charged	MetaCyc:CPD-18028@Charged	
cpd35338	MetaCyc:CPD-14927	MetaCyc:CPD-14927	MetaCyc:CPD-14927	MetaCyc:CPD-14927	MetaCyc:CPD-14927		EQ	eQuilibrator:MNXM97657	MetaCyc:CPD-14927@Charged	eQuilibrator:MNXM97657
cpd35339	MetaCyc:CPD-15780	MetaCyc:CPD-15780	MetaCyc:CPD-15780	MetaCyc:CPD-15780	MetaCyc:CPD-15780	MetaCyc:CPD-15780	EQ		MetaCyc:CPD-15780@Charged	
cpd35340	MetaCyc:CPD-21087	MetaCyc:CPD-21087	MetaCyc:CPD-21087	MetaCyc:CPD-21087	MetaCyc:CPD-21087	MetaCyc:CPD-21087	GC	MetaCyc:CPD-21087@Charged	MetaCyc:CPD-21087@Charged	
cpd35341										
cpd35342	MetaCyc:CPD-16788	MetaCyc:CPD-16788	MetaCyc:CPD-16788	MetaCyc:CPD-16788	MetaCyc:CPD-16788	MetaCyc:CPD-16788	EQ	eQuilibrator:MNXM147372	MetaCyc:CPD-16788@Charged	eQuilibrator:MNXM147372
cpd35343	MetaCyc:CPD-16980;ChEBI:167130	MetaCyc:CPD-16980;ChEBI:167130	MetaCyc:CPD-16980;ChEBI:167130	MetaCyc:CPD-16980;ChEBI:167130	MetaCyc:CPD-16980	MetaCyc:CPD-16980	GC	MetaCyc:CPD-16980@Charged	MetaCyc:CPD-16980@Charged	eQuilibrator:MNXM148605
cpd35344	MetaCyc:CPD-17457	MetaCyc:CPD-17457	MetaCyc:CPD-17457	MetaCyc:CPD-17457	MetaCyc:CPD-17457	MetaCyc:CPD-17457	GC	MetaCyc:CPD-17457@Charged	MetaCyc:CPD-17457@Charged	eQuilibrator:MNXM148609
cpd35345	MetaCyc:CPD-15251	MetaCyc:CPD-15251	MetaCyc:CPD-15251	MetaCyc:CPD-15251			EQ	eQuilibrator:MNXM75273	MetaCyc:CPD-15251@Charged	eQuilibrator:MNXM75273
cpd35346	MetaCyc:CPD-15601	MetaCyc:CPD-15601	MetaCyc:CPD-15601	MetaCyc:CPD-15601	MetaCyc:CPD-15601	MetaCyc:CPD-15601	GC	MetaCyc:CPD-15601@Charged	MetaCyc:CPD-15601@Charged	
cpd35347	MetaCyc:CPD-15074@Charged	MetaCyc:CPD-15074@Charged	MetaCyc:CPD-15074@Charged	MetaCyc:CPD-15074@Charged	MetaCyc:CPD-15074	MetaCyc:CPD-15074	EQ	eQuilibrator:MNXM14266	MetaCyc:CPD-15074@Charged	eQuilibrator:MNXM14266
cpd35348	MetaCyc:CPD-20059	MetaCyc:CPD-20059	MetaCyc:CPD-20059	MetaCyc:CPD-20059	MetaCyc:CPD-20059	MetaCyc:CPD-20059	GC	MetaCyc:CPD-20059@Charged	MetaCyc:CPD-20059@Charged	
cpd35349	MetaCyc:CPD-16168	MetaCyc:CPD-16168	MetaCyc:CPD-16168	MetaCyc:CPD-16168	MetaCyc:CPD-16168	MetaCyc:CPD-16168	GC	MetaCyc:CPD-16168@Charged	MetaCyc:CPD-16168@Charged	
cpd35350	MetaCyc:CPD-16671	MetaCyc:CPD-16671	MetaCyc:CPD-16671	MetaCyc:CPD-16671	MetaCyc:CPD-16671	MetaCyc:CPD-16671	GC	MetaCyc:CPD-16671@Charged	MetaCyc:CPD-16671@Charged	
cpd35351	MetaCyc:CPD-21426	MetaCyc:CPD-21426	MetaCyc:CPD-21426	MetaCyc:CPD-21426	MetaCyc:CPD-21426	MetaCyc:CPD-21426	GC	MetaCyc:CPD-21426@Charged	MetaCyc:CPD-21426@Charged	
cpd35352	MetaCyc:CPD-18403	MetaCyc:CPD-18403	MetaCyc:CPD-18403	MetaCyc:CPD-18403	MetaCyc:CPD-18403	MetaCyc:CPD-18403	GC	MetaCyc:CPD-18403@Charged	MetaCyc:CPD-18403@Charged	
cpd35353	MetaCyc:CPD-19779@Charged	MetaCyc:CPD-19779@Charged	MetaCyc:CPD-19779@Charged	MetaCyc:CPD-19779@Charged	MetaCyc:CPD-19779	MetaCyc:CPD-19779	GC	MetaCyc:CPD-19779@Charged	MetaCyc:CPD-19779@Charged	
cpd35354	MetaCyc:CPD-17888	MetaCyc:CPD-17888	MetaCyc:CPD-17888	MetaCyc:CPD-17888	MetaCyc:CPD-17888	MetaCyc:CPD-17888	GC	MetaCyc:CPD-17888@Charged	MetaCyc:CPD-17888@Charged	
cpd35355	MetaCyc:CPD-19737;ChEBI:53210	MetaCyc:CPD-19737;ChEBI:53210	MetaCyc:CPD-19737;ChEBI:53210	MetaCyc:CPD-19737;ChEBI:53210	MetaCyc:CPD-19737	MetaCyc:CPD-19737	GC	MetaCyc:CPD-19737@Charged	MetaCyc:CPD-19737@Charged	eQuilibrator:MNXM722782
cpd35356	MetaCyc:CPD-15829	MetaCyc:CPD-15829	MetaCyc:CPD-15829	MetaCyc:CPD-15829	MetaCyc:CPD-15829	MetaCyc:CPD-15829	EQ	eQuilibrator:MNXM41268	MetaCyc:CPD-15829@Charged	eQuilibrator:MNXM41268
cpd35357	MetaCyc:CPD-14667@Charged;ChEBI:67143@Charged	MetaCyc:CPD-14667@Charged;ChEBI:67143@Charged	MetaCyc:CPD-14667@Charged;ChEBI:67143@Charged	MetaCyc:CPD-14667@Charged;ChEBI:67143@Charged	MetaCyc:CPD-14667	MetaCyc:CPD-14667	GC	MetaCyc:CPD-14667@Charged	MetaCyc:CPD-14667@Charged	
cpd35358	MetaCyc:CPD-16661	MetaCyc:CPD-16661	MetaCyc:CPD-16661	MetaCyc:CPD-16661	MetaCyc:CPD-16661	MetaCyc:CPD-16661	EQ	eQuilibrator:MNXM156193	MetaCyc:CPD-16661@Charged	eQuilibrator:MNXM156193
cpd35359	MetaCyc:CPD-14445	MetaCyc:CPD-14445	MetaCyc:CPD-14445	MetaCyc:CPD-14445	MetaCyc:CPD-14445	MetaCyc:CPD-14445	GC	MetaCyc:CPD-14445@Charged	MetaCyc:CPD-14445@Charged	eQuilibrator:MNXM101214
cpd35360	MetaCyc:CPD-19935	MetaCyc:CPD-19935	MetaCyc:CPD-19935	MetaCyc:CPD-19935	MetaCyc:CPD-19935	MetaCyc:CPD-19935	GC	MetaCyc:CPD-19935@Charged	MetaCyc:CPD-19935@Charged	
cpd35361	MetaCyc:CPD-17573	MetaCyc:CPD-17573	MetaCyc:CPD-17573	MetaCyc:CPD-17573	MetaCyc:CPD-17573	MetaCyc:CPD-17573	GC	MetaCyc:CPD-17573@Charged	MetaCyc:CPD-17573@Charged	eQuilibrator:MNXM149202
cpd35362	MetaCyc:CPD-21255;MetaCyc:D-quinovose	MetaCyc:CPD-21255;MetaCyc:D-quinovose	MetaCyc:CPD-21255;MetaCyc:D-quinovose	MetaCyc:CPD-21255;MetaCyc:D-quinovose	MetaCyc:CPD-21255	MetaCyc:CPD-21255	EQ	eQuilibrator:MNXM48590	MetaCyc:CPD-21255@Charged	eQuilibrator:MNXM48590
cpd35363	MetaCyc:CPD-14770@Charged	MetaCyc:CPD-14770@Charged	MetaCyc:CPD-14770@Charged	MetaCyc:CPD-14770@Charged		MetaCyc:CPD-14770	GC	MetaCyc:CPD-14770@Charged	MetaCyc:CPD-14770@Charged	
cpd35364	MetaCyc:CPD-15748	MetaCyc:CPD-15748	MetaCyc:CPD-15748	MetaCyc:CPD-15748	MetaCyc:CPD-15748	MetaCyc:CPD-15748	GC	MetaCyc:CPD-15748@Charged	MetaCyc:CPD-15748@Charged	
cpd35365	MetaCyc:CPD-19604	MetaCyc:CPD-19604	MetaCyc:CPD-19604	MetaCyc:CPD-19604	MetaCyc:CPD-19604	MetaCyc:CPD-19604	EQ	eQuilibrator:MNXM174193	MetaCyc:CPD-19604@Charged	eQuilibrator:MNXM174193
cpd35366	MetaCyc:CPD-18720	MetaCyc:CPD-18720	MetaCyc:CPD-18720	MetaCyc:CPD-18720	MetaCyc:CPD-18720	MetaCyc:CPD-18720	EQ	eQuilibrator:MNXM491240	MetaCyc:CPD-18720@Charged	eQuilibrator:MNXM491240
cpd35367	MetaCyc:CPD-20559@Charged	MetaCyc:CPD-20559@Charged	MetaCyc:CPD-20559@Charged	MetaCyc:CPD-20559@Charged	MetaCyc:CPD-20559	MetaCyc:CPD-20559	GC	MetaCyc:CPD-20559@Charged	MetaCyc:CPD-20559@Charged	
cpd35368	MetaCyc:CPD-16968	MetaCyc:CPD-16968	MetaCyc:CPD-16968	MetaCyc:CPD-16968	MetaCyc:CPD-16968	MetaCyc:CPD-16968	GC	MetaCyc:CPD-16968@Charged	MetaCyc:CPD-16968@Charged	eQuilibrator:MNXM53993
cpd35369	MetaCyc:CPD-18780;ChEBI:131717	MetaCyc:CPD-18780;ChEBI:131717	MetaCyc:CPD-18780;ChEBI:131717	MetaCyc:CPD-18780;ChEBI:131717	MetaCyc:CPD-18780	MetaCyc:CPD-18780	EQ	eQuilibrator:MNXM162798	MetaCyc:CPD-18780@Charged	eQuilibrator:MNXM162798
cpd35370	MetaCyc:CPD-16602@Charged	MetaCyc:CPD-16602@Charged	MetaCyc:CPD-16602@Charged	MetaCyc:CPD-16602@Charged	MetaCyc:CPD-16602	MetaCyc:CPD-16602	GC	MetaCyc:CPD-16602@Charged	MetaCyc:CPD-16602@Charged	
cpd35371	MetaCyc:CPD-17568@Charged	MetaCyc:CPD-17568@Charged	MetaCyc:CPD-17568@Charged	MetaCyc:CPD-17568@Charged	MetaCyc:CPD-17568	MetaCyc:CPD-17568	GC	MetaCyc:CPD-17568@Charged	MetaCyc:CPD-17568@Charged	
cpd35372	MetaCyc:CPD-20782@Charged	MetaCyc:CPD-20782@Charged	MetaCyc:CPD-20782@Charged	MetaCyc:CPD-20782@Charged	MetaCyc:CPD-20782	MetaCyc:CPD-20782	GC	MetaCyc:CPD-20782@Charged	MetaCyc:CPD-20782@Charged	
cpd35373	MetaCyc:CPD-18394	MetaCyc:CPD-18394	MetaCyc:CPD-18394	MetaCyc:CPD-18394	MetaCyc:CPD-18394	MetaCyc:CPD-18394	GC	MetaCyc:CPD-18394@Charged	MetaCyc:CPD-18394@Charged	
cpd35374	MetaCyc:CPD-16610;ChEBI:78255	MetaCyc:CPD-16610;ChEBI:78255	MetaCyc:CPD-16610;ChEBI:78255	MetaCyc:CPD-16610;ChEBI:78255	MetaCyc:CPD-16610	MetaCyc:CPD-16610	GC	MetaCyc:CPD-16610@Charged	MetaCyc:CPD-16610@Charged	eQuilibrator:MNXM145668
cpd35375	MetaCyc:CPD-21163	MetaCyc:CPD-21163	MetaCyc:CPD-21163	MetaCyc:CPD-21163	MetaCyc:CPD-21163	MetaCyc:CPD-21163	GC	MetaCyc:CPD-21163@Charged	MetaCyc:CPD-21163@Charged	
cpd35376	MetaCyc:CPD-21423;ChEBI:86399	MetaCyc:CPD-21423;ChEBI:86399	MetaCyc:CPD-21423;ChEBI:86399	MetaCyc:CPD-21423;ChEBI:86399	MetaCyc:CPD-21423	MetaCyc:CPD-21423	EQ	eQuilibrator:MNXM146692	MetaCyc:CPD-21423@Charged	eQuilibrator:MNXM146692
cpd35377	MetaCyc:CPD-17944	MetaCyc:CPD-17944	MetaCyc:CPD-17944	MetaCyc:CPD-17944	MetaCyc:CPD-17944	MetaCyc:CPD-17944	GC	MetaCyc:CPD-17944@Charged	MetaCyc:CPD-17944@Charged	
cpd35378	MetaCyc:CPD-20936	MetaCyc:CPD-20936	MetaCyc:CPD-20936	MetaCyc:CPD-20936	MetaCyc:CPD-20936		GC	MetaCyc:CPD-20936@Charged	MetaCyc:CPD-20936@Charged	
cpd35379	MetaCyc:CPD-15472	MetaCyc:CPD-15472	MetaCyc:CPD-15472	MetaCyc:CPD-15472	MetaCyc:CPD-15472	MetaCyc:CPD-15472	GC	MetaCyc:CPD-15472@Charged	MetaCyc:CPD-15472@Charged	
cpd35380	MetaCyc:CPD-21132	MetaCyc:CPD-21132	MetaCyc:CPD-21132	MetaCyc:CPD-21132	MetaCyc:CPD-21132	MetaCyc:CPD-21132	GC	MetaCyc:CPD-21132@Charged	MetaCyc:CPD-21132@Charged	
cpd35381	MetaCyc:CPD-16966	MetaCyc:CPD-16966	MetaCyc:CPD-16966	MetaCyc:CPD-16966	MetaCyc:CPD-16966	MetaCyc:CPD-16966	GC	MetaCyc:CPD-16966@Charged	MetaCyc:CPD-16966@Charged	
cpd35382	MetaCyc:CPD-18523;MetaCyc:Erythro-GGE;MetaCyc:Guaiacylglycerol-guaiacyl-ether;MetaCyc:Threo-GGE;ChEBI:53650	MetaCyc:CPD-18523;MetaCyc:Erythro-GGE;MetaCyc:Guaiacylglycerol-guaiacyl-ether;MetaCyc:Threo-GGE;ChEBI:53650	MetaCyc:CPD-18523;MetaCyc:Erythro-GGE;MetaCyc:Guaiacylglycerol-guaiacyl-ether;MetaCyc:Threo-GGE;ChEBI:53650	MetaCyc:CPD-18523;MetaCyc:Erythro-GGE;MetaCyc:Guaiacylglycerol-guaiacyl-ether;MetaCyc:Threo-GGE;ChEBI:53650	MetaCyc:CPD-18523	MetaCyc:CPD-18523	EQ	eQuilibrator:MNXM55705	MetaCyc:CPD-18523@Charged	eQuilibrator:MNXM55705
cpd35383	MetaCyc:CPD-15906	MetaCyc:CPD-15906	MetaCyc:CPD-15906	MetaCyc:CPD-15906	MetaCyc:CPD-15906	MetaCyc:CPD-15906	GC	MetaCyc:CPD-15906@Charged	MetaCyc:CPD-15906@Charged	
cpd35384	MetaCyc:CPD-14995@Charged	MetaCyc:CPD-14995@Charged	MetaCyc:CPD-14995@Charged	MetaCyc:CPD-14995@Charged	MetaCyc:CPD-14995	MetaCyc:CPD-14995	GC	MetaCyc:CPD-14995@Charged	MetaCyc:CPD-14995@Charged	eQuilibrator:MNXM114692
cpd35385	MetaCyc:CPD-17788	MetaCyc:CPD-17788	MetaCyc:CPD-17788	MetaCyc:CPD-17788	MetaCyc:CPD-17788	MetaCyc:CPD-17788	EQ		MetaCyc:CPD-17788@Charged	
cpd35386	MetaCyc:CPD-20846@Charged	MetaCyc:CPD-20846@Charged	MetaCyc:CPD-20846@Charged	MetaCyc:CPD-20846@Charged	MetaCyc:CPD-20846	MetaCyc:CPD-20846	GC	MetaCyc:CPD-20846@Charged	MetaCyc:CPD-20846@Charged	
cpd35387	MetaCyc:CPD-16687@Charged	MetaCyc:CPD-16687@Charged	MetaCyc:CPD-16687@Charged	MetaCyc:CPD-16687@Charged	MetaCyc:CPD-16687	MetaCyc:CPD-16687	EQ	eQuilibrator:MNXM160963	MetaCyc:CPD-16687@Charged	eQuilibrator:MNXM160963
cpd35388	MetaCyc:CPD-20052	MetaCyc:CPD-20052	MetaCyc:CPD-20052	MetaCyc:CPD-20052	MetaCyc:CPD-20052	MetaCyc:CPD-20052	GC	MetaCyc:CPD-20052@Charged	MetaCyc:CPD-20052@Charged	
cpd35389	MetaCyc:CPD-17068@Charged	MetaCyc:CPD-17068@Charged	MetaCyc:CPD-17068@Charged	MetaCyc:CPD-17068@Charged	MetaCyc:CPD-17068		GC	MetaCyc:CPD-17068@Charged	MetaCyc:CPD-17068@Charged	
cpd35390	MetaCyc:CPD-17163	MetaCyc:CPD-17163	MetaCyc:CPD-17163	MetaCyc:CPD-17163	MetaCyc:CPD-17163	MetaCyc:CPD-17163	EQ	eQuilibrator:MNXM147457	MetaCyc:CPD-17163@Charged	eQuilibrator:MNXM147457
cpd35391	MetaCyc:CPD-18132	MetaCyc:CPD-18132	MetaCyc:CPD-18132	MetaCyc:CPD-18132	MetaCyc:CPD-18132	MetaCyc:CPD-18132	EQ	eQuilibrator:MNXM164131	MetaCyc:CPD-18132@Charged	eQuilibrator:MNXM164131
cpd35392	MetaCyc:CPD-19667@Charged	MetaCyc:CPD-19667@Charged	MetaCyc:CPD-19667@Charged	MetaCyc:CPD-19667@Charged	MetaCyc:CPD-19667	MetaCyc:CPD-19667	GC	MetaCyc:CPD-19667@Charged	MetaCyc:CPD-19667@Charged	
cpd35393	MetaCyc:CPD0-2518;ChEBI:134093	MetaCyc:CPD0-2518;ChEBI:134093	MetaCyc:CPD0-2518;ChEBI:134093	MetaCyc:CPD0-2518;ChEBI:134093	MetaCyc:CPD0-2518	MetaCyc:CPD0-2518	EQ	eQuilibrator:MNXM114589	MetaCyc:CPD0-2518@Charged	eQuilibrator:MNXM114589
cpd35394	MetaCyc:CPD-18245@Charged	MetaCyc:CPD-18245@Charged	MetaCyc:CPD-18245@Charged	MetaCyc:CPD-18245@Charged	MetaCyc:CPD-18245	MetaCyc:CPD-18245	GC	MetaCyc:CPD-18245@Charged	MetaCyc:CPD-18245@Charged	eQuilibrator:MNXM164572
cpd35395	MetaCyc:CPD-16565	MetaCyc:CPD-16565	MetaCyc:CPD-16565	MetaCyc:CPD-16565	MetaCyc:CPD-16565	MetaCyc:CPD-16565	EQ	eQuilibrator:MNXM491983	MetaCyc:CPD-16565@Charged	eQuilibrator:MNXM491983
cpd35396	MetaCyc:CPD-19199	MetaCyc:CPD-19199	MetaCyc:CPD-19199	MetaCyc:CPD-19199	MetaCyc:CPD-19199	MetaCyc:CPD-19199	GC	MetaCyc:CPD-19199@Charged	MetaCyc:CPD-19199@Charged	
cpd35397	MetaCyc:CPD-15216	MetaCyc:CPD-15216	MetaCyc:CPD-15216	MetaCyc:CPD-15216	MetaCyc:CPD-15216	MetaCyc:CPD-15216	EQ	eQuilibrator:MNXM148654	MetaCyc:CPD-15216@Charged	eQuilibrator:MNXM148654
cpd35398	MetaCyc:CPD-17679@Charged	MetaCyc:CPD-17679@Charged	MetaCyc:CPD-17679@Charged	MetaCyc:CPD-17679@Charged		MetaCyc:CPD-17679	EQ	eQuilibrator:MNXM723116	MetaCyc:CPD-17679@Charged	eQuilibrator:MNXM723116
cpd35399	MetaCyc:CPD-20046	MetaCyc:CPD-20046	MetaCyc:CPD-20046	MetaCyc:CPD-20046	MetaCyc:CPD-20046	MetaCyc:CPD-20046	EQ	eQuilibrator:MNXM527753	MetaCyc:CPD-20046@Charged	eQuilibrator:MNXM527753
cpd35400	MetaCyc:CPD-19135;ChEBI:131767	MetaCyc:CPD-19135;ChEBI:131767	MetaCyc:CPD-19135;ChEBI:131767	MetaCyc:CPD-19135;ChEBI:131767	MetaCyc:CPD-19135	MetaCyc:CPD-19135	EQ	eQuilibrator:MNXM34978	MetaCyc:CPD-19135@Charged	eQuilibrator:MNXM34978
cpd35401	MetaCyc:CPD-19660;ChEBI:84193	MetaCyc:CPD-19660;ChEBI:84193	MetaCyc:CPD-19660;ChEBI:84193	MetaCyc:CPD-19660;ChEBI:84193	MetaCyc:CPD-19660		EQ	eQuilibrator:MNXM58049	MetaCyc:CPD-19660@Charged	eQuilibrator:MNXM58049
cpd35402	MetaCyc:CPD-14986@Charged	MetaCyc:CPD-14986@Charged	MetaCyc:CPD-14986@Charged	MetaCyc:CPD-14986@Charged	MetaCyc:CPD-14986	MetaCyc:CPD-14986	GC	MetaCyc:CPD-14986@Charged	MetaCyc:CPD-14986@Charged	eQuilibrator:MNXM114720
cpd35403	MetaCyc:CPD0-2547	MetaCyc:CPD0-2547	MetaCyc:CPD0-2547	MetaCyc:CPD0-2547	MetaCyc:CPD0-2547		GC	MetaCyc:CPD0-2547@Charged	MetaCyc:CPD0-2547@Charged	eQuilibrator:MNXM65340
cpd35404	MetaCyc:CPD-18278	MetaCyc:CPD-18278	MetaCyc:CPD-18278	MetaCyc:CPD-18278	MetaCyc:CPD-18278	MetaCyc:CPD-18278	EQ	eQuilibrator:MNXM164231	MetaCyc:CPD-18278@Charged	eQuilibrator:MNXM164231
cpd35405	MetaCyc:CPD-20831	MetaCyc:CPD-20831	MetaCyc:CPD-20831	MetaCyc:CPD-20831	MetaCyc:CPD-20831	MetaCyc:CPD-20831	EQ	eQuilibrator:MNXM38183	MetaCyc:CPD-20831@Charged	eQuilibrator:MNXM38183
cpd35406	MetaCyc:CPD-21008;ChEBI:144944	MetaCyc:CPD-21008;ChEBI:144944	MetaCyc:CPD-21008;ChEBI:144944	MetaCyc:CPD-21008;ChEBI:144944	MetaCyc:CPD-21008	MetaCyc:CPD-21008	GC	MetaCyc:CPD-21008@Charged	MetaCyc:CPD-21008@Charged	
cpd35407	MetaCyc:CPD-20040	MetaCyc:CPD-20040	MetaCyc:CPD-20040	MetaCyc:CPD-20040	MetaCyc:CPD-20040	MetaCyc:CPD-20040	GC	MetaCyc:CPD-20040@Charged	MetaCyc:CPD-20040@Charged	
cpd35408	MetaCyc:CPD-20062	MetaCyc:CPD-20062	MetaCyc:CPD-20062	MetaCyc:CPD-20062	MetaCyc:CPD-20062	MetaCyc:CPD-20062	GC	MetaCyc:CPD-20062@Charged	MetaCyc:CPD-20062@Charged	
cpd35409	MetaCyc:CPD-16993@Charged	MetaCyc:CPD-16993@Charged	MetaCyc:CPD-16993@Charged	MetaCyc:CPD-16993@Charged	MetaCyc:CPD-16993	MetaCyc:CPD-16993	EQ		MetaCyc:CPD-16993@Charged	
cpd35410	MetaCyc:CPD-18163	MetaCyc:CPD-18163	MetaCyc:CPD-18163	MetaCyc:CPD-18163	MetaCyc:CPD-18163	MetaCyc:CPD-18163	GC	MetaCyc:CPD-18163@Charged	MetaCyc:CPD-18163@Charged	
cpd35411	MetaCyc:CPD-19313	MetaCyc:CPD-19313	MetaCyc:CPD-19313	MetaCyc:CPD-19313	MetaCyc:CPD-19313	MetaCyc:CPD-19313	GC	MetaCyc:CPD-19313@Charged	MetaCyc:CPD-19313@Charged	
cpd35412	MetaCyc:CPD-19175	MetaCyc:CPD-19175	MetaCyc:CPD-19175	MetaCyc:CPD-19175	MetaCyc:CPD-19175	MetaCyc:CPD-19175	GC	MetaCyc:CPD-19175@Charged	MetaCyc:CPD-19175@Charged	eQuilibrator:MNXM722530
cpd35413	MetaCyc:CPD-19837@Charged;ChEBI:139571@Charged	MetaCyc:CPD-19837@Charged;ChEBI:139571@Charged	MetaCyc:CPD-19837@Charged;ChEBI:139571@Charged	MetaCyc:CPD-19837@Charged;ChEBI:139571@Charged	MetaCyc:CPD-19837	MetaCyc:CPD-19837	GC	MetaCyc:CPD-19837@Charged	MetaCyc:CPD-19837@Charged	
cpd35414	MetaCyc:CPD-18690	MetaCyc:CPD-18690	MetaCyc:CPD-18690	MetaCyc:CPD-18690	MetaCyc:CPD-18690	MetaCyc:CPD-18690	EQ	eQuilibrator:MNXM164315	MetaCyc:CPD-18690@Charged	eQuilibrator:MNXM164315
cpd35415	MetaCyc:CPD-15191;ChEBI:142619	MetaCyc:CPD-15191;ChEBI:142619	MetaCyc:CPD-15191;ChEBI:142619	MetaCyc:CPD-15191;ChEBI:142619	MetaCyc:CPD-15191	MetaCyc:CPD-15191	EQ	eQuilibrator:MNXM147779	MetaCyc:CPD-15191@Charged	eQuilibrator:MNXM147779
cpd35416	MetaCyc:CPD-14985@Charged	MetaCyc:CPD-14985@Charged	MetaCyc:CPD-14985@Charged	MetaCyc:CPD-14985@Charged	MetaCyc:CPD-14985	MetaCyc:CPD-14985	GC	MetaCyc:CPD-14985@Charged	MetaCyc:CPD-14985@Charged	eQuilibrator:MNXM114686
cpd35417	MetaCyc:CPD-17644	MetaCyc:CPD-17644	MetaCyc:CPD-17644	MetaCyc:CPD-17644	MetaCyc:CPD-17644	MetaCyc:CPD-17644	EQ	eQuilibrator:MNXM148568	MetaCyc:CPD-17644@Charged	eQuilibrator:MNXM148568
cpd35418	MetaCyc:CPD-20155	MetaCyc:CPD-20155	MetaCyc:CPD-20155	MetaCyc:CPD-20155	MetaCyc:CPD-20155	MetaCyc:CPD-20155	GC	MetaCyc:CPD-20155@Charged	MetaCyc:CPD-20155@Charged	
cpd35419	MetaCyc:CPD-19404	MetaCyc:CPD-19404	MetaCyc:CPD-19404	MetaCyc:CPD-19404	MetaCyc:CPD-19404	MetaCyc:CPD-19404	EQ	eQuilibrator:MNXM165592	MetaCyc:CPD-19404@Charged	eQuilibrator:MNXM165592
cpd35420	MetaCyc:CPD-19150	MetaCyc:CPD-19150	MetaCyc:CPD-19150	MetaCyc:CPD-19150	MetaCyc:CPD-19150	MetaCyc:CPD-19150	EQ	eQuilibrator:MNXM163953	MetaCyc:CPD-19150@Charged	eQuilibrator:MNXM163953
cpd35421	MetaCyc:CPD-20085;ChEBI:137563	MetaCyc:CPD-20085;ChEBI:137563	MetaCyc:CPD-20085;ChEBI:137563	MetaCyc:CPD-20085;ChEBI:137563			GC	MetaCyc:CPD-20085@Charged	MetaCyc:CPD-20085@Charged	
cpd35422	MetaCyc:CPD-19213;ChEBI:64344	MetaCyc:CPD-19213;ChEBI:64344	MetaCyc:CPD-19213;ChEBI:64344	MetaCyc:CPD-19213;ChEBI:64344	MetaCyc:CPD-19213	MetaCyc:CPD-19213	EQ	eQuilibrator:MNXM34163	MetaCyc:CPD-19213@Charged	eQuilibrator:MNXM34163
cpd35423	MetaCyc:CPD0-2624@Charged;ChEBI:71287	MetaCyc:CPD0-2624@Charged;ChEBI:71287	MetaCyc:CPD0-2624@Charged;ChEBI:71287	MetaCyc:CPD0-2624@Charged;ChEBI:71287	MetaCyc:CPD0-2624	MetaCyc:CPD0-2624	GC	MetaCyc:CPD0-2624@Charged	MetaCyc:CPD0-2624@Charged	eQuilibrator:MNXM97102
cpd35424	MetaCyc:CPD-19721@Charged	MetaCyc:CPD-19721@Charged	MetaCyc:CPD-19721@Charged	MetaCyc:CPD-19721@Charged	MetaCyc:CPD-19721	MetaCyc:CPD-19721	GC	MetaCyc:CPD-19721@Charged	MetaCyc:CPD-19721@Charged	
cpd35425	MetaCyc:CPD-21024	MetaCyc:CPD-21024	MetaCyc:CPD-21024	MetaCyc:CPD-21024	MetaCyc:CPD-21024	MetaCyc:CPD-21024	GC	MetaCyc:CPD-21024@Charged	MetaCyc:CPD-21024@Charged	
cpd35426	MetaCyc:CPD-18512	MetaCyc:CPD-18512	MetaCyc:CPD-18512	MetaCyc:CPD-18512	MetaCyc:CPD-18512	MetaCyc:CPD-18512	EQ	eQuilibrator:MNXM527794	MetaCyc:CPD-18512@Charged	eQuilibrator:MNXM527794
cpd35427	MetaCyc:CPD-20661	MetaCyc:CPD-20661	MetaCyc:CPD-20661	MetaCyc:CPD-20661			GC	MetaCyc:CPD-20661@Charged	MetaCyc:CPD-20661@Charged	
cpd35428	MetaCyc:CPD-18433	MetaCyc:CPD-18433	MetaCyc:CPD-18433	MetaCyc:CPD-18433	MetaCyc:CPD-18433	MetaCyc:CPD-18433	GC	MetaCyc:CPD-18433@Charged	MetaCyc:CPD-18433@Charged	
cpd35429	MetaCyc:CPD-19823;ChEBI:134359	MetaCyc:CPD-19823;ChEBI:134359	MetaCyc:CPD-19823;ChEBI:134359	MetaCyc:CPD-19823;ChEBI:134359	MetaCyc:CPD-19823	MetaCyc:CPD-19823	GC	MetaCyc:CPD-19823@Charged	MetaCyc:CPD-19823@Charged	eQuilibrator:MNXM163224
cpd35430	MetaCyc:CPD-21364	MetaCyc:CPD-21364	MetaCyc:CPD-21364	MetaCyc:CPD-21364	MetaCyc:CPD-21364	MetaCyc:CPD-21364	GC	MetaCyc:CPD-21364@Charged	MetaCyc:CPD-21364@Charged	
cpd35431	MetaCyc:CPD-16974;ChEBI:167139	MetaCyc:CPD-16974;ChEBI:167139	MetaCyc:CPD-16974;ChEBI:167139	MetaCyc:CPD-16974;ChEBI:167139	MetaCyc:CPD-16974	MetaCyc:CPD-16974	EQ	eQuilibrator:MNXM148636	MetaCyc:CPD-16974@Charged	eQuilibrator:MNXM148636
cpd35432	MetaCyc:CPD-16848@Charged	MetaCyc:CPD-16848@Charged	MetaCyc:CPD-16848@Charged	MetaCyc:CPD-16848@Charged	MetaCyc:CPD-16848	MetaCyc:CPD-16848	EQ		MetaCyc:CPD-16848@Charged	
cpd35433	MetaCyc:CPD-18751	MetaCyc:CPD-18751	MetaCyc:CPD-18751	MetaCyc:CPD-18751			EQ	eQuilibrator:MNXM371468	MetaCyc:CPD-18751@Charged	eQuilibrator:MNXM371468
cpd35434	MetaCyc:CPD-16458@Charged	MetaCyc:CPD-16458@Charged	MetaCyc:CPD-16458@Charged	MetaCyc:CPD-16458@Charged	MetaCyc:CPD-16458	MetaCyc:CPD-16458	EQ		MetaCyc:CPD-16458@Charged	
cpd35435	MetaCyc:CPD-20887@Charged	MetaCyc:CPD-20887@Charged	MetaCyc:CPD-20887@Charged	MetaCyc:CPD-20887@Charged	MetaCyc:CPD-20887	MetaCyc:CPD-20887	GC	MetaCyc:CPD-20887@Charged	MetaCyc:CPD-20887@Charged	
cpd35436	MetaCyc:CPD-18157@Charged	MetaCyc:CPD-18157@Charged	MetaCyc:CPD-18157@Charged	MetaCyc:CPD-18157@Charged	MetaCyc:CPD-18157	MetaCyc:CPD-18157	GC	MetaCyc:CPD-18157@Charged	MetaCyc:CPD-18157@Charged	eQuilibrator:MNXM168041
cpd35437	MetaCyc:ACETYL-ADP-RIBOSE;ChEBI:142511	MetaCyc:ACETYL-ADP-RIBOSE;ChEBI:142511	MetaCyc:ACETYL-ADP-RIBOSE;ChEBI:142511	MetaCyc:ACETYL-ADP-RIBOSE;ChEBI:142511	MetaCyc:ACETYL-ADP-RIBOSE	MetaCyc:ACETYL-ADP-RIBOSE	EQ	eQuilibrator:MNXM114636	MetaCyc:ACETYL-ADP-RIBOSE@Charged	eQuilibrator:MNXM114636
cpd35438	MetaCyc:CPD-14632	MetaCyc:CPD-14632	MetaCyc:CPD-14632	MetaCyc:CPD-14632	MetaCyc:CPD-14632	MetaCyc:CPD-14632	GC	MetaCyc:CPD-14632@Charged	MetaCyc:CPD-14632@Charged	eQuilibrator:MNXM97380
cpd35439	MetaCyc:CPD-15754@Charged;Override:ACPs	MetaCyc:CPD-15754@Charged;Override:ACPs		MetaCyc:CPD-15754@Charged	MetaCyc:CPD-15754	MetaCyc:CPD-15754	GC	MetaCyc:CPD-15754@Charged	MetaCyc:CPD-15754@Charged	
cpd35440	MetaCyc:CPD-19074;ChEBI:86098	MetaCyc:CPD-19074;ChEBI:86098	MetaCyc:CPD-19074;ChEBI:86098	MetaCyc:CPD-19074;ChEBI:86098	MetaCyc:CPD-19074	MetaCyc:CPD-19074	GC	MetaCyc:CPD-19074@Charged	MetaCyc:CPD-19074@Charged	eQuilibrator:MNXM46558
cpd35441	MetaCyc:CPD-21307	MetaCyc:CPD-21307	MetaCyc:CPD-21307	MetaCyc:CPD-21307	MetaCyc:CPD-21307	MetaCyc:CPD-21307	GC	MetaCyc:CPD-21307@Charged	MetaCyc:CPD-21307@Charged	eQuilibrator:MNXM503515
cpd35442	MetaCyc:CPD-16647	MetaCyc:CPD-16647	MetaCyc:CPD-16647	MetaCyc:CPD-16647	MetaCyc:CPD-16647	MetaCyc:CPD-16647	EQ	eQuilibrator:MNXM147762	MetaCyc:CPD-16647@Charged	eQuilibrator:MNXM147762
cpd35443	MetaCyc:CPD-19536	MetaCyc:CPD-19536	MetaCyc:CPD-19536	MetaCyc:CPD-19536		MetaCyc:CPD-19536	GC	MetaCyc:CPD-19536@Charged	MetaCyc:CPD-19536@Charged	eQuilibrator:MNXM480738
cpd35444	MetaCyc:CPD-17836	MetaCyc:CPD-17836	MetaCyc:CPD-17836	MetaCyc:CPD-17836	MetaCyc:CPD-17836	MetaCyc:CPD-17836	EQ	eQuilibrator:MNXM152994	MetaCyc:CPD-17836@Charged	eQuilibrator:MNXM152994
cpd35445	MetaCyc:CPD-18362	MetaCyc:CPD-18362	MetaCyc:CPD-18362	MetaCyc:CPD-18362	MetaCyc:CPD-18362	MetaCyc:CPD-18362	GC	MetaCyc:CPD-18362@Charged	MetaCyc:CPD-18362@Charged	
cpd35446	MetaCyc:CPD-19364	MetaCyc:CPD-19364	MetaCyc:CPD-19364	MetaCyc:CPD-19364	MetaCyc:CPD-19364	MetaCyc:CPD-19364	EQ	eQuilibrator:MNXM164942	MetaCyc:CPD-19364@Charged	eQuilibrator:MNXM164942
cpd35447	MetaCyc:CPD-16716	MetaCyc:CPD-16716	MetaCyc:CPD-16716	MetaCyc:CPD-16716	MetaCyc:CPD-16716	MetaCyc:CPD-16716	EQ	eQuilibrator:MNXM149923	MetaCyc:CPD-16716@Charged	eQuilibrator:MNXM149923
cpd35448	MetaCyc:CPD-15436;ChEBI:84650	MetaCyc:CPD-15436;ChEBI:84650	MetaCyc:CPD-15436;ChEBI:84650	MetaCyc:CPD-15436;ChEBI:84650	MetaCyc:CPD-15436	MetaCyc:CPD-15436	EQ	eQuilibrator:MNXM103862	MetaCyc:CPD-15436@Charged	eQuilibrator:MNXM103862
cpd35449	MetaCyc:CPD-20039	MetaCyc:CPD-20039	MetaCyc:CPD-20039	MetaCyc:CPD-20039	MetaCyc:CPD-20039	MetaCyc:CPD-20039	GC	MetaCyc:CPD-20039@Charged	MetaCyc:CPD-20039@Charged	
cpd35450	MetaCyc:CPD-19511	MetaCyc:CPD-19511	MetaCyc:CPD-19511	MetaCyc:CPD-19511			EQ	eQuilibrator:MNXM163823	MetaCyc:CPD-19511@Charged	eQuilibrator:MNXM163823
cpd35451	MetaCyc:CPD-21050@Charged;ChEBI:141047	MetaCyc:CPD-21050@Charged;ChEBI:141047	MetaCyc:CPD-21050@Charged;ChEBI:141047	MetaCyc:CPD-21050@Charged;ChEBI:141047	MetaCyc:CPD-21050	MetaCyc:CPD-21050	GC	MetaCyc:CPD-21050@Charged	MetaCyc:CPD-21050@Charged	
cpd35452	MetaCyc:CPD-18257	MetaCyc:CPD-18257	MetaCyc:CPD-18257	MetaCyc:CPD-18257	MetaCyc:CPD-18257	MetaCyc:CPD-18257	GC	MetaCyc:CPD-18257@Charged	MetaCyc:CPD-18257@Charged	eQuilibrator:MNXM167325
cpd35453	MetaCyc:CPD-21158	MetaCyc:CPD-21158	MetaCyc:CPD-21158	MetaCyc:CPD-21158		MetaCyc:CPD-21158	GC	MetaCyc:CPD-21158@Charged	MetaCyc:CPD-21158@Charged	
cpd35454	MetaCyc:CPD-20325;ChEBI:138970	MetaCyc:CPD-20325;ChEBI:138970	MetaCyc:CPD-20325;ChEBI:138970	MetaCyc:CPD-20325;ChEBI:138970	MetaCyc:CPD-20325	MetaCyc:CPD-20325	GC	MetaCyc:CPD-20325@Charged	MetaCyc:CPD-20325@Charged	
cpd35455	MetaCyc:CPD-20670	MetaCyc:CPD-20670	MetaCyc:CPD-20670	MetaCyc:CPD-20670	MetaCyc:CPD-20670	MetaCyc:CPD-20670	GC	MetaCyc:CPD-20670@Charged	MetaCyc:CPD-20670@Charged	
cpd35456	MetaCyc:CPD-17173	MetaCyc:CPD-17173	MetaCyc:CPD-17173	MetaCyc:CPD-17173	MetaCyc:CPD-17173	MetaCyc:CPD-17173	EQ	eQuilibrator:MNXM40084	MetaCyc:CPD-17173@Charged	eQuilibrator:MNXM40084
cpd35457	MetaCyc:CPD-20129@Charged	MetaCyc:CPD-20129@Charged	MetaCyc:CPD-20129@Charged	MetaCyc:CPD-20129@Charged	MetaCyc:CPD-20129	MetaCyc:CPD-20129	GC	MetaCyc:CPD-20129@Charged	MetaCyc:CPD-20129@Charged	
cpd35458	MetaCyc:CPD-20486	MetaCyc:CPD-20486	MetaCyc:CPD-20486	MetaCyc:CPD-20486	MetaCyc:CPD-20486	MetaCyc:CPD-20486	GC	MetaCyc:CPD-20486@Charged	MetaCyc:CPD-20486@Charged	
cpd35459	MetaCyc:CPD-14768@Charged	MetaCyc:CPD-14768@Charged	MetaCyc:CPD-14768@Charged	MetaCyc:CPD-14768@Charged	MetaCyc:CPD-14768	MetaCyc:CPD-14768	GC	MetaCyc:CPD-14768@Charged	MetaCyc:CPD-14768@Charged	
cpd35460	MetaCyc:CPD-18149	MetaCyc:CPD-18149	MetaCyc:CPD-18149	MetaCyc:CPD-18149	MetaCyc:CPD-18149	MetaCyc:CPD-18149	EQ	eQuilibrator:MNXM250140	MetaCyc:CPD-18149@Charged	eQuilibrator:MNXM250140
cpd35461	MetaCyc:CPD-17045	MetaCyc:CPD-17045	MetaCyc:CPD-17045	MetaCyc:CPD-17045	MetaCyc:CPD-17045	MetaCyc:CPD-17045	EQ	eQuilibrator:MNXM147774	MetaCyc:CPD-17045@Charged	eQuilibrator:MNXM147774
cpd35462										
cpd35463	MetaCyc:CPD-20283	MetaCyc:CPD-20283	MetaCyc:CPD-20283	MetaCyc:CPD-20283	MetaCyc:CPD-20283	MetaCyc:CPD-20283	GC	MetaCyc:CPD-20283@Charged	MetaCyc:CPD-20283@Charged	
cpd35464	MetaCyc:CPD-19160;ChEBI:76555	MetaCyc:CPD-19160;ChEBI:76555	MetaCyc:CPD-19160;ChEBI:76555	MetaCyc:CPD-19160;ChEBI:76555	MetaCyc:CPD-19160	MetaCyc:CPD-19160	EQ	eQuilibrator:MNXM146084	MetaCyc:CPD-19160@Charged	eQuilibrator:MNXM146084
cpd35465	MetaCyc:CPD-17007	MetaCyc:CPD-17007	MetaCyc:CPD-17007	MetaCyc:CPD-17007	MetaCyc:CPD-17007		EQ	eQuilibrator:MNXM147373	MetaCyc:CPD-17007@Charged	eQuilibrator:MNXM147373
cpd35466	MetaCyc:CPD-17390@Charged	MetaCyc:CPD-17390@Charged	MetaCyc:CPD-17390@Charged	MetaCyc:CPD-17390@Charged	MetaCyc:CPD-17390	MetaCyc:CPD-17390	GC	MetaCyc:CPD-17390@Charged	MetaCyc:CPD-17390@Charged	
cpd35467	MetaCyc:CPD-17375	MetaCyc:CPD-17375	MetaCyc:CPD-17375	MetaCyc:CPD-17375	MetaCyc:CPD-17375	MetaCyc:CPD-17375	EQ	eQuilibrator:MNXM147666	MetaCyc:CPD-17375@Charged	eQuilibrator:MNXM147666
cpd35468	MetaCyc:CPD-16924;ChEBI:79038	MetaCyc:CPD-16924;ChEBI:79038	MetaCyc:CPD-16924;ChEBI:79038	MetaCyc:CPD-16924;ChEBI:79038	MetaCyc:CPD-16924	MetaCyc:CPD-16924	GC	MetaCyc:CPD-16924@Charged	MetaCyc:CPD-16924@Charged	eQuilibrator:MNXM146408
cpd35469	MetaCyc:CPD-21147	MetaCyc:CPD-21147	MetaCyc:CPD-21147	MetaCyc:CPD-21147		MetaCyc:CPD-21147	GC	MetaCyc:CPD-21147@Charged	MetaCyc:CPD-21147@Charged	
cpd35470	MetaCyc:CPD-17307	MetaCyc:CPD-17307	MetaCyc:CPD-17307	MetaCyc:CPD-17307		MetaCyc:CPD-17307	EQ	eQuilibrator:MNXM157881	MetaCyc:CPD-17307@Charged	eQuilibrator:MNXM157881
cpd35471	MetaCyc:CPD-18861@Charged	MetaCyc:CPD-18861@Charged		MetaCyc:CPD-18861@Charged	MetaCyc:CPD-18861	MetaCyc:CPD-18861	GC	MetaCyc:CPD-18861@Charged	MetaCyc:CPD-18861@Charged	
cpd35472	MetaCyc:CPD-20065	MetaCyc:CPD-20065	MetaCyc:CPD-20065	MetaCyc:CPD-20065	MetaCyc:CPD-20065	MetaCyc:CPD-20065	GC	MetaCyc:CPD-20065@Charged	MetaCyc:CPD-20065@Charged	
cpd35473	MetaCyc:CPD-20566	MetaCyc:CPD-20566	MetaCyc:CPD-20566	MetaCyc:CPD-20566	MetaCyc:CPD-20566		GC	MetaCyc:CPD-20566@Charged	MetaCyc:CPD-20566@Charged	
cpd35474	MetaCyc:CPD-17480	MetaCyc:CPD-17480	MetaCyc:CPD-17480	MetaCyc:CPD-17480	MetaCyc:CPD-17480	MetaCyc:CPD-17480	GC	MetaCyc:CPD-17480@Charged	MetaCyc:CPD-17480@Charged	
cpd35475	MetaCyc:CPD-17607	MetaCyc:CPD-17607	MetaCyc:CPD-17607	MetaCyc:CPD-17607	MetaCyc:CPD-17607	MetaCyc:CPD-17607	EQ	eQuilibrator:MNXM148565	MetaCyc:CPD-17607@Charged	eQuilibrator:MNXM148565
cpd35476	MetaCyc:CPD-18961;ChEBI:143256	MetaCyc:CPD-18961;ChEBI:143256	MetaCyc:CPD-18961;ChEBI:143256	MetaCyc:CPD-18961;ChEBI:143256	MetaCyc:CPD-18961	MetaCyc:CPD-18961	EQ	eQuilibrator:MNXM169440	MetaCyc:CPD-18961@Charged	eQuilibrator:MNXM169440
cpd35477	MetaCyc:CPD-19946	MetaCyc:CPD-19946	MetaCyc:CPD-19946	MetaCyc:CPD-19946	MetaCyc:CPD-19946	MetaCyc:CPD-19946	GC	MetaCyc:CPD-19946@Charged	MetaCyc:CPD-19946@Charged	
cpd35478	MetaCyc:CPD-21485	MetaCyc:CPD-21485	MetaCyc:CPD-21485	MetaCyc:CPD-21485	MetaCyc:CPD-21485	MetaCyc:CPD-21485	GC	MetaCyc:CPD-21485@Charged	MetaCyc:CPD-21485@Charged	
cpd35479	MetaCyc:CPD-21267;ChEBI:141820	MetaCyc:CPD-21267;ChEBI:141820	MetaCyc:CPD-21267;ChEBI:141820	MetaCyc:CPD-21267;ChEBI:141820	MetaCyc:CPD-21267	MetaCyc:CPD-21267	GC	MetaCyc:CPD-21267@Charged	MetaCyc:CPD-21267@Charged	
cpd35480	MetaCyc:CPD-15611	MetaCyc:CPD-15611	MetaCyc:CPD-15611	MetaCyc:CPD-15611	MetaCyc:CPD-15611	MetaCyc:CPD-15611	EQ	eQuilibrator:MNXM158423	MetaCyc:CPD-15611@Charged	eQuilibrator:MNXM158423
cpd35481	MetaCyc:CPD-19098	MetaCyc:CPD-19098	MetaCyc:CPD-19098	MetaCyc:CPD-19098	MetaCyc:CPD-19098	MetaCyc:CPD-19098	EQ	eQuilibrator:MNXM165255	MetaCyc:CPD-19098@Charged	eQuilibrator:MNXM165255
cpd35482	MetaCyc:CPD-17021;ChEBI:90904	MetaCyc:CPD-17021;ChEBI:90904	MetaCyc:CPD-17021;ChEBI:90904	MetaCyc:CPD-17021;ChEBI:90904	MetaCyc:CPD-17021	MetaCyc:CPD-17021	GC	MetaCyc:CPD-17021@Charged	MetaCyc:CPD-17021@Charged	eQuilibrator:MNXM148090
cpd35483	MetaCyc:CPD-17949	MetaCyc:CPD-17949	MetaCyc:CPD-17949	MetaCyc:CPD-17949	MetaCyc:CPD-17949	MetaCyc:CPD-17949	GC	MetaCyc:CPD-17949@Charged	MetaCyc:CPD-17949@Charged	
cpd35484	MetaCyc:CPD-15275	MetaCyc:CPD-15275	MetaCyc:CPD-15275	MetaCyc:CPD-15275	MetaCyc:CPD-15275	MetaCyc:CPD-15275	EQ	eQuilibrator:MNXM150360	MetaCyc:CPD-15275@Charged	eQuilibrator:MNXM150360
cpd35485	MetaCyc:CPD-19366	MetaCyc:CPD-19366	MetaCyc:CPD-19366	MetaCyc:CPD-19366	MetaCyc:CPD-19366	MetaCyc:CPD-19366	EQ	eQuilibrator:MNXM164940	MetaCyc:CPD-19366@Charged	eQuilibrator:MNXM164940
cpd35486	MetaCyc:CPD-17911	MetaCyc:CPD-17911	MetaCyc:CPD-17911	MetaCyc:CPD-17911		MetaCyc:CPD-17911	GC	MetaCyc:CPD-17911@Charged	MetaCyc:CPD-17911@Charged	
cpd35487	MetaCyc:CPD-14756	MetaCyc:CPD-14756	MetaCyc:CPD-14756	MetaCyc:CPD-14756		MetaCyc:CPD-14756	EQ	eQuilibrator:MNXM114703	MetaCyc:CPD-14756@Charged	eQuilibrator:MNXM114703
cpd35488	MetaCyc:CPD-17529@Charged;ChEBI:84975	MetaCyc:CPD-17529@Charged;ChEBI:84975	MetaCyc:CPD-17529@Charged;ChEBI:84975	MetaCyc:CPD-17529@Charged;ChEBI:84975	MetaCyc:CPD-17529	MetaCyc:CPD-17529	EQ	eQuilibrator:MNXM146521	MetaCyc:CPD-17529@Charged	eQuilibrator:MNXM146521
cpd35489	MetaCyc:CPD-20355	MetaCyc:CPD-20355	MetaCyc:CPD-20355	MetaCyc:CPD-20355	MetaCyc:CPD-20355	MetaCyc:CPD-20355	EQ	eQuilibrator:MNXM160492	MetaCyc:CPD-20355@Charged	eQuilibrator:MNXM160492
cpd35490	MetaCyc:CPD-20219	MetaCyc:CPD-20219	MetaCyc:CPD-20219	MetaCyc:CPD-20219	MetaCyc:CPD-20219	MetaCyc:CPD-20219	GC	MetaCyc:CPD-20219@Charged	MetaCyc:CPD-20219@Charged	
cpd35491	MetaCyc:CPD-15351	MetaCyc:CPD-15351	MetaCyc:CPD-15351	MetaCyc:CPD-15351	MetaCyc:CPD-15351	MetaCyc:CPD-15351	GC	MetaCyc:CPD-15351@Charged	MetaCyc:CPD-15351@Charged	
cpd35492	MetaCyc:CPD-18253	MetaCyc:CPD-18253	MetaCyc:CPD-18253	MetaCyc:CPD-18253	MetaCyc:CPD-18253	MetaCyc:CPD-18253	EQ	eQuilibrator:MNXM168950	MetaCyc:CPD-18253@Charged	eQuilibrator:MNXM168950
cpd35493	MetaCyc:CPD-20022	MetaCyc:CPD-20022	MetaCyc:CPD-20022	MetaCyc:CPD-20022	MetaCyc:CPD-20022	MetaCyc:CPD-20022	GC	MetaCyc:CPD-20022@Charged	MetaCyc:CPD-20022@Charged	
cpd35494	MetaCyc:CPD-18588;ChEBI:144940	MetaCyc:CPD-18588;ChEBI:144940	MetaCyc:CPD-18588;ChEBI:144940	MetaCyc:CPD-18588;ChEBI:144940	MetaCyc:CPD-18588	MetaCyc:CPD-18588	GC	MetaCyc:CPD-18588@Charged	MetaCyc:CPD-18588@Charged	eQuilibrator:MNXM164863
cpd35495	MetaCyc:CPD-15566;ChEBI:87712	MetaCyc:CPD-15566;ChEBI:87712	MetaCyc:CPD-15566;ChEBI:87712	MetaCyc:CPD-15566;ChEBI:87712	MetaCyc:CPD-15566	MetaCyc:CPD-15566	EQ	eQuilibrator:MNXM147629	MetaCyc:CPD-15566@Charged	eQuilibrator:MNXM147629
cpd35496	MetaCyc:CPD-14543	MetaCyc:CPD-14543	MetaCyc:CPD-14543	MetaCyc:CPD-14543	MetaCyc:CPD-14543	MetaCyc:CPD-14543	GC	MetaCyc:CPD-14543@Charged	MetaCyc:CPD-14543@Charged	eQuilibrator:MNXM38887
cpd35497	MetaCyc:CPD-21519	MetaCyc:CPD-21519	MetaCyc:CPD-21519	MetaCyc:CPD-21519	MetaCyc:CPD-21519	MetaCyc:CPD-21519	GC	MetaCyc:CPD-21519@Charged	MetaCyc:CPD-21519@Charged	eQuilibrator:MNXM43355
cpd35498	MetaCyc:CPD-19847;ChEBI:137165	MetaCyc:CPD-19847;ChEBI:137165	MetaCyc:CPD-19847;ChEBI:137165	MetaCyc:CPD-19847;ChEBI:137165	MetaCyc:CPD-19847	MetaCyc:CPD-19847	GC	MetaCyc:CPD-19847@Charged	MetaCyc:CPD-19847@Charged	
cpd35499	MetaCyc:CPD-16943;ChEBI:145932	MetaCyc:CPD-16943;ChEBI:145932	MetaCyc:CPD-16943;ChEBI:145932	MetaCyc:CPD-16943;ChEBI:145932	MetaCyc:CPD-16943		EQ	eQuilibrator:MNXM31725	MetaCyc:CPD-16943@Charged	eQuilibrator:MNXM31725
cpd35500	MetaCyc:CPD-16483	MetaCyc:CPD-16483		MetaCyc:CPD-16483	MetaCyc:CPD-16483	MetaCyc:CPD-16483	GC	MetaCyc:CPD-16483@Charged	MetaCyc:CPD-16483@Charged	
cpd35501	MetaCyc:CPD-16501;ChEBI:77133	MetaCyc:CPD-16501;ChEBI:77133	MetaCyc:CPD-16501;ChEBI:77133	MetaCyc:CPD-16501;ChEBI:77133	MetaCyc:CPD-16501	MetaCyc:CPD-16501	GC	MetaCyc:CPD-16501@Charged	MetaCyc:CPD-16501@Charged	eQuilibrator:MNXM145745
cpd35502	MetaCyc:CPD0-2637	MetaCyc:CPD0-2637	MetaCyc:CPD0-2637	MetaCyc:CPD0-2637	MetaCyc:CPD0-2637	MetaCyc:CPD0-2637				
cpd35503	MetaCyc:CPD-21538	MetaCyc:CPD-21538	MetaCyc:CPD-21538	MetaCyc:CPD-21538	MetaCyc:CPD-21538		GC	MetaCyc:CPD-21538@Charged	MetaCyc:CPD-21538@Charged	
cpd35504	MetaCyc:CPD-16529@Charged	MetaCyc:CPD-16529@Charged	MetaCyc:CPD-16529@Charged	MetaCyc:CPD-16529@Charged	MetaCyc:CPD-16529	MetaCyc:CPD-16529	GC	MetaCyc:CPD-16529@Charged	MetaCyc:CPD-16529@Charged	
cpd35505	MetaCyc:CPD-16887	MetaCyc:CPD-16887	MetaCyc:CPD-16887	MetaCyc:CPD-16887	MetaCyc:CPD-16887	MetaCyc:CPD-16887	EQ	eQuilibrator:MNXM147631	MetaCyc:CPD-16887@Charged	eQuilibrator:MNXM147631
cpd35506	MetaCyc:CPD-16492	MetaCyc:CPD-16492	MetaCyc:CPD-16492	MetaCyc:CPD-16492@Charged	MetaCyc:CPD-16492	MetaCyc:CPD-16492	EQ	eQuilibrator:MNXM153471	MetaCyc:CPD-16492@Charged	eQuilibrator:MNXM153471
cpd35507	MetaCyc:CPD-20220	MetaCyc:CPD-20220	MetaCyc:CPD-20220	MetaCyc:CPD-20220	MetaCyc:CPD-20220	MetaCyc:CPD-20220	GC	MetaCyc:CPD-20220@Charged	MetaCyc:CPD-20220@Charged	
cpd35508	MetaCyc:CPD-14795;ChEBI:67138	MetaCyc:CPD-14795;ChEBI:67138	MetaCyc:CPD-14795;ChEBI:67138	MetaCyc:CPD-14795;ChEBI:67138	MetaCyc:CPD-14795	MetaCyc:CPD-14795	EQ	eQuilibrator:MNXM89724	MetaCyc:CPD-14795@Charged	eQuilibrator:MNXM89724
cpd35509	MetaCyc:CPD0-2530	MetaCyc:CPD0-2530	MetaCyc:CPD0-2530	MetaCyc:CPD0-2530		MetaCyc:CPD0-2530	GC	MetaCyc:CPD0-2530@Charged	MetaCyc:CPD0-2530@Charged	
cpd35510	MetaCyc:CPD-18876@Charged	MetaCyc:CPD-18876@Charged		MetaCyc:CPD-18876@Charged	MetaCyc:CPD-18876	MetaCyc:CPD-18876	GC	MetaCyc:CPD-18876@Charged	MetaCyc:CPD-18876@Charged	
cpd35511	MetaCyc:CPD-19811	MetaCyc:CPD-19811	MetaCyc:CPD-19811	MetaCyc:CPD-19811	MetaCyc:CPD-19811	MetaCyc:CPD-19811	GC	MetaCyc:CPD-19811@Charged	MetaCyc:CPD-19811@Charged	
cpd35512	MetaCyc:CPD-14886	MetaCyc:CPD-14886	MetaCyc:CPD-14886	MetaCyc:CPD-14886	MetaCyc:CPD-14886	MetaCyc:CPD-14886	GC	MetaCyc:CPD-14886@Charged	MetaCyc:CPD-14886@Charged	eQuilibrator:MNXM66118
cpd35513	MetaCyc:CPD-21134	MetaCyc:CPD-21134	MetaCyc:CPD-21134	MetaCyc:CPD-21134	MetaCyc:CPD-21134	MetaCyc:CPD-21134	GC	MetaCyc:CPD-21134@Charged	MetaCyc:CPD-21134@Charged	
cpd35514	MetaCyc:CPD-19820	MetaCyc:CPD-19820	MetaCyc:CPD-19820	MetaCyc:CPD-19820	MetaCyc:CPD-19820	MetaCyc:CPD-19820	GC	MetaCyc:CPD-19820@Charged	MetaCyc:CPD-19820@Charged	
cpd35515	MetaCyc:CPD-17664	MetaCyc:CPD-17664	MetaCyc:CPD-17664	MetaCyc:CPD-17664	MetaCyc:CPD-17664	MetaCyc:CPD-17664	EQ	eQuilibrator:MNXM147704	MetaCyc:CPD-17664@Charged	eQuilibrator:MNXM147704
cpd35516	MetaCyc:CPD-17429	MetaCyc:CPD-17429	MetaCyc:CPD-17429	MetaCyc:CPD-17429	MetaCyc:CPD-17429	MetaCyc:CPD-17429	GC	MetaCyc:CPD-17429@Charged	MetaCyc:CPD-17429@Charged	
cpd35517	MetaCyc:CPD-16799	MetaCyc:CPD-16799	MetaCyc:CPD-16799	MetaCyc:CPD-16799@Charged	MetaCyc:CPD-16799	MetaCyc:CPD-16799	GC	MetaCyc:CPD-16799@Charged	MetaCyc:CPD-16799@Charged	eQuilibrator:MNXM155160
cpd35518	MetaCyc:CPD-15059	MetaCyc:CPD-15059	MetaCyc:CPD-15059	MetaCyc:CPD-15059	MetaCyc:CPD-15059	MetaCyc:CPD-15059	GC	MetaCyc:CPD-15059@Charged	MetaCyc:CPD-15059@Charged	
cpd35519	MetaCyc:CPD-21106	MetaCyc:CPD-21106	MetaCyc:CPD-21106	MetaCyc:CPD-21106	MetaCyc:CPD-21106		EQ	eQuilibrator:MNXM117894	MetaCyc:CPD-21106@Charged	eQuilibrator:MNXM117894
cpd35520	MetaCyc:CPD-19444@Charged;ChEBI:146208	MetaCyc:CPD-19444@Charged;ChEBI:146208	MetaCyc:CPD-19444@Charged;ChEBI:146208	MetaCyc:CPD-19444@Charged	MetaCyc:CPD-19444	MetaCyc:CPD-19444	GC	MetaCyc:CPD-19444@Charged	MetaCyc:CPD-19444@Charged	
cpd35521	MetaCyc:CPD-21178	MetaCyc:CPD-21178	MetaCyc:CPD-21178	MetaCyc:CPD-21178@Charged	MetaCyc:CPD-21178	MetaCyc:CPD-21178	GC	MetaCyc:CPD-21178@Charged	MetaCyc:CPD-21178@Charged	
cpd35522	MetaCyc:CPD-18247@Charged	MetaCyc:CPD-18247@Charged	MetaCyc:CPD-18247@Charged	MetaCyc:CPD-18247@Charged	MetaCyc:CPD-18247	MetaCyc:CPD-18247	GC	MetaCyc:CPD-18247@Charged	MetaCyc:CPD-18247@Charged	eQuilibrator:MNXM164736
cpd35523	MetaCyc:CPD-20403;ChEBI:64489	MetaCyc:CPD-20403;ChEBI:64489	MetaCyc:CPD-20403;ChEBI:64489	MetaCyc:CPD-20403;ChEBI:64489	MetaCyc:CPD-20403	MetaCyc:CPD-20403	GC	MetaCyc:CPD-20403@Charged	MetaCyc:CPD-20403@Charged	eQuilibrator:MNXM60741
cpd35524	MetaCyc:CPD-16985	MetaCyc:CPD-16985	MetaCyc:CPD-16985	MetaCyc:CPD-16985	MetaCyc:CPD-16985	MetaCyc:CPD-16985	GC	MetaCyc:CPD-16985@Charged	MetaCyc:CPD-16985@Charged	
cpd35525	MetaCyc:CPD-19111	MetaCyc:CPD-19111	MetaCyc:CPD-19111	MetaCyc:CPD-19111	MetaCyc:CPD-19111	MetaCyc:CPD-19111	GC	MetaCyc:CPD-19111@Charged	MetaCyc:CPD-19111@Charged	
cpd35526	MetaCyc:CPD-18544	MetaCyc:CPD-18544	MetaCyc:CPD-18544	MetaCyc:CPD-18544	MetaCyc:CPD-18544	MetaCyc:CPD-18544	EQ	eQuilibrator:MNXM163964	MetaCyc:CPD-18544@Charged	eQuilibrator:MNXM163964
cpd35527	MetaCyc:CPD-18649	MetaCyc:CPD-18649	MetaCyc:CPD-18649	MetaCyc:CPD-18649	MetaCyc:CPD-18649	MetaCyc:CPD-18649	GC	MetaCyc:CPD-18649@Charged	MetaCyc:CPD-18649@Charged	
cpd35528	MetaCyc:CPD-15949@Charged	MetaCyc:CPD-15949@Charged	MetaCyc:CPD-15949@Charged	MetaCyc:CPD-15949@Charged	MetaCyc:CPD-15949	MetaCyc:CPD-15949	GC	MetaCyc:CPD-15949@Charged	MetaCyc:CPD-15949@Charged	
cpd35529	MetaCyc:CPD-18843@Charged	MetaCyc:CPD-18843@Charged		MetaCyc:CPD-18843@Charged	MetaCyc:CPD-18843	MetaCyc:CPD-18843	GC	MetaCyc:CPD-18843@Charged	MetaCyc:CPD-18843@Charged	
cpd35530	MetaCyc:CPD-19228;ChEBI:39940	MetaCyc:CPD-19228;ChEBI:39940	MetaCyc:CPD-19228;ChEBI:39940	MetaCyc:CPD-19228;ChEBI:39940	MetaCyc:CPD-19228	MetaCyc:CPD-19228	EQ	eQuilibrator:MNXM117611	MetaCyc:CPD-19228@Charged	eQuilibrator:MNXM117611
cpd35531	MetaCyc:CPD-15403;ChEBI:134278	MetaCyc:CPD-15403;ChEBI:134278	MetaCyc:CPD-15403;ChEBI:134278	MetaCyc:CPD-15403;ChEBI:134278	MetaCyc:CPD-15403	MetaCyc:CPD-15403	GC	MetaCyc:CPD-15403@Charged	MetaCyc:CPD-15403@Charged	eQuilibrator:MNXM148125
cpd35532	MetaCyc:CPD-20001	MetaCyc:CPD-20001	MetaCyc:CPD-20001	MetaCyc:CPD-20001		MetaCyc:CPD-20001	GC	MetaCyc:CPD-20001@Charged	MetaCyc:CPD-20001@Charged	
cpd35533	MetaCyc:CPD-21385;ChEBI:136749	MetaCyc:CPD-21385;ChEBI:136749	MetaCyc:CPD-21385;ChEBI:136749	MetaCyc:CPD-21385;ChEBI:136749	MetaCyc:CPD-21385	MetaCyc:CPD-21385	GC	MetaCyc:CPD-21385@Charged	MetaCyc:CPD-21385@Charged	
cpd35534	MetaCyc:CPD-18804	MetaCyc:CPD-18804		MetaCyc:CPD-18804	MetaCyc:CPD-18804	MetaCyc:CPD-18804	GC	MetaCyc:CPD-18804@Charged	MetaCyc:CPD-18804@Charged	
cpd35535	MetaCyc:CPD-14912	MetaCyc:CPD-14912	MetaCyc:CPD-14912	MetaCyc:CPD-14912	MetaCyc:CPD-14912	MetaCyc:CPD-14912	GC	MetaCyc:CPD-14912@Charged	MetaCyc:CPD-14912@Charged	eQuilibrator:MNXM52963
cpd35536	MetaCyc:CPD-21150	MetaCyc:CPD-21150	MetaCyc:CPD-21150	MetaCyc:CPD-21150		MetaCyc:CPD-21150	EQ	eQuilibrator:MNXM40792	MetaCyc:CPD-21150@Charged	eQuilibrator:MNXM40792
cpd35537	MetaCyc:CPD-20963;ChEBI:136742	MetaCyc:CPD-20963;ChEBI:136742	MetaCyc:CPD-20963;ChEBI:136742	MetaCyc:CPD-20963;ChEBI:136742	MetaCyc:CPD-20963	MetaCyc:CPD-20963	GC	MetaCyc:CPD-20963@Charged	MetaCyc:CPD-20963@Charged	
cpd35538	MetaCyc:CPD-14638	MetaCyc:CPD-14638	MetaCyc:CPD-14638	MetaCyc:CPD-14638	MetaCyc:CPD-14638	MetaCyc:CPD-14638	EQ	eQuilibrator:MNXM97635	MetaCyc:CPD-14638@Charged	eQuilibrator:MNXM97635
cpd35539	MetaCyc:CPD-16447	MetaCyc:CPD-16447	MetaCyc:CPD-16447	MetaCyc:CPD-16447	MetaCyc:CPD-16447	MetaCyc:CPD-16447	EQ	eQuilibrator:MNXM148678	MetaCyc:CPD-16447@Charged	eQuilibrator:MNXM148678
cpd35540	MetaCyc:CPD-14641	MetaCyc:CPD-14641	MetaCyc:CPD-14641	MetaCyc:CPD-14641	MetaCyc:CPD-14641	MetaCyc:CPD-14641	EQ	eQuilibrator:MNXM101799	MetaCyc:CPD-14641@Charged	eQuilibrator:MNXM101799
cpd35541	MetaCyc:CPD-16537@Charged	MetaCyc:CPD-16537@Charged	MetaCyc:CPD-16537@Charged	MetaCyc:CPD-16537@Charged	MetaCyc:CPD-16537	MetaCyc:CPD-16537	GC	MetaCyc:CPD-16537@Charged	MetaCyc:CPD-16537@Charged	
cpd35542	MetaCyc:CPD-21450	MetaCyc:CPD-21450	MetaCyc:CPD-21450	MetaCyc:CPD-21450	MetaCyc:CPD-21450	MetaCyc:CPD-21450	GC	MetaCyc:CPD-21450@Charged	MetaCyc:CPD-21450@Charged	
cpd35543	MetaCyc:CPD-14846	MetaCyc:CPD-14846	MetaCyc:CPD-14846	MetaCyc:CPD-14846	MetaCyc:CPD-14846	MetaCyc:CPD-14846	EQ	eQuilibrator:MNXM114602	MetaCyc:CPD-14846@Charged	eQuilibrator:MNXM114602
cpd35544	MetaCyc:CPD-19317	MetaCyc:CPD-19317	MetaCyc:CPD-19317	MetaCyc:CPD-19317	MetaCyc:CPD-19317	MetaCyc:CPD-19317	GC	MetaCyc:CPD-19317@Charged	MetaCyc:CPD-19317@Charged	eQuilibrator:MNXM163852
cpd35545	MetaCyc:CPD-20689	MetaCyc:CPD-20689	MetaCyc:CPD-20689	MetaCyc:CPD-20689	MetaCyc:CPD-20689		EQ	eQuilibrator:MNXM73118	MetaCyc:CPD-20689@Charged	eQuilibrator:MNXM73118
cpd35546	MetaCyc:CPD-20659	MetaCyc:CPD-20659	MetaCyc:CPD-20659	MetaCyc:CPD-20659			GC	MetaCyc:CPD-20659@Charged	MetaCyc:CPD-20659@Charged	
cpd35547	MetaCyc:CPD-15936	MetaCyc:CPD-15936	MetaCyc:CPD-15936	MetaCyc:CPD-15936	MetaCyc:CPD-15936	MetaCyc:CPD-15936	GC	MetaCyc:CPD-15936@Charged	MetaCyc:CPD-15936@Charged	
cpd35548	MetaCyc:CPD-20882@Charged	MetaCyc:CPD-20882@Charged	MetaCyc:CPD-20882@Charged	MetaCyc:CPD-20882@Charged	MetaCyc:CPD-20882	MetaCyc:CPD-20882	GC	MetaCyc:CPD-20882@Charged	MetaCyc:CPD-20882@Charged	
cpd35549	MetaCyc:CPD-18746	MetaCyc:CPD-18746	MetaCyc:CPD-18746	MetaCyc:CPD-18746	MetaCyc:CPD-18746	MetaCyc:CPD-18746	EQ	eQuilibrator:MNXM164288	MetaCyc:CPD-18746@Charged	eQuilibrator:MNXM164288
cpd35550	MetaCyc:CPD-16571	MetaCyc:CPD-16571	MetaCyc:CPD-16571	MetaCyc:CPD-16571	MetaCyc:CPD-16571	MetaCyc:CPD-16571	EQ	eQuilibrator:MNXM491308	MetaCyc:CPD-16571@Charged	eQuilibrator:MNXM491308
cpd35551	MetaCyc:CPD-19871	MetaCyc:CPD-19871	MetaCyc:CPD-19871	MetaCyc:CPD-19871			GC	MetaCyc:CPD-19871@Charged	MetaCyc:CPD-19871@Charged	
cpd35552	MetaCyc:CPD66-53	MetaCyc:CPD66-53	MetaCyc:CPD66-53	MetaCyc:CPD66-53	MetaCyc:CPD66-53	MetaCyc:CPD66-53	EQ	eQuilibrator:MNXM38672	MetaCyc:CPD66-53@Charged	eQuilibrator:MNXM38672
cpd35553	MetaCyc:CPD-20101	MetaCyc:CPD-20101	MetaCyc:CPD-20101	MetaCyc:CPD-20101	MetaCyc:CPD-20101	MetaCyc:CPD-20101	GC	MetaCyc:CPD-20101@Charged	MetaCyc:CPD-20101@Charged	
cpd35554	MetaCyc:CPD-18097@Charged	MetaCyc:CPD-18097@Charged	MetaCyc:CPD-18097@Charged	MetaCyc:CPD-18097@Charged	MetaCyc:CPD-18097	MetaCyc:CPD-18097	GC	MetaCyc:CPD-18097@Charged	MetaCyc:CPD-18097@Charged	
cpd35555	MetaCyc:CPD-19106;ChEBI:132003	MetaCyc:CPD-19106;ChEBI:132003	MetaCyc:CPD-19106;ChEBI:132003	MetaCyc:CPD-19106;ChEBI:132003	MetaCyc:CPD-19106	MetaCyc:CPD-19106	GC	MetaCyc:CPD-19106@Charged	MetaCyc:CPD-19106@Charged	eQuilibrator:MNXM162333
cpd35556	MetaCyc:CPD-14416	MetaCyc:CPD-14416	MetaCyc:CPD-14416	MetaCyc:CPD-14416	MetaCyc:CPD-14416	MetaCyc:CPD-14416	EQ	eQuilibrator:MNXM8234	MetaCyc:CPD-14416@Charged	eQuilibrator:MNXM8234
cpd35557	MetaCyc:CPD-20654	MetaCyc:CPD-20654	MetaCyc:CPD-20654	MetaCyc:CPD-20654	MetaCyc:CPD-20654	MetaCyc:CPD-20654	GC	MetaCyc:CPD-20654@Charged	MetaCyc:CPD-20654@Charged	
cpd35558	MetaCyc:CPD-16856	MetaCyc:CPD-16856	MetaCyc:CPD-16856	MetaCyc:CPD-16856	MetaCyc:CPD-16856	MetaCyc:CPD-16856	GC	MetaCyc:CPD-16856@Charged	MetaCyc:CPD-16856@Charged	
cpd35559	MetaCyc:CPD-19706;ChEBI:77410	MetaCyc:CPD-19706;ChEBI:77410	MetaCyc:CPD-19706;ChEBI:77410	MetaCyc:CPD-19706;ChEBI:77410	MetaCyc:CPD-19706	MetaCyc:CPD-19706	EQ	eQuilibrator:MNXM37507	MetaCyc:CPD-19706@Charged	eQuilibrator:MNXM37507
cpd35560	MetaCyc:CPD-20779@Charged	MetaCyc:CPD-20779@Charged	MetaCyc:CPD-20779@Charged	MetaCyc:CPD-20779@Charged	MetaCyc:CPD-20779	MetaCyc:CPD-20779	GC	MetaCyc:CPD-20779@Charged	MetaCyc:CPD-20779@Charged	
cpd35561	MetaCyc:CPD-17900;ChEBI:87109	MetaCyc:CPD-17900;ChEBI:87109	MetaCyc:CPD-17900;ChEBI:87109	MetaCyc:CPD-17900;ChEBI:87109	MetaCyc:CPD-17900	MetaCyc:CPD-17900	EQ	eQuilibrator:MNXM146575	MetaCyc:CPD-17900@Charged	eQuilibrator:MNXM146575
cpd35562	MetaCyc:CPD-20178	MetaCyc:CPD-20178	MetaCyc:CPD-20178	MetaCyc:CPD-20178	MetaCyc:CPD-20178	MetaCyc:CPD-20178	GC	MetaCyc:CPD-20178@Charged	MetaCyc:CPD-20178@Charged	
cpd35563	MetaCyc:CPD-19323	MetaCyc:CPD-19323	MetaCyc:CPD-19323	MetaCyc:CPD-19323	MetaCyc:CPD-19323	MetaCyc:CPD-19323	GC	MetaCyc:CPD-19323@Charged	MetaCyc:CPD-19323@Charged	eQuilibrator:MNXM165105
cpd35564	MetaCyc:CPD-19916	MetaCyc:CPD-19916	MetaCyc:CPD-19916	MetaCyc:CPD-19916	MetaCyc:CPD-19916	MetaCyc:CPD-19916	GC	MetaCyc:CPD-19916@Charged	MetaCyc:CPD-19916@Charged	
cpd35565	MetaCyc:CPD-14919	MetaCyc:CPD-14919	MetaCyc:CPD-14919	MetaCyc:CPD-14919	MetaCyc:CPD-14919	MetaCyc:CPD-14919	EQ		MetaCyc:CPD-14919@Charged	
cpd35566	MetaCyc:CPD-19914	MetaCyc:CPD-19914	MetaCyc:CPD-19914	MetaCyc:CPD-19914	MetaCyc:CPD-19914	MetaCyc:CPD-19914	GC	MetaCyc:CPD-19914@Charged	MetaCyc:CPD-19914@Charged	
cpd35567	MetaCyc:CPD-19928@Charged	MetaCyc:CPD-19928@Charged	MetaCyc:CPD-19928@Charged	MetaCyc:CPD-19928@Charged	MetaCyc:CPD-19928	MetaCyc:CPD-19928	GC	MetaCyc:CPD-19928@Charged	MetaCyc:CPD-19928@Charged	
cpd35568	MetaCyc:CPD-15544	MetaCyc:CPD-15544	MetaCyc:CPD-15544	MetaCyc:CPD-15544	MetaCyc:CPD-15544	MetaCyc:CPD-15544	GC	MetaCyc:CPD-15544@Charged	MetaCyc:CPD-15544@Charged	eQuilibrator:MNXM722809
cpd35569	MetaCyc:CPD-19033	MetaCyc:CPD-19033	MetaCyc:CPD-19033	MetaCyc:CPD-19033	MetaCyc:CPD-19033	MetaCyc:CPD-19033	EQ	eQuilibrator:MNXM164149	MetaCyc:CPD-19033@Charged	eQuilibrator:MNXM164149
cpd35570	MetaCyc:CPD-20738@Charged	MetaCyc:CPD-20738@Charged		MetaCyc:CPD-20738@Charged	MetaCyc:CPD-20738	MetaCyc:CPD-20738	GC	MetaCyc:CPD-20738@Charged	MetaCyc:CPD-20738@Charged	
cpd35571	MetaCyc:CPD-18204	MetaCyc:CPD-18204	MetaCyc:CPD-18204	MetaCyc:CPD-18204	MetaCyc:CPD-18204		EQ	eQuilibrator:MNXM33769	MetaCyc:CPD-18204@Charged	eQuilibrator:MNXM33769
cpd35572	MetaCyc:CPD-17549	MetaCyc:CPD-17549	MetaCyc:CPD-17549	MetaCyc:CPD-17549	MetaCyc:CPD-17549	MetaCyc:CPD-17549	EQ	eQuilibrator:MNXM482944	MetaCyc:CPD-17549@Charged	eQuilibrator:MNXM482944
cpd35573	MetaCyc:CPD-19905	MetaCyc:CPD-19905	MetaCyc:CPD-19905	MetaCyc:CPD-19905	MetaCyc:CPD-19905	MetaCyc:CPD-19905	GC	MetaCyc:CPD-19905@Charged	MetaCyc:CPD-19905@Charged	
cpd35574	MetaCyc:CPD-15143;ChEBI:52678	MetaCyc:CPD-15143;ChEBI:52678	MetaCyc:CPD-15143;ChEBI:52678	MetaCyc:CPD-15143;ChEBI:52678	MetaCyc:CPD-15143	MetaCyc:CPD-15143	EQ	eQuilibrator:MNXM6823	MetaCyc:CPD-15143@Charged	eQuilibrator:MNXM6823
cpd35575	MetaCyc:CPD-18906@Charged	MetaCyc:CPD-18906@Charged		MetaCyc:CPD-18906@Charged	MetaCyc:CPD-18906	MetaCyc:CPD-18906	GC	MetaCyc:CPD-18906@Charged	MetaCyc:CPD-18906@Charged	
cpd35576	MetaCyc:CPD-15072@Charged	MetaCyc:CPD-15072@Charged	MetaCyc:CPD-15072@Charged	MetaCyc:CPD-15072@Charged	MetaCyc:CPD-15072	MetaCyc:CPD-15072	GC	MetaCyc:CPD-15072@Charged	MetaCyc:CPD-15072@Charged	eQuilibrator:MNXM527643
cpd35577	MetaCyc:CPD-18830	MetaCyc:CPD-18830	MetaCyc:CPD-18830	MetaCyc:CPD-18830	MetaCyc:CPD-18830	MetaCyc:CPD-18830	GC	MetaCyc:CPD-18830@Charged	MetaCyc:CPD-18830@Charged	eQuilibrator:MNXM13316
cpd35578	MetaCyc:CPD-15517	MetaCyc:CPD-15517	MetaCyc:CPD-15517	MetaCyc:CPD-15517	MetaCyc:CPD-15517		EQ	eQuilibrator:MNXM19028	MetaCyc:CPD-15517@Charged	eQuilibrator:MNXM19028
cpd35579	MetaCyc:CPD-16755	MetaCyc:CPD-16755	MetaCyc:CPD-16755	MetaCyc:CPD-16755	MetaCyc:CPD-16755	MetaCyc:CPD-16755	GC	MetaCyc:CPD-16755@Charged	MetaCyc:CPD-16755@Charged	
cpd35580	MetaCyc:CPD-16421	MetaCyc:CPD-16421	MetaCyc:CPD-16421	MetaCyc:CPD-16421	MetaCyc:CPD-16421	MetaCyc:CPD-16421	GC	MetaCyc:CPD-16421@Charged	MetaCyc:CPD-16421@Charged	eQuilibrator:MNXM511637
cpd35581	MetaCyc:CPD-19379	MetaCyc:CPD-19379	MetaCyc:CPD-19379	MetaCyc:CPD-19379	MetaCyc:CPD-19379	MetaCyc:CPD-19379	EQ	eQuilibrator:MNXM468290	MetaCyc:CPD-19379@Charged	eQuilibrator:MNXM468290
cpd35582	MetaCyc:CPD-15014	MetaCyc:CPD-15014	MetaCyc:CPD-15014	MetaCyc:CPD-15014	MetaCyc:CPD-15014	MetaCyc:CPD-15014	EQ		MetaCyc:CPD-15014@Charged	
cpd35583	MetaCyc:CPD-20160	MetaCyc:CPD-20160	MetaCyc:CPD-20160	MetaCyc:CPD-20160	MetaCyc:CPD-20160	MetaCyc:CPD-20160	GC	MetaCyc:CPD-20160@Charged	MetaCyc:CPD-20160@Charged	
cpd35584	MetaCyc:CPD-19827	MetaCyc:CPD-19827	MetaCyc:CPD-19827	MetaCyc:CPD-19827	MetaCyc:CPD-19827	MetaCyc:CPD-19827	GC	MetaCyc:CPD-19827@Charged	MetaCyc:CPD-19827@Charged	
cpd35585	MetaCyc:CPD-15485	MetaCyc:CPD-15485	MetaCyc:CPD-15485	MetaCyc:CPD-15485		MetaCyc:CPD-15485	GC	MetaCyc:CPD-15485@Charged	MetaCyc:CPD-15485@Charged	eQuilibrator:MNXM27828
cpd35586	MetaCyc:CPD-15510	MetaCyc:CPD-15510	MetaCyc:CPD-15510	MetaCyc:CPD-15510	MetaCyc:CPD-15510	MetaCyc:CPD-15510	GC	MetaCyc:CPD-15510@Charged	MetaCyc:CPD-15510@Charged	eQuilibrator:MNXM158805
cpd35587	MetaCyc:CPD0-2601@Charged	MetaCyc:CPD0-2601@Charged	MetaCyc:CPD0-2601@Charged	MetaCyc:CPD0-2601@Charged	MetaCyc:CPD0-2601	MetaCyc:CPD0-2601				
cpd35588	MetaCyc:CPD-15758	MetaCyc:CPD-15758	MetaCyc:CPD-15758	MetaCyc:CPD-15758	MetaCyc:CPD-15758	MetaCyc:CPD-15758	EQ	eQuilibrator:MNXM17118	MetaCyc:CPD-15758@Charged	eQuilibrator:MNXM17118
cpd35589	MetaCyc:CPD-18264@Charged	MetaCyc:CPD-18264@Charged		MetaCyc:CPD-18264@Charged	MetaCyc:CPD-18264	MetaCyc:CPD-18264	GC	MetaCyc:CPD-18264@Charged	MetaCyc:CPD-18264@Charged	
cpd35590	MetaCyc:CPD-17506	MetaCyc:CPD-17506	MetaCyc:CPD-17506	MetaCyc:CPD-17506	MetaCyc:CPD-17506	MetaCyc:CPD-17506	EQ	eQuilibrator:MNXM148230	MetaCyc:CPD-17506@Charged	eQuilibrator:MNXM148230
cpd35591	MetaCyc:CPD-20803@Charged;ChEBI:141002@Charged	MetaCyc:CPD-20803@Charged;ChEBI:141002@Charged	MetaCyc:CPD-20803@Charged;ChEBI:141002@Charged	MetaCyc:CPD-20803@Charged;ChEBI:141002@Charged	MetaCyc:CPD-20803		GC	MetaCyc:CPD-20803@Charged	MetaCyc:CPD-20803@Charged	
cpd35592	MetaCyc:CPD-18214@Charged	MetaCyc:CPD-18214@Charged	MetaCyc:CPD-18214@Charged	MetaCyc:CPD-18214@Charged	MetaCyc:CPD-18214	MetaCyc:CPD-18214	GC	MetaCyc:CPD-18214@Charged	MetaCyc:CPD-18214@Charged	
cpd35593	MetaCyc:CPD-19124	MetaCyc:CPD-19124	MetaCyc:CPD-19124	MetaCyc:CPD-19124	MetaCyc:CPD-19124	MetaCyc:CPD-19124	EQ	eQuilibrator:MNXM683050	MetaCyc:CPD-19124@Charged	eQuilibrator:MNXM683050
cpd35594	MetaCyc:CPD-14961	MetaCyc:CPD-14961	MetaCyc:CPD-14961	MetaCyc:CPD-14961	MetaCyc:CPD-14961	MetaCyc:CPD-14961	GC	MetaCyc:CPD-14961@Charged	MetaCyc:CPD-14961@Charged	eQuilibrator:MNXM114521
cpd35595	MetaCyc:CPD-16376	MetaCyc:CPD-16376	MetaCyc:CPD-16376	MetaCyc:CPD-16376	MetaCyc:CPD-16376	MetaCyc:CPD-16376	GC	MetaCyc:CPD-16376@Charged	MetaCyc:CPD-16376@Charged	eQuilibrator:MNXM57474
cpd35596	MetaCyc:CPD-16700;ChEBI:141318	MetaCyc:CPD-16700;ChEBI:141318	MetaCyc:CPD-16700;ChEBI:141318	MetaCyc:CPD-16700;ChEBI:141318	MetaCyc:CPD-16700	MetaCyc:CPD-16700	EQ	eQuilibrator:MNXM147869	MetaCyc:CPD-16700@Charged	eQuilibrator:MNXM147869
cpd35597	MetaCyc:CPD-18528	MetaCyc:CPD-18528	MetaCyc:CPD-18528	MetaCyc:CPD-18528	MetaCyc:CPD-18528	MetaCyc:CPD-18528	EQ	eQuilibrator:MNXM481896	MetaCyc:CPD-18528@Charged	eQuilibrator:MNXM481896
cpd35598	MetaCyc:CPD-19799@Charged	MetaCyc:CPD-19799@Charged	MetaCyc:CPD-19799@Charged	MetaCyc:CPD-19799@Charged	MetaCyc:CPD-19799	MetaCyc:CPD-19799	GC	MetaCyc:CPD-19799@Charged	MetaCyc:CPD-19799@Charged	
cpd35599	MetaCyc:CPD-19205	MetaCyc:CPD-19205	MetaCyc:CPD-19205	MetaCyc:CPD-19205	MetaCyc:CPD-19205	MetaCyc:CPD-19205	EQ	eQuilibrator:MNXM149095	MetaCyc:CPD-19205@Charged	eQuilibrator:MNXM149095
cpd35600	MetaCyc:CPD-17178	MetaCyc:CPD-17178	MetaCyc:CPD-17178	MetaCyc:CPD-17178	MetaCyc:CPD-17178	MetaCyc:CPD-17178	EQ	eQuilibrator:MNXM157981	MetaCyc:CPD-17178@Charged	eQuilibrator:MNXM157981
cpd35601	MetaCyc:CPD-20210	MetaCyc:CPD-20210	MetaCyc:CPD-20210	MetaCyc:CPD-20210	MetaCyc:CPD-20210	MetaCyc:CPD-20210	GC	MetaCyc:CPD-20210@Charged	MetaCyc:CPD-20210@Charged	
cpd35602	MetaCyc:CPD-21062@Charged;ChEBI:121196@Charged	MetaCyc:CPD-21062@Charged;ChEBI:121196@Charged	MetaCyc:CPD-21062@Charged;ChEBI:121196@Charged	MetaCyc:CPD-21062@Charged;ChEBI:121196@Charged	MetaCyc:CPD-21062	MetaCyc:CPD-21062	GC	MetaCyc:CPD-21062@Charged	MetaCyc:CPD-21062@Charged	
cpd35603	MetaCyc:CPD-19695	MetaCyc:CPD-19695	MetaCyc:CPD-19695	MetaCyc:CPD-19695	MetaCyc:CPD-19695	MetaCyc:CPD-19695	EQ	eQuilibrator:MNXM165223	MetaCyc:CPD-19695@Charged	eQuilibrator:MNXM165223
cpd35604	MetaCyc:CPD-17441	MetaCyc:CPD-17441	MetaCyc:CPD-17441	MetaCyc:CPD-17441	MetaCyc:CPD-17441	MetaCyc:CPD-17441	GC	MetaCyc:CPD-17441@Charged	MetaCyc:CPD-17441@Charged	
cpd35605	MetaCyc:CPD-20245	MetaCyc:CPD-20245	MetaCyc:CPD-20245	MetaCyc:CPD-20245			GC	MetaCyc:CPD-20245@Charged	MetaCyc:CPD-20245@Charged	
cpd35606	MetaCyc:CPD-20438	MetaCyc:CPD-20438	MetaCyc:CPD-20438	MetaCyc:CPD-20438	MetaCyc:CPD-20438	MetaCyc:CPD-20438	GC	MetaCyc:CPD-20438@Charged	MetaCyc:CPD-20438@Charged	
cpd35607	MetaCyc:CPD-17952	MetaCyc:CPD-17952	MetaCyc:CPD-17952	MetaCyc:CPD-17952	MetaCyc:CPD-17952	MetaCyc:CPD-17952	GC	MetaCyc:CPD-17952@Charged	MetaCyc:CPD-17952@Charged	
cpd35608	MetaCyc:CPD-18283@Charged	MetaCyc:CPD-18283@Charged	MetaCyc:CPD-18283@Charged	MetaCyc:CPD-18283@Charged	MetaCyc:CPD-18283	MetaCyc:CPD-18283	GC	MetaCyc:CPD-18283@Charged	MetaCyc:CPD-18283@Charged	
cpd35609	MetaCyc:CPD-19372	MetaCyc:CPD-19372	MetaCyc:CPD-19372	MetaCyc:CPD-19372	MetaCyc:CPD-19372	MetaCyc:CPD-19372	GC	MetaCyc:CPD-19372@Charged	MetaCyc:CPD-19372@Charged	
cpd35610	MetaCyc:CPD-17275;ChEBI:78605	MetaCyc:CPD-17275;ChEBI:78605	MetaCyc:CPD-17275;ChEBI:78605	MetaCyc:CPD-17275;ChEBI:78605	MetaCyc:CPD-17275	MetaCyc:CPD-17275	GC	MetaCyc:CPD-17275@Charged	MetaCyc:CPD-17275@Charged	eQuilibrator:MNXM65054
cpd35611	MetaCyc:CPD-18489;ChEBI:76417	MetaCyc:CPD-18489;ChEBI:76417	MetaCyc:CPD-18489;ChEBI:76417	MetaCyc:CPD-18489;ChEBI:76417	MetaCyc:CPD-18489	MetaCyc:CPD-18489	EQ	eQuilibrator:MNXM146011	MetaCyc:CPD-18489@Charged	eQuilibrator:MNXM146011
cpd35612	MetaCyc:CPD-15386	MetaCyc:CPD-15386	MetaCyc:CPD-15386	MetaCyc:CPD-15386	MetaCyc:CPD-15386	MetaCyc:CPD-15386	GC	MetaCyc:CPD-15386@Charged	MetaCyc:CPD-15386@Charged	eQuilibrator:MNXM37412
cpd35613	MetaCyc:CPD-15371@Charged	MetaCyc:CPD-15371@Charged	MetaCyc:CPD-15371@Charged	MetaCyc:CPD-15371@Charged	MetaCyc:CPD-15371	MetaCyc:CPD-15371	GC	MetaCyc:CPD-15371@Charged	MetaCyc:CPD-15371@Charged	
cpd35614	MetaCyc:CPD-18545	MetaCyc:CPD-18545	MetaCyc:CPD-18545	MetaCyc:CPD-18545	MetaCyc:CPD-18545	MetaCyc:CPD-18545	EQ	eQuilibrator:MNXM163959	MetaCyc:CPD-18545@Charged	eQuilibrator:MNXM163959
cpd35615	MetaCyc:CPD-21113	MetaCyc:CPD-21113	MetaCyc:CPD-21113	MetaCyc:CPD-21113	MetaCyc:CPD-21113	MetaCyc:CPD-21113	EQ	eQuilibrator:MNXM53175	MetaCyc:CPD-21113@Charged	eQuilibrator:MNXM53175
cpd35616	MetaCyc:CPD-20648	MetaCyc:CPD-20648	MetaCyc:CPD-20648	MetaCyc:CPD-20648	MetaCyc:CPD-20648	MetaCyc:CPD-20648	GC	MetaCyc:CPD-20648@Charged	MetaCyc:CPD-20648@Charged	
cpd35617	MetaCyc:CPD-18431	MetaCyc:CPD-18431	MetaCyc:CPD-18431	MetaCyc:CPD-18431			GC	MetaCyc:CPD-18431@Charged	MetaCyc:CPD-18431@Charged	
cpd35618	MetaCyc:CPD-18319	MetaCyc:CPD-18319	MetaCyc:CPD-18319	MetaCyc:CPD-18319	MetaCyc:CPD-18319	MetaCyc:CPD-18319	EQ	eQuilibrator:MNXM164924	MetaCyc:CPD-18319@Charged	eQuilibrator:MNXM164924
cpd35619	MetaCyc:CPD-17972	MetaCyc:CPD-17972	MetaCyc:CPD-17972	MetaCyc:CPD-17972	MetaCyc:CPD-17972	MetaCyc:CPD-17972	EQ	eQuilibrator:MNXM148304	MetaCyc:CPD-17972@Charged	eQuilibrator:MNXM148304
cpd35620	MetaCyc:CPD-15790	MetaCyc:CPD-15790	MetaCyc:CPD-15790	MetaCyc:CPD-15790		MetaCyc:CPD-15790	EQ	eQuilibrator:MNXM75238	MetaCyc:CPD-15790@Charged	eQuilibrator:MNXM75238
cpd35621	MetaCyc:CPD-16563	MetaCyc:CPD-16563	MetaCyc:CPD-16563	MetaCyc:CPD-16563	MetaCyc:CPD-16563	MetaCyc:CPD-16563	EQ	eQuilibrator:MNXM172008	MetaCyc:CPD-16563@Charged	eQuilibrator:MNXM172008
cpd35622	MetaCyc:CPD-15814	MetaCyc:CPD-15814	MetaCyc:CPD-15814	MetaCyc:CPD-15814	MetaCyc:CPD-15814	MetaCyc:CPD-15814	EQ	eQuilibrator:MNXM57094	MetaCyc:CPD-15814@Charged	eQuilibrator:MNXM57094
cpd35623	MetaCyc:CPD66-78	MetaCyc:CPD66-78	MetaCyc:CPD66-78	MetaCyc:CPD66-78	MetaCyc:CPD66-78	MetaCyc:CPD66-78	EQ	eQuilibrator:MNXM114395	MetaCyc:CPD66-78@Charged	eQuilibrator:MNXM114395
cpd35624	MetaCyc:CPD-20816	MetaCyc:CPD-20816	MetaCyc:CPD-20816	MetaCyc:CPD-20816	MetaCyc:CPD-20816	MetaCyc:CPD-20816	GC	MetaCyc:CPD-20816@Charged	MetaCyc:CPD-20816@Charged	
cpd35625	MetaCyc:CPD-20726@Charged	MetaCyc:CPD-20726@Charged	MetaCyc:CPD-20726@Charged	MetaCyc:CPD-20726@Charged	MetaCyc:CPD-20726	MetaCyc:CPD-20726	GC	MetaCyc:CPD-20726@Charged	MetaCyc:CPD-20726@Charged	
cpd35626	MetaCyc:CPD-15358	MetaCyc:CPD-15358	MetaCyc:CPD-15358	MetaCyc:CPD-15358	MetaCyc:CPD-15358	MetaCyc:CPD-15358	EQ	eQuilibrator:MNXM147626	MetaCyc:CPD-15358@Charged	eQuilibrator:MNXM147626
cpd35627	MetaCyc:CPD-20857	MetaCyc:CPD-20857	MetaCyc:CPD-20857	MetaCyc:CPD-20857	MetaCyc:CPD-20857	MetaCyc:CPD-20857	EQ	eQuilibrator:MNXM6772	MetaCyc:CPD-20857@Charged	eQuilibrator:MNXM6772
cpd35628	MetaCyc:CPD-19065	MetaCyc:CPD-19065	MetaCyc:CPD-19065	MetaCyc:CPD-19065	MetaCyc:CPD-19065	MetaCyc:CPD-19065	GC	MetaCyc:CPD-19065@Charged	MetaCyc:CPD-19065@Charged	
cpd35629	MetaCyc:CPD-16633	MetaCyc:CPD-16633	MetaCyc:CPD-16633	MetaCyc:CPD-16633	MetaCyc:CPD-16633	MetaCyc:CPD-16633	EQ	eQuilibrator:MNXM148652	MetaCyc:CPD-16633@Charged	eQuilibrator:MNXM148652
cpd35630	MetaCyc:CPD-18271	MetaCyc:CPD-18271	MetaCyc:CPD-18271	MetaCyc:CPD-18271	MetaCyc:CPD-18271	MetaCyc:CPD-18271	EQ	eQuilibrator:MNXM163949	MetaCyc:CPD-18271@Charged	eQuilibrator:MNXM163949
cpd35631	MetaCyc:CPD-20914	MetaCyc:CPD-20914	MetaCyc:CPD-20914	MetaCyc:CPD-20914	MetaCyc:CPD-20914	MetaCyc:CPD-20914	GC	MetaCyc:CPD-20914@Charged	MetaCyc:CPD-20914@Charged	
cpd35632	MetaCyc:CPD-14527	MetaCyc:CPD-14527	MetaCyc:CPD-14527	MetaCyc:CPD-14527	MetaCyc:CPD-14527	MetaCyc:CPD-14527	EQ	eQuilibrator:MNXM107123	MetaCyc:CPD-14527@Charged	eQuilibrator:MNXM107123
cpd35633	MetaCyc:CPD-15031	MetaCyc:CPD-15031	MetaCyc:CPD-15031	MetaCyc:CPD-15031			GC	MetaCyc:CPD-15031@Charged	MetaCyc:CPD-15031@Charged	
cpd35634	MetaCyc:CPD-21352	MetaCyc:CPD-21352	MetaCyc:CPD-21352	MetaCyc:CPD-21352	MetaCyc:CPD-21352		GC	MetaCyc:CPD-21352@Charged	MetaCyc:CPD-21352@Charged	
cpd35635	MetaCyc:CPD-17167	MetaCyc:CPD-17167	MetaCyc:CPD-17167	MetaCyc:CPD-17167	MetaCyc:CPD-17167	MetaCyc:CPD-17167	EQ	eQuilibrator:MNXM157107	MetaCyc:CPD-17167@Charged	eQuilibrator:MNXM157107
cpd35636	MetaCyc:CPD-19360	MetaCyc:CPD-19360	MetaCyc:CPD-19360	MetaCyc:CPD-19360	MetaCyc:CPD-19360	MetaCyc:CPD-19360	EQ	eQuilibrator:MNXM165225	MetaCyc:CPD-19360@Charged	eQuilibrator:MNXM165225
cpd35637	MetaCyc:CPD-20949	MetaCyc:CPD-20949	MetaCyc:CPD-20949	MetaCyc:CPD-20949	MetaCyc:CPD-20949	MetaCyc:CPD-20949	GC	MetaCyc:CPD-20949@Charged	MetaCyc:CPD-20949@Charged	
cpd35638	MetaCyc:CPD-15062;ChEBI:60899	MetaCyc:CPD-15062;ChEBI:60899	MetaCyc:CPD-15062;ChEBI:60899	MetaCyc:CPD-15062;ChEBI:60899	MetaCyc:CPD-15062	MetaCyc:CPD-15062	EQ	eQuilibrator:MNXM7856	MetaCyc:CPD-15062@Charged	eQuilibrator:MNXM7856
cpd35639	MetaCyc:CPD-15038	MetaCyc:CPD-15038	MetaCyc:CPD-15038	MetaCyc:CPD-15038	MetaCyc:CPD-15038	MetaCyc:CPD-15038	GC	MetaCyc:CPD-15038@Charged	MetaCyc:CPD-15038@Charged	
cpd35640	MetaCyc:CPD-19013;ChEBI:131845	MetaCyc:CPD-19013;ChEBI:131845	MetaCyc:CPD-19013;ChEBI:131845	MetaCyc:CPD-19013;ChEBI:131845	MetaCyc:CPD-19013	MetaCyc:CPD-19013	EQ	eQuilibrator:MNXM162422	MetaCyc:CPD-19013@Charged	eQuilibrator:MNXM162422
cpd35641	MetaCyc:CPD-17364;ChEBI:77226	MetaCyc:CPD-17364;ChEBI:77226	MetaCyc:CPD-17364;ChEBI:77226	MetaCyc:CPD-17364;ChEBI:77226	MetaCyc:CPD-17364		EQ	eQuilibrator:MNXM28472	MetaCyc:CPD-17364@Charged	eQuilibrator:MNXM28472
cpd35642	MetaCyc:CPD-21287	MetaCyc:CPD-21287	MetaCyc:CPD-21287	MetaCyc:CPD-21287		MetaCyc:CPD-21287	GC	MetaCyc:CPD-21287@Charged	MetaCyc:CPD-21287@Charged	
cpd35643	MetaCyc:CPD-20769@Charged;ChEBI:140434@Charged	MetaCyc:CPD-20769@Charged;ChEBI:140434@Charged	MetaCyc:CPD-20769@Charged;ChEBI:140434@Charged	MetaCyc:CPD-20769@Charged;ChEBI:140434@Charged	MetaCyc:CPD-20769		GC	MetaCyc:CPD-20769@Charged	MetaCyc:CPD-20769@Charged	
cpd35644	MetaCyc:CPD-19496;ChEBI:183096	MetaCyc:CPD-19496;ChEBI:183096	MetaCyc:CPD-19496;ChEBI:183096	MetaCyc:CPD-19496;ChEBI:183096	MetaCyc:CPD-19496	MetaCyc:CPD-19496	GC	MetaCyc:CPD-19496@Charged	MetaCyc:CPD-19496@Charged	
cpd35645	MetaCyc:CPD-17989	MetaCyc:CPD-17989		MetaCyc:CPD-17989	MetaCyc:CPD-17989	MetaCyc:CPD-17989	GC	MetaCyc:CPD-17989@Charged	MetaCyc:CPD-17989@Charged	
cpd35646	MetaCyc:CPD-18871@Charged	MetaCyc:CPD-18871@Charged		MetaCyc:CPD-18871@Charged	MetaCyc:CPD-18871	MetaCyc:CPD-18871	GC	MetaCyc:CPD-18871@Charged	MetaCyc:CPD-18871@Charged	
cpd35647	MetaCyc:CPD-18990	MetaCyc:CPD-18990	MetaCyc:CPD-18990	MetaCyc:CPD-18990	MetaCyc:CPD-18990	MetaCyc:CPD-18990	EQ	eQuilibrator:MNXM99477	MetaCyc:CPD-18990@Charged	eQuilibrator:MNXM99477
cpd35648	MetaCyc:CPD-19730	MetaCyc:CPD-19730	MetaCyc:CPD-19730	MetaCyc:CPD-19730	MetaCyc:CPD-19730	MetaCyc:CPD-19730	GC	MetaCyc:CPD-19730@Charged	MetaCyc:CPD-19730@Charged	
cpd35649	MetaCyc:CPD-16811	MetaCyc:CPD-16811	MetaCyc:CPD-16811	MetaCyc:CPD-16811	MetaCyc:CPD-16811	MetaCyc:CPD-16811	GC	MetaCyc:CPD-16811@Charged	MetaCyc:CPD-16811@Charged	eQuilibrator:MNXM152333
cpd35650	MetaCyc:CPD-18895@Charged	MetaCyc:CPD-18895@Charged		MetaCyc:CPD-18895@Charged	MetaCyc:CPD-18895	MetaCyc:CPD-18895	GC	MetaCyc:CPD-18895@Charged	MetaCyc:CPD-18895@Charged	
cpd35651	MetaCyc:CPD-18560@Charged	MetaCyc:CPD-18560@Charged	MetaCyc:CPD-18560@Charged	MetaCyc:CPD-18560@Charged	MetaCyc:CPD-18560	MetaCyc:CPD-18560	GC	MetaCyc:CPD-18560@Charged	MetaCyc:CPD-18560@Charged	eQuilibrator:MNXM165125
cpd35652	MetaCyc:CPD-20380	MetaCyc:CPD-20380	MetaCyc:CPD-20380	MetaCyc:CPD-20380	MetaCyc:CPD-20380	MetaCyc:CPD-20380	EQ	eQuilibrator:MNXM127266	MetaCyc:CPD-20380@Charged	eQuilibrator:MNXM127266
cpd35653	MetaCyc:CPD-16461	MetaCyc:CPD-16461	MetaCyc:CPD-16461	MetaCyc:CPD-16461	MetaCyc:CPD-16461	MetaCyc:CPD-16461	GC	MetaCyc:CPD-16461@Charged	MetaCyc:CPD-16461@Charged	eQuilibrator:MNXM680719
cpd35654	MetaCyc:CPD-17593	MetaCyc:CPD-17593	MetaCyc:CPD-17593	MetaCyc:CPD-17593	MetaCyc:CPD-17593	MetaCyc:CPD-17593	EQ	eQuilibrator:MNXM147854	MetaCyc:CPD-17593@Charged	eQuilibrator:MNXM147854
cpd35655	MetaCyc:CPD-18135	MetaCyc:CPD-18135	MetaCyc:CPD-18135	MetaCyc:CPD-18135	MetaCyc:CPD-18135	MetaCyc:CPD-18135	GC	MetaCyc:CPD-18135@Charged	MetaCyc:CPD-18135@Charged	eQuilibrator:MNXM168015
cpd35656	MetaCyc:CPD-18285@Charged	MetaCyc:CPD-18285@Charged	MetaCyc:CPD-18285@Charged	MetaCyc:CPD-18285@Charged	MetaCyc:CPD-18285	MetaCyc:CPD-18285	GC	MetaCyc:CPD-18285@Charged	MetaCyc:CPD-18285@Charged	
cpd35657	MetaCyc:CPD-19452	MetaCyc:CPD-19452	MetaCyc:CPD-19452	MetaCyc:CPD-19452	MetaCyc:CPD-19452	MetaCyc:CPD-19452	EQ	eQuilibrator:MNXM527661	MetaCyc:CPD-19452@Charged	eQuilibrator:MNXM527661
cpd35658	MetaCyc:CPD-17692	MetaCyc:CPD-17692	MetaCyc:CPD-17692	MetaCyc:CPD-17692	MetaCyc:CPD-17692	MetaCyc:CPD-17692	GC	MetaCyc:CPD-17692@Charged	MetaCyc:CPD-17692@Charged	
cpd35659	MetaCyc:CPD-19391	MetaCyc:CPD-19391	MetaCyc:CPD-19391	MetaCyc:CPD-19391	MetaCyc:CPD-19391	MetaCyc:CPD-19391	GC	MetaCyc:CPD-19391@Charged	MetaCyc:CPD-19391@Charged	
cpd35660	MetaCyc:CPD0-2560	MetaCyc:CPD0-2560	MetaCyc:CPD0-2560	MetaCyc:CPD0-2560	MetaCyc:CPD0-2560	MetaCyc:CPD0-2560				
cpd35661	MetaCyc:CPD-14505;ChEBI:145021	MetaCyc:CPD-14505;ChEBI:145021	MetaCyc:CPD-14505;ChEBI:145021	MetaCyc:CPD-14505;ChEBI:145021	MetaCyc:CPD-14505	MetaCyc:CPD-14505	GC	MetaCyc:CPD-14505@Charged	MetaCyc:CPD-14505@Charged	
cpd35662	MetaCyc:CPD-17051@Charged	MetaCyc:CPD-17051@Charged	MetaCyc:CPD-17051@Charged	MetaCyc:CPD-17051@Charged	MetaCyc:CPD-17051	MetaCyc:CPD-17051	GC	MetaCyc:CPD-17051@Charged	MetaCyc:CPD-17051@Charged	
cpd35663	MetaCyc:CPD-16051	MetaCyc:CPD-16051	MetaCyc:CPD-16051	MetaCyc:CPD-16051	MetaCyc:CPD-16051	MetaCyc:CPD-16051	GC	MetaCyc:CPD-16051@Charged	MetaCyc:CPD-16051@Charged	eQuilibrator:MNXM147722
cpd35664	MetaCyc:CPD-20719@Charged	MetaCyc:CPD-20719@Charged	MetaCyc:CPD-20719@Charged	MetaCyc:CPD-20719@Charged	MetaCyc:CPD-20719	MetaCyc:CPD-20719	GC	MetaCyc:CPD-20719@Charged	MetaCyc:CPD-20719@Charged	
cpd35665	MetaCyc:CPD-21076	MetaCyc:CPD-21076	MetaCyc:CPD-21076	MetaCyc:CPD-21076	MetaCyc:CPD-21076		EQ	eQuilibrator:MNXM25956	MetaCyc:CPD-21076@Charged	eQuilibrator:MNXM25956
cpd35666	MetaCyc:CPD-21419	MetaCyc:CPD-21419	MetaCyc:CPD-21419	MetaCyc:CPD-21419	MetaCyc:CPD-21419	MetaCyc:CPD-21419	GC	MetaCyc:CPD-21419@Charged	MetaCyc:CPD-21419@Charged	
cpd35667	MetaCyc:CPD-16880	MetaCyc:CPD-16880	MetaCyc:CPD-16880	MetaCyc:CPD-16880	MetaCyc:CPD-16880	MetaCyc:CPD-16880	EQ	eQuilibrator:MNXM147834	MetaCyc:CPD-16880@Charged	eQuilibrator:MNXM147834
cpd35668	MetaCyc:CPD-15875	MetaCyc:CPD-15875	MetaCyc:CPD-15875	MetaCyc:CPD-15875		MetaCyc:CPD-15875	EQ	eQuilibrator:MNXM161559	MetaCyc:CPD-15875@Charged	eQuilibrator:MNXM161559
cpd35669	MetaCyc:CPD-18978;ChEBI:142975	MetaCyc:CPD-18978;ChEBI:142975	MetaCyc:CPD-18978;ChEBI:142975	MetaCyc:CPD-18978;ChEBI:142975	MetaCyc:CPD-18978	MetaCyc:CPD-18978	EQ		MetaCyc:CPD-18978@Charged	
cpd35670	MetaCyc:CPD-18995	MetaCyc:CPD-18995	MetaCyc:CPD-18995	MetaCyc:CPD-18995	MetaCyc:CPD-18995	MetaCyc:CPD-18995	EQ	eQuilibrator:MNXM65337	MetaCyc:CPD-18995@Charged	eQuilibrator:MNXM65337
cpd35671	MetaCyc:CPD-16654	MetaCyc:CPD-16654	MetaCyc:CPD-16654	MetaCyc:CPD-16654	MetaCyc:CPD-16654	MetaCyc:CPD-16654	EQ	eQuilibrator:MNXM101797	MetaCyc:CPD-16654@Charged	eQuilibrator:MNXM101797
cpd35672	MetaCyc:CPD-19346	MetaCyc:CPD-19346	MetaCyc:CPD-19346	MetaCyc:CPD-19346	MetaCyc:CPD-19346	MetaCyc:CPD-19346	EQ	eQuilibrator:MNXM491957	MetaCyc:CPD-19346@Charged	eQuilibrator:MNXM491957
cpd35673	MetaCyc:CPD-17266	MetaCyc:CPD-17266	MetaCyc:CPD-17266	MetaCyc:CPD-17266	MetaCyc:CPD-17266	MetaCyc:CPD-17266	EQ	eQuilibrator:MNXM151002	MetaCyc:CPD-17266@Charged	eQuilibrator:MNXM151002
cpd35674	MetaCyc:CPD-19813	MetaCyc:CPD-19813	MetaCyc:CPD-19813	MetaCyc:CPD-19813	MetaCyc:CPD-19813	MetaCyc:CPD-19813	GC	MetaCyc:CPD-19813@Charged	MetaCyc:CPD-19813@Charged	
cpd35675	MetaCyc:CPD-21045	MetaCyc:CPD-21045	MetaCyc:CPD-21045	MetaCyc:CPD-21045	MetaCyc:CPD-21045	MetaCyc:CPD-21045	GC	MetaCyc:CPD-21045@Charged	MetaCyc:CPD-21045@Charged	
cpd35676	MetaCyc:CPD-20205@Charged	MetaCyc:CPD-20205@Charged	MetaCyc:CPD-20205@Charged	MetaCyc:CPD-20205@Charged	MetaCyc:CPD-20205	MetaCyc:CPD-20205	GC	MetaCyc:CPD-20205@Charged	MetaCyc:CPD-20205@Charged	
cpd35677	MetaCyc:CPD-18553;ChEBI:138048	MetaCyc:CPD-18553;ChEBI:138048	MetaCyc:CPD-18553;ChEBI:138048	MetaCyc:CPD-18553;ChEBI:138048			GC	MetaCyc:CPD-18553@Charged	MetaCyc:CPD-18553@Charged	eQuilibrator:MNXM165160
cpd35678	MetaCyc:CPD-15531	MetaCyc:CPD-15531	MetaCyc:CPD-15531	MetaCyc:CPD-15531	MetaCyc:CPD-15531	MetaCyc:CPD-15531	EQ	eQuilibrator:MNXM14882	MetaCyc:CPD-15531@Charged	eQuilibrator:MNXM14882
cpd35679	MetaCyc:CPD-20345	MetaCyc:CPD-20345	MetaCyc:CPD-20345	MetaCyc:CPD-20345	MetaCyc:CPD-20345	MetaCyc:CPD-20345	EQ	eQuilibrator:MNXM724778	MetaCyc:CPD-20345@Charged	eQuilibrator:MNXM724778
cpd35680	MetaCyc:Ergothioneine-Thione@Charged	MetaCyc:Ergothioneine-Thione@Charged	MetaCyc:Ergothioneine-Thione@Charged	MetaCyc:Ergothioneine-Thione@Charged	MetaCyc:Ergothioneine-Thione	MetaCyc:Ergothioneine-Thione	GC	MetaCyc:Ergothioneine-Thione@Charged	MetaCyc:Ergothioneine-Thione@Charged	
cpd35681	MetaCyc:CPD-16723;ChEBI:145109	MetaCyc:CPD-16723;ChEBI:145109	MetaCyc:CPD-16723;ChEBI:145109	MetaCyc:CPD-16723;ChEBI:145109	MetaCyc:CPD-16723	MetaCyc:CPD-16723	GC	MetaCyc:CPD-16723@Charged	MetaCyc:CPD-16723@Charged	
cpd35682	MetaCyc:CPD-20183	MetaCyc:CPD-20183	MetaCyc:CPD-20183	MetaCyc:CPD-20183	MetaCyc:CPD-20183	MetaCyc:CPD-20183	GC	MetaCyc:CPD-20183@Charged	MetaCyc:CPD-20183@Charged	
cpd35683	MetaCyc:CPD-15121	MetaCyc:CPD-15121	MetaCyc:CPD-15121	MetaCyc:CPD-15121	MetaCyc:CPD-15121	MetaCyc:CPD-15121	EQ	eQuilibrator:MNXM17819	MetaCyc:CPD-15121@Charged	eQuilibrator:MNXM17819
cpd35684	MetaCyc:CPD-17343@Charged	MetaCyc:CPD-17343@Charged	MetaCyc:CPD-17343@Charged	MetaCyc:CPD-17343@Charged	MetaCyc:CPD-17343	MetaCyc:CPD-17343	GC	MetaCyc:CPD-17343@Charged	MetaCyc:CPD-17343@Charged	
cpd35685	MetaCyc:CPD-17853@Charged	MetaCyc:CPD-17853@Charged	MetaCyc:CPD-17853@Charged	MetaCyc:CPD-17853@Charged	MetaCyc:CPD-17853		EQ	eQuilibrator:MNXM153029	MetaCyc:CPD-17853@Charged	eQuilibrator:MNXM153029
cpd35686	MetaCyc:CPD-18458	MetaCyc:CPD-18458	MetaCyc:CPD-18458	MetaCyc:CPD-18458	MetaCyc:CPD-18458	MetaCyc:CPD-18458	EQ	eQuilibrator:MNXM165219	MetaCyc:CPD-18458@Charged	eQuilibrator:MNXM165219
cpd35687	MetaCyc:CPD-19833@Charged;ChEBI:136521@Charged	MetaCyc:CPD-19833@Charged;ChEBI:136521@Charged	MetaCyc:CPD-19833@Charged;ChEBI:136521@Charged	MetaCyc:CPD-19833@Charged;ChEBI:136521@Charged	MetaCyc:CPD-19833	MetaCyc:CPD-19833	EQ	eQuilibrator:MNXM12900	MetaCyc:CPD-19833@Charged	eQuilibrator:MNXM12900
cpd35688	MetaCyc:CPD-16367	MetaCyc:CPD-16367	MetaCyc:CPD-16367	MetaCyc:CPD-16367	MetaCyc:CPD-16367	MetaCyc:CPD-16367	GC	MetaCyc:CPD-16367@Charged	MetaCyc:CPD-16367@Charged	eQuilibrator:MNXM57453
cpd35689	MetaCyc:CPD-20836@Charged	MetaCyc:CPD-20836@Charged	MetaCyc:CPD-20836@Charged	MetaCyc:CPD-20836@Charged	MetaCyc:CPD-20836	MetaCyc:CPD-20836	GC	MetaCyc:CPD-20836@Charged	MetaCyc:CPD-20836@Charged	
cpd35690	MetaCyc:CPD-19340	MetaCyc:CPD-19340	MetaCyc:CPD-19340	MetaCyc:CPD-19340	MetaCyc:CPD-19340	MetaCyc:CPD-19340	GC	MetaCyc:CPD-19340@Charged	MetaCyc:CPD-19340@Charged	eQuilibrator:MNXM164785
cpd35691	MetaCyc:CPD-18730	MetaCyc:CPD-18730	MetaCyc:CPD-18730	MetaCyc:CPD-18730	MetaCyc:CPD-18730	MetaCyc:CPD-18730	EQ	eQuilibrator:MNXM164023	MetaCyc:CPD-18730@Charged	eQuilibrator:MNXM164023
cpd35692	MetaCyc:CPD-17028@Charged	MetaCyc:CPD-17028@Charged	MetaCyc:CPD-17028@Charged	MetaCyc:CPD-17028@Charged	MetaCyc:CPD-17028	MetaCyc:CPD-17028	GC	MetaCyc:CPD-17028@Charged	MetaCyc:CPD-17028@Charged	
cpd35693	MetaCyc:CPD-18761	MetaCyc:CPD-18761	MetaCyc:CPD-18761	MetaCyc:CPD-18761	MetaCyc:CPD-18761	MetaCyc:CPD-18761	EQ		MetaCyc:CPD-18761@Charged	
cpd35694	MetaCyc:CPD-15963@Charged	MetaCyc:CPD-15963@Charged	MetaCyc:CPD-15963@Charged	MetaCyc:CPD-15963@Charged	MetaCyc:CPD-15963	MetaCyc:CPD-15963	EQ		MetaCyc:CPD-15963@Charged	
cpd35695	MetaCyc:CPD-20150	MetaCyc:CPD-20150	MetaCyc:CPD-20150	MetaCyc:CPD-20150	MetaCyc:CPD-20150	MetaCyc:CPD-20150	GC	MetaCyc:CPD-20150@Charged	MetaCyc:CPD-20150@Charged	
cpd35696	MetaCyc:CPD-14520	MetaCyc:CPD-14520	MetaCyc:CPD-14520	MetaCyc:CPD-14520	MetaCyc:CPD-14520	MetaCyc:CPD-14520	GC	MetaCyc:CPD-14520@Charged	MetaCyc:CPD-14520@Charged	eQuilibrator:MNXM35273
cpd35697	MetaCyc:CPD-20387	MetaCyc:CPD-20387	MetaCyc:CPD-20387	MetaCyc:CPD-20387	MetaCyc:CPD-20387	MetaCyc:CPD-20387	EQ	eQuilibrator:MNXM21721	MetaCyc:CPD-20387@Charged	eQuilibrator:MNXM21721
cpd35698	MetaCyc:CPD-17899	MetaCyc:CPD-17899	MetaCyc:CPD-17899	MetaCyc:CPD-17899		MetaCyc:CPD-17899	EQ	eQuilibrator:MNXM156965	MetaCyc:CPD-17899@Charged	eQuilibrator:MNXM156965
cpd35699	MetaCyc:CPD-14435	MetaCyc:CPD-14435	MetaCyc:CPD-14435	MetaCyc:CPD-14435	MetaCyc:CPD-14435		EQ	eQuilibrator:MNXM101664	MetaCyc:CPD-14435@Charged	eQuilibrator:MNXM101664
cpd35700	MetaCyc:CPD-19874;ChEBI:136712	MetaCyc:CPD-19874;ChEBI:136712	MetaCyc:CPD-19874;ChEBI:136712	MetaCyc:CPD-19874;ChEBI:136712	MetaCyc:CPD-19874	MetaCyc:CPD-19874	GC	MetaCyc:CPD-19874@Charged	MetaCyc:CPD-19874@Charged	
cpd35701	MetaCyc:CPD-15637	MetaCyc:CPD-15637	MetaCyc:CPD-15637	MetaCyc:CPD-15637	MetaCyc:CPD-15637	MetaCyc:CPD-15637	EQ	eQuilibrator:MNXM147861	MetaCyc:CPD-15637@Charged	eQuilibrator:MNXM147861
cpd35702	MetaCyc:CPD-20893@Charged	MetaCyc:CPD-20893@Charged	MetaCyc:CPD-20893@Charged	MetaCyc:CPD-20893@Charged	MetaCyc:CPD-20893	MetaCyc:CPD-20893	EQ		MetaCyc:CPD-20893@Charged	
cpd35703	MetaCyc:CPD-18112;ChEBI:51398	MetaCyc:CPD-18112;ChEBI:51398	MetaCyc:CPD-18112;ChEBI:51398	MetaCyc:CPD-18112;ChEBI:51398			GC	MetaCyc:CPD-18112@Charged	MetaCyc:CPD-18112@Charged	eQuilibrator:MNXM32360
cpd35704	MetaCyc:CPD-20296	MetaCyc:CPD-20296	MetaCyc:CPD-20296	MetaCyc:CPD-20296	MetaCyc:CPD-20296	MetaCyc:CPD-20296	GC	MetaCyc:CPD-20296@Charged	MetaCyc:CPD-20296@Charged	
cpd35705	MetaCyc:CPD-21303	MetaCyc:CPD-21303	MetaCyc:CPD-21303	MetaCyc:CPD-21303	MetaCyc:CPD-21303	MetaCyc:CPD-21303	GC	MetaCyc:CPD-21303@Charged	MetaCyc:CPD-21303@Charged	
cpd35706	MetaCyc:CPD-19355	MetaCyc:CPD-19355	MetaCyc:CPD-19355	MetaCyc:CPD-19355	MetaCyc:CPD-19355	MetaCyc:CPD-19355	EQ	eQuilibrator:MNXM468353	MetaCyc:CPD-19355@Charged	eQuilibrator:MNXM468353
cpd35707	MetaCyc:CPD-19754@Charged;ChEBI:134610	MetaCyc:CPD-19754@Charged;ChEBI:134610	MetaCyc:CPD-19754@Charged;ChEBI:134610	MetaCyc:CPD-19754@Charged;ChEBI:134610	MetaCyc:CPD-19754	MetaCyc:CPD-19754	EQ	eQuilibrator:MNXM163461	MetaCyc:CPD-19754@Charged	eQuilibrator:MNXM163461
cpd35708	MetaCyc:CPD0-2577	MetaCyc:CPD0-2577	MetaCyc:CPD0-2577	MetaCyc:CPD0-2577	MetaCyc:CPD0-2577	MetaCyc:CPD0-2577				
cpd35709	MetaCyc:CPD-15655	MetaCyc:CPD-15655	MetaCyc:CPD-15655	MetaCyc:CPD-15655	MetaCyc:CPD-15655	MetaCyc:CPD-15655	EQ	eQuilibrator:MNXM147382	MetaCyc:CPD-15655@Charged	eQuilibrator:MNXM147382
cpd35710	MetaCyc:CPD-15205	MetaCyc:CPD-15205	MetaCyc:CPD-15205	MetaCyc:CPD-15205	MetaCyc:CPD-15205	MetaCyc:CPD-15205	EQ	eQuilibrator:MNXM491964	MetaCyc:CPD-15205@Charged	eQuilibrator:MNXM491964
cpd35711	MetaCyc:CPD-19548	MetaCyc:CPD-19548	MetaCyc:CPD-19548	MetaCyc:CPD-19548	MetaCyc:CPD-19548		EQ	eQuilibrator:MNXM152990	MetaCyc:CPD-19548@Charged	eQuilibrator:MNXM152990
cpd35712	MetaCyc:CPD-21311;ChEBI:78278	MetaCyc:CPD-21311;ChEBI:78278	MetaCyc:CPD-21311;ChEBI:78278	MetaCyc:CPD-21311;ChEBI:78278	MetaCyc:CPD-21311	MetaCyc:CPD-21311	EQ	eQuilibrator:MNXM147247	MetaCyc:CPD-21311@Charged	eQuilibrator:MNXM147247
cpd35713	MetaCyc:CPD-20518@Charged;ChEBI:137372	MetaCyc:CPD-20518@Charged;ChEBI:137372	MetaCyc:CPD-20518@Charged;ChEBI:137372	MetaCyc:CPD-20518@Charged;ChEBI:137372	MetaCyc:CPD-20518	MetaCyc:CPD-20518	GC	MetaCyc:CPD-20518@Charged	MetaCyc:CPD-20518@Charged	
cpd35714	MetaCyc:CPD-19054	MetaCyc:CPD-19054	MetaCyc:CPD-19054	MetaCyc:CPD-19054	MetaCyc:CPD-19054	MetaCyc:CPD-19054	EQ	eQuilibrator:MNXM683057	MetaCyc:CPD-19054@Charged	eQuilibrator:MNXM683057
cpd35715	MetaCyc:CPD-20872@Charged	MetaCyc:CPD-20872@Charged	MetaCyc:CPD-20872@Charged	MetaCyc:CPD-20872@Charged	MetaCyc:CPD-20872	MetaCyc:CPD-20872	GC	MetaCyc:CPD-20872@Charged	MetaCyc:CPD-20872@Charged	
cpd35716	MetaCyc:CPD-18003;ChEBI:87137	MetaCyc:CPD-18003;ChEBI:87137	MetaCyc:CPD-18003;ChEBI:87137	MetaCyc:CPD-18003;ChEBI:87137	MetaCyc:CPD-18003	MetaCyc:CPD-18003	EQ	eQuilibrator:MNXM146400	MetaCyc:CPD-18003@Charged	eQuilibrator:MNXM146400
cpd35717	MetaCyc:CPD-17324;ChEBI:73852	MetaCyc:CPD-17324;ChEBI:73852	MetaCyc:CPD-17324;ChEBI:73852	MetaCyc:CPD-17324;ChEBI:73852	MetaCyc:CPD-17324	MetaCyc:CPD-17324	EQ	eQuilibrator:MNXM31378	MetaCyc:CPD-17324@Charged	eQuilibrator:MNXM31378
cpd35718	MetaCyc:CPD-18178;ChEBI:83953	MetaCyc:CPD-18178;ChEBI:83953	MetaCyc:CPD-18178;ChEBI:83953	MetaCyc:CPD-18178;ChEBI:83953	MetaCyc:CPD-18178	MetaCyc:CPD-18178	EQ	eQuilibrator:MNXM146870	MetaCyc:CPD-18178@Charged	eQuilibrator:MNXM146870
cpd35719	MetaCyc:CPD-20878@Charged	MetaCyc:CPD-20878@Charged	MetaCyc:CPD-20878@Charged	MetaCyc:CPD-20878@Charged	MetaCyc:CPD-20878	MetaCyc:CPD-20878	GC	MetaCyc:CPD-20878@Charged	MetaCyc:CPD-20878@Charged	
cpd35720	MetaCyc:CPD-16385;ChEBI:139147	MetaCyc:CPD-16385;ChEBI:139147	MetaCyc:CPD-16385;ChEBI:139147	MetaCyc:CPD-16385;ChEBI:139147	MetaCyc:CPD-16385	MetaCyc:CPD-16385	EQ	eQuilibrator:MNXM61129	MetaCyc:CPD-16385@Charged	eQuilibrator:MNXM61129
cpd35721	MetaCyc:CPD-16862;ChEBI:91228	MetaCyc:CPD-16862;ChEBI:91228	MetaCyc:CPD-16862;ChEBI:91228	MetaCyc:CPD-16862;ChEBI:91228	MetaCyc:CPD-16862	MetaCyc:CPD-16862	GC	MetaCyc:CPD-16862@Charged	MetaCyc:CPD-16862@Charged	
cpd35722	MetaCyc:CPD-20090	MetaCyc:CPD-20090	MetaCyc:CPD-20090	MetaCyc:CPD-20090	MetaCyc:CPD-20090	MetaCyc:CPD-20090	GC	MetaCyc:CPD-20090@Charged	MetaCyc:CPD-20090@Charged	
cpd35723	MetaCyc:CPD-19884;ChEBI:136670	MetaCyc:CPD-19884;ChEBI:136670	MetaCyc:CPD-19884;ChEBI:136670	MetaCyc:CPD-19884;ChEBI:136670	MetaCyc:CPD-19884	MetaCyc:CPD-19884	EQ	eQuilibrator:MNXM483980	MetaCyc:CPD-19884@Charged	eQuilibrator:MNXM483980
cpd35724	MetaCyc:CPD-14856	MetaCyc:CPD-14856	MetaCyc:CPD-14856	MetaCyc:CPD-14856	MetaCyc:CPD-14856	MetaCyc:CPD-14856	GC	MetaCyc:CPD-14856@Charged	MetaCyc:CPD-14856@Charged	eQuilibrator:MNXM103563
cpd35725	MetaCyc:CPD-21269	MetaCyc:CPD-21269	MetaCyc:CPD-21269	MetaCyc:CPD-21269	MetaCyc:CPD-21269	MetaCyc:CPD-21269	GC	MetaCyc:CPD-21269@Charged	MetaCyc:CPD-21269@Charged	
cpd35726	MetaCyc:CPD-21432	MetaCyc:CPD-21432	MetaCyc:CPD-21432	MetaCyc:CPD-21432	MetaCyc:CPD-21432	MetaCyc:CPD-21432	GC	MetaCyc:CPD-21432@Charged	MetaCyc:CPD-21432@Charged	
cpd35727	MetaCyc:CPD-19714@Charged;ChEBI:136510@Charged	MetaCyc:CPD-19714@Charged;ChEBI:136510@Charged	MetaCyc:CPD-19714@Charged;ChEBI:136510@Charged	MetaCyc:CPD-19714@Charged;ChEBI:136510@Charged	MetaCyc:CPD-19714	MetaCyc:CPD-19714	GC	MetaCyc:CPD-19714@Charged	MetaCyc:CPD-19714@Charged	
cpd35728	MetaCyc:CPD-18900@Charged	MetaCyc:CPD-18900@Charged		MetaCyc:CPD-18900@Charged	MetaCyc:CPD-18900	MetaCyc:CPD-18900	GC	MetaCyc:CPD-18900@Charged	MetaCyc:CPD-18900@Charged	
cpd35729	MetaCyc:CPD-15345;ChEBI:76864	MetaCyc:CPD-15345;ChEBI:76864	MetaCyc:CPD-15345;ChEBI:76864	MetaCyc:CPD-15345;ChEBI:76864	MetaCyc:CPD-15345	MetaCyc:CPD-15345	EQ	eQuilibrator:MNXM146324	MetaCyc:CPD-15345@Charged	eQuilibrator:MNXM146324
cpd35730	MetaCyc:CPD-19860	MetaCyc:CPD-19860	MetaCyc:CPD-19860	MetaCyc:CPD-19860	MetaCyc:CPD-19860	MetaCyc:CPD-19860	GC	MetaCyc:CPD-19860@Charged	MetaCyc:CPD-19860@Charged	
cpd35731	MetaCyc:CPD-16440;ChEBI:141989	MetaCyc:CPD-16440;ChEBI:141989	MetaCyc:CPD-16440;ChEBI:141989	MetaCyc:CPD-16440;ChEBI:141989	MetaCyc:CPD-16440	MetaCyc:CPD-16440	GC	MetaCyc:CPD-16440@Charged	MetaCyc:CPD-16440@Charged	
cpd35732	MetaCyc:CPD-17155	MetaCyc:CPD-17155	MetaCyc:CPD-17155	MetaCyc:CPD-17155	MetaCyc:CPD-17155	MetaCyc:CPD-17155	EQ	eQuilibrator:MNXM151139	MetaCyc:CPD-17155@Charged	eQuilibrator:MNXM151139
cpd35733	MetaCyc:CPD-15279;ChEBI:82703	MetaCyc:CPD-15279;ChEBI:82703	MetaCyc:CPD-15279;ChEBI:82703	MetaCyc:CPD-15279;ChEBI:82703	MetaCyc:CPD-15279	MetaCyc:CPD-15279	GC	MetaCyc:CPD-15279@Charged	MetaCyc:CPD-15279@Charged	
cpd35734	MetaCyc:CPD-16165	MetaCyc:CPD-16165	MetaCyc:CPD-16165	MetaCyc:CPD-16165	MetaCyc:CPD-16165	MetaCyc:CPD-16165	EQ	eQuilibrator:MNXM148872	MetaCyc:CPD-16165@Charged	eQuilibrator:MNXM148872
cpd35735	MetaCyc:CPD-18008;ChEBI:87121	MetaCyc:CPD-18008;ChEBI:87121	MetaCyc:CPD-18008;ChEBI:87121	MetaCyc:CPD-18008;ChEBI:87121	MetaCyc:CPD-18008	MetaCyc:CPD-18008	EQ	eQuilibrator:MNXM147440	MetaCyc:CPD-18008@Charged	eQuilibrator:MNXM147440
cpd35736	MetaCyc:CPD-20007	MetaCyc:CPD-20007	MetaCyc:CPD-20007	MetaCyc:CPD-20007		MetaCyc:CPD-20007	GC	MetaCyc:CPD-20007@Charged	MetaCyc:CPD-20007@Charged	
cpd35737	MetaCyc:CPD-21414;ChEBI:167101	MetaCyc:CPD-21414;ChEBI:167101	MetaCyc:CPD-21414;ChEBI:167101	MetaCyc:CPD-21414;ChEBI:167101	MetaCyc:CPD-21414	MetaCyc:CPD-21414	GC	MetaCyc:CPD-21414@Charged	MetaCyc:CPD-21414@Charged	
cpd35738	MetaCyc:CPD-21359	MetaCyc:CPD-21359	MetaCyc:CPD-21359	MetaCyc:CPD-21359	MetaCyc:CPD-21359		GC	MetaCyc:CPD-21359@Charged	MetaCyc:CPD-21359@Charged	
cpd35739	MetaCyc:CPD-19025	MetaCyc:CPD-19025	MetaCyc:CPD-19025	MetaCyc:CPD-19025	MetaCyc:CPD-19025	MetaCyc:CPD-19025	EQ	eQuilibrator:MNXM683053	MetaCyc:CPD-19025@Charged	eQuilibrator:MNXM683053
cpd35740	MetaCyc:CPD-18331	MetaCyc:CPD-18331	MetaCyc:CPD-18331	MetaCyc:CPD-18331	MetaCyc:CPD-18331	MetaCyc:CPD-18331	GC	MetaCyc:CPD-18331@Charged	MetaCyc:CPD-18331@Charged	eQuilibrator:MNXM168239
cpd35741	MetaCyc:CPD-15612	MetaCyc:CPD-15612	MetaCyc:CPD-15612	MetaCyc:CPD-15612	MetaCyc:CPD-15612	MetaCyc:CPD-15612	EQ		MetaCyc:CPD-15612@Charged	
cpd35742	MetaCyc:CPD-14909	MetaCyc:CPD-14909	MetaCyc:CPD-14909	MetaCyc:CPD-14909	MetaCyc:CPD-14909	MetaCyc:CPD-14909	GC	MetaCyc:CPD-14909@Charged	MetaCyc:CPD-14909@Charged	
cpd35743	MetaCyc:CPD-18445	MetaCyc:CPD-18445	MetaCyc:CPD-18445	MetaCyc:CPD-18445	MetaCyc:CPD-18445	MetaCyc:CPD-18445	GC	MetaCyc:CPD-18445@Charged	MetaCyc:CPD-18445@Charged	eQuilibrator:MNXM491051
cpd35744	MetaCyc:CPD-20157	MetaCyc:CPD-20157	MetaCyc:CPD-20157	MetaCyc:CPD-20157	MetaCyc:CPD-20157	MetaCyc:CPD-20157	GC	MetaCyc:CPD-20157@Charged	MetaCyc:CPD-20157@Charged	
cpd35745	MetaCyc:CPD-20229	MetaCyc:CPD-20229	MetaCyc:CPD-20229	MetaCyc:CPD-20229	MetaCyc:CPD-20229	MetaCyc:CPD-20229	GC	MetaCyc:CPD-20229@Charged	MetaCyc:CPD-20229@Charged	
cpd35746	MetaCyc:CPD-15310	MetaCyc:CPD-15310	MetaCyc:CPD-15310	MetaCyc:CPD-15310@Charged	MetaCyc:CPD-15310	MetaCyc:CPD-15310	EQ	eQuilibrator:MNXM152838	MetaCyc:CPD-15310@Charged	eQuilibrator:MNXM152838
cpd35747	MetaCyc:CPD-20770@Charged;ChEBI:140648@Charged	MetaCyc:CPD-20770@Charged;ChEBI:140648@Charged	MetaCyc:CPD-20770@Charged;ChEBI:140648@Charged	MetaCyc:CPD-20770@Charged;ChEBI:140648@Charged	MetaCyc:CPD-20770	MetaCyc:CPD-20770	GC	MetaCyc:CPD-20770@Charged	MetaCyc:CPD-20770@Charged	
cpd35748	MetaCyc:CPD-18425	MetaCyc:CPD-18425	MetaCyc:CPD-18425	MetaCyc:CPD-18425	MetaCyc:CPD-18425	MetaCyc:CPD-18425	GC	MetaCyc:CPD-18425@Charged	MetaCyc:CPD-18425@Charged	
cpd35749	MetaCyc:CPD-18880@Charged	MetaCyc:CPD-18880@Charged		MetaCyc:CPD-18880@Charged	MetaCyc:CPD-18880	MetaCyc:CPD-18880	GC	MetaCyc:CPD-18880@Charged	MetaCyc:CPD-18880@Charged	
cpd35750	MetaCyc:CPD0-2630	MetaCyc:CPD0-2630	MetaCyc:CPD0-2630	MetaCyc:CPD0-2630			GC	MetaCyc:CPD0-2630@Charged	MetaCyc:CPD0-2630@Charged	
cpd35751	MetaCyc:CPD-16759	MetaCyc:CPD-16759	MetaCyc:CPD-16759	MetaCyc:CPD-16759		MetaCyc:CPD-16759	EQ	eQuilibrator:MNXM149119	MetaCyc:CPD-16759@Charged	eQuilibrator:MNXM149119
cpd35752	MetaCyc:CPD-20238@Charged	MetaCyc:CPD-20238@Charged	MetaCyc:CPD-20238@Charged	MetaCyc:CPD-20238@Charged	MetaCyc:CPD-20238	MetaCyc:CPD-20238	GC	MetaCyc:CPD-20238@Charged	MetaCyc:CPD-20238@Charged	
cpd35753	MetaCyc:CPD-21052	MetaCyc:CPD-21052	MetaCyc:CPD-21052	MetaCyc:CPD-21052	MetaCyc:CPD-21052	MetaCyc:CPD-21052	GC	MetaCyc:CPD-21052@Charged	MetaCyc:CPD-21052@Charged	
cpd35754	MetaCyc:CPD-15698	MetaCyc:CPD-15698	MetaCyc:CPD-15698	MetaCyc:CPD-15698	MetaCyc:CPD-15698	MetaCyc:CPD-15698	EQ	eQuilibrator:MNXM158406	MetaCyc:CPD-15698@Charged	eQuilibrator:MNXM158406
cpd35755	MetaCyc:CPD-14629	MetaCyc:CPD-14629	MetaCyc:CPD-14629	MetaCyc:CPD-14629	MetaCyc:CPD-14629	MetaCyc:CPD-14629	GC	MetaCyc:CPD-14629@Charged	MetaCyc:CPD-14629@Charged	eQuilibrator:MNXM97609
cpd35756	MetaCyc:CPD-19487	MetaCyc:CPD-19487	MetaCyc:CPD-19487	MetaCyc:CPD-19487	MetaCyc:CPD-19487	MetaCyc:CPD-19487	EQ	eQuilibrator:MNXM164244	MetaCyc:CPD-19487@Charged	eQuilibrator:MNXM164244
cpd35757	MetaCyc:CPD-20276	MetaCyc:CPD-20276	MetaCyc:CPD-20276	MetaCyc:CPD-20276	MetaCyc:CPD-20276	MetaCyc:CPD-20276	GC	MetaCyc:CPD-20276@Charged	MetaCyc:CPD-20276@Charged	
cpd35758	MetaCyc:CPD-17338	MetaCyc:CPD-17338	MetaCyc:CPD-17338	MetaCyc:CPD-17338	MetaCyc:CPD-17338	MetaCyc:CPD-17338	GC	MetaCyc:CPD-17338@Charged	MetaCyc:CPD-17338@Charged	eQuilibrator:MNXM149160
cpd35759	MetaCyc:CPD-20442;ChEBI:138227	MetaCyc:CPD-20442;ChEBI:138227	MetaCyc:CPD-20442;ChEBI:138227	MetaCyc:CPD-20442;ChEBI:138227			GC	MetaCyc:CPD-20442@Charged	MetaCyc:CPD-20442@Charged	
cpd35760	MetaCyc:CPD-19776@Charged;ChEBI:147292@Charged	MetaCyc:CPD-19776@Charged;ChEBI:147292@Charged	MetaCyc:CPD-19776@Charged;ChEBI:147292@Charged	MetaCyc:CPD-19776@Charged;ChEBI:147292@Charged	MetaCyc:CPD-19776	MetaCyc:CPD-19776	GC	MetaCyc:CPD-19776@Charged	MetaCyc:CPD-19776@Charged	
cpd35761	MetaCyc:CPD-17111	MetaCyc:CPD-17111	MetaCyc:CPD-17111	MetaCyc:CPD-17111@Charged	MetaCyc:CPD-17111	MetaCyc:CPD-17111	GC	MetaCyc:CPD-17111@Charged	MetaCyc:CPD-17111@Charged	eQuilibrator:MNXM6116
cpd35762	MetaCyc:CPD-17085	MetaCyc:CPD-17085	MetaCyc:CPD-17085	MetaCyc:CPD-17085	MetaCyc:CPD-17085		EQ	eQuilibrator:MNXM148564	MetaCyc:CPD-17085@Charged	eQuilibrator:MNXM148564
cpd35763	MetaCyc:CPD-19628	MetaCyc:CPD-19628	MetaCyc:CPD-19628	MetaCyc:CPD-19628		MetaCyc:CPD-19628	EQ	eQuilibrator:MNXM57835	MetaCyc:CPD-19628@Charged	eQuilibrator:MNXM57835
cpd35764	MetaCyc:CPD-19993	MetaCyc:CPD-19993	MetaCyc:CPD-19993	MetaCyc:CPD-19993	MetaCyc:CPD-19993	MetaCyc:CPD-19993	GC	MetaCyc:CPD-19993@Charged	MetaCyc:CPD-19993@Charged	
cpd35765	MetaCyc:CPD-19796	MetaCyc:CPD-19796	MetaCyc:CPD-19796	MetaCyc:CPD-19796	MetaCyc:CPD-19796		EQ	eQuilibrator:MNXM46937	MetaCyc:CPD-19796@Charged	eQuilibrator:MNXM46937
cpd35766	MetaCyc:CPD-18292	MetaCyc:CPD-18292	MetaCyc:CPD-18292	MetaCyc:CPD-18292	MetaCyc:CPD-18292	MetaCyc:CPD-18292	EQ	eQuilibrator:MNXM164226	MetaCyc:CPD-18292@Charged	eQuilibrator:MNXM164226
cpd35767	MetaCyc:CPD-21394	MetaCyc:CPD-21394	MetaCyc:CPD-21394	MetaCyc:CPD-21394		MetaCyc:CPD-21394	GC	MetaCyc:CPD-21394@Charged	MetaCyc:CPD-21394@Charged	eQuilibrator:MNXM149877
cpd35768	MetaCyc:CPD-15988	MetaCyc:CPD-15988	MetaCyc:CPD-15988	MetaCyc:CPD-15988	MetaCyc:CPD-15988	MetaCyc:CPD-15988	EQ	eQuilibrator:MNXM41466	MetaCyc:CPD-15988@Charged	eQuilibrator:MNXM41466
cpd35769	MetaCyc:CPD-18001	MetaCyc:CPD-18001	MetaCyc:CPD-18001	MetaCyc:CPD-18001		MetaCyc:CPD-18001	GC	MetaCyc:CPD-18001@Charged	MetaCyc:CPD-18001@Charged	
cpd35770	MetaCyc:CPD-17824@Charged	MetaCyc:CPD-17824@Charged	MetaCyc:CPD-17824@Charged	MetaCyc:CPD-17824@Charged	MetaCyc:CPD-17824	MetaCyc:CPD-17824	GC	MetaCyc:CPD-17824@Charged	MetaCyc:CPD-17824@Charged	
cpd35771	MetaCyc:CPD-14827	MetaCyc:CPD-14827	MetaCyc:CPD-14827	MetaCyc:CPD-14827	MetaCyc:CPD-14827	MetaCyc:CPD-14827	EQ	eQuilibrator:MNXM114592	MetaCyc:CPD-14827@Charged	eQuilibrator:MNXM114592
cpd35772	MetaCyc:CPD-18852@Charged	MetaCyc:CPD-18852@Charged		MetaCyc:CPD-18852@Charged	MetaCyc:CPD-18852	MetaCyc:CPD-18852	GC	MetaCyc:CPD-18852@Charged	MetaCyc:CPD-18852@Charged	
cpd35773	MetaCyc:CPD-15323	MetaCyc:CPD-15323	MetaCyc:CPD-15323	MetaCyc:CPD-15323	MetaCyc:CPD-15323	MetaCyc:CPD-15323	EQ	eQuilibrator:MNXM146889	MetaCyc:CPD-15323@Charged	eQuilibrator:MNXM146889
cpd35774	MetaCyc:CPD-17894	MetaCyc:CPD-17894	MetaCyc:CPD-17894	MetaCyc:CPD-17894	MetaCyc:CPD-17894	MetaCyc:CPD-17894	GC	MetaCyc:CPD-17894@Charged	MetaCyc:CPD-17894@Charged	eQuilibrator:MNXM147439
cpd35775	MetaCyc:CPD-17160	MetaCyc:CPD-17160	MetaCyc:CPD-17160	MetaCyc:CPD-17160	MetaCyc:CPD-17160	MetaCyc:CPD-17160	EQ	eQuilibrator:MNXM147458	MetaCyc:CPD-17160@Charged	eQuilibrator:MNXM147458
cpd35776										
cpd35777	MetaCyc:CPD-15102;ChEBI:49190	MetaCyc:CPD-15102;ChEBI:49190	MetaCyc:CPD-15102;ChEBI:49190	MetaCyc:CPD-15102;ChEBI:49190	MetaCyc:CPD-15102	MetaCyc:CPD-15102	EQ	eQuilibrator:MNXM6737	MetaCyc:CPD-15102@Charged	eQuilibrator:MNXM6737
cpd35778	MetaCyc:CPD-18610	MetaCyc:CPD-18610	MetaCyc:CPD-18610	MetaCyc:CPD-18610	MetaCyc:CPD-18610	MetaCyc:CPD-18610	GC	MetaCyc:CPD-18610@Charged	MetaCyc:CPD-18610@Charged	
cpd35779	MetaCyc:CPD-19806	MetaCyc:CPD-19806	MetaCyc:CPD-19806	MetaCyc:CPD-19806	MetaCyc:CPD-19806	MetaCyc:CPD-19806	GC	MetaCyc:CPD-19806@Charged	MetaCyc:CPD-19806@Charged	
cpd35780	MetaCyc:CPD-17236	MetaCyc:CPD-17236	MetaCyc:CPD-17236	MetaCyc:CPD-17236	MetaCyc:CPD-17236	MetaCyc:CPD-17236	GC	MetaCyc:CPD-17236@Charged	MetaCyc:CPD-17236@Charged	eQuilibrator:MNXM151763
cpd35781	MetaCyc:CPD-19144;ChEBI:87698	MetaCyc:CPD-19144;ChEBI:87698	MetaCyc:CPD-19144;ChEBI:87698	MetaCyc:CPD-19144;ChEBI:87698	MetaCyc:CPD-19144	MetaCyc:CPD-19144	EQ	eQuilibrator:MNXM149511	MetaCyc:CPD-19144@Charged	eQuilibrator:MNXM149511
cpd35782	MetaCyc:CPD-20317	MetaCyc:CPD-20317	MetaCyc:CPD-20317	MetaCyc:CPD-20317		MetaCyc:CPD-20317	EQ	eQuilibrator:MNXM81339	MetaCyc:CPD-20317@Charged	eQuilibrator:MNXM81339
cpd35783	MetaCyc:CPD-17809	MetaCyc:CPD-17809	MetaCyc:CPD-17809	MetaCyc:CPD-17809	MetaCyc:CPD-17809	MetaCyc:CPD-17809	EQ	eQuilibrator:MNXM24053	MetaCyc:CPD-17809@Charged	eQuilibrator:MNXM24053
cpd35784	MetaCyc:CPD-17946	MetaCyc:CPD-17946	MetaCyc:CPD-17946	MetaCyc:CPD-17946	MetaCyc:CPD-17946	MetaCyc:CPD-17946	GC	MetaCyc:CPD-17946@Charged	MetaCyc:CPD-17946@Charged	
cpd35785										
cpd35786	MetaCyc:CPD-14630	MetaCyc:CPD-14630	MetaCyc:CPD-14630	MetaCyc:CPD-14630	MetaCyc:CPD-14630	MetaCyc:CPD-14630	GC	MetaCyc:CPD-14630@Charged	MetaCyc:CPD-14630@Charged	eQuilibrator:MNXM97606
cpd35787	MetaCyc:CPD-18019	MetaCyc:CPD-18019	MetaCyc:CPD-18019	MetaCyc:CPD-18019@Charged	MetaCyc:CPD-18019	MetaCyc:CPD-18019	GC	MetaCyc:CPD-18019@Charged	MetaCyc:CPD-18019@Charged	
cpd35788	MetaCyc:CPD-19569	MetaCyc:CPD-19569	MetaCyc:CPD-19569	MetaCyc:CPD-19569	MetaCyc:CPD-19569	MetaCyc:CPD-19569	EQ	eQuilibrator:MNXM36576	MetaCyc:CPD-19569@Charged	eQuilibrator:MNXM36576
cpd35789	MetaCyc:CPD-16773	MetaCyc:CPD-16773	MetaCyc:CPD-16773	MetaCyc:CPD-16773	MetaCyc:CPD-16773	MetaCyc:CPD-16773	GC	MetaCyc:CPD-16773@Charged	MetaCyc:CPD-16773@Charged	eQuilibrator:MNXM159221
cpd35790	MetaCyc:CPD-20171	MetaCyc:CPD-20171	MetaCyc:CPD-20171	MetaCyc:CPD-20171	MetaCyc:CPD-20171	MetaCyc:CPD-20171	GC	MetaCyc:CPD-20171@Charged	MetaCyc:CPD-20171@Charged	
cpd35791	MetaCyc:CPD-20812@Charged	MetaCyc:CPD-20812@Charged	MetaCyc:CPD-20812@Charged	MetaCyc:CPD-20812@Charged	MetaCyc:CPD-20812	MetaCyc:CPD-20812	GC	MetaCyc:CPD-20812@Charged	MetaCyc:CPD-20812@Charged	
cpd35792	MetaCyc:CPD-20135;ChEBI:138041	MetaCyc:CPD-20135;ChEBI:138041	MetaCyc:CPD-20135;ChEBI:138041	MetaCyc:CPD-20135;ChEBI:138041	MetaCyc:CPD-20135	MetaCyc:CPD-20135	GC	MetaCyc:CPD-20135@Charged	MetaCyc:CPD-20135@Charged	
cpd35793	MetaCyc:CPD66-61	MetaCyc:CPD66-61	MetaCyc:CPD66-61	MetaCyc:CPD66-61	MetaCyc:CPD66-61	MetaCyc:CPD66-61	EQ	eQuilibrator:MNXM42904	MetaCyc:CPD66-61@Charged	eQuilibrator:MNXM42904
cpd35794	MetaCyc:CPD-20138;ChEBI:138042	MetaCyc:CPD-20138;ChEBI:138042	MetaCyc:CPD-20138;ChEBI:138042	MetaCyc:CPD-20138;ChEBI:138042		MetaCyc:CPD-20138	GC	MetaCyc:CPD-20138@Charged	MetaCyc:CPD-20138@Charged	eQuilibrator:MNXM497065
cpd35795	MetaCyc:CPD-18832;ChEBI:140638	MetaCyc:CPD-18832;ChEBI:140638	MetaCyc:CPD-18832;ChEBI:140638	MetaCyc:CPD-18832;ChEBI:140638	MetaCyc:CPD-18832	MetaCyc:CPD-18832	GC	MetaCyc:CPD-18832@Charged	MetaCyc:CPD-18832@Charged	eQuilibrator:MNXM164392
cpd35796	MetaCyc:CPD-20340	MetaCyc:CPD-20340	MetaCyc:CPD-20340	MetaCyc:CPD-20340	MetaCyc:CPD-20340	MetaCyc:CPD-20340	EQ	eQuilibrator:MNXM65600	MetaCyc:CPD-20340@Charged	eQuilibrator:MNXM65600
cpd35797	MetaCyc:CPD-17519	MetaCyc:CPD-17519	MetaCyc:CPD-17519	MetaCyc:CPD-17519	MetaCyc:CPD-17519	MetaCyc:CPD-17519	GC	MetaCyc:CPD-17519@Charged	MetaCyc:CPD-17519@Charged	
cpd35798	MetaCyc:CPD-14899	MetaCyc:CPD-14899	MetaCyc:CPD-14899	MetaCyc:CPD-14899	MetaCyc:CPD-14899	MetaCyc:CPD-14899	GC	MetaCyc:CPD-14899@Charged	MetaCyc:CPD-14899@Charged	eQuilibrator:MNXM78379
cpd35799	MetaCyc:CPD-18798;ChEBI:87734	MetaCyc:CPD-18798;ChEBI:87734	MetaCyc:CPD-18798;ChEBI:87734	MetaCyc:CPD-18798;ChEBI:87734	MetaCyc:CPD-18798	MetaCyc:CPD-18798	GC	MetaCyc:CPD-18798@Charged	MetaCyc:CPD-18798@Charged	eQuilibrator:MNXM29311
cpd35800	MetaCyc:CPD-18088;ChEBI:88138	MetaCyc:CPD-18088;ChEBI:88138	MetaCyc:CPD-18088;ChEBI:88138	MetaCyc:CPD-18088;ChEBI:88138	MetaCyc:CPD-18088	MetaCyc:CPD-18088	EQ	eQuilibrator:MNXM162611	MetaCyc:CPD-18088@Charged	eQuilibrator:MNXM162611
cpd35801	MetaCyc:CPD-19898	MetaCyc:CPD-19898	MetaCyc:CPD-19898	MetaCyc:CPD-19898	MetaCyc:CPD-19898	MetaCyc:CPD-19898	GC	MetaCyc:CPD-19898@Charged	MetaCyc:CPD-19898@Charged	
cpd35802	MetaCyc:CPD-21262	MetaCyc:CPD-21262	MetaCyc:CPD-21262	MetaCyc:CPD-21262	MetaCyc:CPD-21262	MetaCyc:CPD-21262	GC	MetaCyc:CPD-21262@Charged	MetaCyc:CPD-21262@Charged	
cpd35803	MetaCyc:CPD-15779	MetaCyc:CPD-15779	MetaCyc:CPD-15779	MetaCyc:CPD-15779	MetaCyc:CPD-15779	MetaCyc:CPD-15779	EQ	eQuilibrator:MNXM148621	MetaCyc:CPD-15779@Charged	eQuilibrator:MNXM148621
cpd35804	MetaCyc:CPD-20928@Charged	MetaCyc:CPD-20928@Charged	MetaCyc:CPD-20928@Charged	MetaCyc:CPD-20928@Charged	MetaCyc:CPD-20928	MetaCyc:CPD-20928	GC	MetaCyc:CPD-20928@Charged	MetaCyc:CPD-20928@Charged	
cpd35805	MetaCyc:CPD-14776	MetaCyc:CPD-14776	MetaCyc:CPD-14776	MetaCyc:CPD-14776	MetaCyc:CPD-14776	MetaCyc:CPD-14776	EQ	eQuilibrator:MNXM114585	MetaCyc:CPD-14776@Charged	eQuilibrator:MNXM114585
cpd35806	MetaCyc:CPD0-2526	MetaCyc:CPD0-2526	MetaCyc:CPD0-2526	MetaCyc:CPD0-2526		MetaCyc:CPD0-2526	EQ	eQuilibrator:MNXM150044	MetaCyc:CPD0-2526@Charged	eQuilibrator:MNXM150044
cpd35807	MetaCyc:CPD-21467	MetaCyc:CPD-21467	MetaCyc:CPD-21467	MetaCyc:CPD-21467	MetaCyc:CPD-21467	MetaCyc:CPD-21467	EQ	eQuilibrator:MNXM102961	MetaCyc:CPD-21467@Charged	eQuilibrator:MNXM102961
cpd35808	MetaCyc:CPD-16596@Charged	MetaCyc:CPD-16596@Charged	MetaCyc:CPD-16596@Charged	MetaCyc:CPD-16596@Charged	MetaCyc:CPD-16596	MetaCyc:CPD-16596	GC	MetaCyc:CPD-16596@Charged	MetaCyc:CPD-16596@Charged	
cpd35809										
cpd35810	MetaCyc:CPD-14894;ChEBI:66918	MetaCyc:CPD-14894;ChEBI:66918	MetaCyc:CPD-14894;ChEBI:66918	MetaCyc:CPD-14894;ChEBI:66918	MetaCyc:CPD-14894	MetaCyc:CPD-14894	GC	MetaCyc:CPD-14894@Charged	MetaCyc:CPD-14894@Charged	eQuilibrator:MNXM35558
cpd35811	MetaCyc:CPD-21250;MetaCyc:Mannuronate;ChEBI:30624	MetaCyc:CPD-21250;MetaCyc:Mannuronate;ChEBI:30624	MetaCyc:CPD-21250;MetaCyc:Mannuronate;ChEBI:30624	MetaCyc:CPD-21250;MetaCyc:Mannuronate;ChEBI:30624	MetaCyc:CPD-21250	MetaCyc:CPD-21250	EQ	eQuilibrator:MNXM2513	MetaCyc:CPD-21250@Charged	eQuilibrator:MNXM2513
cpd35812	MetaCyc:CPD-21333	MetaCyc:CPD-21333	MetaCyc:CPD-21333	MetaCyc:CPD-21333	MetaCyc:CPD-21333	MetaCyc:CPD-21333	GC	MetaCyc:CPD-21333@Charged	MetaCyc:CPD-21333@Charged	
cpd35813	MetaCyc:CPD-20000	MetaCyc:CPD-20000	MetaCyc:CPD-20000	MetaCyc:CPD-20000	MetaCyc:CPD-20000	MetaCyc:CPD-20000	GC	MetaCyc:CPD-20000@Charged	MetaCyc:CPD-20000@Charged	
cpd35814	MetaCyc:CPD-21488	MetaCyc:CPD-21488	MetaCyc:CPD-21488	MetaCyc:CPD-21488		MetaCyc:CPD-21488	GC	MetaCyc:CPD-21488@Charged	MetaCyc:CPD-21488@Charged	eQuilibrator:MNXM18356
cpd35815	MetaCyc:CPD-16561@Charged	MetaCyc:CPD-16561@Charged	MetaCyc:CPD-16561@Charged	MetaCyc:CPD-16561@Charged	MetaCyc:CPD-16561	MetaCyc:CPD-16561	GC	MetaCyc:CPD-16561@Charged	MetaCyc:CPD-16561@Charged	
cpd35816	MetaCyc:CPD-14593	MetaCyc:CPD-14593	MetaCyc:CPD-14593	MetaCyc:CPD-14593	MetaCyc:CPD-14593	MetaCyc:CPD-14593	GC	MetaCyc:CPD-14593@Charged	MetaCyc:CPD-14593@Charged	
cpd35817	MetaCyc:CPD-15855;ChEBI:75326	MetaCyc:CPD-15855;ChEBI:75326	MetaCyc:CPD-15855;ChEBI:75326	MetaCyc:CPD-15855;ChEBI:75326	MetaCyc:CPD-15855	MetaCyc:CPD-15855	EQ	eQuilibrator:MNXM26601	MetaCyc:CPD-15855@Charged	eQuilibrator:MNXM26601
cpd35818	MetaCyc:CPD-20393	MetaCyc:CPD-20393	MetaCyc:CPD-20393	MetaCyc:CPD-20393	MetaCyc:CPD-20393		EQ	eQuilibrator:MNXM64860	MetaCyc:CPD-20393@Charged	eQuilibrator:MNXM64860
cpd35819	MetaCyc:CPD-15187;ChEBI:62446	MetaCyc:CPD-15187;ChEBI:62446	MetaCyc:CPD-15187;ChEBI:62446	MetaCyc:CPD-15187;ChEBI:62446	MetaCyc:CPD-15187	MetaCyc:CPD-15187	GC	MetaCyc:CPD-15187@Charged	MetaCyc:CPD-15187@Charged	eQuilibrator:MNXM7780
cpd35820	MetaCyc:CPD-21093	MetaCyc:CPD-21093	MetaCyc:CPD-21093	MetaCyc:CPD-21093	MetaCyc:CPD-21093	MetaCyc:CPD-21093	GC	MetaCyc:CPD-21093@Charged	MetaCyc:CPD-21093@Charged	
cpd35821	MetaCyc:CPD-16818	MetaCyc:CPD-16818	MetaCyc:CPD-16818	MetaCyc:CPD-16818	MetaCyc:CPD-16818	MetaCyc:CPD-16818	GC	MetaCyc:CPD-16818@Charged	MetaCyc:CPD-16818@Charged	eQuilibrator:MNXM22999
cpd35822	MetaCyc:CPD-18688	MetaCyc:CPD-18688	MetaCyc:CPD-18688	MetaCyc:CPD-18688	MetaCyc:CPD-18688	MetaCyc:CPD-18688	EQ	eQuilibrator:MNXM165033	MetaCyc:CPD-18688@Charged	eQuilibrator:MNXM165033
cpd35823	MetaCyc:CPD-19540	MetaCyc:CPD-19540	MetaCyc:CPD-19540	MetaCyc:CPD-19540	MetaCyc:CPD-19540	MetaCyc:CPD-19540	GC	MetaCyc:CPD-19540@Charged	MetaCyc:CPD-19540@Charged	eQuilibrator:MNXM489651
cpd35824	MetaCyc:CPD-16604@Charged	MetaCyc:CPD-16604@Charged	MetaCyc:CPD-16604@Charged	MetaCyc:CPD-16604@Charged	MetaCyc:CPD-16604	MetaCyc:CPD-16604	GC	MetaCyc:CPD-16604@Charged	MetaCyc:CPD-16604@Charged	
cpd35825	MetaCyc:CPD-18299	MetaCyc:CPD-18299	MetaCyc:CPD-18299	MetaCyc:CPD-18299	MetaCyc:CPD-18299	MetaCyc:CPD-18299	EQ		MetaCyc:CPD-18299@Charged	
cpd35826	MetaCyc:CPD-21259;ChEBI:90988	MetaCyc:CPD-21259;ChEBI:90988	MetaCyc:CPD-21259;ChEBI:90988	MetaCyc:CPD-21259;ChEBI:90988	MetaCyc:CPD-21259	MetaCyc:CPD-21259	EQ	eQuilibrator:MNXM9847	MetaCyc:CPD-21259@Charged	eQuilibrator:MNXM9847
cpd35827	MetaCyc:CPD-17998	MetaCyc:CPD-17998	MetaCyc:CPD-17998	MetaCyc:CPD-17998	MetaCyc:CPD-17998	MetaCyc:CPD-17998	GC	MetaCyc:CPD-17998@Charged	MetaCyc:CPD-17998@Charged	
cpd35828	MetaCyc:CPD-18498	MetaCyc:CPD-18498	MetaCyc:CPD-18498	MetaCyc:CPD-18498	MetaCyc:CPD-18498	MetaCyc:CPD-18498	GC	MetaCyc:CPD-18498@Charged	MetaCyc:CPD-18498@Charged	
cpd35829	MetaCyc:CPD-16575	MetaCyc:CPD-16575	MetaCyc:CPD-16575	MetaCyc:CPD-16575	MetaCyc:CPD-16575	MetaCyc:CPD-16575	EQ	eQuilibrator:MNXM152048	MetaCyc:CPD-16575@Charged	eQuilibrator:MNXM152048
cpd35830	MetaCyc:CPD-18816	MetaCyc:CPD-18816	MetaCyc:CPD-18816	MetaCyc:CPD-18816	MetaCyc:CPD-18816	MetaCyc:CPD-18816	EQ	eQuilibrator:MNXM177129	MetaCyc:CPD-18816@Charged	eQuilibrator:MNXM177129
cpd35831	MetaCyc:CPD-14966@Charged	MetaCyc:CPD-14966@Charged	MetaCyc:CPD-14966@Charged	MetaCyc:CPD-14966@Charged	MetaCyc:CPD-14966	MetaCyc:CPD-14966	EQ		MetaCyc:CPD-14966@Charged	
cpd35832	MetaCyc:CPD-21149	MetaCyc:CPD-21149	MetaCyc:CPD-21149	MetaCyc:CPD-21149		MetaCyc:CPD-21149	GC	MetaCyc:CPD-21149@Charged	MetaCyc:CPD-21149@Charged	
cpd35833	MetaCyc:CPD-19560	MetaCyc:CPD-19560	MetaCyc:CPD-19560	MetaCyc:CPD-19560			GC	MetaCyc:CPD-19560@Charged	MetaCyc:CPD-19560@Charged	
cpd35834	MetaCyc:CPD-15439	MetaCyc:CPD-15439	MetaCyc:CPD-15439	MetaCyc:CPD-15439	MetaCyc:CPD-15439	MetaCyc:CPD-15439	GC	MetaCyc:CPD-15439@Charged	MetaCyc:CPD-15439@Charged	eQuilibrator:MNXM150988
cpd35835	MetaCyc:CPD-14925	MetaCyc:CPD-14925	MetaCyc:CPD-14925	MetaCyc:CPD-14925	MetaCyc:CPD-14925	MetaCyc:CPD-14925	EQ	eQuilibrator:MNXM164218	MetaCyc:CPD-14925@Charged	eQuilibrator:MNXM164218
cpd35836	MetaCyc:CPD-20483;ChEBI:133752	MetaCyc:CPD-20483;ChEBI:133752	MetaCyc:CPD-20483;ChEBI:133752	MetaCyc:CPD-20483;ChEBI:133752	MetaCyc:CPD-20483	MetaCyc:CPD-20483	EQ	eQuilibrator:MNXM52422	MetaCyc:CPD-20483@Charged	eQuilibrator:MNXM52422
cpd35837	MetaCyc:CPD-18026@Charged	MetaCyc:CPD-18026@Charged	MetaCyc:CPD-18026@Charged	MetaCyc:CPD-18026@Charged	MetaCyc:CPD-18026	MetaCyc:CPD-18026	GC	MetaCyc:CPD-18026@Charged	MetaCyc:CPD-18026@Charged	
cpd35838	MetaCyc:CPD-19616	MetaCyc:CPD-19616	MetaCyc:CPD-19616	MetaCyc:CPD-19616	MetaCyc:CPD-19616	MetaCyc:CPD-19616	EQ	eQuilibrator:MNXM683034	MetaCyc:CPD-19616@Charged	eQuilibrator:MNXM683034
cpd35839	MetaCyc:CPD0-2599@Charged	MetaCyc:CPD0-2599@Charged	MetaCyc:CPD0-2599@Charged	MetaCyc:CPD0-2599@Charged	MetaCyc:CPD0-2599	MetaCyc:CPD0-2599	GC	MetaCyc:CPD0-2599@Charged	MetaCyc:CPD0-2599@Charged	eQuilibrator:MNXM531714
cpd35840	MetaCyc:CPD-17461;ChEBI:37547	MetaCyc:CPD-17461;ChEBI:37547	MetaCyc:CPD-17461;ChEBI:37547	MetaCyc:CPD-17461;ChEBI:37547	MetaCyc:CPD-17461	MetaCyc:CPD-17461	EQ	eQuilibrator:MNXM59294	MetaCyc:CPD-17461@Charged	eQuilibrator:MNXM59294
cpd35841	MetaCyc:CPD-19586	MetaCyc:CPD-19586	MetaCyc:CPD-19586	MetaCyc:CPD-19586	MetaCyc:CPD-19586		GC	MetaCyc:CPD-19586@Charged	MetaCyc:CPD-19586@Charged	eQuilibrator:MNXM486527
cpd35842	MetaCyc:CPD-17714	MetaCyc:CPD-17714	MetaCyc:CPD-17714	MetaCyc:CPD-17714	MetaCyc:CPD-17714	MetaCyc:CPD-17714	GC	MetaCyc:CPD-17714@Charged	MetaCyc:CPD-17714@Charged	eQuilibrator:MNXM147827
cpd35843	MetaCyc:CPD-20751	MetaCyc:CPD-20751	MetaCyc:CPD-20751	MetaCyc:CPD-20751	MetaCyc:CPD-20751	MetaCyc:CPD-20751	EQ	eQuilibrator:MNXM149203	MetaCyc:CPD-20751@Charged	eQuilibrator:MNXM149203
cpd35844	MetaCyc:CPD-20795@Charged;ChEBI:140439@Charged	MetaCyc:CPD-20795@Charged;ChEBI:140439@Charged	MetaCyc:CPD-20795@Charged;ChEBI:140439@Charged	MetaCyc:CPD-20795@Charged;ChEBI:140439@Charged	MetaCyc:CPD-20795	MetaCyc:CPD-20795	GC	MetaCyc:CPD-20795@Charged	MetaCyc:CPD-20795@Charged	
cpd35845	MetaCyc:CPD-15684	MetaCyc:CPD-15684	MetaCyc:CPD-15684	MetaCyc:CPD-15684	MetaCyc:CPD-15684	MetaCyc:CPD-15684	EQ	eQuilibrator:MNXM147849	MetaCyc:CPD-15684@Charged	eQuilibrator:MNXM147849
cpd35846	MetaCyc:CPD-20865	MetaCyc:CPD-20865	MetaCyc:CPD-20865	MetaCyc:CPD-20865	MetaCyc:CPD-20865	MetaCyc:CPD-20865	GC	MetaCyc:CPD-20865@Charged	MetaCyc:CPD-20865@Charged	
cpd35847	MetaCyc:CPD-17262;ChEBI:71491	MetaCyc:CPD-17262;ChEBI:71491	MetaCyc:CPD-17262;ChEBI:71491	MetaCyc:CPD-17262;ChEBI:71491	MetaCyc:CPD-17262	MetaCyc:CPD-17262	EQ	eQuilibrator:MNXM97177	MetaCyc:CPD-17262@Charged	eQuilibrator:MNXM97177
cpd35848	MetaCyc:CPD-18711	MetaCyc:CPD-18711	MetaCyc:CPD-18711	MetaCyc:CPD-18711	MetaCyc:CPD-18711	MetaCyc:CPD-18711	GC	MetaCyc:CPD-18711@Charged	MetaCyc:CPD-18711@Charged	eQuilibrator:MNXM683350
cpd35849	MetaCyc:CPD-14492	MetaCyc:CPD-14492	MetaCyc:CPD-14492	MetaCyc:CPD-14492	MetaCyc:CPD-14492	MetaCyc:CPD-14492	GC	MetaCyc:CPD-14492@Charged	MetaCyc:CPD-14492@Charged	eQuilibrator:MNXM97456
cpd35850	MetaCyc:CPD-19083	MetaCyc:CPD-19083	MetaCyc:CPD-19083	MetaCyc:CPD-19083	MetaCyc:CPD-19083	MetaCyc:CPD-19083	EQ	eQuilibrator:MNXM165271	MetaCyc:CPD-19083@Charged	eQuilibrator:MNXM165271
cpd35851	MetaCyc:CPD-18137	MetaCyc:CPD-18137	MetaCyc:CPD-18137	MetaCyc:CPD-18137		MetaCyc:CPD-18137	GC	MetaCyc:CPD-18137@Charged	MetaCyc:CPD-18137@Charged	
cpd35852	MetaCyc:CPD-17626	MetaCyc:CPD-17626	MetaCyc:CPD-17626	MetaCyc:CPD-17626	MetaCyc:CPD-17626	MetaCyc:CPD-17626	EQ	eQuilibrator:MNXM150226	MetaCyc:CPD-17626@Charged	eQuilibrator:MNXM150226
cpd35853	MetaCyc:CPD-20188	MetaCyc:CPD-20188	MetaCyc:CPD-20188	MetaCyc:CPD-20188	MetaCyc:CPD-20188	MetaCyc:CPD-20188	GC	MetaCyc:CPD-20188@Charged	MetaCyc:CPD-20188@Charged	
cpd35854	MetaCyc:CPD-17083	MetaCyc:CPD-17083	MetaCyc:CPD-17083	MetaCyc:CPD-17083		MetaCyc:CPD-17083	EQ	eQuilibrator:MNXM147635	MetaCyc:CPD-17083@Charged	eQuilibrator:MNXM147635
cpd35855	MetaCyc:CPD-19986	MetaCyc:CPD-19986	MetaCyc:CPD-19986	MetaCyc:CPD-19986	MetaCyc:CPD-19986	MetaCyc:CPD-19986	GC	MetaCyc:CPD-19986@Charged	MetaCyc:CPD-19986@Charged	
cpd35856	MetaCyc:CPD-20193	MetaCyc:CPD-20193	MetaCyc:CPD-20193	MetaCyc:CPD-20193	MetaCyc:CPD-20193	MetaCyc:CPD-20193	GC	MetaCyc:CPD-20193@Charged	MetaCyc:CPD-20193@Charged	
cpd35857	MetaCyc:CPD-17627	MetaCyc:CPD-17627	MetaCyc:CPD-17627	MetaCyc:CPD-17627	MetaCyc:CPD-17627	MetaCyc:CPD-17627	EQ	eQuilibrator:MNXM148598	MetaCyc:CPD-17627@Charged	eQuilibrator:MNXM148598
cpd35858	MetaCyc:CPD-19237	MetaCyc:CPD-19237	MetaCyc:CPD-19237	MetaCyc:CPD-19237	MetaCyc:CPD-19237	MetaCyc:CPD-19237	EQ	eQuilibrator:MNXM19316	MetaCyc:CPD-19237@Charged	eQuilibrator:MNXM19316
cpd35859	MetaCyc:CPD-14731	MetaCyc:CPD-14731	MetaCyc:CPD-14731	MetaCyc:CPD-14731	MetaCyc:CPD-14731	MetaCyc:CPD-14731	EQ	eQuilibrator:MNXM98398	MetaCyc:CPD-14731@Charged	eQuilibrator:MNXM98398
cpd35860	MetaCyc:CPD-19725@Charged;ChEBI:138950@Charged	MetaCyc:CPD-19725@Charged;ChEBI:138950@Charged	MetaCyc:CPD-19725@Charged;ChEBI:138950@Charged	MetaCyc:CPD-19725@Charged;ChEBI:138950@Charged	MetaCyc:CPD-19725	MetaCyc:CPD-19725	GC	MetaCyc:CPD-19725@Charged	MetaCyc:CPD-19725@Charged	
cpd35861	MetaCyc:CPD-21481;ChEBI:142876	MetaCyc:CPD-21481;ChEBI:142876	MetaCyc:CPD-21481;ChEBI:142876	MetaCyc:CPD-21481;ChEBI:142876	MetaCyc:CPD-21481	MetaCyc:CPD-21481	GC	MetaCyc:CPD-21481@Charged	MetaCyc:CPD-21481@Charged	
cpd35862	MetaCyc:CPD-19046	MetaCyc:CPD-19046	MetaCyc:CPD-19046	MetaCyc:CPD-19046			EQ	eQuilibrator:MNXM44943	MetaCyc:CPD-19046@Charged	eQuilibrator:MNXM44943
cpd35863	MetaCyc:CPD-21316	MetaCyc:CPD-21316	MetaCyc:CPD-21316	MetaCyc:CPD-21316	MetaCyc:CPD-21316	MetaCyc:CPD-21316	EQ	eQuilibrator:MNXM38405	MetaCyc:CPD-21316@Charged	eQuilibrator:MNXM38405
cpd35864	MetaCyc:CPD-19693	MetaCyc:CPD-19693	MetaCyc:CPD-19693	MetaCyc:CPD-19693	MetaCyc:CPD-19693	MetaCyc:CPD-19693	EQ	eQuilibrator:MNXM169383	MetaCyc:CPD-19693@Charged	eQuilibrator:MNXM169383
cpd35865	MetaCyc:CPD-18346;ChEBI:75121	MetaCyc:CPD-18346;ChEBI:75121	MetaCyc:CPD-18346;ChEBI:75121	MetaCyc:CPD-18346;ChEBI:75121	MetaCyc:CPD-18346	MetaCyc:CPD-18346	EQ	eQuilibrator:MNXM145583	MetaCyc:CPD-18346@Charged	eQuilibrator:MNXM145583
cpd35866	MetaCyc:CPD-14943@Charged	MetaCyc:CPD-14943@Charged	MetaCyc:CPD-14943@Charged	MetaCyc:CPD-14943@Charged	MetaCyc:CPD-14943	MetaCyc:CPD-14943	GC	MetaCyc:CPD-14943@Charged	MetaCyc:CPD-14943@Charged	eQuilibrator:MNXM62769
cpd35867	MetaCyc:CPD-16391	MetaCyc:CPD-16391	MetaCyc:CPD-16391	MetaCyc:CPD-16391	MetaCyc:CPD-16391	MetaCyc:CPD-16391	GC	MetaCyc:CPD-16391@Charged	MetaCyc:CPD-16391@Charged	eQuilibrator:MNXM531684
cpd35868	MetaCyc:CPD-17148@Charged	MetaCyc:CPD-17148@Charged	MetaCyc:CPD-17148@Charged	MetaCyc:CPD-17148@Charged	MetaCyc:CPD-17148	MetaCyc:CPD-17148	EQ	eQuilibrator:MNXM42853	MetaCyc:CPD-17148@Charged	eQuilibrator:MNXM42853
cpd35869	MetaCyc:CPD-16675	MetaCyc:CPD-16675	MetaCyc:CPD-16675	MetaCyc:CPD-16675	MetaCyc:CPD-16675	MetaCyc:CPD-16675	GC	MetaCyc:CPD-16675@Charged	MetaCyc:CPD-16675@Charged	
cpd35870	MetaCyc:CPD-18166	MetaCyc:CPD-18166	MetaCyc:CPD-18166	MetaCyc:CPD-18166	MetaCyc:CPD-18166	MetaCyc:CPD-18166	GC	MetaCyc:CPD-18166@Charged	MetaCyc:CPD-18166@Charged	eQuilibrator:MNXM164832
cpd35871	MetaCyc:CPD-19979	MetaCyc:CPD-19979	MetaCyc:CPD-19979	MetaCyc:CPD-19979	MetaCyc:CPD-19979	MetaCyc:CPD-19979	EQ	eQuilibrator:MNXM38193	MetaCyc:CPD-19979@Charged	eQuilibrator:MNXM38193
cpd35872	MetaCyc:CPD-19066	MetaCyc:CPD-19066	MetaCyc:CPD-19066	MetaCyc:CPD-19066	MetaCyc:CPD-19066	MetaCyc:CPD-19066	GC	MetaCyc:CPD-19066@Charged	MetaCyc:CPD-19066@Charged	eQuilibrator:MNXM163944
cpd35873	MetaCyc:CPD-21002	MetaCyc:CPD-21002	MetaCyc:CPD-21002	MetaCyc:CPD-21002@Charged	MetaCyc:CPD-21002	MetaCyc:CPD-21002	GC	MetaCyc:CPD-21002@Charged	MetaCyc:CPD-21002@Charged	
cpd35874	MetaCyc:CPD-18063;ChEBI:87091	MetaCyc:CPD-18063;ChEBI:87091	MetaCyc:CPD-18063;ChEBI:87091	MetaCyc:CPD-18063;ChEBI:87091	MetaCyc:CPD-18063	MetaCyc:CPD-18063	EQ	eQuilibrator:MNXM146993	MetaCyc:CPD-18063@Charged	eQuilibrator:MNXM146993
cpd35875	MetaCyc:CPD-16689	MetaCyc:CPD-16689	MetaCyc:CPD-16689	MetaCyc:CPD-16689	MetaCyc:CPD-16689	MetaCyc:CPD-16689	GC	MetaCyc:CPD-16689@Charged	MetaCyc:CPD-16689@Charged	eQuilibrator:MNXM125262
cpd35876										
cpd35877	MetaCyc:CPD-17522@Charged;ChEBI:84952@Charged	MetaCyc:CPD-17522@Charged;ChEBI:84952@Charged	MetaCyc:CPD-17522@Charged;ChEBI:84952@Charged	MetaCyc:CPD-17522@Charged;ChEBI:84952@Charged	MetaCyc:CPD-17522	MetaCyc:CPD-17522	GC	MetaCyc:CPD-17522@Charged	MetaCyc:CPD-17522@Charged	
cpd35878	MetaCyc:CPD-20696	MetaCyc:CPD-20696	MetaCyc:CPD-20696	MetaCyc:CPD-20696	MetaCyc:CPD-20696	MetaCyc:CPD-20696	GC	MetaCyc:CPD-20696@Charged	MetaCyc:CPD-20696@Charged	
cpd35879	MetaCyc:CPD-19647@Charged	MetaCyc:CPD-19647@Charged	MetaCyc:CPD-19647@Charged	MetaCyc:CPD-19647@Charged	MetaCyc:CPD-19647	MetaCyc:CPD-19647	GC	MetaCyc:CPD-19647@Charged	MetaCyc:CPD-19647@Charged	
cpd35880	MetaCyc:CPD-14485	MetaCyc:CPD-14485	MetaCyc:CPD-14485	MetaCyc:CPD-14485	MetaCyc:CPD-14485	MetaCyc:CPD-14485	GC	MetaCyc:CPD-14485@Charged	MetaCyc:CPD-14485@Charged	
cpd35881	MetaCyc:CPD-15244;ChEBI:87707	MetaCyc:CPD-15244;ChEBI:87707	MetaCyc:CPD-15244;ChEBI:87707	MetaCyc:CPD-15244;ChEBI:87707	MetaCyc:CPD-15244	MetaCyc:CPD-15244	EQ	eQuilibrator:MNXM147795	MetaCyc:CPD-15244@Charged	eQuilibrator:MNXM147795
cpd35882	MetaCyc:CPD-14430;ChEBI:180544	MetaCyc:CPD-14430;ChEBI:180544	MetaCyc:CPD-14430;ChEBI:180544	MetaCyc:CPD-14430;ChEBI:180544	MetaCyc:CPD-14430	MetaCyc:CPD-14430	GC	MetaCyc:CPD-14430@Charged	MetaCyc:CPD-14430@Charged	eQuilibrator:MNXM97670
cpd35883	MetaCyc:CPD-18067	MetaCyc:CPD-18067	MetaCyc:CPD-18067	MetaCyc:CPD-18067	MetaCyc:CPD-18067	MetaCyc:CPD-18067	EQ	eQuilibrator:MNXM160473	MetaCyc:CPD-18067@Charged	eQuilibrator:MNXM160473
cpd35884	MetaCyc:CPD-18226	MetaCyc:CPD-18226	MetaCyc:CPD-18226	MetaCyc:CPD-18226@Charged	MetaCyc:CPD-18226	MetaCyc:CPD-18226	GC	MetaCyc:CPD-18226@Charged	MetaCyc:CPD-18226@Charged	eQuilibrator:MNXM167880
cpd35885	MetaCyc:CPD-20181	MetaCyc:CPD-20181	MetaCyc:CPD-20181	MetaCyc:CPD-20181	MetaCyc:CPD-20181	MetaCyc:CPD-20181	GC	MetaCyc:CPD-20181@Charged	MetaCyc:CPD-20181@Charged	
cpd35886	MetaCyc:CPD-15021@Charged	MetaCyc:CPD-15021@Charged	MetaCyc:CPD-15021@Charged	MetaCyc:CPD-15021@Charged	MetaCyc:CPD-15021	MetaCyc:CPD-15021	GC	MetaCyc:CPD-15021@Charged	MetaCyc:CPD-15021@Charged	
cpd35887	MetaCyc:CPD-21449	MetaCyc:CPD-21449	MetaCyc:CPD-21449	MetaCyc:CPD-21449	MetaCyc:CPD-21449	MetaCyc:CPD-21449	GC	MetaCyc:CPD-21449@Charged	MetaCyc:CPD-21449@Charged	
cpd35888	MetaCyc:CPD-17204	MetaCyc:CPD-17204	MetaCyc:CPD-17204	MetaCyc:CPD-17204	MetaCyc:CPD-17204	MetaCyc:CPD-17204	GC	MetaCyc:CPD-17204@Charged	MetaCyc:CPD-17204@Charged	
cpd35889	MetaCyc:CPD-16539@Charged	MetaCyc:CPD-16539@Charged	MetaCyc:CPD-16539@Charged	MetaCyc:CPD-16539@Charged	MetaCyc:CPD-16539	MetaCyc:CPD-16539	GC	MetaCyc:CPD-16539@Charged	MetaCyc:CPD-16539@Charged	
cpd35890	MetaCyc:CPD-20476	MetaCyc:CPD-20476	MetaCyc:CPD-20476	MetaCyc:CPD-20476	MetaCyc:CPD-20476	MetaCyc:CPD-20476	GC	MetaCyc:CPD-20476@Charged	MetaCyc:CPD-20476@Charged	
cpd35891	MetaCyc:CPD-16656@Charged	MetaCyc:CPD-16656@Charged	MetaCyc:CPD-16656@Charged	MetaCyc:CPD-16656@Charged	MetaCyc:CPD-16656	MetaCyc:CPD-16656	EQ	eQuilibrator:MNXM146351	MetaCyc:CPD-16656@Charged	eQuilibrator:MNXM146351
cpd35892	MetaCyc:CPD-20682	MetaCyc:CPD-20682	MetaCyc:CPD-20682	MetaCyc:CPD-20682	MetaCyc:CPD-20682	MetaCyc:CPD-20682	GC	MetaCyc:CPD-20682@Charged	MetaCyc:CPD-20682@Charged	
cpd35893	MetaCyc:CPD-16869	MetaCyc:CPD-16869	MetaCyc:CPD-16869	MetaCyc:CPD-16869	MetaCyc:CPD-16869		GC	MetaCyc:CPD-16869@Charged	MetaCyc:CPD-16869@Charged	eQuilibrator:MNXM150434
cpd35894	MetaCyc:CPD-19177@Charged	MetaCyc:CPD-19177@Charged	MetaCyc:CPD-19177@Charged	MetaCyc:CPD-19177@Charged	MetaCyc:CPD-19177	MetaCyc:CPD-19177	EQ		MetaCyc:CPD-19177@Original	
cpd35895	MetaCyc:CPD-15392	MetaCyc:CPD-15392	MetaCyc:CPD-15392	MetaCyc:CPD-15392	MetaCyc:CPD-15392	MetaCyc:CPD-15392	EQ	eQuilibrator:MNXM148616	MetaCyc:CPD-15392@Charged	eQuilibrator:MNXM148616
cpd35896	MetaCyc:CPD-20934	MetaCyc:CPD-20934	MetaCyc:CPD-20934	MetaCyc:CPD-20934	MetaCyc:CPD-20934	MetaCyc:CPD-20934	GC	MetaCyc:CPD-20934@Charged	MetaCyc:CPD-20934@Charged	
cpd35897	MetaCyc:CPD-17766	MetaCyc:CPD-17766	MetaCyc:CPD-17766	MetaCyc:CPD-17766	MetaCyc:CPD-17766	MetaCyc:CPD-17766	GC	MetaCyc:CPD-17766@Charged	MetaCyc:CPD-17766@Charged	
cpd35898	MetaCyc:CPD-17468;ChEBI:85926	MetaCyc:CPD-17468;ChEBI:85926	MetaCyc:CPD-17468;ChEBI:85926	MetaCyc:CPD-17468;ChEBI:85926	MetaCyc:CPD-17468	MetaCyc:CPD-17468	EQ	eQuilibrator:MNXM146460	MetaCyc:CPD-17468@Charged	eQuilibrator:MNXM146460
cpd35899	MetaCyc:CPD-17417	MetaCyc:CPD-17417	MetaCyc:CPD-17417	MetaCyc:CPD-17417	MetaCyc:CPD-17417	MetaCyc:CPD-17417	GC	MetaCyc:CPD-17417@Charged	MetaCyc:CPD-17417@Charged	eQuilibrator:MNXM148256
cpd35900	MetaCyc:CPD-17264;ChEBI:76458	MetaCyc:CPD-17264;ChEBI:76458	MetaCyc:CPD-17264;ChEBI:76458	MetaCyc:CPD-17264;ChEBI:76458	MetaCyc:CPD-17264	MetaCyc:CPD-17264	EQ	eQuilibrator:MNXM145823	MetaCyc:CPD-17264@Charged	eQuilibrator:MNXM145823
cpd35901	MetaCyc:CPD-19088	MetaCyc:CPD-19088	MetaCyc:CPD-19088	MetaCyc:CPD-19088	MetaCyc:CPD-19088	MetaCyc:CPD-19088	EQ	eQuilibrator:MNXM164227	MetaCyc:CPD-19088@Charged	eQuilibrator:MNXM164227
cpd35902	MetaCyc:CPD-16619	MetaCyc:CPD-16619	MetaCyc:CPD-16619	MetaCyc:CPD-16619	MetaCyc:CPD-16619	MetaCyc:CPD-16619	EQ	eQuilibrator:MNXM531870	MetaCyc:CPD-16619@Charged	eQuilibrator:MNXM531870
cpd35903	MetaCyc:CPD-19095	MetaCyc:CPD-19095	MetaCyc:CPD-19095	MetaCyc:CPD-19095	MetaCyc:CPD-19095	MetaCyc:CPD-19095	EQ	eQuilibrator:MNXM170882	MetaCyc:CPD-19095@Charged	eQuilibrator:MNXM170882
cpd35904	MetaCyc:CPD-15182@Charged;ChEBI:70793@Charged	MetaCyc:CPD-15182@Charged;ChEBI:70793@Charged	MetaCyc:CPD-15182@Charged;ChEBI:70793@Charged	MetaCyc:CPD-15182@Charged;ChEBI:70793@Charged	MetaCyc:CPD-15182	MetaCyc:CPD-15182	GC	MetaCyc:CPD-15182@Charged	MetaCyc:CPD-15182@Charged	
cpd35905	MetaCyc:CPD-18556;ChEBI:167454	MetaCyc:CPD-18556;ChEBI:167454	MetaCyc:CPD-18556;ChEBI:167454	MetaCyc:CPD-18556;ChEBI:167454	MetaCyc:CPD-18556		GC	MetaCyc:CPD-18556@Charged	MetaCyc:CPD-18556@Charged	eQuilibrator:MNXM169134
cpd35906	MetaCyc:CPD0-2603	MetaCyc:CPD0-2603	MetaCyc:CPD0-2603	MetaCyc:CPD0-2603@Charged	MetaCyc:CPD0-2603	MetaCyc:CPD0-2603				
cpd35907	MetaCyc:CPD-18043@Charged	MetaCyc:CPD-18043@Charged		MetaCyc:CPD-18043@Charged	MetaCyc:CPD-18043	MetaCyc:CPD-18043	GC	MetaCyc:CPD-18043@Charged	MetaCyc:CPD-18043@Charged	
cpd35908	MetaCyc:CPD-14977@Charged	MetaCyc:CPD-14977@Charged	MetaCyc:CPD-14977@Charged	MetaCyc:CPD-14977@Charged	MetaCyc:CPD-14977	MetaCyc:CPD-14977	GC	MetaCyc:CPD-14977@Charged	MetaCyc:CPD-14977@Charged	eQuilibrator:MNXM114523
cpd35909	MetaCyc:CPD-19596@Charged	MetaCyc:CPD-19596@Charged	MetaCyc:CPD-19596@Charged	MetaCyc:CPD-19596@Charged		MetaCyc:CPD-19596	EQ	eQuilibrator:MNXM487383	MetaCyc:CPD-19596@Charged	eQuilibrator:MNXM487383
cpd35910	MetaCyc:CPD-19045	MetaCyc:CPD-19045	MetaCyc:CPD-19045	MetaCyc:CPD-19045			EQ	eQuilibrator:MNXM46976	MetaCyc:CPD-19045@Charged	eQuilibrator:MNXM46976
cpd35911	MetaCyc:CPD-18165	MetaCyc:CPD-18165	MetaCyc:CPD-18165	MetaCyc:CPD-18165	MetaCyc:CPD-18165	MetaCyc:CPD-18165	EQ	eQuilibrator:MNXM481210	MetaCyc:CPD-18165@Charged	eQuilibrator:MNXM481210
cpd35912	MetaCyc:CPD-17646@Charged	MetaCyc:CPD-17646@Charged	MetaCyc:CPD-17646@Charged	MetaCyc:CPD-17646@Charged	MetaCyc:CPD-17646	MetaCyc:CPD-17646	GC	MetaCyc:CPD-17646@Charged	MetaCyc:CPD-17646@Charged	eQuilibrator:MNXM148620
cpd35913	MetaCyc:CPD-20426	MetaCyc:CPD-20426	MetaCyc:CPD-20426	MetaCyc:CPD-20426	MetaCyc:CPD-20426	MetaCyc:CPD-20426	GC	MetaCyc:CPD-20426@Charged	MetaCyc:CPD-20426@Charged	
cpd35914	MetaCyc:CPD-17834	MetaCyc:CPD-17834	MetaCyc:CPD-17834	MetaCyc:CPD-17834	MetaCyc:CPD-17834		EQ	eQuilibrator:MNXM153032	MetaCyc:CPD-17834@Charged	eQuilibrator:MNXM153032
cpd35915	MetaCyc:CPD-18151	MetaCyc:CPD-18151	MetaCyc:CPD-18151	MetaCyc:CPD-18151	MetaCyc:CPD-18151	MetaCyc:CPD-18151	EQ	eQuilibrator:MNXM165165	MetaCyc:CPD-18151@Charged	eQuilibrator:MNXM165165
cpd35916										
cpd35917	MetaCyc:CPD-17370;ChEBI:86044	MetaCyc:CPD-17370;ChEBI:86044	MetaCyc:CPD-17370;ChEBI:86044	MetaCyc:CPD-17370;ChEBI:86044	MetaCyc:CPD-17370	MetaCyc:CPD-17370	EQ	eQuilibrator:MNXM145831	MetaCyc:CPD-17370@Charged	eQuilibrator:MNXM145831
cpd35918	MetaCyc:CPD-19534	MetaCyc:CPD-19534	MetaCyc:CPD-19534	MetaCyc:CPD-19534	MetaCyc:CPD-19534	MetaCyc:CPD-19534	EQ	eQuilibrator:MNXM487432	MetaCyc:CPD-19534@Charged	eQuilibrator:MNXM487432
cpd35919	MetaCyc:CPD-16899	MetaCyc:CPD-16899	MetaCyc:CPD-16899	MetaCyc:CPD-16899	MetaCyc:CPD-16899	MetaCyc:CPD-16899	EQ	eQuilibrator:MNXM147651	MetaCyc:CPD-16899@Charged	eQuilibrator:MNXM147651
cpd35920	MetaCyc:CPD-19481	MetaCyc:CPD-19481	MetaCyc:CPD-19481	MetaCyc:CPD-19481	MetaCyc:CPD-19481		EQ	eQuilibrator:MNXM164091	MetaCyc:CPD-19481@Charged	eQuilibrator:MNXM164091
cpd35921	MetaCyc:CPD-15603	MetaCyc:CPD-15603	MetaCyc:CPD-15603	MetaCyc:CPD-15603	MetaCyc:CPD-15603	MetaCyc:CPD-15603	GC	MetaCyc:CPD-15603@Charged	MetaCyc:CPD-15603@Charged	eQuilibrator:MNXM147754
cpd35922	MetaCyc:CPD-18580	MetaCyc:CPD-18580	MetaCyc:CPD-18580	MetaCyc:CPD-18580	MetaCyc:CPD-18580	MetaCyc:CPD-18580	EQ	eQuilibrator:MNXM167361	MetaCyc:CPD-18580@Charged	eQuilibrator:MNXM167361
cpd35923	MetaCyc:CPD-20149	MetaCyc:CPD-20149	MetaCyc:CPD-20149	MetaCyc:CPD-20149	MetaCyc:CPD-20149	MetaCyc:CPD-20149	GC	MetaCyc:CPD-20149@Charged	MetaCyc:CPD-20149@Charged	
cpd35924	MetaCyc:CPD-15618	MetaCyc:CPD-15618	MetaCyc:CPD-15618	MetaCyc:CPD-15618	MetaCyc:CPD-15618	MetaCyc:CPD-15618	EQ	eQuilibrator:MNXM40572	MetaCyc:CPD-15618@Charged	eQuilibrator:MNXM40572
cpd35925	MetaCyc:CPD-17540;ChEBI:84321	MetaCyc:CPD-17540;ChEBI:84321	MetaCyc:CPD-17540;ChEBI:84321	MetaCyc:CPD-17540;ChEBI:84321	MetaCyc:CPD-17540	MetaCyc:CPD-17540	GC	MetaCyc:CPD-17540@Charged	MetaCyc:CPD-17540@Charged	
cpd35926	MetaCyc:CPD-19368	MetaCyc:CPD-19368	MetaCyc:CPD-19368	MetaCyc:CPD-19368	MetaCyc:CPD-19368	MetaCyc:CPD-19368	GC	MetaCyc:CPD-19368@Charged	MetaCyc:CPD-19368@Charged	
cpd35927	MetaCyc:CPD-19471@Charged;ChEBI:133928	MetaCyc:CPD-19471@Charged;ChEBI:133928	MetaCyc:CPD-19471@Charged;ChEBI:133928	MetaCyc:CPD-19471@Charged;ChEBI:133928	MetaCyc:CPD-19471	MetaCyc:CPD-19471	GC	MetaCyc:CPD-19471@Charged	MetaCyc:CPD-19471@Charged	eQuilibrator:MNXM163824
cpd35928	MetaCyc:CPD-15135;ChEBI:48983	MetaCyc:CPD-15135;ChEBI:48983	MetaCyc:CPD-15135;ChEBI:48983	MetaCyc:CPD-15135;ChEBI:48983		MetaCyc:CPD-15135	EQ	eQuilibrator:MNXM6899	MetaCyc:CPD-15135@Charged	eQuilibrator:MNXM6899
cpd35929	MetaCyc:CPD-15383;MetaCyc:L-mannose	MetaCyc:CPD-15383;MetaCyc:L-mannose	MetaCyc:CPD-15383;MetaCyc:L-mannose	MetaCyc:CPD-15383;MetaCyc:L-mannose	MetaCyc:CPD-15383	MetaCyc:CPD-15383	EQ	eQuilibrator:MNXM40589	MetaCyc:CPD-15383@Charged	eQuilibrator:MNXM40589
cpd35930	MetaCyc:CPD-15434;ChEBI:73993	MetaCyc:CPD-15434;ChEBI:73993	MetaCyc:CPD-15434;ChEBI:73993	MetaCyc:CPD-15434;ChEBI:73993	MetaCyc:CPD-15434	MetaCyc:CPD-15434	EQ	eQuilibrator:MNXM146362	MetaCyc:CPD-15434@Charged	eQuilibrator:MNXM146362
cpd35931	MetaCyc:CPD-18657;ChEBI:91236	MetaCyc:CPD-18657;ChEBI:91236	MetaCyc:CPD-18657;ChEBI:91236	MetaCyc:CPD-18657;ChEBI:91236	MetaCyc:CPD-18657	MetaCyc:CPD-18657	EQ	eQuilibrator:MNXM162734	MetaCyc:CPD-18657@Charged	eQuilibrator:MNXM162734
cpd35932	MetaCyc:CPD-19448@Charged	MetaCyc:CPD-19448@Charged	MetaCyc:CPD-19448@Charged	MetaCyc:CPD-19448@Charged	MetaCyc:CPD-19448	MetaCyc:CPD-19448	GC	MetaCyc:CPD-19448@Charged	MetaCyc:CPD-19448@Charged	
cpd35933	MetaCyc:CPD-19072;ChEBI:71567	MetaCyc:CPD-19072;ChEBI:71567	MetaCyc:CPD-19072;ChEBI:71567	MetaCyc:CPD-19072;ChEBI:71567	MetaCyc:CPD-19072	MetaCyc:CPD-19072	GC	MetaCyc:CPD-19072@Charged	MetaCyc:CPD-19072@Charged	eQuilibrator:MNXM100990
cpd35934	MetaCyc:CPD-21039	MetaCyc:CPD-21039	MetaCyc:CPD-21039	MetaCyc:CPD-21039	MetaCyc:CPD-21039	MetaCyc:CPD-21039	GC	MetaCyc:CPD-21039@Charged	MetaCyc:CPD-21039@Charged	
cpd35935	MetaCyc:CPD-21047@Charged;ChEBI:142972@Charged	MetaCyc:CPD-21047@Charged;ChEBI:142972@Charged	MetaCyc:CPD-21047@Charged;ChEBI:142972@Charged	MetaCyc:CPD-21047@Charged;ChEBI:142972@Charged	MetaCyc:CPD-21047	MetaCyc:CPD-21047	GC	MetaCyc:CPD-21047@Charged	MetaCyc:CPD-21047@Charged	
cpd35936	MetaCyc:CPD-16641@Charged;ChEBI:78283@Charged	MetaCyc:CPD-16641@Charged;ChEBI:78283@Charged	MetaCyc:CPD-16641@Charged;ChEBI:78283@Charged	MetaCyc:CPD-16641@Charged;ChEBI:78283@Charged	MetaCyc:CPD-16641	MetaCyc:CPD-16641	EQ		MetaCyc:CPD-16641@Charged	
cpd35937	MetaCyc:CPD-18633	MetaCyc:CPD-18633	MetaCyc:CPD-18633	MetaCyc:CPD-18633	MetaCyc:CPD-18633	MetaCyc:CPD-18633	EQ	eQuilibrator:MNXM167362	MetaCyc:CPD-18633@Charged	eQuilibrator:MNXM167362
cpd35938	MetaCyc:CPD-19809@Charged	MetaCyc:CPD-19809@Charged	MetaCyc:CPD-19809@Charged	MetaCyc:CPD-19809@Charged	MetaCyc:CPD-19809	MetaCyc:CPD-19809	GC	MetaCyc:CPD-19809@Charged	MetaCyc:CPD-19809@Charged	eQuilibrator:MNXM34317
cpd35939	MetaCyc:CPD-20353	MetaCyc:CPD-20353	MetaCyc:CPD-20353	MetaCyc:CPD-20353	MetaCyc:CPD-20353	MetaCyc:CPD-20353	EQ	eQuilibrator:MNXM119444	MetaCyc:CPD-20353@Charged	eQuilibrator:MNXM119444
cpd35940	MetaCyc:CPD-18093@Charged	MetaCyc:CPD-18093@Charged	MetaCyc:CPD-18093@Charged	MetaCyc:CPD-18093@Charged	MetaCyc:CPD-18093	MetaCyc:CPD-18093	GC	MetaCyc:CPD-18093@Charged	MetaCyc:CPD-18093@Charged	
cpd35941	MetaCyc:CPD-18667	MetaCyc:CPD-18667	MetaCyc:CPD-18667	MetaCyc:CPD-18667	MetaCyc:CPD-18667	MetaCyc:CPD-18667	GC	MetaCyc:CPD-18667@Charged	MetaCyc:CPD-18667@Charged	eQuilibrator:MNXM496906
cpd35942	MetaCyc:CPD-19996	MetaCyc:CPD-19996	MetaCyc:CPD-19996	MetaCyc:CPD-19996	MetaCyc:CPD-19996	MetaCyc:CPD-19996	GC	MetaCyc:CPD-19996@Charged	MetaCyc:CPD-19996@Charged	
cpd35943	MetaCyc:CPD-18624;ChEBI:91234	MetaCyc:CPD-18624;ChEBI:91234	MetaCyc:CPD-18624;ChEBI:91234	MetaCyc:CPD-18624;ChEBI:91234	MetaCyc:CPD-18624	MetaCyc:CPD-18624	GC	MetaCyc:CPD-18624@Charged	MetaCyc:CPD-18624@Charged	eQuilibrator:MNXM162732
cpd35944	MetaCyc:CPD-20848@Charged	MetaCyc:CPD-20848@Charged	MetaCyc:CPD-20848@Charged	MetaCyc:CPD-20848@Charged	MetaCyc:CPD-20848	MetaCyc:CPD-20848	GC	MetaCyc:CPD-20848@Charged	MetaCyc:CPD-20848@Charged	
cpd35945	MetaCyc:CPD-21483	MetaCyc:CPD-21483	MetaCyc:CPD-21483	MetaCyc:CPD-21483	MetaCyc:CPD-21483	MetaCyc:CPD-21483	GC	MetaCyc:CPD-21483@Charged	MetaCyc:CPD-21483@Charged	
cpd35946	MetaCyc:CPD-16018	MetaCyc:CPD-16018	MetaCyc:CPD-16018	MetaCyc:CPD-16018	MetaCyc:CPD-16018		GC	MetaCyc:CPD-16018@Charged	MetaCyc:CPD-16018@Charged	eQuilibrator:MNXM150499
cpd35947	MetaCyc:CPD-19163;ChEBI:76558	MetaCyc:CPD-19163;ChEBI:76558	MetaCyc:CPD-19163;ChEBI:76558	MetaCyc:CPD-19163;ChEBI:76558	MetaCyc:CPD-19163	MetaCyc:CPD-19163	EQ	eQuilibrator:MNXM145964	MetaCyc:CPD-19163@Charged	eQuilibrator:MNXM145964
cpd35948	MetaCyc:CPD-17950	MetaCyc:CPD-17950	MetaCyc:CPD-17950	MetaCyc:CPD-17950	MetaCyc:CPD-17950	MetaCyc:CPD-17950	GC	MetaCyc:CPD-17950@Charged	MetaCyc:CPD-17950@Charged	
cpd35949	MetaCyc:CPD-21323	MetaCyc:CPD-21323	MetaCyc:CPD-21323	MetaCyc:CPD-21323	MetaCyc:CPD-21323	MetaCyc:CPD-21323	GC	MetaCyc:CPD-21323@Charged	MetaCyc:CPD-21323@Charged	
cpd35950	MetaCyc:CPD-17171	MetaCyc:CPD-17171	MetaCyc:CPD-17171	MetaCyc:CPD-17171	MetaCyc:CPD-17171	MetaCyc:CPD-17171	EQ	eQuilibrator:MNXM147634	MetaCyc:CPD-17171@Charged	eQuilibrator:MNXM147634
cpd35951	MetaCyc:CPD-16841	MetaCyc:CPD-16841	MetaCyc:CPD-16841	MetaCyc:CPD-16841	MetaCyc:CPD-16841	MetaCyc:CPD-16841	GC	MetaCyc:CPD-16841@Charged	MetaCyc:CPD-16841@Charged	eQuilibrator:MNXM156201
cpd35952	MetaCyc:CPD-18033	MetaCyc:CPD-18033	MetaCyc:CPD-18033	MetaCyc:CPD-18033	MetaCyc:CPD-18033	MetaCyc:CPD-18033	EQ	eQuilibrator:MNXM148684	MetaCyc:CPD-18033@Charged	eQuilibrator:MNXM148684
cpd35953	MetaCyc:CPD-21200@Charged	MetaCyc:CPD-21200@Charged		MetaCyc:CPD-21200@Charged	MetaCyc:CPD-21200	MetaCyc:CPD-21200	GC	MetaCyc:CPD-21200@Charged	MetaCyc:CPD-21200@Charged	
cpd35954	MetaCyc:CPD-19524	MetaCyc:CPD-19524	MetaCyc:CPD-19524	MetaCyc:CPD-19524	MetaCyc:CPD-19524	MetaCyc:CPD-19524	EQ	eQuilibrator:MNXM39149	MetaCyc:CPD-19524@Charged	eQuilibrator:MNXM39149
cpd35955										
cpd35956	MetaCyc:CPD-21170@Charged	MetaCyc:CPD-21170@Charged	MetaCyc:CPD-21170@Charged	MetaCyc:CPD-21170@Charged	MetaCyc:CPD-21170	MetaCyc:CPD-21170	GC	MetaCyc:CPD-21170@Charged	MetaCyc:CPD-21170@Charged	
cpd35957	MetaCyc:CPD-14970	MetaCyc:CPD-14970	MetaCyc:CPD-14970	MetaCyc:CPD-14970	MetaCyc:CPD-14970	MetaCyc:CPD-14970	GC	MetaCyc:CPD-14970@Charged	MetaCyc:CPD-14970@Charged	
cpd35958	MetaCyc:CPD-21189	MetaCyc:CPD-21189	MetaCyc:CPD-21189	MetaCyc:CPD-21189		MetaCyc:CPD-21189	GC	MetaCyc:CPD-21189@Charged	MetaCyc:CPD-21189@Charged	
cpd35959	MetaCyc:CPD-15092	MetaCyc:CPD-15092	MetaCyc:CPD-15092	MetaCyc:CPD-15092	MetaCyc:CPD-15092	MetaCyc:CPD-15092	GC	MetaCyc:CPD-15092@Charged	MetaCyc:CPD-15092@Charged	eQuilibrator:MNXM128999
cpd35960	MetaCyc:CPD-17491	MetaCyc:CPD-17491	MetaCyc:CPD-17491	MetaCyc:CPD-17491	MetaCyc:CPD-17491	MetaCyc:CPD-17491	EQ	eQuilibrator:MNXM148953	MetaCyc:CPD-17491@Charged	eQuilibrator:MNXM148953
cpd35961	MetaCyc:CPD-20285	MetaCyc:CPD-20285	MetaCyc:CPD-20285	MetaCyc:CPD-20285	MetaCyc:CPD-20285	MetaCyc:CPD-20285	GC	MetaCyc:CPD-20285@Charged	MetaCyc:CPD-20285@Charged	
cpd35962	MetaCyc:CPD-20073;ChEBI:132246	MetaCyc:CPD-20073;ChEBI:132246	MetaCyc:CPD-20073;ChEBI:132246	MetaCyc:CPD-20073;ChEBI:132246	MetaCyc:CPD-20073	MetaCyc:CPD-20073	EQ	eQuilibrator:MNXM88962	MetaCyc:CPD-20073@Charged	eQuilibrator:MNXM88962
cpd35963	MetaCyc:CPD-14657	MetaCyc:CPD-14657	MetaCyc:CPD-14657	MetaCyc:CPD-14657	MetaCyc:CPD-14657	MetaCyc:CPD-14657	GC	MetaCyc:CPD-14657@Charged	MetaCyc:CPD-14657@Charged	eQuilibrator:MNXM100786
cpd35964	MetaCyc:CPD-15044	MetaCyc:CPD-15044	MetaCyc:CPD-15044	MetaCyc:CPD-15044	MetaCyc:CPD-15044	MetaCyc:CPD-15044	EQ	eQuilibrator:MNXM124803	MetaCyc:CPD-15044@Charged	eQuilibrator:MNXM124803
cpd35965	MetaCyc:CPD-18963;ChEBI:131937	MetaCyc:CPD-18963;ChEBI:131937	MetaCyc:CPD-18963;ChEBI:131937	MetaCyc:CPD-18963;ChEBI:131937	MetaCyc:CPD-18963	MetaCyc:CPD-18963	EQ	eQuilibrator:MNXM162510	MetaCyc:CPD-18963@Charged	eQuilibrator:MNXM162510
cpd35966	MetaCyc:CPD-19288@Charged	MetaCyc:CPD-19288@Charged	MetaCyc:CPD-19288@Charged	MetaCyc:CPD-19288@Charged	MetaCyc:CPD-19288	MetaCyc:CPD-19288	EQ		MetaCyc:CPD-19288@Charged	
cpd35967	MetaCyc:CPD-19362	MetaCyc:CPD-19362	MetaCyc:CPD-19362	MetaCyc:CPD-19362	MetaCyc:CPD-19362	MetaCyc:CPD-19362	EQ	eQuilibrator:MNXM162001	MetaCyc:CPD-19362@Charged	eQuilibrator:MNXM162001
cpd35968	MetaCyc:CPD-17869	MetaCyc:CPD-17869	MetaCyc:CPD-17869	MetaCyc:CPD-17869	MetaCyc:CPD-17869	MetaCyc:CPD-17869	GC	MetaCyc:CPD-17869@Charged	MetaCyc:CPD-17869@Charged	
cpd35969	MetaCyc:CPD-19606	MetaCyc:CPD-19606	MetaCyc:CPD-19606	MetaCyc:CPD-19606	MetaCyc:CPD-19606	MetaCyc:CPD-19606	EQ	eQuilibrator:MNXM480327	MetaCyc:CPD-19606@Charged	eQuilibrator:MNXM480327
cpd35970	MetaCyc:CPD-18229	MetaCyc:CPD-18229	MetaCyc:CPD-18229	MetaCyc:CPD-18229@Charged	MetaCyc:CPD-18229	MetaCyc:CPD-18229	GC	MetaCyc:CPD-18229@Charged	MetaCyc:CPD-18229@Charged	
cpd35971	MetaCyc:CPD-20579;ChEBI:139071	MetaCyc:CPD-20579;ChEBI:139071	MetaCyc:CPD-20579;ChEBI:139071	MetaCyc:CPD-20579;ChEBI:139071	MetaCyc:CPD-20579	MetaCyc:CPD-20579	GC	MetaCyc:CPD-20579@Charged	MetaCyc:CPD-20579@Charged	
cpd35972	MetaCyc:CPD-16991	MetaCyc:CPD-16991	MetaCyc:CPD-16991	MetaCyc:CPD-16991	MetaCyc:CPD-16991	MetaCyc:CPD-16991	EQ	eQuilibrator:MNXM150960	MetaCyc:CPD-16991@Charged	eQuilibrator:MNXM150960
cpd35973	MetaCyc:CPD-16697;ChEBI:90885	MetaCyc:CPD-16697;ChEBI:90885	MetaCyc:CPD-16697;ChEBI:90885	MetaCyc:CPD-16697;ChEBI:90885	MetaCyc:CPD-16697	MetaCyc:CPD-16697	GC	MetaCyc:CPD-16697@Charged	MetaCyc:CPD-16697@Charged	eQuilibrator:MNXM147662
cpd35974	MetaCyc:CPD-14495	MetaCyc:CPD-14495	MetaCyc:CPD-14495	MetaCyc:CPD-14495	MetaCyc:CPD-14495	MetaCyc:CPD-14495	GC	MetaCyc:CPD-14495@Charged	MetaCyc:CPD-14495@Charged	eQuilibrator:MNXM97620
cpd35975	MetaCyc:CPD-17874@Charged	MetaCyc:CPD-17874@Charged	MetaCyc:CPD-17874@Charged	MetaCyc:CPD-17874@Charged	MetaCyc:CPD-17874	MetaCyc:CPD-17874	GC	MetaCyc:CPD-17874@Charged	MetaCyc:CPD-17874@Charged	
cpd35976	MetaCyc:CPD-15492	MetaCyc:CPD-15492	MetaCyc:CPD-15492	MetaCyc:CPD-15492	MetaCyc:CPD-15492	MetaCyc:CPD-15492	EQ	eQuilibrator:MNXM149582	MetaCyc:CPD-15492@Charged	eQuilibrator:MNXM149582
cpd35977	MetaCyc:CPD-17935	MetaCyc:CPD-17935	MetaCyc:CPD-17935	MetaCyc:CPD-17935	MetaCyc:CPD-17935	MetaCyc:CPD-17935	GC	MetaCyc:CPD-17935@Charged	MetaCyc:CPD-17935@Charged	
cpd35978	MetaCyc:CPD-16796	MetaCyc:CPD-16796	MetaCyc:CPD-16796	MetaCyc:CPD-16796	MetaCyc:CPD-16796	MetaCyc:CPD-16796	EQ	eQuilibrator:MNXM148322	MetaCyc:CPD-16796@Charged	eQuilibrator:MNXM148322
cpd35979	MetaCyc:CPD-17405;ChEBI:88254	MetaCyc:CPD-17405;ChEBI:88254		MetaCyc:CPD-17405;ChEBI:88254		MetaCyc:CPD-17405	GC	MetaCyc:CPD-17405@Charged	MetaCyc:CPD-17405@Charged	
cpd35980	MetaCyc:CPD-17756	MetaCyc:CPD-17756	MetaCyc:CPD-17756	MetaCyc:CPD-17756	MetaCyc:CPD-17756	MetaCyc:CPD-17756	GC	MetaCyc:CPD-17756@Charged	MetaCyc:CPD-17756@Charged	eQuilibrator:MNXM14742
cpd35981	MetaCyc:CPD-20263	MetaCyc:CPD-20263	MetaCyc:CPD-20263	MetaCyc:CPD-20263	MetaCyc:CPD-20263	MetaCyc:CPD-20263	GC	MetaCyc:CPD-20263@Charged	MetaCyc:CPD-20263@Charged	
cpd35982	MetaCyc:CPD-16158	MetaCyc:CPD-16158	MetaCyc:CPD-16158	MetaCyc:CPD-16158	MetaCyc:CPD-16158	MetaCyc:CPD-16158	EQ	eQuilibrator:MNXM148878	MetaCyc:CPD-16158@Charged	eQuilibrator:MNXM148878
cpd35983	MetaCyc:CPD-18326	MetaCyc:CPD-18326	MetaCyc:CPD-18326	MetaCyc:CPD-18326	MetaCyc:CPD-18326	MetaCyc:CPD-18326	GC	MetaCyc:CPD-18326@Charged	MetaCyc:CPD-18326@Charged	
cpd35984	MetaCyc:CPD-18221@Charged	MetaCyc:CPD-18221@Charged	MetaCyc:CPD-18221@Charged	MetaCyc:CPD-18221@Charged	MetaCyc:CPD-18221	MetaCyc:CPD-18221	GC	MetaCyc:CPD-18221@Charged	MetaCyc:CPD-18221@Charged	
cpd35985	MetaCyc:CPD-15253;ChEBI:74004	MetaCyc:CPD-15253;ChEBI:74004	MetaCyc:CPD-15253;ChEBI:74004	MetaCyc:CPD-15253;ChEBI:74004	MetaCyc:CPD-15253	MetaCyc:CPD-15253	EQ	eQuilibrator:MNXM145705	MetaCyc:CPD-15253@Charged	eQuilibrator:MNXM145705
cpd35986	MetaCyc:CPD-20568	MetaCyc:CPD-20568	MetaCyc:CPD-20568	MetaCyc:CPD-20568	MetaCyc:CPD-20568		GC	MetaCyc:CPD-20568@Charged	MetaCyc:CPD-20568@Charged	
cpd35987	MetaCyc:CPD-18238@Charged;ChEBI:86994@Charged	MetaCyc:CPD-18238@Charged;ChEBI:86994@Charged	MetaCyc:CPD-18238@Charged;ChEBI:86994@Charged	MetaCyc:CPD-18238@Charged;ChEBI:86994@Charged	MetaCyc:CPD-18238		GC	MetaCyc:CPD-18238@Charged	MetaCyc:CPD-18238@Charged	
cpd35988	MetaCyc:CPD-20784@Charged	MetaCyc:CPD-20784@Charged	MetaCyc:CPD-20784@Charged	MetaCyc:CPD-20784@Charged	MetaCyc:CPD-20784	MetaCyc:CPD-20784	GC	MetaCyc:CPD-20784@Charged	MetaCyc:CPD-20784@Charged	
cpd35989	MetaCyc:CPD-18100@Charged	MetaCyc:CPD-18100@Charged	MetaCyc:CPD-18100@Charged	MetaCyc:CPD-18100@Charged	MetaCyc:CPD-18100	MetaCyc:CPD-18100	GC	MetaCyc:CPD-18100@Charged	MetaCyc:CPD-18100@Charged	
cpd35990	MetaCyc:CPD-14938@Charged	MetaCyc:CPD-14938@Charged	MetaCyc:CPD-14938@Charged	MetaCyc:CPD-14938@Charged	MetaCyc:CPD-14938	MetaCyc:CPD-14938	GC	MetaCyc:CPD-14938@Charged	MetaCyc:CPD-14938@Charged	
cpd35991	MetaCyc:CPD-20765@Charged;ChEBI:140654@Charged	MetaCyc:CPD-20765@Charged;ChEBI:140654@Charged	MetaCyc:CPD-20765@Charged;ChEBI:140654@Charged	MetaCyc:CPD-20765@Charged;ChEBI:140654@Charged	MetaCyc:CPD-20765		GC	MetaCyc:CPD-20765@Charged	MetaCyc:CPD-20765@Charged	
cpd35992	MetaCyc:CPD-19804	MetaCyc:CPD-19804	MetaCyc:CPD-19804	MetaCyc:CPD-19804	MetaCyc:CPD-19804	MetaCyc:CPD-19804	GC	MetaCyc:CPD-19804@Charged	MetaCyc:CPD-19804@Charged	
cpd35993	MetaCyc:CPD-16612;ChEBI:78256	MetaCyc:CPD-16612;ChEBI:78256	MetaCyc:CPD-16612;ChEBI:78256	MetaCyc:CPD-16612;ChEBI:78256	MetaCyc:CPD-16612	MetaCyc:CPD-16612	GC	MetaCyc:CPD-16612@Charged	MetaCyc:CPD-16612@Charged	eQuilibrator:MNXM146211
cpd35994	MetaCyc:CPD-17061@Charged	MetaCyc:CPD-17061@Charged	MetaCyc:CPD-17061@Charged	MetaCyc:CPD-17061@Charged	MetaCyc:CPD-17061		GC	MetaCyc:CPD-17061@Charged	MetaCyc:CPD-17061@Charged	
cpd35995	MetaCyc:CPD-17860	MetaCyc:CPD-17860	MetaCyc:CPD-17860	MetaCyc:CPD-17860	MetaCyc:CPD-17860	MetaCyc:CPD-17860	GC	MetaCyc:CPD-17860@Charged	MetaCyc:CPD-17860@Charged	
cpd35996	MetaCyc:CPD-17703	MetaCyc:CPD-17703	MetaCyc:CPD-17703	MetaCyc:CPD-17703	MetaCyc:CPD-17703	MetaCyc:CPD-17703	EQ	eQuilibrator:MNXM148995	MetaCyc:CPD-17703@Charged	eQuilibrator:MNXM148995
cpd35997	MetaCyc:CPD-19707@Charged	MetaCyc:CPD-19707@Charged	MetaCyc:CPD-19707@Charged	MetaCyc:CPD-19707@Charged	MetaCyc:CPD-19707		EQ	eQuilibrator:MNXM40859	MetaCyc:CPD-19707@Charged	eQuilibrator:MNXM40859
cpd35998	MetaCyc:CPD-17395	MetaCyc:CPD-17395	MetaCyc:CPD-17395	MetaCyc:CPD-17395	MetaCyc:CPD-17395	MetaCyc:CPD-17395	GC	MetaCyc:CPD-17395@Charged	MetaCyc:CPD-17395@Charged	
cpd35999	MetaCyc:CPD-16714	MetaCyc:CPD-16714	MetaCyc:CPD-16714	MetaCyc:CPD-16714	MetaCyc:CPD-16714	MetaCyc:CPD-16714	EQ	eQuilibrator:MNXM31731	MetaCyc:CPD-16714@Charged	eQuilibrator:MNXM31731
