id	formula_src	charge_src	inchikey_src	smiles_src	pka_src	pkb_src	deltag_method	deltag_used_src	deltag_gc_src	deltag_eq_src
cpd33000	MetaCyc:CPD-15106@Charged	MetaCyc:CPD-15106@Charged	MetaCyc:CPD-15106@Charged	MetaCyc:CPD-15106@Charged	MetaCyc:CPD-15106	MetaCyc:CPD-15106	GC	MetaCyc:CPD-15106@Charged	MetaCyc:CPD-15106@Charged	
cpd33001	MetaCyc:CPD-20739@Charged	MetaCyc:CPD-20739@Charged		MetaCyc:CPD-20739@Charged	MetaCyc:CPD-20739	MetaCyc:CPD-20739	GC	MetaCyc:CPD-20739@Charged	MetaCyc:CPD-20739@Charged	
cpd33002	MetaCyc:CPD-15929	MetaCyc:CPD-15929	MetaCyc:CPD-15929	MetaCyc:CPD-15929	MetaCyc:CPD-15929	MetaCyc:CPD-15929	EQ	eQuilibrator:MNXM108652	MetaCyc:CPD-15929@Charged	eQuilibrator:MNXM108652
cpd33003	MetaCyc:CPD-19151	MetaCyc:CPD-19151	MetaCyc:CPD-19151	MetaCyc:CPD-19151	MetaCyc:CPD-19151	MetaCyc:CPD-19151	EQ	eQuilibrator:MNXM164006	MetaCyc:CPD-19151@Charged	eQuilibrator:MNXM164006
cpd33004	MetaCyc:CPD-18554	MetaCyc:CPD-18554	MetaCyc:CPD-18554	MetaCyc:CPD-18554	MetaCyc:CPD-18554	MetaCyc:CPD-18554	GC	MetaCyc:CPD-18554@Charged	MetaCyc:CPD-18554@Charged	eQuilibrator:MNXM165161
cpd33005	MetaCyc:CPD-18175;ChEBI:70838	MetaCyc:CPD-18175;ChEBI:70838	MetaCyc:CPD-18175;ChEBI:70838	MetaCyc:CPD-18175;ChEBI:70838	MetaCyc:CPD-18175		EQ	eQuilibrator:MNXM33453	MetaCyc:CPD-18175@Charged	eQuilibrator:MNXM33453
cpd33006	MetaCyc:CPD-19705@Charged	MetaCyc:CPD-19705@Charged	MetaCyc:CPD-19705@Charged	MetaCyc:CPD-19705@Charged	MetaCyc:CPD-19705	MetaCyc:CPD-19705	GC	MetaCyc:CPD-19705@Charged	MetaCyc:CPD-19705@Charged	
cpd33007	MetaCyc:CPD-18788;ChEBI:111503	MetaCyc:CPD-18788;ChEBI:111503	MetaCyc:CPD-18788;ChEBI:111503	MetaCyc:CPD-18788;ChEBI:111503	MetaCyc:CPD-18788	MetaCyc:CPD-18788	EQ	eQuilibrator:MNXM162593	MetaCyc:CPD-18788@Charged	eQuilibrator:MNXM162593
cpd33008	MetaCyc:CPD66-79	MetaCyc:CPD66-79	MetaCyc:CPD66-79	MetaCyc:CPD66-79	MetaCyc:CPD66-79	MetaCyc:CPD66-79	EQ		MetaCyc:CPD66-79@Charged	
cpd33009	MetaCyc:CPD-18332	MetaCyc:CPD-18332	MetaCyc:CPD-18332	MetaCyc:CPD-18332	MetaCyc:CPD-18332	MetaCyc:CPD-18332	GC	MetaCyc:CPD-18332@Charged	MetaCyc:CPD-18332@Charged	eQuilibrator:MNXM168240
cpd33010	MetaCyc:CPD-15063;ChEBI:61284	MetaCyc:CPD-15063;ChEBI:61284	MetaCyc:CPD-15063;ChEBI:61284	MetaCyc:CPD-15063;ChEBI:61284	MetaCyc:CPD-15063	MetaCyc:CPD-15063	GC	MetaCyc:CPD-15063@Charged	MetaCyc:CPD-15063@Charged	eQuilibrator:MNXM7763
cpd33011	MetaCyc:CPD-18466	MetaCyc:CPD-18466	MetaCyc:CPD-18466	MetaCyc:CPD-18466			GC	MetaCyc:CPD-18466@Charged	MetaCyc:CPD-18466@Charged	eQuilibrator:MNXM588491
cpd33012	MetaCyc:CPD-17748	MetaCyc:CPD-17748	MetaCyc:CPD-17748	MetaCyc:CPD-17748	MetaCyc:CPD-17748	MetaCyc:CPD-17748	GC	MetaCyc:CPD-17748@Charged	MetaCyc:CPD-17748@Charged	eQuilibrator:MNXM162012
cpd33013	MetaCyc:CPD-20969@Charged;ChEBI:46252@Charged	MetaCyc:CPD-20969@Charged;ChEBI:46252@Charged	MetaCyc:CPD-20969@Charged;ChEBI:46252@Charged	MetaCyc:CPD-20969@Charged;ChEBI:46252@Charged	MetaCyc:CPD-20969	MetaCyc:CPD-20969	EQ		MetaCyc:CPD-20969@Charged	
cpd33014	MetaCyc:CPD-20463;ChEBI:138974	MetaCyc:CPD-20463;ChEBI:138974	MetaCyc:CPD-20463;ChEBI:138974	MetaCyc:CPD-20463;ChEBI:138974	MetaCyc:CPD-20463	MetaCyc:CPD-20463	GC	MetaCyc:CPD-20463@Charged	MetaCyc:CPD-20463@Charged	
cpd33015	MetaCyc:CPD-18036	MetaCyc:CPD-18036	MetaCyc:CPD-18036	MetaCyc:CPD-18036	MetaCyc:CPD-18036	MetaCyc:CPD-18036	GC	MetaCyc:CPD-18036@Charged	MetaCyc:CPD-18036@Charged	
cpd33016	MetaCyc:CPD-18979;ChEBI:142976	MetaCyc:CPD-18979;ChEBI:142976	MetaCyc:CPD-18979;ChEBI:142976	MetaCyc:CPD-18979;ChEBI:142976	MetaCyc:CPD-18979	MetaCyc:CPD-18979	EQ		MetaCyc:CPD-18979@Charged	
cpd33017	MetaCyc:CPD-14506;ChEBI:145012	MetaCyc:CPD-14506;ChEBI:145012	MetaCyc:CPD-14506;ChEBI:145012	MetaCyc:CPD-14506;ChEBI:145012	MetaCyc:CPD-14506	MetaCyc:CPD-14506	GC	MetaCyc:CPD-14506@Charged	MetaCyc:CPD-14506@Charged	
cpd33018	MetaCyc:CPD-18429	MetaCyc:CPD-18429	MetaCyc:CPD-18429	MetaCyc:CPD-18429	MetaCyc:CPD-18429	MetaCyc:CPD-18429	GC	MetaCyc:CPD-18429@Charged	MetaCyc:CPD-18429@Charged	
cpd33019	MetaCyc:CPD-15652	MetaCyc:CPD-15652	MetaCyc:CPD-15652	MetaCyc:CPD-15652	MetaCyc:CPD-15652	MetaCyc:CPD-15652	EQ	eQuilibrator:MNXM147783	MetaCyc:CPD-15652@Charged	eQuilibrator:MNXM147783
cpd33020	MetaCyc:CPD-17705	MetaCyc:CPD-17705	MetaCyc:CPD-17705	MetaCyc:CPD-17705	MetaCyc:CPD-17705	MetaCyc:CPD-17705	EQ	eQuilibrator:MNXM147828	MetaCyc:CPD-17705@Charged	eQuilibrator:MNXM147828
cpd33021	MetaCyc:CPD-17050	MetaCyc:CPD-17050	MetaCyc:CPD-17050	MetaCyc:CPD-17050	MetaCyc:CPD-17050	MetaCyc:CPD-17050	GC	MetaCyc:CPD-17050@Charged	MetaCyc:CPD-17050@Charged	
cpd33022	MetaCyc:CPD-19597;ChEBI:71237	MetaCyc:CPD-19597;ChEBI:71237	MetaCyc:CPD-19597;ChEBI:71237	MetaCyc:CPD-19597;ChEBI:71237	MetaCyc:CPD-19597		GC	MetaCyc:CPD-19597@Charged	MetaCyc:CPD-19597@Charged	eQuilibrator:MNXM83583
cpd33023	MetaCyc:CPD-18430	MetaCyc:CPD-18430	MetaCyc:CPD-18430	MetaCyc:CPD-18430	MetaCyc:CPD-18430	MetaCyc:CPD-18430	GC	MetaCyc:CPD-18430@Charged	MetaCyc:CPD-18430@Charged	
cpd33024	MetaCyc:CPD-19873	MetaCyc:CPD-19873	MetaCyc:CPD-19873	MetaCyc:CPD-19873			EQ	eQuilibrator:MNXM100638	MetaCyc:CPD-19873@Charged	eQuilibrator:MNXM100638
cpd33025	MetaCyc:CPD-21109;ChEBI:77690	MetaCyc:CPD-21109;ChEBI:77690	MetaCyc:CPD-21109;ChEBI:77690	MetaCyc:CPD-21109;ChEBI:77690	MetaCyc:CPD-21109	MetaCyc:CPD-21109	EQ	eQuilibrator:MNXM117492	MetaCyc:CPD-21109@Charged	eQuilibrator:MNXM117492
cpd33026	MetaCyc:CPD-21413;ChEBI:167100	MetaCyc:CPD-21413;ChEBI:167100	MetaCyc:CPD-21413;ChEBI:167100	MetaCyc:CPD-21413;ChEBI:167100	MetaCyc:CPD-21413	MetaCyc:CPD-21413	GC	MetaCyc:CPD-21413@Charged	MetaCyc:CPD-21413@Charged	
cpd33027	MetaCyc:CPD-21088	MetaCyc:CPD-21088	MetaCyc:CPD-21088	MetaCyc:CPD-21088	MetaCyc:CPD-21088	MetaCyc:CPD-21088	GC	MetaCyc:CPD-21088@Charged	MetaCyc:CPD-21088@Charged	
cpd33028	MetaCyc:CPD-17736@Charged	MetaCyc:CPD-17736@Charged	MetaCyc:CPD-17736@Charged	MetaCyc:CPD-17736@Charged	MetaCyc:CPD-17736	MetaCyc:CPD-17736	EQ	eQuilibrator:MNXM45763	MetaCyc:CPD-17736@Charged	eQuilibrator:MNXM45763
cpd33029	MetaCyc:CPD-15648	MetaCyc:CPD-15648	MetaCyc:CPD-15648	MetaCyc:CPD-15648	MetaCyc:CPD-15648	MetaCyc:CPD-15648	EQ	eQuilibrator:MNXM149212	MetaCyc:CPD-15648@Charged	eQuilibrator:MNXM149212
cpd33030	MetaCyc:CPD-18985;ChEBI:37808	MetaCyc:CPD-18985;ChEBI:37808	MetaCyc:CPD-18985;ChEBI:37808	MetaCyc:CPD-18985;ChEBI:37808			EQ	eQuilibrator:MNXM44968	MetaCyc:CPD-18985@Charged	eQuilibrator:MNXM44968
cpd33031	MetaCyc:CPD-17053	MetaCyc:CPD-17053	MetaCyc:CPD-17053	MetaCyc:CPD-17053	MetaCyc:CPD-17053	MetaCyc:CPD-17053	GC	MetaCyc:CPD-17053@Charged	MetaCyc:CPD-17053@Charged	eQuilibrator:MNXM148975
cpd33032	MetaCyc:CPD-18920	MetaCyc:CPD-18920	MetaCyc:CPD-18920	MetaCyc:CPD-18920	MetaCyc:CPD-18920	MetaCyc:CPD-18920	EQ		MetaCyc:CPD-18920@Charged	
cpd33033	MetaCyc:CPD-20226	MetaCyc:CPD-20226	MetaCyc:CPD-20226	MetaCyc:CPD-20226	MetaCyc:CPD-20226	MetaCyc:CPD-20226	GC	MetaCyc:CPD-20226@Charged	MetaCyc:CPD-20226@Charged	
cpd33034	MetaCyc:CPD-19358	MetaCyc:CPD-19358	MetaCyc:CPD-19358	MetaCyc:CPD-19358	MetaCyc:CPD-19358	MetaCyc:CPD-19358	EQ	eQuilibrator:MNXM468287	MetaCyc:CPD-19358@Charged	eQuilibrator:MNXM468287
cpd33035	MetaCyc:CPD-20978	MetaCyc:CPD-20978	MetaCyc:CPD-20978	MetaCyc:CPD-20978	MetaCyc:CPD-20978	MetaCyc:CPD-20978	GC	MetaCyc:CPD-20978@Charged	MetaCyc:CPD-20978@Charged	
cpd33036	MetaCyc:CPD-21094	MetaCyc:CPD-21094	MetaCyc:CPD-21094	MetaCyc:CPD-21094	MetaCyc:CPD-21094	MetaCyc:CPD-21094	GC	MetaCyc:CPD-21094@Charged	MetaCyc:CPD-21094@Charged	
cpd33037	MetaCyc:CPD-20762@Charged	MetaCyc:CPD-20762@Charged	MetaCyc:CPD-20762@Charged	MetaCyc:CPD-20762@Charged	MetaCyc:CPD-20762	MetaCyc:CPD-20762	GC	MetaCyc:CPD-20762@Charged	MetaCyc:CPD-20762@Charged	
cpd33038	MetaCyc:CPD-21196	MetaCyc:CPD-21196	MetaCyc:CPD-21196	MetaCyc:CPD-21196	MetaCyc:CPD-21196	MetaCyc:CPD-21196	GC	MetaCyc:CPD-21196@Charged	MetaCyc:CPD-21196@Charged	
cpd33039	MetaCyc:CPD-17639	MetaCyc:CPD-17639	MetaCyc:CPD-17639	MetaCyc:CPD-17639	MetaCyc:CPD-17639		EQ	eQuilibrator:MNXM511592	MetaCyc:CPD-17639@Charged	eQuilibrator:MNXM511592
cpd33040	MetaCyc:CPD-20875@Charged	MetaCyc:CPD-20875@Charged	MetaCyc:CPD-20875@Charged	MetaCyc:CPD-20875@Charged	MetaCyc:CPD-20875	MetaCyc:CPD-20875	GC	MetaCyc:CPD-20875@Charged	MetaCyc:CPD-20875@Charged	
cpd33041	MetaCyc:CPD-18416	MetaCyc:CPD-18416	MetaCyc:CPD-18416	MetaCyc:CPD-18416	MetaCyc:CPD-18416	MetaCyc:CPD-18416	GC	MetaCyc:CPD-18416@Charged	MetaCyc:CPD-18416@Charged	
cpd33042	MetaCyc:CPD-14906;ChEBI:136286	MetaCyc:CPD-14906;ChEBI:136286	MetaCyc:CPD-14906;ChEBI:136286	MetaCyc:CPD-14906;ChEBI:136286	MetaCyc:CPD-14906	MetaCyc:CPD-14906	EQ	eQuilibrator:MNXM104659	MetaCyc:CPD-14906@Charged	eQuilibrator:MNXM104659
cpd33043	MetaCyc:CPD-17893	MetaCyc:CPD-17893	MetaCyc:CPD-17893	MetaCyc:CPD-17893	MetaCyc:CPD-17893	MetaCyc:CPD-17893	GC	MetaCyc:CPD-17893@Charged	MetaCyc:CPD-17893@Charged	
cpd33044	MetaCyc:CPD0-2528	MetaCyc:CPD0-2528	MetaCyc:CPD0-2528	MetaCyc:CPD0-2528		MetaCyc:CPD0-2528	EQ	eQuilibrator:MNXM20225	MetaCyc:CPD0-2528@Charged	eQuilibrator:MNXM20225
cpd33045	MetaCyc:CPD-16946	MetaCyc:CPD-16946	MetaCyc:CPD-16946	MetaCyc:CPD-16946	MetaCyc:CPD-16946	MetaCyc:CPD-16946	GC	MetaCyc:CPD-16946@Charged	MetaCyc:CPD-16946@Charged	eQuilibrator:MNXM149068
cpd33046	MetaCyc:CPD-16617	MetaCyc:CPD-16617	MetaCyc:CPD-16617	MetaCyc:CPD-16617	MetaCyc:CPD-16617	MetaCyc:CPD-16617	EQ	eQuilibrator:MNXM67588	MetaCyc:CPD-16617@Charged	eQuilibrator:MNXM67588
cpd33047	MetaCyc:CPD-16787	MetaCyc:CPD-16787	MetaCyc:CPD-16787	MetaCyc:CPD-16787		MetaCyc:CPD-16787	GC	MetaCyc:CPD-16787@Charged	MetaCyc:CPD-16787@Charged	
cpd33048	MetaCyc:CPD-17655	MetaCyc:CPD-17655	MetaCyc:CPD-17655	MetaCyc:CPD-17655	MetaCyc:CPD-17655	MetaCyc:CPD-17655	EQ	eQuilibrator:MNXM36536	MetaCyc:CPD-17655@Charged	eQuilibrator:MNXM36536
cpd33049	MetaCyc:CPD-14547	MetaCyc:CPD-14547	MetaCyc:CPD-14547	MetaCyc:CPD-14547		MetaCyc:CPD-14547	EQ	eQuilibrator:MNXM101957	MetaCyc:CPD-14547@Charged	eQuilibrator:MNXM101957
cpd33050	MetaCyc:CPD-20146	MetaCyc:CPD-20146	MetaCyc:CPD-20146	MetaCyc:CPD-20146	MetaCyc:CPD-20146	MetaCyc:CPD-20146	GC	MetaCyc:CPD-20146@Charged	MetaCyc:CPD-20146@Charged	
cpd33051	MetaCyc:CPD-21302	MetaCyc:CPD-21302	MetaCyc:CPD-21302	MetaCyc:CPD-21302	MetaCyc:CPD-21302	MetaCyc:CPD-21302	GC	MetaCyc:CPD-21302@Charged	MetaCyc:CPD-21302@Charged	
cpd33052	MetaCyc:CPD-21268	MetaCyc:CPD-21268	MetaCyc:CPD-21268	MetaCyc:CPD-21268	MetaCyc:CPD-21268	MetaCyc:CPD-21268	GC	MetaCyc:CPD-21268@Charged	MetaCyc:CPD-21268@Charged	
cpd33053	MetaCyc:CPD-19423@Charged	MetaCyc:CPD-19423@Charged	MetaCyc:CPD-19423@Charged	MetaCyc:CPD-19423@Charged	MetaCyc:CPD-19423	MetaCyc:CPD-19423	GC	MetaCyc:CPD-19423@Charged	MetaCyc:CPD-19423@Charged	
cpd33054	MetaCyc:CPD-16013;ChEBI:76545	MetaCyc:CPD-16013;ChEBI:76545	MetaCyc:CPD-16013;ChEBI:76545	MetaCyc:CPD-16013;ChEBI:76545	MetaCyc:CPD-16013	MetaCyc:CPD-16013	GC	MetaCyc:CPD-16013@Charged	MetaCyc:CPD-16013@Charged	eQuilibrator:MNXM145836
cpd33055	MetaCyc:CPD-17313;ChEBI:74339	MetaCyc:CPD-17313;ChEBI:74339	MetaCyc:CPD-17313;ChEBI:74339	MetaCyc:CPD-17313;ChEBI:74339	MetaCyc:CPD-17313	MetaCyc:CPD-17313	EQ	eQuilibrator:MNXM146466	MetaCyc:CPD-17313@Charged	eQuilibrator:MNXM146466
cpd33056	MetaCyc:CPD-21468	MetaCyc:CPD-21468	MetaCyc:CPD-21468	MetaCyc:CPD-21468	MetaCyc:CPD-21468	MetaCyc:CPD-21468	GC	MetaCyc:CPD-21468@Charged	MetaCyc:CPD-21468@Charged	
cpd33057	MetaCyc:CPD-21066	MetaCyc:CPD-21066	MetaCyc:CPD-21066	MetaCyc:CPD-21066	MetaCyc:CPD-21066	MetaCyc:CPD-21066	EQ	eQuilibrator:MNXM152879	MetaCyc:CPD-21066@Charged	eQuilibrator:MNXM152879
cpd33058	MetaCyc:CPD-15202	MetaCyc:CPD-15202	MetaCyc:CPD-15202	MetaCyc:CPD-15202	MetaCyc:CPD-15202	MetaCyc:CPD-15202	EQ	eQuilibrator:MNXM150893	MetaCyc:CPD-15202@Charged	eQuilibrator:MNXM150893
cpd33059	MetaCyc:CPD-18004;ChEBI:49388	MetaCyc:CPD-18004;ChEBI:49388	MetaCyc:CPD-18004;ChEBI:49388	MetaCyc:CPD-18004;ChEBI:49388	MetaCyc:CPD-18004	MetaCyc:CPD-18004	EQ	eQuilibrator:MNXM148097	MetaCyc:CPD-18004@Charged	eQuilibrator:MNXM148097
cpd33060	MetaCyc:CPD-17850@Charged	MetaCyc:CPD-17850@Charged	MetaCyc:CPD-17850@Charged	MetaCyc:CPD-17850@Charged	MetaCyc:CPD-17850		EQ	eQuilibrator:MNXM153034	MetaCyc:CPD-17850@Charged	eQuilibrator:MNXM153034
cpd33061	MetaCyc:CPD-15197@Charged	MetaCyc:CPD-15197@Charged	MetaCyc:CPD-15197@Charged	MetaCyc:CPD-15197@Charged	MetaCyc:CPD-15197	MetaCyc:CPD-15197	GC	MetaCyc:CPD-15197@Charged	MetaCyc:CPD-15197@Charged	
cpd33062	MetaCyc:CPD-20768@Charged;ChEBI:140650@Charged	MetaCyc:CPD-20768@Charged;ChEBI:140650@Charged	MetaCyc:CPD-20768@Charged;ChEBI:140650@Charged	MetaCyc:CPD-20768@Charged;ChEBI:140650@Charged	MetaCyc:CPD-20768	MetaCyc:CPD-20768	GC	MetaCyc:CPD-20768@Charged	MetaCyc:CPD-20768@Charged	
cpd33063	MetaCyc:CPD-17114	MetaCyc:CPD-17114	MetaCyc:CPD-17114	MetaCyc:CPD-17114@Charged	MetaCyc:CPD-17114	MetaCyc:CPD-17114	GC	MetaCyc:CPD-17114@Charged	MetaCyc:CPD-17114@Charged	eQuilibrator:MNXM151384
cpd33064	MetaCyc:CPD-18577	MetaCyc:CPD-18577	MetaCyc:CPD-18577	MetaCyc:CPD-18577	MetaCyc:CPD-18577	MetaCyc:CPD-18577	EQ	eQuilibrator:MNXM496913	MetaCyc:CPD-18577@Charged	eQuilibrator:MNXM496913
cpd33065	MetaCyc:CPD-15039	MetaCyc:CPD-15039	MetaCyc:CPD-15039	MetaCyc:CPD-15039	MetaCyc:CPD-15039	MetaCyc:CPD-15039	EQ	eQuilibrator:MNXM172271	MetaCyc:CPD-15039@Charged	eQuilibrator:MNXM172271
cpd33066	MetaCyc:CPD-16790	MetaCyc:CPD-16790	MetaCyc:CPD-16790	MetaCyc:CPD-16790	MetaCyc:CPD-16790	MetaCyc:CPD-16790	EQ	eQuilibrator:MNXM147494	MetaCyc:CPD-16790@Charged	eQuilibrator:MNXM147494
cpd33067	MetaCyc:CPD-21042	MetaCyc:CPD-21042	MetaCyc:CPD-21042	MetaCyc:CPD-21042	MetaCyc:CPD-21042	MetaCyc:CPD-21042	GC	MetaCyc:CPD-21042@Charged	MetaCyc:CPD-21042@Charged	
cpd33068	MetaCyc:CPD-15610	MetaCyc:CPD-15610	MetaCyc:CPD-15610	MetaCyc:CPD-15610	MetaCyc:CPD-15610	MetaCyc:CPD-15610	EQ	eQuilibrator:MNXM150853	MetaCyc:CPD-15610@Charged	eQuilibrator:MNXM150853
cpd33069	MetaCyc:CPD-17335@Charged	MetaCyc:CPD-17335@Charged	MetaCyc:CPD-17335@Charged	MetaCyc:CPD-17335@Charged	MetaCyc:CPD-17335	MetaCyc:CPD-17335	GC	MetaCyc:CPD-17335@Charged	MetaCyc:CPD-17335@Charged	
cpd33070	MetaCyc:CPD0-2588	MetaCyc:CPD0-2588	MetaCyc:CPD0-2588	MetaCyc:CPD0-2588	MetaCyc:CPD0-2588	MetaCyc:CPD0-2588	GC	MetaCyc:CPD0-2588@Charged	MetaCyc:CPD0-2588@Charged	eQuilibrator:MNXM152279
cpd33071	MetaCyc:CPD-16999	MetaCyc:CPD-16999	MetaCyc:CPD-16999	MetaCyc:CPD-16999	MetaCyc:CPD-16999	MetaCyc:CPD-16999	EQ	eQuilibrator:MNXM148575	MetaCyc:CPD-16999@Charged	eQuilibrator:MNXM148575
cpd33072										
cpd33073	MetaCyc:CPD-16867	MetaCyc:CPD-16867	MetaCyc:CPD-16867	MetaCyc:CPD-16867	MetaCyc:CPD-16867	MetaCyc:CPD-16867	GC	MetaCyc:CPD-16867@Charged	MetaCyc:CPD-16867@Charged	eQuilibrator:MNXM147838
cpd33074	MetaCyc:CPD-21509	MetaCyc:CPD-21509	MetaCyc:CPD-21509	MetaCyc:CPD-21509	MetaCyc:CPD-21509	MetaCyc:CPD-21509	GC	MetaCyc:CPD-21509@Charged	MetaCyc:CPD-21509@Charged	
cpd33075	MetaCyc:CPD-20140;ChEBI:167712	MetaCyc:CPD-20140;ChEBI:167712	MetaCyc:CPD-20140;ChEBI:167712	MetaCyc:CPD-20140;ChEBI:167712	MetaCyc:CPD-20140	MetaCyc:CPD-20140	GC	MetaCyc:CPD-20140@Charged	MetaCyc:CPD-20140@Charged	
cpd33076	MetaCyc:CPD-21443	MetaCyc:CPD-21443	MetaCyc:CPD-21443	MetaCyc:CPD-21443		MetaCyc:CPD-21443	GC	MetaCyc:CPD-21443@Charged	MetaCyc:CPD-21443@Charged	
cpd33077	MetaCyc:CPD-14922	MetaCyc:CPD-14922	MetaCyc:CPD-14922	MetaCyc:CPD-14922	MetaCyc:CPD-14922	MetaCyc:CPD-14922	EQ		MetaCyc:CPD-14922@Charged	
cpd33078	MetaCyc:CPD-20544@Charged	MetaCyc:CPD-20544@Charged	MetaCyc:CPD-20544@Charged	MetaCyc:CPD-20544@Charged	MetaCyc:CPD-20544	MetaCyc:CPD-20544	GC	MetaCyc:CPD-20544@Charged	MetaCyc:CPD-20544@Charged	
cpd33079	MetaCyc:CPD-15551;ChEBI:133603	MetaCyc:CPD-15551;ChEBI:133603	MetaCyc:CPD-15551;ChEBI:133603	MetaCyc:CPD-15551;ChEBI:133603	MetaCyc:CPD-15551		GC	MetaCyc:CPD-15551@Charged	MetaCyc:CPD-15551@Charged	eQuilibrator:MNXM148351
cpd33080	MetaCyc:CPD-19549@Charged	MetaCyc:CPD-19549@Charged	MetaCyc:CPD-19549@Charged	MetaCyc:CPD-19549@Charged	MetaCyc:CPD-19549	MetaCyc:CPD-19549	GC	MetaCyc:CPD-19549@Charged	MetaCyc:CPD-19549@Charged	eQuilibrator:MNXM169499
cpd33081	MetaCyc:CPD-18848@Charged	MetaCyc:CPD-18848@Charged		MetaCyc:CPD-18848@Charged	MetaCyc:CPD-18848	MetaCyc:CPD-18848	GC	MetaCyc:CPD-18848@Charged	MetaCyc:CPD-18848@Charged	
cpd33082	MetaCyc:CPD-18205	MetaCyc:CPD-18205	MetaCyc:CPD-18205	MetaCyc:CPD-18205	MetaCyc:CPD-18205	MetaCyc:CPD-18205	GC	MetaCyc:CPD-18205@Charged	MetaCyc:CPD-18205@Charged	eQuilibrator:MNXM117532
cpd33083	MetaCyc:CPD-18454	MetaCyc:CPD-18454	MetaCyc:CPD-18454	MetaCyc:CPD-18454	MetaCyc:CPD-18454	MetaCyc:CPD-18454	EQ	eQuilibrator:MNXM487507	MetaCyc:CPD-18454@Charged	eQuilibrator:MNXM487507
cpd33084	MetaCyc:CPD-15690	MetaCyc:CPD-15690	MetaCyc:CPD-15690	MetaCyc:CPD-15690	MetaCyc:CPD-15690	MetaCyc:CPD-15690	EQ	eQuilibrator:MNXM35969	MetaCyc:CPD-15690@Charged	eQuilibrator:MNXM35969
cpd33085	MetaCyc:CPD-19306;ChEBI:138619	MetaCyc:CPD-19306;ChEBI:138619	MetaCyc:CPD-19306;ChEBI:138619	MetaCyc:CPD-19306;ChEBI:138619	MetaCyc:CPD-19306	MetaCyc:CPD-19306	GC	MetaCyc:CPD-19306@Charged	MetaCyc:CPD-19306@Charged	eQuilibrator:MNXM164704
cpd33086	MetaCyc:CPD-20100	MetaCyc:CPD-20100	MetaCyc:CPD-20100	MetaCyc:CPD-20100	MetaCyc:CPD-20100	MetaCyc:CPD-20100	EQ	eQuilibrator:MNXM101608	MetaCyc:CPD-20100@Charged	eQuilibrator:MNXM101608
cpd33087	MetaCyc:CPD0-2514	MetaCyc:CPD0-2514	MetaCyc:CPD0-2514	MetaCyc:CPD0-2514	MetaCyc:CPD0-2514	MetaCyc:CPD0-2514				
cpd33088	MetaCyc:CPD-18894@Charged	MetaCyc:CPD-18894@Charged		MetaCyc:CPD-18894@Charged	MetaCyc:CPD-18894	MetaCyc:CPD-18894	GC	MetaCyc:CPD-18894@Charged	MetaCyc:CPD-18894@Charged	
cpd33089	MetaCyc:CPD-20156	MetaCyc:CPD-20156	MetaCyc:CPD-20156	MetaCyc:CPD-20156	MetaCyc:CPD-20156	MetaCyc:CPD-20156	GC	MetaCyc:CPD-20156@Charged	MetaCyc:CPD-20156@Charged	
cpd33090	MetaCyc:CPD-19715@Charged	MetaCyc:CPD-19715@Charged	MetaCyc:CPD-19715@Charged	MetaCyc:CPD-19715@Charged	MetaCyc:CPD-19715	MetaCyc:CPD-19715	GC	MetaCyc:CPD-19715@Charged	MetaCyc:CPD-19715@Charged	
cpd33091	MetaCyc:CPD66-59	MetaCyc:CPD66-59	MetaCyc:CPD66-59	MetaCyc:CPD66-59	MetaCyc:CPD66-59	MetaCyc:CPD66-59	EQ	eQuilibrator:MNXM42903	MetaCyc:CPD66-59@Charged	eQuilibrator:MNXM42903
cpd33092	MetaCyc:CPD-17082;ChEBI:143010	MetaCyc:CPD-17082;ChEBI:143010	MetaCyc:CPD-17082;ChEBI:143010	MetaCyc:CPD-17082;ChEBI:143010	MetaCyc:CPD-17082	MetaCyc:CPD-17082	EQ	eQuilibrator:MNXM512047	MetaCyc:CPD-17082@Charged	eQuilibrator:MNXM512047
cpd33093	MetaCyc:CPD-18073	MetaCyc:CPD-18073	MetaCyc:CPD-18073	MetaCyc:CPD-18073	MetaCyc:CPD-18073	MetaCyc:CPD-18073	GC	MetaCyc:CPD-18073@Charged	MetaCyc:CPD-18073@Charged	eQuilibrator:MNXM147747
cpd33094	MetaCyc:CPD-14564@Charged	MetaCyc:CPD-14564@Charged	MetaCyc:CPD-14564@Charged	MetaCyc:CPD-14564@Charged		MetaCyc:CPD-14564	GC	MetaCyc:CPD-14564@Charged	MetaCyc:CPD-14564@Charged	
cpd33095	MetaCyc:CPD-16892	MetaCyc:CPD-16892	MetaCyc:CPD-16892	MetaCyc:CPD-16892	MetaCyc:CPD-16892	MetaCyc:CPD-16892	EQ	eQuilibrator:MNXM151114	MetaCyc:CPD-16892@Charged	eQuilibrator:MNXM151114
cpd33096	MetaCyc:CPD-16832	MetaCyc:CPD-16832	MetaCyc:CPD-16832	MetaCyc:CPD-16832	MetaCyc:CPD-16832	MetaCyc:CPD-16832	GC	MetaCyc:CPD-16832@Charged	MetaCyc:CPD-16832@Charged	eQuilibrator:MNXM152895
cpd33097	MetaCyc:CPD-14864	MetaCyc:CPD-14864	MetaCyc:CPD-14864	MetaCyc:CPD-14864	MetaCyc:CPD-14864	MetaCyc:CPD-14864	GC	MetaCyc:CPD-14864@Charged	MetaCyc:CPD-14864@Charged	eQuilibrator:MNXM114448
cpd33098										
cpd33099	MetaCyc:CPD-15712	MetaCyc:CPD-15712	MetaCyc:CPD-15712	MetaCyc:CPD-15712	MetaCyc:CPD-15712	MetaCyc:CPD-15712	EQ	eQuilibrator:MNXM16292	MetaCyc:CPD-15712@Charged	eQuilibrator:MNXM16292
cpd33100	MetaCyc:CPD-16839	MetaCyc:CPD-16839	MetaCyc:CPD-16839	MetaCyc:CPD-16839	MetaCyc:CPD-16839	MetaCyc:CPD-16839	GC	MetaCyc:CPD-16839@Charged	MetaCyc:CPD-16839@Charged	eQuilibrator:MNXM148249
cpd33101	MetaCyc:CPD-17202	MetaCyc:CPD-17202	MetaCyc:CPD-17202	MetaCyc:CPD-17202	MetaCyc:CPD-17202	MetaCyc:CPD-17202	GC	MetaCyc:CPD-17202@Charged	MetaCyc:CPD-17202@Charged	
cpd33102	MetaCyc:CPD-20006	MetaCyc:CPD-20006	MetaCyc:CPD-20006	MetaCyc:CPD-20006		MetaCyc:CPD-20006	GC	MetaCyc:CPD-20006@Charged	MetaCyc:CPD-20006@Charged	
cpd33103	MetaCyc:CPD-14872;ChEBI:58898	MetaCyc:CPD-14872;ChEBI:58898	MetaCyc:CPD-14872;ChEBI:58898	MetaCyc:CPD-14872;ChEBI:58898	MetaCyc:CPD-14872	MetaCyc:CPD-14872	EQ	eQuilibrator:MNXM4280	MetaCyc:CPD-14872@Charged	eQuilibrator:MNXM4280
cpd33104	MetaCyc:CPD-18709;ChEBI:83627	MetaCyc:CPD-18709;ChEBI:83627	MetaCyc:CPD-18709;ChEBI:83627	MetaCyc:CPD-18709;ChEBI:83627	MetaCyc:CPD-18709	MetaCyc:CPD-18709	GC	MetaCyc:CPD-18709@Charged	MetaCyc:CPD-18709@Charged	eQuilibrator:MNXM147120
cpd33105	MetaCyc:CPD-16883	MetaCyc:CPD-16883	MetaCyc:CPD-16883	MetaCyc:CPD-16883	MetaCyc:CPD-16883	MetaCyc:CPD-16883	EQ	eQuilibrator:MNXM148965	MetaCyc:CPD-16883@Charged	eQuilibrator:MNXM148965
cpd33106	MetaCyc:CPD-20741	MetaCyc:CPD-20741		MetaCyc:CPD-20741	MetaCyc:CPD-20741	MetaCyc:CPD-20741	GC	MetaCyc:CPD-20741@Charged	MetaCyc:CPD-20741@Charged	
cpd33107	MetaCyc:CPD-19868	MetaCyc:CPD-19868	MetaCyc:CPD-19868	MetaCyc:CPD-19868		MetaCyc:CPD-19868	GC	MetaCyc:CPD-19868@Charged	MetaCyc:CPD-19868@Charged	
cpd33108	MetaCyc:CPD-21176	MetaCyc:CPD-21176	MetaCyc:CPD-21176	MetaCyc:CPD-21176	MetaCyc:CPD-21176	MetaCyc:CPD-21176	GC	MetaCyc:CPD-21176@Charged	MetaCyc:CPD-21176@Charged	
cpd33109	MetaCyc:CPD-21102	MetaCyc:CPD-21102	MetaCyc:CPD-21102	MetaCyc:CPD-21102	MetaCyc:CPD-21102	MetaCyc:CPD-21102	EQ	eQuilibrator:MNXM39354	MetaCyc:CPD-21102@Charged	eQuilibrator:MNXM39354
cpd33110	MetaCyc:CPD-14841	MetaCyc:CPD-14841	MetaCyc:CPD-14841	MetaCyc:CPD-14841	MetaCyc:CPD-14841	MetaCyc:CPD-14841	GC	MetaCyc:CPD-14841@Charged	MetaCyc:CPD-14841@Charged	
cpd33111	MetaCyc:CPD-18400	MetaCyc:CPD-18400	MetaCyc:CPD-18400	MetaCyc:CPD-18400	MetaCyc:CPD-18400	MetaCyc:CPD-18400	GC	MetaCyc:CPD-18400@Charged	MetaCyc:CPD-18400@Charged	
cpd33112	MetaCyc:CPD-17222	MetaCyc:CPD-17222	MetaCyc:CPD-17222	MetaCyc:CPD-17222	MetaCyc:CPD-17222	MetaCyc:CPD-17222	GC	MetaCyc:CPD-17222@Charged	MetaCyc:CPD-17222@Charged	
cpd33113	MetaCyc:CPD-20237	MetaCyc:CPD-20237	MetaCyc:CPD-20237	MetaCyc:CPD-20237	MetaCyc:CPD-20237	MetaCyc:CPD-20237	GC	MetaCyc:CPD-20237@Charged	MetaCyc:CPD-20237@Charged	
cpd33114	MetaCyc:CPD-18808	MetaCyc:CPD-18808	MetaCyc:CPD-18808	MetaCyc:CPD-18808	MetaCyc:CPD-18808	MetaCyc:CPD-18808	EQ		MetaCyc:CPD-18808@Charged	
cpd33115	MetaCyc:CPD-16366	MetaCyc:CPD-16366	MetaCyc:CPD-16366	MetaCyc:CPD-16366	MetaCyc:CPD-16366	MetaCyc:CPD-16366	GC	MetaCyc:CPD-16366@Charged	MetaCyc:CPD-16366@Charged	eQuilibrator:MNXM57470
cpd33116	MetaCyc:CPD-17444	MetaCyc:CPD-17444	MetaCyc:CPD-17444	MetaCyc:CPD-17444	MetaCyc:CPD-17444	MetaCyc:CPD-17444	EQ	eQuilibrator:MNXM148252	MetaCyc:CPD-17444@Charged	eQuilibrator:MNXM148252
cpd33117	MetaCyc:CPD-16414	MetaCyc:CPD-16414	MetaCyc:CPD-16414	MetaCyc:CPD-16414	MetaCyc:CPD-16414	MetaCyc:CPD-16414	EQ	eQuilibrator:MNXM40580	MetaCyc:CPD-16414@Charged	eQuilibrator:MNXM40580
cpd33118	MetaCyc:CPD-20526;ChEBI:35812	MetaCyc:CPD-20526;ChEBI:35812	MetaCyc:CPD-20526;ChEBI:35812	MetaCyc:CPD-20526;ChEBI:35812	MetaCyc:CPD-20526	MetaCyc:CPD-20526	GC	MetaCyc:CPD-20526@Charged	MetaCyc:CPD-20526@Charged	
cpd33119	MetaCyc:CPD-15595;ChEBI:147382	MetaCyc:CPD-15595;ChEBI:147382	MetaCyc:CPD-15595;ChEBI:147382	MetaCyc:CPD-15595;ChEBI:147382	MetaCyc:CPD-15595	MetaCyc:CPD-15595	GC	MetaCyc:CPD-15595@Charged	MetaCyc:CPD-15595@Charged	
cpd33120	MetaCyc:CPD-18291	MetaCyc:CPD-18291	MetaCyc:CPD-18291	MetaCyc:CPD-18291	MetaCyc:CPD-18291	MetaCyc:CPD-18291	EQ	eQuilibrator:MNXM37493	MetaCyc:CPD-18291@Charged	eQuilibrator:MNXM37493
cpd33121	MetaCyc:CPD-20204@Charged	MetaCyc:CPD-20204@Charged	MetaCyc:CPD-20204@Charged	MetaCyc:CPD-20204@Charged	MetaCyc:CPD-20204	MetaCyc:CPD-20204	GC	MetaCyc:CPD-20204@Charged	MetaCyc:CPD-20204@Charged	
cpd33122	MetaCyc:CPD-17107;ChEBI:82771	MetaCyc:CPD-17107;ChEBI:82771	MetaCyc:CPD-17107;ChEBI:82771	MetaCyc:CPD-17107;ChEBI:82771		MetaCyc:CPD-17107	GC	MetaCyc:CPD-17107@Charged	MetaCyc:CPD-17107@Charged	eQuilibrator:MNXM145866
cpd33123	MetaCyc:CPD-19624;ChEBI:50585	MetaCyc:CPD-19624;ChEBI:50585	MetaCyc:CPD-19624;ChEBI:50585	MetaCyc:CPD-19624;ChEBI:50585		MetaCyc:CPD-19624	EQ	eQuilibrator:MNXM35277	MetaCyc:CPD-19624@Charged	eQuilibrator:MNXM35277
cpd33124	MetaCyc:CPD-17615	MetaCyc:CPD-17615	MetaCyc:CPD-17615	MetaCyc:CPD-17615	MetaCyc:CPD-17615		EQ	eQuilibrator:MNXM149516	MetaCyc:CPD-17615@Charged	eQuilibrator:MNXM149516
cpd33125	MetaCyc:CPD-20948	MetaCyc:CPD-20948	MetaCyc:CPD-20948	MetaCyc:CPD-20948	MetaCyc:CPD-20948	MetaCyc:CPD-20948	EQ	eQuilibrator:MNXM59296	MetaCyc:CPD-20948@Charged	eQuilibrator:MNXM59296
cpd33126	MetaCyc:CPD-17511;ChEBI:84355	MetaCyc:CPD-17511;ChEBI:84355	MetaCyc:CPD-17511;ChEBI:84355	MetaCyc:CPD-17511;ChEBI:84355	MetaCyc:CPD-17511	MetaCyc:CPD-17511	EQ	eQuilibrator:MNXM162628	MetaCyc:CPD-17511@Charged	eQuilibrator:MNXM162628
cpd33127	MetaCyc:CPD-15907	MetaCyc:CPD-15907	MetaCyc:CPD-15907	MetaCyc:CPD-15907@Charged	MetaCyc:CPD-15907	MetaCyc:CPD-15907	EQ	eQuilibrator:MNXM147732	MetaCyc:CPD-15907@Charged	eQuilibrator:MNXM147732
cpd33128	MetaCyc:CPD-15229	MetaCyc:CPD-15229	MetaCyc:CPD-15229	MetaCyc:CPD-15229	MetaCyc:CPD-15229	MetaCyc:CPD-15229	EQ	eQuilibrator:MNXM147760	MetaCyc:CPD-15229@Charged	eQuilibrator:MNXM147760
cpd33129	MetaCyc:CPD-15679	MetaCyc:CPD-15679	MetaCyc:CPD-15679	MetaCyc:CPD-15679	MetaCyc:CPD-15679		EQ	eQuilibrator:MNXM150165	MetaCyc:CPD-15679@Charged	eQuilibrator:MNXM150165
cpd33130	MetaCyc:CPD-19002	MetaCyc:CPD-19002	MetaCyc:CPD-19002	MetaCyc:CPD-19002	MetaCyc:CPD-19002	MetaCyc:CPD-19002	EQ	eQuilibrator:MNXM164838	MetaCyc:CPD-19002@Charged	eQuilibrator:MNXM164838
cpd33131	MetaCyc:CPD-18502	MetaCyc:CPD-18502	MetaCyc:CPD-18502	MetaCyc:CPD-18502	MetaCyc:CPD-18502	MetaCyc:CPD-18502	GC	MetaCyc:CPD-18502@Charged	MetaCyc:CPD-18502@Charged	
cpd33132	MetaCyc:CPD-19034	MetaCyc:CPD-19034	MetaCyc:CPD-19034	MetaCyc:CPD-19034	MetaCyc:CPD-19034		GC	MetaCyc:CPD-19034@Charged	MetaCyc:CPD-19034@Charged	
cpd33133	MetaCyc:CPD-16353;ChEBI:52962	MetaCyc:CPD-16353;ChEBI:52962	MetaCyc:CPD-16353;ChEBI:52962	MetaCyc:CPD-16353;ChEBI:52962	MetaCyc:CPD-16353	MetaCyc:CPD-16353	EQ	eQuilibrator:MNXM63798	MetaCyc:CPD-16353@Charged	eQuilibrator:MNXM63798
cpd33134	MetaCyc:CPD-19994	MetaCyc:CPD-19994	MetaCyc:CPD-19994	MetaCyc:CPD-19994	MetaCyc:CPD-19994	MetaCyc:CPD-19994	GC	MetaCyc:CPD-19994@Charged	MetaCyc:CPD-19994@Charged	
cpd33135	MetaCyc:CPD-16829	MetaCyc:CPD-16829	MetaCyc:CPD-16829	MetaCyc:CPD-16829	MetaCyc:CPD-16829	MetaCyc:CPD-16829	GC	MetaCyc:CPD-16829@Charged	MetaCyc:CPD-16829@Charged	eQuilibrator:MNXM148245
cpd33136	MetaCyc:CPD-14824	MetaCyc:CPD-14824	MetaCyc:CPD-14824	MetaCyc:CPD-14824	MetaCyc:CPD-14824	MetaCyc:CPD-14824	GC	MetaCyc:CPD-14824@Charged	MetaCyc:CPD-14824@Charged	eQuilibrator:MNXM114651
cpd33137	MetaCyc:CPD-21279	MetaCyc:CPD-21279	MetaCyc:CPD-21279	MetaCyc:CPD-21279	MetaCyc:CPD-21279	MetaCyc:CPD-21279	GC	MetaCyc:CPD-21279@Charged	MetaCyc:CPD-21279@Charged	
cpd33138	MetaCyc:CPD-19332	MetaCyc:CPD-19332	MetaCyc:CPD-19332	MetaCyc:CPD-19332	MetaCyc:CPD-19332		EQ	eQuilibrator:MNXM62706	MetaCyc:CPD-19332@Charged	eQuilibrator:MNXM62706
cpd33139	MetaCyc:CPD-18341	MetaCyc:CPD-18341	MetaCyc:CPD-18341	MetaCyc:CPD-18341	MetaCyc:CPD-18341	MetaCyc:CPD-18341	GC	MetaCyc:CPD-18341@Charged	MetaCyc:CPD-18341@Charged	eQuilibrator:MNXM588474
cpd33140	MetaCyc:CPD-15917	MetaCyc:CPD-15917	MetaCyc:CPD-15917	MetaCyc:CPD-15917	MetaCyc:CPD-15917	MetaCyc:CPD-15917	GC	MetaCyc:CPD-15917@Charged	MetaCyc:CPD-15917@Charged	eQuilibrator:MNXM148365
cpd33141	MetaCyc:CPD-17955	MetaCyc:CPD-17955	MetaCyc:CPD-17955	MetaCyc:CPD-17955	MetaCyc:CPD-17955	MetaCyc:CPD-17955	GC	MetaCyc:CPD-17955@Charged	MetaCyc:CPD-17955@Charged	
cpd33142	MetaCyc:CPD-15175	MetaCyc:CPD-15175	MetaCyc:CPD-15175	MetaCyc:CPD-15175	MetaCyc:CPD-15175	MetaCyc:CPD-15175	GC	MetaCyc:CPD-15175@Charged	MetaCyc:CPD-15175@Charged	eQuilibrator:MNXM89095
cpd33143	MetaCyc:CPD-14962	MetaCyc:CPD-14962	MetaCyc:CPD-14962	MetaCyc:CPD-14962	MetaCyc:CPD-14962	MetaCyc:CPD-14962	GC	MetaCyc:CPD-14962@Charged	MetaCyc:CPD-14962@Charged	eQuilibrator:MNXM114522
cpd33144	MetaCyc:CPD-15876	MetaCyc:CPD-15876	MetaCyc:CPD-15876	MetaCyc:CPD-15876	MetaCyc:CPD-15876	MetaCyc:CPD-15876	EQ	eQuilibrator:MNXM157860	MetaCyc:CPD-15876@Charged	eQuilibrator:MNXM157860
cpd33145	MetaCyc:CPD-19919	MetaCyc:CPD-19919	MetaCyc:CPD-19919	MetaCyc:CPD-19919	MetaCyc:CPD-19919	MetaCyc:CPD-19919	GC	MetaCyc:CPD-19919@Charged	MetaCyc:CPD-19919@Charged	
cpd33146	MetaCyc:CPD-18855@Charged	MetaCyc:CPD-18855@Charged	MetaCyc:CPD-18855@Charged	MetaCyc:CPD-18855@Charged	MetaCyc:CPD-18855	MetaCyc:CPD-18855	EQ	eQuilibrator:MNXM491844	MetaCyc:CPD-18855@Charged	eQuilibrator:MNXM491844
cpd33147	MetaCyc:CPD-19012;ChEBI:45895	MetaCyc:CPD-19012;ChEBI:45895	MetaCyc:CPD-19012;ChEBI:45895	MetaCyc:CPD-19012;ChEBI:45895	MetaCyc:CPD-19012	MetaCyc:CPD-19012	EQ	eQuilibrator:MNXM22008	MetaCyc:CPD-19012@Charged	eQuilibrator:MNXM22008
cpd33148	MetaCyc:CPD-18728@Charged;ChEBI:90884@Charged	MetaCyc:CPD-18728@Charged;ChEBI:90884@Charged	MetaCyc:CPD-18728@Charged;ChEBI:90884@Charged	MetaCyc:CPD-18728@Charged;ChEBI:90884@Charged	MetaCyc:CPD-18728	MetaCyc:CPD-18728	GC	MetaCyc:CPD-18728@Charged	MetaCyc:CPD-18728@Charged	
cpd33149	MetaCyc:CPD-18548	MetaCyc:CPD-18548	MetaCyc:CPD-18548	MetaCyc:CPD-18548	MetaCyc:CPD-18548	MetaCyc:CPD-18548	EQ	eQuilibrator:MNXM64638	MetaCyc:CPD-18548@Charged	eQuilibrator:MNXM64638
cpd33150	MetaCyc:CPD-16462	MetaCyc:CPD-16462	MetaCyc:CPD-16462	MetaCyc:CPD-16462	MetaCyc:CPD-16462	MetaCyc:CPD-16462	GC	MetaCyc:CPD-16462@Charged	MetaCyc:CPD-16462@Charged	eQuilibrator:MNXM77714
cpd33151	MetaCyc:CPD-20388	MetaCyc:CPD-20388	MetaCyc:CPD-20388	MetaCyc:CPD-20388	MetaCyc:CPD-20388	MetaCyc:CPD-20388	EQ	eQuilibrator:MNXM108789	MetaCyc:CPD-20388@Charged	eQuilibrator:MNXM108789
cpd33152	MetaCyc:CPD-15801	MetaCyc:CPD-15801	MetaCyc:CPD-15801	MetaCyc:CPD-15801	MetaCyc:CPD-15801	MetaCyc:CPD-15801	EQ	eQuilibrator:MNXM147655	MetaCyc:CPD-15801@Charged	eQuilibrator:MNXM147655
cpd33153	MetaCyc:CPD-18710	MetaCyc:CPD-18710	MetaCyc:CPD-18710	MetaCyc:CPD-18710	MetaCyc:CPD-18710	MetaCyc:CPD-18710	EQ	eQuilibrator:MNXM496919	MetaCyc:CPD-18710@Charged	eQuilibrator:MNXM496919
cpd33154	MetaCyc:CPD-18998;ChEBI:40116	MetaCyc:CPD-18998;ChEBI:40116	MetaCyc:CPD-18998;ChEBI:40116	MetaCyc:CPD-18998;ChEBI:40116		MetaCyc:CPD-18998	EQ	eQuilibrator:MNXM130017	MetaCyc:CPD-18998@Charged	eQuilibrator:MNXM130017
cpd33155	MetaCyc:CPD-20410	MetaCyc:CPD-20410	MetaCyc:CPD-20410	MetaCyc:CPD-20410	MetaCyc:CPD-20410	MetaCyc:CPD-20410	EQ	eQuilibrator:MNXM73166	MetaCyc:CPD-20410@Charged	eQuilibrator:MNXM73166
cpd33156	MetaCyc:CPD-16001;ChEBI:86120	MetaCyc:CPD-16001;ChEBI:86120	MetaCyc:CPD-16001;ChEBI:86120	MetaCyc:CPD-16001;ChEBI:86120	MetaCyc:CPD-16001	MetaCyc:CPD-16001	EQ	eQuilibrator:MNXM146245	MetaCyc:CPD-16001@Charged	eQuilibrator:MNXM146245
cpd33157	MetaCyc:CPD-21183	MetaCyc:CPD-21183	MetaCyc:CPD-21183	MetaCyc:CPD-21183		MetaCyc:CPD-21183	GC	MetaCyc:CPD-21183@Charged	MetaCyc:CPD-21183@Charged	
cpd33158	MetaCyc:CPD-17986	MetaCyc:CPD-17986		MetaCyc:CPD-17986	MetaCyc:CPD-17986	MetaCyc:CPD-17986	GC	MetaCyc:CPD-17986@Charged	MetaCyc:CPD-17986@Charged	
cpd33159	MetaCyc:CPD-19497	MetaCyc:CPD-19497	MetaCyc:CPD-19497	MetaCyc:CPD-19497	MetaCyc:CPD-19497	MetaCyc:CPD-19497	GC	MetaCyc:CPD-19497@Charged	MetaCyc:CPD-19497@Charged	
cpd33160	MetaCyc:CPD-19615	MetaCyc:CPD-19615	MetaCyc:CPD-19615	MetaCyc:CPD-19615	MetaCyc:CPD-19615	MetaCyc:CPD-19615	EQ	eQuilibrator:MNXM683036	MetaCyc:CPD-19615@Charged	eQuilibrator:MNXM683036
cpd33161	MetaCyc:CPD-21344	MetaCyc:CPD-21344	MetaCyc:CPD-21344	MetaCyc:CPD-21344	MetaCyc:CPD-21344	MetaCyc:CPD-21344	GC	MetaCyc:CPD-21344@Charged	MetaCyc:CPD-21344@Charged	
cpd33162	MetaCyc:CPD-18994	MetaCyc:CPD-18994	MetaCyc:CPD-18994	MetaCyc:CPD-18994	MetaCyc:CPD-18994	MetaCyc:CPD-18994	EQ	eQuilibrator:MNXM115579	MetaCyc:CPD-18994@Charged	eQuilibrator:MNXM115579
cpd33163	MetaCyc:CPD-15147	MetaCyc:CPD-15147	MetaCyc:CPD-15147	MetaCyc:CPD-15147	MetaCyc:CPD-15147	MetaCyc:CPD-15147	EQ	eQuilibrator:MNXM114431	MetaCyc:CPD-15147@Charged	eQuilibrator:MNXM114431
cpd33164	MetaCyc:CPD-18945;ChEBI:136492	MetaCyc:CPD-18945;ChEBI:136492	MetaCyc:CPD-18945;ChEBI:136492	MetaCyc:CPD-18945;ChEBI:136492	MetaCyc:CPD-18945	MetaCyc:CPD-18945	EQ	eQuilibrator:MNXM128427	MetaCyc:CPD-18945@Charged	eQuilibrator:MNXM128427
cpd33165	MetaCyc:CPD-19881;ChEBI:136593	MetaCyc:CPD-19881;ChEBI:136593	MetaCyc:CPD-19881;ChEBI:136593	MetaCyc:CPD-19881;ChEBI:136593	MetaCyc:CPD-19881	MetaCyc:CPD-19881	EQ	eQuilibrator:MNXM483976	MetaCyc:CPD-19881@Charged	eQuilibrator:MNXM483976
cpd33166	MetaCyc:CPD-19836@Charged;ChEBI:139569@Charged	MetaCyc:CPD-19836@Charged;ChEBI:139569@Charged	MetaCyc:CPD-19836@Charged;ChEBI:139569@Charged	MetaCyc:CPD-19836@Charged;ChEBI:139569@Charged	MetaCyc:CPD-19836	MetaCyc:CPD-19836	GC	MetaCyc:CPD-19836@Charged	MetaCyc:CPD-19836@Charged	
cpd33167	MetaCyc:CPD-15872	MetaCyc:CPD-15872	MetaCyc:CPD-15872	MetaCyc:CPD-15872@Charged	MetaCyc:CPD-15872	MetaCyc:CPD-15872	GC	MetaCyc:CPD-15872@Charged	MetaCyc:CPD-15872@Charged	
cpd33168	MetaCyc:CPD-17158	MetaCyc:CPD-17158	MetaCyc:CPD-17158	MetaCyc:CPD-17158	MetaCyc:CPD-17158	MetaCyc:CPD-17158	EQ	eQuilibrator:MNXM148948	MetaCyc:CPD-17158@Charged	eQuilibrator:MNXM148948
cpd33169	MetaCyc:CPD-17193	MetaCyc:CPD-17193	MetaCyc:CPD-17193	MetaCyc:CPD-17193	MetaCyc:CPD-17193	MetaCyc:CPD-17193	GC	MetaCyc:CPD-17193@Charged	MetaCyc:CPD-17193@Charged	eQuilibrator:MNXM147445
cpd33170	MetaCyc:CPD-20381	MetaCyc:CPD-20381	MetaCyc:CPD-20381	MetaCyc:CPD-20381	MetaCyc:CPD-20381	MetaCyc:CPD-20381	EQ	eQuilibrator:MNXM127268	MetaCyc:CPD-20381@Charged	eQuilibrator:MNXM127268
cpd33171	MetaCyc:CPD-14519	MetaCyc:CPD-14519	MetaCyc:CPD-14519	MetaCyc:CPD-14519	MetaCyc:CPD-14519	MetaCyc:CPD-14519	GC	MetaCyc:CPD-14519@Charged	MetaCyc:CPD-14519@Charged	
cpd33172	MetaCyc:CPD-20802@Charged	MetaCyc:CPD-20802@Charged	MetaCyc:CPD-20802@Charged	MetaCyc:CPD-20802@Charged	MetaCyc:CPD-20802		GC	MetaCyc:CPD-20802@Charged	MetaCyc:CPD-20802@Charged	
cpd33173	MetaCyc:CPD-21126;ChEBI:145803	MetaCyc:CPD-21126;ChEBI:145803	MetaCyc:CPD-21126;ChEBI:145803	MetaCyc:CPD-21126;ChEBI:145803	MetaCyc:CPD-21126	MetaCyc:CPD-21126	EQ	eQuilibrator:MNXM81278	MetaCyc:CPD-21126@Charged	eQuilibrator:MNXM81278
cpd33174	MetaCyc:CPD-19515	MetaCyc:CPD-19515	MetaCyc:CPD-19515	MetaCyc:CPD-19515	MetaCyc:CPD-19515	MetaCyc:CPD-19515	EQ	eQuilibrator:MNXM589133	MetaCyc:CPD-19515@Charged	eQuilibrator:MNXM589133
cpd33175	MetaCyc:CPD-16802@Charged;ChEBI:143794@Charged	MetaCyc:CPD-16802@Charged;ChEBI:143794@Charged	MetaCyc:CPD-16802@Charged;ChEBI:143794@Charged	MetaCyc:CPD-16802@Charged;ChEBI:143794@Charged	MetaCyc:CPD-16802	MetaCyc:CPD-16802	EQ	eQuilibrator:MNXM117249	MetaCyc:CPD-16802@Charged	eQuilibrator:MNXM117249
cpd33176	MetaCyc:CPD-20910	MetaCyc:CPD-20910	MetaCyc:CPD-20910	MetaCyc:CPD-20910	MetaCyc:CPD-20910	MetaCyc:CPD-20910	GC	MetaCyc:CPD-20910@Charged	MetaCyc:CPD-20910@Charged	
cpd33177	MetaCyc:CPD-19453	MetaCyc:CPD-19453	MetaCyc:CPD-19453	MetaCyc:CPD-19453	MetaCyc:CPD-19453	MetaCyc:CPD-19453	EQ	eQuilibrator:MNXM491234	MetaCyc:CPD-19453@Charged	eQuilibrator:MNXM491234
cpd33178	MetaCyc:CPD-20704	MetaCyc:CPD-20704	MetaCyc:CPD-20704	MetaCyc:CPD-20704			GC	MetaCyc:CPD-20704@Charged	MetaCyc:CPD-20704@Charged	
cpd33179	MetaCyc:CPD-17233	MetaCyc:CPD-17233	MetaCyc:CPD-17233	MetaCyc:CPD-17233	MetaCyc:CPD-17233	MetaCyc:CPD-17233	GC	MetaCyc:CPD-17233@Charged	MetaCyc:CPD-17233@Charged	eQuilibrator:MNXM156155
cpd33180	MetaCyc:CPD-18639@Charged	MetaCyc:CPD-18639@Charged	MetaCyc:CPD-18639@Charged	MetaCyc:CPD-18639@Charged	MetaCyc:CPD-18639	MetaCyc:CPD-18639	GC	MetaCyc:CPD-18639@Charged	MetaCyc:CPD-18639@Charged	eQuilibrator:MNXM491992
cpd33181	MetaCyc:CPD-15685	MetaCyc:CPD-15685	MetaCyc:CPD-15685	MetaCyc:CPD-15685	MetaCyc:CPD-15685	MetaCyc:CPD-15685	EQ	eQuilibrator:MNXM147743	MetaCyc:CPD-15685@Charged	eQuilibrator:MNXM147743
cpd33182	MetaCyc:CPD-17682@Charged	MetaCyc:CPD-17682@Charged	MetaCyc:CPD-17682@Charged	MetaCyc:CPD-17682@Charged		MetaCyc:CPD-17682	GC	MetaCyc:CPD-17682@Charged	MetaCyc:CPD-17682@Charged	
cpd33183	MetaCyc:CPD-17601	MetaCyc:CPD-17601	MetaCyc:CPD-17601	MetaCyc:CPD-17601	MetaCyc:CPD-17601	MetaCyc:CPD-17601	EQ	eQuilibrator:MNXM149081	MetaCyc:CPD-17601@Charged	eQuilibrator:MNXM149081
cpd33184	MetaCyc:CPD-15592	MetaCyc:CPD-15592	MetaCyc:CPD-15592	MetaCyc:CPD-15592	MetaCyc:CPD-15592	MetaCyc:CPD-15592	EQ	eQuilibrator:MNXM162134	MetaCyc:CPD-15592@Charged	eQuilibrator:MNXM162134
cpd33185	MetaCyc:CPD-17432	MetaCyc:CPD-17432	MetaCyc:CPD-17432	MetaCyc:CPD-17432	MetaCyc:CPD-17432	MetaCyc:CPD-17432	GC	MetaCyc:CPD-17432@Charged	MetaCyc:CPD-17432@Charged	
cpd33186	MetaCyc:CPD-16817;ChEBI:144643	MetaCyc:CPD-16817;ChEBI:144643	MetaCyc:CPD-16817;ChEBI:144643	MetaCyc:CPD-16817;ChEBI:144643	MetaCyc:CPD-16817		GC	MetaCyc:CPD-16817@Charged	MetaCyc:CPD-16817@Charged	eQuilibrator:MNXM18667
cpd33187	MetaCyc:CPD-18962	MetaCyc:CPD-18962	MetaCyc:CPD-18962	MetaCyc:CPD-18962	MetaCyc:CPD-18962	MetaCyc:CPD-18962	EQ	eQuilibrator:MNXM169441	MetaCyc:CPD-18962@Charged	eQuilibrator:MNXM169441
cpd33188	MetaCyc:CPD-18108;ChEBI:142287	MetaCyc:CPD-18108;ChEBI:142287	MetaCyc:CPD-18108;ChEBI:142287	MetaCyc:CPD-18108;ChEBI:142287			GC	MetaCyc:CPD-18108@Charged	MetaCyc:CPD-18108@Charged	eQuilibrator:MNXM165600
cpd33189	MetaCyc:CPD-18188	MetaCyc:CPD-18188	MetaCyc:CPD-18188	MetaCyc:CPD-18188	MetaCyc:CPD-18188	MetaCyc:CPD-18188	GC	MetaCyc:CPD-18188@Charged	MetaCyc:CPD-18188@Charged	eQuilibrator:MNXM166709
cpd33190	MetaCyc:CPD-16605@Charged	MetaCyc:CPD-16605@Charged	MetaCyc:CPD-16605@Charged	MetaCyc:CPD-16605@Charged	MetaCyc:CPD-16605	MetaCyc:CPD-16605	GC	MetaCyc:CPD-16605@Charged	MetaCyc:CPD-16605@Charged	
cpd33191	MetaCyc:CPD-17458	MetaCyc:CPD-17458	MetaCyc:CPD-17458	MetaCyc:CPD-17458	MetaCyc:CPD-17458	MetaCyc:CPD-17458	GC	MetaCyc:CPD-17458@Charged	MetaCyc:CPD-17458@Charged	eQuilibrator:MNXM148610
cpd33192	MetaCyc:CPD-19782	MetaCyc:CPD-19782	MetaCyc:CPD-19782	MetaCyc:CPD-19782	MetaCyc:CPD-19782		GC	MetaCyc:CPD-19782@Charged	MetaCyc:CPD-19782@Charged	
cpd33193	MetaCyc:CPD-20076	MetaCyc:CPD-20076	MetaCyc:CPD-20076	MetaCyc:CPD-20076		MetaCyc:CPD-20076	GC	MetaCyc:CPD-20076@Charged	MetaCyc:CPD-20076@Charged	
cpd33194	MetaCyc:CPD-14928	MetaCyc:CPD-14928	MetaCyc:CPD-14928	MetaCyc:CPD-14928	MetaCyc:CPD-14928	MetaCyc:CPD-14928	EQ	eQuilibrator:MNXM114546	MetaCyc:CPD-14928@Charged	eQuilibrator:MNXM114546
cpd33195	MetaCyc:CPD-20364	MetaCyc:CPD-20364	MetaCyc:CPD-20364	MetaCyc:CPD-20364	MetaCyc:CPD-20364	MetaCyc:CPD-20364	EQ	eQuilibrator:MNXM145233	MetaCyc:CPD-20364@Charged	eQuilibrator:MNXM145233
cpd33196	MetaCyc:CPD-14967@Charged	MetaCyc:CPD-14967@Charged	MetaCyc:CPD-14967@Charged	MetaCyc:CPD-14967@Charged	MetaCyc:CPD-14967	MetaCyc:CPD-14967	EQ	eQuilibrator:MNXM97277	MetaCyc:CPD-14967@Charged	eQuilibrator:MNXM97277
cpd33197	MetaCyc:CPD-15101;ChEBI:58784	MetaCyc:CPD-15101;ChEBI:58784	MetaCyc:CPD-15101;ChEBI:58784	MetaCyc:CPD-15101;ChEBI:58784	MetaCyc:CPD-15101	MetaCyc:CPD-15101	EQ	eQuilibrator:MNXM6714	MetaCyc:CPD-15101@Charged	eQuilibrator:MNXM6714
cpd33198	MetaCyc:CPD-20957	MetaCyc:CPD-20957	MetaCyc:CPD-20957	MetaCyc:CPD-20957	MetaCyc:CPD-20957	MetaCyc:CPD-20957	GC	MetaCyc:CPD-20957@Charged	MetaCyc:CPD-20957@Charged	
cpd33199	MetaCyc:CPD-15476	MetaCyc:CPD-15476	MetaCyc:CPD-15476	MetaCyc:CPD-15476	MetaCyc:CPD-15476	MetaCyc:CPD-15476	GC	MetaCyc:CPD-15476@Charged	MetaCyc:CPD-15476@Charged	eQuilibrator:MNXM73027
cpd33200	MetaCyc:CPD-18227@Charged	MetaCyc:CPD-18227@Charged	MetaCyc:CPD-18227@Charged	MetaCyc:CPD-18227@Charged	MetaCyc:CPD-18227	MetaCyc:CPD-18227	GC	MetaCyc:CPD-18227@Charged	MetaCyc:CPD-18227@Charged	eQuilibrator:MNXM526126
cpd33201	MetaCyc:CPD-20008@Charged	MetaCyc:CPD-20008@Charged	MetaCyc:CPD-20008@Charged	MetaCyc:CPD-20008@Charged	MetaCyc:CPD-20008	MetaCyc:CPD-20008	GC	MetaCyc:CPD-20008@Charged	MetaCyc:CPD-20008@Charged	
cpd33202	MetaCyc:CPD-20794@Charged;ChEBI:140441@Charged	MetaCyc:CPD-20794@Charged;ChEBI:140441@Charged	MetaCyc:CPD-20794@Charged;ChEBI:140441@Charged	MetaCyc:CPD-20794@Charged;ChEBI:140441@Charged	MetaCyc:CPD-20794		GC	MetaCyc:CPD-20794@Charged	MetaCyc:CPD-20794@Charged	
cpd33203	MetaCyc:CPD-17702	MetaCyc:CPD-17702	MetaCyc:CPD-17702	MetaCyc:CPD-17702	MetaCyc:CPD-17702	MetaCyc:CPD-17702	GC	MetaCyc:CPD-17702@Charged	MetaCyc:CPD-17702@Charged	eQuilibrator:MNXM147826
cpd33204	MetaCyc:CPD-20484	MetaCyc:CPD-20484	MetaCyc:CPD-20484	MetaCyc:CPD-20484	MetaCyc:CPD-20484	MetaCyc:CPD-20484	GC	MetaCyc:CPD-20484@Charged	MetaCyc:CPD-20484@Charged	
cpd33205	MetaCyc:CPD-20750	MetaCyc:CPD-20750	MetaCyc:CPD-20750	MetaCyc:CPD-20750	MetaCyc:CPD-20750	MetaCyc:CPD-20750	GC	MetaCyc:CPD-20750@Charged	MetaCyc:CPD-20750@Charged	
cpd33206	MetaCyc:CPD-16172	MetaCyc:CPD-16172	MetaCyc:CPD-16172	MetaCyc:CPD-16172		MetaCyc:CPD-16172	EQ	eQuilibrator:MNXM147240	MetaCyc:CPD-16172@Charged	eQuilibrator:MNXM147240
cpd33207	MetaCyc:CPD-14949@Charged	MetaCyc:CPD-14949@Charged	MetaCyc:CPD-14949@Charged	MetaCyc:CPD-14949@Charged	MetaCyc:CPD-14949	MetaCyc:CPD-14949	GC	MetaCyc:CPD-14949@Charged	MetaCyc:CPD-14949@Charged	eQuilibrator:MNXM511454
cpd33208										
cpd33209	MetaCyc:CPD-19585	MetaCyc:CPD-19585	MetaCyc:CPD-19585	MetaCyc:CPD-19585	MetaCyc:CPD-19585		GC	MetaCyc:CPD-19585@Charged	MetaCyc:CPD-19585@Charged	
cpd33210	MetaCyc:CPD-17884	MetaCyc:CPD-17884	MetaCyc:CPD-17884	MetaCyc:CPD-17884	MetaCyc:CPD-17884	MetaCyc:CPD-17884	GC	MetaCyc:CPD-17884@Charged	MetaCyc:CPD-17884@Charged	eQuilibrator:MNXM147689
cpd33211	MetaCyc:CPD-17237	MetaCyc:CPD-17237	MetaCyc:CPD-17237	MetaCyc:CPD-17237	MetaCyc:CPD-17237	MetaCyc:CPD-17237	GC	MetaCyc:CPD-17237@Charged	MetaCyc:CPD-17237@Charged	eQuilibrator:MNXM151764
cpd33212	MetaCyc:CPD-20189	MetaCyc:CPD-20189	MetaCyc:CPD-20189	MetaCyc:CPD-20189	MetaCyc:CPD-20189	MetaCyc:CPD-20189	GC	MetaCyc:CPD-20189@Charged	MetaCyc:CPD-20189@Charged	
cpd33213	MetaCyc:CPD-18883	MetaCyc:CPD-18883	MetaCyc:CPD-18883	MetaCyc:CPD-18883	MetaCyc:CPD-18883	MetaCyc:CPD-18883	EQ	eQuilibrator:MNXM117373	MetaCyc:CPD-18883@Charged	eQuilibrator:MNXM117373
cpd33214	MetaCyc:CPD-17467	MetaCyc:CPD-17467	MetaCyc:CPD-17467	MetaCyc:CPD-17467		MetaCyc:CPD-17467	EQ	eQuilibrator:MNXM99082	MetaCyc:CPD-17467@Charged	eQuilibrator:MNXM99082
cpd33215	MetaCyc:CPD-14592	MetaCyc:CPD-14592	MetaCyc:CPD-14592	MetaCyc:CPD-14592	MetaCyc:CPD-14592	MetaCyc:CPD-14592	GC	MetaCyc:CPD-14592@Charged	MetaCyc:CPD-14592@Charged	
cpd33216	MetaCyc:CPD-18369	MetaCyc:CPD-18369	MetaCyc:CPD-18369	MetaCyc:CPD-18369	MetaCyc:CPD-18369	MetaCyc:CPD-18369	GC	MetaCyc:CPD-18369@Charged	MetaCyc:CPD-18369@Charged	
cpd33217	MetaCyc:CPD-21376;ChEBI:145752	MetaCyc:CPD-21376;ChEBI:145752	MetaCyc:CPD-21376;ChEBI:145752	MetaCyc:CPD-21376;ChEBI:145752	MetaCyc:CPD-21376	MetaCyc:CPD-21376	GC	MetaCyc:CPD-21376@Charged	MetaCyc:CPD-21376@Charged	
cpd33218	MetaCyc:CPD-18298	MetaCyc:CPD-18298	MetaCyc:CPD-18298	MetaCyc:CPD-18298	MetaCyc:CPD-18298	MetaCyc:CPD-18298	EQ	eQuilibrator:MNXM168726	MetaCyc:CPD-18298@Charged	eQuilibrator:MNXM168726
cpd33219	MetaCyc:CPD-16781	MetaCyc:CPD-16781	MetaCyc:CPD-16781	MetaCyc:CPD-16781	MetaCyc:CPD-16781	MetaCyc:CPD-16781	EQ	eQuilibrator:MNXM147468	MetaCyc:CPD-16781@Charged	eQuilibrator:MNXM147468
cpd33220	MetaCyc:CPD-15501	MetaCyc:CPD-15501	MetaCyc:CPD-15501	MetaCyc:CPD-15501	MetaCyc:CPD-15501	MetaCyc:CPD-15501	GC	MetaCyc:CPD-15501@Charged	MetaCyc:CPD-15501@Charged	eQuilibrator:MNXM147688
cpd33221	MetaCyc:CPD-20112	MetaCyc:CPD-20112	MetaCyc:CPD-20112	MetaCyc:CPD-20112	MetaCyc:CPD-20112	MetaCyc:CPD-20112	GC	MetaCyc:CPD-20112@Charged	MetaCyc:CPD-20112@Charged	
cpd33222	MetaCyc:CPD-14891	MetaCyc:CPD-14891	MetaCyc:CPD-14891	MetaCyc:CPD-14891	MetaCyc:CPD-14891	MetaCyc:CPD-14891	GC	MetaCyc:CPD-14891@Charged	MetaCyc:CPD-14891@Charged	eQuilibrator:MNXM114509
cpd33223	MetaCyc:CPD0-2617	MetaCyc:CPD0-2617	MetaCyc:CPD0-2617	MetaCyc:CPD0-2617	MetaCyc:CPD0-2617	MetaCyc:CPD0-2617				
cpd33224										
cpd33225	MetaCyc:CPD-16558@Charged	MetaCyc:CPD-16558@Charged	MetaCyc:CPD-16558@Charged	MetaCyc:CPD-16558@Charged	MetaCyc:CPD-16558	MetaCyc:CPD-16558	GC	MetaCyc:CPD-16558@Charged	MetaCyc:CPD-16558@Charged	
cpd33226	MetaCyc:CPD-19378	MetaCyc:CPD-19378	MetaCyc:CPD-19378	MetaCyc:CPD-19378	MetaCyc:CPD-19378	MetaCyc:CPD-19378	EQ	eQuilibrator:MNXM167143	MetaCyc:CPD-19378@Charged	eQuilibrator:MNXM167143
cpd33227	MetaCyc:CPD-14835@Charged	MetaCyc:CPD-14835@Charged	MetaCyc:CPD-14835@Charged	MetaCyc:CPD-14835@Charged	MetaCyc:CPD-14835	MetaCyc:CPD-14835	EQ		MetaCyc:CPD-14835@Charged	
cpd33228	MetaCyc:CPD-18360	MetaCyc:CPD-18360	MetaCyc:CPD-18360	MetaCyc:CPD-18360	MetaCyc:CPD-18360	MetaCyc:CPD-18360	GC	MetaCyc:CPD-18360@Charged	MetaCyc:CPD-18360@Charged	
cpd33229	MetaCyc:CPD-20316	MetaCyc:CPD-20316	MetaCyc:CPD-20316	MetaCyc:CPD-20316		MetaCyc:CPD-20316	EQ	eQuilibrator:MNXM80534	MetaCyc:CPD-20316@Charged	eQuilibrator:MNXM80534
cpd33230	MetaCyc:CPD-14757	MetaCyc:CPD-14757	MetaCyc:CPD-14757	MetaCyc:CPD-14757			EQ	eQuilibrator:MNXM114702	MetaCyc:CPD-14757@Charged	eQuilibrator:MNXM114702
cpd33231	MetaCyc:CPD-15922@Charged	MetaCyc:CPD-15922@Charged	MetaCyc:CPD-15922@Charged	MetaCyc:CPD-15922@Charged	MetaCyc:CPD-15922	MetaCyc:CPD-15922	GC	MetaCyc:CPD-15922@Charged	MetaCyc:CPD-15922@Charged	
cpd33232	MetaCyc:CPD-20575;ChEBI:139069	MetaCyc:CPD-20575;ChEBI:139069	MetaCyc:CPD-20575;ChEBI:139069	MetaCyc:CPD-20575;ChEBI:139069	MetaCyc:CPD-20575	MetaCyc:CPD-20575	GC	MetaCyc:CPD-20575@Charged	MetaCyc:CPD-20575@Charged	
cpd33233	MetaCyc:CPD1UA-42	MetaCyc:CPD1UA-42	MetaCyc:CPD1UA-42	MetaCyc:CPD1UA-42	MetaCyc:CPD1UA-42	MetaCyc:CPD1UA-42	GC	MetaCyc:CPD1UA-42@Charged	MetaCyc:CPD1UA-42@Charged	
cpd33234	MetaCyc:CPD-18018;ChEBI:140629@Charged	MetaCyc:CPD-18018;ChEBI:140629@Charged	MetaCyc:CPD-18018;ChEBI:140629@Charged	ChEBI:140629@Charged	MetaCyc:CPD-18018	MetaCyc:CPD-18018	EQ		MetaCyc:CPD-18018@Charged	
cpd33235	MetaCyc:CPD-21070	MetaCyc:CPD-21070	MetaCyc:CPD-21070	MetaCyc:CPD-21070		MetaCyc:CPD-21070	EQ		MetaCyc:CPD-21070@Charged	
cpd33236	MetaCyc:CPD-21480	MetaCyc:CPD-21480	MetaCyc:CPD-21480	MetaCyc:CPD-21480	MetaCyc:CPD-21480	MetaCyc:CPD-21480	GC	MetaCyc:CPD-21480@Charged	MetaCyc:CPD-21480@Charged	
cpd33237	MetaCyc:CPD-16694	MetaCyc:CPD-16694	MetaCyc:CPD-16694	MetaCyc:CPD-16694	MetaCyc:CPD-16694	MetaCyc:CPD-16694	EQ	eQuilibrator:MNXM57639	MetaCyc:CPD-16694@Charged	eQuilibrator:MNXM57639
cpd33238	MetaCyc:CPD-19834@Charged;ChEBI:136520@Charged	MetaCyc:CPD-19834@Charged;ChEBI:136520@Charged	MetaCyc:CPD-19834@Charged;ChEBI:136520@Charged	MetaCyc:CPD-19834@Charged;ChEBI:136520@Charged	MetaCyc:CPD-19834	MetaCyc:CPD-19834	EQ		MetaCyc:CPD-19834@Charged	
cpd33239	MetaCyc:CPD-20821	MetaCyc:CPD-20821	MetaCyc:CPD-20821	MetaCyc:CPD-20821	MetaCyc:CPD-20821	MetaCyc:CPD-20821	GC	MetaCyc:CPD-20821@Charged	MetaCyc:CPD-20821@Charged	
cpd33240	MetaCyc:CPD-15703	MetaCyc:CPD-15703	MetaCyc:CPD-15703	MetaCyc:CPD-15703	MetaCyc:CPD-15703	MetaCyc:CPD-15703	EQ	eQuilibrator:MNXM151930	MetaCyc:CPD-15703@Charged	eQuilibrator:MNXM151930
cpd33241	MetaCyc:CPD-15267;ChEBI:72767	MetaCyc:CPD-15267;ChEBI:72767	MetaCyc:CPD-15267;ChEBI:72767	MetaCyc:CPD-15267;ChEBI:72767	MetaCyc:CPD-15267	MetaCyc:CPD-15267	EQ	eQuilibrator:MNXM124295	MetaCyc:CPD-15267@Charged	eQuilibrator:MNXM124295
cpd33242	MetaCyc:CPD-17059;MetaCyc:Heme-d1;ChEBI:60549	MetaCyc:CPD-17059;MetaCyc:Heme-d1;ChEBI:60549	MetaCyc:CPD-17059;MetaCyc:Heme-d1;ChEBI:60549	ChEBI:60549@Charged	MetaCyc:CPD-17059	MetaCyc:CPD-17059	GC	MetaCyc:CPD-17059@Charged	MetaCyc:CPD-17059@Charged	
cpd33243	MetaCyc:CPD-19047	MetaCyc:CPD-19047	MetaCyc:CPD-19047	MetaCyc:CPD-19047	MetaCyc:CPD-19047	MetaCyc:CPD-19047	EQ	eQuilibrator:MNXM683059	MetaCyc:CPD-19047@Charged	eQuilibrator:MNXM683059
cpd33244	MetaCyc:CPD-14942@Charged	MetaCyc:CPD-14942@Charged	MetaCyc:CPD-14942@Charged	MetaCyc:CPD-14942@Charged	MetaCyc:CPD-14942	MetaCyc:CPD-14942	GC	MetaCyc:CPD-14942@Charged	MetaCyc:CPD-14942@Charged	eQuilibrator:MNXM114394
cpd33245	MetaCyc:CPD-19256@Charged	MetaCyc:CPD-19256@Charged	MetaCyc:CPD-19256@Charged	MetaCyc:CPD-19256@Charged	MetaCyc:CPD-19256	MetaCyc:CPD-19256	GC	MetaCyc:CPD-19256@Charged	MetaCyc:CPD-19256@Charged	eQuilibrator:MNXM94867
cpd33246	MetaCyc:CPD-16973;ChEBI:167138	MetaCyc:CPD-16973;ChEBI:167138	MetaCyc:CPD-16973;ChEBI:167138	MetaCyc:CPD-16973;ChEBI:167138	MetaCyc:CPD-16973	MetaCyc:CPD-16973	EQ	eQuilibrator:MNXM29763	MetaCyc:CPD-16973@Charged	eQuilibrator:MNXM29763
cpd33247	MetaCyc:CPD-21334	MetaCyc:CPD-21334	MetaCyc:CPD-21334	MetaCyc:CPD-21334@Charged		MetaCyc:CPD-21334	GC	MetaCyc:CPD-21334@Charged	MetaCyc:CPD-21334@Charged	
cpd33248	MetaCyc:CPD-18825;ChEBI:87731	MetaCyc:CPD-18825;ChEBI:87731	MetaCyc:CPD-18825;ChEBI:87731	MetaCyc:CPD-18825;ChEBI:87731	MetaCyc:CPD-18825	MetaCyc:CPD-18825	GC	MetaCyc:CPD-18825@Charged	MetaCyc:CPD-18825@Charged	eQuilibrator:MNXM29374
cpd33249	MetaCyc:CPD-18767	MetaCyc:CPD-18767	MetaCyc:CPD-18767	MetaCyc:CPD-18767	MetaCyc:CPD-18767	MetaCyc:CPD-18767	GC	MetaCyc:CPD-18767@Charged	MetaCyc:CPD-18767@Charged	eQuilibrator:MNXM166124
cpd33250	MetaCyc:CPD-15079	MetaCyc:CPD-15079	MetaCyc:CPD-15079	MetaCyc:CPD-15079	MetaCyc:CPD-15079	MetaCyc:CPD-15079	EQ	eQuilibrator:MNXM114443	MetaCyc:CPD-15079@Charged	eQuilibrator:MNXM114443
cpd33251	MetaCyc:CPD-20475;ChEBI:138303	MetaCyc:CPD-20475;ChEBI:138303	MetaCyc:CPD-20475;ChEBI:138303	MetaCyc:CPD-20475;ChEBI:138303	MetaCyc:CPD-20475	MetaCyc:CPD-20475	GC	MetaCyc:CPD-20475@Charged	MetaCyc:CPD-20475@Charged	
cpd33252	MetaCyc:CPD-15744	MetaCyc:CPD-15744	MetaCyc:CPD-15744	MetaCyc:CPD-15744	MetaCyc:CPD-15744	MetaCyc:CPD-15744	GC	MetaCyc:CPD-15744@Charged	MetaCyc:CPD-15744@Charged	
cpd33253	MetaCyc:CPD-19895	MetaCyc:CPD-19895	MetaCyc:CPD-19895	MetaCyc:CPD-19895	MetaCyc:CPD-19895	MetaCyc:CPD-19895	GC	MetaCyc:CPD-19895@Charged	MetaCyc:CPD-19895@Charged	
cpd33254	MetaCyc:CPD-15613	MetaCyc:CPD-15613	MetaCyc:CPD-15613	MetaCyc:CPD-15613	MetaCyc:CPD-15613	MetaCyc:CPD-15613	EQ		MetaCyc:CPD-15613@Charged	
cpd33255	MetaCyc:CPD-15020;ChEBI:141466	MetaCyc:CPD-15020;ChEBI:141466	MetaCyc:CPD-15020;ChEBI:141466	MetaCyc:CPD-15020;ChEBI:141466	MetaCyc:CPD-15020	MetaCyc:CPD-15020	EQ	eQuilibrator:MNXM114435	MetaCyc:CPD-15020@Charged	eQuilibrator:MNXM114435
cpd33256	MetaCyc:CPD-18050	MetaCyc:CPD-18050	MetaCyc:CPD-18050	MetaCyc:CPD-18050	MetaCyc:CPD-18050	MetaCyc:CPD-18050	EQ	eQuilibrator:MNXM148947	MetaCyc:CPD-18050@Charged	eQuilibrator:MNXM148947
cpd33257	MetaCyc:CPD-18606	MetaCyc:CPD-18606	MetaCyc:CPD-18606	MetaCyc:CPD-18606	MetaCyc:CPD-18606	MetaCyc:CPD-18606	EQ		MetaCyc:CPD-18606@Charged	
cpd33258	MetaCyc:CPD-20695	MetaCyc:CPD-20695	MetaCyc:CPD-20695	MetaCyc:CPD-20695	MetaCyc:CPD-20695		GC	MetaCyc:CPD-20695@Charged	MetaCyc:CPD-20695@Charged	
cpd33259	MetaCyc:CPD-19503;ChEBI:183222	MetaCyc:CPD-19503;ChEBI:183222	MetaCyc:CPD-19503;ChEBI:183222	MetaCyc:CPD-19503@Charged;ChEBI:183222@Charged	MetaCyc:CPD-19503		GC	MetaCyc:CPD-19503@Charged	MetaCyc:CPD-19503@Charged	
cpd33260	MetaCyc:CPD-14533@Charged	MetaCyc:CPD-14533@Charged	MetaCyc:CPD-14533@Charged	MetaCyc:CPD-14533@Charged	MetaCyc:CPD-14533	MetaCyc:CPD-14533	GC	MetaCyc:CPD-14533@Charged	MetaCyc:CPD-14533@Charged	
cpd33261	MetaCyc:CPD-18305	MetaCyc:CPD-18305	MetaCyc:CPD-18305	MetaCyc:CPD-18305		MetaCyc:CPD-18305	GC	MetaCyc:CPD-18305@Charged	MetaCyc:CPD-18305@Charged	
cpd33262	MetaCyc:CPD-17418	MetaCyc:CPD-17418	MetaCyc:CPD-17418	MetaCyc:CPD-17418	MetaCyc:CPD-17418	MetaCyc:CPD-17418	GC	MetaCyc:CPD-17418@Charged	MetaCyc:CPD-17418@Charged	eQuilibrator:MNXM147474
cpd33263	MetaCyc:CPD-16655	MetaCyc:CPD-16655	MetaCyc:CPD-16655	MetaCyc:CPD-16655	MetaCyc:CPD-16655	MetaCyc:CPD-16655	GC	MetaCyc:CPD-16655@Charged	MetaCyc:CPD-16655@Charged	
cpd33264	MetaCyc:CPD-17849@Charged	MetaCyc:CPD-17849@Charged	MetaCyc:CPD-17849@Charged	MetaCyc:CPD-17849@Charged	MetaCyc:CPD-17849		EQ	eQuilibrator:MNXM153037	MetaCyc:CPD-17849@Charged	eQuilibrator:MNXM153037
cpd33265	MetaCyc:CPD-18666@Charged;ChEBI:88233@Charged	MetaCyc:CPD-18666@Charged;ChEBI:88233@Charged	MetaCyc:CPD-18666@Charged;ChEBI:88233@Charged	MetaCyc:CPD-18666@Charged;ChEBI:88233@Charged	MetaCyc:CPD-18666	MetaCyc:CPD-18666	GC	MetaCyc:CPD-18666@Charged	MetaCyc:CPD-18666@Charged	
cpd33266	MetaCyc:CPD-19044	MetaCyc:CPD-19044	MetaCyc:CPD-19044	MetaCyc:CPD-19044		MetaCyc:CPD-19044	GC	MetaCyc:CPD-19044@Charged	MetaCyc:CPD-19044@Charged	eQuilibrator:MNXM165169
cpd33267	MetaCyc:CPD-17815;ChEBI:79021	MetaCyc:CPD-17815;ChEBI:79021	MetaCyc:CPD-17815;ChEBI:79021	MetaCyc:CPD-17815;ChEBI:79021	MetaCyc:CPD-17815	MetaCyc:CPD-17815	EQ	eQuilibrator:MNXM146353	MetaCyc:CPD-17815@Charged	eQuilibrator:MNXM146353
cpd33268	MetaCyc:CPD-18066	MetaCyc:CPD-18066	MetaCyc:CPD-18066	MetaCyc:CPD-18066	MetaCyc:CPD-18066	MetaCyc:CPD-18066	GC	MetaCyc:CPD-18066@Charged	MetaCyc:CPD-18066@Charged	
cpd33269	MetaCyc:CPD-16595@Charged	MetaCyc:CPD-16595@Charged	MetaCyc:CPD-16595@Charged	MetaCyc:CPD-16595@Charged	MetaCyc:CPD-16595	MetaCyc:CPD-16595	GC	MetaCyc:CPD-16595@Charged	MetaCyc:CPD-16595@Charged	
cpd33270	MetaCyc:CPD-17207	MetaCyc:CPD-17207	MetaCyc:CPD-17207	MetaCyc:CPD-17207	MetaCyc:CPD-17207	MetaCyc:CPD-17207	GC	MetaCyc:CPD-17207@Charged	MetaCyc:CPD-17207@Charged	eQuilibrator:MNXM148208
cpd33271	MetaCyc:CPD-20168	MetaCyc:CPD-20168	MetaCyc:CPD-20168	MetaCyc:CPD-20168			GC	MetaCyc:CPD-20168@Charged	MetaCyc:CPD-20168@Charged	
cpd33272	MetaCyc:CPD-20443;ChEBI:138228	MetaCyc:CPD-20443;ChEBI:138228	MetaCyc:CPD-20443;ChEBI:138228	MetaCyc:CPD-20443;ChEBI:138228			GC	MetaCyc:CPD-20443@Charged	MetaCyc:CPD-20443@Charged	
cpd33273	MetaCyc:CPD-17380	MetaCyc:CPD-17380	MetaCyc:CPD-17380	MetaCyc:CPD-17380	MetaCyc:CPD-17380	MetaCyc:CPD-17380	GC	MetaCyc:CPD-17380@Charged	MetaCyc:CPD-17380@Charged	
cpd33274	MetaCyc:CPD-17189@Charged	MetaCyc:CPD-17189@Charged	MetaCyc:CPD-17189@Charged	MetaCyc:CPD-17189@Charged	MetaCyc:CPD-17189	MetaCyc:CPD-17189	GC	MetaCyc:CPD-17189@Charged	MetaCyc:CPD-17189@Charged	
cpd33275	MetaCyc:CPD-19388;ChEBI:136834	MetaCyc:CPD-19388;ChEBI:136834	MetaCyc:CPD-19388;ChEBI:136834	MetaCyc:CPD-19388;ChEBI:136834	MetaCyc:CPD-19388	MetaCyc:CPD-19388	GC	MetaCyc:CPD-19388@Charged	MetaCyc:CPD-19388@Charged	eQuilibrator:MNXM164157
cpd33276	MetaCyc:CPD-15050@Charged	MetaCyc:CPD-15050@Charged	MetaCyc:CPD-15050@Charged	MetaCyc:CPD-15050@Charged	MetaCyc:CPD-15050	MetaCyc:CPD-15050	GC	MetaCyc:CPD-15050@Charged	MetaCyc:CPD-15050@Charged	
cpd33277	MetaCyc:CPD-16560@Charged	MetaCyc:CPD-16560@Charged	MetaCyc:CPD-16560@Charged	MetaCyc:CPD-16560@Charged	MetaCyc:CPD-16560	MetaCyc:CPD-16560	GC	MetaCyc:CPD-16560@Charged	MetaCyc:CPD-16560@Charged	
cpd33278	MetaCyc:CPD-18817	MetaCyc:CPD-18817	MetaCyc:CPD-18817	MetaCyc:CPD-18817	MetaCyc:CPD-18817	MetaCyc:CPD-18817	EQ	eQuilibrator:MNXM177128	MetaCyc:CPD-18817@Charged	eQuilibrator:MNXM177128
cpd33279	MetaCyc:CPD0-2501;ChEBI:71315	MetaCyc:CPD0-2501;ChEBI:71315	MetaCyc:CPD0-2501;ChEBI:71315	MetaCyc:CPD0-2501;ChEBI:71315	MetaCyc:CPD0-2501	MetaCyc:CPD0-2501	EQ	eQuilibrator:MNXM97087	MetaCyc:CPD0-2501@Charged	eQuilibrator:MNXM97087
cpd33280	MetaCyc:CPD-17342	MetaCyc:CPD-17342	MetaCyc:CPD-17342	MetaCyc:CPD-17342		MetaCyc:CPD-17342	GC	MetaCyc:CPD-17342@Charged	MetaCyc:CPD-17342@Charged	
cpd33281	MetaCyc:CPD0-2596	MetaCyc:CPD0-2596	MetaCyc:CPD0-2596	MetaCyc:CPD0-2596	MetaCyc:CPD0-2596	MetaCyc:CPD0-2596				
cpd33282	MetaCyc:CPD0-2557;ChEBI:62244	MetaCyc:CPD0-2557;ChEBI:62244	MetaCyc:CPD0-2557;ChEBI:62244	MetaCyc:CPD0-2557;ChEBI:62244	MetaCyc:CPD0-2557	MetaCyc:CPD0-2557	EQ	eQuilibrator:MNXM87536	MetaCyc:CPD0-2557@Charged	eQuilibrator:MNXM87536
cpd33283	MetaCyc:CPD-16746	MetaCyc:CPD-16746	MetaCyc:CPD-16746	MetaCyc:CPD-16746	MetaCyc:CPD-16746	MetaCyc:CPD-16746	GC	MetaCyc:CPD-16746@Charged	MetaCyc:CPD-16746@Charged	eQuilibrator:MNXM148441
cpd33284	MetaCyc:CPD-16660	MetaCyc:CPD-16660	MetaCyc:CPD-16660	MetaCyc:CPD-16660	MetaCyc:CPD-16660	MetaCyc:CPD-16660	EQ	eQuilibrator:MNXM156194	MetaCyc:CPD-16660@Charged	eQuilibrator:MNXM156194
cpd33285	MetaCyc:CPD-18592	MetaCyc:CPD-18592	MetaCyc:CPD-18592	MetaCyc:CPD-18592	MetaCyc:CPD-18592		EQ	eQuilibrator:MNXM468725	MetaCyc:CPD-18592@Charged	eQuilibrator:MNXM468725
cpd33286	MetaCyc:CPD-14853	MetaCyc:CPD-14853	MetaCyc:CPD-14853	MetaCyc:CPD-14853	MetaCyc:CPD-14853	MetaCyc:CPD-14853	GC	MetaCyc:CPD-14853@Charged	MetaCyc:CPD-14853@Charged	
cpd33287	MetaCyc:CPD0-2583	MetaCyc:CPD0-2583	MetaCyc:CPD0-2583	MetaCyc:CPD0-2583	MetaCyc:CPD0-2583	MetaCyc:CPD0-2583				
cpd33288	MetaCyc:CPD-14813	MetaCyc:CPD-14813	MetaCyc:CPD-14813	MetaCyc:CPD-14813	MetaCyc:CPD-14813	MetaCyc:CPD-14813	EQ	eQuilibrator:MNXM114464	MetaCyc:CPD-14813@Charged	eQuilibrator:MNXM114464
cpd33289	MetaCyc:CPD-15911	MetaCyc:CPD-15911	MetaCyc:CPD-15911	MetaCyc:CPD-15911	MetaCyc:CPD-15911	MetaCyc:CPD-15911	GC	MetaCyc:CPD-15911@Charged	MetaCyc:CPD-15911@Charged	
cpd33290	MetaCyc:CPD-17521	MetaCyc:CPD-17521	MetaCyc:CPD-17521	MetaCyc:CPD-17521	MetaCyc:CPD-17521	MetaCyc:CPD-17521	GC	MetaCyc:CPD-17521@Charged	MetaCyc:CPD-17521@Charged	
cpd33291	MetaCyc:CPD-17408	MetaCyc:CPD-17408	MetaCyc:CPD-17408	MetaCyc:CPD-17408	MetaCyc:CPD-17408		EQ	eQuilibrator:MNXM47010	MetaCyc:CPD-17408@Charged	eQuilibrator:MNXM47010
cpd33292	MetaCyc:CPD-16785	MetaCyc:CPD-16785	MetaCyc:CPD-16785	MetaCyc:CPD-16785	MetaCyc:CPD-16785	MetaCyc:CPD-16785	GC	MetaCyc:CPD-16785@Charged	MetaCyc:CPD-16785@Charged	
cpd33293	MetaCyc:CPD-15883	MetaCyc:CPD-15883	MetaCyc:CPD-15883	MetaCyc:CPD-15883	MetaCyc:CPD-15883	MetaCyc:CPD-15883	GC	MetaCyc:CPD-15883@Charged	MetaCyc:CPD-15883@Charged	eQuilibrator:MNXM161713
cpd33294	MetaCyc:CPD-20681	MetaCyc:CPD-20681	MetaCyc:CPD-20681	MetaCyc:CPD-20681	MetaCyc:CPD-20681	MetaCyc:CPD-20681	GC	MetaCyc:CPD-20681@Charged	MetaCyc:CPD-20681@Charged	
cpd33295	MetaCyc:CPD-17049@Charged	MetaCyc:CPD-17049@Charged	MetaCyc:CPD-17049@Charged	MetaCyc:CPD-17049@Charged	MetaCyc:CPD-17049	MetaCyc:CPD-17049	EQ	eQuilibrator:MNXM147773	MetaCyc:CPD-17049@Charged	eQuilibrator:MNXM147773
cpd33296	MetaCyc:CPD-18062;ChEBI:91089	MetaCyc:CPD-18062;ChEBI:91089	MetaCyc:CPD-18062;ChEBI:91089	MetaCyc:CPD-18062;ChEBI:91089	MetaCyc:CPD-18062	MetaCyc:CPD-18062	GC	MetaCyc:CPD-18062@Charged	MetaCyc:CPD-18062@Charged	eQuilibrator:MNXM148163
cpd33297	MetaCyc:CPD-14868	MetaCyc:CPD-14868	MetaCyc:CPD-14868	MetaCyc:CPD-14868	MetaCyc:CPD-14868		EQ	eQuilibrator:MNXM33778	MetaCyc:CPD-14868@Charged	eQuilibrator:MNXM33778
cpd33298	MetaCyc:CPD-17187	MetaCyc:CPD-17187	MetaCyc:CPD-17187	MetaCyc:CPD-17187	MetaCyc:CPD-17187		EQ	eQuilibrator:MNXM24172	MetaCyc:CPD-17187@Charged	eQuilibrator:MNXM24172
cpd33299	MetaCyc:CPD-20970	MetaCyc:CPD-20970	MetaCyc:CPD-20970	MetaCyc:CPD-20970	MetaCyc:CPD-20970		GC	MetaCyc:CPD-20970@Charged	MetaCyc:CPD-20970@Charged	
cpd33300	MetaCyc:CPD-20192	MetaCyc:CPD-20192	MetaCyc:CPD-20192	MetaCyc:CPD-20192	MetaCyc:CPD-20192	MetaCyc:CPD-20192	GC	MetaCyc:CPD-20192@Charged	MetaCyc:CPD-20192@Charged	
cpd33301	MetaCyc:CPD-17422;ChEBI:188496	MetaCyc:CPD-17422;ChEBI:188496	MetaCyc:CPD-17422;ChEBI:188496	MetaCyc:CPD-17422;ChEBI:188496	MetaCyc:CPD-17422	MetaCyc:CPD-17422	GC	MetaCyc:CPD-17422@Charged	MetaCyc:CPD-17422@Charged	eQuilibrator:MNXM147778
cpd33302	MetaCyc:CPD-17854@Charged	MetaCyc:CPD-17854@Charged	MetaCyc:CPD-17854@Charged	MetaCyc:CPD-17854@Charged	MetaCyc:CPD-17854		EQ	eQuilibrator:MNXM153024	MetaCyc:CPD-17854@Charged	eQuilibrator:MNXM153024
cpd33303	MetaCyc:CPD-20746	MetaCyc:CPD-20746	MetaCyc:CPD-20746	MetaCyc:CPD-20746	MetaCyc:CPD-20746	MetaCyc:CPD-20746	GC	MetaCyc:CPD-20746@Charged	MetaCyc:CPD-20746@Charged	eQuilibrator:MNXM31411
cpd33304	MetaCyc:CPD-15406	MetaCyc:CPD-15406	MetaCyc:CPD-15406	MetaCyc:CPD-15406	MetaCyc:CPD-15406	MetaCyc:CPD-15406	EQ	eQuilibrator:MNXM40581	MetaCyc:CPD-15406@Charged	eQuilibrator:MNXM40581
cpd33305	MetaCyc:CPD-19082	MetaCyc:CPD-19082	MetaCyc:CPD-19082	MetaCyc:CPD-19082	MetaCyc:CPD-19082	MetaCyc:CPD-19082	EQ	eQuilibrator:MNXM171234	MetaCyc:CPD-19082@Charged	eQuilibrator:MNXM171234
cpd33306	MetaCyc:CPD-18712;ChEBI:142984	MetaCyc:CPD-18712;ChEBI:142984	MetaCyc:CPD-18712;ChEBI:142984	MetaCyc:CPD-18712;ChEBI:142984	MetaCyc:CPD-18712	MetaCyc:CPD-18712	GC	MetaCyc:CPD-18712@Charged	MetaCyc:CPD-18712@Charged	eQuilibrator:MNXM169132
cpd33307	MetaCyc:CPD-16010	MetaCyc:CPD-16010	MetaCyc:CPD-16010	MetaCyc:CPD-16010		MetaCyc:CPD-16010	GC	MetaCyc:CPD-16010@Charged	MetaCyc:CPD-16010@Charged	eQuilibrator:MNXM531740
cpd33308	MetaCyc:CPD-17319;ChEBI:74560	MetaCyc:CPD-17319;ChEBI:74560	MetaCyc:CPD-17319;ChEBI:74560	MetaCyc:CPD-17319;ChEBI:74560	MetaCyc:CPD-17319	MetaCyc:CPD-17319	EQ	eQuilibrator:MNXM66635	MetaCyc:CPD-17319@Charged	eQuilibrator:MNXM66635
cpd33309	MetaCyc:CPD-18599	MetaCyc:CPD-18599	MetaCyc:CPD-18599	MetaCyc:CPD-18599	MetaCyc:CPD-18599	MetaCyc:CPD-18599	GC	MetaCyc:CPD-18599@Charged	MetaCyc:CPD-18599@Charged	
cpd33310	MetaCyc:CPD-17612	MetaCyc:CPD-17612	MetaCyc:CPD-17612	MetaCyc:CPD-17612	MetaCyc:CPD-17612	MetaCyc:CPD-17612	EQ	eQuilibrator:MNXM31179	MetaCyc:CPD-17612@Charged	eQuilibrator:MNXM31179
cpd33311	MetaCyc:CPD-17311	MetaCyc:CPD-17311	MetaCyc:CPD-17311	MetaCyc:CPD-17311			EQ	eQuilibrator:MNXM158973	MetaCyc:CPD-17311@Charged	eQuilibrator:MNXM158973
cpd33312	MetaCyc:CPD-17494;ChEBI:131445	MetaCyc:CPD-17494;ChEBI:131445	MetaCyc:CPD-17494;ChEBI:131445	MetaCyc:CPD-17494;ChEBI:131445	MetaCyc:CPD-17494	MetaCyc:CPD-17494	EQ	eQuilibrator:MNXM149082	MetaCyc:CPD-17494@Charged	eQuilibrator:MNXM149082
cpd33313	MetaCyc:CPD-19648@Charged	MetaCyc:CPD-19648@Charged	MetaCyc:CPD-19648@Charged	MetaCyc:CPD-19648@Charged	MetaCyc:CPD-19648	MetaCyc:CPD-19648	GC	MetaCyc:CPD-19648@Charged	MetaCyc:CPD-19648@Charged	
cpd33314	MetaCyc:CPD-17688	MetaCyc:CPD-17688	MetaCyc:CPD-17688	MetaCyc:CPD-17688	MetaCyc:CPD-17688	MetaCyc:CPD-17688	EQ		MetaCyc:CPD-17688@Charged	
cpd33315	MetaCyc:CPD-20487;ChEBI:139337	MetaCyc:CPD-20487;ChEBI:139337	MetaCyc:CPD-20487;ChEBI:139337	MetaCyc:CPD-20487;ChEBI:139337	MetaCyc:CPD-20487	MetaCyc:CPD-20487	GC	MetaCyc:CPD-20487@Charged	MetaCyc:CPD-20487@Charged	
cpd33316	MetaCyc:CPD-18323	MetaCyc:CPD-18323	MetaCyc:CPD-18323	MetaCyc:CPD-18323@Charged	MetaCyc:CPD-18323	MetaCyc:CPD-18323	EQ	eQuilibrator:MNXM165970	MetaCyc:CPD-18323@Charged	eQuilibrator:MNXM165970
cpd33317	MetaCyc:CPD-17267	MetaCyc:CPD-17267	MetaCyc:CPD-17267	MetaCyc:CPD-17267	MetaCyc:CPD-17267	MetaCyc:CPD-17267	EQ	eQuilibrator:MNXM150905	MetaCyc:CPD-17267@Charged	eQuilibrator:MNXM150905
cpd33318	MetaCyc:CPD-18790@Charged;ChEBI:90868	MetaCyc:CPD-18790@Charged;ChEBI:90868	MetaCyc:CPD-18790@Charged;ChEBI:90868	MetaCyc:CPD-18790@Charged;ChEBI:90868	MetaCyc:CPD-18790	MetaCyc:CPD-18790	EQ	eQuilibrator:MNXM145223	MetaCyc:CPD-18790@Charged	eQuilibrator:MNXM145223
cpd33319	MetaCyc:CPD-18377	MetaCyc:CPD-18377	MetaCyc:CPD-18377	MetaCyc:CPD-18377	MetaCyc:CPD-18377	MetaCyc:CPD-18377	GC	MetaCyc:CPD-18377@Charged	MetaCyc:CPD-18377@Charged	eQuilibrator:MNXM507358
cpd33320	MetaCyc:CPD-21258	MetaCyc:CPD-21258	MetaCyc:CPD-21258	MetaCyc:CPD-21258	MetaCyc:CPD-21258	MetaCyc:CPD-21258	GC	MetaCyc:CPD-21258@Charged	MetaCyc:CPD-21258@Charged	
cpd33321	MetaCyc:CPD-19699	MetaCyc:CPD-19699	MetaCyc:CPD-19699	MetaCyc:CPD-19699	MetaCyc:CPD-19699	MetaCyc:CPD-19699	EQ	eQuilibrator:MNXM169367	MetaCyc:CPD-19699@Charged	eQuilibrator:MNXM169367
cpd33322	MetaCyc:CPD-21466	MetaCyc:CPD-21466	MetaCyc:CPD-21466	MetaCyc:CPD-21466	MetaCyc:CPD-21466	MetaCyc:CPD-21466	GC	MetaCyc:CPD-21466@Charged	MetaCyc:CPD-21466@Charged	
cpd33323	MetaCyc:CPD-18134	MetaCyc:CPD-18134	MetaCyc:CPD-18134	MetaCyc:CPD-18134	MetaCyc:CPD-18134	MetaCyc:CPD-18134	GC	MetaCyc:CPD-18134@Charged	MetaCyc:CPD-18134@Charged	eQuilibrator:MNXM168016
cpd33324	MetaCyc:CPD-17229@Charged	MetaCyc:CPD-17229@Charged	MetaCyc:CPD-17229@Charged	MetaCyc:CPD-17229@Charged	MetaCyc:CPD-17229	MetaCyc:CPD-17229	GC	MetaCyc:CPD-17229@Charged	MetaCyc:CPD-17229@Charged	
cpd33325	MetaCyc:CPD-20783@Charged	MetaCyc:CPD-20783@Charged	MetaCyc:CPD-20783@Charged	MetaCyc:CPD-20783@Charged	MetaCyc:CPD-20783	MetaCyc:CPD-20783	GC	MetaCyc:CPD-20783@Charged	MetaCyc:CPD-20783@Charged	
cpd33326	MetaCyc:CPD-16528@Charged	MetaCyc:CPD-16528@Charged	MetaCyc:CPD-16528@Charged	MetaCyc:CPD-16528@Charged	MetaCyc:CPD-16528	MetaCyc:CPD-16528	GC	MetaCyc:CPD-16528@Charged	MetaCyc:CPD-16528@Charged	
cpd33327	MetaCyc:CPD-18092@Charged	MetaCyc:CPD-18092@Charged	MetaCyc:CPD-18092@Charged	MetaCyc:CPD-18092@Charged	MetaCyc:CPD-18092	MetaCyc:CPD-18092	GC	MetaCyc:CPD-18092@Charged	MetaCyc:CPD-18092@Charged	
cpd33328	MetaCyc:CPD-18623;ChEBI:91233	MetaCyc:CPD-18623;ChEBI:91233	MetaCyc:CPD-18623;ChEBI:91233	MetaCyc:CPD-18623;ChEBI:91233	MetaCyc:CPD-18623	MetaCyc:CPD-18623	EQ	eQuilibrator:MNXM162731	MetaCyc:CPD-18623@Charged	eQuilibrator:MNXM162731
cpd33329	MetaCyc:CPD-19461;ChEBI:136822	MetaCyc:CPD-19461;ChEBI:136822	MetaCyc:CPD-19461;ChEBI:136822	MetaCyc:CPD-19461;ChEBI:136822	MetaCyc:CPD-19461	MetaCyc:CPD-19461	GC	MetaCyc:CPD-19461@Charged	MetaCyc:CPD-19461@Charged	eQuilibrator:MNXM164692
cpd33330	MetaCyc:CPD-16639@Charged;ChEBI:78286@Charged	MetaCyc:CPD-16639@Charged;ChEBI:78286@Charged	MetaCyc:CPD-16639@Charged;ChEBI:78286@Charged	MetaCyc:CPD-16639@Charged;ChEBI:78286@Charged	MetaCyc:CPD-16639	MetaCyc:CPD-16639	EQ		MetaCyc:CPD-16639@Charged	
cpd33331	MetaCyc:CPD-19576	MetaCyc:CPD-19576	MetaCyc:CPD-19576	MetaCyc:CPD-19576	MetaCyc:CPD-19576	MetaCyc:CPD-19576	EQ	eQuilibrator:MNXM527526	MetaCyc:CPD-19576@Charged	eQuilibrator:MNXM527526
cpd33332	MetaCyc:CPD-21148	MetaCyc:CPD-21148	MetaCyc:CPD-21148	MetaCyc:CPD-21148		MetaCyc:CPD-21148	GC	MetaCyc:CPD-21148@Charged	MetaCyc:CPD-21148@Charged	
cpd33333	MetaCyc:CPD-21324	MetaCyc:CPD-21324	MetaCyc:CPD-21324	MetaCyc:CPD-21324	MetaCyc:CPD-21324	MetaCyc:CPD-21324	GC	MetaCyc:CPD-21324@Charged	MetaCyc:CPD-21324@Charged	
cpd33334	MetaCyc:CPD-15458@Charged	MetaCyc:CPD-15458@Charged	MetaCyc:CPD-15458@Charged	MetaCyc:CPD-15458@Charged	MetaCyc:CPD-15458	MetaCyc:CPD-15458	GC	MetaCyc:CPD-15458@Charged	MetaCyc:CPD-15458@Charged	
cpd33335	MetaCyc:CPD-21201	MetaCyc:CPD-21201	MetaCyc:CPD-21201	MetaCyc:CPD-21201	MetaCyc:CPD-21201	MetaCyc:CPD-21201	GC	MetaCyc:CPD-21201@Charged	MetaCyc:CPD-21201@Charged	
cpd33336	MetaCyc:CPD-21482;ChEBI:142877	MetaCyc:CPD-21482;ChEBI:142877	MetaCyc:CPD-21482;ChEBI:142877	MetaCyc:CPD-21482;ChEBI:142877	MetaCyc:CPD-21482	MetaCyc:CPD-21482	GC	MetaCyc:CPD-21482@Charged	MetaCyc:CPD-21482@Charged	
cpd33337	MetaCyc:CPD-16640@Charged;ChEBI:78285@Charged	MetaCyc:CPD-16640@Charged;ChEBI:78285@Charged	MetaCyc:CPD-16640@Charged;ChEBI:78285@Charged	MetaCyc:CPD-16640@Charged;ChEBI:78285@Charged	MetaCyc:CPD-16640	MetaCyc:CPD-16640	EQ		MetaCyc:CPD-16640@Charged	
cpd33338	MetaCyc:CPD-18194;ChEBI:140189	MetaCyc:CPD-18194;ChEBI:140189	MetaCyc:CPD-18194;ChEBI:140189	MetaCyc:CPD-18194;ChEBI:140189	MetaCyc:CPD-18194	MetaCyc:CPD-18194	EQ	eQuilibrator:MNXM165039	MetaCyc:CPD-18194@Charged	eQuilibrator:MNXM165039
cpd33339	MetaCyc:CPD-16842	MetaCyc:CPD-16842	MetaCyc:CPD-16842	MetaCyc:CPD-16842	MetaCyc:CPD-16842	MetaCyc:CPD-16842	GC	MetaCyc:CPD-16842@Charged	MetaCyc:CPD-16842@Charged	eQuilibrator:MNXM156202
cpd33340	MetaCyc:CPD-18860@Charged	MetaCyc:CPD-18860@Charged		MetaCyc:CPD-18860@Charged	MetaCyc:CPD-18860	MetaCyc:CPD-18860	GC	MetaCyc:CPD-18860@Charged	MetaCyc:CPD-18860@Charged	
cpd33341	MetaCyc:CPD-19138;ChEBI:131849	MetaCyc:CPD-19138;ChEBI:131849	MetaCyc:CPD-19138;ChEBI:131849	MetaCyc:CPD-19138;ChEBI:131849	MetaCyc:CPD-19138	MetaCyc:CPD-19138	EQ	eQuilibrator:MNXM48428	MetaCyc:CPD-19138@Charged	eQuilibrator:MNXM48428
cpd33342	MetaCyc:CPD-20663	MetaCyc:CPD-20663	MetaCyc:CPD-20663	MetaCyc:CPD-20663	MetaCyc:CPD-20663	MetaCyc:CPD-20663	GC	MetaCyc:CPD-20663@Charged	MetaCyc:CPD-20663@Charged	
cpd33343										
cpd33344	MetaCyc:CPD-15798	MetaCyc:CPD-15798	MetaCyc:CPD-15798	MetaCyc:CPD-15798		MetaCyc:CPD-15798	EQ	eQuilibrator:MNXM147341	MetaCyc:CPD-15798@Charged	eQuilibrator:MNXM147341
cpd33345	MetaCyc:CPD-20286	MetaCyc:CPD-20286	MetaCyc:CPD-20286	MetaCyc:CPD-20286	MetaCyc:CPD-20286	MetaCyc:CPD-20286	GC	MetaCyc:CPD-20286@Charged	MetaCyc:CPD-20286@Charged	
cpd33346	MetaCyc:CPD-17376;ChEBI:132029	MetaCyc:CPD-17376;ChEBI:132029	MetaCyc:CPD-17376;ChEBI:132029	MetaCyc:CPD-17376;ChEBI:132029	MetaCyc:CPD-17376	MetaCyc:CPD-17376	EQ	eQuilibrator:MNXM150265	MetaCyc:CPD-17376@Charged	eQuilibrator:MNXM150265
cpd33347	MetaCyc:CPD-19464@Charged	MetaCyc:CPD-19464@Charged	MetaCyc:CPD-19464@Charged	MetaCyc:CPD-19464@Charged	MetaCyc:CPD-19464	MetaCyc:CPD-19464	GC	MetaCyc:CPD-19464@Charged	MetaCyc:CPD-19464@Charged	
cpd33348	MetaCyc:CPD-14763;ChEBI:142723	MetaCyc:CPD-14763;ChEBI:142723	MetaCyc:CPD-14763;ChEBI:142723	MetaCyc:CPD-14763;ChEBI:142723	MetaCyc:CPD-14763	MetaCyc:CPD-14763	EQ	eQuilibrator:MNXM117128	MetaCyc:CPD-14763@Charged	eQuilibrator:MNXM117128
cpd33349	MetaCyc:CPD-14658	MetaCyc:CPD-14658	MetaCyc:CPD-14658	MetaCyc:CPD-14658	MetaCyc:CPD-14658	MetaCyc:CPD-14658	GC	MetaCyc:CPD-14658@Charged	MetaCyc:CPD-14658@Charged	eQuilibrator:MNXM100787
cpd33350	MetaCyc:CPD-19361	MetaCyc:CPD-19361	MetaCyc:CPD-19361	MetaCyc:CPD-19361	MetaCyc:CPD-19361	MetaCyc:CPD-19361	EQ	eQuilibrator:MNXM161999	MetaCyc:CPD-19361@Charged	eQuilibrator:MNXM161999
cpd33351	MetaCyc:CPD-17912	MetaCyc:CPD-17912	MetaCyc:CPD-17912	MetaCyc:CPD-17912	MetaCyc:CPD-17912	MetaCyc:CPD-17912	GC	MetaCyc:CPD-17912@Charged	MetaCyc:CPD-17912@Charged	
cpd33352	MetaCyc:CPD-17271	MetaCyc:CPD-17271	MetaCyc:CPD-17271	MetaCyc:CPD-17271	MetaCyc:CPD-17271	MetaCyc:CPD-17271	EQ	eQuilibrator:MNXM49510	MetaCyc:CPD-17271@Charged	eQuilibrator:MNXM49510
cpd33353	MetaCyc:CPD-16826	MetaCyc:CPD-16826	MetaCyc:CPD-16826	MetaCyc:CPD-16826	MetaCyc:CPD-16826	MetaCyc:CPD-16826	GC	MetaCyc:CPD-16826@Charged	MetaCyc:CPD-16826@Charged	eQuilibrator:MNXM148248
cpd33354	MetaCyc:CPD-17873	MetaCyc:CPD-17873	MetaCyc:CPD-17873	MetaCyc:CPD-17873	MetaCyc:CPD-17873	MetaCyc:CPD-17873	GC	MetaCyc:CPD-17873@Charged	MetaCyc:CPD-17873@Charged	
cpd33355	MetaCyc:CPD-19561	MetaCyc:CPD-19561	MetaCyc:CPD-19561	MetaCyc:CPD-19561	MetaCyc:CPD-19561	MetaCyc:CPD-19561	GC	MetaCyc:CPD-19561@Charged	MetaCyc:CPD-19561@Charged	
cpd33356	MetaCyc:CPD-18164	MetaCyc:CPD-18164	MetaCyc:CPD-18164	MetaCyc:CPD-18164	MetaCyc:CPD-18164	MetaCyc:CPD-18164	GC	MetaCyc:CPD-18164@Charged	MetaCyc:CPD-18164@Charged	eQuilibrator:MNXM167667
cpd33357	MetaCyc:CPD-20862	MetaCyc:CPD-20862	MetaCyc:CPD-20862	MetaCyc:CPD-20862			GC	MetaCyc:CPD-20862@Charged	MetaCyc:CPD-20862@Charged	
cpd33358	MetaCyc:CPD-20128	MetaCyc:CPD-20128	MetaCyc:CPD-20128	MetaCyc:CPD-20128	MetaCyc:CPD-20128	MetaCyc:CPD-20128	GC	MetaCyc:CPD-20128@Charged	MetaCyc:CPD-20128@Charged	
cpd33359	MetaCyc:CPD-18029;ChEBI:87846	MetaCyc:CPD-18029;ChEBI:87846	MetaCyc:CPD-18029;ChEBI:87846	MetaCyc:CPD-18029;ChEBI:87846	MetaCyc:CPD-18029	MetaCyc:CPD-18029	EQ	eQuilibrator:MNXM147841	MetaCyc:CPD-18029@Charged	eQuilibrator:MNXM147841
cpd33360	MetaCyc:CPD-16618;ChEBI:138809	MetaCyc:CPD-16618;ChEBI:138809	MetaCyc:CPD-16618;ChEBI:138809	MetaCyc:CPD-16618;ChEBI:138809	MetaCyc:CPD-16618	MetaCyc:CPD-16618	EQ	eQuilibrator:MNXM148316	MetaCyc:CPD-16618@Charged	eQuilibrator:MNXM148316
cpd33361	MetaCyc:CPD-16159	MetaCyc:CPD-16159	MetaCyc:CPD-16159	MetaCyc:CPD-16159	MetaCyc:CPD-16159	MetaCyc:CPD-16159	EQ	eQuilibrator:MNXM148970	MetaCyc:CPD-16159@Charged	eQuilibrator:MNXM148970
cpd33362	MetaCyc:CPD-21294@Charged	MetaCyc:CPD-21294@Charged	MetaCyc:CPD-21294@Charged	MetaCyc:CPD-21294@Charged	MetaCyc:CPD-21294	MetaCyc:CPD-21294	GC	MetaCyc:CPD-21294@Charged	MetaCyc:CPD-21294@Charged	
cpd33363										
cpd33364	MetaCyc:CPD-18230	MetaCyc:CPD-18230	MetaCyc:CPD-18230	MetaCyc:CPD-18230@Charged	MetaCyc:CPD-18230	MetaCyc:CPD-18230	GC	MetaCyc:CPD-18230@Charged	MetaCyc:CPD-18230@Charged	
cpd33365	MetaCyc:CPD-19178@Charged	MetaCyc:CPD-19178@Charged	MetaCyc:CPD-19178@Charged	MetaCyc:CPD-19178@Charged	MetaCyc:CPD-19178	MetaCyc:CPD-19178	EQ		MetaCyc:CPD-19178@Charged	
cpd33366	MetaCyc:CPD-17541;ChEBI:84322	MetaCyc:CPD-17541;ChEBI:84322	MetaCyc:CPD-17541;ChEBI:84322	MetaCyc:CPD-17541;ChEBI:84322	MetaCyc:CPD-17541	MetaCyc:CPD-17541	EQ	eQuilibrator:MNXM146542	MetaCyc:CPD-17541@Charged	eQuilibrator:MNXM146542
cpd33367	MetaCyc:CPD-18220@Charged	MetaCyc:CPD-18220@Charged	MetaCyc:CPD-18220@Charged	MetaCyc:CPD-18220@Charged	MetaCyc:CPD-18220	MetaCyc:CPD-18220	GC	MetaCyc:CPD-18220@Charged	MetaCyc:CPD-18220@Charged	
cpd33368	MetaCyc:CPD-18656	MetaCyc:CPD-18656	MetaCyc:CPD-18656	MetaCyc:CPD-18656	MetaCyc:CPD-18656	MetaCyc:CPD-18656	EQ	eQuilibrator:MNXM164638	MetaCyc:CPD-18656@Charged	eQuilibrator:MNXM164638
cpd33369	MetaCyc:CPD-18532	MetaCyc:CPD-18532	MetaCyc:CPD-18532	MetaCyc:CPD-18532	MetaCyc:CPD-18532	MetaCyc:CPD-18532	EQ	eQuilibrator:MNXM163628	MetaCyc:CPD-18532@Charged	eQuilibrator:MNXM163628
cpd33370	MetaCyc:CPD-21339	MetaCyc:CPD-21339	MetaCyc:CPD-21339	MetaCyc:CPD-21339	MetaCyc:CPD-21339	MetaCyc:CPD-21339	EQ	eQuilibrator:MNXM82408	MetaCyc:CPD-21339@Charged	eQuilibrator:MNXM82408
cpd33371	MetaCyc:CPD-17780@Charged	MetaCyc:CPD-17780@Charged	MetaCyc:CPD-17780@Charged	MetaCyc:CPD-17780@Charged	MetaCyc:CPD-17780	MetaCyc:CPD-17780	GC	MetaCyc:CPD-17780@Charged	MetaCyc:CPD-17780@Charged	
cpd33372	MetaCyc:CPD-20148	MetaCyc:CPD-20148	MetaCyc:CPD-20148	MetaCyc:CPD-20148	MetaCyc:CPD-20148	MetaCyc:CPD-20148	GC	MetaCyc:CPD-20148@Charged	MetaCyc:CPD-20148@Charged	
cpd33373	MetaCyc:CPD-17004	MetaCyc:CPD-17004	MetaCyc:CPD-17004	MetaCyc:CPD-17004	MetaCyc:CPD-17004	MetaCyc:CPD-17004	GC	MetaCyc:CPD-17004@Charged	MetaCyc:CPD-17004@Charged	eQuilibrator:MNXM3980
cpd33374	MetaCyc:CPD-20569	MetaCyc:CPD-20569	MetaCyc:CPD-20569	MetaCyc:CPD-20569	MetaCyc:CPD-20569		GC	MetaCyc:CPD-20569@Charged	MetaCyc:CPD-20569@Charged	
cpd33375	MetaCyc:CPD-16683	MetaCyc:CPD-16683	MetaCyc:CPD-16683	MetaCyc:CPD-16683	MetaCyc:CPD-16683	MetaCyc:CPD-16683	EQ	eQuilibrator:MNXM115223	MetaCyc:CPD-16683@Charged	eQuilibrator:MNXM115223
cpd33376	MetaCyc:CPD-19367	MetaCyc:CPD-19367	MetaCyc:CPD-19367	MetaCyc:CPD-19367	MetaCyc:CPD-19367	MetaCyc:CPD-19367	GC	MetaCyc:CPD-19367@Charged	MetaCyc:CPD-19367@Charged	
cpd33377	MetaCyc:CPD-19533	MetaCyc:CPD-19533	MetaCyc:CPD-19533	MetaCyc:CPD-19533	MetaCyc:CPD-19533	MetaCyc:CPD-19533	EQ	eQuilibrator:MNXM468432	MetaCyc:CPD-19533@Charged	eQuilibrator:MNXM468432
cpd33378	MetaCyc:CPD-16513	MetaCyc:CPD-16513	MetaCyc:CPD-16513	MetaCyc:CPD-16513	MetaCyc:CPD-16513	MetaCyc:CPD-16513	GC	MetaCyc:CPD-16513@Charged	MetaCyc:CPD-16513@Charged	
cpd33379	MetaCyc:CPD-14930@Charged	MetaCyc:CPD-14930@Charged	MetaCyc:CPD-14930@Charged	MetaCyc:CPD-14930@Charged	MetaCyc:CPD-14930	MetaCyc:CPD-14930	GC	MetaCyc:CPD-14930@Charged	MetaCyc:CPD-14930@Charged	
cpd33380										
cpd33381	MetaCyc:CPD-14631	MetaCyc:CPD-14631	MetaCyc:CPD-14631	MetaCyc:CPD-14631	MetaCyc:CPD-14631	MetaCyc:CPD-14631	GC	MetaCyc:CPD-14631@Charged	MetaCyc:CPD-14631@Charged	eQuilibrator:MNXM97605
cpd33382	MetaCyc:CPD-18215@Charged	MetaCyc:CPD-18215@Charged	MetaCyc:CPD-18215@Charged	MetaCyc:CPD-18215@Charged	MetaCyc:CPD-18215	MetaCyc:CPD-18215	GC	MetaCyc:CPD-18215@Charged	MetaCyc:CPD-18215@Charged	
cpd33383	MetaCyc:CPD-15602	MetaCyc:CPD-15602	MetaCyc:CPD-15602	MetaCyc:CPD-15602	MetaCyc:CPD-15602	MetaCyc:CPD-15602	GC	MetaCyc:CPD-15602@Charged	MetaCyc:CPD-15602@Charged	eQuilibrator:MNXM147753
cpd33384	MetaCyc:CPD-20425;ChEBI:140676	MetaCyc:CPD-20425;ChEBI:140676	MetaCyc:CPD-20425;ChEBI:140676	MetaCyc:CPD-20425;ChEBI:140676	MetaCyc:CPD-20425	MetaCyc:CPD-20425	GC	MetaCyc:CPD-20425@Charged	MetaCyc:CPD-20425@Charged	
cpd33385	MetaCyc:CPD-18752	MetaCyc:CPD-18752	MetaCyc:CPD-18752	MetaCyc:CPD-18752	MetaCyc:CPD-18752	MetaCyc:CPD-18752	EQ	eQuilibrator:MNXM506987	MetaCyc:CPD-18752@Charged	eQuilibrator:MNXM506987
cpd33386	MetaCyc:CPD-16457@Charged	MetaCyc:CPD-16457@Charged	MetaCyc:CPD-16457@Charged	MetaCyc:CPD-16457@Charged	MetaCyc:CPD-16457	MetaCyc:CPD-16457	GC	MetaCyc:CPD-16457@Charged	MetaCyc:CPD-16457@Charged	
cpd33387	MetaCyc:CPD-20935	MetaCyc:CPD-20935	MetaCyc:CPD-20935	MetaCyc:CPD-20935	MetaCyc:CPD-20935	MetaCyc:CPD-20935	EQ	eQuilibrator:MNXM497035	MetaCyc:CPD-20935@Charged	eQuilibrator:MNXM497035
cpd33388	MetaCyc:CPD-17835	MetaCyc:CPD-17835	MetaCyc:CPD-17835	MetaCyc:CPD-17835	MetaCyc:CPD-17835	MetaCyc:CPD-17835	EQ	eQuilibrator:MNXM152997	MetaCyc:CPD-17835@Charged	eQuilibrator:MNXM152997
cpd33389	MetaCyc:CPD66-54	MetaCyc:CPD66-54	MetaCyc:CPD66-54	MetaCyc:CPD66-54	MetaCyc:CPD66-54	MetaCyc:CPD66-54	EQ	eQuilibrator:MNXM33428	MetaCyc:CPD66-54@Charged	eQuilibrator:MNXM33428
cpd33390	MetaCyc:CPD-19092;ChEBI:87808	MetaCyc:CPD-19092;ChEBI:87808	MetaCyc:CPD-19092;ChEBI:87808	MetaCyc:CPD-19092;ChEBI:87808	MetaCyc:CPD-19092		GC	MetaCyc:CPD-19092@Charged	MetaCyc:CPD-19092@Charged	eQuilibrator:MNXM82353
cpd33391	MetaCyc:CPD-14675;ChEBI:77250	MetaCyc:CPD-14675;ChEBI:77250	MetaCyc:CPD-14675;ChEBI:77250	MetaCyc:CPD-14675;ChEBI:77250	MetaCyc:CPD-14675	MetaCyc:CPD-14675	EQ	eQuilibrator:MNXM108213	MetaCyc:CPD-14675@Charged	eQuilibrator:MNXM108213
cpd33392	MetaCyc:CPD-18869@Charged	MetaCyc:CPD-18869@Charged		MetaCyc:CPD-18869@Charged	MetaCyc:CPD-18869	MetaCyc:CPD-18869	GC	MetaCyc:CPD-18869@Charged	MetaCyc:CPD-18869@Charged	
cpd33393	MetaCyc:CPD-21274	MetaCyc:CPD-21274	MetaCyc:CPD-21274	MetaCyc:CPD-21274	MetaCyc:CPD-21274	MetaCyc:CPD-21274	GC	MetaCyc:CPD-21274@Charged	MetaCyc:CPD-21274@Charged	
cpd33394	MetaCyc:CPD-15136;ChEBI:48986	MetaCyc:CPD-15136;ChEBI:48986	MetaCyc:CPD-15136;ChEBI:48986	MetaCyc:CPD-15136;ChEBI:48986	MetaCyc:CPD-15136	MetaCyc:CPD-15136	EQ	eQuilibrator:MNXM6898	MetaCyc:CPD-15136@Charged	eQuilibrator:MNXM6898
cpd33395	MetaCyc:CPD-19153	MetaCyc:CPD-19153	MetaCyc:CPD-19153	MetaCyc:CPD-19153	MetaCyc:CPD-19153	MetaCyc:CPD-19153	EQ	eQuilibrator:MNXM147856	MetaCyc:CPD-19153@Charged	eQuilibrator:MNXM147856
cpd33396	MetaCyc:CPD-18246@Charged	MetaCyc:CPD-18246@Charged	MetaCyc:CPD-18246@Charged	MetaCyc:CPD-18246@Charged	MetaCyc:CPD-18246	MetaCyc:CPD-18246	GC	MetaCyc:CPD-18246@Charged	MetaCyc:CPD-18246@Charged	eQuilibrator:MNXM164735
cpd33397	MetaCyc:CPD-18272	MetaCyc:CPD-18272	MetaCyc:CPD-18272	MetaCyc:CPD-18272	MetaCyc:CPD-18272	MetaCyc:CPD-18272	EQ	eQuilibrator:MNXM164310	MetaCyc:CPD-18272@Charged	eQuilibrator:MNXM164310
cpd33398	MetaCyc:CPD-18128	MetaCyc:CPD-18128	MetaCyc:CPD-18128	MetaCyc:CPD-18128	MetaCyc:CPD-18128	MetaCyc:CPD-18128	GC	MetaCyc:CPD-18128@Charged	MetaCyc:CPD-18128@Charged	eQuilibrator:MNXM163757
cpd33399	MetaCyc:CPD-15370	MetaCyc:CPD-15370	MetaCyc:CPD-15370	MetaCyc:CPD-15370	MetaCyc:CPD-15370	MetaCyc:CPD-15370	EQ	eQuilibrator:MNXM148519	MetaCyc:CPD-15370@Charged	eQuilibrator:MNXM148519
cpd33400	MetaCyc:CPD-15212	MetaCyc:CPD-15212	MetaCyc:CPD-15212	MetaCyc:CPD-15212		MetaCyc:CPD-15212	GC	MetaCyc:CPD-15212@Charged	MetaCyc:CPD-15212@Charged	
cpd33401	MetaCyc:CPD-14778	MetaCyc:CPD-14778	MetaCyc:CPD-14778	MetaCyc:CPD-14778	MetaCyc:CPD-14778	MetaCyc:CPD-14778	EQ	eQuilibrator:MNXM114586	MetaCyc:CPD-14778@Charged	eQuilibrator:MNXM114586
cpd33402	MetaCyc:CPD-14992@Charged	MetaCyc:CPD-14992@Charged	MetaCyc:CPD-14992@Charged	MetaCyc:CPD-14992@Charged	MetaCyc:CPD-14992	MetaCyc:CPD-14992	GC	MetaCyc:CPD-14992@Charged	MetaCyc:CPD-14992@Charged	eQuilibrator:MNXM114723
cpd33403	MetaCyc:CPD-19510	MetaCyc:CPD-19510	MetaCyc:CPD-19510	MetaCyc:CPD-19510	MetaCyc:CPD-19510		GC	MetaCyc:CPD-19510@Charged	MetaCyc:CPD-19510@Charged	
cpd33404	MetaCyc:CPD-15471	MetaCyc:CPD-15471	MetaCyc:CPD-15471	MetaCyc:CPD-15471	MetaCyc:CPD-15471	MetaCyc:CPD-15471	GC	MetaCyc:CPD-15471@Charged	MetaCyc:CPD-15471@Charged	eQuilibrator:MNXM148634
cpd33405	MetaCyc:CPD-14939@Charged	MetaCyc:CPD-14939@Charged	MetaCyc:CPD-14939@Charged	MetaCyc:CPD-14939@Charged	MetaCyc:CPD-14939	MetaCyc:CPD-14939	GC	MetaCyc:CPD-14939@Charged	MetaCyc:CPD-14939@Charged	eQuilibrator:MNXM42699
cpd33406	MetaCyc:CPD-17663	MetaCyc:CPD-17663	MetaCyc:CPD-17663	MetaCyc:CPD-17663	MetaCyc:CPD-17663	MetaCyc:CPD-17663	EQ	eQuilibrator:MNXM37596	MetaCyc:CPD-17663@Charged	eQuilibrator:MNXM37596
cpd33407	MetaCyc:CPD-21439	MetaCyc:CPD-21439	MetaCyc:CPD-21439	MetaCyc:CPD-21439	MetaCyc:CPD-21439	MetaCyc:CPD-21439	GC	MetaCyc:CPD-21439@Charged	MetaCyc:CPD-21439@Charged	
cpd33408	MetaCyc:CPD-15493@Charged	MetaCyc:CPD-15493@Charged	MetaCyc:CPD-15493@Charged	MetaCyc:CPD-15493@Charged	MetaCyc:CPD-15493	MetaCyc:CPD-15493	EQ		MetaCyc:CPD-15493@Charged	
cpd33409	MetaCyc:CPD-19194	MetaCyc:CPD-19194	MetaCyc:CPD-19194	MetaCyc:CPD-19194	MetaCyc:CPD-19194	MetaCyc:CPD-19194	EQ	eQuilibrator:MNXM511904	MetaCyc:CPD-19194@Charged	eQuilibrator:MNXM511904
cpd33410	MetaCyc:CPD-16835	MetaCyc:CPD-16835	MetaCyc:CPD-16835	MetaCyc:CPD-16835	MetaCyc:CPD-16835	MetaCyc:CPD-16835	GC	MetaCyc:CPD-16835@Charged	MetaCyc:CPD-16835@Charged	eQuilibrator:MNXM152898
cpd33411	MetaCyc:CPD-18695	MetaCyc:CPD-18695	MetaCyc:CPD-18695	MetaCyc:CPD-18695	MetaCyc:CPD-18695	MetaCyc:CPD-18695	EQ	eQuilibrator:MNXM164646	MetaCyc:CPD-18695@Charged	eQuilibrator:MNXM164646
cpd33412	MetaCyc:CPD-19947	MetaCyc:CPD-19947	MetaCyc:CPD-19947	MetaCyc:CPD-19947	MetaCyc:CPD-19947	MetaCyc:CPD-19947	GC	MetaCyc:CPD-19947@Charged	MetaCyc:CPD-19947@Charged	
cpd33413	MetaCyc:CPD-18032	MetaCyc:CPD-18032	MetaCyc:CPD-18032	MetaCyc:CPD-18032	MetaCyc:CPD-18032	MetaCyc:CPD-18032	EQ	eQuilibrator:MNXM149047	MetaCyc:CPD-18032@Charged	eQuilibrator:MNXM149047
cpd33414	MetaCyc:CPD-18219@Charged	MetaCyc:CPD-18219@Charged	MetaCyc:CPD-18219@Charged	MetaCyc:CPD-18219@Charged	MetaCyc:CPD-18219	MetaCyc:CPD-18219	GC	MetaCyc:CPD-18219@Charged	MetaCyc:CPD-18219@Charged	
cpd33415	MetaCyc:CPD-20266@Charged	MetaCyc:CPD-20266@Charged	MetaCyc:CPD-20266@Charged	MetaCyc:CPD-20266@Charged	MetaCyc:CPD-20266	MetaCyc:CPD-20266	GC	MetaCyc:CPD-20266@Charged	MetaCyc:CPD-20266@Charged	
cpd33416	MetaCyc:CPD-16662;ChEBI:78590	MetaCyc:CPD-16662;ChEBI:78590	MetaCyc:CPD-16662;ChEBI:78590	MetaCyc:CPD-16662;ChEBI:78590	MetaCyc:CPD-16662	MetaCyc:CPD-16662	EQ	eQuilibrator:MNXM146516	MetaCyc:CPD-16662@Charged	eQuilibrator:MNXM146516
cpd33417	MetaCyc:CPD-19557	MetaCyc:CPD-19557	MetaCyc:CPD-19557	MetaCyc:CPD-19557	MetaCyc:CPD-19557	MetaCyc:CPD-19557	EQ	eQuilibrator:MNXM491406	MetaCyc:CPD-19557@Charged	eQuilibrator:MNXM491406
cpd33418	MetaCyc:CPD-15828;ChEBI:134284	MetaCyc:CPD-15828;ChEBI:134284	MetaCyc:CPD-15828;ChEBI:134284	MetaCyc:CPD-15828;ChEBI:134284	MetaCyc:CPD-15828	MetaCyc:CPD-15828	EQ	eQuilibrator:MNXM59042	MetaCyc:CPD-15828@Charged	eQuilibrator:MNXM59042
cpd33419	MetaCyc:CPD-15446@Charged	MetaCyc:CPD-15446@Charged	MetaCyc:CPD-15446@Charged	MetaCyc:CPD-15446@Charged	MetaCyc:CPD-15446	MetaCyc:CPD-15446	GC	MetaCyc:CPD-15446@Charged	MetaCyc:CPD-15446@Charged	
cpd33420	MetaCyc:CPD0-2517@Charged	MetaCyc:CPD0-2517@Charged	MetaCyc:CPD0-2517@Charged	MetaCyc:CPD0-2517@Charged			GC	MetaCyc:CPD0-2517@Charged	MetaCyc:CPD0-2517@Charged	
cpd33421	MetaCyc:CPD-19114;ChEBI:131446	MetaCyc:CPD-19114;ChEBI:131446	MetaCyc:CPD-19114;ChEBI:131446	MetaCyc:CPD-19114;ChEBI:131446	MetaCyc:CPD-19114	MetaCyc:CPD-19114	EQ	eQuilibrator:MNXM162517	MetaCyc:CPD-19114@Charged	eQuilibrator:MNXM162517
cpd33422	MetaCyc:CPD-19476;ChEBI:133499	MetaCyc:CPD-19476;ChEBI:133499	MetaCyc:CPD-19476;ChEBI:133499	MetaCyc:CPD-19476;ChEBI:133499	MetaCyc:CPD-19476		EQ	eQuilibrator:MNXM164095	MetaCyc:CPD-19476@Charged	eQuilibrator:MNXM164095
cpd33423	MetaCyc:CPD-17238	MetaCyc:CPD-17238	MetaCyc:CPD-17238	MetaCyc:CPD-17238	MetaCyc:CPD-17238	MetaCyc:CPD-17238	GC	MetaCyc:CPD-17238@Charged	MetaCyc:CPD-17238@Charged	eQuilibrator:MNXM151765
cpd33424	MetaCyc:CPD-20354	MetaCyc:CPD-20354	MetaCyc:CPD-20354	MetaCyc:CPD-20354	MetaCyc:CPD-20354	MetaCyc:CPD-20354	EQ	eQuilibrator:MNXM126182	MetaCyc:CPD-20354@Charged	eQuilibrator:MNXM126182
cpd33425	MetaCyc:CPD-15444@Charged	MetaCyc:CPD-15444@Charged	MetaCyc:CPD-15444@Charged	MetaCyc:CPD-15444@Charged	MetaCyc:CPD-15444	MetaCyc:CPD-15444	GC	MetaCyc:CPD-15444@Charged	MetaCyc:CPD-15444@Charged	
cpd33426	MetaCyc:CPD-14469;ChEBI:67147	MetaCyc:CPD-14469;ChEBI:67147	MetaCyc:CPD-14469;ChEBI:67147	MetaCyc:CPD-14469;ChEBI:67147	MetaCyc:CPD-14469	MetaCyc:CPD-14469	GC	MetaCyc:CPD-14469@Charged	MetaCyc:CPD-14469@Charged	eQuilibrator:MNXM53988
cpd33427	MetaCyc:CPD-18439	MetaCyc:CPD-18439	MetaCyc:CPD-18439	MetaCyc:CPD-18439		MetaCyc:CPD-18439	GC	MetaCyc:CPD-18439@Charged	MetaCyc:CPD-18439@Charged	
cpd33428	MetaCyc:CPD-21133	MetaCyc:CPD-21133	MetaCyc:CPD-21133	MetaCyc:CPD-21133	MetaCyc:CPD-21133	MetaCyc:CPD-21133	GC	MetaCyc:CPD-21133@Charged	MetaCyc:CPD-21133@Charged	
cpd33429	MetaCyc:CPD-20991	MetaCyc:CPD-20991	MetaCyc:CPD-20991	MetaCyc:CPD-20991	MetaCyc:CPD-20991	MetaCyc:CPD-20991	GC	MetaCyc:CPD-20991@Charged	MetaCyc:CPD-20991@Charged	
cpd33430	MetaCyc:CPD-20560@Charged	MetaCyc:CPD-20560@Charged	MetaCyc:CPD-20560@Charged	MetaCyc:CPD-20560@Charged	MetaCyc:CPD-20560	MetaCyc:CPD-20560	GC	MetaCyc:CPD-20560@Charged	MetaCyc:CPD-20560@Charged	
cpd33431	MetaCyc:CPD-17325@Charged	MetaCyc:CPD-17325@Charged	MetaCyc:CPD-17325@Charged	MetaCyc:CPD-17325@Charged	MetaCyc:CPD-17325	MetaCyc:CPD-17325	GC	MetaCyc:CPD-17325@Charged	MetaCyc:CPD-17325@Charged	
cpd33432	MetaCyc:CPD-18735	MetaCyc:CPD-18735	MetaCyc:CPD-18735	MetaCyc:CPD-18735	MetaCyc:CPD-18735	MetaCyc:CPD-18735	EQ	eQuilibrator:MNXM530983	MetaCyc:CPD-18735@Charged	eQuilibrator:MNXM530983
cpd33433	MetaCyc:CPD-20374	MetaCyc:CPD-20374	MetaCyc:CPD-20374	MetaCyc:CPD-20374	MetaCyc:CPD-20374	MetaCyc:CPD-20374	EQ	eQuilibrator:MNXM126859	MetaCyc:CPD-20374@Charged	eQuilibrator:MNXM126859
cpd33434	MetaCyc:CPD-19745;ChEBI:133927	MetaCyc:CPD-19745;ChEBI:133927	MetaCyc:CPD-19745;ChEBI:133927	MetaCyc:CPD-19745;ChEBI:133927	MetaCyc:CPD-19745	MetaCyc:CPD-19745	EQ	eQuilibrator:MNXM163401	MetaCyc:CPD-19745@Charged	eQuilibrator:MNXM163401
cpd33435	MetaCyc:CPD-18385	MetaCyc:CPD-18385	MetaCyc:CPD-18385	MetaCyc:CPD-18385	MetaCyc:CPD-18385	MetaCyc:CPD-18385	GC	MetaCyc:CPD-18385@Charged	MetaCyc:CPD-18385@Charged	eQuilibrator:MNXM165193
cpd33436	MetaCyc:CPD-17760@Charged	MetaCyc:CPD-17760@Charged	MetaCyc:CPD-17760@Charged	MetaCyc:CPD-17760@Charged	MetaCyc:CPD-17760	MetaCyc:CPD-17760	GC	MetaCyc:CPD-17760@Charged	MetaCyc:CPD-17760@Charged	
cpd33437	MetaCyc:CPD-14451	MetaCyc:CPD-14451	MetaCyc:CPD-14451	MetaCyc:CPD-14451	MetaCyc:CPD-14451	MetaCyc:CPD-14451	EQ	eQuilibrator:MNXM105869	MetaCyc:CPD-14451@Charged	eQuilibrator:MNXM105869
cpd33438	MetaCyc:CPD-20504	MetaCyc:CPD-20504	MetaCyc:CPD-20504	MetaCyc:CPD-20504	MetaCyc:CPD-20504	MetaCyc:CPD-20504	GC	MetaCyc:CPD-20504@Charged	MetaCyc:CPD-20504@Charged	
cpd33439	MetaCyc:CPD-16017	MetaCyc:CPD-16017	MetaCyc:CPD-16017	MetaCyc:CPD-16017		MetaCyc:CPD-16017	GC	MetaCyc:CPD-16017@Charged	MetaCyc:CPD-16017@Charged	eQuilibrator:MNXM52466
cpd33440	MetaCyc:CPD-21403	MetaCyc:CPD-21403	MetaCyc:CPD-21403	MetaCyc:CPD-21403	MetaCyc:CPD-21403	MetaCyc:CPD-21403	GC	MetaCyc:CPD-21403@Charged	MetaCyc:CPD-21403@Charged	
cpd33441	MetaCyc:CPD-19299	MetaCyc:CPD-19299	MetaCyc:CPD-19299	MetaCyc:CPD-19299	MetaCyc:CPD-19299	MetaCyc:CPD-19299	EQ	eQuilibrator:MNXM13706	MetaCyc:CPD-19299@Charged	eQuilibrator:MNXM13706
cpd33442	MetaCyc:CPD-21425	MetaCyc:CPD-21425	MetaCyc:CPD-21425	MetaCyc:CPD-21425	MetaCyc:CPD-21425	MetaCyc:CPD-21425	GC	MetaCyc:CPD-21425@Charged	MetaCyc:CPD-21425@Charged	
cpd33443	MetaCyc:CPD-16992	MetaCyc:CPD-16992	MetaCyc:CPD-16992	MetaCyc:CPD-16992	MetaCyc:CPD-16992	MetaCyc:CPD-16992	EQ	eQuilibrator:MNXM149167	MetaCyc:CPD-16992@Charged	eQuilibrator:MNXM149167
cpd33444	MetaCyc:CPD-17552	MetaCyc:CPD-17552	MetaCyc:CPD-17552	MetaCyc:CPD-17552	MetaCyc:CPD-17552	MetaCyc:CPD-17552	GC	MetaCyc:CPD-17552@Charged	MetaCyc:CPD-17552@Charged	eQuilibrator:MNXM147765
cpd33445	MetaCyc:CPD-18141	MetaCyc:CPD-18141	MetaCyc:CPD-18141	MetaCyc:CPD-18141		MetaCyc:CPD-18141	GC	MetaCyc:CPD-18141@Charged	MetaCyc:CPD-18141@Charged	eQuilibrator:MNXM57335
cpd33446	MetaCyc:CPD-18402	MetaCyc:CPD-18402	MetaCyc:CPD-18402	MetaCyc:CPD-18402	MetaCyc:CPD-18402	MetaCyc:CPD-18402	GC	MetaCyc:CPD-18402@Charged	MetaCyc:CPD-18402@Charged	
cpd33447	MetaCyc:CPD-16670	MetaCyc:CPD-16670	MetaCyc:CPD-16670	MetaCyc:CPD-16670	MetaCyc:CPD-16670	MetaCyc:CPD-16670	GC	MetaCyc:CPD-16670@Charged	MetaCyc:CPD-16670@Charged	eQuilibrator:MNXM147870
cpd33448	MetaCyc:CPD-14984@Charged	MetaCyc:CPD-14984@Charged	MetaCyc:CPD-14984@Charged	MetaCyc:CPD-14984@Charged	MetaCyc:CPD-14984	MetaCyc:CPD-14984	GC	MetaCyc:CPD-14984@Charged	MetaCyc:CPD-14984@Charged	eQuilibrator:MNXM114721
cpd33449	MetaCyc:CPD-15246@Charged	MetaCyc:CPD-15246@Charged	MetaCyc:CPD-15246@Charged	MetaCyc:CPD-15246@Charged	MetaCyc:CPD-15246	MetaCyc:CPD-15246	EQ		MetaCyc:CPD-15246@Charged	
cpd33450	MetaCyc:CPD-16676	MetaCyc:CPD-16676	MetaCyc:CPD-16676	MetaCyc:CPD-16676	MetaCyc:CPD-16676	MetaCyc:CPD-16676	GC	MetaCyc:CPD-16676@Charged	MetaCyc:CPD-16676@Charged	
cpd33451	MetaCyc:CPD-17792	MetaCyc:CPD-17792	MetaCyc:CPD-17792	MetaCyc:CPD-17792	MetaCyc:CPD-17792	MetaCyc:CPD-17792	GC	MetaCyc:CPD-17792@Charged	MetaCyc:CPD-17792@Charged	eQuilibrator:MNXM148214
cpd33452	MetaCyc:CPD-17387;ChEBI:76356	MetaCyc:CPD-17387;ChEBI:76356	MetaCyc:CPD-17387;ChEBI:76356	MetaCyc:CPD-17387;ChEBI:76356	MetaCyc:CPD-17387	MetaCyc:CPD-17387	EQ	eQuilibrator:MNXM162515	MetaCyc:CPD-17387@Charged	eQuilibrator:MNXM162515
cpd33453	MetaCyc:CPD-19964	MetaCyc:CPD-19964	MetaCyc:CPD-19964	MetaCyc:CPD-19964	MetaCyc:CPD-19964	MetaCyc:CPD-19964	GC	MetaCyc:CPD-19964@Charged	MetaCyc:CPD-19964@Charged	
cpd33454	MetaCyc:CPD-20402;ChEBI:84651	MetaCyc:CPD-20402;ChEBI:84651	MetaCyc:CPD-20402;ChEBI:84651	MetaCyc:CPD-20402;ChEBI:84651	MetaCyc:CPD-20402	MetaCyc:CPD-20402	GC	MetaCyc:CPD-20402@Charged	MetaCyc:CPD-20402@Charged	eQuilibrator:MNXM51892
cpd33455	MetaCyc:CPD-15850;ChEBI:82626	MetaCyc:CPD-15850;ChEBI:82626	MetaCyc:CPD-15850;ChEBI:82626	MetaCyc:CPD-15850;ChEBI:82626	MetaCyc:CPD-15850	MetaCyc:CPD-15850	GC	MetaCyc:CPD-15850@Charged	MetaCyc:CPD-15850@Charged	
cpd33456	MetaCyc:CPD-17599;ChEBI:90893	MetaCyc:CPD-17599;ChEBI:90893	MetaCyc:CPD-17599;ChEBI:90893	MetaCyc:CPD-17599;ChEBI:90893	MetaCyc:CPD-17599	MetaCyc:CPD-17599	EQ	eQuilibrator:MNXM148982	MetaCyc:CPD-17599@Charged	eQuilibrator:MNXM148982
cpd33457	MetaCyc:CPD-17938	MetaCyc:CPD-17938	MetaCyc:CPD-17938	MetaCyc:CPD-17938	MetaCyc:CPD-17938	MetaCyc:CPD-17938	GC	MetaCyc:CPD-17938@Charged	MetaCyc:CPD-17938@Charged	
cpd33458	MetaCyc:CPD-21437;ChEBI:143196	MetaCyc:CPD-21437;ChEBI:143196	MetaCyc:CPD-21437;ChEBI:143196	MetaCyc:CPD-21437;ChEBI:143196	MetaCyc:CPD-21437	MetaCyc:CPD-21437	GC	MetaCyc:CPD-21437@Charged	MetaCyc:CPD-21437@Charged	
cpd33459	MetaCyc:CPD-16898	MetaCyc:CPD-16898	MetaCyc:CPD-16898	MetaCyc:CPD-16898	MetaCyc:CPD-16898	MetaCyc:CPD-16898	GC	MetaCyc:CPD-16898@Charged	MetaCyc:CPD-16898@Charged	
cpd33460	MetaCyc:CPD-15194	MetaCyc:CPD-15194	MetaCyc:CPD-15194	MetaCyc:CPD-15194	MetaCyc:CPD-15194	MetaCyc:CPD-15194	EQ	eQuilibrator:MNXM147371	MetaCyc:CPD-15194@Charged	eQuilibrator:MNXM147371
cpd33461	MetaCyc:CPD-17795	MetaCyc:CPD-17795	MetaCyc:CPD-17795	MetaCyc:CPD-17795	MetaCyc:CPD-17795	MetaCyc:CPD-17795	EQ	eQuilibrator:MNXM147641	MetaCyc:CPD-17795@Charged	eQuilibrator:MNXM147641
cpd33462	MetaCyc:CPD-20250;ChEBI:138165	MetaCyc:CPD-20250;ChEBI:138165	MetaCyc:CPD-20250;ChEBI:138165	MetaCyc:CPD-20250;ChEBI:138165	MetaCyc:CPD-20250	MetaCyc:CPD-20250	GC	MetaCyc:CPD-20250@Charged	MetaCyc:CPD-20250@Charged	
cpd33463	MetaCyc:CPD-19812	MetaCyc:CPD-19812	MetaCyc:CPD-19812	MetaCyc:CPD-19812	MetaCyc:CPD-19812	MetaCyc:CPD-19812	GC	MetaCyc:CPD-19812@Charged	MetaCyc:CPD-19812@Charged	
cpd33464	MetaCyc:CPD-15181@Charged	MetaCyc:CPD-15181@Charged	MetaCyc:CPD-15181@Charged	MetaCyc:CPD-15181@Charged	MetaCyc:CPD-15181		GC	MetaCyc:CPD-15181@Charged	MetaCyc:CPD-15181@Charged	
cpd33465	MetaCyc:CPD-14732	MetaCyc:CPD-14732	MetaCyc:CPD-14732	MetaCyc:CPD-14732	MetaCyc:CPD-14732	MetaCyc:CPD-14732	EQ	eQuilibrator:MNXM98578	MetaCyc:CPD-14732@Charged	eQuilibrator:MNXM98578
cpd33466	MetaCyc:CPD-18370	MetaCyc:CPD-18370	MetaCyc:CPD-18370	MetaCyc:CPD-18370	MetaCyc:CPD-18370	MetaCyc:CPD-18370	GC	MetaCyc:CPD-18370@Charged	MetaCyc:CPD-18370@Charged	
cpd33467	MetaCyc:CPD-20764	MetaCyc:CPD-20764	MetaCyc:CPD-20764	MetaCyc:CPD-20764	MetaCyc:CPD-20764	MetaCyc:CPD-20764	GC	MetaCyc:CPD-20764@Charged	MetaCyc:CPD-20764@Charged	
cpd33468	MetaCyc:CPD-16969	MetaCyc:CPD-16969	MetaCyc:CPD-16969	MetaCyc:CPD-16969	MetaCyc:CPD-16969	MetaCyc:CPD-16969	GC	MetaCyc:CPD-16969@Charged	MetaCyc:CPD-16969@Charged	eQuilibrator:MNXM148241
cpd33469	MetaCyc:CPD-18217@Charged	MetaCyc:CPD-18217@Charged	MetaCyc:CPD-18217@Charged	MetaCyc:CPD-18217@Charged	MetaCyc:CPD-18217	MetaCyc:CPD-18217	GC	MetaCyc:CPD-18217@Charged	MetaCyc:CPD-18217@Charged	
cpd33470	MetaCyc:CPD-18661	MetaCyc:CPD-18661	MetaCyc:CPD-18661	MetaCyc:CPD-18661	MetaCyc:CPD-18661	MetaCyc:CPD-18661	GC	MetaCyc:CPD-18661@Charged	MetaCyc:CPD-18661@Charged	
cpd33471	MetaCyc:CPD-21256	MetaCyc:CPD-21256	MetaCyc:CPD-21256	MetaCyc:CPD-21256	MetaCyc:CPD-21256	MetaCyc:CPD-21256	GC	MetaCyc:CPD-21256@Charged	MetaCyc:CPD-21256@Charged	
cpd33472	MetaCyc:CPD-20247	MetaCyc:CPD-20247	MetaCyc:CPD-20247	MetaCyc:CPD-20247	MetaCyc:CPD-20247	MetaCyc:CPD-20247	GC	MetaCyc:CPD-20247@Charged	MetaCyc:CPD-20247@Charged	
cpd33473	MetaCyc:CPD-16611;ChEBI:78259	MetaCyc:CPD-16611;ChEBI:78259	MetaCyc:CPD-16611;ChEBI:78259	MetaCyc:CPD-16611;ChEBI:78259	MetaCyc:CPD-16611	MetaCyc:CPD-16611	GC	MetaCyc:CPD-16611@Charged	MetaCyc:CPD-16611@Charged	eQuilibrator:MNXM128897
cpd33474	MetaCyc:CPD-20142	MetaCyc:CPD-20142	MetaCyc:CPD-20142	MetaCyc:CPD-20142	MetaCyc:CPD-20142	MetaCyc:CPD-20142	GC	MetaCyc:CPD-20142@Charged	MetaCyc:CPD-20142@Charged	
cpd33475	MetaCyc:CPD-15437	MetaCyc:CPD-15437	MetaCyc:CPD-15437	MetaCyc:CPD-15437	MetaCyc:CPD-15437	MetaCyc:CPD-15437	GC	MetaCyc:CPD-15437@Charged	MetaCyc:CPD-15437@Charged	
cpd33476	MetaCyc:CPD-18330	MetaCyc:CPD-18330	MetaCyc:CPD-18330	MetaCyc:CPD-18330	MetaCyc:CPD-18330	MetaCyc:CPD-18330	GC	MetaCyc:CPD-18330@Charged	MetaCyc:CPD-18330@Charged	eQuilibrator:MNXM683444
cpd33477	MetaCyc:CPD-18148@Charged	MetaCyc:CPD-18148@Charged	MetaCyc:CPD-18148@Charged	MetaCyc:CPD-18148@Charged	MetaCyc:CPD-18148	MetaCyc:CPD-18148	EQ		MetaCyc:CPD-18148@Charged	
cpd33478	MetaCyc:CPD-17953	MetaCyc:CPD-17953	MetaCyc:CPD-17953	MetaCyc:CPD-17953	MetaCyc:CPD-17953	MetaCyc:CPD-17953	GC	MetaCyc:CPD-17953@Charged	MetaCyc:CPD-17953@Charged	
cpd33479	MetaCyc:CPD-15232	MetaCyc:CPD-15232	MetaCyc:CPD-15232	MetaCyc:CPD-15232	MetaCyc:CPD-15232	MetaCyc:CPD-15232	GC	MetaCyc:CPD-15232@Charged	MetaCyc:CPD-15232@Charged	
cpd33480	MetaCyc:CPD-14874;ChEBI:73482	MetaCyc:CPD-14874;ChEBI:73482	MetaCyc:CPD-14874;ChEBI:73482	MetaCyc:CPD-14874;ChEBI:73482	MetaCyc:CPD-14874	MetaCyc:CPD-14874	GC	MetaCyc:CPD-14874@Charged	MetaCyc:CPD-14874@Charged	eQuilibrator:MNXM114513
cpd33481	MetaCyc:CPD-17722	MetaCyc:CPD-17722	MetaCyc:CPD-17722	MetaCyc:CPD-17722	MetaCyc:CPD-17722	MetaCyc:CPD-17722	EQ	eQuilibrator:MNXM127175	MetaCyc:CPD-17722@Charged	eQuilibrator:MNXM127175
cpd33482	MetaCyc:CPD-18442	MetaCyc:CPD-18442	MetaCyc:CPD-18442	MetaCyc:CPD-18442	MetaCyc:CPD-18442	MetaCyc:CPD-18442	EQ	eQuilibrator:MNXM681410	MetaCyc:CPD-18442@Charged	eQuilibrator:MNXM681410
cpd33483	MetaCyc:CPD-18527	MetaCyc:CPD-18527	MetaCyc:CPD-18527	MetaCyc:CPD-18527	MetaCyc:CPD-18527	MetaCyc:CPD-18527	EQ	eQuilibrator:MNXM35926	MetaCyc:CPD-18527@Charged	eQuilibrator:MNXM35926
cpd33484	MetaCyc:CPD-17428	MetaCyc:CPD-17428	MetaCyc:CPD-17428	MetaCyc:CPD-17428	MetaCyc:CPD-17428	MetaCyc:CPD-17428	GC	MetaCyc:CPD-17428@Charged	MetaCyc:CPD-17428@Charged	
cpd33485	MetaCyc:CPD-19547@Charged	MetaCyc:CPD-19547@Charged	MetaCyc:CPD-19547@Charged	MetaCyc:CPD-19547@Charged	MetaCyc:CPD-19547	MetaCyc:CPD-19547	GC	MetaCyc:CPD-19547@Charged	MetaCyc:CPD-19547@Charged	
cpd33486										
cpd33487	MetaCyc:CPD-17569@Charged	MetaCyc:CPD-17569@Charged	MetaCyc:CPD-17569@Charged	MetaCyc:CPD-17569@Charged	MetaCyc:CPD-17569	MetaCyc:CPD-17569	GC	MetaCyc:CPD-17569@Charged	MetaCyc:CPD-17569@Charged	eQuilibrator:MNXM151162
cpd33488	MetaCyc:CPD-17149@Charged	MetaCyc:CPD-17149@Charged	MetaCyc:CPD-17149@Charged	MetaCyc:CPD-17149@Charged	MetaCyc:CPD-17149	MetaCyc:CPD-17149	EQ	eQuilibrator:MNXM42854	MetaCyc:CPD-17149@Charged	eQuilibrator:MNXM42854
cpd33489	MetaCyc:CPD-19920;ChEBI:141054	MetaCyc:CPD-19920;ChEBI:141054	MetaCyc:CPD-19920;ChEBI:141054	MetaCyc:CPD-19920;ChEBI:141054	MetaCyc:CPD-19920	MetaCyc:CPD-19920	GC	MetaCyc:CPD-19920@Charged	MetaCyc:CPD-19920@Charged	
cpd33490	MetaCyc:CPD-20589	MetaCyc:CPD-20589	MetaCyc:CPD-20589	MetaCyc:CPD-20589		MetaCyc:CPD-20589	GC	MetaCyc:CPD-20589@Charged	MetaCyc:CPD-20589@Charged	
cpd33491	MetaCyc:CPD-16937	MetaCyc:CPD-16937	MetaCyc:CPD-16937	MetaCyc:CPD-16937	MetaCyc:CPD-16937	MetaCyc:CPD-16937	EQ	eQuilibrator:MNXM147388	MetaCyc:CPD-16937@Charged	eQuilibrator:MNXM147388
cpd33492	MetaCyc:CPD-16680	MetaCyc:CPD-16680	MetaCyc:CPD-16680	MetaCyc:CPD-16680		MetaCyc:CPD-16680	GC	MetaCyc:CPD-16680@Charged	MetaCyc:CPD-16680@Charged	
cpd33493	MetaCyc:CPD-19229	MetaCyc:CPD-19229	MetaCyc:CPD-19229	MetaCyc:CPD-19229	MetaCyc:CPD-19229		GC	MetaCyc:CPD-19229@Charged	MetaCyc:CPD-19229@Charged	eQuilibrator:MNXM150797
cpd33494	MetaCyc:CPD-18757;ChEBI:74422	MetaCyc:CPD-18757;ChEBI:74422	MetaCyc:CPD-18757;ChEBI:74422	MetaCyc:CPD-18757;ChEBI:74422	MetaCyc:CPD-18757	MetaCyc:CPD-18757	GC	MetaCyc:CPD-18757@Charged	MetaCyc:CPD-18757@Charged	eQuilibrator:MNXM151038
cpd33495	MetaCyc:CPD-18183	MetaCyc:CPD-18183	MetaCyc:CPD-18183	MetaCyc:CPD-18183	MetaCyc:CPD-18183	MetaCyc:CPD-18183	EQ	eQuilibrator:MNXM164777	MetaCyc:CPD-18183@Charged	eQuilibrator:MNXM164777
cpd33496	MetaCyc:CPD-18654	MetaCyc:CPD-18654	MetaCyc:CPD-18654	MetaCyc:CPD-18654	MetaCyc:CPD-18654	MetaCyc:CPD-18654	EQ	eQuilibrator:MNXM164640	MetaCyc:CPD-18654@Charged	eQuilibrator:MNXM164640
cpd33497	MetaCyc:CPD-16932@Charged	MetaCyc:CPD-16932@Charged	MetaCyc:CPD-16932@Charged	MetaCyc:CPD-16932@Charged	MetaCyc:CPD-16932	MetaCyc:CPD-16932	GC	MetaCyc:CPD-16932@Charged	MetaCyc:CPD-16932@Charged	
cpd33498	MetaCyc:CPD-21511@Charged	MetaCyc:CPD-21511@Charged	MetaCyc:CPD-21511@Charged	MetaCyc:CPD-21511@Charged	MetaCyc:CPD-21511	MetaCyc:CPD-21511	GC	MetaCyc:CPD-21511@Charged	MetaCyc:CPD-21511@Charged	
cpd33499	MetaCyc:CPD-20885	MetaCyc:CPD-20885	MetaCyc:CPD-20885	MetaCyc:CPD-20885	MetaCyc:CPD-20885	MetaCyc:CPD-20885	GC	MetaCyc:CPD-20885@Charged	MetaCyc:CPD-20885@Charged	
cpd33500	MetaCyc:CPD-14554	MetaCyc:CPD-14554	MetaCyc:CPD-14554	MetaCyc:CPD-14554		MetaCyc:CPD-14554	GC	MetaCyc:CPD-14554@Charged	MetaCyc:CPD-14554@Charged	
cpd33501	MetaCyc:CPD-21384;ChEBI:136751	MetaCyc:CPD-21384;ChEBI:136751	MetaCyc:CPD-21384;ChEBI:136751	MetaCyc:CPD-21384;ChEBI:136751	MetaCyc:CPD-21384	MetaCyc:CPD-21384	GC	MetaCyc:CPD-21384@Charged	MetaCyc:CPD-21384@Charged	
cpd33502	MetaCyc:CPD-20964;ChEBI:136743	MetaCyc:CPD-20964;ChEBI:136743	MetaCyc:CPD-20964;ChEBI:136743	MetaCyc:CPD-20964;ChEBI:136743	MetaCyc:CPD-20964	MetaCyc:CPD-20964	GC	MetaCyc:CPD-20964@Charged	MetaCyc:CPD-20964@Charged	
cpd33503	MetaCyc:CPD-20809@Charged	MetaCyc:CPD-20809@Charged	MetaCyc:CPD-20809@Charged	MetaCyc:CPD-20809@Charged	MetaCyc:CPD-20809	MetaCyc:CPD-20809	GC	MetaCyc:CPD-20809@Charged	MetaCyc:CPD-20809@Charged	
cpd33504	MetaCyc:CPD-16564	MetaCyc:CPD-16564	MetaCyc:CPD-16564	MetaCyc:CPD-16564	MetaCyc:CPD-16564	MetaCyc:CPD-16564	EQ	eQuilibrator:MNXM491351	MetaCyc:CPD-16564@Charged	eQuilibrator:MNXM491351
cpd33505	MetaCyc:CPD-20676	MetaCyc:CPD-20676	MetaCyc:CPD-20676	MetaCyc:CPD-20676	MetaCyc:CPD-20676	MetaCyc:CPD-20676	GC	MetaCyc:CPD-20676@Charged	MetaCyc:CPD-20676@Charged	
cpd33506	MetaCyc:CPD-18853@Charged	MetaCyc:CPD-18853@Charged		MetaCyc:CPD-18853@Charged	MetaCyc:CPD-18853	MetaCyc:CPD-18853	GC	MetaCyc:CPD-18853@Charged	MetaCyc:CPD-18853@Charged	
cpd33507	MetaCyc:CPD-14528	MetaCyc:CPD-14528	MetaCyc:CPD-14528	MetaCyc:CPD-14528	MetaCyc:CPD-14528	MetaCyc:CPD-14528	EQ	eQuilibrator:MNXM14344	MetaCyc:CPD-14528@Charged	eQuilibrator:MNXM14344
cpd33508	MetaCyc:CPD-18745	MetaCyc:CPD-18745	MetaCyc:CPD-18745	MetaCyc:CPD-18745	MetaCyc:CPD-18745	MetaCyc:CPD-18745	GC	MetaCyc:CPD-18745@Charged	MetaCyc:CPD-18745@Charged	eQuilibrator:MNXM164287
cpd33509	MetaCyc:CPD-17072@Charged;ChEBI:167552@Charged	MetaCyc:CPD-17072@Charged;ChEBI:167552@Charged	MetaCyc:CPD-17072@Charged;ChEBI:167552@Charged	MetaCyc:CPD-17072@Charged;ChEBI:167552@Charged	MetaCyc:CPD-17072	MetaCyc:CPD-17072	EQ		MetaCyc:CPD-17072@Charged	
cpd33510	MetaCyc:CPD-18573;ChEBI:75105	MetaCyc:CPD-18573;ChEBI:75105	MetaCyc:CPD-18573;ChEBI:75105	MetaCyc:CPD-18573;ChEBI:75105	MetaCyc:CPD-18573	MetaCyc:CPD-18573	EQ	eQuilibrator:MNXM146187	MetaCyc:CPD-18573@Charged	eQuilibrator:MNXM146187
cpd33511	MetaCyc:CPD-15897	MetaCyc:CPD-15897	MetaCyc:CPD-15897	MetaCyc:CPD-15897	MetaCyc:CPD-15897	MetaCyc:CPD-15897	EQ	eQuilibrator:MNXM148668	MetaCyc:CPD-15897@Charged	eQuilibrator:MNXM148668
cpd33512	MetaCyc:CPD-14729;ChEBI:85640	MetaCyc:CPD-14729;ChEBI:85640	MetaCyc:CPD-14729;ChEBI:85640	MetaCyc:CPD-14729;ChEBI:85640	MetaCyc:CPD-14729	MetaCyc:CPD-14729	EQ	eQuilibrator:MNXM101815	MetaCyc:CPD-14729@Charged	eQuilibrator:MNXM101815
cpd33513	MetaCyc:CPD-17473	MetaCyc:CPD-17473	MetaCyc:CPD-17473	MetaCyc:CPD-17473	MetaCyc:CPD-17473		EQ	eQuilibrator:MNXM33538	MetaCyc:CPD-17473@Charged	eQuilibrator:MNXM33538
cpd33514	MetaCyc:CPD-19872	MetaCyc:CPD-19872	MetaCyc:CPD-19872	MetaCyc:CPD-19872			EQ	eQuilibrator:MNXM100377	MetaCyc:CPD-19872@Charged	eQuilibrator:MNXM100377
cpd33515	MetaCyc:CPD-16538@Charged	MetaCyc:CPD-16538@Charged	MetaCyc:CPD-16538@Charged	MetaCyc:CPD-16538@Charged	MetaCyc:CPD-16538	MetaCyc:CPD-16538	GC	MetaCyc:CPD-16538@Charged	MetaCyc:CPD-16538@Charged	
cpd33516	MetaCyc:CPD-20993;ChEBI:75456	MetaCyc:CPD-20993;ChEBI:75456	MetaCyc:CPD-20993;ChEBI:75456	MetaCyc:CPD-20993;ChEBI:75456	MetaCyc:CPD-20993	MetaCyc:CPD-20993	EQ	eQuilibrator:MNXM62011	MetaCyc:CPD-20993@Charged	eQuilibrator:MNXM62011
cpd33517	MetaCyc:CPD-20218@Charged;ChEBI:139032@Charged	MetaCyc:CPD-20218@Charged;ChEBI:139032@Charged	MetaCyc:CPD-20218@Charged;ChEBI:139032@Charged	MetaCyc:CPD-20218@Charged;ChEBI:139032@Charged	MetaCyc:CPD-20218		GC	MetaCyc:CPD-20218@Charged	MetaCyc:CPD-20218@Charged	
cpd33518	MetaCyc:CPD-16873;ChEBI:82773	MetaCyc:CPD-16873;ChEBI:82773	MetaCyc:CPD-16873;ChEBI:82773	MetaCyc:CPD-16873;ChEBI:82773	MetaCyc:CPD-16873	MetaCyc:CPD-16873	EQ	eQuilibrator:MNXM145717	MetaCyc:CPD-16873@Charged	eQuilibrator:MNXM145717
cpd33519	MetaCyc:CPD-19848;ChEBI:84932	MetaCyc:CPD-19848;ChEBI:84932	MetaCyc:CPD-19848;ChEBI:84932	MetaCyc:CPD-19848;ChEBI:84932		MetaCyc:CPD-19848	EQ	eQuilibrator:MNXM155886	MetaCyc:CPD-19848@Charged	eQuilibrator:MNXM155886
cpd33520	MetaCyc:CPD-19917@Charged	MetaCyc:CPD-19917@Charged	MetaCyc:CPD-19917@Charged	MetaCyc:CPD-19917@Charged	MetaCyc:CPD-19917	MetaCyc:CPD-19917	GC	MetaCyc:CPD-19917@Charged	MetaCyc:CPD-19917@Charged	
cpd33521	MetaCyc:CPD-16767	MetaCyc:CPD-16767	MetaCyc:CPD-16767	MetaCyc:CPD-16767@Charged	MetaCyc:CPD-16767	MetaCyc:CPD-16767	GC	MetaCyc:CPD-16767@Charged	MetaCyc:CPD-16767@Charged	
cpd33522	MetaCyc:CPD-16944	MetaCyc:CPD-16944	MetaCyc:CPD-16944	MetaCyc:CPD-16944	MetaCyc:CPD-16944	MetaCyc:CPD-16944	GC	MetaCyc:CPD-16944@Charged	MetaCyc:CPD-16944@Charged	eQuilibrator:MNXM149164
cpd33523	MetaCyc:CPD-20556	MetaCyc:CPD-20556	MetaCyc:CPD-20556	MetaCyc:CPD-20556		MetaCyc:CPD-20556	GC	MetaCyc:CPD-20556@Charged	MetaCyc:CPD-20556@Charged	
cpd33524	MetaCyc:CPD-19798@Charged	MetaCyc:CPD-19798@Charged	MetaCyc:CPD-19798@Charged	MetaCyc:CPD-19798@Charged	MetaCyc:CPD-19798	MetaCyc:CPD-19798	GC	MetaCyc:CPD-19798@Charged	MetaCyc:CPD-19798@Charged	
cpd33525	MetaCyc:CPD-20412	MetaCyc:CPD-20412	MetaCyc:CPD-20412	MetaCyc:CPD-20412	MetaCyc:CPD-20412	MetaCyc:CPD-20412	GC	MetaCyc:CPD-20412@Charged	MetaCyc:CPD-20412@Charged	
cpd33526	MetaCyc:CPD-18339	MetaCyc:CPD-18339	MetaCyc:CPD-18339	MetaCyc:CPD-18339	MetaCyc:CPD-18339	MetaCyc:CPD-18339	GC	MetaCyc:CPD-18339@Charged	MetaCyc:CPD-18339@Charged	eQuilibrator:MNXM683447
cpd33527	MetaCyc:CPD-16448;ChEBI:76851	MetaCyc:CPD-16448;ChEBI:76851	MetaCyc:CPD-16448;ChEBI:76851	MetaCyc:CPD-16448;ChEBI:76851	MetaCyc:CPD-16448	MetaCyc:CPD-16448	GC	MetaCyc:CPD-16448@Charged	MetaCyc:CPD-16448@Charged	
cpd33528	MetaCyc:CPD-17823@Charged	MetaCyc:CPD-17823@Charged	MetaCyc:CPD-17823@Charged	MetaCyc:CPD-17823@Charged	MetaCyc:CPD-17823	MetaCyc:CPD-17823	GC	MetaCyc:CPD-17823@Charged	MetaCyc:CPD-17823@Charged	
cpd33529	MetaCyc:CPD-17166	MetaCyc:CPD-17166	MetaCyc:CPD-17166	MetaCyc:CPD-17166	MetaCyc:CPD-17166	MetaCyc:CPD-17166	EQ	eQuilibrator:MNXM148206	MetaCyc:CPD-17166@Charged	eQuilibrator:MNXM148206
cpd33530	MetaCyc:CPD-14814	MetaCyc:CPD-14814	MetaCyc:CPD-14814	MetaCyc:CPD-14814	MetaCyc:CPD-14814	MetaCyc:CPD-14814	EQ	eQuilibrator:MNXM114462	MetaCyc:CPD-14814@Charged	eQuilibrator:MNXM114462
cpd33531	MetaCyc:CPD-18905@Charged	MetaCyc:CPD-18905@Charged		MetaCyc:CPD-18905@Charged	MetaCyc:CPD-18905	MetaCyc:CPD-18905	GC	MetaCyc:CPD-18905@Charged	MetaCyc:CPD-18905@Charged	
cpd33532	MetaCyc:CPD-17936	MetaCyc:CPD-17936	MetaCyc:CPD-17936	MetaCyc:CPD-17936	MetaCyc:CPD-17936	MetaCyc:CPD-17936	GC	MetaCyc:CPD-17936@Charged	MetaCyc:CPD-17936@Charged	
cpd33533	MetaCyc:CPD-17191	MetaCyc:CPD-17191	MetaCyc:CPD-17191	MetaCyc:CPD-17191	MetaCyc:CPD-17191	MetaCyc:CPD-17191	GC	MetaCyc:CPD-17191@Charged	MetaCyc:CPD-17191@Charged	eQuilibrator:MNXM153126
cpd33534	MetaCyc:CPD-15946	MetaCyc:CPD-15946	MetaCyc:CPD-15946	MetaCyc:CPD-15946	MetaCyc:CPD-15946	MetaCyc:CPD-15946	GC	MetaCyc:CPD-15946@Charged	MetaCyc:CPD-15946@Charged	eQuilibrator:MNXM147750
cpd33535	MetaCyc:CPD-20213	MetaCyc:CPD-20213	MetaCyc:CPD-20213	MetaCyc:CPD-20213		MetaCyc:CPD-20213	GC	MetaCyc:CPD-20213@Charged	MetaCyc:CPD-20213@Charged	
cpd33536	MetaCyc:CPD-15073	MetaCyc:CPD-15073	MetaCyc:CPD-15073	MetaCyc:CPD-15073	MetaCyc:CPD-15073	MetaCyc:CPD-15073	EQ	eQuilibrator:MNXM114427	MetaCyc:CPD-15073@Charged	eQuilibrator:MNXM114427
cpd33537	MetaCyc:CPD-17011@Charged	MetaCyc:CPD-17011@Charged	MetaCyc:CPD-17011@Charged	MetaCyc:CPD-17011@Charged	MetaCyc:CPD-17011	MetaCyc:CPD-17011	EQ		MetaCyc:CPD-17011@Charged	
cpd33538	MetaCyc:CPD-18805	MetaCyc:CPD-18805		MetaCyc:CPD-18805	MetaCyc:CPD-18805	MetaCyc:CPD-18805	GC	MetaCyc:CPD-18805@Charged	MetaCyc:CPD-18805@Charged	
cpd33539	MetaCyc:CPD-19419	MetaCyc:CPD-19419	MetaCyc:CPD-19419	MetaCyc:CPD-19419	MetaCyc:CPD-19419	MetaCyc:CPD-19419	GC	MetaCyc:CPD-19419@Charged	MetaCyc:CPD-19419@Charged	eQuilibrator:MNXM165024
cpd33540	MetaCyc:CPD-20430@Charged;ChEBI:138311@Charged	MetaCyc:CPD-20430@Charged;ChEBI:138311@Charged	MetaCyc:CPD-20430@Charged;ChEBI:138311@Charged	MetaCyc:CPD-20430@Charged;ChEBI:138311@Charged	MetaCyc:CPD-20430		GC	MetaCyc:CPD-20430@Charged	MetaCyc:CPD-20430@Charged	
cpd33541	MetaCyc:CPD-19443@Charged;ChEBI:146209	MetaCyc:CPD-19443@Charged;ChEBI:146209	MetaCyc:CPD-19443@Charged;ChEBI:146209	MetaCyc:CPD-19443@Charged	MetaCyc:CPD-19443	MetaCyc:CPD-19443	GC	MetaCyc:CPD-19443@Charged	MetaCyc:CPD-19443@Charged	
cpd33542	MetaCyc:CPD-18831;ChEBI:140637	MetaCyc:CPD-18831;ChEBI:140637	MetaCyc:CPD-18831;ChEBI:140637	MetaCyc:CPD-18831;ChEBI:140637	MetaCyc:CPD-18831	MetaCyc:CPD-18831	GC	MetaCyc:CPD-18831@Charged	MetaCyc:CPD-18831@Charged	eQuilibrator:MNXM166692
cpd33543	MetaCyc:CPD-19587	MetaCyc:CPD-19587	MetaCyc:CPD-19587	MetaCyc:CPD-19587	MetaCyc:CPD-19587		GC	MetaCyc:CPD-19587@Charged	MetaCyc:CPD-19587@Charged	eQuilibrator:MNXM483682
cpd33544	MetaCyc:CPD-19828	MetaCyc:CPD-19828	MetaCyc:CPD-19828	MetaCyc:CPD-19828	MetaCyc:CPD-19828	MetaCyc:CPD-19828	GC	MetaCyc:CPD-19828@Charged	MetaCyc:CPD-19828@Charged	
cpd33545	MetaCyc:CPD-17041@Charged;ChEBI:79071@Charged	MetaCyc:CPD-17041@Charged;ChEBI:79071@Charged	MetaCyc:CPD-17041@Charged;ChEBI:79071@Charged	MetaCyc:CPD-17041@Charged;ChEBI:79071@Charged	MetaCyc:CPD-17041	MetaCyc:CPD-17041	GC	MetaCyc:CPD-17041@Charged	MetaCyc:CPD-17041@Charged	
cpd33546	MetaCyc:CPD-21166	MetaCyc:CPD-21166	MetaCyc:CPD-21166	MetaCyc:CPD-21166	MetaCyc:CPD-21166	MetaCyc:CPD-21166	GC	MetaCyc:CPD-21166@Charged	MetaCyc:CPD-21166@Charged	
cpd33547	MetaCyc:CPD-20394	MetaCyc:CPD-20394	MetaCyc:CPD-20394	MetaCyc:CPD-20394	MetaCyc:CPD-20394		EQ	eQuilibrator:MNXM150161	MetaCyc:CPD-20394@Charged	eQuilibrator:MNXM150161
cpd33548	MetaCyc:CPD-16429	MetaCyc:CPD-16429	MetaCyc:CPD-16429	MetaCyc:CPD-16429	MetaCyc:CPD-16429	MetaCyc:CPD-16429	GC	MetaCyc:CPD-16429@Charged	MetaCyc:CPD-16429@Charged	eQuilibrator:MNXM155602
cpd33549	MetaCyc:CPD-20261	MetaCyc:CPD-20261	MetaCyc:CPD-20261	MetaCyc:CPD-20261	MetaCyc:CPD-20261	MetaCyc:CPD-20261	GC	MetaCyc:CPD-20261@Charged	MetaCyc:CPD-20261@Charged	
cpd33550	MetaCyc:CPD-18488	MetaCyc:CPD-18488	MetaCyc:CPD-18488	MetaCyc:CPD-18488	MetaCyc:CPD-18488	MetaCyc:CPD-18488	EQ	eQuilibrator:MNXM18955	MetaCyc:CPD-18488@Charged	eQuilibrator:MNXM18955
cpd33551	MetaCyc:CPD-14960	MetaCyc:CPD-14960	MetaCyc:CPD-14960	MetaCyc:CPD-14960	MetaCyc:CPD-14960	MetaCyc:CPD-14960	GC	MetaCyc:CPD-14960@Charged	MetaCyc:CPD-14960@Charged	eQuilibrator:MNXM114688
cpd33552	MetaCyc:CPD-20437	MetaCyc:CPD-20437	MetaCyc:CPD-20437	MetaCyc:CPD-20437		MetaCyc:CPD-20437	GC	MetaCyc:CPD-20437@Charged	MetaCyc:CPD-20437@Charged	
cpd33553	MetaCyc:CPD-19123	MetaCyc:CPD-19123	MetaCyc:CPD-19123	MetaCyc:CPD-19123	MetaCyc:CPD-19123	MetaCyc:CPD-19123	EQ	eQuilibrator:MNXM683044	MetaCyc:CPD-19123@Charged	eQuilibrator:MNXM683044
cpd33554	MetaCyc:CPD-17606	MetaCyc:CPD-17606	MetaCyc:CPD-17606	MetaCyc:CPD-17606	MetaCyc:CPD-17606	MetaCyc:CPD-17606	EQ	eQuilibrator:MNXM149063	MetaCyc:CPD-17606@Charged	eQuilibrator:MNXM149063
cpd33555	MetaCyc:CPD-16377	MetaCyc:CPD-16377	MetaCyc:CPD-16377	MetaCyc:CPD-16377	MetaCyc:CPD-16377	MetaCyc:CPD-16377	GC	MetaCyc:CPD-16377@Charged	MetaCyc:CPD-16377@Charged	eQuilibrator:MNXM57487
cpd33556	MetaCyc:CPD-15385	MetaCyc:CPD-15385	MetaCyc:CPD-15385	MetaCyc:CPD-15385	MetaCyc:CPD-15385	MetaCyc:CPD-15385	GC	MetaCyc:CPD-15385@Charged	MetaCyc:CPD-15385@Charged	
cpd33557	MetaCyc:CPD-19221@Charged	MetaCyc:CPD-19221@Charged	MetaCyc:CPD-19221@Charged	MetaCyc:CPD-19221@Charged	MetaCyc:CPD-19221	MetaCyc:CPD-19221	GC	MetaCyc:CPD-19221@Charged	MetaCyc:CPD-19221@Charged	
cpd33558	MetaCyc:CPD-17973	MetaCyc:CPD-17973	MetaCyc:CPD-17973	MetaCyc:CPD-17973	MetaCyc:CPD-17973	MetaCyc:CPD-17973	EQ	eQuilibrator:MNXM147393	MetaCyc:CPD-17973@Charged	eQuilibrator:MNXM147393
cpd33559	MetaCyc:CPD-16886	MetaCyc:CPD-16886	MetaCyc:CPD-16886	MetaCyc:CPD-16886	MetaCyc:CPD-16886	MetaCyc:CPD-16886	EQ	eQuilibrator:MNXM147718	MetaCyc:CPD-16886@Charged	eQuilibrator:MNXM147718
cpd33560	MetaCyc:CPD-16720	MetaCyc:CPD-16720	MetaCyc:CPD-16720	MetaCyc:CPD-16720	MetaCyc:CPD-16720	MetaCyc:CPD-16720	EQ	eQuilibrator:MNXM149207	MetaCyc:CPD-16720@Charged	eQuilibrator:MNXM149207
cpd33561	MetaCyc:CPD-18972	MetaCyc:CPD-18972	MetaCyc:CPD-18972	MetaCyc:CPD-18972	MetaCyc:CPD-18972	MetaCyc:CPD-18972	EQ	eQuilibrator:MNXM165277	MetaCyc:CPD-18972@Charged	eQuilibrator:MNXM165277
cpd33562	MetaCyc:CPD-19373	MetaCyc:CPD-19373	MetaCyc:CPD-19373	MetaCyc:CPD-19373	MetaCyc:CPD-19373	MetaCyc:CPD-19373	GC	MetaCyc:CPD-19373@Charged	MetaCyc:CPD-19373@Charged	
cpd33563	MetaCyc:CPD-17804	MetaCyc:CPD-17804	MetaCyc:CPD-17804	MetaCyc:CPD-17804		MetaCyc:CPD-17804	EQ	eQuilibrator:MNXM99992	MetaCyc:CPD-17804@Charged	eQuilibrator:MNXM99992
cpd33564	MetaCyc:CPD-18284@Charged	MetaCyc:CPD-18284@Charged	MetaCyc:CPD-18284@Charged	MetaCyc:CPD-18284@Charged	MetaCyc:CPD-18284	MetaCyc:CPD-18284	GC	MetaCyc:CPD-18284@Charged	MetaCyc:CPD-18284@Charged	
cpd33565	MetaCyc:CPD-16849@Charged	MetaCyc:CPD-16849@Charged	MetaCyc:CPD-16849@Charged	MetaCyc:CPD-16849@Charged	MetaCyc:CPD-16849	MetaCyc:CPD-16849	EQ	eQuilibrator:MNXM148385	MetaCyc:CPD-16849@Charged	eQuilibrator:MNXM148385
cpd33566	MetaCyc:CPD-14869	MetaCyc:CPD-14869	MetaCyc:CPD-14869	MetaCyc:CPD-14869	MetaCyc:CPD-14869		EQ	eQuilibrator:MNXM47539	MetaCyc:CPD-14869@Charged	eQuilibrator:MNXM47539
cpd33567	MetaCyc:CPD66-77	MetaCyc:CPD66-77	MetaCyc:CPD66-77	MetaCyc:CPD66-77	MetaCyc:CPD66-77	MetaCyc:CPD66-77	GC	MetaCyc:CPD66-77@Charged	MetaCyc:CPD66-77@Charged	
cpd33568	MetaCyc:CPD-21210	MetaCyc:CPD-21210	MetaCyc:CPD-21210	MetaCyc:CPD-21210	MetaCyc:CPD-21210	MetaCyc:CPD-21210	GC	MetaCyc:CPD-21210@Charged	MetaCyc:CPD-21210@Charged	
cpd33569	MetaCyc:CPD-21238	MetaCyc:CPD-21238	MetaCyc:CPD-21238	MetaCyc:CPD-21238	MetaCyc:CPD-21238	MetaCyc:CPD-21238	GC	MetaCyc:CPD-21238@Charged	MetaCyc:CPD-21238@Charged	
cpd33570	MetaCyc:CPD-15093	MetaCyc:CPD-15093	MetaCyc:CPD-15093	MetaCyc:CPD-15093	MetaCyc:CPD-15093	MetaCyc:CPD-15093	EQ	eQuilibrator:MNXM116016	MetaCyc:CPD-15093@Charged	eQuilibrator:MNXM116016
cpd33571	MetaCyc:CPD-20493	MetaCyc:CPD-20493	MetaCyc:CPD-20493	MetaCyc:CPD-20493	MetaCyc:CPD-20493	MetaCyc:CPD-20493	GC	MetaCyc:CPD-20493@Charged	MetaCyc:CPD-20493@Charged	
cpd33572	MetaCyc:CPD-20109;ChEBI:137565	MetaCyc:CPD-20109;ChEBI:137565	MetaCyc:CPD-20109;ChEBI:137565	MetaCyc:CPD-20109;ChEBI:137565	MetaCyc:CPD-20109	MetaCyc:CPD-20109	GC	MetaCyc:CPD-20109@Charged	MetaCyc:CPD-20109@Charged	
cpd33573	MetaCyc:CPD-20436@Charged	MetaCyc:CPD-20436@Charged	MetaCyc:CPD-20436@Charged	MetaCyc:CPD-20436@Charged	MetaCyc:CPD-20436	MetaCyc:CPD-20436	GC	MetaCyc:CPD-20436@Charged	MetaCyc:CPD-20436@Charged	
cpd33574	MetaCyc:CPD-19791@Charged	MetaCyc:CPD-19791@Charged	MetaCyc:CPD-19791@Charged	MetaCyc:CPD-19791@Charged	MetaCyc:CPD-19791	MetaCyc:CPD-19791	GC	MetaCyc:CPD-19791@Charged	MetaCyc:CPD-19791@Charged	
cpd33575	MetaCyc:CPD-20449;ChEBI:138301	MetaCyc:CPD-20449;ChEBI:138301	MetaCyc:CPD-20449;ChEBI:138301	MetaCyc:CPD-20449;ChEBI:138301			GC	MetaCyc:CPD-20449@Charged	MetaCyc:CPD-20449@Charged	
cpd33576	MetaCyc:CPD-20161	MetaCyc:CPD-20161	MetaCyc:CPD-20161	MetaCyc:CPD-20161	MetaCyc:CPD-20161	MetaCyc:CPD-20161	GC	MetaCyc:CPD-20161@Charged	MetaCyc:CPD-20161@Charged	
cpd33577	MetaCyc:CPD-18569	MetaCyc:CPD-18569	MetaCyc:CPD-18569	MetaCyc:CPD-18569	MetaCyc:CPD-18569		EQ	eQuilibrator:MNXM62707	MetaCyc:CPD-18569@Charged	eQuilibrator:MNXM62707
cpd33578	MetaCyc:CPD-14798	MetaCyc:CPD-14798	MetaCyc:CPD-14798	MetaCyc:CPD-14798			GC	MetaCyc:CPD-14798@Charged	MetaCyc:CPD-14798@Charged	
cpd33579	MetaCyc:CPD-20729@Charged	MetaCyc:CPD-20729@Charged	MetaCyc:CPD-20729@Charged	MetaCyc:CPD-20729@Charged	MetaCyc:CPD-20729	MetaCyc:CPD-20729	GC	MetaCyc:CPD-20729@Charged	MetaCyc:CPD-20729@Charged	
cpd33580	MetaCyc:CPD-18476	MetaCyc:CPD-18476	MetaCyc:CPD-18476	MetaCyc:CPD-18476	MetaCyc:CPD-18476	MetaCyc:CPD-18476	GC	MetaCyc:CPD-18476@Charged	MetaCyc:CPD-18476@Charged	eQuilibrator:MNXM164120
cpd33581	MetaCyc:CPD-14807	MetaCyc:CPD-14807	MetaCyc:CPD-14807	MetaCyc:CPD-14807	MetaCyc:CPD-14807	MetaCyc:CPD-14807	EQ	eQuilibrator:MNXM114501	MetaCyc:CPD-14807@Charged	eQuilibrator:MNXM114501
cpd33582	MetaCyc:CPD-20450;ChEBI:138302	MetaCyc:CPD-20450;ChEBI:138302	MetaCyc:CPD-20450;ChEBI:138302	MetaCyc:CPD-20450;ChEBI:138302			GC	MetaCyc:CPD-20450@Charged	MetaCyc:CPD-20450@Charged	
cpd33583	MetaCyc:CPD-17274	MetaCyc:CPD-17274	MetaCyc:CPD-17274	MetaCyc:CPD-17274	MetaCyc:CPD-17274	MetaCyc:CPD-17274	GC	MetaCyc:CPD-17274@Charged	MetaCyc:CPD-17274@Charged	
cpd33584	MetaCyc:CPD-15520	MetaCyc:CPD-15520	MetaCyc:CPD-15520	MetaCyc:CPD-15520		MetaCyc:CPD-15520	EQ	eQuilibrator:MNXM45500	MetaCyc:CPD-15520@Charged	eQuilibrator:MNXM45500
cpd33585	MetaCyc:CPD-18625;ChEBI:142980	MetaCyc:CPD-18625;ChEBI:142980	MetaCyc:CPD-18625;ChEBI:142980	MetaCyc:CPD-18625;ChEBI:142980	MetaCyc:CPD-18625	MetaCyc:CPD-18625	GC	MetaCyc:CPD-18625@Charged	MetaCyc:CPD-18625@Charged	eQuilibrator:MNXM164577
cpd33586	MetaCyc:CPD-20815@Charged	MetaCyc:CPD-20815@Charged	MetaCyc:CPD-20815@Charged	MetaCyc:CPD-20815@Charged	MetaCyc:CPD-20815	MetaCyc:CPD-20815	GC	MetaCyc:CPD-20815@Charged	MetaCyc:CPD-20815@Charged	
cpd33587	MetaCyc:CPD-15286	MetaCyc:CPD-15286	MetaCyc:CPD-15286	MetaCyc:CPD-15286	MetaCyc:CPD-15286	MetaCyc:CPD-15286	EQ	eQuilibrator:MNXM147361	MetaCyc:CPD-15286@Charged	eQuilibrator:MNXM147361
cpd33588	MetaCyc:CPD-19287@Charged	MetaCyc:CPD-19287@Charged	MetaCyc:CPD-19287@Charged	MetaCyc:CPD-19287@Charged	MetaCyc:CPD-19287	MetaCyc:CPD-19287	GC	MetaCyc:CPD-19287@Charged	MetaCyc:CPD-19287@Charged	
cpd33589	MetaCyc:CPD0-2546	MetaCyc:CPD0-2546	MetaCyc:CPD0-2546	MetaCyc:CPD0-2546	MetaCyc:CPD0-2546		GC	MetaCyc:CPD0-2546@Charged	MetaCyc:CPD0-2546@Charged	
cpd33590	MetaCyc:CPD-17526	MetaCyc:CPD-17526	MetaCyc:CPD-17526	MetaCyc:CPD-17526	MetaCyc:CPD-17526	MetaCyc:CPD-17526	EQ	eQuilibrator:MNXM30517	MetaCyc:CPD-17526@Charged	eQuilibrator:MNXM30517
cpd33591	MetaCyc:CPD-16711	MetaCyc:CPD-16711	MetaCyc:CPD-16711	MetaCyc:CPD-16711	MetaCyc:CPD-16711		EQ	eQuilibrator:MNXM47007	MetaCyc:CPD-16711@Charged	eQuilibrator:MNXM47007
cpd33592	MetaCyc:CPD-18587	MetaCyc:CPD-18587	MetaCyc:CPD-18587	MetaCyc:CPD-18587	MetaCyc:CPD-18587	MetaCyc:CPD-18587	GC	MetaCyc:CPD-18587@Charged	MetaCyc:CPD-18587@Charged	
cpd33593	MetaCyc:CPD-21411;ChEBI:167058	MetaCyc:CPD-21411;ChEBI:167058	MetaCyc:CPD-21411;ChEBI:167058	MetaCyc:CPD-21411;ChEBI:167058	MetaCyc:CPD-21411	MetaCyc:CPD-21411	GC	MetaCyc:CPD-21411@Charged	MetaCyc:CPD-21411@Charged	
cpd33594	MetaCyc:CPD-18313@Charged	MetaCyc:CPD-18313@Charged	MetaCyc:CPD-18313@Charged	MetaCyc:CPD-18313@Charged	MetaCyc:CPD-18313	MetaCyc:CPD-18313	GC	MetaCyc:CPD-18313@Charged	MetaCyc:CPD-18313@Charged	
cpd33595	MetaCyc:CPD-20854@Charged	MetaCyc:CPD-20854@Charged	MetaCyc:CPD-20854@Charged	MetaCyc:CPD-20854@Charged	MetaCyc:CPD-20854	MetaCyc:CPD-20854	GC	MetaCyc:CPD-20854@Charged	MetaCyc:CPD-20854@Charged	
cpd33596										
cpd33597	MetaCyc:CPD-19031;ChEBI:131798	MetaCyc:CPD-19031;ChEBI:131798	MetaCyc:CPD-19031;ChEBI:131798	MetaCyc:CPD-19031;ChEBI:131798	MetaCyc:CPD-19031	MetaCyc:CPD-19031	EQ	eQuilibrator:MNXM162518	MetaCyc:CPD-19031@Charged	eQuilibrator:MNXM162518
cpd33598	MetaCyc:CPD-17456	MetaCyc:CPD-17456	MetaCyc:CPD-17456	MetaCyc:CPD-17456	MetaCyc:CPD-17456	MetaCyc:CPD-17456	GC	MetaCyc:CPD-17456@Charged	MetaCyc:CPD-17456@Charged	
cpd33599	MetaCyc:CPD-18929	MetaCyc:CPD-18929	MetaCyc:CPD-18929	MetaCyc:CPD-18929	MetaCyc:CPD-18929	MetaCyc:CPD-18929	GC	MetaCyc:CPD-18929@Charged	MetaCyc:CPD-18929@Charged	
cpd33600	MetaCyc:CPD-16572	MetaCyc:CPD-16572	MetaCyc:CPD-16572	MetaCyc:CPD-16572	MetaCyc:CPD-16572	MetaCyc:CPD-16572	EQ	eQuilibrator:MNXM149192	MetaCyc:CPD-16572@Charged	eQuilibrator:MNXM149192
cpd33601	MetaCyc:CPD-21435;ChEBI:143224	MetaCyc:CPD-21435;ChEBI:143224	MetaCyc:CPD-21435;ChEBI:143224	MetaCyc:CPD-21435;ChEBI:143224	MetaCyc:CPD-21435	MetaCyc:CPD-21435	GC	MetaCyc:CPD-21435@Charged	MetaCyc:CPD-21435@Charged	
cpd33602	MetaCyc:CPD-15122	MetaCyc:CPD-15122	MetaCyc:CPD-15122	MetaCyc:CPD-15122@Charged	MetaCyc:CPD-15122	MetaCyc:CPD-15122	GC	MetaCyc:CPD-15122@Charged	MetaCyc:CPD-15122@Charged	
cpd33603	MetaCyc:CPD-15757	MetaCyc:CPD-15757	MetaCyc:CPD-15757	MetaCyc:CPD-15757	MetaCyc:CPD-15757	MetaCyc:CPD-15757	EQ	eQuilibrator:MNXM491959	MetaCyc:CPD-15757@Charged	eQuilibrator:MNXM491959
cpd33604	MetaCyc:CPD-20179	MetaCyc:CPD-20179	MetaCyc:CPD-20179	MetaCyc:CPD-20179	MetaCyc:CPD-20179	MetaCyc:CPD-20179	GC	MetaCyc:CPD-20179@Charged	MetaCyc:CPD-20179@Charged	
cpd33605	MetaCyc:CPD-15668	MetaCyc:CPD-15668	MetaCyc:CPD-15668	MetaCyc:CPD-15668	MetaCyc:CPD-15668	MetaCyc:CPD-15668	EQ	eQuilibrator:MNXM147823	MetaCyc:CPD-15668@Charged	eQuilibrator:MNXM147823
cpd33606	MetaCyc:CPD-19712@Charged	MetaCyc:CPD-19712@Charged	MetaCyc:CPD-19712@Charged	MetaCyc:CPD-19712@Charged	MetaCyc:CPD-19712		GC	MetaCyc:CPD-19712@Charged	MetaCyc:CPD-19712@Charged	
cpd33607	MetaCyc:CPD-20778@Charged	MetaCyc:CPD-20778@Charged	MetaCyc:CPD-20778@Charged	MetaCyc:CPD-20778@Charged	MetaCyc:CPD-20778	MetaCyc:CPD-20778	GC	MetaCyc:CPD-20778@Charged	MetaCyc:CPD-20778@Charged	
cpd33608	MetaCyc:CPD-16855;ChEBI:82766	MetaCyc:CPD-16855;ChEBI:82766	MetaCyc:CPD-16855;ChEBI:82766	MetaCyc:CPD-16855;ChEBI:82766	MetaCyc:CPD-16855	MetaCyc:CPD-16855	EQ	eQuilibrator:MNXM146345	MetaCyc:CPD-16855@Charged	eQuilibrator:MNXM146345
cpd33609	MetaCyc:CPD-18931	MetaCyc:CPD-18931	MetaCyc:CPD-18931	MetaCyc:CPD-18931	MetaCyc:CPD-18931	MetaCyc:CPD-18931	EQ	eQuilibrator:MNXM511855	MetaCyc:CPD-18931@Charged	eQuilibrator:MNXM511855
cpd33610	MetaCyc:CPD-19929	MetaCyc:CPD-19929	MetaCyc:CPD-19929	MetaCyc:CPD-19929	MetaCyc:CPD-19929	MetaCyc:CPD-19929	GC	MetaCyc:CPD-19929@Charged	MetaCyc:CPD-19929@Charged	
cpd33611	MetaCyc:CPD-19578	MetaCyc:CPD-19578	MetaCyc:CPD-19578	MetaCyc:CPD-19578	MetaCyc:CPD-19578	MetaCyc:CPD-19578	GC	MetaCyc:CPD-19578@Charged	MetaCyc:CPD-19578@Charged	eQuilibrator:MNXM587495
cpd33612	MetaCyc:CPD-18858@Charged	MetaCyc:CPD-18858@Charged		MetaCyc:CPD-18858@Charged	MetaCyc:CPD-18858	MetaCyc:CPD-18858	GC	MetaCyc:CPD-18858@Charged	MetaCyc:CPD-18858@Charged	
cpd33613	MetaCyc:CPD-19934	MetaCyc:CPD-19934	MetaCyc:CPD-19934	MetaCyc:CPD-19934	MetaCyc:CPD-19934	MetaCyc:CPD-19934	GC	MetaCyc:CPD-19934@Charged	MetaCyc:CPD-19934@Charged	
cpd33614	MetaCyc:CPD-19915	MetaCyc:CPD-19915	MetaCyc:CPD-19915	MetaCyc:CPD-19915	MetaCyc:CPD-19915	MetaCyc:CPD-19915	GC	MetaCyc:CPD-19915@Charged	MetaCyc:CPD-19915@Charged	
cpd33615	MetaCyc:CPD-18590	MetaCyc:CPD-18590	MetaCyc:CPD-18590	MetaCyc:CPD-18590	MetaCyc:CPD-18590	MetaCyc:CPD-18590	GC	MetaCyc:CPD-18590@Charged	MetaCyc:CPD-18590@Charged	
cpd33616	MetaCyc:CPD-16551	MetaCyc:CPD-16551	MetaCyc:CPD-16551	MetaCyc:CPD-16551	MetaCyc:CPD-16551	MetaCyc:CPD-16551	EQ	eQuilibrator:MNXM38271	MetaCyc:CPD-16551@Charged	eQuilibrator:MNXM38271
cpd33617	MetaCyc:CPD-14862	MetaCyc:CPD-14862	MetaCyc:CPD-14862	MetaCyc:CPD-14862	MetaCyc:CPD-14862	MetaCyc:CPD-14862	GC	MetaCyc:CPD-14862@Charged	MetaCyc:CPD-14862@Charged	eQuilibrator:MNXM114583
cpd33618	MetaCyc:CPD-18303	MetaCyc:CPD-18303	MetaCyc:CPD-18303	MetaCyc:CPD-18303	MetaCyc:CPD-18303	MetaCyc:CPD-18303	GC	MetaCyc:CPD-18303@Charged	MetaCyc:CPD-18303@Charged	eQuilibrator:MNXM491657
cpd33619	MetaCyc:CPD-18687	MetaCyc:CPD-18687	MetaCyc:CPD-18687	MetaCyc:CPD-18687	MetaCyc:CPD-18687	MetaCyc:CPD-18687	EQ	eQuilibrator:MNXM165032	MetaCyc:CPD-18687@Charged	eQuilibrator:MNXM165032
cpd33620	MetaCyc:CPD-18597	MetaCyc:CPD-18597	MetaCyc:CPD-18597	MetaCyc:CPD-18597	MetaCyc:CPD-18597	MetaCyc:CPD-18597	GC	MetaCyc:CPD-18597@Charged	MetaCyc:CPD-18597@Charged	
cpd33621	MetaCyc:CPD-20158	MetaCyc:CPD-20158	MetaCyc:CPD-20158	MetaCyc:CPD-20158	MetaCyc:CPD-20158	MetaCyc:CPD-20158	GC	MetaCyc:CPD-20158@Charged	MetaCyc:CPD-20158@Charged	
cpd33622	MetaCyc:CPD-17209	MetaCyc:CPD-17209	MetaCyc:CPD-17209	MetaCyc:CPD-17209	MetaCyc:CPD-17209	MetaCyc:CPD-17209	GC	MetaCyc:CPD-17209@Charged	MetaCyc:CPD-17209@Charged	eQuilibrator:MNXM147694
cpd33623	MetaCyc:CPD-18641@Charged	MetaCyc:CPD-18641@Charged	MetaCyc:CPD-18641@Charged	MetaCyc:CPD-18641@Charged	MetaCyc:CPD-18641	MetaCyc:CPD-18641	GC	MetaCyc:CPD-18641@Charged	MetaCyc:CPD-18641@Charged	eQuilibrator:MNXM683690
cpd33624	MetaCyc:CPD-14794	MetaCyc:CPD-14794	MetaCyc:CPD-14794	MetaCyc:CPD-14794	MetaCyc:CPD-14794	MetaCyc:CPD-14794	EQ	eQuilibrator:MNXM117827	MetaCyc:CPD-14794@Charged	eQuilibrator:MNXM117827
cpd33625	MetaCyc:CPD-21244@Charged	MetaCyc:CPD-21244@Charged	MetaCyc:CPD-21244@Charged	MetaCyc:CPD-21244@Charged	MetaCyc:CPD-21244	MetaCyc:CPD-21244	GC	MetaCyc:CPD-21244@Charged	MetaCyc:CPD-21244@Charged	
cpd33626	MetaCyc:CPD-20849@Charged	MetaCyc:CPD-20849@Charged	MetaCyc:CPD-20849@Charged	MetaCyc:CPD-20849@Charged	MetaCyc:CPD-20849	MetaCyc:CPD-20849	GC	MetaCyc:CPD-20849@Charged	MetaCyc:CPD-20849@Charged	
cpd33627	MetaCyc:CPD-18111;ChEBI:142286	MetaCyc:CPD-18111;ChEBI:142286	MetaCyc:CPD-18111;ChEBI:142286	MetaCyc:CPD-18111;ChEBI:142286	MetaCyc:CPD-18111	MetaCyc:CPD-18111	GC	MetaCyc:CPD-18111@Charged	MetaCyc:CPD-18111@Charged	eQuilibrator:MNXM166410
cpd33628	MetaCyc:CPD-19071	MetaCyc:CPD-19071	MetaCyc:CPD-19071	MetaCyc:CPD-19071	MetaCyc:CPD-19071	MetaCyc:CPD-19071	GC	MetaCyc:CPD-19071@Charged	MetaCyc:CPD-19071@Charged	eQuilibrator:MNXM163948
cpd33629	MetaCyc:CPD-15484	MetaCyc:CPD-15484	MetaCyc:CPD-15484	MetaCyc:CPD-15484	MetaCyc:CPD-15484	MetaCyc:CPD-15484	GC	MetaCyc:CPD-15484@Charged	MetaCyc:CPD-15484@Charged	eQuilibrator:MNXM148683
cpd33630	MetaCyc:CPD-17852@Charged	MetaCyc:CPD-17852@Charged	MetaCyc:CPD-17852@Charged	MetaCyc:CPD-17852@Charged	MetaCyc:CPD-17852		EQ	eQuilibrator:MNXM153031	MetaCyc:CPD-17852@Charged	eQuilibrator:MNXM153031
cpd33631	MetaCyc:CPD-20804@Charged	MetaCyc:CPD-20804@Charged	MetaCyc:CPD-20804@Charged	MetaCyc:CPD-20804@Charged	MetaCyc:CPD-20804		GC	MetaCyc:CPD-20804@Charged	MetaCyc:CPD-20804@Charged	
cpd33632	MetaCyc:CPD-18138	MetaCyc:CPD-18138	MetaCyc:CPD-18138	MetaCyc:CPD-18138		MetaCyc:CPD-18138	EQ	eQuilibrator:MNXM57329	MetaCyc:CPD-18138@Charged	eQuilibrator:MNXM57329
cpd33633	MetaCyc:CPD-19883;ChEBI:136668	MetaCyc:CPD-19883;ChEBI:136668	MetaCyc:CPD-19883;ChEBI:136668	MetaCyc:CPD-19883;ChEBI:136668	MetaCyc:CPD-19883	MetaCyc:CPD-19883	EQ	eQuilibrator:MNXM479111	MetaCyc:CPD-19883@Charged	eQuilibrator:MNXM479111
cpd33634	MetaCyc:CPD-16003	MetaCyc:CPD-16003	MetaCyc:CPD-16003	MetaCyc:CPD-16003	MetaCyc:CPD-16003		EQ	eQuilibrator:MNXM28737	MetaCyc:CPD-16003@Charged	eQuilibrator:MNXM28737
cpd33635	MetaCyc:CPD-16355;ChEBI:52979	MetaCyc:CPD-16355;ChEBI:52979	MetaCyc:CPD-16355;ChEBI:52979	MetaCyc:CPD-16355;ChEBI:52979	MetaCyc:CPD-16355	MetaCyc:CPD-16355	EQ	eQuilibrator:MNXM64019	MetaCyc:CPD-16355@Charged	eQuilibrator:MNXM64019
cpd33636	MetaCyc:CPD-15129;ChEBI:48994	MetaCyc:CPD-15129;ChEBI:48994	MetaCyc:CPD-15129;ChEBI:48994	MetaCyc:CPD-15129;ChEBI:48994	MetaCyc:CPD-15129	MetaCyc:CPD-15129	EQ	eQuilibrator:MNXM7729	MetaCyc:CPD-15129@Charged	eQuilibrator:MNXM7729
cpd33637	MetaCyc:CPD-20839@Charged	MetaCyc:CPD-20839@Charged	MetaCyc:CPD-20839@Charged	MetaCyc:CPD-20839@Charged	MetaCyc:CPD-20839	MetaCyc:CPD-20839	GC	MetaCyc:CPD-20839@Charged	MetaCyc:CPD-20839@Charged	
cpd33638	MetaCyc:CPD-15803@Charged;Override:ACPs	MetaCyc:CPD-15803@Charged;Override:ACPs		MetaCyc:CPD-15803@Charged	MetaCyc:CPD-15803	MetaCyc:CPD-15803	GC	MetaCyc:CPD-15803@Charged	MetaCyc:CPD-15803@Charged	
cpd33639										
cpd33640	MetaCyc:CPD-21077	MetaCyc:CPD-21077	MetaCyc:CPD-21077	MetaCyc:CPD-21077	MetaCyc:CPD-21077		GC	MetaCyc:CPD-21077@Charged	MetaCyc:CPD-21077@Charged	
cpd33641	MetaCyc:CPD-16850@Charged	MetaCyc:CPD-16850@Charged	MetaCyc:CPD-16850@Charged	MetaCyc:CPD-16850@Charged	MetaCyc:CPD-16850	MetaCyc:CPD-16850	GC	MetaCyc:CPD-16850@Charged	MetaCyc:CPD-16850@Charged	
cpd33642	MetaCyc:CPD-15391	MetaCyc:CPD-15391	MetaCyc:CPD-15391	MetaCyc:CPD-15391	MetaCyc:CPD-15391	MetaCyc:CPD-15391	EQ	eQuilibrator:MNXM34207	MetaCyc:CPD-15391@Charged	eQuilibrator:MNXM34207
cpd33643	MetaCyc:CPD-15309	MetaCyc:CPD-15309	MetaCyc:CPD-15309	MetaCyc:CPD-15309@Charged	MetaCyc:CPD-15309	MetaCyc:CPD-15309	EQ	eQuilibrator:MNXM4658	MetaCyc:CPD-15309@Charged	eQuilibrator:MNXM4658
cpd33644	MetaCyc:CPD-20287	MetaCyc:CPD-20287	MetaCyc:CPD-20287	MetaCyc:CPD-20287	MetaCyc:CPD-20287	MetaCyc:CPD-20287	GC	MetaCyc:CPD-20287@Charged	MetaCyc:CPD-20287@Charged	
cpd33645	MetaCyc:CPD-17698;ChEBI:85006	MetaCyc:CPD-17698;ChEBI:85006	MetaCyc:CPD-17698;ChEBI:85006	MetaCyc:CPD-17698;ChEBI:85006	MetaCyc:CPD-17698	MetaCyc:CPD-17698	EQ	eQuilibrator:MNXM146596	MetaCyc:CPD-17698@Charged	eQuilibrator:MNXM146596
cpd33646	MetaCyc:CPD-19890	MetaCyc:CPD-19890	MetaCyc:CPD-19890	MetaCyc:CPD-19890	MetaCyc:CPD-19890	MetaCyc:CPD-19890	GC	MetaCyc:CPD-19890@Charged	MetaCyc:CPD-19890@Charged	
cpd33647	MetaCyc:CPD-15874	MetaCyc:CPD-15874	MetaCyc:CPD-15874	MetaCyc:CPD-15874@Charged	MetaCyc:CPD-15874	MetaCyc:CPD-15874	GC	MetaCyc:CPD-15874@Charged	MetaCyc:CPD-15874@Charged	
cpd33648	MetaCyc:CPD-17109	MetaCyc:CPD-17109	MetaCyc:CPD-17109	MetaCyc:CPD-17109	MetaCyc:CPD-17109	MetaCyc:CPD-17109	GC	MetaCyc:CPD-17109@Charged	MetaCyc:CPD-17109@Charged	eQuilibrator:MNXM151521
cpd33649	MetaCyc:CPD-21119;ChEBI:156146	MetaCyc:CPD-21119;ChEBI:156146	MetaCyc:CPD-21119;ChEBI:156146	MetaCyc:CPD-21119;ChEBI:156146	MetaCyc:CPD-21119	MetaCyc:CPD-21119	GC	MetaCyc:CPD-21119@Charged	MetaCyc:CPD-21119@Charged	
cpd33650	MetaCyc:CPD-19494;ChEBI:47807	MetaCyc:CPD-19494;ChEBI:47807	MetaCyc:CPD-19494;ChEBI:47807	MetaCyc:CPD-19494;ChEBI:47807		MetaCyc:CPD-19494	GC	MetaCyc:CPD-19494@Charged	MetaCyc:CPD-19494@Charged	
cpd33651	MetaCyc:CPD-15915	MetaCyc:CPD-15915	MetaCyc:CPD-15915	MetaCyc:CPD-15915	MetaCyc:CPD-15915	MetaCyc:CPD-15915	EQ	eQuilibrator:MNXM155852	MetaCyc:CPD-15915@Charged	eQuilibrator:MNXM155852
cpd33652	MetaCyc:CPD-21053	MetaCyc:CPD-21053	MetaCyc:CPD-21053	MetaCyc:CPD-21053	MetaCyc:CPD-21053	MetaCyc:CPD-21053	GC	MetaCyc:CPD-21053@Charged	MetaCyc:CPD-21053@Charged	eQuilibrator:MNXM38567
cpd33653	MetaCyc:CPD-19024;MetaCyc:CPD-21955	MetaCyc:CPD-19024;MetaCyc:CPD-21955	MetaCyc:CPD-19024;MetaCyc:CPD-21955	MetaCyc:CPD-19024;MetaCyc:CPD-21955	MetaCyc:CPD-19024	MetaCyc:CPD-19024	EQ	eQuilibrator:MNXM683049	MetaCyc:CPD-19024@Charged	eQuilibrator:MNXM683049
cpd33654	MetaCyc:CPD-16827	MetaCyc:CPD-16827	MetaCyc:CPD-16827	MetaCyc:CPD-16827	MetaCyc:CPD-16827	MetaCyc:CPD-16827	GC	MetaCyc:CPD-16827@Charged	MetaCyc:CPD-16827@Charged	eQuilibrator:MNXM147108
cpd33655	MetaCyc:CPD-18546	MetaCyc:CPD-18546	MetaCyc:CPD-18546	MetaCyc:CPD-18546	MetaCyc:CPD-18546	MetaCyc:CPD-18546	EQ	eQuilibrator:MNXM164205	MetaCyc:CPD-18546@Charged	eQuilibrator:MNXM164205
cpd33656	MetaCyc:CPD0-2636	MetaCyc:CPD0-2636	MetaCyc:CPD0-2636	MetaCyc:CPD0-2636	MetaCyc:CPD0-2636	MetaCyc:CPD0-2636				
cpd33657	MetaCyc:CPD-16881	MetaCyc:CPD-16881	MetaCyc:CPD-16881	MetaCyc:CPD-16881	MetaCyc:CPD-16881	MetaCyc:CPD-16881	GC	MetaCyc:CPD-16881@Charged	MetaCyc:CPD-16881@Charged	eQuilibrator:MNXM148993
cpd33658	MetaCyc:CPD-18879@Charged	MetaCyc:CPD-18879@Charged		MetaCyc:CPD-18879@Charged	MetaCyc:CPD-18879	MetaCyc:CPD-18879	GC	MetaCyc:CPD-18879@Charged	MetaCyc:CPD-18879@Charged	
cpd33659	MetaCyc:CPD-16368	MetaCyc:CPD-16368	MetaCyc:CPD-16368	MetaCyc:CPD-16368	MetaCyc:CPD-16368	MetaCyc:CPD-16368	GC	MetaCyc:CPD-16368@Charged	MetaCyc:CPD-16368@Charged	eQuilibrator:MNXM57458
cpd33660	MetaCyc:CPD-20270;ChEBI:138963	MetaCyc:CPD-20270;ChEBI:138963	MetaCyc:CPD-20270;ChEBI:138963	MetaCyc:CPD-20270;ChEBI:138963	MetaCyc:CPD-20270	MetaCyc:CPD-20270	GC	MetaCyc:CPD-20270@Charged	MetaCyc:CPD-20270@Charged	
cpd33661	MetaCyc:CPD-19513;ChEBI:143965	MetaCyc:CPD-19513;ChEBI:143965	MetaCyc:CPD-19513;ChEBI:143965	MetaCyc:CPD-19513;ChEBI:143965	MetaCyc:CPD-19513	MetaCyc:CPD-19513	EQ	eQuilibrator:MNXM50303	MetaCyc:CPD-19513@Charged	eQuilibrator:MNXM50303
cpd33662	MetaCyc:CPD-18173	MetaCyc:CPD-18173	MetaCyc:CPD-18173	MetaCyc:CPD-18173	MetaCyc:CPD-18173	MetaCyc:CPD-18173	GC	MetaCyc:CPD-18173@Charged	MetaCyc:CPD-18173@Charged	eQuilibrator:MNXM507583
cpd33663	MetaCyc:CPD-16416	MetaCyc:CPD-16416	MetaCyc:CPD-16416	MetaCyc:CPD-16416	MetaCyc:CPD-16416	MetaCyc:CPD-16416	EQ	eQuilibrator:MNXM88400	MetaCyc:CPD-16416@Charged	eQuilibrator:MNXM88400
cpd33664	MetaCyc:CPD-18293	MetaCyc:CPD-18293	MetaCyc:CPD-18293	MetaCyc:CPD-18293	MetaCyc:CPD-18293	MetaCyc:CPD-18293	EQ	eQuilibrator:MNXM164299	MetaCyc:CPD-18293@Charged	eQuilibrator:MNXM164299
cpd33665	MetaCyc:CPD-14689@Charged	MetaCyc:CPD-14689@Charged	MetaCyc:CPD-14689@Charged	MetaCyc:CPD-14689@Charged	MetaCyc:CPD-14689	MetaCyc:CPD-14689	GC	MetaCyc:CPD-14689@Charged	MetaCyc:CPD-14689@Charged	
cpd33666	MetaCyc:CPD-16724;ChEBI:145110	MetaCyc:CPD-16724;ChEBI:145110	MetaCyc:CPD-16724;ChEBI:145110	MetaCyc:CPD-16724;ChEBI:145110	MetaCyc:CPD-16724	MetaCyc:CPD-16724	EQ	eQuilibrator:MNXM147602	MetaCyc:CPD-16724@Charged	eQuilibrator:MNXM147602
cpd33667	MetaCyc:CPD-21107;ChEBI:145804	MetaCyc:CPD-21107;ChEBI:145804	MetaCyc:CPD-21107;ChEBI:145804	MetaCyc:CPD-21107;ChEBI:145804	MetaCyc:CPD-21107	MetaCyc:CPD-21107	GC	MetaCyc:CPD-21107@Charged	MetaCyc:CPD-21107@Charged	
cpd33668	MetaCyc:CPD-15710	MetaCyc:CPD-15710	MetaCyc:CPD-15710	MetaCyc:CPD-15710	MetaCyc:CPD-15710	MetaCyc:CPD-15710	EQ	eQuilibrator:MNXM152762	MetaCyc:CPD-15710@Charged	eQuilibrator:MNXM152762
cpd33669	MetaCyc:CPD-17713	MetaCyc:CPD-17713	MetaCyc:CPD-17713	MetaCyc:CPD-17713	MetaCyc:CPD-17713	MetaCyc:CPD-17713	GC	MetaCyc:CPD-17713@Charged	MetaCyc:CPD-17713@Charged	eQuilibrator:MNXM151138
cpd33670	MetaCyc:CPD-17889	MetaCyc:CPD-17889	MetaCyc:CPD-17889	MetaCyc:CPD-17889	MetaCyc:CPD-17889	MetaCyc:CPD-17889	GC	MetaCyc:CPD-17889@Charged	MetaCyc:CPD-17889@Charged	
cpd33671	MetaCyc:CPD-18568	MetaCyc:CPD-18568	MetaCyc:CPD-18568	MetaCyc:CPD-18568	MetaCyc:CPD-18568		EQ	eQuilibrator:MNXM496910	MetaCyc:CPD-18568@Charged	eQuilibrator:MNXM496910
cpd33672	MetaCyc:CPD-20182	MetaCyc:CPD-20182	MetaCyc:CPD-20182	MetaCyc:CPD-20182	MetaCyc:CPD-20182	MetaCyc:CPD-20182	GC	MetaCyc:CPD-20182@Charged	MetaCyc:CPD-20182@Charged	
cpd33673	MetaCyc:CPD-21044	MetaCyc:CPD-21044	MetaCyc:CPD-21044	MetaCyc:CPD-21044	MetaCyc:CPD-21044	MetaCyc:CPD-21044	GC	MetaCyc:CPD-21044@Charged	MetaCyc:CPD-21044@Charged	
cpd33674	MetaCyc:CPD-21366	MetaCyc:CPD-21366	MetaCyc:CPD-21366	MetaCyc:CPD-21366	MetaCyc:CPD-21366	MetaCyc:CPD-21366	GC	MetaCyc:CPD-21366@Charged	MetaCyc:CPD-21366@Charged	
cpd33675	MetaCyc:CPD-21017	MetaCyc:CPD-21017	MetaCyc:CPD-21017	MetaCyc:CPD-21017	MetaCyc:CPD-21017	MetaCyc:CPD-21017	GC	MetaCyc:CPD-21017@Charged	MetaCyc:CPD-21017@Charged	
cpd33676	MetaCyc:CPD-16632	MetaCyc:CPD-16632	MetaCyc:CPD-16632	MetaCyc:CPD-16632	MetaCyc:CPD-16632	MetaCyc:CPD-16632	EQ	eQuilibrator:MNXM149027	MetaCyc:CPD-16632@Charged	eQuilibrator:MNXM149027
cpd33677	MetaCyc:CPD-15672	MetaCyc:CPD-15672	MetaCyc:CPD-15672	MetaCyc:CPD-15672	MetaCyc:CPD-15672	MetaCyc:CPD-15672	GC	MetaCyc:CPD-15672@Charged	MetaCyc:CPD-15672@Charged	eQuilibrator:MNXM150396
cpd33678	MetaCyc:CPD-18384	MetaCyc:CPD-18384	MetaCyc:CPD-18384	MetaCyc:CPD-18384	MetaCyc:CPD-18384	MetaCyc:CPD-18384	GC	MetaCyc:CPD-18384@Charged	MetaCyc:CPD-18384@Charged	eQuilibrator:MNXM164854
cpd33679	MetaCyc:CPD-14826	MetaCyc:CPD-14826	MetaCyc:CPD-14826	MetaCyc:CPD-14826	MetaCyc:CPD-14826	MetaCyc:CPD-14826	EQ	eQuilibrator:MNXM114738	MetaCyc:CPD-14826@Charged	eQuilibrator:MNXM114738
cpd33680	MetaCyc:CPD-15987	MetaCyc:CPD-15987	MetaCyc:CPD-15987	MetaCyc:CPD-15987	MetaCyc:CPD-15987	MetaCyc:CPD-15987	EQ	eQuilibrator:MNXM44140	MetaCyc:CPD-15987@Charged	eQuilibrator:MNXM44140
cpd33681	MetaCyc:CPD-21286	MetaCyc:CPD-21286	MetaCyc:CPD-21286	MetaCyc:CPD-21286		MetaCyc:CPD-21286	GC	MetaCyc:CPD-21286@Charged	MetaCyc:CPD-21286@Charged	
cpd33682	MetaCyc:CPD-15878	MetaCyc:CPD-15878		MetaCyc:CPD-15878	MetaCyc:CPD-15878	MetaCyc:CPD-15878				
cpd33683	MetaCyc:CPD-17988	MetaCyc:CPD-17988		MetaCyc:CPD-17988	MetaCyc:CPD-17988	MetaCyc:CPD-17988	GC	MetaCyc:CPD-17988@Charged	MetaCyc:CPD-17988@Charged	
cpd33684	MetaCyc:CPD-21383;ChEBI:136753	MetaCyc:CPD-21383;ChEBI:136753	MetaCyc:CPD-21383;ChEBI:136753	MetaCyc:CPD-21383;ChEBI:136753	MetaCyc:CPD-21383	MetaCyc:CPD-21383	GC	MetaCyc:CPD-21383@Charged	MetaCyc:CPD-21383@Charged	
cpd33685	MetaCyc:CPD-21128;ChEBI:137674	MetaCyc:CPD-21128;ChEBI:137674	MetaCyc:CPD-21128;ChEBI:137674	MetaCyc:CPD-21128;ChEBI:137674	MetaCyc:CPD-21128		EQ	eQuilibrator:MNXM129260	MetaCyc:CPD-21128@Charged	eQuilibrator:MNXM129260
cpd33686	MetaCyc:CPD-18418	MetaCyc:CPD-18418	MetaCyc:CPD-18418	MetaCyc:CPD-18418	MetaCyc:CPD-18418	MetaCyc:CPD-18418	GC	MetaCyc:CPD-18418@Charged	MetaCyc:CPD-18418@Charged	
cpd33687	MetaCyc:CPD-19610	MetaCyc:CPD-19610	MetaCyc:CPD-19610	MetaCyc:CPD-19610		MetaCyc:CPD-19610	GC	MetaCyc:CPD-19610@Charged	MetaCyc:CPD-19610@Charged	eQuilibrator:MNXM681162
cpd33688	MetaCyc:CPD-19450@Charged	MetaCyc:CPD-19450@Charged	MetaCyc:CPD-19450@Charged	MetaCyc:CPD-19450@Charged	MetaCyc:CPD-19450	MetaCyc:CPD-19450	GC	MetaCyc:CPD-19450@Charged	MetaCyc:CPD-19450@Charged	eQuilibrator:MNXM484620
cpd33689	MetaCyc:CPD-15030;ChEBI:71494	MetaCyc:CPD-15030;ChEBI:71494	MetaCyc:CPD-15030;ChEBI:71494	MetaCyc:CPD-15030;ChEBI:71494	MetaCyc:CPD-15030	MetaCyc:CPD-15030	GC	MetaCyc:CPD-15030@Charged	MetaCyc:CPD-15030@Charged	eQuilibrator:MNXM39347
cpd33690	MetaCyc:CPD-14951@Charged	MetaCyc:CPD-14951@Charged	MetaCyc:CPD-14951@Charged	MetaCyc:CPD-14951@Charged	MetaCyc:CPD-14951	MetaCyc:CPD-14951	GC	MetaCyc:CPD-14951@Charged	MetaCyc:CPD-14951@Charged	eQuilibrator:MNXM58858
cpd33691	MetaCyc:CPD0-2576@Charged	MetaCyc:CPD0-2576@Charged	MetaCyc:CPD0-2576@Charged	MetaCyc:CPD0-2576@Charged	MetaCyc:CPD0-2576	MetaCyc:CPD0-2576				
cpd33692	MetaCyc:CPD-21194	MetaCyc:CPD-21194	MetaCyc:CPD-21194	MetaCyc:CPD-21194	MetaCyc:CPD-21194	MetaCyc:CPD-21194	GC	MetaCyc:CPD-21194@Charged	MetaCyc:CPD-21194@Charged	
cpd33693	MetaCyc:CPD-15920	MetaCyc:CPD-15920	MetaCyc:CPD-15920	MetaCyc:CPD-15920@Charged	MetaCyc:CPD-15920	MetaCyc:CPD-15920	GC	MetaCyc:CPD-15920@Charged	MetaCyc:CPD-15920@Charged	eQuilibrator:MNXM34891
cpd33694	MetaCyc:CPD-15624	MetaCyc:CPD-15624	MetaCyc:CPD-15624	MetaCyc:CPD-15624	MetaCyc:CPD-15624	MetaCyc:CPD-15624	EQ	eQuilibrator:MNXM41423	MetaCyc:CPD-15624@Charged	eQuilibrator:MNXM41423
cpd33695	MetaCyc:CPD-19617	MetaCyc:CPD-19617	MetaCyc:CPD-19617	MetaCyc:CPD-19617	MetaCyc:CPD-19617	MetaCyc:CPD-19617	EQ	eQuilibrator:MNXM683032	MetaCyc:CPD-19617@Charged	eQuilibrator:MNXM683032
cpd33696	MetaCyc:CPD-15739	MetaCyc:CPD-15739	MetaCyc:CPD-15739	MetaCyc:CPD-15739	MetaCyc:CPD-15739	MetaCyc:CPD-15739	EQ	eQuilibrator:MNXM6625	MetaCyc:CPD-15739@Charged	eQuilibrator:MNXM6625
cpd33697	MetaCyc:CPD-20441;ChEBI:138226	MetaCyc:CPD-20441;ChEBI:138226	MetaCyc:CPD-20441;ChEBI:138226	MetaCyc:CPD-20441;ChEBI:138226			GC	MetaCyc:CPD-20441@Charged	MetaCyc:CPD-20441@Charged	
cpd33698	MetaCyc:CPD-19731	MetaCyc:CPD-19731	MetaCyc:CPD-19731	MetaCyc:CPD-19731	MetaCyc:CPD-19731	MetaCyc:CPD-19731	GC	MetaCyc:CPD-19731@Charged	MetaCyc:CPD-19731@Charged	
cpd33699	MetaCyc:CPD-17096	MetaCyc:CPD-17096	MetaCyc:CPD-17096	MetaCyc:CPD-17096	MetaCyc:CPD-17096	MetaCyc:CPD-17096	GC	MetaCyc:CPD-17096@Charged	MetaCyc:CPD-17096@Charged	
cpd33700	MetaCyc:CPD-19336	MetaCyc:CPD-19336	MetaCyc:CPD-19336	MetaCyc:CPD-19336	MetaCyc:CPD-19336	MetaCyc:CPD-19336	EQ	eQuilibrator:MNXM468311	MetaCyc:CPD-19336@Charged	eQuilibrator:MNXM468311
cpd33701	MetaCyc:CPD-19343	MetaCyc:CPD-19343	MetaCyc:CPD-19343	MetaCyc:CPD-19343	MetaCyc:CPD-19343		GC	MetaCyc:CPD-19343@Charged	MetaCyc:CPD-19343@Charged	eQuilibrator:MNXM167803
cpd33702	MetaCyc:CPD-21312	MetaCyc:CPD-21312	MetaCyc:CPD-21312	MetaCyc:CPD-21312		MetaCyc:CPD-21312	GC	MetaCyc:CPD-21312@Charged	MetaCyc:CPD-21312@Charged	
cpd33703	MetaCyc:CPD-21121	MetaCyc:CPD-21121	MetaCyc:CPD-21121	MetaCyc:CPD-21121	MetaCyc:CPD-21121	MetaCyc:CPD-21121	GC	MetaCyc:CPD-21121@Charged	MetaCyc:CPD-21121@Charged	
cpd33704	MetaCyc:CPD-21315	MetaCyc:CPD-21315	MetaCyc:CPD-21315	MetaCyc:CPD-21315	MetaCyc:CPD-21315	MetaCyc:CPD-21315	GC	MetaCyc:CPD-21315@Charged	MetaCyc:CPD-21315@Charged	
cpd33705	MetaCyc:CPD-18014	MetaCyc:CPD-18014	MetaCyc:CPD-18014	MetaCyc:CPD-18014	MetaCyc:CPD-18014	MetaCyc:CPD-18014	EQ	eQuilibrator:MNXM151391	MetaCyc:CPD-18014@Charged	eQuilibrator:MNXM151391
cpd33706	MetaCyc:CPD-18462	MetaCyc:CPD-18462	MetaCyc:CPD-18462	MetaCyc:CPD-18462	MetaCyc:CPD-18462	MetaCyc:CPD-18462	EQ	eQuilibrator:MNXM165222	MetaCyc:CPD-18462@Charged	eQuilibrator:MNXM165222
cpd33707	MetaCyc:CPD-21342	MetaCyc:CPD-21342	MetaCyc:CPD-21342	MetaCyc:CPD-21342			GC	MetaCyc:CPD-21342@Charged	MetaCyc:CPD-21342@Charged	
cpd33708	MetaCyc:CPD-18870@Charged	MetaCyc:CPD-18870@Charged		MetaCyc:CPD-18870@Charged	MetaCyc:CPD-18870	MetaCyc:CPD-18870	GC	MetaCyc:CPD-18870@Charged	MetaCyc:CPD-18870@Charged	
cpd33709	MetaCyc:CPD-19767@Charged	MetaCyc:CPD-19767@Charged		MetaCyc:CPD-19767@Charged	MetaCyc:CPD-19767	MetaCyc:CPD-19767	GC	MetaCyc:CPD-19767@Charged	MetaCyc:CPD-19767@Charged	
cpd33710	MetaCyc:CPD-16390	MetaCyc:CPD-16390	MetaCyc:CPD-16390	MetaCyc:CPD-16390	MetaCyc:CPD-16390	MetaCyc:CPD-16390	GC	MetaCyc:CPD-16390@Charged	MetaCyc:CPD-16390@Charged	eQuilibrator:MNXM61066
cpd33711	MetaCyc:CPD-15245;ChEBI:86258	MetaCyc:CPD-15245;ChEBI:86258	MetaCyc:CPD-15245;ChEBI:86258	MetaCyc:CPD-15245;ChEBI:86258	MetaCyc:CPD-15245	MetaCyc:CPD-15245	EQ	eQuilibrator:MNXM146653	MetaCyc:CPD-15245@Charged	eQuilibrator:MNXM146653
cpd33712	MetaCyc:CPD-19014;ChEBI:19641	MetaCyc:CPD-19014;ChEBI:19641	MetaCyc:CPD-19014;ChEBI:19641	MetaCyc:CPD-19014;ChEBI:19641	MetaCyc:CPD-19014	MetaCyc:CPD-19014	EQ	eQuilibrator:MNXM35170	MetaCyc:CPD-19014@Charged	eQuilibrator:MNXM35170
cpd33713	MetaCyc:CPD0-2498	MetaCyc:CPD0-2498	MetaCyc:CPD0-2498	MetaCyc:CPD0-2498		MetaCyc:CPD0-2498	GC	MetaCyc:CPD0-2498@Charged	MetaCyc:CPD0-2498@Charged	eQuilibrator:MNXM104972
cpd33714	MetaCyc:CPD-17594	MetaCyc:CPD-17594	MetaCyc:CPD-17594	MetaCyc:CPD-17594	MetaCyc:CPD-17594	MetaCyc:CPD-17594	EQ	eQuilibrator:MNXM147807	MetaCyc:CPD-17594@Charged	eQuilibrator:MNXM147807
cpd33715	MetaCyc:CPD-20461	MetaCyc:CPD-20461	MetaCyc:CPD-20461	MetaCyc:CPD-20461	MetaCyc:CPD-20461	MetaCyc:CPD-20461	GC	MetaCyc:CPD-20461@Charged	MetaCyc:CPD-20461@Charged	
cpd33716	MetaCyc:CPD-16804	MetaCyc:CPD-16804	MetaCyc:CPD-16804	MetaCyc:CPD-16804	MetaCyc:CPD-16804	MetaCyc:CPD-16804	GC	MetaCyc:CPD-16804@Charged	MetaCyc:CPD-16804@Charged	
cpd33717	MetaCyc:CPD-15142	MetaCyc:CPD-15142	MetaCyc:CPD-15142	MetaCyc:CPD-15142	MetaCyc:CPD-15142	MetaCyc:CPD-15142	GC	MetaCyc:CPD-15142@Charged	MetaCyc:CPD-15142@Charged	eQuilibrator:MNXM489698
cpd33718	MetaCyc:CPD-20228	MetaCyc:CPD-20228	MetaCyc:CPD-20228	MetaCyc:CPD-20228	MetaCyc:CPD-20228	MetaCyc:CPD-20228	GC	MetaCyc:CPD-20228@Charged	MetaCyc:CPD-20228@Charged	
cpd33719	MetaCyc:CPD-18427	MetaCyc:CPD-18427	MetaCyc:CPD-18427	MetaCyc:CPD-18427	MetaCyc:CPD-18427	MetaCyc:CPD-18427	GC	MetaCyc:CPD-18427@Charged	MetaCyc:CPD-18427@Charged	
cpd33720	MetaCyc:CPD-15654	MetaCyc:CPD-15654	MetaCyc:CPD-15654	MetaCyc:CPD-15654	MetaCyc:CPD-15654	MetaCyc:CPD-15654	EQ	eQuilibrator:MNXM147742	MetaCyc:CPD-15654@Charged	eQuilibrator:MNXM147742
cpd33721	MetaCyc:CPD-20580@Charged	MetaCyc:CPD-20580@Charged	MetaCyc:CPD-20580@Charged	MetaCyc:CPD-20580@Charged	MetaCyc:CPD-20580	MetaCyc:CPD-20580	GC	MetaCyc:CPD-20580@Charged	MetaCyc:CPD-20580@Charged	
cpd33722	MetaCyc:CPD-18024;ChEBI:87125	MetaCyc:CPD-18024;ChEBI:87125	MetaCyc:CPD-18024;ChEBI:87125	MetaCyc:CPD-18024;ChEBI:87125	MetaCyc:CPD-18024	MetaCyc:CPD-18024	EQ	eQuilibrator:MNXM146511	MetaCyc:CPD-18024@Charged	eQuilibrator:MNXM146511
cpd33723	MetaCyc:CPD-14908	MetaCyc:CPD-14908	MetaCyc:CPD-14908	MetaCyc:CPD-14908	MetaCyc:CPD-14908	MetaCyc:CPD-14908	GC	MetaCyc:CPD-14908@Charged	MetaCyc:CPD-14908@Charged	eQuilibrator:MNXM80125
cpd33724	MetaCyc:CPD-18977;ChEBI:142974	MetaCyc:CPD-18977;ChEBI:142974	MetaCyc:CPD-18977;ChEBI:142974	MetaCyc:CPD-18977;ChEBI:142974	MetaCyc:CPD-18977	MetaCyc:CPD-18977	GC	MetaCyc:CPD-18977@Charged	MetaCyc:CPD-18977@Charged	
cpd33725	MetaCyc:CPD-19869	MetaCyc:CPD-19869	MetaCyc:CPD-19869	MetaCyc:CPD-19869		MetaCyc:CPD-19869	GC	MetaCyc:CPD-19869@Charged	MetaCyc:CPD-19869@Charged	
cpd33726	MetaCyc:CPD-21092	MetaCyc:CPD-21092	MetaCyc:CPD-21092	MetaCyc:CPD-21092	MetaCyc:CPD-21092		GC	MetaCyc:CPD-21092@Charged	MetaCyc:CPD-21092@Charged	
cpd33727	MetaCyc:CPD-18002	MetaCyc:CPD-18002	MetaCyc:CPD-18002	MetaCyc:CPD-18002	MetaCyc:CPD-18002		EQ	eQuilibrator:MNXM149508	MetaCyc:CPD-18002@Charged	eQuilibrator:MNXM149508
cpd33728	MetaCyc:CPD-17960	MetaCyc:CPD-17960	MetaCyc:CPD-17960	MetaCyc:CPD-17960	MetaCyc:CPD-17960	MetaCyc:CPD-17960	GC	MetaCyc:CPD-17960@Charged	MetaCyc:CPD-17960@Charged	
cpd33729	MetaCyc:CPD-18000	MetaCyc:CPD-18000	MetaCyc:CPD-18000	MetaCyc:CPD-18000	MetaCyc:CPD-18000	MetaCyc:CPD-18000	GC	MetaCyc:CPD-18000@Charged	MetaCyc:CPD-18000@Charged	eQuilibrator:MNXM120511
cpd33730	MetaCyc:CPD-19244	MetaCyc:CPD-19244	MetaCyc:CPD-19244	MetaCyc:CPD-19244	MetaCyc:CPD-19244	MetaCyc:CPD-19244	EQ	eQuilibrator:MNXM165267	MetaCyc:CPD-19244@Charged	eQuilibrator:MNXM165267
cpd33731	MetaCyc:CPD-20879@Charged	MetaCyc:CPD-20879@Charged	MetaCyc:CPD-20879@Charged	MetaCyc:CPD-20879@Charged	MetaCyc:CPD-20879	MetaCyc:CPD-20879	GC	MetaCyc:CPD-20879@Charged	MetaCyc:CPD-20879@Charged	
cpd33732	MetaCyc:CPD-16834	MetaCyc:CPD-16834	MetaCyc:CPD-16834	MetaCyc:CPD-16834	MetaCyc:CPD-16834	MetaCyc:CPD-16834	GC	MetaCyc:CPD-16834@Charged	MetaCyc:CPD-16834@Charged	eQuilibrator:MNXM152897
cpd33733	MetaCyc:CPD-17112	MetaCyc:CPD-17112	MetaCyc:CPD-17112	MetaCyc:CPD-17112@Charged	MetaCyc:CPD-17112	MetaCyc:CPD-17112	GC	MetaCyc:CPD-17112@Charged	MetaCyc:CPD-17112@Charged	eQuilibrator:MNXM151309
cpd33734	MetaCyc:CPD-20457	MetaCyc:CPD-20457	MetaCyc:CPD-20457	MetaCyc:CPD-20457	MetaCyc:CPD-20457	MetaCyc:CPD-20457	GC	MetaCyc:CPD-20457@Charged	MetaCyc:CPD-20457@Charged	
cpd33735	MetaCyc:CPD-20308	MetaCyc:CPD-20308	MetaCyc:CPD-20308	MetaCyc:CPD-20308		MetaCyc:CPD-20308	EQ	eQuilibrator:MNXM50582	MetaCyc:CPD-20308@Charged	eQuilibrator:MNXM50582
cpd33736	MetaCyc:CPD-17240	MetaCyc:CPD-17240	MetaCyc:CPD-17240	MetaCyc:CPD-17240	MetaCyc:CPD-17240		GC	MetaCyc:CPD-17240@Charged	MetaCyc:CPD-17240@Charged	eQuilibrator:MNXM151767
cpd33737	MetaCyc:CPD-17084;ChEBI:145806	MetaCyc:CPD-17084;ChEBI:145806	MetaCyc:CPD-17084;ChEBI:145806	MetaCyc:CPD-17084;ChEBI:145806	MetaCyc:CPD-17084	MetaCyc:CPD-17084	EQ	eQuilibrator:MNXM115390	MetaCyc:CPD-17084@Charged	eQuilibrator:MNXM115390
cpd33738	MetaCyc:CPD-19032;ChEBI:131797	MetaCyc:CPD-19032;ChEBI:131797	MetaCyc:CPD-19032;ChEBI:131797	MetaCyc:CPD-19032;ChEBI:131797	MetaCyc:CPD-19032	MetaCyc:CPD-19032	EQ	eQuilibrator:MNXM162492	MetaCyc:CPD-19032@Charged	eQuilibrator:MNXM162492
cpd33739	MetaCyc:CPD-17095;ChEBI:83439	MetaCyc:CPD-17095;ChEBI:83439	MetaCyc:CPD-17095;ChEBI:83439	MetaCyc:CPD-17095;ChEBI:83439	MetaCyc:CPD-17095	MetaCyc:CPD-17095	GC	MetaCyc:CPD-17095@Charged	MetaCyc:CPD-17095@Charged	eQuilibrator:MNXM145856
cpd33740	MetaCyc:CPD-17653	MetaCyc:CPD-17653	MetaCyc:CPD-17653	MetaCyc:CPD-17653	MetaCyc:CPD-17653	MetaCyc:CPD-17653	EQ	eQuilibrator:MNXM151620	MetaCyc:CPD-17653@Charged	eQuilibrator:MNXM151620
cpd33741	MetaCyc:CPD-17052@Charged	MetaCyc:CPD-17052@Charged	MetaCyc:CPD-17052@Charged	MetaCyc:CPD-17052@Charged	MetaCyc:CPD-17052	MetaCyc:CPD-17052	GC	MetaCyc:CPD-17052@Charged	MetaCyc:CPD-17052@Charged	
cpd33742	MetaCyc:CPD-21350	MetaCyc:CPD-21350	MetaCyc:CPD-21350	MetaCyc:CPD-21350	MetaCyc:CPD-21350	MetaCyc:CPD-21350	EQ	eQuilibrator:MNXM117500	MetaCyc:CPD-21350@Charged	eQuilibrator:MNXM117500
cpd33743	MetaCyc:CPD-21068	MetaCyc:CPD-21068	MetaCyc:CPD-21068	MetaCyc:CPD-21068	MetaCyc:CPD-21068	MetaCyc:CPD-21068	GC	MetaCyc:CPD-21068@Charged	MetaCyc:CPD-21068@Charged	
cpd33744	MetaCyc:CPD-21501	MetaCyc:CPD-21501	MetaCyc:CPD-21501	MetaCyc:CPD-21501	MetaCyc:CPD-21501	MetaCyc:CPD-21501	GC	MetaCyc:CPD-21501@Charged	MetaCyc:CPD-21501@Charged	
cpd33745	MetaCyc:CPD-18424	MetaCyc:CPD-18424	MetaCyc:CPD-18424	MetaCyc:CPD-18424	MetaCyc:CPD-18424	MetaCyc:CPD-18424	GC	MetaCyc:CPD-18424@Charged	MetaCyc:CPD-18424@Charged	
cpd33746	MetaCyc:CPD-18881@Charged	MetaCyc:CPD-18881@Charged		MetaCyc:CPD-18881@Charged	MetaCyc:CPD-18881	MetaCyc:CPD-18881	GC	MetaCyc:CPD-18881@Charged	MetaCyc:CPD-18881@Charged	
cpd33747	MetaCyc:CPD-19429@Charged	MetaCyc:CPD-19429@Charged	MetaCyc:CPD-19429@Charged	MetaCyc:CPD-19429@Charged	MetaCyc:CPD-19429	MetaCyc:CPD-19429	GC	MetaCyc:CPD-19429@Charged	MetaCyc:CPD-19429@Charged	
cpd33748	MetaCyc:CPD-20331	MetaCyc:CPD-20331	MetaCyc:CPD-20331	MetaCyc:CPD-20331	MetaCyc:CPD-20331	MetaCyc:CPD-20331	EQ	eQuilibrator:MNXM19630	MetaCyc:CPD-20331@Charged	eQuilibrator:MNXM19630
cpd33749	MetaCyc:CPD-17891	MetaCyc:CPD-17891	MetaCyc:CPD-17891	MetaCyc:CPD-17891	MetaCyc:CPD-17891	MetaCyc:CPD-17891	GC	MetaCyc:CPD-17891@Charged	MetaCyc:CPD-17891@Charged	
cpd33750	MetaCyc:CPD-17734	MetaCyc:CPD-17734	MetaCyc:CPD-17734	MetaCyc:CPD-17734	MetaCyc:CPD-17734	MetaCyc:CPD-17734	EQ	eQuilibrator:MNXM46772	MetaCyc:CPD-17734@Charged	eQuilibrator:MNXM46772
cpd33751	MetaCyc:CPD-18988;ChEBI:87434	MetaCyc:CPD-18988;ChEBI:87434	MetaCyc:CPD-18988;ChEBI:87434	MetaCyc:CPD-18988;ChEBI:87434	MetaCyc:CPD-18988	MetaCyc:CPD-18988	EQ	eQuilibrator:MNXM99911	MetaCyc:CPD-18988@Charged	eQuilibrator:MNXM99911
cpd33752	MetaCyc:CPD-20151	MetaCyc:CPD-20151	MetaCyc:CPD-20151	MetaCyc:CPD-20151	MetaCyc:CPD-20151	MetaCyc:CPD-20151	GC	MetaCyc:CPD-20151@Charged	MetaCyc:CPD-20151@Charged	
cpd33753	MetaCyc:CPD-20279;ChEBI:167613	MetaCyc:CPD-20279;ChEBI:167613	MetaCyc:CPD-20279;ChEBI:167613	MetaCyc:CPD-20279;ChEBI:167613	MetaCyc:CPD-20279	MetaCyc:CPD-20279	GC	MetaCyc:CPD-20279@Charged	MetaCyc:CPD-20279@Charged	
cpd33754	MetaCyc:CPD-14693	MetaCyc:CPD-14693	MetaCyc:CPD-14693	MetaCyc:CPD-14693	MetaCyc:CPD-14693	MetaCyc:CPD-14693	GC	MetaCyc:CPD-14693@Charged	MetaCyc:CPD-14693@Charged	
cpd33755	MetaCyc:CPD-16810@Charged;ChEBI:131707	MetaCyc:CPD-16810@Charged;ChEBI:131707	MetaCyc:CPD-16810@Charged;ChEBI:131707	MetaCyc:CPD-16810@Charged;ChEBI:131707	MetaCyc:CPD-16810	MetaCyc:CPD-16810	GC	MetaCyc:CPD-16810@Charged	MetaCyc:CPD-16810@Charged	eQuilibrator:MNXM146325
cpd33756	MetaCyc:CPD-17662	MetaCyc:CPD-17662	MetaCyc:CPD-17662	MetaCyc:CPD-17662	MetaCyc:CPD-17662	MetaCyc:CPD-17662	EQ	eQuilibrator:MNXM147726	MetaCyc:CPD-17662@Charged	eQuilibrator:MNXM147726
cpd33757	MetaCyc:CPD-19216	MetaCyc:CPD-19216	MetaCyc:CPD-19216	MetaCyc:CPD-19216	MetaCyc:CPD-19216	MetaCyc:CPD-19216	EQ	eQuilibrator:MNXM526132	MetaCyc:CPD-19216@Charged	eQuilibrator:MNXM526132
cpd33758	MetaCyc:CPD-15295@Charged	MetaCyc:CPD-15295@Charged	MetaCyc:CPD-15295@Charged	MetaCyc:CPD-15295@Charged	MetaCyc:CPD-15295	MetaCyc:CPD-15295	GC	MetaCyc:CPD-15295@Charged	MetaCyc:CPD-15295@Charged	
cpd33759	MetaCyc:CPD-20346	MetaCyc:CPD-20346	MetaCyc:CPD-20346	MetaCyc:CPD-20346	MetaCyc:CPD-20346	MetaCyc:CPD-20346	EQ	eQuilibrator:MNXM8671	MetaCyc:CPD-20346@Charged	eQuilibrator:MNXM8671
cpd33760	MetaCyc:CPD-18353	MetaCyc:CPD-18353	MetaCyc:CPD-18353	MetaCyc:CPD-18353	MetaCyc:CPD-18353	MetaCyc:CPD-18353	EQ	eQuilibrator:MNXM66654	MetaCyc:CPD-18353@Charged	eQuilibrator:MNXM66654
cpd33761	MetaCyc:CPD-21027	MetaCyc:CPD-21027	MetaCyc:CPD-21027	MetaCyc:CPD-21027	MetaCyc:CPD-21027	MetaCyc:CPD-21027	GC	MetaCyc:CPD-21027@Charged	MetaCyc:CPD-21027@Charged	
cpd33762	MetaCyc:CPD-16861;ChEBI:91227	MetaCyc:CPD-16861;ChEBI:91227	MetaCyc:CPD-16861;ChEBI:91227	MetaCyc:CPD-16861;ChEBI:91227	MetaCyc:CPD-16861	MetaCyc:CPD-16861	EQ	eQuilibrator:MNXM147729	MetaCyc:CPD-16861@Charged	eQuilibrator:MNXM147729
cpd33763	MetaCyc:CPD-15974	MetaCyc:CPD-15974	MetaCyc:CPD-15974	MetaCyc:CPD-15974	MetaCyc:CPD-15974	MetaCyc:CPD-15974	EQ	eQuilibrator:MNXM148972	MetaCyc:CPD-15974@Charged	eQuilibrator:MNXM148972
cpd33764	MetaCyc:CPD-16357;ChEBI:52980	MetaCyc:CPD-16357;ChEBI:52980	MetaCyc:CPD-16357;ChEBI:52980	MetaCyc:CPD-16357;ChEBI:52980	MetaCyc:CPD-16357	MetaCyc:CPD-16357	EQ	eQuilibrator:MNXM63797	MetaCyc:CPD-16357@Charged	eQuilibrator:MNXM63797
cpd33765	MetaCyc:CPD-20295	MetaCyc:CPD-20295	MetaCyc:CPD-20295	MetaCyc:CPD-20295	MetaCyc:CPD-20295	MetaCyc:CPD-20295	GC	MetaCyc:CPD-20295@Charged	MetaCyc:CPD-20295@Charged	
cpd33766	MetaCyc:CPD-18605	MetaCyc:CPD-18605	MetaCyc:CPD-18605	MetaCyc:CPD-18605	MetaCyc:CPD-18605	MetaCyc:CPD-18605	GC	MetaCyc:CPD-18605@Charged	MetaCyc:CPD-18605@Charged	
cpd33767	MetaCyc:CPD-14521	MetaCyc:CPD-14521	MetaCyc:CPD-14521	MetaCyc:CPD-14521	MetaCyc:CPD-14521	MetaCyc:CPD-14521	GC	MetaCyc:CPD-14521@Charged	MetaCyc:CPD-14521@Charged	eQuilibrator:MNXM36845
cpd33768	MetaCyc:CPD-19879;ChEBI:136590	MetaCyc:CPD-19879;ChEBI:136590	MetaCyc:CPD-19879;ChEBI:136590	MetaCyc:CPD-19879;ChEBI:136590	MetaCyc:CPD-19879	MetaCyc:CPD-19879	EQ	eQuilibrator:MNXM487341	MetaCyc:CPD-19879@Charged	eQuilibrator:MNXM487341
cpd33769	MetaCyc:CPD-18842@Charged	MetaCyc:CPD-18842@Charged		MetaCyc:CPD-18842@Charged	MetaCyc:CPD-18842	MetaCyc:CPD-18842	GC	MetaCyc:CPD-18842@Charged	MetaCyc:CPD-18842@Charged	
cpd33770	MetaCyc:CPD-20873@Charged	MetaCyc:CPD-20873@Charged	MetaCyc:CPD-20873@Charged	MetaCyc:CPD-20873@Charged	MetaCyc:CPD-20873	MetaCyc:CPD-20873	GC	MetaCyc:CPD-20873@Charged	MetaCyc:CPD-20873@Charged	
cpd33771	MetaCyc:CPD-16384;ChEBI:139148	MetaCyc:CPD-16384;ChEBI:139148	MetaCyc:CPD-16384;ChEBI:139148	MetaCyc:CPD-16384;ChEBI:139148	MetaCyc:CPD-16384	MetaCyc:CPD-16384	GC	MetaCyc:CPD-16384@Charged	MetaCyc:CPD-16384@Charged	eQuilibrator:MNXM61128
cpd33772	MetaCyc:CPD-16438	MetaCyc:CPD-16438	MetaCyc:CPD-16438	MetaCyc:CPD-16438	MetaCyc:CPD-16438	MetaCyc:CPD-16438	EQ	eQuilibrator:MNXM152771	MetaCyc:CPD-16438@Charged	eQuilibrator:MNXM152771
cpd33773	MetaCyc:CPD-15204	MetaCyc:CPD-15204	MetaCyc:CPD-15204	MetaCyc:CPD-15204	MetaCyc:CPD-15204	MetaCyc:CPD-15204	GC	MetaCyc:CPD-15204@Charged	MetaCyc:CPD-15204@Charged	
cpd33774	MetaCyc:CPD-19738;ChEBI:21949	MetaCyc:CPD-19738;ChEBI:21949	MetaCyc:CPD-19738;ChEBI:21949	MetaCyc:CPD-19738;ChEBI:21949	MetaCyc:CPD-19738	MetaCyc:CPD-19738	GC	MetaCyc:CPD-19738@Charged	MetaCyc:CPD-19738@Charged	eQuilibrator:MNXM65151
cpd33775	MetaCyc:CPD-19356	MetaCyc:CPD-19356	MetaCyc:CPD-19356	MetaCyc:CPD-19356	MetaCyc:CPD-19356	MetaCyc:CPD-19356	EQ	eQuilibrator:MNXM468354	MetaCyc:CPD-19356@Charged	eQuilibrator:MNXM468354
cpd33776	MetaCyc:CPD-19713;ChEBI:136509	MetaCyc:CPD-19713;ChEBI:136509	MetaCyc:CPD-19713;ChEBI:136509	MetaCyc:CPD-19713;ChEBI:136509	MetaCyc:CPD-19713	MetaCyc:CPD-19713	GC	MetaCyc:CPD-19713@Charged	MetaCyc:CPD-19713@Charged	
cpd33777	MetaCyc:CPD-15155@Charged	MetaCyc:CPD-15155@Charged	MetaCyc:CPD-15155@Charged	MetaCyc:CPD-15155@Charged	MetaCyc:CPD-15155	MetaCyc:CPD-15155	EQ	eQuilibrator:MNXM114579	MetaCyc:CPD-15155@Charged	eQuilibrator:MNXM114579
cpd33778	MetaCyc:CPD-18762;ChEBI:90890	MetaCyc:CPD-18762;ChEBI:90890	MetaCyc:CPD-18762;ChEBI:90890	MetaCyc:CPD-18762;ChEBI:90890	MetaCyc:CPD-18762	MetaCyc:CPD-18762	GC	MetaCyc:CPD-18762@Charged	MetaCyc:CPD-18762@Charged	
cpd33779	MetaCyc:CPD-18738	MetaCyc:CPD-18738	MetaCyc:CPD-18738	MetaCyc:CPD-18738	MetaCyc:CPD-18738	MetaCyc:CPD-18738	GC	MetaCyc:CPD-18738@Charged	MetaCyc:CPD-18738@Charged	
cpd33780	MetaCyc:CPD-17197	MetaCyc:CPD-17197	MetaCyc:CPD-17197	MetaCyc:CPD-17197	MetaCyc:CPD-17197	MetaCyc:CPD-17197	GC	MetaCyc:CPD-17197@Charged	MetaCyc:CPD-17197@Charged	
cpd33781	MetaCyc:CPD-21431	MetaCyc:CPD-21431	MetaCyc:CPD-21431	MetaCyc:CPD-21431	MetaCyc:CPD-21431	MetaCyc:CPD-21431	GC	MetaCyc:CPD-21431@Charged	MetaCyc:CPD-21431@Charged	
cpd33782	MetaCyc:CPD-18506	MetaCyc:CPD-18506	MetaCyc:CPD-18506	MetaCyc:CPD-18506	MetaCyc:CPD-18506	MetaCyc:CPD-18506	GC	MetaCyc:CPD-18506@Charged	MetaCyc:CPD-18506@Charged	
cpd33783	MetaCyc:CPD-21438	MetaCyc:CPD-21438	MetaCyc:CPD-21438	MetaCyc:CPD-21438	MetaCyc:CPD-21438	MetaCyc:CPD-21438	GC	MetaCyc:CPD-21438@Charged	MetaCyc:CPD-21438@Charged	
cpd33784	MetaCyc:CPD-17118	MetaCyc:CPD-17118	MetaCyc:CPD-17118	MetaCyc:CPD-17118	MetaCyc:CPD-17118	MetaCyc:CPD-17118	GC	MetaCyc:CPD-17118@Charged	MetaCyc:CPD-17118@Charged	eQuilibrator:MNXM6117
cpd33785	MetaCyc:CPD-18662	MetaCyc:CPD-18662	MetaCyc:CPD-18662	MetaCyc:CPD-18662	MetaCyc:CPD-18662		EQ	eQuilibrator:MNXM496909	MetaCyc:CPD-18662@Charged	eQuilibrator:MNXM496909
cpd33786	MetaCyc:CPD-16007	MetaCyc:CPD-16007	MetaCyc:CPD-16007	MetaCyc:CPD-16007	MetaCyc:CPD-16007	MetaCyc:CPD-16007	EQ	eQuilibrator:MNXM164519	MetaCyc:CPD-16007@Charged	eQuilibrator:MNXM164519
cpd33787	MetaCyc:CPD-19990@Charged	MetaCyc:CPD-19990@Charged	MetaCyc:CPD-19990@Charged	MetaCyc:CPD-19990@Charged	MetaCyc:CPD-19990	MetaCyc:CPD-19990	GC	MetaCyc:CPD-19990@Charged	MetaCyc:CPD-19990@Charged	
cpd33788	MetaCyc:CPD-18850@Charged	MetaCyc:CPD-18850@Charged		MetaCyc:CPD-18850@Charged	MetaCyc:CPD-18850	MetaCyc:CPD-18850	GC	MetaCyc:CPD-18850@Charged	MetaCyc:CPD-18850@Charged	
cpd33789	MetaCyc:CPD-19039	MetaCyc:CPD-19039	MetaCyc:CPD-19039	MetaCyc:CPD-19039			EQ	eQuilibrator:MNXM58061	MetaCyc:CPD-19039@Charged	eQuilibrator:MNXM58061
cpd33790	MetaCyc:CPD-19333	MetaCyc:CPD-19333	MetaCyc:CPD-19333	MetaCyc:CPD-19333	MetaCyc:CPD-19333	MetaCyc:CPD-19333	EQ	eQuilibrator:MNXM34794	MetaCyc:CPD-19333@Charged	eQuilibrator:MNXM34794
cpd33791	MetaCyc:CPD-18504	MetaCyc:CPD-18504	MetaCyc:CPD-18504	MetaCyc:CPD-18504	MetaCyc:CPD-18504	MetaCyc:CPD-18504	GC	MetaCyc:CPD-18504@Charged	MetaCyc:CPD-18504@Charged	
cpd33792	MetaCyc:CPD-18932;ChEBI:131651	MetaCyc:CPD-18932;ChEBI:131651	MetaCyc:CPD-18932;ChEBI:131651	MetaCyc:CPD-18932;ChEBI:131651	MetaCyc:CPD-18932		GC	MetaCyc:CPD-18932@Charged	MetaCyc:CPD-18932@Charged	
cpd33793	MetaCyc:CPD-14478	MetaCyc:CPD-14478	MetaCyc:CPD-14478	MetaCyc:CPD-14478	MetaCyc:CPD-14478	MetaCyc:CPD-14478	GC	MetaCyc:CPD-14478@Charged	MetaCyc:CPD-14478@Charged	
cpd33794	MetaCyc:CPD-17826	MetaCyc:CPD-17826	MetaCyc:CPD-17826	MetaCyc:CPD-17826	MetaCyc:CPD-17826		EQ	eQuilibrator:MNXM153022	MetaCyc:CPD-17826@Charged	eQuilibrator:MNXM153022
cpd33795	MetaCyc:CPD-18422	MetaCyc:CPD-18422	MetaCyc:CPD-18422	MetaCyc:CPD-18422	MetaCyc:CPD-18422	MetaCyc:CPD-18422	GC	MetaCyc:CPD-18422@Charged	MetaCyc:CPD-18422@Charged	
cpd33796	MetaCyc:CPD-20542	MetaCyc:CPD-20542	MetaCyc:CPD-20542	MetaCyc:CPD-20542	MetaCyc:CPD-20542	MetaCyc:CPD-20542	GC	MetaCyc:CPD-20542@Charged	MetaCyc:CPD-20542@Charged	
cpd33797	MetaCyc:CPD-17619	MetaCyc:CPD-17619	MetaCyc:CPD-17619	MetaCyc:CPD-17619	MetaCyc:CPD-17619	MetaCyc:CPD-17619	EQ	eQuilibrator:MNXM150192	MetaCyc:CPD-17619@Charged	eQuilibrator:MNXM150192
cpd33798	MetaCyc:CPD-18119	MetaCyc:CPD-18119	MetaCyc:CPD-18119	MetaCyc:CPD-18119	MetaCyc:CPD-18119	MetaCyc:CPD-18119	EQ	eQuilibrator:MNXM41212	MetaCyc:CPD-18119@Charged	eQuilibrator:MNXM41212
cpd33799	MetaCyc:CPD-20692	MetaCyc:CPD-20692	MetaCyc:CPD-20692	MetaCyc:CPD-20692	MetaCyc:CPD-20692	MetaCyc:CPD-20692	GC	MetaCyc:CPD-20692@Charged	MetaCyc:CPD-20692@Charged	
cpd33800	MetaCyc:CPD-19711@Charged	MetaCyc:CPD-19711@Charged	MetaCyc:CPD-19711@Charged	MetaCyc:CPD-19711@Charged	MetaCyc:CPD-19711		GC	MetaCyc:CPD-19711@Charged	MetaCyc:CPD-19711@Charged	
cpd33801	MetaCyc:CPD-21057	MetaCyc:CPD-21057	MetaCyc:CPD-21057	MetaCyc:CPD-21057		MetaCyc:CPD-21057	GC	MetaCyc:CPD-21057@Charged	MetaCyc:CPD-21057@Charged	
cpd33802	MetaCyc:CPD-17208	MetaCyc:CPD-17208	MetaCyc:CPD-17208	MetaCyc:CPD-17208	MetaCyc:CPD-17208	MetaCyc:CPD-17208	GC	MetaCyc:CPD-17208@Charged	MetaCyc:CPD-17208@Charged	eQuilibrator:MNXM147692
cpd33803	MetaCyc:CPD-20123	MetaCyc:CPD-20123	MetaCyc:CPD-20123	MetaCyc:CPD-20123	MetaCyc:CPD-20123	MetaCyc:CPD-20123	EQ	eQuilibrator:MNXM38909	MetaCyc:CPD-20123@Charged	eQuilibrator:MNXM38909
cpd33804	MetaCyc:CPD-20699@Charged	MetaCyc:CPD-20699@Charged	MetaCyc:CPD-20699@Charged	MetaCyc:CPD-20699@Charged	MetaCyc:CPD-20699	MetaCyc:CPD-20699	GC	MetaCyc:CPD-20699@Charged	MetaCyc:CPD-20699@Charged	eQuilibrator:MNXM16
cpd33805	MetaCyc:CPD-21405	MetaCyc:CPD-21405	MetaCyc:CPD-21405	MetaCyc:CPD-21405	MetaCyc:CPD-21405	MetaCyc:CPD-21405	GC	MetaCyc:CPD-21405@Charged	MetaCyc:CPD-21405@Charged	
cpd33806	MetaCyc:CPD-15628;ChEBI:40656	MetaCyc:CPD-15628;ChEBI:40656	MetaCyc:CPD-15628;ChEBI:40656	MetaCyc:CPD-15628;ChEBI:40656	MetaCyc:CPD-15628	MetaCyc:CPD-15628	EQ	eQuilibrator:MNXM7114	MetaCyc:CPD-15628@Charged	eQuilibrator:MNXM7114
cpd33807	MetaCyc:CPD-15904	MetaCyc:CPD-15904	MetaCyc:CPD-15904	MetaCyc:CPD-15904	MetaCyc:CPD-15904	MetaCyc:CPD-15904	EQ	eQuilibrator:MNXM148362	MetaCyc:CPD-15904@Charged	eQuilibrator:MNXM148362
cpd33808	MetaCyc:CPD-15193	MetaCyc:CPD-15193	MetaCyc:CPD-15193	MetaCyc:CPD-15193		MetaCyc:CPD-15193	EQ	eQuilibrator:MNXM147724	MetaCyc:CPD-15193@Charged	eQuilibrator:MNXM147724
cpd33809	MetaCyc:CPD-15300@Charged	MetaCyc:CPD-15300@Charged	MetaCyc:CPD-15300@Charged	MetaCyc:CPD-15300@Charged	MetaCyc:CPD-15300	MetaCyc:CPD-15300	EQ		MetaCyc:CPD-15300@Charged	
cpd33810	MetaCyc:CPD-19546	MetaCyc:CPD-19546	MetaCyc:CPD-19546	MetaCyc:CPD-19546		MetaCyc:CPD-19546	EQ	eQuilibrator:MNXM37159	MetaCyc:CPD-19546@Charged	eQuilibrator:MNXM37159
cpd33811	MetaCyc:CPD-14471@Charged	MetaCyc:CPD-14471@Charged	MetaCyc:CPD-14471@Charged	MetaCyc:CPD-14471@Charged	MetaCyc:CPD-14471	MetaCyc:CPD-14471	GC	MetaCyc:CPD-14471@Charged	MetaCyc:CPD-14471@Charged	eQuilibrator:MNXM97513
cpd33812	MetaCyc:CPD-21357	MetaCyc:CPD-21357	MetaCyc:CPD-21357	MetaCyc:CPD-21357	MetaCyc:CPD-21357		GC	MetaCyc:CPD-21357@Charged	MetaCyc:CPD-21357@Charged	
cpd33813	MetaCyc:CPD-15695	MetaCyc:CPD-15695	MetaCyc:CPD-15695	MetaCyc:CPD-15695	MetaCyc:CPD-15695	MetaCyc:CPD-15695	EQ	eQuilibrator:MNXM158393	MetaCyc:CPD-15695@Charged	eQuilibrator:MNXM158393
cpd33814	MetaCyc:CPD-14510	MetaCyc:CPD-14510	MetaCyc:CPD-14510	MetaCyc:CPD-14510			GC	MetaCyc:CPD-14510@Charged	MetaCyc:CPD-14510@Charged	
cpd33815	MetaCyc:CPD-15983	MetaCyc:CPD-15983	MetaCyc:CPD-15983	MetaCyc:CPD-15983	MetaCyc:CPD-15983	MetaCyc:CPD-15983	EQ	eQuilibrator:MNXM148973	MetaCyc:CPD-15983@Charged	eQuilibrator:MNXM148973
cpd33816	MetaCyc:CPD-19120	MetaCyc:CPD-19120	MetaCyc:CPD-19120	MetaCyc:CPD-19120	MetaCyc:CPD-19120	MetaCyc:CPD-19120	EQ	eQuilibrator:MNXM683042	MetaCyc:CPD-19120@Charged	eQuilibrator:MNXM683042
cpd33817	MetaCyc:CPD-20903@Charged;ChEBI:141013@Charged	MetaCyc:CPD-20903@Charged;ChEBI:141013@Charged	MetaCyc:CPD-20903@Charged;ChEBI:141013@Charged	MetaCyc:CPD-20903@Charged;ChEBI:141013@Charged	MetaCyc:CPD-20903	MetaCyc:CPD-20903	GC	MetaCyc:CPD-20903@Charged	MetaCyc:CPD-20903@Charged	
cpd33818	MetaCyc:CPD-20202	MetaCyc:CPD-20202	MetaCyc:CPD-20202	MetaCyc:CPD-20202	MetaCyc:CPD-20202	MetaCyc:CPD-20202	GC	MetaCyc:CPD-20202@Charged	MetaCyc:CPD-20202@Charged	
cpd33819	MetaCyc:CPD-17214	MetaCyc:CPD-17214	MetaCyc:CPD-17214	MetaCyc:CPD-17214	MetaCyc:CPD-17214	MetaCyc:CPD-17214	EQ	eQuilibrator:MNXM150879	MetaCyc:CPD-17214@Charged	eQuilibrator:MNXM150879
cpd33820	MetaCyc:CPD-16383	MetaCyc:CPD-16383	MetaCyc:CPD-16383	MetaCyc:CPD-16383	MetaCyc:CPD-16383	MetaCyc:CPD-16383	GC	MetaCyc:CPD-16383@Charged	MetaCyc:CPD-16383@Charged	eQuilibrator:MNXM57484
cpd33821	MetaCyc:CPD-20298	MetaCyc:CPD-20298	MetaCyc:CPD-20298	MetaCyc:CPD-20298	MetaCyc:CPD-20298	MetaCyc:CPD-20298	GC	MetaCyc:CPD-20298@Charged	MetaCyc:CPD-20298@Charged	
cpd33822	MetaCyc:CPD-18923;ChEBI:132358	MetaCyc:CPD-18923;ChEBI:132358	MetaCyc:CPD-18923;ChEBI:132358	MetaCyc:CPD-18923;ChEBI:132358	MetaCyc:CPD-18923	MetaCyc:CPD-18923	GC	MetaCyc:CPD-18923@Charged	MetaCyc:CPD-18923@Charged	eQuilibrator:MNXM162794
cpd33823	MetaCyc:CPD-15524	MetaCyc:CPD-15524	MetaCyc:CPD-15524	MetaCyc:CPD-15524	MetaCyc:CPD-15524	MetaCyc:CPD-15524	EQ	eQuilibrator:MNXM148573	MetaCyc:CPD-15524@Charged	eQuilibrator:MNXM148573
cpd33824	MetaCyc:CPD-16531	MetaCyc:CPD-16531	MetaCyc:CPD-16531	MetaCyc:CPD-16531	MetaCyc:CPD-16531	MetaCyc:CPD-16531	EQ	eQuilibrator:MNXM148562	MetaCyc:CPD-16531@Charged	eQuilibrator:MNXM148562
cpd33825	MetaCyc:CPD-19302	MetaCyc:CPD-19302	MetaCyc:CPD-19302	MetaCyc:CPD-19302	MetaCyc:CPD-19302	MetaCyc:CPD-19302	GC	MetaCyc:CPD-19302@Charged	MetaCyc:CPD-19302@Charged	
cpd33826	MetaCyc:CPD-20249;ChEBI:138051	MetaCyc:CPD-20249;ChEBI:138051	MetaCyc:CPD-20249;ChEBI:138051	MetaCyc:CPD-20249;ChEBI:138051			GC	MetaCyc:CPD-20249@Charged	MetaCyc:CPD-20249@Charged	
cpd33827	MetaCyc:CPD-20385	MetaCyc:CPD-20385	MetaCyc:CPD-20385	MetaCyc:CPD-20385	MetaCyc:CPD-20385	MetaCyc:CPD-20385	EQ	eQuilibrator:MNXM127279	MetaCyc:CPD-20385@Charged	eQuilibrator:MNXM127279
cpd33828	MetaCyc:CPD-17652	MetaCyc:CPD-17652	MetaCyc:CPD-17652	MetaCyc:CPD-17652	MetaCyc:CPD-17652	MetaCyc:CPD-17652	EQ	eQuilibrator:MNXM722959	MetaCyc:CPD-17652@Charged	eQuilibrator:MNXM722959
cpd33829	MetaCyc:CPD-19619	MetaCyc:CPD-19619	MetaCyc:CPD-19619	MetaCyc:CPD-19619	MetaCyc:CPD-19619	MetaCyc:CPD-19619	EQ	eQuilibrator:MNXM683033	MetaCyc:CPD-19619@Charged	eQuilibrator:MNXM683033
cpd33830	MetaCyc:CPD-21526;ChEBI:141668	MetaCyc:CPD-21526;ChEBI:141668	MetaCyc:CPD-21526;ChEBI:141668	MetaCyc:CPD-21526;ChEBI:141668	MetaCyc:CPD-21526	MetaCyc:CPD-21526	GC	MetaCyc:CPD-21526@Charged	MetaCyc:CPD-21526@Charged	
cpd33831	MetaCyc:CPD-17962	MetaCyc:CPD-17962	MetaCyc:CPD-17962	MetaCyc:CPD-17962	MetaCyc:CPD-17962	MetaCyc:CPD-17962	EQ	eQuilibrator:MNXM152296	MetaCyc:CPD-17962@Charged	eQuilibrator:MNXM152296
cpd33832	MetaCyc:CPD-20292	MetaCyc:CPD-20292	MetaCyc:CPD-20292	MetaCyc:CPD-20292	MetaCyc:CPD-20292	MetaCyc:CPD-20292	GC	MetaCyc:CPD-20292@Charged	MetaCyc:CPD-20292@Charged	
cpd33833	MetaCyc:CPD-20585	MetaCyc:CPD-20585	MetaCyc:CPD-20585	MetaCyc:CPD-20585	MetaCyc:CPD-20585	MetaCyc:CPD-20585	GC	MetaCyc:CPD-20585@Charged	MetaCyc:CPD-20585@Charged	
cpd33834	MetaCyc:CPD-15634	MetaCyc:CPD-15634	MetaCyc:CPD-15634	MetaCyc:CPD-15634	MetaCyc:CPD-15634	MetaCyc:CPD-15634	EQ		MetaCyc:CPD-15634@Charged	
cpd33835	MetaCyc:CPD-17775	MetaCyc:CPD-17775	MetaCyc:CPD-17775	MetaCyc:CPD-17775	MetaCyc:CPD-17775	MetaCyc:CPD-17775	EQ	eQuilibrator:MNXM17160	MetaCyc:CPD-17775@Charged	eQuilibrator:MNXM17160
cpd33836	MetaCyc:CPD-17126	MetaCyc:CPD-17126	MetaCyc:CPD-17126	MetaCyc:CPD-17126	MetaCyc:CPD-17126		GC	MetaCyc:CPD-17126@Charged	MetaCyc:CPD-17126@Charged	
cpd33837	MetaCyc:CPD-16613	MetaCyc:CPD-16613	MetaCyc:CPD-16613	MetaCyc:CPD-16613	MetaCyc:CPD-16613	MetaCyc:CPD-16613	GC	MetaCyc:CPD-16613@Charged	MetaCyc:CPD-16613@Charged	
cpd33838	MetaCyc:CPD-18399	MetaCyc:CPD-18399	MetaCyc:CPD-18399	MetaCyc:CPD-18399	MetaCyc:CPD-18399	MetaCyc:CPD-18399	GC	MetaCyc:CPD-18399@Charged	MetaCyc:CPD-18399@Charged	
cpd33839	MetaCyc:CPD-17811	MetaCyc:CPD-17811	MetaCyc:CPD-17811	MetaCyc:CPD-17811	MetaCyc:CPD-17811	MetaCyc:CPD-17811	EQ	eQuilibrator:MNXM24626	MetaCyc:CPD-17811@Charged	eQuilibrator:MNXM24626
cpd33840	MetaCyc:CPD-16824	MetaCyc:CPD-16824	MetaCyc:CPD-16824	MetaCyc:CPD-16824	MetaCyc:CPD-16824	MetaCyc:CPD-16824	EQ	eQuilibrator:MNXM46830	MetaCyc:CPD-16824@Charged	eQuilibrator:MNXM46830
cpd33841	MetaCyc:CPD-14821@Charged	MetaCyc:CPD-14821@Charged	MetaCyc:CPD-14821@Charged	MetaCyc:CPD-14821@Charged	MetaCyc:CPD-14821	MetaCyc:CPD-14821	GC	MetaCyc:CPD-14821@Charged	MetaCyc:CPD-14821@Charged	
cpd33842	MetaCyc:CPD-18472	MetaCyc:CPD-18472	MetaCyc:CPD-18472	MetaCyc:CPD-18472	MetaCyc:CPD-18472	MetaCyc:CPD-18472	GC	MetaCyc:CPD-18472@Charged	MetaCyc:CPD-18472@Charged	eQuilibrator:MNXM164202
cpd33843	MetaCyc:CPD-20233	MetaCyc:CPD-20233	MetaCyc:CPD-20233	MetaCyc:CPD-20233	MetaCyc:CPD-20233	MetaCyc:CPD-20233	GC	MetaCyc:CPD-20233@Charged	MetaCyc:CPD-20233@Charged	
cpd33844	MetaCyc:CPD-17241@Charged	MetaCyc:CPD-17241@Charged	MetaCyc:CPD-17241@Charged	MetaCyc:CPD-17241@Charged	MetaCyc:CPD-17241	MetaCyc:CPD-17241	GC	MetaCyc:CPD-17241@Charged	MetaCyc:CPD-17241@Charged	
cpd33845	MetaCyc:CPD0-2511	MetaCyc:CPD0-2511	MetaCyc:CPD0-2511	MetaCyc:CPD0-2511	MetaCyc:CPD0-2511	MetaCyc:CPD0-2511	GC	MetaCyc:CPD0-2511@Charged	MetaCyc:CPD0-2511@Charged	
cpd33846	MetaCyc:CPD0-2496@Charged	MetaCyc:CPD0-2496@Charged	MetaCyc:CPD0-2496@Charged	MetaCyc:CPD0-2496@Charged	MetaCyc:CPD0-2496	MetaCyc:CPD0-2496	EQ		MetaCyc:CPD0-2496@Charged	
cpd33847	MetaCyc:CPD-21536	MetaCyc:CPD-21536	MetaCyc:CPD-21536	MetaCyc:CPD-21536	MetaCyc:CPD-21536		EQ	eQuilibrator:MNXM115905	MetaCyc:CPD-21536@Charged	eQuilibrator:MNXM115905
cpd33848	MetaCyc:CPD-19245	MetaCyc:CPD-19245	MetaCyc:CPD-19245	MetaCyc:CPD-19245	MetaCyc:CPD-19245	MetaCyc:CPD-19245	EQ	eQuilibrator:MNXM64197	MetaCyc:CPD-19245@Charged	eQuilibrator:MNXM64197
cpd33849	MetaCyc:CPD-19803	MetaCyc:CPD-19803	MetaCyc:CPD-19803	MetaCyc:CPD-19803	MetaCyc:CPD-19803	MetaCyc:CPD-19803	GC	MetaCyc:CPD-19803@Charged	MetaCyc:CPD-19803@Charged	
cpd33850	MetaCyc:CPD-18918	MetaCyc:CPD-18918	MetaCyc:CPD-18918	MetaCyc:CPD-18918	MetaCyc:CPD-18918	MetaCyc:CPD-18918	EQ		MetaCyc:CPD-18918@Charged	
cpd33851	MetaCyc:CPD-15138;ChEBI:48989	MetaCyc:CPD-15138;ChEBI:48989	MetaCyc:CPD-15138;ChEBI:48989	MetaCyc:CPD-15138;ChEBI:48989	MetaCyc:CPD-15138	MetaCyc:CPD-15138	EQ	eQuilibrator:MNXM6978	MetaCyc:CPD-15138@Charged	eQuilibrator:MNXM6978
cpd33852	MetaCyc:CPD-21361	MetaCyc:CPD-21361	MetaCyc:CPD-21361	MetaCyc:CPD-21361	MetaCyc:CPD-21361	MetaCyc:CPD-21361	GC	MetaCyc:CPD-21361@Charged	MetaCyc:CPD-21361@Charged	
cpd33853	MetaCyc:CPD-20786@Charged	MetaCyc:CPD-20786@Charged	MetaCyc:CPD-20786@Charged	MetaCyc:CPD-20786@Charged	MetaCyc:CPD-20786	MetaCyc:CPD-20786	GC	MetaCyc:CPD-20786@Charged	MetaCyc:CPD-20786@Charged	
cpd33854	MetaCyc:CPD-20877@Charged	MetaCyc:CPD-20877@Charged	MetaCyc:CPD-20877@Charged	MetaCyc:CPD-20877@Charged	MetaCyc:CPD-20877	MetaCyc:CPD-20877	GC	MetaCyc:CPD-20877@Charged	MetaCyc:CPD-20877@Charged	
cpd33855	MetaCyc:CPD-17730	MetaCyc:CPD-17730	MetaCyc:CPD-17730	MetaCyc:CPD-17730	MetaCyc:CPD-17730	MetaCyc:CPD-17730	EQ	eQuilibrator:MNXM147786	MetaCyc:CPD-17730@Charged	eQuilibrator:MNXM147786
cpd33856	MetaCyc:CPD-17087	MetaCyc:CPD-17087	MetaCyc:CPD-17087	MetaCyc:CPD-17087	MetaCyc:CPD-17087	MetaCyc:CPD-17087	GC	MetaCyc:CPD-17087@Charged	MetaCyc:CPD-17087@Charged	
cpd33857	MetaCyc:CPD-20096@Charged	MetaCyc:CPD-20096@Charged	MetaCyc:CPD-20096@Charged	MetaCyc:CPD-20096@Charged	MetaCyc:CPD-20096		GC	MetaCyc:CPD-20096@Charged	MetaCyc:CPD-20096@Charged	
cpd33858	MetaCyc:CPD-18070	MetaCyc:CPD-18070	MetaCyc:CPD-18070	MetaCyc:CPD-18070	MetaCyc:CPD-18070	MetaCyc:CPD-18070	GC	MetaCyc:CPD-18070@Charged	MetaCyc:CPD-18070@Charged	eQuilibrator:MNXM81106
cpd33859	MetaCyc:CPD-20675	MetaCyc:CPD-20675	MetaCyc:CPD-20675	MetaCyc:CPD-20675	MetaCyc:CPD-20675	MetaCyc:CPD-20675	GC	MetaCyc:CPD-20675@Charged	MetaCyc:CPD-20675@Charged	
cpd33860	MetaCyc:CPD-21115	MetaCyc:CPD-21115	MetaCyc:CPD-21115	MetaCyc:CPD-21115	MetaCyc:CPD-21115	MetaCyc:CPD-21115	EQ	eQuilibrator:MNXM114797	MetaCyc:CPD-21115@Charged	eQuilibrator:MNXM114797
cpd33861	MetaCyc:CPD-20074	MetaCyc:CPD-20074	MetaCyc:CPD-20074	MetaCyc:CPD-20074	MetaCyc:CPD-20074	MetaCyc:CPD-20074	GC	MetaCyc:CPD-20074@Charged	MetaCyc:CPD-20074@Charged	
cpd33862										
cpd33863	MetaCyc:CPD-15123	MetaCyc:CPD-15123	MetaCyc:CPD-15123	MetaCyc:CPD-15123	MetaCyc:CPD-15123	MetaCyc:CPD-15123	EQ	eQuilibrator:MNXM21597	MetaCyc:CPD-15123@Charged	eQuilibrator:MNXM21597
cpd33864	MetaCyc:CPD-20362	MetaCyc:CPD-20362	MetaCyc:CPD-20362	MetaCyc:CPD-20362	MetaCyc:CPD-20362	MetaCyc:CPD-20362	GC	MetaCyc:CPD-20362@Charged	MetaCyc:CPD-20362@Charged	
cpd33865	MetaCyc:CPD-14504	MetaCyc:CPD-14504	MetaCyc:CPD-14504	MetaCyc:CPD-14504	MetaCyc:CPD-14504	MetaCyc:CPD-14504	GC	MetaCyc:CPD-14504@Charged	MetaCyc:CPD-14504@Charged	
cpd33866	MetaCyc:CPD-19328	MetaCyc:CPD-19328	MetaCyc:CPD-19328	MetaCyc:CPD-19328	MetaCyc:CPD-19328	MetaCyc:CPD-19328	GC	MetaCyc:CPD-19328@Charged	MetaCyc:CPD-19328@Charged	eQuilibrator:MNXM163975
cpd33867	MetaCyc:CPD-17026	MetaCyc:CPD-17026	MetaCyc:CPD-17026	MetaCyc:CPD-17026	MetaCyc:CPD-17026		EQ	eQuilibrator:MNXM148632	MetaCyc:CPD-17026@Charged	eQuilibrator:MNXM148632
cpd33868	MetaCyc:CPD-16460	MetaCyc:CPD-16460	MetaCyc:CPD-16460	MetaCyc:CPD-16460	MetaCyc:CPD-16460	MetaCyc:CPD-16460	EQ	eQuilibrator:MNXM148679	MetaCyc:CPD-16460@Charged	eQuilibrator:MNXM148679
cpd33869	MetaCyc:CPD-15788	MetaCyc:CPD-15788	MetaCyc:CPD-15788	MetaCyc:CPD-15788	MetaCyc:CPD-15788	MetaCyc:CPD-15788	EQ	eQuilibrator:MNXM148606	MetaCyc:CPD-15788@Charged	eQuilibrator:MNXM148606
cpd33870	MetaCyc:CPD-18965;ChEBI:131935	MetaCyc:CPD-18965;ChEBI:131935	MetaCyc:CPD-18965;ChEBI:131935	MetaCyc:CPD-18965;ChEBI:131935	MetaCyc:CPD-18965	MetaCyc:CPD-18965	EQ	eQuilibrator:MNXM162511	MetaCyc:CPD-18965@Charged	eQuilibrator:MNXM162511
cpd33871	MetaCyc:CPD-18859@Charged	MetaCyc:CPD-18859@Charged		MetaCyc:CPD-18859@Charged	MetaCyc:CPD-18859	MetaCyc:CPD-18859	GC	MetaCyc:CPD-18859@Charged	MetaCyc:CPD-18859@Charged	
cpd33872	MetaCyc:CPD-18405	MetaCyc:CPD-18405	MetaCyc:CPD-18405	MetaCyc:CPD-18405	MetaCyc:CPD-18405	MetaCyc:CPD-18405	GC	MetaCyc:CPD-18405@Charged	MetaCyc:CPD-18405@Charged	eQuilibrator:MNXM621749
cpd33873	MetaCyc:CPD-15353	MetaCyc:CPD-15353	MetaCyc:CPD-15353	MetaCyc:CPD-15353	MetaCyc:CPD-15353	MetaCyc:CPD-15353	EQ	eQuilibrator:MNXM160664	MetaCyc:CPD-15353@Charged	eQuilibrator:MNXM160664
cpd33874	MetaCyc:CPD-17610	MetaCyc:CPD-17610	MetaCyc:CPD-17610	MetaCyc:CPD-17610	MetaCyc:CPD-17610	MetaCyc:CPD-17610	EQ	eQuilibrator:MNXM147385	MetaCyc:CPD-17610@Charged	eQuilibrator:MNXM147385
cpd33875	MetaCyc:CPD-20744	MetaCyc:CPD-20744		MetaCyc:CPD-20744	MetaCyc:CPD-20744	MetaCyc:CPD-20744	GC	MetaCyc:CPD-20744@Charged	MetaCyc:CPD-20744@Charged	
cpd33876	MetaCyc:CPD-20106	MetaCyc:CPD-20106	MetaCyc:CPD-20106	MetaCyc:CPD-20106	MetaCyc:CPD-20106	MetaCyc:CPD-20106	GC	MetaCyc:CPD-20106@Charged	MetaCyc:CPD-20106@Charged	
cpd33877	MetaCyc:CPD-16393	MetaCyc:CPD-16393	MetaCyc:CPD-16393	MetaCyc:CPD-16393	MetaCyc:CPD-16393	MetaCyc:CPD-16393	GC	MetaCyc:CPD-16393@Charged	MetaCyc:CPD-16393@Charged	eQuilibrator:MNXM531685
cpd33878	MetaCyc:CPD-17490	MetaCyc:CPD-17490	MetaCyc:CPD-17490	MetaCyc:CPD-17490	MetaCyc:CPD-17490	MetaCyc:CPD-17490	EQ	eQuilibrator:MNXM148572	MetaCyc:CPD-17490@Charged	eQuilibrator:MNXM148572
cpd33879	MetaCyc:CPD-21275	MetaCyc:CPD-21275	MetaCyc:CPD-21275	MetaCyc:CPD-21275	MetaCyc:CPD-21275	MetaCyc:CPD-21275	GC	MetaCyc:CPD-21275@Charged	MetaCyc:CPD-21275@Charged	
cpd33880	MetaCyc:CPD-18027	MetaCyc:CPD-18027	MetaCyc:CPD-18027	MetaCyc:CPD-18027	MetaCyc:CPD-18027	MetaCyc:CPD-18027	GC	MetaCyc:CPD-18027@Charged	MetaCyc:CPD-18027@Charged	
cpd33881	MetaCyc:CPD-15689	MetaCyc:CPD-15689	MetaCyc:CPD-15689	MetaCyc:CPD-15689	MetaCyc:CPD-15689	MetaCyc:CPD-15689	EQ	eQuilibrator:MNXM164159	MetaCyc:CPD-15689@Charged	eQuilibrator:MNXM164159
cpd33882	MetaCyc:CPD-19458	MetaCyc:CPD-19458	MetaCyc:CPD-19458	MetaCyc:CPD-19458	MetaCyc:CPD-19458	MetaCyc:CPD-19458	EQ	eQuilibrator:MNXM527247	MetaCyc:CPD-19458@Charged	eQuilibrator:MNXM527247
cpd33883	MetaCyc:CPD-16813	MetaCyc:CPD-16813	MetaCyc:CPD-16813	MetaCyc:CPD-16813	MetaCyc:CPD-16813	MetaCyc:CPD-16813	GC	MetaCyc:CPD-16813@Charged	MetaCyc:CPD-16813@Charged	
cpd33884	MetaCyc:CPD-21171@Charged	MetaCyc:CPD-21171@Charged	MetaCyc:CPD-21171@Charged	MetaCyc:CPD-21171@Charged	MetaCyc:CPD-21171	MetaCyc:CPD-21171	GC	MetaCyc:CPD-21171@Charged	MetaCyc:CPD-21171@Charged	
cpd33885	MetaCyc:CPD0-2634	MetaCyc:CPD0-2634	MetaCyc:CPD0-2634	MetaCyc:CPD0-2634	MetaCyc:CPD0-2634	MetaCyc:CPD0-2634				
cpd33886	MetaCyc:CPD-20536	MetaCyc:CPD-20536	MetaCyc:CPD-20536	MetaCyc:CPD-20536@Charged	MetaCyc:CPD-20536	MetaCyc:CPD-20536	GC	MetaCyc:CPD-20536@Charged	MetaCyc:CPD-20536@Charged	
cpd33887	MetaCyc:CPD-21289@Charged	MetaCyc:CPD-21289@Charged	MetaCyc:CPD-21289@Charged	MetaCyc:CPD-21289@Charged	MetaCyc:CPD-21289	MetaCyc:CPD-21289	GC	MetaCyc:CPD-21289@Charged	MetaCyc:CPD-21289@Charged	
cpd33888	MetaCyc:CPD-17008@Charged	MetaCyc:CPD-17008@Charged	MetaCyc:CPD-17008@Charged	MetaCyc:CPD-17008@Charged		MetaCyc:CPD-17008	EQ	eQuilibrator:MNXM147731	MetaCyc:CPD-17008@Charged	eQuilibrator:MNXM147731
cpd33889	MetaCyc:CPD-19831	MetaCyc:CPD-19831	MetaCyc:CPD-19831	MetaCyc:CPD-19831	MetaCyc:CPD-19831	MetaCyc:CPD-19831	GC	MetaCyc:CPD-19831@Charged	MetaCyc:CPD-19831@Charged	
cpd33890	MetaCyc:CPD-15661	MetaCyc:CPD-15661	MetaCyc:CPD-15661	MetaCyc:CPD-15661	MetaCyc:CPD-15661	MetaCyc:CPD-15661	EQ	eQuilibrator:MNXM147374	MetaCyc:CPD-15661@Charged	eQuilibrator:MNXM147374
cpd33891	MetaCyc:CPD-18006;ChEBI:87162	MetaCyc:CPD-18006;ChEBI:87162	MetaCyc:CPD-18006;ChEBI:87162	MetaCyc:CPD-18006;ChEBI:87162	MetaCyc:CPD-18006	MetaCyc:CPD-18006	GC	MetaCyc:CPD-18006@Charged	MetaCyc:CPD-18006@Charged	
cpd33892	MetaCyc:CPD-16465;ChEBI:86018	MetaCyc:CPD-16465;ChEBI:86018	MetaCyc:CPD-16465;ChEBI:86018	MetaCyc:CPD-16465;ChEBI:86018	MetaCyc:CPD-16465	MetaCyc:CPD-16465	GC	MetaCyc:CPD-16465@Charged	MetaCyc:CPD-16465@Charged	eQuilibrator:MNXM146942
cpd33893	MetaCyc:CPD-20343	MetaCyc:CPD-20343	MetaCyc:CPD-20343	MetaCyc:CPD-20343	MetaCyc:CPD-20343	MetaCyc:CPD-20343	EQ	eQuilibrator:MNXM126240	MetaCyc:CPD-20343@Charged	eQuilibrator:MNXM126240
cpd33894	MetaCyc:CPD-18387	MetaCyc:CPD-18387	MetaCyc:CPD-18387	MetaCyc:CPD-18387	MetaCyc:CPD-18387	MetaCyc:CPD-18387	EQ		MetaCyc:CPD-18387@Charged	
cpd33895	MetaCyc:CPD-16444	MetaCyc:CPD-16444	MetaCyc:CPD-16444	MetaCyc:CPD-16444	MetaCyc:CPD-16444	MetaCyc:CPD-16444	GC	MetaCyc:CPD-16444@Charged	MetaCyc:CPD-16444@Charged	eQuilibrator:MNXM149163
cpd33896	MetaCyc:CPD-21417	MetaCyc:CPD-21417	MetaCyc:CPD-21417	MetaCyc:CPD-21417	MetaCyc:CPD-21417	MetaCyc:CPD-21417	GC	MetaCyc:CPD-21417@Charged	MetaCyc:CPD-21417@Charged	
cpd33897	MetaCyc:CPD-16607	MetaCyc:CPD-16607	MetaCyc:CPD-16607	MetaCyc:CPD-16607	MetaCyc:CPD-16607	MetaCyc:CPD-16607	EQ	eQuilibrator:MNXM148959	MetaCyc:CPD-16607@Charged	eQuilibrator:MNXM148959
cpd33898	MetaCyc:CPD-17711	MetaCyc:CPD-17711	MetaCyc:CPD-17711	MetaCyc:CPD-17711	MetaCyc:CPD-17711	MetaCyc:CPD-17711	EQ	eQuilibrator:MNXM51791	MetaCyc:CPD-17711@Charged	eQuilibrator:MNXM51791
cpd33899	MetaCyc:CPD-18815	MetaCyc:CPD-18815	MetaCyc:CPD-18815	MetaCyc:CPD-18815	MetaCyc:CPD-18815	MetaCyc:CPD-18815	GC	MetaCyc:CPD-18815@Charged	MetaCyc:CPD-18815@Charged	eQuilibrator:MNXM177127
cpd33900	MetaCyc:CPD-18044@Charged	MetaCyc:CPD-18044@Charged	MetaCyc:CPD-18044@Charged	MetaCyc:CPD-18044@Charged	MetaCyc:CPD-18044	MetaCyc:CPD-18044	GC	MetaCyc:CPD-18044@Charged	MetaCyc:CPD-18044@Charged	
cpd33901	MetaCyc:CPD-21199	MetaCyc:CPD-21199	MetaCyc:CPD-21199	MetaCyc:CPD-21199	MetaCyc:CPD-21199	MetaCyc:CPD-21199	GC	MetaCyc:CPD-21199@Charged	MetaCyc:CPD-21199@Charged	
cpd33902	MetaCyc:CPD-17958	MetaCyc:CPD-17958	MetaCyc:CPD-17958	MetaCyc:CPD-17958	MetaCyc:CPD-17958	MetaCyc:CPD-17958	GC	MetaCyc:CPD-17958@Charged	MetaCyc:CPD-17958@Charged	eQuilibrator:MNXM148945
cpd33903	MetaCyc:CPD-16865	MetaCyc:CPD-16865	MetaCyc:CPD-16865	MetaCyc:CPD-16865	MetaCyc:CPD-16865		GC	MetaCyc:CPD-16865@Charged	MetaCyc:CPD-16865@Charged	eQuilibrator:MNXM148642
cpd33904	MetaCyc:CPD-20223	MetaCyc:CPD-20223	MetaCyc:CPD-20223	MetaCyc:CPD-20223			GC	MetaCyc:CPD-20223@Charged	MetaCyc:CPD-20223@Charged	eQuilibrator:MNXM30247
cpd33905	MetaCyc:CPD-18412	MetaCyc:CPD-18412	MetaCyc:CPD-18412	MetaCyc:CPD-18412	MetaCyc:CPD-18412	MetaCyc:CPD-18412	GC	MetaCyc:CPD-18412@Charged	MetaCyc:CPD-18412@Charged	
cpd33906	MetaCyc:CPD8J2-19	MetaCyc:CPD8J2-19	MetaCyc:CPD8J2-19	MetaCyc:CPD8J2-19	MetaCyc:CPD8J2-19	MetaCyc:CPD8J2-19	GC	MetaCyc:CPD8J2-19@Charged	MetaCyc:CPD8J2-19@Charged	
cpd33907	MetaCyc:CPD-21441	MetaCyc:CPD-21441	MetaCyc:CPD-21441	MetaCyc:CPD-21441	MetaCyc:CPD-21441	MetaCyc:CPD-21441	GC	MetaCyc:CPD-21441@Charged	MetaCyc:CPD-21441@Charged	
cpd33908	MetaCyc:CPD-16830	MetaCyc:CPD-16830	MetaCyc:CPD-16830	MetaCyc:CPD-16830	MetaCyc:CPD-16830	MetaCyc:CPD-16830	GC	MetaCyc:CPD-16830@Charged	MetaCyc:CPD-16830@Charged	eQuilibrator:MNXM148976
cpd33909	MetaCyc:CPD-16522	MetaCyc:CPD-16522	MetaCyc:CPD-16522	MetaCyc:CPD-16522	MetaCyc:CPD-16522	MetaCyc:CPD-16522	GC	MetaCyc:CPD-16522@Charged	MetaCyc:CPD-16522@Charged	
cpd33910	MetaCyc:CPD-15325	MetaCyc:CPD-15325	MetaCyc:CPD-15325	MetaCyc:CPD-15325	MetaCyc:CPD-15325	MetaCyc:CPD-15325	EQ	eQuilibrator:MNXM147721	MetaCyc:CPD-15325@Charged	eQuilibrator:MNXM147721
cpd33911	MetaCyc:CPD-19822;ChEBI:134358	MetaCyc:CPD-19822;ChEBI:134358	MetaCyc:CPD-19822;ChEBI:134358	MetaCyc:CPD-19822;ChEBI:134358	MetaCyc:CPD-19822	MetaCyc:CPD-19822	GC	MetaCyc:CPD-19822@Charged	MetaCyc:CPD-19822@Charged	eQuilibrator:MNXM163225
cpd33912	MetaCyc:CPD-20674	MetaCyc:CPD-20674	MetaCyc:CPD-20674	MetaCyc:CPD-20674	MetaCyc:CPD-20674	MetaCyc:CPD-20674	EQ	eQuilibrator:MNXM49083	MetaCyc:CPD-20674@Charged	eQuilibrator:MNXM49083
cpd33913	MetaCyc:CPD-19339	MetaCyc:CPD-19339	MetaCyc:CPD-19339	MetaCyc:CPD-19339	MetaCyc:CPD-19339	MetaCyc:CPD-19339	EQ	eQuilibrator:MNXM163731	MetaCyc:CPD-19339@Charged	eQuilibrator:MNXM163731
cpd33914	MetaCyc:CPD-18885@Charged	MetaCyc:CPD-18885@Charged		MetaCyc:CPD-18885@Charged	MetaCyc:CPD-18885	MetaCyc:CPD-18885	GC	MetaCyc:CPD-18885@Charged	MetaCyc:CPD-18885@Charged	
cpd33915	MetaCyc:CPD-20451;ChEBI:138599	MetaCyc:CPD-20451;ChEBI:138599	MetaCyc:CPD-20451;ChEBI:138599	MetaCyc:CPD-20451;ChEBI:138599		MetaCyc:CPD-20451	GC	MetaCyc:CPD-20451@Charged	MetaCyc:CPD-20451@Charged	
cpd33916	MetaCyc:CPD-18613	MetaCyc:CPD-18613	MetaCyc:CPD-18613	MetaCyc:CPD-18613	MetaCyc:CPD-18613	MetaCyc:CPD-18613	EQ	eQuilibrator:MNXM164629	MetaCyc:CPD-18613@Charged	eQuilibrator:MNXM164629
cpd33917	MetaCyc:CPD-15622	MetaCyc:CPD-15622	MetaCyc:CPD-15622	MetaCyc:CPD-15622	MetaCyc:CPD-15622	MetaCyc:CPD-15622	EQ	eQuilibrator:MNXM44034	MetaCyc:CPD-15622@Charged	eQuilibrator:MNXM44034
cpd33918	MetaCyc:CPD-21011	MetaCyc:CPD-21011	MetaCyc:CPD-21011	MetaCyc:CPD-21011	MetaCyc:CPD-21011	MetaCyc:CPD-21011	GC	MetaCyc:CPD-21011@Charged	MetaCyc:CPD-21011@Charged	
cpd33919	MetaCyc:CPD-20597@Charged	MetaCyc:CPD-20597@Charged	MetaCyc:CPD-20597@Charged	MetaCyc:CPD-20597@Charged	MetaCyc:CPD-20597	MetaCyc:CPD-20597	GC	MetaCyc:CPD-20597@Charged	MetaCyc:CPD-20597@Charged	
cpd33920	MetaCyc:CPD-17161	MetaCyc:CPD-17161	MetaCyc:CPD-17161	MetaCyc:CPD-17161	MetaCyc:CPD-17161	MetaCyc:CPD-17161	EQ	eQuilibrator:MNXM148179	MetaCyc:CPD-17161@Charged	eQuilibrator:MNXM148179
cpd33921	MetaCyc:CPD-18626;ChEBI:142979	MetaCyc:CPD-18626;ChEBI:142979	MetaCyc:CPD-18626;ChEBI:142979	MetaCyc:CPD-18626;ChEBI:142979	MetaCyc:CPD-18626	MetaCyc:CPD-18626	GC	MetaCyc:CPD-18626@Charged	MetaCyc:CPD-18626@Charged	eQuilibrator:MNXM164565
cpd33922	MetaCyc:CPD-15131;ChEBI:48980	MetaCyc:CPD-15131;ChEBI:48980	MetaCyc:CPD-15131;ChEBI:48980	MetaCyc:CPD-15131;ChEBI:48980	MetaCyc:CPD-15131	MetaCyc:CPD-15131	EQ	eQuilibrator:MNXM7730	MetaCyc:CPD-15131@Charged	eQuilibrator:MNXM7730
cpd33923	MetaCyc:CPD-20664	MetaCyc:CPD-20664	MetaCyc:CPD-20664	MetaCyc:CPD-20664	MetaCyc:CPD-20664	MetaCyc:CPD-20664	GC	MetaCyc:CPD-20664@Charged	MetaCyc:CPD-20664@Charged	
cpd33924	MetaCyc:CPD-19021	MetaCyc:CPD-19021	MetaCyc:CPD-19021	MetaCyc:CPD-19021	MetaCyc:CPD-19021	MetaCyc:CPD-19021	EQ	eQuilibrator:MNXM683064	MetaCyc:CPD-19021@Charged	eQuilibrator:MNXM683064
cpd33925	MetaCyc:CPD-14809	MetaCyc:CPD-14809	MetaCyc:CPD-14809	MetaCyc:CPD-14809	MetaCyc:CPD-14809	MetaCyc:CPD-14809	EQ	eQuilibrator:MNXM114596	MetaCyc:CPD-14809@Charged	eQuilibrator:MNXM114596
cpd33926	MetaCyc:CPD-17951	MetaCyc:CPD-17951	MetaCyc:CPD-17951	MetaCyc:CPD-17951	MetaCyc:CPD-17951	MetaCyc:CPD-17951	GC	MetaCyc:CPD-17951@Charged	MetaCyc:CPD-17951@Charged	
cpd33927	MetaCyc:CPD-19897	MetaCyc:CPD-19897	MetaCyc:CPD-19897	MetaCyc:CPD-19897	MetaCyc:CPD-19897	MetaCyc:CPD-19897	GC	MetaCyc:CPD-19897@Charged	MetaCyc:CPD-19897@Charged	
cpd33928	MetaCyc:CPD-16837	MetaCyc:CPD-16837	MetaCyc:CPD-16837	MetaCyc:CPD-16837	MetaCyc:CPD-16837	MetaCyc:CPD-16837	GC	MetaCyc:CPD-16837@Charged	MetaCyc:CPD-16837@Charged	eQuilibrator:MNXM147886
cpd33929	MetaCyc:CPD-19057	MetaCyc:CPD-19057	MetaCyc:CPD-19057	MetaCyc:CPD-19057	MetaCyc:CPD-19057	MetaCyc:CPD-19057	EQ	eQuilibrator:MNXM683045	MetaCyc:CPD-19057@Charged	eQuilibrator:MNXM683045
cpd33930	MetaCyc:CPD-15999@Charged	MetaCyc:CPD-15999@Charged	MetaCyc:CPD-15999@Charged	MetaCyc:CPD-15999@Charged	MetaCyc:CPD-15999	MetaCyc:CPD-15999	EQ		MetaCyc:CPD-15999@Charged	
cpd33931	MetaCyc:CPD-16688	MetaCyc:CPD-16688	MetaCyc:CPD-16688	MetaCyc:CPD-16688	MetaCyc:CPD-16688	MetaCyc:CPD-16688	EQ	eQuilibrator:MNXM151625	MetaCyc:CPD-16688@Charged	eQuilibrator:MNXM151625
cpd33932	MetaCyc:CPD-19959	MetaCyc:CPD-19959	MetaCyc:CPD-19959	MetaCyc:CPD-19959		MetaCyc:CPD-19959	EQ	eQuilibrator:MNXM130018	MetaCyc:CPD-19959@Charged	eQuilibrator:MNXM130018
cpd33933	MetaCyc:CPD-17260	MetaCyc:CPD-17260	MetaCyc:CPD-17260	MetaCyc:CPD-17260	MetaCyc:CPD-17260		GC	MetaCyc:CPD-17260@Charged	MetaCyc:CPD-17260@Charged	eQuilibrator:MNXM148513
cpd33934	MetaCyc:CPD-14854	MetaCyc:CPD-14854	MetaCyc:CPD-14854	MetaCyc:CPD-14854	MetaCyc:CPD-14854	MetaCyc:CPD-14854	GC	MetaCyc:CPD-14854@Charged	MetaCyc:CPD-14854@Charged	
cpd33935	MetaCyc:CPD-20405;ChEBI:74243	MetaCyc:CPD-20405;ChEBI:74243	MetaCyc:CPD-20405;ChEBI:74243	MetaCyc:CPD-20405;ChEBI:74243	MetaCyc:CPD-20405	MetaCyc:CPD-20405	GC	MetaCyc:CPD-20405@Charged	MetaCyc:CPD-20405@Charged	eQuilibrator:MNXM38894
cpd33936	MetaCyc:CPD-20805@Charged	MetaCyc:CPD-20805@Charged	MetaCyc:CPD-20805@Charged	MetaCyc:CPD-20805@Charged	MetaCyc:CPD-20805		GC	MetaCyc:CPD-20805@Charged	MetaCyc:CPD-20805@Charged	
cpd33937	MetaCyc:CPD-17855@Charged	MetaCyc:CPD-17855@Charged	MetaCyc:CPD-17855@Charged	MetaCyc:CPD-17855@Charged	MetaCyc:CPD-17855		EQ	eQuilibrator:MNXM153021	MetaCyc:CPD-17855@Charged	eQuilibrator:MNXM153021
cpd33938	MetaCyc:CPD-20320	MetaCyc:CPD-20320	MetaCyc:CPD-20320	MetaCyc:CPD-20320	MetaCyc:CPD-20320	MetaCyc:CPD-20320	GC	MetaCyc:CPD-20320@Charged	MetaCyc:CPD-20320@Charged	eQuilibrator:MNXM78126
cpd33939	MetaCyc:CPD-18670	MetaCyc:CPD-18670	MetaCyc:CPD-18670	MetaCyc:CPD-18670	MetaCyc:CPD-18670	MetaCyc:CPD-18670	EQ	eQuilibrator:MNXM164641	MetaCyc:CPD-18670@Charged	eQuilibrator:MNXM164641
cpd33940	MetaCyc:CPD-16762	MetaCyc:CPD-16762	MetaCyc:CPD-16762	MetaCyc:CPD-16762@Charged	MetaCyc:CPD-16762	MetaCyc:CPD-16762	GC	MetaCyc:CPD-16762@Charged	MetaCyc:CPD-16762@Charged	
cpd33941	MetaCyc:CPD-20852@Charged	MetaCyc:CPD-20852@Charged	MetaCyc:CPD-20852@Charged	MetaCyc:CPD-20852@Charged	MetaCyc:CPD-20852	MetaCyc:CPD-20852	GC	MetaCyc:CPD-20852@Charged	MetaCyc:CPD-20852@Charged	
cpd33942	MetaCyc:CPD-21533@Charged	MetaCyc:CPD-21533@Charged		MetaCyc:CPD-21533@Charged	MetaCyc:CPD-21533	MetaCyc:CPD-21533	GC	MetaCyc:CPD-21533@Charged	MetaCyc:CPD-21533@Charged	
cpd33943	MetaCyc:CPD-16378;ChEBI:65094	MetaCyc:CPD-16378;ChEBI:65094	MetaCyc:CPD-16378;ChEBI:65094	MetaCyc:CPD-16378;ChEBI:65094	MetaCyc:CPD-16378	MetaCyc:CPD-16378	GC	MetaCyc:CPD-16378@Charged	MetaCyc:CPD-16378@Charged	eQuilibrator:MNXM57475
cpd33944	MetaCyc:CPD-18892@Charged	MetaCyc:CPD-18892@Charged		MetaCyc:CPD-18892@Charged	MetaCyc:CPD-18892	MetaCyc:CPD-18892	GC	MetaCyc:CPD-18892@Charged	MetaCyc:CPD-18892@Charged	
cpd33945	MetaCyc:CPD-18902;ChEBI:177296	MetaCyc:CPD-18902;ChEBI:177296	MetaCyc:CPD-18902;ChEBI:177296	MetaCyc:CPD-18902;ChEBI:177296	MetaCyc:CPD-18902	MetaCyc:CPD-18902	EQ	eQuilibrator:MNXM163348	MetaCyc:CPD-18902@Charged	eQuilibrator:MNXM163348
cpd33946	MetaCyc:CPD-20841	MetaCyc:CPD-20841	MetaCyc:CPD-20841	MetaCyc:CPD-20841	MetaCyc:CPD-20841	MetaCyc:CPD-20841	GC	MetaCyc:CPD-20841@Charged	MetaCyc:CPD-20841@Charged	
cpd33947	MetaCyc:CPD-18099@Charged	MetaCyc:CPD-18099@Charged	MetaCyc:CPD-18099@Charged	MetaCyc:CPD-18099@Charged	MetaCyc:CPD-18099	MetaCyc:CPD-18099	EQ		MetaCyc:CPD-18099@Charged	
cpd33948	MetaCyc:CPD-18318	MetaCyc:CPD-18318	MetaCyc:CPD-18318	MetaCyc:CPD-18318	MetaCyc:CPD-18318	MetaCyc:CPD-18318	EQ	eQuilibrator:MNXM576917	MetaCyc:CPD-18318@Charged	eQuilibrator:MNXM576917
cpd33949	MetaCyc:CPD-17841	MetaCyc:CPD-17841	MetaCyc:CPD-17841	MetaCyc:CPD-17841	MetaCyc:CPD-17841	MetaCyc:CPD-17841	EQ	eQuilibrator:MNXM153030	MetaCyc:CPD-17841@Charged	eQuilibrator:MNXM153030
cpd33950	MetaCyc:CPD-16769	MetaCyc:CPD-16769	MetaCyc:CPD-16769	MetaCyc:CPD-16769	MetaCyc:CPD-16769	MetaCyc:CPD-16769	EQ	eQuilibrator:MNXM151118	MetaCyc:CPD-16769@Charged	eQuilibrator:MNXM151118
cpd33951	MetaCyc:CPD-19950;ChEBI:64848	MetaCyc:CPD-19950;ChEBI:64848	MetaCyc:CPD-19950;ChEBI:64848	MetaCyc:CPD-19950;ChEBI:64848	MetaCyc:CPD-19950	MetaCyc:CPD-19950	EQ	eQuilibrator:MNXM63463	MetaCyc:CPD-19950@Charged	eQuilibrator:MNXM63463
cpd33952	MetaCyc:CPD-15360@Charged	MetaCyc:CPD-15360@Charged		MetaCyc:CPD-15360@Charged	MetaCyc:CPD-15360	MetaCyc:CPD-15360	GC	MetaCyc:CPD-15360@Charged	MetaCyc:CPD-15360@Charged	
cpd33953	MetaCyc:CPD-15065	MetaCyc:CPD-15065	MetaCyc:CPD-15065	MetaCyc:CPD-15065	MetaCyc:CPD-15065	MetaCyc:CPD-15065	GC	MetaCyc:CPD-15065@Charged	MetaCyc:CPD-15065@Charged	
cpd33954	MetaCyc:CPD-19400	MetaCyc:CPD-19400	MetaCyc:CPD-19400	MetaCyc:CPD-19400	MetaCyc:CPD-19400	MetaCyc:CPD-19400	EQ	eQuilibrator:MNXM164295	MetaCyc:CPD-19400@Charged	eQuilibrator:MNXM164295
cpd33955	MetaCyc:CPD-19652@Charged	MetaCyc:CPD-19652@Charged	MetaCyc:CPD-19652@Charged	MetaCyc:CPD-19652@Charged	MetaCyc:CPD-19652		GC	MetaCyc:CPD-19652@Charged	MetaCyc:CPD-19652@Charged	
cpd33956	MetaCyc:CPD-17661	MetaCyc:CPD-17661	MetaCyc:CPD-17661	MetaCyc:CPD-17661	MetaCyc:CPD-17661	MetaCyc:CPD-17661	EQ	eQuilibrator:MNXM147701	MetaCyc:CPD-17661@Charged	eQuilibrator:MNXM147701
cpd33957	MetaCyc:CPD-20736	MetaCyc:CPD-20736		MetaCyc:CPD-20736	MetaCyc:CPD-20736	MetaCyc:CPD-20736	GC	MetaCyc:CPD-20736@Charged	MetaCyc:CPD-20736@Charged	
cpd33958	MetaCyc:CPD-17674	MetaCyc:CPD-17674	MetaCyc:CPD-17674	MetaCyc:CPD-17674	MetaCyc:CPD-17674	MetaCyc:CPD-17674	GC	MetaCyc:CPD-17674@Charged	MetaCyc:CPD-17674@Charged	eQuilibrator:MNXM148659
cpd33959	MetaCyc:CPD-19932;ChEBI:142545	MetaCyc:CPD-19932;ChEBI:142545	MetaCyc:CPD-19932;ChEBI:142545	MetaCyc:CPD-19932;ChEBI:142545	MetaCyc:CPD-19932	MetaCyc:CPD-19932	GC	MetaCyc:CPD-19932@Charged	MetaCyc:CPD-19932@Charged	
cpd33960	MetaCyc:CPD-17548	MetaCyc:CPD-17548	MetaCyc:CPD-17548	MetaCyc:CPD-17548	MetaCyc:CPD-17548	MetaCyc:CPD-17548	EQ	eQuilibrator:MNXM171178	MetaCyc:CPD-17548@Charged	eQuilibrator:MNXM171178
cpd33961	MetaCyc:CPD-17728	MetaCyc:CPD-17728	MetaCyc:CPD-17728	MetaCyc:CPD-17728	MetaCyc:CPD-17728	MetaCyc:CPD-17728	EQ	eQuilibrator:MNXM147813	MetaCyc:CPD-17728@Charged	eQuilibrator:MNXM147813
cpd33962	MetaCyc:CPD-21075;ChEBI:143556	MetaCyc:CPD-21075;ChEBI:143556	MetaCyc:CPD-21075;ChEBI:143556	MetaCyc:CPD-21075;ChEBI:143556	MetaCyc:CPD-21075	MetaCyc:CPD-21075	GC	MetaCyc:CPD-21075@Charged	MetaCyc:CPD-21075@Charged	
cpd33963	MetaCyc:CPD-16167;ChEBI:58826	MetaCyc:CPD-16167;ChEBI:58826	MetaCyc:CPD-16167;ChEBI:58826	MetaCyc:CPD-16167;ChEBI:58826	MetaCyc:CPD-16167	MetaCyc:CPD-16167	EQ	eQuilibrator:MNXM7557	MetaCyc:CPD-16167@Charged	eQuilibrator:MNXM7557
cpd33964										
cpd33965	MetaCyc:CPD-17974	MetaCyc:CPD-17974	MetaCyc:CPD-17974	MetaCyc:CPD-17974	MetaCyc:CPD-17974	MetaCyc:CPD-17974	EQ	eQuilibrator:MNXM148305	MetaCyc:CPD-17974@Charged	eQuilibrator:MNXM148305
cpd33966	MetaCyc:CPD66-76	MetaCyc:CPD66-76	MetaCyc:CPD66-76	MetaCyc:CPD66-76	MetaCyc:CPD66-76	MetaCyc:CPD66-76	GC	MetaCyc:CPD66-76@Charged	MetaCyc:CPD66-76@Charged	
cpd33967	MetaCyc:CPD0-2604@Charged	MetaCyc:CPD0-2604@Charged	MetaCyc:CPD0-2604@Charged	MetaCyc:CPD0-2604@Charged	MetaCyc:CPD0-2604	MetaCyc:CPD0-2604				
cpd33968	MetaCyc:CPD-16622	MetaCyc:CPD-16622	MetaCyc:CPD-16622	MetaCyc:CPD-16622	MetaCyc:CPD-16622	MetaCyc:CPD-16622	GC	MetaCyc:CPD-16622@Charged	MetaCyc:CPD-16622@Charged	
cpd33969	MetaCyc:CPD-17726	MetaCyc:CPD-17726	MetaCyc:CPD-17726	MetaCyc:CPD-17726	MetaCyc:CPD-17726	MetaCyc:CPD-17726	EQ	eQuilibrator:MNXM104997	MetaCyc:CPD-17726@Charged	eQuilibrator:MNXM104997
cpd33970	MetaCyc:CPD-19794	MetaCyc:CPD-19794	MetaCyc:CPD-19794	MetaCyc:CPD-19794	MetaCyc:CPD-19794	MetaCyc:CPD-19794	GC	MetaCyc:CPD-19794@Charged	MetaCyc:CPD-19794@Charged	
cpd33971	MetaCyc:CPD-17359	MetaCyc:CPD-17359	MetaCyc:CPD-17359	MetaCyc:CPD-17359	MetaCyc:CPD-17359	MetaCyc:CPD-17359	GC	MetaCyc:CPD-17359@Charged	MetaCyc:CPD-17359@Charged	
cpd33972	MetaCyc:CPD-21212	MetaCyc:CPD-21212	MetaCyc:CPD-21212	MetaCyc:CPD-21212	MetaCyc:CPD-21212	MetaCyc:CPD-21212	GC	MetaCyc:CPD-21212@Charged	MetaCyc:CPD-21212@Charged	
cpd33973	MetaCyc:CPD-17190	MetaCyc:CPD-17190	MetaCyc:CPD-17190	MetaCyc:CPD-17190	MetaCyc:CPD-17190	MetaCyc:CPD-17190	GC	MetaCyc:CPD-17190@Charged	MetaCyc:CPD-17190@Charged	eQuilibrator:MNXM153125
cpd33974	MetaCyc:CPD-21412;ChEBI:167096	MetaCyc:CPD-21412;ChEBI:167096	MetaCyc:CPD-21412;ChEBI:167096	MetaCyc:CPD-21412;ChEBI:167096	MetaCyc:CPD-21412	MetaCyc:CPD-21412	GC	MetaCyc:CPD-21412@Charged	MetaCyc:CPD-21412@Charged	
cpd33975	MetaCyc:CPD-14911	MetaCyc:CPD-14911	MetaCyc:CPD-14911	MetaCyc:CPD-14911	MetaCyc:CPD-14911	MetaCyc:CPD-14911	GC	MetaCyc:CPD-14911@Charged	MetaCyc:CPD-14911@Charged	eQuilibrator:MNXM52966
cpd33976	MetaCyc:CPD-15755@Charged	MetaCyc:CPD-15755@Charged	MetaCyc:CPD-15755@Charged	MetaCyc:CPD-15755@Charged	MetaCyc:CPD-15755	MetaCyc:CPD-15755	GC	MetaCyc:CPD-15755@Charged	MetaCyc:CPD-15755@Charged	eQuilibrator:MNXM150479
cpd33977	MetaCyc:CPD-18186	MetaCyc:CPD-18186	MetaCyc:CPD-18186	MetaCyc:CPD-18186	MetaCyc:CPD-18186	MetaCyc:CPD-18186	EQ	eQuilibrator:MNXM163700	MetaCyc:CPD-18186@Charged	eQuilibrator:MNXM163700
cpd33978	MetaCyc:CPD-17423	MetaCyc:CPD-17423	MetaCyc:CPD-17423	MetaCyc:CPD-17423	MetaCyc:CPD-17423	MetaCyc:CPD-17423	GC	MetaCyc:CPD-17423@Charged	MetaCyc:CPD-17423@Charged	
cpd33979	MetaCyc:CPD-15642;ChEBI:62377	MetaCyc:CPD-15642;ChEBI:62377	MetaCyc:CPD-15642;ChEBI:62377	MetaCyc:CPD-15642;ChEBI:62377	MetaCyc:CPD-15642	MetaCyc:CPD-15642	EQ	eQuilibrator:MNXM4861	MetaCyc:CPD-15642@Charged	eQuilibrator:MNXM4861
cpd33980	MetaCyc:CPD-20572	MetaCyc:CPD-20572	MetaCyc:CPD-20572	MetaCyc:CPD-20572	MetaCyc:CPD-20572	MetaCyc:CPD-20572	GC	MetaCyc:CPD-20572@Charged	MetaCyc:CPD-20572@Charged	
cpd33981	MetaCyc:CPD-19103;ChEBI:131973	MetaCyc:CPD-19103;ChEBI:131973	MetaCyc:CPD-19103;ChEBI:131973	MetaCyc:CPD-19103;ChEBI:131973	MetaCyc:CPD-19103	MetaCyc:CPD-19103	GC	MetaCyc:CPD-19103@Charged	MetaCyc:CPD-19103@Charged	eQuilibrator:MNXM162445
cpd33982	MetaCyc:CPD-19906	MetaCyc:CPD-19906	MetaCyc:CPD-19906	MetaCyc:CPD-19906	MetaCyc:CPD-19906	MetaCyc:CPD-19906	GC	MetaCyc:CPD-19906@Charged	MetaCyc:CPD-19906@Charged	
cpd33983	MetaCyc:CPD-19908	MetaCyc:CPD-19908	MetaCyc:CPD-19908	MetaCyc:CPD-19908	MetaCyc:CPD-19908	MetaCyc:CPD-19908	GC	MetaCyc:CPD-19908@Charged	MetaCyc:CPD-19908@Charged	
cpd33984	MetaCyc:CPD-17745	MetaCyc:CPD-17745	MetaCyc:CPD-17745	MetaCyc:CPD-17745	MetaCyc:CPD-17745	MetaCyc:CPD-17745	GC	MetaCyc:CPD-17745@Charged	MetaCyc:CPD-17745@Charged	eQuilibrator:MNXM162011
cpd33985	MetaCyc:CPD-17827	MetaCyc:CPD-17827	MetaCyc:CPD-17827	MetaCyc:CPD-17827	MetaCyc:CPD-17827		EQ	eQuilibrator:MNXM153019	MetaCyc:CPD-17827@Charged	eQuilibrator:MNXM153019
cpd33986	MetaCyc:CPD0-2591	MetaCyc:CPD0-2591	MetaCyc:CPD0-2591	MetaCyc:CPD0-2591		MetaCyc:CPD0-2591				
cpd33987	MetaCyc:CPD-19649@Charged	MetaCyc:CPD-19649@Charged	MetaCyc:CPD-19649@Charged	MetaCyc:CPD-19649@Charged	MetaCyc:CPD-19649	MetaCyc:CPD-19649	GC	MetaCyc:CPD-19649@Charged	MetaCyc:CPD-19649@Charged	
cpd33988	MetaCyc:CPD-14627	MetaCyc:CPD-14627	MetaCyc:CPD-14627	MetaCyc:CPD-14627	MetaCyc:CPD-14627	MetaCyc:CPD-14627	EQ	eQuilibrator:MNXM97373	MetaCyc:CPD-14627@Charged	eQuilibrator:MNXM97373
cpd33989	MetaCyc:CPD-17499	MetaCyc:CPD-17499	MetaCyc:CPD-17499	MetaCyc:CPD-17499	MetaCyc:CPD-17499	MetaCyc:CPD-17499	GC	MetaCyc:CPD-17499@Charged	MetaCyc:CPD-17499@Charged	eQuilibrator:MNXM148194
cpd33990	MetaCyc:CPD-17362;ChEBI:145685	MetaCyc:CPD-17362;ChEBI:145685	MetaCyc:CPD-17362;ChEBI:145685	MetaCyc:CPD-17362;ChEBI:145685	MetaCyc:CPD-17362	MetaCyc:CPD-17362	EQ	eQuilibrator:MNXM149138	MetaCyc:CPD-17362@Charged	eQuilibrator:MNXM149138
cpd33991	MetaCyc:CPD-16577	MetaCyc:CPD-16577	MetaCyc:CPD-16577	MetaCyc:CPD-16577	MetaCyc:CPD-16577	MetaCyc:CPD-16577	EQ	eQuilibrator:MNXM491972	MetaCyc:CPD-16577@Charged	eQuilibrator:MNXM491972
cpd33992	MetaCyc:CPD-14456	MetaCyc:CPD-14456	MetaCyc:CPD-14456	MetaCyc:CPD-14456	MetaCyc:CPD-14456	MetaCyc:CPD-14456	GC	MetaCyc:CPD-14456@Charged	MetaCyc:CPD-14456@Charged	eQuilibrator:MNXM79851
cpd33993	MetaCyc:CPD0-2635@Charged	MetaCyc:CPD0-2635@Charged	MetaCyc:CPD0-2635@Charged	MetaCyc:CPD0-2635@Charged	MetaCyc:CPD0-2635	MetaCyc:CPD0-2635				
cpd33994	MetaCyc:CPD-21518	MetaCyc:CPD-21518	MetaCyc:CPD-21518	MetaCyc:CPD-21518	MetaCyc:CPD-21518	MetaCyc:CPD-21518	GC	MetaCyc:CPD-21518@Charged	MetaCyc:CPD-21518@Charged	
cpd33995	MetaCyc:CPD-20026@Charged	MetaCyc:CPD-20026@Charged	MetaCyc:CPD-20026@Charged	MetaCyc:CPD-20026@Charged	MetaCyc:CPD-20026	MetaCyc:CPD-20026	GC	MetaCyc:CPD-20026@Charged	MetaCyc:CPD-20026@Charged	
cpd33996	MetaCyc:CPD-19925	MetaCyc:CPD-19925	MetaCyc:CPD-19925	MetaCyc:CPD-19925	MetaCyc:CPD-19925	MetaCyc:CPD-19925	GC	MetaCyc:CPD-19925@Charged	MetaCyc:CPD-19925@Charged	
cpd33997	MetaCyc:CPD-20278;ChEBI:167610	MetaCyc:CPD-20278;ChEBI:167610	MetaCyc:CPD-20278;ChEBI:167610	MetaCyc:CPD-20278;ChEBI:167610	MetaCyc:CPD-20278		GC	MetaCyc:CPD-20278@Charged	MetaCyc:CPD-20278@Charged	
cpd33998	MetaCyc:CPD-18337	MetaCyc:CPD-18337	MetaCyc:CPD-18337	MetaCyc:CPD-18337	MetaCyc:CPD-18337	MetaCyc:CPD-18337	GC	MetaCyc:CPD-18337@Charged	MetaCyc:CPD-18337@Charged	eQuilibrator:MNXM683445
cpd33999	MetaCyc:CPD-20985	MetaCyc:CPD-20985	MetaCyc:CPD-20985	MetaCyc:CPD-20985	MetaCyc:CPD-20985	MetaCyc:CPD-20985	EQ	eQuilibrator:MNXM31945	MetaCyc:CPD-20985@Charged	eQuilibrator:MNXM31945
