id	formula_src	charge_src	inchikey_src	smiles_src	pka_src	pkb_src	deltag_method	deltag_used_src	deltag_gc_src	deltag_eq_src
cpd25000	MetaCyc:CPD-7987	MetaCyc:CPD-7987	MetaCyc:CPD-7987	MetaCyc:CPD-7987	MetaCyc:CPD-7987		GC	MetaCyc:CPD-7987@Charged	MetaCyc:CPD-7987@Charged	
cpd25001	MetaCyc:CPD-7990@Charged	MetaCyc:CPD-7990@Charged	MetaCyc:CPD-7990@Charged	MetaCyc:CPD-7990@Charged	MetaCyc:CPD-7990	MetaCyc:CPD-7990	GC	MetaCyc:CPD-7990@Charged	MetaCyc:CPD-7990@Charged	eQuilibrator:MNXM51366
cpd25002	MetaCyc:CPD-7991;ChEBI:167615	MetaCyc:CPD-7991;ChEBI:167615	MetaCyc:CPD-7991;ChEBI:167615	MetaCyc:CPD-7991;ChEBI:167615	MetaCyc:CPD-7991	MetaCyc:CPD-7991	GC	MetaCyc:CPD-7991@Charged	MetaCyc:CPD-7991@Charged	
cpd25003	MetaCyc:CPD-7992	MetaCyc:CPD-7992	MetaCyc:CPD-7992	MetaCyc:CPD-7992		MetaCyc:CPD-7992	EQ	eQuilibrator:MNXM56426	MetaCyc:CPD-7992@Charged	eQuilibrator:MNXM56426
cpd25004	MetaCyc:CPD-8007;ChEBI:169944	MetaCyc:CPD-8007;ChEBI:169944	MetaCyc:CPD-8007;ChEBI:169944	MetaCyc:CPD-8007@Charged;ChEBI:169944	MetaCyc:CPD-8007	MetaCyc:CPD-8007	GC	MetaCyc:CPD-8007@Charged	MetaCyc:CPD-8007@Charged	
cpd25005	MetaCyc:CPD-8009@Charged	MetaCyc:CPD-8009@Charged	MetaCyc:CPD-8009@Charged	MetaCyc:CPD-8009@Charged	MetaCyc:CPD-8009	MetaCyc:CPD-8009	GC	MetaCyc:CPD-8009@Charged	MetaCyc:CPD-8009@Charged	eQuilibrator:MNXM21430
cpd25006	MetaCyc:CPD-8012@Charged	MetaCyc:CPD-8012@Charged	MetaCyc:CPD-8012@Charged	MetaCyc:CPD-8012@Charged	MetaCyc:CPD-8012	MetaCyc:CPD-8012	GC	MetaCyc:CPD-8012@Charged	MetaCyc:CPD-8012@Charged	
cpd25007	MetaCyc:CPD-8013@Charged	MetaCyc:CPD-8013@Charged	MetaCyc:CPD-8013@Charged	MetaCyc:CPD-8013@Charged	MetaCyc:CPD-8013	MetaCyc:CPD-8013	GC	MetaCyc:CPD-8013@Charged	MetaCyc:CPD-8013@Charged	eQuilibrator:MNXM163891
cpd25008	MetaCyc:CPD-8033@Charged	MetaCyc:CPD-8033@Charged	MetaCyc:CPD-8033@Charged	MetaCyc:CPD-8033@Charged	MetaCyc:CPD-8033	MetaCyc:CPD-8033	GC	MetaCyc:CPD-8033@Charged	MetaCyc:CPD-8033@Charged	
cpd25009	MetaCyc:CPD-8034@Charged	MetaCyc:CPD-8034@Charged	MetaCyc:CPD-8034@Charged	MetaCyc:CPD-8034@Charged	MetaCyc:CPD-8034	MetaCyc:CPD-8034	GC	MetaCyc:CPD-8034@Charged	MetaCyc:CPD-8034@Charged	
cpd25010	MetaCyc:CPD-8042	MetaCyc:CPD-8042	MetaCyc:CPD-8042	MetaCyc:CPD-8042	MetaCyc:CPD-8042		GC	MetaCyc:CPD-8042@Charged	MetaCyc:CPD-8042@Charged	
cpd25011	MetaCyc:CPD-8047	MetaCyc:CPD-8047	MetaCyc:CPD-8047	MetaCyc:CPD-8047	MetaCyc:CPD-8047	MetaCyc:CPD-8047	EQ	eQuilibrator:MNXM17987	MetaCyc:CPD-8047@Charged	eQuilibrator:MNXM17987
cpd25012	MetaCyc:CPD-8048	MetaCyc:CPD-8048	MetaCyc:CPD-8048	MetaCyc:CPD-8048	MetaCyc:CPD-8048	MetaCyc:CPD-8048	EQ	eQuilibrator:MNXM168720	MetaCyc:CPD-8048@Charged	eQuilibrator:MNXM168720
cpd25013	MetaCyc:CPD-8049	MetaCyc:CPD-8049	MetaCyc:CPD-8049	MetaCyc:CPD-8049	MetaCyc:CPD-8049	MetaCyc:CPD-8049	EQ	eQuilibrator:MNXM16702	MetaCyc:CPD-8049@Charged	eQuilibrator:MNXM16702
cpd25014	MetaCyc:CPD-8053	MetaCyc:CPD-8053	MetaCyc:CPD-8053	MetaCyc:CPD-8053	MetaCyc:CPD-8053	MetaCyc:CPD-8053	EQ	eQuilibrator:MNXM64332	MetaCyc:CPD-8053@Charged	eQuilibrator:MNXM64332
cpd25015	MetaCyc:CPD-8055	MetaCyc:CPD-8055	MetaCyc:CPD-8055	MetaCyc:CPD-8055	MetaCyc:CPD-8055	MetaCyc:CPD-8055	EQ	eQuilibrator:MNXM34119	MetaCyc:CPD-8055@Charged	eQuilibrator:MNXM34119
cpd25016	MetaCyc:CPD-8058	MetaCyc:CPD-8058	MetaCyc:CPD-8058	MetaCyc:CPD-8058	MetaCyc:CPD-8058	MetaCyc:CPD-8058	EQ	eQuilibrator:MNXM7240	MetaCyc:CPD-8058@Charged	eQuilibrator:MNXM7240
cpd25017	MetaCyc:CPD-8059	MetaCyc:CPD-8059	MetaCyc:CPD-8059	MetaCyc:CPD-8059	MetaCyc:CPD-8059	MetaCyc:CPD-8059	EQ	eQuilibrator:MNXM52272	MetaCyc:CPD-8059@Charged	eQuilibrator:MNXM52272
cpd25018	MetaCyc:CPD-8060	MetaCyc:CPD-8060	MetaCyc:CPD-8060	MetaCyc:CPD-8060	MetaCyc:CPD-8060	MetaCyc:CPD-8060	EQ	eQuilibrator:MNXM47001	MetaCyc:CPD-8060@Charged	eQuilibrator:MNXM47001
cpd25019	MetaCyc:CPD-8061	MetaCyc:CPD-8061	MetaCyc:CPD-8061	MetaCyc:CPD-8061	MetaCyc:CPD-8061	MetaCyc:CPD-8061	EQ	eQuilibrator:MNXM40820	MetaCyc:CPD-8061@Charged	eQuilibrator:MNXM40820
cpd25020	MetaCyc:CPD-8064	MetaCyc:CPD-8064	MetaCyc:CPD-8064	MetaCyc:CPD-8064	MetaCyc:CPD-8064	MetaCyc:CPD-8064	EQ	eQuilibrator:MNXM32939	MetaCyc:CPD-8064@Charged	eQuilibrator:MNXM32939
cpd25021	MetaCyc:CPD-8067@Charged	MetaCyc:CPD-8067@Charged	MetaCyc:CPD-8067@Charged	MetaCyc:CPD-8067@Charged	MetaCyc:CPD-8067	MetaCyc:CPD-8067	GC	MetaCyc:CPD-8067@Charged	MetaCyc:CPD-8067@Charged	eQuilibrator:MNXM5800
cpd25022	MetaCyc:CPD-8068@Charged	MetaCyc:CPD-8068@Charged	MetaCyc:CPD-8068@Charged	MetaCyc:CPD-8068@Charged	MetaCyc:CPD-8068	MetaCyc:CPD-8068	GC	MetaCyc:CPD-8068@Charged	MetaCyc:CPD-8068@Charged	
cpd25023	MetaCyc:CPD-8069@Charged	MetaCyc:CPD-8069@Charged	MetaCyc:CPD-8069@Charged	MetaCyc:CPD-8069@Charged	MetaCyc:CPD-8069	MetaCyc:CPD-8069	GC	MetaCyc:CPD-8069@Charged	MetaCyc:CPD-8069@Charged	
cpd25024	MetaCyc:CPD-8073	MetaCyc:CPD-8073	MetaCyc:CPD-8073	MetaCyc:CPD-8073	MetaCyc:CPD-8073	MetaCyc:CPD-8073	EQ	eQuilibrator:MNXM7974	MetaCyc:CPD-8073@Charged	eQuilibrator:MNXM7974
cpd25025	MetaCyc:CPD-8074	MetaCyc:CPD-8074	MetaCyc:CPD-8074	MetaCyc:CPD-8074	MetaCyc:CPD-8074	MetaCyc:CPD-8074	EQ	eQuilibrator:MNXM9567	MetaCyc:CPD-8074@Charged	eQuilibrator:MNXM9567
cpd25026	MetaCyc:CPD-8075	MetaCyc:CPD-8075	MetaCyc:CPD-8075	MetaCyc:CPD-8075	MetaCyc:CPD-8075	MetaCyc:CPD-8075	EQ	eQuilibrator:MNXM6593	MetaCyc:CPD-8075@Charged	eQuilibrator:MNXM6593
cpd25027	MetaCyc:CPD-8076	MetaCyc:CPD-8076	MetaCyc:CPD-8076	MetaCyc:CPD-8076	MetaCyc:CPD-8076	MetaCyc:CPD-8076	EQ	eQuilibrator:MNXM7980	MetaCyc:CPD-8076@Charged	eQuilibrator:MNXM7980
cpd25028	MetaCyc:CPD-8077	MetaCyc:CPD-8077	MetaCyc:CPD-8077	MetaCyc:CPD-8077	MetaCyc:CPD-8077	MetaCyc:CPD-8077	EQ	eQuilibrator:MNXM7972	MetaCyc:CPD-8077@Charged	eQuilibrator:MNXM7972
cpd25029	MetaCyc:CPD-8078	MetaCyc:CPD-8078	MetaCyc:CPD-8078	MetaCyc:CPD-8078	MetaCyc:CPD-8078	MetaCyc:CPD-8078	EQ	eQuilibrator:MNXM7981	MetaCyc:CPD-8078@Charged	eQuilibrator:MNXM7981
cpd25030	MetaCyc:CPD-8079	MetaCyc:CPD-8079	MetaCyc:CPD-8079	MetaCyc:CPD-8079	MetaCyc:CPD-8079	MetaCyc:CPD-8079	EQ	eQuilibrator:MNXM9559	MetaCyc:CPD-8079@Charged	eQuilibrator:MNXM9559
cpd25031	MetaCyc:CPD-8080	MetaCyc:CPD-8080	MetaCyc:CPD-8080	MetaCyc:CPD-8080	MetaCyc:CPD-8080	MetaCyc:CPD-8080	EQ	eQuilibrator:MNXM7976	MetaCyc:CPD-8080@Charged	eQuilibrator:MNXM7976
cpd25032	MetaCyc:CPD-8081	MetaCyc:CPD-8081	MetaCyc:CPD-8081	MetaCyc:CPD-8081	MetaCyc:CPD-8081	MetaCyc:CPD-8081	EQ	eQuilibrator:MNXM9573	MetaCyc:CPD-8081@Charged	eQuilibrator:MNXM9573
cpd25033	MetaCyc:CPD-8082	MetaCyc:CPD-8082	MetaCyc:CPD-8082	MetaCyc:CPD-8082	MetaCyc:CPD-8082	MetaCyc:CPD-8082	EQ	eQuilibrator:MNXM9563	MetaCyc:CPD-8082@Charged	eQuilibrator:MNXM9563
cpd25034	MetaCyc:CPD-8083	MetaCyc:CPD-8083	MetaCyc:CPD-8083	MetaCyc:CPD-8083	MetaCyc:CPD-8083	MetaCyc:CPD-8083	EQ	eQuilibrator:MNXM9565	MetaCyc:CPD-8083@Charged	eQuilibrator:MNXM9565
cpd25035	MetaCyc:CPD-8084	MetaCyc:CPD-8084	MetaCyc:CPD-8084	MetaCyc:CPD-8084	MetaCyc:CPD-8084	MetaCyc:CPD-8084	GC	MetaCyc:CPD-8084@Charged	MetaCyc:CPD-8084@Charged	
cpd25036	MetaCyc:CPD-8086	MetaCyc:CPD-8086	MetaCyc:CPD-8086	MetaCyc:CPD-8086	MetaCyc:CPD-8086	MetaCyc:CPD-8086	GC	MetaCyc:CPD-8086@Charged	MetaCyc:CPD-8086@Charged	eQuilibrator:MNXM7975
cpd25037	MetaCyc:CPD-8087	MetaCyc:CPD-8087	MetaCyc:CPD-8087	MetaCyc:CPD-8087	MetaCyc:CPD-8087	MetaCyc:CPD-8087	GC	MetaCyc:CPD-8087@Charged	MetaCyc:CPD-8087@Charged	
cpd25038	MetaCyc:CPD-8088	MetaCyc:CPD-8088	MetaCyc:CPD-8088	MetaCyc:CPD-8088	MetaCyc:CPD-8088	MetaCyc:CPD-8088	GC	MetaCyc:CPD-8088@Charged	MetaCyc:CPD-8088@Charged	eQuilibrator:MNXM7977
cpd25039	MetaCyc:CPD-8089	MetaCyc:CPD-8089	MetaCyc:CPD-8089	MetaCyc:CPD-8089	MetaCyc:CPD-8089	MetaCyc:CPD-8089	GC	MetaCyc:CPD-8089@Charged	MetaCyc:CPD-8089@Charged	eQuilibrator:MNXM9570
cpd25040	MetaCyc:CPD-8090	MetaCyc:CPD-8090	MetaCyc:CPD-8090	MetaCyc:CPD-8090	MetaCyc:CPD-8090	MetaCyc:CPD-8090	GC	MetaCyc:CPD-8090@Charged	MetaCyc:CPD-8090@Charged	eQuilibrator:MNXM7982
cpd25041	MetaCyc:CPD-8091;ChEBI:74670	MetaCyc:CPD-8091;ChEBI:74670	MetaCyc:CPD-8091;ChEBI:74670	MetaCyc:CPD-8091;ChEBI:74670	MetaCyc:CPD-8091	MetaCyc:CPD-8091	GC	MetaCyc:CPD-8091@Charged	MetaCyc:CPD-8091@Charged	eQuilibrator:MNXM7973
cpd25042	MetaCyc:CPD-8092;ChEBI:86133	MetaCyc:CPD-8092;ChEBI:86133	MetaCyc:CPD-8092;ChEBI:86133	MetaCyc:CPD-8092;ChEBI:86133	MetaCyc:CPD-8092	MetaCyc:CPD-8092	GC	MetaCyc:CPD-8092@Charged	MetaCyc:CPD-8092@Charged	eQuilibrator:MNXM9560
cpd25043	MetaCyc:CPD-8093	MetaCyc:CPD-8093	MetaCyc:CPD-8093	MetaCyc:CPD-8093	MetaCyc:CPD-8093	MetaCyc:CPD-8093	GC	MetaCyc:CPD-8093@Charged	MetaCyc:CPD-8093@Charged	eQuilibrator:MNXM7978
cpd25044	MetaCyc:CPD-8094	MetaCyc:CPD-8094	MetaCyc:CPD-8094	MetaCyc:CPD-8094	MetaCyc:CPD-8094	MetaCyc:CPD-8094	EQ	eQuilibrator:MNXM165282	MetaCyc:CPD-8094@Charged	eQuilibrator:MNXM165282
cpd25045	MetaCyc:CPD-8095@Charged	MetaCyc:CPD-8095@Charged	MetaCyc:CPD-8095@Charged	MetaCyc:CPD-8095@Charged	MetaCyc:CPD-8095	MetaCyc:CPD-8095	GC	MetaCyc:CPD-8095@Charged	MetaCyc:CPD-8095@Charged	
cpd25046	MetaCyc:CPD-8096	MetaCyc:CPD-8096	MetaCyc:CPD-8096	MetaCyc:CPD-8096	MetaCyc:CPD-8096	MetaCyc:CPD-8096	EQ	eQuilibrator:MNXM481963	MetaCyc:CPD-8096@Charged	eQuilibrator:MNXM481963
cpd25047	MetaCyc:CPD-8098	MetaCyc:CPD-8098	MetaCyc:CPD-8098	MetaCyc:CPD-8098	MetaCyc:CPD-8098	MetaCyc:CPD-8098	EQ	eQuilibrator:MNXM5677	MetaCyc:CPD-8098@Charged	eQuilibrator:MNXM5677
cpd25048	MetaCyc:CPD-81;ChEBI:136949	MetaCyc:CPD-81;ChEBI:136949	MetaCyc:CPD-81;ChEBI:136949	MetaCyc:CPD-81;ChEBI:136949	MetaCyc:CPD-81	MetaCyc:CPD-81	EQ	eQuilibrator:MNXM16830	MetaCyc:CPD-81@Charged	eQuilibrator:MNXM16830
cpd25049	MetaCyc:CPD-8121	MetaCyc:CPD-8121	MetaCyc:CPD-8121	MetaCyc:CPD-8121	MetaCyc:CPD-8121		EQ	eQuilibrator:MNXM8573	MetaCyc:CPD-8121@Charged	eQuilibrator:MNXM8573
cpd25050	MetaCyc:CPD-8124;ChEBI:82685	MetaCyc:CPD-8124;ChEBI:82685	MetaCyc:CPD-8124;ChEBI:82685	MetaCyc:CPD-8124@Charged;ChEBI:82685@Charged	MetaCyc:CPD-8124	MetaCyc:CPD-8124	GC	MetaCyc:CPD-8124@Charged	MetaCyc:CPD-8124@Charged	
cpd25051	MetaCyc:CPD-8127	MetaCyc:CPD-8127	MetaCyc:CPD-8127	MetaCyc:CPD-8127	MetaCyc:CPD-8127		GC	MetaCyc:CPD-8127@Charged	MetaCyc:CPD-8127@Charged	
cpd25052	MetaCyc:CPD-8128	MetaCyc:CPD-8128	MetaCyc:CPD-8128	MetaCyc:CPD-8128	MetaCyc:CPD-8128	MetaCyc:CPD-8128	GC	MetaCyc:CPD-8128@Charged	MetaCyc:CPD-8128@Charged	
cpd25053	MetaCyc:CPD-8132	MetaCyc:CPD-8132	MetaCyc:CPD-8132	MetaCyc:CPD-8132	MetaCyc:CPD-8132		GC	MetaCyc:CPD-8132@Charged	MetaCyc:CPD-8132@Charged	eQuilibrator:MNXM87071
cpd25054	MetaCyc:CPD-8134	MetaCyc:CPD-8134	MetaCyc:CPD-8134	MetaCyc:CPD-8134	MetaCyc:CPD-8134	MetaCyc:CPD-8134	GC	MetaCyc:CPD-8134@Charged	MetaCyc:CPD-8134@Charged	eQuilibrator:MNXM722847
cpd25055	MetaCyc:CPD-8135	MetaCyc:CPD-8135	MetaCyc:CPD-8135	MetaCyc:CPD-8135	MetaCyc:CPD-8135	MetaCyc:CPD-8135	GC	MetaCyc:CPD-8135@Charged	MetaCyc:CPD-8135@Charged	
cpd25056	MetaCyc:CPD-8139;ChEBI:74164	MetaCyc:CPD-8139;ChEBI:74164	MetaCyc:CPD-8139;ChEBI:74164	MetaCyc:CPD-8139;ChEBI:74164	MetaCyc:CPD-8139		GC	MetaCyc:CPD-8139@Charged	MetaCyc:CPD-8139@Charged	
cpd25057	MetaCyc:CPD-8140	MetaCyc:CPD-8140	MetaCyc:CPD-8140	MetaCyc:CPD-8140	MetaCyc:CPD-8140		GC	MetaCyc:CPD-8140@Charged	MetaCyc:CPD-8140@Charged	
cpd25058	MetaCyc:CPD-8143	MetaCyc:CPD-8143	MetaCyc:CPD-8143	MetaCyc:CPD-8143	MetaCyc:CPD-8143	MetaCyc:CPD-8143	GC	MetaCyc:CPD-8143@Charged	MetaCyc:CPD-8143@Charged	eQuilibrator:MNXM14999
cpd25059	MetaCyc:CPD-8144	MetaCyc:CPD-8144	MetaCyc:CPD-8144	MetaCyc:CPD-8144	MetaCyc:CPD-8144	MetaCyc:CPD-8144	GC	MetaCyc:CPD-8144@Charged	MetaCyc:CPD-8144@Charged	eQuilibrator:MNXM10430
cpd25060	MetaCyc:CPD-8145	MetaCyc:CPD-8145	MetaCyc:CPD-8145	MetaCyc:CPD-8145	MetaCyc:CPD-8145		GC	MetaCyc:CPD-8145@Charged	MetaCyc:CPD-8145@Charged	
cpd25061	MetaCyc:CPD-8146	MetaCyc:CPD-8146	MetaCyc:CPD-8146	MetaCyc:CPD-8146	MetaCyc:CPD-8146		GC	MetaCyc:CPD-8146@Charged	MetaCyc:CPD-8146@Charged	
cpd25062	MetaCyc:CPD-8148	MetaCyc:CPD-8148	MetaCyc:CPD-8148	MetaCyc:CPD-8148	MetaCyc:CPD-8148		GC	MetaCyc:CPD-8148@Charged	MetaCyc:CPD-8148@Charged	
cpd25063	MetaCyc:CPD-8149@Charged	MetaCyc:CPD-8149@Charged	MetaCyc:CPD-8149@Charged	MetaCyc:CPD-8149@Charged	MetaCyc:CPD-8149	MetaCyc:CPD-8149	GC	MetaCyc:CPD-8149@Charged	MetaCyc:CPD-8149@Charged	
cpd25064	MetaCyc:CPD-8150	MetaCyc:CPD-8150	MetaCyc:CPD-8150	MetaCyc:CPD-8150	MetaCyc:CPD-8150	MetaCyc:CPD-8150	GC	MetaCyc:CPD-8150@Charged	MetaCyc:CPD-8150@Charged	
cpd25065	MetaCyc:CPD-8151	MetaCyc:CPD-8151	MetaCyc:CPD-8151	MetaCyc:CPD-8151	MetaCyc:CPD-8151	MetaCyc:CPD-8151	GC	MetaCyc:CPD-8151@Charged	MetaCyc:CPD-8151@Charged	
cpd25066	MetaCyc:CPD-8153	MetaCyc:CPD-8153	MetaCyc:CPD-8153	MetaCyc:CPD-8153	MetaCyc:CPD-8153	MetaCyc:CPD-8153	GC	MetaCyc:CPD-8153@Charged	MetaCyc:CPD-8153@Charged	eQuilibrator:MNXM15041
cpd25067	MetaCyc:CPD-8158;ChEBI:73002	MetaCyc:CPD-8158;ChEBI:73002	MetaCyc:CPD-8158;ChEBI:73002	MetaCyc:CPD-8158;ChEBI:73002	MetaCyc:CPD-8158	MetaCyc:CPD-8158	GC	MetaCyc:CPD-8158@Charged	MetaCyc:CPD-8158@Charged	eQuilibrator:MNXM32948
cpd25068	MetaCyc:CPD-8159;ChEBI:84789	MetaCyc:CPD-8159;ChEBI:84789	MetaCyc:CPD-8159;ChEBI:84789	MetaCyc:CPD-8159;ChEBI:84789	MetaCyc:CPD-8159	MetaCyc:CPD-8159	GC	MetaCyc:CPD-8159@Charged	MetaCyc:CPD-8159@Charged	eQuilibrator:MNXM13870
cpd25069	MetaCyc:CPD-8160	MetaCyc:CPD-8160	MetaCyc:CPD-8160	MetaCyc:CPD-8160	MetaCyc:CPD-8160	MetaCyc:CPD-8160	EQ	eQuilibrator:MNXM13871	MetaCyc:CPD-8160@Charged	eQuilibrator:MNXM13871
cpd25070	MetaCyc:CPD-8161	MetaCyc:CPD-8161	MetaCyc:CPD-8161	MetaCyc:CPD-8161	MetaCyc:CPD-8161	MetaCyc:CPD-8161	EQ	eQuilibrator:MNXM9562	MetaCyc:CPD-8161@Charged	eQuilibrator:MNXM9562
cpd25071	MetaCyc:CPD-8162	MetaCyc:CPD-8162	MetaCyc:CPD-8162	MetaCyc:CPD-8162	MetaCyc:CPD-8162	MetaCyc:CPD-8162	EQ	eQuilibrator:MNXM13873	MetaCyc:CPD-8162@Charged	eQuilibrator:MNXM13873
cpd25072	MetaCyc:CPD-8163	MetaCyc:CPD-8163	MetaCyc:CPD-8163	MetaCyc:CPD-8163	MetaCyc:CPD-8163	MetaCyc:CPD-8163	EQ	eQuilibrator:MNXM13868	MetaCyc:CPD-8163@Charged	eQuilibrator:MNXM13868
cpd25073	MetaCyc:CPD-8164	MetaCyc:CPD-8164	MetaCyc:CPD-8164	MetaCyc:CPD-8164	MetaCyc:CPD-8164	MetaCyc:CPD-8164	EQ	eQuilibrator:MNXM13869	MetaCyc:CPD-8164@Charged	eQuilibrator:MNXM13869
cpd25074	MetaCyc:CPD-8165;ChEBI:90506	MetaCyc:CPD-8165;ChEBI:90506	MetaCyc:CPD-8165;ChEBI:90506	MetaCyc:CPD-8165;ChEBI:90506	MetaCyc:CPD-8165	MetaCyc:CPD-8165	EQ	eQuilibrator:MNXM9564	MetaCyc:CPD-8165@Charged	eQuilibrator:MNXM9564
cpd25075	MetaCyc:CPD-8166	MetaCyc:CPD-8166	MetaCyc:CPD-8166	MetaCyc:CPD-8166	MetaCyc:CPD-8166	MetaCyc:CPD-8166	EQ	eQuilibrator:MNXM9566	MetaCyc:CPD-8166@Charged	eQuilibrator:MNXM9566
cpd25076	MetaCyc:CPD-8167	MetaCyc:CPD-8167	MetaCyc:CPD-8167	MetaCyc:CPD-8167	MetaCyc:CPD-8167	MetaCyc:CPD-8167	EQ	eQuilibrator:MNXM9572	MetaCyc:CPD-8167@Charged	eQuilibrator:MNXM9572
cpd25077	MetaCyc:CPD-8168	MetaCyc:CPD-8168	MetaCyc:CPD-8168	MetaCyc:CPD-8168	MetaCyc:CPD-8168	MetaCyc:CPD-8168	EQ	eQuilibrator:MNXM9574	MetaCyc:CPD-8168@Charged	eQuilibrator:MNXM9574
cpd25078	MetaCyc:CPD-8171;ChEBI:85268	MetaCyc:CPD-8171;ChEBI:85268	MetaCyc:CPD-8171;ChEBI:85268	MetaCyc:CPD-8171;ChEBI:85268	MetaCyc:CPD-8171	MetaCyc:CPD-8171	EQ	eQuilibrator:MNXM22523	MetaCyc:CPD-8171@Charged	eQuilibrator:MNXM22523
cpd25079	MetaCyc:CPD-8177@Charged	MetaCyc:CPD-8177@Charged	MetaCyc:CPD-8177@Charged	MetaCyc:CPD-8177@Charged	MetaCyc:CPD-8177	MetaCyc:CPD-8177	GC	MetaCyc:CPD-8177@Charged	MetaCyc:CPD-8177@Charged	
cpd25080	MetaCyc:CPD-8178@Charged	MetaCyc:CPD-8178@Charged	MetaCyc:CPD-8178@Charged	MetaCyc:CPD-8178@Charged	MetaCyc:CPD-8178	MetaCyc:CPD-8178	GC	MetaCyc:CPD-8178@Charged	MetaCyc:CPD-8178@Charged	
cpd25081										
cpd25082										
cpd25083	MetaCyc:CPD-8187	MetaCyc:CPD-8187		MetaCyc:CPD-8187	MetaCyc:CPD-8187	MetaCyc:CPD-8187	GC	MetaCyc:CPD-8187@Charged	MetaCyc:CPD-8187@Charged	
cpd25084	MetaCyc:CPD-8190	MetaCyc:CPD-8190		MetaCyc:CPD-8190		MetaCyc:CPD-8190	GC	MetaCyc:CPD-8190@Charged	MetaCyc:CPD-8190@Charged	
cpd25085	MetaCyc:CPD-8197	MetaCyc:CPD-8197	MetaCyc:CPD-8197	MetaCyc:CPD-8197	MetaCyc:CPD-8197	MetaCyc:CPD-8197	GC	MetaCyc:CPD-8197@Charged	MetaCyc:CPD-8197@Charged	eQuilibrator:MNXM3553
cpd25086										
cpd25087	MetaCyc:CPD-82	MetaCyc:CPD-82	MetaCyc:CPD-82	MetaCyc:CPD-82	MetaCyc:CPD-82	MetaCyc:CPD-82	EQ	eQuilibrator:MNXM17284	MetaCyc:CPD-82@Charged	eQuilibrator:MNXM17284
cpd25088										
cpd25089	MetaCyc:CPD-8202@Charged;ChEBI:132088@Charged	MetaCyc:CPD-8202@Charged;ChEBI:132088@Charged		MetaCyc:CPD-8202@Charged;ChEBI:132088@Charged	MetaCyc:CPD-8202	MetaCyc:CPD-8202	GC	MetaCyc:CPD-8202@Charged	MetaCyc:CPD-8202@Charged	
cpd25090	MetaCyc:CPD-8203	MetaCyc:CPD-8203	MetaCyc:CPD-8203	MetaCyc:CPD-8203	MetaCyc:CPD-8203		EQ	eQuilibrator:MNXM173941	MetaCyc:CPD-8203@Charged	eQuilibrator:MNXM173941
cpd25091	MetaCyc:CPD-8204	MetaCyc:CPD-8204	MetaCyc:CPD-8204	MetaCyc:CPD-8204	MetaCyc:CPD-8204	MetaCyc:CPD-8204	GC	MetaCyc:CPD-8204@Charged	MetaCyc:CPD-8204@Charged	
cpd25092	MetaCyc:CPD-8207	MetaCyc:CPD-8207	MetaCyc:CPD-8207	MetaCyc:CPD-8207	MetaCyc:CPD-8207	MetaCyc:CPD-8207	GC	MetaCyc:CPD-8207@Charged	MetaCyc:CPD-8207@Charged	
cpd25093	MetaCyc:CPD-8208	MetaCyc:CPD-8208	MetaCyc:CPD-8208	MetaCyc:CPD-8208		MetaCyc:CPD-8208	GC	MetaCyc:CPD-8208@Charged	MetaCyc:CPD-8208@Charged	
cpd25094	MetaCyc:CPD-8209@Charged	MetaCyc:CPD-8209@Charged	MetaCyc:CPD-8209@Charged	MetaCyc:CPD-8209@Charged	MetaCyc:CPD-8209	MetaCyc:CPD-8209	GC	MetaCyc:CPD-8209@Charged	MetaCyc:CPD-8209@Charged	
cpd25095	MetaCyc:CPD-8210	MetaCyc:CPD-8210	MetaCyc:CPD-8210	MetaCyc:CPD-8210		MetaCyc:CPD-8210	GC	MetaCyc:CPD-8210@Charged	MetaCyc:CPD-8210@Charged	
cpd25096	MetaCyc:CPD-8211@Charged	MetaCyc:CPD-8211@Charged	MetaCyc:CPD-8211@Charged	MetaCyc:CPD-8211@Charged	MetaCyc:CPD-8211		EQ	eQuilibrator:MNXM9171	MetaCyc:CPD-8211@Charged	eQuilibrator:MNXM9171
cpd25097	MetaCyc:CPD-8212	MetaCyc:CPD-8212	MetaCyc:CPD-8212	MetaCyc:CPD-8212		MetaCyc:CPD-8212	GC	MetaCyc:CPD-8212@Charged	MetaCyc:CPD-8212@Charged	
cpd25098	MetaCyc:CPD-8213	MetaCyc:CPD-8213	MetaCyc:CPD-8213	MetaCyc:CPD-8213			GC	MetaCyc:CPD-8213@Charged	MetaCyc:CPD-8213@Charged	
cpd25099	MetaCyc:CPD-8214	MetaCyc:CPD-8214	MetaCyc:CPD-8214	MetaCyc:CPD-8214			GC	MetaCyc:CPD-8214@Charged	MetaCyc:CPD-8214@Charged	
cpd25100	MetaCyc:CPD-8223	MetaCyc:CPD-8223	MetaCyc:CPD-8223	MetaCyc:CPD-8223			GC	MetaCyc:CPD-8223@Charged	MetaCyc:CPD-8223@Charged	eQuilibrator:MNXM53905
cpd25101	MetaCyc:CPD-8224	MetaCyc:CPD-8224	MetaCyc:CPD-8224	MetaCyc:CPD-8224			GC	MetaCyc:CPD-8224@Charged	MetaCyc:CPD-8224@Charged	eQuilibrator:MNXM87833
cpd25102	MetaCyc:CPD-8225	MetaCyc:CPD-8225	MetaCyc:CPD-8225	MetaCyc:CPD-8225			GC	MetaCyc:CPD-8225@Charged	MetaCyc:CPD-8225@Charged	
cpd25103	MetaCyc:CPD-8226	MetaCyc:CPD-8226	MetaCyc:CPD-8226	MetaCyc:CPD-8226	MetaCyc:CPD-8226	MetaCyc:CPD-8226	EQ	eQuilibrator:MNXM51767	MetaCyc:CPD-8226@Charged	eQuilibrator:MNXM51767
cpd25104	MetaCyc:CPD-8228	MetaCyc:CPD-8228	MetaCyc:CPD-8228	MetaCyc:CPD-8228	MetaCyc:CPD-8228		EQ	eQuilibrator:MNXM16502	MetaCyc:CPD-8228@Charged	eQuilibrator:MNXM16502
cpd25105	MetaCyc:CPD-8236;KEGG:C20724;ChEBI:61737	MetaCyc:CPD-8236;KEGG:C20724;ChEBI:61737	MetaCyc:CPD-8236;KEGG:C20724;ChEBI:61737	MetaCyc:CPD-8236;KEGG:C20724;ChEBI:61737			GC	KEGG:C20724@Charged	KEGG:C20724@Charged	
cpd25106	MetaCyc:CPD-8237	MetaCyc:CPD-8237	MetaCyc:CPD-8237	MetaCyc:CPD-8237			EQ	eQuilibrator:MNXM18745	MetaCyc:CPD-8237@Charged	eQuilibrator:MNXM18745
cpd25107	MetaCyc:CPD-8238	MetaCyc:CPD-8238	MetaCyc:CPD-8238	MetaCyc:CPD-8238			GC	MetaCyc:CPD-8238@Charged	MetaCyc:CPD-8238@Charged	
cpd25108	MetaCyc:CPD-8240	MetaCyc:CPD-8240	MetaCyc:CPD-8240	MetaCyc:CPD-8240			GC	MetaCyc:CPD-8240@Charged	MetaCyc:CPD-8240@Charged	eQuilibrator:MNXM22501
cpd25109	MetaCyc:CPD-8244	MetaCyc:CPD-8244	MetaCyc:CPD-8244	MetaCyc:CPD-8244			EQ	eQuilibrator:MNXM13444	MetaCyc:CPD-8244@Charged	eQuilibrator:MNXM13444
cpd25110	MetaCyc:CPD-8248	MetaCyc:CPD-8248	MetaCyc:CPD-8248	MetaCyc:CPD-8248			EQ	eQuilibrator:MNXM22521	MetaCyc:CPD-8248@Charged	eQuilibrator:MNXM22521
cpd25111	MetaCyc:CPD-8253	MetaCyc:CPD-8253	MetaCyc:CPD-8253	MetaCyc:CPD-8253	MetaCyc:CPD-8253	MetaCyc:CPD-8253	EQ	eQuilibrator:MNXM11545	MetaCyc:CPD-8253@Charged	eQuilibrator:MNXM11545
cpd25112	MetaCyc:CPD-8254	MetaCyc:CPD-8254	MetaCyc:CPD-8254	MetaCyc:CPD-8254	MetaCyc:CPD-8254	MetaCyc:CPD-8254	EQ	eQuilibrator:MNXM11546	MetaCyc:CPD-8254@Charged	eQuilibrator:MNXM11546
cpd25113	MetaCyc:CPD-8255@Charged	MetaCyc:CPD-8255@Charged	MetaCyc:CPD-8255@Charged	MetaCyc:CPD-8255@Charged	MetaCyc:CPD-8255	MetaCyc:CPD-8255	EQ		MetaCyc:CPD-8255@Charged	
cpd25114	MetaCyc:CPD-8256	MetaCyc:CPD-8256	MetaCyc:CPD-8256	MetaCyc:CPD-8256	MetaCyc:CPD-8256	MetaCyc:CPD-8256	EQ	eQuilibrator:MNXM11544	MetaCyc:CPD-8256@Charged	eQuilibrator:MNXM11544
cpd25115	MetaCyc:CPD-8257	MetaCyc:CPD-8257	MetaCyc:CPD-8257	MetaCyc:CPD-8257	MetaCyc:CPD-8257	MetaCyc:CPD-8257	EQ	eQuilibrator:MNXM11543	MetaCyc:CPD-8257@Charged	eQuilibrator:MNXM11543
cpd25116	MetaCyc:CPD-8258	MetaCyc:CPD-8258	MetaCyc:CPD-8258	MetaCyc:CPD-8258	MetaCyc:CPD-8258	MetaCyc:CPD-8258	EQ	eQuilibrator:MNXM17617	MetaCyc:CPD-8258@Charged	eQuilibrator:MNXM17617
cpd25117	MetaCyc:CPD-8260;ChEBI:72829	MetaCyc:CPD-8260;ChEBI:72829	MetaCyc:CPD-8260;ChEBI:72829	MetaCyc:CPD-8260;ChEBI:72829	MetaCyc:CPD-8260	MetaCyc:CPD-8260	GC	MetaCyc:CPD-8260@Charged	MetaCyc:CPD-8260@Charged	eQuilibrator:MNXM32179
cpd25118	MetaCyc:CPD-8261	MetaCyc:CPD-8261	MetaCyc:CPD-8261	MetaCyc:CPD-8261	MetaCyc:CPD-8261	MetaCyc:CPD-8261	GC	MetaCyc:CPD-8261@Charged	MetaCyc:CPD-8261@Charged	
cpd25119	MetaCyc:CPD-8262;ChEBI:72831	MetaCyc:CPD-8262;ChEBI:72831	MetaCyc:CPD-8262;ChEBI:72831	MetaCyc:CPD-8262;ChEBI:72831	MetaCyc:CPD-8262	MetaCyc:CPD-8262	GC	MetaCyc:CPD-8262@Charged	MetaCyc:CPD-8262@Charged	eQuilibrator:MNXM73824
cpd25120	MetaCyc:CPD-8263	MetaCyc:CPD-8263	MetaCyc:CPD-8263	MetaCyc:CPD-8263	MetaCyc:CPD-8263	MetaCyc:CPD-8263	GC	MetaCyc:CPD-8263@Charged	MetaCyc:CPD-8263@Charged	
cpd25121	MetaCyc:CPD-8264;ChEBI:74551	MetaCyc:CPD-8264;ChEBI:74551	MetaCyc:CPD-8264;ChEBI:74551	MetaCyc:CPD-8264;ChEBI:74551	MetaCyc:CPD-8264	MetaCyc:CPD-8264	EQ	eQuilibrator:MNXM66662	MetaCyc:CPD-8264@Charged	eQuilibrator:MNXM66662
cpd25122	MetaCyc:CPD-8265;ChEBI:72860	MetaCyc:CPD-8265;ChEBI:72860	MetaCyc:CPD-8265;ChEBI:72860	MetaCyc:CPD-8265;ChEBI:72860	MetaCyc:CPD-8265	MetaCyc:CPD-8265	EQ	eQuilibrator:MNXM66477	MetaCyc:CPD-8265@Charged	eQuilibrator:MNXM66477
cpd25123	MetaCyc:CPD-8266	MetaCyc:CPD-8266	MetaCyc:CPD-8266	MetaCyc:CPD-8266	MetaCyc:CPD-8266	MetaCyc:CPD-8266	EQ	eQuilibrator:MNXM338653	MetaCyc:CPD-8266@Charged	eQuilibrator:MNXM338653
cpd25124	MetaCyc:CPD-8267;ChEBI:77098	MetaCyc:CPD-8267;ChEBI:77098	MetaCyc:CPD-8267;ChEBI:77098	MetaCyc:CPD-8267;ChEBI:77098	MetaCyc:CPD-8267	MetaCyc:CPD-8267	EQ	eQuilibrator:MNXM32532	MetaCyc:CPD-8267@Charged	eQuilibrator:MNXM32532
cpd25125	MetaCyc:CPD-8268;ChEBI:74546	MetaCyc:CPD-8268;ChEBI:74546	MetaCyc:CPD-8268;ChEBI:74546	MetaCyc:CPD-8268;ChEBI:74546	MetaCyc:CPD-8268	MetaCyc:CPD-8268	EQ	eQuilibrator:MNXM51075	MetaCyc:CPD-8268@Charged	eQuilibrator:MNXM51075
cpd25126	MetaCyc:CPD-8269	MetaCyc:CPD-8269	MetaCyc:CPD-8269	MetaCyc:CPD-8269	MetaCyc:CPD-8269	MetaCyc:CPD-8269	GC	MetaCyc:CPD-8269@Charged	MetaCyc:CPD-8269@Charged	
cpd25127	MetaCyc:CPD-8270;ChEBI:74563	MetaCyc:CPD-8270;ChEBI:74563	MetaCyc:CPD-8270;ChEBI:74563	MetaCyc:CPD-8270;ChEBI:74563	MetaCyc:CPD-8270	MetaCyc:CPD-8270	EQ	eQuilibrator:MNXM66670	MetaCyc:CPD-8270@Charged	eQuilibrator:MNXM66670
cpd25128	MetaCyc:CPD-8271;ChEBI:77128	MetaCyc:CPD-8271;ChEBI:77128	MetaCyc:CPD-8271;ChEBI:77128	MetaCyc:CPD-8271;ChEBI:77128	MetaCyc:CPD-8271	MetaCyc:CPD-8271	EQ	eQuilibrator:MNXM66701	MetaCyc:CPD-8271@Charged	eQuilibrator:MNXM66701
cpd25129	MetaCyc:CPD-8272	MetaCyc:CPD-8272	MetaCyc:CPD-8272	MetaCyc:CPD-8272	MetaCyc:CPD-8272	MetaCyc:CPD-8272	GC	MetaCyc:CPD-8272@Charged	MetaCyc:CPD-8272@Charged	
cpd25130	MetaCyc:CPD-8273	MetaCyc:CPD-8273	MetaCyc:CPD-8273	MetaCyc:CPD-8273	MetaCyc:CPD-8273	MetaCyc:CPD-8273	GC	MetaCyc:CPD-8273@Charged	MetaCyc:CPD-8273@Charged	
cpd25131	MetaCyc:CPD-8274	MetaCyc:CPD-8274	MetaCyc:CPD-8274	MetaCyc:CPD-8274	MetaCyc:CPD-8274	MetaCyc:CPD-8274	EQ	eQuilibrator:MNXM66767	MetaCyc:CPD-8274@Charged	eQuilibrator:MNXM66767
cpd25132	MetaCyc:CPD-8277	MetaCyc:CPD-8277	MetaCyc:CPD-8277	MetaCyc:CPD-8277	MetaCyc:CPD-8277	MetaCyc:CPD-8277	GC	MetaCyc:CPD-8277@Charged	MetaCyc:CPD-8277@Charged	eQuilibrator:MNXM69386
cpd25133	MetaCyc:CPD-8278;ChEBI:75034	MetaCyc:CPD-8278;ChEBI:75034	MetaCyc:CPD-8278;ChEBI:75034	MetaCyc:CPD-8278;ChEBI:75034	MetaCyc:CPD-8278	MetaCyc:CPD-8278	GC	MetaCyc:CPD-8278@Charged	MetaCyc:CPD-8278@Charged	eQuilibrator:MNXM32526
cpd25134	MetaCyc:CPD-8279;ChEBI:84822	MetaCyc:CPD-8279;ChEBI:84822	MetaCyc:CPD-8279;ChEBI:84822	MetaCyc:CPD-8279;ChEBI:84822	MetaCyc:CPD-8279	MetaCyc:CPD-8279	GC	MetaCyc:CPD-8279@Charged	MetaCyc:CPD-8279@Charged	eQuilibrator:MNXM32533
cpd25135	MetaCyc:CPD-8281;ChEBI:78022	MetaCyc:CPD-8281;ChEBI:78022	MetaCyc:CPD-8281;ChEBI:78022	MetaCyc:CPD-8281;ChEBI:78022	MetaCyc:CPD-8281	MetaCyc:CPD-8281	GC	MetaCyc:CPD-8281@Charged	MetaCyc:CPD-8281@Charged	eQuilibrator:MNXM69546
cpd25136	MetaCyc:CPD-8284;ChEBI:73008	MetaCyc:CPD-8284;ChEBI:73008	MetaCyc:CPD-8284;ChEBI:73008	MetaCyc:CPD-8284;ChEBI:73008	MetaCyc:CPD-8284	MetaCyc:CPD-8284	GC	MetaCyc:CPD-8284@Charged	MetaCyc:CPD-8284@Charged	eQuilibrator:MNXM32503
cpd25137	MetaCyc:CPD-8286	MetaCyc:CPD-8286	MetaCyc:CPD-8286	MetaCyc:CPD-8286	MetaCyc:CPD-8286	MetaCyc:CPD-8286	GC	MetaCyc:CPD-8286@Charged	MetaCyc:CPD-8286@Charged	
cpd25138	MetaCyc:CPD-8287	MetaCyc:CPD-8287	MetaCyc:CPD-8287	MetaCyc:CPD-8287	MetaCyc:CPD-8287	MetaCyc:CPD-8287	GC	MetaCyc:CPD-8287@Charged	MetaCyc:CPD-8287@Charged	
cpd25139	MetaCyc:CPD-8288	MetaCyc:CPD-8288	MetaCyc:CPD-8288	MetaCyc:CPD-8288	MetaCyc:CPD-8288	MetaCyc:CPD-8288	GC	MetaCyc:CPD-8288@Charged	MetaCyc:CPD-8288@Charged	
cpd25140	MetaCyc:CPD-8289;ChEBI:75038	MetaCyc:CPD-8289;ChEBI:75038	MetaCyc:CPD-8289;ChEBI:75038	MetaCyc:CPD-8289;ChEBI:75038	MetaCyc:CPD-8289	MetaCyc:CPD-8289	GC	MetaCyc:CPD-8289@Charged	MetaCyc:CPD-8289@Charged	eQuilibrator:MNXM32527
cpd25141	MetaCyc:CPD-8290	MetaCyc:CPD-8290	MetaCyc:CPD-8290	MetaCyc:CPD-8290	MetaCyc:CPD-8290	MetaCyc:CPD-8290	GC	MetaCyc:CPD-8290@Charged	MetaCyc:CPD-8290@Charged	eQuilibrator:MNXM32534
cpd25142	MetaCyc:CPD-8291;ChEBI:74986	MetaCyc:CPD-8291;ChEBI:74986	MetaCyc:CPD-8291;ChEBI:74986	MetaCyc:CPD-8291;ChEBI:74986	MetaCyc:CPD-8291	MetaCyc:CPD-8291	GC	MetaCyc:CPD-8291@Charged	MetaCyc:CPD-8291@Charged	eQuilibrator:MNXM51076
cpd25143	MetaCyc:CPD-8292	MetaCyc:CPD-8292	MetaCyc:CPD-8292	MetaCyc:CPD-8292	MetaCyc:CPD-8292	MetaCyc:CPD-8292	GC	MetaCyc:CPD-8292@Charged	MetaCyc:CPD-8292@Charged	
cpd25144	MetaCyc:CPD-8293;ChEBI:74977	MetaCyc:CPD-8293;ChEBI:74977	MetaCyc:CPD-8293;ChEBI:74977	MetaCyc:CPD-8293;ChEBI:74977	MetaCyc:CPD-8293	MetaCyc:CPD-8293	GC	MetaCyc:CPD-8293@Charged	MetaCyc:CPD-8293@Charged	eQuilibrator:MNXM32553
cpd25145	MetaCyc:CPD-8294;ChEBI:172403	MetaCyc:CPD-8294;ChEBI:172403	MetaCyc:CPD-8294;ChEBI:172403	MetaCyc:CPD-8294;ChEBI:172403	MetaCyc:CPD-8294	MetaCyc:CPD-8294	GC	MetaCyc:CPD-8294@Charged	MetaCyc:CPD-8294@Charged	eQuilibrator:MNXM71735
cpd25146	MetaCyc:CPD-8295	MetaCyc:CPD-8295	MetaCyc:CPD-8295	MetaCyc:CPD-8295	MetaCyc:CPD-8295	MetaCyc:CPD-8295	GC	MetaCyc:CPD-8295@Charged	MetaCyc:CPD-8295@Charged	
cpd25147	MetaCyc:CPD-8296	MetaCyc:CPD-8296	MetaCyc:CPD-8296	MetaCyc:CPD-8296	MetaCyc:CPD-8296	MetaCyc:CPD-8296	GC	MetaCyc:CPD-8296@Charged	MetaCyc:CPD-8296@Charged	
cpd25148	MetaCyc:CPD-8297;ChEBI:189858	MetaCyc:CPD-8297;ChEBI:189858	MetaCyc:CPD-8297;ChEBI:189858	MetaCyc:CPD-8297;ChEBI:189858	MetaCyc:CPD-8297	MetaCyc:CPD-8297	GC	MetaCyc:CPD-8297@Charged	MetaCyc:CPD-8297@Charged	eQuilibrator:MNXM71823
cpd25149	MetaCyc:CPD-8298	MetaCyc:CPD-8298	MetaCyc:CPD-8298	MetaCyc:CPD-8298	MetaCyc:CPD-8298	MetaCyc:CPD-8298	EQ	eQuilibrator:MNXM32499	MetaCyc:CPD-8298@Charged	eQuilibrator:MNXM32499
cpd25150	MetaCyc:CPD-8299	MetaCyc:CPD-8299	MetaCyc:CPD-8299	MetaCyc:CPD-8299	MetaCyc:CPD-8299	MetaCyc:CPD-8299	EQ	eQuilibrator:MNXM32512	MetaCyc:CPD-8299@Charged	eQuilibrator:MNXM32512
cpd25151	MetaCyc:CPD-8300	MetaCyc:CPD-8300	MetaCyc:CPD-8300	MetaCyc:CPD-8300	MetaCyc:CPD-8300	MetaCyc:CPD-8300	EQ	eQuilibrator:MNXM32513	MetaCyc:CPD-8300@Charged	eQuilibrator:MNXM32513
cpd25152	MetaCyc:CPD-8301	MetaCyc:CPD-8301	MetaCyc:CPD-8301	MetaCyc:CPD-8301	MetaCyc:CPD-8301	MetaCyc:CPD-8301	EQ	eQuilibrator:MNXM32577	MetaCyc:CPD-8301@Charged	eQuilibrator:MNXM32577
cpd25153	MetaCyc:CPD-8302	MetaCyc:CPD-8302	MetaCyc:CPD-8302	MetaCyc:CPD-8302	MetaCyc:CPD-8302	MetaCyc:CPD-8302	EQ	eQuilibrator:MNXM32563	MetaCyc:CPD-8302@Charged	eQuilibrator:MNXM32563
cpd25154	MetaCyc:CPD-8303	MetaCyc:CPD-8303	MetaCyc:CPD-8303	MetaCyc:CPD-8303	MetaCyc:CPD-8303	MetaCyc:CPD-8303	EQ	eQuilibrator:MNXM32579	MetaCyc:CPD-8303@Charged	eQuilibrator:MNXM32579
cpd25155	MetaCyc:CPD-8304	MetaCyc:CPD-8304	MetaCyc:CPD-8304	MetaCyc:CPD-8304	MetaCyc:CPD-8304	MetaCyc:CPD-8304	EQ	eQuilibrator:MNXM32564	MetaCyc:CPD-8304@Charged	eQuilibrator:MNXM32564
cpd25156	MetaCyc:CPD-8305	MetaCyc:CPD-8305	MetaCyc:CPD-8305	MetaCyc:CPD-8305	MetaCyc:CPD-8305	MetaCyc:CPD-8305	EQ	eQuilibrator:MNXM32580	MetaCyc:CPD-8305@Charged	eQuilibrator:MNXM32580
cpd25157	MetaCyc:CPD-8306	MetaCyc:CPD-8306	MetaCyc:CPD-8306	MetaCyc:CPD-8306	MetaCyc:CPD-8306	MetaCyc:CPD-8306	EQ	eQuilibrator:MNXM32524	MetaCyc:CPD-8306@Charged	eQuilibrator:MNXM32524
cpd25158	MetaCyc:CPD-8307	MetaCyc:CPD-8307	MetaCyc:CPD-8307	MetaCyc:CPD-8307	MetaCyc:CPD-8307	MetaCyc:CPD-8307	EQ	eQuilibrator:MNXM32530	MetaCyc:CPD-8307@Charged	eQuilibrator:MNXM32530
cpd25159	MetaCyc:CPD-8308	MetaCyc:CPD-8308	MetaCyc:CPD-8308	MetaCyc:CPD-8308	MetaCyc:CPD-8308	MetaCyc:CPD-8308	EQ	eQuilibrator:MNXM32547	MetaCyc:CPD-8308@Charged	eQuilibrator:MNXM32547
cpd25160	MetaCyc:CPD-8309	MetaCyc:CPD-8309	MetaCyc:CPD-8309	MetaCyc:CPD-8309	MetaCyc:CPD-8309	MetaCyc:CPD-8309	EQ	eQuilibrator:MNXM32537	MetaCyc:CPD-8309@Charged	eQuilibrator:MNXM32537
cpd25161	MetaCyc:CPD-8310	MetaCyc:CPD-8310	MetaCyc:CPD-8310	MetaCyc:CPD-8310	MetaCyc:CPD-8310	MetaCyc:CPD-8310	EQ	eQuilibrator:MNXM32550	MetaCyc:CPD-8310@Charged	eQuilibrator:MNXM32550
cpd25162	MetaCyc:CPD-8311	MetaCyc:CPD-8311	MetaCyc:CPD-8311	MetaCyc:CPD-8311	MetaCyc:CPD-8311	MetaCyc:CPD-8311	EQ	eQuilibrator:MNXM32556	MetaCyc:CPD-8311@Charged	eQuilibrator:MNXM32556
cpd25163	MetaCyc:CPD-8312	MetaCyc:CPD-8312	MetaCyc:CPD-8312	MetaCyc:CPD-8312	MetaCyc:CPD-8312	MetaCyc:CPD-8312	GC	MetaCyc:CPD-8312@Charged	MetaCyc:CPD-8312@Charged	
cpd25164	MetaCyc:CPD-8313	MetaCyc:CPD-8313	MetaCyc:CPD-8313	MetaCyc:CPD-8313	MetaCyc:CPD-8313	MetaCyc:CPD-8313	EQ	eQuilibrator:MNXM32523	MetaCyc:CPD-8313@Charged	eQuilibrator:MNXM32523
cpd25165	MetaCyc:CPD-8314	MetaCyc:CPD-8314	MetaCyc:CPD-8314	MetaCyc:CPD-8314	MetaCyc:CPD-8314	MetaCyc:CPD-8314	EQ	eQuilibrator:MNXM32525	MetaCyc:CPD-8314@Charged	eQuilibrator:MNXM32525
cpd25166	MetaCyc:CPD-8315	MetaCyc:CPD-8315	MetaCyc:CPD-8315	MetaCyc:CPD-8315	MetaCyc:CPD-8315	MetaCyc:CPD-8315	EQ	eQuilibrator:MNXM32531	MetaCyc:CPD-8315@Charged	eQuilibrator:MNXM32531
cpd25167	MetaCyc:CPD-8316	MetaCyc:CPD-8316	MetaCyc:CPD-8316	MetaCyc:CPD-8316	MetaCyc:CPD-8316	MetaCyc:CPD-8316	EQ	eQuilibrator:MNXM32548	MetaCyc:CPD-8316@Charged	eQuilibrator:MNXM32548
cpd25168	MetaCyc:CPD-8317	MetaCyc:CPD-8317	MetaCyc:CPD-8317	MetaCyc:CPD-8317	MetaCyc:CPD-8317	MetaCyc:CPD-8317	EQ	eQuilibrator:MNXM32551	MetaCyc:CPD-8317@Charged	eQuilibrator:MNXM32551
cpd25169	MetaCyc:CPD-8318	MetaCyc:CPD-8318	MetaCyc:CPD-8318	MetaCyc:CPD-8318	MetaCyc:CPD-8318	MetaCyc:CPD-8318	EQ	eQuilibrator:MNXM32538	MetaCyc:CPD-8318@Charged	eQuilibrator:MNXM32538
cpd25170	MetaCyc:CPD-8319	MetaCyc:CPD-8319	MetaCyc:CPD-8319	MetaCyc:CPD-8319	MetaCyc:CPD-8319	MetaCyc:CPD-8319	EQ	eQuilibrator:MNXM32557	MetaCyc:CPD-8319@Charged	eQuilibrator:MNXM32557
cpd25171	MetaCyc:CPD-8321;ChEBI:72838	MetaCyc:CPD-8321;ChEBI:72838	MetaCyc:CPD-8321;ChEBI:72838	MetaCyc:CPD-8321;ChEBI:72838	MetaCyc:CPD-8321	MetaCyc:CPD-8321	GC	MetaCyc:CPD-8321@Charged	MetaCyc:CPD-8321@Charged	eQuilibrator:MNXM75500
cpd25172	MetaCyc:CPD-8322	MetaCyc:CPD-8322	MetaCyc:CPD-8322	MetaCyc:CPD-8322	MetaCyc:CPD-8322	MetaCyc:CPD-8322	GC	MetaCyc:CPD-8322@Charged	MetaCyc:CPD-8322@Charged	
cpd25173	MetaCyc:CPD-8323	MetaCyc:CPD-8323	MetaCyc:CPD-8323	MetaCyc:CPD-8323	MetaCyc:CPD-8323	MetaCyc:CPD-8323	GC	MetaCyc:CPD-8323@Charged	MetaCyc:CPD-8323@Charged	eQuilibrator:MNXM338642
cpd25174	MetaCyc:CPD-8324;ChEBI:77163	MetaCyc:CPD-8324;ChEBI:77163	MetaCyc:CPD-8324;ChEBI:77163	MetaCyc:CPD-8324;ChEBI:77163	MetaCyc:CPD-8324	MetaCyc:CPD-8324	GC	MetaCyc:CPD-8324@Charged	MetaCyc:CPD-8324@Charged	eQuilibrator:MNXM75671
cpd25175	MetaCyc:CPD-8325;ChEBI:77158	MetaCyc:CPD-8325;ChEBI:77158	MetaCyc:CPD-8325;ChEBI:77158	MetaCyc:CPD-8325;ChEBI:77158	MetaCyc:CPD-8325	MetaCyc:CPD-8325	GC	MetaCyc:CPD-8325@Charged	MetaCyc:CPD-8325@Charged	eQuilibrator:MNXM32535
cpd25176	MetaCyc:CPD-8326	MetaCyc:CPD-8326	MetaCyc:CPD-8326	MetaCyc:CPD-8326	MetaCyc:CPD-8326	MetaCyc:CPD-8326	GC	MetaCyc:CPD-8326@Charged	MetaCyc:CPD-8326@Charged	
cpd25177	MetaCyc:CPD-8327	MetaCyc:CPD-8327	MetaCyc:CPD-8327	MetaCyc:CPD-8327	MetaCyc:CPD-8327	MetaCyc:CPD-8327	GC	MetaCyc:CPD-8327@Charged	MetaCyc:CPD-8327@Charged	eQuilibrator:MNXM338646
cpd25178	MetaCyc:CPD-8328;ChEBI:77165	MetaCyc:CPD-8328;ChEBI:77165	MetaCyc:CPD-8328;ChEBI:77165	MetaCyc:CPD-8328;ChEBI:77165	MetaCyc:CPD-8328	MetaCyc:CPD-8328	GC	MetaCyc:CPD-8328@Charged	MetaCyc:CPD-8328@Charged	eQuilibrator:MNXM75757
cpd25179	MetaCyc:CPD-8329	MetaCyc:CPD-8329	MetaCyc:CPD-8329	MetaCyc:CPD-8329	MetaCyc:CPD-8329	MetaCyc:CPD-8329	GC	MetaCyc:CPD-8329@Charged	MetaCyc:CPD-8329@Charged	eQuilibrator:MNXM338647
cpd25180	MetaCyc:CPD-8330	MetaCyc:CPD-8330	MetaCyc:CPD-8330	MetaCyc:CPD-8330	MetaCyc:CPD-8330	MetaCyc:CPD-8330	GC	MetaCyc:CPD-8330@Charged	MetaCyc:CPD-8330@Charged	eQuilibrator:MNXM338651
cpd25181	MetaCyc:CPD-8331	MetaCyc:CPD-8331	MetaCyc:CPD-8331	MetaCyc:CPD-8331	MetaCyc:CPD-8331	MetaCyc:CPD-8331	GC	MetaCyc:CPD-8331@Charged	MetaCyc:CPD-8331@Charged	eQuilibrator:MNXM338656
cpd25182	MetaCyc:CPD-8333;ChEBI:75031	MetaCyc:CPD-8333;ChEBI:75031	MetaCyc:CPD-8333;ChEBI:75031	MetaCyc:CPD-8333;ChEBI:75031	MetaCyc:CPD-8333	MetaCyc:CPD-8333	GC	MetaCyc:CPD-8333@Charged	MetaCyc:CPD-8333@Charged	eQuilibrator:MNXM78611
cpd25183	MetaCyc:CPD-8334	MetaCyc:CPD-8334	MetaCyc:CPD-8334	MetaCyc:CPD-8334	MetaCyc:CPD-8334	MetaCyc:CPD-8334	GC	MetaCyc:CPD-8334@Charged	MetaCyc:CPD-8334@Charged	
cpd25184	MetaCyc:CPD-8335	MetaCyc:CPD-8335	MetaCyc:CPD-8335	MetaCyc:CPD-8335	MetaCyc:CPD-8335	MetaCyc:CPD-8335	GC	MetaCyc:CPD-8335@Charged	MetaCyc:CPD-8335@Charged	eQuilibrator:MNXM78645
cpd25185	MetaCyc:CPD-8336;ChEBI:78260	MetaCyc:CPD-8336;ChEBI:78260	MetaCyc:CPD-8336;ChEBI:78260	MetaCyc:CPD-8336;ChEBI:78260	MetaCyc:CPD-8336	MetaCyc:CPD-8336	GC	MetaCyc:CPD-8336@Charged	MetaCyc:CPD-8336@Charged	eQuilibrator:MNXM32529
cpd25186	MetaCyc:CPD-8337;ChEBI:84466	MetaCyc:CPD-8337;ChEBI:84466	MetaCyc:CPD-8337;ChEBI:84466	MetaCyc:CPD-8337;ChEBI:84466	MetaCyc:CPD-8337	MetaCyc:CPD-8337	GC	MetaCyc:CPD-8337@Charged	MetaCyc:CPD-8337@Charged	eQuilibrator:MNXM32536
cpd25187	MetaCyc:CPD-8338;ChEBI:74892	MetaCyc:CPD-8338;ChEBI:74892	MetaCyc:CPD-8338;ChEBI:74892	MetaCyc:CPD-8338;ChEBI:74892	MetaCyc:CPD-8338	MetaCyc:CPD-8338	GC	MetaCyc:CPD-8338@Charged	MetaCyc:CPD-8338@Charged	eQuilibrator:MNXM78802
cpd25188	MetaCyc:CPD-8339	MetaCyc:CPD-8339	MetaCyc:CPD-8339	MetaCyc:CPD-8339	MetaCyc:CPD-8339	MetaCyc:CPD-8339	GC	MetaCyc:CPD-8339@Charged	MetaCyc:CPD-8339@Charged	eQuilibrator:MNXM78772
cpd25189	MetaCyc:CPD-8340	MetaCyc:CPD-8340	MetaCyc:CPD-8340	MetaCyc:CPD-8340	MetaCyc:CPD-8340	MetaCyc:CPD-8340	GC	MetaCyc:CPD-8340@Charged	MetaCyc:CPD-8340@Charged	eQuilibrator:MNXM78834
cpd25190	MetaCyc:CPD-8341	MetaCyc:CPD-8341	MetaCyc:CPD-8341	MetaCyc:CPD-8341	MetaCyc:CPD-8341	MetaCyc:CPD-8341	GC	MetaCyc:CPD-8341@Charged	MetaCyc:CPD-8341@Charged	eQuilibrator:MNXM78836
cpd25191	MetaCyc:CPD-8342	MetaCyc:CPD-8342	MetaCyc:CPD-8342	MetaCyc:CPD-8342	MetaCyc:CPD-8342	MetaCyc:CPD-8342	GC	MetaCyc:CPD-8342@Charged	MetaCyc:CPD-8342@Charged	eQuilibrator:MNXM78900
cpd25192	MetaCyc:CPD-8344;ChEBI:73851	MetaCyc:CPD-8344;ChEBI:73851	MetaCyc:CPD-8344;ChEBI:73851	MetaCyc:CPD-8344;ChEBI:73851	MetaCyc:CPD-8344	MetaCyc:CPD-8344	GC	MetaCyc:CPD-8344@Charged	MetaCyc:CPD-8344@Charged	eQuilibrator:MNXM32519
cpd25193	MetaCyc:CPD-8345;ChEBI:73858	MetaCyc:CPD-8345;ChEBI:73858	MetaCyc:CPD-8345;ChEBI:73858	MetaCyc:CPD-8345;ChEBI:73858	MetaCyc:CPD-8345	MetaCyc:CPD-8345	GC	MetaCyc:CPD-8345@Charged	MetaCyc:CPD-8345@Charged	eQuilibrator:MNXM32545
cpd25194	MetaCyc:CPD-8348;ChEBI:133456	MetaCyc:CPD-8348;ChEBI:133456	MetaCyc:CPD-8348;ChEBI:133456	MetaCyc:CPD-8348;ChEBI:133456	MetaCyc:CPD-8348	MetaCyc:CPD-8348	GC	MetaCyc:CPD-8348@Charged	MetaCyc:CPD-8348@Charged	eQuilibrator:MNXM32586
cpd25195	MetaCyc:CPD-8353;ChEBI:73004	MetaCyc:CPD-8353;ChEBI:73004	MetaCyc:CPD-8353;ChEBI:73004	MetaCyc:CPD-8353;ChEBI:73004	MetaCyc:CPD-8353	MetaCyc:CPD-8353	GC	MetaCyc:CPD-8353@Charged	MetaCyc:CPD-8353@Charged	eQuilibrator:MNXM32511
cpd25196	MetaCyc:CPD-8354	MetaCyc:CPD-8354	MetaCyc:CPD-8354	MetaCyc:CPD-8354	MetaCyc:CPD-8354	MetaCyc:CPD-8354	GC	MetaCyc:CPD-8354@Charged	MetaCyc:CPD-8354@Charged	eQuilibrator:MNXM60809
cpd25197	MetaCyc:CPD-8355;ChEBI:74971	MetaCyc:CPD-8355;ChEBI:74971	MetaCyc:CPD-8355;ChEBI:74971	MetaCyc:CPD-8355;ChEBI:74971	MetaCyc:CPD-8355	MetaCyc:CPD-8355	GC	MetaCyc:CPD-8355@Charged	MetaCyc:CPD-8355@Charged	eQuilibrator:MNXM32955
cpd25198	MetaCyc:CPD-8356;ChEBI:133732	MetaCyc:CPD-8356;ChEBI:133732	MetaCyc:CPD-8356;ChEBI:133732	MetaCyc:CPD-8356;ChEBI:133732	MetaCyc:CPD-8356	MetaCyc:CPD-8356	GC	MetaCyc:CPD-8356@Charged	MetaCyc:CPD-8356@Charged	eQuilibrator:MNXM60813
cpd25199	MetaCyc:CPD-8357	MetaCyc:CPD-8357	MetaCyc:CPD-8357	MetaCyc:CPD-8357	MetaCyc:CPD-8357	MetaCyc:CPD-8357	GC	MetaCyc:CPD-8357@Charged	MetaCyc:CPD-8357@Charged	eQuilibrator:MNXM60815
cpd25200	MetaCyc:CPD-8363	MetaCyc:CPD-8363	MetaCyc:CPD-8363	MetaCyc:CPD-8363	MetaCyc:CPD-8363	MetaCyc:CPD-8363	GC	MetaCyc:CPD-8363@Charged	MetaCyc:CPD-8363@Charged	
cpd25201	MetaCyc:CPD-8364	MetaCyc:CPD-8364	MetaCyc:CPD-8364	MetaCyc:CPD-8364	MetaCyc:CPD-8364	MetaCyc:CPD-8364	GC	MetaCyc:CPD-8364@Charged	MetaCyc:CPD-8364@Charged	eQuilibrator:MNXM34741
cpd25202	MetaCyc:CPD-8365;ChEBI:72828	MetaCyc:CPD-8365;ChEBI:72828	MetaCyc:CPD-8365;ChEBI:72828	MetaCyc:CPD-8365;ChEBI:72828	MetaCyc:CPD-8365	MetaCyc:CPD-8365	GC	MetaCyc:CPD-8365@Charged	MetaCyc:CPD-8365@Charged	eQuilibrator:MNXM73868
cpd25203	MetaCyc:CPD-8366	MetaCyc:CPD-8366	MetaCyc:CPD-8366	MetaCyc:CPD-8366	MetaCyc:CPD-8366	MetaCyc:CPD-8366	GC	MetaCyc:CPD-8366@Charged	MetaCyc:CPD-8366@Charged	eQuilibrator:MNXM73904
cpd25204	MetaCyc:CPD-8367	MetaCyc:CPD-8367	MetaCyc:CPD-8367	MetaCyc:CPD-8367	MetaCyc:CPD-8367	MetaCyc:CPD-8367	GC	MetaCyc:CPD-8367@Charged	MetaCyc:CPD-8367@Charged	eQuilibrator:MNXM73976
cpd25205	MetaCyc:CPD-8368	MetaCyc:CPD-8368	MetaCyc:CPD-8368	MetaCyc:CPD-8368	MetaCyc:CPD-8368	MetaCyc:CPD-8368	GC	MetaCyc:CPD-8368@Charged	MetaCyc:CPD-8368@Charged	
cpd25206	MetaCyc:CPD-8369	MetaCyc:CPD-8369	MetaCyc:CPD-8369	MetaCyc:CPD-8369	MetaCyc:CPD-8369	MetaCyc:CPD-8369	EQ	eQuilibrator:MNXM338649	MetaCyc:CPD-8369@Charged	eQuilibrator:MNXM338649
cpd25207	MetaCyc:CPD-8370	MetaCyc:CPD-8370	MetaCyc:CPD-8370	MetaCyc:CPD-8370	MetaCyc:CPD-8370	MetaCyc:CPD-8370	EQ	eQuilibrator:MNXM338652	MetaCyc:CPD-8370@Charged	eQuilibrator:MNXM338652
cpd25208	MetaCyc:CPD-8371	MetaCyc:CPD-8371	MetaCyc:CPD-8371	MetaCyc:CPD-8371	MetaCyc:CPD-8371	MetaCyc:CPD-8371	GC	MetaCyc:CPD-8371@Charged	MetaCyc:CPD-8371@Charged	
cpd25209	MetaCyc:CPD-8372	MetaCyc:CPD-8372	MetaCyc:CPD-8372	MetaCyc:CPD-8372	MetaCyc:CPD-8372	MetaCyc:CPD-8372	GC	MetaCyc:CPD-8372@Charged	MetaCyc:CPD-8372@Charged	eQuilibrator:MNXM70023
cpd25210	MetaCyc:CPD-8373	MetaCyc:CPD-8373	MetaCyc:CPD-8373	MetaCyc:CPD-8373	MetaCyc:CPD-8373	MetaCyc:CPD-8373	GC	MetaCyc:CPD-8373@Charged	MetaCyc:CPD-8373@Charged	eQuilibrator:MNXM69975
cpd25211	MetaCyc:CPD-8374	MetaCyc:CPD-8374	MetaCyc:CPD-8374	MetaCyc:CPD-8374	MetaCyc:CPD-8374	MetaCyc:CPD-8374	GC	MetaCyc:CPD-8374@Charged	MetaCyc:CPD-8374@Charged	eQuilibrator:MNXM70025
cpd25212	MetaCyc:CPD-8375	MetaCyc:CPD-8375	MetaCyc:CPD-8375	MetaCyc:CPD-8375	MetaCyc:CPD-8375	MetaCyc:CPD-8375	GC	MetaCyc:CPD-8375@Charged	MetaCyc:CPD-8375@Charged	eQuilibrator:MNXM70072
cpd25213	MetaCyc:CPD-8376	MetaCyc:CPD-8376	MetaCyc:CPD-8376	MetaCyc:CPD-8376	MetaCyc:CPD-8376	MetaCyc:CPD-8376	GC	MetaCyc:CPD-8376@Charged	MetaCyc:CPD-8376@Charged	eQuilibrator:MNXM70074
cpd25214	MetaCyc:CPD-8377	MetaCyc:CPD-8377	MetaCyc:CPD-8377	MetaCyc:CPD-8377	MetaCyc:CPD-8377	MetaCyc:CPD-8377	GC	MetaCyc:CPD-8377@Charged	MetaCyc:CPD-8377@Charged	eQuilibrator:MNXM32620
cpd25215	MetaCyc:CPD-8378	MetaCyc:CPD-8378	MetaCyc:CPD-8378	MetaCyc:CPD-8378	MetaCyc:CPD-8378	MetaCyc:CPD-8378	GC	MetaCyc:CPD-8378@Charged	MetaCyc:CPD-8378@Charged	
cpd25216	MetaCyc:CPD-8379	MetaCyc:CPD-8379	MetaCyc:CPD-8379	MetaCyc:CPD-8379	MetaCyc:CPD-8379	MetaCyc:CPD-8379	GC	MetaCyc:CPD-8379@Charged	MetaCyc:CPD-8379@Charged	
cpd25217	MetaCyc:CPD-8380	MetaCyc:CPD-8380	MetaCyc:CPD-8380	MetaCyc:CPD-8380	MetaCyc:CPD-8380	MetaCyc:CPD-8380	GC	MetaCyc:CPD-8380@Charged	MetaCyc:CPD-8380@Charged	eQuilibrator:MNXM70356
cpd25218	MetaCyc:CPD-8381	MetaCyc:CPD-8381	MetaCyc:CPD-8381	MetaCyc:CPD-8381	MetaCyc:CPD-8381	MetaCyc:CPD-8381	GC	MetaCyc:CPD-8381@Charged	MetaCyc:CPD-8381@Charged	
cpd25219	MetaCyc:CPD-8382	MetaCyc:CPD-8382	MetaCyc:CPD-8382	MetaCyc:CPD-8382	MetaCyc:CPD-8382	MetaCyc:CPD-8382	GC	MetaCyc:CPD-8382@Charged	MetaCyc:CPD-8382@Charged	
cpd25220	MetaCyc:CPD-8383	MetaCyc:CPD-8383	MetaCyc:CPD-8383	MetaCyc:CPD-8383	MetaCyc:CPD-8383	MetaCyc:CPD-8383	GC	MetaCyc:CPD-8383@Charged	MetaCyc:CPD-8383@Charged	
cpd25221	MetaCyc:CPD-8384	MetaCyc:CPD-8384	MetaCyc:CPD-8384	MetaCyc:CPD-8384	MetaCyc:CPD-8384	MetaCyc:CPD-8384	GC	MetaCyc:CPD-8384@Charged	MetaCyc:CPD-8384@Charged	
cpd25222	MetaCyc:CPD-8385	MetaCyc:CPD-8385	MetaCyc:CPD-8385	MetaCyc:CPD-8385	MetaCyc:CPD-8385	MetaCyc:CPD-8385	GC	MetaCyc:CPD-8385@Charged	MetaCyc:CPD-8385@Charged	
cpd25223	MetaCyc:CPD-8386	MetaCyc:CPD-8386	MetaCyc:CPD-8386	MetaCyc:CPD-8386	MetaCyc:CPD-8386	MetaCyc:CPD-8386	GC	MetaCyc:CPD-8386@Charged	MetaCyc:CPD-8386@Charged	
cpd25224	MetaCyc:CPD-8387	MetaCyc:CPD-8387	MetaCyc:CPD-8387	MetaCyc:CPD-8387	MetaCyc:CPD-8387	MetaCyc:CPD-8387	GC	MetaCyc:CPD-8387@Charged	MetaCyc:CPD-8387@Charged	
cpd25225	MetaCyc:CPD-8388	MetaCyc:CPD-8388	MetaCyc:CPD-8388	MetaCyc:CPD-8388	MetaCyc:CPD-8388	MetaCyc:CPD-8388	GC	MetaCyc:CPD-8388@Charged	MetaCyc:CPD-8388@Charged	
cpd25226	MetaCyc:CPD-8389	MetaCyc:CPD-8389	MetaCyc:CPD-8389	MetaCyc:CPD-8389	MetaCyc:CPD-8389	MetaCyc:CPD-8389	GC	MetaCyc:CPD-8389@Charged	MetaCyc:CPD-8389@Charged	eQuilibrator:MNXM338658
cpd25227	MetaCyc:CPD-8390	MetaCyc:CPD-8390	MetaCyc:CPD-8390	MetaCyc:CPD-8390	MetaCyc:CPD-8390	MetaCyc:CPD-8390	GC	MetaCyc:CPD-8390@Charged	MetaCyc:CPD-8390@Charged	
cpd25228	MetaCyc:CPD-8391	MetaCyc:CPD-8391	MetaCyc:CPD-8391	MetaCyc:CPD-8391	MetaCyc:CPD-8391	MetaCyc:CPD-8391	GC	MetaCyc:CPD-8391@Charged	MetaCyc:CPD-8391@Charged	
cpd25229	MetaCyc:CPD-8392	MetaCyc:CPD-8392	MetaCyc:CPD-8392	MetaCyc:CPD-8392	MetaCyc:CPD-8392	MetaCyc:CPD-8392	GC	MetaCyc:CPD-8392@Charged	MetaCyc:CPD-8392@Charged	
cpd25230	MetaCyc:CPD-8393	MetaCyc:CPD-8393	MetaCyc:CPD-8393	MetaCyc:CPD-8393	MetaCyc:CPD-8393	MetaCyc:CPD-8393	GC	MetaCyc:CPD-8393@Charged	MetaCyc:CPD-8393@Charged	
cpd25231	MetaCyc:CPD-8394	MetaCyc:CPD-8394	MetaCyc:CPD-8394	MetaCyc:CPD-8394	MetaCyc:CPD-8394	MetaCyc:CPD-8394	GC	MetaCyc:CPD-8394@Charged	MetaCyc:CPD-8394@Charged	
cpd25232	MetaCyc:CPD-8395	MetaCyc:CPD-8395	MetaCyc:CPD-8395	MetaCyc:CPD-8395	MetaCyc:CPD-8395	MetaCyc:CPD-8395	GC	MetaCyc:CPD-8395@Charged	MetaCyc:CPD-8395@Charged	
cpd25233	MetaCyc:CPD-8396	MetaCyc:CPD-8396	MetaCyc:CPD-8396	MetaCyc:CPD-8396	MetaCyc:CPD-8396	MetaCyc:CPD-8396	GC	MetaCyc:CPD-8396@Charged	MetaCyc:CPD-8396@Charged	
cpd25234	MetaCyc:CPD-8397	MetaCyc:CPD-8397	MetaCyc:CPD-8397	MetaCyc:CPD-8397	MetaCyc:CPD-8397	MetaCyc:CPD-8397	GC	MetaCyc:CPD-8397@Charged	MetaCyc:CPD-8397@Charged	
cpd25235	MetaCyc:CPD-8398	MetaCyc:CPD-8398	MetaCyc:CPD-8398	MetaCyc:CPD-8398	MetaCyc:CPD-8398	MetaCyc:CPD-8398	GC	MetaCyc:CPD-8398@Charged	MetaCyc:CPD-8398@Charged	
cpd25236	MetaCyc:CPD-8399	MetaCyc:CPD-8399	MetaCyc:CPD-8399	MetaCyc:CPD-8399	MetaCyc:CPD-8399	MetaCyc:CPD-8399	GC	MetaCyc:CPD-8399@Charged	MetaCyc:CPD-8399@Charged	eQuilibrator:MNXM79058
cpd25237	MetaCyc:CPD-8400	MetaCyc:CPD-8400	MetaCyc:CPD-8400	MetaCyc:CPD-8400	MetaCyc:CPD-8400	MetaCyc:CPD-8400	GC	MetaCyc:CPD-8400@Charged	MetaCyc:CPD-8400@Charged	eQuilibrator:MNXM79060
cpd25238	MetaCyc:CPD-8401	MetaCyc:CPD-8401	MetaCyc:CPD-8401	MetaCyc:CPD-8401	MetaCyc:CPD-8401	MetaCyc:CPD-8401	GC	MetaCyc:CPD-8401@Charged	MetaCyc:CPD-8401@Charged	eQuilibrator:MNXM79090
cpd25239	MetaCyc:CPD-8402	MetaCyc:CPD-8402	MetaCyc:CPD-8402	MetaCyc:CPD-8402	MetaCyc:CPD-8402	MetaCyc:CPD-8402	GC	MetaCyc:CPD-8402@Charged	MetaCyc:CPD-8402@Charged	eQuilibrator:MNXM79092
cpd25240	MetaCyc:CPD-8403	MetaCyc:CPD-8403	MetaCyc:CPD-8403	MetaCyc:CPD-8403	MetaCyc:CPD-8403	MetaCyc:CPD-8403	GC	MetaCyc:CPD-8403@Charged	MetaCyc:CPD-8403@Charged	eQuilibrator:MNXM338659
cpd25241	MetaCyc:CPD-8404	MetaCyc:CPD-8404	MetaCyc:CPD-8404	MetaCyc:CPD-8404	MetaCyc:CPD-8404	MetaCyc:CPD-8404	GC	MetaCyc:CPD-8404@Charged	MetaCyc:CPD-8404@Charged	
cpd25242	MetaCyc:CPD-8405	MetaCyc:CPD-8405	MetaCyc:CPD-8405	MetaCyc:CPD-8405	MetaCyc:CPD-8405	MetaCyc:CPD-8405	GC	MetaCyc:CPD-8405@Charged	MetaCyc:CPD-8405@Charged	
cpd25243	MetaCyc:CPD-8406	MetaCyc:CPD-8406	MetaCyc:CPD-8406	MetaCyc:CPD-8406	MetaCyc:CPD-8406	MetaCyc:CPD-8406	GC	MetaCyc:CPD-8406@Charged	MetaCyc:CPD-8406@Charged	
cpd25244	MetaCyc:CPD-8407	MetaCyc:CPD-8407	MetaCyc:CPD-8407	MetaCyc:CPD-8407	MetaCyc:CPD-8407	MetaCyc:CPD-8407	GC	MetaCyc:CPD-8407@Charged	MetaCyc:CPD-8407@Charged	eQuilibrator:MNXM338660
cpd25245	MetaCyc:CPD-8408	MetaCyc:CPD-8408	MetaCyc:CPD-8408	MetaCyc:CPD-8408	MetaCyc:CPD-8408	MetaCyc:CPD-8408	GC	MetaCyc:CPD-8408@Charged	MetaCyc:CPD-8408@Charged	
cpd25246	MetaCyc:CPD-8409	MetaCyc:CPD-8409	MetaCyc:CPD-8409	MetaCyc:CPD-8409	MetaCyc:CPD-8409	MetaCyc:CPD-8409	GC	MetaCyc:CPD-8409@Charged	MetaCyc:CPD-8409@Charged	
cpd25247	MetaCyc:CPD-841	MetaCyc:CPD-841		MetaCyc:CPD-841	MetaCyc:CPD-841	MetaCyc:CPD-841	GC	MetaCyc:CPD-841@Charged	MetaCyc:CPD-841@Charged	
cpd25248	MetaCyc:CPD-8410	MetaCyc:CPD-8410	MetaCyc:CPD-8410	MetaCyc:CPD-8410	MetaCyc:CPD-8410	MetaCyc:CPD-8410	GC	MetaCyc:CPD-8410@Charged	MetaCyc:CPD-8410@Charged	
cpd25249	MetaCyc:CPD-8411	MetaCyc:CPD-8411	MetaCyc:CPD-8411	MetaCyc:CPD-8411	MetaCyc:CPD-8411	MetaCyc:CPD-8411	GC	MetaCyc:CPD-8411@Charged	MetaCyc:CPD-8411@Charged	eQuilibrator:MNXM338661
cpd25250	MetaCyc:CPD-8412	MetaCyc:CPD-8412	MetaCyc:CPD-8412	MetaCyc:CPD-8412	MetaCyc:CPD-8412	MetaCyc:CPD-8412	GC	MetaCyc:CPD-8412@Charged	MetaCyc:CPD-8412@Charged	
cpd25251	MetaCyc:CPD-8413	MetaCyc:CPD-8413	MetaCyc:CPD-8413	MetaCyc:CPD-8413	MetaCyc:CPD-8413	MetaCyc:CPD-8413	GC	MetaCyc:CPD-8413@Charged	MetaCyc:CPD-8413@Charged	
cpd25252	MetaCyc:CPD-8414	MetaCyc:CPD-8414	MetaCyc:CPD-8414	MetaCyc:CPD-8414	MetaCyc:CPD-8414	MetaCyc:CPD-8414	GC	MetaCyc:CPD-8414@Charged	MetaCyc:CPD-8414@Charged	
cpd25253	MetaCyc:CPD-8415	MetaCyc:CPD-8415	MetaCyc:CPD-8415	MetaCyc:CPD-8415	MetaCyc:CPD-8415	MetaCyc:CPD-8415	EQ	eQuilibrator:MNXM32599	MetaCyc:CPD-8415@Charged	eQuilibrator:MNXM32599
cpd25254	MetaCyc:CPD-8416	MetaCyc:CPD-8416	MetaCyc:CPD-8416	MetaCyc:CPD-8416	MetaCyc:CPD-8416	MetaCyc:CPD-8416	EQ	eQuilibrator:MNXM32604	MetaCyc:CPD-8416@Charged	eQuilibrator:MNXM32604
cpd25255	MetaCyc:CPD-8417	MetaCyc:CPD-8417	MetaCyc:CPD-8417	MetaCyc:CPD-8417	MetaCyc:CPD-8417	MetaCyc:CPD-8417	EQ	eQuilibrator:MNXM32609	MetaCyc:CPD-8417@Charged	eQuilibrator:MNXM32609
cpd25256	MetaCyc:CPD-8418	MetaCyc:CPD-8418	MetaCyc:CPD-8418	MetaCyc:CPD-8418	MetaCyc:CPD-8418	MetaCyc:CPD-8418	EQ	eQuilibrator:MNXM32614	MetaCyc:CPD-8418@Charged	eQuilibrator:MNXM32614
cpd25257	MetaCyc:CPD-8419	MetaCyc:CPD-8419	MetaCyc:CPD-8419	MetaCyc:CPD-8419	MetaCyc:CPD-8419	MetaCyc:CPD-8419	EQ	eQuilibrator:MNXM32619	MetaCyc:CPD-8419@Charged	eQuilibrator:MNXM32619
cpd25258	MetaCyc:CPD-8420	MetaCyc:CPD-8420	MetaCyc:CPD-8420	MetaCyc:CPD-8420	MetaCyc:CPD-8420	MetaCyc:CPD-8420	EQ	eQuilibrator:MNXM32598	MetaCyc:CPD-8420@Charged	eQuilibrator:MNXM32598
cpd25259	MetaCyc:CPD-8421	MetaCyc:CPD-8421	MetaCyc:CPD-8421	MetaCyc:CPD-8421	MetaCyc:CPD-8421	MetaCyc:CPD-8421	EQ	eQuilibrator:MNXM32593	MetaCyc:CPD-8421@Charged	eQuilibrator:MNXM32593
cpd25260	MetaCyc:CPD-8422	MetaCyc:CPD-8422	MetaCyc:CPD-8422	MetaCyc:CPD-8422	MetaCyc:CPD-8422	MetaCyc:CPD-8422	EQ	eQuilibrator:MNXM32603	MetaCyc:CPD-8422@Charged	eQuilibrator:MNXM32603
cpd25261	MetaCyc:CPD-8423	MetaCyc:CPD-8423	MetaCyc:CPD-8423	MetaCyc:CPD-8423	MetaCyc:CPD-8423	MetaCyc:CPD-8423	EQ	eQuilibrator:MNXM32608	MetaCyc:CPD-8423@Charged	eQuilibrator:MNXM32608
cpd25262	MetaCyc:CPD-8424	MetaCyc:CPD-8424	MetaCyc:CPD-8424	MetaCyc:CPD-8424	MetaCyc:CPD-8424	MetaCyc:CPD-8424	EQ	eQuilibrator:MNXM32613	MetaCyc:CPD-8424@Charged	eQuilibrator:MNXM32613
cpd25263	MetaCyc:CPD-8425	MetaCyc:CPD-8425	MetaCyc:CPD-8425	MetaCyc:CPD-8425	MetaCyc:CPD-8425	MetaCyc:CPD-8425	EQ	eQuilibrator:MNXM32618	MetaCyc:CPD-8425@Charged	eQuilibrator:MNXM32618
cpd25264	MetaCyc:CPD-8427;ChEBI:72758	MetaCyc:CPD-8427;ChEBI:72758	MetaCyc:CPD-8427;ChEBI:72758	MetaCyc:CPD-8427;ChEBI:72758	MetaCyc:CPD-8427	MetaCyc:CPD-8427	EQ	eQuilibrator:MNXM14685	MetaCyc:CPD-8427@Charged	eQuilibrator:MNXM14685
cpd25265	MetaCyc:CPD-8428	MetaCyc:CPD-8428	MetaCyc:CPD-8428	MetaCyc:CPD-8428	MetaCyc:CPD-8428	MetaCyc:CPD-8428	EQ	eQuilibrator:MNXM31182	MetaCyc:CPD-8428@Charged	eQuilibrator:MNXM31182
cpd25266	MetaCyc:CPD-8429	MetaCyc:CPD-8429	MetaCyc:CPD-8429	MetaCyc:CPD-8429	MetaCyc:CPD-8429	MetaCyc:CPD-8429	EQ	eQuilibrator:MNXM63182	MetaCyc:CPD-8429@Charged	eQuilibrator:MNXM63182
cpd25267	MetaCyc:CPD-8430	MetaCyc:CPD-8430	MetaCyc:CPD-8430	MetaCyc:CPD-8430	MetaCyc:CPD-8430	MetaCyc:CPD-8430	EQ	eQuilibrator:MNXM63149	MetaCyc:CPD-8430@Charged	eQuilibrator:MNXM63149
cpd25268	MetaCyc:CPD-8431	MetaCyc:CPD-8431	MetaCyc:CPD-8431	MetaCyc:CPD-8431	MetaCyc:CPD-8431	MetaCyc:CPD-8431	EQ	eQuilibrator:MNXM63180	MetaCyc:CPD-8431@Charged	eQuilibrator:MNXM63180
cpd25269	MetaCyc:CPD-8432	MetaCyc:CPD-8432	MetaCyc:CPD-8432	MetaCyc:CPD-8432	MetaCyc:CPD-8432	MetaCyc:CPD-8432	EQ	eQuilibrator:MNXM63176	MetaCyc:CPD-8432@Charged	eQuilibrator:MNXM63176
cpd25270	MetaCyc:CPD-8433	MetaCyc:CPD-8433	MetaCyc:CPD-8433	MetaCyc:CPD-8433	MetaCyc:CPD-8433	MetaCyc:CPD-8433	EQ	eQuilibrator:MNXM63170	MetaCyc:CPD-8433@Charged	eQuilibrator:MNXM63170
cpd25271	MetaCyc:CPD-8434	MetaCyc:CPD-8434	MetaCyc:CPD-8434	MetaCyc:CPD-8434	MetaCyc:CPD-8434	MetaCyc:CPD-8434	EQ	eQuilibrator:MNXM63158	MetaCyc:CPD-8434@Charged	eQuilibrator:MNXM63158
cpd25272	MetaCyc:CPD-8435	MetaCyc:CPD-8435	MetaCyc:CPD-8435	MetaCyc:CPD-8435	MetaCyc:CPD-8435	MetaCyc:CPD-8435	EQ	eQuilibrator:MNXM63166	MetaCyc:CPD-8435@Charged	eQuilibrator:MNXM63166
cpd25273	MetaCyc:CPD-8436	MetaCyc:CPD-8436	MetaCyc:CPD-8436	MetaCyc:CPD-8436	MetaCyc:CPD-8436	MetaCyc:CPD-8436	EQ	eQuilibrator:MNXM63164	MetaCyc:CPD-8436@Charged	eQuilibrator:MNXM63164
cpd25274	MetaCyc:CPD-8437	MetaCyc:CPD-8437	MetaCyc:CPD-8437	MetaCyc:CPD-8437	MetaCyc:CPD-8437	MetaCyc:CPD-8437	EQ	eQuilibrator:MNXM63160	MetaCyc:CPD-8437@Charged	eQuilibrator:MNXM63160
cpd25275	MetaCyc:CPD-8438	MetaCyc:CPD-8438	MetaCyc:CPD-8438	MetaCyc:CPD-8438	MetaCyc:CPD-8438	MetaCyc:CPD-8438	EQ	eQuilibrator:MNXM63153	MetaCyc:CPD-8438@Charged	eQuilibrator:MNXM63153
cpd25276	MetaCyc:CPD-8439	MetaCyc:CPD-8439	MetaCyc:CPD-8439	MetaCyc:CPD-8439	MetaCyc:CPD-8439	MetaCyc:CPD-8439	EQ	eQuilibrator:MNXM63147	MetaCyc:CPD-8439@Charged	eQuilibrator:MNXM63147
cpd25277	MetaCyc:CPD-8440	MetaCyc:CPD-8440	MetaCyc:CPD-8440	MetaCyc:CPD-8440	MetaCyc:CPD-8440	MetaCyc:CPD-8440	EQ	eQuilibrator:MNXM63178	MetaCyc:CPD-8440@Charged	eQuilibrator:MNXM63178
cpd25278	MetaCyc:CPD-8441	MetaCyc:CPD-8441	MetaCyc:CPD-8441	MetaCyc:CPD-8441	MetaCyc:CPD-8441	MetaCyc:CPD-8441	EQ	eQuilibrator:MNXM63172	MetaCyc:CPD-8441@Charged	eQuilibrator:MNXM63172
cpd25279	MetaCyc:CPD-8442	MetaCyc:CPD-8442	MetaCyc:CPD-8442	MetaCyc:CPD-8442	MetaCyc:CPD-8442	MetaCyc:CPD-8442	EQ	eQuilibrator:MNXM63168	MetaCyc:CPD-8442@Charged	eQuilibrator:MNXM63168
cpd25280	MetaCyc:CPD-8443	MetaCyc:CPD-8443	MetaCyc:CPD-8443	MetaCyc:CPD-8443	MetaCyc:CPD-8443	MetaCyc:CPD-8443	EQ	eQuilibrator:MNXM63154	MetaCyc:CPD-8443@Charged	eQuilibrator:MNXM63154
cpd25281	MetaCyc:CPD-8446;ChEBI:67035	MetaCyc:CPD-8446;ChEBI:67035	MetaCyc:CPD-8446;ChEBI:67035	MetaCyc:CPD-8446;ChEBI:67035	MetaCyc:CPD-8446	MetaCyc:CPD-8446	EQ	eQuilibrator:MNXM107120	MetaCyc:CPD-8446@Charged	eQuilibrator:MNXM107120
cpd25282	MetaCyc:CPD-8447	MetaCyc:CPD-8447	MetaCyc:CPD-8447	MetaCyc:CPD-8447	MetaCyc:CPD-8447	MetaCyc:CPD-8447	EQ	eQuilibrator:MNXM63183	MetaCyc:CPD-8447@Charged	eQuilibrator:MNXM63183
cpd25283	MetaCyc:CPD-8448	MetaCyc:CPD-8448	MetaCyc:CPD-8448	MetaCyc:CPD-8448	MetaCyc:CPD-8448	MetaCyc:CPD-8448	EQ	eQuilibrator:MNXM63150	MetaCyc:CPD-8448@Charged	eQuilibrator:MNXM63150
cpd25284	MetaCyc:CPD-8449	MetaCyc:CPD-8449	MetaCyc:CPD-8449	MetaCyc:CPD-8449	MetaCyc:CPD-8449	MetaCyc:CPD-8449	EQ	eQuilibrator:MNXM63181	MetaCyc:CPD-8449@Charged	eQuilibrator:MNXM63181
cpd25285	MetaCyc:CPD-8450	MetaCyc:CPD-8450	MetaCyc:CPD-8450	MetaCyc:CPD-8450	MetaCyc:CPD-8450	MetaCyc:CPD-8450	EQ	eQuilibrator:MNXM106966	MetaCyc:CPD-8450@Charged	eQuilibrator:MNXM106966
cpd25286	MetaCyc:CPD-8451	MetaCyc:CPD-8451	MetaCyc:CPD-8451	MetaCyc:CPD-8451	MetaCyc:CPD-8451	MetaCyc:CPD-8451	EQ	eQuilibrator:MNXM63171	MetaCyc:CPD-8451@Charged	eQuilibrator:MNXM63171
cpd25287	MetaCyc:CPD-8452	MetaCyc:CPD-8452	MetaCyc:CPD-8452	MetaCyc:CPD-8452	MetaCyc:CPD-8452	MetaCyc:CPD-8452	EQ	eQuilibrator:MNXM106918	MetaCyc:CPD-8452@Charged	eQuilibrator:MNXM106918
cpd25288	MetaCyc:CPD-8453	MetaCyc:CPD-8453	MetaCyc:CPD-8453	MetaCyc:CPD-8453	MetaCyc:CPD-8453	MetaCyc:CPD-8453	EQ	eQuilibrator:MNXM106945	MetaCyc:CPD-8453@Charged	eQuilibrator:MNXM106945
cpd25289	MetaCyc:CPD-8454	MetaCyc:CPD-8454	MetaCyc:CPD-8454	MetaCyc:CPD-8454	MetaCyc:CPD-8454	MetaCyc:CPD-8454	EQ	eQuilibrator:MNXM63165	MetaCyc:CPD-8454@Charged	eQuilibrator:MNXM63165
cpd25290	MetaCyc:CPD-8455	MetaCyc:CPD-8455	MetaCyc:CPD-8455	MetaCyc:CPD-8455	MetaCyc:CPD-8455	MetaCyc:CPD-8455	EQ	eQuilibrator:MNXM106880	MetaCyc:CPD-8455@Charged	eQuilibrator:MNXM106880
cpd25291	MetaCyc:CPD-8456	MetaCyc:CPD-8456	MetaCyc:CPD-8456	MetaCyc:CPD-8456	MetaCyc:CPD-8456	MetaCyc:CPD-8456	EQ	eQuilibrator:MNXM106873	MetaCyc:CPD-8456@Charged	eQuilibrator:MNXM106873
cpd25292	MetaCyc:CPD-8457	MetaCyc:CPD-8457	MetaCyc:CPD-8457	MetaCyc:CPD-8457	MetaCyc:CPD-8457	MetaCyc:CPD-8457	EQ	eQuilibrator:MNXM63179	MetaCyc:CPD-8457@Charged	eQuilibrator:MNXM63179
cpd25293	MetaCyc:CPD-8458	MetaCyc:CPD-8458	MetaCyc:CPD-8458	MetaCyc:CPD-8458	MetaCyc:CPD-8458	MetaCyc:CPD-8458	EQ	eQuilibrator:MNXM573718	MetaCyc:CPD-8458@Charged	eQuilibrator:MNXM573718
cpd25294	MetaCyc:CPD-8459	MetaCyc:CPD-8459	MetaCyc:CPD-8459	MetaCyc:CPD-8459	MetaCyc:CPD-8459	MetaCyc:CPD-8459	EQ	eQuilibrator:MNXM63169	MetaCyc:CPD-8459@Charged	eQuilibrator:MNXM63169
cpd25295	MetaCyc:CPD-8460	MetaCyc:CPD-8460	MetaCyc:CPD-8460	MetaCyc:CPD-8460	MetaCyc:CPD-8460	MetaCyc:CPD-8460	EQ	eQuilibrator:MNXM573706	MetaCyc:CPD-8460@Charged	eQuilibrator:MNXM573706
cpd25296	MetaCyc:CPD-8461	MetaCyc:CPD-8461	MetaCyc:CPD-8461	MetaCyc:CPD-8461	MetaCyc:CPD-8461		EQ	eQuilibrator:MNXM84049	MetaCyc:CPD-8461@Charged	eQuilibrator:MNXM84049
cpd25297	MetaCyc:CPD-8463	MetaCyc:CPD-8463	MetaCyc:CPD-8463	MetaCyc:CPD-8463	MetaCyc:CPD-8463		EQ	eQuilibrator:MNXM51574	MetaCyc:CPD-8463@Charged	eQuilibrator:MNXM51574
cpd25298	MetaCyc:CPD-8464	MetaCyc:CPD-8464	MetaCyc:CPD-8464	MetaCyc:CPD-8464	MetaCyc:CPD-8464	MetaCyc:CPD-8464	EQ	eQuilibrator:MNXM33829	MetaCyc:CPD-8464@Charged	eQuilibrator:MNXM33829
cpd25299	MetaCyc:CPD-8465	MetaCyc:CPD-8465	MetaCyc:CPD-8465	MetaCyc:CPD-8465	MetaCyc:CPD-8465	MetaCyc:CPD-8465	EQ	eQuilibrator:MNXM33799	MetaCyc:CPD-8465@Charged	eQuilibrator:MNXM33799
cpd25300	MetaCyc:CPD-8466	MetaCyc:CPD-8466	MetaCyc:CPD-8466	MetaCyc:CPD-8466	MetaCyc:CPD-8466	MetaCyc:CPD-8466	EQ	eQuilibrator:MNXM33586	MetaCyc:CPD-8466@Charged	eQuilibrator:MNXM33586
cpd25301	MetaCyc:CPD-8467	MetaCyc:CPD-8467	MetaCyc:CPD-8467	MetaCyc:CPD-8467	MetaCyc:CPD-8467	MetaCyc:CPD-8467	EQ	eQuilibrator:MNXM33535	MetaCyc:CPD-8467@Charged	eQuilibrator:MNXM33535
cpd25302	MetaCyc:CPD-8468	MetaCyc:CPD-8468	MetaCyc:CPD-8468	MetaCyc:CPD-8468	MetaCyc:CPD-8468	MetaCyc:CPD-8468	EQ	eQuilibrator:MNXM33509	MetaCyc:CPD-8468@Charged	eQuilibrator:MNXM33509
cpd25303	MetaCyc:CPD-8469	MetaCyc:CPD-8469	MetaCyc:CPD-8469	MetaCyc:CPD-8469	MetaCyc:CPD-8469	MetaCyc:CPD-8469	EQ	eQuilibrator:MNXM35191	MetaCyc:CPD-8469@Charged	eQuilibrator:MNXM35191
cpd25304	MetaCyc:CPD-8470	MetaCyc:CPD-8470	MetaCyc:CPD-8470	MetaCyc:CPD-8470	MetaCyc:CPD-8470	MetaCyc:CPD-8470	EQ	eQuilibrator:MNXM35190	MetaCyc:CPD-8470@Charged	eQuilibrator:MNXM35190
cpd25305	MetaCyc:CPD-8473	MetaCyc:CPD-8473	MetaCyc:CPD-8473	MetaCyc:CPD-8473	MetaCyc:CPD-8473	MetaCyc:CPD-8473	EQ	eQuilibrator:MNXM35184	MetaCyc:CPD-8473@Charged	eQuilibrator:MNXM35184
cpd25306	MetaCyc:CPD-8474	MetaCyc:CPD-8474	MetaCyc:CPD-8474	MetaCyc:CPD-8474	MetaCyc:CPD-8474	MetaCyc:CPD-8474	EQ	eQuilibrator:MNXM35183	MetaCyc:CPD-8474@Charged	eQuilibrator:MNXM35183
cpd25307	MetaCyc:CPD-8475;ChEBI:65097	MetaCyc:CPD-8475;ChEBI:65097	MetaCyc:CPD-8475;ChEBI:65097	MetaCyc:CPD-8475;ChEBI:65097	MetaCyc:CPD-8475	MetaCyc:CPD-8475	EQ	eQuilibrator:MNXM14262	MetaCyc:CPD-8475@Charged	eQuilibrator:MNXM14262
cpd25308	MetaCyc:CPD-8478	MetaCyc:CPD-8478	MetaCyc:CPD-8478	MetaCyc:CPD-8478	MetaCyc:CPD-8478		EQ	eQuilibrator:MNXM58001	MetaCyc:CPD-8478@Charged	eQuilibrator:MNXM58001
cpd25309	MetaCyc:CPD-8479	MetaCyc:CPD-8479	MetaCyc:CPD-8479	MetaCyc:CPD-8479	MetaCyc:CPD-8479	MetaCyc:CPD-8479	EQ	eQuilibrator:MNXM34927	MetaCyc:CPD-8479@Charged	eQuilibrator:MNXM34927
cpd25310	MetaCyc:CPD-8484	MetaCyc:CPD-8484	MetaCyc:CPD-8484	MetaCyc:CPD-8484	MetaCyc:CPD-8484	MetaCyc:CPD-8484	EQ	eQuilibrator:MNXM82866	MetaCyc:CPD-8484@Charged	eQuilibrator:MNXM82866
cpd25311	MetaCyc:CPD-8489	MetaCyc:CPD-8489	MetaCyc:CPD-8489	MetaCyc:CPD-8489	MetaCyc:CPD-8489	MetaCyc:CPD-8489	EQ	eQuilibrator:MNXM58400	MetaCyc:CPD-8489@Charged	eQuilibrator:MNXM58400
cpd25312	MetaCyc:CPD-8492	MetaCyc:CPD-8492	MetaCyc:CPD-8492	MetaCyc:CPD-8492	MetaCyc:CPD-8492	MetaCyc:CPD-8492	EQ	eQuilibrator:MNXM37460	MetaCyc:CPD-8492@Charged	eQuilibrator:MNXM37460
cpd25313	MetaCyc:CPD-8493	MetaCyc:CPD-8493	MetaCyc:CPD-8493	MetaCyc:CPD-8493	MetaCyc:CPD-8493	MetaCyc:CPD-8493	EQ	eQuilibrator:MNXM37679	MetaCyc:CPD-8493@Charged	eQuilibrator:MNXM37679
cpd25314	MetaCyc:CPD-8494	MetaCyc:CPD-8494	MetaCyc:CPD-8494	MetaCyc:CPD-8494	MetaCyc:CPD-8494	MetaCyc:CPD-8494	EQ	eQuilibrator:MNXM37707	MetaCyc:CPD-8494@Charged	eQuilibrator:MNXM37707
cpd25315	MetaCyc:CPD-8495	MetaCyc:CPD-8495	MetaCyc:CPD-8495	MetaCyc:CPD-8495	MetaCyc:CPD-8495	MetaCyc:CPD-8495	EQ	eQuilibrator:MNXM38689	MetaCyc:CPD-8495@Charged	eQuilibrator:MNXM38689
cpd25316	MetaCyc:CPD-8496	MetaCyc:CPD-8496	MetaCyc:CPD-8496	MetaCyc:CPD-8496	MetaCyc:CPD-8496	MetaCyc:CPD-8496	EQ	eQuilibrator:MNXM38893	MetaCyc:CPD-8496@Charged	eQuilibrator:MNXM38893
cpd25317	MetaCyc:CPD-8497	MetaCyc:CPD-8497	MetaCyc:CPD-8497	MetaCyc:CPD-8497	MetaCyc:CPD-8497	MetaCyc:CPD-8497	EQ	eQuilibrator:MNXM39577	MetaCyc:CPD-8497@Charged	eQuilibrator:MNXM39577
cpd25318	MetaCyc:CPD-8498	MetaCyc:CPD-8498	MetaCyc:CPD-8498	MetaCyc:CPD-8498	MetaCyc:CPD-8498	MetaCyc:CPD-8498	EQ	eQuilibrator:MNXM39579	MetaCyc:CPD-8498@Charged	eQuilibrator:MNXM39579
cpd25319	MetaCyc:CPD-8499	MetaCyc:CPD-8499	MetaCyc:CPD-8499	MetaCyc:CPD-8499	MetaCyc:CPD-8499	MetaCyc:CPD-8499	EQ	eQuilibrator:MNXM39610	MetaCyc:CPD-8499@Charged	eQuilibrator:MNXM39610
cpd25320	MetaCyc:CPD-8503	MetaCyc:CPD-8503	MetaCyc:CPD-8503	MetaCyc:CPD-8503	MetaCyc:CPD-8503	MetaCyc:CPD-8503	EQ	eQuilibrator:MNXM35467	MetaCyc:CPD-8503@Charged	eQuilibrator:MNXM35467
cpd25321	MetaCyc:CPD-8507	MetaCyc:CPD-8507	MetaCyc:CPD-8507	MetaCyc:CPD-8507	MetaCyc:CPD-8507	MetaCyc:CPD-8507	GC	MetaCyc:CPD-8507@Charged	MetaCyc:CPD-8507@Charged	
cpd25322	MetaCyc:CPD-8508;ChEBI:75542	MetaCyc:CPD-8508;ChEBI:75542	MetaCyc:CPD-8508;ChEBI:75542	MetaCyc:CPD-8508;ChEBI:75542	MetaCyc:CPD-8508	MetaCyc:CPD-8508	GC	MetaCyc:CPD-8508@Charged	MetaCyc:CPD-8508@Charged	
cpd25323	MetaCyc:CPD-8509	MetaCyc:CPD-8509	MetaCyc:CPD-8509	MetaCyc:CPD-8509			EQ	eQuilibrator:MNXM724803	MetaCyc:CPD-8509@Charged	eQuilibrator:MNXM724803
cpd25324	MetaCyc:CPD-8510	MetaCyc:CPD-8510	MetaCyc:CPD-8510	MetaCyc:CPD-8510	MetaCyc:CPD-8510		EQ	eQuilibrator:MNXM64856	MetaCyc:CPD-8510@Charged	eQuilibrator:MNXM64856
cpd25325	MetaCyc:CPD-8511	MetaCyc:CPD-8511	MetaCyc:CPD-8511	MetaCyc:CPD-8511	MetaCyc:CPD-8511	MetaCyc:CPD-8511	EQ	eQuilibrator:MNXM35181	MetaCyc:CPD-8511@Charged	eQuilibrator:MNXM35181
cpd25326	MetaCyc:CPD-8512	MetaCyc:CPD-8512	MetaCyc:CPD-8512	MetaCyc:CPD-8512	MetaCyc:CPD-8512	MetaCyc:CPD-8512	EQ	eQuilibrator:MNXM88197	MetaCyc:CPD-8512@Charged	eQuilibrator:MNXM88197
cpd25327	MetaCyc:CPD-8513	MetaCyc:CPD-8513	MetaCyc:CPD-8513	MetaCyc:CPD-8513	MetaCyc:CPD-8513		EQ	eQuilibrator:MNXM88196	MetaCyc:CPD-8513@Charged	eQuilibrator:MNXM88196
cpd25328	MetaCyc:CPD-8514	MetaCyc:CPD-8514	MetaCyc:CPD-8514	MetaCyc:CPD-8514			EQ	eQuilibrator:MNXM725800	MetaCyc:CPD-8514@Charged	eQuilibrator:MNXM725800
cpd25329	MetaCyc:CPD-8515	MetaCyc:CPD-8515	MetaCyc:CPD-8515	MetaCyc:CPD-8515			EQ	eQuilibrator:MNXM36625	MetaCyc:CPD-8515@Charged	eQuilibrator:MNXM36625
cpd25330	MetaCyc:CPD-8516	MetaCyc:CPD-8516	MetaCyc:CPD-8516	MetaCyc:CPD-8516	MetaCyc:CPD-8516	MetaCyc:CPD-8516	EQ	eQuilibrator:MNXM32973	MetaCyc:CPD-8516@Charged	eQuilibrator:MNXM32973
cpd25331	MetaCyc:CPD-8517	MetaCyc:CPD-8517	MetaCyc:CPD-8517	MetaCyc:CPD-8517	MetaCyc:CPD-8517	MetaCyc:CPD-8517	EQ	eQuilibrator:MNXM32895	MetaCyc:CPD-8517@Charged	eQuilibrator:MNXM32895
cpd25332	MetaCyc:CPD-8518	MetaCyc:CPD-8518	MetaCyc:CPD-8518	MetaCyc:CPD-8518		MetaCyc:CPD-8518	EQ	eQuilibrator:MNXM33461	MetaCyc:CPD-8518@Charged	eQuilibrator:MNXM33461
cpd25333	MetaCyc:CPD-8521	MetaCyc:CPD-8521		MetaCyc:CPD-8521	MetaCyc:CPD-8521	MetaCyc:CPD-8521	GC	MetaCyc:CPD-8521@Charged	MetaCyc:CPD-8521@Charged	
cpd25334	MetaCyc:CPD-8524;ChEBI:140758	MetaCyc:CPD-8524;ChEBI:140758	MetaCyc:CPD-8524;ChEBI:140758	MetaCyc:CPD-8524;ChEBI:140758	MetaCyc:CPD-8524	MetaCyc:CPD-8524	GC	MetaCyc:CPD-8524@Charged	MetaCyc:CPD-8524@Charged	
cpd25335	MetaCyc:CPD-8530	MetaCyc:CPD-8530	MetaCyc:CPD-8530	MetaCyc:CPD-8530	MetaCyc:CPD-8530	MetaCyc:CPD-8530	GC	MetaCyc:CPD-8530@Charged	MetaCyc:CPD-8530@Charged	eQuilibrator:MNXM483970
cpd25336										
cpd25337										
cpd25338										
cpd25339	MetaCyc:CPD-8536	MetaCyc:CPD-8536		MetaCyc:CPD-8536	MetaCyc:CPD-8536	MetaCyc:CPD-8536	GC	MetaCyc:CPD-8536@Charged	MetaCyc:CPD-8536@Charged	
cpd25340	MetaCyc:3-N-3-carboxypropyl-uridine47-tRNAPhe;MetaCyc:CPD-8539	MetaCyc:3-N-3-carboxypropyl-uridine47-tRNAPhe;MetaCyc:CPD-8539		MetaCyc:3-N-3-carboxypropyl-uridine47-tRNAPhe;MetaCyc:CPD-8539	MetaCyc:3-N-3-carboxypropyl-uridine47-tRNAPhe	MetaCyc:3-N-3-carboxypropyl-uridine47-tRNAPhe	GC	MetaCyc:3-N-3-carboxypropyl-uridine47-tRNAPhe@Charged	MetaCyc:3-N-3-carboxypropyl-uridine47-tRNAPhe@Charged	
cpd25341	MetaCyc:CPD-8540	MetaCyc:CPD-8540		MetaCyc:CPD-8540	MetaCyc:CPD-8540	MetaCyc:CPD-8540	GC	MetaCyc:CPD-8540@Charged	MetaCyc:CPD-8540@Charged	
cpd25342	MetaCyc:CPD-8541@Charged;ChEBI:132248@Charged	MetaCyc:CPD-8541@Charged;ChEBI:132248@Charged		MetaCyc:CPD-8541@Charged;ChEBI:132248@Charged	MetaCyc:CPD-8541	MetaCyc:CPD-8541	GC	MetaCyc:CPD-8541@Charged	MetaCyc:CPD-8541@Charged	
cpd25343	MetaCyc:CPD-8545	MetaCyc:CPD-8545	MetaCyc:CPD-8545	MetaCyc:CPD-8545	MetaCyc:CPD-8545	MetaCyc:CPD-8545	EQ	eQuilibrator:MNXM5887	MetaCyc:CPD-8545@Charged	eQuilibrator:MNXM5887
cpd25344	MetaCyc:CPD-8548	MetaCyc:CPD-8548		MetaCyc:CPD-8548	MetaCyc:CPD-8548	MetaCyc:CPD-8548	GC	MetaCyc:CPD-8548@Charged	MetaCyc:CPD-8548@Charged	
cpd25345	MetaCyc:CPD-8549	MetaCyc:CPD-8549		MetaCyc:CPD-8549	MetaCyc:CPD-8549	MetaCyc:CPD-8549	GC	MetaCyc:CPD-8549@Charged	MetaCyc:CPD-8549@Charged	
cpd25346	MetaCyc:CPD-8550@Charged;ChEBI:140347	MetaCyc:CPD-8550@Charged;ChEBI:140347		MetaCyc:CPD-8550@Charged;ChEBI:140347	MetaCyc:CPD-8550	MetaCyc:CPD-8550	GC	MetaCyc:CPD-8550@Charged	MetaCyc:CPD-8550@Charged	
cpd25347	MetaCyc:CPD-8572@Charged	MetaCyc:CPD-8572@Charged		MetaCyc:CPD-8572@Charged	MetaCyc:CPD-8572	MetaCyc:CPD-8572	GC	MetaCyc:CPD-8572@Charged	MetaCyc:CPD-8572@Charged	
cpd25348	MetaCyc:CPD-8573	MetaCyc:CPD-8573		MetaCyc:CPD-8573	MetaCyc:CPD-8573	MetaCyc:CPD-8573	GC	MetaCyc:CPD-8573@Charged	MetaCyc:CPD-8573@Charged	
cpd25349	MetaCyc:CPD-8574	MetaCyc:CPD-8574	MetaCyc:CPD-8574	MetaCyc:CPD-8574		MetaCyc:CPD-8574	EQ	eQuilibrator:MNXM8632	MetaCyc:CPD-8574@Charged	eQuilibrator:MNXM8632
cpd25350	MetaCyc:CPD-8575	MetaCyc:CPD-8575		MetaCyc:CPD-8575	MetaCyc:CPD-8575	MetaCyc:CPD-8575	GC	MetaCyc:CPD-8575@Charged	MetaCyc:CPD-8575@Charged	
cpd25351	MetaCyc:CPD-8580@Charged	MetaCyc:CPD-8580@Charged		MetaCyc:CPD-8580@Charged		MetaCyc:CPD-8580	GC	MetaCyc:CPD-8580@Charged	MetaCyc:CPD-8580@Charged	
cpd25352	MetaCyc:CPD-8581@Charged;MetaCyc:Histone-H3-K27m1@Charged;MetaCyc:Histone-H3-K36m1@Charged;MetaCyc:Histone-H3-K4m1@Charged;MetaCyc:Histone-H3-K79m1@Charged;MetaCyc:Histone-H3-K9m1@Charged;MetaCyc:Histone-H4-K20m1@Charged;ChEBI:61929@Charged	MetaCyc:CPD-8581@Charged;MetaCyc:Histone-H3-K27m1@Charged;MetaCyc:Histone-H3-K36m1@Charged;MetaCyc:Histone-H3-K4m1@Charged;MetaCyc:Histone-H3-K79m1@Charged;MetaCyc:Histone-H3-K9m1@Charged;MetaCyc:Histone-H4-K20m1@Charged;ChEBI:61929@Charged		MetaCyc:CPD-8581@Charged;MetaCyc:Histone-H3-K27m1@Charged;MetaCyc:Histone-H3-K36m1@Charged;MetaCyc:Histone-H3-K4m1@Charged;MetaCyc:Histone-H3-K79m1@Charged;MetaCyc:Histone-H3-K9m1@Charged;MetaCyc:Histone-H4-K20m1@Charged;ChEBI:61929@Charged		MetaCyc:CPD-8581	GC	MetaCyc:CPD-8581@Charged	MetaCyc:CPD-8581@Charged	
cpd25353	MetaCyc:CPD-8592	MetaCyc:CPD-8592		MetaCyc:CPD-8592	MetaCyc:CPD-8592	MetaCyc:CPD-8592	GC	MetaCyc:CPD-8592@Charged	MetaCyc:CPD-8592@Charged	
cpd25354	MetaCyc:CPD-8594	MetaCyc:CPD-8594		MetaCyc:CPD-8594	MetaCyc:CPD-8594	MetaCyc:CPD-8594	GC	MetaCyc:CPD-8594@Charged	MetaCyc:CPD-8594@Charged	
cpd25355	MetaCyc:CPD-8595	MetaCyc:CPD-8595		MetaCyc:CPD-8595	MetaCyc:CPD-8595	MetaCyc:CPD-8595	GC	MetaCyc:CPD-8595@Charged	MetaCyc:CPD-8595@Charged	
cpd25356	MetaCyc:CPD-8607	MetaCyc:CPD-8607	MetaCyc:CPD-8607	MetaCyc:CPD-8607	MetaCyc:CPD-8607	MetaCyc:CPD-8607	GC	MetaCyc:CPD-8607@Charged	MetaCyc:CPD-8607@Charged	eQuilibrator:MNXM723442
cpd25357	MetaCyc:CPD-8608	MetaCyc:CPD-8608	MetaCyc:CPD-8608	MetaCyc:CPD-8608	MetaCyc:CPD-8608	MetaCyc:CPD-8608	GC	MetaCyc:CPD-8608@Charged	MetaCyc:CPD-8608@Charged	eQuilibrator:MNXM723430
cpd25358	MetaCyc:CPD-8609;ChEBI:78904	MetaCyc:CPD-8609;ChEBI:78904	MetaCyc:CPD-8609;ChEBI:78904	MetaCyc:CPD-8609;ChEBI:78904	MetaCyc:CPD-8609	MetaCyc:CPD-8609	GC	MetaCyc:CPD-8609@Charged	MetaCyc:CPD-8609@Charged	eQuilibrator:MNXM6861
cpd25359	MetaCyc:CPD-8611;ChEBI:87045	MetaCyc:CPD-8611;ChEBI:87045	MetaCyc:CPD-8611;ChEBI:87045	MetaCyc:CPD-8611;ChEBI:87045	MetaCyc:CPD-8611	MetaCyc:CPD-8611	GC	MetaCyc:CPD-8611@Charged	MetaCyc:CPD-8611@Charged	eQuilibrator:MNXM10260
cpd25360	MetaCyc:CPD-8612;ChEBI:87046	MetaCyc:CPD-8612;ChEBI:87046	MetaCyc:CPD-8612;ChEBI:87046	MetaCyc:CPD-8612;ChEBI:87046	MetaCyc:CPD-8612	MetaCyc:CPD-8612	GC	MetaCyc:CPD-8612@Charged	MetaCyc:CPD-8612@Charged	eQuilibrator:MNXM10253
cpd25361	MetaCyc:CPD-8613;ChEBI:87047	MetaCyc:CPD-8613;ChEBI:87047	MetaCyc:CPD-8613;ChEBI:87047	MetaCyc:CPD-8613;ChEBI:87047	MetaCyc:CPD-8613	MetaCyc:CPD-8613	GC	MetaCyc:CPD-8613@Charged	MetaCyc:CPD-8613@Charged	eQuilibrator:MNXM10246
cpd25362	MetaCyc:CPD-8614;ChEBI:87050	MetaCyc:CPD-8614;ChEBI:87050	MetaCyc:CPD-8614;ChEBI:87050	MetaCyc:CPD-8614;ChEBI:87050		MetaCyc:CPD-8614	GC	MetaCyc:CPD-8614@Charged	MetaCyc:CPD-8614@Charged	eQuilibrator:MNXM10266
cpd25363	MetaCyc:CPD-8617;ChEBI:87053	MetaCyc:CPD-8617;ChEBI:87053	MetaCyc:CPD-8617;ChEBI:87053	MetaCyc:CPD-8617;ChEBI:87053	MetaCyc:CPD-8617	MetaCyc:CPD-8617	GC	MetaCyc:CPD-8617@Charged	MetaCyc:CPD-8617@Charged	eQuilibrator:MNXM10262
cpd25364	MetaCyc:CPD-8618;ChEBI:87054	MetaCyc:CPD-8618;ChEBI:87054	MetaCyc:CPD-8618;ChEBI:87054	MetaCyc:CPD-8618;ChEBI:87054	MetaCyc:CPD-8618	MetaCyc:CPD-8618	GC	MetaCyc:CPD-8618@Charged	MetaCyc:CPD-8618@Charged	eQuilibrator:MNXM10255
cpd25365	MetaCyc:CPD-8619;ChEBI:87055	MetaCyc:CPD-8619;ChEBI:87055	MetaCyc:CPD-8619;ChEBI:87055	MetaCyc:CPD-8619;ChEBI:87055	MetaCyc:CPD-8619	MetaCyc:CPD-8619	GC	MetaCyc:CPD-8619@Charged	MetaCyc:CPD-8619@Charged	eQuilibrator:MNXM10248
cpd25366	MetaCyc:CPD-8620;ChEBI:87056	MetaCyc:CPD-8620;ChEBI:87056	MetaCyc:CPD-8620;ChEBI:87056	MetaCyc:CPD-8620;ChEBI:87056		MetaCyc:CPD-8620	GC	MetaCyc:CPD-8620@Charged	MetaCyc:CPD-8620@Charged	eQuilibrator:MNXM8184
cpd25367	MetaCyc:CPD-8629	MetaCyc:CPD-8629	MetaCyc:CPD-8629	MetaCyc:CPD-8629@Charged	MetaCyc:CPD-8629	MetaCyc:CPD-8629	GC	MetaCyc:CPD-8629@Charged	MetaCyc:CPD-8629@Charged	
cpd25368	MetaCyc:CPD-8630@Charged	MetaCyc:CPD-8630@Charged		MetaCyc:CPD-8630@Charged	MetaCyc:CPD-8630	MetaCyc:CPD-8630	GC	MetaCyc:CPD-8630@Charged	MetaCyc:CPD-8630@Charged	
cpd25369	MetaCyc:CPD-8631	MetaCyc:CPD-8631		MetaCyc:CPD-8631	MetaCyc:CPD-8631	MetaCyc:CPD-8631	GC	MetaCyc:CPD-8631@Charged	MetaCyc:CPD-8631@Charged	
cpd25370	MetaCyc:CPD-8632	MetaCyc:CPD-8632	MetaCyc:CPD-8632	MetaCyc:CPD-8632	MetaCyc:CPD-8632	MetaCyc:CPD-8632	EQ	eQuilibrator:MNXM5947	MetaCyc:CPD-8632@Charged	eQuilibrator:MNXM5947
cpd25371	MetaCyc:CPD-8633	MetaCyc:CPD-8633	MetaCyc:CPD-8633	MetaCyc:CPD-8633	MetaCyc:CPD-8633	MetaCyc:CPD-8633	EQ	eQuilibrator:MNXM4767	MetaCyc:CPD-8633@Charged	eQuilibrator:MNXM4767
cpd25372	MetaCyc:CPD-8649@Charged;ChEBI:131803@Charged	MetaCyc:CPD-8649@Charged;ChEBI:131803@Charged		MetaCyc:CPD-8649@Charged;ChEBI:131803@Charged	MetaCyc:CPD-8649	MetaCyc:CPD-8649	GC	MetaCyc:CPD-8649@Charged	MetaCyc:CPD-8649@Charged	
cpd25373	MetaCyc:CPD-8674	MetaCyc:CPD-8674	MetaCyc:CPD-8674	MetaCyc:CPD-8674	MetaCyc:CPD-8674	MetaCyc:CPD-8674	EQ	eQuilibrator:MNXM8980	MetaCyc:CPD-8674@Charged	eQuilibrator:MNXM8980
cpd25374	MetaCyc:CPD-8675@Charged	MetaCyc:CPD-8675@Charged	MetaCyc:CPD-8675@Charged	MetaCyc:CPD-8675@Charged	MetaCyc:CPD-8675	MetaCyc:CPD-8675	EQ		MetaCyc:CPD-8675@Charged	
cpd25375	MetaCyc:CPD-868;ChEBI:64785	MetaCyc:CPD-868;ChEBI:64785	MetaCyc:CPD-868;ChEBI:64785	MetaCyc:CPD-868;ChEBI:64785	MetaCyc:CPD-868	MetaCyc:CPD-868	GC	MetaCyc:CPD-868@Charged	MetaCyc:CPD-868@Charged	eQuilibrator:MNXM10312
cpd25376	MetaCyc:CPD-8681	MetaCyc:CPD-8681	MetaCyc:CPD-8681	MetaCyc:CPD-8681	MetaCyc:CPD-8681	MetaCyc:CPD-8681	EQ	eQuilibrator:MNXM10463	MetaCyc:CPD-8681@Charged	eQuilibrator:MNXM10463
cpd25377	MetaCyc:CPD-8683	MetaCyc:CPD-8683	MetaCyc:CPD-8683	MetaCyc:CPD-8683	MetaCyc:CPD-8683	MetaCyc:CPD-8683	EQ	eQuilibrator:MNXM22494	MetaCyc:CPD-8683@Charged	eQuilibrator:MNXM22494
cpd25378	MetaCyc:CPD-8684	MetaCyc:CPD-8684	MetaCyc:CPD-8684	MetaCyc:CPD-8684	MetaCyc:CPD-8684	MetaCyc:CPD-8684	EQ	eQuilibrator:MNXM114575	MetaCyc:CPD-8684@Charged	eQuilibrator:MNXM114575
cpd25379	MetaCyc:CPD-8687	MetaCyc:CPD-8687	MetaCyc:CPD-8687	MetaCyc:CPD-8687	MetaCyc:CPD-8687	MetaCyc:CPD-8687	EQ	eQuilibrator:MNXM47798	MetaCyc:CPD-8687@Charged	eQuilibrator:MNXM47798
cpd25380	MetaCyc:CPD-8688	MetaCyc:CPD-8688	MetaCyc:CPD-8688	MetaCyc:CPD-8688	MetaCyc:CPD-8688	MetaCyc:CPD-8688	EQ	eQuilibrator:MNXM47799	MetaCyc:CPD-8688@Charged	eQuilibrator:MNXM47799
cpd25381	MetaCyc:CPD-8689	MetaCyc:CPD-8689	MetaCyc:CPD-8689	MetaCyc:CPD-8689	MetaCyc:CPD-8689	MetaCyc:CPD-8689	EQ	eQuilibrator:MNXM47800	MetaCyc:CPD-8689@Charged	eQuilibrator:MNXM47800
cpd25382	MetaCyc:CPD-869	MetaCyc:CPD-869	MetaCyc:CPD-869	MetaCyc:CPD-869	MetaCyc:CPD-869	MetaCyc:CPD-869	EQ		MetaCyc:CPD-869@Charged	
cpd25383	MetaCyc:CPD-8690	MetaCyc:CPD-8690	MetaCyc:CPD-8690	MetaCyc:CPD-8690	MetaCyc:CPD-8690	MetaCyc:CPD-8690	EQ	eQuilibrator:MNXM11524	MetaCyc:CPD-8690@Charged	eQuilibrator:MNXM11524
cpd25384	MetaCyc:CPD-8692	MetaCyc:CPD-8692	MetaCyc:CPD-8692	MetaCyc:CPD-8692	MetaCyc:CPD-8692	MetaCyc:CPD-8692	GC	MetaCyc:CPD-8692@Charged	MetaCyc:CPD-8692@Charged	
cpd25386	MetaCyc:CPD-8703@Charged	MetaCyc:CPD-8703@Charged	MetaCyc:CPD-8703@Charged	MetaCyc:CPD-8703@Charged	MetaCyc:CPD-8703	MetaCyc:CPD-8703	GC	MetaCyc:CPD-8703@Charged	MetaCyc:CPD-8703@Charged	
cpd25387	MetaCyc:CPD-8704	MetaCyc:CPD-8704	MetaCyc:CPD-8704	MetaCyc:CPD-8704	MetaCyc:CPD-8704	MetaCyc:CPD-8704	GC	MetaCyc:CPD-8704@Charged	MetaCyc:CPD-8704@Charged	eQuilibrator:MNXM338662
cpd25388	MetaCyc:CPD-8705	MetaCyc:CPD-8705	MetaCyc:CPD-8705	MetaCyc:CPD-8705	MetaCyc:CPD-8705	MetaCyc:CPD-8705	GC	MetaCyc:CPD-8705@Charged	MetaCyc:CPD-8705@Charged	
cpd25389	MetaCyc:CPD-8706	MetaCyc:CPD-8706	MetaCyc:CPD-8706	MetaCyc:CPD-8706	MetaCyc:CPD-8706	MetaCyc:CPD-8706	GC	MetaCyc:CPD-8706@Charged	MetaCyc:CPD-8706@Charged	
cpd25390	MetaCyc:CPD-8707	MetaCyc:CPD-8707	MetaCyc:CPD-8707	MetaCyc:CPD-8707		MetaCyc:CPD-8707	GC	MetaCyc:CPD-8707@Charged	MetaCyc:CPD-8707@Charged	
cpd25391	MetaCyc:CPD-8709	MetaCyc:CPD-8709	MetaCyc:CPD-8709	MetaCyc:CPD-8709	MetaCyc:CPD-8709	MetaCyc:CPD-8709	GC	MetaCyc:CPD-8709@Charged	MetaCyc:CPD-8709@Charged	eQuilibrator:MNXM165011
cpd25392	MetaCyc:CPD-8710	MetaCyc:CPD-8710	MetaCyc:CPD-8710	MetaCyc:CPD-8710	MetaCyc:CPD-8710	MetaCyc:CPD-8710	GC	MetaCyc:CPD-8710@Charged	MetaCyc:CPD-8710@Charged	
cpd25393	MetaCyc:CPD-8711	MetaCyc:CPD-8711	MetaCyc:CPD-8711	MetaCyc:CPD-8711		MetaCyc:CPD-8711	GC	MetaCyc:CPD-8711@Charged	MetaCyc:CPD-8711@Charged	eQuilibrator:MNXM165010
cpd25394	MetaCyc:CPD-8715	MetaCyc:CPD-8715	MetaCyc:CPD-8715	MetaCyc:CPD-8715	MetaCyc:CPD-8715	MetaCyc:CPD-8715	GC	MetaCyc:CPD-8715@Charged	MetaCyc:CPD-8715@Charged	
cpd25396	MetaCyc:CPD-8721;ChEBI:86062	MetaCyc:CPD-8721;ChEBI:86062	MetaCyc:CPD-8721;ChEBI:86062	MetaCyc:CPD-8721;ChEBI:86062			GC	MetaCyc:CPD-8721@Charged	MetaCyc:CPD-8721@Charged	
cpd25397	MetaCyc:CPD-8722	MetaCyc:CPD-8722	MetaCyc:CPD-8722	MetaCyc:CPD-8722	MetaCyc:CPD-8722	MetaCyc:CPD-8722	GC	MetaCyc:CPD-8722@Charged	MetaCyc:CPD-8722@Charged	
cpd25398	MetaCyc:CPD-8723	MetaCyc:CPD-8723	MetaCyc:CPD-8723	MetaCyc:CPD-8723	MetaCyc:CPD-8723	MetaCyc:CPD-8723	GC	MetaCyc:CPD-8723@Charged	MetaCyc:CPD-8723@Charged	
cpd25399	MetaCyc:CPD-8724	MetaCyc:CPD-8724	MetaCyc:CPD-8724	MetaCyc:CPD-8724		MetaCyc:CPD-8724	GC	MetaCyc:CPD-8724@Charged	MetaCyc:CPD-8724@Charged	
cpd25400	MetaCyc:CPD-8727	MetaCyc:CPD-8727	MetaCyc:CPD-8727	MetaCyc:CPD-8727	MetaCyc:CPD-8727	MetaCyc:CPD-8727	GC	MetaCyc:CPD-8727@Charged	MetaCyc:CPD-8727@Charged	
cpd25401	MetaCyc:CPD-8731;ChEBI:49231	MetaCyc:CPD-8731;ChEBI:49231	MetaCyc:CPD-8731;ChEBI:49231	MetaCyc:CPD-8731;ChEBI:49231			GC	MetaCyc:CPD-8731@Charged	MetaCyc:CPD-8731@Charged	eQuilibrator:MNXM6432
cpd25402	MetaCyc:CPD-8732;ChEBI:49214	MetaCyc:CPD-8732;ChEBI:49214	MetaCyc:CPD-8732;ChEBI:49214	MetaCyc:CPD-8732;ChEBI:49214			GC	MetaCyc:CPD-8732@Charged	MetaCyc:CPD-8732@Charged	eQuilibrator:MNXM6162
cpd25403	MetaCyc:CPD-8733;ChEBI:49210	MetaCyc:CPD-8733;ChEBI:49210	MetaCyc:CPD-8733;ChEBI:49210	MetaCyc:CPD-8733;ChEBI:49210			GC	MetaCyc:CPD-8733@Charged	MetaCyc:CPD-8733@Charged	eQuilibrator:MNXM6188
cpd25404	MetaCyc:CPD-8734;ChEBI:49224	MetaCyc:CPD-8734;ChEBI:49224	MetaCyc:CPD-8734;ChEBI:49224	MetaCyc:CPD-8734;ChEBI:49224			GC	MetaCyc:CPD-8734@Charged	MetaCyc:CPD-8734@Charged	eQuilibrator:MNXM6273
cpd25405	MetaCyc:CPD-8740;KEGG:C20274;ChEBI:64799	MetaCyc:CPD-8740;KEGG:C20274;ChEBI:64799	MetaCyc:CPD-8740;KEGG:C20274;ChEBI:64799	MetaCyc:CPD-8740;KEGG:C20274;ChEBI:64799			GC	KEGG:C20274@Charged	KEGG:C20274@Charged	
cpd25406	MetaCyc:CPD-8747	MetaCyc:CPD-8747	MetaCyc:CPD-8747	MetaCyc:CPD-8747			EQ	eQuilibrator:MNXM13801	MetaCyc:CPD-8747@Charged	eQuilibrator:MNXM13801
cpd25407	MetaCyc:CPD-8748	MetaCyc:CPD-8748	MetaCyc:CPD-8748	MetaCyc:CPD-8748			GC	MetaCyc:CPD-8748@Charged	MetaCyc:CPD-8748@Charged	eQuilibrator:MNXM21711
cpd25408	MetaCyc:CPD-8750	MetaCyc:CPD-8750	MetaCyc:CPD-8750	MetaCyc:CPD-8750			GC	MetaCyc:CPD-8750@Charged	MetaCyc:CPD-8750@Charged	eQuilibrator:MNXM165265
cpd25409	MetaCyc:CPD-8751	MetaCyc:CPD-8751	MetaCyc:CPD-8751	MetaCyc:CPD-8751			GC	MetaCyc:CPD-8751@Charged	MetaCyc:CPD-8751@Charged	
cpd25410	MetaCyc:CPD-8752	MetaCyc:CPD-8752	MetaCyc:CPD-8752	MetaCyc:CPD-8752			GC	MetaCyc:CPD-8752@Charged	MetaCyc:CPD-8752@Charged	
cpd25411	MetaCyc:CPD-8761	MetaCyc:CPD-8761	MetaCyc:CPD-8761	MetaCyc:CPD-8761		MetaCyc:CPD-8761	GC	MetaCyc:CPD-8761@Charged	MetaCyc:CPD-8761@Charged	
cpd25412	MetaCyc:CPD-8762;ChEBI:62753	MetaCyc:CPD-8762;ChEBI:62753	MetaCyc:CPD-8762;ChEBI:62753	MetaCyc:CPD-8762;ChEBI:62753			GC	MetaCyc:CPD-8762@Charged	MetaCyc:CPD-8762@Charged	
cpd25413	MetaCyc:CPD-8763	MetaCyc:CPD-8763	MetaCyc:CPD-8763	MetaCyc:CPD-8763			GC	MetaCyc:CPD-8763@Charged	MetaCyc:CPD-8763@Charged	
cpd25414	MetaCyc:CPD-8771	MetaCyc:CPD-8771	MetaCyc:CPD-8771	MetaCyc:CPD-8771			GC	MetaCyc:CPD-8771@Charged	MetaCyc:CPD-8771@Charged	eQuilibrator:MNXM13440
cpd25415	MetaCyc:CPD-8777	MetaCyc:CPD-8777	MetaCyc:CPD-8777	MetaCyc:CPD-8777			GC	MetaCyc:CPD-8777@Charged	MetaCyc:CPD-8777@Charged	
cpd25416	MetaCyc:CPD-8779;ChEBI:136805	MetaCyc:CPD-8779;ChEBI:136805	MetaCyc:CPD-8779;ChEBI:136805	MetaCyc:CPD-8779;ChEBI:136805		MetaCyc:CPD-8779	EQ	eQuilibrator:MNXM36601	MetaCyc:CPD-8779@Charged	eQuilibrator:MNXM36601
cpd25417	MetaCyc:CPD-8780	MetaCyc:CPD-8780	MetaCyc:CPD-8780	MetaCyc:CPD-8780		MetaCyc:CPD-8780	EQ	eQuilibrator:MNXM36451	MetaCyc:CPD-8780@Charged	eQuilibrator:MNXM36451
cpd25418	MetaCyc:CPD-8781@Charged	MetaCyc:CPD-8781@Charged	MetaCyc:CPD-8781@Charged	MetaCyc:CPD-8781@Charged	MetaCyc:CPD-8781	MetaCyc:CPD-8781	EQ		MetaCyc:CPD-8781@Charged	
cpd25419	MetaCyc:CPD-8782@Charged	MetaCyc:CPD-8782@Charged	MetaCyc:CPD-8782@Charged	MetaCyc:CPD-8782@Charged	MetaCyc:CPD-8782	MetaCyc:CPD-8782	EQ		MetaCyc:CPD-8782@Charged	
cpd25420	MetaCyc:CPD-8790	MetaCyc:CPD-8790	MetaCyc:CPD-8790	MetaCyc:CPD-8790			GC	MetaCyc:CPD-8790@Charged	MetaCyc:CPD-8790@Charged	eQuilibrator:MNXM13433
cpd25421	MetaCyc:CPD-8791;KEGG:C20273;ChEBI:64798	MetaCyc:CPD-8791;KEGG:C20273;ChEBI:64798	MetaCyc:CPD-8791;KEGG:C20273;ChEBI:64798	MetaCyc:CPD-8791;KEGG:C20273;ChEBI:64798			GC	KEGG:C20273@Charged	KEGG:C20273@Charged	eQuilibrator:MNXM13435
cpd25422	MetaCyc:CPD-8792	MetaCyc:CPD-8792	MetaCyc:CPD-8792	MetaCyc:CPD-8792			GC	MetaCyc:CPD-8792@Charged	MetaCyc:CPD-8792@Charged	eQuilibrator:MNXM13434
cpd25423	MetaCyc:CPD-8793	MetaCyc:CPD-8793	MetaCyc:CPD-8793	MetaCyc:CPD-8793			GC	MetaCyc:CPD-8793@Charged	MetaCyc:CPD-8793@Charged	eQuilibrator:MNXM13436
cpd25424	MetaCyc:CPD-8794	MetaCyc:CPD-8794	MetaCyc:CPD-8794	MetaCyc:CPD-8794			GC	MetaCyc:CPD-8794@Charged	MetaCyc:CPD-8794@Charged	eQuilibrator:MNXM13429
cpd25425	MetaCyc:CPD-8795	MetaCyc:CPD-8795	MetaCyc:CPD-8795	MetaCyc:CPD-8795			GC	MetaCyc:CPD-8795@Charged	MetaCyc:CPD-8795@Charged	eQuilibrator:MNXM13432
cpd25426	MetaCyc:CPD-8796	MetaCyc:CPD-8796	MetaCyc:CPD-8796	MetaCyc:CPD-8796			GC	MetaCyc:CPD-8796@Charged	MetaCyc:CPD-8796@Charged	eQuilibrator:MNXM13431
cpd25427	MetaCyc:CPD-8797;ChEBI:137533	MetaCyc:CPD-8797;ChEBI:137533	MetaCyc:CPD-8797;ChEBI:137533	MetaCyc:CPD-8797;ChEBI:137533			GC	MetaCyc:CPD-8797@Charged	MetaCyc:CPD-8797@Charged	eQuilibrator:MNXM13424
cpd25428	MetaCyc:CPD-8798;KEGG:C20272;ChEBI:64797	MetaCyc:CPD-8798;KEGG:C20272;ChEBI:64797	MetaCyc:CPD-8798;KEGG:C20272;ChEBI:64797	MetaCyc:CPD-8798;KEGG:C20272;ChEBI:64797			GC	KEGG:C20272@Charged	KEGG:C20272@Charged	eQuilibrator:MNXM13427
cpd25429	MetaCyc:CPD-8799	MetaCyc:CPD-8799	MetaCyc:CPD-8799	MetaCyc:CPD-8799			GC	MetaCyc:CPD-8799@Charged	MetaCyc:CPD-8799@Charged	eQuilibrator:MNXM13425
cpd25430	MetaCyc:CPD-8800	MetaCyc:CPD-8800	MetaCyc:CPD-8800	MetaCyc:CPD-8800			GC	MetaCyc:CPD-8800@Charged	MetaCyc:CPD-8800@Charged	
cpd25431	MetaCyc:CPD-8802;ChEBI:188453	MetaCyc:CPD-8802;ChEBI:188453	MetaCyc:CPD-8802;ChEBI:188453	MetaCyc:CPD-8802;ChEBI:188453			GC	MetaCyc:CPD-8802@Charged	MetaCyc:CPD-8802@Charged	
cpd25432	MetaCyc:CPD-8804	MetaCyc:CPD-8804	MetaCyc:CPD-8804	MetaCyc:CPD-8804			GC	MetaCyc:CPD-8804@Charged	MetaCyc:CPD-8804@Charged	
cpd25433	MetaCyc:CPD-8806	MetaCyc:CPD-8806	MetaCyc:CPD-8806	MetaCyc:CPD-8806			EQ	eQuilibrator:MNXM16489	MetaCyc:CPD-8806@Charged	eQuilibrator:MNXM16489
cpd25434	MetaCyc:CPD-8807	MetaCyc:CPD-8807	MetaCyc:CPD-8807	MetaCyc:CPD-8807			EQ	eQuilibrator:MNXM156254	MetaCyc:CPD-8807@Charged	eQuilibrator:MNXM156254
cpd25435	MetaCyc:CPD-8808	MetaCyc:CPD-8808	MetaCyc:CPD-8808	MetaCyc:CPD-8808			EQ	eQuilibrator:MNXM491232	MetaCyc:CPD-8808@Charged	eQuilibrator:MNXM491232
cpd25436	MetaCyc:CPD-8811	MetaCyc:CPD-8811	MetaCyc:CPD-8811	MetaCyc:CPD-8811			GC	MetaCyc:CPD-8811@Charged	MetaCyc:CPD-8811@Charged	eQuilibrator:MNXM21629
cpd25437	MetaCyc:CPD-8813	MetaCyc:CPD-8813	MetaCyc:CPD-8813	MetaCyc:CPD-8813			GC	MetaCyc:CPD-8813@Charged	MetaCyc:CPD-8813@Charged	eQuilibrator:MNXM19932
cpd25438	MetaCyc:CPD-8814	MetaCyc:CPD-8814	MetaCyc:CPD-8814	MetaCyc:CPD-8814	MetaCyc:CPD-8814	MetaCyc:CPD-8814	GC	MetaCyc:CPD-8814@Charged	MetaCyc:CPD-8814@Charged	
cpd25439	MetaCyc:CPD-8815	MetaCyc:CPD-8815	MetaCyc:CPD-8815	MetaCyc:CPD-8815	MetaCyc:CPD-8815	MetaCyc:CPD-8815	EQ	eQuilibrator:MNXM6112	MetaCyc:CPD-8815@Charged	eQuilibrator:MNXM6112
cpd25440	MetaCyc:CPD-8816;ChEBI:131450	MetaCyc:CPD-8816;ChEBI:131450	MetaCyc:CPD-8816;ChEBI:131450	MetaCyc:CPD-8816;ChEBI:131450	MetaCyc:CPD-8816	MetaCyc:CPD-8816	EQ	eQuilibrator:MNXM34610	MetaCyc:CPD-8816@Charged	eQuilibrator:MNXM34610
cpd25441	MetaCyc:CPD-8818	MetaCyc:CPD-8818	MetaCyc:CPD-8818	MetaCyc:CPD-8818	MetaCyc:CPD-8818	MetaCyc:CPD-8818	GC	MetaCyc:CPD-8818@Charged	MetaCyc:CPD-8818@Charged	
cpd25442	MetaCyc:CPD-8819	MetaCyc:CPD-8819	MetaCyc:CPD-8819	MetaCyc:CPD-8819		MetaCyc:CPD-8819	EQ	eQuilibrator:MNXM34308	MetaCyc:CPD-8819@Charged	eQuilibrator:MNXM34308
cpd25443	MetaCyc:CPD-8821	MetaCyc:CPD-8821	MetaCyc:CPD-8821	MetaCyc:CPD-8821	MetaCyc:CPD-8821	MetaCyc:CPD-8821	EQ	eQuilibrator:MNXM32151	MetaCyc:CPD-8821@Charged	eQuilibrator:MNXM32151
cpd25444	MetaCyc:CPD-8822	MetaCyc:CPD-8822	MetaCyc:CPD-8822	MetaCyc:CPD-8822	MetaCyc:CPD-8822	MetaCyc:CPD-8822	EQ	eQuilibrator:MNXM46971	MetaCyc:CPD-8822@Charged	eQuilibrator:MNXM46971
cpd25445	MetaCyc:CPD-8823	MetaCyc:CPD-8823	MetaCyc:CPD-8823	MetaCyc:CPD-8823	MetaCyc:CPD-8823	MetaCyc:CPD-8823	EQ	eQuilibrator:MNXM46988	MetaCyc:CPD-8823@Charged	eQuilibrator:MNXM46988
cpd25446	MetaCyc:CPD-8824	MetaCyc:CPD-8824	MetaCyc:CPD-8824	MetaCyc:CPD-8824	MetaCyc:CPD-8824	MetaCyc:CPD-8824	EQ	eQuilibrator:MNXM47023	MetaCyc:CPD-8824@Charged	eQuilibrator:MNXM47023
cpd25447	MetaCyc:CPD-8825;ChEBI:12855	MetaCyc:CPD-8825;ChEBI:12855	MetaCyc:CPD-8825;ChEBI:12855	MetaCyc:CPD-8825;ChEBI:12855	MetaCyc:CPD-8825	MetaCyc:CPD-8825	EQ	eQuilibrator:MNXM7921	MetaCyc:CPD-8825@Charged	eQuilibrator:MNXM7921
cpd25448	MetaCyc:CPD-8826	MetaCyc:CPD-8826	MetaCyc:CPD-8826	MetaCyc:CPD-8826	MetaCyc:CPD-8826	MetaCyc:CPD-8826	EQ	eQuilibrator:MNXM48530	MetaCyc:CPD-8826@Charged	eQuilibrator:MNXM48530
cpd25449	MetaCyc:CPD-8828	MetaCyc:CPD-8828	MetaCyc:CPD-8828	MetaCyc:CPD-8828	MetaCyc:CPD-8828	MetaCyc:CPD-8828	EQ	eQuilibrator:MNXM38066	MetaCyc:CPD-8828@Charged	eQuilibrator:MNXM38066
cpd25450	MetaCyc:CPD-8829	MetaCyc:CPD-8829	MetaCyc:CPD-8829	MetaCyc:CPD-8829	MetaCyc:CPD-8829	MetaCyc:CPD-8829	GC	MetaCyc:CPD-8829@Charged	MetaCyc:CPD-8829@Charged	eQuilibrator:MNXM46728
cpd25451	MetaCyc:CPD-8830	MetaCyc:CPD-8830	MetaCyc:CPD-8830	MetaCyc:CPD-8830	MetaCyc:CPD-8830	MetaCyc:CPD-8830	GC	MetaCyc:CPD-8830@Charged	MetaCyc:CPD-8830@Charged	eQuilibrator:MNXM64573
cpd25452	MetaCyc:CPD-8832	MetaCyc:CPD-8832	MetaCyc:CPD-8832	MetaCyc:CPD-8832	MetaCyc:CPD-8832	MetaCyc:CPD-8832	GC	MetaCyc:CPD-8832@Charged	MetaCyc:CPD-8832@Charged	eQuilibrator:MNXM30094
cpd25453	MetaCyc:CPD-8833	MetaCyc:CPD-8833	MetaCyc:CPD-8833	MetaCyc:CPD-8833	MetaCyc:CPD-8833	MetaCyc:CPD-8833	GC	MetaCyc:CPD-8833@Charged	MetaCyc:CPD-8833@Charged	eQuilibrator:MNXM30173
cpd25454	MetaCyc:CPD-8834	MetaCyc:CPD-8834	MetaCyc:CPD-8834	MetaCyc:CPD-8834	MetaCyc:CPD-8834	MetaCyc:CPD-8834	EQ	eQuilibrator:MNXM30303	MetaCyc:CPD-8834@Charged	eQuilibrator:MNXM30303
cpd25455	MetaCyc:CPD-8835;ChEBI:84970	MetaCyc:CPD-8835;ChEBI:84970	MetaCyc:CPD-8835;ChEBI:84970	MetaCyc:CPD-8835;ChEBI:84970	MetaCyc:CPD-8835	MetaCyc:CPD-8835	EQ	eQuilibrator:MNXM30116	MetaCyc:CPD-8835@Charged	eQuilibrator:MNXM30116
cpd25456	MetaCyc:CPD-8836	MetaCyc:CPD-8836	MetaCyc:CPD-8836	MetaCyc:CPD-8836	MetaCyc:CPD-8836	MetaCyc:CPD-8836	EQ	eQuilibrator:MNXM87370	MetaCyc:CPD-8836@Charged	eQuilibrator:MNXM87370
cpd25457	MetaCyc:CPD-8844;ChEBI:60158	MetaCyc:CPD-8844;ChEBI:60158	MetaCyc:CPD-8844;ChEBI:60158	MetaCyc:CPD-8844;ChEBI:60158			EQ	eQuilibrator:MNXM9465	MetaCyc:CPD-8844@Charged	eQuilibrator:MNXM9465
cpd25458	MetaCyc:CPD-8846;KEGG:C20700;ChEBI:74322	MetaCyc:CPD-8846;KEGG:C20700;ChEBI:74322	MetaCyc:CPD-8846;KEGG:C20700;ChEBI:74322	MetaCyc:CPD-8846;KEGG:C20700;ChEBI:74322			EQ	eQuilibrator:MNXM10151	KEGG:C20700@Charged	eQuilibrator:MNXM10151
cpd25459	MetaCyc:CPD-8847;KEGG:C20701;ChEBI:48058	MetaCyc:CPD-8847;KEGG:C20701;ChEBI:48058	MetaCyc:CPD-8847;KEGG:C20701;ChEBI:48058	MetaCyc:CPD-8847;KEGG:C20701;ChEBI:48058	KEGG:C20701	KEGG:C20701	EQ	eQuilibrator:MNXM7139	KEGG:C20701@Charged	eQuilibrator:MNXM7139
cpd25460	MetaCyc:CPD-8848;KEGG:C20681;ChEBI:74299	MetaCyc:CPD-8848;KEGG:C20681;ChEBI:74299	MetaCyc:CPD-8848;KEGG:C20681;ChEBI:74299	MetaCyc:CPD-8848;KEGG:C20681;ChEBI:74299	KEGG:C20681	KEGG:C20681	EQ	eQuilibrator:MNXM9468	KEGG:C20681@Charged	eQuilibrator:MNXM9468
cpd25461	MetaCyc:CPD-885	MetaCyc:CPD-885	MetaCyc:CPD-885	MetaCyc:CPD-885	MetaCyc:CPD-885	MetaCyc:CPD-885	GC	MetaCyc:CPD-885@Charged	MetaCyc:CPD-885@Charged	
cpd25462	MetaCyc:CPD-8857	MetaCyc:CPD-8857	MetaCyc:CPD-8857	MetaCyc:CPD-8857	MetaCyc:CPD-8857	MetaCyc:CPD-8857	EQ	eQuilibrator:MNXM51409	MetaCyc:CPD-8857@Charged	eQuilibrator:MNXM51409
cpd25463	MetaCyc:CPD-8858	MetaCyc:CPD-8858	MetaCyc:CPD-8858	MetaCyc:CPD-8858	MetaCyc:CPD-8858	MetaCyc:CPD-8858	EQ	eQuilibrator:MNXM51408	MetaCyc:CPD-8858@Charged	eQuilibrator:MNXM51408
cpd25464	MetaCyc:CPD-8860	MetaCyc:CPD-8860	MetaCyc:CPD-8860	MetaCyc:CPD-8860			GC	MetaCyc:CPD-8860@Charged	MetaCyc:CPD-8860@Charged	
cpd25465	MetaCyc:CPD-8861	MetaCyc:CPD-8861	MetaCyc:CPD-8861	MetaCyc:CPD-8861	MetaCyc:CPD-8861		GC	MetaCyc:CPD-8861@Charged	MetaCyc:CPD-8861@Charged	
cpd25466	MetaCyc:CPD-8862	MetaCyc:CPD-8862	MetaCyc:CPD-8862	MetaCyc:CPD-8862			GC	MetaCyc:CPD-8862@Charged	MetaCyc:CPD-8862@Charged	
cpd25467	MetaCyc:CPD-8863	MetaCyc:CPD-8863	MetaCyc:CPD-8863	MetaCyc:CPD-8863			GC	MetaCyc:CPD-8863@Charged	MetaCyc:CPD-8863@Charged	
cpd25468	MetaCyc:CPD-8864	MetaCyc:CPD-8864	MetaCyc:CPD-8864	MetaCyc:CPD-8864			GC	MetaCyc:CPD-8864@Charged	MetaCyc:CPD-8864@Charged	
cpd25469	MetaCyc:CPD-8866	MetaCyc:CPD-8866	MetaCyc:CPD-8866	MetaCyc:CPD-8866			GC	MetaCyc:CPD-8866@Charged	MetaCyc:CPD-8866@Charged	
cpd25470	MetaCyc:CPD-8867	MetaCyc:CPD-8867	MetaCyc:CPD-8867	MetaCyc:CPD-8867	MetaCyc:CPD-8867		GC	MetaCyc:CPD-8867@Charged	MetaCyc:CPD-8867@Charged	
cpd25471	MetaCyc:CPD-8868	MetaCyc:CPD-8868	MetaCyc:CPD-8868	MetaCyc:CPD-8868		MetaCyc:CPD-8868	GC	MetaCyc:CPD-8868@Charged	MetaCyc:CPD-8868@Charged	
cpd25472	MetaCyc:CPD-8869	MetaCyc:CPD-8869	MetaCyc:CPD-8869	MetaCyc:CPD-8869			GC	MetaCyc:CPD-8869@Charged	MetaCyc:CPD-8869@Charged	
cpd25473	MetaCyc:CPD-8870	MetaCyc:CPD-8870	MetaCyc:CPD-8870	MetaCyc:CPD-8870			GC	MetaCyc:CPD-8870@Charged	MetaCyc:CPD-8870@Charged	
cpd25474	MetaCyc:CPD-8872	MetaCyc:CPD-8872	MetaCyc:CPD-8872	MetaCyc:CPD-8872	MetaCyc:CPD-8872	MetaCyc:CPD-8872	GC	MetaCyc:CPD-8872@Charged	MetaCyc:CPD-8872@Charged	
cpd25475	MetaCyc:CPD-8873	MetaCyc:CPD-8873	MetaCyc:CPD-8873	MetaCyc:CPD-8873	MetaCyc:CPD-8873	MetaCyc:CPD-8873	EQ	eQuilibrator:MNXM40058	MetaCyc:CPD-8873@Charged	eQuilibrator:MNXM40058
cpd25476	MetaCyc:CPD-8874	MetaCyc:CPD-8874	MetaCyc:CPD-8874	MetaCyc:CPD-8874	MetaCyc:CPD-8874	MetaCyc:CPD-8874	GC	MetaCyc:CPD-8874@Charged	MetaCyc:CPD-8874@Charged	
cpd25477	MetaCyc:CPD-8877	MetaCyc:CPD-8877	MetaCyc:CPD-8877	MetaCyc:CPD-8877	MetaCyc:CPD-8877	MetaCyc:CPD-8877	GC	MetaCyc:CPD-8877@Charged	MetaCyc:CPD-8877@Charged	
cpd25478	MetaCyc:CPD-8878	MetaCyc:CPD-8878	MetaCyc:CPD-8878	MetaCyc:CPD-8878		MetaCyc:CPD-8878	GC	MetaCyc:CPD-8878@Charged	MetaCyc:CPD-8878@Charged	eQuilibrator:MNXM34534
cpd25479	MetaCyc:CPD-8880@Charged	MetaCyc:CPD-8880@Charged	MetaCyc:CPD-8880@Charged	MetaCyc:CPD-8880@Charged	MetaCyc:CPD-8880	MetaCyc:CPD-8880	EQ		MetaCyc:CPD-8880@Charged	
cpd25480	MetaCyc:CPD-8881	MetaCyc:CPD-8881	MetaCyc:CPD-8881	MetaCyc:CPD-8881	MetaCyc:CPD-8881	MetaCyc:CPD-8881	EQ	eQuilibrator:MNXM74957	MetaCyc:CPD-8881@Charged	eQuilibrator:MNXM74957
cpd25481	MetaCyc:CPD-8882	MetaCyc:CPD-8882	MetaCyc:CPD-8882	MetaCyc:CPD-8882	MetaCyc:CPD-8882	MetaCyc:CPD-8882	EQ		MetaCyc:CPD-8882@Charged	
cpd25482	MetaCyc:CPD-8890@Charged	MetaCyc:CPD-8890@Charged	MetaCyc:CPD-8890@Charged	MetaCyc:CPD-8890@Charged	MetaCyc:CPD-8890	MetaCyc:CPD-8890	GC	MetaCyc:CPD-8890@Charged	MetaCyc:CPD-8890@Charged	
cpd25483	MetaCyc:CPD-8902	MetaCyc:CPD-8902	MetaCyc:CPD-8902	MetaCyc:CPD-8902	MetaCyc:CPD-8902	MetaCyc:CPD-8902	EQ	eQuilibrator:MNXM60847	MetaCyc:CPD-8902@Charged	eQuilibrator:MNXM60847
cpd25484	MetaCyc:CPD-8907;ChEBI:67246	MetaCyc:CPD-8907;ChEBI:67246	MetaCyc:CPD-8907;ChEBI:67246	MetaCyc:CPD-8907;ChEBI:67246	MetaCyc:CPD-8907	MetaCyc:CPD-8907	EQ	eQuilibrator:MNXM59759	MetaCyc:CPD-8907@Charged	eQuilibrator:MNXM59759
cpd25485	MetaCyc:CPD-8910;KEGG:C20456;ChEBI:67247	MetaCyc:CPD-8910;KEGG:C20456;ChEBI:67247	MetaCyc:CPD-8910;KEGG:C20456;ChEBI:67247	MetaCyc:CPD-8910;KEGG:C20456;ChEBI:67247	KEGG:C20456	KEGG:C20456	EQ	eQuilibrator:MNXM9356	KEGG:C20456@Charged	eQuilibrator:MNXM9356
cpd25486	MetaCyc:CPD-8911	MetaCyc:CPD-8911	MetaCyc:CPD-8911	MetaCyc:CPD-8911	MetaCyc:CPD-8911	MetaCyc:CPD-8911	EQ	eQuilibrator:MNXM9363	MetaCyc:CPD-8911@Charged	eQuilibrator:MNXM9363
cpd25487	MetaCyc:CPD-8913;ChEBI:136514	MetaCyc:CPD-8913;ChEBI:136514	MetaCyc:CPD-8913;ChEBI:136514	MetaCyc:CPD-8913;ChEBI:136514	MetaCyc:CPD-8913	MetaCyc:CPD-8913	EQ	eQuilibrator:MNXM8101	MetaCyc:CPD-8913@Charged	eQuilibrator:MNXM8101
cpd25488	MetaCyc:CPD-8914;ChEBI:136515	MetaCyc:CPD-8914;ChEBI:136515	MetaCyc:CPD-8914;ChEBI:136515	MetaCyc:CPD-8914;ChEBI:136515	MetaCyc:CPD-8914	MetaCyc:CPD-8914	EQ	eQuilibrator:MNXM12399	MetaCyc:CPD-8914@Charged	eQuilibrator:MNXM12399
cpd25489	MetaCyc:CPD-8918	MetaCyc:CPD-8918	MetaCyc:CPD-8918	MetaCyc:CPD-8918		MetaCyc:CPD-8918	GC	MetaCyc:CPD-8918@Charged	MetaCyc:CPD-8918@Charged	
cpd25490	MetaCyc:CPD-8921;ChEBI:141003	MetaCyc:CPD-8921;ChEBI:141003	MetaCyc:CPD-8921;ChEBI:141003	MetaCyc:CPD-8921;ChEBI:141003	MetaCyc:CPD-8921	MetaCyc:CPD-8921	GC	MetaCyc:CPD-8921@Charged	MetaCyc:CPD-8921@Charged	
cpd25491	MetaCyc:CPD-8922	MetaCyc:CPD-8922	MetaCyc:CPD-8922	MetaCyc:CPD-8922	MetaCyc:CPD-8922	MetaCyc:CPD-8922	GC	MetaCyc:CPD-8922@Charged	MetaCyc:CPD-8922@Charged	eQuilibrator:MNXM100792
cpd25492	MetaCyc:CPD-8927	MetaCyc:CPD-8927	MetaCyc:CPD-8927	MetaCyc:CPD-8927	MetaCyc:CPD-8927	MetaCyc:CPD-8927	GC	MetaCyc:CPD-8927@Charged	MetaCyc:CPD-8927@Charged	eQuilibrator:MNXM725423
cpd25493	MetaCyc:CPD-8928	MetaCyc:CPD-8928	MetaCyc:CPD-8928	MetaCyc:CPD-8928	MetaCyc:CPD-8928	MetaCyc:CPD-8928	GC	MetaCyc:CPD-8928@Charged	MetaCyc:CPD-8928@Charged	
cpd25494	MetaCyc:CPD-8933	MetaCyc:CPD-8933	MetaCyc:CPD-8933	MetaCyc:CPD-8933	MetaCyc:CPD-8933		EQ	eQuilibrator:MNXM46488	MetaCyc:CPD-8933@Charged	eQuilibrator:MNXM46488
cpd25495	MetaCyc:CPD-8934	MetaCyc:CPD-8934	MetaCyc:CPD-8934	MetaCyc:CPD-8934	MetaCyc:CPD-8934	MetaCyc:CPD-8934	EQ	eQuilibrator:MNXM16494	MetaCyc:CPD-8934@Charged	eQuilibrator:MNXM16494
cpd25496	MetaCyc:CPD-8935	MetaCyc:CPD-8935	MetaCyc:CPD-8935	MetaCyc:CPD-8935	MetaCyc:CPD-8935	MetaCyc:CPD-8935	EQ	eQuilibrator:MNXM17653	MetaCyc:CPD-8935@Charged	eQuilibrator:MNXM17653
cpd25497	MetaCyc:CPD-8936	MetaCyc:CPD-8936	MetaCyc:CPD-8936	MetaCyc:CPD-8936	MetaCyc:CPD-8936	MetaCyc:CPD-8936	EQ	eQuilibrator:MNXM20166	MetaCyc:CPD-8936@Charged	eQuilibrator:MNXM20166
cpd25498	MetaCyc:CPD-8937	MetaCyc:CPD-8937	MetaCyc:CPD-8937	MetaCyc:CPD-8937	MetaCyc:CPD-8937	MetaCyc:CPD-8937	EQ	eQuilibrator:MNXM16708	MetaCyc:CPD-8937@Charged	eQuilibrator:MNXM16708
cpd25499	MetaCyc:CPD-8938	MetaCyc:CPD-8938	MetaCyc:CPD-8938	MetaCyc:CPD-8938	MetaCyc:CPD-8938	MetaCyc:CPD-8938	EQ	eQuilibrator:MNXM36133	MetaCyc:CPD-8938@Charged	eQuilibrator:MNXM36133
cpd25500	MetaCyc:CPD-8939	MetaCyc:CPD-8939	MetaCyc:CPD-8939	MetaCyc:CPD-8939	MetaCyc:CPD-8939	MetaCyc:CPD-8939	GC	MetaCyc:CPD-8939@Charged	MetaCyc:CPD-8939@Charged	eQuilibrator:MNXM148864
cpd25501	MetaCyc:CPD-8941	MetaCyc:CPD-8941	MetaCyc:CPD-8941	MetaCyc:CPD-8941	MetaCyc:CPD-8941	MetaCyc:CPD-8941	EQ	eQuilibrator:MNXM16709	MetaCyc:CPD-8941@Charged	eQuilibrator:MNXM16709
cpd25502	MetaCyc:CPD-8942	MetaCyc:CPD-8942	MetaCyc:CPD-8942	MetaCyc:CPD-8942	MetaCyc:CPD-8942	MetaCyc:CPD-8942	EQ	eQuilibrator:MNXM107149	MetaCyc:CPD-8942@Charged	eQuilibrator:MNXM107149
cpd25503	MetaCyc:CPD-8943	MetaCyc:CPD-8943	MetaCyc:CPD-8943	MetaCyc:CPD-8943	MetaCyc:CPD-8943	MetaCyc:CPD-8943	EQ	eQuilibrator:MNXM113644	MetaCyc:CPD-8943@Charged	eQuilibrator:MNXM113644
cpd25504										
cpd25505	MetaCyc:CPD-8948	MetaCyc:CPD-8948	MetaCyc:CPD-8948	MetaCyc:CPD-8948	MetaCyc:CPD-8948	MetaCyc:CPD-8948	EQ	eQuilibrator:MNXM102118	MetaCyc:CPD-8948@Charged	eQuilibrator:MNXM102118
cpd25506	MetaCyc:CPD-8950@Charged	MetaCyc:CPD-8950@Charged	MetaCyc:CPD-8950@Charged	MetaCyc:CPD-8950@Charged	MetaCyc:CPD-8950	MetaCyc:CPD-8950	GC	MetaCyc:CPD-8950@Charged	MetaCyc:CPD-8950@Charged	
cpd25507	MetaCyc:CPD-8952@Charged	MetaCyc:CPD-8952@Charged	MetaCyc:CPD-8952@Charged	MetaCyc:CPD-8952@Charged	MetaCyc:CPD-8952	MetaCyc:CPD-8952	EQ	eQuilibrator:MNXM10230	MetaCyc:CPD-8952@Charged	eQuilibrator:MNXM10230
cpd25508	MetaCyc:CPD-8953@Charged	MetaCyc:CPD-8953@Charged	MetaCyc:CPD-8953@Charged	MetaCyc:CPD-8953@Charged	MetaCyc:CPD-8953	MetaCyc:CPD-8953	EQ	eQuilibrator:MNXM8072	MetaCyc:CPD-8953@Charged	eQuilibrator:MNXM8072
cpd25509	MetaCyc:CPD-8954@Charged	MetaCyc:CPD-8954@Charged	MetaCyc:CPD-8954@Charged	MetaCyc:CPD-8954@Charged	MetaCyc:CPD-8954	MetaCyc:CPD-8954	EQ	eQuilibrator:MNXM10072	MetaCyc:CPD-8954@Charged	eQuilibrator:MNXM10072
cpd25510	MetaCyc:CPD-8955@Charged	MetaCyc:CPD-8955@Charged	MetaCyc:CPD-8955@Charged	MetaCyc:CPD-8955@Charged	MetaCyc:CPD-8955	MetaCyc:CPD-8955	EQ	eQuilibrator:MNXM14128	MetaCyc:CPD-8955@Charged	eQuilibrator:MNXM14128
cpd25511	MetaCyc:CPD-8956@Charged	MetaCyc:CPD-8956@Charged	MetaCyc:CPD-8956@Charged	MetaCyc:CPD-8956@Charged	MetaCyc:CPD-8956	MetaCyc:CPD-8956	EQ	eQuilibrator:MNXM9767	MetaCyc:CPD-8956@Charged	eQuilibrator:MNXM9767
cpd25512	MetaCyc:CPD-8957@Charged	MetaCyc:CPD-8957@Charged	MetaCyc:CPD-8957@Charged	MetaCyc:CPD-8957@Charged	MetaCyc:CPD-8957	MetaCyc:CPD-8957	EQ	eQuilibrator:MNXM14609	MetaCyc:CPD-8957@Charged	eQuilibrator:MNXM14609
cpd25513	MetaCyc:CPD-8960	MetaCyc:CPD-8960	MetaCyc:CPD-8960	MetaCyc:CPD-8960	MetaCyc:CPD-8960	MetaCyc:CPD-8960	GC	MetaCyc:CPD-8960@Charged	MetaCyc:CPD-8960@Charged	eQuilibrator:MNXM13300
cpd25514	MetaCyc:CPD-8962	MetaCyc:CPD-8962	MetaCyc:CPD-8962	MetaCyc:CPD-8962	MetaCyc:CPD-8962	MetaCyc:CPD-8962	GC	MetaCyc:CPD-8962@Charged	MetaCyc:CPD-8962@Charged	
cpd25515	MetaCyc:CPD-8974	MetaCyc:CPD-8974	MetaCyc:CPD-8974	MetaCyc:CPD-8974	MetaCyc:CPD-8974		GC	MetaCyc:CPD-8974@Charged	MetaCyc:CPD-8974@Charged	
cpd25516	MetaCyc:CPD-17774;MetaCyc:CPD-8976	MetaCyc:CPD-17774;MetaCyc:CPD-8976	MetaCyc:CPD-17774;MetaCyc:CPD-8976	MetaCyc:CPD-17774;MetaCyc:CPD-8976	MetaCyc:CPD-17774	MetaCyc:CPD-17774	EQ	eQuilibrator:MNXM36017	MetaCyc:CPD-17774@Charged	eQuilibrator:MNXM36017
cpd25517	MetaCyc:CPD-8978	MetaCyc:CPD-8978	MetaCyc:CPD-8978	MetaCyc:CPD-8978	MetaCyc:CPD-8978		EQ	eQuilibrator:MNXM11529	MetaCyc:CPD-8978@Charged	eQuilibrator:MNXM11529
cpd25518	MetaCyc:CPD-8979	MetaCyc:CPD-8979	MetaCyc:CPD-8979	MetaCyc:CPD-8979	MetaCyc:CPD-8979	MetaCyc:CPD-8979	EQ	eQuilibrator:MNXM21908	MetaCyc:CPD-8979@Charged	eQuilibrator:MNXM21908
cpd25519	MetaCyc:CPD-8980	MetaCyc:CPD-8980	MetaCyc:CPD-8980	MetaCyc:CPD-8980	MetaCyc:CPD-8980	MetaCyc:CPD-8980	EQ	eQuilibrator:MNXM12493	MetaCyc:CPD-8980@Charged	eQuilibrator:MNXM12493
cpd25520	MetaCyc:CPD-8982	MetaCyc:CPD-8982	MetaCyc:CPD-8982	MetaCyc:CPD-8982@Charged	MetaCyc:CPD-8982	MetaCyc:CPD-8982	EQ	eQuilibrator:MNXM65074	MetaCyc:CPD-8982@Charged	eQuilibrator:MNXM65074
cpd25521	MetaCyc:CPD-8983	MetaCyc:CPD-8983	MetaCyc:CPD-8983	MetaCyc:CPD-8983			GC	MetaCyc:CPD-8983@Charged	MetaCyc:CPD-8983@Charged	eQuilibrator:MNXM32783
cpd25522	MetaCyc:CPD-9004	MetaCyc:CPD-9004	MetaCyc:CPD-9004	MetaCyc:CPD-9004	MetaCyc:CPD-9004	MetaCyc:CPD-9004	EQ		MetaCyc:CPD-9004@Charged	
cpd25523	MetaCyc:CPD-9005	MetaCyc:CPD-9005	MetaCyc:CPD-9005	MetaCyc:CPD-9005	MetaCyc:CPD-9005	MetaCyc:CPD-9005	EQ	eQuilibrator:MNXM1409	MetaCyc:CPD-9005@Charged	eQuilibrator:MNXM1409
cpd25524	MetaCyc:CPD-9010@Charged	MetaCyc:CPD-9010@Charged	MetaCyc:CPD-9010@Charged	MetaCyc:CPD-9010@Charged	MetaCyc:CPD-9010		GC	MetaCyc:CPD-9010@Charged	MetaCyc:CPD-9010@Charged	
cpd25525	MetaCyc:CPD-9012	MetaCyc:CPD-9012	MetaCyc:CPD-9012	MetaCyc:CPD-9012@Charged	MetaCyc:CPD-9012	MetaCyc:CPD-9012	GC	MetaCyc:CPD-9012@Charged	MetaCyc:CPD-9012@Charged	eQuilibrator:MNXM20001
cpd25526	MetaCyc:CPD-9013	MetaCyc:CPD-9013	MetaCyc:CPD-9013	MetaCyc:CPD-9013@Charged	MetaCyc:CPD-9013	MetaCyc:CPD-9013	GC	MetaCyc:CPD-9013@Charged	MetaCyc:CPD-9013@Charged	eQuilibrator:MNXM53776
cpd25527	MetaCyc:CPD-9014	MetaCyc:CPD-9014	MetaCyc:CPD-9014	MetaCyc:CPD-9014		MetaCyc:CPD-9014	EQ	eQuilibrator:MNXM53777	MetaCyc:CPD-9014@Charged	eQuilibrator:MNXM53777
cpd25528	MetaCyc:CPD-9015@Charged	MetaCyc:CPD-9015@Charged	MetaCyc:CPD-9015@Charged	MetaCyc:CPD-9015@Charged	MetaCyc:CPD-9015	MetaCyc:CPD-9015	EQ		MetaCyc:CPD-9015@Charged	
cpd25529	MetaCyc:CPD-9016;ChEBI:165832	MetaCyc:CPD-9016;ChEBI:165832	MetaCyc:CPD-9016;ChEBI:165832	MetaCyc:CPD-9016@Charged;ChEBI:165832@Charged	MetaCyc:CPD-9016	MetaCyc:CPD-9016	GC	MetaCyc:CPD-9016@Charged	MetaCyc:CPD-9016@Charged	
cpd25530	MetaCyc:CPD-9017	MetaCyc:CPD-9017	MetaCyc:CPD-9017	MetaCyc:CPD-9017@Charged	MetaCyc:CPD-9017	MetaCyc:CPD-9017	EQ	eQuilibrator:MNXM6975	MetaCyc:CPD-9017@Charged	eQuilibrator:MNXM6975
cpd25531	MetaCyc:CPD-9018@Charged	MetaCyc:CPD-9018@Charged	MetaCyc:CPD-9018@Charged	MetaCyc:CPD-9018@Charged	MetaCyc:CPD-9018	MetaCyc:CPD-9018	EQ		MetaCyc:CPD-9018@Charged	
cpd25532	MetaCyc:CPD-9019	MetaCyc:CPD-9019	MetaCyc:CPD-9019	MetaCyc:CPD-9019@Charged	MetaCyc:CPD-9019	MetaCyc:CPD-9019	GC	MetaCyc:CPD-9019@Charged	MetaCyc:CPD-9019@Charged	
cpd25533	MetaCyc:CPD-9020;ChEBI:85414	MetaCyc:CPD-9020;ChEBI:85414	MetaCyc:CPD-9020;ChEBI:85414	MetaCyc:CPD-9020@Charged;ChEBI:85414@Charged	MetaCyc:CPD-9020	MetaCyc:CPD-9020	GC	MetaCyc:CPD-9020@Charged	MetaCyc:CPD-9020@Charged	eQuilibrator:MNXM83928
cpd25534	MetaCyc:CPD-9023	MetaCyc:CPD-9023	MetaCyc:CPD-9023	MetaCyc:CPD-9023@Charged	MetaCyc:CPD-9023	MetaCyc:CPD-9023	GC	MetaCyc:CPD-9023@Charged	MetaCyc:CPD-9023@Charged	
cpd25535	MetaCyc:CPD-9024@Charged	MetaCyc:CPD-9024@Charged	MetaCyc:CPD-9024@Charged	MetaCyc:CPD-9024@Charged	MetaCyc:CPD-9024	MetaCyc:CPD-9024	GC	MetaCyc:CPD-9024@Charged	MetaCyc:CPD-9024@Charged	
cpd25536	MetaCyc:CPD-9026	MetaCyc:CPD-9026	MetaCyc:CPD-9026	MetaCyc:CPD-9026@Charged	MetaCyc:CPD-9026	MetaCyc:CPD-9026	EQ	eQuilibrator:MNXM35254	MetaCyc:CPD-9026@Charged	eQuilibrator:MNXM35254
cpd25537	MetaCyc:CPD-9029	MetaCyc:CPD-9029	MetaCyc:CPD-9029	MetaCyc:CPD-9029	MetaCyc:CPD-9029	MetaCyc:CPD-9029	EQ	eQuilibrator:MNXM12395	MetaCyc:CPD-9029@Charged	eQuilibrator:MNXM12395
cpd25538	MetaCyc:CPD-9030	MetaCyc:CPD-9030	MetaCyc:CPD-9030	MetaCyc:CPD-9030	MetaCyc:CPD-9030	MetaCyc:CPD-9030	EQ	eQuilibrator:MNXM38880	MetaCyc:CPD-9030@Charged	eQuilibrator:MNXM38880
cpd25539	MetaCyc:CPD-9039	MetaCyc:CPD-9039	MetaCyc:CPD-9039	MetaCyc:CPD-9039	MetaCyc:CPD-9039		GC	MetaCyc:CPD-9039@Charged	MetaCyc:CPD-9039@Charged	
cpd25540	MetaCyc:CPD-904;ChEBI:133743	MetaCyc:CPD-904;ChEBI:133743	MetaCyc:CPD-904;ChEBI:133743	MetaCyc:CPD-904;ChEBI:133743	MetaCyc:CPD-904	MetaCyc:CPD-904	EQ	eQuilibrator:MNXM12285	MetaCyc:CPD-904@Charged	eQuilibrator:MNXM12285
cpd25541	MetaCyc:CPD-9045@Charged;ChEBI:70792	MetaCyc:CPD-9045@Charged;ChEBI:70792	MetaCyc:CPD-9045@Charged;ChEBI:70792	MetaCyc:CPD-9045@Charged;ChEBI:70792	MetaCyc:CPD-9045		GC	MetaCyc:CPD-9045@Charged	MetaCyc:CPD-9045@Charged	
cpd25542	MetaCyc:CPD-9046	MetaCyc:CPD-9046	MetaCyc:CPD-9046	MetaCyc:CPD-9046		MetaCyc:CPD-9046	EQ	eQuilibrator:MNXM37090	MetaCyc:CPD-9046@Charged	eQuilibrator:MNXM37090
cpd25543	MetaCyc:CPD-9051	MetaCyc:CPD-9051	MetaCyc:CPD-9051	MetaCyc:CPD-9051	MetaCyc:CPD-9051	MetaCyc:CPD-9051	EQ	eQuilibrator:MNXM479114	MetaCyc:CPD-9051@Charged	eQuilibrator:MNXM479114
cpd25544	MetaCyc:CPD-9055	MetaCyc:CPD-9055	MetaCyc:CPD-9055	MetaCyc:CPD-9055	MetaCyc:CPD-9055	MetaCyc:CPD-9055	EQ	eQuilibrator:MNXM12065	MetaCyc:CPD-9055@Charged	eQuilibrator:MNXM12065
cpd25545	MetaCyc:CPD-9056	MetaCyc:CPD-9056	MetaCyc:CPD-9056	MetaCyc:CPD-9056	MetaCyc:CPD-9056	MetaCyc:CPD-9056	EQ	eQuilibrator:MNXM12066	MetaCyc:CPD-9056@Charged	eQuilibrator:MNXM12066
cpd25546	MetaCyc:CPD-9057;ChEBI:43003	MetaCyc:CPD-9057;ChEBI:43003	MetaCyc:CPD-9057;ChEBI:43003	MetaCyc:CPD-9057;ChEBI:43003	MetaCyc:CPD-9057	MetaCyc:CPD-9057	EQ	eQuilibrator:MNXM18347	MetaCyc:CPD-9057@Charged	eQuilibrator:MNXM18347
cpd25547	MetaCyc:CPD-9059	MetaCyc:CPD-9059	MetaCyc:CPD-9059	MetaCyc:CPD-9059		MetaCyc:CPD-9059	GC	MetaCyc:CPD-9059@Charged	MetaCyc:CPD-9059@Charged	eQuilibrator:MNXM35340
cpd25548	MetaCyc:CPD-9062	MetaCyc:CPD-9062	MetaCyc:CPD-9062	MetaCyc:CPD-9062	MetaCyc:CPD-9062	MetaCyc:CPD-9062	EQ	eQuilibrator:MNXM48555	MetaCyc:CPD-9062@Charged	eQuilibrator:MNXM48555
cpd25549	MetaCyc:CPD-9065@Charged	MetaCyc:CPD-9065@Charged		MetaCyc:CPD-9065@Charged	MetaCyc:CPD-9065	MetaCyc:CPD-9065	GC	MetaCyc:CPD-9065@Charged	MetaCyc:CPD-9065@Charged	
cpd25550	MetaCyc:CPD-9077	MetaCyc:CPD-9077	MetaCyc:CPD-9077	MetaCyc:CPD-9077	MetaCyc:CPD-9077	MetaCyc:CPD-9077	GC	MetaCyc:CPD-9077@Charged	MetaCyc:CPD-9077@Charged	eQuilibrator:MNXM32349
cpd25551	MetaCyc:CPD-9078	MetaCyc:CPD-9078	MetaCyc:CPD-9078	MetaCyc:CPD-9078	MetaCyc:CPD-9078	MetaCyc:CPD-9078	EQ	eQuilibrator:MNXM36075	MetaCyc:CPD-9078@Charged	eQuilibrator:MNXM36075
cpd25552	MetaCyc:CPD-9080	MetaCyc:CPD-9080	MetaCyc:CPD-9080	MetaCyc:CPD-9080	MetaCyc:CPD-9080	MetaCyc:CPD-9080	EQ	eQuilibrator:MNXM34472	MetaCyc:CPD-9080@Charged	eQuilibrator:MNXM34472
cpd25553	MetaCyc:CPD-9081	MetaCyc:CPD-9081	MetaCyc:CPD-9081	MetaCyc:CPD-9081	MetaCyc:CPD-9081	MetaCyc:CPD-9081	EQ	eQuilibrator:MNXM34473	MetaCyc:CPD-9081@Charged	eQuilibrator:MNXM34473
cpd25554	MetaCyc:CPD-9082	MetaCyc:CPD-9082	MetaCyc:CPD-9082	MetaCyc:CPD-9082		MetaCyc:CPD-9082	EQ	eQuilibrator:MNXM37353	MetaCyc:CPD-9082@Charged	eQuilibrator:MNXM37353
cpd25555	MetaCyc:CPD-9083	MetaCyc:CPD-9083		MetaCyc:CPD-9083	MetaCyc:CPD-9083	MetaCyc:CPD-9083	GC	MetaCyc:CPD-9083@Charged	MetaCyc:CPD-9083@Charged	
cpd25556	MetaCyc:CPD-9088@Charged	MetaCyc:CPD-9088@Charged		MetaCyc:CPD-9088@Charged	MetaCyc:CPD-9088	MetaCyc:CPD-9088	GC	MetaCyc:CPD-9088@Charged	MetaCyc:CPD-9088@Charged	
cpd25557	MetaCyc:CPD-9089@Charged	MetaCyc:CPD-9089@Charged		MetaCyc:CPD-9089@Charged	MetaCyc:CPD-9089	MetaCyc:CPD-9089	GC	MetaCyc:CPD-9089@Charged	MetaCyc:CPD-9089@Charged	
cpd25558	MetaCyc:CPD-9090@Charged	MetaCyc:CPD-9090@Charged		MetaCyc:CPD-9090@Charged	MetaCyc:CPD-9090	MetaCyc:CPD-9090	GC	MetaCyc:CPD-9090@Charged	MetaCyc:CPD-9090@Charged	
cpd25559	MetaCyc:CPD-9093@Charged	MetaCyc:CPD-9093@Charged		MetaCyc:CPD-9093@Charged	MetaCyc:CPD-9093	MetaCyc:CPD-9093	GC	MetaCyc:CPD-9093@Charged	MetaCyc:CPD-9093@Charged	
cpd25560	MetaCyc:CPD-9094@Charged	MetaCyc:CPD-9094@Charged		MetaCyc:CPD-9094@Charged	MetaCyc:CPD-9094	MetaCyc:CPD-9094	GC	MetaCyc:CPD-9094@Charged	MetaCyc:CPD-9094@Charged	
cpd25561	MetaCyc:CPD-9095@Charged	MetaCyc:CPD-9095@Charged		MetaCyc:CPD-9095@Charged	MetaCyc:CPD-9095	MetaCyc:CPD-9095	GC	MetaCyc:CPD-9095@Charged	MetaCyc:CPD-9095@Charged	
cpd25562	MetaCyc:CPD-9096@Charged	MetaCyc:CPD-9096@Charged	MetaCyc:CPD-9096@Charged	MetaCyc:CPD-9096@Charged	MetaCyc:CPD-9096	MetaCyc:CPD-9096	GC	MetaCyc:CPD-9096@Charged	MetaCyc:CPD-9096@Charged	
cpd25563	MetaCyc:CPD-9098@Charged	MetaCyc:CPD-9098@Charged	MetaCyc:CPD-9098@Charged	MetaCyc:CPD-9098@Charged	MetaCyc:CPD-9098	MetaCyc:CPD-9098	GC	MetaCyc:CPD-9098@Charged	MetaCyc:CPD-9098@Charged	
cpd25564	MetaCyc:CPD-9099@Charged	MetaCyc:CPD-9099@Charged	MetaCyc:CPD-9099@Charged	MetaCyc:CPD-9099@Charged	MetaCyc:CPD-9099	MetaCyc:CPD-9099	GC	MetaCyc:CPD-9099@Charged	MetaCyc:CPD-9099@Charged	
cpd25565	MetaCyc:CPD-9100@Charged	MetaCyc:CPD-9100@Charged	MetaCyc:CPD-9100@Charged	MetaCyc:CPD-9100@Charged	MetaCyc:CPD-9100	MetaCyc:CPD-9100	GC	MetaCyc:CPD-9100@Charged	MetaCyc:CPD-9100@Charged	
cpd25566	MetaCyc:CPD-9101	MetaCyc:CPD-9101	MetaCyc:CPD-9101	MetaCyc:CPD-9101	MetaCyc:CPD-9101	MetaCyc:CPD-9101	EQ	eQuilibrator:MNXM13506	MetaCyc:CPD-9101@Charged	eQuilibrator:MNXM13506
cpd25567	MetaCyc:CPD-9102	MetaCyc:CPD-9102	MetaCyc:CPD-9102	MetaCyc:CPD-9102	MetaCyc:CPD-9102	MetaCyc:CPD-9102	EQ	eQuilibrator:MNXM30559	MetaCyc:CPD-9102@Charged	eQuilibrator:MNXM30559
cpd25568										
cpd25569	MetaCyc:CPD-24204;MetaCyc:CPD-9111	MetaCyc:CPD-24204;MetaCyc:CPD-9111	MetaCyc:CPD-24204;MetaCyc:CPD-9111	MetaCyc:CPD-24204;MetaCyc:CPD-9111			EQ	eQuilibrator:MNXM45034	MetaCyc:CPD-9111@Charged	eQuilibrator:MNXM45034
cpd25570	MetaCyc:CPD-9115	MetaCyc:CPD-9115	MetaCyc:CPD-9115	MetaCyc:CPD-9115	MetaCyc:CPD-9115	MetaCyc:CPD-9115	GC	MetaCyc:CPD-9115@Charged	MetaCyc:CPD-9115@Charged	eQuilibrator:MNXM65184
cpd25571	MetaCyc:CPD-9117	MetaCyc:CPD-9117	MetaCyc:CPD-9117	MetaCyc:CPD-9117	MetaCyc:CPD-9117	MetaCyc:CPD-9117	GC	MetaCyc:CPD-9117@Charged	MetaCyc:CPD-9117@Charged	
cpd25572	MetaCyc:CPD-9130	MetaCyc:CPD-9130	MetaCyc:CPD-9130	MetaCyc:CPD-9130	MetaCyc:CPD-9130	MetaCyc:CPD-9130	EQ	eQuilibrator:MNXM34869	MetaCyc:CPD-9130@Charged	eQuilibrator:MNXM34869
cpd25573	MetaCyc:CPD-9131	MetaCyc:CPD-9131	MetaCyc:CPD-9131	MetaCyc:CPD-9131	MetaCyc:CPD-9131	MetaCyc:CPD-9131	EQ	eQuilibrator:MNXM34836	MetaCyc:CPD-9131@Charged	eQuilibrator:MNXM34836
cpd25574	MetaCyc:CPD-9139	MetaCyc:CPD-9139	MetaCyc:CPD-9139	MetaCyc:CPD-9139		MetaCyc:CPD-9139	GC	MetaCyc:CPD-9139@Charged	MetaCyc:CPD-9139@Charged	
cpd25575	MetaCyc:CPD-9140@Charged	MetaCyc:CPD-9140@Charged	MetaCyc:CPD-9140@Charged	MetaCyc:CPD-9140@Charged	MetaCyc:CPD-9140	MetaCyc:CPD-9140	GC	MetaCyc:CPD-9140@Charged	MetaCyc:CPD-9140@Charged	
cpd25576	MetaCyc:CPD-9142;ChEBI:142280	MetaCyc:CPD-9142;ChEBI:142280	MetaCyc:CPD-9142;ChEBI:142280	MetaCyc:CPD-9142;ChEBI:142280	MetaCyc:CPD-9142	MetaCyc:CPD-9142	GC	MetaCyc:CPD-9142@Charged	MetaCyc:CPD-9142@Charged	
cpd25577	MetaCyc:CPD-9143@Charged	MetaCyc:CPD-9143@Charged	MetaCyc:CPD-9143@Charged	MetaCyc:CPD-9143@Charged	MetaCyc:CPD-9143	MetaCyc:CPD-9143	GC	MetaCyc:CPD-9143@Charged	MetaCyc:CPD-9143@Charged	
cpd25578	MetaCyc:CPD-9144@Charged	MetaCyc:CPD-9144@Charged	MetaCyc:CPD-9144@Charged	MetaCyc:CPD-9144@Charged	MetaCyc:CPD-9144	MetaCyc:CPD-9144	GC	MetaCyc:CPD-9144@Charged	MetaCyc:CPD-9144@Charged	
cpd25579	MetaCyc:CPD-9146	MetaCyc:CPD-9146	MetaCyc:CPD-9146	MetaCyc:CPD-9146	MetaCyc:CPD-9146	MetaCyc:CPD-9146	GC	MetaCyc:CPD-9146@Charged	MetaCyc:CPD-9146@Charged	eQuilibrator:MNXM10201
cpd25580	MetaCyc:CPD-9147	MetaCyc:CPD-9147	MetaCyc:CPD-9147	MetaCyc:CPD-9147	MetaCyc:CPD-9147	MetaCyc:CPD-9147	EQ	eQuilibrator:MNXM10361	MetaCyc:CPD-9147@Charged	eQuilibrator:MNXM10361
cpd25581	MetaCyc:CPD-9148@Charged	MetaCyc:CPD-9148@Charged	MetaCyc:CPD-9148@Charged	MetaCyc:CPD-9148@Charged	MetaCyc:CPD-9148	MetaCyc:CPD-9148	EQ	eQuilibrator:MNXM8052	MetaCyc:CPD-9148@Charged	eQuilibrator:MNXM8052
cpd25582	MetaCyc:CPD-9149	MetaCyc:CPD-9149	MetaCyc:CPD-9149	MetaCyc:CPD-9149	MetaCyc:CPD-9149	MetaCyc:CPD-9149	EQ	eQuilibrator:MNXM14902	MetaCyc:CPD-9149@Charged	eQuilibrator:MNXM14902
cpd25583	MetaCyc:CPD-9150@Charged	MetaCyc:CPD-9150@Charged	MetaCyc:CPD-9150@Charged	MetaCyc:CPD-9150@Charged	MetaCyc:CPD-9150	MetaCyc:CPD-9150	EQ	eQuilibrator:MNXM9794	MetaCyc:CPD-9150@Charged	eQuilibrator:MNXM9794
cpd25584	MetaCyc:CPD-9155	MetaCyc:CPD-9155	MetaCyc:CPD-9155	MetaCyc:CPD-9155		MetaCyc:CPD-9155	GC	MetaCyc:CPD-9155@Charged	MetaCyc:CPD-9155@Charged	
cpd25585	MetaCyc:CPD-9156	MetaCyc:CPD-9156	MetaCyc:CPD-9156	MetaCyc:CPD-9156	MetaCyc:CPD-9156	MetaCyc:CPD-9156	GC	MetaCyc:CPD-9156@Charged	MetaCyc:CPD-9156@Charged	eQuilibrator:MNXM9608
cpd25586	MetaCyc:CPD-9158;KEGG:C20669;ChEBI:75051	MetaCyc:CPD-9158;KEGG:C20669;ChEBI:75051	MetaCyc:CPD-9158;KEGG:C20669;ChEBI:75051	MetaCyc:CPD-9158;KEGG:C20669;ChEBI:75051	KEGG:C20669	KEGG:C20669	EQ	eQuilibrator:MNXM9792	KEGG:C20669@Charged	eQuilibrator:MNXM9792
cpd25587	MetaCyc:CPD-9159@Charged	MetaCyc:CPD-9159@Charged	MetaCyc:CPD-9159@Charged	MetaCyc:CPD-9159@Charged	MetaCyc:CPD-9159	MetaCyc:CPD-9159	EQ		MetaCyc:CPD-9159@Charged	
cpd25588	MetaCyc:CPD-9160@Charged	MetaCyc:CPD-9160@Charged	MetaCyc:CPD-9160@Charged	MetaCyc:CPD-9160@Charged	MetaCyc:CPD-9160	MetaCyc:CPD-9160	GC	MetaCyc:CPD-9160@Charged	MetaCyc:CPD-9160@Charged	eQuilibrator:MNXM9790
cpd25589	MetaCyc:CPD-9161@Charged;KEGG:C20670;ChEBI:75057	MetaCyc:CPD-9161@Charged;KEGG:C20670;ChEBI:75057	MetaCyc:CPD-9161@Charged;KEGG:C20670;ChEBI:75057	MetaCyc:CPD-9161@Charged;KEGG:C20670@Charged;ChEBI:75057	KEGG:C20670	KEGG:C20670	GC	KEGG:C20670@Charged	KEGG:C20670@Charged	eQuilibrator:MNXM9791
cpd25590	MetaCyc:CPD-9162@Charged	MetaCyc:CPD-9162@Charged	MetaCyc:CPD-9162@Charged	MetaCyc:CPD-9162@Charged	MetaCyc:CPD-9162		GC	MetaCyc:CPD-9162@Charged	MetaCyc:CPD-9162@Charged	
cpd25591	MetaCyc:CPD-9165	MetaCyc:CPD-9165	MetaCyc:CPD-9165	MetaCyc:CPD-9165	MetaCyc:CPD-9165	MetaCyc:CPD-9165	EQ	eQuilibrator:MNXM722915	MetaCyc:CPD-9165@Charged	eQuilibrator:MNXM722915
cpd25592	MetaCyc:CPD-9166	MetaCyc:CPD-9166	MetaCyc:CPD-9166	MetaCyc:CPD-9166	MetaCyc:CPD-9166	MetaCyc:CPD-9166	EQ	eQuilibrator:MNXM9881	MetaCyc:CPD-9166@Charged	eQuilibrator:MNXM9881
cpd25593	MetaCyc:CPD-9167;ChEBI:64011	MetaCyc:CPD-9167;ChEBI:64011	MetaCyc:CPD-9167;ChEBI:64011	MetaCyc:CPD-9167;ChEBI:64011	MetaCyc:CPD-9167		EQ	eQuilibrator:MNXM656	MetaCyc:CPD-9167@Charged	eQuilibrator:MNXM656
cpd25594										
cpd25595	MetaCyc:CPD-9172	MetaCyc:CPD-9172	MetaCyc:CPD-9172	MetaCyc:CPD-9172	MetaCyc:CPD-9172		EQ	eQuilibrator:MNXM37441	MetaCyc:CPD-9172@Charged	eQuilibrator:MNXM37441
cpd25596	MetaCyc:CPD-9174	MetaCyc:CPD-9174	MetaCyc:CPD-9174	MetaCyc:CPD-9174	MetaCyc:CPD-9174		EQ	eQuilibrator:MNXM32351	MetaCyc:CPD-9174@Charged	eQuilibrator:MNXM32351
cpd25597	MetaCyc:CPD-9180	MetaCyc:CPD-9180	MetaCyc:CPD-9180	MetaCyc:CPD-9180	MetaCyc:CPD-9180	MetaCyc:CPD-9180	EQ	eQuilibrator:MNXM64028	MetaCyc:CPD-9180@Charged	eQuilibrator:MNXM64028
cpd25598	MetaCyc:CPD-9181	MetaCyc:CPD-9181	MetaCyc:CPD-9181	MetaCyc:CPD-9181	MetaCyc:CPD-9181	MetaCyc:CPD-9181	EQ	eQuilibrator:MNXM64913	MetaCyc:CPD-9181@Charged	eQuilibrator:MNXM64913
cpd25599	MetaCyc:CPD-9183	MetaCyc:CPD-9183	MetaCyc:CPD-9183	MetaCyc:CPD-9183	MetaCyc:CPD-9183	MetaCyc:CPD-9183	EQ	eQuilibrator:MNXM64886	MetaCyc:CPD-9183@Charged	eQuilibrator:MNXM64886
cpd25600	MetaCyc:CPD-9187	MetaCyc:CPD-9187	MetaCyc:CPD-9187	MetaCyc:CPD-9187	MetaCyc:CPD-9187	MetaCyc:CPD-9187	EQ		MetaCyc:CPD-9187@Charged	
cpd25601	MetaCyc:CPD-9188	MetaCyc:CPD-9188	MetaCyc:CPD-9188	MetaCyc:CPD-9188	MetaCyc:CPD-9188	MetaCyc:CPD-9188	GC	MetaCyc:CPD-9188@Charged	MetaCyc:CPD-9188@Charged	
cpd25602	MetaCyc:CPD-9197	MetaCyc:CPD-9197	MetaCyc:CPD-9197	MetaCyc:CPD-9197		MetaCyc:CPD-9197	EQ	eQuilibrator:MNXM37158	MetaCyc:CPD-9197@Charged	eQuilibrator:MNXM37158
cpd25603	MetaCyc:CPD-9207	MetaCyc:CPD-9207	MetaCyc:CPD-9207	MetaCyc:CPD-9207	MetaCyc:CPD-9207	MetaCyc:CPD-9207	EQ	eQuilibrator:MNXM6006	MetaCyc:CPD-9207@Charged	eQuilibrator:MNXM6006
cpd25604	MetaCyc:CPD-9208	MetaCyc:CPD-9208	MetaCyc:CPD-9208	MetaCyc:CPD-9208	MetaCyc:CPD-9208	MetaCyc:CPD-9208	GC	MetaCyc:CPD-9208@Charged	MetaCyc:CPD-9208@Charged	eQuilibrator:MNXM36440
cpd25605	MetaCyc:CPD-9211	MetaCyc:CPD-9211	MetaCyc:CPD-9211	MetaCyc:CPD-9211	MetaCyc:CPD-9211	MetaCyc:CPD-9211	GC	MetaCyc:CPD-9211@Charged	MetaCyc:CPD-9211@Charged	
cpd25606	MetaCyc:CPD-9212	MetaCyc:CPD-9212	MetaCyc:CPD-9212	MetaCyc:CPD-9212	MetaCyc:CPD-9212	MetaCyc:CPD-9212	GC	MetaCyc:CPD-9212@Charged	MetaCyc:CPD-9212@Charged	eQuilibrator:MNXM13302
cpd25607	MetaCyc:CPD-9213	MetaCyc:CPD-9213	MetaCyc:CPD-9213	MetaCyc:CPD-9213	MetaCyc:CPD-9213	MetaCyc:CPD-9213	GC	MetaCyc:CPD-9213@Charged	MetaCyc:CPD-9213@Charged	
cpd25608	MetaCyc:CPD-9215	MetaCyc:CPD-9215	MetaCyc:CPD-9215	MetaCyc:CPD-9215	MetaCyc:CPD-9215	MetaCyc:CPD-9215	GC	MetaCyc:CPD-9215@Charged	MetaCyc:CPD-9215@Charged	eQuilibrator:MNXM13288
cpd25609	MetaCyc:CPD-9216;ChEBI:166997	MetaCyc:CPD-9216;ChEBI:166997	MetaCyc:CPD-9216;ChEBI:166997	MetaCyc:CPD-9216;ChEBI:166997	MetaCyc:CPD-9216	MetaCyc:CPD-9216	GC	MetaCyc:CPD-9216@Charged	MetaCyc:CPD-9216@Charged	
cpd25610	MetaCyc:CPD-9222	MetaCyc:CPD-9222	MetaCyc:CPD-9222	MetaCyc:CPD-9222	MetaCyc:CPD-9222	MetaCyc:CPD-9222	GC	MetaCyc:CPD-9222@Charged	MetaCyc:CPD-9222@Charged	eQuilibrator:MNXM159612
cpd25611	MetaCyc:CPD-9223	MetaCyc:CPD-9223		MetaCyc:CPD-9223	MetaCyc:CPD-9223	MetaCyc:CPD-9223	GC	MetaCyc:CPD-9223@Charged	MetaCyc:CPD-9223@Charged	
cpd25612	MetaCyc:CPD-9230@Charged	MetaCyc:CPD-9230@Charged	MetaCyc:CPD-9230@Charged	MetaCyc:CPD-9230@Charged	MetaCyc:CPD-9230	MetaCyc:CPD-9230	GC	MetaCyc:CPD-9230@Charged	MetaCyc:CPD-9230@Charged	
cpd25613	MetaCyc:CPD-9234@Charged	MetaCyc:CPD-9234@Charged	MetaCyc:CPD-9234@Charged	MetaCyc:CPD-9234@Charged	MetaCyc:CPD-9234	MetaCyc:CPD-9234	GC	MetaCyc:CPD-9234@Charged	MetaCyc:CPD-9234@Charged	
cpd25614	MetaCyc:CPD-9236	MetaCyc:CPD-9236	MetaCyc:CPD-9236	MetaCyc:CPD-9236	MetaCyc:CPD-9236	MetaCyc:CPD-9236	GC	MetaCyc:CPD-9236@Charged	MetaCyc:CPD-9236@Charged	eQuilibrator:MNXM38955
cpd25615	MetaCyc:CPD-9247;ChEBI:30827	MetaCyc:CPD-9247;ChEBI:30827	MetaCyc:CPD-9247;ChEBI:30827	MetaCyc:CPD-9247;ChEBI:30827	MetaCyc:CPD-9247		GC	MetaCyc:CPD-9247@Charged	MetaCyc:CPD-9247@Charged	
cpd25616	MetaCyc:CPD-9249@Charged;ChEBI:67988@Charged	MetaCyc:CPD-9249@Charged;ChEBI:67988@Charged	MetaCyc:CPD-9249@Charged;ChEBI:67988@Charged	MetaCyc:CPD-9249@Charged;ChEBI:67988@Charged	MetaCyc:CPD-9249	MetaCyc:CPD-9249	GC	MetaCyc:CPD-9249@Charged	MetaCyc:CPD-9249@Charged	
cpd25617	MetaCyc:CPD-925	MetaCyc:CPD-925	MetaCyc:CPD-925	MetaCyc:CPD-925	MetaCyc:CPD-925	MetaCyc:CPD-925	GC	MetaCyc:CPD-925@Charged	MetaCyc:CPD-925@Charged	
cpd25618	MetaCyc:CPD-9250@Charged;ChEBI:67989@Charged	MetaCyc:CPD-9250@Charged;ChEBI:67989@Charged	MetaCyc:CPD-9250@Charged;ChEBI:67989@Charged	MetaCyc:CPD-9250@Charged;ChEBI:67989@Charged	MetaCyc:CPD-9250	MetaCyc:CPD-9250	GC	MetaCyc:CPD-9250@Charged	MetaCyc:CPD-9250@Charged	
cpd25619	MetaCyc:CPD-9260	MetaCyc:CPD-9260	MetaCyc:CPD-9260	MetaCyc:CPD-9260	MetaCyc:CPD-9260	MetaCyc:CPD-9260	EQ	eQuilibrator:MNXM3239	MetaCyc:CPD-9260@Charged	eQuilibrator:MNXM3239
cpd25620	MetaCyc:CPD-9266@Charged	MetaCyc:CPD-9266@Charged		MetaCyc:CPD-9266@Charged			GC	MetaCyc:CPD-9266@Charged	MetaCyc:CPD-9266@Charged	
cpd25621	MetaCyc:CPD-9273;ChEBI:138314	MetaCyc:CPD-9273;ChEBI:138314	MetaCyc:CPD-9273;ChEBI:138314	MetaCyc:CPD-9273;ChEBI:138314	MetaCyc:CPD-9273	MetaCyc:CPD-9273	GC	MetaCyc:CPD-9273@Charged	MetaCyc:CPD-9273@Charged	eQuilibrator:MNXM8279
cpd25622	MetaCyc:CPD-9277	MetaCyc:CPD-9277	MetaCyc:CPD-9277	MetaCyc:CPD-9277	MetaCyc:CPD-9277	MetaCyc:CPD-9277	GC	MetaCyc:CPD-9277@Charged	MetaCyc:CPD-9277@Charged	
cpd25623	MetaCyc:CPD-9278	MetaCyc:CPD-9278	MetaCyc:CPD-9278	MetaCyc:CPD-9278	MetaCyc:CPD-9278	MetaCyc:CPD-9278	GC	MetaCyc:CPD-9278@Charged	MetaCyc:CPD-9278@Charged	
cpd25624	MetaCyc:CPD-9280	MetaCyc:CPD-9280	MetaCyc:CPD-9280	MetaCyc:CPD-9280	MetaCyc:CPD-9280	MetaCyc:CPD-9280	GC	MetaCyc:CPD-9280@Charged	MetaCyc:CPD-9280@Charged	
cpd25625	MetaCyc:CPD-9284	MetaCyc:CPD-9284	MetaCyc:CPD-9284	MetaCyc:CPD-9284			EQ	eQuilibrator:MNXM725072	MetaCyc:CPD-9284@Charged	eQuilibrator:MNXM725072
cpd25626	MetaCyc:CPD-9285	MetaCyc:CPD-9285	MetaCyc:CPD-9285	MetaCyc:CPD-9285			EQ	eQuilibrator:MNXM73202	MetaCyc:CPD-9285@Charged	eQuilibrator:MNXM73202
cpd25627	MetaCyc:CPD-9286	MetaCyc:CPD-9286	MetaCyc:CPD-9286	MetaCyc:CPD-9286			EQ	eQuilibrator:MNXM56143	MetaCyc:CPD-9286@Charged	eQuilibrator:MNXM56143
cpd25628	MetaCyc:CPD-9287	MetaCyc:CPD-9287	MetaCyc:CPD-9287	MetaCyc:CPD-9287			EQ	eQuilibrator:MNXM724551	MetaCyc:CPD-9287@Charged	eQuilibrator:MNXM724551
cpd25629	MetaCyc:CPD-9289	MetaCyc:CPD-9289	MetaCyc:CPD-9289	MetaCyc:CPD-9289			EQ	eQuilibrator:MNXM725834	MetaCyc:CPD-9289@Charged	eQuilibrator:MNXM725834
cpd25630	MetaCyc:CPD-9291	MetaCyc:CPD-9291	MetaCyc:CPD-9291	MetaCyc:CPD-9291@Charged	MetaCyc:CPD-9291	MetaCyc:CPD-9291	EQ	eQuilibrator:MNXM63032	MetaCyc:CPD-9291@Charged	eQuilibrator:MNXM63032
cpd25631	MetaCyc:CPD-9292	MetaCyc:CPD-9292	MetaCyc:CPD-9292	MetaCyc:CPD-9292	MetaCyc:CPD-9292	MetaCyc:CPD-9292	EQ		MetaCyc:CPD-9292@Charged	
cpd25632	MetaCyc:CPD-9293	MetaCyc:CPD-9293	MetaCyc:CPD-9293	MetaCyc:CPD-9293			GC	MetaCyc:CPD-9293@Charged	MetaCyc:CPD-9293@Charged	
cpd25633	MetaCyc:CPD-9294	MetaCyc:CPD-9294	MetaCyc:CPD-9294	MetaCyc:CPD-9294	MetaCyc:CPD-9294	MetaCyc:CPD-9294	GC	MetaCyc:CPD-9294@Charged	MetaCyc:CPD-9294@Charged	
cpd25634	MetaCyc:CPD-9295	MetaCyc:CPD-9295	MetaCyc:CPD-9295	MetaCyc:CPD-9295			GC	MetaCyc:CPD-9295@Charged	MetaCyc:CPD-9295@Charged	eQuilibrator:MNXM14360
cpd25635	MetaCyc:CPD-9296	MetaCyc:CPD-9296	MetaCyc:CPD-9296	MetaCyc:CPD-9296			EQ	eQuilibrator:MNXM14643	MetaCyc:CPD-9296@Charged	eQuilibrator:MNXM14643
cpd25636	MetaCyc:CPD-9300;ChEBI:156145	MetaCyc:CPD-9300;ChEBI:156145	MetaCyc:CPD-9300;ChEBI:156145	MetaCyc:CPD-9300;ChEBI:156145	MetaCyc:CPD-9300	MetaCyc:CPD-9300	EQ	eQuilibrator:MNXM11532	MetaCyc:CPD-9300@Charged	eQuilibrator:MNXM11532
cpd25637	MetaCyc:CPD-9304;ChEBI:183057	MetaCyc:CPD-9304;ChEBI:183057	MetaCyc:CPD-9304;ChEBI:183057	MetaCyc:CPD-9304;ChEBI:183057	MetaCyc:CPD-9304	MetaCyc:CPD-9304	GC	MetaCyc:CPD-9304@Charged	MetaCyc:CPD-9304@Charged	eQuilibrator:MNXM8001
cpd25638	MetaCyc:CPD-9306;ChEBI:183507	MetaCyc:CPD-9306;ChEBI:183507	MetaCyc:CPD-9306;ChEBI:183507	MetaCyc:CPD-9306;ChEBI:183507		MetaCyc:CPD-9306	GC	MetaCyc:CPD-9306@Charged	MetaCyc:CPD-9306@Charged	
cpd25639	MetaCyc:CPD-9307	MetaCyc:CPD-9307	MetaCyc:CPD-9307	MetaCyc:CPD-9307	MetaCyc:CPD-9307	MetaCyc:CPD-9307	GC	MetaCyc:CPD-9307@Charged	MetaCyc:CPD-9307@Charged	
cpd25640	MetaCyc:CPD-9311	MetaCyc:CPD-9311	MetaCyc:CPD-9311	MetaCyc:CPD-9311	MetaCyc:CPD-9311	MetaCyc:CPD-9311	GC	MetaCyc:CPD-9311@Charged	MetaCyc:CPD-9311@Charged	eQuilibrator:MNXM17599
cpd25641	MetaCyc:CPD-9312	MetaCyc:CPD-9312	MetaCyc:CPD-9312	MetaCyc:CPD-9312			EQ	eQuilibrator:MNXM11523	MetaCyc:CPD-9312@Charged	eQuilibrator:MNXM11523
cpd25642	MetaCyc:CPD-9315	MetaCyc:CPD-9315	MetaCyc:CPD-9315	MetaCyc:CPD-9315			EQ	eQuilibrator:MNXM16976	MetaCyc:CPD-9315@Charged	eQuilibrator:MNXM16976
cpd25643	MetaCyc:CPD-9326	MetaCyc:CPD-9326	MetaCyc:CPD-9326	MetaCyc:CPD-9326	MetaCyc:CPD-9326	MetaCyc:CPD-9326	EQ	eQuilibrator:MNXM149105	MetaCyc:CPD-9326@Charged	eQuilibrator:MNXM149105
cpd25644	MetaCyc:CPD-9330	MetaCyc:CPD-9330	MetaCyc:CPD-9330	MetaCyc:CPD-9330	MetaCyc:CPD-9330	MetaCyc:CPD-9330	EQ	eQuilibrator:MNXM64952	MetaCyc:CPD-9330@Charged	eQuilibrator:MNXM64952
cpd25645	MetaCyc:CPD-9332	MetaCyc:CPD-9332	MetaCyc:CPD-9332	MetaCyc:CPD-9332	MetaCyc:CPD-9332	MetaCyc:CPD-9332	EQ	eQuilibrator:MNXM64953	MetaCyc:CPD-9332@Charged	eQuilibrator:MNXM64953
cpd25646	MetaCyc:CPD-9333	MetaCyc:CPD-9333	MetaCyc:CPD-9333	MetaCyc:CPD-9333	MetaCyc:CPD-9333	MetaCyc:CPD-9333	EQ	eQuilibrator:MNXM56623	MetaCyc:CPD-9333@Charged	eQuilibrator:MNXM56623
cpd25647	MetaCyc:CPD-9334	MetaCyc:CPD-9334	MetaCyc:CPD-9334	MetaCyc:CPD-9334	MetaCyc:CPD-9334	MetaCyc:CPD-9334	GC	MetaCyc:CPD-9334@Charged	MetaCyc:CPD-9334@Charged	eQuilibrator:MNXM38039
cpd25648	MetaCyc:CPD-9335	MetaCyc:CPD-9335	MetaCyc:CPD-9335	MetaCyc:CPD-9335@Charged	MetaCyc:CPD-9335	MetaCyc:CPD-9335	GC	MetaCyc:CPD-9335@Charged	MetaCyc:CPD-9335@Charged	
cpd25649	MetaCyc:CPD-9336	MetaCyc:CPD-9336	MetaCyc:CPD-9336	MetaCyc:CPD-9336@Charged	MetaCyc:CPD-9336	MetaCyc:CPD-9336	GC	MetaCyc:CPD-9336@Charged	MetaCyc:CPD-9336@Charged	
cpd25650	MetaCyc:CPD-9338	MetaCyc:CPD-9338	MetaCyc:CPD-9338	MetaCyc:CPD-9338			EQ	eQuilibrator:MNXM13800	MetaCyc:CPD-9338@Charged	eQuilibrator:MNXM13800
cpd25651	MetaCyc:CPD-9345	MetaCyc:CPD-9345	MetaCyc:CPD-9345	MetaCyc:CPD-9345	MetaCyc:CPD-9345	MetaCyc:CPD-9345	GC	MetaCyc:CPD-9345@Charged	MetaCyc:CPD-9345@Charged	
cpd25652	MetaCyc:CPD-9346	MetaCyc:CPD-9346	MetaCyc:CPD-9346	MetaCyc:CPD-9346	MetaCyc:CPD-9346	MetaCyc:CPD-9346	EQ		MetaCyc:CPD-9346@Charged	
cpd25653	MetaCyc:CPD-9357@Charged	MetaCyc:CPD-9357@Charged	MetaCyc:CPD-9357@Charged	MetaCyc:CPD-9357@Charged	MetaCyc:CPD-9357	MetaCyc:CPD-9357	GC	MetaCyc:CPD-9357@Charged	MetaCyc:CPD-9357@Charged	eQuilibrator:MNXM34483
cpd25654	MetaCyc:CPD-9358	MetaCyc:CPD-9358	MetaCyc:CPD-9358	MetaCyc:CPD-9358	MetaCyc:CPD-9358	MetaCyc:CPD-9358	GC	MetaCyc:CPD-9358@Charged	MetaCyc:CPD-9358@Charged	eQuilibrator:MNXM723456
cpd25655	MetaCyc:CPD-9368	MetaCyc:CPD-9368	MetaCyc:CPD-9368	MetaCyc:CPD-9368@Charged	MetaCyc:CPD-9368	MetaCyc:CPD-9368	GC	MetaCyc:CPD-9368@Charged	MetaCyc:CPD-9368@Charged	eQuilibrator:MNXM14249
cpd25656	MetaCyc:CPD-9372;ChEBI:85420	MetaCyc:CPD-9372;ChEBI:85420	MetaCyc:CPD-9372;ChEBI:85420	MetaCyc:CPD-9372;ChEBI:85420	MetaCyc:CPD-9372	MetaCyc:CPD-9372	EQ	eQuilibrator:MNXM13304	MetaCyc:CPD-9372@Charged	eQuilibrator:MNXM13304
cpd25657	MetaCyc:CPD-9373;ChEBI:85421	MetaCyc:CPD-9373;ChEBI:85421	MetaCyc:CPD-9373;ChEBI:85421	MetaCyc:CPD-9373;ChEBI:85421	MetaCyc:CPD-9373	MetaCyc:CPD-9373	EQ	eQuilibrator:MNXM13305	MetaCyc:CPD-9373@Charged	eQuilibrator:MNXM13305
cpd25658	MetaCyc:CPD-9374;ChEBI:85422	MetaCyc:CPD-9374;ChEBI:85422	MetaCyc:CPD-9374;ChEBI:85422	MetaCyc:CPD-9374;ChEBI:85422	MetaCyc:CPD-9374	MetaCyc:CPD-9374	EQ	eQuilibrator:MNXM8817	MetaCyc:CPD-9374@Charged	eQuilibrator:MNXM8817
cpd25659	MetaCyc:CPD-9375	MetaCyc:CPD-9375	MetaCyc:CPD-9375	MetaCyc:CPD-9375	MetaCyc:CPD-9375	MetaCyc:CPD-9375	EQ	eQuilibrator:MNXM12043	MetaCyc:CPD-9375@Charged	eQuilibrator:MNXM12043
cpd25660	MetaCyc:CPD-9376	MetaCyc:CPD-9376	MetaCyc:CPD-9376	MetaCyc:CPD-9376	MetaCyc:CPD-9376	MetaCyc:CPD-9376	EQ	eQuilibrator:MNXM9422	MetaCyc:CPD-9376@Charged	eQuilibrator:MNXM9422
cpd25661	MetaCyc:CPD-9379	MetaCyc:CPD-9379	MetaCyc:CPD-9379	MetaCyc:CPD-9379		MetaCyc:CPD-9379	EQ	eQuilibrator:MNXM78246	MetaCyc:CPD-9379@Charged	eQuilibrator:MNXM78246
cpd25662	MetaCyc:CPD-9382	MetaCyc:CPD-9382	MetaCyc:CPD-9382	MetaCyc:CPD-9382	MetaCyc:CPD-9382	MetaCyc:CPD-9382	EQ	eQuilibrator:MNXM21729	MetaCyc:CPD-9382@Charged	eQuilibrator:MNXM21729
cpd25663	MetaCyc:CPD-9383@Charged	MetaCyc:CPD-9383@Charged	MetaCyc:CPD-9383@Charged	MetaCyc:CPD-9383@Charged		MetaCyc:CPD-9383	EQ	eQuilibrator:MNXM55343	MetaCyc:CPD-9383@Charged	eQuilibrator:MNXM55343
cpd25664	MetaCyc:CPD-9385	MetaCyc:CPD-9385	MetaCyc:CPD-9385	MetaCyc:CPD-9385	MetaCyc:CPD-9385	MetaCyc:CPD-9385	GC	MetaCyc:CPD-9385@Charged	MetaCyc:CPD-9385@Charged	
cpd25665	MetaCyc:CPD-9386	MetaCyc:CPD-9386	MetaCyc:CPD-9386	MetaCyc:CPD-9386	MetaCyc:CPD-9386	MetaCyc:CPD-9386	EQ	eQuilibrator:MNXM73399	MetaCyc:CPD-9386@Charged	eQuilibrator:MNXM73399
cpd25666	MetaCyc:CPD-9387;KEGG:C20638@Charged;ChEBI:73996	MetaCyc:CPD-9387;KEGG:C20638@Charged;ChEBI:73996	MetaCyc:CPD-9387;KEGG:C20638@Charged;ChEBI:73996	MetaCyc:CPD-9387;KEGG:C20638@Charged;ChEBI:73996	KEGG:C20638	KEGG:C20638	GC	KEGG:C20638@Charged	KEGG:C20638@Charged	eQuilibrator:MNXM18025
cpd25667	MetaCyc:CPD-9391;KEGG:C20613@Charged;ChEBI:73932	MetaCyc:CPD-9391;KEGG:C20613@Charged;ChEBI:73932	MetaCyc:CPD-9391;KEGG:C20613@Charged;ChEBI:73932	MetaCyc:CPD-9391;KEGG:C20613@Charged;ChEBI:73932	KEGG:C20613	KEGG:C20613	GC	KEGG:C20613@Charged	KEGG:C20613@Charged	eQuilibrator:MNXM18026
cpd25668	MetaCyc:CPD-9392;KEGG:C20612@Charged;ChEBI:73931	MetaCyc:CPD-9392;KEGG:C20612@Charged;ChEBI:73931	MetaCyc:CPD-9392;KEGG:C20612@Charged;ChEBI:73931	MetaCyc:CPD-9392;KEGG:C20612@Charged;ChEBI:73931	KEGG:C20612	KEGG:C20612	GC	KEGG:C20612@Charged	KEGG:C20612@Charged	eQuilibrator:MNXM11650
cpd25669	MetaCyc:CPD-9395	MetaCyc:CPD-9395	MetaCyc:CPD-9395	MetaCyc:CPD-9395	MetaCyc:CPD-16417	MetaCyc:CPD-16417	EQ	eQuilibrator:MNXM88400	MetaCyc:CPD-9395@Charged	eQuilibrator:MNXM88400
cpd25670	MetaCyc:CPD-9396	MetaCyc:CPD-9396	MetaCyc:CPD-9396	MetaCyc:CPD-9396	MetaCyc:CPD-16412	MetaCyc:CPD-16412	EQ	eQuilibrator:MNXM42784	MetaCyc:CPD-9396@Charged	eQuilibrator:MNXM42784
cpd25671	MetaCyc:CPD-9397	MetaCyc:CPD-9397	MetaCyc:CPD-9397	MetaCyc:CPD-9397	MetaCyc:CPD-9397	MetaCyc:CPD-9397	EQ	eQuilibrator:MNXM89257	MetaCyc:CPD-9397@Charged	eQuilibrator:MNXM89257
cpd25672	MetaCyc:CPD-9398	MetaCyc:CPD-9398	MetaCyc:CPD-9398	MetaCyc:CPD-9398	MetaCyc:CPD-9398	MetaCyc:CPD-9398	EQ	eQuilibrator:MNXM89258	MetaCyc:CPD-9398@Charged	eQuilibrator:MNXM89258
cpd25673	MetaCyc:CPD-9399	MetaCyc:CPD-9399	MetaCyc:CPD-9399	MetaCyc:CPD-9399	MetaCyc:CPD-16415	MetaCyc:CPD-16415	EQ	eQuilibrator:MNXM40580	MetaCyc:CPD-9399@Charged	eQuilibrator:MNXM40580
cpd25674	MetaCyc:CPD-9400	MetaCyc:CPD-9400	MetaCyc:CPD-9400	MetaCyc:CPD-9400	MetaCyc:CPD-9400	MetaCyc:CPD-9400	EQ	eQuilibrator:MNXM11260	MetaCyc:CPD-9400@Charged	eQuilibrator:MNXM11260
cpd25675	MetaCyc:CPD-9401	MetaCyc:CPD-9401	MetaCyc:CPD-9401	MetaCyc:CPD-9401	MetaCyc:CPD-9401	MetaCyc:CPD-9401	EQ	eQuilibrator:MNXM30994	MetaCyc:CPD-9401@Charged	eQuilibrator:MNXM30994
cpd25676	MetaCyc:CPD-9402	MetaCyc:CPD-9402	MetaCyc:CPD-9402	MetaCyc:CPD-9402	MetaCyc:CPD-9402	MetaCyc:CPD-9402	EQ	eQuilibrator:MNXM30991	MetaCyc:CPD-9402@Charged	eQuilibrator:MNXM30991
cpd25677	MetaCyc:CPD-9403	MetaCyc:CPD-9403	MetaCyc:CPD-9403	MetaCyc:CPD-9403	MetaCyc:CPD-9403	MetaCyc:CPD-9403	EQ	eQuilibrator:MNXM170945	MetaCyc:CPD-9403@Charged	eQuilibrator:MNXM170945
cpd25678	MetaCyc:CPD-9405	MetaCyc:CPD-9405	MetaCyc:CPD-9405	MetaCyc:CPD-9405	MetaCyc:CPD-9405	MetaCyc:CPD-9405	EQ	eQuilibrator:MNXM36227	MetaCyc:CPD-9405@Charged	eQuilibrator:MNXM36227
cpd25679	MetaCyc:CPD-9409	MetaCyc:CPD-9409	MetaCyc:CPD-9409	MetaCyc:CPD-9409	MetaCyc:CPD-9409	MetaCyc:CPD-9409	GC	MetaCyc:CPD-9409@Charged	MetaCyc:CPD-9409@Charged	
cpd25680	MetaCyc:CPD-9414;ChEBI:75637	MetaCyc:CPD-9414;ChEBI:75637	MetaCyc:CPD-9414;ChEBI:75637	MetaCyc:CPD-9414;ChEBI:75637	MetaCyc:CPD-9414	MetaCyc:CPD-9414	GC	MetaCyc:CPD-9414@Charged	MetaCyc:CPD-9414@Charged	eQuilibrator:MNXM17060
cpd25681	MetaCyc:CPD-9421;ChEBI:58915	MetaCyc:CPD-9421;ChEBI:58915	MetaCyc:CPD-9421;ChEBI:58915	MetaCyc:CPD-9421;ChEBI:58915	MetaCyc:CPD-9421		EQ	eQuilibrator:MNXM5311	MetaCyc:CPD-9421@Charged	eQuilibrator:MNXM5311
cpd25682	MetaCyc:CPD-9422	MetaCyc:CPD-9422	MetaCyc:CPD-9422	MetaCyc:CPD-9422	MetaCyc:CPD-9422	MetaCyc:CPD-9422	EQ	eQuilibrator:MNXM38178	MetaCyc:CPD-9422@Charged	eQuilibrator:MNXM38178
cpd25683	MetaCyc:CPD-9423	MetaCyc:CPD-9423	MetaCyc:CPD-9423	MetaCyc:CPD-9423		MetaCyc:CPD-9423	EQ	eQuilibrator:MNXM14842	MetaCyc:CPD-9423@Charged	eQuilibrator:MNXM14842
cpd25684	MetaCyc:CPD-9429	MetaCyc:CPD-9429	MetaCyc:CPD-9429	MetaCyc:CPD-9429	MetaCyc:CPD-9429	MetaCyc:CPD-9429	GC	MetaCyc:CPD-9429@Charged	MetaCyc:CPD-9429@Charged	eQuilibrator:MNXM40282
cpd25685	MetaCyc:CPD-943;ChEBI:23683	MetaCyc:CPD-943;ChEBI:23683	MetaCyc:CPD-943;ChEBI:23683	MetaCyc:CPD-943;ChEBI:23683		MetaCyc:CPD-943	GC	MetaCyc:CPD-943@Charged	MetaCyc:CPD-943@Charged	
cpd25686	MetaCyc:CPD-9430	MetaCyc:CPD-9430	MetaCyc:CPD-9430	MetaCyc:CPD-9430	MetaCyc:CPD-9430	MetaCyc:CPD-9430	GC	MetaCyc:CPD-9430@Charged	MetaCyc:CPD-9430@Charged	eQuilibrator:MNXM680816
cpd25687	MetaCyc:CPD-9439	MetaCyc:CPD-9439	MetaCyc:CPD-9439	MetaCyc:CPD-9439	MetaCyc:CPD-9439	MetaCyc:CPD-9439	GC	MetaCyc:CPD-9439@Charged	MetaCyc:CPD-9439@Charged	
cpd25688	MetaCyc:CPD-944;ChEBI:90356	MetaCyc:CPD-944;ChEBI:90356	MetaCyc:CPD-944;ChEBI:90356	MetaCyc:CPD-944;ChEBI:90356			GC	MetaCyc:CPD-944@Charged	MetaCyc:CPD-944@Charged	eQuilibrator:MNXM11362
cpd25689	MetaCyc:CPD-9449;ChEBI:77427	MetaCyc:CPD-9449;ChEBI:77427	MetaCyc:CPD-9449;ChEBI:77427	MetaCyc:CPD-9449;ChEBI:77427	MetaCyc:CPD-9449	MetaCyc:CPD-9449	GC	MetaCyc:CPD-9449@Charged	MetaCyc:CPD-9449@Charged	eQuilibrator:MNXM48549
cpd25690	MetaCyc:CPD-9461	MetaCyc:CPD-9461	MetaCyc:CPD-9461	MetaCyc:CPD-9461	MetaCyc:CPD-9461	MetaCyc:CPD-9461	GC	MetaCyc:CPD-9461@Charged	MetaCyc:CPD-9461@Charged	
cpd25691	MetaCyc:CPD-9462	MetaCyc:CPD-9462	MetaCyc:CPD-9462	MetaCyc:CPD-9462	MetaCyc:CPD-9462	MetaCyc:CPD-9462	GC	MetaCyc:CPD-9462@Charged	MetaCyc:CPD-9462@Charged	eQuilibrator:MNXM12515
cpd25692	MetaCyc:CPD-9464@Charged	MetaCyc:CPD-9464@Charged	MetaCyc:CPD-9464@Charged	MetaCyc:CPD-9464@Charged	MetaCyc:CPD-9464	MetaCyc:CPD-9464	GC	MetaCyc:CPD-9464@Charged	MetaCyc:CPD-9464@Charged	
cpd25693	MetaCyc:CPD-9467	MetaCyc:CPD-9467	MetaCyc:CPD-9467	MetaCyc:CPD-9467	MetaCyc:CPD-9467	MetaCyc:CPD-9467	GC	MetaCyc:CPD-9467@Charged	MetaCyc:CPD-9467@Charged	
cpd25694	MetaCyc:CPD-9469	MetaCyc:CPD-9469	MetaCyc:CPD-9469	MetaCyc:CPD-9469	MetaCyc:CPD-9469	MetaCyc:CPD-9469	GC	MetaCyc:CPD-9469@Charged	MetaCyc:CPD-9469@Charged	
cpd25695	MetaCyc:CPD-9472	MetaCyc:CPD-9472	MetaCyc:CPD-9472	MetaCyc:CPD-9472	MetaCyc:CPD-9472	MetaCyc:CPD-9472	GC	MetaCyc:CPD-9472@Charged	MetaCyc:CPD-9472@Charged	eQuilibrator:MNXM18296
cpd25696	MetaCyc:CPD-9474	MetaCyc:CPD-9474	MetaCyc:CPD-9474	MetaCyc:CPD-9474	MetaCyc:CPD-9474	MetaCyc:CPD-9474	GC	MetaCyc:CPD-9474@Charged	MetaCyc:CPD-9474@Charged	
cpd25697	MetaCyc:CPD-9475	MetaCyc:CPD-9475	MetaCyc:CPD-9475	MetaCyc:CPD-9475	MetaCyc:CPD-9475	MetaCyc:CPD-9475	GC	MetaCyc:CPD-9475@Charged	MetaCyc:CPD-9475@Charged	eQuilibrator:MNXM18294
cpd25698	MetaCyc:CPD-9476	MetaCyc:CPD-9476	MetaCyc:CPD-9476	MetaCyc:CPD-9476	MetaCyc:CPD-9476	MetaCyc:CPD-9476	GC	MetaCyc:CPD-9476@Charged	MetaCyc:CPD-9476@Charged	
cpd25699	MetaCyc:CPD-9477	MetaCyc:CPD-9477	MetaCyc:CPD-9477	MetaCyc:CPD-9477	MetaCyc:CPD-9477	MetaCyc:CPD-9477	GC	MetaCyc:CPD-9477@Charged	MetaCyc:CPD-9477@Charged	eQuilibrator:MNXM14018
cpd25700	MetaCyc:CPD-9481;ChEBI:140466	MetaCyc:CPD-9481;ChEBI:140466	MetaCyc:CPD-9481;ChEBI:140466	MetaCyc:CPD-9481;ChEBI:140466	MetaCyc:CPD-9481	MetaCyc:CPD-9481	GC	MetaCyc:CPD-9481@Charged	MetaCyc:CPD-9481@Charged	eQuilibrator:MNXM105510
cpd25701	MetaCyc:CPD-9483	MetaCyc:CPD-9483	MetaCyc:CPD-9483	MetaCyc:CPD-9483	MetaCyc:CPD-9483	MetaCyc:CPD-9483	GC	MetaCyc:CPD-9483@Charged	MetaCyc:CPD-9483@Charged	
cpd25702	MetaCyc:CPD-9484	MetaCyc:CPD-9484	MetaCyc:CPD-9484	MetaCyc:CPD-9484	MetaCyc:CPD-9484	MetaCyc:CPD-9484	GC	MetaCyc:CPD-9484@Charged	MetaCyc:CPD-9484@Charged	
cpd25703	MetaCyc:CPD-9486	MetaCyc:CPD-9486	MetaCyc:CPD-9486	MetaCyc:CPD-9486	MetaCyc:CPD-9486	MetaCyc:CPD-9486	GC	MetaCyc:CPD-9486@Charged	MetaCyc:CPD-9486@Charged	
cpd25704	MetaCyc:CPD-9487	MetaCyc:CPD-9487	MetaCyc:CPD-9487	MetaCyc:CPD-9487	MetaCyc:CPD-9487	MetaCyc:CPD-9487	GC	MetaCyc:CPD-9487@Charged	MetaCyc:CPD-9487@Charged	
cpd25705	MetaCyc:CPD-9488	MetaCyc:CPD-9488	MetaCyc:CPD-9488	MetaCyc:CPD-9488	MetaCyc:CPD-9488	MetaCyc:CPD-9488	GC	MetaCyc:CPD-9488@Charged	MetaCyc:CPD-9488@Charged	eQuilibrator:MNXM105511
cpd25706	MetaCyc:CPD-9489	MetaCyc:CPD-9489	MetaCyc:CPD-9489	MetaCyc:CPD-9489	MetaCyc:CPD-9489	MetaCyc:CPD-9489	GC	MetaCyc:CPD-9489@Charged	MetaCyc:CPD-9489@Charged	
cpd25707	MetaCyc:CPD-9490	MetaCyc:CPD-9490	MetaCyc:CPD-9490	MetaCyc:CPD-9490	MetaCyc:CPD-9490	MetaCyc:CPD-9490	GC	MetaCyc:CPD-9490@Charged	MetaCyc:CPD-9490@Charged	
cpd25708	MetaCyc:CPD-9491	MetaCyc:CPD-9491	MetaCyc:CPD-9491	MetaCyc:CPD-9491	MetaCyc:CPD-9491	MetaCyc:CPD-9491	GC	MetaCyc:CPD-9491@Charged	MetaCyc:CPD-9491@Charged	
cpd25709	MetaCyc:CPD-9492	MetaCyc:CPD-9492	MetaCyc:CPD-9492	MetaCyc:CPD-9492	MetaCyc:CPD-9492	MetaCyc:CPD-9492	GC	MetaCyc:CPD-9492@Charged	MetaCyc:CPD-9492@Charged	
cpd25710	MetaCyc:CPD-9493	MetaCyc:CPD-9493	MetaCyc:CPD-9493	MetaCyc:CPD-9493	MetaCyc:CPD-9493	MetaCyc:CPD-9493	GC	MetaCyc:CPD-9493@Charged	MetaCyc:CPD-9493@Charged	
cpd25711	MetaCyc:CPD-9494	MetaCyc:CPD-9494	MetaCyc:CPD-9494	MetaCyc:CPD-9494	MetaCyc:CPD-9494	MetaCyc:CPD-9494	EQ	eQuilibrator:MNXM9963	MetaCyc:CPD-9494@Charged	eQuilibrator:MNXM9963
cpd25712	MetaCyc:CPD-9499	MetaCyc:CPD-9499	MetaCyc:CPD-9499	MetaCyc:CPD-9499	MetaCyc:CPD-9499	MetaCyc:CPD-9499	EQ	eQuilibrator:MNXM9965	MetaCyc:CPD-9499@Charged	eQuilibrator:MNXM9965
cpd25713	MetaCyc:CPD-9500	MetaCyc:CPD-9500	MetaCyc:CPD-9500	MetaCyc:CPD-9500		MetaCyc:CPD-9500	EQ	eQuilibrator:MNXM13836	MetaCyc:CPD-9500@Charged	eQuilibrator:MNXM13836
cpd25714	MetaCyc:CPD-9501	MetaCyc:CPD-9501	MetaCyc:CPD-9501	MetaCyc:CPD-9501	MetaCyc:CPD-9501	MetaCyc:CPD-9501	EQ	eQuilibrator:MNXM10055	MetaCyc:CPD-9501@Charged	eQuilibrator:MNXM10055
cpd25715	MetaCyc:CPD-9520@Charged	MetaCyc:CPD-9520@Charged	MetaCyc:CPD-9520@Charged	MetaCyc:CPD-9520@Charged	MetaCyc:CPD-9520	MetaCyc:CPD-9520	GC	MetaCyc:CPD-9520@Charged	MetaCyc:CPD-9520@Charged	eQuilibrator:MNXM359
cpd25716	MetaCyc:CPD-9523	MetaCyc:CPD-9523	MetaCyc:CPD-9523	MetaCyc:CPD-9523	MetaCyc:CPD-9523	MetaCyc:CPD-9523	GC	MetaCyc:CPD-9523@Charged	MetaCyc:CPD-9523@Charged	
cpd25717	MetaCyc:CPD-9524	MetaCyc:CPD-9524	MetaCyc:CPD-9524	MetaCyc:CPD-9524	MetaCyc:CPD-9524	MetaCyc:CPD-9524	GC	MetaCyc:CPD-9524@Charged	MetaCyc:CPD-9524@Charged	eQuilibrator:MNXM8535
cpd25718	MetaCyc:CPD-9527	MetaCyc:CPD-9527	MetaCyc:CPD-9527	MetaCyc:CPD-9527	MetaCyc:CPD-9527	MetaCyc:CPD-9527	EQ		MetaCyc:CPD-9527@Charged	
cpd25719	MetaCyc:CPD-9528	MetaCyc:CPD-9528	MetaCyc:CPD-9528	MetaCyc:CPD-9528	MetaCyc:CPD-9528	MetaCyc:CPD-9528	GC	MetaCyc:CPD-9528@Charged	MetaCyc:CPD-9528@Charged	eQuilibrator:MNXM11344
cpd25720	MetaCyc:CPD-9529	MetaCyc:CPD-9529	MetaCyc:CPD-9529	MetaCyc:CPD-9529	MetaCyc:CPD-9529	MetaCyc:CPD-9529	EQ	eQuilibrator:MNXM8699	MetaCyc:CPD-9529@Charged	eQuilibrator:MNXM8699
cpd25721	MetaCyc:CPD-9530@Charged	MetaCyc:CPD-9530@Charged	MetaCyc:CPD-9530@Charged	MetaCyc:CPD-9530@Charged	MetaCyc:CPD-9530	MetaCyc:CPD-9530	GC	MetaCyc:CPD-9530@Charged	MetaCyc:CPD-9530@Charged	eQuilibrator:MNXM10420
cpd25722	MetaCyc:CPD-9531@Charged	MetaCyc:CPD-9531@Charged	MetaCyc:CPD-9531@Charged	MetaCyc:CPD-9531@Charged	MetaCyc:CPD-9531	MetaCyc:CPD-9531	GC	MetaCyc:CPD-9531@Charged	MetaCyc:CPD-9531@Charged	eQuilibrator:MNXM8033
cpd25723	MetaCyc:CPD-9534@Charged	MetaCyc:CPD-9534@Charged	MetaCyc:CPD-9534@Charged	MetaCyc:CPD-9534@Charged	MetaCyc:CPD-9534	MetaCyc:CPD-9534	GC	MetaCyc:CPD-9534@Charged	MetaCyc:CPD-9534@Charged	eQuilibrator:MNXM6424
cpd25724	MetaCyc:CPD-9535@Charged	MetaCyc:CPD-9535@Charged	MetaCyc:CPD-9535@Charged	MetaCyc:CPD-9535@Charged	MetaCyc:CPD-9535	MetaCyc:CPD-9535	GC	MetaCyc:CPD-9535@Charged	MetaCyc:CPD-9535@Charged	eQuilibrator:MNXM10137
cpd25725	MetaCyc:CPD-9536@Charged	MetaCyc:CPD-9536@Charged	MetaCyc:CPD-9536@Charged	MetaCyc:CPD-9536@Charged	MetaCyc:CPD-9536	MetaCyc:CPD-9536	GC	MetaCyc:CPD-9536@Charged	MetaCyc:CPD-9536@Charged	eQuilibrator:MNXM10272
cpd25726	MetaCyc:CPD-9544	MetaCyc:CPD-9544	MetaCyc:CPD-9544	MetaCyc:CPD-9544	MetaCyc:CPD-9544	MetaCyc:CPD-9544	GC	MetaCyc:CPD-9544@Charged	MetaCyc:CPD-9544@Charged	eQuilibrator:MNXM8293
cpd25727	MetaCyc:CPD-9546	MetaCyc:CPD-9546	MetaCyc:CPD-9546	MetaCyc:CPD-9546	MetaCyc:CPD-9546	MetaCyc:CPD-9546	EQ	eQuilibrator:MNXM14268	MetaCyc:CPD-9546@Charged	eQuilibrator:MNXM14268
cpd25728	MetaCyc:CPD-9547@Charged	MetaCyc:CPD-9547@Charged	MetaCyc:CPD-9547@Charged	MetaCyc:CPD-9547@Charged	MetaCyc:CPD-9547	MetaCyc:CPD-9547	EQ		MetaCyc:CPD-9547@Charged	
cpd25729	MetaCyc:CPD-9549	MetaCyc:CPD-9549	MetaCyc:CPD-9549	MetaCyc:CPD-9549		MetaCyc:CPD-9549	EQ	eQuilibrator:MNXM18918	MetaCyc:CPD-9549@Charged	eQuilibrator:MNXM18918
cpd25730	MetaCyc:CPD-9550@Charged	MetaCyc:CPD-9550@Charged	MetaCyc:CPD-9550@Charged	MetaCyc:CPD-9550@Charged	MetaCyc:CPD-9550	MetaCyc:CPD-9550	EQ		MetaCyc:CPD-9550@Charged	
cpd25731	MetaCyc:CPD-23474@Charged;MetaCyc:CPD-9557;ChEBI:150013	MetaCyc:CPD-23474@Charged;MetaCyc:CPD-9557;ChEBI:150013	MetaCyc:CPD-23474@Charged;MetaCyc:CPD-9557;ChEBI:150013	MetaCyc:CPD-23474@Charged;MetaCyc:CPD-9557;ChEBI:150013	MetaCyc:CPD-23474	MetaCyc:CPD-23474	EQ	eQuilibrator:MNXM11486	MetaCyc:CPD-9557@Charged	eQuilibrator:MNXM11486
cpd25732	MetaCyc:CPD-9558	MetaCyc:CPD-9558	MetaCyc:CPD-9558	MetaCyc:CPD-9558	MetaCyc:CPD-9558	MetaCyc:CPD-9558	EQ		MetaCyc:CPD-9558@Charged	
cpd25733	MetaCyc:CPD-9561@Charged	MetaCyc:CPD-9561@Charged	MetaCyc:CPD-9561@Charged	MetaCyc:CPD-9561@Charged	MetaCyc:CPD-9561	MetaCyc:CPD-9561	GC	MetaCyc:CPD-9561@Charged	MetaCyc:CPD-9561@Charged	
cpd25734	MetaCyc:CPD-9567	MetaCyc:CPD-9567	MetaCyc:CPD-9567	MetaCyc:CPD-9567	MetaCyc:CPD-9567	MetaCyc:CPD-9567	GC	MetaCyc:CPD-9567@Charged	MetaCyc:CPD-9567@Charged	
cpd25735	MetaCyc:CPD-9568	MetaCyc:CPD-9568	MetaCyc:CPD-9568	MetaCyc:CPD-9568	MetaCyc:CPD-9568	MetaCyc:CPD-9568	EQ		MetaCyc:CPD-9568@Charged	
cpd25736	MetaCyc:CPD-9571	MetaCyc:CPD-9571	MetaCyc:CPD-9571	MetaCyc:CPD-9571	MetaCyc:CPD-9571	MetaCyc:CPD-9571	EQ	eQuilibrator:MNXM723511	MetaCyc:CPD-9571@Charged	eQuilibrator:MNXM723511
cpd25737	MetaCyc:CPD-9573	MetaCyc:CPD-9573	MetaCyc:CPD-9573	MetaCyc:CPD-9573	MetaCyc:CPD-9573	MetaCyc:CPD-9573	GC	MetaCyc:CPD-9573@Charged	MetaCyc:CPD-9573@Charged	
cpd25738	MetaCyc:CPD-9577	MetaCyc:CPD-9577	MetaCyc:CPD-9577	MetaCyc:CPD-9577	MetaCyc:CPD-9577	MetaCyc:CPD-9577	GC	MetaCyc:CPD-9577@Charged	MetaCyc:CPD-9577@Charged	
cpd25739	MetaCyc:CPD-9582	MetaCyc:CPD-9582	MetaCyc:CPD-9582	MetaCyc:CPD-9582	MetaCyc:CPD-9582	MetaCyc:CPD-9582	GC	MetaCyc:CPD-9582@Charged	MetaCyc:CPD-9582@Charged	
cpd25740	MetaCyc:CPD-9583	MetaCyc:CPD-9583	MetaCyc:CPD-9583	MetaCyc:CPD-9583	MetaCyc:CPD-9583	MetaCyc:CPD-9583	GC	MetaCyc:CPD-9583@Charged	MetaCyc:CPD-9583@Charged	
cpd25741	MetaCyc:CPD-9584	MetaCyc:CPD-9584	MetaCyc:CPD-9584	MetaCyc:CPD-9584	MetaCyc:CPD-9584	MetaCyc:CPD-9584	GC	MetaCyc:CPD-9584@Charged	MetaCyc:CPD-9584@Charged	
cpd25742	MetaCyc:CPD-9588@Charged	MetaCyc:CPD-9588@Charged	MetaCyc:CPD-9588@Charged	MetaCyc:CPD-9588@Charged	MetaCyc:CPD-9588	MetaCyc:CPD-9588	GC	MetaCyc:CPD-9588@Charged	MetaCyc:CPD-9588@Charged	
cpd25743	MetaCyc:CPD-9592	MetaCyc:CPD-9592	MetaCyc:CPD-9592	MetaCyc:CPD-9592	MetaCyc:CPD-9592	MetaCyc:CPD-9592	EQ	eQuilibrator:MNXM114590	MetaCyc:CPD-9592@Charged	eQuilibrator:MNXM114590
cpd25744	MetaCyc:CPD-9595	MetaCyc:CPD-9595	MetaCyc:CPD-9595	MetaCyc:CPD-9595	MetaCyc:CPD-9595	MetaCyc:CPD-9595	EQ		MetaCyc:CPD-9595@Charged	
cpd25745	MetaCyc:CPD-9596	MetaCyc:CPD-9596	MetaCyc:CPD-9596	MetaCyc:CPD-9596	MetaCyc:CPD-9596	MetaCyc:CPD-9596	EQ		MetaCyc:CPD-9596@Charged	
cpd25746	MetaCyc:CPD-9598	MetaCyc:CPD-9598	MetaCyc:CPD-9598	MetaCyc:CPD-9598	MetaCyc:CPD-9598	MetaCyc:CPD-9598	GC	MetaCyc:CPD-9598@Charged	MetaCyc:CPD-9598@Charged	
cpd25747	MetaCyc:CPD-9602	MetaCyc:CPD-9602	MetaCyc:CPD-9602	MetaCyc:CPD-9602	MetaCyc:CPD-9602	MetaCyc:CPD-9602	GC	MetaCyc:CPD-9602@Charged	MetaCyc:CPD-9602@Charged	
cpd25748	MetaCyc:CPD-9603	MetaCyc:CPD-9603	MetaCyc:CPD-9603	MetaCyc:CPD-9603	MetaCyc:CPD-9603	MetaCyc:CPD-9603	GC	MetaCyc:CPD-9603@Charged	MetaCyc:CPD-9603@Charged	
cpd25749	MetaCyc:CPD-9611	MetaCyc:CPD-9611	MetaCyc:CPD-9611	MetaCyc:CPD-9611		MetaCyc:CPD-9611	EQ	eQuilibrator:MNXM46418	MetaCyc:CPD-9611@Charged	eQuilibrator:MNXM46418
cpd25750	MetaCyc:CPD-9612;KEGG:C20624;ChEBI:73387	MetaCyc:CPD-9612;KEGG:C20624;ChEBI:73387	MetaCyc:CPD-9612;KEGG:C20624;ChEBI:73387	MetaCyc:CPD-9612;KEGG:C20624;ChEBI:73387		KEGG:C20624	GC	KEGG:C20624@Charged	KEGG:C20624@Charged	eQuilibrator:MNXM10865
cpd25751	MetaCyc:CPD-9613	MetaCyc:CPD-9613	MetaCyc:CPD-9613	MetaCyc:CPD-9613	MetaCyc:CPD-9613	MetaCyc:CPD-9613	EQ	eQuilibrator:MNXM21578	MetaCyc:CPD-9613@Charged	eQuilibrator:MNXM21578
cpd25752	MetaCyc:CPD-9615@Charged	MetaCyc:CPD-9615@Charged	MetaCyc:CPD-9615@Charged	MetaCyc:CPD-9615@Charged	MetaCyc:CPD-9615	MetaCyc:CPD-9615	EQ	eQuilibrator:MNXM81038	MetaCyc:CPD-9615@Charged	eQuilibrator:MNXM81038
cpd25753	MetaCyc:CPD-9616	MetaCyc:CPD-9616	MetaCyc:CPD-9616	MetaCyc:CPD-9616	MetaCyc:CPD-9616	MetaCyc:CPD-9616	EQ	eQuilibrator:MNXM81039	MetaCyc:CPD-9616@Charged	eQuilibrator:MNXM81039
cpd25754	MetaCyc:CPD-9617	MetaCyc:CPD-9617	MetaCyc:CPD-9617	MetaCyc:CPD-9617	MetaCyc:CPD-9617	MetaCyc:CPD-9617	EQ		MetaCyc:CPD-9617@Charged	
cpd25755	MetaCyc:CPD-9618	MetaCyc:CPD-9618	MetaCyc:CPD-9618	MetaCyc:CPD-9618	MetaCyc:CPD-9618	MetaCyc:CPD-9618	EQ	eQuilibrator:MNXM81041	MetaCyc:CPD-9618@Charged	eQuilibrator:MNXM81041
cpd25756	MetaCyc:CPD-9619@Charged	MetaCyc:CPD-9619@Charged	MetaCyc:CPD-9619@Charged	MetaCyc:CPD-9619@Charged	MetaCyc:CPD-9619	MetaCyc:CPD-9619	EQ	eQuilibrator:MNXM81042	MetaCyc:CPD-9619@Charged	eQuilibrator:MNXM81042
cpd25757	MetaCyc:CPD-962;ChEBI:20140	MetaCyc:CPD-962;ChEBI:20140	MetaCyc:CPD-962;ChEBI:20140	MetaCyc:CPD-962;ChEBI:20140		MetaCyc:CPD-962	EQ	eQuilibrator:MNXM6095	MetaCyc:CPD-962@Charged	eQuilibrator:MNXM6095
cpd25758	MetaCyc:CPD-9620	MetaCyc:CPD-9620	MetaCyc:CPD-9620	MetaCyc:CPD-9620	MetaCyc:CPD-9620	MetaCyc:CPD-9620	EQ	eQuilibrator:MNXM81043	MetaCyc:CPD-9620@Charged	eQuilibrator:MNXM81043
cpd25759	MetaCyc:CPD-9621	MetaCyc:CPD-9621	MetaCyc:CPD-9621	MetaCyc:CPD-9621	MetaCyc:CPD-9621	MetaCyc:CPD-9621	EQ	eQuilibrator:MNXM81044	MetaCyc:CPD-9621@Charged	eQuilibrator:MNXM81044
cpd25760	MetaCyc:CPD-9622	MetaCyc:CPD-9622	MetaCyc:CPD-9622	MetaCyc:CPD-9622	MetaCyc:CPD-9622	MetaCyc:CPD-9622	EQ	eQuilibrator:MNXM81045	MetaCyc:CPD-9622@Charged	eQuilibrator:MNXM81045
cpd25761	MetaCyc:CPD-9623	MetaCyc:CPD-9623	MetaCyc:CPD-9623	MetaCyc:CPD-9623	MetaCyc:CPD-9623	MetaCyc:CPD-9623	EQ	eQuilibrator:MNXM32372	MetaCyc:CPD-9623@Charged	eQuilibrator:MNXM32372
cpd25762	MetaCyc:CPD-9624	MetaCyc:CPD-9624	MetaCyc:CPD-9624	MetaCyc:CPD-9624	MetaCyc:CPD-9624	MetaCyc:CPD-9624	EQ	eQuilibrator:MNXM32251	MetaCyc:CPD-9624@Charged	eQuilibrator:MNXM32251
cpd25763	MetaCyc:CPD-9625	MetaCyc:CPD-9625	MetaCyc:CPD-9625	MetaCyc:CPD-9625	MetaCyc:CPD-9625	MetaCyc:CPD-9625	EQ		MetaCyc:CPD-9625@Charged	
cpd25764	MetaCyc:CPD-9626	MetaCyc:CPD-9626	MetaCyc:CPD-9626	MetaCyc:CPD-9626	MetaCyc:CPD-9626	MetaCyc:CPD-9626	EQ	eQuilibrator:MNXM32384	MetaCyc:CPD-9626@Charged	eQuilibrator:MNXM32384
cpd25765	MetaCyc:CPD-9627	MetaCyc:CPD-9627	MetaCyc:CPD-9627	MetaCyc:CPD-9627	MetaCyc:CPD-9627	MetaCyc:CPD-9627	EQ	eQuilibrator:MNXM32386	MetaCyc:CPD-9627@Charged	eQuilibrator:MNXM32386
cpd25766	MetaCyc:CPD-9628	MetaCyc:CPD-9628	MetaCyc:CPD-9628	MetaCyc:CPD-9628	MetaCyc:CPD-9628	MetaCyc:CPD-9628	EQ	eQuilibrator:MNXM32398	MetaCyc:CPD-9628@Charged	eQuilibrator:MNXM32398
cpd25767	MetaCyc:CPD-9629	MetaCyc:CPD-9629	MetaCyc:CPD-9629	MetaCyc:CPD-9629	MetaCyc:CPD-9629	MetaCyc:CPD-9629	EQ		MetaCyc:CPD-9629@Charged	
cpd25768	MetaCyc:CPD-9630@Charged	MetaCyc:CPD-9630@Charged	MetaCyc:CPD-9630@Charged	MetaCyc:CPD-9630@Charged	MetaCyc:CPD-9630	MetaCyc:CPD-9630	EQ	eQuilibrator:MNXM32371	MetaCyc:CPD-9630@Charged	eQuilibrator:MNXM32371
cpd25769	MetaCyc:CPD-9631@Charged	MetaCyc:CPD-9631@Charged	MetaCyc:CPD-9631@Charged	MetaCyc:CPD-9631@Charged	MetaCyc:CPD-9631	MetaCyc:CPD-9631	EQ	eQuilibrator:MNXM32401	MetaCyc:CPD-9631@Charged	eQuilibrator:MNXM32401
cpd25770	MetaCyc:CPD-9632	MetaCyc:CPD-9632	MetaCyc:CPD-9632	MetaCyc:CPD-9632	MetaCyc:CPD-9632	MetaCyc:CPD-9632	EQ	eQuilibrator:MNXM32357	MetaCyc:CPD-9632@Charged	eQuilibrator:MNXM32357
cpd25771	MetaCyc:CPD-9633	MetaCyc:CPD-9633	MetaCyc:CPD-9633	MetaCyc:CPD-9633	MetaCyc:CPD-9633	MetaCyc:CPD-9633	EQ	eQuilibrator:MNXM32328	MetaCyc:CPD-9633@Charged	eQuilibrator:MNXM32328
cpd25772	MetaCyc:CPD-9638@Charged	MetaCyc:CPD-9638@Charged	MetaCyc:CPD-9638@Charged	MetaCyc:CPD-9638@Charged	MetaCyc:CPD-9638	MetaCyc:CPD-9638	GC	MetaCyc:CPD-9638@Charged	MetaCyc:CPD-9638@Charged	
cpd25773	MetaCyc:CPD-9639	MetaCyc:CPD-9639	MetaCyc:CPD-9639	MetaCyc:CPD-9639	MetaCyc:CPD-9639	MetaCyc:CPD-9639	GC	MetaCyc:CPD-9639@Charged	MetaCyc:CPD-9639@Charged	eQuilibrator:MNXM478317
cpd25774	MetaCyc:CPD-9642	MetaCyc:CPD-9642	MetaCyc:CPD-9642	MetaCyc:CPD-9642	MetaCyc:CPD-9642	MetaCyc:CPD-9642	GC	MetaCyc:CPD-9642@Charged	MetaCyc:CPD-9642@Charged	
cpd25775	MetaCyc:CPD-9649@Charged;ChEBI:57995@Charged	MetaCyc:CPD-9649@Charged;ChEBI:57995@Charged	MetaCyc:CPD-9649@Charged;ChEBI:57995@Charged	MetaCyc:CPD-9649@Charged;ChEBI:57995@Charged	MetaCyc:CPD-9649		EQ	eQuilibrator:MNXM5043	MetaCyc:CPD-9649@Charged	eQuilibrator:MNXM5043
cpd25776	MetaCyc:CPD-9650@Charged;ChEBI:84602@Charged	MetaCyc:CPD-9650@Charged;ChEBI:84602@Charged	MetaCyc:CPD-9650@Charged;ChEBI:84602@Charged	MetaCyc:CPD-9650@Charged;ChEBI:84602@Charged	MetaCyc:CPD-9650		EQ	eQuilibrator:MNXM11433	MetaCyc:CPD-9650@Charged	eQuilibrator:MNXM11433
cpd25777	MetaCyc:CPD-9663;ChEBI:84187	MetaCyc:CPD-9663;ChEBI:84187	MetaCyc:CPD-9663;ChEBI:84187	MetaCyc:CPD-9663;ChEBI:84187	MetaCyc:CPD-9663	MetaCyc:CPD-9663	EQ	eQuilibrator:MNXM9820	MetaCyc:CPD-9663@Charged	eQuilibrator:MNXM9820
cpd25778	MetaCyc:CPD-9664;ChEBI:84361	MetaCyc:CPD-9664;ChEBI:84361	MetaCyc:CPD-9664;ChEBI:84361	MetaCyc:CPD-9664;ChEBI:84361	MetaCyc:CPD-9664	MetaCyc:CPD-9664	EQ	eQuilibrator:MNXM10304	MetaCyc:CPD-9664@Charged	eQuilibrator:MNXM10304
cpd25779	MetaCyc:CPD-9665;ChEBI:111521	MetaCyc:CPD-9665;ChEBI:111521	MetaCyc:CPD-9665;ChEBI:111521	MetaCyc:CPD-9665;ChEBI:111521	MetaCyc:CPD-9665	MetaCyc:CPD-9665	EQ	eQuilibrator:MNXM9224	MetaCyc:CPD-9665@Charged	eQuilibrator:MNXM9224
cpd25780	MetaCyc:CPD-9666;ChEBI:111542	MetaCyc:CPD-9666;ChEBI:111542	MetaCyc:CPD-9666;ChEBI:111542	MetaCyc:CPD-9666;ChEBI:111542	MetaCyc:CPD-9666	MetaCyc:CPD-9666	EQ	eQuilibrator:MNXM13248	MetaCyc:CPD-9666@Charged	eQuilibrator:MNXM13248
cpd25781	MetaCyc:CPD-9667;ChEBI:111522	MetaCyc:CPD-9667;ChEBI:111522	MetaCyc:CPD-9667;ChEBI:111522	MetaCyc:CPD-9667;ChEBI:111522	MetaCyc:CPD-9667	MetaCyc:CPD-9667	EQ	eQuilibrator:MNXM9225	MetaCyc:CPD-9667@Charged	eQuilibrator:MNXM9225
cpd25782	MetaCyc:CPD-9668;ChEBI:111523	MetaCyc:CPD-9668;ChEBI:111523	MetaCyc:CPD-9668;ChEBI:111523	MetaCyc:CPD-9668;ChEBI:111523	MetaCyc:CPD-9668	MetaCyc:CPD-9668	EQ	eQuilibrator:MNXM9223	MetaCyc:CPD-9668@Charged	eQuilibrator:MNXM9223
cpd25783	MetaCyc:CPD-9669@Charged;ChEBI:111505@Charged	MetaCyc:CPD-9669@Charged;ChEBI:111505@Charged	MetaCyc:CPD-9669@Charged;ChEBI:111505@Charged	MetaCyc:CPD-9669@Charged;ChEBI:111505@Charged	MetaCyc:CPD-9669	MetaCyc:CPD-9669	EQ	eQuilibrator:MNXM13249	MetaCyc:CPD-9669@Charged	eQuilibrator:MNXM13249
cpd25784	MetaCyc:CPD-9676	MetaCyc:CPD-9676	MetaCyc:CPD-9676	MetaCyc:CPD-9676	MetaCyc:CPD-9676	MetaCyc:CPD-9676	EQ	eQuilibrator:MNXM22171	MetaCyc:CPD-9676@Charged	eQuilibrator:MNXM22171
cpd25785	MetaCyc:CPD-9677	MetaCyc:CPD-9677	MetaCyc:CPD-9677	MetaCyc:CPD-9677	MetaCyc:CPD-9677	MetaCyc:CPD-9677	GC	MetaCyc:CPD-9677@Charged	MetaCyc:CPD-9677@Charged	
cpd25786	MetaCyc:CPD-9693	MetaCyc:CPD-9693	MetaCyc:CPD-9693	MetaCyc:CPD-9693	MetaCyc:CPD-9693	MetaCyc:CPD-9693	GC	MetaCyc:CPD-9693@Charged	MetaCyc:CPD-9693@Charged	
cpd25787	MetaCyc:CPD-9695	MetaCyc:CPD-9695	MetaCyc:CPD-9695	MetaCyc:CPD-9695	MetaCyc:CPD-9695	MetaCyc:CPD-9695	GC	MetaCyc:CPD-9695@Charged	MetaCyc:CPD-9695@Charged	eQuilibrator:MNXM8516
cpd25788	MetaCyc:CPD-9710@Charged;ChEBI:83856	MetaCyc:CPD-9710@Charged;ChEBI:83856	MetaCyc:CPD-9710@Charged;ChEBI:83856	MetaCyc:CPD-9710@Charged;ChEBI:83856	MetaCyc:CPD-9710	MetaCyc:CPD-9710	GC	MetaCyc:CPD-9710@Charged	MetaCyc:CPD-9710@Charged	eQuilibrator:MNXM17147
cpd25789	MetaCyc:CPD-9711	MetaCyc:CPD-9711	MetaCyc:CPD-9711	MetaCyc:CPD-9711	MetaCyc:CPD-9711	MetaCyc:CPD-9711	GC	MetaCyc:CPD-9711@Charged	MetaCyc:CPD-9711@Charged	eQuilibrator:MNXM11299
cpd25790										
cpd25791	MetaCyc:CPD-9716@Charged;ChEBI:83859	MetaCyc:CPD-9716@Charged;ChEBI:83859	MetaCyc:CPD-9716@Charged;ChEBI:83859	MetaCyc:CPD-9716@Charged;ChEBI:83859	MetaCyc:CPD-9716	MetaCyc:CPD-9716	GC	MetaCyc:CPD-9716@Charged	MetaCyc:CPD-9716@Charged	eQuilibrator:MNXM17145
cpd25792	MetaCyc:CPD-9717	MetaCyc:CPD-9717	MetaCyc:CPD-9717	MetaCyc:CPD-9717		MetaCyc:CPD-9717	EQ	eQuilibrator:MNXM13206	MetaCyc:CPD-9717@Charged	eQuilibrator:MNXM13206
cpd25793	MetaCyc:CPD-9719	MetaCyc:CPD-9719	MetaCyc:CPD-9719	MetaCyc:CPD-9719		MetaCyc:CPD-9719	EQ	eQuilibrator:MNXM19276	MetaCyc:CPD-9719@Charged	eQuilibrator:MNXM19276
cpd25794	MetaCyc:CPD-9720;ChEBI:44147	MetaCyc:CPD-9720;ChEBI:44147	MetaCyc:CPD-9720;ChEBI:44147	MetaCyc:CPD-9720;ChEBI:44147		MetaCyc:CPD-9720	EQ	eQuilibrator:MNXM19280	MetaCyc:CPD-9720@Charged	eQuilibrator:MNXM19280
cpd25795	MetaCyc:CPD-9721	MetaCyc:CPD-9721	MetaCyc:CPD-9721	MetaCyc:CPD-9721		MetaCyc:CPD-9721	EQ	eQuilibrator:MNXM19279	MetaCyc:CPD-9721@Charged	eQuilibrator:MNXM19279
cpd25796	MetaCyc:CPD-9722	MetaCyc:CPD-9722	MetaCyc:CPD-9722	MetaCyc:CPD-9722		MetaCyc:CPD-9722	EQ	eQuilibrator:MNXM19278	MetaCyc:CPD-9722@Charged	eQuilibrator:MNXM19278
cpd25797	MetaCyc:CPD-9723	MetaCyc:CPD-9723	MetaCyc:CPD-9723	MetaCyc:CPD-9723		MetaCyc:CPD-9723	EQ	eQuilibrator:MNXM19277	MetaCyc:CPD-9723@Charged	eQuilibrator:MNXM19277
cpd25798	MetaCyc:CPD-9725	MetaCyc:CPD-9725	MetaCyc:CPD-9725	MetaCyc:CPD-9725		MetaCyc:CPD-9725	EQ	eQuilibrator:MNXM531970	MetaCyc:CPD-9725@Charged	eQuilibrator:MNXM531970
cpd25799	MetaCyc:CPD-9726;ChEBI:78277	MetaCyc:CPD-9726;ChEBI:78277	MetaCyc:CPD-9726;ChEBI:78277	MetaCyc:CPD-9726;ChEBI:78277		MetaCyc:CPD-9726	EQ	eQuilibrator:MNXM61386	MetaCyc:CPD-9726@Charged	eQuilibrator:MNXM61386
cpd25800	MetaCyc:CPD-9727	MetaCyc:CPD-9727	MetaCyc:CPD-9727	MetaCyc:CPD-9727	MetaCyc:CPD-9727	MetaCyc:CPD-9727	EQ	eQuilibrator:MNXM10310	MetaCyc:CPD-9727@Charged	eQuilibrator:MNXM10310
cpd25801	MetaCyc:CPD-9729	MetaCyc:CPD-9729	MetaCyc:CPD-9729	MetaCyc:CPD-9729		MetaCyc:CPD-9729	EQ	eQuilibrator:MNXM531967	MetaCyc:CPD-9729@Charged	eQuilibrator:MNXM531967
cpd25802	MetaCyc:CPD-9730	MetaCyc:CPD-9730	MetaCyc:CPD-9730	MetaCyc:CPD-9730		MetaCyc:CPD-9730	EQ	eQuilibrator:MNXM89812	MetaCyc:CPD-9730@Charged	eQuilibrator:MNXM89812
cpd25803	MetaCyc:CPD-9731	MetaCyc:CPD-9731	MetaCyc:CPD-9731	MetaCyc:CPD-9731		MetaCyc:CPD-9731	EQ	eQuilibrator:MNXM11332	MetaCyc:CPD-9731@Charged	eQuilibrator:MNXM11332
cpd25804	MetaCyc:CPD-9732	MetaCyc:CPD-9732	MetaCyc:CPD-9732	MetaCyc:CPD-9732		MetaCyc:CPD-9732	EQ	eQuilibrator:MNXM17203	MetaCyc:CPD-9732@Charged	eQuilibrator:MNXM17203
cpd25805	MetaCyc:CPD-9733	MetaCyc:CPD-9733	MetaCyc:CPD-9733	MetaCyc:CPD-9733		MetaCyc:CPD-9733	EQ	eQuilibrator:MNXM17204	MetaCyc:CPD-9733@Charged	eQuilibrator:MNXM17204
cpd25806	MetaCyc:CPD-9734	MetaCyc:CPD-9734	MetaCyc:CPD-9734	MetaCyc:CPD-9734	MetaCyc:CPD-9734	MetaCyc:CPD-9734	GC	MetaCyc:CPD-9734@Charged	MetaCyc:CPD-9734@Charged	
cpd25807	MetaCyc:CPD-9735	MetaCyc:CPD-9735	MetaCyc:CPD-9735	MetaCyc:CPD-9735	MetaCyc:CPD-9735	MetaCyc:CPD-9735	EQ	eQuilibrator:MNXM8075	MetaCyc:CPD-9735@Charged	eQuilibrator:MNXM8075
cpd25808	MetaCyc:CPD-9736	MetaCyc:CPD-9736	MetaCyc:CPD-9736	MetaCyc:CPD-9736	MetaCyc:CPD-9736	MetaCyc:CPD-9736	EQ	eQuilibrator:MNXM10009	MetaCyc:CPD-9736@Charged	eQuilibrator:MNXM10009
cpd25809	MetaCyc:CPD-9737	MetaCyc:CPD-9737	MetaCyc:CPD-9737	MetaCyc:CPD-9737	MetaCyc:CPD-9737	MetaCyc:CPD-9737	EQ	eQuilibrator:MNXM9830	MetaCyc:CPD-9737@Charged	eQuilibrator:MNXM9830
cpd25810	MetaCyc:CPD-9738	MetaCyc:CPD-9738	MetaCyc:CPD-9738	MetaCyc:CPD-9738	MetaCyc:CPD-9738	MetaCyc:CPD-9738	EQ	eQuilibrator:MNXM9877	MetaCyc:CPD-9738@Charged	eQuilibrator:MNXM9877
cpd25811	MetaCyc:CPD-9741	MetaCyc:CPD-9741	MetaCyc:CPD-9741	MetaCyc:CPD-9741	MetaCyc:CPD-9741	MetaCyc:CPD-9741	GC	MetaCyc:CPD-9741@Charged	MetaCyc:CPD-9741@Charged	eQuilibrator:MNXM18317
cpd25812	MetaCyc:CPD-9742	MetaCyc:CPD-9742	MetaCyc:CPD-9742	MetaCyc:CPD-9742	MetaCyc:CPD-9742	MetaCyc:CPD-9742	GC	MetaCyc:CPD-9742@Charged	MetaCyc:CPD-9742@Charged	eQuilibrator:MNXM18318
cpd25813	MetaCyc:CPD-9743	MetaCyc:CPD-9743	MetaCyc:CPD-9743	MetaCyc:CPD-9743	MetaCyc:CPD-9743	MetaCyc:CPD-9743	GC	MetaCyc:CPD-9743@Charged	MetaCyc:CPD-9743@Charged	eQuilibrator:MNXM18319
cpd25814	MetaCyc:CPD-9744	MetaCyc:CPD-9744	MetaCyc:CPD-9744	MetaCyc:CPD-9744	MetaCyc:CPD-9744	MetaCyc:CPD-9744	GC	MetaCyc:CPD-9744@Charged	MetaCyc:CPD-9744@Charged	eQuilibrator:MNXM18320
cpd25815	MetaCyc:CPD-9745	MetaCyc:CPD-9745	MetaCyc:CPD-9745	MetaCyc:CPD-9745	MetaCyc:CPD-9745	MetaCyc:CPD-9745	GC	MetaCyc:CPD-9745@Charged	MetaCyc:CPD-9745@Charged	eQuilibrator:MNXM18313
cpd25816	MetaCyc:CPD-9746	MetaCyc:CPD-9746	MetaCyc:CPD-9746	MetaCyc:CPD-9746	MetaCyc:CPD-9746	MetaCyc:CPD-9746	GC	MetaCyc:CPD-9746@Charged	MetaCyc:CPD-9746@Charged	eQuilibrator:MNXM18314
cpd25817	MetaCyc:CPD-9747	MetaCyc:CPD-9747	MetaCyc:CPD-9747	MetaCyc:CPD-9747	MetaCyc:CPD-9747	MetaCyc:CPD-9747	GC	MetaCyc:CPD-9747@Charged	MetaCyc:CPD-9747@Charged	eQuilibrator:MNXM18315
cpd25818	MetaCyc:CPD-9748	MetaCyc:CPD-9748	MetaCyc:CPD-9748	MetaCyc:CPD-9748	MetaCyc:CPD-9748	MetaCyc:CPD-9748	GC	MetaCyc:CPD-9748@Charged	MetaCyc:CPD-9748@Charged	eQuilibrator:MNXM18316
cpd25819	MetaCyc:CPD-9749	MetaCyc:CPD-9749	MetaCyc:CPD-9749	MetaCyc:CPD-9749	MetaCyc:CPD-9749	MetaCyc:CPD-9749	EQ	eQuilibrator:MNXM6285	MetaCyc:CPD-9749@Charged	eQuilibrator:MNXM6285
cpd25820	MetaCyc:CPD-9750	MetaCyc:CPD-9750	MetaCyc:CPD-9750	MetaCyc:CPD-9750	MetaCyc:CPD-9750	MetaCyc:CPD-9750	EQ	eQuilibrator:MNXM6286	MetaCyc:CPD-9750@Charged	eQuilibrator:MNXM6286
cpd25821	MetaCyc:CPD-9752	MetaCyc:CPD-9752	MetaCyc:CPD-9752	MetaCyc:CPD-9752	MetaCyc:CPD-9752	MetaCyc:CPD-9752	EQ	eQuilibrator:MNXM9781	MetaCyc:CPD-9752@Charged	eQuilibrator:MNXM9781
cpd25822	MetaCyc:CPD-9754	MetaCyc:CPD-9754	MetaCyc:CPD-9754	MetaCyc:CPD-9754	MetaCyc:CPD-9754	MetaCyc:CPD-9754	EQ	eQuilibrator:MNXM18979	MetaCyc:CPD-9754@Charged	eQuilibrator:MNXM18979
cpd25823	MetaCyc:CPD-9759	MetaCyc:CPD-9759	MetaCyc:CPD-9759	MetaCyc:CPD-9759	MetaCyc:CPD-9759	MetaCyc:CPD-9759	EQ	eQuilibrator:MNXM62639	MetaCyc:CPD-9759@Charged	eQuilibrator:MNXM62639
cpd25824	MetaCyc:CPD-9763	MetaCyc:CPD-9763	MetaCyc:CPD-9763	MetaCyc:CPD-9763			EQ	eQuilibrator:MNXM724801	MetaCyc:CPD-9763@Charged	eQuilibrator:MNXM724801
cpd25825	MetaCyc:CPD-9764	MetaCyc:CPD-9764	MetaCyc:CPD-9764	MetaCyc:CPD-9764			EQ	eQuilibrator:MNXM725471	MetaCyc:CPD-9764@Charged	eQuilibrator:MNXM725471
cpd25826	MetaCyc:CPD-9765	MetaCyc:CPD-9765	MetaCyc:CPD-9765	MetaCyc:CPD-9765			EQ	eQuilibrator:MNXM725082	MetaCyc:CPD-9765@Charged	eQuilibrator:MNXM725082
cpd25827	MetaCyc:CPD-9767	MetaCyc:CPD-9767	MetaCyc:CPD-9767	MetaCyc:CPD-9767	MetaCyc:CPD-9767		EQ	eQuilibrator:MNXM174259	MetaCyc:CPD-9767@Charged	eQuilibrator:MNXM174259
cpd25828	MetaCyc:CPD-9768;ChEBI:72745	MetaCyc:CPD-9768;ChEBI:72745	MetaCyc:CPD-9768;ChEBI:72745	MetaCyc:CPD-9768;ChEBI:72745	MetaCyc:CPD-9768		EQ	eQuilibrator:MNXM31465	MetaCyc:CPD-9768@Charged	eQuilibrator:MNXM31465
cpd25829	MetaCyc:CPD-9769	MetaCyc:CPD-9769	MetaCyc:CPD-9769	MetaCyc:CPD-9769	MetaCyc:CPD-9769	MetaCyc:CPD-9769	EQ	eQuilibrator:MNXM42182	MetaCyc:CPD-9769@Charged	eQuilibrator:MNXM42182
cpd25830	MetaCyc:CPD-9771	MetaCyc:CPD-9771	MetaCyc:CPD-9771	MetaCyc:CPD-9771	MetaCyc:CPD-9771	MetaCyc:CPD-9771	GC	MetaCyc:CPD-9771@Charged	MetaCyc:CPD-9771@Charged	
cpd25831	MetaCyc:CPD-9772	MetaCyc:CPD-9772	MetaCyc:CPD-9772	MetaCyc:CPD-9772	MetaCyc:CPD-9772	MetaCyc:CPD-9772	GC	MetaCyc:CPD-9772@Charged	MetaCyc:CPD-9772@Charged	
cpd25832	MetaCyc:CPD-9773	MetaCyc:CPD-9773	MetaCyc:CPD-9773	MetaCyc:CPD-9773	MetaCyc:CPD-9773	MetaCyc:CPD-9773	GC	MetaCyc:CPD-9773@Charged	MetaCyc:CPD-9773@Charged	
cpd25833	MetaCyc:CPD-9774	MetaCyc:CPD-9774	MetaCyc:CPD-9774	MetaCyc:CPD-9774	MetaCyc:CPD-9774	MetaCyc:CPD-9774	GC	MetaCyc:CPD-9774@Charged	MetaCyc:CPD-9774@Charged	
cpd25834	MetaCyc:CPD-9775@Charged;ChEBI:66941@Charged	MetaCyc:CPD-9775@Charged;ChEBI:66941@Charged	MetaCyc:CPD-9775@Charged;ChEBI:66941@Charged	MetaCyc:CPD-9775@Charged;ChEBI:66941@Charged	MetaCyc:CPD-9775	MetaCyc:CPD-9775	GC	MetaCyc:CPD-9775@Charged	MetaCyc:CPD-9775@Charged	
cpd25835	MetaCyc:CPD-9778	MetaCyc:CPD-9778	MetaCyc:CPD-9778	MetaCyc:CPD-9778	MetaCyc:CPD-9778	MetaCyc:CPD-9778	EQ	eQuilibrator:MNXM15455	MetaCyc:CPD-9778@Charged	eQuilibrator:MNXM15455
cpd25836	MetaCyc:CPD-9779	MetaCyc:CPD-9779	MetaCyc:CPD-9779	MetaCyc:CPD-9779	MetaCyc:CPD-9779	MetaCyc:CPD-9779	GC	MetaCyc:CPD-9779@Charged	MetaCyc:CPD-9779@Charged	
cpd25837	MetaCyc:CPD-9780;ChEBI:76722	MetaCyc:CPD-9780;ChEBI:76722	MetaCyc:CPD-9780;ChEBI:76722	MetaCyc:CPD-9780;ChEBI:76722	MetaCyc:CPD-9780	MetaCyc:CPD-9780	EQ	eQuilibrator:MNXM35155	MetaCyc:CPD-9780@Charged	eQuilibrator:MNXM35155
cpd25838	MetaCyc:CPD-9781;ChEBI:76613	MetaCyc:CPD-9781;ChEBI:76613	MetaCyc:CPD-9781;ChEBI:76613	MetaCyc:CPD-9781;ChEBI:76613	MetaCyc:CPD-9781	MetaCyc:CPD-9781	EQ	eQuilibrator:MNXM3844	MetaCyc:CPD-9781@Charged	eQuilibrator:MNXM3844
cpd25839	MetaCyc:CPD-9789@Charged	MetaCyc:CPD-9789@Charged	MetaCyc:CPD-9789@Charged	MetaCyc:CPD-9789@Charged	MetaCyc:CPD-9789	MetaCyc:CPD-9789	GC	MetaCyc:CPD-9789@Charged	MetaCyc:CPD-9789@Charged	
cpd25840	MetaCyc:CPD-9792	MetaCyc:CPD-9792	MetaCyc:CPD-9792	MetaCyc:CPD-9792	MetaCyc:CPD-9792		EQ	eQuilibrator:MNXM40789	MetaCyc:CPD-9792@Charged	eQuilibrator:MNXM40789
cpd25841	MetaCyc:CPD-9793	MetaCyc:CPD-9793	MetaCyc:CPD-9793	MetaCyc:CPD-9793	MetaCyc:CPD-9793	MetaCyc:CPD-9793	EQ	eQuilibrator:MNXM34890	MetaCyc:CPD-9793@Charged	eQuilibrator:MNXM34890
cpd25842	MetaCyc:CPD-9797	MetaCyc:CPD-9797	MetaCyc:CPD-9797	MetaCyc:CPD-9797	MetaCyc:CPD-9797	MetaCyc:CPD-9797	EQ	eQuilibrator:MNXM37566	MetaCyc:CPD-9797@Charged	eQuilibrator:MNXM37566
cpd25843	MetaCyc:CPD-9798	MetaCyc:CPD-9798	MetaCyc:CPD-9798	MetaCyc:CPD-9798	MetaCyc:CPD-9798	MetaCyc:CPD-9798	EQ	eQuilibrator:MNXM37560	MetaCyc:CPD-9798@Charged	eQuilibrator:MNXM37560
cpd25844	MetaCyc:CPD-9801	MetaCyc:CPD-9801	MetaCyc:CPD-9801	MetaCyc:CPD-9801	MetaCyc:CPD-9801	MetaCyc:CPD-9801	EQ	eQuilibrator:MNXM37567	MetaCyc:CPD-9801@Charged	eQuilibrator:MNXM37567
cpd25845	MetaCyc:CPD-9802	MetaCyc:CPD-9802	MetaCyc:CPD-9802	MetaCyc:CPD-9802	MetaCyc:CPD-9802	MetaCyc:CPD-9802	EQ	eQuilibrator:MNXM37561	MetaCyc:CPD-9802@Charged	eQuilibrator:MNXM37561
cpd25846	MetaCyc:CPD-9804	MetaCyc:CPD-9804	MetaCyc:CPD-9804	MetaCyc:CPD-9804	MetaCyc:CPD-9804	MetaCyc:CPD-9804	EQ	eQuilibrator:MNXM37568	MetaCyc:CPD-9804@Charged	eQuilibrator:MNXM37568
cpd25847	MetaCyc:CPD-9805	MetaCyc:CPD-9805	MetaCyc:CPD-9805	MetaCyc:CPD-9805	MetaCyc:CPD-9805	MetaCyc:CPD-9805	EQ	eQuilibrator:MNXM37562	MetaCyc:CPD-9805@Charged	eQuilibrator:MNXM37562
cpd25848	MetaCyc:CPD-9806	MetaCyc:CPD-9806	MetaCyc:CPD-9806	MetaCyc:CPD-9806	MetaCyc:CPD-9806	MetaCyc:CPD-9806	EQ	eQuilibrator:MNXM37563	MetaCyc:CPD-9806@Charged	eQuilibrator:MNXM37563
cpd25849	MetaCyc:CPD-9810	MetaCyc:CPD-9810	MetaCyc:CPD-9810	MetaCyc:CPD-9810	MetaCyc:CPD-9810	MetaCyc:CPD-9810	EQ	eQuilibrator:MNXM37557	MetaCyc:CPD-9810@Charged	eQuilibrator:MNXM37557
cpd25850	MetaCyc:CPD-9812	MetaCyc:CPD-9812	MetaCyc:CPD-9812	MetaCyc:CPD-9812	MetaCyc:CPD-9812	MetaCyc:CPD-9812	EQ	eQuilibrator:MNXM37565	MetaCyc:CPD-9812@Charged	eQuilibrator:MNXM37565
cpd25851	MetaCyc:CPD-9813	MetaCyc:CPD-9813	MetaCyc:CPD-9813	MetaCyc:CPD-9813	MetaCyc:CPD-9813	MetaCyc:CPD-9813	EQ	eQuilibrator:MNXM37559	MetaCyc:CPD-9813@Charged	eQuilibrator:MNXM37559
cpd25852	MetaCyc:CPD-9814	MetaCyc:CPD-9814	MetaCyc:CPD-9814	MetaCyc:CPD-9814	MetaCyc:CPD-9814	MetaCyc:CPD-9814	EQ	eQuilibrator:MNXM46098	MetaCyc:CPD-9814@Charged	eQuilibrator:MNXM46098
cpd25853	MetaCyc:CPD-9816	MetaCyc:CPD-9816	MetaCyc:CPD-9816	MetaCyc:CPD-9816	MetaCyc:CPD-9816	MetaCyc:CPD-9816	EQ	eQuilibrator:MNXM82552	MetaCyc:CPD-9816@Charged	eQuilibrator:MNXM82552
cpd25854	MetaCyc:CPD-9817	MetaCyc:CPD-9817	MetaCyc:CPD-9817	MetaCyc:CPD-9817	MetaCyc:CPD-9817	MetaCyc:CPD-9817	EQ	eQuilibrator:MNXM82549	MetaCyc:CPD-9817@Charged	eQuilibrator:MNXM82549
cpd25855	MetaCyc:CPD-9818	MetaCyc:CPD-9818	MetaCyc:CPD-9818	MetaCyc:CPD-9818	MetaCyc:CPD-9818	MetaCyc:CPD-9818	EQ	eQuilibrator:MNXM82553	MetaCyc:CPD-9818@Charged	eQuilibrator:MNXM82553
cpd25856	MetaCyc:CPD-9819	MetaCyc:CPD-9819	MetaCyc:CPD-9819	MetaCyc:CPD-9819	MetaCyc:CPD-9819	MetaCyc:CPD-9819	EQ	eQuilibrator:MNXM82550	MetaCyc:CPD-9819@Charged	eQuilibrator:MNXM82550
cpd25857	MetaCyc:CPD-9820	MetaCyc:CPD-9820	MetaCyc:CPD-9820	MetaCyc:CPD-9820	MetaCyc:CPD-9820	MetaCyc:CPD-9820	EQ	eQuilibrator:MNXM82554	MetaCyc:CPD-9820@Charged	eQuilibrator:MNXM82554
cpd25858	MetaCyc:CPD-9821	MetaCyc:CPD-9821	MetaCyc:CPD-9821	MetaCyc:CPD-9821	MetaCyc:CPD-9821	MetaCyc:CPD-9821	EQ	eQuilibrator:MNXM82551	MetaCyc:CPD-9821@Charged	eQuilibrator:MNXM82551
cpd25859	MetaCyc:CPD-9824	MetaCyc:CPD-9824	MetaCyc:CPD-9824	MetaCyc:CPD-9824	MetaCyc:CPD-9824	MetaCyc:CPD-9824	EQ	eQuilibrator:MNXM31178	MetaCyc:CPD-9824@Charged	eQuilibrator:MNXM31178
cpd25860	MetaCyc:CPD-983	MetaCyc:CPD-983	MetaCyc:CPD-983	MetaCyc:CPD-983	MetaCyc:CPD-983	MetaCyc:CPD-983	EQ	eQuilibrator:MNXM10062	MetaCyc:CPD-983@Charged	eQuilibrator:MNXM10062
cpd25861	MetaCyc:CPD-9832	MetaCyc:CPD-9832	MetaCyc:CPD-9832	MetaCyc:CPD-9832	MetaCyc:CPD-9832	MetaCyc:CPD-9832	GC	MetaCyc:CPD-9832@Charged	MetaCyc:CPD-9832@Charged	
cpd25862	MetaCyc:CPD-9839	MetaCyc:CPD-9839	MetaCyc:CPD-9839	MetaCyc:CPD-9839	MetaCyc:CPD-9839	MetaCyc:CPD-9839	EQ	eQuilibrator:MNXM468352	MetaCyc:CPD-9839@Charged	eQuilibrator:MNXM468352
cpd25863	MetaCyc:CPD-984@Charged	MetaCyc:CPD-984@Charged	MetaCyc:CPD-984@Charged	MetaCyc:CPD-984@Charged	MetaCyc:CPD-984	MetaCyc:CPD-984	GC	MetaCyc:CPD-984@Charged	MetaCyc:CPD-984@Charged	
cpd25864	MetaCyc:CPD-9840	MetaCyc:CPD-9840	MetaCyc:CPD-9840	MetaCyc:CPD-9840	MetaCyc:CPD-9840	MetaCyc:CPD-9840	EQ	eQuilibrator:MNXM61736	MetaCyc:CPD-9840@Charged	eQuilibrator:MNXM61736
cpd25865	MetaCyc:CPD-9841	MetaCyc:CPD-9841	MetaCyc:CPD-9841	MetaCyc:CPD-9841		MetaCyc:CPD-9841	EQ	eQuilibrator:MNXM56109	MetaCyc:CPD-9841@Charged	eQuilibrator:MNXM56109
cpd25866	MetaCyc:CPD-9842	MetaCyc:CPD-9842	MetaCyc:CPD-9842	MetaCyc:CPD-9842	MetaCyc:CPD-9842		EQ	eQuilibrator:MNXM40793	MetaCyc:CPD-9842@Charged	eQuilibrator:MNXM40793
cpd25867	MetaCyc:CPD-9843	MetaCyc:CPD-9843	MetaCyc:CPD-9843	MetaCyc:CPD-9843	MetaCyc:CPD-9843		EQ	eQuilibrator:MNXM30428	MetaCyc:CPD-9843@Charged	eQuilibrator:MNXM30428
cpd25868	MetaCyc:CPD-9844	MetaCyc:CPD-9844	MetaCyc:CPD-9844	MetaCyc:CPD-9844	MetaCyc:CPD-9844		EQ	eQuilibrator:MNXM30419	MetaCyc:CPD-9844@Charged	eQuilibrator:MNXM30419
cpd25869										
cpd25870	MetaCyc:CPD-9849;ChEBI:134607	MetaCyc:CPD-9849;ChEBI:134607	MetaCyc:CPD-9849;ChEBI:134607	MetaCyc:CPD-9849;ChEBI:134607		MetaCyc:CPD-9849	EQ	eQuilibrator:MNXM50786	MetaCyc:CPD-9849@Charged	eQuilibrator:MNXM50786
cpd25871	MetaCyc:CPD-9850	MetaCyc:CPD-9850	MetaCyc:CPD-9850	MetaCyc:CPD-9850		MetaCyc:CPD-9850	EQ	eQuilibrator:MNXM50785	MetaCyc:CPD-9850@Charged	eQuilibrator:MNXM50785
cpd25872	MetaCyc:CPD-9852;ChEBI:84496	MetaCyc:CPD-9852;ChEBI:84496	MetaCyc:CPD-9852;ChEBI:84496	MetaCyc:CPD-9852;ChEBI:84496	MetaCyc:CPD-9852	MetaCyc:CPD-9852	EQ	eQuilibrator:MNXM8112	MetaCyc:CPD-9852@Charged	eQuilibrator:MNXM8112
cpd25873	MetaCyc:CPD-9853;ChEBI:84509	MetaCyc:CPD-9853;ChEBI:84509	MetaCyc:CPD-9853;ChEBI:84509	MetaCyc:CPD-9853;ChEBI:84509	MetaCyc:CPD-9853	MetaCyc:CPD-9853	EQ	eQuilibrator:MNXM9824	MetaCyc:CPD-9853@Charged	eQuilibrator:MNXM9824
cpd25874	MetaCyc:CPD-9854;ChEBI:84516	MetaCyc:CPD-9854;ChEBI:84516	MetaCyc:CPD-9854;ChEBI:84516	MetaCyc:CPD-9854;ChEBI:84516	MetaCyc:CPD-9854	MetaCyc:CPD-9854	EQ	eQuilibrator:MNXM9976	MetaCyc:CPD-9854@Charged	eQuilibrator:MNXM9976
cpd25875	MetaCyc:CPD-9857;ChEBI:84521	MetaCyc:CPD-9857;ChEBI:84521	MetaCyc:CPD-9857;ChEBI:84521	MetaCyc:CPD-9857;ChEBI:84521	MetaCyc:CPD-9857	MetaCyc:CPD-9857	EQ	eQuilibrator:MNXM8067	MetaCyc:CPD-9857@Charged	eQuilibrator:MNXM8067
cpd25876	MetaCyc:CPD-9858;ChEBI:84528	MetaCyc:CPD-9858;ChEBI:84528	MetaCyc:CPD-9858;ChEBI:84528	MetaCyc:CPD-9858;ChEBI:84528	MetaCyc:CPD-9858	MetaCyc:CPD-9858	EQ	eQuilibrator:MNXM9852	MetaCyc:CPD-9858@Charged	eQuilibrator:MNXM9852
cpd25877	MetaCyc:CPD-9859;ChEBI:84530	MetaCyc:CPD-9859;ChEBI:84530	MetaCyc:CPD-9859;ChEBI:84530	MetaCyc:CPD-9859;ChEBI:84530	MetaCyc:CPD-9859	MetaCyc:CPD-9859	EQ	eQuilibrator:MNXM10365	MetaCyc:CPD-9859@Charged	eQuilibrator:MNXM10365
cpd25878	MetaCyc:CPD-9861;ChEBI:84431	MetaCyc:CPD-9861;ChEBI:84431	MetaCyc:CPD-9861;ChEBI:84431	MetaCyc:CPD-9861;ChEBI:84431	MetaCyc:CPD-9861	MetaCyc:CPD-9861	EQ	eQuilibrator:MNXM9999	MetaCyc:CPD-9861@Charged	eQuilibrator:MNXM9999
cpd25879	MetaCyc:CPD-9862;ChEBI:84511	MetaCyc:CPD-9862;ChEBI:84511	MetaCyc:CPD-9862;ChEBI:84511	MetaCyc:CPD-9862;ChEBI:84511	MetaCyc:CPD-9862	MetaCyc:CPD-9862	EQ	eQuilibrator:MNXM9810	MetaCyc:CPD-9862@Charged	eQuilibrator:MNXM9810
cpd25880	MetaCyc:CPD-9864;ChEBI:84503	MetaCyc:CPD-9864;ChEBI:84503	MetaCyc:CPD-9864;ChEBI:84503	MetaCyc:CPD-9864;ChEBI:84503	MetaCyc:CPD-9864	MetaCyc:CPD-9864	EQ	eQuilibrator:MNXM3838	MetaCyc:CPD-9864@Charged	eQuilibrator:MNXM3838
cpd25881	MetaCyc:CPD-9865;ChEBI:50774	MetaCyc:CPD-9865;ChEBI:50774	MetaCyc:CPD-9865;ChEBI:50774	MetaCyc:CPD-9865;ChEBI:50774	MetaCyc:CPD-9865	MetaCyc:CPD-9865	EQ	eQuilibrator:MNXM4967	MetaCyc:CPD-9865@Charged	eQuilibrator:MNXM4967
cpd25882	MetaCyc:CPD-9866;ChEBI:84522	MetaCyc:CPD-9866;ChEBI:84522	MetaCyc:CPD-9866;ChEBI:84522	MetaCyc:CPD-9866;ChEBI:84522	MetaCyc:CPD-9866	MetaCyc:CPD-9866	EQ	eQuilibrator:MNXM8068	MetaCyc:CPD-9866@Charged	eQuilibrator:MNXM8068
cpd25883	MetaCyc:CPD-9867;ChEBI:84518	MetaCyc:CPD-9867;ChEBI:84518	MetaCyc:CPD-9867;ChEBI:84518	MetaCyc:CPD-9867;ChEBI:84518	MetaCyc:CPD-9867	MetaCyc:CPD-9867	EQ	eQuilibrator:MNXM9975	MetaCyc:CPD-9867@Charged	eQuilibrator:MNXM9975
cpd25884	MetaCyc:CPD-9869;ChEBI:64180	MetaCyc:CPD-9869;ChEBI:64180	MetaCyc:CPD-9869;ChEBI:64180	MetaCyc:CPD-9869;ChEBI:64180	MetaCyc:CPD-9869	MetaCyc:CPD-9869	EQ	eQuilibrator:MNXM9809	MetaCyc:CPD-9869@Charged	eQuilibrator:MNXM9809
cpd25885	MetaCyc:CPD-9870;ChEBI:84529	MetaCyc:CPD-9870;ChEBI:84529	MetaCyc:CPD-9870;ChEBI:84529	MetaCyc:CPD-9870;ChEBI:84529	MetaCyc:CPD-9870	MetaCyc:CPD-9870	EQ	eQuilibrator:MNXM9853	MetaCyc:CPD-9870@Charged	eQuilibrator:MNXM9853
cpd25886	MetaCyc:CPD-9871;ChEBI:64181	MetaCyc:CPD-9871;ChEBI:64181	MetaCyc:CPD-9871;ChEBI:64181	MetaCyc:CPD-9871;ChEBI:64181	MetaCyc:CPD-9871	MetaCyc:CPD-9871	EQ	eQuilibrator:MNXM9808	MetaCyc:CPD-9871@Charged	eQuilibrator:MNXM9808
cpd25887	MetaCyc:CPD-9872;ChEBI:84531	MetaCyc:CPD-9872;ChEBI:84531	MetaCyc:CPD-9872;ChEBI:84531	MetaCyc:CPD-9872;ChEBI:84531	MetaCyc:CPD-9872	MetaCyc:CPD-9872	EQ	eQuilibrator:MNXM10366	MetaCyc:CPD-9872@Charged	eQuilibrator:MNXM10366
cpd25888	MetaCyc:CPD-9873;ChEBI:64182	MetaCyc:CPD-9873;ChEBI:64182	MetaCyc:CPD-9873;ChEBI:64182	MetaCyc:CPD-9873;ChEBI:64182	MetaCyc:CPD-9873	MetaCyc:CPD-9873	EQ	eQuilibrator:MNXM36398	MetaCyc:CPD-9873@Charged	eQuilibrator:MNXM36398
cpd25889	MetaCyc:CPD-9889	MetaCyc:CPD-9889	MetaCyc:CPD-9889	MetaCyc:CPD-9889		MetaCyc:CPD-9889	EQ	eQuilibrator:MNXM34147	MetaCyc:CPD-9889@Charged	eQuilibrator:MNXM34147
cpd25890	MetaCyc:CPD-9890	MetaCyc:CPD-9890	MetaCyc:CPD-9890	MetaCyc:CPD-9890	MetaCyc:CPD-9890	MetaCyc:CPD-9890	EQ	eQuilibrator:MNXM37564	MetaCyc:CPD-9890@Charged	eQuilibrator:MNXM37564
cpd25891	MetaCyc:CPD-9891	MetaCyc:CPD-9891	MetaCyc:CPD-9891	MetaCyc:CPD-9891	MetaCyc:CPD-9891	MetaCyc:CPD-9891	EQ	eQuilibrator:MNXM37558	MetaCyc:CPD-9891@Charged	eQuilibrator:MNXM37558
cpd25892	MetaCyc:CPD-9892	MetaCyc:CPD-9892	MetaCyc:CPD-9892	MetaCyc:CPD-9892						
cpd25893	MetaCyc:CPD-9894;ChEBI:84452	MetaCyc:CPD-9894;ChEBI:84452	MetaCyc:CPD-9894;ChEBI:84452	MetaCyc:CPD-9894;ChEBI:84452	MetaCyc:CPD-9894	MetaCyc:CPD-9894	EQ	eQuilibrator:MNXM9953	MetaCyc:CPD-9894@Charged	eQuilibrator:MNXM9953
cpd25894	MetaCyc:CPD-9895;ChEBI:62793	MetaCyc:CPD-9895;ChEBI:62793	MetaCyc:CPD-9895;ChEBI:62793	MetaCyc:CPD-9895;ChEBI:62793	MetaCyc:CPD-9895	MetaCyc:CPD-9895	EQ	eQuilibrator:MNXM4984	MetaCyc:CPD-9895@Charged	eQuilibrator:MNXM4984
cpd25895	MetaCyc:CPD-9896;ChEBI:62789	MetaCyc:CPD-9896;ChEBI:62789	MetaCyc:CPD-9896;ChEBI:62789	MetaCyc:CPD-9896;ChEBI:62789	MetaCyc:CPD-9896	MetaCyc:CPD-9896	EQ	eQuilibrator:MNXM10069	MetaCyc:CPD-9896@Charged	eQuilibrator:MNXM10069
cpd25896	MetaCyc:CPD-9897;ChEBI:62796	MetaCyc:CPD-9897;ChEBI:62796	MetaCyc:CPD-9897;ChEBI:62796	MetaCyc:CPD-9897;ChEBI:62796	MetaCyc:CPD-9897	MetaCyc:CPD-9897	EQ	eQuilibrator:MNXM5516	MetaCyc:CPD-9897@Charged	eQuilibrator:MNXM5516
cpd25897	MetaCyc:CPD-9898;ChEBI:62791	MetaCyc:CPD-9898;ChEBI:62791	MetaCyc:CPD-9898;ChEBI:62791	MetaCyc:CPD-9898;ChEBI:62791	MetaCyc:CPD-9898	MetaCyc:CPD-9898	EQ	eQuilibrator:MNXM10070	MetaCyc:CPD-9898@Charged	eQuilibrator:MNXM10070
cpd25898	MetaCyc:CPD-9899;ChEBI:84456	MetaCyc:CPD-9899;ChEBI:84456	MetaCyc:CPD-9899;ChEBI:84456	MetaCyc:CPD-9899;ChEBI:84456	MetaCyc:CPD-9899	MetaCyc:CPD-9899	EQ	eQuilibrator:MNXM10058	MetaCyc:CPD-9899@Charged	eQuilibrator:MNXM10058
cpd25899	MetaCyc:CPD-9903;ChEBI:84450	MetaCyc:CPD-9903;ChEBI:84450	MetaCyc:CPD-9903;ChEBI:84450	MetaCyc:CPD-9903;ChEBI:84450	MetaCyc:CPD-9903	MetaCyc:CPD-9903	EQ	eQuilibrator:MNXM9952	MetaCyc:CPD-9903@Charged	eQuilibrator:MNXM9952
cpd25900	MetaCyc:CPD-9904;ChEBI:84454	MetaCyc:CPD-9904;ChEBI:84454	MetaCyc:CPD-9904;ChEBI:84454	MetaCyc:CPD-9904;ChEBI:84454	MetaCyc:CPD-9904	MetaCyc:CPD-9904	EQ	eQuilibrator:MNXM10057	MetaCyc:CPD-9904@Charged	eQuilibrator:MNXM10057
cpd25901	MetaCyc:CPD-9918	MetaCyc:CPD-9918	MetaCyc:CPD-9918	MetaCyc:CPD-9918	MetaCyc:CPD-9918	MetaCyc:CPD-9918	EQ	eQuilibrator:MNXM589156	MetaCyc:CPD-9918@Charged	eQuilibrator:MNXM589156
cpd25902	MetaCyc:CPD-9920	MetaCyc:CPD-9920	MetaCyc:CPD-9920	MetaCyc:CPD-9920	MetaCyc:CPD-9920	MetaCyc:CPD-9920	GC	MetaCyc:CPD-9920@Charged	MetaCyc:CPD-9920@Charged	eQuilibrator:MNXM88860
cpd25903	MetaCyc:CPD-9926	MetaCyc:CPD-9926	MetaCyc:CPD-9926	MetaCyc:CPD-9926		MetaCyc:CPD-9926	GC	MetaCyc:CPD-9926@Charged	MetaCyc:CPD-9926@Charged	
cpd25904	MetaCyc:CPD-9927	MetaCyc:CPD-9927	MetaCyc:CPD-9927	MetaCyc:CPD-9927		MetaCyc:CPD-9927	GC	MetaCyc:CPD-9927@Charged	MetaCyc:CPD-9927@Charged	
cpd25905	MetaCyc:CPD-9928	MetaCyc:CPD-9928	MetaCyc:CPD-9928	MetaCyc:CPD-9928		MetaCyc:CPD-9928	GC	MetaCyc:CPD-9928@Charged	MetaCyc:CPD-9928@Charged	
cpd25906	MetaCyc:CPD-9929	MetaCyc:CPD-9929	MetaCyc:CPD-9929	MetaCyc:CPD-9929		MetaCyc:CPD-9929	GC	MetaCyc:CPD-9929@Charged	MetaCyc:CPD-9929@Charged	
cpd25907	MetaCyc:CPD-9933;KEGG:C20464;ChEBI:73343	MetaCyc:CPD-9933;KEGG:C20464;ChEBI:73343	MetaCyc:CPD-9933;KEGG:C20464;ChEBI:73343	MetaCyc:CPD-9933;KEGG:C20464;ChEBI:73343	KEGG:C20464	KEGG:C20464	EQ	eQuilibrator:MNXM8303	KEGG:C20464@Charged	eQuilibrator:MNXM8303
cpd25908	MetaCyc:CPD-9934	MetaCyc:CPD-9934	MetaCyc:CPD-9934	MetaCyc:CPD-9934	MetaCyc:CPD-9934	MetaCyc:CPD-9934	EQ	eQuilibrator:MNXM53989	MetaCyc:CPD-9934@Charged	eQuilibrator:MNXM53989
cpd25909	MetaCyc:CPD-9941	MetaCyc:CPD-9941	MetaCyc:CPD-9941	MetaCyc:CPD-9941	MetaCyc:CPD-9941	MetaCyc:CPD-9941	EQ	eQuilibrator:MNXM11748	MetaCyc:CPD-9941@Charged	eQuilibrator:MNXM11748
cpd25910	MetaCyc:CPD-9946	MetaCyc:CPD-9946		MetaCyc:CPD-9946		MetaCyc:CPD-9946	GC	MetaCyc:CPD-9946@Charged	MetaCyc:CPD-9946@Charged	
cpd25911	MetaCyc:CPD-9947	MetaCyc:CPD-9947	MetaCyc:CPD-9947	MetaCyc:CPD-9947	MetaCyc:CPD-9947	MetaCyc:CPD-9947	EQ	eQuilibrator:MNXM12795	MetaCyc:CPD-9947@Charged	eQuilibrator:MNXM12795
cpd25912	MetaCyc:CPD-9948	MetaCyc:CPD-9948	MetaCyc:CPD-9948	MetaCyc:CPD-9948		MetaCyc:CPD-9948	EQ	eQuilibrator:MNXM17515	MetaCyc:CPD-9948@Charged	eQuilibrator:MNXM17515
cpd25913	MetaCyc:CPD-9955;ChEBI:84432	MetaCyc:CPD-9955;ChEBI:84432	MetaCyc:CPD-9955;ChEBI:84432	MetaCyc:CPD-9955;ChEBI:84432	MetaCyc:CPD-9955	MetaCyc:CPD-9955	EQ	eQuilibrator:MNXM13205	MetaCyc:CPD-9955@Charged	eQuilibrator:MNXM13205
cpd25914	MetaCyc:CPD-9957;ChEBI:84424	MetaCyc:CPD-9957;ChEBI:84424	MetaCyc:CPD-9957;ChEBI:84424	MetaCyc:CPD-9957;ChEBI:84424	MetaCyc:CPD-9957	MetaCyc:CPD-9957	EQ	eQuilibrator:MNXM7857	MetaCyc:CPD-9957@Charged	eQuilibrator:MNXM7857
cpd25915	MetaCyc:CPD-9958;ChEBI:64183	MetaCyc:CPD-9958;ChEBI:64183	MetaCyc:CPD-9958;ChEBI:64183	MetaCyc:CPD-9958;ChEBI:64183	MetaCyc:CPD-9958	MetaCyc:CPD-9958	EQ	eQuilibrator:MNXM9200	MetaCyc:CPD-9958@Charged	eQuilibrator:MNXM9200
cpd25916	MetaCyc:CPD-9967	MetaCyc:CPD-9967	MetaCyc:CPD-9967	MetaCyc:CPD-9967	MetaCyc:CPD-9967	MetaCyc:CPD-9967	EQ	eQuilibrator:MNXM21579	MetaCyc:CPD-9967@Charged	eQuilibrator:MNXM21579
cpd25917	MetaCyc:CPD-9968	MetaCyc:CPD-9968	MetaCyc:CPD-9968	MetaCyc:CPD-9968		MetaCyc:CPD-9968	EQ	eQuilibrator:MNXM17199	MetaCyc:CPD-9968@Charged	eQuilibrator:MNXM17199
cpd25918	MetaCyc:CPD-9969	MetaCyc:CPD-9969	MetaCyc:CPD-9969	MetaCyc:CPD-9969		MetaCyc:CPD-9969	EQ	eQuilibrator:MNXM17200	MetaCyc:CPD-9969@Charged	eQuilibrator:MNXM17200
cpd25919	MetaCyc:CPD-9970	MetaCyc:CPD-9970	MetaCyc:CPD-9970	MetaCyc:CPD-9970		MetaCyc:CPD-9970	EQ	eQuilibrator:MNXM17201	MetaCyc:CPD-9970@Charged	eQuilibrator:MNXM17201
cpd25920	MetaCyc:CPD-9971	MetaCyc:CPD-9971	MetaCyc:CPD-9971	MetaCyc:CPD-9971		MetaCyc:CPD-9971	EQ	eQuilibrator:MNXM17202	MetaCyc:CPD-9971@Charged	eQuilibrator:MNXM17202
cpd25921	MetaCyc:CPD-9972@Charged;ChEBI:84603@Charged	MetaCyc:CPD-9972@Charged;ChEBI:84603@Charged	MetaCyc:CPD-9972@Charged;ChEBI:84603@Charged	MetaCyc:CPD-9972@Charged;ChEBI:84603@Charged	MetaCyc:CPD-9972		EQ	eQuilibrator:MNXM5721	MetaCyc:CPD-9972@Charged	eQuilibrator:MNXM5721
cpd25922	MetaCyc:CPD-9973@Charged;ChEBI:82657@Charged	MetaCyc:CPD-9973@Charged;ChEBI:82657@Charged		MetaCyc:CPD-9973@Charged;ChEBI:82657@Charged		MetaCyc:CPD-9973	GC	MetaCyc:CPD-9973@Charged	MetaCyc:CPD-9973@Charged	
cpd25923	MetaCyc:CPD-9974	MetaCyc:CPD-9974	MetaCyc:CPD-9974	MetaCyc:CPD-9974	MetaCyc:CPD-9974	MetaCyc:CPD-9974	EQ	eQuilibrator:MNXM57012	MetaCyc:CPD-9974@Charged	eQuilibrator:MNXM57012
cpd25924	MetaCyc:CPD-9980;KEGG:C20789@Charged;ChEBI:76846	MetaCyc:CPD-9980;KEGG:C20789@Charged;ChEBI:76846	MetaCyc:CPD-9980;KEGG:C20789@Charged;ChEBI:76846	MetaCyc:CPD-9980;KEGG:C20789@Charged;ChEBI:76846	KEGG:C20789	KEGG:C20789	GC	KEGG:C20789@Charged	KEGG:C20789@Charged	eQuilibrator:MNXM10416
cpd25925	MetaCyc:CPD-9983	MetaCyc:CPD-9983	MetaCyc:CPD-9983	MetaCyc:CPD-9983	MetaCyc:CPD-9983	MetaCyc:CPD-9983	EQ	eQuilibrator:MNXM34443	MetaCyc:CPD-9983@Charged	eQuilibrator:MNXM34443
cpd25926	MetaCyc:CPD-9985	MetaCyc:CPD-9985	MetaCyc:CPD-9985	MetaCyc:CPD-9985	MetaCyc:CPD-9985	MetaCyc:CPD-9985	EQ		MetaCyc:CPD-9985@Charged	
cpd25927	MetaCyc:CPD-9986	MetaCyc:CPD-9986	MetaCyc:CPD-9986	MetaCyc:CPD-9986	MetaCyc:CPD-9986	MetaCyc:CPD-9986	GC	MetaCyc:CPD-9986@Charged	MetaCyc:CPD-9986@Charged	
cpd25928	MetaCyc:CPD-9987	MetaCyc:CPD-9987	MetaCyc:CPD-9987	MetaCyc:CPD-9987	MetaCyc:CPD-9987	MetaCyc:CPD-9987	EQ		MetaCyc:CPD-9987@Charged	
cpd25929	MetaCyc:CPD-9989	MetaCyc:CPD-9989	MetaCyc:CPD-9989	MetaCyc:CPD-9989	MetaCyc:CPD-9989	MetaCyc:CPD-9989	GC	MetaCyc:CPD-9989@Charged	MetaCyc:CPD-9989@Charged	
cpd25930	MetaCyc:CPD-9990	MetaCyc:CPD-9990	MetaCyc:CPD-9990	MetaCyc:CPD-9990	MetaCyc:CPD-9990	MetaCyc:CPD-9990	GC	MetaCyc:CPD-9990@Charged	MetaCyc:CPD-9990@Charged	
cpd25931	MetaCyc:CPD-9993@Charged;ChEBI:42626	MetaCyc:CPD-9993@Charged;ChEBI:42626	MetaCyc:CPD-9993@Charged;ChEBI:42626	MetaCyc:CPD-9993@Charged;ChEBI:42626	MetaCyc:CPD-9993	MetaCyc:CPD-9993	GC	MetaCyc:CPD-9993@Charged	MetaCyc:CPD-9993@Charged	eQuilibrator:MNXM18249
cpd25932	MetaCyc:CPD-9994;ChEBI:64847@Charged	MetaCyc:CPD-9994;ChEBI:64847@Charged	MetaCyc:CPD-9994;ChEBI:64847@Charged	MetaCyc:CPD-9994;ChEBI:64847@Charged	MetaCyc:CPD-9994	MetaCyc:CPD-9994	GC	MetaCyc:CPD-9994@Charged	MetaCyc:CPD-9994@Charged	eQuilibrator:MNXM18960
cpd25933	MetaCyc:CPD-9998	MetaCyc:CPD-9998	MetaCyc:CPD-9998	MetaCyc:CPD-9998	MetaCyc:CPD-9998	MetaCyc:CPD-9998	GC	MetaCyc:CPD-9998@Charged	MetaCyc:CPD-9998@Charged	
cpd25934	MetaCyc:CPD0-1024@Charged	MetaCyc:CPD0-1024@Charged	MetaCyc:CPD0-1024@Charged	MetaCyc:CPD0-1024@Charged	MetaCyc:CPD0-1024	MetaCyc:CPD0-1024	EQ	eQuilibrator:MNXM36073	MetaCyc:CPD0-1024@Charged	eQuilibrator:MNXM36073
cpd25935	MetaCyc:CPD0-1025@Charged	MetaCyc:CPD0-1025@Charged	MetaCyc:CPD0-1025@Charged	MetaCyc:CPD0-1025@Charged	MetaCyc:CPD0-1025	MetaCyc:CPD0-1025	GC	MetaCyc:CPD0-1025@Charged	MetaCyc:CPD0-1025@Charged	eQuilibrator:MNXM44774
cpd25936	MetaCyc:CPD0-1027	MetaCyc:CPD0-1027		MetaCyc:CPD0-1027	MetaCyc:CPD0-1027	MetaCyc:CPD0-1027	GC	MetaCyc:CPD0-1027@Charged	MetaCyc:CPD0-1027@Charged	
cpd25937	MetaCyc:CPD0-1029	MetaCyc:CPD0-1029	MetaCyc:CPD0-1029	MetaCyc:CPD0-1029	MetaCyc:CPD0-1029	MetaCyc:CPD0-1029	EQ	eQuilibrator:MNXM89487	MetaCyc:CPD0-1029@Charged	eQuilibrator:MNXM89487
cpd25938	MetaCyc:CPD0-1032;ChEBI:84138	MetaCyc:CPD0-1032;ChEBI:84138	MetaCyc:CPD0-1032;ChEBI:84138	MetaCyc:CPD0-1032;ChEBI:84138	MetaCyc:CPD0-1032	MetaCyc:CPD0-1032	EQ	eQuilibrator:MNXM13753	MetaCyc:CPD0-1032@Charged	eQuilibrator:MNXM13753
cpd25939	MetaCyc:CPD0-1034	MetaCyc:CPD0-1034	MetaCyc:CPD0-1034	MetaCyc:CPD0-1034	MetaCyc:CPD0-1034	MetaCyc:CPD0-1034	GC	MetaCyc:CPD0-1034@Charged	MetaCyc:CPD0-1034@Charged	eQuilibrator:MNXM64047
cpd25940	MetaCyc:CPD0-1035	MetaCyc:CPD0-1035	MetaCyc:CPD0-1035	MetaCyc:CPD0-1035	MetaCyc:CPD0-1035	MetaCyc:CPD0-1035	GC	MetaCyc:CPD0-1035@Charged	MetaCyc:CPD0-1035@Charged	eQuilibrator:MNXM64047
cpd25941	MetaCyc:CPD0-1036	MetaCyc:CPD0-1036	MetaCyc:CPD0-1036	MetaCyc:CPD0-1036	MetaCyc:CPD0-1036	MetaCyc:CPD0-1036	GC	MetaCyc:CPD0-1036@Charged	MetaCyc:CPD0-1036@Charged	
cpd25942	MetaCyc:CPD0-1037	MetaCyc:CPD0-1037	MetaCyc:CPD0-1037	MetaCyc:CPD0-1037	MetaCyc:CPD0-1037	MetaCyc:CPD0-1037	GC	MetaCyc:CPD0-1037@Charged	MetaCyc:CPD0-1037@Charged	
cpd25943	MetaCyc:CPD0-1038	MetaCyc:CPD0-1038	MetaCyc:CPD0-1038	MetaCyc:CPD0-1038	MetaCyc:CPD0-1038	MetaCyc:CPD0-1038	GC	MetaCyc:CPD0-1038@Charged	MetaCyc:CPD0-1038@Charged	eQuilibrator:MNXM87099
cpd25944	MetaCyc:CPD0-1040	MetaCyc:CPD0-1040	MetaCyc:CPD0-1040	MetaCyc:CPD0-1040	MetaCyc:CPD0-1040	MetaCyc:CPD0-1040	GC	MetaCyc:CPD0-1040@Charged	MetaCyc:CPD0-1040@Charged	
cpd25945	MetaCyc:CPD0-1041;KEGG:C20674;ChEBI:20794	MetaCyc:CPD0-1041;KEGG:C20674;ChEBI:20794	MetaCyc:CPD0-1041;KEGG:C20674;ChEBI:20794	KEGG:C20674;ChEBI:20794	KEGG:C20674	KEGG:C20674	GC	KEGG:C20674@Charged	KEGG:C20674@Charged	eQuilibrator:MNXM722809
cpd25946	MetaCyc:CPD0-1042	MetaCyc:CPD0-1042	MetaCyc:CPD0-1042	MetaCyc:CPD0-1042	MetaCyc:CPD0-1042	MetaCyc:CPD0-1042	EQ	eQuilibrator:MNXM32864	MetaCyc:CPD0-1042@Charged	eQuilibrator:MNXM32864
cpd25947	MetaCyc:CPD0-1043	MetaCyc:CPD0-1043	MetaCyc:CPD0-1043	MetaCyc:CPD0-1043	MetaCyc:CPD0-1043	MetaCyc:CPD0-1043	GC	MetaCyc:CPD0-1043@Charged	MetaCyc:CPD0-1043@Charged	eQuilibrator:MNXM32860
cpd25948	MetaCyc:CPD0-1045	MetaCyc:CPD0-1045	MetaCyc:CPD0-1045	MetaCyc:CPD0-1045	MetaCyc:CPD0-1045	MetaCyc:CPD0-1045	GC	MetaCyc:CPD0-1045@Charged	MetaCyc:CPD0-1045@Charged	
cpd25949	MetaCyc:CPD0-1048	MetaCyc:CPD0-1048	MetaCyc:CPD0-1048	MetaCyc:CPD0-1048	MetaCyc:CPD0-1048	MetaCyc:CPD0-1048	EQ	eQuilibrator:MNXM20057	MetaCyc:CPD0-1048@Charged	eQuilibrator:MNXM20057
cpd25950	MetaCyc:CPD0-1049	MetaCyc:CPD0-1049	MetaCyc:CPD0-1049	MetaCyc:CPD0-1049	MetaCyc:CPD0-1049	MetaCyc:CPD0-1049	EQ	eQuilibrator:MNXM588443	MetaCyc:CPD0-1049@Charged	eQuilibrator:MNXM588443
cpd25951	MetaCyc:CPD0-1050	MetaCyc:CPD0-1050	MetaCyc:CPD0-1050	MetaCyc:CPD0-1050	MetaCyc:CPD0-1050	MetaCyc:CPD0-1050	EQ	eQuilibrator:MNXM65379	MetaCyc:CPD0-1050@Charged	eQuilibrator:MNXM65379
cpd25952	MetaCyc:CPD0-1051	MetaCyc:CPD0-1051	MetaCyc:CPD0-1051	MetaCyc:CPD0-1051	MetaCyc:CPD0-1051	MetaCyc:CPD0-1051	EQ	eQuilibrator:MNXM521805	MetaCyc:CPD0-1051@Charged	eQuilibrator:MNXM521805
cpd25953	MetaCyc:CPD0-1052	MetaCyc:CPD0-1052	MetaCyc:CPD0-1052	MetaCyc:CPD0-1052	MetaCyc:CPD0-1052	MetaCyc:CPD0-1052	EQ		MetaCyc:CPD0-1052@Charged	
cpd25954	MetaCyc:CPD0-1053	MetaCyc:CPD0-1053	MetaCyc:CPD0-1053	MetaCyc:CPD0-1053	MetaCyc:CPD0-1053	MetaCyc:CPD0-1053	GC	MetaCyc:CPD0-1053@Charged	MetaCyc:CPD0-1053@Charged	
cpd25955	MetaCyc:CPD0-1054@Charged	MetaCyc:CPD0-1054@Charged	MetaCyc:CPD0-1054@Charged	MetaCyc:CPD0-1054@Charged	MetaCyc:CPD0-1054	MetaCyc:CPD0-1054	GC	MetaCyc:CPD0-1054@Charged	MetaCyc:CPD0-1054@Charged	
cpd25956	MetaCyc:CPD0-1055@Charged	MetaCyc:CPD0-1055@Charged	MetaCyc:CPD0-1055@Charged	MetaCyc:CPD0-1055@Charged	MetaCyc:CPD0-1055	MetaCyc:CPD0-1055	GC	MetaCyc:CPD0-1055@Charged	MetaCyc:CPD0-1055@Charged	eQuilibrator:MNXM77907
cpd25957	MetaCyc:CPD0-1057	MetaCyc:CPD0-1057	MetaCyc:CPD0-1057	MetaCyc:CPD0-1057	MetaCyc:CPD0-1057	MetaCyc:CPD0-1057	GC	MetaCyc:CPD0-1057@Charged	MetaCyc:CPD0-1057@Charged	
cpd25958	MetaCyc:CPD0-1059	MetaCyc:CPD0-1059	MetaCyc:CPD0-1059	MetaCyc:CPD0-1059	MetaCyc:CPD0-1059	MetaCyc:CPD0-1059	EQ	eQuilibrator:MNXM63853	MetaCyc:CPD0-1059@Charged	eQuilibrator:MNXM63853
cpd25959	MetaCyc:CPD0-1061	MetaCyc:CPD0-1061	MetaCyc:CPD0-1061	MetaCyc:CPD0-1061		MetaCyc:CPD0-1061	EQ	eQuilibrator:MNXM34488	MetaCyc:CPD0-1061@Charged	eQuilibrator:MNXM34488
cpd25960	MetaCyc:CPD0-1068;KEGG:C20396@Charged;ChEBI:68684	MetaCyc:CPD0-1068;KEGG:C20396@Charged;ChEBI:68684	MetaCyc:CPD0-1068;KEGG:C20396@Charged;ChEBI:68684	MetaCyc:CPD0-1068;KEGG:C20396@Charged;ChEBI:68684	KEGG:C20396		EQ	eQuilibrator:MNXM19346	KEGG:C20396@Charged	eQuilibrator:MNXM19346
cpd25961	MetaCyc:CPD0-1076	MetaCyc:CPD0-1076	MetaCyc:CPD0-1076	MetaCyc:CPD0-1076	MetaCyc:CPD0-1076		EQ	eQuilibrator:MNXM78261	MetaCyc:CPD0-1076@Charged	eQuilibrator:MNXM78261
cpd25962	MetaCyc:CPD0-1077	MetaCyc:CPD0-1077	MetaCyc:CPD0-1077	MetaCyc:CPD0-1077	MetaCyc:CPD0-1077	MetaCyc:CPD0-1077	EQ	eQuilibrator:MNXM36336	MetaCyc:CPD0-1077@Charged	eQuilibrator:MNXM36336
cpd25963	MetaCyc:CPD0-1078@Charged	MetaCyc:CPD0-1078@Charged	MetaCyc:CPD0-1078@Charged	MetaCyc:CPD0-1078@Charged	MetaCyc:CPD0-1078		GC	MetaCyc:CPD0-1078@Charged	MetaCyc:CPD0-1078@Charged	
cpd25964	MetaCyc:CPD0-1080	MetaCyc:CPD0-1080	MetaCyc:CPD0-1080	MetaCyc:CPD0-1080	MetaCyc:CPD0-1080	MetaCyc:CPD0-1080	GC	MetaCyc:CPD0-1080@Charged	MetaCyc:CPD0-1080@Charged	
cpd25965	MetaCyc:CPD0-1081	MetaCyc:CPD0-1081	MetaCyc:CPD0-1081	MetaCyc:CPD0-1081	MetaCyc:CPD0-1081	MetaCyc:CPD0-1081	GC	MetaCyc:CPD0-1081@Charged	MetaCyc:CPD0-1081@Charged	
cpd25966	MetaCyc:CPD0-1082	MetaCyc:CPD0-1082	MetaCyc:CPD0-1082	MetaCyc:CPD0-1082	MetaCyc:CPD0-1082	MetaCyc:CPD0-1082	EQ	eQuilibrator:MNXM163832	MetaCyc:CPD0-1082@Charged	eQuilibrator:MNXM163832
cpd25967	MetaCyc:CPD0-1084	MetaCyc:CPD0-1084	MetaCyc:CPD0-1084	MetaCyc:CPD0-1084	MetaCyc:CPD0-1084	MetaCyc:CPD0-1084	EQ	eQuilibrator:MNXM527708	MetaCyc:CPD0-1084@Charged	eQuilibrator:MNXM527708
cpd25968	MetaCyc:CPD0-1085	MetaCyc:CPD0-1085	MetaCyc:CPD0-1085	MetaCyc:CPD0-1085	MetaCyc:CPD0-1085	MetaCyc:CPD0-1085	GC	MetaCyc:CPD0-1085@Charged	MetaCyc:CPD0-1085@Charged	
cpd25969	MetaCyc:CPD0-1086	MetaCyc:CPD0-1086	MetaCyc:CPD0-1086	MetaCyc:CPD0-1086	MetaCyc:CPD0-1086	MetaCyc:CPD0-1086	EQ		MetaCyc:CPD0-1086@Charged	
cpd25970	MetaCyc:CPD0-1090;ChEBI:21332	MetaCyc:CPD0-1090;ChEBI:21332	MetaCyc:CPD0-1090;ChEBI:21332	MetaCyc:CPD0-1090;ChEBI:21332	MetaCyc:CPD0-1090	MetaCyc:CPD0-1090	EQ	eQuilibrator:MNXM18914	MetaCyc:CPD0-1090@Charged	eQuilibrator:MNXM18914
cpd25971	MetaCyc:CPD0-1092	MetaCyc:CPD0-1092	MetaCyc:CPD0-1092	MetaCyc:CPD0-1092	MetaCyc:CPD0-1092	MetaCyc:CPD0-1092	EQ	eQuilibrator:MNXM48534	MetaCyc:CPD0-1092@Charged	eQuilibrator:MNXM48534
cpd25972	MetaCyc:CPD0-1093@Charged	MetaCyc:CPD0-1093@Charged	MetaCyc:CPD0-1093@Charged	MetaCyc:CPD0-1093@Charged	MetaCyc:CPD0-1093	MetaCyc:CPD0-1093	EQ		MetaCyc:CPD0-1093@Charged	
cpd25973	MetaCyc:CPD0-1094@Charged	MetaCyc:CPD0-1094@Charged	MetaCyc:CPD0-1094@Charged	MetaCyc:CPD0-1094@Charged	MetaCyc:CPD0-1094	MetaCyc:CPD0-1094	EQ	eQuilibrator:MNXM39437	MetaCyc:CPD0-1094@Charged	eQuilibrator:MNXM39437
cpd25974	MetaCyc:CPD0-1095;ChEBI:71393	MetaCyc:CPD0-1095;ChEBI:71393	MetaCyc:CPD0-1095;ChEBI:71393	MetaCyc:CPD0-1095;ChEBI:71393	MetaCyc:CPD0-1095	MetaCyc:CPD0-1095	GC	MetaCyc:CPD0-1095@Charged	MetaCyc:CPD0-1095@Charged	
cpd25975	MetaCyc:CPD0-1096	MetaCyc:CPD0-1096	MetaCyc:CPD0-1096	MetaCyc:CPD0-1096	MetaCyc:CPD0-1096	MetaCyc:CPD0-1096	EQ	eQuilibrator:MNXM55168	MetaCyc:CPD0-1096@Charged	eQuilibrator:MNXM55168
cpd25976	MetaCyc:CPD0-1098	MetaCyc:CPD0-1098		MetaCyc:CPD0-1098		MetaCyc:CPD0-1098	GC	MetaCyc:CPD0-1098@Charged	MetaCyc:CPD0-1098@Charged	
cpd25977										
cpd25978	MetaCyc:CPD0-1101	MetaCyc:CPD0-1101	MetaCyc:CPD0-1101	MetaCyc:CPD0-1101	MetaCyc:CPD0-1101		GC	MetaCyc:CPD0-1101@Charged	MetaCyc:CPD0-1101@Charged	
cpd25979	MetaCyc:CPD0-1103	MetaCyc:CPD0-1103	MetaCyc:CPD0-1103	MetaCyc:CPD0-1103	MetaCyc:CPD0-1103	MetaCyc:CPD0-1103	EQ	eQuilibrator:MNXM36030	MetaCyc:CPD0-1103@Charged	eQuilibrator:MNXM36030
cpd25980	MetaCyc:CPD0-1105	MetaCyc:CPD0-1105	MetaCyc:CPD0-1105	MetaCyc:CPD0-1105	MetaCyc:CPD0-1105		GC	MetaCyc:CPD0-1105@Charged	MetaCyc:CPD0-1105@Charged	
cpd25981	MetaCyc:CPD0-1107;ChEBI:42589	MetaCyc:CPD0-1107;ChEBI:42589	MetaCyc:CPD0-1107;ChEBI:42589	MetaCyc:CPD0-1107;ChEBI:42589	MetaCyc:CPD0-1107	MetaCyc:CPD0-1107	EQ	eQuilibrator:MNXM6189	MetaCyc:CPD0-1107@Charged	eQuilibrator:MNXM6189
cpd25982	MetaCyc:CPD0-1114	MetaCyc:CPD0-1114	MetaCyc:CPD0-1114	MetaCyc:CPD0-1114	MetaCyc:CPD0-1114	MetaCyc:CPD0-1114	EQ	eQuilibrator:MNXM59523	MetaCyc:CPD0-1114@Charged	eQuilibrator:MNXM59523
cpd25983	MetaCyc:CPD0-1116	MetaCyc:CPD0-1116	MetaCyc:CPD0-1116	MetaCyc:CPD0-1116	MetaCyc:CPD0-1116	MetaCyc:CPD0-1116	EQ	eQuilibrator:MNXM48619	MetaCyc:CPD0-1116@Charged	eQuilibrator:MNXM48619
cpd25984	MetaCyc:CPD0-1117	MetaCyc:CPD0-1117	MetaCyc:CPD0-1117	MetaCyc:CPD0-1117	MetaCyc:CPD0-1117	MetaCyc:CPD0-1117	EQ	eQuilibrator:MNXM64574	MetaCyc:CPD0-1117@Charged	eQuilibrator:MNXM64574
cpd25985	MetaCyc:CPD0-1118	MetaCyc:CPD0-1118	MetaCyc:CPD0-1118	MetaCyc:CPD0-1118		MetaCyc:CPD0-1118	EQ	eQuilibrator:MNXM113802	MetaCyc:CPD0-1118@Charged	eQuilibrator:MNXM113802
cpd25986	MetaCyc:CPD-24331;MetaCyc:CPD0-1119@Charged	MetaCyc:CPD-24331;MetaCyc:CPD0-1119@Charged	MetaCyc:CPD-24331;MetaCyc:CPD0-1119@Charged	MetaCyc:CPD-24331;MetaCyc:CPD0-1119@Charged	MetaCyc:CPD-24331	MetaCyc:CPD-24331	GC	MetaCyc:CPD0-1119@Charged	MetaCyc:CPD0-1119@Charged	
cpd25987	MetaCyc:CPD0-1129	MetaCyc:CPD0-1129	MetaCyc:CPD0-1129	MetaCyc:CPD0-1129	MetaCyc:CPD0-1129	MetaCyc:CPD0-1129	GC	MetaCyc:CPD0-1129@Charged	MetaCyc:CPD0-1129@Charged	
cpd25988	MetaCyc:CPD0-1138@Charged	MetaCyc:CPD0-1138@Charged	MetaCyc:CPD0-1138@Charged	MetaCyc:CPD0-1138@Charged	MetaCyc:CPD0-1138	MetaCyc:CPD0-1138	EQ	eQuilibrator:MNXM88283	MetaCyc:CPD0-1138@Charged	eQuilibrator:MNXM88283
cpd25989	MetaCyc:CPD0-1139	MetaCyc:CPD0-1139	MetaCyc:CPD0-1139	MetaCyc:CPD0-1139	MetaCyc:CPD0-1139	MetaCyc:CPD0-1139	EQ	eQuilibrator:MNXM166884	MetaCyc:CPD0-1139@Charged	eQuilibrator:MNXM166884
cpd25990	MetaCyc:CPD0-1141	MetaCyc:CPD0-1141	MetaCyc:CPD0-1141	MetaCyc:CPD0-1141	MetaCyc:CPD0-1141	MetaCyc:CPD0-1141	EQ	eQuilibrator:MNXM36007	MetaCyc:CPD0-1141@Charged	eQuilibrator:MNXM36007
cpd25991	MetaCyc:CPD0-1143@Charged	MetaCyc:CPD0-1143@Charged	MetaCyc:CPD0-1143@Charged	MetaCyc:CPD0-1143@Charged	MetaCyc:CPD0-1143	MetaCyc:CPD0-1143	GC	MetaCyc:CPD0-1143@Charged	MetaCyc:CPD0-1143@Charged	
cpd25992	MetaCyc:CPD0-1144	MetaCyc:CPD0-1144	MetaCyc:CPD0-1144	MetaCyc:CPD0-1144	MetaCyc:CPD0-1144	MetaCyc:CPD0-1144	EQ	eQuilibrator:MNXM37700	MetaCyc:CPD0-1144@Charged	eQuilibrator:MNXM37700
cpd25993	MetaCyc:CPD0-1149	MetaCyc:CPD0-1149	MetaCyc:CPD0-1149	MetaCyc:CPD0-1149	MetaCyc:CPD0-1149	MetaCyc:CPD0-1149	GC	MetaCyc:CPD0-1149@Charged	MetaCyc:CPD0-1149@Charged	eQuilibrator:MNXM52795
cpd25994	MetaCyc:CPD0-1151@Charged	MetaCyc:CPD0-1151@Charged	MetaCyc:CPD0-1151@Charged	MetaCyc:CPD0-1151@Charged	MetaCyc:CPD0-1151		GC	MetaCyc:CPD0-1151@Charged	MetaCyc:CPD0-1151@Charged	
cpd25995	MetaCyc:CPD0-1152	MetaCyc:CPD0-1152	MetaCyc:CPD0-1152	MetaCyc:CPD0-1152	MetaCyc:CPD0-1152	MetaCyc:CPD0-1152	EQ	eQuilibrator:MNXM64072	MetaCyc:CPD0-1152@Charged	eQuilibrator:MNXM64072
cpd25996	MetaCyc:CPD0-1153	MetaCyc:CPD0-1153	MetaCyc:CPD0-1153	MetaCyc:CPD0-1153	MetaCyc:CPD0-1153	MetaCyc:CPD0-1153	EQ		MetaCyc:CPD0-1153@Charged	
cpd25997	MetaCyc:CPD0-1156	MetaCyc:CPD0-1156	MetaCyc:CPD0-1156	MetaCyc:CPD0-1156		MetaCyc:CPD0-1156	EQ	eQuilibrator:MNXM19327	MetaCyc:CPD0-1156@Charged	eQuilibrator:MNXM19327
cpd25998	MetaCyc:CPD0-1157	MetaCyc:CPD0-1157	MetaCyc:CPD0-1157	MetaCyc:CPD0-1157	MetaCyc:CPD0-1157	MetaCyc:CPD0-1157	EQ	eQuilibrator:MNXM19326	MetaCyc:CPD0-1157@Charged	eQuilibrator:MNXM19326
cpd25999	MetaCyc:CPD0-1158;ChEBI:71586	MetaCyc:CPD0-1158;ChEBI:71586	MetaCyc:CPD0-1158;ChEBI:71586	MetaCyc:CPD0-1158;ChEBI:71586	MetaCyc:CPD0-1158	MetaCyc:CPD0-1158	EQ	eQuilibrator:MNXM9966	MetaCyc:CPD0-1158@Charged	eQuilibrator:MNXM9966
