id	formula_src	charge_src	inchikey_src	smiles_src	pka_src	pkb_src	deltag_method	deltag_used_src	deltag_gc_src	deltag_eq_src
cpd31000	ChEBI:30212	ChEBI:30212		ChEBI:30212						
cpd31001	KEGG:C17688	KEGG:C17688	KEGG:C17688	KEGG:C17688	KEGG:C17688	KEGG:C17688	GC	KEGG:C17688@Charged	KEGG:C17688@Charged	
cpd31002	KEGG:C17815	KEGG:C17815	KEGG:C17815	KEGG:C17815	KEGG:C17815	KEGG:C17815	EQ	eQuilibrator:MNXM153540	KEGG:C17815@Charged	eQuilibrator:MNXM153540
cpd31003	KEGG:C17880	KEGG:C17880	KEGG:C17880	KEGG:C17880	KEGG:C17880	KEGG:C17880	GC	KEGG:C17880@Charged	KEGG:C17880@Charged	
cpd31004	KEGG:C20070	KEGG:C20070	KEGG:C20070	KEGG:C20070	KEGG:C20070	KEGG:C20070	GC	KEGG:C20070@Charged	KEGG:C20070@Charged	
cpd31005	KEGG:C20275	KEGG:C20275	KEGG:C20275	KEGG:C20275			GC	KEGG:C20275@Charged	KEGG:C20275@Charged	
cpd31006	KEGG:C20280@Charged	KEGG:C20280@Charged	KEGG:C20280@Charged	KEGG:C20280@Charged	KEGG:C20280	KEGG:C20280	GC	KEGG:C20280@Charged	KEGG:C20280@Charged	
cpd31007	KEGG:C20281@Charged	KEGG:C20281@Charged	KEGG:C20281@Charged	KEGG:C20281@Charged	KEGG:C20281	KEGG:C20281	GC	KEGG:C20281@Charged	KEGG:C20281@Charged	
cpd31008	KEGG:C20282@Charged	KEGG:C20282@Charged	KEGG:C20282@Charged	KEGG:C20282@Charged	KEGG:C20282	KEGG:C20282	GC	KEGG:C20282@Charged	KEGG:C20282@Charged	
cpd31009	KEGG:C20283@Charged	KEGG:C20283@Charged	KEGG:C20283@Charged	KEGG:C20283@Charged	KEGG:C20283	KEGG:C20283	GC	KEGG:C20283@Charged	KEGG:C20283@Charged	
cpd31010	KEGG:C20284	KEGG:C20284	KEGG:C20284	KEGG:C20284			GC	KEGG:C20284@Charged	KEGG:C20284@Charged	
cpd31011	KEGG:C20285	KEGG:C20285	KEGG:C20285	KEGG:C20285	KEGG:C20285	KEGG:C20285	EQ	eQuilibrator:MNXM10168	KEGG:C20285@Charged	eQuilibrator:MNXM10168
cpd31012	KEGG:C20286	KEGG:C20286	KEGG:C20286	KEGG:C20286	KEGG:C20286	KEGG:C20286	GC	KEGG:C20286@Charged	KEGG:C20286@Charged	eQuilibrator:MNXM101641
cpd31013	KEGG:C20287	KEGG:C20287	KEGG:C20287	KEGG:C20287	KEGG:C20287	KEGG:C20287	GC	KEGG:C20287@Charged	KEGG:C20287@Charged	eQuilibrator:MNXM101604
cpd31014	KEGG:C20288@Charged	KEGG:C20288@Charged	KEGG:C20288@Charged	KEGG:C20288@Charged	KEGG:C20288	KEGG:C20288	GC	KEGG:C20288@Charged	KEGG:C20288@Charged	eQuilibrator:MNXM107136
cpd31015	KEGG:C20289	KEGG:C20289	KEGG:C20289	KEGG:C20289	KEGG:C20289	KEGG:C20289	GC	KEGG:C20289@Charged	KEGG:C20289@Charged	eQuilibrator:MNXM107081
cpd31016	KEGG:C20290	KEGG:C20290	KEGG:C20290	KEGG:C20290	KEGG:C20290	KEGG:C20290	GC	KEGG:C20290@Charged	KEGG:C20290@Charged	eQuilibrator:MNXM107006
cpd31017	KEGG:C20291	KEGG:C20291	KEGG:C20291	KEGG:C20291	KEGG:C20291	KEGG:C20291	GC	KEGG:C20291@Charged	KEGG:C20291@Charged	eQuilibrator:MNXM107082
cpd31018	KEGG:C20293	KEGG:C20293	KEGG:C20293	KEGG:C20293	KEGG:C20293	KEGG:C20293	GC	KEGG:C20293@Charged	KEGG:C20293@Charged	eQuilibrator:MNXM107007
cpd31019	KEGG:C20294	KEGG:C20294	KEGG:C20294	KEGG:C20294	KEGG:C20294		GC	KEGG:C20294@Charged	KEGG:C20294@Charged	
cpd31020	KEGG:C20295	KEGG:C20295	KEGG:C20295	KEGG:C20295	KEGG:C20295		GC	KEGG:C20295@Charged	KEGG:C20295@Charged	
cpd31021	KEGG:C20298	KEGG:C20298	KEGG:C20298	KEGG:C20298			GC	KEGG:C20298@Charged	KEGG:C20298@Charged	
cpd31022	KEGG:C20301	KEGG:C20301	KEGG:C20301	KEGG:C20301	KEGG:C20301	KEGG:C20301	GC	KEGG:C20301@Charged	KEGG:C20301@Charged	
cpd31023	KEGG:C20302	KEGG:C20302	KEGG:C20302	KEGG:C20302	KEGG:C20302		GC	KEGG:C20302@Charged	KEGG:C20302@Charged	
cpd31024	MetaCyc:CPD-19004;KEGG:C20303	MetaCyc:CPD-19004;KEGG:C20303	MetaCyc:CPD-19004;KEGG:C20303	MetaCyc:CPD-19004;KEGG:C20303		KEGG:C20303	EQ	eQuilibrator:MNXM3808	KEGG:C20303@Charged	eQuilibrator:MNXM3808
cpd31025	KEGG:C20304@Charged	KEGG:C20304@Charged	KEGG:C20304@Charged	KEGG:C20304@Charged	KEGG:C20304	KEGG:C20304	EQ	eQuilibrator:MNXM108645	KEGG:C20304@Charged	eQuilibrator:MNXM108645
cpd31026	KEGG:C20305	KEGG:C20305	KEGG:C20305	KEGG:C20305	KEGG:C20305	KEGG:C20305	EQ	eQuilibrator:MNXM101193	KEGG:C20305@Charged	eQuilibrator:MNXM101193
cpd31027	KEGG:C20316	KEGG:C20316	KEGG:C20316	KEGG:C20316		KEGG:C20316	GC	KEGG:C20316@Charged	KEGG:C20316@Charged	
cpd31028	KEGG:C20317	KEGG:C20317	KEGG:C20317	KEGG:C20317@Charged	KEGG:C20317	KEGG:C20317	GC	KEGG:C20317@Charged	KEGG:C20317@Charged	
cpd31029	KEGG:C20318@Charged	KEGG:C20318@Charged	KEGG:C20318@Charged	KEGG:C20318@Charged	KEGG:C20318		GC	KEGG:C20318@Charged	KEGG:C20318@Charged	
cpd31030	KEGG:C20321@Charged	KEGG:C20321@Charged	KEGG:C20321@Charged	KEGG:C20321@Charged	KEGG:C20321	KEGG:C20321	EQ	eQuilibrator:MNXM10312	KEGG:C20321@Charged	eQuilibrator:MNXM10312
cpd31031	KEGG:C20322	KEGG:C20322	KEGG:C20322	KEGG:C20322	KEGG:C20322	KEGG:C20322	GC	KEGG:C20322@Charged	KEGG:C20322@Charged	
cpd31032	KEGG:C20323	KEGG:C20323	KEGG:C20323	KEGG:C20323	KEGG:C20323	KEGG:C20323	GC	KEGG:C20323@Charged	KEGG:C20323@Charged	
cpd31033	KEGG:C20324@Charged	KEGG:C20324@Charged	KEGG:C20324@Charged	KEGG:C20324@Charged	KEGG:C20324	KEGG:C20324	GC	KEGG:C20324@Charged	KEGG:C20324@Charged	
cpd31034	KEGG:C20326	KEGG:C20326	KEGG:C20326	KEGG:C20326	KEGG:C20326	KEGG:C20326	GC	KEGG:C20326@Charged	KEGG:C20326@Charged	
cpd31035	MetaCyc:CPD-15326;KEGG:C20327@Charged	MetaCyc:CPD-15326;KEGG:C20327@Charged	MetaCyc:CPD-15326;KEGG:C20327@Charged	MetaCyc:CPD-15326;KEGG:C20327@Charged	KEGG:C20327	KEGG:C20327	EQ	eQuilibrator:MNXM101665	KEGG:C20327@Charged	eQuilibrator:MNXM101665
cpd31036	KEGG:C20329;ChEBI:63668	KEGG:C20329;ChEBI:63668	KEGG:C20329;ChEBI:63668	KEGG:C20329;ChEBI:63668	KEGG:C20329	KEGG:C20329	GC	KEGG:C20329@Charged	KEGG:C20329@Charged	
cpd31037	KEGG:C20330@Charged	KEGG:C20330@Charged	KEGG:C20330@Charged	KEGG:C20330@Charged	KEGG:C20330	KEGG:C20330	GC	KEGG:C20330@Charged	KEGG:C20330@Charged	
cpd31038	KEGG:C20334	KEGG:C20334	KEGG:C20334	KEGG:C20334	KEGG:C20334	KEGG:C20334	EQ	eQuilibrator:MNXM101187	KEGG:C20334@Charged	eQuilibrator:MNXM101187
cpd31039	KEGG:C20336	KEGG:C20336	KEGG:C20336	KEGG:C20336@Charged	KEGG:C20336	KEGG:C20336	GC	KEGG:C20336@Charged	KEGG:C20336@Charged	
cpd31040	KEGG:C20337	KEGG:C20337	KEGG:C20337	KEGG:C20337	KEGG:C20337	KEGG:C20337	GC	KEGG:C20337@Charged	KEGG:C20337@Charged	eQuilibrator:MNXM102469
cpd31041	KEGG:C20338	KEGG:C20338	KEGG:C20338	KEGG:C20338	KEGG:C20338	KEGG:C20338	EQ	eQuilibrator:MNXM101662	KEGG:C20338@Charged	eQuilibrator:MNXM101662
cpd31042	KEGG:C20340@Charged	KEGG:C20340@Charged	KEGG:C20340@Charged	KEGG:C20340@Charged	KEGG:C20340	KEGG:C20340	EQ		KEGG:C20340@Charged	
cpd31043	KEGG:C20341	KEGG:C20341	KEGG:C20341	KEGG:C20341	KEGG:C20341	KEGG:C20341	GC	KEGG:C20341@Charged	KEGG:C20341@Charged	
cpd31044	KEGG:C20342	KEGG:C20342	KEGG:C20342	KEGG:C20342	KEGG:C20342	KEGG:C20342	EQ	eQuilibrator:MNXM105806	KEGG:C20342@Charged	eQuilibrator:MNXM105806
cpd31045	KEGG:C20343	KEGG:C20343	KEGG:C20343	KEGG:C20343	KEGG:C20343	KEGG:C20343	EQ	eQuilibrator:MNXM105837	KEGG:C20343@Charged	eQuilibrator:MNXM105837
cpd31046	KEGG:C20344	KEGG:C20344	KEGG:C20344	KEGG:C20344	KEGG:C20344	KEGG:C20344	GC	KEGG:C20344@Charged	KEGG:C20344@Charged	eQuilibrator:MNXM588086
cpd31047	KEGG:C20346	KEGG:C20346	KEGG:C20346	KEGG:C20346	KEGG:C20346	KEGG:C20346	GC	KEGG:C20346@Charged	KEGG:C20346@Charged	eQuilibrator:MNXM496831
cpd31048	KEGG:C20347	KEGG:C20347	KEGG:C20347	KEGG:C20347	KEGG:C20347	KEGG:C20347	GC	KEGG:C20347@Charged	KEGG:C20347@Charged	eQuilibrator:MNXM108587
cpd31049	KEGG:C20348	KEGG:C20348	KEGG:C20348	KEGG:C20348	KEGG:C20348	KEGG:C20348	GC	KEGG:C20348@Charged	KEGG:C20348@Charged	eQuilibrator:MNXM106238
cpd31050	KEGG:C20349@Charged	KEGG:C20349@Charged	KEGG:C20349@Charged	KEGG:C20349@Charged	KEGG:C20349	KEGG:C20349	GC	KEGG:C20349@Charged	KEGG:C20349@Charged	
cpd31051	KEGG:C20355	KEGG:C20355	KEGG:C20355	KEGG:C20355		KEGG:C20355	EQ	eQuilibrator:MNXM105403	KEGG:C20355@Charged	eQuilibrator:MNXM105403
cpd31052	KEGG:C20356@Charged	KEGG:C20356@Charged	KEGG:C20356@Charged	KEGG:C20356@Charged	KEGG:C20356		EQ	eQuilibrator:MNXM30121	KEGG:C20356@Charged	eQuilibrator:MNXM30121
cpd31053	KEGG:C20358@Charged	KEGG:C20358@Charged	KEGG:C20358@Charged	KEGG:C20358@Charged	KEGG:C20358	KEGG:C20358	GC	KEGG:C20358@Charged	KEGG:C20358@Charged	eQuilibrator:MNXM103460
cpd31054	MetaCyc:CPD-14562;KEGG:C20359@Charged;ChEBI:62245	MetaCyc:CPD-14562;KEGG:C20359@Charged;ChEBI:62245	MetaCyc:CPD-14562;KEGG:C20359@Charged;ChEBI:62245	MetaCyc:CPD-14562;KEGG:C20359@Charged;ChEBI:62245	KEGG:C20359	KEGG:C20359	EQ	eQuilibrator:MNXM88421	KEGG:C20359@Charged	eQuilibrator:MNXM88421
cpd31055	KEGG:C20360	KEGG:C20360	KEGG:C20360	KEGG:C20360	KEGG:C20360		GC	KEGG:C20360@Charged	KEGG:C20360@Charged	eQuilibrator:MNXM108918
cpd31056	KEGG:C20362	KEGG:C20362	KEGG:C20362	KEGG:C20362	KEGG:C20362	KEGG:C20362	GC	KEGG:C20362@Charged	KEGG:C20362@Charged	eQuilibrator:MNXM104977
cpd31057	KEGG:C20363	KEGG:C20363	KEGG:C20363	KEGG:C20363		KEGG:C20363	GC	KEGG:C20363@Charged	KEGG:C20363@Charged	eQuilibrator:MNXM104981
cpd31058	KEGG:C20364@Charged	KEGG:C20364@Charged	KEGG:C20364@Charged	KEGG:C20364@Charged	KEGG:C20364	KEGG:C20364	EQ		KEGG:C20364@Charged	
cpd31059	KEGG:C20365;ChEBI:75620	KEGG:C20365;ChEBI:75620	KEGG:C20365;ChEBI:75620	KEGG:C20365;ChEBI:75620		KEGG:C20365	EQ	eQuilibrator:MNXM104266	KEGG:C20365@Charged	eQuilibrator:MNXM104266
cpd31060	KEGG:C20367@Charged;ChEBI:66945@Original	KEGG:C20367@Charged;ChEBI:66945@Original	KEGG:C20367@Charged;ChEBI:66945@Original	KEGG:C20367@Charged;ChEBI:66945@Original	KEGG:C20367		GC	KEGG:C20367@Charged	KEGG:C20367@Charged	eQuilibrator:MNXM97080
cpd31061	KEGG:C20371@Charged	KEGG:C20371@Charged	KEGG:C20371@Charged	KEGG:C20371@Charged	KEGG:C20371	KEGG:C20371	GC	KEGG:C20371@Charged	KEGG:C20371@Charged	
cpd31062	KEGG:C20372;Override:ACPs	KEGG:C20372;Override:ACPs		KEGG:C20372	KEGG:C20372	KEGG:C20372	GC	KEGG:C20372@Charged	KEGG:C20372@Charged	
cpd31063	KEGG:C20373;Override:ACPs	KEGG:C20373;Override:ACPs		KEGG:C20373	KEGG:C20373	KEGG:C20373	GC	KEGG:C20373@Charged	KEGG:C20373@Charged	
cpd31064	KEGG:C20374;Override:ACPs	KEGG:C20374;Override:ACPs		KEGG:C20374		KEGG:C20374	GC	KEGG:C20374@Charged	KEGG:C20374@Charged	
cpd31065	KEGG:C20375;Override:ACPs	KEGG:C20375;Override:ACPs		KEGG:C20375		KEGG:C20375	GC	KEGG:C20375@Charged	KEGG:C20375@Charged	
cpd31066	KEGG:C20376;Override:ACPs	KEGG:C20376;Override:ACPs		KEGG:C20376	KEGG:C20376	KEGG:C20376	GC	KEGG:C20376@Charged	KEGG:C20376@Charged	
cpd31067	KEGG:C20377;Override:ACPs	KEGG:C20377;Override:ACPs		KEGG:C20377	KEGG:C20377	KEGG:C20377	GC	KEGG:C20377@Charged	KEGG:C20377@Charged	
cpd31068	KEGG:C20378;Override:ACPs	KEGG:C20378;Override:ACPs		KEGG:C20378		KEGG:C20378	GC	KEGG:C20378@Charged	KEGG:C20378@Charged	
cpd31069	MetaCyc:CPD-14459;KEGG:C20379@Charged;ChEBI:71487	MetaCyc:CPD-14459;KEGG:C20379@Charged;ChEBI:71487	MetaCyc:CPD-14459;KEGG:C20379@Charged;ChEBI:71487	MetaCyc:CPD-14459;KEGG:C20379@Charged;ChEBI:71487	KEGG:C20379	KEGG:C20379	GC	KEGG:C20379@Charged	KEGG:C20379@Charged	eQuilibrator:MNXM46250
cpd31070	MetaCyc:CPD-14601;KEGG:C20380@Charged;ChEBI:62932	MetaCyc:CPD-14601;KEGG:C20380@Charged;ChEBI:62932	MetaCyc:CPD-14601;KEGG:C20380@Charged;ChEBI:62932	MetaCyc:CPD-14601;KEGG:C20380@Charged;ChEBI:62932	KEGG:C20380	KEGG:C20380	EQ	eQuilibrator:MNXM7547	KEGG:C20380@Charged	eQuilibrator:MNXM7547
cpd31071	MetaCyc:CPD-14546;KEGG:C20382;ChEBI:51022	MetaCyc:CPD-14546;KEGG:C20382;ChEBI:51022	MetaCyc:CPD-14546;KEGG:C20382;ChEBI:51022	MetaCyc:CPD-14546;KEGG:C20382;ChEBI:51022	KEGG:C20382		EQ	eQuilibrator:MNXM32277	KEGG:C20382@Charged	eQuilibrator:MNXM32277
cpd31072	MetaCyc:CPD-14602;KEGG:C20383@Charged;ChEBI:66982	MetaCyc:CPD-14602;KEGG:C20383@Charged;ChEBI:66982	MetaCyc:CPD-14602;KEGG:C20383@Charged;ChEBI:66982	MetaCyc:CPD-14602;KEGG:C20383@Charged;ChEBI:66982	KEGG:C20383	KEGG:C20383	EQ	eQuilibrator:MNXM19489	KEGG:C20383@Charged	eQuilibrator:MNXM19489
cpd31073	KEGG:C20384@Charged	KEGG:C20384@Charged	KEGG:C20384@Charged	KEGG:C20384@Charged	KEGG:C20384	KEGG:C20384	GC	KEGG:C20384@Charged	KEGG:C20384@Charged	eQuilibrator:MNXM44437
cpd31074	KEGG:C20385@Charged	KEGG:C20385@Charged	KEGG:C20385@Charged	KEGG:C20385@Charged	KEGG:C20385	KEGG:C20385	GC	KEGG:C20385@Charged	KEGG:C20385@Charged	eQuilibrator:MNXM109241
cpd31075	KEGG:C20387@Charged	KEGG:C20387@Charged	KEGG:C20387@Charged	KEGG:C20387@Charged	KEGG:C20387	KEGG:C20387	GC	KEGG:C20387@Charged	KEGG:C20387@Charged	eQuilibrator:MNXM44335
cpd31076	MetaCyc:CPD-24633;KEGG:C20388@Charged;ChEBI:90694	MetaCyc:CPD-24633;KEGG:C20388@Charged;ChEBI:90694	MetaCyc:CPD-24633;KEGG:C20388@Charged;ChEBI:90694	MetaCyc:CPD-24633;KEGG:C20388@Charged;ChEBI:90694	KEGG:C20388	KEGG:C20388	EQ	eQuilibrator:MNXM13995	KEGG:C20388@Charged	eQuilibrator:MNXM13995
cpd31077	KEGG:C20389	KEGG:C20389	KEGG:C20389	KEGG:C20389	KEGG:C20389		GC	KEGG:C20389@Charged	KEGG:C20389@Charged	eQuilibrator:MNXM125095
cpd31078	KEGG:C20390@Charged	KEGG:C20390@Charged	KEGG:C20390@Charged	KEGG:C20390@Charged	KEGG:C20390	KEGG:C20390	EQ	eQuilibrator:MNXM12277	KEGG:C20390@Charged	eQuilibrator:MNXM12277
cpd31079	MetaCyc:CPD-14560;KEGG:C20395@Charged;ChEBI:62250	MetaCyc:CPD-14560;KEGG:C20395@Charged;ChEBI:62250	MetaCyc:CPD-14560;KEGG:C20395@Charged;ChEBI:62250	MetaCyc:CPD-14560;KEGG:C20395@Charged;ChEBI:62250	KEGG:C20395	KEGG:C20395	EQ	eQuilibrator:MNXM88420	KEGG:C20395@Charged	eQuilibrator:MNXM88420
cpd31080	KEGG:C20397@Charged	KEGG:C20397@Charged	KEGG:C20397@Charged	KEGG:C20397@Charged	KEGG:C20397	KEGG:C20397	GC	KEGG:C20397@Charged	KEGG:C20397@Charged	
cpd31081	KEGG:C20398@Charged	KEGG:C20398@Charged	KEGG:C20398@Charged	KEGG:C20398@Charged	KEGG:C20398	KEGG:C20398	GC	KEGG:C20398@Charged	KEGG:C20398@Charged	
cpd31082	KEGG:C20399@Charged	KEGG:C20399@Charged	KEGG:C20399@Charged	KEGG:C20399@Charged	KEGG:C20399	KEGG:C20399	GC	KEGG:C20399@Charged	KEGG:C20399@Charged	
cpd31083	KEGG:C20400@Charged	KEGG:C20400@Charged	KEGG:C20400@Charged	KEGG:C20400@Charged	KEGG:C20400	KEGG:C20400	GC	KEGG:C20400@Charged	KEGG:C20400@Charged	
cpd31084	KEGG:C20402@Charged;ChEBI:70859	KEGG:C20402@Charged;ChEBI:70859	KEGG:C20402@Charged;ChEBI:70859	KEGG:C20402@Charged;ChEBI:70859	KEGG:C20402	KEGG:C20402	GC	KEGG:C20402@Charged	KEGG:C20402@Charged	
cpd31085	KEGG:C20403@Charged	KEGG:C20403@Charged	KEGG:C20403@Charged	KEGG:C20403@Charged	KEGG:C20403	KEGG:C20403	GC	KEGG:C20403@Charged	KEGG:C20403@Charged	
cpd31086	KEGG:C20404@Charged	KEGG:C20404@Charged	KEGG:C20404@Charged	KEGG:C20404@Charged	KEGG:C20404		GC	KEGG:C20404@Charged	KEGG:C20404@Charged	
cpd31087	KEGG:C20405@Charged	KEGG:C20405@Charged	KEGG:C20405@Charged	KEGG:C20405@Charged	KEGG:C20405	KEGG:C20405	GC	KEGG:C20405@Charged	KEGG:C20405@Charged	
cpd31088	KEGG:C20407@Charged	KEGG:C20407@Charged	KEGG:C20407@Charged	KEGG:C20407@Charged	KEGG:C20407	KEGG:C20407	GC	KEGG:C20407@Charged	KEGG:C20407@Charged	
cpd31089	MetaCyc:CPD-14464;KEGG:C20408@Charged;ChEBI:65045	MetaCyc:CPD-14464;KEGG:C20408@Charged;ChEBI:65045	MetaCyc:CPD-14464;KEGG:C20408@Charged;ChEBI:65045	MetaCyc:CPD-14464;KEGG:C20408@Charged;ChEBI:65045	KEGG:C20408	KEGG:C20408	GC	KEGG:C20408@Charged	KEGG:C20408@Charged	eQuilibrator:MNXM97127
cpd31090	MetaCyc:CPD-14466;KEGG:C20409;ChEBI:65034	MetaCyc:CPD-14466;KEGG:C20409;ChEBI:65034	MetaCyc:CPD-14466;KEGG:C20409;ChEBI:65034	MetaCyc:CPD-14466;KEGG:C20409;ChEBI:65034	KEGG:C20409		GC	KEGG:C20409@Charged	KEGG:C20409@Charged	eQuilibrator:MNXM97125
cpd31091	KEGG:C20411;ChEBI:70860	KEGG:C20411;ChEBI:70860	KEGG:C20411;ChEBI:70860	KEGG:C20411;ChEBI:70860			EQ	eQuilibrator:MNXM97058	KEGG:C20411@Charged	eQuilibrator:MNXM97058
cpd31092	KEGG:C20412;ChEBI:70861	KEGG:C20412;ChEBI:70861	KEGG:C20412;ChEBI:70861	KEGG:C20412;ChEBI:70861			EQ	eQuilibrator:MNXM97068	KEGG:C20412@Charged	eQuilibrator:MNXM97068
cpd31093	KEGG:C20413@Charged;ChEBI:66957@Charged	KEGG:C20413@Charged;ChEBI:66957@Charged	KEGG:C20413@Charged;ChEBI:66957@Charged	KEGG:C20413@Charged;ChEBI:66957@Charged	KEGG:C20413	KEGG:C20413	EQ		KEGG:C20413@Charged	
cpd31094	KEGG:C20414@Charged	KEGG:C20414@Charged	KEGG:C20414@Charged	KEGG:C20414@Charged	KEGG:C20414	KEGG:C20414	GC	KEGG:C20414@Charged	KEGG:C20414@Charged	eQuilibrator:MNXM14761
cpd31095	KEGG:C20416@Charged	KEGG:C20416@Charged	KEGG:C20416@Charged	KEGG:C20416@Charged	KEGG:C20416	KEGG:C20416	EQ	eQuilibrator:MNXM97047	KEGG:C20416@Charged	eQuilibrator:MNXM97047
cpd31096	MetaCyc:CPD-17820;KEGG:C20420@Charged;ChEBI:70763	MetaCyc:CPD-17820;KEGG:C20420@Charged;ChEBI:70763	MetaCyc:CPD-17820;KEGG:C20420@Charged;ChEBI:70763	MetaCyc:CPD-17820;KEGG:C20420@Charged;ChEBI:70763	KEGG:C20420		EQ	eQuilibrator:MNXM97171	KEGG:C20420@Charged	eQuilibrator:MNXM97171
cpd31097	MetaCyc:CPD-21186;KEGG:C20425	MetaCyc:CPD-21186;KEGG:C20425	MetaCyc:CPD-21186;KEGG:C20425	MetaCyc:CPD-21186;KEGG:C20425		KEGG:C20425	EQ	eQuilibrator:MNXM43794	KEGG:C20425@Charged	eQuilibrator:MNXM43794
cpd31098	MetaCyc:CPD-21245@Charged;KEGG:C20426@Charged	MetaCyc:CPD-21245@Charged;KEGG:C20426@Charged	MetaCyc:CPD-21245@Charged;KEGG:C20426@Charged	MetaCyc:CPD-21245@Charged;KEGG:C20426@Charged	KEGG:C20426		EQ	eQuilibrator:MNXM106801	KEGG:C20426@Charged	eQuilibrator:MNXM106801
cpd31099	MetaCyc:CPD-14400;KEGG:C20430;ChEBI:67153	MetaCyc:CPD-14400;KEGG:C20430;ChEBI:67153	MetaCyc:CPD-14400;KEGG:C20430;ChEBI:67153	MetaCyc:CPD-14400;KEGG:C20430;ChEBI:67153	KEGG:C20430	KEGG:C20430	EQ	eQuilibrator:MNXM97135	KEGG:C20430@Charged	eQuilibrator:MNXM97135
cpd31100	MetaCyc:CPD-14402;KEGG:C20431	MetaCyc:CPD-14402;KEGG:C20431	MetaCyc:CPD-14402;KEGG:C20431	MetaCyc:CPD-14402;KEGG:C20431	KEGG:C20431	KEGG:C20431	GC	KEGG:C20431@Charged	KEGG:C20431@Charged	
cpd31101	KEGG:C20432	KEGG:C20432	KEGG:C20432	KEGG:C20432			GC	KEGG:C20432@Charged	KEGG:C20432@Charged	
cpd31103	MetaCyc:CPD-14792	MetaCyc:CPD-14792	MetaCyc:CPD-14792	MetaCyc:CPD-14792			GC	MetaCyc:CPD-14792@Charged	MetaCyc:CPD-14792@Charged	eQuilibrator:MNXM164852
cpd31104	KEGG:C20435	KEGG:C20435	KEGG:C20435	KEGG:C20435			GC	KEGG:C20435@Charged	KEGG:C20435@Charged	
cpd31105	KEGG:C20436@Charged	KEGG:C20436@Charged	KEGG:C20436@Charged	KEGG:C20436@Charged	KEGG:C20436	KEGG:C20436	GC	KEGG:C20436@Charged	KEGG:C20436@Charged	
cpd31106	KEGG:C20437@Charged	KEGG:C20437@Charged	KEGG:C20437@Charged	KEGG:C20437@Charged	KEGG:C20437	KEGG:C20437	GC	KEGG:C20437@Charged	KEGG:C20437@Charged	
cpd31107	KEGG:C20438@Charged	KEGG:C20438@Charged	KEGG:C20438@Charged	KEGG:C20438@Charged	KEGG:C20438	KEGG:C20438	GC	KEGG:C20438@Charged	KEGG:C20438@Charged	
cpd31108	KEGG:C20439	KEGG:C20439	KEGG:C20439	KEGG:C20439	KEGG:C20439	KEGG:C20439	GC	KEGG:C20439@Charged	KEGG:C20439@Charged	eQuilibrator:MNXM107201
cpd31109					KEGG:C20442	KEGG:C20442				
cpd31110					KEGG:C20446	KEGG:C20446				
cpd31111					KEGG:C20451	KEGG:C20451				
cpd31112	MetaCyc:CPD-14460;KEGG:C20457;ChEBI:65036	MetaCyc:CPD-14460;KEGG:C20457;ChEBI:65036	MetaCyc:CPD-14460;KEGG:C20457;ChEBI:65036	MetaCyc:CPD-14460;KEGG:C20457;ChEBI:65036	KEGG:C20457		GC	KEGG:C20457@Charged	KEGG:C20457@Charged	eQuilibrator:MNXM97146
cpd31113					KEGG:C20458	KEGG:C20458				
cpd31114	KEGG:C20460@Charged	KEGG:C20460@Charged	KEGG:C20460@Charged	KEGG:C20460@Charged	KEGG:C20460	KEGG:C20460	GC	KEGG:C20460@Charged	KEGG:C20460@Charged	
cpd31115	KEGG:C20461@Charged	KEGG:C20461@Charged		KEGG:C20461@Charged	KEGG:C20461	KEGG:C20461	GC	KEGG:C20461@Charged	KEGG:C20461@Charged	
cpd31116	KEGG:C20463	KEGG:C20463	KEGG:C20463	KEGG:C20463	KEGG:C20463	KEGG:C20463	EQ	eQuilibrator:MNXM21394	KEGG:C20463@Charged	eQuilibrator:MNXM21394
cpd31117	KEGG:C20467@Charged	KEGG:C20467@Charged		KEGG:C20467@Charged	KEGG:C20467	KEGG:C20467	GC	KEGG:C20467@Charged	KEGG:C20467@Charged	
cpd31118	KEGG:C20468@Charged	KEGG:C20468@Charged	KEGG:C20468@Charged	KEGG:C20468@Charged	KEGG:C20468	KEGG:C20468	GC	KEGG:C20468@Charged	KEGG:C20468@Charged	
cpd31119	MetaCyc:CPD-15005@Charged;KEGG:C20469@Charged;ChEBI:71513@Charged	MetaCyc:CPD-15005@Charged;KEGG:C20469@Charged;ChEBI:71513@Charged	MetaCyc:CPD-15005@Charged;KEGG:C20469@Charged;ChEBI:71513@Charged	MetaCyc:CPD-15005@Charged;KEGG:C20469@Charged;ChEBI:71513@Charged	KEGG:C20469	KEGG:C20469	GC	KEGG:C20469@Charged	KEGG:C20469@Charged	
cpd31120	MetaCyc:CPD-15006;KEGG:C20470;ChEBI:71512	MetaCyc:CPD-15006;KEGG:C20470;ChEBI:71512	MetaCyc:CPD-15006;KEGG:C20470;ChEBI:71512	MetaCyc:CPD-15006;KEGG:C20470;ChEBI:71512	KEGG:C20470	KEGG:C20470	EQ	eQuilibrator:MNXM97184	KEGG:C20470@Charged	eQuilibrator:MNXM97184
cpd31121	KEGG:C20471@Charged	KEGG:C20471@Charged		KEGG:C20471@Charged	KEGG:C20471	KEGG:C20471	GC	KEGG:C20471@Charged	KEGG:C20471@Charged	
cpd31122	KEGG:C20472@Charged	KEGG:C20472@Charged		KEGG:C20472@Charged	KEGG:C20472	KEGG:C20472	GC	KEGG:C20472@Charged	KEGG:C20472@Charged	
cpd31123	KEGG:C20473@Charged	KEGG:C20473@Charged		KEGG:C20473@Charged	KEGG:C20473	KEGG:C20473	GC	KEGG:C20473@Charged	KEGG:C20473@Charged	
cpd31124	KEGG:C20474@Charged	KEGG:C20474@Charged		KEGG:C20474@Charged	KEGG:C20474	KEGG:C20474	GC	KEGG:C20474@Charged	KEGG:C20474@Charged	
cpd31125	KEGG:C20475	KEGG:C20475	KEGG:C20475	KEGG:C20475		KEGG:C20475	GC	KEGG:C20475@Charged	KEGG:C20475@Charged	eQuilibrator:MNXM97170
cpd31126	MetaCyc:CPD-14796;KEGG:C20476;ChEBI:68655	MetaCyc:CPD-14796;KEGG:C20476;ChEBI:68655	MetaCyc:CPD-14796;KEGG:C20476;ChEBI:68655	MetaCyc:CPD-14796;KEGG:C20476;ChEBI:68655			GC	KEGG:C20476@Charged	KEGG:C20476@Charged	eQuilibrator:MNXM97233
cpd31127	KEGG:C20477;ChEBI:68666	KEGG:C20477;ChEBI:68666	KEGG:C20477;ChEBI:68666	KEGG:C20477;ChEBI:68666			GC	KEGG:C20477@Charged	KEGG:C20477@Charged	
cpd31128	MetaCyc:CPD-14799;KEGG:C20478;ChEBI:68667	MetaCyc:CPD-14799;KEGG:C20478;ChEBI:68667	MetaCyc:CPD-14799;KEGG:C20478;ChEBI:68667	MetaCyc:CPD-14799;KEGG:C20478;ChEBI:68667			GC	KEGG:C20478@Charged	KEGG:C20478@Charged	eQuilibrator:MNXM97178
cpd31129	MetaCyc:CPD-14800;KEGG:C20480;ChEBI:68625	MetaCyc:CPD-14800;KEGG:C20480;ChEBI:68625	MetaCyc:CPD-14800;KEGG:C20480;ChEBI:68625	MetaCyc:CPD-14800;KEGG:C20480;ChEBI:68625			GC	KEGG:C20480@Charged	KEGG:C20480@Charged	eQuilibrator:MNXM97274
cpd31130	KEGG:C20481;ChEBI:68624	KEGG:C20481;ChEBI:68624	KEGG:C20481;ChEBI:68624	KEGG:C20481;ChEBI:68624		KEGG:C20481	GC	KEGG:C20481@Charged	KEGG:C20481@Charged	eQuilibrator:MNXM97216
cpd31131	MetaCyc:CPD-15016;KEGG:C20485@Charged;ChEBI:71685	MetaCyc:CPD-15016;KEGG:C20485@Charged;ChEBI:71685	MetaCyc:CPD-15016;KEGG:C20485@Charged;ChEBI:71685	MetaCyc:CPD-15016;KEGG:C20485@Charged;ChEBI:71685	KEGG:C20485	KEGG:C20485	EQ	eQuilibrator:MNXM97247	KEGG:C20485@Charged	eQuilibrator:MNXM97247
cpd31132	KEGG:C20486;ChEBI:71688	KEGG:C20486;ChEBI:71688	KEGG:C20486;ChEBI:71688	KEGG:C20486;ChEBI:71688			EQ	eQuilibrator:MNXM114306	KEGG:C20486@Charged	eQuilibrator:MNXM114306
cpd31133	MetaCyc:CPD-14474;KEGG:C20487;ChEBI:67158	MetaCyc:CPD-14474;KEGG:C20487;ChEBI:67158	MetaCyc:CPD-14474;KEGG:C20487;ChEBI:67158	MetaCyc:CPD-14474;KEGG:C20487@Charged;ChEBI:67158	KEGG:C20487	KEGG:C20487	EQ	eQuilibrator:MNXM97137	KEGG:C20487@Charged	eQuilibrator:MNXM97137
cpd31134	MetaCyc:CPD-14668;KEGG:C20488;ChEBI:68506	MetaCyc:CPD-14668;KEGG:C20488;ChEBI:68506	MetaCyc:CPD-14668;KEGG:C20488;ChEBI:68506	MetaCyc:CPD-14668;KEGG:C20488@Charged;ChEBI:68506	KEGG:C20488	KEGG:C20488	EQ	eQuilibrator:MNXM97156	KEGG:C20488@Charged	eQuilibrator:MNXM97156
cpd31135	KEGG:C20489@Charged	KEGG:C20489@Charged	KEGG:C20489@Charged	KEGG:C20489@Charged	KEGG:C20489	KEGG:C20489	GC	KEGG:C20489@Charged	KEGG:C20489@Charged	
cpd31136	KEGG:C20490@Charged	KEGG:C20490@Charged	KEGG:C20490@Charged	KEGG:C20490@Charged	KEGG:C20490	KEGG:C20490	GC	KEGG:C20490@Charged	KEGG:C20490@Charged	
cpd31137	KEGG:C20491@Charged	KEGG:C20491@Charged	KEGG:C20491@Charged	KEGG:C20491@Charged	KEGG:C20491	KEGG:C20491	GC	KEGG:C20491@Charged	KEGG:C20491@Charged	
cpd31138	KEGG:C20492@Charged	KEGG:C20492@Charged	KEGG:C20492@Charged	KEGG:C20492@Charged	KEGG:C20492	KEGG:C20492	GC	KEGG:C20492@Charged	KEGG:C20492@Charged	
cpd31139	KEGG:C20493@Charged	KEGG:C20493@Charged	KEGG:C20493@Charged	KEGG:C20493@Charged	KEGG:C20493	KEGG:C20493	GC	KEGG:C20493@Charged	KEGG:C20493@Charged	
cpd31140	KEGG:C20494@Charged	KEGG:C20494@Charged	KEGG:C20494@Charged	KEGG:C20494@Charged	KEGG:C20494	KEGG:C20494	GC	KEGG:C20494@Charged	KEGG:C20494@Charged	
cpd31141	MetaCyc:CPD-15289@Charged;KEGG:C20495@Charged	MetaCyc:CPD-15289@Charged;KEGG:C20495@Charged	MetaCyc:CPD-15289@Charged;KEGG:C20495@Charged	MetaCyc:CPD-15289@Charged;KEGG:C20495@Charged	KEGG:C20495	KEGG:C20495	GC	KEGG:C20495@Charged	KEGG:C20495@Charged	
cpd31142	MetaCyc:CPD-15290@Charged;KEGG:C20496@Charged	MetaCyc:CPD-15290@Charged;KEGG:C20496@Charged	MetaCyc:CPD-15290@Charged;KEGG:C20496@Charged	MetaCyc:CPD-15290@Charged;KEGG:C20496@Charged	KEGG:C20496	KEGG:C20496	GC	KEGG:C20496@Charged	KEGG:C20496@Charged	
cpd31143	KEGG:C20497@Charged;ChEBI:61495	KEGG:C20497@Charged;ChEBI:61495	KEGG:C20497@Charged;ChEBI:61495	KEGG:C20497@Charged;ChEBI:61495	KEGG:C20497	KEGG:C20497	EQ	eQuilibrator:MNXM2504	KEGG:C20497@Charged	eQuilibrator:MNXM2504
cpd31144	KEGG:C20498@Charged	KEGG:C20498@Charged	KEGG:C20498@Charged	KEGG:C20498@Charged	KEGG:C20498	KEGG:C20498	EQ	eQuilibrator:MNXM162923	KEGG:C20498@Charged	eQuilibrator:MNXM162923
cpd31145	KEGG:C20501	KEGG:C20501	KEGG:C20501	KEGG:C20501	KEGG:C20501	KEGG:C20501	EQ	eQuilibrator:MNXM9369	KEGG:C20501@Charged	eQuilibrator:MNXM9369
cpd31146	KEGG:C20503;ChEBI:77907@Charged	KEGG:C20503;ChEBI:77907@Charged	KEGG:C20503;ChEBI:77907@Charged	KEGG:C20503;ChEBI:77907@Charged	KEGG:C20503	KEGG:C20503	EQ	eQuilibrator:MNXM105643	KEGG:C20503@Charged	eQuilibrator:MNXM105643
cpd31147	KEGG:C20504@Charged;ChEBI:73281	KEGG:C20504@Charged;ChEBI:73281	KEGG:C20504@Charged;ChEBI:73281	KEGG:C20504@Charged;ChEBI:73281	KEGG:C20504	KEGG:C20504	EQ	eQuilibrator:MNXM13256	KEGG:C20504@Charged	eQuilibrator:MNXM13256
cpd31148	KEGG:C20505;ChEBI:77975@Charged	KEGG:C20505;ChEBI:77975@Charged	KEGG:C20505;ChEBI:77975@Charged	KEGG:C20505;ChEBI:77975@Charged	KEGG:C20505	KEGG:C20505	EQ	eQuilibrator:MNXM9229	KEGG:C20505@Charged	eQuilibrator:MNXM9229
cpd31149	KEGG:C20506@Charged;ChEBI:72673	KEGG:C20506@Charged;ChEBI:72673	KEGG:C20506@Charged;ChEBI:72673	KEGG:C20506@Charged;ChEBI:72673	KEGG:C20506	KEGG:C20506	EQ	eQuilibrator:MNXM9230	KEGG:C20506@Charged	eQuilibrator:MNXM9230
cpd31150	KEGG:C20507;ChEBI:77950@Charged	KEGG:C20507;ChEBI:77950@Charged	KEGG:C20507;ChEBI:77950@Charged	KEGG:C20507;ChEBI:77950@Charged	KEGG:C20507	KEGG:C20507	EQ	eQuilibrator:MNXM9228	KEGG:C20507@Charged	eQuilibrator:MNXM9228
cpd31151	KEGG:C20508;ChEBI:77947@Charged	KEGG:C20508;ChEBI:77947@Charged	KEGG:C20508;ChEBI:77947@Charged	KEGG:C20508;ChEBI:77947@Charged	KEGG:C20508	KEGG:C20508	EQ	eQuilibrator:MNXM13257	KEGG:C20508@Charged	eQuilibrator:MNXM13257
cpd31152	MetaCyc:CPD-15254;KEGG:C20509@Charged;ChEBI:72757	MetaCyc:CPD-15254;KEGG:C20509@Charged;ChEBI:72757	MetaCyc:CPD-15254;KEGG:C20509@Charged;ChEBI:72757	MetaCyc:CPD-15254;KEGG:C20509@Charged;ChEBI:72757	KEGG:C20509	KEGG:C20509	EQ	eQuilibrator:MNXM116267	KEGG:C20509@Charged	eQuilibrator:MNXM116267
cpd31153	KEGG:C20510;ChEBI:71576	KEGG:C20510;ChEBI:71576	KEGG:C20510;ChEBI:71576	KEGG:C20510;ChEBI:71576	KEGG:C20510	KEGG:C20510	GC	KEGG:C20510@Charged	KEGG:C20510@Charged	eQuilibrator:MNXM36824
cpd31154	KEGG:C20511;ChEBI:71577	KEGG:C20511;ChEBI:71577	KEGG:C20511;ChEBI:71577	KEGG:C20511;ChEBI:71577	KEGG:C20511	KEGG:C20511	GC	KEGG:C20511@Charged	KEGG:C20511@Charged	eQuilibrator:MNXM97147
cpd31155	MetaCyc:CPD-15263;KEGG:C20512;ChEBI:72760	MetaCyc:CPD-15263;KEGG:C20512;ChEBI:72760	MetaCyc:CPD-15263;KEGG:C20512;ChEBI:72760	MetaCyc:CPD-15263;KEGG:C20512;ChEBI:72760	KEGG:C20512	KEGG:C20512	EQ	eQuilibrator:MNXM145099	KEGG:C20512@Charged	eQuilibrator:MNXM145099
cpd31156	MetaCyc:CPD-15264;KEGG:C20513;ChEBI:72762	MetaCyc:CPD-15264;KEGG:C20513;ChEBI:72762	MetaCyc:CPD-15264;KEGG:C20513;ChEBI:72762	MetaCyc:CPD-15264;KEGG:C20513;ChEBI:72762	KEGG:C20513	KEGG:C20513	EQ	eQuilibrator:MNXM118443	KEGG:C20513@Charged	eQuilibrator:MNXM118443
cpd31157	MetaCyc:CPD-15210;KEGG:C20514;ChEBI:67269	MetaCyc:CPD-15210;KEGG:C20514;ChEBI:67269	MetaCyc:CPD-15210;KEGG:C20514;ChEBI:67269	MetaCyc:CPD-15210;KEGG:C20514;ChEBI:67269	KEGG:C20514	KEGG:C20514	EQ	eQuilibrator:MNXM104156	KEGG:C20514@Charged	eQuilibrator:MNXM104156
cpd31158					KEGG:C20515	KEGG:C20515	GC			
cpd31159	MetaCyc:CPD-15209;KEGG:C20516;ChEBI:65063	MetaCyc:CPD-15209;KEGG:C20516;ChEBI:65063	MetaCyc:CPD-15209;KEGG:C20516;ChEBI:65063	MetaCyc:CPD-15209;KEGG:C20516;ChEBI:65063	KEGG:C20516	KEGG:C20516	EQ	eQuilibrator:MNXM104162	KEGG:C20516@Charged	eQuilibrator:MNXM104162
cpd31160	MetaCyc:CPD-15213;KEGG:C20517;ChEBI:71596	MetaCyc:CPD-15213;KEGG:C20517;ChEBI:71596	MetaCyc:CPD-15213;KEGG:C20517;ChEBI:71596	MetaCyc:CPD-15213;KEGG:C20517;ChEBI:71596	KEGG:C20517	KEGG:C20517	GC	KEGG:C20517@Charged	KEGG:C20517@Charged	
cpd31161	MetaCyc:CPD-15250;KEGG:C20518@Charged;ChEBI:73125	MetaCyc:CPD-15250;KEGG:C20518@Charged;ChEBI:73125	MetaCyc:CPD-15250;KEGG:C20518@Charged;ChEBI:73125	MetaCyc:CPD-15250;KEGG:C20518@Charged;ChEBI:73125	KEGG:C20518	KEGG:C20518	EQ	eQuilibrator:MNXM145628	KEGG:C20518@Charged	eQuilibrator:MNXM145628
cpd31162	MetaCyc:CPD-15206;KEGG:C20519;ChEBI:71608	MetaCyc:CPD-15206;KEGG:C20519;ChEBI:71608	MetaCyc:CPD-15206;KEGG:C20519;ChEBI:71608	MetaCyc:CPD-15206;KEGG:C20519;ChEBI:71608	KEGG:C20519	KEGG:C20519	EQ	eQuilibrator:MNXM97107	KEGG:C20519@Charged	eQuilibrator:MNXM97107
cpd31163	MetaCyc:CPD-15208@Charged;KEGG:C20520@Charged;ChEBI:71609@Charged	MetaCyc:CPD-15208@Charged;KEGG:C20520@Charged;ChEBI:71609@Charged	MetaCyc:CPD-15208@Charged;KEGG:C20520@Charged;ChEBI:71609@Charged	MetaCyc:CPD-15208@Charged;KEGG:C20520@Charged;ChEBI:71609@Charged	KEGG:C20520	KEGG:C20520	GC	KEGG:C20520@Charged	KEGG:C20520@Charged	
cpd31164	KEGG:C20521;ChEBI:71618	KEGG:C20521;ChEBI:71618	KEGG:C20521;ChEBI:71618	KEGG:C20521;ChEBI:71618	KEGG:C20521	KEGG:C20521	EQ	eQuilibrator:MNXM97232	KEGG:C20521@Charged	eQuilibrator:MNXM97232
cpd31165	MetaCyc:CPD-15171;KEGG:C20522@Charged;ChEBI:72991	MetaCyc:CPD-15171;KEGG:C20522@Charged;ChEBI:72991	MetaCyc:CPD-15171;KEGG:C20522@Charged;ChEBI:72991	MetaCyc:CPD-15171;KEGG:C20522@Charged;ChEBI:72991	KEGG:C20522	KEGG:C20522	EQ	eQuilibrator:MNXM114670	KEGG:C20522@Charged	eQuilibrator:MNXM114670
cpd31166	MetaCyc:CPD-16736;KEGG:C20525	MetaCyc:CPD-16736;KEGG:C20525	MetaCyc:CPD-16736;KEGG:C20525	MetaCyc:CPD-16736;KEGG:C20525	KEGG:C20525		EQ	eQuilibrator:MNXM146920	KEGG:C20525@Charged	eQuilibrator:MNXM146920
cpd31167	MetaCyc:CPD-16737;KEGG:C20526	MetaCyc:CPD-16737;KEGG:C20526	MetaCyc:CPD-16737;KEGG:C20526	MetaCyc:CPD-16737;KEGG:C20526	KEGG:C20526	KEGG:C20526	EQ	eQuilibrator:MNXM146860	KEGG:C20526@Charged	eQuilibrator:MNXM146860
cpd31168	MetaCyc:CPD-16738;KEGG:C20527	MetaCyc:CPD-16738;KEGG:C20527	MetaCyc:CPD-16738;KEGG:C20527	MetaCyc:CPD-16738;KEGG:C20527	KEGG:C20527	KEGG:C20527	GC	KEGG:C20527@Charged	KEGG:C20527@Charged	
cpd31169	KEGG:C20528	KEGG:C20528	KEGG:C20528	KEGG:C20528	KEGG:C20528	KEGG:C20528	GC	KEGG:C20528@Charged	KEGG:C20528@Charged	
cpd31170	MetaCyc:CPD-16740;KEGG:C20529	MetaCyc:CPD-16740;KEGG:C20529	MetaCyc:CPD-16740;KEGG:C20529	MetaCyc:CPD-16740;KEGG:C20529	KEGG:C20529	KEGG:C20529	GC	KEGG:C20529@Charged	KEGG:C20529@Charged	
cpd31171	MetaCyc:CPD-16741;KEGG:C20530	MetaCyc:CPD-16741;KEGG:C20530	MetaCyc:CPD-16741;KEGG:C20530	MetaCyc:CPD-16741;KEGG:C20530	KEGG:C20530	KEGG:C20530	GC	KEGG:C20530@Charged	KEGG:C20530@Charged	
cpd31172	MetaCyc:CPD-16743;KEGG:C20531	MetaCyc:CPD-16743;KEGG:C20531	MetaCyc:CPD-16743;KEGG:C20531	MetaCyc:CPD-16743;KEGG:C20531	KEGG:C20531	KEGG:C20531	GC	KEGG:C20531@Charged	KEGG:C20531@Charged	
cpd31173	KEGG:C20532	KEGG:C20532	KEGG:C20532	KEGG:C20532	KEGG:C20532	KEGG:C20532	GC	KEGG:C20532@Charged	KEGG:C20532@Charged	
cpd31174	KEGG:C20533	KEGG:C20533	KEGG:C20533	KEGG:C20533	KEGG:C20533	KEGG:C20533	GC	KEGG:C20533@Charged	KEGG:C20533@Charged	
cpd31175	KEGG:C20534	KEGG:C20534	KEGG:C20534	KEGG:C20534	KEGG:C20534	KEGG:C20534	GC	KEGG:C20534@Charged	KEGG:C20534@Charged	
cpd31176	MetaCyc:CPD-16742;KEGG:C20535	MetaCyc:CPD-16742;KEGG:C20535	MetaCyc:CPD-16742;KEGG:C20535	MetaCyc:CPD-16742;KEGG:C20535	KEGG:C20535	KEGG:C20535	GC	KEGG:C20535@Charged	KEGG:C20535@Charged	
cpd31177	MetaCyc:CPD-16956;KEGG:C20536	MetaCyc:CPD-16956;KEGG:C20536	MetaCyc:CPD-16956;KEGG:C20536	MetaCyc:CPD-16956;KEGG:C20536	KEGG:C20536	KEGG:C20536	GC	KEGG:C20536@Charged	KEGG:C20536@Charged	
cpd31178	KEGG:C20542	KEGG:C20542	KEGG:C20542	KEGG:C20542	KEGG:C20542	KEGG:C20542	GC	KEGG:C20542@Charged	KEGG:C20542@Charged	
cpd31179	KEGG:C20543	KEGG:C20543	KEGG:C20543	KEGG:C20543	KEGG:C20543	KEGG:C20543	GC	KEGG:C20543@Charged	KEGG:C20543@Charged	
cpd31180	KEGG:C20545	KEGG:C20545	KEGG:C20545	KEGG:C20545	KEGG:C20545	KEGG:C20545	GC	KEGG:C20545@Charged	KEGG:C20545@Charged	
cpd31181	KEGG:C20546	KEGG:C20546	KEGG:C20546	KEGG:C20546	KEGG:C20546	KEGG:C20546	GC	KEGG:C20546@Charged	KEGG:C20546@Charged	
cpd31182	KEGG:C20548	KEGG:C20548	KEGG:C20548	KEGG:C20548	KEGG:C20548	KEGG:C20548	GC	KEGG:C20548@Charged	KEGG:C20548@Charged	
cpd31183	KEGG:C20549	KEGG:C20549	KEGG:C20549	KEGG:C20549	KEGG:C20549	KEGG:C20549	GC	KEGG:C20549@Charged	KEGG:C20549@Charged	
cpd31184	KEGG:C20550	KEGG:C20550	KEGG:C20550	KEGG:C20550	KEGG:C20550	KEGG:C20550	GC	KEGG:C20550@Charged	KEGG:C20550@Charged	
cpd31185	KEGG:C20551	KEGG:C20551	KEGG:C20551	KEGG:C20551	KEGG:C20551	KEGG:C20551	GC	KEGG:C20551@Charged	KEGG:C20551@Charged	
cpd31186	KEGG:C20552	KEGG:C20552	KEGG:C20552	KEGG:C20552	KEGG:C20552	KEGG:C20552	GC	KEGG:C20552@Charged	KEGG:C20552@Charged	
cpd31187	MetaCyc:CPD-16961;KEGG:C20553	MetaCyc:CPD-16961;KEGG:C20553	MetaCyc:CPD-16961;KEGG:C20553	MetaCyc:CPD-16961;KEGG:C20553	KEGG:C20553	KEGG:C20553	GC	KEGG:C20553@Charged	KEGG:C20553@Charged	
cpd31188	MetaCyc:CPD-16962;KEGG:C20554	MetaCyc:CPD-16962;KEGG:C20554	MetaCyc:CPD-16962;KEGG:C20554	MetaCyc:CPD-16962;KEGG:C20554	KEGG:C20554	KEGG:C20554	GC	KEGG:C20554@Charged	KEGG:C20554@Charged	
cpd31189	MetaCyc:CPD-16963;KEGG:C20555	MetaCyc:CPD-16963;KEGG:C20555	MetaCyc:CPD-16963;KEGG:C20555	MetaCyc:CPD-16963;KEGG:C20555	KEGG:C20555	KEGG:C20555	GC	KEGG:C20555@Charged	KEGG:C20555@Charged	
cpd31190	MetaCyc:CPD-16751;KEGG:C20558	MetaCyc:CPD-16751;KEGG:C20558	MetaCyc:CPD-16751;KEGG:C20558	MetaCyc:CPD-16751;KEGG:C20558	KEGG:C20558	KEGG:C20558	GC	KEGG:C20558@Charged	KEGG:C20558@Charged	
cpd31191	MetaCyc:CPD-16745;KEGG:C20561	MetaCyc:CPD-16745;KEGG:C20561	MetaCyc:CPD-16745;KEGG:C20561	MetaCyc:CPD-16745;KEGG:C20561	KEGG:C20561	KEGG:C20561	GC	KEGG:C20561@Charged	KEGG:C20561@Charged	
cpd31192	MetaCyc:CPD-15265;KEGG:C20563;ChEBI:64530	MetaCyc:CPD-15265;KEGG:C20563;ChEBI:64530	MetaCyc:CPD-15265;KEGG:C20563;ChEBI:64530	MetaCyc:CPD-15265;KEGG:C20563;ChEBI:64530	KEGG:C20563	KEGG:C20563	EQ	eQuilibrator:MNXM44693	KEGG:C20563@Charged	eQuilibrator:MNXM44693
cpd31193	MetaCyc:CPD-15261;KEGG:C20564;ChEBI:72766	MetaCyc:CPD-15261;KEGG:C20564;ChEBI:72766	MetaCyc:CPD-15261;KEGG:C20564;ChEBI:72766	MetaCyc:CPD-15261;KEGG:C20564;ChEBI:72766	KEGG:C20564	KEGG:C20564	GC	KEGG:C20564@Charged	KEGG:C20564@Charged	
cpd31194	MetaCyc:CPD-15225;KEGG:C20565@Charged;ChEBI:71500	MetaCyc:CPD-15225;KEGG:C20565@Charged;ChEBI:71500	MetaCyc:CPD-15225;KEGG:C20565@Charged;ChEBI:71500	MetaCyc:CPD-15225;KEGG:C20565@Charged;ChEBI:71500	KEGG:C20565	KEGG:C20565	EQ	eQuilibrator:MNXM103353	KEGG:C20565@Charged	eQuilibrator:MNXM103353
cpd31195	MetaCyc:CPD-15094;KEGG:C20568;ChEBI:73180	MetaCyc:CPD-15094;KEGG:C20568;ChEBI:73180	MetaCyc:CPD-15094;KEGG:C20568;ChEBI:73180	MetaCyc:CPD-15094;KEGG:C20568;ChEBI:73180	KEGG:C20568	KEGG:C20568	EQ	eQuilibrator:MNXM114565	KEGG:C20568@Charged	eQuilibrator:MNXM114565
cpd31196	KEGG:C20572	KEGG:C20572	KEGG:C20572	KEGG:C20572	KEGG:C20572	KEGG:C20572	EQ	eQuilibrator:MNXM151941	KEGG:C20572@Charged	eQuilibrator:MNXM151941
cpd31197	MetaCyc:CPD-25623;KEGG:C20573@Charged	MetaCyc:CPD-25623;KEGG:C20573@Charged	MetaCyc:CPD-25623;KEGG:C20573@Charged	MetaCyc:CPD-25623;KEGG:C20573@Charged	KEGG:C20573	KEGG:C20573	EQ	eQuilibrator:MNXM151896	KEGG:C20573@Charged	eQuilibrator:MNXM151896
cpd31198	MetaCyc:CPD-15241;KEGG:C20576;ChEBI:72776	MetaCyc:CPD-15241;KEGG:C20576;ChEBI:72776	MetaCyc:CPD-15241;KEGG:C20576;ChEBI:72776	MetaCyc:CPD-15241;KEGG:C20576;ChEBI:72776	KEGG:C20576	KEGG:C20576	EQ	eQuilibrator:MNXM127115	KEGG:C20576@Charged	eQuilibrator:MNXM127115
cpd31199	MetaCyc:CPD-15227;KEGG:C20577;ChEBI:72781	MetaCyc:CPD-15227;KEGG:C20577;ChEBI:72781	MetaCyc:CPD-15227;KEGG:C20577;ChEBI:72781	MetaCyc:CPD-15227;KEGG:C20577;ChEBI:72781	KEGG:C20577	KEGG:C20577	EQ	eQuilibrator:MNXM118475	KEGG:C20577@Charged	eQuilibrator:MNXM118475
cpd31200	MetaCyc:CPD-15228;KEGG:C20578;ChEBI:104120	MetaCyc:CPD-15228;KEGG:C20578;ChEBI:104120	MetaCyc:CPD-15228;KEGG:C20578;ChEBI:104120	MetaCyc:CPD-15228;KEGG:C20578;ChEBI:104120		KEGG:C20578	EQ	eQuilibrator:MNXM41487	KEGG:C20578@Charged	eQuilibrator:MNXM41487
cpd31201	KEGG:C20579	KEGG:C20579	KEGG:C20579	KEGG:C20579	KEGG:C20579	KEGG:C20579	GC	KEGG:C20579@Charged	KEGG:C20579@Charged	
cpd31202					KEGG:C20580	KEGG:C20580				
cpd31203	KEGG:C20584	KEGG:C20584	KEGG:C20584	KEGG:C20584	KEGG:C20584	KEGG:C20584	GC	KEGG:C20584@Charged	KEGG:C20584@Charged	
cpd31204	KEGG:C20585	KEGG:C20585	KEGG:C20585	KEGG:C20585	KEGG:C20585	KEGG:C20585	GC	KEGG:C20585@Charged	KEGG:C20585@Charged	
cpd31205	MetaCyc:CPD-17194;KEGG:C20586@Original	MetaCyc:CPD-17194;KEGG:C20586@Original	MetaCyc:CPD-17194;KEGG:C20586@Original	MetaCyc:CPD-17194;KEGG:C20586@Original	KEGG:C20586	KEGG:C20586	GC	KEGG:C20586@Charged	KEGG:C20586@Charged	
cpd31206	KEGG:C20587	KEGG:C20587	KEGG:C20587	KEGG:C20587	KEGG:C20587	KEGG:C20587	GC	KEGG:C20587@Charged	KEGG:C20587@Charged	
cpd31207	KEGG:C20588@Charged	KEGG:C20588@Charged	KEGG:C20588@Charged	KEGG:C20588@Charged	KEGG:C20588	KEGG:C20588	GC	KEGG:C20588@Charged	KEGG:C20588@Charged	
cpd31208	MetaCyc:CPD-15586;KEGG:C20589@Charged;ChEBI:75705	MetaCyc:CPD-15586;KEGG:C20589@Charged;ChEBI:75705	MetaCyc:CPD-15586;KEGG:C20589@Charged;ChEBI:75705	MetaCyc:CPD-15586;KEGG:C20589@Charged;ChEBI:75705	KEGG:C20589	KEGG:C20589	EQ	eQuilibrator:MNXM146133	KEGG:C20589@Charged	eQuilibrator:MNXM146133
cpd31209	KEGG:C20590	KEGG:C20590	KEGG:C20590	KEGG:C20590	KEGG:C20590	KEGG:C20590	GC	KEGG:C20590@Charged	KEGG:C20590@Charged	
cpd31210	KEGG:C20591@Charged	KEGG:C20591@Charged	KEGG:C20591@Charged	KEGG:C20591@Charged	KEGG:C20591	KEGG:C20591	GC	KEGG:C20591@Charged	KEGG:C20591@Charged	
cpd31211	KEGG:C20592@Charged	KEGG:C20592@Charged	KEGG:C20592@Charged	KEGG:C20592@Charged	KEGG:C20592	KEGG:C20592	GC	KEGG:C20592@Charged	KEGG:C20592@Charged	eQuilibrator:MNXM158074
cpd31212	MetaCyc:CPD-16753;KEGG:C20593	MetaCyc:CPD-16753;KEGG:C20593	MetaCyc:CPD-16753;KEGG:C20593	MetaCyc:CPD-16753;KEGG:C20593	KEGG:C20593	KEGG:C20593	GC	KEGG:C20593@Charged	KEGG:C20593@Charged	
cpd31213	KEGG:C20594	KEGG:C20594	KEGG:C20594	KEGG:C20594	KEGG:C20594	KEGG:C20594	GC	KEGG:C20594@Charged	KEGG:C20594@Charged	
cpd31214	KEGG:C20595	KEGG:C20595	KEGG:C20595	KEGG:C20595	KEGG:C20595	KEGG:C20595	GC	KEGG:C20595@Charged	KEGG:C20595@Charged	
cpd31215	KEGG:C20596	KEGG:C20596	KEGG:C20596	KEGG:C20596	KEGG:C20596	KEGG:C20596	GC	KEGG:C20596@Charged	KEGG:C20596@Charged	
cpd31216	KEGG:C20597	KEGG:C20597	KEGG:C20597	KEGG:C20597	KEGG:C20597	KEGG:C20597	GC	KEGG:C20597@Charged	KEGG:C20597@Charged	
cpd31217	KEGG:C20598	KEGG:C20598	KEGG:C20598	KEGG:C20598	KEGG:C20598	KEGG:C20598	GC	KEGG:C20598@Charged	KEGG:C20598@Charged	
cpd31218	KEGG:C20599	KEGG:C20599	KEGG:C20599	KEGG:C20599	KEGG:C20599	KEGG:C20599	GC	KEGG:C20599@Charged	KEGG:C20599@Charged	
cpd31219	KEGG:C20600	KEGG:C20600	KEGG:C20600	KEGG:C20600	KEGG:C20600	KEGG:C20600	GC	KEGG:C20600@Charged	KEGG:C20600@Charged	
cpd31220	KEGG:C20601	KEGG:C20601	KEGG:C20601	KEGG:C20601	KEGG:C20601	KEGG:C20601	GC	KEGG:C20601@Charged	KEGG:C20601@Charged	
cpd31221	MetaCyc:CPD-15411;KEGG:C20602@Charged;ChEBI:73936	MetaCyc:CPD-15411;KEGG:C20602@Charged;ChEBI:73936	MetaCyc:CPD-15411;KEGG:C20602@Charged;ChEBI:73936	MetaCyc:CPD-15411;KEGG:C20602@Charged;ChEBI:73936	KEGG:C20602	KEGG:C20602	GC	KEGG:C20602@Charged	KEGG:C20602@Charged	eQuilibrator:MNXM146405
cpd31222	MetaCyc:CPD-15412;KEGG:C20603@Charged;ChEBI:73937	MetaCyc:CPD-15412;KEGG:C20603@Charged;ChEBI:73937	MetaCyc:CPD-15412;KEGG:C20603@Charged;ChEBI:73937	MetaCyc:CPD-15412@Charged;KEGG:C20603@Charged;ChEBI:73937@Charged	KEGG:C20603	KEGG:C20603	GC	KEGG:C20603@Charged	KEGG:C20603@Charged	eQuilibrator:MNXM146327
cpd31223	MetaCyc:CPD-15266;KEGG:C20604;ChEBI:72763	MetaCyc:CPD-15266;KEGG:C20604;ChEBI:72763	MetaCyc:CPD-15266;KEGG:C20604;ChEBI:72763	MetaCyc:CPD-15266;KEGG:C20604;ChEBI:72763	KEGG:C20604	KEGG:C20604	EQ	eQuilibrator:MNXM125783	KEGG:C20604@Charged	eQuilibrator:MNXM125783
cpd31224	MetaCyc:CPD-15268;KEGG:C20605;ChEBI:72764	MetaCyc:CPD-15268;KEGG:C20605;ChEBI:72764	MetaCyc:CPD-15268;KEGG:C20605;ChEBI:72764	MetaCyc:CPD-15268;KEGG:C20605;ChEBI:72764	KEGG:C20605	KEGG:C20605	GC	KEGG:C20605@Charged	KEGG:C20605@Charged	eQuilibrator:MNXM116146
cpd31225	MetaCyc:CPD-15262;KEGG:C20607;ChEBI:72761	MetaCyc:CPD-15262;KEGG:C20607;ChEBI:72761	MetaCyc:CPD-15262;KEGG:C20607;ChEBI:72761	MetaCyc:CPD-15262;KEGG:C20607;ChEBI:72761	KEGG:C20607	KEGG:C20607	EQ	eQuilibrator:MNXM145098	KEGG:C20607@Charged	eQuilibrator:MNXM145098
cpd31226	MetaCyc:CPD-15409;KEGG:C20608@Charged;ChEBI:73934	MetaCyc:CPD-15409;KEGG:C20608@Charged;ChEBI:73934	MetaCyc:CPD-15409;KEGG:C20608@Charged;ChEBI:73934	MetaCyc:CPD-15409;KEGG:C20608@Charged;ChEBI:73934	KEGG:C20608		EQ	eQuilibrator:MNXM18845	KEGG:C20608@Charged	eQuilibrator:MNXM18845
cpd31227	MetaCyc:CPD-15408;KEGG:C20609@Charged;ChEBI:73935	MetaCyc:CPD-15408;KEGG:C20609@Charged;ChEBI:73935	MetaCyc:CPD-15408;KEGG:C20609@Charged;ChEBI:73935	MetaCyc:CPD-15408;KEGG:C20609@Charged;ChEBI:73935	KEGG:C20609		GC	KEGG:C20609@Charged	KEGG:C20609@Charged	eQuilibrator:MNXM101621
cpd31228	ChEBI:140380	ChEBI:140380		ChEBI:140380	ChEBI:140380	ChEBI:140380				
cpd31229	MetaCyc:CPD-15428;KEGG:C20617@Charged;ChEBI:73973	MetaCyc:CPD-15428;KEGG:C20617@Charged;ChEBI:73973	MetaCyc:CPD-15428;KEGG:C20617@Charged;ChEBI:73973	MetaCyc:CPD-15428;KEGG:C20617@Charged;ChEBI:73973	KEGG:C20617	KEGG:C20617	EQ	eQuilibrator:MNXM146531	KEGG:C20617@Charged	eQuilibrator:MNXM146531
cpd31230	KEGG:C20618@Charged;ChEBI:73984	KEGG:C20618@Charged;ChEBI:73984	KEGG:C20618@Charged;ChEBI:73984	KEGG:C20618@Charged;ChEBI:73984	KEGG:C20618	KEGG:C20618	EQ	eQuilibrator:MNXM146532	KEGG:C20618@Charged	eQuilibrator:MNXM146532
cpd31231	KEGG:C20619@Charged;ChEBI:73986	KEGG:C20619@Charged;ChEBI:73986	KEGG:C20619@Charged;ChEBI:73986	KEGG:C20619@Charged;ChEBI:73986	KEGG:C20619	KEGG:C20619	EQ	eQuilibrator:MNXM146533	KEGG:C20619@Charged	eQuilibrator:MNXM146533
cpd31232	MetaCyc:CPD-15430;KEGG:C20620@Charged;ChEBI:74214	MetaCyc:CPD-15430;KEGG:C20620@Charged;ChEBI:74214	MetaCyc:CPD-15430;KEGG:C20620@Charged;ChEBI:74214	MetaCyc:CPD-15430;KEGG:C20620@Charged;ChEBI:74214	KEGG:C20620	KEGG:C20620	EQ	eQuilibrator:MNXM145624	KEGG:C20620@Charged	eQuilibrator:MNXM145624
cpd31233	MetaCyc:CPD-15431;KEGG:C20621@Charged;ChEBI:73987	MetaCyc:CPD-15431;KEGG:C20621@Charged;ChEBI:73987	MetaCyc:CPD-15431;KEGG:C20621@Charged;ChEBI:73987	MetaCyc:CPD-15431;KEGG:C20621@Charged;ChEBI:73987	KEGG:C20621	KEGG:C20621	EQ	eQuilibrator:MNXM145754	KEGG:C20621@Charged	eQuilibrator:MNXM145754
cpd31234	MetaCyc:CPD-15432;KEGG:C20622@Charged;ChEBI:73988	MetaCyc:CPD-15432;KEGG:C20622@Charged;ChEBI:73988	MetaCyc:CPD-15432;KEGG:C20622@Charged;ChEBI:73988	MetaCyc:CPD-15432;KEGG:C20622@Charged;ChEBI:73988	KEGG:C20622	KEGG:C20622	EQ	eQuilibrator:MNXM145756	KEGG:C20622@Charged	eQuilibrator:MNXM145756
cpd31235	MetaCyc:CPD-15301;KEGG:C20623;ChEBI:73388	MetaCyc:CPD-15301;KEGG:C20623;ChEBI:73388	MetaCyc:CPD-15301;KEGG:C20623;ChEBI:73388	MetaCyc:CPD-15301;KEGG:C20623;ChEBI:73388	KEGG:C20623	KEGG:C20623	GC	KEGG:C20623@Charged	KEGG:C20623@Charged	eQuilibrator:MNXM146126
cpd31236	MetaCyc:CPD-15433;KEGG:C20625@Charged;ChEBI:73991	MetaCyc:CPD-15433;KEGG:C20625@Charged;ChEBI:73991	MetaCyc:CPD-15433;KEGG:C20625@Charged;ChEBI:73991	MetaCyc:CPD-15433;KEGG:C20625@Charged;ChEBI:73991	KEGG:C20625	KEGG:C20625	EQ	eQuilibrator:MNXM145755	KEGG:C20625@Charged	eQuilibrator:MNXM145755
cpd31237	KEGG:C20626@Charged	KEGG:C20626@Charged	KEGG:C20626@Charged	KEGG:C20626@Charged	KEGG:C20626	KEGG:C20626	GC	KEGG:C20626@Charged	KEGG:C20626@Charged	
cpd31238	KEGG:C20627@Charged	KEGG:C20627@Charged	KEGG:C20627@Charged	KEGG:C20627@Charged	KEGG:C20627	KEGG:C20627	GC	KEGG:C20627@Charged	KEGG:C20627@Charged	
cpd31239	KEGG:C20628@Charged	KEGG:C20628@Charged	KEGG:C20628@Charged	KEGG:C20628@Charged	KEGG:C20628	KEGG:C20628	GC	KEGG:C20628@Charged	KEGG:C20628@Charged	eQuilibrator:MNXM165588
cpd31240	MetaCyc:CPD-15416;KEGG:C20629@Charged;ChEBI:73954	MetaCyc:CPD-15416;KEGG:C20629@Charged;ChEBI:73954	MetaCyc:CPD-15416;KEGG:C20629@Charged;ChEBI:73954	MetaCyc:CPD-15416;KEGG:C20629@Charged;ChEBI:73954	KEGG:C20629	KEGG:C20629	GC	KEGG:C20629@Charged	KEGG:C20629@Charged	eQuilibrator:MNXM145701
cpd31241	MetaCyc:CPD-15260;KEGG:C20630;ChEBI:64531	MetaCyc:CPD-15260;KEGG:C20630;ChEBI:64531	MetaCyc:CPD-15260;KEGG:C20630;ChEBI:64531	MetaCyc:CPD-15260;KEGG:C20630;ChEBI:64531	KEGG:C20630	KEGG:C20630	GC	KEGG:C20630@Charged	KEGG:C20630@Charged	eQuilibrator:MNXM53994
cpd31242	MetaCyc:CPD-15117;KEGG:C20631;ChEBI:58850	MetaCyc:CPD-15117;KEGG:C20631;ChEBI:58850	MetaCyc:CPD-15117;KEGG:C20631;ChEBI:58850	MetaCyc:CPD-15117;KEGG:C20631@Charged;ChEBI:58850	KEGG:C20631	KEGG:C20631	EQ	eQuilibrator:MNXM6009	KEGG:C20631@Charged	eQuilibrator:MNXM6009
cpd31243	KEGG:C20632	KEGG:C20632	KEGG:C20632	KEGG:C20632		KEGG:C20632	GC	KEGG:C20632@Charged	KEGG:C20632@Charged	
cpd31244	KEGG:C20633	KEGG:C20633	KEGG:C20633	KEGG:C20633	KEGG:C20633	KEGG:C20633	GC	KEGG:C20633@Charged	KEGG:C20633@Charged	
cpd31245	MetaCyc:CPD-15315;KEGG:C20634;ChEBI:73244	MetaCyc:CPD-15315;KEGG:C20634;ChEBI:73244	MetaCyc:CPD-15315;KEGG:C20634;ChEBI:73244	MetaCyc:CPD-15315;KEGG:C20634;ChEBI:73244	KEGG:C20634	KEGG:C20634	EQ	eQuilibrator:MNXM127933	KEGG:C20634@Charged	eQuilibrator:MNXM127933
cpd31246	MetaCyc:CPD-15273;KEGG:C20636;ChEBI:72948	MetaCyc:CPD-15273;KEGG:C20636;ChEBI:72948	MetaCyc:CPD-15273;KEGG:C20636;ChEBI:72948	MetaCyc:CPD-15273;KEGG:C20636;ChEBI:72948	KEGG:C20636	KEGG:C20636	EQ	eQuilibrator:MNXM124300	KEGG:C20636@Charged	eQuilibrator:MNXM124300
cpd31247	KEGG:C20637@Charged	KEGG:C20637@Charged	KEGG:C20637@Charged	KEGG:C20637@Charged	KEGG:C20637	KEGG:C20637	GC	KEGG:C20637@Charged	KEGG:C20637@Charged	eQuilibrator:MNXM147847
cpd31248	MetaCyc:CPD-15321;KEGG:C20639;ChEBI:73389	MetaCyc:CPD-15321;KEGG:C20639;ChEBI:73389	MetaCyc:CPD-15321;KEGG:C20639;ChEBI:73389	MetaCyc:CPD-15321;KEGG:C20639@Charged;ChEBI:73389	KEGG:C20639	KEGG:C20639	EQ	eQuilibrator:MNXM145791	KEGG:C20639@Charged	eQuilibrator:MNXM145791
cpd31249	MetaCyc:CPD-15224;KEGG:C20640@Charged;ChEBI:143093	MetaCyc:CPD-15224;KEGG:C20640@Charged;ChEBI:143093	MetaCyc:CPD-15224;KEGG:C20640@Charged;ChEBI:143093	MetaCyc:CPD-15224;KEGG:C20640@Charged;ChEBI:143093	KEGG:C20640	KEGG:C20640	GC	KEGG:C20640@Charged	KEGG:C20640@Charged	
cpd31250	MetaCyc:CPD-15435;KEGG:C20641@Charged;ChEBI:73682	MetaCyc:CPD-15435;KEGG:C20641@Charged;ChEBI:73682	MetaCyc:CPD-15435;KEGG:C20641@Charged;ChEBI:73682	MetaCyc:CPD-15435;KEGG:C20641@Charged;ChEBI:73682	KEGG:C20641	KEGG:C20641	GC	KEGG:C20641@Charged	KEGG:C20641@Charged	eQuilibrator:MNXM145767
cpd31251	KEGG:C20642@Charged	KEGG:C20642@Charged	KEGG:C20642@Charged	KEGG:C20642@Charged	KEGG:C20642	KEGG:C20642	GC	KEGG:C20642@Charged	KEGG:C20642@Charged	
cpd31252	KEGG:C20644@Charged	KEGG:C20644@Charged	KEGG:C20644@Charged	KEGG:C20644@Charged	KEGG:C20644	KEGG:C20644	GC	KEGG:C20644@Charged	KEGG:C20644@Charged	
cpd31253	MetaCyc:CPD-15344;KEGG:C20646@Charged;ChEBI:74119	MetaCyc:CPD-15344;KEGG:C20646@Charged;ChEBI:74119	MetaCyc:CPD-15344;KEGG:C20646@Charged;ChEBI:74119	MetaCyc:CPD-15344;KEGG:C20646@Charged;ChEBI:74119	KEGG:C20646	KEGG:C20646	EQ	eQuilibrator:MNXM145715	KEGG:C20646@Charged	eQuilibrator:MNXM145715
cpd31254					KEGG:C20649	KEGG:C20649				
cpd31255	MetaCyc:CPD-15320;KEGG:C20651;ChEBI:74158	MetaCyc:CPD-15320;KEGG:C20651;ChEBI:74158	MetaCyc:CPD-15320;KEGG:C20651;ChEBI:74158	MetaCyc:CPD-15320;KEGG:C20651@Charged;ChEBI:74158	KEGG:C20651	KEGG:C20651	EQ	eQuilibrator:MNXM145790	KEGG:C20651@Charged	eQuilibrator:MNXM145790
cpd31256					KEGG:C20652	KEGG:C20652				
cpd31257	KEGG:C20653@Charged	KEGG:C20653@Charged	KEGG:C20653@Charged	KEGG:C20653@Charged	KEGG:C20653	KEGG:C20653	EQ	eQuilibrator:MNXM164115	KEGG:C20653@Charged	eQuilibrator:MNXM164115
cpd31258	MetaCyc:CPD-15324;KEGG:C20654@Charged	MetaCyc:CPD-15324;KEGG:C20654@Charged	MetaCyc:CPD-15324;KEGG:C20654@Charged	MetaCyc:CPD-15324;KEGG:C20654@Charged	KEGG:C20654	KEGG:C20654	EQ	eQuilibrator:MNXM146504	KEGG:C20654@Charged	eQuilibrator:MNXM146504
cpd31259										
cpd31260	MetaCyc:CPD-14762;KEGG:C20658@Charged;ChEBI:83767	MetaCyc:CPD-14762;KEGG:C20658@Charged;ChEBI:83767	MetaCyc:CPD-14762;KEGG:C20658@Charged;ChEBI:83767	MetaCyc:CPD-14762;KEGG:C20658@Charged;ChEBI:83767	KEGG:C20658	KEGG:C20658	EQ	eQuilibrator:MNXM20011	KEGG:C20658@Charged	eQuilibrator:MNXM20011
cpd31261					KEGG:C20659	KEGG:C20659				
cpd31262					KEGG:C20660	KEGG:C20660				
cpd31263					KEGG:C20661	KEGG:C20661				
cpd31264					KEGG:C20662	KEGG:C20662				
cpd31265	KEGG:C20664@Charged	KEGG:C20664@Charged	KEGG:C20664@Charged	KEGG:C20664@Charged	KEGG:C20664		GC	KEGG:C20664@Charged	KEGG:C20664@Charged	
cpd31266	KEGG:C20666@Charged;ChEBI:74361	KEGG:C20666@Charged;ChEBI:74361	KEGG:C20666@Charged;ChEBI:74361	KEGG:C20666@Charged;ChEBI:74361	KEGG:C20666	KEGG:C20666	EQ	eQuilibrator:MNXM146354	KEGG:C20666@Charged	eQuilibrator:MNXM146354
cpd31267	KEGG:C20667@Charged;ChEBI:74362	KEGG:C20667@Charged;ChEBI:74362	KEGG:C20667@Charged;ChEBI:74362	KEGG:C20667@Charged;ChEBI:74362	KEGG:C20667	KEGG:C20667	EQ	eQuilibrator:MNXM146339	KEGG:C20667@Charged	eQuilibrator:MNXM146339
cpd31268	MetaCyc:3-oxo-D-glucose-6-phosphate;KEGG:C20668@Charged;ChEBI:75052	MetaCyc:3-oxo-D-glucose-6-phosphate;KEGG:C20668@Charged;ChEBI:75052	MetaCyc:3-oxo-D-glucose-6-phosphate;KEGG:C20668@Charged;ChEBI:75052	MetaCyc:3-oxo-D-glucose-6-phosphate;KEGG:C20668@Charged;ChEBI:75052	KEGG:C20668	KEGG:C20668	EQ	eQuilibrator:MNXM145737	MetaCyc:3-oxo-D-glucose-6-phosphate@Charged	eQuilibrator:MNXM145737
cpd31269	MetaCyc:CPD-15537;KEGG:C20672@Charged;ChEBI:73997	MetaCyc:CPD-15537;KEGG:C20672@Charged;ChEBI:73997	MetaCyc:CPD-15537;KEGG:C20672@Charged;ChEBI:73997	MetaCyc:CPD-15537;KEGG:C20672@Charged;ChEBI:73997	KEGG:C20672	KEGG:C20672	GC	KEGG:C20672@Charged	KEGG:C20672@Charged	eQuilibrator:MNXM146396
cpd31270	MetaCyc:CPD-15570;KEGG:C20673;ChEBI:74958	MetaCyc:CPD-15570;KEGG:C20673;ChEBI:74958	MetaCyc:CPD-15570;KEGG:C20673;ChEBI:74958	MetaCyc:CPD-15570;KEGG:C20673;ChEBI:74958	KEGG:C20673	KEGG:C20673	EQ	eQuilibrator:MNXM146420	KEGG:C20673@Charged	eQuilibrator:MNXM146420
cpd31271	MetaCyc:Even-Saturated-Fatty-Acyl-CoA;MetaCyc:Odd-Saturated-Fatty-Acyl-CoA;MetaCyc:Straight-Chain-234-Sat-FA-CoA;KEGG:C20675@Charged;ChEBI:83721;ChEBI:83723;ChEBI:83724;ChEBI:87487	MetaCyc:Even-Saturated-Fatty-Acyl-CoA;MetaCyc:Odd-Saturated-Fatty-Acyl-CoA;MetaCyc:Straight-Chain-234-Sat-FA-CoA;KEGG:C20675@Charged;ChEBI:83721;ChEBI:83723;ChEBI:83724;ChEBI:87487		MetaCyc:Even-Saturated-Fatty-Acyl-CoA;MetaCyc:Odd-Saturated-Fatty-Acyl-CoA;MetaCyc:Straight-Chain-234-Sat-FA-CoA;KEGG:C20675@Charged;ChEBI:83721;ChEBI:83723;ChEBI:83724;ChEBI:87487	KEGG:C20675	KEGG:C20675	GC	KEGG:C20675@Charged	KEGG:C20675@Charged	
cpd31272	MetaCyc:CPD-15572;KEGG:C20677	MetaCyc:CPD-15572;KEGG:C20677	MetaCyc:CPD-15572;KEGG:C20677	MetaCyc:CPD-15572;KEGG:C20677	KEGG:C20677	KEGG:C20677	EQ	eQuilibrator:MNXM146419	KEGG:C20677@Charged	eQuilibrator:MNXM146419
cpd31273	KEGG:C20678;ChEBI:74026	KEGG:C20678;ChEBI:74026	KEGG:C20678;ChEBI:74026	KEGG:C20678;ChEBI:74026	KEGG:C20678	KEGG:C20678	GC	KEGG:C20678@Charged	KEGG:C20678@Charged	eQuilibrator:MNXM146347
cpd31274	KEGG:C20682@Charged;ChEBI:76275	KEGG:C20682@Charged;ChEBI:76275	KEGG:C20682@Charged;ChEBI:76275	KEGG:C20682@Charged;ChEBI:76275	KEGG:C20682	KEGG:C20682	EQ	eQuilibrator:MNXM146387	KEGG:C20682@Charged	eQuilibrator:MNXM146387
cpd31275	MetaCyc:CPD-15424;KEGG:C20684@Charged;ChEBI:73674	MetaCyc:CPD-15424;KEGG:C20684@Charged;ChEBI:73674	MetaCyc:CPD-15424;KEGG:C20684@Charged;ChEBI:73674	MetaCyc:CPD-15424;KEGG:C20684@Charged;ChEBI:73674	KEGG:C20684	KEGG:C20684	GC	KEGG:C20684@Charged	KEGG:C20684@Charged	eQuilibrator:MNXM145614
cpd31276	MetaCyc:CPD-15728;KEGG:C20685@Charged;ChEBI:75288	MetaCyc:CPD-15728;KEGG:C20685@Charged;ChEBI:75288	MetaCyc:CPD-15728;KEGG:C20685@Charged;ChEBI:75288	MetaCyc:CPD-15728;KEGG:C20685@Charged;ChEBI:75288	KEGG:C20685	KEGG:C20685	EQ	eQuilibrator:MNXM146330	KEGG:C20685@Charged	eQuilibrator:MNXM146330
cpd31277	MetaCyc:CPD-15724;KEGG:C20686@Charged;ChEBI:75285	MetaCyc:CPD-15724;KEGG:C20686@Charged;ChEBI:75285	MetaCyc:CPD-15724;KEGG:C20686@Charged;ChEBI:75285	MetaCyc:CPD-15724;KEGG:C20686@Charged;ChEBI:75285	KEGG:C20686	KEGG:C20686	EQ	eQuilibrator:MNXM146334	KEGG:C20686@Charged	eQuilibrator:MNXM146334
cpd31278	MetaCyc:CPD-15726;KEGG:C20687@Charged;ChEBI:75287	MetaCyc:CPD-15726;KEGG:C20687@Charged;ChEBI:75287	MetaCyc:CPD-15726;KEGG:C20687@Charged;ChEBI:75287	MetaCyc:CPD-15726;KEGG:C20687@Charged;ChEBI:75287	KEGG:C20687	KEGG:C20687	EQ	eQuilibrator:MNXM146333	KEGG:C20687@Charged	eQuilibrator:MNXM146333
cpd31279	MetaCyc:CPD-15542;KEGG:C20689;ChEBI:74354	MetaCyc:CPD-15542;KEGG:C20689;ChEBI:74354	MetaCyc:CPD-15542;KEGG:C20689;ChEBI:74354	MetaCyc:CPD-15542;KEGG:C20689@Charged;ChEBI:74354	KEGG:C20689	KEGG:C20689	GC	KEGG:C20689@Charged	KEGG:C20689@Charged	eQuilibrator:MNXM145799
cpd31280					KEGG:C20691	KEGG:C20691				
cpd31281	KEGG:C20698@Charged	KEGG:C20698@Charged	KEGG:C20698@Charged	KEGG:C20698@Charged		KEGG:C20698	GC	KEGG:C20698@Charged	KEGG:C20698@Charged	
cpd31282	MetaCyc:CPD-15425;KEGG:C20699@Charged;ChEBI:73675	MetaCyc:CPD-15425;KEGG:C20699@Charged;ChEBI:73675	MetaCyc:CPD-15425;KEGG:C20699@Charged;ChEBI:73675	MetaCyc:CPD-15425;KEGG:C20699@Charged;ChEBI:73675	KEGG:C20699	KEGG:C20699	GC	KEGG:C20699@Charged	KEGG:C20699@Charged	eQuilibrator:MNXM145744
cpd31283	MetaCyc:CPD-15840;KEGG:C20702@Charged;ChEBI:75341	MetaCyc:CPD-15840;KEGG:C20702@Charged;ChEBI:75341	MetaCyc:CPD-15840;KEGG:C20702@Charged;ChEBI:75341	MetaCyc:CPD-15840;KEGG:C20702@Charged;ChEBI:75341	KEGG:C20702	KEGG:C20702	GC	KEGG:C20702@Charged	KEGG:C20702@Charged	
cpd31284	MetaCyc:CPD-15842;KEGG:C20703@Charged;ChEBI:75346	MetaCyc:CPD-15842;KEGG:C20703@Charged;ChEBI:75346	MetaCyc:CPD-15842;KEGG:C20703@Charged;ChEBI:75346	MetaCyc:CPD-15842;KEGG:C20703@Charged;ChEBI:75346	KEGG:C20703	KEGG:C20703	GC	KEGG:C20703@Charged	KEGG:C20703@Charged	
cpd31285	MetaCyc:CPD-15843;KEGG:C20704@Charged;ChEBI:75348	MetaCyc:CPD-15843;KEGG:C20704@Charged;ChEBI:75348	MetaCyc:CPD-15843;KEGG:C20704@Charged;ChEBI:75348	MetaCyc:CPD-15843;KEGG:C20704@Charged;ChEBI:75348	KEGG:C20704	KEGG:C20704	GC	KEGG:C20704@Charged	KEGG:C20704@Charged	
cpd31286	MetaCyc:CPD-15097;KEGG:C20705;ChEBI:75879	MetaCyc:CPD-15097;KEGG:C20705;ChEBI:75879	MetaCyc:CPD-15097;KEGG:C20705;ChEBI:75879	MetaCyc:CPD-15097;KEGG:C20705@Charged;ChEBI:75879	KEGG:C20705	KEGG:C20705	EQ	eQuilibrator:MNXM114736	KEGG:C20705@Charged	eQuilibrator:MNXM114736
cpd31287	MetaCyc:CPD-15095;KEGG:C20706;ChEBI:75880	MetaCyc:CPD-15095;KEGG:C20706;ChEBI:75880	MetaCyc:CPD-15095;KEGG:C20706;ChEBI:75880	MetaCyc:CPD-15095;KEGG:C20706@Charged;ChEBI:75880	KEGG:C20706	KEGG:C20706	EQ	eQuilibrator:MNXM114737	KEGG:C20706@Charged	eQuilibrator:MNXM114737
cpd31288	MetaCyc:CPD-15880;KEGG:C20707;ChEBI:75931	MetaCyc:CPD-15880;KEGG:C20707;ChEBI:75931	MetaCyc:CPD-15880;KEGG:C20707;ChEBI:75931	MetaCyc:CPD-15880;KEGG:C20707;ChEBI:75931	KEGG:C20707	KEGG:C20707	GC	KEGG:C20707@Charged	KEGG:C20707@Charged	eQuilibrator:MNXM117087
cpd31289	MetaCyc:CPD-25164;KEGG:C20708@Charged	MetaCyc:CPD-25164;KEGG:C20708@Charged	MetaCyc:CPD-25164;KEGG:C20708@Charged	MetaCyc:CPD-25164;KEGG:C20708@Charged	KEGG:C20708	KEGG:C20708	EQ	eQuilibrator:MNXM160874	KEGG:C20708@Charged	eQuilibrator:MNXM160874
cpd31290	KEGG:C20709;ChEBI:74020	KEGG:C20709;ChEBI:74020	KEGG:C20709;ChEBI:74020	KEGG:C20709;ChEBI:74020	KEGG:C20709	KEGG:C20709	GC	KEGG:C20709@Charged	KEGG:C20709@Charged	eQuilibrator:MNXM88013
cpd31291	MetaCyc:CPD-15848;KEGG:C20710@Charged;ChEBI:75717	MetaCyc:CPD-15848;KEGG:C20710@Charged;ChEBI:75717	MetaCyc:CPD-15848;KEGG:C20710@Charged;ChEBI:75717	MetaCyc:CPD-15848;KEGG:C20710@Charged;ChEBI:75717	KEGG:C20710	KEGG:C20710	EQ	eQuilibrator:MNXM146326	KEGG:C20710@Charged	eQuilibrator:MNXM146326
cpd31292	KEGG:C20713	KEGG:C20713	KEGG:C20713	KEGG:C20713	KEGG:C20713	KEGG:C20713	GC	KEGG:C20713@Charged	KEGG:C20713@Charged	eQuilibrator:MNXM105360
cpd31293	MetaCyc:CPD-15743;KEGG:C20714@Charged	MetaCyc:CPD-15743;KEGG:C20714@Charged	MetaCyc:CPD-15743;KEGG:C20714@Charged	MetaCyc:CPD-15743;KEGG:C20714@Charged	KEGG:C20714	KEGG:C20714	EQ	eQuilibrator:MNXM36754	KEGG:C20714@Charged	eQuilibrator:MNXM36754
cpd31294	MetaCyc:CPD-15449;KEGG:C20715	MetaCyc:CPD-15449;KEGG:C20715	MetaCyc:CPD-15449;KEGG:C20715	MetaCyc:CPD-15449;KEGG:C20715	KEGG:C20715	KEGG:C20715	GC	KEGG:C20715@Charged	KEGG:C20715@Charged	eQuilibrator:MNXM119779
cpd31295	MetaCyc:CPD-15447;KEGG:C20716	MetaCyc:CPD-15447;KEGG:C20716	MetaCyc:CPD-15447;KEGG:C20716	MetaCyc:CPD-15447;KEGG:C20716	KEGG:C20716	KEGG:C20716	GC	KEGG:C20716@Charged	KEGG:C20716@Charged	eQuilibrator:MNXM145876
cpd31296	KEGG:C20719@Charged	KEGG:C20719@Charged	KEGG:C20719@Charged	KEGG:C20719@Charged	KEGG:C20719	KEGG:C20719	GC	KEGG:C20719@Charged	KEGG:C20719@Charged	
cpd31297	KEGG:C20720@Charged	KEGG:C20720@Charged	KEGG:C20720@Charged	KEGG:C20720@Charged	KEGG:C20720	KEGG:C20720	GC	KEGG:C20720@Charged	KEGG:C20720@Charged	
cpd31298	KEGG:C20721@Charged	KEGG:C20721@Charged	KEGG:C20721@Charged	KEGG:C20721@Charged	KEGG:C20721	KEGG:C20721	GC	KEGG:C20721@Charged	KEGG:C20721@Charged	
cpd31299	KEGG:C20722	KEGG:C20722		KEGG:C20722	KEGG:C20722	KEGG:C20722	GC	KEGG:C20722@Charged	KEGG:C20722@Charged	
cpd31300	KEGG:C20723	KEGG:C20723		KEGG:C20723	KEGG:C20723	KEGG:C20723	GC	KEGG:C20723@Charged	KEGG:C20723@Charged	
cpd31301	KEGG:C20725	KEGG:C20725	KEGG:C20725	KEGG:C20725	KEGG:C20725	KEGG:C20725	GC	KEGG:C20725@Charged	KEGG:C20725@Charged	eQuilibrator:MNXM105361
cpd31302	MetaCyc:CPD-15539;KEGG:C20726@Charged;ChEBI:75992	MetaCyc:CPD-15539;KEGG:C20726@Charged;ChEBI:75992	MetaCyc:CPD-15539;KEGG:C20726@Charged;ChEBI:75992	MetaCyc:CPD-15539;KEGG:C20726@Charged;ChEBI:75992	KEGG:C20726	KEGG:C20726	EQ	eQuilibrator:MNXM146441	KEGG:C20726@Charged	eQuilibrator:MNXM146441
cpd31303	MetaCyc:CPD-15540@Charged;KEGG:C20727@Charged;ChEBI:76272@Charged	MetaCyc:CPD-15540@Charged;KEGG:C20727@Charged;ChEBI:76272@Charged	MetaCyc:CPD-15540@Charged;KEGG:C20727@Charged;ChEBI:76272@Charged	MetaCyc:CPD-15540@Charged;KEGG:C20727@Charged;ChEBI:76272@Charged	KEGG:C20727	KEGG:C20727	GC	KEGG:C20727@Charged	KEGG:C20727@Charged	eQuilibrator:MNXM58839
cpd31304	MetaCyc:CysO-S-Cysteine@Charged;KEGG:C20729@Charged;ChEBI:90783@Charged;Override:ACPs	MetaCyc:CysO-S-Cysteine@Charged;KEGG:C20729@Charged;ChEBI:90783@Charged;Override:ACPs		MetaCyc:CysO-S-Cysteine@Charged;KEGG:C20729@Charged;ChEBI:90783@Charged	KEGG:C20729	KEGG:C20729	GC	KEGG:C20729@Charged	KEGG:C20729@Charged	
cpd31305	KEGG:C20730@Charged	KEGG:C20730@Charged		KEGG:C20730@Charged	KEGG:C20730	KEGG:C20730	GC	KEGG:C20730@Charged	KEGG:C20730@Charged	
cpd31306	KEGG:C20731	KEGG:C20731	KEGG:C20731	KEGG:C20731	KEGG:C20731	KEGG:C20731	GC	KEGG:C20731@Charged	KEGG:C20731@Charged	
cpd31307	MetaCyc:CPD-15479;KEGG:C20732	MetaCyc:CPD-15479;KEGG:C20732		MetaCyc:CPD-15479;KEGG:C20732	KEGG:C20732	KEGG:C20732	GC	KEGG:C20732@Charged	KEGG:C20732@Charged	
cpd31308	KEGG:C20734	KEGG:C20734		KEGG:C20734	KEGG:C20734	KEGG:C20734	GC	KEGG:C20734@Charged	KEGG:C20734@Charged	
cpd31309	KEGG:C20735@Charged	KEGG:C20735@Charged		KEGG:C20735@Charged	KEGG:C20735	KEGG:C20735	GC	KEGG:C20735@Charged	KEGG:C20735@Charged	
cpd31310	KEGG:C20736	KEGG:C20736	KEGG:C20736	KEGG:C20736	KEGG:C20736	KEGG:C20736	GC	KEGG:C20736@Charged	KEGG:C20736@Charged	eQuilibrator:MNXM11742
cpd31311	MetaCyc:CPD-15834;KEGG:C20738;ChEBI:75412	MetaCyc:CPD-15834;KEGG:C20738;ChEBI:75412	MetaCyc:CPD-15834;KEGG:C20738;ChEBI:75412	MetaCyc:CPD-15834;KEGG:C20738;ChEBI:75412	KEGG:C20738	KEGG:C20738	EQ	eQuilibrator:MNXM145747	KEGG:C20738@Charged	eQuilibrator:MNXM145747
cpd31312	MetaCyc:CPD-15997;KEGG:C20739@Charged;ChEBI:77350	MetaCyc:CPD-15997;KEGG:C20739@Charged;ChEBI:77350	MetaCyc:CPD-15997;KEGG:C20739@Charged;ChEBI:77350	MetaCyc:CPD-15997;KEGG:C20739@Charged;ChEBI:77350	KEGG:C20739	KEGG:C20739	GC	KEGG:C20739@Charged	KEGG:C20739@Charged	eQuilibrator:MNXM146298
cpd31313	MetaCyc:CPD-15996;KEGG:C20740@Charged;ChEBI:77351	MetaCyc:CPD-15996;KEGG:C20740@Charged;ChEBI:77351	MetaCyc:CPD-15996;KEGG:C20740@Charged;ChEBI:77351	MetaCyc:CPD-15996;KEGG:C20740@Charged;ChEBI:77351	KEGG:C20740	KEGG:C20740	GC	KEGG:C20740@Charged	KEGG:C20740@Charged	eQuilibrator:MNXM146300
cpd31314	MetaCyc:CPD-15998;KEGG:C20741@Charged;ChEBI:77354	MetaCyc:CPD-15998;KEGG:C20741@Charged;ChEBI:77354	MetaCyc:CPD-15998;KEGG:C20741@Charged;ChEBI:77354	MetaCyc:CPD-15998;KEGG:C20741@Charged;ChEBI:77354	KEGG:C20741	KEGG:C20741	GC	KEGG:C20741@Charged	KEGG:C20741@Charged	eQuilibrator:MNXM146299
cpd31315	KEGG:C20742@Charged;ChEBI:75970@Charged	KEGG:C20742@Charged;ChEBI:75970@Charged	KEGG:C20742@Charged;ChEBI:75970@Charged	KEGG:C20742@Charged;ChEBI:75970@Charged	KEGG:C20742	KEGG:C20742	GC	KEGG:C20742@Charged	KEGG:C20742@Charged	
cpd31316	MetaCyc:CPD-16006;KEGG:C20744@Charged	MetaCyc:CPD-16006;KEGG:C20744@Charged	MetaCyc:CPD-16006;KEGG:C20744@Charged	MetaCyc:CPD-16006;KEGG:C20744@Charged	KEGG:C20744	KEGG:C20744	EQ	eQuilibrator:MNXM146525	KEGG:C20744@Charged	eQuilibrator:MNXM146525
cpd31317	MetaCyc:CPD-16005;KEGG:C20745@Charged	MetaCyc:CPD-16005;KEGG:C20745@Charged	MetaCyc:CPD-16005;KEGG:C20745@Charged	MetaCyc:CPD-16005;KEGG:C20745@Charged	KEGG:C20745	KEGG:C20745	EQ	eQuilibrator:MNXM146364	KEGG:C20745@Charged	eQuilibrator:MNXM146364
cpd31318	KEGG:C20746@Charged	KEGG:C20746@Charged	KEGG:C20746@Charged	KEGG:C20746@Charged	KEGG:C20746	KEGG:C20746	EQ	eQuilibrator:MNXM17060	KEGG:C20746@Charged	eQuilibrator:MNXM17060
cpd31319	KEGG:C20747@Charged	KEGG:C20747@Charged	KEGG:C20747@Charged	KEGG:C20747@Charged	KEGG:C20747	KEGG:C20747	EQ	eQuilibrator:MNXM48549	KEGG:C20747@Charged	eQuilibrator:MNXM48549
cpd31320					KEGG:C20751	KEGG:C20751				
cpd31321					KEGG:C20752	KEGG:C20752				
cpd31322					KEGG:C20753	KEGG:C20753				
cpd31323					KEGG:C20754					
cpd31324					KEGG:C20755	KEGG:C20755				
cpd31325	KEGG:C20757@Charged	KEGG:C20757@Charged		KEGG:C20757@Charged	KEGG:C20757	KEGG:C20757	GC	KEGG:C20757@Charged	KEGG:C20757@Charged	
cpd31326	KEGG:C20758@Charged	KEGG:C20758@Charged		KEGG:C20758@Charged	KEGG:C20758	KEGG:C20758	GC	KEGG:C20758@Charged	KEGG:C20758@Charged	
cpd31327	KEGG:C20759@Charged	KEGG:C20759@Charged	KEGG:C20759@Charged	KEGG:C20759@Charged	KEGG:C20759	KEGG:C20759	GC	KEGG:C20759@Charged	KEGG:C20759@Charged	
cpd31328	MetaCyc:CPD-15945;KEGG:C20760@Charged;ChEBI:76803	MetaCyc:CPD-15945;KEGG:C20760@Charged;ChEBI:76803	MetaCyc:CPD-15945;KEGG:C20760@Charged;ChEBI:76803	MetaCyc:CPD-15945;KEGG:C20760@Charged;ChEBI:76803	KEGG:C20760	KEGG:C20760	GC	KEGG:C20760@Charged	KEGG:C20760@Charged	eQuilibrator:MNXM146069
cpd31329					KEGG:C20761	KEGG:C20761				
cpd31330					KEGG:C20762	KEGG:C20762				
cpd31331					KEGG:C20763	KEGG:C20763				
cpd31332	MetaCyc:CPD-16433;KEGG:C20765@Charged;ChEBI:77144	MetaCyc:CPD-16433;KEGG:C20765@Charged;ChEBI:77144	MetaCyc:CPD-16433;KEGG:C20765@Charged;ChEBI:77144	MetaCyc:CPD-16433;KEGG:C20765@Charged;ChEBI:77144	KEGG:C20765	KEGG:C20765	EQ	eQuilibrator:MNXM145708	KEGG:C20765@Charged	eQuilibrator:MNXM145708
cpd31333	MetaCyc:CPD-16426;KEGG:C20766@Charged;ChEBI:77143	MetaCyc:CPD-16426;KEGG:C20766@Charged;ChEBI:77143	MetaCyc:CPD-16426;KEGG:C20766@Charged;ChEBI:77143	MetaCyc:CPD-16426;KEGG:C20766@Charged;ChEBI:77143	KEGG:C20766	KEGG:C20766	GC	KEGG:C20766@Charged	KEGG:C20766@Charged	eQuilibrator:MNXM145764
cpd31334	MetaCyc:CPD-16428;KEGG:C20767@Charged;ChEBI:77142	MetaCyc:CPD-16428;KEGG:C20767@Charged;ChEBI:77142	MetaCyc:CPD-16428;KEGG:C20767@Charged;ChEBI:77142	MetaCyc:CPD-16428;KEGG:C20767@Charged;ChEBI:77142	KEGG:C20767	KEGG:C20767	GC	KEGG:C20767@Charged	KEGG:C20767@Charged	
cpd31335	MetaCyc:CPD-15643;KEGG:C20768@Charged;ChEBI:62372	MetaCyc:CPD-15643;KEGG:C20768@Charged;ChEBI:62372	MetaCyc:CPD-15643;KEGG:C20768@Charged;ChEBI:62372	MetaCyc:CPD-15643;KEGG:C20768@Charged;ChEBI:62372	KEGG:C20768	KEGG:C20768	EQ	eQuilibrator:MNXM4862	KEGG:C20768@Charged	eQuilibrator:MNXM4862
cpd31336	MetaCyc:CPD-16446;KEGG:C20770;ChEBI:76922@Charged	MetaCyc:CPD-16446;KEGG:C20770;ChEBI:76922@Charged	MetaCyc:CPD-16446;KEGG:C20770;ChEBI:76922@Charged	MetaCyc:CPD-16446;KEGG:C20770;ChEBI:76922@Charged		KEGG:C20770	GC	KEGG:C20770@Charged	KEGG:C20770@Charged	
cpd31337	MetaCyc:CPD-16445;KEGG:C20771@Charged;ChEBI:76921	MetaCyc:CPD-16445;KEGG:C20771@Charged;ChEBI:76921	MetaCyc:CPD-16445;KEGG:C20771@Charged;ChEBI:76921	MetaCyc:CPD-16445;KEGG:C20771@Charged;ChEBI:76921		KEGG:C20771	GC	KEGG:C20771@Charged	KEGG:C20771@Charged	
cpd31338	MetaCyc:CPD-16467;KEGG:C20772@Charged;ChEBI:76981	MetaCyc:CPD-16467;KEGG:C20772@Charged;ChEBI:76981	MetaCyc:CPD-16467;KEGG:C20772@Charged;ChEBI:76981	MetaCyc:CPD-16467;KEGG:C20772@Charged;ChEBI:76981	KEGG:C20772	KEGG:C20772	EQ	eQuilibrator:MNXM145735	KEGG:C20772@Charged	eQuilibrator:MNXM145735
cpd31339	MetaCyc:CPD-15644;KEGG:C20774@Charged;ChEBI:62241	MetaCyc:CPD-15644;KEGG:C20774@Charged;ChEBI:62241	MetaCyc:CPD-15644;KEGG:C20774@Charged;ChEBI:62241	MetaCyc:CPD-15644;KEGG:C20774@Charged;ChEBI:62241	KEGG:C20774	KEGG:C20774	EQ	eQuilibrator:MNXM7863	KEGG:C20774@Charged	eQuilibrator:MNXM7863
cpd31340	MetaCyc:CPD-16470;KEGG:C20775@Charged;ChEBI:76942	MetaCyc:CPD-16470;KEGG:C20775@Charged;ChEBI:76942	MetaCyc:CPD-16470;KEGG:C20775@Charged;ChEBI:76942	MetaCyc:CPD-16470;KEGG:C20775@Charged;ChEBI:76942	KEGG:C20775	KEGG:C20775	EQ	eQuilibrator:MNXM43787	KEGG:C20775@Charged	eQuilibrator:MNXM43787
cpd31341	MetaCyc:CPD-16471;KEGG:C20776@Charged;ChEBI:76935	MetaCyc:CPD-16471;KEGG:C20776@Charged;ChEBI:76935	MetaCyc:CPD-16471;KEGG:C20776@Charged;ChEBI:76935	MetaCyc:CPD-16471;KEGG:C20776@Charged;ChEBI:76935	KEGG:C20776	KEGG:C20776	EQ	eQuilibrator:MNXM146183	KEGG:C20776@Charged	eQuilibrator:MNXM146183
cpd31342	KEGG:C20777	KEGG:C20777	KEGG:C20777	KEGG:C20777	KEGG:C20777	KEGG:C20777	GC	KEGG:C20777@Charged	KEGG:C20777@Charged	eQuilibrator:MNXM146399
cpd31343	KEGG:C20779	KEGG:C20779	KEGG:C20779	KEGG:C20779	KEGG:C20779	KEGG:C20779	GC	KEGG:C20779@Charged	KEGG:C20779@Charged	eQuilibrator:MNXM11674
cpd31344	MetaCyc:CPD-15448;KEGG:C20780	MetaCyc:CPD-15448;KEGG:C20780	MetaCyc:CPD-15448;KEGG:C20780	MetaCyc:CPD-15448;KEGG:C20780	KEGG:C20780	KEGG:C20780	GC	KEGG:C20780@Charged	KEGG:C20780@Charged	eQuilibrator:MNXM13555
cpd31345	MetaCyc:CPD-18984;KEGG:C20783;ChEBI:32879	MetaCyc:CPD-18984;KEGG:C20783;ChEBI:32879	MetaCyc:CPD-18984;KEGG:C20783;ChEBI:32879	MetaCyc:CPD-18984;KEGG:C20783;ChEBI:32879			EQ	eQuilibrator:MNXM78182	KEGG:C20783@Charged	eQuilibrator:MNXM78182
cpd31346	KEGG:C20785	KEGG:C20785	KEGG:C20785	KEGG:C20785	KEGG:C20785	KEGG:C20785	GC	KEGG:C20785@Charged	KEGG:C20785@Charged	eQuilibrator:MNXM507551
cpd31347	KEGG:C20786	KEGG:C20786	KEGG:C20786	KEGG:C20786	KEGG:C20786	KEGG:C20786	GC	KEGG:C20786@Charged	KEGG:C20786@Charged	eQuilibrator:MNXM155677
cpd31348	KEGG:C20787;ChEBI:62217	KEGG:C20787;ChEBI:62217	KEGG:C20787;ChEBI:62217	KEGG:C20787;ChEBI:62217	KEGG:C20787	KEGG:C20787	GC	KEGG:C20787@Charged	KEGG:C20787@Charged	eQuilibrator:MNXM3826
cpd31349	KEGG:C20788	KEGG:C20788	KEGG:C20788	KEGG:C20788@Charged	KEGG:C20788	KEGG:C20788	EQ	eQuilibrator:MNXM3618	KEGG:C20788@Charged	eQuilibrator:MNXM3618
cpd31350	MetaCyc:CPD-16439;KEGG:C20790;ChEBI:76849	MetaCyc:CPD-16439;KEGG:C20790;ChEBI:76849	MetaCyc:CPD-16439;KEGG:C20790;ChEBI:76849	MetaCyc:CPD-16439;KEGG:C20790;ChEBI:76849	KEGG:C20790	KEGG:C20790	GC	KEGG:C20790@Charged	KEGG:C20790@Charged	eQuilibrator:MNXM146113
cpd31351	MetaCyc:CPD-20398;KEGG:C20792;ChEBI:71466	MetaCyc:CPD-20398;KEGG:C20792;ChEBI:71466	MetaCyc:CPD-20398;KEGG:C20792;ChEBI:71466	MetaCyc:CPD-20398;KEGG:C20792;ChEBI:71466	KEGG:C20792	KEGG:C20792	EQ	eQuilibrator:MNXM107386	KEGG:C20792@Charged	eQuilibrator:MNXM107386
cpd31352	MetaCyc:CPD-21090;KEGG:C20793@Charged	MetaCyc:CPD-21090;KEGG:C20793@Charged	MetaCyc:CPD-21090;KEGG:C20793@Charged	MetaCyc:CPD-21090;KEGG:C20793@Charged	KEGG:C20793	KEGG:C20793	EQ	eQuilibrator:MNXM484266	KEGG:C20793@Charged	eQuilibrator:MNXM484266
cpd31353	Override:ACPs	Override:ACPs				KEGG:C20794				
cpd31354	KEGG:C20795	KEGG:C20795	KEGG:C20795	KEGG:C20795	KEGG:C20795	KEGG:C20795	GC	KEGG:C20795@Charged	KEGG:C20795@Charged	
cpd31355					KEGG:C20796	KEGG:C20796				
cpd31356	MetaCyc:2-3-dihydroxypropane-1-sulfonate;KEGG:C20797@Charged;ChEBI:77138	MetaCyc:2-3-dihydroxypropane-1-sulfonate;KEGG:C20797@Charged;ChEBI:77138	MetaCyc:2-3-dihydroxypropane-1-sulfonate;KEGG:C20797@Charged;ChEBI:77138	MetaCyc:2-3-dihydroxypropane-1-sulfonate;KEGG:C20797@Charged;ChEBI:77138	KEGG:C20797	KEGG:C20797	GC	MetaCyc:2-3-dihydroxypropane-1-sulfonate@Charged	MetaCyc:2-3-dihydroxypropane-1-sulfonate@Charged	eQuilibrator:MNXM146341
cpd31357	MetaCyc:CPD-18717;KEGG:C20798@Charged;ChEBI:77135	MetaCyc:CPD-18717;KEGG:C20798@Charged;ChEBI:77135	MetaCyc:CPD-18717;KEGG:C20798@Charged;ChEBI:77135	MetaCyc:CPD-18717;KEGG:C20798@Charged;ChEBI:77135	KEGG:C20798	KEGG:C20798	GC	KEGG:C20798@Charged	KEGG:C20798@Charged	eQuilibrator:MNXM145743
cpd31358	MetaCyc:CPD-14875;KEGG:C20799@Charged;ChEBI:73483	MetaCyc:CPD-14875;KEGG:C20799@Charged;ChEBI:73483	MetaCyc:CPD-14875;KEGG:C20799@Charged;ChEBI:73483	MetaCyc:CPD-14875;KEGG:C20799@Charged;ChEBI:73483	KEGG:C20799	KEGG:C20799	GC	KEGG:C20799@Charged	KEGG:C20799@Charged	eQuilibrator:MNXM114678
cpd31359	MetaCyc:CPD-16511;KEGG:C20800;ChEBI:78239	MetaCyc:CPD-16511;KEGG:C20800;ChEBI:78239	MetaCyc:CPD-16511;KEGG:C20800;ChEBI:78239	MetaCyc:CPD-16511;KEGG:C20800@Charged;ChEBI:78239	KEGG:C20800	KEGG:C20800	EQ	eQuilibrator:MNXM145740	KEGG:C20800@Charged	eQuilibrator:MNXM145740
cpd31360	MetaCyc:CPD-16512;KEGG:C20801;ChEBI:78241	MetaCyc:CPD-16512;KEGG:C20801;ChEBI:78241	MetaCyc:CPD-16512;KEGG:C20801;ChEBI:78241	MetaCyc:CPD-16512;KEGG:C20801@Charged;ChEBI:78241	KEGG:C20801	KEGG:C20801	EQ	eQuilibrator:MNXM146256	KEGG:C20801@Charged	eQuilibrator:MNXM146256
cpd31361	MetaCyc:CPD-14635;KEGG:C20802;ChEBI:78247	MetaCyc:CPD-14635;KEGG:C20802;ChEBI:78247	MetaCyc:CPD-14635;KEGG:C20802;ChEBI:78247	MetaCyc:CPD-14635;KEGG:C20802@Charged;ChEBI:78247	KEGG:C20802	KEGG:C20802	EQ	eQuilibrator:MNXM97359	KEGG:C20802@Charged	eQuilibrator:MNXM97359
cpd31362	MetaCyc:CPD-16514;KEGG:C20803@Charged;ChEBI:78251	MetaCyc:CPD-16514;KEGG:C20803@Charged;ChEBI:78251	MetaCyc:CPD-16514;KEGG:C20803@Charged;ChEBI:78251	MetaCyc:CPD-16514;KEGG:C20803@Charged;ChEBI:78251	KEGG:C20803		EQ	eQuilibrator:MNXM145802	KEGG:C20803@Charged	eQuilibrator:MNXM145802
cpd31363	KEGG:C20804	KEGG:C20804	KEGG:C20804	KEGG:C20804			GC	KEGG:C20804@Charged	KEGG:C20804@Charged	
cpd31364	MetaCyc:CPD-16515;KEGG:C20805@Charged;ChEBI:78252	MetaCyc:CPD-16515;KEGG:C20805@Charged;ChEBI:78252	MetaCyc:CPD-16515;KEGG:C20805@Charged;ChEBI:78252	MetaCyc:CPD-16515;KEGG:C20805@Charged;ChEBI:78252	KEGG:C20805	KEGG:C20805	EQ	eQuilibrator:MNXM145739	KEGG:C20805@Charged	eQuilibrator:MNXM145739
cpd31365	MetaCyc:CPD-16628;KEGG:C20806	MetaCyc:CPD-16628;KEGG:C20806	MetaCyc:CPD-16628;KEGG:C20806	MetaCyc:CPD-16628;KEGG:C20806	KEGG:C20806	KEGG:C20806	GC	KEGG:C20806@Charged	KEGG:C20806@Charged	
cpd31366	MetaCyc:CPD-14541;KEGG:C20807;ChEBI:78290	MetaCyc:CPD-14541;KEGG:C20807;ChEBI:78290	MetaCyc:CPD-14541;KEGG:C20807;ChEBI:78290	MetaCyc:CPD-14541;KEGG:C20807@Charged;ChEBI:78290	KEGG:C20807	KEGG:C20807	EQ	eQuilibrator:MNXM17330	KEGG:C20807@Charged	eQuilibrator:MNXM17330
cpd31367	MetaCyc:CPD-16510@Charged;KEGG:C20808;ChEBI:78220@Charged	MetaCyc:CPD-16510@Charged;KEGG:C20808;ChEBI:78220@Charged	MetaCyc:CPD-16510@Charged;KEGG:C20808;ChEBI:78220@Charged	MetaCyc:CPD-16510@Charged;KEGG:C20808;ChEBI:78220@Charged		KEGG:C20808	EQ	eQuilibrator:MNXM146344	KEGG:C20808@Charged	eQuilibrator:MNXM146344
cpd31368	MetaCyc:CPD-16509;KEGG:C20809@Charged;ChEBI:78222	MetaCyc:CPD-16509;KEGG:C20809@Charged;ChEBI:78222	MetaCyc:CPD-16509;KEGG:C20809@Charged;ChEBI:78222	MetaCyc:CPD-16509;KEGG:C20809@Charged;ChEBI:78222		KEGG:C20809	EQ	eQuilibrator:MNXM146331	KEGG:C20809@Charged	eQuilibrator:MNXM146331
cpd31369	KEGG:C20810@Charged;Override:ACPs	KEGG:C20810@Charged;Override:ACPs		KEGG:C20810@Charged	KEGG:C20810	KEGG:C20810	GC	KEGG:C20810@Charged	KEGG:C20810@Charged	
cpd31370	KEGG:C20813@Charged	KEGG:C20813@Charged	KEGG:C20813@Charged	KEGG:C20813@Charged	KEGG:C20813	KEGG:C20813	EQ	eQuilibrator:MNXM148382	KEGG:C20813@Charged	eQuilibrator:MNXM148382
cpd31371	KEGG:C20814@Charged	KEGG:C20814@Charged	KEGG:C20814@Charged	KEGG:C20814@Charged	KEGG:C20814	KEGG:C20814	GC	KEGG:C20814@Charged	KEGG:C20814@Charged	eQuilibrator:MNXM148383
cpd31372	KEGG:C20815@Charged	KEGG:C20815@Charged	KEGG:C20815@Charged	KEGG:C20815@Charged	KEGG:C20815	KEGG:C20815	GC	KEGG:C20815@Charged	KEGG:C20815@Charged	
cpd31373	KEGG:C20816@Charged	KEGG:C20816@Charged	KEGG:C20816@Charged	KEGG:C20816@Charged	KEGG:C20816	KEGG:C20816	GC	KEGG:C20816@Charged	KEGG:C20816@Charged	eQuilibrator:MNXM148192
cpd31374	KEGG:C20817	KEGG:C20817	KEGG:C20817	KEGG:C20817@Charged	KEGG:C20817	KEGG:C20817	EQ	eQuilibrator:MNXM148115	KEGG:C20817@Charged	eQuilibrator:MNXM148115
cpd31375	KEGG:C20818	KEGG:C20818	KEGG:C20818	KEGG:C20818@Charged	KEGG:C20818	KEGG:C20818	EQ	eQuilibrator:MNXM147443	KEGG:C20818@Charged	eQuilibrator:MNXM147443
cpd31376	KEGG:C20819	KEGG:C20819	KEGG:C20819	KEGG:C20819@Charged	KEGG:C20819	KEGG:C20819	EQ	eQuilibrator:MNXM147061	KEGG:C20819@Charged	eQuilibrator:MNXM147061
cpd31377	KEGG:C20820	KEGG:C20820	KEGG:C20820	KEGG:C20820@Charged	KEGG:C20820	KEGG:C20820	EQ	eQuilibrator:MNXM147709	KEGG:C20820@Charged	eQuilibrator:MNXM147709
cpd31378	KEGG:C20821@Charged	KEGG:C20821@Charged	KEGG:C20821@Charged	KEGG:C20821@Charged	KEGG:C20821	KEGG:C20821	EQ	eQuilibrator:MNXM148983	KEGG:C20821@Charged	eQuilibrator:MNXM148983
cpd31379	KEGG:C20822	KEGG:C20822	KEGG:C20822	KEGG:C20822@Charged	KEGG:C20822	KEGG:C20822	EQ	eQuilibrator:MNXM147444	KEGG:C20822@Charged	eQuilibrator:MNXM147444
cpd31380	KEGG:C20823	KEGG:C20823	KEGG:C20823	KEGG:C20823@Charged	KEGG:C20823	KEGG:C20823	EQ	eQuilibrator:MNXM148116	KEGG:C20823@Charged	eQuilibrator:MNXM148116
cpd31381	KEGG:C20824	KEGG:C20824	KEGG:C20824	KEGG:C20824		KEGG:C20824	GC	KEGG:C20824@Charged	KEGG:C20824@Charged	eQuilibrator:MNXM150982
cpd31382										
cpd31383										
cpd31384										
cpd31385	MetaCyc:CPD-20359	MetaCyc:CPD-20359	MetaCyc:CPD-20359	MetaCyc:CPD-20359	MetaCyc:CPD-20359	MetaCyc:CPD-20359	EQ	eQuilibrator:MNXM11856	MetaCyc:CPD-20359@Charged	eQuilibrator:MNXM11856
cpd31386	MetaCyc:CPD-15615	MetaCyc:CPD-15615	MetaCyc:CPD-15615	MetaCyc:CPD-15615	MetaCyc:CPD-15615	MetaCyc:CPD-15615	EQ	eQuilibrator:MNXM151471	MetaCyc:CPD-15615@Charged	eQuilibrator:MNXM151471
cpd31387	MetaCyc:CPD-14833;ChEBI:141667	MetaCyc:CPD-14833;ChEBI:141667	MetaCyc:CPD-14833;ChEBI:141667	MetaCyc:CPD-14833;ChEBI:141667	MetaCyc:CPD-14833	MetaCyc:CPD-14833	EQ	eQuilibrator:MNXM114535	MetaCyc:CPD-14833@Charged	eQuilibrator:MNXM114535
cpd31388										
cpd31389	MetaCyc:CPD-15835	MetaCyc:CPD-15835	MetaCyc:CPD-15835	MetaCyc:CPD-15835	MetaCyc:CPD-15835	MetaCyc:CPD-15835	GC	MetaCyc:CPD-15835@Charged	MetaCyc:CPD-15835@Charged	eQuilibrator:MNXM160450
cpd31390	MetaCyc:CPD-19558	MetaCyc:CPD-19558	MetaCyc:CPD-19558	MetaCyc:CPD-19558			GC	MetaCyc:CPD-19558@Charged	MetaCyc:CPD-19558@Charged	
cpd31391	MetaCyc:CPD-16794	MetaCyc:CPD-16794	MetaCyc:CPD-16794	MetaCyc:CPD-16794	MetaCyc:CPD-16794	MetaCyc:CPD-16794	EQ	eQuilibrator:MNXM147370	MetaCyc:CPD-16794@Charged	eQuilibrator:MNXM147370
cpd31392	MetaCyc:CPD-19188	MetaCyc:CPD-19188		MetaCyc:CPD-19188		MetaCyc:CPD-19188	GC	MetaCyc:CPD-19188@Charged	MetaCyc:CPD-19188@Charged	
cpd31393	MetaCyc:CPD-14815	MetaCyc:CPD-14815	MetaCyc:CPD-14815	MetaCyc:CPD-14815	MetaCyc:CPD-14815	MetaCyc:CPD-14815	GC	MetaCyc:CPD-14815@Charged	MetaCyc:CPD-14815@Charged	
cpd31394	MetaCyc:CPD-17047	MetaCyc:CPD-17047	MetaCyc:CPD-17047	MetaCyc:CPD-17047	MetaCyc:CPD-17047	MetaCyc:CPD-17047	EQ	eQuilibrator:MNXM147770	MetaCyc:CPD-17047@Charged	eQuilibrator:MNXM147770
cpd31395	MetaCyc:CPD-19505;ChEBI:183063	MetaCyc:CPD-19505;ChEBI:183063	MetaCyc:CPD-19505;ChEBI:183063	MetaCyc:CPD-19505;ChEBI:183063	MetaCyc:CPD-19505		GC	MetaCyc:CPD-19505@Charged	MetaCyc:CPD-19505@Charged	
cpd31396	MetaCyc:CPD-16657@Charged	MetaCyc:CPD-16657@Charged	MetaCyc:CPD-16657@Charged	MetaCyc:CPD-16657@Charged	MetaCyc:CPD-16657	MetaCyc:CPD-16657	EQ	eQuilibrator:MNXM150892	MetaCyc:CPD-16657@Charged	eQuilibrator:MNXM150892
cpd31397	MetaCyc:CPD0-2559@Charged	MetaCyc:CPD0-2559@Charged	MetaCyc:CPD0-2559@Charged	MetaCyc:CPD0-2559@Charged	MetaCyc:CPD0-2559	MetaCyc:CPD0-2559	EQ		MetaCyc:CPD0-2559@Charged	
cpd31398	MetaCyc:CPD-18206	MetaCyc:CPD-18206	MetaCyc:CPD-18206	MetaCyc:CPD-18206	MetaCyc:CPD-18206	MetaCyc:CPD-18206	GC	MetaCyc:CPD-18206@Charged	MetaCyc:CPD-18206@Charged	
cpd31399	MetaCyc:CPD-20999	MetaCyc:CPD-20999	MetaCyc:CPD-20999	MetaCyc:CPD-20999@Charged	MetaCyc:CPD-20999	MetaCyc:CPD-20999	GC	MetaCyc:CPD-20999@Charged	MetaCyc:CPD-20999@Charged	
cpd31400	MetaCyc:CPD-15052@Charged;ChEBI:144779@Charged	MetaCyc:CPD-15052@Charged;ChEBI:144779@Charged	MetaCyc:CPD-15052@Charged;ChEBI:144779@Charged	MetaCyc:CPD-15052@Charged;ChEBI:144779@Charged	MetaCyc:CPD-15052	MetaCyc:CPD-15052	GC	MetaCyc:CPD-15052@Charged	MetaCyc:CPD-15052@Charged	
cpd31401	MetaCyc:CPD-14978@Charged	MetaCyc:CPD-14978@Charged	MetaCyc:CPD-14978@Charged	MetaCyc:CPD-14978@Charged	MetaCyc:CPD-14978	MetaCyc:CPD-14978	GC	MetaCyc:CPD-14978@Charged	MetaCyc:CPD-14978@Charged	eQuilibrator:MNXM114555
cpd31402	MetaCyc:CPD-21497;ChEBI:143009	MetaCyc:CPD-21497;ChEBI:143009	MetaCyc:CPD-21497;ChEBI:143009	MetaCyc:CPD-21497;ChEBI:143009	MetaCyc:CPD-21497	MetaCyc:CPD-21497	GC	MetaCyc:CPD-21497@Charged	MetaCyc:CPD-21497@Charged	
cpd31403	MetaCyc:CPD-20586	MetaCyc:CPD-20586	MetaCyc:CPD-20586	MetaCyc:CPD-20586	MetaCyc:CPD-20586	MetaCyc:CPD-20586	GC	MetaCyc:CPD-20586@Charged	MetaCyc:CPD-20586@Charged	eQuilibrator:MNXM101557
cpd31404	MetaCyc:CPD-19733@Charged	MetaCyc:CPD-19733@Charged	MetaCyc:CPD-19733@Charged	MetaCyc:CPD-19733@Charged	MetaCyc:CPD-19733	MetaCyc:CPD-19733	GC	MetaCyc:CPD-19733@Charged	MetaCyc:CPD-19733@Charged	eQuilibrator:MNXM8167
cpd31405	MetaCyc:CPD-20832	MetaCyc:CPD-20832	MetaCyc:CPD-20832	MetaCyc:CPD-20832	MetaCyc:CPD-20832	MetaCyc:CPD-20832	GC	MetaCyc:CPD-20832@Charged	MetaCyc:CPD-20832@Charged	
cpd31406	MetaCyc:CPD-20055@Charged	MetaCyc:CPD-20055@Charged	MetaCyc:CPD-20055@Charged	MetaCyc:CPD-20055@Charged	MetaCyc:CPD-20055	MetaCyc:CPD-20055	GC	MetaCyc:CPD-20055@Charged	MetaCyc:CPD-20055@Charged	
cpd31407	MetaCyc:CPD-17945	MetaCyc:CPD-17945	MetaCyc:CPD-17945	MetaCyc:CPD-17945	MetaCyc:CPD-17945	MetaCyc:CPD-17945	GC	MetaCyc:CPD-17945@Charged	MetaCyc:CPD-17945@Charged	
cpd31408	MetaCyc:CPD-14972@Charged	MetaCyc:CPD-14972@Charged	MetaCyc:CPD-14972@Charged	MetaCyc:CPD-14972@Charged	MetaCyc:CPD-14972	MetaCyc:CPD-14972	GC	MetaCyc:CPD-14972@Charged	MetaCyc:CPD-14972@Charged	eQuilibrator:MNXM527538
cpd31409	MetaCyc:CPD-19217	MetaCyc:CPD-19217	MetaCyc:CPD-19217	MetaCyc:CPD-19217	MetaCyc:CPD-19217	MetaCyc:CPD-19217	GC	MetaCyc:CPD-19217@Charged	MetaCyc:CPD-19217@Charged	eQuilibrator:MNXM165123
cpd31410	MetaCyc:CPD-20961	MetaCyc:CPD-20961	MetaCyc:CPD-20961	MetaCyc:CPD-20961	MetaCyc:CPD-20961	MetaCyc:CPD-20961	GC	MetaCyc:CPD-20961@Charged	MetaCyc:CPD-20961@Charged	
cpd31411	MetaCyc:CPD-15910@Charged;ChEBI:90784	MetaCyc:CPD-15910@Charged;ChEBI:90784	MetaCyc:CPD-15910@Charged;ChEBI:90784	MetaCyc:CPD-15910@Charged;ChEBI:90784	MetaCyc:CPD-15910	MetaCyc:CPD-15910	GC	MetaCyc:CPD-15910@Charged	MetaCyc:CPD-15910@Charged	eQuilibrator:MNXM148093
cpd31412	MetaCyc:CPD-14883	MetaCyc:CPD-14883	MetaCyc:CPD-14883	MetaCyc:CPD-14883	MetaCyc:CPD-14883	MetaCyc:CPD-14883	GC	MetaCyc:CPD-14883@Charged	MetaCyc:CPD-14883@Charged	
cpd31413	MetaCyc:CPD-20716@Charged	MetaCyc:CPD-20716@Charged	MetaCyc:CPD-20716@Charged	MetaCyc:CPD-20716@Charged	MetaCyc:CPD-20716	MetaCyc:CPD-20716	GC	MetaCyc:CPD-20716@Charged	MetaCyc:CPD-20716@Charged	
cpd31414	MetaCyc:CPD-17337@Charged	MetaCyc:CPD-17337@Charged	MetaCyc:CPD-17337@Charged	MetaCyc:CPD-17337@Charged	MetaCyc:CPD-17337	MetaCyc:CPD-17337	GC	MetaCyc:CPD-17337@Charged	MetaCyc:CPD-17337@Charged	
cpd31415	MetaCyc:CPD-21309@Charged	MetaCyc:CPD-21309@Charged	MetaCyc:CPD-21309@Charged	MetaCyc:CPD-21309@Charged	MetaCyc:CPD-21309	MetaCyc:CPD-21309	GC	MetaCyc:CPD-21309@Charged	MetaCyc:CPD-21309@Charged	
cpd31416	MetaCyc:CPD-20933	MetaCyc:CPD-20933	MetaCyc:CPD-20933	MetaCyc:CPD-20933	MetaCyc:CPD-20933	MetaCyc:CPD-20933	GC	MetaCyc:CPD-20933@Charged	MetaCyc:CPD-20933@Charged	
cpd31417	MetaCyc:CPD-21174	MetaCyc:CPD-21174	MetaCyc:CPD-21174	MetaCyc:CPD-21174	MetaCyc:CPD-21174	MetaCyc:CPD-21174	GC	MetaCyc:CPD-21174@Charged	MetaCyc:CPD-21174@Charged	
cpd31418	MetaCyc:CPD-17808	MetaCyc:CPD-17808	MetaCyc:CPD-17808	MetaCyc:CPD-17808		MetaCyc:CPD-17808	EQ	eQuilibrator:MNXM99193	MetaCyc:CPD-17808@Charged	eQuilibrator:MNXM99193
cpd31419	MetaCyc:CPD-21007	MetaCyc:CPD-21007	MetaCyc:CPD-21007	MetaCyc:CPD-21007	MetaCyc:CPD-21007	MetaCyc:CPD-21007	GC	MetaCyc:CPD-21007@Charged	MetaCyc:CPD-21007@Charged	
cpd31420	MetaCyc:CPD-19023	MetaCyc:CPD-19023	MetaCyc:CPD-19023	MetaCyc:CPD-19023	MetaCyc:CPD-19023	MetaCyc:CPD-19023	EQ	eQuilibrator:MNXM683056	MetaCyc:CPD-19023@Charged	eQuilibrator:MNXM683056
cpd31421	MetaCyc:CPD-20281@Charged	MetaCyc:CPD-20281@Charged	MetaCyc:CPD-20281@Charged	MetaCyc:CPD-20281@Charged	MetaCyc:CPD-20281	MetaCyc:CPD-20281	GC	MetaCyc:CPD-20281@Charged	MetaCyc:CPD-20281@Charged	
cpd31422	MetaCyc:CPD-18886@Charged	MetaCyc:CPD-18886@Charged		MetaCyc:CPD-18886@Charged	MetaCyc:CPD-18886	MetaCyc:CPD-18886	GC	MetaCyc:CPD-18886@Charged	MetaCyc:CPD-18886@Charged	
cpd31423	MetaCyc:CPD-15233	MetaCyc:CPD-15233	MetaCyc:CPD-15233	MetaCyc:CPD-15233	MetaCyc:CPD-15233	MetaCyc:CPD-15233	GC	MetaCyc:CPD-15233@Charged	MetaCyc:CPD-15233@Charged	
cpd31424	MetaCyc:CPD-16964;ChEBI:82767	MetaCyc:CPD-16964;ChEBI:82767	MetaCyc:CPD-16964;ChEBI:82767	MetaCyc:CPD-16964;ChEBI:82767	MetaCyc:CPD-16964	MetaCyc:CPD-16964	EQ	eQuilibrator:MNXM147814	MetaCyc:CPD-16964@Charged	eQuilibrator:MNXM147814
cpd31425	MetaCyc:CPD-16976	MetaCyc:CPD-16976	MetaCyc:CPD-16976	MetaCyc:CPD-16976	MetaCyc:CPD-16976	MetaCyc:CPD-16976	GC	MetaCyc:CPD-16976@Charged	MetaCyc:CPD-16976@Charged	eQuilibrator:MNXM150264
cpd31426	MetaCyc:CPD-14628	MetaCyc:CPD-14628	MetaCyc:CPD-14628	MetaCyc:CPD-14628	MetaCyc:CPD-14628	MetaCyc:CPD-14628	EQ	eQuilibrator:MNXM97371	MetaCyc:CPD-14628@Charged	eQuilibrator:MNXM97371
cpd31427	MetaCyc:CPD-21251;MetaCyc:D-Iduronate	MetaCyc:CPD-21251;MetaCyc:D-Iduronate	MetaCyc:CPD-21251;MetaCyc:D-Iduronate	MetaCyc:CPD-21251;MetaCyc:D-Iduronate	MetaCyc:CPD-21251	MetaCyc:CPD-21251	GC	MetaCyc:CPD-21251@Charged	MetaCyc:CPD-21251@Charged	
cpd31428	MetaCyc:CPD-20386	MetaCyc:CPD-20386	MetaCyc:CPD-20386	MetaCyc:CPD-20386	MetaCyc:CPD-20386	MetaCyc:CPD-20386	EQ	eQuilibrator:MNXM107702	MetaCyc:CPD-20386@Charged	eQuilibrator:MNXM107702
cpd31429	MetaCyc:CPD-17452;ChEBI:90814	MetaCyc:CPD-17452;ChEBI:90814	MetaCyc:CPD-17452;ChEBI:90814	MetaCyc:CPD-17452;ChEBI:90814	MetaCyc:CPD-17452	MetaCyc:CPD-17452	EQ	eQuilibrator:MNXM33735	MetaCyc:CPD-17452@Charged	eQuilibrator:MNXM33735
cpd31430	MetaCyc:CPD-15966	MetaCyc:CPD-15966	MetaCyc:CPD-15966	MetaCyc:CPD-15966	MetaCyc:CPD-15966	MetaCyc:CPD-15966	GC	MetaCyc:CPD-15966@Charged	MetaCyc:CPD-15966@Charged	
cpd31431	MetaCyc:CPD-19307	MetaCyc:CPD-19307	MetaCyc:CPD-19307	MetaCyc:CPD-19307	MetaCyc:CPD-19307	MetaCyc:CPD-19307	GC	MetaCyc:CPD-19307@Charged	MetaCyc:CPD-19307@Charged	
cpd31432	MetaCyc:CPD-14401;ChEBI:67154	MetaCyc:CPD-14401;ChEBI:67154	MetaCyc:CPD-14401;ChEBI:67154	MetaCyc:CPD-14401;ChEBI:67154	MetaCyc:CPD-14401	MetaCyc:CPD-14401	EQ	eQuilibrator:MNXM97134	MetaCyc:CPD-14401@Charged	eQuilibrator:MNXM97134
cpd31433	MetaCyc:CPD-14393	MetaCyc:CPD-14393	MetaCyc:CPD-14393	MetaCyc:CPD-14393	MetaCyc:CPD-14393		EQ	eQuilibrator:MNXM15061	MetaCyc:CPD-14393@Charged	eQuilibrator:MNXM15061
cpd31434	MetaCyc:CPD-20724;ChEBI:85936	MetaCyc:CPD-20724;ChEBI:85936	MetaCyc:CPD-20724;ChEBI:85936	MetaCyc:CPD-20724@Charged;ChEBI:85936@Charged	MetaCyc:CPD-20724	MetaCyc:CPD-20724	GC	MetaCyc:CPD-20724@Charged	MetaCyc:CPD-20724@Charged	eQuilibrator:MNXM151350
cpd31435	MetaCyc:CPD-14765	MetaCyc:CPD-14765	MetaCyc:CPD-14765	MetaCyc:CPD-14765	MetaCyc:CPD-14765	MetaCyc:CPD-14765	EQ	eQuilibrator:MNXM114582	MetaCyc:CPD-14765@Charged	eQuilibrator:MNXM114582
cpd31436	MetaCyc:CPD-18783@Charged	MetaCyc:CPD-18783@Charged	MetaCyc:CPD-18783@Charged	MetaCyc:CPD-18783@Charged	MetaCyc:CPD-18783	MetaCyc:CPD-18783	GC	MetaCyc:CPD-18783@Charged	MetaCyc:CPD-18783@Charged	
cpd31437	MetaCyc:CPD-18343	MetaCyc:CPD-18343	MetaCyc:CPD-18343	MetaCyc:CPD-18343	MetaCyc:CPD-18343	MetaCyc:CPD-18343	GC	MetaCyc:CPD-18343@Charged	MetaCyc:CPD-18343@Charged	eQuilibrator:MNXM588476
cpd31438	MetaCyc:CPD-20756	MetaCyc:CPD-20756	MetaCyc:CPD-20756	MetaCyc:CPD-20756	MetaCyc:CPD-20756	MetaCyc:CPD-20756	GC	MetaCyc:CPD-20756@Charged	MetaCyc:CPD-20756@Charged	
cpd31439	MetaCyc:CPD0-2521;ChEBI:134098	MetaCyc:CPD0-2521;ChEBI:134098	MetaCyc:CPD0-2521;ChEBI:134098	MetaCyc:CPD0-2521;ChEBI:134098	MetaCyc:CPD0-2521	MetaCyc:CPD0-2521	GC	MetaCyc:CPD0-2521@Charged	MetaCyc:CPD0-2521@Charged	eQuilibrator:MNXM115405
cpd31440	MetaCyc:CPD-16649;ChEBI:78313	MetaCyc:CPD-16649;ChEBI:78313	MetaCyc:CPD-16649;ChEBI:78313	MetaCyc:CPD-16649;ChEBI:78313	MetaCyc:CPD-16649	MetaCyc:CPD-16649	EQ	eQuilibrator:MNXM146255	MetaCyc:CPD-16649@Charged	eQuilibrator:MNXM146255
cpd31441	MetaCyc:CPD-17932	MetaCyc:CPD-17932		MetaCyc:CPD-17932	MetaCyc:CPD-17932	MetaCyc:CPD-17932	GC	MetaCyc:CPD-17932@Charged	MetaCyc:CPD-17932@Charged	
cpd31442	MetaCyc:CPD-18576	MetaCyc:CPD-18576	MetaCyc:CPD-18576	MetaCyc:CPD-18576	MetaCyc:CPD-18576	MetaCyc:CPD-18576	EQ	eQuilibrator:MNXM496912	MetaCyc:CPD-18576@Charged	eQuilibrator:MNXM496912
cpd31443	MetaCyc:CPD-19208	MetaCyc:CPD-19208	MetaCyc:CPD-19208	MetaCyc:CPD-19208	MetaCyc:CPD-19208	MetaCyc:CPD-19208	GC	MetaCyc:CPD-19208@Charged	MetaCyc:CPD-19208@Charged	eQuilibrator:MNXM164074
cpd31444	MetaCyc:CPD-19079;ChEBI:146204	MetaCyc:CPD-19079;ChEBI:146204	MetaCyc:CPD-19079;ChEBI:146204	MetaCyc:CPD-19079;ChEBI:146204	MetaCyc:CPD-19079	MetaCyc:CPD-19079	EQ	eQuilibrator:MNXM171226	MetaCyc:CPD-19079@Charged	eQuilibrator:MNXM171226
cpd31445	MetaCyc:CPD-20855@Charged	MetaCyc:CPD-20855@Charged	MetaCyc:CPD-20855@Charged	MetaCyc:CPD-20855@Charged	MetaCyc:CPD-20855	MetaCyc:CPD-20855	GC	MetaCyc:CPD-20855@Charged	MetaCyc:CPD-20855@Charged	
cpd31446	MetaCyc:CPD-21304	MetaCyc:CPD-21304	MetaCyc:CPD-21304	MetaCyc:CPD-21304@Charged	MetaCyc:CPD-21304	MetaCyc:CPD-21304	GC	MetaCyc:CPD-21304@Charged	MetaCyc:CPD-21304@Charged	
cpd31447	MetaCyc:CPD-17361;ChEBI:145686	MetaCyc:CPD-17361;ChEBI:145686	MetaCyc:CPD-17361;ChEBI:145686	MetaCyc:CPD-17361;ChEBI:145686	MetaCyc:CPD-17361	MetaCyc:CPD-17361	GC	MetaCyc:CPD-17361@Charged	MetaCyc:CPD-17361@Charged	eQuilibrator:MNXM149139
cpd31448	MetaCyc:CPD-21242	MetaCyc:CPD-21242	MetaCyc:CPD-21242	MetaCyc:CPD-21242	MetaCyc:CPD-21242	MetaCyc:CPD-21242	EQ	eQuilibrator:MNXM25727	MetaCyc:CPD-21242@Charged	eQuilibrator:MNXM25727
cpd31449	MetaCyc:CPD-17566	MetaCyc:CPD-17566	MetaCyc:CPD-17566	MetaCyc:CPD-17566	MetaCyc:CPD-17566		GC	MetaCyc:CPD-17566@Charged	MetaCyc:CPD-17566@Charged	
cpd31450	MetaCyc:CPD-19525@Charged	MetaCyc:CPD-19525@Charged	MetaCyc:CPD-19525@Charged	MetaCyc:CPD-19525@Charged	MetaCyc:CPD-19525	MetaCyc:CPD-19525	GC	MetaCyc:CPD-19525@Charged	MetaCyc:CPD-19525@Charged	
cpd31451	MetaCyc:CPD-18139	MetaCyc:CPD-18139	MetaCyc:CPD-18139	MetaCyc:CPD-18139		MetaCyc:CPD-18139	GC	MetaCyc:CPD-18139@Charged	MetaCyc:CPD-18139@Charged	eQuilibrator:MNXM57333
cpd31452	MetaCyc:CPD-20310	MetaCyc:CPD-20310	MetaCyc:CPD-20310	MetaCyc:CPD-20310	MetaCyc:CPD-20310	MetaCyc:CPD-20310	GC	MetaCyc:CPD-20310@Charged	MetaCyc:CPD-20310@Charged	
cpd31453	MetaCyc:CPD-18436	MetaCyc:CPD-18436		MetaCyc:CPD-18436	MetaCyc:CPD-18436	MetaCyc:CPD-18436	GC	MetaCyc:CPD-18436@Charged	MetaCyc:CPD-18436@Charged	
cpd31454	MetaCyc:CPD-17496	MetaCyc:CPD-17496	MetaCyc:CPD-17496	MetaCyc:CPD-17496	MetaCyc:CPD-17496	MetaCyc:CPD-17496	GC	MetaCyc:CPD-17496@Charged	MetaCyc:CPD-17496@Charged	eQuilibrator:MNXM149153
cpd31455	MetaCyc:CPD-18248@Charged	MetaCyc:CPD-18248@Charged	MetaCyc:CPD-18248@Charged	MetaCyc:CPD-18248@Charged	MetaCyc:CPD-18248	MetaCyc:CPD-18248	GC	MetaCyc:CPD-18248@Charged	MetaCyc:CPD-18248@Charged	
cpd31456	MetaCyc:CPD-19650@Charged	MetaCyc:CPD-19650@Charged	MetaCyc:CPD-19650@Charged	MetaCyc:CPD-19650@Charged	MetaCyc:CPD-19650		GC	MetaCyc:CPD-19650@Charged	MetaCyc:CPD-19650@Charged	
cpd31457	MetaCyc:CPD-19181	MetaCyc:CPD-19181		MetaCyc:CPD-19181		MetaCyc:CPD-19181	GC	MetaCyc:CPD-19181@Charged	MetaCyc:CPD-19181@Charged	
cpd31458	MetaCyc:CPD-16925@Charged;ChEBI:82770@Charged	MetaCyc:CPD-16925@Charged;ChEBI:82770@Charged	MetaCyc:CPD-16925@Charged;ChEBI:82770@Charged	MetaCyc:CPD-16925@Charged;ChEBI:82770@Charged		MetaCyc:CPD-16925	EQ	eQuilibrator:MNXM145865	MetaCyc:CPD-16925@Charged	eQuilibrator:MNXM145865
cpd31459	MetaCyc:CPD-20190	MetaCyc:CPD-20190	MetaCyc:CPD-20190	MetaCyc:CPD-20190	MetaCyc:CPD-20190	MetaCyc:CPD-20190	GC	MetaCyc:CPD-20190@Charged	MetaCyc:CPD-20190@Charged	
cpd31460	MetaCyc:CPD-20615	MetaCyc:CPD-20615	MetaCyc:CPD-20615	MetaCyc:CPD-20615	MetaCyc:CPD-20615		GC	MetaCyc:CPD-20615@Charged	MetaCyc:CPD-20615@Charged	
cpd31461	MetaCyc:CPD-17371;ChEBI:84904	MetaCyc:CPD-17371;ChEBI:84904	MetaCyc:CPD-17371;ChEBI:84904	MetaCyc:CPD-17371;ChEBI:84904	MetaCyc:CPD-17371	MetaCyc:CPD-17371	EQ	eQuilibrator:MNXM146247	MetaCyc:CPD-17371@Charged	eQuilibrator:MNXM146247
cpd31462	MetaCyc:CPD-18225	MetaCyc:CPD-18225	MetaCyc:CPD-18225	MetaCyc:CPD-18225@Charged	MetaCyc:CPD-18225	MetaCyc:CPD-18225	GC	MetaCyc:CPD-18225@Charged	MetaCyc:CPD-18225@Charged	eQuilibrator:MNXM526127
cpd31463	MetaCyc:CPD-19315	MetaCyc:CPD-19315	MetaCyc:CPD-19315	MetaCyc:CPD-19315		MetaCyc:CPD-19315	GC	MetaCyc:CPD-19315@Charged	MetaCyc:CPD-19315@Charged	
cpd31464	MetaCyc:CPD-17700	MetaCyc:CPD-17700	MetaCyc:CPD-17700	MetaCyc:CPD-17700	MetaCyc:CPD-17700	MetaCyc:CPD-17700	GC	MetaCyc:CPD-17700@Charged	MetaCyc:CPD-17700@Charged	eQuilibrator:MNXM44319
cpd31465	MetaCyc:CPD-19202	MetaCyc:CPD-19202	MetaCyc:CPD-19202	MetaCyc:CPD-19202	MetaCyc:CPD-19202	MetaCyc:CPD-19202	EQ	eQuilibrator:MNXM164860	MetaCyc:CPD-19202@Charged	eQuilibrator:MNXM164860
cpd31466	MetaCyc:CPD-17378	MetaCyc:CPD-17378	MetaCyc:CPD-17378	MetaCyc:CPD-17378	MetaCyc:CPD-17378	MetaCyc:CPD-17378	EQ	eQuilibrator:MNXM147483	MetaCyc:CPD-17378@Charged	eQuilibrator:MNXM147483
cpd31467	MetaCyc:CPD-15460@Charged;ChEBI:77156@Charged	MetaCyc:CPD-15460@Charged;ChEBI:77156@Charged	MetaCyc:CPD-15460@Charged;ChEBI:77156@Charged	MetaCyc:CPD-15460@Charged;ChEBI:77156@Charged	MetaCyc:CPD-15460	MetaCyc:CPD-15460	GC	MetaCyc:CPD-15460@Charged	MetaCyc:CPD-15460@Charged	
cpd31468	MetaCyc:CPD-15036;ChEBI:63278	MetaCyc:CPD-15036;ChEBI:63278	MetaCyc:CPD-15036;ChEBI:63278	MetaCyc:CPD-15036;ChEBI:63278	MetaCyc:CPD-15036	MetaCyc:CPD-15036	GC	MetaCyc:CPD-15036@Charged	MetaCyc:CPD-15036@Charged	eQuilibrator:MNXM6918
cpd31469	MetaCyc:CPD-21368	MetaCyc:CPD-21368	MetaCyc:CPD-21368	MetaCyc:CPD-21368	MetaCyc:CPD-21368	MetaCyc:CPD-21368	GC	MetaCyc:CPD-21368@Charged	MetaCyc:CPD-21368@Charged	
cpd31470	MetaCyc:CPD-21285	MetaCyc:CPD-21285	MetaCyc:CPD-21285	MetaCyc:CPD-21285			GC	MetaCyc:CPD-21285@Charged	MetaCyc:CPD-21285@Charged	
cpd31471	MetaCyc:CPD-21271	MetaCyc:CPD-21271	MetaCyc:CPD-21271	MetaCyc:CPD-21271	MetaCyc:CPD-21271	MetaCyc:CPD-21271	GC	MetaCyc:CPD-21271@Charged	MetaCyc:CPD-21271@Charged	
cpd31472										
cpd31473	MetaCyc:CPD-19657	MetaCyc:CPD-19657	MetaCyc:CPD-19657	MetaCyc:CPD-19657	MetaCyc:CPD-19657		EQ	eQuilibrator:MNXM58109	MetaCyc:CPD-19657@Charged	eQuilibrator:MNXM58109
cpd31474	MetaCyc:CPD-16621;ChEBI:138945	MetaCyc:CPD-16621;ChEBI:138945	MetaCyc:CPD-16621;ChEBI:138945	MetaCyc:CPD-16621;ChEBI:138945	MetaCyc:CPD-16621	MetaCyc:CPD-16621	GC	MetaCyc:CPD-16621@Charged	MetaCyc:CPD-16621@Charged	eQuilibrator:MNXM127685
cpd31475	MetaCyc:CPD-16576	MetaCyc:CPD-16576	MetaCyc:CPD-16576	MetaCyc:CPD-16576	MetaCyc:CPD-16576		EQ	eQuilibrator:MNXM31452	MetaCyc:CPD-16576@Charged	eQuilibrator:MNXM31452
cpd31476	MetaCyc:CPD-17752	MetaCyc:CPD-17752	MetaCyc:CPD-17752	MetaCyc:CPD-17752		MetaCyc:CPD-17752	GC	MetaCyc:CPD-17752@Charged	MetaCyc:CPD-17752@Charged	
cpd31477	MetaCyc:CPD-18530	MetaCyc:CPD-18530	MetaCyc:CPD-18530	MetaCyc:CPD-18530	MetaCyc:CPD-18530	MetaCyc:CPD-18530	GC	MetaCyc:CPD-18530@Charged	MetaCyc:CPD-18530@Charged	
cpd31478	MetaCyc:CPD-15923	MetaCyc:CPD-15923	MetaCyc:CPD-15923	MetaCyc:CPD-15923	MetaCyc:CPD-15923	MetaCyc:CPD-15923	GC	MetaCyc:CPD-15923@Charged	MetaCyc:CPD-15923@Charged	eQuilibrator:MNXM150009
cpd31479	MetaCyc:CPD-14983@Charged	MetaCyc:CPD-14983@Charged	MetaCyc:CPD-14983@Charged	MetaCyc:CPD-14983@Charged	MetaCyc:CPD-14983	MetaCyc:CPD-14983	GC	MetaCyc:CPD-14983@Charged	MetaCyc:CPD-14983@Charged	eQuilibrator:MNXM114691
cpd31480	MetaCyc:CPD-21161	MetaCyc:CPD-21161	MetaCyc:CPD-21161	MetaCyc:CPD-21161	MetaCyc:CPD-21161	MetaCyc:CPD-21161	GC	MetaCyc:CPD-21161@Charged	MetaCyc:CPD-21161@Charged	
cpd31481	MetaCyc:CPD-14604;ChEBI:149486	MetaCyc:CPD-14604;ChEBI:149486	MetaCyc:CPD-14604;ChEBI:149486	MetaCyc:CPD-14604;ChEBI:149486	MetaCyc:CPD-14604	MetaCyc:CPD-14604	EQ	eQuilibrator:MNXM19490	MetaCyc:CPD-14604@Charged	eQuilibrator:MNXM19490
cpd31482	MetaCyc:CPD-18655	MetaCyc:CPD-18655	MetaCyc:CPD-18655	MetaCyc:CPD-18655	MetaCyc:CPD-18655	MetaCyc:CPD-18655	EQ	eQuilibrator:MNXM164639	MetaCyc:CPD-18655@Charged	eQuilibrator:MNXM164639
cpd31483	MetaCyc:CPD-18094@Charged	MetaCyc:CPD-18094@Charged	MetaCyc:CPD-18094@Charged	MetaCyc:CPD-18094@Charged	MetaCyc:CPD-18094	MetaCyc:CPD-18094	GC	MetaCyc:CPD-18094@Charged	MetaCyc:CPD-18094@Charged	
cpd31484	MetaCyc:CPD-16981;ChEBI:167125	MetaCyc:CPD-16981;ChEBI:167125	MetaCyc:CPD-16981;ChEBI:167125	MetaCyc:CPD-16981;ChEBI:167125	MetaCyc:CPD-16981	MetaCyc:CPD-16981	GC	MetaCyc:CPD-16981@Charged	MetaCyc:CPD-16981@Charged	eQuilibrator:MNXM148608
cpd31485	MetaCyc:CPD-17401	MetaCyc:CPD-17401	MetaCyc:CPD-17401	MetaCyc:CPD-17401	MetaCyc:CPD-17401	MetaCyc:CPD-17401	EQ	eQuilibrator:MNXM147798	MetaCyc:CPD-17401@Charged	eQuilibrator:MNXM147798
cpd31486	MetaCyc:CPD-18863@Charged	MetaCyc:CPD-18863@Charged		MetaCyc:CPD-18863@Charged	MetaCyc:CPD-18863	MetaCyc:CPD-18863	GC	MetaCyc:CPD-18863@Charged	MetaCyc:CPD-18863@Charged	
cpd31487	MetaCyc:CPD-14787	MetaCyc:CPD-14787	MetaCyc:CPD-14787	MetaCyc:CPD-14787	MetaCyc:CPD-14787	MetaCyc:CPD-14787	EQ	eQuilibrator:MNXM114657	MetaCyc:CPD-14787@Charged	eQuilibrator:MNXM114657
cpd31488	MetaCyc:CPD-20180	MetaCyc:CPD-20180	MetaCyc:CPD-20180	MetaCyc:CPD-20180	MetaCyc:CPD-20180	MetaCyc:CPD-20180	GC	MetaCyc:CPD-20180@Charged	MetaCyc:CPD-20180@Charged	
cpd31489	MetaCyc:CPD-17263;ChEBI:76457	MetaCyc:CPD-17263;ChEBI:76457	MetaCyc:CPD-17263;ChEBI:76457	MetaCyc:CPD-17263;ChEBI:76457	MetaCyc:CPD-17263	MetaCyc:CPD-17263	EQ	eQuilibrator:MNXM145828	MetaCyc:CPD-17263@Charged	eQuilibrator:MNXM145828
cpd31490	MetaCyc:CPD-21054	MetaCyc:CPD-21054	MetaCyc:CPD-21054	MetaCyc:CPD-21054	MetaCyc:CPD-21054	MetaCyc:CPD-21054	EQ	eQuilibrator:MNXM19565	MetaCyc:CPD-21054@Charged	eQuilibrator:MNXM19565
cpd31491	MetaCyc:CPD-17134@Charged	MetaCyc:CPD-17134@Charged	MetaCyc:CPD-17134@Charged	MetaCyc:CPD-17134@Charged	MetaCyc:CPD-17134	MetaCyc:CPD-17134	GC	MetaCyc:CPD-17134@Charged	MetaCyc:CPD-17134@Charged	
cpd31492	MetaCyc:CPD-18153	MetaCyc:CPD-18153	MetaCyc:CPD-18153	MetaCyc:CPD-18153	MetaCyc:CPD-18153	MetaCyc:CPD-18153	EQ	eQuilibrator:MNXM165163	MetaCyc:CPD-18153@Charged	eQuilibrator:MNXM165163
cpd31493	MetaCyc:CPD-19005	MetaCyc:CPD-19005	MetaCyc:CPD-19005	MetaCyc:CPD-19005	MetaCyc:CPD-19005	MetaCyc:CPD-19005	GC	MetaCyc:CPD-19005@Charged	MetaCyc:CPD-19005@Charged	eQuilibrator:MNXM163655
cpd31494	MetaCyc:CPD-20838	MetaCyc:CPD-20838	MetaCyc:CPD-20838	MetaCyc:CPD-20838	MetaCyc:CPD-20838	MetaCyc:CPD-20838	EQ	eQuilibrator:MNXM38204	MetaCyc:CPD-20838@Charged	eQuilibrator:MNXM38204
cpd31495	MetaCyc:CPD0-2550	MetaCyc:CPD0-2550	MetaCyc:CPD0-2550	MetaCyc:CPD0-2550	MetaCyc:CPD0-2550	MetaCyc:CPD0-2550	GC	MetaCyc:CPD0-2550@Charged	MetaCyc:CPD0-2550@Charged	eQuilibrator:MNXM51278
cpd31496	MetaCyc:CPD-20447	MetaCyc:CPD-20447	MetaCyc:CPD-20447	MetaCyc:CPD-20447	MetaCyc:CPD-20447	MetaCyc:CPD-20447	GC	MetaCyc:CPD-20447@Charged	MetaCyc:CPD-20447@Charged	
cpd31497	MetaCyc:CPD-20864	MetaCyc:CPD-20864	MetaCyc:CPD-20864	MetaCyc:CPD-20864@Charged	MetaCyc:CPD-20864	MetaCyc:CPD-20864	GC	MetaCyc:CPD-20864@Charged	MetaCyc:CPD-20864@Charged	
cpd31498	MetaCyc:CPD-20600	MetaCyc:CPD-20600	MetaCyc:CPD-20600	MetaCyc:CPD-20600	MetaCyc:CPD-20600	MetaCyc:CPD-20600	GC	MetaCyc:CPD-20600@Charged	MetaCyc:CPD-20600@Charged	
cpd31499	MetaCyc:CPD0-2615	MetaCyc:CPD0-2615	MetaCyc:CPD0-2615	MetaCyc:CPD0-2615	MetaCyc:CPD0-2615	MetaCyc:CPD0-2615				
cpd31500	MetaCyc:CPD-16900	MetaCyc:CPD-16900	MetaCyc:CPD-16900	MetaCyc:CPD-16900	MetaCyc:CPD-16900	MetaCyc:CPD-16900	GC	MetaCyc:CPD-16900@Charged	MetaCyc:CPD-16900@Charged	
cpd31501	MetaCyc:CPD-19132	MetaCyc:CPD-19132	MetaCyc:CPD-19132	MetaCyc:CPD-19132	MetaCyc:CPD-19132	MetaCyc:CPD-19132	EQ	eQuilibrator:MNXM683038	MetaCyc:CPD-19132@Charged	eQuilibrator:MNXM683038
cpd31502	MetaCyc:CPD-18154@Charged	MetaCyc:CPD-18154@Charged	MetaCyc:CPD-18154@Charged	MetaCyc:CPD-18154@Charged	MetaCyc:CPD-18154	MetaCyc:CPD-18154	EQ	eQuilibrator:MNXM168939	MetaCyc:CPD-18154@Charged	eQuilibrator:MNXM168939
cpd31503	MetaCyc:CPD-20134;ChEBI:138040	MetaCyc:CPD-20134;ChEBI:138040	MetaCyc:CPD-20134;ChEBI:138040	MetaCyc:CPD-20134;ChEBI:138040	MetaCyc:CPD-20134	MetaCyc:CPD-20134	GC	MetaCyc:CPD-20134@Charged	MetaCyc:CPD-20134@Charged	
cpd31504	MetaCyc:CPD-14755	MetaCyc:CPD-14755	MetaCyc:CPD-14755	MetaCyc:CPD-14755		MetaCyc:CPD-14755	GC	MetaCyc:CPD-14755@Charged	MetaCyc:CPD-14755@Charged	
cpd31505	MetaCyc:CPD-20427	MetaCyc:CPD-20427	MetaCyc:CPD-20427	MetaCyc:CPD-20427	MetaCyc:CPD-20427	MetaCyc:CPD-20427	GC	MetaCyc:CPD-20427@Charged	MetaCyc:CPD-20427@Charged	
cpd31506	MetaCyc:CPD-20259@Charged;ChEBI:138310@Charged	MetaCyc:CPD-20259@Charged;ChEBI:138310@Charged	MetaCyc:CPD-20259@Charged;ChEBI:138310@Charged	MetaCyc:CPD-20259@Charged;ChEBI:138310@Charged	MetaCyc:CPD-20259		GC	MetaCyc:CPD-20259@Charged	MetaCyc:CPD-20259@Charged	
cpd31507	MetaCyc:CPD-18671	MetaCyc:CPD-18671	MetaCyc:CPD-18671	MetaCyc:CPD-18671	MetaCyc:CPD-18671	MetaCyc:CPD-18671	EQ	eQuilibrator:MNXM164648	MetaCyc:CPD-18671@Charged	eQuilibrator:MNXM164648
cpd31508	MetaCyc:CPD-20843@Charged	MetaCyc:CPD-20843@Charged	MetaCyc:CPD-20843@Charged	MetaCyc:CPD-20843@Charged	MetaCyc:CPD-20843	MetaCyc:CPD-20843	GC	MetaCyc:CPD-20843@Charged	MetaCyc:CPD-20843@Charged	
cpd31509	MetaCyc:CPD-18845@Charged	MetaCyc:CPD-18845@Charged		MetaCyc:CPD-18845@Charged	MetaCyc:CPD-18845	MetaCyc:CPD-18845	GC	MetaCyc:CPD-18845@Charged	MetaCyc:CPD-18845@Charged	
cpd31510	MetaCyc:CPD-16530	MetaCyc:CPD-16530	MetaCyc:CPD-16530	MetaCyc:CPD-16530	MetaCyc:CPD-16530	MetaCyc:CPD-16530	EQ	eQuilibrator:MNXM104871	MetaCyc:CPD-16530@Charged	eQuilibrator:MNXM104871
cpd31511	MetaCyc:CPD-14739	MetaCyc:CPD-14739	MetaCyc:CPD-14739	MetaCyc:CPD-14739	MetaCyc:CPD-14739	MetaCyc:CPD-14739	EQ	eQuilibrator:MNXM97929	MetaCyc:CPD-14739@Charged	eQuilibrator:MNXM97929
cpd31512	MetaCyc:CPD-21325	MetaCyc:CPD-21325	MetaCyc:CPD-21325	MetaCyc:CPD-21325	MetaCyc:CPD-21325	MetaCyc:CPD-21325	GC	MetaCyc:CPD-21325@Charged	MetaCyc:CPD-21325@Charged	
cpd31513	MetaCyc:CPD-15384	MetaCyc:CPD-15384	MetaCyc:CPD-15384	MetaCyc:CPD-15384	MetaCyc:CPD-15384	MetaCyc:CPD-15384	EQ	eQuilibrator:MNXM157021	MetaCyc:CPD-15384@Charged	eQuilibrator:MNXM157021
cpd31514	MetaCyc:CPD-17647	MetaCyc:CPD-17647	MetaCyc:CPD-17647	MetaCyc:CPD-17647	MetaCyc:CPD-17647	MetaCyc:CPD-17647	EQ	eQuilibrator:MNXM149033	MetaCyc:CPD-17647@Charged	eQuilibrator:MNXM149033
cpd31515	MetaCyc:CPD-15456@Charged	MetaCyc:CPD-15456@Charged	MetaCyc:CPD-15456@Charged	MetaCyc:CPD-15456@Charged	MetaCyc:CPD-15456	MetaCyc:CPD-15456	GC	MetaCyc:CPD-15456@Charged	MetaCyc:CPD-15456@Charged	
cpd31516	MetaCyc:CPD-20069;ChEBI:137169	MetaCyc:CPD-20069;ChEBI:137169	MetaCyc:CPD-20069;ChEBI:137169	MetaCyc:CPD-20069;ChEBI:137169	MetaCyc:CPD-20069	MetaCyc:CPD-20069	GC	MetaCyc:CPD-20069@Charged	MetaCyc:CPD-20069@Charged	
cpd31517	MetaCyc:CPD-20798@Charged	MetaCyc:CPD-20798@Charged	MetaCyc:CPD-20798@Charged	MetaCyc:CPD-20798@Charged	MetaCyc:CPD-20798		GC	MetaCyc:CPD-20798@Charged	MetaCyc:CPD-20798@Charged	
cpd31518	MetaCyc:CPD-19568	MetaCyc:CPD-19568	MetaCyc:CPD-19568	MetaCyc:CPD-19568	MetaCyc:CPD-19568	MetaCyc:CPD-19568	EQ	eQuilibrator:MNXM483979	MetaCyc:CPD-19568@Charged	eQuilibrator:MNXM483979
cpd31519	MetaCyc:CPD-14737	MetaCyc:CPD-14737	MetaCyc:CPD-14737	MetaCyc:CPD-14737	MetaCyc:CPD-14737	MetaCyc:CPD-14737	EQ	eQuilibrator:MNXM17602	MetaCyc:CPD-14737@Charged	eQuilibrator:MNXM17602
cpd31520	MetaCyc:CPD-19746@Charged;ChEBI:136833@Charged	MetaCyc:CPD-19746@Charged;ChEBI:136833@Charged	MetaCyc:CPD-19746@Charged;ChEBI:136833@Charged	MetaCyc:CPD-19746@Charged;ChEBI:136833@Charged	MetaCyc:CPD-19746	MetaCyc:CPD-19746	GC	MetaCyc:CPD-19746@Charged	MetaCyc:CPD-19746@Charged	
cpd31521	MetaCyc:CPD-14636	MetaCyc:CPD-14636	MetaCyc:CPD-14636	MetaCyc:CPD-14636	MetaCyc:CPD-14636	MetaCyc:CPD-14636	EQ	eQuilibrator:MNXM97665	MetaCyc:CPD-14636@Charged	eQuilibrator:MNXM97665
cpd31522	MetaCyc:CPD-17781@Charged	MetaCyc:CPD-17781@Charged	MetaCyc:CPD-17781@Charged	MetaCyc:CPD-17781@Charged	MetaCyc:CPD-17781	MetaCyc:CPD-17781	GC	MetaCyc:CPD-17781@Charged	MetaCyc:CPD-17781@Charged	
cpd31523	MetaCyc:CPD-21041	MetaCyc:CPD-21041	MetaCyc:CPD-21041	MetaCyc:CPD-21041	MetaCyc:CPD-21041	MetaCyc:CPD-21041	GC	MetaCyc:CPD-21041@Charged	MetaCyc:CPD-21041@Charged	
cpd31524	MetaCyc:CPD-18213@Charged	MetaCyc:CPD-18213@Charged	MetaCyc:CPD-18213@Charged	MetaCyc:CPD-18213@Charged	MetaCyc:CPD-18213	MetaCyc:CPD-18213	GC	MetaCyc:CPD-18213@Charged	MetaCyc:CPD-18213@Charged	
cpd31525	MetaCyc:CPD-15674	MetaCyc:CPD-15674	MetaCyc:CPD-15674	MetaCyc:CPD-15674	MetaCyc:CPD-15674	MetaCyc:CPD-15674	GC	MetaCyc:CPD-15674@Charged	MetaCyc:CPD-15674@Charged	eQuilibrator:MNXM150469
cpd31526	MetaCyc:CPD-14991@Charged	MetaCyc:CPD-14991@Charged	MetaCyc:CPD-14991@Charged	MetaCyc:CPD-14991@Charged	MetaCyc:CPD-14991	MetaCyc:CPD-14991	GC	MetaCyc:CPD-14991@Charged	MetaCyc:CPD-14991@Charged	eQuilibrator:MNXM114693
cpd31527	MetaCyc:CPD-19948	MetaCyc:CPD-19948	MetaCyc:CPD-19948	MetaCyc:CPD-19948	MetaCyc:CPD-19948	MetaCyc:CPD-19948	GC	MetaCyc:CPD-19948@Charged	MetaCyc:CPD-19948@Charged	
cpd31528	MetaCyc:CPD-15328@Charged	MetaCyc:CPD-15328@Charged	MetaCyc:CPD-15328@Charged	MetaCyc:CPD-15328@Charged	MetaCyc:CPD-15328	MetaCyc:CPD-15328	GC	MetaCyc:CPD-15328@Charged	MetaCyc:CPD-15328@Charged	
cpd31529	MetaCyc:CPD-14640	MetaCyc:CPD-14640	MetaCyc:CPD-14640	MetaCyc:CPD-14640	MetaCyc:CPD-14640	MetaCyc:CPD-14640	EQ	eQuilibrator:MNXM101637	MetaCyc:CPD-14640@Charged	eQuilibrator:MNXM101637
cpd31530	MetaCyc:CPD-16589;ChEBI:138358	MetaCyc:CPD-16589;ChEBI:138358	MetaCyc:CPD-16589;ChEBI:138358	MetaCyc:CPD-16589;ChEBI:138358	MetaCyc:CPD-16589		EQ	eQuilibrator:MNXM147831	MetaCyc:CPD-16589@Charged	eQuilibrator:MNXM147831
cpd31531	MetaCyc:CPD-16593@Charged	MetaCyc:CPD-16593@Charged	MetaCyc:CPD-16593@Charged	MetaCyc:CPD-16593@Charged	MetaCyc:CPD-16593		GC	MetaCyc:CPD-16593@Charged	MetaCyc:CPD-16593@Charged	
cpd31532	MetaCyc:CPD-21026	MetaCyc:CPD-21026	MetaCyc:CPD-21026	MetaCyc:CPD-21026	MetaCyc:CPD-21026	MetaCyc:CPD-21026	GC	MetaCyc:CPD-21026@Charged	MetaCyc:CPD-21026@Charged	
cpd31533	MetaCyc:CPD-19710@Charged	MetaCyc:CPD-19710@Charged	MetaCyc:CPD-19710@Charged	MetaCyc:CPD-19710@Charged	MetaCyc:CPD-19710	MetaCyc:CPD-19710	GC	MetaCyc:CPD-19710@Charged	MetaCyc:CPD-19710@Charged	
cpd31534	MetaCyc:CPD-17810	MetaCyc:CPD-17810	MetaCyc:CPD-17810	MetaCyc:CPD-17810		MetaCyc:CPD-17810	EQ	eQuilibrator:MNXM99804	MetaCyc:CPD-17810@Charged	eQuilibrator:MNXM99804
cpd31535	MetaCyc:CPD-20630	MetaCyc:CPD-20630	MetaCyc:CPD-20630	MetaCyc:CPD-20630		MetaCyc:CPD-20630	GC	MetaCyc:CPD-20630@Charged	MetaCyc:CPD-20630@Charged	eQuilibrator:MNXM129218
cpd31536	MetaCyc:CPD-19382	MetaCyc:CPD-19382	MetaCyc:CPD-19382	MetaCyc:CPD-19382	MetaCyc:CPD-19382	MetaCyc:CPD-19382	EQ	eQuilibrator:MNXM31397	MetaCyc:CPD-19382@Charged	eQuilibrator:MNXM31397
cpd31537	MetaCyc:CPD-19089	MetaCyc:CPD-19089	MetaCyc:CPD-19089	MetaCyc:CPD-19089	MetaCyc:CPD-19089	MetaCyc:CPD-19089	EQ	eQuilibrator:MNXM164130	MetaCyc:CPD-19089@Charged	eQuilibrator:MNXM164130
cpd31538	MetaCyc:CPD-17843	MetaCyc:CPD-17843	MetaCyc:CPD-17843	MetaCyc:CPD-17843	MetaCyc:CPD-17843	MetaCyc:CPD-17843	EQ	eQuilibrator:MNXM153023	MetaCyc:CPD-17843@Charged	eQuilibrator:MNXM153023
cpd31539	MetaCyc:CPD-16879	MetaCyc:CPD-16879	MetaCyc:CPD-16879	MetaCyc:CPD-16879	MetaCyc:CPD-16879	MetaCyc:CPD-16879	EQ	eQuilibrator:MNXM147835	MetaCyc:CPD-16879@Charged	eQuilibrator:MNXM147835
cpd31540	MetaCyc:CPD-20990	MetaCyc:CPD-20990	MetaCyc:CPD-20990	MetaCyc:CPD-20990	MetaCyc:CPD-20990	MetaCyc:CPD-20990	GC	MetaCyc:CPD-20990@Charged	MetaCyc:CPD-20990@Charged	
cpd31541	MetaCyc:CPD-16149	MetaCyc:CPD-16149	MetaCyc:CPD-16149	MetaCyc:CPD-16149	MetaCyc:CPD-16149		EQ	eQuilibrator:MNXM174120	MetaCyc:CPD-16149@Charged	eQuilibrator:MNXM174120
cpd31542	MetaCyc:CPD-17317	MetaCyc:CPD-17317	MetaCyc:CPD-17317	MetaCyc:CPD-17317	MetaCyc:CPD-17317	MetaCyc:CPD-17317	EQ	eQuilibrator:MNXM147844	MetaCyc:CPD-17317@Charged	eQuilibrator:MNXM147844
cpd31543	MetaCyc:CPD-17080	MetaCyc:CPD-17080	MetaCyc:CPD-17080	MetaCyc:CPD-17080	MetaCyc:CPD-17080	MetaCyc:CPD-17080	EQ	eQuilibrator:MNXM147806	MetaCyc:CPD-17080@Charged	eQuilibrator:MNXM147806
cpd31544	MetaCyc:CPD-18526	MetaCyc:CPD-18526	MetaCyc:CPD-18526	MetaCyc:CPD-18526	MetaCyc:CPD-18526	MetaCyc:CPD-18526	EQ	eQuilibrator:MNXM488335	MetaCyc:CPD-18526@Charged	eQuilibrator:MNXM488335
cpd31545	MetaCyc:CPD-17879@Charged	MetaCyc:CPD-17879@Charged	MetaCyc:CPD-17879@Charged	MetaCyc:CPD-17879@Charged	MetaCyc:CPD-17879	MetaCyc:CPD-17879	GC	MetaCyc:CPD-17879@Charged	MetaCyc:CPD-17879@Charged	
cpd31546	MetaCyc:CPD-20656	MetaCyc:CPD-20656	MetaCyc:CPD-20656	MetaCyc:CPD-20656	MetaCyc:CPD-20656	MetaCyc:CPD-20656	GC	MetaCyc:CPD-20656@Charged	MetaCyc:CPD-20656@Charged	
cpd31547	MetaCyc:CPD-21202	MetaCyc:CPD-21202	MetaCyc:CPD-21202	MetaCyc:CPD-21202	MetaCyc:CPD-21202	MetaCyc:CPD-21202	GC	MetaCyc:CPD-21202@Charged	MetaCyc:CPD-21202@Charged	
cpd31548	MetaCyc:CPD-21330;ChEBI:142488	MetaCyc:CPD-21330;ChEBI:142488	MetaCyc:CPD-21330;ChEBI:142488	MetaCyc:CPD-21330;ChEBI:142488	MetaCyc:CPD-21330	MetaCyc:CPD-21330	GC	MetaCyc:CPD-21330@Charged	MetaCyc:CPD-21330@Charged	
cpd31549	MetaCyc:CPD-19975	MetaCyc:CPD-19975	MetaCyc:CPD-19975	MetaCyc:CPD-19975	MetaCyc:CPD-19975	MetaCyc:CPD-19975	GC	MetaCyc:CPD-19975@Charged	MetaCyc:CPD-19975@Charged	
cpd31550	MetaCyc:CPD-18055	MetaCyc:CPD-18055	MetaCyc:CPD-18055	MetaCyc:CPD-18055	MetaCyc:CPD-18055	MetaCyc:CPD-18055	GC	MetaCyc:CPD-18055@Charged	MetaCyc:CPD-18055@Charged	eQuilibrator:MNXM148124
cpd31551	MetaCyc:CPD-17393	MetaCyc:CPD-17393	MetaCyc:CPD-17393	MetaCyc:CPD-17393	MetaCyc:CPD-17393	MetaCyc:CPD-17393	GC	MetaCyc:CPD-17393@Charged	MetaCyc:CPD-17393@Charged	
cpd31552	MetaCyc:CPD-18084;ChEBI:88139	MetaCyc:CPD-18084;ChEBI:88139	MetaCyc:CPD-18084;ChEBI:88139	MetaCyc:CPD-18084;ChEBI:88139	MetaCyc:CPD-18084	MetaCyc:CPD-18084	EQ	eQuilibrator:MNXM162729	MetaCyc:CPD-18084@Charged	eQuilibrator:MNXM162729
cpd31553	MetaCyc:CPD-15901	MetaCyc:CPD-15901	MetaCyc:CPD-15901	MetaCyc:CPD-15901		MetaCyc:CPD-15901	EQ	eQuilibrator:MNXM131116	MetaCyc:CPD-15901@Charged	eQuilibrator:MNXM131116
cpd31554	MetaCyc:CPD-15891@Charged	MetaCyc:CPD-15891@Charged	MetaCyc:CPD-15891@Charged	MetaCyc:CPD-15891@Charged	MetaCyc:CPD-15891	MetaCyc:CPD-15891	EQ	eQuilibrator:MNXM152455	MetaCyc:CPD-15891@Charged	eQuilibrator:MNXM152455
cpd31555	MetaCyc:CPD-18359	MetaCyc:CPD-18359	MetaCyc:CPD-18359	MetaCyc:CPD-18359	MetaCyc:CPD-18359	MetaCyc:CPD-18359	GC	MetaCyc:CPD-18359@Charged	MetaCyc:CPD-18359@Charged	
cpd31556	MetaCyc:CPD-19116	MetaCyc:CPD-19116	MetaCyc:CPD-19116	MetaCyc:CPD-19116	MetaCyc:CPD-19116	MetaCyc:CPD-19116	GC	MetaCyc:CPD-19116@Charged	MetaCyc:CPD-19116@Charged	
cpd31557	MetaCyc:CPD-15787	MetaCyc:CPD-15787	MetaCyc:CPD-15787	MetaCyc:CPD-15787	MetaCyc:CPD-15787	MetaCyc:CPD-15787	EQ	eQuilibrator:MNXM147366	MetaCyc:CPD-15787@Charged	eQuilibrator:MNXM147366
cpd31558	MetaCyc:CPD-18160	MetaCyc:CPD-18160	MetaCyc:CPD-18160	MetaCyc:CPD-18160	MetaCyc:CPD-18160	MetaCyc:CPD-18160	GC	MetaCyc:CPD-18160@Charged	MetaCyc:CPD-18160@Charged	eQuilibrator:MNXM507585
cpd31559	MetaCyc:CPD-19130	MetaCyc:CPD-19130	MetaCyc:CPD-19130	MetaCyc:CPD-19130	MetaCyc:CPD-19130	MetaCyc:CPD-19130	EQ	eQuilibrator:MNXM683039	MetaCyc:CPD-19130@Charged	eQuilibrator:MNXM683039
cpd31560	MetaCyc:CPD-18371	MetaCyc:CPD-18371	MetaCyc:CPD-18371	MetaCyc:CPD-18371	MetaCyc:CPD-18371	MetaCyc:CPD-18371	GC	MetaCyc:CPD-18371@Charged	MetaCyc:CPD-18371@Charged	eQuilibrator:MNXM610939
cpd31561	MetaCyc:CPD-18456	MetaCyc:CPD-18456	MetaCyc:CPD-18456	MetaCyc:CPD-18456	MetaCyc:CPD-18456	MetaCyc:CPD-18456	EQ	eQuilibrator:MNXM164082	MetaCyc:CPD-18456@Charged	eQuilibrator:MNXM164082
cpd31562	MetaCyc:CPD-14971@Charged	MetaCyc:CPD-14971@Charged	MetaCyc:CPD-14971@Charged	MetaCyc:CPD-14971@Charged	MetaCyc:CPD-14971	MetaCyc:CPD-14971	EQ	eQuilibrator:MNXM527615	MetaCyc:CPD-14971@Charged	eQuilibrator:MNXM527615
cpd31563	MetaCyc:CPD-18239	MetaCyc:CPD-18239	MetaCyc:CPD-18239	MetaCyc:CPD-18239@Charged	MetaCyc:CPD-18239	MetaCyc:CPD-18239	GC	MetaCyc:CPD-18239@Charged	MetaCyc:CPD-18239@Charged	eQuilibrator:MNXM163960
cpd31564	MetaCyc:CPD-18312;ChEBI:84331	MetaCyc:CPD-18312;ChEBI:84331	MetaCyc:CPD-18312;ChEBI:84331	MetaCyc:CPD-18312;ChEBI:84331	MetaCyc:CPD-18312	MetaCyc:CPD-18312	GC	MetaCyc:CPD-18312@Charged	MetaCyc:CPD-18312@Charged	
cpd31565	MetaCyc:CPD-20043	MetaCyc:CPD-20043	MetaCyc:CPD-20043	MetaCyc:CPD-20043	MetaCyc:CPD-20043	MetaCyc:CPD-20043	GC	MetaCyc:CPD-20043@Charged	MetaCyc:CPD-20043@Charged	eQuilibrator:MNXM55296
cpd31566	MetaCyc:CPD-21490	MetaCyc:CPD-21490	MetaCyc:CPD-21490	MetaCyc:CPD-21490	MetaCyc:CPD-21490		EQ	eQuilibrator:MNXM36569	MetaCyc:CPD-21490@Charged	eQuilibrator:MNXM36569
cpd31567	MetaCyc:CPD-20785@Charged	MetaCyc:CPD-20785@Charged	MetaCyc:CPD-20785@Charged	MetaCyc:CPD-20785@Charged	MetaCyc:CPD-20785	MetaCyc:CPD-20785	GC	MetaCyc:CPD-20785@Charged	MetaCyc:CPD-20785@Charged	
cpd31568	MetaCyc:CPD-20737	MetaCyc:CPD-20737		MetaCyc:CPD-20737	MetaCyc:CPD-20737	MetaCyc:CPD-20737	GC	MetaCyc:CPD-20737@Charged	MetaCyc:CPD-20737@Charged	
cpd31569	MetaCyc:CPD-18718;ChEBI:90109	MetaCyc:CPD-18718;ChEBI:90109	MetaCyc:CPD-18718;ChEBI:90109	MetaCyc:CPD-18718;ChEBI:90109	MetaCyc:CPD-18718	MetaCyc:CPD-18718	GC	MetaCyc:CPD-18718@Charged	MetaCyc:CPD-18718@Charged	eQuilibrator:MNXM162387
cpd31570										
cpd31571	MetaCyc:CPD-15313	MetaCyc:CPD-15313	MetaCyc:CPD-15313	MetaCyc:CPD-15313	MetaCyc:CPD-15313	MetaCyc:CPD-15313	GC	MetaCyc:CPD-15313@Charged	MetaCyc:CPD-15313@Charged	eQuilibrator:MNXM151563
cpd31572	MetaCyc:CPD-20058	MetaCyc:CPD-20058	MetaCyc:CPD-20058	MetaCyc:CPD-20058	MetaCyc:CPD-20058	MetaCyc:CPD-20058	GC	MetaCyc:CPD-20058@Charged	MetaCyc:CPD-20058@Charged	
cpd31573	MetaCyc:CPD-19780@Charged	MetaCyc:CPD-19780@Charged	MetaCyc:CPD-19780@Charged	MetaCyc:CPD-19780@Charged	MetaCyc:CPD-19780		GC	MetaCyc:CPD-19780@Charged	MetaCyc:CPD-19780@Charged	
cpd31574	MetaCyc:CPD-17341	MetaCyc:CPD-17341	MetaCyc:CPD-17341	MetaCyc:CPD-17341		MetaCyc:CPD-17341	GC	MetaCyc:CPD-17341@Charged	MetaCyc:CPD-17341@Charged	
cpd31575	MetaCyc:CPD-20288	MetaCyc:CPD-20288	MetaCyc:CPD-20288	MetaCyc:CPD-20288	MetaCyc:CPD-20288	MetaCyc:CPD-20288	GC	MetaCyc:CPD-20288@Charged	MetaCyc:CPD-20288@Charged	
cpd31576	MetaCyc:CPD-18321	MetaCyc:CPD-18321	MetaCyc:CPD-18321	MetaCyc:CPD-18321	MetaCyc:CPD-18321	MetaCyc:CPD-18321	EQ	eQuilibrator:MNXM164346	MetaCyc:CPD-18321@Charged	eQuilibrator:MNXM164346
cpd31577	MetaCyc:CPD-14730;ChEBI:61968	MetaCyc:CPD-14730;ChEBI:61968	MetaCyc:CPD-14730;ChEBI:61968	MetaCyc:CPD-14730;ChEBI:61968	MetaCyc:CPD-14730	MetaCyc:CPD-14730	EQ	eQuilibrator:MNXM163038	MetaCyc:CPD-14730@Charged	eQuilibrator:MNXM163038
cpd31578	MetaCyc:CPD-18856@Charged	MetaCyc:CPD-18856@Charged	MetaCyc:CPD-18856@Charged	MetaCyc:CPD-18856@Charged	MetaCyc:CPD-18856	MetaCyc:CPD-18856	EQ	eQuilibrator:MNXM491843	MetaCyc:CPD-18856@Charged	eQuilibrator:MNXM491843
cpd31579	MetaCyc:CPD-18393	MetaCyc:CPD-18393	MetaCyc:CPD-18393	MetaCyc:CPD-18393	MetaCyc:CPD-18393	MetaCyc:CPD-18393	GC	MetaCyc:CPD-18393@Charged	MetaCyc:CPD-18393@Charged	eQuilibrator:MNXM73652
cpd31580	MetaCyc:CPD-18167@Charged	MetaCyc:CPD-18167@Charged	MetaCyc:CPD-18167@Charged	MetaCyc:CPD-18167@Charged	MetaCyc:CPD-18167	MetaCyc:CPD-18167	EQ		MetaCyc:CPD-18167@Charged	
cpd31581	MetaCyc:CPD-17469;ChEBI:85927	MetaCyc:CPD-17469;ChEBI:85927	MetaCyc:CPD-17469;ChEBI:85927	MetaCyc:CPD-17469;ChEBI:85927	MetaCyc:CPD-17469	MetaCyc:CPD-17469	EQ	eQuilibrator:MNXM146459	MetaCyc:CPD-17469@Charged	eQuilibrator:MNXM146459
cpd31582	MetaCyc:CPD-20743	MetaCyc:CPD-20743		MetaCyc:CPD-20743	MetaCyc:CPD-20743	MetaCyc:CPD-20743	GC	MetaCyc:CPD-20743@Charged	MetaCyc:CPD-20743@Charged	
cpd31583	MetaCyc:CPD-15563@Charged	MetaCyc:CPD-15563@Charged	MetaCyc:CPD-15563@Charged	MetaCyc:CPD-15563@Charged	MetaCyc:CPD-15563	MetaCyc:CPD-15563	EQ	eQuilibrator:MNXM151241	MetaCyc:CPD-15563@Charged	eQuilibrator:MNXM151241
cpd31584	MetaCyc:CPD-14534	MetaCyc:CPD-14534	MetaCyc:CPD-14534	MetaCyc:CPD-14534	MetaCyc:CPD-14534	MetaCyc:CPD-14534	EQ	eQuilibrator:MNXM35140	MetaCyc:CPD-14534@Charged	eQuilibrator:MNXM35140
cpd31585	MetaCyc:CPD-20817	MetaCyc:CPD-20817	MetaCyc:CPD-20817	MetaCyc:CPD-20817	MetaCyc:CPD-20817	MetaCyc:CPD-20817	GC	MetaCyc:CPD-20817@Charged	MetaCyc:CPD-20817@Charged	
cpd31586	MetaCyc:CPD-18604	MetaCyc:CPD-18604	MetaCyc:CPD-18604	MetaCyc:CPD-18604	MetaCyc:CPD-18604		EQ		MetaCyc:CPD-18604@Charged	
cpd31587	MetaCyc:CPD-20959	MetaCyc:CPD-20959	MetaCyc:CPD-20959	MetaCyc:CPD-20959	MetaCyc:CPD-20959	MetaCyc:CPD-20959	GC	MetaCyc:CPD-20959@Charged	MetaCyc:CPD-20959@Charged	
cpd31588	MetaCyc:CPD-18668	MetaCyc:CPD-18668	MetaCyc:CPD-18668	MetaCyc:CPD-18668	MetaCyc:CPD-18668		EQ	eQuilibrator:MNXM165968	MetaCyc:CPD-18668@Charged	eQuilibrator:MNXM165968
cpd31589	MetaCyc:CPD-15866;ChEBI:167611	MetaCyc:CPD-15866;ChEBI:167611	MetaCyc:CPD-15866;ChEBI:167611	MetaCyc:CPD-15866;ChEBI:167611	MetaCyc:CPD-15866		EQ	eQuilibrator:MNXM480635	MetaCyc:CPD-15866@Charged	eQuilibrator:MNXM480635
cpd31590	MetaCyc:CPD-16674	MetaCyc:CPD-16674	MetaCyc:CPD-16674	MetaCyc:CPD-16674	MetaCyc:CPD-16674	MetaCyc:CPD-16674	GC	MetaCyc:CPD-16674@Charged	MetaCyc:CPD-16674@Charged	
cpd31591	MetaCyc:CPD-20370	MetaCyc:CPD-20370	MetaCyc:CPD-20370	MetaCyc:CPD-20370	MetaCyc:CPD-20370	MetaCyc:CPD-20370	GC	MetaCyc:CPD-20370@Charged	MetaCyc:CPD-20370@Charged	
cpd31592	MetaCyc:CPD-14428	MetaCyc:CPD-14428	MetaCyc:CPD-14428	MetaCyc:CPD-14428	MetaCyc:CPD-14428	MetaCyc:CPD-14428	GC	MetaCyc:CPD-14428@Charged	MetaCyc:CPD-14428@Charged	eQuilibrator:MNXM98205
cpd31593	MetaCyc:CPD-18404	MetaCyc:CPD-18404	MetaCyc:CPD-18404	MetaCyc:CPD-18404	MetaCyc:CPD-18404	MetaCyc:CPD-18404	GC	MetaCyc:CPD-18404@Charged	MetaCyc:CPD-18404@Charged	eQuilibrator:MNXM610937
cpd31594	MetaCyc:CPD-18792	MetaCyc:CPD-18792	MetaCyc:CPD-18792	MetaCyc:CPD-18792	MetaCyc:CPD-18792	MetaCyc:CPD-18792	EQ	eQuilibrator:MNXM169407	MetaCyc:CPD-18792@Charged	eQuilibrator:MNXM169407
cpd31595	MetaCyc:CPD-19063	MetaCyc:CPD-19063	MetaCyc:CPD-19063	MetaCyc:CPD-19063			EQ	eQuilibrator:MNXM44940	MetaCyc:CPD-19063@Charged	eQuilibrator:MNXM44940
cpd31596	MetaCyc:CPD-20084;ChEBI:137562	MetaCyc:CPD-20084;ChEBI:137562	MetaCyc:CPD-20084;ChEBI:137562	MetaCyc:CPD-20084;ChEBI:137562			GC	MetaCyc:CPD-20084@Charged	MetaCyc:CPD-20084@Charged	
cpd31597	MetaCyc:CPD-18987	MetaCyc:CPD-18987	MetaCyc:CPD-18987	MetaCyc:CPD-18987		MetaCyc:CPD-18987	EQ	eQuilibrator:MNXM507288	MetaCyc:CPD-18987@Charged	eQuilibrator:MNXM507288
cpd31598	MetaCyc:CPD-18648;ChEBI:85433	MetaCyc:CPD-18648;ChEBI:85433	MetaCyc:CPD-18648;ChEBI:85433	MetaCyc:CPD-18648;ChEBI:85433	MetaCyc:CPD-18648	MetaCyc:CPD-18648	GC	MetaCyc:CPD-18648@Charged	MetaCyc:CPD-18648@Charged	eQuilibrator:MNXM147132
cpd31599	MetaCyc:CPD-17620	MetaCyc:CPD-17620	MetaCyc:CPD-17620	MetaCyc:CPD-17620	MetaCyc:CPD-17620	MetaCyc:CPD-17620	EQ	eQuilibrator:MNXM150172	MetaCyc:CPD-17620@Charged	eQuilibrator:MNXM150172
cpd31600	MetaCyc:CPD-18956;ChEBI:88514	MetaCyc:CPD-18956;ChEBI:88514	MetaCyc:CPD-18956;ChEBI:88514	MetaCyc:CPD-18956;ChEBI:88514		MetaCyc:CPD-18956	GC	MetaCyc:CPD-18956@Charged	MetaCyc:CPD-18956@Charged	eQuilibrator:MNXM119955
cpd31601	MetaCyc:CPD-20471	MetaCyc:CPD-20471	MetaCyc:CPD-20471	MetaCyc:CPD-20471	MetaCyc:CPD-20471	MetaCyc:CPD-20471	GC	MetaCyc:CPD-20471@Charged	MetaCyc:CPD-20471@Charged	
cpd31602	MetaCyc:CPD-19251;ChEBI:139515	MetaCyc:CPD-19251;ChEBI:139515	MetaCyc:CPD-19251;ChEBI:139515	MetaCyc:CPD-19251;ChEBI:139515	MetaCyc:CPD-19251	MetaCyc:CPD-19251	EQ	eQuilibrator:MNXM164773	MetaCyc:CPD-19251@Charged	eQuilibrator:MNXM164773
cpd31603	MetaCyc:CPD-18192@Charged	MetaCyc:CPD-18192@Charged	MetaCyc:CPD-18192@Charged	MetaCyc:CPD-18192@Charged	MetaCyc:CPD-18192	MetaCyc:CPD-18192	GC	MetaCyc:CPD-18192@Charged	MetaCyc:CPD-18192@Charged	
cpd31604	MetaCyc:CPD-18637	MetaCyc:CPD-18637	MetaCyc:CPD-18637	MetaCyc:CPD-18637	MetaCyc:CPD-18637	MetaCyc:CPD-18637	EQ	eQuilibrator:MNXM164633	MetaCyc:CPD-18637@Charged	eQuilibrator:MNXM164633
cpd31605	MetaCyc:CPD-20598@Charged	MetaCyc:CPD-20598@Charged	MetaCyc:CPD-20598@Charged	MetaCyc:CPD-20598@Charged	MetaCyc:CPD-20598	MetaCyc:CPD-20598	GC	MetaCyc:CPD-20598@Charged	MetaCyc:CPD-20598@Charged	
cpd31606	MetaCyc:CPD-20118;ChEBI:137487	MetaCyc:CPD-20118;ChEBI:137487	MetaCyc:CPD-20118;ChEBI:137487	MetaCyc:CPD-20118;ChEBI:137487	MetaCyc:CPD-20118	MetaCyc:CPD-20118	GC	MetaCyc:CPD-20118@Charged	MetaCyc:CPD-20118@Charged	
cpd31607	MetaCyc:CPD-14777	MetaCyc:CPD-14777	MetaCyc:CPD-14777	MetaCyc:CPD-14777	MetaCyc:CPD-14777	MetaCyc:CPD-14777	EQ	eQuilibrator:MNXM114729	MetaCyc:CPD-14777@Charged	eQuilibrator:MNXM114729
cpd31608	MetaCyc:CPD-16995;ChEBI:133457	MetaCyc:CPD-16995;ChEBI:133457	MetaCyc:CPD-16995;ChEBI:133457	MetaCyc:CPD-16995;ChEBI:133457	MetaCyc:CPD-16995	MetaCyc:CPD-16995	EQ	eQuilibrator:MNXM100467	MetaCyc:CPD-16995@Charged	eQuilibrator:MNXM100467
cpd31609	MetaCyc:CPD-14845@Charged;ChEBI:71490@Charged	MetaCyc:CPD-14845@Charged;ChEBI:71490@Charged	MetaCyc:CPD-14845@Charged;ChEBI:71490@Charged	MetaCyc:CPD-14845@Charged;ChEBI:71490@Charged	MetaCyc:CPD-14845	MetaCyc:CPD-14845	GC	MetaCyc:CPD-14845@Charged	MetaCyc:CPD-14845@Charged	
cpd31610	MetaCyc:CPD-15599	MetaCyc:CPD-15599	MetaCyc:CPD-15599	MetaCyc:CPD-15599	MetaCyc:CPD-15599	MetaCyc:CPD-15599	EQ	eQuilibrator:MNXM150852	MetaCyc:CPD-15599@Charged	eQuilibrator:MNXM150852
cpd31611	MetaCyc:CPD-14879	MetaCyc:CPD-14879	MetaCyc:CPD-14879	MetaCyc:CPD-14879	MetaCyc:CPD-14879	MetaCyc:CPD-14879	GC	MetaCyc:CPD-14879@Charged	MetaCyc:CPD-14879@Charged	eQuilibrator:MNXM116645
cpd31612	MetaCyc:CPD-17712	MetaCyc:CPD-17712	MetaCyc:CPD-17712	MetaCyc:CPD-17712	MetaCyc:CPD-17712	MetaCyc:CPD-17712	GC	MetaCyc:CPD-17712@Charged	MetaCyc:CPD-17712@Charged	eQuilibrator:MNXM146515
cpd31613	MetaCyc:CPD66-102	MetaCyc:CPD66-102	MetaCyc:CPD66-102	MetaCyc:CPD66-102	MetaCyc:CPD66-102	MetaCyc:CPD66-102	EQ	eQuilibrator:MNXM36641	MetaCyc:CPD66-102@Charged	eQuilibrator:MNXM36641
cpd31614	MetaCyc:CPD-20706	MetaCyc:CPD-20706	MetaCyc:CPD-20706	MetaCyc:CPD-20706	MetaCyc:CPD-20706	MetaCyc:CPD-20706	GC	MetaCyc:CPD-20706@Charged	MetaCyc:CPD-20706@Charged	
cpd31615	MetaCyc:CPD-19618	MetaCyc:CPD-19618	MetaCyc:CPD-19618	MetaCyc:CPD-19618	MetaCyc:CPD-19618	MetaCyc:CPD-19618	EQ	eQuilibrator:MNXM683031	MetaCyc:CPD-19618@Charged	eQuilibrator:MNXM683031
cpd31616	MetaCyc:CPD-14463	MetaCyc:CPD-14463	MetaCyc:CPD-14463	MetaCyc:CPD-14463	MetaCyc:CPD-14463	MetaCyc:CPD-14463	EQ	eQuilibrator:MNXM101796	MetaCyc:CPD-14463@Charged	eQuilibrator:MNXM101796
cpd31617	MetaCyc:CPD-15248@Charged	MetaCyc:CPD-15248@Charged	MetaCyc:CPD-15248@Charged	MetaCyc:CPD-15248@Charged	MetaCyc:CPD-15248	MetaCyc:CPD-15248	GC	MetaCyc:CPD-15248@Charged	MetaCyc:CPD-15248@Charged	
cpd31618	MetaCyc:CPD-14969@Charged	MetaCyc:CPD-14969@Charged	MetaCyc:CPD-14969@Charged	MetaCyc:CPD-14969@Charged	MetaCyc:CPD-14969	MetaCyc:CPD-14969	GC	MetaCyc:CPD-14969@Charged	MetaCyc:CPD-14969@Charged	eQuilibrator:MNXM527533
cpd31619	MetaCyc:CPD-19147	MetaCyc:CPD-19147	MetaCyc:CPD-19147	MetaCyc:CPD-19147	MetaCyc:CPD-19147	MetaCyc:CPD-19147	EQ	eQuilibrator:MNXM163972	MetaCyc:CPD-19147@Charged	eQuilibrator:MNXM163972
cpd31620	MetaCyc:CPD-15080@Charged	MetaCyc:CPD-15080@Charged	MetaCyc:CPD-15080@Charged	MetaCyc:CPD-15080@Charged	MetaCyc:CPD-15080	MetaCyc:CPD-15080	EQ	eQuilibrator:MNXM26602	MetaCyc:CPD-15080@Charged	eQuilibrator:MNXM26602
cpd31621	MetaCyc:CPD-20954	MetaCyc:CPD-20954	MetaCyc:CPD-20954	MetaCyc:CPD-20954	MetaCyc:CPD-20954	MetaCyc:CPD-20954	EQ	eQuilibrator:MNXM151184	MetaCyc:CPD-20954@Charged	eQuilibrator:MNXM151184
cpd31622	MetaCyc:CPD-15293@Charged	MetaCyc:CPD-15293@Charged	MetaCyc:CPD-15293@Charged	MetaCyc:CPD-15293@Charged	MetaCyc:CPD-15293	MetaCyc:CPD-15293	EQ		MetaCyc:CPD-15293@Charged	
cpd31623	MetaCyc:CPD-16475;ChEBI:62287	MetaCyc:CPD-16475;ChEBI:62287	MetaCyc:CPD-16475;ChEBI:62287	MetaCyc:CPD-16475;ChEBI:62287	MetaCyc:CPD-16475	MetaCyc:CPD-16475	EQ	eQuilibrator:MNXM491344	MetaCyc:CPD-16475@Charged	eQuilibrator:MNXM491344
cpd31624	MetaCyc:CPD-18352	MetaCyc:CPD-18352	MetaCyc:CPD-18352	MetaCyc:CPD-18352	MetaCyc:CPD-18352	MetaCyc:CPD-18352	EQ		MetaCyc:CPD-18352@Charged	
cpd31625	MetaCyc:CPD-14947@Charged	MetaCyc:CPD-14947@Charged	MetaCyc:CPD-14947@Charged	MetaCyc:CPD-14947@Charged	MetaCyc:CPD-14947	MetaCyc:CPD-14947	GC	MetaCyc:CPD-14947@Charged	MetaCyc:CPD-14947@Charged	eQuilibrator:MNXM80755
cpd31626	MetaCyc:CPD-20187	MetaCyc:CPD-20187	MetaCyc:CPD-20187	MetaCyc:CPD-20187	MetaCyc:CPD-20187	MetaCyc:CPD-20187	GC	MetaCyc:CPD-20187@Charged	MetaCyc:CPD-20187@Charged	
cpd31627	MetaCyc:CPD-18493;ChEBI:76366	MetaCyc:CPD-18493;ChEBI:76366	MetaCyc:CPD-18493;ChEBI:76366	MetaCyc:CPD-18493;ChEBI:76366	MetaCyc:CPD-18493	MetaCyc:CPD-18493	EQ	eQuilibrator:MNXM6525	MetaCyc:CPD-18493@Charged	eQuilibrator:MNXM6525
cpd31628	MetaCyc:CPD-16816@Charged	MetaCyc:CPD-16816@Charged	MetaCyc:CPD-16816@Charged	MetaCyc:CPD-16816@Charged	MetaCyc:CPD-16816	MetaCyc:CPD-16816	GC	MetaCyc:CPD-16816@Charged	MetaCyc:CPD-16816@Charged	
cpd31629	MetaCyc:CPD-21464	MetaCyc:CPD-21464	MetaCyc:CPD-21464	MetaCyc:CPD-21464	MetaCyc:CPD-21464	MetaCyc:CPD-21464	GC	MetaCyc:CPD-21464@Charged	MetaCyc:CPD-21464@Charged	
cpd31630	MetaCyc:CPD-18541	MetaCyc:CPD-18541	MetaCyc:CPD-18541	MetaCyc:CPD-18541	MetaCyc:CPD-18541	MetaCyc:CPD-18541	GC	MetaCyc:CPD-18541@Charged	MetaCyc:CPD-18541@Charged	
cpd31631	MetaCyc:CPD-16157	MetaCyc:CPD-16157	MetaCyc:CPD-16157	MetaCyc:CPD-16157	MetaCyc:CPD-16157	MetaCyc:CPD-16157	EQ	eQuilibrator:MNXM148873	MetaCyc:CPD-16157@Charged	eQuilibrator:MNXM148873
cpd31632	MetaCyc:CPD-18176;ChEBI:83914	MetaCyc:CPD-18176;ChEBI:83914	MetaCyc:CPD-18176;ChEBI:83914	MetaCyc:CPD-18176;ChEBI:83914	MetaCyc:CPD-18176	MetaCyc:CPD-18176	EQ	eQuilibrator:MNXM147245	MetaCyc:CPD-18176@Charged	eQuilibrator:MNXM147245
cpd31633	MetaCyc:CPD-15683;ChEBI:74297	MetaCyc:CPD-15683;ChEBI:74297	MetaCyc:CPD-15683;ChEBI:74297	MetaCyc:CPD-15683;ChEBI:74297	MetaCyc:CPD-15683	MetaCyc:CPD-15683	EQ	eQuilibrator:MNXM146467	MetaCyc:CPD-15683@Charged	eQuilibrator:MNXM146467
cpd31634	MetaCyc:CPD-18964;ChEBI:131936	MetaCyc:CPD-18964;ChEBI:131936	MetaCyc:CPD-18964;ChEBI:131936	MetaCyc:CPD-18964;ChEBI:131936	MetaCyc:CPD-18964	MetaCyc:CPD-18964	EQ	eQuilibrator:MNXM162512	MetaCyc:CPD-18964@Charged	eQuilibrator:MNXM162512
cpd31635	MetaCyc:CPD-17993@Charged	MetaCyc:CPD-17993@Charged	MetaCyc:CPD-17993@Charged	MetaCyc:CPD-17993@Charged	MetaCyc:CPD-17993	MetaCyc:CPD-17993	GC	MetaCyc:CPD-17993@Charged	MetaCyc:CPD-17993@Charged	
cpd31636	MetaCyc:CPD-15256	MetaCyc:CPD-15256	MetaCyc:CPD-15256	MetaCyc:CPD-15256	MetaCyc:CPD-15256	MetaCyc:CPD-15256	GC	MetaCyc:CPD-15256@Charged	MetaCyc:CPD-15256@Charged	eQuilibrator:MNXM149188
cpd31637	MetaCyc:CPD-18222@Charged	MetaCyc:CPD-18222@Charged	MetaCyc:CPD-18222@Charged	MetaCyc:CPD-18222@Charged	MetaCyc:CPD-18222	MetaCyc:CPD-18222	GC	MetaCyc:CPD-18222@Charged	MetaCyc:CPD-18222@Charged	
cpd31638	MetaCyc:CPD-15762	MetaCyc:CPD-15762	MetaCyc:CPD-15762	MetaCyc:CPD-15762	MetaCyc:CPD-15762	MetaCyc:CPD-15762	EQ	eQuilibrator:MNXM491238	MetaCyc:CPD-15762@Charged	eQuilibrator:MNXM491238
cpd31639	MetaCyc:CPD-20942	MetaCyc:CPD-20942	MetaCyc:CPD-20942	MetaCyc:CPD-20942	MetaCyc:CPD-20942	MetaCyc:CPD-20942	EQ	eQuilibrator:MNXM506395	MetaCyc:CPD-20942@Charged	eQuilibrator:MNXM506395
cpd31640	MetaCyc:CPD-14498;ChEBI:82827	MetaCyc:CPD-14498;ChEBI:82827	MetaCyc:CPD-14498;ChEBI:82827	MetaCyc:CPD-14498;ChEBI:82827	MetaCyc:CPD-14498	MetaCyc:CPD-14498	GC	MetaCyc:CPD-14498@Charged	MetaCyc:CPD-14498@Charged	eQuilibrator:MNXM97587
cpd31641	MetaCyc:CPD-21177	MetaCyc:CPD-21177	MetaCyc:CPD-21177	MetaCyc:CPD-21177		MetaCyc:CPD-21177	GC	MetaCyc:CPD-21177@Charged	MetaCyc:CPD-21177@Charged	
cpd31642	MetaCyc:CPD-19861	MetaCyc:CPD-19861	MetaCyc:CPD-19861	MetaCyc:CPD-19861	MetaCyc:CPD-19861	MetaCyc:CPD-19861	GC	MetaCyc:CPD-19861@Charged	MetaCyc:CPD-19861@Charged	
cpd31643	MetaCyc:CPD-14885	MetaCyc:CPD-14885	MetaCyc:CPD-14885	MetaCyc:CPD-14885	MetaCyc:CPD-14885	MetaCyc:CPD-14885	EQ	eQuilibrator:MNXM14522	MetaCyc:CPD-14885@Charged	eQuilibrator:MNXM14522
cpd31644	MetaCyc:CPD-17885@Charged	MetaCyc:CPD-17885@Charged	MetaCyc:CPD-17885@Charged	MetaCyc:CPD-17885@Charged	MetaCyc:CPD-17885	MetaCyc:CPD-17885	EQ	eQuilibrator:MNXM147630	MetaCyc:CPD-17885@Charged	eQuilibrator:MNXM147630
cpd31645	MetaCyc:CPD-20554@Charged	MetaCyc:CPD-20554@Charged	MetaCyc:CPD-20554@Charged	MetaCyc:CPD-20554@Charged	MetaCyc:CPD-20554	MetaCyc:CPD-20554	EQ	eQuilibrator:MNXM107636	MetaCyc:CPD-20554@Charged	eQuilibrator:MNXM107636
cpd31646	MetaCyc:CPD-16535@Charged	MetaCyc:CPD-16535@Charged	MetaCyc:CPD-16535@Charged	MetaCyc:CPD-16535@Charged	MetaCyc:CPD-16535	MetaCyc:CPD-16535	GC	MetaCyc:CPD-16535@Charged	MetaCyc:CPD-16535@Charged	
cpd31647	MetaCyc:CPD-16771;ChEBI:144560	MetaCyc:CPD-16771;ChEBI:144560	MetaCyc:CPD-16771;ChEBI:144560	MetaCyc:CPD-16771;ChEBI:144560	MetaCyc:CPD-16771	MetaCyc:CPD-16771	GC	MetaCyc:CPD-16771@Charged	MetaCyc:CPD-16771@Charged	
cpd31648	MetaCyc:CPD-17940	MetaCyc:CPD-17940	MetaCyc:CPD-17940	MetaCyc:CPD-17940	MetaCyc:CPD-17940	MetaCyc:CPD-17940	GC	MetaCyc:CPD-17940@Charged	MetaCyc:CPD-17940@Charged	
cpd31649	MetaCyc:CPD-20079	MetaCyc:CPD-20079	MetaCyc:CPD-20079	MetaCyc:CPD-20079	MetaCyc:CPD-20079	MetaCyc:CPD-20079	GC	MetaCyc:CPD-20079@Charged	MetaCyc:CPD-20079@Charged	
cpd31650	MetaCyc:CPD-21502	MetaCyc:CPD-21502	MetaCyc:CPD-21502	MetaCyc:CPD-21502	MetaCyc:CPD-21502	MetaCyc:CPD-21502	GC	MetaCyc:CPD-21502@Charged	MetaCyc:CPD-21502@Charged	
cpd31651	MetaCyc:CPD-19981	MetaCyc:CPD-19981	MetaCyc:CPD-19981	MetaCyc:CPD-19981	MetaCyc:CPD-19981	MetaCyc:CPD-19981	GC	MetaCyc:CPD-19981@Charged	MetaCyc:CPD-19981@Charged	
cpd31652	MetaCyc:CPD-15783;ChEBI:77074	MetaCyc:CPD-15783;ChEBI:77074	MetaCyc:CPD-15783;ChEBI:77074	MetaCyc:CPD-15783;ChEBI:77074	MetaCyc:CPD-15783	MetaCyc:CPD-15783	EQ	eQuilibrator:MNXM146510	MetaCyc:CPD-15783@Charged	eQuilibrator:MNXM146510
cpd31653	MetaCyc:CPD-17439	MetaCyc:CPD-17439	MetaCyc:CPD-17439	MetaCyc:CPD-17439	MetaCyc:CPD-17439	MetaCyc:CPD-17439	EQ	eQuilibrator:MNXM125858	MetaCyc:CPD-17439@Charged	eQuilibrator:MNXM125858
cpd31654	MetaCyc:CPD-17426	MetaCyc:CPD-17426	MetaCyc:CPD-17426	MetaCyc:CPD-17426	MetaCyc:CPD-17426	MetaCyc:CPD-17426	GC	MetaCyc:CPD-17426@Charged	MetaCyc:CPD-17426@Charged	eQuilibrator:MNXM12263
cpd31655	MetaCyc:CPD-16161	MetaCyc:CPD-16161	MetaCyc:CPD-16161	MetaCyc:CPD-16161	MetaCyc:CPD-16161	MetaCyc:CPD-16161	EQ	eQuilibrator:MNXM148971	MetaCyc:CPD-16161@Charged	eQuilibrator:MNXM148971
cpd31656	MetaCyc:CPD-19415@Charged	MetaCyc:CPD-19415@Charged	MetaCyc:CPD-19415@Charged	MetaCyc:CPD-19415@Charged	MetaCyc:CPD-19415	MetaCyc:CPD-19415	GC	MetaCyc:CPD-19415@Charged	MetaCyc:CPD-19415@Charged	eQuilibrator:MNXM168303
cpd31657	MetaCyc:CPD-18114;ChEBI:142284	MetaCyc:CPD-18114;ChEBI:142284	MetaCyc:CPD-18114;ChEBI:142284	MetaCyc:CPD-18114;ChEBI:142284	MetaCyc:CPD-18114	MetaCyc:CPD-18114	EQ	eQuilibrator:MNXM166143	MetaCyc:CPD-18114@Charged	eQuilibrator:MNXM166143
cpd31658	MetaCyc:CPD-20297	MetaCyc:CPD-20297	MetaCyc:CPD-20297	MetaCyc:CPD-20297	MetaCyc:CPD-20297	MetaCyc:CPD-20297	GC	MetaCyc:CPD-20297@Charged	MetaCyc:CPD-20297@Charged	
cpd31659	MetaCyc:CPD-18882@Charged	MetaCyc:CPD-18882@Charged		MetaCyc:CPD-18882@Charged	MetaCyc:CPD-18882	MetaCyc:CPD-18882	GC	MetaCyc:CPD-18882@Charged	MetaCyc:CPD-18882@Charged	
cpd31660	MetaCyc:CPD-19664@Charged	MetaCyc:CPD-19664@Charged	MetaCyc:CPD-19664@Charged	MetaCyc:CPD-19664@Charged	MetaCyc:CPD-19664	MetaCyc:CPD-19664	GC	MetaCyc:CPD-19664@Charged	MetaCyc:CPD-19664@Charged	
cpd31661	MetaCyc:CPD-16864;ChEBI:91230	MetaCyc:CPD-16864;ChEBI:91230	MetaCyc:CPD-16864;ChEBI:91230	MetaCyc:CPD-16864;ChEBI:91230	MetaCyc:CPD-16864	MetaCyc:CPD-16864	GC	MetaCyc:CPD-16864@Charged	MetaCyc:CPD-16864@Charged	
cpd31662	MetaCyc:CPD-18913;ChEBI:131448	MetaCyc:CPD-18913;ChEBI:131448	MetaCyc:CPD-18913;ChEBI:131448	MetaCyc:CPD-18913;ChEBI:131448	MetaCyc:CPD-18913	MetaCyc:CPD-18913	EQ	eQuilibrator:MNXM162818	MetaCyc:CPD-18913@Charged	eQuilibrator:MNXM162818
cpd31663	MetaCyc:CPD-17100;ChEBI:83385	MetaCyc:CPD-17100;ChEBI:83385	MetaCyc:CPD-17100;ChEBI:83385	MetaCyc:CPD-17100;ChEBI:83385		MetaCyc:CPD-17100	GC	MetaCyc:CPD-17100@Charged	MetaCyc:CPD-17100@Charged	eQuilibrator:MNXM145722
cpd31664	MetaCyc:CPD-19301	MetaCyc:CPD-19301	MetaCyc:CPD-19301	MetaCyc:CPD-19301	MetaCyc:CPD-19301	MetaCyc:CPD-19301	GC	MetaCyc:CPD-19301@Charged	MetaCyc:CPD-19301@Charged	eQuilibrator:MNXM164822
cpd31665	MetaCyc:CPD-16164	MetaCyc:CPD-16164	MetaCyc:CPD-16164	MetaCyc:CPD-16164	MetaCyc:CPD-16164	MetaCyc:CPD-16164	EQ	eQuilibrator:MNXM44024	MetaCyc:CPD-16164@Charged	eQuilibrator:MNXM44024
cpd31666	MetaCyc:CPD-18733;ChEBI:90785	MetaCyc:CPD-18733;ChEBI:90785	MetaCyc:CPD-18733;ChEBI:90785	MetaCyc:CPD-18733;ChEBI:90785	MetaCyc:CPD-18733	MetaCyc:CPD-18733	GC	MetaCyc:CPD-18733@Charged	MetaCyc:CPD-18733@Charged	
cpd31667	MetaCyc:CPD-21418	MetaCyc:CPD-21418	MetaCyc:CPD-21418	MetaCyc:CPD-21418	MetaCyc:CPD-21418	MetaCyc:CPD-21418	GC	MetaCyc:CPD-21418@Charged	MetaCyc:CPD-21418@Charged	
cpd31668	MetaCyc:CPD-16903	MetaCyc:CPD-16903	MetaCyc:CPD-16903	MetaCyc:CPD-16903	MetaCyc:CPD-16903	MetaCyc:CPD-16903	GC	MetaCyc:CPD-16903@Charged	MetaCyc:CPD-16903@Charged	eQuilibrator:MNXM148647
cpd31669	MetaCyc:CPD-15523	MetaCyc:CPD-15523	MetaCyc:CPD-15523	MetaCyc:CPD-15523	MetaCyc:CPD-15523	MetaCyc:CPD-15523	EQ	eQuilibrator:MNXM148644	MetaCyc:CPD-15523@Charged	eQuilibrator:MNXM148644
cpd31670	MetaCyc:CPD-21063;ChEBI:141050	MetaCyc:CPD-21063;ChEBI:141050	MetaCyc:CPD-21063;ChEBI:141050	MetaCyc:CPD-21063@Charged;ChEBI:141050@Charged	MetaCyc:CPD-21063	MetaCyc:CPD-21063	GC	MetaCyc:CPD-21063@Charged	MetaCyc:CPD-21063@Charged	
cpd31671	MetaCyc:CPD-20203	MetaCyc:CPD-20203	MetaCyc:CPD-20203	MetaCyc:CPD-20203	MetaCyc:CPD-20203	MetaCyc:CPD-20203	GC	MetaCyc:CPD-20203@Charged	MetaCyc:CPD-20203@Charged	
cpd31672	MetaCyc:CPD-17812	MetaCyc:CPD-17812	MetaCyc:CPD-17812	MetaCyc:CPD-17812		MetaCyc:CPD-17812	EQ	eQuilibrator:MNXM99288	MetaCyc:CPD-17812@Charged	eQuilibrator:MNXM99288
cpd31673	MetaCyc:CPD-16485	MetaCyc:CPD-16485		MetaCyc:CPD-16485	MetaCyc:CPD-16485	MetaCyc:CPD-16485	GC	MetaCyc:CPD-16485@Charged	MetaCyc:CPD-16485@Charged	
cpd31674	MetaCyc:CPD-14820@Charged	MetaCyc:CPD-14820@Charged	MetaCyc:CPD-14820@Charged	MetaCyc:CPD-14820@Charged	MetaCyc:CPD-14820	MetaCyc:CPD-14820	GC	MetaCyc:CPD-14820@Charged	MetaCyc:CPD-14820@Charged	
cpd31675	MetaCyc:CPD-15308	MetaCyc:CPD-15308	MetaCyc:CPD-15308	MetaCyc:CPD-15308	MetaCyc:CPD-15308	MetaCyc:CPD-15308	GC	MetaCyc:CPD-15308@Charged	MetaCyc:CPD-15308@Charged	eQuilibrator:MNXM507493
cpd31676	MetaCyc:CPD-18908;ChEBI:141609	MetaCyc:CPD-18908;ChEBI:141609	MetaCyc:CPD-18908;ChEBI:141609	MetaCyc:CPD-18908;ChEBI:141609	MetaCyc:CPD-18908	MetaCyc:CPD-18908	EQ	eQuilibrator:MNXM164230	MetaCyc:CPD-18908@Charged	eQuilibrator:MNXM164230
cpd31677	MetaCyc:CPD-15630@Charged	MetaCyc:CPD-15630@Charged	MetaCyc:CPD-15630@Charged	MetaCyc:CPD-15630@Charged	MetaCyc:CPD-15630	MetaCyc:CPD-15630	GC	MetaCyc:CPD-15630@Charged	MetaCyc:CPD-15630@Charged	eQuilibrator:MNXM82481
cpd31678	MetaCyc:CPD-15984;ChEBI:58255	MetaCyc:CPD-15984;ChEBI:58255	MetaCyc:CPD-15984;ChEBI:58255	MetaCyc:CPD-15984;ChEBI:58255	MetaCyc:CPD-15984	MetaCyc:CPD-15984	EQ	eQuilibrator:MNXM7042	MetaCyc:CPD-15984@Charged	eQuilibrator:MNXM7042
cpd31679	MetaCyc:CPD-18398	MetaCyc:CPD-18398	MetaCyc:CPD-18398	MetaCyc:CPD-18398	MetaCyc:CPD-18398	MetaCyc:CPD-18398	GC	MetaCyc:CPD-18398@Charged	MetaCyc:CPD-18398@Charged	eQuilibrator:MNXM632617
cpd31680	MetaCyc:CPD-18750@Charged	MetaCyc:CPD-18750@Charged	MetaCyc:CPD-18750@Charged	MetaCyc:CPD-18750@Charged	MetaCyc:CPD-18750	MetaCyc:CPD-18750	EQ		MetaCyc:CPD-18750@Charged	
cpd31681	MetaCyc:CPD-17063@Charged;ChEBI:60530@Charged	MetaCyc:CPD-17063@Charged;ChEBI:60530@Charged	MetaCyc:CPD-17063@Charged;ChEBI:60530@Charged	MetaCyc:CPD-17063@Charged;ChEBI:60530@Charged	MetaCyc:CPD-17063	MetaCyc:CPD-17063	GC	MetaCyc:CPD-17063@Charged	MetaCyc:CPD-17063@Charged	
cpd31682	MetaCyc:CPD-17086;ChEBI:138145	MetaCyc:CPD-17086;ChEBI:138145	MetaCyc:CPD-17086;ChEBI:138145	MetaCyc:CPD-17086;ChEBI:138145	MetaCyc:CPD-17086	MetaCyc:CPD-17086	GC	MetaCyc:CPD-17086@Charged	MetaCyc:CPD-17086@Charged	
cpd31683	MetaCyc:CPD-20578	MetaCyc:CPD-20578	MetaCyc:CPD-20578	MetaCyc:CPD-20578	MetaCyc:CPD-20578	MetaCyc:CPD-20578	EQ	eQuilibrator:MNXM101968	MetaCyc:CPD-20578@Charged	eQuilibrator:MNXM101968
cpd31684	MetaCyc:CPD-20787@Charged	MetaCyc:CPD-20787@Charged	MetaCyc:CPD-20787@Charged	MetaCyc:CPD-20787@Charged	MetaCyc:CPD-20787	MetaCyc:CPD-20787	GC	MetaCyc:CPD-20787@Charged	MetaCyc:CPD-20787@Charged	
cpd31685	MetaCyc:CPD-19353	MetaCyc:CPD-19353	MetaCyc:CPD-19353	MetaCyc:CPD-19353	MetaCyc:CPD-19353	MetaCyc:CPD-19353	GC	MetaCyc:CPD-19353@Charged	MetaCyc:CPD-19353@Charged	
cpd31686	MetaCyc:CPD-15137;ChEBI:48984	MetaCyc:CPD-15137;ChEBI:48984	MetaCyc:CPD-15137;ChEBI:48984	MetaCyc:CPD-15137;ChEBI:48984		MetaCyc:CPD-15137	EQ	eQuilibrator:MNXM6979	MetaCyc:CPD-15137@Charged	eQuilibrator:MNXM6979
cpd31687	MetaCyc:CPD-17963	MetaCyc:CPD-17963	MetaCyc:CPD-17963	MetaCyc:CPD-17963	MetaCyc:CPD-17963	MetaCyc:CPD-17963	GC	MetaCyc:CPD-17963@Charged	MetaCyc:CPD-17963@Charged	
cpd31688	MetaCyc:CPD-20871@Charged	MetaCyc:CPD-20871@Charged	MetaCyc:CPD-20871@Charged	MetaCyc:CPD-20871@Charged	MetaCyc:CPD-20871	MetaCyc:CPD-20871	GC	MetaCyc:CPD-20871@Charged	MetaCyc:CPD-20871@Charged	
cpd31689	MetaCyc:CPD-17862	MetaCyc:CPD-17862	MetaCyc:CPD-17862	MetaCyc:CPD-17862	MetaCyc:CPD-17862	MetaCyc:CPD-17862	GC	MetaCyc:CPD-17862@Charged	MetaCyc:CPD-17862@Charged	eQuilibrator:MNXM147858
cpd31690	MetaCyc:CPD-14691	MetaCyc:CPD-14691	MetaCyc:CPD-14691	MetaCyc:CPD-14691	MetaCyc:CPD-14691	MetaCyc:CPD-14691	GC	MetaCyc:CPD-14691@Charged	MetaCyc:CPD-14691@Charged	
cpd31691	MetaCyc:CPD-19775@Charged;ChEBI:147291@Charged	MetaCyc:CPD-19775@Charged;ChEBI:147291@Charged	MetaCyc:CPD-19775@Charged;ChEBI:147291@Charged	MetaCyc:CPD-19775@Charged;ChEBI:147291@Charged	MetaCyc:CPD-19775	MetaCyc:CPD-19775	GC	MetaCyc:CPD-19775@Charged	MetaCyc:CPD-19775@Charged	
cpd31692	MetaCyc:CPD-20452	MetaCyc:CPD-20452	MetaCyc:CPD-20452	MetaCyc:CPD-20452	MetaCyc:CPD-20452	MetaCyc:CPD-20452	GC	MetaCyc:CPD-20452@Charged	MetaCyc:CPD-20452@Charged	
cpd31693	MetaCyc:CPD-20413;ChEBI:138968	MetaCyc:CPD-20413;ChEBI:138968	MetaCyc:CPD-20413;ChEBI:138968	MetaCyc:CPD-20413;ChEBI:138968	MetaCyc:CPD-20413	MetaCyc:CPD-20413	GC	MetaCyc:CPD-20413@Charged	MetaCyc:CPD-20413@Charged	
cpd31694	MetaCyc:CPD-18473	MetaCyc:CPD-18473	MetaCyc:CPD-18473	MetaCyc:CPD-18473	MetaCyc:CPD-18473	MetaCyc:CPD-18473	GC	MetaCyc:CPD-18473@Charged	MetaCyc:CPD-18473@Charged	eQuilibrator:MNXM164119
cpd31695	MetaCyc:CPD-18614	MetaCyc:CPD-18614	MetaCyc:CPD-18614	MetaCyc:CPD-18614	MetaCyc:CPD-18614	MetaCyc:CPD-18614	EQ	eQuilibrator:MNXM496914	MetaCyc:CPD-18614@Charged	eQuilibrator:MNXM496914
cpd31696	MetaCyc:CPD-18189	MetaCyc:CPD-18189	MetaCyc:CPD-18189	MetaCyc:CPD-18189	MetaCyc:CPD-18189	MetaCyc:CPD-18189	GC	MetaCyc:CPD-18189@Charged	MetaCyc:CPD-18189@Charged	eQuilibrator:MNXM166707
cpd31697	MetaCyc:CPD-19128@Charged	MetaCyc:CPD-19128@Charged	MetaCyc:CPD-19128@Charged	MetaCyc:CPD-19128@Charged	MetaCyc:CPD-19128	MetaCyc:CPD-19128	GC	MetaCyc:CPD-19128@Charged	MetaCyc:CPD-19128@Charged	
cpd31698	MetaCyc:CPD-16422	MetaCyc:CPD-16422	MetaCyc:CPD-16422	MetaCyc:CPD-16422	MetaCyc:CPD-16422	MetaCyc:CPD-16422	GC	MetaCyc:CPD-16422@Charged	MetaCyc:CPD-16422@Charged	eQuilibrator:MNXM155603
cpd31699	MetaCyc:CPD-17731	MetaCyc:CPD-17731	MetaCyc:CPD-17731	MetaCyc:CPD-17731	MetaCyc:CPD-17731	MetaCyc:CPD-17731	GC	MetaCyc:CPD-17731@Charged	MetaCyc:CPD-17731@Charged	eQuilibrator:MNXM148326
cpd31700	MetaCyc:CPD-15139;ChEBI:48985	MetaCyc:CPD-15139;ChEBI:48985	MetaCyc:CPD-15139;ChEBI:48985	MetaCyc:CPD-15139;ChEBI:48985		MetaCyc:CPD-15139	EQ	eQuilibrator:MNXM6973	MetaCyc:CPD-15139@Charged	eQuilibrator:MNXM6973
cpd31701	MetaCyc:CPD-19029;ChEBI:131718	MetaCyc:CPD-19029;ChEBI:131718	MetaCyc:CPD-19029;ChEBI:131718	MetaCyc:CPD-19029;ChEBI:131718	MetaCyc:CPD-19029	MetaCyc:CPD-19029	EQ	eQuilibrator:MNXM162357	MetaCyc:CPD-19029@Charged	eQuilibrator:MNXM162357
cpd31702	MetaCyc:CPD-14479	MetaCyc:CPD-14479	MetaCyc:CPD-14479	MetaCyc:CPD-14479	MetaCyc:CPD-14479	MetaCyc:CPD-14479	GC	MetaCyc:CPD-14479@Charged	MetaCyc:CPD-14479@Charged	
cpd31703	MetaCyc:CPD0-2575	MetaCyc:CPD0-2575	MetaCyc:CPD0-2575	MetaCyc:CPD0-2575	MetaCyc:CPD0-2575	MetaCyc:CPD0-2575				
cpd31704	MetaCyc:CPD-15696	MetaCyc:CPD-15696	MetaCyc:CPD-15696	MetaCyc:CPD-15696	MetaCyc:CPD-15696	MetaCyc:CPD-15696	EQ	eQuilibrator:MNXM158388	MetaCyc:CPD-15696@Charged	eQuilibrator:MNXM158388
cpd31705	MetaCyc:CPD-19689	MetaCyc:CPD-19689	MetaCyc:CPD-19689	MetaCyc:CPD-19689	MetaCyc:CPD-19689	MetaCyc:CPD-19689	GC	MetaCyc:CPD-19689@Charged	MetaCyc:CPD-19689@Charged	eQuilibrator:MNXM167290
cpd31706	MetaCyc:CPD-18851@Charged	MetaCyc:CPD-18851@Charged		MetaCyc:CPD-18851@Charged	MetaCyc:CPD-18851	MetaCyc:CPD-18851	GC	MetaCyc:CPD-18851@Charged	MetaCyc:CPD-18851@Charged	
cpd31707	MetaCyc:CPD-17433	MetaCyc:CPD-17433	MetaCyc:CPD-17433	MetaCyc:CPD-17433	MetaCyc:CPD-17433	MetaCyc:CPD-17433	GC	MetaCyc:CPD-17433@Charged	MetaCyc:CPD-17433@Charged	
cpd31708	MetaCyc:CPD-14877;ChEBI:140533	MetaCyc:CPD-14877;ChEBI:140533	MetaCyc:CPD-14877;ChEBI:140533	MetaCyc:CPD-14877;ChEBI:140533	MetaCyc:CPD-14877	MetaCyc:CPD-14877	EQ	eQuilibrator:MNXM14512	MetaCyc:CPD-14877@Charged	eQuilibrator:MNXM14512
cpd31709	MetaCyc:CPD-17154	MetaCyc:CPD-17154	MetaCyc:CPD-17154	MetaCyc:CPD-17154	MetaCyc:CPD-17154	MetaCyc:CPD-17154	EQ	eQuilibrator:MNXM527754	MetaCyc:CPD-17154@Charged	eQuilibrator:MNXM527754
cpd31710	MetaCyc:CPD-18127	MetaCyc:CPD-18127	MetaCyc:CPD-18127	MetaCyc:CPD-18127	MetaCyc:CPD-18127	MetaCyc:CPD-18127	EQ	eQuilibrator:MNXM164134	MetaCyc:CPD-18127@Charged	eQuilibrator:MNXM164134
cpd31711	MetaCyc:CPD-20543	MetaCyc:CPD-20543	MetaCyc:CPD-20543	MetaCyc:CPD-20543	MetaCyc:CPD-20543	MetaCyc:CPD-20543	GC	MetaCyc:CPD-20543@Charged	MetaCyc:CPD-20543@Charged	
cpd31712	MetaCyc:CPD0-2640	MetaCyc:CPD0-2640	MetaCyc:CPD0-2640	MetaCyc:CPD0-2640	MetaCyc:CPD0-2640	MetaCyc:CPD0-2640	GC	MetaCyc:CPD0-2640@Charged	MetaCyc:CPD0-2640@Charged	
cpd31713	MetaCyc:CPD-20302	MetaCyc:CPD-20302	MetaCyc:CPD-20302	MetaCyc:CPD-20302	MetaCyc:CPD-20302	MetaCyc:CPD-20302	GC	MetaCyc:CPD-20302@Charged	MetaCyc:CPD-20302@Charged	
cpd31714	MetaCyc:CPD-16725;ChEBI:145111	MetaCyc:CPD-16725;ChEBI:145111	MetaCyc:CPD-16725;ChEBI:145111	MetaCyc:CPD-16725;ChEBI:145111	MetaCyc:CPD-16725	MetaCyc:CPD-16725	GC	MetaCyc:CPD-16725@Charged	MetaCyc:CPD-16725@Charged	eQuilibrator:MNXM148377
cpd31715	MetaCyc:CPD-15109;ChEBI:61674	MetaCyc:CPD-15109;ChEBI:61674	MetaCyc:CPD-15109;ChEBI:61674	MetaCyc:CPD-15109;ChEBI:61674	MetaCyc:CPD-15109	MetaCyc:CPD-15109	GC	MetaCyc:CPD-15109@Charged	MetaCyc:CPD-15109@Charged	eQuilibrator:MNXM7612
cpd31716	MetaCyc:CPD-20002	MetaCyc:CPD-20002	MetaCyc:CPD-20002	MetaCyc:CPD-20002	MetaCyc:CPD-20002	MetaCyc:CPD-20002	GC	MetaCyc:CPD-20002@Charged	MetaCyc:CPD-20002@Charged	
cpd31717	MetaCyc:CPD-14699	MetaCyc:CPD-14699	MetaCyc:CPD-14699	MetaCyc:CPD-14699		MetaCyc:CPD-14699	EQ	eQuilibrator:MNXM101989	MetaCyc:CPD-14699@Charged	eQuilibrator:MNXM101989
cpd31718	MetaCyc:CPD-20363	MetaCyc:CPD-20363	MetaCyc:CPD-20363	MetaCyc:CPD-20363	MetaCyc:CPD-20363	MetaCyc:CPD-20363	GC	MetaCyc:CPD-20363@Charged	MetaCyc:CPD-20363@Charged	
cpd31719	MetaCyc:CPD-20913	MetaCyc:CPD-20913	MetaCyc:CPD-20913	MetaCyc:CPD-20913	MetaCyc:CPD-20913	MetaCyc:CPD-20913	GC	MetaCyc:CPD-20913@Charged	MetaCyc:CPD-20913@Charged	
cpd31720	MetaCyc:CPD-15555@Charged	MetaCyc:CPD-15555@Charged	MetaCyc:CPD-15555@Charged	MetaCyc:CPD-15555@Charged	MetaCyc:CPD-15555	MetaCyc:CPD-15555	GC	MetaCyc:CPD-15555@Charged	MetaCyc:CPD-15555@Charged	eQuilibrator:MNXM722933
cpd31721	MetaCyc:CPD-17892	MetaCyc:CPD-17892	MetaCyc:CPD-17892	MetaCyc:CPD-17892	MetaCyc:CPD-17892	MetaCyc:CPD-17892	GC	MetaCyc:CPD-17892@Charged	MetaCyc:CPD-17892@Charged	
cpd31722	MetaCyc:CPD-19493	MetaCyc:CPD-19493	MetaCyc:CPD-19493	MetaCyc:CPD-19493	MetaCyc:CPD-19493	MetaCyc:CPD-19493	EQ	eQuilibrator:MNXM169042	MetaCyc:CPD-19493@Charged	eQuilibrator:MNXM169042
cpd31723	MetaCyc:CPD-21264;ChEBI:140509	MetaCyc:CPD-21264;ChEBI:140509	MetaCyc:CPD-21264;ChEBI:140509	MetaCyc:CPD-21264;ChEBI:140509	MetaCyc:CPD-21264	MetaCyc:CPD-21264	GC	MetaCyc:CPD-21264@Charged	MetaCyc:CPD-21264@Charged	
cpd31724	MetaCyc:CPD-17332;ChEBI:73871	MetaCyc:CPD-17332;ChEBI:73871	MetaCyc:CPD-17332;ChEBI:73871	MetaCyc:CPD-17332;ChEBI:73871	MetaCyc:CPD-17332	MetaCyc:CPD-17332	EQ	eQuilibrator:MNXM145832	MetaCyc:CPD-17332@Charged	eQuilibrator:MNXM145832
cpd31725	MetaCyc:CPD-18505	MetaCyc:CPD-18505	MetaCyc:CPD-18505	MetaCyc:CPD-18505	MetaCyc:CPD-18505	MetaCyc:CPD-18505	GC	MetaCyc:CPD-18505@Charged	MetaCyc:CPD-18505@Charged	
cpd31726	MetaCyc:CPD-19877;ChEBI:136591	MetaCyc:CPD-19877;ChEBI:136591	MetaCyc:CPD-19877;ChEBI:136591	MetaCyc:CPD-19877;ChEBI:136591	MetaCyc:CPD-19877	MetaCyc:CPD-19877	EQ	eQuilibrator:MNXM164710	MetaCyc:CPD-19877@Charged	eQuilibrator:MNXM164710
cpd31727	MetaCyc:CPD-14511	MetaCyc:CPD-14511	MetaCyc:CPD-14511	MetaCyc:CPD-14511	MetaCyc:CPD-14511	MetaCyc:CPD-14511	GC	MetaCyc:CPD-14511@Charged	MetaCyc:CPD-14511@Charged	
cpd31728	MetaCyc:CPD-18503	MetaCyc:CPD-18503	MetaCyc:CPD-18503	MetaCyc:CPD-18503	MetaCyc:CPD-18503	MetaCyc:CPD-18503	GC	MetaCyc:CPD-18503@Charged	MetaCyc:CPD-18503@Charged	
cpd31729	MetaCyc:CPD-18663	MetaCyc:CPD-18663	MetaCyc:CPD-18663	MetaCyc:CPD-18663	MetaCyc:CPD-18663		EQ	eQuilibrator:MNXM496905	MetaCyc:CPD-18663@Charged	eQuilibrator:MNXM496905
cpd31730	MetaCyc:CPD-16372	MetaCyc:CPD-16372	MetaCyc:CPD-16372	MetaCyc:CPD-16372	MetaCyc:CPD-16372	MetaCyc:CPD-16372	GC	MetaCyc:CPD-16372@Charged	MetaCyc:CPD-16372@Charged	eQuilibrator:MNXM57457
cpd31731	MetaCyc:CPD-20899	MetaCyc:CPD-20899	MetaCyc:CPD-20899	MetaCyc:CPD-20899	MetaCyc:CPD-20899	MetaCyc:CPD-20899	EQ	eQuilibrator:MNXM88666	MetaCyc:CPD-20899@Charged	eQuilibrator:MNXM88666
cpd31732	MetaCyc:CPD-20377	MetaCyc:CPD-20377	MetaCyc:CPD-20377	MetaCyc:CPD-20377	MetaCyc:CPD-20377	MetaCyc:CPD-20377	EQ	eQuilibrator:MNXM126867	MetaCyc:CPD-20377@Charged	eQuilibrator:MNXM126867
cpd31733	MetaCyc:CPD-16863;ChEBI:91229	MetaCyc:CPD-16863;ChEBI:91229	MetaCyc:CPD-16863;ChEBI:91229	MetaCyc:CPD-16863;ChEBI:91229	MetaCyc:CPD-16863	MetaCyc:CPD-16863	EQ	eQuilibrator:MNXM147737	MetaCyc:CPD-16863@Charged	eQuilibrator:MNXM147737
cpd31734	MetaCyc:CPD-18933@Charged	MetaCyc:CPD-18933@Charged	MetaCyc:CPD-18933@Charged	MetaCyc:CPD-18933@Charged	MetaCyc:CPD-18933	MetaCyc:CPD-18933	GC	MetaCyc:CPD-18933@Charged	MetaCyc:CPD-18933@Charged	
cpd31735	MetaCyc:CPD66-72	MetaCyc:CPD66-72	MetaCyc:CPD66-72	MetaCyc:CPD66-72	MetaCyc:CPD66-72	MetaCyc:CPD66-72	GC	MetaCyc:CPD66-72@Charged	MetaCyc:CPD66-72@Charged	
cpd31736	MetaCyc:CPD-20152	MetaCyc:CPD-20152	MetaCyc:CPD-20152	MetaCyc:CPD-20152	MetaCyc:CPD-20152	MetaCyc:CPD-20152	GC	MetaCyc:CPD-20152@Charged	MetaCyc:CPD-20152@Charged	
cpd31737	MetaCyc:CPD-20291	MetaCyc:CPD-20291	MetaCyc:CPD-20291	MetaCyc:CPD-20291	MetaCyc:CPD-20291	MetaCyc:CPD-20291	GC	MetaCyc:CPD-20291@Charged	MetaCyc:CPD-20291@Charged	
cpd31738	MetaCyc:CPD-18924;ChEBI:133778	MetaCyc:CPD-18924;ChEBI:133778	MetaCyc:CPD-18924;ChEBI:133778	MetaCyc:CPD-18924;ChEBI:133778	MetaCyc:CPD-18924	MetaCyc:CPD-18924	GC	MetaCyc:CPD-18924@Charged	MetaCyc:CPD-18924@Charged	eQuilibrator:MNXM162890
cpd31739	MetaCyc:CPD-19020	MetaCyc:CPD-19020	MetaCyc:CPD-19020	MetaCyc:CPD-19020	MetaCyc:CPD-19020	MetaCyc:CPD-19020	EQ	eQuilibrator:MNXM683061	MetaCyc:CPD-19020@Charged	eQuilibrator:MNXM683061
cpd31740	MetaCyc:CPD-17959	MetaCyc:CPD-17959	MetaCyc:CPD-17959	MetaCyc:CPD-17959	MetaCyc:CPD-17959	MetaCyc:CPD-17959	EQ	eQuilibrator:MNXM152298	MetaCyc:CPD-17959@Charged	eQuilibrator:MNXM152298
cpd31741	MetaCyc:CPD-21105	MetaCyc:CPD-21105	MetaCyc:CPD-21105	MetaCyc:CPD-21105	MetaCyc:CPD-21105		GC	MetaCyc:CPD-21105@Charged	MetaCyc:CPD-21105@Charged	
cpd31742	MetaCyc:CPD-18447	MetaCyc:CPD-18447	MetaCyc:CPD-18447	MetaCyc:CPD-18447	MetaCyc:CPD-18447	MetaCyc:CPD-18447	GC	MetaCyc:CPD-18447@Charged	MetaCyc:CPD-18447@Charged	eQuilibrator:MNXM166878
cpd31743	MetaCyc:CPD-16825	MetaCyc:CPD-16825	MetaCyc:CPD-16825	MetaCyc:CPD-16825	MetaCyc:CPD-16825	MetaCyc:CPD-16825	GC	MetaCyc:CPD-16825@Charged	MetaCyc:CPD-16825@Charged	eQuilibrator:MNXM148577
cpd31744	MetaCyc:CPD-16521;ChEBI:78376	MetaCyc:CPD-16521;ChEBI:78376	MetaCyc:CPD-16521;ChEBI:78376	MetaCyc:CPD-16521;ChEBI:78376	MetaCyc:CPD-16521	MetaCyc:CPD-16521	EQ	eQuilibrator:MNXM146343	MetaCyc:CPD-16521@Charged	eQuilibrator:MNXM146343
cpd31745	MetaCyc:CPD-18890@Charged	MetaCyc:CPD-18890@Charged		MetaCyc:CPD-18890@Charged	MetaCyc:CPD-18890	MetaCyc:CPD-18890	GC	MetaCyc:CPD-18890@Charged	MetaCyc:CPD-18890@Charged	
cpd31746	MetaCyc:CPD-15659	MetaCyc:CPD-15659	MetaCyc:CPD-15659	MetaCyc:CPD-15659	MetaCyc:CPD-15659	MetaCyc:CPD-15659	EQ	eQuilibrator:MNXM147785	MetaCyc:CPD-15659@Charged	eQuilibrator:MNXM147785
cpd31747	MetaCyc:CPD-17014	MetaCyc:CPD-17014	MetaCyc:CPD-17014	MetaCyc:CPD-17014	MetaCyc:CPD-17014	MetaCyc:CPD-17014	EQ	eQuilibrator:MNXM147461	MetaCyc:CPD-17014@Charged	eQuilibrator:MNXM147461
cpd31748	MetaCyc:CPD-14642	MetaCyc:CPD-14642	MetaCyc:CPD-14642	MetaCyc:CPD-14642	MetaCyc:CPD-14642	MetaCyc:CPD-14642	EQ	eQuilibrator:MNXM36533	MetaCyc:CPD-14642@Charged	eQuilibrator:MNXM36533
cpd31749	MetaCyc:CPD-17005	MetaCyc:CPD-17005	MetaCyc:CPD-17005	MetaCyc:CPD-17005	MetaCyc:CPD-17005	MetaCyc:CPD-17005	GC	MetaCyc:CPD-17005@Charged	MetaCyc:CPD-17005@Charged	
cpd31750	MetaCyc:CPD-14522	MetaCyc:CPD-14522	MetaCyc:CPD-14522	MetaCyc:CPD-14522	MetaCyc:CPD-14522	MetaCyc:CPD-14522	GC	MetaCyc:CPD-14522@Charged	MetaCyc:CPD-14522@Charged	
cpd31751	MetaCyc:CPD-20825;ChEBI:138919	MetaCyc:CPD-20825;ChEBI:138919	MetaCyc:CPD-20825;ChEBI:138919	MetaCyc:CPD-20825;ChEBI:138919	MetaCyc:CPD-20825	MetaCyc:CPD-20825	EQ	eQuilibrator:MNXM61494	MetaCyc:CPD-20825@Charged	eQuilibrator:MNXM61494
cpd31752	MetaCyc:CPD-15704	MetaCyc:CPD-15704	MetaCyc:CPD-15704	MetaCyc:CPD-15704	MetaCyc:CPD-15704		EQ	eQuilibrator:MNXM13961	MetaCyc:CPD-15704@Charged	eQuilibrator:MNXM13961
cpd31753	MetaCyc:CPD-14903	MetaCyc:CPD-14903	MetaCyc:CPD-14903	MetaCyc:CPD-14903	MetaCyc:CPD-14903	MetaCyc:CPD-14903	GC	MetaCyc:CPD-14903@Charged	MetaCyc:CPD-14903@Charged	eQuilibrator:MNXM114548
cpd31754	MetaCyc:CPD-16682	MetaCyc:CPD-16682	MetaCyc:CPD-16682	MetaCyc:CPD-16682	MetaCyc:CPD-16682	MetaCyc:CPD-16682	EQ	eQuilibrator:MNXM150810	MetaCyc:CPD-16682@Charged	eQuilibrator:MNXM150810
cpd31755	MetaCyc:CPD-16382	MetaCyc:CPD-16382	MetaCyc:CPD-16382	MetaCyc:CPD-16382	MetaCyc:CPD-16382	MetaCyc:CPD-16382	GC	MetaCyc:CPD-16382@Charged	MetaCyc:CPD-16382@Charged	eQuilibrator:MNXM57483
cpd31756	MetaCyc:CPD-21019	MetaCyc:CPD-21019	MetaCyc:CPD-21019	MetaCyc:CPD-21019	MetaCyc:CPD-21019	MetaCyc:CPD-21019	GC	MetaCyc:CPD-21019@Charged	MetaCyc:CPD-21019@Charged	
cpd31757	MetaCyc:CPD-17348;ChEBI:76409	MetaCyc:CPD-17348;ChEBI:76409	MetaCyc:CPD-17348;ChEBI:76409	MetaCyc:CPD-17348;ChEBI:76409	MetaCyc:CPD-17348	MetaCyc:CPD-17348	EQ	eQuilibrator:MNXM145821	MetaCyc:CPD-17348@Charged	eQuilibrator:MNXM145821
cpd31758	MetaCyc:CPD-20321;ChEBI:138966	MetaCyc:CPD-20321;ChEBI:138966	MetaCyc:CPD-20321;ChEBI:138966	MetaCyc:CPD-20321;ChEBI:138966	MetaCyc:CPD-20321	MetaCyc:CPD-20321	GC	MetaCyc:CPD-20321@Charged	MetaCyc:CPD-20321@Charged	
cpd31759	MetaCyc:CPD-20234	MetaCyc:CPD-20234	MetaCyc:CPD-20234	MetaCyc:CPD-20234	MetaCyc:CPD-20234	MetaCyc:CPD-20234	GC	MetaCyc:CPD-20234@Charged	MetaCyc:CPD-20234@Charged	
cpd31760	MetaCyc:CPD-20208	MetaCyc:CPD-20208	MetaCyc:CPD-20208	MetaCyc:CPD-20208	MetaCyc:CPD-20208	MetaCyc:CPD-20208	GC	MetaCyc:CPD-20208@Charged	MetaCyc:CPD-20208@Charged	
cpd31761	MetaCyc:CPD-20432;ChEBI:139480	MetaCyc:CPD-20432;ChEBI:139480	MetaCyc:CPD-20432;ChEBI:139480	MetaCyc:CPD-20432;ChEBI:139480		MetaCyc:CPD-20432	GC	MetaCyc:CPD-20432@Charged	MetaCyc:CPD-20432@Charged	
cpd31762	MetaCyc:CPD-16803@Charged	MetaCyc:CPD-16803@Charged	MetaCyc:CPD-16803@Charged	MetaCyc:CPD-16803@Charged	MetaCyc:CPD-16803	MetaCyc:CPD-16803	GC	MetaCyc:CPD-16803@Charged	MetaCyc:CPD-16803@Charged	eQuilibrator:MNXM147376
cpd31763	MetaCyc:CPD-20665	MetaCyc:CPD-20665	MetaCyc:CPD-20665	MetaCyc:CPD-20665	MetaCyc:CPD-20665	MetaCyc:CPD-20665	GC	MetaCyc:CPD-20665@Charged	MetaCyc:CPD-20665@Charged	
cpd31764	MetaCyc:CPD-15130;ChEBI:48996	MetaCyc:CPD-15130;ChEBI:48996	MetaCyc:CPD-15130;ChEBI:48996	MetaCyc:CPD-15130;ChEBI:48996	MetaCyc:CPD-15130	MetaCyc:CPD-15130	EQ	eQuilibrator:MNXM6952	MetaCyc:CPD-15130@Charged	eQuilibrator:MNXM6952
cpd31765	MetaCyc:CPD-19816	MetaCyc:CPD-19816	MetaCyc:CPD-19816	MetaCyc:CPD-19816	MetaCyc:CPD-19816	MetaCyc:CPD-19816	GC	MetaCyc:CPD-19816@Charged	MetaCyc:CPD-19816@Charged	
cpd31766	MetaCyc:CPD-15935	MetaCyc:CPD-15935	MetaCyc:CPD-15935	MetaCyc:CPD-15935	MetaCyc:CPD-15935	MetaCyc:CPD-15935	GC	MetaCyc:CPD-15935@Charged	MetaCyc:CPD-15935@Charged	
cpd31767	MetaCyc:CPD-21010	MetaCyc:CPD-21010	MetaCyc:CPD-21010	MetaCyc:CPD-21010	MetaCyc:CPD-21010	MetaCyc:CPD-21010	GC	MetaCyc:CPD-21010@Charged	MetaCyc:CPD-21010@Charged	
cpd31768	MetaCyc:CPD-17198	MetaCyc:CPD-17198	MetaCyc:CPD-17198	MetaCyc:CPD-17198	MetaCyc:CPD-17198	MetaCyc:CPD-17198	GC	MetaCyc:CPD-17198@Charged	MetaCyc:CPD-17198@Charged	
cpd31769	MetaCyc:CPD-20011	MetaCyc:CPD-20011	MetaCyc:CPD-20011	MetaCyc:CPD-20011	MetaCyc:CPD-20011	MetaCyc:CPD-20011	GC	MetaCyc:CPD-20011@Charged	MetaCyc:CPD-20011@Charged	
cpd31770	MetaCyc:CPD-19056	MetaCyc:CPD-19056	MetaCyc:CPD-19056	MetaCyc:CPD-19056			EQ	eQuilibrator:MNXM57832	MetaCyc:CPD-19056@Charged	eQuilibrator:MNXM57832
cpd31771	MetaCyc:CPD-18045;ChEBI:140662@Charged	MetaCyc:CPD-18045;ChEBI:140662@Charged	MetaCyc:CPD-18045;ChEBI:140662@Charged	MetaCyc:CPD-18045;ChEBI:140662@Charged	MetaCyc:CPD-18045	MetaCyc:CPD-18045	EQ	eQuilibrator:MNXM150373	MetaCyc:CPD-18045@Charged	eQuilibrator:MNXM150373
cpd31772	MetaCyc:CPD-20883@Charged	MetaCyc:CPD-20883@Charged	MetaCyc:CPD-20883@Charged	MetaCyc:CPD-20883@Charged	MetaCyc:CPD-20883	MetaCyc:CPD-20883	GC	MetaCyc:CPD-20883@Charged	MetaCyc:CPD-20883@Charged	
cpd31773	MetaCyc:CPD-19592	MetaCyc:CPD-19592	MetaCyc:CPD-19592	MetaCyc:CPD-19592	MetaCyc:CPD-19592	MetaCyc:CPD-19592	GC	MetaCyc:CPD-19592@Charged	MetaCyc:CPD-19592@Charged	eQuilibrator:MNXM489452
cpd31774	MetaCyc:CPD-18413	MetaCyc:CPD-18413	MetaCyc:CPD-18413	MetaCyc:CPD-18413		MetaCyc:CPD-18413	GC	MetaCyc:CPD-18413@Charged	MetaCyc:CPD-18413@Charged	
cpd31775	MetaCyc:CPD-19682	MetaCyc:CPD-19682	MetaCyc:CPD-19682	MetaCyc:CPD-19682	MetaCyc:CPD-19682	MetaCyc:CPD-19682	GC	MetaCyc:CPD-19682@Charged	MetaCyc:CPD-19682@Charged	eQuilibrator:MNXM153440
cpd31776	MetaCyc:CPD-17611	MetaCyc:CPD-17611	MetaCyc:CPD-17611	MetaCyc:CPD-17611	MetaCyc:CPD-17611	MetaCyc:CPD-17611	GC	MetaCyc:CPD-17611@Charged	MetaCyc:CPD-17611@Charged	eQuilibrator:MNXM45316
cpd31777	MetaCyc:CPD-17592	MetaCyc:CPD-17592	MetaCyc:CPD-17592	MetaCyc:CPD-17592	MetaCyc:CPD-17592	MetaCyc:CPD-17592	EQ	eQuilibrator:MNXM147624	MetaCyc:CPD-17592@Charged	eQuilibrator:MNXM147624
cpd31778	MetaCyc:CPD-17825	MetaCyc:CPD-17825	MetaCyc:CPD-17825	MetaCyc:CPD-17825	MetaCyc:CPD-17825		EQ	eQuilibrator:MNXM153025	MetaCyc:CPD-17825@Charged	eQuilibrator:MNXM153025
cpd31779	MetaCyc:CPD-14532	MetaCyc:CPD-14532	MetaCyc:CPD-14532	MetaCyc:CPD-14532		MetaCyc:CPD-14532	GC	MetaCyc:CPD-14532@Charged	MetaCyc:CPD-14532@Charged	eQuilibrator:MNXM101613
cpd31780	MetaCyc:CPD-19926	MetaCyc:CPD-19926	MetaCyc:CPD-19926	MetaCyc:CPD-19926	MetaCyc:CPD-19926	MetaCyc:CPD-19926	GC	MetaCyc:CPD-19926@Charged	MetaCyc:CPD-19926@Charged	
cpd31781	MetaCyc:CPD-17119	MetaCyc:CPD-17119	MetaCyc:CPD-17119	MetaCyc:CPD-17119@Charged	MetaCyc:CPD-17119	MetaCyc:CPD-17119	GC	MetaCyc:CPD-17119@Charged	MetaCyc:CPD-17119@Charged	eQuilibrator:MNXM10334
cpd31782	MetaCyc:CPD-14503;ChEBI:145009	MetaCyc:CPD-14503;ChEBI:145009	MetaCyc:CPD-14503;ChEBI:145009	MetaCyc:CPD-14503;ChEBI:145009	MetaCyc:CPD-14503	MetaCyc:CPD-14503	GC	MetaCyc:CPD-14503@Charged	MetaCyc:CPD-14503@Charged	
cpd31783	MetaCyc:CPD-21084	MetaCyc:CPD-21084	MetaCyc:CPD-21084	MetaCyc:CPD-21084	MetaCyc:CPD-21084	MetaCyc:CPD-21084	GC	MetaCyc:CPD-21084@Charged	MetaCyc:CPD-21084@Charged	
cpd31784	MetaCyc:CPD-20637	MetaCyc:CPD-20637	MetaCyc:CPD-20637	MetaCyc:CPD-20637	MetaCyc:CPD-20637	MetaCyc:CPD-20637	GC	MetaCyc:CPD-20637@Charged	MetaCyc:CPD-20637@Charged	
cpd31785	MetaCyc:CPD-21181;ChEBI:140640	MetaCyc:CPD-21181;ChEBI:140640	MetaCyc:CPD-21181;ChEBI:140640	MetaCyc:CPD-21181;ChEBI:140640	MetaCyc:CPD-21181	MetaCyc:CPD-21181	GC	MetaCyc:CPD-21181@Charged	MetaCyc:CPD-21181@Charged	
cpd31786	MetaCyc:CPD-21122	MetaCyc:CPD-21122	MetaCyc:CPD-21122	MetaCyc:CPD-21122	MetaCyc:CPD-21122	MetaCyc:CPD-21122	GC	MetaCyc:CPD-21122@Charged	MetaCyc:CPD-21122@Charged	
cpd31787	MetaCyc:CPD-18118	MetaCyc:CPD-18118	MetaCyc:CPD-18118	MetaCyc:CPD-18118	MetaCyc:CPD-18118	MetaCyc:CPD-18118	EQ	eQuilibrator:MNXM43802	MetaCyc:CPD-18118@Charged	eQuilibrator:MNXM43802
cpd31788	MetaCyc:CPD-14707	MetaCyc:CPD-14707	MetaCyc:CPD-14707	MetaCyc:CPD-14707	MetaCyc:CPD-14707	MetaCyc:CPD-14707	EQ	eQuilibrator:MNXM97409	MetaCyc:CPD-14707@Charged	eQuilibrator:MNXM97409
cpd31789	MetaCyc:CPD-14618	MetaCyc:CPD-14618	MetaCyc:CPD-14618	MetaCyc:CPD-14618	MetaCyc:CPD-14618	MetaCyc:CPD-14618	GC	MetaCyc:CPD-14618@Charged	MetaCyc:CPD-14618@Charged	eQuilibrator:MNXM102386
cpd31790	MetaCyc:CPD-19327	MetaCyc:CPD-19327	MetaCyc:CPD-19327	MetaCyc:CPD-19327	MetaCyc:CPD-19327	MetaCyc:CPD-19327	GC	MetaCyc:CPD-19327@Charged	MetaCyc:CPD-19327@Charged	eQuilibrator:MNXM163976
cpd31791	MetaCyc:CPD0-2633	MetaCyc:CPD0-2633	MetaCyc:CPD0-2633	MetaCyc:CPD0-2633	MetaCyc:CPD0-2633	MetaCyc:CPD0-2633				
cpd31792	MetaCyc:CPD-16392	MetaCyc:CPD-16392	MetaCyc:CPD-16392	MetaCyc:CPD-16392	MetaCyc:CPD-16392	MetaCyc:CPD-16392	GC	MetaCyc:CPD-16392@Charged	MetaCyc:CPD-16392@Charged	eQuilibrator:MNXM531682
cpd31793	MetaCyc:CPD-16761	MetaCyc:CPD-16761	MetaCyc:CPD-16761	MetaCyc:CPD-16761	MetaCyc:CPD-16761	MetaCyc:CPD-16761	GC	MetaCyc:CPD-16761@Charged	MetaCyc:CPD-16761@Charged	eQuilibrator:MNXM151612
cpd31794	MetaCyc:CPD-19998	MetaCyc:CPD-19998	MetaCyc:CPD-19998	MetaCyc:CPD-19998	MetaCyc:CPD-19998	MetaCyc:CPD-19998	GC	MetaCyc:CPD-19998@Charged	MetaCyc:CPD-19998@Charged	
cpd31795	MetaCyc:CPD-17651@Charged;ChEBI:140610	MetaCyc:CPD-17651@Charged;ChEBI:140610	MetaCyc:CPD-17651@Charged;ChEBI:140610	MetaCyc:CPD-17651@Charged;ChEBI:140610	MetaCyc:CPD-17651	MetaCyc:CPD-17651	EQ	eQuilibrator:MNXM722959	MetaCyc:CPD-17651@Charged	eQuilibrator:MNXM722959
cpd31796	MetaCyc:CPD-20222	MetaCyc:CPD-20222	MetaCyc:CPD-20222	MetaCyc:CPD-20222	MetaCyc:CPD-20222	MetaCyc:CPD-20222	GC	MetaCyc:CPD-20222@Charged	MetaCyc:CPD-20222@Charged	
cpd31797	MetaCyc:CPD-17407	MetaCyc:CPD-17407	MetaCyc:CPD-17407	MetaCyc:CPD-17407	MetaCyc:CPD-17407	MetaCyc:CPD-17407	GC	MetaCyc:CPD-17407@Charged	MetaCyc:CPD-17407@Charged	eQuilibrator:MNXM147473
cpd31798	MetaCyc:CPD-21222	MetaCyc:CPD-21222	MetaCyc:CPD-21222	MetaCyc:CPD-21222	MetaCyc:CPD-21222	MetaCyc:CPD-21222	GC	MetaCyc:CPD-21222@Charged	MetaCyc:CPD-21222@Charged	
cpd31799	MetaCyc:CPD-18877@Charged	MetaCyc:CPD-18877@Charged		MetaCyc:CPD-18877@Charged	MetaCyc:CPD-18877	MetaCyc:CPD-18877	GC	MetaCyc:CPD-18877@Charged	MetaCyc:CPD-18877@Charged	
cpd31800	MetaCyc:CPD-15393	MetaCyc:CPD-15393	MetaCyc:CPD-15393	MetaCyc:CPD-15393	MetaCyc:CPD-15393	MetaCyc:CPD-15393	EQ	eQuilibrator:MNXM34224	MetaCyc:CPD-15393@Charged	eQuilibrator:MNXM34224
cpd31801	MetaCyc:CPD-19457	MetaCyc:CPD-19457	MetaCyc:CPD-19457	MetaCyc:CPD-19457	MetaCyc:CPD-19457	MetaCyc:CPD-19457	EQ	eQuilibrator:MNXM527660	MetaCyc:CPD-19457@Charged	eQuilibrator:MNXM527660
cpd31802	MetaCyc:CPD-21288	MetaCyc:CPD-21288	MetaCyc:CPD-21288	MetaCyc:CPD-21288	MetaCyc:CPD-21288	MetaCyc:CPD-21288	GC	MetaCyc:CPD-21288@Charged	MetaCyc:CPD-21288@Charged	
cpd31803	MetaCyc:CPD-16369	MetaCyc:CPD-16369	MetaCyc:CPD-16369	MetaCyc:CPD-16369	MetaCyc:CPD-16369	MetaCyc:CPD-16369	GC	MetaCyc:CPD-16369@Charged	MetaCyc:CPD-16369@Charged	eQuilibrator:MNXM57468
cpd31804	MetaCyc:CPD-19350	MetaCyc:CPD-19350	MetaCyc:CPD-19350	MetaCyc:CPD-19350	MetaCyc:CPD-19350	MetaCyc:CPD-19350	EQ		MetaCyc:CPD-19350@Charged	
cpd31805	MetaCyc:CPD-19289	MetaCyc:CPD-19289	MetaCyc:CPD-19289	MetaCyc:CPD-19289	MetaCyc:CPD-19289	MetaCyc:CPD-19289	EQ	eQuilibrator:MNXM164740	MetaCyc:CPD-19289@Charged	eQuilibrator:MNXM164740
cpd31806	MetaCyc:CPD-20258	MetaCyc:CPD-20258	MetaCyc:CPD-20258	MetaCyc:CPD-20258		MetaCyc:CPD-20258	GC	MetaCyc:CPD-20258@Charged	MetaCyc:CPD-20258@Charged	
cpd31807	MetaCyc:CPD0-2500	MetaCyc:CPD0-2500	MetaCyc:CPD0-2500	MetaCyc:CPD0-2500	MetaCyc:CPD0-2500	MetaCyc:CPD0-2500	GC	MetaCyc:CPD0-2500@Charged	MetaCyc:CPD0-2500@Charged	eQuilibrator:MNXM14780
cpd31808	MetaCyc:CPD-16630	MetaCyc:CPD-16630	MetaCyc:CPD-16630	MetaCyc:CPD-16630	MetaCyc:CPD-16630	MetaCyc:CPD-16630	EQ	eQuilibrator:MNXM149583	MetaCyc:CPD-16630@Charged	eQuilibrator:MNXM149583
cpd31809	MetaCyc:CPD-19341	MetaCyc:CPD-19341	MetaCyc:CPD-19341	MetaCyc:CPD-19341	MetaCyc:CPD-19341	MetaCyc:CPD-19341	GC	MetaCyc:CPD-19341@Charged	MetaCyc:CPD-19341@Charged	eQuilibrator:MNXM164799
cpd31810	MetaCyc:CPD-21091	MetaCyc:CPD-21091	MetaCyc:CPD-21091	MetaCyc:CPD-21091	MetaCyc:CPD-21091		GC	MetaCyc:CPD-21091@Charged	MetaCyc:CPD-21091@Charged	
cpd31811	MetaCyc:CPD-20459	MetaCyc:CPD-20459	MetaCyc:CPD-20459	MetaCyc:CPD-20459	MetaCyc:CPD-20459	MetaCyc:CPD-20459	GC	MetaCyc:CPD-20459@Charged	MetaCyc:CPD-20459@Charged	
cpd31812	MetaCyc:CPD-21172	MetaCyc:CPD-21172	MetaCyc:CPD-21172	MetaCyc:CPD-21172	MetaCyc:CPD-21172	MetaCyc:CPD-21172	GC	MetaCyc:CPD-21172@Charged	MetaCyc:CPD-21172@Charged	
cpd31813	MetaCyc:CPD-19719@Charged	MetaCyc:CPD-19719@Charged	MetaCyc:CPD-19719@Charged	MetaCyc:CPD-19719@Charged	MetaCyc:CPD-19719		GC	MetaCyc:CPD-19719@Charged	MetaCyc:CPD-19719@Charged	
cpd31814	MetaCyc:CPD-19802	MetaCyc:CPD-19802	MetaCyc:CPD-19802	MetaCyc:CPD-19802	MetaCyc:CPD-19802	MetaCyc:CPD-19802	GC	MetaCyc:CPD-19802@Charged	MetaCyc:CPD-19802@Charged	
cpd31815	MetaCyc:CPD-18295	MetaCyc:CPD-18295	MetaCyc:CPD-18295	MetaCyc:CPD-18295	MetaCyc:CPD-18295	MetaCyc:CPD-18295	GC	MetaCyc:CPD-18295@Charged	MetaCyc:CPD-18295@Charged	
cpd31816	MetaCyc:CPD0-2597	MetaCyc:CPD0-2597	MetaCyc:CPD0-2597	MetaCyc:CPD0-2597	MetaCyc:CPD0-2597	MetaCyc:CPD0-2597	GC	MetaCyc:CPD0-2597@Charged	MetaCyc:CPD0-2597@Charged	eQuilibrator:MNXM38964
cpd31817	MetaCyc:CPD-16812	MetaCyc:CPD-16812	MetaCyc:CPD-16812	MetaCyc:CPD-16812	MetaCyc:CPD-16812	MetaCyc:CPD-16812	GC	MetaCyc:CPD-16812@Charged	MetaCyc:CPD-16812@Charged	
cpd31818	MetaCyc:CPD-17025	MetaCyc:CPD-17025	MetaCyc:CPD-17025	MetaCyc:CPD-17025	MetaCyc:CPD-17025	MetaCyc:CPD-17025	GC	MetaCyc:CPD-17025@Charged	MetaCyc:CPD-17025@Charged	
cpd31819	MetaCyc:CPD-14501	MetaCyc:CPD-14501	MetaCyc:CPD-14501	MetaCyc:CPD-14501	MetaCyc:CPD-14501	MetaCyc:CPD-14501	GC	MetaCyc:CPD-14501@Charged	MetaCyc:CPD-14501@Charged	
cpd31820	MetaCyc:CPD-20766@Charged;ChEBI:140652@Charged	MetaCyc:CPD-20766@Charged;ChEBI:140652@Charged	MetaCyc:CPD-20766@Charged;ChEBI:140652@Charged	MetaCyc:CPD-20766@Charged;ChEBI:140652@Charged	MetaCyc:CPD-20766		GC	MetaCyc:CPD-20766@Charged	MetaCyc:CPD-20766@Charged	
cpd31821	MetaCyc:CPD-19017	MetaCyc:CPD-19017	MetaCyc:CPD-19017	MetaCyc:CPD-19017	MetaCyc:CPD-19017	MetaCyc:CPD-19017	EQ	eQuilibrator:MNXM683062	MetaCyc:CPD-19017@Charged	eQuilibrator:MNXM683062
cpd31822										
cpd31823	MetaCyc:CPD-15688;ChEBI:156333	MetaCyc:CPD-15688;ChEBI:156333	MetaCyc:CPD-15688;ChEBI:156333	MetaCyc:CPD-15688;ChEBI:156333	MetaCyc:CPD-15688	MetaCyc:CPD-15688	EQ	eQuilibrator:MNXM36088	MetaCyc:CPD-15688@Charged	eQuilibrator:MNXM36088
cpd31824	MetaCyc:CPD-20982	MetaCyc:CPD-20982	MetaCyc:CPD-20982	MetaCyc:CPD-20982	MetaCyc:CPD-20982	MetaCyc:CPD-20982	GC	MetaCyc:CPD-20982@Charged	MetaCyc:CPD-20982@Charged	
cpd31825	MetaCyc:CPD-17547	MetaCyc:CPD-17547	MetaCyc:CPD-17547	MetaCyc:CPD-17547	MetaCyc:CPD-17547	MetaCyc:CPD-17547	EQ	eQuilibrator:MNXM150355	MetaCyc:CPD-17547@Charged	eQuilibrator:MNXM150355
cpd31826	MetaCyc:CPD-17545	MetaCyc:CPD-17545	MetaCyc:CPD-17545	MetaCyc:CPD-17545	MetaCyc:CPD-17545	MetaCyc:CPD-17545	EQ	eQuilibrator:MNXM166115	MetaCyc:CPD-17545@Charged	eQuilibrator:MNXM166115
cpd31827	MetaCyc:CPD-15912@Charged	MetaCyc:CPD-15912@Charged	MetaCyc:CPD-15912@Charged	MetaCyc:CPD-15912@Charged	MetaCyc:CPD-15912	MetaCyc:CPD-15912	GC	MetaCyc:CPD-15912@Charged	MetaCyc:CPD-15912@Charged	
cpd31828	MetaCyc:CPD-19104;ChEBI:131978	MetaCyc:CPD-19104;ChEBI:131978	MetaCyc:CPD-19104;ChEBI:131978	MetaCyc:CPD-19104;ChEBI:131978	MetaCyc:CPD-19104	MetaCyc:CPD-19104	GC	MetaCyc:CPD-19104@Charged	MetaCyc:CPD-19104@Charged	eQuilibrator:MNXM162447
cpd31829	MetaCyc:CPD66-75	MetaCyc:CPD66-75	MetaCyc:CPD66-75	MetaCyc:CPD66-75	MetaCyc:CPD66-75	MetaCyc:CPD66-75	EQ	eQuilibrator:MNXM39221	MetaCyc:CPD66-75@Charged	eQuilibrator:MNXM39221
cpd31830	MetaCyc:CPD-15667	MetaCyc:CPD-15667	MetaCyc:CPD-15667	MetaCyc:CPD-15667	MetaCyc:CPD-15667	MetaCyc:CPD-15667	EQ	eQuilibrator:MNXM147860	MetaCyc:CPD-15667@Charged	eQuilibrator:MNXM147860
cpd31831	MetaCyc:CPD-18591	MetaCyc:CPD-18591	MetaCyc:CPD-18591	MetaCyc:CPD-18591	MetaCyc:CPD-18591		EQ	eQuilibrator:MNXM496902	MetaCyc:CPD-18591@Charged	eQuilibrator:MNXM496902
cpd31832	MetaCyc:CPD-17975;ChEBI:176689	MetaCyc:CPD-17975;ChEBI:176689	MetaCyc:CPD-17975;ChEBI:176689	MetaCyc:CPD-17975;ChEBI:176689	MetaCyc:CPD-17975	MetaCyc:CPD-17975	EQ	eQuilibrator:MNXM15920	MetaCyc:CPD-17975@Charged	eQuilibrator:MNXM15920
cpd31833	MetaCyc:CPD-19240@Charged;ChEBI:134099	MetaCyc:CPD-19240@Charged;ChEBI:134099	MetaCyc:CPD-19240@Charged;ChEBI:134099	MetaCyc:CPD-19240@Charged;ChEBI:134099	MetaCyc:CPD-19240	MetaCyc:CPD-19240	EQ	eQuilibrator:MNXM162913	MetaCyc:CPD-19240@Charged	eQuilibrator:MNXM162913
cpd31834	MetaCyc:CPD-17937	MetaCyc:CPD-17937	MetaCyc:CPD-17937	MetaCyc:CPD-17937	MetaCyc:CPD-17937	MetaCyc:CPD-17937	GC	MetaCyc:CPD-17937@Charged	MetaCyc:CPD-17937@Charged	
cpd31835	MetaCyc:CPD-21114	MetaCyc:CPD-21114	MetaCyc:CPD-21114	MetaCyc:CPD-21114	MetaCyc:CPD-21114	MetaCyc:CPD-21114	EQ	eQuilibrator:MNXM117499	MetaCyc:CPD-21114@Charged	eQuilibrator:MNXM117499
cpd31836	MetaCyc:CPD-18959;ChEBI:77699	MetaCyc:CPD-18959;ChEBI:77699	MetaCyc:CPD-18959;ChEBI:77699	MetaCyc:CPD-18959;ChEBI:77699		MetaCyc:CPD-18959	GC	MetaCyc:CPD-18959@Charged	MetaCyc:CPD-18959@Charged	eQuilibrator:MNXM149108
cpd31837										
cpd31838	MetaCyc:CPD-19709@Charged;ChEBI:133929	MetaCyc:CPD-19709@Charged;ChEBI:133929	MetaCyc:CPD-19709@Charged;ChEBI:133929	MetaCyc:CPD-19709@Charged;ChEBI:133929	MetaCyc:CPD-19709	MetaCyc:CPD-19709	GC	MetaCyc:CPD-19709@Charged	MetaCyc:CPD-19709@Charged	eQuilibrator:MNXM489376
cpd31839	MetaCyc:CPD-16623	MetaCyc:CPD-16623	MetaCyc:CPD-16623	MetaCyc:CPD-16623	MetaCyc:CPD-16623	MetaCyc:CPD-16623	GC	MetaCyc:CPD-16623@Charged	MetaCyc:CPD-16623@Charged	
cpd31840	MetaCyc:CPD-19909	MetaCyc:CPD-19909	MetaCyc:CPD-19909	MetaCyc:CPD-19909	MetaCyc:CPD-19909	MetaCyc:CPD-19909	GC	MetaCyc:CPD-19909@Charged	MetaCyc:CPD-19909@Charged	
cpd31841	MetaCyc:CPD-18344	MetaCyc:CPD-18344	MetaCyc:CPD-18344	MetaCyc:CPD-18344	MetaCyc:CPD-18344	MetaCyc:CPD-18344	GC	MetaCyc:CPD-18344@Charged	MetaCyc:CPD-18344@Charged	eQuilibrator:MNXM496713
cpd31842	MetaCyc:CPD-17727	MetaCyc:CPD-17727	MetaCyc:CPD-17727	MetaCyc:CPD-17727	MetaCyc:CPD-17727	MetaCyc:CPD-17727	EQ	eQuilibrator:MNXM147764	MetaCyc:CPD-17727@Charged	eQuilibrator:MNXM147764
cpd31843	MetaCyc:CPD-21530	MetaCyc:CPD-21530	MetaCyc:CPD-21530	MetaCyc:CPD-21530	MetaCyc:CPD-21530	MetaCyc:CPD-21530	GC	MetaCyc:CPD-21530@Charged	MetaCyc:CPD-21530@Charged	
cpd31844	MetaCyc:CPD-18236;MetaCyc:Dolichyl-phosphooligosaccharides	MetaCyc:CPD-18236;MetaCyc:Dolichyl-phosphooligosaccharides		MetaCyc:CPD-18236;MetaCyc:Dolichyl-phosphooligosaccharides	MetaCyc:CPD-18236		GC	MetaCyc:CPD-18236@Charged	MetaCyc:CPD-18236@Charged	
cpd31845	MetaCyc:CPD-19907	MetaCyc:CPD-19907	MetaCyc:CPD-19907	MetaCyc:CPD-19907	MetaCyc:CPD-19907	MetaCyc:CPD-19907	GC	MetaCyc:CPD-19907@Charged	MetaCyc:CPD-19907@Charged	
cpd31846	MetaCyc:CPD-19694	MetaCyc:CPD-19694	MetaCyc:CPD-19694	MetaCyc:CPD-19694	MetaCyc:CPD-19694	MetaCyc:CPD-19694	EQ	eQuilibrator:MNXM722668	MetaCyc:CPD-19694@Charged	eQuilibrator:MNXM722668
cpd31847	MetaCyc:CPD-16843	MetaCyc:CPD-16843	MetaCyc:CPD-16843	MetaCyc:CPD-16843	MetaCyc:CPD-16843	MetaCyc:CPD-16843	GC	MetaCyc:CPD-16843@Charged	MetaCyc:CPD-16843@Charged	
cpd31848	MetaCyc:CPD-18919	MetaCyc:CPD-18919	MetaCyc:CPD-18919	MetaCyc:CPD-18919	MetaCyc:CPD-18919	MetaCyc:CPD-18919	EQ		MetaCyc:CPD-18919@Charged	
cpd31849	MetaCyc:CPD-21137;ChEBI:145802	MetaCyc:CPD-21137;ChEBI:145802	MetaCyc:CPD-21137;ChEBI:145802	MetaCyc:CPD-21137;ChEBI:145802	MetaCyc:CPD-21137	MetaCyc:CPD-21137	GC	MetaCyc:CPD-21137@Charged	MetaCyc:CPD-21137@Charged	
cpd31850	MetaCyc:CPD-15438	MetaCyc:CPD-15438	MetaCyc:CPD-15438	MetaCyc:CPD-15438	MetaCyc:CPD-15438	MetaCyc:CPD-15438	GC	MetaCyc:CPD-15438@Charged	MetaCyc:CPD-15438@Charged	
cpd31851	MetaCyc:CPD-17242@Charged	MetaCyc:CPD-17242@Charged	MetaCyc:CPD-17242@Charged	MetaCyc:CPD-17242@Charged	MetaCyc:CPD-17242	MetaCyc:CPD-17242	GC	MetaCyc:CPD-17242@Charged	MetaCyc:CPD-17242@Charged	
cpd31852	MetaCyc:CPD-17179;ChEBI:83425	MetaCyc:CPD-17179;ChEBI:83425	MetaCyc:CPD-17179;ChEBI:83425	MetaCyc:CPD-17179;ChEBI:83425	MetaCyc:CPD-17179	MetaCyc:CPD-17179	EQ	eQuilibrator:MNXM146283	MetaCyc:CPD-17179@Charged	eQuilibrator:MNXM146283
cpd31853	MetaCyc:CPD-17018	MetaCyc:CPD-17018	MetaCyc:CPD-17018	MetaCyc:CPD-17018	MetaCyc:CPD-17018	MetaCyc:CPD-17018	EQ	eQuilibrator:MNXM148182	MetaCyc:CPD-17018@Charged	eQuilibrator:MNXM148182
cpd31854	MetaCyc:CPD-20673	MetaCyc:CPD-20673	MetaCyc:CPD-20673	MetaCyc:CPD-20673	MetaCyc:CPD-20673	MetaCyc:CPD-20673	GC	MetaCyc:CPD-20673@Charged	MetaCyc:CPD-20673@Charged	
cpd31855	MetaCyc:CPD-18208@Charged	MetaCyc:CPD-18208@Charged	MetaCyc:CPD-18208@Charged	MetaCyc:CPD-18208@Charged	MetaCyc:CPD-18208	MetaCyc:CPD-18208	GC	MetaCyc:CPD-18208@Charged	MetaCyc:CPD-18208@Charged	
cpd31856	MetaCyc:CPD-18273	MetaCyc:CPD-18273	MetaCyc:CPD-18273	MetaCyc:CPD-18273	MetaCyc:CPD-18273	MetaCyc:CPD-18273	EQ	eQuilibrator:MNXM163950	MetaCyc:CPD-18273@Charged	eQuilibrator:MNXM163950
cpd31857	MetaCyc:CPD-20806@Charged	MetaCyc:CPD-20806@Charged	MetaCyc:CPD-20806@Charged	MetaCyc:CPD-20806@Charged	MetaCyc:CPD-20806	MetaCyc:CPD-20806	EQ		MetaCyc:CPD-20806@Charged	
cpd31858	MetaCyc:CPD-17411	MetaCyc:CPD-17411	MetaCyc:CPD-17411	MetaCyc:CPD-17411	MetaCyc:CPD-17411	MetaCyc:CPD-17411	GC	MetaCyc:CPD-17411@Charged	MetaCyc:CPD-17411@Charged	eQuilibrator:MNXM149053
cpd31859	MetaCyc:CPD-16888@Charged	MetaCyc:CPD-16888@Charged	MetaCyc:CPD-16888@Charged	MetaCyc:CPD-16888@Charged	MetaCyc:CPD-16888	MetaCyc:CPD-16888	EQ	eQuilibrator:MNXM64839	MetaCyc:CPD-16888@Charged	eQuilibrator:MNXM64839
cpd31860	MetaCyc:CPD-17660	MetaCyc:CPD-17660	MetaCyc:CPD-17660	MetaCyc:CPD-17660	MetaCyc:CPD-17660	MetaCyc:CPD-17660	EQ	eQuilibrator:MNXM147728	MetaCyc:CPD-17660@Charged	eQuilibrator:MNXM147728
cpd31861	MetaCyc:CPD-19651@Charged	MetaCyc:CPD-19651@Charged	MetaCyc:CPD-19651@Charged	MetaCyc:CPD-19651@Charged	MetaCyc:CPD-19651		GC	MetaCyc:CPD-19651@Charged	MetaCyc:CPD-19651@Charged	
cpd31862	MetaCyc:CPD-18460	MetaCyc:CPD-18460	MetaCyc:CPD-18460	MetaCyc:CPD-18460	MetaCyc:CPD-18460	MetaCyc:CPD-18460	EQ	eQuilibrator:MNXM165220	MetaCyc:CPD-18460@Charged	eQuilibrator:MNXM165220
cpd31863										
cpd31864	MetaCyc:CPD-17261	MetaCyc:CPD-17261	MetaCyc:CPD-17261	MetaCyc:CPD-17261	MetaCyc:CPD-17261	MetaCyc:CPD-17261	EQ	eQuilibrator:MNXM148963	MetaCyc:CPD-17261@Charged	eQuilibrator:MNXM148963
cpd31865	MetaCyc:CPD-19401	MetaCyc:CPD-19401	MetaCyc:CPD-19401	MetaCyc:CPD-19401	MetaCyc:CPD-19401		EQ	eQuilibrator:MNXM527402	MetaCyc:CPD-19401@Charged	eQuilibrator:MNXM527402
cpd31866	MetaCyc:CPD-14656	MetaCyc:CPD-14656	MetaCyc:CPD-14656	MetaCyc:CPD-14656	MetaCyc:CPD-14656	MetaCyc:CPD-14656	GC	MetaCyc:CPD-14656@Charged	MetaCyc:CPD-14656@Charged	eQuilibrator:MNXM100794
cpd31867	MetaCyc:CPD-18694	MetaCyc:CPD-18694	MetaCyc:CPD-18694	MetaCyc:CPD-18694	MetaCyc:CPD-18694	MetaCyc:CPD-18694	EQ	eQuilibrator:MNXM164645	MetaCyc:CPD-18694@Charged	eQuilibrator:MNXM164645
cpd31868	MetaCyc:CPD-19324	MetaCyc:CPD-19324	MetaCyc:CPD-19324	MetaCyc:CPD-19324	MetaCyc:CPD-19324	MetaCyc:CPD-19324	GC	MetaCyc:CPD-19324@Charged	MetaCyc:CPD-19324@Charged	eQuilibrator:MNXM164786
cpd31869	MetaCyc:CPD-17074	MetaCyc:CPD-17074	MetaCyc:CPD-17074	MetaCyc:CPD-17074	MetaCyc:CPD-17074	MetaCyc:CPD-17074	EQ	eQuilibrator:MNXM100911	MetaCyc:CPD-17074@Charged	eQuilibrator:MNXM100911
cpd31870	MetaCyc:CPD-19121	MetaCyc:CPD-19121	MetaCyc:CPD-19121	MetaCyc:CPD-19121	MetaCyc:CPD-19121	MetaCyc:CPD-19121	EQ	eQuilibrator:MNXM683048	MetaCyc:CPD-19121@Charged	eQuilibrator:MNXM683048
cpd31871	MetaCyc:CPD-18893	MetaCyc:CPD-18893	MetaCyc:CPD-18893	MetaCyc:CPD-18893	MetaCyc:CPD-18893	MetaCyc:CPD-18893	EQ	eQuilibrator:MNXM680582	MetaCyc:CPD-18893@Charged	eQuilibrator:MNXM680582
cpd31872	MetaCyc:CPD-20840	MetaCyc:CPD-20840	MetaCyc:CPD-20840	MetaCyc:CPD-20840	MetaCyc:CPD-20840	MetaCyc:CPD-20840	GC	MetaCyc:CPD-20840@Charged	MetaCyc:CPD-20840@Charged	
cpd31873	MetaCyc:CPD-19951	MetaCyc:CPD-19951	MetaCyc:CPD-19951	MetaCyc:CPD-19951	MetaCyc:CPD-19951	MetaCyc:CPD-19951	EQ	eQuilibrator:MNXM19572	MetaCyc:CPD-19951@Charged	eQuilibrator:MNXM19572
cpd31874	MetaCyc:CPD-20650	MetaCyc:CPD-20650	MetaCyc:CPD-20650	MetaCyc:CPD-20650	MetaCyc:CPD-20650	MetaCyc:CPD-20650	GC	MetaCyc:CPD-20650@Charged	MetaCyc:CPD-20650@Charged	
cpd31875	MetaCyc:CPD-16370	MetaCyc:CPD-16370	MetaCyc:CPD-16370	MetaCyc:CPD-16370	MetaCyc:CPD-16370	MetaCyc:CPD-16370	GC	MetaCyc:CPD-16370@Charged	MetaCyc:CPD-16370@Charged	eQuilibrator:MNXM156797
cpd31876	MetaCyc:CPD-15027;ChEBI:85606	MetaCyc:CPD-15027;ChEBI:85606	MetaCyc:CPD-15027;ChEBI:85606	MetaCyc:CPD-15027;ChEBI:85606	MetaCyc:CPD-15027	MetaCyc:CPD-15027	EQ	eQuilibrator:MNXM338618	MetaCyc:CPD-15027@Charged	eQuilibrator:MNXM338618
cpd31877	MetaCyc:CPD-16359	MetaCyc:CPD-16359	MetaCyc:CPD-16359	MetaCyc:CPD-16359	MetaCyc:CPD-16359	MetaCyc:CPD-16359	EQ	eQuilibrator:MNXM498374	MetaCyc:CPD-16359@Charged	eQuilibrator:MNXM498374
cpd31878	MetaCyc:CPD-17842	MetaCyc:CPD-17842	MetaCyc:CPD-17842	MetaCyc:CPD-17842	MetaCyc:CPD-17842	MetaCyc:CPD-17842	EQ	eQuilibrator:MNXM153028	MetaCyc:CPD-17842@Charged	eQuilibrator:MNXM153028
cpd31879	MetaCyc:CPD-20491	MetaCyc:CPD-20491	MetaCyc:CPD-20491	MetaCyc:CPD-20491	MetaCyc:CPD-20491	MetaCyc:CPD-20491	GC	MetaCyc:CPD-20491@Charged	MetaCyc:CPD-20491@Charged	
cpd31880	MetaCyc:CPD-18286;ChEBI:87124	MetaCyc:CPD-18286;ChEBI:87124	MetaCyc:CPD-18286;ChEBI:87124	MetaCyc:CPD-18286;ChEBI:87124	MetaCyc:CPD-18286	MetaCyc:CPD-18286	EQ	eQuilibrator:MNXM151507	MetaCyc:CPD-18286@Charged	eQuilibrator:MNXM151507
cpd31881	MetaCyc:CPD-18113;ChEBI:142283	MetaCyc:CPD-18113;ChEBI:142283	MetaCyc:CPD-18113;ChEBI:142283	MetaCyc:CPD-18113;ChEBI:142283			GC	MetaCyc:CPD-18113@Charged	MetaCyc:CPD-18113@Charged	eQuilibrator:MNXM165878
cpd31882	MetaCyc:CPD-18317	MetaCyc:CPD-18317	MetaCyc:CPD-18317	MetaCyc:CPD-18317	MetaCyc:CPD-18317	MetaCyc:CPD-18317	EQ	eQuilibrator:MNXM512152	MetaCyc:CPD-18317@Charged	eQuilibrator:MNXM512152
cpd31883	MetaCyc:CPD-18444	MetaCyc:CPD-18444	MetaCyc:CPD-18444	MetaCyc:CPD-18444	MetaCyc:CPD-18444	MetaCyc:CPD-18444	EQ	eQuilibrator:MNXM484400	MetaCyc:CPD-18444@Charged	eQuilibrator:MNXM484400
cpd31884	MetaCyc:CPD-17629	MetaCyc:CPD-17629	MetaCyc:CPD-17629	MetaCyc:CPD-17629	MetaCyc:CPD-17629	MetaCyc:CPD-17629	EQ	eQuilibrator:MNXM149522	MetaCyc:CPD-17629@Charged	eQuilibrator:MNXM149522
cpd31885	MetaCyc:CPD-15071	MetaCyc:CPD-15071	MetaCyc:CPD-15071	MetaCyc:CPD-15071	MetaCyc:CPD-15071	MetaCyc:CPD-15071	EQ		MetaCyc:CPD-15071@Charged	
cpd31886	MetaCyc:CPD-15368	MetaCyc:CPD-15368	MetaCyc:CPD-15368	MetaCyc:CPD-15368	MetaCyc:CPD-15368	MetaCyc:CPD-15368	EQ	eQuilibrator:MNXM147800	MetaCyc:CPD-15368@Charged	eQuilibrator:MNXM147800
cpd31887	MetaCyc:CPD-18180	MetaCyc:CPD-18180	MetaCyc:CPD-18180	MetaCyc:CPD-18180	MetaCyc:CPD-18180	MetaCyc:CPD-18180	EQ	eQuilibrator:MNXM512164	MetaCyc:CPD-18180@Charged	eQuilibrator:MNXM512164
cpd31888	MetaCyc:CPD-15405;ChEBI:16055	MetaCyc:CPD-15405;ChEBI:16055	MetaCyc:CPD-15405;ChEBI:16055	MetaCyc:CPD-15405;ChEBI:16055	MetaCyc:CPD-15405	MetaCyc:CPD-15405	EQ	eQuilibrator:MNXM2967	MetaCyc:CPD-15405@Charged	eQuilibrator:MNXM2967
cpd31889	MetaCyc:CPD-20688	MetaCyc:CPD-20688	MetaCyc:CPD-20688	MetaCyc:CPD-20688	MetaCyc:CPD-20688	MetaCyc:CPD-20688	EQ	eQuilibrator:MNXM37509	MetaCyc:CPD-20688@Charged	eQuilibrator:MNXM37509
cpd31890	MetaCyc:CPD-21331	MetaCyc:CPD-21331	MetaCyc:CPD-21331	MetaCyc:CPD-21331	MetaCyc:CPD-21331	MetaCyc:CPD-21331	GC	MetaCyc:CPD-21331@Charged	MetaCyc:CPD-21331@Charged	
cpd31891	MetaCyc:CPD-16557	MetaCyc:CPD-16557	MetaCyc:CPD-16557	MetaCyc:CPD-16557	MetaCyc:CPD-16557	MetaCyc:CPD-16557	EQ	eQuilibrator:MNXM43856	MetaCyc:CPD-16557@Charged	eQuilibrator:MNXM43856
cpd31892	MetaCyc:CPD-21500	MetaCyc:CPD-21500	MetaCyc:CPD-21500	MetaCyc:CPD-21500	MetaCyc:CPD-21500		GC	MetaCyc:CPD-21500@Charged	MetaCyc:CPD-21500@Charged	
cpd31893	MetaCyc:CPD-21386;ChEBI:136756	MetaCyc:CPD-21386;ChEBI:136756	MetaCyc:CPD-21386;ChEBI:136756	MetaCyc:CPD-21386;ChEBI:136756	MetaCyc:CPD-21386	MetaCyc:CPD-21386	GC	MetaCyc:CPD-21386@Charged	MetaCyc:CPD-21386@Charged	
cpd31894	MetaCyc:CPD-16754	MetaCyc:CPD-16754	MetaCyc:CPD-16754	MetaCyc:CPD-16754	MetaCyc:CPD-16754	MetaCyc:CPD-16754	GC	MetaCyc:CPD-16754@Charged	MetaCyc:CPD-16754@Charged	
cpd31895	MetaCyc:CPD-19842	MetaCyc:CPD-19842	MetaCyc:CPD-19842	MetaCyc:CPD-19842	MetaCyc:CPD-19842	MetaCyc:CPD-19842	GC	MetaCyc:CPD-19842@Charged	MetaCyc:CPD-19842@Charged	
cpd31896	MetaCyc:CPD-15234@Charged;ChEBI:72650@Charged	MetaCyc:CPD-15234@Charged;ChEBI:72650@Charged	MetaCyc:CPD-15234@Charged;ChEBI:72650@Charged	MetaCyc:CPD-15234@Charged;ChEBI:72650@Charged	MetaCyc:CPD-15234	MetaCyc:CPD-15234	GC	MetaCyc:CPD-15234@Charged	MetaCyc:CPD-15234@Charged	
cpd31897										
cpd31898	MetaCyc:CPD-15362;ChEBI:76388	MetaCyc:CPD-15362;ChEBI:76388	MetaCyc:CPD-15362;ChEBI:76388	MetaCyc:CPD-15362;ChEBI:76388	MetaCyc:CPD-15362	MetaCyc:CPD-15362	EQ	eQuilibrator:MNXM145820	MetaCyc:CPD-15362@Charged	eQuilibrator:MNXM145820
cpd31899	MetaCyc:CPD-20513@Charged;ChEBI:138330	MetaCyc:CPD-20513@Charged;ChEBI:138330	MetaCyc:CPD-20513@Charged;ChEBI:138330	MetaCyc:CPD-20513@Charged;ChEBI:138330	MetaCyc:CPD-20513	MetaCyc:CPD-20513	GC	MetaCyc:CPD-20513@Charged	MetaCyc:CPD-20513@Charged	
cpd31900	MetaCyc:CPD-15662	MetaCyc:CPD-15662	MetaCyc:CPD-15662	MetaCyc:CPD-15662	MetaCyc:CPD-15662	MetaCyc:CPD-15662	EQ	eQuilibrator:MNXM147781	MetaCyc:CPD-15662@Charged	eQuilibrator:MNXM147781
cpd31901	MetaCyc:CPD-15953	MetaCyc:CPD-15953	MetaCyc:CPD-15953	MetaCyc:CPD-15953	MetaCyc:CPD-15953	MetaCyc:CPD-15953	EQ	eQuilibrator:MNXM148685	MetaCyc:CPD-15953@Charged	eQuilibrator:MNXM148685
cpd31902	MetaCyc:CPD-19109;ChEBI:132008	MetaCyc:CPD-19109;ChEBI:132008	MetaCyc:CPD-19109;ChEBI:132008	MetaCyc:CPD-19109;ChEBI:132008	MetaCyc:CPD-19109	MetaCyc:CPD-19109	EQ	eQuilibrator:MNXM162459	MetaCyc:CPD-19109@Charged	eQuilibrator:MNXM162459
cpd31903	MetaCyc:CPD-18748@Charged	MetaCyc:CPD-18748@Charged	MetaCyc:CPD-18748@Charged	MetaCyc:CPD-18748@Charged	MetaCyc:CPD-18748	MetaCyc:CPD-18748	EQ		MetaCyc:CPD-18748@Charged	
cpd31904	MetaCyc:CPD-17675	MetaCyc:CPD-17675	MetaCyc:CPD-17675	MetaCyc:CPD-17675		MetaCyc:CPD-17675	GC	MetaCyc:CPD-17675@Charged	MetaCyc:CPD-17675@Charged	
cpd31905	MetaCyc:CPD-15078@Charged	MetaCyc:CPD-15078@Charged	MetaCyc:CPD-15078@Charged	MetaCyc:CPD-15078@Charged	MetaCyc:CPD-15078	MetaCyc:CPD-15078	GC	MetaCyc:CPD-15078@Charged	MetaCyc:CPD-15078@Charged	
cpd31906	MetaCyc:CPD-18348	MetaCyc:CPD-18348	MetaCyc:CPD-18348	MetaCyc:CPD-18348	MetaCyc:CPD-18348	MetaCyc:CPD-18348	EQ	eQuilibrator:MNXM209652	MetaCyc:CPD-18348@Charged	eQuilibrator:MNXM209652
cpd31907	MetaCyc:CPD-19960;ChEBI:87429	MetaCyc:CPD-19960;ChEBI:87429	MetaCyc:CPD-19960;ChEBI:87429	MetaCyc:CPD-19960;ChEBI:87429		MetaCyc:CPD-19960	EQ	eQuilibrator:MNXM100499	MetaCyc:CPD-19960@Charged	eQuilibrator:MNXM100499
cpd31908	MetaCyc:CPD-16701;ChEBI:142464	MetaCyc:CPD-16701;ChEBI:142464	MetaCyc:CPD-16701;ChEBI:142464	MetaCyc:CPD-16701;ChEBI:142464	MetaCyc:CPD-16701	MetaCyc:CPD-16701	EQ	eQuilibrator:MNXM147885	MetaCyc:CPD-16701@Charged	eQuilibrator:MNXM147885
cpd31909	MetaCyc:CPD-16931;ChEBI:82801	MetaCyc:CPD-16931;ChEBI:82801	MetaCyc:CPD-16931;ChEBI:82801	MetaCyc:CPD-16931;ChEBI:82801	MetaCyc:CPD-16931	MetaCyc:CPD-16931	EQ	eQuilibrator:MNXM146323	MetaCyc:CPD-16931@Charged	eQuilibrator:MNXM146323
cpd31910	MetaCyc:CPD-18558@Charged	MetaCyc:CPD-18558@Charged	MetaCyc:CPD-18558@Charged	MetaCyc:CPD-18558@Charged	MetaCyc:CPD-18558	MetaCyc:CPD-18558	GC	MetaCyc:CPD-18558@Charged	MetaCyc:CPD-18558@Charged	eQuilibrator:MNXM165179
cpd31911	MetaCyc:CPD-18874@Charged	MetaCyc:CPD-18874@Charged		MetaCyc:CPD-18874@Charged	MetaCyc:CPD-18874	MetaCyc:CPD-18874	GC	MetaCyc:CPD-18874@Charged	MetaCyc:CPD-18874@Charged	
cpd31912	MetaCyc:CPD-19700	MetaCyc:CPD-19700	MetaCyc:CPD-19700	MetaCyc:CPD-19700	MetaCyc:CPD-19700	MetaCyc:CPD-19700	EQ	eQuilibrator:MNXM41124	MetaCyc:CPD-19700@Charged	eQuilibrator:MNXM41124
cpd31913	MetaCyc:CPD-19870	MetaCyc:CPD-19870	MetaCyc:CPD-19870	MetaCyc:CPD-19870		MetaCyc:CPD-19870	GC	MetaCyc:CPD-19870@Charged	MetaCyc:CPD-19870@Charged	
cpd31914	MetaCyc:CPD-18589	MetaCyc:CPD-18589	MetaCyc:CPD-18589	MetaCyc:CPD-18589	MetaCyc:CPD-18589	MetaCyc:CPD-18589	GC	MetaCyc:CPD-18589@Charged	MetaCyc:CPD-18589@Charged	
cpd31915	MetaCyc:CPD-18652	MetaCyc:CPD-18652	MetaCyc:CPD-18652	MetaCyc:CPD-18652	MetaCyc:CPD-18652	MetaCyc:CPD-18652	EQ	eQuilibrator:MNXM490636	MetaCyc:CPD-18652@Charged	eQuilibrator:MNXM490636
cpd31916	MetaCyc:CPD-19399	MetaCyc:CPD-19399	MetaCyc:CPD-19399	MetaCyc:CPD-19399	MetaCyc:CPD-19399	MetaCyc:CPD-19399	GC	MetaCyc:CPD-19399@Charged	MetaCyc:CPD-19399@Charged	
cpd31917	MetaCyc:CPD-15819@Charged	MetaCyc:CPD-15819@Charged	MetaCyc:CPD-15819@Charged	MetaCyc:CPD-15819@Charged	MetaCyc:CPD-15819	MetaCyc:CPD-15819	GC	MetaCyc:CPD-15819@Charged	MetaCyc:CPD-15819@Charged	eQuilibrator:MNXM147880
cpd31918	MetaCyc:CPD-20474;ChEBI:138305	MetaCyc:CPD-20474;ChEBI:138305	MetaCyc:CPD-20474;ChEBI:138305	MetaCyc:CPD-20474;ChEBI:138305	MetaCyc:CPD-20474	MetaCyc:CPD-20474	GC	MetaCyc:CPD-20474@Charged	MetaCyc:CPD-20474@Charged	
cpd31919	MetaCyc:CPD-18078	MetaCyc:CPD-18078	MetaCyc:CPD-18078	MetaCyc:CPD-18078	MetaCyc:CPD-18078	MetaCyc:CPD-18078	EQ	eQuilibrator:MNXM147710	MetaCyc:CPD-18078@Charged	eQuilibrator:MNXM147710
cpd31920	MetaCyc:CPD-14608	MetaCyc:CPD-14608	MetaCyc:CPD-14608	MetaCyc:CPD-14608	MetaCyc:CPD-14608	MetaCyc:CPD-14608	EQ	eQuilibrator:MNXM101559	MetaCyc:CPD-14608@Charged	eQuilibrator:MNXM101559
cpd31921	MetaCyc:CPD-14687@Charged	MetaCyc:CPD-14687@Charged	MetaCyc:CPD-14687@Charged	MetaCyc:CPD-14687@Charged	MetaCyc:CPD-14687	MetaCyc:CPD-14687	EQ		MetaCyc:CPD-14687@Charged	
cpd31922	MetaCyc:CPD-20095	MetaCyc:CPD-20095	MetaCyc:CPD-20095	MetaCyc:CPD-20095	MetaCyc:CPD-20095	MetaCyc:CPD-20095	GC	MetaCyc:CPD-20095@Charged	MetaCyc:CPD-20095@Charged	
cpd31923	MetaCyc:CPD-19408@Charged	MetaCyc:CPD-19408@Charged	MetaCyc:CPD-19408@Charged	MetaCyc:CPD-19408@Charged	MetaCyc:CPD-19408	MetaCyc:CPD-19408	EQ		MetaCyc:CPD-19408@Charged	
cpd31924	MetaCyc:CPD-19594	MetaCyc:CPD-19594	MetaCyc:CPD-19594	MetaCyc:CPD-19594		MetaCyc:CPD-19594	EQ	eQuilibrator:MNXM531884	MetaCyc:CPD-19594@Charged	eQuilibrator:MNXM531884
cpd31925	MetaCyc:CPD-16181;ChEBI:76821	MetaCyc:CPD-16181;ChEBI:76821	MetaCyc:CPD-16181;ChEBI:76821	MetaCyc:CPD-16181;ChEBI:76821	MetaCyc:CPD-16181	MetaCyc:CPD-16181	EQ	eQuilibrator:MNXM146253	MetaCyc:CPD-16181@Charged	eQuilibrator:MNXM146253
cpd31926	MetaCyc:CPD-20772	MetaCyc:CPD-20772	MetaCyc:CPD-20772	MetaCyc:CPD-20772	MetaCyc:CPD-20772	MetaCyc:CPD-20772	GC	MetaCyc:CPD-20772@Charged	MetaCyc:CPD-20772@Charged	
cpd31927	MetaCyc:CPD-19246;ChEBI:133723	MetaCyc:CPD-19246;ChEBI:133723	MetaCyc:CPD-19246;ChEBI:133723	MetaCyc:CPD-19246;ChEBI:133723	MetaCyc:CPD-19246	MetaCyc:CPD-19246	EQ	eQuilibrator:MNXM162414	MetaCyc:CPD-19246@Charged	eQuilibrator:MNXM162414
cpd31928	MetaCyc:CPD-16503	MetaCyc:CPD-16503	MetaCyc:CPD-16503	MetaCyc:CPD-16503	MetaCyc:CPD-16503	MetaCyc:CPD-16503	GC	MetaCyc:CPD-16503@Charged	MetaCyc:CPD-16503@Charged	eQuilibrator:MNXM507455
cpd31929	MetaCyc:CPD-15964	MetaCyc:CPD-15964	MetaCyc:CPD-15964	MetaCyc:CPD-15964	MetaCyc:CPD-15964	MetaCyc:CPD-15964	EQ	eQuilibrator:MNXM147802	MetaCyc:CPD-15964@Charged	eQuilibrator:MNXM147802
cpd31930	MetaCyc:CPD-21237	MetaCyc:CPD-21237	MetaCyc:CPD-21237	MetaCyc:CPD-21237	MetaCyc:CPD-21237	MetaCyc:CPD-21237	GC	MetaCyc:CPD-21237@Charged	MetaCyc:CPD-21237@Charged	
cpd31931	MetaCyc:CPD-17498	MetaCyc:CPD-17498	MetaCyc:CPD-17498	MetaCyc:CPD-17498	MetaCyc:CPD-17498	MetaCyc:CPD-17498	GC	MetaCyc:CPD-17498@Charged	MetaCyc:CPD-17498@Charged	eQuilibrator:MNXM148209
cpd31932	MetaCyc:CPD-15589	MetaCyc:CPD-15589	MetaCyc:CPD-15589	MetaCyc:CPD-15589	MetaCyc:CPD-15589	MetaCyc:CPD-15589	EQ	eQuilibrator:MNXM151476	MetaCyc:CPD-15589@Charged	eQuilibrator:MNXM151476
cpd31933	MetaCyc:CPD-20793@Charged	MetaCyc:CPD-20793@Charged	MetaCyc:CPD-20793@Charged	MetaCyc:CPD-20793@Charged	MetaCyc:CPD-20793		GC	MetaCyc:CPD-20793@Charged	MetaCyc:CPD-20793@Charged	
cpd31934	MetaCyc:CPD-18471	MetaCyc:CPD-18471	MetaCyc:CPD-18471	MetaCyc:CPD-18471		MetaCyc:CPD-18471	GC	MetaCyc:CPD-18471@Charged	MetaCyc:CPD-18471@Charged	
cpd31935	MetaCyc:CPD-16578	MetaCyc:CPD-16578	MetaCyc:CPD-16578	MetaCyc:CPD-16578	MetaCyc:CPD-16578	MetaCyc:CPD-16578	EQ	eQuilibrator:MNXM120600	MetaCyc:CPD-16578@Charged	eQuilibrator:MNXM120600
cpd31936	MetaCyc:CPD-21517	MetaCyc:CPD-21517	MetaCyc:CPD-21517	MetaCyc:CPD-21517	MetaCyc:CPD-21517	MetaCyc:CPD-21517	GC	MetaCyc:CPD-21517@Charged	MetaCyc:CPD-21517@Charged	
cpd31937	MetaCyc:CPD-14767	MetaCyc:CPD-14767	MetaCyc:CPD-14767	MetaCyc:CPD-14767	MetaCyc:CPD-14767	MetaCyc:CPD-14767	EQ	eQuilibrator:MNXM114715	MetaCyc:CPD-14767@Charged	eQuilibrator:MNXM114715
cpd31938	MetaCyc:CPD-20573@Charged	MetaCyc:CPD-20573@Charged	MetaCyc:CPD-20573@Charged	MetaCyc:CPD-20573@Charged	MetaCyc:CPD-20573	MetaCyc:CPD-20573	GC	MetaCyc:CPD-20573@Charged	MetaCyc:CPD-20573@Charged	
cpd31939	MetaCyc:CPD-16836	MetaCyc:CPD-16836	MetaCyc:CPD-16836	MetaCyc:CPD-16836	MetaCyc:CPD-16836	MetaCyc:CPD-16836	EQ	eQuilibrator:MNXM167561	MetaCyc:CPD-16836@Charged	eQuilibrator:MNXM167561
cpd31940	MetaCyc:CPD-14829;ChEBI:141640	MetaCyc:CPD-14829;ChEBI:141640	MetaCyc:CPD-14829;ChEBI:141640	MetaCyc:CPD-14829;ChEBI:141640	MetaCyc:CPD-14829	MetaCyc:CPD-14829	GC	MetaCyc:CPD-14829@Charged	MetaCyc:CPD-14829@Charged	
cpd31941	MetaCyc:CPD0-2590	MetaCyc:CPD0-2590	MetaCyc:CPD0-2590	MetaCyc:CPD0-2590		MetaCyc:CPD0-2590				
cpd31942	MetaCyc:CPD-16774	MetaCyc:CPD-16774	MetaCyc:CPD-16774	MetaCyc:CPD-16774			GC	MetaCyc:CPD-16774@Charged	MetaCyc:CPD-16774@Charged	
cpd31943	MetaCyc:CPD-20986;MetaCyc:E-nithiazine;MetaCyc:Z-nithiazine	MetaCyc:CPD-20986;MetaCyc:E-nithiazine;MetaCyc:Z-nithiazine	MetaCyc:CPD-20986;MetaCyc:E-nithiazine;MetaCyc:Z-nithiazine	MetaCyc:CPD-20986;MetaCyc:Z-nithiazine	MetaCyc:CPD-20986	MetaCyc:CPD-20986	GC	MetaCyc:CPD-20986@Charged	MetaCyc:CPD-20986@Charged	
cpd31944	MetaCyc:CPD-15750@Charged	MetaCyc:CPD-15750@Charged	MetaCyc:CPD-15750@Charged	MetaCyc:CPD-15750@Charged	MetaCyc:CPD-15750	MetaCyc:CPD-15750	GC	MetaCyc:CPD-15750@Charged	MetaCyc:CPD-15750@Charged	
cpd31945	MetaCyc:CPD-18478	MetaCyc:CPD-18478	MetaCyc:CPD-18478	MetaCyc:CPD-18478	MetaCyc:CPD-18478	MetaCyc:CPD-18478	GC	MetaCyc:CPD-18478@Charged	MetaCyc:CPD-18478@Charged	eQuilibrator:MNXM164118
cpd31946	MetaCyc:CPD-15481@Charged	MetaCyc:CPD-15481@Charged	MetaCyc:CPD-15481@Charged	MetaCyc:CPD-15481@Charged	MetaCyc:CPD-15481	MetaCyc:CPD-15481	GC	MetaCyc:CPD-15481@Charged	MetaCyc:CPD-15481@Charged	eQuilibrator:MNXM148680
cpd31947	MetaCyc:CPD-15369	MetaCyc:CPD-15369	MetaCyc:CPD-15369	MetaCyc:CPD-15369	MetaCyc:CPD-15369	MetaCyc:CPD-15369	EQ	eQuilibrator:MNXM147805	MetaCyc:CPD-15369@Charged	eQuilibrator:MNXM147805
cpd31948	MetaCyc:CPD-20215;ChEBI:138045	MetaCyc:CPD-20215;ChEBI:138045	MetaCyc:CPD-20215;ChEBI:138045	MetaCyc:CPD-20215;ChEBI:138045	MetaCyc:CPD-20215	MetaCyc:CPD-20215	GC	MetaCyc:CPD-20215@Charged	MetaCyc:CPD-20215@Charged	
cpd31949	MetaCyc:CPD-18469	MetaCyc:CPD-18469	MetaCyc:CPD-18469	MetaCyc:CPD-18469	MetaCyc:CPD-18469	MetaCyc:CPD-18469	EQ	eQuilibrator:MNXM487506	MetaCyc:CPD-18469@Charged	eQuilibrator:MNXM487506
cpd31950	MetaCyc:CPD-21155	MetaCyc:CPD-21155	MetaCyc:CPD-21155	MetaCyc:CPD-21155		MetaCyc:CPD-21155	GC	MetaCyc:CPD-21155@Charged	MetaCyc:CPD-21155@Charged	
cpd31951	MetaCyc:CPD-20025	MetaCyc:CPD-20025	MetaCyc:CPD-20025	MetaCyc:CPD-20025	MetaCyc:CPD-20025	MetaCyc:CPD-20025	EQ	eQuilibrator:MNXM50750	MetaCyc:CPD-20025@Charged	eQuilibrator:MNXM50750
cpd31952	MetaCyc:CPD-20965	MetaCyc:CPD-20965	MetaCyc:CPD-20965	MetaCyc:CPD-20965	MetaCyc:CPD-20965	MetaCyc:CPD-20965	EQ	eQuilibrator:MNXM74967	MetaCyc:CPD-20965@Charged	eQuilibrator:MNXM74967
cpd31953	MetaCyc:CPD-15536	MetaCyc:CPD-15536	MetaCyc:CPD-15536	MetaCyc:CPD-15536	MetaCyc:CPD-15536	MetaCyc:CPD-15536	GC	MetaCyc:CPD-15536@Charged	MetaCyc:CPD-15536@Charged	eQuilibrator:MNXM150580
cpd31954										
cpd31955	MetaCyc:CPD-21402;ChEBI:138034	MetaCyc:CPD-21402;ChEBI:138034	MetaCyc:CPD-21402;ChEBI:138034	MetaCyc:CPD-21402;ChEBI:138034	MetaCyc:CPD-21402	MetaCyc:CPD-21402	GC	MetaCyc:CPD-21402@Charged	MetaCyc:CPD-21402@Charged	
cpd31956	MetaCyc:CPD66-52;ChEBI:78837	MetaCyc:CPD66-52;ChEBI:78837	MetaCyc:CPD66-52;ChEBI:78837	MetaCyc:CPD66-52;ChEBI:78837	MetaCyc:CPD66-52	MetaCyc:CPD66-52	EQ	eQuilibrator:MNXM33399	MetaCyc:CPD66-52@Charged	eQuilibrator:MNXM33399
cpd31957	MetaCyc:CPD-18142	MetaCyc:CPD-18142	MetaCyc:CPD-18142	MetaCyc:CPD-18142		MetaCyc:CPD-18142	GC	MetaCyc:CPD-18142@Charged	MetaCyc:CPD-18142@Charged	eQuilibrator:MNXM57336
cpd31958	MetaCyc:CPD-15940	MetaCyc:CPD-15940	MetaCyc:CPD-15940	MetaCyc:CPD-15940	MetaCyc:CPD-15940	MetaCyc:CPD-15940	GC	MetaCyc:CPD-15940@Charged	MetaCyc:CPD-15940@Charged	
cpd31959	MetaCyc:CPD-20992	MetaCyc:CPD-20992	MetaCyc:CPD-20992	MetaCyc:CPD-20992	MetaCyc:CPD-20992	MetaCyc:CPD-20992	GC	MetaCyc:CPD-20992@Charged	MetaCyc:CPD-20992@Charged	
cpd31960	MetaCyc:CPD-20735	MetaCyc:CPD-20735		MetaCyc:CPD-20735	MetaCyc:CPD-20735	MetaCyc:CPD-20735	GC	MetaCyc:CPD-20735@Charged	MetaCyc:CPD-20735@Charged	
cpd31961	MetaCyc:CPD-18901;ChEBI:177295	MetaCyc:CPD-18901;ChEBI:177295	MetaCyc:CPD-18901;ChEBI:177295	MetaCyc:CPD-18901;ChEBI:177295	MetaCyc:CPD-18901		EQ	eQuilibrator:MNXM164713	MetaCyc:CPD-18901@Charged	eQuilibrator:MNXM164713
cpd31962	MetaCyc:CPD-17044;ChEBI:82705	MetaCyc:CPD-17044;ChEBI:82705	MetaCyc:CPD-17044;ChEBI:82705	MetaCyc:CPD-17044;ChEBI:82705	MetaCyc:CPD-17044	MetaCyc:CPD-17044	GC	MetaCyc:CPD-17044@Charged	MetaCyc:CPD-17044@Charged	
cpd31963	MetaCyc:CPD-19172;ChEBI:77553	MetaCyc:CPD-19172;ChEBI:77553	MetaCyc:CPD-19172;ChEBI:77553	MetaCyc:CPD-19172;ChEBI:77553	MetaCyc:CPD-19172	MetaCyc:CPD-19172	EQ	eQuilibrator:MNXM146681	MetaCyc:CPD-19172@Charged	eQuilibrator:MNXM146681
cpd31964	MetaCyc:CPD-16379	MetaCyc:CPD-16379	MetaCyc:CPD-16379	MetaCyc:CPD-16379	MetaCyc:CPD-16379	MetaCyc:CPD-16379	GC	MetaCyc:CPD-16379@Charged	MetaCyc:CPD-16379@Charged	eQuilibrator:MNXM57489
cpd31965	MetaCyc:CPD-18190	MetaCyc:CPD-18190	MetaCyc:CPD-18190	MetaCyc:CPD-18190	MetaCyc:CPD-18190	MetaCyc:CPD-18190	EQ	eQuilibrator:MNXM163699	MetaCyc:CPD-18190@Charged	eQuilibrator:MNXM163699
cpd31966	MetaCyc:CPD-14465;ChEBI:65032	MetaCyc:CPD-14465;ChEBI:65032	MetaCyc:CPD-14465;ChEBI:65032	MetaCyc:CPD-14465;ChEBI:65032	MetaCyc:CPD-14465	MetaCyc:CPD-14465	GC	MetaCyc:CPD-14465@Charged	MetaCyc:CPD-14465@Charged	eQuilibrator:MNXM97506
cpd31967	MetaCyc:CPD-14934@Charged	MetaCyc:CPD-14934@Charged	MetaCyc:CPD-14934@Charged	MetaCyc:CPD-14934@Charged	MetaCyc:CPD-14934	MetaCyc:CPD-14934	GC	MetaCyc:CPD-14934@Charged	MetaCyc:CPD-14934@Charged	eQuilibrator:MNXM62819
cpd31968	MetaCyc:CPD-21327	MetaCyc:CPD-21327	MetaCyc:CPD-21327	MetaCyc:CPD-21327	MetaCyc:CPD-21327	MetaCyc:CPD-21327	GC	MetaCyc:CPD-21327@Charged	MetaCyc:CPD-21327@Charged	
cpd31969	MetaCyc:CPD-17383;ChEBI:76464	MetaCyc:CPD-17383;ChEBI:76464	MetaCyc:CPD-17383;ChEBI:76464	MetaCyc:CPD-17383;ChEBI:76464	MetaCyc:CPD-17383	MetaCyc:CPD-17383	EQ	eQuilibrator:MNXM145824	MetaCyc:CPD-17383@Charged	eQuilibrator:MNXM145824
cpd31970	MetaCyc:CPD-16752	MetaCyc:CPD-16752	MetaCyc:CPD-16752	MetaCyc:CPD-16752	MetaCyc:CPD-16752	MetaCyc:CPD-16752	GC	MetaCyc:CPD-16752@Charged	MetaCyc:CPD-16752@Charged	
cpd31971	MetaCyc:CPD-20366	MetaCyc:CPD-20366	MetaCyc:CPD-20366	MetaCyc:CPD-20366	MetaCyc:CPD-20366	MetaCyc:CPD-20366	GC	MetaCyc:CPD-20366@Charged	MetaCyc:CPD-20366@Charged	
cpd31972	MetaCyc:CPD-19081	MetaCyc:CPD-19081	MetaCyc:CPD-19081	MetaCyc:CPD-19081	MetaCyc:CPD-19081	MetaCyc:CPD-19081	GC	MetaCyc:CPD-19081@Charged	MetaCyc:CPD-19081@Charged	
cpd31973	MetaCyc:CPD-17709	MetaCyc:CPD-17709	MetaCyc:CPD-17709	MetaCyc:CPD-17709	MetaCyc:CPD-17709	MetaCyc:CPD-17709	EQ	eQuilibrator:MNXM148655	MetaCyc:CPD-17709@Charged	eQuilibrator:MNXM148655
cpd31974	MetaCyc:CPD-18040	MetaCyc:CPD-18040	MetaCyc:CPD-18040	MetaCyc:CPD-18040	MetaCyc:CPD-18040	MetaCyc:CPD-18040	GC	MetaCyc:CPD-18040@Charged	MetaCyc:CPD-18040@Charged	eQuilibrator:MNXM152189
cpd31975	MetaCyc:CPD-21429;ChEBI:141808	MetaCyc:CPD-21429;ChEBI:141808	MetaCyc:CPD-21429;ChEBI:141808	MetaCyc:CPD-21429;ChEBI:141808	MetaCyc:CPD-21429	MetaCyc:CPD-21429	GC	MetaCyc:CPD-21429@Charged	MetaCyc:CPD-21429@Charged	
cpd31976	MetaCyc:CPD-20453	MetaCyc:CPD-20453	MetaCyc:CPD-20453	MetaCyc:CPD-20453	MetaCyc:CPD-20453	MetaCyc:CPD-20453	GC	MetaCyc:CPD-20453@Charged	MetaCyc:CPD-20453@Charged	
cpd31977	MetaCyc:CPD-21487;ChEBI:88153	MetaCyc:CPD-21487;ChEBI:88153	MetaCyc:CPD-21487;ChEBI:88153	MetaCyc:CPD-21487;ChEBI:88153		MetaCyc:CPD-21487	EQ	eQuilibrator:MNXM22188	MetaCyc:CPD-21487@Charged	eQuilibrator:MNXM22188
cpd31978	MetaCyc:CPD-18865@Charged	MetaCyc:CPD-18865@Charged		MetaCyc:CPD-18865@Charged	MetaCyc:CPD-18865	MetaCyc:CPD-18865	GC	MetaCyc:CPD-18865@Charged	MetaCyc:CPD-18865@Charged	
cpd31979	MetaCyc:CPD-17105@Charged	MetaCyc:CPD-17105@Charged	MetaCyc:CPD-17105@Charged	MetaCyc:CPD-17105@Charged	MetaCyc:CPD-17105	MetaCyc:CPD-17105	GC	MetaCyc:CPD-17105@Charged	MetaCyc:CPD-17105@Charged	
cpd31980	MetaCyc:CPD-19923	MetaCyc:CPD-19923	MetaCyc:CPD-19923	MetaCyc:CPD-19923	MetaCyc:CPD-19923	MetaCyc:CPD-19923	GC	MetaCyc:CPD-19923@Charged	MetaCyc:CPD-19923@Charged	
cpd31981	MetaCyc:CPD-14454	MetaCyc:CPD-14454	MetaCyc:CPD-14454	MetaCyc:CPD-14454	MetaCyc:CPD-14454	MetaCyc:CPD-14454	GC	MetaCyc:CPD-14454@Charged	MetaCyc:CPD-14454@Charged	eQuilibrator:MNXM97667
cpd31982	MetaCyc:CPD-18490;ChEBI:76418	MetaCyc:CPD-18490;ChEBI:76418	MetaCyc:CPD-18490;ChEBI:76418	MetaCyc:CPD-18490;ChEBI:76418	MetaCyc:CPD-18490	MetaCyc:CPD-18490	EQ	eQuilibrator:MNXM145987	MetaCyc:CPD-18490@Charged	eQuilibrator:MNXM145987
cpd31983	MetaCyc:CPD-17403	MetaCyc:CPD-17403	MetaCyc:CPD-17403	MetaCyc:CPD-17403	MetaCyc:CPD-17403	MetaCyc:CPD-17403	EQ	eQuilibrator:MNXM147628	MetaCyc:CPD-17403@Charged	eQuilibrator:MNXM147628
cpd31984	MetaCyc:CPD-16930	MetaCyc:CPD-16930	MetaCyc:CPD-16930	MetaCyc:CPD-16930			GC	MetaCyc:CPD-16930@Charged	MetaCyc:CPD-16930@Charged	
cpd31985	MetaCyc:CPD-14442@Charged;MetaCyc:CPD-21382	MetaCyc:CPD-14442@Charged;MetaCyc:CPD-21382	MetaCyc:CPD-14442@Charged;MetaCyc:CPD-21382	MetaCyc:CPD-14442@Charged;MetaCyc:CPD-21382	MetaCyc:CPD-14442	MetaCyc:CPD-14442	EQ	eQuilibrator:MNXM1176	MetaCyc:CPD-21382@Charged	eQuilibrator:MNXM1176
cpd31986	MetaCyc:CPD-17934	MetaCyc:CPD-17934	MetaCyc:CPD-17934	MetaCyc:CPD-17934	MetaCyc:CPD-17934	MetaCyc:CPD-17934	GC	MetaCyc:CPD-17934@Charged	MetaCyc:CPD-17934@Charged	
cpd31987	MetaCyc:CPD-20845@Charged	MetaCyc:CPD-20845@Charged	MetaCyc:CPD-20845@Charged	MetaCyc:CPD-20845@Charged	MetaCyc:CPD-20845	MetaCyc:CPD-20845	GC	MetaCyc:CPD-20845@Charged	MetaCyc:CPD-20845@Charged	
cpd31988	MetaCyc:CPD-21000	MetaCyc:CPD-21000	MetaCyc:CPD-21000	MetaCyc:CPD-21000@Charged	MetaCyc:CPD-21000	MetaCyc:CPD-21000	GC	MetaCyc:CPD-21000@Charged	MetaCyc:CPD-21000@Charged	
cpd31989	MetaCyc:CPD-15745@Charged	MetaCyc:CPD-15745@Charged	MetaCyc:CPD-15745@Charged	MetaCyc:CPD-15745@Charged	MetaCyc:CPD-15745	MetaCyc:CPD-15745	GC	MetaCyc:CPD-15745@Charged	MetaCyc:CPD-15745@Charged	
cpd31990	MetaCyc:CPD-17373	MetaCyc:CPD-17373	MetaCyc:CPD-17373	MetaCyc:CPD-17373	MetaCyc:CPD-17373	MetaCyc:CPD-17373	EQ	eQuilibrator:MNXM147667	MetaCyc:CPD-17373@Charged	eQuilibrator:MNXM147667
cpd31991	MetaCyc:CPD-14775	MetaCyc:CPD-14775	MetaCyc:CPD-14775	MetaCyc:CPD-14775	MetaCyc:CPD-14775	MetaCyc:CPD-14775	EQ	eQuilibrator:MNXM114655	MetaCyc:CPD-14775@Charged	eQuilibrator:MNXM114655
cpd31992	MetaCyc:CPD-20528@Charged	MetaCyc:CPD-20528@Charged	MetaCyc:CPD-20528@Charged	MetaCyc:CPD-20528@Charged	MetaCyc:CPD-20528	MetaCyc:CPD-20528	EQ	eQuilibrator:MNXM51766	MetaCyc:CPD-20528@Charged	eQuilibrator:MNXM51766
cpd31993	MetaCyc:CPD-19134	MetaCyc:CPD-19134	MetaCyc:CPD-19134	MetaCyc:CPD-19134	MetaCyc:CPD-19134	MetaCyc:CPD-19134	EQ	eQuilibrator:MNXM162478	MetaCyc:CPD-19134@Charged	eQuilibrator:MNXM162478
cpd31994	MetaCyc:CPD-21141	MetaCyc:CPD-21141	MetaCyc:CPD-21141	MetaCyc:CPD-21141	MetaCyc:CPD-21141	MetaCyc:CPD-21141	GC	MetaCyc:CPD-21141@Charged	MetaCyc:CPD-21141@Charged	
cpd31995	MetaCyc:CPD-16155	MetaCyc:CPD-16155	MetaCyc:CPD-16155	MetaCyc:CPD-16155	MetaCyc:CPD-16155	MetaCyc:CPD-16155	EQ	eQuilibrator:MNXM43815	MetaCyc:CPD-16155@Charged	eQuilibrator:MNXM43815
cpd31996	MetaCyc:CPD-17442	MetaCyc:CPD-17442	MetaCyc:CPD-17442	MetaCyc:CPD-17442	MetaCyc:CPD-17442	MetaCyc:CPD-17442	GC	MetaCyc:CPD-17442@Charged	MetaCyc:CPD-17442@Charged	eQuilibrator:MNXM16408
cpd31997	MetaCyc:CPD-18262	MetaCyc:CPD-18262	MetaCyc:CPD-18262	MetaCyc:CPD-18262	MetaCyc:CPD-18262	MetaCyc:CPD-18262	EQ	eQuilibrator:MNXM163815	MetaCyc:CPD-18262@Charged	eQuilibrator:MNXM163815
cpd31998	MetaCyc:CPD-17132@Charged	MetaCyc:CPD-17132@Charged	MetaCyc:CPD-17132@Charged	MetaCyc:CPD-17132@Charged	MetaCyc:CPD-17132	MetaCyc:CPD-17132	EQ		MetaCyc:CPD-17132@Charged	
cpd31999	MetaCyc:CPD0-2538	MetaCyc:CPD0-2538	MetaCyc:CPD0-2538	MetaCyc:CPD0-2538	MetaCyc:CPD0-2538	MetaCyc:CPD0-2538				
