id	formula_src	charge_src	inchikey_src	smiles_src	pka_src	pkb_src	deltag_method	deltag_used_src	deltag_gc_src	deltag_eq_src
cpd26000	MetaCyc:CPD0-1159;ChEBI:71590	MetaCyc:CPD0-1159;ChEBI:71590	MetaCyc:CPD0-1159;ChEBI:71590	MetaCyc:CPD0-1159;ChEBI:71590	MetaCyc:CPD0-1159		EQ	eQuilibrator:MNXM14487	MetaCyc:CPD0-1159@Charged	eQuilibrator:MNXM14487
cpd26001	MetaCyc:CPD0-1160	MetaCyc:CPD0-1160	MetaCyc:CPD0-1160	MetaCyc:CPD0-1160	MetaCyc:CPD0-1160	MetaCyc:CPD0-1160	EQ	eQuilibrator:MNXM482032	MetaCyc:CPD0-1160@Charged	eQuilibrator:MNXM482032
cpd26002	MetaCyc:CPD0-1162;ChEBI:87701	MetaCyc:CPD0-1162;ChEBI:87701	MetaCyc:CPD0-1162;ChEBI:87701	MetaCyc:CPD0-1162;ChEBI:87701	MetaCyc:CPD0-1162	MetaCyc:CPD0-1162	EQ	eQuilibrator:MNXM9898	MetaCyc:CPD0-1162@Charged	eQuilibrator:MNXM9898
cpd26003	MetaCyc:CPD0-1163;ChEBI:87705	MetaCyc:CPD0-1163;ChEBI:87705	MetaCyc:CPD0-1163;ChEBI:87705	MetaCyc:CPD0-1163;ChEBI:87705	MetaCyc:CPD0-1163	MetaCyc:CPD0-1163	EQ	eQuilibrator:MNXM14563	MetaCyc:CPD0-1163@Charged	eQuilibrator:MNXM14563
cpd26004	MetaCyc:CPD0-1171@Charged	MetaCyc:CPD0-1171@Charged		MetaCyc:CPD0-1171@Charged	MetaCyc:CPD0-1171	MetaCyc:CPD0-1171				
cpd26005										
cpd26006	MetaCyc:CPD0-1174	MetaCyc:CPD0-1174		MetaCyc:CPD0-1174	MetaCyc:CPD0-1174	MetaCyc:CPD0-1174	GC	MetaCyc:CPD0-1174@Charged	MetaCyc:CPD0-1174@Charged	
cpd26007	MetaCyc:CPD0-1175	MetaCyc:CPD0-1175		MetaCyc:CPD0-1175	MetaCyc:CPD0-1175	MetaCyc:CPD0-1175	GC	MetaCyc:CPD0-1175@Charged	MetaCyc:CPD0-1175@Charged	
cpd26008	MetaCyc:CPD0-1176	MetaCyc:CPD0-1176		MetaCyc:CPD0-1176	MetaCyc:CPD0-1176	MetaCyc:CPD0-1176	GC	MetaCyc:CPD0-1176@Charged	MetaCyc:CPD0-1176@Charged	
cpd26009	MetaCyc:CPD0-1181@Charged	MetaCyc:CPD0-1181@Charged		MetaCyc:CPD0-1181@Charged	MetaCyc:CPD0-1181	MetaCyc:CPD0-1181	GC	MetaCyc:CPD0-1181@Charged	MetaCyc:CPD0-1181@Charged	
cpd26010	MetaCyc:CPD0-1182@Charged	MetaCyc:CPD0-1182@Charged		MetaCyc:CPD0-1182@Charged	MetaCyc:CPD0-1182	MetaCyc:CPD0-1182	GC	MetaCyc:CPD0-1182@Charged	MetaCyc:CPD0-1182@Charged	
cpd26011	MetaCyc:CPD0-1183@Charged	MetaCyc:CPD0-1183@Charged		MetaCyc:CPD0-1183@Charged	MetaCyc:CPD0-1183	MetaCyc:CPD0-1183	GC	MetaCyc:CPD0-1183@Charged	MetaCyc:CPD0-1183@Charged	
cpd26012	MetaCyc:CPD0-1184@Charged	MetaCyc:CPD0-1184@Charged		MetaCyc:CPD0-1184@Charged	MetaCyc:CPD0-1184	MetaCyc:CPD0-1184	GC	MetaCyc:CPD0-1184@Charged	MetaCyc:CPD0-1184@Charged	
cpd26013	MetaCyc:CPD0-1185	MetaCyc:CPD0-1185		MetaCyc:CPD0-1185	MetaCyc:CPD0-1185	MetaCyc:CPD0-1185	GC	MetaCyc:CPD0-1185@Charged	MetaCyc:CPD0-1185@Charged	
cpd26014	MetaCyc:CPD0-1192	MetaCyc:CPD0-1192		MetaCyc:CPD0-1192	MetaCyc:CPD0-1192	MetaCyc:CPD0-1192	GC	MetaCyc:CPD0-1192@Charged	MetaCyc:CPD0-1192@Charged	
cpd26015	MetaCyc:CPD0-1193	MetaCyc:CPD0-1193		MetaCyc:CPD0-1193	MetaCyc:CPD0-1193	MetaCyc:CPD0-1193	GC	MetaCyc:CPD0-1193@Charged	MetaCyc:CPD0-1193@Charged	
cpd26016	MetaCyc:CPD0-1194@Charged	MetaCyc:CPD0-1194@Charged	MetaCyc:CPD0-1194@Charged	MetaCyc:CPD0-1194@Charged	MetaCyc:CPD0-1194	MetaCyc:CPD0-1194	GC	MetaCyc:CPD0-1194@Charged	MetaCyc:CPD0-1194@Charged	
cpd26017	MetaCyc:CPD0-1197	MetaCyc:CPD0-1197	MetaCyc:CPD0-1197	MetaCyc:CPD0-1197	MetaCyc:CPD0-1197	MetaCyc:CPD0-1197	EQ	eQuilibrator:MNXM59479	MetaCyc:CPD0-1197@Charged	eQuilibrator:MNXM59479
cpd26018	MetaCyc:CPD0-1200	MetaCyc:CPD0-1200	MetaCyc:CPD0-1200	MetaCyc:CPD0-1200	MetaCyc:CPD0-1200	MetaCyc:CPD0-1200	EQ	eQuilibrator:MNXM35209	MetaCyc:CPD0-1200@Charged	eQuilibrator:MNXM35209
cpd26019	MetaCyc:CPD0-1202	MetaCyc:CPD0-1202	MetaCyc:CPD0-1202	MetaCyc:CPD0-1202	MetaCyc:CPD0-1202	MetaCyc:CPD0-1202	EQ	eQuilibrator:MNXM11924	MetaCyc:CPD0-1202@Charged	eQuilibrator:MNXM11924
cpd26020	MetaCyc:CPD0-1203	MetaCyc:CPD0-1203	MetaCyc:CPD0-1203	MetaCyc:CPD0-1203	MetaCyc:CPD0-1203	MetaCyc:CPD0-1203	GC	MetaCyc:CPD0-1203@Charged	MetaCyc:CPD0-1203@Charged	eQuilibrator:MNXM89514
cpd26021										
cpd26022	MetaCyc:CPD0-1218@Charged	MetaCyc:CPD0-1218@Charged	MetaCyc:CPD0-1218@Charged	MetaCyc:CPD0-1218@Charged	MetaCyc:CPD0-1218	MetaCyc:CPD0-1218	GC	MetaCyc:CPD0-1218@Charged	MetaCyc:CPD0-1218@Charged	eQuilibrator:MNXM63807
cpd26023	MetaCyc:CPD0-1220	MetaCyc:CPD0-1220	MetaCyc:CPD0-1220	MetaCyc:CPD0-1220	MetaCyc:CPD0-1220	MetaCyc:CPD0-1220	GC	MetaCyc:CPD0-1220@Charged	MetaCyc:CPD0-1220@Charged	
cpd26024	MetaCyc:CPD0-1221	MetaCyc:CPD0-1221	MetaCyc:CPD0-1221	MetaCyc:CPD0-1221	MetaCyc:CPD0-1221	MetaCyc:CPD0-1221	EQ	eQuilibrator:MNXM37424	MetaCyc:CPD0-1221@Charged	eQuilibrator:MNXM37424
cpd26025	MetaCyc:CPD0-1222	MetaCyc:CPD0-1222	MetaCyc:CPD0-1222	MetaCyc:CPD0-1222	MetaCyc:CPD0-1222	MetaCyc:CPD0-1222	GC	MetaCyc:CPD0-1222@Charged	MetaCyc:CPD0-1222@Charged	
cpd26026	MetaCyc:CPD0-1223	MetaCyc:CPD0-1223	MetaCyc:CPD0-1223	MetaCyc:CPD0-1223	MetaCyc:CPD0-1223	MetaCyc:CPD0-1223	GC	MetaCyc:CPD0-1223@Charged	MetaCyc:CPD0-1223@Charged	
cpd26027	MetaCyc:CPD0-1224	MetaCyc:CPD0-1224	MetaCyc:CPD0-1224	MetaCyc:CPD0-1224	MetaCyc:CPD0-1224	MetaCyc:CPD0-1224	EQ	eQuilibrator:MNXM59250	MetaCyc:CPD0-1224@Charged	eQuilibrator:MNXM59250
cpd26028	MetaCyc:CPD0-1229	MetaCyc:CPD0-1229	MetaCyc:CPD0-1229	MetaCyc:CPD0-1229			GC	MetaCyc:CPD0-1229@Charged	MetaCyc:CPD0-1229@Charged	
cpd26029	MetaCyc:CPD0-1230	MetaCyc:CPD0-1230		MetaCyc:CPD0-1230			GC	MetaCyc:CPD0-1230@Charged	MetaCyc:CPD0-1230@Charged	
cpd26030	MetaCyc:CPD0-1231	MetaCyc:CPD0-1231	MetaCyc:CPD0-1231	MetaCyc:CPD0-1231	MetaCyc:CPD0-1231		EQ	eQuilibrator:MNXM35219	MetaCyc:CPD0-1231@Charged	eQuilibrator:MNXM35219
cpd26031	MetaCyc:CPD0-1232;KEGG:C20339	MetaCyc:CPD0-1232;KEGG:C20339	MetaCyc:CPD0-1232;KEGG:C20339	MetaCyc:CPD0-1232;KEGG:C20339		KEGG:C20339	EQ	eQuilibrator:MNXM724991	KEGG:C20339@Charged	eQuilibrator:MNXM724991
cpd26032	MetaCyc:CPD0-1233@Charged	MetaCyc:CPD0-1233@Charged	MetaCyc:CPD0-1233@Charged	MetaCyc:CPD0-1233@Charged	MetaCyc:CPD0-1233	MetaCyc:CPD0-1233	EQ	eQuilibrator:MNXM76587	MetaCyc:CPD0-1233@Charged	eQuilibrator:MNXM76587
cpd26033	MetaCyc:CPD0-1234	MetaCyc:CPD0-1234	MetaCyc:CPD0-1234	MetaCyc:CPD0-1234@Charged	MetaCyc:CPD0-1234	MetaCyc:CPD0-1234	EQ	eQuilibrator:MNXM57992	MetaCyc:CPD0-1234@Charged	eQuilibrator:MNXM57992
cpd26034	MetaCyc:CPD0-1235	MetaCyc:CPD0-1235	MetaCyc:CPD0-1235	MetaCyc:CPD0-1235	MetaCyc:CPD0-1235	MetaCyc:CPD0-1235	GC	MetaCyc:CPD0-1235@Charged	MetaCyc:CPD0-1235@Charged	eQuilibrator:MNXM63814
cpd26035	MetaCyc:CPD0-1236	MetaCyc:CPD0-1236	MetaCyc:CPD0-1236	MetaCyc:CPD0-1236	MetaCyc:CPD0-1236	MetaCyc:CPD0-1236	EQ	eQuilibrator:MNXM64056	MetaCyc:CPD0-1236@Charged	eQuilibrator:MNXM64056
cpd26036	MetaCyc:CPD0-1237;ChEBI:84330	MetaCyc:CPD0-1237;ChEBI:84330	MetaCyc:CPD0-1237;ChEBI:84330	MetaCyc:CPD0-1237;ChEBI:84330	MetaCyc:CPD0-1237	MetaCyc:CPD0-1237	EQ	eQuilibrator:MNXM64057	MetaCyc:CPD0-1237@Charged	eQuilibrator:MNXM64057
cpd26037	MetaCyc:CPD0-1239	MetaCyc:CPD0-1239	MetaCyc:CPD0-1239	MetaCyc:CPD0-1239		MetaCyc:CPD0-1239	GC	MetaCyc:CPD0-1239@Charged	MetaCyc:CPD0-1239@Charged	eQuilibrator:MNXM62447
cpd26038	MetaCyc:CPD0-1240	MetaCyc:CPD0-1240	MetaCyc:CPD0-1240	MetaCyc:CPD0-1240	MetaCyc:CPD0-1240	MetaCyc:CPD0-1240	GC	MetaCyc:CPD0-1240@Charged	MetaCyc:CPD0-1240@Charged	eQuilibrator:MNXM62446
cpd26039	MetaCyc:CPD0-1244	MetaCyc:CPD0-1244	MetaCyc:CPD0-1244	MetaCyc:CPD0-1244	MetaCyc:CPD0-1244	MetaCyc:CPD0-1244	GC	MetaCyc:CPD0-1244@Charged	MetaCyc:CPD0-1244@Charged	eQuilibrator:MNXM62870
cpd26040	MetaCyc:CPD0-1245	MetaCyc:CPD0-1245	MetaCyc:CPD0-1245	MetaCyc:CPD0-1245	MetaCyc:CPD0-1245	MetaCyc:CPD0-1245	GC	MetaCyc:CPD0-1245@Charged	MetaCyc:CPD0-1245@Charged	
cpd26041	MetaCyc:CPD0-1246	MetaCyc:CPD0-1246	MetaCyc:CPD0-1246	MetaCyc:CPD0-1246	MetaCyc:CPD0-1246	MetaCyc:CPD0-1246	GC	MetaCyc:CPD0-1246@Charged	MetaCyc:CPD0-1246@Charged	
cpd26042	MetaCyc:CPD0-1248	MetaCyc:CPD0-1248	MetaCyc:CPD0-1248	MetaCyc:CPD0-1248	MetaCyc:CPD0-1248	MetaCyc:CPD0-1248	GC	MetaCyc:CPD0-1248@Charged	MetaCyc:CPD0-1248@Charged	
cpd26043	MetaCyc:CPD0-1249	MetaCyc:CPD0-1249	MetaCyc:CPD0-1249	MetaCyc:CPD0-1249	MetaCyc:CPD0-1249	MetaCyc:CPD0-1249	GC	MetaCyc:CPD0-1249@Charged	MetaCyc:CPD0-1249@Charged	
cpd26044	MetaCyc:CPD0-1250	MetaCyc:CPD0-1250	MetaCyc:CPD0-1250	MetaCyc:CPD0-1250		MetaCyc:CPD0-1250	GC	MetaCyc:CPD0-1250@Charged	MetaCyc:CPD0-1250@Charged	
cpd26045	MetaCyc:CPD0-1251	MetaCyc:CPD0-1251	MetaCyc:CPD0-1251	MetaCyc:CPD0-1251@Charged	MetaCyc:CPD0-1251	MetaCyc:CPD0-1251	GC	MetaCyc:CPD0-1251@Charged	MetaCyc:CPD0-1251@Charged	eQuilibrator:MNXM724593
cpd26046	MetaCyc:CPD0-1252	MetaCyc:CPD0-1252	MetaCyc:CPD0-1252	MetaCyc:CPD0-1252	MetaCyc:CPD0-1252	MetaCyc:CPD0-1252	GC	MetaCyc:CPD0-1252@Charged	MetaCyc:CPD0-1252@Charged	
cpd26047	MetaCyc:CPD0-1253	MetaCyc:CPD0-1253	MetaCyc:CPD0-1253	MetaCyc:CPD0-1253	MetaCyc:CPD0-1253	MetaCyc:CPD0-1253	GC	MetaCyc:CPD0-1253@Charged	MetaCyc:CPD0-1253@Charged	
cpd26048	MetaCyc:CPD0-1255	MetaCyc:CPD0-1255	MetaCyc:CPD0-1255	MetaCyc:CPD0-1255@Charged	MetaCyc:CPD0-1255	MetaCyc:CPD0-1255	GC	MetaCyc:CPD0-1255@Charged	MetaCyc:CPD0-1255@Charged	
cpd26049	MetaCyc:CPD0-1256@Charged	MetaCyc:CPD0-1256@Charged		MetaCyc:CPD0-1256@Charged			GC	MetaCyc:CPD0-1256@Charged	MetaCyc:CPD0-1256@Charged	
cpd26050	MetaCyc:CPD0-1258	MetaCyc:CPD0-1258	MetaCyc:CPD0-1258	MetaCyc:CPD0-1258	MetaCyc:CPD0-1258	MetaCyc:CPD0-1258	EQ	eQuilibrator:MNXM724617	MetaCyc:CPD0-1258@Charged	eQuilibrator:MNXM724617
cpd26051	MetaCyc:CPD0-1260	MetaCyc:CPD0-1260	MetaCyc:CPD0-1260	MetaCyc:CPD0-1260	MetaCyc:CPD0-1260	MetaCyc:CPD0-1260	EQ	eQuilibrator:MNXM511538	MetaCyc:CPD0-1260@Charged	eQuilibrator:MNXM511538
cpd26052	MetaCyc:CPD0-1262	MetaCyc:CPD0-1262	MetaCyc:CPD0-1262	MetaCyc:CPD0-1262	MetaCyc:CPD0-1262		EQ	eQuilibrator:MNXM725758	MetaCyc:CPD0-1262@Charged	eQuilibrator:MNXM725758
cpd26053	MetaCyc:CPD0-1263	MetaCyc:CPD0-1263	MetaCyc:CPD0-1263	MetaCyc:CPD0-1263	MetaCyc:CPD0-1263	MetaCyc:CPD0-1263	EQ	eQuilibrator:MNXM37133	MetaCyc:CPD0-1263@Charged	eQuilibrator:MNXM37133
cpd26054	MetaCyc:CPD0-1267;ChEBI:30803	MetaCyc:CPD0-1267;ChEBI:30803	MetaCyc:CPD0-1267;ChEBI:30803	MetaCyc:CPD0-1267;ChEBI:30803	MetaCyc:CPD0-1267		EQ	eQuilibrator:MNXM58119	MetaCyc:CPD0-1267@Charged	eQuilibrator:MNXM58119
cpd26055	MetaCyc:CPD0-1269	MetaCyc:CPD0-1269	MetaCyc:CPD0-1269	MetaCyc:CPD0-1269	MetaCyc:CPD0-1269	MetaCyc:CPD0-1269	GC	MetaCyc:CPD0-1269@Charged	MetaCyc:CPD0-1269@Charged	
cpd26056	MetaCyc:CPD0-1271@Charged	MetaCyc:CPD0-1271@Charged	MetaCyc:CPD0-1271@Charged	MetaCyc:CPD0-1271@Charged	MetaCyc:CPD0-1271	MetaCyc:CPD0-1271	EQ		MetaCyc:CPD0-1271@Charged	
cpd26057	MetaCyc:CPD0-1274	MetaCyc:CPD0-1274	MetaCyc:CPD0-1274	MetaCyc:CPD0-1274	MetaCyc:CPD0-1274	MetaCyc:CPD0-1274	EQ	eQuilibrator:MNXM36110	MetaCyc:CPD0-1274@Charged	eQuilibrator:MNXM36110
cpd26058	MetaCyc:CPD0-1276	MetaCyc:CPD0-1276	MetaCyc:CPD0-1276	MetaCyc:CPD0-1276	MetaCyc:CPD0-1276	MetaCyc:CPD0-1276	EQ	eQuilibrator:MNXM48112	MetaCyc:CPD0-1276@Charged	eQuilibrator:MNXM48112
cpd26059	MetaCyc:CPD0-1277	MetaCyc:CPD0-1277	MetaCyc:CPD0-1277	MetaCyc:CPD0-1277	MetaCyc:CPD0-1277	MetaCyc:CPD0-1277	GC	MetaCyc:CPD0-1277@Charged	MetaCyc:CPD0-1277@Charged	eQuilibrator:MNXM680718
cpd26060	MetaCyc:CPD0-1280	MetaCyc:CPD0-1280	MetaCyc:CPD0-1280	MetaCyc:CPD0-1280	MetaCyc:CPD0-1280	MetaCyc:CPD0-1280	EQ	eQuilibrator:MNXM83739	MetaCyc:CPD0-1280@Charged	eQuilibrator:MNXM83739
cpd26061	MetaCyc:CPD0-1281;ChEBI:87049	MetaCyc:CPD0-1281;ChEBI:87049	MetaCyc:CPD0-1281;ChEBI:87049	MetaCyc:CPD0-1281;ChEBI:87049	MetaCyc:CPD0-1281	MetaCyc:CPD0-1281	EQ	eQuilibrator:MNXM60208	MetaCyc:CPD0-1281@Charged	eQuilibrator:MNXM60208
cpd26062	MetaCyc:CPD0-1284	MetaCyc:CPD0-1284	MetaCyc:CPD0-1284	MetaCyc:CPD0-1284	MetaCyc:CPD0-1284	MetaCyc:CPD0-1284	GC	MetaCyc:CPD0-1284@Charged	MetaCyc:CPD0-1284@Charged	
cpd26063	MetaCyc:CPD0-1286	MetaCyc:CPD0-1286	MetaCyc:CPD0-1286	MetaCyc:CPD0-1286	MetaCyc:CPD0-1286	MetaCyc:CPD0-1286	EQ	eQuilibrator:MNXM59524	MetaCyc:CPD0-1286@Charged	eQuilibrator:MNXM59524
cpd26064	MetaCyc:CPD0-1288	MetaCyc:CPD0-1288	MetaCyc:CPD0-1288	MetaCyc:CPD0-1288	MetaCyc:CPD0-1288	MetaCyc:CPD0-1288	GC	MetaCyc:CPD0-1288@Charged	MetaCyc:CPD0-1288@Charged	
cpd26065	MetaCyc:CPD0-1293	MetaCyc:CPD0-1293	MetaCyc:CPD0-1293	MetaCyc:CPD0-1293	MetaCyc:CPD0-1293	MetaCyc:CPD0-1293	EQ	eQuilibrator:MNXM58151	MetaCyc:CPD0-1293@Charged	eQuilibrator:MNXM58151
cpd26066	MetaCyc:CPD0-1294	MetaCyc:CPD0-1294	MetaCyc:CPD0-1294	MetaCyc:CPD0-1294	MetaCyc:CPD0-1294	MetaCyc:CPD0-1294	GC	MetaCyc:CPD0-1294@Charged	MetaCyc:CPD0-1294@Charged	eQuilibrator:MNXM30408
cpd26067	MetaCyc:CPD0-1296	MetaCyc:CPD0-1296	MetaCyc:CPD0-1296	MetaCyc:CPD0-1296		MetaCyc:CPD0-1296	GC	MetaCyc:CPD0-1296@Charged	MetaCyc:CPD0-1296@Charged	
cpd26068	MetaCyc:CPD0-1297	MetaCyc:CPD0-1297	MetaCyc:CPD0-1297	MetaCyc:CPD0-1297	MetaCyc:CPD0-1297	MetaCyc:CPD0-1297	GC	MetaCyc:CPD0-1297@Charged	MetaCyc:CPD0-1297@Charged	eQuilibrator:MNXM34992
cpd26069	MetaCyc:CPD0-1299	MetaCyc:CPD0-1299	MetaCyc:CPD0-1299	MetaCyc:CPD0-1299	MetaCyc:CPD0-1299	MetaCyc:CPD0-1299	EQ	eQuilibrator:MNXM34882	MetaCyc:CPD0-1299@Charged	eQuilibrator:MNXM34882
cpd26070	MetaCyc:CPD0-1300	MetaCyc:CPD0-1300	MetaCyc:CPD0-1300	MetaCyc:CPD0-1300	MetaCyc:CPD0-1300	MetaCyc:CPD0-1300	EQ	eQuilibrator:MNXM48444	MetaCyc:CPD0-1300@Charged	eQuilibrator:MNXM48444
cpd26071	MetaCyc:CPD0-1302	MetaCyc:CPD0-1302	MetaCyc:CPD0-1302	MetaCyc:CPD0-1302	MetaCyc:CPD0-1302	MetaCyc:CPD0-1302	EQ	eQuilibrator:MNXM74972	MetaCyc:CPD0-1302@Charged	eQuilibrator:MNXM74972
cpd26072	MetaCyc:CPD0-1303	MetaCyc:CPD0-1303	MetaCyc:CPD0-1303	MetaCyc:CPD0-1303	MetaCyc:CPD0-1303	MetaCyc:CPD0-1303	GC	MetaCyc:CPD0-1303@Charged	MetaCyc:CPD0-1303@Charged	
cpd26073	MetaCyc:CPD0-1304	MetaCyc:CPD0-1304	MetaCyc:CPD0-1304	MetaCyc:CPD0-1304	MetaCyc:CPD0-1304	MetaCyc:CPD0-1304	GC	MetaCyc:CPD0-1304@Charged	MetaCyc:CPD0-1304@Charged	
cpd26074	MetaCyc:CPD0-1305	MetaCyc:CPD0-1305	MetaCyc:CPD0-1305	MetaCyc:CPD0-1305	MetaCyc:CPD0-1305	MetaCyc:CPD0-1305	GC	MetaCyc:CPD0-1305@Charged	MetaCyc:CPD0-1305@Charged	eQuilibrator:MNXM47578
cpd26075	MetaCyc:CPD0-1306	MetaCyc:CPD0-1306	MetaCyc:CPD0-1306	MetaCyc:CPD0-1306	MetaCyc:CPD0-1306	MetaCyc:CPD0-1306	GC	MetaCyc:CPD0-1306@Charged	MetaCyc:CPD0-1306@Charged	
cpd26076	MetaCyc:CPD0-1307	MetaCyc:CPD0-1307	MetaCyc:CPD0-1307	MetaCyc:CPD0-1307	MetaCyc:CPD0-1307	MetaCyc:CPD0-1307	EQ	eQuilibrator:MNXM36620	MetaCyc:CPD0-1307@Charged	eQuilibrator:MNXM36620
cpd26077	MetaCyc:CPD0-1309	MetaCyc:CPD0-1309	MetaCyc:CPD0-1309	MetaCyc:CPD0-1309	MetaCyc:CPD0-1309		GC	MetaCyc:CPD0-1309@Charged	MetaCyc:CPD0-1309@Charged	
cpd26078	MetaCyc:CPD0-1310	MetaCyc:CPD0-1310	MetaCyc:CPD0-1310	MetaCyc:CPD0-1310	MetaCyc:CPD0-1310	MetaCyc:CPD0-1310	EQ	eQuilibrator:MNXM480326	MetaCyc:CPD0-1310@Charged	eQuilibrator:MNXM480326
cpd26079	MetaCyc:CPD0-1311	MetaCyc:CPD0-1311	MetaCyc:CPD0-1311	MetaCyc:CPD0-1311	MetaCyc:CPD0-1311	MetaCyc:CPD0-1311	EQ	eQuilibrator:MNXM38121	MetaCyc:CPD0-1311@Charged	eQuilibrator:MNXM38121
cpd26080	MetaCyc:CPD0-1312	MetaCyc:CPD0-1312	MetaCyc:CPD0-1312	MetaCyc:CPD0-1312	MetaCyc:CPD0-1312	MetaCyc:CPD0-1312	EQ	eQuilibrator:MNXM725863	MetaCyc:CPD0-1312@Charged	eQuilibrator:MNXM725863
cpd26081	MetaCyc:CPD0-1314	MetaCyc:CPD0-1314	MetaCyc:CPD0-1314	MetaCyc:CPD0-1314	MetaCyc:CPD0-1314	MetaCyc:CPD0-1314	GC	MetaCyc:CPD0-1314@Charged	MetaCyc:CPD0-1314@Charged	eQuilibrator:MNXM88576
cpd26082	MetaCyc:CPD0-1315	MetaCyc:CPD0-1315	MetaCyc:CPD0-1315	MetaCyc:CPD0-1315	MetaCyc:CPD0-1315	MetaCyc:CPD0-1315	EQ	eQuilibrator:MNXM88577	MetaCyc:CPD0-1315@Charged	eQuilibrator:MNXM88577
cpd26083	MetaCyc:CPD0-1316	MetaCyc:CPD0-1316	MetaCyc:CPD0-1316	MetaCyc:CPD0-1316	MetaCyc:CPD0-1316	MetaCyc:CPD0-1316	GC	MetaCyc:CPD0-1316@Charged	MetaCyc:CPD0-1316@Charged	eQuilibrator:MNXM38117
cpd26084										
cpd26085	MetaCyc:CPD0-1319	MetaCyc:CPD0-1319	MetaCyc:CPD0-1319	MetaCyc:CPD0-1319	MetaCyc:CPD0-1319	MetaCyc:CPD0-1319	EQ	eQuilibrator:MNXM37810	MetaCyc:CPD0-1319@Charged	eQuilibrator:MNXM37810
cpd26086	MetaCyc:CPD0-1320	MetaCyc:CPD0-1320	MetaCyc:CPD0-1320	MetaCyc:CPD0-1320	MetaCyc:CPD0-1320	MetaCyc:CPD0-1320	GC	MetaCyc:CPD0-1320@Charged	MetaCyc:CPD0-1320@Charged	
cpd26087	MetaCyc:CPD0-1321	MetaCyc:CPD0-1321	MetaCyc:CPD0-1321	MetaCyc:CPD0-1321	MetaCyc:CPD0-1321	MetaCyc:CPD0-1321	GC	MetaCyc:CPD0-1321@Charged	MetaCyc:CPD0-1321@Charged	
cpd26088	MetaCyc:CPD0-1322	MetaCyc:CPD0-1322	MetaCyc:CPD0-1322	MetaCyc:CPD0-1322	MetaCyc:CPD0-1322	MetaCyc:CPD0-1322	EQ	eQuilibrator:MNXM37796	MetaCyc:CPD0-1322@Charged	eQuilibrator:MNXM37796
cpd26089	MetaCyc:CPD0-1324	MetaCyc:CPD0-1324	MetaCyc:CPD0-1324	MetaCyc:CPD0-1324	MetaCyc:CPD0-1324	MetaCyc:CPD0-1324	GC	MetaCyc:CPD0-1324@Charged	MetaCyc:CPD0-1324@Charged	
cpd26090	MetaCyc:CPD0-1325	MetaCyc:CPD0-1325	MetaCyc:CPD0-1325	MetaCyc:CPD0-1325	MetaCyc:CPD0-1325	MetaCyc:CPD0-1325	EQ	eQuilibrator:MNXM66269	MetaCyc:CPD0-1325@Charged	eQuilibrator:MNXM66269
cpd26091	MetaCyc:CPD0-1326	MetaCyc:CPD0-1326	MetaCyc:CPD0-1326	MetaCyc:CPD0-1326	MetaCyc:CPD0-1326	MetaCyc:CPD0-1326	GC	MetaCyc:CPD0-1326@Charged	MetaCyc:CPD0-1326@Charged	
cpd26092	MetaCyc:CPD0-1328	MetaCyc:CPD0-1328	MetaCyc:CPD0-1328	MetaCyc:CPD0-1328	MetaCyc:CPD0-1328	MetaCyc:CPD0-1328	EQ	eQuilibrator:MNXM63567	MetaCyc:CPD0-1328@Charged	eQuilibrator:MNXM63567
cpd26093	MetaCyc:CPD0-1329@Charged	MetaCyc:CPD0-1329@Charged	MetaCyc:CPD0-1329@Charged	MetaCyc:CPD0-1329@Charged	MetaCyc:CPD0-1329	MetaCyc:CPD0-1329	GC	MetaCyc:CPD0-1329@Charged	MetaCyc:CPD0-1329@Charged	
cpd26094	MetaCyc:CPD0-1330	MetaCyc:CPD0-1330	MetaCyc:CPD0-1330	MetaCyc:CPD0-1330	MetaCyc:CPD0-1330	MetaCyc:CPD0-1330	GC	MetaCyc:CPD0-1330@Charged	MetaCyc:CPD0-1330@Charged	
cpd26095	MetaCyc:CPD0-1331	MetaCyc:CPD0-1331	MetaCyc:CPD0-1331	MetaCyc:CPD0-1331	MetaCyc:CPD0-1331	MetaCyc:CPD0-1331	EQ		MetaCyc:CPD0-1331@Charged	
cpd26096	MetaCyc:CPD0-1333	MetaCyc:CPD0-1333	MetaCyc:CPD0-1333	MetaCyc:CPD0-1333	MetaCyc:CPD0-1333	MetaCyc:CPD0-1333				
cpd26097	MetaCyc:CPD0-1336	MetaCyc:CPD0-1336	MetaCyc:CPD0-1336	MetaCyc:CPD0-1336	MetaCyc:CPD0-1336	MetaCyc:CPD0-1336	GC	MetaCyc:CPD0-1336@Charged	MetaCyc:CPD0-1336@Charged	
cpd26098	MetaCyc:CPD0-1337	MetaCyc:CPD0-1337	MetaCyc:CPD0-1337	MetaCyc:CPD0-1337	MetaCyc:CPD0-1337	MetaCyc:CPD0-1337	EQ	eQuilibrator:MNXM724589	MetaCyc:CPD0-1337@Charged	eQuilibrator:MNXM724589
cpd26099	MetaCyc:CPD0-1338	MetaCyc:CPD0-1338	MetaCyc:CPD0-1338	MetaCyc:CPD0-1338	MetaCyc:CPD0-1338	MetaCyc:CPD0-1338	EQ	eQuilibrator:MNXM43765	MetaCyc:CPD0-1338@Charged	eQuilibrator:MNXM43765
cpd26100	MetaCyc:CPD0-1342	MetaCyc:CPD0-1342	MetaCyc:CPD0-1342	MetaCyc:CPD0-1342	MetaCyc:CPD0-1342	MetaCyc:CPD0-1342	GC	MetaCyc:CPD0-1342@Charged	MetaCyc:CPD0-1342@Charged	eQuilibrator:MNXM38180
cpd26101	MetaCyc:CPD0-1343@Charged	MetaCyc:CPD0-1343@Charged	MetaCyc:CPD0-1343@Charged	MetaCyc:CPD0-1343@Charged	MetaCyc:CPD0-1343	MetaCyc:CPD0-1343	GC	MetaCyc:CPD0-1343@Charged	MetaCyc:CPD0-1343@Charged	
cpd26102	MetaCyc:CPD0-1344@Charged	MetaCyc:CPD0-1344@Charged	MetaCyc:CPD0-1344@Charged	MetaCyc:CPD0-1344@Charged	MetaCyc:CPD0-1344	MetaCyc:CPD0-1344	EQ	eQuilibrator:MNXM38166	MetaCyc:CPD0-1344@Charged	eQuilibrator:MNXM38166
cpd26103	MetaCyc:CPD0-1345@Charged	MetaCyc:CPD0-1345@Charged	MetaCyc:CPD0-1345@Charged	MetaCyc:CPD0-1345@Charged	MetaCyc:CPD0-1345	MetaCyc:CPD0-1345	EQ	eQuilibrator:MNXM56896	MetaCyc:CPD0-1345@Charged	eQuilibrator:MNXM56896
cpd26104	MetaCyc:CPD0-1346@Charged	MetaCyc:CPD0-1346@Charged	MetaCyc:CPD0-1346@Charged	MetaCyc:CPD0-1346@Charged	MetaCyc:CPD0-1346	MetaCyc:CPD0-1346	EQ	eQuilibrator:MNXM56897	MetaCyc:CPD0-1346@Charged	eQuilibrator:MNXM56897
cpd26105	MetaCyc:CPD0-1351	MetaCyc:CPD0-1351	MetaCyc:CPD0-1351	MetaCyc:CPD0-1351	MetaCyc:CPD0-1351	MetaCyc:CPD0-1351	GC	MetaCyc:CPD0-1351@Charged	MetaCyc:CPD0-1351@Charged	
cpd26106	MetaCyc:CPD0-1352@Charged	MetaCyc:CPD0-1352@Charged	MetaCyc:CPD0-1352@Charged	MetaCyc:CPD0-1352@Charged	MetaCyc:CPD0-1352	MetaCyc:CPD0-1352	GC	MetaCyc:CPD0-1352@Charged	MetaCyc:CPD0-1352@Charged	
cpd26107	MetaCyc:CPD0-1353	MetaCyc:CPD0-1353	MetaCyc:CPD0-1353	MetaCyc:CPD0-1353	MetaCyc:CPD0-1353		GC	MetaCyc:CPD0-1353@Charged	MetaCyc:CPD0-1353@Charged	eQuilibrator:MNXM36454
cpd26108	MetaCyc:CPD0-1354@Charged	MetaCyc:CPD0-1354@Charged	MetaCyc:CPD0-1354@Charged	MetaCyc:CPD0-1354@Charged	MetaCyc:CPD0-1354	MetaCyc:CPD0-1354	GC	MetaCyc:CPD0-1354@Charged	MetaCyc:CPD0-1354@Charged	eQuilibrator:MNXM725474
cpd26109	MetaCyc:CPD0-1356@Charged	MetaCyc:CPD0-1356@Charged	MetaCyc:CPD0-1356@Charged	MetaCyc:CPD0-1356@Charged	MetaCyc:CPD0-1356		GC	MetaCyc:CPD0-1356@Charged	MetaCyc:CPD0-1356@Charged	
cpd26110	MetaCyc:CPD0-1357@Charged	MetaCyc:CPD0-1357@Charged	MetaCyc:CPD0-1357@Charged	MetaCyc:CPD0-1357@Charged	MetaCyc:CPD0-1357	MetaCyc:CPD0-1357	GC	MetaCyc:CPD0-1357@Charged	MetaCyc:CPD0-1357@Charged	
cpd26111	MetaCyc:CPD0-1360	MetaCyc:CPD0-1360	MetaCyc:CPD0-1360	MetaCyc:CPD0-1360	MetaCyc:CPD0-1360	MetaCyc:CPD0-1360	EQ	eQuilibrator:MNXM37202	MetaCyc:CPD0-1360@Charged	eQuilibrator:MNXM37202
cpd26112	MetaCyc:CPD0-1363	MetaCyc:CPD0-1363	MetaCyc:CPD0-1363	MetaCyc:CPD0-1363	MetaCyc:CPD0-1363	MetaCyc:CPD0-1363	GC	MetaCyc:CPD0-1363@Charged	MetaCyc:CPD0-1363@Charged	eQuilibrator:MNXM38002
cpd26113	MetaCyc:CPD0-1364	MetaCyc:CPD0-1364	MetaCyc:CPD0-1364	MetaCyc:CPD0-1364	MetaCyc:CPD0-1364	MetaCyc:CPD0-1364	GC	MetaCyc:CPD0-1364@Charged	MetaCyc:CPD0-1364@Charged	
cpd26114	MetaCyc:CPD0-1367	MetaCyc:CPD0-1367	MetaCyc:CPD0-1367	MetaCyc:CPD0-1367		MetaCyc:CPD0-1367	EQ	eQuilibrator:MNXM480569	MetaCyc:CPD0-1367@Charged	eQuilibrator:MNXM480569
cpd26115	MetaCyc:CPD0-1370	MetaCyc:CPD0-1370	MetaCyc:CPD0-1370	MetaCyc:CPD0-1370	MetaCyc:CPD0-1370	MetaCyc:CPD0-1370	EQ	eQuilibrator:MNXM89477	MetaCyc:CPD0-1370@Charged	eQuilibrator:MNXM89477
cpd26116	MetaCyc:CPD0-1372	MetaCyc:CPD0-1372	MetaCyc:CPD0-1372	MetaCyc:CPD0-1372	MetaCyc:CPD0-1372	MetaCyc:CPD0-1372	GC	MetaCyc:CPD0-1372@Charged	MetaCyc:CPD0-1372@Charged	
cpd26117	MetaCyc:CPD0-1373	MetaCyc:CPD0-1373	MetaCyc:CPD0-1373	MetaCyc:CPD0-1373	MetaCyc:CPD0-1373	MetaCyc:CPD0-1373	EQ	eQuilibrator:MNXM89516	MetaCyc:CPD0-1373@Charged	eQuilibrator:MNXM89516
cpd26118	MetaCyc:CPD0-1374	MetaCyc:CPD0-1374	MetaCyc:CPD0-1374	MetaCyc:CPD0-1374	MetaCyc:CPD0-1374	MetaCyc:CPD0-1374				
cpd26119	MetaCyc:CPD0-1375	MetaCyc:CPD0-1375	MetaCyc:CPD0-1375	MetaCyc:CPD0-1375	MetaCyc:CPD0-1375	MetaCyc:CPD0-1375	EQ	eQuilibrator:MNXM81267	MetaCyc:CPD0-1375@Charged	eQuilibrator:MNXM81267
cpd26120	MetaCyc:CPD0-1377	MetaCyc:CPD0-1377	MetaCyc:CPD0-1377	MetaCyc:CPD0-1377	MetaCyc:CPD0-1377	MetaCyc:CPD0-1377	GC	MetaCyc:CPD0-1377@Charged	MetaCyc:CPD0-1377@Charged	
cpd26121	MetaCyc:CPD0-1378	MetaCyc:CPD0-1378	MetaCyc:CPD0-1378	MetaCyc:CPD0-1378	MetaCyc:CPD0-1378	MetaCyc:CPD0-1378	GC	MetaCyc:CPD0-1378@Charged	MetaCyc:CPD0-1378@Charged	eQuilibrator:MNXM81896
cpd26122	MetaCyc:CPD0-1379@Charged	MetaCyc:CPD0-1379@Charged	MetaCyc:CPD0-1379@Charged	MetaCyc:CPD0-1379@Charged	MetaCyc:CPD0-1379	MetaCyc:CPD0-1379	EQ	eQuilibrator:MNXM81897	MetaCyc:CPD0-1379@Charged	eQuilibrator:MNXM81897
cpd26123	MetaCyc:CPD0-1380@Charged	MetaCyc:CPD0-1380@Charged	MetaCyc:CPD0-1380@Charged	MetaCyc:CPD0-1380@Charged	MetaCyc:CPD0-1380	MetaCyc:CPD0-1380	EQ	eQuilibrator:MNXM63667	MetaCyc:CPD0-1380@Charged	eQuilibrator:MNXM63667
cpd26124	MetaCyc:CPD0-1385	MetaCyc:CPD0-1385	MetaCyc:CPD0-1385	MetaCyc:CPD0-1385	MetaCyc:CPD0-1385		GC	MetaCyc:CPD0-1385@Charged	MetaCyc:CPD0-1385@Charged	
cpd26125	MetaCyc:CPD0-1386	MetaCyc:CPD0-1386	MetaCyc:CPD0-1386	MetaCyc:CPD0-1386	MetaCyc:CPD0-1386	MetaCyc:CPD0-1386	EQ	eQuilibrator:MNXM81284	MetaCyc:CPD0-1386@Charged	eQuilibrator:MNXM81284
cpd26126	MetaCyc:CPD0-1388@Charged	MetaCyc:CPD0-1388@Charged	MetaCyc:CPD0-1388@Charged	MetaCyc:CPD0-1388@Charged	MetaCyc:CPD0-1388	MetaCyc:CPD0-1388	GC	MetaCyc:CPD0-1388@Charged	MetaCyc:CPD0-1388@Charged	
cpd26127	MetaCyc:CPD0-1390@Charged	MetaCyc:CPD0-1390@Charged	MetaCyc:CPD0-1390@Charged	MetaCyc:CPD0-1390@Charged	MetaCyc:CPD0-1390	MetaCyc:CPD0-1390	EQ		MetaCyc:CPD0-1390@Charged	
cpd26128	MetaCyc:CPD0-1391@Charged	MetaCyc:CPD0-1391@Charged	MetaCyc:CPD0-1391@Charged	MetaCyc:CPD0-1391@Charged	MetaCyc:CPD0-1391	MetaCyc:CPD0-1391	GC	MetaCyc:CPD0-1391@Charged	MetaCyc:CPD0-1391@Charged	
cpd26129	MetaCyc:CPD0-1393@Charged	MetaCyc:CPD0-1393@Charged	MetaCyc:CPD0-1393@Charged	MetaCyc:CPD0-1393@Charged	MetaCyc:CPD0-1393	MetaCyc:CPD0-1393	GC	MetaCyc:CPD0-1393@Charged	MetaCyc:CPD0-1393@Charged	
cpd26130	MetaCyc:CPD0-1394@Charged	MetaCyc:CPD0-1394@Charged	MetaCyc:CPD0-1394@Charged	MetaCyc:CPD0-1394@Charged	MetaCyc:CPD0-1394	MetaCyc:CPD0-1394	EQ	eQuilibrator:MNXM34197	MetaCyc:CPD0-1394@Charged	eQuilibrator:MNXM34197
cpd26131	MetaCyc:CPD0-1396	MetaCyc:CPD0-1396	MetaCyc:CPD0-1396	MetaCyc:CPD0-1396	MetaCyc:CPD0-1396	MetaCyc:CPD0-1396	GC	MetaCyc:CPD0-1396@Charged	MetaCyc:CPD0-1396@Charged	
cpd26132	MetaCyc:CPD0-1397@Charged	MetaCyc:CPD0-1397@Charged	MetaCyc:CPD0-1397@Charged	MetaCyc:CPD0-1397@Charged		MetaCyc:CPD0-1397	GC	MetaCyc:CPD0-1397@Charged	MetaCyc:CPD0-1397@Charged	
cpd26133	MetaCyc:CPD0-1398@Charged	MetaCyc:CPD0-1398@Charged	MetaCyc:CPD0-1398@Charged	MetaCyc:CPD0-1398@Charged		MetaCyc:CPD0-1398	GC	MetaCyc:CPD0-1398@Charged	MetaCyc:CPD0-1398@Charged	
cpd26134	MetaCyc:CPD0-1399	MetaCyc:CPD0-1399	MetaCyc:CPD0-1399	MetaCyc:CPD0-1399			GC	MetaCyc:CPD0-1399@Charged	MetaCyc:CPD0-1399@Charged	
cpd26135	MetaCyc:CPD0-1400	MetaCyc:CPD0-1400	MetaCyc:CPD0-1400	MetaCyc:CPD0-1400	MetaCyc:CPD0-1400	MetaCyc:CPD0-1400	EQ	eQuilibrator:MNXM37795	MetaCyc:CPD0-1400@Charged	eQuilibrator:MNXM37795
cpd26136	MetaCyc:CPD0-1401@Charged	MetaCyc:CPD0-1401@Charged	MetaCyc:CPD0-1401@Charged	MetaCyc:CPD0-1401@Charged	MetaCyc:CPD0-1401	MetaCyc:CPD0-1401	EQ		MetaCyc:CPD0-1401@Charged	
cpd26137	MetaCyc:CPD0-1402	MetaCyc:CPD0-1402	MetaCyc:CPD0-1402	MetaCyc:CPD0-1402	MetaCyc:CPD0-1402	MetaCyc:CPD0-1402	EQ	eQuilibrator:MNXM37787	MetaCyc:CPD0-1402@Charged	eQuilibrator:MNXM37787
cpd26138	MetaCyc:CPD0-1403	MetaCyc:CPD0-1403	MetaCyc:CPD0-1403	MetaCyc:CPD0-1403	MetaCyc:CPD0-1403	MetaCyc:CPD0-1403	EQ	eQuilibrator:MNXM37788	MetaCyc:CPD0-1403@Charged	eQuilibrator:MNXM37788
cpd26139	MetaCyc:CPD0-1404	MetaCyc:CPD0-1404	MetaCyc:CPD0-1404	MetaCyc:CPD0-1404	MetaCyc:CPD0-1404	MetaCyc:CPD0-1404	GC	MetaCyc:CPD0-1404@Charged	MetaCyc:CPD0-1404@Charged	eQuilibrator:MNXM39524
cpd26140	MetaCyc:CPD0-1405	MetaCyc:CPD0-1405	MetaCyc:CPD0-1405	MetaCyc:CPD0-1405	MetaCyc:CPD0-1405	MetaCyc:CPD0-1405	GC	MetaCyc:CPD0-1405@Charged	MetaCyc:CPD0-1405@Charged	eQuilibrator:MNXM39525
cpd26141	MetaCyc:CPD0-1406	MetaCyc:CPD0-1406	MetaCyc:CPD0-1406	MetaCyc:CPD0-1406	MetaCyc:CPD0-1406	MetaCyc:CPD0-1406	GC	MetaCyc:CPD0-1406@Charged	MetaCyc:CPD0-1406@Charged	eQuilibrator:MNXM39526
cpd26142	MetaCyc:CPD0-1407@Charged	MetaCyc:CPD0-1407@Charged	MetaCyc:CPD0-1407@Charged	MetaCyc:CPD0-1407@Charged	MetaCyc:CPD0-1407	MetaCyc:CPD0-1407	EQ		MetaCyc:CPD0-1407@Charged	
cpd26143	MetaCyc:CPD0-1408	MetaCyc:CPD0-1408	MetaCyc:CPD0-1408	MetaCyc:CPD0-1408	MetaCyc:CPD0-1408	MetaCyc:CPD0-1408	EQ	eQuilibrator:MNXM38097	MetaCyc:CPD0-1408@Charged	eQuilibrator:MNXM38097
cpd26144	MetaCyc:CPD0-1410@Charged	MetaCyc:CPD0-1410@Charged	MetaCyc:CPD0-1410@Charged	MetaCyc:CPD0-1410@Charged	MetaCyc:CPD0-1410	MetaCyc:CPD0-1410	EQ		MetaCyc:CPD0-1410@Charged	
cpd26145	MetaCyc:CPD0-1415@Charged	MetaCyc:CPD0-1415@Charged	MetaCyc:CPD0-1415@Charged	MetaCyc:CPD0-1415@Charged	MetaCyc:CPD0-1415	MetaCyc:CPD0-1415	GC	MetaCyc:CPD0-1415@Charged	MetaCyc:CPD0-1415@Charged	eQuilibrator:MNXM37836
cpd26146	MetaCyc:CPD0-1421@Charged	MetaCyc:CPD0-1421@Charged	MetaCyc:CPD0-1421@Charged	MetaCyc:CPD0-1421@Charged	MetaCyc:CPD0-1421		GC	MetaCyc:CPD0-1421@Charged	MetaCyc:CPD0-1421@Charged	
cpd26147	MetaCyc:CPD0-1422;ChEBI:72859	MetaCyc:CPD0-1422;ChEBI:72859	MetaCyc:CPD0-1422;ChEBI:72859	MetaCyc:CPD0-1422;ChEBI:72859	MetaCyc:CPD0-1422	MetaCyc:CPD0-1422	EQ	eQuilibrator:MNXM17312	MetaCyc:CPD0-1422@Charged	eQuilibrator:MNXM17312
cpd26148	MetaCyc:CPD0-1423;ChEBI:82921	MetaCyc:CPD0-1423;ChEBI:82921	MetaCyc:CPD0-1423;ChEBI:82921	MetaCyc:CPD0-1423;ChEBI:82921	MetaCyc:CPD0-1423	MetaCyc:CPD0-1423	EQ	eQuilibrator:MNXM51279	MetaCyc:CPD0-1423@Charged	eQuilibrator:MNXM51279
cpd26149	MetaCyc:CPD0-1424	MetaCyc:CPD0-1424	MetaCyc:CPD0-1424	MetaCyc:CPD0-1424	MetaCyc:CPD0-1424	MetaCyc:CPD0-1424	EQ	eQuilibrator:MNXM51074	MetaCyc:CPD0-1424@Charged	eQuilibrator:MNXM51074
cpd26150	MetaCyc:CPD0-1425;ChEBI:83550	MetaCyc:CPD0-1425;ChEBI:83550	MetaCyc:CPD0-1425;ChEBI:83550	MetaCyc:CPD0-1425;ChEBI:83550	MetaCyc:CPD0-1425	MetaCyc:CPD0-1425	EQ	eQuilibrator:MNXM51017	MetaCyc:CPD0-1425@Charged	eQuilibrator:MNXM51017
cpd26151	MetaCyc:CPD0-1426	MetaCyc:CPD0-1426	MetaCyc:CPD0-1426	MetaCyc:CPD0-1426	MetaCyc:CPD0-1426	MetaCyc:CPD0-1426	EQ	eQuilibrator:MNXM79991	MetaCyc:CPD0-1426@Charged	eQuilibrator:MNXM79991
cpd26152	MetaCyc:CPD0-1428	MetaCyc:CPD0-1428	MetaCyc:CPD0-1428	MetaCyc:CPD0-1428	MetaCyc:CPD0-1428	MetaCyc:CPD0-1428	EQ		MetaCyc:CPD0-1428@Charged	
cpd26153	MetaCyc:CPD0-1430	MetaCyc:CPD0-1430	MetaCyc:CPD0-1430	MetaCyc:CPD0-1430		MetaCyc:CPD0-1430	GC	MetaCyc:CPD0-1430@Charged	MetaCyc:CPD0-1430@Charged	eQuilibrator:MNXM35419
cpd26154	MetaCyc:CPD0-1431	MetaCyc:CPD0-1431	MetaCyc:CPD0-1431	MetaCyc:CPD0-1431@Charged	MetaCyc:CPD0-1431	MetaCyc:CPD0-1431	EQ	eQuilibrator:MNXM43670	MetaCyc:CPD0-1431@Charged	eQuilibrator:MNXM43670
cpd26155	MetaCyc:CPD0-1432	MetaCyc:CPD0-1432	MetaCyc:CPD0-1432	MetaCyc:CPD0-1432@Charged		MetaCyc:CPD0-1432	GC	MetaCyc:CPD0-1432@Charged	MetaCyc:CPD0-1432@Charged	eQuilibrator:MNXM63666
cpd26156	MetaCyc:CPD0-1433	MetaCyc:CPD0-1433	MetaCyc:CPD0-1433	MetaCyc:CPD0-1433	MetaCyc:CPD0-1433	MetaCyc:CPD0-1433	GC	MetaCyc:CPD0-1433@Charged	MetaCyc:CPD0-1433@Charged	
cpd26157	MetaCyc:CPD0-1437	MetaCyc:CPD0-1437	MetaCyc:CPD0-1437	MetaCyc:CPD0-1437			GC	MetaCyc:CPD0-1437@Charged	MetaCyc:CPD0-1437@Charged	
cpd26158	MetaCyc:CPD0-1438@Charged	MetaCyc:CPD0-1438@Charged	MetaCyc:CPD0-1438@Charged	MetaCyc:CPD0-1438@Charged	MetaCyc:CPD0-1438	MetaCyc:CPD0-1438	GC	MetaCyc:CPD0-1438@Charged	MetaCyc:CPD0-1438@Charged	
cpd26159	MetaCyc:CPD0-1440	MetaCyc:CPD0-1440	MetaCyc:CPD0-1440	MetaCyc:CPD0-1440	MetaCyc:CPD0-1440	MetaCyc:CPD0-1440	EQ	eQuilibrator:MNXM46982	MetaCyc:CPD0-1440@Charged	eQuilibrator:MNXM46982
cpd26160	MetaCyc:CPD0-1442;ChEBI:64854	MetaCyc:CPD0-1442;ChEBI:64854	MetaCyc:CPD0-1442;ChEBI:64854	MetaCyc:CPD0-1442;ChEBI:64854	MetaCyc:CPD0-1442	MetaCyc:CPD0-1442	EQ	eQuilibrator:MNXM19748	MetaCyc:CPD0-1442@Charged	eQuilibrator:MNXM19748
cpd26161	MetaCyc:CPD0-1449;ChEBI:78673	MetaCyc:CPD0-1449;ChEBI:78673	MetaCyc:CPD0-1449;ChEBI:78673	MetaCyc:CPD0-1449;ChEBI:78673	MetaCyc:CPD0-1449	MetaCyc:CPD0-1449	GC	MetaCyc:CPD0-1449@Charged	MetaCyc:CPD0-1449@Charged	
cpd26162	MetaCyc:CPD0-1454	MetaCyc:CPD0-1454	MetaCyc:CPD0-1454	MetaCyc:CPD0-1454	MetaCyc:CPD0-1454	MetaCyc:CPD0-1454	EQ	eQuilibrator:MNXM36250	MetaCyc:CPD0-1454@Charged	eQuilibrator:MNXM36250
cpd26163	MetaCyc:CPD0-1457	MetaCyc:CPD0-1457	MetaCyc:CPD0-1457	MetaCyc:CPD0-1457	MetaCyc:CPD0-1457	MetaCyc:CPD0-1457	EQ	eQuilibrator:MNXM52821	MetaCyc:CPD0-1457@Charged	eQuilibrator:MNXM52821
cpd26164	MetaCyc:CPD0-1458	MetaCyc:CPD0-1458	MetaCyc:CPD0-1458	MetaCyc:CPD0-1458	MetaCyc:CPD0-1458	MetaCyc:CPD0-1458	EQ	eQuilibrator:MNXM36550	MetaCyc:CPD0-1458@Charged	eQuilibrator:MNXM36550
cpd26165	MetaCyc:CPD0-1461	MetaCyc:CPD0-1461	MetaCyc:CPD0-1461	MetaCyc:CPD0-1461	MetaCyc:CPD0-1461	MetaCyc:CPD0-1461	GC	MetaCyc:CPD0-1461@Charged	MetaCyc:CPD0-1461@Charged	
cpd26166										
cpd26167										
cpd26168	MetaCyc:CPD0-1468	MetaCyc:CPD0-1468	MetaCyc:CPD0-1468	MetaCyc:CPD0-1468	MetaCyc:CPD0-1468	MetaCyc:CPD0-1468	EQ	eQuilibrator:MNXM51695	MetaCyc:CPD0-1468@Charged	eQuilibrator:MNXM51695
cpd26169	MetaCyc:CPD0-1471	MetaCyc:CPD0-1471	MetaCyc:CPD0-1471	MetaCyc:CPD0-1471	MetaCyc:CPD0-1471	MetaCyc:CPD0-1471	GC	MetaCyc:CPD0-1471@Charged	MetaCyc:CPD0-1471@Charged	eQuilibrator:MNXM723514
cpd26170	MetaCyc:CPD0-1472	MetaCyc:CPD0-1472	MetaCyc:CPD0-1472	MetaCyc:CPD0-1472@Charged	MetaCyc:CPD0-1472	MetaCyc:CPD0-1472	GC	MetaCyc:CPD0-1472@Charged	MetaCyc:CPD0-1472@Charged	
cpd26171	MetaCyc:CPD0-1473	MetaCyc:CPD0-1473	MetaCyc:CPD0-1473	MetaCyc:CPD0-1473	MetaCyc:CPD0-1473	MetaCyc:CPD0-1473	GC	MetaCyc:CPD0-1473@Charged	MetaCyc:CPD0-1473@Charged	
cpd26172	MetaCyc:CPD0-1474	MetaCyc:CPD0-1474	MetaCyc:CPD0-1474	MetaCyc:CPD0-1474@Charged	MetaCyc:CPD0-1474	MetaCyc:CPD0-1474	GC	MetaCyc:CPD0-1474@Charged	MetaCyc:CPD0-1474@Charged	
cpd26173	MetaCyc:CPD0-1475	MetaCyc:CPD0-1475	MetaCyc:CPD0-1475	MetaCyc:CPD0-1475	MetaCyc:CPD0-1475	MetaCyc:CPD0-1475	GC	MetaCyc:CPD0-1475@Charged	MetaCyc:CPD0-1475@Charged	eQuilibrator:MNXM34947
cpd26174	MetaCyc:CPD0-1480	MetaCyc:CPD0-1480	MetaCyc:CPD0-1480	MetaCyc:CPD0-1480	MetaCyc:CPD0-1480	MetaCyc:CPD0-1480	GC	MetaCyc:CPD0-1480@Charged	MetaCyc:CPD0-1480@Charged	
cpd26175	MetaCyc:CPD0-1481	MetaCyc:CPD0-1481	MetaCyc:CPD0-1481	MetaCyc:CPD0-1481	MetaCyc:CPD0-1481		EQ	eQuilibrator:MNXM41763	MetaCyc:CPD0-1481@Charged	eQuilibrator:MNXM41763
cpd26176	MetaCyc:CPD0-1482	MetaCyc:CPD0-1482	MetaCyc:CPD0-1482	MetaCyc:CPD0-1482	MetaCyc:CPD0-1482	MetaCyc:CPD0-1482	GC	MetaCyc:CPD0-1482@Charged	MetaCyc:CPD0-1482@Charged	
cpd26177	MetaCyc:CPD0-1483	MetaCyc:CPD0-1483	MetaCyc:CPD0-1483	MetaCyc:CPD0-1483	MetaCyc:CPD0-1483	MetaCyc:CPD0-1483	GC	MetaCyc:CPD0-1483@Charged	MetaCyc:CPD0-1483@Charged	eQuilibrator:MNXM39423
cpd26178	MetaCyc:CPD0-1484	MetaCyc:CPD0-1484	MetaCyc:CPD0-1484	MetaCyc:CPD0-1484	MetaCyc:CPD0-1484	MetaCyc:CPD0-1484	GC	MetaCyc:CPD0-1484@Charged	MetaCyc:CPD0-1484@Charged	eQuilibrator:MNXM81268
cpd26179	MetaCyc:CPD0-1485	MetaCyc:CPD0-1485	MetaCyc:CPD0-1485	MetaCyc:CPD0-1485	MetaCyc:CPD0-1485	MetaCyc:CPD0-1485	EQ	eQuilibrator:MNXM39046	MetaCyc:CPD0-1485@Charged	eQuilibrator:MNXM39046
cpd26180	MetaCyc:CPD0-1486	MetaCyc:CPD0-1486	MetaCyc:CPD0-1486	MetaCyc:CPD0-1486	MetaCyc:CPD0-1486	MetaCyc:CPD0-1486	EQ	eQuilibrator:MNXM80624	MetaCyc:CPD0-1486@Charged	eQuilibrator:MNXM80624
cpd26181	MetaCyc:CPD0-1487	MetaCyc:CPD0-1487	MetaCyc:CPD0-1487	MetaCyc:CPD0-1487	MetaCyc:CPD0-1487	MetaCyc:CPD0-1487	EQ	eQuilibrator:MNXM38118	MetaCyc:CPD0-1487@Charged	eQuilibrator:MNXM38118
cpd26182	MetaCyc:CPD0-1488	MetaCyc:CPD0-1488	MetaCyc:CPD0-1488	MetaCyc:CPD0-1488	MetaCyc:CPD0-1488	MetaCyc:CPD0-1488	EQ	eQuilibrator:MNXM14903	MetaCyc:CPD0-1488@Charged	eQuilibrator:MNXM14903
cpd26183	MetaCyc:CPD0-1489	MetaCyc:CPD0-1489	MetaCyc:CPD0-1489	MetaCyc:CPD0-1489	MetaCyc:CPD0-1489	MetaCyc:CPD0-1489	EQ	eQuilibrator:MNXM37627	MetaCyc:CPD0-1489@Charged	eQuilibrator:MNXM37627
cpd26184	MetaCyc:CPD0-1492	MetaCyc:CPD0-1492	MetaCyc:CPD0-1492	MetaCyc:CPD0-1492	MetaCyc:CPD0-1492	MetaCyc:CPD0-1492	GC	MetaCyc:CPD0-1492@Charged	MetaCyc:CPD0-1492@Charged	
cpd26185	MetaCyc:CPD0-1493@Charged	MetaCyc:CPD0-1493@Charged	MetaCyc:CPD0-1493@Charged	MetaCyc:CPD0-1493@Charged	MetaCyc:CPD0-1493	MetaCyc:CPD0-1493	GC	MetaCyc:CPD0-1493@Charged	MetaCyc:CPD0-1493@Charged	
cpd26186	MetaCyc:CPD0-1498@Charged	MetaCyc:CPD0-1498@Charged	MetaCyc:CPD0-1498@Charged	MetaCyc:CPD0-1498@Charged	MetaCyc:CPD0-1498	MetaCyc:CPD0-1498	GC	MetaCyc:CPD0-1498@Charged	MetaCyc:CPD0-1498@Charged	
cpd26187	MetaCyc:CPD0-1499	MetaCyc:CPD0-1499	MetaCyc:CPD0-1499	MetaCyc:CPD0-1499	MetaCyc:CPD0-1499	MetaCyc:CPD0-1499	GC	MetaCyc:CPD0-1499@Charged	MetaCyc:CPD0-1499@Charged	eQuilibrator:MNXM63803
cpd26188	MetaCyc:CPD0-1500	MetaCyc:CPD0-1500	MetaCyc:CPD0-1500	MetaCyc:CPD0-1500	MetaCyc:CPD0-1500	MetaCyc:CPD0-1500	EQ	eQuilibrator:MNXM37630	MetaCyc:CPD0-1500@Charged	eQuilibrator:MNXM37630
cpd26189	MetaCyc:CPD0-1501	MetaCyc:CPD0-1501	MetaCyc:CPD0-1501	MetaCyc:CPD0-1501	MetaCyc:CPD0-1501	MetaCyc:CPD0-1501	GC	MetaCyc:CPD0-1501@Charged	MetaCyc:CPD0-1501@Charged	eQuilibrator:MNXM30967
cpd26190	MetaCyc:CPD0-1502	MetaCyc:CPD0-1502	MetaCyc:CPD0-1502	MetaCyc:CPD0-1502	MetaCyc:CPD0-1502	MetaCyc:CPD0-1502	EQ	eQuilibrator:MNXM36375	MetaCyc:CPD0-1502@Charged	eQuilibrator:MNXM36375
cpd26191	MetaCyc:CPD0-1506	MetaCyc:CPD0-1506	MetaCyc:CPD0-1506	MetaCyc:CPD0-1506	MetaCyc:CPD0-1506	MetaCyc:CPD0-1506	GC	MetaCyc:CPD0-1506@Charged	MetaCyc:CPD0-1506@Charged	
cpd26192	MetaCyc:CPD0-1507	MetaCyc:CPD0-1507	MetaCyc:CPD0-1507	MetaCyc:CPD0-1507	MetaCyc:CPD0-1507	MetaCyc:CPD0-1507	GC	MetaCyc:CPD0-1507@Charged	MetaCyc:CPD0-1507@Charged	
cpd26193	MetaCyc:CPD0-1508	MetaCyc:CPD0-1508	MetaCyc:CPD0-1508	MetaCyc:CPD0-1508	MetaCyc:CPD0-1508	MetaCyc:CPD0-1508	EQ		MetaCyc:CPD0-1508@Charged	
cpd26194	MetaCyc:CPD0-1512	MetaCyc:CPD0-1512	MetaCyc:CPD0-1512	MetaCyc:CPD0-1512	MetaCyc:CPD0-1512	MetaCyc:CPD0-1512	EQ	eQuilibrator:MNXM63557	MetaCyc:CPD0-1512@Charged	eQuilibrator:MNXM63557
cpd26195										
cpd26196	MetaCyc:CPD0-1524	MetaCyc:CPD0-1524	MetaCyc:CPD0-1524	MetaCyc:CPD0-1524	MetaCyc:CPD0-1524	MetaCyc:CPD0-1524	GC	MetaCyc:CPD0-1524@Charged	MetaCyc:CPD0-1524@Charged	
cpd26197	MetaCyc:CPD0-1525	MetaCyc:CPD0-1525	MetaCyc:CPD0-1525	MetaCyc:CPD0-1525	MetaCyc:CPD0-1525	MetaCyc:CPD0-1525	GC	MetaCyc:CPD0-1525@Charged	MetaCyc:CPD0-1525@Charged	
cpd26198	MetaCyc:CPD0-1530	MetaCyc:CPD0-1530	MetaCyc:CPD0-1530	MetaCyc:CPD0-1530	MetaCyc:CPD0-1530	MetaCyc:CPD0-1530	GC	MetaCyc:CPD0-1530@Charged	MetaCyc:CPD0-1530@Charged	eQuilibrator:MNXM30863
cpd26199	MetaCyc:CPD0-1532	MetaCyc:CPD0-1532	MetaCyc:CPD0-1532	MetaCyc:CPD0-1532	MetaCyc:CPD0-1532	MetaCyc:CPD0-1532	GC	MetaCyc:CPD0-1532@Charged	MetaCyc:CPD0-1532@Charged	eQuilibrator:MNXM30981
cpd26200	MetaCyc:CPD0-1533	MetaCyc:CPD0-1533	MetaCyc:CPD0-1533	MetaCyc:CPD0-1533	MetaCyc:CPD0-1533	MetaCyc:CPD0-1533	GC	MetaCyc:CPD0-1533@Charged	MetaCyc:CPD0-1533@Charged	eQuilibrator:MNXM30874
cpd26201	MetaCyc:CPD0-1535	MetaCyc:CPD0-1535	MetaCyc:CPD0-1535	MetaCyc:CPD0-1535	MetaCyc:CPD0-1535	MetaCyc:CPD0-1535	EQ	eQuilibrator:MNXM30966	MetaCyc:CPD0-1535@Charged	eQuilibrator:MNXM30966
cpd26202	MetaCyc:CPD0-1536	MetaCyc:CPD0-1536	MetaCyc:CPD0-1536	MetaCyc:CPD0-1536	MetaCyc:CPD0-1536	MetaCyc:CPD0-1536	EQ	eQuilibrator:MNXM30873	MetaCyc:CPD0-1536@Charged	eQuilibrator:MNXM30873
cpd26203	MetaCyc:CPD0-1537@Charged	MetaCyc:CPD0-1537@Charged	MetaCyc:CPD0-1537@Charged	MetaCyc:CPD0-1537@Charged	MetaCyc:CPD0-1537	MetaCyc:CPD0-1537	EQ	eQuilibrator:MNXM34669	MetaCyc:CPD0-1537@Charged	eQuilibrator:MNXM34669
cpd26204	MetaCyc:CPD0-1540	MetaCyc:CPD0-1540	MetaCyc:CPD0-1540	MetaCyc:CPD0-1540@Charged	MetaCyc:CPD0-1540	MetaCyc:CPD0-1540	GC	MetaCyc:CPD0-1540@Charged	MetaCyc:CPD0-1540@Charged	
cpd26205	MetaCyc:CPD0-1541	MetaCyc:CPD0-1541	MetaCyc:CPD0-1541	MetaCyc:CPD0-1541	MetaCyc:CPD0-1541	MetaCyc:CPD0-1541	GC	MetaCyc:CPD0-1541@Charged	MetaCyc:CPD0-1541@Charged	
cpd26206	MetaCyc:CPD0-1544	MetaCyc:CPD0-1544	MetaCyc:CPD0-1544	MetaCyc:CPD0-1544	MetaCyc:CPD0-1544	MetaCyc:CPD0-1544	EQ	eQuilibrator:MNXM39142	MetaCyc:CPD0-1544@Charged	eQuilibrator:MNXM39142
cpd26207	MetaCyc:CPD0-1545	MetaCyc:CPD0-1545	MetaCyc:CPD0-1545	MetaCyc:CPD0-1545	MetaCyc:CPD0-1545	MetaCyc:CPD0-1545	GC	MetaCyc:CPD0-1545@Charged	MetaCyc:CPD0-1545@Charged	eQuilibrator:MNXM73095
cpd26208	MetaCyc:CPD0-1546	MetaCyc:CPD0-1546	MetaCyc:CPD0-1546	MetaCyc:CPD0-1546	MetaCyc:CPD0-1546	MetaCyc:CPD0-1546				
cpd26209	MetaCyc:CPD0-1551	MetaCyc:CPD0-1551	MetaCyc:CPD0-1551	MetaCyc:CPD0-1551	MetaCyc:CPD0-1551	MetaCyc:CPD0-1551	EQ	eQuilibrator:MNXM8672	MetaCyc:CPD0-1551@Charged	eQuilibrator:MNXM8672
cpd26210	MetaCyc:CPD0-1554	MetaCyc:CPD0-1554	MetaCyc:CPD0-1554	MetaCyc:CPD0-1554	MetaCyc:CPD0-1554		EQ	eQuilibrator:MNXM36793	MetaCyc:CPD0-1554@Charged	eQuilibrator:MNXM36793
cpd26211	MetaCyc:CPD0-1555	MetaCyc:CPD0-1555	MetaCyc:CPD0-1555	MetaCyc:CPD0-1555	MetaCyc:CPD0-1555		EQ	eQuilibrator:MNXM36658	MetaCyc:CPD0-1555@Charged	eQuilibrator:MNXM36658
cpd26212	MetaCyc:CPD0-1557	MetaCyc:CPD0-1557	MetaCyc:CPD0-1557	MetaCyc:CPD0-1557@Charged	MetaCyc:CPD0-1557	MetaCyc:CPD0-1557	EQ	eQuilibrator:MNXM59374	MetaCyc:CPD0-1557@Charged	eQuilibrator:MNXM59374
cpd26213	MetaCyc:CPD0-1558	MetaCyc:CPD0-1558	MetaCyc:CPD0-1558	MetaCyc:CPD0-1558	MetaCyc:CPD0-1558	MetaCyc:CPD0-1558	GC	MetaCyc:CPD0-1558@Charged	MetaCyc:CPD0-1558@Charged	eQuilibrator:MNXM89517
cpd26214	MetaCyc:CPD0-1564;ChEBI:145813	MetaCyc:CPD0-1564;ChEBI:145813	MetaCyc:CPD0-1564;ChEBI:145813	MetaCyc:CPD0-1564;ChEBI:145813	MetaCyc:CPD0-1564	MetaCyc:CPD0-1564	EQ	eQuilibrator:MNXM17062	MetaCyc:CPD0-1564@Charged	eQuilibrator:MNXM17062
cpd26215	MetaCyc:CPD0-1565	MetaCyc:CPD0-1565	MetaCyc:CPD0-1565	MetaCyc:CPD0-1565	MetaCyc:CPD0-1565	MetaCyc:CPD0-1565	EQ	eQuilibrator:MNXM81277	MetaCyc:CPD0-1565@Charged	eQuilibrator:MNXM81277
cpd26216	MetaCyc:CPD0-1566	MetaCyc:CPD0-1566	MetaCyc:CPD0-1566	MetaCyc:CPD0-1566	MetaCyc:CPD0-1566	MetaCyc:CPD0-1566	EQ	eQuilibrator:MNXM81323	MetaCyc:CPD0-1566@Charged	eQuilibrator:MNXM81323
cpd26217	MetaCyc:CPD0-1567	MetaCyc:CPD0-1567	MetaCyc:CPD0-1567	MetaCyc:CPD0-1567	MetaCyc:CPD0-1567	MetaCyc:CPD0-1567	EQ	eQuilibrator:MNXM82305	MetaCyc:CPD0-1567@Charged	eQuilibrator:MNXM82305
cpd26218	MetaCyc:CPD0-1568	MetaCyc:CPD0-1568	MetaCyc:CPD0-1568	MetaCyc:CPD0-1568	MetaCyc:CPD0-1568	MetaCyc:CPD0-1568	EQ	eQuilibrator:MNXM81331	MetaCyc:CPD0-1568@Charged	eQuilibrator:MNXM81331
cpd26219	MetaCyc:CPD0-1570	MetaCyc:CPD0-1570	MetaCyc:CPD0-1570	MetaCyc:CPD0-1570	MetaCyc:CPD0-1570	MetaCyc:CPD0-1570	EQ	eQuilibrator:MNXM81309	MetaCyc:CPD0-1570@Charged	eQuilibrator:MNXM81309
cpd26220	MetaCyc:CPD0-1571	MetaCyc:CPD0-1571	MetaCyc:CPD0-1571	MetaCyc:CPD0-1571	MetaCyc:CPD0-1571	MetaCyc:CPD0-1571	GC	MetaCyc:CPD0-1571@Charged	MetaCyc:CPD0-1571@Charged	
cpd26221	MetaCyc:CPD0-1572	MetaCyc:CPD0-1572	MetaCyc:CPD0-1572	MetaCyc:CPD0-1572	MetaCyc:CPD0-1572	MetaCyc:CPD0-1572	EQ	eQuilibrator:MNXM59548	MetaCyc:CPD0-1572@Charged	eQuilibrator:MNXM59548
cpd26222	MetaCyc:CPD0-1574@Charged	MetaCyc:CPD0-1574@Charged	MetaCyc:CPD0-1574@Charged	MetaCyc:CPD0-1574@Charged	MetaCyc:CPD0-1574	MetaCyc:CPD0-1574	GC	MetaCyc:CPD0-1574@Charged	MetaCyc:CPD0-1574@Charged	
cpd26223	MetaCyc:CPD0-1575	MetaCyc:CPD0-1575	MetaCyc:CPD0-1575	MetaCyc:CPD0-1575@Charged	MetaCyc:CPD0-1575	MetaCyc:CPD0-1575	GC	MetaCyc:CPD0-1575@Charged	MetaCyc:CPD0-1575@Charged	eQuilibrator:MNXM89530
cpd26224	MetaCyc:CPD0-1576	MetaCyc:CPD0-1576	MetaCyc:CPD0-1576	MetaCyc:CPD0-1576@Charged	MetaCyc:CPD0-1576	MetaCyc:CPD0-1576	GC	MetaCyc:CPD0-1576@Charged	MetaCyc:CPD0-1576@Charged	
cpd26225	MetaCyc:CPD0-1578	MetaCyc:CPD0-1578	MetaCyc:CPD0-1578	MetaCyc:CPD0-1578	MetaCyc:CPD0-1578	MetaCyc:CPD0-1578	EQ	eQuilibrator:MNXM32130	MetaCyc:CPD0-1578@Charged	eQuilibrator:MNXM32130
cpd26226										
cpd26227	MetaCyc:CPD0-1584@Charged	MetaCyc:CPD0-1584@Charged	MetaCyc:CPD0-1584@Charged	MetaCyc:CPD0-1584@Charged	MetaCyc:CPD0-1584	MetaCyc:CPD0-1584	GC	MetaCyc:CPD0-1584@Charged	MetaCyc:CPD0-1584@Charged	eQuilibrator:MNXM34500
cpd26228	MetaCyc:CPD0-1585@Charged	MetaCyc:CPD0-1585@Charged	MetaCyc:CPD0-1585@Charged	MetaCyc:CPD0-1585@Charged	MetaCyc:CPD0-1585	MetaCyc:CPD0-1585	GC	MetaCyc:CPD0-1585@Charged	MetaCyc:CPD0-1585@Charged	eQuilibrator:MNXM34502
cpd26229	MetaCyc:CPD0-1586@Charged	MetaCyc:CPD0-1586@Charged	MetaCyc:CPD0-1586@Charged	MetaCyc:CPD0-1586@Charged	MetaCyc:CPD0-1586	MetaCyc:CPD0-1586	GC	MetaCyc:CPD0-1586@Charged	MetaCyc:CPD0-1586@Charged	
cpd26230	MetaCyc:CPD0-1587@Charged	MetaCyc:CPD0-1587@Charged	MetaCyc:CPD0-1587@Charged	MetaCyc:CPD0-1587@Charged	MetaCyc:CPD0-1587	MetaCyc:CPD0-1587	GC	MetaCyc:CPD0-1587@Charged	MetaCyc:CPD0-1587@Charged	eQuilibrator:MNXM34505
cpd26231	MetaCyc:CPD0-1588@Charged	MetaCyc:CPD0-1588@Charged	MetaCyc:CPD0-1588@Charged	MetaCyc:CPD0-1588@Charged	MetaCyc:CPD0-1588	MetaCyc:CPD0-1588	GC	MetaCyc:CPD0-1588@Charged	MetaCyc:CPD0-1588@Charged	eQuilibrator:MNXM34507
cpd26232	MetaCyc:CPD0-1589	MetaCyc:CPD0-1589		MetaCyc:CPD0-1589			GC	MetaCyc:CPD0-1589@Charged	MetaCyc:CPD0-1589@Charged	
cpd26233	MetaCyc:CPD0-1590@Charged	MetaCyc:CPD0-1590@Charged	MetaCyc:CPD0-1590@Charged	MetaCyc:CPD0-1590@Charged	MetaCyc:CPD0-1590	MetaCyc:CPD0-1590	GC	MetaCyc:CPD0-1590@Charged	MetaCyc:CPD0-1590@Charged	eQuilibrator:MNXM32495
cpd26234	MetaCyc:CPD0-1591@Charged	MetaCyc:CPD0-1591@Charged	MetaCyc:CPD0-1591@Charged	MetaCyc:CPD0-1591@Charged	MetaCyc:CPD0-1591	MetaCyc:CPD0-1591	GC	MetaCyc:CPD0-1591@Charged	MetaCyc:CPD0-1591@Charged	
cpd26235	MetaCyc:CPD0-1592	MetaCyc:CPD0-1592		MetaCyc:CPD0-1592			GC	MetaCyc:CPD0-1592@Charged	MetaCyc:CPD0-1592@Charged	
cpd26236	MetaCyc:CPD0-1594@Charged	MetaCyc:CPD0-1594@Charged	MetaCyc:CPD0-1594@Charged	MetaCyc:CPD0-1594@Charged	MetaCyc:CPD0-1594	MetaCyc:CPD0-1594	GC	MetaCyc:CPD0-1594@Charged	MetaCyc:CPD0-1594@Charged	
cpd26237	MetaCyc:CPD0-1596	MetaCyc:CPD0-1596	MetaCyc:CPD0-1596	MetaCyc:CPD0-1596@Charged	MetaCyc:CPD0-1596	MetaCyc:CPD0-1596				
cpd26238										
cpd26239	MetaCyc:CPD0-1598	MetaCyc:CPD0-1598	MetaCyc:CPD0-1598	MetaCyc:CPD0-1598	MetaCyc:CPD0-1598	MetaCyc:CPD0-1598	GC	MetaCyc:CPD0-1598@Charged	MetaCyc:CPD0-1598@Charged	
cpd26240	MetaCyc:CPD0-1601@Charged	MetaCyc:CPD0-1601@Charged	MetaCyc:CPD0-1601@Charged	MetaCyc:CPD0-1601@Charged	MetaCyc:CPD0-1601	MetaCyc:CPD0-1601	GC	MetaCyc:CPD0-1601@Charged	MetaCyc:CPD0-1601@Charged	
cpd26241	MetaCyc:CPD0-1604	MetaCyc:CPD0-1604	MetaCyc:CPD0-1604	MetaCyc:CPD0-1604	MetaCyc:CPD0-1604	MetaCyc:CPD0-1604	GC	MetaCyc:CPD0-1604@Charged	MetaCyc:CPD0-1604@Charged	
cpd26242	MetaCyc:CPD0-1605	MetaCyc:CPD0-1605	MetaCyc:CPD0-1605	MetaCyc:CPD0-1605	MetaCyc:CPD0-1605	MetaCyc:CPD0-1605	EQ	eQuilibrator:MNXM37423	MetaCyc:CPD0-1605@Charged	eQuilibrator:MNXM37423
cpd26243	MetaCyc:CPD0-1607	MetaCyc:CPD0-1607	MetaCyc:CPD0-1607	MetaCyc:CPD0-1607	MetaCyc:CPD0-1607	MetaCyc:CPD0-1607	EQ	eQuilibrator:MNXM58143	MetaCyc:CPD0-1607@Charged	eQuilibrator:MNXM58143
cpd26244	MetaCyc:CPD0-1608	MetaCyc:CPD0-1608	MetaCyc:CPD0-1608	MetaCyc:CPD0-1608	MetaCyc:CPD0-1608		GC	MetaCyc:CPD0-1608@Charged	MetaCyc:CPD0-1608@Charged	
cpd26245	MetaCyc:CPD0-1609	MetaCyc:CPD0-1609	MetaCyc:CPD0-1609	MetaCyc:CPD0-1609		MetaCyc:CPD0-1609	GC	MetaCyc:CPD0-1609@Charged	MetaCyc:CPD0-1609@Charged	
cpd26246	MetaCyc:CPD0-1612	MetaCyc:CPD0-1612	MetaCyc:CPD0-1612	MetaCyc:CPD0-1612	MetaCyc:CPD0-1612	MetaCyc:CPD0-1612	EQ	eQuilibrator:MNXM37418	MetaCyc:CPD0-1612@Charged	eQuilibrator:MNXM37418
cpd26247	MetaCyc:CPD0-1613	MetaCyc:CPD0-1613	MetaCyc:CPD0-1613	MetaCyc:CPD0-1613	MetaCyc:CPD0-1613	MetaCyc:CPD0-1613	GC	MetaCyc:CPD0-1613@Charged	MetaCyc:CPD0-1613@Charged	
cpd26248	MetaCyc:CPD0-1614	MetaCyc:CPD0-1614	MetaCyc:CPD0-1614	MetaCyc:CPD0-1614	MetaCyc:CPD0-1614	MetaCyc:CPD0-1614	EQ	eQuilibrator:MNXM89498	MetaCyc:CPD0-1614@Charged	eQuilibrator:MNXM89498
cpd26249	MetaCyc:CPD0-1616@Charged	MetaCyc:CPD0-1616@Charged	MetaCyc:CPD0-1616@Charged	MetaCyc:CPD0-1616@Charged	MetaCyc:CPD0-1616	MetaCyc:CPD0-1616	EQ	eQuilibrator:MNXM81253	MetaCyc:CPD0-1616@Charged	eQuilibrator:MNXM81253
cpd26250	MetaCyc:CPD0-1617	MetaCyc:CPD0-1617	MetaCyc:CPD0-1617	MetaCyc:CPD0-1617	MetaCyc:CPD0-1617	MetaCyc:CPD0-1617	EQ	eQuilibrator:MNXM63258	MetaCyc:CPD0-1617@Charged	eQuilibrator:MNXM63258
cpd26251	MetaCyc:CPD0-1618	MetaCyc:CPD0-1618	MetaCyc:CPD0-1618	MetaCyc:CPD0-1618	MetaCyc:CPD0-1618	MetaCyc:CPD0-1618				
cpd26252	MetaCyc:CPD0-1620	MetaCyc:CPD0-1620	MetaCyc:CPD0-1620	MetaCyc:CPD0-1620		MetaCyc:CPD0-1620				
cpd26253	MetaCyc:CPD0-1624	MetaCyc:CPD0-1624	MetaCyc:CPD0-1624	MetaCyc:CPD0-1624			GC	MetaCyc:CPD0-1624@Charged	MetaCyc:CPD0-1624@Charged	
cpd26254										
cpd26255	MetaCyc:CPD0-1630	MetaCyc:CPD0-1630		MetaCyc:CPD0-1630	MetaCyc:CPD0-1630	MetaCyc:CPD0-1630	GC	MetaCyc:CPD0-1630@Charged	MetaCyc:CPD0-1630@Charged	
cpd26256	MetaCyc:CPD0-1631	MetaCyc:CPD0-1631	MetaCyc:CPD0-1631	MetaCyc:CPD0-1631	MetaCyc:CPD0-1631	MetaCyc:CPD0-1631	EQ	eQuilibrator:MNXM39861	MetaCyc:CPD0-1631@Charged	eQuilibrator:MNXM39861
cpd26257	MetaCyc:CPD0-1633	MetaCyc:CPD0-1633	MetaCyc:CPD0-1633	MetaCyc:CPD0-1633	MetaCyc:CPD0-1633	MetaCyc:CPD0-1633	GC	MetaCyc:CPD0-1633@Charged	MetaCyc:CPD0-1633@Charged	
cpd26258	MetaCyc:CPD0-1634	MetaCyc:CPD0-1634	MetaCyc:CPD0-1634	MetaCyc:CPD0-1634	MetaCyc:CPD0-1634	MetaCyc:CPD0-1634	EQ		MetaCyc:CPD0-1634@Charged	
cpd26259	MetaCyc:CPD0-1635	MetaCyc:CPD0-1635	MetaCyc:CPD0-1635	MetaCyc:CPD0-1635	MetaCyc:CPD0-1635	MetaCyc:CPD0-1635	GC	MetaCyc:CPD0-1635@Charged	MetaCyc:CPD0-1635@Charged	
cpd26260	MetaCyc:CPD0-1636	MetaCyc:CPD0-1636	MetaCyc:CPD0-1636	MetaCyc:CPD0-1636	MetaCyc:CPD0-1636	MetaCyc:CPD0-1636	GC	MetaCyc:CPD0-1636@Charged	MetaCyc:CPD0-1636@Charged	eQuilibrator:MNXM87939
cpd26261	MetaCyc:CPD0-1641@Charged	MetaCyc:CPD0-1641@Charged	MetaCyc:CPD0-1641@Charged	MetaCyc:CPD0-1641@Charged	MetaCyc:CPD0-1641	MetaCyc:CPD0-1641	EQ	eQuilibrator:MNXM19749	MetaCyc:CPD0-1641@Charged	eQuilibrator:MNXM19749
cpd26262	MetaCyc:CPD0-1642	MetaCyc:CPD0-1642	MetaCyc:CPD0-1642	MetaCyc:CPD0-1642	MetaCyc:CPD0-1642		GC	MetaCyc:CPD0-1642@Charged	MetaCyc:CPD0-1642@Charged	
cpd26263	MetaCyc:CPD0-1643;ChEBI:137594	MetaCyc:CPD0-1643;ChEBI:137594	MetaCyc:CPD0-1643;ChEBI:137594	MetaCyc:CPD0-1643;ChEBI:137594	MetaCyc:CPD0-1643	MetaCyc:CPD0-1643	EQ	eQuilibrator:MNXM164949	MetaCyc:CPD0-1643@Charged	eQuilibrator:MNXM164949
cpd26264	MetaCyc:CPD0-1647	MetaCyc:CPD0-1647	MetaCyc:CPD0-1647	MetaCyc:CPD0-1647	MetaCyc:CPD0-1647	MetaCyc:CPD0-1647	EQ	eQuilibrator:MNXM39263	MetaCyc:CPD0-1647@Charged	eQuilibrator:MNXM39263
cpd26265	MetaCyc:CPD0-1650	MetaCyc:CPD0-1650	MetaCyc:CPD0-1650	MetaCyc:CPD0-1650	MetaCyc:CPD0-1650	MetaCyc:CPD0-1650	GC	MetaCyc:CPD0-1650@Charged	MetaCyc:CPD0-1650@Charged	
cpd26266	MetaCyc:CPD0-1651@Charged	MetaCyc:CPD0-1651@Charged	MetaCyc:CPD0-1651@Charged	MetaCyc:CPD0-1651@Charged	MetaCyc:CPD0-1651	MetaCyc:CPD0-1651	EQ	eQuilibrator:MNXM157964	MetaCyc:CPD0-1651@Charged	eQuilibrator:MNXM157964
cpd26267	MetaCyc:CPD0-1653	MetaCyc:CPD0-1653	MetaCyc:CPD0-1653	MetaCyc:CPD0-1653	MetaCyc:CPD0-1653	MetaCyc:CPD0-1653	GC	MetaCyc:CPD0-1653@Charged	MetaCyc:CPD0-1653@Charged	
cpd26268	MetaCyc:CPD0-1655	MetaCyc:CPD0-1655	MetaCyc:CPD0-1655	MetaCyc:CPD0-1655	MetaCyc:CPD0-1655	MetaCyc:CPD0-1655	EQ	eQuilibrator:MNXM61118	MetaCyc:CPD0-1655@Charged	eQuilibrator:MNXM61118
cpd26269	MetaCyc:CPD0-1656	MetaCyc:CPD0-1656	MetaCyc:CPD0-1656	MetaCyc:CPD0-1656	MetaCyc:CPD0-1656	MetaCyc:CPD0-1656	EQ	eQuilibrator:MNXM55217	MetaCyc:CPD0-1656@Charged	eQuilibrator:MNXM55217
cpd26270	MetaCyc:CPD0-1659@Charged	MetaCyc:CPD0-1659@Charged	MetaCyc:CPD0-1659@Charged	MetaCyc:CPD0-1659@Charged	MetaCyc:CPD0-1659	MetaCyc:CPD0-1659	GC	MetaCyc:CPD0-1659@Charged	MetaCyc:CPD0-1659@Charged	
cpd26271	MetaCyc:CPD0-1660@Charged	MetaCyc:CPD0-1660@Charged	MetaCyc:CPD0-1660@Charged	MetaCyc:CPD0-1660@Charged	MetaCyc:CPD0-1660	MetaCyc:CPD0-1660	GC	MetaCyc:CPD0-1660@Charged	MetaCyc:CPD0-1660@Charged	
cpd26272	MetaCyc:CPD0-1661@Charged	MetaCyc:CPD0-1661@Charged	MetaCyc:CPD0-1661@Charged	MetaCyc:CPD0-1661@Charged	MetaCyc:CPD0-1661	MetaCyc:CPD0-1661	GC	MetaCyc:CPD0-1661@Charged	MetaCyc:CPD0-1661@Charged	eQuilibrator:MNXM89506
cpd26273	MetaCyc:CPD0-1662@Charged	MetaCyc:CPD0-1662@Charged	MetaCyc:CPD0-1662@Charged	MetaCyc:CPD0-1662@Charged	MetaCyc:CPD0-1662	MetaCyc:CPD0-1662	GC	MetaCyc:CPD0-1662@Charged	MetaCyc:CPD0-1662@Charged	eQuilibrator:MNXM89507
cpd26274	MetaCyc:CPD0-1663	MetaCyc:CPD0-1663	MetaCyc:CPD0-1663	MetaCyc:CPD0-1663	MetaCyc:CPD0-1663	MetaCyc:CPD0-1663	GC	MetaCyc:CPD0-1663@Charged	MetaCyc:CPD0-1663@Charged	
cpd26275	MetaCyc:CPD0-1664@Charged	MetaCyc:CPD0-1664@Charged	MetaCyc:CPD0-1664@Charged	MetaCyc:CPD0-1664@Charged	MetaCyc:CPD0-1664	MetaCyc:CPD0-1664	GC	MetaCyc:CPD0-1664@Charged	MetaCyc:CPD0-1664@Charged	eQuilibrator:MNXM31469
cpd26276	MetaCyc:CPD0-1665	MetaCyc:CPD0-1665	MetaCyc:CPD0-1665	MetaCyc:CPD0-1665	MetaCyc:CPD0-1665	MetaCyc:CPD0-1665	GC	MetaCyc:CPD0-1665@Charged	MetaCyc:CPD0-1665@Charged	
cpd26277	MetaCyc:CPD0-1668	MetaCyc:CPD0-1668	MetaCyc:CPD0-1668	MetaCyc:CPD0-1668	MetaCyc:CPD0-1668	MetaCyc:CPD0-1668	EQ	eQuilibrator:MNXM74975	MetaCyc:CPD0-1668@Charged	eQuilibrator:MNXM74975
cpd26278	MetaCyc:CPD0-1669	MetaCyc:CPD0-1669	MetaCyc:CPD0-1669	MetaCyc:CPD0-1669	MetaCyc:CPD0-1669	MetaCyc:CPD0-1669	EQ	eQuilibrator:MNXM89515	MetaCyc:CPD0-1669@Charged	eQuilibrator:MNXM89515
cpd26279	MetaCyc:CPD0-1673	MetaCyc:CPD0-1673	MetaCyc:CPD0-1673	MetaCyc:CPD0-1673	MetaCyc:CPD0-1673	MetaCyc:CPD0-1673	EQ	eQuilibrator:MNXM45639	MetaCyc:CPD0-1673@Charged	eQuilibrator:MNXM45639
cpd26280	MetaCyc:CPD0-1675	MetaCyc:CPD0-1675	MetaCyc:CPD0-1675	MetaCyc:CPD0-1675		MetaCyc:CPD0-1675	GC	MetaCyc:CPD0-1675@Charged	MetaCyc:CPD0-1675@Charged	
cpd26281	MetaCyc:CPD0-1676@Charged	MetaCyc:CPD0-1676@Charged	MetaCyc:CPD0-1676@Charged	MetaCyc:CPD0-1676@Charged	MetaCyc:CPD0-1676	MetaCyc:CPD0-1676	GC	MetaCyc:CPD0-1676@Charged	MetaCyc:CPD0-1676@Charged	
cpd26282	MetaCyc:CPD0-1678	MetaCyc:CPD0-1678	MetaCyc:CPD0-1678	MetaCyc:CPD0-1678		MetaCyc:CPD0-1678	EQ	eQuilibrator:MNXM88042	MetaCyc:CPD0-1678@Charged	eQuilibrator:MNXM88042
cpd26283	MetaCyc:CPD0-1681	MetaCyc:CPD0-1681	MetaCyc:CPD0-1681	MetaCyc:CPD0-1681	MetaCyc:CPD0-1681	MetaCyc:CPD0-1681	EQ	eQuilibrator:MNXM48116	MetaCyc:CPD0-1681@Charged	eQuilibrator:MNXM48116
cpd26284	MetaCyc:CPD0-1683	MetaCyc:CPD0-1683	MetaCyc:CPD0-1683	MetaCyc:CPD0-1683	MetaCyc:CPD0-1683		EQ	eQuilibrator:MNXM75139	MetaCyc:CPD0-1683@Charged	eQuilibrator:MNXM75139
cpd26285	MetaCyc:CPD0-1684	MetaCyc:CPD0-1684	MetaCyc:CPD0-1684	MetaCyc:CPD0-1684		MetaCyc:CPD0-1684	EQ	eQuilibrator:MNXM64034	MetaCyc:CPD0-1684@Charged	eQuilibrator:MNXM64034
cpd26286	MetaCyc:CPD0-1685	MetaCyc:CPD0-1685	MetaCyc:CPD0-1685	MetaCyc:CPD0-1685	MetaCyc:CPD0-1685	MetaCyc:CPD0-1685	EQ	eQuilibrator:MNXM64035	MetaCyc:CPD0-1685@Charged	eQuilibrator:MNXM64035
cpd26287	MetaCyc:CPD0-1689	MetaCyc:CPD0-1689	MetaCyc:CPD0-1689	MetaCyc:CPD0-1689		MetaCyc:CPD0-1689	EQ	eQuilibrator:MNXM36820	MetaCyc:CPD0-1689@Charged	eQuilibrator:MNXM36820
cpd26288	MetaCyc:CPD0-1691	MetaCyc:CPD0-1691	MetaCyc:CPD0-1691	MetaCyc:CPD0-1691	MetaCyc:CPD0-1691	MetaCyc:CPD0-1691	GC	MetaCyc:CPD0-1691@Charged	MetaCyc:CPD0-1691@Charged	eQuilibrator:MNXM65120
cpd26289	MetaCyc:CPD0-1693	MetaCyc:CPD0-1693	MetaCyc:CPD0-1693	MetaCyc:CPD0-1693			GC	MetaCyc:CPD0-1693@Charged	MetaCyc:CPD0-1693@Charged	
cpd26290	MetaCyc:CPD0-1694	MetaCyc:CPD0-1694	MetaCyc:CPD0-1694	MetaCyc:CPD0-1694			GC	MetaCyc:CPD0-1694@Charged	MetaCyc:CPD0-1694@Charged	
cpd26291										
cpd26292	MetaCyc:CPD0-1696	MetaCyc:CPD0-1696	MetaCyc:CPD0-1696	MetaCyc:CPD0-1696	MetaCyc:CPD0-1696		GC	MetaCyc:CPD0-1696@Charged	MetaCyc:CPD0-1696@Charged	
cpd26293	MetaCyc:CPD0-1700@Charged	MetaCyc:CPD0-1700@Charged	MetaCyc:CPD0-1700@Charged	MetaCyc:CPD0-1700@Charged	MetaCyc:CPD0-1700	MetaCyc:CPD0-1700	EQ	eQuilibrator:MNXM48932	MetaCyc:CPD0-1700@Charged	eQuilibrator:MNXM48932
cpd26294	MetaCyc:CPD0-1708	MetaCyc:CPD0-1708	MetaCyc:CPD0-1708	MetaCyc:CPD0-1708	MetaCyc:CPD0-1708	MetaCyc:CPD0-1708	GC	MetaCyc:CPD0-1708@Charged	MetaCyc:CPD0-1708@Charged	
cpd26295	MetaCyc:CPD0-1711	MetaCyc:CPD0-1711	MetaCyc:CPD0-1711	MetaCyc:CPD0-1711	MetaCyc:CPD0-1711	MetaCyc:CPD0-1711	GC	MetaCyc:CPD0-1711@Charged	MetaCyc:CPD0-1711@Charged	
cpd26296	MetaCyc:CPD0-1712	MetaCyc:CPD0-1712	MetaCyc:CPD0-1712	MetaCyc:CPD0-1712	MetaCyc:CPD0-1712	MetaCyc:CPD0-1712	GC	MetaCyc:CPD0-1712@Charged	MetaCyc:CPD0-1712@Charged	
cpd26297	MetaCyc:CPD0-1715	MetaCyc:CPD0-1715	MetaCyc:CPD0-1715	MetaCyc:CPD0-1715	MetaCyc:CPD0-1715	MetaCyc:CPD0-1715	GC	MetaCyc:CPD0-1715@Charged	MetaCyc:CPD0-1715@Charged	
cpd26298	MetaCyc:CPD0-1716	MetaCyc:CPD0-1716	MetaCyc:CPD0-1716	MetaCyc:CPD0-1716@Charged	MetaCyc:CPD0-1716	MetaCyc:CPD0-1716	GC	MetaCyc:CPD0-1716@Charged	MetaCyc:CPD0-1716@Charged	eQuilibrator:MNXM34864
cpd26299	MetaCyc:CPD0-1717	MetaCyc:CPD0-1717	MetaCyc:CPD0-1717	MetaCyc:CPD0-1717@Charged	MetaCyc:CPD0-1717	MetaCyc:CPD0-1717	GC	MetaCyc:CPD0-1717@Charged	MetaCyc:CPD0-1717@Charged	
cpd26300	MetaCyc:CPD0-1718	MetaCyc:CPD0-1718	MetaCyc:CPD0-1718	MetaCyc:CPD0-1718	MetaCyc:CPD0-1718	MetaCyc:CPD0-1718	GC	MetaCyc:CPD0-1718@Charged	MetaCyc:CPD0-1718@Charged	
cpd26301										
cpd26302	MetaCyc:CPD0-1720	MetaCyc:CPD0-1720	MetaCyc:CPD0-1720	MetaCyc:CPD0-1720		MetaCyc:CPD0-1720	EQ	eQuilibrator:MNXM51410	MetaCyc:CPD0-1720@Charged	eQuilibrator:MNXM51410
cpd26303	MetaCyc:CPD0-1759	MetaCyc:CPD0-1759	MetaCyc:CPD0-1759	MetaCyc:CPD0-1759	MetaCyc:CPD0-1759	MetaCyc:CPD0-1759	EQ	eQuilibrator:MNXM82303	MetaCyc:CPD0-1759@Charged	eQuilibrator:MNXM82303
cpd26304	MetaCyc:CPD0-1760	MetaCyc:CPD0-1760	MetaCyc:CPD0-1760	MetaCyc:CPD0-1760	MetaCyc:CPD0-1760	MetaCyc:CPD0-1760	EQ	eQuilibrator:MNXM32166	MetaCyc:CPD0-1760@Charged	eQuilibrator:MNXM32166
cpd26305	MetaCyc:CPD0-1761	MetaCyc:CPD0-1761	MetaCyc:CPD0-1761	MetaCyc:CPD0-1761	MetaCyc:CPD0-1761	MetaCyc:CPD0-1761	EQ	eQuilibrator:MNXM32167	MetaCyc:CPD0-1761@Charged	eQuilibrator:MNXM32167
cpd26306	MetaCyc:CPD0-1762	MetaCyc:CPD0-1762	MetaCyc:CPD0-1762	MetaCyc:CPD0-1762	MetaCyc:CPD0-1762	MetaCyc:CPD0-1762	EQ	eQuilibrator:MNXM32165	MetaCyc:CPD0-1762@Charged	eQuilibrator:MNXM32165
cpd26307	MetaCyc:CPD0-1763	MetaCyc:CPD0-1763	MetaCyc:CPD0-1763	MetaCyc:CPD0-1763	MetaCyc:CPD0-1763	MetaCyc:CPD0-1763	EQ	eQuilibrator:MNXM32169	MetaCyc:CPD0-1763@Charged	eQuilibrator:MNXM32169
cpd26308	MetaCyc:CPD0-1807	MetaCyc:CPD0-1807	MetaCyc:CPD0-1807	MetaCyc:CPD0-1807	MetaCyc:CPD0-1807	MetaCyc:CPD0-1807	EQ	eQuilibrator:MNXM34463	MetaCyc:CPD0-1807@Charged	eQuilibrator:MNXM34463
cpd26309	MetaCyc:CPD0-1808	MetaCyc:CPD0-1808	MetaCyc:CPD0-1808	MetaCyc:CPD0-1808	MetaCyc:CPD0-1808	MetaCyc:CPD0-1808	EQ	eQuilibrator:MNXM32168	MetaCyc:CPD0-1808@Charged	eQuilibrator:MNXM32168
cpd26310	MetaCyc:CPD0-1809	MetaCyc:CPD0-1809	MetaCyc:CPD0-1809	MetaCyc:CPD0-1809	MetaCyc:CPD0-1809	MetaCyc:CPD0-1809	EQ	eQuilibrator:MNXM32123	MetaCyc:CPD0-1809@Charged	eQuilibrator:MNXM32123
cpd26311	MetaCyc:CPD0-1810	MetaCyc:CPD0-1810	MetaCyc:CPD0-1810	MetaCyc:CPD0-1810	MetaCyc:CPD0-1810	MetaCyc:CPD0-1810	EQ	eQuilibrator:MNXM32121	MetaCyc:CPD0-1810@Charged	eQuilibrator:MNXM32121
cpd26312	MetaCyc:CPD0-1811	MetaCyc:CPD0-1811	MetaCyc:CPD0-1811	MetaCyc:CPD0-1811	MetaCyc:CPD0-1811	MetaCyc:CPD0-1811	EQ	eQuilibrator:MNXM32871	MetaCyc:CPD0-1811@Charged	eQuilibrator:MNXM32871
cpd26313	MetaCyc:CPD0-1812;ChEBI:73990	MetaCyc:CPD0-1812;ChEBI:73990	MetaCyc:CPD0-1812;ChEBI:73990	MetaCyc:CPD0-1812;ChEBI:73990	MetaCyc:CPD0-1812	MetaCyc:CPD0-1812	EQ	eQuilibrator:MNXM12267	MetaCyc:CPD0-1812@Charged	eQuilibrator:MNXM12267
cpd26314	MetaCyc:CPD0-1815	MetaCyc:CPD0-1815	MetaCyc:CPD0-1815	MetaCyc:CPD0-1815	MetaCyc:CPD0-1815	MetaCyc:CPD0-1815	EQ	eQuilibrator:MNXM32294	MetaCyc:CPD0-1815@Charged	eQuilibrator:MNXM32294
cpd26315	MetaCyc:CPD0-1816	MetaCyc:CPD0-1816	MetaCyc:CPD0-1816	MetaCyc:CPD0-1816	MetaCyc:CPD0-1816	MetaCyc:CPD0-1816	EQ	eQuilibrator:MNXM32293	MetaCyc:CPD0-1816@Charged	eQuilibrator:MNXM32293
cpd26316	MetaCyc:CPD0-1883	MetaCyc:CPD0-1883	MetaCyc:CPD0-1883	MetaCyc:CPD0-1883	MetaCyc:CPD0-1883	MetaCyc:CPD0-1883	GC	MetaCyc:CPD0-1883@Charged	MetaCyc:CPD0-1883@Charged	
cpd26317	MetaCyc:CPD0-1884	MetaCyc:CPD0-1884	MetaCyc:CPD0-1884	MetaCyc:CPD0-1884	MetaCyc:CPD0-1884	MetaCyc:CPD0-1884	EQ	eQuilibrator:MNXM55243	MetaCyc:CPD0-1884@Charged	eQuilibrator:MNXM55243
cpd26318	MetaCyc:CPD0-1885	MetaCyc:CPD0-1885	MetaCyc:CPD0-1885	MetaCyc:CPD0-1885	MetaCyc:CPD0-1885	MetaCyc:CPD0-1885	EQ	eQuilibrator:MNXM14109	MetaCyc:CPD0-1885@Charged	eQuilibrator:MNXM14109
cpd26319	MetaCyc:CPD0-1889	MetaCyc:CPD0-1889	MetaCyc:CPD0-1889	MetaCyc:CPD0-1889	MetaCyc:CPD0-1889	MetaCyc:CPD0-1889	EQ	eQuilibrator:MNXM49209	MetaCyc:CPD0-1889@Charged	eQuilibrator:MNXM49209
cpd26320	MetaCyc:CPD0-1891	MetaCyc:CPD0-1891	MetaCyc:CPD0-1891	MetaCyc:CPD0-1891	MetaCyc:CPD0-1891	MetaCyc:CPD0-1891	EQ	eQuilibrator:MNXM89533	MetaCyc:CPD0-1891@Charged	eQuilibrator:MNXM89533
cpd26321	MetaCyc:CPD0-1899	MetaCyc:CPD0-1899	MetaCyc:CPD0-1899	MetaCyc:CPD0-1899	MetaCyc:CPD0-1899	MetaCyc:CPD0-1899	EQ		MetaCyc:CPD0-1899@Charged	
cpd26322	MetaCyc:CPD0-1901	MetaCyc:CPD0-1901	MetaCyc:CPD0-1901	MetaCyc:CPD0-1901@Charged	MetaCyc:CPD0-1901	MetaCyc:CPD0-1901	EQ	eQuilibrator:MNXM51406	MetaCyc:CPD0-1901@Charged	eQuilibrator:MNXM51406
cpd26323	MetaCyc:CPD0-1905@Charged	MetaCyc:CPD0-1905@Charged	MetaCyc:CPD0-1905@Charged	MetaCyc:CPD0-1905@Charged	MetaCyc:CPD0-1905	MetaCyc:CPD0-1905	GC	MetaCyc:CPD0-1905@Charged	MetaCyc:CPD0-1905@Charged	
cpd26324	MetaCyc:CPD0-1906	MetaCyc:CPD0-1906	MetaCyc:CPD0-1906	MetaCyc:CPD0-1906	MetaCyc:CPD0-1906	MetaCyc:CPD0-1906	EQ	eQuilibrator:MNXM59941	MetaCyc:CPD0-1906@Charged	eQuilibrator:MNXM59941
cpd26325	MetaCyc:CPD0-1907	MetaCyc:CPD0-1907	MetaCyc:CPD0-1907	MetaCyc:CPD0-1907	MetaCyc:CPD0-1907	MetaCyc:CPD0-1907	EQ	eQuilibrator:MNXM60725	MetaCyc:CPD0-1907@Charged	eQuilibrator:MNXM60725
cpd26326	MetaCyc:CPD0-1908	MetaCyc:CPD0-1908	MetaCyc:CPD0-1908	MetaCyc:CPD0-1908	MetaCyc:CPD0-1908	MetaCyc:CPD0-1908	EQ	eQuilibrator:MNXM61522	MetaCyc:CPD0-1908@Charged	eQuilibrator:MNXM61522
cpd26327	MetaCyc:CPD0-1909	MetaCyc:CPD0-1909	MetaCyc:CPD0-1909	MetaCyc:CPD0-1909	MetaCyc:CPD0-1909	MetaCyc:CPD0-1909	EQ	eQuilibrator:MNXM65060	MetaCyc:CPD0-1909@Charged	eQuilibrator:MNXM65060
cpd26328	MetaCyc:CPD0-1910	MetaCyc:CPD0-1910	MetaCyc:CPD0-1910	MetaCyc:CPD0-1910	MetaCyc:CPD0-1910	MetaCyc:CPD0-1910	EQ	eQuilibrator:MNXM74854	MetaCyc:CPD0-1910@Charged	eQuilibrator:MNXM74854
cpd26329	MetaCyc:CPD0-1911	MetaCyc:CPD0-1911	MetaCyc:CPD0-1911	MetaCyc:CPD0-1911	MetaCyc:CPD0-1911	MetaCyc:CPD0-1911	EQ	eQuilibrator:MNXM88642	MetaCyc:CPD0-1911@Charged	eQuilibrator:MNXM88642
cpd26330										
cpd26331	MetaCyc:CPD0-1913	MetaCyc:CPD0-1913	MetaCyc:CPD0-1913	MetaCyc:CPD0-1913	MetaCyc:CPD0-1913	MetaCyc:CPD0-1913	EQ	eQuilibrator:MNXM88379	MetaCyc:CPD0-1913@Charged	eQuilibrator:MNXM88379
cpd26332	MetaCyc:CPD0-1914;ChEBI:155838	MetaCyc:CPD0-1914;ChEBI:155838	MetaCyc:CPD0-1914;ChEBI:155838	MetaCyc:CPD0-1914;ChEBI:155838	MetaCyc:CPD0-1914	MetaCyc:CPD0-1914	EQ	eQuilibrator:MNXM55458	MetaCyc:CPD0-1914@Charged	eQuilibrator:MNXM55458
cpd26333	MetaCyc:CPD0-1915@Charged	MetaCyc:CPD0-1915@Charged	MetaCyc:CPD0-1915@Charged	MetaCyc:CPD0-1915@Charged	MetaCyc:CPD0-1915	MetaCyc:CPD0-1915				
cpd26334	MetaCyc:CPD0-1916	MetaCyc:CPD0-1916	MetaCyc:CPD0-1916	MetaCyc:CPD0-1916	MetaCyc:CPD0-1916	MetaCyc:CPD0-1916	EQ	eQuilibrator:MNXM59277	MetaCyc:CPD0-1916@Charged	eQuilibrator:MNXM59277
cpd26335	MetaCyc:CPD0-1918	MetaCyc:CPD0-1918	MetaCyc:CPD0-1918	MetaCyc:CPD0-1918	MetaCyc:CPD0-1918	MetaCyc:CPD0-1918	GC	MetaCyc:CPD0-1918@Charged	MetaCyc:CPD0-1918@Charged	
cpd26336	MetaCyc:CPD0-1919	MetaCyc:CPD0-1919	MetaCyc:CPD0-1919	MetaCyc:CPD0-1919	MetaCyc:CPD0-1919	MetaCyc:CPD0-1919	GC	MetaCyc:CPD0-1919@Charged	MetaCyc:CPD0-1919@Charged	
cpd26337	MetaCyc:CPD0-1920@Charged	MetaCyc:CPD0-1920@Charged	MetaCyc:CPD0-1920@Charged	MetaCyc:CPD0-1920@Charged	MetaCyc:CPD0-1920	MetaCyc:CPD0-1920	GC	MetaCyc:CPD0-1920@Charged	MetaCyc:CPD0-1920@Charged	
cpd26338	MetaCyc:CPD0-1921@Charged	MetaCyc:CPD0-1921@Charged		MetaCyc:CPD0-1921@Charged	MetaCyc:CPD0-1921	MetaCyc:CPD0-1921	GC	MetaCyc:CPD0-1921@Charged	MetaCyc:CPD0-1921@Charged	
cpd26339	MetaCyc:CPD0-1922	MetaCyc:CPD0-1922		MetaCyc:CPD0-1922	MetaCyc:CPD0-1922	MetaCyc:CPD0-1922	GC	MetaCyc:CPD0-1922@Charged	MetaCyc:CPD0-1922@Charged	
cpd26340	MetaCyc:CPD0-1923@Charged	MetaCyc:CPD0-1923@Charged		MetaCyc:CPD0-1923@Charged	MetaCyc:CPD0-1923	MetaCyc:CPD0-1923	GC	MetaCyc:CPD0-1923@Charged	MetaCyc:CPD0-1923@Charged	
cpd26341	MetaCyc:CPD0-1924@Charged	MetaCyc:CPD0-1924@Charged		MetaCyc:CPD0-1924@Charged	MetaCyc:CPD0-1924	MetaCyc:CPD0-1924	GC	MetaCyc:CPD0-1924@Charged	MetaCyc:CPD0-1924@Charged	
cpd26342	MetaCyc:CPD0-1925	MetaCyc:CPD0-1925		MetaCyc:CPD0-1925	MetaCyc:CPD0-1925	MetaCyc:CPD0-1925	GC	MetaCyc:CPD0-1925@Charged	MetaCyc:CPD0-1925@Charged	
cpd26343	MetaCyc:CPD0-1926	MetaCyc:CPD0-1926		MetaCyc:CPD0-1926	MetaCyc:CPD0-1926	MetaCyc:CPD0-1926	GC	MetaCyc:CPD0-1926@Charged	MetaCyc:CPD0-1926@Charged	
cpd26344	MetaCyc:CPD0-1927@Charged	MetaCyc:CPD0-1927@Charged	MetaCyc:CPD0-1927@Charged	MetaCyc:CPD0-1927@Charged	MetaCyc:CPD0-1927	MetaCyc:CPD0-1927	GC	MetaCyc:CPD0-1927@Charged	MetaCyc:CPD0-1927@Charged	
cpd26345	MetaCyc:CPD-20034@Charged;MetaCyc:CPD0-1928@Charged	MetaCyc:CPD-20034@Charged;MetaCyc:CPD0-1928@Charged	MetaCyc:CPD-20034@Charged;MetaCyc:CPD0-1928@Charged	MetaCyc:CPD-20034@Charged;MetaCyc:CPD0-1928@Charged		MetaCyc:CPD-20034	GC	MetaCyc:CPD-20034@Charged	MetaCyc:CPD-20034@Charged	
cpd26346	MetaCyc:CPD0-1929	MetaCyc:CPD0-1929	MetaCyc:CPD0-1929	MetaCyc:CPD0-1929	MetaCyc:CPD0-1929	MetaCyc:CPD0-1929	EQ	eQuilibrator:MNXM36435	MetaCyc:CPD0-1929@Charged	eQuilibrator:MNXM36435
cpd26347	MetaCyc:CPD0-1930	MetaCyc:CPD0-1930	MetaCyc:CPD0-1930	MetaCyc:CPD0-1930	MetaCyc:CPD0-1930	MetaCyc:CPD0-1930	EQ	eQuilibrator:MNXM64060	MetaCyc:CPD0-1930@Charged	eQuilibrator:MNXM64060
cpd26348	MetaCyc:CPD0-1931	MetaCyc:CPD0-1931	MetaCyc:CPD0-1931	MetaCyc:CPD0-1931	MetaCyc:CPD0-1931	MetaCyc:CPD0-1931	GC	MetaCyc:CPD0-1931@Charged	MetaCyc:CPD0-1931@Charged	eQuilibrator:MNXM8098
cpd26349	MetaCyc:CPD0-1932	MetaCyc:CPD0-1932	MetaCyc:CPD0-1932	MetaCyc:CPD0-1932@Charged	MetaCyc:CPD0-1932	MetaCyc:CPD0-1932	GC	MetaCyc:CPD0-1932@Charged	MetaCyc:CPD0-1932@Charged	eQuilibrator:MNXM150072
cpd26350	MetaCyc:CPD0-1936	MetaCyc:CPD0-1936	MetaCyc:CPD0-1936	MetaCyc:CPD0-1936	MetaCyc:CPD0-1936	MetaCyc:CPD0-1936	EQ	eQuilibrator:MNXM36407	MetaCyc:CPD0-1936@Charged	eQuilibrator:MNXM36407
cpd26351	MetaCyc:CPD0-1937	MetaCyc:CPD0-1937	MetaCyc:CPD0-1937	MetaCyc:CPD0-1937	MetaCyc:CPD0-1937	MetaCyc:CPD0-1937	GC	MetaCyc:CPD0-1937@Charged	MetaCyc:CPD0-1937@Charged	
cpd26352	MetaCyc:CPD0-1938	MetaCyc:CPD0-1938	MetaCyc:CPD0-1938	MetaCyc:CPD0-1938		MetaCyc:CPD0-1938	GC	MetaCyc:CPD0-1938@Charged	MetaCyc:CPD0-1938@Charged	
cpd26353	MetaCyc:CPD0-1940	MetaCyc:CPD0-1940	MetaCyc:CPD0-1940	MetaCyc:CPD0-1940@Charged	MetaCyc:CPD0-1940	MetaCyc:CPD0-1940	GC	MetaCyc:CPD0-1940@Charged	MetaCyc:CPD0-1940@Charged	eQuilibrator:MNXM531800
cpd26354	MetaCyc:CPD0-1941@Charged	MetaCyc:CPD0-1941@Charged	MetaCyc:CPD0-1941@Charged	MetaCyc:CPD0-1941@Charged	MetaCyc:CPD0-1941	MetaCyc:CPD0-1941	EQ	eQuilibrator:MNXM37347	MetaCyc:CPD0-1941@Charged	eQuilibrator:MNXM37347
cpd26355	MetaCyc:CPD0-1944	MetaCyc:CPD0-1944	MetaCyc:CPD0-1944	MetaCyc:CPD0-1944	MetaCyc:CPD0-1944	MetaCyc:CPD0-1944	EQ	eQuilibrator:MNXM168068	MetaCyc:CPD0-1944@Charged	eQuilibrator:MNXM168068
cpd26356	MetaCyc:CPD0-1945	MetaCyc:CPD0-1945	MetaCyc:CPD0-1945	MetaCyc:CPD0-1945	MetaCyc:CPD0-1945	MetaCyc:CPD0-1945	EQ	eQuilibrator:MNXM59266	MetaCyc:CPD0-1945@Charged	eQuilibrator:MNXM59266
cpd26357	MetaCyc:CPD0-1946	MetaCyc:CPD0-1946	MetaCyc:CPD0-1946	MetaCyc:CPD0-1946	MetaCyc:CPD0-1946	MetaCyc:CPD0-1946	EQ	eQuilibrator:MNXM527710	MetaCyc:CPD0-1946@Charged	eQuilibrator:MNXM527710
cpd26358	MetaCyc:CPD0-1947@Charged;MetaCyc:CPD0-2041@Charged	MetaCyc:CPD0-1947@Charged;MetaCyc:CPD0-2041@Charged	MetaCyc:CPD0-1947@Charged;MetaCyc:CPD0-2041@Charged	MetaCyc:CPD0-1947@Charged;MetaCyc:CPD0-2041@Charged	MetaCyc:CPD0-1947	MetaCyc:CPD0-1947	GC	MetaCyc:CPD0-1947@Charged	MetaCyc:CPD0-1947@Charged	
cpd26359	MetaCyc:CPD0-1948@Charged	MetaCyc:CPD0-1948@Charged	MetaCyc:CPD0-1948@Charged	MetaCyc:CPD0-1948@Charged	MetaCyc:CPD0-1948	MetaCyc:CPD0-1948	GC	MetaCyc:CPD0-1948@Charged	MetaCyc:CPD0-1948@Charged	
cpd26360										
cpd26361	MetaCyc:CPD0-1951	MetaCyc:CPD0-1951	MetaCyc:CPD0-1951	MetaCyc:CPD0-1951	MetaCyc:CPD0-1951	MetaCyc:CPD0-1951	EQ	eQuilibrator:MNXM36579	MetaCyc:CPD0-1951@Charged	eQuilibrator:MNXM36579
cpd26362	MetaCyc:CPD0-1952	MetaCyc:CPD0-1952	MetaCyc:CPD0-1952	MetaCyc:CPD0-1952	MetaCyc:CPD0-1952	MetaCyc:CPD0-1952	EQ	eQuilibrator:MNXM155019	MetaCyc:CPD0-1952@Charged	eQuilibrator:MNXM155019
cpd26363	MetaCyc:CPD0-1957	MetaCyc:CPD0-1957	MetaCyc:CPD0-1957	MetaCyc:CPD0-1957	MetaCyc:CPD0-1957	MetaCyc:CPD0-1957	GC	MetaCyc:CPD0-1957@Charged	MetaCyc:CPD0-1957@Charged	
cpd26364	MetaCyc:CPD0-1961@Charged	MetaCyc:CPD0-1961@Charged	MetaCyc:CPD0-1961@Charged	MetaCyc:CPD0-1961@Charged		MetaCyc:CPD0-1961	GC	MetaCyc:CPD0-1961@Charged	MetaCyc:CPD0-1961@Charged	
cpd26365	MetaCyc:CPD0-1963	MetaCyc:CPD0-1963	MetaCyc:CPD0-1963	MetaCyc:CPD0-1963	MetaCyc:CPD0-1963	MetaCyc:CPD0-1963	EQ		MetaCyc:CPD0-1963@Charged	
cpd26366										
cpd26367	MetaCyc:CPD0-1965	MetaCyc:CPD0-1965	MetaCyc:CPD0-1965	MetaCyc:CPD0-1965	MetaCyc:CPD0-1965	MetaCyc:CPD0-1965	GC	MetaCyc:CPD0-1965@Charged	MetaCyc:CPD0-1965@Charged	eQuilibrator:MNXM31412
cpd26368	MetaCyc:CPD0-1966	MetaCyc:CPD0-1966	MetaCyc:CPD0-1966	MetaCyc:CPD0-1966	MetaCyc:CPD0-1966	MetaCyc:CPD0-1966	GC	MetaCyc:CPD0-1966@Charged	MetaCyc:CPD0-1966@Charged	
cpd26369	MetaCyc:CPD0-2009	MetaCyc:CPD0-2009	MetaCyc:CPD0-2009	MetaCyc:CPD0-2009	MetaCyc:CPD0-2009		GC	MetaCyc:CPD0-2009@Charged	MetaCyc:CPD0-2009@Charged	
cpd26370	MetaCyc:CPD-19751;MetaCyc:CPD0-2011;ChEBI:73012	MetaCyc:CPD-19751;MetaCyc:CPD0-2011;ChEBI:73012	MetaCyc:CPD-19751;MetaCyc:CPD0-2011;ChEBI:73012	MetaCyc:CPD-19751;MetaCyc:CPD0-2011;ChEBI:73012		MetaCyc:CPD-19751	EQ	eQuilibrator:MNXM35437	MetaCyc:CPD0-2011@Charged	eQuilibrator:MNXM35437
cpd26371	MetaCyc:CPD0-2012	MetaCyc:CPD0-2012	MetaCyc:CPD0-2012	MetaCyc:CPD0-2012		MetaCyc:CPD0-2012	GC	MetaCyc:CPD0-2012@Charged	MetaCyc:CPD0-2012@Charged	
cpd26372	MetaCyc:CPD0-2013	MetaCyc:CPD0-2013	MetaCyc:CPD0-2013	MetaCyc:CPD0-2013	MetaCyc:CPD0-2013	MetaCyc:CPD0-2013	GC	MetaCyc:CPD0-2013@Charged	MetaCyc:CPD0-2013@Charged	
cpd26373	MetaCyc:CPD0-2017	MetaCyc:CPD0-2017	MetaCyc:CPD0-2017	MetaCyc:CPD0-2017@Charged	MetaCyc:CPD0-2017	MetaCyc:CPD0-2017	EQ	eQuilibrator:MNXM64030	MetaCyc:CPD0-2017@Charged	eQuilibrator:MNXM64030
cpd26374	MetaCyc:CPD0-2019@Charged	MetaCyc:CPD0-2019@Charged	MetaCyc:CPD0-2019@Charged	MetaCyc:CPD0-2019@Charged	MetaCyc:CPD0-2019	MetaCyc:CPD0-2019	EQ	eQuilibrator:MNXM35876	MetaCyc:CPD0-2019@Charged	eQuilibrator:MNXM35876
cpd26375	MetaCyc:CPD0-2020@Charged	MetaCyc:CPD0-2020@Charged	MetaCyc:CPD0-2020@Charged	MetaCyc:CPD0-2020@Charged	MetaCyc:CPD0-2020	MetaCyc:CPD0-2020	GC	MetaCyc:CPD0-2020@Charged	MetaCyc:CPD0-2020@Charged	
cpd26376	MetaCyc:CPD0-2021@Charged	MetaCyc:CPD0-2021@Charged	MetaCyc:CPD0-2021@Charged	MetaCyc:CPD0-2021@Charged	MetaCyc:CPD0-2021	MetaCyc:CPD0-2021	EQ	eQuilibrator:MNXM37317	MetaCyc:CPD0-2021@Charged	eQuilibrator:MNXM37317
cpd26377	MetaCyc:CPD0-2022@Charged	MetaCyc:CPD0-2022@Charged	MetaCyc:CPD0-2022@Charged	MetaCyc:CPD0-2022@Charged	MetaCyc:CPD0-2022	MetaCyc:CPD0-2022	GC	MetaCyc:CPD0-2022@Charged	MetaCyc:CPD0-2022@Charged	eQuilibrator:MNXM34245
cpd26378	MetaCyc:CPD0-2023@Charged	MetaCyc:CPD0-2023@Charged	MetaCyc:CPD0-2023@Charged	MetaCyc:CPD0-2023@Charged	MetaCyc:CPD0-2023	MetaCyc:CPD0-2023	EQ	eQuilibrator:MNXM89536	MetaCyc:CPD0-2023@Charged	eQuilibrator:MNXM89536
cpd26379	MetaCyc:CPD0-2026	MetaCyc:CPD0-2026	MetaCyc:CPD0-2026	MetaCyc:CPD0-2026	MetaCyc:CPD0-2026	MetaCyc:CPD0-2026	EQ	eQuilibrator:MNXM35904	MetaCyc:CPD0-2026@Charged	eQuilibrator:MNXM35904
cpd26380	MetaCyc:CPD0-2028	MetaCyc:CPD0-2028	MetaCyc:CPD0-2028	MetaCyc:CPD0-2028		MetaCyc:CPD0-2028	EQ	eQuilibrator:MNXM66204	MetaCyc:CPD0-2028@Charged	eQuilibrator:MNXM66204
cpd26381	MetaCyc:CPD0-2029	MetaCyc:CPD0-2029	MetaCyc:CPD0-2029	MetaCyc:CPD0-2029	MetaCyc:CPD0-2029	MetaCyc:CPD0-2029				
cpd26382										
cpd26383	MetaCyc:CPD0-2038@Charged	MetaCyc:CPD0-2038@Charged	MetaCyc:CPD0-2038@Charged	MetaCyc:CPD0-2038@Charged	MetaCyc:CPD0-2038		GC	MetaCyc:CPD0-2038@Charged	MetaCyc:CPD0-2038@Charged	eQuilibrator:MNXM53630
cpd26384	MetaCyc:CPD0-2039	MetaCyc:CPD0-2039	MetaCyc:CPD0-2039	MetaCyc:CPD0-2039	MetaCyc:CPD0-2039	MetaCyc:CPD0-2039	GC	MetaCyc:CPD0-2039@Charged	MetaCyc:CPD0-2039@Charged	
cpd26385	MetaCyc:CPD-24318@Charged;MetaCyc:CPD-24319@Charged;MetaCyc:CPD-763;MetaCyc:CPD0-2040@Charged;KEGG:C06697@Charged;ChEBI:29242	MetaCyc:CPD-24318@Charged;MetaCyc:CPD-24319@Charged;MetaCyc:CPD-763;MetaCyc:CPD0-2040@Charged;KEGG:C06697@Charged;ChEBI:29242	MetaCyc:CPD-24318@Charged;MetaCyc:CPD-24319@Charged;MetaCyc:CPD-763;MetaCyc:CPD0-2040@Charged;KEGG:C06697@Charged;ChEBI:29242	MetaCyc:CPD-24318@Charged;MetaCyc:CPD-24319@Charged;MetaCyc:CPD-763;MetaCyc:CPD0-2040@Charged;KEGG:C06697@Charged;ChEBI:29242	KEGG:C06697	KEGG:C06697	GC	KEGG:C06697@Charged	KEGG:C06697@Charged	
cpd26386										
cpd26387	MetaCyc:CPD0-2049	MetaCyc:CPD0-2049	MetaCyc:CPD0-2049	MetaCyc:CPD0-2049	MetaCyc:CPD0-2049	MetaCyc:CPD0-2049	EQ	eQuilibrator:MNXM38662	MetaCyc:CPD0-2049@Charged	eQuilibrator:MNXM38662
cpd26388	MetaCyc:CPD0-2050@Charged	MetaCyc:CPD0-2050@Charged	MetaCyc:CPD0-2050@Charged	MetaCyc:CPD0-2050@Charged	MetaCyc:CPD0-2050	MetaCyc:CPD0-2050	GC	MetaCyc:CPD0-2050@Charged	MetaCyc:CPD0-2050@Charged	eQuilibrator:MNXM80496
cpd26389	MetaCyc:CPD0-2051	MetaCyc:CPD0-2051	MetaCyc:CPD0-2051	MetaCyc:CPD0-2051	MetaCyc:CPD0-2051	MetaCyc:CPD0-2051	GC	MetaCyc:CPD0-2051@Charged	MetaCyc:CPD0-2051@Charged	
cpd26390										
cpd26391	MetaCyc:CPD0-2053	MetaCyc:CPD0-2053	MetaCyc:CPD0-2053	MetaCyc:CPD0-2053	MetaCyc:CPD0-2053	MetaCyc:CPD0-2053	EQ	eQuilibrator:MNXM52836	MetaCyc:CPD0-2053@Charged	eQuilibrator:MNXM52836
cpd26392	MetaCyc:CPD0-2054@Charged	MetaCyc:CPD0-2054@Charged	MetaCyc:CPD0-2054@Charged	MetaCyc:CPD0-2054@Charged	MetaCyc:CPD0-2054	MetaCyc:CPD0-2054	EQ	eQuilibrator:MNXM52838	MetaCyc:CPD0-2054@Charged	eQuilibrator:MNXM52838
cpd26393	MetaCyc:CPD0-2055	MetaCyc:CPD0-2055	MetaCyc:CPD0-2055	MetaCyc:CPD0-2055	MetaCyc:CPD0-2055	MetaCyc:CPD0-2055	EQ	eQuilibrator:MNXM37977	MetaCyc:CPD0-2055@Charged	eQuilibrator:MNXM37977
cpd26394	MetaCyc:CPD0-2056	MetaCyc:CPD0-2056	MetaCyc:CPD0-2056	MetaCyc:CPD0-2056	MetaCyc:CPD0-2056	MetaCyc:CPD0-2056	EQ		MetaCyc:CPD0-2056@Charged	
cpd26395	MetaCyc:CPD0-2057	MetaCyc:CPD0-2057	MetaCyc:CPD0-2057	MetaCyc:CPD0-2057	MetaCyc:CPD0-2057	MetaCyc:CPD0-2057	GC	MetaCyc:CPD0-2057@Charged	MetaCyc:CPD0-2057@Charged	
cpd26396	MetaCyc:CPD0-2058	MetaCyc:CPD0-2058	MetaCyc:CPD0-2058	MetaCyc:CPD0-2058	MetaCyc:CPD0-2058	MetaCyc:CPD0-2058	EQ	eQuilibrator:MNXM56925	MetaCyc:CPD0-2058@Charged	eQuilibrator:MNXM56925
cpd26397	MetaCyc:CPD0-2059@Charged	MetaCyc:CPD0-2059@Charged	MetaCyc:CPD0-2059@Charged	MetaCyc:CPD0-2059@Charged	MetaCyc:CPD0-2059	MetaCyc:CPD0-2059	EQ	eQuilibrator:MNXM34382	MetaCyc:CPD0-2059@Charged	eQuilibrator:MNXM34382
cpd26398	MetaCyc:CPD0-2060	MetaCyc:CPD0-2060	MetaCyc:CPD0-2060	MetaCyc:CPD0-2060@Charged	MetaCyc:CPD0-2060	MetaCyc:CPD0-2060	GC	MetaCyc:CPD0-2060@Charged	MetaCyc:CPD0-2060@Charged	
cpd26399	MetaCyc:CPD0-2061	MetaCyc:CPD0-2061	MetaCyc:CPD0-2061	MetaCyc:CPD0-2061	MetaCyc:CPD0-2061	MetaCyc:CPD0-2061	EQ	eQuilibrator:MNXM97022	MetaCyc:CPD0-2061@Charged	eQuilibrator:MNXM97022
cpd26400	MetaCyc:CPD0-2062	MetaCyc:CPD0-2062	MetaCyc:CPD0-2062	MetaCyc:CPD0-2062	MetaCyc:CPD0-2062	MetaCyc:CPD0-2062	GC	MetaCyc:CPD0-2062@Charged	MetaCyc:CPD0-2062@Charged	eQuilibrator:MNXM37671
cpd26401	MetaCyc:CPD0-2064	MetaCyc:CPD0-2064	MetaCyc:CPD0-2064	MetaCyc:CPD0-2064	MetaCyc:CPD0-2064	MetaCyc:CPD0-2064	GC	MetaCyc:CPD0-2064@Charged	MetaCyc:CPD0-2064@Charged	
cpd26402	MetaCyc:CPD0-2067@Charged	MetaCyc:CPD0-2067@Charged	MetaCyc:CPD0-2067@Charged	MetaCyc:CPD0-2067@Charged	MetaCyc:CPD0-2067	MetaCyc:CPD0-2067	EQ	eQuilibrator:MNXM45467	MetaCyc:CPD0-2067@Charged	eQuilibrator:MNXM45467
cpd26403	MetaCyc:CPD0-2071@Charged	MetaCyc:CPD0-2071@Charged	MetaCyc:CPD0-2071@Charged	MetaCyc:CPD0-2071@Charged	MetaCyc:CPD0-2071	MetaCyc:CPD0-2071	EQ	eQuilibrator:MNXM40500	MetaCyc:CPD0-2071@Charged	eQuilibrator:MNXM40500
cpd26404	MetaCyc:CPD0-2072	MetaCyc:CPD0-2072	MetaCyc:CPD0-2072	MetaCyc:CPD0-2072	MetaCyc:CPD0-2072	MetaCyc:CPD0-2072	GC	MetaCyc:CPD0-2072@Charged	MetaCyc:CPD0-2072@Charged	eQuilibrator:MNXM43753
cpd26405	MetaCyc:CPD0-2073	MetaCyc:CPD0-2073	MetaCyc:CPD0-2073	MetaCyc:CPD0-2073	MetaCyc:CPD0-2073	MetaCyc:CPD0-2073				
cpd26406	MetaCyc:CPD0-2076	MetaCyc:CPD0-2076		MetaCyc:CPD0-2076	MetaCyc:CPD0-2076	MetaCyc:CPD0-2076	GC	MetaCyc:CPD0-2076@Charged	MetaCyc:CPD0-2076@Charged	
cpd26407	MetaCyc:CPD0-2077@Charged	MetaCyc:CPD0-2077@Charged	MetaCyc:CPD0-2077@Charged	MetaCyc:CPD0-2077@Charged	MetaCyc:CPD0-2077	MetaCyc:CPD0-2077	EQ	eQuilibrator:MNXM89499	MetaCyc:CPD0-2077@Charged	eQuilibrator:MNXM89499
cpd26408	MetaCyc:CPD0-2080	MetaCyc:CPD0-2080	MetaCyc:CPD0-2080	MetaCyc:CPD0-2080	MetaCyc:CPD0-2080	MetaCyc:CPD0-2080	EQ	eQuilibrator:MNXM491678	MetaCyc:CPD0-2080@Charged	eQuilibrator:MNXM491678
cpd26409	MetaCyc:CPD0-2082	MetaCyc:CPD0-2082	MetaCyc:CPD0-2082	MetaCyc:CPD0-2082	MetaCyc:CPD0-2082	MetaCyc:CPD0-2082	GC	MetaCyc:CPD0-2082@Charged	MetaCyc:CPD0-2082@Charged	
cpd26410	MetaCyc:CPD0-2083	MetaCyc:CPD0-2083	MetaCyc:CPD0-2083	MetaCyc:CPD0-2083	MetaCyc:CPD0-2083	MetaCyc:CPD0-2083	GC	MetaCyc:CPD0-2083@Charged	MetaCyc:CPD0-2083@Charged	
cpd26411	MetaCyc:CPD0-2084	MetaCyc:CPD0-2084	MetaCyc:CPD0-2084	MetaCyc:CPD0-2084		MetaCyc:CPD0-2084	GC	MetaCyc:CPD0-2084@Charged	MetaCyc:CPD0-2084@Charged	
cpd26412	MetaCyc:CPD0-2085	MetaCyc:CPD0-2085	MetaCyc:CPD0-2085	MetaCyc:CPD0-2085		MetaCyc:CPD0-2085	GC	MetaCyc:CPD0-2085@Charged	MetaCyc:CPD0-2085@Charged	
cpd26413	MetaCyc:CPD0-2086	MetaCyc:CPD0-2086	MetaCyc:CPD0-2086	MetaCyc:CPD0-2086	MetaCyc:CPD0-2086	MetaCyc:CPD0-2086	GC	MetaCyc:CPD0-2086@Charged	MetaCyc:CPD0-2086@Charged	
cpd26414	MetaCyc:CPD0-2087@Charged;ChEBI:29136	MetaCyc:CPD0-2087@Charged;ChEBI:29136	MetaCyc:CPD0-2087@Charged;ChEBI:29136	MetaCyc:CPD0-2087@Charged;ChEBI:29136		MetaCyc:CPD0-2087	GC	MetaCyc:CPD0-2087@Charged	MetaCyc:CPD0-2087@Charged	
cpd26415	MetaCyc:CPD0-2088	MetaCyc:CPD0-2088	MetaCyc:CPD0-2088	MetaCyc:CPD0-2088	MetaCyc:CPD0-2088	MetaCyc:CPD0-2088	GC	MetaCyc:CPD0-2088@Charged	MetaCyc:CPD0-2088@Charged	
cpd26416	MetaCyc:CPD0-2089	MetaCyc:CPD0-2089	MetaCyc:CPD0-2089	MetaCyc:CPD0-2089		MetaCyc:CPD0-2089	GC	MetaCyc:CPD0-2089@Charged	MetaCyc:CPD0-2089@Charged	
cpd26417	MetaCyc:CPD0-2090	MetaCyc:CPD0-2090	MetaCyc:CPD0-2090	MetaCyc:CPD0-2090	MetaCyc:CPD0-2090	MetaCyc:CPD0-2090	GC	MetaCyc:CPD0-2090@Charged	MetaCyc:CPD0-2090@Charged	
cpd26418	MetaCyc:CPD0-2094	MetaCyc:CPD0-2094	MetaCyc:CPD0-2094	MetaCyc:CPD0-2094	MetaCyc:CPD0-2094	MetaCyc:CPD0-2094				
cpd26419	MetaCyc:CPD0-2095	MetaCyc:CPD0-2095	MetaCyc:CPD0-2095	MetaCyc:CPD0-2095	MetaCyc:CPD0-2095	MetaCyc:CPD0-2095				
cpd26420	MetaCyc:CPD0-2096	MetaCyc:CPD0-2096	MetaCyc:CPD0-2096	MetaCyc:CPD0-2096	MetaCyc:CPD0-2096	MetaCyc:CPD0-2096				
cpd26421										
cpd26422										
cpd26423	MetaCyc:CPD0-2099	MetaCyc:CPD0-2099	MetaCyc:CPD0-2099	MetaCyc:CPD0-2099	MetaCyc:CPD0-2099	MetaCyc:CPD0-2099	EQ	eQuilibrator:MNXM36011	MetaCyc:CPD0-2099@Charged	eQuilibrator:MNXM36011
cpd26424	MetaCyc:CPD0-2101;ChEBI:71177	MetaCyc:CPD0-2101;ChEBI:71177	MetaCyc:CPD0-2101;ChEBI:71177	MetaCyc:CPD0-2101@Charged;ChEBI:71177@Charged	MetaCyc:CPD0-2101	MetaCyc:CPD0-2101	GC	MetaCyc:CPD0-2101@Charged	MetaCyc:CPD0-2101@Charged	eQuilibrator:MNXM22017
cpd26425	MetaCyc:CPD0-2102	MetaCyc:CPD0-2102	MetaCyc:CPD0-2102	MetaCyc:CPD0-2102	MetaCyc:CPD0-2102	MetaCyc:CPD0-2102	GC	MetaCyc:CPD0-2102@Charged	MetaCyc:CPD0-2102@Charged	
cpd26427	MetaCyc:CPD0-2133	MetaCyc:CPD0-2133	MetaCyc:CPD0-2133	MetaCyc:CPD0-2133	MetaCyc:CPD0-2133	MetaCyc:CPD0-2133	GC	MetaCyc:CPD0-2133@Charged	MetaCyc:CPD0-2133@Charged	
cpd26428	MetaCyc:CPD0-2140;ChEBI:72827	MetaCyc:CPD0-2140;ChEBI:72827	MetaCyc:CPD0-2140;ChEBI:72827	MetaCyc:CPD0-2140;ChEBI:72827	MetaCyc:CPD0-2140	MetaCyc:CPD0-2140	GC	MetaCyc:CPD0-2140@Charged	MetaCyc:CPD0-2140@Charged	eQuilibrator:MNXM6607
cpd26429	MetaCyc:CPD0-2143;ChEBI:72826	MetaCyc:CPD0-2143;ChEBI:72826	MetaCyc:CPD0-2143;ChEBI:72826	MetaCyc:CPD0-2143;ChEBI:72826	MetaCyc:CPD0-2143	MetaCyc:CPD0-2143	GC	MetaCyc:CPD0-2143@Charged	MetaCyc:CPD0-2143@Charged	eQuilibrator:MNXM6603
cpd26430	MetaCyc:CPD0-2144	MetaCyc:CPD0-2144	MetaCyc:CPD0-2144	MetaCyc:CPD0-2144	MetaCyc:CPD0-2144	MetaCyc:CPD0-2144	GC	MetaCyc:CPD0-2144@Charged	MetaCyc:CPD0-2144@Charged	
cpd26431	MetaCyc:CPD0-2147;ChEBI:84299	MetaCyc:CPD0-2147;ChEBI:84299	MetaCyc:CPD0-2147;ChEBI:84299	MetaCyc:CPD0-2147;ChEBI:84299	MetaCyc:CPD0-2147	MetaCyc:CPD0-2147	GC	MetaCyc:CPD0-2147@Charged	MetaCyc:CPD0-2147@Charged	eQuilibrator:MNXM32693
cpd26432	MetaCyc:CPD0-2148	MetaCyc:CPD0-2148	MetaCyc:CPD0-2148	MetaCyc:CPD0-2148	MetaCyc:CPD0-2148	MetaCyc:CPD0-2148	GC	MetaCyc:CPD0-2148@Charged	MetaCyc:CPD0-2148@Charged	
cpd26433	MetaCyc:CPD0-2152;ChEBI:75036	MetaCyc:CPD0-2152;ChEBI:75036	MetaCyc:CPD0-2152;ChEBI:75036	MetaCyc:CPD0-2152;ChEBI:75036	MetaCyc:CPD0-2152	MetaCyc:CPD0-2152	GC	MetaCyc:CPD0-2152@Charged	MetaCyc:CPD0-2152@Charged	eQuilibrator:MNXM722840
cpd26434	MetaCyc:CPD0-2162;ChEBI:75158	MetaCyc:CPD0-2162;ChEBI:75158	MetaCyc:CPD0-2162;ChEBI:75158	MetaCyc:CPD0-2162;ChEBI:75158	MetaCyc:CPD0-2162	MetaCyc:CPD0-2162	GC	MetaCyc:CPD0-2162@Charged	MetaCyc:CPD0-2162@Charged	eQuilibrator:MNXM6605
cpd26435	MetaCyc:CPD0-2165	MetaCyc:CPD0-2165	MetaCyc:CPD0-2165	MetaCyc:CPD0-2165	MetaCyc:CPD0-2165	MetaCyc:CPD0-2165	GC	MetaCyc:CPD0-2165@Charged	MetaCyc:CPD0-2165@Charged	
cpd26436	MetaCyc:CPD0-2171	MetaCyc:CPD0-2171	MetaCyc:CPD0-2171	MetaCyc:CPD0-2171	MetaCyc:CPD0-2171	MetaCyc:CPD0-2171	EQ	eQuilibrator:MNXM767	MetaCyc:CPD0-2171@Charged	eQuilibrator:MNXM767
cpd26437	MetaCyc:CPD0-2173	MetaCyc:CPD0-2173	MetaCyc:CPD0-2173	MetaCyc:CPD0-2173	MetaCyc:CPD0-2173	MetaCyc:CPD0-2173	GC	MetaCyc:CPD0-2173@Charged	MetaCyc:CPD0-2173@Charged	
cpd26438	MetaCyc:CPD0-2177	MetaCyc:CPD0-2177	MetaCyc:CPD0-2177	MetaCyc:CPD0-2177	MetaCyc:CPD0-2177	MetaCyc:CPD0-2177	GC	MetaCyc:CPD0-2177@Charged	MetaCyc:CPD0-2177@Charged	eQuilibrator:MNXM34810
cpd26439	MetaCyc:CPD0-2178	MetaCyc:CPD0-2178	MetaCyc:CPD0-2178	MetaCyc:CPD0-2178	MetaCyc:CPD0-2178	MetaCyc:CPD0-2178	GC	MetaCyc:CPD0-2178@Charged	MetaCyc:CPD0-2178@Charged	
cpd26440	MetaCyc:CPD0-2192	MetaCyc:CPD0-2192	MetaCyc:CPD0-2192	MetaCyc:CPD0-2192	MetaCyc:CPD0-2192	MetaCyc:CPD0-2192	GC	MetaCyc:CPD0-2192@Charged	MetaCyc:CPD0-2192@Charged	eQuilibrator:MNXM40227
cpd26441	MetaCyc:CPD0-2194	MetaCyc:CPD0-2194	MetaCyc:CPD0-2194	MetaCyc:CPD0-2194	MetaCyc:CPD0-2194	MetaCyc:CPD0-2194	GC	MetaCyc:CPD0-2194@Charged	MetaCyc:CPD0-2194@Charged	eQuilibrator:MNXM40226
cpd26442	MetaCyc:CPD0-2195	MetaCyc:CPD0-2195	MetaCyc:CPD0-2195	MetaCyc:CPD0-2195	MetaCyc:CPD0-2195	MetaCyc:CPD0-2195	GC	MetaCyc:CPD0-2195@Charged	MetaCyc:CPD0-2195@Charged	eQuilibrator:MNXM40229
cpd26443	MetaCyc:CPD0-2197	MetaCyc:CPD0-2197	MetaCyc:CPD0-2197	MetaCyc:CPD0-2197	MetaCyc:CPD0-2197	MetaCyc:CPD0-2197	GC	MetaCyc:CPD0-2197@Charged	MetaCyc:CPD0-2197@Charged	eQuilibrator:MNXM40228
cpd26444	MetaCyc:CPD0-2202	MetaCyc:CPD0-2202	MetaCyc:CPD0-2202	MetaCyc:CPD0-2202	MetaCyc:CPD0-2202	MetaCyc:CPD0-2202	GC	MetaCyc:CPD0-2202@Charged	MetaCyc:CPD0-2202@Charged	
cpd26445	MetaCyc:CPD0-2207	MetaCyc:CPD0-2207	MetaCyc:CPD0-2207	MetaCyc:CPD0-2207	MetaCyc:CPD0-2207	MetaCyc:CPD0-2207	GC	MetaCyc:CPD0-2207@Charged	MetaCyc:CPD0-2207@Charged	eQuilibrator:MNXM34738
cpd26446	MetaCyc:CPD0-2212@Charged	MetaCyc:CPD0-2212@Charged	MetaCyc:CPD0-2212@Charged	MetaCyc:CPD0-2212@Charged	MetaCyc:CPD0-2212	MetaCyc:CPD0-2212	GC	MetaCyc:CPD0-2212@Charged	MetaCyc:CPD0-2212@Charged	
cpd26447	MetaCyc:CPD0-2216	MetaCyc:CPD0-2216	MetaCyc:CPD0-2216	MetaCyc:CPD0-2216	MetaCyc:CPD0-2216	MetaCyc:CPD0-2216	GC	MetaCyc:CPD0-2216@Charged	MetaCyc:CPD0-2216@Charged	
cpd26448	MetaCyc:CPD0-2217	MetaCyc:CPD0-2217	MetaCyc:CPD0-2217	MetaCyc:CPD0-2217	MetaCyc:CPD0-2217	MetaCyc:CPD0-2217	GC	MetaCyc:CPD0-2217@Charged	MetaCyc:CPD0-2217@Charged	
cpd26449	MetaCyc:CPD0-2218	MetaCyc:CPD0-2218	MetaCyc:CPD0-2218	MetaCyc:CPD0-2218	MetaCyc:CPD0-2218	MetaCyc:CPD0-2218	GC	MetaCyc:CPD0-2218@Charged	MetaCyc:CPD0-2218@Charged	
cpd26450	MetaCyc:CPD0-2223	MetaCyc:CPD0-2223	MetaCyc:CPD0-2223	MetaCyc:CPD0-2223	MetaCyc:CPD0-2223	MetaCyc:CPD0-2223	GC	MetaCyc:CPD0-2223@Charged	MetaCyc:CPD0-2223@Charged	eQuilibrator:MNXM34811
cpd26451	MetaCyc:CPD0-2230	MetaCyc:CPD0-2230	MetaCyc:CPD0-2230	MetaCyc:CPD0-2230	MetaCyc:CPD0-2230	MetaCyc:CPD0-2230	GC	MetaCyc:CPD0-2230@Charged	MetaCyc:CPD0-2230@Charged	
cpd26452	MetaCyc:CPD0-2234	MetaCyc:CPD0-2234		MetaCyc:CPD0-2234	MetaCyc:CPD0-2234	MetaCyc:CPD0-2234	GC	MetaCyc:CPD0-2234@Charged	MetaCyc:CPD0-2234@Charged	
cpd26453	MetaCyc:CPD0-2250@Charged	MetaCyc:CPD0-2250@Charged	MetaCyc:CPD0-2250@Charged	MetaCyc:CPD0-2250@Charged	MetaCyc:CPD0-2250	MetaCyc:CPD0-2250	GC	MetaCyc:CPD0-2250@Charged	MetaCyc:CPD0-2250@Charged	eQuilibrator:MNXM50280
cpd26454	MetaCyc:CPD0-2267	MetaCyc:CPD0-2267	MetaCyc:CPD0-2267	MetaCyc:CPD0-2267	MetaCyc:CPD0-2267	MetaCyc:CPD0-2267	EQ	eQuilibrator:MNXM89493	MetaCyc:CPD0-2267@Charged	eQuilibrator:MNXM89493
cpd26455	MetaCyc:CPD0-2270@Charged	MetaCyc:CPD0-2270@Charged	MetaCyc:CPD0-2270@Charged	MetaCyc:CPD0-2270@Charged	MetaCyc:CPD0-2270	MetaCyc:CPD0-2270	GC	MetaCyc:CPD0-2270@Charged	MetaCyc:CPD0-2270@Charged	
cpd26456	MetaCyc:CPD0-2275	MetaCyc:CPD0-2275	MetaCyc:CPD0-2275	MetaCyc:CPD0-2275	MetaCyc:CPD0-2275	MetaCyc:CPD0-2275	GC	MetaCyc:CPD0-2275@Charged	MetaCyc:CPD0-2275@Charged	
cpd26457	MetaCyc:CPD0-2276@Charged	MetaCyc:CPD0-2276@Charged	MetaCyc:CPD0-2276@Charged	MetaCyc:CPD0-2276@Charged		MetaCyc:CPD0-2276	EQ	eQuilibrator:MNXM55342	MetaCyc:CPD0-2276@Charged	eQuilibrator:MNXM55342
cpd26458	MetaCyc:CPD0-2281@Charged	MetaCyc:CPD0-2281@Charged	MetaCyc:CPD0-2281@Charged	MetaCyc:CPD0-2281@Charged	MetaCyc:CPD0-2281	MetaCyc:CPD0-2281	GC	MetaCyc:CPD0-2281@Charged	MetaCyc:CPD0-2281@Charged	
cpd26459	MetaCyc:CPD0-2295	MetaCyc:CPD0-2295	MetaCyc:CPD0-2295	MetaCyc:CPD0-2295	MetaCyc:CPD0-2295		GC	MetaCyc:CPD0-2295@Charged	MetaCyc:CPD0-2295@Charged	
cpd26460	MetaCyc:CPD-19571;MetaCyc:CPD0-2301	MetaCyc:CPD-19571;MetaCyc:CPD0-2301	MetaCyc:CPD-19571;MetaCyc:CPD0-2301	MetaCyc:CPD-19571;MetaCyc:CPD0-2301			EQ	eQuilibrator:MNXM57604	MetaCyc:CPD-19571@Charged	eQuilibrator:MNXM57604
cpd26461	MetaCyc:CPD0-2303	MetaCyc:CPD0-2303	MetaCyc:CPD0-2303	MetaCyc:CPD0-2303	MetaCyc:CPD0-2303	MetaCyc:CPD0-2303	EQ	eQuilibrator:MNXM36362	MetaCyc:CPD0-2303@Charged	eQuilibrator:MNXM36362
cpd26462	MetaCyc:CPD0-2306@Charged	MetaCyc:CPD0-2306@Charged	MetaCyc:CPD0-2306@Charged	MetaCyc:CPD0-2306@Charged	MetaCyc:CPD0-2306	MetaCyc:CPD0-2306	GC	MetaCyc:CPD0-2306@Charged	MetaCyc:CPD0-2306@Charged	eQuilibrator:MNXM45789
cpd26463	MetaCyc:CPD0-2330	MetaCyc:CPD0-2330	MetaCyc:CPD0-2330	MetaCyc:CPD0-2330	MetaCyc:CPD0-2330	MetaCyc:CPD0-2330	GC	MetaCyc:CPD0-2330@Charged	MetaCyc:CPD0-2330@Charged	
cpd26464	MetaCyc:CPD0-2332	MetaCyc:CPD0-2332	MetaCyc:CPD0-2332	MetaCyc:CPD0-2332	MetaCyc:CPD0-2332	MetaCyc:CPD0-2332	GC	MetaCyc:CPD0-2332@Charged	MetaCyc:CPD0-2332@Charged	
cpd26465	MetaCyc:CPD0-2337	MetaCyc:CPD0-2337	MetaCyc:CPD0-2337	MetaCyc:CPD0-2337		MetaCyc:CPD0-2337	EQ	eQuilibrator:MNXM14123	MetaCyc:CPD0-2337@Charged	eQuilibrator:MNXM14123
cpd26466										
cpd26467	MetaCyc:CPD0-2347	MetaCyc:CPD0-2347	MetaCyc:CPD0-2347	MetaCyc:CPD0-2347			GC	MetaCyc:CPD0-2347@Charged	MetaCyc:CPD0-2347@Charged	
cpd26468	MetaCyc:CPD0-2350;MetaCyc:Spliced-tRNA-precursor	MetaCyc:CPD0-2350;MetaCyc:Spliced-tRNA-precursor		MetaCyc:CPD0-2350;MetaCyc:Spliced-tRNA-precursor	MetaCyc:CPD0-2350	MetaCyc:CPD0-2350	GC	MetaCyc:CPD0-2350@Charged	MetaCyc:CPD0-2350@Charged	
cpd26469										
cpd26470										
cpd26471										
cpd26472										
cpd26473	MetaCyc:CPD0-2355	MetaCyc:CPD0-2355	MetaCyc:CPD0-2355	MetaCyc:CPD0-2355		MetaCyc:CPD0-2355	EQ	eQuilibrator:MNXM51068	MetaCyc:CPD0-2355@Charged	eQuilibrator:MNXM51068
cpd26474	MetaCyc:CPD0-2356	MetaCyc:CPD0-2356	MetaCyc:CPD0-2356	MetaCyc:CPD0-2356	MetaCyc:CPD0-2356		GC	MetaCyc:CPD0-2356@Charged	MetaCyc:CPD0-2356@Charged	
cpd26475	MetaCyc:CPD0-2358@Charged	MetaCyc:CPD0-2358@Charged	MetaCyc:CPD0-2358@Charged	MetaCyc:CPD0-2358@Charged	MetaCyc:CPD0-2358	MetaCyc:CPD0-2358	GC	MetaCyc:CPD0-2358@Charged	MetaCyc:CPD0-2358@Charged	
cpd26476	MetaCyc:CPD0-2359@Charged	MetaCyc:CPD0-2359@Charged	MetaCyc:CPD0-2359@Charged	MetaCyc:CPD0-2359@Charged	MetaCyc:CPD0-2359	MetaCyc:CPD0-2359	GC	MetaCyc:CPD0-2359@Charged	MetaCyc:CPD0-2359@Charged	
cpd26477										
cpd26478	MetaCyc:CPD0-2368	MetaCyc:CPD0-2368	MetaCyc:CPD0-2368	MetaCyc:CPD0-2368	MetaCyc:CPD0-2368	MetaCyc:CPD0-2368				
cpd26479	MetaCyc:CPD0-2375	MetaCyc:CPD0-2375	MetaCyc:CPD0-2375	MetaCyc:CPD0-2375	MetaCyc:CPD0-2375	MetaCyc:CPD0-2375	EQ	eQuilibrator:MNXM487081	MetaCyc:CPD0-2375@Charged	eQuilibrator:MNXM487081
cpd26480	MetaCyc:CPD0-2379	MetaCyc:CPD0-2379	MetaCyc:CPD0-2379	MetaCyc:CPD0-2379	MetaCyc:CPD0-2379	MetaCyc:CPD0-2379	EQ	eQuilibrator:MNXM525976	MetaCyc:CPD0-2379@Charged	eQuilibrator:MNXM525976
cpd26481	MetaCyc:CPD0-2381;ChEBI:71624	MetaCyc:CPD0-2381;ChEBI:71624	MetaCyc:CPD0-2381;ChEBI:71624	MetaCyc:CPD0-2381;ChEBI:71624	MetaCyc:CPD0-2381		GC	MetaCyc:CPD0-2381@Charged	MetaCyc:CPD0-2381@Charged	
cpd26482	MetaCyc:CPD0-2383	MetaCyc:CPD0-2383	MetaCyc:CPD0-2383	MetaCyc:CPD0-2383@Charged	MetaCyc:CPD0-2383	MetaCyc:CPD0-2383	GC	MetaCyc:CPD0-2383@Charged	MetaCyc:CPD0-2383@Charged	
cpd26483										
cpd26484										
cpd26485										
cpd26486										
cpd26487										
cpd26488										
cpd26489	MetaCyc:CPD0-2399	MetaCyc:CPD0-2399	MetaCyc:CPD0-2399	MetaCyc:CPD0-2399	MetaCyc:CPD0-2399	MetaCyc:CPD0-2399	EQ	eQuilibrator:MNXM64024	MetaCyc:CPD0-2399@Charged	eQuilibrator:MNXM64024
cpd26490	MetaCyc:CPD0-2400	MetaCyc:CPD0-2400	MetaCyc:CPD0-2400	MetaCyc:CPD0-2400	MetaCyc:CPD0-2400	MetaCyc:CPD0-2400	GC	MetaCyc:CPD0-2400@Charged	MetaCyc:CPD0-2400@Charged	
cpd26491	MetaCyc:CPD0-2413	MetaCyc:CPD0-2413	MetaCyc:CPD0-2413	MetaCyc:CPD0-2413		MetaCyc:CPD0-2413	GC	MetaCyc:CPD0-2413@Charged	MetaCyc:CPD0-2413@Charged	eQuilibrator:MNXM20221
cpd26492	MetaCyc:CPD0-2414;ChEBI:88390	MetaCyc:CPD0-2414;ChEBI:88390	MetaCyc:CPD0-2414;ChEBI:88390	MetaCyc:CPD0-2414;ChEBI:88390	MetaCyc:CPD0-2414	MetaCyc:CPD0-2414	EQ	eQuilibrator:MNXM56859	MetaCyc:CPD0-2414@Charged	eQuilibrator:MNXM56859
cpd26493										
cpd26494										
cpd26495										
cpd26496	MetaCyc:CPD0-2422	MetaCyc:CPD0-2422	MetaCyc:CPD0-2422	MetaCyc:CPD0-2422	MetaCyc:CPD0-2422		GC	MetaCyc:CPD0-2422@Charged	MetaCyc:CPD0-2422@Charged	
cpd26497										
cpd26498	MetaCyc:CPD0-2430	MetaCyc:CPD0-2430	MetaCyc:CPD0-2430	MetaCyc:CPD0-2430@Charged	MetaCyc:CPD0-2430	MetaCyc:CPD0-2430	GC	MetaCyc:CPD0-2430@Charged	MetaCyc:CPD0-2430@Charged	eQuilibrator:MNXM722208
cpd26499										
cpd26500										
cpd26501										
cpd26502										
cpd26503										
cpd26504	MetaCyc:CPD0-2458	MetaCyc:CPD0-2458	MetaCyc:CPD0-2458	MetaCyc:CPD0-2458	MetaCyc:CPD0-2458	MetaCyc:CPD0-2458	GC	MetaCyc:CPD0-2458@Charged	MetaCyc:CPD0-2458@Charged	
cpd26505	MetaCyc:CPD0-2460	MetaCyc:CPD0-2460	MetaCyc:CPD0-2460	MetaCyc:CPD0-2460	MetaCyc:CPD0-2460	MetaCyc:CPD0-2460	EQ	eQuilibrator:MNXM61022	MetaCyc:CPD0-2460@Charged	eQuilibrator:MNXM61022
cpd26506	MetaCyc:CPD0-2461@Charged;ChEBI:62462@Charged	MetaCyc:CPD0-2461@Charged;ChEBI:62462@Charged	MetaCyc:CPD0-2461@Charged;ChEBI:62462@Charged	MetaCyc:CPD0-2461@Charged;ChEBI:62462@Charged	MetaCyc:CPD0-2461	MetaCyc:CPD0-2461	EQ	eQuilibrator:MNXM18758	MetaCyc:CPD0-2461@Charged	eQuilibrator:MNXM18758
cpd26507	MetaCyc:CPD0-2462	MetaCyc:CPD0-2462	MetaCyc:CPD0-2462	MetaCyc:CPD0-2462	MetaCyc:CPD0-2462	MetaCyc:CPD0-2462	GC	MetaCyc:CPD0-2462@Charged	MetaCyc:CPD0-2462@Charged	eQuilibrator:MNXM31761
cpd26508	MetaCyc:CPD0-2463;KEGG:C20440@Charged;ChEBI:68687	MetaCyc:CPD0-2463;KEGG:C20440@Charged;ChEBI:68687	MetaCyc:CPD0-2463;KEGG:C20440@Charged;ChEBI:68687	MetaCyc:CPD0-2463;KEGG:C20440@Charged;ChEBI:68687	KEGG:C20440	KEGG:C20440	EQ	eQuilibrator:MNXM13282	MetaCyc:CPD0-2463@Charged	eQuilibrator:MNXM13282
cpd26509	MetaCyc:CPD0-2464	MetaCyc:CPD0-2464	MetaCyc:CPD0-2464	MetaCyc:CPD0-2464	MetaCyc:CPD0-2464	MetaCyc:CPD0-2464	GC	MetaCyc:CPD0-2464@Charged	MetaCyc:CPD0-2464@Charged	eQuilibrator:MNXM87514
cpd26510	MetaCyc:CPD0-2466@Charged	MetaCyc:CPD0-2466@Charged	MetaCyc:CPD0-2466@Charged	MetaCyc:CPD0-2466@Charged	MetaCyc:CPD0-2466	MetaCyc:CPD0-2466	EQ		MetaCyc:CPD0-2466@Charged	
cpd26511	MetaCyc:CPD0-2467;ChEBI:84359	MetaCyc:CPD0-2467;ChEBI:84359	MetaCyc:CPD0-2467;ChEBI:84359	MetaCyc:CPD0-2467;ChEBI:84359	MetaCyc:CPD0-2467	MetaCyc:CPD0-2467	EQ	eQuilibrator:MNXM36480	MetaCyc:CPD0-2467@Charged	eQuilibrator:MNXM36480
cpd26512	MetaCyc:CPD0-2468	MetaCyc:CPD0-2468	MetaCyc:CPD0-2468	MetaCyc:CPD0-2468	MetaCyc:CPD0-2468	MetaCyc:CPD0-2468	GC	MetaCyc:CPD0-2468@Charged	MetaCyc:CPD0-2468@Charged	
cpd26513	MetaCyc:CPD0-2471@Charged	MetaCyc:CPD0-2471@Charged		MetaCyc:CPD0-2471@Charged	MetaCyc:CPD0-2471	MetaCyc:CPD0-2471	GC	MetaCyc:CPD0-2471@Charged	MetaCyc:CPD0-2471@Charged	
cpd26514	MetaCyc:CPD0-2472;KEGG:C20482@Charged;ChEBI:64075	MetaCyc:CPD0-2472;KEGG:C20482@Charged;ChEBI:64075	MetaCyc:CPD0-2472;KEGG:C20482@Charged;ChEBI:64075	MetaCyc:CPD0-2472;KEGG:C20482@Charged;ChEBI:64075	KEGG:C20482	KEGG:C20482	EQ	eQuilibrator:MNXM5377	KEGG:C20482@Charged	eQuilibrator:MNXM5377
cpd26515	MetaCyc:CPD0-2475	MetaCyc:CPD0-2475	MetaCyc:CPD0-2475	MetaCyc:CPD0-2475	MetaCyc:CPD0-2475	MetaCyc:CPD0-2475	EQ	eQuilibrator:MNXM61814	MetaCyc:CPD0-2475@Charged	eQuilibrator:MNXM61814
cpd26516	MetaCyc:CPD0-2476	MetaCyc:CPD0-2476	MetaCyc:CPD0-2476	MetaCyc:CPD0-2476	MetaCyc:CPD0-2476	MetaCyc:CPD0-2476	EQ	eQuilibrator:MNXM36781	MetaCyc:CPD0-2476@Charged	eQuilibrator:MNXM36781
cpd26517	MetaCyc:CPD0-2477	MetaCyc:CPD0-2477	MetaCyc:CPD0-2477	MetaCyc:CPD0-2477	MetaCyc:CPD0-2477	MetaCyc:CPD0-2477	EQ	eQuilibrator:MNXM36792	MetaCyc:CPD0-2477@Charged	eQuilibrator:MNXM36792
cpd26518	MetaCyc:CPD0-2479@Charged;KEGG:C20422@Charged;ChEBI:68823@Charged	MetaCyc:CPD0-2479@Charged;KEGG:C20422@Charged;ChEBI:68823@Charged	MetaCyc:CPD0-2479@Charged;KEGG:C20422@Charged;ChEBI:68823@Charged	MetaCyc:CPD0-2479@Charged;KEGG:C20422@Charged;ChEBI:68823@Charged	KEGG:C20422	KEGG:C20422	EQ	eQuilibrator:MNXM13284	MetaCyc:CPD0-2479@Charged	eQuilibrator:MNXM13284
cpd26519	MetaCyc:CPD0-2480;KEGG:C20423@Charged;ChEBI:68686	MetaCyc:CPD0-2480;KEGG:C20423@Charged;ChEBI:68686	MetaCyc:CPD0-2480;KEGG:C20423@Charged;ChEBI:68686	MetaCyc:CPD0-2480;KEGG:C20423@Charged;ChEBI:68686	KEGG:C20423	KEGG:C20423	EQ	eQuilibrator:MNXM13283	MetaCyc:CPD0-2480@Charged	eQuilibrator:MNXM13283
cpd26520	MetaCyc:CPD0-2483;ChEBI:143020	MetaCyc:CPD0-2483;ChEBI:143020	MetaCyc:CPD0-2483;ChEBI:143020	MetaCyc:CPD0-2483;ChEBI:143020	MetaCyc:CPD0-2483	MetaCyc:CPD0-2483	EQ		MetaCyc:CPD0-2483@Charged	
cpd26521	MetaCyc:CPD0-2485	MetaCyc:CPD0-2485	MetaCyc:CPD0-2485	MetaCyc:CPD0-2485	MetaCyc:CPD0-2485	MetaCyc:CPD0-2485	EQ	eQuilibrator:MNXM148101	MetaCyc:CPD0-2485@Charged	eQuilibrator:MNXM148101
cpd26522	MetaCyc:CPD0-2486	MetaCyc:CPD0-2486	MetaCyc:CPD0-2486	MetaCyc:CPD0-2486	MetaCyc:CPD0-2486	MetaCyc:CPD0-2486	EQ	eQuilibrator:MNXM89485	MetaCyc:CPD0-2486@Charged	eQuilibrator:MNXM89485
cpd26523	MetaCyc:CPD0-2489	MetaCyc:CPD0-2489	MetaCyc:CPD0-2489	MetaCyc:CPD0-2489	MetaCyc:CPD0-2489	MetaCyc:CPD0-2489	GC	MetaCyc:CPD0-2489@Charged	MetaCyc:CPD0-2489@Charged	
cpd26524	MetaCyc:CPD0-2491	MetaCyc:CPD0-2491	MetaCyc:CPD0-2491	MetaCyc:CPD0-2491	MetaCyc:CPD0-2491	MetaCyc:CPD0-2491	EQ	eQuilibrator:MNXM488167	MetaCyc:CPD0-2491@Charged	eQuilibrator:MNXM488167
cpd26525	MetaCyc:CPD0-2492	MetaCyc:CPD0-2492	MetaCyc:CPD0-2492	MetaCyc:CPD0-2492@Charged	MetaCyc:CPD0-2492	MetaCyc:CPD0-2492	EQ	eQuilibrator:MNXM480306	MetaCyc:CPD0-2492@Charged	eQuilibrator:MNXM480306
cpd26526	MetaCyc:CPD0-441	MetaCyc:CPD0-441	MetaCyc:CPD0-441	MetaCyc:CPD0-441	MetaCyc:CPD0-441	MetaCyc:CPD0-441	GC	MetaCyc:CPD0-441@Charged	MetaCyc:CPD0-441@Charged	eQuilibrator:MNXM53843
cpd26527	MetaCyc:CPD0-889	MetaCyc:CPD0-889	MetaCyc:CPD0-889	MetaCyc:CPD0-889	MetaCyc:CPD0-889	MetaCyc:CPD0-889	GC	MetaCyc:CPD0-889@Charged	MetaCyc:CPD0-889@Charged	
cpd26528	MetaCyc:CPD0-903;ChEBI:44348	MetaCyc:CPD0-903;ChEBI:44348	MetaCyc:CPD0-903;ChEBI:44348	MetaCyc:CPD0-903;ChEBI:44348		MetaCyc:CPD0-903	EQ	eQuilibrator:MNXM19698	MetaCyc:CPD0-903@Charged	eQuilibrator:MNXM19698
cpd26529	MetaCyc:CPD0-914	MetaCyc:CPD0-914	MetaCyc:CPD0-914	MetaCyc:CPD0-914	MetaCyc:CPD0-914	MetaCyc:CPD0-914	GC	MetaCyc:CPD0-914@Charged	MetaCyc:CPD0-914@Charged	
cpd26530	MetaCyc:CPD0-915	MetaCyc:CPD0-915	MetaCyc:CPD0-915	MetaCyc:CPD0-915	MetaCyc:CPD0-915	MetaCyc:CPD0-915	GC	MetaCyc:CPD0-915@Charged	MetaCyc:CPD0-915@Charged	eQuilibrator:MNXM59321
cpd26531	MetaCyc:CPD0-916	MetaCyc:CPD0-916	MetaCyc:CPD0-916	MetaCyc:CPD0-916	MetaCyc:CPD0-916	MetaCyc:CPD0-916	EQ	eQuilibrator:MNXM42826	MetaCyc:CPD0-916@Charged	eQuilibrator:MNXM42826
cpd26532	MetaCyc:CPD0-918@Charged	MetaCyc:CPD0-918@Charged	MetaCyc:CPD0-918@Charged	MetaCyc:CPD0-918@Charged	MetaCyc:CPD0-918	MetaCyc:CPD0-918	GC	MetaCyc:CPD0-918@Charged	MetaCyc:CPD0-918@Charged	
cpd26533	MetaCyc:CPD0-919@Charged	MetaCyc:CPD0-919@Charged	MetaCyc:CPD0-919@Charged	MetaCyc:CPD0-919@Charged	MetaCyc:CPD0-919	MetaCyc:CPD0-919	GC	MetaCyc:CPD0-919@Charged	MetaCyc:CPD0-919@Charged	
cpd26534	MetaCyc:CPD0-920@Charged	MetaCyc:CPD0-920@Charged	MetaCyc:CPD0-920@Charged	MetaCyc:CPD0-920@Charged	MetaCyc:CPD0-920	MetaCyc:CPD0-920	GC	MetaCyc:CPD0-920@Charged	MetaCyc:CPD0-920@Charged	
cpd26535	MetaCyc:CPD0-922	MetaCyc:CPD0-922	MetaCyc:CPD0-922	MetaCyc:CPD0-922	MetaCyc:CPD0-922	MetaCyc:CPD0-922	EQ	eQuilibrator:MNXM37448	MetaCyc:CPD0-922@Charged	eQuilibrator:MNXM37448
cpd26536	MetaCyc:CPD0-923	MetaCyc:CPD0-923	MetaCyc:CPD0-923	MetaCyc:CPD0-923	MetaCyc:CPD0-923	MetaCyc:CPD0-923	GC	MetaCyc:CPD0-923@Charged	MetaCyc:CPD0-923@Charged	
cpd26537	MetaCyc:CPD0-925	MetaCyc:CPD0-925	MetaCyc:CPD0-925	MetaCyc:CPD0-925	MetaCyc:CPD0-925	MetaCyc:CPD0-925				
cpd26538	MetaCyc:CPD0-932	MetaCyc:CPD0-932	MetaCyc:CPD0-932	MetaCyc:CPD0-932	MetaCyc:CPD0-932	MetaCyc:CPD0-932	GC	MetaCyc:CPD0-932@Charged	MetaCyc:CPD0-932@Charged	
cpd26539	MetaCyc:CPD0-933	MetaCyc:CPD0-933	MetaCyc:CPD0-933	MetaCyc:CPD0-933	MetaCyc:CPD0-933		GC	MetaCyc:CPD0-933@Charged	MetaCyc:CPD0-933@Charged	
cpd26540	MetaCyc:CPD0-934	MetaCyc:CPD0-934	MetaCyc:CPD0-934	MetaCyc:CPD0-934	MetaCyc:CPD0-934		GC	MetaCyc:CPD0-934@Charged	MetaCyc:CPD0-934@Charged	
cpd26541	MetaCyc:CPD0-935	MetaCyc:CPD0-935	MetaCyc:CPD0-935	MetaCyc:CPD0-935	MetaCyc:CPD0-935		GC	MetaCyc:CPD0-935@Charged	MetaCyc:CPD0-935@Charged	
cpd26542	MetaCyc:CPD0-936	MetaCyc:CPD0-936	MetaCyc:CPD0-936	MetaCyc:CPD0-936	MetaCyc:CPD0-936		GC	MetaCyc:CPD0-936@Charged	MetaCyc:CPD0-936@Charged	
cpd26543	MetaCyc:CPD0-937	MetaCyc:CPD0-937	MetaCyc:CPD0-937	MetaCyc:CPD0-937	MetaCyc:CPD0-937		GC	MetaCyc:CPD0-937@Charged	MetaCyc:CPD0-937@Charged	
cpd26544	MetaCyc:CPD0-938	MetaCyc:CPD0-938	MetaCyc:CPD0-938	MetaCyc:CPD0-938	MetaCyc:CPD0-938		GC	MetaCyc:CPD0-938@Charged	MetaCyc:CPD0-938@Charged	
cpd26545	MetaCyc:CPD0-939	MetaCyc:CPD0-939	MetaCyc:CPD0-939	MetaCyc:CPD0-939	MetaCyc:CPD0-939		GC	MetaCyc:CPD0-939@Charged	MetaCyc:CPD0-939@Charged	
cpd26546										
cpd26547	MetaCyc:CPD0-944	MetaCyc:CPD0-944		MetaCyc:CPD0-944	MetaCyc:CPD0-944	MetaCyc:CPD0-944	GC	MetaCyc:CPD0-944@Charged	MetaCyc:CPD0-944@Charged	
cpd26548	MetaCyc:CPD0-955@Charged	MetaCyc:CPD0-955@Charged	MetaCyc:CPD0-955@Charged	MetaCyc:CPD0-955@Charged	MetaCyc:CPD0-955	MetaCyc:CPD0-955	EQ		MetaCyc:CPD0-955@Charged	
cpd26549	MetaCyc:CPD0-963	MetaCyc:CPD0-963		MetaCyc:CPD0-963	MetaCyc:CPD0-963	MetaCyc:CPD0-963	GC	MetaCyc:CPD0-963@Charged	MetaCyc:CPD0-963@Charged	
cpd26550	MetaCyc:CPD0-967@Charged	MetaCyc:CPD0-967@Charged	MetaCyc:CPD0-967@Charged	MetaCyc:CPD0-967@Charged	MetaCyc:CPD0-967		EQ	eQuilibrator:MNXM56429	MetaCyc:CPD0-967@Charged	eQuilibrator:MNXM56429
cpd26551	MetaCyc:CPD0-971	MetaCyc:CPD0-971	MetaCyc:CPD0-971	MetaCyc:CPD0-971	MetaCyc:CPD0-971	MetaCyc:CPD0-971	GC	MetaCyc:CPD0-971@Original	MetaCyc:CPD0-971@Original	
cpd26552	MetaCyc:CPD1A0-6104	MetaCyc:CPD1A0-6104	MetaCyc:CPD1A0-6104	MetaCyc:CPD1A0-6104	MetaCyc:CPD1A0-6104	MetaCyc:CPD1A0-6104	EQ	eQuilibrator:MNXM6102	MetaCyc:CPD1A0-6104@Charged	eQuilibrator:MNXM6102
cpd26553	MetaCyc:CPD1A0-6119	MetaCyc:CPD1A0-6119	MetaCyc:CPD1A0-6119	MetaCyc:CPD1A0-6119	MetaCyc:CPD1A0-6119	MetaCyc:CPD1A0-6119	GC	MetaCyc:CPD1A0-6119@Charged	MetaCyc:CPD1A0-6119@Charged	
cpd26554	MetaCyc:CPD1F-135	MetaCyc:CPD1F-135	MetaCyc:CPD1F-135	MetaCyc:CPD1F-135	MetaCyc:CPD1F-135	MetaCyc:CPD1F-135	GC	MetaCyc:CPD1F-135@Charged	MetaCyc:CPD1F-135@Charged	
cpd26555	MetaCyc:CPD1F-420@Charged	MetaCyc:CPD1F-420@Charged	MetaCyc:CPD1F-420@Charged	MetaCyc:CPD1F-420@Charged	MetaCyc:CPD1F-420	MetaCyc:CPD1F-420	GC	MetaCyc:CPD1F-420@Charged	MetaCyc:CPD1F-420@Charged	
cpd26556	MetaCyc:CPD1F-431@Charged	MetaCyc:CPD1F-431@Charged	MetaCyc:CPD1F-431@Charged	MetaCyc:CPD1F-431@Charged	MetaCyc:CPD1F-431	MetaCyc:CPD1F-431	GC	MetaCyc:CPD1F-431@Charged	MetaCyc:CPD1F-431@Charged	
cpd26557					MetaCyc:CPD1F-437	MetaCyc:CPD1F-437	GC			
cpd26558	MetaCyc:CPD1F-461@Charged	MetaCyc:CPD1F-461@Charged	MetaCyc:CPD1F-461@Charged	MetaCyc:CPD1F-461@Charged	MetaCyc:CPD1F-461	MetaCyc:CPD1F-461	GC	MetaCyc:CPD1F-461@Charged	MetaCyc:CPD1F-461@Charged	eQuilibrator:MNXM40413
cpd26559	MetaCyc:CPD1F-462@Charged	MetaCyc:CPD1F-462@Charged	MetaCyc:CPD1F-462@Charged	MetaCyc:CPD1F-462@Charged	MetaCyc:CPD1F-462	MetaCyc:CPD1F-462	GC	MetaCyc:CPD1F-462@Charged	MetaCyc:CPD1F-462@Charged	eQuilibrator:MNXM105926
cpd26560	MetaCyc:CPD1F-84;ChEBI:143959	MetaCyc:CPD1F-84;ChEBI:143959	MetaCyc:CPD1F-84;ChEBI:143959	MetaCyc:CPD1F-84;ChEBI:143959	MetaCyc:CPD1F-84		GC	MetaCyc:CPD1F-84@Charged	MetaCyc:CPD1F-84@Charged	
cpd26561	MetaCyc:CPD1F-86;ChEBI:143958	MetaCyc:CPD1F-86;ChEBI:143958	MetaCyc:CPD1F-86;ChEBI:143958	MetaCyc:CPD1F-86;ChEBI:143958	MetaCyc:CPD1F-86	MetaCyc:CPD1F-86	GC	MetaCyc:CPD1F-86@Charged	MetaCyc:CPD1F-86@Charged	
cpd26562	MetaCyc:CPD1G-105	MetaCyc:CPD1G-105	MetaCyc:CPD1G-105	MetaCyc:CPD1G-105	MetaCyc:CPD1G-105	MetaCyc:CPD1G-105	GC	MetaCyc:CPD1G-105@Charged	MetaCyc:CPD1G-105@Charged	eQuilibrator:MNXM10382
cpd26563	MetaCyc:CPD1G-106	MetaCyc:CPD1G-106	MetaCyc:CPD1G-106	MetaCyc:CPD1G-106	MetaCyc:CPD1G-106	MetaCyc:CPD1G-106	GC	MetaCyc:CPD1G-106@Charged	MetaCyc:CPD1G-106@Charged	eQuilibrator:MNXM10388
cpd26564	MetaCyc:CPD1G-107	MetaCyc:CPD1G-107	MetaCyc:CPD1G-107	MetaCyc:CPD1G-107	MetaCyc:CPD1G-107	MetaCyc:CPD1G-107	GC	MetaCyc:CPD1G-107@Charged	MetaCyc:CPD1G-107@Charged	eQuilibrator:MNXM10380
cpd26565	MetaCyc:CPD1G-108	MetaCyc:CPD1G-108	MetaCyc:CPD1G-108	MetaCyc:CPD1G-108	MetaCyc:CPD1G-108	MetaCyc:CPD1G-108	GC	MetaCyc:CPD1G-108@Charged	MetaCyc:CPD1G-108@Charged	eQuilibrator:MNXM10386
cpd26566	MetaCyc:CPD1G-124	MetaCyc:CPD1G-124	MetaCyc:CPD1G-124	MetaCyc:CPD1G-124	MetaCyc:CPD1G-124	MetaCyc:CPD1G-124	GC	MetaCyc:CPD1G-124@Charged	MetaCyc:CPD1G-124@Charged	eQuilibrator:MNXM11195
cpd26567	MetaCyc:CPD1G-130	MetaCyc:CPD1G-130	MetaCyc:CPD1G-130	MetaCyc:CPD1G-130	MetaCyc:CPD1G-130	MetaCyc:CPD1G-130	GC	MetaCyc:CPD1G-130@Charged	MetaCyc:CPD1G-130@Charged	eQuilibrator:MNXM12306
cpd26568	MetaCyc:CPD1G-1345	MetaCyc:CPD1G-1345	MetaCyc:CPD1G-1345	MetaCyc:CPD1G-1345	MetaCyc:CPD1G-1345	MetaCyc:CPD1G-1345	EQ	eQuilibrator:MNXM7829	MetaCyc:CPD1G-1345@Charged	eQuilibrator:MNXM7829
cpd26569	MetaCyc:CPD1G-1346	MetaCyc:CPD1G-1346	MetaCyc:CPD1G-1346	MetaCyc:CPD1G-1346	MetaCyc:CPD1G-1346	MetaCyc:CPD1G-1346	EQ	eQuilibrator:MNXM7835	MetaCyc:CPD1G-1346@Charged	eQuilibrator:MNXM7835
cpd26570	MetaCyc:CPD1G-1353	MetaCyc:CPD1G-1353	MetaCyc:CPD1G-1353	MetaCyc:CPD1G-1353	MetaCyc:CPD1G-1353	MetaCyc:CPD1G-1353	EQ	eQuilibrator:MNXM7828	MetaCyc:CPD1G-1353@Charged	eQuilibrator:MNXM7828
cpd26571	MetaCyc:CPD1G-1354	MetaCyc:CPD1G-1354	MetaCyc:CPD1G-1354	MetaCyc:CPD1G-1354	MetaCyc:CPD1G-1354	MetaCyc:CPD1G-1354	EQ	eQuilibrator:MNXM7834	MetaCyc:CPD1G-1354@Charged	eQuilibrator:MNXM7834
cpd26572	MetaCyc:CPD1G-1531	MetaCyc:CPD1G-1531		MetaCyc:CPD1G-1531	MetaCyc:CPD1G-1531	MetaCyc:CPD1G-1531				
cpd26573	MetaCyc:CPD1G-1532	MetaCyc:CPD1G-1532		MetaCyc:CPD1G-1532	MetaCyc:CPD1G-1532	MetaCyc:CPD1G-1532				
cpd26574	MetaCyc:CPD1G-1533	MetaCyc:CPD1G-1533		MetaCyc:CPD1G-1533	MetaCyc:CPD1G-1533	MetaCyc:CPD1G-1533				
cpd26575	MetaCyc:CPD1G-1534	MetaCyc:CPD1G-1534		MetaCyc:CPD1G-1534	MetaCyc:CPD1G-1534	MetaCyc:CPD1G-1534				
cpd26576	MetaCyc:CPD1G-1535	MetaCyc:CPD1G-1535		MetaCyc:CPD1G-1535	MetaCyc:CPD1G-1535	MetaCyc:CPD1G-1535				
cpd26577	MetaCyc:CPD1G-159	MetaCyc:CPD1G-159	MetaCyc:CPD1G-159	MetaCyc:CPD1G-159	MetaCyc:CPD1G-159	MetaCyc:CPD1G-159	GC	MetaCyc:CPD1G-159@Charged	MetaCyc:CPD1G-159@Charged	eQuilibrator:MNXM19426
cpd26578	MetaCyc:CPD1G-185	MetaCyc:CPD1G-185	MetaCyc:CPD1G-185	MetaCyc:CPD1G-185	MetaCyc:CPD1G-185	MetaCyc:CPD1G-185	GC	MetaCyc:CPD1G-185@Charged	MetaCyc:CPD1G-185@Charged	eQuilibrator:MNXM16354
cpd26579	MetaCyc:CPD1G-204	MetaCyc:CPD1G-204	MetaCyc:CPD1G-204	MetaCyc:CPD1G-204	MetaCyc:CPD1G-204	MetaCyc:CPD1G-204	GC	MetaCyc:CPD1G-204@Charged	MetaCyc:CPD1G-204@Charged	eQuilibrator:MNXM11196
cpd26580	MetaCyc:CPD1G-252	MetaCyc:CPD1G-252	MetaCyc:CPD1G-252	MetaCyc:CPD1G-252	MetaCyc:CPD1G-252	MetaCyc:CPD1G-252	GC	MetaCyc:CPD1G-252@Charged	MetaCyc:CPD1G-252@Charged	eQuilibrator:MNXM11197
cpd26581	MetaCyc:CPD1G-277;ChEBI:64868	MetaCyc:CPD1G-277;ChEBI:64868	MetaCyc:CPD1G-277;ChEBI:64868	MetaCyc:CPD1G-277;ChEBI:64868	MetaCyc:CPD1G-277	MetaCyc:CPD1G-277	EQ	eQuilibrator:MNXM1190	MetaCyc:CPD1G-277@Charged	eQuilibrator:MNXM1190
cpd26582	MetaCyc:CPD1G-332;ChEBI:83578	MetaCyc:CPD1G-332;ChEBI:83578	MetaCyc:CPD1G-332;ChEBI:83578	MetaCyc:CPD1G-332;ChEBI:83578	MetaCyc:CPD1G-332	MetaCyc:CPD1G-332	EQ	eQuilibrator:MNXM5459	MetaCyc:CPD1G-332@Charged	eQuilibrator:MNXM5459
cpd26583	MetaCyc:CPD1G-360	MetaCyc:CPD1G-360	MetaCyc:CPD1G-360	MetaCyc:CPD1G-360	MetaCyc:CPD1G-360	MetaCyc:CPD1G-360	GC	MetaCyc:CPD1G-360@Charged	MetaCyc:CPD1G-360@Charged	eQuilibrator:MNXM11198
cpd26584	MetaCyc:CPD1G-408	MetaCyc:CPD1G-408	MetaCyc:CPD1G-408	MetaCyc:CPD1G-408	MetaCyc:CPD1G-408	MetaCyc:CPD1G-408	GC	MetaCyc:CPD1G-408@Charged	MetaCyc:CPD1G-408@Charged	eQuilibrator:MNXM11199
cpd26585	MetaCyc:CPD1G-69	MetaCyc:CPD1G-69	MetaCyc:CPD1G-69	MetaCyc:CPD1G-69	MetaCyc:CPD1G-69	MetaCyc:CPD1G-69	GC	MetaCyc:CPD1G-69@Charged	MetaCyc:CPD1G-69@Charged	eQuilibrator:MNXM3574
cpd26586	MetaCyc:CPD1G-768	MetaCyc:CPD1G-768	MetaCyc:CPD1G-768	MetaCyc:CPD1G-768	MetaCyc:CPD1G-768	MetaCyc:CPD1G-768	EQ	eQuilibrator:MNXM10383	MetaCyc:CPD1G-768@Charged	eQuilibrator:MNXM10383
cpd26587	MetaCyc:CPD1G-771	MetaCyc:CPD1G-771	MetaCyc:CPD1G-771	MetaCyc:CPD1G-771	MetaCyc:CPD1G-771	MetaCyc:CPD1G-771	EQ	eQuilibrator:MNXM10381	MetaCyc:CPD1G-771@Charged	eQuilibrator:MNXM10381
cpd26588	MetaCyc:CPD1G-772	MetaCyc:CPD1G-772	MetaCyc:CPD1G-772	MetaCyc:CPD1G-772	MetaCyc:CPD1G-772	MetaCyc:CPD1G-772	EQ	eQuilibrator:MNXM10387	MetaCyc:CPD1G-772@Charged	eQuilibrator:MNXM10387
cpd26589	MetaCyc:CPD1G-773	MetaCyc:CPD1G-773	MetaCyc:CPD1G-773	MetaCyc:CPD1G-773	MetaCyc:CPD1G-773	MetaCyc:CPD1G-773	EQ	eQuilibrator:MNXM10379	MetaCyc:CPD1G-773@Charged	eQuilibrator:MNXM10379
cpd26590	MetaCyc:CPD1G-774	MetaCyc:CPD1G-774	MetaCyc:CPD1G-774	MetaCyc:CPD1G-774	MetaCyc:CPD1G-774	MetaCyc:CPD1G-774	EQ	eQuilibrator:MNXM10385	MetaCyc:CPD1G-774@Charged	eQuilibrator:MNXM10385
cpd26591	MetaCyc:CPD1G-83	MetaCyc:CPD1G-83	MetaCyc:CPD1G-83	MetaCyc:CPD1G-83	MetaCyc:CPD1G-83	MetaCyc:CPD1G-83	GC	MetaCyc:CPD1G-83@Charged	MetaCyc:CPD1G-83@Charged	eQuilibrator:MNXM10384
cpd26592	MetaCyc:CPD1G-833	MetaCyc:CPD1G-833	MetaCyc:CPD1G-833	MetaCyc:CPD1G-833	MetaCyc:CPD1G-833	MetaCyc:CPD1G-833	EQ	eQuilibrator:MNXM161783	MetaCyc:CPD1G-833@Charged	eQuilibrator:MNXM161783
cpd26593	MetaCyc:CPD1G-852	MetaCyc:CPD1G-852	MetaCyc:CPD1G-852	MetaCyc:CPD1G-852	MetaCyc:CPD1G-852	MetaCyc:CPD1G-852	EQ	eQuilibrator:MNXM22161	MetaCyc:CPD1G-852@Charged	eQuilibrator:MNXM22161
cpd26594	MetaCyc:CPD1G-853	MetaCyc:CPD1G-853	MetaCyc:CPD1G-853	MetaCyc:CPD1G-853	MetaCyc:CPD1G-853	MetaCyc:CPD1G-853	EQ	eQuilibrator:MNXM22164	MetaCyc:CPD1G-853@Charged	eQuilibrator:MNXM22164
cpd26595	MetaCyc:CPD1G-854	MetaCyc:CPD1G-854	MetaCyc:CPD1G-854	MetaCyc:CPD1G-854	MetaCyc:CPD1G-854	MetaCyc:CPD1G-854	EQ	eQuilibrator:MNXM22160	MetaCyc:CPD1G-854@Charged	eQuilibrator:MNXM22160
cpd26596	MetaCyc:CPD1G-855	MetaCyc:CPD1G-855	MetaCyc:CPD1G-855	MetaCyc:CPD1G-855	MetaCyc:CPD1G-855	MetaCyc:CPD1G-855	GC	MetaCyc:CPD1G-855@Charged	MetaCyc:CPD1G-855@Charged	
cpd26597	MetaCyc:CPD3DJ-82	MetaCyc:CPD3DJ-82		MetaCyc:CPD3DJ-82	MetaCyc:CPD3DJ-82	MetaCyc:CPD3DJ-82	GC	MetaCyc:CPD3DJ-82@Charged	MetaCyc:CPD3DJ-82@Charged	
cpd26598	MetaCyc:CPD490-7	MetaCyc:CPD490-7	MetaCyc:CPD490-7	MetaCyc:CPD490-7@Charged	MetaCyc:CPD490-7	MetaCyc:CPD490-7	GC	MetaCyc:CPD490-7@Charged	MetaCyc:CPD490-7@Charged	
cpd26599	MetaCyc:CPD4FS-1;ChEBI:65117	MetaCyc:CPD4FS-1;ChEBI:65117	MetaCyc:CPD4FS-1;ChEBI:65117	MetaCyc:CPD4FS-1;ChEBI:65117	MetaCyc:CPD4FS-1	MetaCyc:CPD4FS-1	GC	MetaCyc:CPD4FS-1@Charged	MetaCyc:CPD4FS-1@Charged	eQuilibrator:MNXM10899
cpd26600	MetaCyc:CPD4FS-8	MetaCyc:CPD4FS-8	MetaCyc:CPD4FS-8	MetaCyc:CPD4FS-8	MetaCyc:CPD4FS-8	MetaCyc:CPD4FS-8	GC	MetaCyc:CPD4FS-8@Charged	MetaCyc:CPD4FS-8@Charged	
cpd26601	MetaCyc:CPD66-17	MetaCyc:CPD66-17	MetaCyc:CPD66-17	MetaCyc:CPD66-17	MetaCyc:CPD66-17	MetaCyc:CPD66-17	GC	MetaCyc:CPD66-17@Charged	MetaCyc:CPD66-17@Charged	eQuilibrator:MNXM21753
cpd26602	MetaCyc:CPD66-18	MetaCyc:CPD66-18	MetaCyc:CPD66-18	MetaCyc:CPD66-18	MetaCyc:CPD66-18	MetaCyc:CPD66-18	GC	MetaCyc:CPD66-18@Charged	MetaCyc:CPD66-18@Charged	eQuilibrator:MNXM21754
cpd26603	MetaCyc:CPD66-27	MetaCyc:CPD66-27	MetaCyc:CPD66-27	MetaCyc:CPD66-27	MetaCyc:CPD66-27	MetaCyc:CPD66-27	GC	MetaCyc:CPD66-27@Charged	MetaCyc:CPD66-27@Charged	
cpd26604	MetaCyc:CPD66-28;ChEBI:63837	MetaCyc:CPD66-28;ChEBI:63837	MetaCyc:CPD66-28;ChEBI:63837	MetaCyc:CPD66-28;ChEBI:63837	MetaCyc:CPD66-28	MetaCyc:CPD66-28	GC	MetaCyc:CPD66-28@Charged	MetaCyc:CPD66-28@Charged	eQuilibrator:MNXM6391
cpd26605	MetaCyc:CPD66-34;ChEBI:82929	MetaCyc:CPD66-34;ChEBI:82929	MetaCyc:CPD66-34;ChEBI:82929	MetaCyc:CPD66-34;ChEBI:82929	MetaCyc:CPD66-34	MetaCyc:CPD66-34	EQ	eQuilibrator:MNXM32182	MetaCyc:CPD66-34@Charged	eQuilibrator:MNXM32182
cpd26606	MetaCyc:CPD66-35;ChEBI:77393	MetaCyc:CPD66-35;ChEBI:77393	MetaCyc:CPD66-35;ChEBI:77393	MetaCyc:CPD66-35;ChEBI:77393		MetaCyc:CPD66-35	EQ	eQuilibrator:MNXM22187	MetaCyc:CPD66-35@Charged	eQuilibrator:MNXM22187
cpd26607	MetaCyc:CPD66-39;MetaCyc:Even-Straight-Chain-234-Sat-FA;MetaCyc:Short-Chain-234-Saturated-Fatty-Acids;MetaCyc:Straight-Chain-234-Sat-FA	MetaCyc:CPD66-39;MetaCyc:Even-Straight-Chain-234-Sat-FA;MetaCyc:Short-Chain-234-Saturated-Fatty-Acids;MetaCyc:Straight-Chain-234-Sat-FA		MetaCyc:CPD66-39;MetaCyc:Even-Straight-Chain-234-Sat-FA;MetaCyc:Short-Chain-234-Saturated-Fatty-Acids;MetaCyc:Straight-Chain-234-Sat-FA	MetaCyc:CPD66-39		GC	MetaCyc:CPD66-39@Charged	MetaCyc:CPD66-39@Charged	
cpd26608	MetaCyc:CPD66-40;ChEBI:67042	MetaCyc:CPD66-40;ChEBI:67042	MetaCyc:CPD66-40;ChEBI:67042	MetaCyc:CPD66-40;ChEBI:67042	MetaCyc:CPD66-40	MetaCyc:CPD66-40	EQ	eQuilibrator:MNXM46082	MetaCyc:CPD66-40@Charged	eQuilibrator:MNXM46082
cpd26609	MetaCyc:CPD66-41;ChEBI:72959	MetaCyc:CPD66-41;ChEBI:72959	MetaCyc:CPD66-41;ChEBI:72959	MetaCyc:CPD66-41;ChEBI:72959	MetaCyc:CPD66-41	MetaCyc:CPD66-41	EQ	eQuilibrator:MNXM82547	MetaCyc:CPD66-41@Charged	eQuilibrator:MNXM82547
cpd26610	MetaCyc:CPD66-42;ChEBI:78646	MetaCyc:CPD66-42;ChEBI:78646	MetaCyc:CPD66-42;ChEBI:78646	MetaCyc:CPD66-42;ChEBI:78646	MetaCyc:CPD66-42	MetaCyc:CPD66-42	GC	MetaCyc:CPD66-42@Charged	MetaCyc:CPD66-42@Charged	eQuilibrator:MNXM82252
cpd26611	MetaCyc:CPD66-43;ChEBI:75455	MetaCyc:CPD66-43;ChEBI:75455	MetaCyc:CPD66-43;ChEBI:75455	MetaCyc:CPD66-43;ChEBI:75455	MetaCyc:CPD66-43	MetaCyc:CPD66-43	EQ	eQuilibrator:MNXM35405	MetaCyc:CPD66-43@Charged	eQuilibrator:MNXM35405
cpd26612	MetaCyc:CPD66-45	MetaCyc:CPD66-45	MetaCyc:CPD66-45	MetaCyc:CPD66-45	MetaCyc:CPD66-45	MetaCyc:CPD66-45	GC	MetaCyc:CPD66-45@Charged	MetaCyc:CPD66-45@Charged	eQuilibrator:MNXM51135
cpd26613	MetaCyc:CPD66-46	MetaCyc:CPD66-46	MetaCyc:CPD66-46	MetaCyc:CPD66-46	MetaCyc:CPD66-46	MetaCyc:CPD66-46	GC	MetaCyc:CPD66-46@Charged	MetaCyc:CPD66-46@Charged	
cpd26614	MetaCyc:CPD6666-2;ChEBI:137125	MetaCyc:CPD6666-2;ChEBI:137125	MetaCyc:CPD6666-2;ChEBI:137125	MetaCyc:CPD6666-2;ChEBI:137125	MetaCyc:CPD6666-2	MetaCyc:CPD6666-2	EQ	eQuilibrator:MNXM62834	MetaCyc:CPD6666-2@Charged	eQuilibrator:MNXM62834
cpd26615	MetaCyc:CPD6666-3;ChEBI:74475	MetaCyc:CPD6666-3;ChEBI:74475	MetaCyc:CPD6666-3;ChEBI:74475	MetaCyc:CPD6666-3;ChEBI:74475	MetaCyc:CPD6666-3	MetaCyc:CPD6666-3	EQ	eQuilibrator:MNXM67516	MetaCyc:CPD6666-3@Charged	eQuilibrator:MNXM67516
cpd26616	MetaCyc:CPD6666-4;ChEBI:64032	MetaCyc:CPD6666-4;ChEBI:64032	MetaCyc:CPD6666-4;ChEBI:64032	MetaCyc:CPD6666-4;ChEBI:64032	MetaCyc:CPD6666-4	MetaCyc:CPD6666-4	EQ	eQuilibrator:MNXM60186	MetaCyc:CPD6666-4@Charged	eQuilibrator:MNXM60186
cpd26617	MetaCyc:CPD8J2-1;ChEBI:64870	MetaCyc:CPD8J2-1;ChEBI:64870	MetaCyc:CPD8J2-1;ChEBI:64870	MetaCyc:CPD8J2-1;ChEBI:64870	MetaCyc:CPD8J2-1	MetaCyc:CPD8J2-1	EQ	eQuilibrator:MNXM12189	MetaCyc:CPD8J2-1@Charged	eQuilibrator:MNXM12189
cpd26618	MetaCyc:CPD8J2-2;ChEBI:64871	MetaCyc:CPD8J2-2;ChEBI:64871	MetaCyc:CPD8J2-2;ChEBI:64871	MetaCyc:CPD8J2-2;ChEBI:64871	MetaCyc:CPD8J2-2	MetaCyc:CPD8J2-2	EQ	eQuilibrator:MNXM12188	MetaCyc:CPD8J2-2@Charged	eQuilibrator:MNXM12188
cpd26619	MetaCyc:CPD8J2-3@Charged;ChEBI:64876@Charged	MetaCyc:CPD8J2-3@Charged;ChEBI:64876@Charged	MetaCyc:CPD8J2-3@Charged;ChEBI:64876@Charged	MetaCyc:CPD8J2-3@Charged;ChEBI:64876@Charged	MetaCyc:CPD8J2-3	MetaCyc:CPD8J2-3	EQ	eQuilibrator:MNXM43231	MetaCyc:CPD8J2-3@Charged	eQuilibrator:MNXM43231
cpd26620	MetaCyc:CPDMETA-13642	MetaCyc:CPDMETA-13642	MetaCyc:CPDMETA-13642	MetaCyc:CPDMETA-13642	MetaCyc:CPDMETA-13642	MetaCyc:CPDMETA-13642	GC	MetaCyc:CPDMETA-13642@Charged	MetaCyc:CPDMETA-13642@Charged	
cpd26621	MetaCyc:CPDMETA-13643	MetaCyc:CPDMETA-13643	MetaCyc:CPDMETA-13643	MetaCyc:CPDMETA-13643	MetaCyc:CPDMETA-13643	MetaCyc:CPDMETA-13643	GC	MetaCyc:CPDMETA-13643@Charged	MetaCyc:CPDMETA-13643@Charged	
cpd26622	MetaCyc:CPDQT-26	MetaCyc:CPDQT-26	MetaCyc:CPDQT-26	MetaCyc:CPDQT-26	MetaCyc:CPDQT-26	MetaCyc:CPDQT-26	GC	MetaCyc:CPDQT-26@Charged	MetaCyc:CPDQT-26@Charged	
cpd26623	MetaCyc:CPDQT-274	MetaCyc:CPDQT-274	MetaCyc:CPDQT-274	MetaCyc:CPDQT-274	MetaCyc:CPDQT-274	MetaCyc:CPDQT-274	GC	MetaCyc:CPDQT-274@Charged	MetaCyc:CPDQT-274@Charged	
cpd26624	MetaCyc:CPDQT-285	MetaCyc:CPDQT-285	MetaCyc:CPDQT-285	MetaCyc:CPDQT-285	MetaCyc:CPDQT-285	MetaCyc:CPDQT-285	GC	MetaCyc:CPDQT-285@Charged	MetaCyc:CPDQT-285@Charged	
cpd26625	MetaCyc:CPDQT-288	MetaCyc:CPDQT-288	MetaCyc:CPDQT-288	MetaCyc:CPDQT-288	MetaCyc:CPDQT-288	MetaCyc:CPDQT-288	GC	MetaCyc:CPDQT-288@Charged	MetaCyc:CPDQT-288@Charged	
cpd26626	MetaCyc:CPDQT-295	MetaCyc:CPDQT-295	MetaCyc:CPDQT-295	MetaCyc:CPDQT-295	MetaCyc:CPDQT-295	MetaCyc:CPDQT-295	GC	MetaCyc:CPDQT-295@Charged	MetaCyc:CPDQT-295@Charged	
cpd26627	MetaCyc:CPDQT-326	MetaCyc:CPDQT-326	MetaCyc:CPDQT-326	MetaCyc:CPDQT-326	MetaCyc:CPDQT-326	MetaCyc:CPDQT-326	GC	MetaCyc:CPDQT-326@Charged	MetaCyc:CPDQT-326@Charged	eQuilibrator:MNXM9400
cpd26628	MetaCyc:CPDQT-331	MetaCyc:CPDQT-331	MetaCyc:CPDQT-331	MetaCyc:CPDQT-331	MetaCyc:CPDQT-331		GC	MetaCyc:CPDQT-331@Charged	MetaCyc:CPDQT-331@Charged	
cpd26629	MetaCyc:CPDQT-4	MetaCyc:CPDQT-4	MetaCyc:CPDQT-4	MetaCyc:CPDQT-4	MetaCyc:CPDQT-4	MetaCyc:CPDQT-4	EQ	eQuilibrator:MNXM7476	MetaCyc:CPDQT-4@Charged	eQuilibrator:MNXM7476
cpd26630	MetaCyc:CPDQT-400;KEGG:C20784@Charged;ChEBI:139151	MetaCyc:CPDQT-400;KEGG:C20784@Charged;ChEBI:139151	MetaCyc:CPDQT-400;KEGG:C20784@Charged;ChEBI:139151	MetaCyc:CPDQT-400;KEGG:C20784@Charged;ChEBI:139151	KEGG:C20784	KEGG:C20784	GC	MetaCyc:CPDQT-400@Charged	MetaCyc:CPDQT-400@Charged	eQuilibrator:MNXM722955
cpd26631	MetaCyc:CPDQT-406	MetaCyc:CPDQT-406	MetaCyc:CPDQT-406	MetaCyc:CPDQT-406	MetaCyc:CPDQT-406	MetaCyc:CPDQT-406	GC	MetaCyc:CPDQT-406@Charged	MetaCyc:CPDQT-406@Charged	
cpd26632	MetaCyc:CPDQT-407	MetaCyc:CPDQT-407	MetaCyc:CPDQT-407	MetaCyc:CPDQT-407	MetaCyc:CPDQT-407	MetaCyc:CPDQT-407	GC	MetaCyc:CPDQT-407@Charged	MetaCyc:CPDQT-407@Charged	
cpd26633	MetaCyc:CPDQT-408	MetaCyc:CPDQT-408	MetaCyc:CPDQT-408	MetaCyc:CPDQT-408	MetaCyc:CPDQT-408	MetaCyc:CPDQT-408	GC	MetaCyc:CPDQT-408@Charged	MetaCyc:CPDQT-408@Charged	
cpd26634	MetaCyc:CPDQT-409	MetaCyc:CPDQT-409	MetaCyc:CPDQT-409	MetaCyc:CPDQT-409	MetaCyc:CPDQT-409	MetaCyc:CPDQT-409	GC	MetaCyc:CPDQT-409@Charged	MetaCyc:CPDQT-409@Charged	
cpd26635	MetaCyc:CPDQT-410	MetaCyc:CPDQT-410	MetaCyc:CPDQT-410	MetaCyc:CPDQT-410	MetaCyc:CPDQT-410	MetaCyc:CPDQT-410	GC	MetaCyc:CPDQT-410@Charged	MetaCyc:CPDQT-410@Charged	
cpd26636	MetaCyc:CPDQT-411@Charged	MetaCyc:CPDQT-411@Charged	MetaCyc:CPDQT-411@Charged	MetaCyc:CPDQT-411@Charged	MetaCyc:CPDQT-411	MetaCyc:CPDQT-411	GC	MetaCyc:CPDQT-411@Charged	MetaCyc:CPDQT-411@Charged	eQuilibrator:MNXM8177
cpd26637	MetaCyc:CPDQT-412@Charged	MetaCyc:CPDQT-412@Charged	MetaCyc:CPDQT-412@Charged	MetaCyc:CPDQT-412@Charged	MetaCyc:CPDQT-412	MetaCyc:CPDQT-412	GC	MetaCyc:CPDQT-412@Charged	MetaCyc:CPDQT-412@Charged	eQuilibrator:MNXM8198
cpd26638	MetaCyc:CPDQT-413@Charged	MetaCyc:CPDQT-413@Charged	MetaCyc:CPDQT-413@Charged	MetaCyc:CPDQT-413@Charged	MetaCyc:CPDQT-413	MetaCyc:CPDQT-413	GC	MetaCyc:CPDQT-413@Charged	MetaCyc:CPDQT-413@Charged	eQuilibrator:MNXM8211
cpd26639	MetaCyc:CPDQT-414@Charged	MetaCyc:CPDQT-414@Charged	MetaCyc:CPDQT-414@Charged	MetaCyc:CPDQT-414@Charged	MetaCyc:CPDQT-414	MetaCyc:CPDQT-414	GC	MetaCyc:CPDQT-414@Charged	MetaCyc:CPDQT-414@Charged	eQuilibrator:MNXM8222
cpd26640	MetaCyc:CPDQT-415@Charged	MetaCyc:CPDQT-415@Charged	MetaCyc:CPDQT-415@Charged	MetaCyc:CPDQT-415@Charged	MetaCyc:CPDQT-415	MetaCyc:CPDQT-415	GC	MetaCyc:CPDQT-415@Charged	MetaCyc:CPDQT-415@Charged	eQuilibrator:MNXM8227
cpd26641	MetaCyc:CPDQT-417	MetaCyc:CPDQT-417	MetaCyc:CPDQT-417	MetaCyc:CPDQT-417	MetaCyc:CPDQT-417	MetaCyc:CPDQT-417	GC	MetaCyc:CPDQT-417@Charged	MetaCyc:CPDQT-417@Charged	
cpd26642	MetaCyc:CPDQT-418	MetaCyc:CPDQT-418	MetaCyc:CPDQT-418	MetaCyc:CPDQT-418	MetaCyc:CPDQT-418	MetaCyc:CPDQT-418	GC	MetaCyc:CPDQT-418@Charged	MetaCyc:CPDQT-418@Charged	
cpd26643	MetaCyc:CPDQT-419	MetaCyc:CPDQT-419	MetaCyc:CPDQT-419	MetaCyc:CPDQT-419	MetaCyc:CPDQT-419	MetaCyc:CPDQT-419	GC	MetaCyc:CPDQT-419@Charged	MetaCyc:CPDQT-419@Charged	
cpd26644	MetaCyc:CPDQT-421	MetaCyc:CPDQT-421	MetaCyc:CPDQT-421	MetaCyc:CPDQT-421	MetaCyc:CPDQT-421	MetaCyc:CPDQT-421	GC	MetaCyc:CPDQT-421@Charged	MetaCyc:CPDQT-421@Charged	
cpd26645	MetaCyc:CPDQT-423	MetaCyc:CPDQT-423	MetaCyc:CPDQT-423	MetaCyc:CPDQT-423	MetaCyc:CPDQT-423	MetaCyc:CPDQT-423	EQ	eQuilibrator:MNXM19320	MetaCyc:CPDQT-423@Charged	eQuilibrator:MNXM19320
cpd26646	MetaCyc:CPDQT-424	MetaCyc:CPDQT-424	MetaCyc:CPDQT-424	MetaCyc:CPDQT-424	MetaCyc:CPDQT-424		EQ	eQuilibrator:MNXM14466	MetaCyc:CPDQT-424@Charged	eQuilibrator:MNXM14466
cpd26647	MetaCyc:CPDQT-425	MetaCyc:CPDQT-425	MetaCyc:CPDQT-425	MetaCyc:CPDQT-425	MetaCyc:CPDQT-425	MetaCyc:CPDQT-425	GC	MetaCyc:CPDQT-425@Charged	MetaCyc:CPDQT-425@Charged	
cpd26648	MetaCyc:CPDQT-426	MetaCyc:CPDQT-426	MetaCyc:CPDQT-426	MetaCyc:CPDQT-426	MetaCyc:CPDQT-426	MetaCyc:CPDQT-426	GC	MetaCyc:CPDQT-426@Charged	MetaCyc:CPDQT-426@Charged	eQuilibrator:MNXM102854
cpd26649	MetaCyc:CPDQT-427	MetaCyc:CPDQT-427	MetaCyc:CPDQT-427	MetaCyc:CPDQT-427	MetaCyc:CPDQT-427	MetaCyc:CPDQT-427	GC	MetaCyc:CPDQT-427@Charged	MetaCyc:CPDQT-427@Charged	
cpd26650	MetaCyc:CPDQT-428	MetaCyc:CPDQT-428	MetaCyc:CPDQT-428	MetaCyc:CPDQT-428	MetaCyc:CPDQT-428	MetaCyc:CPDQT-428	EQ	eQuilibrator:MNXM5182	MetaCyc:CPDQT-428@Charged	eQuilibrator:MNXM5182
cpd26651	MetaCyc:CPDQT-429	MetaCyc:CPDQT-429	MetaCyc:CPDQT-429	MetaCyc:CPDQT-429	MetaCyc:CPDQT-429	MetaCyc:CPDQT-429	GC	MetaCyc:CPDQT-429@Charged	MetaCyc:CPDQT-429@Charged	
cpd26652	MetaCyc:CPDQT-432@Charged	MetaCyc:CPDQT-432@Charged	MetaCyc:CPDQT-432@Charged	MetaCyc:CPDQT-432@Charged	MetaCyc:CPDQT-432	MetaCyc:CPDQT-432	GC	MetaCyc:CPDQT-432@Charged	MetaCyc:CPDQT-432@Charged	
cpd26653	MetaCyc:CPDQT-433	MetaCyc:CPDQT-433	MetaCyc:CPDQT-433	MetaCyc:CPDQT-433	MetaCyc:CPDQT-433	MetaCyc:CPDQT-433	GC	MetaCyc:CPDQT-433@Charged	MetaCyc:CPDQT-433@Charged	
cpd26654	MetaCyc:CPDQT-434	MetaCyc:CPDQT-434	MetaCyc:CPDQT-434	MetaCyc:CPDQT-434	MetaCyc:CPDQT-434	MetaCyc:CPDQT-434	GC	MetaCyc:CPDQT-434@Charged	MetaCyc:CPDQT-434@Charged	
cpd26655	MetaCyc:CPDQT-435	MetaCyc:CPDQT-435	MetaCyc:CPDQT-435	MetaCyc:CPDQT-435	MetaCyc:CPDQT-435	MetaCyc:CPDQT-435	GC	MetaCyc:CPDQT-435@Charged	MetaCyc:CPDQT-435@Charged	
cpd26656	MetaCyc:CPDQT-436	MetaCyc:CPDQT-436	MetaCyc:CPDQT-436	MetaCyc:CPDQT-436	MetaCyc:CPDQT-436	MetaCyc:CPDQT-436	EQ	eQuilibrator:MNXM14770	MetaCyc:CPDQT-436@Charged	eQuilibrator:MNXM14770
cpd26657	MetaCyc:CPDQT-520	MetaCyc:CPDQT-520	MetaCyc:CPDQT-520	MetaCyc:CPDQT-520	MetaCyc:CPDQT-520	MetaCyc:CPDQT-520	GC	MetaCyc:CPDQT-520@Charged	MetaCyc:CPDQT-520@Charged	eQuilibrator:MNXM74779
cpd26658	MetaCyc:CPDQT-522	MetaCyc:CPDQT-522	MetaCyc:CPDQT-522	MetaCyc:CPDQT-522	MetaCyc:CPDQT-522	MetaCyc:CPDQT-522	GC	MetaCyc:CPDQT-522@Charged	MetaCyc:CPDQT-522@Charged	eQuilibrator:MNXM98001
cpd26659	MetaCyc:CPDQT-523	MetaCyc:CPDQT-523	MetaCyc:CPDQT-523	MetaCyc:CPDQT-523	MetaCyc:CPDQT-523	MetaCyc:CPDQT-523	GC	MetaCyc:CPDQT-523@Charged	MetaCyc:CPDQT-523@Charged	
cpd26660										
cpd26661	MetaCyc:CR+2	MetaCyc:CR+2	MetaCyc:CR+2	MetaCyc:CR+2	MetaCyc:CR+2		GC	MetaCyc:CR+2@Charged	MetaCyc:CR+2@Charged	
cpd26662	MetaCyc:CRPB-11-Cis-Retinol	MetaCyc:CRPB-11-Cis-Retinol		MetaCyc:CRPB-11-Cis-Retinol		MetaCyc:CRPB-11-Cis-Retinol	GC	MetaCyc:CRPB-11-Cis-Retinol@Charged	MetaCyc:CRPB-11-Cis-Retinol@Charged	
cpd26663	MetaCyc:CRPB-all-trans-Retinal	MetaCyc:CRPB-all-trans-Retinal		MetaCyc:CRPB-all-trans-Retinal		MetaCyc:CRPB-all-trans-Retinal	GC	MetaCyc:CRPB-all-trans-Retinal@Charged	MetaCyc:CRPB-all-trans-Retinal@Charged	
cpd26664	MetaCyc:CRPB-all-trans-Retinol	MetaCyc:CRPB-all-trans-Retinol		MetaCyc:CRPB-all-trans-Retinol		MetaCyc:CRPB-all-trans-Retinol	GC	MetaCyc:CRPB-all-trans-Retinol@Charged	MetaCyc:CRPB-all-trans-Retinol@Charged	
cpd26666	MetaCyc:CUPRIZONE	MetaCyc:CUPRIZONE	MetaCyc:CUPRIZONE	MetaCyc:CUPRIZONE	MetaCyc:CUPRIZONE	MetaCyc:CUPRIZONE	GC	MetaCyc:CUPRIZONE@Charged	MetaCyc:CUPRIZONE@Charged	eQuilibrator:MNXM47914
cpd26667	MetaCyc:CYCLOHEXYLCARBONYL-COA	MetaCyc:CYCLOHEXYLCARBONYL-COA	MetaCyc:CYCLOHEXYLCARBONYL-COA	MetaCyc:CYCLOHEXYLCARBONYL-COA	MetaCyc:CYCLOHEXYLCARBONYL-COA	MetaCyc:CYCLOHEXYLCARBONYL-COA	EQ	eQuilibrator:MNXM5111	MetaCyc:CYCLOHEXYLCARBONYL-COA@Charged	eQuilibrator:MNXM5111
cpd26668	MetaCyc:CYS-tRNAs	MetaCyc:CYS-tRNAs		MetaCyc:CYS-tRNAs	MetaCyc:CYS-tRNAs	MetaCyc:CYS-tRNAs	GC	MetaCyc:CYS-tRNAs@Charged	MetaCyc:CYS-tRNAs@Charged	
cpd26669	MetaCyc:CYSTAMINE	MetaCyc:CYSTAMINE	MetaCyc:CYSTAMINE	MetaCyc:CYSTAMINE		MetaCyc:CYSTAMINE	EQ	eQuilibrator:MNXM48293	MetaCyc:CYSTAMINE@Charged	eQuilibrator:MNXM48293
cpd26670										
cpd26671										
cpd26672	MetaCyc:Carboxyadenylated-MPT-synthases@Charged	MetaCyc:Carboxyadenylated-MPT-synthases@Charged		MetaCyc:Carboxyadenylated-MPT-synthases@Charged	MetaCyc:Carboxyadenylated-MPT-synthases	MetaCyc:Carboxyadenylated-MPT-synthases	GC	MetaCyc:Carboxyadenylated-MPT-synthases@Charged	MetaCyc:Carboxyadenylated-MPT-synthases@Charged	
cpd26673										
cpd26674	MetaCyc:Carboxylated-Biotinylated-MadF-Proteins;ChEBI:83145@Charged	MetaCyc:Carboxylated-Biotinylated-MadF-Proteins;ChEBI:83145@Charged		MetaCyc:Carboxylated-Biotinylated-MadF-Proteins;ChEBI:83145@Charged	MetaCyc:Carboxylated-Biotinylated-MadF-Proteins	MetaCyc:Carboxylated-Biotinylated-MadF-Proteins	GC	MetaCyc:Carboxylated-Biotinylated-MadF-Proteins@Charged	MetaCyc:Carboxylated-Biotinylated-MadF-Proteins@Charged	
cpd26675	MetaCyc:Carboxylates@Charged	MetaCyc:Carboxylates@Charged		MetaCyc:Carboxylates@Charged	MetaCyc:Carboxylates		GC	MetaCyc:Carboxylates@Charged	MetaCyc:Carboxylates@Charged	
cpd26676	MetaCyc:Carboxylic-esters	MetaCyc:Carboxylic-esters		MetaCyc:Carboxylic-esters		MetaCyc:Carboxylic-esters	GC	MetaCyc:Carboxylic-esters@Charged	MetaCyc:Carboxylic-esters@Charged	
cpd26677										
cpd26678										
cpd26679										
cpd26680	MetaCyc:Brachyurin-Substrates@Charged;MetaCyc:Calpain-1-Substrates@Charged;MetaCyc:Calpain-2-Substrates@Charged;MetaCyc:Calpain-3-Substrates@Charged;MetaCyc:Caseins@Charged;MetaCyc:Caspase-10-Substrates@Charged;MetaCyc:Caspase-2-Substrates@Charged;MetaCyc:Caspase-3-Substrates@Charged;MetaCyc:Caspase-4-Substrates@Charged;MetaCyc:Caspase-5-Substrates@Charged;MetaCyc:Caspase-9-Substrates@Charged;MetaCyc:Chymosin-Substrates@Charged;MetaCyc:Insulysin-Substrates@Charged;MetaCyc:Peptidase-1-Substrates@Charged;MetaCyc:Pseudolysin-Substrates@Charged;MetaCyc:Tentoxilysin-Substrates@Charged;MetaCyc:Unfolded-Proteins@Charged	MetaCyc:Brachyurin-Substrates@Charged;MetaCyc:Calpain-1-Substrates@Charged;MetaCyc:Calpain-2-Substrates@Charged;MetaCyc:Calpain-3-Substrates@Charged;MetaCyc:Caseins@Charged;MetaCyc:Caspase-10-Substrates@Charged;MetaCyc:Caspase-2-Substrates@Charged;MetaCyc:Caspase-3-Substrates@Charged;MetaCyc:Caspase-4-Substrates@Charged;MetaCyc:Caspase-5-Substrates@Charged;MetaCyc:Caspase-9-Substrates@Charged;MetaCyc:Chymosin-Substrates@Charged;MetaCyc:Insulysin-Substrates@Charged;MetaCyc:Peptidase-1-Substrates@Charged;MetaCyc:Pseudolysin-Substrates@Charged;MetaCyc:Tentoxilysin-Substrates@Charged;MetaCyc:Unfolded-Proteins@Charged		MetaCyc:Brachyurin-Substrates@Charged;MetaCyc:Calpain-1-Substrates@Charged;MetaCyc:Calpain-2-Substrates@Charged;MetaCyc:Calpain-3-Substrates@Charged;MetaCyc:Caseins@Charged;MetaCyc:Caspase-10-Substrates@Charged;MetaCyc:Caspase-2-Substrates@Charged;MetaCyc:Caspase-3-Substrates@Charged;MetaCyc:Caspase-4-Substrates@Charged;MetaCyc:Caspase-5-Substrates@Charged;MetaCyc:Caspase-9-Substrates@Charged;MetaCyc:Chymosin-Substrates@Charged;MetaCyc:Insulysin-Substrates@Charged;MetaCyc:Peptidase-1-Substrates@Charged;MetaCyc:Pseudolysin-Substrates@Charged;MetaCyc:Tentoxilysin-Substrates@Charged;MetaCyc:Unfolded-Proteins@Charged	MetaCyc:Brachyurin-Substrates	MetaCyc:Brachyurin-Substrates	GC	MetaCyc:Unfolded-Proteins@Charged	MetaCyc:Unfolded-Proteins@Charged	
cpd26681	MetaCyc:Castasterone-Sulfates	MetaCyc:Castasterone-Sulfates		MetaCyc:Castasterone-Sulfates		MetaCyc:Castasterone-Sulfates	GC	MetaCyc:Castasterone-Sulfates@Charged	MetaCyc:Castasterone-Sulfates@Charged	
cpd26682	MetaCyc:Catechols	MetaCyc:Catechols		MetaCyc:Catechols	MetaCyc:Catechols	MetaCyc:Catechols	GC	MetaCyc:Catechols@Charged	MetaCyc:Catechols@Charged	
cpd26683	MetaCyc:Cellodextrins	MetaCyc:Cellodextrins		MetaCyc:Cellodextrins	MetaCyc:Cellodextrins	MetaCyc:Cellodextrins	GC	MetaCyc:Cellodextrins@Charged	MetaCyc:Cellodextrins@Charged	
cpd26684										
cpd26685	MetaCyc:Ceramides	MetaCyc:Ceramides		MetaCyc:Ceramides	MetaCyc:Ceramides	MetaCyc:Ceramides	GC	MetaCyc:Ceramides@Charged	MetaCyc:Ceramides@Charged	
cpd26686	MetaCyc:Cerotoyl-ACPs@Charged;Override:ACPs	MetaCyc:Cerotoyl-ACPs@Charged;Override:ACPs		MetaCyc:Cerotoyl-ACPs@Charged	MetaCyc:Cerotoyl-ACPs	MetaCyc:Cerotoyl-ACPs	GC	MetaCyc:Cerotoyl-ACPs@Charged	MetaCyc:Cerotoyl-ACPs@Charged	
cpd26687	MetaCyc:Chalcones	MetaCyc:Chalcones		MetaCyc:Chalcones	MetaCyc:Chalcones	MetaCyc:Chalcones	GC	MetaCyc:Chalcones@Charged	MetaCyc:Chalcones@Charged	
cpd26688	MetaCyc:Charged-ALA-tRNAs	MetaCyc:Charged-ALA-tRNAs		MetaCyc:Charged-ALA-tRNAs	MetaCyc:Charged-ALA-tRNAs	MetaCyc:Charged-ALA-tRNAs	GC	MetaCyc:Charged-ALA-tRNAs@Charged	MetaCyc:Charged-ALA-tRNAs@Charged	
cpd26689	MetaCyc:Charged-ARG-tRNAs	MetaCyc:Charged-ARG-tRNAs		MetaCyc:Charged-ARG-tRNAs	MetaCyc:Charged-ARG-tRNAs	MetaCyc:Charged-ARG-tRNAs	GC	MetaCyc:Charged-ARG-tRNAs@Charged	MetaCyc:Charged-ARG-tRNAs@Charged	
cpd26690	MetaCyc:Charged-ASN-tRNAs@Charged	MetaCyc:Charged-ASN-tRNAs@Charged		MetaCyc:Charged-ASN-tRNAs@Charged	MetaCyc:Charged-ASN-tRNAs	MetaCyc:Charged-ASN-tRNAs	GC	MetaCyc:Charged-ASN-tRNAs@Charged	MetaCyc:Charged-ASN-tRNAs@Charged	
cpd26691	MetaCyc:Charged-ASP-tRNAs	MetaCyc:Charged-ASP-tRNAs		MetaCyc:Charged-ASP-tRNAs	MetaCyc:Charged-ASP-tRNAs	MetaCyc:Charged-ASP-tRNAs	GC	MetaCyc:Charged-ASP-tRNAs@Charged	MetaCyc:Charged-ASP-tRNAs@Charged	
cpd26692	MetaCyc:Charged-CYS-tRNAs@Charged	MetaCyc:Charged-CYS-tRNAs@Charged		MetaCyc:Charged-CYS-tRNAs@Charged	MetaCyc:Charged-CYS-tRNAs	MetaCyc:Charged-CYS-tRNAs	GC	MetaCyc:Charged-CYS-tRNAs@Charged	MetaCyc:Charged-CYS-tRNAs@Charged	
cpd26693	MetaCyc:Charged-GLN-tRNAs	MetaCyc:Charged-GLN-tRNAs		MetaCyc:Charged-GLN-tRNAs	MetaCyc:Charged-GLN-tRNAs	MetaCyc:Charged-GLN-tRNAs	GC	MetaCyc:Charged-GLN-tRNAs@Charged	MetaCyc:Charged-GLN-tRNAs@Charged	
cpd26694	MetaCyc:Charged-GLT-tRNAs	MetaCyc:Charged-GLT-tRNAs		MetaCyc:Charged-GLT-tRNAs	MetaCyc:Charged-GLT-tRNAs	MetaCyc:Charged-GLT-tRNAs	GC	MetaCyc:Charged-GLT-tRNAs@Charged	MetaCyc:Charged-GLT-tRNAs@Charged	
cpd26695	MetaCyc:Charged-GLY-tRNAs;MetaCyc:glycyl-tRNAAla	MetaCyc:Charged-GLY-tRNAs;MetaCyc:glycyl-tRNAAla		MetaCyc:Charged-GLY-tRNAs;MetaCyc:glycyl-tRNAAla	MetaCyc:Charged-GLY-tRNAs	MetaCyc:Charged-GLY-tRNAs	GC	MetaCyc:glycyl-tRNAAla@Charged	MetaCyc:glycyl-tRNAAla@Charged	
cpd26696	MetaCyc:Charged-HIS-tRNAs	MetaCyc:Charged-HIS-tRNAs		MetaCyc:Charged-HIS-tRNAs	MetaCyc:Charged-HIS-tRNAs	MetaCyc:Charged-HIS-tRNAs	GC	MetaCyc:Charged-HIS-tRNAs@Charged	MetaCyc:Charged-HIS-tRNAs@Charged	
cpd26697	MetaCyc:Charged-ILE-tRNAs	MetaCyc:Charged-ILE-tRNAs		MetaCyc:Charged-ILE-tRNAs	MetaCyc:Charged-ILE-tRNAs	MetaCyc:Charged-ILE-tRNAs	GC	MetaCyc:Charged-ILE-tRNAs@Charged	MetaCyc:Charged-ILE-tRNAs@Charged	
cpd26698	MetaCyc:Charged-LEU-tRNAs	MetaCyc:Charged-LEU-tRNAs		MetaCyc:Charged-LEU-tRNAs	MetaCyc:Charged-LEU-tRNAs	MetaCyc:Charged-LEU-tRNAs	GC	MetaCyc:Charged-LEU-tRNAs@Charged	MetaCyc:Charged-LEU-tRNAs@Charged	
cpd26699	MetaCyc:Charged-LYS-tRNAs	MetaCyc:Charged-LYS-tRNAs		MetaCyc:Charged-LYS-tRNAs	MetaCyc:Charged-LYS-tRNAs	MetaCyc:Charged-LYS-tRNAs	GC	MetaCyc:Charged-LYS-tRNAs@Charged	MetaCyc:Charged-LYS-tRNAs@Charged	
cpd26700	MetaCyc:Charged-MET-tRNAs	MetaCyc:Charged-MET-tRNAs		MetaCyc:Charged-MET-tRNAs	MetaCyc:Charged-MET-tRNAs	MetaCyc:Charged-MET-tRNAs	GC	MetaCyc:Charged-MET-tRNAs@Charged	MetaCyc:Charged-MET-tRNAs@Charged	
cpd26701	MetaCyc:Charged-PHE-tRNAs	MetaCyc:Charged-PHE-tRNAs		MetaCyc:Charged-PHE-tRNAs	MetaCyc:Charged-PHE-tRNAs	MetaCyc:Charged-PHE-tRNAs	GC	MetaCyc:Charged-PHE-tRNAs@Charged	MetaCyc:Charged-PHE-tRNAs@Charged	
cpd26702	MetaCyc:Charged-PRO-tRNAs@Charged	MetaCyc:Charged-PRO-tRNAs@Charged		MetaCyc:Charged-PRO-tRNAs@Charged	MetaCyc:Charged-PRO-tRNAs	MetaCyc:Charged-PRO-tRNAs	GC	MetaCyc:Charged-PRO-tRNAs@Charged	MetaCyc:Charged-PRO-tRNAs@Charged	
cpd26703	MetaCyc:Charged-PYL-tRNAs	MetaCyc:Charged-PYL-tRNAs		MetaCyc:Charged-PYL-tRNAs	MetaCyc:Charged-PYL-tRNAs	MetaCyc:Charged-PYL-tRNAs	GC	MetaCyc:Charged-PYL-tRNAs@Charged	MetaCyc:Charged-PYL-tRNAs@Charged	
cpd26704	MetaCyc:Charged-SEC-tRNAs@Charged	MetaCyc:Charged-SEC-tRNAs@Charged		MetaCyc:Charged-SEC-tRNAs@Charged	MetaCyc:Charged-SEC-tRNAs	MetaCyc:Charged-SEC-tRNAs	GC	MetaCyc:Charged-SEC-tRNAs@Charged	MetaCyc:Charged-SEC-tRNAs@Charged	
cpd26705	MetaCyc:Charged-SER-tRNAs	MetaCyc:Charged-SER-tRNAs		MetaCyc:Charged-SER-tRNAs	MetaCyc:Charged-SER-tRNAs	MetaCyc:Charged-SER-tRNAs	GC	MetaCyc:Charged-SER-tRNAs@Charged	MetaCyc:Charged-SER-tRNAs@Charged	
cpd26706	MetaCyc:Charged-THR-tRNAs	MetaCyc:Charged-THR-tRNAs		MetaCyc:Charged-THR-tRNAs	MetaCyc:Charged-THR-tRNAs	MetaCyc:Charged-THR-tRNAs	GC	MetaCyc:Charged-THR-tRNAs@Charged	MetaCyc:Charged-THR-tRNAs@Charged	
cpd26707	MetaCyc:Charged-TRP-tRNAs	MetaCyc:Charged-TRP-tRNAs		MetaCyc:Charged-TRP-tRNAs	MetaCyc:Charged-TRP-tRNAs	MetaCyc:Charged-TRP-tRNAs	GC	MetaCyc:Charged-TRP-tRNAs@Charged	MetaCyc:Charged-TRP-tRNAs@Charged	
cpd26708	MetaCyc:Charged-TYR-tRNAs	MetaCyc:Charged-TYR-tRNAs		MetaCyc:Charged-TYR-tRNAs	MetaCyc:Charged-TYR-tRNAs	MetaCyc:Charged-TYR-tRNAs	GC	MetaCyc:Charged-TYR-tRNAs@Charged	MetaCyc:Charged-TYR-tRNAs@Charged	
cpd26709	MetaCyc:Charged-VAL-tRNAs	MetaCyc:Charged-VAL-tRNAs		MetaCyc:Charged-VAL-tRNAs	MetaCyc:Charged-VAL-tRNAs	MetaCyc:Charged-VAL-tRNAs	GC	MetaCyc:Charged-VAL-tRNAs@Charged	MetaCyc:Charged-VAL-tRNAs@Charged	
cpd26710	MetaCyc:Charged-fMET-tRNAs;MetaCyc:Protein-with-N-terminal-formylmethionine	MetaCyc:Charged-fMET-tRNAs;MetaCyc:Protein-with-N-terminal-formylmethionine		MetaCyc:Charged-fMET-tRNAs;MetaCyc:Protein-with-N-terminal-formylmethionine	MetaCyc:Charged-fMET-tRNAs	MetaCyc:Charged-fMET-tRNAs	GC	MetaCyc:Charged-fMET-tRNAs@Charged	MetaCyc:Charged-fMET-tRNAs@Charged	
cpd26711	MetaCyc:Chitodextrins	MetaCyc:Chitodextrins		MetaCyc:Chitodextrins	MetaCyc:Chitodextrins	MetaCyc:Chitodextrins	GC	MetaCyc:Chitodextrins@Charged	MetaCyc:Chitodextrins@Charged	
cpd26712	MetaCyc:Chitosan	MetaCyc:Chitosan		MetaCyc:Chitosan	MetaCyc:Chitosan	MetaCyc:Chitosan	GC	MetaCyc:Chitosan@Charged	MetaCyc:Chitosan@Charged	
cpd26713	MetaCyc:Chitosan-fragments	MetaCyc:Chitosan-fragments		MetaCyc:Chitosan-fragments	MetaCyc:Chitosan-fragments	MetaCyc:Chitosan-fragments	GC	MetaCyc:Chitosan-fragments@Charged	MetaCyc:Chitosan-fragments@Charged	
cpd26714	MetaCyc:Chlorides	MetaCyc:Chlorides		MetaCyc:Chlorides			GC	MetaCyc:Chlorides@Charged	MetaCyc:Chlorides@Charged	
cpd26715	MetaCyc:Cholesterol-esters	MetaCyc:Cholesterol-esters		MetaCyc:Cholesterol-esters		MetaCyc:Cholesterol-esters	GC	MetaCyc:Cholesterol-esters@Charged	MetaCyc:Cholesterol-esters@Charged	
cpd26716	MetaCyc:Chondroitin-D-glucuronates	MetaCyc:Chondroitin-D-glucuronates		MetaCyc:Chondroitin-D-glucuronates	MetaCyc:Chondroitin-D-glucuronates	MetaCyc:Chondroitin-D-glucuronates	GC	MetaCyc:Chondroitin-D-glucuronates@Charged	MetaCyc:Chondroitin-D-glucuronates@Charged	
cpd26717	MetaCyc:Chondroitin-GalNAc-6S@Charged	MetaCyc:Chondroitin-GalNAc-6S@Charged		MetaCyc:Chondroitin-GalNAc-6S@Charged	MetaCyc:Chondroitin-GalNAc-6S	MetaCyc:Chondroitin-GalNAc-6S	GC	MetaCyc:Chondroitin-GalNAc-6S@Charged	MetaCyc:Chondroitin-GalNAc-6S@Charged	
cpd26718	MetaCyc:Chondroitin-N-acetyl-galactosamines@Charged	MetaCyc:Chondroitin-N-acetyl-galactosamines@Charged		MetaCyc:Chondroitin-N-acetyl-galactosamines@Charged	MetaCyc:Chondroitin-N-acetyl-galactosamines	MetaCyc:Chondroitin-N-acetyl-galactosamines	GC	MetaCyc:Chondroitin-N-acetyl-galactosamines@Charged	MetaCyc:Chondroitin-N-acetyl-galactosamines@Charged	
cpd26719	MetaCyc:Chondroitin-Sulfate-A@Charged	MetaCyc:Chondroitin-Sulfate-A@Charged		MetaCyc:Chondroitin-Sulfate-A@Charged	MetaCyc:Chondroitin-Sulfate-A	MetaCyc:Chondroitin-Sulfate-A	GC	MetaCyc:Chondroitin-Sulfate-A@Charged	MetaCyc:Chondroitin-Sulfate-A@Charged	
cpd26720	MetaCyc:Chondroitin-Sulfate-C@Charged	MetaCyc:Chondroitin-Sulfate-C@Charged		MetaCyc:Chondroitin-Sulfate-C@Charged	MetaCyc:Chondroitin-Sulfate-C	MetaCyc:Chondroitin-Sulfate-C	GC	MetaCyc:Chondroitin-Sulfate-C@Charged	MetaCyc:Chondroitin-Sulfate-C@Charged	
cpd26721	MetaCyc:Chondroitin-sulfate-GlcA2S@Charged	MetaCyc:Chondroitin-sulfate-GlcA2S@Charged		MetaCyc:Chondroitin-sulfate-GlcA2S@Charged	MetaCyc:Chondroitin-sulfate-GlcA2S	MetaCyc:Chondroitin-sulfate-GlcA2S	GC	MetaCyc:Chondroitin-sulfate-GlcA2S@Charged	MetaCyc:Chondroitin-sulfate-GlcA2S@Charged	
cpd26722	MetaCyc:Chondroitin-sulfate-disaccharides@Charged	MetaCyc:Chondroitin-sulfate-disaccharides@Charged	MetaCyc:Chondroitin-sulfate-disaccharides@Charged	MetaCyc:Chondroitin-sulfate-disaccharides@Charged	MetaCyc:Chondroitin-sulfate-disaccharides	MetaCyc:Chondroitin-sulfate-disaccharides	GC	MetaCyc:Chondroitin-sulfate-disaccharides@Charged	MetaCyc:Chondroitin-sulfate-disaccharides@Charged	eQuilibrator:MNXM16695
cpd26723	MetaCyc:Chondroitin-sulfates@Charged	MetaCyc:Chondroitin-sulfates@Charged		MetaCyc:Chondroitin-sulfates@Charged	MetaCyc:Chondroitin-sulfates	MetaCyc:Chondroitin-sulfates	GC	MetaCyc:Chondroitin-sulfates@Charged	MetaCyc:Chondroitin-sulfates@Charged	
cpd26724	MetaCyc:Cinnamoyl-CoAs	MetaCyc:Cinnamoyl-CoAs	MetaCyc:Cinnamoyl-CoAs	MetaCyc:Cinnamoyl-CoAs	MetaCyc:Cinnamoyl-CoAs	MetaCyc:Cinnamoyl-CoAs	GC	MetaCyc:Cinnamoyl-CoAs@Charged	MetaCyc:Cinnamoyl-CoAs@Charged	
cpd26725	MetaCyc:Cis-2-enoyl-CoAs	MetaCyc:Cis-2-enoyl-CoAs		MetaCyc:Cis-2-enoyl-CoAs	MetaCyc:Cis-2-enoyl-CoAs	MetaCyc:Cis-2-enoyl-CoAs	GC	MetaCyc:Cis-2-enoyl-CoAs@Charged	MetaCyc:Cis-2-enoyl-CoAs@Charged	
cpd26726	MetaCyc:Cis-Delta5-dodecenoyl-ACPs@Charged;Override:ACPs	MetaCyc:Cis-Delta5-dodecenoyl-ACPs@Charged;Override:ACPs		MetaCyc:Cis-Delta5-dodecenoyl-ACPs@Charged	MetaCyc:Cis-Delta5-dodecenoyl-ACPs	MetaCyc:Cis-Delta5-dodecenoyl-ACPs	GC	MetaCyc:Cis-Delta5-dodecenoyl-ACPs@Charged	MetaCyc:Cis-Delta5-dodecenoyl-ACPs@Charged	
cpd26727	MetaCyc:Cis-Delta7-tetradecenoyl-ACPs@Charged;ChEBI:138405@Charged;Override:ACPs	MetaCyc:Cis-Delta7-tetradecenoyl-ACPs@Charged;ChEBI:138405@Charged;Override:ACPs		MetaCyc:Cis-Delta7-tetradecenoyl-ACPs@Charged;ChEBI:138405@Charged	MetaCyc:Cis-Delta7-tetradecenoyl-ACPs	MetaCyc:Cis-Delta7-tetradecenoyl-ACPs	GC	MetaCyc:Cis-Delta7-tetradecenoyl-ACPs@Charged	MetaCyc:Cis-Delta7-tetradecenoyl-ACPs@Charged	
cpd26728	MetaCyc:Cis-Prenyl-tRNAs	MetaCyc:Cis-Prenyl-tRNAs		MetaCyc:Cis-Prenyl-tRNAs	MetaCyc:Cis-Prenyl-tRNAs	MetaCyc:Cis-Prenyl-tRNAs	GC	MetaCyc:Cis-Prenyl-tRNAs@Charged	MetaCyc:Cis-Prenyl-tRNAs@Charged	
cpd26729	MetaCyc:Cis-delta-3-decenoyl-ACPs@Charged;ChEBI:78798@Charged;Override:ACPs	MetaCyc:Cis-delta-3-decenoyl-ACPs@Charged;ChEBI:78798@Charged;Override:ACPs		MetaCyc:Cis-delta-3-decenoyl-ACPs@Charged;ChEBI:78798@Charged	MetaCyc:Cis-delta-3-decenoyl-ACPs	MetaCyc:Cis-delta-3-decenoyl-ACPs	GC	MetaCyc:Cis-delta-3-decenoyl-ACPs@Charged	MetaCyc:Cis-delta-3-decenoyl-ACPs@Charged	
cpd26730	MetaCyc:Cis-vaccenoyl-ACPs@Charged;Override:ACPs	MetaCyc:Cis-vaccenoyl-ACPs@Charged;Override:ACPs		MetaCyc:Cis-vaccenoyl-ACPs@Charged	MetaCyc:Cis-vaccenoyl-ACPs	MetaCyc:Cis-vaccenoyl-ACPs	GC	MetaCyc:Cis-vaccenoyl-ACPs@Charged	MetaCyc:Cis-vaccenoyl-ACPs@Charged	
cpd26731										
cpd26732										
cpd26733	MetaCyc:Citronellals	MetaCyc:Citronellals	MetaCyc:Citronellals	MetaCyc:Citronellals	MetaCyc:Citronellals	MetaCyc:Citronellals	EQ	eQuilibrator:MNXM11126	MetaCyc:Citronellals@Charged	eQuilibrator:MNXM11126
cpd26734	MetaCyc:Citronellates	MetaCyc:Citronellates	MetaCyc:Citronellates	MetaCyc:Citronellates	MetaCyc:Citronellates		EQ	eQuilibrator:MNXM4528	MetaCyc:Citronellates@Charged	eQuilibrator:MNXM4528
cpd26735	MetaCyc:Citronellols	MetaCyc:Citronellols	MetaCyc:Citronellols	MetaCyc:Citronellols	MetaCyc:Citronellols	MetaCyc:Citronellols	EQ	eQuilibrator:MNXM16724	MetaCyc:Citronellols@Charged	eQuilibrator:MNXM16724
cpd26736										
cpd26737										
cpd26738										
cpd26739										
cpd26740										
cpd26741	MetaCyc:Cleaved-Type-IV-Prepillins;MetaCyc:N-terminal-L-phenylalanine	MetaCyc:Cleaved-Type-IV-Prepillins;MetaCyc:N-terminal-L-phenylalanine		MetaCyc:Cleaved-Type-IV-Prepillins;MetaCyc:N-terminal-L-phenylalanine		MetaCyc:Cleaved-Type-IV-Prepillins				
cpd26742										
cpd26743	MetaCyc:Co2-MtbC-Proteins@Charged	MetaCyc:Co2-MtbC-Proteins@Charged		MetaCyc:Co2-MtbC-Proteins@Charged		MetaCyc:Co2-MtbC-Proteins	GC	MetaCyc:Co2-MtbC-Proteins@Charged	MetaCyc:Co2-MtbC-Proteins@Charged	
cpd26744	MetaCyc:Co2-MtmC-Proteins@Charged	MetaCyc:Co2-MtmC-Proteins@Charged		MetaCyc:Co2-MtmC-Proteins@Charged		MetaCyc:Co2-MtmC-Proteins	GC	MetaCyc:Co2-MtmC-Proteins@Charged	MetaCyc:Co2-MtmC-Proteins@Charged	
cpd26745	MetaCyc:Co2-MttC-Proteins@Charged	MetaCyc:Co2-MttC-Proteins@Charged		MetaCyc:Co2-MttC-Proteins@Charged		MetaCyc:Co2-MttC-Proteins	GC	MetaCyc:Co2-MttC-Proteins@Charged	MetaCyc:Co2-MttC-Proteins@Charged	
cpd26746										
cpd26747										
cpd26748	MetaCyc:Collagens@Charged	MetaCyc:Collagens@Charged		MetaCyc:Collagens@Charged	MetaCyc:Collagens	MetaCyc:Collagens	GC	MetaCyc:Collagens@Charged	MetaCyc:Collagens@Charged	
cpd26749										
cpd26750										
cpd26751	MetaCyc:Coniferyl-Esters	MetaCyc:Coniferyl-Esters		MetaCyc:Coniferyl-Esters	MetaCyc:Coniferyl-Esters	MetaCyc:Coniferyl-Esters	GC	MetaCyc:Coniferyl-Esters@Charged	MetaCyc:Coniferyl-Esters@Charged	
cpd26752	MetaCyc:Core-Protein-L-Ser-Xyl@Charged;MetaCyc:EGF-Prot-Xyl-L-Serine@Charged;ChEBI:132085@Charged	MetaCyc:Core-Protein-L-Ser-Xyl@Charged;MetaCyc:EGF-Prot-Xyl-L-Serine@Charged;ChEBI:132085@Charged		MetaCyc:Core-Protein-L-Ser-Xyl@Charged;MetaCyc:EGF-Prot-Xyl-L-Serine@Charged;ChEBI:132085@Charged	MetaCyc:Core-Protein-L-Ser-Xyl	MetaCyc:Core-Protein-L-Ser-Xyl	GC	MetaCyc:Core-Protein-L-Ser-Xyl@Charged	MetaCyc:Core-Protein-L-Ser-Xyl@Charged	
cpd26753	MetaCyc:Core-Protein-L-Serine@Charged	MetaCyc:Core-Protein-L-Serine@Charged		MetaCyc:Core-Protein-L-Serine@Charged	MetaCyc:Core-Protein-L-Serine	MetaCyc:Core-Protein-L-Serine	GC	MetaCyc:Core-Protein-L-Serine@Charged	MetaCyc:Core-Protein-L-Serine@Charged	
cpd26754										
cpd26755	MetaCyc:Crotonyl-ACPs@Charged;ChEBI:78453@Charged;Override:ACPs	MetaCyc:Crotonyl-ACPs@Charged;ChEBI:78453@Charged;Override:ACPs		MetaCyc:Crotonyl-ACPs@Charged;ChEBI:78453@Charged	MetaCyc:Crotonyl-ACPs	MetaCyc:Crotonyl-ACPs	GC	MetaCyc:Crotonyl-ACPs@Charged	MetaCyc:Crotonyl-ACPs@Charged	
cpd26756										
cpd26757										
cpd26758	MetaCyc:Cyanidin-3-O-rutinosides@Charged	MetaCyc:Cyanidin-3-O-rutinosides@Charged	MetaCyc:Cyanidin-3-O-rutinosides@Charged	MetaCyc:Cyanidin-3-O-rutinosides@Charged	MetaCyc:Cyanidin-3-O-rutinosides	MetaCyc:Cyanidin-3-O-rutinosides	GC	MetaCyc:Cyanidin-3-O-rutinosides@Charged	MetaCyc:Cyanidin-3-O-rutinosides@Charged	
cpd26759	MetaCyc:Cyanidin-rutinoside-glucosides@Charged	MetaCyc:Cyanidin-rutinoside-glucosides@Charged	MetaCyc:Cyanidin-rutinoside-glucosides@Charged	MetaCyc:Cyanidin-rutinoside-glucosides@Charged	MetaCyc:Cyanidin-rutinoside-glucosides	MetaCyc:Cyanidin-rutinoside-glucosides	GC	MetaCyc:Cyanidin-rutinoside-glucosides@Charged	MetaCyc:Cyanidin-rutinoside-glucosides@Charged	
cpd26760	MetaCyc:Cyanophycin@Charged	MetaCyc:Cyanophycin@Charged		MetaCyc:Cyanophycin@Charged	MetaCyc:Cyanophycin	MetaCyc:Cyanophycin	GC	MetaCyc:Cyanophycin@Charged	MetaCyc:Cyanophycin@Charged	
cpd26761	MetaCyc:Cyanophycin-aspartate@Charged	MetaCyc:Cyanophycin-aspartate@Charged		MetaCyc:Cyanophycin-aspartate@Charged	MetaCyc:Cyanophycin-aspartate	MetaCyc:Cyanophycin-aspartate	GC	MetaCyc:Cyanophycin-aspartate@Charged	MetaCyc:Cyanophycin-aspartate@Charged	
cpd26762	MetaCyc:Cyclic-2-3-Ribonucleoside-Monophosphates	MetaCyc:Cyclic-2-3-Ribonucleoside-Monophosphates		MetaCyc:Cyclic-2-3-Ribonucleoside-Monophosphates	MetaCyc:Cyclic-2-3-Ribonucleoside-Monophosphates	MetaCyc:Cyclic-2-3-Ribonucleoside-Monophosphates	GC	MetaCyc:Cyclic-2-3-Ribonucleoside-Monophosphates@Charged	MetaCyc:Cyclic-2-3-Ribonucleoside-Monophosphates@Charged	
cpd26763	MetaCyc:Cyclic-3-5-Ribonucleoside-Monophosphates	MetaCyc:Cyclic-3-5-Ribonucleoside-Monophosphates		MetaCyc:Cyclic-3-5-Ribonucleoside-Monophosphates	MetaCyc:Cyclic-3-5-Ribonucleoside-Monophosphates	MetaCyc:Cyclic-3-5-Ribonucleoside-Monophosphates	GC	MetaCyc:Cyclic-3-5-Ribonucleoside-Monophosphates@Charged	MetaCyc:Cyclic-3-5-Ribonucleoside-Monophosphates@Charged	
cpd26764										
cpd26765										
cpd26766	MetaCyc:Cyclic-Phosphate-Terminated-RNAs	MetaCyc:Cyclic-Phosphate-Terminated-RNAs		MetaCyc:Cyclic-Phosphate-Terminated-RNAs	MetaCyc:Cyclic-Phosphate-Terminated-RNAs	MetaCyc:Cyclic-Phosphate-Terminated-RNAs	GC	MetaCyc:Cyclic-Phosphate-Terminated-RNAs@Charged	MetaCyc:Cyclic-Phosphate-Terminated-RNAs@Charged	
cpd26767										
cpd26768										
cpd26769										
cpd26770	MetaCyc:Cytidine-32-tRNAs	MetaCyc:Cytidine-32-tRNAs		MetaCyc:Cytidine-32-tRNAs	MetaCyc:Cytidine-32-tRNAs	MetaCyc:Cytidine-32-tRNAs	GC	MetaCyc:Cytidine-32-tRNAs@Charged	MetaCyc:Cytidine-32-tRNAs@Charged	
cpd26771	MetaCyc:Cytidine-34-tRNAs	MetaCyc:Cytidine-34-tRNAs		MetaCyc:Cytidine-34-tRNAs	MetaCyc:Cytidine-34-tRNAs	MetaCyc:Cytidine-34-tRNAs	GC	MetaCyc:Cytidine-34-tRNAs@Charged	MetaCyc:Cytidine-34-tRNAs@Charged	
cpd26772	MetaCyc:Cytidine-56-tRNAs	MetaCyc:Cytidine-56-tRNAs		MetaCyc:Cytidine-56-tRNAs	MetaCyc:Cytidine-56-tRNAs	MetaCyc:Cytidine-56-tRNAs	GC	MetaCyc:Cytidine-56-tRNAs@Charged	MetaCyc:Cytidine-56-tRNAs@Charged	
cpd26773	MetaCyc:Cytidine4-tRNAGly-GCC	MetaCyc:Cytidine4-tRNAGly-GCC		MetaCyc:Cytidine4-tRNAGly-GCC	MetaCyc:Cytidine4-tRNAGly-GCC	MetaCyc:Cytidine4-tRNAGly-GCC	GC	MetaCyc:Cytidine4-tRNAGly-GCC@Charged	MetaCyc:Cytidine4-tRNAGly-GCC@Charged	
cpd26774	MetaCyc:Cytochrome-c-L-lysine@Charged	MetaCyc:Cytochrome-c-L-lysine@Charged		MetaCyc:Cytochrome-c-L-lysine@Charged		MetaCyc:Cytochrome-c-L-lysine	GC	MetaCyc:Cytochrome-c-L-lysine@Charged	MetaCyc:Cytochrome-c-L-lysine@Charged	
cpd26775	MetaCyc:Cytochrome-c-L-methionine@Charged;MetaCyc:F-actin-L-methionine-44@Charged;MetaCyc:F-actin-L-methionine-47@Charged;ChEBI:16044@Charged	MetaCyc:Cytochrome-c-L-methionine@Charged;MetaCyc:F-actin-L-methionine-44@Charged;MetaCyc:F-actin-L-methionine-47@Charged;ChEBI:16044@Charged		MetaCyc:Cytochrome-c-L-methionine@Charged;MetaCyc:F-actin-L-methionine-44@Charged;MetaCyc:F-actin-L-methionine-47@Charged;ChEBI:16044@Charged		MetaCyc:Cytochrome-c-L-methionine	GC	MetaCyc:F-actin-L-methionine-47@Charged	MetaCyc:F-actin-L-methionine-47@Charged	
cpd26776	MetaCyc:Cytochrome-c-N-O-methyl-arginines@Charged;MetaCyc:Protein-N-omega-methyl-arginine@Charged;ChEBI:65280@Charged	MetaCyc:Cytochrome-c-N-O-methyl-arginines@Charged;MetaCyc:Protein-N-omega-methyl-arginine@Charged;ChEBI:65280@Charged		MetaCyc:Cytochrome-c-N-O-methyl-arginines@Charged;MetaCyc:Protein-N-omega-methyl-arginine@Charged;ChEBI:65280@Charged		MetaCyc:Cytochrome-c-N-O-methyl-arginines	GC	MetaCyc:Protein-N-omega-methyl-arginine@Charged	MetaCyc:Protein-N-omega-methyl-arginine@Charged	
cpd26777	MetaCyc:Cytochrome-c-N6-methyl-lysine@Charged	MetaCyc:Cytochrome-c-N6-methyl-lysine@Charged		MetaCyc:Cytochrome-c-N6-methyl-lysine@Charged		MetaCyc:Cytochrome-c-N6-methyl-lysine	GC	MetaCyc:Cytochrome-c-N6-methyl-lysine@Charged	MetaCyc:Cytochrome-c-N6-methyl-lysine@Charged	
cpd26778	MetaCyc:Cytochrome-c-S-methyl-methionine@Charged;ChEBI:142742@Charged	MetaCyc:Cytochrome-c-S-methyl-methionine@Charged;ChEBI:142742@Charged		MetaCyc:Cytochrome-c-S-methyl-methionine@Charged;ChEBI:142742@Charged		MetaCyc:Cytochrome-c-S-methyl-methionine	GC	MetaCyc:Cytochrome-c-S-methyl-methionine@Charged	MetaCyc:Cytochrome-c-S-methyl-methionine@Charged	
cpd26779	MetaCyc:50S-Ribosomal-subunit-protein-L16-Arg@Charged;MetaCyc:Cytochrome-c-arginines@Charged;MetaCyc:Dinitrogen-reductase-L-arginine@Charged;MetaCyc:Elongation-Factor-P-L-arginine@Charged;MetaCyc:Methyl-Coenzyme-M-Reductase-Arg@Charged;ChEBI:29965@Charged	MetaCyc:50S-Ribosomal-subunit-protein-L16-Arg@Charged;MetaCyc:Cytochrome-c-arginines@Charged;MetaCyc:Dinitrogen-reductase-L-arginine@Charged;MetaCyc:Elongation-Factor-P-L-arginine@Charged;MetaCyc:Methyl-Coenzyme-M-Reductase-Arg@Charged;ChEBI:29965@Charged		MetaCyc:50S-Ribosomal-subunit-protein-L16-Arg@Charged;MetaCyc:Cytochrome-c-arginines@Charged;MetaCyc:Dinitrogen-reductase-L-arginine@Charged;MetaCyc:Elongation-Factor-P-L-arginine@Charged;MetaCyc:Methyl-Coenzyme-M-Reductase-Arg@Charged;ChEBI:29965@Charged	MetaCyc:50S-Ribosomal-subunit-protein-L16-Arg	MetaCyc:50S-Ribosomal-subunit-protein-L16-Arg	GC	MetaCyc:Dinitrogen-reductase-L-arginine@Charged	MetaCyc:Dinitrogen-reductase-L-arginine@Charged	
cpd26780	MetaCyc:Cytochromes-B@Charged	MetaCyc:Cytochromes-B@Charged		MetaCyc:Cytochromes-B@Charged	MetaCyc:Cytochromes-B		GC	MetaCyc:Cytochromes-B@Charged	MetaCyc:Cytochromes-B@Charged	
cpd26781	MetaCyc:Cytochromes-B-Reduced@Charged	MetaCyc:Cytochromes-B-Reduced@Charged		MetaCyc:Cytochromes-B-Reduced@Charged	MetaCyc:Cytochromes-B-Reduced		GC	MetaCyc:Cytochromes-B-Reduced@Charged	MetaCyc:Cytochromes-B-Reduced@Charged	
cpd26782	MetaCyc:Cytochromes-B561-Ox@Charged	MetaCyc:Cytochromes-B561-Ox@Charged		MetaCyc:Cytochromes-B561-Ox@Charged	MetaCyc:Cytochromes-B561-Ox					
cpd26783	MetaCyc:Cytochromes-B561-Red@Charged	MetaCyc:Cytochromes-B561-Red@Charged		MetaCyc:Cytochromes-B561-Red@Charged	MetaCyc:Cytochromes-B561-Red					
cpd26784	MetaCyc:Cytochromes-C-Oxidized@Charged;MetaCyc:Cytochromes-C554-Ox@Charged;MetaCyc:Oxidized-Cyc1-cytochromes@Charged;MetaCyc:Oxidized-CycA1-cytochromes@Charged;MetaCyc:Oxidized-NapC-proteins@Charged;MetaCyc:Oxidized-cytochromes-C4@Charged;MetaCyc:Oxidized-cytochromes-c551@Charged;MetaCyc:an-oxidized-NrfB-protein@Charged;MetaCyc:an-oxidized-TorC-protein@Charged;MetaCyc:an-oxidized-TorY-protein@Charged	MetaCyc:Cytochromes-C-Oxidized@Charged;MetaCyc:Cytochromes-C554-Ox@Charged;MetaCyc:Oxidized-Cyc1-cytochromes@Charged;MetaCyc:Oxidized-CycA1-cytochromes@Charged;MetaCyc:Oxidized-NapC-proteins@Charged;MetaCyc:Oxidized-cytochromes-C4@Charged;MetaCyc:Oxidized-cytochromes-c551@Charged;MetaCyc:an-oxidized-NrfB-protein@Charged;MetaCyc:an-oxidized-TorC-protein@Charged;MetaCyc:an-oxidized-TorY-protein@Charged		MetaCyc:Cytochromes-C-Oxidized@Charged;MetaCyc:Cytochromes-C554-Ox@Charged;MetaCyc:Oxidized-Cyc1-cytochromes@Charged;MetaCyc:Oxidized-CycA1-cytochromes@Charged;MetaCyc:Oxidized-NapC-proteins@Charged;MetaCyc:Oxidized-cytochromes-C4@Charged;MetaCyc:Oxidized-cytochromes-c551@Charged;MetaCyc:an-oxidized-NrfB-protein@Charged;MetaCyc:an-oxidized-TorC-protein@Charged;MetaCyc:an-oxidized-TorY-protein@Charged	MetaCyc:Cytochromes-C-Oxidized		GC	MetaCyc:an-oxidized-TorC-protein@Charged	MetaCyc:an-oxidized-TorC-protein@Charged	
cpd26785	MetaCyc:A-REDUCED-TORY-PROTEIN@Charged;MetaCyc:Cytochromes-C-Reduced@Charged;MetaCyc:Cytochromes-C554-Red@Charged;MetaCyc:Reduced-Cyc1-cytochromes@Charged;MetaCyc:Reduced-CycA1-cytochromes@Charged;MetaCyc:Reduced-NapC-proteins@Charged;MetaCyc:Reduced-cytochromes-C4@Charged;MetaCyc:Reduced-cytochromes-c551@Charged;MetaCyc:a-reduced-NrfB-protein@Charged;MetaCyc:a-reduced-TorC-protein@Charged	MetaCyc:A-REDUCED-TORY-PROTEIN@Charged;MetaCyc:Cytochromes-C-Reduced@Charged;MetaCyc:Cytochromes-C554-Red@Charged;MetaCyc:Reduced-Cyc1-cytochromes@Charged;MetaCyc:Reduced-CycA1-cytochromes@Charged;MetaCyc:Reduced-NapC-proteins@Charged;MetaCyc:Reduced-cytochromes-C4@Charged;MetaCyc:Reduced-cytochromes-c551@Charged;MetaCyc:a-reduced-NrfB-protein@Charged;MetaCyc:a-reduced-TorC-protein@Charged		MetaCyc:A-REDUCED-TORY-PROTEIN@Charged;MetaCyc:Cytochromes-C-Reduced@Charged;MetaCyc:Cytochromes-C554-Red@Charged;MetaCyc:Reduced-Cyc1-cytochromes@Charged;MetaCyc:Reduced-CycA1-cytochromes@Charged;MetaCyc:Reduced-NapC-proteins@Charged;MetaCyc:Reduced-cytochromes-C4@Charged;MetaCyc:Reduced-cytochromes-c551@Charged;MetaCyc:a-reduced-NrfB-protein@Charged;MetaCyc:a-reduced-TorC-protein@Charged	MetaCyc:A-REDUCED-TORY-PROTEIN		GC	MetaCyc:A-REDUCED-TORY-PROTEIN@Charged	MetaCyc:A-REDUCED-TORY-PROTEIN@Charged	
cpd26786	MetaCyc:Cytochromes-C550-Ox@Charged	MetaCyc:Cytochromes-C550-Ox@Charged		MetaCyc:Cytochromes-C550-Ox@Charged	MetaCyc:Cytochromes-C550-Ox					
cpd26787	MetaCyc:Cytochromes-C550-Red@Charged	MetaCyc:Cytochromes-C550-Red@Charged		MetaCyc:Cytochromes-C550-Red@Charged	MetaCyc:Cytochromes-C550-Red					
cpd26788	MetaCyc:Cytochromes-C552-Ox@Charged	MetaCyc:Cytochromes-C552-Ox@Charged		MetaCyc:Cytochromes-C552-Ox@Charged	MetaCyc:Cytochromes-C552-Ox		GC	MetaCyc:Cytochromes-C552-Ox@Charged	MetaCyc:Cytochromes-C552-Ox@Charged	
cpd26789	MetaCyc:Cytochromes-C552-Red@Charged	MetaCyc:Cytochromes-C552-Red@Charged		MetaCyc:Cytochromes-C552-Red@Charged	MetaCyc:Cytochromes-C552-Red		GC	MetaCyc:Cytochromes-C552-Red@Charged	MetaCyc:Cytochromes-C552-Red@Charged	
cpd26790	MetaCyc:Cytochromes-CL-Ox	MetaCyc:Cytochromes-CL-Ox		MetaCyc:Cytochromes-CL-Ox			GC	MetaCyc:Cytochromes-CL-Ox@Charged	MetaCyc:Cytochromes-CL-Ox@Charged	
cpd26791	MetaCyc:Cytochromes-CL-Red;MetaCyc:Fe3-siderophores	MetaCyc:Cytochromes-CL-Red;MetaCyc:Fe3-siderophores		MetaCyc:Cytochromes-CL-Red;MetaCyc:Fe3-siderophores			GC	MetaCyc:Fe3-siderophores@Charged	MetaCyc:Fe3-siderophores@Charged	
cpd26792	MetaCyc:Cytochromes-D@Charged	MetaCyc:Cytochromes-D@Charged		MetaCyc:Cytochromes-D@Charged	MetaCyc:Cytochromes-D	MetaCyc:Cytochromes-D	GC	MetaCyc:Cytochromes-D@Charged	MetaCyc:Cytochromes-D@Charged	
cpd26793	MetaCyc:Cytochromes-D-Reduced@Charged	MetaCyc:Cytochromes-D-Reduced@Charged		MetaCyc:Cytochromes-D-Reduced@Charged	MetaCyc:Cytochromes-D-Reduced	MetaCyc:Cytochromes-D-Reduced	GC	MetaCyc:Cytochromes-D-Reduced@Charged	MetaCyc:Cytochromes-D-Reduced@Charged	
cpd26794	MetaCyc:Cytochromes-c@Charged	MetaCyc:Cytochromes-c@Charged		MetaCyc:Cytochromes-c@Charged	MetaCyc:Cytochromes-c	MetaCyc:Cytochromes-c	GC	MetaCyc:Cytochromes-c@Charged	MetaCyc:Cytochromes-c@Charged	
cpd26795	MetaCyc:Cytochromes-c3-Oxidized@Charged	MetaCyc:Cytochromes-c3-Oxidized@Charged		MetaCyc:Cytochromes-c3-Oxidized@Charged	MetaCyc:Cytochromes-c3-Oxidized		GC	MetaCyc:Cytochromes-c3-Oxidized@Charged	MetaCyc:Cytochromes-c3-Oxidized@Charged	
cpd26796	MetaCyc:Cytochromes-c3-Reduced@Charged	MetaCyc:Cytochromes-c3-Reduced@Charged		MetaCyc:Cytochromes-c3-Reduced@Charged	MetaCyc:Cytochromes-c3-Reduced		GC	MetaCyc:Cytochromes-c3-Reduced@Charged	MetaCyc:Cytochromes-c3-Reduced@Charged	
cpd26797	MetaCyc:Cytosine-34-tRNA-Precursors	MetaCyc:Cytosine-34-tRNA-Precursors		MetaCyc:Cytosine-34-tRNA-Precursors	MetaCyc:Cytosine-34-tRNA-Precursors	MetaCyc:Cytosine-34-tRNA-Precursors	GC	MetaCyc:Cytosine-34-tRNA-Precursors@Charged	MetaCyc:Cytosine-34-tRNA-Precursors@Charged	
cpd26798	MetaCyc:Cytosine-38-in-tRNAs	MetaCyc:Cytosine-38-in-tRNAs		MetaCyc:Cytosine-38-in-tRNAs	MetaCyc:Cytosine-38-in-tRNAs	MetaCyc:Cytosine-38-in-tRNAs	GC	MetaCyc:Cytosine-38-in-tRNAs@Charged	MetaCyc:Cytosine-38-in-tRNAs@Charged	
cpd26799	MetaCyc:Cytosine-40-tRNA-Precursors	MetaCyc:Cytosine-40-tRNA-Precursors		MetaCyc:Cytosine-40-tRNA-Precursors	MetaCyc:Cytosine-40-tRNA-Precursors	MetaCyc:Cytosine-40-tRNA-Precursors	GC	MetaCyc:Cytosine-40-tRNA-Precursors@Charged	MetaCyc:Cytosine-40-tRNA-Precursors@Charged	
cpd26800	MetaCyc:Cytosine-48-tRNAs	MetaCyc:Cytosine-48-tRNAs		MetaCyc:Cytosine-48-tRNAs	MetaCyc:Cytosine-48-tRNAs	MetaCyc:Cytosine-48-tRNAs	GC	MetaCyc:Cytosine-48-tRNAs@Charged	MetaCyc:Cytosine-48-tRNAs@Charged	
cpd26801	MetaCyc:Cytosine-49-tRNAs	MetaCyc:Cytosine-49-tRNAs		MetaCyc:Cytosine-49-tRNAs	MetaCyc:Cytosine-49-tRNAs	MetaCyc:Cytosine-49-tRNAs	GC	MetaCyc:Cytosine-49-tRNAs@Charged	MetaCyc:Cytosine-49-tRNAs@Charged	
cpd26802	MetaCyc:D-3-HYDROXYACYL-COA;MetaCyc:Long-Chain-3-Hydroxyacyl-CoAs	MetaCyc:D-3-HYDROXYACYL-COA;MetaCyc:Long-Chain-3-Hydroxyacyl-CoAs		MetaCyc:D-3-HYDROXYACYL-COA;MetaCyc:Long-Chain-3-Hydroxyacyl-CoAs	MetaCyc:D-3-HYDROXYACYL-COA	MetaCyc:D-3-HYDROXYACYL-COA	GC	MetaCyc:Long-Chain-3-Hydroxyacyl-CoAs@Charged	MetaCyc:Long-Chain-3-Hydroxyacyl-CoAs@Charged	
cpd26803	MetaCyc:D-4-HYDROXYPHENYLGLYCINE	MetaCyc:D-4-HYDROXYPHENYLGLYCINE	MetaCyc:D-4-HYDROXYPHENYLGLYCINE	MetaCyc:D-4-HYDROXYPHENYLGLYCINE	MetaCyc:D-4-HYDROXYPHENYLGLYCINE	MetaCyc:D-4-HYDROXYPHENYLGLYCINE	EQ	eQuilibrator:MNXM4544	MetaCyc:D-4-HYDROXYPHENYLGLYCINE@Charged	eQuilibrator:MNXM4544
cpd26804	MetaCyc:D-5-Monosubstituted-Hydantoins	MetaCyc:D-5-Monosubstituted-Hydantoins		MetaCyc:D-5-Monosubstituted-Hydantoins	MetaCyc:D-5-Monosubstituted-Hydantoins	MetaCyc:D-5-Monosubstituted-Hydantoins	GC	MetaCyc:D-5-Monosubstituted-Hydantoins@Charged	MetaCyc:D-5-Monosubstituted-Hydantoins@Charged	
cpd26805	MetaCyc:D-ALPHABETA-D-HEPTOSE-7-PHOSPHATE	MetaCyc:D-ALPHABETA-D-HEPTOSE-7-PHOSPHATE	MetaCyc:D-ALPHABETA-D-HEPTOSE-7-PHOSPHATE	MetaCyc:D-ALPHABETA-D-HEPTOSE-7-PHOSPHATE	MetaCyc:D-ALPHABETA-D-HEPTOSE-7-PHOSPHATE	MetaCyc:D-ALPHABETA-D-HEPTOSE-7-PHOSPHATE	GC	MetaCyc:D-ALPHABETA-D-HEPTOSE-7-PHOSPHATE@Charged	MetaCyc:D-ALPHABETA-D-HEPTOSE-7-PHOSPHATE@Charged	
cpd26806	MetaCyc:D-APIOSE	MetaCyc:D-APIOSE	MetaCyc:D-APIOSE	MetaCyc:D-APIOSE	MetaCyc:D-APIOSE	MetaCyc:D-APIOSE	EQ	eQuilibrator:MNXM3571	MetaCyc:D-APIOSE@Charged	eQuilibrator:MNXM3571
cpd26807	MetaCyc:CPD-15700;MetaCyc:D-ARABINOSE	MetaCyc:CPD-15700;MetaCyc:D-ARABINOSE	MetaCyc:CPD-15700;MetaCyc:D-ARABINOSE	MetaCyc:CPD-15700;MetaCyc:D-ARABINOSE	MetaCyc:CPD-15700	MetaCyc:CPD-15700	EQ	eQuilibrator:MNXM40571	MetaCyc:CPD-15700@Charged	eQuilibrator:MNXM40571
cpd26808	MetaCyc:D-Aldonolactones	MetaCyc:D-Aldonolactones	MetaCyc:D-Aldonolactones	MetaCyc:D-Aldonolactones	MetaCyc:D-Aldonolactones	MetaCyc:D-Aldonolactones	EQ	eQuilibrator:MNXM14373	MetaCyc:D-Aldonolactones@Charged	eQuilibrator:MNXM14373
cpd26809	MetaCyc:D-Aldoses	MetaCyc:D-Aldoses		MetaCyc:D-Aldoses		MetaCyc:D-Aldoses	GC	MetaCyc:D-Aldoses@Charged	MetaCyc:D-Aldoses@Charged	
cpd26810	MetaCyc:D-Amino-Acids	MetaCyc:D-Amino-Acids		MetaCyc:D-Amino-Acids	MetaCyc:D-Amino-Acids	MetaCyc:D-Amino-Acids	GC	MetaCyc:D-Amino-Acids@Charged	MetaCyc:D-Amino-Acids@Charged	
cpd26811	MetaCyc:D-Fucoses	MetaCyc:D-Fucoses	MetaCyc:D-Fucoses	MetaCyc:D-Fucoses	MetaCyc:D-Fucoses	MetaCyc:D-Fucoses	EQ	eQuilibrator:MNXM40572	MetaCyc:D-Fucoses@Charged	eQuilibrator:MNXM40572
cpd26812	MetaCyc:D-GALACTOSYL-D-GALACTOSYL-D-GLUCOSYL-N-A	MetaCyc:D-GALACTOSYL-D-GALACTOSYL-D-GLUCOSYL-N-A		MetaCyc:D-GALACTOSYL-D-GALACTOSYL-D-GLUCOSYL-N-A	MetaCyc:D-GALACTOSYL-D-GALACTOSYL-D-GLUCOSYL-N-A	MetaCyc:D-GALACTOSYL-D-GALACTOSYL-D-GLUCOSYL-N-A	GC	MetaCyc:D-GALACTOSYL-D-GALACTOSYL-D-GLUCOSYL-N-A@Charged	MetaCyc:D-GALACTOSYL-D-GALACTOSYL-D-GLUCOSYL-N-A@Charged	
cpd26813	MetaCyc:D-GALACTOSYLAMINE	MetaCyc:D-GALACTOSYLAMINE	MetaCyc:D-GALACTOSYLAMINE	MetaCyc:D-GALACTOSYLAMINE	MetaCyc:D-GALACTOSYLAMINE	MetaCyc:D-GALACTOSYLAMINE	EQ	eQuilibrator:MNXM48463	MetaCyc:D-GALACTOSYLAMINE@Charged	eQuilibrator:MNXM48463
cpd26816	MetaCyc:D-GLUTAMYL-PEPTIDE	MetaCyc:D-GLUTAMYL-PEPTIDE		MetaCyc:D-GLUTAMYL-PEPTIDE	MetaCyc:D-GLUTAMYL-PEPTIDE	MetaCyc:D-GLUTAMYL-PEPTIDE	GC	MetaCyc:D-GLUTAMYL-PEPTIDE@Charged	MetaCyc:D-GLUTAMYL-PEPTIDE@Charged	
cpd26817	MetaCyc:D-Gal-NAc--Glycoproteins@Charged	MetaCyc:D-Gal-NAc--Glycoproteins@Charged		MetaCyc:D-Gal-NAc--Glycoproteins@Charged	MetaCyc:D-Gal-NAc--Glycoproteins	MetaCyc:D-Gal-NAc--Glycoproteins	GC	MetaCyc:D-Gal-NAc--Glycoproteins@Charged	MetaCyc:D-Gal-NAc--Glycoproteins@Charged	
cpd26818	MetaCyc:D-Galactose	MetaCyc:D-Galactose	MetaCyc:D-Galactose	MetaCyc:D-Galactose	MetaCyc:D-Galactose	MetaCyc:D-Galactose	EQ	eQuilibrator:MNXM162496	MetaCyc:D-Galactose@Charged	eQuilibrator:MNXM162496
cpd26819	MetaCyc:D-Galactosyl-12-diacyl-glycerols	MetaCyc:D-Galactosyl-12-diacyl-glycerols		MetaCyc:D-Galactosyl-12-diacyl-glycerols	MetaCyc:D-Galactosyl-12-diacyl-glycerols	MetaCyc:D-Galactosyl-12-diacyl-glycerols	GC	MetaCyc:D-Galactosyl-12-diacyl-glycerols@Charged	MetaCyc:D-Galactosyl-12-diacyl-glycerols@Charged	
cpd26820	MetaCyc:D-Galactosylglycosaminoglycans@Charged	MetaCyc:D-Galactosylglycosaminoglycans@Charged		MetaCyc:D-Galactosylglycosaminoglycans@Charged	MetaCyc:D-Galactosylglycosaminoglycans	MetaCyc:D-Galactosylglycosaminoglycans	GC	MetaCyc:D-Galactosylglycosaminoglycans@Charged	MetaCyc:D-Galactosylglycosaminoglycans@Charged	
cpd26821	MetaCyc:CPD-15374;MetaCyc:D-Glucose;ChEBI:42758	MetaCyc:CPD-15374;MetaCyc:D-Glucose;ChEBI:42758	MetaCyc:CPD-15374;MetaCyc:D-Glucose;ChEBI:42758	MetaCyc:CPD-15374;MetaCyc:D-Glucose;ChEBI:42758	MetaCyc:CPD-15374	MetaCyc:CPD-15374	GC	MetaCyc:D-Glucose@Charged	MetaCyc:D-Glucose@Charged	
cpd26822	MetaCyc:D-HAMAMELOSE-2-PHOSPHATE	MetaCyc:D-HAMAMELOSE-2-PHOSPHATE	MetaCyc:D-HAMAMELOSE-2-PHOSPHATE	MetaCyc:D-HAMAMELOSE-2-PHOSPHATE	MetaCyc:D-HAMAMELOSE-2-PHOSPHATE	MetaCyc:D-HAMAMELOSE-2-PHOSPHATE	GC	MetaCyc:D-HAMAMELOSE-2-PHOSPHATE@Charged	MetaCyc:D-HAMAMELOSE-2-PHOSPHATE@Charged	
cpd26823										
cpd26824	MetaCyc:D-Hexoses	MetaCyc:D-Hexoses	MetaCyc:D-Hexoses	MetaCyc:D-Hexoses	MetaCyc:D-Hexoses	MetaCyc:D-Hexoses	GC	MetaCyc:D-Hexoses@Charged	MetaCyc:D-Hexoses@Charged	
cpd26825	MetaCyc:D-LACTOYL-COA;ChEBI:70980	MetaCyc:D-LACTOYL-COA;ChEBI:70980	MetaCyc:D-LACTOYL-COA;ChEBI:70980	MetaCyc:D-LACTOYL-COA;ChEBI:70980	MetaCyc:D-LACTOYL-COA	MetaCyc:D-LACTOYL-COA	EQ	eQuilibrator:MNXM11282	MetaCyc:D-LACTOYL-COA@Charged	eQuilibrator:MNXM11282
cpd26826	MetaCyc:D-Phenylalanyl-Acps@Charged	MetaCyc:D-Phenylalanyl-Acps@Charged		MetaCyc:D-Phenylalanyl-Acps@Charged	MetaCyc:D-Phenylalanyl-Acps	MetaCyc:D-Phenylalanyl-Acps	GC	MetaCyc:D-Phenylalanyl-Acps@Charged	MetaCyc:D-Phenylalanyl-Acps@Charged	
cpd26827	MetaCyc:D-RIBULOSE-1-P	MetaCyc:D-RIBULOSE-1-P	MetaCyc:D-RIBULOSE-1-P	MetaCyc:D-RIBULOSE-1-P	MetaCyc:D-RIBULOSE-1-P	MetaCyc:D-RIBULOSE-1-P	EQ	eQuilibrator:MNXM163350	MetaCyc:D-RIBULOSE-1-P@Charged	eQuilibrator:MNXM163350
cpd26828	MetaCyc:D-Ribosyl-Base	MetaCyc:D-Ribosyl-Base		MetaCyc:D-Ribosyl-Base	MetaCyc:D-Ribosyl-Base	MetaCyc:D-Ribosyl-Base	GC	MetaCyc:D-Ribosyl-Base@Charged	MetaCyc:D-Ribosyl-Base@Charged	
cpd26829	MetaCyc:Alpha-D-Talose;MetaCyc:D-TALOSE	MetaCyc:Alpha-D-Talose;MetaCyc:D-TALOSE	MetaCyc:Alpha-D-Talose;MetaCyc:D-TALOSE	MetaCyc:Alpha-D-Talose;MetaCyc:D-TALOSE	MetaCyc:Alpha-D-Talose	MetaCyc:Alpha-D-Talose	GC	MetaCyc:Alpha-D-Talose@Charged	MetaCyc:Alpha-D-Talose@Charged	
cpd26830	MetaCyc:D-XYLONATE;ChEBI:17746	MetaCyc:D-XYLONATE;ChEBI:17746	MetaCyc:D-XYLONATE;ChEBI:17746	MetaCyc:D-XYLONATE;ChEBI:17746	MetaCyc:D-XYLONATE	MetaCyc:D-XYLONATE	EQ	eQuilibrator:MNXM2113	MetaCyc:D-XYLONATE@Charged	eQuilibrator:MNXM2113
cpd26831	MetaCyc:CPD-15377;MetaCyc:D-Xylose	MetaCyc:CPD-15377;MetaCyc:D-Xylose	MetaCyc:CPD-15377;MetaCyc:D-Xylose	MetaCyc:CPD-15377;MetaCyc:D-Xylose	MetaCyc:CPD-15377	MetaCyc:CPD-15377	EQ	eQuilibrator:MNXM90941	MetaCyc:D-Xylose@Charged	eQuilibrator:MNXM90941
cpd26832	MetaCyc:D-aspartate-peptidoglycan	MetaCyc:D-aspartate-peptidoglycan	MetaCyc:D-aspartate-peptidoglycan	MetaCyc:D-aspartate-peptidoglycan	MetaCyc:D-aspartate-peptidoglycan	MetaCyc:D-aspartate-peptidoglycan	EQ	eQuilibrator:MNXM19666	MetaCyc:D-aspartate-peptidoglycan@Charged	eQuilibrator:MNXM19666
cpd26833	MetaCyc:D-fructofuranosyl-2-1-D-glucopyranosides	MetaCyc:D-fructofuranosyl-2-1-D-glucopyranosides	MetaCyc:D-fructofuranosyl-2-1-D-glucopyranosides	MetaCyc:D-fructofuranosyl-2-1-D-glucopyranosides	MetaCyc:D-fructofuranosyl-2-1-D-glucopyranosides	MetaCyc:D-fructofuranosyl-2-1-D-glucopyranosides	EQ	eQuilibrator:MNXM507468	MetaCyc:D-fructofuranosyl-2-1-D-glucopyranosides@Charged	eQuilibrator:MNXM507468
cpd26834	MetaCyc:D-fructofuranosyl-26-D-glucopyranosides	MetaCyc:D-fructofuranosyl-26-D-glucopyranosides		MetaCyc:D-fructofuranosyl-26-D-glucopyranosides	MetaCyc:D-fructofuranosyl-26-D-glucopyranosides	MetaCyc:D-fructofuranosyl-26-D-glucopyranosides	GC	MetaCyc:D-fructofuranosyl-26-D-glucopyranosides@Charged	MetaCyc:D-fructofuranosyl-26-D-glucopyranosides@Charged	
cpd26835	MetaCyc:D-galacturonate-rhamnogalacturonan	MetaCyc:D-galacturonate-rhamnogalacturonan		MetaCyc:D-galacturonate-rhamnogalacturonan	MetaCyc:D-galacturonate-rhamnogalacturonan	MetaCyc:D-galacturonate-rhamnogalacturonan	GC	MetaCyc:D-galacturonate-rhamnogalacturonan@Charged	MetaCyc:D-galacturonate-rhamnogalacturonan@Charged	
cpd26836	MetaCyc:D-glucopyranose-6-phosphate;MetaCyc:D-glucose-6-phosphate;KEGG:C00092@Charged;ChEBI:61548	MetaCyc:D-glucopyranose-6-phosphate;MetaCyc:D-glucose-6-phosphate;KEGG:C00092@Charged;ChEBI:61548	MetaCyc:D-glucopyranose-6-phosphate;MetaCyc:D-glucose-6-phosphate;KEGG:C00092@Charged;ChEBI:61548	MetaCyc:D-glucopyranose-6-phosphate;MetaCyc:D-glucose-6-phosphate;KEGG:C00092@Charged;ChEBI:61548	KEGG:C00092	KEGG:C00092	EQ	eQuilibrator:MNXM160	MetaCyc:D-glucopyranose-6-phosphate@Charged	eQuilibrator:MNXM160
cpd26837	MetaCyc:D-myo-inositol-pentakisphosphates	MetaCyc:D-myo-inositol-pentakisphosphates	MetaCyc:D-myo-inositol-pentakisphosphates	MetaCyc:D-myo-inositol-pentakisphosphates	MetaCyc:D-myo-inositol-pentakisphosphates		GC	MetaCyc:D-myo-inositol-pentakisphosphates@Charged	MetaCyc:D-myo-inositol-pentakisphosphates@Charged	
cpd26838	MetaCyc:D1-PIPERIDINE-DICARBOXYLATE	MetaCyc:D1-PIPERIDINE-DICARBOXYLATE	MetaCyc:D1-PIPERIDINE-DICARBOXYLATE	MetaCyc:D1-PIPERIDINE-DICARBOXYLATE	MetaCyc:D1-PIPERIDINE-DICARBOXYLATE	MetaCyc:D1-PIPERIDINE-DICARBOXYLATE	EQ	eQuilibrator:MNXM48658	MetaCyc:D1-PIPERIDINE-DICARBOXYLATE@Charged	eQuilibrator:MNXM48658
cpd26839	MetaCyc:D2-ENOYL-COA;MetaCyc:Long-Chain-2-Enoyl-CoAs;MetaCyc:Medium-Chain-2-Enoyl-CoAs;MetaCyc:Short-Chain-2-Enoyl-CoAs	MetaCyc:D2-ENOYL-COA;MetaCyc:Long-Chain-2-Enoyl-CoAs;MetaCyc:Medium-Chain-2-Enoyl-CoAs;MetaCyc:Short-Chain-2-Enoyl-CoAs		MetaCyc:D2-ENOYL-COA;MetaCyc:Long-Chain-2-Enoyl-CoAs;MetaCyc:Medium-Chain-2-Enoyl-CoAs;MetaCyc:Short-Chain-2-Enoyl-CoAs	MetaCyc:D2-ENOYL-COA	MetaCyc:D2-ENOYL-COA	GC	MetaCyc:Medium-Chain-2-Enoyl-CoAs@Charged	MetaCyc:Medium-Chain-2-Enoyl-CoAs@Charged	
cpd26840	MetaCyc:DAP	MetaCyc:DAP	MetaCyc:DAP	MetaCyc:DAP		MetaCyc:DAP	EQ	eQuilibrator:MNXM48749	MetaCyc:DAP@Charged	eQuilibrator:MNXM48749
cpd26841										
cpd26842	MetaCyc:DECAPRENOL-PHOSPHATE	MetaCyc:DECAPRENOL-PHOSPHATE	MetaCyc:DECAPRENOL-PHOSPHATE	MetaCyc:DECAPRENOL-PHOSPHATE	MetaCyc:DECAPRENOL-PHOSPHATE		GC	MetaCyc:DECAPRENOL-PHOSPHATE@Charged	MetaCyc:DECAPRENOL-PHOSPHATE@Charged	
cpd26843	MetaCyc:DECOYININE	MetaCyc:DECOYININE	MetaCyc:DECOYININE	MetaCyc:DECOYININE	MetaCyc:DECOYININE	MetaCyc:DECOYININE	EQ		MetaCyc:DECOYININE@Charged	
cpd26844	MetaCyc:1-PYROLINE-2-CARBOXYLATE;MetaCyc:DELTA1-PYRROLINE_2-CARBOXYLATE;KEGG:C03564@Charged;ChEBI:39785@Charged	MetaCyc:1-PYROLINE-2-CARBOXYLATE;MetaCyc:DELTA1-PYRROLINE_2-CARBOXYLATE;KEGG:C03564@Charged;ChEBI:39785@Charged	MetaCyc:1-PYROLINE-2-CARBOXYLATE;MetaCyc:DELTA1-PYRROLINE_2-CARBOXYLATE;KEGG:C03564@Charged;ChEBI:39785@Charged	MetaCyc:1-PYROLINE-2-CARBOXYLATE;MetaCyc:DELTA1-PYRROLINE_2-CARBOXYLATE;KEGG:C03564@Charged;ChEBI:39785@Charged	KEGG:C03564	KEGG:C03564	EQ	eQuilibrator:MNXM957	MetaCyc:DELTA1-PYRROLINE_2-CARBOXYLATE@Charged	eQuilibrator:MNXM957
cpd26845	MetaCyc:DEOXY-RIBOSE-1P	MetaCyc:DEOXY-RIBOSE-1P	MetaCyc:DEOXY-RIBOSE-1P	MetaCyc:DEOXY-RIBOSE-1P	MetaCyc:DEOXY-RIBOSE-1P	MetaCyc:DEOXY-RIBOSE-1P	GC	MetaCyc:DEOXY-RIBOSE-1P@Charged	MetaCyc:DEOXY-RIBOSE-1P@Charged	
cpd26846	MetaCyc:DEOXY-RIBOSE-5P	MetaCyc:DEOXY-RIBOSE-5P	MetaCyc:DEOXY-RIBOSE-5P	MetaCyc:DEOXY-RIBOSE-5P	MetaCyc:DEOXY-RIBOSE-5P	MetaCyc:DEOXY-RIBOSE-5P	GC	MetaCyc:DEOXY-RIBOSE-5P@Charged	MetaCyc:DEOXY-RIBOSE-5P@Charged	
cpd26847	MetaCyc:DEOXYMORPHOLINOFRUCTOSE	MetaCyc:DEOXYMORPHOLINOFRUCTOSE	MetaCyc:DEOXYMORPHOLINOFRUCTOSE	MetaCyc:DEOXYMORPHOLINOFRUCTOSE	MetaCyc:DEOXYMORPHOLINOFRUCTOSE	MetaCyc:DEOXYMORPHOLINOFRUCTOSE	GC	MetaCyc:DEOXYMORPHOLINOFRUCTOSE@Charged	MetaCyc:DEOXYMORPHOLINOFRUCTOSE@Charged	
cpd26848	MetaCyc:DEOXYNUCLEOTIDESM	MetaCyc:DEOXYNUCLEOTIDESM		MetaCyc:DEOXYNUCLEOTIDESM	MetaCyc:DEOXYNUCLEOTIDESM	MetaCyc:DEOXYNUCLEOTIDESM	GC	MetaCyc:DEOXYNUCLEOTIDESM@Charged	MetaCyc:DEOXYNUCLEOTIDESM@Charged	
cpd26849	MetaCyc:DERMATAN-L-IDURONATE@Charged	MetaCyc:DERMATAN-L-IDURONATE@Charged		MetaCyc:DERMATAN-L-IDURONATE@Charged	MetaCyc:DERMATAN-L-IDURONATE	MetaCyc:DERMATAN-L-IDURONATE	GC	MetaCyc:DERMATAN-L-IDURONATE@Charged	MetaCyc:DERMATAN-L-IDURONATE@Charged	
cpd26850	MetaCyc:DEXTRAN	MetaCyc:DEXTRAN		MetaCyc:DEXTRAN	MetaCyc:DEXTRAN	MetaCyc:DEXTRAN				
cpd26851	MetaCyc:DFA-III	MetaCyc:DFA-III	MetaCyc:DFA-III	MetaCyc:DFA-III	MetaCyc:DFA-III	MetaCyc:DFA-III	GC	MetaCyc:DFA-III@Charged	MetaCyc:DFA-III@Charged	
cpd26852	MetaCyc:DFA-IV	MetaCyc:DFA-IV	MetaCyc:DFA-IV	MetaCyc:DFA-IV	MetaCyc:DFA-IV	MetaCyc:DFA-IV	GC	MetaCyc:DFA-IV@Charged	MetaCyc:DFA-IV@Charged	eQuilibrator:MNXM8537
cpd26853	MetaCyc:DI-N-ACETYL-BETA-D-GLUCOSAMINYL	MetaCyc:DI-N-ACETYL-BETA-D-GLUCOSAMINYL		MetaCyc:DI-N-ACETYL-BETA-D-GLUCOSAMINYL	MetaCyc:DI-N-ACETYL-BETA-D-GLUCOSAMINYL	MetaCyc:DI-N-ACETYL-BETA-D-GLUCOSAMINYL	GC	MetaCyc:DI-N-ACETYL-BETA-D-GLUCOSAMINYL@Charged	MetaCyc:DI-N-ACETYL-BETA-D-GLUCOSAMINYL@Charged	
cpd26854	MetaCyc:DIACETYLCHITOBIOSE-6-PHOSPHATE;ChEBI:64883	MetaCyc:DIACETYLCHITOBIOSE-6-PHOSPHATE;ChEBI:64883	MetaCyc:DIACETYLCHITOBIOSE-6-PHOSPHATE;ChEBI:64883	MetaCyc:DIACETYLCHITOBIOSE-6-PHOSPHATE;ChEBI:64883	MetaCyc:DIACETYLCHITOBIOSE-6-PHOSPHATE	MetaCyc:DIACETYLCHITOBIOSE-6-PHOSPHATE	EQ	eQuilibrator:MNXM11353	MetaCyc:DIACETYLCHITOBIOSE-6-PHOSPHATE@Charged	eQuilibrator:MNXM11353
cpd26855	MetaCyc:1-2-Diglycerides;KEGG:C00165	MetaCyc:1-2-Diglycerides;KEGG:C00165		MetaCyc:1-2-Diglycerides;KEGG:C00165	KEGG:C00165	KEGG:C00165	GC	KEGG:C00165@Charged	KEGG:C00165@Charged	
cpd26856	MetaCyc:DIACYLGLYCEROL-PYROPHOSPHATE@Charged;ChEBI:59996@Charged	MetaCyc:DIACYLGLYCEROL-PYROPHOSPHATE@Charged;ChEBI:59996@Charged		MetaCyc:DIACYLGLYCEROL-PYROPHOSPHATE@Charged;ChEBI:59996@Charged	MetaCyc:DIACYLGLYCEROL-PYROPHOSPHATE	MetaCyc:DIACYLGLYCEROL-PYROPHOSPHATE	GC	MetaCyc:DIACYLGLYCEROL-PYROPHOSPHATE@Charged	MetaCyc:DIACYLGLYCEROL-PYROPHOSPHATE@Charged	
cpd26857										
cpd26858	MetaCyc:DIETHYLAMINE	MetaCyc:DIETHYLAMINE	MetaCyc:DIETHYLAMINE	MetaCyc:DIETHYLAMINE		MetaCyc:DIETHYLAMINE	EQ	eQuilibrator:MNXM17274	MetaCyc:DIETHYLAMINE@Charged	eQuilibrator:MNXM17274
cpd26859	MetaCyc:DIFORMYLKYNURENINE	MetaCyc:DIFORMYLKYNURENINE	MetaCyc:DIFORMYLKYNURENINE	MetaCyc:DIFORMYLKYNURENINE	MetaCyc:DIFORMYLKYNURENINE	MetaCyc:DIFORMYLKYNURENINE	EQ	eQuilibrator:MNXM50661	MetaCyc:DIFORMYLKYNURENINE@Charged	eQuilibrator:MNXM50661
cpd26860	MetaCyc:DIGLUCOACETYL-DOCOSANOATE	MetaCyc:DIGLUCOACETYL-DOCOSANOATE	MetaCyc:DIGLUCOACETYL-DOCOSANOATE	MetaCyc:DIGLUCOACETYL-DOCOSANOATE	MetaCyc:DIGLUCOACETYL-DOCOSANOATE	MetaCyc:DIGLUCOACETYL-DOCOSANOATE	EQ	eQuilibrator:MNXM6639	MetaCyc:DIGLUCOACETYL-DOCOSANOATE@Charged	eQuilibrator:MNXM6639
cpd26861	MetaCyc:DIGLUCODIACETYL-DOCOSANOATE	MetaCyc:DIGLUCODIACETYL-DOCOSANOATE	MetaCyc:DIGLUCODIACETYL-DOCOSANOATE	MetaCyc:DIGLUCODIACETYL-DOCOSANOATE	MetaCyc:DIGLUCODIACETYL-DOCOSANOATE	MetaCyc:DIGLUCODIACETYL-DOCOSANOATE	EQ	eQuilibrator:MNXM9697	MetaCyc:DIGLUCODIACETYL-DOCOSANOATE@Charged	eQuilibrator:MNXM9697
cpd26862	MetaCyc:DIHYDRO-SPHINGOSINE	MetaCyc:DIHYDRO-SPHINGOSINE		MetaCyc:DIHYDRO-SPHINGOSINE	MetaCyc:DIHYDRO-SPHINGOSINE	MetaCyc:DIHYDRO-SPHINGOSINE	GC	MetaCyc:DIHYDRO-SPHINGOSINE@Charged	MetaCyc:DIHYDRO-SPHINGOSINE@Charged	
cpd26863	MetaCyc:DIHYDROLIPOYL-GCVH@Charged	MetaCyc:DIHYDROLIPOYL-GCVH@Charged		MetaCyc:DIHYDROLIPOYL-GCVH@Charged	MetaCyc:DIHYDROLIPOYL-GCVH	MetaCyc:DIHYDROLIPOYL-GCVH	GC	MetaCyc:DIHYDROLIPOYL-GCVH@Charged	MetaCyc:DIHYDROLIPOYL-GCVH@Charged	
cpd26864	MetaCyc:DIHYDROSTERCULIC-ACID	MetaCyc:DIHYDROSTERCULIC-ACID	MetaCyc:DIHYDROSTERCULIC-ACID	MetaCyc:DIHYDROSTERCULIC-ACID	MetaCyc:DIHYDROSTERCULIC-ACID		EQ	eQuilibrator:MNXM11388	MetaCyc:DIHYDROSTERCULIC-ACID@Charged	eQuilibrator:MNXM11388
cpd26865	MetaCyc:DIHYDROTHYMIDINE	MetaCyc:DIHYDROTHYMIDINE	MetaCyc:DIHYDROTHYMIDINE	MetaCyc:DIHYDROTHYMIDINE	MetaCyc:DIHYDROTHYMIDINE	MetaCyc:DIHYDROTHYMIDINE	EQ	eQuilibrator:MNXM50827	MetaCyc:DIHYDROTHYMIDINE@Charged	eQuilibrator:MNXM50827
cpd26866	MetaCyc:DIMETHYLARSINOUS-ACID;KEGG:C20300	MetaCyc:DIMETHYLARSINOUS-ACID;KEGG:C20300	MetaCyc:DIMETHYLARSINOUS-ACID;KEGG:C20300	MetaCyc:DIMETHYLARSINOUS-ACID;KEGG:C20300	KEGG:C20300	KEGG:C20300	GC	MetaCyc:DIMETHYLARSINOUS-ACID@Charged	MetaCyc:DIMETHYLARSINOUS-ACID@Charged	
cpd26867	MetaCyc:DIMETHYLSUBERIMIDATE@Charged	MetaCyc:DIMETHYLSUBERIMIDATE@Charged	MetaCyc:DIMETHYLSUBERIMIDATE@Charged	MetaCyc:DIMETHYLSUBERIMIDATE@Charged		MetaCyc:DIMETHYLSUBERIMIDATE	GC	MetaCyc:DIMETHYLSUBERIMIDATE@Charged	MetaCyc:DIMETHYLSUBERIMIDATE@Charged	eQuilibrator:MNXM50997
cpd26868	MetaCyc:DIMYRISTOYLPHOSPHATIDYLCHOLINE;ChEBI:45240	MetaCyc:DIMYRISTOYLPHOSPHATIDYLCHOLINE;ChEBI:45240	MetaCyc:DIMYRISTOYLPHOSPHATIDYLCHOLINE;ChEBI:45240	MetaCyc:DIMYRISTOYLPHOSPHATIDYLCHOLINE;ChEBI:45240	MetaCyc:DIMYRISTOYLPHOSPHATIDYLCHOLINE	MetaCyc:DIMYRISTOYLPHOSPHATIDYLCHOLINE	GC	MetaCyc:DIMYRISTOYLPHOSPHATIDYLCHOLINE@Charged	MetaCyc:DIMYRISTOYLPHOSPHATIDYLCHOLINE@Charged	
cpd26869	MetaCyc:DIOH-ISOVALERATE	MetaCyc:DIOH-ISOVALERATE	MetaCyc:DIOH-ISOVALERATE	MetaCyc:DIOH-ISOVALERATE	MetaCyc:DIOH-ISOVALERATE	MetaCyc:DIOH-ISOVALERATE	EQ	eQuilibrator:MNXM734	MetaCyc:DIOH-ISOVALERATE@Charged	eQuilibrator:MNXM734
cpd26870	MetaCyc:DIOXINDOLE-3-ACETATE	MetaCyc:DIOXINDOLE-3-ACETATE	MetaCyc:DIOXINDOLE-3-ACETATE	MetaCyc:DIOXINDOLE-3-ACETATE	MetaCyc:DIOXINDOLE-3-ACETATE	MetaCyc:DIOXINDOLE-3-ACETATE	EQ	eQuilibrator:MNXM4577	MetaCyc:DIOXINDOLE-3-ACETATE@Charged	eQuilibrator:MNXM4577
cpd26871	MetaCyc:DIPEPTIDES	MetaCyc:DIPEPTIDES		MetaCyc:DIPEPTIDES	MetaCyc:DIPEPTIDES	MetaCyc:DIPEPTIDES	GC	MetaCyc:DIPEPTIDES@Charged	MetaCyc:DIPEPTIDES@Charged	
cpd26872	MetaCyc:DIPHOSPHO-1D-MYO-INOSITOL-TETRAKISPHOSPH@Charged	MetaCyc:DIPHOSPHO-1D-MYO-INOSITOL-TETRAKISPHOSPH@Charged	MetaCyc:DIPHOSPHO-1D-MYO-INOSITOL-TETRAKISPHOSPH@Charged	MetaCyc:DIPHOSPHO-1D-MYO-INOSITOL-TETRAKISPHOSPH@Charged	MetaCyc:DIPHOSPHO-1D-MYO-INOSITOL-TETRAKISPHOSPH		EQ	eQuilibrator:MNXM8550	MetaCyc:DIPHOSPHO-1D-MYO-INOSITOL-TETRAKISPHOSPH@Charged	eQuilibrator:MNXM8550
cpd26873	MetaCyc:DIPHTHAMIDE@Charged;ChEBI:16692@Charged	MetaCyc:DIPHTHAMIDE@Charged;ChEBI:16692@Charged		MetaCyc:DIPHTHAMIDE@Charged;ChEBI:16692@Charged	MetaCyc:DIPHTHAMIDE	MetaCyc:DIPHTHAMIDE	GC	MetaCyc:DIPHTHAMIDE@Charged	MetaCyc:DIPHTHAMIDE@Charged	
cpd26874	MetaCyc:DIPHTINE@Charged;ChEBI:82696@Charged	MetaCyc:DIPHTINE@Charged;ChEBI:82696@Charged		MetaCyc:DIPHTINE@Charged;ChEBI:82696@Charged	MetaCyc:DIPHTINE	MetaCyc:DIPHTINE	GC	MetaCyc:DIPHTINE@Charged	MetaCyc:DIPHTINE@Charged	
cpd26875	MetaCyc:DIPROPYLETHER	MetaCyc:DIPROPYLETHER	MetaCyc:DIPROPYLETHER	MetaCyc:DIPROPYLETHER		MetaCyc:DIPROPYLETHER	EQ	eQuilibrator:MNXM51214	MetaCyc:DIPROPYLETHER@Charged	eQuilibrator:MNXM51214
cpd26876	MetaCyc:DIPYRROMETHANE	MetaCyc:DIPYRROMETHANE		MetaCyc:DIPYRROMETHANE	MetaCyc:DIPYRROMETHANE	MetaCyc:DIPYRROMETHANE	EQ		MetaCyc:DIPYRROMETHANE@Charged	
cpd26877	MetaCyc:DITHIO-NITROBENZOATE	MetaCyc:DITHIO-NITROBENZOATE	MetaCyc:DITHIO-NITROBENZOATE	MetaCyc:DITHIO-NITROBENZOATE	MetaCyc:DITHIO-NITROBENZOATE		GC	MetaCyc:DITHIO-NITROBENZOATE@Charged	MetaCyc:DITHIO-NITROBENZOATE@Charged	eQuilibrator:MNXM37888
cpd26878	MetaCyc:DIUMYCIN	MetaCyc:DIUMYCIN	MetaCyc:DIUMYCIN	MetaCyc:DIUMYCIN						
cpd26879	MetaCyc:DL-5-FLUOROTRYPTOPHAN	MetaCyc:DL-5-FLUOROTRYPTOPHAN	MetaCyc:DL-5-FLUOROTRYPTOPHAN	MetaCyc:DL-5-FLUOROTRYPTOPHAN	MetaCyc:DL-5-FLUOROTRYPTOPHAN	MetaCyc:DL-5-FLUOROTRYPTOPHAN	EQ	eQuilibrator:MNXM48359	MetaCyc:DL-5-FLUOROTRYPTOPHAN@Charged	eQuilibrator:MNXM48359
cpd26880	MetaCyc:DL-5-METHYLHYDANTOIN	MetaCyc:DL-5-METHYLHYDANTOIN	MetaCyc:DL-5-METHYLHYDANTOIN	MetaCyc:DL-5-METHYLHYDANTOIN	MetaCyc:DL-5-METHYLHYDANTOIN	MetaCyc:DL-5-METHYLHYDANTOIN	EQ	eQuilibrator:MNXM51374	MetaCyc:DL-5-METHYLHYDANTOIN@Charged	eQuilibrator:MNXM51374
cpd26881	MetaCyc:DL-6-FLUOROTRYPTOPHAN	MetaCyc:DL-6-FLUOROTRYPTOPHAN	MetaCyc:DL-6-FLUOROTRYPTOPHAN	MetaCyc:DL-6-FLUOROTRYPTOPHAN	MetaCyc:DL-6-FLUOROTRYPTOPHAN	MetaCyc:DL-6-FLUOROTRYPTOPHAN	EQ	eQuilibrator:MNXM48360	MetaCyc:DL-6-FLUOROTRYPTOPHAN@Charged	eQuilibrator:MNXM48360
cpd26882	MetaCyc:DL-6-METHYLTRYPTOPHAN	MetaCyc:DL-6-METHYLTRYPTOPHAN	MetaCyc:DL-6-METHYLTRYPTOPHAN	MetaCyc:DL-6-METHYLTRYPTOPHAN	MetaCyc:DL-6-METHYLTRYPTOPHAN	MetaCyc:DL-6-METHYLTRYPTOPHAN	EQ	eQuilibrator:MNXM48361	MetaCyc:DL-6-METHYLTRYPTOPHAN@Charged	eQuilibrator:MNXM48361
cpd26883	MetaCyc:DL-CARNITINE	MetaCyc:DL-CARNITINE	MetaCyc:DL-CARNITINE	MetaCyc:DL-CARNITINE	MetaCyc:DL-CARNITINE	MetaCyc:DL-CARNITINE	GC	MetaCyc:DL-CARNITINE@Charged	MetaCyc:DL-CARNITINE@Charged	
cpd26884	MetaCyc:DNA-46-Diamino-5-Formamidopyrimidine	MetaCyc:DNA-46-Diamino-5-Formamidopyrimidine		MetaCyc:DNA-46-Diamino-5-Formamidopyrimidine	MetaCyc:DNA-46-Diamino-5-Formamidopyrimidine	MetaCyc:DNA-46-Diamino-5-Formamidopyrimidine	GC	MetaCyc:DNA-46-Diamino-5-Formamidopyrimidine@Charged	MetaCyc:DNA-46-Diamino-5-Formamidopyrimidine@Charged	
cpd26885	MetaCyc:DNA-6-Methyl-Amino-Purines;MetaCyc:DNA-Containing-N6-Methyladenine	MetaCyc:DNA-6-Methyl-Amino-Purines;MetaCyc:DNA-Containing-N6-Methyladenine		MetaCyc:DNA-6-Methyl-Amino-Purines;MetaCyc:DNA-Containing-N6-Methyladenine	MetaCyc:DNA-6-Methyl-Amino-Purines	MetaCyc:DNA-6-Methyl-Amino-Purines	GC	MetaCyc:DNA-6-Methyl-Amino-Purines@Charged	MetaCyc:DNA-6-Methyl-Amino-Purines@Charged	
cpd26886	MetaCyc:DNA-6-O-Methyl-Guanines	MetaCyc:DNA-6-O-Methyl-Guanines		MetaCyc:DNA-6-O-Methyl-Guanines	MetaCyc:DNA-6-O-Methyl-Guanines	MetaCyc:DNA-6-O-Methyl-Guanines	GC	MetaCyc:DNA-6-O-Methyl-Guanines@Charged	MetaCyc:DNA-6-O-Methyl-Guanines@Charged	
cpd26887	MetaCyc:DNA-Adenines;MetaCyc:DNA-With-GO-A-Mismatch	MetaCyc:DNA-Adenines;MetaCyc:DNA-With-GO-A-Mismatch		MetaCyc:DNA-Adenines;MetaCyc:DNA-With-GO-A-Mismatch	MetaCyc:DNA-Adenines	MetaCyc:DNA-Adenines	GC	MetaCyc:DNA-With-GO-A-Mismatch@Charged	MetaCyc:DNA-With-GO-A-Mismatch@Charged	
cpd26888	MetaCyc:DNA-Adjacent-Pyrimidines	MetaCyc:DNA-Adjacent-Pyrimidines		MetaCyc:DNA-Adjacent-Pyrimidines	MetaCyc:DNA-Adjacent-Pyrimidines	MetaCyc:DNA-Adjacent-Pyrimidines	GC	MetaCyc:DNA-Adjacent-Pyrimidines@Charged	MetaCyc:DNA-Adjacent-Pyrimidines@Charged	
cpd26889										
cpd26890										
cpd26891	MetaCyc:DNA-Cyclobuta-Dipyrimidines	MetaCyc:DNA-Cyclobuta-Dipyrimidines		MetaCyc:DNA-Cyclobuta-Dipyrimidines	MetaCyc:DNA-Cyclobuta-Dipyrimidines	MetaCyc:DNA-Cyclobuta-Dipyrimidines	GC	MetaCyc:DNA-Cyclobuta-Dipyrimidines@Charged	MetaCyc:DNA-Cyclobuta-Dipyrimidines@Charged	
cpd26892					MetaCyc:Cytidine-In-Single-Stranded-DNAs	MetaCyc:Cytidine-In-Single-Stranded-DNAs	GC			
cpd26893	MetaCyc:DNA-Guanines	MetaCyc:DNA-Guanines		MetaCyc:DNA-Guanines	MetaCyc:DNA-Guanines	MetaCyc:DNA-Guanines	GC	MetaCyc:DNA-Guanines@Charged	MetaCyc:DNA-Guanines@Charged	
cpd26894										
cpd26895	MetaCyc:DNA-Hydroxymethyl-cytosines	MetaCyc:DNA-Hydroxymethyl-cytosines		MetaCyc:DNA-Hydroxymethyl-cytosines	MetaCyc:DNA-Hydroxymethyl-cytosines	MetaCyc:DNA-Hydroxymethyl-cytosines	GC	MetaCyc:DNA-Hydroxymethyl-cytosines@Charged	MetaCyc:DNA-Hydroxymethyl-cytosines@Charged	
cpd26896	MetaCyc:DNA-N	MetaCyc:DNA-N		MetaCyc:DNA-N	MetaCyc:DNA-N	MetaCyc:DNA-N	GC	MetaCyc:DNA-N@Charged	MetaCyc:DNA-N@Charged	
cpd26897	MetaCyc:DNA-N4-Methylcytosine	MetaCyc:DNA-N4-Methylcytosine		MetaCyc:DNA-N4-Methylcytosine	MetaCyc:DNA-N4-Methylcytosine	MetaCyc:DNA-N4-Methylcytosine	GC	MetaCyc:DNA-N4-Methylcytosine@Charged	MetaCyc:DNA-N4-Methylcytosine@Charged	
cpd26898										
cpd26899										
cpd26900										
cpd26901	MetaCyc:DNA-With-G-A-Mismatch	MetaCyc:DNA-With-G-A-Mismatch		MetaCyc:DNA-With-G-A-Mismatch	MetaCyc:DNA-With-G-A-Mismatch	MetaCyc:DNA-With-G-A-Mismatch	GC	MetaCyc:DNA-With-G-A-Mismatch@Charged	MetaCyc:DNA-With-G-A-Mismatch@Charged	
cpd26902	MetaCyc:DNA-With-Hypoxanthines	MetaCyc:DNA-With-Hypoxanthines		MetaCyc:DNA-With-Hypoxanthines	MetaCyc:DNA-With-Hypoxanthines	MetaCyc:DNA-With-Hypoxanthines	GC	MetaCyc:DNA-With-Hypoxanthines@Charged	MetaCyc:DNA-With-Hypoxanthines@Charged	
cpd26903										
cpd26904	MetaCyc:DNA-With-Pyrimidine-Dimers	MetaCyc:DNA-With-Pyrimidine-Dimers		MetaCyc:DNA-With-Pyrimidine-Dimers	MetaCyc:DNA-With-Pyrimidine-Dimers	MetaCyc:DNA-With-Pyrimidine-Dimers	GC	MetaCyc:DNA-With-Pyrimidine-Dimers@Charged	MetaCyc:DNA-With-Pyrimidine-Dimers@Charged	
cpd26905										
cpd26906	MetaCyc:DNA-containing-a-Apyrimidinic-Sites;MetaCyc:DNA-containing-aPurinic-Sites	MetaCyc:DNA-containing-a-Apyrimidinic-Sites;MetaCyc:DNA-containing-aPurinic-Sites		MetaCyc:DNA-containing-a-Apyrimidinic-Sites;MetaCyc:DNA-containing-aPurinic-Sites	MetaCyc:DNA-containing-a-Apyrimidinic-Sites	MetaCyc:DNA-containing-a-Apyrimidinic-Sites	GC	MetaCyc:DNA-containing-aPurinic-Sites@Charged	MetaCyc:DNA-containing-aPurinic-Sites@Charged	
cpd26907										
cpd26908	MetaCyc:DNA-containing-abasic-Sites	MetaCyc:DNA-containing-abasic-Sites		MetaCyc:DNA-containing-abasic-Sites	MetaCyc:DNA-containing-abasic-Sites	MetaCyc:DNA-containing-abasic-Sites	GC	MetaCyc:DNA-containing-abasic-Sites@Charged	MetaCyc:DNA-containing-abasic-Sites@Charged	
cpd26909	MetaCyc:DNA-containing-diamino-hydro-formamidops@Charged	MetaCyc:DNA-containing-diamino-hydro-formamidops@Charged		MetaCyc:DNA-containing-diamino-hydro-formamidops@Charged	MetaCyc:DNA-containing-diamino-hydro-formamidops	MetaCyc:DNA-containing-diamino-hydro-formamidops	GC	MetaCyc:DNA-containing-diamino-hydro-formamidops@Charged	MetaCyc:DNA-containing-diamino-hydro-formamidops@Charged	
cpd26910										
cpd26911	MetaCyc:DNA-with-Alkylated-Adenines@Charged	MetaCyc:DNA-with-Alkylated-Adenines@Charged		MetaCyc:DNA-with-Alkylated-Adenines@Charged	MetaCyc:DNA-with-Alkylated-Adenines	MetaCyc:DNA-with-Alkylated-Adenines	GC	MetaCyc:DNA-with-Alkylated-Adenines@Charged	MetaCyc:DNA-with-Alkylated-Adenines@Charged	
cpd26912										
cpd26913					MetaCyc:DNA-with-Uracils	MetaCyc:DNA-with-Uracils	GC			
cpd26914										
cpd26915	MetaCyc:DOCOSAPENTAENOYL-2-ENOYL-ACP@Charged;Override:ACPs	MetaCyc:DOCOSAPENTAENOYL-2-ENOYL-ACP@Charged;Override:ACPs		MetaCyc:DOCOSAPENTAENOYL-2-ENOYL-ACP@Charged	MetaCyc:DOCOSAPENTAENOYL-2-ENOYL-ACP	MetaCyc:DOCOSAPENTAENOYL-2-ENOYL-ACP	GC	MetaCyc:DOCOSAPENTAENOYL-2-ENOYL-ACP@Charged	MetaCyc:DOCOSAPENTAENOYL-2-ENOYL-ACP@Charged	
cpd26916	MetaCyc:DOCOSAPENTAENOYL-ACP@Charged;Override:ACPs	MetaCyc:DOCOSAPENTAENOYL-ACP@Charged;Override:ACPs		MetaCyc:DOCOSAPENTAENOYL-ACP@Charged	MetaCyc:DOCOSAPENTAENOYL-ACP	MetaCyc:DOCOSAPENTAENOYL-ACP	GC	MetaCyc:DOCOSAPENTAENOYL-ACP@Charged	MetaCyc:DOCOSAPENTAENOYL-ACP@Charged	
cpd26917										
cpd26918	MetaCyc:DOLICHOL	MetaCyc:DOLICHOL	MetaCyc:DOLICHOL	MetaCyc:DOLICHOL	MetaCyc:DOLICHOL	MetaCyc:DOLICHOL	GC	MetaCyc:DOLICHOL@Charged	MetaCyc:DOLICHOL@Charged	
cpd26919	MetaCyc:CPD-17833;MetaCyc:DOLICHOLP	MetaCyc:CPD-17833;MetaCyc:DOLICHOLP	MetaCyc:CPD-17833;MetaCyc:DOLICHOLP	MetaCyc:CPD-17833;MetaCyc:DOLICHOLP	MetaCyc:CPD-17833		GC	MetaCyc:CPD-17833@Charged	MetaCyc:CPD-17833@Charged	
cpd26920	MetaCyc:DTDP-4-AMINO-46-DIDEOXY-D-GALACTOSE	MetaCyc:DTDP-4-AMINO-46-DIDEOXY-D-GALACTOSE	MetaCyc:DTDP-4-AMINO-46-DIDEOXY-D-GALACTOSE	MetaCyc:DTDP-4-AMINO-46-DIDEOXY-D-GALACTOSE	MetaCyc:DTDP-4-AMINO-46-DIDEOXY-D-GALACTOSE	MetaCyc:DTDP-4-AMINO-46-DIDEOXY-D-GALACTOSE	EQ	eQuilibrator:MNXM17430	MetaCyc:DTDP-4-AMINO-46-DIDEOXY-D-GALACTOSE@Charged	eQuilibrator:MNXM17430
cpd26921	MetaCyc:DTDP-4-DEHYDRO-6-DEOXY-D-GALACTOSE	MetaCyc:DTDP-4-DEHYDRO-6-DEOXY-D-GALACTOSE	MetaCyc:DTDP-4-DEHYDRO-6-DEOXY-D-GALACTOSE	MetaCyc:DTDP-4-DEHYDRO-6-DEOXY-D-GALACTOSE	MetaCyc:DTDP-4-DEHYDRO-6-DEOXY-D-GALACTOSE	MetaCyc:DTDP-4-DEHYDRO-6-DEOXY-D-GALACTOSE	EQ	eQuilibrator:MNXM7331	MetaCyc:DTDP-4-DEHYDRO-6-DEOXY-D-GALACTOSE@Charged	eQuilibrator:MNXM7331
cpd26922	MetaCyc:DUDP-L-RHAMNOSE	MetaCyc:DUDP-L-RHAMNOSE	MetaCyc:DUDP-L-RHAMNOSE	MetaCyc:DUDP-L-RHAMNOSE	MetaCyc:DUDP-L-RHAMNOSE	MetaCyc:DUDP-L-RHAMNOSE	EQ	eQuilibrator:MNXM511642	MetaCyc:DUDP-L-RHAMNOSE@Charged	eQuilibrator:MNXM511642
cpd26923										
cpd26924										
cpd26925	MetaCyc:Deacetylated-Peptidoglycan	MetaCyc:Deacetylated-Peptidoglycan		MetaCyc:Deacetylated-Peptidoglycan	MetaCyc:Deacetylated-Peptidoglycan	MetaCyc:Deacetylated-Peptidoglycan	GC	MetaCyc:Deacetylated-Peptidoglycan@Charged	MetaCyc:Deacetylated-Peptidoglycan@Charged	
cpd26926										
cpd26927	MetaCyc:Deamido-bleomycins	MetaCyc:Deamido-bleomycins		MetaCyc:Deamido-bleomycins	MetaCyc:Deamido-bleomycins	MetaCyc:Deamido-bleomycins				
cpd26928	MetaCyc:Deaminated-Amine-Donors	MetaCyc:Deaminated-Amine-Donors		MetaCyc:Deaminated-Amine-Donors		MetaCyc:Deaminated-Amine-Donors	GC	MetaCyc:Deaminated-Amine-Donors@Charged	MetaCyc:Deaminated-Amine-Donors@Charged	
cpd26929										
cpd26930	MetaCyc:Delta-11-acyl-CoAs;MetaCyc:Trans-Delta-11-acyl-CoAs;ChEBI:84949	MetaCyc:Delta-11-acyl-CoAs;MetaCyc:Trans-Delta-11-acyl-CoAs;ChEBI:84949		MetaCyc:Delta-11-acyl-CoAs;MetaCyc:Trans-Delta-11-acyl-CoAs;ChEBI:84949	MetaCyc:Delta-11-acyl-CoAs	MetaCyc:Delta-11-acyl-CoAs	GC	MetaCyc:Delta-11-acyl-CoAs@Charged	MetaCyc:Delta-11-acyl-CoAs@Charged	
cpd26931	MetaCyc:Delta-GalA-rhamnogalacturonan	MetaCyc:Delta-GalA-rhamnogalacturonan		MetaCyc:Delta-GalA-rhamnogalacturonan	MetaCyc:Delta-GalA-rhamnogalacturonan	MetaCyc:Delta-GalA-rhamnogalacturonan	GC	MetaCyc:Delta-GalA-rhamnogalacturonan@Charged	MetaCyc:Delta-GalA-rhamnogalacturonan@Charged	
cpd26932	MetaCyc:Delta-Selinenes;ChEBI:49278	MetaCyc:Delta-Selinenes;ChEBI:49278	MetaCyc:Delta-Selinenes;ChEBI:49278	MetaCyc:Delta-Selinenes;ChEBI:49278			GC	MetaCyc:Delta-Selinenes@Charged	MetaCyc:Delta-Selinenes@Charged	eQuilibrator:MNXM3258
cpd26933	MetaCyc:Delta4-hexadecenoyl-ACPs@Charged;ChEBI:85919@Charged;Override:ACPs	MetaCyc:Delta4-hexadecenoyl-ACPs@Charged;ChEBI:85919@Charged;Override:ACPs		MetaCyc:Delta4-hexadecenoyl-ACPs@Charged;ChEBI:85919@Charged	MetaCyc:Delta4-hexadecenoyl-ACPs	MetaCyc:Delta4-hexadecenoyl-ACPs	GC	MetaCyc:Delta4-hexadecenoyl-ACPs@Charged	MetaCyc:Delta4-hexadecenoyl-ACPs@Charged	
cpd26934	MetaCyc:Delta6-hexadecenoyl-ACPs@Charged;ChEBI:86110@Charged;Override:ACPs	MetaCyc:Delta6-hexadecenoyl-ACPs@Charged;ChEBI:86110@Charged;Override:ACPs		MetaCyc:Delta6-hexadecenoyl-ACPs@Charged;ChEBI:86110@Charged	MetaCyc:Delta6-hexadecenoyl-ACPs	MetaCyc:Delta6-hexadecenoyl-ACPs	GC	MetaCyc:Delta6-hexadecenoyl-ACPs@Charged	MetaCyc:Delta6-hexadecenoyl-ACPs@Charged	
cpd26935	MetaCyc:Demethylated-Ubiquinols	MetaCyc:Demethylated-Ubiquinols		MetaCyc:Demethylated-Ubiquinols	MetaCyc:Demethylated-Ubiquinols	MetaCyc:Demethylated-Ubiquinols	GC	MetaCyc:Demethylated-Ubiquinols@Charged	MetaCyc:Demethylated-Ubiquinols@Charged	
cpd26936	MetaCyc:Demethylated-methyl-acceptors@Charged	MetaCyc:Demethylated-methyl-acceptors@Charged		MetaCyc:Demethylated-methyl-acceptors@Charged			GC	MetaCyc:Demethylated-methyl-acceptors@Charged	MetaCyc:Demethylated-methyl-acceptors@Charged	
cpd26937	MetaCyc:Demethylmenaquinols	MetaCyc:Demethylmenaquinols		MetaCyc:Demethylmenaquinols	MetaCyc:Demethylmenaquinols	MetaCyc:Demethylmenaquinols	GC	MetaCyc:Demethylmenaquinols@Charged	MetaCyc:Demethylmenaquinols@Charged	
cpd26938	MetaCyc:Demethylmenaquinones	MetaCyc:Demethylmenaquinones		MetaCyc:Demethylmenaquinones		MetaCyc:Demethylmenaquinones	GC	MetaCyc:Demethylmenaquinones@Charged	MetaCyc:Demethylmenaquinones@Charged	
cpd26939	MetaCyc:Deoxy-Ribonucleoside-Diphosphates@Charged	MetaCyc:Deoxy-Ribonucleoside-Diphosphates@Charged		MetaCyc:Deoxy-Ribonucleoside-Diphosphates@Charged	MetaCyc:Deoxy-Ribonucleoside-Diphosphates	MetaCyc:Deoxy-Ribonucleoside-Diphosphates	GC	MetaCyc:Deoxy-Ribonucleoside-Diphosphates@Charged	MetaCyc:Deoxy-Ribonucleoside-Diphosphates@Charged	
cpd26940	MetaCyc:Deoxy-Ribonucleoside-Monophosphates	MetaCyc:Deoxy-Ribonucleoside-Monophosphates		MetaCyc:Deoxy-Ribonucleoside-Monophosphates	MetaCyc:Deoxy-Ribonucleoside-Monophosphates	MetaCyc:Deoxy-Ribonucleoside-Monophosphates	GC	MetaCyc:Deoxy-Ribonucleoside-Monophosphates@Charged	MetaCyc:Deoxy-Ribonucleoside-Monophosphates@Charged	
cpd26941	MetaCyc:Deoxy-Ribonucleoside-Triphosphates@Charged	MetaCyc:Deoxy-Ribonucleoside-Triphosphates@Charged		MetaCyc:Deoxy-Ribonucleoside-Triphosphates@Charged	MetaCyc:Deoxy-Ribonucleoside-Triphosphates	MetaCyc:Deoxy-Ribonucleoside-Triphosphates	GC	MetaCyc:Deoxy-Ribonucleoside-Triphosphates@Charged	MetaCyc:Deoxy-Ribonucleoside-Triphosphates@Charged	
cpd26942	MetaCyc:Deoxy-Ribonucleosides	MetaCyc:Deoxy-Ribonucleosides		MetaCyc:Deoxy-Ribonucleosides	MetaCyc:Deoxy-Ribonucleosides	MetaCyc:Deoxy-Ribonucleosides	GC	MetaCyc:Deoxy-Ribonucleosides@Charged	MetaCyc:Deoxy-Ribonucleosides@Charged	
cpd26943	MetaCyc:Deoxynucleotides	MetaCyc:Deoxynucleotides		MetaCyc:Deoxynucleotides	MetaCyc:Deoxynucleotides	MetaCyc:Deoxynucleotides	GC	MetaCyc:Deoxynucleotides@Charged	MetaCyc:Deoxynucleotides@Charged	
cpd26944	MetaCyc:Deoxystreptamine-Antib@Charged	MetaCyc:Deoxystreptamine-Antib@Charged		MetaCyc:Deoxystreptamine-Antib@Charged	MetaCyc:Deoxystreptamine-Antib	MetaCyc:Deoxystreptamine-Antib	GC	MetaCyc:Deoxystreptamine-Antib@Charged	MetaCyc:Deoxystreptamine-Antib@Charged	
cpd26945										
cpd26946	MetaCyc:Depurinated-DNA	MetaCyc:Depurinated-DNA		MetaCyc:Depurinated-DNA	MetaCyc:Depurinated-DNA	MetaCyc:Depurinated-DNA	GC	MetaCyc:Depurinated-DNA@Charged	MetaCyc:Depurinated-DNA@Charged	
cpd26947	MetaCyc:Dermatan-NAcGal-4-sulfates@Charged	MetaCyc:Dermatan-NAcGal-4-sulfates@Charged		MetaCyc:Dermatan-NAcGal-4-sulfates@Charged	MetaCyc:Dermatan-NAcGal-4-sulfates	MetaCyc:Dermatan-NAcGal-4-sulfates	GC	MetaCyc:Dermatan-NAcGal-4-sulfates@Charged	MetaCyc:Dermatan-NAcGal-4-sulfates@Charged	
cpd26948	MetaCyc:Dermatan-NAcGal-46-disulfates@Charged	MetaCyc:Dermatan-NAcGal-46-disulfates@Charged		MetaCyc:Dermatan-NAcGal-46-disulfates@Charged	MetaCyc:Dermatan-NAcGal-46-disulfates		GC	MetaCyc:Dermatan-NAcGal-46-disulfates@Charged	MetaCyc:Dermatan-NAcGal-46-disulfates@Charged	
cpd26949	MetaCyc:Dermatan-NacGal	MetaCyc:Dermatan-NacGal		MetaCyc:Dermatan-NacGal	MetaCyc:Dermatan-NacGal	MetaCyc:Dermatan-NacGal	GC	MetaCyc:Dermatan-NacGal@Charged	MetaCyc:Dermatan-NacGal@Charged	
cpd26950	MetaCyc:Dermatan-Sulfate@Charged	MetaCyc:Dermatan-Sulfate@Charged		MetaCyc:Dermatan-Sulfate@Charged	MetaCyc:Dermatan-Sulfate	MetaCyc:Dermatan-Sulfate	GC	MetaCyc:Dermatan-Sulfate@Charged	MetaCyc:Dermatan-Sulfate@Charged	
cpd26951	MetaCyc:Dermatan-sulfate-L-IdoA2S@Charged	MetaCyc:Dermatan-sulfate-L-IdoA2S@Charged		MetaCyc:Dermatan-sulfate-L-IdoA2S@Charged	MetaCyc:Dermatan-sulfate-L-IdoA2S	MetaCyc:Dermatan-sulfate-L-IdoA2S	GC	MetaCyc:Dermatan-sulfate-L-IdoA2S@Charged	MetaCyc:Dermatan-sulfate-L-IdoA2S@Charged	
cpd26952	MetaCyc:Dermatan-sulfate-disaccharides	MetaCyc:Dermatan-sulfate-disaccharides	MetaCyc:Dermatan-sulfate-disaccharides	MetaCyc:Dermatan-sulfate-disaccharides	MetaCyc:Dermatan-sulfate-disaccharides	MetaCyc:Dermatan-sulfate-disaccharides	GC	MetaCyc:Dermatan-sulfate-disaccharides@Charged	MetaCyc:Dermatan-sulfate-disaccharides@Charged	
cpd26953	MetaCyc:Desaturated-Thalian-diols	MetaCyc:Desaturated-Thalian-diols		MetaCyc:Desaturated-Thalian-diols	MetaCyc:Desaturated-Thalian-diols	MetaCyc:Desaturated-Thalian-diols	GC	MetaCyc:Desaturated-Thalian-diols@Charged	MetaCyc:Desaturated-Thalian-diols@Charged	
cpd26954										
cpd26955										
cpd26956	MetaCyc:Di-Rhamnolipids	MetaCyc:Di-Rhamnolipids		MetaCyc:Di-Rhamnolipids	MetaCyc:Di-Rhamnolipids	MetaCyc:Di-Rhamnolipids	GC	MetaCyc:Di-Rhamnolipids@Charged	MetaCyc:Di-Rhamnolipids@Charged	
cpd26957										
cpd26958	MetaCyc:DAG-18-2-16-0S;MetaCyc:DAG-18-2-16-1s;MetaCyc:DAG-18-2-16-2s;MetaCyc:DAG-18-2-16-3s;MetaCyc:DAG-18-2-18-0s;MetaCyc:DAG-18-2-18-1s;MetaCyc:DAG-18-2-18-2s;MetaCyc:DAG-18-2-18-3s;MetaCyc:DAG-18-3-16-0s;MetaCyc:DAG-18-3-16-1s;MetaCyc:DAG-18-3-16-2s;MetaCyc:DAG-18-3-16-3s;MetaCyc:DAG-18-3-18-0s;MetaCyc:DAG-18-3-18-1s;MetaCyc:DAG-18-3-18-2s;MetaCyc:DAG-18-3-18-3s;MetaCyc:Diacyl-sn-Glycerols;MetaCyc:Diacylglycerides;ChEBI:17408;ChEBI:18035	MetaCyc:DAG-18-2-16-0S;MetaCyc:DAG-18-2-16-1s;MetaCyc:DAG-18-2-16-2s;MetaCyc:DAG-18-2-16-3s;MetaCyc:DAG-18-2-18-0s;MetaCyc:DAG-18-2-18-1s;MetaCyc:DAG-18-2-18-2s;MetaCyc:DAG-18-2-18-3s;MetaCyc:DAG-18-3-16-0s;MetaCyc:DAG-18-3-16-1s;MetaCyc:DAG-18-3-16-2s;MetaCyc:DAG-18-3-16-3s;MetaCyc:DAG-18-3-18-0s;MetaCyc:DAG-18-3-18-1s;MetaCyc:DAG-18-3-18-2s;MetaCyc:DAG-18-3-18-3s;MetaCyc:Diacyl-sn-Glycerols;MetaCyc:Diacylglycerides;ChEBI:17408;ChEBI:18035		MetaCyc:DAG-18-2-16-0S;MetaCyc:DAG-18-2-16-1s;MetaCyc:DAG-18-2-16-2s;MetaCyc:DAG-18-2-16-3s;MetaCyc:DAG-18-2-18-0s;MetaCyc:DAG-18-2-18-1s;MetaCyc:DAG-18-2-18-2s;MetaCyc:DAG-18-2-18-3s;MetaCyc:DAG-18-3-16-0s;MetaCyc:DAG-18-3-16-1s;MetaCyc:DAG-18-3-16-2s;MetaCyc:DAG-18-3-16-3s;MetaCyc:DAG-18-3-18-0s;MetaCyc:DAG-18-3-18-1s;MetaCyc:DAG-18-3-18-2s;MetaCyc:DAG-18-3-18-3s;MetaCyc:Diacyl-sn-Glycerols;MetaCyc:Diacylglycerides;ChEBI:17408;ChEBI:18035		MetaCyc:DAG-18-2-16-0S	GC	MetaCyc:Diacylglycerides@Charged	MetaCyc:Diacylglycerides@Charged	
cpd26959	MetaCyc:Diacylglycerol-NNN-trimethylhomoserines	MetaCyc:Diacylglycerol-NNN-trimethylhomoserines		MetaCyc:Diacylglycerol-NNN-trimethylhomoserines	MetaCyc:Diacylglycerol-NNN-trimethylhomoserines	MetaCyc:Diacylglycerol-NNN-trimethylhomoserines	GC	MetaCyc:Diacylglycerol-NNN-trimethylhomoserines@Charged	MetaCyc:Diacylglycerol-NNN-trimethylhomoserines@Charged	
cpd26960	MetaCyc:Diacylglycerol-Prolipoproteins;ChEBI:140656	MetaCyc:Diacylglycerol-Prolipoproteins;ChEBI:140656		MetaCyc:Diacylglycerol-Prolipoproteins;ChEBI:140656	MetaCyc:Diacylglycerol-Prolipoproteins	MetaCyc:Diacylglycerol-Prolipoproteins	GC	MetaCyc:Diacylglycerol-Prolipoproteins@Charged	MetaCyc:Diacylglycerol-Prolipoproteins@Charged	
cpd26961	MetaCyc:Diacylglycerolhomoserines	MetaCyc:Diacylglycerolhomoserines		MetaCyc:Diacylglycerolhomoserines	MetaCyc:Diacylglycerolhomoserines	MetaCyc:Diacylglycerolhomoserines	GC	MetaCyc:Diacylglycerolhomoserines@Charged	MetaCyc:Diacylglycerolhomoserines@Charged	
cpd26962	MetaCyc:Dialkyl-phosphates@Charged	MetaCyc:Dialkyl-phosphates@Charged		MetaCyc:Dialkyl-phosphates@Charged	MetaCyc:Dialkyl-phosphates		GC	MetaCyc:Dialkyl-phosphates@Charged	MetaCyc:Dialkyl-phosphates@Charged	
cpd26963										
cpd26964	MetaCyc:Dietary-retinyl-esters	MetaCyc:Dietary-retinyl-esters		MetaCyc:Dietary-retinyl-esters		MetaCyc:Dietary-retinyl-esters	GC	MetaCyc:Dietary-retinyl-esters@Charged	MetaCyc:Dietary-retinyl-esters@Charged	
cpd26965	MetaCyc:Dihydro-Lipoyl-Proteins@Charged;ChEBI:83100@Charged	MetaCyc:Dihydro-Lipoyl-Proteins@Charged;ChEBI:83100@Charged		MetaCyc:Dihydro-Lipoyl-Proteins@Charged;ChEBI:83100@Charged	MetaCyc:Dihydro-Lipoyl-Proteins	MetaCyc:Dihydro-Lipoyl-Proteins	GC	MetaCyc:Dihydro-Lipoyl-Proteins@Charged	MetaCyc:Dihydro-Lipoyl-Proteins@Charged	
cpd26966	MetaCyc:Dihydrocarveols	MetaCyc:Dihydrocarveols	MetaCyc:Dihydrocarveols	MetaCyc:Dihydrocarveols	MetaCyc:Dihydrocarveols	MetaCyc:Dihydrocarveols	EQ	eQuilibrator:MNXM4572	MetaCyc:Dihydrocarveols@Charged	eQuilibrator:MNXM4572
cpd26967	MetaCyc:Dihydrocarvones	MetaCyc:Dihydrocarvones	MetaCyc:Dihydrocarvones	MetaCyc:Dihydrocarvones		MetaCyc:Dihydrocarvones	EQ	eQuilibrator:MNXM2013	MetaCyc:Dihydrocarvones@Charged	eQuilibrator:MNXM2013
cpd26968	MetaCyc:Dihydroflavonols	MetaCyc:Dihydroflavonols		MetaCyc:Dihydroflavonols	MetaCyc:Dihydroflavonols	MetaCyc:Dihydroflavonols	GC	MetaCyc:Dihydroflavonols@Charged	MetaCyc:Dihydroflavonols@Charged	
cpd26969	MetaCyc:Dihydrofurano-Derivatives@Charged	MetaCyc:Dihydrofurano-Derivatives@Charged	MetaCyc:Dihydrofurano-Derivatives@Charged	MetaCyc:Dihydrofurano-Derivatives@Charged	MetaCyc:Dihydrofurano-Derivatives	MetaCyc:Dihydrofurano-Derivatives	GC	MetaCyc:Dihydrofurano-Derivatives@Charged	MetaCyc:Dihydrofurano-Derivatives@Charged	eQuilibrator:MNXM17287
cpd26970	MetaCyc:Dihydroquercetins	MetaCyc:Dihydroquercetins	MetaCyc:Dihydroquercetins	MetaCyc:Dihydroquercetins	MetaCyc:Dihydroquercetins	MetaCyc:Dihydroquercetins	EQ	eQuilibrator:MNXM511444	MetaCyc:Dihydroquercetins@Charged	eQuilibrator:MNXM511444
cpd26971	MetaCyc:Dinucleotide-Nucleic-Acid	MetaCyc:Dinucleotide-Nucleic-Acid		MetaCyc:Dinucleotide-Nucleic-Acid	MetaCyc:Dinucleotide-Nucleic-Acid	MetaCyc:Dinucleotide-Nucleic-Acid	GC	MetaCyc:Dinucleotide-Nucleic-Acid@Charged	MetaCyc:Dinucleotide-Nucleic-Acid@Charged	
cpd26972	MetaCyc:Dioxindole-3-Acetyl-3-O-hexoses	MetaCyc:Dioxindole-3-Acetyl-3-O-hexoses	MetaCyc:Dioxindole-3-Acetyl-3-O-hexoses	MetaCyc:Dioxindole-3-Acetyl-3-O-hexoses	MetaCyc:Dioxindole-3-Acetyl-3-O-hexoses	MetaCyc:Dioxindole-3-Acetyl-3-O-hexoses	GC	MetaCyc:Dioxindole-3-Acetyl-3-O-hexoses@Charged	MetaCyc:Dioxindole-3-Acetyl-3-O-hexoses@Charged	
cpd26973	MetaCyc:Dipeptides-With-Asp-At-N-Terminal	MetaCyc:Dipeptides-With-Asp-At-N-Terminal		MetaCyc:Dipeptides-With-Asp-At-N-Terminal	MetaCyc:Dipeptides-With-Asp-At-N-Terminal	MetaCyc:Dipeptides-With-Asp-At-N-Terminal	GC	MetaCyc:Dipeptides-With-Asp-At-N-Terminal@Charged	MetaCyc:Dipeptides-With-Asp-At-N-Terminal@Charged	
cpd26974	MetaCyc:Dipeptides-With-Hist-C-Terminal-Position	MetaCyc:Dipeptides-With-Hist-C-Terminal-Position		MetaCyc:Dipeptides-With-Hist-C-Terminal-Position	MetaCyc:Dipeptides-With-Hist-C-Terminal-Position	MetaCyc:Dipeptides-With-Hist-C-Terminal-Position	GC	MetaCyc:Dipeptides-With-Hist-C-Terminal-Position@Charged	MetaCyc:Dipeptides-With-Hist-C-Terminal-Position@Charged	
cpd26975	MetaCyc:Dipeptides-With-Met-Amino	MetaCyc:Dipeptides-With-Met-Amino		MetaCyc:Dipeptides-With-Met-Amino	MetaCyc:Dipeptides-With-Met-Amino	MetaCyc:Dipeptides-With-Met-Amino	GC	MetaCyc:Dipeptides-With-Met-Amino@Charged	MetaCyc:Dipeptides-With-Met-Amino@Charged	
cpd26976	MetaCyc:Dipeptides-With-Proline-Carboxy	MetaCyc:Dipeptides-With-Proline-Carboxy		MetaCyc:Dipeptides-With-Proline-Carboxy	MetaCyc:Dipeptides-With-Proline-Carboxy	MetaCyc:Dipeptides-With-Proline-Carboxy	GC	MetaCyc:Dipeptides-With-Proline-Carboxy@Charged	MetaCyc:Dipeptides-With-Proline-Carboxy@Charged	
cpd26977	MetaCyc:Disulfides	MetaCyc:Disulfides		MetaCyc:Disulfides			GC	MetaCyc:Disulfides@Charged	MetaCyc:Disulfides@Charged	
cpd26978	MetaCyc:Donor-H2@Charged;ChEBI:17499@Charged	MetaCyc:Donor-H2@Charged;ChEBI:17499@Charged		MetaCyc:Donor-H2@Charged;ChEBI:17499@Charged			GC	MetaCyc:Donor-H2@Charged	MetaCyc:Donor-H2@Charged	
cpd26979										
cpd26980										
cpd26981	MetaCyc:Double-Stranded-DNA-with-5-CC-3s	MetaCyc:Double-Stranded-DNA-with-5-CC-3s		MetaCyc:Double-Stranded-DNA-with-5-CC-3s	MetaCyc:Double-Stranded-DNA-with-5-CC-3s	MetaCyc:Double-Stranded-DNA-with-5-CC-3s				
cpd26982	MetaCyc:Double-Stranded-DNA-with-terminal-PO4s	MetaCyc:Double-Stranded-DNA-with-terminal-PO4s		MetaCyc:Double-Stranded-DNA-with-terminal-PO4s	MetaCyc:Double-Stranded-DNA-with-terminal-PO4s	MetaCyc:Double-Stranded-DNA-with-terminal-PO4s	GC	MetaCyc:Double-Stranded-DNA-with-terminal-PO4s@Charged	MetaCyc:Double-Stranded-DNA-with-terminal-PO4s@Charged	
cpd26983	MetaCyc:Double-Stranded-DNAs	MetaCyc:Double-Stranded-DNAs		MetaCyc:Double-Stranded-DNAs	MetaCyc:Double-Stranded-DNAs	MetaCyc:Double-Stranded-DNAs				
cpd26984	MetaCyc:DsrC-disulfide-form@Charged;MetaCyc:Mycoredoxin-disulfide@Charged	MetaCyc:DsrC-disulfide-form@Charged;MetaCyc:Mycoredoxin-disulfide@Charged		MetaCyc:DsrC-disulfide-form@Charged;MetaCyc:Mycoredoxin-disulfide@Charged	MetaCyc:DsrC-disulfide-form	MetaCyc:DsrC-disulfide-form	GC	MetaCyc:DsrC-disulfide-form@Charged	MetaCyc:DsrC-disulfide-form@Charged	
cpd26985	MetaCyc:DsrC-persulfides@Charged	MetaCyc:DsrC-persulfides@Charged		MetaCyc:DsrC-persulfides@Charged	MetaCyc:DsrC-persulfides	MetaCyc:DsrC-persulfides	GC	MetaCyc:DsrC-persulfides@Charged	MetaCyc:DsrC-persulfides@Charged	
cpd26986		Override:ACPs								
cpd26987										
cpd26988										
cpd26989	MetaCyc:EDDHA@Charged	MetaCyc:EDDHA@Charged	MetaCyc:EDDHA@Charged	MetaCyc:EDDHA@Charged	MetaCyc:EDDHA	MetaCyc:EDDHA	EQ	eQuilibrator:MNXM51821	MetaCyc:EDDHA@Charged	eQuilibrator:MNXM51821
cpd26990										
cpd26991										
cpd26992	MetaCyc:EGTA	MetaCyc:EGTA	MetaCyc:EGTA	MetaCyc:EGTA	MetaCyc:EGTA	MetaCyc:EGTA	GC	MetaCyc:EGTA@Charged	MetaCyc:EGTA@Charged	
cpd26993	MetaCyc:EHNA	MetaCyc:EHNA	MetaCyc:EHNA	MetaCyc:EHNA	MetaCyc:EHNA	MetaCyc:EHNA	GC	MetaCyc:EHNA@Charged	MetaCyc:EHNA@Charged	
cpd26994	MetaCyc:EICOSAPENTAENOYL-ACP@Charged;Override:ACPs	MetaCyc:EICOSAPENTAENOYL-ACP@Charged;Override:ACPs		MetaCyc:EICOSAPENTAENOYL-ACP@Charged	MetaCyc:EICOSAPENTAENOYL-ACP	MetaCyc:EICOSAPENTAENOYL-ACP	GC	MetaCyc:EICOSAPENTAENOYL-ACP@Charged	MetaCyc:EICOSAPENTAENOYL-ACP@Charged	
cpd26995		Override:ACPs								
cpd26996	MetaCyc:EIF5A-HYPUSINE@Charged;ChEBI:91175@Charged	MetaCyc:EIF5A-HYPUSINE@Charged;ChEBI:91175@Charged		MetaCyc:EIF5A-HYPUSINE@Charged;ChEBI:91175@Charged	MetaCyc:EIF5A-HYPUSINE	MetaCyc:EIF5A-HYPUSINE	GC	MetaCyc:EIF5A-HYPUSINE@Charged	MetaCyc:EIF5A-HYPUSINE@Charged	
cpd26997	MetaCyc:EIF5A-LYSINE@Charged	MetaCyc:EIF5A-LYSINE@Charged		MetaCyc:EIF5A-LYSINE@Charged		MetaCyc:EIF5A-LYSINE	GC	MetaCyc:EIF5A-LYSINE@Charged	MetaCyc:EIF5A-LYSINE@Charged	
cpd26998										
cpd26999	MetaCyc:ENVIOMYCIN	MetaCyc:ENVIOMYCIN	MetaCyc:ENVIOMYCIN	MetaCyc:ENVIOMYCIN	MetaCyc:ENVIOMYCIN	MetaCyc:ENVIOMYCIN	GC	MetaCyc:ENVIOMYCIN@Charged	MetaCyc:ENVIOMYCIN@Charged	
