id	formula_src	charge_src	inchikey_src	smiles_src	pka_src	pkb_src	deltag_method	deltag_used_src	deltag_gc_src	deltag_eq_src
cpd46000	MetaCyc:CPD-24056	MetaCyc:CPD-24056	MetaCyc:CPD-24056	MetaCyc:CPD-24056	MetaCyc:CPD-24056	MetaCyc:CPD-24056				
cpd46001	MetaCyc:CPD-23943	MetaCyc:CPD-23943	MetaCyc:CPD-23943	MetaCyc:CPD-23943	MetaCyc:CPD-23943	MetaCyc:CPD-23943				
cpd46002	MetaCyc:CPD-23875	MetaCyc:CPD-23875	MetaCyc:CPD-23875	MetaCyc:CPD-23875	MetaCyc:CPD-23875	MetaCyc:CPD-23875				
cpd46003	MetaCyc:CPD-23816	MetaCyc:CPD-23816	MetaCyc:CPD-23816	MetaCyc:CPD-23816	MetaCyc:CPD-23816	MetaCyc:CPD-23816				
cpd46004	MetaCyc:CPD-24175	MetaCyc:CPD-24175	MetaCyc:CPD-24175	MetaCyc:CPD-24175	MetaCyc:CPD-24175	MetaCyc:CPD-24175				
cpd46005	MetaCyc:CPD-24023	MetaCyc:CPD-24023	MetaCyc:CPD-24023	MetaCyc:CPD-24023	MetaCyc:CPD-24023	MetaCyc:CPD-24023				
cpd46006	MetaCyc:CPD-23932	MetaCyc:CPD-23932	MetaCyc:CPD-23932	MetaCyc:CPD-23932	MetaCyc:CPD-23932	MetaCyc:CPD-23932				
cpd46007	MetaCyc:CPD-23860	MetaCyc:CPD-23860	MetaCyc:CPD-23860	MetaCyc:CPD-23860	MetaCyc:CPD-23860	MetaCyc:CPD-23860				
cpd46008	MetaCyc:CPD-23801	MetaCyc:CPD-23801	MetaCyc:CPD-23801	MetaCyc:CPD-23801	MetaCyc:CPD-23801	MetaCyc:CPD-23801				
cpd46009	MetaCyc:CPD-24152	MetaCyc:CPD-24152	MetaCyc:CPD-24152	MetaCyc:CPD-24152	MetaCyc:CPD-24152	MetaCyc:CPD-24152				
cpd46010	MetaCyc:CPD-24004	MetaCyc:CPD-24004	MetaCyc:CPD-24004	MetaCyc:CPD-24004	MetaCyc:CPD-24004	MetaCyc:CPD-24004				
cpd46011	MetaCyc:CPD-23919	MetaCyc:CPD-23919	MetaCyc:CPD-23919	MetaCyc:CPD-23919	MetaCyc:CPD-23919	MetaCyc:CPD-23919				
cpd46012										
cpd46013	MetaCyc:CPD-23852	MetaCyc:CPD-23852	MetaCyc:CPD-23852	MetaCyc:CPD-23852	MetaCyc:CPD-23852	MetaCyc:CPD-23852				
cpd46014	MetaCyc:CPD-23787	MetaCyc:CPD-23787	MetaCyc:CPD-23787	MetaCyc:CPD-23787	MetaCyc:CPD-23787	MetaCyc:CPD-23787				
cpd46015	MetaCyc:CPD-25699	MetaCyc:CPD-25699	MetaCyc:CPD-25699	MetaCyc:CPD-25699	MetaCyc:CPD-25699	MetaCyc:CPD-25699				
cpd46016	MetaCyc:CPD-24124	MetaCyc:CPD-24124	MetaCyc:CPD-24124	MetaCyc:CPD-24124	MetaCyc:CPD-24124	MetaCyc:CPD-24124				
cpd46017	MetaCyc:CPD-23952	MetaCyc:CPD-23952	MetaCyc:CPD-23952	MetaCyc:CPD-23952	MetaCyc:CPD-23952	MetaCyc:CPD-23952				
cpd46018	MetaCyc:CPD-23896	MetaCyc:CPD-23896	MetaCyc:CPD-23896	MetaCyc:CPD-23896	MetaCyc:CPD-23896	MetaCyc:CPD-23896				
cpd46019	MetaCyc:CPD-23840	MetaCyc:CPD-23840	MetaCyc:CPD-23840	MetaCyc:CPD-23840	MetaCyc:CPD-23840	MetaCyc:CPD-23840				
cpd46020	MetaCyc:CPD-23772	MetaCyc:CPD-23772	MetaCyc:CPD-23772	MetaCyc:CPD-23772	MetaCyc:CPD-23772	MetaCyc:CPD-23772				
cpd46021	MetaCyc:CPD-24311	MetaCyc:CPD-24311	MetaCyc:CPD-24311	MetaCyc:CPD-24311	MetaCyc:CPD-24311	MetaCyc:CPD-24311				
cpd46022	MetaCyc:CPD-24102	MetaCyc:CPD-24102	MetaCyc:CPD-24102	MetaCyc:CPD-24102	MetaCyc:CPD-24102	MetaCyc:CPD-24102				
cpd46023	MetaCyc:CPD-23949	MetaCyc:CPD-23949	MetaCyc:CPD-23949	MetaCyc:CPD-23949	MetaCyc:CPD-23949	MetaCyc:CPD-23949				
cpd46024	MetaCyc:CPD-23889	MetaCyc:CPD-23889	MetaCyc:CPD-23889	MetaCyc:CPD-23889	MetaCyc:CPD-23889	MetaCyc:CPD-23889				
cpd46025	MetaCyc:CPD-23832	MetaCyc:CPD-23832	MetaCyc:CPD-23832	MetaCyc:CPD-23832	MetaCyc:CPD-23832	MetaCyc:CPD-23832				
cpd46026	MetaCyc:CPD-23763	MetaCyc:CPD-23763	MetaCyc:CPD-23763	MetaCyc:CPD-23763	MetaCyc:CPD-23763	MetaCyc:CPD-23763				
cpd46027	MetaCyc:CPD-24061	MetaCyc:CPD-24061	MetaCyc:CPD-24061	MetaCyc:CPD-24061	MetaCyc:CPD-24061	MetaCyc:CPD-24061				
cpd46028	MetaCyc:CPD-23946	MetaCyc:CPD-23946	MetaCyc:CPD-23946	MetaCyc:CPD-23946	MetaCyc:CPD-23946	MetaCyc:CPD-23946				
cpd46029	MetaCyc:CPD-23877	MetaCyc:CPD-23877	MetaCyc:CPD-23877	MetaCyc:CPD-23877	MetaCyc:CPD-23877	MetaCyc:CPD-23877				
cpd46030	MetaCyc:CPD-23820	MetaCyc:CPD-23820	MetaCyc:CPD-23820	MetaCyc:CPD-23820	MetaCyc:CPD-23820	MetaCyc:CPD-23820				
cpd46031	MetaCyc:CPD-23727	MetaCyc:CPD-23727	MetaCyc:CPD-23727	MetaCyc:CPD-23727	MetaCyc:CPD-23727	MetaCyc:CPD-23727				
cpd46032	MetaCyc:CPD-24176	MetaCyc:CPD-24176	MetaCyc:CPD-24176	MetaCyc:CPD-24176	MetaCyc:CPD-24176	MetaCyc:CPD-24176				
cpd46033	MetaCyc:CPD-24025	MetaCyc:CPD-24025	MetaCyc:CPD-24025	MetaCyc:CPD-24025	MetaCyc:CPD-24025	MetaCyc:CPD-24025				
cpd46034	MetaCyc:CPD-23937	MetaCyc:CPD-23937	MetaCyc:CPD-23937	MetaCyc:CPD-23937	MetaCyc:CPD-23937	MetaCyc:CPD-23937				
cpd46035										
cpd46036	MetaCyc:CPD-23865	MetaCyc:CPD-23865	MetaCyc:CPD-23865	MetaCyc:CPD-23865	MetaCyc:CPD-23865	MetaCyc:CPD-23865				
cpd46037	MetaCyc:CPD-23808	MetaCyc:CPD-23808	MetaCyc:CPD-23808	MetaCyc:CPD-23808	MetaCyc:CPD-23808	MetaCyc:CPD-23808				
cpd46038	MetaCyc:CPD-23718	MetaCyc:CPD-23718	MetaCyc:CPD-23718	MetaCyc:CPD-23718	MetaCyc:CPD-23718	MetaCyc:CPD-23718				
cpd46039	MetaCyc:CPD-24153	MetaCyc:CPD-24153	MetaCyc:CPD-24153	MetaCyc:CPD-24153	MetaCyc:CPD-24153	MetaCyc:CPD-24153				
cpd46040	MetaCyc:CPD-24007	MetaCyc:CPD-24007	MetaCyc:CPD-24007	MetaCyc:CPD-24007	MetaCyc:CPD-24007	MetaCyc:CPD-24007				
cpd46041	MetaCyc:CPD-23923	MetaCyc:CPD-23923	MetaCyc:CPD-23923	MetaCyc:CPD-23923	MetaCyc:CPD-23923	MetaCyc:CPD-23923				
cpd46042	MetaCyc:CPD-23853	MetaCyc:CPD-23853	MetaCyc:CPD-23853	MetaCyc:CPD-23853	MetaCyc:CPD-23853	MetaCyc:CPD-23853				
cpd46043	MetaCyc:CPD-23791	MetaCyc:CPD-23791	MetaCyc:CPD-23791	MetaCyc:CPD-23791	MetaCyc:CPD-23791	MetaCyc:CPD-23791				
cpd46044	MetaCyc:CPD-24129	MetaCyc:CPD-24129	MetaCyc:CPD-24129	MetaCyc:CPD-24129	MetaCyc:CPD-24129	MetaCyc:CPD-24129				
cpd46045	MetaCyc:CPD-23953	MetaCyc:CPD-23953	MetaCyc:CPD-23953	MetaCyc:CPD-23953	MetaCyc:CPD-23953	MetaCyc:CPD-23953				
cpd46046	MetaCyc:CPD-23900	MetaCyc:CPD-23900	MetaCyc:CPD-23900	MetaCyc:CPD-23900	MetaCyc:CPD-23900	MetaCyc:CPD-23900				
cpd46047	MetaCyc:CPD-23843	MetaCyc:CPD-23843	MetaCyc:CPD-23843	MetaCyc:CPD-23843	MetaCyc:CPD-23843	MetaCyc:CPD-23843				
cpd46048	MetaCyc:CPD-23778	MetaCyc:CPD-23778	MetaCyc:CPD-23778	MetaCyc:CPD-23778	MetaCyc:CPD-23778	MetaCyc:CPD-23778				
cpd46049	MetaCyc:CPD-24394	MetaCyc:CPD-24394	MetaCyc:CPD-24394	MetaCyc:CPD-24394	MetaCyc:CPD-24394	MetaCyc:CPD-24394				
cpd46050	MetaCyc:CPD-24104	MetaCyc:CPD-24104	MetaCyc:CPD-24104	MetaCyc:CPD-24104	MetaCyc:CPD-24104	MetaCyc:CPD-24104				
cpd46051	MetaCyc:CPD-23950	MetaCyc:CPD-23950	MetaCyc:CPD-23950	MetaCyc:CPD-23950	MetaCyc:CPD-23950	MetaCyc:CPD-23950				
cpd46052	MetaCyc:CPD-23890	MetaCyc:CPD-23890	MetaCyc:CPD-23890	MetaCyc:CPD-23890	MetaCyc:CPD-23890	MetaCyc:CPD-23890				
cpd46053	MetaCyc:CPD-23836	MetaCyc:CPD-23836	MetaCyc:CPD-23836	MetaCyc:CPD-23836	MetaCyc:CPD-23836	MetaCyc:CPD-23836				
cpd46054	MetaCyc:CPD-23767	MetaCyc:CPD-23767	MetaCyc:CPD-23767	MetaCyc:CPD-23767	MetaCyc:CPD-23767	MetaCyc:CPD-23767				
cpd46055	MetaCyc:CPD-24292	MetaCyc:CPD-24292	MetaCyc:CPD-24292	MetaCyc:CPD-24292	MetaCyc:CPD-24292	MetaCyc:CPD-24292				
cpd46056	MetaCyc:CPD-24064	MetaCyc:CPD-24064	MetaCyc:CPD-24064	MetaCyc:CPD-24064	MetaCyc:CPD-24064	MetaCyc:CPD-24064				
cpd46057	MetaCyc:CPD-23947	MetaCyc:CPD-23947	MetaCyc:CPD-23947	MetaCyc:CPD-23947	MetaCyc:CPD-23947	MetaCyc:CPD-23947				
cpd46058	MetaCyc:CPD-23884	MetaCyc:CPD-23884	MetaCyc:CPD-23884	MetaCyc:CPD-23884	MetaCyc:CPD-23884	MetaCyc:CPD-23884				
cpd46059	MetaCyc:CPD-23824	MetaCyc:CPD-23824	MetaCyc:CPD-23824	MetaCyc:CPD-23824	MetaCyc:CPD-23824	MetaCyc:CPD-23824				
cpd46060	MetaCyc:CPD-22687	MetaCyc:CPD-22687	MetaCyc:CPD-22687	MetaCyc:CPD-22687	MetaCyc:CPD-22687	MetaCyc:CPD-22687				
cpd46061	MetaCyc:CPD-24208	MetaCyc:CPD-24208	MetaCyc:CPD-24208	MetaCyc:CPD-24208	MetaCyc:CPD-24208	MetaCyc:CPD-24208				
cpd46062	MetaCyc:CPD-24047	MetaCyc:CPD-24047	MetaCyc:CPD-24047	MetaCyc:CPD-24047	MetaCyc:CPD-24047	MetaCyc:CPD-24047				
cpd46063	MetaCyc:CPD-23941	MetaCyc:CPD-23941	MetaCyc:CPD-23941	MetaCyc:CPD-23941	MetaCyc:CPD-23941	MetaCyc:CPD-23941				
cpd46064	MetaCyc:CPD-23871	MetaCyc:CPD-23871	MetaCyc:CPD-23871	MetaCyc:CPD-23871	MetaCyc:CPD-23871	MetaCyc:CPD-23871				
cpd46065	MetaCyc:CPD-23814	MetaCyc:CPD-23814	MetaCyc:CPD-23814	MetaCyc:CPD-23814	MetaCyc:CPD-23814	MetaCyc:CPD-23814				
cpd46066	MetaCyc:CPD-24157	MetaCyc:CPD-24157	MetaCyc:CPD-24157	MetaCyc:CPD-24157	MetaCyc:CPD-24157	MetaCyc:CPD-24157				
cpd46067	MetaCyc:CPD-24016	MetaCyc:CPD-24016	MetaCyc:CPD-24016	MetaCyc:CPD-24016	MetaCyc:CPD-24016	MetaCyc:CPD-24016				
cpd46068	MetaCyc:CPD-23927	MetaCyc:CPD-23927	MetaCyc:CPD-23927	MetaCyc:CPD-23927	MetaCyc:CPD-23927	MetaCyc:CPD-23927				
cpd46069	MetaCyc:CPD-23856	MetaCyc:CPD-23856	MetaCyc:CPD-23856	MetaCyc:CPD-23856	MetaCyc:CPD-23856	MetaCyc:CPD-23856				
cpd46070	MetaCyc:CPD-23796	MetaCyc:CPD-23796	MetaCyc:CPD-23796	MetaCyc:CPD-23796	MetaCyc:CPD-23796	MetaCyc:CPD-23796				
cpd46071	MetaCyc:CPD-24138	MetaCyc:CPD-24138	MetaCyc:CPD-24138	MetaCyc:CPD-24138	MetaCyc:CPD-24138	MetaCyc:CPD-24138				
cpd46072	MetaCyc:CPD-24002	MetaCyc:CPD-24002	MetaCyc:CPD-24002	MetaCyc:CPD-24002	MetaCyc:CPD-24002	MetaCyc:CPD-24002				
cpd46073	MetaCyc:CPD-23905	MetaCyc:CPD-23905	MetaCyc:CPD-23905	MetaCyc:CPD-23905	MetaCyc:CPD-23905	MetaCyc:CPD-23905				
cpd46074	MetaCyc:CPD-23847	MetaCyc:CPD-23847	MetaCyc:CPD-23847	MetaCyc:CPD-23847	MetaCyc:CPD-23847	MetaCyc:CPD-23847				
cpd46075	MetaCyc:CPD-23782	MetaCyc:CPD-23782	MetaCyc:CPD-23782	MetaCyc:CPD-23782	MetaCyc:CPD-23782	MetaCyc:CPD-23782				
cpd46076	MetaCyc:CPD-24433	MetaCyc:CPD-24433	MetaCyc:CPD-24433	MetaCyc:CPD-24433	MetaCyc:CPD-24433	MetaCyc:CPD-24433				
cpd46077	MetaCyc:CPD-24113	MetaCyc:CPD-24113	MetaCyc:CPD-24113	MetaCyc:CPD-24113	MetaCyc:CPD-24113	MetaCyc:CPD-24113				
cpd46078	MetaCyc:CPD-23951	MetaCyc:CPD-23951	MetaCyc:CPD-23951	MetaCyc:CPD-23951	MetaCyc:CPD-23951	MetaCyc:CPD-23951				
cpd46079	MetaCyc:CPD-23894	MetaCyc:CPD-23894	MetaCyc:CPD-23894	MetaCyc:CPD-23894	MetaCyc:CPD-23894	MetaCyc:CPD-23894				
cpd46080	MetaCyc:CPD-23839	MetaCyc:CPD-23839	MetaCyc:CPD-23839	MetaCyc:CPD-23839	MetaCyc:CPD-23839	MetaCyc:CPD-23839				
cpd46081	MetaCyc:CPD-23771	MetaCyc:CPD-23771	MetaCyc:CPD-23771	MetaCyc:CPD-23771	MetaCyc:CPD-23771	MetaCyc:CPD-23771				
cpd46082	MetaCyc:CPD-25529	MetaCyc:CPD-25529	MetaCyc:CPD-25529	MetaCyc:CPD-25529	MetaCyc:CPD-25529	MetaCyc:CPD-25529				
cpd46083	MetaCyc:CPD-24872	MetaCyc:CPD-24872	MetaCyc:CPD-24872	MetaCyc:CPD-24872	MetaCyc:CPD-24872	MetaCyc:CPD-24872				
cpd46084										
cpd46085	MetaCyc:CPD-24117	MetaCyc:CPD-24117	MetaCyc:CPD-24117	MetaCyc:CPD-24117	MetaCyc:CPD-24117	MetaCyc:CPD-24117				
cpd46086	MetaCyc:CPD-22688	MetaCyc:CPD-22688	MetaCyc:CPD-22688	MetaCyc:CPD-22688	MetaCyc:CPD-22688	MetaCyc:CPD-22688				
cpd46087	MetaCyc:CPD-25266	MetaCyc:CPD-25266	MetaCyc:CPD-25266	MetaCyc:CPD-25266	MetaCyc:CPD-25266	MetaCyc:CPD-25266				
cpd46088										
cpd46089										
cpd46090	MetaCyc:CPD-25261	MetaCyc:CPD-25261	MetaCyc:CPD-25261	MetaCyc:CPD-25261	MetaCyc:CPD-25261	MetaCyc:CPD-25261				
cpd46091										
cpd46092	MetaCyc:CPD-24484	MetaCyc:CPD-24484	MetaCyc:CPD-24484	MetaCyc:CPD-24484	MetaCyc:CPD-24484	MetaCyc:CPD-24484				
cpd46093										
cpd46094										
cpd46095	MetaCyc:CPD-23334	MetaCyc:CPD-23334	MetaCyc:CPD-23334	MetaCyc:CPD-23334	MetaCyc:CPD-23334	MetaCyc:CPD-23334				
cpd46096	MetaCyc:CPD-25371	MetaCyc:CPD-25371	MetaCyc:CPD-25371	MetaCyc:CPD-25371	MetaCyc:CPD-25371	MetaCyc:CPD-25371				
cpd46097	MetaCyc:CPD197R-8	MetaCyc:CPD197R-8	MetaCyc:CPD197R-8	MetaCyc:CPD197R-8	MetaCyc:CPD197R-8	MetaCyc:CPD197R-8				
cpd46098	MetaCyc:CPD-22778	MetaCyc:CPD-22778	MetaCyc:CPD-22778	MetaCyc:CPD-22778	MetaCyc:CPD-22778	MetaCyc:CPD-22778				
cpd46099	MetaCyc:CPD-24486	MetaCyc:CPD-24486	MetaCyc:CPD-24486	MetaCyc:CPD-24486	MetaCyc:CPD-24486	MetaCyc:CPD-24486				
cpd46100	MetaCyc:CPD-23668	MetaCyc:CPD-23668	MetaCyc:CPD-23668	MetaCyc:CPD-23668	MetaCyc:CPD-23668	MetaCyc:CPD-23668				
cpd46101	MetaCyc:CPD-22774	MetaCyc:CPD-22774	MetaCyc:CPD-22774	MetaCyc:CPD-22774	MetaCyc:CPD-22774	MetaCyc:CPD-22774				
cpd46102	MetaCyc:CPD-24286	MetaCyc:CPD-24286	MetaCyc:CPD-24286	MetaCyc:CPD-24286	MetaCyc:CPD-24286	MetaCyc:CPD-24286				
cpd46103	MetaCyc:CPD-25628	MetaCyc:CPD-25628	MetaCyc:CPD-25628	MetaCyc:CPD-25628	MetaCyc:CPD-25628	MetaCyc:CPD-25628				
cpd46104	MetaCyc:CPD-22685	MetaCyc:CPD-22685	MetaCyc:CPD-22685	MetaCyc:CPD-22685	MetaCyc:CPD-22685	MetaCyc:CPD-22685				
cpd46105	MetaCyc:CPD-22275@Charged	MetaCyc:CPD-22275@Charged	MetaCyc:CPD-22275@Charged	MetaCyc:CPD-22275@Charged	MetaCyc:CPD-22275	MetaCyc:CPD-22275				
cpd46106	MetaCyc:CPD-22779@Charged	MetaCyc:CPD-22779@Charged	MetaCyc:CPD-22779@Charged	MetaCyc:CPD-22779@Charged	MetaCyc:CPD-22779	MetaCyc:CPD-22779				
cpd46107	MetaCyc:CPD-25626	MetaCyc:CPD-25626	MetaCyc:CPD-25626	MetaCyc:CPD-25626	MetaCyc:CPD-25626	MetaCyc:CPD-25626				
cpd46108	MetaCyc:CPD-22684	MetaCyc:CPD-22684	MetaCyc:CPD-22684	MetaCyc:CPD-22684	MetaCyc:CPD-22684	MetaCyc:CPD-22684				
cpd46109	MetaCyc:CPD-22775@Charged	MetaCyc:CPD-22775@Charged	MetaCyc:CPD-22775@Charged	MetaCyc:CPD-22775@Charged	MetaCyc:CPD-22775	MetaCyc:CPD-22775				
cpd46110	MetaCyc:CPD-24817	MetaCyc:CPD-24817	MetaCyc:CPD-24817	MetaCyc:CPD-24817	MetaCyc:CPD-24817	MetaCyc:CPD-24817				
cpd46111	MetaCyc:CPD-25647	MetaCyc:CPD-25647		MetaCyc:CPD-25647	MetaCyc:CPD-25647	MetaCyc:CPD-25647				
cpd46112	MetaCyc:CPD-24979	MetaCyc:CPD-24979	MetaCyc:CPD-24979	MetaCyc:CPD-24979	MetaCyc:CPD-24979	MetaCyc:CPD-24979				
cpd46113	MetaCyc:CPD-24978	MetaCyc:CPD-24978	MetaCyc:CPD-24978	MetaCyc:CPD-24978	MetaCyc:CPD-24978	MetaCyc:CPD-24978				
cpd46114	MetaCyc:CPD-24975	MetaCyc:CPD-24975	MetaCyc:CPD-24975	MetaCyc:CPD-24975	MetaCyc:CPD-24975	MetaCyc:CPD-24975				
cpd46115	MetaCyc:CPD-24976	MetaCyc:CPD-24976	MetaCyc:CPD-24976	MetaCyc:CPD-24976	MetaCyc:CPD-24976	MetaCyc:CPD-24976				
cpd46116	MetaCyc:CPD-22780@Charged	MetaCyc:CPD-22780@Charged	MetaCyc:CPD-22780@Charged	MetaCyc:CPD-22780@Charged	MetaCyc:CPD-22780	MetaCyc:CPD-22780				
cpd46117	MetaCyc:CPD-25020	MetaCyc:CPD-25020	MetaCyc:CPD-25020	MetaCyc:CPD-25020	MetaCyc:CPD-25020	MetaCyc:CPD-25020				
cpd46118	MetaCyc:CPD-25019	MetaCyc:CPD-25019	MetaCyc:CPD-25019	MetaCyc:CPD-25019	MetaCyc:CPD-25019	MetaCyc:CPD-25019				
cpd46119	MetaCyc:CPD-25017	MetaCyc:CPD-25017	MetaCyc:CPD-25017	MetaCyc:CPD-25017	MetaCyc:CPD-25017	MetaCyc:CPD-25017				
cpd46120	MetaCyc:CPD-25018	MetaCyc:CPD-25018	MetaCyc:CPD-25018	MetaCyc:CPD-25018	MetaCyc:CPD-25018	MetaCyc:CPD-25018				
cpd46121	MetaCyc:CPD-24982	MetaCyc:CPD-24982	MetaCyc:CPD-24982	MetaCyc:CPD-24982	MetaCyc:CPD-24982	MetaCyc:CPD-24982				
cpd46122	MetaCyc:CPD-24981	MetaCyc:CPD-24981	MetaCyc:CPD-24981	MetaCyc:CPD-24981	MetaCyc:CPD-24981	MetaCyc:CPD-24981				
cpd46123	MetaCyc:CPD-24983	MetaCyc:CPD-24983	MetaCyc:CPD-24983	MetaCyc:CPD-24983	MetaCyc:CPD-24983	MetaCyc:CPD-24983				
cpd46124	MetaCyc:CPD-24984	MetaCyc:CPD-24984	MetaCyc:CPD-24984	MetaCyc:CPD-24984	MetaCyc:CPD-24984	MetaCyc:CPD-24984				
cpd46125	MetaCyc:CPD-23940	MetaCyc:CPD-23940	MetaCyc:CPD-23940	MetaCyc:CPD-23940	MetaCyc:CPD-23940	MetaCyc:CPD-23940				
cpd46126	MetaCyc:CPD-22776@Charged	MetaCyc:CPD-22776@Charged	MetaCyc:CPD-22776@Charged	MetaCyc:CPD-22776@Charged	MetaCyc:CPD-22776	MetaCyc:CPD-22776				
cpd46127	MetaCyc:CPD-23942	MetaCyc:CPD-23942	MetaCyc:CPD-23942	MetaCyc:CPD-23942	MetaCyc:CPD-23942	MetaCyc:CPD-23942				
cpd46128	MetaCyc:CPD-23938	MetaCyc:CPD-23938	MetaCyc:CPD-23938	MetaCyc:CPD-23938	MetaCyc:CPD-23938	MetaCyc:CPD-23938				
cpd46129	MetaCyc:CPD-23939	MetaCyc:CPD-23939	MetaCyc:CPD-23939	MetaCyc:CPD-23939	MetaCyc:CPD-23939	MetaCyc:CPD-23939				
cpd46130	MetaCyc:CPD-22356	MetaCyc:CPD-22356	MetaCyc:CPD-22356	MetaCyc:CPD-22356	MetaCyc:CPD-22356	MetaCyc:CPD-22356				
cpd46131	MetaCyc:CPD0-2646	MetaCyc:CPD0-2646	MetaCyc:CPD0-2646	MetaCyc:CPD0-2646	MetaCyc:CPD0-2646					
cpd46132	MetaCyc:CPD-24173@Charged	MetaCyc:CPD-24173@Charged		MetaCyc:CPD-24173@Charged	MetaCyc:CPD-24173	MetaCyc:CPD-24173				
cpd46133	MetaCyc:CPD-24087	MetaCyc:CPD-24087		MetaCyc:CPD-24087	MetaCyc:CPD-24087	MetaCyc:CPD-24087				
cpd46134	MetaCyc:CPD-24003	MetaCyc:CPD-24003		MetaCyc:CPD-24003	MetaCyc:CPD-24003	MetaCyc:CPD-24003				
cpd46135	MetaCyc:CPD-24434	MetaCyc:CPD-24434		MetaCyc:CPD-24434	MetaCyc:CPD-24434	MetaCyc:CPD-24434				
cpd46136	MetaCyc:CPD-24159@Charged	MetaCyc:CPD-24159@Charged		MetaCyc:CPD-24159@Charged	MetaCyc:CPD-24159					
cpd46137	MetaCyc:CPD-24048	MetaCyc:CPD-24048		MetaCyc:CPD-24048	MetaCyc:CPD-24048					
cpd46138	MetaCyc:CPD-23912	MetaCyc:CPD-23912		MetaCyc:CPD-23912	MetaCyc:CPD-23912	MetaCyc:CPD-23912				
cpd46139	MetaCyc:CPD-24295	MetaCyc:CPD-24295		MetaCyc:CPD-24295	MetaCyc:CPD-24295	MetaCyc:CPD-24295				
cpd46140	MetaCyc:CPD-24139@Charged	MetaCyc:CPD-24139@Charged		MetaCyc:CPD-24139@Charged	MetaCyc:CPD-24139					
cpd46141	MetaCyc:CPD-24032	MetaCyc:CPD-24032		MetaCyc:CPD-24032	MetaCyc:CPD-24032	MetaCyc:CPD-24032				
cpd46142	MetaCyc:CPD-24207	MetaCyc:CPD-24207		MetaCyc:CPD-24207	MetaCyc:CPD-24207					
cpd46143	MetaCyc:CPD-24118	MetaCyc:CPD-24118		MetaCyc:CPD-24118	MetaCyc:CPD-24118	MetaCyc:CPD-24118				
cpd46144	MetaCyc:CPD-24014	MetaCyc:CPD-24014		MetaCyc:CPD-24014	MetaCyc:CPD-24014					
cpd46145	MetaCyc:CPD-24193	MetaCyc:CPD-24193		MetaCyc:CPD-24193	MetaCyc:CPD-24193	MetaCyc:CPD-24193				
cpd46146	MetaCyc:CPD-24108	MetaCyc:CPD-24108		MetaCyc:CPD-24108	MetaCyc:CPD-24108	MetaCyc:CPD-24108				
cpd46147	MetaCyc:CPD-24236	MetaCyc:CPD-24236	MetaCyc:CPD-24236	MetaCyc:CPD-24236	MetaCyc:CPD-24236	MetaCyc:CPD-24236				
cpd46148	MetaCyc:CPD-24010	MetaCyc:CPD-24010		MetaCyc:CPD-24010	MetaCyc:CPD-24010	MetaCyc:CPD-24010				
cpd46149	MetaCyc:CPD-24174@Charged	MetaCyc:CPD-24174@Charged		MetaCyc:CPD-24174@Charged	MetaCyc:CPD-24174					
cpd46150	MetaCyc:CPD-25704	MetaCyc:CPD-25704	MetaCyc:CPD-25704	MetaCyc:CPD-25704	MetaCyc:CPD-25704	MetaCyc:CPD-25704				
cpd46151	MetaCyc:CPD-24097	MetaCyc:CPD-24097		MetaCyc:CPD-24097	MetaCyc:CPD-24097					
cpd46152	MetaCyc:CPD-24006	MetaCyc:CPD-24006		MetaCyc:CPD-24006	MetaCyc:CPD-24006	MetaCyc:CPD-24006				
cpd46153	MetaCyc:CPD-22406	MetaCyc:CPD-22406	MetaCyc:CPD-22406	MetaCyc:CPD-22406	MetaCyc:CPD-22406	MetaCyc:CPD-22406				
cpd46154	MetaCyc:CPD2B4Q-3	MetaCyc:CPD2B4Q-3		MetaCyc:CPD2B4Q-3	MetaCyc:CPD2B4Q-3	MetaCyc:CPD2B4Q-3				
cpd46155	MetaCyc:CPD-24160	MetaCyc:CPD-24160		MetaCyc:CPD-24160	MetaCyc:CPD-24160					
cpd46156	MetaCyc:CPD2B4Q-12	MetaCyc:CPD2B4Q-12	MetaCyc:CPD2B4Q-12	MetaCyc:CPD2B4Q-12	MetaCyc:CPD2B4Q-12	MetaCyc:CPD2B4Q-12				
cpd46157	MetaCyc:CPD-24051	MetaCyc:CPD-24051		MetaCyc:CPD-24051	MetaCyc:CPD-24051					
cpd46158	MetaCyc:CPD-23914@Charged	MetaCyc:CPD-23914@Charged		MetaCyc:CPD-23914@Charged	MetaCyc:CPD-23914	MetaCyc:CPD-23914				
cpd46159	MetaCyc:CPD-24234	MetaCyc:CPD-24234	MetaCyc:CPD-24234	MetaCyc:CPD-24234	MetaCyc:CPD-24234	MetaCyc:CPD-24234				
cpd46160	MetaCyc:CPD-24299	MetaCyc:CPD-24299		MetaCyc:CPD-24299	MetaCyc:CPD-24299					
cpd46161	MetaCyc:CPD-24146	MetaCyc:CPD-24146		MetaCyc:CPD-24146	MetaCyc:CPD-24146					
cpd46162	MetaCyc:CPD-24041	MetaCyc:CPD-24041		MetaCyc:CPD-24041	MetaCyc:CPD-24041					
cpd46163	MetaCyc:CPD-24283	MetaCyc:CPD-24283		MetaCyc:CPD-24283	MetaCyc:CPD-24283	MetaCyc:CPD-24283				
cpd46164	MetaCyc:CPD-24125	MetaCyc:CPD-24125		MetaCyc:CPD-24125	MetaCyc:CPD-24125					
cpd46165	MetaCyc:CPD-24018	MetaCyc:CPD-24018	MetaCyc:CPD-24018	MetaCyc:CPD-24018	MetaCyc:CPD-24018	MetaCyc:CPD-24018				
cpd46166	MetaCyc:CPD-23241	MetaCyc:CPD-23241	MetaCyc:CPD-23241	MetaCyc:CPD-23241	MetaCyc:CPD-23241					
cpd46167	MetaCyc:CPD-24194@Charged	MetaCyc:CPD-24194@Charged		MetaCyc:CPD-24194@Charged	MetaCyc:CPD-24194	MetaCyc:CPD-24194				
cpd46168	MetaCyc:CPD-24109	MetaCyc:CPD-24109		MetaCyc:CPD-24109	MetaCyc:CPD-24109	MetaCyc:CPD-24109				
cpd46169	MetaCyc:CPD-24012	MetaCyc:CPD-24012		MetaCyc:CPD-24012	MetaCyc:CPD-24012	MetaCyc:CPD-24012				
cpd46170	MetaCyc:CPD-24191@Charged	MetaCyc:CPD-24191@Charged		MetaCyc:CPD-24191@Charged	MetaCyc:CPD-24191	MetaCyc:CPD-24191				
cpd46171	MetaCyc:CPD-24098	MetaCyc:CPD-24098		MetaCyc:CPD-24098	MetaCyc:CPD-24098					
cpd46172	MetaCyc:CPD-24008	MetaCyc:CPD-24008		MetaCyc:CPD-24008	MetaCyc:CPD-24008	MetaCyc:CPD-24008				
cpd46173	MetaCyc:CPD2DNV-41	MetaCyc:CPD2DNV-41	MetaCyc:CPD2DNV-41	MetaCyc:CPD2DNV-41	MetaCyc:CPD2DNV-41	MetaCyc:CPD2DNV-41				
cpd46174	MetaCyc:CPD-24171@Charged	MetaCyc:CPD-24171@Charged		MetaCyc:CPD-24171@Charged	MetaCyc:CPD-24171					
cpd46175	MetaCyc:CPD-24846	MetaCyc:CPD-24846	MetaCyc:CPD-24846	MetaCyc:CPD-24846	MetaCyc:CPD-24846	MetaCyc:CPD-24846				
cpd46176	MetaCyc:CPD-24083@Charged	MetaCyc:CPD-24083@Charged		MetaCyc:CPD-24083@Charged	MetaCyc:CPD-24083	MetaCyc:CPD-24083				
cpd46177	MetaCyc:CPD-24000	MetaCyc:CPD-24000		MetaCyc:CPD-24000	MetaCyc:CPD-24000					
cpd46178	MetaCyc:CPD-24309	MetaCyc:CPD-24309		MetaCyc:CPD-24309	MetaCyc:CPD-24309	MetaCyc:CPD-24309				
cpd46179	MetaCyc:CPD-24151	MetaCyc:CPD-24151		MetaCyc:CPD-24151	MetaCyc:CPD-24151					
cpd46180	MetaCyc:CPD-22407	MetaCyc:CPD-22407	MetaCyc:CPD-22407	MetaCyc:CPD-22407	MetaCyc:CPD-22407	MetaCyc:CPD-22407				
cpd46181	MetaCyc:CPD-24044	MetaCyc:CPD-24044		MetaCyc:CPD-24044	MetaCyc:CPD-24044	MetaCyc:CPD-24044				
cpd46182	MetaCyc:CPD-24294@Charged	MetaCyc:CPD-24294@Charged		MetaCyc:CPD-24294@Charged	MetaCyc:CPD-24294	MetaCyc:CPD-24294				
cpd46183	MetaCyc:CPD-24130	MetaCyc:CPD-24130		MetaCyc:CPD-24130	MetaCyc:CPD-24130	MetaCyc:CPD-24130				
cpd46184	MetaCyc:CPD-24235	MetaCyc:CPD-24235	MetaCyc:CPD-24235	MetaCyc:CPD-24235	MetaCyc:CPD-24235	MetaCyc:CPD-24235				
cpd46185	MetaCyc:CPD-22146@Charged	MetaCyc:CPD-22146@Charged	MetaCyc:CPD-22146@Charged	MetaCyc:CPD-22146@Charged	MetaCyc:CPD-22146	MetaCyc:CPD-22146				
cpd46186	MetaCyc:CPD-24028@Charged	MetaCyc:CPD-24028@Charged		MetaCyc:CPD-24028@Charged	MetaCyc:CPD-24028	MetaCyc:CPD-24028				
cpd46187	MetaCyc:CPD-24195	MetaCyc:CPD-24195		MetaCyc:CPD-24195	MetaCyc:CPD-24195	MetaCyc:CPD-24195				
cpd46188	MetaCyc:CPD-24237	MetaCyc:CPD-24237	MetaCyc:CPD-24237	MetaCyc:CPD-24237	MetaCyc:CPD-24237	MetaCyc:CPD-24237				
cpd46189	MetaCyc:CPD-24114	MetaCyc:CPD-24114		MetaCyc:CPD-24114	MetaCyc:CPD-24114					
cpd46190	MetaCyc:CPD-24013	MetaCyc:CPD-24013		MetaCyc:CPD-24013	MetaCyc:CPD-24013	MetaCyc:CPD-24013				
cpd46191	MetaCyc:CPD-25705	MetaCyc:CPD-25705	MetaCyc:CPD-25705	MetaCyc:CPD-25705	MetaCyc:CPD-25705	MetaCyc:CPD-25705				
cpd46192	MetaCyc:CPD-24192@Charged	MetaCyc:CPD-24192@Charged		MetaCyc:CPD-24192@Charged	MetaCyc:CPD-24192	MetaCyc:CPD-24192				
cpd46193	MetaCyc:CPD-24103	MetaCyc:CPD-24103		MetaCyc:CPD-24103	MetaCyc:CPD-24103					
cpd46194	MetaCyc:CPD2B4Q-11	MetaCyc:CPD2B4Q-11	MetaCyc:CPD2B4Q-11	MetaCyc:CPD2B4Q-11	MetaCyc:CPD2B4Q-11	MetaCyc:CPD2B4Q-11				
cpd46195	MetaCyc:CPD-24009	MetaCyc:CPD-24009		MetaCyc:CPD-24009	MetaCyc:CPD-24009	MetaCyc:CPD-24009				
cpd46196	MetaCyc:CPD-24447	MetaCyc:CPD-24447	MetaCyc:CPD-24447	MetaCyc:CPD-24447	MetaCyc:CPD-24447	MetaCyc:CPD-24447				
cpd46197	MetaCyc:CPD197R-1	MetaCyc:CPD197R-1		MetaCyc:CPD197R-1	MetaCyc:CPD197R-1	MetaCyc:CPD197R-1				
cpd46198	MetaCyc:CPD-24232	MetaCyc:CPD-24232	MetaCyc:CPD-24232	MetaCyc:CPD-24232	MetaCyc:CPD-24232	MetaCyc:CPD-24232				
cpd46199	MetaCyc:CPD2B4Q-13	MetaCyc:CPD2B4Q-13	MetaCyc:CPD2B4Q-13	MetaCyc:CPD2B4Q-13	MetaCyc:CPD2B4Q-13	MetaCyc:CPD2B4Q-13				
cpd46200	MetaCyc:CPD-24233	MetaCyc:CPD-24233	MetaCyc:CPD-24233	MetaCyc:CPD-24233	MetaCyc:CPD-24233	MetaCyc:CPD-24233				
cpd46201	MetaCyc:CPD-24807	MetaCyc:CPD-24807	MetaCyc:CPD-24807	MetaCyc:CPD-24807	MetaCyc:CPD-24807	MetaCyc:CPD-24807				
cpd46202	MetaCyc:CPD-22405	MetaCyc:CPD-22405	MetaCyc:CPD-22405	MetaCyc:CPD-22405	MetaCyc:CPD-22405	MetaCyc:CPD-22405				
cpd46203	MetaCyc:CPD-25703	MetaCyc:CPD-25703	MetaCyc:CPD-25703	MetaCyc:CPD-25703	MetaCyc:CPD-25703	MetaCyc:CPD-25703				
cpd46204	MetaCyc:CPD2G6Z-9	MetaCyc:CPD2G6Z-9	MetaCyc:CPD2G6Z-9	MetaCyc:CPD2G6Z-9	MetaCyc:CPD2G6Z-9	MetaCyc:CPD2G6Z-9				
cpd46205	MetaCyc:CPD-22758@Charged	MetaCyc:CPD-22758@Charged	MetaCyc:CPD-22758@Charged	MetaCyc:CPD-22758@Charged	MetaCyc:CPD-22758	MetaCyc:CPD-22758				
cpd46206	MetaCyc:CPD-22721@Charged	MetaCyc:CPD-22721@Charged	MetaCyc:CPD-22721@Charged	MetaCyc:CPD-22721@Charged	MetaCyc:CPD-22721	MetaCyc:CPD-22721				
cpd46207	MetaCyc:CPD-22769	MetaCyc:CPD-22769	MetaCyc:CPD-22769	MetaCyc:CPD-22769	MetaCyc:CPD-22769	MetaCyc:CPD-22769				
cpd46208	MetaCyc:CPD-23309	MetaCyc:CPD-23309	MetaCyc:CPD-23309	MetaCyc:CPD-23309	MetaCyc:CPD-23309	MetaCyc:CPD-23309				
cpd46209	MetaCyc:CPD-22722@Charged	MetaCyc:CPD-22722@Charged	MetaCyc:CPD-22722@Charged	MetaCyc:CPD-22722@Charged	MetaCyc:CPD-22722	MetaCyc:CPD-22722				
cpd46210	MetaCyc:CPD-22719	MetaCyc:CPD-22719	MetaCyc:CPD-22719	MetaCyc:CPD-22719	MetaCyc:CPD-22719	MetaCyc:CPD-22719				
cpd46211	MetaCyc:CPD-25728	MetaCyc:CPD-25728	MetaCyc:CPD-25728	MetaCyc:CPD-25728	MetaCyc:CPD-25728	MetaCyc:CPD-25728				
cpd46212	MetaCyc:CPD-22723	MetaCyc:CPD-22723	MetaCyc:CPD-22723	MetaCyc:CPD-22723	MetaCyc:CPD-22723	MetaCyc:CPD-22723				
cpd46213	MetaCyc:CPD-22720	MetaCyc:CPD-22720	MetaCyc:CPD-22720	MetaCyc:CPD-22720	MetaCyc:CPD-22720	MetaCyc:CPD-22720				
cpd46214	MetaCyc:CPD-24241	MetaCyc:CPD-24241	MetaCyc:CPD-24241	MetaCyc:CPD-24241	MetaCyc:CPD-24241	MetaCyc:CPD-24241				
cpd46215	MetaCyc:CPD2G6Z-8	MetaCyc:CPD2G6Z-8	MetaCyc:CPD2G6Z-8	MetaCyc:CPD2G6Z-8	MetaCyc:CPD2G6Z-8	MetaCyc:CPD2G6Z-8				
cpd46216	MetaCyc:CPD-24268	MetaCyc:CPD-24268	MetaCyc:CPD-24268	MetaCyc:CPD-24268	MetaCyc:CPD-24268	MetaCyc:CPD-24268				
cpd46217	MetaCyc:CPD-22414	MetaCyc:CPD-22414	MetaCyc:CPD-22414	MetaCyc:CPD-22414	MetaCyc:CPD-22414	MetaCyc:CPD-22414				
cpd46218	MetaCyc:CPD2G6Z-11	MetaCyc:CPD2G6Z-11	MetaCyc:CPD2G6Z-11	MetaCyc:CPD2G6Z-11	MetaCyc:CPD2G6Z-11	MetaCyc:CPD2G6Z-11				
cpd46219	MetaCyc:CPD-24255	MetaCyc:CPD-24255	MetaCyc:CPD-24255	MetaCyc:CPD-24255	MetaCyc:CPD-24255	MetaCyc:CPD-24255				
cpd46220	MetaCyc:CPD-22411	MetaCyc:CPD-22411	MetaCyc:CPD-22411	MetaCyc:CPD-22411	MetaCyc:CPD-22411	MetaCyc:CPD-22411				
cpd46221	MetaCyc:CPD2B4Q-27	MetaCyc:CPD2B4Q-27	MetaCyc:CPD2B4Q-27	MetaCyc:CPD2B4Q-27	MetaCyc:CPD2B4Q-27	MetaCyc:CPD2B4Q-27				
cpd46222	MetaCyc:CPD-22830	MetaCyc:CPD-22830	MetaCyc:CPD-22830	MetaCyc:CPD-22830	MetaCyc:CPD-22830	MetaCyc:CPD-22830				
cpd46223	MetaCyc:CPD-24251	MetaCyc:CPD-24251	MetaCyc:CPD-24251	MetaCyc:CPD-24251	MetaCyc:CPD-24251	MetaCyc:CPD-24251				
cpd46224	MetaCyc:CPD2B4Q-24	MetaCyc:CPD2B4Q-24	MetaCyc:CPD2B4Q-24	MetaCyc:CPD2B4Q-24	MetaCyc:CPD2B4Q-24	MetaCyc:CPD2B4Q-24				
cpd46225	MetaCyc:CPD-24247	MetaCyc:CPD-24247	MetaCyc:CPD-24247	MetaCyc:CPD-24247	MetaCyc:CPD-24247	MetaCyc:CPD-24247				
cpd46226	MetaCyc:CPD-24243	MetaCyc:CPD-24243	MetaCyc:CPD-24243	MetaCyc:CPD-24243	MetaCyc:CPD-24243	MetaCyc:CPD-24243				
cpd46227	MetaCyc:CPD-22116	MetaCyc:CPD-22116	MetaCyc:CPD-22116	MetaCyc:CPD-22116	MetaCyc:CPD-22116	MetaCyc:CPD-22116				
cpd46228	MetaCyc:CPD-21977	MetaCyc:CPD-21977	MetaCyc:CPD-21977	MetaCyc:CPD-21977	MetaCyc:CPD-21977	MetaCyc:CPD-21977				
cpd46229	MetaCyc:CPD-24269	MetaCyc:CPD-24269	MetaCyc:CPD-24269	MetaCyc:CPD-24269	MetaCyc:CPD-24269	MetaCyc:CPD-24269				
cpd46230	MetaCyc:CPD-24154	MetaCyc:CPD-24154	MetaCyc:CPD-24154	MetaCyc:CPD-24154	MetaCyc:CPD-24154					
cpd46231	MetaCyc:CPD2G6Z-6	MetaCyc:CPD2G6Z-6	MetaCyc:CPD2G6Z-6	MetaCyc:CPD2G6Z-6	MetaCyc:CPD2G6Z-6	MetaCyc:CPD2G6Z-6				
cpd46232	MetaCyc:CPD-22119	MetaCyc:CPD-22119	MetaCyc:CPD-22119	MetaCyc:CPD-22119	MetaCyc:CPD-22119	MetaCyc:CPD-22119				
cpd46233	MetaCyc:CPD-24256	MetaCyc:CPD-24256	MetaCyc:CPD-24256	MetaCyc:CPD-24256	MetaCyc:CPD-24256	MetaCyc:CPD-24256				
cpd46234	MetaCyc:CPD-22412	MetaCyc:CPD-22412	MetaCyc:CPD-22412	MetaCyc:CPD-22412	MetaCyc:CPD-22412	MetaCyc:CPD-22412				
cpd46235	MetaCyc:CPD-24445	MetaCyc:CPD-24445	MetaCyc:CPD-24445	MetaCyc:CPD-24445	MetaCyc:CPD-24445	MetaCyc:CPD-24445				
cpd46236	MetaCyc:CPD2B4Q-28@Charged	MetaCyc:CPD2B4Q-28@Charged	MetaCyc:CPD2B4Q-28@Charged	MetaCyc:CPD2B4Q-28@Charged	MetaCyc:CPD2B4Q-28	MetaCyc:CPD2B4Q-28				
cpd46237	MetaCyc:CPD-22102	MetaCyc:CPD-22102	MetaCyc:CPD-22102	MetaCyc:CPD-22102	MetaCyc:CPD-22102	MetaCyc:CPD-22102				
cpd46238	MetaCyc:CPD-24252	MetaCyc:CPD-24252	MetaCyc:CPD-24252	MetaCyc:CPD-24252	MetaCyc:CPD-24252	MetaCyc:CPD-24252				
cpd46239	MetaCyc:CPD2B4Q-25	MetaCyc:CPD2B4Q-25	MetaCyc:CPD2B4Q-25	MetaCyc:CPD2B4Q-25	MetaCyc:CPD2B4Q-25	MetaCyc:CPD2B4Q-25				
cpd46240	MetaCyc:CPD-23308	MetaCyc:CPD-23308	MetaCyc:CPD-23308	MetaCyc:CPD-23308	MetaCyc:CPD-23308	MetaCyc:CPD-23308				
cpd46241	MetaCyc:CPD-24248	MetaCyc:CPD-24248	MetaCyc:CPD-24248	MetaCyc:CPD-24248	MetaCyc:CPD-24248	MetaCyc:CPD-24248				
cpd46242	MetaCyc:CPD1R65-4	MetaCyc:CPD1R65-4	MetaCyc:CPD1R65-4	MetaCyc:CPD1R65-4	MetaCyc:CPD1R65-4	MetaCyc:CPD1R65-4				
cpd46243	MetaCyc:CPD-22115	MetaCyc:CPD-22115	MetaCyc:CPD-22115	MetaCyc:CPD-22115	MetaCyc:CPD-22115	MetaCyc:CPD-22115				
cpd46244	MetaCyc:CPD-24245	MetaCyc:CPD-24245	MetaCyc:CPD-24245	MetaCyc:CPD-24245	MetaCyc:CPD-24245	MetaCyc:CPD-24245				
cpd46245	MetaCyc:CPD-21972	MetaCyc:CPD-21972	MetaCyc:CPD-21972	MetaCyc:CPD-21972	MetaCyc:CPD-21972	MetaCyc:CPD-21972				
cpd46246	MetaCyc:CPD-24559	MetaCyc:CPD-24559	MetaCyc:CPD-24559	MetaCyc:CPD-24559	MetaCyc:CPD-24559					
cpd46247	MetaCyc:CPD-24239	MetaCyc:CPD-24239	MetaCyc:CPD-24239	MetaCyc:CPD-24239	MetaCyc:CPD-24239	MetaCyc:CPD-24239				
cpd46248	MetaCyc:CPD2G6Z-7	MetaCyc:CPD2G6Z-7	MetaCyc:CPD2G6Z-7	MetaCyc:CPD2G6Z-7	MetaCyc:CPD2G6Z-7	MetaCyc:CPD2G6Z-7				
cpd46249	MetaCyc:CPD-24257	MetaCyc:CPD-24257	MetaCyc:CPD-24257	MetaCyc:CPD-24257	MetaCyc:CPD-24257	MetaCyc:CPD-24257				
cpd46250	MetaCyc:CPD-22413	MetaCyc:CPD-22413	MetaCyc:CPD-22413	MetaCyc:CPD-22413	MetaCyc:CPD-22413	MetaCyc:CPD-22413				
cpd46251	MetaCyc:CPD2G6Z-10	MetaCyc:CPD2G6Z-10	MetaCyc:CPD2G6Z-10	MetaCyc:CPD2G6Z-10	MetaCyc:CPD2G6Z-10	MetaCyc:CPD2G6Z-10				
cpd46252	MetaCyc:CPD-24254	MetaCyc:CPD-24254	MetaCyc:CPD-24254	MetaCyc:CPD-24254	MetaCyc:CPD-24254	MetaCyc:CPD-24254				
cpd46253	MetaCyc:CPD2B4Q-26	MetaCyc:CPD2B4Q-26	MetaCyc:CPD2B4Q-26	MetaCyc:CPD2B4Q-26	MetaCyc:CPD2B4Q-26	MetaCyc:CPD2B4Q-26				
cpd46254	MetaCyc:CPD-24249	MetaCyc:CPD-24249	MetaCyc:CPD-24249	MetaCyc:CPD-24249	MetaCyc:CPD-24249					
cpd46255	MetaCyc:CPD2B4Q-21	MetaCyc:CPD2B4Q-21	MetaCyc:CPD2B4Q-21	MetaCyc:CPD2B4Q-21	MetaCyc:CPD2B4Q-21	MetaCyc:CPD2B4Q-21				
cpd46256	MetaCyc:CPD-24246	MetaCyc:CPD-24246	MetaCyc:CPD-24246	MetaCyc:CPD-24246	MetaCyc:CPD-24246					
cpd46257	MetaCyc:CPD-25631	MetaCyc:CPD-25631	MetaCyc:CPD-25631	MetaCyc:CPD-25631	MetaCyc:CPD-25631	MetaCyc:CPD-25631				
cpd46258	MetaCyc:CPD-25632	MetaCyc:CPD-25632	MetaCyc:CPD-25632	MetaCyc:CPD-25632	MetaCyc:CPD-25632	MetaCyc:CPD-25632				
cpd46259	MetaCyc:CPD-25742	MetaCyc:CPD-25742	MetaCyc:CPD-25742	MetaCyc:CPD-25742	MetaCyc:CPD-25742	MetaCyc:CPD-25742				
cpd46260	MetaCyc:CPD-25743@Charged	MetaCyc:CPD-25743@Charged	MetaCyc:CPD-25743@Charged	MetaCyc:CPD-25743@Charged	MetaCyc:CPD-25743	MetaCyc:CPD-25743				
cpd46261	MetaCyc:CPD-25741	MetaCyc:CPD-25741	MetaCyc:CPD-25741	MetaCyc:CPD-25741	MetaCyc:CPD-25741	MetaCyc:CPD-25741				
cpd46262	MetaCyc:CPD-25738	MetaCyc:CPD-25738	MetaCyc:CPD-25738	MetaCyc:CPD-25738	MetaCyc:CPD-25738	MetaCyc:CPD-25738				
cpd46263	MetaCyc:CPD-25735	MetaCyc:CPD-25735	MetaCyc:CPD-25735	MetaCyc:CPD-25735	MetaCyc:CPD-25735	MetaCyc:CPD-25735				
cpd46264	MetaCyc:CPD-25739	MetaCyc:CPD-25739	MetaCyc:CPD-25739	MetaCyc:CPD-25739	MetaCyc:CPD-25739	MetaCyc:CPD-25739				
cpd46265	MetaCyc:CPD-25736	MetaCyc:CPD-25736	MetaCyc:CPD-25736	MetaCyc:CPD-25736	MetaCyc:CPD-25736	MetaCyc:CPD-25736				
cpd46266	MetaCyc:CPD-25740	MetaCyc:CPD-25740	MetaCyc:CPD-25740	MetaCyc:CPD-25740	MetaCyc:CPD-25740	MetaCyc:CPD-25740				
cpd46267	MetaCyc:CPD-25737	MetaCyc:CPD-25737	MetaCyc:CPD-25737	MetaCyc:CPD-25737	MetaCyc:CPD-25737	MetaCyc:CPD-25737				
cpd46268	MetaCyc:CPD-21689	MetaCyc:CPD-21689	MetaCyc:CPD-21689	MetaCyc:CPD-21689	MetaCyc:CPD-21689	MetaCyc:CPD-21689				
cpd46269	MetaCyc:CPD-25919	MetaCyc:CPD-25919	MetaCyc:CPD-25919	MetaCyc:CPD-25919	MetaCyc:CPD-25919	MetaCyc:CPD-25919				
cpd46270	MetaCyc:CPD-25920	MetaCyc:CPD-25920	MetaCyc:CPD-25920	MetaCyc:CPD-25920	MetaCyc:CPD-25920	MetaCyc:CPD-25920				
cpd46271	MetaCyc:CPD-25917	MetaCyc:CPD-25917	MetaCyc:CPD-25917	MetaCyc:CPD-25917	MetaCyc:CPD-25917	MetaCyc:CPD-25917				
cpd46272	MetaCyc:CPD-25918	MetaCyc:CPD-25918	MetaCyc:CPD-25918	MetaCyc:CPD-25918	MetaCyc:CPD-25918	MetaCyc:CPD-25918				
cpd46273	MetaCyc:CPD-22539	MetaCyc:CPD-22539	MetaCyc:CPD-22539	MetaCyc:CPD-22539	MetaCyc:CPD-22539	MetaCyc:CPD-22539				
cpd46274	MetaCyc:CPD-25378	MetaCyc:CPD-25378	MetaCyc:CPD-25378	MetaCyc:CPD-25378	MetaCyc:CPD-25378	MetaCyc:CPD-25378				
cpd46275										
cpd46276										
cpd46277	MetaCyc:CPD-25379@Charged	MetaCyc:CPD-25379@Charged	MetaCyc:CPD-25379@Charged	MetaCyc:CPD-25379@Charged	MetaCyc:CPD-25379	MetaCyc:CPD-25379				
cpd46278										
cpd46279	MetaCyc:CPD-25627	MetaCyc:CPD-25627	MetaCyc:CPD-25627	MetaCyc:CPD-25627	MetaCyc:CPD-25627	MetaCyc:CPD-25627				
cpd46280										
cpd46281	MetaCyc:CPD-25629	MetaCyc:CPD-25629	MetaCyc:CPD-25629	MetaCyc:CPD-25629	MetaCyc:CPD-25629	MetaCyc:CPD-25629				
cpd46282										
cpd46283										
cpd46284										
cpd46285	MetaCyc:CPD-25625	MetaCyc:CPD-25625	MetaCyc:CPD-25625	MetaCyc:CPD-25625	MetaCyc:CPD-25625	MetaCyc:CPD-25625				
cpd46286	MetaCyc:CPD-24470	MetaCyc:CPD-24470	MetaCyc:CPD-24470	MetaCyc:CPD-24470	MetaCyc:CPD-24470	MetaCyc:CPD-24470				
cpd46287	MetaCyc:CPD-22683	MetaCyc:CPD-22683	MetaCyc:CPD-22683	MetaCyc:CPD-22683	MetaCyc:CPD-22683	MetaCyc:CPD-22683				
cpd46288	MetaCyc:CPD-25630	MetaCyc:CPD-25630	MetaCyc:CPD-25630	MetaCyc:CPD-25630	MetaCyc:CPD-25630	MetaCyc:CPD-25630				
cpd46289	MetaCyc:CPD-24287	MetaCyc:CPD-24287	MetaCyc:CPD-24287	MetaCyc:CPD-24287	MetaCyc:CPD-24287	MetaCyc:CPD-24287				
cpd46290										
cpd46291	MetaCyc:CPD-25624	MetaCyc:CPD-25624	MetaCyc:CPD-25624	MetaCyc:CPD-25624	MetaCyc:CPD-25624	MetaCyc:CPD-25624				
cpd46292	MetaCyc:CPD-24469	MetaCyc:CPD-24469	MetaCyc:CPD-24469	MetaCyc:CPD-24469	MetaCyc:CPD-24469	MetaCyc:CPD-24469				
cpd46293	MetaCyc:CPD-22682	MetaCyc:CPD-22682	MetaCyc:CPD-22682	MetaCyc:CPD-22682	MetaCyc:CPD-22682	MetaCyc:CPD-22682				
cpd46294										
cpd46295										
cpd46296										
cpd46297										
cpd46298										
cpd46299										
cpd46300										
cpd46301										
cpd46302										
cpd46303										
cpd46304										
cpd46305										
cpd46306										
cpd46307	MetaCyc:CPD-24986	MetaCyc:CPD-24986	MetaCyc:CPD-24986	MetaCyc:CPD-24986	MetaCyc:CPD-24986	MetaCyc:CPD-24986				
cpd46308	MetaCyc:CPD-24985	MetaCyc:CPD-24985	MetaCyc:CPD-24985	MetaCyc:CPD-24985	MetaCyc:CPD-24985	MetaCyc:CPD-24985				
cpd46309	MetaCyc:CPD-24980	MetaCyc:CPD-24980	MetaCyc:CPD-24980	MetaCyc:CPD-24980	MetaCyc:CPD-24980	MetaCyc:CPD-24980				
cpd46310	MetaCyc:CPD-25014	MetaCyc:CPD-25014	MetaCyc:CPD-25014	MetaCyc:CPD-25014	MetaCyc:CPD-25014	MetaCyc:CPD-25014				
cpd46311	MetaCyc:CPD-25015	MetaCyc:CPD-25015	MetaCyc:CPD-25015	MetaCyc:CPD-25015	MetaCyc:CPD-25015	MetaCyc:CPD-25015				
cpd46312	MetaCyc:CPD-25016	MetaCyc:CPD-25016	MetaCyc:CPD-25016	MetaCyc:CPD-25016	MetaCyc:CPD-25016	MetaCyc:CPD-25016				
cpd46313										
cpd46314	MetaCyc:CPD-24977	MetaCyc:CPD-24977	MetaCyc:CPD-24977	MetaCyc:CPD-24977	MetaCyc:CPD-24977	MetaCyc:CPD-24977				
cpd46315										
cpd46316										
cpd46317										
cpd46318	MetaCyc:CPD-22493@Charged	MetaCyc:CPD-22493@Charged	MetaCyc:CPD-22493@Charged	MetaCyc:CPD-22493@Charged	MetaCyc:CPD-22493	MetaCyc:CPD-22493				
cpd46319										
cpd46320										
cpd46321										
cpd46322										
cpd46323	MetaCyc:CPD-23724	MetaCyc:CPD-23724	MetaCyc:CPD-23724	MetaCyc:CPD-23724	MetaCyc:CPD-23724	MetaCyc:CPD-23724				
cpd46324	MetaCyc:CPD-23726	MetaCyc:CPD-23726	MetaCyc:CPD-23726	MetaCyc:CPD-23726	MetaCyc:CPD-23726	MetaCyc:CPD-23726				
cpd46325	MetaCyc:CPD-23730	MetaCyc:CPD-23730	MetaCyc:CPD-23730	MetaCyc:CPD-23730	MetaCyc:CPD-23730	MetaCyc:CPD-23730				
cpd46326	MetaCyc:CPD-25258	MetaCyc:CPD-25258	MetaCyc:CPD-25258	MetaCyc:CPD-25258	MetaCyc:CPD-25258	MetaCyc:CPD-25258				
cpd46327	MetaCyc:CPD-22693	MetaCyc:CPD-22693	MetaCyc:CPD-22693	MetaCyc:CPD-22693	MetaCyc:CPD-22693	MetaCyc:CPD-22693				
cpd46328	MetaCyc:CPD-25254	MetaCyc:CPD-25254	MetaCyc:CPD-25254	MetaCyc:CPD-25254	MetaCyc:CPD-25254	MetaCyc:CPD-25254				
cpd46329	MetaCyc:CPD-25246	MetaCyc:CPD-25246	MetaCyc:CPD-25246	MetaCyc:CPD-25246	MetaCyc:CPD-25246	MetaCyc:CPD-25246				
cpd46330	MetaCyc:CPD-25237	MetaCyc:CPD-25237	MetaCyc:CPD-25237	MetaCyc:CPD-25237	MetaCyc:CPD-25237	MetaCyc:CPD-25237				
cpd46331	MetaCyc:CPD-25255	MetaCyc:CPD-25255	MetaCyc:CPD-25255	MetaCyc:CPD-25255	MetaCyc:CPD-25255	MetaCyc:CPD-25255				
cpd46332	MetaCyc:CPD-25248	MetaCyc:CPD-25248	MetaCyc:CPD-25248	MetaCyc:CPD-25248	MetaCyc:CPD-25248	MetaCyc:CPD-25248				
cpd46333	MetaCyc:CPD-25240@Charged	MetaCyc:CPD-25240@Charged	MetaCyc:CPD-25240@Charged	MetaCyc:CPD-25240@Charged	MetaCyc:CPD-25240	MetaCyc:CPD-25240				
cpd46334	MetaCyc:CPD-25235	MetaCyc:CPD-25235	MetaCyc:CPD-25235	MetaCyc:CPD-25235	MetaCyc:CPD-25235	MetaCyc:CPD-25235				
cpd46335	MetaCyc:CPD-25251	MetaCyc:CPD-25251	MetaCyc:CPD-25251	MetaCyc:CPD-25251	MetaCyc:CPD-25251	MetaCyc:CPD-25251				
cpd46336	MetaCyc:CPD-25241	MetaCyc:CPD-25241	MetaCyc:CPD-25241	MetaCyc:CPD-25241	MetaCyc:CPD-25241	MetaCyc:CPD-25241				
cpd46337	MetaCyc:CPD-25236	MetaCyc:CPD-25236	MetaCyc:CPD-25236	MetaCyc:CPD-25236	MetaCyc:CPD-25236	MetaCyc:CPD-25236				
cpd46338	MetaCyc:CPD-22827@Charged	MetaCyc:CPD-22827@Charged	MetaCyc:CPD-22827@Charged	MetaCyc:CPD-22827@Charged	MetaCyc:CPD-22827	MetaCyc:CPD-22827				
cpd46339	MetaCyc:CPD-25890@Charged	MetaCyc:CPD-25890@Charged	MetaCyc:CPD-25890@Charged	MetaCyc:CPD-25890@Charged	MetaCyc:CPD-25890	MetaCyc:CPD-25890				
cpd46340	MetaCyc:CPD-25318	MetaCyc:CPD-25318	MetaCyc:CPD-25318	MetaCyc:CPD-25318	MetaCyc:CPD-25318	MetaCyc:CPD-25318				
cpd46341	MetaCyc:CPD-23525	MetaCyc:CPD-23525	MetaCyc:CPD-23525	MetaCyc:CPD-23525	MetaCyc:CPD-23525	MetaCyc:CPD-23525				
cpd46342	MetaCyc:CPD-22724@Charged	MetaCyc:CPD-22724@Charged	MetaCyc:CPD-22724@Charged	MetaCyc:CPD-22724@Charged	MetaCyc:CPD-22724	MetaCyc:CPD-22724				
cpd46343	MetaCyc:CPD-25513	MetaCyc:CPD-25513	MetaCyc:CPD-25513	MetaCyc:CPD-25513	MetaCyc:CPD-25513	MetaCyc:CPD-25513				
cpd46344	MetaCyc:CPD-22501	MetaCyc:CPD-22501	MetaCyc:CPD-22501	MetaCyc:CPD-22501	MetaCyc:CPD-22501	MetaCyc:CPD-22501				
cpd46345	MetaCyc:CPD-24910	MetaCyc:CPD-24910	MetaCyc:CPD-24910	MetaCyc:CPD-24910	MetaCyc:CPD-24910	MetaCyc:CPD-24910				
cpd46346	MetaCyc:CPD-22725@Charged	MetaCyc:CPD-22725@Charged	MetaCyc:CPD-22725@Charged	MetaCyc:CPD-22725@Charged	MetaCyc:CPD-22725	MetaCyc:CPD-22725				
cpd46347	MetaCyc:CPD-25889	MetaCyc:CPD-25889	MetaCyc:CPD-25889	MetaCyc:CPD-25889	MetaCyc:CPD-25889	MetaCyc:CPD-25889				
cpd46348	MetaCyc:CPD-25317	MetaCyc:CPD-25317	MetaCyc:CPD-25317	MetaCyc:CPD-25317	MetaCyc:CPD-25317	MetaCyc:CPD-25317				
cpd46349	MetaCyc:CPD-25320	MetaCyc:CPD-25320	MetaCyc:CPD-25320	MetaCyc:CPD-25320	MetaCyc:CPD-25320	MetaCyc:CPD-25320				
cpd46350	MetaCyc:CPD-22536	MetaCyc:CPD-22536	MetaCyc:CPD-22536	MetaCyc:CPD-22536	MetaCyc:CPD-22536	MetaCyc:CPD-22536				
cpd46351	MetaCyc:CPD-21957	MetaCyc:CPD-21957	MetaCyc:CPD-21957	MetaCyc:CPD-21957	MetaCyc:CPD-21957	MetaCyc:CPD-21957				
cpd46352	MetaCyc:CPD-25321	MetaCyc:CPD-25321	MetaCyc:CPD-25321	MetaCyc:CPD-25321	MetaCyc:CPD-25321	MetaCyc:CPD-25321				
cpd46353	MetaCyc:CPD-21964	MetaCyc:CPD-21964	MetaCyc:CPD-21964	MetaCyc:CPD-21964	MetaCyc:CPD-21964	MetaCyc:CPD-21964				
cpd46354	MetaCyc:CPD-21961	MetaCyc:CPD-21961	MetaCyc:CPD-21961	MetaCyc:CPD-21961	MetaCyc:CPD-21961	MetaCyc:CPD-21961				
cpd46355	MetaCyc:CPD-25390	MetaCyc:CPD-25390	MetaCyc:CPD-25390	MetaCyc:CPD-25390	MetaCyc:CPD-25390	MetaCyc:CPD-25390				
cpd46356	MetaCyc:CPD-21958	MetaCyc:CPD-21958	MetaCyc:CPD-21958	MetaCyc:CPD-21958	MetaCyc:CPD-21958	MetaCyc:CPD-21958				
cpd46357	MetaCyc:CPD-21962	MetaCyc:CPD-21962	MetaCyc:CPD-21962	MetaCyc:CPD-21962	MetaCyc:CPD-21962	MetaCyc:CPD-21962				
cpd46358	MetaCyc:CPD-25899	MetaCyc:CPD-25899	MetaCyc:CPD-25899	MetaCyc:CPD-25899	MetaCyc:CPD-25899	MetaCyc:CPD-25899				
cpd46359	MetaCyc:CPD-21959	MetaCyc:CPD-21959	MetaCyc:CPD-21959	MetaCyc:CPD-21959	MetaCyc:CPD-21959	MetaCyc:CPD-21959				
cpd46360	MetaCyc:CPD-21956	MetaCyc:CPD-21956	MetaCyc:CPD-21956	MetaCyc:CPD-21956	MetaCyc:CPD-21956	MetaCyc:CPD-21956				
cpd46361	MetaCyc:CPD-21963	MetaCyc:CPD-21963	MetaCyc:CPD-21963	MetaCyc:CPD-21963	MetaCyc:CPD-21963	MetaCyc:CPD-21963				
cpd46362	MetaCyc:CPD-21960	MetaCyc:CPD-21960	MetaCyc:CPD-21960	MetaCyc:CPD-21960	MetaCyc:CPD-21960	MetaCyc:CPD-21960				
cpd46363	MetaCyc:CPD-23289	MetaCyc:CPD-23289	MetaCyc:CPD-23289	MetaCyc:CPD-23289	MetaCyc:CPD-23289	MetaCyc:CPD-23289				
cpd46364	MetaCyc:CPD-23288	MetaCyc:CPD-23288	MetaCyc:CPD-23288	MetaCyc:CPD-23288	MetaCyc:CPD-23288	MetaCyc:CPD-23288				
cpd46365	MetaCyc:CPD-25724	MetaCyc:CPD-25724	MetaCyc:CPD-25724	MetaCyc:CPD-25724	MetaCyc:CPD-25724	MetaCyc:CPD-25724				
cpd46366	MetaCyc:CPD-24428	MetaCyc:CPD-24428	MetaCyc:CPD-24428	MetaCyc:CPD-24428	MetaCyc:CPD-24428	MetaCyc:CPD-24428				
cpd46367	MetaCyc:CPD-24352	MetaCyc:CPD-24352	MetaCyc:CPD-24352	MetaCyc:CPD-24352	MetaCyc:CPD-24352					
cpd46368	MetaCyc:CPD-24775@Charged	MetaCyc:CPD-24775@Charged	MetaCyc:CPD-24775@Charged	MetaCyc:CPD-24775@Charged	MetaCyc:CPD-24775	MetaCyc:CPD-24775				
cpd46369	MetaCyc:CPD-24776@Charged	MetaCyc:CPD-24776@Charged	MetaCyc:CPD-24776@Charged	MetaCyc:CPD-24776@Charged	MetaCyc:CPD-24776	MetaCyc:CPD-24776				
cpd46370	MetaCyc:CPD-23846	MetaCyc:CPD-23846	MetaCyc:CPD-23846	MetaCyc:CPD-23846	MetaCyc:CPD-23846	MetaCyc:CPD-23846				
cpd46371	MetaCyc:CPD-25835@Charged	MetaCyc:CPD-25835@Charged	MetaCyc:CPD-25835@Charged	MetaCyc:CPD-25835@Charged		MetaCyc:CPD-25835				
cpd46372	MetaCyc:CPD-25722	MetaCyc:CPD-25722	MetaCyc:CPD-25722	MetaCyc:CPD-25722	MetaCyc:CPD-25722	MetaCyc:CPD-25722				
cpd46373	MetaCyc:CPD-23850	MetaCyc:CPD-23850	MetaCyc:CPD-23850	MetaCyc:CPD-23850	MetaCyc:CPD-23850	MetaCyc:CPD-23850				
cpd46374	MetaCyc:CPD-24767	MetaCyc:CPD-24767	MetaCyc:CPD-24767	MetaCyc:CPD-24767	MetaCyc:CPD-24767	MetaCyc:CPD-24767				
cpd46375	MetaCyc:CPD-23281	MetaCyc:CPD-23281	MetaCyc:CPD-23281	MetaCyc:CPD-23281		MetaCyc:CPD-23281				
cpd46376	MetaCyc:CPD-24166	MetaCyc:CPD-24166	MetaCyc:CPD-24166	MetaCyc:CPD-24166		MetaCyc:CPD-24166				
cpd46377	MetaCyc:CPD-23287	MetaCyc:CPD-23287	MetaCyc:CPD-23287	MetaCyc:CPD-23287		MetaCyc:CPD-23287				
cpd46378	MetaCyc:CPD-25723	MetaCyc:CPD-25723	MetaCyc:CPD-25723	MetaCyc:CPD-25723	MetaCyc:CPD-25723	MetaCyc:CPD-25723				
cpd46379	MetaCyc:CPD-23486	MetaCyc:CPD-23486	MetaCyc:CPD-23486	MetaCyc:CPD-23486	MetaCyc:CPD-23486	MetaCyc:CPD-23486				
cpd46380	MetaCyc:CPD-23858	MetaCyc:CPD-23858	MetaCyc:CPD-23858	MetaCyc:CPD-23858	MetaCyc:CPD-23858	MetaCyc:CPD-23858				
cpd46381	MetaCyc:CPD-23740@Charged	MetaCyc:CPD-23740@Charged	MetaCyc:CPD-23740@Charged	MetaCyc:CPD-23740@Charged	MetaCyc:CPD-23740	MetaCyc:CPD-23740				
cpd46382	MetaCyc:CPD-24449@Charged	MetaCyc:CPD-24449@Charged	MetaCyc:CPD-24449@Charged	MetaCyc:CPD-24449@Charged	MetaCyc:CPD-24449	MetaCyc:CPD-24449				
cpd46383										
cpd46384	MetaCyc:CPD-21612	MetaCyc:CPD-21612	MetaCyc:CPD-21612	MetaCyc:CPD-21612	MetaCyc:CPD-21612	MetaCyc:CPD-21612				
cpd46385	MetaCyc:CPD-24481	MetaCyc:CPD-24481	MetaCyc:CPD-24481	MetaCyc:CPD-24481	MetaCyc:CPD-24481	MetaCyc:CPD-24481				
cpd46386	MetaCyc:CPD-24135@Charged	MetaCyc:CPD-24135@Charged	MetaCyc:CPD-24135@Charged	MetaCyc:CPD-24135@Charged	MetaCyc:CPD-24135	MetaCyc:CPD-24135				
cpd46387	MetaCyc:CPD-22521	MetaCyc:CPD-22521	MetaCyc:CPD-22521	MetaCyc:CPD-22521	MetaCyc:CPD-22521	MetaCyc:CPD-22521				
cpd46388	MetaCyc:CPD-22522	MetaCyc:CPD-22522	MetaCyc:CPD-22522	MetaCyc:CPD-22522	MetaCyc:CPD-22522	MetaCyc:CPD-22522				
cpd46389	MetaCyc:CPD-22524	MetaCyc:CPD-22524	MetaCyc:CPD-22524	MetaCyc:CPD-22524	MetaCyc:CPD-22524	MetaCyc:CPD-22524				
cpd46390	MetaCyc:CPD-24132	MetaCyc:CPD-24132	MetaCyc:CPD-24132	MetaCyc:CPD-24132	MetaCyc:CPD-24132	MetaCyc:CPD-24132				
cpd46391	MetaCyc:CPD-22609	MetaCyc:CPD-22609	MetaCyc:CPD-22609	MetaCyc:CPD-22609	MetaCyc:CPD-22609	MetaCyc:CPD-22609				
cpd46392	MetaCyc:CPD-23305	MetaCyc:CPD-23305	MetaCyc:CPD-23305	MetaCyc:CPD-23305	MetaCyc:CPD-23305	MetaCyc:CPD-23305				
cpd46393	MetaCyc:CPD-25536	MetaCyc:CPD-25536	MetaCyc:CPD-25536	MetaCyc:CPD-25536		MetaCyc:CPD-25536				
cpd46394	MetaCyc:CPD-24253	MetaCyc:CPD-24253	MetaCyc:CPD-24253	MetaCyc:CPD-24253	MetaCyc:CPD-24253	MetaCyc:CPD-24253				
cpd46395	MetaCyc:CPD-25004	MetaCyc:CPD-25004	MetaCyc:CPD-25004	MetaCyc:CPD-25004	MetaCyc:CPD-25004	MetaCyc:CPD-25004				
cpd46396	MetaCyc:CPD-25005	MetaCyc:CPD-25005	MetaCyc:CPD-25005	MetaCyc:CPD-25005	MetaCyc:CPD-25005	MetaCyc:CPD-25005				
cpd46397	MetaCyc:CPD-24133@Charged	MetaCyc:CPD-24133@Charged	MetaCyc:CPD-24133@Charged	MetaCyc:CPD-24133@Charged	MetaCyc:CPD-24133	MetaCyc:CPD-24133				
cpd46398	MetaCyc:CPD-23870	MetaCyc:CPD-23870	MetaCyc:CPD-23870	MetaCyc:CPD-23870	MetaCyc:CPD-23870	MetaCyc:CPD-23870				
cpd46399	MetaCyc:CPD-25027	MetaCyc:CPD-25027	MetaCyc:CPD-25027	MetaCyc:CPD-25027	MetaCyc:CPD-25027	MetaCyc:CPD-25027				
cpd46400	MetaCyc:CPD-25026	MetaCyc:CPD-25026	MetaCyc:CPD-25026	MetaCyc:CPD-25026	MetaCyc:CPD-25026	MetaCyc:CPD-25026				
cpd46401	MetaCyc:CPD-24946	MetaCyc:CPD-24946	MetaCyc:CPD-24946	MetaCyc:CPD-24946	MetaCyc:CPD-24946	MetaCyc:CPD-24946				
cpd46402	MetaCyc:CPD-24947	MetaCyc:CPD-24947	MetaCyc:CPD-24947	MetaCyc:CPD-24947	MetaCyc:CPD-24947	MetaCyc:CPD-24947				
cpd46403	MetaCyc:CPD-24134@Charged	MetaCyc:CPD-24134@Charged	MetaCyc:CPD-24134@Charged	MetaCyc:CPD-24134@Charged	MetaCyc:CPD-24134	MetaCyc:CPD-24134				
cpd46404	MetaCyc:CPD-25010	MetaCyc:CPD-25010	MetaCyc:CPD-25010	MetaCyc:CPD-25010	MetaCyc:CPD-25010	MetaCyc:CPD-25010				
cpd46405	MetaCyc:CPD-25011	MetaCyc:CPD-25011	MetaCyc:CPD-25011	MetaCyc:CPD-25011	MetaCyc:CPD-25011	MetaCyc:CPD-25011				
cpd46406	MetaCyc:CPD-24942	MetaCyc:CPD-24942	MetaCyc:CPD-24942	MetaCyc:CPD-24942	MetaCyc:CPD-24942	MetaCyc:CPD-24942				
cpd46407	MetaCyc:CPD-24943	MetaCyc:CPD-24943	MetaCyc:CPD-24943	MetaCyc:CPD-24943	MetaCyc:CPD-24943	MetaCyc:CPD-24943				
cpd46408	MetaCyc:CPD-24131	MetaCyc:CPD-24131	MetaCyc:CPD-24131	MetaCyc:CPD-24131	MetaCyc:CPD-24131	MetaCyc:CPD-24131				
cpd46409	MetaCyc:CPD-24944	MetaCyc:CPD-24944	MetaCyc:CPD-24944	MetaCyc:CPD-24944	MetaCyc:CPD-24944	MetaCyc:CPD-24944				
cpd46410	MetaCyc:CPD-25013	MetaCyc:CPD-25013	MetaCyc:CPD-25013	MetaCyc:CPD-25013	MetaCyc:CPD-25013	MetaCyc:CPD-25013				
cpd46411	MetaCyc:CPD-25012	MetaCyc:CPD-25012	MetaCyc:CPD-25012	MetaCyc:CPD-25012	MetaCyc:CPD-25012	MetaCyc:CPD-25012				
cpd46412										
cpd46413	MetaCyc:CPD-25002	MetaCyc:CPD-25002	MetaCyc:CPD-25002	MetaCyc:CPD-25002	MetaCyc:CPD-25002	MetaCyc:CPD-25002				
cpd46414	MetaCyc:CPD-25000	MetaCyc:CPD-25000	MetaCyc:CPD-25000	MetaCyc:CPD-25000	MetaCyc:CPD-25000	MetaCyc:CPD-25000				
cpd46415	MetaCyc:CPD-25001	MetaCyc:CPD-25001	MetaCyc:CPD-25001	MetaCyc:CPD-25001	MetaCyc:CPD-25001	MetaCyc:CPD-25001				
cpd46416	MetaCyc:CPD-21585	MetaCyc:CPD-21585	MetaCyc:CPD-21585	MetaCyc:CPD-21585	MetaCyc:CPD-21585	MetaCyc:CPD-21585				
cpd46417	MetaCyc:CPD-24940	MetaCyc:CPD-24940	MetaCyc:CPD-24940	MetaCyc:CPD-24940	MetaCyc:CPD-24940	MetaCyc:CPD-24940				
cpd46418	MetaCyc:CPD-25438@Charged	MetaCyc:CPD-25438@Charged	MetaCyc:CPD-25438@Charged	MetaCyc:CPD-25438@Charged	MetaCyc:CPD-25438	MetaCyc:CPD-25438				
cpd46419	MetaCyc:CPD-23435	MetaCyc:CPD-23435	MetaCyc:CPD-23435	MetaCyc:CPD-23435	MetaCyc:CPD-23435	MetaCyc:CPD-23435				
cpd46420	MetaCyc:CPD-23431	MetaCyc:CPD-23431	MetaCyc:CPD-23431	MetaCyc:CPD-23431	MetaCyc:CPD-23431	MetaCyc:CPD-23431				
cpd46421	MetaCyc:CPD-21589	MetaCyc:CPD-21589	MetaCyc:CPD-21589	MetaCyc:CPD-21589	MetaCyc:CPD-21589	MetaCyc:CPD-21589				
cpd46422	MetaCyc:CPD-25547	MetaCyc:CPD-25547	MetaCyc:CPD-25547	MetaCyc:CPD-25547	MetaCyc:CPD-25547	MetaCyc:CPD-25547				
cpd46423	MetaCyc:CPD-24869	MetaCyc:CPD-24869	MetaCyc:CPD-24869	MetaCyc:CPD-24869	MetaCyc:CPD-24869	MetaCyc:CPD-24869				
cpd46424	MetaCyc:CPD-21599	MetaCyc:CPD-21599	MetaCyc:CPD-21599	MetaCyc:CPD-21599	MetaCyc:CPD-21599	MetaCyc:CPD-21599				
cpd46425	MetaCyc:CPD-23987	MetaCyc:CPD-23987	MetaCyc:CPD-23987	MetaCyc:CPD-23987	MetaCyc:CPD-23987	MetaCyc:CPD-23987				
cpd46426	MetaCyc:CPD-23748	MetaCyc:CPD-23748	MetaCyc:CPD-23748	MetaCyc:CPD-23748	MetaCyc:CPD-23748	MetaCyc:CPD-23748				
cpd46427	MetaCyc:CPD-23749	MetaCyc:CPD-23749	MetaCyc:CPD-23749	MetaCyc:CPD-23749	MetaCyc:CPD-23749	MetaCyc:CPD-23749				
cpd46428	MetaCyc:CPD-25304	MetaCyc:CPD-25304	MetaCyc:CPD-25304	MetaCyc:CPD-25304		MetaCyc:CPD-25304				
cpd46429	MetaCyc:CPD-23986	MetaCyc:CPD-23986	MetaCyc:CPD-23986	MetaCyc:CPD-23986	MetaCyc:CPD-23986	MetaCyc:CPD-23986				
cpd46430	MetaCyc:CPD-22365	MetaCyc:CPD-22365	MetaCyc:CPD-22365	MetaCyc:CPD-22365		MetaCyc:CPD-22365				
cpd46431	MetaCyc:CPD-22370	MetaCyc:CPD-22370	MetaCyc:CPD-22370	MetaCyc:CPD-22370	MetaCyc:CPD-22370	MetaCyc:CPD-22370				
cpd46432	MetaCyc:CPD-22132	MetaCyc:CPD-22132	MetaCyc:CPD-22132	MetaCyc:CPD-22132		MetaCyc:CPD-22132				
cpd46433	MetaCyc:CPD-24800	MetaCyc:CPD-24800	MetaCyc:CPD-24800	MetaCyc:CPD-24800		MetaCyc:CPD-24800				
cpd46434	MetaCyc:CPD-25880	MetaCyc:CPD-25880	MetaCyc:CPD-25880	MetaCyc:CPD-25880		MetaCyc:CPD-25880				
cpd46435	MetaCyc:CPD-23490	MetaCyc:CPD-23490	MetaCyc:CPD-23490	MetaCyc:CPD-23490	MetaCyc:CPD-23490	MetaCyc:CPD-23490				
cpd46436	MetaCyc:CPD-23709	MetaCyc:CPD-23709	MetaCyc:CPD-23709	MetaCyc:CPD-23709		MetaCyc:CPD-23709				
cpd46437	MetaCyc:CPD-21719	MetaCyc:CPD-21719	MetaCyc:CPD-21719	MetaCyc:CPD-21719		MetaCyc:CPD-21719				
cpd46438	MetaCyc:CPD-24183	MetaCyc:CPD-24183	MetaCyc:CPD-24183	MetaCyc:CPD-24183		MetaCyc:CPD-24183				
cpd46439	MetaCyc:CPD-25745	MetaCyc:CPD-25745	MetaCyc:CPD-25745	MetaCyc:CPD-25745	MetaCyc:CPD-25745	MetaCyc:CPD-25745				
cpd46440	MetaCyc:CPD-25744	MetaCyc:CPD-25744	MetaCyc:CPD-25744	MetaCyc:CPD-25744	MetaCyc:CPD-25744	MetaCyc:CPD-25744				
cpd46441	MetaCyc:CPD-23955	MetaCyc:CPD-23955	MetaCyc:CPD-23955	MetaCyc:CPD-23955	MetaCyc:CPD-23955	MetaCyc:CPD-23955				
cpd46442	MetaCyc:CPD-23410@Charged	MetaCyc:CPD-23410@Charged	MetaCyc:CPD-23410@Charged	MetaCyc:CPD-23410@Charged	MetaCyc:CPD-23410	MetaCyc:CPD-23410				
cpd46443	MetaCyc:CPD-21726	MetaCyc:CPD-21726	MetaCyc:CPD-21726	MetaCyc:CPD-21726		MetaCyc:CPD-21726				
cpd46444	MetaCyc:CPD-25467	MetaCyc:CPD-25467	MetaCyc:CPD-25467	MetaCyc:CPD-25467	MetaCyc:CPD-25467	MetaCyc:CPD-25467				
cpd46445	MetaCyc:CPD-24497	MetaCyc:CPD-24497	MetaCyc:CPD-24497	MetaCyc:CPD-24497	MetaCyc:CPD-24497	MetaCyc:CPD-24497				
cpd46446	MetaCyc:CPD-22314@Charged	MetaCyc:CPD-22314@Charged	MetaCyc:CPD-22314@Charged	MetaCyc:CPD-22314@Charged	MetaCyc:CPD-22314	MetaCyc:CPD-22314				
cpd46447	MetaCyc:CPD-25873	MetaCyc:CPD-25873	MetaCyc:CPD-25873	MetaCyc:CPD-25873	MetaCyc:CPD-25873	MetaCyc:CPD-25873				
cpd46448	MetaCyc:CPD-22315@Charged	MetaCyc:CPD-22315@Charged	MetaCyc:CPD-22315@Charged	MetaCyc:CPD-22315@Charged		MetaCyc:CPD-22315				
cpd46449	MetaCyc:CPD-25874	MetaCyc:CPD-25874	MetaCyc:CPD-25874	MetaCyc:CPD-25874	MetaCyc:CPD-25874	MetaCyc:CPD-25874				
cpd46450	MetaCyc:CPD-22316@Charged	MetaCyc:CPD-22316@Charged	MetaCyc:CPD-22316@Charged	MetaCyc:CPD-22316@Charged		MetaCyc:CPD-22316				
cpd46451	MetaCyc:CPD-25872	MetaCyc:CPD-25872	MetaCyc:CPD-25872	MetaCyc:CPD-25872	MetaCyc:CPD-25872	MetaCyc:CPD-25872				
cpd46452	MetaCyc:CPD-23317	MetaCyc:CPD-23317	MetaCyc:CPD-23317	MetaCyc:CPD-23317	MetaCyc:CPD-23317	MetaCyc:CPD-23317				
cpd46453	MetaCyc:CPD-23315@Charged	MetaCyc:CPD-23315@Charged	MetaCyc:CPD-23315@Charged	MetaCyc:CPD-23315@Charged	MetaCyc:CPD-23315	MetaCyc:CPD-23315				
cpd46454	MetaCyc:CPD1P3V-2@Charged	MetaCyc:CPD1P3V-2@Charged	MetaCyc:CPD1P3V-2@Charged	MetaCyc:CPD1P3V-2@Charged	MetaCyc:CPD1P3V-2	MetaCyc:CPD1P3V-2				
cpd46455	MetaCyc:CPD-23430@Charged	MetaCyc:CPD-23430@Charged	MetaCyc:CPD-23430@Charged	MetaCyc:CPD-23430@Charged	MetaCyc:CPD-23430	MetaCyc:CPD-23430				
cpd46456	MetaCyc:CPD-22273@Charged	MetaCyc:CPD-22273@Charged	MetaCyc:CPD-22273@Charged	MetaCyc:CPD-22273@Charged	MetaCyc:CPD-22273					
cpd46457	MetaCyc:CPD-22274@Charged	MetaCyc:CPD-22274@Charged	MetaCyc:CPD-22274@Charged	MetaCyc:CPD-22274@Charged	MetaCyc:CPD-22274					
cpd46458	MetaCyc:CPD-22272@Charged	MetaCyc:CPD-22272@Charged	MetaCyc:CPD-22272@Charged	MetaCyc:CPD-22272@Charged	MetaCyc:CPD-22272	MetaCyc:CPD-22272				
cpd46459	MetaCyc:CPD-23422@Charged	MetaCyc:CPD-23422@Charged	MetaCyc:CPD-23422@Charged	MetaCyc:CPD-23422@Charged	MetaCyc:CPD-23422	MetaCyc:CPD-23422				
cpd46460	MetaCyc:CPD-23000@Charged	MetaCyc:CPD-23000@Charged		MetaCyc:CPD-23000@Charged	MetaCyc:CPD-23000	MetaCyc:CPD-23000				
cpd46461	MetaCyc:CPD-22419	MetaCyc:CPD-22419		MetaCyc:CPD-22419	MetaCyc:CPD-22419	MetaCyc:CPD-22419				
cpd46462	MetaCyc:CPD-22377@Charged	MetaCyc:CPD-22377@Charged	MetaCyc:CPD-22377@Charged	MetaCyc:CPD-22377@Charged	MetaCyc:CPD-22377	MetaCyc:CPD-22377				
cpd46463	MetaCyc:CPD-23001@Charged	MetaCyc:CPD-23001@Charged	MetaCyc:CPD-23001@Charged	MetaCyc:CPD-23001@Charged	MetaCyc:CPD-23001	MetaCyc:CPD-23001				
cpd46464	MetaCyc:CPD-22378@Charged	MetaCyc:CPD-22378@Charged	MetaCyc:CPD-22378@Charged	MetaCyc:CPD-22378@Charged	MetaCyc:CPD-22378	MetaCyc:CPD-22378				
cpd46465	MetaCyc:CPD-23592	MetaCyc:CPD-23592	MetaCyc:CPD-23592	MetaCyc:CPD-23592	MetaCyc:CPD-23592	MetaCyc:CPD-23592				
cpd46466	MetaCyc:CPD-23646	MetaCyc:CPD-23646	MetaCyc:CPD-23646	MetaCyc:CPD-23646	MetaCyc:CPD-23646	MetaCyc:CPD-23646				
cpd46467	MetaCyc:CPD-23586	MetaCyc:CPD-23586	MetaCyc:CPD-23586	MetaCyc:CPD-23586	MetaCyc:CPD-23586	MetaCyc:CPD-23586				
cpd46468	MetaCyc:CPD-23639	MetaCyc:CPD-23639	MetaCyc:CPD-23639	MetaCyc:CPD-23639	MetaCyc:CPD-23639	MetaCyc:CPD-23639				
cpd46469	MetaCyc:CPD-23562	MetaCyc:CPD-23562	MetaCyc:CPD-23562	MetaCyc:CPD-23562	MetaCyc:CPD-23562	MetaCyc:CPD-23562				
cpd46470	MetaCyc:CPD-23615	MetaCyc:CPD-23615	MetaCyc:CPD-23615	MetaCyc:CPD-23615	MetaCyc:CPD-23615	MetaCyc:CPD-23615				
cpd46471	MetaCyc:CPD-23552	MetaCyc:CPD-23552	MetaCyc:CPD-23552	MetaCyc:CPD-23552	MetaCyc:CPD-23552	MetaCyc:CPD-23552				
cpd46472	MetaCyc:CPD-23606	MetaCyc:CPD-23606	MetaCyc:CPD-23606	MetaCyc:CPD-23606	MetaCyc:CPD-23606	MetaCyc:CPD-23606				
cpd46473	MetaCyc:CPD-23536	MetaCyc:CPD-23536	MetaCyc:CPD-23536	MetaCyc:CPD-23536	MetaCyc:CPD-23536	MetaCyc:CPD-23536				
cpd46474	MetaCyc:CPD-23596	MetaCyc:CPD-23596	MetaCyc:CPD-23596	MetaCyc:CPD-23596	MetaCyc:CPD-23596	MetaCyc:CPD-23596				
cpd46475	MetaCyc:CPD-23588	MetaCyc:CPD-23588	MetaCyc:CPD-23588	MetaCyc:CPD-23588	MetaCyc:CPD-23588	MetaCyc:CPD-23588				
cpd46476	MetaCyc:CPD-23643	MetaCyc:CPD-23643	MetaCyc:CPD-23643	MetaCyc:CPD-23643	MetaCyc:CPD-23643	MetaCyc:CPD-23643				
cpd46477	MetaCyc:CPD-23566	MetaCyc:CPD-23566	MetaCyc:CPD-23566	MetaCyc:CPD-23566	MetaCyc:CPD-23566	MetaCyc:CPD-23566				
cpd46478	MetaCyc:CPD-23617	MetaCyc:CPD-23617	MetaCyc:CPD-23617	MetaCyc:CPD-23617	MetaCyc:CPD-23617	MetaCyc:CPD-23617				
cpd46479	MetaCyc:CPD-23554	MetaCyc:CPD-23554	MetaCyc:CPD-23554	MetaCyc:CPD-23554	MetaCyc:CPD-23554	MetaCyc:CPD-23554				
cpd46480	MetaCyc:CPD-23608	MetaCyc:CPD-23608	MetaCyc:CPD-23608	MetaCyc:CPD-23608	MetaCyc:CPD-23608	MetaCyc:CPD-23608				
cpd46481	MetaCyc:CPD-23548	MetaCyc:CPD-23548	MetaCyc:CPD-23548	MetaCyc:CPD-23548	MetaCyc:CPD-23548	MetaCyc:CPD-23548				
cpd46482	MetaCyc:CPD-23598	MetaCyc:CPD-23598	MetaCyc:CPD-23598	MetaCyc:CPD-23598	MetaCyc:CPD-23598	MetaCyc:CPD-23598				
cpd46483	MetaCyc:CPD-23590	MetaCyc:CPD-23590	MetaCyc:CPD-23590	MetaCyc:CPD-23590	MetaCyc:CPD-23590	MetaCyc:CPD-23590				
cpd46484	MetaCyc:CPD2B4Q-6	MetaCyc:CPD2B4Q-6		MetaCyc:CPD2B4Q-6	MetaCyc:CPD2B4Q-6	MetaCyc:CPD2B4Q-6				
cpd46485	MetaCyc:CPD-23644	MetaCyc:CPD-23644	MetaCyc:CPD-23644	MetaCyc:CPD-23644	MetaCyc:CPD-23644	MetaCyc:CPD-23644				
cpd46486	MetaCyc:CPD-23568	MetaCyc:CPD-23568	MetaCyc:CPD-23568	MetaCyc:CPD-23568	MetaCyc:CPD-23568	MetaCyc:CPD-23568				
cpd46487	MetaCyc:CPD-23619	MetaCyc:CPD-23619	MetaCyc:CPD-23619	MetaCyc:CPD-23619	MetaCyc:CPD-23619	MetaCyc:CPD-23619				
cpd46488	MetaCyc:CPD-23556	MetaCyc:CPD-23556	MetaCyc:CPD-23556	MetaCyc:CPD-23556	MetaCyc:CPD-23556	MetaCyc:CPD-23556				
cpd46489	MetaCyc:CPD-24743@Charged	MetaCyc:CPD-24743@Charged		MetaCyc:CPD-24743@Charged	MetaCyc:CPD-24743	MetaCyc:CPD-24743				
cpd46490	MetaCyc:CPD-23610	MetaCyc:CPD-23610	MetaCyc:CPD-23610	MetaCyc:CPD-23610	MetaCyc:CPD-23610	MetaCyc:CPD-23610				
cpd46491	MetaCyc:CPD-23550	MetaCyc:CPD-23550	MetaCyc:CPD-23550	MetaCyc:CPD-23550	MetaCyc:CPD-23550	MetaCyc:CPD-23550				
cpd46492	MetaCyc:CPD-23604	MetaCyc:CPD-23604	MetaCyc:CPD-23604	MetaCyc:CPD-23604	MetaCyc:CPD-23604	MetaCyc:CPD-23604				
cpd46493	MetaCyc:CPD-22476	MetaCyc:CPD-22476	MetaCyc:CPD-22476	MetaCyc:CPD-22476	MetaCyc:CPD-22476	MetaCyc:CPD-22476				
cpd46494	MetaCyc:CPD-24471@Charged	MetaCyc:CPD-24471@Charged	MetaCyc:CPD-24471@Charged	MetaCyc:CPD-24471@Charged	MetaCyc:CPD-24471	MetaCyc:CPD-24471				
cpd46495	MetaCyc:CPD-21983	MetaCyc:CPD-21983	MetaCyc:CPD-21983	MetaCyc:CPD-21983	MetaCyc:CPD-21983	MetaCyc:CPD-21983				
cpd46496	MetaCyc:CPD-22997@Charged	MetaCyc:CPD-22997@Charged	MetaCyc:CPD-22997@Charged	MetaCyc:CPD-22997@Charged	MetaCyc:CPD-22997	MetaCyc:CPD-22997				
cpd46497	MetaCyc:CPD-22839	MetaCyc:CPD-22839	MetaCyc:CPD-22839	MetaCyc:CPD-22839	MetaCyc:CPD-22839	MetaCyc:CPD-22839				
cpd46498	MetaCyc:CPD-25265	MetaCyc:CPD-25265	MetaCyc:CPD-25265	MetaCyc:CPD-25265	MetaCyc:CPD-25265	MetaCyc:CPD-25265				
cpd46499	MetaCyc:CPD-22993@Charged	MetaCyc:CPD-22993@Charged		MetaCyc:CPD-22993@Charged	MetaCyc:CPD-22993	MetaCyc:CPD-22993				
cpd46500	MetaCyc:CPD-23212	MetaCyc:CPD-23212	MetaCyc:CPD-23212	MetaCyc:CPD-23212						
cpd46501	MetaCyc:CPD-23215	MetaCyc:CPD-23215	MetaCyc:CPD-23215	MetaCyc:CPD-23215						
cpd46502	MetaCyc:CPD-23211	MetaCyc:CPD-23211	MetaCyc:CPD-23211	MetaCyc:CPD-23211						
cpd46503	MetaCyc:CPD-22994@Charged	MetaCyc:CPD-22994@Charged		MetaCyc:CPD-22994@Charged	MetaCyc:CPD-22994	MetaCyc:CPD-22994				
cpd46504	MetaCyc:CPD-22485	MetaCyc:CPD-22485	MetaCyc:CPD-22485	MetaCyc:CPD-22485	MetaCyc:CPD-22485	MetaCyc:CPD-22485				
cpd46505	MetaCyc:CPD-25870	MetaCyc:CPD-25870	MetaCyc:CPD-25870	MetaCyc:CPD-25870	MetaCyc:CPD-25870	MetaCyc:CPD-25870				
cpd46506	MetaCyc:CPD-23559	MetaCyc:CPD-23559	MetaCyc:CPD-23559	MetaCyc:CPD-23559	MetaCyc:CPD-23559	MetaCyc:CPD-23559				
cpd46507	MetaCyc:CPD-25871	MetaCyc:CPD-25871	MetaCyc:CPD-25871	MetaCyc:CPD-25871	MetaCyc:CPD-25871	MetaCyc:CPD-25871				
cpd46508	MetaCyc:CPD-24816@Charged	MetaCyc:CPD-24816@Charged	MetaCyc:CPD-24816@Charged	MetaCyc:CPD-24816@Charged	MetaCyc:CPD-24816	MetaCyc:CPD-24816				
cpd46509	MetaCyc:CPD-23007	MetaCyc:CPD-23007	MetaCyc:CPD-23007	MetaCyc:CPD-23007	MetaCyc:CPD-23007	MetaCyc:CPD-23007				
cpd46510	MetaCyc:CPD-22996@Charged	MetaCyc:CPD-22996@Charged		MetaCyc:CPD-22996@Charged	MetaCyc:CPD-22996	MetaCyc:CPD-22996				
cpd46511	MetaCyc:CPD-22992@Charged	MetaCyc:CPD-22992@Charged		MetaCyc:CPD-22992@Charged	MetaCyc:CPD-22992	MetaCyc:CPD-22992				
cpd46512	MetaCyc:CPD-25021	MetaCyc:CPD-25021	MetaCyc:CPD-25021	MetaCyc:CPD-25021	MetaCyc:CPD-25021	MetaCyc:CPD-25021				
cpd46513	MetaCyc:CPD-22474	MetaCyc:CPD-22474	MetaCyc:CPD-22474	MetaCyc:CPD-22474	MetaCyc:CPD-22474	MetaCyc:CPD-22474				
cpd46514	MetaCyc:CPD-22597	MetaCyc:CPD-22597	MetaCyc:CPD-22597	MetaCyc:CPD-22597	MetaCyc:CPD-22597	MetaCyc:CPD-22597				
cpd46515	MetaCyc:CPD-24088	MetaCyc:CPD-24088	MetaCyc:CPD-24088	MetaCyc:CPD-24088	MetaCyc:CPD-24088	MetaCyc:CPD-24088				
cpd46516	MetaCyc:CPD-24546	MetaCyc:CPD-24546	MetaCyc:CPD-24546	MetaCyc:CPD-24546	MetaCyc:CPD-24546	MetaCyc:CPD-24546				
cpd46517	MetaCyc:CPD-24994	MetaCyc:CPD-24994	MetaCyc:CPD-24994	MetaCyc:CPD-24994	MetaCyc:CPD-24994	MetaCyc:CPD-24994				
cpd46518	MetaCyc:CPD-24385	MetaCyc:CPD-24385	MetaCyc:CPD-24385	MetaCyc:CPD-24385	MetaCyc:CPD-24385	MetaCyc:CPD-24385				
cpd46519	MetaCyc:CPD-24440	MetaCyc:CPD-24440	MetaCyc:CPD-24440	MetaCyc:CPD-24440	MetaCyc:CPD-24440	MetaCyc:CPD-24440				
cpd46520	MetaCyc:CPD-25769	MetaCyc:CPD-25769	MetaCyc:CPD-25769	MetaCyc:CPD-25769	MetaCyc:CPD-25769	MetaCyc:CPD-25769				
cpd46521	MetaCyc:CPD-23984	MetaCyc:CPD-23984	MetaCyc:CPD-23984	MetaCyc:CPD-23984	MetaCyc:CPD-23984	MetaCyc:CPD-23984				
cpd46522	MetaCyc:CPD-22341@Charged	MetaCyc:CPD-22341@Charged	MetaCyc:CPD-22341@Charged	MetaCyc:CPD-22341@Charged	MetaCyc:CPD-22341	MetaCyc:CPD-22341				
cpd46523	MetaCyc:CPD-23522	MetaCyc:CPD-23522	MetaCyc:CPD-23522	MetaCyc:CPD-23522	MetaCyc:CPD-23522	MetaCyc:CPD-23522				
cpd46524	MetaCyc:CPD-23519	MetaCyc:CPD-23519	MetaCyc:CPD-23519	MetaCyc:CPD-23519	MetaCyc:CPD-23519	MetaCyc:CPD-23519				
cpd46525	MetaCyc:CPD-23523	MetaCyc:CPD-23523	MetaCyc:CPD-23523	MetaCyc:CPD-23523	MetaCyc:CPD-23523	MetaCyc:CPD-23523				
cpd46526	MetaCyc:CPD-23520	MetaCyc:CPD-23520	MetaCyc:CPD-23520	MetaCyc:CPD-23520	MetaCyc:CPD-23520	MetaCyc:CPD-23520				
cpd46527	MetaCyc:CPD-23524	MetaCyc:CPD-23524	MetaCyc:CPD-23524	MetaCyc:CPD-23524	MetaCyc:CPD-23524	MetaCyc:CPD-23524				
cpd46528	MetaCyc:CPD-23521	MetaCyc:CPD-23521	MetaCyc:CPD-23521	MetaCyc:CPD-23521	MetaCyc:CPD-23521	MetaCyc:CPD-23521				
cpd46529	MetaCyc:CPD-24328	MetaCyc:CPD-24328	MetaCyc:CPD-24328	MetaCyc:CPD-24328						
cpd46530	MetaCyc:CPD-24329	MetaCyc:CPD-24329	MetaCyc:CPD-24329	MetaCyc:CPD-24329						
cpd46531	MetaCyc:CPD-24322	MetaCyc:CPD-24322	MetaCyc:CPD-24322	MetaCyc:CPD-24322						
cpd46532	MetaCyc:CPD-25725	MetaCyc:CPD-25725	MetaCyc:CPD-25725	MetaCyc:CPD-25725	MetaCyc:CPD-25725	MetaCyc:CPD-25725				
cpd46533	MetaCyc:CPD-22422	MetaCyc:CPD-22422	MetaCyc:CPD-22422	MetaCyc:CPD-22422	MetaCyc:CPD-22422	MetaCyc:CPD-22422				
cpd46534	MetaCyc:CPD-24404@Charged	MetaCyc:CPD-24404@Charged	MetaCyc:CPD-24404@Charged	MetaCyc:CPD-24404@Charged	MetaCyc:CPD-24404					
cpd46535	MetaCyc:CPD-25768	MetaCyc:CPD-25768	MetaCyc:CPD-25768	MetaCyc:CPD-25768	MetaCyc:CPD-25768	MetaCyc:CPD-25768				
cpd46536	MetaCyc:CPD-24389	MetaCyc:CPD-24389	MetaCyc:CPD-24389	MetaCyc:CPD-24389	MetaCyc:CPD-24389	MetaCyc:CPD-24389				
cpd46537	MetaCyc:CPD-24369	MetaCyc:CPD-24369	MetaCyc:CPD-24369	MetaCyc:CPD-24369	MetaCyc:CPD-24369	MetaCyc:CPD-24369				
cpd46538	MetaCyc:CPD-24324	MetaCyc:CPD-24324	MetaCyc:CPD-24324	MetaCyc:CPD-24324	MetaCyc:CPD-24324	MetaCyc:CPD-24324				
cpd46539	MetaCyc:CPD-24405	MetaCyc:CPD-24405	MetaCyc:CPD-24405	MetaCyc:CPD-24405	MetaCyc:CPD-24405					
cpd46540	MetaCyc:CPD-24391	MetaCyc:CPD-24391	MetaCyc:CPD-24391	MetaCyc:CPD-24391	MetaCyc:CPD-24391	MetaCyc:CPD-24391				
cpd46541	MetaCyc:CPD-24372	MetaCyc:CPD-24372	MetaCyc:CPD-24372	MetaCyc:CPD-24372	MetaCyc:CPD-24372	MetaCyc:CPD-24372				
cpd46542	MetaCyc:CPD-24325@Charged	MetaCyc:CPD-24325@Charged	MetaCyc:CPD-24325@Charged	MetaCyc:CPD-24325@Charged	MetaCyc:CPD-24325					
cpd46543	MetaCyc:CPD-24392	MetaCyc:CPD-24392	MetaCyc:CPD-24392	MetaCyc:CPD-24392	MetaCyc:CPD-24392	MetaCyc:CPD-24392				
cpd46544	MetaCyc:CPD-22218	MetaCyc:CPD-22218	MetaCyc:CPD-22218	MetaCyc:CPD-22218		MetaCyc:CPD-22218				
cpd46545	MetaCyc:CPD-24388	MetaCyc:CPD-24388	MetaCyc:CPD-24388	MetaCyc:CPD-24388	MetaCyc:CPD-24388	MetaCyc:CPD-24388				
cpd46546	MetaCyc:CPD-24326@Charged	MetaCyc:CPD-24326@Charged	MetaCyc:CPD-24326@Charged	MetaCyc:CPD-24326@Charged	MetaCyc:CPD-24326					
cpd46547	MetaCyc:CPD-24323	MetaCyc:CPD-24323	MetaCyc:CPD-24323	MetaCyc:CPD-24323	MetaCyc:CPD-24323	MetaCyc:CPD-24323				
cpd46548	MetaCyc:CPD-24368	MetaCyc:CPD-24368	MetaCyc:CPD-24368	MetaCyc:CPD-24368	MetaCyc:CPD-24368	MetaCyc:CPD-24368				
cpd46549	MetaCyc:CPD-22651	MetaCyc:CPD-22651	MetaCyc:CPD-22651	MetaCyc:CPD-22651@Charged	MetaCyc:CPD-22651	MetaCyc:CPD-22651				
cpd46550	MetaCyc:CPD-24365	MetaCyc:CPD-24365	MetaCyc:CPD-24365	MetaCyc:CPD-24365	MetaCyc:CPD-24365	MetaCyc:CPD-24365				
cpd46551	MetaCyc:CPD-24374	MetaCyc:CPD-24374	MetaCyc:CPD-24374	MetaCyc:CPD-24374	MetaCyc:CPD-24374	MetaCyc:CPD-24374				
cpd46552	MetaCyc:CPD-22660	MetaCyc:CPD-22660	MetaCyc:CPD-22660	MetaCyc:CPD-22660		MetaCyc:CPD-22660				
cpd46553	MetaCyc:CPD-24370@Charged	MetaCyc:CPD-24370@Charged	MetaCyc:CPD-24370@Charged	MetaCyc:CPD-24370@Charged	MetaCyc:CPD-24370	MetaCyc:CPD-24370				
cpd46554	MetaCyc:CPD-22653	MetaCyc:CPD-22653	MetaCyc:CPD-22653	MetaCyc:CPD-22653	MetaCyc:CPD-22653	MetaCyc:CPD-22653				
cpd46555	MetaCyc:CPD-24366	MetaCyc:CPD-24366	MetaCyc:CPD-24366	MetaCyc:CPD-24366	MetaCyc:CPD-24366	MetaCyc:CPD-24366				
cpd46556	MetaCyc:CPD-23518	MetaCyc:CPD-23518	MetaCyc:CPD-23518	MetaCyc:CPD-23518	MetaCyc:CPD-23518	MetaCyc:CPD-23518				
cpd46557	MetaCyc:CPD-24378@Charged	MetaCyc:CPD-24378@Charged	MetaCyc:CPD-24378@Charged	MetaCyc:CPD-24378@Charged	MetaCyc:CPD-24378	MetaCyc:CPD-24378				
cpd46558	MetaCyc:CPD-22662	MetaCyc:CPD-22662	MetaCyc:CPD-22662	MetaCyc:CPD-22662	MetaCyc:CPD-22662					
cpd46559	MetaCyc:CPD-24371	MetaCyc:CPD-24371	MetaCyc:CPD-24371	MetaCyc:CPD-24371	MetaCyc:CPD-24371	MetaCyc:CPD-24371				
cpd46560	MetaCyc:CPD-22655	MetaCyc:CPD-22655	MetaCyc:CPD-22655	MetaCyc:CPD-22655	MetaCyc:CPD-22655					
cpd46561	MetaCyc:CPD-24367	MetaCyc:CPD-24367	MetaCyc:CPD-24367	MetaCyc:CPD-24367	MetaCyc:CPD-24367	MetaCyc:CPD-24367				
cpd46562	MetaCyc:CPD-24364	MetaCyc:CPD-24364	MetaCyc:CPD-24364	MetaCyc:CPD-24364	MetaCyc:CPD-24364	MetaCyc:CPD-24364				
cpd46563	MetaCyc:CPD1G01-9	MetaCyc:CPD1G01-9	MetaCyc:CPD1G01-9	MetaCyc:CPD1G01-9	MetaCyc:CPD1G01-9	MetaCyc:CPD1G01-9				
cpd46564	MetaCyc:CPD-24380	MetaCyc:CPD-24380	MetaCyc:CPD-24380	MetaCyc:CPD-24380	MetaCyc:CPD-24380	MetaCyc:CPD-24380				
cpd46565	MetaCyc:CPD-22663	MetaCyc:CPD-22663	MetaCyc:CPD-22663	MetaCyc:CPD-22663	MetaCyc:CPD-22663	MetaCyc:CPD-22663				
cpd46566	MetaCyc:CPD-24373	MetaCyc:CPD-24373	MetaCyc:CPD-24373	MetaCyc:CPD-24373	MetaCyc:CPD-24373	MetaCyc:CPD-24373				
cpd46567	MetaCyc:CPD-22656	MetaCyc:CPD-22656	MetaCyc:CPD-22656	MetaCyc:CPD-22656	MetaCyc:CPD-22656	MetaCyc:CPD-22656				
cpd46568	MetaCyc:CPD-25644	MetaCyc:CPD-25644	MetaCyc:CPD-25644	MetaCyc:CPD-25644	MetaCyc:CPD-25644	MetaCyc:CPD-25644				
cpd46569	MetaCyc:CPD-24436	MetaCyc:CPD-24436	MetaCyc:CPD-24436	MetaCyc:CPD-24436	MetaCyc:CPD-24436	MetaCyc:CPD-24436				
cpd46570	MetaCyc:CPD0-2655	MetaCyc:CPD0-2655	MetaCyc:CPD0-2655	MetaCyc:CPD0-2655	MetaCyc:CPD0-2655	MetaCyc:CPD0-2655				
cpd46571	MetaCyc:CPD-22681	MetaCyc:CPD-22681	MetaCyc:CPD-22681	MetaCyc:CPD-22681	MetaCyc:CPD-22681	MetaCyc:CPD-22681				
cpd46572	MetaCyc:CPD0-2657	MetaCyc:CPD0-2657	MetaCyc:CPD0-2657	MetaCyc:CPD0-2657	MetaCyc:CPD0-2657	MetaCyc:CPD0-2657				
cpd46573	MetaCyc:CPD-24868	MetaCyc:CPD-24868	MetaCyc:CPD-24868	MetaCyc:CPD-24868	MetaCyc:CPD-24868	MetaCyc:CPD-24868				
cpd46574	MetaCyc:CPD-23290	MetaCyc:CPD-23290	MetaCyc:CPD-23290	MetaCyc:CPD-23290	MetaCyc:CPD-23290	MetaCyc:CPD-23290				
cpd46575	MetaCyc:CPD-21986	MetaCyc:CPD-21986	MetaCyc:CPD-21986	MetaCyc:CPD-21986	MetaCyc:CPD-21986	MetaCyc:CPD-21986				
cpd46576	MetaCyc:CPD-23544	MetaCyc:CPD-23544	MetaCyc:CPD-23544	MetaCyc:CPD-23544	MetaCyc:CPD-23544	MetaCyc:CPD-23544				
cpd46577	MetaCyc:CPD-23538	MetaCyc:CPD-23538	MetaCyc:CPD-23538	MetaCyc:CPD-23538	MetaCyc:CPD-23538	MetaCyc:CPD-23538				
cpd46578	MetaCyc:CPD-23540	MetaCyc:CPD-23540	MetaCyc:CPD-23540	MetaCyc:CPD-23540	MetaCyc:CPD-23540	MetaCyc:CPD-23540				
cpd46579	MetaCyc:CPD-23542	MetaCyc:CPD-23542	MetaCyc:CPD-23542	MetaCyc:CPD-23542	MetaCyc:CPD-23542	MetaCyc:CPD-23542				
cpd46580	MetaCyc:CPD-23403	MetaCyc:CPD-23403	MetaCyc:CPD-23403	MetaCyc:CPD-23403	MetaCyc:CPD-23403	MetaCyc:CPD-23403				
cpd46581	MetaCyc:CPD-25274	MetaCyc:CPD-25274	MetaCyc:CPD-25274	MetaCyc:CPD-25274	MetaCyc:CPD-25274	MetaCyc:CPD-25274				
cpd46582	MetaCyc:CPD-25916	MetaCyc:CPD-25916	MetaCyc:CPD-25916	MetaCyc:CPD-25916	MetaCyc:CPD-25916	MetaCyc:CPD-25916				
cpd46583	MetaCyc:CPD-22978	MetaCyc:CPD-22978	MetaCyc:CPD-22978	MetaCyc:CPD-22978	MetaCyc:CPD-22978	MetaCyc:CPD-22978				
cpd46584	MetaCyc:CPD-23642	MetaCyc:CPD-23642	MetaCyc:CPD-23642	MetaCyc:CPD-23642		MetaCyc:CPD-23642				
cpd46585	MetaCyc:CPD-22480	MetaCyc:CPD-22480	MetaCyc:CPD-22480	MetaCyc:CPD-22480	MetaCyc:CPD-22480	MetaCyc:CPD-22480				
cpd46586	MetaCyc:CPD-22857	MetaCyc:CPD-22857	MetaCyc:CPD-22857	MetaCyc:CPD-22857	MetaCyc:CPD-22857	MetaCyc:CPD-22857				
cpd46587	MetaCyc:CPD-25523	MetaCyc:CPD-25523	MetaCyc:CPD-25523	MetaCyc:CPD-25523						
cpd46588	MetaCyc:CPD-25941	MetaCyc:CPD-25941	MetaCyc:CPD-25941	MetaCyc:CPD-25941	MetaCyc:CPD-25941	MetaCyc:CPD-25941				
cpd46589	MetaCyc:CPD-22478	MetaCyc:CPD-22478	MetaCyc:CPD-22478	MetaCyc:CPD-22478	MetaCyc:CPD-22478	MetaCyc:CPD-22478				
cpd46590	MetaCyc:CPD-23491	MetaCyc:CPD-23491	MetaCyc:CPD-23491	MetaCyc:CPD-23491	MetaCyc:CPD-23491	MetaCyc:CPD-23491				
cpd46591	MetaCyc:CPD-22482	MetaCyc:CPD-22482	MetaCyc:CPD-22482	MetaCyc:CPD-22482	MetaCyc:CPD-22482	MetaCyc:CPD-22482				
cpd46592	MetaCyc:CPD-22479	MetaCyc:CPD-22479	MetaCyc:CPD-22479	MetaCyc:CPD-22479	MetaCyc:CPD-22479					
cpd46593	MetaCyc:CPD-22475	MetaCyc:CPD-22475	MetaCyc:CPD-22475	MetaCyc:CPD-22475						
cpd46594	MetaCyc:CPD-22367	MetaCyc:CPD-22367	MetaCyc:CPD-22367	MetaCyc:CPD-22367	MetaCyc:CPD-22367	MetaCyc:CPD-22367				
cpd46595	MetaCyc:CPD-24834	MetaCyc:CPD-24834	MetaCyc:CPD-24834	MetaCyc:CPD-24834		MetaCyc:CPD-24834				
cpd46596	MetaCyc:CPD-23030	MetaCyc:CPD-23030	MetaCyc:CPD-23030	MetaCyc:CPD-23030	MetaCyc:CPD-23030	MetaCyc:CPD-23030				
cpd46597	MetaCyc:CPD-23311	MetaCyc:CPD-23311	MetaCyc:CPD-23311	MetaCyc:CPD-23311		MetaCyc:CPD-23311				
cpd46598	MetaCyc:CPD-24095	MetaCyc:CPD-24095	MetaCyc:CPD-24095	MetaCyc:CPD-24095	MetaCyc:CPD-24095	MetaCyc:CPD-24095				
cpd46599	MetaCyc:CPD-24900@Charged	MetaCyc:CPD-24900@Charged	MetaCyc:CPD-24900@Charged	MetaCyc:CPD-24900@Charged	MetaCyc:CPD-24900					
cpd46600	MetaCyc:CPD-25192	MetaCyc:CPD-25192	MetaCyc:CPD-25192	MetaCyc:CPD-25192	MetaCyc:CPD-25192	MetaCyc:CPD-25192				
cpd46601	MetaCyc:CPD-21754	MetaCyc:CPD-21754	MetaCyc:CPD-21754	MetaCyc:CPD-21754	MetaCyc:CPD-21754	MetaCyc:CPD-21754				
cpd46602	MetaCyc:CPD-22311	MetaCyc:CPD-22311	MetaCyc:CPD-22311	MetaCyc:CPD-22311	MetaCyc:CPD-22311	MetaCyc:CPD-22311				
cpd46603	MetaCyc:CPD0-2662	MetaCyc:CPD0-2662	MetaCyc:CPD0-2662	MetaCyc:CPD0-2662	MetaCyc:CPD0-2662	MetaCyc:CPD0-2662				
cpd46604	MetaCyc:CPD-24752@Charged	MetaCyc:CPD-24752@Charged	MetaCyc:CPD-24752@Charged	MetaCyc:CPD-24752@Charged	MetaCyc:CPD-24752					
cpd46605	MetaCyc:CPD0-2663	MetaCyc:CPD0-2663	MetaCyc:CPD0-2663	MetaCyc:CPD0-2663	MetaCyc:CPD0-2663	MetaCyc:CPD0-2663				
cpd46606	MetaCyc:CPD-23310	MetaCyc:CPD-23310	MetaCyc:CPD-23310	MetaCyc:CPD-23310		MetaCyc:CPD-23310				
cpd46607	MetaCyc:CPD-22001	MetaCyc:CPD-22001	MetaCyc:CPD-22001	MetaCyc:CPD-22001	MetaCyc:CPD-22001	MetaCyc:CPD-22001				
cpd46608	MetaCyc:CPD-22002	MetaCyc:CPD-22002	MetaCyc:CPD-22002	MetaCyc:CPD-22002	MetaCyc:CPD-22002	MetaCyc:CPD-22002				
cpd46609	MetaCyc:CPD-22355	MetaCyc:CPD-22355	MetaCyc:CPD-22355	MetaCyc:CPD-22355		MetaCyc:CPD-22355				
cpd46610	MetaCyc:CPD-21788@Charged	MetaCyc:CPD-21788@Charged		MetaCyc:CPD-21788@Charged	MetaCyc:CPD-21788	MetaCyc:CPD-21788				
cpd46611	MetaCyc:CPD-24078	MetaCyc:CPD-24078	MetaCyc:CPD-24078	MetaCyc:CPD-24078	MetaCyc:CPD-24078	MetaCyc:CPD-24078				
cpd46612										
cpd46613	MetaCyc:CPD-24801	MetaCyc:CPD-24801	MetaCyc:CPD-24801	MetaCyc:CPD-24801	MetaCyc:CPD-24801	MetaCyc:CPD-24801				
cpd46614	MetaCyc:CPD-24802	MetaCyc:CPD-24802	MetaCyc:CPD-24802	MetaCyc:CPD-24802		MetaCyc:CPD-24802				
cpd46615	MetaCyc:CPD-21622	MetaCyc:CPD-21622	MetaCyc:CPD-21622	MetaCyc:CPD-21622	MetaCyc:CPD-21622	MetaCyc:CPD-21622				
cpd46616	MetaCyc:CPD2DNV-9	MetaCyc:CPD2DNV-9	MetaCyc:CPD2DNV-9	MetaCyc:CPD2DNV-9	MetaCyc:CPD2DNV-9	MetaCyc:CPD2DNV-9				
cpd46617	MetaCyc:CPD2B4Q-20	MetaCyc:CPD2B4Q-20	MetaCyc:CPD2B4Q-20	MetaCyc:CPD2B4Q-20	MetaCyc:CPD2B4Q-20	MetaCyc:CPD2B4Q-20				
cpd46618	MetaCyc:CPD2DNV-7	MetaCyc:CPD2DNV-7	MetaCyc:CPD2DNV-7	MetaCyc:CPD2DNV-7	MetaCyc:CPD2DNV-7	MetaCyc:CPD2DNV-7				
cpd46619	MetaCyc:CPD2DNV-8	MetaCyc:CPD2DNV-8	MetaCyc:CPD2DNV-8	MetaCyc:CPD2DNV-8	MetaCyc:CPD2DNV-8	MetaCyc:CPD2DNV-8				
cpd46620	MetaCyc:CPD-24557@Charged	MetaCyc:CPD-24557@Charged	MetaCyc:CPD-24557@Charged	MetaCyc:CPD-24557@Charged	MetaCyc:CPD-24557	MetaCyc:CPD-24557				
cpd46621	MetaCyc:CPD-22869	MetaCyc:CPD-22869	MetaCyc:CPD-22869	MetaCyc:CPD-22869						
cpd46622	MetaCyc:CPD2B4Q-30	MetaCyc:CPD2B4Q-30	MetaCyc:CPD2B4Q-30	MetaCyc:CPD2B4Q-30	MetaCyc:CPD2B4Q-30	MetaCyc:CPD2B4Q-30				
cpd46623	MetaCyc:CPD-22410	MetaCyc:CPD-22410	MetaCyc:CPD-22410	MetaCyc:CPD-22410	MetaCyc:CPD-22410	MetaCyc:CPD-22410				
cpd46624	MetaCyc:CPD2DNV-6	MetaCyc:CPD2DNV-6	MetaCyc:CPD2DNV-6	MetaCyc:CPD2DNV-6	MetaCyc:CPD2DNV-6	MetaCyc:CPD2DNV-6				
cpd46625	MetaCyc:CPD-24240	MetaCyc:CPD-24240	MetaCyc:CPD-24240	MetaCyc:CPD-24240	MetaCyc:CPD-24240	MetaCyc:CPD-24240				
cpd46626	MetaCyc:CPD2B4Q-19	MetaCyc:CPD2B4Q-19	MetaCyc:CPD2B4Q-19	MetaCyc:CPD2B4Q-19	MetaCyc:CPD2B4Q-19	MetaCyc:CPD2B4Q-19				
cpd46627	MetaCyc:CPD-22713	MetaCyc:CPD-22713	MetaCyc:CPD-22713	MetaCyc:CPD-22713	MetaCyc:CPD-22713	MetaCyc:CPD-22713				
cpd46628	MetaCyc:CPD-24307	MetaCyc:CPD-24307	MetaCyc:CPD-24307	MetaCyc:CPD-24307	MetaCyc:CPD-24307	MetaCyc:CPD-24307				
cpd46629	MetaCyc:CPD-24487	MetaCyc:CPD-24487	MetaCyc:CPD-24487	MetaCyc:CPD-24487	MetaCyc:CPD-24487					
cpd46630	MetaCyc:CPD-25440	MetaCyc:CPD-25440	MetaCyc:CPD-25440	MetaCyc:CPD-25440	MetaCyc:CPD-25440	MetaCyc:CPD-25440				
cpd46631	MetaCyc:CPD-25441	MetaCyc:CPD-25441	MetaCyc:CPD-25441	MetaCyc:CPD-25441	MetaCyc:CPD-25441	MetaCyc:CPD-25441				
cpd46632	MetaCyc:CPD-24357	MetaCyc:CPD-24357	MetaCyc:CPD-24357	MetaCyc:CPD-24357	MetaCyc:CPD-24357	MetaCyc:CPD-24357				
cpd46633	MetaCyc:CPD-24354@Charged	MetaCyc:CPD-24354@Charged	MetaCyc:CPD-24354@Charged	MetaCyc:CPD-24354@Charged	MetaCyc:CPD-24354	MetaCyc:CPD-24354				
cpd46634	MetaCyc:CPD-24350	MetaCyc:CPD-24350	MetaCyc:CPD-24350	MetaCyc:CPD-24350	MetaCyc:CPD-24350	MetaCyc:CPD-24350				
cpd46635	MetaCyc:CPD-24358	MetaCyc:CPD-24358	MetaCyc:CPD-24358	MetaCyc:CPD-24358	MetaCyc:CPD-24358	MetaCyc:CPD-24358				
cpd46636	MetaCyc:CPD-24355	MetaCyc:CPD-24355	MetaCyc:CPD-24355	MetaCyc:CPD-24355		MetaCyc:CPD-24355				
cpd46637	MetaCyc:CPD-24356	MetaCyc:CPD-24356	MetaCyc:CPD-24356	MetaCyc:CPD-24356	MetaCyc:CPD-24356	MetaCyc:CPD-24356				
cpd46638	MetaCyc:CPD-22833	MetaCyc:CPD-22833	MetaCyc:CPD-22833	MetaCyc:CPD-22833	MetaCyc:CPD-22833	MetaCyc:CPD-22833				
cpd46639	MetaCyc:CPD-24545	MetaCyc:CPD-24545	MetaCyc:CPD-24545	MetaCyc:CPD-24545	MetaCyc:CPD-24545	MetaCyc:CPD-24545				
cpd46640	MetaCyc:CPD-22056	MetaCyc:CPD-22056	MetaCyc:CPD-22056	MetaCyc:CPD-22056	MetaCyc:CPD-22056	MetaCyc:CPD-22056				
cpd46641	MetaCyc:CPD-24349	MetaCyc:CPD-24349	MetaCyc:CPD-24349	MetaCyc:CPD-24349	MetaCyc:CPD-24349	MetaCyc:CPD-24349				
cpd46642	MetaCyc:CPD-23479	MetaCyc:CPD-23479	MetaCyc:CPD-23479	MetaCyc:CPD-23479	MetaCyc:CPD-23479	MetaCyc:CPD-23479				
cpd46643	MetaCyc:CPD-23480	MetaCyc:CPD-23480	MetaCyc:CPD-23480	MetaCyc:CPD-23480	MetaCyc:CPD-23480	MetaCyc:CPD-23480				
cpd46644	MetaCyc:CPD-22345	MetaCyc:CPD-22345	MetaCyc:CPD-22345	MetaCyc:CPD-22345	MetaCyc:CPD-22345	MetaCyc:CPD-22345				
cpd46645	MetaCyc:CPD-25830	MetaCyc:CPD-25830	MetaCyc:CPD-25830	MetaCyc:CPD-25830	MetaCyc:CPD-25830	MetaCyc:CPD-25830				
cpd46646	MetaCyc:CPD-24761@Charged	MetaCyc:CPD-24761@Charged	MetaCyc:CPD-24761@Charged	MetaCyc:CPD-24761@Charged	MetaCyc:CPD-24761	MetaCyc:CPD-24761				
cpd46647	MetaCyc:CPD-25512	MetaCyc:CPD-25512	MetaCyc:CPD-25512	MetaCyc:CPD-25512	MetaCyc:CPD-25512	MetaCyc:CPD-25512				
cpd46648	MetaCyc:CPD-25043	MetaCyc:CPD-25043	MetaCyc:CPD-25043	MetaCyc:CPD-25043	MetaCyc:CPD-25043	MetaCyc:CPD-25043				
cpd46649	MetaCyc:CPD-22606	MetaCyc:CPD-22606	MetaCyc:CPD-22606	MetaCyc:CPD-22606	MetaCyc:CPD-22606	MetaCyc:CPD-22606				
cpd46650	MetaCyc:CPD-25228	MetaCyc:CPD-25228	MetaCyc:CPD-25228	MetaCyc:CPD-25228	MetaCyc:CPD-25228	MetaCyc:CPD-25228				
cpd46651	MetaCyc:CPD-25034	MetaCyc:CPD-25034	MetaCyc:CPD-25034	MetaCyc:CPD-25034	MetaCyc:CPD-25034	MetaCyc:CPD-25034				
cpd46652	MetaCyc:CPD-25225	MetaCyc:CPD-25225	MetaCyc:CPD-25225	MetaCyc:CPD-25225	MetaCyc:CPD-25225	MetaCyc:CPD-25225				
cpd46653	MetaCyc:CPD-25222	MetaCyc:CPD-25222	MetaCyc:CPD-25222	MetaCyc:CPD-25222	MetaCyc:CPD-25222	MetaCyc:CPD-25222				
cpd46654	MetaCyc:CPD-22605	MetaCyc:CPD-22605	MetaCyc:CPD-22605	MetaCyc:CPD-22605	MetaCyc:CPD-22605	MetaCyc:CPD-22605				
cpd46655	MetaCyc:CPD-25219	MetaCyc:CPD-25219	MetaCyc:CPD-25219	MetaCyc:CPD-25219	MetaCyc:CPD-25219	MetaCyc:CPD-25219				
cpd46656	MetaCyc:CPD-25044	MetaCyc:CPD-25044	MetaCyc:CPD-25044	MetaCyc:CPD-25044	MetaCyc:CPD-25044	MetaCyc:CPD-25044				
cpd46657	MetaCyc:CPD-25035	MetaCyc:CPD-25035	MetaCyc:CPD-25035	MetaCyc:CPD-25035		MetaCyc:CPD-25035				
cpd46658	MetaCyc:CPD-25226	MetaCyc:CPD-25226	MetaCyc:CPD-25226	MetaCyc:CPD-25226	MetaCyc:CPD-25226	MetaCyc:CPD-25226				
cpd46659	MetaCyc:CPD-25223	MetaCyc:CPD-25223	MetaCyc:CPD-25223	MetaCyc:CPD-25223	MetaCyc:CPD-25223	MetaCyc:CPD-25223				
cpd46660	MetaCyc:CPD-25220	MetaCyc:CPD-25220	MetaCyc:CPD-25220	MetaCyc:CPD-25220	MetaCyc:CPD-25220	MetaCyc:CPD-25220				
cpd46661	MetaCyc:CPD-25217	MetaCyc:CPD-25217	MetaCyc:CPD-25217	MetaCyc:CPD-25217	MetaCyc:CPD-25217	MetaCyc:CPD-25217				
cpd46662	MetaCyc:CPD-25036	MetaCyc:CPD-25036	MetaCyc:CPD-25036	MetaCyc:CPD-25036	MetaCyc:CPD-25036	MetaCyc:CPD-25036				
cpd46663	MetaCyc:CPD-25689	MetaCyc:CPD-25689	MetaCyc:CPD-25689	MetaCyc:CPD-25689	MetaCyc:CPD-25689	MetaCyc:CPD-25689				
cpd46664	MetaCyc:CPD-25227@Charged	MetaCyc:CPD-25227@Charged	MetaCyc:CPD-25227@Charged	MetaCyc:CPD-25227@Charged	MetaCyc:CPD-25227	MetaCyc:CPD-25227				
cpd46665	MetaCyc:CPD-25224@Charged	MetaCyc:CPD-25224@Charged	MetaCyc:CPD-25224@Charged	MetaCyc:CPD-25224@Charged	MetaCyc:CPD-25224	MetaCyc:CPD-25224				
cpd46666	MetaCyc:CPD-25221	MetaCyc:CPD-25221	MetaCyc:CPD-25221	MetaCyc:CPD-25221	MetaCyc:CPD-25221	MetaCyc:CPD-25221				
cpd46667	MetaCyc:CPD-25218	MetaCyc:CPD-25218	MetaCyc:CPD-25218	MetaCyc:CPD-25218	MetaCyc:CPD-25218	MetaCyc:CPD-25218				
cpd46668	MetaCyc:CPD-22841	MetaCyc:CPD-22841	MetaCyc:CPD-22841	MetaCyc:CPD-22841		MetaCyc:CPD-22841				
cpd46669	MetaCyc:CPD-22500	MetaCyc:CPD-22500	MetaCyc:CPD-22500	MetaCyc:CPD-22500	MetaCyc:CPD-22500	MetaCyc:CPD-22500				
cpd46670	MetaCyc:CPD-21918	MetaCyc:CPD-21918	MetaCyc:CPD-21918	MetaCyc:CPD-21918	MetaCyc:CPD-21918	MetaCyc:CPD-21918				
cpd46671	MetaCyc:CPD-24920	MetaCyc:CPD-24920	MetaCyc:CPD-24920	MetaCyc:CPD-24920		MetaCyc:CPD-24920				
cpd46672	MetaCyc:CPD-22505	MetaCyc:CPD-22505	MetaCyc:CPD-22505	MetaCyc:CPD-22505@Charged	MetaCyc:CPD-22505	MetaCyc:CPD-22505				
cpd46673	MetaCyc:CPD-25853	MetaCyc:CPD-25853	MetaCyc:CPD-25853	MetaCyc:CPD-25853	MetaCyc:CPD-25853	MetaCyc:CPD-25853				
cpd46674	MetaCyc:CPD-23470	MetaCyc:CPD-23470	MetaCyc:CPD-23470	MetaCyc:CPD-23470	MetaCyc:CPD-23470	MetaCyc:CPD-23470				
cpd46675	MetaCyc:CPD-22559	MetaCyc:CPD-22559	MetaCyc:CPD-22559	MetaCyc:CPD-22559	MetaCyc:CPD-22559	MetaCyc:CPD-22559				
cpd46676	MetaCyc:CPD-22506@Charged	MetaCyc:CPD-22506@Charged	MetaCyc:CPD-22506@Charged	MetaCyc:CPD-22506@Charged	MetaCyc:CPD-22506	MetaCyc:CPD-22506				
cpd46677	MetaCyc:CPD-25855	MetaCyc:CPD-25855	MetaCyc:CPD-25855	MetaCyc:CPD-25855	MetaCyc:CPD-25855	MetaCyc:CPD-25855				
cpd46678	MetaCyc:CPD-22516	MetaCyc:CPD-22516	MetaCyc:CPD-22516	MetaCyc:CPD-22516	MetaCyc:CPD-22516	MetaCyc:CPD-22516				
cpd46679	MetaCyc:CPD-25869	MetaCyc:CPD-25869	MetaCyc:CPD-25869	MetaCyc:CPD-25869	MetaCyc:CPD-25869					
cpd46680	MetaCyc:CPD-25381	MetaCyc:CPD-25381	MetaCyc:CPD-25381	MetaCyc:CPD-25381	MetaCyc:CPD-25381	MetaCyc:CPD-25381				
cpd46681	MetaCyc:CPD-22553	MetaCyc:CPD-22553	MetaCyc:CPD-22553	MetaCyc:CPD-22553@Charged	MetaCyc:CPD-22553	MetaCyc:CPD-22553				
cpd46682	MetaCyc:CPD-25975	MetaCyc:CPD-25975	MetaCyc:CPD-25975	MetaCyc:CPD-25975	MetaCyc:CPD-25975	MetaCyc:CPD-25975				
cpd46683	MetaCyc:CPD-25976	MetaCyc:CPD-25976	MetaCyc:CPD-25976	MetaCyc:CPD-25976		MetaCyc:CPD-25976				
cpd46684	MetaCyc:CPD-22296	MetaCyc:CPD-22296	MetaCyc:CPD-22296	MetaCyc:CPD-22296		MetaCyc:CPD-22296				
cpd46685	MetaCyc:CPD-25972	MetaCyc:CPD-25972	MetaCyc:CPD-25972	MetaCyc:CPD-25972		MetaCyc:CPD-25972				
cpd46686	MetaCyc:CPD-25729	MetaCyc:CPD-25729	MetaCyc:CPD-25729	MetaCyc:CPD-25729	MetaCyc:CPD-25729	MetaCyc:CPD-25729				
cpd46687	MetaCyc:CPD-25420	MetaCyc:CPD-25420	MetaCyc:CPD-25420	MetaCyc:CPD-25420	MetaCyc:CPD-25420	MetaCyc:CPD-25420				
cpd46688	MetaCyc:CPD-25434	MetaCyc:CPD-25434	MetaCyc:CPD-25434	MetaCyc:CPD-25434	MetaCyc:CPD-25434	MetaCyc:CPD-25434				
cpd46689	MetaCyc:CPD-22269	MetaCyc:CPD-22269	MetaCyc:CPD-22269	MetaCyc:CPD-22269		MetaCyc:CPD-22269				
cpd46690	MetaCyc:CPD-22851	MetaCyc:CPD-22851	MetaCyc:CPD-22851	MetaCyc:CPD-22851	MetaCyc:CPD-22851	MetaCyc:CPD-22851				
cpd46691	MetaCyc:CPD-25878	MetaCyc:CPD-25878	MetaCyc:CPD-25878	MetaCyc:CPD-25878	MetaCyc:CPD-25878	MetaCyc:CPD-25878				
cpd46692	MetaCyc:CPD-25537	MetaCyc:CPD-25537		MetaCyc:CPD-25537	MetaCyc:CPD-25537	MetaCyc:CPD-25537				
cpd46693	MetaCyc:CPD-25538	MetaCyc:CPD-25538	MetaCyc:CPD-25538	MetaCyc:CPD-25538	MetaCyc:CPD-25538	MetaCyc:CPD-25538				
cpd46694	MetaCyc:CPD-22879	MetaCyc:CPD-22879	MetaCyc:CPD-22879	MetaCyc:CPD-22879		MetaCyc:CPD-22879				
cpd46695	MetaCyc:CPD-22128	MetaCyc:CPD-22128	MetaCyc:CPD-22128	MetaCyc:CPD-22128	MetaCyc:CPD-22128	MetaCyc:CPD-22128				
cpd46696	MetaCyc:CPD-25539	MetaCyc:CPD-25539		MetaCyc:CPD-25539	MetaCyc:CPD-25539	MetaCyc:CPD-25539				
cpd46697										
cpd46698	MetaCyc:CPD-22279	MetaCyc:CPD-22279	MetaCyc:CPD-22279	MetaCyc:CPD-22279		MetaCyc:CPD-22279				
cpd46699	MetaCyc:CPD-22270	MetaCyc:CPD-22270	MetaCyc:CPD-22270	MetaCyc:CPD-22270	MetaCyc:CPD-22270	MetaCyc:CPD-22270				
cpd46700	MetaCyc:CPD-24359	MetaCyc:CPD-24359	MetaCyc:CPD-24359	MetaCyc:CPD-24359	MetaCyc:CPD-24359	MetaCyc:CPD-24359				
cpd46701	MetaCyc:CPD-22989	MetaCyc:CPD-22989	MetaCyc:CPD-22989	MetaCyc:CPD-22989	MetaCyc:CPD-22989	MetaCyc:CPD-22989				
cpd46702	MetaCyc:CPD-22280	MetaCyc:CPD-22280	MetaCyc:CPD-22280	MetaCyc:CPD-22280	MetaCyc:CPD-22280	MetaCyc:CPD-22280				
cpd46703	MetaCyc:CPD-22268	MetaCyc:CPD-22268	MetaCyc:CPD-22268	MetaCyc:CPD-22268	MetaCyc:CPD-22268	MetaCyc:CPD-22268				
cpd46704	MetaCyc:CPD-22504@Charged	MetaCyc:CPD-22504@Charged	MetaCyc:CPD-22504@Charged	MetaCyc:CPD-22504@Charged	MetaCyc:CPD-22504	MetaCyc:CPD-22504				
cpd46705	MetaCyc:CPD-22278	MetaCyc:CPD-22278	MetaCyc:CPD-22278	MetaCyc:CPD-22278	MetaCyc:CPD-22278	MetaCyc:CPD-22278				
cpd46706	MetaCyc:CPD-25956	MetaCyc:CPD-25956	MetaCyc:CPD-25956	MetaCyc:CPD-25956	MetaCyc:CPD-25956	MetaCyc:CPD-25956				
cpd46707	MetaCyc:CPD-25980	MetaCyc:CPD-25980	MetaCyc:CPD-25980	MetaCyc:CPD-25980	MetaCyc:CPD-25980	MetaCyc:CPD-25980				
cpd46708	MetaCyc:CPD-25947	MetaCyc:CPD-25947	MetaCyc:CPD-25947	MetaCyc:CPD-25947	MetaCyc:CPD-25947	MetaCyc:CPD-25947				
cpd46709	MetaCyc:CPD-25971	MetaCyc:CPD-25971	MetaCyc:CPD-25971	MetaCyc:CPD-25971	MetaCyc:CPD-25971	MetaCyc:CPD-25971				
cpd46710	MetaCyc:CPD-25944	MetaCyc:CPD-25944	MetaCyc:CPD-25944	MetaCyc:CPD-25944	MetaCyc:CPD-25944	MetaCyc:CPD-25944				
cpd46711	MetaCyc:CPD-25966	MetaCyc:CPD-25966	MetaCyc:CPD-25966	MetaCyc:CPD-25966	MetaCyc:CPD-25966	MetaCyc:CPD-25966				
cpd46712	MetaCyc:CPD-25961	MetaCyc:CPD-25961	MetaCyc:CPD-25961	MetaCyc:CPD-25961	MetaCyc:CPD-25961	MetaCyc:CPD-25961				
cpd46713	MetaCyc:CPD-25510	MetaCyc:CPD-25510	MetaCyc:CPD-25510	MetaCyc:CPD-25510	MetaCyc:CPD-25510	MetaCyc:CPD-25510				
cpd46714	MetaCyc:CPD-25957	MetaCyc:CPD-25957	MetaCyc:CPD-25957	MetaCyc:CPD-25957	MetaCyc:CPD-25957	MetaCyc:CPD-25957				
cpd46715	MetaCyc:CPD-25948	MetaCyc:CPD-25948	MetaCyc:CPD-25948	MetaCyc:CPD-25948	MetaCyc:CPD-25948	MetaCyc:CPD-25948				
cpd46716	MetaCyc:CPD-25977	MetaCyc:CPD-25977	MetaCyc:CPD-25977	MetaCyc:CPD-25977@Charged	MetaCyc:CPD-25977	MetaCyc:CPD-25977				
cpd46717	MetaCyc:CPD-25945	MetaCyc:CPD-25945	MetaCyc:CPD-25945	MetaCyc:CPD-25945	MetaCyc:CPD-25945	MetaCyc:CPD-25945				
cpd46718	MetaCyc:CPD-25969	MetaCyc:CPD-25969	MetaCyc:CPD-25969	MetaCyc:CPD-25969	MetaCyc:CPD-25969	MetaCyc:CPD-25969				
cpd46719	MetaCyc:CPD-25942	MetaCyc:CPD-25942	MetaCyc:CPD-25942	MetaCyc:CPD-25942	MetaCyc:CPD-25942	MetaCyc:CPD-25942				
cpd46720	MetaCyc:CPD-25962	MetaCyc:CPD-25962	MetaCyc:CPD-25962	MetaCyc:CPD-25962	MetaCyc:CPD-25962	MetaCyc:CPD-25962				
cpd46721	MetaCyc:CPD-25958	MetaCyc:CPD-25958	MetaCyc:CPD-25958	MetaCyc:CPD-25958	MetaCyc:CPD-25958	MetaCyc:CPD-25958				
cpd46722	MetaCyc:CPD-25949	MetaCyc:CPD-25949	MetaCyc:CPD-25949	MetaCyc:CPD-25949	MetaCyc:CPD-25949	MetaCyc:CPD-25949				
cpd46723	MetaCyc:CPD-25979	MetaCyc:CPD-25979	MetaCyc:CPD-25979	MetaCyc:CPD-25979	MetaCyc:CPD-25979	MetaCyc:CPD-25979				
cpd46724	MetaCyc:CPD-25946	MetaCyc:CPD-25946	MetaCyc:CPD-25946	MetaCyc:CPD-25946	MetaCyc:CPD-25946	MetaCyc:CPD-25946				
cpd46725	MetaCyc:CPD-25970	MetaCyc:CPD-25970	MetaCyc:CPD-25970	MetaCyc:CPD-25970	MetaCyc:CPD-25970	MetaCyc:CPD-25970				
cpd46726	MetaCyc:CPD-25943	MetaCyc:CPD-25943	MetaCyc:CPD-25943	MetaCyc:CPD-25943	MetaCyc:CPD-25943	MetaCyc:CPD-25943				
cpd46727	MetaCyc:CPD-25964	MetaCyc:CPD-25964	MetaCyc:CPD-25964	MetaCyc:CPD-25964	MetaCyc:CPD-25964	MetaCyc:CPD-25964				
cpd46728	MetaCyc:CPD-25817	MetaCyc:CPD-25817	MetaCyc:CPD-25817	MetaCyc:CPD-25817	MetaCyc:CPD-25817	MetaCyc:CPD-25817				
cpd46729	MetaCyc:CPD-25509	MetaCyc:CPD-25509	MetaCyc:CPD-25509	MetaCyc:CPD-25509	MetaCyc:CPD-25509	MetaCyc:CPD-25509				
cpd46730	MetaCyc:CPD2DNV-4	MetaCyc:CPD2DNV-4	MetaCyc:CPD2DNV-4	MetaCyc:CPD2DNV-4	MetaCyc:CPD2DNV-4	MetaCyc:CPD2DNV-4				
cpd46731	MetaCyc:CPD2DNV-16	MetaCyc:CPD2DNV-16	MetaCyc:CPD2DNV-16	MetaCyc:CPD2DNV-16	MetaCyc:CPD2DNV-16	MetaCyc:CPD2DNV-16				
cpd46732	MetaCyc:CPD2DNV-13	MetaCyc:CPD2DNV-13	MetaCyc:CPD2DNV-13	MetaCyc:CPD2DNV-13	MetaCyc:CPD2DNV-13	MetaCyc:CPD2DNV-13				
cpd46733	MetaCyc:CPD-22150@Charged	MetaCyc:CPD-22150@Charged	MetaCyc:CPD-22150@Charged	MetaCyc:CPD-22150@Charged		MetaCyc:CPD-22150				
cpd46734	MetaCyc:CPD-22295	MetaCyc:CPD-22295	MetaCyc:CPD-22295	MetaCyc:CPD-22295	MetaCyc:CPD-22295	MetaCyc:CPD-22295				
cpd46735	MetaCyc:CPD2B4Q-17	MetaCyc:CPD2B4Q-17	MetaCyc:CPD2B4Q-17	MetaCyc:CPD2B4Q-17	MetaCyc:CPD2B4Q-17	MetaCyc:CPD2B4Q-17				
cpd46736	MetaCyc:CPD-25954@Charged	MetaCyc:CPD-25954@Charged	MetaCyc:CPD-25954@Charged	MetaCyc:CPD-25954@Charged		MetaCyc:CPD-25954				
cpd46737	MetaCyc:CPD-25955@Charged	MetaCyc:CPD-25955@Charged	MetaCyc:CPD-25955@Charged	MetaCyc:CPD-25955@Charged	MetaCyc:CPD-25955	MetaCyc:CPD-25955				
cpd46738	MetaCyc:CPD-25953@Charged	MetaCyc:CPD-25953@Charged	MetaCyc:CPD-25953@Charged	MetaCyc:CPD-25953@Charged		MetaCyc:CPD-25953				
cpd46739	MetaCyc:CPD-22408	MetaCyc:CPD-22408	MetaCyc:CPD-22408	MetaCyc:CPD-22408	MetaCyc:CPD-22408	MetaCyc:CPD-22408				
cpd46740	MetaCyc:CPD2DNV-17	MetaCyc:CPD2DNV-17	MetaCyc:CPD2DNV-17	MetaCyc:CPD2DNV-17	MetaCyc:CPD2DNV-17	MetaCyc:CPD2DNV-17				
cpd46741	MetaCyc:CPD2DNV-14	MetaCyc:CPD2DNV-14	MetaCyc:CPD2DNV-14	MetaCyc:CPD2DNV-14	MetaCyc:CPD2DNV-14	MetaCyc:CPD2DNV-14				
cpd46742	MetaCyc:CPD2DNV-11	MetaCyc:CPD2DNV-11	MetaCyc:CPD2DNV-11	MetaCyc:CPD2DNV-11	MetaCyc:CPD2DNV-11	MetaCyc:CPD2DNV-11				
cpd46743	MetaCyc:CPD-24238	MetaCyc:CPD-24238	MetaCyc:CPD-24238	MetaCyc:CPD-24238	MetaCyc:CPD-24238	MetaCyc:CPD-24238				
cpd46744	MetaCyc:CPD2DNV-18	MetaCyc:CPD2DNV-18	MetaCyc:CPD2DNV-18	MetaCyc:CPD2DNV-18	MetaCyc:CPD2DNV-18	MetaCyc:CPD2DNV-18				
cpd46745	MetaCyc:CPD2DNV-15	MetaCyc:CPD2DNV-15	MetaCyc:CPD2DNV-15	MetaCyc:CPD2DNV-15	MetaCyc:CPD2DNV-15	MetaCyc:CPD2DNV-15				
cpd46746	MetaCyc:CPD2DNV-12	MetaCyc:CPD2DNV-12	MetaCyc:CPD2DNV-12	MetaCyc:CPD2DNV-12	MetaCyc:CPD2DNV-12	MetaCyc:CPD2DNV-12				
cpd46747	MetaCyc:CPD-23210	MetaCyc:CPD-23210	MetaCyc:CPD-23210	MetaCyc:CPD-23210	MetaCyc:CPD-23210	MetaCyc:CPD-23210				
cpd46748	MetaCyc:CPD-24426	MetaCyc:CPD-24426	MetaCyc:CPD-24426	MetaCyc:CPD-24426	MetaCyc:CPD-24426	MetaCyc:CPD-24426				
cpd46749	MetaCyc:CPD-23208	MetaCyc:CPD-23208	MetaCyc:CPD-23208	MetaCyc:CPD-23208	MetaCyc:CPD-23208	MetaCyc:CPD-23208				
cpd46750	MetaCyc:CPD-25706	MetaCyc:CPD-25706	MetaCyc:CPD-25706	MetaCyc:CPD-25706	MetaCyc:CPD-25706	MetaCyc:CPD-25706				
cpd46751	MetaCyc:CPD-23209	MetaCyc:CPD-23209	MetaCyc:CPD-23209	MetaCyc:CPD-23209	MetaCyc:CPD-23209	MetaCyc:CPD-23209				
cpd46752	MetaCyc:CPD-22050	MetaCyc:CPD-22050	MetaCyc:CPD-22050	MetaCyc:CPD-22050	MetaCyc:CPD-22050	MetaCyc:CPD-22050				
cpd46753	MetaCyc:CPD-22016	MetaCyc:CPD-22016	MetaCyc:CPD-22016	MetaCyc:CPD-22016	MetaCyc:CPD-22016	MetaCyc:CPD-22016				
cpd46754	MetaCyc:CPD-22021	MetaCyc:CPD-22021	MetaCyc:CPD-22021	MetaCyc:CPD-22021	MetaCyc:CPD-22021	MetaCyc:CPD-22021				
cpd46755	MetaCyc:CPD-22048	MetaCyc:CPD-22048	MetaCyc:CPD-22048	MetaCyc:CPD-22048	MetaCyc:CPD-22048	MetaCyc:CPD-22048				
cpd46756	MetaCyc:CPD-23526@Charged	MetaCyc:CPD-23526@Charged	MetaCyc:CPD-23526@Charged	MetaCyc:CPD-23526@Charged		MetaCyc:CPD-23526				
cpd46757	MetaCyc:CPD-25938	MetaCyc:CPD-25938	MetaCyc:CPD-25938	MetaCyc:CPD-25938	MetaCyc:CPD-25938	MetaCyc:CPD-25938				
cpd46758	MetaCyc:CPD-22636	MetaCyc:CPD-22636	MetaCyc:CPD-22636	MetaCyc:CPD-22636	MetaCyc:CPD-22636	MetaCyc:CPD-22636				
cpd46759	MetaCyc:CPD-21813	MetaCyc:CPD-21813	MetaCyc:CPD-21813	MetaCyc:CPD-21813	MetaCyc:CPD-21813	MetaCyc:CPD-21813				
cpd46760	MetaCyc:CPD2G6Z-4	MetaCyc:CPD2G6Z-4	MetaCyc:CPD2G6Z-4	MetaCyc:CPD2G6Z-4	MetaCyc:CPD2G6Z-4	MetaCyc:CPD2G6Z-4				
cpd46761	MetaCyc:CPD-25038	MetaCyc:CPD-25038	MetaCyc:CPD-25038	MetaCyc:CPD-25038	MetaCyc:CPD-25038	MetaCyc:CPD-25038				
cpd46762	MetaCyc:CPD-23545	MetaCyc:CPD-23545	MetaCyc:CPD-23545	MetaCyc:CPD-23545	MetaCyc:CPD-23545	MetaCyc:CPD-23545				
cpd46763	MetaCyc:CPD2B4Q-2	MetaCyc:CPD2B4Q-2	MetaCyc:CPD2B4Q-2	MetaCyc:CPD2B4Q-2	MetaCyc:CPD2B4Q-2	MetaCyc:CPD2B4Q-2				
cpd46764	MetaCyc:CPD-24804	MetaCyc:CPD-24804	MetaCyc:CPD-24804	MetaCyc:CPD-24804	MetaCyc:CPD-24804					
cpd46765	MetaCyc:CPD-23546	MetaCyc:CPD-23546	MetaCyc:CPD-23546	MetaCyc:CPD-23546	MetaCyc:CPD-23546	MetaCyc:CPD-23546				
cpd46766	MetaCyc:CPD-23380	MetaCyc:CPD-23380	MetaCyc:CPD-23380	MetaCyc:CPD-23380		MetaCyc:CPD-23380				
cpd46767										
cpd46768										
cpd46769	MetaCyc:CPD-24856	MetaCyc:CPD-24856	MetaCyc:CPD-24856	MetaCyc:CPD-24856	MetaCyc:CPD-24856	MetaCyc:CPD-24856				
cpd46770	MetaCyc:CPD-24855	MetaCyc:CPD-24855	MetaCyc:CPD-24855	MetaCyc:CPD-24855	MetaCyc:CPD-24855	MetaCyc:CPD-24855				
cpd46771	MetaCyc:CPD-22766	MetaCyc:CPD-22766	MetaCyc:CPD-22766	MetaCyc:CPD-22766	MetaCyc:CPD-22766	MetaCyc:CPD-22766				
cpd46772	MetaCyc:CPD-22765	MetaCyc:CPD-22765	MetaCyc:CPD-22765	MetaCyc:CPD-22765	MetaCyc:CPD-22765	MetaCyc:CPD-22765				
cpd46773	MetaCyc:CPD-23956	MetaCyc:CPD-23956	MetaCyc:CPD-23956	MetaCyc:CPD-23956	MetaCyc:CPD-23956	MetaCyc:CPD-23956				
cpd46774	MetaCyc:CPD-22587	MetaCyc:CPD-22587	MetaCyc:CPD-22587	MetaCyc:CPD-22587	MetaCyc:CPD-22587	MetaCyc:CPD-22587				
cpd46775	MetaCyc:CPD-23963	MetaCyc:CPD-23963	MetaCyc:CPD-23963	MetaCyc:CPD-23963	MetaCyc:CPD-23963	MetaCyc:CPD-23963				
cpd46776	MetaCyc:CPD-22588	MetaCyc:CPD-22588	MetaCyc:CPD-22588	MetaCyc:CPD-22588	MetaCyc:CPD-22588	MetaCyc:CPD-22588				
cpd46777	MetaCyc:CPD-24215	MetaCyc:CPD-24215	MetaCyc:CPD-24215	MetaCyc:CPD-24215	MetaCyc:CPD-24215	MetaCyc:CPD-24215				
cpd46778	MetaCyc:CPD-24479	MetaCyc:CPD-24479	MetaCyc:CPD-24479	MetaCyc:CPD-24479	MetaCyc:CPD-24479	MetaCyc:CPD-24479				
cpd46779	MetaCyc:CPD-24475	MetaCyc:CPD-24475	MetaCyc:CPD-24475	MetaCyc:CPD-24475	MetaCyc:CPD-24475	MetaCyc:CPD-24475				
cpd46780	MetaCyc:CPD-24212	MetaCyc:CPD-24212	MetaCyc:CPD-24212	MetaCyc:CPD-24212	MetaCyc:CPD-24212	MetaCyc:CPD-24212				
cpd46781	MetaCyc:CPD-24480	MetaCyc:CPD-24480	MetaCyc:CPD-24480	MetaCyc:CPD-24480	MetaCyc:CPD-24480	MetaCyc:CPD-24480				
cpd46782	MetaCyc:CPD-24477@Charged	MetaCyc:CPD-24477@Charged	MetaCyc:CPD-24477@Charged	MetaCyc:CPD-24477@Charged	MetaCyc:CPD-24477	MetaCyc:CPD-24477				
cpd46783	MetaCyc:CPD-24473	MetaCyc:CPD-24473	MetaCyc:CPD-24473	MetaCyc:CPD-24473	MetaCyc:CPD-24473	MetaCyc:CPD-24473				
cpd46784	MetaCyc:CPD-24478@Charged	MetaCyc:CPD-24478@Charged	MetaCyc:CPD-24478@Charged	MetaCyc:CPD-24478@Charged	MetaCyc:CPD-24478	MetaCyc:CPD-24478				
cpd46785	MetaCyc:CPD-24474	MetaCyc:CPD-24474	MetaCyc:CPD-24474	MetaCyc:CPD-24474	MetaCyc:CPD-24474	MetaCyc:CPD-24474				
cpd46786	MetaCyc:CPD-22225	MetaCyc:CPD-22225	MetaCyc:CPD-22225	MetaCyc:CPD-22225	MetaCyc:CPD-22225	MetaCyc:CPD-22225				
cpd46787	MetaCyc:CPD-23409	MetaCyc:CPD-23409	MetaCyc:CPD-23409	MetaCyc:CPD-23409	MetaCyc:CPD-23409	MetaCyc:CPD-23409				
cpd46788	MetaCyc:CPD-24216	MetaCyc:CPD-24216	MetaCyc:CPD-24216	MetaCyc:CPD-24216	MetaCyc:CPD-24216	MetaCyc:CPD-24216				
cpd46789	MetaCyc:CPD-23707	MetaCyc:CPD-23707	MetaCyc:CPD-23707	MetaCyc:CPD-23707	MetaCyc:CPD-23707	MetaCyc:CPD-23707				
cpd46790	MetaCyc:CPD-24213	MetaCyc:CPD-24213	MetaCyc:CPD-24213	MetaCyc:CPD-24213	MetaCyc:CPD-24213	MetaCyc:CPD-24213				
cpd46791	MetaCyc:CPD-24210	MetaCyc:CPD-24210	MetaCyc:CPD-24210	MetaCyc:CPD-24210	MetaCyc:CPD-24210	MetaCyc:CPD-24210				
cpd46792	MetaCyc:CPD-22767	MetaCyc:CPD-22767	MetaCyc:CPD-22767	MetaCyc:CPD-22767	MetaCyc:CPD-22767	MetaCyc:CPD-22767				
cpd46793	MetaCyc:CPD-24540	MetaCyc:CPD-24540	MetaCyc:CPD-24540	MetaCyc:CPD-24540		MetaCyc:CPD-24540				
cpd46794	MetaCyc:CPD-24214	MetaCyc:CPD-24214	MetaCyc:CPD-24214	MetaCyc:CPD-24214	MetaCyc:CPD-24214	MetaCyc:CPD-24214				
cpd46795	MetaCyc:CPD-22131	MetaCyc:CPD-22131	MetaCyc:CPD-22131	MetaCyc:CPD-22131	MetaCyc:CPD-22131	MetaCyc:CPD-22131				
cpd46796	MetaCyc:CPD-24211	MetaCyc:CPD-24211	MetaCyc:CPD-24211	MetaCyc:CPD-24211	MetaCyc:CPD-24211	MetaCyc:CPD-24211				
cpd46797	MetaCyc:CPD-24187	MetaCyc:CPD-24187	MetaCyc:CPD-24187	MetaCyc:CPD-24187	MetaCyc:CPD-24187	MetaCyc:CPD-24187				
cpd46798	MetaCyc:CPD-23708	MetaCyc:CPD-23708	MetaCyc:CPD-23708	MetaCyc:CPD-23708	MetaCyc:CPD-23708	MetaCyc:CPD-23708				
cpd46799	MetaCyc:CPD-22768	MetaCyc:CPD-22768	MetaCyc:CPD-22768	MetaCyc:CPD-22768	MetaCyc:CPD-22768	MetaCyc:CPD-22768				
cpd46800	MetaCyc:CPD-22761	MetaCyc:CPD-22761	MetaCyc:CPD-22761	MetaCyc:CPD-22761	MetaCyc:CPD-22761	MetaCyc:CPD-22761				
cpd46801	MetaCyc:CPD-24797	MetaCyc:CPD-24797	MetaCyc:CPD-24797	MetaCyc:CPD-24797	MetaCyc:CPD-24797	MetaCyc:CPD-24797				
cpd46802	MetaCyc:CPD-24184	MetaCyc:CPD-24184	MetaCyc:CPD-24184	MetaCyc:CPD-24184	MetaCyc:CPD-24184	MetaCyc:CPD-24184				
cpd46803										
cpd46804	MetaCyc:CPD-23706	MetaCyc:CPD-23706	MetaCyc:CPD-23706	MetaCyc:CPD-23706	MetaCyc:CPD-23706	MetaCyc:CPD-23706				
cpd46805	MetaCyc:CPD-23205	MetaCyc:CPD-23205	MetaCyc:CPD-23205	MetaCyc:CPD-23205		MetaCyc:CPD-23205				
cpd46806	MetaCyc:CPD-22762	MetaCyc:CPD-22762	MetaCyc:CPD-22762	MetaCyc:CPD-22762	MetaCyc:CPD-22762	MetaCyc:CPD-22762				
cpd46807	MetaCyc:CPD-23206	MetaCyc:CPD-23206	MetaCyc:CPD-23206	MetaCyc:CPD-23206		MetaCyc:CPD-23206				
cpd46808	MetaCyc:CPD-22130	MetaCyc:CPD-22130	MetaCyc:CPD-22130	MetaCyc:CPD-22130	MetaCyc:CPD-22130	MetaCyc:CPD-22130				
cpd46809	MetaCyc:CPD-24560@Charged	MetaCyc:CPD-24560@Charged	MetaCyc:CPD-24560@Charged	MetaCyc:CPD-24560@Charged		MetaCyc:CPD-24560				
cpd46810										
cpd46811	MetaCyc:CPD-22297	MetaCyc:CPD-22297	MetaCyc:CPD-22297	MetaCyc:CPD-22297		MetaCyc:CPD-22297				
cpd46812	MetaCyc:CPD-24186	MetaCyc:CPD-24186	MetaCyc:CPD-24186	MetaCyc:CPD-24186	MetaCyc:CPD-24186	MetaCyc:CPD-24186				
cpd46813	MetaCyc:CPD-24902@Charged	MetaCyc:CPD-24902@Charged	MetaCyc:CPD-24902@Charged	MetaCyc:CPD-24902@Charged	MetaCyc:CPD-24902	MetaCyc:CPD-24902				
cpd46814	MetaCyc:CPD2G6Z-5	MetaCyc:CPD2G6Z-5	MetaCyc:CPD2G6Z-5	MetaCyc:CPD2G6Z-5	MetaCyc:CPD2G6Z-5	MetaCyc:CPD2G6Z-5				
cpd46815	MetaCyc:CPD-24229	MetaCyc:CPD-24229	MetaCyc:CPD-24229	MetaCyc:CPD-24229	MetaCyc:CPD-24229	MetaCyc:CPD-24229				
cpd46816	MetaCyc:CPD-24224	MetaCyc:CPD-24224	MetaCyc:CPD-24224	MetaCyc:CPD-24224	MetaCyc:CPD-24224	MetaCyc:CPD-24224				
cpd46817	MetaCyc:CPD2B4Q-16	MetaCyc:CPD2B4Q-16	MetaCyc:CPD2B4Q-16	MetaCyc:CPD2B4Q-16	MetaCyc:CPD2B4Q-16	MetaCyc:CPD2B4Q-16				
cpd46818	MetaCyc:CPD2DNV-3	MetaCyc:CPD2DNV-3	MetaCyc:CPD2DNV-3	MetaCyc:CPD2DNV-3	MetaCyc:CPD2DNV-3	MetaCyc:CPD2DNV-3				
cpd46819	MetaCyc:CPD-22402	MetaCyc:CPD-22402	MetaCyc:CPD-22402	MetaCyc:CPD-22402	MetaCyc:CPD-22402	MetaCyc:CPD-22402				
cpd46820	MetaCyc:CPD-22717	MetaCyc:CPD-22717	MetaCyc:CPD-22717	MetaCyc:CPD-22717	MetaCyc:CPD-22717	MetaCyc:CPD-22717				
cpd46821	MetaCyc:CPD-22714	MetaCyc:CPD-22714	MetaCyc:CPD-22714	MetaCyc:CPD-22714	MetaCyc:CPD-22714	MetaCyc:CPD-22714				
cpd46822	MetaCyc:CPD-22718	MetaCyc:CPD-22718	MetaCyc:CPD-22718	MetaCyc:CPD-22718	MetaCyc:CPD-22718	MetaCyc:CPD-22718				
cpd46823	MetaCyc:CPD2DNV-1	MetaCyc:CPD2DNV-1	MetaCyc:CPD2DNV-1	MetaCyc:CPD2DNV-1	MetaCyc:CPD2DNV-1	MetaCyc:CPD2DNV-1				
cpd46824	MetaCyc:CPD-24231	MetaCyc:CPD-24231	MetaCyc:CPD-24231	MetaCyc:CPD-24231	MetaCyc:CPD-24231	MetaCyc:CPD-24231				
cpd46825	MetaCyc:CPD-25702	MetaCyc:CPD-25702	MetaCyc:CPD-25702	MetaCyc:CPD-25702	MetaCyc:CPD-25702	MetaCyc:CPD-25702				
cpd46826	MetaCyc:CPD-22583	MetaCyc:CPD-22583	MetaCyc:CPD-22583	MetaCyc:CPD-22583	MetaCyc:CPD-22583	MetaCyc:CPD-22583				
cpd46827	MetaCyc:CPD-22576	MetaCyc:CPD-22576	MetaCyc:CPD-22576	MetaCyc:CPD-22576	MetaCyc:CPD-22576	MetaCyc:CPD-22576				
cpd46828	MetaCyc:CPD-22585	MetaCyc:CPD-22585	MetaCyc:CPD-22585	MetaCyc:CPD-22585	MetaCyc:CPD-22585	MetaCyc:CPD-22585				
cpd46829	MetaCyc:CPD-22579	MetaCyc:CPD-22579	MetaCyc:CPD-22579	MetaCyc:CPD-22579	MetaCyc:CPD-22579	MetaCyc:CPD-22579				
cpd46830	MetaCyc:CPD2B4Q-14	MetaCyc:CPD2B4Q-14	MetaCyc:CPD2B4Q-14	MetaCyc:CPD2B4Q-14	MetaCyc:CPD2B4Q-14	MetaCyc:CPD2B4Q-14				
cpd46831	MetaCyc:CPD-22599	MetaCyc:CPD-22599	MetaCyc:CPD-22599	MetaCyc:CPD-22599	MetaCyc:CPD-22599	MetaCyc:CPD-22599				
cpd46832	MetaCyc:CPD-22581	MetaCyc:CPD-22581	MetaCyc:CPD-22581	MetaCyc:CPD-22581	MetaCyc:CPD-22581	MetaCyc:CPD-22581				
cpd46833	MetaCyc:CPD-22574	MetaCyc:CPD-22574	MetaCyc:CPD-22574	MetaCyc:CPD-22574	MetaCyc:CPD-22574	MetaCyc:CPD-22574				
cpd46834	MetaCyc:CPD-22404	MetaCyc:CPD-22404	MetaCyc:CPD-22404	MetaCyc:CPD-22404	MetaCyc:CPD-22404	MetaCyc:CPD-22404				
cpd46835	MetaCyc:CPD-25276	MetaCyc:CPD-25276	MetaCyc:CPD-25276	MetaCyc:CPD-25276						
cpd46836	MetaCyc:CPD-23316	MetaCyc:CPD-23316		MetaCyc:CPD-23316	MetaCyc:CPD-23316					
cpd46837	MetaCyc:CPD-24452	MetaCyc:CPD-24452	MetaCyc:CPD-24452	MetaCyc:CPD-24452	MetaCyc:CPD-24452	MetaCyc:CPD-24452				
cpd46838	MetaCyc:CPD-22492@Charged	MetaCyc:CPD-22492@Charged	MetaCyc:CPD-22492@Charged	MetaCyc:CPD-22492@Charged	MetaCyc:CPD-22492	MetaCyc:CPD-22492				
cpd46839	MetaCyc:CPD-24476@Charged	MetaCyc:CPD-24476@Charged	MetaCyc:CPD-24476@Charged	MetaCyc:CPD-24476@Charged	MetaCyc:CPD-24476	MetaCyc:CPD-24476				
cpd46840	MetaCyc:CPD-23360	MetaCyc:CPD-23360	MetaCyc:CPD-23360	MetaCyc:CPD-23360	MetaCyc:CPD-23360	MetaCyc:CPD-23360				
cpd46841	MetaCyc:CPD-23238	MetaCyc:CPD-23238	MetaCyc:CPD-23238	MetaCyc:CPD-23238	MetaCyc:CPD-23238	MetaCyc:CPD-23238				
cpd46842										
cpd46843	MetaCyc:CPD-23362	MetaCyc:CPD-23362	MetaCyc:CPD-23362	MetaCyc:CPD-23362	MetaCyc:CPD-23362	MetaCyc:CPD-23362				
cpd46844	MetaCyc:CPD-23371	MetaCyc:CPD-23371	MetaCyc:CPD-23371	MetaCyc:CPD-23371	MetaCyc:CPD-23371	MetaCyc:CPD-23371				
cpd46845	MetaCyc:CPD-25429	MetaCyc:CPD-25429	MetaCyc:CPD-25429	MetaCyc:CPD-25429	MetaCyc:CPD-25429	MetaCyc:CPD-25429				
cpd46846	MetaCyc:CPD-22832	MetaCyc:CPD-22832	MetaCyc:CPD-22832	MetaCyc:CPD-22832	MetaCyc:CPD-22832	MetaCyc:CPD-22832				
cpd46847	MetaCyc:CPD-25436	MetaCyc:CPD-25436	MetaCyc:CPD-25436	MetaCyc:CPD-25436	MetaCyc:CPD-25436	MetaCyc:CPD-25436				
cpd46848	MetaCyc:CPD-22835@Charged	MetaCyc:CPD-22835@Charged	MetaCyc:CPD-22835@Charged	MetaCyc:CPD-22835@Charged	MetaCyc:CPD-22835	MetaCyc:CPD-22835				
cpd46849	MetaCyc:CPD-25428	MetaCyc:CPD-25428	MetaCyc:CPD-25428	MetaCyc:CPD-25428	MetaCyc:CPD-25428	MetaCyc:CPD-25428				
cpd46850	MetaCyc:CPD-22831	MetaCyc:CPD-22831	MetaCyc:CPD-22831	MetaCyc:CPD-22831	MetaCyc:CPD-22831	MetaCyc:CPD-22831				
cpd46851	MetaCyc:CPD-22918	MetaCyc:CPD-22918	MetaCyc:CPD-22918	MetaCyc:CPD-22918	MetaCyc:CPD-22918	MetaCyc:CPD-22918				
cpd46852	MetaCyc:CPD-21841	MetaCyc:CPD-21841	MetaCyc:CPD-21841	MetaCyc:CPD-21841		MetaCyc:CPD-21841				
cpd46853	MetaCyc:CPD-22919@Charged	MetaCyc:CPD-22919@Charged	MetaCyc:CPD-22919@Charged	MetaCyc:CPD-22919@Charged	MetaCyc:CPD-22919	MetaCyc:CPD-22919				
cpd46854	MetaCyc:CPD-22294	MetaCyc:CPD-22294	MetaCyc:CPD-22294	MetaCyc:CPD-22294		MetaCyc:CPD-22294				
cpd46855	MetaCyc:CPD-21779	MetaCyc:CPD-21779	MetaCyc:CPD-21779	MetaCyc:CPD-21779		MetaCyc:CPD-21779				
cpd46856	MetaCyc:CPD-25495	MetaCyc:CPD-25495	MetaCyc:CPD-25495	MetaCyc:CPD-25495	MetaCyc:CPD-25495	MetaCyc:CPD-25495				
cpd46857	MetaCyc:CPD-22838	MetaCyc:CPD-22838	MetaCyc:CPD-22838	MetaCyc:CPD-22838	MetaCyc:CPD-22838	MetaCyc:CPD-22838				
cpd46858	MetaCyc:CPD-25490	MetaCyc:CPD-25490	MetaCyc:CPD-25490	MetaCyc:CPD-25490	MetaCyc:CPD-25490	MetaCyc:CPD-25490				
cpd46859	MetaCyc:CPD-22837	MetaCyc:CPD-22837	MetaCyc:CPD-22837	MetaCyc:CPD-22837	MetaCyc:CPD-22837	MetaCyc:CPD-22837				
cpd46860	MetaCyc:CPD-24400	MetaCyc:CPD-24400	MetaCyc:CPD-24400	MetaCyc:CPD-24400	MetaCyc:CPD-24400					
cpd46861	MetaCyc:CPD-22701@Charged	MetaCyc:CPD-22701@Charged	MetaCyc:CPD-22701@Charged	MetaCyc:CPD-22701@Charged	MetaCyc:CPD-22701	MetaCyc:CPD-22701				
cpd46862	MetaCyc:CPD-21992	MetaCyc:CPD-21992	MetaCyc:CPD-21992	MetaCyc:CPD-21992	MetaCyc:CPD-21992	MetaCyc:CPD-21992				
cpd46863	MetaCyc:CPD-24395@Charged	MetaCyc:CPD-24395@Charged	MetaCyc:CPD-24395@Charged	MetaCyc:CPD-24395@Charged	MetaCyc:CPD-24395					
cpd46864	MetaCyc:CPD-25930@Charged	MetaCyc:CPD-25930@Charged	MetaCyc:CPD-25930@Charged	MetaCyc:CPD-25930@Charged	MetaCyc:CPD-25930	MetaCyc:CPD-25930				
cpd46865	MetaCyc:CPD-21777@Charged	MetaCyc:CPD-21777@Charged	MetaCyc:CPD-21777@Charged	MetaCyc:CPD-21777@Charged	MetaCyc:CPD-21777	MetaCyc:CPD-21777				
cpd46866	MetaCyc:CPD-24321@Charged	MetaCyc:CPD-24321@Charged	MetaCyc:CPD-24321@Charged	MetaCyc:CPD-24321@Charged	MetaCyc:CPD-24321	MetaCyc:CPD-24321				
cpd46867	MetaCyc:CPD-25239	MetaCyc:CPD-25239	MetaCyc:CPD-25239	MetaCyc:CPD-25239	MetaCyc:CPD-25239	MetaCyc:CPD-25239				
cpd46868	MetaCyc:CPD-24317	MetaCyc:CPD-24317	MetaCyc:CPD-24317	MetaCyc:CPD-24317	MetaCyc:CPD-24317					
cpd46869	MetaCyc:CPD-23033@Charged	MetaCyc:CPD-23033@Charged	MetaCyc:CPD-23033@Charged	MetaCyc:CPD-23033@Charged	MetaCyc:CPD-23033	MetaCyc:CPD-23033				
cpd46870	MetaCyc:CPD-21744@Charged	MetaCyc:CPD-21744@Charged	MetaCyc:CPD-21744@Charged	MetaCyc:CPD-21744@Charged						
cpd46871	MetaCyc:CPD-22142	MetaCyc:CPD-22142	MetaCyc:CPD-22142	MetaCyc:CPD-22142	MetaCyc:CPD-22142	MetaCyc:CPD-22142				
cpd46872	MetaCyc:CPD-25936@Charged	MetaCyc:CPD-25936@Charged	MetaCyc:CPD-25936@Charged	MetaCyc:CPD-25936@Charged	MetaCyc:CPD-25936	MetaCyc:CPD-25936				
cpd46873	MetaCyc:CPD-25469	MetaCyc:CPD-25469	MetaCyc:CPD-25469	MetaCyc:CPD-25469	MetaCyc:CPD-25469	MetaCyc:CPD-25469				
cpd46874	MetaCyc:CPD-24398@Charged	MetaCyc:CPD-24398@Charged	MetaCyc:CPD-24398@Charged	MetaCyc:CPD-24398@Charged	MetaCyc:CPD-24398					
cpd46875	MetaCyc:CPD-24751	MetaCyc:CPD-24751	MetaCyc:CPD-24751	MetaCyc:CPD-24751	MetaCyc:CPD-24751	MetaCyc:CPD-24751				
cpd46876	MetaCyc:CPD-23413	MetaCyc:CPD-23413	MetaCyc:CPD-23413	MetaCyc:CPD-23413	MetaCyc:CPD-23413	MetaCyc:CPD-23413				
cpd46877	MetaCyc:CPD-24360@Charged	MetaCyc:CPD-24360@Charged	MetaCyc:CPD-24360@Charged	MetaCyc:CPD-24360@Charged	MetaCyc:CPD-24360					
cpd46878	MetaCyc:CPD-22520	MetaCyc:CPD-22520	MetaCyc:CPD-22520	MetaCyc:CPD-22520	MetaCyc:CPD-22520	MetaCyc:CPD-22520				
cpd46879	MetaCyc:CPD-25868@Charged	MetaCyc:CPD-25868@Charged	MetaCyc:CPD-25868@Charged	MetaCyc:CPD-25868@Charged	MetaCyc:CPD-25868	MetaCyc:CPD-25868				
cpd46880	MetaCyc:CPD-21707	MetaCyc:CPD-21707	MetaCyc:CPD-21707	MetaCyc:CPD-21707	MetaCyc:CPD-21707	MetaCyc:CPD-21707				
cpd46881	MetaCyc:CPD-22911	MetaCyc:CPD-22911	MetaCyc:CPD-22911	MetaCyc:CPD-22911	MetaCyc:CPD-22911					
cpd46882	MetaCyc:CPD-25238	MetaCyc:CPD-25238	MetaCyc:CPD-25238	MetaCyc:CPD-25238	MetaCyc:CPD-25238	MetaCyc:CPD-25238				
cpd46883	MetaCyc:CPD-23414	MetaCyc:CPD-23414	MetaCyc:CPD-23414	MetaCyc:CPD-23414	MetaCyc:CPD-23414	MetaCyc:CPD-23414				
cpd46884	MetaCyc:CPD-24399	MetaCyc:CPD-24399	MetaCyc:CPD-24399	MetaCyc:CPD-24399	MetaCyc:CPD-24399					
cpd46885	MetaCyc:CPD-24387	MetaCyc:CPD-24387	MetaCyc:CPD-24387	MetaCyc:CPD-24387	MetaCyc:CPD-24387					
cpd46886	MetaCyc:CPD-22965@Charged	MetaCyc:CPD-22965@Charged	MetaCyc:CPD-22965@Charged	MetaCyc:CPD-22965@Charged	MetaCyc:CPD-22965	MetaCyc:CPD-22965				
cpd46887	MetaCyc:CPD-24810	MetaCyc:CPD-24810	MetaCyc:CPD-24810	MetaCyc:CPD-24810	MetaCyc:CPD-24810	MetaCyc:CPD-24810				
cpd46888	MetaCyc:CPD1R65-6	MetaCyc:CPD1R65-6	MetaCyc:CPD1R65-6	MetaCyc:CPD1R65-6	MetaCyc:CPD1R65-6	MetaCyc:CPD1R65-6				
cpd46889	MetaCyc:CPD-24228	MetaCyc:CPD-24228	MetaCyc:CPD-24228	MetaCyc:CPD-24228	MetaCyc:CPD-24228	MetaCyc:CPD-24228				
cpd46890	MetaCyc:CPD-24136	MetaCyc:CPD-24136	MetaCyc:CPD-24136	MetaCyc:CPD-24136	MetaCyc:CPD-24136	MetaCyc:CPD-24136				
cpd46891	MetaCyc:CPD2B4Q-5	MetaCyc:CPD2B4Q-5	MetaCyc:CPD2B4Q-5	MetaCyc:CPD2B4Q-5	MetaCyc:CPD2B4Q-5	MetaCyc:CPD2B4Q-5				
cpd46892	MetaCyc:CPD-23541	MetaCyc:CPD-23541	MetaCyc:CPD-23541	MetaCyc:CPD-23541		MetaCyc:CPD-23541				
cpd46893	MetaCyc:CPD-1283	MetaCyc:CPD-1283	MetaCyc:CPD-1283	MetaCyc:CPD-1283	MetaCyc:CPD-1283	MetaCyc:CPD-1283				
cpd46894	MetaCyc:CPD2DNV-23	MetaCyc:CPD2DNV-23	MetaCyc:CPD2DNV-23	MetaCyc:CPD2DNV-23	MetaCyc:CPD2DNV-23	MetaCyc:CPD2DNV-23				
cpd46895	MetaCyc:CPD-24227	MetaCyc:CPD-24227	MetaCyc:CPD-24227	MetaCyc:CPD-24227	MetaCyc:CPD-24227	MetaCyc:CPD-24227				
cpd46896	MetaCyc:CPD2G6Z-3	MetaCyc:CPD2G6Z-3	MetaCyc:CPD2G6Z-3	MetaCyc:CPD2G6Z-3	MetaCyc:CPD2G6Z-3	MetaCyc:CPD2G6Z-3				
cpd46897	MetaCyc:CPD1R65-5	MetaCyc:CPD1R65-5	MetaCyc:CPD1R65-5	MetaCyc:CPD1R65-5	MetaCyc:CPD1R65-5	MetaCyc:CPD1R65-5				
cpd46898	MetaCyc:CPD-22641	MetaCyc:CPD-22641	MetaCyc:CPD-22641	MetaCyc:CPD-22641		MetaCyc:CPD-22641				
cpd46899	MetaCyc:CPD-23992	MetaCyc:CPD-23992	MetaCyc:CPD-23992	MetaCyc:CPD-23992	MetaCyc:CPD-23992	MetaCyc:CPD-23992				
cpd46900	MetaCyc:CPD-25156	MetaCyc:CPD-25156	MetaCyc:CPD-25156	MetaCyc:CPD-25156	MetaCyc:CPD-25156	MetaCyc:CPD-25156				
cpd46901	MetaCyc:CPD-25613	MetaCyc:CPD-25613	MetaCyc:CPD-25613	MetaCyc:CPD-25613	MetaCyc:CPD-25613	MetaCyc:CPD-25613				
cpd46902	MetaCyc:CPD0-2648	MetaCyc:CPD0-2648	MetaCyc:CPD0-2648	MetaCyc:CPD0-2648	MetaCyc:CPD0-2648	MetaCyc:CPD0-2648				
cpd46903	MetaCyc:CPD-24915	MetaCyc:CPD-24915	MetaCyc:CPD-24915	MetaCyc:CPD-24915	MetaCyc:CPD-24915	MetaCyc:CPD-24915				
cpd46904	MetaCyc:CPD-22281@Charged	MetaCyc:CPD-22281@Charged	MetaCyc:CPD-22281@Charged	MetaCyc:CPD-22281@Charged	MetaCyc:CPD-22281					
cpd46905	MetaCyc:CPD-24119@Charged	MetaCyc:CPD-24119@Charged	MetaCyc:CPD-24119@Charged	MetaCyc:CPD-24119@Charged	MetaCyc:CPD-24119	MetaCyc:CPD-24119				
cpd46906	MetaCyc:CPD-21865	MetaCyc:CPD-21865	MetaCyc:CPD-21865	MetaCyc:CPD-21865	MetaCyc:CPD-21865	MetaCyc:CPD-21865				
cpd46907	MetaCyc:CPD-25732	MetaCyc:CPD-25732	MetaCyc:CPD-25732	MetaCyc:CPD-25732	MetaCyc:CPD-25732	MetaCyc:CPD-25732				
cpd46908	MetaCyc:CPD-23500	MetaCyc:CPD-23500	MetaCyc:CPD-23500	MetaCyc:CPD-23500	MetaCyc:CPD-23500	MetaCyc:CPD-23500				
cpd46909	MetaCyc:CPD-21806	MetaCyc:CPD-21806	MetaCyc:CPD-21806	MetaCyc:CPD-21806		MetaCyc:CPD-21806				
cpd46910	MetaCyc:CPD-25543	MetaCyc:CPD-25543	MetaCyc:CPD-25543	MetaCyc:CPD-25543	MetaCyc:CPD-25543	MetaCyc:CPD-25543				
cpd46911	MetaCyc:CPD-25544	MetaCyc:CPD-25544	MetaCyc:CPD-25544	MetaCyc:CPD-25544	MetaCyc:CPD-25544	MetaCyc:CPD-25544				
cpd46912	MetaCyc:CPD-25726@Charged	MetaCyc:CPD-25726@Charged	MetaCyc:CPD-25726@Charged	MetaCyc:CPD-25726@Charged	MetaCyc:CPD-25726	MetaCyc:CPD-25726				
cpd46913	MetaCyc:CPD-25541	MetaCyc:CPD-25541	MetaCyc:CPD-25541	MetaCyc:CPD-25541	MetaCyc:CPD-25541	MetaCyc:CPD-25541				
cpd46914	MetaCyc:CPD-23314	MetaCyc:CPD-23314	MetaCyc:CPD-23314	MetaCyc:CPD-23314	MetaCyc:CPD-23314	MetaCyc:CPD-23314				
cpd46915	MetaCyc:CPD-21797	MetaCyc:CPD-21797	MetaCyc:CPD-21797	MetaCyc:CPD-21797	MetaCyc:CPD-21797	MetaCyc:CPD-21797				
cpd46916	MetaCyc:CPD-25545	MetaCyc:CPD-25545	MetaCyc:CPD-25545	MetaCyc:CPD-25545	MetaCyc:CPD-25545	MetaCyc:CPD-25545				
cpd46917	MetaCyc:CPD-25542	MetaCyc:CPD-25542	MetaCyc:CPD-25542	MetaCyc:CPD-25542	MetaCyc:CPD-25542	MetaCyc:CPD-25542				
cpd46918	MetaCyc:CPD-25614	MetaCyc:CPD-25614	MetaCyc:CPD-25614	MetaCyc:CPD-25614	MetaCyc:CPD-25614	MetaCyc:CPD-25614				
cpd46919	MetaCyc:CPD-22566	MetaCyc:CPD-22566	MetaCyc:CPD-22566	MetaCyc:CPD-22566	MetaCyc:CPD-22566	MetaCyc:CPD-22566				
cpd46920	MetaCyc:CPD-25325	MetaCyc:CPD-25325	MetaCyc:CPD-25325	MetaCyc:CPD-25325	MetaCyc:CPD-25325	MetaCyc:CPD-25325				
cpd46921	MetaCyc:CPD-22563	MetaCyc:CPD-22563	MetaCyc:CPD-22563	MetaCyc:CPD-22563	MetaCyc:CPD-22563	MetaCyc:CPD-22563				
cpd46922	MetaCyc:CPD-21871@Charged	MetaCyc:CPD-21871@Charged	MetaCyc:CPD-21871@Charged	MetaCyc:CPD-21871@Charged	MetaCyc:CPD-21871	MetaCyc:CPD-21871				
cpd46923	MetaCyc:CPD-23501	MetaCyc:CPD-23501	MetaCyc:CPD-23501	MetaCyc:CPD-23501	MetaCyc:CPD-23501	MetaCyc:CPD-23501				
cpd46924	MetaCyc:CPD-21838	MetaCyc:CPD-21838	MetaCyc:CPD-21838	MetaCyc:CPD-21838		MetaCyc:CPD-21838				
cpd46925	MetaCyc:CPD-25727	MetaCyc:CPD-25727	MetaCyc:CPD-25727	MetaCyc:CPD-25727	MetaCyc:CPD-25727	MetaCyc:CPD-25727				
cpd46926	MetaCyc:CPD-23498	MetaCyc:CPD-23498	MetaCyc:CPD-23498	MetaCyc:CPD-23498	MetaCyc:CPD-23498	MetaCyc:CPD-23498				
cpd46927	MetaCyc:CPD-21803	MetaCyc:CPD-21803	MetaCyc:CPD-21803	MetaCyc:CPD-21803		MetaCyc:CPD-21803				
cpd46928	MetaCyc:CPD1A0-6177	MetaCyc:CPD1A0-6177	MetaCyc:CPD1A0-6177	MetaCyc:CPD1A0-6177	MetaCyc:CPD1A0-6177	MetaCyc:CPD1A0-6177				
cpd46929	MetaCyc:CPD-25615	MetaCyc:CPD-25615	MetaCyc:CPD-25615	MetaCyc:CPD-25615	MetaCyc:CPD-25615	MetaCyc:CPD-25615				
cpd46930	MetaCyc:CPD-24320	MetaCyc:CPD-24320	MetaCyc:CPD-24320	MetaCyc:CPD-24320	MetaCyc:CPD-24320	MetaCyc:CPD-24320				
cpd46931	MetaCyc:CPD-22673	MetaCyc:CPD-22673	MetaCyc:CPD-22673	MetaCyc:CPD-22673		MetaCyc:CPD-22673				
cpd46932	MetaCyc:CPD-25608	MetaCyc:CPD-25608	MetaCyc:CPD-25608	MetaCyc:CPD-25608	MetaCyc:CPD-25608	MetaCyc:CPD-25608				
cpd46933	MetaCyc:CPD-22564	MetaCyc:CPD-22564	MetaCyc:CPD-22564	MetaCyc:CPD-22564	MetaCyc:CPD-22564	MetaCyc:CPD-22564				
cpd46934										
cpd46935	MetaCyc:CPD-22184	MetaCyc:CPD-22184	MetaCyc:CPD-22184	MetaCyc:CPD-22184	MetaCyc:CPD-22184	MetaCyc:CPD-22184				
cpd46936	MetaCyc:CPD-23571@Charged	MetaCyc:CPD-23571@Charged	MetaCyc:CPD-23571@Charged	MetaCyc:CPD-23571@Charged	MetaCyc:CPD-23571	MetaCyc:CPD-23571				
cpd46937	MetaCyc:CPD-25730	MetaCyc:CPD-25730	MetaCyc:CPD-25730	MetaCyc:CPD-25730	MetaCyc:CPD-25730	MetaCyc:CPD-25730				
cpd46938	MetaCyc:CPD-23499	MetaCyc:CPD-23499	MetaCyc:CPD-23499	MetaCyc:CPD-23499	MetaCyc:CPD-23499	MetaCyc:CPD-23499				
cpd46939	MetaCyc:CPD-21805	MetaCyc:CPD-21805	MetaCyc:CPD-21805	MetaCyc:CPD-21805		MetaCyc:CPD-21805				
cpd46940	MetaCyc:CPD-22380	MetaCyc:CPD-22380	MetaCyc:CPD-22380	MetaCyc:CPD-22380		MetaCyc:CPD-22380				
cpd46941	MetaCyc:CPD-25684	MetaCyc:CPD-25684	MetaCyc:CPD-25684	MetaCyc:CPD-25684	MetaCyc:CPD-25684	MetaCyc:CPD-25684				
cpd46942	MetaCyc:CPD-22828	MetaCyc:CPD-22828	MetaCyc:CPD-22828	MetaCyc:CPD-22828	MetaCyc:CPD-22828	MetaCyc:CPD-22828				
cpd46943	MetaCyc:CPD-21791	MetaCyc:CPD-21791	MetaCyc:CPD-21791	MetaCyc:CPD-21791	MetaCyc:CPD-21791	MetaCyc:CPD-21791				
cpd46944	MetaCyc:CPD-21887	MetaCyc:CPD-21887	MetaCyc:CPD-21887	MetaCyc:CPD-21887	MetaCyc:CPD-21887	MetaCyc:CPD-21887				
cpd46945	MetaCyc:CPD-21888	MetaCyc:CPD-21888	MetaCyc:CPD-21888	MetaCyc:CPD-21888	MetaCyc:CPD-21888	MetaCyc:CPD-21888				
cpd46946	MetaCyc:CPD-21885@Charged	MetaCyc:CPD-21885@Charged	MetaCyc:CPD-21885@Charged	MetaCyc:CPD-21885@Charged	MetaCyc:CPD-21885	MetaCyc:CPD-21885				
cpd46947	MetaCyc:CPD-25406	MetaCyc:CPD-25406	MetaCyc:CPD-25406	MetaCyc:CPD-25406	MetaCyc:CPD-25406	MetaCyc:CPD-25406				
cpd46948	MetaCyc:CPD-25042	MetaCyc:CPD-25042	MetaCyc:CPD-25042	MetaCyc:CPD-25042	MetaCyc:CPD-25042	MetaCyc:CPD-25042				
cpd46949	MetaCyc:CPD-24550@Charged	MetaCyc:CPD-24550@Charged	MetaCyc:CPD-24550@Charged	MetaCyc:CPD-24550@Charged	MetaCyc:CPD-24550	MetaCyc:CPD-24550				
cpd46950	MetaCyc:CPD-21938	MetaCyc:CPD-21938	MetaCyc:CPD-21938	MetaCyc:CPD-21938	MetaCyc:CPD-21938	MetaCyc:CPD-21938				
cpd46951	MetaCyc:CPD-25621	MetaCyc:CPD-25621	MetaCyc:CPD-25621	MetaCyc:CPD-25621	MetaCyc:CPD-25621	MetaCyc:CPD-25621				
cpd46952	MetaCyc:CPD-22728	MetaCyc:CPD-22728	MetaCyc:CPD-22728	MetaCyc:CPD-22728	MetaCyc:CPD-22728	MetaCyc:CPD-22728				
cpd46953	MetaCyc:CPD-25622@Charged	MetaCyc:CPD-25622@Charged	MetaCyc:CPD-25622@Charged	MetaCyc:CPD-25622@Charged	MetaCyc:CPD-25622	MetaCyc:CPD-25622				
cpd46954	MetaCyc:CPD-24903@Charged	MetaCyc:CPD-24903@Charged	MetaCyc:CPD-24903@Charged	MetaCyc:CPD-24903@Charged	MetaCyc:CPD-24903	MetaCyc:CPD-24903				
cpd46955	MetaCyc:CPD-25041	MetaCyc:CPD-25041	MetaCyc:CPD-25041	MetaCyc:CPD-25041	MetaCyc:CPD-25041	MetaCyc:CPD-25041				
cpd46956	MetaCyc:CPD-22729	MetaCyc:CPD-22729	MetaCyc:CPD-22729	MetaCyc:CPD-22729	MetaCyc:CPD-22729	MetaCyc:CPD-22729				
cpd46957	MetaCyc:CPD-21870@Charged	MetaCyc:CPD-21870@Charged	MetaCyc:CPD-21870@Charged	MetaCyc:CPD-21870@Charged	MetaCyc:CPD-21870	MetaCyc:CPD-21870				
cpd46958	MetaCyc:CPD-23612	MetaCyc:CPD-23612	MetaCyc:CPD-23612	MetaCyc:CPD-23612	MetaCyc:CPD-23612	MetaCyc:CPD-23612				
cpd46959	MetaCyc:CPD-23600	MetaCyc:CPD-23600	MetaCyc:CPD-23600	MetaCyc:CPD-23600	MetaCyc:CPD-23600	MetaCyc:CPD-23600				
cpd46960	MetaCyc:CPD-23570@Charged	MetaCyc:CPD-23570@Charged	MetaCyc:CPD-23570@Charged	MetaCyc:CPD-23570@Charged	MetaCyc:CPD-23570	MetaCyc:CPD-23570				
cpd46961	MetaCyc:CPD-23459	MetaCyc:CPD-23459	MetaCyc:CPD-23459	MetaCyc:CPD-23459	MetaCyc:CPD-23459	MetaCyc:CPD-23459				
cpd46962	MetaCyc:CPD1A0-6187@Charged	MetaCyc:CPD1A0-6187@Charged	MetaCyc:CPD1A0-6187@Charged	MetaCyc:CPD1A0-6187@Charged	MetaCyc:CPD1A0-6187	MetaCyc:CPD1A0-6187				
cpd46963	MetaCyc:CPD-23613	MetaCyc:CPD-23613	MetaCyc:CPD-23613	MetaCyc:CPD-23613	MetaCyc:CPD-23613	MetaCyc:CPD-23613				
cpd46964	MetaCyc:CPD-21868	MetaCyc:CPD-21868	MetaCyc:CPD-21868	MetaCyc:CPD-21868	MetaCyc:CPD-21868	MetaCyc:CPD-21868				
cpd46965	MetaCyc:CPD-23601	MetaCyc:CPD-23601	MetaCyc:CPD-23601	MetaCyc:CPD-23601	MetaCyc:CPD-23601	MetaCyc:CPD-23601				
cpd46966	MetaCyc:CPD-23572@Charged	MetaCyc:CPD-23572@Charged	MetaCyc:CPD-23572@Charged	MetaCyc:CPD-23572@Charged	MetaCyc:CPD-23572	MetaCyc:CPD-23572				
cpd46967	MetaCyc:CPD-23464	MetaCyc:CPD-23464	MetaCyc:CPD-23464	MetaCyc:CPD-23464	MetaCyc:CPD-23464	MetaCyc:CPD-23464				
cpd46968	MetaCyc:CPD-23460	MetaCyc:CPD-23460	MetaCyc:CPD-23460	MetaCyc:CPD-23460	MetaCyc:CPD-23460	MetaCyc:CPD-23460				
cpd46969	MetaCyc:CPD-25507	MetaCyc:CPD-25507	MetaCyc:CPD-25507	MetaCyc:CPD-25507		MetaCyc:CPD-25507				
cpd46970	MetaCyc:CPD-21869@Charged	MetaCyc:CPD-21869@Charged	MetaCyc:CPD-21869@Charged	MetaCyc:CPD-21869@Charged	MetaCyc:CPD-21869	MetaCyc:CPD-21869				
cpd46971	MetaCyc:CPD-23602	MetaCyc:CPD-23602	MetaCyc:CPD-23602	MetaCyc:CPD-23602	MetaCyc:CPD-23602	MetaCyc:CPD-23602				
cpd46972	MetaCyc:CPD-23574	MetaCyc:CPD-23574	MetaCyc:CPD-23574	MetaCyc:CPD-23574	MetaCyc:CPD-23574	MetaCyc:CPD-23574				
cpd46973	MetaCyc:CPD-23465@Charged	MetaCyc:CPD-23465@Charged	MetaCyc:CPD-23465@Charged	MetaCyc:CPD-23465@Charged	MetaCyc:CPD-23465	MetaCyc:CPD-23465				
cpd46974	MetaCyc:CPD-23485	MetaCyc:CPD-23485	MetaCyc:CPD-23485	MetaCyc:CPD-23485	MetaCyc:CPD-23485	MetaCyc:CPD-23485				
cpd46975	MetaCyc:CPD-22399	MetaCyc:CPD-22399	MetaCyc:CPD-22399	MetaCyc:CPD-22399	MetaCyc:CPD-22399	MetaCyc:CPD-22399				
cpd46976	MetaCyc:CPD-24435	MetaCyc:CPD-24435	MetaCyc:CPD-24435	MetaCyc:CPD-24435	MetaCyc:CPD-24435	MetaCyc:CPD-24435				
cpd46977	MetaCyc:CPD-23496	MetaCyc:CPD-23496	MetaCyc:CPD-23496	MetaCyc:CPD-23496	MetaCyc:CPD-23496	MetaCyc:CPD-23496				
cpd46978	MetaCyc:CPD-23488	MetaCyc:CPD-23488	MetaCyc:CPD-23488	MetaCyc:CPD-23488	MetaCyc:CPD-23488	MetaCyc:CPD-23488				
cpd46979	MetaCyc:CPD-23481	MetaCyc:CPD-23481	MetaCyc:CPD-23481	MetaCyc:CPD-23481	MetaCyc:CPD-23481	MetaCyc:CPD-23481				
cpd46980	MetaCyc:CPD-23497	MetaCyc:CPD-23497	MetaCyc:CPD-23497	MetaCyc:CPD-23497	MetaCyc:CPD-23497	MetaCyc:CPD-23497				
cpd46981	MetaCyc:ACES	MetaCyc:ACES	MetaCyc:ACES	MetaCyc:ACES	MetaCyc:ACES	MetaCyc:ACES				
cpd46982	MetaCyc:CPD-23492	MetaCyc:CPD-23492	MetaCyc:CPD-23492	MetaCyc:CPD-23492	MetaCyc:CPD-23492	MetaCyc:CPD-23492				
cpd46983	MetaCyc:CPD-23482	MetaCyc:CPD-23482	MetaCyc:CPD-23482	MetaCyc:CPD-23482	MetaCyc:CPD-23482	MetaCyc:CPD-23482				
cpd46984	MetaCyc:CPD-22398	MetaCyc:CPD-22398	MetaCyc:CPD-22398	MetaCyc:CPD-22398	MetaCyc:CPD-22398	MetaCyc:CPD-22398				
cpd46985	MetaCyc:CPD-23502	MetaCyc:CPD-23502	MetaCyc:CPD-23502	MetaCyc:CPD-23502	MetaCyc:CPD-23502	MetaCyc:CPD-23502				
cpd46986	MetaCyc:CPD-23493	MetaCyc:CPD-23493	MetaCyc:CPD-23493	MetaCyc:CPD-23493	MetaCyc:CPD-23493	MetaCyc:CPD-23493				
cpd46987	MetaCyc:CPD-24563	MetaCyc:CPD-24563	MetaCyc:CPD-24563	MetaCyc:CPD-24563	MetaCyc:CPD-24563	MetaCyc:CPD-24563				
cpd46988	MetaCyc:CPD-24565	MetaCyc:CPD-24565	MetaCyc:CPD-24565	MetaCyc:CPD-24565	MetaCyc:CPD-24565	MetaCyc:CPD-24565				
cpd46989	MetaCyc:CPD-23699	MetaCyc:CPD-23699	MetaCyc:CPD-23699	MetaCyc:CPD-23699						
cpd46990	MetaCyc:CPD-25700	MetaCyc:CPD-25700	MetaCyc:CPD-25700	MetaCyc:CPD-25700	MetaCyc:CPD-25700	MetaCyc:CPD-25700				
cpd46991	MetaCyc:CPD2B4Q-15	MetaCyc:CPD2B4Q-15	MetaCyc:CPD2B4Q-15	MetaCyc:CPD2B4Q-15	MetaCyc:CPD2B4Q-15	MetaCyc:CPD2B4Q-15				
cpd46992	MetaCyc:CPD-22403	MetaCyc:CPD-22403	MetaCyc:CPD-22403	MetaCyc:CPD-22403	MetaCyc:CPD-22403	MetaCyc:CPD-22403				
cpd46993	MetaCyc:CPD2DNV-2	MetaCyc:CPD2DNV-2	MetaCyc:CPD2DNV-2	MetaCyc:CPD2DNV-2	MetaCyc:CPD2DNV-2	MetaCyc:CPD2DNV-2				
cpd46994	MetaCyc:CPD-24230	MetaCyc:CPD-24230	MetaCyc:CPD-24230	MetaCyc:CPD-24230	MetaCyc:CPD-24230	MetaCyc:CPD-24230				
cpd46995	MetaCyc:CPD-22388	MetaCyc:CPD-22388	MetaCyc:CPD-22388	MetaCyc:CPD-22388	MetaCyc:CPD-22388	MetaCyc:CPD-22388				
cpd46996	MetaCyc:CPD-22627	MetaCyc:CPD-22627	MetaCyc:CPD-22627	MetaCyc:CPD-22627	MetaCyc:CPD-22627	MetaCyc:CPD-22627				
cpd46997	MetaCyc:CPD-24901@Charged	MetaCyc:CPD-24901@Charged	MetaCyc:CPD-24901@Charged	MetaCyc:CPD-24901@Charged	MetaCyc:CPD-24901	MetaCyc:CPD-24901				
cpd46998	MetaCyc:CPD-25039	MetaCyc:CPD-25039	MetaCyc:CPD-25039	MetaCyc:CPD-25039	MetaCyc:CPD-25039	MetaCyc:CPD-25039				
cpd46999	MetaCyc:CPD-25229	MetaCyc:CPD-25229	MetaCyc:CPD-25229	MetaCyc:CPD-25229	MetaCyc:CPD-25229	MetaCyc:CPD-25229				
