id	formula_src	charge_src	inchikey_src	smiles_src	pka_src	pkb_src	deltag_method	deltag_used_src	deltag_gc_src	deltag_eq_src
cpd02000	KEGG:C03120@Charged;ChEBI:83408	KEGG:C03120@Charged;ChEBI:83408		KEGG:C03120@Charged;ChEBI:83408	KEGG:C03120	KEGG:C03120	GC	KEGG:C03120@Charged	KEGG:C03120@Charged	
cpd02001										
cpd02002	KEGG:C03122	KEGG:C03122		KEGG:C03122			GC	KEGG:C03122@Charged	KEGG:C03122@Charged	
cpd02003	MetaCyc:CPD-11551;KEGG:C03124;ChEBI:58902	MetaCyc:CPD-11551;KEGG:C03124;ChEBI:58902	MetaCyc:CPD-11551;KEGG:C03124;ChEBI:58902	MetaCyc:CPD-11551;KEGG:C03124@Charged;ChEBI:58902	KEGG:C03124	KEGG:C03124	GC	MetaCyc:CPD-11551@Charged	MetaCyc:CPD-11551@Charged	eQuilibrator:MNXM4487
cpd02004	KEGG:C03126@Charged	KEGG:C03126@Charged	KEGG:C03126@Charged	KEGG:C03126@Charged	KEGG:C03126	KEGG:C03126	GC	KEGG:C03126@Charged	KEGG:C03126@Charged	eQuilibrator:MNXM18915
cpd02005	MetaCyc:CPD-581;KEGG:C03134;ChEBI:17741	MetaCyc:CPD-581;KEGG:C03134;ChEBI:17741	MetaCyc:CPD-581;KEGG:C03134;ChEBI:17741	MetaCyc:CPD-581;KEGG:C03134;ChEBI:17741		KEGG:C03134	EQ	eQuilibrator:MNXM4692	KEGG:C03134@Charged	eQuilibrator:MNXM4692
cpd02006	KEGG:C03136;ChEBI:21601	KEGG:C03136;ChEBI:21601	KEGG:C03136;ChEBI:21601	KEGG:C03136;ChEBI:21601	KEGG:C03136	KEGG:C03136	EQ	eQuilibrator:MNXM63506	KEGG:C03136@Charged	eQuilibrator:MNXM63506
cpd02007	MetaCyc:N-ACETYL-D-TRYPTOPHAN;KEGG:C03137@Charged;ChEBI:57877	MetaCyc:N-ACETYL-D-TRYPTOPHAN;KEGG:C03137@Charged;ChEBI:57877	MetaCyc:N-ACETYL-D-TRYPTOPHAN;KEGG:C03137@Charged;ChEBI:57877	MetaCyc:N-ACETYL-D-TRYPTOPHAN;KEGG:C03137@Charged;ChEBI:57877	KEGG:C03137	KEGG:C03137	EQ	eQuilibrator:MNXM4709	MetaCyc:N-ACETYL-D-TRYPTOPHAN@Charged	eQuilibrator:MNXM4709
cpd02008	MetaCyc:CPD-599;KEGG:C03139@Charged;ChEBI:58005	MetaCyc:CPD-599;KEGG:C03139@Charged;ChEBI:58005	MetaCyc:CPD-599;KEGG:C03139@Charged;ChEBI:58005	MetaCyc:CPD-599;KEGG:C03139@Charged;ChEBI:58005	KEGG:C03139	KEGG:C03139	EQ	eQuilibrator:MNXM4057	KEGG:C03139@Charged	eQuilibrator:MNXM4057
cpd02009	KEGG:C03140@Charged	KEGG:C03140@Charged	KEGG:C03140@Charged	KEGG:C03140@Charged	KEGG:C03140	KEGG:C03140	EQ	eQuilibrator:MNXM63634	KEGG:C03140@Charged	eQuilibrator:MNXM63634
cpd02010	MetaCyc:CPD-423;KEGG:C03141@Charged;ChEBI:17331	MetaCyc:CPD-423;KEGG:C03141@Charged;ChEBI:17331	MetaCyc:CPD-423;KEGG:C03141@Charged;ChEBI:17331	MetaCyc:CPD-423;KEGG:C03141@Charged;ChEBI:17331	KEGG:C03141	KEGG:C03141	EQ	eQuilibrator:MNXM4723	MetaCyc:CPD-423@Charged	eQuilibrator:MNXM4723
cpd02011	KEGG:C03142	KEGG:C03142	KEGG:C03142	MetaCyc:D-GLUCOSYLARYLAMINE	KEGG:C03142	KEGG:C03142	EQ	eQuilibrator:MNXM7568	KEGG:C03142@Charged	eQuilibrator:MNXM7568
cpd02012	MetaCyc:N-FORMYLMETHIONINE;KEGG:C03145@Charged;ChEBI:57809	MetaCyc:N-FORMYLMETHIONINE;KEGG:C03145@Charged;ChEBI:57809	MetaCyc:N-FORMYLMETHIONINE;KEGG:C03145@Charged;ChEBI:57809	MetaCyc:N-FORMYLMETHIONINE;KEGG:C03145@Charged;ChEBI:57809	KEGG:C03145	KEGG:C03145	EQ	eQuilibrator:MNXM3316	MetaCyc:N-FORMYLMETHIONINE@Charged	eQuilibrator:MNXM3316
cpd02013	KEGG:C03146	KEGG:C03146	KEGG:C03146	KEGG:C03146	KEGG:C03146	KEGG:C03146	EQ	eQuilibrator:MNXM63775	KEGG:C03146@Charged	eQuilibrator:MNXM63775
cpd02014	MetaCyc:CPD-422;KEGG:C03147@Charged;ChEBI:16872	MetaCyc:CPD-422;KEGG:C03147@Charged;ChEBI:16872	MetaCyc:CPD-422;KEGG:C03147@Charged;ChEBI:16872	MetaCyc:CPD-422;KEGG:C03147@Charged;ChEBI:16872	KEGG:C03147	KEGG:C03147	EQ	eQuilibrator:MNXM4735	KEGG:C03147@Charged	eQuilibrator:MNXM4735
cpd02015	MetaCyc:CPD-12603@Charged;KEGG:C03149@Charged;ChEBI:57838	MetaCyc:CPD-12603@Charged;KEGG:C03149@Charged;ChEBI:57838	MetaCyc:CPD-12603@Charged;KEGG:C03149@Charged;ChEBI:57838	MetaCyc:CPD-12603@Charged;KEGG:C03149@Charged;ChEBI:57838@Charged	KEGG:C03149	KEGG:C03149	GC	KEGG:C03149@Charged	KEGG:C03149@Charged	eQuilibrator:MNXM5241
cpd02016	MetaCyc:NICOTINAMIDE_RIBOSE;KEGG:C03150;ChEBI:15927	MetaCyc:NICOTINAMIDE_RIBOSE;KEGG:C03150;ChEBI:15927	MetaCyc:NICOTINAMIDE_RIBOSE;KEGG:C03150;ChEBI:15927	MetaCyc:NICOTINAMIDE_RIBOSE;KEGG:C03150;ChEBI:15927	KEGG:C03150	KEGG:C03150	EQ	eQuilibrator:MNXM1115	MetaCyc:NICOTINAMIDE_RIBOSE@Charged	eQuilibrator:MNXM1115
cpd02017	KEGG:C03152@Charged	KEGG:C03152@Charged		KEGG:C03152@Charged	KEGG:C03152	KEGG:C03152	GC	KEGG:C03152@Charged	KEGG:C03152@Charged	
cpd02018	MetaCyc:N5-METHYLGLUTAMINE;KEGG:C03153;ChEBI:58200	MetaCyc:N5-METHYLGLUTAMINE;KEGG:C03153;ChEBI:58200	MetaCyc:N5-METHYLGLUTAMINE;KEGG:C03153;ChEBI:58200	MetaCyc:N5-METHYLGLUTAMINE;KEGG:C03153@Charged;ChEBI:58200	KEGG:C03153	KEGG:C03153	EQ	eQuilibrator:MNXM3307	KEGG:C03153@Charged	eQuilibrator:MNXM3307
cpd02019	MetaCyc:N6-ACETYLKANAMYCIN-B;KEGG:C03154@Charged;ChEBI:58390	MetaCyc:N6-ACETYLKANAMYCIN-B;KEGG:C03154@Charged;ChEBI:58390	MetaCyc:N6-ACETYLKANAMYCIN-B;KEGG:C03154@Charged;ChEBI:58390	MetaCyc:N6-ACETYLKANAMYCIN-B;KEGG:C03154@Charged;ChEBI:58390	KEGG:C03154	KEGG:C03154	EQ	eQuilibrator:MNXM4683	MetaCyc:N6-ACETYLKANAMYCIN-B@Charged	eQuilibrator:MNXM4683
cpd02020	KEGG:C03156@Charged;ChEBI:58901	KEGG:C03156@Charged;ChEBI:58901	KEGG:C03156@Charged;ChEBI:58901	KEGG:C03156@Charged;ChEBI:58901	KEGG:C03156	KEGG:C03156	GC	KEGG:C03156@Charged	KEGG:C03156@Charged	eQuilibrator:MNXM4276
cpd02021	MetaCyc:CPD-6972;KEGG:C03160@Charged;ChEBI:57364	MetaCyc:CPD-6972;KEGG:C03160@Charged;ChEBI:57364	MetaCyc:CPD-6972;KEGG:C03160@Charged;ChEBI:57364	MetaCyc:CPD-6972;KEGG:C03160@Charged;ChEBI:57364	KEGG:C03160	KEGG:C03160	GC	MetaCyc:CPD-6972@Charged	MetaCyc:CPD-6972@Charged	
cpd02022	MetaCyc:PHENANTHRENE-34-DIOL;KEGG:C03164;ChEBI:16760	MetaCyc:PHENANTHRENE-34-DIOL;KEGG:C03164;ChEBI:16760	MetaCyc:PHENANTHRENE-34-DIOL;KEGG:C03164;ChEBI:16760	MetaCyc:PHENANTHRENE-34-DIOL;KEGG:C03164;ChEBI:16760	KEGG:C03164	KEGG:C03164	EQ	eQuilibrator:MNXM3080	MetaCyc:PHENANTHRENE-34-DIOL@Charged	eQuilibrator:MNXM3080
cpd02023					KEGG:C03166	KEGG:C03166	EQ			
cpd02024	MetaCyc:CPD-551;KEGG:C03167@Charged;ChEBI:58383	MetaCyc:CPD-551;KEGG:C03167@Charged;ChEBI:58383	MetaCyc:CPD-551;KEGG:C03167@Charged;ChEBI:58383	MetaCyc:CPD-551;KEGG:C03167@Charged;ChEBI:58383	KEGG:C03167	KEGG:C03167	EQ	eQuilibrator:MNXM803	MetaCyc:CPD-551@Charged	eQuilibrator:MNXM803
cpd02025	KEGG:C03169	KEGG:C03169	KEGG:C03169	KEGG:C03169	KEGG:C03169	KEGG:C03169	GC	KEGG:C03169@Charged	KEGG:C03169@Charged	
cpd02026	KEGG:C03170@Charged;ChEBI:58661	KEGG:C03170@Charged;ChEBI:58661	KEGG:C03170@Charged;ChEBI:58661	KEGG:C03170@Charged;ChEBI:58661	KEGG:C03170	KEGG:C03170	GC	KEGG:C03170@Charged	KEGG:C03170@Charged	eQuilibrator:MNXM2292
cpd02027	MetaCyc:CPD-397;KEGG:C03172;ChEBI:58252	MetaCyc:CPD-397;KEGG:C03172;ChEBI:58252	MetaCyc:CPD-397;KEGG:C03172;ChEBI:58252	MetaCyc:CPD-397;KEGG:C03172@Charged;ChEBI:58252	KEGG:C03172	KEGG:C03172	GC	MetaCyc:CPD-397@Charged	MetaCyc:CPD-397@Charged	eQuilibrator:MNXM1119
cpd02028	MetaCyc:S-METHYLTHIOGLYCOLATE;KEGG:C03173@Charged;ChEBI:18071	MetaCyc:S-METHYLTHIOGLYCOLATE;KEGG:C03173@Charged;ChEBI:18071	MetaCyc:S-METHYLTHIOGLYCOLATE;KEGG:C03173@Charged;ChEBI:18071	MetaCyc:S-METHYLTHIOGLYCOLATE;KEGG:C03173@Charged;ChEBI:18071	KEGG:C03173		EQ	eQuilibrator:MNXM4195	KEGG:C03173@Charged	eQuilibrator:MNXM4195
cpd02029	MetaCyc:CPD-549;KEGG:C03174@Charged;ChEBI:57556	MetaCyc:CPD-549;KEGG:C03174@Charged;ChEBI:57556	MetaCyc:CPD-549;KEGG:C03174@Charged;ChEBI:57556	MetaCyc:CPD-549;KEGG:C03174@Charged;ChEBI:57556	KEGG:C03174	KEGG:C03174	EQ	eQuilibrator:MNXM4811	KEGG:C03174@Charged	eQuilibrator:MNXM4811
cpd02030	MetaCyc:SHIKIMATE-5P;KEGG:C03175@Charged;ChEBI:145989	MetaCyc:SHIKIMATE-5P;KEGG:C03175@Charged;ChEBI:145989	MetaCyc:SHIKIMATE-5P;KEGG:C03175@Charged;ChEBI:145989	MetaCyc:SHIKIMATE-5P;KEGG:C03175@Charged;ChEBI:145989	KEGG:C03175	KEGG:C03175	EQ	eQuilibrator:MNXM1265	KEGG:C03175@Charged	eQuilibrator:MNXM1265
cpd02031	KEGG:C03176	KEGG:C03176	KEGG:C03176	KEGG:C03176	KEGG:C03176	KEGG:C03176	GC	KEGG:C03176@Charged	KEGG:C03176@Charged	
cpd02032	KEGG:C03177	KEGG:C03177	KEGG:C03177	KEGG:C03177@Charged	KEGG:C03177	KEGG:C03177	EQ	eQuilibrator:MNXM82822	KEGG:C03177@Charged	eQuilibrator:MNXM82822
cpd02033	MetaCyc:TETRAHYDROXYPTERIDINE@Charged;KEGG:C03178@Charged;ChEBI:17410@Charged	MetaCyc:TETRAHYDROXYPTERIDINE@Charged;KEGG:C03178@Charged;ChEBI:17410@Charged	MetaCyc:TETRAHYDROXYPTERIDINE@Charged;KEGG:C03178@Charged;ChEBI:17410@Charged	MetaCyc:TETRAHYDROXYPTERIDINE@Charged;KEGG:C03178@Charged;ChEBI:17410@Charged	KEGG:C03178	KEGG:C03178	EQ		KEGG:C03178@Charged	
cpd02034	KEGG:C03183@Charged	KEGG:C03183@Charged	KEGG:C03183@Charged	KEGG:C03183@Charged	KEGG:C03183	KEGG:C03183	GC	KEGG:C03183@Charged	KEGG:C03183@Charged	eQuilibrator:MNXM89305
cpd02035	KEGG:C03184@Charged	KEGG:C03184@Charged	KEGG:C03184@Charged	KEGG:C03184@Charged	KEGG:C03184	KEGG:C03184	GC	KEGG:C03184@Charged	KEGG:C03184@Charged	
cpd02036	MetaCyc:CPD-344;KEGG:C03187@Charged;ChEBI:68576	MetaCyc:CPD-344;KEGG:C03187@Charged;ChEBI:68576	MetaCyc:CPD-344;KEGG:C03187@Charged;ChEBI:68576	MetaCyc:CPD-344;KEGG:C03187@Charged;ChEBI:68576	KEGG:C03187	KEGG:C03187	EQ	eQuilibrator:MNXM5145	KEGG:C03187@Charged	eQuilibrator:MNXM5145
cpd02037										
cpd02038	KEGG:C03190@Charged;ChEBI:57293@Charged	KEGG:C03190@Charged;ChEBI:57293@Charged	KEGG:C03190@Charged;ChEBI:57293@Charged	KEGG:C03190@Charged;ChEBI:57293@Charged	KEGG:C03190		GC	KEGG:C03190@Charged	KEGG:C03190@Charged	eQuilibrator:MNXM3396
cpd02039	KEGG:C03194@Charged;ChEBI:42677	KEGG:C03194@Charged;ChEBI:42677	KEGG:C03194@Charged;ChEBI:42677	KEGG:C03194@Charged;ChEBI:42677	KEGG:C03194	KEGG:C03194	EQ	eQuilibrator:MNXM1029	KEGG:C03194@Charged	eQuilibrator:MNXM1029
cpd02040	MetaCyc:CPD-57;KEGG:C03195@Charged;ChEBI:15683	MetaCyc:CPD-57;KEGG:C03195@Charged;ChEBI:15683	MetaCyc:CPD-57;KEGG:C03195@Charged;ChEBI:15683	MetaCyc:CPD-57;KEGG:C03195@Charged;ChEBI:15683	KEGG:C03195	KEGG:C03195	EQ	eQuilibrator:MNXM4197	KEGG:C03195@Charged	eQuilibrator:MNXM4197
cpd02041	MetaCyc:CPD-381;KEGG:C03196@Charged;ChEBI:16782	MetaCyc:CPD-381;KEGG:C03196@Charged;ChEBI:16782	MetaCyc:CPD-381;KEGG:C03196@Charged;ChEBI:16782	MetaCyc:CPD-381;KEGG:C03196@Charged;ChEBI:16782	KEGG:C03196	KEGG:C03196	EQ	eQuilibrator:MNXM90068	KEGG:C03196@Charged	eQuilibrator:MNXM90068
cpd02042	MetaCyc:CPD-1843;KEGG:C03197@Charged;ChEBI:11047	MetaCyc:CPD-1843;KEGG:C03197@Charged;ChEBI:11047	MetaCyc:CPD-1843;KEGG:C03197@Charged;ChEBI:11047	MetaCyc:CPD-1843;KEGG:C03197@Charged;ChEBI:11047	KEGG:C03197	KEGG:C03197	EQ	eQuilibrator:MNXM4208	MetaCyc:CPD-1843@Charged	eQuilibrator:MNXM4208
cpd02043	MetaCyc:CPD-106;KEGG:C03198@Charged;ChEBI:17210	MetaCyc:CPD-106;KEGG:C03198@Charged;ChEBI:17210	MetaCyc:CPD-106;KEGG:C03198@Charged;ChEBI:17210	MetaCyc:CPD-106;KEGG:C03198@Charged;ChEBI:17210	KEGG:C03198	KEGG:C03198	EQ	eQuilibrator:MNXM1301	MetaCyc:CPD-106@Charged	eQuilibrator:MNXM1301
cpd02044	MetaCyc:12-DIDECANOYLGLYCEROL;KEGG:C03199;ChEBI:18155	MetaCyc:12-DIDECANOYLGLYCEROL;KEGG:C03199;ChEBI:18155	MetaCyc:12-DIDECANOYLGLYCEROL;KEGG:C03199;ChEBI:18155	MetaCyc:12-DIDECANOYLGLYCEROL;KEGG:C03199;ChEBI:18155	KEGG:C03199	KEGG:C03199	GC	MetaCyc:12-DIDECANOYLGLYCEROL@Charged	MetaCyc:12-DIDECANOYLGLYCEROL@Charged	
cpd02045	MetaCyc:HYDROXYNAPHTHOATE;KEGG:C03203@Charged;ChEBI:15992	MetaCyc:HYDROXYNAPHTHOATE;KEGG:C03203@Charged;ChEBI:15992	MetaCyc:HYDROXYNAPHTHOATE;KEGG:C03203@Charged;ChEBI:15992	MetaCyc:HYDROXYNAPHTHOATE;KEGG:C03203@Charged;ChEBI:15992	KEGG:C03203	KEGG:C03203	EQ	eQuilibrator:MNXM1129	KEGG:C03203@Charged	eQuilibrator:MNXM1129
cpd02046	MetaCyc:CPD-14932;MetaCyc:CPD-212;KEGG:C03204@Charged;ChEBI:57452	MetaCyc:CPD-14932;MetaCyc:CPD-212;KEGG:C03204@Charged;ChEBI:57452	MetaCyc:CPD-14932;MetaCyc:CPD-212;KEGG:C03204@Charged;ChEBI:57452	MetaCyc:CPD-14932;MetaCyc:CPD-212;KEGG:C03204@Charged;ChEBI:57452	KEGG:C03204	KEGG:C03204	GC	MetaCyc:CPD-14932@Charged	MetaCyc:CPD-14932@Charged	eQuilibrator:MNXM3784
cpd02047	MetaCyc:11-DEOXYCORTICOSTERONE;KEGG:C03205;ChEBI:16973	MetaCyc:11-DEOXYCORTICOSTERONE;KEGG:C03205;ChEBI:16973	MetaCyc:11-DEOXYCORTICOSTERONE;KEGG:C03205;ChEBI:16973	MetaCyc:11-DEOXYCORTICOSTERONE;KEGG:C03205;ChEBI:16973	KEGG:C03205	KEGG:C03205	GC	MetaCyc:11-DEOXYCORTICOSTERONE@Charged	MetaCyc:11-DEOXYCORTICOSTERONE@Charged	eQuilibrator:MNXM849
cpd02048	MetaCyc:12-DEHYDROTETRACYCLINE;KEGG:C03206;ChEBI:57522	MetaCyc:12-DEHYDROTETRACYCLINE;KEGG:C03206;ChEBI:57522	MetaCyc:12-DEHYDROTETRACYCLINE;KEGG:C03206;ChEBI:57522	MetaCyc:12-DEHYDROTETRACYCLINE;KEGG:C03206@Charged;ChEBI:57522	KEGG:C03206	KEGG:C03206	GC	MetaCyc:12-DEHYDROTETRACYCLINE@Charged	MetaCyc:12-DEHYDROTETRACYCLINE@Charged	eQuilibrator:MNXM2907
cpd02049	MetaCyc:16-17-DIDEHYDROPROGESTERONE;KEGG:C03207;ChEBI:18204	MetaCyc:16-17-DIDEHYDROPROGESTERONE;KEGG:C03207;ChEBI:18204	MetaCyc:16-17-DIDEHYDROPROGESTERONE;KEGG:C03207;ChEBI:18204	MetaCyc:16-17-DIDEHYDROPROGESTERONE;KEGG:C03207;ChEBI:18204	KEGG:C03207	KEGG:C03207	GC	KEGG:C03207@Charged	KEGG:C03207@Charged	eQuilibrator:MNXM4254
cpd02050	MetaCyc:CPD-14144;KEGG:C03209;ChEBI:28970	MetaCyc:CPD-14144;KEGG:C03209;ChEBI:28970	MetaCyc:CPD-14144;KEGG:C03209;ChEBI:28970	MetaCyc:CPD-14144;KEGG:C03209;ChEBI:28970	KEGG:C03209	KEGG:C03209	EQ	eQuilibrator:MNXM44344	KEGG:C03209@Charged	eQuilibrator:MNXM44344
cpd02051	MetaCyc:CPD-310;KEGG:C03210@Charged;ChEBI:58934	MetaCyc:CPD-310;KEGG:C03210@Charged;ChEBI:58934	MetaCyc:CPD-310;KEGG:C03210@Charged;ChEBI:58934	MetaCyc:CPD-310;KEGG:C03210@Charged;ChEBI:58934	KEGG:C03210	KEGG:C03210	EQ	eQuilibrator:MNXM4264	KEGG:C03210@Charged	eQuilibrator:MNXM4264
cpd02052					KEGG:C03212	KEGG:C03212	EQ			
cpd02053	MetaCyc:3-K-THR@Charged;KEGG:C03214	MetaCyc:3-K-THR@Charged;KEGG:C03214	MetaCyc:3-K-THR@Charged;KEGG:C03214	MetaCyc:3-K-THR@Charged;KEGG:C03214@Charged	KEGG:C03214	KEGG:C03214	EQ	eQuilibrator:MNXM163144	KEGG:C03214@Charged	eQuilibrator:MNXM163144
cpd02054	KEGG:C03215@Charged;ChEBI:58008	KEGG:C03215@Charged;ChEBI:58008	KEGG:C03215@Charged;ChEBI:58008	KEGG:C03215@Charged;ChEBI:58008	KEGG:C03215	KEGG:C03215	EQ	eQuilibrator:MNXM3807	KEGG:C03215@Charged	eQuilibrator:MNXM3807
cpd02055										
cpd02056	MetaCyc:CPD-621;KEGG:C03217@Charged;ChEBI:57712	MetaCyc:CPD-621;KEGG:C03217@Charged;ChEBI:57712	MetaCyc:CPD-621;KEGG:C03217@Charged;ChEBI:57712	MetaCyc:CPD-621;KEGG:C03217@Charged;ChEBI:57712	KEGG:C03217	KEGG:C03217	EQ	eQuilibrator:MNXM3811	MetaCyc:CPD-621@Charged	eQuilibrator:MNXM3811
cpd02057	KEGG:C03218	KEGG:C03218	KEGG:C03218	KEGG:C03218	KEGG:C03218	KEGG:C03218	GC	KEGG:C03218@Charged	KEGG:C03218@Charged	eQuilibrator:MNXM35270
cpd02058	MetaCyc:2-METHYLPROPANAL-OXIME;KEGG:C03219;ChEBI:61143	MetaCyc:2-METHYLPROPANAL-OXIME;KEGG:C03219;ChEBI:61143	MetaCyc:2-METHYLPROPANAL-OXIME;KEGG:C03219;ChEBI:61143	MetaCyc:2-METHYLPROPANAL-OXIME;KEGG:C03219;ChEBI:61143	KEGG:C03219	KEGG:C03219	GC	MetaCyc:2-METHYLPROPANAL-OXIME@Charged	MetaCyc:2-METHYLPROPANAL-OXIME@Charged	eQuilibrator:MNXM1708
cpd02059	MetaCyc:2-CIS6-TRANS-FARNESOL;KEGG:C03220;ChEBI:16774	MetaCyc:2-CIS6-TRANS-FARNESOL;KEGG:C03220;ChEBI:16774	MetaCyc:2-CIS6-TRANS-FARNESOL;KEGG:C03220;ChEBI:16774	MetaCyc:2-CIS6-TRANS-FARNESOL;KEGG:C03220;ChEBI:16774	KEGG:C03220	KEGG:C03220	EQ	eQuilibrator:MNXM4174	MetaCyc:2-CIS6-TRANS-FARNESOL@Charged	eQuilibrator:MNXM4174
cpd02060	MetaCyc:CPD-7222;KEGG:C03221@Charged;ChEBI:57330	MetaCyc:CPD-7222;KEGG:C03221@Charged;ChEBI:57330	MetaCyc:CPD-7222;KEGG:C03221@Charged;ChEBI:57330	MetaCyc:CPD-7222;KEGG:C03221@Charged;ChEBI:57330	KEGG:C03221	KEGG:C03221	GC	KEGG:C03221@Charged	KEGG:C03221@Charged	eQuilibrator:MNXM642
cpd02061	MetaCyc:CPD-635;KEGG:C03223@Charged;ChEBI:58137	MetaCyc:CPD-635;KEGG:C03223@Charged;ChEBI:58137	MetaCyc:CPD-635;KEGG:C03223@Charged;ChEBI:58137	MetaCyc:CPD-635;KEGG:C03223@Charged;ChEBI:58137	KEGG:C03223	KEGG:C03223	EQ	eQuilibrator:MNXM3474	KEGG:C03223@Charged	eQuilibrator:MNXM3474
cpd02062	KEGG:C03224@Charged	KEGG:C03224@Charged	KEGG:C03224@Charged	KEGG:C03224@Charged	KEGG:C03224	KEGG:C03224	EQ	eQuilibrator:MNXM36097	KEGG:C03224@Charged	eQuilibrator:MNXM36097
cpd02063	MetaCyc:DINITRO-L-TYROSINE@Charged;KEGG:C03225@Charged	MetaCyc:DINITRO-L-TYROSINE@Charged;KEGG:C03225@Charged	MetaCyc:DINITRO-L-TYROSINE@Charged;KEGG:C03225@Charged	MetaCyc:DINITRO-L-TYROSINE@Charged;KEGG:C03225@Charged	KEGG:C03225	KEGG:C03225	GC	KEGG:C03225@Charged	KEGG:C03225@Charged	eQuilibrator:MNXM36120
cpd02064	KEGG:C03226@Charged	KEGG:C03226@Charged	KEGG:C03226@Charged	KEGG:C03226@Charged	KEGG:C03226	KEGG:C03226	GC	KEGG:C03226@Charged	KEGG:C03226@Charged	
cpd02065	KEGG:C03227	KEGG:C03227	KEGG:C03227	KEGG:C03227@Charged	KEGG:C03227	KEGG:C03227	EQ	eQuilibrator:MNXM576	KEGG:C03227@Charged	eQuilibrator:MNXM576
cpd02066	MetaCyc:3-HYDROXYCYCLOHEXANONE;KEGG:C03228;ChEBI:17611	MetaCyc:3-HYDROXYCYCLOHEXANONE;KEGG:C03228;ChEBI:17611	MetaCyc:3-HYDROXYCYCLOHEXANONE;KEGG:C03228;ChEBI:17611	MetaCyc:3-HYDROXYCYCLOHEXANONE;KEGG:C03228;ChEBI:17611	KEGG:C03228	KEGG:C03228	EQ	eQuilibrator:MNXM4338	MetaCyc:3-HYDROXYCYCLOHEXANONE@Charged	eQuilibrator:MNXM4338
cpd02067	KEGG:C03230;ChEBI:15976	KEGG:C03230;ChEBI:15976	KEGG:C03230;ChEBI:15976	KEGG:C03230;ChEBI:15976	KEGG:C03230	KEGG:C03230	EQ	eQuilibrator:MNXM2936	KEGG:C03230@Charged	eQuilibrator:MNXM2936
cpd02068	MetaCyc:TRANS-3-METHYL-GLUTACONYL-COA;KEGG:C03231@Charged;ChEBI:57346	MetaCyc:TRANS-3-METHYL-GLUTACONYL-COA;KEGG:C03231@Charged;ChEBI:57346	MetaCyc:TRANS-3-METHYL-GLUTACONYL-COA;KEGG:C03231@Charged;ChEBI:57346	MetaCyc:TRANS-3-METHYL-GLUTACONYL-COA;KEGG:C03231@Charged;ChEBI:57346	KEGG:C03231	KEGG:C03231	EQ	eQuilibrator:MNXM91417	KEGG:C03231@Charged	eQuilibrator:MNXM91417
cpd02069	MetaCyc:3-P-HYDROXYPYRUVATE;KEGG:C03232@Charged;ChEBI:18110	MetaCyc:3-P-HYDROXYPYRUVATE;KEGG:C03232@Charged;ChEBI:18110	MetaCyc:3-P-HYDROXYPYRUVATE;KEGG:C03232@Charged;ChEBI:18110	MetaCyc:3-P-HYDROXYPYRUVATE;KEGG:C03232@Charged;ChEBI:18110	KEGG:C03232		EQ	eQuilibrator:MNXM541	MetaCyc:3-P-HYDROXYPYRUVATE@Charged	eQuilibrator:MNXM541
cpd02070	MetaCyc:CPD-636;KEGG:C03233@Charged;ChEBI:58051	MetaCyc:CPD-636;KEGG:C03233@Charged;ChEBI:58051	MetaCyc:CPD-636;KEGG:C03233@Charged;ChEBI:58051	MetaCyc:CPD-636;KEGG:C03233@Charged;ChEBI:58051	KEGG:C03233	KEGG:C03233	EQ	eQuilibrator:MNXM1894	MetaCyc:CPD-636@Charged	eQuilibrator:MNXM1894
cpd02071	MetaCyc:CPD-24038;KEGG:C03235@Charged	MetaCyc:CPD-24038;KEGG:C03235@Charged	MetaCyc:CPD-24038;KEGG:C03235@Charged	MetaCyc:CPD-24038;KEGG:C03235@Charged	KEGG:C03235	KEGG:C03235	EQ	eQuilibrator:MNXM37553	KEGG:C03235@Charged	eQuilibrator:MNXM37553
cpd02072	MetaCyc:5-HYDROXYPENTANOYL-COA;KEGG:C03237@Charged;ChEBI:57357	MetaCyc:5-HYDROXYPENTANOYL-COA;KEGG:C03237@Charged;ChEBI:57357	MetaCyc:5-HYDROXYPENTANOYL-COA;KEGG:C03237@Charged;ChEBI:57357	MetaCyc:5-HYDROXYPENTANOYL-COA;KEGG:C03237@Charged;ChEBI:57357	KEGG:C03237	KEGG:C03237	EQ	eQuilibrator:MNXM4396	KEGG:C03237@Charged	eQuilibrator:MNXM4396
cpd02073	MetaCyc:CPD-1081;KEGG:C03238;ChEBI:17762	MetaCyc:CPD-1081;KEGG:C03238;ChEBI:17762	MetaCyc:CPD-1081;KEGG:C03238;ChEBI:17762	MetaCyc:CPD-1081;KEGG:C03238;ChEBI:17762		KEGG:C03238	GC	MetaCyc:CPD-1081@Charged	MetaCyc:CPD-1081@Charged	eQuilibrator:MNXM4404
cpd02074	MetaCyc:2-KETO-6-AMINO-CAPROATE;KEGG:C03239;ChEBI:58183	MetaCyc:2-KETO-6-AMINO-CAPROATE;KEGG:C03239;ChEBI:58183	MetaCyc:2-KETO-6-AMINO-CAPROATE;KEGG:C03239;ChEBI:58183	MetaCyc:2-KETO-6-AMINO-CAPROATE;KEGG:C03239@Charged;ChEBI:58183	KEGG:C03239	KEGG:C03239	EQ	eQuilibrator:MNXM916	KEGG:C03239@Charged	eQuilibrator:MNXM916
cpd02075	MetaCyc:CPD-428;KEGG:C03240;ChEBI:16089	MetaCyc:CPD-428;KEGG:C03240;ChEBI:16089	MetaCyc:CPD-428;KEGG:C03240;ChEBI:16089	MetaCyc:CPD-428;KEGG:C03240;ChEBI:16089	KEGG:C03240	KEGG:C03240	EQ	eQuilibrator:MNXM2496	MetaCyc:CPD-428@Charged	eQuilibrator:MNXM2496
cpd02076	MetaCyc:6-HYDROXYHEXAN-6-OLIDE;KEGG:C03241;ChEBI:17075	MetaCyc:6-HYDROXYHEXAN-6-OLIDE;KEGG:C03241;ChEBI:17075	MetaCyc:6-HYDROXYHEXAN-6-OLIDE;KEGG:C03241;ChEBI:17075	MetaCyc:6-HYDROXYHEXAN-6-OLIDE;KEGG:C03241;ChEBI:17075	KEGG:C03241	KEGG:C03241	EQ	eQuilibrator:MNXM2624	MetaCyc:6-HYDROXYHEXAN-6-OLIDE@Charged	eQuilibrator:MNXM2624
cpd02077	MetaCyc:CPD-8120;KEGG:C03242@Charged;ChEBI:71589	MetaCyc:CPD-8120;KEGG:C03242@Charged;ChEBI:71589	MetaCyc:CPD-8120;KEGG:C03242@Charged;ChEBI:71589	MetaCyc:CPD-8120;KEGG:C03242@Charged;ChEBI:71589	KEGG:C03242		EQ	eQuilibrator:MNXM5607	KEGG:C03242@Charged	eQuilibrator:MNXM5607
cpd02078	KEGG:C03243;ChEBI:37454	KEGG:C03243;ChEBI:37454	KEGG:C03243;ChEBI:37454	KEGG:C03243;ChEBI:37454		KEGG:C03243	EQ	eQuilibrator:MNXM39499	KEGG:C03243@Charged	eQuilibrator:MNXM39499
cpd02079					KEGG:C03246	KEGG:C03246	GC			
cpd02080	MetaCyc:CPD-1831;KEGG:C03248@Charged;ChEBI:15357	MetaCyc:CPD-1831;KEGG:C03248@Charged;ChEBI:15357	MetaCyc:CPD-1831;KEGG:C03248@Charged;ChEBI:15357	MetaCyc:CPD-1831;KEGG:C03248@Charged;ChEBI:15357	KEGG:C03248		GC	KEGG:C03248@Charged	KEGG:C03248@Charged	
cpd02081	MetaCyc:CPD-9755;KEGG:C03251@Charged;ChEBI:57584	MetaCyc:CPD-9755;KEGG:C03251@Charged;ChEBI:57584	MetaCyc:CPD-9755;KEGG:C03251@Charged;ChEBI:57584	MetaCyc:CPD-9755;KEGG:C03251@Charged;ChEBI:57584	KEGG:C03251	KEGG:C03251	EQ	eQuilibrator:MNXM4437	MetaCyc:CPD-9755@Charged	eQuilibrator:MNXM4437
cpd02082	KEGG:C03256@Charged;ChEBI:57790	KEGG:C03256@Charged;ChEBI:57790	KEGG:C03256@Charged;ChEBI:57790	KEGG:C03256@Charged;ChEBI:57790		KEGG:C03256	EQ	eQuilibrator:MNXM4480	KEGG:C03256@Charged	eQuilibrator:MNXM4480
cpd02083	MetaCyc:COPROPORPHYRINOGEN_III;KEGG:C03263@Charged;ChEBI:57309	MetaCyc:COPROPORPHYRINOGEN_III;KEGG:C03263@Charged;ChEBI:57309	MetaCyc:COPROPORPHYRINOGEN_III;KEGG:C03263@Charged;ChEBI:57309	MetaCyc:COPROPORPHYRINOGEN_III;KEGG:C03263@Charged;ChEBI:57309	KEGG:C03263		GC	KEGG:C03263@Charged	KEGG:C03263@Charged	eQuilibrator:MNXM410
cpd02084	MetaCyc:CPD-17492;KEGG:C03264@Charged;ChEBI:55535	MetaCyc:CPD-17492;KEGG:C03264@Charged;ChEBI:55535	MetaCyc:CPD-17492;KEGG:C03264@Charged;ChEBI:55535	MetaCyc:CPD-17492;KEGG:C03264@Charged;ChEBI:55535	KEGG:C03264	KEGG:C03264	EQ	eQuilibrator:MNXM30866	MetaCyc:CPD-17492@Charged	eQuilibrator:MNXM30866
cpd02085	MetaCyc:FRUCTOSE-2-PHOSPHATE;KEGG:C03267@Charged;ChEBI:57267	MetaCyc:FRUCTOSE-2-PHOSPHATE;KEGG:C03267@Charged;ChEBI:57267	MetaCyc:FRUCTOSE-2-PHOSPHATE;KEGG:C03267@Charged;ChEBI:57267	MetaCyc:FRUCTOSE-2-PHOSPHATE;KEGG:C03267@Charged;ChEBI:57267	KEGG:C03267	KEGG:C03267	EQ	eQuilibrator:MNXM3220	KEGG:C03267@Charged	eQuilibrator:MNXM3220
cpd02086	MetaCyc:CPD-8560	MetaCyc:CPD-8560	MetaCyc:CPD-8560	KEGG:C03268;ChEBI:27535	KEGG:C03268	KEGG:C03268	EQ	eQuilibrator:MNXM92358	MetaCyc:CPD-8560@Charged	eQuilibrator:MNXM92358
cpd02087	MetaCyc:CPD-155;ChEBI:16222	MetaCyc:CPD-155;ChEBI:16222	MetaCyc:CPD-155;ChEBI:16222	MetaCyc:CPD-155;ChEBI:16222	KEGG:C03269	KEGG:C03269	GC	MetaCyc:CPD-155@Charged	MetaCyc:CPD-155@Charged	
cpd02088	MetaCyc:N-ACETYL-D-GALACTOSAMINYL-13-D-GALACT;KEGG:C03272;ChEBI:18259	MetaCyc:N-ACETYL-D-GALACTOSAMINYL-13-D-GALACT;KEGG:C03272;ChEBI:18259		MetaCyc:N-ACETYL-D-GALACTOSAMINYL-13-D-GALACT;KEGG:C03272;ChEBI:18259	KEGG:C03272	KEGG:C03272	GC	MetaCyc:N-ACETYL-D-GALACTOSAMINYL-13-D-GALACT@Charged	MetaCyc:N-ACETYL-D-GALACTOSAMINYL-13-D-GALACT@Charged	
cpd02089	MetaCyc:CPD-280;KEGG:C03273@Charged;ChEBI:16120	MetaCyc:CPD-280;KEGG:C03273@Charged;ChEBI:16120	MetaCyc:CPD-280;KEGG:C03273@Charged;ChEBI:16120	MetaCyc:CPD-280;KEGG:C03273@Charged;ChEBI:16120	KEGG:C03273	KEGG:C03273	EQ	eQuilibrator:MNXM1410	KEGG:C03273@Charged	eQuilibrator:MNXM1410
cpd02090	MetaCyc:GLYCEROPHOSPHOGLYCEROL;KEGG:C03274@Charged	MetaCyc:GLYCEROPHOSPHOGLYCEROL;KEGG:C03274@Charged	MetaCyc:GLYCEROPHOSPHOGLYCEROL;KEGG:C03274@Charged	MetaCyc:GLYCEROPHOSPHOGLYCEROL;KEGG:C03274@Charged	KEGG:C03274	KEGG:C03274	GC	MetaCyc:GLYCEROPHOSPHOGLYCEROL@Charged	MetaCyc:GLYCEROPHOSPHOGLYCEROL@Charged	eQuilibrator:MNXM598
cpd02091	MetaCyc:IMIDAZOLE-PYRUVATE;KEGG:C03277@Charged;ChEBI:58133	MetaCyc:IMIDAZOLE-PYRUVATE;KEGG:C03277@Charged;ChEBI:58133	MetaCyc:IMIDAZOLE-PYRUVATE;KEGG:C03277@Charged;ChEBI:58133	MetaCyc:IMIDAZOLE-PYRUVATE;KEGG:C03277@Charged;ChEBI:58133@Charged	KEGG:C03277	KEGG:C03277	EQ	eQuilibrator:MNXM1103	KEGG:C03277@Charged	eQuilibrator:MNXM1103
cpd02093	KEGG:C03280@Charged	KEGG:C03280@Charged	KEGG:C03280@Charged	KEGG:C03280@Charged	KEGG:C03280	KEGG:C03280	GC	KEGG:C03280@Charged	KEGG:C03280@Charged	
cpd02094	KEGG:C03281@Charged;ChEBI:57909	KEGG:C03281@Charged;ChEBI:57909	KEGG:C03281@Charged;ChEBI:57909	KEGG:C03281@Charged;ChEBI:57909	KEGG:C03281	KEGG:C03281	EQ	eQuilibrator:MNXM5194	KEGG:C03281@Charged	eQuilibrator:MNXM5194
cpd02095	MetaCyc:CPD-470;KEGG:C03283@Charged;ChEBI:58761	MetaCyc:CPD-470;KEGG:C03283@Charged;ChEBI:58761	MetaCyc:CPD-470;KEGG:C03283@Charged;ChEBI:58761	MetaCyc:CPD-470;KEGG:C03283@Charged;ChEBI:58761	KEGG:C03283	KEGG:C03283	EQ	eQuilibrator:MNXM840	MetaCyc:CPD-470@Charged	eQuilibrator:MNXM840
cpd02096	MetaCyc:CPD-466;KEGG:C03284;ChEBI:58655	MetaCyc:CPD-466;KEGG:C03284;ChEBI:58655	MetaCyc:CPD-466;KEGG:C03284;ChEBI:58655	MetaCyc:CPD-466;KEGG:C03284@Charged;ChEBI:58655	KEGG:C03284	KEGG:C03284	EQ	eQuilibrator:MNXM2053	MetaCyc:CPD-466@Charged	eQuilibrator:MNXM2053
cpd02097	MetaCyc:L-GLUTAMATE-5-P;KEGG:C03287@Charged;ChEBI:58274	MetaCyc:L-GLUTAMATE-5-P;KEGG:C03287@Charged;ChEBI:58274	MetaCyc:L-GLUTAMATE-5-P;KEGG:C03287@Charged;ChEBI:58274	MetaCyc:L-GLUTAMATE-5-P;KEGG:C03287@Charged;ChEBI:58274	KEGG:C03287	KEGG:C03287	EQ	eQuilibrator:MNXM1280	MetaCyc:L-GLUTAMATE-5-P@Charged	eQuilibrator:MNXM1280
cpd02098	KEGG:C03289	KEGG:C03289	KEGG:C03289	KEGG:C03289	KEGG:C03289	KEGG:C03289	GC	KEGG:C03289@Charged	KEGG:C03289@Charged	
cpd02099	MetaCyc:CPD-8855;KEGG:C03290	MetaCyc:CPD-8855;KEGG:C03290	MetaCyc:CPD-8855;KEGG:C03290	MetaCyc:CPD-8855;KEGG:C03290@Charged	KEGG:C03290	KEGG:C03290	GC	KEGG:C03290@Charged	KEGG:C03290@Charged	
cpd02100	MetaCyc:L-XYLULOSE-5-P;KEGG:C03291@Charged;ChEBI:57829	MetaCyc:L-XYLULOSE-5-P;KEGG:C03291@Charged;ChEBI:57829	MetaCyc:L-XYLULOSE-5-P;KEGG:C03291@Charged;ChEBI:57829	MetaCyc:L-XYLULOSE-5-P;KEGG:C03291@Charged;ChEBI:57829	KEGG:C03291	KEGG:C03291	EQ	eQuilibrator:MNXM1238	MetaCyc:L-XYLULOSE-5-P@Charged	eQuilibrator:MNXM1238
cpd02101	KEGG:C03292@Charged	KEGG:C03292@Charged	KEGG:C03292@Charged	KEGG:C03292@Charged	KEGG:C03292	KEGG:C03292	EQ	eQuilibrator:MNXM61442	KEGG:C03292@Charged	eQuilibrator:MNXM61442
cpd02102	MetaCyc:CPD-486;KEGG:C03293@Charged	MetaCyc:CPD-486;KEGG:C03293@Charged	MetaCyc:CPD-486;KEGG:C03293@Charged	MetaCyc:CPD-486;KEGG:C03293@Charged	KEGG:C03293	KEGG:C03293	GC	KEGG:C03293@Charged	KEGG:C03293@Charged	eQuilibrator:MNXM4718
cpd02103	MetaCyc:CPD-421;KEGG:C03296@Charged;ChEBI:58241	MetaCyc:CPD-421;KEGG:C03296@Charged;ChEBI:58241	MetaCyc:CPD-421;KEGG:C03296@Charged;ChEBI:58241	MetaCyc:CPD-421;KEGG:C03296@Charged;ChEBI:58241	KEGG:C03296	KEGG:C03296	EQ	eQuilibrator:MNXM1756	KEGG:C03296@Charged	eQuilibrator:MNXM1756
cpd02104	MetaCyc:CPD-15285;KEGG:C03298;ChEBI:75895	MetaCyc:CPD-15285;KEGG:C03298;ChEBI:75895	MetaCyc:CPD-15285;KEGG:C03298;ChEBI:75895	MetaCyc:CPD-15285;KEGG:C03298@Charged;ChEBI:75895	KEGG:C03298	KEGG:C03298	EQ	eQuilibrator:MNXM92466	MetaCyc:CPD-15285@Charged	eQuilibrator:MNXM92466
cpd02105	MetaCyc:CPD-19741;KEGG:C03299;ChEBI:28717	MetaCyc:CPD-19741;KEGG:C03299;ChEBI:28717	MetaCyc:CPD-19741;KEGG:C03299;ChEBI:28717	MetaCyc:CPD-19741;KEGG:C03299;ChEBI:28717	KEGG:C03299	KEGG:C03299	GC	MetaCyc:CPD-19741@Charged	MetaCyc:CPD-19741@Charged	eQuilibrator:MNXM65156
cpd02106	MetaCyc:CPD-174;KEGG:C03300	MetaCyc:CPD-174;KEGG:C03300	MetaCyc:CPD-174;KEGG:C03300	MetaCyc:CPD-174@Charged;KEGG:C03300@Charged	KEGG:C03300	KEGG:C03300	GC	MetaCyc:CPD-174@Charged	MetaCyc:CPD-174@Charged	
cpd02107	KEGG:C03305@Charged	KEGG:C03305@Charged	KEGG:C03305@Charged	KEGG:C03305@Charged	KEGG:C03305	KEGG:C03305	EQ	eQuilibrator:MNXM78151	KEGG:C03305@Charged	eQuilibrator:MNXM78151
cpd02108	MetaCyc:STRICTOSIDINE-AGLYCONE;KEGG:C03309@Charged;ChEBI:58012	MetaCyc:STRICTOSIDINE-AGLYCONE;KEGG:C03309@Charged;ChEBI:58012	MetaCyc:STRICTOSIDINE-AGLYCONE;KEGG:C03309@Charged;ChEBI:58012	MetaCyc:STRICTOSIDINE-AGLYCONE;KEGG:C03309@Charged;ChEBI:58012	KEGG:C03309	KEGG:C03309	EQ	eQuilibrator:MNXM3362	MetaCyc:STRICTOSIDINE-AGLYCONE@Charged	eQuilibrator:MNXM3362
cpd02109	KEGG:C03311	KEGG:C03311	KEGG:C03311	KEGG:C03311	KEGG:C03311		GC	KEGG:C03311@Charged	KEGG:C03311@Charged	
cpd02110	MetaCyc:CPD-443;KEGG:C03312@Charged	MetaCyc:CPD-443;KEGG:C03312@Charged	MetaCyc:CPD-443;KEGG:C03312@Charged	MetaCyc:CPD-443@Charged;KEGG:C03312@Charged	KEGG:C03312	KEGG:C03312	EQ	eQuilibrator:MNXM22394	KEGG:C03312@Charged	eQuilibrator:MNXM22394
cpd02111	KEGG:C05850	KEGG:C05850		KEGG:C05850	KEGG:C05850	KEGG:C05850	GC	KEGG:C05850@Charged	KEGG:C05850@Charged	
cpd02112	MetaCyc:XANTHINE-8-CARBOXYLATE;KEGG:C03314@Charged;ChEBI:16806	MetaCyc:XANTHINE-8-CARBOXYLATE;KEGG:C03314@Charged;ChEBI:16806	MetaCyc:XANTHINE-8-CARBOXYLATE;KEGG:C03314@Charged;ChEBI:16806	MetaCyc:XANTHINE-8-CARBOXYLATE@Charged;KEGG:C03314@Charged;ChEBI:16806@Charged	KEGG:C03314	KEGG:C03314	EQ	eQuilibrator:MNXM4880	MetaCyc:XANTHINE-8-CARBOXYLATE@Charged	eQuilibrator:MNXM4880
cpd02113	MetaCyc:DTDP-RHAMNOSE;KEGG:C03319@Charged;ChEBI:57510	MetaCyc:DTDP-RHAMNOSE;KEGG:C03319@Charged;ChEBI:57510	MetaCyc:DTDP-RHAMNOSE;KEGG:C03319@Charged;ChEBI:57510	MetaCyc:DTDP-RHAMNOSE;KEGG:C03319@Charged;ChEBI:57510	KEGG:C03319	KEGG:C03319	EQ	eQuilibrator:MNXM899	KEGG:C03319@Charged	eQuilibrator:MNXM899
cpd02114	MetaCyc:CPD-2202	MetaCyc:CPD-2202	MetaCyc:CPD-2202	MetaCyc:CPD-2202	KEGG:C03325	KEGG:C03325	GC	MetaCyc:CPD-2202@Charged	MetaCyc:CPD-2202@Charged	
cpd02115	KEGG:C03326@Charged	KEGG:C03326@Charged	KEGG:C03326@Charged	KEGG:C03326@Charged	KEGG:C03326	KEGG:C03326	EQ	eQuilibrator:MNXM31412	KEGG:C03326@Charged	eQuilibrator:MNXM31412
cpd02116	KEGG:C03328@Charged	KEGG:C03328@Charged	KEGG:C03328@Charged	KEGG:C03328@Charged	KEGG:C03328	KEGG:C03328	GC	KEGG:C03328@Charged	KEGG:C03328@Charged	
cpd02117	MetaCyc:S-TETRAHYDROBERBERINE;KEGG:C03329;ChEBI:16592	MetaCyc:S-TETRAHYDROBERBERINE;KEGG:C03329;ChEBI:16592	MetaCyc:S-TETRAHYDROBERBERINE;KEGG:C03329;ChEBI:16592	MetaCyc:S-TETRAHYDROBERBERINE;KEGG:C03329;ChEBI:16592	KEGG:C03329	KEGG:C03329	EQ	eQuilibrator:MNXM1610	KEGG:C03329@Charged	eQuilibrator:MNXM1610
cpd02118	MetaCyc:CPD-616;KEGG:C03338;ChEBI:17185	MetaCyc:CPD-616;KEGG:C03338;ChEBI:17185	MetaCyc:CPD-616;KEGG:C03338;ChEBI:17185	MetaCyc:CPD-616;KEGG:C03338;ChEBI:17185	KEGG:C03338	KEGG:C03338	EQ	eQuilibrator:MNXM3437	KEGG:C03338@Charged	eQuilibrator:MNXM3437
cpd02119	KEGG:C03339@Charged	KEGG:C03339@Charged	KEGG:C03339@Charged	KEGG:C03339@Charged	KEGG:C03339		GC	KEGG:C03339@Charged	KEGG:C03339@Charged	
cpd02120	MetaCyc:2-3-DIHYDRODIPICOLINATE;KEGG:C03340@Charged;ChEBI:30620	MetaCyc:2-3-DIHYDRODIPICOLINATE;KEGG:C03340@Charged;ChEBI:30620	MetaCyc:2-3-DIHYDRODIPICOLINATE;KEGG:C03340@Charged;ChEBI:30620	MetaCyc:2-3-DIHYDRODIPICOLINATE;KEGG:C03340@Charged;ChEBI:30620	KEGG:C03340	KEGG:C03340	EQ	eQuilibrator:MNXM807	KEGG:C03340@Charged	eQuilibrator:MNXM807
cpd02121	KEGG:C03341;ChEBI:134102	KEGG:C03341;ChEBI:134102	KEGG:C03341;ChEBI:134102	KEGG:C03341@Charged;ChEBI:134102	KEGG:C03341	KEGG:C03341	EQ	eQuilibrator:MNXM1625	KEGG:C03341@Charged	eQuilibrator:MNXM1625
cpd02122	KEGG:C03342@Charged	KEGG:C03342@Charged	KEGG:C03342@Charged	KEGG:C03342@Charged	KEGG:C03342	KEGG:C03342	EQ	eQuilibrator:MNXM34979	KEGG:C03342@Charged	eQuilibrator:MNXM34979
cpd02123	MetaCyc:2-ETHYLHEXYL-PHTHALATE;KEGG:C03343@Charged;ChEBI:58071	MetaCyc:2-ETHYLHEXYL-PHTHALATE;KEGG:C03343@Charged;ChEBI:58071	MetaCyc:2-ETHYLHEXYL-PHTHALATE;KEGG:C03343@Charged;ChEBI:58071	MetaCyc:2-ETHYLHEXYL-PHTHALATE;KEGG:C03343@Charged;ChEBI:58071	KEGG:C03343	KEGG:C03343	EQ	eQuilibrator:MNXM4670	KEGG:C03343@Charged	eQuilibrator:MNXM4670
cpd02124	MetaCyc:2-METHYL-ACETO-ACETYL-COA;KEGG:C03344@Charged;ChEBI:57335	MetaCyc:2-METHYL-ACETO-ACETYL-COA;KEGG:C03344@Charged;ChEBI:57335	MetaCyc:2-METHYL-ACETO-ACETYL-COA;KEGG:C03344@Charged;ChEBI:57335	MetaCyc:2-METHYL-ACETO-ACETYL-COA;KEGG:C03344@Charged;ChEBI:57335	KEGG:C03344	KEGG:C03344	EQ	eQuilibrator:MNXM524	KEGG:C03344@Charged	eQuilibrator:MNXM524
cpd02125	MetaCyc:CPD-1083;KEGG:C03345@Charged;ChEBI:57337	MetaCyc:CPD-1083;KEGG:C03345@Charged;ChEBI:57337	MetaCyc:CPD-1083;KEGG:C03345@Charged;ChEBI:57337	MetaCyc:CPD-1083;KEGG:C03345@Charged;ChEBI:57337	KEGG:C03345	KEGG:C03345	EQ	eQuilibrator:MNXM609	KEGG:C03345@Charged	eQuilibrator:MNXM609
cpd02126	KEGG:C03347@Charged	KEGG:C03347@Charged	KEGG:C03347@Charged	KEGG:C03347@Charged	KEGG:C03347	KEGG:C03347	EQ	eQuilibrator:MNXM36103	KEGG:C03347@Charged	eQuilibrator:MNXM36103
cpd02127	MetaCyc:CPD-9388	MetaCyc:CPD-9388	MetaCyc:CPD-9388	MetaCyc:CPD-9388	KEGG:C03348	KEGG:C03348	EQ	eQuilibrator:MNXM59344	MetaCyc:CPD-9388@Charged	eQuilibrator:MNXM59344
cpd02128	MetaCyc:CPD-11725;KEGG:C03349	MetaCyc:CPD-11725;KEGG:C03349	MetaCyc:CPD-11725;KEGG:C03349	MetaCyc:CPD-11725;KEGG:C03349@Charged	KEGG:C03349	KEGG:C03349	GC	KEGG:C03349@Charged	KEGG:C03349@Charged	eQuilibrator:MNXM11828
cpd02129	MetaCyc:3-OH-BENZYL-ALCOHOL;KEGG:C03351;ChEBI:17069	MetaCyc:3-OH-BENZYL-ALCOHOL;KEGG:C03351;ChEBI:17069	MetaCyc:3-OH-BENZYL-ALCOHOL;KEGG:C03351;ChEBI:17069	MetaCyc:3-OH-BENZYL-ALCOHOL;KEGG:C03351;ChEBI:17069	KEGG:C03351	KEGG:C03351	EQ	eQuilibrator:MNXM2785	KEGG:C03351@Charged	eQuilibrator:MNXM2785
cpd02130	KEGG:C03352	KEGG:C03352	KEGG:C03352	KEGG:C03352	KEGG:C03352	KEGG:C03352	EQ	eQuilibrator:MNXM36604	KEGG:C03352@Charged	eQuilibrator:MNXM36604
cpd02131	MetaCyc:CPD-631;KEGG:C03354@Charged;ChEBI:57866	MetaCyc:CPD-631;KEGG:C03354@Charged;ChEBI:57866	MetaCyc:CPD-631;KEGG:C03354@Charged;ChEBI:57866	MetaCyc:CPD-631;KEGG:C03354@Charged;ChEBI:57866		KEGG:C03354	EQ	eQuilibrator:MNXM4342	KEGG:C03354@Charged	eQuilibrator:MNXM4342
cpd02132	KEGG:C03356@Charged	KEGG:C03356@Charged	KEGG:C03356@Charged	KEGG:C03356@Charged	KEGG:C03356	KEGG:C03356	EQ	eQuilibrator:MNXM10122	KEGG:C03356@Charged	eQuilibrator:MNXM10122
cpd02133	MetaCyc:4-ACETAMIDOBUTANOYL;KEGG:C03357@Charged;ChEBI:58583	MetaCyc:4-ACETAMIDOBUTANOYL;KEGG:C03357@Charged;ChEBI:58583	MetaCyc:4-ACETAMIDOBUTANOYL;KEGG:C03357@Charged;ChEBI:58583	MetaCyc:4-ACETAMIDOBUTANOYL;KEGG:C03357@Charged;ChEBI:58583	KEGG:C03357	KEGG:C03357	EQ	eQuilibrator:MNXM4357	MetaCyc:4-ACETAMIDOBUTANOYL@Charged	eQuilibrator:MNXM4357
cpd02134	MetaCyc:CPD-10615;KEGG:C03359;ChEBI:1800	MetaCyc:CPD-10615;KEGG:C03359;ChEBI:1800	MetaCyc:CPD-10615;KEGG:C03359;ChEBI:1800	MetaCyc:CPD-10615;KEGG:C03359;ChEBI:1800	KEGG:C03359	KEGG:C03359	EQ	eQuilibrator:MNXM10180	MetaCyc:CPD-10615@Charged	eQuilibrator:MNXM10180
cpd02135	MetaCyc:CPD-194;KEGG:C03360@Charged;ChEBI:61146	MetaCyc:CPD-194;KEGG:C03360@Charged;ChEBI:61146	MetaCyc:CPD-194;KEGG:C03360@Charged;ChEBI:61146	MetaCyc:CPD-194;KEGG:C03360@Charged;ChEBI:61146	KEGG:C03360		GC	KEGG:C03360@Charged	KEGG:C03360@Charged	
cpd02136	MetaCyc:5-O-METHYL-MYO-INOSITOL;KEGG:C03365;ChEBI:15975	MetaCyc:5-O-METHYL-MYO-INOSITOL;KEGG:C03365;ChEBI:15975	MetaCyc:5-O-METHYL-MYO-INOSITOL;KEGG:C03365;ChEBI:15975	MetaCyc:5-O-METHYL-MYO-INOSITOL;KEGG:C03365;ChEBI:15975	KEGG:C03365	KEGG:C03365	EQ	eQuilibrator:MNXM3145	MetaCyc:5-O-METHYL-MYO-INOSITOL@Charged	eQuilibrator:MNXM3145
cpd02137	KEGG:C03366@Charged;ChEBI:57882	KEGG:C03366@Charged;ChEBI:57882	KEGG:C03366@Charged;ChEBI:57882	KEGG:C03366@Charged;ChEBI:57882	KEGG:C03366	KEGG:C03366	EQ	eQuilibrator:MNXM3988	KEGG:C03366@Charged	eQuilibrator:MNXM3988
cpd02138	KEGG:C03367	KEGG:C03367	KEGG:C03367	KEGG:C03367	KEGG:C03367	KEGG:C03367	EQ	eQuilibrator:MNXM8189	KEGG:C03367@Charged	eQuilibrator:MNXM8189
cpd02139	KEGG:C03368@Charged	KEGG:C03368@Charged	KEGG:C03368@Charged	KEGG:C03368@Charged	KEGG:C03368	KEGG:C03368	GC	KEGG:C03368@Charged	KEGG:C03368@Charged	eQuilibrator:MNXM93034
cpd02140	MetaCyc:5-PHOSPHORIBOSYL-5-AMINOIMIDAZOLE;KEGG:C03373@Charged;ChEBI:137981	MetaCyc:5-PHOSPHORIBOSYL-5-AMINOIMIDAZOLE;KEGG:C03373@Charged;ChEBI:137981	MetaCyc:5-PHOSPHORIBOSYL-5-AMINOIMIDAZOLE;KEGG:C03373@Charged;ChEBI:137981	MetaCyc:5-PHOSPHORIBOSYL-5-AMINOIMIDAZOLE;KEGG:C03373@Charged;ChEBI:137981	KEGG:C03373	KEGG:C03373	EQ	eQuilibrator:MNXM388	KEGG:C03373@Charged	eQuilibrator:MNXM388
cpd02141	MetaCyc:BILIRUBIN-GLUCURONOSIDE	MetaCyc:BILIRUBIN-GLUCURONOSIDE	MetaCyc:BILIRUBIN-GLUCURONOSIDE	MetaCyc:BILIRUBIN-GLUCURONOSIDE	KEGG:C03374	KEGG:C03374	GC	MetaCyc:BILIRUBIN-GLUCURONOSIDE@Charged	MetaCyc:BILIRUBIN-GLUCURONOSIDE@Charged	
cpd02142	MetaCyc:NORSPERMIDINE@Charged;KEGG:C03375@Charged;ChEBI:57920@Charged	MetaCyc:NORSPERMIDINE@Charged;KEGG:C03375@Charged;ChEBI:57920@Charged	MetaCyc:NORSPERMIDINE@Charged;KEGG:C03375@Charged;ChEBI:57920@Charged	MetaCyc:NORSPERMIDINE@Charged;KEGG:C03375@Charged;ChEBI:57920@Charged		KEGG:C03375	EQ	eQuilibrator:MNXM2217	KEGG:C03375@Charged	eQuilibrator:MNXM2217
cpd02143	MetaCyc:D-GALACTONO-1-4-LACTONE;KEGG:C03383;ChEBI:15895	MetaCyc:D-GALACTONO-1-4-LACTONE;KEGG:C03383;ChEBI:15895	MetaCyc:D-GALACTONO-1-4-LACTONE;KEGG:C03383;ChEBI:15895	MetaCyc:D-GALACTONO-1-4-LACTONE;KEGG:C03383;ChEBI:15895	KEGG:C03383	KEGG:C03383	EQ	eQuilibrator:MNXM3005	KEGG:C03383@Charged	eQuilibrator:MNXM3005
cpd02145	MetaCyc:CPD-526;ChEBI:17039	MetaCyc:CPD-526;ChEBI:17039	MetaCyc:CPD-526;ChEBI:17039	MetaCyc:CPD-526;ChEBI:17039	KEGG:C03387	KEGG:C03387	EQ	eQuilibrator:MNXM1044	MetaCyc:CPD-526@Charged	eQuilibrator:MNXM1044
cpd02146	MetaCyc:DIMETHYLSULFONIOACETATE;KEGG:C03392@Charged;ChEBI:16471	MetaCyc:DIMETHYLSULFONIOACETATE;KEGG:C03392@Charged;ChEBI:16471	MetaCyc:DIMETHYLSULFONIOACETATE;KEGG:C03392@Charged;ChEBI:16471	MetaCyc:DIMETHYLSULFONIOACETATE;KEGG:C03392@Charged;ChEBI:16471	KEGG:C03392		GC	KEGG:C03392@Charged	KEGG:C03392@Charged	eQuilibrator:MNXM4190
cpd02147	MetaCyc:ERYTHRONATE-4P;KEGG:C03393@Charged;ChEBI:58766	MetaCyc:ERYTHRONATE-4P;KEGG:C03393@Charged;ChEBI:58766	MetaCyc:ERYTHRONATE-4P;KEGG:C03393@Charged;ChEBI:58766	MetaCyc:ERYTHRONATE-4P;KEGG:C03393@Charged;ChEBI:58766	KEGG:C03393	KEGG:C03393	EQ	eQuilibrator:MNXM1407	KEGG:C03393@Charged	eQuilibrator:MNXM1407
cpd02148	MetaCyc:CPD-19136;KEGG:C03394@Charged;ChEBI:58002	MetaCyc:CPD-19136;KEGG:C03394@Charged;ChEBI:58002	MetaCyc:CPD-19136;KEGG:C03394@Charged;ChEBI:58002	MetaCyc:CPD-19136;KEGG:C03394@Charged;ChEBI:58002	KEGG:C03394	KEGG:C03394	EQ	eQuilibrator:MNXM4635	MetaCyc:CPD-19136@Charged	eQuilibrator:MNXM4635
cpd02149	MetaCyc:Fatty-acid-methyl-esters;MetaCyc:Methyl-esters;KEGG:C03395;ChEBI:4986	MetaCyc:Fatty-acid-methyl-esters;MetaCyc:Methyl-esters;KEGG:C03395;ChEBI:4986		MetaCyc:Fatty-acid-methyl-esters;MetaCyc:Methyl-esters;KEGG:C03395;ChEBI:4986		KEGG:C03395	GC	MetaCyc:Methyl-esters@Charged	MetaCyc:Methyl-esters@Charged	
cpd02150	MetaCyc:L-23-DIAMINOPROPANOATE@Charged;KEGG:C03401;ChEBI:57721	MetaCyc:L-23-DIAMINOPROPANOATE@Charged;KEGG:C03401;ChEBI:57721	MetaCyc:L-23-DIAMINOPROPANOATE@Charged;KEGG:C03401;ChEBI:57721	MetaCyc:L-23-DIAMINOPROPANOATE@Charged;KEGG:C03401@Charged;ChEBI:57721	KEGG:C03401	KEGG:C03401	EQ	eQuilibrator:MNXM91374	MetaCyc:L-23-DIAMINOPROPANOATE@Charged	eQuilibrator:MNXM91374
cpd02151	MetaCyc:L-TYROSINE-METHYL-ESTER;KEGG:C03404@Charged;ChEBI:17215@Charged	MetaCyc:L-TYROSINE-METHYL-ESTER;KEGG:C03404@Charged;ChEBI:17215@Charged	MetaCyc:L-TYROSINE-METHYL-ESTER;KEGG:C03404@Charged;ChEBI:17215@Charged	MetaCyc:L-TYROSINE-METHYL-ESTER;KEGG:C03404@Charged;ChEBI:17215@Charged	KEGG:C03404	KEGG:C03404	EQ	eQuilibrator:MNXM4647	KEGG:C03404@Charged	eQuilibrator:MNXM4647
cpd02152	MetaCyc:L-ARGININO-SUCCINATE;ChEBI:57472	MetaCyc:L-ARGININO-SUCCINATE;ChEBI:57472	MetaCyc:L-ARGININO-SUCCINATE;ChEBI:57472	MetaCyc:L-ARGININO-SUCCINATE;ChEBI:57472	KEGG:C03406	KEGG:C03406	EQ	eQuilibrator:MNXM722743	MetaCyc:L-ARGININO-SUCCINATE@Charged	eQuilibrator:MNXM722743
cpd02153	MetaCyc:CPD-15665;KEGG:C03408@Charged	MetaCyc:CPD-15665;KEGG:C03408@Charged	MetaCyc:CPD-15665;KEGG:C03408@Charged	MetaCyc:CPD-15665;KEGG:C03408@Charged	KEGG:C03408	KEGG:C03408	EQ	eQuilibrator:MNXM725010	MetaCyc:CPD-15665@Charged	eQuilibrator:MNXM725010
cpd02154	MetaCyc:CPD-1126;KEGG:C03409@Charged;ChEBI:58748	MetaCyc:CPD-1126;KEGG:C03409@Charged;ChEBI:58748	MetaCyc:CPD-1126;KEGG:C03409@Charged;ChEBI:58748	MetaCyc:CPD-1126;KEGG:C03409@Charged;ChEBI:58748	KEGG:C03409	KEGG:C03409	GC	KEGG:C03409@Charged	KEGG:C03409@Charged	eQuilibrator:MNXM3669
cpd02155	MetaCyc:CPD-273;KEGG:C03410@Charged	MetaCyc:CPD-273;KEGG:C03410@Charged	MetaCyc:CPD-273;KEGG:C03410@Charged	MetaCyc:CPD-273;KEGG:C03410@Charged	KEGG:C03410	KEGG:C03410	EQ	eQuilibrator:MNXM5842	MetaCyc:CPD-273@Charged	eQuilibrator:MNXM5842
cpd02156	KEGG:C03411	KEGG:C03411	KEGG:C03411	KEGG:C03411@Charged	KEGG:C03411	KEGG:C03411	EQ	eQuilibrator:MNXM63784	KEGG:C03411@Charged	eQuilibrator:MNXM63784
cpd02157										
cpd02158	MetaCyc:CPD-11268;KEGG:C03413@Charged;ChEBI:58550	MetaCyc:CPD-11268;KEGG:C03413@Charged;ChEBI:58550	MetaCyc:CPD-11268;KEGG:C03413@Charged;ChEBI:58550	MetaCyc:CPD-11268;KEGG:C03413@Charged;ChEBI:58550	KEGG:C03413	KEGG:C03413	EQ	eQuilibrator:MNXM4676	KEGG:C03413@Charged	eQuilibrator:MNXM4676
cpd02159	MetaCyc:N2-MALONYL-D-TRYPTOPHAN;KEGG:C03414@Charged;ChEBI:57549	MetaCyc:N2-MALONYL-D-TRYPTOPHAN;KEGG:C03414@Charged;ChEBI:57549	MetaCyc:N2-MALONYL-D-TRYPTOPHAN;KEGG:C03414@Charged;ChEBI:57549	MetaCyc:N2-MALONYL-D-TRYPTOPHAN;KEGG:C03414@Charged;ChEBI:57549	KEGG:C03414	KEGG:C03414	EQ	eQuilibrator:MNXM4680	KEGG:C03414@Charged	eQuilibrator:MNXM4680
cpd02160	MetaCyc:N2-SUCCINYLORNITHINE;KEGG:C03415@Charged;ChEBI:58514	MetaCyc:N2-SUCCINYLORNITHINE;KEGG:C03415@Charged;ChEBI:58514	MetaCyc:N2-SUCCINYLORNITHINE;KEGG:C03415@Charged;ChEBI:58514	MetaCyc:N2-SUCCINYLORNITHINE;KEGG:C03415@Charged;ChEBI:58514	KEGG:C03415	KEGG:C03415	EQ	eQuilibrator:MNXM1152	KEGG:C03415@Charged	eQuilibrator:MNXM1152
cpd02161	KEGG:C03416	KEGG:C03416	KEGG:C03416	KEGG:C03416	KEGG:C03416	KEGG:C03416	EQ	eQuilibrator:MNXM62978	KEGG:C03416@Charged	eQuilibrator:MNXM62978
cpd02162	MetaCyc:N-NITROARGININE;KEGG:C03417	MetaCyc:N-NITROARGININE;KEGG:C03417	MetaCyc:N-NITROARGININE;KEGG:C03417	MetaCyc:N-NITROARGININE@Charged;KEGG:C03417@Charged	KEGG:C03417	KEGG:C03417	GC	KEGG:C03417@Charged	KEGG:C03417@Charged	eQuilibrator:MNXM63890
cpd02163	KEGG:C03418@Charged;ChEBI:78552	KEGG:C03418@Charged;ChEBI:78552		KEGG:C03418@Charged;ChEBI:78552	KEGG:C03418	KEGG:C03418	GC	KEGG:C03418@Charged	KEGG:C03418@Charged	
cpd02164	KEGG:C03419@Charged	KEGG:C03419@Charged		KEGG:C03419@Charged	KEGG:C03419	KEGG:C03419	GC	KEGG:C03419@Charged	KEGG:C03419@Charged	
cpd02165	MetaCyc:CPD-8583@Charged	MetaCyc:CPD-8583@Charged		MetaCyc:CPD-8583@Charged	KEGG:C03422	KEGG:C03422	GC	MetaCyc:CPD-8583@Charged	MetaCyc:CPD-8583@Charged	
cpd02166	KEGG:C03423;ChEBI:38266	KEGG:C03423;ChEBI:38266	KEGG:C03423;ChEBI:38266	KEGG:C03423@Charged;ChEBI:38266@Charged	KEGG:C03423	KEGG:C03423	GC	KEGG:C03423@Charged	KEGG:C03423@Charged	eQuilibrator:MNXM4746
cpd02167	KEGG:C03425	KEGG:C03425	KEGG:C03425	KEGG:C03425		KEGG:C03425	EQ	eQuilibrator:MNXM61793	KEGG:C03425@Charged	eQuilibrator:MNXM61793
cpd02168	MetaCyc:CPD-464@Charged	MetaCyc:CPD-464@Charged	MetaCyc:CPD-464@Charged	MetaCyc:CPD-464@Charged	KEGG:C03427		GC	MetaCyc:CPD-464@Charged	MetaCyc:CPD-464@Charged	
cpd02169	MetaCyc:CPD-465@Charged	MetaCyc:CPD-465@Charged	MetaCyc:CPD-465@Charged	MetaCyc:CPD-465@Charged	KEGG:C03428		GC	MetaCyc:CPD-465@Charged	MetaCyc:CPD-465@Charged	
cpd02170	MetaCyc:CPD-8006;KEGG:C12639@Charged	MetaCyc:CPD-8006;KEGG:C12639@Charged	MetaCyc:CPD-8006;KEGG:C12639@Charged	MetaCyc:CPD-8006@Charged;KEGG:C12639@Charged	KEGG:C03430	KEGG:C03430	GC	MetaCyc:CPD-8006@Charged	MetaCyc:CPD-8006@Charged	eQuilibrator:MNXM6414
cpd02171	MetaCyc:CPD-601;KEGG:C03431;ChEBI:57985	MetaCyc:CPD-601;KEGG:C03431;ChEBI:57985	MetaCyc:CPD-601;KEGG:C03431;ChEBI:57985	MetaCyc:CPD-601@Charged;KEGG:C03431@Charged;ChEBI:57985@Charged	KEGG:C03431	KEGG:C03431	EQ	eQuilibrator:MNXM4817	KEGG:C03431@Charged	eQuilibrator:MNXM4817
cpd02172	MetaCyc:CPD-21340@Charged;MetaCyc:SOLANESYL-PYROPHOSPHATE@Charged;KEGG:C04145@Charged;ChEBI:58391@Charged	MetaCyc:CPD-21340@Charged;MetaCyc:SOLANESYL-PYROPHOSPHATE@Charged;KEGG:C04145@Charged;ChEBI:58391@Charged	MetaCyc:CPD-21340@Charged;MetaCyc:SOLANESYL-PYROPHOSPHATE@Charged;KEGG:C04145@Charged;ChEBI:58391@Charged	MetaCyc:CPD-21340@Charged;MetaCyc:SOLANESYL-PYROPHOSPHATE@Charged;KEGG:C04145@Charged;ChEBI:58391@Charged	KEGG:C04145		EQ	eQuilibrator:MNXM968	MetaCyc:SOLANESYL-PYROPHOSPHATE@Charged	eQuilibrator:MNXM968
cpd02173	KEGG:C03433	KEGG:C03433	KEGG:C03433	KEGG:C03433@Charged	KEGG:C03433	KEGG:C03433	EQ	eQuilibrator:MNXM82821	KEGG:C03433@Charged	eQuilibrator:MNXM82821
cpd02174	MetaCyc:TETRACHLOROHYDROQUINONE@Charged;KEGG:C03434@Charged;ChEBI:57994@Charged	MetaCyc:TETRACHLOROHYDROQUINONE@Charged;KEGG:C03434@Charged;ChEBI:57994@Charged	MetaCyc:TETRACHLOROHYDROQUINONE@Charged;KEGG:C03434@Charged;ChEBI:57994@Charged	MetaCyc:TETRACHLOROHYDROQUINONE@Charged;KEGG:C03434@Charged;ChEBI:57994@Charged	KEGG:C03434	KEGG:C03434	EQ	eQuilibrator:MNXM1622	KEGG:C03434@Charged	eQuilibrator:MNXM1622
cpd02175	MetaCyc:CIS-4-HYDROXY-D-PROLINE;KEGG:C03440;ChEBI:57690	MetaCyc:CIS-4-HYDROXY-D-PROLINE;KEGG:C03440;ChEBI:57690	MetaCyc:CIS-4-HYDROXY-D-PROLINE;KEGG:C03440;ChEBI:57690	MetaCyc:CIS-4-HYDROXY-D-PROLINE;KEGG:C03440@Charged;ChEBI:57690	KEGG:C03440	KEGG:C03440	EQ	eQuilibrator:MNXM2813	KEGG:C03440@Charged	eQuilibrator:MNXM2813
cpd02176										
cpd02177	MetaCyc:DTDP-L-DIHYDROSTREPTOSE;KEGG:C03442@Charged	MetaCyc:DTDP-L-DIHYDROSTREPTOSE;KEGG:C03442@Charged	MetaCyc:DTDP-L-DIHYDROSTREPTOSE;KEGG:C03442@Charged	MetaCyc:DTDP-L-DIHYDROSTREPTOSE;KEGG:C03442@Charged	KEGG:C03442	KEGG:C03442	GC	MetaCyc:DTDP-L-DIHYDROSTREPTOSE@Charged	MetaCyc:DTDP-L-DIHYDROSTREPTOSE@Charged	
cpd02178										
cpd02179	MetaCyc:CPD-29;KEGG:C03444@Charged	MetaCyc:CPD-29;KEGG:C03444@Charged	MetaCyc:CPD-29;KEGG:C03444@Charged	MetaCyc:CPD-29;KEGG:C03444@Charged	KEGG:C03444		GC	MetaCyc:CPD-29@Charged	MetaCyc:CPD-29@Charged	
cpd02180	MetaCyc:CPD-863;ChEBI:15398	MetaCyc:CPD-863;ChEBI:15398	MetaCyc:CPD-863;ChEBI:15398	MetaCyc:CPD-863;ChEBI:15398	KEGG:C03448	KEGG:C03448	GC	MetaCyc:CPD-863@Charged	MetaCyc:CPD-863@Charged	eQuilibrator:MNXM5345
cpd02181	KEGG:C03450	KEGG:C03450	KEGG:C03450	KEGG:C03450@Charged	KEGG:C03450	KEGG:C03450	GC	KEGG:C03450@Charged	KEGG:C03450@Charged	
cpd02182	MetaCyc:S-LACTOYL-GLUTATHIONE;KEGG:C03451@Charged;ChEBI:57474	MetaCyc:S-LACTOYL-GLUTATHIONE;KEGG:C03451@Charged;ChEBI:57474	MetaCyc:S-LACTOYL-GLUTATHIONE;KEGG:C03451@Charged;ChEBI:57474	MetaCyc:S-LACTOYL-GLUTATHIONE;KEGG:C03451@Charged;ChEBI:57474	KEGG:C03451	KEGG:C03451	EQ	eQuilibrator:MNXM1253	MetaCyc:S-LACTOYL-GLUTATHIONE@Charged	eQuilibrator:MNXM1253
cpd02183	MetaCyc:CPD-13337@Charged;KEGG:C03453@Charged	MetaCyc:CPD-13337@Charged;KEGG:C03453@Charged	MetaCyc:CPD-13337@Charged;KEGG:C03453@Charged	MetaCyc:CPD-13337@Charged;KEGG:C03453@Charged	KEGG:C03453		GC	MetaCyc:CPD-13337@Charged	MetaCyc:CPD-13337@Charged	
cpd02184	KEGG:C03455;ChEBI:16254	KEGG:C03455;ChEBI:16254	KEGG:C03455;ChEBI:16254	KEGG:C03455;ChEBI:16254		KEGG:C03455	GC	KEGG:C03455@Charged	KEGG:C03455@Charged	eQuilibrator:MNXM2590
cpd02185	MetaCyc:CPD-2301@Charged;KEGG:C03458@Charged;ChEBI:16683@Charged	MetaCyc:CPD-2301@Charged;KEGG:C03458@Charged;ChEBI:16683@Charged	MetaCyc:CPD-2301@Charged;KEGG:C03458@Charged;ChEBI:16683@Charged	MetaCyc:CPD-2301@Charged;KEGG:C03458@Charged;ChEBI:16683@Charged	KEGG:C03458	KEGG:C03458	EQ		KEGG:C03458@Charged	
cpd02186	MetaCyc:CPD-66;KEGG:C03459@Charged	MetaCyc:CPD-66;KEGG:C03459@Charged	MetaCyc:CPD-66;KEGG:C03459@Charged	MetaCyc:CPD-66;KEGG:C03459@Charged	KEGG:C03459	KEGG:C03459	EQ	eQuilibrator:MNXM523	KEGG:C03459@Charged	eQuilibrator:MNXM523
cpd02187	MetaCyc:METHACRYLYL-COA;KEGG:C03460@Charged;ChEBI:62500	MetaCyc:METHACRYLYL-COA;KEGG:C03460@Charged;ChEBI:62500	MetaCyc:METHACRYLYL-COA;KEGG:C03460@Charged;ChEBI:62500	MetaCyc:METHACRYLYL-COA;KEGG:C03460@Charged;ChEBI:62500	KEGG:C03460	KEGG:C03460	EQ	eQuilibrator:MNXM947	KEGG:C03460@Charged	eQuilibrator:MNXM947
cpd02188	MetaCyc:2-TRANS6-TRANS-FARNESAL;KEGG:C03461;ChEBI:15894	MetaCyc:2-TRANS6-TRANS-FARNESAL;KEGG:C03461;ChEBI:15894	MetaCyc:2-TRANS6-TRANS-FARNESAL;KEGG:C03461;ChEBI:15894	MetaCyc:2-TRANS6-TRANS-FARNESAL;KEGG:C03461;ChEBI:15894		KEGG:C03461	EQ	eQuilibrator:MNXM1959	MetaCyc:2-TRANS6-TRANS-FARNESAL@Charged	eQuilibrator:MNXM1959
cpd02189	MetaCyc:CPD-484;KEGG:C03462@Charged;ChEBI:58605	MetaCyc:CPD-484;KEGG:C03462@Charged;ChEBI:58605	MetaCyc:CPD-484;KEGG:C03462@Charged;ChEBI:58605	MetaCyc:CPD-484;KEGG:C03462@Charged;ChEBI:58605	KEGG:C03462	KEGG:C03462	GC	MetaCyc:CPD-484@Charged	MetaCyc:CPD-484@Charged	eQuilibrator:MNXM3828
cpd02191	MetaCyc:CPD-22140;KEGG:C03466@Charged	MetaCyc:CPD-22140;KEGG:C03466@Charged	MetaCyc:CPD-22140;KEGG:C03466@Charged	MetaCyc:CPD-22140;KEGG:C03466@Charged	KEGG:C03466	KEGG:C03466	EQ	eQuilibrator:MNXM36632	KEGG:C03466@Charged	eQuilibrator:MNXM36632
cpd02192	MetaCyc:CPD-7030;KEGG:C03467@Charged;ChEBI:62222	MetaCyc:CPD-7030;KEGG:C03467@Charged;ChEBI:62222	MetaCyc:CPD-7030;KEGG:C03467@Charged;ChEBI:62222	MetaCyc:CPD-7030;KEGG:C03467@Charged;ChEBI:62222	KEGG:C03467	KEGG:C03467	EQ	eQuilibrator:MNXM3851	KEGG:C03467@Charged	eQuilibrator:MNXM3851
cpd02193	KEGG:C03470@Charged;ChEBI:58193	KEGG:C03470@Charged;ChEBI:58193	KEGG:C03470@Charged;ChEBI:58193	KEGG:C03470@Charged;ChEBI:58193	KEGG:C03470	KEGG:C03470	GC	KEGG:C03470@Charged	KEGG:C03470@Charged	eQuilibrator:MNXM1360
cpd02194	KEGG:C03473@Charged	KEGG:C03473@Charged	KEGG:C03473@Charged	KEGG:C03473@Charged	KEGG:C03473	KEGG:C03473	EQ	eQuilibrator:MNXM32496	KEGG:C03473@Charged	eQuilibrator:MNXM32496
cpd02195	MetaCyc:4-NITROQUINOLINE-N-OXIDE;KEGG:C03474;ChEBI:16907	MetaCyc:4-NITROQUINOLINE-N-OXIDE;KEGG:C03474;ChEBI:16907	MetaCyc:4-NITROQUINOLINE-N-OXIDE;KEGG:C03474;ChEBI:16907	MetaCyc:4-NITROQUINOLINE-N-OXIDE;KEGG:C03474;ChEBI:16907		KEGG:C03474	GC	KEGG:C03474@Charged	KEGG:C03474@Charged	
cpd02196					KEGG:C03476	KEGG:C03476	GC			
cpd02197	MetaCyc:5-FORMYL-THF;KEGG:C03479@Charged;ChEBI:57457	MetaCyc:5-FORMYL-THF;KEGG:C03479@Charged;ChEBI:57457	MetaCyc:5-FORMYL-THF;KEGG:C03479@Charged;ChEBI:57457	MetaCyc:5-FORMYL-THF@Charged;KEGG:C03479@Charged;ChEBI:57457@Charged	KEGG:C03479	KEGG:C03479	GC	KEGG:C03479@Charged	KEGG:C03479@Charged	eQuilibrator:MNXM1392
cpd02198	MetaCyc:CPD-607@Charged;KEGG:C03483@Charged;ChEBI:58450@Charged	MetaCyc:CPD-607@Charged;KEGG:C03483@Charged;ChEBI:58450@Charged	MetaCyc:CPD-607@Charged;KEGG:C03483@Charged;ChEBI:58450@Charged	MetaCyc:CPD-607@Charged;KEGG:C03483@Charged;ChEBI:58450@Charged	KEGG:C03483	KEGG:C03483	EQ	eQuilibrator:MNXM1906	MetaCyc:CPD-607@Charged	eQuilibrator:MNXM1906
cpd02199										
cpd02200	MetaCyc:CDP-N-METHYLETHANOLAMIN;KEGG:C03486@Charged;ChEBI:57547	MetaCyc:CDP-N-METHYLETHANOLAMIN;KEGG:C03486@Charged;ChEBI:57547	MetaCyc:CDP-N-METHYLETHANOLAMIN;KEGG:C03486@Charged;ChEBI:57547	MetaCyc:CDP-N-METHYLETHANOLAMIN;KEGG:C03486@Charged;ChEBI:57547	KEGG:C03486	KEGG:C03486	EQ	eQuilibrator:MNXM3941	KEGG:C03486@Charged	eQuilibrator:MNXM3941
cpd02201	MetaCyc:4-P-PANTOTHENATE;KEGG:C03492@Charged;ChEBI:10986	MetaCyc:4-P-PANTOTHENATE;KEGG:C03492@Charged;ChEBI:10986	MetaCyc:4-P-PANTOTHENATE;KEGG:C03492@Charged;ChEBI:10986	MetaCyc:4-P-PANTOTHENATE;KEGG:C03492@Charged;ChEBI:10986	KEGG:C03492	KEGG:C03492	EQ	eQuilibrator:MNXM415	KEGG:C03492@Charged	eQuilibrator:MNXM415
cpd02202	KEGG:C03493;ChEBI:57475	KEGG:C03493;ChEBI:57475	KEGG:C03493;ChEBI:57475	KEGG:C03493@Charged;ChEBI:57475	KEGG:C03493	KEGG:C03493	EQ	eQuilibrator:MNXM4544	KEGG:C03493@Charged	eQuilibrator:MNXM4544
cpd02203	MetaCyc:D-ERYTHRITOL-4P;KEGG:C03494@Charged;ChEBI:57508	MetaCyc:D-ERYTHRITOL-4P;KEGG:C03494@Charged;ChEBI:57508	MetaCyc:D-ERYTHRITOL-4P;KEGG:C03494@Charged;ChEBI:57508	MetaCyc:D-ERYTHRITOL-4P;KEGG:C03494@Charged;ChEBI:57508	KEGG:C03494	KEGG:C03494	EQ	eQuilibrator:MNXM4547	MetaCyc:D-ERYTHRITOL-4P@Charged	eQuilibrator:MNXM4547
cpd02204	MetaCyc:CPD-399;KEGG:C03495@Charged;ChEBI:57886	MetaCyc:CPD-399;KEGG:C03495@Charged;ChEBI:57886	MetaCyc:CPD-399;KEGG:C03495@Charged;ChEBI:57886	MetaCyc:CPD-399;KEGG:C03495@Charged;ChEBI:57886	KEGG:C03495	KEGG:C03495	EQ	eQuilibrator:MNXM2315	KEGG:C03495@Charged	eQuilibrator:MNXM2315
cpd02205	MetaCyc:CPD-21628;KEGG:C03499;ChEBI:28707	MetaCyc:CPD-21628;KEGG:C03499;ChEBI:28707	MetaCyc:CPD-21628;KEGG:C03499;ChEBI:28707	MetaCyc:CPD-21628;KEGG:C03499;ChEBI:28707	KEGG:C03499	KEGG:C03499	EQ	eQuilibrator:MNXM52741	KEGG:C03499@Charged	eQuilibrator:MNXM52741
cpd02206	MetaCyc:ETHYL-ACETOACETATE;KEGG:C03500;ChEBI:4893	MetaCyc:ETHYL-ACETOACETATE;KEGG:C03500;ChEBI:4893	MetaCyc:ETHYL-ACETOACETATE;KEGG:C03500;ChEBI:4893	MetaCyc:ETHYL-ACETOACETATE;KEGG:C03500;ChEBI:4893	KEGG:C03500	KEGG:C03500	EQ	eQuilibrator:MNXM17598	KEGG:C03500@Charged	eQuilibrator:MNXM17598
cpd02207	KEGG:C03502	KEGG:C03502	KEGG:C03502	KEGG:C03502	KEGG:C03502	KEGG:C03502	GC	KEGG:C03502@Charged	KEGG:C03502@Charged	
cpd02208	KEGG:C03503	KEGG:C03503	KEGG:C03503	KEGG:C03503	KEGG:C03503	KEGG:C03503	EQ	eQuilibrator:MNXM6149	KEGG:C03503@Charged	eQuilibrator:MNXM6149
cpd02209	MetaCyc:HYDROXYACETONE-PHOSPHATE;KEGG:C03505@Charged;ChEBI:57290	MetaCyc:HYDROXYACETONE-PHOSPHATE;KEGG:C03505@Charged;ChEBI:57290	MetaCyc:HYDROXYACETONE-PHOSPHATE;KEGG:C03505@Charged;ChEBI:57290	MetaCyc:HYDROXYACETONE-PHOSPHATE;KEGG:C03505@Charged;ChEBI:57290	KEGG:C03505	KEGG:C03505	EQ	eQuilibrator:MNXM4013	MetaCyc:HYDROXYACETONE-PHOSPHATE@Charged	eQuilibrator:MNXM4013
cpd02210	MetaCyc:INDOLE-3-GLYCEROL-P;KEGG:C03506@Charged;ChEBI:58866	MetaCyc:INDOLE-3-GLYCEROL-P;KEGG:C03506@Charged;ChEBI:58866	MetaCyc:INDOLE-3-GLYCEROL-P;KEGG:C03506@Charged;ChEBI:58866	MetaCyc:INDOLE-3-GLYCEROL-P;KEGG:C03506@Charged;ChEBI:58866	KEGG:C03506	KEGG:C03506	EQ	eQuilibrator:MNXM866	MetaCyc:INDOLE-3-GLYCEROL-P@Charged	eQuilibrator:MNXM866
cpd02211	MetaCyc:AMINO-OXOBUT;KEGG:C03508;ChEBI:78948	MetaCyc:AMINO-OXOBUT;KEGG:C03508;ChEBI:78948	MetaCyc:AMINO-OXOBUT;KEGG:C03508;ChEBI:78948	MetaCyc:AMINO-OXOBUT;KEGG:C03508@Charged;ChEBI:78948	KEGG:C03508	KEGG:C03508	EQ	eQuilibrator:MNXM114087	MetaCyc:AMINO-OXOBUT@Charged	eQuilibrator:MNXM114087
cpd02212	KEGG:C03509@Charged	KEGG:C03509@Charged	KEGG:C03509@Charged	KEGG:C03509@Charged	KEGG:C03509	KEGG:C03509	EQ	eQuilibrator:MNXM59299	KEGG:C03509@Charged	eQuilibrator:MNXM59299
cpd02213	MetaCyc:CPD-9035;KEGG:C03510;ChEBI:87826	MetaCyc:CPD-9035;KEGG:C03510;ChEBI:87826	MetaCyc:CPD-9035;KEGG:C03510;ChEBI:87826	MetaCyc:CPD-9035;KEGG:C03510@Charged;ChEBI:87826	KEGG:C03510	KEGG:C03510	GC	MetaCyc:CPD-9035@Charged	MetaCyc:CPD-9035@Charged	
cpd02214	MetaCyc:LIMONIN;KEGG:C03514;ChEBI:16226	MetaCyc:LIMONIN;KEGG:C03514;ChEBI:16226	MetaCyc:LIMONIN;KEGG:C03514;ChEBI:16226	MetaCyc:LIMONIN;KEGG:C03514;ChEBI:16226	KEGG:C03514	KEGG:C03514	GC	MetaCyc:LIMONIN@Charged	MetaCyc:LIMONIN@Charged	
cpd02215					KEGG:C03515	KEGG:C03515	GC			
cpd02216	KEGG:C03516@Charged	KEGG:C03516@Charged	KEGG:C03516@Charged	KEGG:C03516@Charged	KEGG:C03516	KEGG:C03516	GC	KEGG:C03516@Charged	KEGG:C03516@Charged	
cpd02217	KEGG:C03518	KEGG:C03518		KEGG:C03518	KEGG:C03518	KEGG:C03518	GC	KEGG:C03518@Charged	KEGG:C03518@Charged	
cpd02218	MetaCyc:CPD-439;KEGG:C03519@Charged;ChEBI:57702	MetaCyc:CPD-439;KEGG:C03519@Charged;ChEBI:57702	MetaCyc:CPD-439;KEGG:C03519@Charged;ChEBI:57702	MetaCyc:CPD-439;KEGG:C03519@Charged;ChEBI:57702	KEGG:C03519	KEGG:C03519	EQ	eQuilibrator:MNXM4052	KEGG:C03519@Charged	eQuilibrator:MNXM4052
cpd02219	KEGG:C03521	KEGG:C03521	KEGG:C03521	KEGG:C03521	KEGG:C03521	KEGG:C03521	EQ	eQuilibrator:MNXM55391	KEGG:C03521@Charged	eQuilibrator:MNXM55391
cpd02220	KEGG:C03522@Charged	KEGG:C03522@Charged	KEGG:C03522@Charged	KEGG:C03522@Charged	KEGG:C03522	KEGG:C03522	EQ	eQuilibrator:MNXM63840	KEGG:C03522@Charged	eQuilibrator:MNXM63840
cpd02221	MetaCyc:N2-ACETYLGENTAMICIN-C1A;KEGG:C03524@Charged;ChEBI:58552	MetaCyc:N2-ACETYLGENTAMICIN-C1A;KEGG:C03524@Charged;ChEBI:58552	MetaCyc:N2-ACETYLGENTAMICIN-C1A;KEGG:C03524@Charged;ChEBI:58552	MetaCyc:N2-ACETYLGENTAMICIN-C1A;KEGG:C03524@Charged;ChEBI:58552	KEGG:C03524	KEGG:C03524	EQ	eQuilibrator:MNXM4677	KEGG:C03524@Charged	eQuilibrator:MNXM4677
cpd02222	KEGG:C03525	KEGG:C03525	KEGG:C03525	KEGG:C03525@Charged	KEGG:C03525	KEGG:C03525	EQ	eQuilibrator:MNXM1220	KEGG:C03525@Charged	eQuilibrator:MNXM1220
cpd02223	MetaCyc:O-SINAPOYLGLUCAROLACTONE	MetaCyc:O-SINAPOYLGLUCAROLACTONE	MetaCyc:O-SINAPOYLGLUCAROLACTONE	MetaCyc:O-SINAPOYLGLUCAROLACTONE	MetaCyc:O-SINAPOYLGLUCAROLACTONE	MetaCyc:O-SINAPOYLGLUCAROLACTONE	GC	MetaCyc:O-SINAPOYLGLUCAROLACTONE@Charged	MetaCyc:O-SINAPOYLGLUCAROLACTONE@Charged	
cpd02224	MetaCyc:OXIDIZED-LATIA-LUCIFERIN;KEGG:C03527;ChEBI:18015	MetaCyc:OXIDIZED-LATIA-LUCIFERIN;KEGG:C03527;ChEBI:18015	MetaCyc:OXIDIZED-LATIA-LUCIFERIN;KEGG:C03527;ChEBI:18015	MetaCyc:OXIDIZED-LATIA-LUCIFERIN;KEGG:C03527;ChEBI:18015	KEGG:C03527	KEGG:C03527	EQ	eQuilibrator:MNXM4763	KEGG:C03527@Charged	eQuilibrator:MNXM4763
cpd02225	KEGG:C03536@Charged	KEGG:C03536@Charged	KEGG:C03536@Charged	KEGG:C03536@Charged	KEGG:C03536	KEGG:C03536	GC	KEGG:C03536@Charged	KEGG:C03536@Charged	
cpd02226	MetaCyc:CPD-1096;KEGG:C03537@Charged;ChEBI:58295	MetaCyc:CPD-1096;KEGG:C03537@Charged;ChEBI:58295	MetaCyc:CPD-1096;KEGG:C03537@Charged;ChEBI:58295	MetaCyc:CPD-1096;KEGG:C03537@Charged;ChEBI:58295		KEGG:C03537	EQ	eQuilibrator:MNXM4814	MetaCyc:CPD-1096@Charged	eQuilibrator:MNXM4814
cpd02227	MetaCyc:CPD-564;KEGG:C03539;ChEBI:58195	MetaCyc:CPD-564;KEGG:C03539;ChEBI:58195	MetaCyc:CPD-564;KEGG:C03539;ChEBI:58195	MetaCyc:CPD-564;KEGG:C03539@Charged;ChEBI:58195	KEGG:C03539	KEGG:C03539	GC	MetaCyc:CPD-564@Charged	MetaCyc:CPD-564@Charged	eQuilibrator:MNXM1777
cpd02228	MetaCyc:CPD-25881;KEGG:C16614;ChEBI:28279	MetaCyc:CPD-25881;KEGG:C16614;ChEBI:28279	MetaCyc:CPD-25881;KEGG:C16614;ChEBI:28279	MetaCyc:CPD-25881;KEGG:C16614@Charged;ChEBI:28279	KEGG:C16614	KEGG:C16614	EQ	eQuilibrator:MNXM1413	KEGG:C16614@Charged	eQuilibrator:MNXM1413
cpd02229	MetaCyc:UNDECAPRENYL-DIPHOSPHATE@Charged;KEGG:C04574@Charged;ChEBI:58405@Charged	MetaCyc:UNDECAPRENYL-DIPHOSPHATE@Charged;KEGG:C04574@Charged;ChEBI:58405@Charged	MetaCyc:UNDECAPRENYL-DIPHOSPHATE@Charged;KEGG:C04574@Charged;ChEBI:58405@Charged	MetaCyc:UNDECAPRENYL-DIPHOSPHATE@Charged;KEGG:C04574@Charged;ChEBI:58405@Charged	KEGG:C04574		EQ	eQuilibrator:MNXM326	KEGG:C04574@Charged	eQuilibrator:MNXM326
cpd02230	MetaCyc:D-MYO-INOSITOL-4-PHOSPHATE;KEGG:C03546@Charged;ChEBI:58469	MetaCyc:D-MYO-INOSITOL-4-PHOSPHATE;KEGG:C03546@Charged;ChEBI:58469	MetaCyc:D-MYO-INOSITOL-4-PHOSPHATE;KEGG:C03546@Charged;ChEBI:58469	MetaCyc:D-MYO-INOSITOL-4-PHOSPHATE;KEGG:C03546@Charged;ChEBI:58469	KEGG:C03546	KEGG:C03546	EQ	eQuilibrator:MNXM2063	MetaCyc:D-MYO-INOSITOL-4-PHOSPHATE@Charged	eQuilibrator:MNXM2063
cpd02231	MetaCyc:CPD-562;KEGG:C03548@Charged;ChEBI:57558	MetaCyc:CPD-562;KEGG:C03548@Charged;ChEBI:57558	MetaCyc:CPD-562;KEGG:C03548@Charged;ChEBI:57558	MetaCyc:CPD-562;KEGG:C03548@Charged;ChEBI:57558	KEGG:C03548	KEGG:C03548	EQ	eQuilibrator:MNXM4848	KEGG:C03548@Charged	eQuilibrator:MNXM4848
cpd02232										
cpd02233	MetaCyc:CPD-1106;KEGG:C03557;ChEBI:57418	MetaCyc:CPD-1106;KEGG:C03557;ChEBI:57418	MetaCyc:CPD-1106;KEGG:C03557;ChEBI:57418	MetaCyc:CPD-1106;KEGG:C03557@Charged;ChEBI:57418	KEGG:C03557	KEGG:C03557	EQ	eQuilibrator:MNXM1692	MetaCyc:CPD-1106@Charged	eQuilibrator:MNXM1692
cpd02234	KEGG:C03561@Charged;ChEBI:57315	KEGG:C03561@Charged;ChEBI:57315	KEGG:C03561@Charged;ChEBI:57315	KEGG:C03561@Charged;ChEBI:57315	KEGG:C03561	KEGG:C03561	EQ	eQuilibrator:MNXM1058	KEGG:C03561@Charged	eQuilibrator:MNXM1058
cpd02235	MetaCyc:1-PYROLINE-2-CARBOXYLATE;MetaCyc:DELTA1-PYRROLINE_2-CARBOXYLATE;KEGG:C03564@Charged;ChEBI:39785@Charged	MetaCyc:1-PYROLINE-2-CARBOXYLATE;MetaCyc:DELTA1-PYRROLINE_2-CARBOXYLATE;KEGG:C03564@Charged;ChEBI:39785@Charged	MetaCyc:1-PYROLINE-2-CARBOXYLATE;MetaCyc:DELTA1-PYRROLINE_2-CARBOXYLATE;KEGG:C03564@Charged;ChEBI:39785@Charged	MetaCyc:1-PYROLINE-2-CARBOXYLATE;MetaCyc:DELTA1-PYRROLINE_2-CARBOXYLATE;KEGG:C03564@Charged;ChEBI:39785@Charged	KEGG:C03564	KEGG:C03564	EQ	eQuilibrator:MNXM957	MetaCyc:DELTA1-PYRROLINE_2-CARBOXYLATE@Charged	eQuilibrator:MNXM957
cpd02236										
cpd02237	KEGG:C03566@Charged	KEGG:C03566@Charged		KEGG:C03566@Charged	KEGG:C03566	KEGG:C03566	GC	KEGG:C03566@Charged	KEGG:C03566@Charged	
cpd02238	KEGG:C03567;ChEBI:16035	KEGG:C03567;ChEBI:16035	KEGG:C03567;ChEBI:16035	KEGG:C03567;ChEBI:16035	KEGG:C03567	KEGG:C03567	GC	KEGG:C03567@Charged	KEGG:C03567@Charged	eQuilibrator:MNXM2770
cpd02239	KEGG:C03568@Charged	KEGG:C03568@Charged	KEGG:C03568@Charged	KEGG:C03568@Charged	KEGG:C03568	KEGG:C03568	EQ	eQuilibrator:MNXM34261	KEGG:C03568@Charged	eQuilibrator:MNXM34261
cpd02240	MetaCyc:CPD-927;KEGG:C03569;ChEBI:28517	MetaCyc:CPD-927;KEGG:C03569;ChEBI:28517	MetaCyc:CPD-927;KEGG:C03569;ChEBI:28517	MetaCyc:CPD-927;KEGG:C03569;ChEBI:28517	KEGG:C03569	KEGG:C03569	EQ	eQuilibrator:MNXM3552	MetaCyc:CPD-927@Charged	eQuilibrator:MNXM3552
cpd02241	MetaCyc:D-Mannosamines;KEGG:C03570@Charged	MetaCyc:D-Mannosamines;KEGG:C03570@Charged	MetaCyc:D-Mannosamines;KEGG:C03570@Charged	MetaCyc:D-Mannosamines;KEGG:C03570@Charged	KEGG:C03570	KEGG:C03570	EQ	eQuilibrator:MNXM48556	MetaCyc:D-Mannosamines@Charged	eQuilibrator:MNXM48556
cpd02242	MetaCyc:CPD-23269;KEGG:C03571	MetaCyc:CPD-23269;KEGG:C03571	MetaCyc:CPD-23269;KEGG:C03571	MetaCyc:CPD-23269;KEGG:C03571@Charged	KEGG:C03571	KEGG:C03571	EQ	eQuilibrator:MNXM34821	KEGG:C03571@Charged	eQuilibrator:MNXM34821
cpd02243	MetaCyc:2-CL-MUCONATE;KEGG:C03572@Charged;ChEBI:19504	MetaCyc:2-CL-MUCONATE;KEGG:C03572@Charged;ChEBI:19504	MetaCyc:2-CL-MUCONATE;KEGG:C03572@Charged;ChEBI:19504	MetaCyc:2-CL-MUCONATE;KEGG:C03572@Charged;ChEBI:19504	KEGG:C03572		GC	MetaCyc:2-CL-MUCONATE@Charged	MetaCyc:2-CL-MUCONATE@Charged	eQuilibrator:MNXM4284
cpd02244	MetaCyc:CPD-248;KEGG:C03574;ChEBI:18033	MetaCyc:CPD-248;KEGG:C03574;ChEBI:18033	MetaCyc:CPD-248;KEGG:C03574;ChEBI:18033	MetaCyc:CPD-248;KEGG:C03574;ChEBI:18033	KEGG:C03574	KEGG:C03574	EQ	eQuilibrator:MNXM4289	MetaCyc:CPD-248@Charged	eQuilibrator:MNXM4289
cpd02245	MetaCyc:2-IODOPHENOL-METHYL-ETHER;KEGG:C03575;ChEBI:16355	MetaCyc:2-IODOPHENOL-METHYL-ETHER;KEGG:C03575;ChEBI:16355	MetaCyc:2-IODOPHENOL-METHYL-ETHER;KEGG:C03575;ChEBI:16355	MetaCyc:2-IODOPHENOL-METHYL-ETHER;KEGG:C03575;ChEBI:16355		KEGG:C03575	EQ	eQuilibrator:MNXM4235	KEGG:C03575@Charged	eQuilibrator:MNXM4235
cpd02246	MetaCyc:CoM;KEGG:C03576@Charged;ChEBI:58319	MetaCyc:CoM;KEGG:C03576@Charged;ChEBI:58319	MetaCyc:CoM;KEGG:C03576@Charged;ChEBI:58319	MetaCyc:CoM;KEGG:C03576@Charged;ChEBI:58319	KEGG:C03576		GC	MetaCyc:CoM@Charged	MetaCyc:CoM@Charged	eQuilibrator:MNXM399
cpd02247	MetaCyc:20-HYDROXY-LEUKOTRIENE-E4;KEGG:C03577@Charged;ChEBI:58584	MetaCyc:20-HYDROXY-LEUKOTRIENE-E4;KEGG:C03577@Charged;ChEBI:58584	MetaCyc:20-HYDROXY-LEUKOTRIENE-E4;KEGG:C03577@Charged;ChEBI:58584	MetaCyc:20-HYDROXY-LEUKOTRIENE-E4;KEGG:C03577@Charged;ChEBI:58584	KEGG:C03577	KEGG:C03577	EQ	eQuilibrator:MNXM3823	KEGG:C03577@Charged	eQuilibrator:MNXM3823
cpd02248	MetaCyc:23-24-Dihydrocucurbitacins;KEGG:C03578	MetaCyc:23-24-Dihydrocucurbitacins;KEGG:C03578		MetaCyc:23-24-Dihydrocucurbitacins;KEGG:C03578	KEGG:C03578	KEGG:C03578	GC	KEGG:C03578@Charged	KEGG:C03578@Charged	
cpd02249	MetaCyc:CPD-204;KEGG:C03579@Charged	MetaCyc:CPD-204;KEGG:C03579@Charged	MetaCyc:CPD-204;KEGG:C03579@Charged	MetaCyc:CPD-204;KEGG:C03579@Charged	KEGG:C03579	KEGG:C03579	GC	MetaCyc:CPD-204@Charged	MetaCyc:CPD-204@Charged	
cpd02250	KEGG:C03580@Charged;ChEBI:146261@Charged	KEGG:C03580@Charged;ChEBI:146261@Charged	KEGG:C03580@Charged;ChEBI:146261@Charged	KEGG:C03580@Charged;ChEBI:146261@Charged	KEGG:C03580	KEGG:C03580	GC	KEGG:C03580@Charged	KEGG:C03580@Charged	eQuilibrator:MNXM9930
cpd02251										
cpd02252	MetaCyc:CPD-83;KEGG:C03582;ChEBI:45713	MetaCyc:CPD-83;KEGG:C03582;ChEBI:45713	MetaCyc:CPD-83;KEGG:C03582;ChEBI:45713	MetaCyc:CPD-83;KEGG:C03582;ChEBI:45713	KEGG:C03582	KEGG:C03582	EQ	eQuilibrator:MNXM1293	MetaCyc:CPD-83@Charged	eQuilibrator:MNXM1293
cpd02253	KEGG:C03584;ChEBI:57543	KEGG:C03584;ChEBI:57543	KEGG:C03584;ChEBI:57543	KEGG:C03584@Charged;ChEBI:57543	KEGG:C03584	KEGG:C03584	EQ	eQuilibrator:MNXM3478	KEGG:C03584@Charged	eQuilibrator:MNXM3478
cpd02254	MetaCyc:CPD-279;KEGG:C03585@Charged;ChEBI:17589	MetaCyc:CPD-279;KEGG:C03585@Charged;ChEBI:17589	MetaCyc:CPD-279;KEGG:C03585@Charged;ChEBI:17589	MetaCyc:CPD-279;KEGG:C03585@Charged;ChEBI:17589	KEGG:C03585		GC	KEGG:C03585@Charged	KEGG:C03585@Charged	eQuilibrator:MNXM2186
cpd02255	MetaCyc:3-OXOADIPATE-ENOL-LACTONE;KEGG:C03586@Charged;ChEBI:58425	MetaCyc:3-OXOADIPATE-ENOL-LACTONE;KEGG:C03586@Charged;ChEBI:58425	MetaCyc:3-OXOADIPATE-ENOL-LACTONE;KEGG:C03586@Charged;ChEBI:58425	MetaCyc:3-OXOADIPATE-ENOL-LACTONE;KEGG:C03586@Charged;ChEBI:58425	KEGG:C03586	KEGG:C03586	EQ	eQuilibrator:MNXM829	MetaCyc:3-OXOADIPATE-ENOL-LACTONE@Charged	eQuilibrator:MNXM829
cpd02256	KEGG:C03587	KEGG:C03587		KEGG:C03587		KEGG:C03587	GC	KEGG:C03587@Charged	KEGG:C03587@Charged	
cpd02257	MetaCyc:CPD-286;KEGG:C03588	MetaCyc:CPD-286;KEGG:C03588	MetaCyc:CPD-286;KEGG:C03588	MetaCyc:CPD-286;KEGG:C03588	KEGG:C03588	KEGG:C03588	GC	KEGG:C03588@Charged	KEGG:C03588@Charged	eQuilibrator:MNXM4354
cpd02258	MetaCyc:4-HYDROXY-2-KETOVALERATE;ChEBI:73143	MetaCyc:4-HYDROXY-2-KETOVALERATE;ChEBI:73143	MetaCyc:4-HYDROXY-2-KETOVALERATE;ChEBI:73143	MetaCyc:4-HYDROXY-2-KETOVALERATE;ChEBI:73143	KEGG:C03589	KEGG:C03589	EQ	eQuilibrator:MNXM146722	MetaCyc:4-HYDROXY-2-KETOVALERATE@Charged	eQuilibrator:MNXM146722
cpd02259	MetaCyc:CPD-142;KEGG:C03590@Charged;ChEBI:58586	MetaCyc:CPD-142;KEGG:C03590@Charged;ChEBI:58586	MetaCyc:CPD-142;KEGG:C03590@Charged;ChEBI:58586	MetaCyc:CPD-142;KEGG:C03590@Charged;ChEBI:58586	KEGG:C03590	KEGG:C03590	EQ	eQuilibrator:MNXM2085	KEGG:C03590@Charged	eQuilibrator:MNXM2085
cpd02260	MetaCyc:CPD-10616;KEGG:C03591	MetaCyc:CPD-10616;KEGG:C03591	MetaCyc:CPD-10616;KEGG:C03591	MetaCyc:CPD-10616;KEGG:C03591	KEGG:C03591	KEGG:C03591	EQ	eQuilibrator:MNXM8164	MetaCyc:CPD-10616@Charged	eQuilibrator:MNXM8164
cpd02261	MetaCyc:CPD-20408;KEGG:C03592	MetaCyc:CPD-20408;KEGG:C03592	MetaCyc:CPD-20408;KEGG:C03592	MetaCyc:CPD-20408;KEGG:C03592	KEGG:C03592	KEGG:C03592	EQ	eQuilibrator:MNXM38206	KEGG:C03592@Charged	eQuilibrator:MNXM38206
cpd02262	MetaCyc:CPD-266;KEGG:C03594;ChEBI:17500	MetaCyc:CPD-266;KEGG:C03594;ChEBI:17500	MetaCyc:CPD-266;KEGG:C03594;ChEBI:17500	MetaCyc:CPD-266;KEGG:C03594;ChEBI:17500	KEGG:C03594	KEGG:C03594	GC	MetaCyc:CPD-266@Charged	MetaCyc:CPD-266@Charged	eQuilibrator:MNXM740
cpd02263	MetaCyc:CPD-14407;KEGG:C03595@Charged;ChEBI:74264	MetaCyc:CPD-14407;KEGG:C03595@Charged;ChEBI:74264	MetaCyc:CPD-14407;KEGG:C03595@Charged;ChEBI:74264	MetaCyc:CPD-14407;KEGG:C03595@Charged;ChEBI:74264	KEGG:C03595	KEGG:C03595	EQ	eQuilibrator:MNXM1536	KEGG:C03595@Charged	eQuilibrator:MNXM1536
cpd02264	MetaCyc:CDP-36-DIDEOXY-D-MANNOSE;KEGG:C03598@Charged;ChEBI:70785	MetaCyc:CDP-36-DIDEOXY-D-MANNOSE;KEGG:C03598@Charged;ChEBI:70785	MetaCyc:CDP-36-DIDEOXY-D-MANNOSE;KEGG:C03598@Charged;ChEBI:70785	MetaCyc:CDP-36-DIDEOXY-D-MANNOSE;KEGG:C03598@Charged;ChEBI:70785	KEGG:C03598	KEGG:C03598	EQ	eQuilibrator:MNXM114247	KEGG:C03598@Charged	eQuilibrator:MNXM114247
cpd02265	MetaCyc:CPD-9698;KEGG:C03599@Charged;ChEBI:88041	MetaCyc:CPD-9698;KEGG:C03599@Charged;ChEBI:88041	MetaCyc:CPD-9698;KEGG:C03599@Charged;ChEBI:88041	MetaCyc:CPD-9698;KEGG:C03599@Charged;ChEBI:88041	KEGG:C03599	KEGG:C03599	EQ	eQuilibrator:MNXM7154	KEGG:C03599@Charged	eQuilibrator:MNXM7154
cpd02266	MetaCyc:CPD-668;KEGG:C03600@Charged;ChEBI:57992	MetaCyc:CPD-668;KEGG:C03600@Charged;ChEBI:57992	MetaCyc:CPD-668;KEGG:C03600@Charged;ChEBI:57992	MetaCyc:CPD-668;KEGG:C03600@Charged;ChEBI:57992	KEGG:C03600	KEGG:C03600	EQ	eQuilibrator:MNXM4275	MetaCyc:CPD-668@Charged	eQuilibrator:MNXM4275
cpd02267	MetaCyc:CHLORAMPHENICOL-3-ACETATE;KEGG:C03601;ChEBI:16730	MetaCyc:CHLORAMPHENICOL-3-ACETATE;KEGG:C03601;ChEBI:16730	MetaCyc:CHLORAMPHENICOL-3-ACETATE;KEGG:C03601;ChEBI:16730	MetaCyc:CHLORAMPHENICOL-3-ACETATE;KEGG:C03601;ChEBI:16730	KEGG:C03601	KEGG:C03601	GC	MetaCyc:CHLORAMPHENICOL-3-ACETATE@Charged	MetaCyc:CHLORAMPHENICOL-3-ACETATE@Charged	eQuilibrator:MNXM4520
cpd02268	MetaCyc:CPD-19133;KEGG:C03604@Charged;ChEBI:90796	MetaCyc:CPD-19133;KEGG:C03604@Charged;ChEBI:90796	MetaCyc:CPD-19133;KEGG:C03604@Charged;ChEBI:90796	MetaCyc:CPD-19133;KEGG:C03604@Charged;ChEBI:90796	KEGG:C03604	KEGG:C03604	EQ	eQuilibrator:MNXM48433	KEGG:C03604@Charged	eQuilibrator:MNXM48433
cpd02269	KEGG:C03606@Charged	KEGG:C03606@Charged	KEGG:C03606@Charged	KEGG:C03606@Charged	KEGG:C03606	KEGG:C03606	EQ	eQuilibrator:MNXM92238	KEGG:C03606@Charged	eQuilibrator:MNXM92238
cpd02270	KEGG:C03607@Charged	KEGG:C03607@Charged		KEGG:C03607@Charged	KEGG:C03607	KEGG:C03607	GC	KEGG:C03607@Charged	KEGG:C03607@Charged	
cpd02271	KEGG:C03611	KEGG:C03611		KEGG:C03611	KEGG:C03611	KEGG:C03611	GC	KEGG:C03611@Charged	KEGG:C03611@Charged	
cpd02272	KEGG:C03614@Charged	KEGG:C03614@Charged	KEGG:C03614@Charged	KEGG:C03614@Charged	KEGG:C03614	KEGG:C03614	GC	KEGG:C03614@Charged	KEGG:C03614@Charged	
cpd02273	MetaCyc:L-THREO-3-METHYL-ASPARTATE;KEGG:C03618@Charged;ChEBI:58724	MetaCyc:L-THREO-3-METHYL-ASPARTATE;KEGG:C03618@Charged;ChEBI:58724	MetaCyc:L-THREO-3-METHYL-ASPARTATE;KEGG:C03618@Charged;ChEBI:58724	MetaCyc:L-THREO-3-METHYL-ASPARTATE;KEGG:C03618@Charged;ChEBI:58724	KEGG:C03618	KEGG:C03618	EQ	eQuilibrator:MNXM1444	KEGG:C03618@Charged	eQuilibrator:MNXM1444
cpd02274	MetaCyc:METHYL-BETA-D-GALACTOSIDE;KEGG:C03619;ChEBI:17540	MetaCyc:METHYL-BETA-D-GALACTOSIDE;KEGG:C03619;ChEBI:17540	MetaCyc:METHYL-BETA-D-GALACTOSIDE;KEGG:C03619;ChEBI:17540	MetaCyc:METHYL-BETA-D-GALACTOSIDE;KEGG:C03619;ChEBI:17540	KEGG:C03619	KEGG:C03619	EQ	eQuilibrator:MNXM3304	KEGG:C03619@Charged	eQuilibrator:MNXM3304
cpd02275	MetaCyc:N-ACETOXY-4-AMINOBIPHENYL;KEGG:C03621;ChEBI:16395	MetaCyc:N-ACETOXY-4-AMINOBIPHENYL;KEGG:C03621;ChEBI:16395	MetaCyc:N-ACETOXY-4-AMINOBIPHENYL;KEGG:C03621;ChEBI:16395	MetaCyc:N-ACETOXY-4-AMINOBIPHENYL;KEGG:C03621;ChEBI:16395	KEGG:C03621	KEGG:C03621	EQ	eQuilibrator:MNXM4698	KEGG:C03621@Charged	eQuilibrator:MNXM4698
cpd02276	MetaCyc:N-HYDROXY-4-AMINOBIPHENYL;KEGG:C03622;KEGG:C20319@Charged	MetaCyc:N-HYDROXY-4-AMINOBIPHENYL;KEGG:C03622;KEGG:C20319@Charged	MetaCyc:N-HYDROXY-4-AMINOBIPHENYL;KEGG:C03622;KEGG:C20319@Charged	MetaCyc:N-HYDROXY-4-AMINOBIPHENYL;KEGG:C03622;KEGG:C20319@Charged	KEGG:C03622	KEGG:C03622	GC	MetaCyc:N-HYDROXY-4-AMINOBIPHENYL@Charged	MetaCyc:N-HYDROXY-4-AMINOBIPHENYL@Charged	eQuilibrator:MNXM1578
cpd02277	MetaCyc:CPD-579;KEGG:C03623@Charged;ChEBI:17738	MetaCyc:CPD-579;KEGG:C03623@Charged;ChEBI:17738	MetaCyc:CPD-579;KEGG:C03623@Charged;ChEBI:17738	MetaCyc:CPD-579;KEGG:C03623@Charged;ChEBI:17738	KEGG:C03623	KEGG:C03623	EQ	eQuilibrator:MNXM4061	MetaCyc:CPD-579@Charged	eQuilibrator:MNXM4061
cpd02279	MetaCyc:CPD-596;KEGG:C03626@Charged;ChEBI:58326	MetaCyc:CPD-596;KEGG:C03626@Charged;ChEBI:58326	MetaCyc:CPD-596;KEGG:C03626@Charged;ChEBI:58326	MetaCyc:CPD-596;KEGG:C03626@Charged;ChEBI:58326	KEGG:C03626	KEGG:C03626	EQ	eQuilibrator:MNXM4046	MetaCyc:CPD-596@Charged	eQuilibrator:MNXM4046
cpd02280	KEGG:C03629@Charged	KEGG:C03629@Charged	KEGG:C03629@Charged	KEGG:C03629@Charged	KEGG:C03629	KEGG:C03629	GC	KEGG:C03629@Charged	KEGG:C03629@Charged	
cpd02281	MetaCyc:CPD-15924;KEGG:C03630@Charged;ChEBI:77492	MetaCyc:CPD-15924;KEGG:C03630@Charged;ChEBI:77492	MetaCyc:CPD-15924;KEGG:C03630@Charged;ChEBI:77492	MetaCyc:CPD-15924;KEGG:C03630@Charged;ChEBI:77492	KEGG:C03630	KEGG:C03630	EQ	eQuilibrator:MNXM32961	KEGG:C03630@Charged	eQuilibrator:MNXM32961
cpd02282	KEGG:C03631	KEGG:C03631		KEGG:C03631	KEGG:C03631	KEGG:C03631	GC	KEGG:C03631@Charged	KEGG:C03631@Charged	
cpd02283	MetaCyc:PHORBOL-1213-DIBUTANOATE;KEGG:C03634;ChEBI:17598	MetaCyc:PHORBOL-1213-DIBUTANOATE;KEGG:C03634;ChEBI:17598	MetaCyc:PHORBOL-1213-DIBUTANOATE;KEGG:C03634;ChEBI:17598	MetaCyc:PHORBOL-1213-DIBUTANOATE;KEGG:C03634;ChEBI:17598	KEGG:C03634	KEGG:C03634	GC	MetaCyc:PHORBOL-1213-DIBUTANOATE@Charged	MetaCyc:PHORBOL-1213-DIBUTANOATE@Charged	eQuilibrator:MNXM5263
cpd02284	MetaCyc:CPD-481;KEGG:C03640;ChEBI:58906	MetaCyc:CPD-481;KEGG:C03640;ChEBI:58906	MetaCyc:CPD-481;KEGG:C03640;ChEBI:58906	MetaCyc:CPD-481;KEGG:C03640@Charged;ChEBI:58906	KEGG:C03640	KEGG:C03640	GC	MetaCyc:CPD-481@Charged	MetaCyc:CPD-481@Charged	eQuilibrator:MNXM2033
cpd02285	KEGG:C03641	KEGG:C03641	KEGG:C03641	KEGG:C03641	KEGG:C03641	KEGG:C03641	GC	KEGG:C03641@Charged	KEGG:C03641@Charged	
cpd02286	MetaCyc:TAUROLITHOCHOLATE-SULFATE;KEGG:C03642@Charged;ChEBI:58301	MetaCyc:TAUROLITHOCHOLATE-SULFATE;KEGG:C03642@Charged;ChEBI:58301	MetaCyc:TAUROLITHOCHOLATE-SULFATE;KEGG:C03642@Charged;ChEBI:58301	MetaCyc:TAUROLITHOCHOLATE-SULFATE;KEGG:C03642@Charged;ChEBI:58301	KEGG:C03642	KEGG:C03642	GC	KEGG:C03642@Charged	KEGG:C03642@Charged	eQuilibrator:MNXM1950
cpd02287	MetaCyc:BIS-GAMMA-GLUTAMYLCYSTINE;KEGG:C03646@Charged	MetaCyc:BIS-GAMMA-GLUTAMYLCYSTINE;KEGG:C03646@Charged	MetaCyc:BIS-GAMMA-GLUTAMYLCYSTINE;KEGG:C03646@Charged	MetaCyc:BIS-GAMMA-GLUTAMYLCYSTINE;KEGG:C03646@Charged	KEGG:C03646	KEGG:C03646	GC	MetaCyc:BIS-GAMMA-GLUTAMYLCYSTINE@Charged	MetaCyc:BIS-GAMMA-GLUTAMYLCYSTINE@Charged	
cpd02288	MetaCyc:CPD-25638;KEGG:C03647@Charged	MetaCyc:CPD-25638;KEGG:C03647@Charged	MetaCyc:CPD-25638;KEGG:C03647@Charged	MetaCyc:CPD-25638;KEGG:C03647@Charged	KEGG:C03647		EQ	eQuilibrator:MNXM46896	KEGG:C03647@Charged	eQuilibrator:MNXM46896
cpd02289	MetaCyc:LEUCOPELARGONIDIN-CMPD;KEGG:C03648;ChEBI:17343	MetaCyc:LEUCOPELARGONIDIN-CMPD;KEGG:C03648;ChEBI:17343	MetaCyc:LEUCOPELARGONIDIN-CMPD;KEGG:C03648;ChEBI:17343	MetaCyc:LEUCOPELARGONIDIN-CMPD;KEGG:C03648;ChEBI:17343	KEGG:C03648	KEGG:C03648	EQ	eQuilibrator:MNXM2221	MetaCyc:LEUCOPELARGONIDIN-CMPD@Charged	eQuilibrator:MNXM2221
cpd02290	KEGG:C03649@Charged	KEGG:C03649@Charged		KEGG:C03649@Charged	KEGG:C03649	KEGG:C03649	GC	KEGG:C03649@Charged	KEGG:C03649@Charged	
cpd02291	KEGG:C03651	KEGG:C03651	KEGG:C03651	KEGG:C03651@Charged	KEGG:C03651	KEGG:C03651	GC	KEGG:C03651@Charged	KEGG:C03651@Charged	
cpd02292										
cpd02293	KEGG:C03654@Charged	KEGG:C03654@Charged	KEGG:C03654@Charged	KEGG:C03654@Charged	KEGG:C03654	KEGG:C03654	EQ	eQuilibrator:MNXM172303	KEGG:C03654@Charged	eQuilibrator:MNXM172303
cpd02294	MetaCyc:CPD-159;KEGG:C03656;ChEBI:58523	MetaCyc:CPD-159;KEGG:C03656;ChEBI:58523	MetaCyc:CPD-159;KEGG:C03656;ChEBI:58523	MetaCyc:CPD-159;KEGG:C03656@Charged;ChEBI:58523	KEGG:C03656	KEGG:C03656	EQ	eQuilibrator:MNXM2894	MetaCyc:CPD-159@Charged	eQuilibrator:MNXM2894
cpd02295	MetaCyc:DIHYDROXYNAPHTHOATE;KEGG:C03657@Charged;ChEBI:11173	MetaCyc:DIHYDROXYNAPHTHOATE;KEGG:C03657@Charged;ChEBI:11173	MetaCyc:DIHYDROXYNAPHTHOATE;KEGG:C03657@Charged;ChEBI:11173	MetaCyc:DIHYDROXYNAPHTHOATE;KEGG:C03657@Charged;ChEBI:11173	KEGG:C03657	KEGG:C03657	EQ	eQuilibrator:MNXM552	MetaCyc:DIHYDROXYNAPHTHOATE@Charged	eQuilibrator:MNXM552
cpd02296	MetaCyc:1-METHYL-MYO-INOSITOL;KEGG:C03659;ChEBI:18427	MetaCyc:1-METHYL-MYO-INOSITOL;KEGG:C03659;ChEBI:18427	MetaCyc:1-METHYL-MYO-INOSITOL;KEGG:C03659;ChEBI:18427	MetaCyc:1-METHYL-MYO-INOSITOL;KEGG:C03659;ChEBI:18427	KEGG:C03659	KEGG:C03659	EQ	eQuilibrator:MNXM4260	KEGG:C03659@Charged	eQuilibrator:MNXM4260
cpd02297	MetaCyc:CPD-1701;KEGG:C03660;ChEBI:28310	MetaCyc:CPD-1701;KEGG:C03660;ChEBI:28310	MetaCyc:CPD-1701;KEGG:C03660;ChEBI:28310	MetaCyc:CPD-1701;KEGG:C03660;ChEBI:28310	KEGG:C03660	KEGG:C03660	EQ	eQuilibrator:MNXM4953	KEGG:C03660@Charged	eQuilibrator:MNXM4953
cpd02298	MetaCyc:1-KESTOTRIOSE;KEGG:C03661;ChEBI:16885	MetaCyc:1-KESTOTRIOSE;KEGG:C03661;ChEBI:16885	MetaCyc:1-KESTOTRIOSE;KEGG:C03661;ChEBI:16885	MetaCyc:1-KESTOTRIOSE;KEGG:C03661;ChEBI:16885	KEGG:C03661	KEGG:C03661	EQ	eQuilibrator:MNXM6568	KEGG:C03661@Charged	eQuilibrator:MNXM6568
cpd02299	KEGG:C03662@Charged	KEGG:C03662@Charged	KEGG:C03662@Charged	KEGG:C03662@Charged	KEGG:C03662	KEGG:C03662	GC	KEGG:C03662@Charged	KEGG:C03662@Charged	eQuilibrator:MNXM34241
cpd02300	KEGG:C03663	KEGG:C03663	KEGG:C03663	KEGG:C03663	KEGG:C03663	KEGG:C03663	GC	KEGG:C03663@Charged	KEGG:C03663@Charged	
cpd02301	MetaCyc:CPD-9009;KEGG:C03664@Charged;ChEBI:19351	MetaCyc:CPD-9009;KEGG:C03664@Charged;ChEBI:19351	MetaCyc:CPD-9009;KEGG:C03664@Charged;ChEBI:19351	MetaCyc:CPD-9009;KEGG:C03664@Charged;ChEBI:19351	KEGG:C03664	KEGG:C03664	EQ	eQuilibrator:MNXM5364	KEGG:C03664@Charged	eQuilibrator:MNXM5364
cpd02302	MetaCyc:CPD-17880;KEGG:C03665	MetaCyc:CPD-17880;KEGG:C03665	MetaCyc:CPD-17880;KEGG:C03665	MetaCyc:CPD-17880;KEGG:C03665@Charged	KEGG:C03665	KEGG:C03665	EQ	eQuilibrator:MNXM34885	MetaCyc:CPD-17880@Charged	eQuilibrator:MNXM34885
cpd02303	MetaCyc:CPD-240;KEGG:C03666@Charged;ChEBI:58114	MetaCyc:CPD-240;KEGG:C03666@Charged;ChEBI:58114	MetaCyc:CPD-240;KEGG:C03666@Charged;ChEBI:58114	MetaCyc:CPD-240;KEGG:C03666@Charged;ChEBI:58114	KEGG:C03666		EQ	eQuilibrator:MNXM4282	MetaCyc:CPD-240@Charged	eQuilibrator:MNXM4282
cpd02304	MetaCyc:CPD-184;KEGG:C03671@Charged;ChEBI:58304	MetaCyc:CPD-184;KEGG:C03671@Charged;ChEBI:58304	MetaCyc:CPD-184;KEGG:C03671@Charged;ChEBI:58304	MetaCyc:CPD-184;KEGG:C03671@Charged;ChEBI:58304	KEGG:C03671	KEGG:C03671	GC	KEGG:C03671@Charged	KEGG:C03671@Charged	eQuilibrator:MNXM1211
cpd02305	MetaCyc:4-HYDROXYPHENYLLACTATE;KEGG:C03672@Charged	MetaCyc:4-HYDROXYPHENYLLACTATE;KEGG:C03672@Charged	MetaCyc:4-HYDROXYPHENYLLACTATE;KEGG:C03672@Charged	MetaCyc:4-HYDROXYPHENYLLACTATE;KEGG:C03672@Charged	KEGG:C03672	KEGG:C03672	EQ	eQuilibrator:MNXM114141	MetaCyc:4-HYDROXYPHENYLLACTATE@Charged	eQuilibrator:MNXM114141
cpd02306	MetaCyc:3-ADP-2-PHOSPHOGLYCERATE;KEGG:C03673@Charged;ChEBI:58381	MetaCyc:3-ADP-2-PHOSPHOGLYCERATE;KEGG:C03673@Charged;ChEBI:58381	MetaCyc:3-ADP-2-PHOSPHOGLYCERATE;KEGG:C03673@Charged;ChEBI:58381	MetaCyc:3-ADP-2-PHOSPHOGLYCERATE;KEGG:C03673@Charged;ChEBI:58381	KEGG:C03673	KEGG:C03673	EQ	eQuilibrator:MNXM4323	KEGG:C03673@Charged	eQuilibrator:MNXM4323
cpd02307	MetaCyc:3-HYDROXY-CISCIS-MUCONATE@Charged;KEGG:C03676@Charged	MetaCyc:3-HYDROXY-CISCIS-MUCONATE@Charged;KEGG:C03676@Charged	MetaCyc:3-HYDROXY-CISCIS-MUCONATE@Charged;KEGG:C03676@Charged	MetaCyc:3-HYDROXY-CISCIS-MUCONATE@Charged;KEGG:C03676@Charged	KEGG:C03676	KEGG:C03676	EQ	eQuilibrator:MNXM472	MetaCyc:3-HYDROXY-CISCIS-MUCONATE@Charged	eQuilibrator:MNXM472
cpd02308	MetaCyc:421-DEHYDROGEISSOSCHIZINE@Charged;KEGG:C03677@Charged;ChEBI:17294@Charged	MetaCyc:421-DEHYDROGEISSOSCHIZINE@Charged;KEGG:C03677@Charged;ChEBI:17294@Charged	MetaCyc:421-DEHYDROGEISSOSCHIZINE@Charged;KEGG:C03677@Charged;ChEBI:17294@Charged	MetaCyc:421-DEHYDROGEISSOSCHIZINE@Charged;KEGG:C03677@Charged;ChEBI:17294@Charged	KEGG:C03677	KEGG:C03677	GC	KEGG:C03677@Charged	KEGG:C03677@Charged	
cpd02309	MetaCyc:AMINOBUT-CPD;KEGG:C03678;ChEBI:57630	MetaCyc:AMINOBUT-CPD;KEGG:C03678;ChEBI:57630	MetaCyc:AMINOBUT-CPD;KEGG:C03678;ChEBI:57630	MetaCyc:AMINOBUT-CPD;KEGG:C03678@Charged;ChEBI:57630	KEGG:C03678	KEGG:C03678	EQ	eQuilibrator:MNXM4592	KEGG:C03678@Charged	eQuilibrator:MNXM4592
cpd02310	MetaCyc:4-CHLOROPHENYLACETONITRILE;KEGG:C03679;ChEBI:17346	MetaCyc:4-CHLOROPHENYLACETONITRILE;KEGG:C03679;ChEBI:17346	MetaCyc:4-CHLOROPHENYLACETONITRILE;KEGG:C03679;ChEBI:17346	MetaCyc:4-CHLOROPHENYLACETONITRILE;KEGG:C03679;ChEBI:17346	KEGG:C03679		GC	KEGG:C03679@Charged	KEGG:C03679@Charged	
cpd02311	MetaCyc:4-IMIDAZOLONE-5-PROPIONATE;KEGG:C03680@Charged	MetaCyc:4-IMIDAZOLONE-5-PROPIONATE;KEGG:C03680@Charged	MetaCyc:4-IMIDAZOLONE-5-PROPIONATE;KEGG:C03680@Charged	MetaCyc:4-IMIDAZOLONE-5-PROPIONATE@Charged;KEGG:C03680@Charged	KEGG:C03680	KEGG:C03680	GC	MetaCyc:4-IMIDAZOLONE-5-PROPIONATE@Charged	MetaCyc:4-IMIDAZOLONE-5-PROPIONATE@Charged	
cpd02312	MetaCyc:CPD-293;KEGG:C03681;ChEBI:28952	MetaCyc:CPD-293;KEGG:C03681;ChEBI:28952	MetaCyc:CPD-293;KEGG:C03681;ChEBI:28952	MetaCyc:CPD-293;KEGG:C03681;ChEBI:28952	KEGG:C03681	KEGG:C03681	GC	MetaCyc:CPD-293@Charged	MetaCyc:CPD-293@Charged	eQuilibrator:MNXM1066
cpd02313	MetaCyc:3-OXO-6-ACETAMIDOHEXANOATE;KEGG:C03682@Charged;ChEBI:17982	MetaCyc:3-OXO-6-ACETAMIDOHEXANOATE;KEGG:C03682@Charged;ChEBI:17982	MetaCyc:3-OXO-6-ACETAMIDOHEXANOATE;KEGG:C03682@Charged;ChEBI:17982	MetaCyc:3-OXO-6-ACETAMIDOHEXANOATE;KEGG:C03682@Charged;ChEBI:17982	KEGG:C03682	KEGG:C03682	EQ	eQuilibrator:MNXM4412	MetaCyc:3-OXO-6-ACETAMIDOHEXANOATE@Charged	eQuilibrator:MNXM4412
cpd02314					KEGG:C03683	KEGG:C03683	GC			
cpd02315	MetaCyc:6-PYRUVOYL-5678-TETRAHYDROPTERIN;ChEBI:136564	MetaCyc:6-PYRUVOYL-5678-TETRAHYDROPTERIN;ChEBI:136564	MetaCyc:6-PYRUVOYL-5678-TETRAHYDROPTERIN;ChEBI:136564	MetaCyc:6-PYRUVOYL-5678-TETRAHYDROPTERIN@Charged;ChEBI:136564@Charged	KEGG:C03684	KEGG:C03684	GC	MetaCyc:6-PYRUVOYL-5678-TETRAHYDROPTERIN@Charged	MetaCyc:6-PYRUVOYL-5678-TETRAHYDROPTERIN@Charged	eQuilibrator:MNXM722720
cpd02316	MetaCyc:7-METHYL-3-OXOOCTANOYL-COA;KEGG:C03685@Charged	MetaCyc:7-METHYL-3-OXOOCTANOYL-COA;KEGG:C03685@Charged	MetaCyc:7-METHYL-3-OXOOCTANOYL-COA;KEGG:C03685@Charged	MetaCyc:7-METHYL-3-OXOOCTANOYL-COA;KEGG:C03685@Charged	KEGG:C03685	KEGG:C03685	EQ	eQuilibrator:MNXM10424	KEGG:C03685@Charged	eQuilibrator:MNXM10424
cpd02317	MetaCyc:CPD-7157;KEGG:C03686;ChEBI:18171	MetaCyc:CPD-7157;KEGG:C03686;ChEBI:18171	MetaCyc:CPD-7157;KEGG:C03686;ChEBI:18171	MetaCyc:CPD-7157;KEGG:C03686;ChEBI:18171		KEGG:C03686	GC	KEGG:C03686@Charged	KEGG:C03686@Charged	eQuilibrator:MNXM3522
cpd02318	MetaCyc:BIS2-ETHYLHEXYLPHTHALATE;KEGG:C03690;ChEBI:17747	MetaCyc:BIS2-ETHYLHEXYLPHTHALATE;KEGG:C03690;ChEBI:17747	MetaCyc:BIS2-ETHYLHEXYLPHTHALATE;KEGG:C03690;ChEBI:17747	MetaCyc:BIS2-ETHYLHEXYLPHTHALATE;KEGG:C03690;ChEBI:17747		KEGG:C03690	EQ	eQuilibrator:MNXM4490	KEGG:C03690@Charged	eQuilibrator:MNXM4490
cpd02319	MetaCyc:CPD-262;KEGG:C03691@Charged;ChEBI:58376	MetaCyc:CPD-262;KEGG:C03691@Charged;ChEBI:58376	MetaCyc:CPD-262;KEGG:C03691@Charged;ChEBI:58376	MetaCyc:CPD-262;KEGG:C03691@Charged;ChEBI:58376	KEGG:C03691	KEGG:C03691	GC	MetaCyc:CPD-262@Charged	MetaCyc:CPD-262@Charged	eQuilibrator:MNXM3240
cpd02320	KEGG:C03693@Charged	KEGG:C03693@Charged	KEGG:C03693@Charged	KEGG:C03693@Charged	KEGG:C03693	KEGG:C03693	GC	KEGG:C03693@Charged	KEGG:C03693@Charged	
cpd02322										
cpd02323	MetaCyc:GLYCOSYL-N-ACYLSPHINGOSINE	MetaCyc:GLYCOSYL-N-ACYLSPHINGOSINE		MetaCyc:GLYCOSYL-N-ACYLSPHINGOSINE	KEGG:C03701	KEGG:C03701	GC	MetaCyc:GLYCOSYL-N-ACYLSPHINGOSINE@Charged	MetaCyc:GLYCOSYL-N-ACYLSPHINGOSINE@Charged	
cpd02324	MetaCyc:CPD-587;KEGG:C03703@Charged;ChEBI:57740	MetaCyc:CPD-587;KEGG:C03703@Charged;ChEBI:57740	MetaCyc:CPD-587;KEGG:C03703@Charged;ChEBI:57740	MetaCyc:CPD-587;KEGG:C03703@Charged;ChEBI:57740	KEGG:C03703	KEGG:C03703	EQ	eQuilibrator:MNXM4633	KEGG:C03703@Charged	eQuilibrator:MNXM4633
cpd02325										
cpd02326	MetaCyc:CPD-485;KEGG:C03709@Charged	MetaCyc:CPD-485;KEGG:C03709@Charged	MetaCyc:CPD-485;KEGG:C03709@Charged	MetaCyc:CPD-485;KEGG:C03709@Charged	KEGG:C03709	KEGG:C03709	GC	KEGG:C03709@Charged	KEGG:C03709@Charged	eQuilibrator:MNXM4717
cpd02327	MetaCyc:CPD-214;KEGG:C03710@Charged;ChEBI:368997	MetaCyc:CPD-214;KEGG:C03710@Charged;ChEBI:368997	MetaCyc:CPD-214;KEGG:C03710@Charged;ChEBI:368997	MetaCyc:CPD-214;KEGG:C03710@Charged;ChEBI:368997	KEGG:C03710		GC	KEGG:C03710@Charged	KEGG:C03710@Charged	eQuilibrator:MNXM4725
cpd02328	MetaCyc:N-METHYLPHENYLETHANOLAMINE;KEGG:C03711@Charged;ChEBI:57946	MetaCyc:N-METHYLPHENYLETHANOLAMINE;KEGG:C03711@Charged;ChEBI:57946	MetaCyc:N-METHYLPHENYLETHANOLAMINE;KEGG:C03711@Charged;ChEBI:57946	MetaCyc:N-METHYLPHENYLETHANOLAMINE;KEGG:C03711@Charged;ChEBI:57946	KEGG:C03711	KEGG:C03711	EQ	eQuilibrator:MNXM4738	KEGG:C03711@Charged	eQuilibrator:MNXM4738
cpd02329	MetaCyc:CPD-430;KEGG:C03712@Charged;ChEBI:57722	MetaCyc:CPD-430;KEGG:C03712@Charged;ChEBI:57722	MetaCyc:CPD-430;KEGG:C03712@Charged;ChEBI:57722	MetaCyc:CPD-430;KEGG:C03712@Charged;ChEBI:57722	KEGG:C03712	KEGG:C03712	EQ	eQuilibrator:MNXM4678	MetaCyc:CPD-430@Charged	eQuilibrator:MNXM4678
cpd02330	MetaCyc:CPD-521;KEGG:C03716@Charged;ChEBI:57927	MetaCyc:CPD-521;KEGG:C03716@Charged;ChEBI:57927	MetaCyc:CPD-521;KEGG:C03716@Charged;ChEBI:57927	MetaCyc:CPD-521;KEGG:C03716@Charged;ChEBI:57927	KEGG:C03716	KEGG:C03716	EQ	eQuilibrator:MNXM4758	KEGG:C03716@Charged	eQuilibrator:MNXM4758
cpd02331	MetaCyc:OXIDIZED-LUCIFERIN;KEGG:C03717;ChEBI:138275@Charged	MetaCyc:OXIDIZED-LUCIFERIN;KEGG:C03717;ChEBI:138275@Charged	MetaCyc:OXIDIZED-LUCIFERIN;KEGG:C03717;ChEBI:138275@Charged	MetaCyc:OXIDIZED-LUCIFERIN;KEGG:C03717;ChEBI:138275@Charged	KEGG:C03717	KEGG:C03717	EQ	eQuilibrator:MNXM4075	KEGG:C03717@Charged	eQuilibrator:MNXM4075
cpd02332					KEGG:C03719	KEGG:C03719	GC			
cpd02333	MetaCyc:QUINOLINATE;KEGG:C03722@Charged;ChEBI:29959	MetaCyc:QUINOLINATE;KEGG:C03722@Charged;ChEBI:29959	MetaCyc:QUINOLINATE;KEGG:C03722@Charged;ChEBI:29959	MetaCyc:QUINOLINATE;KEGG:C03722@Charged;ChEBI:29959	KEGG:C03722	KEGG:C03722	EQ	eQuilibrator:MNXM555	MetaCyc:QUINOLINATE@Charged	eQuilibrator:MNXM555
cpd02334	MetaCyc:S-5-HYDROXY-2-FUROYL-COA@Charged;KEGG:C03724@Charged;ChEBI:57365@Charged	MetaCyc:S-5-HYDROXY-2-FUROYL-COA@Charged;KEGG:C03724@Charged;ChEBI:57365@Charged	MetaCyc:S-5-HYDROXY-2-FUROYL-COA@Charged;KEGG:C03724@Charged;ChEBI:57365@Charged	MetaCyc:S-5-HYDROXY-2-FUROYL-COA@Charged;KEGG:C03724@Charged;ChEBI:57365@Charged	KEGG:C03724	KEGG:C03724	EQ		KEGG:C03724@Charged	
cpd02335	KEGG:C03725@Charged;ChEBI:156266	KEGG:C03725@Charged;ChEBI:156266	KEGG:C03725@Charged;ChEBI:156266	KEGG:C03725@Charged;ChEBI:156266	KEGG:C03725	KEGG:C03725	EQ	eQuilibrator:MNXM93915	KEGG:C03725@Charged	eQuilibrator:MNXM93915
cpd02336	MetaCyc:S-CARBOXYMETHYL-D-CYSTEINE	MetaCyc:S-CARBOXYMETHYL-D-CYSTEINE	MetaCyc:S-CARBOXYMETHYL-D-CYSTEINE	MetaCyc:S-CARBOXYMETHYL-D-CYSTEINE	KEGG:C03727	KEGG:C03727	EQ	eQuilibrator:MNXM114728	MetaCyc:S-CARBOXYMETHYL-D-CYSTEINE@Charged	eQuilibrator:MNXM114728
cpd02337	MetaCyc:CPD-512;KEGG:C03731@Charged;ChEBI:57482	MetaCyc:CPD-512;KEGG:C03731@Charged;ChEBI:57482	MetaCyc:CPD-512;KEGG:C03731@Charged;ChEBI:57482	MetaCyc:CPD-512;KEGG:C03731@Charged;ChEBI:57482	KEGG:C03731	KEGG:C03731	EQ	eQuilibrator:MNXM4831	KEGG:C03731@Charged	eQuilibrator:MNXM4831
cpd02338	MetaCyc:UDP-D-GALACTO-14-FURANOSE;KEGG:C03733@Charged;ChEBI:66915	MetaCyc:UDP-D-GALACTO-14-FURANOSE;KEGG:C03733@Charged;ChEBI:66915	MetaCyc:UDP-D-GALACTO-14-FURANOSE;KEGG:C03733@Charged;ChEBI:66915	MetaCyc:UDP-D-GALACTO-14-FURANOSE;KEGG:C03733@Charged;ChEBI:66915	KEGG:C03733	KEGG:C03733	EQ	eQuilibrator:MNXM2158	MetaCyc:UDP-D-GALACTO-14-FURANOSE@Charged	eQuilibrator:MNXM2158
cpd02339	KEGG:C03734@Charged	KEGG:C03734@Charged	KEGG:C03734@Charged	KEGG:C03734@Charged	KEGG:C03734	KEGG:C03734	EQ	eQuilibrator:MNXM8487	KEGG:C03734@Charged	eQuilibrator:MNXM8487
cpd02340	KEGG:C03735@Charged	KEGG:C03735@Charged	KEGG:C03735@Charged	KEGG:C03735@Charged	KEGG:C03735	KEGG:C03735	EQ	eQuilibrator:MNXM10656	KEGG:C03735@Charged	eQuilibrator:MNXM10656
cpd02342	MetaCyc:CPD-490;KEGG:C03737@Charged;ChEBI:57559	MetaCyc:CPD-490;KEGG:C03737@Charged;ChEBI:57559	MetaCyc:CPD-490;KEGG:C03737@Charged;ChEBI:57559	MetaCyc:CPD-490;KEGG:C03737@Charged;ChEBI:57559	KEGG:C03737	KEGG:C03737	EQ	eQuilibrator:MNXM4458	KEGG:C03737@Charged	eQuilibrator:MNXM4458
cpd02343	MetaCyc:CPD-407;KEGG:C03738@Charged;ChEBI:57915	MetaCyc:CPD-407;KEGG:C03738@Charged;ChEBI:57915	MetaCyc:CPD-407;KEGG:C03738@Charged;ChEBI:57915	MetaCyc:CPD-407;KEGG:C03738@Charged;ChEBI:57915	KEGG:C03738	KEGG:C03738	EQ	eQuilibrator:MNXM4594	MetaCyc:CPD-407@Charged	eQuilibrator:MNXM4594
cpd02344	KEGG:C03739;ChEBI:16931	KEGG:C03739;ChEBI:16931	KEGG:C03739;ChEBI:16931	KEGG:C03739;ChEBI:16931	KEGG:C03739	KEGG:C03739	EQ	eQuilibrator:MNXM4122	KEGG:C03739@Charged	eQuilibrator:MNXM4122
cpd02345	MetaCyc:GLUTAMATE-1-SEMIALDEHYDE;KEGG:C03741;ChEBI:57501	MetaCyc:GLUTAMATE-1-SEMIALDEHYDE;KEGG:C03741;ChEBI:57501	MetaCyc:GLUTAMATE-1-SEMIALDEHYDE;KEGG:C03741;ChEBI:57501	MetaCyc:GLUTAMATE-1-SEMIALDEHYDE;KEGG:C03741@Charged;ChEBI:57501	KEGG:C03741	KEGG:C03741	EQ	eQuilibrator:MNXM1453	MetaCyc:GLUTAMATE-1-SEMIALDEHYDE@Charged	eQuilibrator:MNXM1453
cpd02346	MetaCyc:CPD-648;KEGG:C03742;ChEBI:16660	MetaCyc:CPD-648;KEGG:C03742;ChEBI:16660	MetaCyc:CPD-648;KEGG:C03742;ChEBI:16660	MetaCyc:CPD-648;KEGG:C03742;ChEBI:16660	KEGG:C03742	KEGG:C03742	GC	KEGG:C03742@Charged	KEGG:C03742@Charged	
cpd02347	MetaCyc:1235-TETRAHYDROXYBENZENE;KEGG:C03743;ChEBI:16746	MetaCyc:1235-TETRAHYDROXYBENZENE;KEGG:C03743;ChEBI:16746	MetaCyc:1235-TETRAHYDROXYBENZENE;KEGG:C03743;ChEBI:16746	MetaCyc:1235-TETRAHYDROXYBENZENE;KEGG:C03743;ChEBI:16746	KEGG:C03743	KEGG:C03743	EQ	eQuilibrator:MNXM7953	MetaCyc:1235-TETRAHYDROXYBENZENE@Charged	eQuilibrator:MNXM7953
cpd02348	MetaCyc:CPD-272;KEGG:C03747	MetaCyc:CPD-272;KEGG:C03747	MetaCyc:CPD-272;KEGG:C03747	MetaCyc:CPD-272;KEGG:C03747	KEGG:C03747	KEGG:C03747	GC	MetaCyc:CPD-272@Charged	MetaCyc:CPD-272@Charged	
cpd02349	MetaCyc:16-ALPHA-HYDROXYPROGESTERONE;ChEBI:15826	MetaCyc:16-ALPHA-HYDROXYPROGESTERONE;ChEBI:15826	MetaCyc:16-ALPHA-HYDROXYPROGESTERONE;ChEBI:15826	MetaCyc:16-ALPHA-HYDROXYPROGESTERONE;ChEBI:15826	KEGG:C03748	KEGG:C03748	GC	MetaCyc:16-ALPHA-HYDROXYPROGESTERONE@Charged	MetaCyc:16-ALPHA-HYDROXYPROGESTERONE@Charged	eQuilibrator:MNXM3433
cpd02350	MetaCyc:26-DIOXO-6-PHENYLHEXANOATE;KEGG:C03750@Charged;ChEBI:57479	MetaCyc:26-DIOXO-6-PHENYLHEXANOATE;KEGG:C03750@Charged;ChEBI:57479	MetaCyc:26-DIOXO-6-PHENYLHEXANOATE;KEGG:C03750@Charged;ChEBI:57479	MetaCyc:26-DIOXO-6-PHENYLHEXANOATE;KEGG:C03750@Charged;ChEBI:57479	KEGG:C03750	KEGG:C03750	EQ	eQuilibrator:MNXM4272	KEGG:C03750@Charged	eQuilibrator:MNXM4272
cpd02351	MetaCyc:GLUCOSAMINATE;KEGG:C03752;ChEBI:58269	MetaCyc:GLUCOSAMINATE;KEGG:C03752;ChEBI:58269	MetaCyc:GLUCOSAMINATE;KEGG:C03752;ChEBI:58269	MetaCyc:GLUCOSAMINATE;KEGG:C03752@Charged;ChEBI:58269	KEGG:C03752	KEGG:C03752	EQ	eQuilibrator:MNXM2469	KEGG:C03752@Charged	eQuilibrator:MNXM2469
cpd02352	MetaCyc:CPD-19396;KEGG:C03753	MetaCyc:CPD-19396;KEGG:C03753	MetaCyc:CPD-19396;KEGG:C03753	MetaCyc:CPD-19396;KEGG:C03753		KEGG:C03753	GC	MetaCyc:CPD-19396@Charged	MetaCyc:CPD-19396@Charged	eQuilibrator:MNXM34935
cpd02353	MetaCyc:ISOBUTANOATE-P;KEGG:C03754@Charged;ChEBI:58131	MetaCyc:ISOBUTANOATE-P;KEGG:C03754@Charged;ChEBI:58131	MetaCyc:ISOBUTANOATE-P;KEGG:C03754@Charged;ChEBI:58131	MetaCyc:ISOBUTANOATE-P;KEGG:C03754@Charged;ChEBI:58131	KEGG:C03754	KEGG:C03754	EQ	eQuilibrator:MNXM4296	KEGG:C03754@Charged	eQuilibrator:MNXM4296
cpd02354	KEGG:C03755@Charged	KEGG:C03755@Charged	KEGG:C03755@Charged	KEGG:C03755@Charged	KEGG:C03755	KEGG:C03755	EQ	eQuilibrator:MNXM507706	KEGG:C03755@Charged	eQuilibrator:MNXM507706
cpd02355										
cpd02356	KEGG:C03757	KEGG:C03757	KEGG:C03757	KEGG:C03757	KEGG:C03757	KEGG:C03757	GC	KEGG:C03757@Charged	KEGG:C03757@Charged	
cpd02357	MetaCyc:DOPAMINE;KEGG:C03758@Charged;ChEBI:59905	MetaCyc:DOPAMINE;KEGG:C03758@Charged;ChEBI:59905	MetaCyc:DOPAMINE;KEGG:C03758@Charged;ChEBI:59905	MetaCyc:DOPAMINE;KEGG:C03758@Charged;ChEBI:59905	KEGG:C03758	KEGG:C03758	EQ	eQuilibrator:MNXM205	KEGG:C03758@Charged	eQuilibrator:MNXM205
cpd02358	MetaCyc:CPD-547;KEGG:C03761@Charged;ChEBI:17325	MetaCyc:CPD-547;KEGG:C03761@Charged;ChEBI:17325	MetaCyc:CPD-547;KEGG:C03761@Charged;ChEBI:17325	MetaCyc:CPD-547;KEGG:C03761@Charged;ChEBI:17325	KEGG:C03761	KEGG:C03761	EQ	eQuilibrator:MNXM1710	KEGG:C03761@Charged	eQuilibrator:MNXM1710
cpd02359	KEGG:C03762@Charged	KEGG:C03762@Charged	KEGG:C03762@Charged	KEGG:C03762@Charged	KEGG:C03762	KEGG:C03762	EQ	eQuilibrator:MNXM36562	KEGG:C03762@Charged	eQuilibrator:MNXM36562
cpd02360	MetaCyc:4-DIMETHYLAMINOPHENYLAZOBENZENE;KEGG:C03764	MetaCyc:4-DIMETHYLAMINOPHENYLAZOBENZENE;KEGG:C03764	MetaCyc:4-DIMETHYLAMINOPHENYLAZOBENZENE;KEGG:C03764	MetaCyc:4-DIMETHYLAMINOPHENYLAZOBENZENE;KEGG:C03764		KEGG:C03764	GC	KEGG:C03764@Charged	KEGG:C03764@Charged	eQuilibrator:MNXM163198
cpd02361	MetaCyc:HYDRPHENYLAC-CPD;KEGG:C03765;ChEBI:15621	MetaCyc:HYDRPHENYLAC-CPD;KEGG:C03765;ChEBI:15621	MetaCyc:HYDRPHENYLAC-CPD;KEGG:C03765;ChEBI:15621	MetaCyc:HYDRPHENYLAC-CPD;KEGG:C03765;ChEBI:15621	KEGG:C03765	KEGG:C03765	EQ	eQuilibrator:MNXM479	KEGG:C03765@Charged	eQuilibrator:MNXM479
cpd02362	MetaCyc:CPD-1074;KEGG:C03766;ChEBI:16667	MetaCyc:CPD-1074;KEGG:C03766;ChEBI:16667	MetaCyc:CPD-1074;KEGG:C03766;ChEBI:16667	MetaCyc:CPD-1074;KEGG:C03766;ChEBI:16667	KEGG:C03766	KEGG:C03766	GC	KEGG:C03766@Charged	KEGG:C03766@Charged	
cpd02363	MetaCyc:4-OXOCYCLOHEXANECARBOXYLATE;KEGG:C03767@Charged;ChEBI:15777	MetaCyc:4-OXOCYCLOHEXANECARBOXYLATE;KEGG:C03767@Charged;ChEBI:15777	MetaCyc:4-OXOCYCLOHEXANECARBOXYLATE;KEGG:C03767@Charged;ChEBI:15777	MetaCyc:4-OXOCYCLOHEXANECARBOXYLATE;KEGG:C03767@Charged;ChEBI:15777	KEGG:C03767	KEGG:C03767	EQ	eQuilibrator:MNXM3868	KEGG:C03767@Charged	eQuilibrator:MNXM3868
cpd02364	MetaCyc:CPD-824;KEGG:C03771;ChEBI:58489	MetaCyc:CPD-824;KEGG:C03771;ChEBI:58489	MetaCyc:CPD-824;KEGG:C03771;ChEBI:58489	MetaCyc:CPD-824;KEGG:C03771@Charged;ChEBI:58489	KEGG:C03771	KEGG:C03771	EQ	eQuilibrator:MNXM1037	KEGG:C03771@Charged	eQuilibrator:MNXM1037
cpd02365	MetaCyc:5-BETA-ANDROSTANE-317-DIONE;KEGG:C03772;ChEBI:16985	MetaCyc:5-BETA-ANDROSTANE-317-DIONE;KEGG:C03772;ChEBI:16985	MetaCyc:5-BETA-ANDROSTANE-317-DIONE;KEGG:C03772;ChEBI:16985	MetaCyc:5-BETA-ANDROSTANE-317-DIONE;KEGG:C03772;ChEBI:16985		KEGG:C03772	GC	MetaCyc:5-BETA-ANDROSTANE-317-DIONE@Charged	MetaCyc:5-BETA-ANDROSTANE-317-DIONE@Charged	eQuilibrator:MNXM1217
cpd02366										
cpd02367	KEGG:C03776	KEGG:C03776	KEGG:C03776	KEGG:C03776	KEGG:C03776	KEGG:C03776	EQ	eQuilibrator:MNXM63500	KEGG:C03776@Charged	eQuilibrator:MNXM63500
cpd02368	MetaCyc:BIS-P-NITROPHENOLPHOSPHATE;KEGG:C03779@Charged	MetaCyc:BIS-P-NITROPHENOLPHOSPHATE;KEGG:C03779@Charged	MetaCyc:BIS-P-NITROPHENOLPHOSPHATE;KEGG:C03779@Charged	MetaCyc:BIS-P-NITROPHENOLPHOSPHATE;KEGG:C03779@Charged	KEGG:C03779		GC	KEGG:C03779@Charged	KEGG:C03779@Charged	
cpd02369	MetaCyc:CPD-19241;KEGG:C03782@Charged	MetaCyc:CPD-19241;KEGG:C03782@Charged	MetaCyc:CPD-19241;KEGG:C03782@Charged	MetaCyc:CPD-19241;KEGG:C03782@Charged	KEGG:C03782	KEGG:C03782	GC	KEGG:C03782@Charged	KEGG:C03782@Charged	eQuilibrator:MNXM723156
cpd02370	MetaCyc:CPD0-1646;ChEBI:142399	MetaCyc:CPD0-1646;ChEBI:142399	MetaCyc:CPD0-1646;ChEBI:142399	MetaCyc:CPD0-1646;ChEBI:142399	KEGG:C03783	KEGG:C03783	EQ		MetaCyc:CPD0-1646@Charged	
cpd02371	MetaCyc:TAGATOSE-1-6-DIPHOSPHATE;KEGG:C03785@Charged;ChEBI:58694	MetaCyc:TAGATOSE-1-6-DIPHOSPHATE;KEGG:C03785@Charged;ChEBI:58694	MetaCyc:TAGATOSE-1-6-DIPHOSPHATE;KEGG:C03785@Charged;ChEBI:58694	MetaCyc:TAGATOSE-1-6-DIPHOSPHATE;KEGG:C03785@Charged;ChEBI:58694	KEGG:C03785	KEGG:C03785	EQ	eQuilibrator:MNXM1324	KEGG:C03785@Charged	eQuilibrator:MNXM1324
cpd02372	KEGG:C03789@Charged	KEGG:C03789@Charged	KEGG:C03789@Charged	KEGG:C03789@Charged	KEGG:C03789	KEGG:C03789	GC	KEGG:C03789@Charged	KEGG:C03789@Charged	eQuilibrator:MNXM162690
cpd02373	MetaCyc:CPD-312;KEGG:C03790@Charged;ChEBI:57773	MetaCyc:CPD-312;KEGG:C03790@Charged;ChEBI:57773	MetaCyc:CPD-312;KEGG:C03790@Charged;ChEBI:57773	MetaCyc:CPD-312;KEGG:C03790@Charged;ChEBI:57773	KEGG:C03790	KEGG:C03790	EQ	eQuilibrator:MNXM4696	KEGG:C03790@Charged	eQuilibrator:MNXM4696
cpd02374	MetaCyc:N6N6N6-TRIMETHYL-L-LYSINE;KEGG:C03793@Charged;ChEBI:58100	MetaCyc:N6N6N6-TRIMETHYL-L-LYSINE;KEGG:C03793@Charged;ChEBI:58100	MetaCyc:N6N6N6-TRIMETHYL-L-LYSINE;KEGG:C03793@Charged;ChEBI:58100	MetaCyc:N6N6N6-TRIMETHYL-L-LYSINE;KEGG:C03793@Charged;ChEBI:58100	KEGG:C03793	KEGG:C03793	GC	MetaCyc:N6N6N6-TRIMETHYL-L-LYSINE@Charged	MetaCyc:N6N6N6-TRIMETHYL-L-LYSINE@Charged	eQuilibrator:MNXM1486
cpd02375	MetaCyc:ADENYLOSUCC;KEGG:C03794@Charged	MetaCyc:ADENYLOSUCC;KEGG:C03794@Charged	MetaCyc:ADENYLOSUCC;KEGG:C03794@Charged	MetaCyc:ADENYLOSUCC;KEGG:C03794@Charged	KEGG:C03794	KEGG:C03794	EQ		KEGG:C03794@Charged	
cpd02376	KEGG:C03795	KEGG:C03795	KEGG:C03795	KEGG:C03795	KEGG:C03795	KEGG:C03795	EQ	eQuilibrator:MNXM64079	KEGG:C03795@Charged	eQuilibrator:MNXM64079
cpd02377	MetaCyc:OLEANDOMYCIN-2-O-PHOSPHATE;KEGG:C03796@Charged;ChEBI:57607	MetaCyc:OLEANDOMYCIN-2-O-PHOSPHATE;KEGG:C03796@Charged;ChEBI:57607	MetaCyc:OLEANDOMYCIN-2-O-PHOSPHATE;KEGG:C03796@Charged;ChEBI:57607	MetaCyc:OLEANDOMYCIN-2-O-PHOSPHATE;KEGG:C03796@Charged;ChEBI:57607	KEGG:C03796	KEGG:C03796	GC	MetaCyc:OLEANDOMYCIN-2-O-PHOSPHATE@Charged	MetaCyc:OLEANDOMYCIN-2-O-PHOSPHATE@Charged	eQuilibrator:MNXM4756
cpd02378	MetaCyc:CPD-20240;MetaCyc:OXIDIZED-PHOTINUS-LUCIFERIN;KEGG:C03797;ChEBI:16792	MetaCyc:CPD-20240;MetaCyc:OXIDIZED-PHOTINUS-LUCIFERIN;KEGG:C03797;ChEBI:16792	MetaCyc:CPD-20240;MetaCyc:OXIDIZED-PHOTINUS-LUCIFERIN;KEGG:C03797;ChEBI:16792	MetaCyc:CPD-20240;MetaCyc:OXIDIZED-PHOTINUS-LUCIFERIN;KEGG:C03797;ChEBI:16792	KEGG:C03797	KEGG:C03797	GC	MetaCyc:OXIDIZED-PHOTINUS-LUCIFERIN@Original	MetaCyc:OXIDIZED-PHOTINUS-LUCIFERIN@Original	eQuilibrator:MNXM4073
cpd02379	KEGG:C03802@Charged	KEGG:C03802@Charged		KEGG:C03802@Charged	KEGG:C03802	KEGG:C03802	GC	KEGG:C03802@Charged	KEGG:C03802@Charged	
cpd02380	MetaCyc:S-METHYL-1-THIO-D-GLYCERATE;KEGG:C03804;ChEBI:17163	MetaCyc:S-METHYL-1-THIO-D-GLYCERATE;KEGG:C03804;ChEBI:17163	MetaCyc:S-METHYL-1-THIO-D-GLYCERATE;KEGG:C03804;ChEBI:17163	MetaCyc:S-METHYL-1-THIO-D-GLYCERATE;KEGG:C03804;ChEBI:17163	KEGG:C03804	KEGG:C03804	EQ	eQuilibrator:MNXM4819	MetaCyc:S-METHYL-1-THIO-D-GLYCERATE@Charged	eQuilibrator:MNXM4819
cpd02381	KEGG:C03805@Charged;ChEBI:83203	KEGG:C03805@Charged;ChEBI:83203	KEGG:C03805@Charged;ChEBI:83203	KEGG:C03805@Charged;ChEBI:83203	KEGG:C03805	KEGG:C03805	EQ	eQuilibrator:MNXM33006	KEGG:C03805@Charged	eQuilibrator:MNXM33006
cpd02382	KEGG:C03811@Charged	KEGG:C03811@Charged	KEGG:C03811@Charged	KEGG:C03811@Charged	KEGG:C03811	KEGG:C03811	EQ	eQuilibrator:MNXM41169	KEGG:C03811@Charged	eQuilibrator:MNXM41169
cpd02383	KEGG:C03817@Charged;ChEBI:57752	KEGG:C03817@Charged;ChEBI:57752	KEGG:C03817@Charged;ChEBI:57752	KEGG:C03817@Charged;ChEBI:57752@Charged	KEGG:C03817	KEGG:C03817	EQ	eQuilibrator:MNXM1874	KEGG:C03817@Charged	eQuilibrator:MNXM1874
cpd02384	KEGG:C03822@Charged	KEGG:C03822@Charged	KEGG:C03822@Charged	KEGG:C03822@Charged	KEGG:C03822	KEGG:C03822	GC	KEGG:C03822@Charged	KEGG:C03822@Charged	eQuilibrator:MNXM94151
cpd02385	KEGG:C03824;ChEBI:77634	KEGG:C03824;ChEBI:77634	KEGG:C03824;ChEBI:77634	KEGG:C03824@Charged;ChEBI:77634	KEGG:C03824	KEGG:C03824	EQ	eQuilibrator:MNXM788	KEGG:C03824@Charged	eQuilibrator:MNXM788
cpd02386	MetaCyc:2-DH-3-DO-D-ARABINONATE;KEGG:C03826@Charged;ChEBI:16699	MetaCyc:2-DH-3-DO-D-ARABINONATE;KEGG:C03826@Charged;ChEBI:16699	MetaCyc:2-DH-3-DO-D-ARABINONATE;KEGG:C03826@Charged;ChEBI:16699	MetaCyc:2-DH-3-DO-D-ARABINONATE;KEGG:C03826@Charged;ChEBI:16699	KEGG:C00684	KEGG:C00684	EQ	eQuilibrator:MNXM1261	KEGG:C03826@Charged	eQuilibrator:MNXM1261
cpd02387	MetaCyc:DEHYDFUC-CPD;KEGG:C03827@Charged;ChEBI:37448	MetaCyc:DEHYDFUC-CPD;KEGG:C03827@Charged;ChEBI:37448	MetaCyc:DEHYDFUC-CPD;KEGG:C03827@Charged;ChEBI:37448	MetaCyc:DEHYDFUC-CPD;KEGG:C03827@Charged;ChEBI:37448	KEGG:C03827	KEGG:C03827	EQ	eQuilibrator:MNXM4285	KEGG:C03827@Charged	eQuilibrator:MNXM4285
cpd02388	KEGG:C03828	KEGG:C03828	KEGG:C03828	KEGG:C03828@Charged	KEGG:C03828	KEGG:C03828	EQ	eQuilibrator:MNXM35038	KEGG:C03828@Charged	eQuilibrator:MNXM35038
cpd02389	KEGG:C03829	KEGG:C03829	KEGG:C03829	KEGG:C03829@Charged	KEGG:C03829	KEGG:C03829	GC	KEGG:C03829@Charged	KEGG:C03829@Charged	
cpd02390	KEGG:C03830	KEGG:C03830	KEGG:C03830	KEGG:C03830	KEGG:C03830	KEGG:C03830	GC	KEGG:C03830@Charged	KEGG:C03830@Charged	eQuilibrator:MNXM36029
cpd02391	MetaCyc:CPD-176;KEGG:C03832@Charged;ChEBI:58403	MetaCyc:CPD-176;KEGG:C03832@Charged;ChEBI:58403	MetaCyc:CPD-176;KEGG:C03832@Charged;ChEBI:58403	MetaCyc:CPD-176;KEGG:C03832@Charged;ChEBI:58403	KEGG:C03832	KEGG:C03832	EQ	eQuilibrator:MNXM4318	MetaCyc:CPD-176@Charged	eQuilibrator:MNXM4318
cpd02392	KEGG:C03836	KEGG:C03836	KEGG:C03836	KEGG:C03836	KEGG:C03836	KEGG:C03836	GC	KEGG:C03836@Charged	KEGG:C03836@Charged	
cpd02393	MetaCyc:CPD-181;KEGG:C03837;ChEBI:17763	MetaCyc:CPD-181;KEGG:C03837;ChEBI:17763	MetaCyc:CPD-181;KEGG:C03837;ChEBI:17763	MetaCyc:CPD-181;KEGG:C03837;ChEBI:17763		KEGG:C03837	GC	MetaCyc:CPD-181@Charged	MetaCyc:CPD-181@Charged	eQuilibrator:MNXM4371
cpd02394	MetaCyc:5-PHOSPHO-RIBOSYL-GLYCINEAMIDE;KEGG:C03838@Charged;ChEBI:143788	MetaCyc:5-PHOSPHO-RIBOSYL-GLYCINEAMIDE;KEGG:C03838@Charged;ChEBI:143788	MetaCyc:5-PHOSPHO-RIBOSYL-GLYCINEAMIDE;KEGG:C03838@Charged;ChEBI:143788	MetaCyc:5-PHOSPHO-RIBOSYL-GLYCINEAMIDE;KEGG:C03838@Charged;ChEBI:143788	KEGG:C03838	KEGG:C03838	GC	KEGG:C03838@Charged	KEGG:C03838@Charged	
cpd02395	MetaCyc:HYDROXYNAPHTHOQUINONE;KEGG:C03840;ChEBI:15794	MetaCyc:HYDROXYNAPHTHOQUINONE;KEGG:C03840;ChEBI:15794	MetaCyc:HYDROXYNAPHTHOQUINONE;KEGG:C03840;ChEBI:15794	MetaCyc:HYDROXYNAPHTHOQUINONE;KEGG:C03840;ChEBI:15794	KEGG:C03840	KEGG:C03840	EQ	eQuilibrator:MNXM3626	KEGG:C03840@Charged	eQuilibrator:MNXM3626
cpd02396	KEGG:C03843	KEGG:C03843	KEGG:C03843	KEGG:C03843	KEGG:C03843	KEGG:C03843	GC	KEGG:C03843@Charged	KEGG:C03843@Charged	eQuilibrator:MNXM38113
cpd02397	MetaCyc:CPD-8046;KEGG:C03844;ChEBI:28548	MetaCyc:CPD-8046;KEGG:C03844;ChEBI:28548	MetaCyc:CPD-8046;KEGG:C03844;ChEBI:28548	MetaCyc:CPD-8046;KEGG:C03844;ChEBI:28548	KEGG:C03844	KEGG:C03844	EQ	eQuilibrator:MNXM3009	KEGG:C03844@Charged	eQuilibrator:MNXM3009
cpd02398	MetaCyc:CPD-8621;KEGG:C03845;ChEBI:16608	MetaCyc:CPD-8621;KEGG:C03845;ChEBI:16608	MetaCyc:CPD-8621;KEGG:C03845;ChEBI:16608	MetaCyc:CPD-8621;KEGG:C03845;ChEBI:16608	KEGG:C03845	KEGG:C03845	GC	MetaCyc:CPD-8621@Charged	MetaCyc:CPD-8621@Charged	eQuilibrator:MNXM2494
cpd02399	MetaCyc:3-AMINO-6-ACETAMIDOHEXANOATE;KEGG:C03846;ChEBI:58498	MetaCyc:3-AMINO-6-ACETAMIDOHEXANOATE;KEGG:C03846;ChEBI:58498	MetaCyc:3-AMINO-6-ACETAMIDOHEXANOATE;KEGG:C03846;ChEBI:58498	MetaCyc:3-AMINO-6-ACETAMIDOHEXANOATE;KEGG:C03846@Charged;ChEBI:58498	KEGG:C03846	KEGG:C03846	EQ	eQuilibrator:MNXM4411	KEGG:C03846@Charged	eQuilibrator:MNXM4411
cpd02400	MetaCyc:CPD-454;KEGG:C03848;ChEBI:17332	MetaCyc:CPD-454;KEGG:C03848;ChEBI:17332	MetaCyc:CPD-454;KEGG:C03848;ChEBI:17332	MetaCyc:CPD-454;KEGG:C03848;ChEBI:17332	KEGG:C03848	KEGG:C03848	EQ	eQuilibrator:MNXM4086	MetaCyc:CPD-454@Charged	eQuilibrator:MNXM4086
cpd02401	MetaCyc:CPD0-1187;KEGG:C03850@Charged	MetaCyc:CPD0-1187;KEGG:C03850@Charged	MetaCyc:CPD0-1187;KEGG:C03850@Charged	MetaCyc:CPD0-1187;KEGG:C03850@Charged	KEGG:C03850	KEGG:C03850	GC	KEGG:C03850@Charged	KEGG:C03850@Charged	
cpd02402	MetaCyc:CPD-487;KEGG:C03851@Charged;ChEBI:57890	MetaCyc:CPD-487;KEGG:C03851@Charged;ChEBI:57890	MetaCyc:CPD-487;KEGG:C03851@Charged;ChEBI:57890	MetaCyc:CPD-487;KEGG:C03851@Charged;ChEBI:57890	KEGG:C03851	KEGG:C03851	GC	KEGG:C03851@Charged	KEGG:C03851@Charged	
cpd02403	MetaCyc:ANDROSTAN-3-ALPHA17-BETA-DIOL;ChEBI:18011	MetaCyc:ANDROSTAN-3-ALPHA17-BETA-DIOL;ChEBI:18011	MetaCyc:ANDROSTAN-3-ALPHA17-BETA-DIOL;ChEBI:18011	MetaCyc:ANDROSTAN-3-ALPHA17-BETA-DIOL;ChEBI:18011	KEGG:C03852	KEGG:C03852	GC	MetaCyc:ANDROSTAN-3-ALPHA17-BETA-DIOL@Charged	MetaCyc:ANDROSTAN-3-ALPHA17-BETA-DIOL@Charged	eQuilibrator:MNXM722768
cpd02404	MetaCyc:BISGLYCEROPHOSPHOGLYCEROL;KEGG:C03853@Charged	MetaCyc:BISGLYCEROPHOSPHOGLYCEROL;KEGG:C03853@Charged	MetaCyc:BISGLYCEROPHOSPHOGLYCEROL;KEGG:C03853@Charged	MetaCyc:BISGLYCEROPHOSPHOGLYCEROL;KEGG:C03853@Charged	KEGG:C03853	KEGG:C03853	GC	MetaCyc:BISGLYCEROPHOSPHOGLYCEROL@Charged	MetaCyc:BISGLYCEROPHOSPHOGLYCEROL@Charged	eQuilibrator:MNXM44379
cpd02405	MetaCyc:CPD-556;KEGG:C03855;ChEBI:17495	MetaCyc:CPD-556;KEGG:C03855;ChEBI:17495	MetaCyc:CPD-556;KEGG:C03855;ChEBI:17495	MetaCyc:CPD-556;KEGG:C03855;ChEBI:17495	KEGG:C03855	KEGG:C03855	GC	MetaCyc:CPD-556@Charged	MetaCyc:CPD-556@Charged	eQuilibrator:MNXM3945
cpd02406	KEGG:C03857	KEGG:C03857	KEGG:C03857	KEGG:C03857	KEGG:C03857	KEGG:C03857	EQ	eQuilibrator:MNXM48439	KEGG:C03857@Charged	eQuilibrator:MNXM48439
cpd02407	KEGG:C03858@Charged	KEGG:C03858@Charged	KEGG:C03858@Charged	KEGG:C03858@Charged	KEGG:C03858	KEGG:C03858	EQ	eQuilibrator:MNXM48501	KEGG:C03858@Charged	eQuilibrator:MNXM48501
cpd02408	KEGG:C03860@Charged;ChEBI:57697	KEGG:C03860@Charged;ChEBI:57697	KEGG:C03860@Charged;ChEBI:57697	KEGG:C03860@Charged;ChEBI:57697	KEGG:C03860	KEGG:C03860	GC	KEGG:C03860@Charged	KEGG:C03860@Charged	eQuilibrator:MNXM4563
cpd02409	MetaCyc:CPD-324;KEGG:C03861;ChEBI:17036	MetaCyc:CPD-324;KEGG:C03861;ChEBI:17036	MetaCyc:CPD-324;KEGG:C03861;ChEBI:17036	MetaCyc:CPD-324;KEGG:C03861;ChEBI:17036		KEGG:C03861	GC	MetaCyc:CPD-324@Charged	MetaCyc:CPD-324@Charged	eQuilibrator:MNXM4568
cpd02410	MetaCyc:ETHYL-R-3-HYDROXYHEXANOATE;KEGG:C03864;ChEBI:16641	MetaCyc:ETHYL-R-3-HYDROXYHEXANOATE;KEGG:C03864;ChEBI:16641	MetaCyc:ETHYL-R-3-HYDROXYHEXANOATE;KEGG:C03864;ChEBI:16641	MetaCyc:ETHYL-R-3-HYDROXYHEXANOATE;KEGG:C03864;ChEBI:16641	KEGG:C03864	KEGG:C03864	EQ	eQuilibrator:MNXM4583	MetaCyc:ETHYL-R-3-HYDROXYHEXANOATE@Charged	eQuilibrator:MNXM4583
cpd02411	MetaCyc:ETHYL-S-3-HYDROXYHEXANOATE;KEGG:C03865;ChEBI:16036	MetaCyc:ETHYL-S-3-HYDROXYHEXANOATE;KEGG:C03865;ChEBI:16036	MetaCyc:ETHYL-S-3-HYDROXYHEXANOATE;KEGG:C03865;ChEBI:16036	MetaCyc:ETHYL-S-3-HYDROXYHEXANOATE;KEGG:C03865;ChEBI:16036	KEGG:C03865	KEGG:C03865	EQ	eQuilibrator:MNXM4584	KEGG:C03865@Charged	eQuilibrator:MNXM4584
cpd02412	MetaCyc:CPD-165;ChEBI:15711	MetaCyc:CPD-165;ChEBI:15711	MetaCyc:CPD-165;ChEBI:15711	MetaCyc:CPD-165;ChEBI:15711	KEGG:C03868	KEGG:C03868	EQ	eQuilibrator:MNXM1379	MetaCyc:CPD-165@Charged	eQuilibrator:MNXM1379
cpd02413					KEGG:C03870	KEGG:C03870	GC			
cpd02414	MetaCyc:L-ALPHA-AMINO-EPSILON-KETO-PIMELATE;KEGG:C03871@Charged;ChEBI:58556	MetaCyc:L-ALPHA-AMINO-EPSILON-KETO-PIMELATE;KEGG:C03871@Charged;ChEBI:58556	MetaCyc:L-ALPHA-AMINO-EPSILON-KETO-PIMELATE;KEGG:C03871@Charged;ChEBI:58556	MetaCyc:L-ALPHA-AMINO-EPSILON-KETO-PIMELATE;KEGG:C03871@Charged;ChEBI:58556	KEGG:C03871	KEGG:C03871	EQ	eQuilibrator:MNXM1873	MetaCyc:L-ALPHA-AMINO-EPSILON-KETO-PIMELATE@Charged	eQuilibrator:MNXM1873
cpd02415	MetaCyc:CPD-480;KEGG:C03872;ChEBI:57804	MetaCyc:CPD-480;KEGG:C03872;ChEBI:57804	MetaCyc:CPD-480;KEGG:C03872;ChEBI:57804	MetaCyc:CPD-480;KEGG:C03872@Charged;ChEBI:57804	KEGG:C03872	KEGG:C03872	GC	MetaCyc:CPD-480@Charged	MetaCyc:CPD-480@Charged	eQuilibrator:MNXM114273
cpd02416	MetaCyc:N-ACETYL-BETA-D-GLUCOSAMINE;MetaCyc:N-ACETYL-D-GLUCOSAMINE;KEGG:C03878	MetaCyc:N-ACETYL-BETA-D-GLUCOSAMINE;MetaCyc:N-ACETYL-D-GLUCOSAMINE;KEGG:C03878	MetaCyc:N-ACETYL-BETA-D-GLUCOSAMINE;MetaCyc:N-ACETYL-D-GLUCOSAMINE;KEGG:C03878	MetaCyc:N-ACETYL-BETA-D-GLUCOSAMINE;MetaCyc:N-ACETYL-D-GLUCOSAMINE;KEGG:C03878	KEGG:C03878	KEGG:C03878	EQ	eQuilibrator:MNXM2138	KEGG:C03878@Charged	eQuilibrator:MNXM2138
cpd02417	MetaCyc:N-EE-PIPEROYL-PIPERIDINE;KEGG:C03882;ChEBI:28821	MetaCyc:N-EE-PIPEROYL-PIPERIDINE;KEGG:C03882;ChEBI:28821	MetaCyc:N-EE-PIPEROYL-PIPERIDINE;KEGG:C03882;ChEBI:28821	MetaCyc:N-EE-PIPEROYL-PIPERIDINE;KEGG:C03882;ChEBI:28821	KEGG:C03882	KEGG:C03882	EQ	eQuilibrator:MNXM4784	MetaCyc:N-EE-PIPEROYL-PIPERIDINE@Charged	eQuilibrator:MNXM4784
cpd02418	MetaCyc:N-METHYLARGININE;KEGG:C03884@Charged;ChEBI:114953	MetaCyc:N-METHYLARGININE;KEGG:C03884@Charged;ChEBI:114953	MetaCyc:N-METHYLARGININE;KEGG:C03884@Charged;ChEBI:114953	MetaCyc:N-METHYLARGININE;KEGG:C03884@Charged;ChEBI:114953	KEGG:C03884	KEGG:C03884	EQ	eQuilibrator:MNXM6339	KEGG:C03884@Charged	eQuilibrator:MNXM6339
cpd02419	MetaCyc:NONAPRENYL-4-HYDROXYBENZOATE;KEGG:C03885@Charged;ChEBI:84502	MetaCyc:NONAPRENYL-4-HYDROXYBENZOATE;KEGG:C03885@Charged;ChEBI:84502	MetaCyc:NONAPRENYL-4-HYDROXYBENZOATE;KEGG:C03885@Charged;ChEBI:84502	MetaCyc:NONAPRENYL-4-HYDROXYBENZOATE;KEGG:C03885@Charged;ChEBI:84502	KEGG:C03885	KEGG:C03885	EQ	eQuilibrator:MNXM2847	KEGG:C03885@Charged	eQuilibrator:MNXM2847
cpd02420	MetaCyc:OXIDIZED-CYPRIDINA-LUCIFERIN;KEGG:C03887@Charged;ChEBI:58059	MetaCyc:OXIDIZED-CYPRIDINA-LUCIFERIN;KEGG:C03887@Charged;ChEBI:58059	MetaCyc:OXIDIZED-CYPRIDINA-LUCIFERIN;KEGG:C03887@Charged;ChEBI:58059	MetaCyc:OXIDIZED-CYPRIDINA-LUCIFERIN;KEGG:C03887@Charged;ChEBI:58059	KEGG:C03887	KEGG:C03887	EQ	eQuilibrator:MNXM4071	KEGG:C03887@Charged	eQuilibrator:MNXM4071
cpd02421	MetaCyc:CPD-20265@Charged;MetaCyc:OXIDIZED-WATASEMIA-LUCIFERIN;KEGG:C03888@Charged;ChEBI:57935	MetaCyc:CPD-20265@Charged;MetaCyc:OXIDIZED-WATASEMIA-LUCIFERIN;KEGG:C03888@Charged;ChEBI:57935	MetaCyc:CPD-20265@Charged;MetaCyc:OXIDIZED-WATASEMIA-LUCIFERIN;KEGG:C03888@Charged;ChEBI:57935	MetaCyc:CPD-20265@Charged;MetaCyc:OXIDIZED-WATASEMIA-LUCIFERIN;KEGG:C03888@Charged;ChEBI:57935	KEGG:C03888	KEGG:C03888	GC	MetaCyc:CPD-20265@Charged	MetaCyc:CPD-20265@Charged	eQuilibrator:MNXM3682
cpd02422	KEGG:C03889	KEGG:C03889		KEGG:C03889	KEGG:C03889	KEGG:C03889	GC	KEGG:C03889@Charged	KEGG:C03889@Charged	
cpd02423	MetaCyc:12-PROPANEDIOL-1-PHOSPHATE;KEGG:C03894@Charged;ChEBI:58352	MetaCyc:12-PROPANEDIOL-1-PHOSPHATE;KEGG:C03894@Charged;ChEBI:58352	MetaCyc:12-PROPANEDIOL-1-PHOSPHATE;KEGG:C03894@Charged;ChEBI:58352	MetaCyc:12-PROPANEDIOL-1-PHOSPHATE;KEGG:C03894@Charged;ChEBI:58352	KEGG:C03894	KEGG:C03894	EQ	eQuilibrator:MNXM3815	KEGG:C03894@Charged	eQuilibrator:MNXM3815
cpd02424	MetaCyc:QUERCETIN-337-TRISSULFATE@Charged;KEGG:C03897@Charged;ChEBI:77984	MetaCyc:QUERCETIN-337-TRISSULFATE@Charged;KEGG:C03897@Charged;ChEBI:77984	MetaCyc:QUERCETIN-337-TRISSULFATE@Charged;KEGG:C03897@Charged;ChEBI:77984	MetaCyc:QUERCETIN-337-TRISSULFATE@Charged;KEGG:C03897@Charged;ChEBI:77984	KEGG:C03897	KEGG:C03897	GC	KEGG:C03897@Charged	KEGG:C03897@Charged	eQuilibrator:MNXM4093
cpd02425	MetaCyc:CPD-10893@Charged;KEGG:C03898@Charged	MetaCyc:CPD-10893@Charged;KEGG:C03898@Charged	MetaCyc:CPD-10893@Charged;KEGG:C03898@Charged	MetaCyc:CPD-10893@Charged;KEGG:C03898@Charged	KEGG:C03898	KEGG:C03898	GC	MetaCyc:CPD-10893@Charged	MetaCyc:CPD-10893@Charged	eQuilibrator:MNXM723001
cpd02426	MetaCyc:S-4-BROMOPHENYL-L-CYSTEINE;KEGG:C03900;ChEBI:58257	MetaCyc:S-4-BROMOPHENYL-L-CYSTEINE;KEGG:C03900;ChEBI:58257	MetaCyc:S-4-BROMOPHENYL-L-CYSTEINE;KEGG:C03900;ChEBI:58257	MetaCyc:S-4-BROMOPHENYL-L-CYSTEINE;KEGG:C03900@Charged;ChEBI:58257	KEGG:C03900	KEGG:C03900	EQ	eQuilibrator:MNXM4812	KEGG:C03900@Charged	eQuilibrator:MNXM4812
cpd02427	MetaCyc:THIOMORPHOLINE-3-CARBOXYLATE;KEGG:C03901	MetaCyc:THIOMORPHOLINE-3-CARBOXYLATE;KEGG:C03901	MetaCyc:THIOMORPHOLINE-3-CARBOXYLATE;KEGG:C03901	MetaCyc:THIOMORPHOLINE-3-CARBOXYLATE;KEGG:C03901@Charged	KEGG:C03901	KEGG:C03901	GC	MetaCyc:THIOMORPHOLINE-3-CARBOXYLATE@Charged	MetaCyc:THIOMORPHOLINE-3-CARBOXYLATE@Charged	eQuilibrator:MNXM2566
cpd02428	MetaCyc:CPD-1825;KEGG:C03906@Charged;ChEBI:57521	MetaCyc:CPD-1825;KEGG:C03906@Charged;ChEBI:57521	MetaCyc:CPD-1825;KEGG:C03906@Charged;ChEBI:57521	MetaCyc:CPD-1825;KEGG:C03906@Charged;ChEBI:57521	KEGG:C03906	KEGG:C03906	EQ	eQuilibrator:MNXM2808	KEGG:C03906@Charged	eQuilibrator:MNXM2808
cpd02430	MetaCyc:CPD-51;KEGG:C03910;ChEBI:15577	MetaCyc:CPD-51;KEGG:C03910;ChEBI:15577	MetaCyc:CPD-51;KEGG:C03910;ChEBI:15577	MetaCyc:CPD-51;KEGG:C03910;ChEBI:15577	KEGG:C03910	KEGG:C03910	GC	MetaCyc:CPD-51@Charged	MetaCyc:CPD-51@Charged	eQuilibrator:MNXM4165
cpd02431	MetaCyc:L-DELTA1-PYRROLINE_5-CARBOXYLATE;KEGG:C03912@Charged;ChEBI:17388	MetaCyc:L-DELTA1-PYRROLINE_5-CARBOXYLATE;KEGG:C03912@Charged;ChEBI:17388	MetaCyc:L-DELTA1-PYRROLINE_5-CARBOXYLATE;KEGG:C03912@Charged;ChEBI:17388	MetaCyc:L-DELTA1-PYRROLINE_5-CARBOXYLATE;KEGG:C03912@Charged;ChEBI:17388	KEGG:C03912	KEGG:C03912	GC	MetaCyc:L-DELTA1-PYRROLINE_5-CARBOXYLATE@Charged	MetaCyc:L-DELTA1-PYRROLINE_5-CARBOXYLATE@Charged	
cpd02432	MetaCyc:CPD-398;ChEBI:91180	MetaCyc:CPD-398;ChEBI:91180	MetaCyc:CPD-398;ChEBI:91180	MetaCyc:CPD-398;ChEBI:91180	KEGG:C03914	KEGG:C03914	EQ	eQuilibrator:MNXM3408	MetaCyc:CPD-398@Charged	eQuilibrator:MNXM3408
cpd02434	MetaCyc:CPD-8346;ChEBI:28610	MetaCyc:CPD-8346;ChEBI:28610	MetaCyc:CPD-8346;ChEBI:28610	MetaCyc:CPD-8346;ChEBI:28610	KEGG:C03916	KEGG:C03916	GC	MetaCyc:CPD-8346@Charged	MetaCyc:CPD-8346@Charged	eQuilibrator:MNXM13872
cpd02435	MetaCyc:17-BETA-HYDROXY-5ALPHA-ANDROSTAN-3-O;KEGG:C03917;ChEBI:16330	MetaCyc:17-BETA-HYDROXY-5ALPHA-ANDROSTAN-3-O;KEGG:C03917;ChEBI:16330	MetaCyc:17-BETA-HYDROXY-5ALPHA-ANDROSTAN-3-O;KEGG:C03917;ChEBI:16330	MetaCyc:17-BETA-HYDROXY-5ALPHA-ANDROSTAN-3-O;KEGG:C03917;ChEBI:16330	KEGG:C03917	KEGG:C03917	GC	KEGG:C03917@Charged	KEGG:C03917@Charged	eQuilibrator:MNXM623
cpd02436	MetaCyc:CPD-10632;KEGG:C03918@Charged;ChEBI:11438	MetaCyc:CPD-10632;KEGG:C03918@Charged;ChEBI:11438	MetaCyc:CPD-10632;KEGG:C03918@Charged;ChEBI:11438	MetaCyc:CPD-10632;KEGG:C03918@Charged;ChEBI:11438	KEGG:C03918		GC	KEGG:C03918@Charged	KEGG:C03918@Charged	eQuilibrator:MNXM2464
cpd02437										
cpd02438	MetaCyc:Me-CoM;KEGG:C03920@Charged;ChEBI:58286	MetaCyc:Me-CoM;KEGG:C03920@Charged;ChEBI:58286	MetaCyc:Me-CoM;KEGG:C03920@Charged;ChEBI:58286	MetaCyc:Me-CoM;KEGG:C03920@Charged;ChEBI:58286	KEGG:C03920		GC	KEGG:C03920@Charged	KEGG:C03920@Charged	eQuilibrator:MNXM671
cpd02439	MetaCyc:2-KETO-3-DEOXY-D-GLUCARATE;KEGG:C03921@Charged;ChEBI:58098	MetaCyc:2-KETO-3-DEOXY-D-GLUCARATE;KEGG:C03921@Charged;ChEBI:58098	MetaCyc:2-KETO-3-DEOXY-D-GLUCARATE;KEGG:C03921@Charged;ChEBI:58098	MetaCyc:2-KETO-3-DEOXY-D-GLUCARATE;KEGG:C03921@Charged;ChEBI:58098	KEGG:C03921	KEGG:C03921	EQ	eQuilibrator:MNXM2923	MetaCyc:2-KETO-3-DEOXY-D-GLUCARATE@Charged	eQuilibrator:MNXM2923
cpd02440	MetaCyc:35-DIBROMO-4-HYDROXY-BENZOATE;KEGG:C03925@Charged;ChEBI:57274	MetaCyc:35-DIBROMO-4-HYDROXY-BENZOATE;KEGG:C03925@Charged;ChEBI:57274	MetaCyc:35-DIBROMO-4-HYDROXY-BENZOATE;KEGG:C03925@Charged;ChEBI:57274	MetaCyc:35-DIBROMO-4-HYDROXY-BENZOATE;KEGG:C03925@Charged;ChEBI:57274	KEGG:C03925	KEGG:C03925	EQ	eQuilibrator:MNXM2932	KEGG:C03925@Charged	eQuilibrator:MNXM2932
cpd02441	MetaCyc:DE-O-K-GLUCONATE;KEGG:C03926@Charged;ChEBI:57839	MetaCyc:DE-O-K-GLUCONATE;KEGG:C03926@Charged;ChEBI:57839	MetaCyc:DE-O-K-GLUCONATE;KEGG:C03926@Charged;ChEBI:57839	MetaCyc:DE-O-K-GLUCONATE;KEGG:C03926@Charged;ChEBI:57839	KEGG:C03926	KEGG:C03926	EQ	eQuilibrator:MNXM3482	KEGG:C03926@Charged	eQuilibrator:MNXM3482
cpd02442										
cpd02443	KEGG:C03928@Charged	KEGG:C03928@Charged	KEGG:C03928@Charged	KEGG:C03928@Charged	KEGG:C03928	KEGG:C03928	EQ		KEGG:C03928@Charged	
cpd02444	KEGG:C03929	KEGG:C03929	KEGG:C03929	KEGG:C03929	KEGG:C03929	KEGG:C03929	EQ	eQuilibrator:MNXM36812	KEGG:C03929@Charged	eQuilibrator:MNXM36812
cpd02445	KEGG:C03930@Charged;ChEBI:57729	KEGG:C03930@Charged;ChEBI:57729	KEGG:C03930@Charged;ChEBI:57729	KEGG:C03930@Charged;ChEBI:57729	KEGG:C03930	KEGG:C03930	GC	KEGG:C03930@Charged	KEGG:C03930@Charged	eQuilibrator:MNXM3855
cpd02446	MetaCyc:CPD-827;KEGG:C06892@Charged;ChEBI:16669	MetaCyc:CPD-827;KEGG:C06892@Charged;ChEBI:16669	MetaCyc:CPD-827;KEGG:C06892@Charged;ChEBI:16669	MetaCyc:CPD-827;KEGG:C06892@Charged;ChEBI:16669	KEGG:C03932	KEGG:C03932	EQ	eQuilibrator:MNXM1897	KEGG:C06892@Charged	eQuilibrator:MNXM1897
cpd02447	MetaCyc:CPD-1077;KEGG:C03935;ChEBI:16784	MetaCyc:CPD-1077;KEGG:C03935;ChEBI:16784	MetaCyc:CPD-1077;KEGG:C03935;ChEBI:16784	MetaCyc:CPD-1077;KEGG:C03935;ChEBI:16784	KEGG:C03935	KEGG:C03935	GC	KEGG:C03935@Charged	KEGG:C03935@Charged	eQuilibrator:MNXM3881
cpd02448	MetaCyc:24DINH2-PENTANOATE;KEGG:C03943@Charged;ChEBI:58697	MetaCyc:24DINH2-PENTANOATE;KEGG:C03943@Charged;ChEBI:58697	MetaCyc:24DINH2-PENTANOATE;KEGG:C03943@Charged;ChEBI:58697	MetaCyc:24DINH2-PENTANOATE;KEGG:C03943@Charged;ChEBI:58697	KEGG:C03943	KEGG:C03943	GC	KEGG:C03943@Charged	KEGG:C03943@Charged	eQuilibrator:MNXM1447
cpd02449	KEGG:C03944;ChEBI:72678	KEGG:C03944;ChEBI:72678	KEGG:C03944;ChEBI:72678	KEGG:C03944;ChEBI:72678		KEGG:C03944	GC	KEGG:C03944@Charged	KEGG:C03944@Charged	eQuilibrator:MNXM8542
cpd02450	KEGG:C03946	KEGG:C03946	KEGG:C03946	KEGG:C03946	KEGG:C03946	KEGG:C03946	GC	KEGG:C03946@Charged	KEGG:C03946@Charged	
cpd02451	MetaCyc:CPD-540;KEGG:C03947@Charged;ChEBI:57831	MetaCyc:CPD-540;KEGG:C03947@Charged;ChEBI:57831	MetaCyc:CPD-540;KEGG:C03947@Charged;ChEBI:57831	MetaCyc:CPD-540;KEGG:C03947@Charged;ChEBI:57831	KEGG:C03947	KEGG:C03947	GC	KEGG:C03947@Charged	KEGG:C03947@Charged	eQuilibrator:MNXM4001
cpd02452	KEGG:C03948	KEGG:C03948	KEGG:C03948	KEGG:C03948	KEGG:C03948	KEGG:C03948	EQ	eQuilibrator:MNXM63768	KEGG:C03948@Charged	eQuilibrator:MNXM63768
cpd02453					KEGG:C03951	KEGG:C03951	GC			
cpd02454	KEGG:C03953@Charged	KEGG:C03953@Charged	KEGG:C03953@Charged	KEGG:C03953@Charged	KEGG:C03953	KEGG:C03953	GC	KEGG:C03953@Charged	KEGG:C03953@Charged	
cpd02455	MetaCyc:N-HYDROXY-2-ACETAMIDOFLUORENE;KEGG:C03954;ChEBI:17931	MetaCyc:N-HYDROXY-2-ACETAMIDOFLUORENE;KEGG:C03954;ChEBI:17931	MetaCyc:N-HYDROXY-2-ACETAMIDOFLUORENE;KEGG:C03954;ChEBI:17931	MetaCyc:N-HYDROXY-2-ACETAMIDOFLUORENE;KEGG:C03954;ChEBI:17931	KEGG:C03954	KEGG:C03954	GC	KEGG:C03954@Charged	KEGG:C03954@Charged	eQuilibrator:MNXM1437
cpd02456	MetaCyc:CPD-961;KEGG:C03955;ChEBI:58122	MetaCyc:CPD-961;KEGG:C03955;ChEBI:58122	MetaCyc:CPD-961;KEGG:C03955;ChEBI:58122	MetaCyc:CPD-961;KEGG:C03955@Charged;ChEBI:58122	KEGG:C03955	KEGG:C03955	GC	KEGG:C03955@Charged	KEGG:C03955@Charged	eQuilibrator:MNXM2135
cpd02457	KEGG:C03958	KEGG:C03958	KEGG:C03958	KEGG:C03958@Charged	KEGG:C03958	KEGG:C03958	EQ	eQuilibrator:MNXM21371	KEGG:C03958@Charged	eQuilibrator:MNXM21371
cpd02458	MetaCyc:CPD-655;KEGG:C03961@Charged;ChEBI:58196	MetaCyc:CPD-655;KEGG:C03961@Charged;ChEBI:58196	MetaCyc:CPD-655;KEGG:C03961@Charged;ChEBI:58196	MetaCyc:CPD-655;KEGG:C03961@Charged;ChEBI:58196	KEGG:C03961	KEGG:C03961	EQ	eQuilibrator:MNXM2445	MetaCyc:CPD-655@Charged	eQuilibrator:MNXM2445
cpd02459	MetaCyc:CPD-1910;KEGG:C03962;ChEBI:15411	MetaCyc:CPD-1910;KEGG:C03962;ChEBI:15411	MetaCyc:CPD-1910;KEGG:C03962;ChEBI:15411	MetaCyc:CPD-1910;KEGG:C03962;ChEBI:15411	KEGG:C03962	KEGG:C03962	EQ	eQuilibrator:MNXM4150	KEGG:C03962@Charged	eQuilibrator:MNXM4150
cpd02460	MetaCyc:CPD-1946;KEGG:C03963;ChEBI:15578	MetaCyc:CPD-1946;KEGG:C03963;ChEBI:15578	MetaCyc:CPD-1946;KEGG:C03963;ChEBI:15578	MetaCyc:CPD-1946;KEGG:C03963;ChEBI:15578	KEGG:C03963	KEGG:C03963	GC	MetaCyc:CPD-1946@Charged	MetaCyc:CPD-1946@Charged	eQuilibrator:MNXM3741
cpd02461	MetaCyc:CPD-2222;KEGG:C03964@Charged;ChEBI:10980	MetaCyc:CPD-2222;KEGG:C03964@Charged;ChEBI:10980	MetaCyc:CPD-2222;KEGG:C03964@Charged;ChEBI:10980	MetaCyc:CPD-2222;KEGG:C03964@Charged;ChEBI:10980	KEGG:C03964	KEGG:C03964	EQ	eQuilibrator:MNXM988	MetaCyc:CPD-2222@Charged	eQuilibrator:MNXM988
cpd02462	MetaCyc:CPD-23966;KEGG:C04042;ChEBI:28453	MetaCyc:CPD-23966;KEGG:C04042;ChEBI:28453	MetaCyc:CPD-23966;KEGG:C04042;ChEBI:28453	MetaCyc:CPD-23966;KEGG:C04042;ChEBI:28453	KEGG:C03965	KEGG:C03965	GC	KEGG:C04042@Charged	KEGG:C04042@Charged	eQuilibrator:MNXM3739
cpd02463	MetaCyc:CPD-19526;KEGG:C03969	MetaCyc:CPD-19526;KEGG:C03969	MetaCyc:CPD-19526;KEGG:C03969	MetaCyc:CPD-19526;KEGG:C03969@Charged	KEGG:C03969	KEGG:C03969	EQ	eQuilibrator:MNXM32712	MetaCyc:CPD-19526@Charged	eQuilibrator:MNXM32712
cpd02464	MetaCyc:CPD-169	MetaCyc:CPD-169	MetaCyc:CPD-169	MetaCyc:CPD-169	KEGG:C08242	KEGG:C08242	GC	MetaCyc:CPD-169@Charged	MetaCyc:CPD-169@Charged	
cpd02465	MetaCyc:DELTA1-PIPERIDEINE-2-6-DICARBOXYLATE;KEGG:C03972@Charged;ChEBI:16845	MetaCyc:DELTA1-PIPERIDEINE-2-6-DICARBOXYLATE;KEGG:C03972@Charged;ChEBI:16845	MetaCyc:DELTA1-PIPERIDEINE-2-6-DICARBOXYLATE;KEGG:C03972@Charged;ChEBI:16845	MetaCyc:DELTA1-PIPERIDEINE-2-6-DICARBOXYLATE;KEGG:C03972@Charged;ChEBI:16845	KEGG:C03972	KEGG:C03972	EQ	eQuilibrator:MNXM480	MetaCyc:DELTA1-PIPERIDEINE-2-6-DICARBOXYLATE@Charged	eQuilibrator:MNXM480
cpd02466	MetaCyc:2-AMINO-47-DIHYDROXYPTERIDINE@Original;MetaCyc:CPD-16488;KEGG:C03975;ChEBI:16713@Original	MetaCyc:2-AMINO-47-DIHYDROXYPTERIDINE@Original;MetaCyc:CPD-16488;KEGG:C03975;ChEBI:16713@Original	MetaCyc:2-AMINO-47-DIHYDROXYPTERIDINE@Original;MetaCyc:CPD-16488;KEGG:C03975;ChEBI:16713@Original	MetaCyc:CPD-16488@Charged	KEGG:C03975	KEGG:C03975	GC	MetaCyc:CPD-16488@Charged	MetaCyc:CPD-16488@Charged	eQuilibrator:MNXM723321
cpd02467	MetaCyc:DEHYDRO-3-DEOXY-L-RHAMNONATE;KEGG:C03979@Charged;ChEBI:58371	MetaCyc:DEHYDRO-3-DEOXY-L-RHAMNONATE;KEGG:C03979@Charged;ChEBI:58371	MetaCyc:DEHYDRO-3-DEOXY-L-RHAMNONATE;KEGG:C03979@Charged;ChEBI:58371	MetaCyc:DEHYDRO-3-DEOXY-L-RHAMNONATE;KEGG:C03979@Charged;ChEBI:58371	KEGG:C03979	KEGG:C03979	EQ	eQuilibrator:MNXM2319	KEGG:C03979@Charged	eQuilibrator:MNXM2319
cpd02468	KEGG:C03980	KEGG:C03980	KEGG:C03980	KEGG:C03980@Charged	KEGG:C03980	KEGG:C03980	EQ	eQuilibrator:MNXM35035	KEGG:C03980@Charged	eQuilibrator:MNXM35035
cpd02469	MetaCyc:ENOL-OXALOACETATE@Charged;KEGG:C03981@Charged	MetaCyc:ENOL-OXALOACETATE@Charged;KEGG:C03981@Charged	MetaCyc:ENOL-OXALOACETATE@Charged;KEGG:C03981@Charged	MetaCyc:ENOL-OXALOACETATE@Charged;KEGG:C03981@Charged	KEGG:C03981	KEGG:C03981	EQ	eQuilibrator:MNXM46	KEGG:C03981@Charged	eQuilibrator:MNXM46
cpd02470	MetaCyc:2-METHYLPROPANAL-O-METHYLOXIME;KEGG:C03982	MetaCyc:2-METHYLPROPANAL-O-METHYLOXIME;KEGG:C03982	MetaCyc:2-METHYLPROPANAL-O-METHYLOXIME;KEGG:C03982	MetaCyc:2-METHYLPROPANAL-O-METHYLOXIME;KEGG:C03982		KEGG:C03982	GC	KEGG:C03982@Charged	KEGG:C03982@Charged	eQuilibrator:MNXM4295
cpd02471	KEGG:C03985;ChEBI:17580	KEGG:C03985;ChEBI:17580	KEGG:C03985;ChEBI:17580	KEGG:C03985;ChEBI:17580	KEGG:C03985	KEGG:C03985	EQ	eQuilibrator:MNXM1483	KEGG:C03985@Charged	eQuilibrator:MNXM1483
cpd02472	MetaCyc:CPD-403;KEGG:C03986@Charged;ChEBI:36558	MetaCyc:CPD-403;KEGG:C03986@Charged;ChEBI:36558	MetaCyc:CPD-403;KEGG:C03986@Charged;ChEBI:36558	MetaCyc:CPD-403;KEGG:C03986@Charged;ChEBI:36558	KEGG:C03986	KEGG:C03986	EQ	eQuilibrator:MNXM4334	KEGG:C03986@Charged	eQuilibrator:MNXM4334
cpd02473	KEGG:C03987@Charged	KEGG:C03987@Charged	KEGG:C03987@Charged	KEGG:C03987@Charged	KEGG:C03987	KEGG:C03987	EQ	eQuilibrator:MNXM37492	KEGG:C03987@Charged	eQuilibrator:MNXM37492
cpd02474	MetaCyc:CPD-16418;KEGG:C03989	MetaCyc:CPD-16418;KEGG:C03989	MetaCyc:CPD-16418;KEGG:C03989	MetaCyc:CPD-16418;KEGG:C03989	KEGG:C03989	KEGG:C03989	EQ	eQuilibrator:MNXM8767	KEGG:C03989@Charged	eQuilibrator:MNXM8767
cpd02475	MetaCyc:CPD-7235;KEGG:C03990@Charged;ChEBI:29744	MetaCyc:CPD-7235;KEGG:C03990@Charged;ChEBI:29744	MetaCyc:CPD-7235;KEGG:C03990@Charged;ChEBI:29744	MetaCyc:CPD-7235;KEGG:C03990@Charged;ChEBI:29744	KEGG:C03990	KEGG:C03990	GC	MetaCyc:CPD-7235@Charged	MetaCyc:CPD-7235@Charged	eQuilibrator:MNXM886
cpd02476	MetaCyc:CPD-453;KEGG:C03993@Charged;ChEBI:11935	MetaCyc:CPD-453;KEGG:C03993@Charged;ChEBI:11935	MetaCyc:CPD-453;KEGG:C03993@Charged;ChEBI:11935	MetaCyc:CPD-453;KEGG:C03993@Charged;ChEBI:11935	KEGG:C03993	KEGG:C03993	EQ	eQuilibrator:MNXM3859	MetaCyc:CPD-453@Charged	eQuilibrator:MNXM3859
cpd02477	MetaCyc:4-HYDROXYMETHYLPHENYLHYDRAZINE;KEGG:C03994	MetaCyc:4-HYDROXYMETHYLPHENYLHYDRAZINE;KEGG:C03994	MetaCyc:4-HYDROXYMETHYLPHENYLHYDRAZINE;KEGG:C03994	MetaCyc:4-HYDROXYMETHYLPHENYLHYDRAZINE;KEGG:C03994	KEGG:C03994	KEGG:C03994	GC	MetaCyc:4-HYDROXYMETHYLPHENYLHYDRAZINE@Charged	MetaCyc:4-HYDROXYMETHYLPHENYLHYDRAZINE@Charged	
cpd02478	MetaCyc:4-NITROPHENYL-3-KETOVALIDAMINE;KEGG:C03995;ChEBI:15984	MetaCyc:4-NITROPHENYL-3-KETOVALIDAMINE;KEGG:C03995;ChEBI:15984	MetaCyc:4-NITROPHENYL-3-KETOVALIDAMINE;KEGG:C03995;ChEBI:15984	MetaCyc:4-NITROPHENYL-3-KETOVALIDAMINE;KEGG:C03995;ChEBI:15984	KEGG:C03995	KEGG:C03995	GC	MetaCyc:4-NITROPHENYL-3-KETOVALIDAMINE@Charged	MetaCyc:4-NITROPHENYL-3-KETOVALIDAMINE@Charged	eQuilibrator:MNXM4694
cpd02479	MetaCyc:CPD-455;KEGG:C03996;ChEBI:17382	MetaCyc:CPD-455;KEGG:C03996;ChEBI:17382	MetaCyc:CPD-455;KEGG:C03996;ChEBI:17382	MetaCyc:CPD-455;KEGG:C03996;ChEBI:17382	KEGG:C03996	KEGG:C03996	EQ	eQuilibrator:MNXM3869	KEGG:C03996@Charged	eQuilibrator:MNXM3869
cpd02480	MetaCyc:DEOXY-HYDROXYMETHYLCYTIDINE-PHOSPHATE;KEGG:C03997@Charged;ChEBI:57962	MetaCyc:DEOXY-HYDROXYMETHYLCYTIDINE-PHOSPHATE;KEGG:C03997@Charged;ChEBI:57962	MetaCyc:DEOXY-HYDROXYMETHYLCYTIDINE-PHOSPHATE;KEGG:C03997@Charged;ChEBI:57962	MetaCyc:DEOXY-HYDROXYMETHYLCYTIDINE-PHOSPHATE;KEGG:C03997@Charged;ChEBI:57962	KEGG:C03997	KEGG:C03997	EQ	eQuilibrator:MNXM2949	MetaCyc:DEOXY-HYDROXYMETHYLCYTIDINE-PHOSPHATE@Charged	eQuilibrator:MNXM2949
cpd02481	MetaCyc:7-METHYLGUANOSINE-5-PHOSPHATE;KEGG:C03998@Charged;ChEBI:58285	MetaCyc:7-METHYLGUANOSINE-5-PHOSPHATE;KEGG:C03998@Charged;ChEBI:58285	MetaCyc:7-METHYLGUANOSINE-5-PHOSPHATE;KEGG:C03998@Charged;ChEBI:58285	MetaCyc:7-METHYLGUANOSINE-5-PHOSPHATE@Original;KEGG:C03998@Charged;ChEBI:58285@Original	KEGG:C03998	KEGG:C03998	GC	MetaCyc:7-METHYLGUANOSINE-5-PHOSPHATE@Charged	MetaCyc:7-METHYLGUANOSINE-5-PHOSPHATE@Charged	eQuilibrator:MNXM1314
cpd02482	MetaCyc:BENZYL-2-METHYL-3-OXOBUTANOATE;KEGG:C04000;ChEBI:16079	MetaCyc:BENZYL-2-METHYL-3-OXOBUTANOATE;KEGG:C04000;ChEBI:16079	MetaCyc:BENZYL-2-METHYL-3-OXOBUTANOATE;KEGG:C04000;ChEBI:16079	MetaCyc:BENZYL-2-METHYL-3-OXOBUTANOATE;KEGG:C04000;ChEBI:16079	KEGG:C04000	KEGG:C04000	EQ	eQuilibrator:MNXM3921	MetaCyc:BENZYL-2-METHYL-3-OXOBUTANOATE@Charged	eQuilibrator:MNXM3921
cpd02483	MetaCyc:HOMO-CIS-ACONITATE;KEGG:C04002@Charged;ChEBI:58174	MetaCyc:HOMO-CIS-ACONITATE;KEGG:C04002@Charged;ChEBI:58174	MetaCyc:HOMO-CIS-ACONITATE;KEGG:C04002@Charged;ChEBI:58174	MetaCyc:HOMO-CIS-ACONITATE;KEGG:C04002@Charged;ChEBI:58174	KEGG:C04002		EQ	eQuilibrator:MNXM920	KEGG:C04002@Charged	eQuilibrator:MNXM920
cpd02484	MetaCyc:1-L-MYO-INOSITOL-1-P;KEGG:C04006@Charged;ChEBI:58401	MetaCyc:1-L-MYO-INOSITOL-1-P;KEGG:C04006@Charged;ChEBI:58401	MetaCyc:1-L-MYO-INOSITOL-1-P;KEGG:C04006@Charged;ChEBI:58401	MetaCyc:1-L-MYO-INOSITOL-1-P;KEGG:C04006@Charged;ChEBI:58401	KEGG:C04006	KEGG:C04006	EQ	eQuilibrator:MNXM540	MetaCyc:1-L-MYO-INOSITOL-1-P@Charged	eQuilibrator:MNXM540
cpd02485	KEGG:C04007;ChEBI:27590	KEGG:C04007;ChEBI:27590	KEGG:C04007;ChEBI:27590	KEGG:C04007;ChEBI:27590	KEGG:C04007	KEGG:C04007	EQ	eQuilibrator:MNXM6134	KEGG:C04007@Charged	eQuilibrator:MNXM6134
cpd02486	KEGG:C04010@Charged	KEGG:C04010@Charged		KEGG:C04010@Charged	KEGG:C04010	KEGG:C04010	GC	KEGG:C04010@Charged	KEGG:C04010@Charged	
cpd02487	MetaCyc:CPD-414;KEGG:C04015@Charged	MetaCyc:CPD-414;KEGG:C04015@Charged	MetaCyc:CPD-414;KEGG:C04015@Charged	MetaCyc:CPD-414;KEGG:C04015@Charged	KEGG:C04015	KEGG:C04015	GC	KEGG:C04015@Charged	KEGG:C04015@Charged	
cpd02488	MetaCyc:CPD-1803	MetaCyc:CPD-1803	MetaCyc:CPD-1803	MetaCyc:CPD-1803	KEGG:C04016	KEGG:C04016	GC	MetaCyc:CPD-1803@Charged	MetaCyc:CPD-1803@Charged	
cpd02489	MetaCyc:N-ACETYL-9-O-ACETYLNEURAMINATE;KEGG:C04017@Charged	MetaCyc:N-ACETYL-9-O-ACETYLNEURAMINATE;KEGG:C04017@Charged	MetaCyc:N-ACETYL-9-O-ACETYLNEURAMINATE;KEGG:C04017@Charged	MetaCyc:N-ACETYL-9-O-ACETYLNEURAMINATE;KEGG:C04017@Charged	KEGG:C04017	KEGG:C04017	GC	KEGG:C04017@Charged	KEGG:C04017@Charged	
cpd02490	MetaCyc:CPD-306;KEGG:C04020;ChEBI:58058	MetaCyc:CPD-306;KEGG:C04020;ChEBI:58058	MetaCyc:CPD-306;KEGG:C04020;ChEBI:58058	MetaCyc:CPD-306;KEGG:C04020@Charged;ChEBI:58058	KEGG:C04020	KEGG:C04020	EQ	eQuilibrator:MNXM3966	KEGG:C04020@Charged	eQuilibrator:MNXM3966
cpd02491	MetaCyc:SS-DIMETHYL-BETA-PROPIOTHETIN;KEGG:C04022;ChEBI:16457	MetaCyc:SS-DIMETHYL-BETA-PROPIOTHETIN;KEGG:C04022;ChEBI:16457	MetaCyc:SS-DIMETHYL-BETA-PROPIOTHETIN;KEGG:C04022;ChEBI:16457	MetaCyc:SS-DIMETHYL-BETA-PROPIOTHETIN;KEGG:C04022;ChEBI:16457	KEGG:C04022		GC	KEGG:C04022@Charged	KEGG:C04022@Charged	eQuilibrator:MNXM2864
cpd02492					KEGG:C04024	KEGG:C04024	GC			
cpd02494	MetaCyc:CPD-62;KEGG:C04030@Charged;ChEBI:57417	MetaCyc:CPD-62;KEGG:C04030@Charged;ChEBI:57417	MetaCyc:CPD-62;KEGG:C04030@Charged;ChEBI:57417	MetaCyc:CPD-62;KEGG:C04030@Charged;ChEBI:57417	KEGG:C04030	KEGG:C04030	GC	MetaCyc:CPD-62@Charged	MetaCyc:CPD-62@Charged	eQuilibrator:MNXM1978
cpd02495	MetaCyc:TETRAHYD-CPD;KEGG:C04033;ChEBI:18365	MetaCyc:TETRAHYD-CPD;KEGG:C04033;ChEBI:18365	MetaCyc:TETRAHYD-CPD;KEGG:C04033;ChEBI:18365	MetaCyc:TETRAHYD-CPD;KEGG:C04033;ChEBI:18365	KEGG:C04033	KEGG:C04033	EQ	eQuilibrator:MNXM3320	MetaCyc:TETRAHYD-CPD@Charged	eQuilibrator:MNXM3320
cpd02496	MetaCyc:1-PALMITOYLGLYCEROL-3-PHOSPHATE;ChEBI:57518	MetaCyc:1-PALMITOYLGLYCEROL-3-PHOSPHATE;ChEBI:57518	MetaCyc:1-PALMITOYLGLYCEROL-3-PHOSPHATE;ChEBI:57518	MetaCyc:1-PALMITOYLGLYCEROL-3-PHOSPHATE;ChEBI:57518	KEGG:C04036	KEGG:C04036	EQ	eQuilibrator:MNXM2455	MetaCyc:1-PALMITOYLGLYCEROL-3-PHOSPHATE@Charged	eQuilibrator:MNXM2455
cpd02497	MetaCyc:CPD-501;KEGG:C04037@Charged;ChEBI:58186	MetaCyc:CPD-501;KEGG:C04037@Charged;ChEBI:58186	MetaCyc:CPD-501;KEGG:C04037@Charged;ChEBI:58186	MetaCyc:CPD-501;KEGG:C04037@Charged;ChEBI:58186	KEGG:C04037	KEGG:C04037	EQ	eQuilibrator:MNXM2310	KEGG:C04037@Charged	eQuilibrator:MNXM2310
cpd02498	KEGG:C04039@Charged;ChEBI:11424	KEGG:C04039@Charged;ChEBI:11424	KEGG:C04039@Charged;ChEBI:11424	KEGG:C04039@Charged;ChEBI:11424	KEGG:C04039	KEGG:C04039	EQ	eQuilibrator:MNXM734	KEGG:C04039@Charged	eQuilibrator:MNXM734
cpd02499										
cpd02500	MetaCyc:34-DIHYDROXYPHENYLACETALDEHYDE;KEGG:C04043;ChEBI:27978	MetaCyc:34-DIHYDROXYPHENYLACETALDEHYDE;KEGG:C04043;ChEBI:27978	MetaCyc:34-DIHYDROXYPHENYLACETALDEHYDE;KEGG:C04043;ChEBI:27978	MetaCyc:34-DIHYDROXYPHENYLACETALDEHYDE;KEGG:C04043;ChEBI:27978	KEGG:C04043	KEGG:C04043	EQ	eQuilibrator:MNXM1401	KEGG:C04043@Charged	eQuilibrator:MNXM1401
cpd02501	MetaCyc:2-3-DIHYDROXYPHENYL-PROPIONATE;KEGG:C04044@Charged;ChEBI:46951	MetaCyc:2-3-DIHYDROXYPHENYL-PROPIONATE;KEGG:C04044@Charged;ChEBI:46951	MetaCyc:2-3-DIHYDROXYPHENYL-PROPIONATE;KEGG:C04044@Charged;ChEBI:46951	MetaCyc:2-3-DIHYDROXYPHENYL-PROPIONATE;KEGG:C04044@Charged;ChEBI:46951	KEGG:C04044	KEGG:C04044	EQ	eQuilibrator:MNXM826	MetaCyc:2-3-DIHYDROXYPHENYL-PROPIONATE@Charged	eQuilibrator:MNXM826
cpd02502	MetaCyc:34-DIHYDROXYPHENYLPYRUVATE;KEGG:C04045@Charged;ChEBI:29055	MetaCyc:34-DIHYDROXYPHENYLPYRUVATE;KEGG:C04045@Charged;ChEBI:29055	MetaCyc:34-DIHYDROXYPHENYLPYRUVATE;KEGG:C04045@Charged;ChEBI:29055	MetaCyc:34-DIHYDROXYPHENYLPYRUVATE;KEGG:C04045@Charged;ChEBI:29055	KEGG:C04045	KEGG:C04045	EQ	eQuilibrator:MNXM1887	KEGG:C04045@Charged	eQuilibrator:MNXM1887
cpd02503	MetaCyc:3-HYDROXY-ISOBUTYRYL-COA;KEGG:C04047@Charged;ChEBI:57340	MetaCyc:3-HYDROXY-ISOBUTYRYL-COA;KEGG:C04047@Charged;ChEBI:57340	MetaCyc:3-HYDROXY-ISOBUTYRYL-COA;KEGG:C04047@Charged;ChEBI:57340	MetaCyc:3-HYDROXY-ISOBUTYRYL-COA;KEGG:C04047@Charged;ChEBI:57340	KEGG:C04047	KEGG:C04047	EQ	eQuilibrator:MNXM1034	KEGG:C04047@Charged	eQuilibrator:MNXM1034
cpd02504	KEGG:C04049@Charged	KEGG:C04049@Charged	KEGG:C04049@Charged	KEGG:C04049@Charged	KEGG:C04049	KEGG:C04049	EQ	eQuilibrator:MNXM37498	KEGG:C04049@Charged	eQuilibrator:MNXM37498
cpd02505	MetaCyc:4-HYDROXYAMINOQUINOLINE-N-OXIDE;KEGG:C04050;ChEBI:28469	MetaCyc:4-HYDROXYAMINOQUINOLINE-N-OXIDE;KEGG:C04050;ChEBI:28469	MetaCyc:4-HYDROXYAMINOQUINOLINE-N-OXIDE;KEGG:C04050;ChEBI:28469	MetaCyc:4-HYDROXYAMINOQUINOLINE-N-OXIDE;KEGG:C04050;ChEBI:28469	KEGG:C04050	KEGG:C04050	GC	KEGG:C04050@Charged	KEGG:C04050@Charged	
cpd02506	MetaCyc:CPD-3762@Charged;KEGG:C04051;ChEBI:2030	MetaCyc:CPD-3762@Charged;KEGG:C04051;ChEBI:2030	MetaCyc:CPD-3762@Charged;KEGG:C04051;ChEBI:2030	MetaCyc:CPD-3762@Charged;KEGG:C04051@Charged;ChEBI:2030@Charged	KEGG:C04051	KEGG:C04051	GC	MetaCyc:CPD-3762@Charged	MetaCyc:CPD-3762@Charged	eQuilibrator:MNXM4388
cpd02507	MetaCyc:CPD-785;ChEBI:87491	MetaCyc:CPD-785;ChEBI:87491	MetaCyc:CPD-785;ChEBI:87491	MetaCyc:CPD-785;ChEBI:87491	KEGG:C04052		EQ	eQuilibrator:MNXM162386	MetaCyc:CPD-785@Charged	eQuilibrator:MNXM162386
cpd02508	MetaCyc:CPD-13122	MetaCyc:CPD-13122	MetaCyc:CPD-13122	MetaCyc:CPD-13122	KEGG:C04053	KEGG:C04053	EQ	eQuilibrator:MNXM14745	MetaCyc:CPD-13122@Charged	eQuilibrator:MNXM14745
cpd02509	MetaCyc:5OH-benzimidazolyl-cob-MtrA@Charged;MetaCyc:CPD-7162@Charged;ChEBI:60494@Charged	MetaCyc:5OH-benzimidazolyl-cob-MtrA@Charged;MetaCyc:CPD-7162@Charged;ChEBI:60494@Charged	MetaCyc:5OH-benzimidazolyl-cob-MtrA@Charged;MetaCyc:CPD-7162@Charged;ChEBI:60494@Charged	MetaCyc:5OH-benzimidazolyl-cob-MtrA@Charged;MetaCyc:CPD-7162@Charged;ChEBI:60494@Charged	KEGG:C04054	KEGG:C04054	GC	MetaCyc:CPD-7162@Charged	MetaCyc:CPD-7162@Charged	
cpd02510	MetaCyc:9-CIS11-TRANS-OCTADECADIENOATE;KEGG:C04056@Charged;ChEBI:17539	MetaCyc:9-CIS11-TRANS-OCTADECADIENOATE;KEGG:C04056@Charged;ChEBI:17539	MetaCyc:9-CIS11-TRANS-OCTADECADIENOATE;KEGG:C04056@Charged;ChEBI:17539	MetaCyc:9-CIS11-TRANS-OCTADECADIENOATE;KEGG:C04056@Charged;ChEBI:17539	KEGG:C04056		EQ	eQuilibrator:MNXM3889	MetaCyc:9-CIS11-TRANS-OCTADECADIENOATE@Charged	eQuilibrator:MNXM3889
cpd02511	MetaCyc:CPD0-1137;KEGG:C04058@Charged;ChEBI:62041	MetaCyc:CPD0-1137;KEGG:C04058@Charged;ChEBI:62041	MetaCyc:CPD0-1137;KEGG:C04058@Charged;ChEBI:62041	MetaCyc:CPD0-1137;KEGG:C04058@Charged;ChEBI:62041	KEGG:C04058	KEGG:C04058	GC	KEGG:C04058@Charged	KEGG:C04058@Charged	
cpd02512	MetaCyc:D-MYO-INOSITOL-13-BISPHOSPHATE;KEGG:C04062@Charged;ChEBI:83242	MetaCyc:D-MYO-INOSITOL-13-BISPHOSPHATE;KEGG:C04062@Charged;ChEBI:83242	MetaCyc:D-MYO-INOSITOL-13-BISPHOSPHATE;KEGG:C04062@Charged;ChEBI:83242	MetaCyc:D-MYO-INOSITOL-13-BISPHOSPHATE;KEGG:C04062@Charged;ChEBI:83242	KEGG:C04062	KEGG:C04062	EQ	eQuilibrator:MNXM5702	MetaCyc:D-MYO-INOSITOL-13-BISPHOSPHATE@Charged	eQuilibrator:MNXM5702
cpd02513	MetaCyc:D-MYO-INOSITOL-34-BISPHOSPHATE;KEGG:C04063@Charged;ChEBI:83241	MetaCyc:D-MYO-INOSITOL-34-BISPHOSPHATE;KEGG:C04063@Charged;ChEBI:83241	MetaCyc:D-MYO-INOSITOL-34-BISPHOSPHATE;KEGG:C04063@Charged;ChEBI:83241	MetaCyc:D-MYO-INOSITOL-34-BISPHOSPHATE;KEGG:C04063@Charged;ChEBI:83241	KEGG:C04063	KEGG:C04063	EQ	eQuilibrator:MNXM2768	KEGG:C04063@Charged	eQuilibrator:MNXM2768
cpd02514	MetaCyc:CPD-193;KEGG:C04064@Charged	MetaCyc:CPD-193;KEGG:C04064@Charged	MetaCyc:CPD-193;KEGG:C04064@Charged	MetaCyc:CPD-193;KEGG:C04064@Charged	KEGG:C04064	KEGG:C04064	EQ	eQuilibrator:MNXM8507	KEGG:C04064@Charged	eQuilibrator:MNXM8507
cpd02515	MetaCyc:DIETHYL-2-METHYL-3-OXOSUCCINATE;KEGG:C04067;ChEBI:16879	MetaCyc:DIETHYL-2-METHYL-3-OXOSUCCINATE;KEGG:C04067;ChEBI:16879	MetaCyc:DIETHYL-2-METHYL-3-OXOSUCCINATE;KEGG:C04067;ChEBI:16879	MetaCyc:DIETHYL-2-METHYL-3-OXOSUCCINATE;KEGG:C04067;ChEBI:16879	KEGG:C04067	KEGG:C04067	EQ	eQuilibrator:MNXM487048	MetaCyc:DIETHYL-2-METHYL-3-OXOSUCCINATE@Charged	eQuilibrator:MNXM487048
cpd02516	KEGG:C04068	KEGG:C04068	KEGG:C04068	KEGG:C04068	KEGG:C04068	KEGG:C04068	GC	KEGG:C04068@Charged	KEGG:C04068@Charged	eQuilibrator:MNXM512078
cpd02517	KEGG:C04069	KEGG:C04069	KEGG:C04069	KEGG:C04069	KEGG:C04069	KEGG:C04069	GC	KEGG:C04069@Charged	KEGG:C04069@Charged	
cpd02518	MetaCyc:GIBBERELLIN-2-O-BETA-D-GLUCOSIDE;KEGG:C04070@Charged	MetaCyc:GIBBERELLIN-2-O-BETA-D-GLUCOSIDE;KEGG:C04070@Charged	MetaCyc:GIBBERELLIN-2-O-BETA-D-GLUCOSIDE;KEGG:C04070@Charged	MetaCyc:GIBBERELLIN-2-O-BETA-D-GLUCOSIDE;KEGG:C04070@Charged	KEGG:C04070	KEGG:C04070	GC	KEGG:C04070@Charged	KEGG:C04070@Charged	
cpd02519	MetaCyc:GUANIDINOETHYL-METHYL-PHOSPHATE;KEGG:C04071;ChEBI:58042	MetaCyc:GUANIDINOETHYL-METHYL-PHOSPHATE;KEGG:C04071;ChEBI:58042	MetaCyc:GUANIDINOETHYL-METHYL-PHOSPHATE;KEGG:C04071;ChEBI:58042	MetaCyc:GUANIDINOETHYL-METHYL-PHOSPHATE;KEGG:C04071@Charged;ChEBI:58042	KEGG:C04071	KEGG:C04071	GC	KEGG:C04071@Charged	KEGG:C04071@Charged	eQuilibrator:MNXM4606
cpd02520	KEGG:C04074	KEGG:C04074	KEGG:C04074	KEGG:C04074	KEGG:C04074	KEGG:C04074	GC	KEGG:C04074@Charged	KEGG:C04074@Charged	eQuilibrator:MNXM8208
cpd02521	MetaCyc:CPD-680;KEGG:C04075;ChEBI:57555	MetaCyc:CPD-680;KEGG:C04075;ChEBI:57555	MetaCyc:CPD-680;KEGG:C04075;ChEBI:57555	MetaCyc:CPD-680;KEGG:C04075@Charged;ChEBI:57555	KEGG:C04075	KEGG:C04075	GC	MetaCyc:CPD-680@Charged	MetaCyc:CPD-680@Charged	eQuilibrator:MNXM4023
cpd02522	MetaCyc:ALLYSINE;KEGG:C04076;ChEBI:58321	MetaCyc:ALLYSINE;KEGG:C04076;ChEBI:58321	MetaCyc:ALLYSINE;KEGG:C04076;ChEBI:58321	MetaCyc:ALLYSINE;KEGG:C04076@Charged;ChEBI:58321	KEGG:C04076	KEGG:C04076			KEGG:C04076@Charged	eQuilibrator:MNXM89905
cpd02523	KEGG:C04078	KEGG:C04078	KEGG:C04078	KEGG:C04078@Charged	KEGG:C04078	KEGG:C04078	GC	KEGG:C04078@Charged	KEGG:C04078@Charged	eQuilibrator:MNXM157926
cpd02524	KEGG:C04079@Charged;ChEBI:58480@Charged	KEGG:C04079@Charged;ChEBI:58480@Charged	KEGG:C04079@Charged;ChEBI:58480@Charged	KEGG:C04079@Charged;ChEBI:58480@Charged	KEGG:C04079	KEGG:C04079	EQ	eQuilibrator:MNXM3059	KEGG:C04079@Charged	eQuilibrator:MNXM3059
cpd02525	MetaCyc:N-HYDROXY-4-ACETYLAMINONBIPHENYL;KEGG:C04081;ChEBI:16434	MetaCyc:N-HYDROXY-4-ACETYLAMINONBIPHENYL;KEGG:C04081;ChEBI:16434	MetaCyc:N-HYDROXY-4-ACETYLAMINONBIPHENYL;KEGG:C04081;ChEBI:16434	MetaCyc:N-HYDROXY-4-ACETYLAMINONBIPHENYL;KEGG:C04081;ChEBI:16434	KEGG:C04081	KEGG:C04081	GC	KEGG:C04081@Charged	KEGG:C04081@Charged	eQuilibrator:MNXM4060
cpd02526	MetaCyc:CPD-4209;KEGG:C04083;ChEBI:17660	MetaCyc:CPD-4209;KEGG:C04083;ChEBI:17660	MetaCyc:CPD-4209;KEGG:C04083;ChEBI:17660	MetaCyc:CPD-4209;KEGG:C04083@Charged;ChEBI:17660@Charged	KEGG:C04083	KEGG:C04083	EQ	eQuilibrator:MNXM1194	MetaCyc:CPD-4209@Charged	eQuilibrator:MNXM1194
cpd02527	MetaCyc:PREGNA-4911-DIENE-320-DIONE;KEGG:C04084	MetaCyc:PREGNA-4911-DIENE-320-DIONE;KEGG:C04084	MetaCyc:PREGNA-4911-DIENE-320-DIONE;KEGG:C04084	MetaCyc:PREGNA-4911-DIENE-320-DIONE;KEGG:C04084	KEGG:C04084	KEGG:C04084	GC	KEGG:C04084@Charged	KEGG:C04084@Charged	
cpd02528	MetaCyc:CPD-663;KEGG:C04089@Charged;ChEBI:85329	MetaCyc:CPD-663;KEGG:C04089@Charged;ChEBI:85329	MetaCyc:CPD-663;KEGG:C04089@Charged;ChEBI:85329	MetaCyc:CPD-663;KEGG:C04089@Charged;ChEBI:85329	KEGG:C04089	KEGG:C04089	EQ	eQuilibrator:MNXM2873	KEGG:C04089@Charged	eQuilibrator:MNXM2873
cpd02529	MetaCyc:CPD-288;KEGG:C04091;ChEBI:16190	MetaCyc:CPD-288;KEGG:C04091;ChEBI:16190	MetaCyc:CPD-288;KEGG:C04091;ChEBI:16190	MetaCyc:CPD-288;KEGG:C04091;ChEBI:16190	KEGG:C04091	KEGG:C04091	EQ	eQuilibrator:MNXM1731	MetaCyc:CPD-288@Charged	eQuilibrator:MNXM1731
cpd02531	MetaCyc:CPD-8347;ChEBI:28733	MetaCyc:CPD-8347;ChEBI:28733	MetaCyc:CPD-8347;ChEBI:28733	MetaCyc:CPD-8347;ChEBI:28733	KEGG:C04100	KEGG:C04100	GC	MetaCyc:CPD-8347@Charged	MetaCyc:CPD-8347@Charged	eQuilibrator:MNXM60749
cpd02532	MetaCyc:1-O6-O-DIGALLOYL-BETA-D-GLUCOSE;KEGG:C04101;ChEBI:15723	MetaCyc:1-O6-O-DIGALLOYL-BETA-D-GLUCOSE;KEGG:C04101;ChEBI:15723	MetaCyc:1-O6-O-DIGALLOYL-BETA-D-GLUCOSE;KEGG:C04101;ChEBI:15723	MetaCyc:1-O6-O-DIGALLOYL-BETA-D-GLUCOSE;KEGG:C04101;ChEBI:15723	KEGG:C04101	KEGG:C04101	EQ	eQuilibrator:MNXM3418	KEGG:C04101@Charged	eQuilibrator:MNXM3418
cpd02533	MetaCyc:CPD-8343;ChEBI:72998	MetaCyc:CPD-8343;ChEBI:72998	MetaCyc:CPD-8343;ChEBI:72998	MetaCyc:CPD-8343;ChEBI:72998	KEGG:C04102	KEGG:C04102	GC	MetaCyc:CPD-8343@Charged	MetaCyc:CPD-8343@Charged	eQuilibrator:MNXM32510
cpd02534	MetaCyc:CPD-803;KEGG:C04103@Charged;ChEBI:36487	MetaCyc:CPD-803;KEGG:C04103@Charged;ChEBI:36487	MetaCyc:CPD-803;KEGG:C04103@Charged;ChEBI:36487	MetaCyc:CPD-803;KEGG:C04103@Charged;ChEBI:36487	KEGG:C04103	KEGG:C04103	EQ	eQuilibrator:MNXM3788	MetaCyc:CPD-803@Charged	eQuilibrator:MNXM3788
cpd02535	MetaCyc:1-KETO-2-METHYLVALERATE;KEGG:C06007@Charged;ChEBI:49258	MetaCyc:1-KETO-2-METHYLVALERATE;KEGG:C06007@Charged;ChEBI:49258	MetaCyc:1-KETO-2-METHYLVALERATE;KEGG:C06007@Charged;ChEBI:49258	MetaCyc:1-KETO-2-METHYLVALERATE;KEGG:C06007@Charged;ChEBI:49258	KEGG:C04104	KEGG:C04104	EQ	eQuilibrator:MNXM1202	MetaCyc:1-KETO-2-METHYLVALERATE@Charged	eQuilibrator:MNXM1202
cpd02536	MetaCyc:CPD-741;KEGG:C04105@Charged	MetaCyc:CPD-741;KEGG:C04105@Charged	MetaCyc:CPD-741;KEGG:C04105@Charged	MetaCyc:CPD-741;KEGG:C04105@Charged	KEGG:C04105	KEGG:C04105	EQ	eQuilibrator:MNXM1104	KEGG:C04105@Charged	eQuilibrator:MNXM1104
cpd02537	MetaCyc:2-HYDROXYMETHYL-4-OXOBUTANOATE;KEGG:C04106@Charged;ChEBI:58135	MetaCyc:2-HYDROXYMETHYL-4-OXOBUTANOATE;KEGG:C04106@Charged;ChEBI:58135	MetaCyc:2-HYDROXYMETHYL-4-OXOBUTANOATE;KEGG:C04106@Charged;ChEBI:58135	MetaCyc:2-HYDROXYMETHYL-4-OXOBUTANOATE;KEGG:C04106@Charged;ChEBI:58135	KEGG:C04106	KEGG:C04106	EQ	eQuilibrator:MNXM4277	KEGG:C04106@Charged	eQuilibrator:MNXM4277
cpd02538	MetaCyc:20-HYDROXY-3-OXOPREGN-4-EN-21-AL;KEGG:C04108;ChEBI:15690	MetaCyc:20-HYDROXY-3-OXOPREGN-4-EN-21-AL;KEGG:C04108;ChEBI:15690	MetaCyc:20-HYDROXY-3-OXOPREGN-4-EN-21-AL;KEGG:C04108;ChEBI:15690	MetaCyc:20-HYDROXY-3-OXOPREGN-4-EN-21-AL;KEGG:C04108;ChEBI:15690	KEGG:C04108	KEGG:C04108	GC	KEGG:C04108@Charged	KEGG:C04108@Charged	eQuilibrator:MNXM4304
cpd02539					KEGG:C04109	KEGG:C04109	GC			
cpd02540	MetaCyc:CPD-275@Charged;ChEBI:58026@Charged	MetaCyc:CPD-275@Charged;ChEBI:58026@Charged	MetaCyc:CPD-275@Charged;ChEBI:58026@Charged	MetaCyc:CPD-275@Charged;ChEBI:58026@Charged	KEGG:C04110	KEGG:C04110	GC	MetaCyc:CPD-275@Charged	MetaCyc:CPD-275@Charged	
cpd02541	KEGG:C04111@Charged	KEGG:C04111@Charged	KEGG:C04111@Charged	KEGG:C04111@Charged	KEGG:C04111	KEGG:C04111	EQ	eQuilibrator:MNXM36249	KEGG:C04111@Charged	eQuilibrator:MNXM36249
cpd02542	MetaCyc:CPD-10656;KEGG:C04112@Charged	MetaCyc:CPD-10656;KEGG:C04112@Charged	MetaCyc:CPD-10656;KEGG:C04112@Charged	MetaCyc:CPD-10656;KEGG:C04112@Charged	KEGG:C04112		EQ	eQuilibrator:MNXM4989	KEGG:C04112@Charged	eQuilibrator:MNXM4989
cpd02543	MetaCyc:CROTONO-BETAINE;KEGG:C04114;ChEBI:17237	MetaCyc:CROTONO-BETAINE;KEGG:C04114;ChEBI:17237	MetaCyc:CROTONO-BETAINE;KEGG:C04114;ChEBI:17237	MetaCyc:CROTONO-BETAINE;KEGG:C04114;ChEBI:17237	KEGG:C04114		GC	MetaCyc:CROTONO-BETAINE@Charged	MetaCyc:CROTONO-BETAINE@Charged	eQuilibrator:MNXM1607
cpd02544	MetaCyc:4-OH-4-ACETYL-2-OXOGLUTARATE;KEGG:C04115@Charged;ChEBI:58075	MetaCyc:4-OH-4-ACETYL-2-OXOGLUTARATE;KEGG:C04115@Charged;ChEBI:58075	MetaCyc:4-OH-4-ACETYL-2-OXOGLUTARATE;KEGG:C04115@Charged;ChEBI:58075	MetaCyc:4-OH-4-ACETYL-2-OXOGLUTARATE;KEGG:C04115@Charged;ChEBI:58075	KEGG:C04115	KEGG:C04115	EQ	eQuilibrator:MNXM1522	MetaCyc:4-OH-4-ACETYL-2-OXOGLUTARATE@Charged	eQuilibrator:MNXM1522
cpd02545	MetaCyc:S-TETRAHYDROCOLUMBAMINE;KEGG:C04118;ChEBI:17772	MetaCyc:S-TETRAHYDROCOLUMBAMINE;KEGG:C04118;ChEBI:17772	MetaCyc:S-TETRAHYDROCOLUMBAMINE;KEGG:C04118;ChEBI:17772	MetaCyc:S-TETRAHYDROCOLUMBAMINE;KEGG:C04118;ChEBI:17772	KEGG:C04118	KEGG:C04118	EQ	eQuilibrator:MNXM1303	MetaCyc:S-TETRAHYDROCOLUMBAMINE@Charged	eQuilibrator:MNXM1303
cpd02546	KEGG:C04121@Charged;ChEBI:85987	KEGG:C04121@Charged;ChEBI:85987	KEGG:C04121@Charged;ChEBI:85987	KEGG:C04121@Charged;ChEBI:85987	KEGG:C04121	KEGG:C04121	GC	KEGG:C04121@Charged	KEGG:C04121@Charged	eQuilibrator:MNXM535
cpd02547	MetaCyc:R-1-AMINOPROPAN-2-YL-PHOSPHATE;KEGG:C04122@Charged;ChEBI:58563	MetaCyc:R-1-AMINOPROPAN-2-YL-PHOSPHATE;KEGG:C04122@Charged;ChEBI:58563	MetaCyc:R-1-AMINOPROPAN-2-YL-PHOSPHATE;KEGG:C04122@Charged;ChEBI:58563	MetaCyc:R-1-AMINOPROPAN-2-YL-PHOSPHATE;KEGG:C04122@Charged;ChEBI:58563	KEGG:C04122	KEGG:C04122	EQ	eQuilibrator:MNXM1697	MetaCyc:R-1-AMINOPROPAN-2-YL-PHOSPHATE@Charged	eQuilibrator:MNXM1697
cpd02548	MetaCyc:CPD-1102;KEGG:C04197;ChEBI:17990	MetaCyc:CPD-1102;KEGG:C04197;ChEBI:17990	MetaCyc:CPD-1102;KEGG:C04197;ChEBI:17990	MetaCyc:CPD-1102;KEGG:C04197;ChEBI:17990	KEGG:C04197	KEGG:C04197	EQ	eQuilibrator:MNXM1879	MetaCyc:CPD-1102@Charged	eQuilibrator:MNXM1879
cpd02549	KEGG:C04126@Charged	KEGG:C04126@Charged	KEGG:C04126@Charged	KEGG:C04126@Charged	KEGG:C04126	KEGG:C04126	EQ	eQuilibrator:MNXM31706	KEGG:C04126@Charged	eQuilibrator:MNXM31706
cpd02550	KEGG:C04130	KEGG:C04130	KEGG:C04130	KEGG:C04130	KEGG:C04130	KEGG:C04130	GC	KEGG:C04130@Charged	KEGG:C04130@Charged	
cpd02551	MetaCyc:CPD-13665	MetaCyc:CPD-13665	MetaCyc:CPD-13665	MetaCyc:CPD-13665	KEGG:C04132	KEGG:C04132	GC	MetaCyc:CPD-13665@Charged	MetaCyc:CPD-13665@Charged	
cpd02552	MetaCyc:N-ACETYL-GLUTAMYL-P;KEGG:C04133@Charged;ChEBI:57936	MetaCyc:N-ACETYL-GLUTAMYL-P;KEGG:C04133@Charged;ChEBI:57936	MetaCyc:N-ACETYL-GLUTAMYL-P;KEGG:C04133@Charged;ChEBI:57936	MetaCyc:N-ACETYL-GLUTAMYL-P;KEGG:C04133@Charged;ChEBI:57936	KEGG:C04133	KEGG:C04133	EQ	eQuilibrator:MNXM1384	MetaCyc:N-ACETYL-GLUTAMYL-P@Charged	eQuilibrator:MNXM1384
cpd02553	MetaCyc:CPD-309;ChEBI:57520	MetaCyc:CPD-309;ChEBI:57520	MetaCyc:CPD-309;ChEBI:57520	MetaCyc:CPD-309;ChEBI:57520	KEGG:C04137	KEGG:C04137	EQ	eQuilibrator:MNXM3008	MetaCyc:CPD-309@Charged	eQuilibrator:MNXM3008
cpd02554	MetaCyc:NALPHA-GAMMA-L-GLUTAMYLHISTAMINE;KEGG:C04138;ChEBI:58631	MetaCyc:NALPHA-GAMMA-L-GLUTAMYLHISTAMINE;KEGG:C04138;ChEBI:58631	MetaCyc:NALPHA-GAMMA-L-GLUTAMYLHISTAMINE;KEGG:C04138;ChEBI:58631	MetaCyc:NALPHA-GAMMA-L-GLUTAMYLHISTAMINE@Charged;KEGG:C04138@Charged;ChEBI:58631	KEGG:C04138	KEGG:C04138	EQ	eQuilibrator:MNXM5829	KEGG:C04138@Charged	eQuilibrator:MNXM5829
cpd02555	KEGG:C04144@Charged;ChEBI:58140	KEGG:C04144@Charged;ChEBI:58140	KEGG:C04144@Charged;ChEBI:58140	KEGG:C04144@Charged;ChEBI:58140@Charged	KEGG:C04144	KEGG:C04144	GC	KEGG:C04144@Charged	KEGG:C04144@Charged	eQuilibrator:MNXM2563
cpd02557	MetaCyc:OCTAPRENYL-DIPHOSPHATE@Charged;KEGG:C04146@Charged;ChEBI:57711@Charged	MetaCyc:OCTAPRENYL-DIPHOSPHATE@Charged;KEGG:C04146@Charged;ChEBI:57711@Charged	MetaCyc:OCTAPRENYL-DIPHOSPHATE@Charged;KEGG:C04146@Charged;ChEBI:57711@Charged	MetaCyc:OCTAPRENYL-DIPHOSPHATE@Charged;KEGG:C04146@Charged;ChEBI:57711@Charged	KEGG:C04146		EQ	eQuilibrator:MNXM811	MetaCyc:OCTAPRENYL-DIPHOSPHATE@Charged	eQuilibrator:MNXM811
cpd02558	KEGG:C04147	KEGG:C04147	KEGG:C04147	KEGG:C04147	KEGG:C04147	KEGG:C04147	EQ	eQuilibrator:MNXM41174	KEGG:C04147@Charged	eQuilibrator:MNXM41174
cpd02559	MetaCyc:CPD-1097;KEGG:C04148@Charged;ChEBI:58310	MetaCyc:CPD-1097;KEGG:C04148@Charged;ChEBI:58310	MetaCyc:CPD-1097;KEGG:C04148@Charged;ChEBI:58310	MetaCyc:CPD-1097;KEGG:C04148@Charged;ChEBI:58310	KEGG:C04148	KEGG:C04148	EQ	eQuilibrator:MNXM3305	KEGG:C04148@Charged	eQuilibrator:MNXM3305
cpd02560	MetaCyc:BETA-D-MANNOSYLPHOSPHODECAPRENOL;KEGG:C04150@Charged	MetaCyc:BETA-D-MANNOSYLPHOSPHODECAPRENOL;KEGG:C04150@Charged	MetaCyc:BETA-D-MANNOSYLPHOSPHODECAPRENOL;KEGG:C04150@Charged	MetaCyc:BETA-D-MANNOSYLPHOSPHODECAPRENOL;KEGG:C04150@Charged	KEGG:C04150	KEGG:C04150	GC	KEGG:C04150@Charged	KEGG:C04150@Charged	
cpd02561	MetaCyc:TRANS-CINNAMOYL-BETA-D-GLUCOSE;KEGG:C04164;ChEBI:16279	MetaCyc:TRANS-CINNAMOYL-BETA-D-GLUCOSE;KEGG:C04164;ChEBI:16279	MetaCyc:TRANS-CINNAMOYL-BETA-D-GLUCOSE;KEGG:C04164;ChEBI:16279	MetaCyc:TRANS-CINNAMOYL-BETA-D-GLUCOSE;KEGG:C04164;ChEBI:16279	KEGG:C04164	KEGG:C04164	EQ	eQuilibrator:MNXM1616	MetaCyc:TRANS-CINNAMOYL-BETA-D-GLUCOSE@Charged	eQuilibrator:MNXM1616
cpd02562	KEGG:C04165	KEGG:C04165	KEGG:C04165	KEGG:C04165	KEGG:C04165	KEGG:C04165	EQ	eQuilibrator:MNXM30138	KEGG:C04165@Charged	eQuilibrator:MNXM30138
cpd02563	KEGG:C04166	KEGG:C04166	KEGG:C04166	KEGG:C04166	KEGG:C04166	KEGG:C04166	GC	KEGG:C04166@Charged	KEGG:C04166@Charged	
cpd02564	MetaCyc:--TRANS-ACENAPHTHENE-12-DIOL;KEGG:C04167	MetaCyc:--TRANS-ACENAPHTHENE-12-DIOL;KEGG:C04167	MetaCyc:--TRANS-ACENAPHTHENE-12-DIOL;KEGG:C04167	MetaCyc:--TRANS-ACENAPHTHENE-12-DIOL;KEGG:C04167	KEGG:C04167	KEGG:C04167	GC	MetaCyc:--TRANS-ACENAPHTHENE-12-DIOL@Charged	MetaCyc:--TRANS-ACENAPHTHENE-12-DIOL@Charged	eQuilibrator:MNXM163611
cpd02565	KEGG:C04170@Charged	KEGG:C04170@Charged	KEGG:C04170@Charged	KEGG:C04170@Charged		KEGG:C04170	GC	KEGG:C04170@Charged	KEGG:C04170@Charged	
cpd02566	MetaCyc:DIHYDRO-DIOH-BENZOATE;KEGG:C04171@Charged;ChEBI:58764	MetaCyc:DIHYDRO-DIOH-BENZOATE;KEGG:C04171@Charged;ChEBI:58764	MetaCyc:DIHYDRO-DIOH-BENZOATE;KEGG:C04171@Charged;ChEBI:58764	MetaCyc:DIHYDRO-DIOH-BENZOATE;KEGG:C04171@Charged;ChEBI:58764	KEGG:C04171	KEGG:C04171	EQ	eQuilibrator:MNXM114261	MetaCyc:DIHYDRO-DIOH-BENZOATE@Charged	eQuilibrator:MNXM114261
cpd02567	KEGG:C04175@Charged	KEGG:C04175@Charged	KEGG:C04175@Charged	KEGG:C04175@Charged	KEGG:C04175	KEGG:C04175	GC	KEGG:C04175@Charged	KEGG:C04175@Charged	
cpd02568	MetaCyc:35-DIBROMO-4-HYDROXYBENZONITRILE;KEGG:C04178@Charged;ChEBI:58046	MetaCyc:35-DIBROMO-4-HYDROXYBENZONITRILE;KEGG:C04178@Charged;ChEBI:58046	MetaCyc:35-DIBROMO-4-HYDROXYBENZONITRILE;KEGG:C04178@Charged;ChEBI:58046	MetaCyc:35-DIBROMO-4-HYDROXYBENZONITRILE;KEGG:C04178@Charged;ChEBI:58046	KEGG:C04178	KEGG:C04178	GC	KEGG:C04178@Charged	KEGG:C04178@Charged	
cpd02569	MetaCyc:CPD-231;KEGG:C04181@Charged;ChEBI:11812	MetaCyc:CPD-231;KEGG:C04181@Charged;ChEBI:11812	MetaCyc:CPD-231;KEGG:C04181@Charged;ChEBI:11812	MetaCyc:CPD-231;KEGG:C04181@Charged;ChEBI:11812	KEGG:C04181	KEGG:C04181	EQ	eQuilibrator:MNXM1638	MetaCyc:CPD-231@Charged	eQuilibrator:MNXM1638
cpd02570	KEGG:C06033@Charged;ChEBI:58276	KEGG:C06033@Charged;ChEBI:58276	KEGG:C06033@Charged;ChEBI:58276	KEGG:C06033@Charged;ChEBI:58276	KEGG:C06033	KEGG:C06033	EQ	eQuilibrator:MNXM2196	KEGG:C06033@Charged	eQuilibrator:MNXM2196
cpd02571	MetaCyc:56-DIHYDROXYINDOLE-2-CARBOXYLATE;KEGG:C04185@Charged;ChEBI:16875	MetaCyc:56-DIHYDROXYINDOLE-2-CARBOXYLATE;KEGG:C04185@Charged;ChEBI:16875	MetaCyc:56-DIHYDROXYINDOLE-2-CARBOXYLATE;KEGG:C04185@Charged;ChEBI:16875	MetaCyc:56-DIHYDROXYINDOLE-2-CARBOXYLATE;KEGG:C04185@Charged;ChEBI:16875	KEGG:C04185	KEGG:C04185	EQ	eQuilibrator:MNXM2947	MetaCyc:56-DIHYDROXYINDOLE-2-CARBOXYLATE@Charged	eQuilibrator:MNXM2947
cpd02572	MetaCyc:CPD-784@Charged;KEGG:C04186@Charged;ChEBI:47961@Charged	MetaCyc:CPD-784@Charged;KEGG:C04186@Charged;ChEBI:47961@Charged	MetaCyc:CPD-784@Charged;KEGG:C04186@Charged;ChEBI:47961@Charged	MetaCyc:CPD-784@Charged;KEGG:C04186@Charged;ChEBI:47961@Charged	KEGG:C04186		EQ		KEGG:C04186@Charged	
cpd02573	MetaCyc:CPD-1110@Charged;KEGG:C04187@Charged;ChEBI:58541@Charged	MetaCyc:CPD-1110@Charged;KEGG:C04187@Charged;ChEBI:58541@Charged	MetaCyc:CPD-1110@Charged;KEGG:C04187@Charged;ChEBI:58541@Charged	MetaCyc:CPD-1110@Charged;KEGG:C04187@Charged;ChEBI:58541@Charged	KEGG:C04187	KEGG:C04187	EQ	eQuilibrator:MNXM4399	MetaCyc:CPD-1110@Charged	eQuilibrator:MNXM4399
cpd02574	MetaCyc:CPD-444;KEGG:C04188@Charged;ChEBI:58533	MetaCyc:CPD-444;KEGG:C04188@Charged;ChEBI:58533	MetaCyc:CPD-444;KEGG:C04188@Charged;ChEBI:58533	MetaCyc:CPD-444;KEGG:C04188@Charged;ChEBI:58533	KEGG:C04188	KEGG:C04188	EQ	eQuilibrator:MNXM407	KEGG:C04188@Charged	eQuilibrator:MNXM407
cpd02575	KEGG:C04191@Charged	KEGG:C04191@Charged	KEGG:C04191@Charged	KEGG:C04191@Charged	KEGG:C04191	KEGG:C04191	EQ	eQuilibrator:MNXM50821	KEGG:C04191@Charged	eQuilibrator:MNXM50821
cpd02576	KEGG:C04193	KEGG:C04193	KEGG:C04193	KEGG:C04193	KEGG:C04193	KEGG:C04193	GC	KEGG:C04193@Charged	KEGG:C04193@Charged	eQuilibrator:MNXM512077
cpd02577										
cpd02578										
cpd02579					KEGG:C04199	KEGG:C04199	GC			
cpd02580	MetaCyc:L-TYROSINE-METHYL-ESTER-4-SULFATE;KEGG:C04201;ChEBI:58377@Charged	MetaCyc:L-TYROSINE-METHYL-ESTER-4-SULFATE;KEGG:C04201;ChEBI:58377@Charged	MetaCyc:L-TYROSINE-METHYL-ESTER-4-SULFATE;KEGG:C04201;ChEBI:58377@Charged	MetaCyc:L-TYROSINE-METHYL-ESTER-4-SULFATE;KEGG:C04201@Charged;ChEBI:58377@Charged	KEGG:C04201	KEGG:C04201	GC	KEGG:C04201@Charged	KEGG:C04201@Charged	eQuilibrator:MNXM4648
cpd02581	MetaCyc:CPD0-1148;KEGG:C04203;ChEBI:15783	MetaCyc:CPD0-1148;KEGG:C04203;ChEBI:15783	MetaCyc:CPD0-1148;KEGG:C04203;ChEBI:15783	MetaCyc:CPD0-1148;KEGG:C04203;ChEBI:15783		KEGG:C04203	GC	MetaCyc:CPD0-1148@Charged	MetaCyc:CPD0-1148@Charged	eQuilibrator:MNXM3664
cpd02582	MetaCyc:N-23-DIHYDROXYBENZOYL-L-SERINE;KEGG:C04204@Charged;ChEBI:58154	MetaCyc:N-23-DIHYDROXYBENZOYL-L-SERINE;KEGG:C04204@Charged;ChEBI:58154	MetaCyc:N-23-DIHYDROXYBENZOYL-L-SERINE;KEGG:C04204@Charged;ChEBI:58154	MetaCyc:N-23-DIHYDROXYBENZOYL-L-SERINE;KEGG:C04204@Charged;ChEBI:58154	KEGG:C04204	KEGG:C04204	GC	MetaCyc:N-23-DIHYDROXYBENZOYL-L-SERINE@Charged	MetaCyc:N-23-DIHYDROXYBENZOYL-L-SERINE@Charged	eQuilibrator:MNXM1487
cpd02583	MetaCyc:N-34-DICHLOROPHENYLMALONATE;KEGG:C04205@Charged;ChEBI:17318	MetaCyc:N-34-DICHLOROPHENYLMALONATE;KEGG:C04205@Charged;ChEBI:17318	MetaCyc:N-34-DICHLOROPHENYLMALONATE;KEGG:C04205@Charged;ChEBI:17318	MetaCyc:N-34-DICHLOROPHENYLMALONATE;KEGG:C04205@Charged;ChEBI:17318	KEGG:C04205	KEGG:C04205	EQ	eQuilibrator:MNXM4693	MetaCyc:N-34-DICHLOROPHENYLMALONATE@Charged	eQuilibrator:MNXM4693
cpd02584	MetaCyc:N-BENZOYL-4-HYDROXYANTHRANILATE;KEGG:C04207@Charged;ChEBI:57833	MetaCyc:N-BENZOYL-4-HYDROXYANTHRANILATE;KEGG:C04207@Charged;ChEBI:57833	MetaCyc:N-BENZOYL-4-HYDROXYANTHRANILATE;KEGG:C04207@Charged;ChEBI:57833	MetaCyc:N-BENZOYL-4-HYDROXYANTHRANILATE;KEGG:C04207@Charged;ChEBI:57833	KEGG:C04207	KEGG:C04207	EQ	eQuilibrator:MNXM4058	MetaCyc:N-BENZOYL-4-HYDROXYANTHRANILATE@Charged	eQuilibrator:MNXM4058
cpd02585	MetaCyc:N-BENZOYL-4-METHOXYANTHRANILATE;KEGG:C04208@Charged;ChEBI:36564	MetaCyc:N-BENZOYL-4-METHOXYANTHRANILATE;KEGG:C04208@Charged;ChEBI:36564	MetaCyc:N-BENZOYL-4-METHOXYANTHRANILATE;KEGG:C04208@Charged;ChEBI:36564	MetaCyc:N-BENZOYL-4-METHOXYANTHRANILATE;KEGG:C04208@Charged;ChEBI:36564	KEGG:C04208	KEGG:C04208	EQ	eQuilibrator:MNXM4720	MetaCyc:N-BENZOYL-4-METHOXYANTHRANILATE@Charged	eQuilibrator:MNXM4720
cpd02586	MetaCyc:N3-OXALYL-L-23-DIAMINOPROPANOATE@Charged;KEGG:C04209;ChEBI:57758@Charged	MetaCyc:N3-OXALYL-L-23-DIAMINOPROPANOATE@Charged;KEGG:C04209;ChEBI:57758@Charged	MetaCyc:N3-OXALYL-L-23-DIAMINOPROPANOATE@Charged;KEGG:C04209;ChEBI:57758@Charged	MetaCyc:N3-OXALYL-L-23-DIAMINOPROPANOATE@Charged;KEGG:C04209@Charged;ChEBI:57758@Charged	KEGG:C04209	KEGG:C04209	EQ	eQuilibrator:MNXM4681	KEGG:C04209@Charged	eQuilibrator:MNXM4681
cpd02587	KEGG:C04210;ChEBI:57889	KEGG:C04210;ChEBI:57889	KEGG:C04210;ChEBI:57889	KEGG:C04210@Charged;ChEBI:57889	KEGG:C04210	KEGG:C04210	GC	KEGG:C04210@Charged	KEGG:C04210@Charged	eQuilibrator:MNXM4045
cpd02588	MetaCyc:CPD-1061;KEGG:C04211;ChEBI:58105	MetaCyc:CPD-1061;KEGG:C04211;ChEBI:58105	MetaCyc:CPD-1061;KEGG:C04211;ChEBI:58105	MetaCyc:CPD-1061;KEGG:C04211@Charged;ChEBI:58105	KEGG:C04211	KEGG:C04211	EQ	eQuilibrator:MNXM4684	KEGG:C04211@Charged	eQuilibrator:MNXM4684
cpd02589	KEGG:C04212@Charged	KEGG:C04212@Charged		KEGG:C04212@Charged	KEGG:C04212	KEGG:C04212	GC	KEGG:C04212@Charged	KEGG:C04212@Charged	
cpd02590	MetaCyc:ALL-TRANS-HEPTAPRENYL-DIPHOSPHATE@Charged;KEGG:C04216@Charged;ChEBI:58206@Charged	MetaCyc:ALL-TRANS-HEPTAPRENYL-DIPHOSPHATE@Charged;KEGG:C04216@Charged;ChEBI:58206@Charged	MetaCyc:ALL-TRANS-HEPTAPRENYL-DIPHOSPHATE@Charged;KEGG:C04216@Charged;ChEBI:58206@Charged	MetaCyc:ALL-TRANS-HEPTAPRENYL-DIPHOSPHATE@Charged;KEGG:C04216@Charged;ChEBI:58206@Charged	KEGG:C04216		EQ	eQuilibrator:MNXM1722	KEGG:C04216@Charged	eQuilibrator:MNXM1722
cpd02591	MetaCyc:ALL-TRANS-PENTAPRENYL-DIPHOSPHATE@Charged;KEGG:C04217@Charged;ChEBI:57907@Charged	MetaCyc:ALL-TRANS-PENTAPRENYL-DIPHOSPHATE@Charged;KEGG:C04217@Charged;ChEBI:57907@Charged	MetaCyc:ALL-TRANS-PENTAPRENYL-DIPHOSPHATE@Charged;KEGG:C04217@Charged;ChEBI:57907@Charged	MetaCyc:ALL-TRANS-PENTAPRENYL-DIPHOSPHATE@Charged;KEGG:C04217@Charged;ChEBI:57907@Charged	KEGG:C04217		EQ	eQuilibrator:MNXM2210	MetaCyc:ALL-TRANS-PENTAPRENYL-DIPHOSPHATE@Charged	eQuilibrator:MNXM2210
cpd02592	KEGG:C04218;ChEBI:18234	KEGG:C04218;ChEBI:18234	KEGG:C04218;ChEBI:18234	KEGG:C04218;ChEBI:18234	KEGG:C04218	KEGG:C04218	EQ	eQuilibrator:MNXM3534	KEGG:C04218@Charged	eQuilibrator:MNXM3534
cpd02593	KEGG:C04219	KEGG:C04219	KEGG:C04219	MetaCyc:CPD-10463	KEGG:C04219	KEGG:C04219	GC	KEGG:C04219@Charged	KEGG:C04219@Charged	
cpd02594	MetaCyc:CPD-289;KEGG:C04221;ChEBI:10702	MetaCyc:CPD-289;KEGG:C04221;ChEBI:10702	MetaCyc:CPD-289;KEGG:C04221;ChEBI:10702	MetaCyc:CPD-289;KEGG:C04221;ChEBI:10702	KEGG:C04221	KEGG:C04221	GC	MetaCyc:CPD-289@Charged	MetaCyc:CPD-289@Charged	
cpd02595	MetaCyc:4-COUMAROYLQUINATE;KEGG:C12208@Charged;ChEBI:57575	MetaCyc:4-COUMAROYLQUINATE;KEGG:C12208@Charged;ChEBI:57575	MetaCyc:4-COUMAROYLQUINATE;KEGG:C12208@Charged;ChEBI:57575	MetaCyc:4-COUMAROYLQUINATE;KEGG:C12208@Charged;ChEBI:57575	KEGG:C12208	KEGG:C12208	EQ	eQuilibrator:MNXM2870	KEGG:C12208@Charged	eQuilibrator:MNXM2870
cpd02596	KEGG:C04223	KEGG:C04223	KEGG:C04223	KEGG:C04223	KEGG:C04223	KEGG:C04223	GC	KEGG:C04223@Charged	KEGG:C04223@Charged	
cpd02597	MetaCyc:CPD-1136;KEGG:C04225@Charged;ChEBI:57872	MetaCyc:CPD-1136;KEGG:C04225@Charged;ChEBI:57872	MetaCyc:CPD-1136;KEGG:C04225@Charged;ChEBI:57872	MetaCyc:CPD-1136;KEGG:C04225@Charged;ChEBI:57872	KEGG:C04225		EQ	eQuilibrator:MNXM1792	KEGG:C04225@Charged	eQuilibrator:MNXM1792
cpd02598	MetaCyc:CPD-283;KEGG:C04226@Charged;ChEBI:57777	MetaCyc:CPD-283;KEGG:C04226@Charged;ChEBI:57777	MetaCyc:CPD-283;KEGG:C04226@Charged;ChEBI:57777	MetaCyc:CPD-283;KEGG:C04226@Charged;ChEBI:57777	KEGG:C04226	KEGG:C04226	EQ	eQuilibrator:MNXM2168	MetaCyc:CPD-283@Charged	eQuilibrator:MNXM2168
cpd02599	KEGG:C04227@Charged;ChEBI:141486	KEGG:C04227@Charged;ChEBI:141486	KEGG:C04227@Charged;ChEBI:141486	KEGG:C04227@Charged;ChEBI:141486	KEGG:C04227	KEGG:C04227	GC	KEGG:C04227@Charged	KEGG:C04227@Charged	
cpd02600	MetaCyc:CPD-12164;KEGG:C04229@Charged	MetaCyc:CPD-12164;KEGG:C04229@Charged	MetaCyc:CPD-12164;KEGG:C04229@Charged	MetaCyc:CPD-12164;KEGG:C04229@Charged	KEGG:C04229		EQ	eQuilibrator:MNXM36238	MetaCyc:CPD-12164@Charged	eQuilibrator:MNXM36238
cpd02601	KEGG:C04230@Charged	KEGG:C04230@Charged		KEGG:C04230@Charged	KEGG:C04230	KEGG:C04230	GC	KEGG:C04230@Charged	KEGG:C04230@Charged	
cpd02602	MetaCyc:Purine-deoxyribonucleosides-5-PP@Charged;MetaCyc:Pyrimidine-deoxyribonucleosides-5-PP@Charged;MetaCyc:Pyrimidine-ribonucleosides-5-PP@Charged;KEGG:C04232@Charged;ChEBI:73316@Charged	MetaCyc:Purine-deoxyribonucleosides-5-PP@Charged;MetaCyc:Pyrimidine-deoxyribonucleosides-5-PP@Charged;MetaCyc:Pyrimidine-ribonucleosides-5-PP@Charged;KEGG:C04232@Charged;ChEBI:73316@Charged		MetaCyc:Purine-deoxyribonucleosides-5-PP@Charged;MetaCyc:Pyrimidine-deoxyribonucleosides-5-PP@Charged;MetaCyc:Pyrimidine-ribonucleosides-5-PP@Charged;KEGG:C04232@Charged;ChEBI:73316@Charged	KEGG:C04232	KEGG:C04232	GC	KEGG:C04232@Charged	KEGG:C04232@Charged	
cpd02603	KEGG:C04233@Charged	KEGG:C04233@Charged		KEGG:C04233@Charged	KEGG:C04233	KEGG:C04233	GC	KEGG:C04233@Charged	KEGG:C04233@Charged	
cpd02604	KEGG:C04234@Charged;ChEBI:58185	KEGG:C04234@Charged;ChEBI:58185	KEGG:C04234@Charged;ChEBI:58185	KEGG:C04234@Charged;ChEBI:58185	KEGG:C04234	KEGG:C04234	EQ	eQuilibrator:MNXM4283	KEGG:C04234@Charged	eQuilibrator:MNXM4283
cpd02605	MetaCyc:CPD-7100;KEGG:C04236@Charged;ChEBI:17214	MetaCyc:CPD-7100;KEGG:C04236@Charged;ChEBI:17214	MetaCyc:CPD-7100;KEGG:C04236@Charged;ChEBI:17214	MetaCyc:CPD-7100;KEGG:C04236@Charged;ChEBI:17214	KEGG:C04236	KEGG:C04236	EQ	eQuilibrator:MNXM1602	KEGG:C04236@Charged	eQuilibrator:MNXM1602
cpd02606	MetaCyc:CPD-12013;KEGG:C04237@Charged	MetaCyc:CPD-12013;KEGG:C04237@Charged	MetaCyc:CPD-12013;KEGG:C04237@Charged	MetaCyc:CPD-12013;KEGG:C04237@Charged	KEGG:C04237	KEGG:C04237	EQ	eQuilibrator:MNXM484236	MetaCyc:CPD-12013@Charged	eQuilibrator:MNXM484236
cpd02607	MetaCyc:CPD0-2081;KEGG:C04242@Charged	MetaCyc:CPD0-2081;KEGG:C04242@Charged	MetaCyc:CPD0-2081;KEGG:C04242@Charged	MetaCyc:CPD0-2081;KEGG:C04242@Charged	KEGG:C04242	KEGG:C04242	EQ	eQuilibrator:MNXM38120	MetaCyc:CPD0-2081@Charged	eQuilibrator:MNXM38120
cpd02608	MetaCyc:6-LACTOYL-5678-TETRAHYDROPTERIN	MetaCyc:6-LACTOYL-5678-TETRAHYDROPTERIN	MetaCyc:6-LACTOYL-5678-TETRAHYDROPTERIN	MetaCyc:6-LACTOYL-5678-TETRAHYDROPTERIN@Charged	KEGG:C04244	KEGG:C04244	GC	MetaCyc:6-LACTOYL-5678-TETRAHYDROPTERIN@Charged	MetaCyc:6-LACTOYL-5678-TETRAHYDROPTERIN@Charged	
cpd02609	KEGG:C04245	KEGG:C04245	KEGG:C04245	KEGG:C04245@Charged	KEGG:C04245	KEGG:C04245	EQ	eQuilibrator:MNXM152192	KEGG:C04245@Charged	eQuilibrator:MNXM152192
cpd02610	KEGG:C04255@Charged;ChEBI:63270	KEGG:C04255@Charged;ChEBI:63270	KEGG:C04255@Charged;ChEBI:63270	KEGG:C04255@Charged;ChEBI:63270	KEGG:C04255	KEGG:C04255	GC	KEGG:C04255@Charged	KEGG:C04255@Charged	eQuilibrator:MNXM5834
cpd02611	MetaCyc:N-ACETYLD-D-MANNOSAMINE-1P	MetaCyc:N-ACETYLD-D-MANNOSAMINE-1P	MetaCyc:N-ACETYLD-D-MANNOSAMINE-1P	MetaCyc:N-ACETYLD-D-MANNOSAMINE-1P	KEGG:C04256	KEGG:C04256	GC	MetaCyc:N-ACETYLD-D-MANNOSAMINE-1P@Charged	MetaCyc:N-ACETYLD-D-MANNOSAMINE-1P@Charged	
cpd02612	MetaCyc:N-ACETYL-D-MANNOSAMINE-6P;KEGG:C04257@Charged	MetaCyc:N-ACETYL-D-MANNOSAMINE-6P;KEGG:C04257@Charged	MetaCyc:N-ACETYL-D-MANNOSAMINE-6P;KEGG:C04257@Charged	MetaCyc:N-ACETYL-D-MANNOSAMINE-6P;KEGG:C04257@Charged	KEGG:C04257	KEGG:C04257	GC	MetaCyc:N-ACETYL-D-MANNOSAMINE-6P@Charged	MetaCyc:N-ACETYL-D-MANNOSAMINE-6P@Charged	
cpd02613	MetaCyc:NALPHANALPHA-DIMETHYL-L-HISTIDINE;KEGG:C04259;ChEBI:57610	MetaCyc:NALPHANALPHA-DIMETHYL-L-HISTIDINE;KEGG:C04259;ChEBI:57610	MetaCyc:NALPHANALPHA-DIMETHYL-L-HISTIDINE;KEGG:C04259;ChEBI:57610	MetaCyc:NALPHANALPHA-DIMETHYL-L-HISTIDINE;KEGG:C04259@Charged;ChEBI:57610	KEGG:C04259	KEGG:C04259	GC	MetaCyc:NALPHANALPHA-DIMETHYL-L-HISTIDINE@Charged	MetaCyc:NALPHANALPHA-DIMETHYL-L-HISTIDINE@Charged	eQuilibrator:MNXM3662
cpd02614	MetaCyc:S-4-BROMOPHENYL-MERCAPTOPYRUVATE;KEGG:C04264@Charged;ChEBI:17468	MetaCyc:S-4-BROMOPHENYL-MERCAPTOPYRUVATE;KEGG:C04264@Charged;ChEBI:17468	MetaCyc:S-4-BROMOPHENYL-MERCAPTOPYRUVATE;KEGG:C04264@Charged;ChEBI:17468	MetaCyc:S-4-BROMOPHENYL-MERCAPTOPYRUVATE;KEGG:C04264@Charged;ChEBI:17468	KEGG:C04264	KEGG:C04264	EQ	eQuilibrator:MNXM4182	MetaCyc:S-4-BROMOPHENYL-MERCAPTOPYRUVATE@Charged	eQuilibrator:MNXM4182
cpd02615	KEGG:C04265	KEGG:C04265	KEGG:C04265	KEGG:C04265	KEGG:C04265	KEGG:C04265	EQ	eQuilibrator:MNXM40912	KEGG:C04265@Charged	eQuilibrator:MNXM40912
cpd02616	MetaCyc:CPD-472;KEGG:C04268@Charged;ChEBI:68501	MetaCyc:CPD-472;KEGG:C04268@Charged;ChEBI:68501	MetaCyc:CPD-472;KEGG:C04268@Charged;ChEBI:68501	MetaCyc:CPD-472;KEGG:C04268@Charged;ChEBI:68501	KEGG:C04268	KEGG:C04268	GC	MetaCyc:CPD-472@Charged	MetaCyc:CPD-472@Charged	
cpd02618	MetaCyc:CPD-4402;KEGG:C04271;ChEBI:15648	MetaCyc:CPD-4402;KEGG:C04271;ChEBI:15648	MetaCyc:CPD-4402;KEGG:C04271;ChEBI:15648	MetaCyc:CPD-4402;KEGG:C04271;ChEBI:15648	KEGG:C04271	KEGG:C04271	GC	MetaCyc:CPD-4402@Charged	MetaCyc:CPD-4402@Charged	eQuilibrator:MNXM2751
cpd02620	MetaCyc:CPD-20541;KEGG:C04273	MetaCyc:CPD-20541;KEGG:C04273	MetaCyc:CPD-20541;KEGG:C04273	MetaCyc:CPD-20541;KEGG:C04273	KEGG:C04273	KEGG:C04273	GC	MetaCyc:CPD-20541@Charged	MetaCyc:CPD-20541@Charged	
cpd02621	KEGG:C04274	KEGG:C04274	KEGG:C04274	KEGG:C04274		KEGG:C04274	GC	KEGG:C04274@Charged	KEGG:C04274@Charged	eQuilibrator:MNXM32193
cpd02622	MetaCyc:12-BIS-O-SINAPOYL-BETA-D-GLUCOSIDE;KEGG:C04275;ChEBI:27993	MetaCyc:12-BIS-O-SINAPOYL-BETA-D-GLUCOSIDE;KEGG:C04275;ChEBI:27993	MetaCyc:12-BIS-O-SINAPOYL-BETA-D-GLUCOSIDE;KEGG:C04275;ChEBI:27993	MetaCyc:12-BIS-O-SINAPOYL-BETA-D-GLUCOSIDE;KEGG:C04275;ChEBI:27993	KEGG:C04275	KEGG:C04275	EQ	eQuilibrator:MNXM4216	MetaCyc:12-BIS-O-SINAPOYL-BETA-D-GLUCOSIDE@Charged	eQuilibrator:MNXM4216
cpd02623	MetaCyc:CPD-3921;KEGG:C04277;ChEBI:16968	MetaCyc:CPD-3921;KEGG:C04277;ChEBI:16968	MetaCyc:CPD-3921;KEGG:C04277;ChEBI:16968	MetaCyc:CPD-3921;KEGG:C04277;ChEBI:16968	KEGG:C04277	KEGG:C04277	EQ	eQuilibrator:MNXM4223	MetaCyc:CPD-3921@Charged	eQuilibrator:MNXM4223
cpd02624	MetaCyc:CPD-7168;KEGG:C04280@Charged;ChEBI:58016	MetaCyc:CPD-7168;KEGG:C04280@Charged;ChEBI:58016	MetaCyc:CPD-7168;KEGG:C04280@Charged;ChEBI:58016	MetaCyc:CPD-7168;KEGG:C04280@Charged;ChEBI:58016	KEGG:C04280	KEGG:C04280	EQ	eQuilibrator:MNXM3422	KEGG:C04280@Charged	eQuilibrator:MNXM3422
cpd02625	MetaCyc:PYRROLINE-HYDROXY-CARBOXYLATE;KEGG:C04281@Charged;ChEBI:62612	MetaCyc:PYRROLINE-HYDROXY-CARBOXYLATE;KEGG:C04281@Charged;ChEBI:62612	MetaCyc:PYRROLINE-HYDROXY-CARBOXYLATE;KEGG:C04281@Charged;ChEBI:62612	MetaCyc:PYRROLINE-HYDROXY-CARBOXYLATE;KEGG:C04281@Charged;ChEBI:62612	KEGG:C04281	KEGG:C04281	EQ	eQuilibrator:MNXM114091	KEGG:C04281@Charged	eQuilibrator:MNXM114091
cpd02626	MetaCyc:CPD-1128;KEGG:C04282@Charged;ChEBI:57745	MetaCyc:CPD-1128;KEGG:C04282@Charged;ChEBI:57745	MetaCyc:CPD-1128;KEGG:C04282@Charged;ChEBI:57745	MetaCyc:CPD-1128;KEGG:C04282@Charged;ChEBI:57745	KEGG:C04282	KEGG:C04282	EQ	eQuilibrator:MNXM1992	KEGG:C04282@Charged	eQuilibrator:MNXM1992
cpd02627	KEGG:C04283@Charged	KEGG:C04283@Charged		KEGG:C04283@Charged	KEGG:C04283	KEGG:C04283	GC	KEGG:C04283@Charged	KEGG:C04283@Charged	
cpd02628	MetaCyc:CPD-7975;KEGG:C04284	MetaCyc:CPD-7975;KEGG:C04284	MetaCyc:CPD-7975;KEGG:C04284	MetaCyc:CPD-7975;KEGG:C04284	KEGG:C04284	KEGG:C04284	GC	MetaCyc:CPD-7975@Charged	MetaCyc:CPD-7975@Charged	
cpd02629	KEGG:C04285@Charged	KEGG:C04285@Charged	KEGG:C04285@Charged	KEGG:C04285@Charged	KEGG:C04285	KEGG:C04285	EQ	eQuilibrator:MNXM36096	KEGG:C04285@Charged	eQuilibrator:MNXM36096
cpd02630	MetaCyc:DINITRO-4-HYDROXYPHENYLPYRUVATE@Charged;KEGG:C04286@Charged	MetaCyc:DINITRO-4-HYDROXYPHENYLPYRUVATE@Charged;KEGG:C04286@Charged	MetaCyc:DINITRO-4-HYDROXYPHENYLPYRUVATE@Charged;KEGG:C04286@Charged	MetaCyc:DINITRO-4-HYDROXYPHENYLPYRUVATE@Charged;KEGG:C04286@Charged	KEGG:C04286	KEGG:C04286	GC	KEGG:C04286@Charged	KEGG:C04286@Charged	eQuilibrator:MNXM36119
cpd02631	MetaCyc:CPD-1133;KEGG:C04287;ChEBI:28446	MetaCyc:CPD-1133;KEGG:C04287;ChEBI:28446	MetaCyc:CPD-1133;KEGG:C04287;ChEBI:28446	MetaCyc:CPD-1133;KEGG:C04287;ChEBI:28446	KEGG:C04287	KEGG:C04287	EQ	eQuilibrator:MNXM114119	MetaCyc:CPD-1133@Charged	eQuilibrator:MNXM114119
cpd02632	MetaCyc:CPD-460;KEGG:C04290;ChEBI:58209	MetaCyc:CPD-460;KEGG:C04290;ChEBI:58209	MetaCyc:CPD-460;KEGG:C04290;ChEBI:58209	MetaCyc:CPD-460;KEGG:C04290@Charged;ChEBI:58209	KEGG:C04290	KEGG:C04290	EQ	eQuilibrator:MNXM2615	KEGG:C04290@Charged	eQuilibrator:MNXM2615
cpd02633	MetaCyc:4-DIMETHYLAMINOPHENYLAZOXYBENZENE;KEGG:C04291;ChEBI:17467	MetaCyc:4-DIMETHYLAMINOPHENYLAZOXYBENZENE;KEGG:C04291;ChEBI:17467	MetaCyc:4-DIMETHYLAMINOPHENYLAZOXYBENZENE;KEGG:C04291;ChEBI:17467	MetaCyc:4-DIMETHYLAMINOPHENYLAZOXYBENZENE;KEGG:C04291;ChEBI:17467		KEGG:C04291	GC	KEGG:C04291@Charged	KEGG:C04291@Charged	
cpd02634	MetaCyc:5-PHOSPHONUCLEOSIDE-3-DIPHOSPHATE@Charged;ChEBI:144554@Charged	MetaCyc:5-PHOSPHONUCLEOSIDE-3-DIPHOSPHATE@Charged;ChEBI:144554@Charged		MetaCyc:5-PHOSPHONUCLEOSIDE-3-DIPHOSPHATE@Charged;ChEBI:144554@Charged	KEGG:C04292	KEGG:C04292	GC	MetaCyc:5-PHOSPHONUCLEOSIDE-3-DIPHOSPHATE@Charged	MetaCyc:5-PHOSPHONUCLEOSIDE-3-DIPHOSPHATE@Charged	
cpd02635	MetaCyc:574-TRIHYDROXY-3-METHOXYFLAVONE;KEGG:C04293@Charged;ChEBI:57799	MetaCyc:574-TRIHYDROXY-3-METHOXYFLAVONE;KEGG:C04293@Charged;ChEBI:57799	MetaCyc:574-TRIHYDROXY-3-METHOXYFLAVONE;KEGG:C04293@Charged;ChEBI:57799	MetaCyc:574-TRIHYDROXY-3-METHOXYFLAVONE;KEGG:C04293@Charged;ChEBI:57799	KEGG:C04293	KEGG:C04293	GC	KEGG:C04293@Charged	KEGG:C04293@Charged	eQuilibrator:MNXM4351
cpd02636	MetaCyc:THZ;KEGG:C04294;ChEBI:17957	MetaCyc:THZ;KEGG:C04294;ChEBI:17957	MetaCyc:THZ;KEGG:C04294;ChEBI:17957	MetaCyc:THZ;KEGG:C04294;ChEBI:17957	KEGG:C04294	KEGG:C04294	GC	MetaCyc:THZ@Charged	MetaCyc:THZ@Charged	eQuilibrator:MNXM962
cpd02637	MetaCyc:CPD-23957;KEGG:C04295;ChEBI:2710	MetaCyc:CPD-23957;KEGG:C04295;ChEBI:2710	MetaCyc:CPD-23957;KEGG:C04295;ChEBI:2710	MetaCyc:CPD-23957;KEGG:C04295;ChEBI:2710	KEGG:C04295	KEGG:C04295	GC	KEGG:C04295@Charged	KEGG:C04295@Charged	eQuilibrator:MNXM2973
cpd02638	MetaCyc:CPD-1078;KEGG:C04297@Charged;ChEBI:70783	MetaCyc:CPD-1078;KEGG:C04297@Charged;ChEBI:70783	MetaCyc:CPD-1078;KEGG:C04297@Charged;ChEBI:70783	MetaCyc:CPD-1078;KEGG:C04297@Charged;ChEBI:70783	KEGG:C04297	KEGG:C04297	GC	KEGG:C04297@Charged	KEGG:C04297@Charged	
cpd02639	MetaCyc:CPD-1121;KEGG:C04299@Charged;ChEBI:58484	MetaCyc:CPD-1121;KEGG:C04299@Charged;ChEBI:58484	MetaCyc:CPD-1121;KEGG:C04299@Charged;ChEBI:58484	MetaCyc:CPD-1121;KEGG:C04299@Charged;ChEBI:58484	KEGG:C04299	KEGG:C04299	EQ	eQuilibrator:MNXM2910	MetaCyc:CPD-1121@Charged	eQuilibrator:MNXM2910
cpd02640	MetaCyc:ESTRADIOL-ETCETERA-GLUCURONOSIDE	MetaCyc:ESTRADIOL-ETCETERA-GLUCURONOSIDE	MetaCyc:ESTRADIOL-ETCETERA-GLUCURONOSIDE	MetaCyc:ESTRADIOL-ETCETERA-GLUCURONOSIDE	KEGG:C04300	KEGG:C04300	GC	MetaCyc:ESTRADIOL-ETCETERA-GLUCURONOSIDE@Charged	MetaCyc:ESTRADIOL-ETCETERA-GLUCURONOSIDE@Charged	
cpd02641	KEGG:C04301@Charged	KEGG:C04301@Charged	KEGG:C04301@Charged	KEGG:C04301@Charged	KEGG:C04301		GC	KEGG:C04301@Charged	KEGG:C04301@Charged	eQuilibrator:MNXM63040
cpd02642	MetaCyc:N-5-PHOSPHORIBOSYL-ANTHRANILATE;KEGG:C04302@Charged;ChEBI:18277	MetaCyc:N-5-PHOSPHORIBOSYL-ANTHRANILATE;KEGG:C04302@Charged;ChEBI:18277	MetaCyc:N-5-PHOSPHORIBOSYL-ANTHRANILATE;KEGG:C04302@Charged;ChEBI:18277	MetaCyc:N-5-PHOSPHORIBOSYL-ANTHRANILATE;KEGG:C04302@Charged;ChEBI:18277	KEGG:C04302	KEGG:C04302	EQ	eQuilibrator:MNXM1489	KEGG:C04302@Charged	eQuilibrator:MNXM1489
cpd02643	MetaCyc:N-BENZOYL-D-ARGININE-4-NITROANILIDE;KEGG:C04303@Charged;ChEBI:57505	MetaCyc:N-BENZOYL-D-ARGININE-4-NITROANILIDE;KEGG:C04303@Charged;ChEBI:57505	MetaCyc:N-BENZOYL-D-ARGININE-4-NITROANILIDE;KEGG:C04303@Charged;ChEBI:57505	MetaCyc:N-BENZOYL-D-ARGININE-4-NITROANILIDE;KEGG:C04303@Charged;ChEBI:57505	KEGG:C04303	KEGG:C04303	GC	MetaCyc:N-BENZOYL-D-ARGININE-4-NITROANILIDE@Charged	MetaCyc:N-BENZOYL-D-ARGININE-4-NITROANILIDE@Charged	eQuilibrator:MNXM4722
cpd02644	KEGG:C04307@Charged	KEGG:C04307@Charged	KEGG:C04307@Charged	KEGG:C04307@Charged	KEGG:C04307	KEGG:C04307	GC	KEGG:C04307@Charged	KEGG:C04307@Charged	
cpd02645	KEGG:C04309@Charged	KEGG:C04309@Charged	KEGG:C04309@Charged	KEGG:C04309@Charged	KEGG:C04309	KEGG:C04309	EQ		KEGG:C04309@Charged	
cpd02646	MetaCyc:CIS-12-DIHYDRONAPHTHALENE-12-DIOL;KEGG:C04314;ChEBI:44343	MetaCyc:CIS-12-DIHYDRONAPHTHALENE-12-DIOL;KEGG:C04314;ChEBI:44343	MetaCyc:CIS-12-DIHYDRONAPHTHALENE-12-DIOL;KEGG:C04314;ChEBI:44343	MetaCyc:CIS-12-DIHYDRONAPHTHALENE-12-DIOL;KEGG:C04314;ChEBI:44343	KEGG:C04314	KEGG:C04314	EQ	eQuilibrator:MNXM1690	MetaCyc:CIS-12-DIHYDRONAPHTHALENE-12-DIOL@Charged	eQuilibrator:MNXM1690
cpd02647	KEGG:C04315;ChEBI:18063	KEGG:C04315;ChEBI:18063		KEGG:C04315;ChEBI:18063	KEGG:C04315	KEGG:C04315	GC	KEGG:C04315@Charged	KEGG:C04315@Charged	
cpd02648	MetaCyc:CPD-625;KEGG:C04316@Charged;ChEBI:57311	MetaCyc:CPD-625;KEGG:C04316@Charged;ChEBI:57311	MetaCyc:CPD-625;KEGG:C04316@Charged;ChEBI:57311	MetaCyc:CPD-625;KEGG:C04316@Charged;ChEBI:57311	KEGG:C04316	KEGG:C04316	EQ	eQuilibrator:MNXM4153	MetaCyc:CPD-625@Charged	eQuilibrator:MNXM4153
cpd02649	KEGG:C04317@Charged;ChEBI:30909	KEGG:C04317@Charged;ChEBI:30909		KEGG:C04317@Charged;ChEBI:30909	KEGG:C04317	KEGG:C04317	GC	KEGG:C04317@Charged	KEGG:C04317@Charged	
cpd02650	MetaCyc:11-O-DEMETHYL-17-O-DEACETYLVINDOLINE;KEGG:C04318@Charged;ChEBI:57657	MetaCyc:11-O-DEMETHYL-17-O-DEACETYLVINDOLINE;KEGG:C04318@Charged;ChEBI:57657	MetaCyc:11-O-DEMETHYL-17-O-DEACETYLVINDOLINE;KEGG:C04318@Charged;ChEBI:57657	MetaCyc:11-O-DEMETHYL-17-O-DEACETYLVINDOLINE;KEGG:C04318@Charged;ChEBI:57657	KEGG:C04318	KEGG:C04318	GC	KEGG:C04318@Charged	KEGG:C04318@Charged	
cpd02651	MetaCyc:CPD-478;KEGG:C04322@Charged;ChEBI:15893	MetaCyc:CPD-478;KEGG:C04322@Charged;ChEBI:15893	MetaCyc:CPD-478;KEGG:C04322@Charged;ChEBI:15893	MetaCyc:CPD-478;KEGG:C04322@Charged;ChEBI:15893	KEGG:C04322	KEGG:C04322	EQ	eQuilibrator:MNXM1617	KEGG:C04322@Charged	eQuilibrator:MNXM1617
cpd02652	KEGG:C04323@Charged	KEGG:C04323@Charged	KEGG:C04323@Charged	KEGG:C04323@Charged	KEGG:C04323	KEGG:C04323	EQ	eQuilibrator:MNXM36102	KEGG:C04323@Charged	eQuilibrator:MNXM36102
cpd02653	MetaCyc:CPD-12849@Charged;KEGG:C04324@Charged;ChEBI:57471;ChEBI:58142@Charged	MetaCyc:CPD-12849@Charged;KEGG:C04324@Charged;ChEBI:57471;ChEBI:58142@Charged	MetaCyc:CPD-12849@Charged;KEGG:C04324@Charged;ChEBI:57471;ChEBI:58142@Charged	MetaCyc:CPD-12849@Charged;KEGG:C04324@Charged;ChEBI:57471;ChEBI:58142@Charged	KEGG:C04324	KEGG:C04324	EQ	eQuilibrator:MNXM162444	MetaCyc:CPD-12849@Charged	eQuilibrator:MNXM162444
cpd02654	MetaCyc:THZ-P;KEGG:C04327@Charged;ChEBI:58296	MetaCyc:THZ-P;KEGG:C04327@Charged;ChEBI:58296	MetaCyc:THZ-P;KEGG:C04327@Charged;ChEBI:58296	MetaCyc:THZ-P;KEGG:C04327@Charged;ChEBI:58296	KEGG:C04327	KEGG:C04327	GC	KEGG:C04327@Charged	KEGG:C04327@Charged	eQuilibrator:MNXM960
cpd02655	MetaCyc:METHENYLTETRAHYDROMETHANOPTERIN;KEGG:C04330@Charged;ChEBI:58337	MetaCyc:METHENYLTETRAHYDROMETHANOPTERIN;KEGG:C04330@Charged;ChEBI:58337	MetaCyc:METHENYLTETRAHYDROMETHANOPTERIN;KEGG:C04330@Charged;ChEBI:58337	MetaCyc:METHENYLTETRAHYDROMETHANOPTERIN@Charged;KEGG:C04330@Charged;ChEBI:58337@Charged	KEGG:C04330	KEGG:C04330	GC	MetaCyc:METHENYLTETRAHYDROMETHANOPTERIN@Charged	MetaCyc:METHENYLTETRAHYDROMETHANOPTERIN@Charged	eQuilibrator:MNXM809
cpd02656					KEGG:C04332	KEGG:C04332	EQ			
cpd02657	KEGG:C04333;ChEBI:17618	KEGG:C04333;ChEBI:17618	KEGG:C04333;ChEBI:17618	KEGG:C04333;ChEBI:17618	KEGG:C04333	KEGG:C04333	GC	KEGG:C04333@Charged	KEGG:C04333@Charged	eQuilibrator:MNXM3553
cpd02658	MetaCyc:CPD-199;KEGG:C04335@Charged;ChEBI:58558	MetaCyc:CPD-199;KEGG:C04335@Charged;ChEBI:58558	MetaCyc:CPD-199;KEGG:C04335@Charged;ChEBI:58558	MetaCyc:CPD-199;KEGG:C04335@Charged;ChEBI:58558	KEGG:C04335		GC	KEGG:C04335@Charged	KEGG:C04335@Charged	eQuilibrator:MNXM4724
cpd02659	KEGG:C04336@Charged	KEGG:C04336@Charged	KEGG:C04336@Charged	KEGG:C04336@Charged	KEGG:C04336	KEGG:C04336	EQ	eQuilibrator:MNXM95382	KEGG:C04336@Charged	eQuilibrator:MNXM95382
cpd02660	KEGG:C04337@Charged	KEGG:C04337@Charged	KEGG:C04337@Charged	KEGG:C04337@Charged	KEGG:C04337	KEGG:C04337	GC	KEGG:C04337@Charged	KEGG:C04337@Charged	
cpd02661	MetaCyc:TDP-D-FUCOSAMINE;KEGG:C04346@Charged;ChEBI:68492	MetaCyc:TDP-D-FUCOSAMINE;KEGG:C04346@Charged;ChEBI:68492	MetaCyc:TDP-D-FUCOSAMINE;KEGG:C04346@Charged;ChEBI:68492	MetaCyc:TDP-D-FUCOSAMINE;KEGG:C04346@Charged;ChEBI:68492	KEGG:C04346	KEGG:C04346	GC	MetaCyc:TDP-D-FUCOSAMINE@Charged	MetaCyc:TDP-D-FUCOSAMINE@Charged	
cpd02662	MetaCyc:CPD-208;KEGG:C04348@Charged;ChEBI:57317	MetaCyc:CPD-208;KEGG:C04348@Charged;ChEBI:57317	MetaCyc:CPD-208;KEGG:C04348@Charged;ChEBI:57317	MetaCyc:CPD-208;KEGG:C04348@Charged;ChEBI:57317	KEGG:C04348	KEGG:C04348	EQ	eQuilibrator:MNXM1611	KEGG:C04348@Charged	eQuilibrator:MNXM1611
cpd02663	MetaCyc:CPD-343;KEGG:C04349@Charged;ChEBI:29071	MetaCyc:CPD-343;KEGG:C04349@Charged;ChEBI:29071	MetaCyc:CPD-343;KEGG:C04349@Charged;ChEBI:29071	MetaCyc:CPD-343;KEGG:C04349@Charged;ChEBI:29071	KEGG:C04349	KEGG:C04349	EQ	eQuilibrator:MNXM1709	KEGG:C04349@Charged	eQuilibrator:MNXM1709
cpd02664	MetaCyc:CPD-2205;KEGG:C04350;ChEBI:15666	MetaCyc:CPD-2205;KEGG:C04350;ChEBI:15666	MetaCyc:CPD-2205;KEGG:C04350;ChEBI:15666	MetaCyc:CPD-2205;KEGG:C04350;ChEBI:15666	KEGG:C04350	KEGG:C04350	GC	MetaCyc:CPD-2205@Charged	MetaCyc:CPD-2205@Charged	eQuilibrator:MNXM37548
cpd02665	MetaCyc:CPD-2221;KEGG:C04351	MetaCyc:CPD-2221;KEGG:C04351	MetaCyc:CPD-2221;KEGG:C04351	MetaCyc:CPD-2221;KEGG:C04351	KEGG:C04351	KEGG:C04351	GC	MetaCyc:CPD-2221@Charged	MetaCyc:CPD-2221@Charged	
cpd02666	MetaCyc:R-4-PHOSPHOPANTOTHENOYL-L-CYSTEINE@Charged;KEGG:C04352@Charged;ChEBI:59458@Charged	MetaCyc:R-4-PHOSPHOPANTOTHENOYL-L-CYSTEINE@Charged;KEGG:C04352@Charged;ChEBI:59458@Charged	MetaCyc:R-4-PHOSPHOPANTOTHENOYL-L-CYSTEINE@Charged;KEGG:C04352@Charged;ChEBI:59458@Charged	MetaCyc:R-4-PHOSPHOPANTOTHENOYL-L-CYSTEINE@Charged;KEGG:C04352@Charged;ChEBI:59458@Charged	KEGG:C04352	KEGG:C04352	EQ	eQuilibrator:MNXM483	MetaCyc:R-4-PHOSPHOPANTOTHENOYL-L-CYSTEINE@Charged	eQuilibrator:MNXM483
cpd02667	MetaCyc:CPD-1041;KEGG:C04353;ChEBI:15667	MetaCyc:CPD-1041;KEGG:C04353;ChEBI:15667	MetaCyc:CPD-1041;KEGG:C04353;ChEBI:15667	MetaCyc:CPD-1041;KEGG:C04353;ChEBI:15667	KEGG:C04353	KEGG:C04353	GC	MetaCyc:CPD-1041@Charged	MetaCyc:CPD-1041@Charged	eQuilibrator:MNXM1011
cpd02668	MetaCyc:12-BETA-D-GLUCURONOSYL-D-GLUCURONATE;ChEBI:58230	MetaCyc:12-BETA-D-GLUCURONOSYL-D-GLUCURONATE;ChEBI:58230	MetaCyc:12-BETA-D-GLUCURONOSYL-D-GLUCURONATE;ChEBI:58230	MetaCyc:12-BETA-D-GLUCURONOSYL-D-GLUCURONATE;ChEBI:58230	KEGG:C04354	KEGG:C04354	EQ	eQuilibrator:MNXM4274	MetaCyc:12-BETA-D-GLUCURONOSYL-D-GLUCURONATE@Charged	eQuilibrator:MNXM4274
cpd02669	MetaCyc:1-34-DIMETHYLPHENYLETHANE-12-DIOL	MetaCyc:1-34-DIMETHYLPHENYLETHANE-12-DIOL	MetaCyc:1-34-DIMETHYLPHENYLETHANE-12-DIOL	MetaCyc:1-34-DIMETHYLPHENYLETHANE-12-DIOL	MetaCyc:1-34-DIMETHYLPHENYLETHANE-12-DIOL	MetaCyc:1-34-DIMETHYLPHENYLETHANE-12-DIOL	EQ	eQuilibrator:MNXM32445	MetaCyc:1-34-DIMETHYLPHENYLETHANE-12-DIOL@Charged	eQuilibrator:MNXM32445
cpd02670	KEGG:C04359@Charged;ChEBI:57764	KEGG:C04359@Charged;ChEBI:57764	KEGG:C04359@Charged;ChEBI:57764	KEGG:C04359@Charged;ChEBI:57764	KEGG:C04359	KEGG:C04359	EQ	eQuilibrator:MNXM4231	KEGG:C04359@Charged	eQuilibrator:MNXM4231
cpd02671	MetaCyc:CPD-8947;KEGG:C04360	MetaCyc:CPD-8947;KEGG:C04360	MetaCyc:CPD-8947;KEGG:C04360	MetaCyc:CPD-8947;KEGG:C04360	KEGG:C04360	KEGG:C04360	EQ		KEGG:C04360@Charged	
cpd02672	MetaCyc:CPD-1069;ChEBI:57713	MetaCyc:CPD-1069;ChEBI:57713	MetaCyc:CPD-1069;ChEBI:57713	MetaCyc:CPD-1069;ChEBI:57713	KEGG:C04366		EQ	eQuilibrator:MNXM4321	MetaCyc:CPD-1069@Charged	eQuilibrator:MNXM4321
cpd02673	MetaCyc:DIIODO-HYDROXYPHENYL-LACTATE@Charged;KEGG:C04367@Charged;ChEBI:57647@Charged	MetaCyc:DIIODO-HYDROXYPHENYL-LACTATE@Charged;KEGG:C04367@Charged;ChEBI:57647@Charged	MetaCyc:DIIODO-HYDROXYPHENYL-LACTATE@Charged;KEGG:C04367@Charged;ChEBI:57647@Charged	MetaCyc:DIIODO-HYDROXYPHENYL-LACTATE@Charged;KEGG:C04367@Charged;ChEBI:57647@Charged	KEGG:C04367	KEGG:C04367	EQ	eQuilibrator:MNXM4322	MetaCyc:DIIODO-HYDROXYPHENYL-LACTATE@Charged	eQuilibrator:MNXM4322
cpd02674	MetaCyc:CPD-16631;KEGG:C04368;ChEBI:57956	MetaCyc:CPD-16631;KEGG:C04368;ChEBI:57956	MetaCyc:CPD-16631;KEGG:C04368;ChEBI:57956	MetaCyc:CPD-16631;KEGG:C04368@Charged;ChEBI:57956	KEGG:C04368	KEGG:C04368	EQ	eQuilibrator:MNXM4326	KEGG:C04368@Charged	eQuilibrator:MNXM4326
cpd02675	MetaCyc:3-MERCAPTO-2-MERCAPTOMETHYLPROPANOATE;MetaCyc:CPD-23672;KEGG:C04371@Charged;ChEBI:58322	MetaCyc:3-MERCAPTO-2-MERCAPTOMETHYLPROPANOATE;MetaCyc:CPD-23672;KEGG:C04371@Charged;ChEBI:58322	MetaCyc:3-MERCAPTO-2-MERCAPTOMETHYLPROPANOATE;MetaCyc:CPD-23672;KEGG:C04371@Charged;ChEBI:58322	MetaCyc:3-MERCAPTO-2-MERCAPTOMETHYLPROPANOATE;MetaCyc:CPD-23672;KEGG:C04371@Charged;ChEBI:58322	KEGG:C04371		EQ	eQuilibrator:MNXM3847	KEGG:C04371@Charged	eQuilibrator:MNXM3847
cpd02676	MetaCyc:3-O-L-ALANYL-1-O-PHOSPHATIDYLGLYCEROL;KEGG:C04372@Charged;ChEBI:75793	MetaCyc:3-O-L-ALANYL-1-O-PHOSPHATIDYLGLYCEROL;KEGG:C04372@Charged;ChEBI:75793		MetaCyc:3-O-L-ALANYL-1-O-PHOSPHATIDYLGLYCEROL;KEGG:C04372@Charged;ChEBI:75793	KEGG:C04372	KEGG:C04372	GC	MetaCyc:3-O-L-ALANYL-1-O-PHOSPHATIDYLGLYCEROL@Charged	MetaCyc:3-O-L-ALANYL-1-O-PHOSPHATIDYLGLYCEROL@Charged	
cpd02677	KEGG:C04373;ChEBI:28195	KEGG:C04373;ChEBI:28195	KEGG:C04373;ChEBI:28195	KEGG:C04373;ChEBI:28195	KEGG:C04373	KEGG:C04373	GC	KEGG:C04373@Charged	KEGG:C04373@Charged	eQuilibrator:MNXM2192
cpd02678	MetaCyc:5-P-RIBOSYL-N-FORMYLGLYCINEAMIDE;KEGG:C04376@Charged;ChEBI:147286	MetaCyc:5-P-RIBOSYL-N-FORMYLGLYCINEAMIDE;KEGG:C04376@Charged;ChEBI:147286	MetaCyc:5-P-RIBOSYL-N-FORMYLGLYCINEAMIDE;KEGG:C04376@Charged;ChEBI:147286	MetaCyc:5-P-RIBOSYL-N-FORMYLGLYCINEAMIDE;KEGG:C04376@Charged;ChEBI:147286	KEGG:C04376	KEGG:C04376	GC	MetaCyc:5-P-RIBOSYL-N-FORMYLGLYCINEAMIDE@Charged	MetaCyc:5-P-RIBOSYL-N-FORMYLGLYCINEAMIDE@Charged	
cpd02679	MetaCyc:METHYLENETETRAHYDROMETHANOPTERIN;KEGG:C04377@Charged;ChEBI:57818	MetaCyc:METHYLENETETRAHYDROMETHANOPTERIN;KEGG:C04377@Charged;ChEBI:57818	MetaCyc:METHYLENETETRAHYDROMETHANOPTERIN;KEGG:C04377@Charged;ChEBI:57818	MetaCyc:METHYLENETETRAHYDROMETHANOPTERIN@Charged;KEGG:C04377@Charged;ChEBI:57818@Charged	KEGG:C04377	KEGG:C04377	GC	MetaCyc:METHYLENETETRAHYDROMETHANOPTERIN@Charged	MetaCyc:METHYLENETETRAHYDROMETHANOPTERIN@Charged	eQuilibrator:MNXM667
cpd02680	MetaCyc:CPD-20826	MetaCyc:CPD-20826	MetaCyc:CPD-20826	MetaCyc:CPD-20826	KEGG:C04378	KEGG:C04378	EQ		MetaCyc:CPD-20826@Charged	
cpd02681	MetaCyc:911-ALPHA-EPOXYPREGN-4-ENE-320-DIONE;KEGG:C04379;ChEBI:17206	MetaCyc:911-ALPHA-EPOXYPREGN-4-ENE-320-DIONE;KEGG:C04379;ChEBI:17206	MetaCyc:911-ALPHA-EPOXYPREGN-4-ENE-320-DIONE;KEGG:C04379;ChEBI:17206	MetaCyc:911-ALPHA-EPOXYPREGN-4-ENE-320-DIONE;KEGG:C04379;ChEBI:17206	KEGG:C04379	KEGG:C04379	GC	MetaCyc:911-ALPHA-EPOXYPREGN-4-ENE-320-DIONE@Charged	MetaCyc:911-ALPHA-EPOXYPREGN-4-ENE-320-DIONE@Charged	
cpd02682	MetaCyc:ATPGAMMAS	MetaCyc:ATPGAMMAS	MetaCyc:ATPGAMMAS	MetaCyc:ATPGAMMAS	KEGG:C13742	KEGG:C13742	GC	MetaCyc:ATPGAMMAS@Charged	MetaCyc:ATPGAMMAS@Charged	
cpd02683	KEGG:C04382@Charged	KEGG:C04382@Charged	KEGG:C04382@Charged	KEGG:C04382@Charged	KEGG:C04382	KEGG:C04382	GC	KEGG:C04382@Charged	KEGG:C04382@Charged	
cpd02684	MetaCyc:CPD-21604;KEGG:C04385@Charged	MetaCyc:CPD-21604;KEGG:C04385@Charged	MetaCyc:CPD-21604;KEGG:C04385@Charged	MetaCyc:CPD-21604;KEGG:C04385@Charged	KEGG:C04385	KEGG:C04385	GC	KEGG:C04385@Charged	KEGG:C04385@Charged	
cpd02685	MetaCyc:CPD-1771;KEGG:C04390@Charged;ChEBI:58767	MetaCyc:CPD-1771;KEGG:C04390@Charged;ChEBI:58767	MetaCyc:CPD-1771;KEGG:C04390@Charged;ChEBI:58767	MetaCyc:CPD-1771;KEGG:C04390@Charged;ChEBI:58767	KEGG:C04390	KEGG:C04390	EQ	eQuilibrator:MNXM1759	MetaCyc:CPD-1771@Charged	eQuilibrator:MNXM1759
cpd02686	KEGG:C04392@Charged	KEGG:C04392@Charged	KEGG:C04392@Charged	KEGG:C04392@Charged	KEGG:C04392		EQ	eQuilibrator:MNXM12557	KEGG:C04392@Charged	eQuilibrator:MNXM12557
cpd02687					KEGG:C04394	KEGG:C04394				
cpd02688	MetaCyc:S-METHYL-3-PHOSPHO-1-THIO-D-GLYCERATE;KEGG:C04399@Charged;ChEBI:57551	MetaCyc:S-METHYL-3-PHOSPHO-1-THIO-D-GLYCERATE;KEGG:C04399@Charged;ChEBI:57551	MetaCyc:S-METHYL-3-PHOSPHO-1-THIO-D-GLYCERATE;KEGG:C04399@Charged;ChEBI:57551	MetaCyc:S-METHYL-3-PHOSPHO-1-THIO-D-GLYCERATE;KEGG:C04399@Charged;ChEBI:57551	KEGG:C04399	KEGG:C04399	EQ	eQuilibrator:MNXM4818	MetaCyc:S-METHYL-3-PHOSPHO-1-THIO-D-GLYCERATE@Charged	eQuilibrator:MNXM4818
cpd02689	KEGG:C04403@Charged	KEGG:C04403@Charged	KEGG:C04403@Charged	KEGG:C04403@Charged	KEGG:C04403	KEGG:C04403	GC	KEGG:C04403@Charged	KEGG:C04403@Charged	eQuilibrator:MNXM44027
cpd02690	MetaCyc:4-HYDROXYCYCLOHEXANECARBOXYLATE;KEGG:C04404@Charged;ChEBI:57906	MetaCyc:4-HYDROXYCYCLOHEXANECARBOXYLATE;KEGG:C04404@Charged;ChEBI:57906	MetaCyc:4-HYDROXYCYCLOHEXANECARBOXYLATE;KEGG:C04404@Charged;ChEBI:57906	MetaCyc:4-HYDROXYCYCLOHEXANECARBOXYLATE;KEGG:C04404@Charged;ChEBI:57906	KEGG:C04404	KEGG:C04404	EQ	eQuilibrator:MNXM4120	MetaCyc:4-HYDROXYCYCLOHEXANECARBOXYLATE@Charged	eQuilibrator:MNXM4120
cpd02691	MetaCyc:2-METHYL-3-HYDROXY-BUTYRYL-COA;KEGG:C04405@Charged;ChEBI:57312	MetaCyc:2-METHYL-3-HYDROXY-BUTYRYL-COA;KEGG:C04405@Charged;ChEBI:57312	MetaCyc:2-METHYL-3-HYDROXY-BUTYRYL-COA;KEGG:C04405@Charged;ChEBI:57312	MetaCyc:2-METHYL-3-HYDROXY-BUTYRYL-COA;KEGG:C04405@Charged;ChEBI:57312	KEGG:C04405	KEGG:C04405	EQ	eQuilibrator:MNXM701	MetaCyc:2-METHYL-3-HYDROXY-BUTYRYL-COA@Charged	eQuilibrator:MNXM701
cpd02692	KEGG:C04409@Charged;ChEBI:77612	KEGG:C04409@Charged;ChEBI:77612	KEGG:C04409@Charged;ChEBI:77612	KEGG:C04409@Charged;ChEBI:77612	KEGG:C04409	KEGG:C04409	EQ	eQuilibrator:MNXM1372	KEGG:C04409@Charged	eQuilibrator:MNXM1372
cpd02693	MetaCyc:2-D-THREO-HYDROXY-3-CARBOXY-ISOCAPROATE;KEGG:C04411@Charged;ChEBI:35121	MetaCyc:2-D-THREO-HYDROXY-3-CARBOXY-ISOCAPROATE;KEGG:C04411@Charged;ChEBI:35121	MetaCyc:2-D-THREO-HYDROXY-3-CARBOXY-ISOCAPROATE;KEGG:C04411@Charged;ChEBI:35121	MetaCyc:2-D-THREO-HYDROXY-3-CARBOXY-ISOCAPROATE;KEGG:C04411@Charged;ChEBI:35121	KEGG:C04411	KEGG:C04411	EQ	eQuilibrator:MNXM891	KEGG:C04411@Charged	eQuilibrator:MNXM891
cpd02694	MetaCyc:CPD-457;KEGG:C04415@Charged;ChEBI:79066	MetaCyc:CPD-457;KEGG:C04415@Charged;ChEBI:79066	MetaCyc:CPD-457;KEGG:C04415@Charged;ChEBI:79066	MetaCyc:CPD-457;KEGG:C04415@Charged;ChEBI:79066	KEGG:C04415	KEGG:C04415	EQ	eQuilibrator:MNXM4372	KEGG:C04415@Charged	eQuilibrator:MNXM4372
cpd02695	MetaCyc:ERGOSTA-ETCETERA-BETA-DIOL;KEGG:C04416;ChEBI:17938	MetaCyc:ERGOSTA-ETCETERA-BETA-DIOL;KEGG:C04416;ChEBI:17938	MetaCyc:ERGOSTA-ETCETERA-BETA-DIOL;KEGG:C04416;ChEBI:17938	MetaCyc:ERGOSTA-ETCETERA-BETA-DIOL;KEGG:C04416;ChEBI:17938	KEGG:C04416	KEGG:C04416	GC	MetaCyc:ERGOSTA-ETCETERA-BETA-DIOL@Charged	MetaCyc:ERGOSTA-ETCETERA-BETA-DIOL@Charged	eQuilibrator:MNXM4405
cpd02696	KEGG:C04418@Charged	KEGG:C04418@Charged	KEGG:C04418@Charged	KEGG:C04418@Charged	KEGG:C04418	KEGG:C04418	EQ		KEGG:C04418@Charged	
cpd02697	KEGG:C04420	KEGG:C04420	KEGG:C04420	KEGG:C04420	KEGG:C04420	KEGG:C04420	GC	KEGG:C04420@Charged	KEGG:C04420@Charged	eQuilibrator:MNXM48435
cpd02698	MetaCyc:N-SUCCINYLLL-2-6-DIAMINOPIMELATE;KEGG:C04421@Charged;ChEBI:58087	MetaCyc:N-SUCCINYLLL-2-6-DIAMINOPIMELATE;KEGG:C04421@Charged;ChEBI:58087	MetaCyc:N-SUCCINYLLL-2-6-DIAMINOPIMELATE;KEGG:C04421@Charged;ChEBI:58087	MetaCyc:N-SUCCINYLLL-2-6-DIAMINOPIMELATE;KEGG:C04421@Charged;ChEBI:58087	KEGG:C04421	KEGG:C04421	EQ	eQuilibrator:MNXM1488	MetaCyc:N-SUCCINYLLL-2-6-DIAMINOPIMELATE@Charged	eQuilibrator:MNXM1488
cpd02699	KEGG:C04423@Charged	KEGG:C04423@Charged	KEGG:C04423@Charged	KEGG:C04423@Charged	KEGG:C04423	KEGG:C04423	EQ	eQuilibrator:MNXM588097	KEGG:C04423@Charged	eQuilibrator:MNXM588097
cpd02700	MetaCyc:CPD-281	MetaCyc:CPD-281	MetaCyc:CPD-281	MetaCyc:CPD-281	KEGG:C04424	KEGG:C04424	GC	MetaCyc:CPD-281@Charged	MetaCyc:CPD-281@Charged	
cpd02701	MetaCyc:S-ADENOSYL-4-METHYLTHIO-2-OXOBUTANOATE@Charged;KEGG:C04425@Charged;ChEBI:16490	MetaCyc:S-ADENOSYL-4-METHYLTHIO-2-OXOBUTANOATE@Charged;KEGG:C04425@Charged;ChEBI:16490	MetaCyc:S-ADENOSYL-4-METHYLTHIO-2-OXOBUTANOATE@Charged;KEGG:C04425@Charged;ChEBI:16490	MetaCyc:S-ADENOSYL-4-METHYLTHIO-2-OXOBUTANOATE@Charged;KEGG:C04425@Charged;ChEBI:16490	KEGG:C04425	KEGG:C04425	GC	MetaCyc:S-ADENOSYL-4-METHYLTHIO-2-OXOBUTANOATE@Charged	MetaCyc:S-ADENOSYL-4-METHYLTHIO-2-OXOBUTANOATE@Charged	eQuilibrator:MNXM3090
cpd02702	KEGG:C04426@Charged;ChEBI:132114	KEGG:C04426@Charged;ChEBI:132114	KEGG:C04426@Charged;ChEBI:132114	KEGG:C04426@Charged;ChEBI:132114	KEGG:C04426	KEGG:C04426	GC	KEGG:C04426@Charged	KEGG:C04426@Charged	eQuilibrator:MNXM4128
cpd02703	MetaCyc:UDP-MANNACA;ChEBI:70731	MetaCyc:UDP-MANNACA;ChEBI:70731	MetaCyc:UDP-MANNACA;ChEBI:70731	MetaCyc:UDP-MANNACA;ChEBI:70731	KEGG:C04427	KEGG:C04427	EQ	eQuilibrator:MNXM97052	MetaCyc:UDP-MANNACA@Charged	eQuilibrator:MNXM97052
cpd02704	KEGG:C04428	KEGG:C04428	KEGG:C04428	KEGG:C04428	KEGG:C04428	KEGG:C04428	EQ	eQuilibrator:MNXM41049	KEGG:C04428@Charged	eQuilibrator:MNXM41049
cpd02705	MetaCyc:4-CARBOXYMETHYLENEBUT-2-EN-4-OLIDE	MetaCyc:4-CARBOXYMETHYLENEBUT-2-EN-4-OLIDE	MetaCyc:4-CARBOXYMETHYLENEBUT-2-EN-4-OLIDE	MetaCyc:4-CARBOXYMETHYLENEBUT-2-EN-4-OLIDE	KEGG:C04431	KEGG:C04431	EQ	eQuilibrator:MNXM4850	MetaCyc:4-CARBOXYMETHYLENEBUT-2-EN-4-OLIDE@Charged	eQuilibrator:MNXM4850
cpd02706	MetaCyc:E-37-DIMETHYLOCTA-16-DIEN-38-DIOL;KEGG:C04433;ChEBI:15662	MetaCyc:E-37-DIMETHYLOCTA-16-DIEN-38-DIOL;KEGG:C04433;ChEBI:15662	MetaCyc:E-37-DIMETHYLOCTA-16-DIEN-38-DIOL;KEGG:C04433;ChEBI:15662	MetaCyc:E-37-DIMETHYLOCTA-16-DIEN-38-DIOL;KEGG:C04433;ChEBI:15662	KEGG:C04433	KEGG:C04433	EQ	eQuilibrator:MNXM1963	MetaCyc:E-37-DIMETHYLOCTA-16-DIEN-38-DIOL@Charged	eQuilibrator:MNXM1963
cpd02707	MetaCyc:4-OXALOMESACONATE;KEGG:C04434@Charged	MetaCyc:4-OXALOMESACONATE;KEGG:C04434@Charged	MetaCyc:4-OXALOMESACONATE;KEGG:C04434@Charged	MetaCyc:4-OXALOMESACONATE;KEGG:C04434@Charged	KEGG:C04434	KEGG:C04434	EQ	eQuilibrator:MNXM162444	KEGG:C04434@Charged	eQuilibrator:MNXM162444
cpd02708	MetaCyc:Z-2-METHYL-5-ISOPROPYLHEXA-25-DIENAL;KEGG:C04435;ChEBI:17546	MetaCyc:Z-2-METHYL-5-ISOPROPYLHEXA-25-DIENAL;KEGG:C04435;ChEBI:17546	MetaCyc:Z-2-METHYL-5-ISOPROPYLHEXA-25-DIENAL;KEGG:C04435;ChEBI:17546	MetaCyc:Z-2-METHYL-5-ISOPROPYLHEXA-25-DIENAL;KEGG:C04435;ChEBI:17546		KEGG:C04435	EQ	eQuilibrator:MNXM3397	KEGG:C04435@Charged	eQuilibrator:MNXM3397
cpd02709	MetaCyc:1-5-PHOSPHORIBOSYLIMIDAZOLE-4-ACETATE;KEGG:C04437@Charged	MetaCyc:1-5-PHOSPHORIBOSYLIMIDAZOLE-4-ACETATE;KEGG:C04437@Charged	MetaCyc:1-5-PHOSPHORIBOSYLIMIDAZOLE-4-ACETATE;KEGG:C04437@Charged	MetaCyc:1-5-PHOSPHORIBOSYLIMIDAZOLE-4-ACETATE;KEGG:C04437@Charged	KEGG:C04437	KEGG:C04437	GC	MetaCyc:1-5-PHOSPHORIBOSYLIMIDAZOLE-4-ACETATE@Charged	MetaCyc:1-5-PHOSPHORIBOSYLIMIDAZOLE-4-ACETATE@Charged	
cpd02710	MetaCyc:2-3-CARBOXY-3-AMINOPROPYL-L-HISTIDINE@Charged;ChEBI:73995@Charged	MetaCyc:2-3-CARBOXY-3-AMINOPROPYL-L-HISTIDINE@Charged;ChEBI:73995@Charged		MetaCyc:2-3-CARBOXY-3-AMINOPROPYL-L-HISTIDINE@Charged;ChEBI:73995@Charged	KEGG:C04441	KEGG:C04441	GC	MetaCyc:2-3-CARBOXY-3-AMINOPROPYL-L-HISTIDINE@Charged	MetaCyc:2-3-CARBOXY-3-AMINOPROPYL-L-HISTIDINE@Charged	
cpd02711	MetaCyc:2-KETO-3-DEOXY-6-P-GLUCONATE;KEGG:C04442@Charged;ChEBI:57569	MetaCyc:2-KETO-3-DEOXY-6-P-GLUCONATE;KEGG:C04442@Charged;ChEBI:57569	MetaCyc:2-KETO-3-DEOXY-6-P-GLUCONATE;KEGG:C04442@Charged;ChEBI:57569	MetaCyc:2-KETO-3-DEOXY-6-P-GLUCONATE;KEGG:C04442@Charged;ChEBI:57569	KEGG:C04442	KEGG:C04442	EQ	eQuilibrator:MNXM649	KEGG:C04442@Charged	eQuilibrator:MNXM649
cpd02712					KEGG:C04443	KEGG:C04443	GC			
cpd02713					KEGG:C04444	KEGG:C04444	GC			
cpd02714	MetaCyc:34-DEHYDRO-14-THIOMORPHOLINE-3-CARBOXY;KEGG:C04445@Charged;ChEBI:58517	MetaCyc:34-DEHYDRO-14-THIOMORPHOLINE-3-CARBOXY;KEGG:C04445@Charged;ChEBI:58517	MetaCyc:34-DEHYDRO-14-THIOMORPHOLINE-3-CARBOXY;KEGG:C04445@Charged;ChEBI:58517	MetaCyc:34-DEHYDRO-14-THIOMORPHOLINE-3-CARBOXY;KEGG:C04445@Charged;ChEBI:58517	KEGG:C04445	KEGG:C04445	GC	MetaCyc:34-DEHYDRO-14-THIOMORPHOLINE-3-CARBOXY@Charged	MetaCyc:34-DEHYDRO-14-THIOMORPHOLINE-3-CARBOXY@Charged	eQuilibrator:MNXM2480
cpd02715	KEGG:C04446@Charged;ChEBI:77689;ChEBI:77848@Charged	KEGG:C04446@Charged;ChEBI:77689;ChEBI:77848@Charged	KEGG:C04446@Charged;ChEBI:77689;ChEBI:77848@Charged	KEGG:C04446@Charged;ChEBI:77689;ChEBI:77848@Charged	KEGG:C04446	KEGG:C04446	EQ	eQuilibrator:MNXM3635	KEGG:C04446@Charged	eQuilibrator:MNXM3635
cpd02716	MetaCyc:3-CARBOXY-4-METHOXY-N-METHYL-2-PYRIDONE;KEGG:C04447@Charged;ChEBI:58238	MetaCyc:3-CARBOXY-4-METHOXY-N-METHYL-2-PYRIDONE;KEGG:C04447@Charged;ChEBI:58238	MetaCyc:3-CARBOXY-4-METHOXY-N-METHYL-2-PYRIDONE;KEGG:C04447@Charged;ChEBI:58238	MetaCyc:3-CARBOXY-4-METHOXY-N-METHYL-2-PYRIDONE;KEGG:C04447@Charged;ChEBI:58238	KEGG:C04447	KEGG:C04447	EQ	eQuilibrator:MNXM4370	KEGG:C04447@Charged	eQuilibrator:MNXM4370
cpd02717	KEGG:C04451@Charged	KEGG:C04451@Charged	KEGG:C04451@Charged	KEGG:C04451@Charged	KEGG:C04451	KEGG:C04451	EQ		KEGG:C04451@Charged	
cpd02718	MetaCyc:CPD-9116;KEGG:C04452	MetaCyc:CPD-9116;KEGG:C04452	MetaCyc:CPD-9116;KEGG:C04452	MetaCyc:CPD-9116;KEGG:C04452	KEGG:C04452	KEGG:C04452	GC	KEGG:C04452@Charged	KEGG:C04452@Charged	eQuilibrator:MNXM166459
cpd02719	MetaCyc:4-ALPHA-METHYL-5-ALPHA-CHOLEST-7-EN-3-ON;KEGG:C04453;ChEBI:16495	MetaCyc:4-ALPHA-METHYL-5-ALPHA-CHOLEST-7-EN-3-ON;KEGG:C04453;ChEBI:16495	MetaCyc:4-ALPHA-METHYL-5-ALPHA-CHOLEST-7-EN-3-ON;KEGG:C04453;ChEBI:16495	MetaCyc:4-ALPHA-METHYL-5-ALPHA-CHOLEST-7-EN-3-ON;KEGG:C04453;ChEBI:16495		KEGG:C04453	GC	KEGG:C04453@Charged	KEGG:C04453@Charged	eQuilibrator:MNXM1461
cpd02720	MetaCyc:CPD-1086@Charged;KEGG:C04454@Charged;ChEBI:58421@Charged	MetaCyc:CPD-1086@Charged;KEGG:C04454@Charged;ChEBI:58421@Charged	MetaCyc:CPD-1086@Charged;KEGG:C04454@Charged;ChEBI:58421@Charged	MetaCyc:CPD-1086@Charged;KEGG:C04454@Charged;ChEBI:58421@Charged	KEGG:C04454	KEGG:C04454	EQ		MetaCyc:CPD-1086@Charged	
cpd02721	MetaCyc:CPD-645;KEGG:C06893@Charged;ChEBI:57949	MetaCyc:CPD-645;KEGG:C06893@Charged;ChEBI:57949	MetaCyc:CPD-645;KEGG:C06893@Charged;ChEBI:57949	MetaCyc:CPD-645;KEGG:C06893@Charged;ChEBI:57949	KEGG:C04456	KEGG:C04456	EQ	eQuilibrator:MNXM1806	KEGG:C06893@Charged	eQuilibrator:MNXM1806
cpd02722	KEGG:C04458@Charged	KEGG:C04458@Charged	KEGG:C04458@Charged	KEGG:C04458@Charged	KEGG:C04458	KEGG:C04458	EQ	eQuilibrator:MNXM50820	KEGG:C04458@Charged	eQuilibrator:MNXM50820
cpd02723	KEGG:C04461@Charged	KEGG:C04461@Charged	KEGG:C04461@Charged	KEGG:C04461@Charged	KEGG:C04461	KEGG:C04461	GC	KEGG:C04461@Charged	KEGG:C04461@Charged	
cpd02724	MetaCyc:N-SUCCINYL-2-AMINO-6-KETOPIMELATE;KEGG:C04462@Charged;ChEBI:15685	MetaCyc:N-SUCCINYL-2-AMINO-6-KETOPIMELATE;KEGG:C04462@Charged;ChEBI:15685	MetaCyc:N-SUCCINYL-2-AMINO-6-KETOPIMELATE;KEGG:C04462@Charged;ChEBI:15685	MetaCyc:N-SUCCINYL-2-AMINO-6-KETOPIMELATE;KEGG:C04462@Charged;ChEBI:15685	KEGG:C04462	KEGG:C04462	EQ	eQuilibrator:MNXM1563	KEGG:C04462@Charged	eQuilibrator:MNXM1563
cpd02725	KEGG:C04465;ChEBI:18195	KEGG:C04465;ChEBI:18195	KEGG:C04465;ChEBI:18195	KEGG:C04465;ChEBI:18195	KEGG:C04465	KEGG:C04465	EQ	eQuilibrator:MNXM5044	KEGG:C04465@Charged	eQuilibrator:MNXM5044
cpd02726	MetaCyc:CPD-13486;KEGG:C04468;ChEBI:15386	MetaCyc:CPD-13486;KEGG:C04468;ChEBI:15386	MetaCyc:CPD-13486;KEGG:C04468;ChEBI:15386	MetaCyc:CPD-13486;KEGG:C04468;ChEBI:15386	KEGG:C04468	KEGG:C04468	EQ	eQuilibrator:MNXM2749	KEGG:C04468@Charged	eQuilibrator:MNXM2749
cpd02727	KEGG:C04469	KEGG:C04469	KEGG:C04469	KEGG:C04469	KEGG:C04469		GC	KEGG:C04469@Charged	KEGG:C04469@Charged	
cpd02728	MetaCyc:4S5S-45-DIHYDROXY-26-DIOXOHEXANOATE;KEGG:C04471@Charged;ChEBI:57442	MetaCyc:4S5S-45-DIHYDROXY-26-DIOXOHEXANOATE;KEGG:C04471@Charged;ChEBI:57442	MetaCyc:4S5S-45-DIHYDROXY-26-DIOXOHEXANOATE;KEGG:C04471@Charged;ChEBI:57442	MetaCyc:4S5S-45-DIHYDROXY-26-DIOXOHEXANOATE;KEGG:C04471@Charged;ChEBI:57442	KEGG:C04471	KEGG:C04471	EQ	eQuilibrator:MNXM2750	MetaCyc:4S5S-45-DIHYDROXY-26-DIOXOHEXANOATE@Charged	eQuilibrator:MNXM2750
cpd02729	MetaCyc:CPD-505;KEGG:C04477@Charged;ChEBI:57660	MetaCyc:CPD-505;KEGG:C04477@Charged;ChEBI:57660	MetaCyc:CPD-505;KEGG:C04477@Charged;ChEBI:57660	MetaCyc:CPD-505;KEGG:C04477@Charged;ChEBI:57660	KEGG:C04477		EQ	eQuilibrator:MNXM929	MetaCyc:CPD-505@Charged	eQuilibrator:MNXM929
cpd02730	MetaCyc:KDO-8P;ChEBI:85985	MetaCyc:KDO-8P;ChEBI:85985	MetaCyc:KDO-8P;ChEBI:85985	MetaCyc:KDO-8P;ChEBI:85985	KEGG:C04478	KEGG:C04478	EQ	eQuilibrator:MNXM722774	MetaCyc:KDO-8P@Charged	eQuilibrator:MNXM722774
cpd02731	MetaCyc:CPD-157@Charged;KEGG:C04479@Charged;ChEBI:61449@Charged;ChEBI:66887@Charged	MetaCyc:CPD-157@Charged;KEGG:C04479@Charged;ChEBI:61449@Charged;ChEBI:66887@Charged	MetaCyc:CPD-157@Charged;KEGG:C04479@Charged;ChEBI:61449@Charged;ChEBI:66887@Charged	MetaCyc:CPD-157@Charged;KEGG:C04479@Charged;ChEBI:61449@Charged;ChEBI:66887@Charged	KEGG:C04479	KEGG:C04479	GC	KEGG:C04479@Charged	KEGG:C04479@Charged	
cpd02732	MetaCyc:CPD-247@Charged;KEGG:C04480@Charged;ChEBI:58346@Charged	MetaCyc:CPD-247@Charged;KEGG:C04480@Charged;ChEBI:58346@Charged	MetaCyc:CPD-247@Charged;KEGG:C04480@Charged;ChEBI:58346@Charged	MetaCyc:CPD-247@Charged;KEGG:C04480@Charged;ChEBI:58346@Charged	KEGG:C04480	KEGG:C04480	GC	MetaCyc:CPD-247@Charged	MetaCyc:CPD-247@Charged	
cpd02733	MetaCyc:DEOXYCHOLATE;KEGG:C04483@Charged;ChEBI:23614	MetaCyc:DEOXYCHOLATE;KEGG:C04483@Charged;ChEBI:23614	MetaCyc:DEOXYCHOLATE;KEGG:C04483@Charged;ChEBI:23614	MetaCyc:DEOXYCHOLATE;KEGG:C04483@Charged;ChEBI:23614	KEGG:C04483	KEGG:C04483	GC	KEGG:C04483@Charged	KEGG:C04483@Charged	eQuilibrator:MNXM57907
cpd02734	MetaCyc:CPD-87@Charged;KEGG:C04484@Charged;ChEBI:58358@Charged	MetaCyc:CPD-87@Charged;KEGG:C04484@Charged;ChEBI:58358@Charged	MetaCyc:CPD-87@Charged;KEGG:C04484@Charged;ChEBI:58358@Charged	MetaCyc:CPD-87@Charged;KEGG:C04484@Charged;ChEBI:58358@Charged	KEGG:C04484	KEGG:C04484	EQ		KEGG:C04484@Charged	
cpd02735	MetaCyc:5-4-ACETOXYBUT-1-YNYL-2-2-BITHIOPHENE;KEGG:C04485;ChEBI:17181	MetaCyc:5-4-ACETOXYBUT-1-YNYL-2-2-BITHIOPHENE;KEGG:C04485;ChEBI:17181	MetaCyc:5-4-ACETOXYBUT-1-YNYL-2-2-BITHIOPHENE;KEGG:C04485;ChEBI:17181	MetaCyc:5-4-ACETOXYBUT-1-YNYL-2-2-BITHIOPHENE;KEGG:C04485;ChEBI:17181		KEGG:C04485	GC	KEGG:C04485@Charged	KEGG:C04485@Charged	
cpd02736	MetaCyc:5-4-HYDROXYBUT-1-YNYL-22-BITHIOPHENE;KEGG:C04486;ChEBI:16887	MetaCyc:5-4-HYDROXYBUT-1-YNYL-22-BITHIOPHENE;KEGG:C04486;ChEBI:16887	MetaCyc:5-4-HYDROXYBUT-1-YNYL-22-BITHIOPHENE;KEGG:C04486;ChEBI:16887	MetaCyc:5-4-HYDROXYBUT-1-YNYL-22-BITHIOPHENE;KEGG:C04486;ChEBI:16887	KEGG:C04486	KEGG:C04486	GC	MetaCyc:5-4-HYDROXYBUT-1-YNYL-22-BITHIOPHENE@Charged	MetaCyc:5-4-HYDROXYBUT-1-YNYL-22-BITHIOPHENE@Charged	
cpd02737	MetaCyc:METHYL-THMPT;KEGG:C04488@Charged;ChEBI:58116	MetaCyc:METHYL-THMPT;KEGG:C04488@Charged;ChEBI:58116	MetaCyc:METHYL-THMPT;KEGG:C04488@Charged;ChEBI:58116	MetaCyc:METHYL-THMPT@Charged;KEGG:C04488@Charged;ChEBI:58116@Charged	KEGG:C04488	KEGG:C04488	GC	KEGG:C04488@Charged	KEGG:C04488@Charged	eQuilibrator:MNXM1643
cpd02738	MetaCyc:CPD-1302;KEGG:C04489@Charged;ChEBI:58207	MetaCyc:CPD-1302;KEGG:C04489@Charged;ChEBI:58207	MetaCyc:CPD-1302;KEGG:C04489@Charged;ChEBI:58207	MetaCyc:CPD-1302@Charged;KEGG:C04489@Charged;ChEBI:58207@Charged	KEGG:C04489	KEGG:C04489	GC	MetaCyc:CPD-1302@Charged	MetaCyc:CPD-1302@Charged	eQuilibrator:MNXM2623
cpd02739	KEGG:C04491@Charged	KEGG:C04491@Charged	KEGG:C04491@Charged	KEGG:C04491@Charged	KEGG:C04491	KEGG:C04491	GC	KEGG:C04491@Charged	KEGG:C04491@Charged	
cpd02740	MetaCyc:GDP-TP@Charged;KEGG:C04494@Charged;ChEBI:142410	MetaCyc:GDP-TP@Charged;KEGG:C04494@Charged;ChEBI:142410	MetaCyc:GDP-TP@Charged;KEGG:C04494@Charged;ChEBI:142410	MetaCyc:GDP-TP@Charged;KEGG:C04494@Charged;ChEBI:142410	KEGG:C04494		GC	KEGG:C04494@Charged	KEGG:C04494@Charged	eQuilibrator:MNXM1561
cpd02741	MetaCyc:N-4-GUANIDINOBUTYL-4-HYDROXYCINNAMAMID;KEGG:C04498@Charged	MetaCyc:N-4-GUANIDINOBUTYL-4-HYDROXYCINNAMAMID;KEGG:C04498@Charged	MetaCyc:N-4-GUANIDINOBUTYL-4-HYDROXYCINNAMAMID;KEGG:C04498@Charged	MetaCyc:N-4-GUANIDINOBUTYL-4-HYDROXYCINNAMAMID@Charged;KEGG:C04498@Charged	KEGG:C04498	KEGG:C04498	EQ	eQuilibrator:MNXM3665	KEGG:C04498@Charged	eQuilibrator:MNXM3665
cpd02743	MetaCyc:BETA-ACETYLGLUCOSAMINIDE;KEGG:C04502;ChEBI:61631	MetaCyc:BETA-ACETYLGLUCOSAMINIDE;KEGG:C04502;ChEBI:61631		MetaCyc:BETA-ACETYLGLUCOSAMINIDE;KEGG:C04502;ChEBI:61631	KEGG:C04502	KEGG:C04502	GC	MetaCyc:BETA-ACETYLGLUCOSAMINIDE@Charged	MetaCyc:BETA-ACETYLGLUCOSAMINIDE@Charged	
cpd02744	MetaCyc:N-PHOSPHOGUANIDINOETHYL-METHYL-PHOSPHAT;ChEBI:58599	MetaCyc:N-PHOSPHOGUANIDINOETHYL-METHYL-PHOSPHAT;ChEBI:58599	MetaCyc:N-PHOSPHOGUANIDINOETHYL-METHYL-PHOSPHAT;ChEBI:58599	MetaCyc:N-PHOSPHOGUANIDINOETHYL-METHYL-PHOSPHAT@Charged;ChEBI:58599@Charged	KEGG:C04503	KEGG:C04503	GC	MetaCyc:N-PHOSPHOGUANIDINOETHYL-METHYL-PHOSPHAT@Charged	MetaCyc:N-PHOSPHOGUANIDINOETHYL-METHYL-PHOSPHAT@Charged	eQuilibrator:MNXM4675
cpd02745	KEGG:C04507@Charged;ChEBI:138733	KEGG:C04507@Charged;ChEBI:138733	KEGG:C04507@Charged;ChEBI:138733	KEGG:C04507@Charged;ChEBI:138733	KEGG:C04507	KEGG:C04507	GC	KEGG:C04507@Charged	KEGG:C04507@Charged	
cpd02746	MetaCyc:CPD-9452@Charged;KEGG:C04509@Charged	MetaCyc:CPD-9452@Charged;KEGG:C04509@Charged	MetaCyc:CPD-9452@Charged;KEGG:C04509@Charged	MetaCyc:CPD-9452@Charged;KEGG:C04509@Charged	KEGG:C04509		GC	MetaCyc:CPD-9452@Charged	MetaCyc:CPD-9452@Charged	
cpd02747	KEGG:C04514;ChEBI:28809	KEGG:C04514;ChEBI:28809	KEGG:C04514;ChEBI:28809	KEGG:C04514;ChEBI:28809	KEGG:C04514	KEGG:C04514	EQ	eQuilibrator:MNXM13497	KEGG:C04514@Charged	eQuilibrator:MNXM13497
cpd02748	MetaCyc:1236-TETRAKIS-O-GALLOYL-BETA-D-GLUCOS;KEGG:C04516;ChEBI:17527	MetaCyc:1236-TETRAKIS-O-GALLOYL-BETA-D-GLUCOS;KEGG:C04516;ChEBI:17527	MetaCyc:1236-TETRAKIS-O-GALLOYL-BETA-D-GLUCOS;KEGG:C04516;ChEBI:17527	MetaCyc:1236-TETRAKIS-O-GALLOYL-BETA-D-GLUCOS;KEGG:C04516;ChEBI:17527	KEGG:C04516	KEGG:C04516	EQ	eQuilibrator:MNXM3772	KEGG:C04516@Charged	eQuilibrator:MNXM3772
cpd02749	KEGG:C04517@Charged;ChEBI:77287	KEGG:C04517@Charged;ChEBI:77287		KEGG:C04517@Charged;ChEBI:77287	KEGG:C04517	KEGG:C04517	GC	KEGG:C04517@Charged	KEGG:C04517@Charged	
cpd02750	MetaCyc:17-ALPHA20-ALPHA-DIHYDROXYPREGN-4-EN-3-;KEGG:C04518;ChEBI:16418	MetaCyc:17-ALPHA20-ALPHA-DIHYDROXYPREGN-4-EN-3-;KEGG:C04518;ChEBI:16418	MetaCyc:17-ALPHA20-ALPHA-DIHYDROXYPREGN-4-EN-3-;KEGG:C04518;ChEBI:16418	MetaCyc:17-ALPHA20-ALPHA-DIHYDROXYPREGN-4-EN-3-;KEGG:C04518;ChEBI:16418	KEGG:C04518	KEGG:C04518	GC	MetaCyc:17-ALPHA20-ALPHA-DIHYDROXYPREGN-4-EN-3-@Charged	MetaCyc:17-ALPHA20-ALPHA-DIHYDROXYPREGN-4-EN-3-@Charged	
cpd02751	MetaCyc:CPD-178;KEGG:C04520@Charged;ChEBI:57539	MetaCyc:CPD-178;KEGG:C04520@Charged;ChEBI:57539	MetaCyc:CPD-178;KEGG:C04520@Charged;ChEBI:57539	MetaCyc:CPD-178;KEGG:C04520@Charged;ChEBI:57539	KEGG:C04520		EQ	eQuilibrator:MNXM1305	MetaCyc:CPD-178@Charged	eQuilibrator:MNXM1305
cpd02752	MetaCyc:CPD-6182	MetaCyc:CPD-6182	MetaCyc:CPD-6182	MetaCyc:CPD-6182	KEGG:C04521	KEGG:C04521	GC	MetaCyc:CPD-6182@Charged	MetaCyc:CPD-6182@Charged	eQuilibrator:MNXM63419
cpd02753	MetaCyc:2-CL-5-OXO-2-5-DIH-FURAN-2-ACETATE;ChEBI:85538	MetaCyc:2-CL-5-OXO-2-5-DIH-FURAN-2-ACETATE;ChEBI:85538	MetaCyc:2-CL-5-OXO-2-5-DIH-FURAN-2-ACETATE;ChEBI:85538	MetaCyc:2-CL-5-OXO-2-5-DIH-FURAN-2-ACETATE;ChEBI:85538	KEGG:C04522	KEGG:C04522	GC	MetaCyc:2-CL-5-OXO-2-5-DIH-FURAN-2-ACETATE@Charged	MetaCyc:2-CL-5-OXO-2-5-DIH-FURAN-2-ACETATE@Charged	eQuilibrator:MNXM2572
cpd02754	MetaCyc:2-PROTOCATECHUOYLPHLOROGLUCINOLCARBOXYLA;KEGG:C04524@Charged;ChEBI:57628	MetaCyc:2-PROTOCATECHUOYLPHLOROGLUCINOLCARBOXYLA;KEGG:C04524@Charged;ChEBI:57628	MetaCyc:2-PROTOCATECHUOYLPHLOROGLUCINOLCARBOXYLA;KEGG:C04524@Charged;ChEBI:57628	MetaCyc:2-PROTOCATECHUOYLPHLOROGLUCINOLCARBOXYLA;KEGG:C04524@Charged;ChEBI:57628	KEGG:C04524	KEGG:C04524	EQ	eQuilibrator:MNXM3442	MetaCyc:2-PROTOCATECHUOYLPHLOROGLUCINOLCARBOXYLA@Charged	eQuilibrator:MNXM3442
cpd02755	MetaCyc:FECOSTEROL;KEGG:C04525;ChEBI:17038	MetaCyc:FECOSTEROL;KEGG:C04525;ChEBI:17038	MetaCyc:FECOSTEROL;KEGG:C04525;ChEBI:17038	MetaCyc:FECOSTEROL;KEGG:C04525;ChEBI:17038	KEGG:C04525	KEGG:C04525	GC	MetaCyc:FECOSTEROL@Charged	MetaCyc:FECOSTEROL@Charged	eQuilibrator:MNXM1741
cpd02756	KEGG:C04526@Charged	KEGG:C04526@Charged	KEGG:C04526@Charged	KEGG:C04526@Charged	KEGG:C04526	KEGG:C04526	EQ	eQuilibrator:MNXM35918	KEGG:C04526@Charged	eQuilibrator:MNXM35918
cpd02757	MetaCyc:33457-PENTAHYDROXY-8-METHOXYFLAVON@Charged;KEGG:C04527@Charged;ChEBI:58544@Charged	MetaCyc:33457-PENTAHYDROXY-8-METHOXYFLAVON@Charged;KEGG:C04527@Charged;ChEBI:58544@Charged	MetaCyc:33457-PENTAHYDROXY-8-METHOXYFLAVON@Charged;KEGG:C04527@Charged;ChEBI:58544@Charged	MetaCyc:33457-PENTAHYDROXY-8-METHOXYFLAVON@Charged;KEGG:C04527@Charged;ChEBI:58544@Charged	KEGG:C04527	KEGG:C04527	GC	KEGG:C04527@Charged	KEGG:C04527@Charged	eQuilibrator:MNXM4311
cpd02758	KEGG:C04529@Charged;ChEBI:57435	KEGG:C04529@Charged;ChEBI:57435	KEGG:C04529@Charged;ChEBI:57435	KEGG:C04529@Charged;ChEBI:57435	KEGG:C04529	KEGG:C04529	EQ	eQuilibrator:MNXM4179	KEGG:C04529@Charged	eQuilibrator:MNXM4179
cpd02759	MetaCyc:44-DIMETHYL-5ALPHA-CHOLEST-7-EN-3BET;ChEBI:16455	MetaCyc:44-DIMETHYL-5ALPHA-CHOLEST-7-EN-3BET;ChEBI:16455	MetaCyc:44-DIMETHYL-5ALPHA-CHOLEST-7-EN-3BET;ChEBI:16455	MetaCyc:44-DIMETHYL-5ALPHA-CHOLEST-7-EN-3BET;ChEBI:16455	KEGG:C04530	KEGG:C04530	GC	MetaCyc:44-DIMETHYL-5ALPHA-CHOLEST-7-EN-3BET@Charged	MetaCyc:44-DIMETHYL-5ALPHA-CHOLEST-7-EN-3BET@Charged	eQuilibrator:MNXM1362
cpd02760	MetaCyc:CPD-507;KEGG:C04534@Charged	MetaCyc:CPD-507;KEGG:C04534@Charged	MetaCyc:CPD-507;KEGG:C04534@Charged	MetaCyc:CPD-507;KEGG:C04534@Charged	KEGG:C04534	KEGG:C04534	EQ	eQuilibrator:MNXM4419	MetaCyc:CPD-507@Charged	eQuilibrator:MNXM4419
cpd02761	KEGG:C04535@Charged;ChEBI:79380@Charged	KEGG:C04535@Charged;ChEBI:79380@Charged	KEGG:C04535@Charged;ChEBI:79380@Charged	KEGG:C04535@Charged;ChEBI:79380@Charged	KEGG:C04535	KEGG:C04535	EQ		KEGG:C04535@Charged	
cpd02762	KEGG:C04536@Charged	KEGG:C04536@Charged	KEGG:C04536@Charged	KEGG:C04536@Charged	KEGG:C04536	KEGG:C04536	GC	KEGG:C04536@Charged	KEGG:C04536@Charged	
cpd02763	MetaCyc:ACETYL-ETCETERA-L-ASPARAGINE;KEGG:C04540;ChEBI:58080	MetaCyc:ACETYL-ETCETERA-L-ASPARAGINE;KEGG:C04540;ChEBI:58080	MetaCyc:ACETYL-ETCETERA-L-ASPARAGINE;KEGG:C04540;ChEBI:58080	MetaCyc:ACETYL-ETCETERA-L-ASPARAGINE;KEGG:C04540@Charged;ChEBI:58080	KEGG:C04540	KEGG:C04540	EQ	eQuilibrator:MNXM2256	KEGG:C04540@Charged	eQuilibrator:MNXM2256
cpd02764	KEGG:C04541@Charged	KEGG:C04541@Charged	KEGG:C04541@Charged	KEGG:C04541@Charged		KEGG:C04541	GC	KEGG:C04541@Charged	KEGG:C04541@Charged	eQuilibrator:MNXM64070
cpd02765	MetaCyc:BUTHIONINE-SULFOXIMINE	MetaCyc:BUTHIONINE-SULFOXIMINE	MetaCyc:BUTHIONINE-SULFOXIMINE	MetaCyc:BUTHIONINE-SULFOXIMINE	KEGG:C04543	KEGG:C04543	GC	MetaCyc:BUTHIONINE-SULFOXIMINE@Charged	MetaCyc:BUTHIONINE-SULFOXIMINE@Charged	
cpd02766	MetaCyc:CPD-211@Charged;KEGG:C04544@Charged;ChEBI:58009@Charged	MetaCyc:CPD-211@Charged;KEGG:C04544@Charged;ChEBI:58009@Charged	MetaCyc:CPD-211@Charged;KEGG:C04544@Charged;ChEBI:58009@Charged	MetaCyc:CPD-211@Charged;KEGG:C04544@Charged;ChEBI:58009@Charged	KEGG:C04544	KEGG:C04544	EQ	eQuilibrator:MNXM4028	KEGG:C04544@Charged	eQuilibrator:MNXM4028
cpd02767	MetaCyc:CPD-1116;KEGG:C04546@Charged;ChEBI:10979	MetaCyc:CPD-1116;KEGG:C04546@Charged;ChEBI:10979	MetaCyc:CPD-1116;KEGG:C04546@Charged;ChEBI:10979	MetaCyc:CPD-1116;KEGG:C04546@Charged;ChEBI:10979	KEGG:C04546	KEGG:C04546	EQ	eQuilibrator:MNXM3406	KEGG:C04546@Charged	eQuilibrator:MNXM3406
cpd02768	MetaCyc:12-BIS4-HYDROXY-3-METHOXYPHENYLETHYLE;KEGG:C04547	MetaCyc:12-BIS4-HYDROXY-3-METHOXYPHENYLETHYLE;KEGG:C04547	MetaCyc:12-BIS4-HYDROXY-3-METHOXYPHENYLETHYLE;KEGG:C04547	MetaCyc:12-BIS4-HYDROXY-3-METHOXYPHENYLETHYLE;KEGG:C04547	KEGG:C04547	KEGG:C04547	EQ	eQuilibrator:MNXM4316	KEGG:C04547@Charged	eQuilibrator:MNXM4316
cpd02769	KEGG:C04548@Charged	KEGG:C04548@Charged	KEGG:C04548@Charged	KEGG:C04548@Charged	KEGG:C04548	KEGG:C04548	EQ	eQuilibrator:MNXM3096	KEGG:C04548@Charged	eQuilibrator:MNXM3096
cpd02771					KEGG:C04552	KEGG:C04552	GC			
cpd02772	MetaCyc:CPD-761;KEGG:C04553@Charged	MetaCyc:CPD-761;KEGG:C04553@Charged	MetaCyc:CPD-761;KEGG:C04553@Charged	MetaCyc:CPD-761;KEGG:C04553@Charged	KEGG:C04553	KEGG:C04553	GC	KEGG:C04553@Charged	KEGG:C04553@Charged	
cpd02773	MetaCyc:CPD-1834;ChEBI:58750	MetaCyc:CPD-1834;ChEBI:58750	MetaCyc:CPD-1834;ChEBI:58750	MetaCyc:CPD-1834;ChEBI:58750	KEGG:C04554	KEGG:C04554	GC	MetaCyc:CPD-1834@Charged	MetaCyc:CPD-1834@Charged	eQuilibrator:MNXM162722
cpd02774	KEGG:C04555@Charged;ChEBI:57905	KEGG:C04555@Charged;ChEBI:57905	KEGG:C04555@Charged;ChEBI:57905	KEGG:C04555@Charged;ChEBI:57905	KEGG:C04555	KEGG:C04555	GC	KEGG:C04555@Charged	KEGG:C04555@Charged	eQuilibrator:MNXM991
cpd02775	MetaCyc:AMINO-HYDROXYMETHYL-METHYL-PYR-P;KEGG:C04556@Charged;ChEBI:58354	MetaCyc:AMINO-HYDROXYMETHYL-METHYL-PYR-P;KEGG:C04556@Charged;ChEBI:58354	MetaCyc:AMINO-HYDROXYMETHYL-METHYL-PYR-P;KEGG:C04556@Charged;ChEBI:58354	MetaCyc:AMINO-HYDROXYMETHYL-METHYL-PYR-P;KEGG:C04556@Charged;ChEBI:58354	KEGG:C04556	KEGG:C04556	EQ	eQuilibrator:MNXM790	KEGG:C04556@Charged	eQuilibrator:MNXM790
cpd02776	KEGG:C04558@Charged;ChEBI:57883	KEGG:C04558@Charged;ChEBI:57883	KEGG:C04558@Charged;ChEBI:57883	KEGG:C04558@Charged;ChEBI:57883	KEGG:C04558	KEGG:C04558	GC	KEGG:C04558@Charged	KEGG:C04558@Charged	eQuilibrator:MNXM3181
cpd02777	MetaCyc:CPD-10823;KEGG:C04559@Charged;ChEBI:57888	MetaCyc:CPD-10823;KEGG:C04559@Charged;ChEBI:57888	MetaCyc:CPD-10823;KEGG:C04559@Charged;ChEBI:57888	MetaCyc:CPD-10823;KEGG:C04559@Charged;ChEBI:57888	KEGG:C04559	KEGG:C04559	EQ	eQuilibrator:MNXM3182	KEGG:C04559@Charged	eQuilibrator:MNXM3182
cpd02778	MetaCyc:BENZYL-2R3S-2-METHYL-3-HYDROXYBUTANOA;KEGG:C04561;ChEBI:16239	MetaCyc:BENZYL-2R3S-2-METHYL-3-HYDROXYBUTANOA;KEGG:C04561;ChEBI:16239	MetaCyc:BENZYL-2R3S-2-METHYL-3-HYDROXYBUTANOA;KEGG:C04561;ChEBI:16239	MetaCyc:BENZYL-2R3S-2-METHYL-3-HYDROXYBUTANOA;KEGG:C04561;ChEBI:16239	KEGG:C04561	KEGG:C04561	EQ	eQuilibrator:MNXM16243	MetaCyc:BENZYL-2R3S-2-METHYL-3-HYDROXYBUTANOA@Charged	eQuilibrator:MNXM16243
cpd02779	KEGG:C04562	KEGG:C04562	KEGG:C04562	KEGG:C04562	KEGG:C04562	KEGG:C04562	EQ	eQuilibrator:MNXM43650	KEGG:C04562@Charged	eQuilibrator:MNXM43650
cpd02780	MetaCyc:CPD-534;KEGG:C04563@Charged;ChEBI:57798	MetaCyc:CPD-534;KEGG:C04563@Charged;ChEBI:57798	MetaCyc:CPD-534;KEGG:C04563@Charged;ChEBI:57798	MetaCyc:CPD-534;KEGG:C04563@Charged;ChEBI:57798	KEGG:C04563		EQ	eQuilibrator:MNXM3147	KEGG:C04563@Charged	eQuilibrator:MNXM3147
cpd02781	KEGG:C04572@Charged	KEGG:C04572@Charged	KEGG:C04572@Charged	KEGG:C04572@Charged	KEGG:C04572	KEGG:C04572	GC	KEGG:C04572@Charged	KEGG:C04572@Charged	eQuilibrator:MNXM81246
cpd02782	MetaCyc:UDP-N-ACETYL-2-AMINO-D-GLUCURONATE;KEGG:C04573@Charged;ChEBI:65040	MetaCyc:UDP-N-ACETYL-2-AMINO-D-GLUCURONATE;KEGG:C04573@Charged;ChEBI:65040	MetaCyc:UDP-N-ACETYL-2-AMINO-D-GLUCURONATE;KEGG:C04573@Charged;ChEBI:65040	MetaCyc:UDP-N-ACETYL-2-AMINO-D-GLUCURONATE;KEGG:C04573@Charged;ChEBI:65040	KEGG:C04573	KEGG:C04573	EQ	eQuilibrator:MNXM7862	KEGG:C04573@Charged	eQuilibrator:MNXM7862
cpd02784	MetaCyc:CPD-19692@Charged;MetaCyc:CPD-334;KEGG:C04575@Charged;ChEBI:57441	MetaCyc:CPD-19692@Charged;MetaCyc:CPD-334;KEGG:C04575@Charged;ChEBI:57441	MetaCyc:CPD-19692@Charged;MetaCyc:CPD-334;KEGG:C04575@Charged;ChEBI:57441	MetaCyc:CPD-19692@Charged;MetaCyc:CPD-334;KEGG:C04575@Charged;ChEBI:57441	KEGG:C04575	KEGG:C04575	EQ	eQuilibrator:MNXM958	MetaCyc:CPD-334@Charged	eQuilibrator:MNXM958
cpd02785	MetaCyc:12346-PENTAKIS-O-GALLOYL-BETA-D-GLUC@Charged;KEGG:C04576@Charged;ChEBI:145902	MetaCyc:12346-PENTAKIS-O-GALLOYL-BETA-D-GLUC@Charged;KEGG:C04576@Charged;ChEBI:145902	MetaCyc:12346-PENTAKIS-O-GALLOYL-BETA-D-GLUC@Charged;KEGG:C04576@Charged;ChEBI:145902	MetaCyc:12346-PENTAKIS-O-GALLOYL-BETA-D-GLUC@Charged;KEGG:C04576@Charged;ChEBI:145902@Charged	KEGG:C04576	KEGG:C04576	EQ	eQuilibrator:MNXM2901	KEGG:C04576@Charged	eQuilibrator:MNXM2901
cpd02786	MetaCyc:15-OXO-5811-CIS-13-TRANS-ICOSATETRAENO;KEGG:C04577@Charged;ChEBI:57410	MetaCyc:15-OXO-5811-CIS-13-TRANS-ICOSATETRAENO;KEGG:C04577@Charged;ChEBI:57410	MetaCyc:15-OXO-5811-CIS-13-TRANS-ICOSATETRAENO;KEGG:C04577@Charged;ChEBI:57410	MetaCyc:15-OXO-5811-CIS-13-TRANS-ICOSATETRAENO;KEGG:C04577@Charged;ChEBI:57410	KEGG:C04577	KEGG:C04577	EQ	eQuilibrator:MNXM2458	MetaCyc:15-OXO-5811-CIS-13-TRANS-ICOSATETRAENO@Charged	eQuilibrator:MNXM2458
cpd02787	MetaCyc:16-METHOXY-23-DIHYDRO-3-HYDROXYTABERSON;KEGG:C04578@Charged;ChEBI:58485	MetaCyc:16-METHOXY-23-DIHYDRO-3-HYDROXYTABERSON;KEGG:C04578@Charged;ChEBI:58485	MetaCyc:16-METHOXY-23-DIHYDRO-3-HYDROXYTABERSON;KEGG:C04578@Charged;ChEBI:58485	MetaCyc:16-METHOXY-23-DIHYDRO-3-HYDROXYTABERSON;KEGG:C04578@Charged;ChEBI:58485	KEGG:C04578	KEGG:C04578	GC	MetaCyc:16-METHOXY-23-DIHYDRO-3-HYDROXYTABERSON@Charged	MetaCyc:16-METHOXY-23-DIHYDRO-3-HYDROXYTABERSON@Charged	
cpd02788	MetaCyc:MI-PENTAKISPHOSPHATE;ChEBI:177294	MetaCyc:MI-PENTAKISPHOSPHATE;ChEBI:177294	MetaCyc:MI-PENTAKISPHOSPHATE;ChEBI:177294	MetaCyc:MI-PENTAKISPHOSPHATE;ChEBI:177294	KEGG:C04579		EQ	eQuilibrator:MNXM9730	MetaCyc:MI-PENTAKISPHOSPHATE@Charged	eQuilibrator:MNXM9730
cpd02789	MetaCyc:CPD-23638;KEGG:C04580@Charged	MetaCyc:CPD-23638;KEGG:C04580@Charged	MetaCyc:CPD-23638;KEGG:C04580@Charged	MetaCyc:CPD-23638;KEGG:C04580@Charged	KEGG:C04580	KEGG:C04580	EQ	eQuilibrator:MNXM34985	KEGG:C04580@Charged	eQuilibrator:MNXM34985
cpd02790	MetaCyc:CPD-10527@Charged;KEGG:C04581@Charged;ChEBI:77769	MetaCyc:CPD-10527@Charged;KEGG:C04581@Charged;ChEBI:77769	MetaCyc:CPD-10527@Charged;KEGG:C04581@Charged;ChEBI:77769	MetaCyc:CPD-10527@Charged;KEGG:C04581@Charged;ChEBI:77769	KEGG:C04581	KEGG:C04581	GC	MetaCyc:CPD-10527@Charged	MetaCyc:CPD-10527@Charged	eQuilibrator:MNXM3830
cpd02791	MetaCyc:CPD-1063;KEGG:C04582@Charged;ChEBI:58548	MetaCyc:CPD-1063;KEGG:C04582@Charged;ChEBI:58548	MetaCyc:CPD-1063;KEGG:C04582@Charged;ChEBI:58548	MetaCyc:CPD-1063;KEGG:C04582@Charged;ChEBI:58548	KEGG:C04582	KEGG:C04582	EQ	eQuilibrator:MNXM522	MetaCyc:CPD-1063@Charged	eQuilibrator:MNXM522
cpd02792	KEGG:C04583	KEGG:C04583	KEGG:C04583	KEGG:C04583@Charged	KEGG:C04583	KEGG:C04583	GC	KEGG:C04583@Charged	KEGG:C04583@Charged	
cpd02793	MetaCyc:CPD-386;KEGG:C04584@Charged;ChEBI:57583	MetaCyc:CPD-386;KEGG:C04584@Charged;ChEBI:57583	MetaCyc:CPD-386;KEGG:C04584@Charged;ChEBI:57583	MetaCyc:CPD-386;KEGG:C04584@Charged;ChEBI:57583	KEGG:C04584	KEGG:C04584	GC	KEGG:C04584@Charged	KEGG:C04584@Charged	eQuilibrator:MNXM4416
cpd02794	MetaCyc:DIETHYL-2R3R-2-METHYL-3-HYDROXYSUCCIN;KEGG:C04586;ChEBI:17132	MetaCyc:DIETHYL-2R3R-2-METHYL-3-HYDROXYSUCCIN;KEGG:C04586;ChEBI:17132	MetaCyc:DIETHYL-2R3R-2-METHYL-3-HYDROXYSUCCIN;KEGG:C04586;ChEBI:17132	MetaCyc:DIETHYL-2R3R-2-METHYL-3-HYDROXYSUCCIN;KEGG:C04586;ChEBI:17132	KEGG:C04586	KEGG:C04586	EQ	eQuilibrator:MNXM3975	MetaCyc:DIETHYL-2R3R-2-METHYL-3-HYDROXYSUCCIN@Charged	eQuilibrator:MNXM3975
cpd02795	KEGG:C04587	KEGG:C04587	KEGG:C04587	KEGG:C04587	KEGG:C04587	KEGG:C04587	EQ	eQuilibrator:MNXM50589	KEGG:C04587@Charged	eQuilibrator:MNXM50589
cpd02796	KEGG:C04589@Charged;ChEBI:132115	KEGG:C04589@Charged;ChEBI:132115	KEGG:C04589@Charged;ChEBI:132115	KEGG:C04589@Charged;ChEBI:132115	KEGG:C04589	KEGG:C04589	GC	KEGG:C04589@Charged	KEGG:C04589@Charged	eQuilibrator:MNXM4127
cpd02797	KEGG:C04590@Charged;ChEBI:57677	KEGG:C04590@Charged;ChEBI:57677	KEGG:C04590@Charged;ChEBI:57677	KEGG:C04590@Charged;ChEBI:57677	KEGG:C04590	KEGG:C04590	EQ	eQuilibrator:MNXM1684	KEGG:C04590@Charged	eQuilibrator:MNXM1684
cpd02798	MetaCyc:TOLUENECISDHDIOL;KEGG:C04592;ChEBI:15565	MetaCyc:TOLUENECISDHDIOL;KEGG:C04592;ChEBI:15565	MetaCyc:TOLUENECISDHDIOL;KEGG:C04592;ChEBI:15565	MetaCyc:TOLUENECISDHDIOL;KEGG:C04592;ChEBI:15565	KEGG:C04592	KEGG:C04592	EQ	eQuilibrator:MNXM1952	KEGG:C04592@Charged	eQuilibrator:MNXM1952
cpd02799	MetaCyc:CPD-618;KEGG:C04593@Charged;ChEBI:57429	MetaCyc:CPD-618;KEGG:C04593@Charged;ChEBI:57429	MetaCyc:CPD-618;KEGG:C04593@Charged;ChEBI:57429	MetaCyc:CPD-618;KEGG:C04593@Charged;ChEBI:57429	KEGG:C04593	KEGG:C04593	EQ	eQuilibrator:MNXM1694	MetaCyc:CPD-618@Charged	eQuilibrator:MNXM1694
cpd02800	MetaCyc:EPOXYOCTA-CPD	MetaCyc:EPOXYOCTA-CPD	MetaCyc:EPOXYOCTA-CPD	MetaCyc:EPOXYOCTA-CPD	KEGG:C04594	KEGG:C04594	EQ	eQuilibrator:MNXM6012	MetaCyc:EPOXYOCTA-CPD@Charged	eQuilibrator:MNXM6012
cpd02801	MetaCyc:DICHLOROBIS-CPD;KEGG:C04596;ChEBI:16598	MetaCyc:DICHLOROBIS-CPD;KEGG:C04596;ChEBI:16598	MetaCyc:DICHLOROBIS-CPD;KEGG:C04596;ChEBI:16598	MetaCyc:DICHLOROBIS-CPD;KEGG:C04596;ChEBI:16598			EQ	eQuilibrator:MNXM2814	MetaCyc:DICHLOROBIS-CPD@Charged	eQuilibrator:MNXM2814
cpd02802	MetaCyc:12-BIS34-DIMETHOXYPHENYLPROPANE-13-;KEGG:C04597	MetaCyc:12-BIS34-DIMETHOXYPHENYLPROPANE-13-;KEGG:C04597	MetaCyc:12-BIS34-DIMETHOXYPHENYLPROPANE-13-;KEGG:C04597	MetaCyc:12-BIS34-DIMETHOXYPHENYLPROPANE-13-;KEGG:C04597	KEGG:C04597	KEGG:C04597	EQ	eQuilibrator:MNXM4936	KEGG:C04597@Charged	eQuilibrator:MNXM4936
cpd02803	KEGG:C04598@Charged;ChEBI:36707	KEGG:C04598@Charged;ChEBI:36707		KEGG:C04598@Charged;ChEBI:36707	KEGG:C04598	KEGG:C04598	GC	KEGG:C04598@Charged	KEGG:C04598@Charged	
cpd02804	MetaCyc:CPD-22665@Charged;KEGG:C04599@Charged	MetaCyc:CPD-22665@Charged;KEGG:C04599@Charged	MetaCyc:CPD-22665@Charged;KEGG:C04599@Charged	MetaCyc:CPD-22665@Charged;KEGG:C04599@Charged		KEGG:C04599	EQ	eQuilibrator:MNXM6042	KEGG:C04599@Charged	eQuilibrator:MNXM6042
cpd02805	MetaCyc:CPD-234;KEGG:C04604@Charged;ChEBI:77620	MetaCyc:CPD-234;KEGG:C04604@Charged;ChEBI:77620	MetaCyc:CPD-234;KEGG:C04604@Charged;ChEBI:77620	MetaCyc:CPD-234@Charged;KEGG:C04604@Charged;ChEBI:77620	KEGG:C04604	KEGG:C04604	EQ	eQuilibrator:MNXM3187	KEGG:C04604@Charged	eQuilibrator:MNXM3187
cpd02806	MetaCyc:5-34-DIACETOXYBUT-1-YNYL-22-BITHIOP;KEGG:C04606;ChEBI:16013	MetaCyc:5-34-DIACETOXYBUT-1-YNYL-22-BITHIOP;KEGG:C04606;ChEBI:16013	MetaCyc:5-34-DIACETOXYBUT-1-YNYL-22-BITHIOP;KEGG:C04606;ChEBI:16013	MetaCyc:5-34-DIACETOXYBUT-1-YNYL-22-BITHIOP;KEGG:C04606;ChEBI:16013	KEGG:C04606	KEGG:C04606	GC	MetaCyc:5-34-DIACETOXYBUT-1-YNYL-22-BITHIOP@Charged	MetaCyc:5-34-DIACETOXYBUT-1-YNYL-22-BITHIOP@Charged	
cpd02807	MetaCyc:APIGENIN-7-O-BETA-D-GLUCOSIDE;KEGG:C04608@Charged;ChEBI:77722	MetaCyc:APIGENIN-7-O-BETA-D-GLUCOSIDE;KEGG:C04608@Charged;ChEBI:77722	MetaCyc:APIGENIN-7-O-BETA-D-GLUCOSIDE;KEGG:C04608@Charged;ChEBI:77722	MetaCyc:APIGENIN-7-O-BETA-D-GLUCOSIDE;KEGG:C04608@Charged;ChEBI:77722	KEGG:C04608	KEGG:C04608	GC	MetaCyc:APIGENIN-7-O-BETA-D-GLUCOSIDE@Charged	MetaCyc:APIGENIN-7-O-BETA-D-GLUCOSIDE@Charged	eQuilibrator:MNXM2794
cpd02808	MetaCyc:CPD-8546	MetaCyc:CPD-8546	MetaCyc:CPD-8546	MetaCyc:CPD-8546	MetaCyc:CPD-8546	MetaCyc:CPD-8546	GC	MetaCyc:CPD-8546@Charged	MetaCyc:CPD-8546@Charged	
cpd02809	KEGG:C04611	KEGG:C04611	KEGG:C04611	KEGG:C04611	KEGG:C04611	KEGG:C04611	EQ	eQuilibrator:MNXM164844	KEGG:C04611@Charged	eQuilibrator:MNXM164844
cpd02810	MetaCyc:UDP-2-ACETAMIDO-4-DEHYDRO-26-DIDEOXYGLU	MetaCyc:UDP-2-ACETAMIDO-4-DEHYDRO-26-DIDEOXYGLU	MetaCyc:UDP-2-ACETAMIDO-4-DEHYDRO-26-DIDEOXYGLU	MetaCyc:UDP-2-ACETAMIDO-4-DEHYDRO-26-DIDEOXYGLU	KEGG:C04613	KEGG:C04613	EQ	eQuilibrator:MNXM1785	MetaCyc:UDP-2-ACETAMIDO-4-DEHYDRO-26-DIDEOXYGLU@Charged	eQuilibrator:MNXM1785
cpd02811	MetaCyc:alpha-D-Man-13-beta-D-Man-R;KEGG:C04614	MetaCyc:alpha-D-Man-13-beta-D-Man-R;KEGG:C04614		MetaCyc:alpha-D-Man-13-beta-D-Man-R;KEGG:C04614	KEGG:C04614	KEGG:C04614	GC	KEGG:C04614@Charged	KEGG:C04614@Charged	
cpd02812	MetaCyc:CPD-10748;KEGG:C04617@Charged;ChEBI:15563	MetaCyc:CPD-10748;KEGG:C04617@Charged;ChEBI:15563	MetaCyc:CPD-10748;KEGG:C04617@Charged;ChEBI:15563	MetaCyc:CPD-10748;KEGG:C04617@Charged;ChEBI:15563	KEGG:C04617	KEGG:C04617	EQ	eQuilibrator:MNXM3963	MetaCyc:CPD-10748@Charged	eQuilibrator:MNXM3963
cpd02813	KEGG:C04621;ChEBI:15659	KEGG:C04621;ChEBI:15659	KEGG:C04621;ChEBI:15659	KEGG:C04621;ChEBI:15659	KEGG:C04621	KEGG:C04621	GC	KEGG:C04621@Charged	KEGG:C04621@Charged	eQuilibrator:MNXM4922
cpd02814	KEGG:C04622;KEGG:C19558;ChEBI:15660	KEGG:C04622;KEGG:C19558;ChEBI:15660	KEGG:C04622;KEGG:C19558;ChEBI:15660	KEGG:C04622;KEGG:C19558;ChEBI:15660	KEGG:C04622	KEGG:C04622	GC	KEGG:C19558@Charged	KEGG:C19558@Charged	eQuilibrator:MNXM4933
cpd02815	MetaCyc:CPD-43;KEGG:C04623;ChEBI:16130	MetaCyc:CPD-43;KEGG:C04623;ChEBI:16130	MetaCyc:CPD-43;KEGG:C04623;ChEBI:16130	MetaCyc:CPD-43;KEGG:C04623;ChEBI:16130			EQ	eQuilibrator:MNXM2659	KEGG:C04623@Charged	eQuilibrator:MNXM2659
cpd02816	MetaCyc:24-DICHLORO-25-DIHYDRO-5-OXOFURAN-2-AC;KEGG:C04625@Charged;ChEBI:57641	MetaCyc:24-DICHLORO-25-DIHYDRO-5-OXOFURAN-2-AC;KEGG:C04625@Charged;ChEBI:57641	MetaCyc:24-DICHLORO-25-DIHYDRO-5-OXOFURAN-2-AC;KEGG:C04625@Charged;ChEBI:57641	MetaCyc:24-DICHLORO-25-DIHYDRO-5-OXOFURAN-2-AC;KEGG:C04625@Charged;ChEBI:57641	KEGG:C04625	KEGG:C04625	GC	MetaCyc:24-DICHLORO-25-DIHYDRO-5-OXOFURAN-2-AC@Charged	MetaCyc:24-DICHLORO-25-DIHYDRO-5-OXOFURAN-2-AC@Charged	eQuilibrator:MNXM4268
cpd02817	MetaCyc:CPD-1281;KEGG:C04628@Charged;ChEBI:58596	MetaCyc:CPD-1281;KEGG:C04628@Charged;ChEBI:58596	MetaCyc:CPD-1281;KEGG:C04628@Charged;ChEBI:58596	MetaCyc:CPD-1281;KEGG:C04628@Charged;ChEBI:58596	KEGG:C04628	KEGG:C04628	EQ	eQuilibrator:MNXM921	MetaCyc:CPD-1281@Charged	eQuilibrator:MNXM921
cpd02818										
cpd02819	MetaCyc:UDP-2-ACETAMIDO-4-AMINO-246-TRIDEOXYGL	MetaCyc:UDP-2-ACETAMIDO-4-AMINO-246-TRIDEOXYGL	MetaCyc:UDP-2-ACETAMIDO-4-AMINO-246-TRIDEOXYGL	MetaCyc:UDP-2-ACETAMIDO-4-AMINO-246-TRIDEOXYGL	KEGG:C04630	KEGG:C04630	GC	MetaCyc:UDP-2-ACETAMIDO-4-AMINO-246-TRIDEOXYGL@Charged	MetaCyc:UDP-2-ACETAMIDO-4-AMINO-246-TRIDEOXYGL@Charged	
cpd02820	MetaCyc:UDP-ACETYL-CARBOXYVINYL-GLUCOSAMINE;KEGG:C04631@Charged;ChEBI:68483	MetaCyc:UDP-ACETYL-CARBOXYVINYL-GLUCOSAMINE;KEGG:C04631@Charged;ChEBI:68483	MetaCyc:UDP-ACETYL-CARBOXYVINYL-GLUCOSAMINE;KEGG:C04631@Charged;ChEBI:68483	MetaCyc:UDP-ACETYL-CARBOXYVINYL-GLUCOSAMINE;KEGG:C04631@Charged;ChEBI:68483	KEGG:C04631	KEGG:C04631	EQ	eQuilibrator:MNXM1688	MetaCyc:UDP-ACETYL-CARBOXYVINYL-GLUCOSAMINE@Charged	eQuilibrator:MNXM1688
cpd02821	KEGG:C04634@Charged	KEGG:C04634@Charged	KEGG:C04634@Charged	KEGG:C04634@Charged	KEGG:C04634	KEGG:C04634	EQ	eQuilibrator:MNXM5407	KEGG:C04634@Charged	eQuilibrator:MNXM5407
cpd02822	KEGG:C04635@Charged;ChEBI:77288	KEGG:C04635@Charged;ChEBI:77288		KEGG:C04635@Charged;ChEBI:77288	KEGG:C04635	KEGG:C04635	GC	KEGG:C04635@Charged	KEGG:C04635@Charged	
cpd02823	KEGG:C04636@Charged;ChEBI:60000	KEGG:C04636@Charged;ChEBI:60000		KEGG:C04636@Charged;ChEBI:60000	KEGG:C04636	KEGG:C04636	GC	KEGG:C04636@Charged	KEGG:C04636@Charged	
cpd02824	MetaCyc:BIS-GERANYLGERANYLGLYCEROL-PHOSPHATE;KEGG:C04638@Charged;ChEBI:58837	MetaCyc:BIS-GERANYLGERANYLGLYCEROL-PHOSPHATE;KEGG:C04638@Charged;ChEBI:58837	MetaCyc:BIS-GERANYLGERANYLGLYCEROL-PHOSPHATE;KEGG:C04638@Charged;ChEBI:58837	MetaCyc:BIS-GERANYLGERANYLGLYCEROL-PHOSPHATE;KEGG:C04638@Charged;ChEBI:58837	KEGG:C04638	KEGG:C04638	EQ	eQuilibrator:MNXM90594	KEGG:C04638@Charged	eQuilibrator:MNXM90594
cpd02825	MetaCyc:A-24-DIOXOTETRAHYDROPYRIMIDINE-D-RIBONU;KEGG:C04639@Charged;ChEBI:142106	MetaCyc:A-24-DIOXOTETRAHYDROPYRIMIDINE-D-RIBONU;KEGG:C04639@Charged;ChEBI:142106	MetaCyc:A-24-DIOXOTETRAHYDROPYRIMIDINE-D-RIBONU;KEGG:C04639@Charged;ChEBI:142106	MetaCyc:A-24-DIOXOTETRAHYDROPYRIMIDINE-D-RIBONU;KEGG:C04639@Charged;ChEBI:142106	KEGG:C04639	KEGG:C04639	EQ	eQuilibrator:MNXM6146	KEGG:C04639@Charged	eQuilibrator:MNXM6146
cpd02826	MetaCyc:5-PHOSPHORIBOSYL-N-FORMYLGLYCINEAMIDINE@Charged;KEGG:C04640@Charged;ChEBI:147287@Charged	MetaCyc:5-PHOSPHORIBOSYL-N-FORMYLGLYCINEAMIDINE@Charged;KEGG:C04640@Charged;ChEBI:147287@Charged	MetaCyc:5-PHOSPHORIBOSYL-N-FORMYLGLYCINEAMIDINE@Charged;KEGG:C04640@Charged;ChEBI:147287@Charged	MetaCyc:5-PHOSPHORIBOSYL-N-FORMYLGLYCINEAMIDINE@Charged;KEGG:C04640@Charged;ChEBI:147287@Charged	KEGG:C04640	KEGG:C04640	GC	KEGG:C04640@Charged	KEGG:C04640@Charged	eQuilibrator:MNXM568
cpd02827	MetaCyc:CPD-456;ChEBI:58169	MetaCyc:CPD-456;ChEBI:58169	MetaCyc:CPD-456;ChEBI:58169	MetaCyc:CPD-456;ChEBI:58169	KEGG:C04641	KEGG:C04641	EQ	eQuilibrator:MNXM4273	MetaCyc:CPD-456@Charged	eQuilibrator:MNXM4273
cpd02828	MetaCyc:CPD-783@Charged;KEGG:C04642@Charged;ChEBI:58030@Charged	MetaCyc:CPD-783@Charged;KEGG:C04642@Charged;ChEBI:58030@Charged	MetaCyc:CPD-783@Charged;KEGG:C04642@Charged;ChEBI:58030@Charged	MetaCyc:CPD-783@Charged;KEGG:C04642@Charged;ChEBI:58030@Charged	KEGG:C04642	KEGG:C04642	GC	MetaCyc:CPD-783@Charged	MetaCyc:CPD-783@Charged	
cpd02829	MetaCyc:CHOLANATE2;KEGG:C04643@Charged;ChEBI:11893	MetaCyc:CHOLANATE2;KEGG:C04643@Charged;ChEBI:11893	MetaCyc:CHOLANATE2;KEGG:C04643@Charged;ChEBI:11893	MetaCyc:CHOLANATE2;KEGG:C04643@Charged;ChEBI:11893	KEGG:C04643	KEGG:C04643	GC	KEGG:C04643@Charged	KEGG:C04643@Charged	eQuilibrator:MNXM3493
cpd02830	KEGG:C04644@Charged	KEGG:C04644@Charged	KEGG:C04644@Charged	KEGG:C04644@Charged	KEGG:C04644	KEGG:C04644	GC	KEGG:C04644@Charged	KEGG:C04644@Charged	
cpd02831					KEGG:C04645	KEGG:C04645	GC			
cpd02832	KEGG:C04646@Charged;ChEBI:145875	KEGG:C04646@Charged;ChEBI:145875	KEGG:C04646@Charged;ChEBI:145875	KEGG:C04646@Charged;ChEBI:145875	KEGG:C04646	KEGG:C04646	GC	KEGG:C04646@Charged	KEGG:C04646@Charged	
cpd02833	MetaCyc:H-antigen;KEGG:C04648;ChEBI:140327	MetaCyc:H-antigen;KEGG:C04648;ChEBI:140327		MetaCyc:H-antigen;KEGG:C04648;ChEBI:140327	KEGG:C04648	KEGG:C04648	GC	MetaCyc:H-antigen@Charged	MetaCyc:H-antigen@Charged	
cpd02834	MetaCyc:L-PHOSPHINOTHRICIN;KEGG:C04650@Charged	MetaCyc:L-PHOSPHINOTHRICIN;KEGG:C04650@Charged	MetaCyc:L-PHOSPHINOTHRICIN;KEGG:C04650@Charged	MetaCyc:L-PHOSPHINOTHRICIN;KEGG:C04650@Charged	KEGG:C04650	KEGG:C04650	GC	MetaCyc:L-PHOSPHINOTHRICIN@Charged	MetaCyc:L-PHOSPHINOTHRICIN@Charged	
cpd02835	MetaCyc:OH-MYRISTOYL;KEGG:C04652@Charged;ChEBI:78847	MetaCyc:OH-MYRISTOYL;KEGG:C04652@Charged;ChEBI:78847	MetaCyc:OH-MYRISTOYL;KEGG:C04652@Charged;ChEBI:78847	MetaCyc:OH-MYRISTOYL;KEGG:C04652@Charged;ChEBI:78847	KEGG:C04652	KEGG:C04652	EQ	eQuilibrator:MNXM1199	KEGG:C04652@Charged	eQuilibrator:MNXM1199
cpd02836	MetaCyc:13E-11-ALPHA-HYDROXY-915-DIOXOPROST-1;KEGG:C04654@Charged;ChEBI:57401	MetaCyc:13E-11-ALPHA-HYDROXY-915-DIOXOPROST-1;KEGG:C04654@Charged;ChEBI:57401	MetaCyc:13E-11-ALPHA-HYDROXY-915-DIOXOPROST-1;KEGG:C04654@Charged;ChEBI:57401	MetaCyc:13E-11-ALPHA-HYDROXY-915-DIOXOPROST-1;KEGG:C04654@Charged;ChEBI:57401	KEGG:C04654	KEGG:C04654	EQ	eQuilibrator:MNXM3139	MetaCyc:13E-11-ALPHA-HYDROXY-915-DIOXOPROST-1@Charged	eQuilibrator:MNXM3139
cpd02837	KEGG:C04655@Charged;ChEBI:57430	KEGG:C04655@Charged;ChEBI:57430	KEGG:C04655@Charged;ChEBI:57430	KEGG:C04655@Charged;ChEBI:57430	KEGG:C04655	KEGG:C04655	GC	KEGG:C04655@Charged	KEGG:C04655@Charged	eQuilibrator:MNXM4172
cpd02838	MetaCyc:Gal-13-GlcN-R;MetaCyc:beta-Gal-13-beta-GlcNac-R;KEGG:C04656;ChEBI:133506	MetaCyc:Gal-13-GlcN-R;MetaCyc:beta-Gal-13-beta-GlcNac-R;KEGG:C04656;ChEBI:133506		MetaCyc:Gal-13-GlcN-R;MetaCyc:beta-Gal-13-beta-GlcNac-R;KEGG:C04656;ChEBI:133506	KEGG:C04656	KEGG:C04656	GC	KEGG:C04656@Charged	KEGG:C04656@Charged	
cpd02839	KEGG:C04660@Charged	KEGG:C04660@Charged	KEGG:C04660@Charged	KEGG:C04660@Charged	KEGG:C04660	KEGG:C04660	EQ	eQuilibrator:MNXM35917	KEGG:C04660@Charged	eQuilibrator:MNXM35917
cpd02840	MetaCyc:CPD-1085;ChEBI:15755	MetaCyc:CPD-1085;ChEBI:15755	MetaCyc:CPD-1085;ChEBI:15755	MetaCyc:CPD-1085;ChEBI:15755	KEGG:C04661	KEGG:C04661	GC	MetaCyc:CPD-1085@Charged	MetaCyc:CPD-1085@Charged	eQuilibrator:MNXM4350
cpd02841	MetaCyc:CPD-22415;KEGG:C04663	MetaCyc:CPD-22415;KEGG:C04663	MetaCyc:CPD-22415;KEGG:C04663	MetaCyc:CPD-22415;KEGG:C04663	KEGG:C04663	KEGG:C04663	EQ	eQuilibrator:MNXM39971	KEGG:C04663@Charged	eQuilibrator:MNXM39971
cpd02842	MetaCyc:5OH-benzimidazolyl-Me-cob-MtrA@Charged;MetaCyc:CPD-7163@Charged;ChEBI:16379@Charged	MetaCyc:5OH-benzimidazolyl-Me-cob-MtrA@Charged;MetaCyc:CPD-7163@Charged;ChEBI:16379@Charged	MetaCyc:5OH-benzimidazolyl-Me-cob-MtrA@Charged;MetaCyc:CPD-7163@Charged;ChEBI:16379@Charged	MetaCyc:5OH-benzimidazolyl-Me-cob-MtrA@Charged;MetaCyc:CPD-7163@Charged;ChEBI:16379@Charged	MetaCyc:5OH-benzimidazolyl-Me-cob-MtrA	MetaCyc:5OH-benzimidazolyl-Me-cob-MtrA	GC	MetaCyc:CPD-7163@Charged	MetaCyc:CPD-7163@Charged	
cpd02843	MetaCyc:D-ERYTHRO-IMIDAZOLE-GLYCEROL-P;KEGG:C04666@Charged;ChEBI:58278	MetaCyc:D-ERYTHRO-IMIDAZOLE-GLYCEROL-P;KEGG:C04666@Charged;ChEBI:58278	MetaCyc:D-ERYTHRO-IMIDAZOLE-GLYCEROL-P;KEGG:C04666@Charged;ChEBI:58278	MetaCyc:D-ERYTHRO-IMIDAZOLE-GLYCEROL-P;KEGG:C04666@Charged;ChEBI:58278	KEGG:C04666	KEGG:C04666	EQ	eQuilibrator:MNXM1422	MetaCyc:D-ERYTHRO-IMIDAZOLE-GLYCEROL-P@Charged	eQuilibrator:MNXM1422
cpd02844	KEGG:C04670@Charged;ChEBI:57414	KEGG:C04670@Charged;ChEBI:57414	KEGG:C04670@Charged;ChEBI:57414	KEGG:C04670@Charged;ChEBI:57414	KEGG:C04670	KEGG:C04670	EQ	eQuilibrator:MNXM3737	KEGG:C04670@Charged	eQuilibrator:MNXM3737
cpd02845	MetaCyc:ALPHA-HYDROXY-915-DIOXOPROSTANOATE;KEGG:C04671@Charged;ChEBI:57402	MetaCyc:ALPHA-HYDROXY-915-DIOXOPROSTANOATE;KEGG:C04671@Charged;ChEBI:57402	MetaCyc:ALPHA-HYDROXY-915-DIOXOPROSTANOATE;KEGG:C04671@Charged;ChEBI:57402	MetaCyc:ALPHA-HYDROXY-915-DIOXOPROSTANOATE;KEGG:C04671@Charged;ChEBI:57402	KEGG:C04671	KEGG:C04671	EQ	eQuilibrator:MNXM2766	KEGG:C04671@Charged	eQuilibrator:MNXM2766
cpd02846	MetaCyc:CPD-728;KEGG:C04672@Charged;ChEBI:134055	MetaCyc:CPD-728;KEGG:C04672@Charged;ChEBI:134055	MetaCyc:CPD-728;KEGG:C04672@Charged;ChEBI:134055	MetaCyc:CPD-728;KEGG:C04672@Charged;ChEBI:134055	KEGG:C04672	KEGG:C04672	EQ	eQuilibrator:MNXM722773	KEGG:C04672@Charged	eQuilibrator:MNXM722773
cpd02847	KEGG:C04673@Charged;ChEBI:58291	KEGG:C04673@Charged;ChEBI:58291	KEGG:C04673@Charged;ChEBI:58291	KEGG:C04673@Charged;ChEBI:58291	KEGG:C04673	KEGG:C04673	EQ	eQuilibrator:MNXM3434	KEGG:C04673@Charged	eQuilibrator:MNXM3434
cpd02848	KEGG:C04674@Charged;ChEBI:58150	KEGG:C04674@Charged;ChEBI:58150	KEGG:C04674@Charged;ChEBI:58150	KEGG:C04674@Charged;ChEBI:58150	KEGG:C04674	KEGG:C04674	GC	KEGG:C04674@Charged	KEGG:C04674@Charged	eQuilibrator:MNXM3837
cpd02849	MetaCyc:3-HYDROXY-3-4-METHYLPENT-3-EN-1-YLG-COA;KEGG:C04675@Charged;ChEBI:57341	MetaCyc:3-HYDROXY-3-4-METHYLPENT-3-EN-1-YLG-COA;KEGG:C04675@Charged;ChEBI:57341	MetaCyc:3-HYDROXY-3-4-METHYLPENT-3-EN-1-YLG-COA;KEGG:C04675@Charged;ChEBI:57341	MetaCyc:3-HYDROXY-3-4-METHYLPENT-3-EN-1-YLG-COA;KEGG:C04675@Charged;ChEBI:57341	KEGG:C04675	KEGG:C04675	EQ	eQuilibrator:MNXM2078	MetaCyc:3-HYDROXY-3-4-METHYLPENT-3-EN-1-YLG-COA@Charged	eQuilibrator:MNXM2078
cpd02850	MetaCyc:TESTOLOLACTONE;KEGG:C04676;ChEBI:18084	MetaCyc:TESTOLOLACTONE;KEGG:C04676;ChEBI:18084	MetaCyc:TESTOLOLACTONE;KEGG:C04676;ChEBI:18084	MetaCyc:TESTOLOLACTONE;KEGG:C04676;ChEBI:18084	KEGG:C04676	KEGG:C04676	GC	KEGG:C04676@Charged	KEGG:C04676@Charged	eQuilibrator:MNXM1052
cpd02851	MetaCyc:AICAR;KEGG:C04677@Charged;ChEBI:58475	MetaCyc:AICAR;KEGG:C04677@Charged;ChEBI:58475	MetaCyc:AICAR;KEGG:C04677@Charged;ChEBI:58475	MetaCyc:AICAR;KEGG:C04677@Charged;ChEBI:58475	KEGG:C04677	KEGG:C04677	EQ	eQuilibrator:MNXM365	KEGG:C04677@Charged	eQuilibrator:MNXM365
cpd02852	KEGG:C04684@Charged	KEGG:C04684@Charged	KEGG:C04684@Charged	KEGG:C04684@Charged	KEGG:C04684	KEGG:C04684	EQ	eQuilibrator:MNXM36364	KEGG:C04684@Charged	eQuilibrator:MNXM36364
cpd02853	MetaCyc:CPD-1911	MetaCyc:CPD-1911	MetaCyc:CPD-1911	MetaCyc:CPD-1911	KEGG:C04685	KEGG:C04685	GC	MetaCyc:CPD-1911@Charged	MetaCyc:CPD-1911@Charged	
cpd02854	KEGG:C04686@Charged;ChEBI:57399	KEGG:C04686@Charged;ChEBI:57399	KEGG:C04686@Charged;ChEBI:57399	KEGG:C04686@Charged;ChEBI:57399	KEGG:C04686	KEGG:C04686	GC	KEGG:C04686@Charged	KEGG:C04686@Charged	eQuilibrator:MNXM4789
cpd02855	KEGG:C04687@Charged;ChEBI:57413	KEGG:C04687@Charged;ChEBI:57413	KEGG:C04687@Charged;ChEBI:57413	KEGG:C04687@Charged;ChEBI:57413	KEGG:C04687	KEGG:C04687	EQ	eQuilibrator:MNXM3736	KEGG:C04687@Charged	eQuilibrator:MNXM3736
cpd02856	MetaCyc:2-HYDROXYMETHYL-3-ACETAMIDOMETHYLENE;KEGG:C04690@Charged	MetaCyc:2-HYDROXYMETHYL-3-ACETAMIDOMETHYLENE;KEGG:C04690@Charged	MetaCyc:2-HYDROXYMETHYL-3-ACETAMIDOMETHYLENE;KEGG:C04690@Charged	MetaCyc:2-HYDROXYMETHYL-3-ACETAMIDOMETHYLENE;KEGG:C04690@Charged	KEGG:C04690	KEGG:C04690	EQ	eQuilibrator:MNXM2185	KEGG:C04690@Charged	eQuilibrator:MNXM2185
cpd02857	MetaCyc:3-DEOXY-D-ARABINO-HEPTULOSONATE-7-P;KEGG:C04691@Charged;ChEBI:58394	MetaCyc:3-DEOXY-D-ARABINO-HEPTULOSONATE-7-P;KEGG:C04691@Charged;ChEBI:58394	MetaCyc:3-DEOXY-D-ARABINO-HEPTULOSONATE-7-P;KEGG:C04691@Charged;ChEBI:58394	MetaCyc:3-DEOXY-D-ARABINO-HEPTULOSONATE-7-P;KEGG:C04691@Charged;ChEBI:58394	KEGG:C04691	KEGG:C04691	EQ	eQuilibrator:MNXM1219	KEGG:C04691@Charged	eQuilibrator:MNXM1219
cpd02858	KEGG:C04692@Charged	KEGG:C04692@Charged		KEGG:C04692@Charged	KEGG:C04692	KEGG:C04692	GC	KEGG:C04692@Charged	KEGG:C04692@Charged	
cpd02859	MetaCyc:5-O-INDOL-3-YLACETYL-MYO-ETCETERA	MetaCyc:5-O-INDOL-3-YLACETYL-MYO-ETCETERA	MetaCyc:5-O-INDOL-3-YLACETYL-MYO-ETCETERA	MetaCyc:5-O-INDOL-3-YLACETYL-MYO-ETCETERA	KEGG:C04695	KEGG:C04695	GC	MetaCyc:5-O-INDOL-3-YLACETYL-MYO-ETCETERA@Charged	MetaCyc:5-O-INDOL-3-YLACETYL-MYO-ETCETERA@Charged	
cpd02860	MetaCyc:CPD-8198;KEGG:C04698;ChEBI:17512	MetaCyc:CPD-8198;KEGG:C04698;ChEBI:17512	MetaCyc:CPD-8198;KEGG:C04698;ChEBI:17512	MetaCyc:CPD-8198;KEGG:C04698;ChEBI:17512	KEGG:C04698	KEGG:C04698	EQ	eQuilibrator:MNXM4042	MetaCyc:CPD-8198@Charged	eQuilibrator:MNXM4042
cpd02861	KEGG:C04700@Charged	KEGG:C04700@Charged	KEGG:C04700@Charged	KEGG:C04700@Charged	KEGG:C04700	KEGG:C04700	GC	KEGG:C04700@Charged	KEGG:C04700@Charged	
cpd02862	MetaCyc:C3;KEGG:C04702@Charged;ChEBI:70758	MetaCyc:C3;KEGG:C04702@Charged;ChEBI:70758	MetaCyc:C3;KEGG:C04702@Charged;ChEBI:70758	MetaCyc:C3;KEGG:C04702@Charged;ChEBI:70758	KEGG:C04702	KEGG:C04702	EQ	eQuilibrator:MNXM7865	KEGG:C04702@Charged	eQuilibrator:MNXM7865
cpd02863	MetaCyc:CPD-449;KEGG:C04703@Charged;ChEBI:58330	MetaCyc:CPD-449;KEGG:C04703@Charged;ChEBI:58330	MetaCyc:CPD-449;KEGG:C04703@Charged;ChEBI:58330	MetaCyc:CPD-449;KEGG:C04703@Charged;ChEBI:58330	KEGG:C04703	KEGG:C04703	EQ	eQuilibrator:MNXM3780	KEGG:C04703@Charged	eQuilibrator:MNXM3780
cpd02864	MetaCyc:CIS-2-CHLORO-4-CARBOXYMETHYLENEBUT-2-EN-;ChEBI:57891	MetaCyc:CIS-2-CHLORO-4-CARBOXYMETHYLENEBUT-2-EN-;ChEBI:57891	MetaCyc:CIS-2-CHLORO-4-CARBOXYMETHYLENEBUT-2-EN-;ChEBI:57891	MetaCyc:CIS-2-CHLORO-4-CARBOXYMETHYLENEBUT-2-EN-;ChEBI:57891	KEGG:C04706	KEGG:C04706	GC	MetaCyc:CIS-2-CHLORO-4-CARBOXYMETHYLENEBUT-2-EN-@Charged	MetaCyc:CIS-2-CHLORO-4-CARBOXYMETHYLENEBUT-2-EN-@Charged	eQuilibrator:MNXM2436
cpd02865	MetaCyc:HYDROXY-915-DIOXOPROSTA-13-ENOATE;KEGG:C04707@Charged;ChEBI:57400	MetaCyc:HYDROXY-915-DIOXOPROSTA-13-ENOATE;KEGG:C04707@Charged;ChEBI:57400	MetaCyc:HYDROXY-915-DIOXOPROSTA-13-ENOATE;KEGG:C04707@Charged;ChEBI:57400	MetaCyc:HYDROXY-915-DIOXOPROSTA-13-ENOATE;KEGG:C04707@Charged;ChEBI:57400	KEGG:C04707	KEGG:C04707	EQ	eQuilibrator:MNXM1619	MetaCyc:HYDROXY-915-DIOXOPROSTA-13-ENOATE@Charged	eQuilibrator:MNXM1619
cpd02866	KEGG:C04708	KEGG:C04708		KEGG:C04708	KEGG:C04708	KEGG:C04708	GC	KEGG:C04708@Charged	KEGG:C04708@Charged	
cpd02867	KEGG:C04709@Charged	KEGG:C04709@Charged	KEGG:C04709@Charged	KEGG:C04709@Charged	KEGG:C04709	KEGG:C04709	EQ	eQuilibrator:MNXM35919	KEGG:C04709@Charged	eQuilibrator:MNXM35919
cpd02868	MetaCyc:5-3-HYDROXY-4-ACETOXYBUT-1-YNYL-22-B;KEGG:C04711;ChEBI:17229	MetaCyc:5-3-HYDROXY-4-ACETOXYBUT-1-YNYL-22-B;KEGG:C04711;ChEBI:17229	MetaCyc:5-3-HYDROXY-4-ACETOXYBUT-1-YNYL-22-B;KEGG:C04711;ChEBI:17229	MetaCyc:5-3-HYDROXY-4-ACETOXYBUT-1-YNYL-22-B;KEGG:C04711;ChEBI:17229	KEGG:C04711	KEGG:C04711	GC	KEGG:C04711@Charged	KEGG:C04711@Charged	
cpd02869	MetaCyc:7-5-CARBOXYL-5-OXOPENTANYL-AMINOCEPHAL;KEGG:C04712@Charged;ChEBI:57536	MetaCyc:7-5-CARBOXYL-5-OXOPENTANYL-AMINOCEPHAL;KEGG:C04712@Charged;ChEBI:57536	MetaCyc:7-5-CARBOXYL-5-OXOPENTANYL-AMINOCEPHAL;KEGG:C04712@Charged;ChEBI:57536	MetaCyc:7-5-CARBOXYL-5-OXOPENTANYL-AMINOCEPHAL;KEGG:C04712@Charged;ChEBI:57536	KEGG:C04712	KEGG:C04712	GC	KEGG:C04712@Charged	KEGG:C04712@Charged	eQuilibrator:MNXM2752
cpd02870	MetaCyc:CPD-4205;KEGG:C04713@Charged;ChEBI:57526	MetaCyc:CPD-4205;KEGG:C04713@Charged;ChEBI:57526	MetaCyc:CPD-4205;KEGG:C04713@Charged;ChEBI:57526	MetaCyc:CPD-4205;KEGG:C04713@Charged;ChEBI:57526	KEGG:C04713	KEGG:C04713	EQ	eQuilibrator:MNXM2134	MetaCyc:CPD-4205@Charged	eQuilibrator:MNXM2134
cpd02871	MetaCyc:20S22S25S-2225-EPOXYFUROST;KEGG:C04715;ChEBI:15574	MetaCyc:20S22S25S-2225-EPOXYFUROST;KEGG:C04715;ChEBI:15574	MetaCyc:20S22S25S-2225-EPOXYFUROST;KEGG:C04715;ChEBI:15574	MetaCyc:20S22S25S-2225-EPOXYFUROST;KEGG:C04715;ChEBI:15574	KEGG:C04715	KEGG:C04715	GC	KEGG:C04715@Charged	KEGG:C04715@Charged	eQuilibrator:MNXM4743
cpd02872	KEGG:C08886;ChEBI:15579	KEGG:C08886;ChEBI:15579	KEGG:C08886;ChEBI:15579	KEGG:C08886;ChEBI:15579	KEGG:C08886	KEGG:C08886	GC	KEGG:C08886@Charged	KEGG:C08886@Charged	eQuilibrator:MNXM4166
cpd02873	MetaCyc:13-HYDROPEROXYOCTADECA-911-DIENOATE;KEGG:C04717@Charged;ChEBI:57466	MetaCyc:13-HYDROPEROXYOCTADECA-911-DIENOATE;KEGG:C04717@Charged;ChEBI:57466	MetaCyc:13-HYDROPEROXYOCTADECA-911-DIENOATE;KEGG:C04717@Charged;ChEBI:57466	MetaCyc:13-HYDROPEROXYOCTADECA-911-DIENOATE;KEGG:C04717@Charged;ChEBI:57466	KEGG:C04717	KEGG:C04717	GC	MetaCyc:13-HYDROPEROXYOCTADECA-911-DIENOATE@Charged	MetaCyc:13-HYDROPEROXYOCTADECA-911-DIENOATE@Charged	
cpd02874	MetaCyc:CPD-788;KEGG:C04718;ChEBI:29064	MetaCyc:CPD-788;KEGG:C04718;ChEBI:29064	MetaCyc:CPD-788;KEGG:C04718;ChEBI:29064	MetaCyc:CPD-788;KEGG:C04718;ChEBI:29064		KEGG:C04718	GC	KEGG:C04718@Charged	KEGG:C04718@Charged	eQuilibrator:MNXM2762
cpd02875	KEGG:C04719;ChEBI:17770	KEGG:C04719;ChEBI:17770	KEGG:C04719;ChEBI:17770	KEGG:C04719;ChEBI:17770	KEGG:C04719	KEGG:C04719	GC	KEGG:C04719@Charged	KEGG:C04719@Charged	eQuilibrator:MNXM4234
cpd02876	MetaCyc:CPD-6366@Charged;KEGG:C04720;ChEBI:18048	MetaCyc:CPD-6366@Charged;KEGG:C04720;ChEBI:18048	MetaCyc:CPD-6366@Charged;KEGG:C04720;ChEBI:18048	MetaCyc:CPD-6366@Charged;KEGG:C04720;ChEBI:18048	KEGG:C04720	KEGG:C04720	GC	MetaCyc:CPD-6366@Charged	MetaCyc:CPD-6366@Charged	eQuilibrator:MNXM3588
cpd02877	KEGG:C04721@Charged	KEGG:C04721@Charged	KEGG:C04721@Charged	KEGG:C04721@Charged	KEGG:C04721	KEGG:C04721	GC	KEGG:C04721@Charged	KEGG:C04721@Charged	eQuilibrator:MNXM94248
cpd02878	MetaCyc:CPD-1836;ChEBI:58734	MetaCyc:CPD-1836;ChEBI:58734	MetaCyc:CPD-1836;ChEBI:58734	MetaCyc:CPD-1836;ChEBI:58734	KEGG:C04722	KEGG:C04722	GC	MetaCyc:CPD-1836@Charged	MetaCyc:CPD-1836@Charged	eQuilibrator:MNXM162315
cpd02879	MetaCyc:D-MANNOSYL-RHAMNOSYL-ETCETERA;KEGG:C04724@Charged;ChEBI:157670	MetaCyc:D-MANNOSYL-RHAMNOSYL-ETCETERA;KEGG:C04724@Charged;ChEBI:157670	MetaCyc:D-MANNOSYL-RHAMNOSYL-ETCETERA;KEGG:C04724@Charged;ChEBI:157670	MetaCyc:D-MANNOSYL-RHAMNOSYL-ETCETERA;KEGG:C04724@Charged;ChEBI:157670	KEGG:C04724	KEGG:C04724	EQ	eQuilibrator:MNXM5701	KEGG:C04724@Charged	eQuilibrator:MNXM5701
cpd02880	MetaCyc:TRANS-2-CHLORO-4-CARBOXYMETHYLENEBUT-2-E;ChEBI:57681	MetaCyc:TRANS-2-CHLORO-4-CARBOXYMETHYLENEBUT-2-E;ChEBI:57681	MetaCyc:TRANS-2-CHLORO-4-CARBOXYMETHYLENEBUT-2-E;ChEBI:57681	MetaCyc:TRANS-2-CHLORO-4-CARBOXYMETHYLENEBUT-2-E;ChEBI:57681	KEGG:C04729	KEGG:C04729	GC	MetaCyc:TRANS-2-CHLORO-4-CARBOXYMETHYLENEBUT-2-E@Charged	MetaCyc:TRANS-2-CHLORO-4-CARBOXYMETHYLENEBUT-2-E@Charged	eQuilibrator:MNXM3236
cpd02881	KEGG:C04731	KEGG:C04731	KEGG:C04731	KEGG:C04731		KEGG:C04731	GC	KEGG:C04731@Charged	KEGG:C04731@Charged	
cpd02882	MetaCyc:AMINO-RIBOSYLAMINO-1H-3H-PYR-DIONE@Charged;KEGG:C04732@Charged;ChEBI:15934@Charged	MetaCyc:AMINO-RIBOSYLAMINO-1H-3H-PYR-DIONE@Charged;KEGG:C04732@Charged;ChEBI:15934@Charged	MetaCyc:AMINO-RIBOSYLAMINO-1H-3H-PYR-DIONE@Charged;KEGG:C04732@Charged;ChEBI:15934@Charged	MetaCyc:AMINO-RIBOSYLAMINO-1H-3H-PYR-DIONE@Charged;KEGG:C04732@Charged;ChEBI:15934@Charged	KEGG:C04732	KEGG:C04732	EQ		MetaCyc:AMINO-RIBOSYLAMINO-1H-3H-PYR-DIONE@Charged	
cpd02883	MetaCyc:CPD-11242	MetaCyc:CPD-11242	MetaCyc:CPD-11242	MetaCyc:CPD-11242	KEGG:C04733	KEGG:C04733	EQ	eQuilibrator:MNXM37194	MetaCyc:CPD-11242@Charged	eQuilibrator:MNXM37194
cpd02884	MetaCyc:PHOSPHORIBOSYL-FORMAMIDO-CARBOXAMIDE;KEGG:C04734@Charged;ChEBI:58467	MetaCyc:PHOSPHORIBOSYL-FORMAMIDO-CARBOXAMIDE;KEGG:C04734@Charged;ChEBI:58467	MetaCyc:PHOSPHORIBOSYL-FORMAMIDO-CARBOXAMIDE;KEGG:C04734@Charged;ChEBI:58467	MetaCyc:PHOSPHORIBOSYL-FORMAMIDO-CARBOXAMIDE;KEGG:C04734@Charged;ChEBI:58467	KEGG:C04734	KEGG:C04734	EQ	eQuilibrator:MNXM456	KEGG:C04734@Charged	eQuilibrator:MNXM456
cpd02885	MetaCyc:D-GALACTOSYL-14-D-GALACTOSYL-14-D-;KEGG:C04737;ChEBI:18313	MetaCyc:D-GALACTOSYL-14-D-GALACTOSYL-14-D-;KEGG:C04737;ChEBI:18313		MetaCyc:D-GALACTOSYL-14-D-GALACTOSYL-14-D-;KEGG:C04737;ChEBI:18313	KEGG:C04737	KEGG:C04737	GC	KEGG:C04737@Charged	KEGG:C04737@Charged	
cpd02886	MetaCyc:UDP-OHMYR-ACETYLGLUCOSAMINE;KEGG:C04738@Charged;ChEBI:61494	MetaCyc:UDP-OHMYR-ACETYLGLUCOSAMINE;KEGG:C04738@Charged;ChEBI:61494	MetaCyc:UDP-OHMYR-ACETYLGLUCOSAMINE;KEGG:C04738@Charged;ChEBI:61494	MetaCyc:UDP-OHMYR-ACETYLGLUCOSAMINE;KEGG:C04738@Charged;ChEBI:61494	KEGG:C04738	KEGG:C04738	EQ	eQuilibrator:MNXM2157	KEGG:C04738@Charged	eQuilibrator:MNXM2157
cpd02887	MetaCyc:CPD-483;KEGG:C04739@Charged;ChEBI:68560	MetaCyc:CPD-483;KEGG:C04739@Charged;ChEBI:68560	MetaCyc:CPD-483;KEGG:C04739@Charged;ChEBI:68560	MetaCyc:CPD-483;KEGG:C04739@Charged;ChEBI:68560	KEGG:C04739	KEGG:C04739	GC	KEGG:C04739@Charged	KEGG:C04739@Charged	eQuilibrator:MNXM4864
cpd02888	MetaCyc:CPD-442;KEGG:C04740@Charged;ChEBI:60079	MetaCyc:CPD-442;KEGG:C04740@Charged;ChEBI:60079		MetaCyc:CPD-442;KEGG:C04740@Charged;ChEBI:60079	KEGG:C04740	KEGG:C04740	GC	MetaCyc:CPD-442@Charged	MetaCyc:CPD-442@Charged	
cpd02889	MetaCyc:ALPROSTADIL;KEGG:C04741@Charged;ChEBI:57397	MetaCyc:ALPROSTADIL;KEGG:C04741@Charged;ChEBI:57397	MetaCyc:ALPROSTADIL;KEGG:C04741@Charged;ChEBI:57397	MetaCyc:ALPROSTADIL;KEGG:C04741@Charged;ChEBI:57397	KEGG:C04741	KEGG:C04741	EQ	eQuilibrator:MNXM3344	KEGG:C04741@Charged	eQuilibrator:MNXM3344
cpd02890	MetaCyc:CPD-1913;MetaCyc:CPD66-55;KEGG:C04742@Charged;ChEBI:57409	MetaCyc:CPD-1913;MetaCyc:CPD66-55;KEGG:C04742@Charged;ChEBI:57409	MetaCyc:CPD-1913;MetaCyc:CPD66-55;KEGG:C04742@Charged;ChEBI:57409	MetaCyc:CPD-1913;MetaCyc:CPD66-55;KEGG:C04742@Charged;ChEBI:57409	KEGG:C04742	KEGG:C04742	EQ	eQuilibrator:MNXM2059	MetaCyc:CPD-1913@Charged	eQuilibrator:MNXM2059
cpd02891	MetaCyc:CPD-16491;KEGG:C04744	MetaCyc:CPD-16491;KEGG:C04744	MetaCyc:CPD-16491;KEGG:C04744	MetaCyc:CPD-16491@Charged;KEGG:C04744@Charged	KEGG:C04744	KEGG:C04744	GC	KEGG:C04744@Charged	KEGG:C04744@Charged	eQuilibrator:MNXM9778
cpd02892	MetaCyc:CPD-22136;KEGG:C04746@Charged	MetaCyc:CPD-22136;KEGG:C04746@Charged	MetaCyc:CPD-22136;KEGG:C04746@Charged	MetaCyc:CPD-22136;KEGG:C04746@Charged	KEGG:C04746	KEGG:C04746	GC	KEGG:C04746@Charged	KEGG:C04746@Charged	eQuilibrator:MNXM36970
cpd02893	MetaCyc:PHOSPHORIBOSYL-CARBOXY-AMINOIMIDAZOLE@Charged;KEGG:C04751@Charged;ChEBI:77657	MetaCyc:PHOSPHORIBOSYL-CARBOXY-AMINOIMIDAZOLE@Charged;KEGG:C04751@Charged;ChEBI:77657	MetaCyc:PHOSPHORIBOSYL-CARBOXY-AMINOIMIDAZOLE@Charged;KEGG:C04751@Charged;ChEBI:77657	MetaCyc:PHOSPHORIBOSYL-CARBOXY-AMINOIMIDAZOLE@Charged;KEGG:C04751@Charged;ChEBI:77657	KEGG:C04751	KEGG:C04751	EQ	eQuilibrator:MNXM507	KEGG:C04751@Charged	eQuilibrator:MNXM507
cpd02894	MetaCyc:AMINO-HYDROXYMETHYL-METHYLPYRIMIDINE-PP@Charged;KEGG:C04752@Charged;ChEBI:57841@Charged	MetaCyc:AMINO-HYDROXYMETHYL-METHYLPYRIMIDINE-PP@Charged;KEGG:C04752@Charged;ChEBI:57841@Charged	MetaCyc:AMINO-HYDROXYMETHYL-METHYLPYRIMIDINE-PP@Charged;KEGG:C04752@Charged;ChEBI:57841@Charged	MetaCyc:AMINO-HYDROXYMETHYL-METHYLPYRIMIDINE-PP@Charged;KEGG:C04752@Charged;ChEBI:57841@Charged	KEGG:C04752	KEGG:C04752	EQ	eQuilibrator:MNXM1135	MetaCyc:AMINO-HYDROXYMETHYL-METHYLPYRIMIDINE-PP@Charged	eQuilibrator:MNXM1135
cpd02895										
cpd02896	MetaCyc:GLYCOPROTEIN-ETCETERA-GLUCOSAMINYL-PHOSP	MetaCyc:GLYCOPROTEIN-ETCETERA-GLUCOSAMINYL-PHOSP	MetaCyc:GLYCOPROTEIN-ETCETERA-GLUCOSAMINYL-PHOSP	KEGG:C04755@Charged	KEGG:C04755	KEGG:C04755	GC	MetaCyc:GLYCOPROTEIN-ETCETERA-GLUCOSAMINYL-PHOSP@Charged	MetaCyc:GLYCOPROTEIN-ETCETERA-GLUCOSAMINYL-PHOSP@Charged	eQuilibrator:MNXM723042
cpd02897	MetaCyc:5Z13E-9-ALPHA-HYDROXY-1115-DIOXOPROS;KEGG:C04758@Charged;ChEBI:57408	MetaCyc:5Z13E-9-ALPHA-HYDROXY-1115-DIOXOPROS;KEGG:C04758@Charged;ChEBI:57408	MetaCyc:5Z13E-9-ALPHA-HYDROXY-1115-DIOXOPROS;KEGG:C04758@Charged;ChEBI:57408	MetaCyc:5Z13E-9-ALPHA-HYDROXY-1115-DIOXOPROS;KEGG:C04758@Charged;ChEBI:57408	KEGG:C04758	KEGG:C04758	EQ	eQuilibrator:MNXM4253	MetaCyc:5Z13E-9-ALPHA-HYDROXY-1115-DIOXOPROS@Charged	eQuilibrator:MNXM4253
cpd02898	KEGG:C04760@Charged	KEGG:C04760@Charged	KEGG:C04760@Charged	KEGG:C04760@Charged	KEGG:C04760	KEGG:C04760	GC	KEGG:C04760@Charged	KEGG:C04760@Charged	
cpd02899	MetaCyc:O-14-ALPHA-L-DIHYDROSTREPTOSYL-STREPTID;KEGG:C04767;ChEBI:58082	MetaCyc:O-14-ALPHA-L-DIHYDROSTREPTOSYL-STREPTID;KEGG:C04767;ChEBI:58082	MetaCyc:O-14-ALPHA-L-DIHYDROSTREPTOSYL-STREPTID;KEGG:C04767;ChEBI:58082	MetaCyc:O-14-ALPHA-L-DIHYDROSTREPTOSYL-STREPTID;KEGG:C04767@Charged;ChEBI:58082	KEGG:C04767	KEGG:C04767	EQ	eQuilibrator:MNXM3324	KEGG:C04767@Charged	eQuilibrator:MNXM3324
cpd02900	MetaCyc:AMINO-ETCETERA-PYRIDIN-1-YL-PROPANOATE@Charged;KEGG:C04771	MetaCyc:AMINO-ETCETERA-PYRIDIN-1-YL-PROPANOATE@Charged;KEGG:C04771	MetaCyc:AMINO-ETCETERA-PYRIDIN-1-YL-PROPANOATE@Charged;KEGG:C04771	MetaCyc:AMINO-ETCETERA-PYRIDIN-1-YL-PROPANOATE@Charged;KEGG:C04771@Charged	KEGG:C04771	KEGG:C04771	EQ	eQuilibrator:MNXM3635	MetaCyc:AMINO-ETCETERA-PYRIDIN-1-YL-PROPANOATE@Charged	eQuilibrator:MNXM3635
cpd02901	MetaCyc:3-HYDROXY-ETCETERA-CARBOXYLATE;MetaCyc:CPD-25922;KEGG:C04773@Charged;ChEBI:30960	MetaCyc:3-HYDROXY-ETCETERA-CARBOXYLATE;MetaCyc:CPD-25922;KEGG:C04773@Charged;ChEBI:30960	MetaCyc:3-HYDROXY-ETCETERA-CARBOXYLATE;MetaCyc:CPD-25922;KEGG:C04773@Charged;ChEBI:30960	MetaCyc:3-HYDROXY-ETCETERA-CARBOXYLATE;MetaCyc:CPD-25922;KEGG:C04773@Charged;ChEBI:30960	KEGG:C04773	KEGG:C04773	EQ	eQuilibrator:MNXM3190	KEGG:C04773@Charged	eQuilibrator:MNXM3190
cpd02902	MetaCyc:D-GALACTOSYL-13-BETA-D-GALACTOSYL-14-B;KEGG:C04775;ChEBI:140302	MetaCyc:D-GALACTOSYL-13-BETA-D-GALACTOSYL-14-B;KEGG:C04775;ChEBI:140302		MetaCyc:D-GALACTOSYL-13-BETA-D-GALACTOSYL-14-B;KEGG:C04775;ChEBI:140302	KEGG:C04775	KEGG:C04775	GC	MetaCyc:D-GALACTOSYL-13-BETA-D-GALACTOSYL-14-B@Charged	MetaCyc:D-GALACTOSYL-13-BETA-D-GALACTOSYL-14-B@Charged	
cpd02903	KEGG:C04776	KEGG:C04776		KEGG:C04776	KEGG:C04776	KEGG:C04776	GC	KEGG:C04776@Charged	KEGG:C04776@Charged	
cpd02904	MetaCyc:ALPHA-RIBAZOLE-5-P;KEGG:C04778@Charged;ChEBI:57918	MetaCyc:ALPHA-RIBAZOLE-5-P;KEGG:C04778@Charged;ChEBI:57918	MetaCyc:ALPHA-RIBAZOLE-5-P;KEGG:C04778@Charged;ChEBI:57918	MetaCyc:ALPHA-RIBAZOLE-5-P;KEGG:C04778@Charged;ChEBI:57918	KEGG:C04778	KEGG:C04778	EQ	eQuilibrator:MNXM1224	MetaCyc:ALPHA-RIBAZOLE-5-P@Charged	eQuilibrator:MNXM1224
cpd02905	MetaCyc:CPD-730;KEGG:C04780@Charged	MetaCyc:CPD-730;KEGG:C04780@Charged	MetaCyc:CPD-730;KEGG:C04780@Charged	MetaCyc:CPD-730;KEGG:C04780@Charged	KEGG:C04780	KEGG:C04780	GC	MetaCyc:CPD-730@Charged	MetaCyc:CPD-730@Charged	
cpd02906	MetaCyc:CPD-12651;KEGG:C04783@Charged;ChEBI:58237	MetaCyc:CPD-12651;KEGG:C04783@Charged;ChEBI:58237	MetaCyc:CPD-12651;KEGG:C04783@Charged;ChEBI:58237	MetaCyc:CPD-12651;KEGG:C04783@Charged;ChEBI:58237	KEGG:C04783	KEGG:C04783	EQ	eQuilibrator:MNXM1917	MetaCyc:CPD-12651@Charged	eQuilibrator:MNXM1917
cpd02907	MetaCyc:CPD-725;KEGG:C04785@Charged;ChEBI:58757	MetaCyc:CPD-725;KEGG:C04785@Charged;ChEBI:58757	MetaCyc:CPD-725;KEGG:C04785@Charged;ChEBI:58757	MetaCyc:CPD-725;KEGG:C04785@Charged;ChEBI:58757	KEGG:C04785	KEGG:C04785	GC	MetaCyc:CPD-725@Charged	MetaCyc:CPD-725@Charged	
cpd02908	KEGG:C04787@Charged	KEGG:C04787@Charged	KEGG:C04787@Charged	KEGG:C04787@Charged	KEGG:C04787	KEGG:C04787	GC	KEGG:C04787@Charged	KEGG:C04787@Charged	
cpd02909	KEGG:C04789@Charged	KEGG:C04789@Charged		KEGG:C04789@Charged	KEGG:C04789	KEGG:C04789	GC	KEGG:C04789@Charged	KEGG:C04789@Charged	
cpd02910	MetaCyc:B-Gal-14-NacGlc-R;KEGG:C04791;ChEBI:133507	MetaCyc:B-Gal-14-NacGlc-R;KEGG:C04791;ChEBI:133507		MetaCyc:B-Gal-14-NacGlc-R;KEGG:C04791;ChEBI:133507	KEGG:C04791	KEGG:C04791	GC	MetaCyc:B-Gal-14-NacGlc-R@Charged	MetaCyc:B-Gal-14-NacGlc-R@Charged	
cpd02911	KEGG:C04792@Charged	KEGG:C04792@Charged		KEGG:C04792@Charged	KEGG:C04792	KEGG:C04792	GC	KEGG:C04792@Charged	KEGG:C04792@Charged	
cpd02912	MetaCyc:CPD-13709;KEGG:C04793;ChEBI:15896	MetaCyc:CPD-13709;KEGG:C04793;ChEBI:15896	MetaCyc:CPD-13709;KEGG:C04793;ChEBI:15896	MetaCyc:CPD-13709;KEGG:C04793;ChEBI:15896	KEGG:C04793	KEGG:C04793	GC	MetaCyc:CPD-13709@Charged	MetaCyc:CPD-13709@Charged	eQuilibrator:MNXM2606
cpd02913	KEGG:C04794@Charged;ChEBI:63280	KEGG:C04794@Charged;ChEBI:63280	KEGG:C04794@Charged;ChEBI:63280	KEGG:C04794@Charged;ChEBI:63280	KEGG:C04794	KEGG:C04794	EQ		KEGG:C04794@Charged	
cpd02914	MetaCyc:CPD-253@Charged;KEGG:C04796@Charged;KEGG:C17758@Charged;ChEBI:57639@Charged	MetaCyc:CPD-253@Charged;KEGG:C04796@Charged;KEGG:C17758@Charged;ChEBI:57639@Charged	MetaCyc:CPD-253@Charged;KEGG:C04796@Charged;KEGG:C17758@Charged;ChEBI:57639@Charged	MetaCyc:CPD-253@Charged;KEGG:C04796@Charged;KEGG:C17758@Charged;ChEBI:57639@Charged	KEGG:C04796	KEGG:C04796	EQ		KEGG:C04796@Charged	
cpd02915	MetaCyc:CPD-252@Charged;KEGG:C04797@Charged;ChEBI:58227@Charged	MetaCyc:CPD-252@Charged;KEGG:C04797@Charged;ChEBI:58227@Charged	MetaCyc:CPD-252@Charged;KEGG:C04797@Charged;ChEBI:58227@Charged	MetaCyc:CPD-252@Charged;KEGG:C04797@Charged;ChEBI:58227@Charged	KEGG:C04797	KEGG:C04797	EQ		KEGG:C04797@Charged	
cpd02916	MetaCyc:5-AMINO-4-CHLORO-2-23-DIHYDROXYPHENYL;KEGG:C04798;ChEBI:17147	MetaCyc:5-AMINO-4-CHLORO-2-23-DIHYDROXYPHENYL;KEGG:C04798;ChEBI:17147	MetaCyc:5-AMINO-4-CHLORO-2-23-DIHYDROXYPHENYL;KEGG:C04798;ChEBI:17147	MetaCyc:5-AMINO-4-CHLORO-2-23-DIHYDROXYPHENYL;KEGG:C04798;ChEBI:17147	KEGG:C04798	KEGG:C04798	GC	MetaCyc:5-AMINO-4-CHLORO-2-23-DIHYDROXYPHENYL@Charged	MetaCyc:5-AMINO-4-CHLORO-2-23-DIHYDROXYPHENYL@Charged	
cpd02917	MetaCyc:UDP-MURNAC-TETRAPEPTIDE;KEGG:C04804@Charged	MetaCyc:UDP-MURNAC-TETRAPEPTIDE;KEGG:C04804@Charged	MetaCyc:UDP-MURNAC-TETRAPEPTIDE;KEGG:C04804@Charged	MetaCyc:UDP-MURNAC-TETRAPEPTIDE;KEGG:C04804@Charged	KEGG:C04804	KEGG:C04804	EQ	eQuilibrator:MNXM88444	MetaCyc:UDP-MURNAC-TETRAPEPTIDE@Charged	eQuilibrator:MNXM88444
cpd02918	MetaCyc:CPD-22250;KEGG:C04805@Charged;ChEBI:90632	MetaCyc:CPD-22250;KEGG:C04805@Charged;ChEBI:90632	MetaCyc:CPD-22250;KEGG:C04805@Charged;ChEBI:90632	MetaCyc:CPD-22250;KEGG:C04805@Charged;ChEBI:90632	KEGG:C04805	KEGG:C04805	GC	KEGG:C04805@Charged	KEGG:C04805@Charged	
cpd02919	MetaCyc:ALPHA-N-ACETYL-ETCETERA-ESTRADIOL-GLUCUR	MetaCyc:ALPHA-N-ACETYL-ETCETERA-ESTRADIOL-GLUCUR	MetaCyc:ALPHA-N-ACETYL-ETCETERA-ESTRADIOL-GLUCUR	MetaCyc:ALPHA-N-ACETYL-ETCETERA-ESTRADIOL-GLUCUR	KEGG:C04806	KEGG:C04806	GC	MetaCyc:ALPHA-N-ACETYL-ETCETERA-ESTRADIOL-GLUCUR@Charged	MetaCyc:ALPHA-N-ACETYL-ETCETERA-ESTRADIOL-GLUCUR@Charged	
cpd02920	MetaCyc:DIHYDROPTERIN-CH2OH-PP@Charged;KEGG:C04807@Charged;ChEBI:72950@Charged	MetaCyc:DIHYDROPTERIN-CH2OH-PP@Charged;KEGG:C04807@Charged;ChEBI:72950@Charged	MetaCyc:DIHYDROPTERIN-CH2OH-PP@Charged;KEGG:C04807@Charged;ChEBI:72950@Charged	KEGG:C04807@Charged	KEGG:C04807	KEGG:C04807	GC	MetaCyc:DIHYDROPTERIN-CH2OH-PP@Charged	MetaCyc:DIHYDROPTERIN-CH2OH-PP@Charged	eQuilibrator:MNXM1160
cpd02921	KEGG:C04823@Charged;ChEBI:58443	KEGG:C04823@Charged;ChEBI:58443	KEGG:C04823@Charged;ChEBI:58443	KEGG:C04823@Charged;ChEBI:58443	KEGG:C04823	KEGG:C04823	GC	KEGG:C04823@Charged	KEGG:C04823@Charged	eQuilibrator:MNXM607
cpd02922	KEGG:C04812	KEGG:C04812	KEGG:C04812	KEGG:C04812@Charged	KEGG:C04812	KEGG:C04812	EQ	eQuilibrator:MNXM34084	KEGG:C04812@Charged	eQuilibrator:MNXM34084
cpd02923	MetaCyc:CPD-12064;KEGG:C11351	MetaCyc:CPD-12064;KEGG:C11351	MetaCyc:CPD-12064;KEGG:C11351	MetaCyc:CPD-12064;KEGG:C11351@Charged	KEGG:C11351	KEGG:C11351	EQ	eQuilibrator:MNXM5430	MetaCyc:CPD-12064@Charged	eQuilibrator:MNXM5430
cpd02924	MetaCyc:CPD-5847;ChEBI:146140	MetaCyc:CPD-5847;ChEBI:146140	MetaCyc:CPD-5847;ChEBI:146140	MetaCyc:CPD-5847;ChEBI:146140	KEGG:C04814	KEGG:C04814	GC	MetaCyc:CPD-5847@Charged	MetaCyc:CPD-5847@Charged	
cpd02925	MetaCyc:HYDROXYMETHYL-ETCETERA-DIHYDROXYCYCLOHEX@Charged;ChEBI:16694@Charged	MetaCyc:HYDROXYMETHYL-ETCETERA-DIHYDROXYCYCLOHEX@Charged;ChEBI:16694@Charged	MetaCyc:HYDROXYMETHYL-ETCETERA-DIHYDROXYCYCLOHEX@Charged;ChEBI:16694@Charged	MetaCyc:HYDROXYMETHYL-ETCETERA-DIHYDROXYCYCLOHEX@Charged;ChEBI:16694@Charged	KEGG:C04815	KEGG:C04815	EQ		MetaCyc:HYDROXYMETHYL-ETCETERA-DIHYDROXYCYCLOHEX@Charged	
cpd02926	KEGG:C04818	KEGG:C04818		KEGG:C04818	KEGG:C04818	KEGG:C04818	GC	KEGG:C04818@Charged	KEGG:C04818@Charged	
cpd02927	KEGG:C04819@Charged	KEGG:C04819@Charged	KEGG:C04819@Charged	KEGG:C04819@Charged	KEGG:C04819	KEGG:C04819	EQ	eQuilibrator:MNXM16302	KEGG:C04819@Charged	eQuilibrator:MNXM16302
cpd02928	MetaCyc:CPD-15854;KEGG:C04822@Charged;ChEBI:57447	MetaCyc:CPD-15854;KEGG:C04822@Charged;ChEBI:57447	MetaCyc:CPD-15854;KEGG:C04822@Charged;ChEBI:57447	MetaCyc:CPD-15854;KEGG:C04822@Charged;ChEBI:57447	KEGG:C04822	KEGG:C04822	GC	KEGG:C04822@Charged	KEGG:C04822@Charged	
cpd02930	MetaCyc:BISOHMYR-GLUCOSAMINYL-1P;KEGG:C04824@Charged;ChEBI:57957	MetaCyc:BISOHMYR-GLUCOSAMINYL-1P;KEGG:C04824@Charged;ChEBI:57957	MetaCyc:BISOHMYR-GLUCOSAMINYL-1P;KEGG:C04824@Charged;ChEBI:57957	MetaCyc:BISOHMYR-GLUCOSAMINYL-1P;KEGG:C04824@Charged;ChEBI:57957	KEGG:C04824	KEGG:C04824	EQ	eQuilibrator:MNXM1839	KEGG:C04824@Charged	eQuilibrator:MNXM1839
cpd02931					KEGG:C05641	KEGG:C05641	EQ			
cpd02932	MetaCyc:C1;KEGG:C04882@Charged;ChEBI:61386	MetaCyc:C1;KEGG:C04882@Charged;ChEBI:61386	MetaCyc:C1;KEGG:C04882@Charged;ChEBI:61386	MetaCyc:C1;KEGG:C04882@Charged;ChEBI:61386	KEGG:C04882	KEGG:C04882	EQ	eQuilibrator:MNXM1954	KEGG:C04882@Charged	eQuilibrator:MNXM1954
cpd02933	MetaCyc:BETA-D-GLUCOSYL-14-N-ACETYL-D-GLUCOSAMI;KEGG:C04830@Charged;ChEBI:132174	MetaCyc:BETA-D-GLUCOSYL-14-N-ACETYL-D-GLUCOSAMI;KEGG:C04830@Charged;ChEBI:132174	MetaCyc:BETA-D-GLUCOSYL-14-N-ACETYL-D-GLUCOSAMI;KEGG:C04830@Charged;ChEBI:132174	MetaCyc:BETA-D-GLUCOSYL-14-N-ACETYL-D-GLUCOSAMI;KEGG:C04830@Charged;ChEBI:132174	KEGG:C04830	KEGG:C04830	EQ	eQuilibrator:MNXM3930	KEGG:C04830@Charged	eQuilibrator:MNXM3930
cpd02934	KEGG:C04831	KEGG:C04831	KEGG:C04831	KEGG:C04831	KEGG:C04831	KEGG:C04831	GC	KEGG:C04831@Charged	KEGG:C04831@Charged	
cpd02935	MetaCyc:CPD-1282;KEGG:C04832@Charged;ChEBI:58411	MetaCyc:CPD-1282;KEGG:C04832@Charged;ChEBI:58411	MetaCyc:CPD-1282;KEGG:C04832@Charged;ChEBI:58411	MetaCyc:CPD-1282;KEGG:C04832@Charged;ChEBI:58411	KEGG:C04832	KEGG:C04832	GC	MetaCyc:CPD-1282@Charged	MetaCyc:CPD-1282@Charged	eQuilibrator:MNXM1145
cpd02936	KEGG:C04834@Charged;ChEBI:57421	KEGG:C04834@Charged;ChEBI:57421	KEGG:C04834@Charged;ChEBI:57421	KEGG:C04834@Charged;ChEBI:57421	KEGG:C04834	KEGG:C04834	GC	KEGG:C04834@Charged	KEGG:C04834@Charged	eQuilibrator:MNXM4168
cpd02937	MetaCyc:5Z13E-69-ALPHA-EPOXY-11-ALPHA-HYDROXPROS;ChEBI:57407	MetaCyc:5Z13E-69-ALPHA-EPOXY-11-ALPHA-HYDROXPROS;ChEBI:57407	MetaCyc:5Z13E-69-ALPHA-EPOXY-11-ALPHA-HYDROXPROS;ChEBI:57407	MetaCyc:5Z13E-69-ALPHA-EPOXY-11-ALPHA-HYDROXPROS;ChEBI:57407	KEGG:C04835	KEGG:C04835	GC	MetaCyc:5Z13E-69-ALPHA-EPOXY-11-ALPHA-HYDROXPROS@Charged	MetaCyc:5Z13E-69-ALPHA-EPOXY-11-ALPHA-HYDROXPROS@Charged	eQuilibrator:MNXM3792
cpd02938	KEGG:C04839@Charged	KEGG:C04839@Charged	KEGG:C04839@Charged	KEGG:C04839@Charged	KEGG:C04839	KEGG:C04839	GC	KEGG:C04839@Charged	KEGG:C04839@Charged	
cpd02939	MetaCyc:CPD-5846;KEGG:C04840@Charged;ChEBI:58387	MetaCyc:CPD-5846;KEGG:C04840@Charged;ChEBI:58387	MetaCyc:CPD-5846;KEGG:C04840@Charged;ChEBI:58387	MetaCyc:CPD-5846;KEGG:C04840@Charged;ChEBI:58387	KEGG:C04840	KEGG:C04840	GC	KEGG:C04840@Charged	KEGG:C04840@Charged	eQuilibrator:MNXM853
cpd02940	MetaCyc:CPD-2046	MetaCyc:CPD-2046	MetaCyc:CPD-2046	MetaCyc:CPD-2046	KEGG:C04843	KEGG:C04843	GC	MetaCyc:CPD-2046@Charged	MetaCyc:CPD-2046@Charged	
cpd02941	MetaCyc:3-HYDROXY-5917-TRIOXO-45910-DISECOA@Charged;KEGG:C04844@Charged;ChEBI:63690@Charged	MetaCyc:3-HYDROXY-5917-TRIOXO-45910-DISECOA@Charged;KEGG:C04844@Charged;ChEBI:63690@Charged	MetaCyc:3-HYDROXY-5917-TRIOXO-45910-DISECOA@Charged;KEGG:C04844@Charged;ChEBI:63690@Charged	MetaCyc:3-HYDROXY-5917-TRIOXO-45910-DISECOA@Charged;KEGG:C04844@Charged;ChEBI:63690@Charged	KEGG:C04844	KEGG:C04844	GC	MetaCyc:3-HYDROXY-5917-TRIOXO-45910-DISECOA@Charged	MetaCyc:3-HYDROXY-5917-TRIOXO-45910-DISECOA@Charged	
cpd02942	MetaCyc:CPD-1101;KEGG:C04845;ChEBI:17103	MetaCyc:CPD-1101;KEGG:C04845;ChEBI:17103		MetaCyc:CPD-1101;KEGG:C04845;ChEBI:17103	KEGG:C04845	KEGG:C04845	GC	MetaCyc:CPD-1101@Charged	MetaCyc:CPD-1101@Charged	
cpd02943										
cpd02944	MetaCyc:ALPHA-D-GALACTOSYL-13-BETA-D-GALACTOS	MetaCyc:ALPHA-D-GALACTOSYL-13-BETA-D-GALACTOS	MetaCyc:ALPHA-D-GALACTOSYL-13-BETA-D-GALACTOS	MetaCyc:ALPHA-D-GALACTOSYL-13-BETA-D-GALACTOS	KEGG:C04847	KEGG:C04847	GC	MetaCyc:ALPHA-D-GALACTOSYL-13-BETA-D-GALACTOS@Charged	MetaCyc:ALPHA-D-GALACTOSYL-13-BETA-D-GALACTOS@Charged	
cpd02945										
cpd02946	MetaCyc:CPD-2044;ChEBI:57449	MetaCyc:CPD-2044;ChEBI:57449	MetaCyc:CPD-2044;ChEBI:57449	MetaCyc:CPD-2044;ChEBI:57449	KEGG:C04849	KEGG:C04849	GC	MetaCyc:CPD-2044@Charged	MetaCyc:CPD-2044@Charged	
cpd02947	MetaCyc:Lewis-a-epitope;KEGG:C04850;ChEBI:140304	MetaCyc:Lewis-a-epitope;KEGG:C04850;ChEBI:140304		MetaCyc:Lewis-a-epitope;KEGG:C04850;ChEBI:140304	KEGG:C04850	KEGG:C04850	GC	MetaCyc:Lewis-a-epitope@Charged	MetaCyc:Lewis-a-epitope@Charged	
cpd02948	KEGG:C04851@Charged;ChEBI:60032	KEGG:C04851@Charged;ChEBI:60032	KEGG:C04851@Charged;ChEBI:60032	KEGG:C04851@Charged;ChEBI:60032	KEGG:C04851	KEGG:C04851	EQ	eQuilibrator:MNXM1955	KEGG:C04851@Charged	eQuilibrator:MNXM1955
cpd02949	MetaCyc:20-OH-LTB4;KEGG:C04853@Charged;ChEBI:57460	MetaCyc:20-OH-LTB4;KEGG:C04853@Charged;ChEBI:57460	MetaCyc:20-OH-LTB4;KEGG:C04853@Charged;ChEBI:57460	MetaCyc:20-OH-LTB4;KEGG:C04853@Charged;ChEBI:57460	KEGG:C04853	KEGG:C04853	EQ	eQuilibrator:MNXM1169	MetaCyc:20-OH-LTB4@Charged	eQuilibrator:MNXM1169
cpd02950	KEGG:C04855;ChEBI:138024	KEGG:C04855;ChEBI:138024		KEGG:C04855;ChEBI:138024	KEGG:C04855	KEGG:C04855	GC	KEGG:C04855@Charged	KEGG:C04855@Charged	
cpd02951	MetaCyc:CPD-653;KEGG:C04856@Charged;ChEBI:64074	MetaCyc:CPD-653;KEGG:C04856@Charged;ChEBI:64074	MetaCyc:CPD-653;KEGG:C04856@Charged;ChEBI:64074	MetaCyc:CPD-653;KEGG:C04856@Charged;ChEBI:64074	KEGG:C04856	KEGG:C04856	EQ	eQuilibrator:MNXM1964	KEGG:C04856@Charged	eQuilibrator:MNXM1964
cpd02952					KEGG:C04858	KEGG:C04858	GC			
cpd02953	MetaCyc:20S22S25S-2225-EPOXYFUROST-ETC-GLUCOSIDE;KEGG:C04859;ChEBI:15575	MetaCyc:20S22S25S-2225-EPOXYFUROST-ETC-GLUCOSIDE;KEGG:C04859;ChEBI:15575	MetaCyc:20S22S25S-2225-EPOXYFUROST-ETC-GLUCOSIDE;KEGG:C04859;ChEBI:15575	MetaCyc:20S22S25S-2225-EPOXYFUROST-ETC-GLUCOSIDE;KEGG:C04859;ChEBI:15575	KEGG:C04859	KEGG:C04859	GC	KEGG:C04859@Charged	KEGG:C04859@Charged	eQuilibrator:MNXM4744
cpd02954	MetaCyc:MANNOSYL-ETCETERA-D-MANNOSE;KEGG:C04861;ChEBI:17631	MetaCyc:MANNOSYL-ETCETERA-D-MANNOSE;KEGG:C04861;ChEBI:17631	MetaCyc:MANNOSYL-ETCETERA-D-MANNOSE;KEGG:C04861;ChEBI:17631	MetaCyc:MANNOSYL-ETCETERA-D-MANNOSE;KEGG:C04861;ChEBI:17631	KEGG:C04861	KEGG:C04861	EQ	eQuilibrator:MNXM3906	KEGG:C04861@Charged	eQuilibrator:MNXM3906
cpd02955	KEGG:C04862@Charged	KEGG:C04862@Charged	KEGG:C04862@Charged	KEGG:C04862@Charged	KEGG:C04862		GC	KEGG:C04862@Charged	KEGG:C04862@Charged	eQuilibrator:MNXM32999
cpd02956	MetaCyc:CPD-12563;KEGG:C04864@Charged;ChEBI:83963	MetaCyc:CPD-12563;KEGG:C04864@Charged;ChEBI:83963	MetaCyc:CPD-12563;KEGG:C04864@Charged;ChEBI:83963	MetaCyc:CPD-12563;KEGG:C04864@Charged;ChEBI:83963	KEGG:C04864	KEGG:C04864	GC	MetaCyc:CPD-12563@Charged	MetaCyc:CPD-12563@Charged	eQuilibrator:MNXM2467
cpd02957	MetaCyc:4-DEOXY-BETA-D-GLUC-4-ENURONOSYL-6S;KEGG:C04865@Charged;ChEBI:57878	MetaCyc:4-DEOXY-BETA-D-GLUC-4-ENURONOSYL-6S;KEGG:C04865@Charged;ChEBI:57878	MetaCyc:4-DEOXY-BETA-D-GLUC-4-ENURONOSYL-6S;KEGG:C04865@Charged;ChEBI:57878	MetaCyc:4-DEOXY-BETA-D-GLUC-4-ENURONOSYL-6S;KEGG:C04865@Charged;ChEBI:57878	KEGG:C04865	KEGG:C04865	GC	KEGG:C04865@Charged	KEGG:C04865@Charged	eQuilibrator:MNXM2468
cpd02958	MetaCyc:METHYL-EPOXYTRIDECADIENOATE;KEGG:C04867;ChEBI:15581	MetaCyc:METHYL-EPOXYTRIDECADIENOATE;KEGG:C04867;ChEBI:15581	MetaCyc:METHYL-EPOXYTRIDECADIENOATE;KEGG:C04867;ChEBI:15581	MetaCyc:METHYL-EPOXYTRIDECADIENOATE;KEGG:C04867;ChEBI:15581		KEGG:C04867	EQ	eQuilibrator:MNXM4667	MetaCyc:METHYL-EPOXYTRIDECADIENOATE@Charged	eQuilibrator:MNXM4667
cpd02959	KEGG:C04871@Charged	KEGG:C04871@Charged	KEGG:C04871@Charged	KEGG:C04871@Charged	KEGG:C04871	KEGG:C04871	GC	KEGG:C04871@Charged	KEGG:C04871@Charged	eQuilibrator:MNXM55901
cpd02960	KEGG:C04873@Charged	KEGG:C04873@Charged	KEGG:C04873@Charged	KEGG:C04873@Charged	KEGG:C04873	KEGG:C04873	GC	KEGG:C04873@Charged	KEGG:C04873@Charged	eQuilibrator:MNXM32803
cpd02961	MetaCyc:DIHYDRO-NEO-PTERIN@Charged;KEGG:C04874@Charged;ChEBI:17001@Charged	MetaCyc:DIHYDRO-NEO-PTERIN@Charged;KEGG:C04874@Charged;ChEBI:17001@Charged	MetaCyc:DIHYDRO-NEO-PTERIN@Charged;KEGG:C04874@Charged;ChEBI:17001@Charged	MetaCyc:DIHYDRO-NEO-PTERIN@Charged;KEGG:C04874@Charged;ChEBI:17001@Charged	KEGG:C04874	KEGG:C04874	GC	MetaCyc:DIHYDRO-NEO-PTERIN@Charged	MetaCyc:DIHYDRO-NEO-PTERIN@Charged	
cpd02962	KEGG:C04875@Charged;ChEBI:58611	KEGG:C04875@Charged;ChEBI:58611	KEGG:C04875@Charged;ChEBI:58611	KEGG:C04875@Charged;ChEBI:58611	KEGG:C04875	KEGG:C04875	EQ	eQuilibrator:MNXM4144	KEGG:C04875@Charged	eQuilibrator:MNXM4144
cpd02963	MetaCyc:CPD-13360	MetaCyc:CPD-13360	MetaCyc:CPD-13360	MetaCyc:CPD-13360	KEGG:C04876	KEGG:C04876	EQ	eQuilibrator:MNXM19616	MetaCyc:CPD-13360@Charged	eQuilibrator:MNXM19616
cpd02964	MetaCyc:UDP-AAGM-DIAMINOHEPTANEDIOATE;KEGG:C04877@Charged;ChEBI:83905	MetaCyc:UDP-AAGM-DIAMINOHEPTANEDIOATE;KEGG:C04877@Charged;ChEBI:83905	MetaCyc:UDP-AAGM-DIAMINOHEPTANEDIOATE;KEGG:C04877@Charged;ChEBI:83905	MetaCyc:UDP-AAGM-DIAMINOHEPTANEDIOATE;KEGG:C04877@Charged;ChEBI:83905	KEGG:C04877	KEGG:C04877	EQ	eQuilibrator:MNXM1446	MetaCyc:UDP-AAGM-DIAMINOHEPTANEDIOATE@Charged	eQuilibrator:MNXM1446
cpd02965										
cpd02966	MetaCyc:N-ACETYL-BETA-D-GLUCOSAMINYL-12-ALPHA-D	MetaCyc:N-ACETYL-BETA-D-GLUCOSAMINYL-12-ALPHA-D		MetaCyc:N-ACETYL-BETA-D-GLUCOSAMINYL-12-ALPHA-D	KEGG:C04880	KEGG:C04880	GC	MetaCyc:N-ACETYL-BETA-D-GLUCOSAMINYL-12-ALPHA-D@Charged	MetaCyc:N-ACETYL-BETA-D-GLUCOSAMINYL-12-ALPHA-D@Charged	
cpd02967	MetaCyc:ACETYL-ETCETERA-GLUCOSAMINYLDIPHOSPHOUND;KEGG:C04881@Charged;ChEBI:132210	MetaCyc:ACETYL-ETCETERA-GLUCOSAMINYLDIPHOSPHOUND;KEGG:C04881@Charged;ChEBI:132210	MetaCyc:ACETYL-ETCETERA-GLUCOSAMINYLDIPHOSPHOUND;KEGG:C04881@Charged;ChEBI:132210	MetaCyc:ACETYL-ETCETERA-GLUCOSAMINYLDIPHOSPHOUND;KEGG:C04881@Charged;ChEBI:132210	KEGG:C04881	KEGG:C04881	EQ	eQuilibrator:MNXM2843	KEGG:C04881@Charged	eQuilibrator:MNXM2843
cpd02968										
cpd02969	KEGG:C04883@Charged;ChEBI:58612	KEGG:C04883@Charged;ChEBI:58612	KEGG:C04883@Charged;ChEBI:58612	KEGG:C04883@Charged;ChEBI:58612	KEGG:C04883	KEGG:C04883	EQ	eQuilibrator:MNXM4145	KEGG:C04883@Charged	eQuilibrator:MNXM4145
cpd02970	KEGG:C04885@Charged;ChEBI:136589	KEGG:C04885@Charged;ChEBI:136589		KEGG:C04885@Charged;ChEBI:136589	KEGG:C04885	KEGG:C04885	GC	KEGG:C04885@Charged	KEGG:C04885@Charged	
cpd02971	KEGG:C04886@Charged;ChEBI:60040	KEGG:C04886@Charged;ChEBI:60040	KEGG:C04886@Charged;ChEBI:60040	MetaCyc:ALPHA-N-ACETYLNEURAMINYL-26-BETA-D-GALA	KEGG:C04886	KEGG:C04886	EQ	eQuilibrator:MNXM4461	KEGG:C04886@Charged	eQuilibrator:MNXM4461
cpd02972	MetaCyc:ALPHA-N-ACETYLNEURAMINYL-28-ETCETERA;KEGG:C04887@Charged;ChEBI:140309	MetaCyc:ALPHA-N-ACETYLNEURAMINYL-28-ETCETERA;KEGG:C04887@Charged;ChEBI:140309		MetaCyc:ALPHA-N-ACETYLNEURAMINYL-28-ETCETERA;KEGG:C04887@Charged;ChEBI:140309	KEGG:C04887	KEGG:C04887	GC	KEGG:C04887@Charged	KEGG:C04887@Charged	
cpd02973										
cpd02974										
cpd02975	KEGG:C04890;ChEBI:134090	KEGG:C04890;ChEBI:134090		KEGG:C04890;ChEBI:134090	KEGG:C04890	KEGG:C04890	GC	KEGG:C04890@Charged	KEGG:C04890@Charged	
cpd02976	KEGG:C04891;ChEBI:138025	KEGG:C04891;ChEBI:138025		KEGG:C04891;ChEBI:138025	KEGG:C04891	KEGG:C04891	GC	KEGG:C04891@Charged	KEGG:C04891@Charged	
cpd02977	MetaCyc:UDP-N-ACETYLMURAMOYL-L-ALANYL-D-GLUTAMYL;KEGG:C04894@Charged	MetaCyc:UDP-N-ACETYLMURAMOYL-L-ALANYL-D-GLUTAMYL;KEGG:C04894@Charged	MetaCyc:UDP-N-ACETYLMURAMOYL-L-ALANYL-D-GLUTAMYL;KEGG:C04894@Charged	MetaCyc:UDP-N-ACETYLMURAMOYL-L-ALANYL-D-GLUTAMYL;KEGG:C04894@Charged	KEGG:C04894	KEGG:C04894	GC	MetaCyc:UDP-N-ACETYLMURAMOYL-L-ALANYL-D-GLUTAMYL@Charged	MetaCyc:UDP-N-ACETYLMURAMOYL-L-ALANYL-D-GLUTAMYL@Charged	
cpd02978	MetaCyc:DIHYDRONEOPTERIN-P3@Charged;KEGG:C04895@Charged;ChEBI:58462@Charged	MetaCyc:DIHYDRONEOPTERIN-P3@Charged;KEGG:C04895@Charged;ChEBI:58462@Charged	MetaCyc:DIHYDRONEOPTERIN-P3@Charged;KEGG:C04895@Charged;ChEBI:58462@Charged	MetaCyc:DIHYDRONEOPTERIN-P3@Charged;KEGG:C04895@Charged;ChEBI:58462@Charged	KEGG:C04895	KEGG:C04895	GC	KEGG:C04895@Charged	KEGG:C04895@Charged	
cpd02979	MetaCyc:PHOSPHORIBOSYL-FORMIMINO-AICAR-P;KEGG:C04896@Charged;ChEBI:58435	MetaCyc:PHOSPHORIBOSYL-FORMIMINO-AICAR-P;KEGG:C04896@Charged;ChEBI:58435	MetaCyc:PHOSPHORIBOSYL-FORMIMINO-AICAR-P;KEGG:C04896@Charged;ChEBI:58435	MetaCyc:PHOSPHORIBOSYL-FORMIMINO-AICAR-P	KEGG:C04896	KEGG:C04896	GC	MetaCyc:PHOSPHORIBOSYL-FORMIMINO-AICAR-P@Charged	MetaCyc:PHOSPHORIBOSYL-FORMIMINO-AICAR-P@Charged	eQuilibrator:MNXM1397
cpd02980	MetaCyc:CPD0-2474;KEGG:C04899@Charged;ChEBI:64076	MetaCyc:CPD0-2474;KEGG:C04899@Charged;ChEBI:64076	MetaCyc:CPD0-2474;KEGG:C04899@Charged;ChEBI:64076	MetaCyc:CPD0-2474;KEGG:C04899@Charged;ChEBI:64076	KEGG:C04899	KEGG:C04899	EQ	eQuilibrator:MNXM2897	KEGG:C04899@Charged	eQuilibrator:MNXM2897
cpd02981					KEGG:C04900	KEGG:C04900	GC			
cpd02982	MetaCyc:ALPHA-N-ACETYLNEURAMINYL-ETCETERA-GALACT@Charged	MetaCyc:ALPHA-N-ACETYLNEURAMINYL-ETCETERA-GALACT@Charged		MetaCyc:ALPHA-N-ACETYLNEURAMINYL-ETCETERA-GALACT@Charged	KEGG:C04901	KEGG:C04901	GC	MetaCyc:ALPHA-N-ACETYLNEURAMINYL-ETCETERA-GALACT@Charged	MetaCyc:ALPHA-N-ACETYLNEURAMINYL-ETCETERA-GALACT@Charged	
cpd02983	KEGG:C04902;ChEBI:139604	KEGG:C04902;ChEBI:139604		KEGG:C04902;ChEBI:139604	KEGG:C04902	KEGG:C04902	GC	KEGG:C04902@Charged	KEGG:C04902@Charged	
cpd02984	MetaCyc:CPD-13359;KEGG:C04904@Charged	MetaCyc:CPD-13359;KEGG:C04904@Charged	MetaCyc:CPD-13359;KEGG:C04904@Charged	MetaCyc:CPD-13359;KEGG:C04904@Charged	KEGG:C04904	KEGG:C04904	GC	KEGG:C04904@Charged	KEGG:C04904@Charged	
cpd02985	MetaCyc:AMINO-ETC-METHYLPYRIMIDINIUM;KEGG:C04905	MetaCyc:AMINO-ETC-METHYLPYRIMIDINIUM;KEGG:C04905	MetaCyc:AMINO-ETC-METHYLPYRIMIDINIUM;KEGG:C04905	MetaCyc:AMINO-ETC-METHYLPYRIMIDINIUM;KEGG:C04905	KEGG:C04905	KEGG:C04905	EQ	eQuilibrator:MNXM4224	KEGG:C04905@Charged	eQuilibrator:MNXM4224
cpd02986	KEGG:C04906	KEGG:C04906		KEGG:C04906	KEGG:C04906	KEGG:C04906	GC	KEGG:C04906@Charged	KEGG:C04906@Charged	
cpd02987	MetaCyc:ALPHA-N-ACETYLNEURAMINYL-23-BETA-ETCETER;ChEBI:136545	MetaCyc:ALPHA-N-ACETYLNEURAMINYL-23-BETA-ETCETER;ChEBI:136545		MetaCyc:ALPHA-N-ACETYLNEURAMINYL-23-BETA-ETCETER;ChEBI:136545	KEGG:C04907	KEGG:C04907	GC	MetaCyc:ALPHA-N-ACETYLNEURAMINYL-23-BETA-ETCETER@Charged	MetaCyc:ALPHA-N-ACETYLNEURAMINYL-23-BETA-ETCETER@Charged	
cpd02988	MetaCyc:HYDROXY-ETC-METHYLPYRIMIDINIUM;KEGG:C04908	MetaCyc:HYDROXY-ETC-METHYLPYRIMIDINIUM;KEGG:C04908	MetaCyc:HYDROXY-ETC-METHYLPYRIMIDINIUM;KEGG:C04908	MetaCyc:HYDROXY-ETC-METHYLPYRIMIDINIUM@Charged;KEGG:C04908@Charged	KEGG:C04908	KEGG:C04908	EQ	eQuilibrator:MNXM97121	KEGG:C04908@Charged	eQuilibrator:MNXM97121
cpd02989	MetaCyc:13-BETA-D-GALACTOSYL-N-ACETYL-D-GLU;KEGG:C04910;ChEBI:17292	MetaCyc:13-BETA-D-GALACTOSYL-N-ACETYL-D-GLU;KEGG:C04910;ChEBI:17292		MetaCyc:13-BETA-D-GALACTOSYL-N-ACETYL-D-GLU;KEGG:C04910;ChEBI:17292	KEGG:C04910	KEGG:C04910	GC	MetaCyc:13-BETA-D-GALACTOSYL-N-ACETYL-D-GLU@Charged	MetaCyc:13-BETA-D-GALACTOSYL-N-ACETYL-D-GLU@Charged	
cpd02990	KEGG:C04914	KEGG:C04914		KEGG:C04914	KEGG:C04914	KEGG:C04914	GC	KEGG:C04914@Charged	KEGG:C04914@Charged	
cpd02991	MetaCyc:PHOSPHORIBULOSYL-FORMIMINO-AICAR-P;KEGG:C04916@Charged;ChEBI:58525	MetaCyc:PHOSPHORIBULOSYL-FORMIMINO-AICAR-P;KEGG:C04916@Charged;ChEBI:58525	MetaCyc:PHOSPHORIBULOSYL-FORMIMINO-AICAR-P;KEGG:C04916@Charged;ChEBI:58525	MetaCyc:PHOSPHORIBULOSYL-FORMIMINO-AICAR-P	KEGG:C04916	KEGG:C04916	GC	MetaCyc:PHOSPHORIBULOSYL-FORMIMINO-AICAR-P@Charged	MetaCyc:PHOSPHORIBULOSYL-FORMIMINO-AICAR-P@Charged	eQuilibrator:MNXM1408
cpd02992	KEGG:C04917	KEGG:C04917		KEGG:C04917	KEGG:C04917	KEGG:C04917	GC	KEGG:C04917@Charged	KEGG:C04917@Charged	
cpd02993	MetaCyc:LIPID-IV-A;KEGG:C04919@Charged;ChEBI:58603	MetaCyc:LIPID-IV-A;KEGG:C04919@Charged;ChEBI:58603	MetaCyc:LIPID-IV-A;KEGG:C04919@Charged;ChEBI:58603	MetaCyc:LIPID-IV-A;KEGG:C04919@Charged;ChEBI:58603	KEGG:C04919	KEGG:C04919	EQ	eQuilibrator:MNXM1754	KEGG:C04919@Charged	eQuilibrator:MNXM1754
cpd02994	MetaCyc:Neolactotetraosylceramides;KEGG:C04922	MetaCyc:Neolactotetraosylceramides;KEGG:C04922		MetaCyc:Neolactotetraosylceramides;KEGG:C04922	KEGG:C04922	KEGG:C04922	GC	MetaCyc:Neolactotetraosylceramides@Charged	MetaCyc:Neolactotetraosylceramides@Charged	
cpd02995	KEGG:C04923;ChEBI:29111	KEGG:C04923;ChEBI:29111	KEGG:C04923;ChEBI:29111	KEGG:C04923;ChEBI:29111	KEGG:C04923	KEGG:C04923	EQ	eQuilibrator:MNXM3905	KEGG:C04923@Charged	eQuilibrator:MNXM3905
cpd02996	KEGG:C04884@Charged;ChEBI:71502	KEGG:C04884@Charged;ChEBI:71502		KEGG:C04884@Charged;ChEBI:71502	KEGG:C04884	KEGG:C04884	GC	KEGG:C04884@Charged	KEGG:C04884@Charged	
cpd02997	MetaCyc:FORSSMAN-HAPTEN	MetaCyc:FORSSMAN-HAPTEN		MetaCyc:FORSSMAN-HAPTEN	KEGG:C04925	KEGG:C04925	GC	MetaCyc:FORSSMAN-HAPTEN@Charged	MetaCyc:FORSSMAN-HAPTEN@Charged	
cpd02998	KEGG:C04926@Charged	KEGG:C04926@Charged		KEGG:C04926@Charged	KEGG:C04926	KEGG:C04926	GC	KEGG:C04926@Charged	KEGG:C04926@Charged	
cpd02999	MetaCyc:N-ACETYLNEURAMINYL-ETCETERA-GLUCOSYLCERA;KEGG:C04927@Charged;ChEBI:78445	MetaCyc:N-ACETYLNEURAMINYL-ETCETERA-GLUCOSYLCERA;KEGG:C04927@Charged;ChEBI:78445		MetaCyc:N-ACETYLNEURAMINYL-ETCETERA-GLUCOSYLCERA;KEGG:C04927@Charged;ChEBI:78445	KEGG:C04927	KEGG:C04927	GC	MetaCyc:N-ACETYLNEURAMINYL-ETCETERA-GLUCOSYLCERA@Charged	MetaCyc:N-ACETYLNEURAMINYL-ETCETERA-GLUCOSYLCERA@Charged	
