id	formula_src	charge_src	inchikey_src	smiles_src	pka_src	pkb_src	deltag_method	deltag_used_src	deltag_gc_src	deltag_eq_src
cpd21000	MetaCyc:CPD-10708;ChEBI:61688	MetaCyc:CPD-10708;ChEBI:61688	MetaCyc:CPD-10708;ChEBI:61688	MetaCyc:CPD-10708;ChEBI:61688			GC	MetaCyc:CPD-10708@Charged	MetaCyc:CPD-10708@Charged	eQuilibrator:MNXM5092
cpd21001	KEGG:C19755	KEGG:C19755	KEGG:C19755	KEGG:C19755		KEGG:C19755	GC	KEGG:C19755@Charged	KEGG:C19755@Charged	
cpd21002	MetaCyc:CPD-11441;KEGG:C19756;ChEBI:60968	MetaCyc:CPD-11441;KEGG:C19756;ChEBI:60968	MetaCyc:CPD-11441;KEGG:C19756;ChEBI:60968	MetaCyc:CPD-11441;KEGG:C19756;ChEBI:60968		KEGG:C19756	GC	MetaCyc:CPD-11441@Charged	MetaCyc:CPD-11441@Charged	eQuilibrator:MNXM4786
cpd21003	MetaCyc:CPD-12846;KEGG:C19757;ChEBI:61316	MetaCyc:CPD-12846;KEGG:C19757;ChEBI:61316	MetaCyc:CPD-12846;KEGG:C19757;ChEBI:61316	MetaCyc:CPD-12846;KEGG:C19757;ChEBI:61316		KEGG:C19757	EQ	eQuilibrator:MNXM4919	KEGG:C19757@Charged	eQuilibrator:MNXM4919
cpd21004	KEGG:C19758;ChEBI:55332	KEGG:C19758;ChEBI:55332	KEGG:C19758;ChEBI:55332	KEGG:C19758;ChEBI:55332	KEGG:C19758	KEGG:C19758	GC	KEGG:C19758@Charged	KEGG:C19758@Charged	eQuilibrator:MNXM5070
cpd21005	MetaCyc:CPD-7524;KEGG:C19759;ChEBI:62463	MetaCyc:CPD-7524;KEGG:C19759;ChEBI:62463	MetaCyc:CPD-7524;KEGG:C19759;ChEBI:62463	MetaCyc:CPD-7524;KEGG:C19759;ChEBI:62463			EQ	eQuilibrator:MNXM6133	MetaCyc:CPD-7524@Charged	eQuilibrator:MNXM6133
cpd21006	MetaCyc:CPD-11293@Charged;KEGG:C19760@Charged;ChEBI:60374@Charged	MetaCyc:CPD-11293@Charged;KEGG:C19760@Charged;ChEBI:60374@Charged	MetaCyc:CPD-11293@Charged;KEGG:C19760@Charged;ChEBI:60374@Charged	MetaCyc:CPD-11293@Charged;KEGG:C19760@Charged;ChEBI:60374@Charged	KEGG:C19760		EQ	eQuilibrator:MNXM756	MetaCyc:CPD-11293@Charged	eQuilibrator:MNXM756
cpd21007	KEGG:C19761@Charged;ChEBI:58892	KEGG:C19761@Charged;ChEBI:58892	KEGG:C19761@Charged;ChEBI:58892	KEGG:C19761@Charged;ChEBI:58892	KEGG:C19761	KEGG:C19761	EQ	eQuilibrator:MNXM2596	KEGG:C19761@Charged	eQuilibrator:MNXM2596
cpd21008	KEGG:C19762@Charged	KEGG:C19762@Charged	KEGG:C19762@Charged	KEGG:C19762@Charged	KEGG:C19762	KEGG:C19762	GC	KEGG:C19762@Charged	KEGG:C19762@Charged	
cpd21009	KEGG:C19763@Charged;ChEBI:62441	KEGG:C19763@Charged;ChEBI:62441	KEGG:C19763@Charged;ChEBI:62441	KEGG:C19763@Charged;ChEBI:62441	KEGG:C19763	KEGG:C19763	GC	KEGG:C19763@Charged	KEGG:C19763@Charged	eQuilibrator:MNXM2728
cpd21010	MetaCyc:CPD-7535;KEGG:C19764;ChEBI:48717	MetaCyc:CPD-7535;KEGG:C19764;ChEBI:48717	MetaCyc:CPD-7535;KEGG:C19764;ChEBI:48717	MetaCyc:CPD-7535;KEGG:C19764;ChEBI:48717			EQ	eQuilibrator:MNXM1716	MetaCyc:CPD-7535@Charged	eQuilibrator:MNXM1716
cpd21011	MetaCyc:CPD-13171;KEGG:C19765;ChEBI:61990	MetaCyc:CPD-13171;KEGG:C19765;ChEBI:61990	MetaCyc:CPD-13171;KEGG:C19765;ChEBI:61990	MetaCyc:CPD-13171;KEGG:C19765;ChEBI:61990			EQ	eQuilibrator:MNXM2594	MetaCyc:CPD-13171@Charged	eQuilibrator:MNXM2594
cpd21012	MetaCyc:CPD-5923;KEGG:C19766;ChEBI:12060	MetaCyc:CPD-5923;KEGG:C19766;ChEBI:12060	MetaCyc:CPD-5923;KEGG:C19766;ChEBI:12060	MetaCyc:CPD-5923;KEGG:C19766;ChEBI:12060	KEGG:C19766	KEGG:C19766	GC	MetaCyc:CPD-5923@Charged	MetaCyc:CPD-5923@Charged	eQuilibrator:MNXM4379
cpd21013	MetaCyc:CPD-12156;KEGG:C19767;ChEBI:62497	MetaCyc:CPD-12156;KEGG:C19767;ChEBI:62497	MetaCyc:CPD-12156;KEGG:C19767;ChEBI:62497	MetaCyc:CPD-12156;KEGG:C19767@Charged;ChEBI:62497	KEGG:C19767	KEGG:C19767	EQ	eQuilibrator:MNXM5025	KEGG:C19767@Charged	eQuilibrator:MNXM5025
cpd21014	MetaCyc:CPD-12676;KEGG:C19768;ChEBI:47133	MetaCyc:CPD-12676;KEGG:C19768;ChEBI:47133	MetaCyc:CPD-12676;KEGG:C19768;ChEBI:47133	MetaCyc:CPD-12676;KEGG:C19768;ChEBI:47133	KEGG:C19768	KEGG:C19768	EQ	eQuilibrator:MNXM4378	MetaCyc:CPD-12676@Charged	eQuilibrator:MNXM4378
cpd21015	MetaCyc:CPD0-882;KEGG:C19769@Charged;ChEBI:58690	MetaCyc:CPD0-882;KEGG:C19769@Charged;ChEBI:58690	MetaCyc:CPD0-882;KEGG:C19769@Charged;ChEBI:58690	MetaCyc:CPD0-882;KEGG:C19769@Charged;ChEBI:58690	KEGG:C19769	KEGG:C19769	GC	KEGG:C19769@Charged	KEGG:C19769@Charged	eQuilibrator:MNXM2453
cpd21016	KEGG:C19770@Charged;ChEBI:58721	KEGG:C19770@Charged;ChEBI:58721	KEGG:C19770@Charged;ChEBI:58721	KEGG:C19770@Charged;ChEBI:58721	KEGG:C19770	KEGG:C19770	EQ	eQuilibrator:MNXM1490	KEGG:C19770@Charged	eQuilibrator:MNXM1490
cpd21017	KEGG:C19772@Charged;ChEBI:61254	KEGG:C19772@Charged;ChEBI:61254	KEGG:C19772@Charged;ChEBI:61254	KEGG:C19772@Charged;ChEBI:61254	KEGG:C19772	KEGG:C19772	EQ	eQuilibrator:MNXM5615	KEGG:C19772@Charged	eQuilibrator:MNXM5615
cpd21018	KEGG:C19773;ChEBI:61663	KEGG:C19773;ChEBI:61663	KEGG:C19773;ChEBI:61663	KEGG:C19773;ChEBI:61663	KEGG:C19773	KEGG:C19773	EQ	eQuilibrator:MNXM4325	KEGG:C19773@Charged	eQuilibrator:MNXM4325
cpd21019	KEGG:C19774@Charged;ChEBI:61665	KEGG:C19774@Charged;ChEBI:61665	KEGG:C19774@Charged;ChEBI:61665	KEGG:C19774@Charged;ChEBI:61665	KEGG:C19774	KEGG:C19774	GC	KEGG:C19774@Charged	KEGG:C19774@Charged	eQuilibrator:MNXM4991
cpd21020	MetaCyc:CPD-12716;KEGG:C19775@Charged;ChEBI:61623	MetaCyc:CPD-12716;KEGG:C19775@Charged;ChEBI:61623	MetaCyc:CPD-12716;KEGG:C19775@Charged;ChEBI:61623	MetaCyc:CPD-12716;KEGG:C19775@Charged;ChEBI:61623	KEGG:C19775	KEGG:C19775	GC	KEGG:C19775@Charged	KEGG:C19775@Charged	eQuilibrator:MNXM5161
cpd21021	KEGG:C19776@Charged	KEGG:C19776@Charged		KEGG:C19776@Charged	KEGG:C19776	KEGG:C19776	GC	KEGG:C19776@Charged	KEGG:C19776@Charged	
cpd21022	MetaCyc:CPD-15554;KEGG:C19777@Charged;ChEBI:58633	MetaCyc:CPD-15554;KEGG:C19777@Charged;ChEBI:58633	MetaCyc:CPD-15554;KEGG:C19777@Charged;ChEBI:58633	MetaCyc:CPD-15554;KEGG:C19777@Charged;ChEBI:58633		KEGG:C19777	EQ	eQuilibrator:MNXM114698	MetaCyc:CPD-15554@Charged	eQuilibrator:MNXM114698
cpd21023	MetaCyc:CPD-11625;KEGG:C19778@Charged;ChEBI:58916	MetaCyc:CPD-11625;KEGG:C19778@Charged;ChEBI:58916	MetaCyc:CPD-11625;KEGG:C19778@Charged;ChEBI:58916	MetaCyc:CPD-11625;KEGG:C19778@Charged;ChEBI:58916	KEGG:C19778	KEGG:C19778	EQ	eQuilibrator:MNXM4931	KEGG:C19778@Charged	eQuilibrator:MNXM4931
cpd21024	MetaCyc:CPD-8981;KEGG:C19779@Charged;ChEBI:58918	MetaCyc:CPD-8981;KEGG:C19779@Charged;ChEBI:58918	MetaCyc:CPD-8981;KEGG:C19779@Charged;ChEBI:58918	MetaCyc:CPD-8981;KEGG:C19779@Charged;ChEBI:58918	KEGG:C19779	KEGG:C19779	EQ	eQuilibrator:MNXM5067	MetaCyc:CPD-8981@Charged	eQuilibrator:MNXM5067
cpd21025	MetaCyc:CPD-11622;KEGG:C19780;ChEBI:58917	MetaCyc:CPD-11622;KEGG:C19780;ChEBI:58917	MetaCyc:CPD-11622;KEGG:C19780;ChEBI:58917	MetaCyc:CPD-11622;KEGG:C19780@Charged;ChEBI:58917	KEGG:C19780	KEGG:C19780	EQ	eQuilibrator:MNXM3130	MetaCyc:CPD-11622@Charged	eQuilibrator:MNXM3130
cpd21026	MetaCyc:CPD-11621;KEGG:C19781@Charged;ChEBI:58495	MetaCyc:CPD-11621;KEGG:C19781@Charged;ChEBI:58495	MetaCyc:CPD-11621;KEGG:C19781@Charged;ChEBI:58495	MetaCyc:CPD-11621;KEGG:C19781@Charged;ChEBI:58495	KEGG:C19781	KEGG:C19781	EQ	eQuilibrator:MNXM4913	KEGG:C19781@Charged	eQuilibrator:MNXM4913
cpd21027	MetaCyc:CPD-11624;KEGG:C19782@Charged;ChEBI:58919	MetaCyc:CPD-11624;KEGG:C19782@Charged;ChEBI:58919	MetaCyc:CPD-11624;KEGG:C19782@Charged;ChEBI:58919	MetaCyc:CPD-11624;KEGG:C19782@Charged;ChEBI:58919	KEGG:C19782	KEGG:C19782	EQ	eQuilibrator:MNXM6022	MetaCyc:CPD-11624@Charged	eQuilibrator:MNXM6022
cpd21028	MetaCyc:CPD-11623;KEGG:C19783;ChEBI:58920	MetaCyc:CPD-11623;KEGG:C19783;ChEBI:58920	MetaCyc:CPD-11623;KEGG:C19783;ChEBI:58920	MetaCyc:CPD-11623@Charged;KEGG:C19783@Charged;ChEBI:58920	KEGG:C19783	KEGG:C19783	EQ	eQuilibrator:MNXM6023	MetaCyc:CPD-11623@Charged	eQuilibrator:MNXM6023
cpd21029	MetaCyc:CPD1G-1;KEGG:C19784;ChEBI:52442	MetaCyc:CPD1G-1;KEGG:C19784;ChEBI:52442	MetaCyc:CPD1G-1;KEGG:C19784;ChEBI:52442	MetaCyc:CPD1G-1;KEGG:C19784;ChEBI:52442	KEGG:C19784	KEGG:C19784	EQ	eQuilibrator:MNXM2062	MetaCyc:CPD1G-1@Charged	eQuilibrator:MNXM2062
cpd21030	KEGG:C19785@Charged;ChEBI:60822	KEGG:C19785@Charged;ChEBI:60822	KEGG:C19785@Charged;ChEBI:60822	KEGG:C19785@Charged;ChEBI:60822@Charged	KEGG:C19785	KEGG:C19785	GC	KEGG:C19785@Charged	KEGG:C19785@Charged	eQuilibrator:MNXM4832
cpd21031	KEGG:C19786@Charged;ChEBI:60838	KEGG:C19786@Charged;ChEBI:60838	KEGG:C19786@Charged;ChEBI:60838	KEGG:C19786@Charged;ChEBI:60838@Charged	KEGG:C19786	KEGG:C19786	GC	KEGG:C19786@Charged	KEGG:C19786@Charged	eQuilibrator:MNXM5301
cpd21032	MetaCyc:5-METHYLTHIOINOSINE;KEGG:C19787;ChEBI:48595	MetaCyc:5-METHYLTHIOINOSINE;KEGG:C19787;ChEBI:48595	MetaCyc:5-METHYLTHIOINOSINE;KEGG:C19787;ChEBI:48595	MetaCyc:5-METHYLTHIOINOSINE;KEGG:C19787;ChEBI:48595@Charged	KEGG:C19787	KEGG:C19787	EQ	eQuilibrator:MNXM2620	KEGG:C19787@Charged	eQuilibrator:MNXM2620
cpd21033	MetaCyc:CPD-12695;KEGG:C19788@Charged;ChEBI:61267	MetaCyc:CPD-12695;KEGG:C19788@Charged;ChEBI:61267	MetaCyc:CPD-12695;KEGG:C19788@Charged;ChEBI:61267	MetaCyc:CPD-12695;KEGG:C19788@Charged;ChEBI:61267	KEGG:C19788	KEGG:C19788	GC	MetaCyc:CPD-12695@Charged	MetaCyc:CPD-12695@Charged	eQuilibrator:MNXM5018
cpd21034	MetaCyc:CPD-12696;KEGG:C19789@Charged;ChEBI:61268	MetaCyc:CPD-12696;KEGG:C19789@Charged;ChEBI:61268	MetaCyc:CPD-12696;KEGG:C19789@Charged;ChEBI:61268	MetaCyc:CPD-12696;KEGG:C19789@Charged;ChEBI:61268	KEGG:C19789	KEGG:C19789	GC	MetaCyc:CPD-12696@Charged	MetaCyc:CPD-12696@Charged	
cpd21035	MetaCyc:Red-NADPH-Hemoprotein-Reductases@Charged;KEGG:C19790@Charged	MetaCyc:Red-NADPH-Hemoprotein-Reductases@Charged;KEGG:C19790@Charged		MetaCyc:Red-NADPH-Hemoprotein-Reductases@Charged;KEGG:C19790@Charged	KEGG:C19790	KEGG:C19790	GC	MetaCyc:Red-NADPH-Hemoprotein-Reductases@Charged	MetaCyc:Red-NADPH-Hemoprotein-Reductases@Charged	
cpd21036	MetaCyc:CPD-9189;KEGG:C19791@Charged;ChEBI:62600	MetaCyc:CPD-9189;KEGG:C19791@Charged;ChEBI:62600	MetaCyc:CPD-9189;KEGG:C19791@Charged;ChEBI:62600	MetaCyc:CPD-9189;KEGG:C19791@Charged;ChEBI:62600	KEGG:C19791	KEGG:C19791	EQ	eQuilibrator:MNXM1033	KEGG:C19791@Charged	eQuilibrator:MNXM1033
cpd21037	MetaCyc:CPD-9190;KEGG:C19792@Charged;ChEBI:62510	MetaCyc:CPD-9190;KEGG:C19792@Charged;ChEBI:62510	MetaCyc:CPD-9190;KEGG:C19792@Charged;ChEBI:62510	MetaCyc:CPD-9190;KEGG:C19792@Charged;ChEBI:62510	KEGG:C19792	KEGG:C19792	GC	MetaCyc:CPD-9190@Charged	MetaCyc:CPD-9190@Charged	eQuilibrator:MNXM2070
cpd21038	KEGG:C19793@Charged;ChEBI:62602	KEGG:C19793@Charged;ChEBI:62602	KEGG:C19793@Charged;ChEBI:62602	KEGG:C19793@Charged;ChEBI:62602	KEGG:C19793	KEGG:C19793	EQ	eQuilibrator:MNXM3818	KEGG:C19793@Charged	eQuilibrator:MNXM3818
cpd21039	MetaCyc:CPD-12855;KEGG:C19794@Charged;ChEBI:62573	MetaCyc:CPD-12855;KEGG:C19794@Charged;ChEBI:62573	MetaCyc:CPD-12855;KEGG:C19794@Charged;ChEBI:62573	MetaCyc:CPD-12855;KEGG:C19794@Charged;ChEBI:62573	KEGG:C19794	KEGG:C19794	EQ	eQuilibrator:MNXM2648	MetaCyc:CPD-12855@Charged	eQuilibrator:MNXM2648
cpd21040	MetaCyc:CPD-8011@Charged	MetaCyc:CPD-8011@Charged	MetaCyc:CPD-8011@Charged	MetaCyc:CPD-8011@Charged	KEGG:C19796	KEGG:C19796	GC	MetaCyc:CPD-8011@Charged	MetaCyc:CPD-8011@Charged	
cpd21041	MetaCyc:CPD-13149;KEGG:C19797;ChEBI:62449	MetaCyc:CPD-13149;KEGG:C19797;ChEBI:62449	MetaCyc:CPD-13149;KEGG:C19797;ChEBI:62449	MetaCyc:CPD-13149;KEGG:C19797;ChEBI:62449			EQ	eQuilibrator:MNXM1810	KEGG:C19797@Charged	eQuilibrator:MNXM1810
cpd21042	MetaCyc:CPD-13150;KEGG:C19798;ChEBI:62450	MetaCyc:CPD-13150;KEGG:C19798;ChEBI:62450	MetaCyc:CPD-13150;KEGG:C19798;ChEBI:62450	MetaCyc:CPD-13150;KEGG:C19798;ChEBI:62450		KEGG:C19798	EQ	eQuilibrator:MNXM4352	KEGG:C19798@Charged	eQuilibrator:MNXM4352
cpd21043	MetaCyc:CPD-12856;KEGG:C19799@Charged;ChEBI:62576	MetaCyc:CPD-12856;KEGG:C19799@Charged;ChEBI:62576	MetaCyc:CPD-12856;KEGG:C19799@Charged;ChEBI:62576	MetaCyc:CPD-12856;KEGG:C19799@Charged;ChEBI:62576	KEGG:C19799	KEGG:C19799	GC	MetaCyc:CPD-12856@Charged	MetaCyc:CPD-12856@Charged	eQuilibrator:MNXM5076
cpd21044	MetaCyc:CPD-13113;KEGG:C19800;ChEBI:62527	MetaCyc:CPD-13113;KEGG:C19800;ChEBI:62527	MetaCyc:CPD-13113;KEGG:C19800;ChEBI:62527	MetaCyc:CPD-13113;KEGG:C19800;ChEBI:62527	KEGG:C19800	KEGG:C19800	EQ	eQuilibrator:MNXM4917	KEGG:C19800@Charged	eQuilibrator:MNXM4917
cpd21045	MetaCyc:CPD-13050;ChEBI:62262	MetaCyc:CPD-13050;ChEBI:62262	MetaCyc:CPD-13050;ChEBI:62262	MetaCyc:CPD-13050;ChEBI:62262	KEGG:C19801	KEGG:C19801	GC	MetaCyc:CPD-13050@Charged	MetaCyc:CPD-13050@Charged	eQuilibrator:MNXM5191
cpd21046	KEGG:C19802	KEGG:C19802		KEGG:C19802	KEGG:C19802	KEGG:C19802	GC	KEGG:C19802@Charged	KEGG:C19802@Charged	
cpd21047	KEGG:C19803	KEGG:C19803		KEGG:C19803	KEGG:C19803	KEGG:C19803	GC	KEGG:C19803@Charged	KEGG:C19803@Charged	
cpd21048	KEGG:C19804	KEGG:C19804		KEGG:C19804	KEGG:C19804	KEGG:C19804	GC	KEGG:C19804@Charged	KEGG:C19804@Charged	
cpd21049	MetaCyc:CPD-13182;KEGG:C19805@Charged;ChEBI:62526	MetaCyc:CPD-13182;KEGG:C19805@Charged;ChEBI:62526	MetaCyc:CPD-13182;KEGG:C19805@Charged;ChEBI:62526	MetaCyc:CPD-13182;KEGG:C19805@Charged;ChEBI:62526	KEGG:C19805	KEGG:C19805	EQ	eQuilibrator:MNXM4173	MetaCyc:CPD-13182@Charged	eQuilibrator:MNXM4173
cpd21050	MetaCyc:CPD-12573;KEGG:C19807@Charged;ChEBI:60020	MetaCyc:CPD-12573;KEGG:C19807@Charged;ChEBI:60020	MetaCyc:CPD-12573;KEGG:C19807@Charged;ChEBI:60020	MetaCyc:CPD-12573;KEGG:C19807@Charged;ChEBI:60020	KEGG:C19807	KEGG:C19807	GC	MetaCyc:CPD-12573@Charged	MetaCyc:CPD-12573@Charged	eQuilibrator:MNXM2478
cpd21051	KEGG:C19808	KEGG:C19808	KEGG:C19808	KEGG:C19808	KEGG:C19808	KEGG:C19808	EQ	eQuilibrator:MNXM55216	KEGG:C19808@Charged	eQuilibrator:MNXM55216
cpd21052	KEGG:C19809@Charged	KEGG:C19809@Charged	KEGG:C19809@Charged	KEGG:C19809@Charged	KEGG:C19809	KEGG:C19809	EQ	eQuilibrator:MNXM8458	KEGG:C19809@Charged	eQuilibrator:MNXM8458
cpd21053	MetaCyc:CPD-9919;KEGG:C19810;ChEBI:50064	MetaCyc:CPD-9919;KEGG:C19810;ChEBI:50064	MetaCyc:CPD-9919;KEGG:C19810;ChEBI:50064	MetaCyc:CPD-9919;KEGG:C19810;ChEBI:50064			GC	MetaCyc:CPD-9919@Charged	MetaCyc:CPD-9919@Charged	eQuilibrator:MNXM5149
cpd21054	KEGG:C19811	KEGG:C19811		KEGG:C19811	KEGG:C19811	KEGG:C19811	GC	KEGG:C19811@Charged	KEGG:C19811@Charged	
cpd21055	KEGG:C19812	KEGG:C19812		KEGG:C19812		KEGG:C19812	GC	KEGG:C19812@Charged	KEGG:C19812@Charged	
cpd21056	MetaCyc:CPD-12738;KEGG:C19813@Charged;ChEBI:60898	MetaCyc:CPD-12738;KEGG:C19813@Charged;ChEBI:60898	MetaCyc:CPD-12738;KEGG:C19813@Charged;ChEBI:60898	MetaCyc:CPD-12738;KEGG:C19813@Charged;ChEBI:60898	KEGG:C19813	KEGG:C19813	EQ	eQuilibrator:MNXM2574	MetaCyc:CPD-12738@Charged	eQuilibrator:MNXM2574
cpd21057	MetaCyc:CPD-10114;KEGG:C19814;ChEBI:50302	MetaCyc:CPD-10114;KEGG:C19814;ChEBI:50302	MetaCyc:CPD-10114;KEGG:C19814;ChEBI:50302	MetaCyc:CPD-10114;KEGG:C19814;ChEBI:50302			GC	MetaCyc:CPD-10114@Charged	MetaCyc:CPD-10114@Charged	eQuilibrator:MNXM4838
cpd21058	MetaCyc:CPD-10113@Charged;KEGG:C19815@Charged;ChEBI:58821@Charged	MetaCyc:CPD-10113@Charged;KEGG:C19815@Charged;ChEBI:58821@Charged	MetaCyc:CPD-10113@Charged;KEGG:C19815@Charged;ChEBI:58821@Charged	MetaCyc:CPD-10113@Charged;KEGG:C19815@Charged;ChEBI:58821@Charged	KEGG:C19815		GC	KEGG:C19815@Charged	KEGG:C19815@Charged	eQuilibrator:MNXM2736
cpd21059	MetaCyc:CPD-11424;KEGG:C19816;ChEBI:52461	MetaCyc:CPD-11424;KEGG:C19816;ChEBI:52461	MetaCyc:CPD-11424;KEGG:C19816;ChEBI:52461	MetaCyc:CPD-11424;KEGG:C19816;ChEBI:52461			GC	MetaCyc:CPD-11424@Charged	MetaCyc:CPD-11424@Charged	eQuilibrator:MNXM5147
cpd21060	MetaCyc:CPD-11669	MetaCyc:CPD-11669	MetaCyc:CPD-11669	MetaCyc:CPD-11669	KEGG:C19817	KEGG:C19817	GC	MetaCyc:CPD-11669@Charged	MetaCyc:CPD-11669@Charged	
cpd21061	KEGG:C19818;ChEBI:48741	KEGG:C19818;ChEBI:48741	KEGG:C19818;ChEBI:48741	KEGG:C19818;ChEBI:48741			EQ	eQuilibrator:MNXM1958	KEGG:C19818@Charged	eQuilibrator:MNXM1958
cpd21062	MetaCyc:CPD-11541;ChEBI:62456	MetaCyc:CPD-11541;ChEBI:62456	MetaCyc:CPD-11541;ChEBI:62456	MetaCyc:CPD-11541;ChEBI:62456	KEGG:C19819	KEGG:C19819	GC	MetaCyc:CPD-11541@Charged	MetaCyc:CPD-11541@Charged	eQuilibrator:MNXM5105
cpd21063	MetaCyc:CPD-13283	MetaCyc:CPD-13283	MetaCyc:CPD-13283	MetaCyc:CPD-13283	KEGG:C19820	KEGG:C19820	GC	MetaCyc:CPD-13283@Charged	MetaCyc:CPD-13283@Charged	
cpd21064	MetaCyc:CPD-9435;KEGG:C19821;ChEBI:51835	MetaCyc:CPD-9435;KEGG:C19821;ChEBI:51835	MetaCyc:CPD-9435;KEGG:C19821;ChEBI:51835	MetaCyc:CPD-9435;KEGG:C19821;ChEBI:51835	KEGG:C19821	KEGG:C19821	EQ	eQuilibrator:MNXM2837	KEGG:C19821@Charged	eQuilibrator:MNXM2837
cpd21065	MetaCyc:CPD-9432@Charged;KEGG:C19822@Charged;ChEBI:50070@Charged	MetaCyc:CPD-9432@Charged;KEGG:C19822@Charged;ChEBI:50070@Charged	MetaCyc:CPD-9432@Charged;KEGG:C19822@Charged;ChEBI:50070@Charged	MetaCyc:CPD-9432@Charged;KEGG:C19822@Charged;ChEBI:50070@Charged	KEGG:C19822	KEGG:C19822	EQ		MetaCyc:CPD-9432@Charged	
cpd21066	MetaCyc:CPD-10750;KEGG:C19823@Charged;ChEBI:60101	MetaCyc:CPD-10750;KEGG:C19823@Charged;ChEBI:60101	MetaCyc:CPD-10750;KEGG:C19823@Charged;ChEBI:60101	MetaCyc:CPD-10750;KEGG:C19823@Charged;ChEBI:60101	KEGG:C19823	KEGG:C19823	EQ	eQuilibrator:MNXM1784	KEGG:C19823@Charged	eQuilibrator:MNXM1784
cpd21067	KEGG:C19824;ChEBI:86339	KEGG:C19824;ChEBI:86339		KEGG:C19824;ChEBI:86339	KEGG:C19824	KEGG:C19824	GC	KEGG:C19824@Charged	KEGG:C19824@Charged	
cpd21068	KEGG:C19825;ChEBI:86340	KEGG:C19825;ChEBI:86340		KEGG:C19825;ChEBI:86340	KEGG:C19825	KEGG:C19825	GC	KEGG:C19825@Charged	KEGG:C19825@Charged	
cpd21069	MetaCyc:CPD-9433;KEGG:C19826;ChEBI:50071	MetaCyc:CPD-9433;KEGG:C19826;ChEBI:50071	MetaCyc:CPD-9433;KEGG:C19826;ChEBI:50071	MetaCyc:CPD-9433;KEGG:C19826;ChEBI:50071	KEGG:C19826	KEGG:C19826	EQ	eQuilibrator:MNXM162524	MetaCyc:CPD-9433@Charged	eQuilibrator:MNXM162524
cpd21070	MetaCyc:CPD-8679;KEGG:C19827@Charged;ChEBI:60957	MetaCyc:CPD-8679;KEGG:C19827@Charged;ChEBI:60957	MetaCyc:CPD-8679;KEGG:C19827@Charged;ChEBI:60957	MetaCyc:CPD-8679;KEGG:C19827@Charged;ChEBI:60957	KEGG:C19827	KEGG:C19827	EQ	eQuilibrator:MNXM5100	MetaCyc:CPD-8679@Charged	eQuilibrator:MNXM5100
cpd21071	MetaCyc:CPD-10307;KEGG:C19828;ChEBI:62417	MetaCyc:CPD-10307;KEGG:C19828;ChEBI:62417	MetaCyc:CPD-10307;KEGG:C19828;ChEBI:62417	MetaCyc:CPD-10307;KEGG:C19828;ChEBI:62417	KEGG:C19828	KEGG:C19828	GC	MetaCyc:CPD-10307@Charged	MetaCyc:CPD-10307@Charged	eQuilibrator:MNXM5062
cpd21072	MetaCyc:CPD-9240;KEGG:C19829;ChEBI:62416	MetaCyc:CPD-9240;KEGG:C19829;ChEBI:62416	MetaCyc:CPD-9240;KEGG:C19829;ChEBI:62416	MetaCyc:CPD-9240;KEGG:C19829;ChEBI:62416	KEGG:C19829	KEGG:C19829	GC	MetaCyc:CPD-9240@Charged	MetaCyc:CPD-9240@Charged	eQuilibrator:MNXM4560
cpd21073	MetaCyc:CPD-9521;KEGG:C19831;ChEBI:60862	MetaCyc:CPD-9521;KEGG:C19831;ChEBI:60862	MetaCyc:CPD-9521;KEGG:C19831;ChEBI:60862	MetaCyc:CPD-9521;KEGG:C19831@Charged;ChEBI:60862	KEGG:C19831	KEGG:C19831	EQ	eQuilibrator:MNXM4158	KEGG:C19831@Charged	eQuilibrator:MNXM4158
cpd21074	MetaCyc:CPD-10263;ChEBI:52317	MetaCyc:CPD-10263;ChEBI:52317	MetaCyc:CPD-10263;ChEBI:52317	MetaCyc:CPD-10263;ChEBI:52317	KEGG:C19832	KEGG:C19832	GC	MetaCyc:CPD-10263@Charged	MetaCyc:CPD-10263@Charged	eQuilibrator:MNXM4843
cpd21075	MetaCyc:GERMANICOL;KEGG:C19833;ChEBI:62455	MetaCyc:GERMANICOL;KEGG:C19833;ChEBI:62455	MetaCyc:GERMANICOL;KEGG:C19833;ChEBI:62455	MetaCyc:GERMANICOL;KEGG:C19833;ChEBI:62455	KEGG:C19833	KEGG:C19833	GC	KEGG:C19833@Charged	KEGG:C19833@Charged	eQuilibrator:MNXM5168
cpd21076	MetaCyc:CPD-10642;KEGG:C19834;ChEBI:62447	MetaCyc:CPD-10642;KEGG:C19834;ChEBI:62447	MetaCyc:CPD-10642;KEGG:C19834;ChEBI:62447	MetaCyc:CPD-10642;KEGG:C19834;ChEBI:62447			GC	KEGG:C19834@Charged	KEGG:C19834@Charged	eQuilibrator:MNXM5706
cpd21077	MetaCyc:CPD-13285;KEGG:C19835;ChEBI:62452	MetaCyc:CPD-13285;KEGG:C19835;ChEBI:62452	MetaCyc:CPD-13285;KEGG:C19835;ChEBI:62452	MetaCyc:CPD-13285;KEGG:C19835;ChEBI:62452	KEGG:C19835	KEGG:C19835	EQ	eQuilibrator:MNXM5651	KEGG:C19835@Charged	eQuilibrator:MNXM5651
cpd21078	MetaCyc:CPD-10116@Charged;KEGG:C19836@Charged;ChEBI:58822@Charged	MetaCyc:CPD-10116@Charged;KEGG:C19836@Charged;ChEBI:58822@Charged	MetaCyc:CPD-10116@Charged;KEGG:C19836@Charged;ChEBI:58822@Charged	MetaCyc:CPD-10116@Charged;KEGG:C19836@Charged;ChEBI:58822@Charged	KEGG:C19836		GC	MetaCyc:CPD-10116@Charged	MetaCyc:CPD-10116@Charged	eQuilibrator:MNXM1687
cpd21079	MetaCyc:CPD-13135;KEGG:C19837@Charged;ChEBI:62448	MetaCyc:CPD-13135;KEGG:C19837@Charged;ChEBI:62448	MetaCyc:CPD-13135;KEGG:C19837@Charged;ChEBI:62448	MetaCyc:CPD-13135;KEGG:C19837@Charged;ChEBI:62448	KEGG:C19837		EQ	eQuilibrator:MNXM4016	KEGG:C19837@Charged	eQuilibrator:MNXM4016
cpd21080	MetaCyc:CPD-12739;KEGG:C19838@Charged;ChEBI:60894	MetaCyc:CPD-12739;KEGG:C19838@Charged;ChEBI:60894	MetaCyc:CPD-12739;KEGG:C19838@Charged;ChEBI:60894	MetaCyc:CPD-12739;KEGG:C19838@Charged;ChEBI:60894	KEGG:C19838	KEGG:C19838	EQ	eQuilibrator:MNXM5371	KEGG:C19838@Charged	eQuilibrator:MNXM5371
cpd21081	MetaCyc:CPD-9912;KEGG:C19839;ChEBI:79065	MetaCyc:CPD-9912;KEGG:C19839;ChEBI:79065	MetaCyc:CPD-9912;KEGG:C19839;ChEBI:79065	MetaCyc:CPD-9912;KEGG:C19839;ChEBI:79065		KEGG:C19839	EQ	eQuilibrator:MNXM6856	KEGG:C19839@Charged	eQuilibrator:MNXM6856
cpd21082	MetaCyc:CPD-9908;KEGG:C19840;ChEBI:62740	MetaCyc:CPD-9908;KEGG:C19840;ChEBI:62740	MetaCyc:CPD-9908;KEGG:C19840;ChEBI:62740	MetaCyc:CPD-9908;KEGG:C19840;ChEBI:62740			EQ	eQuilibrator:MNXM2632	KEGG:C19840@Charged	eQuilibrator:MNXM2632
cpd21083	MetaCyc:CPD-9910;KEGG:C19841;ChEBI:62742	MetaCyc:CPD-9910;KEGG:C19841;ChEBI:62742	MetaCyc:CPD-9910;KEGG:C19841;ChEBI:62742	MetaCyc:CPD-9910;KEGG:C19841;ChEBI:62742			EQ	eQuilibrator:MNXM2631	MetaCyc:CPD-9910@Charged	eQuilibrator:MNXM2631
cpd21084					KEGG:C19842	KEGG:C19842				
cpd21085	MetaCyc:CPD-14415;KEGG:C19843;ChEBI:137991	MetaCyc:CPD-14415;KEGG:C19843;ChEBI:137991	MetaCyc:CPD-14415;KEGG:C19843;ChEBI:137991	MetaCyc:CPD-14415;KEGG:C19843@Charged;ChEBI:137991	KEGG:C19843	KEGG:C19843	EQ	eQuilibrator:MNXM8339	KEGG:C19843@Charged	eQuilibrator:MNXM8339
cpd21086	MetaCyc:CPD-13114;KEGG:C19844@Charged;ChEBI:62531	MetaCyc:CPD-13114;KEGG:C19844@Charged;ChEBI:62531	MetaCyc:CPD-13114;KEGG:C19844@Charged;ChEBI:62531	MetaCyc:CPD-13114;KEGG:C19844@Charged;ChEBI:62531	KEGG:C19844		EQ	eQuilibrator:MNXM4909	KEGG:C19844@Charged	eQuilibrator:MNXM4909
cpd21087	Override:ACPs	Override:ACPs			KEGG:C19845	KEGG:C19845				
cpd21088	Override:ACPs	Override:ACPs				KEGG:C19846				
cpd21089					KEGG:C19847	KEGG:C19847				
cpd21090	MetaCyc:CPD-8122@Charged;KEGG:C19848@Charged;ChEBI:62727@Charged	MetaCyc:CPD-8122@Charged;KEGG:C19848@Charged;ChEBI:62727@Charged	MetaCyc:CPD-8122@Charged;KEGG:C19848@Charged;ChEBI:62727@Charged	MetaCyc:CPD-8122@Charged;KEGG:C19848@Charged;ChEBI:62727@Charged	KEGG:C19848	KEGG:C19848	GC	MetaCyc:CPD-8122@Charged	MetaCyc:CPD-8122@Charged	
cpd21091										
cpd21092	KEGG:C19850@Charged	KEGG:C19850@Charged	KEGG:C19850@Charged	KEGG:C19850@Charged	KEGG:C19850	KEGG:C19850	GC	KEGG:C19850@Charged	KEGG:C19850@Charged	
cpd21093	KEGG:C19851@Charged;ChEBI:76596	KEGG:C19851@Charged;ChEBI:76596	KEGG:C19851@Charged;ChEBI:76596	KEGG:C19851@Charged;ChEBI:76596	KEGG:C19851	KEGG:C19851	GC	KEGG:C19851@Charged	KEGG:C19851@Charged	eQuilibrator:MNXM6154
cpd21094	MetaCyc:CPD-12461@Charged;KEGG:C19852@Charged;ChEBI:60388@Charged	MetaCyc:CPD-12461@Charged;KEGG:C19852@Charged;ChEBI:60388@Charged	MetaCyc:CPD-12461@Charged;KEGG:C19852@Charged;ChEBI:60388@Charged	MetaCyc:CPD-12461@Charged;KEGG:C19852@Charged;ChEBI:60388@Charged	KEGG:C19852		EQ	eQuilibrator:MNXM5314	KEGG:C19852@Charged	eQuilibrator:MNXM5314
cpd21095					KEGG:C19853					
cpd21096	KEGG:C19854@Charged;ChEBI:61227	KEGG:C19854@Charged;ChEBI:61227	KEGG:C19854@Charged;ChEBI:61227	KEGG:C19854@Charged;ChEBI:61227	KEGG:C19854	KEGG:C19854	EQ	eQuilibrator:MNXM2980	KEGG:C19854@Charged	eQuilibrator:MNXM2980
cpd21097	KEGG:C19855@Charged;ChEBI:61252	KEGG:C19855@Charged;ChEBI:61252	KEGG:C19855@Charged;ChEBI:61252	KEGG:C19855@Charged;ChEBI:61252	KEGG:C19855	KEGG:C19855	EQ	eQuilibrator:MNXM2971	KEGG:C19855@Charged	eQuilibrator:MNXM2971
cpd21098	KEGG:C19856@Charged;ChEBI:61247	KEGG:C19856@Charged;ChEBI:61247	KEGG:C19856@Charged;ChEBI:61247	KEGG:C19856@Charged;ChEBI:61247	KEGG:C19856	KEGG:C19856	EQ	eQuilibrator:MNXM5639	KEGG:C19856@Charged	eQuilibrator:MNXM5639
cpd21099	KEGG:C19857@Charged;ChEBI:61230	KEGG:C19857@Charged;ChEBI:61230	KEGG:C19857@Charged;ChEBI:61230	KEGG:C19857@Charged;ChEBI:61230	KEGG:C19857	KEGG:C19857	GC	KEGG:C19857@Charged	KEGG:C19857@Charged	eQuilibrator:MNXM3223
cpd21100					KEGG:C19858	KEGG:C19858				
cpd21101					KEGG:C19859	KEGG:C19859				
cpd21102										
cpd21103										
cpd21104	MetaCyc:CPD-6951;KEGG:C19863;ChEBI:62735	MetaCyc:CPD-6951;KEGG:C19863;ChEBI:62735	MetaCyc:CPD-6951;KEGG:C19863;ChEBI:62735	MetaCyc:CPD-6951;KEGG:C19863;ChEBI:62735	KEGG:C19863	KEGG:C19863	GC	KEGG:C19863@Charged	KEGG:C19863@Charged	eQuilibrator:MNXM5814
cpd21105	MetaCyc:CPD-13112;KEGG:C19864;ChEBI:62523	MetaCyc:CPD-13112;KEGG:C19864;ChEBI:62523	MetaCyc:CPD-13112;KEGG:C19864;ChEBI:62523	MetaCyc:CPD-13112;KEGG:C19864;ChEBI:62523		KEGG:C19864	EQ	eQuilibrator:MNXM4896	MetaCyc:CPD-13112@Charged	eQuilibrator:MNXM4896
cpd21106	MetaCyc:CPD-13254@Charged	MetaCyc:CPD-13254@Charged	MetaCyc:CPD-13254@Charged	MetaCyc:CPD-13254@Charged	KEGG:C19865	KEGG:C19865	GC	MetaCyc:CPD-13254@Charged	MetaCyc:CPD-13254@Charged	
cpd21107	KEGG:C19866	KEGG:C19866		KEGG:C19866	KEGG:C19866	KEGG:C19866	GC	KEGG:C19866@Charged	KEGG:C19866@Charged	
cpd21108	MetaCyc:CPD-8663;KEGG:C19867@Charged;ChEBI:62766	MetaCyc:CPD-8663;KEGG:C19867@Charged;ChEBI:62766	MetaCyc:CPD-8663;KEGG:C19867@Charged;ChEBI:62766	MetaCyc:CPD-8663;KEGG:C19867@Charged;ChEBI:62766	KEGG:C19867	KEGG:C19867	EQ	eQuilibrator:MNXM2503	KEGG:C19867@Charged	eQuilibrator:MNXM2503
cpd21109	MetaCyc:CPD-8667;KEGG:C19868;ChEBI:62768	MetaCyc:CPD-8667;KEGG:C19868;ChEBI:62768	MetaCyc:CPD-8667;KEGG:C19868;ChEBI:62768	MetaCyc:CPD-8667;KEGG:C19868;ChEBI:62768	KEGG:C19868	KEGG:C19868	EQ	eQuilibrator:MNXM4491	MetaCyc:CPD-8667@Charged	eQuilibrator:MNXM4491
cpd21110	MetaCyc:CPD-8664;KEGG:C19869@Charged;ChEBI:62770	MetaCyc:CPD-8664;KEGG:C19869@Charged;ChEBI:62770	MetaCyc:CPD-8664;KEGG:C19869@Charged;ChEBI:62770	MetaCyc:CPD-8664;KEGG:C19869@Charged;ChEBI:62770	KEGG:C19869	KEGG:C19869	EQ	eQuilibrator:MNXM4484	KEGG:C19869@Charged	eQuilibrator:MNXM4484
cpd21111	KEGG:C19870@Charged;ChEBI:62860	KEGG:C19870@Charged;ChEBI:62860	KEGG:C19870@Charged;ChEBI:62860	KEGG:C19870@Charged;ChEBI:62860	KEGG:C19870	KEGG:C19870	GC	KEGG:C19870@Charged	KEGG:C19870@Charged	eQuilibrator:MNXM6099
cpd21112	MetaCyc:CPD-13577;KEGG:C19872;ChEBI:85895	MetaCyc:CPD-13577;KEGG:C19872;ChEBI:85895	MetaCyc:CPD-13577;KEGG:C19872;ChEBI:85895	MetaCyc:CPD-13577;KEGG:C19872;ChEBI:85895	KEGG:C19872	KEGG:C19872	EQ	eQuilibrator:MNXM17827	KEGG:C19872@Charged	eQuilibrator:MNXM17827
cpd21113	MetaCyc:CPD-12500	MetaCyc:CPD-12500	MetaCyc:CPD-12500	MetaCyc:CPD-12500	KEGG:C19873	KEGG:C19873	GC	MetaCyc:CPD-12500@Charged	MetaCyc:CPD-12500@Charged	
cpd21114	MetaCyc:CPD-12501	MetaCyc:CPD-12501	MetaCyc:CPD-12501	MetaCyc:CPD-12501	KEGG:C19874	KEGG:C19874	GC	MetaCyc:CPD-12501@Charged	MetaCyc:CPD-12501@Charged	
cpd21115	MetaCyc:CPD-12281;KEGG:C19875@Charged;ChEBI:86234	MetaCyc:CPD-12281;KEGG:C19875@Charged;ChEBI:86234	MetaCyc:CPD-12281;KEGG:C19875@Charged;ChEBI:86234	MetaCyc:CPD-12281;KEGG:C19875@Charged;ChEBI:86234	KEGG:C19875	KEGG:C19875	EQ	eQuilibrator:MNXM4884	KEGG:C19875@Charged	eQuilibrator:MNXM4884
cpd21116	MetaCyc:CPD-12285;KEGG:C19876@Charged;ChEBI:86236	MetaCyc:CPD-12285;KEGG:C19876@Charged;ChEBI:86236	MetaCyc:CPD-12285;KEGG:C19876@Charged;ChEBI:86236	MetaCyc:CPD-12285;KEGG:C19876@Charged;ChEBI:86236	KEGG:C19876		EQ	eQuilibrator:MNXM7891	MetaCyc:CPD-12285@Charged	eQuilibrator:MNXM7891
cpd21117	MetaCyc:CPD-12286;KEGG:C19877@Charged;ChEBI:61589	MetaCyc:CPD-12286;KEGG:C19877@Charged;ChEBI:61589	MetaCyc:CPD-12286;KEGG:C19877@Charged;ChEBI:61589	MetaCyc:CPD-12286;KEGG:C19877@Charged;ChEBI:61589	KEGG:C19877	KEGG:C19877	EQ	eQuilibrator:MNXM5005	KEGG:C19877@Charged	eQuilibrator:MNXM5005
cpd21118	MetaCyc:CPD-12542;KEGG:C19878@Charged;ChEBI:60203	MetaCyc:CPD-12542;KEGG:C19878@Charged;ChEBI:60203	MetaCyc:CPD-12542;KEGG:C19878@Charged;ChEBI:60203	MetaCyc:CPD-12542;KEGG:C19878@Charged;ChEBI:60203	KEGG:C19878	KEGG:C19878	EQ	eQuilibrator:MNXM4551	MetaCyc:CPD-12542@Charged	eQuilibrator:MNXM4551
cpd21119	MetaCyc:CPD-12334;KEGG:C19879@Charged;ChEBI:60207	MetaCyc:CPD-12334;KEGG:C19879@Charged;ChEBI:60207	MetaCyc:CPD-12334;KEGG:C19879@Charged;ChEBI:60207	MetaCyc:CPD-12334;KEGG:C19879@Charged;ChEBI:60207	KEGG:C19879	KEGG:C19879	EQ	eQuilibrator:MNXM2656	KEGG:C19879@Charged	eQuilibrator:MNXM2656
cpd21120	MetaCyc:CPD-12335;KEGG:C19880@Charged;ChEBI:61574	MetaCyc:CPD-12335;KEGG:C19880@Charged;ChEBI:61574	MetaCyc:CPD-12335;KEGG:C19880@Charged;ChEBI:61574	MetaCyc:CPD-12335;KEGG:C19880@Charged;ChEBI:61574	KEGG:C19880	KEGG:C19880	EQ	eQuilibrator:MNXM2657	MetaCyc:CPD-12335@Charged	eQuilibrator:MNXM2657
cpd21121	MetaCyc:CPD-12336;KEGG:C19881@Charged;ChEBI:59971	MetaCyc:CPD-12336;KEGG:C19881@Charged;ChEBI:59971	MetaCyc:CPD-12336;KEGG:C19881@Charged;ChEBI:59971	MetaCyc:CPD-12336;KEGG:C19881@Charged;ChEBI:59971	KEGG:C19881	KEGG:C19881	GC	KEGG:C19881@Charged	KEGG:C19881@Charged	eQuilibrator:MNXM5166
cpd21122	KEGG:C19882@Charged	KEGG:C19882@Charged	KEGG:C19882@Charged	KEGG:C19882@Charged	KEGG:C19882	KEGG:C19882	GC	KEGG:C19882@Charged	KEGG:C19882@Charged	
cpd21123	MetaCyc:CPD-13352;KEGG:C19883@Charged	MetaCyc:CPD-13352;KEGG:C19883@Charged	MetaCyc:CPD-13352;KEGG:C19883@Charged	MetaCyc:CPD-13352;KEGG:C19883@Charged	KEGG:C19883	KEGG:C19883	GC	KEGG:C19883@Charged	KEGG:C19883@Charged	eQuilibrator:MNXM167307
cpd21124	MetaCyc:CPD-13350	MetaCyc:CPD-13350	MetaCyc:CPD-13350	MetaCyc:CPD-13350	KEGG:C19884	KEGG:C19884	GC	MetaCyc:CPD-13350@Charged	MetaCyc:CPD-13350@Charged	
cpd21125	MetaCyc:LysW-C-Terminal-L-Glutamate@Charged;MetaCyc:Pup-C-terminal-L-glutamate@Charged;KEGG:C19885@Charged;ChEBI:78525@Charged;Override:ACPs	MetaCyc:LysW-C-Terminal-L-Glutamate@Charged;MetaCyc:Pup-C-terminal-L-glutamate@Charged;KEGG:C19885@Charged;ChEBI:78525@Charged;Override:ACPs		MetaCyc:LysW-C-Terminal-L-Glutamate@Charged;MetaCyc:Pup-C-terminal-L-glutamate@Charged;KEGG:C19885@Charged;ChEBI:78525@Charged	KEGG:C19885	KEGG:C19885	GC	KEGG:C19885@Charged	KEGG:C19885@Charged	
cpd21126	MetaCyc:LysW-Alpha-Aminoadipate@Charged;KEGG:C19886@Charged;ChEBI:78503@Charged	MetaCyc:LysW-Alpha-Aminoadipate@Charged;KEGG:C19886@Charged;ChEBI:78503@Charged		MetaCyc:LysW-Alpha-Aminoadipate@Charged;KEGG:C19886@Charged;ChEBI:78503@Charged	KEGG:C19886	KEGG:C19886	GC	MetaCyc:LysW-Alpha-Aminoadipate@Charged	MetaCyc:LysW-Alpha-Aminoadipate@Charged	
cpd21127	MetaCyc:LysW-Alpha-Aminoadipate-Phosphate@Charged;KEGG:C19887@Charged;ChEBI:78499@Charged	MetaCyc:LysW-Alpha-Aminoadipate-Phosphate@Charged;KEGG:C19887@Charged;ChEBI:78499@Charged		MetaCyc:LysW-Alpha-Aminoadipate-Phosphate@Charged;KEGG:C19887@Charged;ChEBI:78499@Charged	KEGG:C19887	KEGG:C19887	GC	KEGG:C19887@Charged	KEGG:C19887@Charged	
cpd21128	MetaCyc:LysW-Alpha-Aminoadipate-Semialdehyde@Charged;KEGG:C19888@Charged;ChEBI:78501@Charged	MetaCyc:LysW-Alpha-Aminoadipate-Semialdehyde@Charged;KEGG:C19888@Charged;ChEBI:78501@Charged		MetaCyc:LysW-Alpha-Aminoadipate-Semialdehyde@Charged;KEGG:C19888@Charged;ChEBI:78501@Charged	KEGG:C19888	KEGG:C19888	GC	KEGG:C19888@Charged	KEGG:C19888@Charged	
cpd21129	MetaCyc:LysW-L-lysine@Charged;KEGG:C19889@Charged;ChEBI:78526@Charged	MetaCyc:LysW-L-lysine@Charged;KEGG:C19889@Charged;ChEBI:78526@Charged		MetaCyc:LysW-L-lysine@Charged;KEGG:C19889@Charged;ChEBI:78526@Charged	KEGG:C19889	KEGG:C19889	GC	KEGG:C19889@Charged	KEGG:C19889@Charged	
cpd21130	KEGG:C19890@Charged	KEGG:C19890@Charged	KEGG:C19890@Charged	KEGG:C19890@Charged	KEGG:C19890	KEGG:C19890	GC	KEGG:C19890@Charged	KEGG:C19890@Charged	eQuilibrator:MNXM10669
cpd21131	MetaCyc:CPD-8052;KEGG:C19891;ChEBI:27372	MetaCyc:CPD-8052;KEGG:C19891;ChEBI:27372	MetaCyc:CPD-8052;KEGG:C19891;ChEBI:27372	MetaCyc:CPD-8052;KEGG:C19891;ChEBI:27372	KEGG:C19891	KEGG:C19891	GC	MetaCyc:CPD-8052@Charged	MetaCyc:CPD-8052@Charged	
cpd21132	MetaCyc:CPD-12935;KEGG:C19892;ChEBI:53157	MetaCyc:CPD-12935;KEGG:C19892;ChEBI:53157	MetaCyc:CPD-12935;KEGG:C19892;ChEBI:53157	MetaCyc:CPD-12935;KEGG:C19892;ChEBI:53157		KEGG:C19892	EQ	eQuilibrator:MNXM2485	MetaCyc:CPD-12935@Charged	eQuilibrator:MNXM2485
cpd21133	MetaCyc:CPD-11433;KEGG:C19893;ChEBI:62514	MetaCyc:CPD-11433;KEGG:C19893;ChEBI:62514	MetaCyc:CPD-11433;KEGG:C19893;ChEBI:62514	MetaCyc:CPD-11433;KEGG:C19893;ChEBI:62514	KEGG:C19893	KEGG:C19893	GC	KEGG:C19893@Charged	KEGG:C19893@Charged	eQuilibrator:MNXM4947
cpd21134	MetaCyc:CPD-13714;KEGG:C19894;ChEBI:63065	MetaCyc:CPD-13714;KEGG:C19894;ChEBI:63065	MetaCyc:CPD-13714;KEGG:C19894;ChEBI:63065	MetaCyc:CPD-13714;KEGG:C19894;ChEBI:63065	KEGG:C19894	KEGG:C19894	EQ	eQuilibrator:MNXM4935	KEGG:C19894@Charged	eQuilibrator:MNXM4935
cpd21135	KEGG:C19895	KEGG:C19895	KEGG:C19895	KEGG:C19895	KEGG:C19895	KEGG:C19895	GC	KEGG:C19895@Charged	KEGG:C19895@Charged	
cpd21136	KEGG:C19897	KEGG:C19897	KEGG:C19897	KEGG:C19897@Charged	KEGG:C19897	KEGG:C19897	EQ		KEGG:C19897@Charged	
cpd21137	KEGG:C19898@Charged	KEGG:C19898@Charged	KEGG:C19898@Charged	KEGG:C19898@Charged	KEGG:C19898	KEGG:C19898	GC	KEGG:C19898@Charged	KEGG:C19898@Charged	
cpd21138	KEGG:C19899@Charged	KEGG:C19899@Charged	KEGG:C19899@Charged	KEGG:C19899@Charged	KEGG:C19899	KEGG:C19899	GC	KEGG:C19899@Charged	KEGG:C19899@Charged	eQuilibrator:MNXM51494
cpd21139	KEGG:C19900	KEGG:C19900	KEGG:C19900	KEGG:C19900	KEGG:C19900	KEGG:C19900	GC	KEGG:C19900@Charged	KEGG:C19900@Charged	eQuilibrator:MNXM33247
cpd21140	KEGG:C19901	KEGG:C19901	KEGG:C19901	KEGG:C19901	KEGG:C19901	KEGG:C19901	GC	KEGG:C19901@Charged	KEGG:C19901@Charged	
cpd21141	KEGG:C19902	KEGG:C19902	KEGG:C19902	KEGG:C19902	KEGG:C19902	KEGG:C19902	GC	KEGG:C19902@Charged	KEGG:C19902@Charged	eQuilibrator:MNXM47600
cpd21142	KEGG:C19903	KEGG:C19903	KEGG:C19903	KEGG:C19903	KEGG:C19903	KEGG:C19903	GC	KEGG:C19903@Charged	KEGG:C19903@Charged	eQuilibrator:MNXM59782
cpd21143	KEGG:C19904	KEGG:C19904	KEGG:C19904	KEGG:C19904	KEGG:C19904	KEGG:C19904	GC	KEGG:C19904@Charged	KEGG:C19904@Charged	eQuilibrator:MNXM59799
cpd21144	KEGG:C19905	KEGG:C19905	KEGG:C19905	KEGG:C19905		KEGG:C19905	EQ	eQuilibrator:MNXM51414	KEGG:C19905@Charged	eQuilibrator:MNXM51414
cpd21145										
cpd21146	MetaCyc:CPD-13300;KEGG:C19907;ChEBI:19203	MetaCyc:CPD-13300;KEGG:C19907;ChEBI:19203	MetaCyc:CPD-13300;KEGG:C19907;ChEBI:19203	MetaCyc:CPD-13300;KEGG:C19907;ChEBI:19203	KEGG:C19907		EQ	eQuilibrator:MNXM2597	MetaCyc:CPD-13300@Charged	eQuilibrator:MNXM2597
cpd21147	MetaCyc:CPD-8241;KEGG:C19908;ChEBI:61746	MetaCyc:CPD-8241;KEGG:C19908;ChEBI:61746	MetaCyc:CPD-8241;KEGG:C19908;ChEBI:61746	MetaCyc:CPD-8241;KEGG:C19908;ChEBI:61746			GC	KEGG:C19908@Charged	KEGG:C19908@Charged	eQuilibrator:MNXM5340
cpd21148	MetaCyc:CPD0-1122;KEGG:C19909@Charged;ChEBI:58770	MetaCyc:CPD0-1122;KEGG:C19909@Charged;ChEBI:58770	MetaCyc:CPD0-1122;KEGG:C19909@Charged;ChEBI:58770	MetaCyc:CPD0-1122;KEGG:C19909@Charged;ChEBI:58770	KEGG:C19909	KEGG:C19909	EQ	eQuilibrator:MNXM5833	KEGG:C19909@Charged	eQuilibrator:MNXM5833
cpd21149	MetaCyc:CPD0-1123;KEGG:C19910@Charged;ChEBI:58705	MetaCyc:CPD0-1123;KEGG:C19910@Charged;ChEBI:58705	MetaCyc:CPD0-1123;KEGG:C19910@Charged;ChEBI:58705	MetaCyc:CPD0-1123;KEGG:C19910@Charged;ChEBI:58705	KEGG:C19910	KEGG:C19910	GC	MetaCyc:CPD0-1123@Charged	MetaCyc:CPD0-1123@Charged	
cpd21150	MetaCyc:CPD-10189;KEGG:C19911@Charged;ChEBI:62745	MetaCyc:CPD-10189;KEGG:C19911@Charged;ChEBI:62745	MetaCyc:CPD-10189;KEGG:C19911@Charged;ChEBI:62745	MetaCyc:CPD-10189;KEGG:C19911@Charged;ChEBI:62745	KEGG:C19911	KEGG:C19911	EQ	eQuilibrator:MNXM5057	KEGG:C19911@Charged	eQuilibrator:MNXM5057
cpd21151	KEGG:C19912	KEGG:C19912		KEGG:C19912	KEGG:C19912	KEGG:C19912	GC	KEGG:C19912@Charged	KEGG:C19912@Charged	
cpd21152	KEGG:C19913@Charged;ChEBI:131894	KEGG:C19913@Charged;ChEBI:131894	KEGG:C19913@Charged;ChEBI:131894	KEGG:C19913@Charged;ChEBI:131894	KEGG:C19913	KEGG:C19913	EQ	eQuilibrator:MNXM75130	KEGG:C19913@Charged	eQuilibrator:MNXM75130
cpd21153	KEGG:C19914	KEGG:C19914	KEGG:C19914	KEGG:C19914@Charged	KEGG:C19914	KEGG:C19914	EQ	eQuilibrator:MNXM62833	KEGG:C19914@Charged	eQuilibrator:MNXM62833
cpd21154	MetaCyc:PYRAZINOIC-ACID;KEGG:C19915@Charged;ChEBI:71266	MetaCyc:PYRAZINOIC-ACID;KEGG:C19915@Charged;ChEBI:71266	MetaCyc:PYRAZINOIC-ACID;KEGG:C19915@Charged;ChEBI:71266	MetaCyc:PYRAZINOIC-ACID;KEGG:C19915@Charged;ChEBI:71266	KEGG:C19915	KEGG:C19915	EQ	eQuilibrator:MNXM12818	KEGG:C19915@Charged	eQuilibrator:MNXM12818
cpd21155	KEGG:C19916	KEGG:C19916	KEGG:C19916	KEGG:C19916			GC	KEGG:C19916@Charged	KEGG:C19916@Charged	eQuilibrator:MNXM55885
cpd21156	KEGG:C19917@Charged	KEGG:C19917@Charged	KEGG:C19917@Charged	KEGG:C19917@Charged		KEGG:C19917	GC	KEGG:C19917@Charged	KEGG:C19917@Charged	eQuilibrator:MNXM68937
cpd21157	MetaCyc:CPD-13879;KEGG:C19918;ChEBI:63460	MetaCyc:CPD-13879;KEGG:C19918;ChEBI:63460	MetaCyc:CPD-13879;KEGG:C19918;ChEBI:63460	MetaCyc:CPD-13879;KEGG:C19918;ChEBI:63460	KEGG:C19918	KEGG:C19918	GC	KEGG:C19918@Charged	KEGG:C19918@Charged	eQuilibrator:MNXM5254
cpd21158	KEGG:C19919	KEGG:C19919	KEGG:C19919	KEGG:C19919	KEGG:C19919	KEGG:C19919	EQ	eQuilibrator:MNXM81369	KEGG:C19919@Charged	eQuilibrator:MNXM81369
cpd21159	MetaCyc:CPD-20693;KEGG:C19920	MetaCyc:CPD-20693;KEGG:C19920	MetaCyc:CPD-20693;KEGG:C19920	MetaCyc:CPD-20693;KEGG:C19920	KEGG:C19920	KEGG:C19920	GC	KEGG:C19920@Charged	KEGG:C19920@Charged	
cpd21160	MetaCyc:CPD-20680;KEGG:C19921	MetaCyc:CPD-20680;KEGG:C19921	MetaCyc:CPD-20680;KEGG:C19921	MetaCyc:CPD-20680;KEGG:C19921	KEGG:C19921	KEGG:C19921	GC	KEGG:C19921@Charged	KEGG:C19921@Charged	
cpd21161										
cpd21162										
cpd21163										
cpd21164										
cpd21165										
cpd21166										
cpd21167	MetaCyc:CPD-582;ChEBI:71310	MetaCyc:CPD-582;ChEBI:71310	MetaCyc:CPD-582;ChEBI:71310	MetaCyc:CPD-582@Charged;ChEBI:71310@Charged	MetaCyc:CPD-582	MetaCyc:CPD-582	GC	MetaCyc:CPD-582@Charged	MetaCyc:CPD-582@Charged	
cpd21168	MetaCyc:CPD-19757;KEGG:C19929;ChEBI:77587	MetaCyc:CPD-19757;KEGG:C19929;ChEBI:77587	MetaCyc:CPD-19757;KEGG:C19929;ChEBI:77587	MetaCyc:CPD-19757;KEGG:C19929@Charged;ChEBI:77587	KEGG:C19929	KEGG:C19929	EQ	eQuilibrator:MNXM7567	MetaCyc:CPD-19757@Charged	eQuilibrator:MNXM7567
cpd21169	KEGG:C19930	KEGG:C19930	KEGG:C19930	KEGG:C19930			GC	KEGG:C19930@Charged	KEGG:C19930@Charged	
cpd21170	KEGG:C19931;ChEBI:63167	KEGG:C19931;ChEBI:63167	KEGG:C19931;ChEBI:63167	KEGG:C19931;ChEBI:63167	KEGG:C19931	KEGG:C19931	GC	KEGG:C19931@Charged	KEGG:C19931@Charged	
cpd21171	KEGG:C19932;ChEBI:63168	KEGG:C19932;ChEBI:63168	KEGG:C19932;ChEBI:63168	KEGG:C19932;ChEBI:63168	KEGG:C19932	KEGG:C19932	GC	KEGG:C19932@Charged	KEGG:C19932@Charged	
cpd21172	MetaCyc:CPD-13654;KEGG:C19933;ChEBI:38238	MetaCyc:CPD-13654;KEGG:C19933;ChEBI:38238	MetaCyc:CPD-13654;KEGG:C19933;ChEBI:38238	MetaCyc:CPD-13654;KEGG:C19933;ChEBI:38238	KEGG:C19933	KEGG:C19933	GC	KEGG:C19933@Charged	KEGG:C19933@Charged	eQuilibrator:MNXM5284
cpd21173	MetaCyc:CPD-13656;KEGG:C19934;ChEBI:63164	MetaCyc:CPD-13656;KEGG:C19934;ChEBI:63164	MetaCyc:CPD-13656;KEGG:C19934;ChEBI:63164	MetaCyc:CPD-13656;KEGG:C19934;ChEBI:63164		KEGG:C19934	GC	KEGG:C19934@Charged	KEGG:C19934@Charged	eQuilibrator:MNXM3086
cpd21174	MetaCyc:CPD-2841;KEGG:C19935	MetaCyc:CPD-2841;KEGG:C19935	MetaCyc:CPD-2841;KEGG:C19935	MetaCyc:CPD-2841;KEGG:C19935	KEGG:C19935		GC	KEGG:C19935@Charged	KEGG:C19935@Charged	eQuilibrator:MNXM114652
cpd21175	MetaCyc:CPD-13767;KEGG:C19936@Charged;ChEBI:63241	MetaCyc:CPD-13767;KEGG:C19936@Charged;ChEBI:63241	MetaCyc:CPD-13767;KEGG:C19936@Charged;ChEBI:63241	MetaCyc:CPD-13767;KEGG:C19936@Charged;ChEBI:63241	KEGG:C19936	KEGG:C19936	GC	MetaCyc:CPD-13767@Charged	MetaCyc:CPD-13767@Charged	
cpd21176	MetaCyc:CPD-13769;KEGG:C19937@Charged;ChEBI:63324	MetaCyc:CPD-13769;KEGG:C19937@Charged;ChEBI:63324	MetaCyc:CPD-13769;KEGG:C19937@Charged;ChEBI:63324	MetaCyc:CPD-13769;KEGG:C19937@Charged;ChEBI:63324	KEGG:C19937	KEGG:C19937	GC	MetaCyc:CPD-13769@Charged	MetaCyc:CPD-13769@Charged	
cpd21177	MetaCyc:CPD-13616;ChEBI:63243	MetaCyc:CPD-13616;ChEBI:63243	MetaCyc:CPD-13616;ChEBI:63243	MetaCyc:CPD-13616;ChEBI:63243	KEGG:C19938	KEGG:C19938	GC	MetaCyc:CPD-13616@Charged	MetaCyc:CPD-13616@Charged	
cpd21178	MetaCyc:CPD-13617;ChEBI:63244	MetaCyc:CPD-13617;ChEBI:63244	MetaCyc:CPD-13617;ChEBI:63244	MetaCyc:CPD-13617;ChEBI:63244		KEGG:C19939	GC	MetaCyc:CPD-13617@Charged	MetaCyc:CPD-13617@Charged	
cpd21179										
cpd21180										
cpd21181	KEGG:C19942;ChEBI:63177	KEGG:C19942;ChEBI:63177	KEGG:C19942;ChEBI:63177	KEGG:C19942;ChEBI:63177	KEGG:C19942	KEGG:C19942	GC	KEGG:C19942@Charged	KEGG:C19942@Charged	eQuilibrator:MNXM2592
cpd21182	KEGG:C19943;ChEBI:63184	KEGG:C19943;ChEBI:63184	KEGG:C19943;ChEBI:63184	KEGG:C19943;ChEBI:63184	KEGG:C19943	KEGG:C19943	GC	KEGG:C19943@Charged	KEGG:C19943@Charged	eQuilibrator:MNXM2591
cpd21183	MetaCyc:CPD-13708;KEGG:C19944	MetaCyc:CPD-13708;KEGG:C19944	MetaCyc:CPD-13708;KEGG:C19944	MetaCyc:CPD-13708;KEGG:C19944	KEGG:C19944	KEGG:C19944	GC	MetaCyc:CPD-13708@Charged	MetaCyc:CPD-13708@Charged	
cpd21184	MetaCyc:CPD0-2364;KEGG:C19945@Charged	MetaCyc:CPD0-2364;KEGG:C19945@Charged	MetaCyc:CPD0-2364;KEGG:C19945@Charged	MetaCyc:CPD0-2364;KEGG:C19945@Charged	KEGG:C19945	KEGG:C19945	GC	MetaCyc:CPD0-2364@Charged	MetaCyc:CPD0-2364@Charged	
cpd21185	MetaCyc:CPDMETA-13650;KEGG:C19946@Charged	MetaCyc:CPDMETA-13650;KEGG:C19946@Charged	MetaCyc:CPDMETA-13650;KEGG:C19946@Charged	MetaCyc:CPDMETA-13650;KEGG:C19946@Charged	KEGG:C19946	KEGG:C19946	GC	MetaCyc:CPDMETA-13650@Charged	MetaCyc:CPDMETA-13650@Charged	
cpd21186	MetaCyc:CPD-13783;KEGG:C19947@Charged;ChEBI:63305	MetaCyc:CPD-13783;KEGG:C19947@Charged;ChEBI:63305	MetaCyc:CPD-13783;KEGG:C19947@Charged;ChEBI:63305	MetaCyc:CPD-13783;KEGG:C19947@Charged;ChEBI:63305	KEGG:C19947	KEGG:C19947	EQ	eQuilibrator:MNXM2117	KEGG:C19947@Charged	eQuilibrator:MNXM2117
cpd21187	MetaCyc:CPD-13784;KEGG:C19948@Charged;ChEBI:63304	MetaCyc:CPD-13784;KEGG:C19948@Charged;ChEBI:63304	MetaCyc:CPD-13784;KEGG:C19948@Charged;ChEBI:63304	MetaCyc:CPD-13784;KEGG:C19948@Charged;ChEBI:63304	KEGG:C19948	KEGG:C19948	GC	MetaCyc:CPD-13784@Charged	MetaCyc:CPD-13784@Charged	eQuilibrator:MNXM5730
cpd21188	KEGG:C19949@Charged	KEGG:C19949@Charged	KEGG:C19949@Charged	KEGG:C19949@Charged	KEGG:C19949	KEGG:C19949	EQ	eQuilibrator:MNXM40165	KEGG:C19949@Charged	eQuilibrator:MNXM40165
cpd21189	KEGG:C19950	KEGG:C19950	KEGG:C19950	KEGG:C19950	KEGG:C19950	KEGG:C19950	GC	KEGG:C19950@Charged	KEGG:C19950@Charged	
cpd21190	KEGG:C19951	KEGG:C19951	KEGG:C19951	KEGG:C19951		KEGG:C19951	GC	KEGG:C19951@Charged	KEGG:C19951@Charged	
cpd21191	KEGG:C19952	KEGG:C19952	KEGG:C19952	KEGG:C19952	KEGG:C19952	KEGG:C19952	GC	KEGG:C19952@Charged	KEGG:C19952@Charged	
cpd21192	KEGG:C19953	KEGG:C19953	KEGG:C19953	KEGG:C19953	KEGG:C19953	KEGG:C19953	GC	KEGG:C19953@Charged	KEGG:C19953@Charged	
cpd21193	MetaCyc:CPD-20745;KEGG:C19954	MetaCyc:CPD-20745;KEGG:C19954	MetaCyc:CPD-20745;KEGG:C19954	MetaCyc:CPD-20745;KEGG:C19954	KEGG:C19954	KEGG:C19954	GC	KEGG:C19954@Charged	KEGG:C19954@Charged	
cpd21194	KEGG:C19955@Charged	KEGG:C19955@Charged	KEGG:C19955@Charged	KEGG:C19955@Charged	KEGG:C19955	KEGG:C19955	GC	KEGG:C19955@Charged	KEGG:C19955@Charged	
cpd21195	KEGG:C19956	KEGG:C19956	KEGG:C19956	KEGG:C19956	KEGG:C19956	KEGG:C19956	GC	KEGG:C19956@Charged	KEGG:C19956@Charged	eQuilibrator:MNXM64375
cpd21196	KEGG:C19957	KEGG:C19957	KEGG:C19957	KEGG:C19957	KEGG:C19957	KEGG:C19957	GC	KEGG:C19957@Charged	KEGG:C19957@Charged	eQuilibrator:MNXM53122
cpd21197	KEGG:C19958	KEGG:C19958	KEGG:C19958	KEGG:C19958	KEGG:C19958	KEGG:C19958	GC	KEGG:C19958@Charged	KEGG:C19958@Charged	eQuilibrator:MNXM53123
cpd21198	KEGG:C19959@Charged	KEGG:C19959@Charged	KEGG:C19959@Charged	KEGG:C19959@Charged	KEGG:C19959	KEGG:C19959	GC	KEGG:C19959@Charged	KEGG:C19959@Charged	
cpd21199	MetaCyc:CPD-13845;KEGG:C19960@Charged;ChEBI:63303	MetaCyc:CPD-13845;KEGG:C19960@Charged;ChEBI:63303	MetaCyc:CPD-13845;KEGG:C19960@Charged;ChEBI:63303	MetaCyc:CPD-13845;KEGG:C19960@Charged;ChEBI:63303	KEGG:C19960	KEGG:C19960	EQ	eQuilibrator:MNXM3014	KEGG:C19960@Charged	eQuilibrator:MNXM3014
cpd21200	MetaCyc:CPD-10751;KEGG:C19961@Charged;ChEBI:63389	MetaCyc:CPD-10751;KEGG:C19961@Charged;ChEBI:63389	MetaCyc:CPD-10751;KEGG:C19961@Charged;ChEBI:63389	MetaCyc:CPD-10751;KEGG:C19961@Charged;ChEBI:63389	KEGG:C19961	KEGG:C19961	EQ	eQuilibrator:MNXM4126	MetaCyc:CPD-10751@Charged	eQuilibrator:MNXM4126
cpd21201	MetaCyc:CPD-13550;KEGG:C19962;ChEBI:45479	MetaCyc:CPD-13550;KEGG:C19962;ChEBI:45479	MetaCyc:CPD-13550;KEGG:C19962;ChEBI:45479	MetaCyc:CPD-13550;KEGG:C19962;ChEBI:45479	KEGG:C19962	KEGG:C19962	EQ	eQuilibrator:MNXM3789	KEGG:C19962@Charged	eQuilibrator:MNXM3789
cpd21202	MetaCyc:CPD-10117;KEGG:C19963;ChEBI:50387	MetaCyc:CPD-10117;KEGG:C19963;ChEBI:50387	MetaCyc:CPD-10117;KEGG:C19963;ChEBI:50387	MetaCyc:CPD-10117;KEGG:C19963;ChEBI:50387	KEGG:C19963	KEGG:C19963	GC	MetaCyc:CPD-10117@Charged	MetaCyc:CPD-10117@Charged	eQuilibrator:MNXM5969
cpd21203	MetaCyc:CPD-13850;KEGG:C19964;ChEBI:63180	MetaCyc:CPD-13850;KEGG:C19964;ChEBI:63180	MetaCyc:CPD-13850;KEGG:C19964;ChEBI:63180	MetaCyc:CPD-13850;KEGG:C19964;ChEBI:63180	KEGG:C19964	KEGG:C19964	GC	KEGG:C19964@Charged	KEGG:C19964@Charged	eQuilibrator:MNXM5355
cpd21204	MetaCyc:CPD-13187;ChEBI:134390	MetaCyc:CPD-13187;ChEBI:134390	MetaCyc:CPD-13187;ChEBI:134390	MetaCyc:CPD-13187;ChEBI:134390	KEGG:C19965	KEGG:C19965	EQ	eQuilibrator:MNXM5068	MetaCyc:CPD-13187@Charged	eQuilibrator:MNXM5068
cpd21205	MetaCyc:CPD-13188;ChEBI:134389	MetaCyc:CPD-13188;ChEBI:134389	MetaCyc:CPD-13188;ChEBI:134389	MetaCyc:CPD-13188;ChEBI:134389	KEGG:C19966	KEGG:C19966	EQ	eQuilibrator:MNXM5640	MetaCyc:CPD-13188@Charged	eQuilibrator:MNXM5640
cpd21206	MetaCyc:8-HYDROXYDEOXYGUANOSINE-5-TRIPHOSPHAT@Charged;MetaCyc:8-Oxo-dGTP@Charged;MetaCyc:8-hydroxy-dGTP@Charged;KEGG:C19967@Charged;ChEBI:77896@Charged	MetaCyc:8-HYDROXYDEOXYGUANOSINE-5-TRIPHOSPHAT@Charged;MetaCyc:8-Oxo-dGTP@Charged;MetaCyc:8-hydroxy-dGTP@Charged;KEGG:C19967@Charged;ChEBI:77896@Charged	MetaCyc:8-HYDROXYDEOXYGUANOSINE-5-TRIPHOSPHAT@Charged;MetaCyc:8-Oxo-dGTP@Charged;MetaCyc:8-hydroxy-dGTP@Charged;KEGG:C19967@Charged;ChEBI:77896@Charged	MetaCyc:8-HYDROXYDEOXYGUANOSINE-5-TRIPHOSPHAT@Charged;MetaCyc:8-Oxo-dGTP@Charged;MetaCyc:8-hydroxy-dGTP@Charged;KEGG:C19967@Charged;ChEBI:77896@Charged	KEGG:C19967	KEGG:C19967	GC	KEGG:C19967@Charged	KEGG:C19967@Charged	
cpd21207	MetaCyc:CPD-12365@Charged;KEGG:C19968@Charged;ChEBI:63224@Charged	MetaCyc:CPD-12365@Charged;KEGG:C19968@Charged;ChEBI:63224@Charged	MetaCyc:CPD-12365@Charged;KEGG:C19968@Charged;ChEBI:63224@Charged	MetaCyc:CPD-12365@Charged;KEGG:C19968@Charged;ChEBI:63224@Charged	KEGG:C19968	KEGG:C19968	GC	MetaCyc:CPD-12365@Charged	MetaCyc:CPD-12365@Charged	
cpd21208	KEGG:C19969@Charged;ChEBI:77897@Charged	KEGG:C19969@Charged;ChEBI:77897@Charged	KEGG:C19969@Charged;ChEBI:77897@Charged	KEGG:C19969@Charged;ChEBI:77897@Charged	KEGG:C19969	KEGG:C19969	EQ	eQuilibrator:MNXM9835	KEGG:C19969@Charged	eQuilibrator:MNXM9835
cpd21209	MetaCyc:CPD-13852;KEGG:C19970@Charged;ChEBI:63212	MetaCyc:CPD-13852;KEGG:C19970@Charged;ChEBI:63212	MetaCyc:CPD-13852;KEGG:C19970@Charged;ChEBI:63212	MetaCyc:CPD-13852@Charged;KEGG:C19970@Charged;ChEBI:63212@Charged	KEGG:C19970	KEGG:C19970	EQ	eQuilibrator:MNXM5469	MetaCyc:CPD-13852@Charged	eQuilibrator:MNXM5469
cpd21210	KEGG:C19971@Charged;ChEBI:63417	KEGG:C19971@Charged;ChEBI:63417	KEGG:C19971@Charged;ChEBI:63417	KEGG:C19971@Charged;ChEBI:63417	KEGG:C19971	KEGG:C19971	EQ	eQuilibrator:MNXM4860	KEGG:C19971@Charged	eQuilibrator:MNXM4860
cpd21211	KEGG:C19972;ChEBI:63283	KEGG:C19972;ChEBI:63283	KEGG:C19972;ChEBI:63283	KEGG:C19972;ChEBI:63283	KEGG:C19972	KEGG:C19972	EQ	eQuilibrator:MNXM2913	KEGG:C19972@Charged	eQuilibrator:MNXM2913
cpd21212	MetaCyc:CPD-13785;KEGG:C19973;ChEBI:63190	MetaCyc:CPD-13785;KEGG:C19973;ChEBI:63190	MetaCyc:CPD-13785;KEGG:C19973;ChEBI:63190	MetaCyc:CPD-13785;KEGG:C19973;ChEBI:63190			GC	KEGG:C19973@Charged	KEGG:C19973@Charged	eQuilibrator:MNXM2879
cpd21213	MetaCyc:CPD-13786;ChEBI:63196	MetaCyc:CPD-13786;ChEBI:63196	MetaCyc:CPD-13786;ChEBI:63196	MetaCyc:CPD-13786;ChEBI:63196		KEGG:C19974	GC	MetaCyc:CPD-13786@Charged	MetaCyc:CPD-13786@Charged	eQuilibrator:MNXM5343
cpd21214	KEGG:C19975@Charged;ChEBI:63252	KEGG:C19975@Charged;ChEBI:63252	KEGG:C19975@Charged;ChEBI:63252	KEGG:C19975@Charged;ChEBI:63252	KEGG:C19975	KEGG:C19975	GC	KEGG:C19975@Charged	KEGG:C19975@Charged	eQuilibrator:MNXM2851
cpd21215	KEGG:C19976@Charged	KEGG:C19976@Charged	KEGG:C19976@Charged	KEGG:C19976@Charged	KEGG:C19976	KEGG:C19976	EQ	eQuilibrator:MNXM88668	KEGG:C19976@Charged	eQuilibrator:MNXM88668
cpd21216	KEGG:C19977	KEGG:C19977	KEGG:C19977	KEGG:C19977@Charged	KEGG:C19977	KEGG:C19977	GC	KEGG:C19977@Charged	KEGG:C19977@Charged	
cpd21217	KEGG:C19978@Charged	KEGG:C19978@Charged	KEGG:C19978@Charged	KEGG:C19978@Charged	KEGG:C19978	KEGG:C19978	GC	KEGG:C19978@Charged	KEGG:C19978@Charged	
cpd21218	KEGG:C19979@Charged	KEGG:C19979@Charged	KEGG:C19979@Charged	KEGG:C19979@Charged	KEGG:C19979	KEGG:C19979	EQ	eQuilibrator:MNXM88624	KEGG:C19979@Charged	eQuilibrator:MNXM88624
cpd21219	KEGG:C19980	KEGG:C19980	KEGG:C19980	KEGG:C19980	KEGG:C19980	KEGG:C19980	GC	KEGG:C19980@Charged	KEGG:C19980@Charged	
cpd21220	KEGG:C19981	KEGG:C19981	KEGG:C19981	KEGG:C19981	KEGG:C19981	KEGG:C19981	EQ	eQuilibrator:MNXM55092	KEGG:C19981@Charged	eQuilibrator:MNXM55092
cpd21221	KEGG:C19982@Charged	KEGG:C19982@Charged	KEGG:C19982@Charged	KEGG:C19982@Charged		KEGG:C19982	GC	KEGG:C19982@Charged	KEGG:C19982@Charged	
cpd21222	KEGG:C19983@Charged	KEGG:C19983@Charged	KEGG:C19983@Charged	KEGG:C19983@Charged	KEGG:C19983	KEGG:C19983	EQ	eQuilibrator:MNXM98189	KEGG:C19983@Charged	eQuilibrator:MNXM98189
cpd21223	KEGG:C19984	KEGG:C19984	KEGG:C19984	KEGG:C19984	KEGG:C19984	KEGG:C19984	GC	KEGG:C19984@Charged	KEGG:C19984@Charged	
cpd21224	KEGG:C19985	KEGG:C19985	KEGG:C19985	KEGG:C19985	KEGG:C19985	KEGG:C19985	GC	KEGG:C19985@Charged	KEGG:C19985@Charged	
cpd21225	KEGG:C19986	KEGG:C19986	KEGG:C19986	KEGG:C19986	KEGG:C19986	KEGG:C19986	GC	KEGG:C19986@Charged	KEGG:C19986@Charged	
cpd21226	MetaCyc:CPD-22584;KEGG:C19987	MetaCyc:CPD-22584;KEGG:C19987	MetaCyc:CPD-22584;KEGG:C19987	MetaCyc:CPD-22584;KEGG:C19987	KEGG:C19987	KEGG:C19987	GC	KEGG:C19987@Original	KEGG:C19987@Original	
cpd21227	KEGG:C19988	KEGG:C19988	KEGG:C19988	KEGG:C19988	KEGG:C19988	KEGG:C19988	GC	KEGG:C19988@Charged	KEGG:C19988@Charged	
cpd21228	KEGG:C19989@Charged	KEGG:C19989@Charged	KEGG:C19989@Charged	KEGG:C19989@Charged	KEGG:C19989	KEGG:C19989	GC	KEGG:C19989@Charged	KEGG:C19989@Charged	eQuilibrator:MNXM83392
cpd21229	KEGG:C19990@Charged	KEGG:C19990@Charged	KEGG:C19990@Charged	KEGG:C19990@Charged	KEGG:C19990	KEGG:C19990	GC	KEGG:C19990@Charged	KEGG:C19990@Charged	
cpd21230	KEGG:C19991	KEGG:C19991	KEGG:C19991	KEGG:C19991	KEGG:C19991	KEGG:C19991	GC	KEGG:C19991@Charged	KEGG:C19991@Charged	eQuilibrator:MNXM52976
cpd21231	KEGG:C19992	KEGG:C19992	KEGG:C19992	KEGG:C19992	KEGG:C19992	KEGG:C19992	GC	KEGG:C19992@Charged	KEGG:C19992@Charged	
cpd21232	KEGG:C19993	KEGG:C19993	KEGG:C19993	KEGG:C19993	KEGG:C19993	KEGG:C19993	GC	KEGG:C19993@Charged	KEGG:C19993@Charged	
cpd21233	KEGG:C19994	KEGG:C19994	KEGG:C19994	KEGG:C19994	KEGG:C19994	KEGG:C19994	GC	KEGG:C19994@Charged	KEGG:C19994@Charged	
cpd21234	KEGG:C19995	KEGG:C19995	KEGG:C19995	KEGG:C19995@Charged	KEGG:C19995	KEGG:C19995	GC	KEGG:C19995@Charged	KEGG:C19995@Charged	eQuilibrator:MNXM62109
cpd21235	KEGG:C19996@Charged	KEGG:C19996@Charged	KEGG:C19996@Charged	KEGG:C19996@Charged	KEGG:C19996	KEGG:C19996	GC	KEGG:C19996@Charged	KEGG:C19996@Charged	eQuilibrator:MNXM62108
cpd21236	KEGG:C19997@Charged	KEGG:C19997@Charged	KEGG:C19997@Charged	KEGG:C19997@Charged	KEGG:C19997	KEGG:C19997	GC	KEGG:C19997@Charged	KEGG:C19997@Charged	eQuilibrator:MNXM62110
cpd21237	KEGG:C19998	KEGG:C19998	KEGG:C19998	KEGG:C19998@Charged	KEGG:C19998	KEGG:C19998	GC	KEGG:C19998@Charged	KEGG:C19998@Charged	
cpd21238	MetaCyc:CPD-18452@Charged;KEGG:C19999@Charged;ChEBI:88044@Charged	MetaCyc:CPD-18452@Charged;KEGG:C19999@Charged;ChEBI:88044@Charged	MetaCyc:CPD-18452@Charged;KEGG:C19999@Charged;ChEBI:88044@Charged	MetaCyc:CPD-18452@Charged;KEGG:C19999@Charged;ChEBI:88044@Charged	KEGG:C19999	KEGG:C19999	GC	KEGG:C19999@Charged	KEGG:C19999@Charged	
cpd21239	KEGG:C20000	KEGG:C20000	KEGG:C20000	KEGG:C20000		KEGG:C20000	EQ	eQuilibrator:MNXM65563	KEGG:C20000@Charged	eQuilibrator:MNXM65563
cpd21240	KEGG:C20001	KEGG:C20001	KEGG:C20001	KEGG:C20001	KEGG:C20001	KEGG:C20001	GC	KEGG:C20001@Charged	KEGG:C20001@Charged	eQuilibrator:MNXM47856
cpd21241	KEGG:C20002	KEGG:C20002	KEGG:C20002	KEGG:C20002	KEGG:C20002	KEGG:C20002	GC	KEGG:C20002@Charged	KEGG:C20002@Charged	eQuilibrator:MNXM46751
cpd21242	KEGG:C20003@Charged	KEGG:C20003@Charged	KEGG:C20003@Charged	KEGG:C20003@Charged	KEGG:C20003	KEGG:C20003	GC	KEGG:C20003@Charged	KEGG:C20003@Charged	
cpd21243	KEGG:C20004	KEGG:C20004	KEGG:C20004	KEGG:C20004	KEGG:C20004	KEGG:C20004	GC	KEGG:C20004@Charged	KEGG:C20004@Charged	eQuilibrator:MNXM54265
cpd21244	KEGG:C20005@Charged	KEGG:C20005@Charged	KEGG:C20005@Charged	KEGG:C20005@Charged	KEGG:C20005	KEGG:C20005	GC	KEGG:C20005@Charged	KEGG:C20005@Charged	eQuilibrator:MNXM51052
cpd21245	KEGG:C20006@Charged	KEGG:C20006@Charged	KEGG:C20006@Charged	KEGG:C20006@Charged	KEGG:C20006	KEGG:C20006	GC	KEGG:C20006@Charged	KEGG:C20006@Charged	eQuilibrator:MNXM39979
cpd21246	KEGG:C20007	KEGG:C20007	KEGG:C20007	KEGG:C20007	KEGG:C20007	KEGG:C20007	GC	KEGG:C20007@Charged	KEGG:C20007@Charged	eQuilibrator:MNXM45666
cpd21247	KEGG:C20008@Charged	KEGG:C20008@Charged	KEGG:C20008@Charged	KEGG:C20008@Charged	KEGG:C20008	KEGG:C20008	GC	KEGG:C20008@Charged	KEGG:C20008@Charged	eQuilibrator:MNXM56591
cpd21248	KEGG:C20009	KEGG:C20009	KEGG:C20009	KEGG:C20009	KEGG:C20009	KEGG:C20009	GC	KEGG:C20009@Charged	KEGG:C20009@Charged	eQuilibrator:MNXM57725
cpd21249	KEGG:C20010@Charged	KEGG:C20010@Charged	KEGG:C20010@Charged	KEGG:C20010@Charged	KEGG:C20010	KEGG:C20010	GC	KEGG:C20010@Charged	KEGG:C20010@Charged	eQuilibrator:MNXM42043
cpd21250	KEGG:C20011@Charged	KEGG:C20011@Charged	KEGG:C20011@Charged	KEGG:C20011@Charged	KEGG:C20011	KEGG:C20011	GC	KEGG:C20011@Charged	KEGG:C20011@Charged	eQuilibrator:MNXM56649
cpd21251	KEGG:C20012	KEGG:C20012	KEGG:C20012	KEGG:C20012	KEGG:C20012	KEGG:C20012	GC	KEGG:C20012@Charged	KEGG:C20012@Charged	
cpd21252	KEGG:C20013@Charged	KEGG:C20013@Charged	KEGG:C20013@Charged	KEGG:C20013@Charged	KEGG:C20013	KEGG:C20013	GC	KEGG:C20013@Charged	KEGG:C20013@Charged	
cpd21253	KEGG:C20014	KEGG:C20014	KEGG:C20014	KEGG:C20014@Charged	KEGG:C20014	KEGG:C20014	GC	KEGG:C20014@Charged	KEGG:C20014@Charged	
cpd21254	KEGG:C20015	KEGG:C20015	KEGG:C20015	KEGG:C20015	KEGG:C20015	KEGG:C20015	GC	KEGG:C20015@Charged	KEGG:C20015@Charged	eQuilibrator:MNXM44692
cpd21255	KEGG:C20016	KEGG:C20016	KEGG:C20016	KEGG:C20016	KEGG:C20016	KEGG:C20016	GC	KEGG:C20016@Charged	KEGG:C20016@Charged	eQuilibrator:MNXM56033
cpd21256	KEGG:C20017	KEGG:C20017	KEGG:C20017	KEGG:C20017	KEGG:C20017	KEGG:C20017	GC	KEGG:C20017@Charged	KEGG:C20017@Charged	
cpd21257	KEGG:C20018@Charged	KEGG:C20018@Charged	KEGG:C20018@Charged	KEGG:C20018@Charged	KEGG:C20018	KEGG:C20018	GC	KEGG:C20018@Charged	KEGG:C20018@Charged	
cpd21258	KEGG:C20019	KEGG:C20019	KEGG:C20019	KEGG:C20019@Charged	KEGG:C20019	KEGG:C20019	GC	KEGG:C20019@Charged	KEGG:C20019@Charged	
cpd21259	KEGG:C20020	KEGG:C20020	KEGG:C20020	KEGG:C20020@Charged	KEGG:C20020	KEGG:C20020	GC	KEGG:C20020@Charged	KEGG:C20020@Charged	
cpd21260	KEGG:C20021@Charged	KEGG:C20021@Charged	KEGG:C20021@Charged	KEGG:C20021@Charged	KEGG:C20021	KEGG:C20021	GC	KEGG:C20021@Charged	KEGG:C20021@Charged	
cpd21261	KEGG:C20022@Charged	KEGG:C20022@Charged	KEGG:C20022@Charged	KEGG:C20022@Charged	KEGG:C20022	KEGG:C20022	GC	KEGG:C20022@Charged	KEGG:C20022@Charged	
cpd21262	KEGG:C20023	KEGG:C20023	KEGG:C20023	KEGG:C20023	KEGG:C20023	KEGG:C20023	GC	KEGG:C20023@Charged	KEGG:C20023@Charged	
cpd21263	KEGG:C20024@Charged	KEGG:C20024@Charged	KEGG:C20024@Charged	KEGG:C20024@Charged	KEGG:C20024	KEGG:C20024	GC	KEGG:C20024@Charged	KEGG:C20024@Charged	
cpd21264	KEGG:C20025	KEGG:C20025	KEGG:C20025	KEGG:C20025	KEGG:C20025	KEGG:C20025	GC	KEGG:C20025@Charged	KEGG:C20025@Charged	
cpd21265	KEGG:C20026@Charged	KEGG:C20026@Charged	KEGG:C20026@Charged	KEGG:C20026@Charged	KEGG:C20026	KEGG:C20026	GC	KEGG:C20026@Charged	KEGG:C20026@Charged	
cpd21266	MetaCyc:CPD-22491;KEGG:C20027@Charged;ChEBI:172367	MetaCyc:CPD-22491;KEGG:C20027@Charged;ChEBI:172367	MetaCyc:CPD-22491;KEGG:C20027@Charged;ChEBI:172367	MetaCyc:CPD-22491;KEGG:C20027@Charged;ChEBI:172367	KEGG:C20027	KEGG:C20027	EQ	eQuilibrator:MNXM57916	KEGG:C20027@Charged	eQuilibrator:MNXM57916
cpd21267	KEGG:C20028@Charged	KEGG:C20028@Charged	KEGG:C20028@Charged	KEGG:C20028@Charged	KEGG:C20028	KEGG:C20028	GC	KEGG:C20028@Charged	KEGG:C20028@Charged	
cpd21268	KEGG:C20029	KEGG:C20029	KEGG:C20029	KEGG:C20029@Charged	KEGG:C20029	KEGG:C20029	GC	KEGG:C20029@Charged	KEGG:C20029@Charged	eQuilibrator:MNXM51907
cpd21269	KEGG:C20030@Charged	KEGG:C20030@Charged	KEGG:C20030@Charged	KEGG:C20030@Charged	KEGG:C20030	KEGG:C20030	EQ	eQuilibrator:MNXM49150	KEGG:C20030@Charged	eQuilibrator:MNXM49150
cpd21270	KEGG:C20031@Charged	KEGG:C20031@Charged	KEGG:C20031@Charged	KEGG:C20031@Charged	KEGG:C20031	KEGG:C20031	GC	KEGG:C20031@Charged	KEGG:C20031@Charged	eQuilibrator:MNXM79708
cpd21271	KEGG:C20032@Charged	KEGG:C20032@Charged	KEGG:C20032@Charged	KEGG:C20032@Charged	KEGG:C20032	KEGG:C20032	GC	KEGG:C20032@Charged	KEGG:C20032@Charged	
cpd21272	KEGG:C20033@Charged	KEGG:C20033@Charged	KEGG:C20033@Charged	KEGG:C20033@Charged	KEGG:C20033	KEGG:C20033	GC	KEGG:C20033@Charged	KEGG:C20033@Charged	eQuilibrator:MNXM79709
cpd21273	KEGG:C20034@Charged	KEGG:C20034@Charged	KEGG:C20034@Charged	KEGG:C20034@Charged	KEGG:C20034	KEGG:C20034	GC	KEGG:C20034@Charged	KEGG:C20034@Charged	eQuilibrator:MNXM40845
cpd21274	KEGG:C20035	KEGG:C20035	KEGG:C20035	KEGG:C20035	KEGG:C20035	KEGG:C20035	GC	KEGG:C20035@Charged	KEGG:C20035@Charged	eQuilibrator:MNXM42558
cpd21275	KEGG:C20036	KEGG:C20036	KEGG:C20036	KEGG:C20036	KEGG:C20036	KEGG:C20036	GC	KEGG:C20036@Charged	KEGG:C20036@Charged	
cpd21276										
cpd21277										
cpd21278										
cpd21279										
cpd21280										
cpd21281										
cpd21282										
cpd21283	KEGG:C20044	KEGG:C20044	KEGG:C20044	KEGG:C20044	KEGG:C20044	KEGG:C20044	GC	KEGG:C20044@Charged	KEGG:C20044@Charged	
cpd21284	MetaCyc:CPD-15259;KEGG:C20045;ChEBI:72765	MetaCyc:CPD-15259;KEGG:C20045;ChEBI:72765	MetaCyc:CPD-15259;KEGG:C20045;ChEBI:72765	MetaCyc:CPD-15259;KEGG:C20045;ChEBI:72765	KEGG:C20045	KEGG:C20045	GC	MetaCyc:CPD-15259@Charged	MetaCyc:CPD-15259@Charged	
cpd21285	KEGG:C20046	KEGG:C20046	KEGG:C20046	KEGG:C20046	KEGG:C20046	KEGG:C20046	EQ		KEGG:C20046@Charged	
cpd21286										
cpd21287	KEGG:C20048@Charged	KEGG:C20048@Charged	KEGG:C20048@Charged	KEGG:C20048@Charged	KEGG:C20048	KEGG:C20048	GC	KEGG:C20048@Charged	KEGG:C20048@Charged	eQuilibrator:MNXM42300
cpd21288	MetaCyc:CPD0-1882;ChEBI:71308	MetaCyc:CPD0-1882;ChEBI:71308	MetaCyc:CPD0-1882;ChEBI:71308	MetaCyc:CPD0-1882@Charged;ChEBI:71308@Charged	MetaCyc:CPD0-1882	MetaCyc:CPD0-1882	GC	MetaCyc:CPD0-1882@Charged	MetaCyc:CPD0-1882@Charged	
cpd21289	KEGG:C20050@Charged	KEGG:C20050@Charged	KEGG:C20050@Charged	KEGG:C20050@Charged	KEGG:C20050	KEGG:C20050	GC	KEGG:C20050@Charged	KEGG:C20050@Charged	eQuilibrator:MNXM77183
cpd21290										
cpd21291	KEGG:C20052@Charged	KEGG:C20052@Charged	KEGG:C20052@Charged	KEGG:C20052@Charged	KEGG:C20052	KEGG:C20052	EQ		KEGG:C20052@Charged	
cpd21292										
cpd21293										
cpd21294										
cpd21295										
cpd21296										
cpd21297										
cpd21298	KEGG:C20059	KEGG:C20059	KEGG:C20059	KEGG:C20059	KEGG:C20059	KEGG:C20059	GC	KEGG:C20059@Charged	KEGG:C20059@Charged	
cpd21299	KEGG:C20060	KEGG:C20060	KEGG:C20060	KEGG:C20060	KEGG:C20060	KEGG:C20060	GC	KEGG:C20060@Charged	KEGG:C20060@Charged	
cpd21300	KEGG:C20061@Charged	KEGG:C20061@Charged	KEGG:C20061@Charged	KEGG:C20061@Charged	KEGG:C20061	KEGG:C20061	GC	KEGG:C20061@Charged	KEGG:C20061@Charged	
cpd21301	MetaCyc:CPD0-2362;KEGG:C20062@Charged;ChEBI:63458	MetaCyc:CPD0-2362;KEGG:C20062@Charged;ChEBI:63458	MetaCyc:CPD0-2362;KEGG:C20062@Charged;ChEBI:63458	MetaCyc:CPD0-2362;KEGG:C20062@Charged;ChEBI:63458	KEGG:C20062	KEGG:C20062	GC	KEGG:C20062@Charged	KEGG:C20062@Charged	eQuilibrator:MNXM2919
cpd21302										
cpd21303										
cpd21304										
cpd21305										
cpd21306										
cpd21307										
cpd21308										
cpd21309	KEGG:C20073	KEGG:C20073	KEGG:C20073	KEGG:C20073		KEGG:C20073	GC	KEGG:C20073@Charged	KEGG:C20073@Charged	
cpd21310										
cpd21311										
cpd21312										
cpd21313										
cpd21314										
cpd21315	MetaCyc:CPD-10754;KEGG:C20082@Charged;ChEBI:63282	MetaCyc:CPD-10754;KEGG:C20082@Charged;ChEBI:63282	MetaCyc:CPD-10754;KEGG:C20082@Charged;ChEBI:63282	MetaCyc:CPD-10754;KEGG:C20082@Charged;ChEBI:63282	KEGG:C20082	KEGG:C20082	EQ	eQuilibrator:MNXM3087	MetaCyc:CPD-10754@Charged	eQuilibrator:MNXM3087
cpd21316	MetaCyc:CPD-10755;KEGG:C20083@Charged;ChEBI:63680	MetaCyc:CPD-10755;KEGG:C20083@Charged;ChEBI:63680	MetaCyc:CPD-10755;KEGG:C20083@Charged;ChEBI:63680	MetaCyc:CPD-10755;KEGG:C20083@Charged;ChEBI:63680	KEGG:C20083	KEGG:C20083	GC	MetaCyc:CPD-10755@Charged	MetaCyc:CPD-10755@Charged	eQuilibrator:MNXM5683
cpd21317	KEGG:C20084@Charged	KEGG:C20084@Charged	KEGG:C20084@Charged	KEGG:C20084@Charged	KEGG:C20084	KEGG:C20084	GC	KEGG:C20084@Charged	KEGG:C20084@Charged	eQuilibrator:MNXM47601
cpd21318										
cpd21319										
cpd21320										
cpd21321										
cpd21322										
cpd21323										
cpd21324										
cpd21325										
cpd21326	KEGG:C20093@Charged	KEGG:C20093@Charged	KEGG:C20093@Charged	KEGG:C20093@Charged	KEGG:C20093	KEGG:C20093	GC	KEGG:C20093@Charged	KEGG:C20093@Charged	eQuilibrator:MNXM42573
cpd21327	KEGG:C20094@Charged	KEGG:C20094@Charged	KEGG:C20094@Charged	KEGG:C20094@Charged	KEGG:C20094	KEGG:C20094	GC	KEGG:C20094@Charged	KEGG:C20094@Charged	eQuilibrator:MNXM42574
cpd21328	KEGG:C20095@Charged	KEGG:C20095@Charged	KEGG:C20095@Charged	KEGG:C20095@Charged	KEGG:C20095	KEGG:C20095	GC	KEGG:C20095@Charged	KEGG:C20095@Charged	
cpd21329	KEGG:C20096@Charged	KEGG:C20096@Charged	KEGG:C20096@Charged	KEGG:C20096@Charged	KEGG:C20096	KEGG:C20096	GC	KEGG:C20096@Charged	KEGG:C20096@Charged	eQuilibrator:MNXM79596
cpd21330	KEGG:C20097@Charged	KEGG:C20097@Charged	KEGG:C20097@Charged	KEGG:C20097@Charged	KEGG:C20097	KEGG:C20097	EQ	eQuilibrator:MNXM79597	KEGG:C20097@Charged	eQuilibrator:MNXM79597
cpd21331										
cpd21332										
cpd21333										
cpd21334										
cpd21335										
cpd21336										
cpd21337										
cpd21338										
cpd21339										
cpd21340										
cpd21341										
cpd21342										
cpd21343										
cpd21344										
cpd21345										
cpd21346										
cpd21347										
cpd21348										
cpd21349										
cpd21350										
cpd21351										
cpd21352					KEGG:C20119	KEGG:C20119				
cpd21353					KEGG:C20120	KEGG:C20120				
cpd21354	MetaCyc:CPD-12587;KEGG:C20121@Charged;ChEBI:88226	MetaCyc:CPD-12587;KEGG:C20121@Charged;ChEBI:88226	MetaCyc:CPD-12587;KEGG:C20121@Charged;ChEBI:88226	MetaCyc:CPD-12587;KEGG:C20121@Charged;ChEBI:88226	KEGG:C20121		EQ	eQuilibrator:MNXM4974	KEGG:C20121@Charged	eQuilibrator:MNXM4974
cpd21355	KEGG:C20122	KEGG:C20122	KEGG:C20122	KEGG:C20122		KEGG:C20122	EQ	eQuilibrator:MNXM50416	KEGG:C20122@Charged	eQuilibrator:MNXM50416
cpd21356	KEGG:C20123@Charged	KEGG:C20123@Charged	KEGG:C20123@Charged	KEGG:C20123@Charged	KEGG:C20123		GC	KEGG:C20123@Charged	KEGG:C20123@Charged	eQuilibrator:MNXM50464
cpd21357	KEGG:C20124	KEGG:C20124	KEGG:C20124	KEGG:C20124			GC	KEGG:C20124@Charged	KEGG:C20124@Charged	eQuilibrator:MNXM43540
cpd21358	MetaCyc:CPD-942;KEGG:C20125;ChEBI:23681	MetaCyc:CPD-942;KEGG:C20125;ChEBI:23681	MetaCyc:CPD-942;KEGG:C20125;ChEBI:23681	MetaCyc:CPD-942;KEGG:C20125;ChEBI:23681			GC	KEGG:C20125@Charged	KEGG:C20125@Charged	eQuilibrator:MNXM17270
cpd21359	KEGG:C20126@Charged	KEGG:C20126@Charged	KEGG:C20126@Charged	KEGG:C20126@Charged	KEGG:C20126	KEGG:C20126	EQ	eQuilibrator:MNXM61903	KEGG:C20126@Charged	eQuilibrator:MNXM61903
cpd21360	KEGG:C20127@Charged	KEGG:C20127@Charged	KEGG:C20127@Charged	KEGG:C20127@Charged	KEGG:C20127	KEGG:C20127	EQ	eQuilibrator:MNXM41490	KEGG:C20127@Charged	eQuilibrator:MNXM41490
cpd21361	KEGG:C20128	KEGG:C20128	KEGG:C20128	KEGG:C20128	KEGG:C20128	KEGG:C20128	EQ	eQuilibrator:MNXM44555	KEGG:C20128@Charged	eQuilibrator:MNXM44555
cpd21362	MetaCyc:CPD-20636@Charged;KEGG:C20129@Charged	MetaCyc:CPD-20636@Charged;KEGG:C20129@Charged	MetaCyc:CPD-20636@Charged;KEGG:C20129@Charged	MetaCyc:CPD-20636@Charged;KEGG:C20129@Charged	KEGG:C20129	KEGG:C20129	GC	MetaCyc:CPD-20636@Charged	MetaCyc:CPD-20636@Charged	eQuilibrator:MNXM149839
cpd21363	KEGG:C20130	KEGG:C20130	KEGG:C20130	KEGG:C20130	KEGG:C20130	KEGG:C20130	EQ	eQuilibrator:MNXM31854	KEGG:C20130@Charged	eQuilibrator:MNXM31854
cpd21364	KEGG:C20131	KEGG:C20131	KEGG:C20131	KEGG:C20131		KEGG:C20131	GC	KEGG:C20131@Charged	KEGG:C20131@Charged	eQuilibrator:MNXM40138
cpd21365	MetaCyc:CPD-15302;KEGG:C20132@Charged	MetaCyc:CPD-15302;KEGG:C20132@Charged	MetaCyc:CPD-15302;KEGG:C20132@Charged	MetaCyc:CPD-15302;KEGG:C20132@Charged	KEGG:C20132	KEGG:C20132	GC	MetaCyc:CPD-15302@Charged	MetaCyc:CPD-15302@Charged	
cpd21366	KEGG:C20133	KEGG:C20133	KEGG:C20133	KEGG:C20133	KEGG:C20133	KEGG:C20133	EQ	eQuilibrator:MNXM82929	KEGG:C20133@Charged	eQuilibrator:MNXM82929
cpd21367	MetaCyc:CPD-25391;KEGG:C20134	MetaCyc:CPD-25391;KEGG:C20134	MetaCyc:CPD-25391;KEGG:C20134	MetaCyc:CPD-25391;KEGG:C20134	KEGG:C20134	KEGG:C20134	GC	KEGG:C20134@Charged	KEGG:C20134@Charged	
cpd21368	MetaCyc:CPD-25392;KEGG:C20135	MetaCyc:CPD-25392;KEGG:C20135	MetaCyc:CPD-25392;KEGG:C20135	MetaCyc:CPD-25392;KEGG:C20135	KEGG:C20135	KEGG:C20135	GC	KEGG:C20135@Charged	KEGG:C20135@Charged	
cpd21369	MetaCyc:CPD-25393;KEGG:C20136	MetaCyc:CPD-25393;KEGG:C20136	MetaCyc:CPD-25393;KEGG:C20136	MetaCyc:CPD-25393;KEGG:C20136	KEGG:C20136	KEGG:C20136	GC	KEGG:C20136@Charged	KEGG:C20136@Charged	
cpd21370	MetaCyc:CPD-25394;KEGG:C20137	MetaCyc:CPD-25394;KEGG:C20137	MetaCyc:CPD-25394;KEGG:C20137	MetaCyc:CPD-25394;KEGG:C20137	KEGG:C20137	KEGG:C20137	GC	KEGG:C20137@Charged	KEGG:C20137@Charged	
cpd21371	MetaCyc:CPD-25395;KEGG:C20138	MetaCyc:CPD-25395;KEGG:C20138	MetaCyc:CPD-25395;KEGG:C20138	MetaCyc:CPD-25395;KEGG:C20138	KEGG:C20138	KEGG:C20138	GC	KEGG:C20138@Charged	KEGG:C20138@Charged	
cpd21372	KEGG:C20139	KEGG:C20139	KEGG:C20139	KEGG:C20139	KEGG:C20139	KEGG:C20139	GC	KEGG:C20139@Charged	KEGG:C20139@Charged	
cpd21373	KEGG:C20140	KEGG:C20140	KEGG:C20140	KEGG:C20140	KEGG:C20140	KEGG:C20140	GC	KEGG:C20140@Charged	KEGG:C20140@Charged	
cpd21374	KEGG:C20141	KEGG:C20141	KEGG:C20141	KEGG:C20141		KEGG:C20141	EQ	eQuilibrator:MNXM40151	KEGG:C20141@Charged	eQuilibrator:MNXM40151
cpd21375	MetaCyc:CPD-25691;KEGG:C20142	MetaCyc:CPD-25691;KEGG:C20142	MetaCyc:CPD-25691;KEGG:C20142	MetaCyc:CPD-25691;KEGG:C20142	KEGG:C20142	KEGG:C20142	EQ	eQuilibrator:MNXM40156	KEGG:C20142@Charged	eQuilibrator:MNXM40156
cpd21376	KEGG:C20143	KEGG:C20143	KEGG:C20143	KEGG:C20143	KEGG:C20143	KEGG:C20143	GC	KEGG:C20143@Charged	KEGG:C20143@Charged	eQuilibrator:MNXM723416
cpd21377	MetaCyc:CPD-13704;KEGG:C20144;ChEBI:40799	MetaCyc:CPD-13704;KEGG:C20144;ChEBI:40799	MetaCyc:CPD-13704;KEGG:C20144;ChEBI:40799	MetaCyc:CPD-13704;KEGG:C20144;ChEBI:40799	KEGG:C20144	KEGG:C20144	GC	KEGG:C20144@Charged	KEGG:C20144@Charged	eQuilibrator:MNXM3538
cpd21378	MetaCyc:CPD-11534;KEGG:C20145;ChEBI:50783	MetaCyc:CPD-11534;KEGG:C20145;ChEBI:50783	MetaCyc:CPD-11534;KEGG:C20145;ChEBI:50783	MetaCyc:CPD-11534;KEGG:C20145;ChEBI:50783			GC	MetaCyc:CPD-11534@Charged	MetaCyc:CPD-11534@Charged	
cpd21379	MetaCyc:CPD-13920;KEGG:C20146	MetaCyc:CPD-13920;KEGG:C20146	MetaCyc:CPD-13920;KEGG:C20146	MetaCyc:CPD-13920;KEGG:C20146	KEGG:C20146	KEGG:C20146	GC	KEGG:C20146@Charged	KEGG:C20146@Charged	
cpd21380	MetaCyc:CPD-13921;KEGG:C20147;ChEBI:63656	MetaCyc:CPD-13921;KEGG:C20147;ChEBI:63656	MetaCyc:CPD-13921;KEGG:C20147;ChEBI:63656	MetaCyc:CPD-13921;KEGG:C20147;ChEBI:63656	KEGG:C20147	KEGG:C20147	GC	KEGG:C20147@Charged	KEGG:C20147@Charged	eQuilibrator:MNXM2961
cpd21381	MetaCyc:CPD-13922;KEGG:C20148;ChEBI:63658	MetaCyc:CPD-13922;KEGG:C20148;ChEBI:63658	MetaCyc:CPD-13922;KEGG:C20148;ChEBI:63658	MetaCyc:CPD-13922;KEGG:C20148;ChEBI:63658		KEGG:C20148	GC	KEGG:C20148@Charged	KEGG:C20148@Charged	eQuilibrator:MNXM2959
cpd21382	MetaCyc:CPD-13923;KEGG:C20149@Charged;ChEBI:63659	MetaCyc:CPD-13923;KEGG:C20149@Charged;ChEBI:63659	MetaCyc:CPD-13923;KEGG:C20149@Charged;ChEBI:63659	MetaCyc:CPD-13923;KEGG:C20149@Charged;ChEBI:63659	KEGG:C20149		GC	KEGG:C20149@Charged	KEGG:C20149@Charged	eQuilibrator:MNXM2960
cpd21383	MetaCyc:CPD-13924;KEGG:C20150;ChEBI:63662	MetaCyc:CPD-13924;KEGG:C20150;ChEBI:63662	MetaCyc:CPD-13924;KEGG:C20150;ChEBI:63662	MetaCyc:CPD-13924;KEGG:C20150;ChEBI:63662	KEGG:C20150	KEGG:C20150	GC	KEGG:C20150@Charged	KEGG:C20150@Charged	eQuilibrator:MNXM5736
cpd21384	KEGG:C20151;ChEBI:63663	KEGG:C20151;ChEBI:63663	KEGG:C20151;ChEBI:63663	KEGG:C20151;ChEBI:63663	KEGG:C20151	KEGG:C20151	GC	KEGG:C20151@Charged	KEGG:C20151@Charged	eQuilibrator:MNXM4948
cpd21385	MetaCyc:CPD-13925;KEGG:C20152;ChEBI:63664	MetaCyc:CPD-13925;KEGG:C20152;ChEBI:63664	MetaCyc:CPD-13925;KEGG:C20152;ChEBI:63664	MetaCyc:CPD-13925;KEGG:C20152;ChEBI:63664		KEGG:C20152	GC	MetaCyc:CPD-13925@Charged	MetaCyc:CPD-13925@Charged	eQuilibrator:MNXM5939
cpd21386	MetaCyc:CPD-13926;KEGG:C20153;ChEBI:63665	MetaCyc:CPD-13926;KEGG:C20153;ChEBI:63665	MetaCyc:CPD-13926;KEGG:C20153;ChEBI:63665	MetaCyc:CPD-13926;KEGG:C20153;ChEBI:63665	KEGG:C20153	KEGG:C20153	GC	MetaCyc:CPD-13926@Charged	MetaCyc:CPD-13926@Charged	eQuilibrator:MNXM5583
cpd21387	MetaCyc:CPD-12871;KEGG:C20154;ChEBI:63672	MetaCyc:CPD-12871;KEGG:C20154;ChEBI:63672	MetaCyc:CPD-12871;KEGG:C20154;ChEBI:63672	MetaCyc:CPD-12871;KEGG:C20154;ChEBI:63672	KEGG:C20154	KEGG:C20154	EQ	eQuilibrator:MNXM2938	MetaCyc:CPD-12871@Charged	eQuilibrator:MNXM2938
cpd21388	MetaCyc:CPD-12427;KEGG:C20155;ChEBI:52617	MetaCyc:CPD-12427;KEGG:C20155;ChEBI:52617	MetaCyc:CPD-12427;KEGG:C20155;ChEBI:52617	MetaCyc:CPD-12427@Charged;KEGG:C20155@Charged;ChEBI:52617@Charged	KEGG:C20155	KEGG:C20155	GC	KEGG:C20155@Charged	KEGG:C20155@Charged	eQuilibrator:MNXM2795
cpd21389	MetaCyc:CPD-15596;KEGG:C20156@Charged;ChEBI:63676	MetaCyc:CPD-15596;KEGG:C20156@Charged;ChEBI:63676	MetaCyc:CPD-15596;KEGG:C20156@Charged;ChEBI:63676	MetaCyc:CPD-15596;KEGG:C20156@Charged;ChEBI:63676	KEGG:C20156	KEGG:C20156	EQ	eQuilibrator:MNXM5142	KEGG:C20156@Charged	eQuilibrator:MNXM5142
cpd21390	MetaCyc:CPD-15304;KEGG:C20157	MetaCyc:CPD-15304;KEGG:C20157	MetaCyc:CPD-15304;KEGG:C20157	MetaCyc:CPD-15304;KEGG:C20157	KEGG:C20157	KEGG:C20157	EQ	eQuilibrator:MNXM43781	KEGG:C20157@Charged	eQuilibrator:MNXM43781
cpd21391	MetaCyc:CPD-13929;KEGG:C20158;ChEBI:63683	MetaCyc:CPD-13929;KEGG:C20158;ChEBI:63683	MetaCyc:CPD-13929;KEGG:C20158;ChEBI:63683	MetaCyc:CPD-13929;KEGG:C20158;ChEBI:63683	KEGG:C20158	KEGG:C20158	GC	MetaCyc:CPD-13929@Charged	MetaCyc:CPD-13929@Charged	eQuilibrator:MNXM3388
cpd21392	MetaCyc:CPD-8809;KEGG:C20159;ChEBI:62224	MetaCyc:CPD-8809;KEGG:C20159;ChEBI:62224	MetaCyc:CPD-8809;KEGG:C20159;ChEBI:62224	MetaCyc:CPD-8809;KEGG:C20159;ChEBI:62224			GC	KEGG:C20159@Charged	KEGG:C20159@Charged	eQuilibrator:MNXM5347
cpd21393	KEGG:C20160@Charged	KEGG:C20160@Charged	KEGG:C20160@Charged	KEGG:C20160@Charged	KEGG:C20160	KEGG:C20160	EQ	eQuilibrator:MNXM47855	KEGG:C20160@Charged	eQuilibrator:MNXM47855
cpd21394	MetaCyc:CPD-8749;KEGG:C20161;ChEBI:63443	MetaCyc:CPD-8749;KEGG:C20161;ChEBI:63443	MetaCyc:CPD-8749;KEGG:C20161;ChEBI:63443	MetaCyc:CPD-8749;KEGG:C20161;ChEBI:63443			GC	KEGG:C20161@Charged	KEGG:C20161@Charged	eQuilibrator:MNXM5049
cpd21395	MetaCyc:CPD-13857;KEGG:C20162;ChEBI:63444	MetaCyc:CPD-13857;KEGG:C20162;ChEBI:63444	MetaCyc:CPD-13857;KEGG:C20162;ChEBI:63444	MetaCyc:CPD-13857;KEGG:C20162;ChEBI:63444			GC	KEGG:C20162@Charged	KEGG:C20162@Charged	eQuilibrator:MNXM5331
cpd21396	MetaCyc:CPD-13858;KEGG:C20163;ChEBI:63445	MetaCyc:CPD-13858;KEGG:C20163;ChEBI:63445	MetaCyc:CPD-13858;KEGG:C20163;ChEBI:63445	MetaCyc:CPD-13858;KEGG:C20163;ChEBI:63445			GC	KEGG:C20163@Charged	KEGG:C20163@Charged	eQuilibrator:MNXM5013
cpd21397	KEGG:C20164	KEGG:C20164	KEGG:C20164	KEGG:C20164@Charged	KEGG:C20164	KEGG:C20164	EQ	eQuilibrator:MNXM51597	KEGG:C20164@Charged	eQuilibrator:MNXM51597
cpd21398	KEGG:C20165	KEGG:C20165	KEGG:C20165	KEGG:C20165@Charged	KEGG:C20165	KEGG:C20165	EQ	eQuilibrator:MNXM51635	KEGG:C20165@Charged	eQuilibrator:MNXM51635
cpd21399	KEGG:C20166@Charged	KEGG:C20166@Charged	KEGG:C20166@Charged	KEGG:C20166@Charged	KEGG:C20166	KEGG:C20166	GC	KEGG:C20166@Charged	KEGG:C20166@Charged	
cpd21400	KEGG:C20167@Charged	KEGG:C20167@Charged	KEGG:C20167@Charged	KEGG:C20167@Charged	KEGG:C20167	KEGG:C20167	GC	KEGG:C20167@Charged	KEGG:C20167@Charged	
cpd21401	KEGG:C20168@Charged	KEGG:C20168@Charged	KEGG:C20168@Charged	KEGG:C20168@Charged	KEGG:C20168	KEGG:C20168	GC	KEGG:C20168@Charged	KEGG:C20168@Charged	
cpd21402	KEGG:C20169@Charged	KEGG:C20169@Charged	KEGG:C20169@Charged	KEGG:C20169@Charged	KEGG:C20169	KEGG:C20169	GC	KEGG:C20169@Charged	KEGG:C20169@Charged	
cpd21403	KEGG:C20170	KEGG:C20170	KEGG:C20170	KEGG:C20170		KEGG:C20170	GC	KEGG:C20170@Charged	KEGG:C20170@Charged	
cpd21404	KEGG:C20171@Charged	KEGG:C20171@Charged	KEGG:C20171@Charged	KEGG:C20171@Charged	KEGG:C20171	KEGG:C20171	GC	KEGG:C20171@Charged	KEGG:C20171@Charged	
cpd21405	MetaCyc:CPD-13860;ChEBI:63446	MetaCyc:CPD-13860;ChEBI:63446	MetaCyc:CPD-13860;ChEBI:63446	MetaCyc:CPD-13860;ChEBI:63446	KEGG:C20172	KEGG:C20172	GC	MetaCyc:CPD-13860@Charged	MetaCyc:CPD-13860@Charged	
cpd21406	MetaCyc:CPD-8787;KEGG:C20173;ChEBI:63205	MetaCyc:CPD-8787;KEGG:C20173;ChEBI:63205	MetaCyc:CPD-8787;KEGG:C20173;ChEBI:63205	MetaCyc:CPD-8787;KEGG:C20173;ChEBI:63205			GC	KEGG:C20173@Charged	KEGG:C20173@Charged	eQuilibrator:MNXM4887
cpd21407	KEGG:C20174;ChEBI:63447	KEGG:C20174;ChEBI:63447	KEGG:C20174;ChEBI:63447	KEGG:C20174;ChEBI:63447			GC	KEGG:C20174@Charged	KEGG:C20174@Charged	eQuilibrator:MNXM4564
cpd21408	KEGG:C20175;ChEBI:63709	KEGG:C20175;ChEBI:63709	KEGG:C20175;ChEBI:63709	KEGG:C20175;ChEBI:63709			GC	KEGG:C20175@Charged	KEGG:C20175@Charged	eQuilibrator:MNXM5643
cpd21409	MetaCyc:CPD-13853@Charged;KEGG:C20176@Charged;ChEBI:63715@Charged	MetaCyc:CPD-13853@Charged;KEGG:C20176@Charged;ChEBI:63715@Charged	MetaCyc:CPD-13853@Charged;KEGG:C20176@Charged;ChEBI:63715@Charged	MetaCyc:CPD-13853@Charged;KEGG:C20176@Charged;ChEBI:63715@Charged	KEGG:C20176	KEGG:C20176	GC	MetaCyc:CPD-13853@Charged	MetaCyc:CPD-13853@Charged	
cpd21410	MetaCyc:CPD-13875;KEGG:C20177;ChEBI:63710	MetaCyc:CPD-13875;KEGG:C20177;ChEBI:63710	MetaCyc:CPD-13875;KEGG:C20177;ChEBI:63710	MetaCyc:CPD-13875;KEGG:C20177;ChEBI:63710			GC	KEGG:C20177@Charged	KEGG:C20177@Charged	eQuilibrator:MNXM5927
cpd21411	MetaCyc:CPD-13874;KEGG:C20178;ChEBI:63711	MetaCyc:CPD-13874;KEGG:C20178;ChEBI:63711	MetaCyc:CPD-13874;KEGG:C20178;ChEBI:63711	MetaCyc:CPD-13874;KEGG:C20178;ChEBI:63711			GC	MetaCyc:CPD-13874@Charged	MetaCyc:CPD-13874@Charged	
cpd21412	MetaCyc:CPD-11393;KEGG:C20179;ChEBI:63696	MetaCyc:CPD-11393;KEGG:C20179;ChEBI:63696	MetaCyc:CPD-11393;KEGG:C20179;ChEBI:63696	MetaCyc:CPD-11393;KEGG:C20179;ChEBI:63696			EQ	eQuilibrator:MNXM5763	KEGG:C20179@Charged	eQuilibrator:MNXM5763
cpd21413	MetaCyc:CPD-8243;ChEBI:63701	MetaCyc:CPD-8243;ChEBI:63701	MetaCyc:CPD-8243;ChEBI:63701	MetaCyc:CPD-8243;ChEBI:63701			EQ	eQuilibrator:MNXM4892	MetaCyc:CPD-8243@Charged	eQuilibrator:MNXM4892
cpd21414	MetaCyc:CPD-13863;KEGG:C20181;ChEBI:63702	MetaCyc:CPD-13863;KEGG:C20181;ChEBI:63702	MetaCyc:CPD-13863;KEGG:C20181;ChEBI:63702	MetaCyc:CPD-13863;KEGG:C20181;ChEBI:63702	KEGG:C20181	KEGG:C20181	GC	KEGG:C20181@Charged	KEGG:C20181@Charged	eQuilibrator:MNXM5630
cpd21415	MetaCyc:CPD-13866;KEGG:C20182;ChEBI:63703	MetaCyc:CPD-13866;KEGG:C20182;ChEBI:63703	MetaCyc:CPD-13866;KEGG:C20182;ChEBI:63703	MetaCyc:CPD-13866;KEGG:C20182;ChEBI:63703			GC	MetaCyc:CPD-13866@Charged	MetaCyc:CPD-13866@Charged	eQuilibrator:MNXM4894
cpd21416	MetaCyc:CPD-13855@Charged;KEGG:C20183@Charged;ChEBI:63714@Charged	MetaCyc:CPD-13855@Charged;KEGG:C20183@Charged;ChEBI:63714@Charged	MetaCyc:CPD-13855@Charged;KEGG:C20183@Charged;ChEBI:63714@Charged	KEGG:C20183@Charged	KEGG:C20183	KEGG:C20183	GC	MetaCyc:CPD-13855@Charged	MetaCyc:CPD-13855@Charged	eQuilibrator:MNXM3884
cpd21417	MetaCyc:CPD-13867;KEGG:C20184;ChEBI:63704	MetaCyc:CPD-13867;KEGG:C20184;ChEBI:63704	MetaCyc:CPD-13867;KEGG:C20184;ChEBI:63704	MetaCyc:CPD-13867;KEGG:C20184;ChEBI:63704		KEGG:C20184	GC	KEGG:C20184@Charged	KEGG:C20184@Charged	eQuilibrator:MNXM4890
cpd21418	MetaCyc:CPD-13868;KEGG:C20185;ChEBI:63707	MetaCyc:CPD-13868;KEGG:C20185;ChEBI:63707	MetaCyc:CPD-13868;KEGG:C20185;ChEBI:63707	MetaCyc:CPD-13868;KEGG:C20185;ChEBI:63707			GC	KEGG:C20185@Charged	KEGG:C20185@Charged	eQuilibrator:MNXM4898
cpd21419	MetaCyc:CPD-13765;KEGG:C20186@Charged;ChEBI:63217	MetaCyc:CPD-13765;KEGG:C20186@Charged;ChEBI:63217	MetaCyc:CPD-13765;KEGG:C20186@Charged;ChEBI:63217	MetaCyc:CPD-13765;KEGG:C20186@Charged;ChEBI:63217	KEGG:C20186	KEGG:C20186	EQ	eQuilibrator:MNXM5375	MetaCyc:CPD-13765@Charged	eQuilibrator:MNXM5375
cpd21420	MetaCyc:CPD-13880;KEGG:C20187;ChEBI:63461	MetaCyc:CPD-13880;KEGG:C20187;ChEBI:63461	MetaCyc:CPD-13880;KEGG:C20187;ChEBI:63461	MetaCyc:CPD-13880;KEGG:C20187;ChEBI:63461	KEGG:C20187	KEGG:C20187	GC	KEGG:C20187@Charged	KEGG:C20187@Charged	eQuilibrator:MNXM5598
cpd21421	MetaCyc:CPD-13048;KEGG:C20188;ChEBI:63462	MetaCyc:CPD-13048;KEGG:C20188;ChEBI:63462	MetaCyc:CPD-13048;KEGG:C20188;ChEBI:63462	MetaCyc:CPD-13048;KEGG:C20188;ChEBI:63462	KEGG:C20188	KEGG:C20188	GC	MetaCyc:CPD-13048@Charged	MetaCyc:CPD-13048@Charged	eQuilibrator:MNXM5773
cpd21422	KEGG:C20189;ChEBI:63463	KEGG:C20189;ChEBI:63463	KEGG:C20189;ChEBI:63463	KEGG:C20189;ChEBI:63463		KEGG:C20189	GC	KEGG:C20189@Charged	KEGG:C20189@Charged	
cpd21423	MetaCyc:CPD-11932;KEGG:C20190@Charged;ChEBI:63740	MetaCyc:CPD-11932;KEGG:C20190@Charged;ChEBI:63740	MetaCyc:CPD-11932;KEGG:C20190@Charged;ChEBI:63740	MetaCyc:CPD-11932;KEGG:C20190@Charged;ChEBI:63740	KEGG:C20190	KEGG:C20190	GC	KEGG:C20190@Charged	KEGG:C20190@Charged	
cpd21424	MetaCyc:CPD-13882;KEGG:C20191;ChEBI:63464	MetaCyc:CPD-13882;KEGG:C20191;ChEBI:63464	MetaCyc:CPD-13882;KEGG:C20191;ChEBI:63464	MetaCyc:CPD-13882;KEGG:C20191;ChEBI:63464	KEGG:C20191	KEGG:C20191	GC	KEGG:C20191@Charged	KEGG:C20191@Charged	eQuilibrator:MNXM5054
cpd21425	MetaCyc:CPD-10285;KEGG:C20192;ChEBI:63465	MetaCyc:CPD-10285;KEGG:C20192;ChEBI:63465	MetaCyc:CPD-10285;KEGG:C20192;ChEBI:63465	MetaCyc:CPD-10285;KEGG:C20192;ChEBI:63465	KEGG:C20192	KEGG:C20192	EQ	eQuilibrator:MNXM5216	KEGG:C20192@Charged	eQuilibrator:MNXM5216
cpd21426	MetaCyc:CPD-13883;KEGG:C20193;ChEBI:63466	MetaCyc:CPD-13883;KEGG:C20193;ChEBI:63466	MetaCyc:CPD-13883;KEGG:C20193;ChEBI:63466	MetaCyc:CPD-13883;KEGG:C20193;ChEBI:63466	KEGG:C20193	KEGG:C20193	GC	KEGG:C20193@Charged	KEGG:C20193@Charged	eQuilibrator:MNXM5075
cpd21427	MetaCyc:CPD-13885;KEGG:C20194;ChEBI:63467	MetaCyc:CPD-13885;KEGG:C20194;ChEBI:63467	MetaCyc:CPD-13885;KEGG:C20194;ChEBI:63467	MetaCyc:CPD-13885;KEGG:C20194;ChEBI:63467	KEGG:C20194	KEGG:C20194	GC	KEGG:C20194@Charged	KEGG:C20194@Charged	eQuilibrator:MNXM5120
cpd21428	KEGG:C20195;ChEBI:63468	KEGG:C20195;ChEBI:63468	KEGG:C20195;ChEBI:63468	KEGG:C20195;ChEBI:63468	KEGG:C20195	KEGG:C20195	GC	KEGG:C20195@Charged	KEGG:C20195@Charged	eQuilibrator:MNXM5954
cpd21429	KEGG:C20196	KEGG:C20196	KEGG:C20196	KEGG:C20196	KEGG:C20196	KEGG:C20196	GC	KEGG:C20196@Charged	KEGG:C20196@Charged	eQuilibrator:MNXM108678
cpd21430	KEGG:C20197	KEGG:C20197	KEGG:C20197	KEGG:C20197	KEGG:C20197	KEGG:C20197	GC	KEGG:C20197@Charged	KEGG:C20197@Charged	eQuilibrator:MNXM108275
cpd21431	MetaCyc:CPD-11561@Charged;KEGG:C20198@Charged;ChEBI:63813@Charged	MetaCyc:CPD-11561@Charged;KEGG:C20198@Charged;ChEBI:63813@Charged	MetaCyc:CPD-11561@Charged;KEGG:C20198@Charged;ChEBI:63813@Charged	MetaCyc:CPD-11561@Charged;KEGG:C20198@Charged;ChEBI:63813@Charged	KEGG:C20198	KEGG:C20198	GC	KEGG:C20198@Charged	KEGG:C20198@Charged	
cpd21432	MetaCyc:CPD-13711;KEGG:C20199@Charged;ChEBI:63692	MetaCyc:CPD-13711;KEGG:C20199@Charged;ChEBI:63692	MetaCyc:CPD-13711;KEGG:C20199@Charged;ChEBI:63692	MetaCyc:CPD-13711;KEGG:C20199@Charged;ChEBI:63692	KEGG:C20199	KEGG:C20199	GC	MetaCyc:CPD-13711@Charged	MetaCyc:CPD-13711@Charged	eQuilibrator:MNXM5033
cpd21433	MetaCyc:CPD-10308;KEGG:C20200;ChEBI:63712	MetaCyc:CPD-10308;KEGG:C20200;ChEBI:63712	MetaCyc:CPD-10308;KEGG:C20200;ChEBI:63712	MetaCyc:CPD-10308;KEGG:C20200;ChEBI:63712	KEGG:C20200	KEGG:C20200	GC	MetaCyc:CPD-10308@Charged	MetaCyc:CPD-10308@Charged	eQuilibrator:MNXM5632
cpd21434	MetaCyc:CPD-13657;KEGG:C20201;ChEBI:38229	MetaCyc:CPD-13657;KEGG:C20201;ChEBI:38229	MetaCyc:CPD-13657;KEGG:C20201;ChEBI:38229	MetaCyc:CPD-13657;KEGG:C20201;ChEBI:38229		KEGG:C20201	GC	KEGG:C20201@Charged	KEGG:C20201@Charged	eQuilibrator:MNXM5352
cpd21435	KEGG:C20202@Charged	KEGG:C20202@Charged	KEGG:C20202@Charged	KEGG:C20202@Charged	KEGG:C20202	KEGG:C20202	EQ		KEGG:C20202@Charged	
cpd21436	KEGG:C20203	KEGG:C20203	KEGG:C20203	KEGG:C20203	KEGG:C20203	KEGG:C20203	EQ	eQuilibrator:MNXM45457	KEGG:C20203@Charged	eQuilibrator:MNXM45457
cpd21437	KEGG:C20204	KEGG:C20204	KEGG:C20204	KEGG:C20204	KEGG:C20204	KEGG:C20204	EQ	eQuilibrator:MNXM52230	KEGG:C20204@Charged	eQuilibrator:MNXM52230
cpd21438	KEGG:C20205@Charged	KEGG:C20205@Charged	KEGG:C20205@Charged	KEGG:C20205@Charged		KEGG:C20205	GC	KEGG:C20205@Charged	KEGG:C20205@Charged	
cpd21439	KEGG:C20206@Charged	KEGG:C20206@Charged	KEGG:C20206@Charged	KEGG:C20206@Charged	KEGG:C20206	KEGG:C20206	GC	KEGG:C20206@Charged	KEGG:C20206@Charged	
cpd21440	KEGG:C20207	KEGG:C20207	KEGG:C20207	KEGG:C20207	KEGG:C20207	KEGG:C20207	EQ		KEGG:C20207@Charged	
cpd21441	MetaCyc:CPD-16681@Charged;KEGG:C20208@Charged	MetaCyc:CPD-16681@Charged;KEGG:C20208@Charged	MetaCyc:CPD-16681@Charged;KEGG:C20208@Charged	MetaCyc:CPD-16681@Charged;KEGG:C20208@Charged	KEGG:C20208		GC	MetaCyc:CPD-16681@Charged	MetaCyc:CPD-16681@Charged	
cpd21442	KEGG:C20209@Charged	KEGG:C20209@Charged	KEGG:C20209@Charged	KEGG:C20209@Charged	KEGG:C20209	KEGG:C20209	GC	KEGG:C20209@Charged	KEGG:C20209@Charged	eQuilibrator:MNXM61270
cpd21443	KEGG:C20210	KEGG:C20210	KEGG:C20210	KEGG:C20210	KEGG:C20210	KEGG:C20210	GC	KEGG:C20210@Charged	KEGG:C20210@Charged	eQuilibrator:MNXM104998
cpd21444	KEGG:C20211	KEGG:C20211	KEGG:C20211	KEGG:C20211	KEGG:C20211	KEGG:C20211	EQ	eQuilibrator:MNXM101229	KEGG:C20211@Charged	eQuilibrator:MNXM101229
cpd21445	KEGG:C20212@Charged;ChEBI:145011	KEGG:C20212@Charged;ChEBI:145011	KEGG:C20212@Charged;ChEBI:145011	KEGG:C20212@Charged;ChEBI:145011	KEGG:C20212	KEGG:C20212	GC	KEGG:C20212@Charged	KEGG:C20212@Charged	
cpd21446	KEGG:C20213	KEGG:C20213	KEGG:C20213	KEGG:C20213	KEGG:C20213	KEGG:C20213	EQ	eQuilibrator:MNXM42164	KEGG:C20213@Charged	eQuilibrator:MNXM42164
cpd21447	KEGG:C20214	KEGG:C20214	KEGG:C20214	KEGG:C20214	KEGG:C20214	KEGG:C20214	GC	KEGG:C20214@Charged	KEGG:C20214@Charged	eQuilibrator:MNXM42062
cpd21448	MetaCyc:CPD-9331	MetaCyc:CPD-9331	MetaCyc:CPD-9331	MetaCyc:CPD-9331	KEGG:C20215	KEGG:C20215	GC	MetaCyc:CPD-9331@Charged	MetaCyc:CPD-9331@Charged	
cpd21449	MetaCyc:CPD-9182;KEGG:C20216	MetaCyc:CPD-9182;KEGG:C20216	MetaCyc:CPD-9182;KEGG:C20216	MetaCyc:CPD-9182;KEGG:C20216	KEGG:C20216	KEGG:C20216	EQ	eQuilibrator:MNXM64922	MetaCyc:CPD-9182@Charged	eQuilibrator:MNXM64922
cpd21450	KEGG:C20217	KEGG:C20217	KEGG:C20217	KEGG:C20217	KEGG:C20217	KEGG:C20217	EQ	eQuilibrator:MNXM45386	KEGG:C20217@Charged	eQuilibrator:MNXM45386
cpd21451	KEGG:C20218	KEGG:C20218	KEGG:C20218	KEGG:C20218	KEGG:C20218	KEGG:C20218	GC	KEGG:C20218@Charged	KEGG:C20218@Charged	eQuilibrator:MNXM45387
cpd21452	KEGG:C20219	KEGG:C20219	KEGG:C20219	KEGG:C20219	KEGG:C20219	KEGG:C20219	EQ	eQuilibrator:MNXM103493	KEGG:C20219@Charged	eQuilibrator:MNXM103493
cpd21453	KEGG:C20220	KEGG:C20220	KEGG:C20220	KEGG:C20220	KEGG:C20220	KEGG:C20220	GC	KEGG:C20220@Charged	KEGG:C20220@Charged	
cpd21454	MetaCyc:CPD-14000;KEGG:C20221;ChEBI:64259	MetaCyc:CPD-14000;KEGG:C20221;ChEBI:64259	MetaCyc:CPD-14000;KEGG:C20221;ChEBI:64259	MetaCyc:CPD-14000;KEGG:C20221;ChEBI:64259	KEGG:C20221	KEGG:C20221	EQ	eQuilibrator:MNXM3401	MetaCyc:CPD-14000@Charged	eQuilibrator:MNXM3401
cpd21455	MetaCyc:CPD-9977;KEGG:C20222;ChEBI:64238	MetaCyc:CPD-9977;KEGG:C20222;ChEBI:64238	MetaCyc:CPD-9977;KEGG:C20222;ChEBI:64238	MetaCyc:CPD-9977;KEGG:C20222;ChEBI:64238	KEGG:C20222	KEGG:C20222	EQ	eQuilibrator:MNXM2895	KEGG:C20222@Charged	eQuilibrator:MNXM2895
cpd21456	MetaCyc:CPD-9976;KEGG:C20223;ChEBI:64236	MetaCyc:CPD-9976;KEGG:C20223;ChEBI:64236	MetaCyc:CPD-9976;KEGG:C20223;ChEBI:64236	MetaCyc:CPD-9976;KEGG:C20223;ChEBI:64236	KEGG:C20223	KEGG:C20223	EQ	eQuilibrator:MNXM2896	MetaCyc:CPD-9976@Charged	eQuilibrator:MNXM2896
cpd21457	KEGG:C20224;ChEBI:64292	KEGG:C20224;ChEBI:64292		KEGG:C20224;ChEBI:64292	KEGG:C20224	KEGG:C20224	GC	KEGG:C20224@Charged	KEGG:C20224@Charged	
cpd21458	MetaCyc:CPD-9875;KEGG:C20225;ChEBI:47905	MetaCyc:CPD-9875;KEGG:C20225;ChEBI:47905	MetaCyc:CPD-9875;KEGG:C20225;ChEBI:47905	MetaCyc:CPD-9875;KEGG:C20225;ChEBI:47905	KEGG:C20225	KEGG:C20225	EQ	eQuilibrator:MNXM2997	KEGG:C20225@Charged	eQuilibrator:MNXM2997
cpd21459	MetaCyc:CPD-13931;KEGG:C20226;ChEBI:51507	MetaCyc:CPD-13931;KEGG:C20226;ChEBI:51507	MetaCyc:CPD-13931;KEGG:C20226;ChEBI:51507	MetaCyc:CPD-13931;KEGG:C20226;ChEBI:51507		KEGG:C20226	EQ	eQuilibrator:MNXM2349	MetaCyc:CPD-13931@Charged	eQuilibrator:MNXM2349
cpd21460	MetaCyc:CPD-13932;KEGG:C20227;ChEBI:51510	MetaCyc:CPD-13932;KEGG:C20227;ChEBI:51510	MetaCyc:CPD-13932;KEGG:C20227;ChEBI:51510	MetaCyc:CPD-13932;KEGG:C20227;ChEBI:51510	KEGG:C20227	KEGG:C20227	EQ	eQuilibrator:MNXM5393	MetaCyc:CPD-13932@Charged	eQuilibrator:MNXM5393
cpd21461	MetaCyc:CPD-13933;KEGG:C20228;ChEBI:51509	MetaCyc:CPD-13933;KEGG:C20228;ChEBI:51509	MetaCyc:CPD-13933;KEGG:C20228;ChEBI:51509	MetaCyc:CPD-13933;KEGG:C20228;ChEBI:51509	KEGG:C20228	KEGG:C20228	EQ	eQuilibrator:MNXM90672	KEGG:C20228@Charged	eQuilibrator:MNXM90672
cpd21462	MetaCyc:CPD-11422;KEGG:C20229;ChEBI:63893	MetaCyc:CPD-11422;KEGG:C20229;ChEBI:63893	MetaCyc:CPD-11422;KEGG:C20229;ChEBI:63893	MetaCyc:CPD-11422;KEGG:C20229;ChEBI:63893	KEGG:C20229	KEGG:C20229	EQ	eQuilibrator:MNXM2906	MetaCyc:CPD-11422@Charged	eQuilibrator:MNXM2906
cpd21463	MetaCyc:CPD-14013;KEGG:C20230;ChEBI:50029	MetaCyc:CPD-14013;KEGG:C20230;ChEBI:50029	MetaCyc:CPD-14013;KEGG:C20230;ChEBI:50029	MetaCyc:CPD-14013;KEGG:C20230;ChEBI:50029			GC	KEGG:C20230@Charged	KEGG:C20230@Charged	eQuilibrator:MNXM3392
cpd21464	MetaCyc:CPD0-2338;KEGG:C20231	MetaCyc:CPD0-2338;KEGG:C20231	MetaCyc:CPD0-2338;KEGG:C20231	MetaCyc:CPD0-2338;KEGG:C20231	KEGG:C20231	KEGG:C20231	GC	MetaCyc:CPD0-2338@Charged	MetaCyc:CPD0-2338@Charged	
cpd21465	MetaCyc:CPD-13927;KEGG:C20232	MetaCyc:CPD-13927;KEGG:C20232	MetaCyc:CPD-13927;KEGG:C20232	MetaCyc:CPD-13927;KEGG:C20232	KEGG:C20232	KEGG:C20232	GC	MetaCyc:CPD-13927@Charged	MetaCyc:CPD-13927@Charged	
cpd21466	KEGG:C20233@Charged	KEGG:C20233@Charged	KEGG:C20233@Charged	KEGG:C20233@Charged	KEGG:C20233	KEGG:C20233	GC	KEGG:C20233@Charged	KEGG:C20233@Charged	
cpd21467	MetaCyc:CPD-12430;KEGG:C20234;ChEBI:64263	MetaCyc:CPD-12430;KEGG:C20234;ChEBI:64263	MetaCyc:CPD-12430;KEGG:C20234;ChEBI:64263	MetaCyc:CPD-12430;KEGG:C20234@Charged;ChEBI:64263	KEGG:C20234	KEGG:C20234	EQ	eQuilibrator:MNXM5014	KEGG:C20234@Charged	eQuilibrator:MNXM5014
cpd21468	MetaCyc:CPD-14015@Charged;KEGG:C20235@Charged;ChEBI:61984@Charged	MetaCyc:CPD-14015@Charged;KEGG:C20235@Charged;ChEBI:61984@Charged	MetaCyc:CPD-14015@Charged;KEGG:C20235@Charged;ChEBI:61984@Charged	MetaCyc:CPD-14015@Charged;KEGG:C20235@Charged;ChEBI:61984@Charged	KEGG:C20235		EQ	eQuilibrator:MNXM3126	MetaCyc:CPD-14015@Charged	eQuilibrator:MNXM3126
cpd21469	MetaCyc:CPD-14017;KEGG:C20236;ChEBI:64351	MetaCyc:CPD-14017;KEGG:C20236;ChEBI:64351	MetaCyc:CPD-14017;KEGG:C20236;ChEBI:64351	MetaCyc:CPD-14017;KEGG:C20236;ChEBI:64351	KEGG:C20236	KEGG:C20236	EQ	eQuilibrator:MNXM16324	MetaCyc:CPD-14017@Charged	eQuilibrator:MNXM16324
cpd21470	MetaCyc:CPD-13997;KEGG:C20237@Charged;ChEBI:63576	MetaCyc:CPD-13997;KEGG:C20237@Charged;ChEBI:63576	MetaCyc:CPD-13997;KEGG:C20237@Charged;ChEBI:63576	MetaCyc:CPD-13997;KEGG:C20237@Charged;ChEBI:63576	KEGG:C20237	KEGG:C20237	EQ	eQuilibrator:MNXM5617	MetaCyc:CPD-13997@Charged	eQuilibrator:MNXM5617
cpd21471	MetaCyc:CPD-17635;KEGG:C20238@Charged;ChEBI:85316	MetaCyc:CPD-17635;KEGG:C20238@Charged;ChEBI:85316	MetaCyc:CPD-17635;KEGG:C20238@Charged;ChEBI:85316	MetaCyc:CPD-17635;KEGG:C20238@Charged;ChEBI:85316	KEGG:C20238	KEGG:C20238	EQ	eQuilibrator:MNXM91032	MetaCyc:CPD-17635@Charged	eQuilibrator:MNXM91032
cpd21472	MetaCyc:CPD0-1699;KEGG:C20239@Charged;ChEBI:61032	MetaCyc:CPD0-1699;KEGG:C20239@Charged;ChEBI:61032	MetaCyc:CPD0-1699;KEGG:C20239@Charged;ChEBI:61032	MetaCyc:CPD0-1699@Charged;KEGG:C20239@Charged;ChEBI:61032@Charged	KEGG:C20239	KEGG:C20239	GC	MetaCyc:CPD0-1699@Charged	MetaCyc:CPD0-1699@Charged	eQuilibrator:MNXM3194
cpd21473	MetaCyc:CPD-13712@Charged;KEGG:C20240@Charged	MetaCyc:CPD-13712@Charged;KEGG:C20240@Charged	MetaCyc:CPD-13712@Charged;KEGG:C20240@Charged	MetaCyc:CPD-13712@Charged;KEGG:C20240@Charged	KEGG:C20240	KEGG:C20240	EQ		KEGG:C20240@Charged	
cpd21474	KEGG:C20241;ChEBI:64266	KEGG:C20241;ChEBI:64266	KEGG:C20241;ChEBI:64266	KEGG:C20241;ChEBI:64266			GC	KEGG:C20241@Charged	KEGG:C20241@Charged	
cpd21475	MetaCyc:CPD-14012;KEGG:C20242;ChEBI:50028	MetaCyc:CPD-14012;KEGG:C20242;ChEBI:50028	MetaCyc:CPD-14012;KEGG:C20242;ChEBI:50028	MetaCyc:CPD-14012;KEGG:C20242;ChEBI:50028			GC	KEGG:C20242@Charged	KEGG:C20242@Charged	eQuilibrator:MNXM5362
cpd21476	KEGG:C20243	KEGG:C20243	KEGG:C20243	KEGG:C20243		KEGG:C20243	GC	KEGG:C20243@Charged	KEGG:C20243@Charged	
cpd21477	MetaCyc:CPD-8755;KEGG:C20244;ChEBI:50026	MetaCyc:CPD-8755;KEGG:C20244;ChEBI:50026	MetaCyc:CPD-8755;KEGG:C20244;ChEBI:50026	MetaCyc:CPD-8755;KEGG:C20244;ChEBI:50026			GC	KEGG:C20244@Charged	KEGG:C20244@Charged	eQuilibrator:MNXM5341
cpd21478	MetaCyc:CPD-14021;KEGG:C20245@Charged;ChEBI:64353	MetaCyc:CPD-14021;KEGG:C20245@Charged;ChEBI:64353	MetaCyc:CPD-14021;KEGG:C20245@Charged;ChEBI:64353	MetaCyc:CPD-14021;KEGG:C20245@Charged;ChEBI:64353	KEGG:C20245	KEGG:C20245	EQ	eQuilibrator:MNXM22350	KEGG:C20245@Charged	eQuilibrator:MNXM22350
cpd21479	MetaCyc:CPD-13575;KEGG:C20246@Charged;ChEBI:62899	MetaCyc:CPD-13575;KEGG:C20246@Charged;ChEBI:62899	MetaCyc:CPD-13575;KEGG:C20246@Charged;ChEBI:62899	MetaCyc:CPD-13575;KEGG:C20246@Charged;ChEBI:62899	KEGG:C20246	KEGG:C20246	GC	KEGG:C20246@Charged	KEGG:C20246@Charged	eQuilibrator:MNXM2758
cpd21480	MetaCyc:CPD-13576;KEGG:C20247@Charged;ChEBI:62890	MetaCyc:CPD-13576;KEGG:C20247@Charged;ChEBI:62890	MetaCyc:CPD-13576;KEGG:C20247@Charged;ChEBI:62890	MetaCyc:CPD-13576;KEGG:C20247@Charged;ChEBI:62890	KEGG:C20247	KEGG:C20247	GC	MetaCyc:CPD-13576@Charged	MetaCyc:CPD-13576@Charged	eQuilibrator:MNXM4961
cpd21481	MetaCyc:CPD-13043;KEGG:C20248@Charged;ChEBI:61036	MetaCyc:CPD-13043;KEGG:C20248@Charged;ChEBI:61036	MetaCyc:CPD-13043;KEGG:C20248@Charged;ChEBI:61036	MetaCyc:CPD-13043;KEGG:C20248@Charged;ChEBI:61036	KEGG:C20248	KEGG:C20248	GC	KEGG:C20248@Charged	KEGG:C20248@Charged	eQuilibrator:MNXM5026
cpd21482	MetaCyc:CPD0-2340;KEGG:C20249;ChEBI:59892	MetaCyc:CPD0-2340;KEGG:C20249;ChEBI:59892	MetaCyc:CPD0-2340;KEGG:C20249;ChEBI:59892	MetaCyc:CPD0-2340;KEGG:C20249;ChEBI:59892	KEGG:C20249	KEGG:C20249	GC	MetaCyc:CPD0-2340@Charged	MetaCyc:CPD0-2340@Charged	
cpd21483	MetaCyc:CPD-13930;KEGG:C20250	MetaCyc:CPD-13930;KEGG:C20250	MetaCyc:CPD-13930;KEGG:C20250	MetaCyc:CPD-13930;KEGG:C20250	KEGG:C20250	KEGG:C20250	GC	KEGG:C20250@Charged	KEGG:C20250@Charged	
cpd21484	MetaCyc:CPD-365;KEGG:C20251;ChEBI:50920	MetaCyc:CPD-365;KEGG:C20251;ChEBI:50920	MetaCyc:CPD-365;KEGG:C20251;ChEBI:50920	MetaCyc:CPD-365;KEGG:C20251;ChEBI:50920	KEGG:C20251	KEGG:C20251	EQ	eQuilibrator:MNXM90317	KEGG:C20251@Charged	eQuilibrator:MNXM90317
cpd21485	MetaCyc:CPD66-29;KEGG:C20252;ChEBI:83865	MetaCyc:CPD66-29;KEGG:C20252;ChEBI:83865	MetaCyc:CPD66-29;KEGG:C20252;ChEBI:83865	MetaCyc:CPD66-29;KEGG:C20252;ChEBI:83865	KEGG:C20252	KEGG:C20252	GC	KEGG:C20252@Charged	KEGG:C20252@Charged	eQuilibrator:MNXM4390
cpd21486	MetaCyc:CPD0-2339;KEGG:C20253@Charged;ChEBI:59894	MetaCyc:CPD0-2339;KEGG:C20253@Charged;ChEBI:59894	MetaCyc:CPD0-2339;KEGG:C20253@Charged;ChEBI:59894	MetaCyc:CPD0-2339;KEGG:C20253@Charged;ChEBI:59894	KEGG:C20253	KEGG:C20253	EQ	eQuilibrator:MNXM162288	MetaCyc:CPD0-2339@Charged	eQuilibrator:MNXM162288
cpd21487	MetaCyc:CPD0-2331;KEGG:C20254@Charged;ChEBI:59891	MetaCyc:CPD0-2331;KEGG:C20254@Charged;ChEBI:59891	MetaCyc:CPD0-2331;KEGG:C20254@Charged;ChEBI:59891	MetaCyc:CPD0-2331;KEGG:C20254@Charged;ChEBI:59891	KEGG:C20254	KEGG:C20254	EQ	eQuilibrator:MNXM4213	KEGG:C20254@Charged	eQuilibrator:MNXM4213
cpd21488	MetaCyc:CPD-14443;KEGG:C20258@Charged;ChEBI:67139	MetaCyc:CPD-14443;KEGG:C20258@Charged;ChEBI:67139	MetaCyc:CPD-14443;KEGG:C20258@Charged;ChEBI:67139	MetaCyc:CPD-14443;KEGG:C20258@Charged;ChEBI:67139	KEGG:C20258	KEGG:C20258	EQ	eQuilibrator:MNXM30985	MetaCyc:CPD-14443@Charged	eQuilibrator:MNXM30985
cpd21489	KEGG:C20259	KEGG:C20259	KEGG:C20259	KEGG:C20259	KEGG:C20259	KEGG:C20259	GC	KEGG:C20259@Charged	KEGG:C20259@Charged	
cpd21490	MetaCyc:CPD-13996	MetaCyc:CPD-13996	MetaCyc:CPD-13996	MetaCyc:CPD-13996		KEGG:C20260	GC	MetaCyc:CPD-13996@Charged	MetaCyc:CPD-13996@Charged	
cpd21491	MetaCyc:CPD-13995	MetaCyc:CPD-13995	MetaCyc:CPD-13995	MetaCyc:CPD-13995	KEGG:C20261	KEGG:C20261	GC	MetaCyc:CPD-13995@Charged	MetaCyc:CPD-13995@Charged	
cpd21492	MetaCyc:CPD-11421;KEGG:C20262;ChEBI:63892	MetaCyc:CPD-11421;KEGG:C20262;ChEBI:63892	MetaCyc:CPD-11421;KEGG:C20262;ChEBI:63892	MetaCyc:CPD-11421;KEGG:C20262;ChEBI:63892		KEGG:C20262	EQ	eQuilibrator:MNXM5990	KEGG:C20262@Charged	eQuilibrator:MNXM5990
cpd21493	MetaCyc:CPD-14203;KEGG:C20263;ChEBI:64240	MetaCyc:CPD-14203;KEGG:C20263;ChEBI:64240	MetaCyc:CPD-14203;KEGG:C20263;ChEBI:64240	MetaCyc:CPD-14203@Charged;KEGG:C20263;ChEBI:64240@Charged	KEGG:C20263	KEGG:C20263	GC	KEGG:C20263@Charged	KEGG:C20263@Charged	eQuilibrator:MNXM90843
cpd21494	KEGG:C20264	KEGG:C20264	KEGG:C20264	KEGG:C20264@Charged	KEGG:C20264	KEGG:C20264	GC	KEGG:C20264@Charged	KEGG:C20264@Charged	
cpd21495						KEGG:C20265				
cpd21496	KEGG:C20266@Charged	KEGG:C20266@Charged	KEGG:C20266@Charged	KEGG:C20266@Charged	KEGG:C20266	KEGG:C20266	GC	KEGG:C20266@Charged	KEGG:C20266@Charged	eQuilibrator:MNXM102662
cpd21497	MetaCyc:CPD-13578;KEGG:C20267@Charged;ChEBI:63416	MetaCyc:CPD-13578;KEGG:C20267@Charged;ChEBI:63416	MetaCyc:CPD-13578;KEGG:C20267@Charged;ChEBI:63416	MetaCyc:CPD-13578;KEGG:C20267@Charged;ChEBI:63416		KEGG:C20267	EQ	eQuilibrator:MNXM4998	MetaCyc:CPD-13578@Charged	eQuilibrator:MNXM4998
cpd21498	KEGG:C20268	KEGG:C20268	KEGG:C20268	KEGG:C20268	KEGG:C20268	KEGG:C20268	EQ	eQuilibrator:MNXM103997	KEGG:C20268@Charged	eQuilibrator:MNXM103997
cpd21499	KEGG:C20269	KEGG:C20269	KEGG:C20269	KEGG:C20269		KEGG:C20269	EQ	eQuilibrator:MNXM105000	KEGG:C20269@Charged	eQuilibrator:MNXM105000
cpd21500										
cpd21501										
cpd21502										
cpd21503										
cpd21504										
cpd21505										
cpd21506										
cpd21507										
cpd21508										
cpd21509										
cpd21510										
cpd21511										
cpd21512										
cpd21513										
cpd21514										
cpd21515										
cpd21516										
cpd21517										
cpd21518										
cpd21519										
cpd21520										
cpd21521										
cpd21522										
cpd21523										
cpd21524										
cpd21525										
cpd21526										
cpd21527										
cpd21528										
cpd21529										
cpd21530										
cpd21531										
cpd21532										
cpd21533										
cpd21534										
cpd21535	ChEBI:90802	ChEBI:90802		ChEBI:90802						
cpd21536										
cpd21537										
cpd21538										
cpd21539										
cpd21540										
cpd21541										
cpd21542	ChEBI:28471	ChEBI:28471		ChEBI:28471						
cpd21543										
cpd21544										
cpd21545										
cpd21546										
cpd21547										
cpd21548	ChEBI:90379	ChEBI:90379		ChEBI:90379						
cpd21549										
cpd21550										
cpd21551										
cpd21552										
cpd21553										
cpd21554										
cpd21555										
cpd21556										
cpd21557										
cpd21558										
cpd21559										
cpd21560										
cpd21561										
cpd21562	ChEBI:90307	ChEBI:90307		ChEBI:90307						
cpd21563										
cpd21564										
cpd21565										
cpd21566										
cpd21567										
cpd21568										
cpd21569										
cpd21570										
cpd21571										
cpd21572										
cpd21573										
cpd21574	ChEBI:90360@Charged	ChEBI:90360@Charged		ChEBI:90360@Charged						
cpd21575										
cpd21576										
cpd21577										
cpd21578										
cpd21579										
cpd21580										
cpd21581	ChEBI:62649	ChEBI:62649		ChEBI:62649						
cpd21582										
cpd21583										
cpd21584										
cpd21585										
cpd21586										
cpd21587										
cpd21588										
cpd21589										
cpd21590										
cpd21591										
cpd21592										
cpd21593										
cpd21594										
cpd21595										
cpd21596										
cpd21597										
cpd21598										
cpd21599										
cpd21600										
cpd21601										
cpd21602										
cpd21603										
cpd21604										
cpd21605										
cpd21606										
cpd21607										
cpd21608										
cpd21609										
cpd21610										
cpd21611										
cpd21612										
cpd21613										
cpd21614										
cpd21615										
cpd21616										
cpd21617										
cpd21618										
cpd21619										
cpd21620										
cpd21621										
cpd21622										
cpd21623										
cpd21624										
cpd21625										
cpd21626										
cpd21627										
cpd21628										
cpd21629										
cpd21630										
cpd21631										
cpd21632										
cpd21633										
cpd21634										
cpd21635										
cpd21636										
cpd21637										
cpd21638										
cpd21639										
cpd21640										
cpd21641										
cpd21642										
cpd21643										
cpd21644										
cpd21645										
cpd21646										
cpd21647										
cpd21648										
cpd21649										
cpd21650										
cpd21651										
cpd21652										
cpd21653										
cpd21654										
cpd21655										
cpd21656										
cpd21657										
cpd21658										
cpd21659										
cpd21660										
cpd21661										
cpd21662										
cpd21663										
cpd21664										
cpd21665										
cpd21666										
cpd21667										
cpd21668										
cpd21669										
cpd21670										
cpd21671										
cpd21672										
cpd21673										
cpd21674										
cpd21675										
cpd21676										
cpd21677										
cpd21678										
cpd21679										
cpd21680										
cpd21681										
cpd21682										
cpd21683										
cpd21684										
cpd21685										
cpd21686										
cpd21687										
cpd21688										
cpd21689										
cpd21690										
cpd21691										
cpd21692										
cpd21693										
cpd21694										
cpd21695										
cpd21696										
cpd21697										
cpd21698										
cpd21699										
cpd21700										
cpd21701										
cpd21702										
cpd21703										
cpd21704										
cpd21705										
cpd21706										
cpd21707										
cpd21708										
cpd21709										
cpd21710										
cpd21711										
cpd21712										
cpd21713										
cpd21714										
cpd21715										
cpd21716										
cpd21717										
cpd21718										
cpd21719										
cpd21720										
cpd21721										
cpd21722										
cpd21723										
cpd21724										
cpd21725										
cpd21726										
cpd21727										
cpd21728										
cpd21729										
cpd21730										
cpd21731										
cpd21732										
cpd21733										
cpd21734										
cpd21735										
cpd21736										
cpd21737										
cpd21738										
cpd21739										
cpd21740										
cpd21741										
cpd21742										
cpd21743										
cpd21744										
cpd21745	MetaCyc:--6-HYDROXY-3-OXO-ALPHA-IONONE	MetaCyc:--6-HYDROXY-3-OXO-ALPHA-IONONE	MetaCyc:--6-HYDROXY-3-OXO-ALPHA-IONONE	MetaCyc:--6-HYDROXY-3-OXO-ALPHA-IONONE	MetaCyc:--6-HYDROXY-3-OXO-ALPHA-IONONE	MetaCyc:--6-HYDROXY-3-OXO-ALPHA-IONONE	EQ	eQuilibrator:MNXM165306	MetaCyc:--6-HYDROXY-3-OXO-ALPHA-IONONE@Charged	eQuilibrator:MNXM165306
cpd21746	MetaCyc:1-183-2-183-SN-GLYCEROL-PHOSPHOCHOLINE;ChEBI:86161	MetaCyc:1-183-2-183-SN-GLYCEROL-PHOSPHOCHOLINE;ChEBI:86161	MetaCyc:1-183-2-183-SN-GLYCEROL-PHOSPHOCHOLINE;ChEBI:86161	MetaCyc:1-183-2-183-SN-GLYCEROL-PHOSPHOCHOLINE;ChEBI:86161	MetaCyc:1-183-2-183-SN-GLYCEROL-PHOSPHOCHOLINE	MetaCyc:1-183-2-183-SN-GLYCEROL-PHOSPHOCHOLINE	GC	MetaCyc:1-183-2-183-SN-GLYCEROL-PHOSPHOCHOLINE@Charged	MetaCyc:1-183-2-183-SN-GLYCEROL-PHOSPHOCHOLINE@Charged	eQuilibrator:MNXM9575
cpd21747	MetaCyc:1-2-Beta-D-Glucans	MetaCyc:1-2-Beta-D-Glucans		MetaCyc:1-2-Beta-D-Glucans	MetaCyc:1-2-Beta-D-Glucans	MetaCyc:1-2-Beta-D-Glucans	GC	MetaCyc:1-2-Beta-D-Glucans@Charged	MetaCyc:1-2-Beta-D-Glucans@Charged	
cpd21748	MetaCyc:1-2-DIPALMITOYLPHOSPHATIDYLCHOLINE;ChEBI:72999	MetaCyc:1-2-DIPALMITOYLPHOSPHATIDYLCHOLINE;ChEBI:72999	MetaCyc:1-2-DIPALMITOYLPHOSPHATIDYLCHOLINE;ChEBI:72999	MetaCyc:1-2-DIPALMITOYLPHOSPHATIDYLCHOLINE;ChEBI:72999	MetaCyc:1-2-DIPALMITOYLPHOSPHATIDYLCHOLINE	MetaCyc:1-2-DIPALMITOYLPHOSPHATIDYLCHOLINE	GC	MetaCyc:1-2-DIPALMITOYLPHOSPHATIDYLCHOLINE@Charged	MetaCyc:1-2-DIPALMITOYLPHOSPHATIDYLCHOLINE@Charged	eQuilibrator:MNXM32122
cpd21749	MetaCyc:1-3-D-xylooligosaccharides	MetaCyc:1-3-D-xylooligosaccharides		MetaCyc:1-3-D-xylooligosaccharides	MetaCyc:1-3-D-xylooligosaccharides	MetaCyc:1-3-D-xylooligosaccharides	GC	MetaCyc:1-3-D-xylooligosaccharides@Charged	MetaCyc:1-3-D-xylooligosaccharides@Charged	
cpd21750	MetaCyc:1-3-Diacylglycerols	MetaCyc:1-3-Diacylglycerols		MetaCyc:1-3-Diacylglycerols	MetaCyc:1-3-Diacylglycerols	MetaCyc:1-3-Diacylglycerols	GC	MetaCyc:1-3-Diacylglycerols@Charged	MetaCyc:1-3-Diacylglycerols@Charged	
cpd21751	MetaCyc:1-3-alpha-D-Glucans	MetaCyc:1-3-alpha-D-Glucans		MetaCyc:1-3-alpha-D-Glucans	MetaCyc:1-3-alpha-D-Glucans	MetaCyc:1-3-alpha-D-Glucans	GC	MetaCyc:1-3-alpha-D-Glucans@Charged	MetaCyc:1-3-alpha-D-Glucans@Charged	
cpd21752	MetaCyc:1-3-beta-D-Glucans	MetaCyc:1-3-beta-D-Glucans		MetaCyc:1-3-beta-D-Glucans	MetaCyc:1-3-beta-D-Glucans	MetaCyc:1-3-beta-D-Glucans	GC	MetaCyc:1-3-beta-D-Glucans@Charged	MetaCyc:1-3-beta-D-Glucans@Charged	
cpd21753	MetaCyc:1-4-D-xylooligosaccharides	MetaCyc:1-4-D-xylooligosaccharides		MetaCyc:1-4-D-xylooligosaccharides	MetaCyc:1-4-D-xylooligosaccharides	MetaCyc:1-4-D-xylooligosaccharides	GC	MetaCyc:1-4-D-xylooligosaccharides@Charged	MetaCyc:1-4-D-xylooligosaccharides@Charged	
cpd21754	MetaCyc:1-4-alpha-D-Glucan	MetaCyc:1-4-alpha-D-Glucan		MetaCyc:1-4-alpha-D-Glucan	MetaCyc:1-4-alpha-D-Glucan	MetaCyc:1-4-alpha-D-Glucan	GC	MetaCyc:1-4-alpha-D-Glucan@Charged	MetaCyc:1-4-alpha-D-Glucan@Charged	
cpd21755	MetaCyc:1-4-alpha-D-galacturonosyl;MetaCyc:Modified-Galacturonans@Charged	MetaCyc:1-4-alpha-D-galacturonosyl;MetaCyc:Modified-Galacturonans@Charged		MetaCyc:1-4-alpha-D-galacturonosyl;MetaCyc:Modified-Galacturonans@Charged	MetaCyc:1-4-alpha-D-galacturonosyl	MetaCyc:1-4-alpha-D-galacturonosyl	GC	MetaCyc:1-4-alpha-D-galacturonosyl@Charged	MetaCyc:1-4-alpha-D-galacturonosyl@Charged	
cpd21756	MetaCyc:1-4-beta-D-Glucan	MetaCyc:1-4-beta-D-Glucan		MetaCyc:1-4-beta-D-Glucan	MetaCyc:1-4-beta-D-Glucan	MetaCyc:1-4-beta-D-Glucan	GC	MetaCyc:1-4-beta-D-Glucan@Charged	MetaCyc:1-4-beta-D-Glucan@Charged	
cpd21757	MetaCyc:1-4-beta-Xylan	MetaCyc:1-4-beta-Xylan		MetaCyc:1-4-beta-Xylan	MetaCyc:1-4-beta-Xylan	MetaCyc:1-4-beta-Xylan	GC	MetaCyc:1-4-beta-Xylan@Charged	MetaCyc:1-4-beta-Xylan@Charged	
cpd21758	MetaCyc:1-5-Galactofuran	MetaCyc:1-5-Galactofuran	MetaCyc:1-5-Galactofuran	MetaCyc:1-5-Galactofuran	MetaCyc:1-5-Galactofuran	MetaCyc:1-5-Galactofuran	EQ	eQuilibrator:MNXM338666	MetaCyc:1-5-Galactofuran@Charged	eQuilibrator:MNXM338666
cpd21759	MetaCyc:1-5-L-Arabinooligosaccharides	MetaCyc:1-5-L-Arabinooligosaccharides		MetaCyc:1-5-L-Arabinooligosaccharides	MetaCyc:1-5-L-Arabinooligosaccharides	MetaCyc:1-5-L-Arabinooligosaccharides	GC	MetaCyc:1-5-L-Arabinooligosaccharides@Charged	MetaCyc:1-5-L-Arabinooligosaccharides@Charged	
cpd21760	MetaCyc:1-6-Galactofuran	MetaCyc:1-6-Galactofuran	MetaCyc:1-6-Galactofuran	MetaCyc:1-6-Galactofuran	MetaCyc:1-6-Galactofuran	MetaCyc:1-6-Galactofuran	EQ	eQuilibrator:MNXM114061	MetaCyc:1-6-Galactofuran@Charged	eQuilibrator:MNXM114061
cpd21761	MetaCyc:1-6-alpha-D-glucan	MetaCyc:1-6-alpha-D-glucan		MetaCyc:1-6-alpha-D-glucan	MetaCyc:1-6-alpha-D-glucan	MetaCyc:1-6-alpha-D-glucan	GC	MetaCyc:1-6-alpha-D-glucan@Charged	MetaCyc:1-6-alpha-D-glucan@Charged	
cpd21762	MetaCyc:1-6-beta-D-Glucan	MetaCyc:1-6-beta-D-Glucan		MetaCyc:1-6-beta-D-Glucan	MetaCyc:1-6-beta-D-Glucan	MetaCyc:1-6-beta-D-Glucan	GC	MetaCyc:1-6-beta-D-Glucan@Charged	MetaCyc:1-6-beta-D-Glucan@Charged	
cpd21763	MetaCyc:1-ACYL-2-LINOLEOYL-SN-GLYCERO-3-PHOSPHOC	MetaCyc:1-ACYL-2-LINOLEOYL-SN-GLYCERO-3-PHOSPHOC		MetaCyc:1-ACYL-2-LINOLEOYL-SN-GLYCERO-3-PHOSPHOC	MetaCyc:1-ACYL-2-LINOLEOYL-SN-GLYCERO-3-PHOSPHOC	MetaCyc:1-ACYL-2-LINOLEOYL-SN-GLYCERO-3-PHOSPHOC	GC	MetaCyc:1-ACYL-2-LINOLEOYL-SN-GLYCERO-3-PHOSPHOC@Charged	MetaCyc:1-ACYL-2-LINOLEOYL-SN-GLYCERO-3-PHOSPHOC@Charged	
cpd21764	MetaCyc:1-ACYL-2-OLEOYL-SN-GLYCERO-3-PHOSPHOCHOL;ChEBI:58293	MetaCyc:1-ACYL-2-OLEOYL-SN-GLYCERO-3-PHOSPHOCHOL;ChEBI:58293		MetaCyc:1-ACYL-2-OLEOYL-SN-GLYCERO-3-PHOSPHOCHOL;ChEBI:58293	MetaCyc:1-ACYL-2-OLEOYL-SN-GLYCERO-3-PHOSPHOCHOL	MetaCyc:1-ACYL-2-OLEOYL-SN-GLYCERO-3-PHOSPHOCHOL	GC	MetaCyc:1-ACYL-2-OLEOYL-SN-GLYCERO-3-PHOSPHOCHOL@Charged	MetaCyc:1-ACYL-2-OLEOYL-SN-GLYCERO-3-PHOSPHOCHOL@Charged	
cpd21765	MetaCyc:1-ACYL-2-S-12-HYDROXYOLEOYL-SN-GLYCE;MetaCyc:CPD-18171;ChEBI:86048	MetaCyc:1-ACYL-2-S-12-HYDROXYOLEOYL-SN-GLYCE;MetaCyc:CPD-18171;ChEBI:86048		MetaCyc:1-ACYL-2-S-12-HYDROXYOLEOYL-SN-GLYCE;MetaCyc:CPD-18171;ChEBI:86048	MetaCyc:1-ACYL-2-S-12-HYDROXYOLEOYL-SN-GLYCE	MetaCyc:1-ACYL-2-S-12-HYDROXYOLEOYL-SN-GLYCE	GC	MetaCyc:CPD-18171@Charged	MetaCyc:CPD-18171@Charged	
cpd21766	MetaCyc:1-ACYL-GLYCERONE-3-PHOSPHATE	MetaCyc:1-ACYL-GLYCERONE-3-PHOSPHATE		MetaCyc:1-ACYL-GLYCERONE-3-PHOSPHATE	MetaCyc:1-ACYL-GLYCERONE-3-PHOSPHATE	MetaCyc:1-ACYL-GLYCERONE-3-PHOSPHATE	GC	MetaCyc:1-ACYL-GLYCERONE-3-PHOSPHATE@Charged	MetaCyc:1-ACYL-GLYCERONE-3-PHOSPHATE@Charged	
cpd21767	MetaCyc:1-ALKENYL-2-ACYLGLYCEROL	MetaCyc:1-ALKENYL-2-ACYLGLYCEROL		MetaCyc:1-ALKENYL-2-ACYLGLYCEROL	MetaCyc:1-ALKENYL-2-ACYLGLYCEROL	MetaCyc:1-ALKENYL-2-ACYLGLYCEROL	GC	MetaCyc:1-ALKENYL-2-ACYLGLYCEROL@Charged	MetaCyc:1-ALKENYL-2-ACYLGLYCEROL@Charged	
cpd21768	MetaCyc:1-ALKYL-GLYCERONE-3-PHOSPHATE	MetaCyc:1-ALKYL-GLYCERONE-3-PHOSPHATE		MetaCyc:1-ALKYL-GLYCERONE-3-PHOSPHATE	MetaCyc:1-ALKYL-GLYCERONE-3-PHOSPHATE	MetaCyc:1-ALKYL-GLYCERONE-3-PHOSPHATE	GC	MetaCyc:1-ALKYL-GLYCERONE-3-PHOSPHATE@Charged	MetaCyc:1-ALKYL-GLYCERONE-3-PHOSPHATE@Charged	
cpd21769	MetaCyc:1-Alkenylglycerophosphoethanolamines	MetaCyc:1-Alkenylglycerophosphoethanolamines		MetaCyc:1-Alkenylglycerophosphoethanolamines	MetaCyc:1-Alkenylglycerophosphoethanolamines	MetaCyc:1-Alkenylglycerophosphoethanolamines	GC	MetaCyc:1-Alkenylglycerophosphoethanolamines@Charged	MetaCyc:1-Alkenylglycerophosphoethanolamines@Charged	
cpd21770	MetaCyc:1-Alkyl-2-acetyl-sn-glycero-3-phosphates	MetaCyc:1-Alkyl-2-acetyl-sn-glycero-3-phosphates		MetaCyc:1-Alkyl-2-acetyl-sn-glycero-3-phosphates	MetaCyc:1-Alkyl-2-acetyl-sn-glycero-3-phosphates	MetaCyc:1-Alkyl-2-acetyl-sn-glycero-3-phosphates	GC	MetaCyc:1-Alkyl-2-acetyl-sn-glycero-3-phosphates@Charged	MetaCyc:1-Alkyl-2-acetyl-sn-glycero-3-phosphates@Charged	
cpd21771	MetaCyc:1-Alkyl-sn-glycero-3-phosphocholines	MetaCyc:1-Alkyl-sn-glycero-3-phosphocholines		MetaCyc:1-Alkyl-sn-glycero-3-phosphocholines	MetaCyc:1-Alkyl-sn-glycero-3-phosphocholines	MetaCyc:1-Alkyl-sn-glycero-3-phosphocholines	GC	MetaCyc:1-Alkyl-sn-glycero-3-phosphocholines@Charged	MetaCyc:1-Alkyl-sn-glycero-3-phosphocholines@Charged	
cpd21772	MetaCyc:1-Alkyl-sn-glycerol-3-phosphates	MetaCyc:1-Alkyl-sn-glycerol-3-phosphates		MetaCyc:1-Alkyl-sn-glycerol-3-phosphates	MetaCyc:1-Alkyl-sn-glycerol-3-phosphates	MetaCyc:1-Alkyl-sn-glycerol-3-phosphates	GC	MetaCyc:1-Alkyl-sn-glycerol-3-phosphates@Charged	MetaCyc:1-Alkyl-sn-glycerol-3-phosphates@Charged	
cpd21773	MetaCyc:1-BETA-D-GALACTOSYL-2-2-HYDROXYACYLS	MetaCyc:1-BETA-D-GALACTOSYL-2-2-HYDROXYACYLS		MetaCyc:1-BETA-D-GALACTOSYL-2-2-HYDROXYACYLS	MetaCyc:1-BETA-D-GALACTOSYL-2-2-HYDROXYACYLS	MetaCyc:1-BETA-D-GALACTOSYL-2-2-HYDROXYACYLS	GC	MetaCyc:1-BETA-D-GALACTOSYL-2-2-HYDROXYACYLS@Charged	MetaCyc:1-BETA-D-GALACTOSYL-2-2-HYDROXYACYLS@Charged	
cpd21774	MetaCyc:1-CARBOXYCYCLOHEXANOYL-COA	MetaCyc:1-CARBOXYCYCLOHEXANOYL-COA	MetaCyc:1-CARBOXYCYCLOHEXANOYL-COA	MetaCyc:1-CARBOXYCYCLOHEXANOYL-COA	MetaCyc:1-CARBOXYCYCLOHEXANOYL-COA	MetaCyc:1-CARBOXYCYCLOHEXANOYL-COA	EQ	eQuilibrator:MNXM32740	MetaCyc:1-CARBOXYCYCLOHEXANOYL-COA@Charged	eQuilibrator:MNXM32740
cpd21775	MetaCyc:1-CARBOXYGLUTAMIC_ACID	MetaCyc:1-CARBOXYGLUTAMIC_ACID	MetaCyc:1-CARBOXYGLUTAMIC_ACID	MetaCyc:1-CARBOXYGLUTAMIC_ACID	MetaCyc:1-CARBOXYGLUTAMIC_ACID	MetaCyc:1-CARBOXYGLUTAMIC_ACID	GC	MetaCyc:1-CARBOXYGLUTAMIC_ACID@Charged	MetaCyc:1-CARBOXYGLUTAMIC_ACID@Charged	
cpd21776	MetaCyc:1-DEOXYXYLONOJIRIMYCIN	MetaCyc:1-DEOXYXYLONOJIRIMYCIN	MetaCyc:1-DEOXYXYLONOJIRIMYCIN	MetaCyc:1-DEOXYXYLONOJIRIMYCIN	MetaCyc:1-DEOXYXYLONOJIRIMYCIN	MetaCyc:1-DEOXYXYLONOJIRIMYCIN	EQ		MetaCyc:1-DEOXYXYLONOJIRIMYCIN@Charged	
cpd21777	MetaCyc:1-ETHYLADENINE	MetaCyc:1-ETHYLADENINE	MetaCyc:1-ETHYLADENINE	MetaCyc:1-ETHYLADENINE		MetaCyc:1-ETHYLADENINE	EQ	eQuilibrator:MNXM13899	MetaCyc:1-ETHYLADENINE@Charged	eQuilibrator:MNXM13899
cpd21778	MetaCyc:1-Haloalkanes	MetaCyc:1-Haloalkanes		MetaCyc:1-Haloalkanes			GC	MetaCyc:1-Haloalkanes@Charged	MetaCyc:1-Haloalkanes@Charged	
cpd21779	MetaCyc:1-Hydroxy-2-oxolimonenes	MetaCyc:1-Hydroxy-2-oxolimonenes	MetaCyc:1-Hydroxy-2-oxolimonenes	MetaCyc:1-Hydroxy-2-oxolimonenes	MetaCyc:1-Hydroxy-2-oxolimonenes	MetaCyc:1-Hydroxy-2-oxolimonenes	EQ	eQuilibrator:MNXM3782	MetaCyc:1-Hydroxy-2-oxolimonenes@Charged	eQuilibrator:MNXM3782
cpd21780	MetaCyc:1-Lysophosphatidates	MetaCyc:1-Lysophosphatidates		MetaCyc:1-Lysophosphatidates	MetaCyc:1-Lysophosphatidates	MetaCyc:1-Lysophosphatidates	GC	MetaCyc:1-Lysophosphatidates@Charged	MetaCyc:1-Lysophosphatidates@Charged	
cpd21781	MetaCyc:1-O-ALKYL-2-ACETYL-3-ACYL-SN-GLYCEROL	MetaCyc:1-O-ALKYL-2-ACETYL-3-ACYL-SN-GLYCEROL		MetaCyc:1-O-ALKYL-2-ACETYL-3-ACYL-SN-GLYCEROL		MetaCyc:1-O-ALKYL-2-ACETYL-3-ACYL-SN-GLYCEROL	GC	MetaCyc:1-O-ALKYL-2-ACETYL-3-ACYL-SN-GLYCEROL@Charged	MetaCyc:1-O-ALKYL-2-ACETYL-3-ACYL-SN-GLYCEROL@Charged	
cpd21782	MetaCyc:1-PHOSPHATIDYL-1D-MYO-INOSITOL-34-BISPH	MetaCyc:1-PHOSPHATIDYL-1D-MYO-INOSITOL-34-BISPH		MetaCyc:1-PHOSPHATIDYL-1D-MYO-INOSITOL-34-BISPH	MetaCyc:1-PHOSPHATIDYL-1D-MYO-INOSITOL-34-BISPH	MetaCyc:1-PHOSPHATIDYL-1D-MYO-INOSITOL-34-BISPH	GC	MetaCyc:1-PHOSPHATIDYL-1D-MYO-INOSITOL-34-BISPH@Charged	MetaCyc:1-PHOSPHATIDYL-1D-MYO-INOSITOL-34-BISPH@Charged	
cpd21783	MetaCyc:1-PHOSPHATIDYL-1D-MYO-INOSITOL-35-BISPH	MetaCyc:1-PHOSPHATIDYL-1D-MYO-INOSITOL-35-BISPH		MetaCyc:1-PHOSPHATIDYL-1D-MYO-INOSITOL-35-BISPH	MetaCyc:1-PHOSPHATIDYL-1D-MYO-INOSITOL-35-BISPH	MetaCyc:1-PHOSPHATIDYL-1D-MYO-INOSITOL-35-BISPH	GC	MetaCyc:1-PHOSPHATIDYL-1D-MYO-INOSITOL-35-BISPH@Charged	MetaCyc:1-PHOSPHATIDYL-1D-MYO-INOSITOL-35-BISPH@Charged	
cpd21784	MetaCyc:1-PHOSPHATIDYL-1D-MYO-INOSITOL-5-PHOSPHA	MetaCyc:1-PHOSPHATIDYL-1D-MYO-INOSITOL-5-PHOSPHA		MetaCyc:1-PHOSPHATIDYL-1D-MYO-INOSITOL-5-PHOSPHA	MetaCyc:1-PHOSPHATIDYL-1D-MYO-INOSITOL-5-PHOSPHA	MetaCyc:1-PHOSPHATIDYL-1D-MYO-INOSITOL-5-PHOSPHA	GC	MetaCyc:1-PHOSPHATIDYL-1D-MYO-INOSITOL-5-PHOSPHA@Charged	MetaCyc:1-PHOSPHATIDYL-1D-MYO-INOSITOL-5-PHOSPHA@Charged	
cpd21785	MetaCyc:1-PHOSPHATIDYL-MYO-INOSITOL-2-MANNOSE;ChEBI:87673	MetaCyc:1-PHOSPHATIDYL-MYO-INOSITOL-2-MANNOSE;ChEBI:87673		MetaCyc:1-PHOSPHATIDYL-MYO-INOSITOL-2-MANNOSE;ChEBI:87673	MetaCyc:1-PHOSPHATIDYL-MYO-INOSITOL-2-MANNOSE	MetaCyc:1-PHOSPHATIDYL-MYO-INOSITOL-2-MANNOSE	GC	MetaCyc:1-PHOSPHATIDYL-MYO-INOSITOL-2-MANNOSE@Charged	MetaCyc:1-PHOSPHATIDYL-MYO-INOSITOL-2-MANNOSE@Charged	
cpd21786	MetaCyc:1-RADYL-2-ACYL-SN-GLYCERO-3-PHOSPHOLIPID	MetaCyc:1-RADYL-2-ACYL-SN-GLYCERO-3-PHOSPHOLIPID		MetaCyc:1-RADYL-2-ACYL-SN-GLYCERO-3-PHOSPHOLIPID	MetaCyc:1-RADYL-2-ACYL-SN-GLYCERO-3-PHOSPHOLIPID	MetaCyc:1-RADYL-2-ACYL-SN-GLYCERO-3-PHOSPHOLIPID	GC	MetaCyc:1-RADYL-2-ACYL-SN-GLYCERO-3-PHOSPHOLIPID@Charged	MetaCyc:1-RADYL-2-ACYL-SN-GLYCERO-3-PHOSPHOLIPID@Charged	
cpd21787	MetaCyc:10-Formyldihydrofolates	MetaCyc:10-Formyldihydrofolates	MetaCyc:10-Formyldihydrofolates	MetaCyc:10-Formyldihydrofolates	MetaCyc:10-Formyldihydrofolates	MetaCyc:10-Formyldihydrofolates	GC	MetaCyc:10-Formyldihydrofolates@Charged	MetaCyc:10-Formyldihydrofolates@Charged	eQuilibrator:MNXM3784
cpd21788	MetaCyc:11-Beta-Hydroxysteroids1;ChEBI:35346	MetaCyc:11-Beta-Hydroxysteroids1;ChEBI:35346		MetaCyc:11-Beta-Hydroxysteroids1;ChEBI:35346	MetaCyc:11-Beta-Hydroxysteroids1	MetaCyc:11-Beta-Hydroxysteroids1	GC	MetaCyc:11-Beta-Hydroxysteroids1@Charged	MetaCyc:11-Beta-Hydroxysteroids1@Charged	
cpd21789	MetaCyc:11-Cis-Retinyl-Esters	MetaCyc:11-Cis-Retinyl-Esters		MetaCyc:11-Cis-Retinyl-Esters		MetaCyc:11-Cis-Retinyl-Esters	GC	MetaCyc:11-Cis-Retinyl-Esters@Charged	MetaCyc:11-Cis-Retinyl-Esters@Charged	
cpd21790	MetaCyc:11-Hydroxyjasmonates;ChEBI:136812	MetaCyc:11-Hydroxyjasmonates;ChEBI:136812	MetaCyc:11-Hydroxyjasmonates;ChEBI:136812	MetaCyc:11-Hydroxyjasmonates;ChEBI:136812	MetaCyc:11-Hydroxyjasmonates	MetaCyc:11-Hydroxyjasmonates	EQ	eQuilibrator:MNXM9669	MetaCyc:11-Hydroxyjasmonates@Charged	eQuilibrator:MNXM9669
cpd21791	MetaCyc:11-Oxosteroids;ChEBI:47787	MetaCyc:11-Oxosteroids;ChEBI:47787		MetaCyc:11-Oxosteroids;ChEBI:47787		MetaCyc:11-Oxosteroids	GC	MetaCyc:11-Oxosteroids@Charged	MetaCyc:11-Oxosteroids@Charged	
cpd21792	MetaCyc:11-cis-3-hydroxyretinal-RBPs	MetaCyc:11-cis-3-hydroxyretinal-RBPs		MetaCyc:11-cis-3-hydroxyretinal-RBPs	MetaCyc:11-cis-3-hydroxyretinal-RBPs	MetaCyc:11-cis-3-hydroxyretinal-RBPs	GC	MetaCyc:11-cis-3-hydroxyretinal-RBPs@Charged	MetaCyc:11-cis-3-hydroxyretinal-RBPs@Charged	
cpd21793	MetaCyc:11-cis-3-hydroxyretinol-RBPs	MetaCyc:11-cis-3-hydroxyretinol-RBPs		MetaCyc:11-cis-3-hydroxyretinol-RBPs	MetaCyc:11-cis-3-hydroxyretinol-RBPs	MetaCyc:11-cis-3-hydroxyretinol-RBPs	GC	MetaCyc:11-cis-3-hydroxyretinol-RBPs@Charged	MetaCyc:11-cis-3-hydroxyretinol-RBPs@Charged	
cpd21794	MetaCyc:112-DIAMINOOCTANE	MetaCyc:112-DIAMINOOCTANE	MetaCyc:112-DIAMINOOCTANE	MetaCyc:112-DIAMINOOCTANE		MetaCyc:112-DIAMINOOCTANE	EQ	eQuilibrator:MNXM32024	MetaCyc:112-DIAMINOOCTANE@Charged	eQuilibrator:MNXM32024
cpd21795	MetaCyc:11C-Retinal-RALBPs	MetaCyc:11C-Retinal-RALBPs		MetaCyc:11C-Retinal-RALBPs		MetaCyc:11C-Retinal-RALBPs	GC	MetaCyc:11C-Retinal-RALBPs@Charged	MetaCyc:11C-Retinal-RALBPs@Charged	
cpd21796	MetaCyc:11C-Retinol-RALBPs	MetaCyc:11C-Retinol-RALBPs		MetaCyc:11C-Retinol-RALBPs		MetaCyc:11C-Retinol-RALBPs	GC	MetaCyc:11C-Retinol-RALBPs@Charged	MetaCyc:11C-Retinol-RALBPs@Charged	
cpd21797	MetaCyc:12-DIACYL-3-3-ETCETERA-GLYCEROL	MetaCyc:12-DIACYL-3-3-ETCETERA-GLYCEROL		MetaCyc:12-DIACYL-3-3-ETCETERA-GLYCEROL	MetaCyc:12-DIACYL-3-3-ETCETERA-GLYCEROL	MetaCyc:12-DIACYL-3-3-ETCETERA-GLYCEROL	GC	MetaCyc:12-DIACYL-3-3-ETCETERA-GLYCEROL@Charged	MetaCyc:12-DIACYL-3-3-ETCETERA-GLYCEROL@Charged	
cpd21798	MetaCyc:12-DIACYL-3-O-ALPHA-D-GLUCOPYRANOSYL-	MetaCyc:12-DIACYL-3-O-ALPHA-D-GLUCOPYRANOSYL-		MetaCyc:12-DIACYL-3-O-ALPHA-D-GLUCOPYRANOSYL-	MetaCyc:12-DIACYL-3-O-ALPHA-D-GLUCOPYRANOSYL-	MetaCyc:12-DIACYL-3-O-ALPHA-D-GLUCOPYRANOSYL-	GC	MetaCyc:12-DIACYL-3-O-ALPHA-D-GLUCOPYRANOSYL-@Charged	MetaCyc:12-DIACYL-3-O-ALPHA-D-GLUCOPYRANOSYL-@Charged	
cpd21799	MetaCyc:12-DIACYL-3-O-ALPHA-D-GLUCOPYRANOSYL1	MetaCyc:12-DIACYL-3-O-ALPHA-D-GLUCOPYRANOSYL1		MetaCyc:12-DIACYL-3-O-ALPHA-D-GLUCOPYRANOSYL1	MetaCyc:12-DIACYL-3-O-ALPHA-D-GLUCOPYRANOSYL1	MetaCyc:12-DIACYL-3-O-ALPHA-D-GLUCOPYRANOSYL1	GC	MetaCyc:12-DIACYL-3-O-ALPHA-D-GLUCOPYRANOSYL1@Charged	MetaCyc:12-DIACYL-3-O-ALPHA-D-GLUCOPYRANOSYL1@Charged	
cpd21800	MetaCyc:12-EPOXYPROPANE	MetaCyc:12-EPOXYPROPANE	MetaCyc:12-EPOXYPROPANE	MetaCyc:12-EPOXYPROPANE		MetaCyc:12-EPOXYPROPANE	EQ	eQuilibrator:MNXM3416	MetaCyc:12-EPOXYPROPANE@Charged	eQuilibrator:MNXM3416
cpd21801	MetaCyc:12-Hydroxyjasmonate-Sulfates;ChEBI:136811	MetaCyc:12-Hydroxyjasmonate-Sulfates;ChEBI:136811	MetaCyc:12-Hydroxyjasmonate-Sulfates;ChEBI:136811	MetaCyc:12-Hydroxyjasmonate-Sulfates;ChEBI:136811	MetaCyc:12-Hydroxyjasmonate-Sulfates	MetaCyc:12-Hydroxyjasmonate-Sulfates	GC	MetaCyc:12-Hydroxyjasmonate-Sulfates@Charged	MetaCyc:12-Hydroxyjasmonate-Sulfates@Charged	eQuilibrator:MNXM13991
cpd21802	MetaCyc:12-Hydroxyjasmonates;ChEBI:136810	MetaCyc:12-Hydroxyjasmonates;ChEBI:136810	MetaCyc:12-Hydroxyjasmonates;ChEBI:136810	MetaCyc:12-Hydroxyjasmonates;ChEBI:136810	MetaCyc:12-Hydroxyjasmonates	MetaCyc:12-Hydroxyjasmonates	GC	MetaCyc:12-Hydroxyjasmonates@Charged	MetaCyc:12-Hydroxyjasmonates@Charged	
cpd21803	MetaCyc:12-apo-Carotenals	MetaCyc:12-apo-Carotenals		MetaCyc:12-apo-Carotenals		MetaCyc:12-apo-Carotenals	GC	MetaCyc:12-apo-Carotenals@Charged	MetaCyc:12-apo-Carotenals@Charged	
cpd21804	MetaCyc:13-BETA-D-XYLANS	MetaCyc:13-BETA-D-XYLANS		MetaCyc:13-BETA-D-XYLANS	MetaCyc:13-BETA-D-XYLANS	MetaCyc:13-BETA-D-XYLANS	GC	MetaCyc:13-BETA-D-XYLANS@Charged	MetaCyc:13-BETA-D-XYLANS@Charged	
cpd21805	MetaCyc:13-DIBROMOPROPAN-2-ONE	MetaCyc:13-DIBROMOPROPAN-2-ONE	MetaCyc:13-DIBROMOPROPAN-2-ONE	MetaCyc:13-DIBROMOPROPAN-2-ONE	MetaCyc:13-DIBROMOPROPAN-2-ONE	MetaCyc:13-DIBROMOPROPAN-2-ONE	GC	MetaCyc:13-DIBROMOPROPAN-2-ONE@Charged	MetaCyc:13-DIBROMOPROPAN-2-ONE@Charged	eQuilibrator:MNXM32270
cpd21806	MetaCyc:13-DINITROBENZENE;ChEBI:51397	MetaCyc:13-DINITROBENZENE;ChEBI:51397	MetaCyc:13-DINITROBENZENE;ChEBI:51397	MetaCyc:13-DINITROBENZENE;ChEBI:51397			GC	MetaCyc:13-DINITROBENZENE@Charged	MetaCyc:13-DINITROBENZENE@Charged	eQuilibrator:MNXM32289
cpd21807	MetaCyc:15-DIDEOXY-15-IMINO-D-GALACTITOL	MetaCyc:15-DIDEOXY-15-IMINO-D-GALACTITOL	MetaCyc:15-DIDEOXY-15-IMINO-D-GALACTITOL	MetaCyc:15-DIDEOXY-15-IMINO-D-GALACTITOL	MetaCyc:15-DIDEOXY-15-IMINO-D-GALACTITOL	MetaCyc:15-DIDEOXY-15-IMINO-D-GALACTITOL	EQ	eQuilibrator:MNXM32376	MetaCyc:15-DIDEOXY-15-IMINO-D-GALACTITOL@Charged	eQuilibrator:MNXM32376
cpd21808	MetaCyc:16-Alpha-D-Mannan-Backbones	MetaCyc:16-Alpha-D-Mannan-Backbones		MetaCyc:16-Alpha-D-Mannan-Backbones	MetaCyc:16-Alpha-D-Mannan-Backbones	MetaCyc:16-Alpha-D-Mannan-Backbones	GC	MetaCyc:16-Alpha-D-Mannan-Backbones@Charged	MetaCyc:16-Alpha-D-Mannan-Backbones@Charged	
cpd21809	MetaCyc:16-a-D-Man-16-a-D-Man-Oligosac	MetaCyc:16-a-D-Man-16-a-D-Man-Oligosac		MetaCyc:16-a-D-Man-16-a-D-Man-Oligosac	MetaCyc:16-a-D-Man-16-a-D-Man-Oligosac	MetaCyc:16-a-D-Man-16-a-D-Man-Oligosac	GC	MetaCyc:16-a-D-Man-16-a-D-Man-Oligosac@Charged	MetaCyc:16-a-D-Man-16-a-D-Man-Oligosac@Charged	
cpd21810	MetaCyc:16-alpha-D-Mannosyloligosaccharides	MetaCyc:16-alpha-D-Mannosyloligosaccharides		MetaCyc:16-alpha-D-Mannosyloligosaccharides	MetaCyc:16-alpha-D-Mannosyloligosaccharides	MetaCyc:16-alpha-D-Mannosyloligosaccharides	GC	MetaCyc:16-alpha-D-Mannosyloligosaccharides@Charged	MetaCyc:16-alpha-D-Mannosyloligosaccharides@Charged	
cpd21811	MetaCyc:16S-rRNA-2-O-methylcytidine1402;MetaCyc:2primeO-Methylcytosine-Containing-rRNAs;MetaCyc:Pro-tRNA-2-O-MeCytidines;MetaCyc:tRNA-Containing-2-O-Methylcytidines	MetaCyc:16S-rRNA-2-O-methylcytidine1402;MetaCyc:2primeO-Methylcytosine-Containing-rRNAs;MetaCyc:Pro-tRNA-2-O-MeCytidines;MetaCyc:tRNA-Containing-2-O-Methylcytidines		MetaCyc:16S-rRNA-2-O-methylcytidine1402;MetaCyc:2primeO-Methylcytosine-Containing-rRNAs;MetaCyc:Pro-tRNA-2-O-MeCytidines;MetaCyc:tRNA-Containing-2-O-Methylcytidines	MetaCyc:16S-rRNA-2-O-methylcytidine1402	MetaCyc:16S-rRNA-2-O-methylcytidine1402	GC	MetaCyc:tRNA-Containing-2-O-Methylcytidines@Charged	MetaCyc:tRNA-Containing-2-O-Methylcytidines@Charged	
cpd21812	MetaCyc:16S-rRNA-2-O-methylcytidine1409	MetaCyc:16S-rRNA-2-O-methylcytidine1409		MetaCyc:16S-rRNA-2-O-methylcytidine1409	MetaCyc:16S-rRNA-2-O-methylcytidine1409	MetaCyc:16S-rRNA-2-O-methylcytidine1409	GC	MetaCyc:16S-rRNA-2-O-methylcytidine1409@Charged	MetaCyc:16S-rRNA-2-O-methylcytidine1409@Charged	
cpd21813	MetaCyc:16S-rRNA-5-O-methylcytosine1407	MetaCyc:16S-rRNA-5-O-methylcytosine1407		MetaCyc:16S-rRNA-5-O-methylcytosine1407	MetaCyc:16S-rRNA-5-O-methylcytosine1407	MetaCyc:16S-rRNA-5-O-methylcytosine1407	GC	MetaCyc:16S-rRNA-5-O-methylcytosine1407@Charged	MetaCyc:16S-rRNA-5-O-methylcytosine1407@Charged	
cpd21814	MetaCyc:16S-rRNA-5-O-methylcytosine967	MetaCyc:16S-rRNA-5-O-methylcytosine967		MetaCyc:16S-rRNA-5-O-methylcytosine967	MetaCyc:16S-rRNA-5-O-methylcytosine967	MetaCyc:16S-rRNA-5-O-methylcytosine967	GC	MetaCyc:16S-rRNA-5-O-methylcytosine967@Charged	MetaCyc:16S-rRNA-5-O-methylcytosine967@Charged	
cpd21815	MetaCyc:16S-rRNA-7-methylguanine1405@Charged;MetaCyc:N7-Methylguanine-containing-16SrRNAs@Charged;MetaCyc:N7-Methylguanine-containing-rRNAs@Charged;MetaCyc:N7-Methylguanosine-containing-rRNAs@Charged;MetaCyc:N7-methylGuanine1575-in-18StRNAs@Charged;MetaCyc:tRNAs-with-N7-methyl-guanine@Charged	MetaCyc:16S-rRNA-7-methylguanine1405@Charged;MetaCyc:N7-Methylguanine-containing-16SrRNAs@Charged;MetaCyc:N7-Methylguanine-containing-rRNAs@Charged;MetaCyc:N7-Methylguanosine-containing-rRNAs@Charged;MetaCyc:N7-methylGuanine1575-in-18StRNAs@Charged;MetaCyc:tRNAs-with-N7-methyl-guanine@Charged		MetaCyc:16S-rRNA-7-methylguanine1405@Charged;MetaCyc:N7-Methylguanine-containing-16SrRNAs@Charged;MetaCyc:N7-Methylguanine-containing-rRNAs@Charged;MetaCyc:N7-Methylguanosine-containing-rRNAs@Charged;MetaCyc:N7-methylGuanine1575-in-18StRNAs@Charged;MetaCyc:tRNAs-with-N7-methyl-guanine@Charged	MetaCyc:16S-rRNA-7-methylguanine1405	MetaCyc:16S-rRNA-7-methylguanine1405	GC	MetaCyc:N7-Methylguanine-containing-rRNAs@Charged	MetaCyc:N7-Methylguanine-containing-rRNAs@Charged	
cpd21816	MetaCyc:16S-rRNA-N1-methyladenine1408	MetaCyc:16S-rRNA-N1-methyladenine1408		MetaCyc:16S-rRNA-N1-methyladenine1408	MetaCyc:16S-rRNA-N1-methyladenine1408	MetaCyc:16S-rRNA-N1-methyladenine1408	GC	MetaCyc:16S-rRNA-N1-methyladenine1408@Charged	MetaCyc:16S-rRNA-N1-methyladenine1408@Charged	
cpd21817	MetaCyc:16S-rRNA-N2-methylguanine1207;MetaCyc:16S-rRNA-N2-methylguanine1516;MetaCyc:N2-MethylGuanines-containing-23SrRNAs;MetaCyc:N2-Methylguanine-containing-16SrRNAs;MetaCyc:tRNA-Containing-N2-Methylguanine	MetaCyc:16S-rRNA-N2-methylguanine1207;MetaCyc:16S-rRNA-N2-methylguanine1516;MetaCyc:N2-MethylGuanines-containing-23SrRNAs;MetaCyc:N2-Methylguanine-containing-16SrRNAs;MetaCyc:tRNA-Containing-N2-Methylguanine		MetaCyc:16S-rRNA-N2-methylguanine1207;MetaCyc:16S-rRNA-N2-methylguanine1516;MetaCyc:N2-MethylGuanines-containing-23SrRNAs;MetaCyc:N2-Methylguanine-containing-16SrRNAs;MetaCyc:tRNA-Containing-N2-Methylguanine	MetaCyc:16S-rRNA-N2-methylguanine1207	MetaCyc:16S-rRNA-N2-methylguanine1207	GC	MetaCyc:tRNA-Containing-N2-Methylguanine@Charged	MetaCyc:tRNA-Containing-N2-Methylguanine@Charged	
cpd21818	MetaCyc:16S-rRNA-N2-methylguanine966	MetaCyc:16S-rRNA-N2-methylguanine966		MetaCyc:16S-rRNA-N2-methylguanine966	MetaCyc:16S-rRNA-N2-methylguanine966	MetaCyc:16S-rRNA-N2-methylguanine966	GC	MetaCyc:16S-rRNA-N2-methylguanine966@Charged	MetaCyc:16S-rRNA-N2-methylguanine966@Charged	
cpd21819	MetaCyc:16S-rRNA-N2methylguanine1516	MetaCyc:16S-rRNA-N2methylguanine1516		MetaCyc:16S-rRNA-N2methylguanine1516	MetaCyc:16S-rRNA-N2methylguanine1516	MetaCyc:16S-rRNA-N2methylguanine1516	GC	MetaCyc:16S-rRNA-N2methylguanine1516@Charged	MetaCyc:16S-rRNA-N2methylguanine1516@Charged	
cpd21820	MetaCyc:16S-rRNA-N3-MethylUs;MetaCyc:16S-rRNA-N3-methyluracil1498;MetaCyc:25S-rRNA-N3-methyl-uracil-2634;MetaCyc:25S-rRNA-N3-methyl-uracil-2843;MetaCyc:N3-Methyluracil-containing-rRNAs	MetaCyc:16S-rRNA-N3-MethylUs;MetaCyc:16S-rRNA-N3-methyluracil1498;MetaCyc:25S-rRNA-N3-methyl-uracil-2634;MetaCyc:25S-rRNA-N3-methyl-uracil-2843;MetaCyc:N3-Methyluracil-containing-rRNAs		MetaCyc:16S-rRNA-N3-MethylUs;MetaCyc:16S-rRNA-N3-methyluracil1498;MetaCyc:25S-rRNA-N3-methyl-uracil-2634;MetaCyc:25S-rRNA-N3-methyl-uracil-2843;MetaCyc:N3-Methyluracil-containing-rRNAs	MetaCyc:16S-rRNA-N3-MethylUs	MetaCyc:16S-rRNA-N3-MethylUs	GC	MetaCyc:N3-Methyluracil-containing-rRNAs@Charged	MetaCyc:N3-Methyluracil-containing-rRNAs@Charged	
cpd21821	MetaCyc:16S-rRNA-N4-methylcytidine1402;MetaCyc:N4-Methylcytosine-Containing-rRNAs	MetaCyc:16S-rRNA-N4-methylcytidine1402;MetaCyc:N4-Methylcytosine-Containing-rRNAs		MetaCyc:16S-rRNA-N4-methylcytidine1402;MetaCyc:N4-Methylcytosine-Containing-rRNAs	MetaCyc:16S-rRNA-N4-methylcytidine1402	MetaCyc:16S-rRNA-N4-methylcytidine1402	GC	MetaCyc:N4-Methylcytosine-Containing-rRNAs@Charged	MetaCyc:N4-Methylcytosine-Containing-rRNAs@Charged	
cpd21822	MetaCyc:16S-rRNA-N6-dimethyladenine1518-1519	MetaCyc:16S-rRNA-N6-dimethyladenine1518-1519		MetaCyc:16S-rRNA-N6-dimethyladenine1518-1519	MetaCyc:16S-rRNA-N6-dimethyladenine1518-1519	MetaCyc:16S-rRNA-N6-dimethyladenine1518-1519	GC	MetaCyc:16S-rRNA-N6-dimethyladenine1518-1519@Charged	MetaCyc:16S-rRNA-N6-dimethyladenine1518-1519@Charged	
cpd21823	MetaCyc:16S-rRNA-N7-methylguanine527@Charged	MetaCyc:16S-rRNA-N7-methylguanine527@Charged		MetaCyc:16S-rRNA-N7-methylguanine527@Charged	MetaCyc:16S-rRNA-N7-methylguanine527	MetaCyc:16S-rRNA-N7-methylguanine527	GC	MetaCyc:16S-rRNA-N7-methylguanine527@Charged	MetaCyc:16S-rRNA-N7-methylguanine527@Charged	
cpd21824	MetaCyc:16S-rRNA-Adenines;MetaCyc:16S-rRNA-adenine1408;MetaCyc:18s-rRNA-Adenines;MetaCyc:23S-rRNA-Adenines;MetaCyc:23S-rRNA-Adenosines;MetaCyc:23S-rRNA-adenine-2030;MetaCyc:25S-rRNA-Adenines;MetaCyc:25S-rRNA-adenine-2142;MetaCyc:25S-rRNA-adenine-645;MetaCyc:28S-rRNA-Adenines;MetaCyc:28S-rRNA-adenine-4324;MetaCyc:28S-rRNA-adenine-4328;MetaCyc:Adenine-34-in-tRNAs;MetaCyc:Adenine-37-tRNA-Alas;MetaCyc:Adenine-In-Double-Stranded-RNAs;MetaCyc:His-tRNA-Adenosines;MetaCyc:RNA-Adenines;MetaCyc:RNA-Adenosines;MetaCyc:U6-snRNA-Adenines;MetaCyc:mNA-Adenosines;MetaCyc:mRNA-Adenines;MetaCyc:rRNA-Adenines;MetaCyc:rRNA-Adenosines;MetaCyc:snRNA-Adenines;MetaCyc:tRNA-Adenines;MetaCyc:tRNA-Adenosines;MetaCyc:tRNA-Adenosines-37;MetaCyc:tRNA-adenine-37	MetaCyc:16S-rRNA-Adenines;MetaCyc:16S-rRNA-adenine1408;MetaCyc:18s-rRNA-Adenines;MetaCyc:23S-rRNA-Adenines;MetaCyc:23S-rRNA-Adenosines;MetaCyc:23S-rRNA-adenine-2030;MetaCyc:25S-rRNA-Adenines;MetaCyc:25S-rRNA-adenine-2142;MetaCyc:25S-rRNA-adenine-645;MetaCyc:28S-rRNA-Adenines;MetaCyc:28S-rRNA-adenine-4324;MetaCyc:28S-rRNA-adenine-4328;MetaCyc:Adenine-34-in-tRNAs;MetaCyc:Adenine-37-tRNA-Alas;MetaCyc:Adenine-In-Double-Stranded-RNAs;MetaCyc:His-tRNA-Adenosines;MetaCyc:RNA-Adenines;MetaCyc:RNA-Adenosines;MetaCyc:U6-snRNA-Adenines;MetaCyc:mNA-Adenosines;MetaCyc:mRNA-Adenines;MetaCyc:rRNA-Adenines;MetaCyc:rRNA-Adenosines;MetaCyc:snRNA-Adenines;MetaCyc:tRNA-Adenines;MetaCyc:tRNA-Adenosines;MetaCyc:tRNA-Adenosines-37;MetaCyc:tRNA-adenine-37		MetaCyc:16S-rRNA-Adenines;MetaCyc:16S-rRNA-adenine1408;MetaCyc:18s-rRNA-Adenines;MetaCyc:23S-rRNA-Adenines;MetaCyc:23S-rRNA-Adenosines;MetaCyc:23S-rRNA-adenine-2030;MetaCyc:25S-rRNA-Adenines;MetaCyc:25S-rRNA-adenine-2142;MetaCyc:25S-rRNA-adenine-645;MetaCyc:28S-rRNA-Adenines;MetaCyc:28S-rRNA-adenine-4324;MetaCyc:28S-rRNA-adenine-4328;MetaCyc:Adenine-34-in-tRNAs;MetaCyc:Adenine-37-tRNA-Alas;MetaCyc:Adenine-In-Double-Stranded-RNAs;MetaCyc:His-tRNA-Adenosines;MetaCyc:RNA-Adenines;MetaCyc:RNA-Adenosines;MetaCyc:U6-snRNA-Adenines;MetaCyc:mNA-Adenosines;MetaCyc:mRNA-Adenines;MetaCyc:rRNA-Adenines;MetaCyc:rRNA-Adenosines;MetaCyc:snRNA-Adenines;MetaCyc:tRNA-Adenines;MetaCyc:tRNA-Adenosines;MetaCyc:tRNA-Adenosines-37;MetaCyc:tRNA-adenine-37	MetaCyc:16S-rRNA-Adenines	MetaCyc:16S-rRNA-Adenines	GC	MetaCyc:16S-rRNA-Adenines@Charged	MetaCyc:16S-rRNA-Adenines@Charged	
cpd21825	MetaCyc:16S-rRNA-adenine1518-adenine1519	MetaCyc:16S-rRNA-adenine1518-adenine1519		MetaCyc:16S-rRNA-adenine1518-adenine1519	MetaCyc:16S-rRNA-adenine1518-adenine1519	MetaCyc:16S-rRNA-adenine1518-adenine1519	GC	MetaCyc:16S-rRNA-adenine1518-adenine1519@Charged	MetaCyc:16S-rRNA-adenine1518-adenine1519@Charged	
cpd21826	MetaCyc:16S-rRNA-Cytidines;MetaCyc:16S-rRNA-Cytosines;MetaCyc:16S-rRNA-cytidine1402;MetaCyc:23S-rRNA-Cytidines;MetaCyc:23S-rRNA-Cytosines;MetaCyc:23S-rRNA-cytosine-2501;MetaCyc:25S-rRNA-Cytosines;MetaCyc:Cytidine-34-tRNAIle2;MetaCyc:Cytidine-34-tRNAmet;MetaCyc:Cytosine-32-In-tRNAs;MetaCyc:Cytosine-32-In-tRNAs-Sers;MetaCyc:Cytosine-32-tRNA-Thrs;MetaCyc:Cytosine-6666-In-Apolipoprotein-B-mRNAs;MetaCyc:Cytosine-8-In-tRNAs;MetaCyc:Cytosine2278-in-25S-rRNA;MetaCyc:Cytosine2870-in-25S-rRNA;MetaCyc:Pro-tRNA-Cytidines;MetaCyc:RNA-Cytosines;MetaCyc:mRNA-Cytidines;MetaCyc:mRNA-Cytosines;MetaCyc:rRNA-Cytidines;MetaCyc:rRNA-Cytosines;MetaCyc:tRNA-Cytosines;MetaCyc:tRNAs-with-cytidines	MetaCyc:16S-rRNA-Cytidines;MetaCyc:16S-rRNA-Cytosines;MetaCyc:16S-rRNA-cytidine1402;MetaCyc:23S-rRNA-Cytidines;MetaCyc:23S-rRNA-Cytosines;MetaCyc:23S-rRNA-cytosine-2501;MetaCyc:25S-rRNA-Cytosines;MetaCyc:Cytidine-34-tRNAIle2;MetaCyc:Cytidine-34-tRNAmet;MetaCyc:Cytosine-32-In-tRNAs;MetaCyc:Cytosine-32-In-tRNAs-Sers;MetaCyc:Cytosine-32-tRNA-Thrs;MetaCyc:Cytosine-6666-In-Apolipoprotein-B-mRNAs;MetaCyc:Cytosine-8-In-tRNAs;MetaCyc:Cytosine2278-in-25S-rRNA;MetaCyc:Cytosine2870-in-25S-rRNA;MetaCyc:Pro-tRNA-Cytidines;MetaCyc:RNA-Cytosines;MetaCyc:mRNA-Cytidines;MetaCyc:mRNA-Cytosines;MetaCyc:rRNA-Cytidines;MetaCyc:rRNA-Cytosines;MetaCyc:tRNA-Cytosines;MetaCyc:tRNAs-with-cytidines		MetaCyc:16S-rRNA-Cytidines;MetaCyc:16S-rRNA-Cytosines;MetaCyc:16S-rRNA-cytidine1402;MetaCyc:23S-rRNA-Cytidines;MetaCyc:23S-rRNA-Cytosines;MetaCyc:23S-rRNA-cytosine-2501;MetaCyc:25S-rRNA-Cytosines;MetaCyc:Cytidine-34-tRNAIle2;MetaCyc:Cytidine-34-tRNAmet;MetaCyc:Cytosine-32-In-tRNAs;MetaCyc:Cytosine-32-In-tRNAs-Sers;MetaCyc:Cytosine-32-tRNA-Thrs;MetaCyc:Cytosine-6666-In-Apolipoprotein-B-mRNAs;MetaCyc:Cytosine-8-In-tRNAs;MetaCyc:Cytosine2278-in-25S-rRNA;MetaCyc:Cytosine2870-in-25S-rRNA;MetaCyc:Pro-tRNA-Cytidines;MetaCyc:RNA-Cytosines;MetaCyc:mRNA-Cytidines;MetaCyc:mRNA-Cytosines;MetaCyc:rRNA-Cytidines;MetaCyc:rRNA-Cytosines;MetaCyc:tRNA-Cytosines;MetaCyc:tRNAs-with-cytidines	MetaCyc:16S-rRNA-Cytidines	MetaCyc:16S-rRNA-Cytidines	GC	MetaCyc:16S-rRNA-cytidine1402@Charged	MetaCyc:16S-rRNA-cytidine1402@Charged	
cpd21827	MetaCyc:16S-rRNA-cytidine1409	MetaCyc:16S-rRNA-cytidine1409		MetaCyc:16S-rRNA-cytidine1409	MetaCyc:16S-rRNA-cytidine1409	MetaCyc:16S-rRNA-cytidine1409	GC	MetaCyc:16S-rRNA-cytidine1409@Charged	MetaCyc:16S-rRNA-cytidine1409@Charged	
cpd21828	MetaCyc:16S-rRNA-cytosine1407	MetaCyc:16S-rRNA-cytosine1407		MetaCyc:16S-rRNA-cytosine1407	MetaCyc:16S-rRNA-cytosine1407	MetaCyc:16S-rRNA-cytosine1407	GC	MetaCyc:16S-rRNA-cytosine1407@Charged	MetaCyc:16S-rRNA-cytosine1407@Charged	
cpd21829	MetaCyc:16S-rRNA-cytosine967	MetaCyc:16S-rRNA-cytosine967		MetaCyc:16S-rRNA-cytosine967	MetaCyc:16S-rRNA-cytosine967	MetaCyc:16S-rRNA-cytosine967	GC	MetaCyc:16S-rRNA-cytosine967@Charged	MetaCyc:16S-rRNA-cytosine967@Charged	
cpd21830	MetaCyc:16S-rRNA-Guanines;MetaCyc:16S-rRNA-guanine-1207;MetaCyc:16S-rRNA-guanine-1516;MetaCyc:23S-rRNA-Guanines;MetaCyc:23S-rRNA-Guanosines;MetaCyc:Guanine1575-in-18StRNAs;MetaCyc:Guanine34-in-tRNAs;MetaCyc:Guanine37-in-tRNAPhe;MetaCyc:Guanosine-2922-in-27S-pre-rRNA;MetaCyc:RNA-Guanines;MetaCyc:RNA-Guanosines;MetaCyc:guanosine-34-tRNAs;MetaCyc:mRNA-Guanines;MetaCyc:mRNA-Guanosines;MetaCyc:rRNA-Guanines;MetaCyc:rRNA-Guanosines;MetaCyc:tRNA-Containing-2-O-Methylguanosine;MetaCyc:tRNA-Guanines;MetaCyc:tRNA-Guanosines	MetaCyc:16S-rRNA-Guanines;MetaCyc:16S-rRNA-guanine-1207;MetaCyc:16S-rRNA-guanine-1516;MetaCyc:23S-rRNA-Guanines;MetaCyc:23S-rRNA-Guanosines;MetaCyc:Guanine1575-in-18StRNAs;MetaCyc:Guanine34-in-tRNAs;MetaCyc:Guanine37-in-tRNAPhe;MetaCyc:Guanosine-2922-in-27S-pre-rRNA;MetaCyc:RNA-Guanines;MetaCyc:RNA-Guanosines;MetaCyc:guanosine-34-tRNAs;MetaCyc:mRNA-Guanines;MetaCyc:mRNA-Guanosines;MetaCyc:rRNA-Guanines;MetaCyc:rRNA-Guanosines;MetaCyc:tRNA-Containing-2-O-Methylguanosine;MetaCyc:tRNA-Guanines;MetaCyc:tRNA-Guanosines		MetaCyc:16S-rRNA-Guanines;MetaCyc:16S-rRNA-guanine-1207;MetaCyc:16S-rRNA-guanine-1516;MetaCyc:23S-rRNA-Guanines;MetaCyc:23S-rRNA-Guanosines;MetaCyc:Guanine1575-in-18StRNAs;MetaCyc:Guanine34-in-tRNAs;MetaCyc:Guanine37-in-tRNAPhe;MetaCyc:Guanosine-2922-in-27S-pre-rRNA;MetaCyc:RNA-Guanines;MetaCyc:RNA-Guanosines;MetaCyc:guanosine-34-tRNAs;MetaCyc:mRNA-Guanines;MetaCyc:mRNA-Guanosines;MetaCyc:rRNA-Guanines;MetaCyc:rRNA-Guanosines;MetaCyc:tRNA-Containing-2-O-Methylguanosine;MetaCyc:tRNA-Guanines;MetaCyc:tRNA-Guanosines	MetaCyc:16S-rRNA-Guanines	MetaCyc:16S-rRNA-Guanines	GC	MetaCyc:16S-rRNA-Guanines@Charged	MetaCyc:16S-rRNA-Guanines@Charged	
cpd21831	MetaCyc:16S-rRNA-guanine-1405	MetaCyc:16S-rRNA-guanine-1405		MetaCyc:16S-rRNA-guanine-1405	MetaCyc:16S-rRNA-guanine-1405	MetaCyc:16S-rRNA-guanine-1405	GC	MetaCyc:16S-rRNA-guanine-1405@Charged	MetaCyc:16S-rRNA-guanine-1405@Charged	
cpd21832	MetaCyc:16S-rRNA-guanine-527	MetaCyc:16S-rRNA-guanine-527		MetaCyc:16S-rRNA-guanine-527	MetaCyc:16S-rRNA-guanine-527	MetaCyc:16S-rRNA-guanine-527	GC	MetaCyc:16S-rRNA-guanine-527@Charged	MetaCyc:16S-rRNA-guanine-527@Charged	
cpd21833	MetaCyc:16S-rRNA-guanine-966	MetaCyc:16S-rRNA-guanine-966		MetaCyc:16S-rRNA-guanine-966	MetaCyc:16S-rRNA-guanine-966	MetaCyc:16S-rRNA-guanine-966	GC	MetaCyc:16S-rRNA-guanine-966@Charged	MetaCyc:16S-rRNA-guanine-966@Charged	
cpd21834	MetaCyc:16S-rRNA-guanine1516	MetaCyc:16S-rRNA-guanine1516		MetaCyc:16S-rRNA-guanine1516	MetaCyc:16S-rRNA-guanine1516	MetaCyc:16S-rRNA-guanine1516	GC	MetaCyc:16S-rRNA-guanine1516@Charged	MetaCyc:16S-rRNA-guanine1516@Charged	
cpd21835	MetaCyc:16S-rRNA-pseudouridine516@Charged;MetaCyc:16S-rRNAs-Pseudouridines@Charged;MetaCyc:18S-rRNAs-Pseudouridines@Charged;MetaCyc:21S-rRNAs-Pseudouridines@Charged;MetaCyc:23S-rRNA-Pseudourdines@Charged;MetaCyc:mRNA-Pseudouridines@Charged;MetaCyc:rRNA-Pseudouridines@Charged;MetaCyc:tRNA-Pseudouridines@Charged	MetaCyc:16S-rRNA-pseudouridine516@Charged;MetaCyc:16S-rRNAs-Pseudouridines@Charged;MetaCyc:18S-rRNAs-Pseudouridines@Charged;MetaCyc:21S-rRNAs-Pseudouridines@Charged;MetaCyc:23S-rRNA-Pseudourdines@Charged;MetaCyc:mRNA-Pseudouridines@Charged;MetaCyc:rRNA-Pseudouridines@Charged;MetaCyc:tRNA-Pseudouridines@Charged		MetaCyc:16S-rRNA-pseudouridine516@Charged;MetaCyc:16S-rRNAs-Pseudouridines@Charged;MetaCyc:18S-rRNAs-Pseudouridines@Charged;MetaCyc:21S-rRNAs-Pseudouridines@Charged;MetaCyc:23S-rRNA-Pseudourdines@Charged;MetaCyc:mRNA-Pseudouridines@Charged;MetaCyc:rRNA-Pseudouridines@Charged;MetaCyc:tRNA-Pseudouridines@Charged	MetaCyc:16S-rRNA-pseudouridine516	MetaCyc:16S-rRNA-pseudouridine516	GC	MetaCyc:tRNA-Pseudouridines@Charged	MetaCyc:tRNA-Pseudouridines@Charged	
cpd21836	MetaCyc:16S-rRNA-Uracil;MetaCyc:16S-rRNA-uracil1498;MetaCyc:16S-rRNA-uridines;MetaCyc:18S-rRNA-uridine-1191;MetaCyc:18S-rRNA-uridines;MetaCyc:21S-rRNA-Uridines;MetaCyc:23S-rRNA-uracils;MetaCyc:23S-rRNA-uridines;MetaCyc:25S-rRNA-uracil-2634;MetaCyc:25S-rRNA-uracil-2843;MetaCyc:25S-rRNA-uracils;MetaCyc:RNA-Uracils;MetaCyc:Uracil-54-in-tRNA;MetaCyc:Uracil-6666-apolipoprotein-B-mRNAs;MetaCyc:Uracil-8-In-tRNAs;MetaCyc:Uracil-tRNAs;MetaCyc:Uridine47-in-tRNAPhe;MetaCyc:mRNA-Uracils;MetaCyc:mRNA-uridines;MetaCyc:rRNA-Uracil;MetaCyc:rRNA-uridines	MetaCyc:16S-rRNA-Uracil;MetaCyc:16S-rRNA-uracil1498;MetaCyc:16S-rRNA-uridines;MetaCyc:18S-rRNA-uridine-1191;MetaCyc:18S-rRNA-uridines;MetaCyc:21S-rRNA-Uridines;MetaCyc:23S-rRNA-uracils;MetaCyc:23S-rRNA-uridines;MetaCyc:25S-rRNA-uracil-2634;MetaCyc:25S-rRNA-uracil-2843;MetaCyc:25S-rRNA-uracils;MetaCyc:RNA-Uracils;MetaCyc:Uracil-54-in-tRNA;MetaCyc:Uracil-6666-apolipoprotein-B-mRNAs;MetaCyc:Uracil-8-In-tRNAs;MetaCyc:Uracil-tRNAs;MetaCyc:Uridine47-in-tRNAPhe;MetaCyc:mRNA-Uracils;MetaCyc:mRNA-uridines;MetaCyc:rRNA-Uracil;MetaCyc:rRNA-uridines		MetaCyc:16S-rRNA-Uracil;MetaCyc:16S-rRNA-uracil1498;MetaCyc:16S-rRNA-uridines;MetaCyc:18S-rRNA-uridine-1191;MetaCyc:18S-rRNA-uridines;MetaCyc:21S-rRNA-Uridines;MetaCyc:23S-rRNA-uracils;MetaCyc:23S-rRNA-uridines;MetaCyc:25S-rRNA-uracil-2634;MetaCyc:25S-rRNA-uracil-2843;MetaCyc:25S-rRNA-uracils;MetaCyc:RNA-Uracils;MetaCyc:Uracil-54-in-tRNA;MetaCyc:Uracil-6666-apolipoprotein-B-mRNAs;MetaCyc:Uracil-8-In-tRNAs;MetaCyc:Uracil-tRNAs;MetaCyc:Uridine47-in-tRNAPhe;MetaCyc:mRNA-Uracils;MetaCyc:mRNA-uridines;MetaCyc:rRNA-Uracil;MetaCyc:rRNA-uridines	MetaCyc:16S-rRNA-Uracil	MetaCyc:16S-rRNA-Uracil	GC	MetaCyc:23S-rRNA-uridines@Charged	MetaCyc:23S-rRNA-uridines@Charged	
cpd21837	MetaCyc:16S-rRNA-uridine516	MetaCyc:16S-rRNA-uridine516		MetaCyc:16S-rRNA-uridine516	MetaCyc:16S-rRNA-uridine516	MetaCyc:16S-rRNA-uridine516	GC	MetaCyc:16S-rRNA-uridine516@Charged	MetaCyc:16S-rRNA-uridine516@Charged	
cpd21838	MetaCyc:17-Alpha-Hydroxysteroids	MetaCyc:17-Alpha-Hydroxysteroids	MetaCyc:17-Alpha-Hydroxysteroids	MetaCyc:17-Alpha-Hydroxysteroids	MetaCyc:17-Alpha-Hydroxysteroids	MetaCyc:17-Alpha-Hydroxysteroids	GC	MetaCyc:17-Alpha-Hydroxysteroids@Charged	MetaCyc:17-Alpha-Hydroxysteroids@Charged	
cpd21839	MetaCyc:17-BETA-HYDROXYANDROSTAN-3-ONE;ChEBI:85278	MetaCyc:17-BETA-HYDROXYANDROSTAN-3-ONE;ChEBI:85278	MetaCyc:17-BETA-HYDROXYANDROSTAN-3-ONE;ChEBI:85278	MetaCyc:17-BETA-HYDROXYANDROSTAN-3-ONE;ChEBI:85278	MetaCyc:17-BETA-HYDROXYANDROSTAN-3-ONE	MetaCyc:17-BETA-HYDROXYANDROSTAN-3-ONE	GC	MetaCyc:17-BETA-HYDROXYANDROSTAN-3-ONE@Charged	MetaCyc:17-BETA-HYDROXYANDROSTAN-3-ONE@Charged	
cpd21840	MetaCyc:17-DIAMINOHEPTANE	MetaCyc:17-DIAMINOHEPTANE	MetaCyc:17-DIAMINOHEPTANE	MetaCyc:17-DIAMINOHEPTANE		MetaCyc:17-DIAMINOHEPTANE	EQ	eQuilibrator:MNXM32399	MetaCyc:17-DIAMINOHEPTANE@Charged	eQuilibrator:MNXM32399
cpd21841	MetaCyc:18-DIAMINOOCTANE	MetaCyc:18-DIAMINOOCTANE	MetaCyc:18-DIAMINOOCTANE	MetaCyc:18-DIAMINOOCTANE		MetaCyc:18-DIAMINOOCTANE	EQ	eQuilibrator:MNXM32408	MetaCyc:18-DIAMINOOCTANE@Charged	eQuilibrator:MNXM32408
cpd21842	MetaCyc:18S-rRNA-N1-methylpseudouridine;MetaCyc:18S-rRNA-N1-methylpseudouridine-1191;MetaCyc:N1-methylpseudouridine-in-rRNA	MetaCyc:18S-rRNA-N1-methylpseudouridine;MetaCyc:18S-rRNA-N1-methylpseudouridine-1191;MetaCyc:N1-methylpseudouridine-in-rRNA		MetaCyc:18S-rRNA-N1-methylpseudouridine;MetaCyc:18S-rRNA-N1-methylpseudouridine-1191;MetaCyc:N1-methylpseudouridine-in-rRNA	MetaCyc:18S-rRNA-N1-methylpseudouridine	MetaCyc:18S-rRNA-N1-methylpseudouridine	GC	MetaCyc:18S-rRNA-N1-methylpseudouridine-1191@Charged	MetaCyc:18S-rRNA-N1-methylpseudouridine-1191@Charged	
cpd21843	MetaCyc:18S-rRNA-N6-dimethyladenine1779-1780	MetaCyc:18S-rRNA-N6-dimethyladenine1779-1780		MetaCyc:18S-rRNA-N6-dimethyladenine1779-1780	MetaCyc:18S-rRNA-N6-dimethyladenine1779-1780	MetaCyc:18S-rRNA-N6-dimethyladenine1779-1780	GC	MetaCyc:18S-rRNA-N6-dimethyladenine1779-1780@Charged	MetaCyc:18S-rRNA-N6-dimethyladenine1779-1780@Charged	
cpd21844	MetaCyc:18S-rRNA-adenine1779-adenine1780	MetaCyc:18S-rRNA-adenine1779-adenine1780		MetaCyc:18S-rRNA-adenine1779-adenine1780	MetaCyc:18S-rRNA-adenine1779-adenine1780	MetaCyc:18S-rRNA-adenine1779-adenine1780	GC	MetaCyc:18S-rRNA-adenine1779-adenine1780@Charged	MetaCyc:18S-rRNA-adenine1779-adenine1780@Charged	
cpd21845	MetaCyc:18S-rRNA-pseudouridine-1191@Charged	MetaCyc:18S-rRNA-pseudouridine-1191@Charged		MetaCyc:18S-rRNA-pseudouridine-1191@Charged	MetaCyc:18S-rRNA-pseudouridine-1191	MetaCyc:18S-rRNA-pseudouridine-1191	GC	MetaCyc:18S-rRNA-pseudouridine-1191@Charged	MetaCyc:18S-rRNA-pseudouridine-1191@Charged	
cpd21846	MetaCyc:1OXO2YLIDENE@Charged	MetaCyc:1OXO2YLIDENE@Charged	MetaCyc:1OXO2YLIDENE@Charged	MetaCyc:1OXO2YLIDENE@Charged	MetaCyc:1OXO2YLIDENE	MetaCyc:1OXO2YLIDENE	EQ		MetaCyc:1OXO2YLIDENE@Charged	
cpd21847	MetaCyc:2-2-HYDROXYACYLSPHINGOSINE	MetaCyc:2-2-HYDROXYACYLSPHINGOSINE		MetaCyc:2-2-HYDROXYACYLSPHINGOSINE	MetaCyc:2-2-HYDROXYACYLSPHINGOSINE	MetaCyc:2-2-HYDROXYACYLSPHINGOSINE	GC	MetaCyc:2-2-HYDROXYACYLSPHINGOSINE@Charged	MetaCyc:2-2-HYDROXYACYLSPHINGOSINE@Charged	
cpd21848	MetaCyc:2-3-4-Saturated-L-Phosphatidates	MetaCyc:2-3-4-Saturated-L-Phosphatidates		MetaCyc:2-3-4-Saturated-L-Phosphatidates	MetaCyc:2-3-4-Saturated-L-Phosphatidates	MetaCyc:2-3-4-Saturated-L-Phosphatidates	GC	MetaCyc:2-3-4-Saturated-L-Phosphatidates@Charged	MetaCyc:2-3-4-Saturated-L-Phosphatidates@Charged	
cpd21849	MetaCyc:2-3-CARBOXY-3-METHYLAMMONIOPROPYL-L-@Charged;ChEBI:82693@Charged	MetaCyc:2-3-CARBOXY-3-METHYLAMMONIOPROPYL-L-@Charged;ChEBI:82693@Charged		MetaCyc:2-3-CARBOXY-3-METHYLAMMONIOPROPYL-L-@Charged;ChEBI:82693@Charged	MetaCyc:2-3-CARBOXY-3-METHYLAMMONIOPROPYL-L-	MetaCyc:2-3-CARBOXY-3-METHYLAMMONIOPROPYL-L-	GC	MetaCyc:2-3-CARBOXY-3-METHYLAMMONIOPROPYL-L-@Charged	MetaCyc:2-3-CARBOXY-3-METHYLAMMONIOPROPYL-L-@Charged	
cpd21850	MetaCyc:2-5-PHOSPHORIBOSYL-3-DEPHOSPHO-COA@Charged;ChEBI:82683@Charged	MetaCyc:2-5-PHOSPHORIBOSYL-3-DEPHOSPHO-COA@Charged;ChEBI:82683@Charged		MetaCyc:2-5-PHOSPHORIBOSYL-3-DEPHOSPHO-COA@Charged;ChEBI:82683@Charged	MetaCyc:2-5-PHOSPHORIBOSYL-3-DEPHOSPHO-COA	MetaCyc:2-5-PHOSPHORIBOSYL-3-DEPHOSPHO-COA	GC	MetaCyc:2-5-PHOSPHORIBOSYL-3-DEPHOSPHO-COA@Charged	MetaCyc:2-5-PHOSPHORIBOSYL-3-DEPHOSPHO-COA@Charged	
cpd21851	MetaCyc:2-ACYL-GPE	MetaCyc:2-ACYL-GPE		MetaCyc:2-ACYL-GPE	MetaCyc:2-ACYL-GPE	MetaCyc:2-ACYL-GPE	GC	MetaCyc:2-ACYL-GPE@Charged	MetaCyc:2-ACYL-GPE@Charged	
cpd21852	MetaCyc:2-ALPHA-LACTYL-THPP@Charged	MetaCyc:2-ALPHA-LACTYL-THPP@Charged	MetaCyc:2-ALPHA-LACTYL-THPP@Charged	MetaCyc:2-ALPHA-LACTYL-THPP@Charged	MetaCyc:2-ALPHA-LACTYL-THPP	MetaCyc:2-ALPHA-LACTYL-THPP	GC	MetaCyc:2-ALPHA-LACTYL-THPP@Charged	MetaCyc:2-ALPHA-LACTYL-THPP@Charged	eQuilibrator:MNXM34737
cpd21853	MetaCyc:2-AMINO-4-CARBOXYPYRIMIDINE	MetaCyc:2-AMINO-4-CARBOXYPYRIMIDINE	MetaCyc:2-AMINO-4-CARBOXYPYRIMIDINE	MetaCyc:2-AMINO-4-CARBOXYPYRIMIDINE	MetaCyc:2-AMINO-4-CARBOXYPYRIMIDINE	MetaCyc:2-AMINO-4-CARBOXYPYRIMIDINE	GC	MetaCyc:2-AMINO-4-CARBOXYPYRIMIDINE@Charged	MetaCyc:2-AMINO-4-CARBOXYPYRIMIDINE@Charged	
cpd21854	MetaCyc:2-AMINO-ETCETERA-TRIPHOSPHATE@Charged	MetaCyc:2-AMINO-ETCETERA-TRIPHOSPHATE@Charged	MetaCyc:2-AMINO-ETCETERA-TRIPHOSPHATE@Charged	MetaCyc:2-AMINO-ETCETERA-TRIPHOSPHATE@Charged	MetaCyc:2-AMINO-ETCETERA-TRIPHOSPHATE	MetaCyc:2-AMINO-ETCETERA-TRIPHOSPHATE	GC	MetaCyc:2-AMINO-ETCETERA-TRIPHOSPHATE@Charged	MetaCyc:2-AMINO-ETCETERA-TRIPHOSPHATE@Charged	eQuilibrator:MNXM34848
cpd21855	MetaCyc:2-Acyl-sn-glycerol-3-phosphates	MetaCyc:2-Acyl-sn-glycerol-3-phosphates		MetaCyc:2-Acyl-sn-glycerol-3-phosphates	MetaCyc:2-Acyl-sn-glycerol-3-phosphates	MetaCyc:2-Acyl-sn-glycerol-3-phosphates	GC	MetaCyc:2-Acyl-sn-glycerol-3-phosphates@Charged	MetaCyc:2-Acyl-sn-glycerol-3-phosphates@Charged	
cpd21856	MetaCyc:2-Acylglycero-Phosphocholines	MetaCyc:2-Acylglycero-Phosphocholines		MetaCyc:2-Acylglycero-Phosphocholines	MetaCyc:2-Acylglycero-Phosphocholines	MetaCyc:2-Acylglycero-Phosphocholines	GC	MetaCyc:2-Acylglycero-Phosphocholines@Charged	MetaCyc:2-Acylglycero-Phosphocholines@Charged	
cpd21857										
cpd21858	MetaCyc:2-Aminobutyrate	MetaCyc:2-Aminobutyrate	MetaCyc:2-Aminobutyrate	MetaCyc:2-Aminobutyrate	MetaCyc:2-Aminobutyrate	MetaCyc:2-Aminobutyrate	EQ	eQuilibrator:MNXM15850	MetaCyc:2-Aminobutyrate@Charged	eQuilibrator:MNXM15850
cpd21859	MetaCyc:2-Arylethylamines	MetaCyc:2-Arylethylamines		MetaCyc:2-Arylethylamines		MetaCyc:2-Arylethylamines	GC	MetaCyc:2-Arylethylamines@Charged	MetaCyc:2-Arylethylamines@Charged	
cpd21860	MetaCyc:2-BROMOETHYLAMINE	MetaCyc:2-BROMOETHYLAMINE	MetaCyc:2-BROMOETHYLAMINE	MetaCyc:2-BROMOETHYLAMINE		MetaCyc:2-BROMOETHYLAMINE	GC	MetaCyc:2-BROMOETHYLAMINE@Charged	MetaCyc:2-BROMOETHYLAMINE@Charged	eQuilibrator:MNXM34913
cpd21861	MetaCyc:2-BROMOPORPHOBILINOGEN	MetaCyc:2-BROMOPORPHOBILINOGEN	MetaCyc:2-BROMOPORPHOBILINOGEN	MetaCyc:2-BROMOPORPHOBILINOGEN	MetaCyc:2-BROMOPORPHOBILINOGEN	MetaCyc:2-BROMOPORPHOBILINOGEN	EQ	eQuilibrator:MNXM34915	MetaCyc:2-BROMOPORPHOBILINOGEN@Charged	eQuilibrator:MNXM34915
cpd21862	MetaCyc:2-CARBOXYMUCONATE	MetaCyc:2-CARBOXYMUCONATE	MetaCyc:2-CARBOXYMUCONATE	MetaCyc:2-CARBOXYMUCONATE	MetaCyc:2-CARBOXYMUCONATE		EQ	eQuilibrator:MNXM14214	MetaCyc:2-CARBOXYMUCONATE@Charged	eQuilibrator:MNXM14214
cpd21863	MetaCyc:2-CHLOROETHYLAMINE	MetaCyc:2-CHLOROETHYLAMINE	MetaCyc:2-CHLOROETHYLAMINE	MetaCyc:2-CHLOROETHYLAMINE		MetaCyc:2-CHLOROETHYLAMINE	EQ	eQuilibrator:MNXM34956	MetaCyc:2-CHLOROETHYLAMINE@Charged	eQuilibrator:MNXM34956
cpd21864	MetaCyc:2-DEOXYGLUCOSE-6-PHOSPHATE	MetaCyc:2-DEOXYGLUCOSE-6-PHOSPHATE	MetaCyc:2-DEOXYGLUCOSE-6-PHOSPHATE	MetaCyc:2-DEOXYGLUCOSE-6-PHOSPHATE	MetaCyc:2-DEOXYGLUCOSE-6-PHOSPHATE	MetaCyc:2-DEOXYGLUCOSE-6-PHOSPHATE	GC	MetaCyc:2-DEOXYGLUCOSE-6-PHOSPHATE@Charged	MetaCyc:2-DEOXYGLUCOSE-6-PHOSPHATE@Charged	
cpd21865	MetaCyc:2-Dehydropyranoses	MetaCyc:2-Dehydropyranoses	MetaCyc:2-Dehydropyranoses	MetaCyc:2-Dehydropyranoses	MetaCyc:2-Dehydropyranoses	MetaCyc:2-Dehydropyranoses	EQ	eQuilibrator:MNXM14228	MetaCyc:2-Dehydropyranoses@Charged	eQuilibrator:MNXM14228
cpd21866	MetaCyc:2-Deoxy-D-Ribosyl-Base	MetaCyc:2-Deoxy-D-Ribosyl-Base		MetaCyc:2-Deoxy-D-Ribosyl-Base	MetaCyc:2-Deoxy-D-Ribosyl-Base	MetaCyc:2-Deoxy-D-Ribosyl-Base	GC	MetaCyc:2-Deoxy-D-Ribosyl-Base@Charged	MetaCyc:2-Deoxy-D-Ribosyl-Base@Charged	
cpd21867	MetaCyc:2-H-4-G-glutamylamino-butanoyl-BtrI	MetaCyc:2-H-4-G-glutamylamino-butanoyl-BtrI		MetaCyc:2-H-4-G-glutamylamino-butanoyl-BtrI	MetaCyc:2-H-4-G-glutamylamino-butanoyl-BtrI	MetaCyc:2-H-4-G-glutamylamino-butanoyl-BtrI	GC	MetaCyc:2-H-4-G-glutamylamino-butanoyl-BtrI@Charged	MetaCyc:2-H-4-G-glutamylamino-butanoyl-BtrI@Charged	
cpd21868	MetaCyc:2-HEXAPRENYL-3-METHYL-5-HYDROXY-6-METHOX;ChEBI:64253	MetaCyc:2-HEXAPRENYL-3-METHYL-5-HYDROXY-6-METHOX;ChEBI:64253	MetaCyc:2-HEXAPRENYL-3-METHYL-5-HYDROXY-6-METHOX;ChEBI:64253	MetaCyc:2-HEXAPRENYL-3-METHYL-5-HYDROXY-6-METHOX;ChEBI:64253	MetaCyc:2-HEXAPRENYL-3-METHYL-5-HYDROXY-6-METHOX	MetaCyc:2-HEXAPRENYL-3-METHYL-5-HYDROXY-6-METHOX	EQ	eQuilibrator:MNXM8106	MetaCyc:2-HEXAPRENYL-3-METHYL-5-HYDROXY-6-METHOX@Charged	eQuilibrator:MNXM8106
cpd21869	MetaCyc:2-HEXAPRENYL-3-METHYL-6-METHOXY-14-BENZ;ChEBI:61473	MetaCyc:2-HEXAPRENYL-3-METHYL-6-METHOXY-14-BENZ;ChEBI:61473	MetaCyc:2-HEXAPRENYL-3-METHYL-6-METHOXY-14-BENZ;ChEBI:61473	MetaCyc:2-HEXAPRENYL-3-METHYL-6-METHOXY-14-BENZ;ChEBI:61473	MetaCyc:2-HEXAPRENYL-3-METHYL-6-METHOXY-14-BENZ	MetaCyc:2-HEXAPRENYL-3-METHYL-6-METHOXY-14-BENZ	EQ	eQuilibrator:MNXM5569	MetaCyc:2-HEXAPRENYL-3-METHYL-6-METHOXY-14-BENZ@Charged	eQuilibrator:MNXM5569
cpd21870	MetaCyc:2-HEXAPRENYL-6-METHOXY-14-BENZOQUINOL;ChEBI:61472	MetaCyc:2-HEXAPRENYL-6-METHOXY-14-BENZOQUINOL;ChEBI:61472	MetaCyc:2-HEXAPRENYL-6-METHOXY-14-BENZOQUINOL;ChEBI:61472	MetaCyc:2-HEXAPRENYL-6-METHOXY-14-BENZOQUINOL;ChEBI:61472	MetaCyc:2-HEXAPRENYL-6-METHOXY-14-BENZOQUINOL	MetaCyc:2-HEXAPRENYL-6-METHOXY-14-BENZOQUINOL	EQ	eQuilibrator:MNXM5473	MetaCyc:2-HEXAPRENYL-6-METHOXY-14-BENZOQUINOL@Charged	eQuilibrator:MNXM5473
cpd21871	MetaCyc:2-HYDROXY-4-CARBOXYPYRIMIDINE	MetaCyc:2-HYDROXY-4-CARBOXYPYRIMIDINE	MetaCyc:2-HYDROXY-4-CARBOXYPYRIMIDINE	MetaCyc:2-HYDROXY-4-CARBOXYPYRIMIDINE@Charged	MetaCyc:2-HYDROXY-4-CARBOXYPYRIMIDINE	MetaCyc:2-HYDROXY-4-CARBOXYPYRIMIDINE	EQ	eQuilibrator:MNXM6717	MetaCyc:2-HYDROXY-4-CARBOXYPYRIMIDINE@Charged	eQuilibrator:MNXM6717
cpd21872	MetaCyc:2-HYDROXY-6-2-CARBOXYPHENYL-6-OXO-24-@Charged	MetaCyc:2-HYDROXY-6-2-CARBOXYPHENYL-6-OXO-24-@Charged	MetaCyc:2-HYDROXY-6-2-CARBOXYPHENYL-6-OXO-24-@Charged	MetaCyc:2-HYDROXY-6-2-CARBOXYPHENYL-6-OXO-24-@Charged	MetaCyc:2-HYDROXY-6-2-CARBOXYPHENYL-6-OXO-24-	MetaCyc:2-HYDROXY-6-2-CARBOXYPHENYL-6-OXO-24-	EQ		MetaCyc:2-HYDROXY-6-2-CARBOXYPHENYL-6-OXO-24-@Charged	
cpd21873	MetaCyc:2-HYDROXYGLUTARIC_ACID	MetaCyc:2-HYDROXYGLUTARIC_ACID	MetaCyc:2-HYDROXYGLUTARIC_ACID	MetaCyc:2-HYDROXYGLUTARIC_ACID	MetaCyc:2-HYDROXYGLUTARIC_ACID	MetaCyc:2-HYDROXYGLUTARIC_ACID	EQ	eQuilibrator:MNXM1210	MetaCyc:2-HYDROXYGLUTARIC_ACID@Charged	eQuilibrator:MNXM1210
cpd21874	MetaCyc:2-HYDROXYSUCCINAMATE	MetaCyc:2-HYDROXYSUCCINAMATE	MetaCyc:2-HYDROXYSUCCINAMATE	MetaCyc:2-HYDROXYSUCCINAMATE	MetaCyc:2-HYDROXYSUCCINAMATE	MetaCyc:2-HYDROXYSUCCINAMATE	EQ	eQuilibrator:MNXM14270	MetaCyc:2-HYDROXYSUCCINAMATE@Charged	eQuilibrator:MNXM14270
cpd21875	MetaCyc:2-Hydroxy-2-methylbutyronitriles;MetaCyc:CPD-12700@Charged;ChEBI:60954	MetaCyc:2-Hydroxy-2-methylbutyronitriles;MetaCyc:CPD-12700@Charged;ChEBI:60954	MetaCyc:2-Hydroxy-2-methylbutyronitriles;MetaCyc:CPD-12700@Charged;ChEBI:60954	MetaCyc:2-Hydroxy-2-methylbutyronitriles;MetaCyc:CPD-12700@Charged;ChEBI:60954	MetaCyc:2-Hydroxy-2-methylbutyronitriles	MetaCyc:2-Hydroxy-2-methylbutyronitriles	GC	MetaCyc:2-Hydroxy-2-methylbutyronitriles@Charged	MetaCyc:2-Hydroxy-2-methylbutyronitriles@Charged	
cpd21876	MetaCyc:2-Hydroxy-carboxylates	MetaCyc:2-Hydroxy-carboxylates		MetaCyc:2-Hydroxy-carboxylates	MetaCyc:2-Hydroxy-carboxylates	MetaCyc:2-Hydroxy-carboxylates	GC	MetaCyc:2-Hydroxy-carboxylates@Charged	MetaCyc:2-Hydroxy-carboxylates@Charged	
cpd21877	MetaCyc:2-Hydroxyisoflavones	MetaCyc:2-Hydroxyisoflavones		MetaCyc:2-Hydroxyisoflavones	MetaCyc:2-Hydroxyisoflavones	MetaCyc:2-Hydroxyisoflavones	GC	MetaCyc:2-Hydroxyisoflavones@Charged	MetaCyc:2-Hydroxyisoflavones@Charged	
cpd21878	MetaCyc:2-LYSOPHOSPHATIDYLETHANOLAMINES	MetaCyc:2-LYSOPHOSPHATIDYLETHANOLAMINES		MetaCyc:2-LYSOPHOSPHATIDYLETHANOLAMINES	MetaCyc:2-LYSOPHOSPHATIDYLETHANOLAMINES	MetaCyc:2-LYSOPHOSPHATIDYLETHANOLAMINES	GC	MetaCyc:2-LYSOPHOSPHATIDYLETHANOLAMINES@Charged	MetaCyc:2-LYSOPHOSPHATIDYLETHANOLAMINES@Charged	
cpd21879	MetaCyc:1-Acyl-sn-glycero-3-phosphocholines;MetaCyc:2-Lysophosphatidylcholines	MetaCyc:1-Acyl-sn-glycero-3-phosphocholines;MetaCyc:2-Lysophosphatidylcholines		MetaCyc:1-Acyl-sn-glycero-3-phosphocholines;MetaCyc:2-Lysophosphatidylcholines	MetaCyc:1-Acyl-sn-glycero-3-phosphocholines	MetaCyc:1-Acyl-sn-glycero-3-phosphocholines	GC	MetaCyc:1-Acyl-sn-glycero-3-phosphocholines@Charged	MetaCyc:1-Acyl-sn-glycero-3-phosphocholines@Charged	
cpd21880	MetaCyc:2-METHOXY-ESTRADIOL-17B	MetaCyc:2-METHOXY-ESTRADIOL-17B	MetaCyc:2-METHOXY-ESTRADIOL-17B	MetaCyc:2-METHOXY-ESTRADIOL-17B	MetaCyc:2-METHOXY-ESTRADIOL-17B	MetaCyc:2-METHOXY-ESTRADIOL-17B	GC	MetaCyc:2-METHOXY-ESTRADIOL-17B@Charged	MetaCyc:2-METHOXY-ESTRADIOL-17B@Charged	
cpd21881	MetaCyc:2-METHOXYETHANOL	MetaCyc:2-METHOXYETHANOL	MetaCyc:2-METHOXYETHANOL	MetaCyc:2-METHOXYETHANOL	MetaCyc:2-METHOXYETHANOL	MetaCyc:2-METHOXYETHANOL	EQ	eQuilibrator:MNXM35237	MetaCyc:2-METHOXYETHANOL@Charged	eQuilibrator:MNXM35237
cpd21882	MetaCyc:2-METHOXYETHYLAMINE	MetaCyc:2-METHOXYETHYLAMINE	MetaCyc:2-METHOXYETHYLAMINE	MetaCyc:2-METHOXYETHYLAMINE		MetaCyc:2-METHOXYETHYLAMINE	EQ	eQuilibrator:MNXM35238	MetaCyc:2-METHOXYETHYLAMINE@Charged	eQuilibrator:MNXM35238
cpd21883	MetaCyc:2-METHYL-L-SERINE@Original;ChEBI:149759	MetaCyc:2-METHYL-L-SERINE@Original;ChEBI:149759	MetaCyc:2-METHYL-L-SERINE@Original;ChEBI:149759	MetaCyc:2-METHYL-L-SERINE@Original;ChEBI:149759	MetaCyc:2-METHYL-L-SERINE	MetaCyc:2-METHYL-L-SERINE	EQ	eQuilibrator:MNXM480607	MetaCyc:2-METHYL-L-SERINE@Charged	eQuilibrator:MNXM480607
cpd21884	MetaCyc:2-METHYLTHIO-N-6-ISOPENTYL-ADENOSINE-37-	MetaCyc:2-METHYLTHIO-N-6-ISOPENTYL-ADENOSINE-37-		MetaCyc:2-METHYLTHIO-N-6-ISOPENTYL-ADENOSINE-37-	MetaCyc:2-METHYLTHIO-N-6-ISOPENTYL-ADENOSINE-37-	MetaCyc:2-METHYLTHIO-N-6-ISOPENTYL-ADENOSINE-37-	GC	MetaCyc:2-METHYLTHIO-N-6-ISOPENTYL-ADENOSINE-37-@Charged	MetaCyc:2-METHYLTHIO-N-6-ISOPENTYL-ADENOSINE-37-@Charged	
cpd21885	MetaCyc:2-Methoxy-6-Polyprenyl-14-Benzoquinols	MetaCyc:2-Methoxy-6-Polyprenyl-14-Benzoquinols		MetaCyc:2-Methoxy-6-Polyprenyl-14-Benzoquinols	MetaCyc:2-Methoxy-6-Polyprenyl-14-Benzoquinols	MetaCyc:2-Methoxy-6-Polyprenyl-14-Benzoquinols	GC	MetaCyc:2-Methoxy-6-Polyprenyl-14-Benzoquinols@Charged	MetaCyc:2-Methoxy-6-Polyprenyl-14-Benzoquinols@Charged	
cpd21886	MetaCyc:2-Methoxy-6-polyprenyl-phenols	MetaCyc:2-Methoxy-6-polyprenyl-phenols		MetaCyc:2-Methoxy-6-polyprenyl-phenols	MetaCyc:2-Methoxy-6-polyprenyl-phenols	MetaCyc:2-Methoxy-6-polyprenyl-phenols	GC	MetaCyc:2-Methoxy-6-polyprenyl-phenols@Charged	MetaCyc:2-Methoxy-6-polyprenyl-phenols@Charged	
cpd21887	MetaCyc:2-NUCLEOTIDYLGENTAMICIN	MetaCyc:2-NUCLEOTIDYLGENTAMICIN		MetaCyc:2-NUCLEOTIDYLGENTAMICIN	MetaCyc:2-NUCLEOTIDYLGENTAMICIN	MetaCyc:2-NUCLEOTIDYLGENTAMICIN	GC	MetaCyc:2-NUCLEOTIDYLGENTAMICIN@Charged	MetaCyc:2-NUCLEOTIDYLGENTAMICIN@Charged	
cpd21888										
cpd21889	MetaCyc:2-O-MeCytidine4-tRNAGLY-GCC	MetaCyc:2-O-MeCytidine4-tRNAGLY-GCC		MetaCyc:2-O-MeCytidine4-tRNAGLY-GCC	MetaCyc:2-O-MeCytidine4-tRNAGLY-GCC	MetaCyc:2-O-MeCytidine4-tRNAGLY-GCC	GC	MetaCyc:2-O-MeCytidine4-tRNAGLY-GCC@Charged	MetaCyc:2-O-MeCytidine4-tRNAGLY-GCC@Charged	
cpd21890										
cpd21891	MetaCyc:2-O-Methylcytidine-32-tRNAs	MetaCyc:2-O-Methylcytidine-32-tRNAs		MetaCyc:2-O-Methylcytidine-32-tRNAs	MetaCyc:2-O-Methylcytidine-32-tRNAs	MetaCyc:2-O-Methylcytidine-32-tRNAs	GC	MetaCyc:2-O-Methylcytidine-32-tRNAs@Charged	MetaCyc:2-O-Methylcytidine-32-tRNAs@Charged	
cpd21892	MetaCyc:2-O-Methylcytidine-34-tRNAs	MetaCyc:2-O-Methylcytidine-34-tRNAs		MetaCyc:2-O-Methylcytidine-34-tRNAs	MetaCyc:2-O-Methylcytidine-34-tRNAs	MetaCyc:2-O-Methylcytidine-34-tRNAs	GC	MetaCyc:2-O-Methylcytidine-34-tRNAs@Charged	MetaCyc:2-O-Methylcytidine-34-tRNAs@Charged	
cpd21893	MetaCyc:2-O-Methylguanosine18	MetaCyc:2-O-Methylguanosine18		MetaCyc:2-O-Methylguanosine18	MetaCyc:2-O-Methylguanosine18	MetaCyc:2-O-Methylguanosine18	GC	MetaCyc:2-O-Methylguanosine18@Charged	MetaCyc:2-O-Methylguanosine18@Charged	
cpd21894	MetaCyc:2-O-Methyluridine-Containing-rRNAs;MetaCyc:2-O-Methyluridine32-tRNA;MetaCyc:2primeO-MethylU-Containing-23SrRNAs;MetaCyc:tRNA-Containing-2-O-Methyluridines	MetaCyc:2-O-Methyluridine-Containing-rRNAs;MetaCyc:2-O-Methyluridine32-tRNA;MetaCyc:2primeO-MethylU-Containing-23SrRNAs;MetaCyc:tRNA-Containing-2-O-Methyluridines		MetaCyc:2-O-Methyluridine-Containing-rRNAs;MetaCyc:2-O-Methyluridine32-tRNA;MetaCyc:2primeO-MethylU-Containing-23SrRNAs;MetaCyc:tRNA-Containing-2-O-Methyluridines	MetaCyc:2-O-Methyluridine-Containing-rRNAs	MetaCyc:2-O-Methyluridine-Containing-rRNAs	GC	MetaCyc:2-O-Methyluridine32-tRNA@Charged	MetaCyc:2-O-Methyluridine32-tRNA@Charged	
cpd21895	MetaCyc:2-O-Methyluridine44-tRNASer	MetaCyc:2-O-Methyluridine44-tRNASer		MetaCyc:2-O-Methyluridine44-tRNASer	MetaCyc:2-O-Methyluridine44-tRNASer	MetaCyc:2-O-Methyluridine44-tRNASer	GC	MetaCyc:2-O-Methyluridine44-tRNASer@Charged	MetaCyc:2-O-Methyluridine44-tRNASer@Charged	
cpd21896	MetaCyc:2-O-acetyl-Rhamnogalacturns@Charged	MetaCyc:2-O-acetyl-Rhamnogalacturns@Charged		MetaCyc:2-O-acetyl-Rhamnogalacturns@Charged	MetaCyc:2-O-acetyl-Rhamnogalacturns	MetaCyc:2-O-acetyl-Rhamnogalacturns	GC	MetaCyc:2-O-acetyl-Rhamnogalacturns@Charged	MetaCyc:2-O-acetyl-Rhamnogalacturns@Charged	
cpd21897	MetaCyc:2-O-methylcytidine-56-tRNAs	MetaCyc:2-O-methylcytidine-56-tRNAs		MetaCyc:2-O-methylcytidine-56-tRNAs	MetaCyc:2-O-methylcytidine-56-tRNAs	MetaCyc:2-O-methylcytidine-56-tRNAs	GC	MetaCyc:2-O-methylcytidine-56-tRNAs@Charged	MetaCyc:2-O-methylcytidine-56-tRNAs@Charged	
cpd21898	MetaCyc:2-O-methyluridine2479-in-23S-rRNA	MetaCyc:2-O-methyluridine2479-in-23S-rRNA		MetaCyc:2-O-methyluridine2479-in-23S-rRNA	MetaCyc:2-O-methyluridine2479-in-23S-rRNA	MetaCyc:2-O-methyluridine2479-in-23S-rRNA	GC	MetaCyc:2-O-methyluridine2479-in-23S-rRNA@Charged	MetaCyc:2-O-methyluridine2479-in-23S-rRNA@Charged	
cpd21899	MetaCyc:2-OXINDOLE-3-ACETIC-ACID;ChEBI:136436@Charged;ChEBI:188445	MetaCyc:2-OXINDOLE-3-ACETIC-ACID;ChEBI:136436@Charged;ChEBI:188445	MetaCyc:2-OXINDOLE-3-ACETIC-ACID;ChEBI:136436@Charged;ChEBI:188445	MetaCyc:2-OXINDOLE-3-ACETIC-ACID;ChEBI:136436@Charged;ChEBI:188445	MetaCyc:2-OXINDOLE-3-ACETIC-ACID	MetaCyc:2-OXINDOLE-3-ACETIC-ACID	EQ	eQuilibrator:MNXM722933	MetaCyc:2-OXINDOLE-3-ACETIC-ACID@Charged	eQuilibrator:MNXM722933
cpd21900	MetaCyc:2-OXINDOLE-3-ACETYL-ASP	MetaCyc:2-OXINDOLE-3-ACETYL-ASP	MetaCyc:2-OXINDOLE-3-ACETYL-ASP	MetaCyc:2-OXINDOLE-3-ACETYL-ASP	MetaCyc:2-OXINDOLE-3-ACETYL-ASP	MetaCyc:2-OXINDOLE-3-ACETYL-ASP	EQ	eQuilibrator:MNXM6756	MetaCyc:2-OXINDOLE-3-ACETYL-ASP@Charged	eQuilibrator:MNXM6756
cpd21901	MetaCyc:2-OXINDOLE-3-ACETYL-HEXOSE	MetaCyc:2-OXINDOLE-3-ACETYL-HEXOSE	MetaCyc:2-OXINDOLE-3-ACETYL-HEXOSE	MetaCyc:2-OXINDOLE-3-ACETYL-HEXOSE	MetaCyc:2-OXINDOLE-3-ACETYL-HEXOSE	MetaCyc:2-OXINDOLE-3-ACETYL-HEXOSE	GC	MetaCyc:2-OXINDOLE-3-ACETYL-HEXOSE@Charged	MetaCyc:2-OXINDOLE-3-ACETYL-HEXOSE@Charged	
cpd21902	MetaCyc:2-OXOBUT-3-ENANOATE	MetaCyc:2-OXOBUT-3-ENANOATE	MetaCyc:2-OXOBUT-3-ENANOATE	MetaCyc:2-OXOBUT-3-ENANOATE	MetaCyc:2-OXOBUT-3-ENANOATE	MetaCyc:2-OXOBUT-3-ENANOATE	EQ	eQuilibrator:MNXM14335	MetaCyc:2-OXOBUT-3-ENANOATE@Charged	eQuilibrator:MNXM14335
cpd21903										
cpd21904	MetaCyc:2-Oxo-carboxylates	MetaCyc:2-Oxo-carboxylates		MetaCyc:2-Oxo-carboxylates	MetaCyc:2-Oxo-carboxylates	MetaCyc:2-Oxo-carboxylates	GC	MetaCyc:2-Oxo-carboxylates@Charged	MetaCyc:2-Oxo-carboxylates@Charged	
cpd21905	MetaCyc:2-PHENYL-2-1-PIPERDINYLPROPANE@Charged	MetaCyc:2-PHENYL-2-1-PIPERDINYLPROPANE@Charged	MetaCyc:2-PHENYL-2-1-PIPERDINYLPROPANE@Charged	MetaCyc:2-PHENYL-2-1-PIPERDINYLPROPANE@Charged		MetaCyc:2-PHENYL-2-1-PIPERDINYLPROPANE	EQ	eQuilibrator:MNXM150634	MetaCyc:2-PHENYL-2-1-PIPERDINYLPROPANE@Charged	eQuilibrator:MNXM150634
cpd21906	MetaCyc:2-PHOSPHOASCORBATE@Charged	MetaCyc:2-PHOSPHOASCORBATE@Charged	MetaCyc:2-PHOSPHOASCORBATE@Charged	MetaCyc:2-PHOSPHOASCORBATE@Charged	MetaCyc:2-PHOSPHOASCORBATE	MetaCyc:2-PHOSPHOASCORBATE	EQ		MetaCyc:2-PHOSPHOASCORBATE@Charged	
cpd21907	MetaCyc:2-PHOSPHONO-3-SULFOPROPRIONATE	MetaCyc:2-PHOSPHONO-3-SULFOPROPRIONATE	MetaCyc:2-PHOSPHONO-3-SULFOPROPRIONATE	MetaCyc:2-PHOSPHONO-3-SULFOPROPRIONATE	MetaCyc:2-PHOSPHONO-3-SULFOPROPRIONATE		GC	MetaCyc:2-PHOSPHONO-3-SULFOPROPRIONATE@Charged	MetaCyc:2-PHOSPHONO-3-SULFOPROPRIONATE@Charged	
cpd21908	MetaCyc:2-PYRAZOLINE	MetaCyc:2-PYRAZOLINE	MetaCyc:2-PYRAZOLINE	MetaCyc:2-PYRAZOLINE		MetaCyc:2-PYRAZOLINE	EQ	eQuilibrator:MNXM9897	MetaCyc:2-PYRAZOLINE@Charged	eQuilibrator:MNXM9897
cpd21909	MetaCyc:2-Phenyloxirane	MetaCyc:2-Phenyloxirane	MetaCyc:2-Phenyloxirane	MetaCyc:2-Phenyloxirane		MetaCyc:2-Phenyloxirane	EQ	eQuilibrator:MNXM2034	MetaCyc:2-Phenyloxirane@Charged	eQuilibrator:MNXM2034
cpd21910	MetaCyc:2-Prime-Ribonucleoside-Monophosphates	MetaCyc:2-Prime-Ribonucleoside-Monophosphates		MetaCyc:2-Prime-Ribonucleoside-Monophosphates	MetaCyc:2-Prime-Ribonucleoside-Monophosphates	MetaCyc:2-Prime-Ribonucleoside-Monophosphates	GC	MetaCyc:2-Prime-Ribonucleoside-Monophosphates@Charged	MetaCyc:2-Prime-Ribonucleoside-Monophosphates@Charged	
cpd21911	MetaCyc:2-THIOURIDINE	MetaCyc:2-THIOURIDINE	MetaCyc:2-THIOURIDINE	MetaCyc:2-THIOURIDINE	MetaCyc:2-THIOURIDINE	MetaCyc:2-THIOURIDINE	GC	MetaCyc:2-THIOURIDINE@Charged	MetaCyc:2-THIOURIDINE@Charged	
cpd21912	MetaCyc:2-UREIDO-PROPIONATE	MetaCyc:2-UREIDO-PROPIONATE	MetaCyc:2-UREIDO-PROPIONATE	MetaCyc:2-UREIDO-PROPIONATE	MetaCyc:2-UREIDO-PROPIONATE	MetaCyc:2-UREIDO-PROPIONATE	EQ		MetaCyc:2-UREIDO-PROPIONATE@Charged	
cpd21913	MetaCyc:2-carboxyl-cerotoyl-pks13	MetaCyc:2-carboxyl-cerotoyl-pks13		MetaCyc:2-carboxyl-cerotoyl-pks13	MetaCyc:2-carboxyl-cerotoyl-pks13	MetaCyc:2-carboxyl-cerotoyl-pks13	GC	MetaCyc:2-carboxyl-cerotoyl-pks13@Charged	MetaCyc:2-carboxyl-cerotoyl-pks13@Charged	
cpd21914	MetaCyc:2-hydroxyacyl-glutathiones	MetaCyc:2-hydroxyacyl-glutathiones		MetaCyc:2-hydroxyacyl-glutathiones	MetaCyc:2-hydroxyacyl-glutathiones	MetaCyc:2-hydroxyacyl-glutathiones	GC	MetaCyc:2-hydroxyacyl-glutathiones@Charged	MetaCyc:2-hydroxyacyl-glutathiones@Charged	
cpd21915										
cpd21916	MetaCyc:2-o-methyladenosine-rRNAs;MetaCyc:His-tRNA-2-O-MeAdenosines	MetaCyc:2-o-methyladenosine-rRNAs;MetaCyc:His-tRNA-2-O-MeAdenosines		MetaCyc:2-o-methyladenosine-rRNAs;MetaCyc:His-tRNA-2-O-MeAdenosines	MetaCyc:2-o-methyladenosine-rRNAs	MetaCyc:2-o-methyladenosine-rRNAs	GC	MetaCyc:His-tRNA-2-O-MeAdenosines@Charged	MetaCyc:His-tRNA-2-O-MeAdenosines@Charged	
cpd21917	MetaCyc:2-phospho-ligated-tRNA	MetaCyc:2-phospho-ligated-tRNA		MetaCyc:2-phospho-ligated-tRNA	MetaCyc:2-phospho-ligated-tRNA	MetaCyc:2-phospho-ligated-tRNA	GC	MetaCyc:2-phospho-ligated-tRNA@Charged	MetaCyc:2-phospho-ligated-tRNA@Charged	
cpd21918	MetaCyc:2-trans-4-cis-dienoyl-CoAs;ChEBI:85099	MetaCyc:2-trans-4-cis-dienoyl-CoAs;ChEBI:85099		MetaCyc:2-trans-4-cis-dienoyl-CoAs;ChEBI:85099	MetaCyc:2-trans-4-cis-dienoyl-CoAs	MetaCyc:2-trans-4-cis-dienoyl-CoAs	GC	MetaCyc:2-trans-4-cis-dienoyl-CoAs@Charged	MetaCyc:2-trans-4-cis-dienoyl-CoAs@Charged	
cpd21919	MetaCyc:21-Hydroxysteroids	MetaCyc:21-Hydroxysteroids		MetaCyc:21-Hydroxysteroids	MetaCyc:21-Hydroxysteroids	MetaCyc:21-Hydroxysteroids	GC	MetaCyc:21-Hydroxysteroids@Charged	MetaCyc:21-Hydroxysteroids@Charged	
cpd21920	MetaCyc:21S-rRNA-2-O-methyluridine2791	MetaCyc:21S-rRNA-2-O-methyluridine2791		MetaCyc:21S-rRNA-2-O-methyluridine2791	MetaCyc:21S-rRNA-2-O-methyluridine2791	MetaCyc:21S-rRNA-2-O-methyluridine2791	GC	MetaCyc:21S-rRNA-2-O-methyluridine2791@Charged	MetaCyc:21S-rRNA-2-O-methyluridine2791@Charged	
cpd21921	MetaCyc:21S-rRNA-Pseudouridine-2819@Charged	MetaCyc:21S-rRNA-Pseudouridine-2819@Charged		MetaCyc:21S-rRNA-Pseudouridine-2819@Charged	MetaCyc:21S-rRNA-Pseudouridine-2819	MetaCyc:21S-rRNA-Pseudouridine-2819	GC	MetaCyc:21S-rRNA-Pseudouridine-2819@Charged	MetaCyc:21S-rRNA-Pseudouridine-2819@Charged	
cpd21922	MetaCyc:21S-rRNA-uridine-2791	MetaCyc:21S-rRNA-uridine-2791		MetaCyc:21S-rRNA-uridine-2791	MetaCyc:21S-rRNA-uridine-2791	MetaCyc:21S-rRNA-uridine-2791	GC	MetaCyc:21S-rRNA-uridine-2791@Charged	MetaCyc:21S-rRNA-uridine-2791@Charged	
cpd21923	MetaCyc:21S-rRNA-uridine-2819	MetaCyc:21S-rRNA-uridine-2819		MetaCyc:21S-rRNA-uridine-2819	MetaCyc:21S-rRNA-uridine-2819	MetaCyc:21S-rRNA-uridine-2819	GC	MetaCyc:21S-rRNA-uridine-2819@Charged	MetaCyc:21S-rRNA-uridine-2819@Charged	
cpd21924										
cpd21925	MetaCyc:23-Diaminopropanoate@Charged	MetaCyc:23-Diaminopropanoate@Charged	MetaCyc:23-Diaminopropanoate@Charged	MetaCyc:23-Diaminopropanoate@Charged	MetaCyc:23-Diaminopropanoate	MetaCyc:23-Diaminopropanoate	GC	MetaCyc:23-Diaminopropanoate@Charged	MetaCyc:23-Diaminopropanoate@Charged	
cpd21926	MetaCyc:23-Didehydropyranoses@Charged	MetaCyc:23-Didehydropyranoses@Charged	MetaCyc:23-Didehydropyranoses@Charged	MetaCyc:23-Didehydropyranoses@Charged	MetaCyc:23-Didehydropyranoses	MetaCyc:23-Didehydropyranoses	GC	MetaCyc:23-Didehydropyranoses@Charged	MetaCyc:23-Didehydropyranoses@Charged	eQuilibrator:MNXM14373
cpd21927	MetaCyc:23-PENTANEDIONE	MetaCyc:23-PENTANEDIONE	MetaCyc:23-PENTANEDIONE	MetaCyc:23-PENTANEDIONE	MetaCyc:23-PENTANEDIONE	MetaCyc:23-PENTANEDIONE	EQ	eQuilibrator:MNXM73203	MetaCyc:23-PENTANEDIONE@Charged	eQuilibrator:MNXM73203
cpd21928	MetaCyc:23-cyclic-nucloetide-PO4	MetaCyc:23-cyclic-nucloetide-PO4		MetaCyc:23-cyclic-nucloetide-PO4	MetaCyc:23-cyclic-nucloetide-PO4	MetaCyc:23-cyclic-nucloetide-PO4	GC	MetaCyc:23-cyclic-nucloetide-PO4@Charged	MetaCyc:23-cyclic-nucloetide-PO4@Charged	
cpd21929	MetaCyc:23S-RRNA-N2-METHYLGUANINE2445	MetaCyc:23S-RRNA-N2-METHYLGUANINE2445		MetaCyc:23S-RRNA-N2-METHYLGUANINE2445	MetaCyc:23S-RRNA-N2-METHYLGUANINE2445	MetaCyc:23S-RRNA-N2-METHYLGUANINE2445	GC	MetaCyc:23S-RRNA-N2-METHYLGUANINE2445@Charged	MetaCyc:23S-RRNA-N2-METHYLGUANINE2445@Charged	
cpd21930	MetaCyc:23S-rRNA-2-O-methyladenosine1067;MetaCyc:tRNA-2methyladenine-37	MetaCyc:23S-rRNA-2-O-methyladenosine1067;MetaCyc:tRNA-2methyladenine-37		MetaCyc:23S-rRNA-2-O-methyladenosine1067;MetaCyc:tRNA-2methyladenine-37	MetaCyc:23S-rRNA-2-O-methyladenosine1067	MetaCyc:23S-rRNA-2-O-methyladenosine1067	GC	MetaCyc:tRNA-2methyladenine-37@Charged	MetaCyc:tRNA-2methyladenine-37@Charged	
cpd21931	MetaCyc:23S-rRNA-2-O-methylcytidine1920	MetaCyc:23S-rRNA-2-O-methylcytidine1920		MetaCyc:23S-rRNA-2-O-methylcytidine1920	MetaCyc:23S-rRNA-2-O-methylcytidine1920	MetaCyc:23S-rRNA-2-O-methylcytidine1920	GC	MetaCyc:23S-rRNA-2-O-methylcytidine1920@Charged	MetaCyc:23S-rRNA-2-O-methylcytidine1920@Charged	
cpd21932	MetaCyc:23S-rRNA-2-O-methylcytidine2498	MetaCyc:23S-rRNA-2-O-methylcytidine2498		MetaCyc:23S-rRNA-2-O-methylcytidine2498	MetaCyc:23S-rRNA-2-O-methylcytidine2498	MetaCyc:23S-rRNA-2-O-methylcytidine2498	GC	MetaCyc:23S-rRNA-2-O-methylcytidine2498@Charged	MetaCyc:23S-rRNA-2-O-methylcytidine2498@Charged	
cpd21933	MetaCyc:23S-rRNA-2-O-methylguanosine2251	MetaCyc:23S-rRNA-2-O-methylguanosine2251		MetaCyc:23S-rRNA-2-O-methylguanosine2251	MetaCyc:23S-rRNA-2-O-methylguanosine2251	MetaCyc:23S-rRNA-2-O-methylguanosine2251	GC	MetaCyc:23S-rRNA-2-O-methylguanosine2251@Charged	MetaCyc:23S-rRNA-2-O-methylguanosine2251@Charged	
cpd21934	MetaCyc:23S-rRNA-2-O-methyluridine2552	MetaCyc:23S-rRNA-2-O-methyluridine2552		MetaCyc:23S-rRNA-2-O-methyluridine2552	MetaCyc:23S-rRNA-2-O-methyluridine2552	MetaCyc:23S-rRNA-2-O-methyluridine2552	GC	MetaCyc:23S-rRNA-2-O-methyluridine2552@Charged	MetaCyc:23S-rRNA-2-O-methyluridine2552@Charged	
cpd21935	MetaCyc:23S-rRNA-2-methyladenine2503	MetaCyc:23S-rRNA-2-methyladenine2503		MetaCyc:23S-rRNA-2-methyladenine2503	MetaCyc:23S-rRNA-2-methyladenine2503	MetaCyc:23S-rRNA-2-methyladenine2503	GC	MetaCyc:23S-rRNA-2-methyladenine2503@Charged	MetaCyc:23S-rRNA-2-methyladenine2503@Charged	
cpd21936	MetaCyc:23S-rRNA-5-methylcytosine1962	MetaCyc:23S-rRNA-5-methylcytosine1962		MetaCyc:23S-rRNA-5-methylcytosine1962	MetaCyc:23S-rRNA-5-methylcytosine1962	MetaCyc:23S-rRNA-5-methylcytosine1962	GC	MetaCyc:23S-rRNA-5-methylcytosine1962@Charged	MetaCyc:23S-rRNA-5-methylcytosine1962@Charged	
cpd21937	MetaCyc:23S-rRNA-5-Methyl-Uridines;MetaCyc:23S-rRNA-5-methyluracil1939;MetaCyc:tRNA-Ribothymidines;MetaCyc:tRNA-containing-5Me-uridine	MetaCyc:23S-rRNA-5-Methyl-Uridines;MetaCyc:23S-rRNA-5-methyluracil1939;MetaCyc:tRNA-Ribothymidines;MetaCyc:tRNA-containing-5Me-uridine		MetaCyc:23S-rRNA-5-Methyl-Uridines;MetaCyc:23S-rRNA-5-methyluracil1939;MetaCyc:tRNA-Ribothymidines;MetaCyc:tRNA-containing-5Me-uridine	MetaCyc:23S-rRNA-5-Methyl-Uridines	MetaCyc:23S-rRNA-5-Methyl-Uridines	GC	MetaCyc:23S-rRNA-5-Methyl-Uridines@Charged	MetaCyc:23S-rRNA-5-Methyl-Uridines@Charged	
cpd21938	MetaCyc:23S-rRNA-5-methyluracil747	MetaCyc:23S-rRNA-5-methyluracil747		MetaCyc:23S-rRNA-5-methyluracil747	MetaCyc:23S-rRNA-5-methyluracil747	MetaCyc:23S-rRNA-5-methyluracil747	GC	MetaCyc:23S-rRNA-5-methyluracil747@Charged	MetaCyc:23S-rRNA-5-methyluracil747@Charged	
cpd21939	MetaCyc:23S-rRNA-8-methyladenine2503;MetaCyc:N8-Methyladenine-containing-rRNAs	MetaCyc:23S-rRNA-8-methyladenine2503;MetaCyc:N8-Methyladenine-containing-rRNAs		MetaCyc:23S-rRNA-8-methyladenine2503;MetaCyc:N8-Methyladenine-containing-rRNAs	MetaCyc:23S-rRNA-8-methyladenine2503	MetaCyc:23S-rRNA-8-methyladenine2503	GC	MetaCyc:23S-rRNA-8-methyladenine2503@Charged	MetaCyc:23S-rRNA-8-methyladenine2503@Charged	
cpd21940	MetaCyc:23S-rRNA-N1-methylguanine745	MetaCyc:23S-rRNA-N1-methylguanine745		MetaCyc:23S-rRNA-N1-methylguanine745	MetaCyc:23S-rRNA-N1-methylguanine745	MetaCyc:23S-rRNA-N1-methylguanine745	GC	MetaCyc:23S-rRNA-N1-methylguanine745@Charged	MetaCyc:23S-rRNA-N1-methylguanine745@Charged	
cpd21941	MetaCyc:23S-rRNA-N1-methylguanine748	MetaCyc:23S-rRNA-N1-methylguanine748		MetaCyc:23S-rRNA-N1-methylguanine748	MetaCyc:23S-rRNA-N1-methylguanine748	MetaCyc:23S-rRNA-N1-methylguanine748	GC	MetaCyc:23S-rRNA-N1-methylguanine748@Charged	MetaCyc:23S-rRNA-N1-methylguanine748@Charged	
cpd21942	MetaCyc:23S-rRNA-N2-methylguanine1835	MetaCyc:23S-rRNA-N2-methylguanine1835		MetaCyc:23S-rRNA-N2-methylguanine1835	MetaCyc:23S-rRNA-N2-methylguanine1835	MetaCyc:23S-rRNA-N2-methylguanine1835	GC	MetaCyc:23S-rRNA-N2-methylguanine1835@Charged	MetaCyc:23S-rRNA-N2-methylguanine1835@Charged	
cpd21943	MetaCyc:23S-rRNA-N3-methylpseudouridine1915;MetaCyc:N3-Methylated-pseudoU-containing-rRNAs	MetaCyc:23S-rRNA-N3-methylpseudouridine1915;MetaCyc:N3-Methylated-pseudoU-containing-rRNAs		MetaCyc:23S-rRNA-N3-methylpseudouridine1915;MetaCyc:N3-Methylated-pseudoU-containing-rRNAs	MetaCyc:23S-rRNA-N3-methylpseudouridine1915	MetaCyc:23S-rRNA-N3-methylpseudouridine1915	GC	MetaCyc:23S-rRNA-N3-methylpseudouridine1915@Charged	MetaCyc:23S-rRNA-N3-methylpseudouridine1915@Charged	
cpd21944	MetaCyc:23S-rRNA-N6-dimethyladenine2085;MetaCyc:N6-dimethyladenine-containing-rRNAs	MetaCyc:23S-rRNA-N6-dimethyladenine2085;MetaCyc:N6-dimethyladenine-containing-rRNAs		MetaCyc:23S-rRNA-N6-dimethyladenine2085;MetaCyc:N6-dimethyladenine-containing-rRNAs	MetaCyc:23S-rRNA-N6-dimethyladenine2085	MetaCyc:23S-rRNA-N6-dimethyladenine2085	GC	MetaCyc:N6-dimethyladenine-containing-rRNAs@Charged	MetaCyc:N6-dimethyladenine-containing-rRNAs@Charged	
cpd21945	MetaCyc:23S-rRNA-N6-m-adenine1618;MetaCyc:23S-rRNA-N6-methyladenine-2030;MetaCyc:23S-rRNA-N6-methyladenine1618;MetaCyc:N6-Methyladenine-U6-snRNA;MetaCyc:N6-Methyladenine-containing-mRNAs;MetaCyc:N6-Methyladenine-containing-rRNAs	MetaCyc:23S-rRNA-N6-m-adenine1618;MetaCyc:23S-rRNA-N6-methyladenine-2030;MetaCyc:23S-rRNA-N6-methyladenine1618;MetaCyc:N6-Methyladenine-U6-snRNA;MetaCyc:N6-Methyladenine-containing-mRNAs;MetaCyc:N6-Methyladenine-containing-rRNAs		MetaCyc:23S-rRNA-N6-m-adenine1618;MetaCyc:23S-rRNA-N6-methyladenine-2030;MetaCyc:23S-rRNA-N6-methyladenine1618;MetaCyc:N6-Methyladenine-U6-snRNA;MetaCyc:N6-Methyladenine-containing-mRNAs;MetaCyc:N6-Methyladenine-containing-rRNAs	MetaCyc:23S-rRNA-N6-m-adenine1618	MetaCyc:23S-rRNA-N6-m-adenine1618	GC	MetaCyc:N6-Methyladenine-containing-rRNAs@Charged	MetaCyc:N6-Methyladenine-containing-rRNAs@Charged	
cpd21946	MetaCyc:23S-rRNA-N7-methylguanine-2069@Charged	MetaCyc:23S-rRNA-N7-methylguanine-2069@Charged		MetaCyc:23S-rRNA-N7-methylguanine-2069@Charged	MetaCyc:23S-rRNA-N7-methylguanine-2069	MetaCyc:23S-rRNA-N7-methylguanine-2069	GC	MetaCyc:23S-rRNA-N7-methylguanine-2069@Charged	MetaCyc:23S-rRNA-N7-methylguanine-2069@Charged	
cpd21947	MetaCyc:23S-rRNA-adenine-1618	MetaCyc:23S-rRNA-adenine-1618		MetaCyc:23S-rRNA-adenine-1618	MetaCyc:23S-rRNA-adenine-1618	MetaCyc:23S-rRNA-adenine-1618	GC	MetaCyc:23S-rRNA-adenine-1618@Charged	MetaCyc:23S-rRNA-adenine-1618@Charged	
cpd21948	MetaCyc:23S-rRNA-adenine-2085	MetaCyc:23S-rRNA-adenine-2085		MetaCyc:23S-rRNA-adenine-2085	MetaCyc:23S-rRNA-adenine-2085	MetaCyc:23S-rRNA-adenine-2085	GC	MetaCyc:23S-rRNA-adenine-2085@Charged	MetaCyc:23S-rRNA-adenine-2085@Charged	
cpd21949	MetaCyc:23S-rRNA-adenine-2503	MetaCyc:23S-rRNA-adenine-2503		MetaCyc:23S-rRNA-adenine-2503	MetaCyc:23S-rRNA-adenine-2503	MetaCyc:23S-rRNA-adenine-2503	GC	MetaCyc:23S-rRNA-adenine-2503@Charged	MetaCyc:23S-rRNA-adenine-2503@Charged	
cpd21950	MetaCyc:23S-rRNA-adenosine-1067	MetaCyc:23S-rRNA-adenosine-1067		MetaCyc:23S-rRNA-adenosine-1067	MetaCyc:23S-rRNA-adenosine-1067	MetaCyc:23S-rRNA-adenosine-1067	GC	MetaCyc:23S-rRNA-adenosine-1067@Charged	MetaCyc:23S-rRNA-adenosine-1067@Charged	
cpd21951	MetaCyc:23S-rRNA-cytidine-1920	MetaCyc:23S-rRNA-cytidine-1920		MetaCyc:23S-rRNA-cytidine-1920	MetaCyc:23S-rRNA-cytidine-1920	MetaCyc:23S-rRNA-cytidine-1920	GC	MetaCyc:23S-rRNA-cytidine-1920@Charged	MetaCyc:23S-rRNA-cytidine-1920@Charged	
cpd21952	MetaCyc:23S-rRNA-cytidine-2498	MetaCyc:23S-rRNA-cytidine-2498		MetaCyc:23S-rRNA-cytidine-2498	MetaCyc:23S-rRNA-cytidine-2498	MetaCyc:23S-rRNA-cytidine-2498	GC	MetaCyc:23S-rRNA-cytidine-2498@Charged	MetaCyc:23S-rRNA-cytidine-2498@Charged	
cpd21953	MetaCyc:23S-rRNA-cytosine-1962	MetaCyc:23S-rRNA-cytosine-1962		MetaCyc:23S-rRNA-cytosine-1962	MetaCyc:23S-rRNA-cytosine-1962	MetaCyc:23S-rRNA-cytosine-1962	GC	MetaCyc:23S-rRNA-cytosine-1962@Charged	MetaCyc:23S-rRNA-cytosine-1962@Charged	
cpd21954	MetaCyc:23S-rRNA-guanine-1835	MetaCyc:23S-rRNA-guanine-1835		MetaCyc:23S-rRNA-guanine-1835	MetaCyc:23S-rRNA-guanine-1835	MetaCyc:23S-rRNA-guanine-1835	GC	MetaCyc:23S-rRNA-guanine-1835@Charged	MetaCyc:23S-rRNA-guanine-1835@Charged	
cpd21955	MetaCyc:23S-rRNA-guanine-2069	MetaCyc:23S-rRNA-guanine-2069		MetaCyc:23S-rRNA-guanine-2069	MetaCyc:23S-rRNA-guanine-2069	MetaCyc:23S-rRNA-guanine-2069	GC	MetaCyc:23S-rRNA-guanine-2069@Charged	MetaCyc:23S-rRNA-guanine-2069@Charged	
cpd21956	MetaCyc:23S-rRNA-guanine-2445	MetaCyc:23S-rRNA-guanine-2445		MetaCyc:23S-rRNA-guanine-2445	MetaCyc:23S-rRNA-guanine-2445	MetaCyc:23S-rRNA-guanine-2445	GC	MetaCyc:23S-rRNA-guanine-2445@Charged	MetaCyc:23S-rRNA-guanine-2445@Charged	
cpd21957	MetaCyc:23S-rRNA-guanine-2551	MetaCyc:23S-rRNA-guanine-2551		MetaCyc:23S-rRNA-guanine-2551	MetaCyc:23S-rRNA-guanine-2551	MetaCyc:23S-rRNA-guanine-2551	GC	MetaCyc:23S-rRNA-guanine-2551@Charged	MetaCyc:23S-rRNA-guanine-2551@Charged	
cpd21958	MetaCyc:23S-rRNA-guanine-745	MetaCyc:23S-rRNA-guanine-745		MetaCyc:23S-rRNA-guanine-745	MetaCyc:23S-rRNA-guanine-745	MetaCyc:23S-rRNA-guanine-745	GC	MetaCyc:23S-rRNA-guanine-745@Charged	MetaCyc:23S-rRNA-guanine-745@Charged	
cpd21959	MetaCyc:23S-rRNA-guanine-748	MetaCyc:23S-rRNA-guanine-748		MetaCyc:23S-rRNA-guanine-748	MetaCyc:23S-rRNA-guanine-748	MetaCyc:23S-rRNA-guanine-748	GC	MetaCyc:23S-rRNA-guanine-748@Charged	MetaCyc:23S-rRNA-guanine-748@Charged	
cpd21960	MetaCyc:23S-rRNA-pseudouridine1911-1915-1917@Charged	MetaCyc:23S-rRNA-pseudouridine1911-1915-1917@Charged		MetaCyc:23S-rRNA-pseudouridine1911-1915-1917@Charged	MetaCyc:23S-rRNA-pseudouridine1911-1915-1917	MetaCyc:23S-rRNA-pseudouridine1911-1915-1917	GC	MetaCyc:23S-rRNA-pseudouridine1911-1915-1917@Charged	MetaCyc:23S-rRNA-pseudouridine1911-1915-1917@Charged	
cpd21961	MetaCyc:23S-rRNA-pseudouridine1915@Charged	MetaCyc:23S-rRNA-pseudouridine1915@Charged		MetaCyc:23S-rRNA-pseudouridine1915@Charged	MetaCyc:23S-rRNA-pseudouridine1915	MetaCyc:23S-rRNA-pseudouridine1915	GC	MetaCyc:23S-rRNA-pseudouridine1915@Charged	MetaCyc:23S-rRNA-pseudouridine1915@Charged	
cpd21962	MetaCyc:23S-rRNA-pseudouridine2457@Charged	MetaCyc:23S-rRNA-pseudouridine2457@Charged		MetaCyc:23S-rRNA-pseudouridine2457@Charged	MetaCyc:23S-rRNA-pseudouridine2457	MetaCyc:23S-rRNA-pseudouridine2457	GC	MetaCyc:23S-rRNA-pseudouridine2457@Charged	MetaCyc:23S-rRNA-pseudouridine2457@Charged	
cpd21963	MetaCyc:23S-rRNA-pseudouridine2604@Charged	MetaCyc:23S-rRNA-pseudouridine2604@Charged		MetaCyc:23S-rRNA-pseudouridine2604@Charged	MetaCyc:23S-rRNA-pseudouridine2604	MetaCyc:23S-rRNA-pseudouridine2604	GC	MetaCyc:23S-rRNA-pseudouridine2604@Charged	MetaCyc:23S-rRNA-pseudouridine2604@Charged	
cpd21964	MetaCyc:23S-rRNA-pseudouridine2605@Charged	MetaCyc:23S-rRNA-pseudouridine2605@Charged		MetaCyc:23S-rRNA-pseudouridine2605@Charged	MetaCyc:23S-rRNA-pseudouridine2605	MetaCyc:23S-rRNA-pseudouridine2605	GC	MetaCyc:23S-rRNA-pseudouridine2605@Charged	MetaCyc:23S-rRNA-pseudouridine2605@Charged	
cpd21965	MetaCyc:23S-rRNA-pseudouridine746@Charged	MetaCyc:23S-rRNA-pseudouridine746@Charged		MetaCyc:23S-rRNA-pseudouridine746@Charged	MetaCyc:23S-rRNA-pseudouridine746	MetaCyc:23S-rRNA-pseudouridine746	GC	MetaCyc:23S-rRNA-pseudouridine746@Charged	MetaCyc:23S-rRNA-pseudouridine746@Charged	
cpd21966	MetaCyc:23S-rRNA-pseudouridine955-2504-2580@Charged	MetaCyc:23S-rRNA-pseudouridine955-2504-2580@Charged		MetaCyc:23S-rRNA-pseudouridine955-2504-2580@Charged	MetaCyc:23S-rRNA-pseudouridine955-2504-2580	MetaCyc:23S-rRNA-pseudouridine955-2504-2580	GC	MetaCyc:23S-rRNA-pseudouridine955-2504-2580@Charged	MetaCyc:23S-rRNA-pseudouridine955-2504-2580@Charged	
cpd21967	MetaCyc:23S-rRNA-uracil-1939	MetaCyc:23S-rRNA-uracil-1939		MetaCyc:23S-rRNA-uracil-1939	MetaCyc:23S-rRNA-uracil-1939	MetaCyc:23S-rRNA-uracil-1939	GC	MetaCyc:23S-rRNA-uracil-1939@Charged	MetaCyc:23S-rRNA-uracil-1939@Charged	
cpd21968	MetaCyc:23S-rRNA-uracil-747	MetaCyc:23S-rRNA-uracil-747		MetaCyc:23S-rRNA-uracil-747	MetaCyc:23S-rRNA-uracil-747	MetaCyc:23S-rRNA-uracil-747	GC	MetaCyc:23S-rRNA-uracil-747@Charged	MetaCyc:23S-rRNA-uracil-747@Charged	
cpd21969	MetaCyc:23S-rRNA-uridine-2552	MetaCyc:23S-rRNA-uridine-2552		MetaCyc:23S-rRNA-uridine-2552	MetaCyc:23S-rRNA-uridine-2552	MetaCyc:23S-rRNA-uridine-2552	GC	MetaCyc:23S-rRNA-uridine-2552@Charged	MetaCyc:23S-rRNA-uridine-2552@Charged	
cpd21970	MetaCyc:23S-rRNA-uridine1911-1915-1917	MetaCyc:23S-rRNA-uridine1911-1915-1917		MetaCyc:23S-rRNA-uridine1911-1915-1917	MetaCyc:23S-rRNA-uridine1911-1915-1917	MetaCyc:23S-rRNA-uridine1911-1915-1917	GC	MetaCyc:23S-rRNA-uridine1911-1915-1917@Charged	MetaCyc:23S-rRNA-uridine1911-1915-1917@Charged	
cpd21971	MetaCyc:23S-rRNA-uridine2457	MetaCyc:23S-rRNA-uridine2457		MetaCyc:23S-rRNA-uridine2457	MetaCyc:23S-rRNA-uridine2457	MetaCyc:23S-rRNA-uridine2457	GC	MetaCyc:23S-rRNA-uridine2457@Charged	MetaCyc:23S-rRNA-uridine2457@Charged	
cpd21972	MetaCyc:23S-rRNA-uridine2604	MetaCyc:23S-rRNA-uridine2604		MetaCyc:23S-rRNA-uridine2604	MetaCyc:23S-rRNA-uridine2604	MetaCyc:23S-rRNA-uridine2604	GC	MetaCyc:23S-rRNA-uridine2604@Charged	MetaCyc:23S-rRNA-uridine2604@Charged	
cpd21973	MetaCyc:23S-rRNA-uridine2605	MetaCyc:23S-rRNA-uridine2605		MetaCyc:23S-rRNA-uridine2605	MetaCyc:23S-rRNA-uridine2605	MetaCyc:23S-rRNA-uridine2605	GC	MetaCyc:23S-rRNA-uridine2605@Charged	MetaCyc:23S-rRNA-uridine2605@Charged	
cpd21974	MetaCyc:23S-rRNA-uridine746	MetaCyc:23S-rRNA-uridine746		MetaCyc:23S-rRNA-uridine746	MetaCyc:23S-rRNA-uridine746	MetaCyc:23S-rRNA-uridine746	GC	MetaCyc:23S-rRNA-uridine746@Charged	MetaCyc:23S-rRNA-uridine746@Charged	
cpd21975	MetaCyc:23S-rRNA-uridine955-2504-2580	MetaCyc:23S-rRNA-uridine955-2504-2580		MetaCyc:23S-rRNA-uridine955-2504-2580	MetaCyc:23S-rRNA-uridine955-2504-2580	MetaCyc:23S-rRNA-uridine955-2504-2580	GC	MetaCyc:23S-rRNA-uridine955-2504-2580@Charged	MetaCyc:23S-rRNA-uridine955-2504-2580@Charged	
cpd21976										
cpd21977	MetaCyc:24-Epibrassinolide-Sulfates	MetaCyc:24-Epibrassinolide-Sulfates		MetaCyc:24-Epibrassinolide-Sulfates		MetaCyc:24-Epibrassinolide-Sulfates	GC	MetaCyc:24-Epibrassinolide-Sulfates@Charged	MetaCyc:24-Epibrassinolide-Sulfates@Charged	
cpd21978	MetaCyc:24-Epicathasterone-Sulfates	MetaCyc:24-Epicathasterone-Sulfates		MetaCyc:24-Epicathasterone-Sulfates		MetaCyc:24-Epicathasterone-Sulfates	GC	MetaCyc:24-Epicathasterone-Sulfates@Charged	MetaCyc:24-Epicathasterone-Sulfates@Charged	
cpd21979	MetaCyc:246-TRINITROBENZENE	MetaCyc:246-TRINITROBENZENE	MetaCyc:246-TRINITROBENZENE	MetaCyc:246-TRINITROBENZENE			GC	MetaCyc:246-TRINITROBENZENE@Charged	MetaCyc:246-TRINITROBENZENE@Charged	eQuilibrator:MNXM32241
cpd21980	MetaCyc:25-DICHLOROHYDROQUINONE	MetaCyc:25-DICHLOROHYDROQUINONE	MetaCyc:25-DICHLOROHYDROQUINONE	MetaCyc:25-DICHLOROHYDROQUINONE	MetaCyc:25-DICHLOROHYDROQUINONE	MetaCyc:25-DICHLOROHYDROQUINONE	EQ	eQuilibrator:MNXM2915	MetaCyc:25-DICHLOROHYDROQUINONE@Charged	eQuilibrator:MNXM2915
cpd21981	MetaCyc:25S-5-BETA-SPIROSTAN-3-BETA-OL-3-O-BET	MetaCyc:25S-5-BETA-SPIROSTAN-3-BETA-OL-3-O-BET	MetaCyc:25S-5-BETA-SPIROSTAN-3-BETA-OL-3-O-BET	MetaCyc:25S-5-BETA-SPIROSTAN-3-BETA-OL-3-O-BET	MetaCyc:25S-5-BETA-SPIROSTAN-3-BETA-OL-3-O-BET	MetaCyc:25S-5-BETA-SPIROSTAN-3-BETA-OL-3-O-BET	GC	MetaCyc:25S-5-BETA-SPIROSTAN-3-BETA-OL-3-O-BET@Charged	MetaCyc:25S-5-BETA-SPIROSTAN-3-BETA-OL-3-O-BET@Charged	eQuilibrator:MNXM4166
cpd21982	MetaCyc:26-DIFLUORO-4-HYDROXYPHENYLPYRUVATE	MetaCyc:26-DIFLUORO-4-HYDROXYPHENYLPYRUVATE	MetaCyc:26-DIFLUORO-4-HYDROXYPHENYLPYRUVATE	MetaCyc:26-DIFLUORO-4-HYDROXYPHENYLPYRUVATE	MetaCyc:26-DIFLUORO-4-HYDROXYPHENYLPYRUVATE	MetaCyc:26-DIFLUORO-4-HYDROXYPHENYLPYRUVATE	EQ	eQuilibrator:MNXM30542	MetaCyc:26-DIFLUORO-4-HYDROXYPHENYLPYRUVATE@Charged	eQuilibrator:MNXM30542
cpd21983										
cpd21984										
cpd21985	MetaCyc:28-Homobrassinosteroid-Sulfates	MetaCyc:28-Homobrassinosteroid-Sulfates		MetaCyc:28-Homobrassinosteroid-Sulfates		MetaCyc:28-Homobrassinosteroid-Sulfates	GC	MetaCyc:28-Homobrassinosteroid-Sulfates@Charged	MetaCyc:28-Homobrassinosteroid-Sulfates@Charged	
cpd21986	MetaCyc:28-Homocastasterone-Sulfates	MetaCyc:28-Homocastasterone-Sulfates		MetaCyc:28-Homocastasterone-Sulfates		MetaCyc:28-Homocastasterone-Sulfates	GC	MetaCyc:28-Homocastasterone-Sulfates@Charged	MetaCyc:28-Homocastasterone-Sulfates@Charged	
cpd21987										
cpd21988										
cpd21989	MetaCyc:2R-HYDROPEROXY-FATTY-ACIDS;ChEBI:147340	MetaCyc:2R-HYDROPEROXY-FATTY-ACIDS;ChEBI:147340		MetaCyc:2R-HYDROPEROXY-FATTY-ACIDS;ChEBI:147340	MetaCyc:2R-HYDROPEROXY-FATTY-ACIDS	MetaCyc:2R-HYDROPEROXY-FATTY-ACIDS	GC	MetaCyc:2R-HYDROPEROXY-FATTY-ACIDS@Charged	MetaCyc:2R-HYDROPEROXY-FATTY-ACIDS@Charged	
cpd21990	MetaCyc:2R-HYDROXY-FATTY-ACIDS;MetaCyc:R2OH-Straight-Chain-234-Sat-FA	MetaCyc:2R-HYDROXY-FATTY-ACIDS;MetaCyc:R2OH-Straight-Chain-234-Sat-FA		MetaCyc:2R-HYDROXY-FATTY-ACIDS;MetaCyc:R2OH-Straight-Chain-234-Sat-FA	MetaCyc:2R-HYDROXY-FATTY-ACIDS	MetaCyc:2R-HYDROXY-FATTY-ACIDS	GC	MetaCyc:2R-HYDROXY-FATTY-ACIDS@Charged	MetaCyc:2R-HYDROXY-FATTY-ACIDS@Charged	
cpd21991	MetaCyc:2R-hydroxy-carboxylates	MetaCyc:2R-hydroxy-carboxylates		MetaCyc:2R-hydroxy-carboxylates	MetaCyc:2R-hydroxy-carboxylates	MetaCyc:2R-hydroxy-carboxylates	GC	MetaCyc:2R-hydroxy-carboxylates@Charged	MetaCyc:2R-hydroxy-carboxylates@Charged	
cpd21992	MetaCyc:3-3-HAAs	MetaCyc:3-3-HAAs		MetaCyc:3-3-HAAs	MetaCyc:3-3-HAAs	MetaCyc:3-3-HAAs	GC	MetaCyc:3-3-HAAs@Charged	MetaCyc:3-3-HAAs@Charged	
cpd21993	MetaCyc:3-5-Dihydroxy-Flavanones	MetaCyc:3-5-Dihydroxy-Flavanones		MetaCyc:3-5-Dihydroxy-Flavanones	MetaCyc:3-5-Dihydroxy-Flavanones	MetaCyc:3-5-Dihydroxy-Flavanones	GC	MetaCyc:3-5-Dihydroxy-Flavanones@Charged	MetaCyc:3-5-Dihydroxy-Flavanones@Charged	
cpd21994	MetaCyc:3-ACYLOXYACYL-GROUP-OF-BACTERIAL-TOXIN	MetaCyc:3-ACYLOXYACYL-GROUP-OF-BACTERIAL-TOXIN		MetaCyc:3-ACYLOXYACYL-GROUP-OF-BACTERIAL-TOXIN		MetaCyc:3-ACYLOXYACYL-GROUP-OF-BACTERIAL-TOXIN	GC	MetaCyc:3-ACYLOXYACYL-GROUP-OF-BACTERIAL-TOXIN@Charged	MetaCyc:3-ACYLOXYACYL-GROUP-OF-BACTERIAL-TOXIN@Charged	
cpd21995	MetaCyc:3-ALPHA-HYDROXY-5-BETA-ANDROSTAN-17-ONE	MetaCyc:3-ALPHA-HYDROXY-5-BETA-ANDROSTAN-17-ONE	MetaCyc:3-ALPHA-HYDROXY-5-BETA-ANDROSTAN-17-ONE	MetaCyc:3-ALPHA-HYDROXY-5-BETA-ANDROSTAN-17-ONE	MetaCyc:3-ALPHA-HYDROXY-5-BETA-ANDROSTAN-17-ONE	MetaCyc:3-ALPHA-HYDROXY-5-BETA-ANDROSTAN-17-ONE	GC	MetaCyc:3-ALPHA-HYDROXY-5-BETA-ANDROSTAN-17-ONE@Charged	MetaCyc:3-ALPHA-HYDROXY-5-BETA-ANDROSTAN-17-ONE@Charged	eQuilibrator:MNXM2192
cpd21996	MetaCyc:3-AMINOPROPYL-METHYL-PHOSPHINATE	MetaCyc:3-AMINOPROPYL-METHYL-PHOSPHINATE	MetaCyc:3-AMINOPROPYL-METHYL-PHOSPHINATE	MetaCyc:3-AMINOPROPYL-METHYL-PHOSPHINATE	MetaCyc:3-AMINOPROPYL-METHYL-PHOSPHINATE	MetaCyc:3-AMINOPROPYL-METHYL-PHOSPHINATE	GC	MetaCyc:3-AMINOPROPYL-METHYL-PHOSPHINATE@Charged	MetaCyc:3-AMINOPROPYL-METHYL-PHOSPHINATE@Charged	
cpd21997	MetaCyc:3-Acyl-pyruvates	MetaCyc:3-Acyl-pyruvates		MetaCyc:3-Acyl-pyruvates	MetaCyc:3-Acyl-pyruvates	MetaCyc:3-Acyl-pyruvates	GC	MetaCyc:3-Acyl-pyruvates@Charged	MetaCyc:3-Acyl-pyruvates@Charged	
cpd21998	MetaCyc:3-Alpha-L-Fucosyl-NAc-Glycoprotein@Charged	MetaCyc:3-Alpha-L-Fucosyl-NAc-Glycoprotein@Charged		MetaCyc:3-Alpha-L-Fucosyl-NAc-Glycoprotein@Charged	MetaCyc:3-Alpha-L-Fucosyl-NAc-Glycoprotein	MetaCyc:3-Alpha-L-Fucosyl-NAc-Glycoprotein	GC	MetaCyc:3-Alpha-L-Fucosyl-NAc-Glycoprotein@Charged	MetaCyc:3-Alpha-L-Fucosyl-NAc-Glycoprotein@Charged	
cpd21999										
