id	formula_src	charge_src	inchikey_src	smiles_src	pka_src	pkb_src	deltag_method	deltag_used_src	deltag_gc_src	deltag_eq_src
cpd19000	KEGG:C00162	KEGG:C00162		KEGG:C00162	KEGG:C00162		GC	KEGG:C00162@Charged	KEGG:C00162@Charged	
cpd19001	MetaCyc:ALPHA-GLUCOSE;KEGG:C00267;ChEBI:17925	MetaCyc:ALPHA-GLUCOSE;KEGG:C00267;ChEBI:17925	MetaCyc:ALPHA-GLUCOSE;KEGG:C00267;ChEBI:17925	MetaCyc:ALPHA-GLUCOSE;KEGG:C00267;ChEBI:17925	KEGG:C00267	KEGG:C00267	EQ	eQuilibrator:MNXM99	MetaCyc:ALPHA-GLUCOSE@Charged	eQuilibrator:MNXM99
cpd19002	KEGG:C00302@Charged	KEGG:C00302@Charged	KEGG:C00302@Charged	KEGG:C00302@Charged	KEGG:C00302	KEGG:C00302	GC	KEGG:C00302@Charged	KEGG:C00302@Charged	
cpd19003	KEGG:C00487@Charged;ChEBI:17126	KEGG:C00487@Charged;ChEBI:17126	KEGG:C00487@Charged;ChEBI:17126	KEGG:C00487@Charged;ChEBI:17126	KEGG:C00487	KEGG:C00487	GC	KEGG:C00487@Charged	KEGG:C00487@Charged	
cpd19004	KEGG:C00641	KEGG:C00641		KEGG:C00641	KEGG:C00641	KEGG:C00641	GC	KEGG:C00641@Charged	KEGG:C00641@Charged	
cpd19005	MetaCyc:CPD0-2032;KEGG:C00661@Charged	MetaCyc:CPD0-2032;KEGG:C00661@Charged	MetaCyc:CPD0-2032;KEGG:C00661@Charged	MetaCyc:CPD0-2032;KEGG:C00661@Charged	KEGG:C00661	KEGG:C00661	GC	KEGG:C00661@Charged	KEGG:C00661@Charged	
cpd19006	MetaCyc:ALPHA-GLC-6-P;KEGG:C00668@Charged;ChEBI:58225	MetaCyc:ALPHA-GLC-6-P;KEGG:C00668@Charged;ChEBI:58225	MetaCyc:ALPHA-GLC-6-P;KEGG:C00668@Charged;ChEBI:58225	MetaCyc:ALPHA-GLC-6-P;KEGG:C00668@Charged;ChEBI:58225	KEGG:C00668	KEGG:C00668	EQ	eQuilibrator:MNXM215	MetaCyc:ALPHA-GLC-6-P@Charged	eQuilibrator:MNXM215
cpd19007	KEGG:C00806	KEGG:C00806	KEGG:C00806	KEGG:C00806@Charged	KEGG:C00806	KEGG:C00806	GC	KEGG:C00806@Charged	KEGG:C00806@Charged	
cpd19008	MetaCyc:CPD-10353;KEGG:C00810;ChEBI:15686	MetaCyc:CPD-10353;KEGG:C00810;ChEBI:15686	MetaCyc:CPD-10353;KEGG:C00810;ChEBI:15686	MetaCyc:CPD-10353;KEGG:C00810;ChEBI:15686	KEGG:C00810	KEGG:C00810	EQ	eQuilibrator:MNXM664	KEGG:C00810@Charged	eQuilibrator:MNXM664
cpd19009	MetaCyc:CPD-13559;KEGG:C00936;ChEBI:28729	MetaCyc:CPD-13559;KEGG:C00936;ChEBI:28729	MetaCyc:CPD-13559;KEGG:C00936;ChEBI:28729	MetaCyc:CPD-13559;KEGG:C00936;ChEBI:28729	KEGG:C00936	KEGG:C00936	EQ	eQuilibrator:MNXM919	KEGG:C00936@Charged	eQuilibrator:MNXM919
cpd19010										
cpd19011										
cpd19012	MetaCyc:CPD-13584@Charged;MetaCyc:HCN;KEGG:C00177@Charged;KEGG:C01326;ChEBI:18407	MetaCyc:CPD-13584@Charged;MetaCyc:HCN;KEGG:C00177@Charged;KEGG:C01326;ChEBI:18407	MetaCyc:CPD-13584@Charged;MetaCyc:HCN;KEGG:C00177@Charged;KEGG:C01326;ChEBI:18407	MetaCyc:CPD-13584@Charged;MetaCyc:HCN;KEGG:C00177@Charged;KEGG:C01326;ChEBI:18407	KEGG:C00177		GC	KEGG:C00177@Charged	KEGG:C00177@Charged	
cpd19013	MetaCyc:AMMONIA@Charged;MetaCyc:AMMONIUM;KEGG:C00014@Charged;KEGG:C01342;ChEBI:28938	MetaCyc:AMMONIA@Charged;MetaCyc:AMMONIUM;KEGG:C00014@Charged;KEGG:C01342;ChEBI:28938	MetaCyc:AMMONIA@Charged;MetaCyc:AMMONIUM;KEGG:C00014@Charged;KEGG:C01342;ChEBI:28938	MetaCyc:AMMONIA@Charged;MetaCyc:AMMONIUM;KEGG:C00014@Charged;KEGG:C01342;ChEBI:28938		KEGG:C00014	EQ	eQuilibrator:MNXM15	MetaCyc:AMMONIA@Charged	eQuilibrator:MNXM15
cpd19014					KEGG:C01490	KEGG:C01490				
cpd19015										
cpd19016	MetaCyc:25-DIAMINOPENTANOATE;KEGG:C01602@Charged	MetaCyc:25-DIAMINOPENTANOATE;KEGG:C01602@Charged	MetaCyc:25-DIAMINOPENTANOATE;KEGG:C01602@Charged	MetaCyc:25-DIAMINOPENTANOATE;KEGG:C01602@Charged	KEGG:C01602	KEGG:C01602	GC	MetaCyc:25-DIAMINOPENTANOATE@Charged	MetaCyc:25-DIAMINOPENTANOATE@Charged	
cpd19017	MetaCyc:CPD-1908	MetaCyc:CPD-1908	MetaCyc:CPD-1908	MetaCyc:CPD-1908	KEGG:C01766	KEGG:C01766	GC	MetaCyc:CPD-1908@Charged	MetaCyc:CPD-1908@Charged	
cpd19018	MetaCyc:D-TARTRATE;KEGG:C02107@Charged;ChEBI:30927	MetaCyc:D-TARTRATE;KEGG:C02107@Charged;ChEBI:30927	MetaCyc:D-TARTRATE;KEGG:C02107@Charged;ChEBI:30927	MetaCyc:D-TARTRATE;KEGG:C02107@Charged;ChEBI:30927	KEGG:C02107	KEGG:C02107	EQ	eQuilibrator:MNXM7948	KEGG:C02107@Charged	eQuilibrator:MNXM7948
cpd19019	MetaCyc:L-CYSTATHIONINE;KEGG:C02291;ChEBI:58161	MetaCyc:L-CYSTATHIONINE;KEGG:C02291;ChEBI:58161	MetaCyc:L-CYSTATHIONINE;KEGG:C02291;ChEBI:58161	MetaCyc:L-CYSTATHIONINE;KEGG:C02291@Charged;ChEBI:58161	KEGG:C02291	KEGG:C02291	EQ	eQuilibrator:MNXM319	KEGG:C02291@Charged	eQuilibrator:MNXM319
cpd19020	MetaCyc:S-ALLANTOIN;KEGG:C02350;ChEBI:15678@Original	MetaCyc:S-ALLANTOIN;KEGG:C02350;ChEBI:15678@Original	MetaCyc:S-ALLANTOIN;KEGG:C02350;ChEBI:15678@Original	MetaCyc:S-ALLANTOIN;KEGG:C02350;ChEBI:15678@Original	KEGG:C02350	KEGG:C02350	EQ	eQuilibrator:MNXM91795	KEGG:C02350@Charged	eQuilibrator:MNXM91795
cpd19021	KEGG:C02385@Charged	KEGG:C02385@Charged	KEGG:C02385@Charged	KEGG:C02385@Charged	KEGG:C02385	KEGG:C02385	GC	KEGG:C02385@Charged	KEGG:C02385@Charged	
cpd19022	MetaCyc:BENZOSEMIQUINONE;KEGG:C02389;ChEBI:17977	MetaCyc:BENZOSEMIQUINONE;KEGG:C02389;ChEBI:17977	MetaCyc:BENZOSEMIQUINONE;KEGG:C02389;ChEBI:17977	MetaCyc:BENZOSEMIQUINONE;KEGG:C02389;ChEBI:17977	KEGG:C02389	KEGG:C02389	EQ	eQuilibrator:MNXM7107	MetaCyc:BENZOSEMIQUINONE@Charged	eQuilibrator:MNXM7107
cpd19023	MetaCyc:CPD-1090;KEGG:C02485;ChEBI:15408	MetaCyc:CPD-1090;KEGG:C02485;ChEBI:15408	MetaCyc:CPD-1090;KEGG:C02485;ChEBI:15408	MetaCyc:CPD-1090;KEGG:C02485;ChEBI:15408	KEGG:C02485	KEGG:C02485	EQ	eQuilibrator:MNXM1787	KEGG:C02485@Charged	eQuilibrator:MNXM1787
cpd19024	MetaCyc:PROPANE-1-2-DIOL;KEGG:C02917;ChEBI:29002	MetaCyc:PROPANE-1-2-DIOL;KEGG:C02917;ChEBI:29002	MetaCyc:PROPANE-1-2-DIOL;KEGG:C02917;ChEBI:29002	MetaCyc:PROPANE-1-2-DIOL;KEGG:C02917;ChEBI:29002	KEGG:C02917	KEGG:C02917	EQ	eQuilibrator:MNXM1255	KEGG:C02917@Charged	eQuilibrator:MNXM1255
cpd19025	MetaCyc:D-galactose-1-phosphate;KEGG:C03384@Charged	MetaCyc:D-galactose-1-phosphate;KEGG:C03384@Charged	MetaCyc:D-galactose-1-phosphate;KEGG:C03384@Charged	MetaCyc:D-galactose-1-phosphate;KEGG:C03384@Charged	KEGG:C03384	KEGG:C03384	GC	KEGG:C03384@Charged	KEGG:C03384@Charged	
cpd19026	MetaCyc:CPD-21103;KEGG:C03465@Charged	MetaCyc:CPD-21103;KEGG:C03465@Charged	MetaCyc:CPD-21103;KEGG:C03465@Charged	MetaCyc:CPD-21103;KEGG:C03465@Charged	KEGG:C03465	KEGG:C03465	EQ	eQuilibrator:MNXM162801	KEGG:C03465@Charged	eQuilibrator:MNXM162801
cpd19027	MetaCyc:CPD-12602;KEGG:C03624@Charged;ChEBI:58652	MetaCyc:CPD-12602;KEGG:C03624@Charged;ChEBI:58652	MetaCyc:CPD-12602;KEGG:C03624@Charged;ChEBI:58652	MetaCyc:CPD-12602@Charged;KEGG:C03624@Charged;ChEBI:58652@Charged	KEGG:C03624	KEGG:C03624	GC	KEGG:C03624@Charged	KEGG:C03624@Charged	eQuilibrator:MNXM5228
cpd19028	MetaCyc:CPD-15318;KEGG:C03736@Charged	MetaCyc:CPD-15318;KEGG:C03736@Charged	MetaCyc:CPD-15318;KEGG:C03736@Charged	MetaCyc:CPD-15318;KEGG:C03736@Charged	KEGG:C03736	KEGG:C03736	EQ	eQuilibrator:MNXM15900	KEGG:C03736@Charged	eQuilibrator:MNXM15900
cpd19029										
cpd19030	MetaCyc:CPD-13357;KEGG:C04272@Charged;ChEBI:49072	MetaCyc:CPD-13357;KEGG:C04272@Charged;ChEBI:49072	MetaCyc:CPD-13357;KEGG:C04272@Charged;ChEBI:49072	MetaCyc:CPD-13357;KEGG:C04272@Charged;ChEBI:49072	KEGG:C04272	KEGG:C04272	EQ	eQuilibrator:MNXM114097	KEGG:C04272@Charged	eQuilibrator:MNXM114097
cpd19031	MetaCyc:N-ACETYL-D-GLUCOSAMINE-1-P;KEGG:C04501@Charged;ChEBI:57776	MetaCyc:N-ACETYL-D-GLUCOSAMINE-1-P;KEGG:C04501@Charged;ChEBI:57776	MetaCyc:N-ACETYL-D-GLUCOSAMINE-1-P;KEGG:C04501@Charged;ChEBI:57776	MetaCyc:N-ACETYL-D-GLUCOSAMINE-1-P;KEGG:C04501@Charged;ChEBI:57776	KEGG:C04501	KEGG:C04501	EQ	eQuilibrator:MNXM340	KEGG:C04501@Charged	eQuilibrator:MNXM340
cpd19032	KEGG:C04823@Charged;ChEBI:58443	KEGG:C04823@Charged;ChEBI:58443	KEGG:C04823@Charged;ChEBI:58443	KEGG:C04823@Charged;ChEBI:58443	KEGG:C04823	KEGG:C04823	GC	KEGG:C04823@Charged	KEGG:C04823@Charged	eQuilibrator:MNXM607
cpd19033	MetaCyc:CPD-15011;MetaCyc:CPD-7182@Charged	MetaCyc:CPD-15011;MetaCyc:CPD-7182@Charged		MetaCyc:CPD-15011;MetaCyc:CPD-7182@Charged	KEGG:C04924	KEGG:C04924	GC	MetaCyc:CPD-15011@Charged	MetaCyc:CPD-15011@Charged	
cpd19034	MetaCyc:CPD-25858;KEGG:C05330	MetaCyc:CPD-25858;KEGG:C05330	MetaCyc:CPD-25858;KEGG:C05330	MetaCyc:CPD-25858;KEGG:C05330@Charged	KEGG:C05330	KEGG:C05330	EQ	eQuilibrator:MNXM123	KEGG:C05330@Charged	eQuilibrator:MNXM123
cpd19035	MetaCyc:FRUCTOSE-6P;KEGG:C05345@Charged;ChEBI:57634	MetaCyc:FRUCTOSE-6P;KEGG:C05345@Charged;ChEBI:57634	MetaCyc:FRUCTOSE-6P;KEGG:C05345@Charged;ChEBI:57634	MetaCyc:FRUCTOSE-6P;KEGG:C05345@Charged;ChEBI:57634	KEGG:C05345	KEGG:C05345	EQ	eQuilibrator:MNXM89621	KEGG:C05345@Charged	eQuilibrator:MNXM89621
cpd19036	MetaCyc:FRUCTOSE-16-DIPHOSPHATE;KEGG:C05378@Charged;ChEBI:32966	MetaCyc:FRUCTOSE-16-DIPHOSPHATE;KEGG:C05378@Charged;ChEBI:32966	MetaCyc:FRUCTOSE-16-DIPHOSPHATE;KEGG:C05378@Charged;ChEBI:32966	MetaCyc:FRUCTOSE-16-DIPHOSPHATE;KEGG:C05378@Charged;ChEBI:32966	KEGG:C05378	KEGG:C05378	EQ	eQuilibrator:MNXM90006	KEGG:C05378@Charged	eQuilibrator:MNXM90006
cpd19037	MetaCyc:CPD-103;KEGG:C05613	MetaCyc:CPD-103;KEGG:C05613	MetaCyc:CPD-103;KEGG:C05613	MetaCyc:CPD-103;KEGG:C05613		KEGG:C05613	GC	KEGG:C05613@Charged	KEGG:C05613@Charged	eQuilibrator:MNXM43669
cpd19038										
cpd19039	MetaCyc:1-AMINO-PROPAN-2-OL	MetaCyc:1-AMINO-PROPAN-2-OL	MetaCyc:1-AMINO-PROPAN-2-OL	MetaCyc:1-AMINO-PROPAN-2-OL	KEGG:C05771	KEGG:C05771	EQ	eQuilibrator:MNXM1029	MetaCyc:1-AMINO-PROPAN-2-OL@Charged	eQuilibrator:MNXM1029
cpd19040	MetaCyc:CPD1F-90@Charged;KEGG:C05903@Charged;ChEBI:58573@Charged	MetaCyc:CPD1F-90@Charged;KEGG:C05903@Charged;ChEBI:58573@Charged	MetaCyc:CPD1F-90@Charged;KEGG:C05903@Charged;ChEBI:58573@Charged	MetaCyc:CPD1F-90@Charged;KEGG:C05903@Charged;ChEBI:58573@Charged	KEGG:C05903	KEGG:C05903	GC	KEGG:C05903@Charged	KEGG:C05903@Charged	eQuilibrator:MNXM1672
cpd19041	KEGG:C05946@Charged;ChEBI:62213	KEGG:C05946@Charged;ChEBI:62213	KEGG:C05946@Charged;ChEBI:62213	KEGG:C05946@Charged;ChEBI:62213	KEGG:C05946	KEGG:C05946	EQ	eQuilibrator:MNXM97048	KEGG:C05946@Charged	eQuilibrator:MNXM97048
cpd19042	MetaCyc:L-ERYTHRO-4-HYDROXY-GLUTAMATE;KEGG:C05947@Charged;ChEBI:6331	MetaCyc:L-ERYTHRO-4-HYDROXY-GLUTAMATE;KEGG:C05947@Charged;ChEBI:6331	MetaCyc:L-ERYTHRO-4-HYDROXY-GLUTAMATE;KEGG:C05947@Charged;ChEBI:6331	MetaCyc:L-ERYTHRO-4-HYDROXY-GLUTAMATE;KEGG:C05947@Charged;ChEBI:6331	KEGG:C05947	KEGG:C05947	EQ	eQuilibrator:MNXM923	KEGG:C05947@Charged	eQuilibrator:MNXM923
cpd19043	MetaCyc:CPD-12176;ChEBI:141211	MetaCyc:CPD-12176;ChEBI:141211	MetaCyc:CPD-12176;ChEBI:141211	MetaCyc:CPD-12176;ChEBI:141211	KEGG:C06001	KEGG:C06001	EQ	eQuilibrator:MNXM723126	MetaCyc:CPD-12176@Charged	eQuilibrator:MNXM723126
cpd19044	MetaCyc:CH3-MALONATE-S-ALD;KEGG:C06002@Charged;ChEBI:62413	MetaCyc:CH3-MALONATE-S-ALD;KEGG:C06002@Charged;ChEBI:62413	MetaCyc:CH3-MALONATE-S-ALD;KEGG:C06002@Charged;ChEBI:62413	MetaCyc:CH3-MALONATE-S-ALD;KEGG:C06002@Charged;ChEBI:62413	KEGG:C06002	KEGG:C06002	EQ	eQuilibrator:MNXM933	KEGG:C06002@Charged	eQuilibrator:MNXM933
cpd19045	MetaCyc:2-ACETO-2-HYDROXY-BUTYRATE;KEGG:C06006@Charged;ChEBI:49256	MetaCyc:2-ACETO-2-HYDROXY-BUTYRATE;KEGG:C06006@Charged;ChEBI:49256	MetaCyc:2-ACETO-2-HYDROXY-BUTYRATE;KEGG:C06006@Charged;ChEBI:49256	MetaCyc:2-ACETO-2-HYDROXY-BUTYRATE;KEGG:C06006@Charged;ChEBI:49256	KEGG:C00659	KEGG:C00659	EQ	eQuilibrator:MNXM114220	MetaCyc:2-ACETO-2-HYDROXY-BUTYRATE@Charged	eQuilibrator:MNXM114220
cpd19046	MetaCyc:1-KETO-2-METHYLVALERATE;KEGG:C06007@Charged;ChEBI:49258	MetaCyc:1-KETO-2-METHYLVALERATE;KEGG:C06007@Charged;ChEBI:49258	MetaCyc:1-KETO-2-METHYLVALERATE;KEGG:C06007@Charged;ChEBI:49258	MetaCyc:1-KETO-2-METHYLVALERATE;KEGG:C06007@Charged;ChEBI:49258	KEGG:C04104	KEGG:C04104	EQ	eQuilibrator:MNXM1202	MetaCyc:1-KETO-2-METHYLVALERATE@Charged	eQuilibrator:MNXM1202
cpd19047	MetaCyc:2-ACETO-LACTATE;KEGG:C06010@Charged;ChEBI:58476	MetaCyc:2-ACETO-LACTATE;KEGG:C06010@Charged;ChEBI:58476	MetaCyc:2-ACETO-LACTATE;KEGG:C06010@Charged;ChEBI:58476	MetaCyc:2-ACETO-LACTATE;KEGG:C06010@Charged;ChEBI:58476	KEGG:C06010	KEGG:C06010	EQ	eQuilibrator:MNXM114079	MetaCyc:2-ACETO-LACTATE@Charged	eQuilibrator:MNXM114079
cpd19048	KEGG:C06078;ChEBI:15384	KEGG:C06078;ChEBI:15384	KEGG:C06078;ChEBI:15384	KEGG:C06078;ChEBI:15384			GC	KEGG:C06078@Charged	KEGG:C06078@Charged	
cpd19049										
cpd19050	MetaCyc:CPD-4921;KEGG:C06305;ChEBI:89	MetaCyc:CPD-4921;KEGG:C06305;ChEBI:89	MetaCyc:CPD-4921;KEGG:C06305;ChEBI:89	MetaCyc:CPD-4921;KEGG:C06305;ChEBI:89			GC	KEGG:C06305@Charged	KEGG:C06305@Charged	eQuilibrator:MNXM5361
cpd19051	KEGG:C06395	KEGG:C06395		KEGG:C06395	KEGG:C06395	KEGG:C06395	GC	KEGG:C06395@Charged	KEGG:C06395@Charged	
cpd19052	KEGG:C06848	KEGG:C06848	KEGG:C06848	KEGG:C06848	KEGG:C06848	KEGG:C06848	GC	KEGG:C06848@Charged	KEGG:C06848@Charged	eQuilibrator:MNXM44191
cpd19053	KEGG:C06862	KEGG:C06862	KEGG:C06862	KEGG:C06862			GC	KEGG:C06862@Charged	KEGG:C06862@Charged	
cpd19054	KEGG:C06873	KEGG:C06873	KEGG:C06873	KEGG:C06873	KEGG:C06873	KEGG:C06873	GC	KEGG:C06873@Charged	KEGG:C06873@Charged	
cpd19055	KEGG:C06891@Charged	KEGG:C06891@Charged	KEGG:C06891@Charged	KEGG:C06891@Charged	KEGG:C06891	KEGG:C06891	GC	KEGG:C06891@Charged	KEGG:C06891@Charged	eQuilibrator:MNXM114119
cpd19056	KEGG:C06900@Charged	KEGG:C06900@Charged	KEGG:C06900@Charged	KEGG:C06900@Charged	KEGG:C06900	KEGG:C06900	EQ	eQuilibrator:MNXM46321	KEGG:C06900@Charged	eQuilibrator:MNXM46321
cpd19057	KEGG:C06933	KEGG:C06933	KEGG:C06933	KEGG:C06933	KEGG:C06933	KEGG:C06933	GC	KEGG:C06933@Charged	KEGG:C06933@Charged	
cpd19058	KEGG:C06936	KEGG:C06936	KEGG:C06936	KEGG:C06936@Charged	KEGG:C06936	KEGG:C06936	GC	KEGG:C06936@Charged	KEGG:C06936@Charged	
cpd19059	MetaCyc:CPD-20530;KEGG:C06938	MetaCyc:CPD-20530;KEGG:C06938	MetaCyc:CPD-20530;KEGG:C06938	MetaCyc:CPD-20530;KEGG:C06938	KEGG:C06938	KEGG:C06938	GC	KEGG:C06938@Charged	KEGG:C06938@Charged	
cpd19060	KEGG:C06952	KEGG:C06952	KEGG:C06952	KEGG:C06952@Charged	KEGG:C06952	KEGG:C06952	GC	KEGG:C06952@Charged	KEGG:C06952@Charged	
cpd19061	MetaCyc:CPD-10890@Charged;KEGG:C06960@Charged	MetaCyc:CPD-10890@Charged;KEGG:C06960@Charged	MetaCyc:CPD-10890@Charged;KEGG:C06960@Charged	MetaCyc:CPD-10890@Charged;KEGG:C06960@Charged		KEGG:C06960	GC	KEGG:C06960@Charged	KEGG:C06960@Charged	eQuilibrator:MNXM725003
cpd19062	KEGG:C06981	KEGG:C06981	KEGG:C06981	KEGG:C06981	KEGG:C06981	KEGG:C06981	GC	KEGG:C06981@Charged	KEGG:C06981@Charged	
cpd19063	MetaCyc:CPD-25122;KEGG:C06991@Charged	MetaCyc:CPD-25122;KEGG:C06991@Charged	MetaCyc:CPD-25122;KEGG:C06991@Charged	MetaCyc:CPD-25122;KEGG:C06991@Charged	KEGG:C06991	KEGG:C06991	EQ	eQuilibrator:MNXM52866	KEGG:C06991@Charged	eQuilibrator:MNXM52866
cpd19064	KEGG:C07007	KEGG:C07007	KEGG:C07007	KEGG:C07007	KEGG:C07007	KEGG:C07007	GC	KEGG:C07007@Charged	KEGG:C07007@Charged	eQuilibrator:MNXM53569
cpd19065	KEGG:C07017@Charged	KEGG:C07017@Charged	KEGG:C07017@Charged	KEGG:C07017@Charged	KEGG:C07017	KEGG:C07017	GC	KEGG:C07017@Charged	KEGG:C07017@Charged	
cpd19066	KEGG:C07020@Charged	KEGG:C07020@Charged	KEGG:C07020@Charged	KEGG:C07020@Charged	KEGG:C07020	KEGG:C07020	EQ	eQuilibrator:MNXM18033	KEGG:C07020@Charged	eQuilibrator:MNXM18033
cpd19067	KEGG:C07041	KEGG:C07041	KEGG:C07041	KEGG:C07041	KEGG:C07041	KEGG:C07041	GC	KEGG:C07041@Charged	KEGG:C07041@Charged	
cpd19068	KEGG:C07079	KEGG:C07079	KEGG:C07079	KEGG:C07079	KEGG:C07079	KEGG:C07079	GC	KEGG:C07079@Charged	KEGG:C07079@Charged	
cpd19069	MetaCyc:PHENYLACETATE;KEGG:C07086@Charged;ChEBI:18401	MetaCyc:PHENYLACETATE;KEGG:C07086@Charged;ChEBI:18401	MetaCyc:PHENYLACETATE;KEGG:C07086@Charged;ChEBI:18401	MetaCyc:PHENYLACETATE;KEGG:C07086@Charged;ChEBI:18401	KEGG:C07086		EQ	eQuilibrator:MNXM497	KEGG:C07086@Charged	eQuilibrator:MNXM497
cpd19070	KEGG:C07122	KEGG:C07122	KEGG:C07122	KEGG:C07122@Charged	KEGG:C07122	KEGG:C07122	EQ	eQuilibrator:MNXM61371	KEGG:C07122@Charged	eQuilibrator:MNXM61371
cpd19071	KEGG:C07125	KEGG:C07125	KEGG:C07125	KEGG:C07125	KEGG:C07125	KEGG:C07125	EQ	eQuilibrator:MNXM83554	KEGG:C07125@Charged	eQuilibrator:MNXM83554
cpd19072	MetaCyc:THIABENDAZOLE;KEGG:C07131	MetaCyc:THIABENDAZOLE;KEGG:C07131	MetaCyc:THIABENDAZOLE;KEGG:C07131	MetaCyc:THIABENDAZOLE;KEGG:C07131	KEGG:C07131	KEGG:C07131	GC	KEGG:C07131@Charged	KEGG:C07131@Charged	eQuilibrator:MNXM725753
cpd19073	MetaCyc:CPD-11282;KEGG:C07190	MetaCyc:CPD-11282;KEGG:C07190	MetaCyc:CPD-11282;KEGG:C07190	MetaCyc:CPD-11282;KEGG:C07190	KEGG:C07190		GC	KEGG:C07190@Charged	KEGG:C07190@Charged	
cpd19074	MetaCyc:CPD-24302;KEGG:C07203	MetaCyc:CPD-24302;KEGG:C07203	MetaCyc:CPD-24302;KEGG:C07203	MetaCyc:CPD-24302;KEGG:C07203	KEGG:C07203	KEGG:C07203	GC	KEGG:C07203@Charged	KEGG:C07203@Charged	eQuilibrator:MNXM61985
cpd19075	MetaCyc:CPD0-2694;KEGG:C07268	MetaCyc:CPD0-2694;KEGG:C07268	MetaCyc:CPD0-2694;KEGG:C07268	MetaCyc:CPD0-2694;KEGG:C07268	KEGG:C07268	KEGG:C07268	GC	KEGG:C07268@Charged	KEGG:C07268@Charged	eQuilibrator:MNXM64738
cpd19076	KEGG:C07376	KEGG:C07376	KEGG:C07376	KEGG:C07376@Charged	KEGG:C07376	KEGG:C07376	EQ	eQuilibrator:MNXM160498	KEGG:C07376@Charged	eQuilibrator:MNXM160498
cpd19077	KEGG:C07389@Charged	KEGG:C07389@Charged	KEGG:C07389@Charged	KEGG:C07389@Charged	KEGG:C07389	KEGG:C07389	EQ	eQuilibrator:MNXM160675	KEGG:C07389@Charged	eQuilibrator:MNXM160675
cpd19078	KEGG:C07431@Charged	KEGG:C07431@Charged	KEGG:C07431@Charged	KEGG:C07431@Charged	KEGG:C07431	KEGG:C07431	GC	KEGG:C07431@Charged	KEGG:C07431@Charged	
cpd19079	KEGG:C07436	KEGG:C07436	KEGG:C07436	KEGG:C07436@Charged	KEGG:C07436	KEGG:C07436	GC	KEGG:C07436@Charged	KEGG:C07436@Charged	eQuilibrator:MNXM159624
cpd19080	KEGG:C07587	KEGG:C07587	KEGG:C07587	KEGG:C07587	KEGG:C07587	KEGG:C07587	EQ	eQuilibrator:MNXM161206	KEGG:C07587@Charged	eQuilibrator:MNXM161206
cpd19081	KEGG:C07638@Charged	KEGG:C07638@Charged	KEGG:C07638@Charged	KEGG:C07638@Charged	KEGG:C07638	KEGG:C07638	GC	KEGG:C07638@Charged	KEGG:C07638@Charged	
cpd19082	MetaCyc:CPD-10813;KEGG:C07639;ChEBI:57261	MetaCyc:CPD-10813;KEGG:C07639;ChEBI:57261	MetaCyc:CPD-10813;KEGG:C07639;ChEBI:57261	MetaCyc:CPD-10813;KEGG:C07639@Charged;ChEBI:57261	KEGG:C07639	KEGG:C07639	EQ	eQuilibrator:MNXM162627	KEGG:C07639@Charged	eQuilibrator:MNXM162627
cpd19083	KEGG:C07701@Charged	KEGG:C07701@Charged	KEGG:C07701@Charged	KEGG:C07701@Charged	KEGG:C07701	KEGG:C07701	EQ	eQuilibrator:MNXM152562	KEGG:C07701@Charged	eQuilibrator:MNXM152562
cpd19084	KEGG:C07780@Charged	KEGG:C07780@Charged	KEGG:C07780@Charged	KEGG:C07780@Charged	KEGG:C07780	KEGG:C07780	GC	KEGG:C07780@Charged	KEGG:C07780@Charged	eQuilibrator:MNXM153422
cpd19085	KEGG:C07783@Charged	KEGG:C07783@Charged	KEGG:C07783@Charged	KEGG:C07783@Charged	KEGG:C07783	KEGG:C07783	GC	KEGG:C07783@Charged	KEGG:C07783@Charged	eQuilibrator:MNXM155203
cpd19086	KEGG:C07784	KEGG:C07784	KEGG:C07784	KEGG:C07784@Charged	KEGG:C07784	KEGG:C07784	GC	KEGG:C07784@Charged	KEGG:C07784@Charged	eQuilibrator:MNXM155468
cpd19087	KEGG:C07843	KEGG:C07843	KEGG:C07843	KEGG:C07843@Charged	KEGG:C07843	KEGG:C07843	EQ	eQuilibrator:MNXM156988	KEGG:C07843@Charged	eQuilibrator:MNXM156988
cpd19088	KEGG:C07894	KEGG:C07894	KEGG:C07894	KEGG:C07894@Charged	KEGG:C07894	KEGG:C07894	GC	KEGG:C07894@Charged	KEGG:C07894@Charged	eQuilibrator:MNXM129947
cpd19089	KEGG:C07906	KEGG:C07906	KEGG:C07906	KEGG:C07906@Charged	KEGG:C07906	KEGG:C07906	GC	KEGG:C07906@Charged	KEGG:C07906@Charged	eQuilibrator:MNXM157168
cpd19090	KEGG:C08038@Charged	KEGG:C08038@Charged	KEGG:C08038@Charged	KEGG:C08038@Charged	KEGG:C08038	KEGG:C08038	GC	KEGG:C08038@Charged	KEGG:C08038@Charged	eQuilibrator:MNXM153403
cpd19091	KEGG:C08098	KEGG:C08098	KEGG:C08098	KEGG:C08098	KEGG:C08098	KEGG:C08098	GC	KEGG:C08098@Charged	KEGG:C08098@Charged	
cpd19092	KEGG:C08133	KEGG:C08133	KEGG:C08133	KEGG:C08133	KEGG:C08133	KEGG:C08133	EQ	eQuilibrator:MNXM153082	KEGG:C08133@Charged	eQuilibrator:MNXM153082
cpd19093	KEGG:C08161@Charged	KEGG:C08161@Charged	KEGG:C08161@Charged	KEGG:C08161@Charged	KEGG:C08161	KEGG:C08161	GC	KEGG:C08161@Charged	KEGG:C08161@Charged	
cpd19094	KEGG:C08175	KEGG:C08175	KEGG:C08175	KEGG:C08175	KEGG:C08175	KEGG:C08175	GC	KEGG:C08175@Charged	KEGG:C08175@Charged	eQuilibrator:MNXM155201
cpd19095	KEGG:C08200	KEGG:C08200	KEGG:C08200	KEGG:C08200	KEGG:C08200		GC	KEGG:C08200@Charged	KEGG:C08200@Charged	eQuilibrator:MNXM158701
cpd19096	KEGG:C08202	KEGG:C08202	KEGG:C08202	KEGG:C08202	KEGG:C08202		GC	KEGG:C08202@Charged	KEGG:C08202@Charged	eQuilibrator:MNXM152789
cpd19097	MetaCyc:CPD-17108;KEGG:C09332@Charged	MetaCyc:CPD-17108;KEGG:C09332@Charged	MetaCyc:CPD-17108;KEGG:C09332@Charged	MetaCyc:CPD-17108@Charged;KEGG:C09332@Charged	KEGG:C09332	KEGG:C09332	GC	KEGG:C09332@Charged	KEGG:C09332@Charged	
cpd19098	MetaCyc:CPD-22523;KEGG:C09804;ChEBI:26	MetaCyc:CPD-22523;KEGG:C09804;ChEBI:26	MetaCyc:CPD-22523;KEGG:C09804;ChEBI:26	MetaCyc:CPD-22523;KEGG:C09804;ChEBI:26	KEGG:C09804	KEGG:C09804	GC	KEGG:C09804@Charged	KEGG:C09804@Charged	
cpd19099	MetaCyc:Alpha-pinene;KEGG:C09880;ChEBI:36740	MetaCyc:Alpha-pinene;KEGG:C09880;ChEBI:36740	MetaCyc:Alpha-pinene;KEGG:C09880;ChEBI:36740	MetaCyc:Alpha-pinene;KEGG:C09880;ChEBI:36740			GC	MetaCyc:Alpha-pinene@Charged	MetaCyc:Alpha-pinene@Charged	
cpd19100	MetaCyc:CPD-3221;KEGG:C09882;ChEBI:50025	MetaCyc:CPD-3221;KEGG:C09882;ChEBI:50025	MetaCyc:CPD-3221;KEGG:C09882;ChEBI:50025	MetaCyc:CPD-3221;KEGG:C09882;ChEBI:50025			GC	KEGG:C09882@Charged	KEGG:C09882@Charged	
cpd19101	KEGG:C10528@Charged	KEGG:C10528@Charged	KEGG:C10528@Charged	KEGG:C10528@Charged	KEGG:C10528	KEGG:C10528	GC	KEGG:C10528@Charged	KEGG:C10528@Charged	eQuilibrator:MNXM1455
cpd19102	MetaCyc:Fructofuranose;KEGG:C00095;ChEBI:37721	MetaCyc:Fructofuranose;KEGG:C00095;ChEBI:37721	MetaCyc:Fructofuranose;KEGG:C00095;ChEBI:37721	MetaCyc:Fructofuranose;KEGG:C00095;ChEBI:37721	KEGG:C00095	KEGG:C00095	GC	KEGG:C00095@Charged	KEGG:C00095@Charged	eQuilibrator:MNXM175
cpd19103	KEGG:C11060@Charged	KEGG:C11060@Charged	KEGG:C11060@Charged	KEGG:C11060@Charged	KEGG:C11060	KEGG:C11060	EQ	eQuilibrator:MNXM30240	KEGG:C11060@Charged	eQuilibrator:MNXM30240
cpd19104	KEGG:C11099	KEGG:C11099	KEGG:C11099	KEGG:C11099		KEGG:C11099	GC	KEGG:C11099@Charged	KEGG:C11099@Charged	
cpd19105	KEGG:C11357@Charged	KEGG:C11357@Charged	KEGG:C11357@Charged	KEGG:C11357@Charged		KEGG:C11357	EQ	eQuilibrator:MNXM31779	KEGG:C11357@Charged	eQuilibrator:MNXM31779
cpd19106	KEGG:C11359@Charged	KEGG:C11359@Charged	KEGG:C11359@Charged	KEGG:C11359@Charged	KEGG:C11359	KEGG:C11359	EQ	eQuilibrator:MNXM13448	KEGG:C11359@Charged	eQuilibrator:MNXM13448
cpd19107	MetaCyc:CPD-10037;KEGG:C11383;ChEBI:15399	MetaCyc:CPD-10037;KEGG:C11383;ChEBI:15399	MetaCyc:CPD-10037;KEGG:C11383;ChEBI:15399	MetaCyc:CPD-10037;KEGG:C11383;ChEBI:15399		KEGG:C11383	EQ	eQuilibrator:MNXM1126	KEGG:C11383@Charged	eQuilibrator:MNXM1126
cpd19108	MetaCyc:CPD-8996;KEGG:C11388;ChEBI:28	MetaCyc:CPD-8996;KEGG:C11388;ChEBI:28	MetaCyc:CPD-8996;KEGG:C11388;ChEBI:28	MetaCyc:CPD-8996;KEGG:C11388;ChEBI:28	KEGG:C11388	KEGG:C11388	EQ	eQuilibrator:MNXM4204	KEGG:C11388@Charged	eQuilibrator:MNXM4204
cpd19109	MetaCyc:CPD-15378;MetaCyc:L-XYLOSE;ChEBI:17979	MetaCyc:CPD-15378;MetaCyc:L-XYLOSE;ChEBI:17979	MetaCyc:CPD-15378;MetaCyc:L-XYLOSE;ChEBI:17979	MetaCyc:CPD-15378;MetaCyc:L-XYLOSE;ChEBI:17979	KEGG:C11476	KEGG:C11476	EQ	eQuilibrator:MNXM3638	MetaCyc:CPD-15378@Charged	eQuilibrator:MNXM3638
cpd19110	KEGG:C11819	KEGG:C11819	KEGG:C11819	KEGG:C11819	KEGG:C11819	KEGG:C11819	GC	KEGG:C11819@Charged	KEGG:C11819@Charged	
cpd19111	MetaCyc:CPD-4750@Charged;KEGG:C11901@Charged;ChEBI:58635@Charged	MetaCyc:CPD-4750@Charged;KEGG:C11901@Charged;ChEBI:58635@Charged	MetaCyc:CPD-4750@Charged;KEGG:C11901@Charged;ChEBI:58635@Charged	MetaCyc:CPD-4750@Charged;KEGG:C11901@Charged;ChEBI:58635@Charged	KEGG:C11901		GC	KEGG:C11901@Charged	KEGG:C11901@Charged	eQuilibrator:MNXM627
cpd19112	KEGG:C12276	KEGG:C12276	KEGG:C12276	KEGG:C12276	KEGG:C12276	KEGG:C12276	EQ	eQuilibrator:MNXM153100	KEGG:C12276@Charged	eQuilibrator:MNXM153100
cpd19113	MetaCyc:CPD-5581;KEGG:C12283@Charged	MetaCyc:CPD-5581;KEGG:C12283@Charged	MetaCyc:CPD-5581;KEGG:C12283@Charged	MetaCyc:CPD-5581;KEGG:C12283@Charged	KEGG:C12283	KEGG:C12283	GC	KEGG:C12283@Charged	KEGG:C12283@Charged	eQuilibrator:MNXM725409
cpd19114	MetaCyc:CPD-14349@Charged;KEGG:C12387@Charged	MetaCyc:CPD-14349@Charged;KEGG:C12387@Charged	MetaCyc:CPD-14349@Charged;KEGG:C12387@Charged	MetaCyc:CPD-14349@Charged;KEGG:C12387@Charged	KEGG:C12387	KEGG:C12387	GC	KEGG:C12387@Charged	KEGG:C12387@Charged	
cpd19115	KEGG:C12505	KEGG:C12505	KEGG:C12505	KEGG:C12505	KEGG:C12505	KEGG:C12505	GC	KEGG:C12505@Charged	KEGG:C12505@Charged	
cpd19116	KEGG:C12535	KEGG:C12535	KEGG:C12535	KEGG:C12535@Charged	KEGG:C12535	KEGG:C12535	EQ	eQuilibrator:MNXM87532	KEGG:C12535@Charged	eQuilibrator:MNXM87532
cpd19117	MetaCyc:CPD-6443;KEGG:C12537;ChEBI:41237	MetaCyc:CPD-6443;KEGG:C12537;ChEBI:41237	MetaCyc:CPD-6443;KEGG:C12537;ChEBI:41237	MetaCyc:CPD-6443;KEGG:C12537;ChEBI:41237		KEGG:C12537	EQ	eQuilibrator:MNXM3922	KEGG:C12537@Charged	eQuilibrator:MNXM3922
cpd19118	KEGG:C12538	KEGG:C12538	KEGG:C12538	KEGG:C12538	KEGG:C12538	KEGG:C12538	GC	KEGG:C12538@Charged	KEGG:C12538@Charged	
cpd19119	KEGG:C12539	KEGG:C12539	KEGG:C12539	KEGG:C12539	KEGG:C12539	KEGG:C12539	GC	KEGG:C12539@Charged	KEGG:C12539@Charged	eQuilibrator:MNXM43518
cpd19120	KEGG:C12570@Charged	KEGG:C12570@Charged	KEGG:C12570@Charged	KEGG:C12570@Charged	KEGG:C12570	KEGG:C12570	GC	KEGG:C12570@Charged	KEGG:C12570@Charged	
cpd19121	MetaCyc:CPD-13682@Charged;KEGG:C12580@Charged	MetaCyc:CPD-13682@Charged;KEGG:C12580@Charged	MetaCyc:CPD-13682@Charged;KEGG:C12580@Charged	MetaCyc:CPD-13682@Charged;KEGG:C12580@Charged	KEGG:C12580	KEGG:C12580	GC	KEGG:C12580@Charged	KEGG:C12580@Charged	
cpd19122	KEGG:C12695	KEGG:C12695	KEGG:C12695	KEGG:C12695	KEGG:C12695	KEGG:C12695	GC	KEGG:C12695@Charged	KEGG:C12695@Charged	eQuilibrator:MNXM50660
cpd19123	KEGG:C12729	KEGG:C12729	KEGG:C12729	KEGG:C12729	KEGG:C12729	KEGG:C12729	GC	KEGG:C12729@Charged	KEGG:C12729@Charged	eQuilibrator:MNXM46380
cpd19124	KEGG:C12786	KEGG:C12786	KEGG:C12786	KEGG:C12786@Charged	KEGG:C12786	KEGG:C12786	EQ	eQuilibrator:MNXM155445	KEGG:C12786@Charged	eQuilibrator:MNXM155445
cpd19125	KEGG:C12814	KEGG:C12814	KEGG:C12814	KEGG:C12814	KEGG:C12814		GC	KEGG:C12814@Charged	KEGG:C12814@Charged	
cpd19126	KEGG:C12816	KEGG:C12816	KEGG:C12816	KEGG:C12816	KEGG:C12816	KEGG:C12816	GC	KEGG:C12816@Charged	KEGG:C12816@Charged	eQuilibrator:MNXM78275
cpd19127	KEGG:C12839@Charged	KEGG:C12839@Charged	KEGG:C12839@Charged	KEGG:C12839@Charged	KEGG:C12839	KEGG:C12839	EQ	eQuilibrator:MNXM160260	KEGG:C12839@Charged	eQuilibrator:MNXM160260
cpd19128	KEGG:C12876@Charged	KEGG:C12876@Charged	KEGG:C12876@Charged	KEGG:C12876@Charged	KEGG:C12876	KEGG:C12876	EQ	eQuilibrator:MNXM87286	KEGG:C12876@Charged	eQuilibrator:MNXM87286
cpd19129	KEGG:C12935	KEGG:C12935	KEGG:C12935	KEGG:C12935	KEGG:C12935	KEGG:C12935	EQ	eQuilibrator:MNXM153084	KEGG:C12935@Charged	eQuilibrator:MNXM153084
cpd19130	KEGG:C12961	KEGG:C12961	KEGG:C12961	KEGG:C12961	KEGG:C12961	KEGG:C12961	GC	KEGG:C12961@Charged	KEGG:C12961@Charged	eQuilibrator:MNXM49237
cpd19131	KEGG:C13034	KEGG:C13034	KEGG:C13034	KEGG:C13034	KEGG:C13034	KEGG:C13034	GC	KEGG:C13034@Charged	KEGG:C13034@Charged	eQuilibrator:MNXM44802
cpd19132	KEGG:C13202	KEGG:C13202	KEGG:C13202	KEGG:C13202		KEGG:C13202	EQ	eQuilibrator:MNXM41596	KEGG:C13202@Charged	eQuilibrator:MNXM41596
cpd19133	KEGG:C13229	KEGG:C13229	KEGG:C13229	KEGG:C13229	KEGG:C13229	KEGG:C13229	GC	KEGG:C13229@Charged	KEGG:C13229@Charged	
cpd19134	MetaCyc:CPD-25137;KEGG:C13244	MetaCyc:CPD-25137;KEGG:C13244	MetaCyc:CPD-25137;KEGG:C13244	MetaCyc:CPD-25137;KEGG:C13244		KEGG:C13244	GC	KEGG:C13244@Charged	KEGG:C13244@Charged	
cpd19135	KEGG:C13249	KEGG:C13249	KEGG:C13249	KEGG:C13249	KEGG:C13249	KEGG:C13249	EQ	eQuilibrator:MNXM161124	KEGG:C13249@Charged	eQuilibrator:MNXM161124
cpd19136	MetaCyc:CPD-11423;KEGG:C13273;ChEBI:32023	MetaCyc:CPD-11423;KEGG:C13273;ChEBI:32023	MetaCyc:CPD-11423;KEGG:C13273;ChEBI:32023	MetaCyc:CPD-11423;KEGG:C13273;ChEBI:32023	KEGG:C13273	KEGG:C13273	EQ	eQuilibrator:MNXM5278	KEGG:C13273@Charged	eQuilibrator:MNXM5278
cpd19137	KEGG:C13301	KEGG:C13301	KEGG:C13301	KEGG:C13301@Charged	KEGG:C13301	KEGG:C13301	GC	KEGG:C13301@Charged	KEGG:C13301@Charged	eQuilibrator:MNXM152969
cpd19138	KEGG:C13334	KEGG:C13334	KEGG:C13334	KEGG:C13334	KEGG:C13334	KEGG:C13334	EQ	eQuilibrator:MNXM160293	KEGG:C13334@Charged	eQuilibrator:MNXM160293
cpd19139	KEGG:C13364@Charged	KEGG:C13364@Charged	KEGG:C13364@Charged	KEGG:C13364@Charged		KEGG:C13364	GC	KEGG:C13364@Charged	KEGG:C13364@Charged	
cpd19140	KEGG:C13383	KEGG:C13383	KEGG:C13383	KEGG:C13383			GC	KEGG:C13383@Charged	KEGG:C13383@Charged	eQuilibrator:MNXM57595
cpd19141										
cpd19142	KEGG:C13410	KEGG:C13410	KEGG:C13410	KEGG:C13410		KEGG:C13410	EQ	eQuilibrator:MNXM87633	KEGG:C13410@Charged	eQuilibrator:MNXM87633
cpd19143	KEGG:C13444	KEGG:C13444	KEGG:C13444	KEGG:C13444	KEGG:C13444	KEGG:C13444	GC	KEGG:C13444@Charged	KEGG:C13444@Charged	eQuilibrator:MNXM52620
cpd19144	KEGG:C13452@Charged	KEGG:C13452@Charged	KEGG:C13452@Charged	KEGG:C13452@Charged	KEGG:C13452	KEGG:C13452	GC	KEGG:C13452@Charged	KEGG:C13452@Charged	
cpd19145	KEGG:C13487	KEGG:C13487	KEGG:C13487	KEGG:C13487		KEGG:C13487	EQ	eQuilibrator:MNXM61964	KEGG:C13487@Charged	eQuilibrator:MNXM61964
cpd19146	KEGG:C13494@Charged	KEGG:C13494@Charged	KEGG:C13494@Charged	KEGG:C13494@Charged	KEGG:C13494	KEGG:C13494	EQ	eQuilibrator:MNXM158150	KEGG:C13494@Charged	eQuilibrator:MNXM158150
cpd19147	KEGG:C13557	KEGG:C13557	KEGG:C13557	KEGG:C13557	KEGG:C13557	KEGG:C13557	GC	KEGG:C13557@Charged	KEGG:C13557@Charged	
cpd19148	MetaCyc:NACL;KEGG:C13563	MetaCyc:NACL;KEGG:C13563	MetaCyc:NACL;KEGG:C13563	MetaCyc:NACL;KEGG:C13563	KEGG:C13563		GC	KEGG:C13563@Charged	KEGG:C13563@Charged	
cpd19149	MetaCyc:CPD-24318@Charged;MetaCyc:CPD-24319@Charged;MetaCyc:CPD-763;MetaCyc:CPD0-2040@Charged;KEGG:C06697@Charged;ChEBI:29242	MetaCyc:CPD-24318@Charged;MetaCyc:CPD-24319@Charged;MetaCyc:CPD-763;MetaCyc:CPD0-2040@Charged;KEGG:C06697@Charged;ChEBI:29242	MetaCyc:CPD-24318@Charged;MetaCyc:CPD-24319@Charged;MetaCyc:CPD-763;MetaCyc:CPD0-2040@Charged;KEGG:C06697@Charged;ChEBI:29242	MetaCyc:CPD-24318@Charged;MetaCyc:CPD-24319@Charged;MetaCyc:CPD-763;MetaCyc:CPD0-2040@Charged;KEGG:C06697@Charged;ChEBI:29242	KEGG:C06697	KEGG:C06697	GC	KEGG:C06697@Charged	KEGG:C06697@Charged	
cpd19150	MetaCyc:CPD-242;KEGG:C13635;ChEBI:35164	MetaCyc:CPD-242;KEGG:C13635;ChEBI:35164	MetaCyc:CPD-242;KEGG:C13635;ChEBI:35164	MetaCyc:CPD-242;KEGG:C13635;ChEBI:35164	KEGG:C13635	KEGG:C13635	EQ	eQuilibrator:MNXM34164	KEGG:C13635@Charged	eQuilibrator:MNXM34164
cpd19151	MetaCyc:CPD-22670;KEGG:C13636;ChEBI:31128	MetaCyc:CPD-22670;KEGG:C13636;ChEBI:31128	MetaCyc:CPD-22670;KEGG:C13636;ChEBI:31128	MetaCyc:CPD-22670;KEGG:C13636;ChEBI:31128	KEGG:C13636	KEGG:C13636	EQ	eQuilibrator:MNXM3863	KEGG:C13636@Charged	eQuilibrator:MNXM3863
cpd19152	KEGG:C13639	KEGG:C13639	KEGG:C13639	KEGG:C13639@Charged	KEGG:C13639	KEGG:C13639	GC	KEGG:C13639@Charged	KEGG:C13639@Charged	eQuilibrator:MNXM51400
cpd19153	KEGG:C13660@Charged	KEGG:C13660@Charged	KEGG:C13660@Charged	KEGG:C13660@Charged	KEGG:C13660	KEGG:C13660	EQ	eQuilibrator:MNXM160257	KEGG:C13660@Charged	eQuilibrator:MNXM160257
cpd19154	KEGG:C13700@Charged	KEGG:C13700@Charged	KEGG:C13700@Charged	KEGG:C13700@Charged	KEGG:C13700	KEGG:C13700	EQ	eQuilibrator:MNXM47264	KEGG:C13700@Charged	eQuilibrator:MNXM47264
cpd19155										
cpd19156	KEGG:C13811@Charged	KEGG:C13811@Charged	KEGG:C13811@Charged	KEGG:C13811@Charged	KEGG:C13811	KEGG:C13811	EQ	eQuilibrator:MNXM160256	KEGG:C13811@Charged	eQuilibrator:MNXM160256
cpd19157	KEGG:C13974	KEGG:C13974	KEGG:C13974	KEGG:C13974@Charged	KEGG:C13974	KEGG:C13974	GC	KEGG:C13974@Charged	KEGG:C13974@Charged	
cpd19158	KEGG:C14042	KEGG:C14042	KEGG:C14042	KEGG:C14042	KEGG:C14042		GC	KEGG:C14042@Charged	KEGG:C14042@Charged	
cpd19159	KEGG:C14049@Charged	KEGG:C14049@Charged	KEGG:C14049@Charged	KEGG:C14049@Charged	KEGG:C14049	KEGG:C14049	GC	KEGG:C14049@Charged	KEGG:C14049@Charged	eQuilibrator:MNXM156430
cpd19160	KEGG:C14232	KEGG:C14232	KEGG:C14232	KEGG:C14232	KEGG:C14232	KEGG:C14232	EQ	eQuilibrator:MNXM37020	KEGG:C14232@Charged	eQuilibrator:MNXM37020
cpd19161	KEGG:C14381@Charged	KEGG:C14381@Charged	KEGG:C14381@Charged	KEGG:C14381@Charged	KEGG:C14381	KEGG:C14381	EQ	eQuilibrator:MNXM37488	KEGG:C14381@Charged	eQuilibrator:MNXM37488
cpd19162	MetaCyc:CPD-15124;KEGG:C14610@Charged;ChEBI:58736	MetaCyc:CPD-15124;KEGG:C14610@Charged;ChEBI:58736	MetaCyc:CPD-15124;KEGG:C14610@Charged;ChEBI:58736	MetaCyc:CPD-15124;KEGG:C14610@Charged;ChEBI:58736	KEGG:C14610	KEGG:C14610	EQ	eQuilibrator:MNXM114155	KEGG:C14610@Charged	eQuilibrator:MNXM114155
cpd19163	KEGG:C14729@Charged	KEGG:C14729@Charged	KEGG:C14729@Charged	KEGG:C14729@Charged	KEGG:C14729	KEGG:C14729	EQ	eQuilibrator:MNXM34160	KEGG:C14729@Charged	eQuilibrator:MNXM34160
cpd19164	KEGG:C15153@Charged	KEGG:C15153@Charged	KEGG:C15153@Charged	KEGG:C15153@Charged	KEGG:C15153	KEGG:C15153	EQ	eQuilibrator:MNXM61598	KEGG:C15153@Charged	eQuilibrator:MNXM61598
cpd19165	KEGG:C15202	KEGG:C15202	KEGG:C15202	KEGG:C15202	KEGG:C15202	KEGG:C15202	EQ	eQuilibrator:MNXM34198	KEGG:C15202@Charged	eQuilibrator:MNXM34198
cpd19166	KEGG:C15539@Charged	KEGG:C15539@Charged		KEGG:C15539@Charged	KEGG:C15539	KEGG:C15539	GC	KEGG:C15539@Charged	KEGG:C15539@Charged	
cpd19167										
cpd19168										
cpd19169	KEGG:C15768;ChEBI:37573	KEGG:C15768;ChEBI:37573	KEGG:C15768;ChEBI:37573	KEGG:C15768;ChEBI:37573	KEGG:C15768	KEGG:C15768	GC	KEGG:C15768@Charged	KEGG:C15768@Charged	eQuilibrator:MNXM7309
cpd19170	KEGG:C15966	KEGG:C15966	KEGG:C15966	KEGG:C15966	KEGG:C15966	KEGG:C15966	GC	KEGG:C15966@Charged	KEGG:C15966@Charged	
cpd19171	KEGG:C15972	KEGG:C15972		KEGG:C15972	KEGG:C15972	KEGG:C15972	GC	KEGG:C15972@Charged	KEGG:C15972@Charged	
cpd19172	KEGG:C15973	KEGG:C15973		KEGG:C15973	KEGG:C15973	KEGG:C15973	GC	KEGG:C15973@Charged	KEGG:C15973@Charged	
cpd19173	KEGG:C15977	KEGG:C15977		KEGG:C15977	KEGG:C15977	KEGG:C15977	GC	KEGG:C15977@Charged	KEGG:C15977@Charged	
cpd19174	KEGG:C15980@Charged	KEGG:C15980@Charged	KEGG:C15980@Charged	KEGG:C15980@Charged	KEGG:C15980	KEGG:C15980	EQ	eQuilibrator:MNXM162399	KEGG:C15980@Charged	eQuilibrator:MNXM162399
cpd19175	MetaCyc:CPD-7421	MetaCyc:CPD-7421	MetaCyc:CPD-7421	MetaCyc:CPD-7421	KEGG:C15981	KEGG:C15981	GC	MetaCyc:CPD-7421@Charged	MetaCyc:CPD-7421@Charged	
cpd19176	MetaCyc:CPD-17501;KEGG:C16225	MetaCyc:CPD-17501;KEGG:C16225	MetaCyc:CPD-17501;KEGG:C16225	MetaCyc:CPD-17501;KEGG:C16225	KEGG:C16225	KEGG:C16225	GC	KEGG:C16225@Charged	KEGG:C16225@Charged	
cpd19177	MetaCyc:CPD-9042;ChEBI:60062	MetaCyc:CPD-9042;ChEBI:60062	MetaCyc:CPD-9042;ChEBI:60062	MetaCyc:CPD-9042;ChEBI:60062	KEGG:C16242	KEGG:C16242	GC	MetaCyc:CPD-9042@Charged	MetaCyc:CPD-9042@Charged	
cpd19178	KEGG:C16245@Charged;ChEBI:142686	KEGG:C16245@Charged;ChEBI:142686	KEGG:C16245@Charged;ChEBI:142686	KEGG:C16245@Charged;ChEBI:142686	KEGG:C16245	KEGG:C16245	EQ	eQuilibrator:MNXM147428	KEGG:C16245@Charged	eQuilibrator:MNXM147428
cpd19179	KEGG:C16254@Charged	KEGG:C16254@Charged		KEGG:C16254@Charged	KEGG:C16254	KEGG:C16254	GC	KEGG:C16254@Charged	KEGG:C16254@Charged	
cpd19180	KEGG:C16255	KEGG:C16255		KEGG:C16255	KEGG:C16255	KEGG:C16255	GC	KEGG:C16255@Charged	KEGG:C16255@Charged	
cpd19181	MetaCyc:CPD-12992;KEGG:C16433@Charged	MetaCyc:CPD-12992;KEGG:C16433@Charged	MetaCyc:CPD-12992;KEGG:C16433@Charged	MetaCyc:CPD-12992;KEGG:C16433@Charged	KEGG:C16433	KEGG:C16433	GC	KEGG:C16433@Charged	KEGG:C16433@Charged	
cpd19182	KEGG:C16440@Charged	KEGG:C16440@Charged	KEGG:C16440@Charged	KEGG:C16440@Charged	KEGG:C16440	KEGG:C16440	GC	KEGG:C16440@Charged	KEGG:C16440@Charged	
cpd19183	KEGG:C16581;ChEBI:28991	KEGG:C16581;ChEBI:28991		KEGG:C16581;ChEBI:28991	KEGG:C16581	KEGG:C16581	GC	KEGG:C16581@Charged	KEGG:C16581@Charged	
cpd19184	KEGG:C16659@Charged	KEGG:C16659@Charged	KEGG:C16659@Charged	KEGG:C16659@Charged		KEGG:C16659	EQ	eQuilibrator:MNXM9822	KEGG:C16659@Charged	eQuilibrator:MNXM9822
cpd19185	MetaCyc:7-AMINOMETHYL-7-DEAZAGUANINE;KEGG:C16675@Charged;ChEBI:58703	MetaCyc:7-AMINOMETHYL-7-DEAZAGUANINE;KEGG:C16675@Charged;ChEBI:58703	MetaCyc:7-AMINOMETHYL-7-DEAZAGUANINE;KEGG:C16675@Charged;ChEBI:58703	MetaCyc:7-AMINOMETHYL-7-DEAZAGUANINE;KEGG:C16675@Charged;ChEBI:58703	KEGG:C16675	KEGG:C16675	GC	MetaCyc:7-AMINOMETHYL-7-DEAZAGUANINE@Charged	MetaCyc:7-AMINOMETHYL-7-DEAZAGUANINE@Charged	eQuilibrator:MNXM3198
cpd19186										
cpd19187	KEGG:C16688@Charged;ChEBI:91002	KEGG:C16688@Charged;ChEBI:91002	KEGG:C16688@Charged;ChEBI:91002	KEGG:C16688@Charged;ChEBI:91002	KEGG:C16688	KEGG:C16688	GC	KEGG:C16688@Charged	KEGG:C16688@Charged	
cpd19188					KEGG:C16689					
cpd19189	KEGG:C16711	KEGG:C16711		KEGG:C16711		KEGG:C16711	GC	KEGG:C16711@Charged	KEGG:C16711@Charged	
cpd19190	KEGG:C16717@Charged	KEGG:C16717@Charged	KEGG:C16717@Charged	KEGG:C16717@Charged	KEGG:C16717	KEGG:C16717	GC	KEGG:C16717@Charged	KEGG:C16717@Charged	
cpd19191	MetaCyc:CPD-9951;KEGG:C16719@Charged	MetaCyc:CPD-9951;KEGG:C16719@Charged	MetaCyc:CPD-9951;KEGG:C16719@Charged	MetaCyc:CPD-9951;KEGG:C16719@Charged	KEGG:C16719	KEGG:C16719	GC	KEGG:C16719@Charged	KEGG:C16719@Charged	
cpd19192	KEGG:C16722@Charged	KEGG:C16722@Charged		KEGG:C16722@Charged		KEGG:C16722	GC	KEGG:C16722@Charged	KEGG:C16722@Charged	
cpd19193	KEGG:C16736	KEGG:C16736		KEGG:C16736	KEGG:C16736		GC	KEGG:C16736@Charged	KEGG:C16736@Charged	
cpd19194					KEGG:C16739	KEGG:C16739				
cpd19195	KEGG:C16740@Charged	KEGG:C16740@Charged		KEGG:C16740@Charged	KEGG:C16740	KEGG:C16740	GC	KEGG:C16740@Charged	KEGG:C16740@Charged	
cpd19196	MetaCyc:CPD-14226;KEGG:C16741@Charged;ChEBI:58357	MetaCyc:CPD-14226;KEGG:C16741@Charged;ChEBI:58357	MetaCyc:CPD-14226;KEGG:C16741@Charged;ChEBI:58357	MetaCyc:CPD-14226;KEGG:C16741@Charged;ChEBI:58357	KEGG:C16741	KEGG:C16741	EQ	eQuilibrator:MNXM722766	KEGG:C16741@Charged	eQuilibrator:MNXM722766
cpd19197										
cpd19198	MetaCyc:CPD-392;KEGG:C16831;ChEBI:85908	MetaCyc:CPD-392;KEGG:C16831;ChEBI:85908	MetaCyc:CPD-392;KEGG:C16831;ChEBI:85908	MetaCyc:CPD-392;KEGG:C16831@Charged;ChEBI:85908	KEGG:C16831	KEGG:C16831	GC	KEGG:C16831@Charged	KEGG:C16831@Charged	
cpd19199	KEGG:C16851@Charged	KEGG:C16851@Charged	KEGG:C16851@Charged	KEGG:C16851@Charged	KEGG:C16851	KEGG:C16851	GC	KEGG:C16851@Charged	KEGG:C16851@Charged	
cpd19200	KEGG:C16854	KEGG:C16854	KEGG:C16854	KEGG:C16854	KEGG:C16854	KEGG:C16854	GC	KEGG:C16854@Charged	KEGG:C16854@Charged	
cpd19201	KEGG:C16862	KEGG:C16862	KEGG:C16862	KEGG:C16862	KEGG:C16862	KEGG:C16862	GC	KEGG:C16862@Charged	KEGG:C16862@Charged	
cpd19202	KEGG:C16865	KEGG:C16865	KEGG:C16865	KEGG:C16865	KEGG:C16865	KEGG:C16865	GC	KEGG:C16865@Charged	KEGG:C16865@Charged	eQuilibrator:MNXM81705
cpd19203	KEGG:C16870@Charged	KEGG:C16870@Charged	KEGG:C16870@Charged	KEGG:C16870@Charged	KEGG:C16870	KEGG:C16870	GC	KEGG:C16870@Charged	KEGG:C16870@Charged	eQuilibrator:MNXM51051
cpd19204	KEGG:C16871	KEGG:C16871	KEGG:C16871	KEGG:C16871	KEGG:C16871	KEGG:C16871	GC	KEGG:C16871@Charged	KEGG:C16871@Charged	
cpd19205	KEGG:C16872@Charged	KEGG:C16872@Charged	KEGG:C16872@Charged	KEGG:C16872@Charged	KEGG:C16872	KEGG:C16872	GC	KEGG:C16872@Charged	KEGG:C16872@Charged	eQuilibrator:MNXM89259
cpd19206	KEGG:C16875	KEGG:C16875	KEGG:C16875	KEGG:C16875	KEGG:C16875	KEGG:C16875	GC	KEGG:C16875@Charged	KEGG:C16875@Charged	
cpd19207	KEGG:C16876@Charged	KEGG:C16876@Charged	KEGG:C16876@Charged	KEGG:C16876@Charged	KEGG:C16876	KEGG:C16876	GC	KEGG:C16876@Charged	KEGG:C16876@Charged	eQuilibrator:MNXM58892
cpd19208	KEGG:C16877	KEGG:C16877	KEGG:C16877	KEGG:C16877	KEGG:C16877	KEGG:C16877	EQ	eQuilibrator:MNXM47849	KEGG:C16877@Charged	eQuilibrator:MNXM47849
cpd19209	KEGG:C16878@Charged	KEGG:C16878@Charged	KEGG:C16878@Charged	KEGG:C16878@Charged	KEGG:C16878	KEGG:C16878	GC	KEGG:C16878@Charged	KEGG:C16878@Charged	eQuilibrator:MNXM42411
cpd19210	KEGG:C16881@Charged	KEGG:C16881@Charged	KEGG:C16881@Charged	KEGG:C16881@Charged	KEGG:C16881	KEGG:C16881	GC	KEGG:C16881@Charged	KEGG:C16881@Charged	
cpd19211	KEGG:C16883	KEGG:C16883	KEGG:C16883	KEGG:C16883	KEGG:C16883	KEGG:C16883	EQ	eQuilibrator:MNXM105870	KEGG:C16883@Charged	eQuilibrator:MNXM105870
cpd19212	KEGG:C16892	KEGG:C16892	KEGG:C16892	KEGG:C16892	KEGG:C16892	KEGG:C16892	EQ	eQuilibrator:MNXM32908	KEGG:C16892@Charged	eQuilibrator:MNXM32908
cpd19213	KEGG:C16899	KEGG:C16899	KEGG:C16899	KEGG:C16899	KEGG:C16899	KEGG:C16899	GC	KEGG:C16899@Charged	KEGG:C16899@Charged	
cpd19214	KEGG:C16901	KEGG:C16901	KEGG:C16901	KEGG:C16901	KEGG:C16901	KEGG:C16901	GC	KEGG:C16901@Charged	KEGG:C16901@Charged	
cpd19215	KEGG:C16902	KEGG:C16902	KEGG:C16902	KEGG:C16902	KEGG:C16902	KEGG:C16902	GC	KEGG:C16902@Charged	KEGG:C16902@Charged	eQuilibrator:MNXM62682
cpd19216	KEGG:C16904	KEGG:C16904	KEGG:C16904	KEGG:C16904	KEGG:C16904	KEGG:C16904	GC	KEGG:C16904@Charged	KEGG:C16904@Charged	eQuilibrator:MNXM87438
cpd19217	KEGG:C16905	KEGG:C16905	KEGG:C16905	KEGG:C16905	KEGG:C16905	KEGG:C16905	EQ	eQuilibrator:MNXM51493	KEGG:C16905@Charged	eQuilibrator:MNXM51493
cpd19218	KEGG:C16907	KEGG:C16907	KEGG:C16907	KEGG:C16907@Charged	KEGG:C16907	KEGG:C16907	GC	KEGG:C16907@Charged	KEGG:C16907@Charged	
cpd19219	KEGG:C17004@Charged	KEGG:C17004@Charged	KEGG:C17004@Charged	KEGG:C17004@Charged	KEGG:C17004	KEGG:C17004	GC	KEGG:C17004@Charged	KEGG:C17004@Charged	
cpd19220	KEGG:C17012	KEGG:C17012	KEGG:C17012	KEGG:C17012	KEGG:C17012	KEGG:C17012	GC	KEGG:C17012@Charged	KEGG:C17012@Charged	
cpd19221	KEGG:C17013	KEGG:C17013	KEGG:C17013	KEGG:C17013	KEGG:C17013	KEGG:C17013	GC	KEGG:C17013@Charged	KEGG:C17013@Charged	
cpd19222	KEGG:C17029	KEGG:C17029	KEGG:C17029	KEGG:C17029		KEGG:C17029	GC	KEGG:C17029@Charged	KEGG:C17029@Charged	
cpd19223	KEGG:C17114	KEGG:C17114	KEGG:C17114	KEGG:C17114	KEGG:C17114	KEGG:C17114	GC	KEGG:C17114@Charged	KEGG:C17114@Charged	eQuilibrator:MNXM82625
cpd19224	KEGG:C17116	KEGG:C17116	KEGG:C17116	KEGG:C17116			GC	KEGG:C17116@Charged	KEGG:C17116@Charged	eQuilibrator:MNXM64589
cpd19225	KEGG:C17117	KEGG:C17117	KEGG:C17117	KEGG:C17117	KEGG:C17117	KEGG:C17117	GC	KEGG:C17117@Charged	KEGG:C17117@Charged	eQuilibrator:MNXM64590
cpd19226	KEGG:C17118	KEGG:C17118	KEGG:C17118	KEGG:C17118	KEGG:C17118	KEGG:C17118	GC	KEGG:C17118@Charged	KEGG:C17118@Charged	eQuilibrator:MNXM51903
cpd19227	KEGG:C17121	KEGG:C17121	KEGG:C17121	KEGG:C17121	KEGG:C17121	KEGG:C17121	GC	KEGG:C17121@Charged	KEGG:C17121@Charged	eQuilibrator:MNXM65244
cpd19228	KEGG:C17127	KEGG:C17127	KEGG:C17127	KEGG:C17127	KEGG:C17127	KEGG:C17127	GC	KEGG:C17127@Charged	KEGG:C17127@Charged	eQuilibrator:MNXM78027
cpd19229	KEGG:C17132	KEGG:C17132	KEGG:C17132	KEGG:C17132		KEGG:C17132	GC	KEGG:C17132@Charged	KEGG:C17132@Charged	
cpd19230	KEGG:C17133	KEGG:C17133	KEGG:C17133	KEGG:C17133		KEGG:C17133	GC	KEGG:C17133@Charged	KEGG:C17133@Charged	
cpd19231	KEGG:C17135	KEGG:C17135	KEGG:C17135	KEGG:C17135	KEGG:C17135	KEGG:C17135	GC	KEGG:C17135@Charged	KEGG:C17135@Charged	
cpd19232	KEGG:C17136	KEGG:C17136	KEGG:C17136	KEGG:C17136	KEGG:C17136	KEGG:C17136	GC	KEGG:C17136@Charged	KEGG:C17136@Charged	eQuilibrator:MNXM106082
cpd19233	KEGG:C17156	KEGG:C17156	KEGG:C17156	KEGG:C17156	KEGG:C17156	KEGG:C17156	EQ		KEGG:C17156@Charged	
cpd19234	KEGG:C17177	KEGG:C17177	KEGG:C17177	KEGG:C17177		KEGG:C17177	GC	KEGG:C17177@Charged	KEGG:C17177@Charged	
cpd19235	KEGG:C17179	KEGG:C17179	KEGG:C17179	KEGG:C17179	KEGG:C17179	KEGG:C17179	GC	KEGG:C17179@Charged	KEGG:C17179@Charged	eQuilibrator:MNXM44174
cpd19236	KEGG:C17181	KEGG:C17181	KEGG:C17181	KEGG:C17181	KEGG:C17181	KEGG:C17181	GC	KEGG:C17181@Charged	KEGG:C17181@Charged	eQuilibrator:MNXM59234
cpd19237	KEGG:C17184	KEGG:C17184	KEGG:C17184	KEGG:C17184	KEGG:C17184	KEGG:C17184	GC	KEGG:C17184@Charged	KEGG:C17184@Charged	
cpd19238	KEGG:C17193	KEGG:C17193	KEGG:C17193	KEGG:C17193	KEGG:C17193	KEGG:C17193	GC	KEGG:C17193@Charged	KEGG:C17193@Charged	eQuilibrator:MNXM56240
cpd19239	KEGG:C17208@Charged	KEGG:C17208@Charged	KEGG:C17208@Charged	KEGG:C17208@Charged	KEGG:C17208	KEGG:C17208	GC	KEGG:C17208@Charged	KEGG:C17208@Charged	
cpd19240	MetaCyc:CPD-13517@Charged;MetaCyc:CPD0-1470;KEGG:C17349@Charged;ChEBI:30087	MetaCyc:CPD-13517@Charged;MetaCyc:CPD0-1470;KEGG:C17349@Charged;ChEBI:30087	MetaCyc:CPD-13517@Charged;MetaCyc:CPD0-1470;KEGG:C17349@Charged;ChEBI:30087	MetaCyc:CPD-13517@Charged;MetaCyc:CPD0-1470;KEGG:C17349@Charged;ChEBI:30087	KEGG:C17349	KEGG:C17349	EQ	eQuilibrator:MNXM2828	KEGG:C17349@Charged	eQuilibrator:MNXM2828
cpd19241	MetaCyc:CPD-9610@Charged;KEGG:C17432@Charged;ChEBI:60721@Charged	MetaCyc:CPD-9610@Charged;KEGG:C17432@Charged;ChEBI:60721@Charged	MetaCyc:CPD-9610@Charged;KEGG:C17432@Charged;ChEBI:60721@Charged	MetaCyc:CPD-9610@Charged;KEGG:C17432@Charged;ChEBI:60721@Charged	KEGG:C17432		EQ	eQuilibrator:MNXM1721	KEGG:C17432@Charged	eQuilibrator:MNXM1721
cpd19242	KEGG:C17453	KEGG:C17453	KEGG:C17453	KEGG:C17453	KEGG:C17453	KEGG:C17453	GC	KEGG:C17453@Charged	KEGG:C17453@Charged	eQuilibrator:MNXM107523
cpd19243	KEGG:C17457	KEGG:C17457	KEGG:C17457	KEGG:C17457	KEGG:C17457	KEGG:C17457	GC	KEGG:C17457@Charged	KEGG:C17457@Charged	
cpd19244	KEGG:C17485@Charged	KEGG:C17485@Charged	KEGG:C17485@Charged	KEGG:C17485@Charged	KEGG:C17485	KEGG:C17485	GC	KEGG:C17485@Charged	KEGG:C17485@Charged	
cpd19245	MetaCyc:CPD-9646;KEGG:C17556@Charged;ChEBI:60392	MetaCyc:CPD-9646;KEGG:C17556@Charged;ChEBI:60392	MetaCyc:CPD-9646;KEGG:C17556@Charged;ChEBI:60392	MetaCyc:CPD-9646;KEGG:C17556@Charged;ChEBI:60392	KEGG:C17556		EQ	eQuilibrator:MNXM89653	KEGG:C17556@Charged	eQuilibrator:MNXM89653
cpd19246	MetaCyc:CPD-9647;KEGG:C17558;ChEBI:61216	MetaCyc:CPD-9647;KEGG:C17558;ChEBI:61216	MetaCyc:CPD-9647;KEGG:C17558;ChEBI:61216	MetaCyc:CPD-9647;KEGG:C17558;ChEBI:61216	KEGG:C17558	KEGG:C17558	EQ	eQuilibrator:MNXM3974	KEGG:C17558@Charged	eQuilibrator:MNXM3974
cpd19247	KEGG:C17590	KEGG:C17590	KEGG:C17590	KEGG:C17590	KEGG:C17590	KEGG:C17590	GC	KEGG:C17590@Charged	KEGG:C17590@Charged	
cpd19248	KEGG:C17613	KEGG:C17613	KEGG:C17613	KEGG:C17613	KEGG:C17613	KEGG:C17613	GC	KEGG:C17613@Charged	KEGG:C17613@Charged	
cpd19249	KEGG:C17623	KEGG:C17623	KEGG:C17623	KEGG:C17623		KEGG:C17623	EQ	eQuilibrator:MNXM169486	KEGG:C17623@Charged	eQuilibrator:MNXM169486
cpd19250										
cpd19251										
cpd19252	KEGG:C17648	KEGG:C17648	KEGG:C17648	KEGG:C17648	KEGG:C17648	KEGG:C17648	GC	KEGG:C17648@Charged	KEGG:C17648@Charged	
cpd19253	KEGG:C17677	KEGG:C17677	KEGG:C17677	KEGG:C17677	KEGG:C17677	KEGG:C17677	GC	KEGG:C17677@Charged	KEGG:C17677@Charged	eQuilibrator:MNXM52931
cpd19254	KEGG:C17760@Charged	KEGG:C17760@Charged	KEGG:C17760@Charged	KEGG:C17760@Charged	KEGG:C17760	KEGG:C17760	GC	KEGG:C17760@Charged	KEGG:C17760@Charged	eQuilibrator:MNXM108785
cpd19255	KEGG:C17761@Charged	KEGG:C17761@Charged	KEGG:C17761@Charged	KEGG:C17761@Charged	KEGG:C17761	KEGG:C17761	GC	KEGG:C17761@Charged	KEGG:C17761@Charged	eQuilibrator:MNXM81860
cpd19256	KEGG:C17762@Charged	KEGG:C17762@Charged	KEGG:C17762@Charged	KEGG:C17762@Charged	KEGG:C17762	KEGG:C17762	GC	KEGG:C17762@Charged	KEGG:C17762@Charged	eQuilibrator:MNXM56638
cpd19257	KEGG:C17763@Charged	KEGG:C17763@Charged	KEGG:C17763@Charged	KEGG:C17763@Charged	KEGG:C17763	KEGG:C17763	GC	KEGG:C17763@Charged	KEGG:C17763@Charged	eQuilibrator:MNXM38799
cpd19258	KEGG:C17766	KEGG:C17766	KEGG:C17766	KEGG:C17766	KEGG:C17766	KEGG:C17766	GC	KEGG:C17766@Charged	KEGG:C17766@Charged	eQuilibrator:MNXM47577
cpd19259	KEGG:C17767	KEGG:C17767	KEGG:C17767	KEGG:C17767	KEGG:C17767	KEGG:C17767	GC	KEGG:C17767@Charged	KEGG:C17767@Charged	eQuilibrator:MNXM47576
cpd19260	KEGG:C17768	KEGG:C17768	KEGG:C17768	KEGG:C17768	KEGG:C17768	KEGG:C17768	GC	KEGG:C17768@Charged	KEGG:C17768@Charged	eQuilibrator:MNXM47574
cpd19261	KEGG:C17769	KEGG:C17769	KEGG:C17769	KEGG:C17769	KEGG:C17769	KEGG:C17769	GC	KEGG:C17769@Charged	KEGG:C17769@Charged	eQuilibrator:MNXM47575
cpd19262	KEGG:C17791	KEGG:C17791	KEGG:C17791	KEGG:C17791	KEGG:C17791	KEGG:C17791	GC	KEGG:C17791@Charged	KEGG:C17791@Charged	
cpd19263	KEGG:C17792	KEGG:C17792	KEGG:C17792	KEGG:C17792	KEGG:C17792	KEGG:C17792	GC	KEGG:C17792@Charged	KEGG:C17792@Charged	
cpd19264	KEGG:C17793	KEGG:C17793	KEGG:C17793	KEGG:C17793	KEGG:C17793	KEGG:C17793	GC	KEGG:C17793@Charged	KEGG:C17793@Charged	
cpd19265	KEGG:C17794	KEGG:C17794	KEGG:C17794	KEGG:C17794	KEGG:C17794	KEGG:C17794	GC	KEGG:C17794@Charged	KEGG:C17794@Charged	
cpd19266	KEGG:C17797	KEGG:C17797	KEGG:C17797	KEGG:C17797	KEGG:C17797	KEGG:C17797	GC	KEGG:C17797@Charged	KEGG:C17797@Charged	
cpd19267	KEGG:C17798	KEGG:C17798	KEGG:C17798	KEGG:C17798	KEGG:C17798	KEGG:C17798	GC	KEGG:C17798@Charged	KEGG:C17798@Charged	
cpd19268	KEGG:C17799	KEGG:C17799	KEGG:C17799	KEGG:C17799	KEGG:C17799	KEGG:C17799	GC	KEGG:C17799@Charged	KEGG:C17799@Charged	
cpd19269	KEGG:C17800	KEGG:C17800	KEGG:C17800	KEGG:C17800	KEGG:C17800	KEGG:C17800	GC	KEGG:C17800@Charged	KEGG:C17800@Charged	
cpd19270	KEGG:C17801	KEGG:C17801	KEGG:C17801	KEGG:C17801	KEGG:C17801	KEGG:C17801	GC	KEGG:C17801@Charged	KEGG:C17801@Charged	
cpd19271	KEGG:C17802	KEGG:C17802	KEGG:C17802	KEGG:C17802	KEGG:C17802	KEGG:C17802	GC	KEGG:C17802@Charged	KEGG:C17802@Charged	
cpd19272	KEGG:C17804	KEGG:C17804	KEGG:C17804	KEGG:C17804	KEGG:C17804	KEGG:C17804	GC	KEGG:C17804@Charged	KEGG:C17804@Charged	eQuilibrator:MNXM47204
cpd19273	KEGG:C17805	KEGG:C17805	KEGG:C17805	KEGG:C17805	KEGG:C17805	KEGG:C17805	GC	KEGG:C17805@Charged	KEGG:C17805@Charged	eQuilibrator:MNXM47205
cpd19274	KEGG:C17806	KEGG:C17806	KEGG:C17806	KEGG:C17806	KEGG:C17806	KEGG:C17806	GC	KEGG:C17806@Charged	KEGG:C17806@Charged	eQuilibrator:MNXM47206
cpd19275	KEGG:C17807	KEGG:C17807	KEGG:C17807	KEGG:C17807	KEGG:C17807	KEGG:C17807	GC	KEGG:C17807@Charged	KEGG:C17807@Charged	eQuilibrator:MNXM56701
cpd19276										
cpd19277	KEGG:C17814	KEGG:C17814	KEGG:C17814	KEGG:C17814	KEGG:C17814	KEGG:C17814	EQ	eQuilibrator:MNXM55533	KEGG:C17814@Charged	eQuilibrator:MNXM55533
cpd19278	KEGG:C17816	KEGG:C17816	KEGG:C17816	KEGG:C17816	KEGG:C17816	KEGG:C17816	GC	KEGG:C17816@Charged	KEGG:C17816@Charged	
cpd19279	KEGG:C17817	KEGG:C17817	KEGG:C17817	KEGG:C17817	KEGG:C17817	KEGG:C17817	GC	KEGG:C17817@Charged	KEGG:C17817@Charged	
cpd19280	KEGG:C17818	KEGG:C17818	KEGG:C17818	KEGG:C17818	KEGG:C17818	KEGG:C17818	EQ	eQuilibrator:MNXM55536	KEGG:C17818@Charged	eQuilibrator:MNXM55536
cpd19281	KEGG:C17819	KEGG:C17819	KEGG:C17819	KEGG:C17819	KEGG:C17819	KEGG:C17819	EQ	eQuilibrator:MNXM55537	KEGG:C17819@Charged	eQuilibrator:MNXM55537
cpd19282	KEGG:C17820	KEGG:C17820	KEGG:C17820	KEGG:C17820	KEGG:C17820	KEGG:C17820	EQ	eQuilibrator:MNXM55538	KEGG:C17820@Charged	eQuilibrator:MNXM55538
cpd19283	KEGG:C17828@Charged	KEGG:C17828@Charged	KEGG:C17828@Charged	KEGG:C17828@Charged	KEGG:C17828	KEGG:C17828	GC	KEGG:C17828@Charged	KEGG:C17828@Charged	
cpd19284	KEGG:C17829@Charged	KEGG:C17829@Charged	KEGG:C17829@Charged	KEGG:C17829@Charged	KEGG:C17829	KEGG:C17829	GC	KEGG:C17829@Charged	KEGG:C17829@Charged	
cpd19285	KEGG:C17830@Charged	KEGG:C17830@Charged	KEGG:C17830@Charged	KEGG:C17830@Charged	KEGG:C17830	KEGG:C17830	GC	KEGG:C17830@Charged	KEGG:C17830@Charged	
cpd19286	KEGG:C17831	KEGG:C17831	KEGG:C17831	KEGG:C17831	KEGG:C17831	KEGG:C17831	GC	KEGG:C17831@Charged	KEGG:C17831@Charged	
cpd19287	KEGG:C17832	KEGG:C17832	KEGG:C17832	KEGG:C17832	KEGG:C17832	KEGG:C17832	GC	KEGG:C17832@Charged	KEGG:C17832@Charged	
cpd19288	KEGG:C17833	KEGG:C17833	KEGG:C17833	KEGG:C17833	KEGG:C17833	KEGG:C17833	GC	KEGG:C17833@Charged	KEGG:C17833@Charged	
cpd19289	KEGG:C17834@Charged	KEGG:C17834@Charged	KEGG:C17834@Charged	KEGG:C17834@Charged	KEGG:C17834	KEGG:C17834	GC	KEGG:C17834@Charged	KEGG:C17834@Charged	eQuilibrator:MNXM82590
cpd19290	KEGG:C17835@Charged	KEGG:C17835@Charged	KEGG:C17835@Charged	KEGG:C17835@Charged	KEGG:C17835	KEGG:C17835	GC	KEGG:C17835@Charged	KEGG:C17835@Charged	eQuilibrator:MNXM83189
cpd19291	KEGG:C17836@Charged	KEGG:C17836@Charged	KEGG:C17836@Charged	KEGG:C17836@Charged	KEGG:C17836	KEGG:C17836	GC	KEGG:C17836@Charged	KEGG:C17836@Charged	eQuilibrator:MNXM38431
cpd19292	KEGG:C17837	KEGG:C17837	KEGG:C17837	KEGG:C17837	KEGG:C17837	KEGG:C17837	GC	KEGG:C17837@Charged	KEGG:C17837@Charged	
cpd19293	KEGG:C17838@Charged	KEGG:C17838@Charged	KEGG:C17838@Charged	KEGG:C17838@Charged	KEGG:C17838	KEGG:C17838	GC	KEGG:C17838@Charged	KEGG:C17838@Charged	eQuilibrator:MNXM88940
cpd19294	KEGG:C17839	KEGG:C17839	KEGG:C17839	KEGG:C17839	KEGG:C17839	KEGG:C17839	EQ	eQuilibrator:MNXM83679	KEGG:C17839@Charged	eQuilibrator:MNXM83679
cpd19295	KEGG:C17841	KEGG:C17841	KEGG:C17841	KEGG:C17841	KEGG:C17841	KEGG:C17841	GC	KEGG:C17841@Charged	KEGG:C17841@Charged	
cpd19296	KEGG:C17842@Charged	KEGG:C17842@Charged	KEGG:C17842@Charged	KEGG:C17842@Charged	KEGG:C17842	KEGG:C17842	GC	KEGG:C17842@Charged	KEGG:C17842@Charged	
cpd19297	KEGG:C17844	KEGG:C17844	KEGG:C17844	KEGG:C17844	KEGG:C17844	KEGG:C17844	GC	KEGG:C17844@Charged	KEGG:C17844@Charged	eQuilibrator:MNXM30099
cpd19298	KEGG:C17845	KEGG:C17845	KEGG:C17845	KEGG:C17845	KEGG:C17845	KEGG:C17845	GC	KEGG:C17845@Charged	KEGG:C17845@Charged	eQuilibrator:MNXM30079
cpd19299	KEGG:C17846	KEGG:C17846	KEGG:C17846	KEGG:C17846		KEGG:C17846	EQ	eQuilibrator:MNXM40960	KEGG:C17846@Charged	eQuilibrator:MNXM40960
cpd19300	KEGG:C17847	KEGG:C17847	KEGG:C17847	KEGG:C17847		KEGG:C17847	EQ	eQuilibrator:MNXM60967	KEGG:C17847@Charged	eQuilibrator:MNXM60967
cpd19301	KEGG:C17848	KEGG:C17848	KEGG:C17848	KEGG:C17848	KEGG:C17848	KEGG:C17848	EQ	eQuilibrator:MNXM44328	KEGG:C17848@Charged	eQuilibrator:MNXM44328
cpd19302	KEGG:C17849	KEGG:C17849	KEGG:C17849	KEGG:C17849	KEGG:C17849	KEGG:C17849	EQ	eQuilibrator:MNXM44329	KEGG:C17849@Charged	eQuilibrator:MNXM44329
cpd19303	KEGG:C17850	KEGG:C17850	KEGG:C17850	KEGG:C17850	KEGG:C17850	KEGG:C17850	GC	KEGG:C17850@Charged	KEGG:C17850@Charged	eQuilibrator:MNXM44330
cpd19304	KEGG:C17851	KEGG:C17851	KEGG:C17851	KEGG:C17851	KEGG:C17851	KEGG:C17851	GC	KEGG:C17851@Charged	KEGG:C17851@Charged	eQuilibrator:MNXM44331
cpd19305	KEGG:C17852	KEGG:C17852	KEGG:C17852	KEGG:C17852	KEGG:C17852	KEGG:C17852	EQ	eQuilibrator:MNXM44332	KEGG:C17852@Charged	eQuilibrator:MNXM44332
cpd19306	KEGG:C17853	KEGG:C17853	KEGG:C17853	KEGG:C17853	KEGG:C17853	KEGG:C17853	GC	KEGG:C17853@Charged	KEGG:C17853@Charged	eQuilibrator:MNXM81865
cpd19307	KEGG:C17854	KEGG:C17854	KEGG:C17854	KEGG:C17854	KEGG:C17854	KEGG:C17854	EQ	eQuilibrator:MNXM45038	KEGG:C17854@Charged	eQuilibrator:MNXM45038
cpd19308	KEGG:C17855	KEGG:C17855	KEGG:C17855	KEGG:C17855	KEGG:C17855	KEGG:C17855	EQ	eQuilibrator:MNXM47590	KEGG:C17855@Charged	eQuilibrator:MNXM47590
cpd19309	KEGG:C17856	KEGG:C17856	KEGG:C17856	KEGG:C17856	KEGG:C17856	KEGG:C17856	GC	KEGG:C17856@Charged	KEGG:C17856@Charged	
cpd19310	KEGG:C17857	KEGG:C17857	KEGG:C17857	KEGG:C17857		KEGG:C17857	GC	KEGG:C17857@Charged	KEGG:C17857@Charged	
cpd19311	KEGG:C17858	KEGG:C17858	KEGG:C17858	KEGG:C17858	KEGG:C17858	KEGG:C17858	GC	KEGG:C17858@Charged	KEGG:C17858@Charged	eQuilibrator:MNXM42952
cpd19312	KEGG:C17859	KEGG:C17859	KEGG:C17859	KEGG:C17859	KEGG:C17859	KEGG:C17859	GC	KEGG:C17859@Charged	KEGG:C17859@Charged	eQuilibrator:MNXM42953
cpd19313	KEGG:C17860	KEGG:C17860	KEGG:C17860	KEGG:C17860	KEGG:C17860	KEGG:C17860	GC	KEGG:C17860@Charged	KEGG:C17860@Charged	eQuilibrator:MNXM42954
cpd19314	KEGG:C17861	KEGG:C17861	KEGG:C17861	KEGG:C17861	KEGG:C17861	KEGG:C17861	GC	KEGG:C17861@Charged	KEGG:C17861@Charged	eQuilibrator:MNXM42955
cpd19315	KEGG:C17862	KEGG:C17862	KEGG:C17862	KEGG:C17862	KEGG:C17862	KEGG:C17862	GC	KEGG:C17862@Charged	KEGG:C17862@Charged	eQuilibrator:MNXM42956
cpd19316	KEGG:C17863	KEGG:C17863	KEGG:C17863	KEGG:C17863	KEGG:C17863	KEGG:C17863	GC	KEGG:C17863@Charged	KEGG:C17863@Charged	eQuilibrator:MNXM42957
cpd19317	KEGG:C17864	KEGG:C17864	KEGG:C17864	KEGG:C17864	KEGG:C17864	KEGG:C17864	GC	KEGG:C17864@Charged	KEGG:C17864@Charged	eQuilibrator:MNXM42958
cpd19318	KEGG:C17865	KEGG:C17865	KEGG:C17865	KEGG:C17865	KEGG:C17865	KEGG:C17865	GC	KEGG:C17865@Charged	KEGG:C17865@Charged	eQuilibrator:MNXM42959
cpd19319	KEGG:C17866	KEGG:C17866	KEGG:C17866	KEGG:C17866	KEGG:C17866	KEGG:C17866	GC	KEGG:C17866@Charged	KEGG:C17866@Charged	eQuilibrator:MNXM42960
cpd19320	KEGG:C17867@Charged	KEGG:C17867@Charged	KEGG:C17867@Charged	KEGG:C17867@Charged	KEGG:C17867	KEGG:C17867	GC	KEGG:C17867@Charged	KEGG:C17867@Charged	eQuilibrator:MNXM48163
cpd19321	KEGG:C17868@Charged	KEGG:C17868@Charged	KEGG:C17868@Charged	KEGG:C17868@Charged	KEGG:C17868	KEGG:C17868	GC	KEGG:C17868@Charged	KEGG:C17868@Charged	eQuilibrator:MNXM62562
cpd19322	KEGG:C17869	KEGG:C17869	KEGG:C17869	KEGG:C17869	KEGG:C17869	KEGG:C17869	GC	KEGG:C17869@Charged	KEGG:C17869@Charged	
cpd19323	KEGG:C17870	KEGG:C17870	KEGG:C17870	KEGG:C17870	KEGG:C17870	KEGG:C17870	GC	KEGG:C17870@Charged	KEGG:C17870@Charged	
cpd19324	KEGG:C17871@Charged	KEGG:C17871@Charged	KEGG:C17871@Charged	KEGG:C17871@Charged	KEGG:C17871	KEGG:C17871	GC	KEGG:C17871@Charged	KEGG:C17871@Charged	eQuilibrator:MNXM81477
cpd19325	KEGG:C17872@Charged	KEGG:C17872@Charged	KEGG:C17872@Charged	KEGG:C17872@Charged	KEGG:C17872	KEGG:C17872	GC	KEGG:C17872@Charged	KEGG:C17872@Charged	eQuilibrator:MNXM47716
cpd19326	MetaCyc:CPD-8472;KEGG:C17873@Charged	MetaCyc:CPD-8472;KEGG:C17873@Charged	MetaCyc:CPD-8472;KEGG:C17873@Charged	MetaCyc:CPD-8472;KEGG:C17873@Charged	KEGG:C17873	KEGG:C17873	EQ	eQuilibrator:MNXM46138	KEGG:C17873@Charged	eQuilibrator:MNXM46138
cpd19327	KEGG:C17874	KEGG:C17874	KEGG:C17874	KEGG:C17874@Charged	KEGG:C17874	KEGG:C17874	GC	KEGG:C17874@Charged	KEGG:C17874@Charged	
cpd19328	KEGG:C17875	KEGG:C17875	KEGG:C17875	KEGG:C17875		KEGG:C17875	GC	KEGG:C17875@Charged	KEGG:C17875@Charged	eQuilibrator:MNXM81756
cpd19329	KEGG:C17877	KEGG:C17877	KEGG:C17877	KEGG:C17877		KEGG:C17877	GC	KEGG:C17877@Charged	KEGG:C17877@Charged	
cpd19330	KEGG:C17878	KEGG:C17878	KEGG:C17878	KEGG:C17878	KEGG:C17878	KEGG:C17878	EQ	eQuilibrator:MNXM52927	KEGG:C17878@Charged	eQuilibrator:MNXM52927
cpd19331	KEGG:C17879@Charged	KEGG:C17879@Charged	KEGG:C17879@Charged	KEGG:C17879@Charged	KEGG:C17879	KEGG:C17879	GC	KEGG:C17879@Charged	KEGG:C17879@Charged	eQuilibrator:MNXM64626
cpd19332	KEGG:C17881@Charged	KEGG:C17881@Charged	KEGG:C17881@Charged	KEGG:C17881@Charged	KEGG:C17881	KEGG:C17881	GC	KEGG:C17881@Charged	KEGG:C17881@Charged	eQuilibrator:MNXM89347
cpd19333	KEGG:C17882@Charged	KEGG:C17882@Charged	KEGG:C17882@Charged	KEGG:C17882@Charged	KEGG:C17882	KEGG:C17882	GC	KEGG:C17882@Charged	KEGG:C17882@Charged	eQuilibrator:MNXM73053
cpd19334	MetaCyc:CPD-1072;KEGG:C17883;ChEBI:42438	MetaCyc:CPD-1072;KEGG:C17883;ChEBI:42438	MetaCyc:CPD-1072;KEGG:C17883;ChEBI:42438	MetaCyc:CPD-1072;KEGG:C17883;ChEBI:42438	KEGG:C17883	KEGG:C17883	EQ	eQuilibrator:MNXM10241	KEGG:C17883@Charged	eQuilibrator:MNXM10241
cpd19335	KEGG:C17884	KEGG:C17884	KEGG:C17884	KEGG:C17884	KEGG:C17884	KEGG:C17884	GC	KEGG:C17884@Charged	KEGG:C17884@Charged	eQuilibrator:MNXM36977
cpd19336	KEGG:C17885	KEGG:C17885	KEGG:C17885	KEGG:C17885		KEGG:C17885	GC	KEGG:C17885@Charged	KEGG:C17885@Charged	eQuilibrator:MNXM42943
cpd19337	KEGG:C17886	KEGG:C17886	KEGG:C17886	KEGG:C17886	KEGG:C17886	KEGG:C17886	GC	KEGG:C17886@Charged	KEGG:C17886@Charged	eQuilibrator:MNXM42944
cpd19338	KEGG:C17887	KEGG:C17887	KEGG:C17887	KEGG:C17887	KEGG:C17887	KEGG:C17887	GC	KEGG:C17887@Charged	KEGG:C17887@Charged	eQuilibrator:MNXM102902
cpd19339	KEGG:C17888	KEGG:C17888	KEGG:C17888	KEGG:C17888	KEGG:C17888	KEGG:C17888	EQ	eQuilibrator:MNXM52496	KEGG:C17888@Charged	eQuilibrator:MNXM52496
cpd19340	KEGG:C17889	KEGG:C17889	KEGG:C17889	KEGG:C17889	KEGG:C17889	KEGG:C17889	EQ	eQuilibrator:MNXM52497	KEGG:C17889@Charged	eQuilibrator:MNXM52497
cpd19341	KEGG:C17890@Charged	KEGG:C17890@Charged	KEGG:C17890@Charged	KEGG:C17890@Charged	KEGG:C17890	KEGG:C17890	GC	KEGG:C17890@Charged	KEGG:C17890@Charged	eQuilibrator:MNXM105043
cpd19342	KEGG:C17891	KEGG:C17891	KEGG:C17891	KEGG:C17891	KEGG:C17891	KEGG:C17891	GC	KEGG:C17891@Charged	KEGG:C17891@Charged	eQuilibrator:MNXM154952
cpd19343	KEGG:C17892	KEGG:C17892	KEGG:C17892	KEGG:C17892	KEGG:C17892	KEGG:C17892	EQ	eQuilibrator:MNXM42545	KEGG:C17892@Charged	eQuilibrator:MNXM42545
cpd19344	KEGG:C17893	KEGG:C17893	KEGG:C17893	KEGG:C17893	KEGG:C17893	KEGG:C17893	EQ	eQuilibrator:MNXM42543	KEGG:C17893@Charged	eQuilibrator:MNXM42543
cpd19345	KEGG:C17894	KEGG:C17894	KEGG:C17894	KEGG:C17894	KEGG:C17894	KEGG:C17894	EQ	eQuilibrator:MNXM42542	KEGG:C17894@Charged	eQuilibrator:MNXM42542
cpd19346	KEGG:C17895	KEGG:C17895	KEGG:C17895	KEGG:C17895	KEGG:C17895	KEGG:C17895	EQ	eQuilibrator:MNXM42544	KEGG:C17895@Charged	eQuilibrator:MNXM42544
cpd19347	KEGG:C17896	KEGG:C17896	KEGG:C17896	KEGG:C17896	KEGG:C17896	KEGG:C17896	EQ	eQuilibrator:MNXM42546	KEGG:C17896@Charged	eQuilibrator:MNXM42546
cpd19348	KEGG:C17897	KEGG:C17897	KEGG:C17897	KEGG:C17897	KEGG:C17897	KEGG:C17897	EQ	eQuilibrator:MNXM42547	KEGG:C17897@Charged	eQuilibrator:MNXM42547
cpd19349	KEGG:C17901	KEGG:C17901	KEGG:C17901	KEGG:C17901	KEGG:C17901	KEGG:C17901	GC	KEGG:C17901@Charged	KEGG:C17901@Charged	eQuilibrator:MNXM82138
cpd19350	KEGG:C17902	KEGG:C17902	KEGG:C17902	KEGG:C17902			GC	KEGG:C17902@Charged	KEGG:C17902@Charged	eQuilibrator:MNXM52267
cpd19351	KEGG:C17904@Charged	KEGG:C17904@Charged	KEGG:C17904@Charged	KEGG:C17904@Charged	KEGG:C17904	KEGG:C17904	EQ	eQuilibrator:MNXM40934	KEGG:C17904@Charged	eQuilibrator:MNXM40934
cpd19352	KEGG:C17905	KEGG:C17905	KEGG:C17905	KEGG:C17905	KEGG:C17905	KEGG:C17905	EQ		KEGG:C17905@Charged	
cpd19353	KEGG:C17906	KEGG:C17906	KEGG:C17906	KEGG:C17906	KEGG:C17906	KEGG:C17906	EQ	eQuilibrator:MNXM45393	KEGG:C17906@Charged	eQuilibrator:MNXM45393
cpd19354	KEGG:C17907	KEGG:C17907	KEGG:C17907	KEGG:C17907	KEGG:C17907	KEGG:C17907	EQ	eQuilibrator:MNXM45394	KEGG:C17907@Charged	eQuilibrator:MNXM45394
cpd19355	KEGG:C17908	KEGG:C17908	KEGG:C17908	KEGG:C17908	KEGG:C17908	KEGG:C17908	EQ	eQuilibrator:MNXM45395	KEGG:C17908@Charged	eQuilibrator:MNXM45395
cpd19356	KEGG:C17909	KEGG:C17909	KEGG:C17909	KEGG:C17909	KEGG:C17909	KEGG:C17909	EQ	eQuilibrator:MNXM45396	KEGG:C17909@Charged	eQuilibrator:MNXM45396
cpd19357	KEGG:C17910	KEGG:C17910	KEGG:C17910	KEGG:C17910	KEGG:C17910	KEGG:C17910	EQ	eQuilibrator:MNXM45397	KEGG:C17910@Charged	eQuilibrator:MNXM45397
cpd19358	KEGG:C17911	KEGG:C17911	KEGG:C17911	KEGG:C17911	KEGG:C17911	KEGG:C17911	EQ	eQuilibrator:MNXM45398	KEGG:C17911@Charged	eQuilibrator:MNXM45398
cpd19359	KEGG:C17956@Charged	KEGG:C17956@Charged	KEGG:C17956@Charged	KEGG:C17956@Charged	KEGG:C17956	KEGG:C17956	GC	KEGG:C17956@Charged	KEGG:C17956@Charged	
cpd19360	MetaCyc:CPD-14158;KEGG:C18001@Charged;ChEBI:73679	MetaCyc:CPD-14158;KEGG:C18001@Charged;ChEBI:73679	MetaCyc:CPD-14158;KEGG:C18001@Charged;ChEBI:73679	MetaCyc:CPD-14158;KEGG:C18001@Charged;ChEBI:73679	KEGG:C18001	KEGG:C18001	GC	KEGG:C18001@Charged	KEGG:C18001@Charged	eQuilibrator:MNXM64297
cpd19361	KEGG:C18010	KEGG:C18010	KEGG:C18010	KEGG:C18010@Charged	KEGG:C18010	KEGG:C18010	EQ	eQuilibrator:MNXM49002	KEGG:C18010@Charged	eQuilibrator:MNXM49002
cpd19362	KEGG:C18090	KEGG:C18090	KEGG:C18090	KEGG:C18090		KEGG:C18090	EQ	eQuilibrator:MNXM87783	KEGG:C18090@Charged	eQuilibrator:MNXM87783
cpd19363	MetaCyc:CPD-11909;KEGG:C18092@Charged	MetaCyc:CPD-11909;KEGG:C18092@Charged	MetaCyc:CPD-11909;KEGG:C18092@Charged	MetaCyc:CPD-11909;KEGG:C18092@Charged	KEGG:C18092	KEGG:C18092	EQ	eQuilibrator:MNXM8571	KEGG:C18092@Charged	eQuilibrator:MNXM8571
cpd19364	KEGG:C18093@Charged	KEGG:C18093@Charged	KEGG:C18093@Charged	KEGG:C18093@Charged	KEGG:C18093	KEGG:C18093	GC	KEGG:C18093@Charged	KEGG:C18093@Charged	eQuilibrator:MNXM57645
cpd19365	MetaCyc:CPD-12511;ChEBI:61463	MetaCyc:CPD-12511;ChEBI:61463	MetaCyc:CPD-12511;ChEBI:61463	MetaCyc:CPD-12511;ChEBI:61463	KEGG:C18094	KEGG:C18094	EQ	eQuilibrator:MNXM5323	MetaCyc:CPD-12511@Charged	eQuilibrator:MNXM5323
cpd19366	KEGG:C18095	KEGG:C18095	KEGG:C18095	KEGG:C18095@Charged	KEGG:C18095	KEGG:C18095	EQ	eQuilibrator:MNXM49003	KEGG:C18095@Charged	eQuilibrator:MNXM49003
cpd19367	KEGG:C18097	KEGG:C18097	KEGG:C18097	KEGG:C18097@Charged	KEGG:C18097	KEGG:C18097	EQ	eQuilibrator:MNXM49004	KEGG:C18097@Charged	eQuilibrator:MNXM49004
cpd19368	KEGG:C18098@Charged;ChEBI:77670@Charged	KEGG:C18098@Charged;ChEBI:77670@Charged	KEGG:C18098@Charged;ChEBI:77670@Charged	KEGG:C18098@Charged;ChEBI:77670@Charged	KEGG:C18098	KEGG:C18098	GC	KEGG:C18098@Charged	KEGG:C18098@Charged	
cpd19369	KEGG:C18099	KEGG:C18099	KEGG:C18099	KEGG:C18099		KEGG:C18099	EQ	eQuilibrator:MNXM32055	KEGG:C18099@Charged	eQuilibrator:MNXM32055
cpd19370	KEGG:C18100	KEGG:C18100	KEGG:C18100	KEGG:C18100		KEGG:C18100	EQ	eQuilibrator:MNXM32038	KEGG:C18100@Charged	eQuilibrator:MNXM32038
cpd19371	KEGG:C18101	KEGG:C18101	KEGG:C18101	KEGG:C18101		KEGG:C18101	EQ	eQuilibrator:MNXM32051	KEGG:C18101@Charged	eQuilibrator:MNXM32051
cpd19372	KEGG:C18102	KEGG:C18102	KEGG:C18102	KEGG:C18102		KEGG:C18102	EQ	eQuilibrator:MNXM32053	KEGG:C18102@Charged	eQuilibrator:MNXM32053
cpd19373	KEGG:C18103	KEGG:C18103	KEGG:C18103	KEGG:C18103		KEGG:C18103	EQ	eQuilibrator:MNXM32034	KEGG:C18103@Charged	eQuilibrator:MNXM32034
cpd19374	KEGG:C18104	KEGG:C18104	KEGG:C18104	KEGG:C18104		KEGG:C18104	GC	KEGG:C18104@Charged	KEGG:C18104@Charged	eQuilibrator:MNXM34398
cpd19375	KEGG:C18105	KEGG:C18105	KEGG:C18105	KEGG:C18105		KEGG:C18105	GC	KEGG:C18105@Charged	KEGG:C18105@Charged	eQuilibrator:MNXM32056
cpd19376	KEGG:C18106	KEGG:C18106	KEGG:C18106	KEGG:C18106		KEGG:C18106	GC	KEGG:C18106@Charged	KEGG:C18106@Charged	eQuilibrator:MNXM34378
cpd19377	KEGG:C18107	KEGG:C18107	KEGG:C18107	KEGG:C18107		KEGG:C18107	GC	KEGG:C18107@Charged	KEGG:C18107@Charged	eQuilibrator:MNXM32039
cpd19378	KEGG:C18108	KEGG:C18108	KEGG:C18108	KEGG:C18108		KEGG:C18108	GC	KEGG:C18108@Charged	KEGG:C18108@Charged	eQuilibrator:MNXM32054
cpd19379	KEGG:C18109	KEGG:C18109	KEGG:C18109	KEGG:C18109		KEGG:C18109	GC	KEGG:C18109@Charged	KEGG:C18109@Charged	eQuilibrator:MNXM32052
cpd19380	KEGG:C18110	KEGG:C18110	KEGG:C18110	KEGG:C18110		KEGG:C18110	GC	KEGG:C18110@Charged	KEGG:C18110@Charged	eQuilibrator:MNXM34377
cpd19381	KEGG:C18111	KEGG:C18111	KEGG:C18111	KEGG:C18111		KEGG:C18111	GC	KEGG:C18111@Charged	KEGG:C18111@Charged	eQuilibrator:MNXM32035
cpd19382	KEGG:C18112	KEGG:C18112	KEGG:C18112	KEGG:C18112		KEGG:C18112	GC	KEGG:C18112@Charged	KEGG:C18112@Charged	eQuilibrator:MNXM32037
cpd19383	KEGG:C18113	KEGG:C18113	KEGG:C18113	KEGG:C18113		KEGG:C18113	GC	KEGG:C18113@Charged	KEGG:C18113@Charged	eQuilibrator:MNXM32033
cpd19384	KEGG:C18114	KEGG:C18114	KEGG:C18114	KEGG:C18114			EQ	eQuilibrator:MNXM36014	KEGG:C18114@Charged	eQuilibrator:MNXM36014
cpd19385	KEGG:C18115	KEGG:C18115	KEGG:C18115	KEGG:C18115			EQ	eQuilibrator:MNXM36016	KEGG:C18115@Charged	eQuilibrator:MNXM36016
cpd19386	KEGG:C18116	KEGG:C18116	KEGG:C18116	KEGG:C18116			EQ	eQuilibrator:MNXM34369	KEGG:C18116@Charged	eQuilibrator:MNXM34369
cpd19387	KEGG:C18117	KEGG:C18117	KEGG:C18117	KEGG:C18117			EQ	eQuilibrator:MNXM34370	KEGG:C18117@Charged	eQuilibrator:MNXM34370
cpd19388	KEGG:C18118	KEGG:C18118	KEGG:C18118	KEGG:C18118			EQ	eQuilibrator:MNXM34357	KEGG:C18118@Charged	eQuilibrator:MNXM34357
cpd19389	KEGG:C18119	KEGG:C18119	KEGG:C18119	KEGG:C18119			EQ	eQuilibrator:MNXM34355	KEGG:C18119@Charged	eQuilibrator:MNXM34355
cpd19390	KEGG:C18120	KEGG:C18120	KEGG:C18120	KEGG:C18120			EQ	eQuilibrator:MNXM34366	KEGG:C18120@Charged	eQuilibrator:MNXM34366
cpd19391	KEGG:C18121	KEGG:C18121	KEGG:C18121	KEGG:C18121			EQ	eQuilibrator:MNXM34364	KEGG:C18121@Charged	eQuilibrator:MNXM34364
cpd19392	KEGG:C18122	KEGG:C18122	KEGG:C18122	KEGG:C18122			EQ	eQuilibrator:MNXM34356	KEGG:C18122@Charged	eQuilibrator:MNXM34356
cpd19393	KEGG:C18123	KEGG:C18123	KEGG:C18123	KEGG:C18123			EQ	eQuilibrator:MNXM34365	KEGG:C18123@Charged	eQuilibrator:MNXM34365
cpd19394	KEGG:C18124	KEGG:C18124	KEGG:C18124	KEGG:C18124		KEGG:C18124	GC	KEGG:C18124@Charged	KEGG:C18124@Charged	
cpd19395	KEGG:C18125@Charged	KEGG:C18125@Charged		KEGG:C18125@Charged	KEGG:C18125	KEGG:C18125	GC	KEGG:C18125@Charged	KEGG:C18125@Charged	
cpd19396	KEGG:C18126@Charged	KEGG:C18126@Charged		KEGG:C18126@Charged	KEGG:C18126	KEGG:C18126	GC	KEGG:C18126@Charged	KEGG:C18126@Charged	
cpd19397	KEGG:C18127@Charged	KEGG:C18127@Charged	KEGG:C18127@Charged	KEGG:C18127@Charged	KEGG:C18127	KEGG:C18127	GC	KEGG:C18127@Charged	KEGG:C18127@Charged	
cpd19398	KEGG:C18128@Charged	KEGG:C18128@Charged	KEGG:C18128@Charged	KEGG:C18128@Charged	KEGG:C18128	KEGG:C18128	GC	KEGG:C18128@Charged	KEGG:C18128@Charged	
cpd19399	KEGG:C18129@Charged	KEGG:C18129@Charged		KEGG:C18129@Charged	KEGG:C18129	KEGG:C18129	GC	KEGG:C18129@Charged	KEGG:C18129@Charged	
cpd19400	KEGG:C18130@Charged	KEGG:C18130@Charged	KEGG:C18130@Charged	KEGG:C18130@Charged	KEGG:C18130	KEGG:C18130	GC	KEGG:C18130@Charged	KEGG:C18130@Charged	
cpd19401	MetaCyc:CPD-9318;KEGG:C18131@Charged;ChEBI:60878	MetaCyc:CPD-9318;KEGG:C18131@Charged;ChEBI:60878	MetaCyc:CPD-9318;KEGG:C18131@Charged;ChEBI:60878	MetaCyc:CPD-9318;KEGG:C18131@Charged;ChEBI:60878	KEGG:C18131	KEGG:C18131	EQ	eQuilibrator:MNXM3841	KEGG:C18131@Charged	eQuilibrator:MNXM3841
cpd19402	MetaCyc:CPD-9320;KEGG:C18132;ChEBI:61158	MetaCyc:CPD-9320;KEGG:C18132;ChEBI:61158	MetaCyc:CPD-9320;KEGG:C18132;ChEBI:61158	MetaCyc:CPD-9320;KEGG:C18132;ChEBI:61158	KEGG:C18132	KEGG:C18132	EQ	eQuilibrator:MNXM3829	KEGG:C18132@Charged	eQuilibrator:MNXM3829
cpd19403	MetaCyc:CPD-9321;KEGG:C18133	MetaCyc:CPD-9321;KEGG:C18133	MetaCyc:CPD-9321;KEGG:C18133	MetaCyc:CPD-9321;KEGG:C18133	KEGG:C18133	KEGG:C18133	EQ	eQuilibrator:MNXM7276	KEGG:C18133@Charged	eQuilibrator:MNXM7276
cpd19404	KEGG:C18134	KEGG:C18134	KEGG:C18134	KEGG:C18134	KEGG:C18134	KEGG:C18134	EQ	eQuilibrator:MNXM17285	KEGG:C18134@Charged	eQuilibrator:MNXM17285
cpd19405	KEGG:C18135	KEGG:C18135	KEGG:C18135	KEGG:C18135	KEGG:C18135	KEGG:C18135	EQ	eQuilibrator:MNXM11387	KEGG:C18135@Charged	eQuilibrator:MNXM11387
cpd19406	KEGG:C18136@Charged	KEGG:C18136@Charged	KEGG:C18136@Charged	KEGG:C18136@Charged	KEGG:C18136	KEGG:C18136	GC	KEGG:C18136@Charged	KEGG:C18136@Charged	eQuilibrator:MNXM9733
cpd19407	KEGG:C18137	KEGG:C18137	KEGG:C18137	KEGG:C18137		KEGG:C18137	EQ	eQuilibrator:MNXM34285	KEGG:C18137@Charged	eQuilibrator:MNXM34285
cpd19408	KEGG:C18138	KEGG:C18138	KEGG:C18138	KEGG:C18138		KEGG:C18138	EQ	eQuilibrator:MNXM34287	KEGG:C18138@Charged	eQuilibrator:MNXM34287
cpd19409	KEGG:C18139	KEGG:C18139	KEGG:C18139	KEGG:C18139		KEGG:C18139	EQ	eQuilibrator:MNXM34275	KEGG:C18139@Charged	eQuilibrator:MNXM34275
cpd19410	KEGG:C18140	KEGG:C18140	KEGG:C18140	KEGG:C18140		KEGG:C18140	EQ	eQuilibrator:MNXM34283	KEGG:C18140@Charged	eQuilibrator:MNXM34283
cpd19411	KEGG:C18141	KEGG:C18141	KEGG:C18141	KEGG:C18141			EQ	eQuilibrator:MNXM73137	KEGG:C18141@Charged	eQuilibrator:MNXM73137
cpd19412	KEGG:C18142@Charged	KEGG:C18142@Charged	KEGG:C18142@Charged	KEGG:C18142@Charged	KEGG:C18142		GC	KEGG:C18142@Charged	KEGG:C18142@Charged	eQuilibrator:MNXM725169
cpd19413	KEGG:C18143	KEGG:C18143	KEGG:C18143	KEGG:C18143			GC	KEGG:C18143@Charged	KEGG:C18143@Charged	
cpd19414										
cpd19415	KEGG:C18145	KEGG:C18145	KEGG:C18145	KEGG:C18145			GC	KEGG:C18145@Charged	KEGG:C18145@Charged	eQuilibrator:MNXM87619
cpd19416	KEGG:C18146	KEGG:C18146	KEGG:C18146	KEGG:C18146		KEGG:C18146	GC	KEGG:C18146@Charged	KEGG:C18146@Charged	eQuilibrator:MNXM66125
cpd19417	KEGG:C18147	KEGG:C18147	KEGG:C18147	KEGG:C18147	KEGG:C18147	KEGG:C18147	GC	KEGG:C18147@Charged	KEGG:C18147@Charged	
cpd19418	KEGG:C18148	KEGG:C18148	KEGG:C18148	KEGG:C18148			GC	KEGG:C18148@Charged	KEGG:C18148@Charged	eQuilibrator:MNXM65272
cpd19419	KEGG:C18149	KEGG:C18149	KEGG:C18149	KEGG:C18149		KEGG:C18149	EQ	eQuilibrator:MNXM87781	KEGG:C18149@Charged	eQuilibrator:MNXM87781
cpd19420	KEGG:C18150	KEGG:C18150	KEGG:C18150	KEGG:C18150			EQ	eQuilibrator:MNXM45032	KEGG:C18150@Charged	eQuilibrator:MNXM45032
cpd19421	MetaCyc:CPD-7016@Charged	MetaCyc:CPD-7016@Charged	MetaCyc:CPD-7016@Charged	MetaCyc:CPD-7016@Charged	KEGG:C18151	KEGG:C18151	GC	MetaCyc:CPD-7016@Charged	MetaCyc:CPD-7016@Charged	
cpd19422	KEGG:C18152@Charged	KEGG:C18152@Charged	KEGG:C18152@Charged	KEGG:C18152@Charged	KEGG:C18152	KEGG:C18152	GC	KEGG:C18152@Charged	KEGG:C18152@Charged	
cpd19423	KEGG:C18153@Charged	KEGG:C18153@Charged	KEGG:C18153@Charged	KEGG:C18153@Charged	KEGG:C18153	KEGG:C18153	GC	KEGG:C18153@Charged	KEGG:C18153@Charged	
cpd19424	KEGG:C18154@Charged	KEGG:C18154@Charged	KEGG:C18154@Charged	KEGG:C18154@Charged	KEGG:C18154	KEGG:C18154	GC	KEGG:C18154@Charged	KEGG:C18154@Charged	
cpd19425	KEGG:C18155@Charged	KEGG:C18155@Charged	KEGG:C18155@Charged	KEGG:C18155@Charged	KEGG:C18155	KEGG:C18155	GC	KEGG:C18155@Charged	KEGG:C18155@Charged	
cpd19426	KEGG:C18156@Charged	KEGG:C18156@Charged	KEGG:C18156@Charged	KEGG:C18156@Charged	KEGG:C18156	KEGG:C18156	GC	KEGG:C18156@Charged	KEGG:C18156@Charged	
cpd19427	KEGG:C18157@Charged	KEGG:C18157@Charged	KEGG:C18157@Charged	KEGG:C18157@Charged	KEGG:C18157	KEGG:C18157	GC	KEGG:C18157@Charged	KEGG:C18157@Charged	
cpd19428	KEGG:C18158@Charged	KEGG:C18158@Charged	KEGG:C18158@Charged	KEGG:C18158@Charged		KEGG:C18158	GC	KEGG:C18158@Charged	KEGG:C18158@Charged	eQuilibrator:MNXM6650
cpd19429										
cpd19430	KEGG:C18160@Charged	KEGG:C18160@Charged		KEGG:C18160@Charged	KEGG:C18160	KEGG:C18160	GC	KEGG:C18160@Charged	KEGG:C18160@Charged	
cpd19431	KEGG:C18161@Charged	KEGG:C18161@Charged		KEGG:C18161@Charged	KEGG:C18161	KEGG:C18161	GC	KEGG:C18161@Charged	KEGG:C18161@Charged	
cpd19432	KEGG:C18162@Charged	KEGG:C18162@Charged		KEGG:C18162@Charged	KEGG:C18162	KEGG:C18162	GC	KEGG:C18162@Charged	KEGG:C18162@Charged	
cpd19433	KEGG:C18163@Charged	KEGG:C18163@Charged		KEGG:C18163@Charged	KEGG:C18163	KEGG:C18163	GC	KEGG:C18163@Charged	KEGG:C18163@Charged	
cpd19434	KEGG:C18164	KEGG:C18164	KEGG:C18164	KEGG:C18164	KEGG:C18164	KEGG:C18164	GC	KEGG:C18164@Charged	KEGG:C18164@Charged	
cpd19435	MetaCyc:CPD-24410;KEGG:C18165	MetaCyc:CPD-24410;KEGG:C18165	MetaCyc:CPD-24410;KEGG:C18165	MetaCyc:CPD-24410;KEGG:C18165	KEGG:C18165	KEGG:C18165	EQ	eQuilibrator:MNXM52234	KEGG:C18165@Charged	eQuilibrator:MNXM52234
cpd19436	MetaCyc:CPD-24411;KEGG:C18166	MetaCyc:CPD-24411;KEGG:C18166	MetaCyc:CPD-24411;KEGG:C18166	MetaCyc:CPD-24411;KEGG:C18166	KEGG:C18166	KEGG:C18166	EQ	eQuilibrator:MNXM52233	KEGG:C18166@Charged	eQuilibrator:MNXM52233
cpd19437	MetaCyc:CPD-8909;KEGG:C18167;ChEBI:65004	MetaCyc:CPD-8909;KEGG:C18167;ChEBI:65004	MetaCyc:CPD-8909;KEGG:C18167;ChEBI:65004	MetaCyc:CPD-8909;KEGG:C18167;ChEBI:65004	KEGG:C18167	KEGG:C18167	EQ	eQuilibrator:MNXM9367	KEGG:C18167@Charged	eQuilibrator:MNXM9367
cpd19438	KEGG:C18168@Charged	KEGG:C18168@Charged		KEGG:C18168@Charged	KEGG:C18168	KEGG:C18168	GC	KEGG:C18168@Charged	KEGG:C18168@Charged	
cpd19439	KEGG:C18169	KEGG:C18169		KEGG:C18169	KEGG:C18169	KEGG:C18169	GC	KEGG:C18169@Charged	KEGG:C18169@Charged	
cpd19440	MetaCyc:CPD-10687;KEGG:C18170;ChEBI:30322	MetaCyc:CPD-10687;KEGG:C18170;ChEBI:30322	MetaCyc:CPD-10687;KEGG:C18170;ChEBI:30322	MetaCyc:CPD-10687;KEGG:C18170;ChEBI:30322	KEGG:C18170	KEGG:C18170	EQ	eQuilibrator:MNXM771	KEGG:C18170@Charged	eQuilibrator:MNXM771
cpd19441	MetaCyc:CPD66-57;KEGG:C18171@Charged;ChEBI:91000	MetaCyc:CPD66-57;KEGG:C18171@Charged;ChEBI:91000	MetaCyc:CPD66-57;KEGG:C18171@Charged;ChEBI:91000	MetaCyc:CPD66-57;KEGG:C18171@Charged;ChEBI:91000	KEGG:C18171	KEGG:C18171	EQ	eQuilibrator:MNXM80716	KEGG:C18171@Charged	eQuilibrator:MNXM80716
cpd19442	MetaCyc:CPD-10012	MetaCyc:CPD-10012	MetaCyc:CPD-10012	MetaCyc:CPD-10012	KEGG:C18172	KEGG:C18172	GC	MetaCyc:CPD-10012@Charged	MetaCyc:CPD-10012@Charged	
cpd19443	MetaCyc:CPD66-58;KEGG:C18173@Charged;ChEBI:133368	MetaCyc:CPD66-58;KEGG:C18173@Charged;ChEBI:133368	MetaCyc:CPD66-58;KEGG:C18173@Charged;ChEBI:133368	MetaCyc:CPD66-58;KEGG:C18173@Charged;ChEBI:133368	KEGG:C18173	KEGG:C18173	EQ	eQuilibrator:MNXM80717	KEGG:C18173@Charged	eQuilibrator:MNXM80717
cpd19444	MetaCyc:CPD-9995;ChEBI:65070	MetaCyc:CPD-9995;ChEBI:65070	MetaCyc:CPD-9995;ChEBI:65070	MetaCyc:CPD-9995;ChEBI:65070	KEGG:C18174	KEGG:C18174	GC	MetaCyc:CPD-9995@Charged	MetaCyc:CPD-9995@Charged	
cpd19445	MetaCyc:CPD66-70;KEGG:C18175@Charged	MetaCyc:CPD66-70;KEGG:C18175@Charged	MetaCyc:CPD66-70;KEGG:C18175@Charged	MetaCyc:CPD66-70;KEGG:C18175@Charged	KEGG:C18175	KEGG:C18175	EQ	eQuilibrator:MNXM723482	KEGG:C18175@Charged	eQuilibrator:MNXM723482
cpd19446	MetaCyc:CPD66-69;KEGG:C18176@Charged;ChEBI:132218	MetaCyc:CPD66-69;KEGG:C18176@Charged;ChEBI:132218	MetaCyc:CPD66-69;KEGG:C18176@Charged;ChEBI:132218	MetaCyc:CPD66-69;KEGG:C18176@Charged;ChEBI:132218	KEGG:C18176	KEGG:C18176	GC	KEGG:C18176@Charged	KEGG:C18176@Charged	
cpd19447	MetaCyc:CPD66-68;KEGG:C18177@Charged;ChEBI:90818	MetaCyc:CPD66-68;KEGG:C18177@Charged;ChEBI:90818	MetaCyc:CPD66-68;KEGG:C18177@Charged;ChEBI:90818	MetaCyc:CPD66-68;KEGG:C18177@Charged;ChEBI:90818	KEGG:C18177	KEGG:C18177	GC	KEGG:C18177@Charged	KEGG:C18177@Charged	
cpd19448	MetaCyc:CPD66-64;KEGG:C18178@Charged;ChEBI:132079	MetaCyc:CPD66-64;KEGG:C18178@Charged;ChEBI:132079	MetaCyc:CPD66-64;KEGG:C18178@Charged;ChEBI:132079	MetaCyc:CPD66-64;KEGG:C18178@Charged;ChEBI:132079	KEGG:C18178	KEGG:C18178	EQ	eQuilibrator:MNXM80708	KEGG:C18178@Charged	eQuilibrator:MNXM80708
cpd19449	MetaCyc:CPD66-65;KEGG:C18179@Charged;ChEBI:133367	MetaCyc:CPD66-65;KEGG:C18179@Charged;ChEBI:133367	MetaCyc:CPD66-65;KEGG:C18179@Charged;ChEBI:133367	MetaCyc:CPD66-65;KEGG:C18179@Charged;ChEBI:133367	KEGG:C18179	KEGG:C18179	EQ	eQuilibrator:MNXM80710	KEGG:C18179@Charged	eQuilibrator:MNXM80710
cpd19450	KEGG:C18180	KEGG:C18180	KEGG:C18180	KEGG:C18180		KEGG:C18180	EQ	eQuilibrator:MNXM32032	KEGG:C18180@Charged	eQuilibrator:MNXM32032
cpd19451										
cpd19452										
cpd19453										
cpd19454										
cpd19455										
cpd19456										
cpd19457										
cpd19458										
cpd19459										
cpd19460										
cpd19461	MetaCyc:DIGLUCO-DOCOSANOATE;KEGG:C18191@Charged	MetaCyc:DIGLUCO-DOCOSANOATE;KEGG:C18191@Charged	MetaCyc:DIGLUCO-DOCOSANOATE;KEGG:C18191@Charged	MetaCyc:DIGLUCO-DOCOSANOATE;KEGG:C18191@Charged	KEGG:C18191	KEGG:C18191	EQ	eQuilibrator:MNXM8020	KEGG:C18191@Charged	eQuilibrator:MNXM8020
cpd19462	KEGG:C18192	KEGG:C18192	KEGG:C18192	KEGG:C18192	KEGG:C18192	KEGG:C18192	GC	KEGG:C18192@Charged	KEGG:C18192@Charged	eQuilibrator:MNXM88976
cpd19463	KEGG:C18193	KEGG:C18193	KEGG:C18193	KEGG:C18193	KEGG:C18193	KEGG:C18193	GC	KEGG:C18193@Charged	KEGG:C18193@Charged	eQuilibrator:MNXM88977
cpd19464	KEGG:C18195;ChEBI:66898	KEGG:C18195;ChEBI:66898	KEGG:C18195;ChEBI:66898	KEGG:C18195;ChEBI:66898	KEGG:C18195	KEGG:C18195	EQ	eQuilibrator:MNXM33104	KEGG:C18195@Charged	eQuilibrator:MNXM33104
cpd19465	KEGG:C18196;ChEBI:52228	KEGG:C18196;ChEBI:52228	KEGG:C18196;ChEBI:52228	KEGG:C18196;ChEBI:52228	KEGG:C18196	KEGG:C18196	EQ	eQuilibrator:MNXM6516	KEGG:C18196@Charged	eQuilibrator:MNXM6516
cpd19466										
cpd19467										
cpd19468										
cpd19469										
cpd19470										
cpd19471	MetaCyc:CPD-9329;KEGG:C18202@Charged	MetaCyc:CPD-9329;KEGG:C18202@Charged	MetaCyc:CPD-9329;KEGG:C18202@Charged	MetaCyc:CPD-9329;KEGG:C18202@Charged	KEGG:C18202		EQ	eQuilibrator:MNXM6140	KEGG:C18202@Charged	eQuilibrator:MNXM6140
cpd19472	KEGG:C18203	KEGG:C18203	KEGG:C18203	KEGG:C18203		KEGG:C18203	EQ	eQuilibrator:MNXM34288	KEGG:C18203@Charged	eQuilibrator:MNXM34288
cpd19473	KEGG:C18204	KEGG:C18204	KEGG:C18204	KEGG:C18204		KEGG:C18204	EQ	eQuilibrator:MNXM34295	KEGG:C18204@Charged	eQuilibrator:MNXM34295
cpd19474	MetaCyc:CPD-20555;KEGG:C18205	MetaCyc:CPD-20555;KEGG:C18205	MetaCyc:CPD-20555;KEGG:C18205	MetaCyc:CPD-20555;KEGG:C18205		KEGG:C18205	EQ	eQuilibrator:MNXM34292	KEGG:C18205@Charged	eQuilibrator:MNXM34292
cpd19475	KEGG:C18206@Charged	KEGG:C18206@Charged	KEGG:C18206@Charged	KEGG:C18206@Charged	KEGG:C18206		EQ	eQuilibrator:MNXM46914	KEGG:C18206@Charged	eQuilibrator:MNXM46914
cpd19476										
cpd19477										
cpd19478										
cpd19479	MetaCyc:CPD-8699;KEGG:C18211;ChEBI:52280	MetaCyc:CPD-8699;KEGG:C18211;ChEBI:52280	MetaCyc:CPD-8699;KEGG:C18211;ChEBI:52280	MetaCyc:CPD-8699;KEGG:C18211;ChEBI:52280			GC	KEGG:C18211@Charged	KEGG:C18211@Charged	eQuilibrator:MNXM4019
cpd19480	MetaCyc:CPD-17689;KEGG:C18212	MetaCyc:CPD-17689;KEGG:C18212	MetaCyc:CPD-17689;KEGG:C18212	MetaCyc:CPD-17689;KEGG:C18212	KEGG:C18212	KEGG:C18212	GC	KEGG:C18212@Charged	KEGG:C18212@Charged	
cpd19481	MetaCyc:CPD-17690;KEGG:C18213	MetaCyc:CPD-17690;KEGG:C18213	MetaCyc:CPD-17690;KEGG:C18213	MetaCyc:CPD-17690;KEGG:C18213	KEGG:C18213	KEGG:C18213	GC	KEGG:C18213@Charged	KEGG:C18213@Charged	
cpd19482	MetaCyc:CPD-17691;KEGG:C18214	MetaCyc:CPD-17691;KEGG:C18214	MetaCyc:CPD-17691;KEGG:C18214	MetaCyc:CPD-17691;KEGG:C18214	KEGG:C18214	KEGG:C18214	EQ	eQuilibrator:MNXM58511	KEGG:C18214@Charged	eQuilibrator:MNXM58511
cpd19483	KEGG:C18215	KEGG:C18215	KEGG:C18215	KEGG:C18215	KEGG:C18215	KEGG:C18215	EQ	eQuilibrator:MNXM10825	KEGG:C18215@Charged	eQuilibrator:MNXM10825
cpd19484	KEGG:C18216	KEGG:C18216	KEGG:C18216	KEGG:C18216	KEGG:C18216	KEGG:C18216	EQ	eQuilibrator:MNXM10203	KEGG:C18216@Charged	eQuilibrator:MNXM10203
cpd19485	MetaCyc:CPD-11591;KEGG:C18217@Charged;ChEBI:55331	MetaCyc:CPD-11591;KEGG:C18217@Charged;ChEBI:55331	MetaCyc:CPD-11591;KEGG:C18217@Charged;ChEBI:55331	MetaCyc:CPD-11591;KEGG:C18217@Charged;ChEBI:55331	KEGG:C18217	KEGG:C18217	EQ	eQuilibrator:MNXM4951	KEGG:C18217@Charged	eQuilibrator:MNXM4951
cpd19486	MetaCyc:16-HYDROXYPALMITATE;KEGG:C18218@Charged;ChEBI:55329	MetaCyc:16-HYDROXYPALMITATE;KEGG:C18218@Charged;ChEBI:55329	MetaCyc:16-HYDROXYPALMITATE;KEGG:C18218@Charged;ChEBI:55329	MetaCyc:16-HYDROXYPALMITATE;KEGG:C18218@Charged;ChEBI:55329	KEGG:C18218	KEGG:C18218	EQ	eQuilibrator:MNXM2459	MetaCyc:16-HYDROXYPALMITATE@Charged	eQuilibrator:MNXM2459
cpd19487	MetaCyc:CPD-8714;KEGG:C18219	MetaCyc:CPD-8714;KEGG:C18219	MetaCyc:CPD-8714;KEGG:C18219	MetaCyc:CPD-8714;KEGG:C18219	KEGG:C18219	KEGG:C18219	GC	KEGG:C18219@Charged	KEGG:C18219@Charged	eQuilibrator:MNXM7621
cpd19488	MetaCyc:CPD-8716;KEGG:C18220	MetaCyc:CPD-8716;KEGG:C18220	MetaCyc:CPD-8716;KEGG:C18220	MetaCyc:CPD-8716;KEGG:C18220		KEGG:C18220	GC	KEGG:C18220@Charged	KEGG:C18220@Charged	eQuilibrator:MNXM7620
cpd19489	KEGG:C18221;ChEBI:52484	KEGG:C18221;ChEBI:52484	KEGG:C18221;ChEBI:52484	KEGG:C18221;ChEBI:52484	KEGG:C18221	KEGG:C18221	GC	KEGG:C18221@Charged	KEGG:C18221@Charged	eQuilibrator:MNXM5795
cpd19490	KEGG:C18222;ChEBI:52485	KEGG:C18222;ChEBI:52485	KEGG:C18222;ChEBI:52485	KEGG:C18222;ChEBI:52485		KEGG:C18222	GC	KEGG:C18222@Charged	KEGG:C18222@Charged	eQuilibrator:MNXM3623
cpd19491	MetaCyc:CPD-4752;KEGG:C18223;ChEBI:50069	MetaCyc:CPD-4752;KEGG:C18223;ChEBI:50069	MetaCyc:CPD-4752;KEGG:C18223;ChEBI:50069	MetaCyc:CPD-4752;KEGG:C18223;ChEBI:50069			GC	KEGG:C18223@Charged	KEGG:C18223@Charged	
cpd19492	MetaCyc:CPD-9907;KEGG:C18224;ChEBI:50068	MetaCyc:CPD-9907;KEGG:C18224;ChEBI:50068	MetaCyc:CPD-9907;KEGG:C18224;ChEBI:50068	MetaCyc:CPD-9907;KEGG:C18224;ChEBI:50068			GC	KEGG:C18224@Charged	KEGG:C18224@Charged	
cpd19493	MetaCyc:CPD-4754;KEGG:C18225;ChEBI:50067	MetaCyc:CPD-4754;KEGG:C18225;ChEBI:50067	MetaCyc:CPD-4754;KEGG:C18225;ChEBI:50067	MetaCyc:CPD-4754;KEGG:C18225;ChEBI:50067			GC	KEGG:C18225@Charged	KEGG:C18225@Charged	eQuilibrator:MNXM1807
cpd19494	MetaCyc:CPD-4751;KEGG:C18226;ChEBI:50060	MetaCyc:CPD-4751;KEGG:C18226;ChEBI:50060	MetaCyc:CPD-4751;KEGG:C18226;ChEBI:50060	MetaCyc:CPD-4751;KEGG:C18226;ChEBI:50060			GC	KEGG:C18226@Charged	KEGG:C18226@Charged	eQuilibrator:MNXM2821
cpd19495	MetaCyc:CPD-7097;KEGG:C18228;ChEBI:50063	MetaCyc:CPD-7097;KEGG:C18228;ChEBI:50063	MetaCyc:CPD-7097;KEGG:C18228;ChEBI:50063	MetaCyc:CPD-7097;KEGG:C18228;ChEBI:50063			GC	KEGG:C18228@Charged	KEGG:C18228@Charged	eQuilibrator:MNXM5148
cpd19496	MetaCyc:CPD-12805;KEGG:C18229;ChEBI:52463	MetaCyc:CPD-12805;KEGG:C18229;ChEBI:52463	MetaCyc:CPD-12805;KEGG:C18229;ChEBI:52463	MetaCyc:CPD-12805;KEGG:C18229;ChEBI:52463			GC	KEGG:C18229@Charged	KEGG:C18229@Charged	eQuilibrator:MNXM3992
cpd19497	MetaCyc:CPD-10578;KEGG:C18230@Charged;ChEBI:58715	MetaCyc:CPD-10578;KEGG:C18230@Charged;ChEBI:58715	MetaCyc:CPD-10578;KEGG:C18230@Charged;ChEBI:58715	MetaCyc:CPD-10578;KEGG:C18230@Charged;ChEBI:58715	KEGG:C18230	KEGG:C18230	GC	KEGG:C18230@Charged	KEGG:C18230@Charged	eQuilibrator:MNXM2506
cpd19498	MetaCyc:CPD-10577	MetaCyc:CPD-10577	MetaCyc:CPD-10577	MetaCyc:CPD-10577	KEGG:C18231	KEGG:C18231	GC	MetaCyc:CPD-10577@Charged	MetaCyc:CPD-10577@Charged	
cpd19499										
cpd19500										
cpd19501	MetaCyc:S-HYDROXYMETHYLMYCOTHIOL;KEGG:C18235;ChEBI:61586	MetaCyc:S-HYDROXYMETHYLMYCOTHIOL;KEGG:C18235;ChEBI:61586	MetaCyc:S-HYDROXYMETHYLMYCOTHIOL;KEGG:C18235;ChEBI:61586	MetaCyc:S-HYDROXYMETHYLMYCOTHIOL;KEGG:C18235;ChEBI:61586	KEGG:C18235	KEGG:C18235	EQ	eQuilibrator:MNXM2726	KEGG:C18235@Charged	eQuilibrator:MNXM2726
cpd19502	KEGG:C18236	KEGG:C18236	KEGG:C18236	KEGG:C18236			EQ	eQuilibrator:MNXM9521	KEGG:C18236@Charged	eQuilibrator:MNXM9521
cpd19503	MetaCyc:CPD-8123;KEGG:C18237@Charged;ChEBI:71302	MetaCyc:CPD-8123;KEGG:C18237@Charged;ChEBI:71302	MetaCyc:CPD-8123;KEGG:C18237@Charged;ChEBI:71302	MetaCyc:CPD-8123@Charged;KEGG:C18237@Charged;ChEBI:71302@Charged	KEGG:C18237	KEGG:C18237	GC	KEGG:C18237@Charged	KEGG:C18237@Charged	
cpd19504	KEGG:C18238	KEGG:C18238	KEGG:C18238	KEGG:C18238	KEGG:C18238	KEGG:C18238	GC	KEGG:C18238@Charged	KEGG:C18238@Charged	eQuilibrator:MNXM6500
cpd19505	KEGG:C18239@Charged	KEGG:C18239@Charged	KEGG:C18239@Charged	KEGG:C18239@Charged	KEGG:C18239	KEGG:C18239	GC	KEGG:C18239@Charged	KEGG:C18239@Charged	
cpd19506	KEGG:C18240@Charged	KEGG:C18240@Charged	KEGG:C18240@Charged	KEGG:C18240@Charged	KEGG:C18240	KEGG:C18240	EQ	eQuilibrator:MNXM9138	KEGG:C18240@Charged	eQuilibrator:MNXM9138
cpd19507	KEGG:C18241@Charged	KEGG:C18241@Charged	KEGG:C18241@Charged	KEGG:C18241@Charged	KEGG:C18241		GC	KEGG:C18241@Charged	KEGG:C18241@Charged	eQuilibrator:MNXM12995
cpd19508	KEGG:C18242@Charged	KEGG:C18242@Charged	KEGG:C18242@Charged	KEGG:C18242@Charged	KEGG:C18242	KEGG:C18242	GC	KEGG:C18242@Charged	KEGG:C18242@Charged	eQuilibrator:MNXM34389
cpd19509	KEGG:C18243@Charged	KEGG:C18243@Charged	KEGG:C18243@Charged	KEGG:C18243@Charged	KEGG:C18243	KEGG:C18243	GC	KEGG:C18243@Charged	KEGG:C18243@Charged	eQuilibrator:MNXM8039
cpd19510	KEGG:C18244@Charged	KEGG:C18244@Charged	KEGG:C18244@Charged	KEGG:C18244@Charged	KEGG:C18244	KEGG:C18244	EQ	eQuilibrator:MNXM34512	KEGG:C18244@Charged	eQuilibrator:MNXM34512
cpd19511	MetaCyc:CPD-10756;KEGG:C18245	MetaCyc:CPD-10756;KEGG:C18245	MetaCyc:CPD-10756;KEGG:C18245	MetaCyc:CPD-10756;KEGG:C18245		KEGG:C18245	GC	KEGG:C18245@Charged	KEGG:C18245@Charged	
cpd19512	MetaCyc:111-TRICHLOROETHANE;KEGG:C18246	MetaCyc:111-TRICHLOROETHANE;KEGG:C18246	MetaCyc:111-TRICHLOROETHANE;KEGG:C18246	MetaCyc:111-TRICHLOROETHANE;KEGG:C18246			EQ	eQuilibrator:MNXM9519	MetaCyc:111-TRICHLOROETHANE@Charged	eQuilibrator:MNXM9519
cpd19513	KEGG:C18247	KEGG:C18247	KEGG:C18247	KEGG:C18247			EQ	eQuilibrator:MNXM9520	KEGG:C18247@Charged	eQuilibrator:MNXM9520
cpd19514	KEGG:C18248	KEGG:C18248	KEGG:C18248	KEGG:C18248			EQ	eQuilibrator:MNXM10926	KEGG:C18248@Charged	eQuilibrator:MNXM10926
cpd19515	KEGG:C18249	KEGG:C18249	KEGG:C18249	KEGG:C18249	KEGG:C18249	KEGG:C18249	GC	KEGG:C18249@Charged	KEGG:C18249@Charged	eQuilibrator:MNXM11006
cpd19516	KEGG:C18250	KEGG:C18250	KEGG:C18250	KEGG:C18250	KEGG:C18250	KEGG:C18250	GC	KEGG:C18250@Charged	KEGG:C18250@Charged	eQuilibrator:MNXM6862
cpd19517	KEGG:C18251	KEGG:C18251	KEGG:C18251	KEGG:C18251		KEGG:C18251	GC	KEGG:C18251@Charged	KEGG:C18251@Charged	eQuilibrator:MNXM9068
cpd19518	KEGG:C18252@Charged	KEGG:C18252@Charged	KEGG:C18252@Charged	KEGG:C18252@Charged	KEGG:C18252		EQ	eQuilibrator:MNXM9011	KEGG:C18252@Charged	eQuilibrator:MNXM9011
cpd19519	KEGG:C18253@Charged	KEGG:C18253@Charged	KEGG:C18253@Charged	KEGG:C18253@Charged	KEGG:C18253		EQ	eQuilibrator:MNXM12628	KEGG:C18253@Charged	eQuilibrator:MNXM12628
cpd19520	KEGG:C18254	KEGG:C18254	KEGG:C18254	KEGG:C18254		KEGG:C18254	GC	KEGG:C18254@Charged	KEGG:C18254@Charged	
cpd19521	KEGG:C18255	KEGG:C18255	KEGG:C18255	KEGG:C18255	KEGG:C18255	KEGG:C18255	GC	KEGG:C18255@Charged	KEGG:C18255@Charged	eQuilibrator:MNXM22120
cpd19522	KEGG:C18256@Charged	KEGG:C18256@Charged	KEGG:C18256@Charged	KEGG:C18256@Charged	KEGG:C18256	KEGG:C18256	EQ	eQuilibrator:MNXM10986	KEGG:C18256@Charged	eQuilibrator:MNXM10986
cpd19523	KEGG:C18257	KEGG:C18257	KEGG:C18257	KEGG:C18257		KEGG:C18257	GC	KEGG:C18257@Charged	KEGG:C18257@Charged	eQuilibrator:MNXM21403
cpd19524	KEGG:C18258	KEGG:C18258	KEGG:C18258	KEGG:C18258		KEGG:C18258	GC	KEGG:C18258@Charged	KEGG:C18258@Charged	eQuilibrator:MNXM21404
cpd19525	KEGG:C18259	KEGG:C18259	KEGG:C18259	KEGG:C18259		KEGG:C18259	GC	KEGG:C18259@Charged	KEGG:C18259@Charged	eQuilibrator:MNXM9626
cpd19526	KEGG:C18260	KEGG:C18260	KEGG:C18260	KEGG:C18260		KEGG:C18260	GC	KEGG:C18260@Charged	KEGG:C18260@Charged	eQuilibrator:MNXM13856
cpd19527	KEGG:C18261	KEGG:C18261	KEGG:C18261	KEGG:C18261	KEGG:C18261	KEGG:C18261	GC	KEGG:C18261@Charged	KEGG:C18261@Charged	eQuilibrator:MNXM9615
cpd19528	KEGG:C18262	KEGG:C18262	KEGG:C18262	KEGG:C18262		KEGG:C18262	GC	KEGG:C18262@Charged	KEGG:C18262@Charged	
cpd19529	KEGG:C18263	KEGG:C18263	KEGG:C18263	KEGG:C18263	KEGG:C18263	KEGG:C18263	GC	KEGG:C18263@Charged	KEGG:C18263@Charged	eQuilibrator:MNXM9548
cpd19530	KEGG:C18264	KEGG:C18264	KEGG:C18264	KEGG:C18264	KEGG:C18264	KEGG:C18264	GC	KEGG:C18264@Charged	KEGG:C18264@Charged	eQuilibrator:MNXM9549
cpd19531	KEGG:C18265	KEGG:C18265	KEGG:C18265	KEGG:C18265	KEGG:C18265	KEGG:C18265	GC	KEGG:C18265@Charged	KEGG:C18265@Charged	
cpd19532	KEGG:C18266	KEGG:C18266	KEGG:C18266	KEGG:C18266	KEGG:C18266	KEGG:C18266	GC	KEGG:C18266@Charged	KEGG:C18266@Charged	
cpd19533	KEGG:C18267	KEGG:C18267	KEGG:C18267	KEGG:C18267		KEGG:C18267	GC	KEGG:C18267@Charged	KEGG:C18267@Charged	
cpd19534	KEGG:C18268	KEGG:C18268	KEGG:C18268	KEGG:C18268	KEGG:C18268	KEGG:C18268	GC	KEGG:C18268@Charged	KEGG:C18268@Charged	eQuilibrator:MNXM35187
cpd19535	KEGG:C18269@Charged	KEGG:C18269@Charged	KEGG:C18269@Charged	KEGG:C18269@Charged	KEGG:C18269		GC	KEGG:C18269@Charged	KEGG:C18269@Charged	eQuilibrator:MNXM13945
cpd19536	KEGG:C18270	KEGG:C18270	KEGG:C18270	KEGG:C18270	KEGG:C18270	KEGG:C18270	GC	KEGG:C18270@Charged	KEGG:C18270@Charged	eQuilibrator:MNXM10784
cpd19537	KEGG:C18271@Charged	KEGG:C18271@Charged	KEGG:C18271@Charged	KEGG:C18271@Charged	KEGG:C18271	KEGG:C18271	GC	KEGG:C18271@Charged	KEGG:C18271@Charged	eQuilibrator:MNXM11007
cpd19538	KEGG:C18272@Charged	KEGG:C18272@Charged	KEGG:C18272@Charged	KEGG:C18272@Charged	KEGG:C18272	KEGG:C18272	GC	KEGG:C18272@Charged	KEGG:C18272@Charged	eQuilibrator:MNXM8429
cpd19539	KEGG:C18273@Charged	KEGG:C18273@Charged	KEGG:C18273@Charged	KEGG:C18273@Charged	KEGG:C18273		GC	KEGG:C18273@Charged	KEGG:C18273@Charged	
cpd19540	KEGG:C18274@Charged	KEGG:C18274@Charged	KEGG:C18274@Charged	KEGG:C18274@Charged	KEGG:C18274		GC	KEGG:C18274@Charged	KEGG:C18274@Charged	
cpd19541	KEGG:C18275	KEGG:C18275	KEGG:C18275	KEGG:C18275	KEGG:C18275	KEGG:C18275	GC	KEGG:C18275@Charged	KEGG:C18275@Charged	eQuilibrator:MNXM114492
cpd19542	KEGG:C18276	KEGG:C18276	KEGG:C18276	KEGG:C18276	KEGG:C18276	KEGG:C18276	GC	KEGG:C18276@Charged	KEGG:C18276@Charged	eQuilibrator:MNXM10785
cpd19543	KEGG:C18277@Charged	KEGG:C18277@Charged	KEGG:C18277@Charged	KEGG:C18277@Charged	KEGG:C18277		EQ	eQuilibrator:MNXM8136	KEGG:C18277@Charged	eQuilibrator:MNXM8136
cpd19544	KEGG:C18278	KEGG:C18278	KEGG:C18278	KEGG:C18278	KEGG:C18278	KEGG:C18278	GC	KEGG:C18278@Charged	KEGG:C18278@Charged	eQuilibrator:MNXM10462
cpd19545	KEGG:C18279	KEGG:C18279	KEGG:C18279	KEGG:C18279	KEGG:C18279	KEGG:C18279	GC	KEGG:C18279@Charged	KEGG:C18279@Charged	eQuilibrator:MNXM10149
cpd19546	KEGG:C18280	KEGG:C18280	KEGG:C18280	KEGG:C18280	KEGG:C18280	KEGG:C18280	GC	KEGG:C18280@Charged	KEGG:C18280@Charged	eQuilibrator:MNXM9660
cpd19547	KEGG:C18281	KEGG:C18281	KEGG:C18281	KEGG:C18281		KEGG:C18281	GC	KEGG:C18281@Charged	KEGG:C18281@Charged	eQuilibrator:MNXM13960
cpd19548	KEGG:C18282@Charged	KEGG:C18282@Charged	KEGG:C18282@Charged	KEGG:C18282@Charged	KEGG:C18282		EQ	eQuilibrator:MNXM14858	KEGG:C18282@Charged	eQuilibrator:MNXM14858
cpd19549	KEGG:C18283@Charged	KEGG:C18283@Charged	KEGG:C18283@Charged	KEGG:C18283@Charged	KEGG:C18283		EQ	eQuilibrator:MNXM14731	KEGG:C18283@Charged	eQuilibrator:MNXM14731
cpd19550	KEGG:C18284	KEGG:C18284	KEGG:C18284	KEGG:C18284	KEGG:C18284	KEGG:C18284	GC	KEGG:C18284@Charged	KEGG:C18284@Charged	eQuilibrator:MNXM10783
cpd19551	KEGG:C18285	KEGG:C18285	KEGG:C18285	KEGG:C18285	KEGG:C18285	KEGG:C18285	GC	KEGG:C18285@Charged	KEGG:C18285@Charged	eQuilibrator:MNXM10786
cpd19552	KEGG:C18286	KEGG:C18286	KEGG:C18286	KEGG:C18286		KEGG:C18286	GC	KEGG:C18286@Charged	KEGG:C18286@Charged	
cpd19553										
cpd19554										
cpd19555										
cpd19556										
cpd19557										
cpd19558										
cpd19559	KEGG:C18293@Charged	KEGG:C18293@Charged		KEGG:C18293@Charged	KEGG:C18293	KEGG:C18293	GC	KEGG:C18293@Charged	KEGG:C18293@Charged	
cpd19560	KEGG:C18294	KEGG:C18294		KEGG:C18294	KEGG:C18294	KEGG:C18294	GC	KEGG:C18294@Charged	KEGG:C18294@Charged	
cpd19561	MetaCyc:CPD-19275@Charged;KEGG:C18295	MetaCyc:CPD-19275@Charged;KEGG:C18295	MetaCyc:CPD-19275@Charged;KEGG:C18295	MetaCyc:CPD-19275@Charged;KEGG:C18295	KEGG:C18295	KEGG:C18295	EQ	eQuilibrator:MNXM78035	KEGG:C18295@Charged	eQuilibrator:MNXM78035
cpd19562	MetaCyc:CPD-19268;KEGG:C18296;ChEBI:133012	MetaCyc:CPD-19268;KEGG:C18296;ChEBI:133012	MetaCyc:CPD-19268;KEGG:C18296;ChEBI:133012	MetaCyc:CPD-19268;KEGG:C18296@Charged;ChEBI:133012	KEGG:C18296	KEGG:C18296	GC	KEGG:C18296@Charged	KEGG:C18296@Charged	eQuilibrator:MNXM10345
cpd19563	KEGG:C18297	KEGG:C18297	KEGG:C18297	KEGG:C18297@Charged	KEGG:C18297	KEGG:C18297	GC	KEGG:C18297@Charged	KEGG:C18297@Charged	eQuilibrator:MNXM10714
cpd19564	KEGG:C18298	KEGG:C18298	KEGG:C18298	KEGG:C18298@Charged	KEGG:C18298	KEGG:C18298	GC	KEGG:C18298@Charged	KEGG:C18298@Charged	eQuilibrator:MNXM10344
cpd19565	KEGG:C18299@Charged	KEGG:C18299@Charged	KEGG:C18299@Charged	KEGG:C18299@Charged	KEGG:C18299	KEGG:C18299	GC	KEGG:C18299@Charged	KEGG:C18299@Charged	
cpd19566	MetaCyc:CPD-10836;KEGG:C18300	MetaCyc:CPD-10836;KEGG:C18300	MetaCyc:CPD-10836;KEGG:C18300	MetaCyc:CPD-10836;KEGG:C18300			EQ	eQuilibrator:MNXM9764	KEGG:C18300@Charged	eQuilibrator:MNXM9764
cpd19567	KEGG:C18301	KEGG:C18301	KEGG:C18301	KEGG:C18301	KEGG:C18301	KEGG:C18301	GC	KEGG:C18301@Charged	KEGG:C18301@Charged	eQuilibrator:MNXM164282
cpd19568	MetaCyc:CPD-10854;KEGG:C18302	MetaCyc:CPD-10854;KEGG:C18302	MetaCyc:CPD-10854;KEGG:C18302	MetaCyc:CPD-10854;KEGG:C18302	KEGG:C18302	KEGG:C18302	EQ	eQuilibrator:MNXM6864	KEGG:C18302@Charged	eQuilibrator:MNXM6864
cpd19569	MetaCyc:CPD-10852;KEGG:C18303@Charged	MetaCyc:CPD-10852;KEGG:C18303@Charged	MetaCyc:CPD-10852;KEGG:C18303@Charged	MetaCyc:CPD-10852;KEGG:C18303@Charged	KEGG:C18303		GC	KEGG:C18303@Charged	KEGG:C18303@Charged	eQuilibrator:MNXM5499
cpd19570	MetaCyc:CPD-10847;KEGG:C18304@Charged	MetaCyc:CPD-10847;KEGG:C18304@Charged	MetaCyc:CPD-10847;KEGG:C18304@Charged	MetaCyc:CPD-10847;KEGG:C18304@Charged	KEGG:C18304	KEGG:C18304	GC	KEGG:C18304@Charged	KEGG:C18304@Charged	eQuilibrator:MNXM6064
cpd19571	MetaCyc:CPD-10844;KEGG:C18305@Charged	MetaCyc:CPD-10844;KEGG:C18305@Charged	MetaCyc:CPD-10844;KEGG:C18305@Charged	MetaCyc:CPD-10844;KEGG:C18305@Charged	KEGG:C18305	KEGG:C18305	GC	KEGG:C18305@Charged	KEGG:C18305@Charged	eQuilibrator:MNXM6697
cpd19572	KEGG:C18306@Charged	KEGG:C18306@Charged	KEGG:C18306@Charged	KEGG:C18306@Charged	KEGG:C18306	KEGG:C18306	EQ	eQuilibrator:MNXM10331	KEGG:C18306@Charged	eQuilibrator:MNXM10331
cpd19573	KEGG:C18307@Charged	KEGG:C18307@Charged	KEGG:C18307@Charged	KEGG:C18307@Charged	KEGG:C18307	KEGG:C18307	EQ	eQuilibrator:MNXM14287	KEGG:C18307@Charged	eQuilibrator:MNXM14287
cpd19574	MetaCyc:CPD-10850;KEGG:C18308@Charged	MetaCyc:CPD-10850;KEGG:C18308@Charged	MetaCyc:CPD-10850;KEGG:C18308@Charged	MetaCyc:CPD-10850;KEGG:C18308@Charged	KEGG:C18308	KEGG:C18308	GC	KEGG:C18308@Charged	KEGG:C18308@Charged	eQuilibrator:MNXM6775
cpd19575	MetaCyc:CPD-10849	MetaCyc:CPD-10849	MetaCyc:CPD-10849	MetaCyc:CPD-10849	KEGG:C18309	KEGG:C18309	GC	MetaCyc:CPD-10849@Charged	MetaCyc:CPD-10849@Charged	
cpd19576	MetaCyc:CPD-10845;KEGG:C18310@Charged	MetaCyc:CPD-10845;KEGG:C18310@Charged	MetaCyc:CPD-10845;KEGG:C18310@Charged	MetaCyc:CPD-10845;KEGG:C18310@Charged	KEGG:C18310	KEGG:C18310	GC	KEGG:C18310@Charged	KEGG:C18310@Charged	eQuilibrator:MNXM6788
cpd19577	MetaCyc:CPD-10825;KEGG:C18311@Charged	MetaCyc:CPD-10825;KEGG:C18311@Charged	MetaCyc:CPD-10825;KEGG:C18311@Charged	MetaCyc:CPD-10825;KEGG:C18311@Charged	KEGG:C18311	KEGG:C18311	EQ	eQuilibrator:MNXM6896	KEGG:C18311@Charged	eQuilibrator:MNXM6896
cpd19578	MetaCyc:CPD-10826;KEGG:C18312@Charged	MetaCyc:CPD-10826;KEGG:C18312@Charged	MetaCyc:CPD-10826;KEGG:C18312@Charged	MetaCyc:CPD-10826;KEGG:C18312@Charged	KEGG:C18312	KEGG:C18312	EQ	eQuilibrator:MNXM8145	KEGG:C18312@Charged	eQuilibrator:MNXM8145
cpd19579										
cpd19580	MetaCyc:CIS-34-DIHYDROXYCYCLOHEXA-162-DIENE-;KEGG:C18314@Charged	MetaCyc:CIS-34-DIHYDROXYCYCLOHEXA-162-DIENE-;KEGG:C18314@Charged	MetaCyc:CIS-34-DIHYDROXYCYCLOHEXA-162-DIENE-;KEGG:C18314@Charged	MetaCyc:CIS-34-DIHYDROXYCYCLOHEXA-162-DIENE-;KEGG:C18314@Charged	KEGG:C18314	KEGG:C18314	EQ	eQuilibrator:MNXM7672	KEGG:C18314@Charged	eQuilibrator:MNXM7672
cpd19581	MetaCyc:CPD-9134;KEGG:C18315;ChEBI:81666	MetaCyc:CPD-9134;KEGG:C18315;ChEBI:81666	MetaCyc:CPD-9134;KEGG:C18315;ChEBI:81666	MetaCyc:CPD-9134;KEGG:C18315;ChEBI:81666	KEGG:C18315	KEGG:C18315	GC	KEGG:C18315@Charged	KEGG:C18315@Charged	eQuilibrator:MNXM6897
cpd19582	MetaCyc:CPD-9135@Charged;ChEBI:88190@Charged	MetaCyc:CPD-9135@Charged;ChEBI:88190@Charged	MetaCyc:CPD-9135@Charged;ChEBI:88190@Charged	MetaCyc:CPD-9135@Charged;ChEBI:88190@Charged	KEGG:C18316	KEGG:C18316	EQ		MetaCyc:CPD-9135@Charged	
cpd19583	MetaCyc:CPD-9136;KEGG:C18317	MetaCyc:CPD-9136;KEGG:C18317	MetaCyc:CPD-9136;KEGG:C18317	MetaCyc:CPD-9136;KEGG:C18317	KEGG:C18317	KEGG:C18317	EQ	eQuilibrator:MNXM6675	KEGG:C18317@Charged	eQuilibrator:MNXM6675
cpd19584	MetaCyc:CPD-9137@Charged;KEGG:C18318@Charged	MetaCyc:CPD-9137@Charged;KEGG:C18318@Charged	MetaCyc:CPD-9137@Charged;KEGG:C18318@Charged	MetaCyc:CPD-9137@Charged;KEGG:C18318@Charged	KEGG:C18318	KEGG:C18318	EQ		KEGG:C18318@Charged	
cpd19585	MetaCyc:CPD-7076;KEGG:C18319@Charged;ChEBI:48946	MetaCyc:CPD-7076;KEGG:C18319@Charged;ChEBI:48946	MetaCyc:CPD-7076;KEGG:C18319@Charged;ChEBI:48946	MetaCyc:CPD-7076;KEGG:C18319@Charged;ChEBI:48946	KEGG:C18319		EQ	eQuilibrator:MNXM9859	KEGG:C18319@Charged	eQuilibrator:MNXM9859
cpd19586	KEGG:C18320	KEGG:C18320	KEGG:C18320	KEGG:C18320		KEGG:C18320	GC	KEGG:C18320@Charged	KEGG:C18320@Charged	eQuilibrator:MNXM6866
cpd19587	MetaCyc:CPD-11984@Charged;KEGG:C18321@Charged;ChEBI:87356@Charged	MetaCyc:CPD-11984@Charged;KEGG:C18321@Charged;ChEBI:87356@Charged	MetaCyc:CPD-11984@Charged;KEGG:C18321@Charged;ChEBI:87356@Charged	MetaCyc:CPD-11984@Charged;KEGG:C18321@Charged;ChEBI:87356@Charged	KEGG:C18321		GC	KEGG:C18321@Charged	KEGG:C18321@Charged	
cpd19588	MetaCyc:CPD-14205;KEGG:C18323@Charged;ChEBI:75636	MetaCyc:CPD-14205;KEGG:C18323@Charged;ChEBI:75636	MetaCyc:CPD-14205;KEGG:C18323@Charged;ChEBI:75636	MetaCyc:CPD-14205;KEGG:C18323@Charged;ChEBI:75636	KEGG:C18323	KEGG:C18323	EQ	eQuilibrator:MNXM12237	KEGG:C18323@Charged	eQuilibrator:MNXM12237
cpd19589	MetaCyc:CPD-9407;KEGG:C18324@Charged;ChEBI:84866	MetaCyc:CPD-9407;KEGG:C18324@Charged;ChEBI:84866	MetaCyc:CPD-9407;KEGG:C18324@Charged;ChEBI:84866	MetaCyc:CPD-9407;KEGG:C18324@Charged;ChEBI:84866	KEGG:C18324	KEGG:C18324	EQ	eQuilibrator:MNXM5823	KEGG:C18324@Charged	eQuilibrator:MNXM5823
cpd19590	MetaCyc:CPD-12236;KEGG:C18325@Charged	MetaCyc:CPD-12236;KEGG:C18325@Charged	MetaCyc:CPD-12236;KEGG:C18325@Charged	MetaCyc:CPD-12236@Charged;KEGG:C18325@Charged	KEGG:C18325	KEGG:C18325	EQ	eQuilibrator:MNXM11564	KEGG:C18325@Charged	eQuilibrator:MNXM11564
cpd19591	KEGG:C18326@Charged	KEGG:C18326@Charged	KEGG:C18326@Charged	KEGG:C18326@Charged	KEGG:C18326	KEGG:C18326	EQ	eQuilibrator:MNXM93747	KEGG:C18326@Charged	eQuilibrator:MNXM93747
cpd19592	KEGG:C18327@Charged	KEGG:C18327@Charged		KEGG:C18327@Charged	KEGG:C18327	KEGG:C18327	GC	KEGG:C18327@Charged	KEGG:C18327@Charged	
cpd19593	KEGG:C18328@Charged	KEGG:C18328@Charged		KEGG:C18328@Charged	KEGG:C18328	KEGG:C18328	GC	KEGG:C18328@Charged	KEGG:C18328@Charged	
cpd19594	KEGG:C18329@Charged	KEGG:C18329@Charged		KEGG:C18329@Charged	KEGG:C18329	KEGG:C18329	GC	KEGG:C18329@Charged	KEGG:C18329@Charged	
cpd19595	KEGG:C18330@Charged	KEGG:C18330@Charged		KEGG:C18330@Charged	KEGG:C18330	KEGG:C18330	GC	KEGG:C18330@Charged	KEGG:C18330@Charged	
cpd19596	KEGG:C18331@Charged	KEGG:C18331@Charged		KEGG:C18331@Charged	KEGG:C18331	KEGG:C18331	GC	KEGG:C18331@Charged	KEGG:C18331@Charged	
cpd19597	KEGG:C18332@Charged	KEGG:C18332@Charged		KEGG:C18332@Charged	KEGG:C18332	KEGG:C18332	GC	KEGG:C18332@Charged	KEGG:C18332@Charged	
cpd19598	KEGG:C18333@Charged	KEGG:C18333@Charged		KEGG:C18333@Charged	KEGG:C18333	KEGG:C18333	GC	KEGG:C18333@Charged	KEGG:C18333@Charged	
cpd19599	KEGG:C18334@Charged	KEGG:C18334@Charged		KEGG:C18334@Charged	KEGG:C18334	KEGG:C18334	GC	KEGG:C18334@Charged	KEGG:C18334@Charged	
cpd19600	KEGG:C18335@Charged	KEGG:C18335@Charged		KEGG:C18335@Charged	KEGG:C18335	KEGG:C18335	GC	KEGG:C18335@Charged	KEGG:C18335@Charged	
cpd19601	KEGG:C18336@Charged	KEGG:C18336@Charged		KEGG:C18336@Charged	KEGG:C18336	KEGG:C18336	GC	KEGG:C18336@Charged	KEGG:C18336@Charged	
cpd19602	KEGG:C18337@Charged	KEGG:C18337@Charged		KEGG:C18337@Charged	KEGG:C18337	KEGG:C18337	GC	KEGG:C18337@Charged	KEGG:C18337@Charged	
cpd19603	MetaCyc:CPD-11853;KEGG:C18338@Charged	MetaCyc:CPD-11853;KEGG:C18338@Charged	MetaCyc:CPD-11853;KEGG:C18338@Charged	MetaCyc:CPD-11853;KEGG:C18338@Charged	KEGG:C18338	KEGG:C18338	EQ	eQuilibrator:MNXM6916	KEGG:C18338@Charged	eQuilibrator:MNXM6916
cpd19604	KEGG:C18339@Charged	KEGG:C18339@Charged	KEGG:C18339@Charged	KEGG:C18339@Charged	KEGG:C18339	KEGG:C18339	EQ		KEGG:C18339@Charged	
cpd19605	KEGG:C18340@Charged	KEGG:C18340@Charged	KEGG:C18340@Charged	KEGG:C18340@Charged	KEGG:C18340	KEGG:C18340	EQ		KEGG:C18340@Charged	
cpd19606	KEGG:C18341@Charged	KEGG:C18341@Charged	KEGG:C18341@Charged	KEGG:C18341@Charged	KEGG:C18341	KEGG:C18341	EQ		KEGG:C18341@Charged	
cpd19607	KEGG:C18342@Charged	KEGG:C18342@Charged	KEGG:C18342@Charged	KEGG:C18342@Charged	KEGG:C18342	KEGG:C18342	EQ		KEGG:C18342@Charged	
cpd19608	KEGG:C18343	KEGG:C18343	KEGG:C18343	KEGG:C18343	KEGG:C18343	KEGG:C18343	EQ	eQuilibrator:MNXM37649	KEGG:C18343@Charged	eQuilibrator:MNXM37649
cpd19609	KEGG:C18344	KEGG:C18344	KEGG:C18344	KEGG:C18344	KEGG:C18344	KEGG:C18344	EQ	eQuilibrator:MNXM151806	KEGG:C18344@Charged	eQuilibrator:MNXM151806
cpd19610	MetaCyc:CPD-13530@Charged;KEGG:C18345@Charged	MetaCyc:CPD-13530@Charged;KEGG:C18345@Charged	MetaCyc:CPD-13530@Charged;KEGG:C18345@Charged	MetaCyc:CPD-13530@Charged;KEGG:C18345@Charged	KEGG:C18345	KEGG:C18345	GC	KEGG:C18345@Charged	KEGG:C18345@Charged	
cpd19611	KEGG:C18346@Charged	KEGG:C18346@Charged	KEGG:C18346@Charged	KEGG:C18346@Charged	KEGG:C18346	KEGG:C18346	EQ	eQuilibrator:MNXM37598	KEGG:C18346@Charged	eQuilibrator:MNXM37598
cpd19612	MetaCyc:CPD-11859;KEGG:C18347@Charged;ChEBI:141401	MetaCyc:CPD-11859;KEGG:C18347@Charged;ChEBI:141401	MetaCyc:CPD-11859;KEGG:C18347@Charged;ChEBI:141401	MetaCyc:CPD-11859;KEGG:C18347@Charged;ChEBI:141401	KEGG:C18347	KEGG:C18347	EQ	eQuilibrator:MNXM10278	KEGG:C18347@Charged	eQuilibrator:MNXM10278
cpd19613	MetaCyc:CPD-11860;KEGG:C18348@Charged;ChEBI:141402	MetaCyc:CPD-11860;KEGG:C18348@Charged;ChEBI:141402	MetaCyc:CPD-11860;KEGG:C18348@Charged;ChEBI:141402	MetaCyc:CPD-11860;KEGG:C18348@Charged;ChEBI:141402	KEGG:C18348	KEGG:C18348	EQ	eQuilibrator:MNXM6662	KEGG:C18348@Charged	eQuilibrator:MNXM6662
cpd19614	MetaCyc:CPD-11861@Charged;KEGG:C18349@Charged	MetaCyc:CPD-11861@Charged;KEGG:C18349@Charged	MetaCyc:CPD-11861@Charged;KEGG:C18349@Charged	MetaCyc:CPD-11861@Charged;KEGG:C18349@Charged	KEGG:C18349	KEGG:C18349	EQ		KEGG:C18349@Charged	
cpd19615	KEGG:C18350@Charged	KEGG:C18350@Charged	KEGG:C18350@Charged	KEGG:C18350@Charged	KEGG:C18350	KEGG:C18350	GC	KEGG:C18350@Charged	KEGG:C18350@Charged	eQuilibrator:MNXM42899
cpd19616	KEGG:C18351	KEGG:C18351	KEGG:C18351	KEGG:C18351	KEGG:C18351	KEGG:C18351	EQ	eQuilibrator:MNXM147822	KEGG:C18351@Charged	eQuilibrator:MNXM147822
cpd19617	KEGG:C18352	KEGG:C18352	KEGG:C18352	KEGG:C18352		KEGG:C18352	GC	KEGG:C18352@Charged	KEGG:C18352@Charged	eQuilibrator:MNXM66089
cpd19618	KEGG:C18353	KEGG:C18353		KEGG:C18353	KEGG:C18353	KEGG:C18353	GC	KEGG:C18353@Charged	KEGG:C18353@Charged	
cpd19619	MetaCyc:CPD1A0-6105;KEGG:C18354@Charged	MetaCyc:CPD1A0-6105;KEGG:C18354@Charged	MetaCyc:CPD1A0-6105;KEGG:C18354@Charged	MetaCyc:CPD1A0-6105;KEGG:C18354@Charged	KEGG:C18354	KEGG:C18354	EQ	eQuilibrator:MNXM6562	KEGG:C18354@Charged	eQuilibrator:MNXM6562
cpd19620	KEGG:C18355	KEGG:C18355		KEGG:C18355	KEGG:C18355	KEGG:C18355	GC	KEGG:C18355@Charged	KEGG:C18355@Charged	
cpd19621	MetaCyc:CPD1A0-6106;KEGG:C18356@Charged	MetaCyc:CPD1A0-6106;KEGG:C18356@Charged	MetaCyc:CPD1A0-6106;KEGG:C18356@Charged	MetaCyc:CPD1A0-6106;KEGG:C18356@Charged	KEGG:C18356	KEGG:C18356	GC	KEGG:C18356@Charged	KEGG:C18356@Charged	eQuilibrator:MNXM6689
cpd19622	KEGG:C18357	KEGG:C18357		KEGG:C18357	KEGG:C18357	KEGG:C18357	GC	KEGG:C18357@Charged	KEGG:C18357@Charged	
cpd19623	MetaCyc:CPD-19412;KEGG:C18358@Charged	MetaCyc:CPD-19412;KEGG:C18358@Charged	MetaCyc:CPD-19412;KEGG:C18358@Charged	MetaCyc:CPD-19412;KEGG:C18358@Charged	KEGG:C18358	KEGG:C18358	EQ	eQuilibrator:MNXM11347	KEGG:C18358@Charged	eQuilibrator:MNXM11347
cpd19624	KEGG:C18359@Charged	KEGG:C18359@Charged	KEGG:C18359@Charged	KEGG:C18359@Charged	KEGG:C18359	KEGG:C18359	GC	KEGG:C18359@Charged	KEGG:C18359@Charged	
cpd19625	MetaCyc:CPD-19413;KEGG:C18360@Charged	MetaCyc:CPD-19413;KEGG:C18360@Charged	MetaCyc:CPD-19413;KEGG:C18360@Charged	MetaCyc:CPD-19413;KEGG:C18360@Charged	KEGG:C18360	KEGG:C18360	EQ	eQuilibrator:MNXM722966	KEGG:C18360@Charged	eQuilibrator:MNXM722966
cpd19626	KEGG:C18361	KEGG:C18361	KEGG:C18361	KEGG:C18361@Charged	KEGG:C18361	KEGG:C18361	EQ	eQuilibrator:MNXM60913	KEGG:C18361@Charged	eQuilibrator:MNXM60913
cpd19627	MetaCyc:CPD-25165;KEGG:C18362	MetaCyc:CPD-25165;KEGG:C18362	MetaCyc:CPD-25165;KEGG:C18362	MetaCyc:CPD-25165;KEGG:C18362	KEGG:C18362	KEGG:C18362	GC	KEGG:C18362@Charged	KEGG:C18362@Charged	
cpd19628	MetaCyc:CPD-25153;KEGG:C18363	MetaCyc:CPD-25153;KEGG:C18363	MetaCyc:CPD-25153;KEGG:C18363	MetaCyc:CPD-25153;KEGG:C18363	KEGG:C18363	KEGG:C18363	GC	KEGG:C18363@Charged	KEGG:C18363@Charged	eQuilibrator:MNXM53372
cpd19629	MetaCyc:CPD-25117;KEGG:C18364@Charged	MetaCyc:CPD-25117;KEGG:C18364@Charged	MetaCyc:CPD-25117;KEGG:C18364@Charged	MetaCyc:CPD-25117;KEGG:C18364@Charged	KEGG:C18364		EQ	eQuilibrator:MNXM45716	KEGG:C18364@Charged	eQuilibrator:MNXM45716
cpd19630	KEGG:C18365	KEGG:C18365	KEGG:C18365	KEGG:C18365	KEGG:C18365	KEGG:C18365	GC	KEGG:C18365@Charged	KEGG:C18365@Charged	
cpd19631	KEGG:C18366	KEGG:C18366	KEGG:C18366	KEGG:C18366	KEGG:C18366		GC	KEGG:C18366@Charged	KEGG:C18366@Charged	
cpd19632	KEGG:C18367	KEGG:C18367	KEGG:C18367	KEGG:C18367	KEGG:C18367	KEGG:C18367	GC	KEGG:C18367@Charged	KEGG:C18367@Charged	
cpd19633	KEGG:C18368	KEGG:C18368	KEGG:C18368	KEGG:C18368			GC	KEGG:C18368@Charged	KEGG:C18368@Charged	
cpd19634	KEGG:C18370@Charged	KEGG:C18370@Charged		KEGG:C18370@Charged	KEGG:C18370	KEGG:C18370	GC	KEGG:C18370@Charged	KEGG:C18370@Charged	
cpd19635	KEGG:C18371	KEGG:C18371	KEGG:C18371	KEGG:C18371	KEGG:C18371		GC	KEGG:C18371@Charged	KEGG:C18371@Charged	eQuilibrator:MNXM82723
cpd19636	KEGG:C18372@Charged	KEGG:C18372@Charged	KEGG:C18372@Charged	KEGG:C18372@Charged	KEGG:C18372	KEGG:C18372	GC	KEGG:C18372@Charged	KEGG:C18372@Charged	eQuilibrator:MNXM120461
cpd19637	KEGG:C18373	KEGG:C18373	KEGG:C18373	KEGG:C18373		KEGG:C18373	GC	KEGG:C18373@Charged	KEGG:C18373@Charged	eQuilibrator:MNXM83963
cpd19638	KEGG:C18374	KEGG:C18374	KEGG:C18374	KEGG:C18374		KEGG:C18374	GC	KEGG:C18374@Charged	KEGG:C18374@Charged	eQuilibrator:MNXM47321
cpd19639	KEGG:C18375	KEGG:C18375	KEGG:C18375	KEGG:C18375	KEGG:C18375	KEGG:C18375	GC	KEGG:C18375@Charged	KEGG:C18375@Charged	eQuilibrator:MNXM65874
cpd19640	KEGG:C18376@Charged	KEGG:C18376@Charged	KEGG:C18376@Charged	KEGG:C18376@Charged	KEGG:C18376	KEGG:C18376	GC	KEGG:C18376@Charged	KEGG:C18376@Charged	
cpd19641	KEGG:C18377	KEGG:C18377	KEGG:C18377	KEGG:C18377	KEGG:C18377	KEGG:C18377	GC	KEGG:C18377@Charged	KEGG:C18377@Charged	
cpd19642	KEGG:C18378	KEGG:C18378	KEGG:C18378	KEGG:C18378	KEGG:C18378	KEGG:C18378	GC	KEGG:C18378@Charged	KEGG:C18378@Charged	eQuilibrator:MNXM127804
cpd19643	KEGG:C18379	KEGG:C18379	KEGG:C18379	KEGG:C18379		KEGG:C18379	EQ	eQuilibrator:MNXM45242	KEGG:C18379@Charged	eQuilibrator:MNXM45242
cpd19644	KEGG:C18380@Charged	KEGG:C18380@Charged	KEGG:C18380@Charged	KEGG:C18380@Charged	KEGG:C18380	KEGG:C18380	GC	KEGG:C18380@Charged	KEGG:C18380@Charged	
cpd19645	KEGG:C18381	KEGG:C18381	KEGG:C18381	KEGG:C18381	KEGG:C18381		GC	KEGG:C18381@Charged	KEGG:C18381@Charged	
cpd19646	KEGG:C18382@Charged	KEGG:C18382@Charged	KEGG:C18382@Charged	KEGG:C18382@Charged	KEGG:C18382	KEGG:C18382	EQ	eQuilibrator:MNXM155899	KEGG:C18382@Charged	eQuilibrator:MNXM155899
cpd19647										
cpd19648	KEGG:C18384@Charged	KEGG:C18384@Charged	KEGG:C18384@Charged	KEGG:C18384@Charged		KEGG:C18384	GC	KEGG:C18384@Charged	KEGG:C18384@Charged	
cpd19649	KEGG:C18385	KEGG:C18385	KEGG:C18385	KEGG:C18385	KEGG:C18385		GC	KEGG:C18385@Charged	KEGG:C18385@Charged	
cpd19650	KEGG:C18386	KEGG:C18386	KEGG:C18386	KEGG:C18386	KEGG:C18386	KEGG:C18386	GC	KEGG:C18386@Charged	KEGG:C18386@Charged	eQuilibrator:MNXM161328
cpd19651	KEGG:C18387	KEGG:C18387	KEGG:C18387	KEGG:C18387	KEGG:C18387	KEGG:C18387	GC	KEGG:C18387@Charged	KEGG:C18387@Charged	
cpd19652	KEGG:C18388@Charged	KEGG:C18388@Charged	KEGG:C18388@Charged	KEGG:C18388@Charged	KEGG:C18388	KEGG:C18388	GC	KEGG:C18388@Charged	KEGG:C18388@Charged	eQuilibrator:MNXM155437
cpd19653	KEGG:C18389	KEGG:C18389	KEGG:C18389	KEGG:C18389	KEGG:C18389	KEGG:C18389	GC	KEGG:C18389@Charged	KEGG:C18389@Charged	eQuilibrator:MNXM64542
cpd19654	KEGG:C18390	KEGG:C18390	KEGG:C18390	KEGG:C18390	KEGG:C18390	KEGG:C18390	EQ	eQuilibrator:MNXM52025	KEGG:C18390@Charged	eQuilibrator:MNXM52025
cpd19655	KEGG:C18391	KEGG:C18391	KEGG:C18391	KEGG:C18391	KEGG:C18391	KEGG:C18391	GC	KEGG:C18391@Charged	KEGG:C18391@Charged	
cpd19656	KEGG:C18392@Charged	KEGG:C18392@Charged	KEGG:C18392@Charged	KEGG:C18392@Charged	KEGG:C18392	KEGG:C18392	GC	KEGG:C18392@Charged	KEGG:C18392@Charged	
cpd19657	KEGG:C18393@Charged	KEGG:C18393@Charged	KEGG:C18393@Charged	KEGG:C18393@Charged	KEGG:C18393	KEGG:C18393	GC	KEGG:C18393@Charged	KEGG:C18393@Charged	
cpd19658	KEGG:C18394	KEGG:C18394	KEGG:C18394	KEGG:C18394	KEGG:C18394	KEGG:C18394	GC	KEGG:C18394@Charged	KEGG:C18394@Charged	
cpd19659	MetaCyc:CPD-22346;KEGG:C18395	MetaCyc:CPD-22346;KEGG:C18395	MetaCyc:CPD-22346;KEGG:C18395	MetaCyc:CPD-22346;KEGG:C18395		KEGG:C18395	GC	KEGG:C18395@Charged	KEGG:C18395@Charged	
cpd19660	KEGG:C18396	KEGG:C18396	KEGG:C18396	KEGG:C18396		KEGG:C18396	EQ	eQuilibrator:MNXM61944	KEGG:C18396@Charged	eQuilibrator:MNXM61944
cpd19661	MetaCyc:CPD-8968;KEGG:C18397	MetaCyc:CPD-8968;KEGG:C18397	MetaCyc:CPD-8968;KEGG:C18397	MetaCyc:CPD-8968;KEGG:C18397			GC	KEGG:C18397@Charged	KEGG:C18397@Charged	
cpd19662	KEGG:C18398	KEGG:C18398	KEGG:C18398	KEGG:C18398			GC	KEGG:C18398@Charged	KEGG:C18398@Charged	
cpd19663	MetaCyc:CPD-6941;KEGG:C18399@Charged	MetaCyc:CPD-6941;KEGG:C18399@Charged	MetaCyc:CPD-6941;KEGG:C18399@Charged	MetaCyc:CPD-6941;KEGG:C18399@Charged	KEGG:C18399		EQ	eQuilibrator:MNXM30549	KEGG:C18399@Charged	eQuilibrator:MNXM30549
cpd19664	KEGG:C18400	KEGG:C18400	KEGG:C18400	KEGG:C18400			GC	KEGG:C18400@Charged	KEGG:C18400@Charged	
cpd19665	KEGG:C18401@Charged	KEGG:C18401@Charged	KEGG:C18401@Charged	KEGG:C18401@Charged	KEGG:C18401		GC	KEGG:C18401@Charged	KEGG:C18401@Charged	
cpd19666	KEGG:C18402	KEGG:C18402	KEGG:C18402	KEGG:C18402			GC	KEGG:C18402@Charged	KEGG:C18402@Charged	
cpd19667	KEGG:C18403	KEGG:C18403	KEGG:C18403	KEGG:C18403		KEGG:C18403	GC	KEGG:C18403@Charged	KEGG:C18403@Charged	
cpd19668	KEGG:C18404	KEGG:C18404	KEGG:C18404	KEGG:C18404		KEGG:C18404	GC	KEGG:C18404@Charged	KEGG:C18404@Charged	
cpd19669	KEGG:C18405	KEGG:C18405	KEGG:C18405	KEGG:C18405			GC	KEGG:C18405@Charged	KEGG:C18405@Charged	
cpd19670	KEGG:C18406	KEGG:C18406	KEGG:C18406	KEGG:C18406		KEGG:C18406	GC	KEGG:C18406@Charged	KEGG:C18406@Charged	
cpd19671	KEGG:C18407	KEGG:C18407	KEGG:C18407	KEGG:C18407			GC	KEGG:C18407@Charged	KEGG:C18407@Charged	
cpd19672	KEGG:C18408	KEGG:C18408	KEGG:C18408	KEGG:C18408	KEGG:C18408	KEGG:C18408	GC	KEGG:C18408@Charged	KEGG:C18408@Charged	
cpd19673	KEGG:C18409	KEGG:C18409	KEGG:C18409	KEGG:C18409	KEGG:C18409	KEGG:C18409	GC	KEGG:C18409@Charged	KEGG:C18409@Charged	
cpd19674	KEGG:C18410	KEGG:C18410	KEGG:C18410	KEGG:C18410		KEGG:C18410	EQ	eQuilibrator:MNXM52869	KEGG:C18410@Charged	eQuilibrator:MNXM52869
cpd19675	KEGG:C18411	KEGG:C18411	KEGG:C18411	KEGG:C18411	KEGG:C18411	KEGG:C18411	GC	KEGG:C18411@Charged	KEGG:C18411@Charged	
cpd19676	KEGG:C18412	KEGG:C18412	KEGG:C18412	KEGG:C18412		KEGG:C18412	GC	KEGG:C18412@Charged	KEGG:C18412@Charged	
cpd19677	KEGG:C18413	KEGG:C18413	KEGG:C18413	KEGG:C18413	KEGG:C18413	KEGG:C18413	GC	KEGG:C18413@Charged	KEGG:C18413@Charged	
cpd19678	KEGG:C18414	KEGG:C18414	KEGG:C18414	KEGG:C18414		KEGG:C18414	GC	KEGG:C18414@Charged	KEGG:C18414@Charged	eQuilibrator:MNXM40512
cpd19679	KEGG:C18415	KEGG:C18415	KEGG:C18415	KEGG:C18415	KEGG:C18415	KEGG:C18415	GC	KEGG:C18415@Charged	KEGG:C18415@Charged	eQuilibrator:MNXM43469
cpd19680	KEGG:C18416	KEGG:C18416	KEGG:C18416	KEGG:C18416		KEGG:C18416	GC	KEGG:C18416@Charged	KEGG:C18416@Charged	eQuilibrator:MNXM45613
cpd19681	KEGG:C18417	KEGG:C18417	KEGG:C18417	KEGG:C18417	KEGG:C18417	KEGG:C18417	GC	KEGG:C18417@Charged	KEGG:C18417@Charged	eQuilibrator:MNXM49181
cpd19682	MetaCyc:CPD-24541;KEGG:C18418	MetaCyc:CPD-24541;KEGG:C18418	MetaCyc:CPD-24541;KEGG:C18418	MetaCyc:CPD-24541;KEGG:C18418	KEGG:C18418		GC	KEGG:C18418@Charged	KEGG:C18418@Charged	eQuilibrator:MNXM58135
cpd19683	MetaCyc:CPD-24539;KEGG:C18419	MetaCyc:CPD-24539;KEGG:C18419	MetaCyc:CPD-24539;KEGG:C18419	MetaCyc:CPD-24539;KEGG:C18419	KEGG:C18419	KEGG:C18419	GC	KEGG:C18419@Charged	KEGG:C18419@Charged	eQuilibrator:MNXM725096
cpd19684	KEGG:C18420	KEGG:C18420	KEGG:C18420	KEGG:C18420	KEGG:C18420	KEGG:C18420	GC	KEGG:C18420@Charged	KEGG:C18420@Charged	eQuilibrator:MNXM74917
cpd19685	KEGG:C18421	KEGG:C18421	KEGG:C18421	KEGG:C18421	KEGG:C18421	KEGG:C18421	GC	KEGG:C18421@Charged	KEGG:C18421@Charged	eQuilibrator:MNXM725337
cpd19686	KEGG:C18422	KEGG:C18422	KEGG:C18422	KEGG:C18422		KEGG:C18422	GC	KEGG:C18422@Charged	KEGG:C18422@Charged	
cpd19687	KEGG:C18423	KEGG:C18423	KEGG:C18423	KEGG:C18423		KEGG:C18423	GC	KEGG:C18423@Charged	KEGG:C18423@Charged	
cpd19688	KEGG:C18424	KEGG:C18424	KEGG:C18424	KEGG:C18424	KEGG:C18424		GC	KEGG:C18424@Charged	KEGG:C18424@Charged	
cpd19689	KEGG:C18425	KEGG:C18425	KEGG:C18425	KEGG:C18425	KEGG:C18425	KEGG:C18425	EQ	eQuilibrator:MNXM47903	KEGG:C18425@Charged	eQuilibrator:MNXM47903
cpd19690	KEGG:C18426	KEGG:C18426	KEGG:C18426	KEGG:C18426	KEGG:C18426	KEGG:C18426	GC	KEGG:C18426@Charged	KEGG:C18426@Charged	
cpd19691	KEGG:C18427	KEGG:C18427	KEGG:C18427	KEGG:C18427	KEGG:C18427	KEGG:C18427	EQ	eQuilibrator:MNXM48696	KEGG:C18427@Charged	eQuilibrator:MNXM48696
cpd19692	MetaCyc:CPD-16775;KEGG:C18428;ChEBI:116509	MetaCyc:CPD-16775;KEGG:C18428;ChEBI:116509	MetaCyc:CPD-16775;KEGG:C18428;ChEBI:116509	MetaCyc:CPD-16775;KEGG:C18428;ChEBI:116509	KEGG:C18428	KEGG:C18428	EQ	eQuilibrator:MNXM724616	KEGG:C18428@Charged	eQuilibrator:MNXM724616
cpd19693	KEGG:C18429@Charged	KEGG:C18429@Charged	KEGG:C18429@Charged	KEGG:C18429@Charged	KEGG:C18429	KEGG:C18429	GC	KEGG:C18429@Charged	KEGG:C18429@Charged	eQuilibrator:MNXM53506
cpd19694	KEGG:C18430	KEGG:C18430	KEGG:C18430	KEGG:C18430	KEGG:C18430	KEGG:C18430	GC	KEGG:C18430@Charged	KEGG:C18430@Charged	
cpd19695	KEGG:C18431	KEGG:C18431	KEGG:C18431	KEGG:C18431@Charged	KEGG:C18431	KEGG:C18431	GC	KEGG:C18431@Charged	KEGG:C18431@Charged	eQuilibrator:MNXM57610
cpd19696	KEGG:C18432	KEGG:C18432	KEGG:C18432	KEGG:C18432	KEGG:C18432	KEGG:C18432	GC	KEGG:C18432@Charged	KEGG:C18432@Charged	
cpd19697	KEGG:C18433	KEGG:C18433	KEGG:C18433	KEGG:C18433	KEGG:C18433	KEGG:C18433	GC	KEGG:C18433@Charged	KEGG:C18433@Charged	eQuilibrator:MNXM58958
cpd19698	KEGG:C18434	KEGG:C18434	KEGG:C18434	KEGG:C18434	KEGG:C18434	KEGG:C18434	GC	KEGG:C18434@Charged	KEGG:C18434@Charged	
cpd19699	KEGG:C18435	KEGG:C18435	KEGG:C18435	KEGG:C18435	KEGG:C18435	KEGG:C18435	EQ	eQuilibrator:MNXM82046	KEGG:C18435@Charged	eQuilibrator:MNXM82046
cpd19700	KEGG:C18436	KEGG:C18436	KEGG:C18436	KEGG:C18436	KEGG:C18436	KEGG:C18436	GC	KEGG:C18436@Charged	KEGG:C18436@Charged	
cpd19701	KEGG:C18437	KEGG:C18437	KEGG:C18437	KEGG:C18437	KEGG:C18437	KEGG:C18437	EQ		KEGG:C18437@Charged	
cpd19702	KEGG:C18438@Charged	KEGG:C18438@Charged	KEGG:C18438@Charged	KEGG:C18438@Charged	KEGG:C18438	KEGG:C18438	GC	KEGG:C18438@Charged	KEGG:C18438@Charged	
cpd19703	KEGG:C18439@Charged	KEGG:C18439@Charged	KEGG:C18439@Charged	KEGG:C18439@Charged	KEGG:C18439	KEGG:C18439	GC	KEGG:C18439@Charged	KEGG:C18439@Charged	eQuilibrator:MNXM48232
cpd19704	KEGG:C18440@Charged	KEGG:C18440@Charged	KEGG:C18440@Charged	KEGG:C18440@Charged	KEGG:C18440	KEGG:C18440	GC	KEGG:C18440@Charged	KEGG:C18440@Charged	
cpd19705	KEGG:C18441@Charged	KEGG:C18441@Charged	KEGG:C18441@Charged	KEGG:C18441@Charged	KEGG:C18441	KEGG:C18441	GC	KEGG:C18441@Charged	KEGG:C18441@Charged	eQuilibrator:MNXM53434
cpd19706	KEGG:C18442@Charged	KEGG:C18442@Charged	KEGG:C18442@Charged	KEGG:C18442@Charged	KEGG:C18442	KEGG:C18442	GC	KEGG:C18442@Charged	KEGG:C18442@Charged	
cpd19707	KEGG:C18443@Charged	KEGG:C18443@Charged	KEGG:C18443@Charged	KEGG:C18443@Charged	KEGG:C18443	KEGG:C18443	GC	KEGG:C18443@Charged	KEGG:C18443@Charged	eQuilibrator:MNXM57161
cpd19708	KEGG:C18444@Charged	KEGG:C18444@Charged	KEGG:C18444@Charged	KEGG:C18444@Charged	KEGG:C18444	KEGG:C18444	GC	KEGG:C18444@Charged	KEGG:C18444@Charged	
cpd19709	KEGG:C18445	KEGG:C18445	KEGG:C18445	KEGG:C18445			GC	KEGG:C18445@Charged	KEGG:C18445@Charged	eQuilibrator:MNXM46476
cpd19710	KEGG:C18446	KEGG:C18446	KEGG:C18446	KEGG:C18446			GC	KEGG:C18446@Charged	KEGG:C18446@Charged	eQuilibrator:MNXM50580
cpd19711	MetaCyc:CPD-12221;KEGG:C18447;ChEBI:39275	MetaCyc:CPD-12221;KEGG:C18447;ChEBI:39275	MetaCyc:CPD-12221;KEGG:C18447;ChEBI:39275	MetaCyc:CPD-12221;KEGG:C18447;ChEBI:39275			GC	KEGG:C18447@Charged	KEGG:C18447@Charged	eQuilibrator:MNXM6196
cpd19712	MetaCyc:CPD-7676;KEGG:C18448;ChEBI:39282	MetaCyc:CPD-7676;KEGG:C18448;ChEBI:39282	MetaCyc:CPD-7676;KEGG:C18448;ChEBI:39282	MetaCyc:CPD-7676;KEGG:C18448;ChEBI:39282			GC	KEGG:C18448@Charged	KEGG:C18448@Charged	eQuilibrator:MNXM5187
cpd19713	KEGG:C18449	KEGG:C18449	KEGG:C18449	KEGG:C18449@Charged	KEGG:C18449	KEGG:C18449	GC	KEGG:C18449@Charged	KEGG:C18449@Charged	
cpd19714	KEGG:C18450	KEGG:C18450	KEGG:C18450	KEGG:C18450	KEGG:C18450		GC	KEGG:C18450@Charged	KEGG:C18450@Charged	
cpd19715	KEGG:C18451	KEGG:C18451	KEGG:C18451	KEGG:C18451			GC	KEGG:C18451@Charged	KEGG:C18451@Charged	eQuilibrator:MNXM83855
cpd19716	KEGG:C18452	KEGG:C18452	KEGG:C18452	KEGG:C18452		KEGG:C18452	GC	KEGG:C18452@Charged	KEGG:C18452@Charged	
cpd19717	KEGG:C18453@Charged	KEGG:C18453@Charged	KEGG:C18453@Charged	KEGG:C18453@Charged	KEGG:C18453	KEGG:C18453	EQ	eQuilibrator:MNXM152862	KEGG:C18453@Charged	eQuilibrator:MNXM152862
cpd19718	KEGG:C18454	KEGG:C18454	KEGG:C18454	KEGG:C18454	KEGG:C18454	KEGG:C18454	GC	KEGG:C18454@Charged	KEGG:C18454@Charged	
cpd19719	KEGG:C18455	KEGG:C18455	KEGG:C18455	KEGG:C18455		KEGG:C18455	GC	KEGG:C18455@Charged	KEGG:C18455@Charged	
cpd19720	KEGG:C18456	KEGG:C18456	KEGG:C18456	KEGG:C18456	KEGG:C18456	KEGG:C18456	GC	KEGG:C18456@Charged	KEGG:C18456@Charged	
cpd19721	KEGG:C18457	KEGG:C18457	KEGG:C18457	KEGG:C18457		KEGG:C18457	GC	KEGG:C18457@Charged	KEGG:C18457@Charged	
cpd19722	KEGG:C18458	KEGG:C18458	KEGG:C18458	KEGG:C18458	KEGG:C18458	KEGG:C18458	GC	KEGG:C18458@Charged	KEGG:C18458@Charged	
cpd19723	KEGG:C18459	KEGG:C18459	KEGG:C18459	KEGG:C18459		KEGG:C18459	GC	KEGG:C18459@Charged	KEGG:C18459@Charged	
cpd19724	KEGG:C18460	KEGG:C18460	KEGG:C18460	KEGG:C18460		KEGG:C18460	GC	KEGG:C18460@Charged	KEGG:C18460@Charged	
cpd19725	KEGG:C18461	KEGG:C18461	KEGG:C18461	KEGG:C18461		KEGG:C18461	GC	KEGG:C18461@Charged	KEGG:C18461@Charged	
cpd19726	KEGG:C18462	KEGG:C18462	KEGG:C18462	KEGG:C18462	KEGG:C18462	KEGG:C18462	GC	KEGG:C18462@Charged	KEGG:C18462@Charged	
cpd19727	KEGG:C18463	KEGG:C18463	KEGG:C18463	KEGG:C18463	KEGG:C18463	KEGG:C18463	GC	KEGG:C18463@Charged	KEGG:C18463@Charged	
cpd19728	KEGG:C18464	KEGG:C18464	KEGG:C18464	KEGG:C18464	KEGG:C18464	KEGG:C18464	GC	KEGG:C18464@Charged	KEGG:C18464@Charged	eQuilibrator:MNXM724676
cpd19729	KEGG:C18465	KEGG:C18465	KEGG:C18465	KEGG:C18465	KEGG:C18465	KEGG:C18465	GC	KEGG:C18465@Charged	KEGG:C18465@Charged	eQuilibrator:MNXM724683
cpd19730	KEGG:C18466	KEGG:C18466	KEGG:C18466	KEGG:C18466	KEGG:C18466	KEGG:C18466	GC	KEGG:C18466@Charged	KEGG:C18466@Charged	
cpd19731	KEGG:C18467	KEGG:C18467	KEGG:C18467	KEGG:C18467	KEGG:C18467	KEGG:C18467	GC	KEGG:C18467@Charged	KEGG:C18467@Charged	eQuilibrator:MNXM31903
cpd19732	KEGG:C18468	KEGG:C18468	KEGG:C18468	KEGG:C18468		KEGG:C18468	GC	KEGG:C18468@Charged	KEGG:C18468@Charged	
cpd19733	KEGG:C18469	KEGG:C18469	KEGG:C18469	KEGG:C18469		KEGG:C18469	GC	KEGG:C18469@Charged	KEGG:C18469@Charged	
cpd19734	KEGG:C18470	KEGG:C18470	KEGG:C18470	KEGG:C18470		KEGG:C18470	EQ	eQuilibrator:MNXM57285	KEGG:C18470@Charged	eQuilibrator:MNXM57285
cpd19735	KEGG:C18471	KEGG:C18471	KEGG:C18471	KEGG:C18471	KEGG:C18471	KEGG:C18471	GC	KEGG:C18471@Charged	KEGG:C18471@Charged	
cpd19736	MetaCyc:CPD-15414;KEGG:C18472;ChEBI:75665@Charged	MetaCyc:CPD-15414;KEGG:C18472;ChEBI:75665@Charged	MetaCyc:CPD-15414;KEGG:C18472;ChEBI:75665@Charged	MetaCyc:CPD-15414;KEGG:C18472@Charged;ChEBI:75665@Charged	KEGG:C18472	KEGG:C18472	GC	KEGG:C18472@Charged	KEGG:C18472@Charged	eQuilibrator:MNXM30936
cpd19737	MetaCyc:CPD-15413;KEGG:C18473@Charged;ChEBI:73938	MetaCyc:CPD-15413;KEGG:C18473@Charged;ChEBI:73938	MetaCyc:CPD-15413;KEGG:C18473@Charged;ChEBI:73938	MetaCyc:CPD-15413;KEGG:C18473@Charged;ChEBI:73938	KEGG:C18473	KEGG:C18473	EQ	eQuilibrator:MNXM10807	KEGG:C18473@Charged	eQuilibrator:MNXM10807
cpd19738	KEGG:C18474@Charged	KEGG:C18474@Charged	KEGG:C18474@Charged	KEGG:C18474@Charged	KEGG:C18474	KEGG:C18474	GC	KEGG:C18474@Charged	KEGG:C18474@Charged	
cpd19739	KEGG:C18475	KEGG:C18475	KEGG:C18475	KEGG:C18475	KEGG:C18475		GC	KEGG:C18475@Charged	KEGG:C18475@Charged	
cpd19740	KEGG:C18476	KEGG:C18476	KEGG:C18476	KEGG:C18476	KEGG:C18476	KEGG:C18476	GC	KEGG:C18476@Charged	KEGG:C18476@Charged	
cpd19741	KEGG:C18477	KEGG:C18477	KEGG:C18477	KEGG:C18477		KEGG:C18477	GC	KEGG:C18477@Charged	KEGG:C18477@Charged	
cpd19742	KEGG:C18478@Charged	KEGG:C18478@Charged	KEGG:C18478@Charged	KEGG:C18478@Charged	KEGG:C18478	KEGG:C18478	EQ	eQuilibrator:MNXM159155	KEGG:C18478@Charged	eQuilibrator:MNXM159155
cpd19743	MetaCyc:CPD-6970	MetaCyc:CPD-6970	MetaCyc:CPD-6970	MetaCyc:CPD-6970	KEGG:C18479	KEGG:C18479	GC	MetaCyc:CPD-6970@Charged	MetaCyc:CPD-6970@Charged	
cpd19744	KEGG:C18480	KEGG:C18480	KEGG:C18480	KEGG:C18480		KEGG:C18480	GC	KEGG:C18480@Charged	KEGG:C18480@Charged	eQuilibrator:MNXM73029
cpd19745	KEGG:C18481@Charged	KEGG:C18481@Charged	KEGG:C18481@Charged	KEGG:C18481@Charged	KEGG:C18481	KEGG:C18481	GC	KEGG:C18481@Charged	KEGG:C18481@Charged	
cpd19746	KEGG:C18482	KEGG:C18482	KEGG:C18482	KEGG:C18482	KEGG:C18482	KEGG:C18482	GC	KEGG:C18482@Charged	KEGG:C18482@Charged	
cpd19747	KEGG:C18483	KEGG:C18483	KEGG:C18483	KEGG:C18483		KEGG:C18483	GC	KEGG:C18483@Charged	KEGG:C18483@Charged	eQuilibrator:MNXM78085
cpd19748	KEGG:C18484	KEGG:C18484	KEGG:C18484	KEGG:C18484		KEGG:C18484	GC	KEGG:C18484@Charged	KEGG:C18484@Charged	
cpd19749	KEGG:C18485	KEGG:C18485	KEGG:C18485	KEGG:C18485	KEGG:C18485	KEGG:C18485	EQ	eQuilibrator:MNXM79912	KEGG:C18485@Charged	eQuilibrator:MNXM79912
cpd19750	KEGG:C18486	KEGG:C18486	KEGG:C18486	KEGG:C18486		KEGG:C18486	GC	KEGG:C18486@Charged	KEGG:C18486@Charged	eQuilibrator:MNXM79986
cpd19751	KEGG:C18487	KEGG:C18487	KEGG:C18487	KEGG:C18487		KEGG:C18487	GC	KEGG:C18487@Charged	KEGG:C18487@Charged	
cpd19752	KEGG:C18488	KEGG:C18488	KEGG:C18488	KEGG:C18488		KEGG:C18488	GC	KEGG:C18488@Charged	KEGG:C18488@Charged	eQuilibrator:MNXM725443
cpd19753	MetaCyc:CPD-17687;KEGG:C18489	MetaCyc:CPD-17687;KEGG:C18489	MetaCyc:CPD-17687;KEGG:C18489	MetaCyc:CPD-17687;KEGG:C18489	KEGG:C18489	KEGG:C18489	GC	KEGG:C18489@Charged	KEGG:C18489@Charged	
cpd19754	KEGG:C18490	KEGG:C18490	KEGG:C18490	KEGG:C18490	KEGG:C18490	KEGG:C18490	GC	KEGG:C18490@Charged	KEGG:C18490@Charged	
cpd19755	KEGG:C18491	KEGG:C18491	KEGG:C18491	KEGG:C18491	KEGG:C18491	KEGG:C18491	GC	KEGG:C18491@Charged	KEGG:C18491@Charged	
cpd19756	KEGG:C18492	KEGG:C18492	KEGG:C18492	KEGG:C18492		KEGG:C18492	GC	KEGG:C18492@Charged	KEGG:C18492@Charged	
cpd19757	KEGG:C18493	KEGG:C18493	KEGG:C18493	KEGG:C18493		KEGG:C18493	GC	KEGG:C18493@Charged	KEGG:C18493@Charged	eQuilibrator:MNXM725813
cpd19758	MetaCyc:CPD-7770;KEGG:C18494	MetaCyc:CPD-7770;KEGG:C18494	MetaCyc:CPD-7770;KEGG:C18494	MetaCyc:CPD-7770;KEGG:C18494	KEGG:C18494	KEGG:C18494	GC	KEGG:C18494@Charged	KEGG:C18494@Charged	
cpd19759	KEGG:C18495	KEGG:C18495	KEGG:C18495	KEGG:C18495		KEGG:C18495	EQ	eQuilibrator:MNXM52884	KEGG:C18495@Charged	eQuilibrator:MNXM52884
cpd19760	KEGG:C18496	KEGG:C18496	KEGG:C18496	KEGG:C18496		KEGG:C18496	GC	KEGG:C18496@Charged	KEGG:C18496@Charged	
cpd19761	KEGG:C18497	KEGG:C18497	KEGG:C18497	KEGG:C18497		KEGG:C18497	GC	KEGG:C18497@Charged	KEGG:C18497@Charged	
cpd19762	KEGG:C18498	KEGG:C18498	KEGG:C18498	KEGG:C18498	KEGG:C18498	KEGG:C18498	GC	KEGG:C18498@Charged	KEGG:C18498@Charged	
cpd19763	KEGG:C18499	KEGG:C18499	KEGG:C18499	KEGG:C18499	KEGG:C18499	KEGG:C18499	GC	KEGG:C18499@Charged	KEGG:C18499@Charged	eQuilibrator:MNXM50938
cpd19764	KEGG:C18500	KEGG:C18500	KEGG:C18500	KEGG:C18500	KEGG:C18500	KEGG:C18500	EQ	eQuilibrator:MNXM52864	KEGG:C18500@Charged	eQuilibrator:MNXM52864
cpd19765	KEGG:C18501	KEGG:C18501	KEGG:C18501	KEGG:C18501		KEGG:C18501	GC	KEGG:C18501@Charged	KEGG:C18501@Charged	
cpd19766	MetaCyc:CPD-15890;KEGG:C18502	MetaCyc:CPD-15890;KEGG:C18502	MetaCyc:CPD-15890;KEGG:C18502	MetaCyc:CPD-15890;KEGG:C18502	KEGG:C18502	KEGG:C18502	GC	KEGG:C18502@Charged	KEGG:C18502@Charged	eQuilibrator:MNXM724684
cpd19767	KEGG:C18503	KEGG:C18503	KEGG:C18503	KEGG:C18503	KEGG:C18503	KEGG:C18503	GC	KEGG:C18503@Charged	KEGG:C18503@Charged	
cpd19768	KEGG:C18504	KEGG:C18504	KEGG:C18504	KEGG:C18504	KEGG:C18504	KEGG:C18504	GC	KEGG:C18504@Charged	KEGG:C18504@Charged	
cpd19769	KEGG:C18505	KEGG:C18505	KEGG:C18505	KEGG:C18505	KEGG:C18505	KEGG:C18505	GC	KEGG:C18505@Charged	KEGG:C18505@Charged	eQuilibrator:MNXM86983
cpd19770	KEGG:C18506	KEGG:C18506	KEGG:C18506	KEGG:C18506		KEGG:C18506	GC	KEGG:C18506@Charged	KEGG:C18506@Charged	
cpd19771	KEGG:C18507	KEGG:C18507	KEGG:C18507	KEGG:C18507		KEGG:C18507	GC	KEGG:C18507@Charged	KEGG:C18507@Charged	
cpd19772	KEGG:C18508	KEGG:C18508	KEGG:C18508	KEGG:C18508	KEGG:C18508	KEGG:C18508	GC	KEGG:C18508@Charged	KEGG:C18508@Charged	eQuilibrator:MNXM31460
cpd19773	KEGG:C18509	KEGG:C18509	KEGG:C18509	KEGG:C18509@Charged	KEGG:C18509	KEGG:C18509	GC	KEGG:C18509@Charged	KEGG:C18509@Charged	eQuilibrator:MNXM724606
cpd19774	KEGG:C18510	KEGG:C18510	KEGG:C18510	KEGG:C18510	KEGG:C18510	KEGG:C18510	GC	KEGG:C18510@Charged	KEGG:C18510@Charged	
cpd19775	KEGG:C18511	KEGG:C18511	KEGG:C18511	KEGG:C18511		KEGG:C18511	GC	KEGG:C18511@Charged	KEGG:C18511@Charged	eQuilibrator:MNXM31467
cpd19776	KEGG:C18512	KEGG:C18512	KEGG:C18512	KEGG:C18512		KEGG:C18512	GC	KEGG:C18512@Charged	KEGG:C18512@Charged	
cpd19777	KEGG:C18513	KEGG:C18513	KEGG:C18513	KEGG:C18513		KEGG:C18513	GC	KEGG:C18513@Charged	KEGG:C18513@Charged	eQuilibrator:MNXM725756
cpd19778	KEGG:C18514@Charged	KEGG:C18514@Charged	KEGG:C18514@Charged	KEGG:C18514@Charged	KEGG:C18514	KEGG:C18514	GC	KEGG:C18514@Charged	KEGG:C18514@Charged	
cpd19779	KEGG:C18515	KEGG:C18515	KEGG:C18515	KEGG:C18515	KEGG:C18515	KEGG:C18515	EQ	eQuilibrator:MNXM46624	KEGG:C18515@Charged	eQuilibrator:MNXM46624
cpd19780	KEGG:C18516	KEGG:C18516	KEGG:C18516	KEGG:C18516	KEGG:C18516	KEGG:C18516	GC	KEGG:C18516@Charged	KEGG:C18516@Charged	eQuilibrator:MNXM48249
cpd19781	KEGG:C18517	KEGG:C18517	KEGG:C18517	KEGG:C18517		KEGG:C18517	GC	KEGG:C18517@Charged	KEGG:C18517@Charged	
cpd19782	KEGG:C18518	KEGG:C18518	KEGG:C18518	KEGG:C18518	KEGG:C18518	KEGG:C18518	GC	KEGG:C18518@Charged	KEGG:C18518@Charged	
cpd19783	KEGG:C18519	KEGG:C18519	KEGG:C18519	KEGG:C18519	KEGG:C18519	KEGG:C18519	GC	KEGG:C18519@Charged	KEGG:C18519@Charged	
cpd19784	KEGG:C18520	KEGG:C18520	KEGG:C18520	KEGG:C18520	KEGG:C18520	KEGG:C18520	GC	KEGG:C18520@Charged	KEGG:C18520@Charged	
cpd19785	KEGG:C18521@Charged	KEGG:C18521@Charged	KEGG:C18521@Charged	KEGG:C18521@Charged	KEGG:C18521		GC	KEGG:C18521@Charged	KEGG:C18521@Charged	
cpd19786	KEGG:C18522	KEGG:C18522	KEGG:C18522	KEGG:C18522	KEGG:C18522	KEGG:C18522	GC	KEGG:C18522@Charged	KEGG:C18522@Charged	
cpd19787	KEGG:C18523	KEGG:C18523	KEGG:C18523	KEGG:C18523	KEGG:C18523	KEGG:C18523	GC	KEGG:C18523@Charged	KEGG:C18523@Charged	
cpd19788	KEGG:C18524	KEGG:C18524	KEGG:C18524	KEGG:C18524		KEGG:C18524	GC	KEGG:C18524@Charged	KEGG:C18524@Charged	
cpd19789	KEGG:C18525	KEGG:C18525	KEGG:C18525	KEGG:C18525	KEGG:C18525	KEGG:C18525	EQ	eQuilibrator:MNXM61681	KEGG:C18525@Charged	eQuilibrator:MNXM61681
cpd19790	KEGG:C18526	KEGG:C18526	KEGG:C18526	KEGG:C18526	KEGG:C18526	KEGG:C18526	EQ	eQuilibrator:MNXM725461	KEGG:C18526@Charged	eQuilibrator:MNXM725461
cpd19791	KEGG:C18527@Charged	KEGG:C18527@Charged	KEGG:C18527@Charged	KEGG:C18527@Charged	KEGG:C18527	KEGG:C18527	GC	KEGG:C18527@Charged	KEGG:C18527@Charged	eQuilibrator:MNXM53496
cpd19792	MetaCyc:CPD-10614;KEGG:C18528@Charged	MetaCyc:CPD-10614;KEGG:C18528@Charged	MetaCyc:CPD-10614;KEGG:C18528@Charged	MetaCyc:CPD-10614;KEGG:C18528@Charged	KEGG:C18528	KEGG:C18528	EQ	eQuilibrator:MNXM13571	KEGG:C18528@Charged	eQuilibrator:MNXM13571
cpd19793	KEGG:C18529@Charged	KEGG:C18529@Charged	KEGG:C18529@Charged	KEGG:C18529@Charged	KEGG:C18529	KEGG:C18529	EQ	eQuilibrator:MNXM35258	KEGG:C18529@Charged	eQuilibrator:MNXM35258
cpd19794	KEGG:C18530	KEGG:C18530	KEGG:C18530	KEGG:C18530		KEGG:C18530	EQ	eQuilibrator:MNXM725371	KEGG:C18530@Charged	eQuilibrator:MNXM725371
cpd19795	KEGG:C18531	KEGG:C18531	KEGG:C18531	KEGG:C18531	KEGG:C18531	KEGG:C18531	EQ	eQuilibrator:MNXM47274	KEGG:C18531@Charged	eQuilibrator:MNXM47274
cpd19796	KEGG:C18532	KEGG:C18532	KEGG:C18532	KEGG:C18532	KEGG:C18532	KEGG:C18532	GC	KEGG:C18532@Charged	KEGG:C18532@Charged	
cpd19797	MetaCyc:ALPHA-NAPHTHALENEACETAMIDE;KEGG:C18533;ChEBI:81810	MetaCyc:ALPHA-NAPHTHALENEACETAMIDE;KEGG:C18533;ChEBI:81810	MetaCyc:ALPHA-NAPHTHALENEACETAMIDE;KEGG:C18533;ChEBI:81810	MetaCyc:ALPHA-NAPHTHALENEACETAMIDE;KEGG:C18533;ChEBI:81810	KEGG:C18533	KEGG:C18533	EQ	eQuilibrator:MNXM723587	MetaCyc:ALPHA-NAPHTHALENEACETAMIDE@Charged	eQuilibrator:MNXM723587
cpd19798	KEGG:C18534	KEGG:C18534	KEGG:C18534	KEGG:C18534	KEGG:C18534		EQ	eQuilibrator:MNXM13913	KEGG:C18534@Charged	eQuilibrator:MNXM13913
cpd19799	KEGG:C18535	KEGG:C18535	KEGG:C18535	KEGG:C18535		KEGG:C18535	EQ	eQuilibrator:MNXM40020	KEGG:C18535@Charged	eQuilibrator:MNXM40020
cpd19800	KEGG:C18536	KEGG:C18536	KEGG:C18536	KEGG:C18536	KEGG:C18536	KEGG:C18536	GC	KEGG:C18536@Charged	KEGG:C18536@Charged	eQuilibrator:MNXM43555
cpd19801	KEGG:C18537	KEGG:C18537	KEGG:C18537	KEGG:C18537	KEGG:C18537	KEGG:C18537	GC	KEGG:C18537@Charged	KEGG:C18537@Charged	eQuilibrator:MNXM50936
cpd19802	KEGG:C18538	KEGG:C18538	KEGG:C18538	KEGG:C18538		KEGG:C18538	EQ	eQuilibrator:MNXM78136	KEGG:C18538@Charged	eQuilibrator:MNXM78136
cpd19803	KEGG:C18539@Charged	KEGG:C18539@Charged	KEGG:C18539@Charged	KEGG:C18539@Charged	KEGG:C18539	KEGG:C18539	GC	KEGG:C18539@Charged	KEGG:C18539@Charged	eQuilibrator:MNXM81941
cpd19804	KEGG:C18540@Charged	KEGG:C18540@Charged	KEGG:C18540@Charged	KEGG:C18540@Charged	KEGG:C18540	KEGG:C18540	GC	KEGG:C18540@Charged	KEGG:C18540@Charged	eQuilibrator:MNXM83614
cpd19805	KEGG:C18541@Charged	KEGG:C18541@Charged	KEGG:C18541@Charged	KEGG:C18541@Charged	KEGG:C18541	KEGG:C18541	EQ		KEGG:C18541@Charged	
cpd19806	MetaCyc:CPD-9344;KEGG:C18542	MetaCyc:CPD-9344;KEGG:C18542	MetaCyc:CPD-9344;KEGG:C18542	MetaCyc:CPD-9344;KEGG:C18542	KEGG:C18542	KEGG:C18542	GC	KEGG:C18542@Charged	KEGG:C18542@Charged	eQuilibrator:MNXM725335
cpd19807	KEGG:C18543	KEGG:C18543	KEGG:C18543	KEGG:C18543	KEGG:C18543	KEGG:C18543	GC	KEGG:C18543@Charged	KEGG:C18543@Charged	
cpd19808	KEGG:C18544	KEGG:C18544	KEGG:C18544	KEGG:C18544	KEGG:C18544	KEGG:C18544	GC	KEGG:C18544@Charged	KEGG:C18544@Charged	
cpd19809	KEGG:C18545	KEGG:C18545	KEGG:C18545	KEGG:C18545		KEGG:C18545	GC	KEGG:C18545@Charged	KEGG:C18545@Charged	
cpd19810	KEGG:C18546@Charged	KEGG:C18546@Charged	KEGG:C18546@Charged	KEGG:C18546@Charged	KEGG:C18546	KEGG:C18546	GC	KEGG:C18546@Charged	KEGG:C18546@Charged	
cpd19811	KEGG:C18547	KEGG:C18547	KEGG:C18547	KEGG:C18547	KEGG:C18547	KEGG:C18547	EQ	eQuilibrator:MNXM44627	KEGG:C18547@Charged	eQuilibrator:MNXM44627
cpd19812	KEGG:C18548	KEGG:C18548	KEGG:C18548	KEGG:C18548	KEGG:C18548	KEGG:C18548	EQ	eQuilibrator:MNXM61430	KEGG:C18548@Charged	eQuilibrator:MNXM61430
cpd19813	MetaCyc:CPD-21291;KEGG:C18549	MetaCyc:CPD-21291;KEGG:C18549	MetaCyc:CPD-21291;KEGG:C18549	MetaCyc:CPD-21291;KEGG:C18549	KEGG:C18549	KEGG:C18549	GC	KEGG:C18549@Charged	KEGG:C18549@Charged	eQuilibrator:MNXM724583
cpd19814	KEGG:C18550	KEGG:C18550	KEGG:C18550	KEGG:C18550	KEGG:C18550	KEGG:C18550	GC	KEGG:C18550@Charged	KEGG:C18550@Charged	
cpd19815	KEGG:C18551	KEGG:C18551	KEGG:C18551	KEGG:C18551		KEGG:C18551	GC	KEGG:C18551@Charged	KEGG:C18551@Charged	eQuilibrator:MNXM53633
cpd19816	KEGG:C18552	KEGG:C18552	KEGG:C18552	KEGG:C18552	KEGG:C18552	KEGG:C18552	GC	KEGG:C18552@Charged	KEGG:C18552@Charged	
cpd19817	KEGG:C18553	KEGG:C18553	KEGG:C18553	KEGG:C18553		KEGG:C18553	GC	KEGG:C18553@Charged	KEGG:C18553@Charged	eQuilibrator:MNXM82623
cpd19818	KEGG:C18554	KEGG:C18554	KEGG:C18554	KEGG:C18554		KEGG:C18554	GC	KEGG:C18554@Charged	KEGG:C18554@Charged	
cpd19819	KEGG:C18555	KEGG:C18555	KEGG:C18555	KEGG:C18555	KEGG:C18555	KEGG:C18555	GC	KEGG:C18555@Charged	KEGG:C18555@Charged	
cpd19820	KEGG:C18556	KEGG:C18556	KEGG:C18556	KEGG:C18556	KEGG:C18556	KEGG:C18556	GC	KEGG:C18556@Charged	KEGG:C18556@Charged	
cpd19821	KEGG:C18557	KEGG:C18557	KEGG:C18557	KEGG:C18557	KEGG:C18557	KEGG:C18557	GC	KEGG:C18557@Charged	KEGG:C18557@Charged	eQuilibrator:MNXM62144
cpd19822	KEGG:C18558	KEGG:C18558	KEGG:C18558	KEGG:C18558		KEGG:C18558	GC	KEGG:C18558@Charged	KEGG:C18558@Charged	
cpd19823	KEGG:C18559	KEGG:C18559	KEGG:C18559	KEGG:C18559	KEGG:C18559	KEGG:C18559	GC	KEGG:C18559@Charged	KEGG:C18559@Charged	eQuilibrator:MNXM61970
cpd19824	KEGG:C18560	KEGG:C18560	KEGG:C18560	KEGG:C18560	KEGG:C18560	KEGG:C18560	GC	KEGG:C18560@Charged	KEGG:C18560@Charged	eQuilibrator:MNXM65867
cpd19825	KEGG:C18561	KEGG:C18561	KEGG:C18561	KEGG:C18561		KEGG:C18561	GC	KEGG:C18561@Charged	KEGG:C18561@Charged	
cpd19826	KEGG:C18562	KEGG:C18562	KEGG:C18562	KEGG:C18562		KEGG:C18562	GC	KEGG:C18562@Charged	KEGG:C18562@Charged	eQuilibrator:MNXM725812
cpd19827	KEGG:C18563@Charged	KEGG:C18563@Charged	KEGG:C18563@Charged	KEGG:C18563@Charged		KEGG:C18563	GC	KEGG:C18563@Charged	KEGG:C18563@Charged	
cpd19828	KEGG:C18564@Charged	KEGG:C18564@Charged	KEGG:C18564@Charged	KEGG:C18564@Charged	KEGG:C18564	KEGG:C18564	GC	KEGG:C18564@Charged	KEGG:C18564@Charged	eQuilibrator:MNXM156433
cpd19829	KEGG:C18565@Charged	KEGG:C18565@Charged	KEGG:C18565@Charged	KEGG:C18565@Charged	KEGG:C18565	KEGG:C18565	GC	KEGG:C18565@Charged	KEGG:C18565@Charged	eQuilibrator:MNXM156434
cpd19830	KEGG:C18566@Charged	KEGG:C18566@Charged	KEGG:C18566@Charged	KEGG:C18566@Charged	KEGG:C18566	KEGG:C18566	GC	KEGG:C18566@Charged	KEGG:C18566@Charged	
cpd19831	KEGG:C18567	KEGG:C18567	KEGG:C18567	KEGG:C18567	KEGG:C18567		GC	KEGG:C18567@Charged	KEGG:C18567@Charged	
cpd19832	KEGG:C18568	KEGG:C18568	KEGG:C18568	KEGG:C18568@Charged	KEGG:C18568	KEGG:C18568	EQ	eQuilibrator:MNXM156762	KEGG:C18568@Charged	eQuilibrator:MNXM156762
cpd19833	KEGG:C18569	KEGG:C18569	KEGG:C18569	KEGG:C18569		KEGG:C18569	GC	KEGG:C18569@Charged	KEGG:C18569@Charged	eQuilibrator:MNXM57387
cpd19834	KEGG:C18570	KEGG:C18570	KEGG:C18570	KEGG:C18570		KEGG:C18570	GC	KEGG:C18570@Charged	KEGG:C18570@Charged	
cpd19835	KEGG:C18571	KEGG:C18571	KEGG:C18571	KEGG:C18571		KEGG:C18571	EQ	eQuilibrator:MNXM65981	KEGG:C18571@Charged	eQuilibrator:MNXM65981
cpd19836	KEGG:C18572@Charged	KEGG:C18572@Charged	KEGG:C18572@Charged	KEGG:C18572@Charged	KEGG:C18572	KEGG:C18572	GC	KEGG:C18572@Charged	KEGG:C18572@Charged	
cpd19837	KEGG:C18573	KEGG:C18573	KEGG:C18573	KEGG:C18573		KEGG:C18573	GC	KEGG:C18573@Charged	KEGG:C18573@Charged	
cpd19838	KEGG:C18574	KEGG:C18574	KEGG:C18574	KEGG:C18574		KEGG:C18574	GC	KEGG:C18574@Charged	KEGG:C18574@Charged	
cpd19839	KEGG:C18575	KEGG:C18575	KEGG:C18575	KEGG:C18575		KEGG:C18575	EQ	eQuilibrator:MNXM80501	KEGG:C18575@Charged	eQuilibrator:MNXM80501
cpd19840	KEGG:C18576	KEGG:C18576	KEGG:C18576	KEGG:C18576		KEGG:C18576	GC	KEGG:C18576@Charged	KEGG:C18576@Charged	
cpd19841	KEGG:C18577	KEGG:C18577	KEGG:C18577	KEGG:C18577			GC	KEGG:C18577@Charged	KEGG:C18577@Charged	eQuilibrator:MNXM51230
cpd19842	KEGG:C18578	KEGG:C18578	KEGG:C18578	KEGG:C18578	KEGG:C18578	KEGG:C18578	GC	KEGG:C18578@Charged	KEGG:C18578@Charged	
cpd19843	KEGG:C18579	KEGG:C18579	KEGG:C18579	KEGG:C18579@Charged	KEGG:C18579	KEGG:C18579	GC	KEGG:C18579@Charged	KEGG:C18579@Charged	eQuilibrator:MNXM53269
cpd19844	KEGG:C18580	KEGG:C18580	KEGG:C18580	KEGG:C18580	KEGG:C18580	KEGG:C18580	GC	KEGG:C18580@Charged	KEGG:C18580@Charged	
cpd19845	KEGG:C18581	KEGG:C18581	KEGG:C18581	KEGG:C18581		KEGG:C18581	GC	KEGG:C18581@Charged	KEGG:C18581@Charged	
cpd19846	KEGG:C18582	KEGG:C18582	KEGG:C18582	KEGG:C18582	KEGG:C18582	KEGG:C18582	GC	KEGG:C18582@Charged	KEGG:C18582@Charged	eQuilibrator:MNXM45018
cpd19847	KEGG:C18583	KEGG:C18583	KEGG:C18583	KEGG:C18583		KEGG:C18583	EQ	eQuilibrator:MNXM155424	KEGG:C18583@Charged	eQuilibrator:MNXM155424
cpd19848	KEGG:C18584	KEGG:C18584	KEGG:C18584	KEGG:C18584	KEGG:C18584	KEGG:C18584	GC	KEGG:C18584@Charged	KEGG:C18584@Charged	eQuilibrator:MNXM725368
cpd19849	MetaCyc:CPD-6968;KEGG:C18585	MetaCyc:CPD-6968;KEGG:C18585	MetaCyc:CPD-6968;KEGG:C18585	MetaCyc:CPD-6968;KEGG:C18585			GC	KEGG:C18585@Charged	KEGG:C18585@Charged	eQuilibrator:MNXM48245
cpd19850	KEGG:C18586	KEGG:C18586	KEGG:C18586	KEGG:C18586	KEGG:C18586		GC	KEGG:C18586@Charged	KEGG:C18586@Charged	
cpd19851	KEGG:C18587	KEGG:C18587	KEGG:C18587	KEGG:C18587		KEGG:C18587	GC	KEGG:C18587@Charged	KEGG:C18587@Charged	
cpd19852	KEGG:C18588	KEGG:C18588	KEGG:C18588	KEGG:C18588	KEGG:C18588		GC	KEGG:C18588@Charged	KEGG:C18588@Charged	eQuilibrator:MNXM161141
cpd19853	KEGG:C18589	KEGG:C18589	KEGG:C18589	KEGG:C18589	KEGG:C18589	KEGG:C18589	GC	KEGG:C18589@Charged	KEGG:C18589@Charged	eQuilibrator:MNXM44256
cpd19854	KEGG:C18590@Charged	KEGG:C18590@Charged	KEGG:C18590@Charged	KEGG:C18590@Charged		KEGG:C18590	GC	KEGG:C18590@Charged	KEGG:C18590@Charged	
cpd19855	KEGG:C18591	KEGG:C18591	KEGG:C18591	KEGG:C18591	KEGG:C18591	KEGG:C18591	GC	KEGG:C18591@Charged	KEGG:C18591@Charged	
cpd19856	KEGG:C18592	KEGG:C18592	KEGG:C18592	KEGG:C18592		KEGG:C18592	GC	KEGG:C18592@Charged	KEGG:C18592@Charged	eQuilibrator:MNXM73261
cpd19857	KEGG:C18593	KEGG:C18593	KEGG:C18593	KEGG:C18593	KEGG:C18593	KEGG:C18593	EQ	eQuilibrator:MNXM724661	KEGG:C18593@Charged	eQuilibrator:MNXM724661
cpd19858	KEGG:C18594	KEGG:C18594	KEGG:C18594	KEGG:C18594	KEGG:C18594	KEGG:C18594	GC	KEGG:C18594@Charged	KEGG:C18594@Charged	eQuilibrator:MNXM152573
cpd19859	KEGG:C18595	KEGG:C18595	KEGG:C18595	KEGG:C18595		KEGG:C18595	GC	KEGG:C18595@Charged	KEGG:C18595@Charged	eQuilibrator:MNXM53493
cpd19860	KEGG:C18596@Charged	KEGG:C18596@Charged	KEGG:C18596@Charged	KEGG:C18596@Charged	KEGG:C18596	KEGG:C18596	GC	KEGG:C18596@Charged	KEGG:C18596@Charged	eQuilibrator:MNXM44721
cpd19861	MetaCyc:CPD-11248;KEGG:C18597@Charged;ChEBI:141349	MetaCyc:CPD-11248;KEGG:C18597@Charged;ChEBI:141349	MetaCyc:CPD-11248;KEGG:C18597@Charged;ChEBI:141349	MetaCyc:CPD-11248;KEGG:C18597@Charged;ChEBI:141349	KEGG:C18597	KEGG:C18597	EQ	eQuilibrator:MNXM724570	KEGG:C18597@Charged	eQuilibrator:MNXM724570
cpd19862	KEGG:C18598@Charged	KEGG:C18598@Charged	KEGG:C18598@Charged	KEGG:C18598@Charged	KEGG:C18598	KEGG:C18598	EQ	eQuilibrator:MNXM57156	KEGG:C18598@Charged	eQuilibrator:MNXM57156
cpd19863	KEGG:C18599@Charged	KEGG:C18599@Charged	KEGG:C18599@Charged	KEGG:C18599@Charged	KEGG:C18599	KEGG:C18599	GC	KEGG:C18599@Charged	KEGG:C18599@Charged	eQuilibrator:MNXM47730
cpd19864	KEGG:C18600@Charged	KEGG:C18600@Charged	KEGG:C18600@Charged	KEGG:C18600@Charged	KEGG:C18600		EQ	eQuilibrator:MNXM48702	KEGG:C18600@Charged	eQuilibrator:MNXM48702
cpd19865	KEGG:C18601	KEGG:C18601	KEGG:C18601	KEGG:C18601	KEGG:C18601		EQ	eQuilibrator:MNXM161189	KEGG:C18601@Charged	eQuilibrator:MNXM161189
cpd19866	KEGG:C18602	KEGG:C18602	KEGG:C18602	KEGG:C18602		KEGG:C18602	GC	KEGG:C18602@Charged	KEGG:C18602@Charged	
cpd19867	KEGG:C18603	KEGG:C18603	KEGG:C18603	KEGG:C18603	KEGG:C18603	KEGG:C18603	EQ	eQuilibrator:MNXM79915	KEGG:C18603@Charged	eQuilibrator:MNXM79915
cpd19868	MetaCyc:CPD-5481;KEGG:C18604	MetaCyc:CPD-5481;KEGG:C18604	MetaCyc:CPD-5481;KEGG:C18604	MetaCyc:CPD-5481;KEGG:C18604	KEGG:C18604	KEGG:C18604	EQ	eQuilibrator:MNXM47764	KEGG:C18604@Charged	eQuilibrator:MNXM47764
cpd19869	KEGG:C18605	KEGG:C18605	KEGG:C18605	KEGG:C18605		KEGG:C18605	EQ	eQuilibrator:MNXM725356	KEGG:C18605@Charged	eQuilibrator:MNXM725356
cpd19870	KEGG:C18606	KEGG:C18606	KEGG:C18606	KEGG:C18606	KEGG:C18606		GC	KEGG:C18606@Charged	KEGG:C18606@Charged	
cpd19871	KEGG:C18607	KEGG:C18607	KEGG:C18607	KEGG:C18607		KEGG:C18607	GC	KEGG:C18607@Charged	KEGG:C18607@Charged	
cpd19872	MetaCyc:CPD-15723;KEGG:C18608@Charged;ChEBI:75284	MetaCyc:CPD-15723;KEGG:C18608@Charged;ChEBI:75284	MetaCyc:CPD-15723;KEGG:C18608@Charged;ChEBI:75284	MetaCyc:CPD-15723;KEGG:C18608@Charged;ChEBI:75284	KEGG:C18608	KEGG:C18608	EQ	eQuilibrator:MNXM61272	KEGG:C18608@Charged	eQuilibrator:MNXM61272
cpd19873	KEGG:C18609@Charged	KEGG:C18609@Charged	KEGG:C18609@Charged	KEGG:C18609@Charged	KEGG:C18609	KEGG:C18609	GC	KEGG:C18609@Charged	KEGG:C18609@Charged	eQuilibrator:MNXM47217
cpd19874	KEGG:C18610@Charged	KEGG:C18610@Charged	KEGG:C18610@Charged	KEGG:C18610@Charged	KEGG:C18610	KEGG:C18610	GC	KEGG:C18610@Charged	KEGG:C18610@Charged	eQuilibrator:MNXM158104
cpd19875	KEGG:C18611	KEGG:C18611	KEGG:C18611	KEGG:C18611	KEGG:C18611	KEGG:C18611	EQ	eQuilibrator:MNXM75230	KEGG:C18611@Charged	eQuilibrator:MNXM75230
cpd19876					KEGG:C18612	KEGG:C18612				
cpd19877	KEGG:C18613	KEGG:C18613	KEGG:C18613	KEGG:C18613		KEGG:C18613	GC	KEGG:C18613@Charged	KEGG:C18613@Charged	
cpd19878	KEGG:C18614	KEGG:C18614	KEGG:C18614	KEGG:C18614		KEGG:C18614	GC	KEGG:C18614@Charged	KEGG:C18614@Charged	
cpd19879	KEGG:C18615	KEGG:C18615	KEGG:C18615	KEGG:C18615	KEGG:C18615	KEGG:C18615	GC	KEGG:C18615@Charged	KEGG:C18615@Charged	
cpd19880	KEGG:C18616@Charged;Override:ACPs	KEGG:C18616@Charged;Override:ACPs		KEGG:C18616@Charged	KEGG:C18616	KEGG:C18616	GC	KEGG:C18616@Charged	KEGG:C18616@Charged	
cpd19881	KEGG:C18617@Charged;Override:ACPs	KEGG:C18617@Charged;Override:ACPs		KEGG:C18617@Charged	KEGG:C18617	KEGG:C18617	GC	KEGG:C18617@Charged	KEGG:C18617@Charged	
cpd19882	KEGG:C18618@Charged;Override:ACPs	KEGG:C18618@Charged;Override:ACPs		KEGG:C18618@Charged	KEGG:C18618	KEGG:C18618	GC	KEGG:C18618@Charged	KEGG:C18618@Charged	
cpd19883	MetaCyc:CPD-21790;KEGG:C18619;ChEBI:176805	MetaCyc:CPD-21790;KEGG:C18619;ChEBI:176805	MetaCyc:CPD-21790;KEGG:C18619;ChEBI:176805	MetaCyc:CPD-21790;KEGG:C18619@Charged;ChEBI:176805	KEGG:C18619	KEGG:C18619	EQ	eQuilibrator:MNXM37433	KEGG:C18619@Charged	eQuilibrator:MNXM37433
cpd19884	KEGG:C18620@Charged	KEGG:C18620@Charged	KEGG:C18620@Charged	KEGG:C18620@Charged	KEGG:C18620	KEGG:C18620	EQ	eQuilibrator:MNXM36546	KEGG:C18620@Charged	eQuilibrator:MNXM36546
cpd19885	MetaCyc:CPD-18533;KEGG:C18621@Charged	MetaCyc:CPD-18533;KEGG:C18621@Charged	MetaCyc:CPD-18533;KEGG:C18621@Charged	MetaCyc:CPD-18533;KEGG:C18621@Charged	KEGG:C18621	KEGG:C18621	EQ	eQuilibrator:MNXM36552	KEGG:C18621@Charged	eQuilibrator:MNXM36552
cpd19886	MetaCyc:CPD-17729;KEGG:C18622	MetaCyc:CPD-17729;KEGG:C18622	MetaCyc:CPD-17729;KEGG:C18622	MetaCyc:CPD-17729;KEGG:C18622@Charged	KEGG:C18622	KEGG:C18622	EQ	eQuilibrator:MNXM59438	KEGG:C18622@Charged	eQuilibrator:MNXM59438
cpd19887	KEGG:C18623;ChEBI:136765	KEGG:C18623;ChEBI:136765	KEGG:C18623;ChEBI:136765	KEGG:C18623@Charged;ChEBI:136765	KEGG:C18623	KEGG:C18623	EQ	eQuilibrator:MNXM527724	KEGG:C18623@Charged	eQuilibrator:MNXM527724
cpd19888	MetaCyc:CPD-18534;KEGG:C18624@Charged	MetaCyc:CPD-18534;KEGG:C18624@Charged	MetaCyc:CPD-18534;KEGG:C18624@Charged	MetaCyc:CPD-18534;KEGG:C18624@Charged	KEGG:C18624	KEGG:C18624	EQ	eQuilibrator:MNXM80505	KEGG:C18624@Charged	eQuilibrator:MNXM80505
cpd19889	MetaCyc:CPD-704;KEGG:C18625@Charged;ChEBI:142863	MetaCyc:CPD-704;KEGG:C18625@Charged;ChEBI:142863	MetaCyc:CPD-704;KEGG:C18625@Charged;ChEBI:142863	MetaCyc:CPD-704;KEGG:C18625@Charged;ChEBI:142863	KEGG:C18625		GC	KEGG:C18625@Charged	KEGG:C18625@Charged	
cpd19890	KEGG:C18626	KEGG:C18626	KEGG:C18626	KEGG:C18626	KEGG:C18626	KEGG:C18626	EQ	eQuilibrator:MNXM724945	KEGG:C18626@Charged	eQuilibrator:MNXM724945
cpd19891	KEGG:C18628	KEGG:C18628	KEGG:C18628	KEGG:C18628		KEGG:C18628	GC	KEGG:C18628@Charged	KEGG:C18628@Charged	
cpd19892	MetaCyc:CPD-17516@Charged;KEGG:C18629@Charged;ChEBI:84900@Charged	MetaCyc:CPD-17516@Charged;KEGG:C18629@Charged;ChEBI:84900@Charged	MetaCyc:CPD-17516@Charged;KEGG:C18629@Charged;ChEBI:84900@Charged	MetaCyc:CPD-17516@Charged;KEGG:C18629@Charged;ChEBI:84900@Charged	KEGG:C18629	KEGG:C18629	EQ		KEGG:C18629@Charged	
cpd19893	MetaCyc:CPD-15808;KEGG:C18630;ChEBI:84342@Charged	MetaCyc:CPD-15808;KEGG:C18630;ChEBI:84342@Charged	MetaCyc:CPD-15808;KEGG:C18630;ChEBI:84342@Charged	MetaCyc:CPD-15808;KEGG:C18630;ChEBI:84342@Charged	KEGG:C18630	KEGG:C18630	EQ	eQuilibrator:MNXM12475	KEGG:C18630@Charged	eQuilibrator:MNXM12475
cpd19894	KEGG:C18631	KEGG:C18631	KEGG:C18631	KEGG:C18631	KEGG:C18631	KEGG:C18631	EQ	eQuilibrator:MNXM12476	KEGG:C18631@Charged	eQuilibrator:MNXM12476
cpd19895	KEGG:C18632	KEGG:C18632	KEGG:C18632	KEGG:C18632	KEGG:C18632	KEGG:C18632	EQ	eQuilibrator:MNXM13926	KEGG:C18632@Charged	eQuilibrator:MNXM13926
cpd19896	KEGG:C18633@Charged	KEGG:C18633@Charged	KEGG:C18633@Charged	KEGG:C18633@Charged	KEGG:C18633	KEGG:C18633	GC	KEGG:C18633@Charged	KEGG:C18633@Charged	
cpd19897	MetaCyc:CPD-15541;KEGG:C18634@Charged;ChEBI:77979@Charged	MetaCyc:CPD-15541;KEGG:C18634@Charged;ChEBI:77979@Charged	MetaCyc:CPD-15541;KEGG:C18634@Charged;ChEBI:77979@Charged	MetaCyc:CPD-15541;KEGG:C18634@Charged;ChEBI:77979@Charged	KEGG:C18634	KEGG:C18634	GC	KEGG:C18634@Charged	KEGG:C18634@Charged	eQuilibrator:MNXM10561
cpd19898	MetaCyc:CPD-15765;KEGG:C18635@Charged;ChEBI:78303@Charged	MetaCyc:CPD-15765;KEGG:C18635@Charged;ChEBI:78303@Charged	MetaCyc:CPD-15765;KEGG:C18635@Charged;ChEBI:78303@Charged	MetaCyc:CPD-15765;KEGG:C18635@Charged;ChEBI:78303@Charged	KEGG:C18635	KEGG:C18635	GC	KEGG:C18635@Charged	KEGG:C18635@Charged	eQuilibrator:MNXM10560
cpd19899	MetaCyc:CPD-15770;KEGG:C18636@Charged;ChEBI:78302	MetaCyc:CPD-15770;KEGG:C18636@Charged;ChEBI:78302	MetaCyc:CPD-15770;KEGG:C18636@Charged;ChEBI:78302	MetaCyc:CPD-15770;KEGG:C18636@Charged;ChEBI:78302	KEGG:C18636	KEGG:C18636	EQ	eQuilibrator:MNXM17437	KEGG:C18636@Charged	eQuilibrator:MNXM17437
cpd19900	MetaCyc:CPD-15528;KEGG:C18637@Charged;ChEBI:77991@Charged	MetaCyc:CPD-15528;KEGG:C18637@Charged;ChEBI:77991@Charged	MetaCyc:CPD-15528;KEGG:C18637@Charged;ChEBI:77991@Charged	MetaCyc:CPD-15528;KEGG:C18637@Charged;ChEBI:77991@Charged	KEGG:C18637	KEGG:C18637	GC	KEGG:C18637@Charged	KEGG:C18637@Charged	eQuilibrator:MNXM10559
cpd19901	MetaCyc:CPD-12960;KEGG:C18638@Charged;ChEBI:77980@Charged	MetaCyc:CPD-12960;KEGG:C18638@Charged;ChEBI:77980@Charged	MetaCyc:CPD-12960;KEGG:C18638@Charged;ChEBI:77980@Charged	MetaCyc:CPD-12960;KEGG:C18638@Charged;ChEBI:77980@Charged	KEGG:C18638	KEGG:C18638	GC	KEGG:C18638@Charged	KEGG:C18638@Charged	eQuilibrator:MNXM10562
cpd19902	MetaCyc:CPD-15529;KEGG:C18639@Charged;ChEBI:77985@Charged	MetaCyc:CPD-15529;KEGG:C18639@Charged;ChEBI:77985@Charged	MetaCyc:CPD-15529;KEGG:C18639@Charged;ChEBI:77985@Charged	MetaCyc:CPD-15529;KEGG:C18639@Charged;ChEBI:77985@Charged	KEGG:C18639	KEGG:C18639	GC	KEGG:C18639@Charged	KEGG:C18639@Charged	eQuilibrator:MNXM15489
cpd19903	KEGG:C18640@Charged	KEGG:C18640@Charged	KEGG:C18640@Charged	KEGG:C18640@Charged	KEGG:C18640	KEGG:C18640	GC	KEGG:C18640@Charged	KEGG:C18640@Charged	eQuilibrator:MNXM11498
cpd19904	KEGG:C18641	KEGG:C18641	KEGG:C18641	KEGG:C18641@Charged	KEGG:C18641	KEGG:C18641	GC	KEGG:C18641@Charged	KEGG:C18641@Charged	eQuilibrator:MNXM9703
cpd19905	KEGG:C18642@Charged	KEGG:C18642@Charged	KEGG:C18642@Charged	KEGG:C18642@Charged	KEGG:C18642	KEGG:C18642	GC	KEGG:C18642@Charged	KEGG:C18642@Charged	eQuilibrator:MNXM16339
cpd19906	MetaCyc:CPD-15764;KEGG:C18643@Charged;ChEBI:78301	MetaCyc:CPD-15764;KEGG:C18643@Charged;ChEBI:78301	MetaCyc:CPD-15764;KEGG:C18643@Charged;ChEBI:78301	MetaCyc:CPD-15764;KEGG:C18643@Charged;ChEBI:78301	KEGG:C18643	KEGG:C18643	GC	KEGG:C18643@Charged	KEGG:C18643@Charged	eQuilibrator:MNXM17438
cpd19907	KEGG:C18644	KEGG:C18644	KEGG:C18644	KEGG:C18644		KEGG:C18644	GC	KEGG:C18644@Charged	KEGG:C18644@Charged	
cpd19908	KEGG:C18645	KEGG:C18645	KEGG:C18645	KEGG:C18645	KEGG:C18645	KEGG:C18645	GC	KEGG:C18645@Charged	KEGG:C18645@Charged	
cpd19909	KEGG:C18646	KEGG:C18646	KEGG:C18646	KEGG:C18646	KEGG:C18646	KEGG:C18646	GC	KEGG:C18646@Charged	KEGG:C18646@Charged	eQuilibrator:MNXM45017
cpd19910	KEGG:C18647@Charged	KEGG:C18647@Charged	KEGG:C18647@Charged	KEGG:C18647@Charged	KEGG:C18647		GC	KEGG:C18647@Charged	KEGG:C18647@Charged	
cpd19911	KEGG:C18648	KEGG:C18648	KEGG:C18648	KEGG:C18648	KEGG:C18648		GC	KEGG:C18648@Charged	KEGG:C18648@Charged	
cpd19912	KEGG:C18649	KEGG:C18649	KEGG:C18649	KEGG:C18649	KEGG:C18649		GC	KEGG:C18649@Charged	KEGG:C18649@Charged	eQuilibrator:MNXM17585
cpd19913	KEGG:C18650	KEGG:C18650	KEGG:C18650	KEGG:C18650		KEGG:C18650	GC	KEGG:C18650@Charged	KEGG:C18650@Charged	eQuilibrator:MNXM54031
cpd19914	KEGG:C18651	KEGG:C18651	KEGG:C18651	KEGG:C18651	KEGG:C18651		GC	KEGG:C18651@Charged	KEGG:C18651@Charged	eQuilibrator:MNXM724955
cpd19915	KEGG:C18652	KEGG:C18652	KEGG:C18652	KEGG:C18652	KEGG:C18652	KEGG:C18652	GC	KEGG:C18652@Charged	KEGG:C18652@Charged	
cpd19916	KEGG:C18653@Charged	KEGG:C18653@Charged	KEGG:C18653@Charged	KEGG:C18653@Charged	KEGG:C18653	KEGG:C18653	GC	KEGG:C18653@Charged	KEGG:C18653@Charged	
cpd19917	KEGG:C18654	KEGG:C18654	KEGG:C18654	KEGG:C18654		KEGG:C18654	GC	KEGG:C18654@Charged	KEGG:C18654@Charged	
cpd19918	KEGG:C18655	KEGG:C18655	KEGG:C18655	KEGG:C18655		KEGG:C18655	GC	KEGG:C18655@Charged	KEGG:C18655@Charged	
cpd19919	KEGG:C18656	KEGG:C18656	KEGG:C18656	KEGG:C18656		KEGG:C18656	GC	KEGG:C18656@Charged	KEGG:C18656@Charged	
cpd19920	KEGG:C18657	KEGG:C18657	KEGG:C18657	KEGG:C18657		KEGG:C18657	GC	KEGG:C18657@Charged	KEGG:C18657@Charged	
cpd19921	KEGG:C18658	KEGG:C18658	KEGG:C18658	KEGG:C18658			GC	KEGG:C18658@Charged	KEGG:C18658@Charged	
cpd19922	MetaCyc:CPD-22348;KEGG:C18659	MetaCyc:CPD-22348;KEGG:C18659	MetaCyc:CPD-22348;KEGG:C18659	MetaCyc:CPD-22348;KEGG:C18659	KEGG:C18659		GC	KEGG:C18659@Charged	KEGG:C18659@Charged	eQuilibrator:MNXM724658
cpd19923	KEGG:C18660	KEGG:C18660	KEGG:C18660	KEGG:C18660		KEGG:C18660	GC	KEGG:C18660@Charged	KEGG:C18660@Charged	
cpd19924	KEGG:C18661	KEGG:C18661	KEGG:C18661	KEGG:C18661	KEGG:C18661	KEGG:C18661	GC	KEGG:C18661@Charged	KEGG:C18661@Charged	
cpd19925	KEGG:C18662	KEGG:C18662	KEGG:C18662	KEGG:C18662	KEGG:C18662	KEGG:C18662	GC	KEGG:C18662@Charged	KEGG:C18662@Charged	
cpd19926	KEGG:C18663	KEGG:C18663	KEGG:C18663	KEGG:C18663	KEGG:C18663	KEGG:C18663	GC	KEGG:C18663@Charged	KEGG:C18663@Charged	
cpd19927	KEGG:C18664	KEGG:C18664	KEGG:C18664	KEGG:C18664		KEGG:C18664	GC	KEGG:C18664@Charged	KEGG:C18664@Charged	
cpd19928	KEGG:C18665	KEGG:C18665	KEGG:C18665	KEGG:C18665			GC	KEGG:C18665@Charged	KEGG:C18665@Charged	
cpd19929	KEGG:C18666	KEGG:C18666	KEGG:C18666	KEGG:C18666	KEGG:C18666	KEGG:C18666	GC	KEGG:C18666@Charged	KEGG:C18666@Charged	
cpd19930	KEGG:C18667	KEGG:C18667	KEGG:C18667	KEGG:C18667	KEGG:C18667		GC	KEGG:C18667@Charged	KEGG:C18667@Charged	
cpd19931	KEGG:C18668@Charged	KEGG:C18668@Charged	KEGG:C18668@Charged	KEGG:C18668@Charged	KEGG:C18668	KEGG:C18668	GC	KEGG:C18668@Charged	KEGG:C18668@Charged	eQuilibrator:MNXM53771
cpd19932	KEGG:C18669	KEGG:C18669	KEGG:C18669	KEGG:C18669	KEGG:C18669	KEGG:C18669	GC	KEGG:C18669@Charged	KEGG:C18669@Charged	
cpd19933	KEGG:C18670@Charged	KEGG:C18670@Charged	KEGG:C18670@Charged	KEGG:C18670@Charged	KEGG:C18670	KEGG:C18670	GC	KEGG:C18670@Charged	KEGG:C18670@Charged	
cpd19934	KEGG:C18671@Charged	KEGG:C18671@Charged	KEGG:C18671@Charged	KEGG:C18671@Charged	KEGG:C18671	KEGG:C18671	GC	KEGG:C18671@Charged	KEGG:C18671@Charged	
cpd19935	MetaCyc:CPD-21193;KEGG:C18672	MetaCyc:CPD-21193;KEGG:C18672	MetaCyc:CPD-21193;KEGG:C18672	MetaCyc:CPD-21193;KEGG:C18672			GC	KEGG:C18672@Charged	KEGG:C18672@Charged	
cpd19936	KEGG:C18673@Charged	KEGG:C18673@Charged	KEGG:C18673@Charged	KEGG:C18673@Charged	KEGG:C18673		GC	KEGG:C18673@Charged	KEGG:C18673@Charged	
cpd19937										
cpd19938	KEGG:C18675	KEGG:C18675	KEGG:C18675	KEGG:C18675	KEGG:C18675	KEGG:C18675	GC	KEGG:C18675@Charged	KEGG:C18675@Charged	eQuilibrator:MNXM35062
cpd19939	MetaCyc:CPD0-1953;KEGG:C18676	MetaCyc:CPD0-1953;KEGG:C18676	MetaCyc:CPD0-1953;KEGG:C18676	MetaCyc:CPD0-1953;KEGG:C18676	KEGG:C18676	KEGG:C18676	EQ	eQuilibrator:MNXM36379	KEGG:C18676@Charged	eQuilibrator:MNXM36379
cpd19940	KEGG:C18677	KEGG:C18677	KEGG:C18677	KEGG:C18677	KEGG:C18677		GC	KEGG:C18677@Charged	KEGG:C18677@Charged	
cpd19941	MetaCyc:CPD-12949	MetaCyc:CPD-12949	MetaCyc:CPD-12949	MetaCyc:CPD-12949	KEGG:C18678	KEGG:C18678	GC	MetaCyc:CPD-12949@Charged	MetaCyc:CPD-12949@Charged	
cpd19942	MetaCyc:CPD-12950	MetaCyc:CPD-12950	MetaCyc:CPD-12950	MetaCyc:CPD-12950	KEGG:C18679	KEGG:C18679	EQ	eQuilibrator:MNXM165082	MetaCyc:CPD-12950@Charged	eQuilibrator:MNXM165082
cpd19943	MetaCyc:CPD-12938;KEGG:C18680	MetaCyc:CPD-12938;KEGG:C18680	MetaCyc:CPD-12938;KEGG:C18680	MetaCyc:CPD-12938;KEGG:C18680	KEGG:C18680	KEGG:C18680	GC	KEGG:C18680@Charged	KEGG:C18680@Charged	eQuilibrator:MNXM7455
cpd19944	KEGG:C18681	KEGG:C18681	KEGG:C18681	KEGG:C18681	KEGG:C18681	KEGG:C18681	GC	KEGG:C18681@Charged	KEGG:C18681@Charged	
cpd19945	KEGG:C18682	KEGG:C18682	KEGG:C18682	KEGG:C18682	KEGG:C18682	KEGG:C18682	GC	KEGG:C18682@Charged	KEGG:C18682@Charged	eQuilibrator:MNXM9668
cpd19946	KEGG:C18683	KEGG:C18683	KEGG:C18683	KEGG:C18683	KEGG:C18683	KEGG:C18683	GC	KEGG:C18683@Charged	KEGG:C18683@Charged	eQuilibrator:MNXM12083
cpd19947	KEGG:C18684	KEGG:C18684	KEGG:C18684	KEGG:C18684	KEGG:C18684	KEGG:C18684	GC	KEGG:C18684@Charged	KEGG:C18684@Charged	eQuilibrator:MNXM106038
cpd19948	KEGG:C18685	KEGG:C18685	KEGG:C18685	KEGG:C18685	KEGG:C18685	KEGG:C18685	GC	KEGG:C18685@Charged	KEGG:C18685@Charged	eQuilibrator:MNXM12082
cpd19949	KEGG:C18686	KEGG:C18686	KEGG:C18686	KEGG:C18686	KEGG:C18686		GC	KEGG:C18686@Charged	KEGG:C18686@Charged	
cpd19950	MetaCyc:CPD-22347;KEGG:C18687	MetaCyc:CPD-22347;KEGG:C18687	MetaCyc:CPD-22347;KEGG:C18687	MetaCyc:CPD-22347;KEGG:C18687		KEGG:C18687	GC	KEGG:C18687@Charged	KEGG:C18687@Charged	
cpd19951	KEGG:C18688	KEGG:C18688	KEGG:C18688	KEGG:C18688		KEGG:C18688	GC	KEGG:C18688@Charged	KEGG:C18688@Charged	
cpd19952	KEGG:C18689	KEGG:C18689	KEGG:C18689	KEGG:C18689		KEGG:C18689	GC	KEGG:C18689@Charged	KEGG:C18689@Charged	
cpd19953	KEGG:C18690	KEGG:C18690	KEGG:C18690	KEGG:C18690			GC	KEGG:C18690@Charged	KEGG:C18690@Charged	
cpd19954	KEGG:C18691	KEGG:C18691	KEGG:C18691	KEGG:C18691		KEGG:C18691	GC	KEGG:C18691@Charged	KEGG:C18691@Charged	
cpd19955	KEGG:C18692	KEGG:C18692	KEGG:C18692	KEGG:C18692		KEGG:C18692	GC	KEGG:C18692@Charged	KEGG:C18692@Charged	
cpd19956	MetaCyc:CPD-12806;KEGG:C18693	MetaCyc:CPD-12806;KEGG:C18693	MetaCyc:CPD-12806;KEGG:C18693	MetaCyc:CPD-12806;KEGG:C18693			GC	KEGG:C18693@Charged	KEGG:C18693@Charged	
cpd19957	KEGG:C18694@Charged	KEGG:C18694@Charged	KEGG:C18694@Charged	KEGG:C18694@Charged	KEGG:C18694	KEGG:C18694	GC	KEGG:C18694@Charged	KEGG:C18694@Charged	eQuilibrator:MNXM44715
cpd19958	KEGG:C18695@Charged	KEGG:C18695@Charged	KEGG:C18695@Charged	KEGG:C18695@Charged	KEGG:C18695	KEGG:C18695	GC	KEGG:C18695@Charged	KEGG:C18695@Charged	eQuilibrator:MNXM50633
cpd19959	KEGG:C18696@Charged	KEGG:C18696@Charged	KEGG:C18696@Charged	KEGG:C18696@Charged	KEGG:C18696	KEGG:C18696	GC	KEGG:C18696@Charged	KEGG:C18696@Charged	eQuilibrator:MNXM53474
cpd19960	KEGG:C18697	KEGG:C18697	KEGG:C18697	KEGG:C18697			GC	KEGG:C18697@Charged	KEGG:C18697@Charged	eQuilibrator:MNXM44731
cpd19961	KEGG:C18698@Charged	KEGG:C18698@Charged	KEGG:C18698@Charged	KEGG:C18698@Charged	KEGG:C18698	KEGG:C18698	GC	KEGG:C18698@Charged	KEGG:C18698@Charged	
cpd19962	MetaCyc:CPD-11232;KEGG:C18699@Charged	MetaCyc:CPD-11232;KEGG:C18699@Charged	MetaCyc:CPD-11232;KEGG:C18699@Charged	MetaCyc:CPD-11232;KEGG:C18699@Charged	KEGG:C18699	KEGG:C18699	EQ	eQuilibrator:MNXM9362	KEGG:C18699@Charged	eQuilibrator:MNXM9362
cpd19963	MetaCyc:CPD-9343;KEGG:C18700	MetaCyc:CPD-9343;KEGG:C18700	MetaCyc:CPD-9343;KEGG:C18700	MetaCyc:CPD-9343;KEGG:C18700	KEGG:C18700	KEGG:C18700	GC	KEGG:C18700@Charged	KEGG:C18700@Charged	eQuilibrator:MNXM41752
cpd19964	KEGG:C18701	KEGG:C18701	KEGG:C18701	KEGG:C18701		KEGG:C18701	GC	KEGG:C18701@Charged	KEGG:C18701@Charged	
cpd19965	KEGG:C18702	KEGG:C18702	KEGG:C18702	KEGG:C18702		KEGG:C18702	GC	KEGG:C18702@Charged	KEGG:C18702@Charged	
cpd19966	KEGG:C18703	KEGG:C18703	KEGG:C18703	KEGG:C18703	KEGG:C18703		GC	KEGG:C18703@Charged	KEGG:C18703@Charged	
cpd19967	KEGG:C18704	KEGG:C18704	KEGG:C18704	KEGG:C18704		KEGG:C18704	GC	KEGG:C18704@Charged	KEGG:C18704@Charged	
cpd19968	KEGG:C18705@Charged	KEGG:C18705@Charged	KEGG:C18705@Charged	KEGG:C18705@Charged	KEGG:C18705	KEGG:C18705	GC	KEGG:C18705@Charged	KEGG:C18705@Charged	eQuilibrator:MNXM45023
cpd19969	MetaCyc:BUTYLAMINE	MetaCyc:BUTYLAMINE	MetaCyc:BUTYLAMINE	MetaCyc:BUTYLAMINE		KEGG:C18706	EQ	eQuilibrator:MNXM723657	MetaCyc:BUTYLAMINE@Charged	eQuilibrator:MNXM723657
cpd19970	KEGG:C18707	KEGG:C18707	KEGG:C18707	KEGG:C18707	KEGG:C18707	KEGG:C18707	GC	KEGG:C18707@Charged	KEGG:C18707@Charged	eQuilibrator:MNXM499368
cpd19971	KEGG:C18708	KEGG:C18708	KEGG:C18708	KEGG:C18708	KEGG:C18708		GC	KEGG:C18708@Charged	KEGG:C18708@Charged	
cpd19972	KEGG:C18709@Charged	KEGG:C18709@Charged	KEGG:C18709@Charged	KEGG:C18709@Charged	KEGG:C18709	KEGG:C18709	EQ		KEGG:C18709@Charged	
cpd19973	MetaCyc:CPD-14351@Charged;KEGG:C18710@Charged	MetaCyc:CPD-14351@Charged;KEGG:C18710@Charged	MetaCyc:CPD-14351@Charged;KEGG:C18710@Charged	MetaCyc:CPD-14351@Charged;KEGG:C18710@Charged	KEGG:C18710	KEGG:C18710	GC	KEGG:C18710@Charged	KEGG:C18710@Charged	
cpd19974	MetaCyc:CPD-14355;KEGG:C18711	MetaCyc:CPD-14355;KEGG:C18711	MetaCyc:CPD-14355;KEGG:C18711	MetaCyc:CPD-14355;KEGG:C18711	KEGG:C18711	KEGG:C18711	EQ	eQuilibrator:MNXM12270	KEGG:C18711@Charged	eQuilibrator:MNXM12270
cpd19975	KEGG:C18712@Charged	KEGG:C18712@Charged	KEGG:C18712@Charged	KEGG:C18712@Charged	KEGG:C18712	KEGG:C18712	GC	KEGG:C18712@Charged	KEGG:C18712@Charged	
cpd19976	MetaCyc:CUSO4;KEGG:C18713	MetaCyc:CUSO4;KEGG:C18713	MetaCyc:CUSO4;KEGG:C18713	MetaCyc:CUSO4;KEGG:C18713	KEGG:C18713		GC	KEGG:C18713@Charged	KEGG:C18713@Charged	
cpd19977	KEGG:C18714@Charged	KEGG:C18714@Charged	KEGG:C18714@Charged	KEGG:C18714@Charged	KEGG:C18714	KEGG:C18714	GC	KEGG:C18714@Charged	KEGG:C18714@Charged	
cpd19978	KEGG:C18715	KEGG:C18715	KEGG:C18715	KEGG:C18715	KEGG:C18715	KEGG:C18715	GC	KEGG:C18715@Charged	KEGG:C18715@Charged	
cpd19979	KEGG:C18716@Charged	KEGG:C18716@Charged	KEGG:C18716@Charged	KEGG:C18716@Charged	KEGG:C18716	KEGG:C18716	EQ	eQuilibrator:MNXM50545	KEGG:C18716@Charged	eQuilibrator:MNXM50545
cpd19980	KEGG:C18717	KEGG:C18717	KEGG:C18717	KEGG:C18717			GC	KEGG:C18717@Charged	KEGG:C18717@Charged	
cpd19981	KEGG:C18718	KEGG:C18718	KEGG:C18718	KEGG:C18718	KEGG:C18718	KEGG:C18718	EQ	eQuilibrator:MNXM724600	KEGG:C18718@Charged	eQuilibrator:MNXM724600
cpd19982	KEGG:C18719	KEGG:C18719	KEGG:C18719	KEGG:C18719			GC	KEGG:C18719@Charged	KEGG:C18719@Charged	eQuilibrator:MNXM724602
cpd19983	KEGG:C18720	KEGG:C18720	KEGG:C18720	KEGG:C18720	KEGG:C18720	KEGG:C18720	GC	KEGG:C18720@Charged	KEGG:C18720@Charged	
cpd19984	KEGG:C18721	KEGG:C18721	KEGG:C18721	KEGG:C18721		KEGG:C18721	GC	KEGG:C18721@Charged	KEGG:C18721@Charged	eQuilibrator:MNXM51049
cpd19985	KEGG:C18722	KEGG:C18722	KEGG:C18722	KEGG:C18722		KEGG:C18722	EQ	eQuilibrator:MNXM51141	KEGG:C18722@Charged	eQuilibrator:MNXM51141
cpd19986	KEGG:C18723	KEGG:C18723	KEGG:C18723	KEGG:C18723@Charged	KEGG:C18723	KEGG:C18723	EQ	eQuilibrator:MNXM51482	KEGG:C18723@Charged	eQuilibrator:MNXM51482
cpd19987	KEGG:C18724	KEGG:C18724	KEGG:C18724	KEGG:C18724	KEGG:C18724	KEGG:C18724	GC	KEGG:C18724@Charged	KEGG:C18724@Charged	eQuilibrator:MNXM52069
cpd19988	KEGG:C18725	KEGG:C18725	KEGG:C18725	KEGG:C18725			GC	KEGG:C18725@Charged	KEGG:C18725@Charged	
cpd19989	KEGG:C18726@Charged	KEGG:C18726@Charged	KEGG:C18726@Charged	KEGG:C18726@Charged		KEGG:C18726	EQ	eQuilibrator:MNXM53244	KEGG:C18726@Charged	eQuilibrator:MNXM53244
cpd19990	KEGG:C18727	KEGG:C18727	KEGG:C18727	KEGG:C18727		KEGG:C18727	EQ	eQuilibrator:MNXM724659	KEGG:C18727@Charged	eQuilibrator:MNXM724659
cpd19991	KEGG:C18728	KEGG:C18728	KEGG:C18728	KEGG:C18728		KEGG:C18728	GC	KEGG:C18728@Charged	KEGG:C18728@Charged	
cpd19992	KEGG:C18729	KEGG:C18729	KEGG:C18729	KEGG:C18729	KEGG:C18729	KEGG:C18729	GC	KEGG:C18729@Charged	KEGG:C18729@Charged	
cpd19993	KEGG:C18730	KEGG:C18730	KEGG:C18730	KEGG:C18730		KEGG:C18730	GC	KEGG:C18730@Charged	KEGG:C18730@Charged	eQuilibrator:MNXM53507
cpd19994	KEGG:C18731	KEGG:C18731	KEGG:C18731	KEGG:C18731	KEGG:C18731	KEGG:C18731	GC	KEGG:C18731@Charged	KEGG:C18731@Charged	
cpd19995	KEGG:C18732@Charged	KEGG:C18732@Charged	KEGG:C18732@Charged	KEGG:C18732@Charged	KEGG:C18732	KEGG:C18732	GC	KEGG:C18732@Charged	KEGG:C18732@Charged	eQuilibrator:MNXM53631
cpd19996	KEGG:C18733	KEGG:C18733	KEGG:C18733	KEGG:C18733		KEGG:C18733	GC	KEGG:C18733@Charged	KEGG:C18733@Charged	
cpd19997	KEGG:C18734	KEGG:C18734	KEGG:C18734	KEGG:C18734	KEGG:C18734	KEGG:C18734	GC	KEGG:C18734@Charged	KEGG:C18734@Charged	
cpd19998	KEGG:C18735	KEGG:C18735	KEGG:C18735	KEGG:C18735		KEGG:C18735	GC	KEGG:C18735@Charged	KEGG:C18735@Charged	eQuilibrator:MNXM53719
cpd19999	KEGG:C18736@Charged	KEGG:C18736@Charged	KEGG:C18736@Charged	KEGG:C18736@Charged	KEGG:C18736	KEGG:C18736	GC	KEGG:C18736@Charged	KEGG:C18736@Charged	eQuilibrator:MNXM53745
