id	formula_src	charge_src	inchikey_src	smiles_src	pka_src	pkb_src	deltag_method	deltag_used_src	deltag_gc_src	deltag_eq_src
cpd48000	MetaCyc:CPD-24584	MetaCyc:CPD-24584	MetaCyc:CPD-24584	MetaCyc:CPD-24584	MetaCyc:CPD-24584	MetaCyc:CPD-24584				
cpd48001	MetaCyc:CPD-24585	MetaCyc:CPD-24585	MetaCyc:CPD-24585	MetaCyc:CPD-24585	MetaCyc:CPD-24585	MetaCyc:CPD-24585				
cpd48002	MetaCyc:CPD-24579	MetaCyc:CPD-24579	MetaCyc:CPD-24579	MetaCyc:CPD-24579	MetaCyc:CPD-24579	MetaCyc:CPD-24579				
cpd48003	MetaCyc:CPD-24571	MetaCyc:CPD-24571	MetaCyc:CPD-24571	MetaCyc:CPD-24571	MetaCyc:CPD-24571	MetaCyc:CPD-24571				
cpd48004	MetaCyc:CPD-24580	MetaCyc:CPD-24580	MetaCyc:CPD-24580	MetaCyc:CPD-24580	MetaCyc:CPD-24580	MetaCyc:CPD-24580				
cpd48005	MetaCyc:CPD-24987	MetaCyc:CPD-24987	MetaCyc:CPD-24987	MetaCyc:CPD-24987	MetaCyc:CPD-24987	MetaCyc:CPD-24987				
cpd48006	MetaCyc:CPD-24589	MetaCyc:CPD-24589	MetaCyc:CPD-24589	MetaCyc:CPD-24589	MetaCyc:CPD-24589	MetaCyc:CPD-24589				
cpd48007	MetaCyc:CPD-24582	MetaCyc:CPD-24582	MetaCyc:CPD-24582	MetaCyc:CPD-24582	MetaCyc:CPD-24582	MetaCyc:CPD-24582				
cpd48008	MetaCyc:CPD-24577	MetaCyc:CPD-24577	MetaCyc:CPD-24577	MetaCyc:CPD-24577	MetaCyc:CPD-24577	MetaCyc:CPD-24577				
cpd48009	MetaCyc:CPD-24576	MetaCyc:CPD-24576	MetaCyc:CPD-24576	MetaCyc:CPD-24576	MetaCyc:CPD-24576	MetaCyc:CPD-24576				
cpd48010	MetaCyc:CPD-24573	MetaCyc:CPD-24573	MetaCyc:CPD-24573	MetaCyc:CPD-24573	MetaCyc:CPD-24573	MetaCyc:CPD-24573				
cpd48011	MetaCyc:CPD-24735	MetaCyc:CPD-24735	MetaCyc:CPD-24735	MetaCyc:CPD-24735	MetaCyc:CPD-24735	MetaCyc:CPD-24735				
cpd48012	MetaCyc:CPD-24661	MetaCyc:CPD-24661	MetaCyc:CPD-24661	MetaCyc:CPD-24661	MetaCyc:CPD-24661	MetaCyc:CPD-24661				
cpd48013	MetaCyc:CPD-24723	MetaCyc:CPD-24723	MetaCyc:CPD-24723	MetaCyc:CPD-24723	MetaCyc:CPD-24723	MetaCyc:CPD-24723				
cpd48014	MetaCyc:CPD-24648	MetaCyc:CPD-24648	MetaCyc:CPD-24648	MetaCyc:CPD-24648	MetaCyc:CPD-24648	MetaCyc:CPD-24648				
cpd48015	MetaCyc:CPD-24686@Charged	MetaCyc:CPD-24686@Charged	MetaCyc:CPD-24686@Charged	MetaCyc:CPD-24686@Charged	MetaCyc:CPD-24686	MetaCyc:CPD-24686				
cpd48016	MetaCyc:CPD-24261@Charged	MetaCyc:CPD-24261@Charged	MetaCyc:CPD-24261@Charged	MetaCyc:CPD-24261@Charged	MetaCyc:CPD-24261	MetaCyc:CPD-24261				
cpd48017	MetaCyc:CPD-24672	MetaCyc:CPD-24672	MetaCyc:CPD-24672	MetaCyc:CPD-24672	MetaCyc:CPD-24672	MetaCyc:CPD-24672				
cpd48018	MetaCyc:CPD-24637	MetaCyc:CPD-24637	MetaCyc:CPD-24637	MetaCyc:CPD-24637	MetaCyc:CPD-24637	MetaCyc:CPD-24637				
cpd48019	MetaCyc:CPD-24673	MetaCyc:CPD-24673	MetaCyc:CPD-24673	MetaCyc:CPD-24673	MetaCyc:CPD-24673	MetaCyc:CPD-24673				
cpd48020	MetaCyc:CPD-24670	MetaCyc:CPD-24670	MetaCyc:CPD-24670	MetaCyc:CPD-24670	MetaCyc:CPD-24670	MetaCyc:CPD-24670				
cpd48021	MetaCyc:CPD-24650	MetaCyc:CPD-24650	MetaCyc:CPD-24650	MetaCyc:CPD-24650	MetaCyc:CPD-24650	MetaCyc:CPD-24650				
cpd48022	MetaCyc:CPD-24738	MetaCyc:CPD-24738	MetaCyc:CPD-24738	MetaCyc:CPD-24738	MetaCyc:CPD-24738	MetaCyc:CPD-24738				
cpd48023	MetaCyc:CPD-25756@Charged	MetaCyc:CPD-25756@Charged	MetaCyc:CPD-25756@Charged	MetaCyc:CPD-25756@Charged	MetaCyc:CPD-25756	MetaCyc:CPD-25756				
cpd48024	MetaCyc:CPD-22350	MetaCyc:CPD-22350	MetaCyc:CPD-22350	MetaCyc:CPD-22350	MetaCyc:CPD-22350					
cpd48025	MetaCyc:CPD-24533	MetaCyc:CPD-24533	MetaCyc:CPD-24533	MetaCyc:CPD-24533	MetaCyc:CPD-24533	MetaCyc:CPD-24533				
cpd48026	MetaCyc:CPD-26000	MetaCyc:CPD-26000	MetaCyc:CPD-26000	MetaCyc:CPD-26000	MetaCyc:CPD-26000	MetaCyc:CPD-26000				
cpd48027	MetaCyc:CPD-24600	MetaCyc:CPD-24600	MetaCyc:CPD-24600	MetaCyc:CPD-24600	MetaCyc:CPD-24600	MetaCyc:CPD-24600				
cpd48028	MetaCyc:CPD-24733	MetaCyc:CPD-24733	MetaCyc:CPD-24733	MetaCyc:CPD-24733	MetaCyc:CPD-24733	MetaCyc:CPD-24733				
cpd48029	MetaCyc:CPD-24611	MetaCyc:CPD-24611	MetaCyc:CPD-24611	MetaCyc:CPD-24611	MetaCyc:CPD-24611	MetaCyc:CPD-24611				
cpd48030	MetaCyc:CPD-22842	MetaCyc:CPD-22842	MetaCyc:CPD-22842	MetaCyc:CPD-22842	MetaCyc:CPD-22842	MetaCyc:CPD-22842				
cpd48031	MetaCyc:CPD-22843@Charged	MetaCyc:CPD-22843@Charged	MetaCyc:CPD-22843@Charged	MetaCyc:CPD-22843@Charged	MetaCyc:CPD-22843	MetaCyc:CPD-22843				
cpd48032	MetaCyc:CPD-24728	MetaCyc:CPD-24728	MetaCyc:CPD-24728	MetaCyc:CPD-24728	MetaCyc:CPD-24728	MetaCyc:CPD-24728				
cpd48033	MetaCyc:CPD-25892	MetaCyc:CPD-25892	MetaCyc:CPD-25892	MetaCyc:CPD-25892	MetaCyc:CPD-25892	MetaCyc:CPD-25892				
cpd48034	MetaCyc:CPD-25885	MetaCyc:CPD-25885	MetaCyc:CPD-25885	MetaCyc:CPD-25885	MetaCyc:CPD-25885	MetaCyc:CPD-25885				
cpd48035	MetaCyc:CPD-25886	MetaCyc:CPD-25886	MetaCyc:CPD-25886	MetaCyc:CPD-25886	MetaCyc:CPD-25886	MetaCyc:CPD-25886				
cpd48036	MetaCyc:CPD-25995@Charged	MetaCyc:CPD-25995@Charged	MetaCyc:CPD-25995@Charged	MetaCyc:CPD-25995@Charged	MetaCyc:CPD-25995	MetaCyc:CPD-25995				
cpd48037	MetaCyc:CPD-25887	MetaCyc:CPD-25887	MetaCyc:CPD-25887	MetaCyc:CPD-25887	MetaCyc:CPD-25887	MetaCyc:CPD-25887				
cpd48038	MetaCyc:CPD-24736	MetaCyc:CPD-24736	MetaCyc:CPD-24736	MetaCyc:CPD-24736	MetaCyc:CPD-24736	MetaCyc:CPD-24736				
cpd48039	MetaCyc:CPD-24730	MetaCyc:CPD-24730	MetaCyc:CPD-24730	MetaCyc:CPD-24730	MetaCyc:CPD-24730	MetaCyc:CPD-24730				
cpd48040	MetaCyc:CPD-24704	MetaCyc:CPD-24704	MetaCyc:CPD-24704	MetaCyc:CPD-24704	MetaCyc:CPD-24704	MetaCyc:CPD-24704				
cpd48041	MetaCyc:CPD-24649	MetaCyc:CPD-24649	MetaCyc:CPD-24649	MetaCyc:CPD-24649	MetaCyc:CPD-24649	MetaCyc:CPD-24649				
cpd48042	MetaCyc:CPD-24737@Charged	MetaCyc:CPD-24737@Charged	MetaCyc:CPD-24737@Charged	MetaCyc:CPD-24737@Charged	MetaCyc:CPD-24737	MetaCyc:CPD-24737				
cpd48043	MetaCyc:CPD-21988@Charged	MetaCyc:CPD-21988@Charged	MetaCyc:CPD-21988@Charged	MetaCyc:CPD-21988@Charged	MetaCyc:CPD-21988	MetaCyc:CPD-21988				
cpd48044	MetaCyc:CPD-24731@Charged	MetaCyc:CPD-24731@Charged	MetaCyc:CPD-24731@Charged	MetaCyc:CPD-24731@Charged	MetaCyc:CPD-24731	MetaCyc:CPD-24731				
cpd48045	MetaCyc:CPD-24740	MetaCyc:CPD-24740	MetaCyc:CPD-24740	MetaCyc:CPD-24740	MetaCyc:CPD-24740	MetaCyc:CPD-24740				
cpd48046	MetaCyc:CPD-21847	MetaCyc:CPD-21847	MetaCyc:CPD-21847	MetaCyc:CPD-21847	MetaCyc:CPD-21847	MetaCyc:CPD-21847				
cpd48047	MetaCyc:CPD-22850	MetaCyc:CPD-22850	MetaCyc:CPD-22850	MetaCyc:CPD-22850	MetaCyc:CPD-22850	MetaCyc:CPD-22850				
cpd48048	MetaCyc:HEPES	MetaCyc:HEPES	MetaCyc:HEPES	MetaCyc:HEPES@Charged	MetaCyc:HEPES	MetaCyc:HEPES				
cpd48049	MetaCyc:CPD-23325@Charged	MetaCyc:CPD-23325@Charged	MetaCyc:CPD-23325@Charged	MetaCyc:CPD-23325@Charged	MetaCyc:CPD-23325	MetaCyc:CPD-23325				
cpd48050	MetaCyc:CPD-23342	MetaCyc:CPD-23342	MetaCyc:CPD-23342	MetaCyc:CPD-23342	MetaCyc:CPD-23342	MetaCyc:CPD-23342				
cpd48051	MetaCyc:CPD-23346	MetaCyc:CPD-23346	MetaCyc:CPD-23346	MetaCyc:CPD-23346	MetaCyc:CPD-23346	MetaCyc:CPD-23346				
cpd48052	MetaCyc:CPD-23343	MetaCyc:CPD-23343	MetaCyc:CPD-23343	MetaCyc:CPD-23343	MetaCyc:CPD-23343	MetaCyc:CPD-23343				
cpd48053	MetaCyc:CPD-23626	MetaCyc:CPD-23626	MetaCyc:CPD-23626	MetaCyc:CPD-23626	MetaCyc:CPD-23626	MetaCyc:CPD-23626				
cpd48054	MetaCyc:CPD-23344	MetaCyc:CPD-23344	MetaCyc:CPD-23344	MetaCyc:CPD-23344	MetaCyc:CPD-23344	MetaCyc:CPD-23344				
cpd48055	MetaCyc:CPD-23341	MetaCyc:CPD-23341	MetaCyc:CPD-23341	MetaCyc:CPD-23341	MetaCyc:CPD-23341	MetaCyc:CPD-23341				
cpd48056										
cpd48057	MetaCyc:CPD-23345	MetaCyc:CPD-23345	MetaCyc:CPD-23345	MetaCyc:CPD-23345	MetaCyc:CPD-23345	MetaCyc:CPD-23345				
cpd48058	MetaCyc:CPD-21691@Charged	MetaCyc:CPD-21691@Charged	MetaCyc:CPD-21691@Charged	MetaCyc:CPD-21691@Charged	MetaCyc:CPD-21691	MetaCyc:CPD-21691				
cpd48059	MetaCyc:CPD-22675	MetaCyc:CPD-22675	MetaCyc:CPD-22675	MetaCyc:CPD-22675	MetaCyc:CPD-22675					
cpd48060	MetaCyc:CPD-25989	MetaCyc:CPD-25989	MetaCyc:CPD-25989	MetaCyc:CPD-25989	MetaCyc:CPD-25989	MetaCyc:CPD-25989				
cpd48061	MetaCyc:CPD0-2659	MetaCyc:CPD0-2659	MetaCyc:CPD0-2659	MetaCyc:CPD0-2659		MetaCyc:CPD0-2659				
cpd48062	MetaCyc:CPD-21555	MetaCyc:CPD-21555	MetaCyc:CPD-21555	MetaCyc:CPD-21555	MetaCyc:CPD-21555	MetaCyc:CPD-21555				
cpd48063	MetaCyc:CPD-25900	MetaCyc:CPD-25900	MetaCyc:CPD-25900	MetaCyc:CPD-25900	MetaCyc:CPD-25900	MetaCyc:CPD-25900				
cpd48064	MetaCyc:CPD-21697	MetaCyc:CPD-21697	MetaCyc:CPD-21697	MetaCyc:CPD-21697	MetaCyc:CPD-21697	MetaCyc:CPD-21697				
cpd48065	MetaCyc:CPD-25618	MetaCyc:CPD-25618	MetaCyc:CPD-25618	MetaCyc:CPD-25618	MetaCyc:CPD-25618	MetaCyc:CPD-25618				
cpd48066	MetaCyc:CPD-22753	MetaCyc:CPD-22753	MetaCyc:CPD-22753	MetaCyc:CPD-22753	MetaCyc:CPD-22753					
cpd48067	MetaCyc:CPD-22750	MetaCyc:CPD-22750	MetaCyc:CPD-22750	MetaCyc:CPD-22750	MetaCyc:CPD-22750					
cpd48068	MetaCyc:CPD-25375@Charged	MetaCyc:CPD-25375@Charged	MetaCyc:CPD-25375@Charged	MetaCyc:CPD-25375@Charged	MetaCyc:CPD-25375	MetaCyc:CPD-25375				
cpd48069	MetaCyc:CPD-23515	MetaCyc:CPD-23515	MetaCyc:CPD-23515	MetaCyc:CPD-23515	MetaCyc:CPD-23515					
cpd48070	MetaCyc:CPD-22751	MetaCyc:CPD-22751	MetaCyc:CPD-22751	MetaCyc:CPD-22751	MetaCyc:CPD-22751					
cpd48071	MetaCyc:CPD-22752	MetaCyc:CPD-22752	MetaCyc:CPD-22752	MetaCyc:CPD-22752	MetaCyc:CPD-22752					
cpd48072	MetaCyc:CPD-22749	MetaCyc:CPD-22749	MetaCyc:CPD-22749	MetaCyc:CPD-22749	MetaCyc:CPD-22749					
cpd48073	MetaCyc:CPD-25571	MetaCyc:CPD-25571	MetaCyc:CPD-25571	MetaCyc:CPD-25571	MetaCyc:CPD-25571	MetaCyc:CPD-25571				
cpd48074	MetaCyc:CPD-23509	MetaCyc:CPD-23509	MetaCyc:CPD-23509	MetaCyc:CPD-23509	MetaCyc:CPD-23509					
cpd48075	MetaCyc:CPD-24995	MetaCyc:CPD-24995	MetaCyc:CPD-24995	MetaCyc:CPD-24995	MetaCyc:CPD-24995	MetaCyc:CPD-24995				
cpd48076	MetaCyc:CPD-25386@Charged	MetaCyc:CPD-25386@Charged	MetaCyc:CPD-25386@Charged	MetaCyc:CPD-25386@Charged	MetaCyc:CPD-25386	MetaCyc:CPD-25386				
cpd48077	MetaCyc:CPD-23623	MetaCyc:CPD-23623	MetaCyc:CPD-23623	MetaCyc:CPD-23623	MetaCyc:CPD-23623					
cpd48078	MetaCyc:CPD-22019	MetaCyc:CPD-22019	MetaCyc:CPD-22019	MetaCyc:CPD-22019	MetaCyc:CPD-22019					
cpd48079	MetaCyc:CPD-23624	MetaCyc:CPD-23624	MetaCyc:CPD-23624	MetaCyc:CPD-23624	MetaCyc:CPD-23624					
cpd48080	MetaCyc:CPD-24925	MetaCyc:CPD-24925	MetaCyc:CPD-24925	MetaCyc:CPD-24925	MetaCyc:CPD-24925	MetaCyc:CPD-24925				
cpd48081	MetaCyc:CPD-24592	MetaCyc:CPD-24592	MetaCyc:CPD-24592	MetaCyc:CPD-24592	MetaCyc:CPD-24592	MetaCyc:CPD-24592				
cpd48082	MetaCyc:CPD-24594	MetaCyc:CPD-24594	MetaCyc:CPD-24594	MetaCyc:CPD-24594	MetaCyc:CPD-24594	MetaCyc:CPD-24594				
cpd48083	MetaCyc:CPD-24593	MetaCyc:CPD-24593	MetaCyc:CPD-24593	MetaCyc:CPD-24593	MetaCyc:CPD-24593	MetaCyc:CPD-24593				
cpd48084	MetaCyc:CPD-24606@Charged	MetaCyc:CPD-24606@Charged	MetaCyc:CPD-24606@Charged	MetaCyc:CPD-24606@Charged	MetaCyc:CPD-24606	MetaCyc:CPD-24606				
cpd48085	MetaCyc:CPD-24605@Charged	MetaCyc:CPD-24605@Charged	MetaCyc:CPD-24605@Charged	MetaCyc:CPD-24605@Charged	MetaCyc:CPD-24605	MetaCyc:CPD-24605				
cpd48086	MetaCyc:CPD-24598	MetaCyc:CPD-24598	MetaCyc:CPD-24598	MetaCyc:CPD-24598	MetaCyc:CPD-24598	MetaCyc:CPD-24598				
cpd48087	MetaCyc:CPD-24595	MetaCyc:CPD-24595	MetaCyc:CPD-24595	MetaCyc:CPD-24595	MetaCyc:CPD-24595	MetaCyc:CPD-24595				
cpd48088	MetaCyc:CPD-24596	MetaCyc:CPD-24596	MetaCyc:CPD-24596	MetaCyc:CPD-24596	MetaCyc:CPD-24596	MetaCyc:CPD-24596				
cpd48089	MetaCyc:CPD-24612	MetaCyc:CPD-24612	MetaCyc:CPD-24612	MetaCyc:CPD-24612	MetaCyc:CPD-24612	MetaCyc:CPD-24612				
cpd48090	MetaCyc:CPD-24921	MetaCyc:CPD-24921	MetaCyc:CPD-24921	MetaCyc:CPD-24921	MetaCyc:CPD-24921	MetaCyc:CPD-24921				
cpd48091	MetaCyc:CPD-22025	MetaCyc:CPD-22025	MetaCyc:CPD-22025	MetaCyc:CPD-22025	MetaCyc:CPD-22025	MetaCyc:CPD-22025				
cpd48092	MetaCyc:CPD-24377	MetaCyc:CPD-24377	MetaCyc:CPD-24377	MetaCyc:CPD-24377	MetaCyc:CPD-24377	MetaCyc:CPD-24377				
cpd48093	MetaCyc:CPD-24923	MetaCyc:CPD-24923	MetaCyc:CPD-24923	MetaCyc:CPD-24923	MetaCyc:CPD-24923	MetaCyc:CPD-24923				
cpd48094	MetaCyc:CPD-24718	MetaCyc:CPD-24718	MetaCyc:CPD-24718	MetaCyc:CPD-24718	MetaCyc:CPD-24718	MetaCyc:CPD-24718				
cpd48095	MetaCyc:CPD-26017	MetaCyc:CPD-26017	MetaCyc:CPD-26017	MetaCyc:CPD-26017	MetaCyc:CPD-26017	MetaCyc:CPD-26017				
cpd48096	MetaCyc:CPD-26014	MetaCyc:CPD-26014	MetaCyc:CPD-26014	MetaCyc:CPD-26014	MetaCyc:CPD-26014	MetaCyc:CPD-26014				
cpd48097	MetaCyc:CPD-26011	MetaCyc:CPD-26011	MetaCyc:CPD-26011	MetaCyc:CPD-26011	MetaCyc:CPD-26011	MetaCyc:CPD-26011				
cpd48098	MetaCyc:CPD-26007	MetaCyc:CPD-26007	MetaCyc:CPD-26007	MetaCyc:CPD-26007	MetaCyc:CPD-26007	MetaCyc:CPD-26007				
cpd48099	MetaCyc:CPD-24599	MetaCyc:CPD-24599	MetaCyc:CPD-24599	MetaCyc:CPD-24599	MetaCyc:CPD-24599	MetaCyc:CPD-24599				
cpd48100	MetaCyc:CPD-26018	MetaCyc:CPD-26018	MetaCyc:CPD-26018	MetaCyc:CPD-26018	MetaCyc:CPD-26018	MetaCyc:CPD-26018				
cpd48101	MetaCyc:CPD-24535	MetaCyc:CPD-24535	MetaCyc:CPD-24535	MetaCyc:CPD-24535	MetaCyc:CPD-24535	MetaCyc:CPD-24535				
cpd48102	MetaCyc:CPD-26015	MetaCyc:CPD-26015	MetaCyc:CPD-26015	MetaCyc:CPD-26015	MetaCyc:CPD-26015	MetaCyc:CPD-26015				
cpd48103	MetaCyc:CPD-26012	MetaCyc:CPD-26012	MetaCyc:CPD-26012	MetaCyc:CPD-26012	MetaCyc:CPD-26012	MetaCyc:CPD-26012				
cpd48104	MetaCyc:CPD-26008	MetaCyc:CPD-26008	MetaCyc:CPD-26008	MetaCyc:CPD-26008	MetaCyc:CPD-26008	MetaCyc:CPD-26008				
cpd48105	MetaCyc:CPD-26003	MetaCyc:CPD-26003	MetaCyc:CPD-26003	MetaCyc:CPD-26003	MetaCyc:CPD-26003	MetaCyc:CPD-26003				
cpd48106	MetaCyc:CPD-24537	MetaCyc:CPD-24537	MetaCyc:CPD-24537	MetaCyc:CPD-24537	MetaCyc:CPD-24537	MetaCyc:CPD-24537				
cpd48107	MetaCyc:CPD-26016	MetaCyc:CPD-26016	MetaCyc:CPD-26016	MetaCyc:CPD-26016	MetaCyc:CPD-26016	MetaCyc:CPD-26016				
cpd48108	MetaCyc:CPD-26013	MetaCyc:CPD-26013	MetaCyc:CPD-26013	MetaCyc:CPD-26013	MetaCyc:CPD-26013	MetaCyc:CPD-26013				
cpd48109	MetaCyc:CPD-22283	MetaCyc:CPD-22283	MetaCyc:CPD-22283	MetaCyc:CPD-22283		MetaCyc:CPD-22283				
cpd48110	MetaCyc:CPD-24591	MetaCyc:CPD-24591	MetaCyc:CPD-24591	MetaCyc:CPD-24591	MetaCyc:CPD-24591	MetaCyc:CPD-24591				
cpd48111	MetaCyc:CPD-23270	MetaCyc:CPD-23270	MetaCyc:CPD-23270	MetaCyc:CPD-23270	MetaCyc:CPD-23270	MetaCyc:CPD-23270				
cpd48112	MetaCyc:CPD-24684	MetaCyc:CPD-24684	MetaCyc:CPD-24684	MetaCyc:CPD-24684	MetaCyc:CPD-24684	MetaCyc:CPD-24684				
cpd48113	MetaCyc:CPD-23652	MetaCyc:CPD-23652	MetaCyc:CPD-23652	MetaCyc:CPD-23652		MetaCyc:CPD-23652				
cpd48114	MetaCyc:CPD-25501	MetaCyc:CPD-25501	MetaCyc:CPD-25501	MetaCyc:CPD-25501	MetaCyc:CPD-25501	MetaCyc:CPD-25501				
cpd48115	MetaCyc:CPD-23569	MetaCyc:CPD-23569	MetaCyc:CPD-23569	MetaCyc:CPD-23569	MetaCyc:CPD-23569	MetaCyc:CPD-23569				
cpd48116	MetaCyc:CPD-26001	MetaCyc:CPD-26001	MetaCyc:CPD-26001	MetaCyc:CPD-26001	MetaCyc:CPD-26001	MetaCyc:CPD-26001				
cpd48117	MetaCyc:CPD-24683	MetaCyc:CPD-24683	MetaCyc:CPD-24683	MetaCyc:CPD-24683	MetaCyc:CPD-24683	MetaCyc:CPD-24683				
cpd48118	MetaCyc:CPD-24300	MetaCyc:CPD-24300	MetaCyc:CPD-24300	MetaCyc:CPD-24300	MetaCyc:CPD-24300	MetaCyc:CPD-24300				
cpd48119	MetaCyc:CPD-23471	MetaCyc:CPD-23471	MetaCyc:CPD-23471	MetaCyc:CPD-23471	MetaCyc:CPD-23471	MetaCyc:CPD-23471				
cpd48120	MetaCyc:CPD-24451@Charged	MetaCyc:CPD-24451@Charged	MetaCyc:CPD-24451@Charged	MetaCyc:CPD-24451@Charged	MetaCyc:CPD-24451	MetaCyc:CPD-24451				
cpd48121	MetaCyc:CPD-24712@Charged	MetaCyc:CPD-24712@Charged	MetaCyc:CPD-24712@Charged	MetaCyc:CPD-24712@Charged	MetaCyc:CPD-24712	MetaCyc:CPD-24712				
cpd48122	MetaCyc:CPD-24658	MetaCyc:CPD-24658	MetaCyc:CPD-24658	MetaCyc:CPD-24658	MetaCyc:CPD-24658	MetaCyc:CPD-24658				
cpd48123	MetaCyc:CPD-24669	MetaCyc:CPD-24669	MetaCyc:CPD-24669	MetaCyc:CPD-24669	MetaCyc:CPD-24669	MetaCyc:CPD-24669				
cpd48124	MetaCyc:CPD-24656	MetaCyc:CPD-24656	MetaCyc:CPD-24656	MetaCyc:CPD-24656	MetaCyc:CPD-24656	MetaCyc:CPD-24656				
cpd48125	MetaCyc:CPD-24657	MetaCyc:CPD-24657	MetaCyc:CPD-24657	MetaCyc:CPD-24657	MetaCyc:CPD-24657	MetaCyc:CPD-24657				
cpd48126	MetaCyc:CPD-24711	MetaCyc:CPD-24711	MetaCyc:CPD-24711	MetaCyc:CPD-24711	MetaCyc:CPD-24711	MetaCyc:CPD-24711				
cpd48127	MetaCyc:CPD-22253	MetaCyc:CPD-22253	MetaCyc:CPD-22253	MetaCyc:CPD-22253	MetaCyc:CPD-22253	MetaCyc:CPD-22253				
cpd48128	MetaCyc:CPD-22254	MetaCyc:CPD-22254	MetaCyc:CPD-22254	MetaCyc:CPD-22254	MetaCyc:CPD-22254	MetaCyc:CPD-22254				
cpd48129	MetaCyc:CPD-22256	MetaCyc:CPD-22256	MetaCyc:CPD-22256	MetaCyc:CPD-22256	MetaCyc:CPD-22256	MetaCyc:CPD-22256				
cpd48130	MetaCyc:CPD-22677	MetaCyc:CPD-22677	MetaCyc:CPD-22677	MetaCyc:CPD-22677	MetaCyc:CPD-22677	MetaCyc:CPD-22677				
cpd48131	MetaCyc:CPD-25708	MetaCyc:CPD-25708	MetaCyc:CPD-25708	MetaCyc:CPD-25708	MetaCyc:CPD-25708	MetaCyc:CPD-25708				
cpd48132	MetaCyc:CPD-23267	MetaCyc:CPD-23267	MetaCyc:CPD-23267	MetaCyc:CPD-23267		MetaCyc:CPD-23267				
cpd48133	MetaCyc:CPD-25707	MetaCyc:CPD-25707	MetaCyc:CPD-25707	MetaCyc:CPD-25707	MetaCyc:CPD-25707	MetaCyc:CPD-25707				
cpd48134	MetaCyc:CPD-22849	MetaCyc:CPD-22849	MetaCyc:CPD-22849	MetaCyc:CPD-22849	MetaCyc:CPD-22849	MetaCyc:CPD-22849				
cpd48135	MetaCyc:CPD-23632	MetaCyc:CPD-23632	MetaCyc:CPD-23632	MetaCyc:CPD-23632	MetaCyc:CPD-23632	MetaCyc:CPD-23632				
cpd48136	MetaCyc:CPD-22858	MetaCyc:CPD-22858	MetaCyc:CPD-22858	MetaCyc:CPD-22858	MetaCyc:CPD-22858	MetaCyc:CPD-22858				
cpd48137	MetaCyc:CPD-22784	MetaCyc:CPD-22784	MetaCyc:CPD-22784	MetaCyc:CPD-22784	MetaCyc:CPD-22784	MetaCyc:CPD-22784				
cpd48138	MetaCyc:CPD-22698	MetaCyc:CPD-22698	MetaCyc:CPD-22698	MetaCyc:CPD-22698	MetaCyc:CPD-22698	MetaCyc:CPD-22698				
cpd48139	MetaCyc:CPD-22854	MetaCyc:CPD-22854	MetaCyc:CPD-22854	MetaCyc:CPD-22854	MetaCyc:CPD-22854	MetaCyc:CPD-22854				
cpd48140	MetaCyc:CPD-22781	MetaCyc:CPD-22781	MetaCyc:CPD-22781	MetaCyc:CPD-22781	MetaCyc:CPD-22781	MetaCyc:CPD-22781				
cpd48141	MetaCyc:CPD-22845	MetaCyc:CPD-22845	MetaCyc:CPD-22845	MetaCyc:CPD-22845	MetaCyc:CPD-22845	MetaCyc:CPD-22845				
cpd48142	MetaCyc:CPD-22865	MetaCyc:CPD-22865	MetaCyc:CPD-22865	MetaCyc:CPD-22865	MetaCyc:CPD-22865	MetaCyc:CPD-22865				
cpd48143	MetaCyc:CPD-22814	MetaCyc:CPD-22814	MetaCyc:CPD-22814	MetaCyc:CPD-22814	MetaCyc:CPD-22814	MetaCyc:CPD-22814				
cpd48144	MetaCyc:CPD-22810	MetaCyc:CPD-22810	MetaCyc:CPD-22810	MetaCyc:CPD-22810	MetaCyc:CPD-22810	MetaCyc:CPD-22810				
cpd48145	MetaCyc:CPD-22020	MetaCyc:CPD-22020	MetaCyc:CPD-22020	MetaCyc:CPD-22020	MetaCyc:CPD-22020	MetaCyc:CPD-22020				
cpd48146	MetaCyc:CPD-22862	MetaCyc:CPD-22862	MetaCyc:CPD-22862	MetaCyc:CPD-22862	MetaCyc:CPD-22862	MetaCyc:CPD-22862				
cpd48147	MetaCyc:CPD-22800	MetaCyc:CPD-22800	MetaCyc:CPD-22800	MetaCyc:CPD-22800	MetaCyc:CPD-22800	MetaCyc:CPD-22800				
cpd48148	MetaCyc:CPD-22011	MetaCyc:CPD-22011	MetaCyc:CPD-22011	MetaCyc:CPD-22011	MetaCyc:CPD-22011	MetaCyc:CPD-22011				
cpd48149	MetaCyc:CPD-22015	MetaCyc:CPD-22015	MetaCyc:CPD-22015	MetaCyc:CPD-22015	MetaCyc:CPD-22015	MetaCyc:CPD-22015				
cpd48150	MetaCyc:CPD-22859	MetaCyc:CPD-22859	MetaCyc:CPD-22859	MetaCyc:CPD-22859	MetaCyc:CPD-22859	MetaCyc:CPD-22859				
cpd48151	MetaCyc:CPD-22797	MetaCyc:CPD-22797	MetaCyc:CPD-22797	MetaCyc:CPD-22797	MetaCyc:CPD-22797	MetaCyc:CPD-22797				
cpd48152	MetaCyc:CPD-22049	MetaCyc:CPD-22049	MetaCyc:CPD-22049	MetaCyc:CPD-22049	MetaCyc:CPD-22049	MetaCyc:CPD-22049				
cpd48153	MetaCyc:CPD-22855	MetaCyc:CPD-22855	MetaCyc:CPD-22855	MetaCyc:CPD-22855	MetaCyc:CPD-22855	MetaCyc:CPD-22855				
cpd48154	MetaCyc:CPD-22782	MetaCyc:CPD-22782	MetaCyc:CPD-22782	MetaCyc:CPD-22782	MetaCyc:CPD-22782	MetaCyc:CPD-22782				
cpd48155	MetaCyc:CPD-22154	MetaCyc:CPD-22154	MetaCyc:CPD-22154	MetaCyc:CPD-22154		MetaCyc:CPD-22154				
cpd48156	MetaCyc:CPD-22846	MetaCyc:CPD-22846	MetaCyc:CPD-22846	MetaCyc:CPD-22846	MetaCyc:CPD-22846	MetaCyc:CPD-22846				
cpd48157	MetaCyc:CPD-22866	MetaCyc:CPD-22866	MetaCyc:CPD-22866	MetaCyc:CPD-22866	MetaCyc:CPD-22866	MetaCyc:CPD-22866				
cpd48158	MetaCyc:CPD-23633	MetaCyc:CPD-23633	MetaCyc:CPD-23633	MetaCyc:CPD-23633	MetaCyc:CPD-23633	MetaCyc:CPD-23633				
cpd48159	MetaCyc:CPD-22815	MetaCyc:CPD-22815	MetaCyc:CPD-22815	MetaCyc:CPD-22815	MetaCyc:CPD-22815	MetaCyc:CPD-22815				
cpd48160	MetaCyc:CPD-22811	MetaCyc:CPD-22811	MetaCyc:CPD-22811	MetaCyc:CPD-22811	MetaCyc:CPD-22811	MetaCyc:CPD-22811				
cpd48161	MetaCyc:CPD-22863	MetaCyc:CPD-22863	MetaCyc:CPD-22863	MetaCyc:CPD-22863	MetaCyc:CPD-22863	MetaCyc:CPD-22863				
cpd48162	MetaCyc:CPD-22808	MetaCyc:CPD-22808	MetaCyc:CPD-22808	MetaCyc:CPD-22808	MetaCyc:CPD-22808	MetaCyc:CPD-22808				
cpd48163	MetaCyc:CPD-24641	MetaCyc:CPD-24641	MetaCyc:CPD-24641	MetaCyc:CPD-24641	MetaCyc:CPD-24641	MetaCyc:CPD-24641				
cpd48164	MetaCyc:CPD-22860	MetaCyc:CPD-22860	MetaCyc:CPD-22860	MetaCyc:CPD-22860	MetaCyc:CPD-22860	MetaCyc:CPD-22860				
cpd48165	MetaCyc:CPD-24644	MetaCyc:CPD-24644	MetaCyc:CPD-24644	MetaCyc:CPD-24644	MetaCyc:CPD-24644	MetaCyc:CPD-24644				
cpd48166	MetaCyc:CPD-22798	MetaCyc:CPD-22798	MetaCyc:CPD-22798	MetaCyc:CPD-22798	MetaCyc:CPD-22798	MetaCyc:CPD-22798				
cpd48167	MetaCyc:CPD-24642	MetaCyc:CPD-24642	MetaCyc:CPD-24642	MetaCyc:CPD-24642	MetaCyc:CPD-24642	MetaCyc:CPD-24642				
cpd48168	MetaCyc:CPD-24643	MetaCyc:CPD-24643	MetaCyc:CPD-24643	MetaCyc:CPD-24643	MetaCyc:CPD-24643	MetaCyc:CPD-24643				
cpd48169	MetaCyc:CPD-21844	MetaCyc:CPD-21844	MetaCyc:CPD-21844	MetaCyc:CPD-21844	MetaCyc:CPD-21844	MetaCyc:CPD-21844				
cpd48170	MetaCyc:CPD-22856	MetaCyc:CPD-22856	MetaCyc:CPD-22856	MetaCyc:CPD-22856	MetaCyc:CPD-22856	MetaCyc:CPD-22856				
cpd48171	MetaCyc:CPD-22783	MetaCyc:CPD-22783	MetaCyc:CPD-22783	MetaCyc:CPD-22783	MetaCyc:CPD-22783	MetaCyc:CPD-22783				
cpd48172	MetaCyc:CPD-22853	MetaCyc:CPD-22853	MetaCyc:CPD-22853	MetaCyc:CPD-22853	MetaCyc:CPD-22853	MetaCyc:CPD-22853				
cpd48173	MetaCyc:CPD-24628	MetaCyc:CPD-24628	MetaCyc:CPD-24628	MetaCyc:CPD-24628	MetaCyc:CPD-24628	MetaCyc:CPD-24628				
cpd48174	MetaCyc:CPD-21767	MetaCyc:CPD-21767	MetaCyc:CPD-21767	MetaCyc:CPD-21767	MetaCyc:CPD-21767	MetaCyc:CPD-21767				
cpd48175	MetaCyc:CPD-22867	MetaCyc:CPD-22867	MetaCyc:CPD-22867	MetaCyc:CPD-22867	MetaCyc:CPD-22867	MetaCyc:CPD-22867				
cpd48176	MetaCyc:CPD-25455	MetaCyc:CPD-25455	MetaCyc:CPD-25455	MetaCyc:CPD-25455	MetaCyc:CPD-25455	MetaCyc:CPD-25455				
cpd48177	MetaCyc:CPD-22844	MetaCyc:CPD-22844	MetaCyc:CPD-22844	MetaCyc:CPD-22844	MetaCyc:CPD-22844	MetaCyc:CPD-22844				
cpd48178	MetaCyc:CPD-22813	MetaCyc:CPD-22813	MetaCyc:CPD-22813	MetaCyc:CPD-22813	MetaCyc:CPD-22813	MetaCyc:CPD-22813				
cpd48179	MetaCyc:CPD-22864	MetaCyc:CPD-22864	MetaCyc:CPD-22864	MetaCyc:CPD-22864	MetaCyc:CPD-22864	MetaCyc:CPD-22864				
cpd48180										
cpd48181	MetaCyc:CPD-22809	MetaCyc:CPD-22809	MetaCyc:CPD-22809	MetaCyc:CPD-22809	MetaCyc:CPD-22809	MetaCyc:CPD-22809				
cpd48182	MetaCyc:CPD-25819	MetaCyc:CPD-25819	MetaCyc:CPD-25819	MetaCyc:CPD-25819	MetaCyc:CPD-25819	MetaCyc:CPD-25819				
cpd48183	MetaCyc:CPD-22799	MetaCyc:CPD-22799	MetaCyc:CPD-22799	MetaCyc:CPD-22799	MetaCyc:CPD-22799	MetaCyc:CPD-22799				
cpd48184	MetaCyc:CPD-24705	MetaCyc:CPD-24705	MetaCyc:CPD-24705	MetaCyc:CPD-24705	MetaCyc:CPD-24705	MetaCyc:CPD-24705				
cpd48185	MetaCyc:CPD-21659	MetaCyc:CPD-21659	MetaCyc:CPD-21659	MetaCyc:CPD-21659		MetaCyc:CPD-21659				
cpd48186	MetaCyc:CPD-22861@Charged	MetaCyc:CPD-22861@Charged	MetaCyc:CPD-22861@Charged	MetaCyc:CPD-22861@Charged	MetaCyc:CPD-22861	MetaCyc:CPD-22861				
cpd48187	MetaCyc:CPD-25986	MetaCyc:CPD-25986	MetaCyc:CPD-25986	MetaCyc:CPD-25986	MetaCyc:CPD-25986	MetaCyc:CPD-25986				
cpd48188	MetaCyc:CPD-24713	MetaCyc:CPD-24713	MetaCyc:CPD-24713	MetaCyc:CPD-24713	MetaCyc:CPD-24713	MetaCyc:CPD-24713				
cpd48189	MetaCyc:CPD-24630	MetaCyc:CPD-24630	MetaCyc:CPD-24630	MetaCyc:CPD-24630	MetaCyc:CPD-24630	MetaCyc:CPD-24630				
cpd48190	MetaCyc:CPD-23408	MetaCyc:CPD-23408	MetaCyc:CPD-23408	MetaCyc:CPD-23408	MetaCyc:CPD-23408	MetaCyc:CPD-23408				
cpd48191	MetaCyc:CPD-25867	MetaCyc:CPD-25867	MetaCyc:CPD-25867	MetaCyc:CPD-25867		MetaCyc:CPD-25867				
cpd48192	MetaCyc:CPD-24725@Charged	MetaCyc:CPD-24725@Charged	MetaCyc:CPD-24725@Charged	MetaCyc:CPD-24725@Charged	MetaCyc:CPD-24725	MetaCyc:CPD-24725				
cpd48193	MetaCyc:CPD-24681	MetaCyc:CPD-24681	MetaCyc:CPD-24681	MetaCyc:CPD-24681	MetaCyc:CPD-24681	MetaCyc:CPD-24681				
cpd48194	MetaCyc:CPD-24680	MetaCyc:CPD-24680	MetaCyc:CPD-24680	MetaCyc:CPD-24680	MetaCyc:CPD-24680	MetaCyc:CPD-24680				
cpd48195	MetaCyc:CPD-24679	MetaCyc:CPD-24679	MetaCyc:CPD-24679	MetaCyc:CPD-24679	MetaCyc:CPD-24679	MetaCyc:CPD-24679				
cpd48196	MetaCyc:CPD-24677	MetaCyc:CPD-24677	MetaCyc:CPD-24677	MetaCyc:CPD-24677	MetaCyc:CPD-24677	MetaCyc:CPD-24677				
cpd48197	MetaCyc:CPD-25493	MetaCyc:CPD-25493	MetaCyc:CPD-25493	MetaCyc:CPD-25493	MetaCyc:CPD-25493	MetaCyc:CPD-25493				
cpd48198	MetaCyc:CPD-25494	MetaCyc:CPD-25494	MetaCyc:CPD-25494	MetaCyc:CPD-25494	MetaCyc:CPD-25494	MetaCyc:CPD-25494				
cpd48199	MetaCyc:CPD-22258	MetaCyc:CPD-22258	MetaCyc:CPD-22258	MetaCyc:CPD-22258	MetaCyc:CPD-22258	MetaCyc:CPD-22258				
cpd48200	MetaCyc:CPD-22263	MetaCyc:CPD-22263	MetaCyc:CPD-22263	MetaCyc:CPD-22263	MetaCyc:CPD-22263	MetaCyc:CPD-22263				
cpd48201	MetaCyc:CPD-24727	MetaCyc:CPD-24727	MetaCyc:CPD-24727	MetaCyc:CPD-24727	MetaCyc:CPD-24727	MetaCyc:CPD-24727				
cpd48202	MetaCyc:CPD-25568	MetaCyc:CPD-25568	MetaCyc:CPD-25568	MetaCyc:CPD-25568	MetaCyc:CPD-25568	MetaCyc:CPD-25568				
cpd48203	MetaCyc:CPD-24729	MetaCyc:CPD-24729	MetaCyc:CPD-24729	MetaCyc:CPD-24729	MetaCyc:CPD-24729	MetaCyc:CPD-24729				
cpd48204	MetaCyc:CPD-24701	MetaCyc:CPD-24701	MetaCyc:CPD-24701	MetaCyc:CPD-24701	MetaCyc:CPD-24701	MetaCyc:CPD-24701				
cpd48205	MetaCyc:CPD-24698	MetaCyc:CPD-24698	MetaCyc:CPD-24698	MetaCyc:CPD-24698	MetaCyc:CPD-24698	MetaCyc:CPD-24698				
cpd48206	MetaCyc:CPD-24695	MetaCyc:CPD-24695	MetaCyc:CPD-24695	MetaCyc:CPD-24695	MetaCyc:CPD-24695	MetaCyc:CPD-24695				
cpd48207	MetaCyc:CPD-24692	MetaCyc:CPD-24692	MetaCyc:CPD-24692	MetaCyc:CPD-24692	MetaCyc:CPD-24692	MetaCyc:CPD-24692				
cpd48208	MetaCyc:CPD-25496	MetaCyc:CPD-25496	MetaCyc:CPD-25496	MetaCyc:CPD-25496	MetaCyc:CPD-25496	MetaCyc:CPD-25496				
cpd48209	MetaCyc:CPD-24702	MetaCyc:CPD-24702	MetaCyc:CPD-24702	MetaCyc:CPD-24702	MetaCyc:CPD-24702	MetaCyc:CPD-24702				
cpd48210	MetaCyc:CPD-24699	MetaCyc:CPD-24699	MetaCyc:CPD-24699	MetaCyc:CPD-24699	MetaCyc:CPD-24699	MetaCyc:CPD-24699				
cpd48211	MetaCyc:CPD-24696	MetaCyc:CPD-24696	MetaCyc:CPD-24696	MetaCyc:CPD-24696	MetaCyc:CPD-24696	MetaCyc:CPD-24696				
cpd48212	MetaCyc:CPD-25499	MetaCyc:CPD-25499	MetaCyc:CPD-25499	MetaCyc:CPD-25499	MetaCyc:CPD-25499	MetaCyc:CPD-25499				
cpd48213	MetaCyc:CPD-24703	MetaCyc:CPD-24703	MetaCyc:CPD-24703	MetaCyc:CPD-24703	MetaCyc:CPD-24703	MetaCyc:CPD-24703				
cpd48214	MetaCyc:CPD-23878	MetaCyc:CPD-23878	MetaCyc:CPD-23878	MetaCyc:CPD-23878	MetaCyc:CPD-23878	MetaCyc:CPD-23878				
cpd48215	MetaCyc:CPD-24700	MetaCyc:CPD-24700	MetaCyc:CPD-24700	MetaCyc:CPD-24700	MetaCyc:CPD-24700	MetaCyc:CPD-24700				
cpd48216	MetaCyc:CPD-25382	MetaCyc:CPD-25382	MetaCyc:CPD-25382	MetaCyc:CPD-25382	MetaCyc:CPD-25382	MetaCyc:CPD-25382				
cpd48217	MetaCyc:CPD-24697	MetaCyc:CPD-24697	MetaCyc:CPD-24697	MetaCyc:CPD-24697	MetaCyc:CPD-24697	MetaCyc:CPD-24697				
cpd48218	MetaCyc:CPD-24694	MetaCyc:CPD-24694	MetaCyc:CPD-24694	MetaCyc:CPD-24694	MetaCyc:CPD-24694	MetaCyc:CPD-24694				
cpd48219	MetaCyc:CPD-22836	MetaCyc:CPD-22836	MetaCyc:CPD-22836	MetaCyc:CPD-22836	MetaCyc:CPD-22836	MetaCyc:CPD-22836				
cpd48220	MetaCyc:CPD-22672	MetaCyc:CPD-22672	MetaCyc:CPD-22672	MetaCyc:CPD-22672	MetaCyc:CPD-22672	MetaCyc:CPD-22672				
cpd48221	MetaCyc:CPD-24688	MetaCyc:CPD-24688	MetaCyc:CPD-24688	MetaCyc:CPD-24688	MetaCyc:CPD-24688	MetaCyc:CPD-24688				
cpd48222	MetaCyc:CPD-24409	MetaCyc:CPD-24409	MetaCyc:CPD-24409	MetaCyc:CPD-24409	MetaCyc:CPD-24409	MetaCyc:CPD-24409				
cpd48223	MetaCyc:CPD-24689	MetaCyc:CPD-24689	MetaCyc:CPD-24689	MetaCyc:CPD-24689	MetaCyc:CPD-24689	MetaCyc:CPD-24689				
cpd48224	MetaCyc:CPD-25844	MetaCyc:CPD-25844	MetaCyc:CPD-25844	MetaCyc:CPD-25844	MetaCyc:CPD-25844	MetaCyc:CPD-25844				
cpd48225	MetaCyc:CPD-25713	MetaCyc:CPD-25713	MetaCyc:CPD-25713	MetaCyc:CPD-25713		MetaCyc:CPD-25713				
cpd48226	MetaCyc:CPD-24271	MetaCyc:CPD-24271	MetaCyc:CPD-24271	MetaCyc:CPD-24271	MetaCyc:CPD-24271	MetaCyc:CPD-24271				
cpd48227	MetaCyc:CPD-24145	MetaCyc:CPD-24145	MetaCyc:CPD-24145	MetaCyc:CPD-24145	MetaCyc:CPD-24145	MetaCyc:CPD-24145				
cpd48228	MetaCyc:CPD-25714	MetaCyc:CPD-25714	MetaCyc:CPD-25714	MetaCyc:CPD-25714		MetaCyc:CPD-25714				
cpd48229	MetaCyc:CPD-24912	MetaCyc:CPD-24912	MetaCyc:CPD-24912	MetaCyc:CPD-24912	MetaCyc:CPD-24912	MetaCyc:CPD-24912				
cpd48230	MetaCyc:CPD-25715	MetaCyc:CPD-25715	MetaCyc:CPD-25715	MetaCyc:CPD-25715		MetaCyc:CPD-25715				
cpd48231	MetaCyc:CPD-24905@Charged	MetaCyc:CPD-24905@Charged	MetaCyc:CPD-24905@Charged	MetaCyc:CPD-24905@Charged	MetaCyc:CPD-24905	MetaCyc:CPD-24905				
cpd48232	MetaCyc:CPD-22127	MetaCyc:CPD-22127	MetaCyc:CPD-22127	MetaCyc:CPD-22127	MetaCyc:CPD-22127	MetaCyc:CPD-22127				
cpd48233	MetaCyc:CPD-23508	MetaCyc:CPD-23508	MetaCyc:CPD-23508	MetaCyc:CPD-23508	MetaCyc:CPD-23508					
cpd48234	MetaCyc:CPD-21974	MetaCyc:CPD-21974	MetaCyc:CPD-21974	MetaCyc:CPD-21974	MetaCyc:CPD-21974	MetaCyc:CPD-21974				
cpd48235	MetaCyc:CPD-24316	MetaCyc:CPD-24316	MetaCyc:CPD-24316	MetaCyc:CPD-24316	MetaCyc:CPD-24316	MetaCyc:CPD-24316				
cpd48236	MetaCyc:CPD-21973	MetaCyc:CPD-21973	MetaCyc:CPD-21973	MetaCyc:CPD-21973	MetaCyc:CPD-21973	MetaCyc:CPD-21973				
cpd48237	MetaCyc:CPD2B4Q-18	MetaCyc:CPD2B4Q-18	MetaCyc:CPD2B4Q-18	MetaCyc:CPD2B4Q-18	MetaCyc:CPD2B4Q-18	MetaCyc:CPD2B4Q-18				
cpd48238	MetaCyc:CPD-24168	MetaCyc:CPD-24168	MetaCyc:CPD-24168	MetaCyc:CPD-24168	MetaCyc:CPD-24168	MetaCyc:CPD-24168				
cpd48239	MetaCyc:CPD-22125	MetaCyc:CPD-22125	MetaCyc:CPD-22125	MetaCyc:CPD-22125	MetaCyc:CPD-22125	MetaCyc:CPD-22125				
cpd48240	MetaCyc:CPD2DNV-5	MetaCyc:CPD2DNV-5	MetaCyc:CPD2DNV-5	MetaCyc:CPD2DNV-5	MetaCyc:CPD2DNV-5	MetaCyc:CPD2DNV-5				
cpd48241	MetaCyc:CPD-21976	MetaCyc:CPD-21976	MetaCyc:CPD-21976	MetaCyc:CPD-21976	MetaCyc:CPD-21976	MetaCyc:CPD-21976				
cpd48242	MetaCyc:CPD-24928	MetaCyc:CPD-24928	MetaCyc:CPD-24928	MetaCyc:CPD-24928	MetaCyc:CPD-24928	MetaCyc:CPD-24928				
cpd48243	MetaCyc:CPD-22124	MetaCyc:CPD-22124	MetaCyc:CPD-22124	MetaCyc:CPD-22124	MetaCyc:CPD-22124	MetaCyc:CPD-22124				
cpd48244	MetaCyc:CPD-21975	MetaCyc:CPD-21975	MetaCyc:CPD-21975	MetaCyc:CPD-21975	MetaCyc:CPD-21975	MetaCyc:CPD-21975				
cpd48245	MetaCyc:CPD-22123	MetaCyc:CPD-22123	MetaCyc:CPD-22123	MetaCyc:CPD-22123	MetaCyc:CPD-22123	MetaCyc:CPD-22123				
cpd48246	MetaCyc:CPD-22126	MetaCyc:CPD-22126	MetaCyc:CPD-22126	MetaCyc:CPD-22126	MetaCyc:CPD-22126	MetaCyc:CPD-22126				
cpd48247	MetaCyc:CPD-22409	MetaCyc:CPD-22409	MetaCyc:CPD-22409	MetaCyc:CPD-22409	MetaCyc:CPD-22409	MetaCyc:CPD-22409				
cpd48248	MetaCyc:CPD-23982	MetaCyc:CPD-23982	MetaCyc:CPD-23982	MetaCyc:CPD-23982	MetaCyc:CPD-23982	MetaCyc:CPD-23982				
cpd48249	MetaCyc:CPD-21982	MetaCyc:CPD-21982	MetaCyc:CPD-21982	MetaCyc:CPD-21982	MetaCyc:CPD-21982	MetaCyc:CPD-21982				
cpd48250	MetaCyc:CPD-23629	MetaCyc:CPD-23629	MetaCyc:CPD-23629	MetaCyc:CPD-23629	MetaCyc:CPD-23629	MetaCyc:CPD-23629				
cpd48251	MetaCyc:CPD-22122	MetaCyc:CPD-22122	MetaCyc:CPD-22122	MetaCyc:CPD-22122	MetaCyc:CPD-22122	MetaCyc:CPD-22122				
cpd48252	MetaCyc:CPD-24904	MetaCyc:CPD-24904	MetaCyc:CPD-24904	MetaCyc:CPD-24904	MetaCyc:CPD-24904	MetaCyc:CPD-24904				
cpd48253	MetaCyc:CPD-24847	MetaCyc:CPD-24847	MetaCyc:CPD-24847	MetaCyc:CPD-24847	MetaCyc:CPD-24847	MetaCyc:CPD-24847				
cpd48254	MetaCyc:CPD-23534@Charged	MetaCyc:CPD-23534@Charged	MetaCyc:CPD-23534@Charged	MetaCyc:CPD-23534@Charged	MetaCyc:CPD-23534	MetaCyc:CPD-23534				
cpd48255	MetaCyc:CPD-23750	MetaCyc:CPD-23750	MetaCyc:CPD-23750	MetaCyc:CPD-23750	MetaCyc:CPD-23750	MetaCyc:CPD-23750				
cpd48256	MetaCyc:CPD-22552	MetaCyc:CPD-22552	MetaCyc:CPD-22552	MetaCyc:CPD-22552		MetaCyc:CPD-22552				
cpd48257	MetaCyc:CPD-24336	MetaCyc:CPD-24336	MetaCyc:CPD-24336	MetaCyc:CPD-24336		MetaCyc:CPD-24336				
cpd48258	MetaCyc:CPD-24089	MetaCyc:CPD-24089	MetaCyc:CPD-24089	MetaCyc:CPD-24089		MetaCyc:CPD-24089				
cpd48259	MetaCyc:CPD-24092@Charged	MetaCyc:CPD-24092@Charged	MetaCyc:CPD-24092@Charged	MetaCyc:CPD-24092@Charged	MetaCyc:CPD-24092	MetaCyc:CPD-24092				
cpd48260	MetaCyc:CPD-24091	MetaCyc:CPD-24091	MetaCyc:CPD-24091	MetaCyc:CPD-24091	MetaCyc:CPD-24091	MetaCyc:CPD-24091				
cpd48261	MetaCyc:CPD-23432	MetaCyc:CPD-23432		MetaCyc:CPD-23432	MetaCyc:CPD-23432	MetaCyc:CPD-23432				
cpd48262	MetaCyc:CPD-24090	MetaCyc:CPD-24090	MetaCyc:CPD-24090	MetaCyc:CPD-24090	MetaCyc:CPD-24090	MetaCyc:CPD-24090				
cpd48263	MetaCyc:CPD-21615@Charged	MetaCyc:CPD-21615@Charged	MetaCyc:CPD-21615@Charged	MetaCyc:CPD-21615@Charged	MetaCyc:CPD-21615	MetaCyc:CPD-21615				
cpd48264	MetaCyc:CPD-23665	MetaCyc:CPD-23665	MetaCyc:CPD-23665	MetaCyc:CPD-23665	MetaCyc:CPD-23665	MetaCyc:CPD-23665				
cpd48265	MetaCyc:CPD-22826@Charged	MetaCyc:CPD-22826@Charged	MetaCyc:CPD-22826@Charged	MetaCyc:CPD-22826@Charged	MetaCyc:CPD-22826	MetaCyc:CPD-22826				
cpd48266	MetaCyc:CPD-22689@Charged	MetaCyc:CPD-22689@Charged	MetaCyc:CPD-22689@Charged	MetaCyc:CPD-22689@Charged	MetaCyc:CPD-22689	MetaCyc:CPD-22689				
cpd48267	MetaCyc:CPD-22395@Charged	MetaCyc:CPD-22395@Charged	MetaCyc:CPD-22395@Charged	MetaCyc:CPD-22395@Charged	MetaCyc:CPD-22395	MetaCyc:CPD-22395				
cpd48268	MetaCyc:CPD-25576	MetaCyc:CPD-25576	MetaCyc:CPD-25576	MetaCyc:CPD-25576	MetaCyc:CPD-25576	MetaCyc:CPD-25576				
cpd48269	MetaCyc:CPD1G01-5@Charged	MetaCyc:CPD1G01-5@Charged	MetaCyc:CPD1G01-5@Charged	MetaCyc:CPD1G01-5@Charged	MetaCyc:CPD1G01-5	MetaCyc:CPD1G01-5				
cpd48270	MetaCyc:CPD-25580	MetaCyc:CPD-25580	MetaCyc:CPD-25580	MetaCyc:CPD-25580	MetaCyc:CPD-25580	MetaCyc:CPD-25580				
cpd48271	MetaCyc:CPD-22396@Charged	MetaCyc:CPD-22396@Charged	MetaCyc:CPD-22396@Charged	MetaCyc:CPD-22396@Charged	MetaCyc:CPD-22396	MetaCyc:CPD-22396				
cpd48272	MetaCyc:CPD-25577	MetaCyc:CPD-25577	MetaCyc:CPD-25577	MetaCyc:CPD-25577	MetaCyc:CPD-25577	MetaCyc:CPD-25577				
cpd48273	MetaCyc:CPD-25574	MetaCyc:CPD-25574	MetaCyc:CPD-25574	MetaCyc:CPD-25574	MetaCyc:CPD-25574	MetaCyc:CPD-25574				
cpd48274	MetaCyc:CPD-25581	MetaCyc:CPD-25581	MetaCyc:CPD-25581	MetaCyc:CPD-25581	MetaCyc:CPD-25581	MetaCyc:CPD-25581				
cpd48275	MetaCyc:CPD-25578	MetaCyc:CPD-25578	MetaCyc:CPD-25578	MetaCyc:CPD-25578	MetaCyc:CPD-25578	MetaCyc:CPD-25578				
cpd48276	MetaCyc:CPD1G01-6@Charged	MetaCyc:CPD1G01-6@Charged	MetaCyc:CPD1G01-6@Charged	MetaCyc:CPD1G01-6@Charged	MetaCyc:CPD1G01-6	MetaCyc:CPD1G01-6				
cpd48277	MetaCyc:CPD-25575	MetaCyc:CPD-25575	MetaCyc:CPD-25575	MetaCyc:CPD-25575	MetaCyc:CPD-25575	MetaCyc:CPD-25575				
cpd48278	MetaCyc:CPD-25579	MetaCyc:CPD-25579	MetaCyc:CPD-25579	MetaCyc:CPD-25579	MetaCyc:CPD-25579	MetaCyc:CPD-25579				
cpd48279	MetaCyc:CPD-22397@Charged	MetaCyc:CPD-22397@Charged	MetaCyc:CPD-22397@Charged	MetaCyc:CPD-22397@Charged	MetaCyc:CPD-22397	MetaCyc:CPD-22397				
cpd48280	MetaCyc:CPD-22393@Charged	MetaCyc:CPD-22393@Charged	MetaCyc:CPD-22393@Charged	MetaCyc:CPD-22393@Charged	MetaCyc:CPD-22393	MetaCyc:CPD-22393				
cpd48281	MetaCyc:CPD-22535@Charged	MetaCyc:CPD-22535@Charged	MetaCyc:CPD-22535@Charged	MetaCyc:CPD-22535@Charged	MetaCyc:CPD-22535	MetaCyc:CPD-22535				
cpd48282	MetaCyc:CPD-23398	MetaCyc:CPD-23398	MetaCyc:CPD-23398	MetaCyc:CPD-23398						
cpd48283	MetaCyc:CPD-21940	MetaCyc:CPD-21940	MetaCyc:CPD-21940	MetaCyc:CPD-21940	MetaCyc:CPD-21940	MetaCyc:CPD-21940				
cpd48284	MetaCyc:CPD-21837	MetaCyc:CPD-21837	MetaCyc:CPD-21837	MetaCyc:CPD-21837	MetaCyc:CPD-21837	MetaCyc:CPD-21837				
cpd48285	MetaCyc:CPD-23347	MetaCyc:CPD-23347	MetaCyc:CPD-23347	MetaCyc:CPD-23347	MetaCyc:CPD-23347	MetaCyc:CPD-23347				
cpd48286	MetaCyc:CPD-25891	MetaCyc:CPD-25891	MetaCyc:CPD-25891	MetaCyc:CPD-25891@Charged	MetaCyc:CPD-25891	MetaCyc:CPD-25891				
cpd48287										
cpd48288	MetaCyc:CPD-24073	MetaCyc:CPD-24073	MetaCyc:CPD-24073	MetaCyc:CPD-24073	MetaCyc:CPD-24073	MetaCyc:CPD-24073				
cpd48289	MetaCyc:CPD-21761	MetaCyc:CPD-21761	MetaCyc:CPD-21761	MetaCyc:CPD-21761	MetaCyc:CPD-21761	MetaCyc:CPD-21761				
cpd48290	MetaCyc:CPD-22328@Charged	MetaCyc:CPD-22328@Charged	MetaCyc:CPD-22328@Charged	MetaCyc:CPD-22328@Charged	MetaCyc:CPD-22328	MetaCyc:CPD-22328				
cpd48291	MetaCyc:CPD-22736	MetaCyc:CPD-22736	MetaCyc:CPD-22736	MetaCyc:CPD-22736	MetaCyc:CPD-22736	MetaCyc:CPD-22736				
cpd48292	MetaCyc:CPD-22679	MetaCyc:CPD-22679	MetaCyc:CPD-22679	MetaCyc:CPD-22679	MetaCyc:CPD-22679	MetaCyc:CPD-22679				
cpd48293										
cpd48294	MetaCyc:CPD-22680	MetaCyc:CPD-22680	MetaCyc:CPD-22680	MetaCyc:CPD-22680	MetaCyc:CPD-22680	MetaCyc:CPD-22680				
cpd48295	MetaCyc:CPD-21576	MetaCyc:CPD-21576	MetaCyc:CPD-21576	MetaCyc:CPD-21576	MetaCyc:CPD-21576	MetaCyc:CPD-21576				
cpd48296	MetaCyc:CPD-25983	MetaCyc:CPD-25983	MetaCyc:CPD-25983	MetaCyc:CPD-25983	MetaCyc:CPD-25983	MetaCyc:CPD-25983				
cpd48297	MetaCyc:CPD-21637	MetaCyc:CPD-21637	MetaCyc:CPD-21637	MetaCyc:CPD-21637	MetaCyc:CPD-21637	MetaCyc:CPD-21637				
cpd48298	MetaCyc:CPD-25753@Charged	MetaCyc:CPD-25753@Charged	MetaCyc:CPD-25753@Charged	MetaCyc:CPD-25753@Charged	MetaCyc:CPD-25753	MetaCyc:CPD-25753				
cpd48299	MetaCyc:CPD-21547	MetaCyc:CPD-21547	MetaCyc:CPD-21547	MetaCyc:CPD-21547	MetaCyc:CPD-21547	MetaCyc:CPD-21547				
cpd48300	MetaCyc:CPD-25751	MetaCyc:CPD-25751	MetaCyc:CPD-25751	MetaCyc:CPD-25751	MetaCyc:CPD-25751	MetaCyc:CPD-25751				
cpd48301	MetaCyc:CPD-22840	MetaCyc:CPD-22840	MetaCyc:CPD-22840	MetaCyc:CPD-22840	MetaCyc:CPD-22840	MetaCyc:CPD-22840				
cpd48302	MetaCyc:CPD-21640@Charged	MetaCyc:CPD-21640@Charged	MetaCyc:CPD-21640@Charged	MetaCyc:CPD-21640@Charged	MetaCyc:CPD-21640	MetaCyc:CPD-21640				
cpd48303	MetaCyc:CPD-21641	MetaCyc:CPD-21641	MetaCyc:CPD-21641	MetaCyc:CPD-21641	MetaCyc:CPD-21641	MetaCyc:CPD-21641				
cpd48304	MetaCyc:CPD-21638	MetaCyc:CPD-21638	MetaCyc:CPD-21638	MetaCyc:CPD-21638	MetaCyc:CPD-21638	MetaCyc:CPD-21638				
cpd48305	MetaCyc:CPD-21850@Charged	MetaCyc:CPD-21850@Charged	MetaCyc:CPD-21850@Charged	MetaCyc:CPD-21850@Charged	MetaCyc:CPD-21850	MetaCyc:CPD-21850				
cpd48306	MetaCyc:CPD-25599	MetaCyc:CPD-25599	MetaCyc:CPD-25599	MetaCyc:CPD-25599	MetaCyc:CPD-25599	MetaCyc:CPD-25599				
cpd48307	MetaCyc:CPD-21882@Charged	MetaCyc:CPD-21882@Charged	MetaCyc:CPD-21882@Charged	MetaCyc:CPD-21882@Charged	MetaCyc:CPD-21882	MetaCyc:CPD-21882				
cpd48308	MetaCyc:CPD-21853@Charged	MetaCyc:CPD-21853@Charged	MetaCyc:CPD-21853@Charged	MetaCyc:CPD-21853@Charged	MetaCyc:CPD-21853	MetaCyc:CPD-21853				
cpd48309	MetaCyc:CPD-21894@Charged	MetaCyc:CPD-21894@Charged	MetaCyc:CPD-21894@Charged	MetaCyc:CPD-21894@Charged	MetaCyc:CPD-21894	MetaCyc:CPD-21894				
cpd48310	MetaCyc:CPD-21856@Charged	MetaCyc:CPD-21856@Charged	MetaCyc:CPD-21856@Charged	MetaCyc:CPD-21856@Charged	MetaCyc:CPD-21856	MetaCyc:CPD-21856				
cpd48311	MetaCyc:CPD-21900@Charged	MetaCyc:CPD-21900@Charged	MetaCyc:CPD-21900@Charged	MetaCyc:CPD-21900@Charged	MetaCyc:CPD-21900	MetaCyc:CPD-21900				
cpd48312	MetaCyc:CPD-25447	MetaCyc:CPD-25447	MetaCyc:CPD-25447	MetaCyc:CPD-25447	MetaCyc:CPD-25447	MetaCyc:CPD-25447				
cpd48313	MetaCyc:CPD-25373@Charged	MetaCyc:CPD-25373@Charged	MetaCyc:CPD-25373@Charged	MetaCyc:CPD-25373@Charged	MetaCyc:CPD-25373	MetaCyc:CPD-25373				
cpd48314	MetaCyc:CPD-21580	MetaCyc:CPD-21580	MetaCyc:CPD-21580	MetaCyc:CPD-21580	MetaCyc:CPD-21580	MetaCyc:CPD-21580				
cpd48315	MetaCyc:CPD-25336	MetaCyc:CPD-25336	MetaCyc:CPD-25336	MetaCyc:CPD-25336	MetaCyc:CPD-25336	MetaCyc:CPD-25336				
cpd48316	MetaCyc:CPD-25374@Charged	MetaCyc:CPD-25374@Charged	MetaCyc:CPD-25374@Charged	MetaCyc:CPD-25374@Charged	MetaCyc:CPD-25374	MetaCyc:CPD-25374				
cpd48317	MetaCyc:CPD-21859@Charged	MetaCyc:CPD-21859@Charged	MetaCyc:CPD-21859@Charged	MetaCyc:CPD-21859@Charged	MetaCyc:CPD-21859	MetaCyc:CPD-21859				
cpd48318	MetaCyc:CPD-21912	MetaCyc:CPD-21912	MetaCyc:CPD-21912	MetaCyc:CPD-21912	MetaCyc:CPD-21912	MetaCyc:CPD-21912				
cpd48319	MetaCyc:CPD-25586	MetaCyc:CPD-25586	MetaCyc:CPD-25586	MetaCyc:CPD-25586	MetaCyc:CPD-25586	MetaCyc:CPD-25586				
cpd48320	MetaCyc:CPD-25588	MetaCyc:CPD-25588	MetaCyc:CPD-25588	MetaCyc:CPD-25588	MetaCyc:CPD-25588	MetaCyc:CPD-25588				
cpd48321	MetaCyc:CPD-25584	MetaCyc:CPD-25584	MetaCyc:CPD-25584	MetaCyc:CPD-25584	MetaCyc:CPD-25584	MetaCyc:CPD-25584				
cpd48322	MetaCyc:CPD-25590	MetaCyc:CPD-25590	MetaCyc:CPD-25590	MetaCyc:CPD-25590	MetaCyc:CPD-25590	MetaCyc:CPD-25590				
cpd48323	MetaCyc:CPD-21862	MetaCyc:CPD-21862	MetaCyc:CPD-21862	MetaCyc:CPD-21862@Charged	MetaCyc:CPD-21862	MetaCyc:CPD-21862				
cpd48324	MetaCyc:CPD-21915	MetaCyc:CPD-21915	MetaCyc:CPD-21915	MetaCyc:CPD-21915	MetaCyc:CPD-21915	MetaCyc:CPD-21915				
cpd48325	MetaCyc:CPD-21855@Charged	MetaCyc:CPD-21855@Charged	MetaCyc:CPD-21855@Charged	MetaCyc:CPD-21855@Charged	MetaCyc:CPD-21855	MetaCyc:CPD-21855				
cpd48326	MetaCyc:CPD-21858@Charged	MetaCyc:CPD-21858@Charged	MetaCyc:CPD-21858@Charged	MetaCyc:CPD-21858@Charged	MetaCyc:CPD-21858	MetaCyc:CPD-21858				
cpd48327	MetaCyc:CPD-21905	MetaCyc:CPD-21905	MetaCyc:CPD-21905	MetaCyc:CPD-21905@Charged	MetaCyc:CPD-21905	MetaCyc:CPD-21905				
cpd48328	MetaCyc:CPD-24528@Charged	MetaCyc:CPD-24528@Charged	MetaCyc:CPD-24528@Charged	MetaCyc:CPD-24528@Charged	MetaCyc:CPD-24528	MetaCyc:CPD-24528				
cpd48329	MetaCyc:CPD-21861@Charged	MetaCyc:CPD-21861@Charged	MetaCyc:CPD-21861@Charged	MetaCyc:CPD-21861@Charged	MetaCyc:CPD-21861	MetaCyc:CPD-21861				
cpd48330	MetaCyc:CPD-21916	MetaCyc:CPD-21916	MetaCyc:CPD-21916	MetaCyc:CPD-21916	MetaCyc:CPD-21916	MetaCyc:CPD-21916				
cpd48331	MetaCyc:CPD-21914@Charged	MetaCyc:CPD-21914@Charged	MetaCyc:CPD-21914@Charged	MetaCyc:CPD-21914@Charged	MetaCyc:CPD-21914	MetaCyc:CPD-21914				
cpd48332	MetaCyc:CPD-21863@Charged	MetaCyc:CPD-21863@Charged	MetaCyc:CPD-21863@Charged	MetaCyc:CPD-21863@Charged	MetaCyc:CPD-21863	MetaCyc:CPD-21863				
cpd48333	MetaCyc:CPD-21879	MetaCyc:CPD-21879	MetaCyc:CPD-21879	MetaCyc:CPD-21879@Charged	MetaCyc:CPD-21879	MetaCyc:CPD-21879				
cpd48334	MetaCyc:CPD-21854@Charged	MetaCyc:CPD-21854@Charged	MetaCyc:CPD-21854@Charged	MetaCyc:CPD-21854@Charged	MetaCyc:CPD-21854	MetaCyc:CPD-21854				
cpd48335	MetaCyc:CPD-21896@Charged	MetaCyc:CPD-21896@Charged	MetaCyc:CPD-21896@Charged	MetaCyc:CPD-21896@Charged	MetaCyc:CPD-21896	MetaCyc:CPD-21896				
cpd48336	MetaCyc:CPD-21913	MetaCyc:CPD-21913	MetaCyc:CPD-21913	MetaCyc:CPD-21913	MetaCyc:CPD-21913	MetaCyc:CPD-21913				
cpd48337	MetaCyc:CPD-21857@Charged	MetaCyc:CPD-21857@Charged	MetaCyc:CPD-21857@Charged	MetaCyc:CPD-21857@Charged	MetaCyc:CPD-21857	MetaCyc:CPD-21857				
cpd48338	MetaCyc:CPD-21904@Charged	MetaCyc:CPD-21904@Charged	MetaCyc:CPD-21904@Charged	MetaCyc:CPD-21904@Charged	MetaCyc:CPD-21904	MetaCyc:CPD-21904				
cpd48339	MetaCyc:CPD-21860	MetaCyc:CPD-21860	MetaCyc:CPD-21860	MetaCyc:CPD-21860@Charged	MetaCyc:CPD-21860	MetaCyc:CPD-21860				
cpd48340	MetaCyc:CPD-24276@Charged	MetaCyc:CPD-24276@Charged	MetaCyc:CPD-24276@Charged	MetaCyc:CPD-24276@Charged	MetaCyc:CPD-24276	MetaCyc:CPD-24276				
cpd48341										
cpd48342	MetaCyc:CPD-21883@Charged	MetaCyc:CPD-21883@Charged	MetaCyc:CPD-21883@Charged	MetaCyc:CPD-21883@Charged	MetaCyc:CPD-21883	MetaCyc:CPD-21883				
cpd48343	MetaCyc:CPD-21851@Charged	MetaCyc:CPD-21851@Charged	MetaCyc:CPD-21851@Charged	MetaCyc:CPD-21851@Charged	MetaCyc:CPD-21851	MetaCyc:CPD-21851				
cpd48344	MetaCyc:CPD-23851	MetaCyc:CPD-23851	MetaCyc:CPD-23851	MetaCyc:CPD-23851	MetaCyc:CPD-23851	MetaCyc:CPD-23851				
cpd48345	MetaCyc:CPD-21897@Charged	MetaCyc:CPD-21897@Charged	MetaCyc:CPD-21897@Charged	MetaCyc:CPD-21897@Charged	MetaCyc:CPD-21897	MetaCyc:CPD-21897				
cpd48346	MetaCyc:CPD-23416	MetaCyc:CPD-23416	MetaCyc:CPD-23416	MetaCyc:CPD-23416		MetaCyc:CPD-23416				
cpd48347	MetaCyc:CPD-21849@Charged	MetaCyc:CPD-21849@Charged	MetaCyc:CPD-21849@Charged	MetaCyc:CPD-21849@Charged	MetaCyc:CPD-21849	MetaCyc:CPD-21849				
cpd48348	MetaCyc:CPD-21893@Charged	MetaCyc:CPD-21893@Charged	MetaCyc:CPD-21893@Charged	MetaCyc:CPD-21893@Charged	MetaCyc:CPD-21893	MetaCyc:CPD-21893				
cpd48349	MetaCyc:CPD-21880	MetaCyc:CPD-21880	MetaCyc:CPD-21880	MetaCyc:CPD-21880@Charged	MetaCyc:CPD-21880	MetaCyc:CPD-21880				
cpd48350	MetaCyc:CPD-21852@Charged	MetaCyc:CPD-21852@Charged	MetaCyc:CPD-21852@Charged	MetaCyc:CPD-21852@Charged	MetaCyc:CPD-21852	MetaCyc:CPD-21852				
cpd48351	MetaCyc:CPD-23584	MetaCyc:CPD-23584	MetaCyc:CPD-23584	MetaCyc:CPD-23584	MetaCyc:CPD-23584	MetaCyc:CPD-23584				
cpd48352	MetaCyc:CPD-23513	MetaCyc:CPD-23513	MetaCyc:CPD-23513	MetaCyc:CPD-23513	MetaCyc:CPD-23513	MetaCyc:CPD-23513				
cpd48353	MetaCyc:CPD-24818	MetaCyc:CPD-24818	MetaCyc:CPD-24818	MetaCyc:CPD-24818	MetaCyc:CPD-24818	MetaCyc:CPD-24818				
cpd48354	MetaCyc:CPD-24819	MetaCyc:CPD-24819	MetaCyc:CPD-24819	MetaCyc:CPD-24819	MetaCyc:CPD-24819	MetaCyc:CPD-24819				
cpd48355	MetaCyc:CPD-23417	MetaCyc:CPD-23417	MetaCyc:CPD-23417	MetaCyc:CPD-23417	MetaCyc:CPD-23417	MetaCyc:CPD-23417				
cpd48356	MetaCyc:CPD-23299	MetaCyc:CPD-23299	MetaCyc:CPD-23299	MetaCyc:CPD-23299	MetaCyc:CPD-23299	MetaCyc:CPD-23299				
cpd48357	MetaCyc:CPD-23296	MetaCyc:CPD-23296	MetaCyc:CPD-23296	MetaCyc:CPD-23296	MetaCyc:CPD-23296	MetaCyc:CPD-23296				
cpd48358	MetaCyc:CPD-22309	MetaCyc:CPD-22309	MetaCyc:CPD-22309	MetaCyc:CPD-22309	MetaCyc:CPD-22309	MetaCyc:CPD-22309				
cpd48359	MetaCyc:CPD-23357	MetaCyc:CPD-23357	MetaCyc:CPD-23357	MetaCyc:CPD-23357	MetaCyc:CPD-23357	MetaCyc:CPD-23357				
cpd48360	MetaCyc:CPD-23415	MetaCyc:CPD-23415	MetaCyc:CPD-23415	MetaCyc:CPD-23415						
cpd48361	MetaCyc:CPD-24076	MetaCyc:CPD-24076	MetaCyc:CPD-24076	MetaCyc:CPD-24076	MetaCyc:CPD-24076	MetaCyc:CPD-24076				
cpd48362	MetaCyc:CPD-24071	MetaCyc:CPD-24071	MetaCyc:CPD-24071	MetaCyc:CPD-24071	MetaCyc:CPD-24071	MetaCyc:CPD-24071				
cpd48363	MetaCyc:CPD-24074@Charged	MetaCyc:CPD-24074@Charged	MetaCyc:CPD-24074@Charged	MetaCyc:CPD-24074@Charged	MetaCyc:CPD-24074	MetaCyc:CPD-24074				
cpd48364	MetaCyc:CPD-24075	MetaCyc:CPD-24075	MetaCyc:CPD-24075	MetaCyc:CPD-24075	MetaCyc:CPD-24075	MetaCyc:CPD-24075				
cpd48365	MetaCyc:CPD-24070	MetaCyc:CPD-24070	MetaCyc:CPD-24070	MetaCyc:CPD-24070	MetaCyc:CPD-24070	MetaCyc:CPD-24070				
cpd48366	MetaCyc:CPD-22823	MetaCyc:CPD-22823	MetaCyc:CPD-22823	MetaCyc:CPD-22823	MetaCyc:CPD-22823	MetaCyc:CPD-22823				
cpd48367	MetaCyc:CPD-24067@Charged	MetaCyc:CPD-24067@Charged	MetaCyc:CPD-24067@Charged	MetaCyc:CPD-24067@Charged	MetaCyc:CPD-24067	MetaCyc:CPD-24067				
cpd48368	MetaCyc:CPD-24459	MetaCyc:CPD-24459	MetaCyc:CPD-24459	MetaCyc:CPD-24459@Charged	MetaCyc:CPD-24459	MetaCyc:CPD-24459				
cpd48369	MetaCyc:CPD-24456	MetaCyc:CPD-24456	MetaCyc:CPD-24456	MetaCyc:CPD-24456@Charged	MetaCyc:CPD-24456	MetaCyc:CPD-24456				
cpd48370	MetaCyc:CPD-24068@Charged	MetaCyc:CPD-24068@Charged	MetaCyc:CPD-24068@Charged	MetaCyc:CPD-24068@Charged	MetaCyc:CPD-24068	MetaCyc:CPD-24068				
cpd48371	MetaCyc:CPD-24460	MetaCyc:CPD-24460	MetaCyc:CPD-24460	MetaCyc:CPD-24460@Charged	MetaCyc:CPD-24460	MetaCyc:CPD-24460				
cpd48372	MetaCyc:CPD-24457	MetaCyc:CPD-24457	MetaCyc:CPD-24457	MetaCyc:CPD-24457@Charged	MetaCyc:CPD-24457	MetaCyc:CPD-24457				
cpd48373	MetaCyc:CPD-24461	MetaCyc:CPD-24461	MetaCyc:CPD-24461	MetaCyc:CPD-24461@Charged	MetaCyc:CPD-24461	MetaCyc:CPD-24461				
cpd48374	MetaCyc:CPD-24458	MetaCyc:CPD-24458	MetaCyc:CPD-24458	MetaCyc:CPD-24458@Charged	MetaCyc:CPD-24458	MetaCyc:CPD-24458				
cpd48375	MetaCyc:CPD-24069	MetaCyc:CPD-24069	MetaCyc:CPD-24069	MetaCyc:CPD-24069	MetaCyc:CPD-24069	MetaCyc:CPD-24069				
cpd48376	MetaCyc:CPD-24066	MetaCyc:CPD-24066	MetaCyc:CPD-24066	MetaCyc:CPD-24066	MetaCyc:CPD-24066					
cpd48377	MetaCyc:CPD-23649	MetaCyc:CPD-23649	MetaCyc:CPD-23649	MetaCyc:CPD-23649	MetaCyc:CPD-23649	MetaCyc:CPD-23649				
cpd48378	MetaCyc:CPD-23450@Charged	MetaCyc:CPD-23450@Charged		MetaCyc:CPD-23450@Charged	MetaCyc:CPD-23450	MetaCyc:CPD-23450				
cpd48379	MetaCyc:CPD-23647	MetaCyc:CPD-23647	MetaCyc:CPD-23647	MetaCyc:CPD-23647	MetaCyc:CPD-23647	MetaCyc:CPD-23647				
cpd48380	MetaCyc:CPD-22423	MetaCyc:CPD-22423	MetaCyc:CPD-22423	MetaCyc:CPD-22423						
cpd48381	MetaCyc:CPD-23673@Charged	MetaCyc:CPD-23673@Charged	MetaCyc:CPD-23673@Charged	MetaCyc:CPD-23673@Charged	MetaCyc:CPD-23673	MetaCyc:CPD-23673				
cpd48382	MetaCyc:CPD-23648	MetaCyc:CPD-23648	MetaCyc:CPD-23648	MetaCyc:CPD-23648	MetaCyc:CPD-23648	MetaCyc:CPD-23648				
cpd48383	MetaCyc:CPD-23445	MetaCyc:CPD-23445	MetaCyc:CPD-23445	MetaCyc:CPD-23445@Charged	MetaCyc:CPD-23445	MetaCyc:CPD-23445				
cpd48384	MetaCyc:CPD-23449@Charged	MetaCyc:CPD-23449@Charged		MetaCyc:CPD-23449@Charged	MetaCyc:CPD-23449	MetaCyc:CPD-23449				
cpd48385	MetaCyc:CPD-22998	MetaCyc:CPD-22998	MetaCyc:CPD-22998	MetaCyc:CPD-22998@Charged	MetaCyc:CPD-22998	MetaCyc:CPD-22998				
cpd48386	MetaCyc:CPD-22549	MetaCyc:CPD-22549	MetaCyc:CPD-22549	MetaCyc:CPD-22549		MetaCyc:CPD-22549				
cpd48387	MetaCyc:CPD-22632	MetaCyc:CPD-22632	MetaCyc:CPD-22632	MetaCyc:CPD-22632	MetaCyc:CPD-22632	MetaCyc:CPD-22632				
cpd48388	MetaCyc:CPD-22304	MetaCyc:CPD-22304	MetaCyc:CPD-22304	MetaCyc:CPD-22304	MetaCyc:CPD-22304	MetaCyc:CPD-22304				
cpd48389	MetaCyc:CPD-25616	MetaCyc:CPD-25616	MetaCyc:CPD-25616	MetaCyc:CPD-25616		MetaCyc:CPD-25616				
cpd48390	MetaCyc:CPD-25810	MetaCyc:CPD-25810	MetaCyc:CPD-25810	MetaCyc:CPD-25810	MetaCyc:CPD-25810	MetaCyc:CPD-25810				
cpd48391	MetaCyc:CPD-25773	MetaCyc:CPD-25773	MetaCyc:CPD-25773	MetaCyc:CPD-25773	MetaCyc:CPD-25773	MetaCyc:CPD-25773				
cpd48392	MetaCyc:CPD-24665	MetaCyc:CPD-24665	MetaCyc:CPD-24665	MetaCyc:CPD-24665	MetaCyc:CPD-24665	MetaCyc:CPD-24665				
cpd48393	MetaCyc:CPD-25807	MetaCyc:CPD-25807	MetaCyc:CPD-25807	MetaCyc:CPD-25807	MetaCyc:CPD-25807	MetaCyc:CPD-25807				
cpd48394	MetaCyc:CPD-25767	MetaCyc:CPD-25767	MetaCyc:CPD-25767	MetaCyc:CPD-25767	MetaCyc:CPD-25767	MetaCyc:CPD-25767				
cpd48395	MetaCyc:CPD-25804	MetaCyc:CPD-25804	MetaCyc:CPD-25804	MetaCyc:CPD-25804	MetaCyc:CPD-25804	MetaCyc:CPD-25804				
cpd48396	MetaCyc:CPD-25763	MetaCyc:CPD-25763	MetaCyc:CPD-25763	MetaCyc:CPD-25763	MetaCyc:CPD-25763	MetaCyc:CPD-25763				
cpd48397	MetaCyc:CPD-22486	MetaCyc:CPD-22486	MetaCyc:CPD-22486	MetaCyc:CPD-22486	MetaCyc:CPD-22486	MetaCyc:CPD-22486				
cpd48398	MetaCyc:CPD-22324	MetaCyc:CPD-22324	MetaCyc:CPD-22324	MetaCyc:CPD-22324	MetaCyc:CPD-22324	MetaCyc:CPD-22324				
cpd48399	MetaCyc:CPD-22481	MetaCyc:CPD-22481	MetaCyc:CPD-22481	MetaCyc:CPD-22481	MetaCyc:CPD-22481	MetaCyc:CPD-22481				
cpd48400	MetaCyc:CPD-25801	MetaCyc:CPD-25801	MetaCyc:CPD-25801	MetaCyc:CPD-25801	MetaCyc:CPD-25801	MetaCyc:CPD-25801				
cpd48401	MetaCyc:10-Methyl-3-Oxododecanoyl-ACPs@Charged	MetaCyc:10-Methyl-3-Oxododecanoyl-ACPs@Charged		MetaCyc:10-Methyl-3-Oxododecanoyl-ACPs@Charged	MetaCyc:10-Methyl-3-Oxododecanoyl-ACPs	MetaCyc:10-Methyl-3-Oxododecanoyl-ACPs				
cpd48402	MetaCyc:10-Methyl-3-Oxoundecanoyl-ACPs@Charged	MetaCyc:10-Methyl-3-Oxoundecanoyl-ACPs@Charged		MetaCyc:10-Methyl-3-Oxoundecanoyl-ACPs@Charged	MetaCyc:10-Methyl-3-Oxoundecanoyl-ACPs	MetaCyc:10-Methyl-3-Oxoundecanoyl-ACPs				
cpd48403	MetaCyc:10-Methyl-Dodec-2-enoyl-ACPs@Charged	MetaCyc:10-Methyl-Dodec-2-enoyl-ACPs@Charged		MetaCyc:10-Methyl-Dodec-2-enoyl-ACPs@Charged	MetaCyc:10-Methyl-Dodec-2-enoyl-ACPs	MetaCyc:10-Methyl-Dodec-2-enoyl-ACPs				
cpd48404	MetaCyc:10-Methyl-Undec-2-enoyl-ACPs@Charged	MetaCyc:10-Methyl-Undec-2-enoyl-ACPs@Charged		MetaCyc:10-Methyl-Undec-2-enoyl-ACPs@Charged	MetaCyc:10-Methyl-Undec-2-enoyl-ACPs	MetaCyc:10-Methyl-Undec-2-enoyl-ACPs				
cpd48405	MetaCyc:10-Methyldodecanoyl-ACPs@Charged	MetaCyc:10-Methyldodecanoyl-ACPs@Charged		MetaCyc:10-Methyldodecanoyl-ACPs@Charged	MetaCyc:10-Methyldodecanoyl-ACPs	MetaCyc:10-Methyldodecanoyl-ACPs				
cpd48406	MetaCyc:10-Methylundecanoyl-ACPs@Charged	MetaCyc:10-Methylundecanoyl-ACPs@Charged		MetaCyc:10-Methylundecanoyl-ACPs@Charged	MetaCyc:10-Methylundecanoyl-ACPs	MetaCyc:10-Methylundecanoyl-ACPs				
cpd48407	MetaCyc:10-methyl-3-5-9-11-15-pentahydroxyheptadec-6-enoyl-SpnD@Charged	MetaCyc:10-methyl-3-5-9-11-15-pentahydroxyheptadec-6-enoyl-SpnD@Charged		MetaCyc:10-methyl-3-5-9-11-15-pentahydroxyheptadec-6-enoyl-SpnD@Charged	MetaCyc:10-methyl-3-5-9-11-15-pentahydroxyheptadec-6-enoyl-SpnD	MetaCyc:10-methyl-3-5-9-11-15-pentahydroxyheptadec-6-enoyl-SpnD				
cpd48408	MetaCyc:11-Methyl-3-Oxododecanoyl-ACPs@Charged	MetaCyc:11-Methyl-3-Oxododecanoyl-ACPs@Charged		MetaCyc:11-Methyl-3-Oxododecanoyl-ACPs@Charged	MetaCyc:11-Methyl-3-Oxododecanoyl-ACPs	MetaCyc:11-Methyl-3-Oxododecanoyl-ACPs				
cpd48409	MetaCyc:11-Methyl-Dodec-2-enoyl-ACPs@Charged	MetaCyc:11-Methyl-Dodec-2-enoyl-ACPs@Charged		MetaCyc:11-Methyl-Dodec-2-enoyl-ACPs@Charged	MetaCyc:11-Methyl-Dodec-2-enoyl-ACPs	MetaCyc:11-Methyl-Dodec-2-enoyl-ACPs				
cpd48410	MetaCyc:11-Methyldodecanoyl-ACPs@Charged	MetaCyc:11-Methyldodecanoyl-ACPs@Charged		MetaCyc:11-Methyldodecanoyl-ACPs@Charged	MetaCyc:11-Methyldodecanoyl-ACPs	MetaCyc:11-Methyldodecanoyl-ACPs				
cpd48411	MetaCyc:12-Methyl-3-Oxotetradecanoyl-ACPs@Charged	MetaCyc:12-Methyl-3-Oxotetradecanoyl-ACPs@Charged		MetaCyc:12-Methyl-3-Oxotetradecanoyl-ACPs@Charged	MetaCyc:12-Methyl-3-Oxotetradecanoyl-ACPs	MetaCyc:12-Methyl-3-Oxotetradecanoyl-ACPs				
cpd48412	MetaCyc:12-Methyl-3-Oxotridecanoyl-ACPs@Charged	MetaCyc:12-Methyl-3-Oxotridecanoyl-ACPs@Charged		MetaCyc:12-Methyl-3-Oxotridecanoyl-ACPs@Charged	MetaCyc:12-Methyl-3-Oxotridecanoyl-ACPs	MetaCyc:12-Methyl-3-Oxotridecanoyl-ACPs				
cpd48413	MetaCyc:12-Methyl-pentahydroxynonadec-2-8-dienoyl-SpnE@Charged	MetaCyc:12-Methyl-pentahydroxynonadec-2-8-dienoyl-SpnE@Charged		MetaCyc:12-Methyl-pentahydroxynonadec-2-8-dienoyl-SpnE@Charged	MetaCyc:12-Methyl-pentahydroxynonadec-2-8-dienoyl-SpnE	MetaCyc:12-Methyl-pentahydroxynonadec-2-8-dienoyl-SpnE				
cpd48414	MetaCyc:12-Methyltetradec-2-enoyl-ACPs@Charged	MetaCyc:12-Methyltetradec-2-enoyl-ACPs@Charged		MetaCyc:12-Methyltetradec-2-enoyl-ACPs@Charged	MetaCyc:12-Methyltetradec-2-enoyl-ACPs	MetaCyc:12-Methyltetradec-2-enoyl-ACPs				
cpd48415	MetaCyc:12-Methyltridec-2-enoyl-ACPs@Charged	MetaCyc:12-Methyltridec-2-enoyl-ACPs@Charged		MetaCyc:12-Methyltridec-2-enoyl-ACPs@Charged	MetaCyc:12-Methyltridec-2-enoyl-ACPs	MetaCyc:12-Methyltridec-2-enoyl-ACPs				
cpd48416	MetaCyc:12-hydroxy-styryl-pyrone-1-3Ketide@Charged	MetaCyc:12-hydroxy-styryl-pyrone-1-3Ketide@Charged		MetaCyc:12-hydroxy-styryl-pyrone-1-3Ketide@Charged	MetaCyc:12-hydroxy-styryl-pyrone-1-3Ketide	MetaCyc:12-hydroxy-styryl-pyrone-1-3Ketide				
cpd48417	MetaCyc:12-methyltetradecanoyl-ACPs@Charged	MetaCyc:12-methyltetradecanoyl-ACPs@Charged		MetaCyc:12-methyltetradecanoyl-ACPs@Charged	MetaCyc:12-methyltetradecanoyl-ACPs	MetaCyc:12-methyltetradecanoyl-ACPs				
cpd48418	MetaCyc:12-methyltridecanoyl-ACPs@Charged	MetaCyc:12-methyltridecanoyl-ACPs@Charged		MetaCyc:12-methyltridecanoyl-ACPs@Charged	MetaCyc:12-methyltridecanoyl-ACPs	MetaCyc:12-methyltridecanoyl-ACPs				
cpd48419	MetaCyc:13-Methyl-3-Oxotetradecanoyl-ACPs@Charged	MetaCyc:13-Methyl-3-Oxotetradecanoyl-ACPs@Charged		MetaCyc:13-Methyl-3-Oxotetradecanoyl-ACPs@Charged	MetaCyc:13-Methyl-3-Oxotetradecanoyl-ACPs	MetaCyc:13-Methyl-3-Oxotetradecanoyl-ACPs				
cpd48420	MetaCyc:13-Methyltetradec-2-enoyl-ACPs@Charged	MetaCyc:13-Methyltetradec-2-enoyl-ACPs@Charged		MetaCyc:13-Methyltetradec-2-enoyl-ACPs@Charged	MetaCyc:13-Methyltetradec-2-enoyl-ACPs	MetaCyc:13-Methyltetradec-2-enoyl-ACPs				
cpd48421	MetaCyc:13-methyltetradecanoyl-ACPs@Charged	MetaCyc:13-methyltetradecanoyl-ACPs@Charged		MetaCyc:13-methyltetradecanoyl-ACPs@Charged	MetaCyc:13-methyltetradecanoyl-ACPs	MetaCyc:13-methyltetradecanoyl-ACPs				
cpd48422	MetaCyc:14-Methyl-3-Oxohexadecanoyl-ACPs@Charged	MetaCyc:14-Methyl-3-Oxohexadecanoyl-ACPs@Charged		MetaCyc:14-Methyl-3-Oxohexadecanoyl-ACPs@Charged	MetaCyc:14-Methyl-3-Oxohexadecanoyl-ACPs	MetaCyc:14-Methyl-3-Oxohexadecanoyl-ACPs				
cpd48423	MetaCyc:14-Methyl-3-Oxopentadecanoyl-ACPs@Charged	MetaCyc:14-Methyl-3-Oxopentadecanoyl-ACPs@Charged		MetaCyc:14-Methyl-3-Oxopentadecanoyl-ACPs@Charged	MetaCyc:14-Methyl-3-Oxopentadecanoyl-ACPs	MetaCyc:14-Methyl-3-Oxopentadecanoyl-ACPs				
cpd48424	MetaCyc:14-Methyl-Hexadec-2-enoyl-ACPs@Charged	MetaCyc:14-Methyl-Hexadec-2-enoyl-ACPs@Charged		MetaCyc:14-Methyl-Hexadec-2-enoyl-ACPs@Charged	MetaCyc:14-Methyl-Hexadec-2-enoyl-ACPs	MetaCyc:14-Methyl-Hexadec-2-enoyl-ACPs				
cpd48425	MetaCyc:14-Methyl-Pentadec-2-enoyl-ACPs@Charged	MetaCyc:14-Methyl-Pentadec-2-enoyl-ACPs@Charged		MetaCyc:14-Methyl-Pentadec-2-enoyl-ACPs@Charged	MetaCyc:14-Methyl-Pentadec-2-enoyl-ACPs	MetaCyc:14-Methyl-Pentadec-2-enoyl-ACPs				
cpd48426	MetaCyc:14-Methyl-pentahydroxyuncos-2-4-10-trienoyl-SpnE@Charged	MetaCyc:14-Methyl-pentahydroxyuncos-2-4-10-trienoyl-SpnE@Charged		MetaCyc:14-Methyl-pentahydroxyuncos-2-4-10-trienoyl-SpnE@Charged	MetaCyc:14-Methyl-pentahydroxyuncos-2-4-10-trienoyl-SpnE	MetaCyc:14-Methyl-pentahydroxyuncos-2-4-10-trienoyl-SpnE				
cpd48427	MetaCyc:14-Methylhexadecanoyl-ACPs@Charged	MetaCyc:14-Methylhexadecanoyl-ACPs@Charged		MetaCyc:14-Methylhexadecanoyl-ACPs@Charged	MetaCyc:14-Methylhexadecanoyl-ACPs	MetaCyc:14-Methylhexadecanoyl-ACPs				
cpd48428	MetaCyc:14-Methylpentadecanoyl-ACPs@Charged	MetaCyc:14-Methylpentadecanoyl-ACPs@Charged		MetaCyc:14-Methylpentadecanoyl-ACPs@Charged	MetaCyc:14-Methylpentadecanoyl-ACPs	MetaCyc:14-Methylpentadecanoyl-ACPs				
cpd48429	MetaCyc:15-Methyl-3-Oxohexadecanoyl-ACPs@Charged	MetaCyc:15-Methyl-3-Oxohexadecanoyl-ACPs@Charged		MetaCyc:15-Methyl-3-Oxohexadecanoyl-ACPs@Charged	MetaCyc:15-Methyl-3-Oxohexadecanoyl-ACPs	MetaCyc:15-Methyl-3-Oxohexadecanoyl-ACPs				
cpd48430	MetaCyc:15-Methyl-Hexadec-2-enoyl-ACPs@Charged	MetaCyc:15-Methyl-Hexadec-2-enoyl-ACPs@Charged		MetaCyc:15-Methyl-Hexadec-2-enoyl-ACPs@Charged	MetaCyc:15-Methyl-Hexadec-2-enoyl-ACPs	MetaCyc:15-Methyl-Hexadec-2-enoyl-ACPs				
cpd48431	MetaCyc:15-Methylhexadecanoyl-ACPs@Charged	MetaCyc:15-Methylhexadecanoyl-ACPs@Charged		MetaCyc:15-Methylhexadecanoyl-ACPs@Charged	MetaCyc:15-Methylhexadecanoyl-ACPs	MetaCyc:15-Methylhexadecanoyl-ACPs				
cpd48432	MetaCyc:15-Z-alpha-Phycoerythrocyanins@Charged	MetaCyc:15-Z-alpha-Phycoerythrocyanins@Charged		MetaCyc:15-Z-alpha-Phycoerythrocyanins@Charged	MetaCyc:15-Z-alpha-Phycoerythrocyanins	MetaCyc:15-Z-alpha-Phycoerythrocyanins			MetaCyc:15-Z-alpha-Phycoerythrocyanins@Charged	
cpd48433	MetaCyc:16-Methyl-pentahydroxytricos-2-4-6-12-tetraenoyl-SpnE@Charged	MetaCyc:16-Methyl-pentahydroxytricos-2-4-6-12-tetraenoyl-SpnE@Charged		MetaCyc:16-Methyl-pentahydroxytricos-2-4-6-12-tetraenoyl-SpnE@Charged	MetaCyc:16-Methyl-pentahydroxytricos-2-4-6-12-tetraenoyl-SpnE	MetaCyc:16-Methyl-pentahydroxytricos-2-4-6-12-tetraenoyl-SpnE				
cpd48434	MetaCyc:2-3-DAP-SulM@Charged	MetaCyc:2-3-DAP-SulM@Charged		MetaCyc:2-3-DAP-SulM@Charged	MetaCyc:2-3-DAP-SulM	MetaCyc:2-3-DAP-SulM				
cpd48435	MetaCyc:2-Amino-4OH-Hexamino-Hydroxybenzoyl-ACP@Charged	MetaCyc:2-Amino-4OH-Hexamino-Hydroxybenzoyl-ACP@Charged		MetaCyc:2-Amino-4OH-Hexamino-Hydroxybenzoyl-ACP@Charged	MetaCyc:2-Amino-4OH-Hexamino-Hydroxybenzoyl-ACP	MetaCyc:2-Amino-4OH-Hexamino-Hydroxybenzoyl-ACP				
cpd48436	MetaCyc:2-Amino-4OH-Hexamino-P-benzoyl-ACP@Charged	MetaCyc:2-Amino-4OH-Hexamino-P-benzoyl-ACP@Charged		MetaCyc:2-Amino-4OH-Hexamino-P-benzoyl-ACP@Charged	MetaCyc:2-Amino-4OH-Hexamino-P-benzoyl-ACP	MetaCyc:2-Amino-4OH-Hexamino-P-benzoyl-ACP				
cpd48437	MetaCyc:2-Aminodecanoyl-ClbE@Charged	MetaCyc:2-Aminodecanoyl-ClbE@Charged		MetaCyc:2-Aminodecanoyl-ClbE@Charged	MetaCyc:2-Aminodecanoyl-ClbE	MetaCyc:2-Aminodecanoyl-ClbE				
cpd48438	MetaCyc:2-Hexadecenoyl-TYPE-I-FAS-ACPs@Charged	MetaCyc:2-Hexadecenoyl-TYPE-I-FAS-ACPs@Charged		MetaCyc:2-Hexadecenoyl-TYPE-I-FAS-ACPs@Charged	MetaCyc:2-Hexadecenoyl-TYPE-I-FAS-ACPs	MetaCyc:2-Hexadecenoyl-TYPE-I-FAS-ACPs				
cpd48439	MetaCyc:2-Methylcyclopropane-1-carboxyl-CurA-ACPI-Domain@Charged	MetaCyc:2-Methylcyclopropane-1-carboxyl-CurA-ACPI-Domain@Charged		MetaCyc:2-Methylcyclopropane-1-carboxyl-CurA-ACPI-Domain@Charged	MetaCyc:2-Methylcyclopropane-1-carboxyl-CurA-ACPI-Domain	MetaCyc:2-Methylcyclopropane-1-carboxyl-CurA-ACPI-Domain				
cpd48440	MetaCyc:2-Octenoyl-TYPE-I-FAS-ACPs@Charged	MetaCyc:2-Octenoyl-TYPE-I-FAS-ACPs@Charged		MetaCyc:2-Octenoyl-TYPE-I-FAS-ACPs@Charged	MetaCyc:2-Octenoyl-TYPE-I-FAS-ACPs	MetaCyc:2-Octenoyl-TYPE-I-FAS-ACPs				
cpd48441	MetaCyc:23-DHB-MxcF@Charged	MetaCyc:23-DHB-MxcF@Charged		MetaCyc:23-DHB-MxcF@Charged	MetaCyc:23-DHB-MxcF	MetaCyc:23-DHB-MxcF				
cpd48442	MetaCyc:27-hydroxy-octacosanoyl-ACP@Charged	MetaCyc:27-hydroxy-octacosanoyl-ACP@Charged		MetaCyc:27-hydroxy-octacosanoyl-ACP@Charged	MetaCyc:27-hydroxy-octacosanoyl-ACP	MetaCyc:27-hydroxy-octacosanoyl-ACP				
cpd48443	MetaCyc:28S-rRNA-3-Adenosine-23-Cyclophosphate	MetaCyc:28S-rRNA-3-Adenosine-23-Cyclophosphate		MetaCyc:28S-rRNA-3-Adenosine-23-Cyclophosphate	MetaCyc:28S-rRNA-3-Adenosine-23-Cyclophosphate	MetaCyc:28S-rRNA-3-Adenosine-23-Cyclophosphate				
cpd48444	MetaCyc:28S-rRNA-3prime-Adenosine-3prime-P	MetaCyc:28S-rRNA-3prime-Adenosine-3prime-P		MetaCyc:28S-rRNA-3prime-Adenosine-3prime-P	MetaCyc:28S-rRNA-3prime-Adenosine-3prime-P	MetaCyc:28S-rRNA-3prime-Adenosine-3prime-P				
cpd48445	MetaCyc:28S-rRNA-Containing-GA	MetaCyc:28S-rRNA-Containing-GA		MetaCyc:28S-rRNA-Containing-GA	MetaCyc:28S-rRNA-Containing-GA	MetaCyc:28S-rRNA-Containing-GA				
cpd48446	MetaCyc:2Cys-Peroxiredoxins-With-HydroxyCys@Charged	MetaCyc:2Cys-Peroxiredoxins-With-HydroxyCys@Charged		MetaCyc:2Cys-Peroxiredoxins-With-HydroxyCys@Charged	MetaCyc:2Cys-Peroxiredoxins-With-HydroxyCys	MetaCyc:2Cys-Peroxiredoxins-With-HydroxyCys			MetaCyc:2Cys-Peroxiredoxins-With-HydroxyCys@Charged	
cpd48447	MetaCyc:2E-Unsaturated-Fatty-Acyl-ACP@Charged	MetaCyc:2E-Unsaturated-Fatty-Acyl-ACP@Charged		MetaCyc:2E-Unsaturated-Fatty-Acyl-ACP@Charged	MetaCyc:2E-Unsaturated-Fatty-Acyl-ACP	MetaCyc:2E-Unsaturated-Fatty-Acyl-ACP				
cpd48448	MetaCyc:2Prime-O-methyl-3Prime-Terminated-sRNAs	MetaCyc:2Prime-O-methyl-3Prime-Terminated-sRNAs		MetaCyc:2Prime-O-methyl-3Prime-Terminated-sRNAs	MetaCyc:2Prime-O-methyl-3Prime-Terminated-sRNAs	MetaCyc:2Prime-O-methyl-3Prime-Terminated-sRNAs				
cpd48449	MetaCyc:2Z-Unsaturated-Long-Chain-Fatty-Acyl-ACP@Charged	MetaCyc:2Z-Unsaturated-Long-Chain-Fatty-Acyl-ACP@Charged		MetaCyc:2Z-Unsaturated-Long-Chain-Fatty-Acyl-ACP@Charged	MetaCyc:2Z-Unsaturated-Long-Chain-Fatty-Acyl-ACP	MetaCyc:2Z-Unsaturated-Long-Chain-Fatty-Acyl-ACP				
cpd48450	MetaCyc:3-5-9-Trihydroxy-4-methylundecanoyl-SpnC@Charged	MetaCyc:3-5-9-Trihydroxy-4-methylundecanoyl-SpnC@Charged		MetaCyc:3-5-9-Trihydroxy-4-methylundecanoyl-SpnC@Charged	MetaCyc:3-5-9-Trihydroxy-4-methylundecanoyl-SpnC	MetaCyc:3-5-9-Trihydroxy-4-methylundecanoyl-SpnC				
cpd48451	MetaCyc:3-7-9-13-Tetrahydroxy-8-methylpentadec-4-enoyl-SpnD@Charged	MetaCyc:3-7-9-13-Tetrahydroxy-8-methylpentadec-4-enoyl-SpnD@Charged		MetaCyc:3-7-9-13-Tetrahydroxy-8-methylpentadec-4-enoyl-SpnD@Charged	MetaCyc:3-7-9-13-Tetrahydroxy-8-methylpentadec-4-enoyl-SpnD	MetaCyc:3-7-9-13-Tetrahydroxy-8-methylpentadec-4-enoyl-SpnD				
cpd48452	MetaCyc:3-7-DiOH-2-5-8-8-TetraMe-nonanoyl-AprG@Charged	MetaCyc:3-7-DiOH-2-5-8-8-TetraMe-nonanoyl-AprG@Charged		MetaCyc:3-7-DiOH-2-5-8-8-TetraMe-nonanoyl-AprG@Charged	MetaCyc:3-7-DiOH-2-5-8-8-TetraMe-nonanoyl-AprG	MetaCyc:3-7-DiOH-2-5-8-8-TetraMe-nonanoyl-AprG				
cpd48453	MetaCyc:3-7-Dihydroxy-2-methylnonanoyl-SpnC@Charged	MetaCyc:3-7-Dihydroxy-2-methylnonanoyl-SpnC@Charged		MetaCyc:3-7-Dihydroxy-2-methylnonanoyl-SpnC@Charged	MetaCyc:3-7-Dihydroxy-2-methylnonanoyl-SpnC	MetaCyc:3-7-Dihydroxy-2-methylnonanoyl-SpnC				
cpd48454	MetaCyc:3-Ac-3-5-DiOH-6-6-DiMe-Heptanoyl-AprC@Charged	MetaCyc:3-Ac-3-5-DiOH-6-6-DiMe-Heptanoyl-AprC@Charged		MetaCyc:3-Ac-3-5-DiOH-6-6-DiMe-Heptanoyl-AprC@Charged	MetaCyc:3-Ac-3-5-DiOH-6-6-DiMe-Heptanoyl-AprC	MetaCyc:3-Ac-3-5-DiOH-6-6-DiMe-Heptanoyl-AprC				
cpd48455	MetaCyc:3-Ac-5-OH-6-6-DiMe-Hept-2-enoyl-AprC@Charged	MetaCyc:3-Ac-5-OH-6-6-DiMe-Hept-2-enoyl-AprC@Charged		MetaCyc:3-Ac-5-OH-6-6-DiMe-Hept-2-enoyl-AprC@Charged	MetaCyc:3-Ac-5-OH-6-6-DiMe-Hept-2-enoyl-AprC	MetaCyc:3-Ac-5-OH-6-6-DiMe-Hept-2-enoyl-AprC				
cpd48456	MetaCyc:3-Ac-Heptadec-2-dienoyl-BryB-PKS@Charged	MetaCyc:3-Ac-Heptadec-2-dienoyl-BryB-PKS@Charged		MetaCyc:3-Ac-Heptadec-2-dienoyl-BryB-PKS@Charged	MetaCyc:3-Ac-Heptadec-2-dienoyl-BryB-PKS	MetaCyc:3-Ac-Heptadec-2-dienoyl-BryB-PKS				
cpd48457	MetaCyc:3-Ac-Heptadecenoyl-BryB-PKS@Charged	MetaCyc:3-Ac-Heptadecenoyl-BryB-PKS@Charged		MetaCyc:3-Ac-Heptadecenoyl-BryB-PKS@Charged	MetaCyc:3-Ac-Heptadecenoyl-BryB-PKS	MetaCyc:3-Ac-Heptadecenoyl-BryB-PKS				
cpd48458	MetaCyc:3-Ac-Tetrahydroxynonanoyl-BryA-PKS@Charged	MetaCyc:3-Ac-Tetrahydroxynonanoyl-BryA-PKS@Charged		MetaCyc:3-Ac-Tetrahydroxynonanoyl-BryA-PKS@Charged	MetaCyc:3-Ac-Tetrahydroxynonanoyl-BryA-PKS	MetaCyc:3-Ac-Tetrahydroxynonanoyl-BryA-PKS				
cpd48459	MetaCyc:3-Ac-Tri-OH-Nonenoyl-BryA-PKS@Charged	MetaCyc:3-Ac-Tri-OH-Nonenoyl-BryA-PKS@Charged		MetaCyc:3-Ac-Tri-OH-Nonenoyl-BryA-PKS@Charged	MetaCyc:3-Ac-Tri-OH-Nonenoyl-BryA-PKS	MetaCyc:3-Ac-Tri-OH-Nonenoyl-BryA-PKS				
cpd48460	MetaCyc:3-Aminosalicyl-AntG@Charged	MetaCyc:3-Aminosalicyl-AntG@Charged		MetaCyc:3-Aminosalicyl-AntG@Charged	MetaCyc:3-Aminosalicyl-AntG	MetaCyc:3-Aminosalicyl-AntG				
cpd48461	MetaCyc:3-Formamidosalicyl-AntG@Charged	MetaCyc:3-Formamidosalicyl-AntG@Charged		MetaCyc:3-Formamidosalicyl-AntG@Charged	MetaCyc:3-Formamidosalicyl-AntG	MetaCyc:3-Formamidosalicyl-AntG				
cpd48462	MetaCyc:3-Hydroxy-10-Methyldodecanoyl-ACPs@Charged	MetaCyc:3-Hydroxy-10-Methyldodecanoyl-ACPs@Charged		MetaCyc:3-Hydroxy-10-Methyldodecanoyl-ACPs@Charged	MetaCyc:3-Hydroxy-10-Methyldodecanoyl-ACPs	MetaCyc:3-Hydroxy-10-Methyldodecanoyl-ACPs				
cpd48463	MetaCyc:3-Hydroxy-10-Methylundecanoyl-ACPs@Charged	MetaCyc:3-Hydroxy-10-Methylundecanoyl-ACPs@Charged		MetaCyc:3-Hydroxy-10-Methylundecanoyl-ACPs@Charged	MetaCyc:3-Hydroxy-10-Methylundecanoyl-ACPs	MetaCyc:3-Hydroxy-10-Methylundecanoyl-ACPs				
cpd48464	MetaCyc:3-Hydroxy-11-Methyldodecanoyl-ACPs@Charged	MetaCyc:3-Hydroxy-11-Methyldodecanoyl-ACPs@Charged		MetaCyc:3-Hydroxy-11-Methyldodecanoyl-ACPs@Charged	MetaCyc:3-Hydroxy-11-Methyldodecanoyl-ACPs	MetaCyc:3-Hydroxy-11-Methyldodecanoyl-ACPs				
cpd48465	MetaCyc:3-Hydroxy-12-Methyltetradecanoyl-ACPs@Charged	MetaCyc:3-Hydroxy-12-Methyltetradecanoyl-ACPs@Charged		MetaCyc:3-Hydroxy-12-Methyltetradecanoyl-ACPs@Charged	MetaCyc:3-Hydroxy-12-Methyltetradecanoyl-ACPs	MetaCyc:3-Hydroxy-12-Methyltetradecanoyl-ACPs				
cpd48466	MetaCyc:3-Hydroxy-12-Methyltridecanoyl-ACPs@Charged	MetaCyc:3-Hydroxy-12-Methyltridecanoyl-ACPs@Charged		MetaCyc:3-Hydroxy-12-Methyltridecanoyl-ACPs@Charged	MetaCyc:3-Hydroxy-12-Methyltridecanoyl-ACPs	MetaCyc:3-Hydroxy-12-Methyltridecanoyl-ACPs				
cpd48467	MetaCyc:3-Hydroxy-13-Methyltetradecanoyl-ACPs@Charged	MetaCyc:3-Hydroxy-13-Methyltetradecanoyl-ACPs@Charged		MetaCyc:3-Hydroxy-13-Methyltetradecanoyl-ACPs@Charged	MetaCyc:3-Hydroxy-13-Methyltetradecanoyl-ACPs	MetaCyc:3-Hydroxy-13-Methyltetradecanoyl-ACPs				
cpd48468	MetaCyc:3-Hydroxy-14-Methylhexadecanoyl-ACPs@Charged	MetaCyc:3-Hydroxy-14-Methylhexadecanoyl-ACPs@Charged		MetaCyc:3-Hydroxy-14-Methylhexadecanoyl-ACPs@Charged	MetaCyc:3-Hydroxy-14-Methylhexadecanoyl-ACPs	MetaCyc:3-Hydroxy-14-Methylhexadecanoyl-ACPs				
cpd48469	MetaCyc:3-Hydroxy-14-Methylpentadecanoyl-ACPs@Charged	MetaCyc:3-Hydroxy-14-Methylpentadecanoyl-ACPs@Charged		MetaCyc:3-Hydroxy-14-Methylpentadecanoyl-ACPs@Charged	MetaCyc:3-Hydroxy-14-Methylpentadecanoyl-ACPs	MetaCyc:3-Hydroxy-14-Methylpentadecanoyl-ACPs				
cpd48470	MetaCyc:3-Hydroxy-15-Methylhexadecanoyl-ACPs@Charged	MetaCyc:3-Hydroxy-15-Methylhexadecanoyl-ACPs@Charged		MetaCyc:3-Hydroxy-15-Methylhexadecanoyl-ACPs@Charged	MetaCyc:3-Hydroxy-15-Methylhexadecanoyl-ACPs	MetaCyc:3-Hydroxy-15-Methylhexadecanoyl-ACPs				
cpd48471	MetaCyc:3-Hydroxy-4-4-Dimethyl-Butanoyl-AprB@Charged	MetaCyc:3-Hydroxy-4-4-Dimethyl-Butanoyl-AprB@Charged		MetaCyc:3-Hydroxy-4-4-Dimethyl-Butanoyl-AprB@Charged	MetaCyc:3-Hydroxy-4-4-Dimethyl-Butanoyl-AprB	MetaCyc:3-Hydroxy-4-4-Dimethyl-Butanoyl-AprB				
cpd48472	MetaCyc:3-Hydroxy-6-Methylheptanoyl-ACPs@Charged	MetaCyc:3-Hydroxy-6-Methylheptanoyl-ACPs@Charged		MetaCyc:3-Hydroxy-6-Methylheptanoyl-ACPs@Charged	MetaCyc:3-Hydroxy-6-Methylheptanoyl-ACPs	MetaCyc:3-Hydroxy-6-Methylheptanoyl-ACPs				
cpd48473	MetaCyc:3-Hydroxy-6-Methyloctanoyl-ACPs@Charged	MetaCyc:3-Hydroxy-6-Methyloctanoyl-ACPs@Charged		MetaCyc:3-Hydroxy-6-Methyloctanoyl-ACPs@Charged	MetaCyc:3-Hydroxy-6-Methyloctanoyl-ACPs	MetaCyc:3-Hydroxy-6-Methyloctanoyl-ACPs				
cpd48474	MetaCyc:3-Hydroxy-7-Methyloctanoyl-ACPs@Charged	MetaCyc:3-Hydroxy-7-Methyloctanoyl-ACPs@Charged		MetaCyc:3-Hydroxy-7-Methyloctanoyl-ACPs@Charged	MetaCyc:3-Hydroxy-7-Methyloctanoyl-ACPs	MetaCyc:3-Hydroxy-7-Methyloctanoyl-ACPs				
cpd48475	MetaCyc:3-Hydroxy-8-Methyldecanoyl-ACPs@Charged	MetaCyc:3-Hydroxy-8-Methyldecanoyl-ACPs@Charged		MetaCyc:3-Hydroxy-8-Methyldecanoyl-ACPs@Charged	MetaCyc:3-Hydroxy-8-Methyldecanoyl-ACPs	MetaCyc:3-Hydroxy-8-Methyldecanoyl-ACPs				
cpd48476	MetaCyc:3-Hydroxy-8-Methylnonanoyl-ACPs@Charged	MetaCyc:3-Hydroxy-8-Methylnonanoyl-ACPs@Charged		MetaCyc:3-Hydroxy-8-Methylnonanoyl-ACPs@Charged	MetaCyc:3-Hydroxy-8-Methylnonanoyl-ACPs	MetaCyc:3-Hydroxy-8-Methylnonanoyl-ACPs				
cpd48477	MetaCyc:3-Hydroxy-9-Methyldecanoyl-ACPs@Charged	MetaCyc:3-Hydroxy-9-Methyldecanoyl-ACPs@Charged		MetaCyc:3-Hydroxy-9-Methyldecanoyl-ACPs@Charged	MetaCyc:3-Hydroxy-9-Methyldecanoyl-ACPs	MetaCyc:3-Hydroxy-9-Methyldecanoyl-ACPs				
cpd48478	MetaCyc:3-Hydroxy-octanoyl-TYPE-I-FAS-ACPs@Charged	MetaCyc:3-Hydroxy-octanoyl-TYPE-I-FAS-ACPs@Charged		MetaCyc:3-Hydroxy-octanoyl-TYPE-I-FAS-ACPs@Charged	MetaCyc:3-Hydroxy-octanoyl-TYPE-I-FAS-ACPs	MetaCyc:3-Hydroxy-octanoyl-TYPE-I-FAS-ACPs				
cpd48479	MetaCyc:3-MAc-Heptadec-2-dienoyl-BryB-PKS@Charged	MetaCyc:3-MAc-Heptadec-2-dienoyl-BryB-PKS@Charged		MetaCyc:3-MAc-Heptadec-2-dienoyl-BryB-PKS@Charged	MetaCyc:3-MAc-Heptadec-2-dienoyl-BryB-PKS	MetaCyc:3-MAc-Heptadec-2-dienoyl-BryB-PKS				
cpd48480	MetaCyc:3-MAc-Tri-OH-Nonenoyl-BryA-PKS@Charged	MetaCyc:3-MAc-Tri-OH-Nonenoyl-BryA-PKS@Charged		MetaCyc:3-MAc-Tri-OH-Nonenoyl-BryA-PKS@Charged	MetaCyc:3-MAc-Tri-OH-Nonenoyl-BryA-PKS	MetaCyc:3-MAc-Tri-OH-Nonenoyl-BryA-PKS				
cpd48481	MetaCyc:3-Me-2-OH-butanoyl-HctF-PCP1-Domain@Charged	MetaCyc:3-Me-2-OH-butanoyl-HctF-PCP1-Domain@Charged		MetaCyc:3-Me-2-OH-butanoyl-HctF-PCP1-Domain@Charged	MetaCyc:3-Me-2-OH-butanoyl-HctF-PCP1-Domain	MetaCyc:3-Me-2-OH-butanoyl-HctF-PCP1-Domain				
cpd48482	MetaCyc:3-Methyl-2-hydroxybutanoyl-HctE-PCP1-Domain@Charged	MetaCyc:3-Methyl-2-hydroxybutanoyl-HctE-PCP1-Domain@Charged		MetaCyc:3-Methyl-2-hydroxybutanoyl-HctE-PCP1-Domain@Charged	MetaCyc:3-Methyl-2-hydroxybutanoyl-HctE-PCP1-Domain	MetaCyc:3-Methyl-2-hydroxybutanoyl-HctE-PCP1-Domain				
cpd48483	MetaCyc:3-OH-3-Me-2-hydroxybutanoyl-HctE-PCP1-Domain@Charged	MetaCyc:3-OH-3-Me-2-hydroxybutanoyl-HctE-PCP1-Domain@Charged		MetaCyc:3-OH-3-Me-2-hydroxybutanoyl-HctE-PCP1-Domain@Charged	MetaCyc:3-OH-3-Me-2-hydroxybutanoyl-HctE-PCP1-Domain	MetaCyc:3-OH-3-Me-2-hydroxybutanoyl-HctE-PCP1-Domain				
cpd48484	MetaCyc:3-OH-3-Me-2-hydroxybutanoyl-HctF-PCP1-Domain@Charged	MetaCyc:3-OH-3-Me-2-hydroxybutanoyl-HctF-PCP1-Domain@Charged		MetaCyc:3-OH-3-Me-2-hydroxybutanoyl-HctF-PCP1-Domain@Charged	MetaCyc:3-OH-3-Me-2-hydroxybutanoyl-HctF-PCP1-Domain	MetaCyc:3-OH-3-Me-2-hydroxybutanoyl-HctF-PCP1-Domain				
cpd48485	MetaCyc:3-Oxo-Acyl-TYPE-I-FAS-ACPs@Charged	MetaCyc:3-Oxo-Acyl-TYPE-I-FAS-ACPs@Charged		MetaCyc:3-Oxo-Acyl-TYPE-I-FAS-ACPs@Charged	MetaCyc:3-Oxo-Acyl-TYPE-I-FAS-ACPs	MetaCyc:3-Oxo-Acyl-TYPE-I-FAS-ACPs				
cpd48486	MetaCyc:3-Oxo-octanoyl-TYPE-I-FAS-ACPs@Charged	MetaCyc:3-Oxo-octanoyl-TYPE-I-FAS-ACPs@Charged		MetaCyc:3-Oxo-octanoyl-TYPE-I-FAS-ACPs@Charged	MetaCyc:3-Oxo-octanoyl-TYPE-I-FAS-ACPs	MetaCyc:3-Oxo-octanoyl-TYPE-I-FAS-ACPs				
cpd48487	MetaCyc:3-heptyl-24-dihydroxy-6-methylbenzoyl-pks@Charged	MetaCyc:3-heptyl-24-dihydroxy-6-methylbenzoyl-pks@Charged		MetaCyc:3-heptyl-24-dihydroxy-6-methylbenzoyl-pks@Charged	MetaCyc:3-heptyl-24-dihydroxy-6-methylbenzoyl-pks	MetaCyc:3-heptyl-24-dihydroxy-6-methylbenzoyl-pks				
cpd48488	MetaCyc:3-hydroxy-pentanoyl-SpnA@Charged	MetaCyc:3-hydroxy-pentanoyl-SpnA@Charged		MetaCyc:3-hydroxy-pentanoyl-SpnA@Charged	MetaCyc:3-hydroxy-pentanoyl-SpnA	MetaCyc:3-hydroxy-pentanoyl-SpnA				
cpd48489	MetaCyc:3-methylorsellinoyl-PKS@Charged	MetaCyc:3-methylorsellinoyl-PKS@Charged		MetaCyc:3-methylorsellinoyl-PKS@Charged	MetaCyc:3-methylorsellinoyl-PKS	MetaCyc:3-methylorsellinoyl-PKS				
cpd48490	MetaCyc:3-oxo-cerotoyl-TYPE-I-FAS-ACPs@Charged	MetaCyc:3-oxo-cerotoyl-TYPE-I-FAS-ACPs@Charged		MetaCyc:3-oxo-cerotoyl-TYPE-I-FAS-ACPs@Charged	MetaCyc:3-oxo-cerotoyl-TYPE-I-FAS-ACPs	MetaCyc:3-oxo-cerotoyl-TYPE-I-FAS-ACPs				
cpd48491	MetaCyc:3-oxo-decanoyl-TYPE-I-FAS-ACPs@Charged	MetaCyc:3-oxo-decanoyl-TYPE-I-FAS-ACPs@Charged		MetaCyc:3-oxo-decanoyl-TYPE-I-FAS-ACPs@Charged	MetaCyc:3-oxo-decanoyl-TYPE-I-FAS-ACPs	MetaCyc:3-oxo-decanoyl-TYPE-I-FAS-ACPs				
cpd48492	MetaCyc:3-oxo-docosanoyl-TYPE-I-FAS-ACPs@Charged	MetaCyc:3-oxo-docosanoyl-TYPE-I-FAS-ACPs@Charged		MetaCyc:3-oxo-docosanoyl-TYPE-I-FAS-ACPs@Charged	MetaCyc:3-oxo-docosanoyl-TYPE-I-FAS-ACPs	MetaCyc:3-oxo-docosanoyl-TYPE-I-FAS-ACPs				
cpd48493	MetaCyc:3-oxo-dodecanoyl-TYPE-I-FAS-ACPs@Charged	MetaCyc:3-oxo-dodecanoyl-TYPE-I-FAS-ACPs@Charged		MetaCyc:3-oxo-dodecanoyl-TYPE-I-FAS-ACPs@Charged	MetaCyc:3-oxo-dodecanoyl-TYPE-I-FAS-ACPs	MetaCyc:3-oxo-dodecanoyl-TYPE-I-FAS-ACPs				
cpd48494	MetaCyc:3-oxo-hexanoyl-TYPE-I-FAS-ACPs@Charged	MetaCyc:3-oxo-hexanoyl-TYPE-I-FAS-ACPs@Charged		MetaCyc:3-oxo-hexanoyl-TYPE-I-FAS-ACPs@Charged	MetaCyc:3-oxo-hexanoyl-TYPE-I-FAS-ACPs	MetaCyc:3-oxo-hexanoyl-TYPE-I-FAS-ACPs				
cpd48495	MetaCyc:3-oxo-icosanoyl-TYPE-I-FAS-ACPs@Charged	MetaCyc:3-oxo-icosanoyl-TYPE-I-FAS-ACPs@Charged		MetaCyc:3-oxo-icosanoyl-TYPE-I-FAS-ACPs@Charged	MetaCyc:3-oxo-icosanoyl-TYPE-I-FAS-ACPs	MetaCyc:3-oxo-icosanoyl-TYPE-I-FAS-ACPs				
cpd48496	MetaCyc:3-oxo-lignoceroyl-TYPE-I-FAS-ACPs@Charged	MetaCyc:3-oxo-lignoceroyl-TYPE-I-FAS-ACPs@Charged		MetaCyc:3-oxo-lignoceroyl-TYPE-I-FAS-ACPs@Charged	MetaCyc:3-oxo-lignoceroyl-TYPE-I-FAS-ACPs	MetaCyc:3-oxo-lignoceroyl-TYPE-I-FAS-ACPs				
cpd48497	MetaCyc:3-oxo-myristoyl-TYPE-I-FAS-ACPs@Charged	MetaCyc:3-oxo-myristoyl-TYPE-I-FAS-ACPs@Charged		MetaCyc:3-oxo-myristoyl-TYPE-I-FAS-ACPs@Charged	MetaCyc:3-oxo-myristoyl-TYPE-I-FAS-ACPs	MetaCyc:3-oxo-myristoyl-TYPE-I-FAS-ACPs				
cpd48498	MetaCyc:3-oxo-octadecanoyl-TYPE-I-FAS-ACPs@Charged	MetaCyc:3-oxo-octadecanoyl-TYPE-I-FAS-ACPs@Charged		MetaCyc:3-oxo-octadecanoyl-TYPE-I-FAS-ACPs@Charged	MetaCyc:3-oxo-octadecanoyl-TYPE-I-FAS-ACPs	MetaCyc:3-oxo-octadecanoyl-TYPE-I-FAS-ACPs				
cpd48499	MetaCyc:3-oxo-palmitoyl-TYPE-I-FAS-ACPs@Charged	MetaCyc:3-oxo-palmitoyl-TYPE-I-FAS-ACPs@Charged		MetaCyc:3-oxo-palmitoyl-TYPE-I-FAS-ACPs@Charged	MetaCyc:3-oxo-palmitoyl-TYPE-I-FAS-ACPs	MetaCyc:3-oxo-palmitoyl-TYPE-I-FAS-ACPs				
cpd48500	MetaCyc:3-oxopimeloyl-ACPs@Charged	MetaCyc:3-oxopimeloyl-ACPs@Charged		MetaCyc:3-oxopimeloyl-ACPs@Charged	MetaCyc:3-oxopimeloyl-ACPs	MetaCyc:3-oxopimeloyl-ACPs				
cpd48501	MetaCyc:3Prime-OH-Terminated-sRNAs	MetaCyc:3Prime-OH-Terminated-sRNAs		MetaCyc:3Prime-OH-Terminated-sRNAs	MetaCyc:3Prime-OH-Terminated-sRNAs	MetaCyc:3Prime-OH-Terminated-sRNAs				
cpd48502	MetaCyc:3R-3-hydroxy13-methyltetradecanoyl-ACPs@Charged	MetaCyc:3R-3-hydroxy13-methyltetradecanoyl-ACPs@Charged		MetaCyc:3R-3-hydroxy13-methyltetradecanoyl-ACPs@Charged	MetaCyc:3R-3-hydroxy13-methyltetradecanoyl-ACPs	MetaCyc:3R-3-hydroxy13-methyltetradecanoyl-ACPs				
cpd48503	MetaCyc:3R-Hydroxyacyl-TYPE-I-FAS-ACPs@Charged	MetaCyc:3R-Hydroxyacyl-TYPE-I-FAS-ACPs@Charged		MetaCyc:3R-Hydroxyacyl-TYPE-I-FAS-ACPs@Charged	MetaCyc:3R-Hydroxyacyl-TYPE-I-FAS-ACPs	MetaCyc:3R-Hydroxyacyl-TYPE-I-FAS-ACPs				
cpd48504	MetaCyc:3R-Hydroxydodecanoyl-ACP@Charged	MetaCyc:3R-Hydroxydodecanoyl-ACP@Charged		MetaCyc:3R-Hydroxydodecanoyl-ACP@Charged	MetaCyc:3R-Hydroxydodecanoyl-ACP	MetaCyc:3R-Hydroxydodecanoyl-ACP				
cpd48505	MetaCyc:3R-hydroxy-Pimeloyl-ACPs@Charged	MetaCyc:3R-hydroxy-Pimeloyl-ACPs@Charged		MetaCyc:3R-hydroxy-Pimeloyl-ACPs@Charged	MetaCyc:3R-hydroxy-Pimeloyl-ACPs	MetaCyc:3R-hydroxy-Pimeloyl-ACPs				
cpd48506	MetaCyc:4-Amino-3-Hydroxydodecanoyl-ClbE@Charged	MetaCyc:4-Amino-3-Hydroxydodecanoyl-ClbE@Charged		MetaCyc:4-Amino-3-Hydroxydodecanoyl-ClbE@Charged	MetaCyc:4-Amino-3-Hydroxydodecanoyl-ClbE	MetaCyc:4-Amino-3-Hydroxydodecanoyl-ClbE				
cpd48507	MetaCyc:4-Chloro-3-methylbut-2-enoyl-CurA-ACPI-Domain@Charged	MetaCyc:4-Chloro-3-methylbut-2-enoyl-CurA-ACPI-Domain@Charged		MetaCyc:4-Chloro-3-methylbut-2-enoyl-CurA-ACPI-Domain@Charged	MetaCyc:4-Chloro-3-methylbut-2-enoyl-CurA-ACPI-Domain	MetaCyc:4-Chloro-3-methylbut-2-enoyl-CurA-ACPI-Domain				
cpd48508	MetaCyc:4-Chloro-3-methylpent-2-enedioyl-CurA-ACPI-Domain@Charged	MetaCyc:4-Chloro-3-methylpent-2-enedioyl-CurA-ACPI-Domain@Charged		MetaCyc:4-Chloro-3-methylpent-2-enedioyl-CurA-ACPI-Domain@Charged	MetaCyc:4-Chloro-3-methylpent-2-enedioyl-CurA-ACPI-Domain	MetaCyc:4-Chloro-3-methylpent-2-enedioyl-CurA-ACPI-Domain				
cpd48509	MetaCyc:4-Chloro-HMG-CurA-ACPI-Domain@Charged	MetaCyc:4-Chloro-HMG-CurA-ACPI-Domain@Charged		MetaCyc:4-Chloro-HMG-CurA-ACPI-Domain@Charged	MetaCyc:4-Chloro-HMG-CurA-ACPI-Domain	MetaCyc:4-Chloro-HMG-CurA-ACPI-Domain				
cpd48510	MetaCyc:4-Methyl-3-Hydroxyhexanoyl-ACP@Charged	MetaCyc:4-Methyl-3-Hydroxyhexanoyl-ACP@Charged		MetaCyc:4-Methyl-3-Hydroxyhexanoyl-ACP@Charged	MetaCyc:4-Methyl-3-Hydroxyhexanoyl-ACP	MetaCyc:4-Methyl-3-Hydroxyhexanoyl-ACP				
cpd48511	MetaCyc:4-Methyl-3-Hydroxypentanoyl-ACP@Charged	MetaCyc:4-Methyl-3-Hydroxypentanoyl-ACP@Charged		MetaCyc:4-Methyl-3-Hydroxypentanoyl-ACP@Charged	MetaCyc:4-Methyl-3-Hydroxypentanoyl-ACP	MetaCyc:4-Methyl-3-Hydroxypentanoyl-ACP				
cpd48512	MetaCyc:4-Methyl-3-Oxohexanoyl-ACP@Charged	MetaCyc:4-Methyl-3-Oxohexanoyl-ACP@Charged		MetaCyc:4-Methyl-3-Oxohexanoyl-ACP@Charged	MetaCyc:4-Methyl-3-Oxohexanoyl-ACP	MetaCyc:4-Methyl-3-Oxohexanoyl-ACP				
cpd48513	MetaCyc:4-Methyl-3-Oxopentanoyl-ACP@Charged	MetaCyc:4-Methyl-3-Oxopentanoyl-ACP@Charged		MetaCyc:4-Methyl-3-Oxopentanoyl-ACP@Charged	MetaCyc:4-Methyl-3-Oxopentanoyl-ACP	MetaCyc:4-Methyl-3-Oxopentanoyl-ACP				
cpd48514	MetaCyc:4-Methylhexanoyl-ACP@Charged	MetaCyc:4-Methylhexanoyl-ACP@Charged		MetaCyc:4-Methylhexanoyl-ACP@Charged	MetaCyc:4-Methylhexanoyl-ACP	MetaCyc:4-Methylhexanoyl-ACP				
cpd48515	MetaCyc:4-Methylhexenoyl-ACP@Charged	MetaCyc:4-Methylhexenoyl-ACP@Charged		MetaCyc:4-Methylhexenoyl-ACP@Charged	MetaCyc:4-Methylhexenoyl-ACP	MetaCyc:4-Methylhexenoyl-ACP				
cpd48516	MetaCyc:4-Methylpent-2-enoyl-ACP@Charged	MetaCyc:4-Methylpent-2-enoyl-ACP@Charged		MetaCyc:4-Methylpent-2-enoyl-ACP@Charged	MetaCyc:4-Methylpent-2-enoyl-ACP	MetaCyc:4-Methylpent-2-enoyl-ACP				
cpd48517	MetaCyc:4-Methylpentanoyl-ACP@Charged	MetaCyc:4-Methylpentanoyl-ACP@Charged		MetaCyc:4-Methylpentanoyl-ACP@Charged	MetaCyc:4-Methylpentanoyl-ACP	MetaCyc:4-Methylpentanoyl-ACP				
cpd48518	MetaCyc:4-Phosphooxy-L-aspartyl-tRNAAsn@Charged	MetaCyc:4-Phosphooxy-L-aspartyl-tRNAAsn@Charged		MetaCyc:4-Phosphooxy-L-aspartyl-tRNAAsn@Charged	MetaCyc:4-Phosphooxy-L-aspartyl-tRNAAsn	MetaCyc:4-Phosphooxy-L-aspartyl-tRNAAsn				
cpd48519	MetaCyc:4-amino-3-oxododecanoyl-ClbE@Charged	MetaCyc:4-amino-3-oxododecanoyl-ClbE@Charged		MetaCyc:4-amino-3-oxododecanoyl-ClbE@Charged	MetaCyc:4-amino-3-oxododecanoyl-ClbE	MetaCyc:4-amino-3-oxododecanoyl-ClbE				
cpd48520	MetaCyc:4-propyl-L-prolyl-LmbN@Charged	MetaCyc:4-propyl-L-prolyl-LmbN@Charged		MetaCyc:4-propyl-L-prolyl-LmbN@Charged	MetaCyc:4-propyl-L-prolyl-LmbN	MetaCyc:4-propyl-L-prolyl-LmbN				
cpd48521	MetaCyc:5-5-Dichloro-Hexanoyl-ACPs@Charged	MetaCyc:5-5-Dichloro-Hexanoyl-ACPs@Charged		MetaCyc:5-5-Dichloro-Hexanoyl-ACPs@Charged	MetaCyc:5-5-Dichloro-Hexanoyl-ACPs	MetaCyc:5-5-Dichloro-Hexanoyl-ACPs				
cpd48522	MetaCyc:5-7-11-Trihydroxy-6-methyl-tridec-2-enoyl-SpnD@Charged	MetaCyc:5-7-11-Trihydroxy-6-methyl-tridec-2-enoyl-SpnD@Charged		MetaCyc:5-7-11-Trihydroxy-6-methyl-tridec-2-enoyl-SpnD@Charged	MetaCyc:5-7-11-Trihydroxy-6-methyl-tridec-2-enoyl-SpnD	MetaCyc:5-7-11-Trihydroxy-6-methyl-tridec-2-enoyl-SpnD				
cpd48523	MetaCyc:5-Hydroxy-6-6-DiMethyl-3-Oxo-Heptanoyl-AprB@Charged	MetaCyc:5-Hydroxy-6-6-DiMethyl-3-Oxo-Heptanoyl-AprB@Charged		MetaCyc:5-Hydroxy-6-6-DiMethyl-3-Oxo-Heptanoyl-AprB@Charged	MetaCyc:5-Hydroxy-6-6-DiMethyl-3-Oxo-Heptanoyl-AprB	MetaCyc:5-Hydroxy-6-6-DiMethyl-3-Oxo-Heptanoyl-AprB				
cpd48524	MetaCyc:5-Hydroxy-6-6-DiMethyl-3-Oxo-Heptanoyl-AprC@Charged	MetaCyc:5-Hydroxy-6-6-DiMethyl-3-Oxo-Heptanoyl-AprC@Charged		MetaCyc:5-Hydroxy-6-6-DiMethyl-3-Oxo-Heptanoyl-AprC@Charged	MetaCyc:5-Hydroxy-6-6-DiMethyl-3-Oxo-Heptanoyl-AprC	MetaCyc:5-Hydroxy-6-6-DiMethyl-3-Oxo-Heptanoyl-AprC				
cpd48525	MetaCyc:5-Hydroxy-heptanoyl-SpnB@Charged	MetaCyc:5-Hydroxy-heptanoyl-SpnB@Charged		MetaCyc:5-Hydroxy-heptanoyl-SpnB@Charged	MetaCyc:5-Hydroxy-heptanoyl-SpnB	MetaCyc:5-Hydroxy-heptanoyl-SpnB				
cpd48526	MetaCyc:5-Methyl-3-Hydroxyhexanoyl-ACP@Charged	MetaCyc:5-Methyl-3-Hydroxyhexanoyl-ACP@Charged		MetaCyc:5-Methyl-3-Hydroxyhexanoyl-ACP@Charged	MetaCyc:5-Methyl-3-Hydroxyhexanoyl-ACP	MetaCyc:5-Methyl-3-Hydroxyhexanoyl-ACP				
cpd48527	MetaCyc:5-Methyl-3-Oxohexanoyl-ACP@Charged	MetaCyc:5-Methyl-3-Oxohexanoyl-ACP@Charged		MetaCyc:5-Methyl-3-Oxohexanoyl-ACP@Charged	MetaCyc:5-Methyl-3-Oxohexanoyl-ACP	MetaCyc:5-Methyl-3-Oxohexanoyl-ACP				
cpd48528	MetaCyc:5-Methylhexanoyl-ACP@Charged	MetaCyc:5-Methylhexanoyl-ACP@Charged		MetaCyc:5-Methylhexanoyl-ACP@Charged	MetaCyc:5-Methylhexanoyl-ACP	MetaCyc:5-Methylhexanoyl-ACP				
cpd48529	MetaCyc:5-Methylhexenoyl-ACP@Charged	MetaCyc:5-Methylhexenoyl-ACP@Charged		MetaCyc:5-Methylhexenoyl-ACP@Charged	MetaCyc:5-Methylhexenoyl-ACP	MetaCyc:5-Methylhexenoyl-ACP				
cpd48530	MetaCyc:5-OH-3-6-6-TriMe-Hept-2-enoyl-AprC@Charged	MetaCyc:5-OH-3-6-6-TriMe-Hept-2-enoyl-AprC@Charged		MetaCyc:5-OH-3-6-6-TriMe-Hept-2-enoyl-AprC@Charged	MetaCyc:5-OH-3-6-6-TriMe-Hept-2-enoyl-AprC	MetaCyc:5-OH-3-6-6-TriMe-Hept-2-enoyl-AprC				
cpd48531	MetaCyc:5-Prime-Phosphate-Polynucleotides	MetaCyc:5-Prime-Phosphate-Polynucleotides		MetaCyc:5-Prime-Phosphate-Polynucleotides	MetaCyc:5-Prime-Phosphate-Polynucleotides	MetaCyc:5-Prime-Phosphate-Polynucleotides				
cpd48532	MetaCyc:5-pp-Ribonuc-mRNA@Charged	MetaCyc:5-pp-Ribonuc-mRNA@Charged		MetaCyc:5-pp-Ribonuc-mRNA@Charged	MetaCyc:5-pp-Ribonuc-mRNA	MetaCyc:5-pp-Ribonuc-mRNA				
cpd48533	MetaCyc:5-ppp-RiboNuc-mRNA@Charged	MetaCyc:5-ppp-RiboNuc-mRNA@Charged		MetaCyc:5-ppp-RiboNuc-mRNA@Charged	MetaCyc:5-ppp-RiboNuc-mRNA	MetaCyc:5-ppp-RiboNuc-mRNA				
cpd48534	MetaCyc:5-prime-phospho-adenosine-RNA	MetaCyc:5-prime-phospho-adenosine-RNA		MetaCyc:5-prime-phospho-adenosine-RNA	MetaCyc:5-prime-phospho-adenosine-RNA	MetaCyc:5-prime-phospho-adenosine-RNA				
cpd48535	MetaCyc:5prime-Hydroxy-Guanosine-3prime-28S-rRNA	MetaCyc:5prime-Hydroxy-Guanosine-3prime-28S-rRNA		MetaCyc:5prime-Hydroxy-Guanosine-3prime-28S-rRNA	MetaCyc:5prime-Hydroxy-Guanosine-3prime-28S-rRNA	MetaCyc:5prime-Hydroxy-Guanosine-3prime-28S-rRNA				
cpd48536	MetaCyc:5prime-Hydroxy-Guanosine-3prime-Pre-mRNA	MetaCyc:5prime-Hydroxy-Guanosine-3prime-Pre-mRNA		MetaCyc:5prime-Hydroxy-Guanosine-3prime-Pre-mRNA	MetaCyc:5prime-Hydroxy-Guanosine-3prime-Pre-mRNA	MetaCyc:5prime-Hydroxy-Guanosine-3prime-Pre-mRNA				
cpd48537	MetaCyc:6-Methyl-3-Oxoheptanoyl-ACP@Charged	MetaCyc:6-Methyl-3-Oxoheptanoyl-ACP@Charged		MetaCyc:6-Methyl-3-Oxoheptanoyl-ACP@Charged	MetaCyc:6-Methyl-3-Oxoheptanoyl-ACP	MetaCyc:6-Methyl-3-Oxoheptanoyl-ACP				
cpd48538	MetaCyc:6-Methyl-3-Oxooctanoyl-ACP@Charged	MetaCyc:6-Methyl-3-Oxooctanoyl-ACP@Charged		MetaCyc:6-Methyl-3-Oxooctanoyl-ACP@Charged	MetaCyc:6-Methyl-3-Oxooctanoyl-ACP	MetaCyc:6-Methyl-3-Oxooctanoyl-ACP				
cpd48539	MetaCyc:6-Methyl-Hept-2-enoyl-ACPs@Charged	MetaCyc:6-Methyl-Hept-2-enoyl-ACPs@Charged		MetaCyc:6-Methyl-Hept-2-enoyl-ACPs@Charged	MetaCyc:6-Methyl-Hept-2-enoyl-ACPs	MetaCyc:6-Methyl-Hept-2-enoyl-ACPs				
cpd48540	MetaCyc:6-Methyl-Oct-2-enoyl-ACPs@Charged	MetaCyc:6-Methyl-Oct-2-enoyl-ACPs@Charged		MetaCyc:6-Methyl-Oct-2-enoyl-ACPs@Charged	MetaCyc:6-Methyl-Oct-2-enoyl-ACPs	MetaCyc:6-Methyl-Oct-2-enoyl-ACPs				
cpd48541	MetaCyc:6-Methylheptanoyl-ACPs@Charged	MetaCyc:6-Methylheptanoyl-ACPs@Charged		MetaCyc:6-Methylheptanoyl-ACPs@Charged	MetaCyc:6-Methylheptanoyl-ACPs	MetaCyc:6-Methylheptanoyl-ACPs				
cpd48542	MetaCyc:6-Methyloctanoyl-ACPs@Charged	MetaCyc:6-Methyloctanoyl-ACPs@Charged		MetaCyc:6-Methyloctanoyl-ACPs@Charged	MetaCyc:6-Methyloctanoyl-ACPs	MetaCyc:6-Methyloctanoyl-ACPs				
cpd48543	MetaCyc:7-7-Dichloro-3-OH-2-Me-Octanoyl-HctD@Charged	MetaCyc:7-7-Dichloro-3-OH-2-Me-Octanoyl-HctD@Charged		MetaCyc:7-7-Dichloro-3-OH-2-Me-Octanoyl-HctD@Charged	MetaCyc:7-7-Dichloro-3-OH-2-Me-Octanoyl-HctD	MetaCyc:7-7-Dichloro-3-OH-2-Me-Octanoyl-HctD				
cpd48544	MetaCyc:7-Methyl-3-Oxooctanoyl-ACP@Charged	MetaCyc:7-Methyl-3-Oxooctanoyl-ACP@Charged		MetaCyc:7-Methyl-3-Oxooctanoyl-ACP@Charged	MetaCyc:7-Methyl-3-Oxooctanoyl-ACP	MetaCyc:7-Methyl-3-Oxooctanoyl-ACP				
cpd48545	MetaCyc:7-Methyl-Oct-2-enoyl-ACPs@Charged	MetaCyc:7-Methyl-Oct-2-enoyl-ACPs@Charged		MetaCyc:7-Methyl-Oct-2-enoyl-ACPs@Charged	MetaCyc:7-Methyl-Oct-2-enoyl-ACPs	MetaCyc:7-Methyl-Oct-2-enoyl-ACPs				
cpd48546	MetaCyc:7-Methyloctanoyl-ACPs@Charged	MetaCyc:7-Methyloctanoyl-ACPs@Charged		MetaCyc:7-Methyloctanoyl-ACPs@Charged	MetaCyc:7-Methyloctanoyl-ACPs	MetaCyc:7-Methyloctanoyl-ACPs				
cpd48547	MetaCyc:8-Methyl-3-Oxo-Decanoyl-ACPs@Charged	MetaCyc:8-Methyl-3-Oxo-Decanoyl-ACPs@Charged		MetaCyc:8-Methyl-3-Oxo-Decanoyl-ACPs@Charged	MetaCyc:8-Methyl-3-Oxo-Decanoyl-ACPs	MetaCyc:8-Methyl-3-Oxo-Decanoyl-ACPs				
cpd48548	MetaCyc:8-Methyl-3-Oxononanoyl-ACPs@Charged	MetaCyc:8-Methyl-3-Oxononanoyl-ACPs@Charged		MetaCyc:8-Methyl-3-Oxononanoyl-ACPs@Charged	MetaCyc:8-Methyl-3-Oxononanoyl-ACPs	MetaCyc:8-Methyl-3-Oxononanoyl-ACPs				
cpd48549	MetaCyc:8-Methyl-Dec-2-enoyl-ACPs@Charged	MetaCyc:8-Methyl-Dec-2-enoyl-ACPs@Charged		MetaCyc:8-Methyl-Dec-2-enoyl-ACPs@Charged	MetaCyc:8-Methyl-Dec-2-enoyl-ACPs	MetaCyc:8-Methyl-Dec-2-enoyl-ACPs				
cpd48550	MetaCyc:8-Methyl-Non-2-enoyl-ACPs@Charged	MetaCyc:8-Methyl-Non-2-enoyl-ACPs@Charged		MetaCyc:8-Methyl-Non-2-enoyl-ACPs@Charged	MetaCyc:8-Methyl-Non-2-enoyl-ACPs	MetaCyc:8-Methyl-Non-2-enoyl-ACPs				
cpd48551	MetaCyc:8-Methyldecanoyl-ACPs@Charged	MetaCyc:8-Methyldecanoyl-ACPs@Charged		MetaCyc:8-Methyldecanoyl-ACPs@Charged	MetaCyc:8-Methyldecanoyl-ACPs	MetaCyc:8-Methyldecanoyl-ACPs				
cpd48552	MetaCyc:8-Methylnonanoyl-ACPs@Charged	MetaCyc:8-Methylnonanoyl-ACPs@Charged		MetaCyc:8-Methylnonanoyl-ACPs@Charged	MetaCyc:8-Methylnonanoyl-ACPs	MetaCyc:8-Methylnonanoyl-ACPs				
cpd48553	MetaCyc:9-Decenoyl-ACPs@Charged	MetaCyc:9-Decenoyl-ACPs@Charged		MetaCyc:9-Decenoyl-ACPs@Charged	MetaCyc:9-Decenoyl-ACPs	MetaCyc:9-Decenoyl-ACPs				
cpd48554	MetaCyc:9-Decynoyl-ACPs@Charged	MetaCyc:9-Decynoyl-ACPs@Charged		MetaCyc:9-Decynoyl-ACPs@Charged	MetaCyc:9-Decynoyl-ACPs	MetaCyc:9-Decynoyl-ACPs				
cpd48555	MetaCyc:9-Methyl-3-Oxo-Decanoyl-ACPs@Charged	MetaCyc:9-Methyl-3-Oxo-Decanoyl-ACPs@Charged		MetaCyc:9-Methyl-3-Oxo-Decanoyl-ACPs@Charged	MetaCyc:9-Methyl-3-Oxo-Decanoyl-ACPs	MetaCyc:9-Methyl-3-Oxo-Decanoyl-ACPs				
cpd48556	MetaCyc:9-Methyl-Dec-2-enoyl-ACPs@Charged	MetaCyc:9-Methyl-Dec-2-enoyl-ACPs@Charged		MetaCyc:9-Methyl-Dec-2-enoyl-ACPs@Charged	MetaCyc:9-Methyl-Dec-2-enoyl-ACPs	MetaCyc:9-Methyl-Dec-2-enoyl-ACPs				
cpd48557	MetaCyc:9-Methyldecanoyl-ACPs@Charged	MetaCyc:9-Methyldecanoyl-ACPs@Charged		MetaCyc:9-Methyldecanoyl-ACPs@Charged	MetaCyc:9-Methyldecanoyl-ACPs	MetaCyc:9-Methyldecanoyl-ACPs				
cpd48558										
cpd48559	MetaCyc:A-5-prime-NAD-capped-RNA	MetaCyc:A-5-prime-NAD-capped-RNA		MetaCyc:A-5-prime-NAD-capped-RNA	MetaCyc:A-5-prime-NAD-capped-RNA	MetaCyc:A-5-prime-NAD-capped-RNA				
cpd48560	MetaCyc:A-DNA-WITH-OPPOSING-AP-SITE@Original	MetaCyc:A-DNA-WITH-OPPOSING-AP-SITE@Original		MetaCyc:A-DNA-WITH-OPPOSING-AP-SITE@Original	MetaCyc:A-DNA-WITH-OPPOSING-AP-SITE	MetaCyc:A-DNA-WITH-OPPOSING-AP-SITE				
cpd48561	MetaCyc:A-NM5-ICL@Charged	MetaCyc:A-NM5-ICL@Charged		MetaCyc:A-NM5-ICL@Charged	MetaCyc:A-NM5-ICL	MetaCyc:A-NM5-ICL				
cpd48562										
cpd48563	MetaCyc:Acetoacetyl-CurA-ACPI-Domain@Charged	MetaCyc:Acetoacetyl-CurA-ACPI-Domain@Charged		MetaCyc:Acetoacetyl-CurA-ACPI-Domain@Charged	MetaCyc:Acetoacetyl-CurA-ACPI-Domain	MetaCyc:Acetoacetyl-CurA-ACPI-Domain				
cpd48564	MetaCyc:Acetoacetyl-TYPE-I-FAS-ACP@Charged	MetaCyc:Acetoacetyl-TYPE-I-FAS-ACP@Charged		MetaCyc:Acetoacetyl-TYPE-I-FAS-ACP@Charged	MetaCyc:Acetoacetyl-TYPE-I-FAS-ACP	MetaCyc:Acetoacetyl-TYPE-I-FAS-ACP				
cpd48565	MetaCyc:Acetyl-BryU-ACP@Charged	MetaCyc:Acetyl-BryU-ACP@Charged		MetaCyc:Acetyl-BryU-ACP@Charged	MetaCyc:Acetyl-BryU-ACP	MetaCyc:Acetyl-BryU-ACP				
cpd48566	MetaCyc:Acetyl-CurA-ACPL-Domain@Charged	MetaCyc:Acetyl-CurA-ACPL-Domain@Charged		MetaCyc:Acetyl-CurA-ACPL-Domain@Charged	MetaCyc:Acetyl-CurA-ACPL-Domain	MetaCyc:Acetyl-CurA-ACPL-Domain				
cpd48567	MetaCyc:Acetyl-CurB@Charged	MetaCyc:Acetyl-CurB@Charged		MetaCyc:Acetyl-CurB@Charged	MetaCyc:Acetyl-CurB	MetaCyc:Acetyl-CurB				
cpd48568	MetaCyc:Acetyl-PedN-ACP@Charged	MetaCyc:Acetyl-PedN-ACP@Charged		MetaCyc:Acetyl-PedN-ACP@Charged	MetaCyc:Acetyl-PedN-ACP	MetaCyc:Acetyl-PedN-ACP				
cpd48569	MetaCyc:Acetyl-TYPE-I-FAS-ACP@Charged	MetaCyc:Acetyl-TYPE-I-FAS-ACP@Charged		MetaCyc:Acetyl-TYPE-I-FAS-ACP@Charged	MetaCyc:Acetyl-TYPE-I-FAS-ACP	MetaCyc:Acetyl-TYPE-I-FAS-ACP				
cpd48570	MetaCyc:Acyl-CurG@Charged	MetaCyc:Acyl-CurG@Charged		MetaCyc:Acyl-CurG@Charged	MetaCyc:Acyl-CurG	MetaCyc:Acyl-CurG				
cpd48571	MetaCyc:Acyl-CurH@Charged	MetaCyc:Acyl-CurH@Charged		MetaCyc:Acyl-CurH@Charged	MetaCyc:Acyl-CurH	MetaCyc:Acyl-CurH				
cpd48572	MetaCyc:Acyl-CurI@Charged	MetaCyc:Acyl-CurI@Charged		MetaCyc:Acyl-CurI@Charged	MetaCyc:Acyl-CurI	MetaCyc:Acyl-CurI				
cpd48573	MetaCyc:Acyl-CurJ@Charged	MetaCyc:Acyl-CurJ@Charged		MetaCyc:Acyl-CurJ@Charged	MetaCyc:Acyl-CurJ	MetaCyc:Acyl-CurJ				
cpd48574	MetaCyc:Acyl-CurK@Charged	MetaCyc:Acyl-CurK@Charged		MetaCyc:Acyl-CurK@Charged	MetaCyc:Acyl-CurK	MetaCyc:Acyl-CurK				
cpd48575	MetaCyc:Acyl-CurL@Charged	MetaCyc:Acyl-CurL@Charged		MetaCyc:Acyl-CurL@Charged	MetaCyc:Acyl-CurL	MetaCyc:Acyl-CurL				
cpd48576	MetaCyc:Acyl-CurM@Charged	MetaCyc:Acyl-CurM@Charged		MetaCyc:Acyl-CurM@Charged	MetaCyc:Acyl-CurM	MetaCyc:Acyl-CurM				
cpd48577	MetaCyc:Acyl-SO4-CurM@Charged	MetaCyc:Acyl-SO4-CurM@Charged		MetaCyc:Acyl-SO4-CurM@Charged	MetaCyc:Acyl-SO4-CurM	MetaCyc:Acyl-SO4-CurM				
cpd48578	MetaCyc:Acyl-TYPE-I-FAS-ACPs@Charged	MetaCyc:Acyl-TYPE-I-FAS-ACPs@Charged		MetaCyc:Acyl-TYPE-I-FAS-ACPs@Charged	MetaCyc:Acyl-TYPE-I-FAS-ACPs	MetaCyc:Acyl-TYPE-I-FAS-ACPs				
cpd48579	MetaCyc:Adenylated-Sulfur-Carriers-Gly-Gly@Charged	MetaCyc:Adenylated-Sulfur-Carriers-Gly-Gly@Charged		MetaCyc:Adenylated-Sulfur-Carriers-Gly-Gly@Charged	MetaCyc:Adenylated-Sulfur-Carriers-Gly-Gly	MetaCyc:Adenylated-Sulfur-Carriers-Gly-Gly				
cpd48580	MetaCyc:Ala-ClbB-PKS@Charged	MetaCyc:Ala-ClbB-PKS@Charged		MetaCyc:Ala-ClbB-PKS@Charged	MetaCyc:Ala-ClbB-PKS	MetaCyc:Ala-ClbB-PKS				
cpd48581	MetaCyc:Ala-tRNA-Pro	MetaCyc:Ala-tRNA-Pro		MetaCyc:Ala-tRNA-Pro	MetaCyc:Ala-tRNA-Pro	MetaCyc:Ala-tRNA-Pro				
cpd48582	MetaCyc:Alanyl-PCP2-AprJ@Charged	MetaCyc:Alanyl-PCP2-AprJ@Charged		MetaCyc:Alanyl-PCP2-AprJ@Charged	MetaCyc:Alanyl-PCP2-AprJ	MetaCyc:Alanyl-PCP2-AprJ				
cpd48583	MetaCyc:AlmF@Charged	MetaCyc:AlmF@Charged		MetaCyc:AlmF@Charged	MetaCyc:AlmF	MetaCyc:AlmF				
cpd48584	MetaCyc:Amino-Hydroxybenzoyl-ACP@Charged	MetaCyc:Amino-Hydroxybenzoyl-ACP@Charged		MetaCyc:Amino-Hydroxybenzoyl-ACP@Charged	MetaCyc:Amino-Hydroxybenzoyl-ACP	MetaCyc:Amino-Hydroxybenzoyl-ACP				
cpd48585	MetaCyc:Amino-Hydroxybenzoyl-Ansatrienin-PKS@Charged	MetaCyc:Amino-Hydroxybenzoyl-Ansatrienin-PKS@Charged		MetaCyc:Amino-Hydroxybenzoyl-Ansatrienin-PKS@Charged	MetaCyc:Amino-Hydroxybenzoyl-Ansatrienin-PKS	MetaCyc:Amino-Hydroxybenzoyl-Ansatrienin-PKS				
cpd48586	MetaCyc:Amino-Hydroxybenzoyl-Chaxamycin-PKS@Charged	MetaCyc:Amino-Hydroxybenzoyl-Chaxamycin-PKS@Charged		MetaCyc:Amino-Hydroxybenzoyl-Chaxamycin-PKS@Charged	MetaCyc:Amino-Hydroxybenzoyl-Chaxamycin-PKS	MetaCyc:Amino-Hydroxybenzoyl-Chaxamycin-PKS				
cpd48587	MetaCyc:Amino-Hydroxybenzoyl-Naphthomycin-PKS@Charged	MetaCyc:Amino-Hydroxybenzoyl-Naphthomycin-PKS@Charged		MetaCyc:Amino-Hydroxybenzoyl-Naphthomycin-PKS@Charged	MetaCyc:Amino-Hydroxybenzoyl-Naphthomycin-PKS	MetaCyc:Amino-Hydroxybenzoyl-Naphthomycin-PKS				
cpd48588	MetaCyc:Amino-Hydroxybenzoyl-PKS@Charged	MetaCyc:Amino-Hydroxybenzoyl-PKS@Charged		MetaCyc:Amino-Hydroxybenzoyl-PKS@Charged	MetaCyc:Amino-Hydroxybenzoyl-PKS	MetaCyc:Amino-Hydroxybenzoyl-PKS				
cpd48589	MetaCyc:Amino-Hydroxybenzoyl-Rifamycin-PKS@Charged	MetaCyc:Amino-Hydroxybenzoyl-Rifamycin-PKS@Charged		MetaCyc:Amino-Hydroxybenzoyl-Rifamycin-PKS@Charged	MetaCyc:Amino-Hydroxybenzoyl-Rifamycin-PKS	MetaCyc:Amino-Hydroxybenzoyl-Rifamycin-PKS				
cpd48590	MetaCyc:Amino-Hydroxybenzoyl-Streptovaricin-PKS@Charged	MetaCyc:Amino-Hydroxybenzoyl-Streptovaricin-PKS@Charged		MetaCyc:Amino-Hydroxybenzoyl-Streptovaricin-PKS@Charged	MetaCyc:Amino-Hydroxybenzoyl-Streptovaricin-PKS	MetaCyc:Amino-Hydroxybenzoyl-Streptovaricin-PKS				
cpd48591	MetaCyc:Aminomalonyl-ClbE@Charged	MetaCyc:Aminomalonyl-ClbE@Charged		MetaCyc:Aminomalonyl-ClbE@Charged	MetaCyc:Aminomalonyl-ClbE	MetaCyc:Aminomalonyl-ClbE				
cpd48592	MetaCyc:Aminomalonyl-ClbK-PKS@Charged	MetaCyc:Aminomalonyl-ClbK-PKS@Charged		MetaCyc:Aminomalonyl-ClbK-PKS@Charged	MetaCyc:Aminomalonyl-ClbK-PKS	MetaCyc:Aminomalonyl-ClbK-PKS				
cpd48593	MetaCyc:Aminomalonyl-ClbO-PKS@Charged	MetaCyc:Aminomalonyl-ClbO-PKS@Charged		MetaCyc:Aminomalonyl-ClbO-PKS@Charged	MetaCyc:Aminomalonyl-ClbO-PKS	MetaCyc:Aminomalonyl-ClbO-PKS				
cpd48594	MetaCyc:Ansamycin-PKS-ACP-Domain@Charged	MetaCyc:Ansamycin-PKS-ACP-Domain@Charged		MetaCyc:Ansamycin-PKS-ACP-Domain@Charged	MetaCyc:Ansamycin-PKS-ACP-Domain	MetaCyc:Ansamycin-PKS-ACP-Domain				
cpd48595	MetaCyc:AntC-NRPS@Charged	MetaCyc:AntC-NRPS@Charged		MetaCyc:AntC-NRPS@Charged	MetaCyc:AntC-NRPS	MetaCyc:AntC-NRPS				
cpd48596	MetaCyc:AntD-PKS@Charged	MetaCyc:AntD-PKS@Charged		MetaCyc:AntD-PKS@Charged	MetaCyc:AntD-PKS	MetaCyc:AntD-PKS				
cpd48597	MetaCyc:AntG-ACP@Charged	MetaCyc:AntG-ACP@Charged		MetaCyc:AntG-ACP@Charged	MetaCyc:AntG-ACP	MetaCyc:AntG-ACP				
cpd48598	MetaCyc:Anthraniloyl-AnaPS@Charged	MetaCyc:Anthraniloyl-AnaPS@Charged		MetaCyc:Anthraniloyl-AnaPS@Charged	MetaCyc:Anthraniloyl-AnaPS	MetaCyc:Anthraniloyl-AnaPS				
cpd48599	MetaCyc:Anthraniloyl-AntG@Charged	MetaCyc:Anthraniloyl-AntG@Charged		MetaCyc:Anthraniloyl-AntG@Charged	MetaCyc:Anthraniloyl-AntG	MetaCyc:Anthraniloyl-AntG				
cpd48600	MetaCyc:Apocytochromes-c-Disulfide@Charged	MetaCyc:Apocytochromes-c-Disulfide@Charged		MetaCyc:Apocytochromes-c-Disulfide@Charged	MetaCyc:Apocytochromes-c-Disulfide	MetaCyc:Apocytochromes-c-Disulfide				
cpd48601	MetaCyc:AprA-ACP-Domain@Charged	MetaCyc:AprA-ACP-Domain@Charged		MetaCyc:AprA-ACP-Domain@Charged	MetaCyc:AprA-ACP-Domain	MetaCyc:AprA-ACP-Domain				
cpd48602	MetaCyc:AprB-ACP1-Domain@Charged	MetaCyc:AprB-ACP1-Domain@Charged		MetaCyc:AprB-ACP1-Domain@Charged	MetaCyc:AprB-ACP1-Domain	MetaCyc:AprB-ACP1-Domain				
cpd48603	MetaCyc:AprB-ACP2-Domain@Charged	MetaCyc:AprB-ACP2-Domain@Charged		MetaCyc:AprB-ACP2-Domain@Charged	MetaCyc:AprB-ACP2-Domain	MetaCyc:AprB-ACP2-Domain				
cpd48604	MetaCyc:AprC-ACP@Charged	MetaCyc:AprC-ACP@Charged		MetaCyc:AprC-ACP@Charged	MetaCyc:AprC-ACP	MetaCyc:AprC-ACP				
cpd48605	MetaCyc:AprG-ACP-Domain@Charged	MetaCyc:AprG-ACP-Domain@Charged		MetaCyc:AprG-ACP-Domain@Charged	MetaCyc:AprG-ACP-Domain	MetaCyc:AprG-ACP-Domain				
cpd48606	MetaCyc:AprI-ACP-Domain@Charged	MetaCyc:AprI-ACP-Domain@Charged		MetaCyc:AprI-ACP-Domain@Charged	MetaCyc:AprI-ACP-Domain	MetaCyc:AprI-ACP-Domain				
cpd48607	MetaCyc:AprJ-PCP1-Domain@Charged	MetaCyc:AprJ-PCP1-Domain@Charged		MetaCyc:AprJ-PCP1-Domain@Charged	MetaCyc:AprJ-PCP1-Domain	MetaCyc:AprJ-PCP1-Domain				
cpd48608	MetaCyc:AprJ-PCP2-Domain@Charged	MetaCyc:AprJ-PCP2-Domain@Charged		MetaCyc:AprJ-PCP2-Domain@Charged	MetaCyc:AprJ-PCP2-Domain	MetaCyc:AprJ-PCP2-Domain				
cpd48609	MetaCyc:AprK-PCP-Domain@Charged	MetaCyc:AprK-PCP-Domain@Charged		MetaCyc:AprK-PCP-Domain@Charged	MetaCyc:AprK-PCP-Domain	MetaCyc:AprK-PCP-Domain				
cpd48610	MetaCyc:AprL-PCP-Domain@Charged	MetaCyc:AprL-PCP-Domain@Charged		MetaCyc:AprL-PCP-Domain@Charged	MetaCyc:AprL-PCP-Domain	MetaCyc:AprL-PCP-Domain				
cpd48611	MetaCyc:Apratoxin-Intermediate-AprH@Charged	MetaCyc:Apratoxin-Intermediate-AprH@Charged		MetaCyc:Apratoxin-Intermediate-AprH@Charged	MetaCyc:Apratoxin-Intermediate-AprH	MetaCyc:Apratoxin-Intermediate-AprH				
cpd48612	MetaCyc:Apratoxin-Intermediate-AprI@Charged	MetaCyc:Apratoxin-Intermediate-AprI@Charged		MetaCyc:Apratoxin-Intermediate-AprI@Charged	MetaCyc:Apratoxin-Intermediate-AprI	MetaCyc:Apratoxin-Intermediate-AprI				
cpd48613	MetaCyc:Apratoxin-Intermediate-PCP-AprK@Charged	MetaCyc:Apratoxin-Intermediate-PCP-AprK@Charged		MetaCyc:Apratoxin-Intermediate-PCP-AprK@Charged	MetaCyc:Apratoxin-Intermediate-PCP-AprK	MetaCyc:Apratoxin-Intermediate-PCP-AprK				
cpd48614	MetaCyc:Apratoxin-Intermediate-PCP-AprL@Charged	MetaCyc:Apratoxin-Intermediate-PCP-AprL@Charged		MetaCyc:Apratoxin-Intermediate-PCP-AprL@Charged	MetaCyc:Apratoxin-Intermediate-PCP-AprL	MetaCyc:Apratoxin-Intermediate-PCP-AprL				
cpd48615	MetaCyc:Apratoxin-Intermediate-PCP1-AprJ@Charged	MetaCyc:Apratoxin-Intermediate-PCP1-AprJ@Charged		MetaCyc:Apratoxin-Intermediate-PCP1-AprJ@Charged	MetaCyc:Apratoxin-Intermediate-PCP1-AprJ	MetaCyc:Apratoxin-Intermediate-PCP1-AprJ				
cpd48616	MetaCyc:Apratoxin-Intermediate-PCP2-AprJ@Charged	MetaCyc:Apratoxin-Intermediate-PCP2-AprJ@Charged		MetaCyc:Apratoxin-Intermediate-PCP2-AprJ@Charged	MetaCyc:Apratoxin-Intermediate-PCP2-AprJ	MetaCyc:Apratoxin-Intermediate-PCP2-AprJ				
cpd48617	MetaCyc:ArCP-IN-NRPS-AnsPS@Charged	MetaCyc:ArCP-IN-NRPS-AnsPS@Charged		MetaCyc:ArCP-IN-NRPS-AnsPS@Charged	MetaCyc:ArCP-IN-NRPS-AnsPS	MetaCyc:ArCP-IN-NRPS-AnsPS				
cpd48618	MetaCyc:ArsD	MetaCyc:ArsD		MetaCyc:ArsD	MetaCyc:ArsD	MetaCyc:ArsD				
cpd48619	MetaCyc:Arsenite-ArsD	MetaCyc:Arsenite-ArsD		MetaCyc:Arsenite-ArsD		MetaCyc:Arsenite-ArsD				
cpd48620	MetaCyc:Arsenite-Arsenite-Methyltranferase	MetaCyc:Arsenite-Arsenite-Methyltranferase		MetaCyc:Arsenite-Arsenite-Methyltranferase		MetaCyc:Arsenite-Arsenite-Methyltranferase				
cpd48621	MetaCyc:Arsenite-methyltransferases	MetaCyc:Arsenite-methyltransferases		MetaCyc:Arsenite-methyltransferases	MetaCyc:Arsenite-methyltransferases	MetaCyc:Arsenite-methyltransferases				
cpd48622	MetaCyc:Asn-ClbN-PKS@Charged	MetaCyc:Asn-ClbN-PKS@Charged		MetaCyc:Asn-ClbN-PKS@Charged	MetaCyc:Asn-ClbN-PKS	MetaCyc:Asn-ClbN-PKS				
cpd48623	MetaCyc:Aureothin-PKS@Charged	MetaCyc:Aureothin-PKS@Charged		MetaCyc:Aureothin-PKS@Charged	MetaCyc:Aureothin-PKS	MetaCyc:Aureothin-PKS				
cpd48624	MetaCyc:Beta-3-hydroxybutyryl-TYPE-I-FAS-ACPs@Charged	MetaCyc:Beta-3-hydroxybutyryl-TYPE-I-FAS-ACPs@Charged		MetaCyc:Beta-3-hydroxybutyryl-TYPE-I-FAS-ACPs@Charged	MetaCyc:Beta-3-hydroxybutyryl-TYPE-I-FAS-ACPs	MetaCyc:Beta-3-hydroxybutyryl-TYPE-I-FAS-ACPs				
cpd48625	MetaCyc:Beta-hydroxydecanoyl-TYPE-I-FAS-ACPs@Charged	MetaCyc:Beta-hydroxydecanoyl-TYPE-I-FAS-ACPs@Charged		MetaCyc:Beta-hydroxydecanoyl-TYPE-I-FAS-ACPs@Charged	MetaCyc:Beta-hydroxydecanoyl-TYPE-I-FAS-ACPs	MetaCyc:Beta-hydroxydecanoyl-TYPE-I-FAS-ACPs				
cpd48626	MetaCyc:Beta-hydroxynonanoyl-ACPs@Charged	MetaCyc:Beta-hydroxynonanoyl-ACPs@Charged		MetaCyc:Beta-hydroxynonanoyl-ACPs@Charged	MetaCyc:Beta-hydroxynonanoyl-ACPs	MetaCyc:Beta-hydroxynonanoyl-ACPs				
cpd48627	MetaCyc:Branched-Nonanoyl-BryA-PKS@Charged	MetaCyc:Branched-Nonanoyl-BryA-PKS@Charged		MetaCyc:Branched-Nonanoyl-BryA-PKS@Charged	MetaCyc:Branched-Nonanoyl-BryA-PKS	MetaCyc:Branched-Nonanoyl-BryA-PKS				
cpd48628	MetaCyc:BryA-PKS@Charged	MetaCyc:BryA-PKS@Charged		MetaCyc:BryA-PKS@Charged	MetaCyc:BryA-PKS	MetaCyc:BryA-PKS				
cpd48629	MetaCyc:BryB-PKS@Charged	MetaCyc:BryB-PKS@Charged		MetaCyc:BryB-PKS@Charged	MetaCyc:BryB-PKS	MetaCyc:BryB-PKS				
cpd48630	MetaCyc:BryC-PKS@Charged	MetaCyc:BryC-PKS@Charged		MetaCyc:BryC-PKS@Charged	MetaCyc:BryC-PKS	MetaCyc:BryC-PKS				
cpd48631	MetaCyc:BryD-PKS@Charged	MetaCyc:BryD-PKS@Charged		MetaCyc:BryD-PKS@Charged	MetaCyc:BryD-PKS	MetaCyc:BryD-PKS				
cpd48632	MetaCyc:BryP-ACP@Charged	MetaCyc:BryP-ACP@Charged		MetaCyc:BryP-ACP@Charged	MetaCyc:BryP-ACP	MetaCyc:BryP-ACP				
cpd48633	MetaCyc:BryU-ACP@Charged	MetaCyc:BryU-ACP@Charged		MetaCyc:BryU-ACP@Charged	MetaCyc:BryU-ACP	MetaCyc:BryU-ACP				
cpd48634	MetaCyc:Butanoyl-TYPE-I-FAS-ACPs@Charged	MetaCyc:Butanoyl-TYPE-I-FAS-ACPs@Charged		MetaCyc:Butanoyl-TYPE-I-FAS-ACPs@Charged	MetaCyc:Butanoyl-TYPE-I-FAS-ACPs	MetaCyc:Butanoyl-TYPE-I-FAS-ACPs				
cpd48635	MetaCyc:C14-Asn-Ala-ClbB-PKS@Charged	MetaCyc:C14-Asn-Ala-ClbB-PKS@Charged		MetaCyc:C14-Asn-Ala-ClbB-PKS@Charged	MetaCyc:C14-Asn-Ala-ClbB-PKS	MetaCyc:C14-Asn-Ala-ClbB-PKS				
cpd48636	MetaCyc:C14-Asn-Butan-2-aminyl-Acet-ClbB-PKS@Charged	MetaCyc:C14-Asn-Butan-2-aminyl-Acet-ClbB-PKS@Charged		MetaCyc:C14-Asn-Butan-2-aminyl-Acet-ClbB-PKS@Charged	MetaCyc:C14-Asn-Butan-2-aminyl-Acet-ClbB-PKS	MetaCyc:C14-Asn-Butan-2-aminyl-Acet-ClbB-PKS				
cpd48637	MetaCyc:C14-Asn-Butan-2-aminyl-Malonyl-ClbC-PKS@Charged	MetaCyc:C14-Asn-Butan-2-aminyl-Malonyl-ClbC-PKS@Charged		MetaCyc:C14-Asn-Butan-2-aminyl-Malonyl-ClbC-PKS@Charged	MetaCyc:C14-Asn-Butan-2-aminyl-Malonyl-ClbC-PKS	MetaCyc:C14-Asn-Butan-2-aminyl-Malonyl-ClbC-PKS				
cpd48638	MetaCyc:C14-Asn-C4aminyl-Malonyl-Sam-ClbH-NRPS@Charged	MetaCyc:C14-Asn-C4aminyl-Malonyl-Sam-ClbH-NRPS@Charged		MetaCyc:C14-Asn-C4aminyl-Malonyl-Sam-ClbH-NRPS@Charged	MetaCyc:C14-Asn-C4aminyl-Malonyl-Sam-ClbH-NRPS	MetaCyc:C14-Asn-C4aminyl-Malonyl-Sam-ClbH-NRPS				
cpd48639	MetaCyc:C14-Asn-ClbN-PKS@Charged	MetaCyc:C14-Asn-ClbN-PKS@Charged		MetaCyc:C14-Asn-ClbN-PKS@Charged	MetaCyc:C14-Asn-ClbN-PKS	MetaCyc:C14-Asn-ClbN-PKS				
cpd48640	MetaCyc:C14-N-but-mal-Cyc-Ac-G-C-G-C-G-ClbO-PKS@Charged	MetaCyc:C14-N-but-mal-Cyc-Ac-G-C-G-C-G-ClbO-PKS@Charged		MetaCyc:C14-N-but-mal-Cyc-Ac-G-C-G-C-G-ClbO-PKS@Charged	MetaCyc:C14-N-but-mal-Cyc-Ac-G-C-G-C-G-ClbO-PKS	MetaCyc:C14-N-but-mal-Cyc-Ac-G-C-G-C-G-ClbO-PKS				
cpd48641	MetaCyc:C14-N-but-mal-Cyclo-Ac-ClbI-PKS@Charged	MetaCyc:C14-N-but-mal-Cyclo-Ac-ClbI-PKS@Charged		MetaCyc:C14-N-but-mal-Cyclo-Ac-ClbI-PKS@Charged	MetaCyc:C14-N-but-mal-Cyclo-Ac-ClbI-PKS	MetaCyc:C14-N-but-mal-Cyclo-Ac-ClbI-PKS				
cpd48642	MetaCyc:C14-N-but-mal-Cyclo-Ac-G-C-ClbJ-NRPS@Charged	MetaCyc:C14-N-but-mal-Cyclo-Ac-G-C-ClbJ-NRPS@Charged		MetaCyc:C14-N-but-mal-Cyclo-Ac-G-C-ClbJ-NRPS@Charged	MetaCyc:C14-N-but-mal-Cyclo-Ac-G-C-ClbJ-NRPS	MetaCyc:C14-N-but-mal-Cyclo-Ac-G-C-ClbJ-NRPS				
cpd48643	MetaCyc:C14-N-but-mal-Cyclo-Ac-G-C-G-C-ClbK-PKS@Charged	MetaCyc:C14-N-but-mal-Cyclo-Ac-G-C-G-C-ClbK-PKS@Charged		MetaCyc:C14-N-but-mal-Cyclo-Ac-G-C-G-C-ClbK-PKS@Charged	MetaCyc:C14-N-but-mal-Cyclo-Ac-G-C-G-C-ClbK-PKS	MetaCyc:C14-N-but-mal-Cyclo-Ac-G-C-G-C-ClbK-PKS				
cpd48644	MetaCyc:C14-N-but-mal-Cyclo-Ac-G-C-G-ClbK-PKS@Charged	MetaCyc:C14-N-but-mal-Cyclo-Ac-G-C-G-ClbK-PKS@Charged		MetaCyc:C14-N-but-mal-Cyclo-Ac-G-C-G-ClbK-PKS@Charged	MetaCyc:C14-N-but-mal-Cyclo-Ac-G-C-G-ClbK-PKS	MetaCyc:C14-N-but-mal-Cyclo-Ac-G-C-G-ClbK-PKS				
cpd48645	MetaCyc:C14-N-but-mal-Cyclo-Ac-G-ClbJ-NRPS@Charged	MetaCyc:C14-N-but-mal-Cyclo-Ac-G-ClbJ-NRPS@Charged		MetaCyc:C14-N-but-mal-Cyclo-Ac-G-ClbJ-NRPS@Charged	MetaCyc:C14-N-but-mal-Cyclo-Ac-G-ClbJ-NRPS	MetaCyc:C14-N-but-mal-Cyclo-Ac-G-ClbJ-NRPS				
cpd48646	MetaCyc:CAAL-proteins@Charged	MetaCyc:CAAL-proteins@Charged		MetaCyc:CAAL-proteins@Charged	MetaCyc:CAAL-proteins	MetaCyc:CAAL-proteins				
cpd48647	MetaCyc:CCXX-proteins@Charged	MetaCyc:CCXX-proteins@Charged		MetaCyc:CCXX-proteins@Charged	MetaCyc:CCXX-proteins	MetaCyc:CCXX-proteins				
cpd48648	MetaCyc:CPD-21867@Charged	MetaCyc:CPD-21867@Charged		MetaCyc:CPD-21867@Charged	MetaCyc:CPD-21867	MetaCyc:CPD-21867				
cpd48649										
cpd48650										
cpd48651	MetaCyc:CcmCDE-Complex@Charged	MetaCyc:CcmCDE-Complex@Charged		MetaCyc:CcmCDE-Complex@Charged	MetaCyc:CcmCDE-Complex	MetaCyc:CcmCDE-Complex				
cpd48652	MetaCyc:CcmCDE-Complex-Heme@Charged	MetaCyc:CcmCDE-Complex-Heme@Charged		MetaCyc:CcmCDE-Complex-Heme@Charged	MetaCyc:CcmCDE-Complex-Heme	MetaCyc:CcmCDE-Complex-Heme				
cpd48653	MetaCyc:CcmE-Protein-Heme@Charged	MetaCyc:CcmE-Protein-Heme@Charged		MetaCyc:CcmE-Protein-Heme@Charged	MetaCyc:CcmE-Protein-Heme	MetaCyc:CcmE-Protein-Heme				
cpd48654	MetaCyc:CcmE-Proteins@Charged	MetaCyc:CcmE-Proteins@Charged		MetaCyc:CcmE-Proteins@Charged	MetaCyc:CcmE-Proteins	MetaCyc:CcmE-Proteins				
cpd48655	MetaCyc:CcmH-CcmG@Charged	MetaCyc:CcmH-CcmG@Charged		MetaCyc:CcmH-CcmG@Charged	MetaCyc:CcmH-CcmG	MetaCyc:CcmH-CcmG				
cpd48656	MetaCyc:Cerotoyl-TYPE-I-FAS-ACPs@Charged	MetaCyc:Cerotoyl-TYPE-I-FAS-ACPs@Charged		MetaCyc:Cerotoyl-TYPE-I-FAS-ACPs@Charged	MetaCyc:Cerotoyl-TYPE-I-FAS-ACPs	MetaCyc:Cerotoyl-TYPE-I-FAS-ACPs				
cpd48657	MetaCyc:Chalcone-Synthase@Charged	MetaCyc:Chalcone-Synthase@Charged		MetaCyc:Chalcone-Synthase@Charged	MetaCyc:Chalcone-Synthase	MetaCyc:Chalcone-Synthase				
cpd48658	MetaCyc:Chalcone-Synthase-Tetraketide@Charged	MetaCyc:Chalcone-Synthase-Tetraketide@Charged		MetaCyc:Chalcone-Synthase-Tetraketide@Charged	MetaCyc:Chalcone-Synthase-Tetraketide	MetaCyc:Chalcone-Synthase-Tetraketide				
cpd48659	MetaCyc:Charged-3-methyl-2-oxobutanoyl-Carrier-Proteins@Charged	MetaCyc:Charged-3-methyl-2-oxobutanoyl-Carrier-Proteins@Charged		MetaCyc:Charged-3-methyl-2-oxobutanoyl-Carrier-Proteins@Charged	MetaCyc:Charged-3-methyl-2-oxobutanoyl-Carrier-Proteins	MetaCyc:Charged-3-methyl-2-oxobutanoyl-Carrier-Proteins				
cpd48660	MetaCyc:Charged-D-Ala-Carrier-Proteins@Charged	MetaCyc:Charged-D-Ala-Carrier-Proteins@Charged		MetaCyc:Charged-D-Ala-Carrier-Proteins@Charged	MetaCyc:Charged-D-Ala-Carrier-Proteins	MetaCyc:Charged-D-Ala-Carrier-Proteins				
cpd48661	MetaCyc:Charged-SAM-Carrier-Proteins@Charged	MetaCyc:Charged-SAM-Carrier-Proteins@Charged		MetaCyc:Charged-SAM-Carrier-Proteins@Charged	MetaCyc:Charged-SAM-Carrier-Proteins	MetaCyc:Charged-SAM-Carrier-Proteins				
cpd48662	MetaCyc:ClbB-PKS@Charged	MetaCyc:ClbB-PKS@Charged		MetaCyc:ClbB-PKS@Charged	MetaCyc:ClbB-PKS	MetaCyc:ClbB-PKS				
cpd48663	MetaCyc:ClbC-PKS@Charged	MetaCyc:ClbC-PKS@Charged		MetaCyc:ClbC-PKS@Charged	MetaCyc:ClbC-PKS	MetaCyc:ClbC-PKS				
cpd48664	MetaCyc:ClbE@Charged	MetaCyc:ClbE@Charged		MetaCyc:ClbE@Charged	MetaCyc:ClbE	MetaCyc:ClbE				
cpd48665	MetaCyc:ClbH-NRPS@Charged	MetaCyc:ClbH-NRPS@Charged		MetaCyc:ClbH-NRPS@Charged	MetaCyc:ClbH-NRPS	MetaCyc:ClbH-NRPS				
cpd48666	MetaCyc:ClbI-PKS@Charged	MetaCyc:ClbI-PKS@Charged		MetaCyc:ClbI-PKS@Charged	MetaCyc:ClbI-PKS	MetaCyc:ClbI-PKS				
cpd48667	MetaCyc:ClbJ-NRPS@Charged	MetaCyc:ClbJ-NRPS@Charged		MetaCyc:ClbJ-NRPS@Charged	MetaCyc:ClbJ-NRPS	MetaCyc:ClbJ-NRPS				
cpd48668	MetaCyc:ClbK-PKS@Charged	MetaCyc:ClbK-PKS@Charged		MetaCyc:ClbK-PKS@Charged	MetaCyc:ClbK-PKS	MetaCyc:ClbK-PKS				
cpd48669	MetaCyc:ClbN-PKS@Charged	MetaCyc:ClbN-PKS@Charged		MetaCyc:ClbN-PKS@Charged	MetaCyc:ClbN-PKS	MetaCyc:ClbN-PKS				
cpd48670	MetaCyc:ClbO-PKS@Charged	MetaCyc:ClbO-PKS@Charged		MetaCyc:ClbO-PKS@Charged	MetaCyc:ClbO-PKS	MetaCyc:ClbO-PKS				
cpd48671	MetaCyc:CloN1@Charged	MetaCyc:CloN1@Charged		MetaCyc:CloN1@Charged	MetaCyc:CloN1	MetaCyc:CloN1				
cpd48672	MetaCyc:CloN5@Charged	MetaCyc:CloN5@Charged		MetaCyc:CloN5@Charged	MetaCyc:CloN5	MetaCyc:CloN5				
cpd48673	MetaCyc:Co1-MtoC-Proteins@Charged	MetaCyc:Co1-MtoC-Proteins@Charged		MetaCyc:Co1-MtoC-Proteins@Charged		MetaCyc:Co1-MtoC-Proteins				
cpd48674	MetaCyc:Co2-MtaC-Proteins@Charged	MetaCyc:Co2-MtaC-Proteins@Charged		MetaCyc:Co2-MtaC-Proteins@Charged		MetaCyc:Co2-MtaC-Proteins				
cpd48675	MetaCyc:Co2-MtsB-Proteins@Charged	MetaCyc:Co2-MtsB-Proteins@Charged		MetaCyc:Co2-MtsB-Proteins@Charged		MetaCyc:Co2-MtsB-Proteins				
cpd48676	MetaCyc:CoI-MtgC-Proteins@Charged	MetaCyc:CoI-MtgC-Proteins@Charged		MetaCyc:CoI-MtgC-Proteins@Charged		MetaCyc:CoI-MtgC-Proteins				
cpd48677	MetaCyc:CoI-MtpC-Proteins@Charged	MetaCyc:CoI-MtpC-Proteins@Charged		MetaCyc:CoI-MtpC-Proteins@Charged		MetaCyc:CoI-MtpC-Proteins				
cpd48678	MetaCyc:CoII-MtpC-Proteins@Charged	MetaCyc:CoII-MtpC-Proteins@Charged		MetaCyc:CoII-MtpC-Proteins@Charged		MetaCyc:CoII-MtpC-Proteins				
cpd48679										
cpd48680										
cpd48681										
cpd48682										
cpd48683										
cpd48684	MetaCyc:Crotonyl-ACP@Charged	MetaCyc:Crotonyl-ACP@Charged		MetaCyc:Crotonyl-ACP@Charged	MetaCyc:Crotonyl-ACP	MetaCyc:Crotonyl-ACP				
cpd48685	MetaCyc:Crotonyl-TYPE-I-FAS-ACPs@Charged	MetaCyc:Crotonyl-TYPE-I-FAS-ACPs@Charged		MetaCyc:Crotonyl-TYPE-I-FAS-ACPs@Charged	MetaCyc:Crotonyl-TYPE-I-FAS-ACPs	MetaCyc:Crotonyl-TYPE-I-FAS-ACPs				
cpd48686	MetaCyc:CurA-ACPI-Domain@Charged	MetaCyc:CurA-ACPI-Domain@Charged		MetaCyc:CurA-ACPI-Domain@Charged	MetaCyc:CurA-ACPI-Domain	MetaCyc:CurA-ACPI-Domain				
cpd48687	MetaCyc:CurA-ACPL-Domain@Charged	MetaCyc:CurA-ACPL-Domain@Charged		MetaCyc:CurA-ACPL-Domain@Charged	MetaCyc:CurA-ACPL-Domain	MetaCyc:CurA-ACPL-Domain				
cpd48688	MetaCyc:CurB-ACP@Charged	MetaCyc:CurB-ACP@Charged		MetaCyc:CurB-ACP@Charged	MetaCyc:CurB-ACP	MetaCyc:CurB-ACP				
cpd48689	MetaCyc:CurG-ACP-Domain@Charged	MetaCyc:CurG-ACP-Domain@Charged		MetaCyc:CurG-ACP-Domain@Charged	MetaCyc:CurG-ACP-Domain	MetaCyc:CurG-ACP-Domain				
cpd48690	MetaCyc:CurH-ACP-Domain@Charged	MetaCyc:CurH-ACP-Domain@Charged		MetaCyc:CurH-ACP-Domain@Charged	MetaCyc:CurH-ACP-Domain	MetaCyc:CurH-ACP-Domain				
cpd48691	MetaCyc:CurI-ACP-Domain@Charged	MetaCyc:CurI-ACP-Domain@Charged		MetaCyc:CurI-ACP-Domain@Charged	MetaCyc:CurI-ACP-Domain	MetaCyc:CurI-ACP-Domain				
cpd48692	MetaCyc:CurJ-ACP-Domain@Charged	MetaCyc:CurJ-ACP-Domain@Charged		MetaCyc:CurJ-ACP-Domain@Charged	MetaCyc:CurJ-ACP-Domain	MetaCyc:CurJ-ACP-Domain				
cpd48693	MetaCyc:CurK-ACP-Domain@Charged	MetaCyc:CurK-ACP-Domain@Charged		MetaCyc:CurK-ACP-Domain@Charged	MetaCyc:CurK-ACP-Domain	MetaCyc:CurK-ACP-Domain				
cpd48694	MetaCyc:CurL-ACP-Domain@Charged	MetaCyc:CurL-ACP-Domain@Charged		MetaCyc:CurL-ACP-Domain@Charged	MetaCyc:CurL-ACP-Domain	MetaCyc:CurL-ACP-Domain				
cpd48695	MetaCyc:CurM-ACP-Domain@Charged	MetaCyc:CurM-ACP-Domain@Charged		MetaCyc:CurM-ACP-Domain@Charged	MetaCyc:CurM-ACP-Domain	MetaCyc:CurM-ACP-Domain				
cpd48696	MetaCyc:Cyclopropane-ClbH-NRPS@Charged	MetaCyc:Cyclopropane-ClbH-NRPS@Charged		MetaCyc:Cyclopropane-ClbH-NRPS@Charged	MetaCyc:Cyclopropane-ClbH-NRPS	MetaCyc:Cyclopropane-ClbH-NRPS				
cpd48697	MetaCyc:Cylidrospermopsin-Intermediate-ACP@Charged	MetaCyc:Cylidrospermopsin-Intermediate-ACP@Charged		MetaCyc:Cylidrospermopsin-Intermediate-ACP@Charged	MetaCyc:Cylidrospermopsin-Intermediate-ACP	MetaCyc:Cylidrospermopsin-Intermediate-ACP				
cpd48698	MetaCyc:Cys-AprH@Charged	MetaCyc:Cys-AprH@Charged		MetaCyc:Cys-AprH@Charged	MetaCyc:Cys-AprH	MetaCyc:Cys-AprH				
cpd48699	MetaCyc:Cys-ClbJ-NRPS@Charged	MetaCyc:Cys-ClbJ-NRPS@Charged		MetaCyc:Cys-ClbJ-NRPS@Charged	MetaCyc:Cys-ClbJ-NRPS	MetaCyc:Cys-ClbJ-NRPS				
cpd48700	MetaCyc:Cys-ClbK-PKS@Charged	MetaCyc:Cys-ClbK-PKS@Charged		MetaCyc:Cys-ClbK-PKS@Charged	MetaCyc:Cys-ClbK-PKS	MetaCyc:Cys-ClbK-PKS				
cpd48701	MetaCyc:Cys-HctE-PCP2@Charged	MetaCyc:Cys-HctE-PCP2@Charged		MetaCyc:Cys-HctE-PCP2@Charged	MetaCyc:Cys-HctE-PCP2	MetaCyc:Cys-HctE-PCP2				
cpd48702	MetaCyc:Cys-HctF-PCP2@Charged	MetaCyc:Cys-HctF-PCP2@Charged		MetaCyc:Cys-HctF-PCP2@Charged	MetaCyc:Cys-HctF-PCP2	MetaCyc:Cys-HctF-PCP2				
cpd48703	MetaCyc:Cys-tRNA-Pro@Charged	MetaCyc:Cys-tRNA-Pro@Charged		MetaCyc:Cys-tRNA-Pro@Charged	MetaCyc:Cys-tRNA-Pro	MetaCyc:Cys-tRNA-Pro				
cpd48704	MetaCyc:Cys2-Peroxiredoxin-Disulfide@Charged	MetaCyc:Cys2-Peroxiredoxin-Disulfide@Charged		MetaCyc:Cys2-Peroxiredoxin-Disulfide@Charged	MetaCyc:Cys2-Peroxiredoxin-Disulfide	MetaCyc:Cys2-Peroxiredoxin-Disulfide			MetaCyc:Cys2-Peroxiredoxin-Disulfide@Charged	
cpd48705	MetaCyc:CytC-CcmH@Charged	MetaCyc:CytC-CcmH@Charged		MetaCyc:CytC-CcmH@Charged	MetaCyc:CytC-CcmH	MetaCyc:CytC-CcmH				
cpd48706	MetaCyc:CytC-CcmH-Heme-CcmE@Charged	MetaCyc:CytC-CcmH-Heme-CcmE@Charged		MetaCyc:CytC-CcmH-Heme-CcmE@Charged	MetaCyc:CytC-CcmH-Heme-CcmE	MetaCyc:CytC-CcmH-Heme-CcmE				
cpd48707										
cpd48708										
cpd48709	MetaCyc:D-Alanyl-SulM@Charged	MetaCyc:D-Alanyl-SulM@Charged		MetaCyc:D-Alanyl-SulM@Charged	MetaCyc:D-Alanyl-SulM	MetaCyc:D-Alanyl-SulM				
cpd48710	MetaCyc:D-Glu-gamma-L-Ala-DAP-SulM@Charged	MetaCyc:D-Glu-gamma-L-Ala-DAP-SulM@Charged		MetaCyc:D-Glu-gamma-L-Ala-DAP-SulM@Charged	MetaCyc:D-Glu-gamma-L-Ala-DAP-SulM	MetaCyc:D-Glu-gamma-L-Ala-DAP-SulM				
cpd48711	MetaCyc:D-Glu-gamma-L-Ala-Sulfo-DAP-SulM@Charged	MetaCyc:D-Glu-gamma-L-Ala-Sulfo-DAP-SulM@Charged		MetaCyc:D-Glu-gamma-L-Ala-Sulfo-DAP-SulM@Charged	MetaCyc:D-Glu-gamma-L-Ala-Sulfo-DAP-SulM	MetaCyc:D-Glu-gamma-L-Ala-Sulfo-DAP-SulM				
cpd48712	MetaCyc:D-Glutamyl-Carrier-Proteins@Charged	MetaCyc:D-Glutamyl-Carrier-Proteins@Charged		MetaCyc:D-Glutamyl-Carrier-Proteins@Charged	MetaCyc:D-Glutamyl-Carrier-Proteins	MetaCyc:D-Glutamyl-Carrier-Proteins				
cpd48713	MetaCyc:D-Val-Valyl-Carrier-Proteins@Charged	MetaCyc:D-Val-Valyl-Carrier-Proteins@Charged		MetaCyc:D-Val-Valyl-Carrier-Proteins@Charged	MetaCyc:D-Val-Valyl-Carrier-Proteins	MetaCyc:D-Val-Valyl-Carrier-Proteins				
cpd48714	MetaCyc:D-glutamyl-D-glutamyl-PCP@Charged	MetaCyc:D-glutamyl-D-glutamyl-PCP@Charged		MetaCyc:D-glutamyl-D-glutamyl-PCP@Charged	MetaCyc:D-glutamyl-D-glutamyl-PCP	MetaCyc:D-glutamyl-D-glutamyl-PCP				
cpd48715	MetaCyc:D-lactyl-BryA-PKS@Charged	MetaCyc:D-lactyl-BryA-PKS@Charged		MetaCyc:D-lactyl-BryA-PKS@Charged	MetaCyc:D-lactyl-BryA-PKS	MetaCyc:D-lactyl-BryA-PKS				
cpd48716	MetaCyc:DELTA2-tubulin@Charged	MetaCyc:DELTA2-tubulin@Charged		MetaCyc:DELTA2-tubulin@Charged	MetaCyc:DELTA2-tubulin	MetaCyc:DELTA2-tubulin				
cpd48717	MetaCyc:DELTA3-tubulin@Charged	MetaCyc:DELTA3-tubulin@Charged		MetaCyc:DELTA3-tubulin@Charged	MetaCyc:DELTA3-tubulin	MetaCyc:DELTA3-tubulin				
cpd48718										
cpd48719	MetaCyc:DON-DON-Carrier-Proteins@Charged	MetaCyc:DON-DON-Carrier-Proteins@Charged		MetaCyc:DON-DON-Carrier-Proteins@Charged	MetaCyc:DON-DON-Carrier-Proteins	MetaCyc:DON-DON-Carrier-Proteins				
cpd48720	MetaCyc:Decanoyl-TYPE-I-FAS-ACPs@Charged	MetaCyc:Decanoyl-TYPE-I-FAS-ACPs@Charged		MetaCyc:Decanoyl-TYPE-I-FAS-ACPs@Charged	MetaCyc:Decanoyl-TYPE-I-FAS-ACPs	MetaCyc:Decanoyl-TYPE-I-FAS-ACPs				
cpd48721										
cpd48722	MetaCyc:Dibranched-Heptadecenoyl-BryB-PKS@Charged	MetaCyc:Dibranched-Heptadecenoyl-BryB-PKS@Charged		MetaCyc:Dibranched-Heptadecenoyl-BryB-PKS@Charged	MetaCyc:Dibranched-Heptadecenoyl-BryB-PKS	MetaCyc:Dibranched-Heptadecenoyl-BryB-PKS				
cpd48723	MetaCyc:Dihydropyrrole-SibD@Charged	MetaCyc:Dihydropyrrole-SibD@Charged		MetaCyc:Dihydropyrrole-SibD@Charged	MetaCyc:Dihydropyrrole-SibD	MetaCyc:Dihydropyrrole-SibD				
cpd48724	MetaCyc:Dimethyl-malonyl-AprA@Charged	MetaCyc:Dimethyl-malonyl-AprA@Charged		MetaCyc:Dimethyl-malonyl-AprA@Charged	MetaCyc:Dimethyl-malonyl-AprA	MetaCyc:Dimethyl-malonyl-AprA				
cpd48725	MetaCyc:Dimethylarsenite-Arsenite-Methyltranferase	MetaCyc:Dimethylarsenite-Arsenite-Methyltranferase		MetaCyc:Dimethylarsenite-Arsenite-Methyltranferase	MetaCyc:Dimethylarsenite-Arsenite-Methyltranferase	MetaCyc:Dimethylarsenite-Arsenite-Methyltranferase				
cpd48726	MetaCyc:Disulfide-Isomerase-with-Disulfide-Bond@Charged	MetaCyc:Disulfide-Isomerase-with-Disulfide-Bond@Charged		MetaCyc:Disulfide-Isomerase-with-Disulfide-Bond@Charged	MetaCyc:Disulfide-Isomerase-with-Disulfide-Bond	MetaCyc:Disulfide-Isomerase-with-Disulfide-Bond			MetaCyc:Disulfide-Isomerase-with-Disulfide-Bond@Charged	
cpd48727	MetaCyc:Docos-2-enoyl-TYPE-I-FAS-ACPs@Charged	MetaCyc:Docos-2-enoyl-TYPE-I-FAS-ACPs@Charged		MetaCyc:Docos-2-enoyl-TYPE-I-FAS-ACPs@Charged	MetaCyc:Docos-2-enoyl-TYPE-I-FAS-ACPs	MetaCyc:Docos-2-enoyl-TYPE-I-FAS-ACPs				
cpd48728	MetaCyc:Dodec-2-enoyl-TYPE-I-FAS-ACPs@Charged	MetaCyc:Dodec-2-enoyl-TYPE-I-FAS-ACPs@Charged		MetaCyc:Dodec-2-enoyl-TYPE-I-FAS-ACPs@Charged	MetaCyc:Dodec-2-enoyl-TYPE-I-FAS-ACPs	MetaCyc:Dodec-2-enoyl-TYPE-I-FAS-ACPs				
cpd48729	MetaCyc:Dodecanoyl-RedQ@Charged	MetaCyc:Dodecanoyl-RedQ@Charged		MetaCyc:Dodecanoyl-RedQ@Charged	MetaCyc:Dodecanoyl-RedQ	MetaCyc:Dodecanoyl-RedQ				
cpd48730	MetaCyc:Dodecanoyl-TYPE-I-FAS-ACPs@Charged	MetaCyc:Dodecanoyl-TYPE-I-FAS-ACPs@Charged		MetaCyc:Dodecanoyl-TYPE-I-FAS-ACPs@Charged	MetaCyc:Dodecanoyl-TYPE-I-FAS-ACPs	MetaCyc:Dodecanoyl-TYPE-I-FAS-ACPs				
cpd48731	MetaCyc:DsDNA-Nicked-CC	MetaCyc:DsDNA-Nicked-CC		MetaCyc:DsDNA-Nicked-CC	MetaCyc:DsDNA-Nicked-CC	MetaCyc:DsDNA-Nicked-CC				
cpd48732	MetaCyc:Enoyl-Pimeloyl-ACPs@Charged	MetaCyc:Enoyl-Pimeloyl-ACPs@Charged		MetaCyc:Enoyl-Pimeloyl-ACPs@Charged	MetaCyc:Enoyl-Pimeloyl-ACPs	MetaCyc:Enoyl-Pimeloyl-ACPs				
cpd48733	MetaCyc:Epoxyanthraniloyl-AntG@Charged	MetaCyc:Epoxyanthraniloyl-AntG@Charged		MetaCyc:Epoxyanthraniloyl-AntG@Charged	MetaCyc:Epoxyanthraniloyl-AntG	MetaCyc:Epoxyanthraniloyl-AntG				
cpd48734	MetaCyc:Fatty-Acid-Synthase-ACPs@Charged	MetaCyc:Fatty-Acid-Synthase-ACPs@Charged		MetaCyc:Fatty-Acid-Synthase-ACPs@Charged	MetaCyc:Fatty-Acid-Synthase-ACPs	MetaCyc:Fatty-Acid-Synthase-ACPs				
cpd48735	MetaCyc:Fatty-acyl-ACPs@Charged	MetaCyc:Fatty-acyl-ACPs@Charged		MetaCyc:Fatty-acyl-ACPs@Charged	MetaCyc:Fatty-acyl-ACPs	MetaCyc:Fatty-acyl-ACPs				
cpd48736	MetaCyc:Ferrileghemoglobins@Charged	MetaCyc:Ferrileghemoglobins@Charged		MetaCyc:Ferrileghemoglobins@Charged	MetaCyc:Ferrileghemoglobins	MetaCyc:Ferrileghemoglobins				
cpd48737	MetaCyc:Ferroleghemoglobins@Charged	MetaCyc:Ferroleghemoglobins@Charged		MetaCyc:Ferroleghemoglobins@Charged	MetaCyc:Ferroleghemoglobins	MetaCyc:Ferroleghemoglobins				
cpd48738	MetaCyc:Final-Intermediate-BryD-PKS@Charged	MetaCyc:Final-Intermediate-BryD-PKS@Charged		MetaCyc:Final-Intermediate-BryD-PKS@Charged	MetaCyc:Final-Intermediate-BryD-PKS	MetaCyc:Final-Intermediate-BryD-PKS				
cpd48739	MetaCyc:G5-pppAmACA-mRNAs	MetaCyc:G5-pppAmACA-mRNAs		MetaCyc:G5-pppAmACA-mRNAs	MetaCyc:G5-pppAmACA-mRNAs	MetaCyc:G5-pppAmACA-mRNAs				
cpd48740	MetaCyc:G5pppAACA-mRNAs	MetaCyc:G5pppAACA-mRNAs		MetaCyc:G5pppAACA-mRNAs	MetaCyc:G5pppAACA-mRNAs	MetaCyc:G5pppAACA-mRNAs				
cpd48741	MetaCyc:Gamma-D-glutamyl-L-alanyl-SulM@Charged	MetaCyc:Gamma-D-glutamyl-L-alanyl-SulM@Charged		MetaCyc:Gamma-D-glutamyl-L-alanyl-SulM@Charged	MetaCyc:Gamma-D-glutamyl-L-alanyl-SulM	MetaCyc:Gamma-D-glutamyl-L-alanyl-SulM				
cpd48742	MetaCyc:Generic-Dipeptidyl-Peptidase-Substrates	MetaCyc:Generic-Dipeptidyl-Peptidase-Substrates		MetaCyc:Generic-Dipeptidyl-Peptidase-Substrates	MetaCyc:Generic-Dipeptidyl-Peptidase-Substrates	MetaCyc:Generic-Dipeptidyl-Peptidase-Substrates				
cpd48743	MetaCyc:Geranylgeranylated-CAAL-proteins@Charged	MetaCyc:Geranylgeranylated-CAAL-proteins@Charged		MetaCyc:Geranylgeranylated-CAAL-proteins@Charged	MetaCyc:Geranylgeranylated-CAAL-proteins	MetaCyc:Geranylgeranylated-CAAL-proteins				
cpd48744	MetaCyc:Geranylgeranylated-CCXX-proteins@Charged	MetaCyc:Geranylgeranylated-CCXX-proteins@Charged		MetaCyc:Geranylgeranylated-CCXX-proteins@Charged	MetaCyc:Geranylgeranylated-CCXX-proteins	MetaCyc:Geranylgeranylated-CCXX-proteins				
cpd48745	MetaCyc:Geranylgeranylated-XCXC-proteins@Charged	MetaCyc:Geranylgeranylated-XCXC-proteins@Charged		MetaCyc:Geranylgeranylated-XCXC-proteins@Charged	MetaCyc:Geranylgeranylated-XCXC-proteins	MetaCyc:Geranylgeranylated-XCXC-proteins				
cpd48746	MetaCyc:Geranylgeranylated-XXCC-proteins@Charged	MetaCyc:Geranylgeranylated-XXCC-proteins@Charged		MetaCyc:Geranylgeranylated-XXCC-proteins@Charged	MetaCyc:Geranylgeranylated-XXCC-proteins	MetaCyc:Geranylgeranylated-XXCC-proteins				
cpd48747	MetaCyc:Gly-ClbJ-NRPS@Charged	MetaCyc:Gly-ClbJ-NRPS@Charged		MetaCyc:Gly-ClbJ-NRPS@Charged	MetaCyc:Gly-ClbJ-NRPS	MetaCyc:Gly-ClbJ-NRPS				
cpd48748	MetaCyc:Glycyl-AlmF@Charged	MetaCyc:Glycyl-AlmF@Charged		MetaCyc:Glycyl-AlmF@Charged	MetaCyc:Glycyl-AlmF	MetaCyc:Glycyl-AlmF				
cpd48749	MetaCyc:Grx-GSH-dithiol@Charged	MetaCyc:Grx-GSH-dithiol@Charged		MetaCyc:Grx-GSH-dithiol@Charged	MetaCyc:Grx-GSH-dithiol	MetaCyc:Grx-GSH-dithiol				
cpd48750	MetaCyc:Guanidino-2-methyl-but-2-enoyl-CyrB@Charged	MetaCyc:Guanidino-2-methyl-but-2-enoyl-CyrB@Charged		MetaCyc:Guanidino-2-methyl-but-2-enoyl-CyrB@Charged	MetaCyc:Guanidino-2-methyl-but-2-enoyl-CyrB	MetaCyc:Guanidino-2-methyl-but-2-enoyl-CyrB				
cpd48751	MetaCyc:Guanidinoacetyl-PKS@Charged	MetaCyc:Guanidinoacetyl-PKS@Charged		MetaCyc:Guanidinoacetyl-PKS@Charged	MetaCyc:Guanidinoacetyl-PKS	MetaCyc:Guanidinoacetyl-PKS				
cpd48752	MetaCyc:HMG-CurA-ACPI-Domain@Charged	MetaCyc:HMG-CurA-ACPI-Domain@Charged		MetaCyc:HMG-CurA-ACPI-Domain@Charged	MetaCyc:HMG-CurA-ACPI-Domain	MetaCyc:HMG-CurA-ACPI-Domain				
cpd48753	MetaCyc:HctD-ACP-Domain@Charged	MetaCyc:HctD-ACP-Domain@Charged		MetaCyc:HctD-ACP-Domain@Charged	MetaCyc:HctD-ACP-Domain	MetaCyc:HctD-ACP-Domain				
cpd48754	MetaCyc:HctE-Intermediate-1@Charged	MetaCyc:HctE-Intermediate-1@Charged		MetaCyc:HctE-Intermediate-1@Charged	MetaCyc:HctE-Intermediate-1	MetaCyc:HctE-Intermediate-1				
cpd48755	MetaCyc:HctE-PCP1-Domain@Charged	MetaCyc:HctE-PCP1-Domain@Charged		MetaCyc:HctE-PCP1-Domain@Charged	MetaCyc:HctE-PCP1-Domain	MetaCyc:HctE-PCP1-Domain				
cpd48756	MetaCyc:HctE-PCP2-Domain@Charged	MetaCyc:HctE-PCP2-Domain@Charged		MetaCyc:HctE-PCP2-Domain@Charged	MetaCyc:HctE-PCP2-Domain	MetaCyc:HctE-PCP2-Domain				
cpd48757	MetaCyc:HctE-PCP2-Intermediate-2@Charged	MetaCyc:HctE-PCP2-Intermediate-2@Charged		MetaCyc:HctE-PCP2-Intermediate-2@Charged	MetaCyc:HctE-PCP2-Intermediate-2	MetaCyc:HctE-PCP2-Intermediate-2				
cpd48758	MetaCyc:HctF-PCP1-Domain@Charged	MetaCyc:HctF-PCP1-Domain@Charged		MetaCyc:HctF-PCP1-Domain@Charged	MetaCyc:HctF-PCP1-Domain	MetaCyc:HctF-PCP1-Domain				
cpd48759	MetaCyc:HctF-PCP1-Intermediate@Charged	MetaCyc:HctF-PCP1-Intermediate@Charged		MetaCyc:HctF-PCP1-Intermediate@Charged	MetaCyc:HctF-PCP1-Intermediate	MetaCyc:HctF-PCP1-Intermediate				
cpd48760	MetaCyc:HctF-PCP2-Domain@Charged	MetaCyc:HctF-PCP2-Domain@Charged		MetaCyc:HctF-PCP2-Domain@Charged	MetaCyc:HctF-PCP2-Domain	MetaCyc:HctF-PCP2-Domain				
cpd48761	MetaCyc:HctF-PCP2-Intermediate@Charged	MetaCyc:HctF-PCP2-Intermediate@Charged		MetaCyc:HctF-PCP2-Intermediate@Charged	MetaCyc:HctF-PCP2-Intermediate	MetaCyc:HctF-PCP2-Intermediate				
cpd48762	MetaCyc:Hex-2-enoyl-TYPE-I-FAS-ACPs@Charged	MetaCyc:Hex-2-enoyl-TYPE-I-FAS-ACPs@Charged		MetaCyc:Hex-2-enoyl-TYPE-I-FAS-ACPs@Charged	MetaCyc:Hex-2-enoyl-TYPE-I-FAS-ACPs	MetaCyc:Hex-2-enoyl-TYPE-I-FAS-ACPs				
cpd48763	MetaCyc:Hexanoyl-TYPE-I-FAS-ACPs@Charged	MetaCyc:Hexanoyl-TYPE-I-FAS-ACPs@Charged		MetaCyc:Hexanoyl-TYPE-I-FAS-ACPs@Charged	MetaCyc:Hexanoyl-TYPE-I-FAS-ACPs	MetaCyc:Hexanoyl-TYPE-I-FAS-ACPs				
cpd48764	MetaCyc:Holo-3-methyl-2-oxobutanoyl-Carrier-Proteins@Charged	MetaCyc:Holo-3-methyl-2-oxobutanoyl-Carrier-Proteins@Charged		MetaCyc:Holo-3-methyl-2-oxobutanoyl-Carrier-Proteins@Charged	MetaCyc:Holo-3-methyl-2-oxobutanoyl-Carrier-Proteins	MetaCyc:Holo-3-methyl-2-oxobutanoyl-Carrier-Proteins				
cpd48765	MetaCyc:Holo-Fatty-Acid-Synthase-ACPs@Charged	MetaCyc:Holo-Fatty-Acid-Synthase-ACPs@Charged		MetaCyc:Holo-Fatty-Acid-Synthase-ACPs@Charged	MetaCyc:Holo-Fatty-Acid-Synthase-ACPs	MetaCyc:Holo-Fatty-Acid-Synthase-ACPs				
cpd48766	MetaCyc:Holo-LmbN-Peptidyl-Carrier-Proteins@Charged	MetaCyc:Holo-LmbN-Peptidyl-Carrier-Proteins@Charged		MetaCyc:Holo-LmbN-Peptidyl-Carrier-Proteins@Charged	MetaCyc:Holo-LmbN-Peptidyl-Carrier-Proteins	MetaCyc:Holo-LmbN-Peptidyl-Carrier-Proteins				
cpd48767	MetaCyc:Holo-Phenylalanine-Carrier-Proteins@Charged	MetaCyc:Holo-Phenylalanine-Carrier-Proteins@Charged		MetaCyc:Holo-Phenylalanine-Carrier-Proteins@Charged	MetaCyc:Holo-Phenylalanine-Carrier-Proteins	MetaCyc:Holo-Phenylalanine-Carrier-Proteins				
cpd48768	MetaCyc:Holo-Pyruvoyl-Carrier-Proteins@Charged	MetaCyc:Holo-Pyruvoyl-Carrier-Proteins@Charged		MetaCyc:Holo-Pyruvoyl-Carrier-Proteins@Charged	MetaCyc:Holo-Pyruvoyl-Carrier-Proteins	MetaCyc:Holo-Pyruvoyl-Carrier-Proteins				
cpd48769	MetaCyc:Holo-RedO@Charged	MetaCyc:Holo-RedO@Charged		MetaCyc:Holo-RedO@Charged	MetaCyc:Holo-RedO	MetaCyc:Holo-RedO				
cpd48770	MetaCyc:Holo-Tyrosyl-Carrier-Proteins@Charged	MetaCyc:Holo-Tyrosyl-Carrier-Proteins@Charged		MetaCyc:Holo-Tyrosyl-Carrier-Proteins@Charged	MetaCyc:Holo-Tyrosyl-Carrier-Proteins	MetaCyc:Holo-Tyrosyl-Carrier-Proteins			MetaCyc:Holo-Tyrosyl-Carrier-Proteins@Charged	
cpd48771	MetaCyc:Holo-Valyl-Carrier-Proteins@Charged	MetaCyc:Holo-Valyl-Carrier-Proteins@Charged		MetaCyc:Holo-Valyl-Carrier-Proteins@Charged	MetaCyc:Holo-Valyl-Carrier-Proteins	MetaCyc:Holo-Valyl-Carrier-Proteins				
cpd48772	MetaCyc:HyCE-Ni-Fe-CO-CN2	MetaCyc:HyCE-Ni-Fe-CO-CN2		MetaCyc:HyCE-Ni-Fe-CO-CN2	MetaCyc:HyCE-Ni-Fe-CO-CN2					
cpd48773										
cpd48774	MetaCyc:HycE-Fe-CO-CN2	MetaCyc:HycE-Fe-CO-CN2		MetaCyc:HycE-Fe-CO-CN2	MetaCyc:HycE-Fe-CO-CN2					
cpd48775	MetaCyc:HycE-Ni-Fe-CO-CN2	MetaCyc:HycE-Ni-Fe-CO-CN2		MetaCyc:HycE-Ni-Fe-CO-CN2						
cpd48776										
cpd48777										
cpd48778										
cpd48779	MetaCyc:HypC-Dimer-Fe-CO2	MetaCyc:HypC-Dimer-Fe-CO2		MetaCyc:HypC-Dimer-Fe-CO2						
cpd48780	MetaCyc:HypCD-Dimer-Fe-CO@Charged	MetaCyc:HypCD-Dimer-Fe-CO@Charged		MetaCyc:HypCD-Dimer-Fe-CO@Charged						
cpd48781	MetaCyc:HypCD-Dimer-Fe-CO2	MetaCyc:HypCD-Dimer-Fe-CO2		MetaCyc:HypCD-Dimer-Fe-CO2						
cpd48782										
cpd48783	MetaCyc:HypCDF-Fe-CO-CN2@Charged	MetaCyc:HypCDF-Fe-CO-CN2@Charged		MetaCyc:HypCDF-Fe-CO-CN2@Charged						
cpd48784										
cpd48785	MetaCyc:Icos-2-enoyl-TYPE-I-FAS-ACPs@Charged	MetaCyc:Icos-2-enoyl-TYPE-I-FAS-ACPs@Charged		MetaCyc:Icos-2-enoyl-TYPE-I-FAS-ACPs@Charged	MetaCyc:Icos-2-enoyl-TYPE-I-FAS-ACPs	MetaCyc:Icos-2-enoyl-TYPE-I-FAS-ACPs				
cpd48786	MetaCyc:Icosanoyl-TYPE-I-FAS-ACPs@Charged	MetaCyc:Icosanoyl-TYPE-I-FAS-ACPs@Charged		MetaCyc:Icosanoyl-TYPE-I-FAS-ACPs@Charged	MetaCyc:Icosanoyl-TYPE-I-FAS-ACPs	MetaCyc:Icosanoyl-TYPE-I-FAS-ACPs				
cpd48787										
cpd48788	MetaCyc:Intermediate-1-AntC@Charged	MetaCyc:Intermediate-1-AntC@Charged		MetaCyc:Intermediate-1-AntC@Charged	MetaCyc:Intermediate-1-AntC	MetaCyc:Intermediate-1-AntC				
cpd48789	MetaCyc:Intermediate-2-AntC@Charged	MetaCyc:Intermediate-2-AntC@Charged		MetaCyc:Intermediate-2-AntC@Charged	MetaCyc:Intermediate-2-AntC	MetaCyc:Intermediate-2-AntC				
cpd48790	MetaCyc:Intermediate-3-AntD@Charged	MetaCyc:Intermediate-3-AntD@Charged		MetaCyc:Intermediate-3-AntD@Charged	MetaCyc:Intermediate-3-AntD	MetaCyc:Intermediate-3-AntD				
cpd48791	MetaCyc:Intermediate-4-AntD@Charged	MetaCyc:Intermediate-4-AntD@Charged		MetaCyc:Intermediate-4-AntD@Charged	MetaCyc:Intermediate-4-AntD	MetaCyc:Intermediate-4-AntD				
cpd48792	MetaCyc:Intermediate-SibD@Charged	MetaCyc:Intermediate-SibD@Charged		MetaCyc:Intermediate-SibD@Charged	MetaCyc:Intermediate-SibD	MetaCyc:Intermediate-SibD				
cpd48793	MetaCyc:Isoleucinyl-PCP-AprK@Charged	MetaCyc:Isoleucinyl-PCP-AprK@Charged		MetaCyc:Isoleucinyl-PCP-AprK@Charged	MetaCyc:Isoleucinyl-PCP-AprK	MetaCyc:Isoleucinyl-PCP-AprK				
cpd48794	MetaCyc:L-3-Oxoalanyl-ClbE@Charged	MetaCyc:L-3-Oxoalanyl-ClbE@Charged		MetaCyc:L-3-Oxoalanyl-ClbE@Charged	MetaCyc:L-3-Oxoalanyl-ClbE	MetaCyc:L-3-Oxoalanyl-ClbE				
cpd48795	MetaCyc:L-Alanyl-SulM@Charged	MetaCyc:L-Alanyl-SulM@Charged		MetaCyc:L-Alanyl-SulM@Charged	MetaCyc:L-Alanyl-SulM	MetaCyc:L-Alanyl-SulM				
cpd48796	MetaCyc:L-Lysyl-Lysyl-Carrier-Proteins@Charged	MetaCyc:L-Lysyl-Lysyl-Carrier-Proteins@Charged		MetaCyc:L-Lysyl-Lysyl-Carrier-Proteins@Charged	MetaCyc:L-Lysyl-Lysyl-Carrier-Proteins	MetaCyc:L-Lysyl-Lysyl-Carrier-Proteins				
cpd48797	MetaCyc:L-Prolyl-CloN5@Charged	MetaCyc:L-Prolyl-CloN5@Charged		MetaCyc:L-Prolyl-CloN5@Charged	MetaCyc:L-Prolyl-CloN5	MetaCyc:L-Prolyl-CloN5				
cpd48798	MetaCyc:L-Seryl-ClbE@Charged	MetaCyc:L-Seryl-ClbE@Charged		MetaCyc:L-Seryl-ClbE@Charged	MetaCyc:L-Seryl-ClbE	MetaCyc:L-Seryl-ClbE				
cpd48799	MetaCyc:L-Val-Valyl-Carrier-Proteins@Charged	MetaCyc:L-Val-Valyl-Carrier-Proteins@Charged		MetaCyc:L-Val-Valyl-Carrier-Proteins@Charged	MetaCyc:L-Val-Valyl-Carrier-Proteins	MetaCyc:L-Val-Valyl-Carrier-Proteins				
cpd48800	MetaCyc:L-threonyl-AntC@Charged	MetaCyc:L-threonyl-AntC@Charged		MetaCyc:L-threonyl-AntC@Charged	MetaCyc:L-threonyl-AntC	MetaCyc:L-threonyl-AntC				
cpd48801	MetaCyc:LNM-biosynthesis-intermediate-1@Charged	MetaCyc:LNM-biosynthesis-intermediate-1@Charged		MetaCyc:LNM-biosynthesis-intermediate-1@Charged	MetaCyc:LNM-biosynthesis-intermediate-1	MetaCyc:LNM-biosynthesis-intermediate-1				
cpd48802	MetaCyc:LNM-biosynthesis-intermediate-2@Charged	MetaCyc:LNM-biosynthesis-intermediate-2@Charged		MetaCyc:LNM-biosynthesis-intermediate-2@Charged	MetaCyc:LNM-biosynthesis-intermediate-2	MetaCyc:LNM-biosynthesis-intermediate-2				
cpd48803	MetaCyc:LNM-biosynthesis-intermediate-3@Charged	MetaCyc:LNM-biosynthesis-intermediate-3@Charged		MetaCyc:LNM-biosynthesis-intermediate-3@Charged	MetaCyc:LNM-biosynthesis-intermediate-3	MetaCyc:LNM-biosynthesis-intermediate-3				
cpd48804	MetaCyc:LNM-biosynthesis-intermediate-4@Charged	MetaCyc:LNM-biosynthesis-intermediate-4@Charged		MetaCyc:LNM-biosynthesis-intermediate-4@Charged	MetaCyc:LNM-biosynthesis-intermediate-4	MetaCyc:LNM-biosynthesis-intermediate-4				
cpd48805	MetaCyc:LNM-biosynthesis-intermediate-5@Charged	MetaCyc:LNM-biosynthesis-intermediate-5@Charged		MetaCyc:LNM-biosynthesis-intermediate-5@Charged	MetaCyc:LNM-biosynthesis-intermediate-5	MetaCyc:LNM-biosynthesis-intermediate-5				
cpd48806	MetaCyc:Lignoceroyl-TYPE-I-FAS-ACPs@Charged	MetaCyc:Lignoceroyl-TYPE-I-FAS-ACPs@Charged		MetaCyc:Lignoceroyl-TYPE-I-FAS-ACPs@Charged	MetaCyc:Lignoceroyl-TYPE-I-FAS-ACPs	MetaCyc:Lignoceroyl-TYPE-I-FAS-ACPs				
cpd48807	MetaCyc:Loaded-Mo-bis-MGD-Chaperones@Charged	MetaCyc:Loaded-Mo-bis-MGD-Chaperones@Charged		MetaCyc:Loaded-Mo-bis-MGD-Chaperones@Charged	MetaCyc:Loaded-Mo-bis-MGD-Chaperones	MetaCyc:Loaded-Mo-bis-MGD-Chaperones				
cpd48808										
cpd48809										
cpd48810	MetaCyc:Long-Chain-3-oxo-ACPs@Charged	MetaCyc:Long-Chain-3-oxo-ACPs@Charged		MetaCyc:Long-Chain-3-oxo-ACPs@Charged	MetaCyc:Long-Chain-3-oxo-ACPs	MetaCyc:Long-Chain-3-oxo-ACPs			MetaCyc:Long-Chain-3-oxo-ACPs@Charged	
cpd48811	MetaCyc:Lysyl-MxcG@Charged	MetaCyc:Lysyl-MxcG@Charged		MetaCyc:Lysyl-MxcG@Charged	MetaCyc:Lysyl-MxcG	MetaCyc:Lysyl-MxcG				
cpd48812										
cpd48813	MetaCyc:Malonyl-AprA@Charged	MetaCyc:Malonyl-AprA@Charged		MetaCyc:Malonyl-AprA@Charged	MetaCyc:Malonyl-AprA	MetaCyc:Malonyl-AprA				
cpd48814	MetaCyc:Malonyl-BryP-ACP@Charged	MetaCyc:Malonyl-BryP-ACP@Charged		MetaCyc:Malonyl-BryP-ACP@Charged	MetaCyc:Malonyl-BryP-ACP	MetaCyc:Malonyl-BryP-ACP				
cpd48815	MetaCyc:Malonyl-BryU-ACP@Charged	MetaCyc:Malonyl-BryU-ACP@Charged		MetaCyc:Malonyl-BryU-ACP@Charged	MetaCyc:Malonyl-BryU-ACP	MetaCyc:Malonyl-BryU-ACP				
cpd48816	MetaCyc:Malonyl-CurA-ACPI-Domain@Charged	MetaCyc:Malonyl-CurA-ACPI-Domain@Charged		MetaCyc:Malonyl-CurA-ACPI-Domain@Charged	MetaCyc:Malonyl-CurA-ACPI-Domain	MetaCyc:Malonyl-CurA-ACPI-Domain				
cpd48817	MetaCyc:Malonyl-CurB@Charged	MetaCyc:Malonyl-CurB@Charged		MetaCyc:Malonyl-CurB@Charged	MetaCyc:Malonyl-CurB	MetaCyc:Malonyl-CurB				
cpd48818	MetaCyc:Malonyl-NRPS@Charged	MetaCyc:Malonyl-NRPS@Charged		MetaCyc:Malonyl-NRPS@Charged	MetaCyc:Malonyl-NRPS	MetaCyc:Malonyl-NRPS				
cpd48819	MetaCyc:Malonyl-PedD@Charged	MetaCyc:Malonyl-PedD@Charged		MetaCyc:Malonyl-PedD@Charged	MetaCyc:Malonyl-PedD	MetaCyc:Malonyl-PedD				
cpd48820	MetaCyc:Malonyl-PedN-ACP@Charged	MetaCyc:Malonyl-PedN-ACP@Charged		MetaCyc:Malonyl-PedN-ACP@Charged	MetaCyc:Malonyl-PedN-ACP	MetaCyc:Malonyl-PedN-ACP				
cpd48821	MetaCyc:MbtD@Charged	MetaCyc:MbtD@Charged		MetaCyc:MbtD@Charged	MetaCyc:MbtD	MetaCyc:MbtD				
cpd48822	MetaCyc:MbtE@Charged	MetaCyc:MbtE@Charged		MetaCyc:MbtE@Charged	MetaCyc:MbtE	MetaCyc:MbtE				
cpd48823	MetaCyc:MbtF@Charged	MetaCyc:MbtF@Charged		MetaCyc:MbtF@Charged	MetaCyc:MbtF	MetaCyc:MbtF				
cpd48824	MetaCyc:Methoxymalonyl-ACP@Charged	MetaCyc:Methoxymalonyl-ACP@Charged		MetaCyc:Methoxymalonyl-ACP@Charged	MetaCyc:Methoxymalonyl-ACP	MetaCyc:Methoxymalonyl-ACP				
cpd48825	MetaCyc:Methyl-MtoC-Proteins@Charged	MetaCyc:Methyl-MtoC-Proteins@Charged		MetaCyc:Methyl-MtoC-Proteins@Charged		MetaCyc:Methyl-MtoC-Proteins				
cpd48826	MetaCyc:Methylarsenite-Arsenite-Methyltranferase	MetaCyc:Methylarsenite-Arsenite-Methyltranferase		MetaCyc:Methylarsenite-Arsenite-Methyltranferase	MetaCyc:Methylarsenite-Arsenite-Methyltranferase	MetaCyc:Methylarsenite-Arsenite-Methyltranferase				
cpd48827	MetaCyc:Methylated-MtgC-Proteins@Charged	MetaCyc:Methylated-MtgC-Proteins@Charged		MetaCyc:Methylated-MtgC-Proteins@Charged		MetaCyc:Methylated-MtgC-Proteins				
cpd48828	MetaCyc:Methylated-MtpC-Proteins@Charged	MetaCyc:Methylated-MtpC-Proteins@Charged		MetaCyc:Methylated-MtpC-Proteins@Charged		MetaCyc:Methylated-MtpC-Proteins				
cpd48829	MetaCyc:Methylcyclopropyl-dihydro-thiazole-4-carboxyl-PCP@Charged	MetaCyc:Methylcyclopropyl-dihydro-thiazole-4-carboxyl-PCP@Charged		MetaCyc:Methylcyclopropyl-dihydro-thiazole-4-carboxyl-PCP@Charged	MetaCyc:Methylcyclopropyl-dihydro-thiazole-4-carboxyl-PCP	MetaCyc:Methylcyclopropyl-dihydro-thiazole-4-carboxyl-PCP				
cpd48830										
cpd48831	MetaCyc:Monobranched-Heptadecenoyl-BryB-PKS@Charged	MetaCyc:Monobranched-Heptadecenoyl-BryB-PKS@Charged		MetaCyc:Monobranched-Heptadecenoyl-BryB-PKS@Charged	MetaCyc:Monobranched-Heptadecenoyl-BryB-PKS	MetaCyc:Monobranched-Heptadecenoyl-BryB-PKS				
cpd48832	MetaCyc:MxcF@Charged	MetaCyc:MxcF@Charged		MetaCyc:MxcF@Charged	MetaCyc:MxcF	MetaCyc:MxcF				
cpd48833	MetaCyc:MxcG@Charged	MetaCyc:MxcG@Charged		MetaCyc:MxcG@Charged	MetaCyc:MxcG	MetaCyc:MxcG				
cpd48834	MetaCyc:Myristoyl-TYPE-I-FAS-ACPs@Charged	MetaCyc:Myristoyl-TYPE-I-FAS-ACPs@Charged		MetaCyc:Myristoyl-TYPE-I-FAS-ACPs@Charged	MetaCyc:Myristoyl-TYPE-I-FAS-ACPs	MetaCyc:Myristoyl-TYPE-I-FAS-ACPs				
cpd48835	MetaCyc:N-23-DHB-Lysyl-MxcG@Charged	MetaCyc:N-23-DHB-Lysyl-MxcG@Charged		MetaCyc:N-23-DHB-Lysyl-MxcG@Charged	MetaCyc:N-23-DHB-Lysyl-MxcG	MetaCyc:N-23-DHB-Lysyl-MxcG				
cpd48836	MetaCyc:N-Ac-DON-DON-Carrier-Proteins@Charged	MetaCyc:N-Ac-DON-DON-Carrier-Proteins@Charged		MetaCyc:N-Ac-DON-DON-Carrier-Proteins@Charged	MetaCyc:N-Ac-DON-DON-Carrier-Proteins	MetaCyc:N-Ac-DON-DON-Carrier-Proteins				
cpd48837	MetaCyc:N-Acylated-N-Hydroxy-Lysine	MetaCyc:N-Acylated-N-Hydroxy-Lysine		MetaCyc:N-Acylated-N-Hydroxy-Lysine	MetaCyc:N-Acylated-N-Hydroxy-Lysine	MetaCyc:N-Acylated-N-Hydroxy-Lysine				
cpd48838	MetaCyc:N-Glucosaminyl-AHBA-ACP@Charged	MetaCyc:N-Glucosaminyl-AHBA-ACP@Charged		MetaCyc:N-Glucosaminyl-AHBA-ACP@Charged	MetaCyc:N-Glucosaminyl-AHBA-ACP	MetaCyc:N-Glucosaminyl-AHBA-ACP				
cpd48839	MetaCyc:N-N-di23-DHB-Lysyl-MxcG@Charged	MetaCyc:N-N-di23-DHB-Lysyl-MxcG@Charged		MetaCyc:N-N-di23-DHB-Lysyl-MxcG@Charged	MetaCyc:N-N-di23-DHB-Lysyl-MxcG	MetaCyc:N-N-di23-DHB-Lysyl-MxcG				
cpd48840	MetaCyc:N-fatty-acyl-N-hydroxy-L-lysine-MbtE@Charged	MetaCyc:N-fatty-acyl-N-hydroxy-L-lysine-MbtE@Charged		MetaCyc:N-fatty-acyl-N-hydroxy-L-lysine-MbtE@Charged	MetaCyc:N-fatty-acyl-N-hydroxy-L-lysine-MbtE	MetaCyc:N-fatty-acyl-N-hydroxy-L-lysine-MbtE				
cpd48841	MetaCyc:N-hydroxy-L-lysyl-MbtF@Charged	MetaCyc:N-hydroxy-L-lysyl-MbtF@Charged		MetaCyc:N-hydroxy-L-lysyl-MbtF@Charged	MetaCyc:N-hydroxy-L-lysyl-MbtF	MetaCyc:N-hydroxy-L-lysyl-MbtF				
cpd48842	MetaCyc:Ni-C	MetaCyc:Ni-C		MetaCyc:Ni-C						
cpd48843										
cpd48844	MetaCyc:Ni-R	MetaCyc:Ni-R		MetaCyc:Ni-R						
cpd48845	MetaCyc:Ni-SIa	MetaCyc:Ni-SIa		MetaCyc:Ni-SIa						
cpd48846										
cpd48847	MetaCyc:Nonadeca-Dienoyl-BryC-PKS@Charged	MetaCyc:Nonadeca-Dienoyl-BryC-PKS@Charged		MetaCyc:Nonadeca-Dienoyl-BryC-PKS@Charged	MetaCyc:Nonadeca-Dienoyl-BryC-PKS	MetaCyc:Nonadeca-Dienoyl-BryC-PKS				
cpd48848	MetaCyc:Nonaketide-Ansatrienin-PKS@Charged	MetaCyc:Nonaketide-Ansatrienin-PKS@Charged		MetaCyc:Nonaketide-Ansatrienin-PKS@Charged	MetaCyc:Nonaketide-Ansatrienin-PKS	MetaCyc:Nonaketide-Ansatrienin-PKS				
cpd48849	MetaCyc:Octadec-2-enoyl-TYPE-I-FAS-ACPs@Charged	MetaCyc:Octadec-2-enoyl-TYPE-I-FAS-ACPs@Charged		MetaCyc:Octadec-2-enoyl-TYPE-I-FAS-ACPs@Charged	MetaCyc:Octadec-2-enoyl-TYPE-I-FAS-ACPs	MetaCyc:Octadec-2-enoyl-TYPE-I-FAS-ACPs				
cpd48850	MetaCyc:Octanoyl-TYPE-I-FAS-ACPs@Charged	MetaCyc:Octanoyl-TYPE-I-FAS-ACPs@Charged		MetaCyc:Octanoyl-TYPE-I-FAS-ACPs@Charged	MetaCyc:Octanoyl-TYPE-I-FAS-ACPs	MetaCyc:Octanoyl-TYPE-I-FAS-ACPs				
cpd48851	MetaCyc:Ox-Prx-Disulfide-Reductases@Charged	MetaCyc:Ox-Prx-Disulfide-Reductases@Charged		MetaCyc:Ox-Prx-Disulfide-Reductases@Charged	MetaCyc:Ox-Prx-Disulfide-Reductases	MetaCyc:Ox-Prx-Disulfide-Reductases				
cpd48852	MetaCyc:Ox-Tetraketide-Chaxamycin-PKS@Charged	MetaCyc:Ox-Tetraketide-Chaxamycin-PKS@Charged		MetaCyc:Ox-Tetraketide-Chaxamycin-PKS@Charged	MetaCyc:Ox-Tetraketide-Chaxamycin-PKS	MetaCyc:Ox-Tetraketide-Chaxamycin-PKS				
cpd48853	MetaCyc:Ox-Tetraketide-Naphthomycin-PKS@Charged	MetaCyc:Ox-Tetraketide-Naphthomycin-PKS@Charged		MetaCyc:Ox-Tetraketide-Naphthomycin-PKS@Charged	MetaCyc:Ox-Tetraketide-Naphthomycin-PKS	MetaCyc:Ox-Tetraketide-Naphthomycin-PKS				
cpd48854	MetaCyc:Ox-Tetraketide-Streptovaricin-PKS@Charged	MetaCyc:Ox-Tetraketide-Streptovaricin-PKS@Charged		MetaCyc:Ox-Tetraketide-Streptovaricin-PKS@Charged	MetaCyc:Ox-Tetraketide-Streptovaricin-PKS	MetaCyc:Ox-Tetraketide-Streptovaricin-PKS				
cpd48855	MetaCyc:Ox-thioredoxins-1@Charged	MetaCyc:Ox-thioredoxins-1@Charged		MetaCyc:Ox-thioredoxins-1@Charged	MetaCyc:Ox-thioredoxins-1	MetaCyc:Ox-thioredoxins-1				
cpd48856										
cpd48857	MetaCyc:Oxidized-CcmG-Proteins@Charged	MetaCyc:Oxidized-CcmG-Proteins@Charged		MetaCyc:Oxidized-CcmG-Proteins@Charged	MetaCyc:Oxidized-CcmG-Proteins	MetaCyc:Oxidized-CcmG-Proteins				
cpd48858	MetaCyc:Oxidized-CcmH-Proteins@Charged	MetaCyc:Oxidized-CcmH-Proteins@Charged		MetaCyc:Oxidized-CcmH-Proteins@Charged	MetaCyc:Oxidized-CcmH-Proteins	MetaCyc:Oxidized-CcmH-Proteins				
cpd48859	MetaCyc:Oxidized-Cytochromes-C6@Charged	MetaCyc:Oxidized-Cytochromes-C6@Charged		MetaCyc:Oxidized-Cytochromes-C6@Charged	MetaCyc:Oxidized-Cytochromes-C6					
cpd48860	MetaCyc:Oxidized-Disulfide-Carrier-Proteins@Charged	MetaCyc:Oxidized-Disulfide-Carrier-Proteins@Charged		MetaCyc:Oxidized-Disulfide-Carrier-Proteins@Charged	MetaCyc:Oxidized-Disulfide-Carrier-Proteins	MetaCyc:Oxidized-Disulfide-Carrier-Proteins			MetaCyc:Oxidized-Disulfide-Carrier-Proteins@Charged	
cpd48861	MetaCyc:Oxidized-Flavorubredoxins	MetaCyc:Oxidized-Flavorubredoxins		MetaCyc:Oxidized-Flavorubredoxins						
cpd48862										
cpd48863										
cpd48864	MetaCyc:Oxidized-ResA-Proteins@Charged	MetaCyc:Oxidized-ResA-Proteins@Charged		MetaCyc:Oxidized-ResA-Proteins@Charged	MetaCyc:Oxidized-ResA-Proteins	MetaCyc:Oxidized-ResA-Proteins				
cpd48865	MetaCyc:Palmitoyl-TYPE-I-FAS-ACPs@Charged	MetaCyc:Palmitoyl-TYPE-I-FAS-ACPs@Charged		MetaCyc:Palmitoyl-TYPE-I-FAS-ACPs@Charged	MetaCyc:Palmitoyl-TYPE-I-FAS-ACPs	MetaCyc:Palmitoyl-TYPE-I-FAS-ACPs				
cpd48866	MetaCyc:PedD-ACP@Charged	MetaCyc:PedD-ACP@Charged		MetaCyc:PedD-ACP@Charged	MetaCyc:PedD-ACP	MetaCyc:PedD-ACP				
cpd48867	MetaCyc:PedF-PKS@Charged	MetaCyc:PedF-PKS@Charged		MetaCyc:PedF-PKS@Charged	MetaCyc:PedF-PKS	MetaCyc:PedF-PKS				
cpd48868	MetaCyc:PedF-intermediate-1@Charged	MetaCyc:PedF-intermediate-1@Charged		MetaCyc:PedF-intermediate-1@Charged	MetaCyc:PedF-intermediate-1	MetaCyc:PedF-intermediate-1				
cpd48869	MetaCyc:PedF-intermediate-2@Charged	MetaCyc:PedF-intermediate-2@Charged		MetaCyc:PedF-intermediate-2@Charged	MetaCyc:PedF-intermediate-2	MetaCyc:PedF-intermediate-2				
cpd48870	MetaCyc:PedF-intermediate-3@Charged	MetaCyc:PedF-intermediate-3@Charged		MetaCyc:PedF-intermediate-3@Charged	MetaCyc:PedF-intermediate-3	MetaCyc:PedF-intermediate-3				
cpd48871	MetaCyc:PedI-PKS@Charged	MetaCyc:PedI-PKS@Charged		MetaCyc:PedI-PKS@Charged	MetaCyc:PedI-PKS	MetaCyc:PedI-PKS				
cpd48872	MetaCyc:PedI-intermediate-1@Charged	MetaCyc:PedI-intermediate-1@Charged		MetaCyc:PedI-intermediate-1@Charged	MetaCyc:PedI-intermediate-1	MetaCyc:PedI-intermediate-1				
cpd48873	MetaCyc:PedI-intermediate-2@Charged	MetaCyc:PedI-intermediate-2@Charged		MetaCyc:PedI-intermediate-2@Charged	MetaCyc:PedI-intermediate-2	MetaCyc:PedI-intermediate-2				
cpd48874	MetaCyc:PedI-intermediate-3@Charged	MetaCyc:PedI-intermediate-3@Charged		MetaCyc:PedI-intermediate-3@Charged	MetaCyc:PedI-intermediate-3	MetaCyc:PedI-intermediate-3				
cpd48875	MetaCyc:PedI-intermediate-4@Charged	MetaCyc:PedI-intermediate-4@Charged		MetaCyc:PedI-intermediate-4@Charged	MetaCyc:PedI-intermediate-4	MetaCyc:PedI-intermediate-4				
cpd48876	MetaCyc:PedI-intermediate-5@Charged	MetaCyc:PedI-intermediate-5@Charged		MetaCyc:PedI-intermediate-5@Charged	MetaCyc:PedI-intermediate-5	MetaCyc:PedI-intermediate-5				
cpd48877	MetaCyc:PedN-ACP@Charged	MetaCyc:PedN-ACP@Charged		MetaCyc:PedN-ACP@Charged	MetaCyc:PedN-ACP	MetaCyc:PedN-ACP				
cpd48878	MetaCyc:Peptide-with-internal-arginine@Charged	MetaCyc:Peptide-with-internal-arginine@Charged		MetaCyc:Peptide-with-internal-arginine@Charged	MetaCyc:Peptide-with-internal-arginine	MetaCyc:Peptide-with-internal-arginine				
cpd48879	MetaCyc:Phe-Phenylalanine-Carrier-Proteins@Charged	MetaCyc:Phe-Phenylalanine-Carrier-Proteins@Charged		MetaCyc:Phe-Phenylalanine-Carrier-Proteins@Charged	MetaCyc:Phe-Phenylalanine-Carrier-Proteins	MetaCyc:Phe-Phenylalanine-Carrier-Proteins				
cpd48880	MetaCyc:Pivaloyl-AprA@Charged	MetaCyc:Pivaloyl-AprA@Charged		MetaCyc:Pivaloyl-AprA@Charged	MetaCyc:Pivaloyl-AprA	MetaCyc:Pivaloyl-AprA				
cpd48881										
cpd48882	MetaCyc:Polynucleotide-No-3P	MetaCyc:Polynucleotide-No-3P		MetaCyc:Polynucleotide-No-3P	MetaCyc:Polynucleotide-No-3P	MetaCyc:Polynucleotide-No-3P				
cpd48883	MetaCyc:Polynucleotides	MetaCyc:Polynucleotides		MetaCyc:Polynucleotides	MetaCyc:Polynucleotides	MetaCyc:Polynucleotides				
cpd48884	MetaCyc:Pre-Mitomycin-C-ACP@Charged	MetaCyc:Pre-Mitomycin-C-ACP@Charged		MetaCyc:Pre-Mitomycin-C-ACP@Charged	MetaCyc:Pre-Mitomycin-C-ACP	MetaCyc:Pre-Mitomycin-C-ACP				
cpd48885	MetaCyc:Pre-mRNA-3-Adenosine-23-Cyclophosphate	MetaCyc:Pre-mRNA-3-Adenosine-23-Cyclophosphate		MetaCyc:Pre-mRNA-3-Adenosine-23-Cyclophosphate	MetaCyc:Pre-mRNA-3-Adenosine-23-Cyclophosphate	MetaCyc:Pre-mRNA-3-Adenosine-23-Cyclophosphate				
cpd48886	MetaCyc:Pre-mRNA-3prime-Adenosine-3prime-P	MetaCyc:Pre-mRNA-3prime-Adenosine-3prime-P		MetaCyc:Pre-mRNA-3prime-Adenosine-3prime-P	MetaCyc:Pre-mRNA-3prime-Adenosine-3prime-P	MetaCyc:Pre-mRNA-3prime-Adenosine-3prime-P				
cpd48887	MetaCyc:Pre-mRNA-Containing-GA	MetaCyc:Pre-mRNA-Containing-GA		MetaCyc:Pre-mRNA-Containing-GA	MetaCyc:Pre-mRNA-Containing-GA	MetaCyc:Pre-mRNA-Containing-GA				
cpd48888	MetaCyc:Proansamitocin-intermediate-PKS@Charged	MetaCyc:Proansamitocin-intermediate-PKS@Charged		MetaCyc:Proansamitocin-intermediate-PKS@Charged	MetaCyc:Proansamitocin-intermediate-PKS	MetaCyc:Proansamitocin-intermediate-PKS				
cpd48889	MetaCyc:Prolyl-PCP-AprL@Charged	MetaCyc:Prolyl-PCP-AprL@Charged		MetaCyc:Prolyl-PCP-AprL@Charged	MetaCyc:Prolyl-PCP-AprL	MetaCyc:Prolyl-PCP-AprL				
cpd48890	MetaCyc:Propanoyl-SpnA@Charged	MetaCyc:Propanoyl-SpnA@Charged		MetaCyc:Propanoyl-SpnA@Charged	MetaCyc:Propanoyl-SpnA	MetaCyc:Propanoyl-SpnA				
cpd48891	MetaCyc:Protein-Aggregates@Charged	MetaCyc:Protein-Aggregates@Charged		MetaCyc:Protein-Aggregates@Charged	MetaCyc:Protein-Aggregates	MetaCyc:Protein-Aggregates				
cpd48892	MetaCyc:Protein-N6-acy-L-lysine@Charged	MetaCyc:Protein-N6-acy-L-lysine@Charged		MetaCyc:Protein-N6-acy-L-lysine@Charged	MetaCyc:Protein-N6-acy-L-lysine	MetaCyc:Protein-N6-acy-L-lysine				
cpd48893										
cpd48894										
cpd48895										
cpd48896	MetaCyc:Pyr28-Pre-Pyrrolomycin@Charged	MetaCyc:Pyr28-Pre-Pyrrolomycin@Charged		MetaCyc:Pyr28-Pre-Pyrrolomycin@Charged	MetaCyc:Pyr28-Pre-Pyrrolomycin	MetaCyc:Pyr28-Pre-Pyrrolomycin				
cpd48897	MetaCyc:Pyran-Intermediate-1-BryC-PKS@Charged	MetaCyc:Pyran-Intermediate-1-BryC-PKS@Charged		MetaCyc:Pyran-Intermediate-1-BryC-PKS@Charged	MetaCyc:Pyran-Intermediate-1-BryC-PKS	MetaCyc:Pyran-Intermediate-1-BryC-PKS				
cpd48898	MetaCyc:Pyran-Intermediate-2-BryC-PKS@Charged	MetaCyc:Pyran-Intermediate-2-BryC-PKS@Charged		MetaCyc:Pyran-Intermediate-2-BryC-PKS@Charged	MetaCyc:Pyran-Intermediate-2-BryC-PKS	MetaCyc:Pyran-Intermediate-2-BryC-PKS				
cpd48899	MetaCyc:Pyrrole-2-carbonyl-CloN1@Charged	MetaCyc:Pyrrole-2-carbonyl-CloN1@Charged		MetaCyc:Pyrrole-2-carbonyl-CloN1@Charged	MetaCyc:Pyrrole-2-carbonyl-CloN1	MetaCyc:Pyrrole-2-carbonyl-CloN1				
cpd48900	MetaCyc:Pyrrole-2-carbonyl-CloN5@Charged	MetaCyc:Pyrrole-2-carbonyl-CloN5@Charged		MetaCyc:Pyrrole-2-carbonyl-CloN5@Charged	MetaCyc:Pyrrole-2-carbonyl-CloN5	MetaCyc:Pyrrole-2-carbonyl-CloN5				
cpd48901	MetaCyc:Pyruvoyl-AntC@Charged	MetaCyc:Pyruvoyl-AntC@Charged		MetaCyc:Pyruvoyl-AntC@Charged	MetaCyc:Pyruvoyl-AntC	MetaCyc:Pyruvoyl-AntC				
cpd48902	MetaCyc:Pyruvoyl-Pyruvoyl-Carrier-Proteins@Charged	MetaCyc:Pyruvoyl-Pyruvoyl-Carrier-Proteins@Charged		MetaCyc:Pyruvoyl-Pyruvoyl-Carrier-Proteins@Charged	MetaCyc:Pyruvoyl-Pyruvoyl-Carrier-Proteins	MetaCyc:Pyruvoyl-Pyruvoyl-Carrier-Proteins				
cpd48903	MetaCyc:R-3-Carboxylmethylaminobutanoyl-ACP@Charged	MetaCyc:R-3-Carboxylmethylaminobutanoyl-ACP@Charged		MetaCyc:R-3-Carboxylmethylaminobutanoyl-ACP@Charged	MetaCyc:R-3-Carboxylmethylaminobutanoyl-ACP	MetaCyc:R-3-Carboxylmethylaminobutanoyl-ACP				
cpd48904	MetaCyc:R-3-Carboxylmethylaminofattyacyl-ACP@Charged	MetaCyc:R-3-Carboxylmethylaminofattyacyl-ACP@Charged		MetaCyc:R-3-Carboxylmethylaminofattyacyl-ACP@Charged	MetaCyc:R-3-Carboxylmethylaminofattyacyl-ACP	MetaCyc:R-3-Carboxylmethylaminofattyacyl-ACP				
cpd48905	MetaCyc:R-3-HYDROXYPALMITOYL-ACP@Charged	MetaCyc:R-3-HYDROXYPALMITOYL-ACP@Charged		MetaCyc:R-3-HYDROXYPALMITOYL-ACP@Charged	MetaCyc:R-3-HYDROXYPALMITOYL-ACP	MetaCyc:R-3-HYDROXYPALMITOYL-ACP			MetaCyc:R-3-HYDROXYPALMITOYL-ACP@Charged	
cpd48906	MetaCyc:R-3-Hydroxypalmitoyl-TYPE-I-FAS-ACPs@Charged	MetaCyc:R-3-Hydroxypalmitoyl-TYPE-I-FAS-ACPs@Charged		MetaCyc:R-3-Hydroxypalmitoyl-TYPE-I-FAS-ACPs@Charged	MetaCyc:R-3-Hydroxypalmitoyl-TYPE-I-FAS-ACPs	MetaCyc:R-3-Hydroxypalmitoyl-TYPE-I-FAS-ACPs				
cpd48907	MetaCyc:R-3-Isocyanyl-Fattyacyl-ACP@Charged	MetaCyc:R-3-Isocyanyl-Fattyacyl-ACP@Charged		MetaCyc:R-3-Isocyanyl-Fattyacyl-ACP@Charged	MetaCyc:R-3-Isocyanyl-Fattyacyl-ACP	MetaCyc:R-3-Isocyanyl-Fattyacyl-ACP				
cpd48908	MetaCyc:R-3-Isocyanylbutanoyl-ACP@Charged	MetaCyc:R-3-Isocyanylbutanoyl-ACP@Charged		MetaCyc:R-3-Isocyanylbutanoyl-ACP@Charged	MetaCyc:R-3-Isocyanylbutanoyl-ACP	MetaCyc:R-3-Isocyanylbutanoyl-ACP				
cpd48909	MetaCyc:R-3-hydroxy15-methylhexadecanoyl-ACPs@Charged	MetaCyc:R-3-hydroxy15-methylhexadecanoyl-ACPs@Charged		MetaCyc:R-3-hydroxy15-methylhexadecanoyl-ACPs@Charged	MetaCyc:R-3-hydroxy15-methylhexadecanoyl-ACPs	MetaCyc:R-3-hydroxy15-methylhexadecanoyl-ACPs				
cpd48910	MetaCyc:R-3-hydroxycerotoyl-TYPE-I-FAS-ACPs@Charged	MetaCyc:R-3-hydroxycerotoyl-TYPE-I-FAS-ACPs@Charged		MetaCyc:R-3-hydroxycerotoyl-TYPE-I-FAS-ACPs@Charged	MetaCyc:R-3-hydroxycerotoyl-TYPE-I-FAS-ACPs	MetaCyc:R-3-hydroxycerotoyl-TYPE-I-FAS-ACPs				
cpd48911	MetaCyc:R-3-hydroxydocosanoyl-TYPE-I-FAS-ACPs@Charged	MetaCyc:R-3-hydroxydocosanoyl-TYPE-I-FAS-ACPs@Charged		MetaCyc:R-3-hydroxydocosanoyl-TYPE-I-FAS-ACPs@Charged	MetaCyc:R-3-hydroxydocosanoyl-TYPE-I-FAS-ACPs	MetaCyc:R-3-hydroxydocosanoyl-TYPE-I-FAS-ACPs				
cpd48912	MetaCyc:R-3-hydroxydodecanoyl-TYPE-I-FAS-ACPs@Charged	MetaCyc:R-3-hydroxydodecanoyl-TYPE-I-FAS-ACPs@Charged		MetaCyc:R-3-hydroxydodecanoyl-TYPE-I-FAS-ACPs@Charged	MetaCyc:R-3-hydroxydodecanoyl-TYPE-I-FAS-ACPs	MetaCyc:R-3-hydroxydodecanoyl-TYPE-I-FAS-ACPs				
cpd48913	MetaCyc:R-3-hydroxyhexanoyl-TYPE-I-FAS-ACPs@Charged	MetaCyc:R-3-hydroxyhexanoyl-TYPE-I-FAS-ACPs@Charged		MetaCyc:R-3-hydroxyhexanoyl-TYPE-I-FAS-ACPs@Charged	MetaCyc:R-3-hydroxyhexanoyl-TYPE-I-FAS-ACPs	MetaCyc:R-3-hydroxyhexanoyl-TYPE-I-FAS-ACPs				
cpd48914	MetaCyc:R-3-hydroxyicosanoyl-TYPE-I-FAS-ACPs@Charged	MetaCyc:R-3-hydroxyicosanoyl-TYPE-I-FAS-ACPs@Charged		MetaCyc:R-3-hydroxyicosanoyl-TYPE-I-FAS-ACPs@Charged	MetaCyc:R-3-hydroxyicosanoyl-TYPE-I-FAS-ACPs	MetaCyc:R-3-hydroxyicosanoyl-TYPE-I-FAS-ACPs				
cpd48915	MetaCyc:R-3-hydroxylignoceroyl-TYPE-I-FAS-ACPs@Charged	MetaCyc:R-3-hydroxylignoceroyl-TYPE-I-FAS-ACPs@Charged		MetaCyc:R-3-hydroxylignoceroyl-TYPE-I-FAS-ACPs@Charged	MetaCyc:R-3-hydroxylignoceroyl-TYPE-I-FAS-ACPs	MetaCyc:R-3-hydroxylignoceroyl-TYPE-I-FAS-ACPs				
cpd48916	MetaCyc:R-3-hydroxymyristoyl-TYPE-I-FAS-ACPs@Charged	MetaCyc:R-3-hydroxymyristoyl-TYPE-I-FAS-ACPs@Charged		MetaCyc:R-3-hydroxymyristoyl-TYPE-I-FAS-ACPs@Charged	MetaCyc:R-3-hydroxymyristoyl-TYPE-I-FAS-ACPs	MetaCyc:R-3-hydroxymyristoyl-TYPE-I-FAS-ACPs				
cpd48917	MetaCyc:R-3-hydroxyoctadecanoyl-TYPE-I-FAS-ACPs@Charged	MetaCyc:R-3-hydroxyoctadecanoyl-TYPE-I-FAS-ACPs@Charged		MetaCyc:R-3-hydroxyoctadecanoyl-TYPE-I-FAS-ACPs@Charged	MetaCyc:R-3-hydroxyoctadecanoyl-TYPE-I-FAS-ACPs	MetaCyc:R-3-hydroxyoctadecanoyl-TYPE-I-FAS-ACPs				
cpd48918	MetaCyc:Red-Prx-Disulfide-Reductases@Charged	MetaCyc:Red-Prx-Disulfide-Reductases@Charged		MetaCyc:Red-Prx-Disulfide-Reductases@Charged	MetaCyc:Red-Prx-Disulfide-Reductases	MetaCyc:Red-Prx-Disulfide-Reductases				
cpd48919	MetaCyc:Red-thioredoxins-1@Charged	MetaCyc:Red-thioredoxins-1@Charged		MetaCyc:Red-thioredoxins-1@Charged	MetaCyc:Red-thioredoxins-1	MetaCyc:Red-thioredoxins-1				
cpd48920	MetaCyc:RedL-PKS@Charged	MetaCyc:RedL-PKS@Charged		MetaCyc:RedL-PKS@Charged	MetaCyc:RedL-PKS	MetaCyc:RedL-PKS				
cpd48921	MetaCyc:RedN-ACP@Charged	MetaCyc:RedN-ACP@Charged		MetaCyc:RedN-ACP@Charged	MetaCyc:RedN-ACP	MetaCyc:RedN-ACP				
cpd48922	MetaCyc:RedO-L-proline@Charged	MetaCyc:RedO-L-proline@Charged		MetaCyc:RedO-L-proline@Charged	MetaCyc:RedO-L-proline	MetaCyc:RedO-L-proline				
cpd48923	MetaCyc:RedO-pyrrole-2-carboxylate@Charged	MetaCyc:RedO-pyrrole-2-carboxylate@Charged		MetaCyc:RedO-pyrrole-2-carboxylate@Charged	MetaCyc:RedO-pyrrole-2-carboxylate	MetaCyc:RedO-pyrrole-2-carboxylate				
cpd48924	MetaCyc:RedQ-ACP@Charged	MetaCyc:RedQ-ACP@Charged		MetaCyc:RedQ-ACP@Charged	MetaCyc:RedQ-ACP	MetaCyc:RedQ-ACP				
cpd48925	MetaCyc:RedX-pyrrole-2-carboxylate@Charged	MetaCyc:RedX-pyrrole-2-carboxylate@Charged		MetaCyc:RedX-pyrrole-2-carboxylate@Charged	MetaCyc:RedX-pyrrole-2-carboxylate	MetaCyc:RedX-pyrrole-2-carboxylate				
cpd48926										
cpd48927	MetaCyc:Reduced-CcmG-Proteins@Charged	MetaCyc:Reduced-CcmG-Proteins@Charged		MetaCyc:Reduced-CcmG-Proteins@Charged	MetaCyc:Reduced-CcmG-Proteins	MetaCyc:Reduced-CcmG-Proteins				
cpd48928	MetaCyc:Reduced-CcmH-Proteins@Charged	MetaCyc:Reduced-CcmH-Proteins@Charged		MetaCyc:Reduced-CcmH-Proteins@Charged	MetaCyc:Reduced-CcmH-Proteins	MetaCyc:Reduced-CcmH-Proteins				
cpd48929	MetaCyc:Reduced-Cys2-Peroxiredoxins@Charged	MetaCyc:Reduced-Cys2-Peroxiredoxins@Charged		MetaCyc:Reduced-Cys2-Peroxiredoxins@Charged	MetaCyc:Reduced-Cys2-Peroxiredoxins	MetaCyc:Reduced-Cys2-Peroxiredoxins			MetaCyc:Reduced-Cys2-Peroxiredoxins@Charged	
cpd48930	MetaCyc:Reduced-Cytochromes-C6@Charged	MetaCyc:Reduced-Cytochromes-C6@Charged		MetaCyc:Reduced-Cytochromes-C6@Charged	MetaCyc:Reduced-Cytochromes-C6					
cpd48931	MetaCyc:Reduced-Disulfide-Carrier-Proteins@Charged	MetaCyc:Reduced-Disulfide-Carrier-Proteins@Charged		MetaCyc:Reduced-Disulfide-Carrier-Proteins@Charged	MetaCyc:Reduced-Disulfide-Carrier-Proteins	MetaCyc:Reduced-Disulfide-Carrier-Proteins			MetaCyc:Reduced-Disulfide-Carrier-Proteins@Charged	
cpd48932	MetaCyc:Reduced-Disulfide-Isomerases@Charged	MetaCyc:Reduced-Disulfide-Isomerases@Charged		MetaCyc:Reduced-Disulfide-Isomerases@Charged	MetaCyc:Reduced-Disulfide-Isomerases	MetaCyc:Reduced-Disulfide-Isomerases			MetaCyc:Reduced-Disulfide-Isomerases@Charged	
cpd48933	MetaCyc:Reduced-Flavorubredoxins	MetaCyc:Reduced-Flavorubredoxins		MetaCyc:Reduced-Flavorubredoxins						
cpd48934										
cpd48935										
cpd48936	MetaCyc:Reduced-ResA-Proteins@Charged	MetaCyc:Reduced-ResA-Proteins@Charged		MetaCyc:Reduced-ResA-Proteins@Charged	MetaCyc:Reduced-ResA-Proteins	MetaCyc:Reduced-ResA-Proteins				
cpd48937	MetaCyc:Reduced-charged-3-methyl-2-oxobutanoyl-Carrier-Proteins@Charged	MetaCyc:Reduced-charged-3-methyl-2-oxobutanoyl-Carrier-Proteins@Charged		MetaCyc:Reduced-charged-3-methyl-2-oxobutanoyl-Carrier-Proteins@Charged	MetaCyc:Reduced-charged-3-methyl-2-oxobutanoyl-Carrier-Proteins	MetaCyc:Reduced-charged-3-methyl-2-oxobutanoyl-Carrier-Proteins				
cpd48938	MetaCyc:S-Lactoyl-Pyruvoyl-Carrier-Proteins@Charged	MetaCyc:S-Lactoyl-Pyruvoyl-Carrier-Proteins@Charged		MetaCyc:S-Lactoyl-Pyruvoyl-Carrier-Proteins@Charged	MetaCyc:S-Lactoyl-Pyruvoyl-Carrier-Proteins	MetaCyc:S-Lactoyl-Pyruvoyl-Carrier-Proteins				
cpd48939	MetaCyc:SAM-ClbH-NRPS@Charged	MetaCyc:SAM-ClbH-NRPS@Charged		MetaCyc:SAM-ClbH-NRPS@Charged	MetaCyc:SAM-ClbH-NRPS	MetaCyc:SAM-ClbH-NRPS				
cpd48940	MetaCyc:SibD-NRPS@Charged	MetaCyc:SibD-NRPS@Charged		MetaCyc:SibD-NRPS@Charged	MetaCyc:SibD-NRPS	MetaCyc:SibD-NRPS				
cpd48941	MetaCyc:Spectinabilin-PKS@Charged	MetaCyc:Spectinabilin-PKS@Charged		MetaCyc:Spectinabilin-PKS@Charged	MetaCyc:Spectinabilin-PKS	MetaCyc:Spectinabilin-PKS				
cpd48942	MetaCyc:SpnA-PKS@Charged	MetaCyc:SpnA-PKS@Charged		MetaCyc:SpnA-PKS@Charged	MetaCyc:SpnA-PKS	MetaCyc:SpnA-PKS				
cpd48943	MetaCyc:SpnB-PKS@Charged	MetaCyc:SpnB-PKS@Charged		MetaCyc:SpnB-PKS@Charged	MetaCyc:SpnB-PKS	MetaCyc:SpnB-PKS				
cpd48944	MetaCyc:SpnC-PKS@Charged	MetaCyc:SpnC-PKS@Charged		MetaCyc:SpnC-PKS@Charged	MetaCyc:SpnC-PKS	MetaCyc:SpnC-PKS				
cpd48945	MetaCyc:SpnD-PKS@Charged	MetaCyc:SpnD-PKS@Charged		MetaCyc:SpnD-PKS@Charged	MetaCyc:SpnD-PKS	MetaCyc:SpnD-PKS				
cpd48946	MetaCyc:SpnE-PKS@Charged	MetaCyc:SpnE-PKS@Charged		MetaCyc:SpnE-PKS@Charged	MetaCyc:SpnE-PKS	MetaCyc:SpnE-PKS				
cpd48947	MetaCyc:Stearoyl-TYPE-I-FAS-ACPs@Charged	MetaCyc:Stearoyl-TYPE-I-FAS-ACPs@Charged		MetaCyc:Stearoyl-TYPE-I-FAS-ACPs@Charged	MetaCyc:Stearoyl-TYPE-I-FAS-ACPs	MetaCyc:Stearoyl-TYPE-I-FAS-ACPs				
cpd48948	MetaCyc:Streptovaricin-Undecaketide-PKS@Charged	MetaCyc:Streptovaricin-Undecaketide-PKS@Charged		MetaCyc:Streptovaricin-Undecaketide-PKS@Charged	MetaCyc:Streptovaricin-Undecaketide-PKS	MetaCyc:Streptovaricin-Undecaketide-PKS				
cpd48949	MetaCyc:Styryl-Pyrone-1-3Ketide@Charged	MetaCyc:Styryl-Pyrone-1-3Ketide@Charged		MetaCyc:Styryl-Pyrone-1-3Ketide@Charged	MetaCyc:Styryl-Pyrone-1-3Ketide	MetaCyc:Styryl-Pyrone-1-3Ketide				
cpd48950	MetaCyc:SulM-NRPS-L-2-3-DAP-Domain@Charged	MetaCyc:SulM-NRPS-L-2-3-DAP-Domain@Charged		MetaCyc:SulM-NRPS-L-2-3-DAP-Domain@Charged	MetaCyc:SulM-NRPS-L-2-3-DAP-Domain	MetaCyc:SulM-NRPS-L-2-3-DAP-Domain				
cpd48951	MetaCyc:SulM-NRPS-L-Ala-Domain@Charged	MetaCyc:SulM-NRPS-L-Ala-Domain@Charged		MetaCyc:SulM-NRPS-L-Ala-Domain@Charged	MetaCyc:SulM-NRPS-L-Ala-Domain	MetaCyc:SulM-NRPS-L-Ala-Domain				
cpd48952	MetaCyc:Sulfur-Carriers-Gly-Gly@Charged	MetaCyc:Sulfur-Carriers-Gly-Gly@Charged		MetaCyc:Sulfur-Carriers-Gly-Gly@Charged	MetaCyc:Sulfur-Carriers-Gly-Gly	MetaCyc:Sulfur-Carriers-Gly-Gly				
cpd48953										
cpd48954	MetaCyc:Tetradec-2-enoyl-TYPE-I-FAS-ACPs@Charged	MetaCyc:Tetradec-2-enoyl-TYPE-I-FAS-ACPs@Charged		MetaCyc:Tetradec-2-enoyl-TYPE-I-FAS-ACPs@Charged	MetaCyc:Tetradec-2-enoyl-TYPE-I-FAS-ACPs	MetaCyc:Tetradec-2-enoyl-TYPE-I-FAS-ACPs				
cpd48955	MetaCyc:Tetradecaketide-Naphthomycin-PKS@Charged	MetaCyc:Tetradecaketide-Naphthomycin-PKS@Charged		MetaCyc:Tetradecaketide-Naphthomycin-PKS@Charged	MetaCyc:Tetradecaketide-Naphthomycin-PKS	MetaCyc:Tetradecaketide-Naphthomycin-PKS				
cpd48956	MetaCyc:Tetradepsipeptide-Valyl-Carrier-Proteins@Charged	MetaCyc:Tetradepsipeptide-Valyl-Carrier-Proteins@Charged		MetaCyc:Tetradepsipeptide-Valyl-Carrier-Proteins@Charged	MetaCyc:Tetradepsipeptide-Valyl-Carrier-Proteins	MetaCyc:Tetradepsipeptide-Valyl-Carrier-Proteins				
cpd48957	MetaCyc:Tetraketide-Ansamycin-PKS@Charged	MetaCyc:Tetraketide-Ansamycin-PKS@Charged		MetaCyc:Tetraketide-Ansamycin-PKS@Charged	MetaCyc:Tetraketide-Ansamycin-PKS	MetaCyc:Tetraketide-Ansamycin-PKS				
cpd48958	MetaCyc:Tetraketide-Chaxamycin-PKS@Charged	MetaCyc:Tetraketide-Chaxamycin-PKS@Charged		MetaCyc:Tetraketide-Chaxamycin-PKS@Charged	MetaCyc:Tetraketide-Chaxamycin-PKS	MetaCyc:Tetraketide-Chaxamycin-PKS				
cpd48959	MetaCyc:Tetraketide-Naphthomycin-PKS@Charged	MetaCyc:Tetraketide-Naphthomycin-PKS@Charged		MetaCyc:Tetraketide-Naphthomycin-PKS@Charged	MetaCyc:Tetraketide-Naphthomycin-PKS	MetaCyc:Tetraketide-Naphthomycin-PKS				
cpd48960	MetaCyc:Tetraketide-OH-Ansamycin-PKS@Charged	MetaCyc:Tetraketide-OH-Ansamycin-PKS@Charged		MetaCyc:Tetraketide-OH-Ansamycin-PKS@Charged	MetaCyc:Tetraketide-OH-Ansamycin-PKS	MetaCyc:Tetraketide-OH-Ansamycin-PKS				
cpd48961	MetaCyc:Tetraketide-OH-Chaxamycin-PKS@Charged	MetaCyc:Tetraketide-OH-Chaxamycin-PKS@Charged		MetaCyc:Tetraketide-OH-Chaxamycin-PKS@Charged	MetaCyc:Tetraketide-OH-Chaxamycin-PKS	MetaCyc:Tetraketide-OH-Chaxamycin-PKS				
cpd48962	MetaCyc:Tetraketide-OH-Naphthomycin-PKS@Charged	MetaCyc:Tetraketide-OH-Naphthomycin-PKS@Charged		MetaCyc:Tetraketide-OH-Naphthomycin-PKS@Charged	MetaCyc:Tetraketide-OH-Naphthomycin-PKS	MetaCyc:Tetraketide-OH-Naphthomycin-PKS				
cpd48963	MetaCyc:Tetraketide-OH-Rifamycin-PKS@Charged	MetaCyc:Tetraketide-OH-Rifamycin-PKS@Charged		MetaCyc:Tetraketide-OH-Rifamycin-PKS@Charged	MetaCyc:Tetraketide-OH-Rifamycin-PKS	MetaCyc:Tetraketide-OH-Rifamycin-PKS				
cpd48964	MetaCyc:Tetraketide-OH-Streptovaricin-PKS@Charged	MetaCyc:Tetraketide-OH-Streptovaricin-PKS@Charged		MetaCyc:Tetraketide-OH-Streptovaricin-PKS@Charged	MetaCyc:Tetraketide-OH-Streptovaricin-PKS	MetaCyc:Tetraketide-OH-Streptovaricin-PKS				
cpd48965	MetaCyc:Tetraketide-Streptovaricin-PKS@Charged	MetaCyc:Tetraketide-Streptovaricin-PKS@Charged		MetaCyc:Tetraketide-Streptovaricin-PKS@Charged	MetaCyc:Tetraketide-Streptovaricin-PKS	MetaCyc:Tetraketide-Streptovaricin-PKS				
cpd48966	MetaCyc:ThiS-CoASH-proteins@Charged	MetaCyc:ThiS-CoASH-proteins@Charged		MetaCyc:ThiS-CoASH-proteins@Charged	MetaCyc:ThiS-CoASH-proteins	MetaCyc:ThiS-CoASH-proteins				
cpd48967	MetaCyc:Thiocarboxylated-Sulfur-Carriers-Gly-Gly@Charged	MetaCyc:Thiocarboxylated-Sulfur-Carriers-Gly-Gly@Charged		MetaCyc:Thiocarboxylated-Sulfur-Carriers-Gly-Gly@Charged	MetaCyc:Thiocarboxylated-Sulfur-Carriers-Gly-Gly	MetaCyc:Thiocarboxylated-Sulfur-Carriers-Gly-Gly				
cpd48968	MetaCyc:Thioesterase-Domain@Charged	MetaCyc:Thioesterase-Domain@Charged		MetaCyc:Thioesterase-Domain@Charged	MetaCyc:Thioesterase-Domain	MetaCyc:Thioesterase-Domain				
cpd48969	MetaCyc:Trans-23-Dehydroacyl-TYPE-I-FAS-ACPs@Charged	MetaCyc:Trans-23-Dehydroacyl-TYPE-I-FAS-ACPs@Charged		MetaCyc:Trans-23-Dehydroacyl-TYPE-I-FAS-ACPs@Charged	MetaCyc:Trans-23-Dehydroacyl-TYPE-I-FAS-ACPs	MetaCyc:Trans-23-Dehydroacyl-TYPE-I-FAS-ACPs				
cpd48970	MetaCyc:Trans-D2-decenoyl-TYPE-I-FAS-ACPs@Charged	MetaCyc:Trans-D2-decenoyl-TYPE-I-FAS-ACPs@Charged		MetaCyc:Trans-D2-decenoyl-TYPE-I-FAS-ACPs@Charged	MetaCyc:Trans-D2-decenoyl-TYPE-I-FAS-ACPs	MetaCyc:Trans-D2-decenoyl-TYPE-I-FAS-ACPs				
cpd48971	MetaCyc:Trans-D2-hexacos-2-enoyl-TYPE-I-FAS-ACPs@Charged	MetaCyc:Trans-D2-hexacos-2-enoyl-TYPE-I-FAS-ACPs@Charged		MetaCyc:Trans-D2-hexacos-2-enoyl-TYPE-I-FAS-ACPs@Charged	MetaCyc:Trans-D2-hexacos-2-enoyl-TYPE-I-FAS-ACPs	MetaCyc:Trans-D2-hexacos-2-enoyl-TYPE-I-FAS-ACPs				
cpd48972	MetaCyc:Trihydroxy-3-Oxononanoyl-BryA-PKS@Charged	MetaCyc:Trihydroxy-3-Oxononanoyl-BryA-PKS@Charged		MetaCyc:Trihydroxy-3-Oxononanoyl-BryA-PKS@Charged	MetaCyc:Trihydroxy-3-Oxononanoyl-BryA-PKS	MetaCyc:Trihydroxy-3-Oxononanoyl-BryA-PKS				
cpd48973	MetaCyc:Type-I-Cytochromes-c3-Oxidized@Charged	MetaCyc:Type-I-Cytochromes-c3-Oxidized@Charged		MetaCyc:Type-I-Cytochromes-c3-Oxidized@Charged	MetaCyc:Type-I-Cytochromes-c3-Oxidized					
cpd48974	MetaCyc:Type-I-Cytochromes-c3-Reduced@Charged	MetaCyc:Type-I-Cytochromes-c3-Reduced@Charged		MetaCyc:Type-I-Cytochromes-c3-Reduced@Charged	MetaCyc:Type-I-Cytochromes-c3-Reduced					
cpd48975	MetaCyc:Tyr-Tyrosyl-Carrier-Proteins@Charged	MetaCyc:Tyr-Tyrosyl-Carrier-Proteins@Charged		MetaCyc:Tyr-Tyrosyl-Carrier-Proteins@Charged	MetaCyc:Tyr-Tyrosyl-Carrier-Proteins	MetaCyc:Tyr-Tyrosyl-Carrier-Proteins				
cpd48976	MetaCyc:Tyrosinated-alpha-tubulins@Charged	MetaCyc:Tyrosinated-alpha-tubulins@Charged		MetaCyc:Tyrosinated-alpha-tubulins@Charged	MetaCyc:Tyrosinated-alpha-tubulins	MetaCyc:Tyrosinated-alpha-tubulins				
cpd48977	MetaCyc:Tyrosyl-PCP1-AprJ@Charged	MetaCyc:Tyrosyl-PCP1-AprJ@Charged		MetaCyc:Tyrosyl-PCP1-AprJ@Charged	MetaCyc:Tyrosyl-PCP1-AprJ	MetaCyc:Tyrosyl-PCP1-AprJ				
cpd48978	MetaCyc:Undecaketide-Chaxamycin-PKS@Charged	MetaCyc:Undecaketide-Chaxamycin-PKS@Charged		MetaCyc:Undecaketide-Chaxamycin-PKS@Charged	MetaCyc:Undecaketide-Chaxamycin-PKS	MetaCyc:Undecaketide-Chaxamycin-PKS				
cpd48979	MetaCyc:Valinomycin-Dodecadepsipeptide-TE-Domain@Charged	MetaCyc:Valinomycin-Dodecadepsipeptide-TE-Domain@Charged		MetaCyc:Valinomycin-Dodecadepsipeptide-TE-Domain@Charged	MetaCyc:Valinomycin-Dodecadepsipeptide-TE-Domain	MetaCyc:Valinomycin-Dodecadepsipeptide-TE-Domain				
cpd48980	MetaCyc:Valinomycin-Tetradepsipeptide-TE-Domain@Charged	MetaCyc:Valinomycin-Tetradepsipeptide-TE-Domain@Charged		MetaCyc:Valinomycin-Tetradepsipeptide-TE-Domain@Charged	MetaCyc:Valinomycin-Tetradepsipeptide-TE-Domain	MetaCyc:Valinomycin-Tetradepsipeptide-TE-Domain				
cpd48981	MetaCyc:XCXC-proteins@Charged	MetaCyc:XCXC-proteins@Charged		MetaCyc:XCXC-proteins@Charged	MetaCyc:XCXC-proteins	MetaCyc:XCXC-proteins				
cpd48982	MetaCyc:XXCC-proteins@Charged	MetaCyc:XXCC-proteins@Charged		MetaCyc:XXCC-proteins@Charged	MetaCyc:XXCC-proteins	MetaCyc:XXCC-proteins				
cpd48983	MetaCyc:a--reduced-DsbB-protein@Charged	MetaCyc:a--reduced-DsbB-protein@Charged		MetaCyc:a--reduced-DsbB-protein@Charged	MetaCyc:a--reduced-DsbB-protein	MetaCyc:a--reduced-DsbB-protein				
cpd48984	MetaCyc:a-5-alpha-deoxyadenosine-5-phosphate-DNA@Charged	MetaCyc:a-5-alpha-deoxyadenosine-5-phosphate-DNA@Charged		MetaCyc:a-5-alpha-deoxyadenosine-5-phosphate-DNA@Charged	MetaCyc:a-5-alpha-deoxyadenosine-5-phosphate-DNA	MetaCyc:a-5-alpha-deoxyadenosine-5-phosphate-DNA				
cpd48985	MetaCyc:a-5-deoxyribose-5-phosphate-DNA	MetaCyc:a-5-deoxyribose-5-phosphate-DNA		MetaCyc:a-5-deoxyribose-5-phosphate-DNA	MetaCyc:a-5-deoxyribose-5-phosphate-DNA	MetaCyc:a-5-deoxyribose-5-phosphate-DNA				
cpd48986	MetaCyc:a-Cgs-linked-beta-12-glucan	MetaCyc:a-Cgs-linked-beta-12-glucan		MetaCyc:a-Cgs-linked-beta-12-glucan	MetaCyc:a-Cgs-linked-beta-12-glucan	MetaCyc:a-Cgs-linked-beta-12-glucan				
cpd48987	MetaCyc:a-DNA-3-deoxyribose-5-phosphate	MetaCyc:a-DNA-3-deoxyribose-5-phosphate		MetaCyc:a-DNA-3-deoxyribose-5-phosphate	MetaCyc:a-DNA-3-deoxyribose-5-phosphate	MetaCyc:a-DNA-3-deoxyribose-5-phosphate				
cpd48988	MetaCyc:a-DNA-methyl-phosphotriester	MetaCyc:a-DNA-methyl-phosphotriester		MetaCyc:a-DNA-methyl-phosphotriester	MetaCyc:a-DNA-methyl-phosphotriester	MetaCyc:a-DNA-methyl-phosphotriester			MetaCyc:a-DNA-methyl-phosphotriester@Charged	
cpd48989	MetaCyc:a-DNA-nucleotide-3-phosphoglycolaldehyde	MetaCyc:a-DNA-nucleotide-3-phosphoglycolaldehyde		MetaCyc:a-DNA-nucleotide-3-phosphoglycolaldehyde	MetaCyc:a-DNA-nucleotide-3-phosphoglycolaldehyde	MetaCyc:a-DNA-nucleotide-3-phosphoglycolaldehyde				
cpd48990	MetaCyc:a-DNA-nucleotide-3-phosphoglycolate	MetaCyc:a-DNA-nucleotide-3-phosphoglycolate		MetaCyc:a-DNA-nucleotide-3-phosphoglycolate	MetaCyc:a-DNA-nucleotide-3-phosphoglycolate	MetaCyc:a-DNA-nucleotide-3-phosphoglycolate				
cpd48991	MetaCyc:a-murein-lipoprotein@Charged	MetaCyc:a-murein-lipoprotein@Charged		MetaCyc:a-murein-lipoprotein@Charged	MetaCyc:a-murein-lipoprotein	MetaCyc:a-murein-lipoprotein				
cpd48992										
cpd48993	MetaCyc:a-reduced-DsbA-protein@Charged	MetaCyc:a-reduced-DsbA-protein@Charged		MetaCyc:a-reduced-DsbA-protein@Charged	MetaCyc:a-reduced-DsbA-protein	MetaCyc:a-reduced-DsbA-protein				
cpd48994	MetaCyc:a-reduced-DsbC-protein@Charged	MetaCyc:a-reduced-DsbC-protein@Charged		MetaCyc:a-reduced-DsbC-protein@Charged	MetaCyc:a-reduced-DsbC-protein	MetaCyc:a-reduced-DsbC-protein				
cpd48995	MetaCyc:a-reduced-DsbD-protein@Charged	MetaCyc:a-reduced-DsbD-protein@Charged		MetaCyc:a-reduced-DsbD-protein@Charged	MetaCyc:a-reduced-DsbD-protein	MetaCyc:a-reduced-DsbD-protein				
cpd48996	MetaCyc:a-reduced-DsbG-protein@Charged	MetaCyc:a-reduced-DsbG-protein@Charged		MetaCyc:a-reduced-DsbG-protein@Charged	MetaCyc:a-reduced-DsbG-protein	MetaCyc:a-reduced-DsbG-protein				
cpd48997	MetaCyc:a-single-stranded-DNA-with-ring-opened-a	MetaCyc:a-single-stranded-DNA-with-ring-opened-a		MetaCyc:a-single-stranded-DNA-with-ring-opened-a	MetaCyc:a-single-stranded-DNA-with-ring-opened-a	MetaCyc:a-single-stranded-DNA-with-ring-opened-a				
cpd48998										
cpd48999										
