id	formula_src	charge_src	inchikey_src	smiles_src	pka_src	pkb_src	deltag_method	deltag_used_src	deltag_gc_src	deltag_eq_src
cpd04000	MetaCyc:GAMMA-PENTACHLOROCYCLOHEXANE;KEGG:C06596;ChEBI:10576	MetaCyc:GAMMA-PENTACHLOROCYCLOHEXANE;KEGG:C06596;ChEBI:10576	MetaCyc:GAMMA-PENTACHLOROCYCLOHEXANE;KEGG:C06596;ChEBI:10576	MetaCyc:GAMMA-PENTACHLOROCYCLOHEXANE;KEGG:C06596;ChEBI:10576			GC	MetaCyc:GAMMA-PENTACHLOROCYCLOHEXANE@Charged	MetaCyc:GAMMA-PENTACHLOROCYCLOHEXANE@Charged	eQuilibrator:MNXM5995
cpd04001	MetaCyc:CPD-15;KEGG:C06597;ChEBI:18904	MetaCyc:CPD-15;KEGG:C06597;ChEBI:18904	MetaCyc:CPD-15;KEGG:C06597;ChEBI:18904	MetaCyc:CPD-15;KEGG:C06597;ChEBI:18904	KEGG:C06597		GC	MetaCyc:CPD-15@Charged	MetaCyc:CPD-15@Charged	eQuilibrator:MNXM3125
cpd04002	KEGG:C06598;ChEBI:28989	KEGG:C06598;ChEBI:28989	KEGG:C06598;ChEBI:28989	KEGG:C06598;ChEBI:28989	KEGG:C06598	KEGG:C06598	GC	KEGG:C06598@Charged	KEGG:C06598@Charged	eQuilibrator:MNXM3439
cpd04003	KEGG:C06599;ChEBI:28975	KEGG:C06599;ChEBI:28975	KEGG:C06599;ChEBI:28975	KEGG:C06599;ChEBI:28975	KEGG:C06599	KEGG:C06599	GC	KEGG:C06599@Charged	KEGG:C06599@Charged	eQuilibrator:MNXM4960
cpd04004	KEGG:C06600;ChEBI:27545	KEGG:C06600;ChEBI:27545	KEGG:C06600;ChEBI:27545	KEGG:C06600;ChEBI:27545	KEGG:C06600	KEGG:C06600	EQ	eQuilibrator:MNXM2915	KEGG:C06600@Charged	eQuilibrator:MNXM2915
cpd04005	MetaCyc:CHLOROHYDROQUINONE;KEGG:C06601;ChEBI:27675	MetaCyc:CHLOROHYDROQUINONE;KEGG:C06601;ChEBI:27675	MetaCyc:CHLOROHYDROQUINONE;KEGG:C06601;ChEBI:27675	MetaCyc:CHLOROHYDROQUINONE;KEGG:C06601;ChEBI:27675	KEGG:C06601	KEGG:C06601	EQ	eQuilibrator:MNXM4524	KEGG:C06601@Charged	eQuilibrator:MNXM4524
cpd04006	MetaCyc:25-DICHLOROPHENOL@Charged;KEGG:C06602	MetaCyc:25-DICHLOROPHENOL@Charged;KEGG:C06602	MetaCyc:25-DICHLOROPHENOL@Charged;KEGG:C06602	MetaCyc:25-DICHLOROPHENOL@Charged;KEGG:C06602	KEGG:C06602	KEGG:C06602	EQ	eQuilibrator:MNXM6682	KEGG:C06602@Charged	eQuilibrator:MNXM6682
cpd04007	MetaCyc:CPD-18635@Charged;KEGG:C06603@Charged;ChEBI:58434@Charged	MetaCyc:CPD-18635@Charged;KEGG:C06603@Charged;ChEBI:58434@Charged	MetaCyc:CPD-18635@Charged;KEGG:C06603@Charged;ChEBI:58434@Charged	MetaCyc:CPD-18635@Charged;KEGG:C06603@Charged;ChEBI:58434@Charged	KEGG:C06603	KEGG:C06603	EQ		MetaCyc:CPD-18635@Charged	
cpd04008	MetaCyc:PARATHION;KEGG:C06604	MetaCyc:PARATHION;KEGG:C06604	MetaCyc:PARATHION;KEGG:C06604	MetaCyc:PARATHION;KEGG:C06604			GC	MetaCyc:PARATHION@Charged	MetaCyc:PARATHION@Charged	
cpd04009	MetaCyc:AMINO-PARATHION;KEGG:C06605	MetaCyc:AMINO-PARATHION;KEGG:C06605	MetaCyc:AMINO-PARATHION;KEGG:C06605	MetaCyc:AMINO-PARATHION;KEGG:C06605		KEGG:C06605	GC	MetaCyc:AMINO-PARATHION@Charged	MetaCyc:AMINO-PARATHION@Charged	
cpd04010	MetaCyc:PARAOXON;KEGG:C06606;ChEBI:27827	MetaCyc:PARAOXON;KEGG:C06606;ChEBI:27827	MetaCyc:PARAOXON;KEGG:C06606;ChEBI:27827	MetaCyc:PARAOXON;KEGG:C06606;ChEBI:27827		KEGG:C06606	GC	MetaCyc:PARAOXON@Charged	MetaCyc:PARAOXON@Charged	
cpd04011	MetaCyc:DIETHYLTHIOPHOSPHATE;KEGG:C06607@Charged	MetaCyc:DIETHYLTHIOPHOSPHATE;KEGG:C06607@Charged	MetaCyc:DIETHYLTHIOPHOSPHATE;KEGG:C06607@Charged	MetaCyc:DIETHYLTHIOPHOSPHATE;KEGG:C06607@Charged	KEGG:C06607		GC	KEGG:C06607@Charged	KEGG:C06607@Charged	
cpd04012	MetaCyc:DIETHYLPHOSPHATE;KEGG:C06608@Charged;ChEBI:140537	MetaCyc:DIETHYLPHOSPHATE;KEGG:C06608@Charged;ChEBI:140537	MetaCyc:DIETHYLPHOSPHATE;KEGG:C06608@Charged;ChEBI:140537	MetaCyc:DIETHYLPHOSPHATE;KEGG:C06608@Charged;ChEBI:140537	KEGG:C06608		GC	KEGG:C06608@Charged	KEGG:C06608@Charged	eQuilibrator:MNXM5127
cpd04013	MetaCyc:CPD-9112;KEGG:C06609;KEGG:C18627	MetaCyc:CPD-9112;KEGG:C06609;KEGG:C18627	MetaCyc:CPD-9112;KEGG:C06609;KEGG:C18627	MetaCyc:CPD-9112;KEGG:C06609;KEGG:C18627			EQ	eQuilibrator:MNXM9463	KEGG:C18627@Charged	eQuilibrator:MNXM9463
cpd04014	KEGG:C06610	KEGG:C06610	KEGG:C06610	KEGG:C06610			EQ	eQuilibrator:MNXM9511	KEGG:C06610@Charged	eQuilibrator:MNXM9511
cpd04015	KEGG:C06611	KEGG:C06611	KEGG:C06611	KEGG:C06611	KEGG:C06611	KEGG:C06611	EQ	eQuilibrator:MNXM150873	KEGG:C06611@Charged	eQuilibrator:MNXM150873
cpd04016	KEGG:C06612	KEGG:C06612	KEGG:C06612	KEGG:C06612	KEGG:C06612	KEGG:C06612	EQ	eQuilibrator:MNXM5676	KEGG:C06612@Charged	eQuilibrator:MNXM5676
cpd04017	KEGG:C06613	KEGG:C06613	KEGG:C06613	KEGG:C06613		KEGG:C06613	EQ	eQuilibrator:MNXM5312	KEGG:C06613@Charged	eQuilibrator:MNXM5312
cpd04018	KEGG:C06614@Charged	KEGG:C06614@Charged	KEGG:C06614@Charged	KEGG:C06614@Charged	KEGG:C06614		EQ	eQuilibrator:MNXM6086	KEGG:C06614@Charged	eQuilibrator:MNXM6086
cpd04019	KEGG:C06615@Charged	KEGG:C06615@Charged	KEGG:C06615@Charged	KEGG:C06615@Charged	KEGG:C06615		EQ	eQuilibrator:MNXM46935	KEGG:C06615@Charged	eQuilibrator:MNXM46935
cpd04020	MetaCyc:CPD-13951;KEGG:C06616@Charged;ChEBI:64258	MetaCyc:CPD-13951;KEGG:C06616@Charged;ChEBI:64258	MetaCyc:CPD-13951;KEGG:C06616@Charged;ChEBI:64258	MetaCyc:CPD-13951;KEGG:C06616@Charged;ChEBI:64258	KEGG:C06616	KEGG:C06616	GC	KEGG:C06616@Charged	KEGG:C06616@Charged	eQuilibrator:MNXM2119
cpd04021	MetaCyc:CPD-13841;KEGG:C11908@Charged;ChEBI:63269	MetaCyc:CPD-13841;KEGG:C11908@Charged;ChEBI:63269	MetaCyc:CPD-13841;KEGG:C11908@Charged;ChEBI:63269	MetaCyc:CPD-13841;KEGG:C11908@Charged;ChEBI:63269	KEGG:C11908	KEGG:C11908	EQ	eQuilibrator:MNXM2225	MetaCyc:CPD-13841@Charged	eQuilibrator:MNXM2225
cpd04022	KEGG:C11909@Charged;ChEBI:76280	KEGG:C11909@Charged;ChEBI:76280	KEGG:C11909@Charged;ChEBI:76280	KEGG:C11909@Charged;ChEBI:76280	KEGG:C11909	KEGG:C11909	EQ	eQuilibrator:MNXM5143	KEGG:C11909@Charged	eQuilibrator:MNXM5143
cpd04023	KEGG:C11910@Charged;ChEBI:63262	KEGG:C11910@Charged;ChEBI:63262	KEGG:C11910@Charged;ChEBI:63262	KEGG:C11910@Charged;ChEBI:63262	KEGG:C11910	KEGG:C11910	EQ	eQuilibrator:MNXM3266	KEGG:C11910@Charged	eQuilibrator:MNXM3266
cpd04024	MetaCyc:CPD-13952;KEGG:C06620@Charged;ChEBI:84540;ChEBI:88119@Charged	MetaCyc:CPD-13952;KEGG:C06620@Charged;ChEBI:84540;ChEBI:88119@Charged	MetaCyc:CPD-13952;KEGG:C06620@Charged;ChEBI:84540;ChEBI:88119@Charged	MetaCyc:CPD-13952;KEGG:C06620@Charged;ChEBI:84540;ChEBI:88119@Charged	KEGG:C06620	KEGG:C06620	EQ	eQuilibrator:MNXM6260	KEGG:C06620@Charged	eQuilibrator:MNXM6260
cpd04025	MetaCyc:CPD-13381;KEGG:C11922@Charged;ChEBI:84537	MetaCyc:CPD-13381;KEGG:C11922@Charged;ChEBI:84537	MetaCyc:CPD-13381;KEGG:C11922@Charged;ChEBI:84537	MetaCyc:CPD-13381;KEGG:C11922@Charged;ChEBI:84537	KEGG:C11922	KEGG:C11922	EQ	eQuilibrator:MNXM5728	MetaCyc:CPD-13381@Charged	eQuilibrator:MNXM5728
cpd04026	KEGG:C06622@Charged	KEGG:C06622@Charged	KEGG:C06622@Charged	KEGG:C06622@Charged	KEGG:C06622	KEGG:C06622	EQ	eQuilibrator:MNXM51647	KEGG:C06622@Charged	eQuilibrator:MNXM51647
cpd04027										
cpd04028	MetaCyc:CPD-19255;KEGG:C06624;ChEBI:133011	MetaCyc:CPD-19255;KEGG:C06624;ChEBI:133011	MetaCyc:CPD-19255;KEGG:C06624;ChEBI:133011	MetaCyc:CPD-19255;KEGG:C06624@Charged;ChEBI:133011	KEGG:C06624	KEGG:C06624	GC	MetaCyc:CPD-19255@Charged	MetaCyc:CPD-19255@Charged	eQuilibrator:MNXM8979
cpd04029	MetaCyc:CPD-17870;KEGG:C06625@Charged	MetaCyc:CPD-17870;KEGG:C06625@Charged	MetaCyc:CPD-17870;KEGG:C06625@Charged	MetaCyc:CPD-17870;KEGG:C06625@Charged	KEGG:C06625	KEGG:C06625	EQ	eQuilibrator:MNXM6324	MetaCyc:CPD-17870@Charged	eQuilibrator:MNXM6324
cpd04030	KEGG:C06626@Charged	KEGG:C06626@Charged	KEGG:C06626@Charged	KEGG:C06626@Charged	KEGG:C06626	KEGG:C06626	GC	KEGG:C06626@Charged	KEGG:C06626@Charged	eQuilibrator:MNXM37409
cpd04031	MetaCyc:CPD-19272;KEGG:C06627@Charged;ChEBI:132737	MetaCyc:CPD-19272;KEGG:C06627@Charged;ChEBI:132737	MetaCyc:CPD-19272;KEGG:C06627@Charged;ChEBI:132737	MetaCyc:CPD-19272;KEGG:C06627@Charged;ChEBI:132737	KEGG:C06627	KEGG:C06627	GC	KEGG:C06627@Charged	KEGG:C06627@Charged	eQuilibrator:MNXM37410
cpd04032	MetaCyc:CPD-19274@Charged;KEGG:C06628;ChEBI:28464	MetaCyc:CPD-19274@Charged;KEGG:C06628;ChEBI:28464	MetaCyc:CPD-19274@Charged;KEGG:C06628;ChEBI:28464	MetaCyc:CPD-19274@Charged;KEGG:C06628;ChEBI:28464	KEGG:C06628	KEGG:C06628	EQ	eQuilibrator:MNXM5001	KEGG:C06628@Charged	eQuilibrator:MNXM5001
cpd04033	MetaCyc:CPD-19273@Charged;KEGG:C06629;ChEBI:132734@Charged	MetaCyc:CPD-19273@Charged;KEGG:C06629;ChEBI:132734@Charged	MetaCyc:CPD-19273@Charged;KEGG:C06629;ChEBI:132734@Charged	MetaCyc:CPD-19273@Charged;KEGG:C06629;ChEBI:132734@Charged	KEGG:C06629	KEGG:C06629	EQ	eQuilibrator:MNXM38883	MetaCyc:CPD-19273@Charged	eQuilibrator:MNXM38883
cpd04034	MetaCyc:CPD-13837;KEGG:C06630;ChEBI:28343	MetaCyc:CPD-13837;KEGG:C06630;ChEBI:28343	MetaCyc:CPD-13837;KEGG:C06630;ChEBI:28343	MetaCyc:CPD-13837;KEGG:C06630;ChEBI:28343	KEGG:C06630	KEGG:C06630	EQ	eQuilibrator:MNXM3487	MetaCyc:CPD-13837@Charged	eQuilibrator:MNXM3487
cpd04035	MetaCyc:CPD-13967;KEGG:C11916@Charged;ChEBI:76814	MetaCyc:CPD-13967;KEGG:C11916@Charged;ChEBI:76814	MetaCyc:CPD-13967;KEGG:C11916@Charged;ChEBI:76814	MetaCyc:CPD-13967;KEGG:C11916@Charged;ChEBI:76814	KEGG:C11916	KEGG:C11916	EQ	eQuilibrator:MNXM3986	MetaCyc:CPD-13967@Charged	eQuilibrator:MNXM3986
cpd04036	MetaCyc:CPD-13776;KEGG:C11911@Charged;ChEBI:63260	MetaCyc:CPD-13776;KEGG:C11911@Charged;ChEBI:63260	MetaCyc:CPD-13776;KEGG:C11911@Charged;ChEBI:63260	MetaCyc:CPD-13776;KEGG:C11911@Charged;ChEBI:63260	KEGG:C11911	KEGG:C11911	GC	MetaCyc:CPD-13776@Charged	MetaCyc:CPD-13776@Charged	eQuilibrator:MNXM1556
cpd04037	MetaCyc:CPD-13806;KEGG:C06633@Charged;ChEBI:63677	MetaCyc:CPD-13806;KEGG:C06633@Charged;ChEBI:63677	MetaCyc:CPD-13806;KEGG:C06633@Charged;ChEBI:63677	MetaCyc:CPD-13806;KEGG:C06633@Charged;ChEBI:63677	KEGG:C06633	KEGG:C06633	GC	KEGG:C06633@Charged	KEGG:C06633@Charged	eQuilibrator:MNXM1557
cpd04038	MetaCyc:CPD-13807	MetaCyc:CPD-13807	MetaCyc:CPD-13807	MetaCyc:CPD-13807	KEGG:C06634	KEGG:C06634	GC	MetaCyc:CPD-13807@Charged	MetaCyc:CPD-13807@Charged	eQuilibrator:MNXM52550
cpd04039	MetaCyc:CPD-13947;KEGG:C06635;ChEBI:27977	MetaCyc:CPD-13947;KEGG:C06635;ChEBI:27977	MetaCyc:CPD-13947;KEGG:C06635;ChEBI:27977	MetaCyc:CPD-13947;KEGG:C06635;ChEBI:27977	KEGG:C06635	KEGG:C06635	EQ	eQuilibrator:MNXM5740	MetaCyc:CPD-13947@Charged	eQuilibrator:MNXM5740
cpd04040	KEGG:C06636	KEGG:C06636	KEGG:C06636	KEGG:C06636	KEGG:C06636		EQ	eQuilibrator:MNXM7255	KEGG:C06636@Charged	eQuilibrator:MNXM7255
cpd04041	KEGG:C06637	KEGG:C06637	KEGG:C06637	KEGG:C06637			EQ	eQuilibrator:MNXM3781	KEGG:C06637@Charged	eQuilibrator:MNXM3781
cpd04042	KEGG:C06638	KEGG:C06638	KEGG:C06638	KEGG:C06638	KEGG:C06638		EQ	eQuilibrator:MNXM4230	KEGG:C06638@Charged	eQuilibrator:MNXM4230
cpd04043	KEGG:C06639	KEGG:C06639	KEGG:C06639	KEGG:C06639	KEGG:C06639	KEGG:C06639	EQ	eQuilibrator:MNXM4955	KEGG:C06639@Charged	eQuilibrator:MNXM4955
cpd04044	KEGG:C06640@Charged	KEGG:C06640@Charged	KEGG:C06640@Charged	KEGG:C06640@Charged	KEGG:C06640		EQ	eQuilibrator:MNXM5077	KEGG:C06640@Charged	eQuilibrator:MNXM5077
cpd04045	KEGG:C06641	KEGG:C06641	KEGG:C06641	KEGG:C06641			EQ	eQuilibrator:MNXM6857	KEGG:C06641@Charged	eQuilibrator:MNXM6857
cpd04046	KEGG:C06642	KEGG:C06642	KEGG:C06642	KEGG:C06642			EQ	eQuilibrator:MNXM7876	KEGG:C06642@Charged	eQuilibrator:MNXM7876
cpd04047	KEGG:C06643	KEGG:C06643	KEGG:C06643	KEGG:C06643		KEGG:C06643	EQ	eQuilibrator:MNXM10141	KEGG:C06643@Charged	eQuilibrator:MNXM10141
cpd04048	KEGG:C06644	KEGG:C06644	KEGG:C06644	KEGG:C06644	KEGG:C06644	KEGG:C06644	EQ	eQuilibrator:MNXM6569	KEGG:C06644@Charged	eQuilibrator:MNXM6569
cpd04049	KEGG:C06645@Charged	KEGG:C06645@Charged	KEGG:C06645@Charged	KEGG:C06645@Charged	KEGG:C06645	KEGG:C06645	GC	KEGG:C06645@Charged	KEGG:C06645@Charged	
cpd04050	KEGG:C06646@Charged	KEGG:C06646@Charged	KEGG:C06646@Charged	KEGG:C06646@Charged	KEGG:C06646		GC	KEGG:C06646@Charged	KEGG:C06646@Charged	
cpd04051	KEGG:C06647	KEGG:C06647	KEGG:C06647	KEGG:C06647	KEGG:C06647	KEGG:C06647	EQ	eQuilibrator:MNXM6872	KEGG:C06647@Charged	eQuilibrator:MNXM6872
cpd04052	KEGG:C06648	KEGG:C06648	KEGG:C06648	KEGG:C06648		KEGG:C06648	EQ	eQuilibrator:MNXM6874	KEGG:C06648@Charged	eQuilibrator:MNXM6874
cpd04053	KEGG:C06649	KEGG:C06649	KEGG:C06649	KEGG:C06649	KEGG:C06649	KEGG:C06649	GC	KEGG:C06649@Charged	KEGG:C06649@Charged	eQuilibrator:MNXM4161
cpd04054	KEGG:C06650	KEGG:C06650	KEGG:C06650	KEGG:C06650	KEGG:C06650	KEGG:C06650	EQ	eQuilibrator:MNXM5435	KEGG:C06650@Charged	eQuilibrator:MNXM5435
cpd04055	KEGG:C06651@Charged	KEGG:C06651@Charged	KEGG:C06651@Charged	KEGG:C06651@Charged	KEGG:C06651	KEGG:C06651	EQ		KEGG:C06651@Charged	
cpd04056	MetaCyc:CPD-13805;KEGG:C06653@Charged;ChEBI:64279	MetaCyc:CPD-13805;KEGG:C06653@Charged;ChEBI:64279	MetaCyc:CPD-13805;KEGG:C06653@Charged;ChEBI:64279	MetaCyc:CPD-13805;KEGG:C06653@Charged;ChEBI:64279	KEGG:C06653	KEGG:C06653	GC	KEGG:C06653@Charged	KEGG:C06653@Charged	eQuilibrator:MNXM3269
cpd04057	MetaCyc:CPD-19270;KEGG:C06654;ChEBI:133697	MetaCyc:CPD-19270;KEGG:C06654;ChEBI:133697	MetaCyc:CPD-19270;KEGG:C06654;ChEBI:133697	MetaCyc:CPD-19270;KEGG:C06654@Charged;ChEBI:133697	KEGG:C06654	KEGG:C06654	GC	KEGG:C06654@Charged	KEGG:C06654@Charged	eQuilibrator:MNXM37406
cpd04058	MetaCyc:L-N2-2-CARBOXYETHYLARGININE@Charged;KEGG:C06655;ChEBI:57304	MetaCyc:L-N2-2-CARBOXYETHYLARGININE@Charged;KEGG:C06655;ChEBI:57304	MetaCyc:L-N2-2-CARBOXYETHYLARGININE@Charged;KEGG:C06655;ChEBI:57304	MetaCyc:L-N2-2-CARBOXYETHYLARGININE@Charged;KEGG:C06655@Charged;ChEBI:57304	KEGG:C06655	KEGG:C06655	EQ	eQuilibrator:MNXM1937	MetaCyc:L-N2-2-CARBOXYETHYLARGININE@Charged	eQuilibrator:MNXM1937
cpd04059	MetaCyc:DEOXYAMIDINOPROCLAVAMINATE;KEGG:C06656;ChEBI:57303	MetaCyc:DEOXYAMIDINOPROCLAVAMINATE;KEGG:C06656;ChEBI:57303	MetaCyc:DEOXYAMIDINOPROCLAVAMINATE;KEGG:C06656;ChEBI:57303	MetaCyc:DEOXYAMIDINOPROCLAVAMINATE;KEGG:C06656@Charged;ChEBI:57303	KEGG:C06656	KEGG:C06656	EQ	eQuilibrator:MNXM1738	KEGG:C06656@Charged	eQuilibrator:MNXM1738
cpd04060	MetaCyc:AMIDINOPROCLAVAMINATE;KEGG:C06657;ChEBI:58647	MetaCyc:AMIDINOPROCLAVAMINATE;KEGG:C06657;ChEBI:58647	MetaCyc:AMIDINOPROCLAVAMINATE;KEGG:C06657;ChEBI:58647	MetaCyc:AMIDINOPROCLAVAMINATE;KEGG:C06657@Charged;ChEBI:58647	KEGG:C06657	KEGG:C06657	EQ	eQuilibrator:MNXM1811	MetaCyc:AMIDINOPROCLAVAMINATE@Charged	eQuilibrator:MNXM1811
cpd04061	MetaCyc:PROCLAVAMINATE;KEGG:C06658;ChEBI:57302	MetaCyc:PROCLAVAMINATE;KEGG:C06658;ChEBI:57302	MetaCyc:PROCLAVAMINATE;KEGG:C06658;ChEBI:57302	MetaCyc:PROCLAVAMINATE;KEGG:C06658@Charged;ChEBI:57302	KEGG:C06658	KEGG:C06658	EQ	eQuilibrator:MNXM1852	KEGG:C06658@Charged	eQuilibrator:MNXM1852
cpd04062	MetaCyc:DIHYDROCLAVAMINATE;KEGG:C06659;ChEBI:57301	MetaCyc:DIHYDROCLAVAMINATE;KEGG:C06659;ChEBI:57301	MetaCyc:DIHYDROCLAVAMINATE;KEGG:C06659;ChEBI:57301	MetaCyc:DIHYDROCLAVAMINATE;KEGG:C06659@Charged;ChEBI:57301	KEGG:C06659	KEGG:C06659	EQ	eQuilibrator:MNXM1739	MetaCyc:DIHYDROCLAVAMINATE@Charged	eQuilibrator:MNXM1739
cpd04063	MetaCyc:CLAVAMINATE;KEGG:C06660;ChEBI:57300	MetaCyc:CLAVAMINATE;KEGG:C06660;ChEBI:57300	MetaCyc:CLAVAMINATE;KEGG:C06660;ChEBI:57300	MetaCyc:CLAVAMINATE;KEGG:C06660@Charged;ChEBI:57300	KEGG:C06660	KEGG:C06660	EQ	eQuilibrator:MNXM2359	KEGG:C06660@Charged	eQuilibrator:MNXM2359
cpd04064	KEGG:C06661@Charged;ChEBI:78625	KEGG:C06661@Charged;ChEBI:78625	KEGG:C06661@Charged;ChEBI:78625	KEGG:C06661@Charged;ChEBI:78625	KEGG:C06661	KEGG:C06661	EQ	eQuilibrator:MNXM3239	KEGG:C06661@Charged	eQuilibrator:MNXM3239
cpd04065	MetaCyc:CPD-9261;KEGG:C06662@Charged;ChEBI:487869	MetaCyc:CPD-9261;KEGG:C06662@Charged;ChEBI:487869	MetaCyc:CPD-9261;KEGG:C06662@Charged;ChEBI:487869	MetaCyc:CPD-9261;KEGG:C06662@Charged;ChEBI:487869	KEGG:C06662	KEGG:C06662	EQ	eQuilibrator:MNXM5682	MetaCyc:CPD-9261@Charged	eQuilibrator:MNXM5682
cpd04066	KEGG:C06664	KEGG:C06664	KEGG:C06664	KEGG:C06664@Charged	KEGG:C06664	KEGG:C06664	EQ	eQuilibrator:MNXM86970	KEGG:C06664@Charged	eQuilibrator:MNXM86970
cpd04067	MetaCyc:CPD-9231;KEGG:C06665	MetaCyc:CPD-9231;KEGG:C06665	MetaCyc:CPD-9231;KEGG:C06665	MetaCyc:CPD-9231@Charged;KEGG:C06665@Charged	KEGG:C06665	KEGG:C06665	GC	KEGG:C06665@Charged	KEGG:C06665@Charged	eQuilibrator:MNXM57244
cpd04068	KEGG:C06667	KEGG:C06667	KEGG:C06667	KEGG:C06667@Charged	KEGG:C06667	KEGG:C06667	EQ	eQuilibrator:MNXM47174	KEGG:C06667@Charged	eQuilibrator:MNXM47174
cpd04069	KEGG:C06668	KEGG:C06668	KEGG:C06668	KEGG:C06668@Charged	KEGG:C06668	KEGG:C06668	GC	KEGG:C06668@Charged	KEGG:C06668@Charged	
cpd04070	MetaCyc:CPD-9377;KEGG:C06669@Charged;ChEBI:73943	MetaCyc:CPD-9377;KEGG:C06669@Charged;ChEBI:73943	MetaCyc:CPD-9377;KEGG:C06669@Charged;ChEBI:73943	MetaCyc:CPD-9377;KEGG:C06669@Charged;ChEBI:73943	KEGG:C06669	KEGG:C06669	EQ	eQuilibrator:MNXM9607	MetaCyc:CPD-9377@Charged	eQuilibrator:MNXM9607
cpd04071	MetaCyc:CPD-18089;KEGG:C06670@Charged	MetaCyc:CPD-18089;KEGG:C06670@Charged	MetaCyc:CPD-18089;KEGG:C06670@Charged	MetaCyc:CPD-18089;KEGG:C06670@Charged	KEGG:C06670		EQ	eQuilibrator:MNXM9763	MetaCyc:CPD-18089@Charged	eQuilibrator:MNXM9763
cpd04072	MetaCyc:24-DICHLOROBENZOYL-COA;KEGG:C06671@Charged;ChEBI:57329	MetaCyc:24-DICHLOROBENZOYL-COA;KEGG:C06671@Charged;ChEBI:57329	MetaCyc:24-DICHLOROBENZOYL-COA;KEGG:C06671@Charged;ChEBI:57329	MetaCyc:24-DICHLOROBENZOYL-COA;KEGG:C06671@Charged;ChEBI:57329	KEGG:C06671	KEGG:C06671	EQ	eQuilibrator:MNXM3154	MetaCyc:24-DICHLOROBENZOYL-COA@Charged	eQuilibrator:MNXM3154
cpd04073	MetaCyc:VANILLATE;KEGG:C06672@Charged;ChEBI:16632	MetaCyc:VANILLATE;KEGG:C06672@Charged;ChEBI:16632	MetaCyc:VANILLATE;KEGG:C06672@Charged;ChEBI:16632	MetaCyc:VANILLATE;KEGG:C06672@Charged;ChEBI:16632	KEGG:C06672	KEGG:C06672	EQ	eQuilibrator:MNXM982	MetaCyc:VANILLATE@Charged	eQuilibrator:MNXM982
cpd04074	KEGG:C06673@Charged	KEGG:C06673@Charged	KEGG:C06673@Charged	KEGG:C06673@Charged	KEGG:C06673	KEGG:C06673	GC	KEGG:C06673@Charged	KEGG:C06673@Charged	eQuilibrator:MNXM10178
cpd04075	MetaCyc:CPD-10418;KEGG:C06674@Charged	MetaCyc:CPD-10418;KEGG:C06674@Charged	MetaCyc:CPD-10418;KEGG:C06674@Charged	MetaCyc:CPD-10418;KEGG:C06674@Charged	KEGG:C06674	KEGG:C06674	GC	MetaCyc:CPD-10418@Charged	MetaCyc:CPD-10418@Charged	eQuilibrator:MNXM6080
cpd04076	MetaCyc:CPD-10419;KEGG:C06675@Charged	MetaCyc:CPD-10419;KEGG:C06675@Charged	MetaCyc:CPD-10419;KEGG:C06675@Charged	MetaCyc:CPD-10419;KEGG:C06675@Charged	KEGG:C06675		GC	MetaCyc:CPD-10419@Charged	MetaCyc:CPD-10419@Charged	eQuilibrator:MNXM5530
cpd04077	MetaCyc:CPD-10420;KEGG:C06676@Charged;ChEBI:20479	MetaCyc:CPD-10420;KEGG:C06676@Charged;ChEBI:20479	MetaCyc:CPD-10420;KEGG:C06676@Charged;ChEBI:20479	MetaCyc:CPD-10420;KEGG:C06676@Charged;ChEBI:20479	KEGG:C06676	KEGG:C06676	GC	MetaCyc:CPD-10420@Charged	MetaCyc:CPD-10420@Charged	eQuilibrator:MNXM5374
cpd04078	MetaCyc:4-TOLUENESULFONATE;KEGG:C06677@Charged;ChEBI:27023	MetaCyc:4-TOLUENESULFONATE;KEGG:C06677@Charged;ChEBI:27023	MetaCyc:4-TOLUENESULFONATE;KEGG:C06677@Charged;ChEBI:27023	MetaCyc:4-TOLUENESULFONATE;KEGG:C06677@Charged;ChEBI:27023	KEGG:C06677		GC	KEGG:C06677@Charged	KEGG:C06677@Charged	eQuilibrator:MNXM4847
cpd04079	MetaCyc:4-SULFOBENZYL-ALCOHOL;KEGG:C06678@Charged;ChEBI:11944	MetaCyc:4-SULFOBENZYL-ALCOHOL;KEGG:C06678@Charged;ChEBI:11944	MetaCyc:4-SULFOBENZYL-ALCOHOL;KEGG:C06678@Charged;ChEBI:11944	MetaCyc:4-SULFOBENZYL-ALCOHOL;KEGG:C06678@Charged;ChEBI:11944	KEGG:C06678	KEGG:C06678	GC	KEGG:C06678@Charged	KEGG:C06678@Charged	eQuilibrator:MNXM3180
cpd04080	MetaCyc:4-SULFOBENZALDEHYDE;KEGG:C06679@Charged;ChEBI:11987	MetaCyc:4-SULFOBENZALDEHYDE;KEGG:C06679@Charged;ChEBI:11987	MetaCyc:4-SULFOBENZALDEHYDE;KEGG:C06679@Charged;ChEBI:11987	MetaCyc:4-SULFOBENZALDEHYDE;KEGG:C06679@Charged;ChEBI:11987	KEGG:C06679	KEGG:C06679	GC	MetaCyc:4-SULFOBENZALDEHYDE@Charged	MetaCyc:4-SULFOBENZALDEHYDE@Charged	eQuilibrator:MNXM2194
cpd04081	KEGG:C06680@Charged	KEGG:C06680@Charged	KEGG:C06680@Charged	KEGG:C06680@Charged	KEGG:C06680	KEGG:C06680	EQ	eQuilibrator:MNXM10205	KEGG:C06680@Charged	eQuilibrator:MNXM10205
cpd04082	KEGG:C06681	KEGG:C06681	KEGG:C06681	KEGG:C06681	KEGG:C06681	KEGG:C06681	GC	KEGG:C06681@Charged	KEGG:C06681@Charged	
cpd04083	KEGG:C06682	KEGG:C06682	KEGG:C06682	KEGG:C06682@Charged	KEGG:C06682	KEGG:C06682	GC	KEGG:C06682@Charged	KEGG:C06682@Charged	eQuilibrator:MNXM486430
cpd04084	MetaCyc:CPD-12294@Charged;KEGG:C06683@Charged	MetaCyc:CPD-12294@Charged;KEGG:C06683@Charged	MetaCyc:CPD-12294@Charged;KEGG:C06683@Charged	MetaCyc:CPD-12294@Charged;KEGG:C06683@Charged	KEGG:C06683	KEGG:C06683	GC	KEGG:C06683@Charged	KEGG:C06683@Charged	
cpd04085	KEGG:C06684	KEGG:C06684	KEGG:C06684	KEGG:C06684	KEGG:C06684	KEGG:C06684	GC	KEGG:C06684@Charged	KEGG:C06684@Charged	
cpd04086	MetaCyc:CPD-7099;KEGG:C06685;ChEBI:27641	MetaCyc:CPD-7099;KEGG:C06685;ChEBI:27641	MetaCyc:CPD-7099;KEGG:C06685;ChEBI:27641	MetaCyc:CPD-7099;KEGG:C06685;ChEBI:27641	KEGG:C06685	KEGG:C06685	EQ	eQuilibrator:MNXM48152	KEGG:C06685@Charged	eQuilibrator:MNXM48152
cpd04087	MetaCyc:CPD-17786;KEGG:C06686	MetaCyc:CPD-17786;KEGG:C06686	MetaCyc:CPD-17786;KEGG:C06686	MetaCyc:CPD-17786;KEGG:C06686	KEGG:C06686	KEGG:C06686	GC	KEGG:C06686@Charged	KEGG:C06686@Charged	eQuilibrator:MNXM55679
cpd04088	MetaCyc:CPD-21015;KEGG:C06687	MetaCyc:CPD-21015;KEGG:C06687	MetaCyc:CPD-21015;KEGG:C06687	MetaCyc:CPD-21015@Charged;KEGG:C06687@Charged	KEGG:C06687	KEGG:C06687	EQ	eQuilibrator:MNXM64938	MetaCyc:CPD-21015@Charged	eQuilibrator:MNXM64938
cpd04089	KEGG:C06688@Charged;ChEBI:71365@Charged	KEGG:C06688@Charged;ChEBI:71365@Charged	KEGG:C06688@Charged;ChEBI:71365@Charged	KEGG:C06688@Charged;ChEBI:71365@Charged	KEGG:C06688	KEGG:C06688	GC	KEGG:C06688@Charged	KEGG:C06688@Charged	
cpd04090	MetaCyc:CPD-12245	MetaCyc:CPD-12245	MetaCyc:CPD-12245	MetaCyc:CPD-12245	KEGG:C06689	KEGG:C06689	GC	MetaCyc:CPD-12245@Charged	MetaCyc:CPD-12245@Charged	
cpd04091	MetaCyc:CPD-13108;KEGG:C06690	MetaCyc:CPD-13108;KEGG:C06690	MetaCyc:CPD-13108;KEGG:C06690	MetaCyc:CPD-13108;KEGG:C06690@Charged	KEGG:C06690	KEGG:C06690	GC	MetaCyc:CPD-13108@Charged	MetaCyc:CPD-13108@Charged	
cpd04092	MetaCyc:CPD1A0-6123;KEGG:C06691@Charged	MetaCyc:CPD1A0-6123;KEGG:C06691@Charged	MetaCyc:CPD1A0-6123;KEGG:C06691@Charged	MetaCyc:CPD1A0-6123;KEGG:C06691@Charged	KEGG:C06691	KEGG:C06691	GC	KEGG:C06691@Charged	KEGG:C06691@Charged	
cpd04093	KEGG:C06692	KEGG:C06692	KEGG:C06692	KEGG:C06692@Charged	KEGG:C06692	KEGG:C06692	GC	KEGG:C06692@Charged	KEGG:C06692@Charged	
cpd04094	KEGG:C06693@Charged	KEGG:C06693@Charged	KEGG:C06693@Charged	KEGG:C06693@Charged	KEGG:C06693	KEGG:C06693	GC	KEGG:C06693@Charged	KEGG:C06693@Charged	eQuilibrator:MNXM62345
cpd04095	MetaCyc:CPD0-1606;KEGG:C06694@Charged;ChEBI:71321	MetaCyc:CPD0-1606;KEGG:C06694@Charged;ChEBI:71321	MetaCyc:CPD0-1606;KEGG:C06694@Charged;ChEBI:71321	MetaCyc:CPD0-1606;KEGG:C06694@Charged;ChEBI:71321	KEGG:C06694	KEGG:C06694	GC	MetaCyc:CPD0-1606@Charged	MetaCyc:CPD0-1606@Charged	eQuilibrator:MNXM125818
cpd04096	KEGG:C06695	KEGG:C06695	KEGG:C06695	KEGG:C06695	KEGG:C06695		GC	KEGG:C06695@Charged	KEGG:C06695@Charged	eQuilibrator:MNXM35391
cpd04097	MetaCyc:PB+2;ChEBI:49807	MetaCyc:PB+2;ChEBI:49807	MetaCyc:PB+2;ChEBI:49807	MetaCyc:PB+2;ChEBI:49807	MetaCyc:PB+2		GC	MetaCyc:PB+2@Charged	MetaCyc:PB+2@Charged	
cpd04098	MetaCyc:CPD-24318@Charged;MetaCyc:CPD-24319@Charged;MetaCyc:CPD-763;MetaCyc:CPD0-2040@Charged;KEGG:C06697@Charged;ChEBI:29242	MetaCyc:CPD-24318@Charged;MetaCyc:CPD-24319@Charged;MetaCyc:CPD-763;MetaCyc:CPD0-2040@Charged;KEGG:C06697@Charged;ChEBI:29242	MetaCyc:CPD-24318@Charged;MetaCyc:CPD-24319@Charged;MetaCyc:CPD-763;MetaCyc:CPD0-2040@Charged;KEGG:C06697@Charged;ChEBI:29242	MetaCyc:CPD-24318@Charged;MetaCyc:CPD-24319@Charged;MetaCyc:CPD-763;MetaCyc:CPD0-2040@Charged;KEGG:C06697@Charged;ChEBI:29242	KEGG:C06697	KEGG:C06697	GC	KEGG:C06697@Charged	KEGG:C06697@Charged	
cpd04099	MetaCyc:CPD-12756;MetaCyc:PHOSPHONATE@Charged;KEGG:C06701@Charged;ChEBI:16215@Charged	MetaCyc:CPD-12756;MetaCyc:PHOSPHONATE@Charged;KEGG:C06701@Charged;ChEBI:16215@Charged	MetaCyc:CPD-12756;MetaCyc:PHOSPHONATE@Charged;KEGG:C06701@Charged;ChEBI:16215@Charged	MetaCyc:CPD-12756;MetaCyc:PHOSPHONATE@Charged;KEGG:C06701@Charged;ChEBI:16215@Charged	KEGG:C06701		GC	MetaCyc:PHOSPHONATE@Charged	MetaCyc:PHOSPHONATE@Charged	
cpd04100	MetaCyc:AG+;ChEBI:49468	MetaCyc:AG+;ChEBI:49468	MetaCyc:AG+;ChEBI:49468	MetaCyc:AG+;ChEBI:49468	MetaCyc:AG+		GC	MetaCyc:AG+@Charged	MetaCyc:AG+@Charged	
cpd04101	MetaCyc:9FLUORENOL;KEGG:C06711;ChEBI:16904	MetaCyc:9FLUORENOL;KEGG:C06711;ChEBI:16904	MetaCyc:9FLUORENOL;KEGG:C06711;ChEBI:16904	MetaCyc:9FLUORENOL;KEGG:C06711;ChEBI:16904	KEGG:C06711	KEGG:C06711	EQ	eQuilibrator:MNXM1904	KEGG:C06711@Charged	eQuilibrator:MNXM1904
cpd04102	MetaCyc:9FLUORENONE;KEGG:C06712;ChEBI:17922	MetaCyc:9FLUORENONE;KEGG:C06712;ChEBI:17922	MetaCyc:9FLUORENONE;KEGG:C06712;ChEBI:17922	MetaCyc:9FLUORENONE;KEGG:C06712;ChEBI:17922		KEGG:C06712	EQ	eQuilibrator:MNXM1717	KEGG:C06712@Charged	eQuilibrator:MNXM1717
cpd04103	MetaCyc:3-HYDROXYPIMELYL-COA;KEGG:C06714@Charged;ChEBI:57343	MetaCyc:3-HYDROXYPIMELYL-COA;KEGG:C06714@Charged;ChEBI:57343	MetaCyc:3-HYDROXYPIMELYL-COA;KEGG:C06714@Charged;ChEBI:57343	MetaCyc:3-HYDROXYPIMELYL-COA;KEGG:C06714@Charged;ChEBI:57343	KEGG:C06714	KEGG:C06714	EQ	eQuilibrator:MNXM2188	MetaCyc:3-HYDROXYPIMELYL-COA@Charged	eQuilibrator:MNXM2188
cpd04104	MetaCyc:3-OXOPIMELOYL-COA;KEGG:C06715@Charged;ChEBI:57350	MetaCyc:3-OXOPIMELOYL-COA;KEGG:C06715@Charged;ChEBI:57350	MetaCyc:3-OXOPIMELOYL-COA;KEGG:C06715@Charged;ChEBI:57350	MetaCyc:3-OXOPIMELOYL-COA;KEGG:C06715@Charged;ChEBI:57350	KEGG:C06715	KEGG:C06715	EQ	eQuilibrator:MNXM2941	KEGG:C06715@Charged	eQuilibrator:MNXM2941
cpd04105	MetaCyc:CPD1G-2@Charged;KEGG:C06717@Charged;ChEBI:16768@Charged	MetaCyc:CPD1G-2@Charged;KEGG:C06717@Charged;ChEBI:16768@Charged	MetaCyc:CPD1G-2@Charged;KEGG:C06717@Charged;ChEBI:16768@Charged	MetaCyc:CPD1G-2@Charged;KEGG:C06717@Charged;ChEBI:16768@Charged	KEGG:C06717	KEGG:C06717	EQ	eQuilibrator:MNXM590	MetaCyc:CPD1G-2@Charged	eQuilibrator:MNXM590
cpd04106	MetaCyc:CPD1G-121;KEGG:C06718;ChEBI:15735	MetaCyc:CPD1G-121;KEGG:C06718;ChEBI:15735	MetaCyc:CPD1G-121;KEGG:C06718;ChEBI:15735	MetaCyc:CPD1G-121;KEGG:C06718;ChEBI:15735	KEGG:C06718	KEGG:C06718	EQ	eQuilibrator:MNXM1854	MetaCyc:CPD1G-121@Charged	eQuilibrator:MNXM1854
cpd04107	MetaCyc:CPD-17@Charged;KEGG:C06719@Charged;ChEBI:77638	MetaCyc:CPD-17@Charged;KEGG:C06719@Charged;ChEBI:77638	MetaCyc:CPD-17@Charged;KEGG:C06719@Charged;ChEBI:77638	MetaCyc:CPD-17@Charged;KEGG:C06719@Charged;ChEBI:77638	KEGG:C06719	KEGG:C06719	EQ	eQuilibrator:MNXM3013	KEGG:C06719@Charged	eQuilibrator:MNXM3013
cpd04108	KEGG:C06720@Charged	KEGG:C06720@Charged	KEGG:C06720@Charged	KEGG:C06720@Charged	KEGG:C06720	KEGG:C06720	GC	KEGG:C06720@Charged	KEGG:C06720@Charged	
cpd04109	MetaCyc:CIS-12-DIHYDROXY-12-DIHYDRODIBENZOTHIO;ChEBI:16941	MetaCyc:CIS-12-DIHYDROXY-12-DIHYDRODIBENZOTHIO;ChEBI:16941	MetaCyc:CIS-12-DIHYDROXY-12-DIHYDRODIBENZOTHIO;ChEBI:16941	MetaCyc:CIS-12-DIHYDROXY-12-DIHYDRODIBENZOTHIO;ChEBI:16941	KEGG:C06721	KEGG:C06721	GC	MetaCyc:CIS-12-DIHYDROXY-12-DIHYDRODIBENZOTHIO@Charged	MetaCyc:CIS-12-DIHYDROXY-12-DIHYDRODIBENZOTHIO@Charged	eQuilibrator:MNXM4525
cpd04110	MetaCyc:12-DIHYDROXYDIBENZOTHIOPHENE;KEGG:C06722;ChEBI:17212	MetaCyc:12-DIHYDROXYDIBENZOTHIOPHENE;KEGG:C06722;ChEBI:17212	MetaCyc:12-DIHYDROXYDIBENZOTHIOPHENE;KEGG:C06722;ChEBI:17212	MetaCyc:12-DIHYDROXYDIBENZOTHIOPHENE;KEGG:C06722;ChEBI:17212	KEGG:C06722	KEGG:C06722	GC	MetaCyc:12-DIHYDROXYDIBENZOTHIOPHENE@Charged	MetaCyc:12-DIHYDROXYDIBENZOTHIOPHENE@Charged	eQuilibrator:MNXM4218
cpd04111	MetaCyc:6-CARBOXYHEX-2-ENOYL-COA;KEGG:C06723@Charged	MetaCyc:6-CARBOXYHEX-2-ENOYL-COA;KEGG:C06723@Charged	MetaCyc:6-CARBOXYHEX-2-ENOYL-COA;KEGG:C06723@Charged	MetaCyc:6-CARBOXYHEX-2-ENOYL-COA;KEGG:C06723@Charged	KEGG:C06723	KEGG:C06723	EQ	eQuilibrator:MNXM2771	MetaCyc:6-CARBOXYHEX-2-ENOYL-COA@Charged	eQuilibrator:MNXM2771
cpd04112	MetaCyc:CPD-982@Charged;KEGG:C06725@Charged;ChEBI:16937@Charged	MetaCyc:CPD-982@Charged;KEGG:C06725@Charged;ChEBI:16937@Charged	MetaCyc:CPD-982@Charged;KEGG:C06725@Charged;ChEBI:16937@Charged	MetaCyc:CPD-982@Charged;KEGG:C06725@Charged;ChEBI:16937@Charged	KEGG:C06725	KEGG:C06725	EQ		MetaCyc:CPD-982@Charged	
cpd04113	MetaCyc:CPD-981;KEGG:C06726;ChEBI:17143	MetaCyc:CPD-981;KEGG:C06726;ChEBI:17143	MetaCyc:CPD-981;KEGG:C06726;ChEBI:17143	MetaCyc:CPD-981;KEGG:C06726;ChEBI:17143	KEGG:C06726	KEGG:C06726	EQ	eQuilibrator:MNXM3501	KEGG:C06726@Charged	eQuilibrator:MNXM3501
cpd04114	MetaCyc:CIS-12-DIHYDRO-3-ETHYLCATECHOL;KEGG:C06727;ChEBI:16843	MetaCyc:CIS-12-DIHYDRO-3-ETHYLCATECHOL;KEGG:C06727;ChEBI:16843	MetaCyc:CIS-12-DIHYDRO-3-ETHYLCATECHOL;KEGG:C06727;ChEBI:16843	MetaCyc:CIS-12-DIHYDRO-3-ETHYLCATECHOL;KEGG:C06727;ChEBI:16843	KEGG:C06727	KEGG:C06727	EQ	eQuilibrator:MNXM3563	MetaCyc:CIS-12-DIHYDRO-3-ETHYLCATECHOL@Charged	eQuilibrator:MNXM3563
cpd04115	MetaCyc:3-ETHYLCATECHOL;KEGG:C06728;ChEBI:16572	MetaCyc:3-ETHYLCATECHOL;KEGG:C06728;ChEBI:16572	MetaCyc:3-ETHYLCATECHOL;KEGG:C06728;ChEBI:16572	MetaCyc:3-ETHYLCATECHOL;KEGG:C06728;ChEBI:16572	KEGG:C06728	KEGG:C06728	EQ	eQuilibrator:MNXM3484	MetaCyc:3-ETHYLCATECHOL@Charged	eQuilibrator:MNXM3484
cpd04116	MetaCyc:CIS-12-DIHYDROXY-ETCETERA-CARBOXYLATE;KEGG:C06729@Charged	MetaCyc:CIS-12-DIHYDROXY-ETCETERA-CARBOXYLATE;KEGG:C06729@Charged	MetaCyc:CIS-12-DIHYDROXY-ETCETERA-CARBOXYLATE;KEGG:C06729@Charged	MetaCyc:CIS-12-DIHYDROXY-ETCETERA-CARBOXYLATE;KEGG:C06729@Charged	KEGG:C06729	KEGG:C06729	GC	KEGG:C06729@Charged	KEGG:C06729@Charged	
cpd04117	MetaCyc:4-METHYLCATECHOL;KEGG:C06730;ChEBI:17254	MetaCyc:4-METHYLCATECHOL;KEGG:C06730;ChEBI:17254	MetaCyc:4-METHYLCATECHOL;KEGG:C06730;ChEBI:17254	MetaCyc:4-METHYLCATECHOL;KEGG:C06730;ChEBI:17254	KEGG:C06730	KEGG:C06730	EQ	eQuilibrator:MNXM961	MetaCyc:4-METHYLCATECHOL@Charged	eQuilibrator:MNXM961
cpd04118	MetaCyc:12-DIHYDROXY-6-METHYLCYCLOHEXA-35-DIEN;KEGG:C06731@Charged;ChEBI:57640	MetaCyc:12-DIHYDROXY-6-METHYLCYCLOHEXA-35-DIEN;KEGG:C06731@Charged;ChEBI:57640	MetaCyc:12-DIHYDROXY-6-METHYLCYCLOHEXA-35-DIEN;KEGG:C06731@Charged;ChEBI:57640	MetaCyc:12-DIHYDROXY-6-METHYLCYCLOHEXA-35-DIEN;KEGG:C06731@Charged;ChEBI:57640	KEGG:C06731	KEGG:C06731	EQ	eQuilibrator:MNXM2307	KEGG:C06731@Charged	eQuilibrator:MNXM2307
cpd04119	KEGG:C06732;ChEBI:78216	KEGG:C06732;ChEBI:78216	KEGG:C06732;ChEBI:78216	KEGG:C06732@Charged;ChEBI:78216	KEGG:C06732	KEGG:C06732	GC	KEGG:C06732@Charged	KEGG:C06732@Charged	
cpd04120	MetaCyc:8-APO-BETA-CAROTENOL;KEGG:C06733;ChEBI:18092	MetaCyc:8-APO-BETA-CAROTENOL;KEGG:C06733;ChEBI:18092	MetaCyc:8-APO-BETA-CAROTENOL;KEGG:C06733;ChEBI:18092	MetaCyc:8-APO-BETA-CAROTENOL;KEGG:C06733;ChEBI:18092	KEGG:C06733	KEGG:C06733	EQ	eQuilibrator:MNXM3886	KEGG:C06733@Charged	eQuilibrator:MNXM3886
cpd04121	MetaCyc:14-APO-BETA-CAROTENAL;KEGG:C06734;ChEBI:17457	MetaCyc:14-APO-BETA-CAROTENAL;KEGG:C06734;ChEBI:17457	MetaCyc:14-APO-BETA-CAROTENAL;KEGG:C06734;ChEBI:17457	MetaCyc:14-APO-BETA-CAROTENAL;KEGG:C06734;ChEBI:17457		KEGG:C06734	EQ	eQuilibrator:MNXM3791	KEGG:C06734@Charged	eQuilibrator:MNXM3791
cpd04122	MetaCyc:CPD-1772;KEGG:C06735@Charged;ChEBI:58213	MetaCyc:CPD-1772;KEGG:C06735@Charged;ChEBI:58213	MetaCyc:CPD-1772;KEGG:C06735@Charged;ChEBI:58213	MetaCyc:CPD-1772;KEGG:C06735@Charged;ChEBI:58213	KEGG:C06735	KEGG:C06735	EQ	eQuilibrator:MNXM2212	KEGG:C06735@Charged	eQuilibrator:MNXM2212
cpd04123	MetaCyc:E-11-TETRADECENOYL-COA;KEGG:C06736@Charged	MetaCyc:E-11-TETRADECENOYL-COA;KEGG:C06736@Charged	MetaCyc:E-11-TETRADECENOYL-COA;KEGG:C06736@Charged	MetaCyc:E-11-TETRADECENOYL-COA;KEGG:C06736@Charged	KEGG:C06736	KEGG:C06736	EQ	eQuilibrator:MNXM2437	KEGG:C06736@Charged	eQuilibrator:MNXM2437
cpd04124	MetaCyc:Z-11-TETRADECENOYL-COA;KEGG:C06737@Charged	MetaCyc:Z-11-TETRADECENOYL-COA;KEGG:C06737@Charged	MetaCyc:Z-11-TETRADECENOYL-COA;KEGG:C06737@Charged	MetaCyc:Z-11-TETRADECENOYL-COA;KEGG:C06737@Charged	KEGG:C06737	KEGG:C06737	EQ	eQuilibrator:MNXM2355	KEGG:C06737@Charged	eQuilibrator:MNXM2355
cpd04125	MetaCyc:CIS-P-COUMARATE;KEGG:C06738@Charged;ChEBI:58152	MetaCyc:CIS-P-COUMARATE;KEGG:C06738@Charged;ChEBI:58152	MetaCyc:CIS-P-COUMARATE;KEGG:C06738@Charged;ChEBI:58152	MetaCyc:CIS-P-COUMARATE;KEGG:C06738@Charged;ChEBI:58152	KEGG:C06738	KEGG:C06738	EQ	eQuilibrator:MNXM5088	MetaCyc:CIS-P-COUMARATE@Charged	eQuilibrator:MNXM5088
cpd04126	MetaCyc:CPD-945;KEGG:C06742@Charged;ChEBI:18218	MetaCyc:CPD-945;KEGG:C06742@Charged;ChEBI:18218	MetaCyc:CPD-945;KEGG:C06742@Charged;ChEBI:18218	MetaCyc:CPD-945;KEGG:C06742@Charged;ChEBI:18218	KEGG:C06742	KEGG:C06742	GC	KEGG:C06742@Charged	KEGG:C06742@Charged	eQuilibrator:MNXM3798
cpd04127	MetaCyc:N-ACETYLPHENYLETHYLAMINE;KEGG:C06746;ChEBI:18177	MetaCyc:N-ACETYLPHENYLETHYLAMINE;KEGG:C06746;ChEBI:18177	MetaCyc:N-ACETYLPHENYLETHYLAMINE;KEGG:C06746;ChEBI:18177	MetaCyc:N-ACETYLPHENYLETHYLAMINE;KEGG:C06746;ChEBI:18177	KEGG:C06746	KEGG:C06746	EQ	eQuilibrator:MNXM4054	KEGG:C06746@Charged	eQuilibrator:MNXM4054
cpd04128	MetaCyc:CPD-5541;KEGG:C06747	MetaCyc:CPD-5541;KEGG:C06747	MetaCyc:CPD-5541;KEGG:C06747	MetaCyc:CPD-5541;KEGG:C06747	KEGG:C06747		GC	KEGG:C06747@Charged	KEGG:C06747@Charged	
cpd04129	MetaCyc:ISOPROPYLAMINE;KEGG:C06748@Charged;ChEBI:57492	MetaCyc:ISOPROPYLAMINE;KEGG:C06748@Charged;ChEBI:57492	MetaCyc:ISOPROPYLAMINE;KEGG:C06748@Charged;ChEBI:57492	MetaCyc:ISOPROPYLAMINE;KEGG:C06748@Charged;ChEBI:57492		KEGG:C06748	EQ	eQuilibrator:MNXM2831	KEGG:C06748@Charged	eQuilibrator:MNXM2831
cpd04130	MetaCyc:6-HYDROXYCYCLOHEX-1-ENE-1-CARBONYL-COA;KEGG:C06749@Charged;ChEBI:57361	MetaCyc:6-HYDROXYCYCLOHEX-1-ENE-1-CARBONYL-COA;KEGG:C06749@Charged;ChEBI:57361	MetaCyc:6-HYDROXYCYCLOHEX-1-ENE-1-CARBONYL-COA;KEGG:C06749@Charged;ChEBI:57361	MetaCyc:6-HYDROXYCYCLOHEX-1-ENE-1-CARBONYL-COA;KEGG:C06749@Charged;ChEBI:57361	KEGG:C06749	KEGG:C06749	EQ	eQuilibrator:MNXM2792	KEGG:C06749@Charged	eQuilibrator:MNXM2792
cpd04131	MetaCyc:S-PRENYL-L-CYSTEINE;KEGG:C06751	MetaCyc:S-PRENYL-L-CYSTEINE;KEGG:C06751	MetaCyc:S-PRENYL-L-CYSTEINE;KEGG:C06751	MetaCyc:S-PRENYL-L-CYSTEINE;KEGG:C06751@Charged	KEGG:C06751	KEGG:C06751	EQ	eQuilibrator:MNXM7757	MetaCyc:S-PRENYL-L-CYSTEINE@Charged	eQuilibrator:MNXM7757
cpd04132	MetaCyc:12-DICHLOROETHANE;KEGG:C06752;ChEBI:27789	MetaCyc:12-DICHLOROETHANE;KEGG:C06752;ChEBI:27789	MetaCyc:12-DICHLOROETHANE;KEGG:C06752;ChEBI:27789	MetaCyc:12-DICHLOROETHANE;KEGG:C06752;ChEBI:27789			EQ	eQuilibrator:MNXM3133	MetaCyc:12-DICHLOROETHANE@Charged	eQuilibrator:MNXM3133
cpd04133	MetaCyc:2-CHLOROETHANOL;KEGG:C06753;ChEBI:28200	MetaCyc:2-CHLOROETHANOL;KEGG:C06753;ChEBI:28200	MetaCyc:2-CHLOROETHANOL;KEGG:C06753;ChEBI:28200	MetaCyc:2-CHLOROETHANOL;KEGG:C06753;ChEBI:28200	KEGG:C06753	KEGG:C06753	EQ	eQuilibrator:MNXM2318	MetaCyc:2-CHLOROETHANOL@Charged	eQuilibrator:MNXM2318
cpd04134	MetaCyc:CHLOROACETALDEHYDE;KEGG:C06754;ChEBI:27871	MetaCyc:CHLOROACETALDEHYDE;KEGG:C06754;ChEBI:27871	MetaCyc:CHLOROACETALDEHYDE;KEGG:C06754;ChEBI:27871	MetaCyc:CHLOROACETALDEHYDE;KEGG:C06754;ChEBI:27871	KEGG:C06754	KEGG:C06754	EQ	eQuilibrator:MNXM1816	MetaCyc:CHLOROACETALDEHYDE@Charged	eQuilibrator:MNXM1816
cpd04135	MetaCyc:CHLOROACETIC-ACID;KEGG:C06755@Charged;ChEBI:23123	MetaCyc:CHLOROACETIC-ACID;KEGG:C06755@Charged;ChEBI:23123	MetaCyc:CHLOROACETIC-ACID;KEGG:C06755@Charged;ChEBI:23123	MetaCyc:CHLOROACETIC-ACID;KEGG:C06755@Charged;ChEBI:23123	KEGG:C06755		EQ	eQuilibrator:MNXM1468	KEGG:C06755@Charged	eQuilibrator:MNXM1468
cpd04136	MetaCyc:CPD-1422;KEGG:C06756;ChEBI:27417	MetaCyc:CPD-1422;KEGG:C06756;ChEBI:27417	MetaCyc:CPD-1422;KEGG:C06756;ChEBI:27417	MetaCyc:CPD-1422;KEGG:C06756;ChEBI:27417			EQ	eQuilibrator:MNXM3685	KEGG:C06756@Charged	eQuilibrator:MNXM3685
cpd04137	MetaCyc:4-METHYLBENZYL-ALCOHOL;KEGG:C06757;ChEBI:1895	MetaCyc:4-METHYLBENZYL-ALCOHOL;KEGG:C06757;ChEBI:1895	MetaCyc:4-METHYLBENZYL-ALCOHOL;KEGG:C06757;ChEBI:1895	MetaCyc:4-METHYLBENZYL-ALCOHOL;KEGG:C06757;ChEBI:1895	KEGG:C06757	KEGG:C06757	EQ	eQuilibrator:MNXM3500	MetaCyc:4-METHYLBENZYL-ALCOHOL@Charged	eQuilibrator:MNXM3500
cpd04138	MetaCyc:CPD-8773;KEGG:C06758	MetaCyc:CPD-8773;KEGG:C06758	MetaCyc:CPD-8773;KEGG:C06758	MetaCyc:CPD-8773;KEGG:C06758		KEGG:C06758	EQ	eQuilibrator:MNXM4077	MetaCyc:CPD-8773@Charged	eQuilibrator:MNXM4077
cpd04139	MetaCyc:CPD-9163@Charged;KEGG:C06760@Charged	MetaCyc:CPD-9163@Charged;KEGG:C06760@Charged	MetaCyc:CPD-9163@Charged;KEGG:C06760@Charged	MetaCyc:CPD-9163@Charged;KEGG:C06760@Charged	KEGG:C06760	KEGG:C06760	EQ		MetaCyc:CPD-9163@Charged	
cpd04140	KEGG:C06761@Charged	KEGG:C06761@Charged	KEGG:C06761@Charged	KEGG:C06761@Charged	KEGG:C06761	KEGG:C06761	EQ	eQuilibrator:MNXM147326	KEGG:C06761@Charged	eQuilibrator:MNXM147326
cpd04141	MetaCyc:CPD-13722;ChEBI:73142	MetaCyc:CPD-13722;ChEBI:73142	MetaCyc:CPD-13722;ChEBI:73142	MetaCyc:CPD-13722;ChEBI:73142	KEGG:C06762	KEGG:C06762	EQ	eQuilibrator:MNXM146248	MetaCyc:CPD-13722@Charged	eQuilibrator:MNXM146248
cpd04142	MetaCyc:CPD-16889@Charged;KEGG:C06763	MetaCyc:CPD-16889@Charged;KEGG:C06763	MetaCyc:CPD-16889@Charged;KEGG:C06763	MetaCyc:CPD-16889@Charged;KEGG:C06763	KEGG:C06763	KEGG:C06763	EQ	eQuilibrator:MNXM588156	MetaCyc:CPD-16889@Charged	eQuilibrator:MNXM588156
cpd04143	MetaCyc:CPD-25716;KEGG:C06764	MetaCyc:CPD-25716;KEGG:C06764	MetaCyc:CPD-25716;KEGG:C06764	MetaCyc:CPD-25716;KEGG:C06764		KEGG:C06764	GC	KEGG:C06764@Charged	KEGG:C06764@Charged	eQuilibrator:MNXM83975
cpd04144	MetaCyc:MOENOMYCIN@Charged;KEGG:C06765@Charged	MetaCyc:MOENOMYCIN@Charged;KEGG:C06765@Charged	MetaCyc:MOENOMYCIN@Charged;KEGG:C06765@Charged	MetaCyc:MOENOMYCIN@Charged;KEGG:C06765@Charged	KEGG:C06765	KEGG:C06765	GC	MetaCyc:MOENOMYCIN@Charged	MetaCyc:MOENOMYCIN@Charged	eQuilibrator:MNXM43293
cpd04145	KEGG:C06767@Charged	KEGG:C06767@Charged	KEGG:C06767@Charged	KEGG:C06767@Charged	KEGG:C06767	KEGG:C06767	GC	KEGG:C06767@Charged	KEGG:C06767@Charged	
cpd04146	MetaCyc:CPD-2002;KEGG:C06769	MetaCyc:CPD-2002;KEGG:C06769	MetaCyc:CPD-2002;KEGG:C06769	MetaCyc:CPD-2002;KEGG:C06769	KEGG:C06769	KEGG:C06769	EQ	eQuilibrator:MNXM13259	KEGG:C06769@Charged	eQuilibrator:MNXM13259
cpd04147	MetaCyc:ACTINOMYCIN-D	MetaCyc:ACTINOMYCIN-D	MetaCyc:ACTINOMYCIN-D	MetaCyc:ACTINOMYCIN-D	KEGG:C06770	KEGG:C06770	GC	MetaCyc:ACTINOMYCIN-D@Charged	MetaCyc:ACTINOMYCIN-D@Charged	
cpd04148	MetaCyc:CPD0-2459;KEGG:C06771@Charged	MetaCyc:CPD0-2459;KEGG:C06771@Charged	MetaCyc:CPD0-2459;KEGG:C06771@Charged	MetaCyc:CPD0-2459;KEGG:C06771@Charged	KEGG:C06771	KEGG:C06771	GC	KEGG:C06771@Charged	KEGG:C06771@Charged	eQuilibrator:MNXM13159
cpd04149	MetaCyc:CPD-25876@Charged;KEGG:C06772@Charged	MetaCyc:CPD-25876@Charged;KEGG:C06772@Charged	MetaCyc:CPD-25876@Charged;KEGG:C06772@Charged	MetaCyc:CPD-25876@Charged;KEGG:C06772@Charged	KEGG:C06772	KEGG:C06772	EQ	eQuilibrator:MNXM7301	KEGG:C06772@Charged	eQuilibrator:MNXM7301
cpd04150	KEGG:C06773@Charged	KEGG:C06773@Charged	KEGG:C06773@Charged	KEGG:C06773@Charged	KEGG:C06773	KEGG:C06773	EQ		KEGG:C06773@Charged	
cpd04151	KEGG:C06774@Charged	KEGG:C06774@Charged	KEGG:C06774@Charged	KEGG:C06774@Charged	KEGG:C06774	KEGG:C06774	EQ		KEGG:C06774@Charged	
cpd04152	KEGG:C06775@Charged	KEGG:C06775@Charged	KEGG:C06775@Charged	KEGG:C06775@Charged	KEGG:C06775	KEGG:C06775	EQ		KEGG:C06775@Charged	
cpd04153	KEGG:C06776@Charged	KEGG:C06776@Charged	KEGG:C06776@Charged	KEGG:C06776@Charged	KEGG:C06776	KEGG:C06776	EQ	eQuilibrator:MNXM33149	KEGG:C06776@Charged	eQuilibrator:MNXM33149
cpd04154	KEGG:C06777@Charged	KEGG:C06777@Charged	KEGG:C06777@Charged	KEGG:C06777@Charged	KEGG:C06777	KEGG:C06777	EQ		KEGG:C06777@Charged	
cpd04155	KEGG:C06778@Charged	KEGG:C06778@Charged	KEGG:C06778@Charged	KEGG:C06778@Charged	KEGG:C06778	KEGG:C06778	EQ	eQuilibrator:MNXM33150	KEGG:C06778@Charged	eQuilibrator:MNXM33150
cpd04156	KEGG:C06779@Charged	KEGG:C06779@Charged	KEGG:C06779@Charged	KEGG:C06779@Charged	KEGG:C06779	KEGG:C06779	EQ	eQuilibrator:MNXM33147	KEGG:C06779@Charged	eQuilibrator:MNXM33147
cpd04157	KEGG:C06780@Charged	KEGG:C06780@Charged	KEGG:C06780@Charged	KEGG:C06780@Charged	KEGG:C06780	KEGG:C06780	EQ		KEGG:C06780@Charged	
cpd04158	KEGG:C06781@Charged	KEGG:C06781@Charged	KEGG:C06781@Charged	KEGG:C06781@Charged	KEGG:C06781	KEGG:C06781	EQ		KEGG:C06781@Charged	
cpd04159	KEGG:C06782	KEGG:C06782	KEGG:C06782	KEGG:C06782@Charged	KEGG:C06782	KEGG:C06782	EQ		KEGG:C06782@Charged	
cpd04160	KEGG:C06783	KEGG:C06783	KEGG:C06783	KEGG:C06783@Charged	KEGG:C06783	KEGG:C06783	GC	KEGG:C06783@Charged	KEGG:C06783@Charged	
cpd04161	KEGG:C06784	KEGG:C06784	KEGG:C06784	KEGG:C06784@Charged	KEGG:C06784	KEGG:C06784	GC	KEGG:C06784@Charged	KEGG:C06784@Charged	
cpd04162	KEGG:C06785	KEGG:C06785	KEGG:C06785	KEGG:C06785@Charged	KEGG:C06785	KEGG:C06785	EQ		KEGG:C06785@Charged	
cpd04163	KEGG:C06786	KEGG:C06786	KEGG:C06786	KEGG:C06786@Charged	KEGG:C06786	KEGG:C06786	GC	KEGG:C06786@Charged	KEGG:C06786@Charged	
cpd04164	KEGG:C06787@Charged	KEGG:C06787@Charged	KEGG:C06787@Charged	KEGG:C06787@Charged	KEGG:C06787	KEGG:C06787	EQ		KEGG:C06787@Charged	
cpd04165	KEGG:C06788@Charged	KEGG:C06788@Charged	KEGG:C06788@Charged	KEGG:C06788@Charged	KEGG:C06788	KEGG:C06788	EQ		KEGG:C06788@Charged	
cpd04166	MetaCyc:TETRACHLOROETHENE;KEGG:C06789;ChEBI:17300	MetaCyc:TETRACHLOROETHENE;KEGG:C06789;ChEBI:17300	MetaCyc:TETRACHLOROETHENE;KEGG:C06789;ChEBI:17300	MetaCyc:TETRACHLOROETHENE;KEGG:C06789;ChEBI:17300			EQ	eQuilibrator:MNXM3102	KEGG:C06789@Charged	eQuilibrator:MNXM3102
cpd04167	MetaCyc:TRICHLOROETHENE;KEGG:C06790;ChEBI:16602	MetaCyc:TRICHLOROETHENE;KEGG:C06790;ChEBI:16602	MetaCyc:TRICHLOROETHENE;KEGG:C06790;ChEBI:16602	MetaCyc:TRICHLOROETHENE;KEGG:C06790;ChEBI:16602			EQ	eQuilibrator:MNXM1198	KEGG:C06790@Charged	eQuilibrator:MNXM1198
cpd04168	MetaCyc:TRANS-12-DCE;KEGG:C06791	MetaCyc:TRANS-12-DCE;KEGG:C06791	MetaCyc:TRANS-12-DCE;KEGG:C06791	MetaCyc:TRANS-12-DCE;KEGG:C06791			EQ	eQuilibrator:MNXM149903	KEGG:C06791@Charged	eQuilibrator:MNXM149903
cpd04169	MetaCyc:DICHLOROETHENE;KEGG:C06792;ChEBI:28805	MetaCyc:DICHLOROETHENE;KEGG:C06792;ChEBI:28805	MetaCyc:DICHLOROETHENE;KEGG:C06792;ChEBI:28805	MetaCyc:DICHLOROETHENE;KEGG:C06792;ChEBI:28805			EQ	eQuilibrator:MNXM3235	KEGG:C06792@Charged	eQuilibrator:MNXM3235
cpd04170	MetaCyc:VINYL-CHLORIDE;KEGG:C06793;ChEBI:28509	MetaCyc:VINYL-CHLORIDE;KEGG:C06793;ChEBI:28509	MetaCyc:VINYL-CHLORIDE;KEGG:C06793;ChEBI:28509	MetaCyc:VINYL-CHLORIDE;KEGG:C06793;ChEBI:28509			EQ	eQuilibrator:MNXM2007	MetaCyc:VINYL-CHLORIDE@Charged	eQuilibrator:MNXM2007
cpd04171	MetaCyc:CPD-13960	MetaCyc:CPD-13960	MetaCyc:CPD-13960	MetaCyc:CPD-13960	KEGG:C06799	KEGG:C06799	GC	MetaCyc:CPD-13960@Charged	MetaCyc:CPD-13960@Charged	
cpd04172	MetaCyc:CPD-4592;ChEBI:2504	MetaCyc:CPD-4592;ChEBI:2504	MetaCyc:CPD-4592;ChEBI:2504	MetaCyc:CPD-4592;ChEBI:2504	KEGG:C06800	KEGG:C06800	GC	MetaCyc:CPD-4592@Charged	MetaCyc:CPD-4592@Charged	eQuilibrator:MNXM3898
cpd04173	MetaCyc:CPD-15533@Charged;KEGG:C06801@Charged;ChEBI:9470@Charged	MetaCyc:CPD-15533@Charged;KEGG:C06801@Charged;ChEBI:9470@Charged	MetaCyc:CPD-15533@Charged;KEGG:C06801@Charged;ChEBI:9470@Charged	MetaCyc:CPD-15533@Charged;KEGG:C06801@Charged;ChEBI:9470@Charged	KEGG:C06801	KEGG:C06801	EQ		KEGG:C06801@Charged	
cpd04174	MetaCyc:CPD-17528;KEGG:C06802;ChEBI:84363@Charged	MetaCyc:CPD-17528;KEGG:C06802;ChEBI:84363@Charged	MetaCyc:CPD-17528;KEGG:C06802;ChEBI:84363@Charged	MetaCyc:CPD-17528;KEGG:C06802;ChEBI:84363@Charged	KEGG:C06802	KEGG:C06802	EQ	eQuilibrator:MNXM39980	MetaCyc:CPD-17528@Charged	eQuilibrator:MNXM39980
cpd04175	KEGG:C06803@Charged	KEGG:C06803@Charged	KEGG:C06803@Charged	KEGG:C06803@Charged	KEGG:C06803	KEGG:C06803	EQ	eQuilibrator:MNXM151748	KEGG:C06803@Charged	eQuilibrator:MNXM151748
cpd04176	MetaCyc:CPD-7669;KEGG:C06804	MetaCyc:CPD-7669;KEGG:C06804	MetaCyc:CPD-7669;KEGG:C06804	MetaCyc:CPD-7669;KEGG:C06804	KEGG:C06804	KEGG:C06804	EQ	eQuilibrator:MNXM1944	MetaCyc:CPD-7669@Charged	eQuilibrator:MNXM1944
cpd04177	MetaCyc:CPD0-1626@Charged;KEGG:C06805@Charged	MetaCyc:CPD0-1626@Charged;KEGG:C06805@Charged	MetaCyc:CPD0-1626@Charged;KEGG:C06805@Charged	MetaCyc:CPD0-1626@Charged;KEGG:C06805@Charged	KEGG:C06805	KEGG:C06805	GC	MetaCyc:CPD0-1626@Charged	MetaCyc:CPD0-1626@Charged	
cpd04178	KEGG:C06806@Charged	KEGG:C06806@Charged	KEGG:C06806@Charged	KEGG:C06806@Charged	KEGG:C06806	KEGG:C06806	GC	KEGG:C06806@Charged	KEGG:C06806@Charged	eQuilibrator:MNXM40049
cpd04179	KEGG:C06807@Charged	KEGG:C06807@Charged	KEGG:C06807@Charged	KEGG:C06807@Charged	KEGG:C06807	KEGG:C06807	EQ	eQuilibrator:MNXM40059	KEGG:C06807@Charged	eQuilibrator:MNXM40059
cpd04180	MetaCyc:CPD-20115;KEGG:C06808	MetaCyc:CPD-20115;KEGG:C06808	MetaCyc:CPD-20115;KEGG:C06808	MetaCyc:CPD-20115;KEGG:C06808	KEGG:C06808	KEGG:C06808	GC	KEGG:C06808@Charged	KEGG:C06808@Charged	eQuilibrator:MNXM98608
cpd04181	MetaCyc:CPD-9175@Charged;KEGG:C06809@Charged;ChEBI:78236@Charged	MetaCyc:CPD-9175@Charged;KEGG:C06809@Charged;ChEBI:78236@Charged	MetaCyc:CPD-9175@Charged;KEGG:C06809@Charged;ChEBI:78236@Charged	MetaCyc:CPD-9175@Charged;KEGG:C06809@Charged;ChEBI:78236@Charged	KEGG:C06809	KEGG:C06809	EQ	eQuilibrator:MNXM98606	MetaCyc:CPD-9175@Charged	eQuilibrator:MNXM98606
cpd04182	KEGG:C06810	KEGG:C06810	KEGG:C06810	KEGG:C06810	KEGG:C06810	KEGG:C06810	GC	KEGG:C06810@Charged	KEGG:C06810@Charged	eQuilibrator:MNXM10579
cpd04183	KEGG:C06812@Charged	KEGG:C06812@Charged	KEGG:C06812@Charged	KEGG:C06812@Charged	KEGG:C06812	KEGG:C06812	EQ	eQuilibrator:MNXM527959	KEGG:C06812@Charged	eQuilibrator:MNXM527959
cpd04184	MetaCyc:BENZENE-NO2;KEGG:C06813;ChEBI:27798	MetaCyc:BENZENE-NO2;KEGG:C06813;ChEBI:27798	MetaCyc:BENZENE-NO2;KEGG:C06813;ChEBI:27798	MetaCyc:BENZENE-NO2;KEGG:C06813;ChEBI:27798			GC	MetaCyc:BENZENE-NO2@Charged	MetaCyc:BENZENE-NO2@Charged	eQuilibrator:MNXM5853
cpd04185	MetaCyc:CPD-17006;KEGG:C06814@Charged	MetaCyc:CPD-17006;KEGG:C06814@Charged	MetaCyc:CPD-17006;KEGG:C06814@Charged	MetaCyc:CPD-17006;KEGG:C06814@Charged	KEGG:C06814	KEGG:C06814	EQ	eQuilibrator:MNXM48656	MetaCyc:CPD-17006@Charged	eQuilibrator:MNXM48656
cpd04186	KEGG:C06817	KEGG:C06817	KEGG:C06817	KEGG:C06817	KEGG:C06817	KEGG:C06817	GC	KEGG:C06817@Charged	KEGG:C06817@Charged	
cpd04187	KEGG:C06818@Charged	KEGG:C06818@Charged	KEGG:C06818@Charged	KEGG:C06818@Charged		KEGG:C06818	GC	KEGG:C06818@Charged	KEGG:C06818@Charged	
cpd04188	KEGG:C06819	KEGG:C06819	KEGG:C06819	KEGG:C06819@Charged	KEGG:C06819	KEGG:C06819	GC	KEGG:C06819@Charged	KEGG:C06819@Charged	
cpd04189	MetaCyc:CPD-14197;KEGG:C06820@Charged	MetaCyc:CPD-14197;KEGG:C06820@Charged	MetaCyc:CPD-14197;KEGG:C06820@Charged	MetaCyc:CPD-14197;KEGG:C06820@Charged	KEGG:C06820	KEGG:C06820	EQ	eQuilibrator:MNXM94423	KEGG:C06820@Charged	eQuilibrator:MNXM94423
cpd04190	MetaCyc:CPD-10324@Charged;KEGG:C06821@Charged	MetaCyc:CPD-10324@Charged;KEGG:C06821@Charged	MetaCyc:CPD-10324@Charged;KEGG:C06821@Charged	MetaCyc:CPD-10324@Charged;KEGG:C06821@Charged	KEGG:C06821	KEGG:C06821	EQ	eQuilibrator:MNXM41784	KEGG:C06821@Charged	eQuilibrator:MNXM41784
cpd04191	MetaCyc:CPD-20535@Charged;KEGG:C06823@Charged	MetaCyc:CPD-20535@Charged;KEGG:C06823@Charged	MetaCyc:CPD-20535@Charged;KEGG:C06823@Charged	MetaCyc:CPD-20535@Charged;KEGG:C06823@Charged		KEGG:C06823	GC	MetaCyc:CPD-20535@Charged	MetaCyc:CPD-20535@Charged	eQuilibrator:MNXM41891
cpd04192	KEGG:C06824@Charged	KEGG:C06824@Charged	KEGG:C06824@Charged	KEGG:C06824@Charged		KEGG:C06824	GC	KEGG:C06824@Charged	KEGG:C06824@Charged	eQuilibrator:MNXM41899
cpd04193	KEGG:C06825@Charged	KEGG:C06825@Charged	KEGG:C06825@Charged	KEGG:C06825@Charged		KEGG:C06825	EQ	eQuilibrator:MNXM41904	KEGG:C06825@Charged	eQuilibrator:MNXM41904
cpd04194	MetaCyc:CPD0-2608;KEGG:C06827	MetaCyc:CPD0-2608;KEGG:C06827	MetaCyc:CPD0-2608;KEGG:C06827	MetaCyc:CPD0-2608;KEGG:C06827@Charged	KEGG:C06827	KEGG:C06827	GC	KEGG:C06827@Charged	KEGG:C06827@Charged	eQuilibrator:MNXM152240
cpd04195	KEGG:C06830	KEGG:C06830	KEGG:C06830	KEGG:C06830	KEGG:C06830	KEGG:C06830	GC	KEGG:C06830@Charged	KEGG:C06830@Charged	
cpd04196	KEGG:C06831	KEGG:C06831	KEGG:C06831	KEGG:C06831	KEGG:C06831	KEGG:C06831	GC	KEGG:C06831@Charged	KEGG:C06831@Charged	
cpd04197	MetaCyc:CPD-20529@Charged;KEGG:C06832@Charged	MetaCyc:CPD-20529@Charged;KEGG:C06832@Charged	MetaCyc:CPD-20529@Charged;KEGG:C06832@Charged	MetaCyc:CPD-20529@Charged;KEGG:C06832@Charged		KEGG:C06832	GC	KEGG:C06832@Charged	KEGG:C06832@Charged	eQuilibrator:MNXM42864
cpd04198	KEGG:C06834@Charged	KEGG:C06834@Charged	KEGG:C06834@Charged	KEGG:C06834@Charged	KEGG:C06834	KEGG:C06834	EQ	eQuilibrator:MNXM152453	KEGG:C06834@Charged	eQuilibrator:MNXM152453
cpd04199	MetaCyc:CPD-13808	MetaCyc:CPD-13808	MetaCyc:CPD-13808	MetaCyc:CPD-13808	KEGG:C06838	KEGG:C06838	GC	MetaCyc:CPD-13808@Charged	MetaCyc:CPD-13808@Charged	eQuilibrator:MNXM16202
cpd04200	MetaCyc:CPD-21145;KEGG:C06839@Charged	MetaCyc:CPD-21145;KEGG:C06839@Charged	MetaCyc:CPD-21145;KEGG:C06839@Charged	MetaCyc:CPD-21145;KEGG:C06839@Charged	KEGG:C06839	KEGG:C06839	GC	KEGG:C06839@Charged	KEGG:C06839@Charged	eQuilibrator:MNXM152501
cpd04201	MetaCyc:CPD-9235@Charged;KEGG:C06840@Charged	MetaCyc:CPD-9235@Charged;KEGG:C06840@Charged	MetaCyc:CPD-9235@Charged;KEGG:C06840@Charged	MetaCyc:CPD-9235@Charged;KEGG:C06840@Charged	KEGG:C06840	KEGG:C06840	GC	KEGG:C06840@Charged	KEGG:C06840@Charged	eQuilibrator:MNXM102946
cpd04202	KEGG:C06842	KEGG:C06842	KEGG:C06842	KEGG:C06842	KEGG:C06842	KEGG:C06842	GC	KEGG:C06842@Charged	KEGG:C06842@Charged	eQuilibrator:MNXM43384
cpd04203	MetaCyc:CPD-15329;KEGG:C06843@Charged	MetaCyc:CPD-15329;KEGG:C06843@Charged	MetaCyc:CPD-15329;KEGG:C06843@Charged	MetaCyc:CPD-15329;KEGG:C06843@Charged	KEGG:C06843	KEGG:C06843	EQ	eQuilibrator:MNXM43427	KEGG:C06843@Charged	eQuilibrator:MNXM43427
cpd04204	KEGG:C06846@Charged	KEGG:C06846@Charged	KEGG:C06846@Charged	KEGG:C06846@Charged		KEGG:C06846	GC	KEGG:C06846@Charged	KEGG:C06846@Charged	eQuilibrator:MNXM43491
cpd04205	KEGG:C06847@Charged	KEGG:C06847@Charged	KEGG:C06847@Charged	KEGG:C06847@Charged		KEGG:C06847	EQ	eQuilibrator:MNXM43695	KEGG:C06847@Charged	eQuilibrator:MNXM43695
cpd04206	KEGG:C06849@Charged	KEGG:C06849@Charged	KEGG:C06849@Charged	KEGG:C06849@Charged	KEGG:C06849	KEGG:C06849	EQ	eQuilibrator:MNXM44206	KEGG:C06849@Charged	eQuilibrator:MNXM44206
cpd04207	KEGG:C06850	KEGG:C06850	KEGG:C06850	KEGG:C06850	KEGG:C06850		GC	KEGG:C06850@Charged	KEGG:C06850@Charged	eQuilibrator:MNXM44208
cpd04208	KEGG:C06852@Charged	KEGG:C06852@Charged	KEGG:C06852@Charged	KEGG:C06852@Charged	KEGG:C06852	KEGG:C06852	EQ	eQuilibrator:MNXM723645	KEGG:C06852@Charged	eQuilibrator:MNXM723645
cpd04209	KEGG:C06853@Charged	KEGG:C06853@Charged	KEGG:C06853@Charged	KEGG:C06853@Charged	KEGG:C06853	KEGG:C06853	EQ	eQuilibrator:MNXM44470	KEGG:C06853@Charged	eQuilibrator:MNXM44470
cpd04210	MetaCyc:CPD-13136;KEGG:C06854@Charged	MetaCyc:CPD-13136;KEGG:C06854@Charged	MetaCyc:CPD-13136;KEGG:C06854@Charged	MetaCyc:CPD-13136;KEGG:C06854@Charged	KEGG:C06854	KEGG:C06854	GC	MetaCyc:CPD-13136@Charged	MetaCyc:CPD-13136@Charged	eQuilibrator:MNXM44486
cpd04211	KEGG:C06855	KEGG:C06855	KEGG:C06855	KEGG:C06855	KEGG:C06855		GC	KEGG:C06855@Charged	KEGG:C06855@Charged	eQuilibrator:MNXM44686
cpd04212	KEGG:C06856	KEGG:C06856	KEGG:C06856	KEGG:C06856	KEGG:C06856	KEGG:C06856	GC	KEGG:C06856@Charged	KEGG:C06856@Charged	eQuilibrator:MNXM44764
cpd04213	KEGG:C06857@Charged	KEGG:C06857@Charged	KEGG:C06857@Charged	KEGG:C06857@Charged		KEGG:C06857	GC	KEGG:C06857@Charged	KEGG:C06857@Charged	eQuilibrator:MNXM44799
cpd04214	MetaCyc:CPD-3481;KEGG:C06860@Charged	MetaCyc:CPD-3481;KEGG:C06860@Charged	MetaCyc:CPD-3481;KEGG:C06860@Charged	MetaCyc:CPD-3481;KEGG:C06860@Charged	KEGG:C06860	KEGG:C06860	EQ	eQuilibrator:MNXM97214	MetaCyc:CPD-3481@Charged	eQuilibrator:MNXM97214
cpd04215	KEGG:C06861@Charged	KEGG:C06861@Charged	KEGG:C06861@Charged	KEGG:C06861@Charged		KEGG:C06861	GC	KEGG:C06861@Charged	KEGG:C06861@Charged	eQuilibrator:MNXM44938
cpd04216	KEGG:C06863@Charged	KEGG:C06863@Charged	KEGG:C06863@Charged	KEGG:C06863@Charged	KEGG:C06863	KEGG:C06863	GC	KEGG:C06863@Charged	KEGG:C06863@Charged	
cpd04217	KEGG:C06865@Charged	KEGG:C06865@Charged	KEGG:C06865@Charged	KEGG:C06865@Charged	KEGG:C06865	KEGG:C06865	GC	KEGG:C06865@Charged	KEGG:C06865@Charged	eQuilibrator:MNXM94678
cpd04218	MetaCyc:CAPSAICIN;KEGG:C06866;ChEBI:3374	MetaCyc:CAPSAICIN;KEGG:C06866;ChEBI:3374	MetaCyc:CAPSAICIN;KEGG:C06866;ChEBI:3374	MetaCyc:CAPSAICIN;KEGG:C06866;ChEBI:3374	KEGG:C06866	KEGG:C06866	EQ	eQuilibrator:MNXM10879	MetaCyc:CAPSAICIN@Charged	eQuilibrator:MNXM10879
cpd04219	KEGG:C06868	KEGG:C06868	KEGG:C06868	KEGG:C06868	KEGG:C06868	KEGG:C06868	EQ	eQuilibrator:MNXM5653	KEGG:C06868@Charged	eQuilibrator:MNXM5653
cpd04220	MetaCyc:CPD-9218;KEGG:C06869@Charged	MetaCyc:CPD-9218;KEGG:C06869@Charged	MetaCyc:CPD-9218;KEGG:C06869@Charged	MetaCyc:CPD-9218;KEGG:C06869@Charged	KEGG:C06869	KEGG:C06869	GC	MetaCyc:CPD-9218@Charged	MetaCyc:CPD-9218@Charged	eQuilibrator:MNXM153143
cpd04221	KEGG:C06870	KEGG:C06870	KEGG:C06870	KEGG:C06870@Charged	KEGG:C06870	KEGG:C06870	GC	KEGG:C06870@Charged	KEGG:C06870@Charged	
cpd04222	KEGG:C06871@Charged	KEGG:C06871@Charged	KEGG:C06871@Charged	KEGG:C06871@Charged		KEGG:C06871	GC	KEGG:C06871@Charged	KEGG:C06871@Charged	eQuilibrator:MNXM94587
cpd04223	KEGG:C06872@Charged	KEGG:C06872@Charged	KEGG:C06872@Charged	KEGG:C06872@Charged	KEGG:C06872	KEGG:C06872	GC	KEGG:C06872@Charged	KEGG:C06872@Charged	
cpd04224	KEGG:C06874@Charged	KEGG:C06874@Charged	KEGG:C06874@Charged	KEGG:C06874@Charged	KEGG:C06874	KEGG:C06874	EQ	eQuilibrator:MNXM153186	KEGG:C06874@Charged	eQuilibrator:MNXM153186
cpd04225	KEGG:C06875@Charged	KEGG:C06875@Charged	KEGG:C06875@Charged	KEGG:C06875@Charged	KEGG:C06875	KEGG:C06875	EQ	eQuilibrator:MNXM45734	KEGG:C06875@Charged	eQuilibrator:MNXM45734
cpd04226	MetaCyc:NITROSOBENZENE;KEGG:C06876;ChEBI:27986	MetaCyc:NITROSOBENZENE;KEGG:C06876;ChEBI:27986	MetaCyc:NITROSOBENZENE;KEGG:C06876;ChEBI:27986	MetaCyc:NITROSOBENZENE;KEGG:C06876;ChEBI:27986		KEGG:C06876	GC	MetaCyc:NITROSOBENZENE@Charged	MetaCyc:NITROSOBENZENE@Charged	
cpd04227	MetaCyc:CPD0-2610;KEGG:C06877	MetaCyc:CPD0-2610;KEGG:C06877	MetaCyc:CPD0-2610;KEGG:C06877	MetaCyc:CPD0-2610;KEGG:C06877@Charged	KEGG:C06877	KEGG:C06877	GC	KEGG:C06877@Charged	KEGG:C06877@Charged	eQuilibrator:MNXM45941
cpd04228	MetaCyc:CPD0-2070;KEGG:C06878	MetaCyc:CPD0-2070;KEGG:C06878	MetaCyc:CPD0-2070;KEGG:C06878	MetaCyc:CPD0-2070@Charged;KEGG:C06878@Charged	KEGG:C06878	KEGG:C06878	GC	MetaCyc:CPD0-2070@Charged	MetaCyc:CPD0-2070@Charged	eQuilibrator:MNXM45942
cpd04229	MetaCyc:CPD0-2066@Charged;KEGG:C06879@Charged	MetaCyc:CPD0-2066@Charged;KEGG:C06879@Charged	MetaCyc:CPD0-2066@Charged;KEGG:C06879@Charged	MetaCyc:CPD0-2066@Charged;KEGG:C06879@Charged	KEGG:C06879	KEGG:C06879	GC	KEGG:C06879@Charged	KEGG:C06879@Charged	
cpd04230	MetaCyc:CPD0-2614@Charged;KEGG:C06880@Charged	MetaCyc:CPD0-2614@Charged;KEGG:C06880@Charged	MetaCyc:CPD0-2614@Charged;KEGG:C06880@Charged	MetaCyc:CPD0-2614@Charged;KEGG:C06880@Charged	KEGG:C06880	KEGG:C06880	GC	MetaCyc:CPD0-2614@Charged	MetaCyc:CPD0-2614@Charged	
cpd04231	KEGG:C06881@Charged	KEGG:C06881@Charged	KEGG:C06881@Charged	KEGG:C06881@Charged	KEGG:C06881	KEGG:C06881	GC	KEGG:C06881@Charged	KEGG:C06881@Charged	eQuilibrator:MNXM45967
cpd04232	KEGG:C06882@Charged	KEGG:C06882@Charged	KEGG:C06882@Charged	KEGG:C06882@Charged	KEGG:C06882	KEGG:C06882	GC	KEGG:C06882@Charged	KEGG:C06882@Charged	
cpd04233	MetaCyc:CPD-19953@Charged;KEGG:C06883@Charged	MetaCyc:CPD-19953@Charged;KEGG:C06883@Charged	MetaCyc:CPD-19953@Charged;KEGG:C06883@Charged	MetaCyc:CPD-19953@Charged;KEGG:C06883@Charged	KEGG:C06883	KEGG:C06883	GC	KEGG:C06883@Charged	KEGG:C06883@Charged	
cpd04234	KEGG:C06884@Charged	KEGG:C06884@Charged	KEGG:C06884@Charged	KEGG:C06884@Charged	KEGG:C06884	KEGG:C06884	GC	KEGG:C06884@Charged	KEGG:C06884@Charged	
cpd04235	MetaCyc:CPD-9232	MetaCyc:CPD-9232	MetaCyc:CPD-9232	MetaCyc:CPD-9232	KEGG:C06885	KEGG:C06885	GC	MetaCyc:CPD-9232@Charged	MetaCyc:CPD-9232@Charged	
cpd04236	KEGG:C06886@Charged	KEGG:C06886@Charged	KEGG:C06886@Charged	KEGG:C06886@Charged	KEGG:C06886	KEGG:C06886	GC	KEGG:C06886@Charged	KEGG:C06886@Charged	
cpd04237	MetaCyc:CPD-9233;KEGG:C06887@Charged	MetaCyc:CPD-9233;KEGG:C06887@Charged	MetaCyc:CPD-9233;KEGG:C06887@Charged	MetaCyc:CPD-9233;KEGG:C06887@Charged	KEGG:C06887	KEGG:C06887	GC	KEGG:C06887@Charged	KEGG:C06887@Charged	eQuilibrator:MNXM153240
cpd04238	KEGG:C06888	KEGG:C06888	KEGG:C06888	KEGG:C06888@Charged	KEGG:C06888	KEGG:C06888	GC	KEGG:C06888@Charged	KEGG:C06888@Charged	eQuilibrator:MNXM46001
cpd04239	KEGG:C06889@Charged	KEGG:C06889@Charged	KEGG:C06889@Charged	KEGG:C06889@Charged	KEGG:C06889	KEGG:C06889	GC	KEGG:C06889@Charged	KEGG:C06889@Charged	eQuilibrator:MNXM153251
cpd04240	KEGG:C06890@Charged	KEGG:C06890@Charged	KEGG:C06890@Charged	KEGG:C06890@Charged	KEGG:C06890	KEGG:C06890	GC	KEGG:C06890@Charged	KEGG:C06890@Charged	eQuilibrator:MNXM153257
cpd04242										
cpd04244	MetaCyc:CPD0-2069;KEGG:C06894@Charged	MetaCyc:CPD0-2069;KEGG:C06894@Charged	MetaCyc:CPD0-2069;KEGG:C06894@Charged	MetaCyc:CPD0-2069;KEGG:C06894@Charged	KEGG:C06894	KEGG:C06894	GC	KEGG:C06894@Charged	KEGG:C06894@Charged	eQuilibrator:MNXM103623
cpd04245	MetaCyc:CPD-9227;KEGG:C06895	MetaCyc:CPD-9227;KEGG:C06895	MetaCyc:CPD-9227;KEGG:C06895	MetaCyc:CPD-9227;KEGG:C06895@Charged	KEGG:C06895	KEGG:C06895	GC	MetaCyc:CPD-9227@Charged	MetaCyc:CPD-9227@Charged	eQuilibrator:MNXM46059
cpd04246	MetaCyc:CPD0-2609;KEGG:C06896@Charged	MetaCyc:CPD0-2609;KEGG:C06896@Charged	MetaCyc:CPD0-2609;KEGG:C06896@Charged	MetaCyc:CPD0-2609;KEGG:C06896@Charged	KEGG:C06896	KEGG:C06896	GC	KEGG:C06896@Charged	KEGG:C06896@Charged	eQuilibrator:MNXM153277
cpd04247	MetaCyc:CPD0-2068;KEGG:C06897	MetaCyc:CPD0-2068;KEGG:C06897	MetaCyc:CPD0-2068;KEGG:C06897	MetaCyc:CPD0-2068;KEGG:C06897@Charged	KEGG:C06897	KEGG:C06897	GC	KEGG:C06897@Charged	KEGG:C06897@Charged	eQuilibrator:MNXM46074
cpd04248	MetaCyc:CPD0-1476;KEGG:C06899	MetaCyc:CPD0-1476;KEGG:C06899	MetaCyc:CPD0-1476;KEGG:C06899	MetaCyc:CPD0-1476;KEGG:C06899	KEGG:C06899	KEGG:C06899	GC	KEGG:C06899@Charged	KEGG:C06899@Charged	
cpd04249	MetaCyc:CPD-20896@Charged;KEGG:C06902@Charged	MetaCyc:CPD-20896@Charged;KEGG:C06902@Charged	MetaCyc:CPD-20896@Charged;KEGG:C06902@Charged	MetaCyc:CPD-20896@Charged;KEGG:C06902@Charged	KEGG:C06902	KEGG:C06902	GC	MetaCyc:CPD-20896@Charged	MetaCyc:CPD-20896@Charged	eQuilibrator:MNXM46355
cpd04250	KEGG:C06905@Charged	KEGG:C06905@Charged	KEGG:C06905@Charged	KEGG:C06905@Charged		KEGG:C06905	GC	KEGG:C06905@Charged	KEGG:C06905@Charged	eQuilibrator:MNXM46503
cpd04251	KEGG:C06906@Charged	KEGG:C06906@Charged	KEGG:C06906@Charged	KEGG:C06906@Charged		KEGG:C06906	GC	KEGG:C06906@Charged	KEGG:C06906@Charged	eQuilibrator:MNXM46513
cpd04252	KEGG:C06909@Charged	KEGG:C06909@Charged	KEGG:C06909@Charged	KEGG:C06909@Charged	KEGG:C06909	KEGG:C06909	GC	KEGG:C06909@Charged	KEGG:C06909@Charged	
cpd04253	KEGG:C06910@Charged	KEGG:C06910@Charged	KEGG:C06910@Charged	KEGG:C06910@Charged	KEGG:C06910	KEGG:C06910	GC	KEGG:C06910@Charged	KEGG:C06910@Charged	
cpd04254	KEGG:C06911@Charged	KEGG:C06911@Charged	KEGG:C06911@Charged	KEGG:C06911@Charged		KEGG:C06911	GC	KEGG:C06911@Charged	KEGG:C06911@Charged	
cpd04255	MetaCyc:CPD-13809@Charged;KEGG:C06912@Charged	MetaCyc:CPD-13809@Charged;KEGG:C06912@Charged	MetaCyc:CPD-13809@Charged;KEGG:C06912@Charged	MetaCyc:CPD-13809@Charged;KEGG:C06912@Charged	KEGG:C06912	KEGG:C06912	GC	KEGG:C06912@Charged	KEGG:C06912@Charged	eQuilibrator:MNXM16725
cpd04256	KEGG:C06913@Charged	KEGG:C06913@Charged	KEGG:C06913@Charged	KEGG:C06913@Charged		KEGG:C06913	GC	KEGG:C06913@Charged	KEGG:C06913@Charged	
cpd04257	MetaCyc:CPD-13892	MetaCyc:CPD-13892	MetaCyc:CPD-13892	MetaCyc:CPD-13892	KEGG:C06914	KEGG:C06914	EQ	eQuilibrator:MNXM103915	MetaCyc:CPD-13892@Charged	eQuilibrator:MNXM103915
cpd04258	MetaCyc:CPD-25082;KEGG:C06915	MetaCyc:CPD-25082;KEGG:C06915	MetaCyc:CPD-25082;KEGG:C06915	MetaCyc:CPD-25082;KEGG:C06915	KEGG:C06915	KEGG:C06915	GC	KEGG:C06915@Charged	KEGG:C06915@Charged	
cpd04259	KEGG:C06916	KEGG:C06916	KEGG:C06916	KEGG:C06916		KEGG:C06916	EQ	eQuilibrator:MNXM47263	KEGG:C06916@Charged	eQuilibrator:MNXM47263
cpd04260	KEGG:C06917@Charged	KEGG:C06917@Charged	KEGG:C06917@Charged	KEGG:C06917@Charged		KEGG:C06917	GC	KEGG:C06917@Charged	KEGG:C06917@Charged	eQuilibrator:MNXM499623
cpd04261	KEGG:C06918@Charged	KEGG:C06918@Charged	KEGG:C06918@Charged	KEGG:C06918@Charged		KEGG:C06918	GC	KEGG:C06918@Charged	KEGG:C06918@Charged	eQuilibrator:MNXM154862
cpd04262	KEGG:C06921@Charged	KEGG:C06921@Charged	KEGG:C06921@Charged	KEGG:C06921@Charged	KEGG:C06921	KEGG:C06921	EQ	eQuilibrator:MNXM154873	KEGG:C06921@Charged	eQuilibrator:MNXM154873
cpd04263	MetaCyc:CPD-8926;KEGG:C06922	MetaCyc:CPD-8926;KEGG:C06922	MetaCyc:CPD-8926;KEGG:C06922	MetaCyc:CPD-8926;KEGG:C06922		KEGG:C06922	EQ	eQuilibrator:MNXM47327	MetaCyc:CPD-8926@Charged	eQuilibrator:MNXM47327
cpd04264	MetaCyc:CPD-9225;KEGG:C06923@Charged	MetaCyc:CPD-9225;KEGG:C06923@Charged	MetaCyc:CPD-9225;KEGG:C06923@Charged	MetaCyc:CPD-9225;KEGG:C06923@Charged	KEGG:C06923	KEGG:C06923	GC	MetaCyc:CPD-9225@Charged	MetaCyc:CPD-9225@Charged	
cpd04265	KEGG:C06924@Charged	KEGG:C06924@Charged	KEGG:C06924@Charged	KEGG:C06924@Charged	KEGG:C06924	KEGG:C06924	EQ	eQuilibrator:MNXM47337	KEGG:C06924@Charged	eQuilibrator:MNXM47337
cpd04266	KEGG:C06926@Charged	KEGG:C06926@Charged	KEGG:C06926@Charged	KEGG:C06926@Charged	KEGG:C06926	KEGG:C06926	GC	KEGG:C06926@Charged	KEGG:C06926@Charged	
cpd04267	KEGG:C06928@Charged	KEGG:C06928@Charged	KEGG:C06928@Charged	KEGG:C06928@Charged	KEGG:C06928	KEGG:C06928	GC	KEGG:C06928@Charged	KEGG:C06928@Charged	eQuilibrator:MNXM507209
cpd04268	KEGG:C06930@Charged	KEGG:C06930@Charged	KEGG:C06930@Charged	KEGG:C06930@Charged		KEGG:C06930	EQ	eQuilibrator:MNXM48043	KEGG:C06930@Charged	eQuilibrator:MNXM48043
cpd04269	KEGG:C06931@Charged	KEGG:C06931@Charged	KEGG:C06931@Charged	KEGG:C06931@Charged		KEGG:C06931	GC	KEGG:C06931@Charged	KEGG:C06931@Charged	eQuilibrator:MNXM48085
cpd04270	KEGG:C06932@Charged	KEGG:C06932@Charged	KEGG:C06932@Charged	KEGG:C06932@Charged	KEGG:C06932	KEGG:C06932	GC	KEGG:C06932@Charged	KEGG:C06932@Charged	eQuilibrator:MNXM48202
cpd04271	KEGG:C06935@Charged	KEGG:C06935@Charged	KEGG:C06935@Charged	KEGG:C06935@Charged		KEGG:C06935	EQ	eQuilibrator:MNXM48283	KEGG:C06935@Charged	eQuilibrator:MNXM48283
cpd04272	KEGG:C06939	KEGG:C06939	KEGG:C06939	KEGG:C06939	KEGG:C06939	KEGG:C06939	GC	KEGG:C06939@Charged	KEGG:C06939@Charged	eQuilibrator:MNXM48748
cpd04273	MetaCyc:CPD-13592;MetaCyc:CPD-3764;KEGG:C06940@Charged	MetaCyc:CPD-13592;MetaCyc:CPD-3764;KEGG:C06940@Charged	MetaCyc:CPD-13592;MetaCyc:CPD-3764;KEGG:C06940@Charged	MetaCyc:CPD-13592;MetaCyc:CPD-3764;KEGG:C06940@Charged	KEGG:C06940	KEGG:C06940	GC	MetaCyc:CPD-13592@Charged	MetaCyc:CPD-13592@Charged	eQuilibrator:MNXM94790
cpd04274	KEGG:C06941	KEGG:C06941	KEGG:C06941	KEGG:C06941	KEGG:C06941	KEGG:C06941	GC	KEGG:C06941@Charged	KEGG:C06941@Charged	eQuilibrator:MNXM48955
cpd04275										
cpd04276	KEGG:C06943@Charged	KEGG:C06943@Charged	KEGG:C06943@Charged	KEGG:C06943@Charged		KEGG:C06943	EQ	eQuilibrator:MNXM94801	KEGG:C06943@Charged	eQuilibrator:MNXM94801
cpd04277	KEGG:C06944@Charged	KEGG:C06944@Charged	KEGG:C06944@Charged	KEGG:C06944@Charged	KEGG:C06944	KEGG:C06944	GC	KEGG:C06944@Charged	KEGG:C06944@Charged	
cpd04278	KEGG:C06946@Charged	KEGG:C06946@Charged	KEGG:C06946@Charged	KEGG:C06946@Charged		KEGG:C06946	GC	KEGG:C06946@Charged	KEGG:C06946@Charged	eQuilibrator:MNXM49242
cpd04279	KEGG:C06947@Charged	KEGG:C06947@Charged	KEGG:C06947@Charged	KEGG:C06947@Charged		KEGG:C06947	GC	KEGG:C06947@Charged	KEGG:C06947@Charged	
cpd04280	KEGG:C06948	KEGG:C06948	KEGG:C06948	KEGG:C06948	KEGG:C06948	KEGG:C06948	EQ	eQuilibrator:MNXM50391	KEGG:C06948@Charged	eQuilibrator:MNXM50391
cpd04281	KEGG:C06949	KEGG:C06949	KEGG:C06949	KEGG:C06949	KEGG:C06949	KEGG:C06949	GC	KEGG:C06949@Charged	KEGG:C06949@Charged	
cpd04282	MetaCyc:CPD-9226	MetaCyc:CPD-9226	MetaCyc:CPD-9226	MetaCyc:CPD-9226	KEGG:C06950	KEGG:C06950	GC	MetaCyc:CPD-9226@Charged	MetaCyc:CPD-9226@Charged	
cpd04283	KEGG:C06951@Charged	KEGG:C06951@Charged	KEGG:C06951@Charged	KEGG:C06951@Charged		KEGG:C06951	GC	KEGG:C06951@Charged	KEGG:C06951@Charged	eQuilibrator:MNXM50563
cpd04284	KEGG:C06953	KEGG:C06953	KEGG:C06953	KEGG:C06953	KEGG:C06953	KEGG:C06953	EQ	eQuilibrator:MNXM50566	KEGG:C06953@Charged	eQuilibrator:MNXM50566
cpd04285	KEGG:C06954@Charged	KEGG:C06954@Charged	KEGG:C06954@Charged	KEGG:C06954@Charged	KEGG:C06954	KEGG:C06954	GC	KEGG:C06954@Charged	KEGG:C06954@Charged	eQuilibrator:MNXM50613
cpd04286	MetaCyc:CPD-22577;KEGG:C06955	MetaCyc:CPD-22577;KEGG:C06955	MetaCyc:CPD-22577;KEGG:C06955	MetaCyc:CPD-22577;KEGG:C06955	KEGG:C06955	KEGG:C06955	GC	KEGG:C06955@Charged	KEGG:C06955@Charged	
cpd04287	MetaCyc:CPD-22580;KEGG:C06956	MetaCyc:CPD-22580;KEGG:C06956	MetaCyc:CPD-22580;KEGG:C06956	MetaCyc:CPD-22580;KEGG:C06956	KEGG:C06956	KEGG:C06956	GC	KEGG:C06956@Charged	KEGG:C06956@Charged	
cpd04288	KEGG:C06957	KEGG:C06957	KEGG:C06957	KEGG:C06957	KEGG:C06957	KEGG:C06957	GC	KEGG:C06957@Charged	KEGG:C06957@Charged	
cpd04289	KEGG:C06958@Charged	KEGG:C06958@Charged	KEGG:C06958@Charged	KEGG:C06958@Charged	KEGG:C06958	KEGG:C06958	GC	KEGG:C06958@Charged	KEGG:C06958@Charged	eQuilibrator:MNXM155412
cpd04290	KEGG:C06961@Charged	KEGG:C06961@Charged	KEGG:C06961@Charged	KEGG:C06961@Charged	KEGG:C06961	KEGG:C06961	EQ	eQuilibrator:MNXM155472	KEGG:C06961@Charged	eQuilibrator:MNXM155472
cpd04291	KEGG:C06963@Charged	KEGG:C06963@Charged	KEGG:C06963@Charged	KEGG:C06963@Charged	KEGG:C06963	KEGG:C06963	EQ	eQuilibrator:MNXM155481	KEGG:C06963@Charged	eQuilibrator:MNXM155481
cpd04292	KEGG:C06965@Charged	KEGG:C06965@Charged	KEGG:C06965@Charged	KEGG:C06965@Charged	KEGG:C06965	KEGG:C06965	GC	KEGG:C06965@Charged	KEGG:C06965@Charged	eQuilibrator:MNXM51274
cpd04293	KEGG:C06967@Charged	KEGG:C06967@Charged	KEGG:C06967@Charged	KEGG:C06967@Charged	KEGG:C06967	KEGG:C06967	EQ	eQuilibrator:MNXM51424	KEGG:C06967@Charged	eQuilibrator:MNXM51424
cpd04294	KEGG:C06969	KEGG:C06969	KEGG:C06969	KEGG:C06969	KEGG:C06969	KEGG:C06969	GC	KEGG:C06969@Charged	KEGG:C06969@Charged	
cpd04295	KEGG:C06970@Charged	KEGG:C06970@Charged	KEGG:C06970@Charged	KEGG:C06970@Charged	KEGG:C06970	KEGG:C06970	GC	KEGG:C06970@Charged	KEGG:C06970@Charged	eQuilibrator:MNXM51586
cpd04296	KEGG:C06971@Charged	KEGG:C06971@Charged	KEGG:C06971@Charged	KEGG:C06971@Charged		KEGG:C06971	GC	KEGG:C06971@Charged	KEGG:C06971@Charged	
cpd04297	MetaCyc:CPD-7172;KEGG:C06972;ChEBI:66964	MetaCyc:CPD-7172;KEGG:C06972;ChEBI:66964	MetaCyc:CPD-7172;KEGG:C06972;ChEBI:66964	MetaCyc:CPD-7172;KEGG:C06972;ChEBI:66964	KEGG:C06972	KEGG:C06972	GC	MetaCyc:CPD-7172@Charged	MetaCyc:CPD-7172@Charged	eQuilibrator:MNXM51614
cpd04298	KEGG:C06973	KEGG:C06973	KEGG:C06973	KEGG:C06973@Charged	KEGG:C06973	KEGG:C06973	GC	KEGG:C06973@Charged	KEGG:C06973@Charged	eQuilibrator:MNXM94867
cpd04299	KEGG:C06975	KEGG:C06975	KEGG:C06975	KEGG:C06975		KEGG:C06975	GC	KEGG:C06975@Charged	KEGG:C06975@Charged	
cpd04300	KEGG:C06976	KEGG:C06976	KEGG:C06976	KEGG:C06976	KEGG:C06976	KEGG:C06976	GC	KEGG:C06976@Charged	KEGG:C06976@Charged	eQuilibrator:MNXM51839
cpd04301	MetaCyc:CPD0-2065@Charged	MetaCyc:CPD0-2065@Charged	MetaCyc:CPD0-2065@Charged	MetaCyc:CPD0-2065@Charged	KEGG:C06977	KEGG:C06977	GC	MetaCyc:CPD0-2065@Charged	MetaCyc:CPD0-2065@Charged	
cpd04302	KEGG:C06978@Charged	KEGG:C06978@Charged	KEGG:C06978@Charged	KEGG:C06978@Charged	KEGG:C06978	KEGG:C06978	EQ	eQuilibrator:MNXM52054	KEGG:C06978@Charged	eQuilibrator:MNXM52054
cpd04303	MetaCyc:CPD-21016;KEGG:C06979	MetaCyc:CPD-21016;KEGG:C06979	MetaCyc:CPD-21016;KEGG:C06979	MetaCyc:CPD-21016@Charged;KEGG:C06979@Charged	KEGG:C06979	KEGG:C06979	EQ	eQuilibrator:MNXM52109	MetaCyc:CPD-21016@Charged	eQuilibrator:MNXM52109
cpd04304	KEGG:C06980@Charged	KEGG:C06980@Charged	KEGG:C06980@Charged	KEGG:C06980@Charged	KEGG:C06980	KEGG:C06980	EQ	eQuilibrator:MNXM52587	KEGG:C06980@Charged	eQuilibrator:MNXM52587
cpd04305	MetaCyc:CPD-23318;KEGG:C06984@Charged	MetaCyc:CPD-23318;KEGG:C06984@Charged	MetaCyc:CPD-23318;KEGG:C06984@Charged	MetaCyc:CPD-23318;KEGG:C06984@Charged	KEGG:C06984	KEGG:C06984	EQ	eQuilibrator:MNXM52682	KEGG:C06984@Charged	eQuilibrator:MNXM52682
cpd04306	KEGG:C06986	KEGG:C06986	KEGG:C06986	KEGG:C06986		KEGG:C06986	GC	KEGG:C06986@Charged	KEGG:C06986@Charged	
cpd04307	KEGG:C06988	KEGG:C06988	KEGG:C06988	KEGG:C06988			EQ	eQuilibrator:MNXM6187	KEGG:C06988@Charged	eQuilibrator:MNXM6187
cpd04308	KEGG:C06989	KEGG:C06989	KEGG:C06989	KEGG:C06989			EQ	eQuilibrator:MNXM7268	KEGG:C06989@Charged	eQuilibrator:MNXM7268
cpd04309	MetaCyc:CHLOROBENZENE;KEGG:C06990;ChEBI:28097	MetaCyc:CHLOROBENZENE;KEGG:C06990;ChEBI:28097	MetaCyc:CHLOROBENZENE;KEGG:C06990;ChEBI:28097	MetaCyc:CHLOROBENZENE;KEGG:C06990;ChEBI:28097			EQ	eQuilibrator:MNXM4523	KEGG:C06990@Charged	eQuilibrator:MNXM4523
cpd04310	KEGG:C06996@Charged	KEGG:C06996@Charged	KEGG:C06996@Charged	KEGG:C06996@Charged		KEGG:C06996	GC	KEGG:C06996@Charged	KEGG:C06996@Charged	eQuilibrator:MNXM53207
cpd04311	MetaCyc:CPD-25174;KEGG:C06997@Charged	MetaCyc:CPD-25174;KEGG:C06997@Charged	MetaCyc:CPD-25174;KEGG:C06997@Charged	MetaCyc:CPD-25174;KEGG:C06997@Charged	KEGG:C06997	KEGG:C06997	EQ	eQuilibrator:MNXM156025	KEGG:C06997@Charged	eQuilibrator:MNXM156025
cpd04312	KEGG:C06999	KEGG:C06999	KEGG:C06999	KEGG:C06999@Charged	KEGG:C06999	KEGG:C06999	EQ	eQuilibrator:MNXM53333	KEGG:C06999@Charged	eQuilibrator:MNXM53333
cpd04313	KEGG:C07001@Charged	KEGG:C07001@Charged	KEGG:C07001@Charged	KEGG:C07001@Charged	KEGG:C07001	KEGG:C07001	GC	KEGG:C07001@Charged	KEGG:C07001@Charged	eQuilibrator:MNXM156088
cpd04314	KEGG:C07004	KEGG:C07004	KEGG:C07004	KEGG:C07004	KEGG:C07004	KEGG:C07004	GC	KEGG:C07004@Charged	KEGG:C07004@Charged	eQuilibrator:MNXM53524
cpd04315	KEGG:C07005	KEGG:C07005	KEGG:C07005	KEGG:C07005	KEGG:C07005	KEGG:C07005	GC	KEGG:C07005@Charged	KEGG:C07005@Charged	eQuilibrator:MNXM53556
cpd04316	KEGG:C07006	KEGG:C07006	KEGG:C07006	KEGG:C07006	KEGG:C07006	KEGG:C07006	GC	KEGG:C07006@Charged	KEGG:C07006@Charged	eQuilibrator:MNXM53566
cpd04317	KEGG:C07010@Charged	KEGG:C07010@Charged	KEGG:C07010@Charged	KEGG:C07010@Charged	KEGG:C07010	KEGG:C07010	GC	KEGG:C07010@Charged	KEGG:C07010@Charged	eQuilibrator:MNXM53664
cpd04318	KEGG:C07014@Charged	KEGG:C07014@Charged	KEGG:C07014@Charged	KEGG:C07014@Charged	KEGG:C07014	KEGG:C07014	EQ	eQuilibrator:MNXM149463	KEGG:C07014@Charged	eQuilibrator:MNXM149463
cpd04319	KEGG:C07016@Charged	KEGG:C07016@Charged	KEGG:C07016@Charged	KEGG:C07016@Charged	KEGG:C07016	KEGG:C07016	GC	KEGG:C07016@Charged	KEGG:C07016@Charged	
cpd04320	KEGG:C07022@Charged	KEGG:C07022@Charged	KEGG:C07022@Charged	KEGG:C07022@Charged	KEGG:C07022	KEGG:C07022	GC	KEGG:C07022@Charged	KEGG:C07022@Charged	eQuilibrator:MNXM55289
cpd04321	KEGG:C07023@Charged	KEGG:C07023@Charged	KEGG:C07023@Charged	KEGG:C07023@Charged	KEGG:C07023	KEGG:C07023	GC	KEGG:C07023@Charged	KEGG:C07023@Charged	
cpd04322	MetaCyc:CPD-10076@Charged;KEGG:C07024@Charged	MetaCyc:CPD-10076@Charged;KEGG:C07024@Charged	MetaCyc:CPD-10076@Charged;KEGG:C07024@Charged	MetaCyc:CPD-10076@Charged;KEGG:C07024@Charged	KEGG:C07024	KEGG:C07024	EQ	eQuilibrator:MNXM4978	KEGG:C07024@Charged	eQuilibrator:MNXM4978
cpd04323	KEGG:C07025@Charged	KEGG:C07025@Charged	KEGG:C07025@Charged	KEGG:C07025@Charged	KEGG:C07025	KEGG:C07025	GC	KEGG:C07025@Charged	KEGG:C07025@Charged	
cpd04324	MetaCyc:CPD-10079;KEGG:C07026@Charged	MetaCyc:CPD-10079;KEGG:C07026@Charged	MetaCyc:CPD-10079;KEGG:C07026@Charged	MetaCyc:CPD-10079;KEGG:C07026@Charged	KEGG:C07026	KEGG:C07026	GC	MetaCyc:CPD-10079@Charged	MetaCyc:CPD-10079@Charged	
cpd04325	KEGG:C07027@Charged	KEGG:C07027@Charged	KEGG:C07027@Charged	KEGG:C07027@Charged	KEGG:C07027	KEGG:C07027	EQ	eQuilibrator:MNXM6338	KEGG:C07027@Charged	eQuilibrator:MNXM6338
cpd04326	KEGG:C07028@Charged	KEGG:C07028@Charged	KEGG:C07028@Charged	KEGG:C07028@Charged	KEGG:C07028	KEGG:C07028	GC	KEGG:C07028@Charged	KEGG:C07028@Charged	
cpd04327	KEGG:C07029@Charged	KEGG:C07029@Charged	KEGG:C07029@Charged	KEGG:C07029@Charged	KEGG:C07029	KEGG:C07029	GC	KEGG:C07029@Charged	KEGG:C07029@Charged	
cpd04328	KEGG:C07030@Charged	KEGG:C07030@Charged	KEGG:C07030@Charged	KEGG:C07030@Charged	KEGG:C07030	KEGG:C07030	GC	KEGG:C07030@Charged	KEGG:C07030@Charged	
cpd04329	MetaCyc:CPD-10088	MetaCyc:CPD-10088	MetaCyc:CPD-10088	MetaCyc:CPD-10088	KEGG:C07031	KEGG:C07031	GC	MetaCyc:CPD-10088@Charged	MetaCyc:CPD-10088@Charged	
cpd04330	MetaCyc:CPD-10091	MetaCyc:CPD-10091	MetaCyc:CPD-10091	MetaCyc:CPD-10091	KEGG:C07032	KEGG:C07032	GC	MetaCyc:CPD-10091@Charged	MetaCyc:CPD-10091@Charged	
cpd04331	KEGG:C07034@Charged	KEGG:C07034@Charged	KEGG:C07034@Charged	KEGG:C07034@Charged	KEGG:C07034	KEGG:C07034	GC	KEGG:C07034@Charged	KEGG:C07034@Charged	
cpd04332	KEGG:C07035@Charged	KEGG:C07035@Charged	KEGG:C07035@Charged	KEGG:C07035@Charged	KEGG:C07035	KEGG:C07035	GC	KEGG:C07035@Charged	KEGG:C07035@Charged	eQuilibrator:MNXM724784
cpd04333	KEGG:C07036@Charged	KEGG:C07036@Charged	KEGG:C07036@Charged	KEGG:C07036@Charged	KEGG:C07036	KEGG:C07036	EQ	eQuilibrator:MNXM724786	KEGG:C07036@Charged	eQuilibrator:MNXM724786
cpd04334	KEGG:C07037@Charged	KEGG:C07037@Charged	KEGG:C07037@Charged	KEGG:C07037@Charged	KEGG:C07037	KEGG:C07037	EQ	eQuilibrator:MNXM55720	KEGG:C07037@Charged	eQuilibrator:MNXM55720
cpd04335	KEGG:C07040	KEGG:C07040	KEGG:C07040	KEGG:C07040@Charged	KEGG:C07040	KEGG:C07040	GC	KEGG:C07040@Charged	KEGG:C07040@Charged	
cpd04336	KEGG:C07042@Charged	KEGG:C07042@Charged	KEGG:C07042@Charged	KEGG:C07042@Charged	KEGG:C07042	KEGG:C07042	GC	KEGG:C07042@Charged	KEGG:C07042@Charged	
cpd04337	MetaCyc:CPD-23332;KEGG:C07043@Charged	MetaCyc:CPD-23332;KEGG:C07043@Charged	MetaCyc:CPD-23332;KEGG:C07043@Charged	MetaCyc:CPD-23332;KEGG:C07043@Charged	KEGG:C07043	KEGG:C07043	GC	KEGG:C07043@Charged	KEGG:C07043@Charged	eQuilibrator:MNXM56864
cpd04338	MetaCyc:HYDROXY-UREA;KEGG:C07044;ChEBI:44423	MetaCyc:HYDROXY-UREA;KEGG:C07044;ChEBI:44423	MetaCyc:HYDROXY-UREA;KEGG:C07044;ChEBI:44423	MetaCyc:HYDROXY-UREA;KEGG:C07044;ChEBI:44423	KEGG:C07044	KEGG:C07044	GC	KEGG:C07044@Charged	KEGG:C07044@Charged	eQuilibrator:MNXM56954
cpd04339	KEGG:C07045@Charged	KEGG:C07045@Charged	KEGG:C07045@Charged	KEGG:C07045@Charged	KEGG:C07045	KEGG:C07045	EQ	eQuilibrator:MNXM56958	KEGG:C07045@Charged	eQuilibrator:MNXM56958
cpd04340	MetaCyc:CPD-11438@Charged;KEGG:C07049@Charged	MetaCyc:CPD-11438@Charged;KEGG:C07049@Charged	MetaCyc:CPD-11438@Charged;KEGG:C07049@Charged	MetaCyc:CPD-11438@Charged;KEGG:C07049@Charged		KEGG:C07049	GC	MetaCyc:CPD-11438@Charged	MetaCyc:CPD-11438@Charged	eQuilibrator:MNXM57246
cpd04341	KEGG:C07051	KEGG:C07051	KEGG:C07051	KEGG:C07051	KEGG:C07051	KEGG:C07051	EQ		KEGG:C07051@Charged	
cpd04342	KEGG:C07052	KEGG:C07052	KEGG:C07052	KEGG:C07052	KEGG:C07052	KEGG:C07052	GC	KEGG:C07052@Charged	KEGG:C07052@Charged	eQuilibrator:MNXM57684
cpd04343	KEGG:C07053@Charged	KEGG:C07053@Charged	KEGG:C07053@Charged	KEGG:C07053@Charged	KEGG:C07053	KEGG:C07053	EQ	eQuilibrator:MNXM57922	KEGG:C07053@Charged	eQuilibrator:MNXM57922
cpd04344	MetaCyc:ISONIAZIDE;KEGG:C07054	MetaCyc:ISONIAZIDE;KEGG:C07054	MetaCyc:ISONIAZIDE;KEGG:C07054	MetaCyc:ISONIAZIDE;KEGG:C07054	KEGG:C07054	KEGG:C07054	GC	MetaCyc:ISONIAZIDE@Charged	MetaCyc:ISONIAZIDE@Charged	
cpd04345	KEGG:C07055	KEGG:C07055	KEGG:C07055	KEGG:C07055	KEGG:C07055	KEGG:C07055	GC	KEGG:C07055@Charged	KEGG:C07055@Charged	eQuilibrator:MNXM58137
cpd04346	KEGG:C07056@Charged	KEGG:C07056@Charged	KEGG:C07056@Charged	KEGG:C07056@Charged	KEGG:C07056	KEGG:C07056	EQ	eQuilibrator:MNXM156922	KEGG:C07056@Charged	eQuilibrator:MNXM156922
cpd04347	MetaCyc:CPD-25083;KEGG:C07062@Charged	MetaCyc:CPD-25083;KEGG:C07062@Charged	MetaCyc:CPD-25083;KEGG:C07062@Charged	MetaCyc:CPD-25083;KEGG:C07062@Charged	KEGG:C07062	KEGG:C07062	GC	KEGG:C07062@Charged	KEGG:C07062@Charged	eQuilibrator:MNXM156997
cpd04348	KEGG:C07063@Charged	KEGG:C07063@Charged	KEGG:C07063@Charged	KEGG:C07063@Charged	KEGG:C07063	KEGG:C07063	EQ	eQuilibrator:MNXM59601	KEGG:C07063@Charged	eQuilibrator:MNXM59601
cpd04349	MetaCyc:CPD-3561@Charged	MetaCyc:CPD-3561@Charged	MetaCyc:CPD-3561@Charged	MetaCyc:CPD-3561@Charged	KEGG:C07064	KEGG:C07064	GC	MetaCyc:CPD-3561@Charged	MetaCyc:CPD-3561@Charged	
cpd04350	KEGG:C07065	KEGG:C07065	KEGG:C07065	KEGG:C07065	KEGG:C07065	KEGG:C07065	GC	KEGG:C07065@Charged	KEGG:C07065@Charged	eQuilibrator:MNXM59703
cpd04351	MetaCyc:CPD0-1413	MetaCyc:CPD0-1413	MetaCyc:CPD0-1413	MetaCyc:CPD0-1413	KEGG:C07069	KEGG:C07069	GC	MetaCyc:CPD0-1413@Charged	MetaCyc:CPD0-1413@Charged	
cpd04352	KEGG:C07070@Charged	KEGG:C07070@Charged	KEGG:C07070@Charged	KEGG:C07070@Charged		KEGG:C07070	GC	KEGG:C07070@Charged	KEGG:C07070@Charged	eQuilibrator:MNXM724892
cpd04353	KEGG:C07072@Charged;ChEBI:149504	KEGG:C07072@Charged;ChEBI:149504	KEGG:C07072@Charged;ChEBI:149504	KEGG:C07072@Charged;ChEBI:149504	KEGG:C07072	KEGG:C07072	EQ	eQuilibrator:MNXM60367	KEGG:C07072@Charged	eQuilibrator:MNXM60367
cpd04354	KEGG:C07074;ChEBI:40303	KEGG:C07074;ChEBI:40303	KEGG:C07074;ChEBI:40303	KEGG:C07074;ChEBI:40303	KEGG:C07074	KEGG:C07074	GC	KEGG:C07074@Charged	KEGG:C07074@Charged	eQuilibrator:MNXM528020
cpd04355										
cpd04356	KEGG:C07078	KEGG:C07078	KEGG:C07078	KEGG:C07078@Charged	KEGG:C07078	KEGG:C07078	EQ	eQuilibrator:MNXM60305	KEGG:C07078@Charged	eQuilibrator:MNXM60305
cpd04357	KEGG:C07080@Charged	KEGG:C07080@Charged	KEGG:C07080@Charged	KEGG:C07080@Charged	KEGG:C07080	KEGG:C07080	EQ	eQuilibrator:MNXM4038	KEGG:C07080@Charged	eQuilibrator:MNXM4038
cpd04358	MetaCyc:CPD-1092;KEGG:C07083;ChEBI:27452	MetaCyc:CPD-1092;KEGG:C07083;ChEBI:27452	MetaCyc:CPD-1092;KEGG:C07083;ChEBI:27452	MetaCyc:CPD-1092;KEGG:C07083;ChEBI:27452			EQ	eQuilibrator:MNXM2434	KEGG:C07083@Charged	eQuilibrator:MNXM2434
cpd04359	KEGG:C07084	KEGG:C07084	KEGG:C07084	KEGG:C07084	KEGG:C07084	KEGG:C07084	GC	KEGG:C07084@Charged	KEGG:C07084@Charged	
cpd04360	KEGG:C07085	KEGG:C07085	KEGG:C07085	KEGG:C07085	KEGG:C07085	KEGG:C07085	EQ	eQuilibrator:MNXM6850	KEGG:C07085@Charged	eQuilibrator:MNXM6850
cpd04362	KEGG:C07087@Charged	KEGG:C07087@Charged	KEGG:C07087@Charged	KEGG:C07087@Charged	KEGG:C07087	KEGG:C07087	EQ		KEGG:C07087@Charged	
cpd04363	MetaCyc:CPD-11597;KEGG:C07088@Charged	MetaCyc:CPD-11597;KEGG:C07088@Charged	MetaCyc:CPD-11597;KEGG:C07088@Charged	MetaCyc:CPD-11597;KEGG:C07088@Charged	KEGG:C07088	KEGG:C07088	EQ	eQuilibrator:MNXM6521	KEGG:C07088@Charged	eQuilibrator:MNXM6521
cpd04364	KEGG:C07089@Charged	KEGG:C07089@Charged	KEGG:C07089@Charged	KEGG:C07089@Charged	KEGG:C07089	KEGG:C07089	GC	KEGG:C07089@Charged	KEGG:C07089@Charged	
cpd04365	MetaCyc:CPD-10640;KEGG:C07090	MetaCyc:CPD-10640;KEGG:C07090	MetaCyc:CPD-10640;KEGG:C07090	MetaCyc:CPD-10640;KEGG:C07090		KEGG:C07090	EQ	eQuilibrator:MNXM6408	MetaCyc:CPD-10640@Charged	eQuilibrator:MNXM6408
cpd04366	KEGG:C07091@Charged	KEGG:C07091@Charged	KEGG:C07091@Charged	KEGG:C07091@Charged	KEGG:C07091	KEGG:C07091	EQ	eQuilibrator:MNXM11009	KEGG:C07091@Charged	eQuilibrator:MNXM11009
cpd04367	MetaCyc:14-DICHLOROBENZENE;KEGG:C07092	MetaCyc:14-DICHLOROBENZENE;KEGG:C07092	MetaCyc:14-DICHLOROBENZENE;KEGG:C07092	MetaCyc:14-DICHLOROBENZENE;KEGG:C07092			EQ	eQuilibrator:MNXM4219	KEGG:C07092@Charged	eQuilibrator:MNXM4219
cpd04368	MetaCyc:14-DICHLOROBENZENE-DIHYDRODIOL	MetaCyc:14-DICHLOROBENZENE-DIHYDRODIOL	MetaCyc:14-DICHLOROBENZENE-DIHYDRODIOL	MetaCyc:14-DICHLOROBENZENE-DIHYDRODIOL	KEGG:C07093	KEGG:C07093	GC	MetaCyc:14-DICHLOROBENZENE-DIHYDRODIOL@Charged	MetaCyc:14-DICHLOROBENZENE-DIHYDRODIOL@Charged	eQuilibrator:MNXM36140
cpd04369	MetaCyc:36-DICHLOROCATECHOL;KEGG:C07094;ChEBI:77767@Charged	MetaCyc:36-DICHLOROCATECHOL;KEGG:C07094;ChEBI:77767@Charged	MetaCyc:36-DICHLOROCATECHOL;KEGG:C07094;ChEBI:77767@Charged	MetaCyc:36-DICHLOROCATECHOL;KEGG:C07094;ChEBI:77767@Charged	KEGG:C07094	KEGG:C07094	EQ	eQuilibrator:MNXM5500	MetaCyc:36-DICHLOROCATECHOL@Charged	eQuilibrator:MNXM5500
cpd04370	MetaCyc:25-DICHLORO-CISCIS-MUCONATE;KEGG:C07095@Charged;ChEBI:19375	MetaCyc:25-DICHLORO-CISCIS-MUCONATE;KEGG:C07095@Charged;ChEBI:19375	MetaCyc:25-DICHLORO-CISCIS-MUCONATE;KEGG:C07095@Charged;ChEBI:19375	MetaCyc:25-DICHLORO-CISCIS-MUCONATE;KEGG:C07095@Charged;ChEBI:19375	KEGG:C07095		GC	KEGG:C07095@Charged	KEGG:C07095@Charged	eQuilibrator:MNXM5442
cpd04371	MetaCyc:CPD-10865;KEGG:C07096@Charged	MetaCyc:CPD-10865;KEGG:C07096@Charged	MetaCyc:CPD-10865;KEGG:C07096@Charged	MetaCyc:CPD-10865;KEGG:C07096@Charged	KEGG:C07096	KEGG:C07096	EQ	eQuilibrator:MNXM8046	KEGG:C07096@Charged	eQuilibrator:MNXM8046
cpd04372	MetaCyc:26-DICHLORO-P-HYDROQUINONE@Charged;KEGG:C07097;ChEBI:141024@Charged	MetaCyc:26-DICHLORO-P-HYDROQUINONE@Charged;KEGG:C07097;ChEBI:141024@Charged	MetaCyc:26-DICHLORO-P-HYDROQUINONE@Charged;KEGG:C07097;ChEBI:141024@Charged	MetaCyc:26-DICHLORO-P-HYDROQUINONE@Charged;KEGG:C07097;ChEBI:141024@Charged	KEGG:C07097	KEGG:C07097	EQ	eQuilibrator:MNXM2466	MetaCyc:26-DICHLORO-P-HYDROQUINONE@Charged	eQuilibrator:MNXM2466
cpd04373	MetaCyc:TRICHLOROPHENOL;KEGG:C07098@Charged;ChEBI:140426	MetaCyc:TRICHLOROPHENOL;KEGG:C07098@Charged;ChEBI:140426	MetaCyc:TRICHLOROPHENOL;KEGG:C07098@Charged;ChEBI:140426	MetaCyc:TRICHLOROPHENOL;KEGG:C07098@Charged;ChEBI:140426	KEGG:C07098	KEGG:C07098	EQ	eQuilibrator:MNXM4958	KEGG:C07098@Charged	eQuilibrator:MNXM4958
cpd04374	MetaCyc:236-TRICHLOROHYDROQUINONE;KEGG:C07099@Charged;ChEBI:141023	MetaCyc:236-TRICHLOROHYDROQUINONE;KEGG:C07099@Charged;ChEBI:141023	MetaCyc:236-TRICHLOROHYDROQUINONE;KEGG:C07099@Charged;ChEBI:141023	MetaCyc:236-TRICHLOROHYDROQUINONE;KEGG:C07099@Charged;ChEBI:141023	KEGG:C07099	KEGG:C07099	EQ	eQuilibrator:MNXM5434	MetaCyc:236-TRICHLOROHYDROQUINONE@Charged	eQuilibrator:MNXM5434
cpd04375	MetaCyc:CPD-10896;KEGG:C07100@Charged	MetaCyc:CPD-10896;KEGG:C07100@Charged	MetaCyc:CPD-10896;KEGG:C07100@Charged	MetaCyc:CPD-10896;KEGG:C07100@Charged	KEGG:C07100	KEGG:C07100	EQ	eQuilibrator:MNXM6506	KEGG:C07100@Charged	eQuilibrator:MNXM6506
cpd04376	MetaCyc:CPD-10895@Charged;KEGG:C07101	MetaCyc:CPD-10895@Charged;KEGG:C07101	MetaCyc:CPD-10895@Charged;KEGG:C07101	MetaCyc:CPD-10895@Charged;KEGG:C07101	KEGG:C07101	KEGG:C07101	EQ	eQuilibrator:MNXM97124	MetaCyc:CPD-10895@Charged	eQuilibrator:MNXM97124
cpd04377	MetaCyc:CPD-10898;KEGG:C07102	MetaCyc:CPD-10898;KEGG:C07102	MetaCyc:CPD-10898;KEGG:C07102	MetaCyc:CPD-10898;KEGG:C07102	KEGG:C07102	KEGG:C07102	EQ	eQuilibrator:MNXM5011	MetaCyc:CPD-10898@Charged	eQuilibrator:MNXM5011
cpd04378	MetaCyc:HYDROXYBENZOQUINONE@Charged;ChEBI:58474@Charged	MetaCyc:HYDROXYBENZOQUINONE@Charged;ChEBI:58474@Charged	MetaCyc:HYDROXYBENZOQUINONE@Charged;ChEBI:58474@Charged	MetaCyc:HYDROXYBENZOQUINONE@Charged;ChEBI:58474@Charged	KEGG:C07103	KEGG:C07103	EQ		MetaCyc:HYDROXYBENZOQUINONE@Charged	
cpd04379	KEGG:C07104@Charged	KEGG:C07104@Charged	KEGG:C07104@Charged	KEGG:C07104@Charged		KEGG:C07104	EQ	eQuilibrator:MNXM60391	KEGG:C07104@Charged	eQuilibrator:MNXM60391
cpd04380	KEGG:C07106@Charged	KEGG:C07106@Charged	KEGG:C07106@Charged	KEGG:C07106@Charged	KEGG:C07106	KEGG:C07106	GC	KEGG:C07106@Charged	KEGG:C07106@Charged	
cpd04381	KEGG:C07107@Charged	KEGG:C07107@Charged	KEGG:C07107@Charged	KEGG:C07107@Charged		KEGG:C07107	GC	KEGG:C07107@Charged	KEGG:C07107@Charged	
cpd04382	MetaCyc:CPD-4541;KEGG:C07108@Charged	MetaCyc:CPD-4541;KEGG:C07108@Charged	MetaCyc:CPD-4541;KEGG:C07108@Charged	MetaCyc:CPD-4541;KEGG:C07108@Charged		KEGG:C07108	GC	KEGG:C07108@Charged	KEGG:C07108@Charged	eQuilibrator:MNXM2035
cpd04383	MetaCyc:ETHYLBENZENE;KEGG:C07111;ChEBI:16101	MetaCyc:ETHYLBENZENE;KEGG:C07111;ChEBI:16101	MetaCyc:ETHYLBENZENE;KEGG:C07111;ChEBI:16101	MetaCyc:ETHYLBENZENE;KEGG:C07111;ChEBI:16101			EQ	eQuilibrator:MNXM2120	MetaCyc:ETHYLBENZENE@Charged	eQuilibrator:MNXM2120
cpd04384	KEGG:C07112;ChEBI:669	KEGG:C07112;ChEBI:669	KEGG:C07112;ChEBI:669	KEGG:C07112;ChEBI:669	KEGG:C07112	KEGG:C07112	EQ	eQuilibrator:MNXM4946	KEGG:C07112@Charged	eQuilibrator:MNXM4946
cpd04385	MetaCyc:PHENYL;KEGG:C07113;ChEBI:27632	MetaCyc:PHENYL;KEGG:C07113;ChEBI:27632	MetaCyc:PHENYL;KEGG:C07113;ChEBI:27632	MetaCyc:PHENYL;KEGG:C07113;ChEBI:27632	KEGG:C07113	KEGG:C07113	EQ	eQuilibrator:MNXM1719	KEGG:C07113@Charged	eQuilibrator:MNXM1719
cpd04386	MetaCyc:BENZOYL-ACETATE;KEGG:C07114@Charged;ChEBI:22731	MetaCyc:BENZOYL-ACETATE;KEGG:C07114@Charged;ChEBI:22731	MetaCyc:BENZOYL-ACETATE;KEGG:C07114@Charged;ChEBI:22731	MetaCyc:BENZOYL-ACETATE;KEGG:C07114@Charged;ChEBI:22731	KEGG:C07114	KEGG:C07114	EQ	eQuilibrator:MNXM3171	MetaCyc:BENZOYL-ACETATE@Charged	eQuilibrator:MNXM3171
cpd04387	MetaCyc:CPD-23531;KEGG:C07115	MetaCyc:CPD-23531;KEGG:C07115	MetaCyc:CPD-23531;KEGG:C07115	MetaCyc:CPD-23531;KEGG:C07115		KEGG:C07115	EQ	eQuilibrator:MNXM724939	KEGG:C07115@Charged	eQuilibrator:MNXM724939
cpd04388	KEGG:C07116@Charged	KEGG:C07116@Charged	KEGG:C07116@Charged	KEGG:C07116@Charged		KEGG:C07116	EQ	eQuilibrator:MNXM61264	KEGG:C07116@Charged	eQuilibrator:MNXM61264
cpd04389	MetaCyc:CPD-25177;KEGG:C07117@Charged	MetaCyc:CPD-25177;KEGG:C07117@Charged	MetaCyc:CPD-25177;KEGG:C07117@Charged	MetaCyc:CPD-25177;KEGG:C07117@Charged	KEGG:C07117	KEGG:C07117	EQ	eQuilibrator:MNXM106500	KEGG:C07117@Charged	eQuilibrator:MNXM106500
cpd04390	MetaCyc:CPD-514;KEGG:C07118@Charged	MetaCyc:CPD-514;KEGG:C07118@Charged	MetaCyc:CPD-514;KEGG:C07118@Charged	MetaCyc:CPD-514;KEGG:C07118@Charged	KEGG:C07118	KEGG:C07118	EQ	eQuilibrator:MNXM3920	MetaCyc:CPD-514@Charged	eQuilibrator:MNXM3920
cpd04391	KEGG:C07119	KEGG:C07119	KEGG:C07119	KEGG:C07119	KEGG:C07119	KEGG:C07119	GC	KEGG:C07119@Charged	KEGG:C07119@Charged	eQuilibrator:MNXM61289
cpd04392	KEGG:C07120	KEGG:C07120	KEGG:C07120	KEGG:C07120	KEGG:C07120	KEGG:C07120	GC	KEGG:C07120@Charged	KEGG:C07120@Charged	
cpd04393	KEGG:C07123@Charged	KEGG:C07123@Charged	KEGG:C07123@Charged	KEGG:C07123@Charged	KEGG:C07123	KEGG:C07123	EQ		KEGG:C07123@Charged	
cpd04394	KEGG:C07124@Charged	KEGG:C07124@Charged	KEGG:C07124@Charged	KEGG:C07124@Charged	KEGG:C07124	KEGG:C07124	GC	KEGG:C07124@Charged	KEGG:C07124@Charged	
cpd04395	MetaCyc:MENADIOL;KEGG:C07126;ChEBI:6746	MetaCyc:MENADIOL;KEGG:C07126;ChEBI:6746	MetaCyc:MENADIOL;KEGG:C07126;ChEBI:6746	MetaCyc:MENADIOL;KEGG:C07126;ChEBI:6746	KEGG:C07126	KEGG:C07126	EQ	eQuilibrator:MNXM3658	MetaCyc:MENADIOL@Charged	eQuilibrator:MNXM3658
cpd04396	KEGG:C07127@Charged	KEGG:C07127@Charged	KEGG:C07127@Charged	KEGG:C07127@Charged	KEGG:C07127	KEGG:C07127	GC	KEGG:C07127@Charged	KEGG:C07127@Charged	eQuilibrator:MNXM83619
cpd04397	KEGG:C07128@Charged	KEGG:C07128@Charged	KEGG:C07128@Charged	KEGG:C07128@Charged		KEGG:C07128	EQ	eQuilibrator:MNXM61411	KEGG:C07128@Charged	eQuilibrator:MNXM61411
cpd04398	KEGG:C07129@Charged	KEGG:C07129@Charged	KEGG:C07129@Charged	KEGG:C07129@Charged	KEGG:C07129	KEGG:C07129	EQ	eQuilibrator:MNXM83630	KEGG:C07129@Charged	eQuilibrator:MNXM83630
cpd04399	MetaCyc:CPD-12479;KEGG:C07130;ChEBI:28177	MetaCyc:CPD-12479;KEGG:C07130;ChEBI:28177	MetaCyc:CPD-12479;KEGG:C07130;ChEBI:28177	MetaCyc:CPD-12479@Charged;KEGG:C07130@Charged;ChEBI:28177@Charged	KEGG:C07130	KEGG:C07130	EQ	eQuilibrator:MNXM2291	KEGG:C07130@Charged	eQuilibrator:MNXM2291
cpd04400	KEGG:C07132@Charged	KEGG:C07132@Charged	KEGG:C07132@Charged	KEGG:C07132@Charged		KEGG:C07132	EQ	eQuilibrator:MNXM144795	KEGG:C07132@Charged	eQuilibrator:MNXM144795
cpd04401	KEGG:C07139@Charged	KEGG:C07139@Charged	KEGG:C07139@Charged	KEGG:C07139@Charged	KEGG:C07139	KEGG:C07139	GC	KEGG:C07139@Charged	KEGG:C07139@Charged	eQuilibrator:MNXM161626
cpd04402	KEGG:C07140@Charged	KEGG:C07140@Charged	KEGG:C07140@Charged	KEGG:C07140@Charged		KEGG:C07140	GC	KEGG:C07140@Charged	KEGG:C07140@Charged	eQuilibrator:MNXM87213
cpd04403	MetaCyc:CPD-21379@Charged;KEGG:C07141@Charged	MetaCyc:CPD-21379@Charged;KEGG:C07141@Charged	MetaCyc:CPD-21379@Charged;KEGG:C07141@Charged	MetaCyc:CPD-21379@Charged;KEGG:C07141@Charged	KEGG:C07141	KEGG:C07141	GC	KEGG:C07141@Charged	KEGG:C07141@Charged	
cpd04404	KEGG:C07142@Charged	KEGG:C07142@Charged	KEGG:C07142@Charged	KEGG:C07142@Charged	KEGG:C07142	KEGG:C07142	EQ	eQuilibrator:MNXM87354	KEGG:C07142@Charged	eQuilibrator:MNXM87354
cpd04405	MetaCyc:CPD-20534@Charged;KEGG:C07143@Charged	MetaCyc:CPD-20534@Charged;KEGG:C07143@Charged	MetaCyc:CPD-20534@Charged;KEGG:C07143@Charged	MetaCyc:CPD-20534@Charged;KEGG:C07143@Charged	KEGG:C07143	KEGG:C07143	GC	MetaCyc:CPD-20534@Charged	MetaCyc:CPD-20534@Charged	
cpd04406	KEGG:C07144@Charged	KEGG:C07144@Charged	KEGG:C07144@Charged	KEGG:C07144@Charged	KEGG:C07144	KEGG:C07144	EQ	eQuilibrator:MNXM724949	KEGG:C07144@Charged	eQuilibrator:MNXM724949
cpd04407	KEGG:C07146@Charged	KEGG:C07146@Charged	KEGG:C07146@Charged	KEGG:C07146@Charged	KEGG:C07146	KEGG:C07146	EQ	eQuilibrator:MNXM61570	KEGG:C07146@Charged	eQuilibrator:MNXM61570
cpd04408	KEGG:C07147@Charged	KEGG:C07147@Charged	KEGG:C07147@Charged	KEGG:C07147@Charged	KEGG:C07147	KEGG:C07147	EQ	eQuilibrator:MNXM87393	KEGG:C07147@Charged	eQuilibrator:MNXM87393
cpd04409	MetaCyc:CPD-20634@Charged;KEGG:C07148@Charged	MetaCyc:CPD-20634@Charged;KEGG:C07148@Charged	MetaCyc:CPD-20634@Charged;KEGG:C07148@Charged	MetaCyc:CPD-20634@Charged;KEGG:C07148@Charged	KEGG:C07148	KEGG:C07148	GC	MetaCyc:CPD-20634@Charged	MetaCyc:CPD-20634@Charged	eQuilibrator:MNXM5310
cpd04410	MetaCyc:CPD-25147;KEGG:C07149@Charged	MetaCyc:CPD-25147;KEGG:C07149@Charged	MetaCyc:CPD-25147;KEGG:C07149@Charged	MetaCyc:CPD-25147;KEGG:C07149@Charged	KEGG:C07149	KEGG:C07149	EQ	eQuilibrator:MNXM161694	KEGG:C07149@Charged	eQuilibrator:MNXM161694
cpd04411	KEGG:C07151@Charged	KEGG:C07151@Charged	KEGG:C07151@Charged	KEGG:C07151@Charged	KEGG:C07151	KEGG:C07151	GC	KEGG:C07151@Charged	KEGG:C07151@Charged	eQuilibrator:MNXM724952
cpd04412	KEGG:C07153@Charged	KEGG:C07153@Charged	KEGG:C07153@Charged	KEGG:C07153@Charged	KEGG:C07153	KEGG:C07153	GC	KEGG:C07153@Charged	KEGG:C07153@Charged	eQuilibrator:MNXM149702
cpd04413	KEGG:C07155@Charged	KEGG:C07155@Charged	KEGG:C07155@Charged	KEGG:C07155@Charged		KEGG:C07155	GC	KEGG:C07155@Charged	KEGG:C07155@Charged	
cpd04414	KEGG:C07156@Charged	KEGG:C07156@Charged	KEGG:C07156@Charged	KEGG:C07156@Charged		KEGG:C07156	GC	KEGG:C07156@Charged	KEGG:C07156@Charged	
cpd04415	MetaCyc:CPD-866;KEGG:C20271@Charged;ChEBI:64815	MetaCyc:CPD-866;KEGG:C20271@Charged;ChEBI:64815	MetaCyc:CPD-866;KEGG:C20271@Charged;ChEBI:64815	MetaCyc:CPD-866;KEGG:C20271@Charged;ChEBI:64815	KEGG:C07159	KEGG:C07159	EQ	eQuilibrator:MNXM9395	KEGG:C20271@Charged	eQuilibrator:MNXM9395
cpd04416	MetaCyc:CPD-867;KEGG:C07160@Charged;ChEBI:64784	MetaCyc:CPD-867;KEGG:C07160@Charged;ChEBI:64784	MetaCyc:CPD-867;KEGG:C07160@Charged;ChEBI:64784	MetaCyc:CPD-867;KEGG:C07160@Charged;ChEBI:64784	KEGG:C07160	KEGG:C07160	EQ	eQuilibrator:MNXM30541	MetaCyc:CPD-867@Charged	eQuilibrator:MNXM30541
cpd04417	KEGG:C07163@Charged	KEGG:C07163@Charged	KEGG:C07163@Charged	KEGG:C07163@Charged	KEGG:C07163	KEGG:C07163	GC	KEGG:C07163@Charged	KEGG:C07163@Charged	eQuilibrator:MNXM93583
cpd04418	MetaCyc:CPD-20960;KEGG:C07164@Charged	MetaCyc:CPD-20960;KEGG:C07164@Charged	MetaCyc:CPD-20960;KEGG:C07164@Charged	MetaCyc:CPD-20960;KEGG:C07164@Charged		KEGG:C07164	EQ	eQuilibrator:MNXM95287	KEGG:C07164@Charged	eQuilibrator:MNXM95287
cpd04419	KEGG:C07165@Charged	KEGG:C07165@Charged	KEGG:C07165@Charged	KEGG:C07165@Charged	KEGG:C07165		EQ	eQuilibrator:MNXM87877	KEGG:C07165@Charged	eQuilibrator:MNXM87877
cpd04420	KEGG:C07166@Charged	KEGG:C07166@Charged	KEGG:C07166@Charged	KEGG:C07166@Charged		KEGG:C07166	EQ	eQuilibrator:MNXM34325	KEGG:C07166@Charged	eQuilibrator:MNXM34325
cpd04421	MetaCyc:CPD-7051;KEGG:C07168@Charged	MetaCyc:CPD-7051;KEGG:C07168@Charged	MetaCyc:CPD-7051;KEGG:C07168@Charged	MetaCyc:CPD-7051;KEGG:C07168@Charged		KEGG:C07168	GC	KEGG:C07168@Charged	KEGG:C07168@Charged	eQuilibrator:MNXM113682
cpd04422	KEGG:C07171@Charged	KEGG:C07171@Charged	KEGG:C07171@Charged	KEGG:C07171@Charged	KEGG:C07171	KEGG:C07171	EQ	eQuilibrator:MNXM87975	KEGG:C07171@Charged	eQuilibrator:MNXM87975
cpd04423	KEGG:C07172@Charged	KEGG:C07172@Charged	KEGG:C07172@Charged	KEGG:C07172@Charged		KEGG:C07172	GC	KEGG:C07172@Charged	KEGG:C07172@Charged	eQuilibrator:MNXM725818
cpd04424	KEGG:C07174	KEGG:C07174	KEGG:C07174	KEGG:C07174		KEGG:C07174	GC	KEGG:C07174@Charged	KEGG:C07174@Charged	eQuilibrator:MNXM722216
cpd04425	KEGG:C07175@Charged	KEGG:C07175@Charged	KEGG:C07175@Charged	KEGG:C07175@Charged		KEGG:C07175	EQ	eQuilibrator:MNXM61637	KEGG:C07175@Charged	eQuilibrator:MNXM61637
cpd04426	MetaCyc:CPD-9220;KEGG:C07177@Charged	MetaCyc:CPD-9220;KEGG:C07177@Charged	MetaCyc:CPD-9220;KEGG:C07177@Charged	MetaCyc:CPD-9220;KEGG:C07177@Charged	KEGG:C07177	KEGG:C07177	GC	KEGG:C07177@Charged	KEGG:C07177@Charged	eQuilibrator:MNXM157859
cpd04427	KEGG:C07178@Charged	KEGG:C07178@Charged	KEGG:C07178@Charged	KEGG:C07178@Charged	KEGG:C07178	KEGG:C07178	GC	KEGG:C07178@Charged	KEGG:C07178@Charged	eQuilibrator:MNXM88036
cpd04428	KEGG:C07180@Charged	KEGG:C07180@Charged	KEGG:C07180@Charged	KEGG:C07180@Charged		KEGG:C07180	GC	KEGG:C07180@Charged	KEGG:C07180@Charged	eQuilibrator:MNXM88105
cpd04429	MetaCyc:TRIS;KEGG:C07182@Charged	MetaCyc:TRIS;KEGG:C07182@Charged	MetaCyc:TRIS;KEGG:C07182@Charged	MetaCyc:TRIS;KEGG:C07182@Charged	KEGG:C07182	KEGG:C07182	EQ	eQuilibrator:MNXM56680	MetaCyc:TRIS@Charged	eQuilibrator:MNXM56680
cpd04430	KEGG:C07184	KEGG:C07184	KEGG:C07184	KEGG:C07184@Charged	KEGG:C07184	KEGG:C07184	GC	KEGG:C07184@Charged	KEGG:C07184@Charged	eQuilibrator:MNXM725843
cpd04431	KEGG:C07187@Charged	KEGG:C07187@Charged	KEGG:C07187@Charged	KEGG:C07187@Charged	KEGG:C07187	KEGG:C07187	GC	KEGG:C07187@Charged	KEGG:C07187@Charged	eQuilibrator:MNXM725845
cpd04432	KEGG:C07188@Charged	KEGG:C07188@Charged	KEGG:C07188@Charged	KEGG:C07188@Charged		KEGG:C07188	GC	KEGG:C07188@Charged	KEGG:C07188@Charged	
cpd04433	MetaCyc:CPD-23593;KEGG:C07189	MetaCyc:CPD-23593;KEGG:C07189	MetaCyc:CPD-23593;KEGG:C07189	MetaCyc:CPD-23593;KEGG:C07189	KEGG:C07189	KEGG:C07189	EQ	eQuilibrator:MNXM9838	KEGG:C07189@Charged	eQuilibrator:MNXM9838
cpd04434	KEGG:C07192@Charged	KEGG:C07192@Charged	KEGG:C07192@Charged	KEGG:C07192@Charged		KEGG:C07192	GC	KEGG:C07192@Charged	KEGG:C07192@Charged	eQuilibrator:MNXM157871
cpd04435	MetaCyc:ALPHA-METHYLDOPA@Original;KEGG:C07194	MetaCyc:ALPHA-METHYLDOPA@Original;KEGG:C07194	MetaCyc:ALPHA-METHYLDOPA@Original;KEGG:C07194	MetaCyc:ALPHA-METHYLDOPA@Original;KEGG:C07194@Charged	KEGG:C07194	KEGG:C07194	EQ	eQuilibrator:MNXM152093	KEGG:C07194@Charged	eQuilibrator:MNXM152093
cpd04436	MetaCyc:CPD-13918	MetaCyc:CPD-13918	MetaCyc:CPD-13918	MetaCyc:CPD-13918	KEGG:C07195	KEGG:C07195	EQ	eQuilibrator:MNXM40260	MetaCyc:CPD-13918@Charged	eQuilibrator:MNXM40260
cpd04437	KEGG:C07196@Charged	KEGG:C07196@Charged	KEGG:C07196@Charged	KEGG:C07196@Charged		KEGG:C07196	EQ	eQuilibrator:MNXM157928	KEGG:C07196@Charged	eQuilibrator:MNXM157928
cpd04438	KEGG:C07198	KEGG:C07198	KEGG:C07198	KEGG:C07198	KEGG:C07198	KEGG:C07198	GC	KEGG:C07198@Charged	KEGG:C07198@Charged	eQuilibrator:MNXM61934
cpd04439	KEGG:C07199	KEGG:C07199	KEGG:C07199	KEGG:C07199	KEGG:C07199	KEGG:C07199	GC	KEGG:C07199@Charged	KEGG:C07199@Charged	
cpd04440	MetaCyc:CPD-7858;KEGG:C07201@Charged	MetaCyc:CPD-7858;KEGG:C07201@Charged	MetaCyc:CPD-7858;KEGG:C07201@Charged	KEGG:C07201@Charged	KEGG:C07201	KEGG:C07201	GC	MetaCyc:CPD-7858@Charged	MetaCyc:CPD-7858@Charged	
cpd04441	KEGG:C07202@Charged	KEGG:C07202@Charged	KEGG:C07202@Charged	KEGG:C07202@Charged	KEGG:C07202	KEGG:C07202	EQ	eQuilibrator:MNXM724972	KEGG:C07202@Charged	eQuilibrator:MNXM724972
cpd04442	MetaCyc:CPD-19894@Charged;KEGG:C07204@Charged;ChEBI:143658	MetaCyc:CPD-19894@Charged;KEGG:C07204@Charged;ChEBI:143658	MetaCyc:CPD-19894@Charged;KEGG:C07204@Charged;ChEBI:143658	MetaCyc:CPD-19894@Charged;KEGG:C07204@Charged;ChEBI:143658	KEGG:C07204	KEGG:C07204	GC	MetaCyc:CPD-19894@Charged	MetaCyc:CPD-19894@Charged	
cpd04443	MetaCyc:CPD-7023;KEGG:C07205	MetaCyc:CPD-7023;KEGG:C07205	MetaCyc:CPD-7023;KEGG:C07205	MetaCyc:CPD-7023;KEGG:C07205		KEGG:C07205	EQ	eQuilibrator:MNXM61991	KEGG:C07205@Charged	eQuilibrator:MNXM61991
cpd04444	KEGG:C07206@Charged	KEGG:C07206@Charged	KEGG:C07206@Charged	KEGG:C07206@Charged	KEGG:C07206	KEGG:C07206	GC	KEGG:C07206@Charged	KEGG:C07206@Charged	eQuilibrator:MNXM89309
cpd04445	KEGG:C07207	KEGG:C07207	KEGG:C07207	KEGG:C07207	KEGG:C07207	KEGG:C07207	EQ	eQuilibrator:MNXM13275	KEGG:C07207@Charged	eQuilibrator:MNXM13275
cpd04446	MetaCyc:META-XYLENE;KEGG:C07208;ChEBI:28488	MetaCyc:META-XYLENE;KEGG:C07208;ChEBI:28488	MetaCyc:META-XYLENE;KEGG:C07208;ChEBI:28488	MetaCyc:META-XYLENE;KEGG:C07208;ChEBI:28488			EQ	eQuilibrator:MNXM3300	MetaCyc:META-XYLENE@Charged	eQuilibrator:MNXM3300
cpd04447	MetaCyc:CPD-8774;KEGG:C07209	MetaCyc:CPD-8774;KEGG:C07209	MetaCyc:CPD-8774;KEGG:C07209	MetaCyc:CPD-8774;KEGG:C07209		KEGG:C07209	EQ	eQuilibrator:MNXM4040	KEGG:C07209@Charged	eQuilibrator:MNXM4040
cpd04448	MetaCyc:CPD-15110;KEGG:C07210	MetaCyc:CPD-15110;KEGG:C07210	MetaCyc:CPD-15110;KEGG:C07210	MetaCyc:CPD-15110;KEGG:C07210	KEGG:C07210	KEGG:C07210	GC	MetaCyc:CPD-15110@Charged	MetaCyc:CPD-15110@Charged	
cpd04449	MetaCyc:CPD-8775;KEGG:C07211@Charged	MetaCyc:CPD-8775;KEGG:C07211@Charged	MetaCyc:CPD-8775;KEGG:C07211@Charged	MetaCyc:CPD-8775;KEGG:C07211@Charged	KEGG:C07211		EQ	eQuilibrator:MNXM4661	KEGG:C07211@Charged	eQuilibrator:MNXM4661
cpd04450	MetaCyc:CPD-1421;KEGG:C07212	MetaCyc:CPD-1421;KEGG:C07212	MetaCyc:CPD-1421;KEGG:C07212	MetaCyc:CPD-1421;KEGG:C07212			EQ	eQuilibrator:MNXM6363	KEGG:C07212@Charged	eQuilibrator:MNXM6363
cpd04451	KEGG:C07213	KEGG:C07213	KEGG:C07213	KEGG:C07213	KEGG:C07213	KEGG:C07213	EQ	eQuilibrator:MNXM5475	KEGG:C07213@Charged	eQuilibrator:MNXM5475
cpd04452	KEGG:C07214	KEGG:C07214	KEGG:C07214	KEGG:C07214		KEGG:C07214	EQ	eQuilibrator:MNXM6361	KEGG:C07214@Charged	eQuilibrator:MNXM6361
cpd04453	MetaCyc:CPD-10574;KEGG:C07215@Charged	MetaCyc:CPD-10574;KEGG:C07215@Charged	MetaCyc:CPD-10574;KEGG:C07215@Charged	MetaCyc:CPD-10574;KEGG:C07215@Charged	KEGG:C07215		EQ	eQuilibrator:MNXM6362	MetaCyc:CPD-10574@Charged	eQuilibrator:MNXM6362
cpd04454	MetaCyc:3-METHYLBENZYL-ALCOHOL;KEGG:C07216;ChEBI:27995	MetaCyc:3-METHYLBENZYL-ALCOHOL;KEGG:C07216;ChEBI:27995	MetaCyc:3-METHYLBENZYL-ALCOHOL;KEGG:C07216;ChEBI:27995	MetaCyc:3-METHYLBENZYL-ALCOHOL;KEGG:C07216;ChEBI:27995	KEGG:C07216	KEGG:C07216	EQ	eQuilibrator:MNXM3486	KEGG:C07216@Charged	eQuilibrator:MNXM3486
cpd04455	KEGG:C07218@Charged	KEGG:C07218@Charged	KEGG:C07218@Charged	KEGG:C07218@Charged	KEGG:C07218	KEGG:C07218	GC	KEGG:C07218@Charged	KEGG:C07218@Charged	eQuilibrator:MNXM89439
cpd04456	KEGG:C07219	KEGG:C07219	KEGG:C07219	KEGG:C07219		KEGG:C07219	GC	KEGG:C07219@Charged	KEGG:C07219@Charged	eQuilibrator:MNXM89440
cpd04457	KEGG:C07220@Charged	KEGG:C07220@Charged	KEGG:C07220@Charged	KEGG:C07220@Charged		KEGG:C07220	EQ	eQuilibrator:MNXM62001	KEGG:C07220@Charged	eQuilibrator:MNXM62001
cpd04458	MetaCyc:CPD-21142;KEGG:C07221@Charged	MetaCyc:CPD-21142;KEGG:C07221@Charged	MetaCyc:CPD-21142;KEGG:C07221@Charged	MetaCyc:CPD-21142;KEGG:C07221@Charged	KEGG:C07221	KEGG:C07221	GC	KEGG:C07221@Charged	KEGG:C07221@Charged	eQuilibrator:MNXM157963
cpd04459	KEGG:C07222@Charged	KEGG:C07222@Charged	KEGG:C07222@Charged	KEGG:C07222@Charged	KEGG:C07222	KEGG:C07222	GC	KEGG:C07222@Charged	KEGG:C07222@Charged	eQuilibrator:MNXM62092
cpd04460	KEGG:C07224@Charged	KEGG:C07224@Charged	KEGG:C07224@Charged	KEGG:C07224@Charged	KEGG:C07224	KEGG:C07224	GC	KEGG:C07224@Charged	KEGG:C07224@Charged	
cpd04461	KEGG:C07225;ChEBI:77906	KEGG:C07225;ChEBI:77906	KEGG:C07225;ChEBI:77906	KEGG:C07225@Charged;ChEBI:77906	KEGG:C07225	KEGG:C07225	GC	KEGG:C07225@Charged	KEGG:C07225@Charged	
cpd04462	MetaCyc:CPD-4523;KEGG:C07228@Charged	MetaCyc:CPD-4523;KEGG:C07228@Charged	MetaCyc:CPD-4523;KEGG:C07228@Charged	MetaCyc:CPD-4523;KEGG:C07228@Charged	KEGG:C07228	KEGG:C07228	GC	MetaCyc:CPD-4523@Charged	MetaCyc:CPD-4523@Charged	eQuilibrator:MNXM108441
cpd04463	KEGG:C07230	KEGG:C07230	KEGG:C07230	KEGG:C07230	KEGG:C07230	KEGG:C07230	EQ	eQuilibrator:MNXM62296	KEGG:C07230@Charged	eQuilibrator:MNXM62296
cpd04464	KEGG:C07231@Charged	KEGG:C07231@Charged	KEGG:C07231@Charged	KEGG:C07231@Charged	KEGG:C07231	KEGG:C07231	GC	KEGG:C07231@Charged	KEGG:C07231@Charged	
cpd04465	KEGG:C07235@Charged	KEGG:C07235@Charged	KEGG:C07235@Charged	KEGG:C07235@Charged	KEGG:C07235	KEGG:C07235	GC	KEGG:C07235@Charged	KEGG:C07235@Charged	
cpd04466	KEGG:C07236@Charged	KEGG:C07236@Charged	KEGG:C07236@Charged	KEGG:C07236@Charged		KEGG:C07236	GC	KEGG:C07236@Charged	KEGG:C07236@Charged	
cpd04467	KEGG:C07239@Charged	KEGG:C07239@Charged	KEGG:C07239@Charged	KEGG:C07239@Charged	KEGG:C07239	KEGG:C07239	EQ	eQuilibrator:MNXM80999	KEGG:C07239@Charged	eQuilibrator:MNXM80999
cpd04468	MetaCyc:CPD-20506;KEGG:C07240	MetaCyc:CPD-20506;KEGG:C07240	MetaCyc:CPD-20506;KEGG:C07240	MetaCyc:CPD-20506;KEGG:C07240	KEGG:C07240	KEGG:C07240	GC	KEGG:C07240@Charged	KEGG:C07240@Charged	eQuilibrator:MNXM160865
cpd04469	MetaCyc:CPD-23557@Charged;KEGG:C07241@Charged	MetaCyc:CPD-23557@Charged;KEGG:C07241@Charged	MetaCyc:CPD-23557@Charged;KEGG:C07241@Charged	MetaCyc:CPD-23557@Charged;KEGG:C07241@Charged	KEGG:C07241	KEGG:C07241	EQ	eQuilibrator:MNXM34718	KEGG:C07241@Charged	eQuilibrator:MNXM34718
cpd04470	MetaCyc:CPD-23662@Charged;KEGG:C07245@Charged	MetaCyc:CPD-23662@Charged;KEGG:C07245@Charged	MetaCyc:CPD-23662@Charged;KEGG:C07245@Charged	MetaCyc:CPD-23662@Charged;KEGG:C07245@Charged		KEGG:C07245	GC	KEGG:C07245@Charged	KEGG:C07245@Charged	
cpd04471	KEGG:C07246@Charged	KEGG:C07246@Charged	KEGG:C07246@Charged	KEGG:C07246@Charged		KEGG:C07246	EQ	eQuilibrator:MNXM161036	KEGG:C07246@Charged	eQuilibrator:MNXM161036
cpd04472	KEGG:C07247@Charged	KEGG:C07247@Charged	KEGG:C07247@Charged	KEGG:C07247@Charged		KEGG:C07247	GC	KEGG:C07247@Charged	KEGG:C07247@Charged	eQuilibrator:MNXM82042
cpd04473	MetaCyc:CPD-21283@Charged;KEGG:C07250@Charged	MetaCyc:CPD-21283@Charged;KEGG:C07250@Charged	MetaCyc:CPD-21283@Charged;KEGG:C07250@Charged	MetaCyc:CPD-21283@Charged;KEGG:C07250@Charged	KEGG:C07250	KEGG:C07250	GC	KEGG:C07250@Charged	KEGG:C07250@Charged	eQuilibrator:MNXM158647
cpd04474	KEGG:C07251@Charged	KEGG:C07251@Charged	KEGG:C07251@Charged	KEGG:C07251@Charged	KEGG:C07251	KEGG:C07251	GC	KEGG:C07251@Charged	KEGG:C07251@Charged	
cpd04475	MetaCyc:CPD-22085@Charged;KEGG:C07252@Charged	MetaCyc:CPD-22085@Charged;KEGG:C07252@Charged	MetaCyc:CPD-22085@Charged;KEGG:C07252@Charged	MetaCyc:CPD-22085@Charged;KEGG:C07252@Charged	KEGG:C07252	KEGG:C07252	GC	KEGG:C07252@Charged	KEGG:C07252@Charged	
cpd04476	MetaCyc:CPD-22084@Charged;KEGG:C07253@Charged	MetaCyc:CPD-22084@Charged;KEGG:C07253@Charged	MetaCyc:CPD-22084@Charged;KEGG:C07253@Charged	MetaCyc:CPD-22084@Charged;KEGG:C07253@Charged	KEGG:C07253	KEGG:C07253	GC	KEGG:C07253@Charged	KEGG:C07253@Charged	
cpd04477	MetaCyc:CPD-23348;KEGG:C07254;ChEBI:7466	MetaCyc:CPD-23348;KEGG:C07254;ChEBI:7466	MetaCyc:CPD-23348;KEGG:C07254;ChEBI:7466	MetaCyc:CPD-23348;KEGG:C07254;ChEBI:7466	KEGG:C07254	KEGG:C07254	GC	KEGG:C07254@Charged	KEGG:C07254@Charged	eQuilibrator:MNXM19822
cpd04478	MetaCyc:CPD-24883;KEGG:C07255@Charged	MetaCyc:CPD-24883;KEGG:C07255@Charged	MetaCyc:CPD-24883;KEGG:C07255@Charged	MetaCyc:CPD-24883;KEGG:C07255@Charged	KEGG:C07255	KEGG:C07255	GC	KEGG:C07255@Charged	KEGG:C07255@Charged	eQuilibrator:MNXM158688
cpd04479	KEGG:C07256@Charged	KEGG:C07256@Charged	KEGG:C07256@Charged	KEGG:C07256@Charged		KEGG:C07256	GC	KEGG:C07256@Charged	KEGG:C07256@Charged	
cpd04480	KEGG:C07257@Charged	KEGG:C07257@Charged	KEGG:C07257@Charged	KEGG:C07257@Charged	KEGG:C07257	KEGG:C07257	GC	KEGG:C07257@Charged	KEGG:C07257@Charged	eQuilibrator:MNXM158691
cpd04481	KEGG:C07258	KEGG:C07258	KEGG:C07258	KEGG:C07258			GC	KEGG:C07258@Charged	KEGG:C07258@Charged	eQuilibrator:MNXM64431
cpd04482	KEGG:C07259	KEGG:C07259	KEGG:C07259	KEGG:C07259	KEGG:C07259	KEGG:C07259	GC	KEGG:C07259@Charged	KEGG:C07259@Charged	
cpd04483	KEGG:C07261	KEGG:C07261	KEGG:C07261	KEGG:C07261		KEGG:C07261	GC	KEGG:C07261@Charged	KEGG:C07261@Charged	
cpd04484	KEGG:C07263	KEGG:C07263	KEGG:C07263	KEGG:C07263	KEGG:C07263	KEGG:C07263	EQ	eQuilibrator:MNXM64533	KEGG:C07263@Charged	eQuilibrator:MNXM64533
cpd04485	KEGG:C07264@Charged	KEGG:C07264@Charged	KEGG:C07264@Charged	KEGG:C07264@Charged		KEGG:C07264	GC	KEGG:C07264@Charged	KEGG:C07264@Charged	
cpd04486	MetaCyc:CPD-20503;KEGG:C07266	MetaCyc:CPD-20503;KEGG:C07266	MetaCyc:CPD-20503;KEGG:C07266	MetaCyc:CPD-20503;KEGG:C07266		KEGG:C07266	GC	MetaCyc:CPD-20503@Charged	MetaCyc:CPD-20503@Charged	eQuilibrator:MNXM12466
cpd04487	KEGG:C07267	KEGG:C07267	KEGG:C07267	KEGG:C07267		KEGG:C07267	GC	KEGG:C07267@Charged	KEGG:C07267@Charged	eQuilibrator:MNXM725063
cpd04488	KEGG:C07269	KEGG:C07269	KEGG:C07269	KEGG:C07269		KEGG:C07269	GC	KEGG:C07269@Charged	KEGG:C07269@Charged	
cpd04489	KEGG:C07270	KEGG:C07270	KEGG:C07270	KEGG:C07270		KEGG:C07270	GC	KEGG:C07270@Charged	KEGG:C07270@Charged	eQuilibrator:MNXM64807
cpd04490	KEGG:C07271	KEGG:C07271	KEGG:C07271	KEGG:C07271		KEGG:C07271	GC	KEGG:C07271@Charged	KEGG:C07271@Charged	
cpd04491	MetaCyc:MALEIMIDE;KEGG:C07272;ChEBI:16072	MetaCyc:MALEIMIDE;KEGG:C07272;ChEBI:16072	MetaCyc:MALEIMIDE;KEGG:C07272;ChEBI:16072	MetaCyc:MALEIMIDE;KEGG:C07272;ChEBI:16072	KEGG:C07272	KEGG:C07272	EQ	eQuilibrator:MNXM4663	KEGG:C07272@Charged	eQuilibrator:MNXM4663
cpd04492	MetaCyc:SUCCIMIDE;KEGG:C07273	MetaCyc:SUCCIMIDE;KEGG:C07273	MetaCyc:SUCCIMIDE;KEGG:C07273	MetaCyc:SUCCIMIDE;KEGG:C07273	KEGG:C07273	KEGG:C07273	EQ	eQuilibrator:MNXM82892	KEGG:C07273@Charged	eQuilibrator:MNXM82892
cpd04493	KEGG:C07274@Charged	KEGG:C07274@Charged	KEGG:C07274@Charged	KEGG:C07274@Charged		KEGG:C07274	EQ	eQuilibrator:MNXM64969	KEGG:C07274@Charged	eQuilibrator:MNXM64969
cpd04494	MetaCyc:GLUTARIMIDE;KEGG:C07275	MetaCyc:GLUTARIMIDE;KEGG:C07275	MetaCyc:GLUTARIMIDE;KEGG:C07275	MetaCyc:GLUTARIMIDE;KEGG:C07275	KEGG:C07275	KEGG:C07275	EQ	eQuilibrator:MNXM76926	MetaCyc:GLUTARIMIDE@Charged	eQuilibrator:MNXM76926
cpd04495	MetaCyc:CPD-8222;KEGG:C07276;ChEBI:18515	MetaCyc:CPD-8222;KEGG:C07276;ChEBI:18515	MetaCyc:CPD-8222;KEGG:C07276;ChEBI:18515	MetaCyc:CPD-8222;KEGG:C07276;ChEBI:18515	KEGG:C07276	KEGG:C07276	GC	MetaCyc:CPD-8222@Charged	MetaCyc:CPD-8222@Charged	
cpd04496	MetaCyc:DTDP-D-FUCOSE;KEGG:C07277@Charged;ChEBI:73933	MetaCyc:DTDP-D-FUCOSE;KEGG:C07277@Charged;ChEBI:73933	MetaCyc:DTDP-D-FUCOSE;KEGG:C07277@Charged;ChEBI:73933	MetaCyc:DTDP-D-FUCOSE;KEGG:C07277@Charged;ChEBI:73933	KEGG:C07277	KEGG:C07277	EQ	eQuilibrator:MNXM3984	KEGG:C07277@Charged	eQuilibrator:MNXM3984
cpd04497	MetaCyc:CPD-16184;KEGG:C07278;ChEBI:546807	MetaCyc:CPD-16184;KEGG:C07278;ChEBI:546807	MetaCyc:CPD-16184;KEGG:C07278;ChEBI:546807	MetaCyc:CPD-16184;KEGG:C07278;ChEBI:546807	KEGG:C07278	KEGG:C07278	EQ	eQuilibrator:MNXM5638	MetaCyc:CPD-16184@Charged	eQuilibrator:MNXM5638
cpd04498	KEGG:C07279	KEGG:C07279	KEGG:C07279	KEGG:C07279@Charged	KEGG:C07279	KEGG:C07279	GC	KEGG:C07279@Charged	KEGG:C07279@Charged	
cpd04499	KEGG:C07280	KEGG:C07280	KEGG:C07280	KEGG:C07280	KEGG:C07280	KEGG:C07280	GC	KEGG:C07280@Charged	KEGG:C07280@Charged	
cpd04500	KEGG:C07285	KEGG:C07285	KEGG:C07285	KEGG:C07285	KEGG:C07285	KEGG:C07285	EQ	eQuilibrator:MNXM42470	KEGG:C07285@Charged	eQuilibrator:MNXM42470
cpd04501	MetaCyc:CPD-7969;KEGG:C07287;ChEBI:16310	MetaCyc:CPD-7969;KEGG:C07287;ChEBI:16310	MetaCyc:CPD-7969;KEGG:C07287;ChEBI:16310	MetaCyc:CPD-7969;KEGG:C07287;ChEBI:16310	KEGG:C07287	KEGG:C07287	EQ	eQuilibrator:MNXM2867	MetaCyc:CPD-7969@Charged	eQuilibrator:MNXM2867
cpd04502	MetaCyc:CPD-8169;KEGG:C07288;ChEBI:15833	MetaCyc:CPD-8169;KEGG:C07288;ChEBI:15833	MetaCyc:CPD-8169;KEGG:C07288;ChEBI:15833	MetaCyc:CPD-8169;KEGG:C07288;ChEBI:15833	KEGG:C07288	KEGG:C07288	EQ	eQuilibrator:MNXM4110	MetaCyc:CPD-8169@Charged	eQuilibrator:MNXM4110
cpd04503	MetaCyc:CREPENYNATE;KEGG:C07289@Charged;ChEBI:14030	MetaCyc:CREPENYNATE;KEGG:C07289@Charged;ChEBI:14030	MetaCyc:CREPENYNATE;KEGG:C07289@Charged;ChEBI:14030	MetaCyc:CREPENYNATE;KEGG:C07289@Charged;ChEBI:14030	KEGG:C07289		GC	MetaCyc:CREPENYNATE@Charged	MetaCyc:CREPENYNATE@Charged	
cpd04504	MetaCyc:7-O-METHYLLUTEONE@Charged;KEGG:C07290@Charged	MetaCyc:7-O-METHYLLUTEONE@Charged;KEGG:C07290@Charged	MetaCyc:7-O-METHYLLUTEONE@Charged;KEGG:C07290@Charged	MetaCyc:7-O-METHYLLUTEONE@Charged;KEGG:C07290@Charged	KEGG:C07290	KEGG:C07290	GC	KEGG:C07290@Charged	KEGG:C07290@Charged	eQuilibrator:MNXM6135
cpd04505	MetaCyc:CPD-24361@Charged;MetaCyc:METHYLARSONATE;KEGG:C07294@Charged;ChEBI:33409	MetaCyc:CPD-24361@Charged;MetaCyc:METHYLARSONATE;KEGG:C07294@Charged;ChEBI:33409	MetaCyc:CPD-24361@Charged;MetaCyc:METHYLARSONATE;KEGG:C07294@Charged;ChEBI:33409	MetaCyc:CPD-24361@Charged;MetaCyc:METHYLARSONATE;KEGG:C07294@Charged;ChEBI:33409	KEGG:C07294		GC	KEGG:C07294@Charged	KEGG:C07294@Charged	
cpd04506	MetaCyc:CPD-24334@Charged;MetaCyc:METHYLARSONITE;KEGG:C07295;ChEBI:17826	MetaCyc:CPD-24334@Charged;MetaCyc:METHYLARSONITE;KEGG:C07295;ChEBI:17826	MetaCyc:CPD-24334@Charged;MetaCyc:METHYLARSONITE;KEGG:C07295;ChEBI:17826	MetaCyc:CPD-24334@Charged;MetaCyc:METHYLARSONITE;KEGG:C07295;ChEBI:17826	KEGG:C07295	KEGG:C07295	GC	KEGG:C07295@Charged	KEGG:C07295@Charged	
cpd04507	MetaCyc:4812-TRIMETHYLTRIDECANOYL-COA;KEGG:C07296@Charged;ChEBI:57351	MetaCyc:4812-TRIMETHYLTRIDECANOYL-COA;KEGG:C07296@Charged;ChEBI:57351	MetaCyc:4812-TRIMETHYLTRIDECANOYL-COA;KEGG:C07296@Charged;ChEBI:57351	MetaCyc:4812-TRIMETHYLTRIDECANOYL-COA;KEGG:C07296@Charged;ChEBI:57351	KEGG:C07296	KEGG:C07296	EQ	eQuilibrator:MNXM4355	KEGG:C07296@Charged	eQuilibrator:MNXM4355
cpd04508	MetaCyc:3-OXOPRISTANOYL-COA;KEGG:C07297@Charged;ChEBI:57291	MetaCyc:3-OXOPRISTANOYL-COA;KEGG:C07297@Charged;ChEBI:57291	MetaCyc:3-OXOPRISTANOYL-COA;KEGG:C07297@Charged;ChEBI:57291	MetaCyc:3-OXOPRISTANOYL-COA;KEGG:C07297@Charged;ChEBI:57291	KEGG:C07297	KEGG:C07297	EQ	eQuilibrator:MNXM4346	KEGG:C07297@Charged	eQuilibrator:MNXM4346
cpd04509	MetaCyc:R-MANDELAMIDE;KEGG:C07301;ChEBI:17352	MetaCyc:R-MANDELAMIDE;KEGG:C07301;ChEBI:17352	MetaCyc:R-MANDELAMIDE;KEGG:C07301;ChEBI:17352	MetaCyc:R-MANDELAMIDE;KEGG:C07301;ChEBI:17352	KEGG:C07301	KEGG:C07301	EQ	eQuilibrator:MNXM4205	KEGG:C07301@Charged	eQuilibrator:MNXM4205
cpd04510	KEGG:C07302@Charged	KEGG:C07302@Charged	KEGG:C07302@Charged	KEGG:C07302@Charged	KEGG:C07302	KEGG:C07302	EQ	eQuilibrator:MNXM36491	KEGG:C07302@Charged	eQuilibrator:MNXM36491
cpd04511	MetaCyc:CPD-11881;KEGG:C07303@Charged;ChEBI:58004	MetaCyc:CPD-11881;KEGG:C07303@Charged;ChEBI:58004	MetaCyc:CPD-11881;KEGG:C07303@Charged;ChEBI:58004	MetaCyc:CPD-11881;KEGG:C07303@Charged;ChEBI:58004	KEGG:C07303	KEGG:C07303	EQ	eQuilibrator:MNXM2077	KEGG:C07303@Charged	eQuilibrator:MNXM2077
cpd04512	MetaCyc:DEACETYLISOIPECOSIDE;KEGG:C07304@Charged;ChEBI:58091	MetaCyc:DEACETYLISOIPECOSIDE;KEGG:C07304@Charged;ChEBI:58091	MetaCyc:DEACETYLISOIPECOSIDE;KEGG:C07304@Charged;ChEBI:58091	MetaCyc:DEACETYLISOIPECOSIDE;KEGG:C07304@Charged;ChEBI:58091	KEGG:C07304	KEGG:C07304	EQ	eQuilibrator:MNXM3253	MetaCyc:DEACETYLISOIPECOSIDE@Charged	eQuilibrator:MNXM3253
cpd04513	KEGG:C07306@Charged	KEGG:C07306@Charged	KEGG:C07306@Charged	KEGG:C07306@Charged	KEGG:C07306	KEGG:C07306	GC	KEGG:C07306@Charged	KEGG:C07306@Charged	
cpd04514	MetaCyc:DEACETYLIPECOSIDE;KEGG:C07307@Charged;ChEBI:58379	MetaCyc:DEACETYLIPECOSIDE;KEGG:C07307@Charged;ChEBI:58379	MetaCyc:DEACETYLIPECOSIDE;KEGG:C07307@Charged;ChEBI:58379	MetaCyc:DEACETYLIPECOSIDE;KEGG:C07307@Charged;ChEBI:58379	KEGG:C07307	KEGG:C07307	EQ	eQuilibrator:MNXM3968	MetaCyc:DEACETYLIPECOSIDE@Charged	eQuilibrator:MNXM3968
cpd04515	KEGG:C07309@Charged	KEGG:C07309@Charged	KEGG:C07309@Charged	KEGG:C07309@Charged	KEGG:C07309	KEGG:C07309	GC	KEGG:C07309@Charged	KEGG:C07309@Charged	eQuilibrator:MNXM161248
cpd04516	KEGG:C07310	KEGG:C07310	KEGG:C07310	KEGG:C07310	KEGG:C07310	KEGG:C07310	GC	KEGG:C07310@Charged	KEGG:C07310@Charged	eQuilibrator:MNXM82629
cpd04517	KEGG:C07311	KEGG:C07311	KEGG:C07311	KEGG:C07311@Charged	KEGG:C07311	KEGG:C07311	GC	KEGG:C07311@Charged	KEGG:C07311@Charged	
cpd04518	KEGG:C07312	KEGG:C07312	KEGG:C07312	KEGG:C07312	KEGG:C07312	KEGG:C07312	EQ	eQuilibrator:MNXM82711	KEGG:C07312@Charged	eQuilibrator:MNXM82711
cpd04519	MetaCyc:CPD-24774;KEGG:C07313	MetaCyc:CPD-24774;KEGG:C07313	MetaCyc:CPD-24774;KEGG:C07313	MetaCyc:CPD-24774;KEGG:C07313	KEGG:C07313	KEGG:C07313	GC	KEGG:C07313@Charged	KEGG:C07313@Charged	
cpd04520	MetaCyc:CPD-21032@Charged;KEGG:C07315@Charged	MetaCyc:CPD-21032@Charged;KEGG:C07315@Charged	MetaCyc:CPD-21032@Charged;KEGG:C07315@Charged	MetaCyc:CPD-21032@Charged;KEGG:C07315@Charged	KEGG:C07315	KEGG:C07315	GC	KEGG:C07315@Charged	KEGG:C07315@Charged	
cpd04521	MetaCyc:CPD-25130@Charged;KEGG:C07316@Charged	MetaCyc:CPD-25130@Charged;KEGG:C07316@Charged	MetaCyc:CPD-25130@Charged;KEGG:C07316@Charged	MetaCyc:CPD-25130@Charged;KEGG:C07316@Charged	KEGG:C07316	KEGG:C07316	GC	KEGG:C07316@Charged	KEGG:C07316@Charged	eQuilibrator:MNXM82994
cpd04522	KEGG:C07317@Charged	KEGG:C07317@Charged	KEGG:C07317@Charged	KEGG:C07317@Charged	KEGG:C07317	KEGG:C07317	GC	KEGG:C07317@Charged	KEGG:C07317@Charged	
cpd04523	KEGG:C07318@Charged	KEGG:C07318@Charged	KEGG:C07318@Charged	KEGG:C07318@Charged	KEGG:C07318	KEGG:C07318	GC	KEGG:C07318@Charged	KEGG:C07318@Charged	
cpd04524	KEGG:C07319@Charged	KEGG:C07319@Charged	KEGG:C07319@Charged	KEGG:C07319@Charged	KEGG:C07319	KEGG:C07319	GC	KEGG:C07319@Charged	KEGG:C07319@Charged	eQuilibrator:MNXM161367
cpd04525	MetaCyc:CPD-25182;KEGG:C07320@Charged	MetaCyc:CPD-25182;KEGG:C07320@Charged	MetaCyc:CPD-25182;KEGG:C07320@Charged	MetaCyc:CPD-25182;KEGG:C07320@Charged	KEGG:C07320	KEGG:C07320	GC	KEGG:C07320@Charged	KEGG:C07320@Charged	eQuilibrator:MNXM83152
cpd04526	KEGG:C07321	KEGG:C07321	KEGG:C07321	KEGG:C07321@Charged	KEGG:C07321	KEGG:C07321	GC	KEGG:C07321@Charged	KEGG:C07321@Charged	
cpd04527	KEGG:C07322@Charged	KEGG:C07322@Charged	KEGG:C07322@Charged	KEGG:C07322@Charged	KEGG:C07322	KEGG:C07322	GC	KEGG:C07322@Charged	KEGG:C07322@Charged	eQuilibrator:MNXM65451
cpd04528	MetaCyc:CPD-25048@Charged;KEGG:C07323@Charged	MetaCyc:CPD-25048@Charged;KEGG:C07323@Charged	MetaCyc:CPD-25048@Charged;KEGG:C07323@Charged	MetaCyc:CPD-25048@Charged;KEGG:C07323@Charged	KEGG:C07323	KEGG:C07323	GC	KEGG:C07323@Charged	KEGG:C07323@Charged	
cpd04529	KEGG:C07324	KEGG:C07324	KEGG:C07324	KEGG:C07324	KEGG:C07324	KEGG:C07324	GC	KEGG:C07324@Charged	KEGG:C07324@Charged	
cpd04530	KEGG:C07325@Charged	KEGG:C07325@Charged	KEGG:C07325@Charged	KEGG:C07325@Charged	KEGG:C07325	KEGG:C07325	EQ	eQuilibrator:MNXM65565	KEGG:C07325@Charged	eQuilibrator:MNXM65565
cpd04531	MetaCyc:15-ANHYDRO-D-GLUCITOL;KEGG:C07326;ChEBI:16070	MetaCyc:15-ANHYDRO-D-GLUCITOL;KEGG:C07326;ChEBI:16070	MetaCyc:15-ANHYDRO-D-GLUCITOL;KEGG:C07326;ChEBI:16070	MetaCyc:15-ANHYDRO-D-GLUCITOL;KEGG:C07326;ChEBI:16070	KEGG:C07326	KEGG:C07326	EQ	eQuilibrator:MNXM3776	KEGG:C07326@Charged	eQuilibrator:MNXM3776
cpd04532	MetaCyc:CPD-9060;KEGG:C07327;ChEBI:28345	MetaCyc:CPD-9060;KEGG:C07327;ChEBI:28345	MetaCyc:CPD-9060;KEGG:C07327;ChEBI:28345	MetaCyc:CPD-9060;KEGG:C07327;ChEBI:28345		KEGG:C07327	EQ	eQuilibrator:MNXM79877	KEGG:C07327@Charged	eQuilibrator:MNXM79877
cpd04533	MetaCyc:CPD-7032;KEGG:C07328;ChEBI:15837	MetaCyc:CPD-7032;KEGG:C07328;ChEBI:15837	MetaCyc:CPD-7032;KEGG:C07328;ChEBI:15837	MetaCyc:CPD-7032;KEGG:C07328;ChEBI:15837	KEGG:C07328	KEGG:C07328	EQ	eQuilibrator:MNXM1670	KEGG:C07328@Charged	eQuilibrator:MNXM1670
cpd04534	MetaCyc:CPD-7031;KEGG:C07329;ChEBI:16638	MetaCyc:CPD-7031;KEGG:C07329;ChEBI:16638	MetaCyc:CPD-7031;KEGG:C07329;ChEBI:16638	MetaCyc:CPD-7031;KEGG:C07329;ChEBI:16638	KEGG:C07329	KEGG:C07329	EQ	eQuilibrator:MNXM1711	MetaCyc:CPD-7031@Charged	eQuilibrator:MNXM1711
cpd04535	MetaCyc:PRENAL;KEGG:C07330;KEGG:C15604;ChEBI:15825	MetaCyc:PRENAL;KEGG:C07330;KEGG:C15604;ChEBI:15825	MetaCyc:PRENAL;KEGG:C07330;KEGG:C15604;ChEBI:15825	MetaCyc:PRENAL;KEGG:C07330;KEGG:C15604;ChEBI:15825		KEGG:C07330	EQ	eQuilibrator:MNXM1359	KEGG:C15604@Charged	eQuilibrator:MNXM1359
cpd04536	MetaCyc:CARBONYL-SULFIDE;KEGG:C07331;ChEBI:16573	MetaCyc:CARBONYL-SULFIDE;KEGG:C07331;ChEBI:16573	MetaCyc:CARBONYL-SULFIDE;KEGG:C07331;ChEBI:16573	MetaCyc:CARBONYL-SULFIDE;KEGG:C07331;ChEBI:16573			GC	KEGG:C07331@Charged	KEGG:C07331@Charged	
cpd04537	KEGG:C07332	KEGG:C07332	KEGG:C07332	KEGG:C07332		KEGG:C07332	EQ	eQuilibrator:MNXM50450	KEGG:C07332@Charged	eQuilibrator:MNXM50450
cpd04538	MetaCyc:CPD-9224;KEGG:C07334@Charged	MetaCyc:CPD-9224;KEGG:C07334@Charged	MetaCyc:CPD-9224;KEGG:C07334@Charged	MetaCyc:CPD-9224;KEGG:C07334@Charged	KEGG:C07334	KEGG:C07334	GC	MetaCyc:CPD-9224@Charged	MetaCyc:CPD-9224@Charged	
cpd04539	MetaCyc:2-AMINO-3-OXO-4-PHOSPHONOOXYBUTYRATE;KEGG:C07335@Charged;ChEBI:77851	MetaCyc:2-AMINO-3-OXO-4-PHOSPHONOOXYBUTYRATE;KEGG:C07335@Charged;ChEBI:77851	MetaCyc:2-AMINO-3-OXO-4-PHOSPHONOOXYBUTYRATE;KEGG:C07335@Charged;ChEBI:77851	MetaCyc:2-AMINO-3-OXO-4-PHOSPHONOOXYBUTYRATE;KEGG:C07335@Charged;ChEBI:77851	KEGG:C07335	KEGG:C07335	EQ	eQuilibrator:MNXM1979	KEGG:C07335@Charged	eQuilibrator:MNXM1979
cpd04540	KEGG:C07336	KEGG:C07336	KEGG:C07336	KEGG:C07336	KEGG:C07336	KEGG:C07336	GC	KEGG:C07336@Charged	KEGG:C07336@Charged	
cpd04541	MetaCyc:CPD-7114;KEGG:C07338@Charged;ChEBI:57467	MetaCyc:CPD-7114;KEGG:C07338@Charged;ChEBI:57467	MetaCyc:CPD-7114;KEGG:C07338@Charged;ChEBI:57467	MetaCyc:CPD-7114;KEGG:C07338@Charged;ChEBI:57467	KEGG:C07338	KEGG:C07338	GC	KEGG:C07338@Charged	KEGG:C07338@Charged	
cpd04542	MetaCyc:ATABRINE;KEGG:C07339@Charged	MetaCyc:ATABRINE;KEGG:C07339@Charged	MetaCyc:ATABRINE;KEGG:C07339@Charged	MetaCyc:ATABRINE;KEGG:C07339@Charged		KEGG:C07339	GC	MetaCyc:ATABRINE@Charged	MetaCyc:ATABRINE@Charged	eQuilibrator:MNXM102886
cpd04543	KEGG:C07340@Charged	KEGG:C07340@Charged	KEGG:C07340@Charged	KEGG:C07340@Charged	KEGG:C07340	KEGG:C07340	EQ	eQuilibrator:MNXM160735	KEGG:C07340@Charged	eQuilibrator:MNXM160735
cpd04544	KEGG:C07341@Charged	KEGG:C07341@Charged	KEGG:C07341@Charged	KEGG:C07341@Charged	KEGG:C07341	KEGG:C07341	GC	KEGG:C07341@Charged	KEGG:C07341@Charged	
cpd04545	KEGG:C07342	KEGG:C07342	KEGG:C07342	KEGG:C07342	KEGG:C07342	KEGG:C07342	GC	KEGG:C07342@Charged	KEGG:C07342@Charged	
cpd04546	MetaCyc:2-HYDROXYPHYTANOYL-COA;ChEBI:57334	MetaCyc:2-HYDROXYPHYTANOYL-COA;ChEBI:57334	MetaCyc:2-HYDROXYPHYTANOYL-COA;ChEBI:57334	MetaCyc:2-HYDROXYPHYTANOYL-COA;ChEBI:57334	KEGG:C07343	KEGG:C07343	EQ	eQuilibrator:MNXM938	MetaCyc:2-HYDROXYPHYTANOYL-COA@Charged	eQuilibrator:MNXM938
cpd04547	MetaCyc:3-HYDROXYQUININE;KEGG:C07344@Charged;ChEBI:58234	MetaCyc:3-HYDROXYQUININE;KEGG:C07344@Charged;ChEBI:58234	MetaCyc:3-HYDROXYQUININE;KEGG:C07344@Charged;ChEBI:58234	MetaCyc:3-HYDROXYQUININE;ChEBI:58234	KEGG:C07344	KEGG:C07344	GC	MetaCyc:3-HYDROXYQUININE@Charged	MetaCyc:3-HYDROXYQUININE@Charged	eQuilibrator:MNXM3845
cpd04548	MetaCyc:BETAINE-ALDEHYDE-HYDRATE;KEGG:C07345;ChEBI:15870	MetaCyc:BETAINE-ALDEHYDE-HYDRATE;KEGG:C07345;ChEBI:15870	MetaCyc:BETAINE-ALDEHYDE-HYDRATE;KEGG:C07345;ChEBI:15870	MetaCyc:BETAINE-ALDEHYDE-HYDRATE;KEGG:C07345;ChEBI:15870	KEGG:C07345	KEGG:C07345	GC	MetaCyc:BETAINE-ALDEHYDE-HYDRATE@Charged	MetaCyc:BETAINE-ALDEHYDE-HYDRATE@Charged	
cpd04549	KEGG:C07346	KEGG:C07346	KEGG:C07346	KEGG:C07346		KEGG:C07346	GC	KEGG:C07346@Charged	KEGG:C07346@Charged	eQuilibrator:MNXM65968
cpd04550	MetaCyc:THIOPHENE-2-CARBONYL-COA;KEGG:C07347@Charged;ChEBI:57395	MetaCyc:THIOPHENE-2-CARBONYL-COA;KEGG:C07347@Charged;ChEBI:57395	MetaCyc:THIOPHENE-2-CARBONYL-COA;KEGG:C07347@Charged;ChEBI:57395	MetaCyc:THIOPHENE-2-CARBONYL-COA;KEGG:C07347@Charged;ChEBI:57395	KEGG:C07347	KEGG:C07347	GC	KEGG:C07347@Charged	KEGG:C07347@Charged	eQuilibrator:MNXM4846
cpd04551	MetaCyc:5-HYDROXYTHIOPHENE-2-CARBONYL-COA@Charged;KEGG:C07348@Charged;ChEBI:57358@Charged	MetaCyc:5-HYDROXYTHIOPHENE-2-CARBONYL-COA@Charged;KEGG:C07348@Charged;ChEBI:57358@Charged	MetaCyc:5-HYDROXYTHIOPHENE-2-CARBONYL-COA@Charged;KEGG:C07348@Charged;ChEBI:57358@Charged	MetaCyc:5-HYDROXYTHIOPHENE-2-CARBONYL-COA@Charged;KEGG:C07348@Charged;ChEBI:57358@Charged	KEGG:C07348	KEGG:C07348	GC	MetaCyc:5-HYDROXYTHIOPHENE-2-CARBONYL-COA@Charged	MetaCyc:5-HYDROXYTHIOPHENE-2-CARBONYL-COA@Charged	
cpd04552	MetaCyc:3-DEMETHYLSTAUROSPORINE;ChEBI:57473	MetaCyc:3-DEMETHYLSTAUROSPORINE;ChEBI:57473	MetaCyc:3-DEMETHYLSTAUROSPORINE;ChEBI:57473	MetaCyc:3-DEMETHYLSTAUROSPORINE;ChEBI:57473	KEGG:C07349	KEGG:C07349	GC	MetaCyc:3-DEMETHYLSTAUROSPORINE@Charged	MetaCyc:3-DEMETHYLSTAUROSPORINE@Charged	
cpd04553	MetaCyc:3-METHYL-1-246-TRIHYDROXYPHENYLBUTAN;KEGG:C07350;ChEBI:15951	MetaCyc:3-METHYL-1-246-TRIHYDROXYPHENYLBUTAN;KEGG:C07350;ChEBI:15951	MetaCyc:3-METHYL-1-246-TRIHYDROXYPHENYLBUTAN;KEGG:C07350;ChEBI:15951	MetaCyc:3-METHYL-1-246-TRIHYDROXYPHENYLBUTAN;KEGG:C07350;ChEBI:15951	KEGG:C07350	KEGG:C07350	EQ	eQuilibrator:MNXM3485	MetaCyc:3-METHYL-1-246-TRIHYDROXYPHENYLBUTAN@Charged	eQuilibrator:MNXM3485
cpd04554	KEGG:C07354@Charged;ChEBI:57468	KEGG:C07354@Charged;ChEBI:57468	KEGG:C07354@Charged;ChEBI:57468	KEGG:C07354@Charged;ChEBI:57468	KEGG:C07354	KEGG:C07354	EQ	eQuilibrator:MNXM2956	KEGG:C07354@Charged	eQuilibrator:MNXM2956
cpd04555	KEGG:C07355@Charged	KEGG:C07355@Charged	KEGG:C07355@Charged	KEGG:C07355@Charged	KEGG:C07355	KEGG:C07355	EQ	eQuilibrator:MNXM31401	KEGG:C07355@Charged	eQuilibrator:MNXM31401
cpd04556	MetaCyc:CPD-25049;KEGG:C07356@Charged	MetaCyc:CPD-25049;KEGG:C07356@Charged	MetaCyc:CPD-25049;KEGG:C07356@Charged	MetaCyc:CPD-25049;KEGG:C07356@Charged	KEGG:C07356	KEGG:C07356	GC	KEGG:C07356@Charged	KEGG:C07356@Charged	eQuilibrator:MNXM65974
cpd04557	KEGG:C07357@Charged	KEGG:C07357@Charged	KEGG:C07357@Charged	KEGG:C07357@Charged	KEGG:C07357	KEGG:C07357	EQ	eQuilibrator:MNXM31404	KEGG:C07357@Charged	eQuilibrator:MNXM31404
cpd04558	KEGG:C07359	KEGG:C07359	KEGG:C07359	KEGG:C07359	KEGG:C07359	KEGG:C07359	EQ	eQuilibrator:MNXM725097	KEGG:C07359@Charged	eQuilibrator:MNXM725097
cpd04559	KEGG:C07360@Charged	KEGG:C07360@Charged	KEGG:C07360@Charged	KEGG:C07360@Charged	KEGG:C07360	KEGG:C07360	GC	KEGG:C07360@Charged	KEGG:C07360@Charged	
cpd04560	KEGG:C07361	KEGG:C07361	KEGG:C07361	KEGG:C07361	KEGG:C07361	KEGG:C07361	GC	KEGG:C07361@Charged	KEGG:C07361@Charged	eQuilibrator:MNXM160253
cpd04561	KEGG:C07362	KEGG:C07362	KEGG:C07362	KEGG:C07362		KEGG:C07362	GC	KEGG:C07362@Charged	KEGG:C07362@Charged	eQuilibrator:MNXM76952
cpd04562	KEGG:C07363@Charged	KEGG:C07363@Charged	KEGG:C07363@Charged	KEGG:C07363@Charged	KEGG:C07363	KEGG:C07363	EQ	eQuilibrator:MNXM159147	KEGG:C07363@Charged	eQuilibrator:MNXM159147
cpd04563	MetaCyc:CPD-13955;KEGG:C12389	MetaCyc:CPD-13955;KEGG:C12389	MetaCyc:CPD-13955;KEGG:C12389	MetaCyc:CPD-13955;KEGG:C12389	KEGG:C12389	KEGG:C12389	EQ	eQuilibrator:MNXM12269	MetaCyc:CPD-13955@Charged	eQuilibrator:MNXM12269
cpd04564	KEGG:C07366	KEGG:C07366	KEGG:C07366	KEGG:C07366	KEGG:C07366	KEGG:C07366	EQ	eQuilibrator:MNXM77953	KEGG:C07366@Charged	eQuilibrator:MNXM77953
cpd04565	KEGG:C07367	KEGG:C07367	KEGG:C07367	KEGG:C07367	KEGG:C07367	KEGG:C07367	GC	KEGG:C07367@Charged	KEGG:C07367@Charged	
cpd04566	KEGG:C07368@Charged	KEGG:C07368@Charged	KEGG:C07368@Charged	KEGG:C07368@Charged		KEGG:C07368	GC	KEGG:C07368@Charged	KEGG:C07368@Charged	eQuilibrator:MNXM77957
cpd04567	KEGG:C07369	KEGG:C07369	KEGG:C07369	KEGG:C07369	KEGG:C07369	KEGG:C07369	GC	KEGG:C07369@Charged	KEGG:C07369@Charged	eQuilibrator:MNXM21137
cpd04568	MetaCyc:CPD-22917;KEGG:C07370	MetaCyc:CPD-22917;KEGG:C07370	MetaCyc:CPD-22917;KEGG:C07370	MetaCyc:CPD-22917;KEGG:C07370	KEGG:C07370	KEGG:C07370	GC	KEGG:C07370@Charged	KEGG:C07370@Charged	eQuilibrator:MNXM21138
cpd04569	KEGG:C07371	KEGG:C07371	KEGG:C07371	KEGG:C07371	KEGG:C07371	KEGG:C07371	EQ	eQuilibrator:MNXM78060	KEGG:C07371@Charged	eQuilibrator:MNXM78060
cpd04570	KEGG:C07372@Charged	KEGG:C07372@Charged	KEGG:C07372@Charged	KEGG:C07372@Charged	KEGG:C07372		GC	KEGG:C07372@Charged	KEGG:C07372@Charged	eQuilibrator:MNXM95638
cpd04571	KEGG:C07373	KEGG:C07373	KEGG:C07373	KEGG:C07373	KEGG:C07373	KEGG:C07373	EQ	eQuilibrator:MNXM78088	KEGG:C07373@Charged	eQuilibrator:MNXM78088
cpd04572	KEGG:C07375@Charged	KEGG:C07375@Charged	KEGG:C07375@Charged	KEGG:C07375@Charged		KEGG:C07375	GC	KEGG:C07375@Charged	KEGG:C07375@Charged	eQuilibrator:MNXM160497
cpd04573	KEGG:C07378@Charged	KEGG:C07378@Charged	KEGG:C07378@Charged	KEGG:C07378@Charged	KEGG:C07378	KEGG:C07378	EQ	eQuilibrator:MNXM78115	KEGG:C07378@Charged	eQuilibrator:MNXM78115
cpd04574	KEGG:C07379@Charged	KEGG:C07379@Charged	KEGG:C07379@Charged	KEGG:C07379@Charged		KEGG:C07379	GC	KEGG:C07379@Charged	KEGG:C07379@Charged	eQuilibrator:MNXM78155
cpd04575	KEGG:C07381@Charged	KEGG:C07381@Charged	KEGG:C07381@Charged	KEGG:C07381@Charged	KEGG:C07381	KEGG:C07381	EQ	eQuilibrator:MNXM160527	KEGG:C07381@Charged	eQuilibrator:MNXM160527
cpd04576	KEGG:C07383@Charged	KEGG:C07383@Charged	KEGG:C07383@Charged	KEGG:C07383@Charged		KEGG:C07383	GC	KEGG:C07383@Charged	KEGG:C07383@Charged	eQuilibrator:MNXM78203
cpd04577	KEGG:C07384	KEGG:C07384	KEGG:C07384	KEGG:C07384@Charged	KEGG:C07384	KEGG:C07384	GC	KEGG:C07384@Charged	KEGG:C07384@Charged	eQuilibrator:MNXM160537
cpd04578	MetaCyc:CPD0-1583;KEGG:C07391@Charged	MetaCyc:CPD0-1583;KEGG:C07391@Charged	MetaCyc:CPD0-1583;KEGG:C07391@Charged	MetaCyc:CPD0-1583;KEGG:C07391@Charged	KEGG:C07391	KEGG:C07391	GC	KEGG:C07391@Charged	KEGG:C07391@Charged	
cpd04579	KEGG:C07393@Charged	KEGG:C07393@Charged	KEGG:C07393@Charged	KEGG:C07393@Charged	KEGG:C07393	KEGG:C07393	GC	KEGG:C07393@Charged	KEGG:C07393@Charged	
cpd04580	MetaCyc:CPD-8718;ChEBI:45863	MetaCyc:CPD-8718;ChEBI:45863	MetaCyc:CPD-8718;ChEBI:45863	MetaCyc:CPD-8718;ChEBI:45863	KEGG:C07394	KEGG:C07394	GC	MetaCyc:CPD-8718@Charged	MetaCyc:CPD-8718@Charged	eQuilibrator:MNXM162590
cpd04581	MetaCyc:PAMIDRONATE;KEGG:C07395@Charged	MetaCyc:PAMIDRONATE;KEGG:C07395@Charged	MetaCyc:PAMIDRONATE;KEGG:C07395@Charged	MetaCyc:PAMIDRONATE;KEGG:C07395@Charged	KEGG:C07395	KEGG:C07395	GC	KEGG:C07395@Charged	KEGG:C07395@Charged	
cpd04582	KEGG:C07397@Charged	KEGG:C07397@Charged	KEGG:C07397@Charged	KEGG:C07397@Charged	KEGG:C07397	KEGG:C07397	EQ	eQuilibrator:MNXM80425	KEGG:C07397@Charged	eQuilibrator:MNXM80425
cpd04583	KEGG:C07398@Charged	KEGG:C07398@Charged	KEGG:C07398@Charged	KEGG:C07398@Charged	KEGG:C07398	KEGG:C07398	EQ	eQuilibrator:MNXM80440	KEGG:C07398@Charged	eQuilibrator:MNXM80440
cpd04584	KEGG:C07400	KEGG:C07400	KEGG:C07400	KEGG:C07400	KEGG:C07400	KEGG:C07400	GC	KEGG:C07400@Charged	KEGG:C07400@Charged	
cpd04585	KEGG:C07401@Charged	KEGG:C07401@Charged	KEGG:C07401@Charged	KEGG:C07401@Charged	KEGG:C07401	KEGG:C07401	GC	KEGG:C07401@Charged	KEGG:C07401@Charged	eQuilibrator:MNXM78089
cpd04586	KEGG:C07402@Charged	KEGG:C07402@Charged	KEGG:C07402@Charged	KEGG:C07402@Charged	KEGG:C07402	KEGG:C07402	EQ	eQuilibrator:MNXM78093	KEGG:C07402@Charged	eQuilibrator:MNXM78093
cpd04587	MetaCyc:CPD-10433;KEGG:C07403@Charged	MetaCyc:CPD-10433;KEGG:C07403@Charged	MetaCyc:CPD-10433;KEGG:C07403@Charged	MetaCyc:CPD-10433;KEGG:C07403@Charged		KEGG:C07403	EQ	eQuilibrator:MNXM108224	MetaCyc:CPD-10433@Charged	eQuilibrator:MNXM108224
cpd04588	KEGG:C07404@Charged	KEGG:C07404@Charged	KEGG:C07404@Charged	KEGG:C07404@Charged		KEGG:C07404	GC	KEGG:C07404@Charged	KEGG:C07404@Charged	eQuilibrator:MNXM160521
cpd04589	KEGG:C07405@Charged	KEGG:C07405@Charged	KEGG:C07405@Charged	KEGG:C07405@Charged	KEGG:C07405	KEGG:C07405	GC	KEGG:C07405@Charged	KEGG:C07405@Charged	eQuilibrator:MNXM78222
cpd04590	KEGG:C07406@Charged	KEGG:C07406@Charged	KEGG:C07406@Charged	KEGG:C07406@Charged		KEGG:C07406	GC	KEGG:C07406@Charged	KEGG:C07406@Charged	eQuilibrator:MNXM49274
cpd04591	KEGG:C07407@Charged	KEGG:C07407@Charged	KEGG:C07407@Charged	KEGG:C07407@Charged	KEGG:C07407	KEGG:C07407	EQ	eQuilibrator:MNXM725343	KEGG:C07407@Charged	eQuilibrator:MNXM725343
cpd04592	KEGG:C07408@Charged	KEGG:C07408@Charged	KEGG:C07408@Charged	KEGG:C07408@Charged		KEGG:C07408	EQ	eQuilibrator:MNXM78376	KEGG:C07408@Charged	eQuilibrator:MNXM78376
cpd04593	KEGG:C07409@Charged	KEGG:C07409@Charged	KEGG:C07409@Charged	KEGG:C07409@Charged		KEGG:C07409	GC	KEGG:C07409@Charged	KEGG:C07409@Charged	eQuilibrator:MNXM79818
cpd04594	KEGG:C07410	KEGG:C07410	KEGG:C07410	KEGG:C07410			GC	KEGG:C07410@Charged	KEGG:C07410@Charged	eQuilibrator:MNXM79906
cpd04595	KEGG:C07411	KEGG:C07411	KEGG:C07411	KEGG:C07411		KEGG:C07411	GC	KEGG:C07411@Charged	KEGG:C07411@Charged	eQuilibrator:MNXM67622
cpd04596	KEGG:C07412	KEGG:C07412	KEGG:C07412	KEGG:C07412		KEGG:C07412	EQ	eQuilibrator:MNXM80055	KEGG:C07412@Charged	eQuilibrator:MNXM80055
cpd04597	KEGG:C07413	KEGG:C07413	KEGG:C07413	KEGG:C07413	KEGG:C07413	KEGG:C07413	GC	KEGG:C07413@Charged	KEGG:C07413@Charged	eQuilibrator:MNXM67623
cpd04598	MetaCyc:CPD-13898@Charged;KEGG:C07414@Charged	MetaCyc:CPD-13898@Charged;KEGG:C07414@Charged	MetaCyc:CPD-13898@Charged;KEGG:C07414@Charged	MetaCyc:CPD-13898@Charged;KEGG:C07414@Charged		KEGG:C07414	GC	MetaCyc:CPD-13898@Charged	MetaCyc:CPD-13898@Charged	
cpd04599	KEGG:C07415@Charged	KEGG:C07415@Charged	KEGG:C07415@Charged	KEGG:C07415@Charged	KEGG:C07415	KEGG:C07415	EQ	eQuilibrator:MNXM159220	KEGG:C07415@Charged	eQuilibrator:MNXM159220
cpd04600	KEGG:C07416@Charged	KEGG:C07416@Charged	KEGG:C07416@Charged	KEGG:C07416@Charged	KEGG:C07416	KEGG:C07416	EQ	eQuilibrator:MNXM73084	KEGG:C07416@Charged	eQuilibrator:MNXM73084
cpd04601	KEGG:C07417	KEGG:C07417	KEGG:C07417	KEGG:C07417@Charged	KEGG:C07417	KEGG:C07417	GC	KEGG:C07417@Charged	KEGG:C07417@Charged	eQuilibrator:MNXM73087
cpd04602	KEGG:C07418@Charged	KEGG:C07418@Charged	KEGG:C07418@Charged	KEGG:C07418@Charged	KEGG:C07418	KEGG:C07418	GC	KEGG:C07418@Charged	KEGG:C07418@Charged	
cpd04603	MetaCyc:CPD-20897@Charged;KEGG:C07420@Charged	MetaCyc:CPD-20897@Charged;KEGG:C07420@Charged	MetaCyc:CPD-20897@Charged;KEGG:C07420@Charged	MetaCyc:CPD-20897@Charged;KEGG:C07420@Charged		KEGG:C07420	GC	MetaCyc:CPD-20897@Charged	MetaCyc:CPD-20897@Charged	eQuilibrator:MNXM159523
cpd04604	KEGG:C07421@Charged	KEGG:C07421@Charged	KEGG:C07421@Charged	KEGG:C07421@Charged	KEGG:C07421	KEGG:C07421	GC	KEGG:C07421@Charged	KEGG:C07421@Charged	
cpd04605	KEGG:C07422	KEGG:C07422	KEGG:C07422	KEGG:C07422	KEGG:C07422	KEGG:C07422	EQ	eQuilibrator:MNXM73244	KEGG:C07422@Charged	eQuilibrator:MNXM73244
cpd04606	KEGG:C07423@Charged	KEGG:C07423@Charged	KEGG:C07423@Charged	KEGG:C07423@Charged	KEGG:C07423	KEGG:C07423	EQ	eQuilibrator:MNXM159534	KEGG:C07423@Charged	eQuilibrator:MNXM159534
cpd04607	KEGG:C07424	KEGG:C07424	KEGG:C07424	KEGG:C07424	KEGG:C07424	KEGG:C07424	EQ	eQuilibrator:MNXM73262	KEGG:C07424@Charged	eQuilibrator:MNXM73262
cpd04608	KEGG:C07425@Charged	KEGG:C07425@Charged	KEGG:C07425@Charged	KEGG:C07425@Charged	KEGG:C07425	KEGG:C07425	GC	KEGG:C07425@Charged	KEGG:C07425@Charged	eQuilibrator:MNXM159564
cpd04609	KEGG:C07427@Charged	KEGG:C07427@Charged	KEGG:C07427@Charged	KEGG:C07427@Charged	KEGG:C07427	KEGG:C07427	EQ	eQuilibrator:MNXM129179	KEGG:C07427@Charged	eQuilibrator:MNXM129179
cpd04610	KEGG:C07428	KEGG:C07428	KEGG:C07428	KEGG:C07428	KEGG:C07428	KEGG:C07428	EQ	eQuilibrator:MNXM74866	KEGG:C07428@Charged	eQuilibrator:MNXM74866
cpd04611	KEGG:C07429	KEGG:C07429	KEGG:C07429	KEGG:C07429	KEGG:C07429	KEGG:C07429	GC	KEGG:C07429@Charged	KEGG:C07429@Charged	eQuilibrator:MNXM74895
cpd04612						KEGG:C07430	GC			
cpd04613	KEGG:C07432@Charged	KEGG:C07432@Charged	KEGG:C07432@Charged	KEGG:C07432@Charged		KEGG:C07432	EQ	eQuilibrator:MNXM74918	KEGG:C07432@Charged	eQuilibrator:MNXM74918
cpd04614	KEGG:C07433	KEGG:C07433	KEGG:C07433	KEGG:C07433@Charged	KEGG:C07433	KEGG:C07433	EQ	eQuilibrator:MNXM159617	KEGG:C07433@Charged	eQuilibrator:MNXM159617
cpd04615	MetaCyc:CPD-20313;KEGG:C07434	MetaCyc:CPD-20313;KEGG:C07434	MetaCyc:CPD-20313;KEGG:C07434	MetaCyc:CPD-20313;KEGG:C07434	KEGG:C07434	KEGG:C07434	EQ	eQuilibrator:MNXM159618	MetaCyc:CPD-20313@Charged	eQuilibrator:MNXM159618
cpd04616	KEGG:C07435@Charged	KEGG:C07435@Charged	KEGG:C07435@Charged	KEGG:C07435@Charged		KEGG:C07435	GC	KEGG:C07435@Charged	KEGG:C07435@Charged	eQuilibrator:MNXM74943
cpd04617	KEGG:C07437	KEGG:C07437	KEGG:C07437	KEGG:C07437	KEGG:C07437	KEGG:C07437	EQ	eQuilibrator:MNXM74949	KEGG:C07437@Charged	eQuilibrator:MNXM74949
cpd04618	MetaCyc:CPD-7657;KEGG:C07438@Charged	MetaCyc:CPD-7657;KEGG:C07438@Charged	MetaCyc:CPD-7657;KEGG:C07438@Charged	MetaCyc:CPD-7657;KEGG:C07438@Charged		KEGG:C07438	EQ	eQuilibrator:MNXM159632	MetaCyc:CPD-7657@Charged	eQuilibrator:MNXM159632
cpd04619	MetaCyc:CPD-25143@Charged;KEGG:C07440@Charged	MetaCyc:CPD-25143@Charged;KEGG:C07440@Charged	MetaCyc:CPD-25143@Charged;KEGG:C07440@Charged	MetaCyc:CPD-25143@Charged;KEGG:C07440@Charged	KEGG:C07440	KEGG:C07440	EQ		KEGG:C07440@Charged	
cpd04620	KEGG:C07441@Charged	KEGG:C07441@Charged	KEGG:C07441@Charged	KEGG:C07441@Charged	KEGG:C07441	KEGG:C07441	EQ	eQuilibrator:MNXM74998	KEGG:C07441@Charged	eQuilibrator:MNXM74998
cpd04621	MetaCyc:CPD-16703;KEGG:C07443	MetaCyc:CPD-16703;KEGG:C07443	MetaCyc:CPD-16703;KEGG:C07443	MetaCyc:CPD-16703;KEGG:C07443@Charged	KEGG:C07443	KEGG:C07443	EQ	eQuilibrator:MNXM4777	MetaCyc:CPD-16703@Charged	eQuilibrator:MNXM4777
cpd04622	KEGG:C07445@Charged	KEGG:C07445@Charged	KEGG:C07445@Charged	KEGG:C07445@Charged	KEGG:C07445	KEGG:C07445	EQ	eQuilibrator:MNXM76620	KEGG:C07445@Charged	eQuilibrator:MNXM76620
cpd04623	MetaCyc:CPD-13335;KEGG:C07446@Charged	MetaCyc:CPD-13335;KEGG:C07446@Charged	MetaCyc:CPD-13335;KEGG:C07446@Charged	MetaCyc:CPD-13335;KEGG:C07446@Charged	KEGG:C07446	KEGG:C07446	EQ	eQuilibrator:MNXM5192	KEGG:C07446@Charged	eQuilibrator:MNXM5192
cpd04624	KEGG:C07447	KEGG:C07447	KEGG:C07447	KEGG:C07447	KEGG:C07447	KEGG:C07447	GC	KEGG:C07447@Charged	KEGG:C07447@Charged	
cpd04625	KEGG:C07448	KEGG:C07448	KEGG:C07448	KEGG:C07448	KEGG:C07448	KEGG:C07448	GC	KEGG:C07448@Charged	KEGG:C07448@Charged	
cpd04626	KEGG:C07449	KEGG:C07449	KEGG:C07449	KEGG:C07449@Charged	KEGG:C07449	KEGG:C07449	GC	KEGG:C07449@Charged	KEGG:C07449@Charged	
cpd04627	KEGG:C07450	KEGG:C07450	KEGG:C07450	KEGG:C07450	KEGG:C07450	KEGG:C07450	EQ	eQuilibrator:MNXM11345	KEGG:C07450@Charged	eQuilibrator:MNXM11345
cpd04628	KEGG:C07451@Charged	KEGG:C07451@Charged	KEGG:C07451@Charged	KEGG:C07451@Charged	KEGG:C07451	KEGG:C07451	GC	KEGG:C07451@Charged	KEGG:C07451@Charged	eQuilibrator:MNXM62587
cpd04629	KEGG:C07452@Charged	KEGG:C07452@Charged	KEGG:C07452@Charged	KEGG:C07452@Charged	KEGG:C07452	KEGG:C07452	GC	KEGG:C07452@Charged	KEGG:C07452@Charged	
cpd04630	KEGG:C07453@Charged	KEGG:C07453@Charged	KEGG:C07453@Charged	KEGG:C07453@Charged	KEGG:C07453	KEGG:C07453	EQ	eQuilibrator:MNXM52354	KEGG:C07453@Charged	eQuilibrator:MNXM52354
cpd04631	KEGG:C07454@Charged	KEGG:C07454@Charged	KEGG:C07454@Charged	KEGG:C07454@Charged	KEGG:C07454	KEGG:C07454	EQ		KEGG:C07454@Charged	
cpd04632	MetaCyc:CPD-143;KEGG:C07455	MetaCyc:CPD-143;KEGG:C07455	MetaCyc:CPD-143;KEGG:C07455	MetaCyc:CPD-143;KEGG:C07455		KEGG:C07455	GC	MetaCyc:CPD-143@Charged	MetaCyc:CPD-143@Charged	
cpd04633	KEGG:C07456	KEGG:C07456	KEGG:C07456	KEGG:C07456		KEGG:C07456	GC	KEGG:C07456@Charged	KEGG:C07456@Charged	
cpd04634	KEGG:C07457	KEGG:C07457	KEGG:C07457	KEGG:C07457		KEGG:C07457	GC	KEGG:C07457@Charged	KEGG:C07457@Charged	
cpd04635	MetaCyc:CPD0-2631;KEGG:C07458	MetaCyc:CPD0-2631;KEGG:C07458	MetaCyc:CPD0-2631;KEGG:C07458	MetaCyc:CPD0-2631;KEGG:C07458	KEGG:C07458	KEGG:C07458	GC	MetaCyc:CPD0-2631@Charged	MetaCyc:CPD0-2631@Charged	
cpd04636	KEGG:C07459	KEGG:C07459	KEGG:C07459	KEGG:C07459	KEGG:C07459		GC	KEGG:C07459@Charged	KEGG:C07459@Charged	
cpd04637	KEGG:C07460	KEGG:C07460	KEGG:C07460	KEGG:C07460	KEGG:C07460	KEGG:C07460	GC	KEGG:C07460@Charged	KEGG:C07460@Charged	
cpd04638	KEGG:C07461	KEGG:C07461	KEGG:C07461	KEGG:C07461	KEGG:C07461	KEGG:C07461	GC	KEGG:C07461@Charged	KEGG:C07461@Charged	
cpd04639	MetaCyc:CPD-20527@Charged;KEGG:C07463@Charged	MetaCyc:CPD-20527@Charged;KEGG:C07463@Charged	MetaCyc:CPD-20527@Charged;KEGG:C07463@Charged	MetaCyc:CPD-20527@Charged;KEGG:C07463@Charged	KEGG:C07463	KEGG:C07463	EQ	eQuilibrator:MNXM83636	MetaCyc:CPD-20527@Charged	eQuilibrator:MNXM83636
cpd04640	KEGG:C07464@Charged	KEGG:C07464@Charged	KEGG:C07464@Charged	KEGG:C07464@Charged	KEGG:C07464	KEGG:C07464	EQ	eQuilibrator:MNXM59026	KEGG:C07464@Charged	eQuilibrator:MNXM59026
cpd04641	KEGG:C07465	KEGG:C07465	KEGG:C07465	KEGG:C07465@Charged	KEGG:C07465	KEGG:C07465	GC	KEGG:C07465@Charged	KEGG:C07465@Charged	
cpd04642	KEGG:C07466@Charged	KEGG:C07466@Charged	KEGG:C07466@Charged	KEGG:C07466@Charged	KEGG:C07466	KEGG:C07466	EQ	eQuilibrator:MNXM52043	KEGG:C07466@Charged	eQuilibrator:MNXM52043
cpd04643	KEGG:C07467@Charged	KEGG:C07467@Charged	KEGG:C07467@Charged	KEGG:C07467@Charged	KEGG:C07467	KEGG:C07467	GC	KEGG:C07467@Charged	KEGG:C07467@Charged	eQuilibrator:MNXM52419
cpd04644	KEGG:C07468@Charged;ChEBI:149509	KEGG:C07468@Charged;ChEBI:149509	KEGG:C07468@Charged;ChEBI:149509	KEGG:C07468@Charged;ChEBI:149509	KEGG:C07468	KEGG:C07468	GC	KEGG:C07468@Charged	KEGG:C07468@Charged	
cpd04645	KEGG:C07469@Charged	KEGG:C07469@Charged	KEGG:C07469@Charged	KEGG:C07469@Charged	KEGG:C07469	KEGG:C07469	GC	KEGG:C07469@Charged	KEGG:C07469@Charged	eQuilibrator:MNXM57703
cpd04647	KEGG:C07471	KEGG:C07471	KEGG:C07471	KEGG:C07471		KEGG:C07471	GC	KEGG:C07471@Charged	KEGG:C07471@Charged	eQuilibrator:MNXM61587
cpd04648	KEGG:C07473	KEGG:C07473	KEGG:C07473	KEGG:C07473	KEGG:C07473	KEGG:C07473	GC	KEGG:C07473@Charged	KEGG:C07473@Charged	eQuilibrator:MNXM570945
cpd04649	KEGG:C07474	KEGG:C07474	KEGG:C07474	KEGG:C07474		KEGG:C07474	EQ	eQuilibrator:MNXM30120	KEGG:C07474@Charged	eQuilibrator:MNXM30120
cpd04650	KEGG:C07475@Charged	KEGG:C07475@Charged	KEGG:C07475@Charged	KEGG:C07475@Charged	KEGG:C07475	KEGG:C07475	EQ	eQuilibrator:MNXM9364	KEGG:C07475@Charged	eQuilibrator:MNXM9364
cpd04651	KEGG:C07478@Charged	KEGG:C07478@Charged	KEGG:C07478@Charged	KEGG:C07478@Charged	KEGG:C07478		EQ		KEGG:C07478@Charged	
cpd04652	MetaCyc:CPD-9164	MetaCyc:CPD-9164	MetaCyc:CPD-9164	MetaCyc:CPD-9164	KEGG:C07479		EQ	eQuilibrator:MNXM722918	MetaCyc:CPD-9164@Charged	eQuilibrator:MNXM722918
cpd04653	MetaCyc:3-7-DIMETHYLXANTHINE;KEGG:C07480;ChEBI:28946	MetaCyc:3-7-DIMETHYLXANTHINE;KEGG:C07480;ChEBI:28946	MetaCyc:3-7-DIMETHYLXANTHINE;KEGG:C07480;ChEBI:28946	MetaCyc:3-7-DIMETHYLXANTHINE;KEGG:C07480;ChEBI:28946	KEGG:C07480	KEGG:C07480	EQ	eQuilibrator:MNXM905	KEGG:C07480@Charged	eQuilibrator:MNXM905
cpd04654	MetaCyc:1-3-7-TRIMETHYLXANTHINE;KEGG:C07481;ChEBI:27732	MetaCyc:1-3-7-TRIMETHYLXANTHINE;KEGG:C07481;ChEBI:27732	MetaCyc:1-3-7-TRIMETHYLXANTHINE;KEGG:C07481;ChEBI:27732	MetaCyc:1-3-7-TRIMETHYLXANTHINE;KEGG:C07481;ChEBI:27732		KEGG:C07481	EQ	eQuilibrator:MNXM680	MetaCyc:1-3-7-TRIMETHYLXANTHINE@Charged	eQuilibrator:MNXM680
cpd04655	KEGG:C07482@Charged	KEGG:C07482@Charged	KEGG:C07482@Charged	KEGG:C07482@Charged	KEGG:C07482	KEGG:C07482	EQ	eQuilibrator:MNXM158131	KEGG:C07482@Charged	eQuilibrator:MNXM158131
cpd04656	KEGG:C07484	KEGG:C07484	KEGG:C07484	KEGG:C07484		KEGG:C07484	GC	KEGG:C07484@Charged	KEGG:C07484@Charged	
cpd04657	KEGG:C07485@Charged	KEGG:C07485@Charged	KEGG:C07485@Charged	KEGG:C07485@Charged		KEGG:C07485	GC	KEGG:C07485@Charged	KEGG:C07485@Charged	
cpd04658	KEGG:C07486	KEGG:C07486	KEGG:C07486	KEGG:C07486	KEGG:C07486	KEGG:C07486	EQ	eQuilibrator:MNXM64920	KEGG:C07486@Charged	eQuilibrator:MNXM64920
cpd04659	KEGG:C07488	KEGG:C07488	KEGG:C07488	KEGG:C07488	KEGG:C07488	KEGG:C07488	GC	KEGG:C07488@Charged	KEGG:C07488@Charged	
cpd04660	KEGG:C07489	KEGG:C07489	KEGG:C07489	KEGG:C07489	KEGG:C07489	KEGG:C07489	EQ	eQuilibrator:MNXM55259	KEGG:C07489@Charged	eQuilibrator:MNXM55259
cpd04661	MetaCyc:CPD-9673;KEGG:C07490	MetaCyc:CPD-9673;KEGG:C07490	MetaCyc:CPD-9673;KEGG:C07490	MetaCyc:CPD-9673;KEGG:C07490	KEGG:C07490	KEGG:C07490	EQ	eQuilibrator:MNXM3152	KEGG:C07490@Charged	eQuilibrator:MNXM3152
cpd04662	MetaCyc:CPD-22702;KEGG:C07491	MetaCyc:CPD-22702;KEGG:C07491	MetaCyc:CPD-22702;KEGG:C07491	MetaCyc:CPD-22702;KEGG:C07491	KEGG:C07491		GC	KEGG:C07491@Charged	KEGG:C07491@Charged	eQuilibrator:MNXM45504
cpd04663	KEGG:C07492	KEGG:C07492	KEGG:C07492	KEGG:C07492	KEGG:C07492	KEGG:C07492	EQ	eQuilibrator:MNXM12539	KEGG:C07492@Charged	eQuilibrator:MNXM12539
cpd04664	KEGG:C07493	KEGG:C07493	KEGG:C07493	KEGG:C07493	KEGG:C07493	KEGG:C07493	EQ	eQuilibrator:MNXM6626	KEGG:C07493@Charged	eQuilibrator:MNXM6626
cpd04665	KEGG:C07494	KEGG:C07494	KEGG:C07494	KEGG:C07494		KEGG:C07494	GC	KEGG:C07494@Charged	KEGG:C07494@Charged	
cpd04666	KEGG:C07495	KEGG:C07495	KEGG:C07495	KEGG:C07495	KEGG:C07495	KEGG:C07495	EQ	eQuilibrator:MNXM7304	KEGG:C07495@Charged	eQuilibrator:MNXM7304
cpd04667	KEGG:C07496	KEGG:C07496	KEGG:C07496	KEGG:C07496	KEGG:C07496	KEGG:C07496	GC	KEGG:C07496@Charged	KEGG:C07496@Charged	
cpd04668	MetaCyc:CPD-13116;KEGG:C07497	MetaCyc:CPD-13116;KEGG:C07497	MetaCyc:CPD-13116;KEGG:C07497	MetaCyc:CPD-13116;KEGG:C07497		KEGG:C07497	GC	KEGG:C07497@Charged	KEGG:C07497@Charged	
cpd04669	KEGG:C07498	KEGG:C07498	KEGG:C07498	KEGG:C07498		KEGG:C07498	GC	KEGG:C07498@Charged	KEGG:C07498@Charged	
cpd04670	KEGG:C07499	KEGG:C07499	KEGG:C07499	KEGG:C07499	KEGG:C07499	KEGG:C07499	EQ	eQuilibrator:MNXM75002	KEGG:C07499@Charged	eQuilibrator:MNXM75002
cpd04671	MetaCyc:VIGABATRIN;KEGG:C07500	MetaCyc:VIGABATRIN;KEGG:C07500	MetaCyc:VIGABATRIN;KEGG:C07500	MetaCyc:VIGABATRIN;KEGG:C07500@Charged	KEGG:C07500	KEGG:C07500	EQ	eQuilibrator:MNXM88857	MetaCyc:VIGABATRIN@Charged	eQuilibrator:MNXM88857
cpd04672	KEGG:C07501	KEGG:C07501	KEGG:C07501	KEGG:C07501	KEGG:C07501		GC	KEGG:C07501@Charged	KEGG:C07501@Charged	eQuilibrator:MNXM5154
cpd04673	KEGG:C07502	KEGG:C07502	KEGG:C07502	KEGG:C07502	KEGG:C07502	KEGG:C07502	GC	KEGG:C07502@Charged	KEGG:C07502@Charged	
cpd04674	KEGG:C07503	KEGG:C07503	KEGG:C07503	KEGG:C07503@Charged	KEGG:C07503	KEGG:C07503	GC	KEGG:C07503@Charged	KEGG:C07503@Charged	eQuilibrator:MNXM87190
cpd04675	KEGG:C07504	KEGG:C07504	KEGG:C07504	KEGG:C07504	KEGG:C07504	KEGG:C07504	GC	KEGG:C07504@Charged	KEGG:C07504@Charged	
cpd04676	KEGG:C07505	KEGG:C07505	KEGG:C07505	KEGG:C07505	KEGG:C07505	KEGG:C07505	EQ	eQuilibrator:MNXM52724	KEGG:C07505@Charged	eQuilibrator:MNXM52724
cpd04677	KEGG:C07506	KEGG:C07506	KEGG:C07506	KEGG:C07506	KEGG:C07506	KEGG:C07506	GC	KEGG:C07506@Charged	KEGG:C07506@Charged	eQuilibrator:MNXM78198
cpd04678	KEGG:C07508@Charged	KEGG:C07508@Charged	KEGG:C07508@Charged	KEGG:C07508@Charged	KEGG:C07508	KEGG:C07508	EQ	eQuilibrator:MNXM108008	KEGG:C07508@Charged	eQuilibrator:MNXM108008
cpd04679	KEGG:C07509	KEGG:C07509	KEGG:C07509	KEGG:C07509	KEGG:C07509	KEGG:C07509	GC	KEGG:C07509@Charged	KEGG:C07509@Charged	
cpd04680	KEGG:C07510	KEGG:C07510	KEGG:C07510	KEGG:C07510			GC	KEGG:C07510@Charged	KEGG:C07510@Charged	eQuilibrator:MNXM56411
cpd04681	KEGG:C07511@Charged	KEGG:C07511@Charged	KEGG:C07511@Charged	KEGG:C07511@Charged		KEGG:C07511	GC	KEGG:C07511@Charged	KEGG:C07511@Charged	eQuilibrator:MNXM61254
cpd04682	KEGG:C07512	KEGG:C07512	KEGG:C07512	KEGG:C07512			GC	KEGG:C07512@Charged	KEGG:C07512@Charged	eQuilibrator:MNXM83858
cpd04683	KEGG:C07513@Charged	KEGG:C07513@Charged	KEGG:C07513@Charged	KEGG:C07513@Charged	KEGG:C07513	KEGG:C07513	EQ	eQuilibrator:MNXM61666	KEGG:C07513@Charged	eQuilibrator:MNXM61666
cpd04684	MetaCyc:CPD-20952;KEGG:C07514@Charged	MetaCyc:CPD-20952;KEGG:C07514@Charged	MetaCyc:CPD-20952;KEGG:C07514@Charged	MetaCyc:CPD-20952;KEGG:C07514@Charged		KEGG:C07514	EQ	eQuilibrator:MNXM97638	MetaCyc:CPD-20952@Charged	eQuilibrator:MNXM97638
cpd04685	KEGG:C07515	KEGG:C07515	KEGG:C07515	KEGG:C07515	KEGG:C07515		GC	KEGG:C07515@Charged	KEGG:C07515@Charged	eQuilibrator:MNXM4005
cpd04686	KEGG:C07516	KEGG:C07516	KEGG:C07516	KEGG:C07516		KEGG:C07516	GC	KEGG:C07516@Charged	KEGG:C07516@Charged	eQuilibrator:MNXM52081
cpd04687	KEGG:C07517	KEGG:C07517	KEGG:C07517	KEGG:C07517	KEGG:C07517	KEGG:C07517	GC	KEGG:C07517@Charged	KEGG:C07517@Charged	eQuilibrator:MNXM61684
cpd04688	KEGG:C07518	KEGG:C07518	KEGG:C07518	KEGG:C07518		KEGG:C07518	GC	KEGG:C07518@Charged	KEGG:C07518@Charged	eQuilibrator:MNXM57946
cpd04689	KEGG:C07519	KEGG:C07519	KEGG:C07519	KEGG:C07519	KEGG:C07519	KEGG:C07519	GC	KEGG:C07519@Charged	KEGG:C07519@Charged	eQuilibrator:MNXM49172
cpd04690	KEGG:C07520	KEGG:C07520	KEGG:C07520	KEGG:C07520	KEGG:C07520	KEGG:C07520	GC	KEGG:C07520@Charged	KEGG:C07520@Charged	eQuilibrator:MNXM81949
cpd04691	KEGG:C07521	KEGG:C07521	KEGG:C07521	KEGG:C07521	KEGG:C07521	KEGG:C07521	GC	KEGG:C07521@Charged	KEGG:C07521@Charged	
cpd04692	MetaCyc:CPD-23989;KEGG:C07522	MetaCyc:CPD-23989;KEGG:C07522	MetaCyc:CPD-23989;KEGG:C07522	MetaCyc:CPD-23989;KEGG:C07522		KEGG:C07522	EQ	eQuilibrator:MNXM52874	KEGG:C07522@Charged	eQuilibrator:MNXM52874
cpd04693	MetaCyc:CPD-11437;KEGG:C07523	MetaCyc:CPD-11437;KEGG:C07523	MetaCyc:CPD-11437;KEGG:C07523	MetaCyc:CPD-11437;KEGG:C07523	KEGG:C07523	KEGG:C07523	EQ	eQuilibrator:MNXM21246	KEGG:C07523@Charged	eQuilibrator:MNXM21246
cpd04694	MetaCyc:CPD-20500;KEGG:C07524	MetaCyc:CPD-20500;KEGG:C07524	MetaCyc:CPD-20500;KEGG:C07524	MetaCyc:CPD-20500;KEGG:C07524		KEGG:C07524	GC	KEGG:C07524@Charged	KEGG:C07524@Charged	eQuilibrator:MNXM62123
cpd04695	KEGG:C07525@Charged	KEGG:C07525@Charged	KEGG:C07525@Charged	KEGG:C07525@Charged	KEGG:C07525	KEGG:C07525	EQ	eQuilibrator:MNXM59025	KEGG:C07525@Charged	eQuilibrator:MNXM59025
cpd04696	KEGG:C07526@Charged	KEGG:C07526@Charged	KEGG:C07526@Charged	KEGG:C07526@Charged		KEGG:C07526	GC	KEGG:C07526@Charged	KEGG:C07526@Charged	eQuilibrator:MNXM83767
cpd04697	MetaCyc:CPD-24161;KEGG:C07527	MetaCyc:CPD-24161;KEGG:C07527	MetaCyc:CPD-24161;KEGG:C07527	MetaCyc:CPD-24161;KEGG:C07527		KEGG:C07527	EQ	eQuilibrator:MNXM43556	KEGG:C07527@Charged	eQuilibrator:MNXM43556
cpd04698	KEGG:C07528@Charged	KEGG:C07528@Charged	KEGG:C07528@Charged	KEGG:C07528@Charged	KEGG:C07528	KEGG:C07528	EQ	eQuilibrator:MNXM61424	KEGG:C07528@Charged	eQuilibrator:MNXM61424
cpd04699	KEGG:C07529@Charged	KEGG:C07529@Charged	KEGG:C07529@Charged	KEGG:C07529@Charged	KEGG:C07529	KEGG:C07529	EQ	eQuilibrator:MNXM152961	KEGG:C07529@Charged	eQuilibrator:MNXM152961
cpd04700	KEGG:C07530@Charged	KEGG:C07530@Charged	KEGG:C07530@Charged	KEGG:C07530@Charged	KEGG:C07530	KEGG:C07530	GC	KEGG:C07530@Charged	KEGG:C07530@Charged	eQuilibrator:MNXM52846
cpd04701	KEGG:C07531@Charged	KEGG:C07531@Charged	KEGG:C07531@Charged	KEGG:C07531@Charged	KEGG:C07531	KEGG:C07531	EQ	eQuilibrator:MNXM95632	KEGG:C07531@Charged	eQuilibrator:MNXM95632
cpd04702	KEGG:C07532@Charged	KEGG:C07532@Charged	KEGG:C07532@Charged	KEGG:C07532@Charged	KEGG:C07532	KEGG:C07532	GC	KEGG:C07532@Charged	KEGG:C07532@Charged	
cpd04703	KEGG:C07533@Charged	KEGG:C07533@Charged	KEGG:C07533@Charged	KEGG:C07533@Charged	KEGG:C07533	KEGG:C07533	EQ	eQuilibrator:MNXM78015	KEGG:C07533@Charged	eQuilibrator:MNXM78015
cpd04704	KEGG:C07534;ChEBI:4903	KEGG:C07534;ChEBI:4903	KEGG:C07534;ChEBI:4903	KEGG:C07534;ChEBI:4903	KEGG:C07534	KEGG:C07534	GC	KEGG:C07534@Charged	KEGG:C07534@Charged	
cpd04705	KEGG:C07535	KEGG:C07535	KEGG:C07535	KEGG:C07535			GC	KEGG:C07535@Charged	KEGG:C07535@Charged	eQuilibrator:MNXM3216
cpd04706	MetaCyc:CPD-5742@Charged;KEGG:C07536	MetaCyc:CPD-5742@Charged;KEGG:C07536	MetaCyc:CPD-5742@Charged;KEGG:C07536	MetaCyc:CPD-5742@Charged;KEGG:C07536@Charged	KEGG:C07536	KEGG:C07536	EQ	eQuilibrator:MNXM41921	MetaCyc:CPD-5742@Charged	eQuilibrator:MNXM41921
cpd04707	MetaCyc:CPD-23746;KEGG:C07537@Charged	MetaCyc:CPD-23746;KEGG:C07537@Charged	MetaCyc:CPD-23746;KEGG:C07537@Charged	MetaCyc:CPD-23746;KEGG:C07537@Charged	KEGG:C07537	KEGG:C07537	GC	KEGG:C07537@Charged	KEGG:C07537@Charged	
cpd04708	MetaCyc:CPD-10530@Charged;KEGG:C07538@Charged	MetaCyc:CPD-10530@Charged;KEGG:C07538@Charged	MetaCyc:CPD-10530@Charged;KEGG:C07538@Charged	MetaCyc:CPD-10530@Charged;KEGG:C07538@Charged		KEGG:C07538	GC	MetaCyc:CPD-10530@Charged	MetaCyc:CPD-10530@Charged	
cpd04709	MetaCyc:CPD-25170;KEGG:C07539	MetaCyc:CPD-25170;KEGG:C07539	MetaCyc:CPD-25170;KEGG:C07539	MetaCyc:CPD-25170;KEGG:C07539		KEGG:C07539	GC	KEGG:C07539@Charged	KEGG:C07539@Charged	
cpd04710	KEGG:C07540@Charged	KEGG:C07540@Charged	KEGG:C07540@Charged	KEGG:C07540@Charged	KEGG:C07540	KEGG:C07540	GC	KEGG:C07540@Charged	KEGG:C07540@Charged	eQuilibrator:MNXM38874
cpd04711	MetaCyc:CPD-12364;KEGG:C07541	MetaCyc:CPD-12364;KEGG:C07541	MetaCyc:CPD-12364;KEGG:C07541	MetaCyc:CPD-12364;KEGG:C07541@Charged	KEGG:C07541	KEGG:C07541	GC	MetaCyc:CPD-12364@Charged	MetaCyc:CPD-12364@Charged	
cpd04712	MetaCyc:CPD-14458@Charged;KEGG:C07542@Charged	MetaCyc:CPD-14458@Charged;KEGG:C07542@Charged	MetaCyc:CPD-14458@Charged;KEGG:C07542@Charged	MetaCyc:CPD-14458@Charged;KEGG:C07542@Charged	KEGG:C07542	KEGG:C07542	GC	KEGG:C07542@Charged	KEGG:C07542@Charged	eQuilibrator:MNXM60729
cpd04713	MetaCyc:CPD-14457;KEGG:C07543	MetaCyc:CPD-14457;KEGG:C07543	MetaCyc:CPD-14457;KEGG:C07543	MetaCyc:CPD-14457;KEGG:C07543	KEGG:C07543	KEGG:C07543	GC	KEGG:C07543@Charged	KEGG:C07543@Charged	
cpd04714	MetaCyc:CPD-12363@Charged	MetaCyc:CPD-12363@Charged	MetaCyc:CPD-12363@Charged	MetaCyc:CPD-12363@Charged	KEGG:C07544	KEGG:C07544	GC	MetaCyc:CPD-12363@Charged	MetaCyc:CPD-12363@Charged	eQuilibrator:MNXM17562
cpd04715	KEGG:C07545	KEGG:C07545	KEGG:C07545	KEGG:C07545	KEGG:C07545	KEGG:C07545	GC	KEGG:C07545@Charged	KEGG:C07545@Charged	
cpd04716	KEGG:C07546	KEGG:C07546	KEGG:C07546	KEGG:C07546		KEGG:C07546	GC	KEGG:C07546@Charged	KEGG:C07546@Charged	eQuilibrator:MNXM82901
cpd04717	KEGG:C07547@Charged	KEGG:C07547@Charged	KEGG:C07547@Charged	KEGG:C07547@Charged	KEGG:C07547	KEGG:C07547	GC	KEGG:C07547@Charged	KEGG:C07547@Charged	
cpd04718	KEGG:C07548	KEGG:C07548	KEGG:C07548	KEGG:C07548	KEGG:C07548	KEGG:C07548	GC	KEGG:C07548@Charged	KEGG:C07548@Charged	
cpd04719	KEGG:C07549	KEGG:C07549	KEGG:C07549	KEGG:C07549	KEGG:C07549	KEGG:C07549	GC	KEGG:C07549@Charged	KEGG:C07549@Charged	
cpd04720	KEGG:C07550	KEGG:C07550	KEGG:C07550	KEGG:C07550	KEGG:C07550	KEGG:C07550	GC	KEGG:C07550@Charged	KEGG:C07550@Charged	
cpd04721	KEGG:C07551	KEGG:C07551	KEGG:C07551	KEGG:C07551		KEGG:C07551	GC	KEGG:C07551@Charged	KEGG:C07551@Charged	
cpd04722	KEGG:C07552	KEGG:C07552	KEGG:C07552	KEGG:C07552			GC	KEGG:C07552@Charged	KEGG:C07552@Charged	
cpd04723	KEGG:C07553@Charged	KEGG:C07553@Charged	KEGG:C07553@Charged	KEGG:C07553@Charged		KEGG:C07553	GC	KEGG:C07553@Charged	KEGG:C07553@Charged	
cpd04724	KEGG:C07554	KEGG:C07554	KEGG:C07554	KEGG:C07554		KEGG:C07554	GC	KEGG:C07554@Charged	KEGG:C07554@Charged	
cpd04725	MetaCyc:CPD-17561;KEGG:C07555	MetaCyc:CPD-17561;KEGG:C07555	MetaCyc:CPD-17561;KEGG:C07555	MetaCyc:CPD-17561;KEGG:C07555		KEGG:C07555	GC	KEGG:C07555@Charged	KEGG:C07555@Charged	eQuilibrator:MNXM37660
cpd04726	KEGG:C07556@Charged	KEGG:C07556@Charged	KEGG:C07556@Charged	KEGG:C07556@Charged	KEGG:C07556	KEGG:C07556	GC	KEGG:C07556@Charged	KEGG:C07556@Charged	
cpd04727	KEGG:C07557	KEGG:C07557	KEGG:C07557	KEGG:C07557		KEGG:C07557	EQ	eQuilibrator:MNXM34397	KEGG:C07557@Charged	eQuilibrator:MNXM34397
cpd04728	KEGG:C07558	KEGG:C07558	KEGG:C07558	KEGG:C07558	KEGG:C07558	KEGG:C07558	GC	KEGG:C07558@Charged	KEGG:C07558@Charged	
cpd04729	KEGG:C07559@Charged	KEGG:C07559@Charged	KEGG:C07559@Charged	KEGG:C07559@Charged		KEGG:C07559	EQ	eQuilibrator:MNXM46510	KEGG:C07559@Charged	eQuilibrator:MNXM46510
cpd04730	KEGG:C07560	KEGG:C07560	KEGG:C07560	KEGG:C07560		KEGG:C07560	EQ	eQuilibrator:MNXM61632	KEGG:C07560@Charged	eQuilibrator:MNXM61632
cpd04731	MetaCyc:CPD-842;KEGG:C07561	MetaCyc:CPD-842;KEGG:C07561	MetaCyc:CPD-842;KEGG:C07561	MetaCyc:CPD-842;KEGG:C07561			EQ	eQuilibrator:MNXM3103	MetaCyc:CPD-842@Charged	eQuilibrator:MNXM3103
cpd04732	KEGG:C07564@Charged	KEGG:C07564@Charged	KEGG:C07564@Charged	KEGG:C07564@Charged	KEGG:C07564	KEGG:C07564	GC	KEGG:C07564@Charged	KEGG:C07564@Charged	eQuilibrator:MNXM81094
cpd04733										
cpd04734	KEGG:C07566@Charged	KEGG:C07566@Charged	KEGG:C07566@Charged	KEGG:C07566@Charged	KEGG:C07566	KEGG:C07566	EQ	eQuilibrator:MNXM76612	KEGG:C07566@Charged	eQuilibrator:MNXM76612
cpd04735	KEGG:C07567@Charged	KEGG:C07567@Charged	KEGG:C07567@Charged	KEGG:C07567@Charged	KEGG:C07567	KEGG:C07567	EQ	eQuilibrator:MNXM81915	KEGG:C07567@Charged	eQuilibrator:MNXM81915
cpd04736	KEGG:C07568@Charged	KEGG:C07568@Charged	KEGG:C07568@Charged	KEGG:C07568@Charged	KEGG:C07568	KEGG:C07568	GC	KEGG:C07568@Charged	KEGG:C07568@Charged	
cpd04737	MetaCyc:CPD-11429@Charged;KEGG:C07569@Charged	MetaCyc:CPD-11429@Charged;KEGG:C07569@Charged	MetaCyc:CPD-11429@Charged;KEGG:C07569@Charged	MetaCyc:CPD-11429@Charged;KEGG:C07569@Charged	KEGG:C07569	KEGG:C07569	GC	KEGG:C07569@Charged	KEGG:C07569@Charged	
cpd04738	MetaCyc:CPD-20632;KEGG:C07570	MetaCyc:CPD-20632;KEGG:C07570	MetaCyc:CPD-20632;KEGG:C07570	MetaCyc:CPD-20632;KEGG:C07570		KEGG:C07570	GC	KEGG:C07570@Charged	KEGG:C07570@Charged	
cpd04739	MetaCyc:CPD-20520@Charged;KEGG:C07571@Charged	MetaCyc:CPD-20520@Charged;KEGG:C07571@Charged	MetaCyc:CPD-20520@Charged;KEGG:C07571@Charged	MetaCyc:CPD-20520@Charged;KEGG:C07571@Charged		KEGG:C07571	GC	KEGG:C07571@Charged	KEGG:C07571@Charged	eQuilibrator:MNXM53718
cpd04740	KEGG:C07572@Charged	KEGG:C07572@Charged	KEGG:C07572@Charged	KEGG:C07572@Charged		KEGG:C07572	GC	KEGG:C07572@Charged	KEGG:C07572@Charged	
cpd04741	KEGG:C07573	KEGG:C07573	KEGG:C07573	KEGG:C07573	KEGG:C07573	KEGG:C07573	GC	KEGG:C07573@Charged	KEGG:C07573@Charged	
cpd04742	MetaCyc:CPD-10425@Charged	MetaCyc:CPD-10425@Charged	MetaCyc:CPD-10425@Charged	MetaCyc:CPD-10425@Charged	KEGG:C07574	KEGG:C07574	GC	MetaCyc:CPD-10425@Original	MetaCyc:CPD-10425@Original	
cpd04743	KEGG:C07575@Charged	KEGG:C07575@Charged	KEGG:C07575@Charged	KEGG:C07575@Charged		KEGG:C07575	EQ	eQuilibrator:MNXM74899	KEGG:C07575@Charged	eQuilibrator:MNXM74899
cpd04744	MetaCyc:CPD-20576;KEGG:C07576@Charged;ChEBI:139072	MetaCyc:CPD-20576;KEGG:C07576@Charged;ChEBI:139072	MetaCyc:CPD-20576;KEGG:C07576@Charged;ChEBI:139072	MetaCyc:CPD-20576;KEGG:C07576@Charged;ChEBI:139072	KEGG:C07576	KEGG:C07576	GC	MetaCyc:CPD-20576@Charged	MetaCyc:CPD-20576@Charged	
cpd04745	MetaCyc:CPD-21979@Charged;KEGG:C07577@Charged	MetaCyc:CPD-21979@Charged;KEGG:C07577@Charged	MetaCyc:CPD-21979@Charged;KEGG:C07577@Charged	MetaCyc:CPD-21979@Charged;KEGG:C07577@Charged	KEGG:C07577	KEGG:C07577	EQ	eQuilibrator:MNXM36076	KEGG:C07577@Charged	eQuilibrator:MNXM36076
cpd04746	MetaCyc:CPD-7173@Charged	MetaCyc:CPD-7173@Charged	MetaCyc:CPD-7173@Charged	MetaCyc:CPD-7173@Charged	KEGG:C07578	KEGG:C07578	EQ	eQuilibrator:MNXM103492	MetaCyc:CPD-7173@Charged	eQuilibrator:MNXM103492
cpd04747	MetaCyc:CPD-25511;KEGG:C07580	MetaCyc:CPD-25511;KEGG:C07580	MetaCyc:CPD-25511;KEGG:C07580	MetaCyc:CPD-25511;KEGG:C07580	KEGG:C07580	KEGG:C07580	EQ	eQuilibrator:MNXM45390	KEGG:C07580@Charged	eQuilibrator:MNXM45390
cpd04748	MetaCyc:CPD-15307;KEGG:C07581	MetaCyc:CPD-15307;KEGG:C07581	MetaCyc:CPD-15307;KEGG:C07581	MetaCyc:CPD-15307;KEGG:C07581		KEGG:C07581	EQ	eQuilibrator:MNXM79654	MetaCyc:CPD-15307@Charged	eQuilibrator:MNXM79654
cpd04749	MetaCyc:PTEROATE;KEGG:C07582@Charged	MetaCyc:PTEROATE;KEGG:C07582@Charged	MetaCyc:PTEROATE;KEGG:C07582@Charged	MetaCyc:PTEROATE;KEGG:C07582@Charged	KEGG:C07582	KEGG:C07582	GC	MetaCyc:PTEROATE@Charged	MetaCyc:PTEROATE@Charged	eQuilibrator:MNXM10165
cpd04750	KEGG:C07584@Charged	KEGG:C07584@Charged	KEGG:C07584@Charged	KEGG:C07584@Charged	KEGG:C07584	KEGG:C07584	GC	KEGG:C07584@Charged	KEGG:C07584@Charged	
cpd04751	KEGG:C07585	KEGG:C07585	KEGG:C07585	KEGG:C07585	KEGG:C07585	KEGG:C07585	EQ	eQuilibrator:MNXM6337	KEGG:C07585@Charged	eQuilibrator:MNXM6337
cpd04752	KEGG:C07586	KEGG:C07586	KEGG:C07586	KEGG:C07586		KEGG:C07586	EQ	eQuilibrator:MNXM53225	KEGG:C07586@Charged	eQuilibrator:MNXM53225
cpd04753	KEGG:C07588@Charged	KEGG:C07588@Charged	KEGG:C07588@Charged	KEGG:C07588@Charged	KEGG:C07588	KEGG:C07588	EQ	eQuilibrator:MNXM5295	KEGG:C07588@Charged	eQuilibrator:MNXM5295
cpd04754	MetaCyc:CPD-25140;KEGG:C07589	MetaCyc:CPD-25140;KEGG:C07589	MetaCyc:CPD-25140;KEGG:C07589	MetaCyc:CPD-25140;KEGG:C07589	KEGG:C07589	KEGG:C07589	GC	KEGG:C07589@Charged	KEGG:C07589@Charged	
cpd04755	MetaCyc:CPD-25086;KEGG:C07590	MetaCyc:CPD-25086;KEGG:C07590	MetaCyc:CPD-25086;KEGG:C07590	MetaCyc:CPD-25086;KEGG:C07590	KEGG:C07590	KEGG:C07590	GC	KEGG:C07590@Charged	KEGG:C07590@Charged	eQuilibrator:MNXM81064
cpd04756	MetaCyc:CPD-15515;KEGG:C07591	MetaCyc:CPD-15515;KEGG:C07591	MetaCyc:CPD-15515;KEGG:C07591	MetaCyc:CPD-15515;KEGG:C07591	KEGG:C07591	KEGG:C07591	EQ	eQuilibrator:MNXM20410	KEGG:C07591@Charged	eQuilibrator:MNXM20410
cpd04757	MetaCyc:CPD-9785;KEGG:C07592	MetaCyc:CPD-9785;KEGG:C07592	MetaCyc:CPD-9785;KEGG:C07592	MetaCyc:CPD-9785;KEGG:C07592	KEGG:C07592	KEGG:C07592	GC	MetaCyc:CPD-9785@Charged	MetaCyc:CPD-9785@Charged	
cpd04758	MetaCyc:CPD-5741;KEGG:C07593	MetaCyc:CPD-5741;KEGG:C07593	MetaCyc:CPD-5741;KEGG:C07593	MetaCyc:CPD-5741;KEGG:C07593	KEGG:C07593	KEGG:C07593	GC	KEGG:C07593@Charged	KEGG:C07593@Charged	eQuilibrator:MNXM6425
cpd04759	MetaCyc:CPD-13655;KEGG:C07594;ChEBI:27815	MetaCyc:CPD-13655;KEGG:C07594;ChEBI:27815	MetaCyc:CPD-13655;KEGG:C07594;ChEBI:27815	MetaCyc:CPD-13655;KEGG:C07594;ChEBI:27815	KEGG:C07594	KEGG:C07594	GC	MetaCyc:CPD-13655@Charged	MetaCyc:CPD-13655@Charged	eQuilibrator:MNXM21405
cpd04760	KEGG:C07596@Charged	KEGG:C07596@Charged	KEGG:C07596@Charged	KEGG:C07596@Charged	KEGG:C07596	KEGG:C07596	GC	KEGG:C07596@Charged	KEGG:C07596@Charged	
cpd04761	MetaCyc:CPD0-2124@Charged	MetaCyc:CPD0-2124@Charged	MetaCyc:CPD0-2124@Charged	MetaCyc:CPD0-2124@Charged	KEGG:C07597	KEGG:C07597	GC	MetaCyc:CPD0-2124@Charged	MetaCyc:CPD0-2124@Charged	
cpd04762	KEGG:C07598@Charged	KEGG:C07598@Charged	KEGG:C07598@Charged	KEGG:C07598@Charged	KEGG:C07598		EQ	eQuilibrator:MNXM82887	KEGG:C07598@Charged	eQuilibrator:MNXM82887
cpd04763	KEGG:C07599@Charged	KEGG:C07599@Charged	KEGG:C07599@Charged	KEGG:C07599@Charged	KEGG:C07599	KEGG:C07599	GC	KEGG:C07599@Charged	KEGG:C07599@Charged	
cpd04764	MetaCyc:CPD-9275;KEGG:C07600	MetaCyc:CPD-9275;KEGG:C07600	MetaCyc:CPD-9275;KEGG:C07600	MetaCyc:CPD-9275;KEGG:C07600		KEGG:C07600	GC	KEGG:C07600@Charged	KEGG:C07600@Charged	
cpd04765	KEGG:C07601@Charged	KEGG:C07601@Charged	KEGG:C07601@Charged	KEGG:C07601@Charged	KEGG:C07601	KEGG:C07601	GC	KEGG:C07601@Charged	KEGG:C07601@Charged	
cpd04766	KEGG:C07602@Charged	KEGG:C07602@Charged	KEGG:C07602@Charged	KEGG:C07602@Charged	KEGG:C07602	KEGG:C07602	GC	KEGG:C07602@Charged	KEGG:C07602@Charged	
cpd04767	KEGG:C07603@Charged	KEGG:C07603@Charged	KEGG:C07603@Charged	KEGG:C07603@Charged	KEGG:C07603	KEGG:C07603	GC	KEGG:C07603@Charged	KEGG:C07603@Charged	
cpd04768	KEGG:C07604@Charged	KEGG:C07604@Charged	KEGG:C07604@Charged	KEGG:C07604@Charged	KEGG:C07604	KEGG:C07604	GC	KEGG:C07604@Charged	KEGG:C07604@Charged	
cpd04769	KEGG:C07605@Charged	KEGG:C07605@Charged	KEGG:C07605@Charged	KEGG:C07605@Charged	KEGG:C07605	KEGG:C07605	GC	KEGG:C07605@Charged	KEGG:C07605@Charged	
cpd04770	MetaCyc:CPD-9562@Charged;KEGG:C07606@Charged	MetaCyc:CPD-9562@Charged;KEGG:C07606@Charged	MetaCyc:CPD-9562@Charged;KEGG:C07606@Charged	MetaCyc:CPD-9562@Charged;KEGG:C07606@Charged	KEGG:C07606	KEGG:C07606	GC	KEGG:C07606@Charged	KEGG:C07606@Charged	
cpd04771	KEGG:C07607@Charged	KEGG:C07607@Charged	KEGG:C07607@Charged	KEGG:C07607@Charged	KEGG:C07607	KEGG:C07607	GC	KEGG:C07607@Charged	KEGG:C07607@Charged	
cpd04772	MetaCyc:CPD-9635@Charged;KEGG:C07608@Charged	MetaCyc:CPD-9635@Charged;KEGG:C07608@Charged	MetaCyc:CPD-9635@Charged;KEGG:C07608@Charged	MetaCyc:CPD-9635@Charged;KEGG:C07608@Charged	KEGG:C07608	KEGG:C07608	GC	KEGG:C07608@Charged	KEGG:C07608@Charged	eQuilibrator:MNXM56981
cpd04773	KEGG:C07609	KEGG:C07609	KEGG:C07609	KEGG:C07609		KEGG:C07609	GC	KEGG:C07609@Charged	KEGG:C07609@Charged	
cpd04774	KEGG:C07610	KEGG:C07610	KEGG:C07610	KEGG:C07610	KEGG:C07610	KEGG:C07610	EQ	eQuilibrator:MNXM82125	KEGG:C07610@Charged	eQuilibrator:MNXM82125
cpd04775	KEGG:C07611	KEGG:C07611	KEGG:C07611	KEGG:C07611	KEGG:C07611	KEGG:C07611	GC	KEGG:C07611@Charged	KEGG:C07611@Charged	
cpd04776	KEGG:C07612@Charged	KEGG:C07612@Charged	KEGG:C07612@Charged	KEGG:C07612@Charged	KEGG:C07612	KEGG:C07612	GC	KEGG:C07612@Charged	KEGG:C07612@Charged	
cpd04777	KEGG:C07613@Charged	KEGG:C07613@Charged	KEGG:C07613@Charged	KEGG:C07613@Charged	KEGG:C07613	KEGG:C07613	GC	KEGG:C07613@Charged	KEGG:C07613@Charged	eQuilibrator:MNXM64108
cpd04778	KEGG:C07615	KEGG:C07615	KEGG:C07615	KEGG:C07615			GC	KEGG:C07615@Charged	KEGG:C07615@Charged	
cpd04779	KEGG:C07616	KEGG:C07616	KEGG:C07616	KEGG:C07616	KEGG:C07616	KEGG:C07616	EQ	eQuilibrator:MNXM41971	KEGG:C07616@Charged	eQuilibrator:MNXM41971
cpd04780	MetaCyc:CPD-10532;KEGG:C07617	MetaCyc:CPD-10532;KEGG:C07617	MetaCyc:CPD-10532;KEGG:C07617	MetaCyc:CPD-10532;KEGG:C07617	KEGG:C07617	KEGG:C07617	EQ	eQuilibrator:MNXM41847	MetaCyc:CPD-10532@Charged	eQuilibrator:MNXM41847
cpd04781	MetaCyc:CPD-24343;KEGG:C07618	MetaCyc:CPD-24343;KEGG:C07618	MetaCyc:CPD-24343;KEGG:C07618	MetaCyc:CPD-24343;KEGG:C07618	KEGG:C07618	KEGG:C07618	GC	KEGG:C07618@Charged	KEGG:C07618@Charged	
cpd04782	MetaCyc:CPD-24342;KEGG:C07619	MetaCyc:CPD-24342;KEGG:C07619	MetaCyc:CPD-24342;KEGG:C07619	MetaCyc:CPD-24342;KEGG:C07619	KEGG:C07619	KEGG:C07619	GC	KEGG:C07619@Charged	KEGG:C07619@Charged	
cpd04783	KEGG:C07620	KEGG:C07620	KEGG:C07620	KEGG:C07620	KEGG:C07620	KEGG:C07620	EQ	eQuilibrator:MNXM50614	KEGG:C07620@Charged	eQuilibrator:MNXM50614
cpd04784	KEGG:C07621@Charged	KEGG:C07621@Charged	KEGG:C07621@Charged	KEGG:C07621@Charged	KEGG:C07621	KEGG:C07621	EQ	eQuilibrator:MNXM61596	KEGG:C07621@Charged	eQuilibrator:MNXM61596
cpd04785	KEGG:C07622;ChEBI:10023	KEGG:C07622;ChEBI:10023	KEGG:C07622;ChEBI:10023	KEGG:C07622;ChEBI:10023	KEGG:C07622	KEGG:C07622	GC	KEGG:C07622@Charged	KEGG:C07622@Charged	
cpd04786	KEGG:C07624	KEGG:C07624	KEGG:C07624	KEGG:C07624	KEGG:C07624	KEGG:C07624	GC	KEGG:C07624@Charged	KEGG:C07624@Charged	eQuilibrator:MNXM114083
cpd04787	MetaCyc:CPD-23333;KEGG:C07625@Charged	MetaCyc:CPD-23333;KEGG:C07625@Charged	MetaCyc:CPD-23333;KEGG:C07625@Charged	MetaCyc:CPD-23333;KEGG:C07625@Charged		KEGG:C07625	GC	KEGG:C07625@Charged	KEGG:C07625@Charged	eQuilibrator:MNXM46486
cpd04788	MetaCyc:CPD-10889@Charged;KEGG:C07626@Charged	MetaCyc:CPD-10889@Charged;KEGG:C07626@Charged	MetaCyc:CPD-10889@Charged;KEGG:C07626@Charged	MetaCyc:CPD-10889@Charged;KEGG:C07626@Charged	KEGG:C07626	KEGG:C07626	GC	MetaCyc:CPD-10889@Charged	MetaCyc:CPD-10889@Charged	eQuilibrator:MNXM41923
cpd04789	KEGG:C07627@Charged	KEGG:C07627@Charged	KEGG:C07627@Charged	KEGG:C07627@Charged	KEGG:C07627	KEGG:C07627	EQ	eQuilibrator:MNXM78049	KEGG:C07627@Charged	eQuilibrator:MNXM78049
cpd04790	KEGG:C07628	KEGG:C07628	KEGG:C07628	KEGG:C07628	KEGG:C07628	KEGG:C07628	GC	KEGG:C07628@Charged	KEGG:C07628@Charged	
cpd04791	KEGG:C07629	KEGG:C07629	KEGG:C07629	KEGG:C07629	KEGG:C07629	KEGG:C07629	GC	KEGG:C07629@Charged	KEGG:C07629@Charged	
cpd04792	KEGG:C07630@Charged	KEGG:C07630@Charged	KEGG:C07630@Charged	KEGG:C07630@Charged	KEGG:C07630	KEGG:C07630	GC	KEGG:C07630@Charged	KEGG:C07630@Charged	eQuilibrator:MNXM161329
cpd04793	KEGG:C07631@Charged	KEGG:C07631@Charged	KEGG:C07631@Charged	KEGG:C07631@Charged	KEGG:C07631	KEGG:C07631	GC	KEGG:C07631@Charged	KEGG:C07631@Charged	eQuilibrator:MNXM78135
cpd04794	KEGG:C07632	KEGG:C07632	KEGG:C07632	KEGG:C07632	KEGG:C07632	KEGG:C07632	GC	KEGG:C07632@Charged	KEGG:C07632@Charged	
cpd04795	KEGG:C07633@Charged	KEGG:C07633@Charged	KEGG:C07633@Charged	KEGG:C07633@Charged	KEGG:C07633	KEGG:C07633	GC	KEGG:C07633@Charged	KEGG:C07633@Charged	eQuilibrator:MNXM30210
cpd04796	KEGG:C07634@Charged	KEGG:C07634@Charged	KEGG:C07634@Charged	KEGG:C07634@Charged	KEGG:C07634	KEGG:C07634	GC	KEGG:C07634@Charged	KEGG:C07634@Charged	
cpd04797	MetaCyc:CPD-13750;KEGG:C07635;ChEBI:541975	MetaCyc:CPD-13750;KEGG:C07635;ChEBI:541975	MetaCyc:CPD-13750;KEGG:C07635;ChEBI:541975	MetaCyc:CPD-13750;KEGG:C07635;ChEBI:541975	KEGG:C07635	KEGG:C07635	GC	KEGG:C07635@Charged	KEGG:C07635@Charged	eQuilibrator:MNXM17507
cpd04798	KEGG:C07636@Charged	KEGG:C07636@Charged	KEGG:C07636@Charged	KEGG:C07636@Charged	KEGG:C07636	KEGG:C07636	EQ	eQuilibrator:MNXM57609	KEGG:C07636@Charged	eQuilibrator:MNXM57609
cpd04799	KEGG:C07637	KEGG:C07637	KEGG:C07637	KEGG:C07637	KEGG:C07637	KEGG:C07637	GC	KEGG:C07637@Charged	KEGG:C07637@Charged	eQuilibrator:MNXM724598
cpd04801	KEGG:C07640	KEGG:C07640	KEGG:C07640	KEGG:C07640	KEGG:C07640	KEGG:C07640	GC	KEGG:C07640@Charged	KEGG:C07640@Charged	
cpd04802	KEGG:C07641	KEGG:C07641	KEGG:C07641	KEGG:C07641		KEGG:C07641	GC	KEGG:C07641@Charged	KEGG:C07641@Charged	
cpd04803	KEGG:C07642	KEGG:C07642	KEGG:C07642	KEGG:C07642		KEGG:C07642	GC	KEGG:C07642@Charged	KEGG:C07642@Charged	
cpd04804	KEGG:C07643	KEGG:C07643	KEGG:C07643	KEGG:C07643	KEGG:C07643	KEGG:C07643	GC	KEGG:C07643@Charged	KEGG:C07643@Charged	
cpd04805	KEGG:C07644	KEGG:C07644	KEGG:C07644	KEGG:C07644	KEGG:C07644	KEGG:C07644	GC	KEGG:C07644@Charged	KEGG:C07644@Charged	
cpd04806	KEGG:C07645	KEGG:C07645	KEGG:C07645	KEGG:C07645	KEGG:C07645	KEGG:C07645	GC	KEGG:C07645@Charged	KEGG:C07645@Charged	
cpd04807	KEGG:C07646@Charged	KEGG:C07646@Charged	KEGG:C07646@Charged	KEGG:C07646@Charged	KEGG:C07646		GC	KEGG:C07646@Charged	KEGG:C07646@Charged	
cpd04808	KEGG:C07647@Charged	KEGG:C07647@Charged	KEGG:C07647@Charged	KEGG:C07647@Charged	KEGG:C07647		GC	KEGG:C07647@Charged	KEGG:C07647@Charged	
cpd04809	MetaCyc:CPD-5721;KEGG:C07648;ChEBI:9555	MetaCyc:CPD-5721;KEGG:C07648;ChEBI:9555	MetaCyc:CPD-5721;KEGG:C07648;ChEBI:9555	ChEBI:9555@Charged	KEGG:C07648	KEGG:C07648	GC	KEGG:C07648@Charged	KEGG:C07648@Charged	
cpd04810	MetaCyc:CPD0-1327@Charged;KEGG:C07649@Charged	MetaCyc:CPD0-1327@Charged;KEGG:C07649@Charged	MetaCyc:CPD0-1327@Charged;KEGG:C07649@Charged	MetaCyc:CPD0-1327@Charged;KEGG:C07649@Charged	KEGG:C07649	KEGG:C07649	EQ		KEGG:C07649@Charged	
cpd04811	MetaCyc:CPD-24549;KEGG:C07650	MetaCyc:CPD-24549;KEGG:C07650	MetaCyc:CPD-24549;KEGG:C07650	MetaCyc:CPD-24549;KEGG:C07650	KEGG:C07650	KEGG:C07650	GC	KEGG:C07650@Charged	KEGG:C07650@Charged	eQuilibrator:MNXM18032
cpd04812	KEGG:C07651@Charged	KEGG:C07651@Charged	KEGG:C07651@Charged	KEGG:C07651@Charged	KEGG:C07651	KEGG:C07651	EQ	eQuilibrator:MNXM96011	KEGG:C07651@Charged	eQuilibrator:MNXM96011
cpd04813	KEGG:C07652	KEGG:C07652	KEGG:C07652	KEGG:C07652	KEGG:C07652	KEGG:C07652	GC	KEGG:C07652@Charged	KEGG:C07652@Charged	
cpd04814	KEGG:C07653	KEGG:C07653	KEGG:C07653	KEGG:C07653	KEGG:C07653	KEGG:C07653	GC	KEGG:C07653@Charged	KEGG:C07653@Charged	eQuilibrator:MNXM53701
cpd04815					KEGG:C07654	KEGG:C07654	GC			
cpd04816	KEGG:C07655@Charged	KEGG:C07655@Charged	KEGG:C07655@Charged	KEGG:C07655@Charged	KEGG:C07655	KEGG:C07655	EQ	eQuilibrator:MNXM82825	KEGG:C07655@Charged	eQuilibrator:MNXM82825
cpd04817	MetaCyc:CPD-14213;KEGG:C07656@Charged	MetaCyc:CPD-14213;KEGG:C07656@Charged	MetaCyc:CPD-14213;KEGG:C07656@Charged	MetaCyc:CPD-14213;KEGG:C07656@Charged	KEGG:C07656	KEGG:C07656	GC	KEGG:C07656@Charged	KEGG:C07656@Charged	
cpd04818	KEGG:C07657@Charged	KEGG:C07657@Charged	KEGG:C07657@Charged	KEGG:C07657@Charged	KEGG:C07657	KEGG:C07657	GC	KEGG:C07657@Charged	KEGG:C07657@Charged	
cpd04819	MetaCyc:CPD-20940@Charged;KEGG:C07658@Charged	MetaCyc:CPD-20940@Charged;KEGG:C07658@Charged	MetaCyc:CPD-20940@Charged;KEGG:C07658@Charged	MetaCyc:CPD-20940@Charged;KEGG:C07658@Charged	KEGG:C07658	KEGG:C07658	GC	KEGG:C07658@Charged	KEGG:C07658@Charged	eQuilibrator:MNXM161326
cpd04820	KEGG:C07659@Charged	KEGG:C07659@Charged	KEGG:C07659@Charged	KEGG:C07659@Charged	KEGG:C07659	KEGG:C07659	GC	KEGG:C07659@Charged	KEGG:C07659@Charged	eQuilibrator:MNXM83001
cpd04821	KEGG:C07660	KEGG:C07660	KEGG:C07660	KEGG:C07660@Charged	KEGG:C07660	KEGG:C07660	GC	KEGG:C07660@Charged	KEGG:C07660@Charged	
cpd04822	KEGG:C07661	KEGG:C07661	KEGG:C07661	KEGG:C07661@Charged	KEGG:C07661	KEGG:C07661	EQ	eQuilibrator:MNXM54782	KEGG:C07661@Charged	eQuilibrator:MNXM54782
cpd04823	KEGG:C07662	KEGG:C07662	KEGG:C07662	KEGG:C07662@Charged	KEGG:C07662	KEGG:C07662	EQ	eQuilibrator:MNXM82524	KEGG:C07662@Charged	eQuilibrator:MNXM82524
cpd04824	KEGG:C07663	KEGG:C07663	KEGG:C07663	KEGG:C07663@Charged	KEGG:C07663	KEGG:C07663	GC	KEGG:C07663@Charged	KEGG:C07663@Charged	
cpd04825	KEGG:C07664	KEGG:C07664	KEGG:C07664	KEGG:C07664@Charged	KEGG:C07664	KEGG:C07664	GC	KEGG:C07664@Charged	KEGG:C07664@Charged	eQuilibrator:MNXM88229
cpd04826	MetaCyc:CPD-19988;KEGG:C07665;ChEBI:4885	MetaCyc:CPD-19988;KEGG:C07665;ChEBI:4885	MetaCyc:CPD-19988;KEGG:C07665;ChEBI:4885	MetaCyc:CPD-19988;KEGG:C07665;ChEBI:4885	KEGG:C07665	KEGG:C07665	GC	MetaCyc:CPD-19988@Charged	MetaCyc:CPD-19988@Charged	
cpd04827	MetaCyc:CPD-20638;KEGG:C07666	MetaCyc:CPD-20638;KEGG:C07666	MetaCyc:CPD-20638;KEGG:C07666	MetaCyc:CPD-20638;KEGG:C07666		KEGG:C07666	GC	KEGG:C07666@Charged	KEGG:C07666@Charged	eQuilibrator:MNXM48763
cpd04828	MetaCyc:CPD-9526;KEGG:C07667	MetaCyc:CPD-9526;KEGG:C07667	MetaCyc:CPD-9526;KEGG:C07667	MetaCyc:CPD-9526;KEGG:C07667	KEGG:C07667	KEGG:C07667	GC	MetaCyc:CPD-9526@Charged	MetaCyc:CPD-9526@Charged	eQuilibrator:MNXM8688
cpd04829	KEGG:C07668@Charged	KEGG:C07668@Charged	KEGG:C07668@Charged	KEGG:C07668@Charged	KEGG:C07668	KEGG:C07668	GC	KEGG:C07668@Charged	KEGG:C07668@Charged	eQuilibrator:MNXM42434
cpd04830	KEGG:C07669@Charged	KEGG:C07669@Charged	KEGG:C07669@Charged	KEGG:C07669@Charged	KEGG:C07669	KEGG:C07669	GC	KEGG:C07669@Charged	KEGG:C07669@Charged	
cpd04831	KEGG:C07670@Charged	KEGG:C07670@Charged	KEGG:C07670@Charged	KEGG:C07670@Charged	KEGG:C07670	KEGG:C07670	EQ	eQuilibrator:MNXM80676	KEGG:C07670@Charged	eQuilibrator:MNXM80676
cpd04832	KEGG:C07671@Charged	KEGG:C07671@Charged	KEGG:C07671@Charged	KEGG:C07671@Charged	KEGG:C07671	KEGG:C07671	GC	KEGG:C07671@Charged	KEGG:C07671@Charged	
cpd04833	KEGG:C07672@Charged	KEGG:C07672@Charged	KEGG:C07672@Charged	KEGG:C07672@Charged	KEGG:C07672	KEGG:C07672	GC	KEGG:C07672@Charged	KEGG:C07672@Charged	eQuilibrator:MNXM44266
cpd04834	KEGG:C07673@Charged	KEGG:C07673@Charged	KEGG:C07673@Charged	KEGG:C07673@Charged	KEGG:C07673	KEGG:C07673	GC	KEGG:C07673@Charged	KEGG:C07673@Charged	eQuilibrator:MNXM74909
cpd04835	KEGG:C07674@Charged	KEGG:C07674@Charged	KEGG:C07674@Charged	KEGG:C07674@Charged	KEGG:C07674	KEGG:C07674	GC	KEGG:C07674@Charged	KEGG:C07674@Charged	eQuilibrator:MNXM44899
cpd04836	KEGG:C07675	KEGG:C07675	KEGG:C07675	KEGG:C07675	KEGG:C07675	KEGG:C07675	GC	KEGG:C07675@Charged	KEGG:C07675@Charged	
cpd04837	KEGG:C07677	KEGG:C07677	KEGG:C07677	KEGG:C07677@Charged	KEGG:C07677	KEGG:C07677	EQ	eQuilibrator:MNXM118754	KEGG:C07677@Charged	eQuilibrator:MNXM118754
cpd04838	KEGG:C07693@Charged	KEGG:C07693@Charged	KEGG:C07693@Charged	KEGG:C07693@Charged	KEGG:C07693	KEGG:C07693	EQ	eQuilibrator:MNXM53226	KEGG:C07693@Charged	eQuilibrator:MNXM53226
cpd04839	KEGG:C07695	KEGG:C07695	KEGG:C07695	KEGG:C07695	KEGG:C07695	KEGG:C07695	GC	KEGG:C07695@Charged	KEGG:C07695@Charged	
cpd04840	KEGG:C07699	KEGG:C07699	KEGG:C07699	KEGG:C07699		KEGG:C07699	GC	KEGG:C07699@Charged	KEGG:C07699@Charged	eQuilibrator:MNXM588117
cpd04841	KEGG:C07704@Charged	KEGG:C07704@Charged	KEGG:C07704@Charged	KEGG:C07704@Charged	KEGG:C07704	KEGG:C07704	EQ	eQuilibrator:MNXM62279	KEGG:C07704@Charged	eQuilibrator:MNXM62279
cpd04842	KEGG:C07706@Charged	KEGG:C07706@Charged	KEGG:C07706@Charged	KEGG:C07706@Charged	KEGG:C07706	KEGG:C07706	GC	KEGG:C07706@Charged	KEGG:C07706@Charged	eQuilibrator:MNXM159569
cpd04843	KEGG:C07707	KEGG:C07707	KEGG:C07707	KEGG:C07707@Charged	KEGG:C07707	KEGG:C07707	GC	KEGG:C07707@Charged	KEGG:C07707@Charged	eQuilibrator:MNXM159568
cpd04844	KEGG:C07708@Charged	KEGG:C07708@Charged	KEGG:C07708@Charged	KEGG:C07708@Charged	KEGG:C07708	KEGG:C07708	EQ	eQuilibrator:MNXM62132	KEGG:C07708@Charged	eQuilibrator:MNXM62132
cpd04845	KEGG:C07709@Charged	KEGG:C07709@Charged	KEGG:C07709@Charged	KEGG:C07709@Charged	KEGG:C07709	KEGG:C07709	GC	KEGG:C07709@Charged	KEGG:C07709@Charged	eQuilibrator:MNXM45364
cpd04846	KEGG:C07710@Charged	KEGG:C07710@Charged	KEGG:C07710@Charged	KEGG:C07710@Charged	KEGG:C07710	KEGG:C07710	EQ	eQuilibrator:MNXM83542	KEGG:C07710@Charged	eQuilibrator:MNXM83542
cpd04847	MetaCyc:CPD-10570;KEGG:C07711;ChEBI:8403	MetaCyc:CPD-10570;KEGG:C07711;ChEBI:8403	MetaCyc:CPD-10570;KEGG:C07711;ChEBI:8403	MetaCyc:CPD-10570;KEGG:C07711;ChEBI:8403	KEGG:C07711	KEGG:C07711	GC	KEGG:C07711@Charged	KEGG:C07711@Charged	eQuilibrator:MNXM12733
cpd04848	MetaCyc:CPD-13032	MetaCyc:CPD-13032	MetaCyc:CPD-13032	MetaCyc:CPD-13032	KEGG:C07712	KEGG:C07712	GC	MetaCyc:CPD-13032@Charged	MetaCyc:CPD-13032@Charged	
cpd04849	KEGG:C07713	KEGG:C07713	KEGG:C07713	KEGG:C07713		KEGG:C07713	GC	KEGG:C07713@Charged	KEGG:C07713@Charged	eQuilibrator:MNXM64699
cpd04850	KEGG:C07714	KEGG:C07714	KEGG:C07714	KEGG:C07714	KEGG:C07714	KEGG:C07714	GC	KEGG:C07714@Charged	KEGG:C07714@Charged	
cpd04851	MetaCyc:FLUORENE;KEGG:C07715	MetaCyc:FLUORENE;KEGG:C07715	MetaCyc:FLUORENE;KEGG:C07715	MetaCyc:FLUORENE;KEGG:C07715	KEGG:C07715		EQ	eQuilibrator:MNXM2827	MetaCyc:FLUORENE@Charged	eQuilibrator:MNXM2827
cpd04852	MetaCyc:3-4DHFLUORENE;KEGG:C07717	MetaCyc:3-4DHFLUORENE;KEGG:C07717	MetaCyc:3-4DHFLUORENE;KEGG:C07717	MetaCyc:3-4DHFLUORENE;KEGG:C07717	KEGG:C07717	KEGG:C07717	EQ	eQuilibrator:MNXM5497	MetaCyc:3-4DHFLUORENE@Charged	eQuilibrator:MNXM5497
cpd04853	MetaCyc:2OXO1YLIDENE@Charged;KEGG:C07718@Charged	MetaCyc:2OXO1YLIDENE@Charged;KEGG:C07718@Charged	MetaCyc:2OXO1YLIDENE@Charged;KEGG:C07718@Charged	MetaCyc:2OXO1YLIDENE@Charged;KEGG:C07718@Charged	KEGG:C07718	KEGG:C07718	GC	KEGG:C07718@Charged	KEGG:C07718@Charged	
cpd04854	MetaCyc:2F1INDANONE@Charged;KEGG:C07719@Charged	MetaCyc:2F1INDANONE@Charged;KEGG:C07719@Charged	MetaCyc:2F1INDANONE@Charged;KEGG:C07719@Charged	MetaCyc:2F1INDANONE@Charged;KEGG:C07719@Charged	KEGG:C07719	KEGG:C07719	GC	KEGG:C07719@Charged	KEGG:C07719@Charged	
cpd04855	MetaCyc:3H1INDANONE;KEGG:C07720	MetaCyc:3H1INDANONE;KEGG:C07720	MetaCyc:3H1INDANONE;KEGG:C07720	MetaCyc:3H1INDANONE;KEGG:C07720	KEGG:C07720	KEGG:C07720	EQ	eQuilibrator:MNXM6800	MetaCyc:3H1INDANONE@Charged	eQuilibrator:MNXM6800
cpd04856	MetaCyc:3-4DH3-4DHFLUORENE;KEGG:C07721	MetaCyc:3-4DH3-4DHFLUORENE;KEGG:C07721	MetaCyc:3-4DH3-4DHFLUORENE;KEGG:C07721	MetaCyc:3-4DH3-4DHFLUORENE;KEGG:C07721	KEGG:C07721	KEGG:C07721	GC	KEGG:C07721@Charged	KEGG:C07721@Charged	eQuilibrator:MNXM5338
cpd04857	MetaCyc:3-4DH3-4DH9FLUORENONE;KEGG:C07722	MetaCyc:3-4DH3-4DH9FLUORENONE;KEGG:C07722	MetaCyc:3-4DH3-4DH9FLUORENONE;KEGG:C07722	MetaCyc:3-4DH3-4DH9FLUORENONE;KEGG:C07722	KEGG:C07722	KEGG:C07722	GC	KEGG:C07722@Charged	KEGG:C07722@Charged	eQuilibrator:MNXM5496
cpd04858	MetaCyc:4H9FLUORENONE;KEGG:C07723	MetaCyc:4H9FLUORENONE;KEGG:C07723	MetaCyc:4H9FLUORENONE;KEGG:C07723	MetaCyc:4H9FLUORENONE;KEGG:C07723	KEGG:C07723	KEGG:C07723	EQ	eQuilibrator:MNXM10193	MetaCyc:4H9FLUORENONE@Charged	eQuilibrator:MNXM10193
cpd04859	MetaCyc:1-2DHFLUORENE;KEGG:C07724	MetaCyc:1-2DHFLUORENE;KEGG:C07724	MetaCyc:1-2DHFLUORENE;KEGG:C07724	MetaCyc:1-2DHFLUORENE;KEGG:C07724	KEGG:C07724	KEGG:C07724	EQ	eQuilibrator:MNXM6579	KEGG:C07724@Charged	eQuilibrator:MNXM6579
cpd04860	KEGG:C07725@Charged	KEGG:C07725@Charged	KEGG:C07725@Charged	KEGG:C07725@Charged	KEGG:C07725	KEGG:C07725	GC	KEGG:C07725@Charged	KEGG:C07725@Charged	
cpd04861	MetaCyc:1F2INDANONE@Charged;KEGG:C07726@Charged	MetaCyc:1F2INDANONE@Charged;KEGG:C07726@Charged	MetaCyc:1F2INDANONE@Charged;KEGG:C07726@Charged	MetaCyc:1F2INDANONE@Charged;KEGG:C07726@Charged	KEGG:C07726	KEGG:C07726	EQ		KEGG:C07726@Charged	
cpd04862	MetaCyc:2INDANONE;KEGG:C07727	MetaCyc:2INDANONE;KEGG:C07727	MetaCyc:2INDANONE;KEGG:C07727	MetaCyc:2INDANONE;KEGG:C07727	KEGG:C07727	KEGG:C07727	EQ	eQuilibrator:MNXM5181	MetaCyc:2INDANONE@Charged	eQuilibrator:MNXM5181
cpd04863	MetaCyc:ISOCHROMANONE;KEGG:C07728	MetaCyc:ISOCHROMANONE;KEGG:C07728	MetaCyc:ISOCHROMANONE;KEGG:C07728	MetaCyc:ISOCHROMANONE;KEGG:C07728		KEGG:C07728	EQ	eQuilibrator:MNXM3846	KEGG:C07728@Charged	eQuilibrator:MNXM3846
cpd04864	MetaCyc:CPD-926;KEGG:C07729;ChEBI:28145	MetaCyc:CPD-926;KEGG:C07729;ChEBI:28145	MetaCyc:CPD-926;KEGG:C07729;ChEBI:28145	MetaCyc:CPD-926;KEGG:C07729;ChEBI:28145		KEGG:C07729	GC	KEGG:C07729@Charged	KEGG:C07729@Charged	eQuilibrator:MNXM6238
cpd04865	MetaCyc:CPD-928@Charged;KEGG:C07731@Charged;ChEBI:79172@Charged	MetaCyc:CPD-928@Charged;KEGG:C07731@Charged;ChEBI:79172@Charged	MetaCyc:CPD-928@Charged;KEGG:C07731@Charged;ChEBI:79172@Charged	MetaCyc:CPD-928@Charged;KEGG:C07731@Charged;ChEBI:79172@Charged	KEGG:C07731	KEGG:C07731	EQ		KEGG:C07731@Charged	
cpd04866	MetaCyc:CPD-922;KEGG:C07732;ChEBI:28891	MetaCyc:CPD-922;KEGG:C07732;ChEBI:28891	MetaCyc:CPD-922;KEGG:C07732;ChEBI:28891	MetaCyc:CPD-922;KEGG:C07732;ChEBI:28891		KEGG:C07732	EQ	eQuilibrator:MNXM6367	KEGG:C07732@Charged	eQuilibrator:MNXM6367
cpd04867	MetaCyc:CPD-923;KEGG:C07733@Original;ChEBI:79174@Charged	MetaCyc:CPD-923;KEGG:C07733@Original;ChEBI:79174@Charged	MetaCyc:CPD-923;KEGG:C07733@Original;ChEBI:79174@Charged	MetaCyc:CPD-923;KEGG:C07733@Original;ChEBI:79174@Charged	KEGG:C07733	KEGG:C07733	EQ	eQuilibrator:MNXM3435	MetaCyc:CPD-923@Charged	eQuilibrator:MNXM3435
cpd04868	MetaCyc:CPD-924@Charged;KEGG:C07734@Charged;ChEBI:19327@Charged	MetaCyc:CPD-924@Charged;KEGG:C07734@Charged;ChEBI:19327@Charged	MetaCyc:CPD-924@Charged;KEGG:C07734@Charged;ChEBI:19327@Charged	MetaCyc:CPD-924@Charged;KEGG:C07734@Charged;ChEBI:19327@Charged	KEGG:C07734	KEGG:C07734	EQ		MetaCyc:CPD-924@Charged	
cpd04869	KEGG:C07736@Charged	KEGG:C07736@Charged	KEGG:C07736@Charged	KEGG:C07736@Charged	KEGG:C07736	KEGG:C07736	GC	KEGG:C07736@Charged	KEGG:C07736@Charged	
cpd04870	KEGG:C07740@Charged	KEGG:C07740@Charged	KEGG:C07740@Charged	KEGG:C07740@Charged	KEGG:C07740	KEGG:C07740	GC	KEGG:C07740@Charged	KEGG:C07740@Charged	eQuilibrator:MNXM155507
cpd04871	KEGG:C07743	KEGG:C07743	KEGG:C07743	KEGG:C07743	KEGG:C07743	KEGG:C07743	GC	KEGG:C07743@Charged	KEGG:C07743@Charged	eQuilibrator:MNXM62534
cpd04872										
cpd04873	KEGG:C07750@Charged	KEGG:C07750@Charged	KEGG:C07750@Charged	KEGG:C07750@Charged	KEGG:C07750	KEGG:C07750	GC	KEGG:C07750@Charged	KEGG:C07750@Charged	eQuilibrator:MNXM95933
cpd04874	KEGG:C07751@Charged	KEGG:C07751@Charged	KEGG:C07751@Charged	KEGG:C07751@Charged	KEGG:C07751	KEGG:C07751	GC	KEGG:C07751@Charged	KEGG:C07751@Charged	eQuilibrator:MNXM51483
cpd04875	MetaCyc:ALENDRONATE;KEGG:C07752@Charged	MetaCyc:ALENDRONATE;KEGG:C07752@Charged	MetaCyc:ALENDRONATE;KEGG:C07752@Charged	MetaCyc:ALENDRONATE;KEGG:C07752@Charged	KEGG:C07752	KEGG:C07752	GC	KEGG:C07752@Charged	KEGG:C07752@Charged	
cpd04876	KEGG:C07753@Charged	KEGG:C07753@Charged	KEGG:C07753@Charged	KEGG:C07753@Charged	KEGG:C07753	KEGG:C07753	GC	KEGG:C07753@Charged	KEGG:C07753@Charged	eQuilibrator:MNXM57042
cpd04877	KEGG:C07755	KEGG:C07755	KEGG:C07755	KEGG:C07755	KEGG:C07755		GC	KEGG:C07755@Charged	KEGG:C07755@Charged	
cpd04878	MetaCyc:CPD-7271;KEGG:C07756;ChEBI:58501	MetaCyc:CPD-7271;KEGG:C07756;ChEBI:58501	MetaCyc:CPD-7271;KEGG:C07756;ChEBI:58501	MetaCyc:CPD-7271;KEGG:C07756@Charged;ChEBI:58501	KEGG:C07756	KEGG:C07756	GC	KEGG:C07756@Charged	KEGG:C07756@Charged	eQuilibrator:MNXM4186
cpd04879	KEGG:C07758	KEGG:C07758	KEGG:C07758	KEGG:C07758	KEGG:C07758	KEGG:C07758	GC	KEGG:C07758@Charged	KEGG:C07758@Charged	
cpd04880	KEGG:C07759	KEGG:C07759	KEGG:C07759	KEGG:C07759	KEGG:C07759	KEGG:C07759	GC	KEGG:C07759@Charged	KEGG:C07759@Charged	
cpd04881	KEGG:C07760	KEGG:C07760	KEGG:C07760	KEGG:C07760	KEGG:C07760	KEGG:C07760	GC	KEGG:C07760@Charged	KEGG:C07760@Charged	
cpd04882	MetaCyc:CPD-9229;KEGG:C07761@Charged	MetaCyc:CPD-9229;KEGG:C07761@Charged	MetaCyc:CPD-9229;KEGG:C07761@Charged	MetaCyc:CPD-9229;KEGG:C07761@Charged	KEGG:C07761	KEGG:C07761	GC	MetaCyc:CPD-9229@Charged	MetaCyc:CPD-9229@Charged	eQuilibrator:MNXM16613
cpd04883	KEGG:C07763	KEGG:C07763	KEGG:C07763	KEGG:C07763	KEGG:C07763	KEGG:C07763	GC	KEGG:C07763@Charged	KEGG:C07763@Charged	
cpd04884	KEGG:C07764	KEGG:C07764	KEGG:C07764	KEGG:C07764	KEGG:C07764	KEGG:C07764	GC	KEGG:C07764@Charged	KEGG:C07764@Charged	
cpd04885	KEGG:C07765	KEGG:C07765	KEGG:C07765	KEGG:C07765	KEGG:C07765	KEGG:C07765	GC	KEGG:C07765@Charged	KEGG:C07765@Charged	
cpd04886	KEGG:C07766	KEGG:C07766	KEGG:C07766	KEGG:C07766	KEGG:C07766	KEGG:C07766	GC	KEGG:C07766@Charged	KEGG:C07766@Charged	
cpd04887	KEGG:C07767	KEGG:C07767	KEGG:C07767	KEGG:C07767	KEGG:C07767	KEGG:C07767	GC	KEGG:C07767@Charged	KEGG:C07767@Charged	
cpd04888	KEGG:C07768@Charged	KEGG:C07768@Charged	KEGG:C07768@Charged	KEGG:C07768@Charged		KEGG:C07768	GC	KEGG:C07768@Charged	KEGG:C07768@Charged	
cpd04889	KEGG:C07770@Charged	KEGG:C07770@Charged	KEGG:C07770@Charged	KEGG:C07770@Charged	KEGG:C07770	KEGG:C07770	GC	KEGG:C07770@Charged	KEGG:C07770@Charged	eQuilibrator:MNXM82932
cpd04890	KEGG:C07771@Charged	KEGG:C07771@Charged	KEGG:C07771@Charged	KEGG:C07771@Charged	KEGG:C07771	KEGG:C07771	GC	KEGG:C07771@Charged	KEGG:C07771@Charged	
cpd04891	KEGG:C07773	KEGG:C07773	KEGG:C07773	KEGG:C07773	KEGG:C07773	KEGG:C07773	GC	KEGG:C07773@Charged	KEGG:C07773@Charged	eQuilibrator:MNXM41725
cpd04892	KEGG:C07774@Charged	KEGG:C07774@Charged	KEGG:C07774@Charged	KEGG:C07774@Charged		KEGG:C07774	EQ	eQuilibrator:MNXM43143	KEGG:C07774@Charged	eQuilibrator:MNXM43143
cpd04893	KEGG:C07777@Charged	KEGG:C07777@Charged	KEGG:C07777@Charged	KEGG:C07777@Charged		KEGG:C07777	EQ	eQuilibrator:MNXM44878	KEGG:C07777@Charged	eQuilibrator:MNXM44878
cpd04894	KEGG:C07778	KEGG:C07778	KEGG:C07778	KEGG:C07778@Charged	KEGG:C07778	KEGG:C07778	EQ	eQuilibrator:MNXM46187	KEGG:C07778@Charged	eQuilibrator:MNXM46187
cpd04895	KEGG:C07785@Charged	KEGG:C07785@Charged	KEGG:C07785@Charged	KEGG:C07785@Charged		KEGG:C07785	GC	KEGG:C07785@Charged	KEGG:C07785@Charged	eQuilibrator:MNXM52002
cpd04896	KEGG:C07789	KEGG:C07789	KEGG:C07789	KEGG:C07789@Charged	KEGG:C07789	KEGG:C07789	GC	KEGG:C07789@Charged	KEGG:C07789@Charged	
cpd04897	KEGG:C07790@Charged	KEGG:C07790@Charged	KEGG:C07790@Charged	KEGG:C07790@Charged	KEGG:C07790	KEGG:C07790	GC	KEGG:C07790@Charged	KEGG:C07790@Charged	eQuilibrator:MNXM74912
cpd04898	KEGG:C07792@Charged	KEGG:C07792@Charged	KEGG:C07792@Charged	KEGG:C07792@Charged	KEGG:C07792	KEGG:C07792	GC	KEGG:C07792@Charged	KEGG:C07792@Charged	eQuilibrator:MNXM64233
cpd04899	MetaCyc:CPD-14462;KEGG:C07798@Charged	MetaCyc:CPD-14462;KEGG:C07798@Charged	MetaCyc:CPD-14462;KEGG:C07798@Charged	MetaCyc:CPD-14462;KEGG:C07798@Charged	KEGG:C07798	KEGG:C07798	GC	MetaCyc:CPD-14462@Charged	MetaCyc:CPD-14462@Charged	eQuilibrator:MNXM104565
cpd04900	KEGG:C07805@Charged	KEGG:C07805@Charged	KEGG:C07805@Charged	KEGG:C07805@Charged	KEGG:C07805	KEGG:C07805	EQ	eQuilibrator:MNXM584575	KEGG:C07805@Charged	eQuilibrator:MNXM584575
cpd04901	KEGG:C07807@Charged	KEGG:C07807@Charged	KEGG:C07807@Charged	KEGG:C07807@Charged	KEGG:C07807	KEGG:C07807	EQ	eQuilibrator:MNXM76971	KEGG:C07807@Charged	eQuilibrator:MNXM76971
cpd04902	KEGG:C07809@Charged	KEGG:C07809@Charged	KEGG:C07809@Charged	KEGG:C07809@Charged		KEGG:C07809	GC	KEGG:C07809@Charged	KEGG:C07809@Charged	eQuilibrator:MNXM156087
cpd04903	KEGG:C07811	KEGG:C07811	KEGG:C07811	KEGG:C07811	KEGG:C07811	KEGG:C07811	GC	KEGG:C07811@Charged	KEGG:C07811@Charged	
cpd04904	KEGG:C07813	KEGG:C07813	KEGG:C07813	KEGG:C07813	KEGG:C07813	KEGG:C07813	GC	KEGG:C07813@Charged	KEGG:C07813@Charged	eQuilibrator:MNXM43385
cpd04905	KEGG:C07814@Charged	KEGG:C07814@Charged	KEGG:C07814@Charged	KEGG:C07814@Charged	KEGG:C07814	KEGG:C07814	GC	KEGG:C07814@Charged	KEGG:C07814@Charged	eQuilibrator:MNXM56600
cpd04906	KEGG:C07815	KEGG:C07815	KEGG:C07815	KEGG:C07815	KEGG:C07815	KEGG:C07815	GC	KEGG:C07815@Charged	KEGG:C07815@Charged	eQuilibrator:MNXM53706
cpd04907	KEGG:C07816	KEGG:C07816	KEGG:C07816	KEGG:C07816	KEGG:C07816	KEGG:C07816	GC	KEGG:C07816@Charged	KEGG:C07816@Charged	eQuilibrator:MNXM62337
cpd04908	KEGG:C07817	KEGG:C07817	KEGG:C07817	KEGG:C07817	KEGG:C07817	KEGG:C07817	GC	KEGG:C07817@Charged	KEGG:C07817@Charged	eQuilibrator:MNXM62338
cpd04909	KEGG:C07818	KEGG:C07818	KEGG:C07818	KEGG:C07818	KEGG:C07818	KEGG:C07818	GC	KEGG:C07818@Charged	KEGG:C07818@Charged	
cpd04910	KEGG:C07819	KEGG:C07819	KEGG:C07819	KEGG:C07819	KEGG:C07819	KEGG:C07819	EQ	eQuilibrator:MNXM51742	KEGG:C07819@Charged	eQuilibrator:MNXM51742
cpd04911	KEGG:C07825	KEGG:C07825	KEGG:C07825	KEGG:C07825		KEGG:C07825	GC	KEGG:C07825@Charged	KEGG:C07825@Charged	eQuilibrator:MNXM53535
cpd04912	KEGG:C07826	KEGG:C07826	KEGG:C07826	KEGG:C07826	KEGG:C07826	KEGG:C07826	EQ	eQuilibrator:MNXM42448	KEGG:C07826@Charged	eQuilibrator:MNXM42448
cpd04913	KEGG:C07827	KEGG:C07827	KEGG:C07827	KEGG:C07827	KEGG:C07827	KEGG:C07827	EQ	eQuilibrator:MNXM44951	KEGG:C07827@Charged	eQuilibrator:MNXM44951
cpd04914	KEGG:C07829	KEGG:C07829	KEGG:C07829	KEGG:C07829	KEGG:C07829	KEGG:C07829	EQ	eQuilibrator:MNXM61419	KEGG:C07829@Charged	eQuilibrator:MNXM61419
cpd04915	KEGG:C07832	KEGG:C07832	KEGG:C07832	KEGG:C07832	KEGG:C07832		GC	KEGG:C07832@Charged	KEGG:C07832@Charged	
cpd04916	KEGG:C07833	KEGG:C07833	KEGG:C07833	KEGG:C07833	KEGG:C07833	KEGG:C07833	GC	KEGG:C07833@Charged	KEGG:C07833@Charged	
cpd04917	KEGG:C07834	KEGG:C07834	KEGG:C07834	KEGG:C07834		KEGG:C07834	EQ	eQuilibrator:MNXM67621	KEGG:C07834@Charged	eQuilibrator:MNXM67621
cpd04918	MetaCyc:CPD-12543;KEGG:C07836@Charged;ChEBI:60204	MetaCyc:CPD-12543;KEGG:C07836@Charged;ChEBI:60204	MetaCyc:CPD-12543;KEGG:C07836@Charged;ChEBI:60204	MetaCyc:CPD-12543;KEGG:C07836@Charged;ChEBI:60204	KEGG:C07836	KEGG:C07836	EQ	eQuilibrator:MNXM722761	KEGG:C07836@Charged	eQuilibrator:MNXM722761
cpd04919	MetaCyc:CPD0-1652;KEGG:C07837	MetaCyc:CPD0-1652;KEGG:C07837	MetaCyc:CPD0-1652;KEGG:C07837	MetaCyc:CPD0-1652;KEGG:C07837	KEGG:C07837	KEGG:C07837	GC	MetaCyc:CPD0-1652@Charged	MetaCyc:CPD0-1652@Charged	
cpd04920	MetaCyc:D-BETA-D-HEPTOSE-1-P;KEGG:C07838@Charged;ChEBI:61593	MetaCyc:D-BETA-D-HEPTOSE-1-P;KEGG:C07838@Charged;ChEBI:61593	MetaCyc:D-BETA-D-HEPTOSE-1-P;KEGG:C07838@Charged;ChEBI:61593	MetaCyc:D-BETA-D-HEPTOSE-1-P;KEGG:C07838@Charged;ChEBI:61593	KEGG:C07838	KEGG:C07838	EQ	eQuilibrator:MNXM1661	MetaCyc:D-BETA-D-HEPTOSE-1-P@Charged	eQuilibrator:MNXM1661
cpd04921	KEGG:C07839	KEGG:C07839	KEGG:C07839	KEGG:C07839	KEGG:C07839	KEGG:C07839	EQ	eQuilibrator:MNXM52725	KEGG:C07839@Charged	eQuilibrator:MNXM52725
cpd04922	KEGG:C07840@Charged	KEGG:C07840@Charged	KEGG:C07840@Charged	KEGG:C07840@Charged	KEGG:C07840	KEGG:C07840	EQ	eQuilibrator:MNXM53844	KEGG:C07840@Charged	eQuilibrator:MNXM53844
cpd04923	KEGG:C07841	KEGG:C07841	KEGG:C07841	KEGG:C07841	KEGG:C07841	KEGG:C07841	EQ	eQuilibrator:MNXM60002	KEGG:C07841@Charged	eQuilibrator:MNXM60002
cpd04924	KEGG:C07844	KEGG:C07844	KEGG:C07844	KEGG:C07844	KEGG:C07844	KEGG:C07844	GC	KEGG:C07844@Charged	KEGG:C07844@Charged	
cpd04925	KEGG:C07846	KEGG:C07846	KEGG:C07846	KEGG:C07846	KEGG:C07846	KEGG:C07846	GC	KEGG:C07846@Charged	KEGG:C07846@Charged	
cpd04926	KEGG:C07849	KEGG:C07849	KEGG:C07849	KEGG:C07849	KEGG:C07849	KEGG:C07849	GC	KEGG:C07849@Charged	KEGG:C07849@Charged	eQuilibrator:MNXM61627
cpd04927	KEGG:C07851@Charged	KEGG:C07851@Charged	KEGG:C07851@Charged	KEGG:C07851@Charged	KEGG:C07851	KEGG:C07851	EQ	eQuilibrator:MNXM66161	KEGG:C07851@Charged	eQuilibrator:MNXM66161
cpd04928	KEGG:C07852@Charged	KEGG:C07852@Charged	KEGG:C07852@Charged	KEGG:C07852@Charged		KEGG:C07852	EQ	eQuilibrator:MNXM78235	KEGG:C07852@Charged	eQuilibrator:MNXM78235
cpd04929	KEGG:C07853	KEGG:C07853	KEGG:C07853	KEGG:C07853	KEGG:C07853	KEGG:C07853	GC	KEGG:C07853@Charged	KEGG:C07853@Charged	
cpd04931	KEGG:C07861	KEGG:C07861	KEGG:C07861	KEGG:C07861	KEGG:C07861	KEGG:C07861	GC	KEGG:C07861@Charged	KEGG:C07861@Charged	eQuilibrator:MNXM87909
cpd04932	KEGG:C07862	KEGG:C07862	KEGG:C07862	KEGG:C07862	KEGG:C07862	KEGG:C07862	GC	KEGG:C07862@Charged	KEGG:C07862@Charged	eQuilibrator:MNXM161883
cpd04933	KEGG:C07864	KEGG:C07864	KEGG:C07864	KEGG:C07864	KEGG:C07864	KEGG:C07864	GC	KEGG:C07864@Charged	KEGG:C07864@Charged	
cpd04934	KEGG:C07865@Charged	KEGG:C07865@Charged	KEGG:C07865@Charged	KEGG:C07865@Charged	KEGG:C07865	KEGG:C07865	GC	KEGG:C07865@Charged	KEGG:C07865@Charged	
cpd04935	KEGG:C07866	KEGG:C07866	KEGG:C07866	KEGG:C07866	KEGG:C07866	KEGG:C07866	GC	KEGG:C07866@Charged	KEGG:C07866@Charged	
cpd04936	KEGG:C07868@Charged	KEGG:C07868@Charged	KEGG:C07868@Charged	KEGG:C07868@Charged	KEGG:C07868	KEGG:C07868	GC	KEGG:C07868@Charged	KEGG:C07868@Charged	eQuilibrator:MNXM157945
cpd04937	KEGG:C07870	KEGG:C07870	KEGG:C07870	KEGG:C07870	KEGG:C07870	KEGG:C07870	EQ	eQuilibrator:MNXM44430	KEGG:C07870@Charged	eQuilibrator:MNXM44430
cpd04938	KEGG:C07871	KEGG:C07871	KEGG:C07871	KEGG:C07871@Charged	KEGG:C07871	KEGG:C07871	GC	KEGG:C07871@Charged	KEGG:C07871@Charged	
cpd04939	KEGG:C07872@Charged	KEGG:C07872@Charged	KEGG:C07872@Charged	KEGG:C07872@Charged		KEGG:C07872	GC	KEGG:C07872@Charged	KEGG:C07872@Charged	
cpd04940	KEGG:C07874@Charged	KEGG:C07874@Charged	KEGG:C07874@Charged	KEGG:C07874@Charged	KEGG:C07874	KEGG:C07874	GC	KEGG:C07874@Charged	KEGG:C07874@Charged	eQuilibrator:MNXM32343
cpd04941	KEGG:C07875	KEGG:C07875	KEGG:C07875	KEGG:C07875		KEGG:C07875	EQ	eQuilibrator:MNXM44959	KEGG:C07875@Charged	eQuilibrator:MNXM44959
cpd04942	KEGG:C07876@Charged	KEGG:C07876@Charged	KEGG:C07876@Charged	KEGG:C07876@Charged	KEGG:C07876	KEGG:C07876	GC	KEGG:C07876@Charged	KEGG:C07876@Charged	
cpd04943	KEGG:C07877@Charged	KEGG:C07877@Charged	KEGG:C07877@Charged	KEGG:C07877@Charged		KEGG:C07877	GC	KEGG:C07877@Charged	KEGG:C07877@Charged	eQuilibrator:MNXM46479
cpd04944	KEGG:C07879@Charged	KEGG:C07879@Charged	KEGG:C07879@Charged	KEGG:C07879@Charged	KEGG:C07879	KEGG:C07879	GC	KEGG:C07879@Charged	KEGG:C07879@Charged	eQuilibrator:MNXM46794
cpd04945	MetaCyc:CPD-10534;KEGG:C07880@Charged;ChEBI:78604	MetaCyc:CPD-10534;KEGG:C07880@Charged;ChEBI:78604	MetaCyc:CPD-10534;KEGG:C07880@Charged;ChEBI:78604	MetaCyc:CPD-10534;KEGG:C07880@Charged;ChEBI:78604	KEGG:C07880	KEGG:C07880	GC	MetaCyc:CPD-10534@Charged	MetaCyc:CPD-10534@Charged	eQuilibrator:MNXM146506
cpd04946	KEGG:C07881@Charged	KEGG:C07881@Charged	KEGG:C07881@Charged	KEGG:C07881@Charged	KEGG:C07881	KEGG:C07881	EQ	eQuilibrator:MNXM51729	KEGG:C07881@Charged	eQuilibrator:MNXM51729
cpd04947	MetaCyc:CPD-7658;KEGG:C07884@Charged	MetaCyc:CPD-7658;KEGG:C07884@Charged	MetaCyc:CPD-7658;KEGG:C07884@Charged	MetaCyc:CPD-7658;KEGG:C07884@Charged		KEGG:C07884	EQ	eQuilibrator:MNXM101154	MetaCyc:CPD-7658@Charged	eQuilibrator:MNXM101154
cpd04948	KEGG:C07886@Charged	KEGG:C07886@Charged	KEGG:C07886@Charged	KEGG:C07886@Charged	KEGG:C07886	KEGG:C07886	GC	KEGG:C07886@Charged	KEGG:C07886@Charged	eQuilibrator:MNXM16401
cpd04949	KEGG:C07887@Charged	KEGG:C07887@Charged	KEGG:C07887@Charged	KEGG:C07887@Charged	KEGG:C07887	KEGG:C07887	EQ	eQuilibrator:MNXM157172	KEGG:C07887@Charged	eQuilibrator:MNXM157172
cpd04950	KEGG:C07888	KEGG:C07888	KEGG:C07888	KEGG:C07888	KEGG:C07888		GC	KEGG:C07888@Charged	KEGG:C07888@Charged	
cpd04951	KEGG:C07889@Charged	KEGG:C07889@Charged	KEGG:C07889@Charged	KEGG:C07889@Charged		KEGG:C07889	EQ	eQuilibrator:MNXM61415	KEGG:C07889@Charged	eQuilibrator:MNXM61415
cpd04952	KEGG:C07890@Charged	KEGG:C07890@Charged	KEGG:C07890@Charged	KEGG:C07890@Charged	KEGG:C07890	KEGG:C07890	EQ	eQuilibrator:MNXM157977	KEGG:C07890@Charged	eQuilibrator:MNXM157977
cpd04953	KEGG:C07892@Charged	KEGG:C07892@Charged	KEGG:C07892@Charged	KEGG:C07892@Charged		KEGG:C07892	EQ	eQuilibrator:MNXM77934	KEGG:C07892@Charged	eQuilibrator:MNXM77934
cpd04954	KEGG:C07895@Charged	KEGG:C07895@Charged	KEGG:C07895@Charged	KEGG:C07895@Charged		KEGG:C07895	GC	KEGG:C07895@Charged	KEGG:C07895@Charged	eQuilibrator:MNXM78238
cpd04955	KEGG:C07898	KEGG:C07898	KEGG:C07898	KEGG:C07898@Charged	KEGG:C07898	KEGG:C07898	EQ	eQuilibrator:MNXM128583	KEGG:C07898@Charged	eQuilibrator:MNXM128583
cpd04956	KEGG:C07899	KEGG:C07899	KEGG:C07899	KEGG:C07899	KEGG:C07899	KEGG:C07899	GC	KEGG:C07899@Charged	KEGG:C07899@Charged	eQuilibrator:MNXM73072
cpd04957	KEGG:C07904@Charged	KEGG:C07904@Charged	KEGG:C07904@Charged	KEGG:C07904@Charged		KEGG:C07904	EQ	eQuilibrator:MNXM74900	KEGG:C07904@Charged	eQuilibrator:MNXM74900
cpd04958	MetaCyc:CPD-25176;KEGG:C07905	MetaCyc:CPD-25176;KEGG:C07905	MetaCyc:CPD-25176;KEGG:C07905	MetaCyc:CPD-25176;KEGG:C07905	KEGG:C07905	KEGG:C07905	GC	KEGG:C07905@Charged	KEGG:C07905@Charged	
cpd04959	MetaCyc:CPD-14603;KEGG:C07908	MetaCyc:CPD-14603;KEGG:C07908	MetaCyc:CPD-14603;KEGG:C07908	MetaCyc:CPD-14603;KEGG:C07908	KEGG:C07908	KEGG:C07908	EQ	eQuilibrator:MNXM19487	KEGG:C07908@Charged	eQuilibrator:MNXM19487
cpd04960	MetaCyc:CPD-14676;KEGG:C07909@Charged	MetaCyc:CPD-14676;KEGG:C07909@Charged	MetaCyc:CPD-14676;KEGG:C07909@Charged	MetaCyc:CPD-14676;KEGG:C07909@Charged	KEGG:C07909	KEGG:C07909	GC	MetaCyc:CPD-14676@Charged	MetaCyc:CPD-14676@Charged	eQuilibrator:MNXM80609
cpd04961	KEGG:C07910	KEGG:C07910	KEGG:C07910	KEGG:C07910	KEGG:C07910	KEGG:C07910	EQ	eQuilibrator:MNXM86852	KEGG:C07910@Charged	eQuilibrator:MNXM86852
cpd04962	KEGG:C07911@Charged	KEGG:C07911@Charged	KEGG:C07911@Charged	KEGG:C07911@Charged	KEGG:C07911	KEGG:C07911	GC	KEGG:C07911@Charged	KEGG:C07911@Charged	
cpd04963	KEGG:C07912@Charged	KEGG:C07912@Charged	KEGG:C07912@Charged	KEGG:C07912@Charged	KEGG:C07912	KEGG:C07912	EQ	eQuilibrator:MNXM161542	KEGG:C07912@Charged	eQuilibrator:MNXM161542
cpd04964	KEGG:C07913@Charged	KEGG:C07913@Charged	KEGG:C07913@Charged	KEGG:C07913@Charged	KEGG:C07913	KEGG:C07913	EQ	eQuilibrator:MNXM89217	KEGG:C07913@Charged	eQuilibrator:MNXM89217
cpd04965	KEGG:C07914@Charged	KEGG:C07914@Charged	KEGG:C07914@Charged	KEGG:C07914@Charged	KEGG:C07914	KEGG:C07914	EQ	eQuilibrator:MNXM60004	KEGG:C07914@Charged	eQuilibrator:MNXM60004
cpd04966	KEGG:C07915@Charged	KEGG:C07915@Charged	KEGG:C07915@Charged	KEGG:C07915@Charged	KEGG:C07915	KEGG:C07915	EQ	eQuilibrator:MNXM95296	KEGG:C07915@Charged	eQuilibrator:MNXM95296
cpd04967	KEGG:C07919	KEGG:C07919	KEGG:C07919	KEGG:C07919	KEGG:C07919	KEGG:C07919	GC	KEGG:C07919@Charged	KEGG:C07919@Charged	
cpd04968	MetaCyc:ALPHA-METHYL-TYROSINE@Original;KEGG:C07921	MetaCyc:ALPHA-METHYL-TYROSINE@Original;KEGG:C07921	MetaCyc:ALPHA-METHYL-TYROSINE@Original;KEGG:C07921	MetaCyc:ALPHA-METHYL-TYROSINE@Original;KEGG:C07921@Charged	KEGG:C07921	KEGG:C07921	EQ	eQuilibrator:MNXM41484	MetaCyc:ALPHA-METHYL-TYROSINE@Charged	eQuilibrator:MNXM41484
cpd04969	KEGG:C07927	KEGG:C07927	KEGG:C07927	KEGG:C07927	KEGG:C07927		GC	KEGG:C07927@Charged	KEGG:C07927@Charged	eQuilibrator:MNXM45673
cpd04970	KEGG:C07928	KEGG:C07928	KEGG:C07928	KEGG:C07928	KEGG:C07928	KEGG:C07928	EQ	eQuilibrator:MNXM46504	KEGG:C07928@Charged	eQuilibrator:MNXM46504
cpd04971	KEGG:C07930	KEGG:C07930	KEGG:C07930	KEGG:C07930	KEGG:C07930	KEGG:C07930	GC	KEGG:C07930@Charged	KEGG:C07930@Charged	eQuilibrator:MNXM46505
cpd04972	MetaCyc:CPD-19390;KEGG:C07931	MetaCyc:CPD-19390;KEGG:C07931	MetaCyc:CPD-19390;KEGG:C07931	MetaCyc:CPD-19390;KEGG:C07931@Charged	KEGG:C07931	KEGG:C07931	GC	MetaCyc:CPD-19390@Charged	MetaCyc:CPD-19390@Charged	
cpd04973	KEGG:C07933@Charged	KEGG:C07933@Charged	KEGG:C07933@Charged	KEGG:C07933@Charged	KEGG:C07933	KEGG:C07933	GC	KEGG:C07933@Charged	KEGG:C07933@Charged	
cpd04974	KEGG:C07934	KEGG:C07934	KEGG:C07934	KEGG:C07934	KEGG:C07934	KEGG:C07934	GC	KEGG:C07934@Charged	KEGG:C07934@Charged	eQuilibrator:MNXM61573
cpd04975	KEGG:C07935@Charged	KEGG:C07935@Charged	KEGG:C07935@Charged	KEGG:C07935@Charged		KEGG:C07935	GC	KEGG:C07935@Charged	KEGG:C07935@Charged	eQuilibrator:MNXM95500
cpd04976	KEGG:C07937	KEGG:C07937	KEGG:C07937	KEGG:C07937	KEGG:C07937	KEGG:C07937	GC	KEGG:C07937@Charged	KEGG:C07937@Charged	eQuilibrator:MNXM80969
cpd04977	KEGG:C07939	KEGG:C07939	KEGG:C07939	KEGG:C07939@Charged	KEGG:C07939	KEGG:C07939	GC	KEGG:C07939@Charged	KEGG:C07939@Charged	
cpd04978	KEGG:C07941@Charged	KEGG:C07941@Charged	KEGG:C07941@Charged	KEGG:C07941@Charged	KEGG:C07941	KEGG:C07941	GC	KEGG:C07941@Charged	KEGG:C07941@Charged	eQuilibrator:MNXM44342
cpd04979	MetaCyc:CPD-7662@Charged	MetaCyc:CPD-7662@Charged	MetaCyc:CPD-7662@Charged	MetaCyc:CPD-7662@Charged	KEGG:C07943	KEGG:C07943	GC	MetaCyc:CPD-7662@Charged	MetaCyc:CPD-7662@Charged	
cpd04980	MetaCyc:CPD-7664@Charged;KEGG:C07949@Charged	MetaCyc:CPD-7664@Charged;KEGG:C07949@Charged	MetaCyc:CPD-7664@Charged;KEGG:C07949@Charged	MetaCyc:CPD-7664@Charged;KEGG:C07949@Charged	KEGG:C07949	KEGG:C07949	GC	KEGG:C07949@Charged	KEGG:C07949@Charged	eQuilibrator:MNXM87394
cpd04981	KEGG:C07952	KEGG:C07952	KEGG:C07952	KEGG:C07952@Charged	KEGG:C07952	KEGG:C07952	GC	KEGG:C07952@Charged	KEGG:C07952@Charged	eQuilibrator:MNXM153427
cpd04982	KEGG:C07953@Charged	KEGG:C07953@Charged	KEGG:C07953@Charged	KEGG:C07953@Charged		KEGG:C07953	GC	KEGG:C07953@Charged	KEGG:C07953@Charged	
cpd04983	KEGG:C07955@Charged	KEGG:C07955@Charged	KEGG:C07955@Charged	KEGG:C07955@Charged		KEGG:C07955	GC	KEGG:C07955@Charged	KEGG:C07955@Charged	eQuilibrator:MNXM53666
cpd04984	KEGG:C07956@Charged	KEGG:C07956@Charged	KEGG:C07956@Charged	KEGG:C07956@Charged		KEGG:C07956	GC	KEGG:C07956@Charged	KEGG:C07956@Charged	
cpd04985	KEGG:C07964@Charged	KEGG:C07964@Charged	KEGG:C07964@Charged	KEGG:C07964@Charged	KEGG:C07964		GC	KEGG:C07964@Charged	KEGG:C07964@Charged	
cpd04986	KEGG:C07965	KEGG:C07965	KEGG:C07965	KEGG:C07965@Charged	KEGG:C07965	KEGG:C07965	GC	KEGG:C07965@Charged	KEGG:C07965@Charged	eQuilibrator:MNXM87312
cpd04987	KEGG:C07966@Charged	KEGG:C07966@Charged	KEGG:C07966@Charged	KEGG:C07966@Charged	KEGG:C07966	KEGG:C07966	EQ	eQuilibrator:MNXM153372	KEGG:C07966@Charged	eQuilibrator:MNXM153372
cpd04988	KEGG:C07967@Charged	KEGG:C07967@Charged	KEGG:C07967@Charged	KEGG:C07967@Charged	KEGG:C07967	KEGG:C07967	EQ	eQuilibrator:MNXM44468	KEGG:C07967@Charged	eQuilibrator:MNXM44468
cpd04989	KEGG:C07968@Charged	KEGG:C07968@Charged	KEGG:C07968@Charged	KEGG:C07968@Charged		KEGG:C07968	EQ	eQuilibrator:MNXM50606	KEGG:C07968@Charged	eQuilibrator:MNXM50606
cpd04990	KEGG:C07970	KEGG:C07970	KEGG:C07970	KEGG:C07970	KEGG:C07970	KEGG:C07970	GC	KEGG:C07970@Charged	KEGG:C07970@Charged	
cpd04991	KEGG:C07971	KEGG:C07971	KEGG:C07971	KEGG:C07971	KEGG:C07971	KEGG:C07971	GC	KEGG:C07971@Charged	KEGG:C07971@Charged	eQuilibrator:MNXM725806
cpd04992	MetaCyc:PIPERAZINE;KEGG:C07973@Charged	MetaCyc:PIPERAZINE;KEGG:C07973@Charged	MetaCyc:PIPERAZINE;KEGG:C07973@Charged	MetaCyc:PIPERAZINE;KEGG:C07973@Charged		KEGG:C07973	EQ	eQuilibrator:MNXM107991	KEGG:C07973@Charged	eQuilibrator:MNXM107991
cpd04993	KEGG:C07974@Charged	KEGG:C07974@Charged	KEGG:C07974@Charged	KEGG:C07974@Charged	KEGG:C07974		GC	KEGG:C07974@Charged	KEGG:C07974@Charged	eQuilibrator:MNXM83153
cpd04994	KEGG:C07982	KEGG:C07982	KEGG:C07982	KEGG:C07982@Charged	KEGG:C07982	KEGG:C07982	GC	KEGG:C07982@Charged	KEGG:C07982@Charged	eQuilibrator:MNXM156765
cpd04995	KEGG:C07995	KEGG:C07995	KEGG:C07995	KEGG:C07995	KEGG:C07995	KEGG:C07995	EQ	eQuilibrator:MNXM60946	KEGG:C07995@Charged	eQuilibrator:MNXM60946
cpd04996	KEGG:C07996@Charged	KEGG:C07996@Charged	KEGG:C07996@Charged	KEGG:C07996@Charged		KEGG:C07996	GC	KEGG:C07996@Charged	KEGG:C07996@Charged	eQuilibrator:MNXM48921
cpd04997	MetaCyc:DIFLUOROMETHYLORNITHINE@Charged;KEGG:C07997	MetaCyc:DIFLUOROMETHYLORNITHINE@Charged;KEGG:C07997	MetaCyc:DIFLUOROMETHYLORNITHINE@Charged;KEGG:C07997	MetaCyc:DIFLUOROMETHYLORNITHINE@Charged;KEGG:C07997@Charged	KEGG:C07997	KEGG:C07997	GC	MetaCyc:DIFLUOROMETHYLORNITHINE@Charged	MetaCyc:DIFLUOROMETHYLORNITHINE@Charged	eQuilibrator:MNXM104545
cpd04998	KEGG:C07999	KEGG:C07999	KEGG:C07999	KEGG:C07999		KEGG:C07999	GC	KEGG:C07999@Charged	KEGG:C07999@Charged	eQuilibrator:MNXM54034
cpd04999	KEGG:C08001	KEGG:C08001	KEGG:C08001	KEGG:C08001	KEGG:C08001	KEGG:C08001	GC	KEGG:C08001@Charged	KEGG:C08001@Charged	
