id	formula_src	charge_src	inchikey_src	smiles_src	pka_src	pkb_src	deltag_method	deltag_used_src	deltag_gc_src	deltag_eq_src
cpd34000	MetaCyc:CPD-19574	MetaCyc:CPD-19574	MetaCyc:CPD-19574	MetaCyc:CPD-19574	MetaCyc:CPD-19574	MetaCyc:CPD-19574	EQ	eQuilibrator:MNXM171825	MetaCyc:CPD-19574@Charged	eQuilibrator:MNXM171825
cpd34001	MetaCyc:CPD-18887@Charged	MetaCyc:CPD-18887@Charged		MetaCyc:CPD-18887@Charged	MetaCyc:CPD-18887	MetaCyc:CPD-18887	GC	MetaCyc:CPD-18887@Charged	MetaCyc:CPD-18887@Charged	
cpd34002	MetaCyc:CPD-16934;ChEBI:50256	MetaCyc:CPD-16934;ChEBI:50256	MetaCyc:CPD-16934;ChEBI:50256	MetaCyc:CPD-16934;ChEBI:50256	MetaCyc:CPD-16934	MetaCyc:CPD-16934	EQ	eQuilibrator:MNXM5636	MetaCyc:CPD-16934@Charged	eQuilibrator:MNXM5636
cpd34003	MetaCyc:CPD-17800	MetaCyc:CPD-17800	MetaCyc:CPD-17800	MetaCyc:CPD-17800		MetaCyc:CPD-17800	GC	MetaCyc:CPD-17800@Charged	MetaCyc:CPD-17800@Charged	eQuilibrator:MNXM148195
cpd34004	MetaCyc:CPD-20912	MetaCyc:CPD-20912	MetaCyc:CPD-20912	MetaCyc:CPD-20912	MetaCyc:CPD-20912	MetaCyc:CPD-20912	GC	MetaCyc:CPD-20912@Charged	MetaCyc:CPD-20912@Charged	
cpd34005	MetaCyc:CPD-20792@Charged;ChEBI:141614@Charged	MetaCyc:CPD-20792@Charged;ChEBI:141614@Charged	MetaCyc:CPD-20792@Charged;ChEBI:141614@Charged	MetaCyc:CPD-20792@Charged;ChEBI:141614@Charged	MetaCyc:CPD-20792		GC	MetaCyc:CPD-20792@Charged	MetaCyc:CPD-20792@Charged	
cpd34006	MetaCyc:CPD-21083	MetaCyc:CPD-21083	MetaCyc:CPD-21083	MetaCyc:CPD-21083	MetaCyc:CPD-21083	MetaCyc:CPD-21083	GC	MetaCyc:CPD-21083@Charged	MetaCyc:CPD-21083@Charged	
cpd34007	MetaCyc:CPD-20299	MetaCyc:CPD-20299	MetaCyc:CPD-20299	MetaCyc:CPD-20299	MetaCyc:CPD-20299	MetaCyc:CPD-20299	GC	MetaCyc:CPD-20299@Charged	MetaCyc:CPD-20299@Charged	
cpd34008	MetaCyc:CPD-20212	MetaCyc:CPD-20212	MetaCyc:CPD-20212	MetaCyc:CPD-20212	MetaCyc:CPD-20212	MetaCyc:CPD-20212	GC	MetaCyc:CPD-20212@Charged	MetaCyc:CPD-20212@Charged	
cpd34009	MetaCyc:CPD-19122	MetaCyc:CPD-19122	MetaCyc:CPD-19122	MetaCyc:CPD-19122	MetaCyc:CPD-19122	MetaCyc:CPD-19122	EQ	eQuilibrator:MNXM683052	MetaCyc:CPD-19122@Charged	eQuilibrator:MNXM683052
cpd34010	MetaCyc:CPD-18380	MetaCyc:CPD-18380	MetaCyc:CPD-18380	MetaCyc:CPD-18380	MetaCyc:CPD-18380	MetaCyc:CPD-18380	EQ		MetaCyc:CPD-18380@Charged	
cpd34011	MetaCyc:CPD-14724;ChEBI:74309	MetaCyc:CPD-14724;ChEBI:74309	MetaCyc:CPD-14724;ChEBI:74309	MetaCyc:CPD-14724;ChEBI:74309	MetaCyc:CPD-14724	MetaCyc:CPD-14724	EQ	eQuilibrator:MNXM107637	MetaCyc:CPD-14724@Charged	eQuilibrator:MNXM107637
cpd34012	MetaCyc:CPD-18740	MetaCyc:CPD-18740	MetaCyc:CPD-18740	MetaCyc:CPD-18740	MetaCyc:CPD-18740	MetaCyc:CPD-18740	EQ	eQuilibrator:MNXM163943	MetaCyc:CPD-18740@Charged	eQuilibrator:MNXM163943
cpd34013	MetaCyc:CPD-14516	MetaCyc:CPD-14516	MetaCyc:CPD-14516	MetaCyc:CPD-14516	MetaCyc:CPD-14516	MetaCyc:CPD-14516	EQ	eQuilibrator:MNXM97413	MetaCyc:CPD-14516@Charged	eQuilibrator:MNXM97413
cpd34014										
cpd34015	MetaCyc:CPD-20358	MetaCyc:CPD-20358	MetaCyc:CPD-20358	MetaCyc:CPD-20358	MetaCyc:CPD-20358	MetaCyc:CPD-20358	EQ	eQuilibrator:MNXM126861	MetaCyc:CPD-20358@Charged	eQuilibrator:MNXM126861
cpd34016	MetaCyc:CPD-19263@Charged	MetaCyc:CPD-19263@Charged	MetaCyc:CPD-19263@Charged	MetaCyc:CPD-19263@Charged	MetaCyc:CPD-19263	MetaCyc:CPD-19263	EQ		MetaCyc:CPD-19263@Charged	
cpd34017	MetaCyc:CPD-18287	MetaCyc:CPD-18287	MetaCyc:CPD-18287	MetaCyc:CPD-18287	MetaCyc:CPD-18287	MetaCyc:CPD-18287	GC	MetaCyc:CPD-18287@Charged	MetaCyc:CPD-18287@Charged	
cpd34018	MetaCyc:CPD-15701	MetaCyc:CPD-15701	MetaCyc:CPD-15701	MetaCyc:CPD-15701	MetaCyc:CPD-15701	MetaCyc:CPD-15701	EQ	eQuilibrator:MNXM59477	MetaCyc:CPD-15701@Charged	eQuilibrator:MNXM59477
cpd34019	MetaCyc:CPD-17043	MetaCyc:CPD-17043	MetaCyc:CPD-17043	MetaCyc:CPD-17043	MetaCyc:CPD-17043	MetaCyc:CPD-17043	EQ	eQuilibrator:MNXM148173	MetaCyc:CPD-17043@Charged	eQuilibrator:MNXM148173
cpd34020	MetaCyc:CPD-17910	MetaCyc:CPD-17910	MetaCyc:CPD-17910	MetaCyc:CPD-17910	MetaCyc:CPD-17910		GC	MetaCyc:CPD-17910@Charged	MetaCyc:CPD-17910@Charged	
cpd34021	MetaCyc:CPD-15656;ChEBI:77548	MetaCyc:CPD-15656;ChEBI:77548	MetaCyc:CPD-15656;ChEBI:77548	MetaCyc:CPD-15656;ChEBI:77548	MetaCyc:CPD-15656	MetaCyc:CPD-15656	EQ	eQuilibrator:MNXM146454	MetaCyc:CPD-15656@Charged	eQuilibrator:MNXM146454
cpd34022	MetaCyc:CPD-15367	MetaCyc:CPD-15367	MetaCyc:CPD-15367	MetaCyc:CPD-15367	MetaCyc:CPD-15367	MetaCyc:CPD-15367	EQ	eQuilibrator:MNXM148096	MetaCyc:CPD-15367@Charged	eQuilibrator:MNXM148096
cpd34023	MetaCyc:CPD-14884	MetaCyc:CPD-14884	MetaCyc:CPD-14884	MetaCyc:CPD-14884	MetaCyc:CPD-14884	MetaCyc:CPD-14884	GC	MetaCyc:CPD-14884@Charged	MetaCyc:CPD-14884@Charged	eQuilibrator:MNXM117375
cpd34024	MetaCyc:CPD-17106	MetaCyc:CPD-17106	MetaCyc:CPD-17106	MetaCyc:CPD-17106	MetaCyc:CPD-17106	MetaCyc:CPD-17106	EQ		MetaCyc:CPD-17106@Charged	
cpd34025	MetaCyc:CPD-17352;ChEBI:88253	MetaCyc:CPD-17352;ChEBI:88253		MetaCyc:CPD-17352;ChEBI:88253		MetaCyc:CPD-17352	GC	MetaCyc:CPD-17352@Charged	MetaCyc:CPD-17352@Charged	
cpd34026	MetaCyc:CPD-18769@Charged	MetaCyc:CPD-18769@Charged	MetaCyc:CPD-18769@Charged	MetaCyc:CPD-18769@Charged	MetaCyc:CPD-18769	MetaCyc:CPD-18769	GC	MetaCyc:CPD-18769@Charged	MetaCyc:CPD-18769@Charged	eQuilibrator:MNXM531692
cpd34027	MetaCyc:CPD-15077@Charged	MetaCyc:CPD-15077@Charged	MetaCyc:CPD-15077@Charged	MetaCyc:CPD-15077@Charged	MetaCyc:CPD-15077	MetaCyc:CPD-15077	GC	MetaCyc:CPD-15077@Charged	MetaCyc:CPD-15077@Charged	
cpd34028	MetaCyc:CPD-20376	MetaCyc:CPD-20376	MetaCyc:CPD-20376	MetaCyc:CPD-20376	MetaCyc:CPD-20376	MetaCyc:CPD-20376	EQ	eQuilibrator:MNXM126866	MetaCyc:CPD-20376@Charged	eQuilibrator:MNXM126866
cpd34029	MetaCyc:CPD-14537;ChEBI:150012@Charged	MetaCyc:CPD-14537;ChEBI:150012@Charged	MetaCyc:CPD-14537;ChEBI:150012@Charged	MetaCyc:CPD-14537;ChEBI:150012@Charged	MetaCyc:CPD-14537	MetaCyc:CPD-14537	EQ	eQuilibrator:MNXM97507	MetaCyc:CPD-14537@Charged	eQuilibrator:MNXM97507
cpd34030	MetaCyc:CPD-15673	MetaCyc:CPD-15673	MetaCyc:CPD-15673	MetaCyc:CPD-15673	MetaCyc:CPD-15673	MetaCyc:CPD-15673	GC	MetaCyc:CPD-15673@Charged	MetaCyc:CPD-15673@Charged	eQuilibrator:MNXM149211
cpd34031	MetaCyc:CPD-17740	MetaCyc:CPD-17740	MetaCyc:CPD-17740	MetaCyc:CPD-17740	MetaCyc:CPD-17740	MetaCyc:CPD-17740	EQ	eQuilibrator:MNXM148232	MetaCyc:CPD-17740@Charged	eQuilibrator:MNXM148232
cpd34032	MetaCyc:CPD-20553	MetaCyc:CPD-20553	MetaCyc:CPD-20553	MetaCyc:CPD-20553	MetaCyc:CPD-20553		GC	MetaCyc:CPD-20553@Charged	MetaCyc:CPD-20553@Charged	
cpd34033	MetaCyc:CPD-19506;ChEBI:183093@Charged	MetaCyc:CPD-19506;ChEBI:183093@Charged	MetaCyc:CPD-19506;ChEBI:183093@Charged	MetaCyc:CPD-19506@Charged;ChEBI:183093@Charged	MetaCyc:CPD-19506	MetaCyc:CPD-19506	GC	MetaCyc:CPD-19506@Charged	MetaCyc:CPD-19506@Charged	
cpd34034	MetaCyc:CPD-18555	MetaCyc:CPD-18555	MetaCyc:CPD-18555	MetaCyc:CPD-18555		MetaCyc:CPD-18555	GC	MetaCyc:CPD-18555@Charged	MetaCyc:CPD-18555@Charged	eQuilibrator:MNXM165162
cpd34035	MetaCyc:CPD-18181	MetaCyc:CPD-18181	MetaCyc:CPD-18181	MetaCyc:CPD-18181	MetaCyc:CPD-18181	MetaCyc:CPD-18181	EQ	eQuilibrator:MNXM164376	MetaCyc:CPD-18181@Charged	eQuilibrator:MNXM164376
cpd34036	MetaCyc:CPD-16795	MetaCyc:CPD-16795	MetaCyc:CPD-16795	MetaCyc:CPD-16795	MetaCyc:CPD-16795	MetaCyc:CPD-16795	EQ	eQuilibrator:MNXM148311	MetaCyc:CPD-16795@Charged	eQuilibrator:MNXM148311
cpd34037	MetaCyc:CPD-14797	MetaCyc:CPD-14797	MetaCyc:CPD-14797	MetaCyc:CPD-14797			GC	MetaCyc:CPD-14797@Charged	MetaCyc:CPD-14797@Charged	
cpd34038	MetaCyc:CPD-21332	MetaCyc:CPD-21332	MetaCyc:CPD-21332	MetaCyc:CPD-21332			GC	MetaCyc:CPD-21332@Charged	MetaCyc:CPD-21332@Charged	eQuilibrator:MNXM48733
cpd34039	MetaCyc:CPD-18126@Charged	MetaCyc:CPD-18126@Charged	MetaCyc:CPD-18126@Charged	MetaCyc:CPD-18126@Charged	MetaCyc:CPD-18126	MetaCyc:CPD-18126	EQ		MetaCyc:CPD-18126@Charged	
cpd34040	MetaCyc:CPD-18594	MetaCyc:CPD-18594	MetaCyc:CPD-18594	MetaCyc:CPD-18594	MetaCyc:CPD-18594	MetaCyc:CPD-18594	EQ	eQuilibrator:MNXM56915	MetaCyc:CPD-18594@Charged	eQuilibrator:MNXM56915
cpd34041	MetaCyc:CPD-18898@Charged	MetaCyc:CPD-18898@Charged		MetaCyc:CPD-18898@Charged	MetaCyc:CPD-18898	MetaCyc:CPD-18898	GC	MetaCyc:CPD-18898@Charged	MetaCyc:CPD-18898@Charged	
cpd34042	MetaCyc:CPD-20773@Charged	MetaCyc:CPD-20773@Charged	MetaCyc:CPD-20773@Charged	MetaCyc:CPD-20773@Charged	MetaCyc:CPD-20773	MetaCyc:CPD-20773	GC	MetaCyc:CPD-20773@Charged	MetaCyc:CPD-20773@Charged	
cpd34043	MetaCyc:CPD-16844@Charged	MetaCyc:CPD-16844@Charged	MetaCyc:CPD-16844@Charged	MetaCyc:CPD-16844@Charged	MetaCyc:CPD-16844	MetaCyc:CPD-16844	GC	MetaCyc:CPD-16844@Charged	MetaCyc:CPD-16844@Charged	eQuilibrator:MNXM147465
cpd34044	MetaCyc:CPD-17110	MetaCyc:CPD-17110	MetaCyc:CPD-17110	MetaCyc:CPD-17110	MetaCyc:CPD-17110	MetaCyc:CPD-17110	GC	MetaCyc:CPD-17110@Charged	MetaCyc:CPD-17110@Charged	eQuilibrator:MNXM151522
cpd34045	MetaCyc:CPD-18461	MetaCyc:CPD-18461	MetaCyc:CPD-18461	MetaCyc:CPD-18461	MetaCyc:CPD-18461	MetaCyc:CPD-18461	EQ	eQuilibrator:MNXM152769	MetaCyc:CPD-18461@Charged	eQuilibrator:MNXM152769
cpd34046	MetaCyc:CPD-16939	MetaCyc:CPD-16939	MetaCyc:CPD-16939	MetaCyc:CPD-16939	MetaCyc:CPD-16939		EQ	eQuilibrator:MNXM148617	MetaCyc:CPD-16939@Charged	eQuilibrator:MNXM148617
cpd34047	MetaCyc:CPD-18368	MetaCyc:CPD-18368	MetaCyc:CPD-18368	MetaCyc:CPD-18368	MetaCyc:CPD-18368	MetaCyc:CPD-18368	GC	MetaCyc:CPD-18368@Charged	MetaCyc:CPD-18368@Charged	
cpd34048	MetaCyc:CPD-21236@Charged	MetaCyc:CPD-21236@Charged	MetaCyc:CPD-21236@Charged	MetaCyc:CPD-21236@Charged	MetaCyc:CPD-21236		GC	MetaCyc:CPD-21236@Charged	MetaCyc:CPD-21236@Charged	
cpd34049	MetaCyc:CPD-17002	MetaCyc:CPD-17002	MetaCyc:CPD-17002	MetaCyc:CPD-17002	MetaCyc:CPD-17002	MetaCyc:CPD-17002	EQ	eQuilibrator:MNXM148570	MetaCyc:CPD-17002@Charged	eQuilibrator:MNXM148570
cpd34050	MetaCyc:CPD-17500	MetaCyc:CPD-17500	MetaCyc:CPD-17500	MetaCyc:CPD-17500	MetaCyc:CPD-17500	MetaCyc:CPD-17500	GC	MetaCyc:CPD-17500@Charged	MetaCyc:CPD-17500@Charged	eQuilibrator:MNXM148193
cpd34051	MetaCyc:CPD-20473;ChEBI:138307	MetaCyc:CPD-20473;ChEBI:138307	MetaCyc:CPD-20473;ChEBI:138307	MetaCyc:CPD-20473;ChEBI:138307		MetaCyc:CPD-20473	GC	MetaCyc:CPD-20473@Charged	MetaCyc:CPD-20473@Charged	
cpd34052	MetaCyc:CPD-19595@Charged	MetaCyc:CPD-19595@Charged	MetaCyc:CPD-19595@Charged	MetaCyc:CPD-19595@Charged		MetaCyc:CPD-19595	EQ	eQuilibrator:MNXM481220	MetaCyc:CPD-19595@Charged	eQuilibrator:MNXM481220
cpd34053	MetaCyc:CPD-19300	MetaCyc:CPD-19300	MetaCyc:CPD-19300	MetaCyc:CPD-19300	MetaCyc:CPD-19300	MetaCyc:CPD-19300	EQ	eQuilibrator:MNXM168375	MetaCyc:CPD-19300@Charged	eQuilibrator:MNXM168375
cpd34054	MetaCyc:CPD-20481@Charged	MetaCyc:CPD-20481@Charged	MetaCyc:CPD-20481@Charged	MetaCyc:CPD-20481@Charged	MetaCyc:CPD-20481	MetaCyc:CPD-20481	GC	MetaCyc:CPD-20481@Charged	MetaCyc:CPD-20481@Charged	
cpd34055	MetaCyc:CPD-20757	MetaCyc:CPD-20757	MetaCyc:CPD-20757	MetaCyc:CPD-20757	MetaCyc:CPD-20757	MetaCyc:CPD-20757	GC	MetaCyc:CPD-20757@Charged	MetaCyc:CPD-20757@Charged	
cpd34056	MetaCyc:CPD-16493	MetaCyc:CPD-16493	MetaCyc:CPD-16493	MetaCyc:CPD-16493@Charged	MetaCyc:CPD-16493	MetaCyc:CPD-16493	EQ	eQuilibrator:MNXM59853	MetaCyc:CPD-16493@Charged	eQuilibrator:MNXM59853
cpd34057	MetaCyc:CPD-15255;ChEBI:74006	MetaCyc:CPD-15255;ChEBI:74006	MetaCyc:CPD-15255;ChEBI:74006	MetaCyc:CPD-15255;ChEBI:74006	MetaCyc:CPD-15255	MetaCyc:CPD-15255	GC	MetaCyc:CPD-15255@Charged	MetaCyc:CPD-15255@Charged	eQuilibrator:MNXM146309
cpd34058	MetaCyc:CPD-15825;MetaCyc:L-Tagatose;ChEBI:134275	MetaCyc:CPD-15825;MetaCyc:L-Tagatose;ChEBI:134275	MetaCyc:CPD-15825;MetaCyc:L-Tagatose;ChEBI:134275	MetaCyc:CPD-15825;MetaCyc:L-Tagatose;ChEBI:134275	MetaCyc:CPD-15825	MetaCyc:CPD-15825	EQ	eQuilibrator:MNXM7487	MetaCyc:CPD-15825@Charged	eQuilibrator:MNXM7487
cpd34059	MetaCyc:CPD-19607	MetaCyc:CPD-19607	MetaCyc:CPD-19607	MetaCyc:CPD-19607	MetaCyc:CPD-19607	MetaCyc:CPD-19607	EQ	eQuilibrator:MNXM80018	MetaCyc:CPD-19607@Charged	eQuilibrator:MNXM80018
cpd34060	MetaCyc:CPD-21160	MetaCyc:CPD-21160	MetaCyc:CPD-21160	MetaCyc:CPD-21160	MetaCyc:CPD-21160	MetaCyc:CPD-21160	GC	MetaCyc:CPD-21160@Charged	MetaCyc:CPD-21160@Charged	
cpd34061	MetaCyc:CPD-19478	MetaCyc:CPD-19478	MetaCyc:CPD-19478	MetaCyc:CPD-19478	MetaCyc:CPD-19478		EQ	eQuilibrator:MNXM164090	MetaCyc:CPD-19478@Charged	eQuilibrator:MNXM164090
cpd34062	MetaCyc:CPD-19593	MetaCyc:CPD-19593	MetaCyc:CPD-19593	MetaCyc:CPD-19593		MetaCyc:CPD-19593	EQ	eQuilibrator:MNXM531885	MetaCyc:CPD-19593@Charged	eQuilibrator:MNXM531885
cpd34063	MetaCyc:CPD-20404;ChEBI:74340	MetaCyc:CPD-20404;ChEBI:74340	MetaCyc:CPD-20404;ChEBI:74340	MetaCyc:CPD-20404;ChEBI:74340	MetaCyc:CPD-20404	MetaCyc:CPD-20404	GC	MetaCyc:CPD-20404@Charged	MetaCyc:CPD-20404@Charged	eQuilibrator:MNXM60745
cpd34064	MetaCyc:CPD-18844@Charged	MetaCyc:CPD-18844@Charged		MetaCyc:CPD-18844@Charged	MetaCyc:CPD-18844	MetaCyc:CPD-18844	GC	MetaCyc:CPD-18844@Charged	MetaCyc:CPD-18844@Charged	
cpd34065	MetaCyc:CPD-17453@Charged	MetaCyc:CPD-17453@Charged	MetaCyc:CPD-17453@Charged	MetaCyc:CPD-17453@Charged	MetaCyc:CPD-17453	MetaCyc:CPD-17453	GC	MetaCyc:CPD-17453@Charged	MetaCyc:CPD-17453@Charged	eQuilibrator:MNXM148226
cpd34066	MetaCyc:CPD-16975	MetaCyc:CPD-16975	MetaCyc:CPD-16975	MetaCyc:CPD-16975	MetaCyc:CPD-16975	MetaCyc:CPD-16975	GC	MetaCyc:CPD-16975@Charged	MetaCyc:CPD-16975@Charged	eQuilibrator:MNXM499354
cpd34067	MetaCyc:CPD-16614	MetaCyc:CPD-16614	MetaCyc:CPD-16614	MetaCyc:CPD-16614		MetaCyc:CPD-16614	GC	MetaCyc:CPD-16614@Charged	MetaCyc:CPD-16614@Charged	
cpd34068	MetaCyc:CPD-19931	MetaCyc:CPD-19931	MetaCyc:CPD-19931	MetaCyc:CPD-19931	MetaCyc:CPD-19931	MetaCyc:CPD-19931	GC	MetaCyc:CPD-19931@Charged	MetaCyc:CPD-19931@Charged	
cpd34069	MetaCyc:CPD-20771@Charged	MetaCyc:CPD-20771@Charged	MetaCyc:CPD-20771@Charged	MetaCyc:CPD-20771@Charged	MetaCyc:CPD-20771	MetaCyc:CPD-20771	GC	MetaCyc:CPD-20771@Charged	MetaCyc:CPD-20771@Charged	
cpd34070	MetaCyc:CPD-15894;ChEBI:78345	MetaCyc:CPD-15894;ChEBI:78345	MetaCyc:CPD-15894;ChEBI:78345	MetaCyc:CPD-15894;ChEBI:78345	MetaCyc:CPD-15894	MetaCyc:CPD-15894	EQ	eQuilibrator:MNXM145763	MetaCyc:CPD-15894@Charged	eQuilibrator:MNXM145763
cpd34071	MetaCyc:CPD-18249@Charged	MetaCyc:CPD-18249@Charged	MetaCyc:CPD-18249@Charged	MetaCyc:CPD-18249@Charged	MetaCyc:CPD-18249	MetaCyc:CPD-18249	GC	MetaCyc:CPD-18249@Charged	MetaCyc:CPD-18249@Charged	
cpd34072	MetaCyc:CPD-18168	MetaCyc:CPD-18168	MetaCyc:CPD-18168	MetaCyc:CPD-18168	MetaCyc:CPD-18168	MetaCyc:CPD-18168	EQ	eQuilibrator:MNXM167936	MetaCyc:CPD-18168@Charged	eQuilibrator:MNXM167936
cpd34073	MetaCyc:CPD-14786	MetaCyc:CPD-14786	MetaCyc:CPD-14786	MetaCyc:CPD-14786	MetaCyc:CPD-14786	MetaCyc:CPD-14786	EQ	eQuilibrator:MNXM114495	MetaCyc:CPD-14786@Charged	eQuilibrator:MNXM114495
cpd34074	MetaCyc:CPD-19161	MetaCyc:CPD-19161	MetaCyc:CPD-19161	MetaCyc:CPD-19161	MetaCyc:CPD-19161	MetaCyc:CPD-19161	EQ	eQuilibrator:MNXM163954	MetaCyc:CPD-19161@Charged	eQuilibrator:MNXM163954
cpd34075	MetaCyc:CPD-19171;ChEBI:87687	MetaCyc:CPD-19171;ChEBI:87687	MetaCyc:CPD-19171;ChEBI:87687	MetaCyc:CPD-19171;ChEBI:87687	MetaCyc:CPD-19171	MetaCyc:CPD-19171	EQ	eQuilibrator:MNXM149457	MetaCyc:CPD-19171@Charged	eQuilibrator:MNXM149457
cpd34076	MetaCyc:CPD-15274	MetaCyc:CPD-15274	MetaCyc:CPD-15274	MetaCyc:CPD-15274	MetaCyc:CPD-15274	MetaCyc:CPD-15274	GC	MetaCyc:CPD-15274@Charged	MetaCyc:CPD-15274@Charged	
cpd34077	MetaCyc:CPD-16650	MetaCyc:CPD-16650	MetaCyc:CPD-16650	MetaCyc:CPD-16650	MetaCyc:CPD-16650	MetaCyc:CPD-16650	EQ	eQuilibrator:MNXM149040	MetaCyc:CPD-16650@Charged	eQuilibrator:MNXM149040
cpd34078	MetaCyc:CPD-17360;ChEBI:145684	MetaCyc:CPD-17360;ChEBI:145684	MetaCyc:CPD-17360;ChEBI:145684	MetaCyc:CPD-17360;ChEBI:145684	MetaCyc:CPD-17360	MetaCyc:CPD-17360	EQ	eQuilibrator:MNXM147521	MetaCyc:CPD-17360@Charged	eQuilibrator:MNXM147521
cpd34079	MetaCyc:CPD-15361;ChEBI:76387	MetaCyc:CPD-15361;ChEBI:76387	MetaCyc:CPD-15361;ChEBI:76387	MetaCyc:CPD-15361;ChEBI:76387	MetaCyc:CPD-15361	MetaCyc:CPD-15361	EQ	eQuilibrator:MNXM145825	MetaCyc:CPD-15361@Charged	eQuilibrator:MNXM145825
cpd34080	MetaCyc:CPD-20599	MetaCyc:CPD-20599	MetaCyc:CPD-20599	MetaCyc:CPD-20599	MetaCyc:CPD-20599	MetaCyc:CPD-20599	GC	MetaCyc:CPD-20599@Charged	MetaCyc:CPD-20599@Charged	
cpd34081	MetaCyc:CPD-18324@Charged	MetaCyc:CPD-18324@Charged	MetaCyc:CPD-18324@Charged	MetaCyc:CPD-18324@Charged	MetaCyc:CPD-18324	MetaCyc:CPD-18324	GC	MetaCyc:CPD-18324@Charged	MetaCyc:CPD-18324@Charged	
cpd34082	MetaCyc:CPD-21427;ChEBI:138171	MetaCyc:CPD-21427;ChEBI:138171	MetaCyc:CPD-21427;ChEBI:138171	MetaCyc:CPD-21427;ChEBI:138171	MetaCyc:CPD-21427	MetaCyc:CPD-21427	GC	MetaCyc:CPD-21427@Charged	MetaCyc:CPD-21427@Charged	eQuilibrator:MNXM588676
cpd34083	MetaCyc:CPD-14999@Charged;ChEBI:77771@Charged	MetaCyc:CPD-14999@Charged;ChEBI:77771@Charged	MetaCyc:CPD-14999@Charged;ChEBI:77771@Charged	MetaCyc:CPD-14999@Charged;ChEBI:77771@Charged	MetaCyc:CPD-14999	MetaCyc:CPD-14999	GC	MetaCyc:CPD-14999@Charged	MetaCyc:CPD-14999@Charged	
cpd34084	MetaCyc:CPD-17701	MetaCyc:CPD-17701	MetaCyc:CPD-17701	MetaCyc:CPD-17701	MetaCyc:CPD-17701	MetaCyc:CPD-17701	GC	MetaCyc:CPD-17701@Charged	MetaCyc:CPD-17701@Charged	eQuilibrator:MNXM147825
cpd34085	MetaCyc:methanofuran-d	MetaCyc:methanofuran-d	MetaCyc:methanofuran-d	MetaCyc:methanofuran-d	MetaCyc:methanofuran-d	MetaCyc:methanofuran-d	GC	MetaCyc:methanofuran-d@Charged	MetaCyc:methanofuran-d@Charged	eQuilibrator:MNXM149107
cpd34086	MetaCyc:CPD-18470;ChEBI:156237	MetaCyc:CPD-18470;ChEBI:156237	MetaCyc:CPD-18470;ChEBI:156237	MetaCyc:CPD-18470;ChEBI:156237			GC	MetaCyc:CPD-18470@Charged	MetaCyc:CPD-18470@Charged	
cpd34087	MetaCyc:CPD-18109;ChEBI:142288@Charged	MetaCyc:CPD-18109;ChEBI:142288@Charged	MetaCyc:CPD-18109;ChEBI:142288@Charged	MetaCyc:CPD-18109;ChEBI:142288@Charged	MetaCyc:CPD-18109	MetaCyc:CPD-18109	GC	MetaCyc:CPD-18109@Charged	MetaCyc:CPD-18109@Charged	eQuilibrator:MNXM164309
cpd34088	MetaCyc:CPD-15352	MetaCyc:CPD-15352	MetaCyc:CPD-15352	MetaCyc:CPD-15352	MetaCyc:CPD-15352	MetaCyc:CPD-15352	EQ	eQuilibrator:MNXM151698	MetaCyc:CPD-15352@Charged	eQuilibrator:MNXM151698
cpd34089	MetaCyc:CPD-21496;ChEBI:143008	MetaCyc:CPD-21496;ChEBI:143008	MetaCyc:CPD-21496;ChEBI:143008	MetaCyc:CPD-21496;ChEBI:143008	MetaCyc:CPD-21496	MetaCyc:CPD-21496	GC	MetaCyc:CPD-21496@Charged	MetaCyc:CPD-21496@Charged	
cpd34090	MetaCyc:CPD-19187;ChEBI:131704	MetaCyc:CPD-19187;ChEBI:131704	MetaCyc:CPD-19187;ChEBI:131704	MetaCyc:CPD-19187;ChEBI:131704	MetaCyc:CPD-19187	MetaCyc:CPD-19187	EQ	eQuilibrator:MNXM162456	MetaCyc:CPD-19187@Charged	eQuilibrator:MNXM162456
cpd34091	MetaCyc:CPD-20242;ChEBI:138944	MetaCyc:CPD-20242;ChEBI:138944	MetaCyc:CPD-20242;ChEBI:138944	MetaCyc:CPD-20242;ChEBI:138944	MetaCyc:CPD-20242	MetaCyc:CPD-20242	GC	MetaCyc:CPD-20242@Charged	MetaCyc:CPD-20242@Charged	
cpd34092	MetaCyc:CPD-16668;ChEBI:141020	MetaCyc:CPD-16668;ChEBI:141020	MetaCyc:CPD-16668;ChEBI:141020	MetaCyc:CPD-16668;ChEBI:141020	MetaCyc:CPD-16668	MetaCyc:CPD-16668	GC	MetaCyc:CPD-16668@Charged	MetaCyc:CPD-16668@Charged	
cpd34093	MetaCyc:CPD-15605	MetaCyc:CPD-15605	MetaCyc:CPD-15605	MetaCyc:CPD-15605	MetaCyc:CPD-15605	MetaCyc:CPD-15605	GC	MetaCyc:CPD-15605@Charged	MetaCyc:CPD-15605@Charged	eQuilibrator:MNXM150222
cpd34094	MetaCyc:CPD-19196	MetaCyc:CPD-19196	MetaCyc:CPD-19196	MetaCyc:CPD-19196	MetaCyc:CPD-19196	MetaCyc:CPD-19196	EQ	eQuilibrator:MNXM526129	MetaCyc:CPD-19196@Charged	eQuilibrator:MNXM526129
cpd34095	MetaCyc:CPD-16456	MetaCyc:CPD-16456	MetaCyc:CPD-16456	MetaCyc:CPD-16456@Charged	MetaCyc:CPD-16456	MetaCyc:CPD-16456	GC	MetaCyc:CPD-16456@Charged	MetaCyc:CPD-16456@Charged	
cpd34096	MetaCyc:CPD-17330	MetaCyc:CPD-17330	MetaCyc:CPD-17330	MetaCyc:CPD-17330	MetaCyc:CPD-17330		EQ	eQuilibrator:MNXM83823	MetaCyc:CPD-17330@Charged	eQuilibrator:MNXM83823
cpd34097	MetaCyc:CPD-20607@Charged	MetaCyc:CPD-20607@Charged	MetaCyc:CPD-20607@Charged	MetaCyc:CPD-20607@Charged	MetaCyc:CPD-20607	MetaCyc:CPD-20607	EQ	eQuilibrator:MNXM37021	MetaCyc:CPD-20607@Charged	eQuilibrator:MNXM37021
cpd34098	MetaCyc:CPD-18193@Charged	MetaCyc:CPD-18193@Charged	MetaCyc:CPD-18193@Charged	MetaCyc:CPD-18193@Charged	MetaCyc:CPD-18193	MetaCyc:CPD-18193	EQ	eQuilibrator:MNXM489145	MetaCyc:CPD-18193@Charged	eQuilibrator:MNXM489145
cpd34099	MetaCyc:CPD-20252;ChEBI:138167	MetaCyc:CPD-20252;ChEBI:138167	MetaCyc:CPD-20252;ChEBI:138167	MetaCyc:CPD-20252;ChEBI:138167		MetaCyc:CPD-20252	GC	MetaCyc:CPD-20252@Charged	MetaCyc:CPD-20252@Charged	
cpd34100	MetaCyc:CPD-17419	MetaCyc:CPD-17419	MetaCyc:CPD-17419	MetaCyc:CPD-17419	MetaCyc:CPD-17419	MetaCyc:CPD-17419	GC	MetaCyc:CPD-17419@Charged	MetaCyc:CPD-17419@Charged	eQuilibrator:MNXM149054
cpd34101	MetaCyc:CPD-20099	MetaCyc:CPD-20099	MetaCyc:CPD-20099	MetaCyc:CPD-20099			GC	MetaCyc:CPD-20099@Charged	MetaCyc:CPD-20099@Charged	
cpd34102	MetaCyc:CPD-17206	MetaCyc:CPD-17206	MetaCyc:CPD-17206	MetaCyc:CPD-17206	MetaCyc:CPD-17206	MetaCyc:CPD-17206	GC	MetaCyc:CPD-17206@Charged	MetaCyc:CPD-17206@Charged	eQuilibrator:MNXM147475
cpd34103	MetaCyc:CPD-15457@Charged;ChEBI:77157@Charged	MetaCyc:CPD-15457@Charged;ChEBI:77157@Charged	MetaCyc:CPD-15457@Charged;ChEBI:77157@Charged	MetaCyc:CPD-15457@Charged;ChEBI:77157@Charged	MetaCyc:CPD-15457	MetaCyc:CPD-15457	GC	MetaCyc:CPD-15457@Charged	MetaCyc:CPD-15457@Charged	
cpd34104	MetaCyc:CPD-15823	MetaCyc:CPD-15823	MetaCyc:CPD-15823	MetaCyc:CPD-15823		MetaCyc:CPD-15823	EQ	eQuilibrator:MNXM151240	MetaCyc:CPD-15823@Charged	eQuilibrator:MNXM151240
cpd34105	MetaCyc:CPD-18603	MetaCyc:CPD-18603	MetaCyc:CPD-18603	MetaCyc:CPD-18603	MetaCyc:CPD-18603	MetaCyc:CPD-18603	GC	MetaCyc:CPD-18603@Charged	MetaCyc:CPD-18603@Charged	
cpd34106	MetaCyc:CPD-14483	MetaCyc:CPD-14483	MetaCyc:CPD-14483	MetaCyc:CPD-14483	MetaCyc:CPD-14483	MetaCyc:CPD-14483	GC	MetaCyc:CPD-14483@Charged	MetaCyc:CPD-14483@Charged	
cpd34107	MetaCyc:CPD-16793	MetaCyc:CPD-16793	MetaCyc:CPD-16793	MetaCyc:CPD-16793	MetaCyc:CPD-16793		EQ	eQuilibrator:MNXM147730	MetaCyc:CPD-16793@Charged	eQuilibrator:MNXM147730
cpd34108	MetaCyc:CPD-14979@Charged	MetaCyc:CPD-14979@Charged	MetaCyc:CPD-14979@Charged	MetaCyc:CPD-14979@Charged	MetaCyc:CPD-14979	MetaCyc:CPD-14979	GC	MetaCyc:CPD-14979@Charged	MetaCyc:CPD-14979@Charged	eQuilibrator:MNXM681012
cpd34109	MetaCyc:CPD-21029@Charged	MetaCyc:CPD-21029@Charged	MetaCyc:CPD-21029@Charged	MetaCyc:CPD-21029@Charged	MetaCyc:CPD-21029	MetaCyc:CPD-21029	GC	MetaCyc:CPD-21029@Charged	MetaCyc:CPD-21029@Charged	
cpd34110	MetaCyc:CPD-14982@Charged	MetaCyc:CPD-14982@Charged	MetaCyc:CPD-14982@Charged	MetaCyc:CPD-14982@Charged	MetaCyc:CPD-14982	MetaCyc:CPD-14982	GC	MetaCyc:CPD-14982@Charged	MetaCyc:CPD-14982@Charged	eQuilibrator:MNXM114689
cpd34111	MetaCyc:CPD-18784@Charged	MetaCyc:CPD-18784@Charged	MetaCyc:CPD-18784@Charged	MetaCyc:CPD-18784@Charged	MetaCyc:CPD-18784	MetaCyc:CPD-18784	GC	MetaCyc:CPD-18784@Charged	MetaCyc:CPD-18784@Charged	
cpd34112	MetaCyc:CPD0-2582	MetaCyc:CPD0-2582	MetaCyc:CPD0-2582	MetaCyc:CPD0-2582	MetaCyc:CPD0-2582	MetaCyc:CPD0-2582	GC	MetaCyc:CPD0-2582@Charged	MetaCyc:CPD0-2582@Charged	
cpd34113	MetaCyc:CPD-17502	MetaCyc:CPD-17502	MetaCyc:CPD-17502	MetaCyc:CPD-17502	MetaCyc:CPD-17502	MetaCyc:CPD-17502	EQ	eQuilibrator:MNXM147872	MetaCyc:CPD-17502@Charged	eQuilibrator:MNXM147872
cpd34114	MetaCyc:CPD-16586	MetaCyc:CPD-16586	MetaCyc:CPD-16586	MetaCyc:CPD-16586	MetaCyc:CPD-16586		EQ	eQuilibrator:MNXM148640	MetaCyc:CPD-16586@Charged	eQuilibrator:MNXM148640
cpd34115	MetaCyc:CPD-20030	MetaCyc:CPD-20030	MetaCyc:CPD-20030	MetaCyc:CPD-20030		MetaCyc:CPD-20030	EQ	eQuilibrator:MNXM160920	MetaCyc:CPD-20030@Charged	eQuilibrator:MNXM160920
cpd34116	MetaCyc:CPD-20962	MetaCyc:CPD-20962	MetaCyc:CPD-20962	MetaCyc:CPD-20962	MetaCyc:CPD-20962		GC	MetaCyc:CPD-20962@Charged	MetaCyc:CPD-20962@Charged	
cpd34117	MetaCyc:CPD-21420	MetaCyc:CPD-21420	MetaCyc:CPD-21420	MetaCyc:CPD-21420	MetaCyc:CPD-21420	MetaCyc:CPD-21420	GC	MetaCyc:CPD-21420@Charged	MetaCyc:CPD-21420@Charged	
cpd34118	MetaCyc:CPD-19131	MetaCyc:CPD-19131	MetaCyc:CPD-19131	MetaCyc:CPD-19131	MetaCyc:CPD-19131	MetaCyc:CPD-19131	EQ	eQuilibrator:MNXM683040	MetaCyc:CPD-19131@Charged	eQuilibrator:MNXM683040
cpd34119	MetaCyc:CPD-17551	MetaCyc:CPD-17551	MetaCyc:CPD-17551	MetaCyc:CPD-17551	MetaCyc:CPD-17551	MetaCyc:CPD-17551	GC	MetaCyc:CPD-17551@Charged	MetaCyc:CPD-17551@Charged	eQuilibrator:MNXM722914
cpd34120	MetaCyc:CPD-16156	MetaCyc:CPD-16156	MetaCyc:CPD-16156	MetaCyc:CPD-16156	MetaCyc:CPD-16156	MetaCyc:CPD-16156	EQ	eQuilibrator:MNXM148875	MetaCyc:CPD-16156@Charged	eQuilibrator:MNXM148875
cpd34121	MetaCyc:CPD-14973	MetaCyc:CPD-14973	MetaCyc:CPD-14973	MetaCyc:CPD-14973	MetaCyc:CPD-14973	MetaCyc:CPD-14973	EQ	eQuilibrator:MNXM129699	MetaCyc:CPD-14973@Charged	eQuilibrator:MNXM129699
cpd34122	MetaCyc:CPD-19214	MetaCyc:CPD-19214	MetaCyc:CPD-19214	MetaCyc:CPD-19214	MetaCyc:CPD-19214	MetaCyc:CPD-19214	EQ	eQuilibrator:MNXM482096	MetaCyc:CPD-19214@Charged	eQuilibrator:MNXM482096
cpd34123	MetaCyc:CPD-14620@Charged	MetaCyc:CPD-14620@Charged	MetaCyc:CPD-14620@Charged	MetaCyc:CPD-14620@Charged	MetaCyc:CPD-14620	MetaCyc:CPD-14620	GC	MetaCyc:CPD-14620@Charged	MetaCyc:CPD-14620@Charged	
cpd34124	MetaCyc:CPD-19841	MetaCyc:CPD-19841	MetaCyc:CPD-19841	MetaCyc:CPD-19841	MetaCyc:CPD-19841	MetaCyc:CPD-19841	EQ	eQuilibrator:MNXM35014	MetaCyc:CPD-19841@Charged	eQuilibrator:MNXM35014
cpd34125	MetaCyc:CPD-20932	MetaCyc:CPD-20932	MetaCyc:CPD-20932	MetaCyc:CPD-20932	MetaCyc:CPD-20932	MetaCyc:CPD-20932	GC	MetaCyc:CPD-20932@Charged	MetaCyc:CPD-20932@Charged	
cpd34126	MetaCyc:CPD-15346	MetaCyc:CPD-15346	MetaCyc:CPD-15346	MetaCyc:CPD-15346@Charged	MetaCyc:CPD-15346	MetaCyc:CPD-15346	GC	MetaCyc:CPD-15346@Charged	MetaCyc:CPD-15346@Charged	eQuilibrator:MNXM157721
cpd34127	MetaCyc:CPD-20752	MetaCyc:CPD-20752	MetaCyc:CPD-20752	MetaCyc:CPD-20752	MetaCyc:CPD-20752	MetaCyc:CPD-20752	EQ	eQuilibrator:MNXM149088	MetaCyc:CPD-20752@Charged	eQuilibrator:MNXM149088
cpd34128	MetaCyc:CPD-18223@Charged	MetaCyc:CPD-18223@Charged	MetaCyc:CPD-18223@Charged	MetaCyc:CPD-18223@Charged	MetaCyc:CPD-18223	MetaCyc:CPD-18223	GC	MetaCyc:CPD-18223@Charged	MetaCyc:CPD-18223@Charged	
cpd34129	MetaCyc:CPD-20081;ChEBI:137531	MetaCyc:CPD-20081;ChEBI:137531	MetaCyc:CPD-20081;ChEBI:137531	MetaCyc:CPD-20081;ChEBI:137531			GC	MetaCyc:CPD-20081@Charged	MetaCyc:CPD-20081@Charged	
cpd34130	MetaCyc:CPD-17402	MetaCyc:CPD-17402	MetaCyc:CPD-17402	MetaCyc:CPD-17402	MetaCyc:CPD-17402	MetaCyc:CPD-17402	EQ	eQuilibrator:MNXM147804	MetaCyc:CPD-17402@Charged	eQuilibrator:MNXM147804
cpd34131	MetaCyc:CPD-15186	MetaCyc:CPD-15186	MetaCyc:CPD-15186	MetaCyc:CPD-15186	MetaCyc:CPD-15186	MetaCyc:CPD-15186	GC	MetaCyc:CPD-15186@Charged	MetaCyc:CPD-15186@Charged	eQuilibrator:MNXM7779
cpd34132	MetaCyc:CPD-17133@Charged	MetaCyc:CPD-17133@Charged	MetaCyc:CPD-17133@Charged	MetaCyc:CPD-17133@Charged	MetaCyc:CPD-17133	MetaCyc:CPD-17133	GC	MetaCyc:CPD-17133@Charged	MetaCyc:CPD-17133@Charged	
cpd34133	MetaCyc:CPD-17784	MetaCyc:CPD-17784	MetaCyc:CPD-17784	MetaCyc:CPD-17784	MetaCyc:CPD-17784	MetaCyc:CPD-17784	GC	MetaCyc:CPD-17784@Charged	MetaCyc:CPD-17784@Charged	
cpd34134	MetaCyc:CPD-20842	MetaCyc:CPD-20842	MetaCyc:CPD-20842	MetaCyc:CPD-20842	MetaCyc:CPD-20842	MetaCyc:CPD-20842	GC	MetaCyc:CPD-20842@Charged	MetaCyc:CPD-20842@Charged	
cpd34135	MetaCyc:CPD-20169	MetaCyc:CPD-20169	MetaCyc:CPD-20169	MetaCyc:CPD-20169			GC	MetaCyc:CPD-20169@Charged	MetaCyc:CPD-20169@Charged	
cpd34136	MetaCyc:CPD-21140	MetaCyc:CPD-21140	MetaCyc:CPD-21140	MetaCyc:CPD-21140	MetaCyc:CPD-21140	MetaCyc:CPD-21140	GC	MetaCyc:CPD-21140@Charged	MetaCyc:CPD-21140@Charged	
cpd34137	MetaCyc:CPD-17753@Charged	MetaCyc:CPD-17753@Charged	MetaCyc:CPD-17753@Charged	MetaCyc:CPD-17753@Charged	MetaCyc:CPD-17753	MetaCyc:CPD-17753	GC	MetaCyc:CPD-17753@Charged	MetaCyc:CPD-17753@Charged	
cpd34138	MetaCyc:CPD-18046	MetaCyc:CPD-18046	MetaCyc:CPD-18046	MetaCyc:CPD-18046	MetaCyc:CPD-18046	MetaCyc:CPD-18046	EQ	eQuilibrator:MNXM149092	MetaCyc:CPD-18046@Charged	eQuilibrator:MNXM149092
cpd34139	MetaCyc:CPD-19393	MetaCyc:CPD-19393	MetaCyc:CPD-19393	MetaCyc:CPD-19393	MetaCyc:CPD-19393	MetaCyc:CPD-19393	GC	MetaCyc:CPD-19393@Charged	MetaCyc:CPD-19393@Charged	eQuilibrator:MNXM116648
cpd34140	MetaCyc:CPD-18538	MetaCyc:CPD-18538	MetaCyc:CPD-18538	MetaCyc:CPD-18538	MetaCyc:CPD-18538	MetaCyc:CPD-18538	EQ	eQuilibrator:MNXM164009	MetaCyc:CPD-18538@Charged	eQuilibrator:MNXM164009
cpd34141	MetaCyc:CPD-16986	MetaCyc:CPD-16986	MetaCyc:CPD-16986	MetaCyc:CPD-16986	MetaCyc:CPD-16986	MetaCyc:CPD-16986	GC	MetaCyc:CPD-16986@Charged	MetaCyc:CPD-16986@Charged	
cpd34142	MetaCyc:CPD-19445@Charged	MetaCyc:CPD-19445@Charged	MetaCyc:CPD-19445@Charged	MetaCyc:CPD-19445@Charged	MetaCyc:CPD-19445	MetaCyc:CPD-19445	GC	MetaCyc:CPD-19445@Charged	MetaCyc:CPD-19445@Charged	
cpd34143	MetaCyc:CPD-16620	MetaCyc:CPD-16620	MetaCyc:CPD-16620	MetaCyc:CPD-16620	MetaCyc:CPD-16620	MetaCyc:CPD-16620	GC	MetaCyc:CPD-16620@Charged	MetaCyc:CPD-16620@Charged	
cpd34144	MetaCyc:CPD-17764	MetaCyc:CPD-17764	MetaCyc:CPD-17764	MetaCyc:CPD-17764	MetaCyc:CPD-17764	MetaCyc:CPD-17764	GC	MetaCyc:CPD-17764@Charged	MetaCyc:CPD-17764@Charged	eQuilibrator:MNXM148083
cpd34145	MetaCyc:CPD-20280	MetaCyc:CPD-20280	MetaCyc:CPD-20280	MetaCyc:CPD-20280	MetaCyc:CPD-20280	MetaCyc:CPD-20280	GC	MetaCyc:CPD-20280@Charged	MetaCyc:CPD-20280@Charged	
cpd34146	MetaCyc:CPD-20618@Charged	MetaCyc:CPD-20618@Charged	MetaCyc:CPD-20618@Charged	MetaCyc:CPD-20618@Charged	MetaCyc:CPD-20618	MetaCyc:CPD-20618	GC	MetaCyc:CPD-20618@Charged	MetaCyc:CPD-20618@Charged	
cpd34147	MetaCyc:CPD-19567	MetaCyc:CPD-19567	MetaCyc:CPD-19567	MetaCyc:CPD-19567	MetaCyc:CPD-19567	MetaCyc:CPD-19567	GC	MetaCyc:CPD-19567@Charged	MetaCyc:CPD-19567@Charged	
cpd34148	MetaCyc:CPD-20428	MetaCyc:CPD-20428	MetaCyc:CPD-20428	MetaCyc:CPD-20428	MetaCyc:CPD-20428	MetaCyc:CPD-20428	GC	MetaCyc:CPD-20428@Charged	MetaCyc:CPD-20428@Charged	
cpd34149										
cpd34150	MetaCyc:CPD-14859	MetaCyc:CPD-14859	MetaCyc:CPD-14859	MetaCyc:CPD-14859	MetaCyc:CPD-14859	MetaCyc:CPD-14859	GC	MetaCyc:CPD-14859@Charged	MetaCyc:CPD-14859@Charged	
cpd34151	MetaCyc:CPD-20943	MetaCyc:CPD-20943	MetaCyc:CPD-20943	MetaCyc:CPD-20943	MetaCyc:CPD-20943	MetaCyc:CPD-20943	GC	MetaCyc:CPD-20943@Charged	MetaCyc:CPD-20943@Charged	
cpd34152	MetaCyc:CPD-17019	MetaCyc:CPD-17019	MetaCyc:CPD-17019	MetaCyc:CPD-17019	MetaCyc:CPD-17019	MetaCyc:CPD-17019	GC	MetaCyc:CPD-17019@Charged	MetaCyc:CPD-17019@Charged	
cpd34153	MetaCyc:CPD-21040	MetaCyc:CPD-21040	MetaCyc:CPD-21040	MetaCyc:CPD-21040	MetaCyc:CPD-21040	MetaCyc:CPD-21040	GC	MetaCyc:CPD-21040@Charged	MetaCyc:CPD-21040@Charged	
cpd34154	MetaCyc:CPD-17782	MetaCyc:CPD-17782	MetaCyc:CPD-17782	MetaCyc:CPD-17782@Charged	MetaCyc:CPD-17782	MetaCyc:CPD-17782	EQ	eQuilibrator:MNXM147815	MetaCyc:CPD-17782@Charged	eQuilibrator:MNXM147815
cpd34155	MetaCyc:CPD-19078;ChEBI:146203	MetaCyc:CPD-19078;ChEBI:146203	MetaCyc:CPD-19078;ChEBI:146203	MetaCyc:CPD-19078;ChEBI:146203	MetaCyc:CPD-19078	MetaCyc:CPD-19078	EQ	eQuilibrator:MNXM170353	MetaCyc:CPD-19078@Charged	eQuilibrator:MNXM170353
cpd34156	MetaCyc:CPD-14670	MetaCyc:CPD-14670	MetaCyc:CPD-14670	MetaCyc:CPD-14670	MetaCyc:CPD-14670	MetaCyc:CPD-14670	EQ	eQuilibrator:MNXM102739	MetaCyc:CPD-14670@Charged	eQuilibrator:MNXM102739
cpd34157	MetaCyc:CPD-18212@Charged	MetaCyc:CPD-18212@Charged	MetaCyc:CPD-18212@Charged	MetaCyc:CPD-18212@Charged	MetaCyc:CPD-18212	MetaCyc:CPD-18212	GC	MetaCyc:CPD-18212@Charged	MetaCyc:CPD-18212@Charged	
cpd34158	MetaCyc:CPD-15675	MetaCyc:CPD-15675	MetaCyc:CPD-15675	MetaCyc:CPD-15675	MetaCyc:CPD-15675	MetaCyc:CPD-15675	EQ	eQuilibrator:MNXM147744	MetaCyc:CPD-15675@Charged	eQuilibrator:MNXM147744
cpd34159	MetaCyc:CPD-17104	MetaCyc:CPD-17104	MetaCyc:CPD-17104	MetaCyc:CPD-17104	MetaCyc:CPD-17104	MetaCyc:CPD-17104	GC	MetaCyc:CPD-17104@Charged	MetaCyc:CPD-17104@Charged	
cpd34160	MetaCyc:CPD-20429	MetaCyc:CPD-20429	MetaCyc:CPD-20429	MetaCyc:CPD-20429	MetaCyc:CPD-20429	MetaCyc:CPD-20429	GC	MetaCyc:CPD-20429@Charged	MetaCyc:CPD-20429@Charged	
cpd34161	MetaCyc:CPD-15534	MetaCyc:CPD-15534	MetaCyc:CPD-15534	MetaCyc:CPD-15534	MetaCyc:CPD-15534	MetaCyc:CPD-15534	GC	MetaCyc:CPD-15534@Charged	MetaCyc:CPD-15534@Charged	
cpd34162	MetaCyc:CPD-20717@Charged	MetaCyc:CPD-20717@Charged	MetaCyc:CPD-20717@Charged	MetaCyc:CPD-20717@Charged	MetaCyc:CPD-20717	MetaCyc:CPD-20717	GC	MetaCyc:CPD-20717@Charged	MetaCyc:CPD-20717@Charged	
cpd34163	MetaCyc:CPD-15327	MetaCyc:CPD-15327	MetaCyc:CPD-15327	MetaCyc:CPD-15327	MetaCyc:CPD-15327	MetaCyc:CPD-15327	EQ	eQuilibrator:MNXM45663	MetaCyc:CPD-15327@Charged	eQuilibrator:MNXM45663
cpd34164	MetaCyc:CPD-20351	MetaCyc:CPD-20351	MetaCyc:CPD-20351	MetaCyc:CPD-20351	MetaCyc:CPD-20351	MetaCyc:CPD-20351	EQ	eQuilibrator:MNXM59323	MetaCyc:CPD-20351@Charged	eQuilibrator:MNXM59323
cpd34165	MetaCyc:CPD-14892	MetaCyc:CPD-14892	MetaCyc:CPD-14892	MetaCyc:CPD-14892	MetaCyc:CPD-14892	MetaCyc:CPD-14892	GC	MetaCyc:CPD-14892@Charged	MetaCyc:CPD-14892@Charged	eQuilibrator:MNXM114508
cpd34166	MetaCyc:CPD-17755	MetaCyc:CPD-17755	MetaCyc:CPD-17755	MetaCyc:CPD-17755	MetaCyc:CPD-17755	MetaCyc:CPD-17755	EQ	eQuilibrator:MNXM148658	MetaCyc:CPD-17755@Charged	eQuilibrator:MNXM148658
cpd34167	MetaCyc:CPD-21456	MetaCyc:CPD-21456	MetaCyc:CPD-21456	MetaCyc:CPD-21456	MetaCyc:CPD-21456	MetaCyc:CPD-21456	GC	MetaCyc:CPD-21456@Charged	MetaCyc:CPD-21456@Charged	
cpd34168	MetaCyc:CPD-18539	MetaCyc:CPD-18539	MetaCyc:CPD-18539	MetaCyc:CPD-18539	MetaCyc:CPD-18539	MetaCyc:CPD-18539	EQ	eQuilibrator:MNXM163994	MetaCyc:CPD-18539@Charged	eQuilibrator:MNXM163994
cpd34169	MetaCyc:CPD-14764	MetaCyc:CPD-14764	MetaCyc:CPD-14764	MetaCyc:CPD-14764@Charged	MetaCyc:CPD-14764	MetaCyc:CPD-14764	GC	MetaCyc:CPD-14764@Charged	MetaCyc:CPD-14764@Charged	
cpd34170	MetaCyc:CPD-20311	MetaCyc:CPD-20311	MetaCyc:CPD-20311	MetaCyc:CPD-20311		MetaCyc:CPD-20311	GC	MetaCyc:CPD-20311@Charged	MetaCyc:CPD-20311@Charged	
cpd34171	MetaCyc:CPD-17844	MetaCyc:CPD-17844	MetaCyc:CPD-17844	MetaCyc:CPD-17844	MetaCyc:CPD-17844	MetaCyc:CPD-17844	EQ	eQuilibrator:MNXM153020	MetaCyc:CPD-17844@Charged	eQuilibrator:MNXM153020
cpd34172	MetaCyc:CPD-20799;ChEBI:60120	MetaCyc:CPD-20799;ChEBI:60120	MetaCyc:CPD-20799;ChEBI:60120	MetaCyc:CPD-20799;ChEBI:60120	MetaCyc:CPD-20799	MetaCyc:CPD-20799	EQ	eQuilibrator:MNXM6518	MetaCyc:CPD-20799@Charged	eQuilibrator:MNXM6518
cpd34173	MetaCyc:CPD-20369	MetaCyc:CPD-20369	MetaCyc:CPD-20369	MetaCyc:CPD-20369	MetaCyc:CPD-20369	MetaCyc:CPD-20369	EQ	eQuilibrator:MNXM507284	MetaCyc:CPD-20369@Charged	eQuilibrator:MNXM507284
cpd34174	MetaCyc:CPD-15789	MetaCyc:CPD-15789	MetaCyc:CPD-15789	MetaCyc:CPD-15789	MetaCyc:CPD-15789	MetaCyc:CPD-15789	EQ	eQuilibrator:MNXM148974	MetaCyc:CPD-15789@Charged	eQuilibrator:MNXM148974
cpd34175	MetaCyc:CPD-15857;ChEBI:75234	MetaCyc:CPD-15857;ChEBI:75234	MetaCyc:CPD-15857;ChEBI:75234	MetaCyc:CPD-15857;ChEBI:75234	MetaCyc:CPD-15857	MetaCyc:CPD-15857	EQ	eQuilibrator:MNXM162877	MetaCyc:CPD-15857@Charged	eQuilibrator:MNXM162877
cpd34176	MetaCyc:CPD-14832;ChEBI:141645	MetaCyc:CPD-14832;ChEBI:141645	MetaCyc:CPD-14832;ChEBI:141645	MetaCyc:CPD-14832;ChEBI:141645	MetaCyc:CPD-14832	MetaCyc:CPD-14832	GC	MetaCyc:CPD-14832@Charged	MetaCyc:CPD-14832@Charged	
cpd34177	MetaCyc:CPD-17372	MetaCyc:CPD-17372	MetaCyc:CPD-17372	MetaCyc:CPD-17372	MetaCyc:CPD-17372	MetaCyc:CPD-17372	EQ	eQuilibrator:MNXM147668	MetaCyc:CPD-17372@Charged	eQuilibrator:MNXM147668
cpd34178	MetaCyc:CPD-20125	MetaCyc:CPD-20125	MetaCyc:CPD-20125	MetaCyc:CPD-20125	MetaCyc:CPD-20125	MetaCyc:CPD-20125	GC	MetaCyc:CPD-20125@Charged	MetaCyc:CPD-20125@Charged	
cpd34179	MetaCyc:CPD-18862@Charged	MetaCyc:CPD-18862@Charged		MetaCyc:CPD-18862@Charged	MetaCyc:CPD-18862	MetaCyc:CPD-18862	GC	MetaCyc:CPD-18862@Charged	MetaCyc:CPD-18862@Charged	
cpd34180	MetaCyc:CPD-17379	MetaCyc:CPD-17379	MetaCyc:CPD-17379	MetaCyc:CPD-17379	MetaCyc:CPD-17379	MetaCyc:CPD-17379	EQ	eQuilibrator:MNXM148200	MetaCyc:CPD-17379@Charged	eQuilibrator:MNXM148200
cpd34181										
cpd34182	MetaCyc:CPD-18776@Charged	MetaCyc:CPD-18776@Charged	MetaCyc:CPD-18776@Charged	MetaCyc:CPD-18776@Charged	MetaCyc:CPD-18776	MetaCyc:CPD-18776	EQ	eQuilibrator:MNXM163066	MetaCyc:CPD-18776@Charged	eQuilibrator:MNXM163066
cpd34183	MetaCyc:CPD-17440	MetaCyc:CPD-17440	MetaCyc:CPD-17440	MetaCyc:CPD-17440	MetaCyc:CPD-17440	MetaCyc:CPD-17440	GC	MetaCyc:CPD-17440@Charged	MetaCyc:CPD-17440@Charged	
cpd34184	MetaCyc:CPD-21284	MetaCyc:CPD-21284	MetaCyc:CPD-21284	MetaCyc:CPD-21284			GC	MetaCyc:CPD-21284@Charged	MetaCyc:CPD-21284@Charged	
cpd34185	MetaCyc:CPD-20531@Charged	MetaCyc:CPD-20531@Charged	MetaCyc:CPD-20531@Charged	MetaCyc:CPD-20531@Charged		MetaCyc:CPD-20531	EQ	eQuilibrator:MNXM113531	MetaCyc:CPD-20531@Charged	eQuilibrator:MNXM113531
cpd34186	MetaCyc:CPD-17394	MetaCyc:CPD-17394	MetaCyc:CPD-17394	MetaCyc:CPD-17394	MetaCyc:CPD-17394	MetaCyc:CPD-17394	GC	MetaCyc:CPD-17394@Charged	MetaCyc:CPD-17394@Charged	
cpd34187	MetaCyc:CPD-19295	MetaCyc:CPD-19295	MetaCyc:CPD-19295	MetaCyc:CPD-19295	MetaCyc:CPD-19295	MetaCyc:CPD-19295	EQ	eQuilibrator:MNXM489192	MetaCyc:CPD-19295@Charged	eQuilibrator:MNXM489192
cpd34188	MetaCyc:CPD-18095@Charged	MetaCyc:CPD-18095@Charged	MetaCyc:CPD-18095@Charged	MetaCyc:CPD-18095@Charged	MetaCyc:CPD-18095	MetaCyc:CPD-18095	GC	MetaCyc:CPD-18095@Charged	MetaCyc:CPD-18095@Charged	
cpd34189	MetaCyc:CPD0-2551@Charged;ChEBI:142798@Charged	MetaCyc:CPD0-2551@Charged;ChEBI:142798@Charged	MetaCyc:CPD0-2551@Charged;ChEBI:142798@Charged	MetaCyc:CPD0-2551@Charged;ChEBI:142798@Charged	MetaCyc:CPD0-2551	MetaCyc:CPD0-2551				
cpd34190	MetaCyc:CPD-19726@Charged	MetaCyc:CPD-19726@Charged	MetaCyc:CPD-19726@Charged	MetaCyc:CPD-19726@Charged	MetaCyc:CPD-19726	MetaCyc:CPD-19726	GC	MetaCyc:CPD-19726@Charged	MetaCyc:CPD-19726@Charged	
cpd34191	MetaCyc:CPD-21367	MetaCyc:CPD-21367	MetaCyc:CPD-21367	MetaCyc:CPD-21367	MetaCyc:CPD-21367	MetaCyc:CPD-21367	GC	MetaCyc:CPD-21367@Charged	MetaCyc:CPD-21367@Charged	
cpd34192	MetaCyc:CPD-15461@Charged	MetaCyc:CPD-15461@Charged	MetaCyc:CPD-15461@Charged	MetaCyc:CPD-15461@Charged	MetaCyc:CPD-15461	MetaCyc:CPD-15461	GC	MetaCyc:CPD-15461@Charged	MetaCyc:CPD-15461@Charged	
cpd34193	MetaCyc:CPD-20446;ChEBI:138247	MetaCyc:CPD-20446;ChEBI:138247	MetaCyc:CPD-20446;ChEBI:138247	MetaCyc:CPD-20446;ChEBI:138247			GC	MetaCyc:CPD-20446@Charged	MetaCyc:CPD-20446@Charged	
cpd34194	MetaCyc:CPD-18152	MetaCyc:CPD-18152	MetaCyc:CPD-18152	MetaCyc:CPD-18152	MetaCyc:CPD-18152	MetaCyc:CPD-18152	EQ	eQuilibrator:MNXM164022	MetaCyc:CPD-18152@Charged	eQuilibrator:MNXM164022
cpd34195	MetaCyc:CPD-18407	MetaCyc:CPD-18407	MetaCyc:CPD-18407	MetaCyc:CPD-18407			GC	MetaCyc:CPD-18407@Charged	MetaCyc:CPD-18407@Charged	
cpd34196	MetaCyc:CPD-14512	MetaCyc:CPD-14512	MetaCyc:CPD-14512	MetaCyc:CPD-14512	MetaCyc:CPD-14512	MetaCyc:CPD-14512	GC	MetaCyc:CPD-14512@Charged	MetaCyc:CPD-14512@Charged	
cpd34197										
cpd34198	MetaCyc:CPD-16806;ChEBI:82775	MetaCyc:CPD-16806;ChEBI:82775	MetaCyc:CPD-16806;ChEBI:82775	MetaCyc:CPD-16806;ChEBI:82775@Charged	MetaCyc:CPD-16806	MetaCyc:CPD-16806	EQ	eQuilibrator:MNXM145884	MetaCyc:CPD-16806@Charged	eQuilibrator:MNXM145884
cpd34199	MetaCyc:CPD-18955	MetaCyc:CPD-18955	MetaCyc:CPD-18955	MetaCyc:CPD-18955	MetaCyc:CPD-18955	MetaCyc:CPD-18955	EQ	eQuilibrator:MNXM164122	MetaCyc:CPD-18955@Charged	eQuilibrator:MNXM164122
cpd34200	MetaCyc:CPD-20042	MetaCyc:CPD-20042	MetaCyc:CPD-20042	MetaCyc:CPD-20042	MetaCyc:CPD-20042	MetaCyc:CPD-20042	GC	MetaCyc:CPD-20042@Charged	MetaCyc:CPD-20042@Charged	
cpd34201	MetaCyc:CPD-15314	MetaCyc:CPD-15314	MetaCyc:CPD-15314	MetaCyc:CPD-15314	MetaCyc:CPD-15314	MetaCyc:CPD-15314	GC	MetaCyc:CPD-15314@Charged	MetaCyc:CPD-15314@Charged	eQuilibrator:MNXM78048
cpd34202	MetaCyc:CPD-21454	MetaCyc:CPD-21454	MetaCyc:CPD-21454	MetaCyc:CPD-21454	MetaCyc:CPD-21454	MetaCyc:CPD-21454	GC	MetaCyc:CPD-21454@Charged	MetaCyc:CPD-21454@Charged	
cpd34203	MetaCyc:CPD-19070	MetaCyc:CPD-19070	MetaCyc:CPD-19070	MetaCyc:CPD-19070	MetaCyc:CPD-19070	MetaCyc:CPD-19070	GC	MetaCyc:CPD-19070@Charged	MetaCyc:CPD-19070@Charged	eQuilibrator:MNXM163947
cpd34204	MetaCyc:CPD-17464;ChEBI:65060	MetaCyc:CPD-17464;ChEBI:65060	MetaCyc:CPD-17464;ChEBI:65060	MetaCyc:CPD-17464;ChEBI:65060	MetaCyc:CPD-17464	MetaCyc:CPD-17464	EQ	eQuilibrator:MNXM101099	MetaCyc:CPD-17464@Charged	eQuilibrator:MNXM101099
cpd34205	MetaCyc:CPD-18392	MetaCyc:CPD-18392	MetaCyc:CPD-18392	MetaCyc:CPD-18392	MetaCyc:CPD-18392	MetaCyc:CPD-18392	GC	MetaCyc:CPD-18392@Charged	MetaCyc:CPD-18392@Charged	
cpd34206	MetaCyc:CPD-19781	MetaCyc:CPD-19781	MetaCyc:CPD-19781	MetaCyc:CPD-19781	MetaCyc:CPD-19781		GC	MetaCyc:CPD-19781@Charged	MetaCyc:CPD-19781@Charged	
cpd34207	MetaCyc:CPD-18713;ChEBI:142478	MetaCyc:CPD-18713;ChEBI:142478	MetaCyc:CPD-18713;ChEBI:142478	MetaCyc:CPD-18713;ChEBI:142478	MetaCyc:CPD-18713	MetaCyc:CPD-18713	GC	MetaCyc:CPD-18713@Charged	MetaCyc:CPD-18713@Charged	eQuilibrator:MNXM165579
cpd34208	MetaCyc:CPD-20378	MetaCyc:CPD-20378	MetaCyc:CPD-20378	MetaCyc:CPD-20378	MetaCyc:CPD-20378	MetaCyc:CPD-20378	EQ	eQuilibrator:MNXM126874	MetaCyc:CPD-20378@Charged	eQuilibrator:MNXM126874
cpd34209	MetaCyc:CPD-19086	MetaCyc:CPD-19086	MetaCyc:CPD-19086	MetaCyc:CPD-19086	MetaCyc:CPD-19086	MetaCyc:CPD-19086	EQ	eQuilibrator:MNXM164151	MetaCyc:CPD-19086@Charged	eQuilibrator:MNXM164151
cpd34210	MetaCyc:CPD-20979	MetaCyc:CPD-20979	MetaCyc:CPD-20979	MetaCyc:CPD-20979	MetaCyc:CPD-20979	MetaCyc:CPD-20979	GC	MetaCyc:CPD-20979@Charged	MetaCyc:CPD-20979@Charged	
cpd34211	MetaCyc:CPD-19064	MetaCyc:CPD-19064	MetaCyc:CPD-19064	MetaCyc:CPD-19064		MetaCyc:CPD-19064	EQ	eQuilibrator:MNXM169277	MetaCyc:CPD-19064@Charged	eQuilibrator:MNXM169277
cpd34212	MetaCyc:CPD-18304	MetaCyc:CPD-18304	MetaCyc:CPD-18304	MetaCyc:CPD-18304	MetaCyc:CPD-18304	MetaCyc:CPD-18304	GC	MetaCyc:CPD-18304@Charged	MetaCyc:CPD-18304@Charged	eQuilibrator:MNXM491658
cpd34213	MetaCyc:CPD-18791	MetaCyc:CPD-18791	MetaCyc:CPD-18791	MetaCyc:CPD-18791	MetaCyc:CPD-18791	MetaCyc:CPD-18791	EQ	eQuilibrator:MNXM165401	MetaCyc:CPD-18791@Charged	eQuilibrator:MNXM165401
cpd34214	MetaCyc:CPD-19369	MetaCyc:CPD-19369	MetaCyc:CPD-19369	MetaCyc:CPD-19369	MetaCyc:CPD-19369	MetaCyc:CPD-19369	GC	MetaCyc:CPD-19369@Charged	MetaCyc:CPD-19369@Charged	
cpd34215	MetaCyc:CPD-17438	MetaCyc:CPD-17438	MetaCyc:CPD-17438	MetaCyc:CPD-17438	MetaCyc:CPD-17438	MetaCyc:CPD-17438	EQ	eQuilibrator:MNXM148251	MetaCyc:CPD-17438@Charged	eQuilibrator:MNXM148251
cpd34216	MetaCyc:CPD-15705	MetaCyc:CPD-15705	MetaCyc:CPD-15705	MetaCyc:CPD-15705	MetaCyc:CPD-15705	MetaCyc:CPD-15705	GC	MetaCyc:CPD-15705@Charged	MetaCyc:CPD-15705@Charged	eQuilibrator:MNXM35685
cpd34217	MetaCyc:CPD-19859	MetaCyc:CPD-19859	MetaCyc:CPD-19859	MetaCyc:CPD-19859	MetaCyc:CPD-19859	MetaCyc:CPD-19859	GC	MetaCyc:CPD-19859@Charged	MetaCyc:CPD-19859@Charged	
cpd34218	MetaCyc:CPD-16928	MetaCyc:CPD-16928	MetaCyc:CPD-16928	MetaCyc:CPD-16928			GC	MetaCyc:CPD-16928@Charged	MetaCyc:CPD-16928@Charged	
cpd34219	MetaCyc:CPD-18311	MetaCyc:CPD-18311	MetaCyc:CPD-18311	MetaCyc:CPD-18311	MetaCyc:CPD-18311	MetaCyc:CPD-18311	EQ	eQuilibrator:MNXM490930	MetaCyc:CPD-18311@Charged	eQuilibrator:MNXM490930
cpd34220	MetaCyc:CPD-19374	MetaCyc:CPD-19374	MetaCyc:CPD-19374	MetaCyc:CPD-19374	MetaCyc:CPD-19374	MetaCyc:CPD-19374	GC	MetaCyc:CPD-19374@Charged	MetaCyc:CPD-19374@Charged	
cpd34221	MetaCyc:CPD-15774	MetaCyc:CPD-15774	MetaCyc:CPD-15774	MetaCyc:CPD-15774	MetaCyc:CPD-15774	MetaCyc:CPD-15774	GC	MetaCyc:CPD-15774@Charged	MetaCyc:CPD-15774@Charged	
cpd34222	MetaCyc:CPD-21252	MetaCyc:CPD-21252	MetaCyc:CPD-21252	MetaCyc:CPD-21252	MetaCyc:CPD-21252	MetaCyc:CPD-21252	GC	MetaCyc:CPD-21252@Charged	MetaCyc:CPD-21252@Charged	
cpd34223	MetaCyc:CPD-18224@Charged	MetaCyc:CPD-18224@Charged	MetaCyc:CPD-18224@Charged	MetaCyc:CPD-18224@Charged	MetaCyc:CPD-18224	MetaCyc:CPD-18224	GC	MetaCyc:CPD-18224@Charged	MetaCyc:CPD-18224@Charged	
cpd34224	MetaCyc:CPD-16857	MetaCyc:CPD-16857	MetaCyc:CPD-16857	MetaCyc:CPD-16857		MetaCyc:CPD-16857	GC	MetaCyc:CPD-16857@Charged	MetaCyc:CPD-16857@Charged	
cpd34225	MetaCyc:CPD-19381	MetaCyc:CPD-19381	MetaCyc:CPD-19381	MetaCyc:CPD-19381	MetaCyc:CPD-19381	MetaCyc:CPD-19381	EQ	eQuilibrator:MNXM571212	MetaCyc:CPD-19381@Charged	eQuilibrator:MNXM571212
cpd34226	MetaCyc:CPD-16363	MetaCyc:CPD-16363	MetaCyc:CPD-16363	MetaCyc:CPD-16363	MetaCyc:CPD-16363	MetaCyc:CPD-16363	GC	MetaCyc:CPD-16363@Charged	MetaCyc:CPD-16363@Charged	eQuilibrator:MNXM57464
cpd34227	MetaCyc:CPD-17182	MetaCyc:CPD-17182	MetaCyc:CPD-17182	MetaCyc:CPD-17182	MetaCyc:CPD-17182		GC	MetaCyc:CPD-17182@Charged	MetaCyc:CPD-17182@Charged	eQuilibrator:MNXM157851
cpd34228	MetaCyc:CPD-16594@Charged	MetaCyc:CPD-16594@Charged	MetaCyc:CPD-16594@Charged	MetaCyc:CPD-16594@Charged	MetaCyc:CPD-16594	MetaCyc:CPD-16594	GC	MetaCyc:CPD-16594@Charged	MetaCyc:CPD-16594@Charged	
cpd34229	MetaCyc:CPD-19508	MetaCyc:CPD-19508	MetaCyc:CPD-19508	MetaCyc:CPD-19508@Charged	MetaCyc:CPD-19508		GC	MetaCyc:CPD-19508@Charged	MetaCyc:CPD-19508@Charged	
cpd34230	MetaCyc:CPD-20694	MetaCyc:CPD-20694	MetaCyc:CPD-20694	MetaCyc:CPD-20694	MetaCyc:CPD-20694		GC	MetaCyc:CPD-20694@Charged	MetaCyc:CPD-20694@Charged	
cpd34231	MetaCyc:CPD-15760;MetaCyc:D-talose	MetaCyc:CPD-15760;MetaCyc:D-talose	MetaCyc:CPD-15760;MetaCyc:D-talose	MetaCyc:CPD-15760;MetaCyc:D-talose	MetaCyc:CPD-15760	MetaCyc:CPD-15760	EQ	eQuilibrator:MNXM97443	MetaCyc:CPD-15760@Charged	eQuilibrator:MNXM97443
cpd34232	MetaCyc:CPD-20561	MetaCyc:CPD-20561	MetaCyc:CPD-20561	MetaCyc:CPD-20561		MetaCyc:CPD-20561	GC	MetaCyc:CPD-20561@Charged	MetaCyc:CPD-20561@Charged	
cpd34233	MetaCyc:CPD-20010	MetaCyc:CPD-20010	MetaCyc:CPD-20010	MetaCyc:CPD-20010	MetaCyc:CPD-20010	MetaCyc:CPD-20010	GC	MetaCyc:CPD-20010@Charged	MetaCyc:CPD-20010@Charged	
cpd34234	MetaCyc:CPD-19980@Charged	MetaCyc:CPD-19980@Charged	MetaCyc:CPD-19980@Charged	MetaCyc:CPD-19980@Charged	MetaCyc:CPD-19980	MetaCyc:CPD-19980	GC	MetaCyc:CPD-19980@Charged	MetaCyc:CPD-19980@Charged	
cpd34235	MetaCyc:CPD-20023@Charged	MetaCyc:CPD-20023@Charged	MetaCyc:CPD-20023@Charged	MetaCyc:CPD-20023@Charged	MetaCyc:CPD-20023	MetaCyc:CPD-20023	GC	MetaCyc:CPD-20023@Charged	MetaCyc:CPD-20023@Charged	
cpd34236	MetaCyc:CPD-14436	MetaCyc:CPD-14436	MetaCyc:CPD-14436	MetaCyc:CPD-14436	MetaCyc:CPD-14436	MetaCyc:CPD-14436	EQ	eQuilibrator:MNXM98607	MetaCyc:CPD-14436@Charged	eQuilibrator:MNXM98607
cpd34237	MetaCyc:CPD-18660	MetaCyc:CPD-18660	MetaCyc:CPD-18660	MetaCyc:CPD-18660	MetaCyc:CPD-18660	MetaCyc:CPD-18660	EQ	eQuilibrator:MNXM164644	MetaCyc:CPD-18660@Charged	eQuilibrator:MNXM164644
cpd34238	MetaCyc:CPD-21349	MetaCyc:CPD-21349	MetaCyc:CPD-21349	MetaCyc:CPD-21349	MetaCyc:CPD-21349	MetaCyc:CPD-21349	GC	MetaCyc:CPD-21349@Charged	MetaCyc:CPD-21349@Charged	
cpd34239	MetaCyc:CPD-18309	MetaCyc:CPD-18309	MetaCyc:CPD-18309	MetaCyc:CPD-18309	MetaCyc:CPD-18309	MetaCyc:CPD-18309	EQ	eQuilibrator:MNXM168407	MetaCyc:CPD-18309@Charged	eQuilibrator:MNXM168407
cpd34240	MetaCyc:CPD-21433	MetaCyc:CPD-21433	MetaCyc:CPD-21433	MetaCyc:CPD-21433	MetaCyc:CPD-21433	MetaCyc:CPD-21433	GC	MetaCyc:CPD-21433@Charged	MetaCyc:CPD-21433@Charged	
cpd34241	MetaCyc:CPD-18179@Charged;ChEBI:83958@Charged	MetaCyc:CPD-18179@Charged;ChEBI:83958@Charged	MetaCyc:CPD-18179@Charged;ChEBI:83958@Charged	MetaCyc:CPD-18179@Charged;ChEBI:83958@Charged	MetaCyc:CPD-18179	MetaCyc:CPD-18179	EQ	eQuilibrator:MNXM146677	MetaCyc:CPD-18179@Charged	eQuilibrator:MNXM146677
cpd34242	MetaCyc:CPD-18372	MetaCyc:CPD-18372	MetaCyc:CPD-18372	MetaCyc:CPD-18372	MetaCyc:CPD-18372	MetaCyc:CPD-18372	GC	MetaCyc:CPD-18372@Charged	MetaCyc:CPD-18372@Charged	eQuilibrator:MNXM610941
cpd34243	MetaCyc:CPD-15579	MetaCyc:CPD-15579	MetaCyc:CPD-15579	MetaCyc:CPD-15579	MetaCyc:CPD-15579		GC	MetaCyc:CPD-15579@Charged	MetaCyc:CPD-15579@Charged	
cpd34244	MetaCyc:CPD-21436;ChEBI:143198	MetaCyc:CPD-21436;ChEBI:143198	MetaCyc:CPD-21436;ChEBI:143198	MetaCyc:CPD-21436;ChEBI:143198	MetaCyc:CPD-21436	MetaCyc:CPD-21436	GC	MetaCyc:CPD-21436@Charged	MetaCyc:CPD-21436@Charged	
cpd34245	MetaCyc:CPD-19976;ChEBI:145547	MetaCyc:CPD-19976;ChEBI:145547	MetaCyc:CPD-19976;ChEBI:145547	MetaCyc:CPD-19976;ChEBI:145547	MetaCyc:CPD-19976	MetaCyc:CPD-19976	GC	MetaCyc:CPD-19976@Charged	MetaCyc:CPD-19976@Charged	
cpd34246	MetaCyc:CPD-18161	MetaCyc:CPD-18161	MetaCyc:CPD-18161	MetaCyc:CPD-18161	MetaCyc:CPD-18161	MetaCyc:CPD-18161	GC	MetaCyc:CPD-18161@Charged	MetaCyc:CPD-18161@Charged	eQuilibrator:MNXM507584
cpd34247	MetaCyc:CPD-17318	MetaCyc:CPD-17318	MetaCyc:CPD-17318	MetaCyc:CPD-17318	MetaCyc:CPD-17318	MetaCyc:CPD-17318	EQ	eQuilibrator:MNXM147808	MetaCyc:CPD-17318@Charged	eQuilibrator:MNXM147808
cpd34248	MetaCyc:CPD-18058	MetaCyc:CPD-18058	MetaCyc:CPD-18058	MetaCyc:CPD-18058	MetaCyc:CPD-18058	MetaCyc:CPD-18058	EQ	eQuilibrator:MNXM148466	MetaCyc:CPD-18058@Charged	eQuilibrator:MNXM148466
cpd34249	MetaCyc:CPD-19037;ChEBI:131846	MetaCyc:CPD-19037;ChEBI:131846	MetaCyc:CPD-19037;ChEBI:131846	MetaCyc:CPD-19037;ChEBI:131846	MetaCyc:CPD-19037	MetaCyc:CPD-19037	EQ	eQuilibrator:MNXM162450	MetaCyc:CPD-19037@Charged	eQuilibrator:MNXM162450
cpd34250	MetaCyc:CPD-17628	MetaCyc:CPD-17628	MetaCyc:CPD-17628	MetaCyc:CPD-17628	MetaCyc:CPD-17628	MetaCyc:CPD-17628	EQ	eQuilibrator:MNXM151615	MetaCyc:CPD-17628@Charged	eQuilibrator:MNXM151615
cpd34251	MetaCyc:CPD-16606	MetaCyc:CPD-16606	MetaCyc:CPD-16606	MetaCyc:CPD-16606	MetaCyc:CPD-16606	MetaCyc:CPD-16606	EQ	eQuilibrator:MNXM148535	MetaCyc:CPD-16606@Charged	eQuilibrator:MNXM148535
cpd34252	MetaCyc:CPD-17239	MetaCyc:CPD-17239	MetaCyc:CPD-17239	MetaCyc:CPD-17239	MetaCyc:CPD-17239	MetaCyc:CPD-17239	GC	MetaCyc:CPD-17239@Charged	MetaCyc:CPD-17239@Charged	eQuilibrator:MNXM151766
cpd34253										
cpd34254	MetaCyc:CPD-19235@Charged	MetaCyc:CPD-19235@Charged	MetaCyc:CPD-19235@Charged	MetaCyc:CPD-19235@Charged	MetaCyc:CPD-19235	MetaCyc:CPD-19235	EQ	eQuilibrator:MNXM164514	MetaCyc:CPD-19235@Charged	eQuilibrator:MNXM164514
cpd34255										
cpd34256										
cpd34257	MetaCyc:CPD-14888	MetaCyc:CPD-14888	MetaCyc:CPD-14888	MetaCyc:CPD-14888	MetaCyc:CPD-14888	MetaCyc:CPD-14888	GC	MetaCyc:CPD-14888@Charged	MetaCyc:CPD-14888@Charged	eQuilibrator:MNXM114447
cpd34258	MetaCyc:CPD-18640@Charged	MetaCyc:CPD-18640@Charged	MetaCyc:CPD-18640@Charged	MetaCyc:CPD-18640@Charged	MetaCyc:CPD-18640	MetaCyc:CPD-18640	GC	MetaCyc:CPD-18640@Charged	MetaCyc:CPD-18640@Charged	eQuilibrator:MNXM521830
cpd34259	MetaCyc:CPD-14839	MetaCyc:CPD-14839	MetaCyc:CPD-14839	MetaCyc:CPD-14839	MetaCyc:CPD-14839	MetaCyc:CPD-14839	GC	MetaCyc:CPD-14839@Charged	MetaCyc:CPD-14839@Charged	
cpd34260	MetaCyc:CPD-20587@Charged	MetaCyc:CPD-20587@Charged	MetaCyc:CPD-20587@Charged	MetaCyc:CPD-20587@Charged	MetaCyc:CPD-20587	MetaCyc:CPD-20587	GC	MetaCyc:CPD-20587@Charged	MetaCyc:CPD-20587@Charged	
cpd34261	MetaCyc:CPD-19679	MetaCyc:CPD-19679	MetaCyc:CPD-19679	MetaCyc:CPD-19679	MetaCyc:CPD-19679	MetaCyc:CPD-19679	GC	MetaCyc:CPD-19679@Charged	MetaCyc:CPD-19679@Charged	
cpd34262	MetaCyc:CPD-19059;ChEBI:132750	MetaCyc:CPD-19059;ChEBI:132750	MetaCyc:CPD-19059;ChEBI:132750	MetaCyc:CPD-19059;ChEBI:132750	MetaCyc:CPD-19059	MetaCyc:CPD-19059	EQ	eQuilibrator:MNXM42002	MetaCyc:CPD-19059@Charged	eQuilibrator:MNXM42002
cpd34263	MetaCyc:CPD-16536@Charged	MetaCyc:CPD-16536@Charged	MetaCyc:CPD-16536@Charged	MetaCyc:CPD-16536@Charged	MetaCyc:CPD-16536	MetaCyc:CPD-16536	GC	MetaCyc:CPD-16536@Charged	MetaCyc:CPD-16536@Charged	
cpd34264	MetaCyc:CPD-17992@Charged	MetaCyc:CPD-17992@Charged	MetaCyc:CPD-17992@Charged	MetaCyc:CPD-17992@Charged	MetaCyc:CPD-17992	MetaCyc:CPD-17992	GC	MetaCyc:CPD-17992@Charged	MetaCyc:CPD-17992@Charged	
cpd34265	MetaCyc:CPD-18039	MetaCyc:CPD-18039	MetaCyc:CPD-18039	MetaCyc:CPD-18039	MetaCyc:CPD-18039	MetaCyc:CPD-18039	GC	MetaCyc:CPD-18039@Charged	MetaCyc:CPD-18039@Charged	
cpd34266	MetaCyc:CPD-19892;ChEBI:136640	MetaCyc:CPD-19892;ChEBI:136640	MetaCyc:CPD-19892;ChEBI:136640	MetaCyc:CPD-19892;ChEBI:136640	MetaCyc:CPD-19892	MetaCyc:CPD-19892	GC	MetaCyc:CPD-19892@Charged	MetaCyc:CPD-19892@Charged	
cpd34267	MetaCyc:CPD-15784;ChEBI:85430@Charged	MetaCyc:CPD-15784;ChEBI:85430@Charged	MetaCyc:CPD-15784;ChEBI:85430@Charged	MetaCyc:CPD-15784;ChEBI:85430@Charged	MetaCyc:CPD-15784	MetaCyc:CPD-15784	GC	MetaCyc:CPD-15784@Charged	MetaCyc:CPD-15784@Charged	eQuilibrator:MNXM146485
cpd34268	MetaCyc:CPD-20472@Charged	MetaCyc:CPD-20472@Charged	MetaCyc:CPD-20472@Charged	MetaCyc:CPD-20472@Charged	MetaCyc:CPD-20472		GC	MetaCyc:CPD-20472@Charged	MetaCyc:CPD-20472@Charged	
cpd34269	MetaCyc:CPD-17310	MetaCyc:CPD-17310	MetaCyc:CPD-17310	MetaCyc:CPD-17310	MetaCyc:CPD-17310		EQ	eQuilibrator:MNXM25909	MetaCyc:CPD-17310@Charged	eQuilibrator:MNXM25909
cpd34270	MetaCyc:CPD-19189	MetaCyc:CPD-19189	MetaCyc:CPD-19189	MetaCyc:CPD-19189		MetaCyc:CPD-19189	EQ	eQuilibrator:MNXM511466	MetaCyc:CPD-19189@Charged	eQuilibrator:MNXM511466
cpd34271	MetaCyc:CPD-17956	MetaCyc:CPD-17956	MetaCyc:CPD-17956	MetaCyc:CPD-17956	MetaCyc:CPD-17956	MetaCyc:CPD-17956	GC	MetaCyc:CPD-17956@Charged	MetaCyc:CPD-17956@Charged	
cpd34272	MetaCyc:CPD0-2629	MetaCyc:CPD0-2629	MetaCyc:CPD0-2629	MetaCyc:CPD0-2629	MetaCyc:CPD0-2629	MetaCyc:CPD0-2629	GC	MetaCyc:CPD0-2629@Charged	MetaCyc:CPD0-2629@Charged	eQuilibrator:MNXM511469
cpd34273	MetaCyc:CPD-19588	MetaCyc:CPD-19588	MetaCyc:CPD-19588	MetaCyc:CPD-19588	MetaCyc:CPD-19588	MetaCyc:CPD-19588	EQ	eQuilibrator:MNXM577149	MetaCyc:CPD-19588@Charged	eQuilibrator:MNXM577149
cpd34274	MetaCyc:CPD-20199	MetaCyc:CPD-20199	MetaCyc:CPD-20199	MetaCyc:CPD-20199	MetaCyc:CPD-20199	MetaCyc:CPD-20199	GC	MetaCyc:CPD-20199@Charged	MetaCyc:CPD-20199@Charged	
cpd34275	MetaCyc:CPD-18367;ChEBI:73999	MetaCyc:CPD-18367;ChEBI:73999	MetaCyc:CPD-18367;ChEBI:73999	MetaCyc:CPD-18367;ChEBI:73999	MetaCyc:CPD-18367	MetaCyc:CPD-18367	GC	MetaCyc:CPD-18367@Charged	MetaCyc:CPD-18367@Charged	
cpd34276	MetaCyc:CPD-21374	MetaCyc:CPD-21374	MetaCyc:CPD-21374	MetaCyc:CPD-21374@Charged	MetaCyc:CPD-21374	MetaCyc:CPD-21374	GC	MetaCyc:CPD-21374@Charged	MetaCyc:CPD-21374@Charged	
cpd34277	MetaCyc:CPD-16588;ChEBI:138359	MetaCyc:CPD-16588;ChEBI:138359	MetaCyc:CPD-16588;ChEBI:138359	MetaCyc:CPD-16588;ChEBI:138359	MetaCyc:CPD-16588		EQ	eQuilibrator:MNXM148651	MetaCyc:CPD-16588@Charged	eQuilibrator:MNXM148651
cpd34278	MetaCyc:CPD-16772	MetaCyc:CPD-16772	MetaCyc:CPD-16772	MetaCyc:CPD-16772	MetaCyc:CPD-16772	MetaCyc:CPD-16772	GC	MetaCyc:CPD-16772@Charged	MetaCyc:CPD-16772@Charged	
cpd34279	MetaCyc:CPD-17863	MetaCyc:CPD-17863	MetaCyc:CPD-17863	MetaCyc:CPD-17863	MetaCyc:CPD-17863	MetaCyc:CPD-17863	GC	MetaCyc:CPD-17863@Charged	MetaCyc:CPD-17863@Charged	eQuilibrator:MNXM149051
cpd34280	MetaCyc:CPD-20186	MetaCyc:CPD-20186	MetaCyc:CPD-20186	MetaCyc:CPD-20186	MetaCyc:CPD-20186	MetaCyc:CPD-20186	GC	MetaCyc:CPD-20186@Charged	MetaCyc:CPD-20186@Charged	
cpd34281	MetaCyc:CPD-14844@Charged	MetaCyc:CPD-14844@Charged	MetaCyc:CPD-14844@Charged	MetaCyc:CPD-14844@Charged	MetaCyc:CPD-14844	MetaCyc:CPD-14844	GC	MetaCyc:CPD-14844@Charged	MetaCyc:CPD-14844@Charged	eQuilibrator:MNXM114709
cpd34282	MetaCyc:CPD-14968@Charged	MetaCyc:CPD-14968@Charged	MetaCyc:CPD-14968@Charged	MetaCyc:CPD-14968@Charged	MetaCyc:CPD-14968	MetaCyc:CPD-14968	EQ		MetaCyc:CPD-14968@Charged	
cpd34283	MetaCyc:CPD-20953	MetaCyc:CPD-20953	MetaCyc:CPD-20953	MetaCyc:CPD-20953	MetaCyc:CPD-20953	MetaCyc:CPD-20953	EQ	eQuilibrator:MNXM106237	MetaCyc:CPD-20953@Charged	eQuilibrator:MNXM106237
cpd34284	MetaCyc:CPD-17818	MetaCyc:CPD-17818	MetaCyc:CPD-17818	MetaCyc:CPD-17818		MetaCyc:CPD-17818	EQ	eQuilibrator:MNXM100228	MetaCyc:CPD-17818@Charged	eQuilibrator:MNXM100228
cpd34285	MetaCyc:CPD-16996	MetaCyc:CPD-16996	MetaCyc:CPD-16996	MetaCyc:CPD-16996	MetaCyc:CPD-16996	MetaCyc:CPD-16996	EQ	eQuilibrator:MNXM117398	MetaCyc:CPD-16996@Charged	eQuilibrator:MNXM117398
cpd34286	MetaCyc:CPD-15489	MetaCyc:CPD-15489	MetaCyc:CPD-15489	MetaCyc:CPD-15489		MetaCyc:CPD-15489	EQ	eQuilibrator:MNXM35858	MetaCyc:CPD-15489@Charged	eQuilibrator:MNXM35858
cpd34287										
cpd34288	MetaCyc:CPD-16904	MetaCyc:CPD-16904	MetaCyc:CPD-16904	MetaCyc:CPD-16904	MetaCyc:CPD-16904	MetaCyc:CPD-16904	GC	MetaCyc:CPD-16904@Charged	MetaCyc:CPD-16904@Charged	eQuilibrator:MNXM62339
cpd34289	MetaCyc:CPD-17708	MetaCyc:CPD-17708	MetaCyc:CPD-17708	MetaCyc:CPD-17708	MetaCyc:CPD-17708	MetaCyc:CPD-17708	EQ	eQuilibrator:MNXM148656	MetaCyc:CPD-17708@Charged	eQuilibrator:MNXM148656
cpd34290	MetaCyc:CPD-19113;ChEBI:131447	MetaCyc:CPD-19113;ChEBI:131447	MetaCyc:CPD-19113;ChEBI:131447	MetaCyc:CPD-19113;ChEBI:131447	MetaCyc:CPD-19113	MetaCyc:CPD-19113	EQ	eQuilibrator:MNXM162336	MetaCyc:CPD-19113@Charged	eQuilibrator:MNXM162336
cpd34291	MetaCyc:CPD-21486	MetaCyc:CPD-21486	MetaCyc:CPD-21486	MetaCyc:CPD-21486	MetaCyc:CPD-21486	MetaCyc:CPD-21486	GC	MetaCyc:CPD-21486@Charged	MetaCyc:CPD-21486@Charged	eQuilibrator:MNXM585209
cpd34292	MetaCyc:CPD-21221	MetaCyc:CPD-21221	MetaCyc:CPD-21221	MetaCyc:CPD-21221	MetaCyc:CPD-21221	MetaCyc:CPD-21221	GC	MetaCyc:CPD-21221@Charged	MetaCyc:CPD-21221@Charged	
cpd34293	MetaCyc:CPD-15477@Charged	MetaCyc:CPD-15477@Charged	MetaCyc:CPD-15477@Charged	MetaCyc:CPD-15477@Charged	MetaCyc:CPD-15477	MetaCyc:CPD-15477	GC	MetaCyc:CPD-15477@Charged	MetaCyc:CPD-15477@Charged	eQuilibrator:MNXM81447
cpd34294	MetaCyc:CPD-21528	MetaCyc:CPD-21528	MetaCyc:CPD-21528	MetaCyc:CPD-21528		MetaCyc:CPD-21528	GC	MetaCyc:CPD-21528@Charged	MetaCyc:CPD-21528@Charged	
cpd34295	MetaCyc:CPD-15288@Charged	MetaCyc:CPD-15288@Charged	MetaCyc:CPD-15288@Charged	MetaCyc:CPD-15288@Charged	MetaCyc:CPD-15288	MetaCyc:CPD-15288	GC	MetaCyc:CPD-15288@Charged	MetaCyc:CPD-15288@Charged	
cpd34296	MetaCyc:CPD-16497	MetaCyc:CPD-16497	MetaCyc:CPD-16497	MetaCyc:CPD-16497	MetaCyc:CPD-16497	MetaCyc:CPD-16497	EQ	eQuilibrator:MNXM117602	MetaCyc:CPD-16497@Charged	eQuilibrator:MNXM117602
cpd34297	MetaCyc:CPD-19528	MetaCyc:CPD-19528	MetaCyc:CPD-19528	MetaCyc:CPD-19528	MetaCyc:CPD-19528	MetaCyc:CPD-19528	EQ	eQuilibrator:MNXM681230	MetaCyc:CPD-19528@Charged	eQuilibrator:MNXM681230
cpd34298	MetaCyc:CPD-17168	MetaCyc:CPD-17168	MetaCyc:CPD-17168	MetaCyc:CPD-17168	MetaCyc:CPD-17168	MetaCyc:CPD-17168	EQ	eQuilibrator:MNXM148313	MetaCyc:CPD-17168@Charged	eQuilibrator:MNXM148313
cpd34299	MetaCyc:CPD-19155	MetaCyc:CPD-19155	MetaCyc:CPD-19155	MetaCyc:CPD-19155	MetaCyc:CPD-19155	MetaCyc:CPD-19155	EQ	eQuilibrator:MNXM164008	MetaCyc:CPD-19155@Charged	eQuilibrator:MNXM164008
cpd34300										
cpd34301	MetaCyc:CPD-16173	MetaCyc:CPD-16173	MetaCyc:CPD-16173	MetaCyc:CPD-16173		MetaCyc:CPD-16173	GC	MetaCyc:CPD-16173@Charged	MetaCyc:CPD-16173@Charged	
cpd34302	MetaCyc:CPD-15247@Charged	MetaCyc:CPD-15247@Charged	MetaCyc:CPD-15247@Charged	MetaCyc:CPD-15247@Charged	MetaCyc:CPD-15247	MetaCyc:CPD-15247	GC	MetaCyc:CPD-15247@Charged	MetaCyc:CPD-15247@Charged	
cpd34303	MetaCyc:CPD-15294@Charged	MetaCyc:CPD-15294@Charged	MetaCyc:CPD-15294@Charged	MetaCyc:CPD-15294@Charged	MetaCyc:CPD-15294	MetaCyc:CPD-15294	GC	MetaCyc:CPD-15294@Charged	MetaCyc:CPD-15294@Charged	
cpd34304	MetaCyc:CPD-15682	MetaCyc:CPD-15682	MetaCyc:CPD-15682	MetaCyc:CPD-15682	MetaCyc:CPD-15682	MetaCyc:CPD-15682	EQ	eQuilibrator:MNXM158408	MetaCyc:CPD-15682@Charged	eQuilibrator:MNXM158408
cpd34305	MetaCyc:CPD-17948	MetaCyc:CPD-17948	MetaCyc:CPD-17948	MetaCyc:CPD-17948	MetaCyc:CPD-17948	MetaCyc:CPD-17948	GC	MetaCyc:CPD-17948@Charged	MetaCyc:CPD-17948@Charged	
cpd34306	MetaCyc:CPD-20170	MetaCyc:CPD-20170	MetaCyc:CPD-20170	MetaCyc:CPD-20170	MetaCyc:CPD-20170	MetaCyc:CPD-20170	GC	MetaCyc:CPD-20170@Charged	MetaCyc:CPD-20170@Charged	
cpd34307	MetaCyc:CPD-20870	MetaCyc:CPD-20870	MetaCyc:CPD-20870	MetaCyc:CPD-20870	MetaCyc:CPD-20870	MetaCyc:CPD-20870	GC	MetaCyc:CPD-20870@Charged	MetaCyc:CPD-20870@Charged	
cpd34308	MetaCyc:CPD-15902	MetaCyc:CPD-15902	MetaCyc:CPD-15902	MetaCyc:CPD-15902	MetaCyc:CPD-15902	MetaCyc:CPD-15902	EQ	eQuilibrator:MNXM147656	MetaCyc:CPD-15902@Charged	eQuilibrator:MNXM147656
cpd34309	MetaCyc:CPD-21465@Charged	MetaCyc:CPD-21465@Charged	MetaCyc:CPD-21465@Charged	MetaCyc:CPD-21465@Charged	MetaCyc:CPD-21465	MetaCyc:CPD-21465	GC	MetaCyc:CPD-21465@Charged	MetaCyc:CPD-21465@Charged	
cpd34310	MetaCyc:CPD-14948@Charged	MetaCyc:CPD-14948@Charged	MetaCyc:CPD-14948@Charged	MetaCyc:CPD-14948@Charged	MetaCyc:CPD-14948	MetaCyc:CPD-14948	GC	MetaCyc:CPD-14948@Charged	MetaCyc:CPD-14948@Charged	eQuilibrator:MNXM107408
cpd34311	MetaCyc:CPD-18542@Charged	MetaCyc:CPD-18542@Charged	MetaCyc:CPD-18542@Charged	MetaCyc:CPD-18542@Charged	MetaCyc:CPD-18542	MetaCyc:CPD-18542	GC	MetaCyc:CPD-18542@Charged	MetaCyc:CPD-18542@Charged	eQuilibrator:MNXM88453
cpd34312	MetaCyc:CPD-17999	MetaCyc:CPD-17999	MetaCyc:CPD-17999	MetaCyc:CPD-17999	MetaCyc:CPD-17999	MetaCyc:CPD-17999	GC	MetaCyc:CPD-17999@Charged	MetaCyc:CPD-17999@Charged	eQuilibrator:MNXM125937
cpd34313	MetaCyc:CPD-18358	MetaCyc:CPD-18358	MetaCyc:CPD-18358	MetaCyc:CPD-18358	MetaCyc:CPD-18358	MetaCyc:CPD-18358	EQ		MetaCyc:CPD-18358@Charged	
cpd34314	MetaCyc:CPD-19250;ChEBI:51853	MetaCyc:CPD-19250;ChEBI:51853	MetaCyc:CPD-19250;ChEBI:51853	MetaCyc:CPD-19250;ChEBI:51853		MetaCyc:CPD-19250	GC	MetaCyc:CPD-19250@Charged	MetaCyc:CPD-19250@Charged	
cpd34315	MetaCyc:CPD-18351	MetaCyc:CPD-18351	MetaCyc:CPD-18351	MetaCyc:CPD-18351	MetaCyc:CPD-18351	MetaCyc:CPD-18351	EQ	eQuilibrator:MNXM208486	MetaCyc:CPD-18351@Charged	eQuilibrator:MNXM208486
cpd34316	MetaCyc:CPD-18685	MetaCyc:CPD-18685	MetaCyc:CPD-18685	MetaCyc:CPD-18685	MetaCyc:CPD-18685	MetaCyc:CPD-18685	EQ	eQuilibrator:MNXM165030	MetaCyc:CPD-18685@Charged	eQuilibrator:MNXM165030
cpd34317	MetaCyc:CPD-14502;ChEBI:145010	MetaCyc:CPD-14502;ChEBI:145010	MetaCyc:CPD-14502;ChEBI:145010	MetaCyc:CPD-14502;ChEBI:145010	MetaCyc:CPD-14502	MetaCyc:CPD-14502	GC	MetaCyc:CPD-14502@Charged	MetaCyc:CPD-14502@Charged	
cpd34318	MetaCyc:CPD-17200	MetaCyc:CPD-17200	MetaCyc:CPD-17200	MetaCyc:CPD-17200	MetaCyc:CPD-17200	MetaCyc:CPD-17200	GC	MetaCyc:CPD-17200@Charged	MetaCyc:CPD-17200@Charged	
cpd34319	MetaCyc:CPD-15959	MetaCyc:CPD-15959	MetaCyc:CPD-15959	MetaCyc:CPD-15959	MetaCyc:CPD-15959	MetaCyc:CPD-15959	GC	MetaCyc:CPD-15959@Charged	MetaCyc:CPD-15959@Charged	eQuilibrator:MNXM148615
cpd34320	MetaCyc:CPD-15807	MetaCyc:CPD-15807	MetaCyc:CPD-15807	MetaCyc:CPD-15807	MetaCyc:CPD-15807	MetaCyc:CPD-15807	GC	MetaCyc:CPD-15807@Charged	MetaCyc:CPD-15807@Charged	
cpd34321	MetaCyc:CPD-15140;ChEBI:48990	MetaCyc:CPD-15140;ChEBI:48990	MetaCyc:CPD-15140;ChEBI:48990	MetaCyc:CPD-15140;ChEBI:48990	MetaCyc:CPD-15140	MetaCyc:CPD-15140	EQ	eQuilibrator:MNXM6972	MetaCyc:CPD-15140@Charged	eQuilibrator:MNXM6972
cpd34322	MetaCyc:CPD-19455	MetaCyc:CPD-19455	MetaCyc:CPD-19455	MetaCyc:CPD-19455	MetaCyc:CPD-19455	MetaCyc:CPD-19455	EQ	eQuilibrator:MNXM531824	MetaCyc:CPD-19455@Charged	eQuilibrator:MNXM531824
cpd34323	MetaCyc:CPD-20209	MetaCyc:CPD-20209	MetaCyc:CPD-20209	MetaCyc:CPD-20209	MetaCyc:CPD-20209	MetaCyc:CPD-20209	GC	MetaCyc:CPD-20209@Charged	MetaCyc:CPD-20209@Charged	
cpd34324	MetaCyc:CPD-20301	MetaCyc:CPD-20301	MetaCyc:CPD-20301	MetaCyc:CPD-20301	MetaCyc:CPD-20301	MetaCyc:CPD-20301	GC	MetaCyc:CPD-20301@Charged	MetaCyc:CPD-20301@Charged	
cpd34325	MetaCyc:CPD-20257@Charged	MetaCyc:CPD-20257@Charged	MetaCyc:CPD-20257@Charged	MetaCyc:CPD-20257@Charged	MetaCyc:CPD-20257	MetaCyc:CPD-20257	GC	MetaCyc:CPD-20257@Charged	MetaCyc:CPD-20257@Charged	
cpd34326	MetaCyc:CPD-16634	MetaCyc:CPD-16634	MetaCyc:CPD-16634	MetaCyc:CPD-16634	MetaCyc:CPD-16634	MetaCyc:CPD-16634	EQ	eQuilibrator:MNXM155299	MetaCyc:CPD-16634@Charged	eQuilibrator:MNXM155299
cpd34327	MetaCyc:CPD-16395	MetaCyc:CPD-16395	MetaCyc:CPD-16395	MetaCyc:CPD-16395	MetaCyc:CPD-16395	MetaCyc:CPD-16395	GC	MetaCyc:CPD-16395@Charged	MetaCyc:CPD-16395@Charged	eQuilibrator:MNXM531687
cpd34328	MetaCyc:CPD-18296	MetaCyc:CPD-18296	MetaCyc:CPD-18296	MetaCyc:CPD-18296	MetaCyc:CPD-18296	MetaCyc:CPD-18296	GC	MetaCyc:CPD-18296@Charged	MetaCyc:CPD-18296@Charged	
cpd34329	MetaCyc:CPD-16477	MetaCyc:CPD-16477	MetaCyc:CPD-16477	MetaCyc:CPD-16477		MetaCyc:CPD-16477	GC	MetaCyc:CPD-16477@Charged	MetaCyc:CPD-16477@Charged	eQuilibrator:MNXM158931
cpd34330	MetaCyc:CPD-15658	MetaCyc:CPD-15658	MetaCyc:CPD-15658	MetaCyc:CPD-15658	MetaCyc:CPD-15658	MetaCyc:CPD-15658	EQ	eQuilibrator:MNXM147380	MetaCyc:CPD-15658@Charged	eQuilibrator:MNXM147380
cpd34331	MetaCyc:CPD-16894;ChEBI:144040	MetaCyc:CPD-16894;ChEBI:144040	MetaCyc:CPD-16894;ChEBI:144040	MetaCyc:CPD-16894;ChEBI:144040	MetaCyc:CPD-16894	MetaCyc:CPD-16894	EQ	eQuilibrator:MNXM101485	MetaCyc:CPD-16894@Charged	eQuilibrator:MNXM101485
cpd34332	MetaCyc:CPD-19997	MetaCyc:CPD-19997	MetaCyc:CPD-19997	MetaCyc:CPD-19997	MetaCyc:CPD-19997	MetaCyc:CPD-19997	GC	MetaCyc:CPD-19997@Charged	MetaCyc:CPD-19997@Charged	
cpd34333	MetaCyc:CPD-20153	MetaCyc:CPD-20153	MetaCyc:CPD-20153	MetaCyc:CPD-20153	MetaCyc:CPD-20153	MetaCyc:CPD-20153	GC	MetaCyc:CPD-20153@Charged	MetaCyc:CPD-20153@Charged	
cpd34334	MetaCyc:CPD-19734	MetaCyc:CPD-19734	MetaCyc:CPD-19734	MetaCyc:CPD-19734	MetaCyc:CPD-19734	MetaCyc:CPD-19734	GC	MetaCyc:CPD-19734@Charged	MetaCyc:CPD-19734@Charged	
cpd34335	MetaCyc:CPD-19383	MetaCyc:CPD-19383	MetaCyc:CPD-19383	MetaCyc:CPD-19383	MetaCyc:CPD-19383	MetaCyc:CPD-19383	EQ	eQuilibrator:MNXM468288	MetaCyc:CPD-19383@Charged	eQuilibrator:MNXM468288
cpd34336	MetaCyc:CPD-17093@Charged	MetaCyc:CPD-17093@Charged	MetaCyc:CPD-17093@Charged	MetaCyc:CPD-17093@Charged	MetaCyc:CPD-17093	MetaCyc:CPD-17093	GC	MetaCyc:CPD-17093@Charged	MetaCyc:CPD-17093@Charged	
cpd34337	MetaCyc:CPD-21110;ChEBI:156147	MetaCyc:CPD-21110;ChEBI:156147	MetaCyc:CPD-21110;ChEBI:156147	MetaCyc:CPD-21110;ChEBI:156147	MetaCyc:CPD-21110	MetaCyc:CPD-21110	GC	MetaCyc:CPD-21110@Charged	MetaCyc:CPD-21110@Charged	
cpd34338	MetaCyc:CPD-21125	MetaCyc:CPD-21125	MetaCyc:CPD-21125	MetaCyc:CPD-21125	MetaCyc:CPD-21125	MetaCyc:CPD-21125	GC	MetaCyc:CPD-21125@Charged	MetaCyc:CPD-21125@Charged	
cpd34339	MetaCyc:CPD-15034	MetaCyc:CPD-15034	MetaCyc:CPD-15034	MetaCyc:CPD-15034	MetaCyc:CPD-15034	MetaCyc:CPD-15034	EQ	eQuilibrator:MNXM114572	MetaCyc:CPD-15034@Charged	eQuilibrator:MNXM114572
cpd34340	MetaCyc:CPD-16906;ChEBI:79036	MetaCyc:CPD-16906;ChEBI:79036	MetaCyc:CPD-16906;ChEBI:79036	MetaCyc:CPD-16906;ChEBI:79036	MetaCyc:CPD-16906	MetaCyc:CPD-16906	GC	MetaCyc:CPD-16906@Charged	MetaCyc:CPD-16906@Charged	eQuilibrator:MNXM145700
cpd34341	MetaCyc:CPD0-2606	MetaCyc:CPD0-2606	MetaCyc:CPD0-2606	MetaCyc:CPD0-2606	MetaCyc:CPD0-2606	MetaCyc:CPD0-2606	GC	MetaCyc:CPD0-2606@Charged	MetaCyc:CPD0-2606@Charged	
cpd34342	MetaCyc:CPD-20464;ChEBI:138975	MetaCyc:CPD-20464;ChEBI:138975	MetaCyc:CPD-20464;ChEBI:138975	MetaCyc:CPD-20464;ChEBI:138975	MetaCyc:CPD-20464	MetaCyc:CPD-20464	GC	MetaCyc:CPD-20464@Charged	MetaCyc:CPD-20464@Charged	
cpd34343	MetaCyc:CPD-15632	MetaCyc:CPD-15632	MetaCyc:CPD-15632	MetaCyc:CPD-15632	MetaCyc:CPD-15632	MetaCyc:CPD-15632	GC	MetaCyc:CPD-15632@Charged	MetaCyc:CPD-15632@Charged	eQuilibrator:MNXM59681
cpd34344	MetaCyc:CPD-17316;ChEBI:131856	MetaCyc:CPD-17316;ChEBI:131856	MetaCyc:CPD-17316;ChEBI:131856	MetaCyc:CPD-17316;ChEBI:131856	MetaCyc:CPD-17316	MetaCyc:CPD-17316	EQ	eQuilibrator:MNXM147761	MetaCyc:CPD-17316@Charged	eQuilibrator:MNXM147761
cpd34345	MetaCyc:CPD-19763	MetaCyc:CPD-19763	MetaCyc:CPD-19763	MetaCyc:CPD-19763	MetaCyc:CPD-19763	MetaCyc:CPD-19763	GC	MetaCyc:CPD-19763@Charged	MetaCyc:CPD-19763@Charged	
cpd34346	MetaCyc:CPD-15871	MetaCyc:CPD-15871	MetaCyc:CPD-15871	MetaCyc:CPD-15871@Charged	MetaCyc:CPD-15871	MetaCyc:CPD-15871	GC	MetaCyc:CPD-15871@Charged	MetaCyc:CPD-15871@Charged	
cpd34347	MetaCyc:CPD-17971	MetaCyc:CPD-17971	MetaCyc:CPD-17971	MetaCyc:CPD-17971	MetaCyc:CPD-17971	MetaCyc:CPD-17971	EQ	eQuilibrator:MNXM152294	MetaCyc:CPD-17971@Charged	eQuilibrator:MNXM152294
cpd34348	MetaCyc:CPD-15000@Charged	MetaCyc:CPD-15000@Charged	MetaCyc:CPD-15000@Charged	MetaCyc:CPD-15000@Charged	MetaCyc:CPD-15000	MetaCyc:CPD-15000	GC	MetaCyc:CPD-15000@Charged	MetaCyc:CPD-15000@Charged	
cpd34349	MetaCyc:CPD-19565	MetaCyc:CPD-19565	MetaCyc:CPD-19565	MetaCyc:CPD-19565	MetaCyc:CPD-19565	MetaCyc:CPD-19565	EQ	eQuilibrator:MNXM468478	MetaCyc:CPD-19565@Charged	eQuilibrator:MNXM468478
cpd34350	MetaCyc:CPD-14716;ChEBI:75927	MetaCyc:CPD-14716;ChEBI:75927	MetaCyc:CPD-14716;ChEBI:75927	MetaCyc:CPD-14716;ChEBI:75927	MetaCyc:CPD-14716	MetaCyc:CPD-14716	GC	MetaCyc:CPD-14716@Charged	MetaCyc:CPD-14716@Charged	
cpd34351	MetaCyc:CPD-18734	MetaCyc:CPD-18734	MetaCyc:CPD-18734	MetaCyc:CPD-18734	MetaCyc:CPD-18734	MetaCyc:CPD-18734	EQ	eQuilibrator:MNXM488480	MetaCyc:CPD-18734@Charged	eQuilibrator:MNXM488480
cpd34352	MetaCyc:CPD-17221	MetaCyc:CPD-17221	MetaCyc:CPD-17221	MetaCyc:CPD-17221	MetaCyc:CPD-17221		EQ	eQuilibrator:MNXM61452	MetaCyc:CPD-17221@Charged	eQuilibrator:MNXM61452
cpd34353	MetaCyc:CPD-20767@Charged	MetaCyc:CPD-20767@Charged	MetaCyc:CPD-20767@Charged	MetaCyc:CPD-20767@Charged	MetaCyc:CPD-20767	MetaCyc:CPD-20767	GC	MetaCyc:CPD-20767@Charged	MetaCyc:CPD-20767@Charged	
cpd34354	MetaCyc:CPD-18414	MetaCyc:CPD-18414	MetaCyc:CPD-18414	MetaCyc:CPD-18414	MetaCyc:CPD-18414	MetaCyc:CPD-18414	GC	MetaCyc:CPD-18414@Charged	MetaCyc:CPD-18414@Charged	
cpd34355	MetaCyc:CPD-20721	MetaCyc:CPD-20721	MetaCyc:CPD-20721	MetaCyc:CPD-20721	MetaCyc:CPD-20721	MetaCyc:CPD-20721	GC	MetaCyc:CPD-20721@Charged	MetaCyc:CPD-20721@Charged	
cpd34356	MetaCyc:CPD-18974@Charged	MetaCyc:CPD-18974@Charged	MetaCyc:CPD-18974@Charged	MetaCyc:CPD-18974@Charged	MetaCyc:CPD-18974	MetaCyc:CPD-18974	EQ		MetaCyc:CPD-18974@Charged	
cpd34357	MetaCyc:CPD-14902	MetaCyc:CPD-14902	MetaCyc:CPD-14902	MetaCyc:CPD-14902	MetaCyc:CPD-14902	MetaCyc:CPD-14902	GC	MetaCyc:CPD-14902@Charged	MetaCyc:CPD-14902@Charged	eQuilibrator:MNXM24495
cpd34358	MetaCyc:CPD-14674;ChEBI:49189	MetaCyc:CPD-14674;ChEBI:49189	MetaCyc:CPD-14674;ChEBI:49189	MetaCyc:CPD-14674;ChEBI:49189	MetaCyc:CPD-14674	MetaCyc:CPD-14674	EQ	eQuilibrator:MNXM1947	MetaCyc:CPD-14674@Charged	eQuilibrator:MNXM1947
cpd34359	MetaCyc:CPD-16749	MetaCyc:CPD-16749	MetaCyc:CPD-16749	MetaCyc:CPD-16749	MetaCyc:CPD-16749	MetaCyc:CPD-16749	GC	MetaCyc:CPD-16749@Charged	MetaCyc:CPD-16749@Charged	eQuilibrator:MNXM148665
cpd34360	MetaCyc:CPD-19491	MetaCyc:CPD-19491	MetaCyc:CPD-19491	MetaCyc:CPD-19491	MetaCyc:CPD-19491	MetaCyc:CPD-19491	EQ	eQuilibrator:MNXM164245	MetaCyc:CPD-19491@Charged	eQuilibrator:MNXM164245
cpd34361	MetaCyc:CPD-20348	MetaCyc:CPD-20348	MetaCyc:CPD-20348	MetaCyc:CPD-20348	MetaCyc:CPD-20348	MetaCyc:CPD-20348	EQ	eQuilibrator:MNXM163415	MetaCyc:CPD-20348@Charged	eQuilibrator:MNXM163415
cpd34362	MetaCyc:CPD-21192	MetaCyc:CPD-21192	MetaCyc:CPD-21192	MetaCyc:CPD-21192	MetaCyc:CPD-21192	MetaCyc:CPD-21192	GC	MetaCyc:CPD-21192@Charged	MetaCyc:CPD-21192@Charged	
cpd34363	MetaCyc:CPD-16449;ChEBI:76855	MetaCyc:CPD-16449;ChEBI:76855	MetaCyc:CPD-16449;ChEBI:76855	MetaCyc:CPD-16449;ChEBI:76855	MetaCyc:CPD-16449	MetaCyc:CPD-16449	GC	MetaCyc:CPD-16449@Charged	MetaCyc:CPD-16449@Charged	
cpd34364	MetaCyc:CPD-20788	MetaCyc:CPD-20788	MetaCyc:CPD-20788	MetaCyc:CPD-20788	MetaCyc:CPD-20788		GC	MetaCyc:CPD-20788@Charged	MetaCyc:CPD-20788@Charged	
cpd34365	MetaCyc:CPD-20684	MetaCyc:CPD-20684	MetaCyc:CPD-20684	MetaCyc:CPD-20684	MetaCyc:CPD-20684	MetaCyc:CPD-20684	GC	MetaCyc:CPD-20684@Charged	MetaCyc:CPD-20684@Charged	
cpd34366	MetaCyc:CPD-16410	MetaCyc:CPD-16410	MetaCyc:CPD-16410	MetaCyc:CPD-16410	MetaCyc:CPD-16410	MetaCyc:CPD-16410	EQ	eQuilibrator:MNXM39871	MetaCyc:CPD-16410@Charged	eQuilibrator:MNXM39871
cpd34367	MetaCyc:CPD-17609	MetaCyc:CPD-17609	MetaCyc:CPD-17609	MetaCyc:CPD-17609	MetaCyc:CPD-17609	MetaCyc:CPD-17609	GC	MetaCyc:CPD-17609@Charged	MetaCyc:CPD-17609@Charged	
cpd34368	MetaCyc:CPD-18448;ChEBI:91232	MetaCyc:CPD-18448;ChEBI:91232	MetaCyc:CPD-18448;ChEBI:91232	MetaCyc:CPD-18448;ChEBI:91232	MetaCyc:CPD-18448	MetaCyc:CPD-18448	GC	MetaCyc:CPD-18448@Charged	MetaCyc:CPD-18448@Charged	eQuilibrator:MNXM162630
cpd34369	MetaCyc:CPD-18708	MetaCyc:CPD-18708	MetaCyc:CPD-18708	MetaCyc:CPD-18708	MetaCyc:CPD-18708	MetaCyc:CPD-18708	EQ	eQuilibrator:MNXM496915	MetaCyc:CPD-18708@Charged	eQuilibrator:MNXM496915
cpd34370	MetaCyc:CPD-19456	MetaCyc:CPD-19456	MetaCyc:CPD-19456	MetaCyc:CPD-19456	MetaCyc:CPD-19456	MetaCyc:CPD-19456	EQ	eQuilibrator:MNXM531823	MetaCyc:CPD-19456@Charged	eQuilibrator:MNXM531823
cpd34371	MetaCyc:CPD-20104	MetaCyc:CPD-20104	MetaCyc:CPD-20104	MetaCyc:CPD-20104	MetaCyc:CPD-20104	MetaCyc:CPD-20104	GC	MetaCyc:CPD-20104@Charged	MetaCyc:CPD-20104@Charged	
cpd34372	MetaCyc:CPD-20976;ChEBI:155844	MetaCyc:CPD-20976;ChEBI:155844	MetaCyc:CPD-20976;ChEBI:155844	MetaCyc:CPD-20976;ChEBI:155844	MetaCyc:CPD-20976	MetaCyc:CPD-20976	GC	MetaCyc:CPD-20976@Charged	MetaCyc:CPD-20976@Charged	
cpd34373	MetaCyc:CPD-15620	MetaCyc:CPD-15620	MetaCyc:CPD-15620	MetaCyc:CPD-15620	MetaCyc:CPD-15620	MetaCyc:CPD-15620	EQ	eQuilibrator:MNXM40577	MetaCyc:CPD-15620@Charged	eQuilibrator:MNXM40577
cpd34374	MetaCyc:CPD-19349	MetaCyc:CPD-19349	MetaCyc:CPD-19349	MetaCyc:CPD-19349	MetaCyc:CPD-19349	MetaCyc:CPD-19349	EQ		MetaCyc:CPD-19349@Charged	
cpd34375	MetaCyc:CPD-15954	MetaCyc:CPD-15954	MetaCyc:CPD-15954	MetaCyc:CPD-15954	MetaCyc:CPD-15954	MetaCyc:CPD-15954	GC	MetaCyc:CPD-15954@Charged	MetaCyc:CPD-15954@Charged	
cpd34376	MetaCyc:CPD-19899	MetaCyc:CPD-19899	MetaCyc:CPD-19899	MetaCyc:CPD-19899	MetaCyc:CPD-19899	MetaCyc:CPD-19899	GC	MetaCyc:CPD-19899@Charged	MetaCyc:CPD-19899@Charged	
cpd34377	MetaCyc:CPD-14828	MetaCyc:CPD-14828	MetaCyc:CPD-14828	MetaCyc:CPD-14828	MetaCyc:CPD-14828	MetaCyc:CPD-14828	EQ	eQuilibrator:MNXM114580	MetaCyc:CPD-14828@Charged	eQuilibrator:MNXM114580
cpd34378	MetaCyc:CPD-19621	MetaCyc:CPD-19621	MetaCyc:CPD-19621	MetaCyc:CPD-19621	MetaCyc:CPD-19621	MetaCyc:CPD-19621	EQ	eQuilibrator:MNXM683030	MetaCyc:CPD-19621@Charged	eQuilibrator:MNXM683030
cpd34379	MetaCyc:CPD-16520	MetaCyc:CPD-16520	MetaCyc:CPD-16520	MetaCyc:CPD-16520	MetaCyc:CPD-16520	MetaCyc:CPD-16520	GC	MetaCyc:CPD-16520@Charged	MetaCyc:CPD-16520@Charged	
cpd34380	MetaCyc:CPD1UA-57	MetaCyc:CPD1UA-57	MetaCyc:CPD1UA-57	MetaCyc:CPD1UA-57	MetaCyc:CPD1UA-57	MetaCyc:CPD1UA-57	GC	MetaCyc:CPD1UA-57@Charged	MetaCyc:CPD1UA-57@Charged	
cpd34381	MetaCyc:CPD-20828	MetaCyc:CPD-20828	MetaCyc:CPD-20828	MetaCyc:CPD-20828	MetaCyc:CPD-20828	MetaCyc:CPD-20828	GC	MetaCyc:CPD-20828@Charged	MetaCyc:CPD-20828@Charged	
cpd34382	MetaCyc:CPD-15157	MetaCyc:CPD-15157	MetaCyc:CPD-15157	MetaCyc:CPD-15157	MetaCyc:CPD-15157	MetaCyc:CPD-15157	GC	MetaCyc:CPD-15157@Charged	MetaCyc:CPD-15157@Charged	eQuilibrator:MNXM118302
cpd34383	MetaCyc:CPD-19326	MetaCyc:CPD-19326	MetaCyc:CPD-19326	MetaCyc:CPD-19326	MetaCyc:CPD-19326	MetaCyc:CPD-19326	GC	MetaCyc:CPD-19326@Charged	MetaCyc:CPD-19326@Charged	eQuilibrator:MNXM164783
cpd34384	MetaCyc:CPD-15177@Charged;ChEBI:63682@Charged	MetaCyc:CPD-15177@Charged;ChEBI:63682@Charged	MetaCyc:CPD-15177@Charged;ChEBI:63682@Charged	MetaCyc:CPD-15177@Charged;ChEBI:63682@Charged	MetaCyc:CPD-15177		GC	MetaCyc:CPD-15177@Charged	MetaCyc:CPD-15177@Charged	
cpd34385	MetaCyc:CPD-18508;ChEBI:88123	MetaCyc:CPD-18508;ChEBI:88123	MetaCyc:CPD-18508;ChEBI:88123	MetaCyc:CPD-18508;ChEBI:88123	MetaCyc:CPD-18508	MetaCyc:CPD-18508	EQ	eQuilibrator:MNXM162476	MetaCyc:CPD-18508@Charged	eQuilibrator:MNXM162476
cpd34386	MetaCyc:CPD-21461	MetaCyc:CPD-21461	MetaCyc:CPD-21461	MetaCyc:CPD-21461	MetaCyc:CPD-21461	MetaCyc:CPD-21461	GC	MetaCyc:CPD-21461@Charged	MetaCyc:CPD-21461@Charged	
cpd34387	MetaCyc:CPD-18300	MetaCyc:CPD-18300	MetaCyc:CPD-18300	MetaCyc:CPD-18300	MetaCyc:CPD-18300	MetaCyc:CPD-18300	GC	MetaCyc:CPD-18300@Charged	MetaCyc:CPD-18300@Charged	
cpd34388	MetaCyc:CPD-14698;ChEBI:141108	MetaCyc:CPD-14698;ChEBI:141108	MetaCyc:CPD-14698;ChEBI:141108	MetaCyc:CPD-14698;ChEBI:141108		MetaCyc:CPD-14698	EQ	eQuilibrator:MNXM30494	MetaCyc:CPD-14698@Charged	eQuilibrator:MNXM30494
cpd34389	MetaCyc:CPD-20094	MetaCyc:CPD-20094	MetaCyc:CPD-20094	MetaCyc:CPD-20094	MetaCyc:CPD-20094	MetaCyc:CPD-20094	GC	MetaCyc:CPD-20094@Charged	MetaCyc:CPD-20094@Charged	
cpd34390	MetaCyc:CPD-21282	MetaCyc:CPD-21282	MetaCyc:CPD-21282	MetaCyc:CPD-21282	MetaCyc:CPD-21282	MetaCyc:CPD-21282	GC	MetaCyc:CPD-21282@Charged	MetaCyc:CPD-21282@Charged	
cpd34391	MetaCyc:CPD-14619@Charged	MetaCyc:CPD-14619@Charged	MetaCyc:CPD-14619@Charged	MetaCyc:CPD-14619@Charged	MetaCyc:CPD-14619	MetaCyc:CPD-14619	GC	MetaCyc:CPD-14619@Charged	MetaCyc:CPD-14619@Charged	
cpd34392	MetaCyc:CPD-20416	MetaCyc:CPD-20416	MetaCyc:CPD-20416	MetaCyc:CPD-20416	MetaCyc:CPD-20416	MetaCyc:CPD-20416	EQ	eQuilibrator:MNXM57911	MetaCyc:CPD-20416@Charged	eQuilibrator:MNXM57911
cpd34393	MetaCyc:CPD-17659;ChEBI:85306	MetaCyc:CPD-17659;ChEBI:85306	MetaCyc:CPD-17659;ChEBI:85306	MetaCyc:CPD-17659;ChEBI:85306	MetaCyc:CPD-17659	MetaCyc:CPD-17659	EQ	eQuilibrator:MNXM17053	MetaCyc:CPD-17659@Charged	eQuilibrator:MNXM17053
cpd34394	MetaCyc:CPD-21097	MetaCyc:CPD-21097	MetaCyc:CPD-21097	MetaCyc:CPD-21097	MetaCyc:CPD-21097	MetaCyc:CPD-21097	GC	MetaCyc:CPD-21097@Charged	MetaCyc:CPD-21097@Charged	
cpd34395	MetaCyc:CPD-19492	MetaCyc:CPD-19492	MetaCyc:CPD-19492	MetaCyc:CPD-19492	MetaCyc:CPD-19492	MetaCyc:CPD-19492	EQ	eQuilibrator:MNXM164223	MetaCyc:CPD-19492@Charged	eQuilibrator:MNXM164223
cpd34396	MetaCyc:CPD-17509;ChEBI:84310	MetaCyc:CPD-17509;ChEBI:84310	MetaCyc:CPD-17509;ChEBI:84310	MetaCyc:CPD-17509;ChEBI:84310	MetaCyc:CPD-17509	MetaCyc:CPD-17509	GC	MetaCyc:CPD-17509@Charged	MetaCyc:CPD-17509@Charged	eQuilibrator:MNXM145814
cpd34397										
cpd34398	MetaCyc:CPD-18410	MetaCyc:CPD-18410	MetaCyc:CPD-18410	MetaCyc:CPD-18410	MetaCyc:CPD-18410	MetaCyc:CPD-18410	GC	MetaCyc:CPD-18410@Charged	MetaCyc:CPD-18410@Charged	
cpd34399	MetaCyc:CPD-20225;ChEBI:138049	MetaCyc:CPD-20225;ChEBI:138049	MetaCyc:CPD-20225;ChEBI:138049	MetaCyc:CPD-20225;ChEBI:138049			GC	MetaCyc:CPD-20225@Charged	MetaCyc:CPD-20225@Charged	
cpd34400	MetaCyc:CPD-15666	MetaCyc:CPD-15666	MetaCyc:CPD-15666	MetaCyc:CPD-15666	MetaCyc:CPD-15666	MetaCyc:CPD-15666	EQ	eQuilibrator:MNXM147859	MetaCyc:CPD-15666@Charged	eQuilibrator:MNXM147859
cpd34401	MetaCyc:CPD-19875	MetaCyc:CPD-19875	MetaCyc:CPD-19875	MetaCyc:CPD-19875	MetaCyc:CPD-19875		EQ	eQuilibrator:MNXM160294	MetaCyc:CPD-19875@Charged	eQuilibrator:MNXM160294
cpd34402	MetaCyc:CPD-17081	MetaCyc:CPD-17081	MetaCyc:CPD-17081	MetaCyc:CPD-17081	MetaCyc:CPD-17081	MetaCyc:CPD-17081	EQ	eQuilibrator:MNXM148671	MetaCyc:CPD-17081@Charged	eQuilibrator:MNXM148671
cpd34403	MetaCyc:CPD-15680	MetaCyc:CPD-15680	MetaCyc:CPD-15680	MetaCyc:CPD-15680	MetaCyc:CPD-15680		EQ	eQuilibrator:MNXM27815	MetaCyc:CPD-15680@Charged	eQuilibrator:MNXM27815
cpd34404	MetaCyc:CPD-20371	MetaCyc:CPD-20371	MetaCyc:CPD-20371	MetaCyc:CPD-20371	MetaCyc:CPD-20371	MetaCyc:CPD-20371	GC	MetaCyc:CPD-20371@Charged	MetaCyc:CPD-20371@Charged	
cpd34405	MetaCyc:CPD-19342	MetaCyc:CPD-19342	MetaCyc:CPD-19342	MetaCyc:CPD-19342	MetaCyc:CPD-19342		GC	MetaCyc:CPD-19342@Charged	MetaCyc:CPD-19342@Charged	eQuilibrator:MNXM164784
cpd34406	MetaCyc:CPD-20294	MetaCyc:CPD-20294	MetaCyc:CPD-20294	MetaCyc:CPD-20294	MetaCyc:CPD-20294	MetaCyc:CPD-20294	GC	MetaCyc:CPD-20294@Charged	MetaCyc:CPD-20294@Charged	
cpd34407	MetaCyc:CPD-20383	MetaCyc:CPD-20383	MetaCyc:CPD-20383	MetaCyc:CPD-20383	MetaCyc:CPD-20383	MetaCyc:CPD-20383	EQ	eQuilibrator:MNXM127271	MetaCyc:CPD-20383@Charged	eQuilibrator:MNXM127271
cpd34408	MetaCyc:CPD-19437@Charged	MetaCyc:CPD-19437@Charged	MetaCyc:CPD-19437@Charged	MetaCyc:CPD-19437@Charged	MetaCyc:CPD-19437	MetaCyc:CPD-19437	GC	MetaCyc:CPD-19437@Charged	MetaCyc:CPD-19437@Charged	
cpd34409	MetaCyc:CPD-19801;ChEBI:136543	MetaCyc:CPD-19801;ChEBI:136543	MetaCyc:CPD-19801;ChEBI:136543	MetaCyc:CPD-19801;ChEBI:136543	MetaCyc:CPD-19801	MetaCyc:CPD-19801	GC	MetaCyc:CPD-19801@Charged	MetaCyc:CPD-19801@Charged	eQuilibrator:MNXM169451
cpd34410	MetaCyc:CPD-16472	MetaCyc:CPD-16472	MetaCyc:CPD-16472	MetaCyc:CPD-16472	MetaCyc:CPD-16472	MetaCyc:CPD-16472	EQ	eQuilibrator:MNXM43850	MetaCyc:CPD-16472@Charged	eQuilibrator:MNXM43850
cpd34411	MetaCyc:CPD-15365	MetaCyc:CPD-15365	MetaCyc:CPD-15365	MetaCyc:CPD-15365	MetaCyc:CPD-15365	MetaCyc:CPD-15365	EQ	eQuilibrator:MNXM148210	MetaCyc:CPD-15365@Charged	eQuilibrator:MNXM148210
cpd34412	MetaCyc:CPD-21265;ChEBI:141822	MetaCyc:CPD-21265;ChEBI:141822	MetaCyc:CPD-21265;ChEBI:141822	MetaCyc:CPD-21265;ChEBI:141822			GC	MetaCyc:CPD-21265@Charged	MetaCyc:CPD-21265@Charged	
cpd34413	MetaCyc:CPD-18483;ChEBI:88094	MetaCyc:CPD-18483;ChEBI:88094	MetaCyc:CPD-18483;ChEBI:88094	MetaCyc:CPD-18483;ChEBI:88094	MetaCyc:CPD-18483	MetaCyc:CPD-18483	GC	MetaCyc:CPD-18483@Charged	MetaCyc:CPD-18483@Charged	eQuilibrator:MNXM162449
cpd34414	MetaCyc:CPD-19968	MetaCyc:CPD-19968	MetaCyc:CPD-19968	MetaCyc:CPD-19968	MetaCyc:CPD-19968	MetaCyc:CPD-19968	GC	MetaCyc:CPD-19968@Charged	MetaCyc:CPD-19968@Charged	
cpd34415	MetaCyc:CPD-17650;ChEBI:140677	MetaCyc:CPD-17650;ChEBI:140677	MetaCyc:CPD-17650;ChEBI:140677	MetaCyc:CPD-17650;ChEBI:140677	MetaCyc:CPD-17650	MetaCyc:CPD-17650	EQ	eQuilibrator:MNXM148288	MetaCyc:CPD-17650@Charged	eQuilibrator:MNXM148288
cpd34416	MetaCyc:CPD-17670;ChEBI:78267	MetaCyc:CPD-17670;ChEBI:78267	MetaCyc:CPD-17670;ChEBI:78267	MetaCyc:CPD-17670;ChEBI:78267	MetaCyc:CPD-17670	MetaCyc:CPD-17670	EQ	eQuilibrator:MNXM146461	MetaCyc:CPD-17670@Charged	eQuilibrator:MNXM146461
cpd34417	MetaCyc:CPD-16371	MetaCyc:CPD-16371	MetaCyc:CPD-16371	MetaCyc:CPD-16371	MetaCyc:CPD-16371	MetaCyc:CPD-16371	GC	MetaCyc:CPD-16371@Charged	MetaCyc:CPD-16371@Charged	eQuilibrator:MNXM57467
cpd34418	MetaCyc:CPD-19227	MetaCyc:CPD-19227	MetaCyc:CPD-19227	MetaCyc:CPD-19227		MetaCyc:CPD-19227	EQ	eQuilibrator:MNXM468696	MetaCyc:CPD-19227@Charged	eQuilibrator:MNXM468696
cpd34419	MetaCyc:CPD-17571@Charged	MetaCyc:CPD-17571@Charged	MetaCyc:CPD-17571@Charged	MetaCyc:CPD-17571@Charged	MetaCyc:CPD-17571		GC	MetaCyc:CPD-17571@Charged	MetaCyc:CPD-17571@Charged	
cpd34420	MetaCyc:CPD-18766@Charged;ChEBI:90902@Charged	MetaCyc:CPD-18766@Charged;ChEBI:90902@Charged	MetaCyc:CPD-18766@Charged;ChEBI:90902@Charged	MetaCyc:CPD-18766@Charged;ChEBI:90902@Charged	MetaCyc:CPD-18766	MetaCyc:CPD-18766	EQ	eQuilibrator:MNXM162739	MetaCyc:CPD-18766@Charged	eQuilibrator:MNXM162739
cpd34421	MetaCyc:CPD-19222	MetaCyc:CPD-19222	MetaCyc:CPD-19222	MetaCyc:CPD-19222		MetaCyc:CPD-19222	GC	MetaCyc:CPD-19222@Charged	MetaCyc:CPD-19222@Charged	eQuilibrator:MNXM468502
cpd34422	MetaCyc:CPD-18441	MetaCyc:CPD-18441	MetaCyc:CPD-18441	MetaCyc:CPD-18441	MetaCyc:CPD-18441	MetaCyc:CPD-18441	EQ	eQuilibrator:MNXM42225	MetaCyc:CPD-18441@Charged	eQuilibrator:MNXM42225
cpd34423	MetaCyc:CPD-17013	MetaCyc:CPD-17013	MetaCyc:CPD-17013	MetaCyc:CPD-17013	MetaCyc:CPD-17013	MetaCyc:CPD-17013	EQ	eQuilibrator:MNXM147387	MetaCyc:CPD-17013@Charged	eQuilibrator:MNXM147387
cpd34424	MetaCyc:CPD-19261;ChEBI:142709	MetaCyc:CPD-19261;ChEBI:142709	MetaCyc:CPD-19261;ChEBI:142709	MetaCyc:CPD-19261;ChEBI:142709	MetaCyc:CPD-19261	MetaCyc:CPD-19261	GC	MetaCyc:CPD-19261@Charged	MetaCyc:CPD-19261@Charged	eQuilibrator:MNXM165517
cpd34425	MetaCyc:CPD-15626	MetaCyc:CPD-15626	MetaCyc:CPD-15626	MetaCyc:CPD-15626	MetaCyc:CPD-15626	MetaCyc:CPD-15626	EQ	eQuilibrator:MNXM40588	MetaCyc:CPD-15626@Charged	eQuilibrator:MNXM40588
cpd34426	MetaCyc:CPD-19662@Charged	MetaCyc:CPD-19662@Charged	MetaCyc:CPD-19662@Charged	MetaCyc:CPD-19662@Charged	MetaCyc:CPD-19662	MetaCyc:CPD-19662	GC	MetaCyc:CPD-19662@Charged	MetaCyc:CPD-19662@Charged	
cpd34427	MetaCyc:CPD-19544	MetaCyc:CPD-19544	MetaCyc:CPD-19544	MetaCyc:CPD-19544	MetaCyc:CPD-19544	MetaCyc:CPD-19544	EQ		MetaCyc:CPD-19544@Charged	
cpd34428	MetaCyc:CPD-19129	MetaCyc:CPD-19129	MetaCyc:CPD-19129	MetaCyc:CPD-19129	MetaCyc:CPD-19129	MetaCyc:CPD-19129	GC	MetaCyc:CPD-19129@Charged	MetaCyc:CPD-19129@Charged	
cpd34429	MetaCyc:FADH@Charged	MetaCyc:FADH@Charged	MetaCyc:FADH@Charged	MetaCyc:FADH@Charged	MetaCyc:FADH	MetaCyc:FADH	EQ		MetaCyc:FADH@Charged	
cpd34430	MetaCyc:CPD-17985	MetaCyc:CPD-17985		MetaCyc:CPD-17985	MetaCyc:CPD-17985	MetaCyc:CPD-17985	GC	MetaCyc:CPD-17985@Charged	MetaCyc:CPD-17985@Charged	
cpd34431	MetaCyc:CPD-19669	MetaCyc:CPD-19669	MetaCyc:CPD-19669	MetaCyc:CPD-19669	MetaCyc:CPD-19669	MetaCyc:CPD-19669	GC	MetaCyc:CPD-19669@Charged	MetaCyc:CPD-19669@Charged	eQuilibrator:MNXM468660
cpd34432	MetaCyc:CPD-19888;ChEBI:138605	MetaCyc:CPD-19888;ChEBI:138605	MetaCyc:CPD-19888;ChEBI:138605	MetaCyc:CPD-19888;ChEBI:138605	MetaCyc:CPD-19888	MetaCyc:CPD-19888	GC	MetaCyc:CPD-19888@Charged	MetaCyc:CPD-19888@Charged	
cpd34433	MetaCyc:CPD-19018	MetaCyc:CPD-19018	MetaCyc:CPD-19018	MetaCyc:CPD-19018	MetaCyc:CPD-19018	MetaCyc:CPD-19018	EQ	eQuilibrator:MNXM683063	MetaCyc:CPD-19018@Charged	eQuilibrator:MNXM683063
cpd34434	MetaCyc:CPD-18627	MetaCyc:CPD-18627	MetaCyc:CPD-18627	MetaCyc:CPD-18627	MetaCyc:CPD-18627	MetaCyc:CPD-18627	EQ	eQuilibrator:MNXM164628	MetaCyc:CPD-18627@Charged	eQuilibrator:MNXM164628
cpd34435	MetaCyc:CPD-18145	MetaCyc:CPD-18145	MetaCyc:CPD-18145	MetaCyc:CPD-18145	MetaCyc:CPD-18145	MetaCyc:CPD-18145	EQ	eQuilibrator:MNXM164253	MetaCyc:CPD-18145@Charged	eQuilibrator:MNXM164253
cpd34436	MetaCyc:CPD-16432@Charged	MetaCyc:CPD-16432@Charged	MetaCyc:CPD-16432@Charged	MetaCyc:CPD-16432@Charged	MetaCyc:CPD-16432	MetaCyc:CPD-16432	GC	MetaCyc:CPD-16432@Charged	MetaCyc:CPD-16432@Charged	
cpd34437	MetaCyc:CPD-20583	MetaCyc:CPD-20583	MetaCyc:CPD-20583	MetaCyc:CPD-20583	MetaCyc:CPD-20583	MetaCyc:CPD-20583	GC	MetaCyc:CPD-20583@Charged	MetaCyc:CPD-20583@Charged	
cpd34438	MetaCyc:CPD-17964	MetaCyc:CPD-17964	MetaCyc:CPD-17964	MetaCyc:CPD-17964	MetaCyc:CPD-17964	MetaCyc:CPD-17964	GC	MetaCyc:CPD-17964@Charged	MetaCyc:CPD-17964@Charged	
cpd34439	MetaCyc:CPD-21346	MetaCyc:CPD-21346	MetaCyc:CPD-21346	MetaCyc:CPD-21346	MetaCyc:CPD-21346	MetaCyc:CPD-21346	GC	MetaCyc:CPD-21346@Charged	MetaCyc:CPD-21346@Charged	
cpd34440	MetaCyc:CPD-17898	MetaCyc:CPD-17898	MetaCyc:CPD-17898	MetaCyc:CPD-17898		MetaCyc:CPD-17898	EQ	eQuilibrator:MNXM156964	MetaCyc:CPD-17898@Charged	eQuilibrator:MNXM156964
cpd34441	MetaCyc:CPD-21410;ChEBI:145031	MetaCyc:CPD-21410;ChEBI:145031	MetaCyc:CPD-21410;ChEBI:145031	MetaCyc:CPD-21410;ChEBI:145031	MetaCyc:CPD-21410	MetaCyc:CPD-21410	GC	MetaCyc:CPD-21410@Charged	MetaCyc:CPD-21410@Charged	
cpd34442	MetaCyc:CPD-17216;ChEBI:53159	MetaCyc:CPD-17216;ChEBI:53159	MetaCyc:CPD-17216;ChEBI:53159	MetaCyc:CPD-17216;ChEBI:53159	MetaCyc:CPD-17216	MetaCyc:CPD-17216	EQ	eQuilibrator:MNXM6514	MetaCyc:CPD-17216@Charged	eQuilibrator:MNXM6514
cpd34443	MetaCyc:CPD-21073;ChEBI:143558	MetaCyc:CPD-21073;ChEBI:143558	MetaCyc:CPD-21073;ChEBI:143558	MetaCyc:CPD-21073;ChEBI:143558	MetaCyc:CPD-21073		EQ	eQuilibrator:MNXM28021	MetaCyc:CPD-21073@Charged	eQuilibrator:MNXM28021
cpd34444	MetaCyc:CPD-18513	MetaCyc:CPD-18513	MetaCyc:CPD-18513	MetaCyc:CPD-18513	MetaCyc:CPD-18513	MetaCyc:CPD-18513	GC	MetaCyc:CPD-18513@Charged	MetaCyc:CPD-18513@Charged	
cpd34445	MetaCyc:CPD-19028;ChEBI:131720	MetaCyc:CPD-19028;ChEBI:131720	MetaCyc:CPD-19028;ChEBI:131720	MetaCyc:CPD-19028;ChEBI:131720		MetaCyc:CPD-19028	EQ	eQuilibrator:MNXM162723	MetaCyc:CPD-19028@Charged	eQuilibrator:MNXM162723
cpd34446	MetaCyc:CPD-19864	MetaCyc:CPD-19864	MetaCyc:CPD-19864	MetaCyc:CPD-19864	MetaCyc:CPD-19864	MetaCyc:CPD-19864	GC	MetaCyc:CPD-19864@Charged	MetaCyc:CPD-19864@Charged	
cpd34447	MetaCyc:CPD-20200	MetaCyc:CPD-20200	MetaCyc:CPD-20200	MetaCyc:CPD-20200	MetaCyc:CPD-20200	MetaCyc:CPD-20200	GC	MetaCyc:CPD-20200@Charged	MetaCyc:CPD-20200@Charged	
cpd34448	MetaCyc:CPD-20595	MetaCyc:CPD-20595	MetaCyc:CPD-20595	MetaCyc:CPD-20595	MetaCyc:CPD-20595	MetaCyc:CPD-20595	GC	MetaCyc:CPD-20595@Charged	MetaCyc:CPD-20595@Charged	
cpd34449	MetaCyc:CPD-14523	MetaCyc:CPD-14523	MetaCyc:CPD-14523	MetaCyc:CPD-14523	MetaCyc:CPD-14523	MetaCyc:CPD-14523	GC	MetaCyc:CPD-14523@Charged	MetaCyc:CPD-14523@Charged	eQuilibrator:MNXM80929
cpd34450	MetaCyc:CPD-14920;ChEBI:74278	MetaCyc:CPD-14920;ChEBI:74278	MetaCyc:CPD-14920;ChEBI:74278	MetaCyc:CPD-14920;ChEBI:74278	MetaCyc:CPD-14920	MetaCyc:CPD-14920	EQ	eQuilibrator:MNXM145714	MetaCyc:CPD-14920@Charged	eQuilibrator:MNXM145714
cpd34451	MetaCyc:CPD-14843@Charged;ChEBI:144444@Charged	MetaCyc:CPD-14843@Charged;ChEBI:144444@Charged	MetaCyc:CPD-14843@Charged;ChEBI:144444@Charged	MetaCyc:CPD-14843@Charged;ChEBI:144444@Charged	MetaCyc:CPD-14843	MetaCyc:CPD-14843	GC	MetaCyc:CPD-14843@Charged	MetaCyc:CPD-14843@Charged	eQuilibrator:MNXM62791
cpd34452	MetaCyc:CPD-14690	MetaCyc:CPD-14690	MetaCyc:CPD-14690	MetaCyc:CPD-14690	MetaCyc:CPD-14690	MetaCyc:CPD-14690	GC	MetaCyc:CPD-14690@Charged	MetaCyc:CPD-14690@Charged	
cpd34453	MetaCyc:CPD-15651	MetaCyc:CPD-15651	MetaCyc:CPD-15651	MetaCyc:CPD-15651	MetaCyc:CPD-15651	MetaCyc:CPD-15651	EQ	eQuilibrator:MNXM147868	MetaCyc:CPD-15651@Charged	eQuilibrator:MNXM147868
cpd34454	MetaCyc:CPD-15714	MetaCyc:CPD-15714	MetaCyc:CPD-15714	MetaCyc:CPD-15714	MetaCyc:CPD-15714	MetaCyc:CPD-15714	EQ	eQuilibrator:MNXM152773	MetaCyc:CPD-15714@Charged	eQuilibrator:MNXM152773
cpd34455	MetaCyc:CPD-21448	MetaCyc:CPD-21448	MetaCyc:CPD-21448	MetaCyc:CPD-21448	MetaCyc:CPD-21448	MetaCyc:CPD-21448	GC	MetaCyc:CPD-21448@Charged	MetaCyc:CPD-21448@Charged	
cpd34456	MetaCyc:CPD-18421	MetaCyc:CPD-18421	MetaCyc:CPD-18421	MetaCyc:CPD-18421	MetaCyc:CPD-18421	MetaCyc:CPD-18421	GC	MetaCyc:CPD-18421@Charged	MetaCyc:CPD-18421@Charged	
cpd34457	MetaCyc:CPD-18381	MetaCyc:CPD-18381	MetaCyc:CPD-18381	MetaCyc:CPD-18381	MetaCyc:CPD-18381	MetaCyc:CPD-18381	EQ	eQuilibrator:MNXM164142	MetaCyc:CPD-18381@Charged	eQuilibrator:MNXM164142
cpd34458	MetaCyc:CPD-16579	MetaCyc:CPD-16579	MetaCyc:CPD-16579	MetaCyc:CPD-16579	MetaCyc:CPD-16579	MetaCyc:CPD-16579	EQ	eQuilibrator:MNXM116932	MetaCyc:CPD-16579@Charged	eQuilibrator:MNXM116932
cpd34459	MetaCyc:CPD-21138	MetaCyc:CPD-21138	MetaCyc:CPD-21138	MetaCyc:CPD-21138	MetaCyc:CPD-21138	MetaCyc:CPD-21138	GC	MetaCyc:CPD-21138@Charged	MetaCyc:CPD-21138@Charged	
cpd34460	MetaCyc:CPD-18335	MetaCyc:CPD-18335	MetaCyc:CPD-18335	MetaCyc:CPD-18335	MetaCyc:CPD-18335	MetaCyc:CPD-18335	EQ	eQuilibrator:MNXM179318	MetaCyc:CPD-18335@Charged	eQuilibrator:MNXM179318
cpd34461	MetaCyc:CPD-17289	MetaCyc:CPD-17289	MetaCyc:CPD-17289	MetaCyc:CPD-17289	MetaCyc:CPD-17289		EQ	eQuilibrator:MNXM31942	MetaCyc:CPD-17289@Charged	eQuilibrator:MNXM31942
cpd34462	MetaCyc:CPD-21516	MetaCyc:CPD-21516	MetaCyc:CPD-21516	MetaCyc:CPD-21516	MetaCyc:CPD-21516	MetaCyc:CPD-21516	GC	MetaCyc:CPD-21516@Charged	MetaCyc:CPD-21516@Charged	
cpd34463	MetaCyc:CPD-15567;ChEBI:87710	MetaCyc:CPD-15567;ChEBI:87710	MetaCyc:CPD-15567;ChEBI:87710	MetaCyc:CPD-15567;ChEBI:87710	MetaCyc:CPD-15567	MetaCyc:CPD-15567	EQ	eQuilibrator:MNXM7189	MetaCyc:CPD-15567@Charged	eQuilibrator:MNXM7189
cpd34464	MetaCyc:CPD-20563@Charged	MetaCyc:CPD-20563@Charged	MetaCyc:CPD-20563@Charged	MetaCyc:CPD-20563@Charged	MetaCyc:CPD-20563	MetaCyc:CPD-20563	GC	MetaCyc:CPD-20563@Charged	MetaCyc:CPD-20563@Charged	
cpd34465	MetaCyc:CPD-18570	MetaCyc:CPD-18570	MetaCyc:CPD-18570	MetaCyc:CPD-18570	MetaCyc:CPD-18570		EQ	eQuilibrator:MNXM62709	MetaCyc:CPD-18570@Charged	eQuilibrator:MNXM62709
cpd34466	MetaCyc:CPD-17802	MetaCyc:CPD-17802	MetaCyc:CPD-17802	MetaCyc:CPD-17802	MetaCyc:CPD-17802	MetaCyc:CPD-17802	EQ	eQuilibrator:MNXM147642	MetaCyc:CPD-17802@Charged	eQuilibrator:MNXM147642
cpd34467	MetaCyc:CPD-20214	MetaCyc:CPD-20214	MetaCyc:CPD-20214	MetaCyc:CPD-20214			GC	MetaCyc:CPD-20214@Charged	MetaCyc:CPD-20214@Charged	
cpd34468	MetaCyc:CPD-20775@Charged	MetaCyc:CPD-20775@Charged	MetaCyc:CPD-20775@Charged	MetaCyc:CPD-20775@Charged	MetaCyc:CPD-20775		GC	MetaCyc:CPD-20775@Charged	MetaCyc:CPD-20775@Charged	
cpd34469	MetaCyc:CPD-19611	MetaCyc:CPD-19611	MetaCyc:CPD-19611	MetaCyc:CPD-19611	MetaCyc:CPD-19611	MetaCyc:CPD-19611	GC	MetaCyc:CPD-19611@Charged	MetaCyc:CPD-19611@Charged	eQuilibrator:MNXM468442
cpd34470	MetaCyc:CPD-21508	MetaCyc:CPD-21508	MetaCyc:CPD-21508	MetaCyc:CPD-21508	MetaCyc:CPD-21508	MetaCyc:CPD-21508	GC	MetaCyc:CPD-21508@Charged	MetaCyc:CPD-21508@Charged	
cpd34471	MetaCyc:CPD-18742	MetaCyc:CPD-18742	MetaCyc:CPD-18742	MetaCyc:CPD-18742	MetaCyc:CPD-18742	MetaCyc:CPD-18742	GC	MetaCyc:CPD-18742@Charged	MetaCyc:CPD-18742@Charged	eQuilibrator:MNXM164155
cpd34472	MetaCyc:CPD-20987	MetaCyc:CPD-20987	MetaCyc:CPD-20987	MetaCyc:CPD-20987	MetaCyc:CPD-20987	MetaCyc:CPD-20987	GC	MetaCyc:CPD-20987@Charged	MetaCyc:CPD-20987@Charged	
cpd34473	MetaCyc:CPD-17966	MetaCyc:CPD-17966	MetaCyc:CPD-17966	MetaCyc:CPD-17966	MetaCyc:CPD-17966	MetaCyc:CPD-17966	EQ	eQuilibrator:MNXM148306	MetaCyc:CPD-17966@Charged	eQuilibrator:MNXM148306
cpd34474	MetaCyc:CPD-20623@Charged	MetaCyc:CPD-20623@Charged	MetaCyc:CPD-20623@Charged	MetaCyc:CPD-20623@Charged	MetaCyc:CPD-20623	MetaCyc:CPD-20623	GC	MetaCyc:CPD-20623@Charged	MetaCyc:CPD-20623@Charged	
cpd34475	MetaCyc:CPD-19701	MetaCyc:CPD-19701	MetaCyc:CPD-19701	MetaCyc:CPD-19701	MetaCyc:CPD-19701	MetaCyc:CPD-19701	EQ	eQuilibrator:MNXM167775	MetaCyc:CPD-19701@Charged	eQuilibrator:MNXM167775
cpd34476	MetaCyc:CPD-14518	MetaCyc:CPD-14518	MetaCyc:CPD-14518	MetaCyc:CPD-14518	MetaCyc:CPD-14518	MetaCyc:CPD-14518	GC	MetaCyc:CPD-14518@Charged	MetaCyc:CPD-14518@Charged	eQuilibrator:MNXM97650
cpd34477	MetaCyc:CPD-20749;ChEBI:142725	MetaCyc:CPD-20749;ChEBI:142725	MetaCyc:CPD-20749;ChEBI:142725	MetaCyc:CPD-20749;ChEBI:142725	MetaCyc:CPD-20749	MetaCyc:CPD-20749	GC	MetaCyc:CPD-20749@Charged	MetaCyc:CPD-20749@Charged	
cpd34478	MetaCyc:CPD-16419;ChEBI:77141	MetaCyc:CPD-16419;ChEBI:77141	MetaCyc:CPD-16419;ChEBI:77141	MetaCyc:CPD-16419;ChEBI:77141	MetaCyc:CPD-16419	MetaCyc:CPD-16419	GC	MetaCyc:CPD-16419@Charged	MetaCyc:CPD-16419@Charged	eQuilibrator:MNXM146559
cpd34479	MetaCyc:CPD-16518;ChEBI:78281	MetaCyc:CPD-16518;ChEBI:78281	MetaCyc:CPD-16518;ChEBI:78281	MetaCyc:CPD-16518;ChEBI:78281	MetaCyc:CPD-16518	MetaCyc:CPD-16518	EQ	eQuilibrator:MNXM145723	MetaCyc:CPD-16518@Charged	eQuilibrator:MNXM145723
cpd34480	MetaCyc:CPD-17075;ChEBI:70467	MetaCyc:CPD-17075;ChEBI:70467	MetaCyc:CPD-17075;ChEBI:70467	MetaCyc:CPD-17075;ChEBI:70467	MetaCyc:CPD-17075	MetaCyc:CPD-17075	EQ	eQuilibrator:MNXM100889	MetaCyc:CPD-17075@Charged	eQuilibrator:MNXM100889
cpd34481	MetaCyc:CPD-17017	MetaCyc:CPD-17017	MetaCyc:CPD-17017	MetaCyc:CPD-17017	MetaCyc:CPD-17017	MetaCyc:CPD-17017	EQ	eQuilibrator:MNXM148181	MetaCyc:CPD-17017@Charged	eQuilibrator:MNXM148181
cpd34482	MetaCyc:CPD-15258	MetaCyc:CPD-15258	MetaCyc:CPD-15258	MetaCyc:CPD-15258	MetaCyc:CPD-15258	MetaCyc:CPD-15258	GC	MetaCyc:CPD-15258@Charged	MetaCyc:CPD-15258@Charged	
cpd34483	MetaCyc:CPD-17587	MetaCyc:CPD-17587	MetaCyc:CPD-17587	MetaCyc:CPD-17587	MetaCyc:CPD-17587	MetaCyc:CPD-17587	EQ	eQuilibrator:MNXM31180	MetaCyc:CPD-17587@Charged	eQuilibrator:MNXM31180
cpd34484	MetaCyc:CPD-20490	MetaCyc:CPD-20490	MetaCyc:CPD-20490	MetaCyc:CPD-20490	MetaCyc:CPD-20490	MetaCyc:CPD-20490	GC	MetaCyc:CPD-20490@Charged	MetaCyc:CPD-20490@Charged	
cpd34485	MetaCyc:CPD-16947	MetaCyc:CPD-16947	MetaCyc:CPD-16947	MetaCyc:CPD-16947	MetaCyc:CPD-16947	MetaCyc:CPD-16947	GC	MetaCyc:CPD-16947@Charged	MetaCyc:CPD-16947@Charged	eQuilibrator:MNXM149067
cpd34486	MetaCyc:CPD-18747@Charged	MetaCyc:CPD-18747@Charged	MetaCyc:CPD-18747@Charged	MetaCyc:CPD-18747@Charged	MetaCyc:CPD-18747	MetaCyc:CPD-18747	GC	MetaCyc:CPD-18747@Charged	MetaCyc:CPD-18747@Charged	
cpd34487	MetaCyc:CPD-18428	MetaCyc:CPD-18428	MetaCyc:CPD-18428	MetaCyc:CPD-18428		MetaCyc:CPD-18428	GC	MetaCyc:CPD-18428@Charged	MetaCyc:CPD-18428@Charged	
cpd34488	MetaCyc:CPD-20930	MetaCyc:CPD-20930	MetaCyc:CPD-20930	MetaCyc:CPD-20930	MetaCyc:CPD-20930	MetaCyc:CPD-20930	EQ	eQuilibrator:MNXM173979	MetaCyc:CPD-20930@Charged	eQuilibrator:MNXM173979
cpd34489	MetaCyc:CPD-18658	MetaCyc:CPD-18658	MetaCyc:CPD-18658	MetaCyc:CPD-18658	MetaCyc:CPD-18658	MetaCyc:CPD-18658	EQ	eQuilibrator:MNXM167363	MetaCyc:CPD-18658@Charged	eQuilibrator:MNXM167363
cpd34490	MetaCyc:CPD-20734	MetaCyc:CPD-20734	MetaCyc:CPD-20734	MetaCyc:CPD-20734	MetaCyc:CPD-20734	MetaCyc:CPD-20734	GC	MetaCyc:CPD-20734@Charged	MetaCyc:CPD-20734@Charged	
cpd34491	MetaCyc:CPD-14990@Charged	MetaCyc:CPD-14990@Charged	MetaCyc:CPD-14990@Charged	MetaCyc:CPD-14990@Charged	MetaCyc:CPD-14990	MetaCyc:CPD-14990	GC	MetaCyc:CPD-14990@Charged	MetaCyc:CPD-14990@Charged	eQuilibrator:MNXM114685
cpd34492	MetaCyc:CPD-17560;ChEBI:84559	MetaCyc:CPD-17560;ChEBI:84559	MetaCyc:CPD-17560;ChEBI:84559	MetaCyc:CPD-17560;ChEBI:84559		MetaCyc:CPD-17560	GC	MetaCyc:CPD-17560@Charged	MetaCyc:CPD-17560@Charged	eQuilibrator:MNXM146492
cpd34493	MetaCyc:CPD-17617;ChEBI:138436	MetaCyc:CPD-17617;ChEBI:138436	MetaCyc:CPD-17617;ChEBI:138436	MetaCyc:CPD-17617;ChEBI:138436	MetaCyc:CPD-17617	MetaCyc:CPD-17617	EQ	eQuilibrator:MNXM159186	MetaCyc:CPD-17617@Charged	eQuilibrator:MNXM159186
cpd34494	MetaCyc:CPD-20966	MetaCyc:CPD-20966	MetaCyc:CPD-20966	MetaCyc:CPD-20966	MetaCyc:CPD-20966	MetaCyc:CPD-20966	GC	MetaCyc:CPD-20966@Charged	MetaCyc:CPD-20966@Charged	
cpd34495	MetaCyc:CPD-15381	MetaCyc:CPD-15381	MetaCyc:CPD-15381	MetaCyc:CPD-15381	MetaCyc:CPD-15381	MetaCyc:CPD-15381	EQ	eQuilibrator:MNXM527799	MetaCyc:CPD-15381@Charged	eQuilibrator:MNXM527799
cpd34496	MetaCyc:CPD-19838@Charged;ChEBI:139570@Charged	MetaCyc:CPD-19838@Charged;ChEBI:139570@Charged	MetaCyc:CPD-19838@Charged;ChEBI:139570@Charged	MetaCyc:CPD-19838@Charged;ChEBI:139570@Charged	MetaCyc:CPD-19838	MetaCyc:CPD-19838	GC	MetaCyc:CPD-19838@Charged	MetaCyc:CPD-19838@Charged	
cpd34497	MetaCyc:CPD-20925	MetaCyc:CPD-20925	MetaCyc:CPD-20925	MetaCyc:CPD-20925	MetaCyc:CPD-20925	MetaCyc:CPD-20925	GC	MetaCyc:CPD-20925@Charged	MetaCyc:CPD-20925@Charged	
cpd34498	MetaCyc:CPD-19248	MetaCyc:CPD-19248	MetaCyc:CPD-19248	MetaCyc:CPD-19248		MetaCyc:CPD-19248	EQ	eQuilibrator:MNXM157895	MetaCyc:CPD-19248@Charged	eQuilibrator:MNXM157895
cpd34499	MetaCyc:CPD-16936@Charged	MetaCyc:CPD-16936@Charged	MetaCyc:CPD-16936@Charged	MetaCyc:CPD-16936@Charged	MetaCyc:CPD-16936	MetaCyc:CPD-16936	EQ	eQuilibrator:MNXM147719	MetaCyc:CPD-16936@Charged	eQuilibrator:MNXM147719
cpd34500	MetaCyc:CPD-14810	MetaCyc:CPD-14810	MetaCyc:CPD-14810	MetaCyc:CPD-14810	MetaCyc:CPD-14810	MetaCyc:CPD-14810	EQ	eQuilibrator:MNXM114597	MetaCyc:CPD-14810@Charged	eQuilibrator:MNXM114597
cpd34501	MetaCyc:CPD-20886@Charged	MetaCyc:CPD-20886@Charged	MetaCyc:CPD-20886@Charged	MetaCyc:CPD-20886@Charged		MetaCyc:CPD-20886	GC	MetaCyc:CPD-20886@Charged	MetaCyc:CPD-20886@Charged	
cpd34502	MetaCyc:CPD-21018	MetaCyc:CPD-21018	MetaCyc:CPD-21018	MetaCyc:CPD-21018	MetaCyc:CPD-21018		EQ	eQuilibrator:MNXM34976	MetaCyc:CPD-21018@Charged	eQuilibrator:MNXM34976
cpd34503	MetaCyc:CPD-17476	MetaCyc:CPD-17476	MetaCyc:CPD-17476	MetaCyc:CPD-17476	MetaCyc:CPD-17476		EQ	eQuilibrator:MNXM29560	MetaCyc:CPD-17476@Charged	eQuilibrator:MNXM29560
cpd34504	MetaCyc:CPD-18468	MetaCyc:CPD-18468	MetaCyc:CPD-18468	MetaCyc:CPD-18468			GC	MetaCyc:CPD-18468@Charged	MetaCyc:CPD-18468@Charged	eQuilibrator:MNXM499588
cpd34505	MetaCyc:CPD-20533	MetaCyc:CPD-20533	MetaCyc:CPD-20533	MetaCyc:CPD-20533	MetaCyc:CPD-20533	MetaCyc:CPD-20533	EQ	eQuilibrator:MNXM64091	MetaCyc:CPD-20533@Charged	eQuilibrator:MNXM64091
cpd34506	MetaCyc:CPD-14860	MetaCyc:CPD-14860	MetaCyc:CPD-14860	MetaCyc:CPD-14860	MetaCyc:CPD-14860	MetaCyc:CPD-14860	GC	MetaCyc:CPD-14860@Charged	MetaCyc:CPD-14860@Charged	eQuilibrator:MNXM42697
cpd34507	MetaCyc:CPD-19824	MetaCyc:CPD-19824	MetaCyc:CPD-19824	MetaCyc:CPD-19824	MetaCyc:CPD-19824	MetaCyc:CPD-19824	GC	MetaCyc:CPD-19824@Charged	MetaCyc:CPD-19824@Charged	
cpd34508	MetaCyc:CPD-18896@Charged	MetaCyc:CPD-18896@Charged		MetaCyc:CPD-18896@Charged	MetaCyc:CPD-18896	MetaCyc:CPD-18896	GC	MetaCyc:CPD-18896@Charged	MetaCyc:CPD-18896@Charged	
cpd34509	MetaCyc:CPD-19591	MetaCyc:CPD-19591	MetaCyc:CPD-19591	MetaCyc:CPD-19591	MetaCyc:CPD-19591	MetaCyc:CPD-19591	GC	MetaCyc:CPD-19591@Charged	MetaCyc:CPD-19591@Charged	eQuilibrator:MNXM489453
cpd34510	MetaCyc:CPD-17350	MetaCyc:CPD-17350	MetaCyc:CPD-17350	MetaCyc:CPD-17350	MetaCyc:CPD-17350		EQ	eQuilibrator:MNXM81623	MetaCyc:CPD-17350@Charged	eQuilibrator:MNXM81623
cpd34511	MetaCyc:CPD-16808@Charged;ChEBI:131706	MetaCyc:CPD-16808@Charged;ChEBI:131706	MetaCyc:CPD-16808@Charged;ChEBI:131706	MetaCyc:CPD-16808@Charged;ChEBI:131706	MetaCyc:CPD-16808	MetaCyc:CPD-16808	EQ	eQuilibrator:MNXM162603	MetaCyc:CPD-16808@Charged	eQuilibrator:MNXM162603
cpd34512	MetaCyc:CPD-16977	MetaCyc:CPD-16977	MetaCyc:CPD-16977	MetaCyc:CPD-16977	MetaCyc:CPD-16977	MetaCyc:CPD-16977	GC	MetaCyc:CPD-16977@Charged	MetaCyc:CPD-16977@Charged	eQuilibrator:MNXM148607
cpd34513	MetaCyc:CPD-18611	MetaCyc:CPD-18611	MetaCyc:CPD-18611	MetaCyc:CPD-18611	MetaCyc:CPD-18611	MetaCyc:CPD-18611	GC	MetaCyc:CPD-18611@Charged	MetaCyc:CPD-18611@Charged	
cpd34514	MetaCyc:CPD-17640;ChEBI:86046	MetaCyc:CPD-17640;ChEBI:86046	MetaCyc:CPD-17640;ChEBI:86046	MetaCyc:CPD-17640;ChEBI:86046	MetaCyc:CPD-17640	MetaCyc:CPD-17640	EQ	eQuilibrator:MNXM101500	MetaCyc:CPD-17640@Charged	eQuilibrator:MNXM101500
cpd34515	MetaCyc:CPD-19539	MetaCyc:CPD-19539	MetaCyc:CPD-19539	MetaCyc:CPD-19539		MetaCyc:CPD-19539	EQ	eQuilibrator:MNXM63863	MetaCyc:CPD-19539@Charged	eQuilibrator:MNXM63863
cpd34516	MetaCyc:CPD-16506;ChEBI:85338	MetaCyc:CPD-16506;ChEBI:85338	MetaCyc:CPD-16506;ChEBI:85338	MetaCyc:CPD-16506;ChEBI:85338	MetaCyc:CPD-16506	MetaCyc:CPD-16506	EQ	eQuilibrator:MNXM59280	MetaCyc:CPD-16506@Charged	eQuilibrator:MNXM59280
cpd34517	MetaCyc:CPD-15617;MetaCyc:Oleandrose	MetaCyc:CPD-15617;MetaCyc:Oleandrose	MetaCyc:CPD-15617;MetaCyc:Oleandrose	MetaCyc:CPD-15617;MetaCyc:Oleandrose	MetaCyc:CPD-15617	MetaCyc:CPD-15617	EQ	eQuilibrator:MNXM65462	MetaCyc:CPD-15617@Charged	eQuilibrator:MNXM65462
cpd34518	MetaCyc:CPD-14455	MetaCyc:CPD-14455	MetaCyc:CPD-14455	MetaCyc:CPD-14455	MetaCyc:CPD-14455	MetaCyc:CPD-14455	GC	MetaCyc:CPD-14455@Charged	MetaCyc:CPD-14455@Charged	eQuilibrator:MNXM97662
cpd34519	MetaCyc:CPD-20672	MetaCyc:CPD-20672	MetaCyc:CPD-20672	MetaCyc:CPD-20672	MetaCyc:CPD-20672	MetaCyc:CPD-20672	GC	MetaCyc:CPD-20672@Charged	MetaCyc:CPD-20672@Charged	
cpd34520	MetaCyc:CPD-20807@Charged	MetaCyc:CPD-20807@Charged	MetaCyc:CPD-20807@Charged	MetaCyc:CPD-20807@Charged	MetaCyc:CPD-20807		GC	MetaCyc:CPD-20807@Charged	MetaCyc:CPD-20807@Charged	
cpd34521	MetaCyc:CPD-19654@Charged	MetaCyc:CPD-19654@Charged	MetaCyc:CPD-19654@Charged	MetaCyc:CPD-19654@Charged	MetaCyc:CPD-19654	MetaCyc:CPD-19654	GC	MetaCyc:CPD-19654@Charged	MetaCyc:CPD-19654@Charged	
cpd34522	MetaCyc:CPD-19247	MetaCyc:CPD-19247	MetaCyc:CPD-19247	MetaCyc:CPD-19247	MetaCyc:CPD-19247	MetaCyc:CPD-19247	EQ	eQuilibrator:MNXM587422	MetaCyc:CPD-19247@Charged	eQuilibrator:MNXM587422
cpd34523	MetaCyc:CPD-16715	MetaCyc:CPD-16715	MetaCyc:CPD-16715	MetaCyc:CPD-16715	MetaCyc:CPD-16715	MetaCyc:CPD-16715	GC	MetaCyc:CPD-16715@Charged	MetaCyc:CPD-16715@Charged	
cpd34524	MetaCyc:CPD0-2543	MetaCyc:CPD0-2543	MetaCyc:CPD0-2543	MetaCyc:CPD0-2543	MetaCyc:CPD0-2543	MetaCyc:CPD0-2543	GC	MetaCyc:CPD0-2543@Charged	MetaCyc:CPD0-2543@Charged	
cpd34525	MetaCyc:CPD66-71	MetaCyc:CPD66-71	MetaCyc:CPD66-71	MetaCyc:CPD66-71	MetaCyc:CPD66-71	MetaCyc:CPD66-71	GC	MetaCyc:CPD66-71@Charged	MetaCyc:CPD66-71@Charged	
cpd34526	MetaCyc:CPD-15830;ChEBI:142501	MetaCyc:CPD-15830;ChEBI:142501	MetaCyc:CPD-15830;ChEBI:142501	MetaCyc:CPD-15830;ChEBI:142501	MetaCyc:CPD-15830	MetaCyc:CPD-15830	GC	MetaCyc:CPD-15830@Charged	MetaCyc:CPD-15830@Charged	eQuilibrator:MNXM147739
cpd34527					MetaCyc:CPD-14852	MetaCyc:CPD-14852	GC			
cpd34528	MetaCyc:CPD-18455	MetaCyc:CPD-18455	MetaCyc:CPD-18455	MetaCyc:CPD-18455	MetaCyc:CPD-18455	MetaCyc:CPD-18455	EQ	eQuilibrator:MNXM487505	MetaCyc:CPD-18455@Charged	eQuilibrator:MNXM487505
cpd34529										
cpd34530	MetaCyc:CPD-15480@Charged	MetaCyc:CPD-15480@Charged	MetaCyc:CPD-15480@Charged	MetaCyc:CPD-15480@Charged	MetaCyc:CPD-15480	MetaCyc:CPD-15480	GC	MetaCyc:CPD-15480@Charged	MetaCyc:CPD-15480@Charged	eQuilibrator:MNXM148681
cpd34531	MetaCyc:CPD-18268	MetaCyc:CPD-18268	MetaCyc:CPD-18268	MetaCyc:CPD-18268	MetaCyc:CPD-18268	MetaCyc:CPD-18268	EQ	eQuilibrator:MNXM481855	MetaCyc:CPD-18268@Charged	eQuilibrator:MNXM481855
cpd34532	MetaCyc:CPD-19922@Charged	MetaCyc:CPD-19922@Charged	MetaCyc:CPD-19922@Charged	MetaCyc:CPD-19922@Charged	MetaCyc:CPD-19922	MetaCyc:CPD-19922	GC	MetaCyc:CPD-19922@Charged	MetaCyc:CPD-19922@Charged	
cpd34533	MetaCyc:CPD-18704;ChEBI:60092	MetaCyc:CPD-18704;ChEBI:60092	MetaCyc:CPD-18704;ChEBI:60092	MetaCyc:CPD-18704;ChEBI:60092	MetaCyc:CPD-18704	MetaCyc:CPD-18704	GC	MetaCyc:CPD-18704@Charged	MetaCyc:CPD-18704@Charged	eQuilibrator:MNXM82193
cpd34534	MetaCyc:CPD-18417	MetaCyc:CPD-18417	MetaCyc:CPD-18417	MetaCyc:CPD-18417	MetaCyc:CPD-18417	MetaCyc:CPD-18417	GC	MetaCyc:CPD-18417@Charged	MetaCyc:CPD-18417@Charged	
cpd34535	MetaCyc:CPD-20147	MetaCyc:CPD-20147	MetaCyc:CPD-20147	MetaCyc:CPD-20147	MetaCyc:CPD-20147	MetaCyc:CPD-20147	GC	MetaCyc:CPD-20147@Charged	MetaCyc:CPD-20147@Charged	
cpd34536	MetaCyc:CPD-17724	MetaCyc:CPD-17724	MetaCyc:CPD-17724	MetaCyc:CPD-17724	MetaCyc:CPD-17724	MetaCyc:CPD-17724	GC	MetaCyc:CPD-17724@Charged	MetaCyc:CPD-17724@Charged	
cpd34537	MetaCyc:CPD-18794	MetaCyc:CPD-18794	MetaCyc:CPD-18794	MetaCyc:CPD-18794	MetaCyc:CPD-18794	MetaCyc:CPD-18794	EQ	eQuilibrator:MNXM163602	MetaCyc:CPD-18794@Charged	eQuilibrator:MNXM163602
cpd34538	MetaCyc:CPD-18550	MetaCyc:CPD-18550	MetaCyc:CPD-18550	MetaCyc:CPD-18550	MetaCyc:CPD-18550	MetaCyc:CPD-18550	GC	MetaCyc:CPD-18550@Charged	MetaCyc:CPD-18550@Charged	eQuilibrator:MNXM165099
cpd34539	MetaCyc:CPD-19101	MetaCyc:CPD-19101	MetaCyc:CPD-19101	MetaCyc:CPD-19101	MetaCyc:CPD-19101	MetaCyc:CPD-19101	EQ	eQuilibrator:MNXM114768	MetaCyc:CPD-19101@Charged	eQuilibrator:MNXM114768
cpd34540	MetaCyc:CPD-18184	MetaCyc:CPD-18184	MetaCyc:CPD-18184	MetaCyc:CPD-18184	MetaCyc:CPD-18184	MetaCyc:CPD-18184	EQ	eQuilibrator:MNXM164398	MetaCyc:CPD-18184@Charged	eQuilibrator:MNXM164398
cpd34541	MetaCyc:CPD-20593;ChEBI:140211	MetaCyc:CPD-20593;ChEBI:140211	MetaCyc:CPD-20593;ChEBI:140211	MetaCyc:CPD-20593;ChEBI:140211	MetaCyc:CPD-20593	MetaCyc:CPD-20593	GC	MetaCyc:CPD-20593@Charged	MetaCyc:CPD-20593@Charged	
cpd34542	MetaCyc:CPD-17676	MetaCyc:CPD-17676	MetaCyc:CPD-17676	MetaCyc:CPD-17676	MetaCyc:CPD-17676	MetaCyc:CPD-17676	GC	MetaCyc:CPD-17676@Charged	MetaCyc:CPD-17676@Charged	
cpd34543	MetaCyc:CPD-20653;ChEBI:142538	MetaCyc:CPD-20653;ChEBI:142538	MetaCyc:CPD-20653;ChEBI:142538	MetaCyc:CPD-20653;ChEBI:142538			GC	MetaCyc:CPD-20653@Charged	MetaCyc:CPD-20653@Charged	
cpd34544	MetaCyc:CPD-16609	MetaCyc:CPD-16609	MetaCyc:CPD-16609	MetaCyc:CPD-16609	MetaCyc:CPD-16609	MetaCyc:CPD-16609	EQ	eQuilibrator:MNXM116464	MetaCyc:CPD-16609@Charged	eQuilibrator:MNXM116464
cpd34545	MetaCyc:CPD-20089	MetaCyc:CPD-20089	MetaCyc:CPD-20089	MetaCyc:CPD-20089	MetaCyc:CPD-20089	MetaCyc:CPD-20089	GC	MetaCyc:CPD-20089@Charged	MetaCyc:CPD-20089@Charged	
cpd34546	MetaCyc:CPD-17535	MetaCyc:CPD-17535	MetaCyc:CPD-17535	MetaCyc:CPD-17535	MetaCyc:CPD-17535	MetaCyc:CPD-17535	GC	MetaCyc:CPD-17535@Charged	MetaCyc:CPD-17535@Charged	eQuilibrator:MNXM153377
cpd34547	MetaCyc:CPD-16735	MetaCyc:CPD-16735	MetaCyc:CPD-16735	MetaCyc:CPD-16735	MetaCyc:CPD-16735	MetaCyc:CPD-16735	GC	MetaCyc:CPD-16735@Charged	MetaCyc:CPD-16735@Charged	
cpd34548	MetaCyc:CPD-17848@Charged	MetaCyc:CPD-17848@Charged	MetaCyc:CPD-17848@Charged	MetaCyc:CPD-17848@Charged	MetaCyc:CPD-17848		EQ	eQuilibrator:MNXM153039	MetaCyc:CPD-17848@Charged	eQuilibrator:MNXM153039
cpd34549	MetaCyc:CPD-14915;ChEBI:74280	MetaCyc:CPD-14915;ChEBI:74280	MetaCyc:CPD-14915;ChEBI:74280	MetaCyc:CPD-14915;ChEBI:74280	MetaCyc:CPD-14915	MetaCyc:CPD-14915	EQ	eQuilibrator:MNXM146686	MetaCyc:CPD-14915@Charged	eQuilibrator:MNXM146686
cpd34550	MetaCyc:CPD66-74	MetaCyc:CPD66-74	MetaCyc:CPD66-74	MetaCyc:CPD66-74	MetaCyc:CPD66-74	MetaCyc:CPD66-74	GC	MetaCyc:CPD66-74@Charged	MetaCyc:CPD66-74@Charged	
cpd34551	MetaCyc:CPD-15429	MetaCyc:CPD-15429	MetaCyc:CPD-15429	MetaCyc:CPD-15429	MetaCyc:CPD-15429	MetaCyc:CPD-15429	EQ	eQuilibrator:MNXM146533	MetaCyc:CPD-15429@Charged	eQuilibrator:MNXM146533
cpd34552	MetaCyc:CPD-18934;ChEBI:131783	MetaCyc:CPD-18934;ChEBI:131783	MetaCyc:CPD-18934;ChEBI:131783	MetaCyc:CPD-18934;ChEBI:131783	MetaCyc:CPD-18934	MetaCyc:CPD-18934	EQ	eQuilibrator:MNXM162759	MetaCyc:CPD-18934@Charged	eQuilibrator:MNXM162759
cpd34553	MetaCyc:CPD-20165	MetaCyc:CPD-20165	MetaCyc:CPD-20165	MetaCyc:CPD-20165			GC	MetaCyc:CPD-20165@Charged	MetaCyc:CPD-20165@Charged	
cpd34554	MetaCyc:CPD-20800@Charged;ChEBI:140440@Charged	MetaCyc:CPD-20800@Charged;ChEBI:140440@Charged	MetaCyc:CPD-20800@Charged;ChEBI:140440@Charged	MetaCyc:CPD-20800@Charged;ChEBI:140440@Charged	MetaCyc:CPD-20800		GC	MetaCyc:CPD-20800@Charged	MetaCyc:CPD-20800@Charged	
cpd34555	MetaCyc:CPD-20407	MetaCyc:CPD-20407	MetaCyc:CPD-20407	MetaCyc:CPD-20407	MetaCyc:CPD-20407	MetaCyc:CPD-20407	GC	MetaCyc:CPD-20407@Charged	MetaCyc:CPD-20407@Charged	
cpd34556	MetaCyc:CPD-20141;ChEBI:167713@Charged	MetaCyc:CPD-20141;ChEBI:167713@Charged	MetaCyc:CPD-20141;ChEBI:167713@Charged	MetaCyc:CPD-20141;ChEBI:167713@Charged	MetaCyc:CPD-20141	MetaCyc:CPD-20141	GC	MetaCyc:CPD-20141@Charged	MetaCyc:CPD-20141@Charged	
cpd34557	MetaCyc:CPD-15892	MetaCyc:CPD-15892	MetaCyc:CPD-15892	MetaCyc:CPD-15892	MetaCyc:CPD-15892	MetaCyc:CPD-15892	GC	MetaCyc:CPD-15892@Charged	MetaCyc:CPD-15892@Charged	eQuilibrator:MNXM158653
cpd34558	MetaCyc:CPD-18256	MetaCyc:CPD-18256	MetaCyc:CPD-18256	MetaCyc:CPD-18256	MetaCyc:CPD-18256	MetaCyc:CPD-18256	GC	MetaCyc:CPD-18256@Charged	MetaCyc:CPD-18256@Charged	eQuilibrator:MNXM167452
cpd34559	MetaCyc:CPD-18564	MetaCyc:CPD-18564	MetaCyc:CPD-18564	MetaCyc:CPD-18564	MetaCyc:CPD-18564	MetaCyc:CPD-18564	EQ	eQuilibrator:MNXM167357	MetaCyc:CPD-18564@Charged	eQuilibrator:MNXM167357
cpd34560	MetaCyc:CPD-19233	MetaCyc:CPD-19233	MetaCyc:CPD-19233	MetaCyc:CPD-19233		MetaCyc:CPD-19233	EQ	eQuilibrator:MNXM47492	MetaCyc:CPD-19233@Charged	eQuilibrator:MNXM47492
cpd34561										
cpd34562	MetaCyc:CPD-15886	MetaCyc:CPD-15886	MetaCyc:CPD-15886	MetaCyc:CPD-15886	MetaCyc:CPD-15886	MetaCyc:CPD-15886	EQ	eQuilibrator:MNXM148561	MetaCyc:CPD-15886@Charged	eQuilibrator:MNXM148561
cpd34563	MetaCyc:CPD-19441@Charged	MetaCyc:CPD-19441@Charged	MetaCyc:CPD-19441@Charged	MetaCyc:CPD-19441@Charged	MetaCyc:CPD-19441	MetaCyc:CPD-19441	GC	MetaCyc:CPD-19441@Charged	MetaCyc:CPD-19441@Charged	
cpd34564	MetaCyc:CPD-20621	MetaCyc:CPD-20621	MetaCyc:CPD-20621	MetaCyc:CPD-20621	MetaCyc:CPD-20621	MetaCyc:CPD-20621	GC	MetaCyc:CPD-20621@Charged	MetaCyc:CPD-20621@Charged	
cpd34565	MetaCyc:CPD-18549@Charged	MetaCyc:CPD-18549@Charged	MetaCyc:CPD-18549@Charged	MetaCyc:CPD-18549@Charged	MetaCyc:CPD-18549	MetaCyc:CPD-18549	EQ	eQuilibrator:MNXM165196	MetaCyc:CPD-18549@Charged	eQuilibrator:MNXM165196
cpd34566	MetaCyc:CPD-18072	MetaCyc:CPD-18072	MetaCyc:CPD-18072	MetaCyc:CPD-18072	MetaCyc:CPD-18072	MetaCyc:CPD-18072	GC	MetaCyc:CPD-18072@Charged	MetaCyc:CPD-18072@Charged	eQuilibrator:MNXM147746
cpd34567	MetaCyc:CPD-18672	MetaCyc:CPD-18672	MetaCyc:CPD-18672	MetaCyc:CPD-18672	MetaCyc:CPD-18672	MetaCyc:CPD-18672	EQ	eQuilibrator:MNXM164636	MetaCyc:CPD-18672@Charged	eQuilibrator:MNXM164636
cpd34568	MetaCyc:CPD-20329	MetaCyc:CPD-20329	MetaCyc:CPD-20329	MetaCyc:CPD-20329	MetaCyc:CPD-20329	MetaCyc:CPD-20329	EQ	eQuilibrator:MNXM63518	MetaCyc:CPD-20329@Charged	eQuilibrator:MNXM63518
cpd34569	MetaCyc:CPD-15303	MetaCyc:CPD-15303	MetaCyc:CPD-15303	MetaCyc:CPD-15303	MetaCyc:CPD-15303	MetaCyc:CPD-15303	EQ	eQuilibrator:MNXM4196	MetaCyc:CPD-15303@Charged	eQuilibrator:MNXM4196
cpd34570	MetaCyc:CPD-16624	MetaCyc:CPD-16624	MetaCyc:CPD-16624	MetaCyc:CPD-16624	MetaCyc:CPD-16624	MetaCyc:CPD-16624	GC	MetaCyc:CPD-16624@Charged	MetaCyc:CPD-16624@Charged	
cpd34571	MetaCyc:CPD-20454	MetaCyc:CPD-20454	MetaCyc:CPD-20454	MetaCyc:CPD-20454	MetaCyc:CPD-20454	MetaCyc:CPD-20454	GC	MetaCyc:CPD-20454@Charged	MetaCyc:CPD-20454@Charged	
cpd34572	MetaCyc:CPD-15663;ChEBI:76292	MetaCyc:CPD-15663;ChEBI:76292	MetaCyc:CPD-15663;ChEBI:76292	MetaCyc:CPD-15663;ChEBI:76292	MetaCyc:CPD-15663	MetaCyc:CPD-15663	EQ	eQuilibrator:MNXM145877	MetaCyc:CPD-15663@Charged	eQuilibrator:MNXM145877
cpd34573	MetaCyc:CPD-17616	MetaCyc:CPD-17616	MetaCyc:CPD-17616	MetaCyc:CPD-17616	MetaCyc:CPD-17616	MetaCyc:CPD-17616	EQ	eQuilibrator:MNXM147871	MetaCyc:CPD-17616@Charged	eQuilibrator:MNXM147871
cpd34574	MetaCyc:CPD-14804	MetaCyc:CPD-14804	MetaCyc:CPD-14804	MetaCyc:CPD-14804	MetaCyc:CPD-14804	MetaCyc:CPD-14804	EQ	eQuilibrator:MNXM56484	MetaCyc:CPD-14804@Charged	eQuilibrator:MNXM56484
cpd34575	MetaCyc:CPD-17225	MetaCyc:CPD-17225	MetaCyc:CPD-17225	MetaCyc:CPD-17225	MetaCyc:CPD-17225	MetaCyc:CPD-17225	EQ	eQuilibrator:MNXM149279	MetaCyc:CPD-17225@Charged	eQuilibrator:MNXM149279
cpd34576	MetaCyc:CPD-18327	MetaCyc:CPD-18327	MetaCyc:CPD-18327	MetaCyc:CPD-18327	MetaCyc:CPD-18327	MetaCyc:CPD-18327	GC	MetaCyc:CPD-18327@Charged	MetaCyc:CPD-18327@Charged	eQuilibrator:MNXM163932
cpd34577	MetaCyc:CPD-15018;ChEBI:71361	MetaCyc:CPD-15018;ChEBI:71361	MetaCyc:CPD-15018;ChEBI:71361	MetaCyc:CPD-15018;ChEBI:71361	MetaCyc:CPD-15018	MetaCyc:CPD-15018	GC	MetaCyc:CPD-15018@Charged	MetaCyc:CPD-15018@Charged	
cpd34578	MetaCyc:CPD-17822	MetaCyc:CPD-17822	MetaCyc:CPD-17822	MetaCyc:CPD-17822	MetaCyc:CPD-17822	MetaCyc:CPD-17822	EQ	eQuilibrator:MNXM152763	MetaCyc:CPD-17822@Charged	eQuilibrator:MNXM152763
cpd34579	MetaCyc:CPD-16846@Charged	MetaCyc:CPD-16846@Charged	MetaCyc:CPD-16846@Charged	MetaCyc:CPD-16846@Charged	MetaCyc:CPD-16846	MetaCyc:CPD-16846	GC	MetaCyc:CPD-16846@Charged	MetaCyc:CPD-16846@Charged	
cpd34580	MetaCyc:CPD-21214	MetaCyc:CPD-21214	MetaCyc:CPD-21214	MetaCyc:CPD-21214		MetaCyc:CPD-21214	GC	MetaCyc:CPD-21214@Charged	MetaCyc:CPD-21214@Charged	
cpd34581	MetaCyc:CPD-19691	MetaCyc:CPD-19691	MetaCyc:CPD-19691	MetaCyc:CPD-19691	MetaCyc:CPD-19691	MetaCyc:CPD-19691	GC	MetaCyc:CPD-19691@Charged	MetaCyc:CPD-19691@Charged	eQuilibrator:MNXM167289
cpd34582	MetaCyc:CPD-16584;ChEBI:137673	MetaCyc:CPD-16584;ChEBI:137673	MetaCyc:CPD-16584;ChEBI:137673	MetaCyc:CPD-16584;ChEBI:137673	MetaCyc:CPD-16584		GC	MetaCyc:CPD-16584@Charged	MetaCyc:CPD-16584@Charged	eQuilibrator:MNXM147381
cpd34583	MetaCyc:CPD-16717;ChEBI:75550	MetaCyc:CPD-16717;ChEBI:75550	MetaCyc:CPD-16717;ChEBI:75550	MetaCyc:CPD-16717;ChEBI:75550	MetaCyc:CPD-16717	MetaCyc:CPD-16717	EQ	eQuilibrator:MNXM163090	MetaCyc:CPD-16717@Charged	eQuilibrator:MNXM163090
cpd34584	MetaCyc:CPD-20086;ChEBI:137564	MetaCyc:CPD-20086;ChEBI:137564	MetaCyc:CPD-20086;ChEBI:137564	MetaCyc:CPD-20086;ChEBI:137564	MetaCyc:CPD-20086	MetaCyc:CPD-20086	GC	MetaCyc:CPD-20086@Charged	MetaCyc:CPD-20086@Charged	
cpd34585	MetaCyc:CPD-15777	MetaCyc:CPD-15777	MetaCyc:CPD-15777	MetaCyc:CPD-15777	MetaCyc:CPD-15777	MetaCyc:CPD-15777	GC	MetaCyc:CPD-15777@Charged	MetaCyc:CPD-15777@Charged	
cpd34586	MetaCyc:CPD-20819@Charged	MetaCyc:CPD-20819@Charged	MetaCyc:CPD-20819@Charged	MetaCyc:CPD-20819@Charged	MetaCyc:CPD-20819		GC	MetaCyc:CPD-20819@Charged	MetaCyc:CPD-20819@Charged	
cpd34587	MetaCyc:CPD-18873@Charged	MetaCyc:CPD-18873@Charged		MetaCyc:CPD-18873@Charged	MetaCyc:CPD-18873	MetaCyc:CPD-18873	GC	MetaCyc:CPD-18873@Charged	MetaCyc:CPD-18873@Charged	
cpd34588	MetaCyc:CPD-20056	MetaCyc:CPD-20056	MetaCyc:CPD-20056	MetaCyc:CPD-20056	MetaCyc:CPD-20056	MetaCyc:CPD-20056	GC	MetaCyc:CPD-20056@Charged	MetaCyc:CPD-20056@Charged	
cpd34589	MetaCyc:CPD-15380	MetaCyc:CPD-15380	MetaCyc:CPD-15380	MetaCyc:CPD-15380	MetaCyc:CPD-15380	MetaCyc:CPD-15380	EQ	eQuilibrator:MNXM147700	MetaCyc:CPD-15380@Charged	eQuilibrator:MNXM147700
cpd34590	MetaCyc:CPD-17445	MetaCyc:CPD-17445	MetaCyc:CPD-17445	MetaCyc:CPD-17445		MetaCyc:CPD-17445	GC	MetaCyc:CPD-17445@Charged	MetaCyc:CPD-17445@Charged	
cpd34591	MetaCyc:CPD-18646	MetaCyc:CPD-18646	MetaCyc:CPD-18646	MetaCyc:CPD-18646	MetaCyc:CPD-18646	MetaCyc:CPD-18646	GC	MetaCyc:CPD-18646@Charged	MetaCyc:CPD-18646@Charged	eQuilibrator:MNXM512159
cpd34592	MetaCyc:CPD-20434	MetaCyc:CPD-20434	MetaCyc:CPD-20434	MetaCyc:CPD-20434	MetaCyc:CPD-20434	MetaCyc:CPD-20434	GC	MetaCyc:CPD-20434@Charged	MetaCyc:CPD-20434@Charged	
cpd34593	MetaCyc:CPD-21531	MetaCyc:CPD-21531	MetaCyc:CPD-21531	MetaCyc:CPD-21531	MetaCyc:CPD-21531	MetaCyc:CPD-21531	GC	MetaCyc:CPD-21531@Charged	MetaCyc:CPD-21531@Charged	
cpd34594	MetaCyc:CPD-21476	MetaCyc:CPD-21476	MetaCyc:CPD-21476	MetaCyc:CPD-21476	MetaCyc:CPD-21476	MetaCyc:CPD-21476	GC	MetaCyc:CPD-21476@Charged	MetaCyc:CPD-21476@Charged	
cpd34595	MetaCyc:CPD-17829	MetaCyc:CPD-17829	MetaCyc:CPD-17829	MetaCyc:CPD-17829	MetaCyc:CPD-17829		EQ	eQuilibrator:MNXM152996	MetaCyc:CPD-17829@Charged	eQuilibrator:MNXM152996
cpd34596	MetaCyc:CPD-19331	MetaCyc:CPD-19331	MetaCyc:CPD-19331	MetaCyc:CPD-19331	MetaCyc:CPD-19331		EQ	eQuilibrator:MNXM62704	MetaCyc:CPD-19331@Charged	eQuilibrator:MNXM62704
cpd34597	MetaCyc:CPD-21363	MetaCyc:CPD-21363	MetaCyc:CPD-21363	MetaCyc:CPD-21363	MetaCyc:CPD-21363	MetaCyc:CPD-21363	GC	MetaCyc:CPD-21363@Charged	MetaCyc:CPD-21363@Charged	
cpd34598	MetaCyc:CPD-19843;ChEBI:134356	MetaCyc:CPD-19843;ChEBI:134356	MetaCyc:CPD-19843;ChEBI:134356	MetaCyc:CPD-19843;ChEBI:134356		MetaCyc:CPD-19843	EQ	eQuilibrator:MNXM163228	MetaCyc:CPD-19843@Charged	eQuilibrator:MNXM163228
cpd34599	MetaCyc:CPD-20028	MetaCyc:CPD-20028	MetaCyc:CPD-20028	MetaCyc:CPD-20028	MetaCyc:CPD-20028	MetaCyc:CPD-20028	GC	MetaCyc:CPD-20028@Charged	MetaCyc:CPD-20028@Charged	
cpd34600	MetaCyc:CPD-15761	MetaCyc:CPD-15761	MetaCyc:CPD-15761	MetaCyc:CPD-15761	MetaCyc:CPD-15761	MetaCyc:CPD-15761	EQ	eQuilibrator:MNXM491851	MetaCyc:CPD-15761@Charged	eQuilibrator:MNXM491851
cpd34601	MetaCyc:CPD-20110;ChEBI:138039	MetaCyc:CPD-20110;ChEBI:138039	MetaCyc:CPD-20110;ChEBI:138039	MetaCyc:CPD-20110;ChEBI:138039			GC	MetaCyc:CPD-20110@Charged	MetaCyc:CPD-20110@Charged	
cpd34602	MetaCyc:CPD-17124@Charged	MetaCyc:CPD-17124@Charged	MetaCyc:CPD-17124@Charged	MetaCyc:CPD-17124@Charged	MetaCyc:CPD-17124	MetaCyc:CPD-17124	EQ		MetaCyc:CPD-17124@Charged	
cpd34603	MetaCyc:CPD-20282	MetaCyc:CPD-20282	MetaCyc:CPD-20282	MetaCyc:CPD-20282	MetaCyc:CPD-20282		EQ	eQuilibrator:MNXM25183	MetaCyc:CPD-20282@Charged	eQuilibrator:MNXM25183
cpd34604	MetaCyc:CPD-19945	MetaCyc:CPD-19945	MetaCyc:CPD-19945	MetaCyc:CPD-19945	MetaCyc:CPD-19945	MetaCyc:CPD-19945	GC	MetaCyc:CPD-19945@Charged	MetaCyc:CPD-19945@Charged	
cpd34605	MetaCyc:CPD-15455	MetaCyc:CPD-15455	MetaCyc:CPD-15455	MetaCyc:CPD-15455	MetaCyc:CPD-15455	MetaCyc:CPD-15455	GC	MetaCyc:CPD-15455@Charged	MetaCyc:CPD-15455@Charged	eQuilibrator:MNXM100967
cpd34606	MetaCyc:CPD-17367;ChEBI:76415	MetaCyc:CPD-17367;ChEBI:76415	MetaCyc:CPD-17367;ChEBI:76415	MetaCyc:CPD-17367;ChEBI:76415	MetaCyc:CPD-17367	MetaCyc:CPD-17367	EQ	eQuilibrator:MNXM145827	MetaCyc:CPD-17367@Charged	eQuilibrator:MNXM145827
cpd34607	MetaCyc:CPD-17131@Charged	MetaCyc:CPD-17131@Charged	MetaCyc:CPD-17131@Charged	MetaCyc:CPD-17131@Charged	MetaCyc:CPD-17131	MetaCyc:CPD-17131	EQ		MetaCyc:CPD-17131@Charged	
cpd34608	MetaCyc:CPD-19468	MetaCyc:CPD-19468	MetaCyc:CPD-19468	MetaCyc:CPD-19468	MetaCyc:CPD-19468	MetaCyc:CPD-19468	EQ	eQuilibrator:MNXM1147	MetaCyc:CPD-19468@Charged	eQuilibrator:MNXM1147
cpd34609	MetaCyc:CPD-14766;ChEBI:138635	MetaCyc:CPD-14766;ChEBI:138635	MetaCyc:CPD-14766;ChEBI:138635	MetaCyc:CPD-14766;ChEBI:138635	MetaCyc:CPD-14766	MetaCyc:CPD-14766	EQ		MetaCyc:CPD-14766@Charged	
cpd34610	MetaCyc:CPD-17510;ChEBI:84354	MetaCyc:CPD-17510;ChEBI:84354	MetaCyc:CPD-17510;ChEBI:84354	MetaCyc:CPD-17510;ChEBI:84354	MetaCyc:CPD-17510	MetaCyc:CPD-17510	EQ	eQuilibrator:MNXM145736	MetaCyc:CPD-17510@Charged	eQuilibrator:MNXM145736
cpd34611	MetaCyc:CPD-18437	MetaCyc:CPD-18437	MetaCyc:CPD-18437	MetaCyc:CPD-18437	MetaCyc:CPD-18437	MetaCyc:CPD-18437	EQ	eQuilibrator:MNXM164228	MetaCyc:CPD-18437@Charged	eQuilibrator:MNXM164228
cpd34612	MetaCyc:CPD-21020	MetaCyc:CPD-21020	MetaCyc:CPD-21020	MetaCyc:CPD-21020	MetaCyc:CPD-21020	MetaCyc:CPD-21020	GC	MetaCyc:CPD-21020@Charged	MetaCyc:CPD-21020@Charged	
cpd34613	MetaCyc:CPD-17392	MetaCyc:CPD-17392	MetaCyc:CPD-17392	MetaCyc:CPD-17392	MetaCyc:CPD-17392	MetaCyc:CPD-17392	GC	MetaCyc:CPD-17392@Charged	MetaCyc:CPD-17392@Charged	
cpd34614	MetaCyc:CPD-16659;ChEBI:78588@Charged	MetaCyc:CPD-16659;ChEBI:78588@Charged	MetaCyc:CPD-16659;ChEBI:78588@Charged	MetaCyc:CPD-16659;ChEBI:78588@Charged	MetaCyc:CPD-16659	MetaCyc:CPD-16659	EQ	eQuilibrator:MNXM146514	MetaCyc:CPD-16659@Charged	eQuilibrator:MNXM146514
cpd34615	MetaCyc:CPD-19978	MetaCyc:CPD-19978	MetaCyc:CPD-19978	MetaCyc:CPD-19978	MetaCyc:CPD-19978	MetaCyc:CPD-19978	GC	MetaCyc:CPD-19978@Charged	MetaCyc:CPD-19978@Charged	
cpd34616	MetaCyc:CPD-21035	MetaCyc:CPD-21035	MetaCyc:CPD-21035	MetaCyc:CPD-21035	MetaCyc:CPD-21035	MetaCyc:CPD-21035	GC	MetaCyc:CPD-21035@Charged	MetaCyc:CPD-21035@Charged	
cpd34617	MetaCyc:CPD-18777	MetaCyc:CPD-18777	MetaCyc:CPD-18777	MetaCyc:CPD-18777	MetaCyc:CPD-18777	MetaCyc:CPD-18777	EQ	eQuilibrator:MNXM163851	MetaCyc:CPD-18777@Charged	eQuilibrator:MNXM163851
cpd34618	MetaCyc:CPD-15041	MetaCyc:CPD-15041	MetaCyc:CPD-15041	MetaCyc:CPD-15041@Charged	MetaCyc:CPD-15041	MetaCyc:CPD-15041	EQ	eQuilibrator:MNXM441	MetaCyc:CPD-15041@Charged	eQuilibrator:MNXM441
cpd34619	MetaCyc:CPD-15272@Charged	MetaCyc:CPD-15272@Charged	MetaCyc:CPD-15272@Charged	MetaCyc:CPD-15272@Charged	MetaCyc:CPD-15272	MetaCyc:CPD-15272	GC	MetaCyc:CPD-15272@Charged	MetaCyc:CPD-15272@Charged	
cpd34620	MetaCyc:CPD-18958;ChEBI:52342	MetaCyc:CPD-18958;ChEBI:52342	MetaCyc:CPD-18958;ChEBI:52342	MetaCyc:CPD-18958;ChEBI:52342		MetaCyc:CPD-18958	GC	MetaCyc:CPD-18958@Charged	MetaCyc:CPD-18958@Charged	eQuilibrator:MNXM52766
cpd34621	MetaCyc:CPD-15677	MetaCyc:CPD-15677	MetaCyc:CPD-15677	MetaCyc:CPD-15677	MetaCyc:CPD-15677	MetaCyc:CPD-15677	EQ	eQuilibrator:MNXM147840	MetaCyc:CPD-15677@Charged	eQuilibrator:MNXM147840
cpd34622	MetaCyc:CPD-21241	MetaCyc:CPD-21241	MetaCyc:CPD-21241	MetaCyc:CPD-21241	MetaCyc:CPD-21241	MetaCyc:CPD-21241	GC	MetaCyc:CPD-21241@Charged	MetaCyc:CPD-21241@Charged	
cpd34623	MetaCyc:CPD-19395	MetaCyc:CPD-19395	MetaCyc:CPD-19395	MetaCyc:CPD-19395	MetaCyc:CPD-19395	MetaCyc:CPD-19395	EQ	eQuilibrator:MNXM164789	MetaCyc:CPD-19395@Charged	eQuilibrator:MNXM164789
cpd34624	MetaCyc:CPD-17565@Charged	MetaCyc:CPD-17565@Charged	MetaCyc:CPD-17565@Charged	MetaCyc:CPD-17565@Charged		MetaCyc:CPD-17565	GC	MetaCyc:CPD-17565@Charged	MetaCyc:CPD-17565@Charged	
cpd34625	MetaCyc:CPD-16672	MetaCyc:CPD-16672	MetaCyc:CPD-16672	MetaCyc:CPD-16672	MetaCyc:CPD-16672	MetaCyc:CPD-16672	GC	MetaCyc:CPD-16672@Charged	MetaCyc:CPD-16672@Charged	
cpd34626	MetaCyc:CPD-18155@Charged	MetaCyc:CPD-18155@Charged	MetaCyc:CPD-18155@Charged	MetaCyc:CPD-18155@Charged	MetaCyc:CPD-18155	MetaCyc:CPD-18155	EQ		MetaCyc:CPD-18155@Charged	
cpd34627	MetaCyc:CPD-20509	MetaCyc:CPD-20509	MetaCyc:CPD-20509	MetaCyc:CPD-20509	MetaCyc:CPD-20509	MetaCyc:CPD-20509	GC	MetaCyc:CPD-20509@Charged	MetaCyc:CPD-20509@Charged	
cpd34628	MetaCyc:CPD-16516;ChEBI:78620	MetaCyc:CPD-16516;ChEBI:78620	MetaCyc:CPD-16516;ChEBI:78620	MetaCyc:CPD-16516;ChEBI:78620	MetaCyc:CPD-16516	MetaCyc:CPD-16516	EQ	eQuilibrator:MNXM146352	MetaCyc:CPD-16516@Charged	eQuilibrator:MNXM146352
cpd34629	MetaCyc:CPD-15614;MetaCyc:L-Colitose	MetaCyc:CPD-15614;MetaCyc:L-Colitose	MetaCyc:CPD-15614;MetaCyc:L-Colitose	MetaCyc:CPD-15614;MetaCyc:L-Colitose	MetaCyc:CPD-15614	MetaCyc:CPD-15614	GC	MetaCyc:CPD-15614@Charged	MetaCyc:CPD-15614@Charged	
cpd34630	MetaCyc:CPD-18210@Charged	MetaCyc:CPD-18210@Charged	MetaCyc:CPD-18210@Charged	MetaCyc:CPD-18210@Charged	MetaCyc:CPD-18210	MetaCyc:CPD-18210	GC	MetaCyc:CPD-18210@Charged	MetaCyc:CPD-18210@Charged	
cpd34631	MetaCyc:CPD-15219	MetaCyc:CPD-15219	MetaCyc:CPD-15219	MetaCyc:CPD-15219	MetaCyc:CPD-15219	MetaCyc:CPD-15219	EQ	eQuilibrator:MNXM155061	MetaCyc:CPD-15219@Charged	eQuilibrator:MNXM155061
cpd34632	MetaCyc:CPD-18536	MetaCyc:CPD-18536	MetaCyc:CPD-18536	MetaCyc:CPD-18536@Charged	MetaCyc:CPD-18536	MetaCyc:CPD-18536	EQ	eQuilibrator:MNXM164240	MetaCyc:CPD-18536@Charged	eQuilibrator:MNXM164240
cpd34633	MetaCyc:CPD-16984	MetaCyc:CPD-16984	MetaCyc:CPD-16984	MetaCyc:CPD-16984	MetaCyc:CPD-16984	MetaCyc:CPD-16984	GC	MetaCyc:CPD-16984@Charged	MetaCyc:CPD-16984@Charged	eQuilibrator:MNXM148085
cpd34634	MetaCyc:CPD-17846@Charged	MetaCyc:CPD-17846@Charged	MetaCyc:CPD-17846@Charged	MetaCyc:CPD-17846@Charged	MetaCyc:CPD-17846		EQ	eQuilibrator:MNXM152998	MetaCyc:CPD-17846@Charged	eQuilibrator:MNXM152998
cpd34635	MetaCyc:CPD-19096	MetaCyc:CPD-19096	MetaCyc:CPD-19096	MetaCyc:CPD-19096	MetaCyc:CPD-19096	MetaCyc:CPD-19096	EQ	eQuilibrator:MNXM165247	MetaCyc:CPD-19096@Charged	eQuilibrator:MNXM165247
cpd34636	MetaCyc:CPD-20367	MetaCyc:CPD-20367	MetaCyc:CPD-20367	MetaCyc:CPD-20367	MetaCyc:CPD-20367	MetaCyc:CPD-20367	GC	MetaCyc:CPD-20367@Charged	MetaCyc:CPD-20367@Charged	
cpd34637	MetaCyc:CPD-16831	MetaCyc:CPD-16831	MetaCyc:CPD-16831	MetaCyc:CPD-16831	MetaCyc:CPD-16831	MetaCyc:CPD-16831	GC	MetaCyc:CPD-16831@Charged	MetaCyc:CPD-16831@Charged	eQuilibrator:MNXM152894
cpd34638	MetaCyc:CPD-15535	MetaCyc:CPD-15535	MetaCyc:CPD-15535	MetaCyc:CPD-15535	MetaCyc:CPD-15535	MetaCyc:CPD-15535	GC	MetaCyc:CPD-15535@Charged	MetaCyc:CPD-15535@Charged	
cpd34639	MetaCyc:CPD-17347;ChEBI:76408	MetaCyc:CPD-17347;ChEBI:76408	MetaCyc:CPD-17347;ChEBI:76408	MetaCyc:CPD-17347;ChEBI:76408	MetaCyc:CPD-17347	MetaCyc:CPD-17347	EQ	eQuilibrator:MNXM145826	MetaCyc:CPD-17347@Charged	eQuilibrator:MNXM145826
cpd34640	MetaCyc:CPD-16958	MetaCyc:CPD-16958	MetaCyc:CPD-16958	MetaCyc:CPD-16958	MetaCyc:CPD-16958	MetaCyc:CPD-16958	GC	MetaCyc:CPD-16958@Charged	MetaCyc:CPD-16958@Charged	
cpd34641	MetaCyc:CPD-18030@Charged	MetaCyc:CPD-18030@Charged		MetaCyc:CPD-18030@Charged	MetaCyc:CPD-18030	MetaCyc:CPD-18030	GC	MetaCyc:CPD-18030@Charged	MetaCyc:CPD-18030@Charged	
cpd34642	MetaCyc:CPD-19076;ChEBI:86520	MetaCyc:CPD-19076;ChEBI:86520	MetaCyc:CPD-19076;ChEBI:86520	MetaCyc:CPD-19076;ChEBI:86520	MetaCyc:CPD-19076	MetaCyc:CPD-19076	EQ	eQuilibrator:MNXM149359	MetaCyc:CPD-19076@Charged	eQuilibrator:MNXM149359
cpd34643	MetaCyc:CPD-20356	MetaCyc:CPD-20356	MetaCyc:CPD-20356	MetaCyc:CPD-20356	MetaCyc:CPD-20356	MetaCyc:CPD-20356	EQ	eQuilibrator:MNXM160491	MetaCyc:CPD-20356@Charged	eQuilibrator:MNXM160491
cpd34644	MetaCyc:CPD-16408@Charged;ChEBI:131639@Charged	MetaCyc:CPD-16408@Charged;ChEBI:131639@Charged	MetaCyc:CPD-16408@Charged;ChEBI:131639@Charged	MetaCyc:CPD-16408@Charged;ChEBI:131639@Charged	MetaCyc:CPD-16408	MetaCyc:CPD-16408	GC	MetaCyc:CPD-16408@Charged	MetaCyc:CPD-16408@Charged	eQuilibrator:MNXM148254
cpd34645	MetaCyc:CPD-16464	MetaCyc:CPD-16464	MetaCyc:CPD-16464	MetaCyc:CPD-16464	MetaCyc:CPD-16464	MetaCyc:CPD-16464	GC	MetaCyc:CPD-16464@Charged	MetaCyc:CPD-16464@Charged	
cpd34646	MetaCyc:CPD-14605@Charged	MetaCyc:CPD-14605@Charged	MetaCyc:CPD-14605@Charged	MetaCyc:CPD-14605@Charged	MetaCyc:CPD-14605	MetaCyc:CPD-14605	EQ	eQuilibrator:MNXM97647	MetaCyc:CPD-14605@Charged	eQuilibrator:MNXM97647
cpd34647	MetaCyc:CPD-20465;ChEBI:139073	MetaCyc:CPD-20465;ChEBI:139073	MetaCyc:CPD-20465;ChEBI:139073	MetaCyc:CPD-20465;ChEBI:139073	MetaCyc:CPD-20465	MetaCyc:CPD-20465	GC	MetaCyc:CPD-20465@Charged	MetaCyc:CPD-20465@Charged	
cpd34648	MetaCyc:CPD-15249@Charged	MetaCyc:CPD-15249@Charged	MetaCyc:CPD-15249@Charged	MetaCyc:CPD-15249@Charged	MetaCyc:CPD-15249	MetaCyc:CPD-15249	GC	MetaCyc:CPD-15249@Charged	MetaCyc:CPD-15249@Charged	
cpd34649	MetaCyc:CPD-18130	MetaCyc:CPD-18130	MetaCyc:CPD-18130	MetaCyc:CPD-18130	MetaCyc:CPD-18130	MetaCyc:CPD-18130	GC	MetaCyc:CPD-18130@Charged	MetaCyc:CPD-18130@Charged	eQuilibrator:MNXM167075
cpd34650	MetaCyc:CPD-19267	MetaCyc:CPD-19267	MetaCyc:CPD-19267	MetaCyc:CPD-19267	MetaCyc:CPD-19267	MetaCyc:CPD-19267	EQ	eQuilibrator:MNXM167614	MetaCyc:CPD-19267@Charged	eQuilibrator:MNXM167614
cpd34651	MetaCyc:CPD-19203	MetaCyc:CPD-19203	MetaCyc:CPD-19203	MetaCyc:CPD-19203	MetaCyc:CPD-19203	MetaCyc:CPD-19203	EQ	eQuilibrator:MNXM164703	MetaCyc:CPD-19203@Charged	eQuilibrator:MNXM164703
cpd34652	MetaCyc:CPD-19182	MetaCyc:CPD-19182		MetaCyc:CPD-19182		MetaCyc:CPD-19182	GC	MetaCyc:CPD-19182@Charged	MetaCyc:CPD-19182@Charged	
cpd34653	MetaCyc:CPD-15475;ChEBI:78375	MetaCyc:CPD-15475;ChEBI:78375	MetaCyc:CPD-15475;ChEBI:78375	MetaCyc:CPD-15475;ChEBI:78375	MetaCyc:CPD-15475	MetaCyc:CPD-15475	EQ	eQuilibrator:MNXM146152	MetaCyc:CPD-15475@Charged	eQuilibrator:MNXM146152
cpd34654	MetaCyc:CPD-15908	MetaCyc:CPD-15908	MetaCyc:CPD-15908	MetaCyc:CPD-15908	MetaCyc:CPD-15908	MetaCyc:CPD-15908	EQ	eQuilibrator:MNXM147887	MetaCyc:CPD-15908@Charged	eQuilibrator:MNXM147887
cpd34655	MetaCyc:CPD-19991	MetaCyc:CPD-19991	MetaCyc:CPD-19991	MetaCyc:CPD-19991	MetaCyc:CPD-19991	MetaCyc:CPD-19991	GC	MetaCyc:CPD-19991@Charged	MetaCyc:CPD-19991@Charged	
cpd34656	MetaCyc:CPD-16523	MetaCyc:CPD-16523	MetaCyc:CPD-16523	MetaCyc:CPD-16523	MetaCyc:CPD-16523	MetaCyc:CPD-16523	EQ	eQuilibrator:MNXM147714	MetaCyc:CPD-16523@Charged	eQuilibrator:MNXM147714
cpd34657	MetaCyc:CPD-18575	MetaCyc:CPD-18575	MetaCyc:CPD-18575	MetaCyc:CPD-18575	MetaCyc:CPD-18575	MetaCyc:CPD-18575	EQ	eQuilibrator:MNXM165022	MetaCyc:CPD-18575@Charged	eQuilibrator:MNXM165022
cpd34658	MetaCyc:CPD-20908@Charged	MetaCyc:CPD-20908@Charged		MetaCyc:CPD-20908@Charged	MetaCyc:CPD-20908	MetaCyc:CPD-20908	GC	MetaCyc:CPD-20908@Charged	MetaCyc:CPD-20908@Charged	
cpd34659	MetaCyc:CPD-18796;ChEBI:87733	MetaCyc:CPD-18796;ChEBI:87733	MetaCyc:CPD-18796;ChEBI:87733	MetaCyc:CPD-18796;ChEBI:87733	MetaCyc:CPD-18796	MetaCyc:CPD-18796	GC	MetaCyc:CPD-18796@Charged	MetaCyc:CPD-18796@Charged	eQuilibrator:MNXM162542
cpd34660	MetaCyc:CPD-19091	MetaCyc:CPD-19091	MetaCyc:CPD-19091	MetaCyc:CPD-19091		MetaCyc:CPD-19091	EQ	eQuilibrator:MNXM50784	MetaCyc:CPD-19091@Charged	eQuilibrator:MNXM50784
cpd34661	MetaCyc:CPD-20797@Charged;ChEBI:140442@Charged	MetaCyc:CPD-20797@Charged;ChEBI:140442@Charged	MetaCyc:CPD-20797@Charged;ChEBI:140442@Charged	MetaCyc:CPD-20797@Charged;ChEBI:140442@Charged	MetaCyc:CPD-20797		GC	MetaCyc:CPD-20797@Charged	MetaCyc:CPD-20797@Charged	
cpd34662	MetaCyc:CPD-17048	MetaCyc:CPD-17048	MetaCyc:CPD-17048	MetaCyc:CPD-17048	MetaCyc:CPD-17048	MetaCyc:CPD-17048	EQ	eQuilibrator:MNXM147769	MetaCyc:CPD-17048@Charged	eQuilibrator:MNXM147769
cpd34663	MetaCyc:CPD-14959	MetaCyc:CPD-14959	MetaCyc:CPD-14959	MetaCyc:CPD-14959			GC	MetaCyc:CPD-14959@Charged	MetaCyc:CPD-14959@Charged	
cpd34664	MetaCyc:CPD-20742	MetaCyc:CPD-20742		MetaCyc:CPD-20742	MetaCyc:CPD-20742	MetaCyc:CPD-20742	GC	MetaCyc:CPD-20742@Charged	MetaCyc:CPD-20742@Charged	
cpd34665	MetaCyc:CPD-18864@Charged	MetaCyc:CPD-18864@Charged		MetaCyc:CPD-18864@Charged	MetaCyc:CPD-18864	MetaCyc:CPD-18864	GC	MetaCyc:CPD-18864@Charged	MetaCyc:CPD-18864@Charged	
cpd34666	MetaCyc:CPD-20067;ChEBI:137168	MetaCyc:CPD-20067;ChEBI:137168	MetaCyc:CPD-20067;ChEBI:137168	MetaCyc:CPD-20067;ChEBI:137168	MetaCyc:CPD-20067	MetaCyc:CPD-20067	GC	MetaCyc:CPD-20067@Charged	MetaCyc:CPD-20067@Charged	
cpd34667	MetaCyc:CPD66-82	MetaCyc:CPD66-82	MetaCyc:CPD66-82	MetaCyc:CPD66-82	MetaCyc:CPD66-82	MetaCyc:CPD66-82	EQ		MetaCyc:CPD66-82@Charged	
cpd34668	MetaCyc:CPD-18875@Charged	MetaCyc:CPD-18875@Charged		MetaCyc:CPD-18875@Charged	MetaCyc:CPD-18875	MetaCyc:CPD-18875	GC	MetaCyc:CPD-18875@Charged	MetaCyc:CPD-18875@Charged	
cpd34669	MetaCyc:CPD-17839	MetaCyc:CPD-17839	MetaCyc:CPD-17839	MetaCyc:CPD-17839	MetaCyc:CPD-17839	MetaCyc:CPD-17839	EQ	eQuilibrator:MNXM51503	MetaCyc:CPD-17839@Charged	eQuilibrator:MNXM51503
cpd34670	MetaCyc:CPD-21001	MetaCyc:CPD-21001	MetaCyc:CPD-21001	MetaCyc:CPD-21001	MetaCyc:CPD-21001	MetaCyc:CPD-21001	GC	MetaCyc:CPD-21001@Charged	MetaCyc:CPD-21001@Charged	
cpd34671	MetaCyc:CPD-17443	MetaCyc:CPD-17443	MetaCyc:CPD-17443	MetaCyc:CPD-17443	MetaCyc:CPD-17443	MetaCyc:CPD-17443	EQ	eQuilibrator:MNXM128449	MetaCyc:CPD-17443@Charged	eQuilibrator:MNXM128449
cpd34672	MetaCyc:CPD-17374	MetaCyc:CPD-17374	MetaCyc:CPD-17374	MetaCyc:CPD-17374	MetaCyc:CPD-17374	MetaCyc:CPD-17374	EQ	eQuilibrator:MNXM148520	MetaCyc:CPD-17374@Charged	eQuilibrator:MNXM148520
cpd34673	MetaCyc:CPD-15884	MetaCyc:CPD-15884	MetaCyc:CPD-15884	MetaCyc:CPD-15884	MetaCyc:CPD-15884	MetaCyc:CPD-15884	GC	MetaCyc:CPD-15884@Charged	MetaCyc:CPD-15884@Charged	eQuilibrator:MNXM161712
cpd34674	MetaCyc:CPD-21156	MetaCyc:CPD-21156	MetaCyc:CPD-21156	MetaCyc:CPD-21156		MetaCyc:CPD-21156	GC	MetaCyc:CPD-21156@Charged	MetaCyc:CPD-21156@Charged	
cpd34675	MetaCyc:CPD-19424@Charged	MetaCyc:CPD-19424@Charged	MetaCyc:CPD-19424@Charged	MetaCyc:CPD-19424@Charged	MetaCyc:CPD-19424	MetaCyc:CPD-19424	GC	MetaCyc:CPD-19424@Charged	MetaCyc:CPD-19424@Charged	
cpd34676	MetaCyc:CPD-15190;ChEBI:142618	MetaCyc:CPD-15190;ChEBI:142618	MetaCyc:CPD-15190;ChEBI:142618	MetaCyc:CPD-15190;ChEBI:142618	MetaCyc:CPD-15190	MetaCyc:CPD-15190	EQ	eQuilibrator:MNXM147780	MetaCyc:CPD-15190@Charged	eQuilibrator:MNXM147780
cpd34677	MetaCyc:CPD-17409	MetaCyc:CPD-17409	MetaCyc:CPD-17409	MetaCyc:CPD-17409	MetaCyc:CPD-17409	MetaCyc:CPD-17409	GC	MetaCyc:CPD-17409@Charged	MetaCyc:CPD-17409@Charged	eQuilibrator:MNXM149052
cpd34678	MetaCyc:CPD-15061;ChEBI:63553	MetaCyc:CPD-15061;ChEBI:63553	MetaCyc:CPD-15061;ChEBI:63553	MetaCyc:CPD-15061;ChEBI:63553	MetaCyc:CPD-15061	MetaCyc:CPD-15061	EQ	eQuilibrator:MNXM6708	MetaCyc:CPD-15061@Charged	eQuilibrator:MNXM6708
cpd34679	MetaCyc:CPD-14734	MetaCyc:CPD-14734	MetaCyc:CPD-14734	MetaCyc:CPD-14734	MetaCyc:CPD-14734	MetaCyc:CPD-14734	EQ	eQuilibrator:MNXM97930	MetaCyc:CPD-14734@Charged	eQuilibrator:MNXM97930
cpd34680	MetaCyc:CPD-20327	MetaCyc:CPD-20327	MetaCyc:CPD-20327	MetaCyc:CPD-20327	MetaCyc:CPD-20327	MetaCyc:CPD-20327	GC	MetaCyc:CPD-20327@Charged	MetaCyc:CPD-20327@Charged	
cpd34681	MetaCyc:CPD-14441	MetaCyc:CPD-14441	MetaCyc:CPD-14441	MetaCyc:CPD-14441	MetaCyc:CPD-14441	MetaCyc:CPD-14441	GC	MetaCyc:CPD-14441@Charged	MetaCyc:CPD-14441@Charged	
cpd34682	MetaCyc:CPD-20243;ChEBI:138946	MetaCyc:CPD-20243;ChEBI:138946	MetaCyc:CPD-20243;ChEBI:138946	MetaCyc:CPD-20243;ChEBI:138946	MetaCyc:CPD-20243	MetaCyc:CPD-20243	GC	MetaCyc:CPD-20243@Charged	MetaCyc:CPD-20243@Charged	
cpd34683	MetaCyc:CPD-14900	MetaCyc:CPD-14900	MetaCyc:CPD-14900	MetaCyc:CPD-14900	MetaCyc:CPD-14900	MetaCyc:CPD-14900	GC	MetaCyc:CPD-14900@Charged	MetaCyc:CPD-14900@Charged	eQuilibrator:MNXM78378
cpd34684	MetaCyc:CPD-14780	MetaCyc:CPD-14780	MetaCyc:CPD-14780	MetaCyc:CPD-14780	MetaCyc:CPD-14780	MetaCyc:CPD-14780	EQ	eQuilibrator:MNXM114665	MetaCyc:CPD-14780@Charged	eQuilibrator:MNXM114665
cpd34685	MetaCyc:MONOMER0-4342@Charged;ChEBI:140658@Charged	MetaCyc:MONOMER0-4342@Charged;ChEBI:140658@Charged		MetaCyc:MONOMER0-4342@Charged;ChEBI:140658@Charged	MetaCyc:MONOMER0-4342	MetaCyc:MONOMER0-4342	GC	MetaCyc:MONOMER0-4342@Charged	MetaCyc:MONOMER0-4342@Charged	
cpd34686	MetaCyc:CPD-19609	MetaCyc:CPD-19609	MetaCyc:CPD-19609	MetaCyc:CPD-19609	MetaCyc:CPD-19609	MetaCyc:CPD-19609	GC	MetaCyc:CPD-19609@Charged	MetaCyc:CPD-19609@Charged	eQuilibrator:MNXM470951
cpd34687	MetaCyc:CPD0-2539	MetaCyc:CPD0-2539	MetaCyc:CPD0-2539	MetaCyc:CPD0-2539	MetaCyc:CPD0-2539	MetaCyc:CPD0-2539				
cpd34688	MetaCyc:CPD-19157	MetaCyc:CPD-19157	MetaCyc:CPD-19157	MetaCyc:CPD-19157	MetaCyc:CPD-19157	MetaCyc:CPD-19157	EQ	eQuilibrator:MNXM164255	MetaCyc:CPD-19157@Charged	eQuilibrator:MNXM164255
cpd34689	MetaCyc:CPD-19080	MetaCyc:CPD-19080	MetaCyc:CPD-19080	MetaCyc:CPD-19080	MetaCyc:CPD-19080	MetaCyc:CPD-19080	EQ	eQuilibrator:MNXM30835	MetaCyc:CPD-19080@Charged	eQuilibrator:MNXM30835
cpd34690	MetaCyc:CPD-19007	MetaCyc:CPD-19007	MetaCyc:CPD-19007	MetaCyc:CPD-19007	MetaCyc:CPD-19007	MetaCyc:CPD-19007	GC	MetaCyc:CPD-19007@Charged	MetaCyc:CPD-19007@Charged	eQuilibrator:MNXM163659
cpd34691	MetaCyc:CPD-20499	MetaCyc:CPD-20499	MetaCyc:CPD-20499	MetaCyc:CPD-20499@Charged	MetaCyc:CPD-20499	MetaCyc:CPD-20499	GC	MetaCyc:CPD-20499@Charged	MetaCyc:CPD-20499@Charged	
cpd34692	MetaCyc:CPD-20492	MetaCyc:CPD-20492	MetaCyc:CPD-20492	MetaCyc:CPD-20492	MetaCyc:CPD-20492	MetaCyc:CPD-20492	GC	MetaCyc:CPD-20492@Charged	MetaCyc:CPD-20492@Charged	
cpd34693	MetaCyc:CPD-18103;ChEBI:138943	MetaCyc:CPD-18103;ChEBI:138943	MetaCyc:CPD-18103;ChEBI:138943	MetaCyc:CPD-18103;ChEBI:138943	MetaCyc:CPD-18103	MetaCyc:CPD-18103	GC	MetaCyc:CPD-18103@Charged	MetaCyc:CPD-18103@Charged	
cpd34694	MetaCyc:CPD-17878	MetaCyc:CPD-17878	MetaCyc:CPD-17878	MetaCyc:CPD-17878	MetaCyc:CPD-17878	MetaCyc:CPD-17878	EQ		MetaCyc:CPD-17878@Charged	
cpd34695	MetaCyc:CPD-20888	MetaCyc:CPD-20888	MetaCyc:CPD-20888	MetaCyc:CPD-20888			EQ	eQuilibrator:MNXM46200	MetaCyc:CPD-20888@Charged	eQuilibrator:MNXM46200
cpd34696	MetaCyc:CPD-21407	MetaCyc:CPD-21407		MetaCyc:CPD-21407	MetaCyc:CPD-21407	MetaCyc:CPD-21407	GC	MetaCyc:CPD-21407@Charged	MetaCyc:CPD-21407@Charged	
cpd34697	MetaCyc:CPD-18786;ChEBI:91252	MetaCyc:CPD-18786;ChEBI:91252	MetaCyc:CPD-18786;ChEBI:91252	MetaCyc:CPD-18786;ChEBI:91252	MetaCyc:CPD-18786	MetaCyc:CPD-18786	EQ	eQuilibrator:MNXM162719	MetaCyc:CPD-18786@Charged	eQuilibrator:MNXM162719
cpd34698	MetaCyc:CPD-16970	MetaCyc:CPD-16970	MetaCyc:CPD-16970	MetaCyc:CPD-16970	MetaCyc:CPD-16970	MetaCyc:CPD-16970	GC	MetaCyc:CPD-16970@Charged	MetaCyc:CPD-16970@Charged	eQuilibrator:MNXM53991
cpd34699	MetaCyc:CPD-15172	MetaCyc:CPD-15172	MetaCyc:CPD-15172	MetaCyc:CPD-15172	MetaCyc:CPD-15172	MetaCyc:CPD-15172	GC	MetaCyc:CPD-15172@Charged	MetaCyc:CPD-15172@Charged	
cpd34700	MetaCyc:CPD-17807	MetaCyc:CPD-17807	MetaCyc:CPD-17807	MetaCyc:CPD-17807	MetaCyc:CPD-17807	MetaCyc:CPD-17807	EQ	eQuilibrator:MNXM26742	MetaCyc:CPD-17807@Charged	eQuilibrator:MNXM26742
cpd34701	MetaCyc:CPD-20609	MetaCyc:CPD-20609	MetaCyc:CPD-20609	MetaCyc:CPD-20609	MetaCyc:CPD-20609	MetaCyc:CPD-20609	GC	MetaCyc:CPD-20609@Charged	MetaCyc:CPD-20609@Charged	
cpd34702	MetaCyc:CPD-16495@Charged	MetaCyc:CPD-16495@Charged	MetaCyc:CPD-16495@Charged	MetaCyc:CPD-16495@Charged	MetaCyc:CPD-16495	MetaCyc:CPD-16495	GC	MetaCyc:CPD-16495@Charged	MetaCyc:CPD-16495@Charged	
cpd34703	MetaCyc:CPD-20018	MetaCyc:CPD-20018	MetaCyc:CPD-20018	MetaCyc:CPD-20018		MetaCyc:CPD-20018	GC	MetaCyc:CPD-20018@Charged	MetaCyc:CPD-20018@Charged	
cpd34704	MetaCyc:CPD-18342	MetaCyc:CPD-18342	MetaCyc:CPD-18342	MetaCyc:CPD-18342	MetaCyc:CPD-18342	MetaCyc:CPD-18342	GC	MetaCyc:CPD-18342@Charged	MetaCyc:CPD-18342@Charged	eQuilibrator:MNXM588475
cpd34705	MetaCyc:CPD-21452	MetaCyc:CPD-21452	MetaCyc:CPD-21452	MetaCyc:CPD-21452	MetaCyc:CPD-21452	MetaCyc:CPD-21452	GC	MetaCyc:CPD-21452@Charged	MetaCyc:CPD-21452@Charged	
cpd34706	MetaCyc:CPD-20723	MetaCyc:CPD-20723	MetaCyc:CPD-20723	MetaCyc:CPD-20723	MetaCyc:CPD-20723	MetaCyc:CPD-20723	GC	MetaCyc:CPD-20723@Charged	MetaCyc:CPD-20723@Charged	
cpd34707	MetaCyc:CPD-20759@Charged;ChEBI:140647@Charged	MetaCyc:CPD-20759@Charged;ChEBI:140647@Charged	MetaCyc:CPD-20759@Charged;ChEBI:140647@Charged	MetaCyc:CPD-20759@Charged;ChEBI:140647@Charged	MetaCyc:CPD-20759	MetaCyc:CPD-20759	GC	MetaCyc:CPD-20759@Charged	MetaCyc:CPD-20759@Charged	
cpd34708	MetaCyc:CPD-17637;ChEBI:84921	MetaCyc:CPD-17637;ChEBI:84921	MetaCyc:CPD-17637;ChEBI:84921	MetaCyc:CPD-17637;ChEBI:84921	MetaCyc:CPD-17637	MetaCyc:CPD-17637	EQ	eQuilibrator:MNXM28700	MetaCyc:CPD-17637@Charged	eQuilibrator:MNXM28700
cpd34709	MetaCyc:CPD-19857	MetaCyc:CPD-19857	MetaCyc:CPD-19857	MetaCyc:CPD-19857		MetaCyc:CPD-19857	GC	MetaCyc:CPD-19857@Charged	MetaCyc:CPD-19857@Charged	
cpd34710	MetaCyc:CPD-19732	MetaCyc:CPD-19732	MetaCyc:CPD-19732	MetaCyc:CPD-19732	MetaCyc:CPD-19732	MetaCyc:CPD-19732	GC	MetaCyc:CPD-19732@Charged	MetaCyc:CPD-19732@Charged	
cpd34711	MetaCyc:CPD-17232	MetaCyc:CPD-17232	MetaCyc:CPD-17232	MetaCyc:CPD-17232	MetaCyc:CPD-17232	MetaCyc:CPD-17232	GC	MetaCyc:CPD-17232@Charged	MetaCyc:CPD-17232@Charged	
cpd34712	MetaCyc:CPD-19316@Charged	MetaCyc:CPD-19316@Charged	MetaCyc:CPD-19316@Charged	MetaCyc:CPD-19316@Charged	MetaCyc:CPD-19316	MetaCyc:CPD-19316	GC	MetaCyc:CPD-19316@Charged	MetaCyc:CPD-19316@Charged	eQuilibrator:MNXM521797
cpd34713	MetaCyc:CPD-18396	MetaCyc:CPD-18396	MetaCyc:CPD-18396	MetaCyc:CPD-18396	MetaCyc:CPD-18396	MetaCyc:CPD-18396	GC	MetaCyc:CPD-18396@Charged	MetaCyc:CPD-18396@Charged	
cpd34714	MetaCyc:CPD-17176	MetaCyc:CPD-17176	MetaCyc:CPD-17176	MetaCyc:CPD-17176	MetaCyc:CPD-17176	MetaCyc:CPD-17176	EQ	eQuilibrator:MNXM149010	MetaCyc:CPD-17176@Charged	eQuilibrator:MNXM149010
cpd34715	MetaCyc:CPD-19817	MetaCyc:CPD-19817	MetaCyc:CPD-19817	MetaCyc:CPD-19817	MetaCyc:CPD-19817	MetaCyc:CPD-19817	GC	MetaCyc:CPD-19817@Charged	MetaCyc:CPD-19817@Charged	
cpd34716	MetaCyc:CPD-20049	MetaCyc:CPD-20049	MetaCyc:CPD-20049	MetaCyc:CPD-20049	MetaCyc:CPD-20049	MetaCyc:CPD-20049	GC	MetaCyc:CPD-20049@Charged	MetaCyc:CPD-20049@Charged	eQuilibrator:MNXM525946
cpd34717	MetaCyc:CPD-18191@Charged	MetaCyc:CPD-18191@Charged	MetaCyc:CPD-18191@Charged	MetaCyc:CPD-18191@Charged	MetaCyc:CPD-18191	MetaCyc:CPD-18191	GC	MetaCyc:CPD-18191@Charged	MetaCyc:CPD-18191@Charged	
cpd34718	MetaCyc:CPD-20097	MetaCyc:CPD-20097	MetaCyc:CPD-20097	MetaCyc:CPD-20097			GC	MetaCyc:CPD-20097@Charged	MetaCyc:CPD-20097@Charged	
cpd34719	MetaCyc:CPD-20422	MetaCyc:CPD-20422	MetaCyc:CPD-20422	MetaCyc:CPD-20422	MetaCyc:CPD-20422	MetaCyc:CPD-20422	GC	MetaCyc:CPD-20422@Charged	MetaCyc:CPD-20422@Charged	
cpd34720	MetaCyc:CPD-21421	MetaCyc:CPD-21421	MetaCyc:CPD-21421	MetaCyc:CPD-21421	MetaCyc:CPD-21421	MetaCyc:CPD-21421	GC	MetaCyc:CPD-21421@Charged	MetaCyc:CPD-21421@Charged	
cpd34721	MetaCyc:CPD-18357	MetaCyc:CPD-18357	MetaCyc:CPD-18357	MetaCyc:CPD-18357	MetaCyc:CPD-18357	MetaCyc:CPD-18357	EQ		MetaCyc:CPD-18357@Charged	
cpd34722	MetaCyc:CPD-17455@Charged	MetaCyc:CPD-17455@Charged	MetaCyc:CPD-17455@Charged	MetaCyc:CPD-17455@Charged	MetaCyc:CPD-17455	MetaCyc:CPD-17455	GC	MetaCyc:CPD-17455@Charged	MetaCyc:CPD-17455@Charged	eQuilibrator:MNXM148356
cpd34723	MetaCyc:CPD-14964	MetaCyc:CPD-14964	MetaCyc:CPD-14964	MetaCyc:CPD-14964	MetaCyc:CPD-14964	MetaCyc:CPD-14964	GC	MetaCyc:CPD-14964@Charged	MetaCyc:CPD-14964@Charged	
cpd34724	MetaCyc:CPD-20760@Charged	MetaCyc:CPD-20760@Charged	MetaCyc:CPD-20760@Charged	MetaCyc:CPD-20760@Charged	MetaCyc:CPD-20760	MetaCyc:CPD-20760	GC	MetaCyc:CPD-20760@Charged	MetaCyc:CPD-20760@Charged	
cpd34725	MetaCyc:CPD-18609	MetaCyc:CPD-18609	MetaCyc:CPD-18609	MetaCyc:CPD-18609	MetaCyc:CPD-18609	MetaCyc:CPD-18609	GC	MetaCyc:CPD-18609@Charged	MetaCyc:CPD-18609@Charged	
cpd34726	MetaCyc:CPD-15195	MetaCyc:CPD-15195	MetaCyc:CPD-15195	MetaCyc:CPD-15195	MetaCyc:CPD-15195	MetaCyc:CPD-15195	EQ	eQuilibrator:MNXM147723	MetaCyc:CPD-15195@Charged	eQuilibrator:MNXM147723
cpd34727	MetaCyc:CPD-21498;ChEBI:143007	MetaCyc:CPD-21498;ChEBI:143007	MetaCyc:CPD-21498;ChEBI:143007	MetaCyc:CPD-21498;ChEBI:143007	MetaCyc:CPD-21498	MetaCyc:CPD-21498	GC	MetaCyc:CPD-21498@Charged	MetaCyc:CPD-21498@Charged	
cpd34728	MetaCyc:CPD-14988@Charged	MetaCyc:CPD-14988@Charged	MetaCyc:CPD-14988@Charged	MetaCyc:CPD-14988@Charged	MetaCyc:CPD-14988	MetaCyc:CPD-14988	GC	MetaCyc:CPD-14988@Charged	MetaCyc:CPD-14988@Charged	eQuilibrator:MNXM114690
cpd34729	MetaCyc:CPD-19191	MetaCyc:CPD-19191	MetaCyc:CPD-19191	MetaCyc:CPD-19191	MetaCyc:CPD-19191	MetaCyc:CPD-19191	EQ	eQuilibrator:MNXM525844	MetaCyc:CPD-19191@Charged	eQuilibrator:MNXM525844
cpd34730	MetaCyc:CPD-18584	MetaCyc:CPD-18584	MetaCyc:CPD-18584	MetaCyc:CPD-18584	MetaCyc:CPD-18584		EQ	eQuilibrator:MNXM496907	MetaCyc:CPD-18584@Charged	eQuilibrator:MNXM496907
cpd34731	MetaCyc:CPD-21458	MetaCyc:CPD-21458	MetaCyc:CPD-21458	MetaCyc:CPD-21458	MetaCyc:CPD-21458	MetaCyc:CPD-21458	GC	MetaCyc:CPD-21458@Charged	MetaCyc:CPD-21458@Charged	
cpd34732	MetaCyc:CPD-17737@Charged	MetaCyc:CPD-17737@Charged	MetaCyc:CPD-17737@Charged	MetaCyc:CPD-17737@Charged	MetaCyc:CPD-17737	MetaCyc:CPD-17737	GC	MetaCyc:CPD-17737@Charged	MetaCyc:CPD-17737@Charged	
cpd34733	MetaCyc:CPD-17482	MetaCyc:CPD-17482	MetaCyc:CPD-17482	MetaCyc:CPD-17482	MetaCyc:CPD-17482	MetaCyc:CPD-17482	EQ	eQuilibrator:MNXM148677	MetaCyc:CPD-17482@Charged	eQuilibrator:MNXM148677
cpd34734	MetaCyc:CPD-16666;ChEBI:78370	MetaCyc:CPD-16666;ChEBI:78370	MetaCyc:CPD-16666;ChEBI:78370	MetaCyc:CPD-16666;ChEBI:78370	MetaCyc:CPD-16666	MetaCyc:CPD-16666	GC	MetaCyc:CPD-16666@Charged	MetaCyc:CPD-16666@Charged	
cpd34735	MetaCyc:CPD-17747	MetaCyc:CPD-17747	MetaCyc:CPD-17747	MetaCyc:CPD-17747	MetaCyc:CPD-17747	MetaCyc:CPD-17747	EQ	eQuilibrator:MNXM147832	MetaCyc:CPD-17747@Charged	eQuilibrator:MNXM147832
cpd34736	MetaCyc:CPD-17685	MetaCyc:CPD-17685	MetaCyc:CPD-17685	MetaCyc:CPD-17685	MetaCyc:CPD-17685	MetaCyc:CPD-17685	GC	MetaCyc:CPD-17685@Charged	MetaCyc:CPD-17685@Charged	
cpd34737	MetaCyc:CPD-20036@Charged	MetaCyc:CPD-20036@Charged	MetaCyc:CPD-20036@Charged	MetaCyc:CPD-20036@Charged	MetaCyc:CPD-20036	MetaCyc:CPD-20036	GC	MetaCyc:CPD-20036@Charged	MetaCyc:CPD-20036@Charged	
cpd34738	MetaCyc:CPD-18199@Charged	MetaCyc:CPD-18199@Charged	MetaCyc:CPD-18199@Charged	MetaCyc:CPD-18199@Charged	MetaCyc:CPD-18199	MetaCyc:CPD-18199	GC	MetaCyc:CPD-18199@Charged	MetaCyc:CPD-18199@Charged	
cpd34739	MetaCyc:CPD-19198	MetaCyc:CPD-19198	MetaCyc:CPD-19198	MetaCyc:CPD-19198	MetaCyc:CPD-19198	MetaCyc:CPD-19198	GC	MetaCyc:CPD-19198@Charged	MetaCyc:CPD-19198@Charged	
cpd34740	MetaCyc:CPD-20510;ChEBI:137355	MetaCyc:CPD-20510;ChEBI:137355	MetaCyc:CPD-20510;ChEBI:137355	MetaCyc:CPD-20510;ChEBI:137355	MetaCyc:CPD-20510	MetaCyc:CPD-20510	GC	MetaCyc:CPD-20510@Charged	MetaCyc:CPD-20510@Charged	
cpd34741										
cpd34742	MetaCyc:CPD-17069@Charged	MetaCyc:CPD-17069@Charged	MetaCyc:CPD-17069@Charged	MetaCyc:CPD-17069@Charged	MetaCyc:CPD-17069	MetaCyc:CPD-17069	GC	MetaCyc:CPD-17069@Charged	MetaCyc:CPD-17069@Charged	
cpd34743	MetaCyc:CPD-20032;ChEBI:142866	MetaCyc:CPD-20032;ChEBI:142866	MetaCyc:CPD-20032;ChEBI:142866	MetaCyc:CPD-20032;ChEBI:142866	MetaCyc:CPD-20032	MetaCyc:CPD-20032	GC	MetaCyc:CPD-20032@Charged	MetaCyc:CPD-20032@Charged	
cpd34744	MetaCyc:CPD-14830;ChEBI:141642	MetaCyc:CPD-14830;ChEBI:141642	MetaCyc:CPD-14830;ChEBI:141642	MetaCyc:CPD-14830;ChEBI:141642	MetaCyc:CPD-14830	MetaCyc:CPD-14830	GC	MetaCyc:CPD-14830@Charged	MetaCyc:CPD-14830@Charged	
cpd34745	MetaCyc:CPD0-2558	MetaCyc:CPD0-2558	MetaCyc:CPD0-2558	MetaCyc:CPD0-2558	MetaCyc:CPD0-2558	MetaCyc:CPD0-2558	EQ	eQuilibrator:MNXM148626	MetaCyc:CPD0-2558@Charged	eQuilibrator:MNXM148626
cpd34746	MetaCyc:CPD-17796	MetaCyc:CPD-17796	MetaCyc:CPD-17796	MetaCyc:CPD-17796	MetaCyc:CPD-17796	MetaCyc:CPD-17796	EQ	eQuilibrator:MNXM148567	MetaCyc:CPD-17796@Charged	eQuilibrator:MNXM148567
cpd34747	MetaCyc:CPD-20833@Charged	MetaCyc:CPD-20833@Charged	MetaCyc:CPD-20833@Charged	MetaCyc:CPD-20833@Charged	MetaCyc:CPD-20833	MetaCyc:CPD-20833	GC	MetaCyc:CPD-20833@Charged	MetaCyc:CPD-20833@Charged	
cpd34748	MetaCyc:CPD-21173@Charged	MetaCyc:CPD-21173@Charged	MetaCyc:CPD-21173@Charged	MetaCyc:CPD-21173@Charged	MetaCyc:CPD-21173		GC	MetaCyc:CPD-21173@Charged	MetaCyc:CPD-21173@Charged	
cpd34749	MetaCyc:CPD-14633	MetaCyc:CPD-14633	MetaCyc:CPD-14633	MetaCyc:CPD-14633	MetaCyc:CPD-14633	MetaCyc:CPD-14633	GC	MetaCyc:CPD-14633@Charged	MetaCyc:CPD-14633@Charged	eQuilibrator:MNXM97378
cpd34750	MetaCyc:CPD-20998	MetaCyc:CPD-20998	MetaCyc:CPD-20998	MetaCyc:CPD-20998	MetaCyc:CPD-20998	MetaCyc:CPD-20998	GC	MetaCyc:CPD-20998@Charged	MetaCyc:CPD-20998@Charged	
cpd34751	MetaCyc:CPD-18889@Charged	MetaCyc:CPD-18889@Charged		MetaCyc:CPD-18889@Charged	MetaCyc:CPD-18889	MetaCyc:CPD-18889	GC	MetaCyc:CPD-18889@Charged	MetaCyc:CPD-18889@Charged	
cpd34752	MetaCyc:CPD-16731	MetaCyc:CPD-16731	MetaCyc:CPD-16731	MetaCyc:CPD-16731	MetaCyc:CPD-16731	MetaCyc:CPD-16731	GC	MetaCyc:CPD-16731@Charged	MetaCyc:CPD-16731@Charged	
cpd34753	MetaCyc:CPD-15813	MetaCyc:CPD-15813	MetaCyc:CPD-15813	MetaCyc:CPD-15813	MetaCyc:CPD-15813	MetaCyc:CPD-15813	EQ	eQuilibrator:MNXM150520	MetaCyc:CPD-15813@Charged	eQuilibrator:MNXM150520
cpd34754	MetaCyc:CPD-15184	MetaCyc:CPD-15184	MetaCyc:CPD-15184	MetaCyc:CPD-15184	MetaCyc:CPD-15184	MetaCyc:CPD-15184	EQ	eQuilibrator:MNXM168440	MetaCyc:CPD-15184@Charged	eQuilibrator:MNXM168440
cpd34755	MetaCyc:CPD-19238@Charged	MetaCyc:CPD-19238@Charged	MetaCyc:CPD-19238@Charged	MetaCyc:CPD-19238@Charged	MetaCyc:CPD-19238	MetaCyc:CPD-19238	EQ		MetaCyc:CPD-19238@Charged	
cpd34756	MetaCyc:CPD-17799	MetaCyc:CPD-17799	MetaCyc:CPD-17799	MetaCyc:CPD-17799	MetaCyc:CPD-17799	MetaCyc:CPD-17799	GC	MetaCyc:CPD-17799@Charged	MetaCyc:CPD-17799@Charged	eQuilibrator:MNXM148213
cpd34757	MetaCyc:CPD-14997@Charged	MetaCyc:CPD-14997@Charged	MetaCyc:CPD-14997@Charged	MetaCyc:CPD-14997@Charged	MetaCyc:CPD-14997	MetaCyc:CPD-14997	GC	MetaCyc:CPD-14997@Charged	MetaCyc:CPD-14997@Charged	eQuilibrator:MNXM105665
cpd34758	MetaCyc:CPD-16154	MetaCyc:CPD-16154	MetaCyc:CPD-16154	MetaCyc:CPD-16154	MetaCyc:CPD-16154	MetaCyc:CPD-16154	EQ	eQuilibrator:MNXM148874	MetaCyc:CPD-16154@Charged	eQuilibrator:MNXM148874
cpd34759	MetaCyc:CPD-14514	MetaCyc:CPD-14514	MetaCyc:CPD-14514	MetaCyc:CPD-14514	MetaCyc:CPD-14514	MetaCyc:CPD-14514	GC	MetaCyc:CPD-14514@Charged	MetaCyc:CPD-14514@Charged	
cpd34760	MetaCyc:CPD-18365	MetaCyc:CPD-18365	MetaCyc:CPD-18365	MetaCyc:CPD-18365	MetaCyc:CPD-18365	MetaCyc:CPD-18365	GC	MetaCyc:CPD-18365@Charged	MetaCyc:CPD-18365@Charged	
cpd34761	MetaCyc:CPD-21388@Charged;ChEBI:142463@Charged	MetaCyc:CPD-21388@Charged;ChEBI:142463@Charged	MetaCyc:CPD-21388@Charged;ChEBI:142463@Charged	MetaCyc:CPD-21388@Charged;ChEBI:142463@Charged	MetaCyc:CPD-21388		GC	MetaCyc:CPD-21388@Charged	MetaCyc:CPD-21388@Charged	
cpd34762	MetaCyc:CPD-20417;ChEBI:138972	MetaCyc:CPD-20417;ChEBI:138972	MetaCyc:CPD-20417;ChEBI:138972	MetaCyc:CPD-20417;ChEBI:138972	MetaCyc:CPD-20417	MetaCyc:CPD-20417	GC	MetaCyc:CPD-20417@Charged	MetaCyc:CPD-20417@Charged	
cpd34763	MetaCyc:CPD-20754	MetaCyc:CPD-20754	MetaCyc:CPD-20754	MetaCyc:CPD-20754	MetaCyc:CPD-20754	MetaCyc:CPD-20754	EQ	eQuilibrator:MNXM147321	MetaCyc:CPD-20754@Charged	eQuilibrator:MNXM147321
cpd34764	MetaCyc:CPD-18056	MetaCyc:CPD-18056	MetaCyc:CPD-18056	MetaCyc:CPD-18056	MetaCyc:CPD-18056	MetaCyc:CPD-18056	GC	MetaCyc:CPD-18056@Charged	MetaCyc:CPD-18056@Charged	eQuilibrator:MNXM147751
cpd34765	MetaCyc:CPD-20923@Charged	MetaCyc:CPD-20923@Charged	MetaCyc:CPD-20923@Charged	MetaCyc:CPD-20923@Charged	MetaCyc:CPD-20923	MetaCyc:CPD-20923	GC	MetaCyc:CPD-20923@Charged	MetaCyc:CPD-20923@Charged	
cpd34766	MetaCyc:CPD-15977;ChEBI:52333	MetaCyc:CPD-15977;ChEBI:52333	MetaCyc:CPD-15977;ChEBI:52333	MetaCyc:CPD-15977;ChEBI:52333	MetaCyc:CPD-15977	MetaCyc:CPD-15977	EQ	eQuilibrator:MNXM9533	MetaCyc:CPD-15977@Charged	eQuilibrator:MNXM9533
cpd34767	MetaCyc:CPD-17329;ChEBI:73857	MetaCyc:CPD-17329;ChEBI:73857	MetaCyc:CPD-17329;ChEBI:73857	MetaCyc:CPD-17329;ChEBI:73857	MetaCyc:CPD-17329	MetaCyc:CPD-17329	EQ	eQuilibrator:MNXM145878	MetaCyc:CPD-17329@Charged	eQuilibrator:MNXM145878
cpd34768	MetaCyc:CPD-14499;ChEBI:67939	MetaCyc:CPD-14499;ChEBI:67939	MetaCyc:CPD-14499;ChEBI:67939	MetaCyc:CPD-14499;ChEBI:67939	MetaCyc:CPD-14499	MetaCyc:CPD-14499	GC	MetaCyc:CPD-14499@Charged	MetaCyc:CPD-14499@Charged	eQuilibrator:MNXM104925
cpd34769	MetaCyc:CPD-20197	MetaCyc:CPD-20197	MetaCyc:CPD-20197	MetaCyc:CPD-20197	MetaCyc:CPD-20197	MetaCyc:CPD-20197	GC	MetaCyc:CPD-20197@Charged	MetaCyc:CPD-20197@Charged	
cpd34770	MetaCyc:CPD-21326	MetaCyc:CPD-21326	MetaCyc:CPD-21326	MetaCyc:CPD-21326	MetaCyc:CPD-21326	MetaCyc:CPD-21326	GC	MetaCyc:CPD-21326@Charged	MetaCyc:CPD-21326@Charged	
cpd34771	MetaCyc:CPD-16554	MetaCyc:CPD-16554	MetaCyc:CPD-16554	MetaCyc:CPD-16554	MetaCyc:CPD-16554	MetaCyc:CPD-16554	EQ	eQuilibrator:MNXM41479	MetaCyc:CPD-16554@Charged	eQuilibrator:MNXM41479
cpd34772	MetaCyc:CPD-20360	MetaCyc:CPD-20360	MetaCyc:CPD-20360	MetaCyc:CPD-20360	MetaCyc:CPD-20360	MetaCyc:CPD-20360	EQ	eQuilibrator:MNXM78153	MetaCyc:CPD-20360@Charged	eQuilibrator:MNXM78153
cpd34773	MetaCyc:CPD-20869@Charged	MetaCyc:CPD-20869@Charged	MetaCyc:CPD-20869@Charged	MetaCyc:CPD-20869@Charged	MetaCyc:CPD-20869	MetaCyc:CPD-20869	GC	MetaCyc:CPD-20869@Charged	MetaCyc:CPD-20869@Charged	
cpd34774	MetaCyc:CPD-17739	MetaCyc:CPD-17739	MetaCyc:CPD-17739	MetaCyc:CPD-17739	MetaCyc:CPD-17739	MetaCyc:CPD-17739	EQ	eQuilibrator:MNXM148233	MetaCyc:CPD-17739@Charged	eQuilibrator:MNXM148233
cpd34775	MetaCyc:CPD-20117	MetaCyc:CPD-20117	MetaCyc:CPD-20117	MetaCyc:CPD-20117	MetaCyc:CPD-20117	MetaCyc:CPD-20117	GC	MetaCyc:CPD-20117@Charged	MetaCyc:CPD-20117@Charged	
cpd34776	MetaCyc:CPD-16665	MetaCyc:CPD-16665	MetaCyc:CPD-16665	MetaCyc:CPD-16665	MetaCyc:CPD-16665	MetaCyc:CPD-16665	GC	MetaCyc:CPD-16665@Charged	MetaCyc:CPD-16665@Charged	
cpd34777	MetaCyc:CPD-17771@Charged	MetaCyc:CPD-17771@Charged	MetaCyc:CPD-17771@Charged	MetaCyc:CPD-17771@Charged	MetaCyc:CPD-17771	MetaCyc:CPD-17771	GC	MetaCyc:CPD-17771@Charged	MetaCyc:CPD-17771@Charged	
cpd34778	MetaCyc:CPD-19563@Charged	MetaCyc:CPD-19563@Charged	MetaCyc:CPD-19563@Charged	MetaCyc:CPD-19563@Charged	MetaCyc:CPD-19563	MetaCyc:CPD-19563	GC	MetaCyc:CPD-19563@Charged	MetaCyc:CPD-19563@Charged	
cpd34779	MetaCyc:CPD-21209	MetaCyc:CPD-21209	MetaCyc:CPD-21209	MetaCyc:CPD-21209	MetaCyc:CPD-21209		GC	MetaCyc:CPD-21209@Charged	MetaCyc:CPD-21209@Charged	
cpd34780	MetaCyc:CPD-20083;ChEBI:137536	MetaCyc:CPD-20083;ChEBI:137536	MetaCyc:CPD-20083;ChEBI:137536	MetaCyc:CPD-20083;ChEBI:137536		MetaCyc:CPD-20083	GC	MetaCyc:CPD-20083@Charged	MetaCyc:CPD-20083@Charged	
cpd34781	MetaCyc:CPD-16176	MetaCyc:CPD-16176	MetaCyc:CPD-16176	MetaCyc:CPD-16176	MetaCyc:CPD-16176	MetaCyc:CPD-16176	EQ	eQuilibrator:MNXM147819	MetaCyc:CPD-16176@Charged	eQuilibrator:MNXM147819
cpd34782	MetaCyc:CPD-17672	MetaCyc:CPD-17672	MetaCyc:CPD-17672	MetaCyc:CPD-17672	MetaCyc:CPD-17672	MetaCyc:CPD-17672	EQ	eQuilibrator:MNXM62868	MetaCyc:CPD-17672@Charged	eQuilibrator:MNXM62868
cpd34783	MetaCyc:CPD-20709	MetaCyc:CPD-20709	MetaCyc:CPD-20709	MetaCyc:CPD-20709	MetaCyc:CPD-20709	MetaCyc:CPD-20709	GC	MetaCyc:CPD-20709@Charged	MetaCyc:CPD-20709@Charged	
cpd34784	MetaCyc:CPD-18037	MetaCyc:CPD-18037	MetaCyc:CPD-18037	MetaCyc:CPD-18037	MetaCyc:CPD-18037	MetaCyc:CPD-18037	GC	MetaCyc:CPD-18037@Charged	MetaCyc:CPD-18037@Charged	
cpd34785	MetaCyc:CPD-17340	MetaCyc:CPD-17340	MetaCyc:CPD-17340	MetaCyc:CPD-17340		MetaCyc:CPD-17340	GC	MetaCyc:CPD-17340@Charged	MetaCyc:CPD-17340@Charged	
cpd34786	MetaCyc:CPD-19704	MetaCyc:CPD-19704	MetaCyc:CPD-19704	MetaCyc:CPD-19704		MetaCyc:CPD-19704	EQ	eQuilibrator:MNXM179322	MetaCyc:CPD-19704@Charged	eQuilibrator:MNXM179322
cpd34787	MetaCyc:CPD-16454	MetaCyc:CPD-16454	MetaCyc:CPD-16454	MetaCyc:CPD-16454	MetaCyc:CPD-16454	MetaCyc:CPD-16454	EQ	eQuilibrator:MNXM148250	MetaCyc:CPD-16454@Charged	eQuilibrator:MNXM148250
cpd34788	MetaCyc:CPD-19159	MetaCyc:CPD-19159	MetaCyc:CPD-19159	MetaCyc:CPD-19159	MetaCyc:CPD-19159	MetaCyc:CPD-19159	EQ	eQuilibrator:MNXM164005	MetaCyc:CPD-19159@Charged	eQuilibrator:MNXM164005
cpd34789	MetaCyc:CPD-17553	MetaCyc:CPD-17553	MetaCyc:CPD-17553	MetaCyc:CPD-17553	MetaCyc:CPD-17553	MetaCyc:CPD-17553	EQ		MetaCyc:CPD-17553@Charged	
cpd34790	MetaCyc:CPD-20037	MetaCyc:CPD-20037	MetaCyc:CPD-20037	MetaCyc:CPD-20037			EQ	eQuilibrator:MNXM78247	MetaCyc:CPD-20037@Charged	eQuilibrator:MNXM78247
cpd34791	MetaCyc:CPD-20184	MetaCyc:CPD-20184	MetaCyc:CPD-20184	MetaCyc:CPD-20184	MetaCyc:CPD-20184	MetaCyc:CPD-20184	GC	MetaCyc:CPD-20184@Charged	MetaCyc:CPD-20184@Charged	
cpd34792	MetaCyc:CPD-20254	MetaCyc:CPD-20254	MetaCyc:CPD-20254	MetaCyc:CPD-20254		MetaCyc:CPD-20254	GC	MetaCyc:CPD-20254@Charged	MetaCyc:CPD-20254@Charged	
cpd34793	MetaCyc:CPD-15670	MetaCyc:CPD-15670	MetaCyc:CPD-15670	MetaCyc:CPD-15670	MetaCyc:CPD-15670	MetaCyc:CPD-15670	GC	MetaCyc:CPD-15670@Charged	MetaCyc:CPD-15670@Charged	eQuilibrator:MNXM149210
cpd34794	MetaCyc:CPD-15782	MetaCyc:CPD-15782	MetaCyc:CPD-15782	MetaCyc:CPD-15782		MetaCyc:CPD-15782	EQ	eQuilibrator:MNXM99837	MetaCyc:CPD-15782@Charged	eQuilibrator:MNXM99837
cpd34795	MetaCyc:CPD-21348	MetaCyc:CPD-21348	MetaCyc:CPD-21348	MetaCyc:CPD-21348	MetaCyc:CPD-21348	MetaCyc:CPD-21348	GC	MetaCyc:CPD-21348@Charged	MetaCyc:CPD-21348@Charged	eQuilibrator:MNXM117501
cpd34796	MetaCyc:CPD-15047;ChEBI:63178	MetaCyc:CPD-15047;ChEBI:63178	MetaCyc:CPD-15047;ChEBI:63178	MetaCyc:CPD-15047;ChEBI:63178	MetaCyc:CPD-15047	MetaCyc:CPD-15047	GC	MetaCyc:CPD-15047@Charged	MetaCyc:CPD-15047@Charged	eQuilibrator:MNXM6498
cpd34797	MetaCyc:CPD-14952@Charged	MetaCyc:CPD-14952@Charged	MetaCyc:CPD-14952@Charged	MetaCyc:CPD-14952@Charged	MetaCyc:CPD-14952	MetaCyc:CPD-14952	GC	MetaCyc:CPD-14952@Charged	MetaCyc:CPD-14952@Charged	eQuilibrator:MNXM511817
cpd34798	MetaCyc:CPD-19053	MetaCyc:CPD-19053	MetaCyc:CPD-19053	MetaCyc:CPD-19053	MetaCyc:CPD-19053		GC	MetaCyc:CPD-19053@Charged	MetaCyc:CPD-19053@Charged	eQuilibrator:MNXM478633
cpd34799	MetaCyc:CPD-16777@Charged	MetaCyc:CPD-16777@Charged	MetaCyc:CPD-16777@Charged	MetaCyc:CPD-16777@Charged	MetaCyc:CPD-16777	MetaCyc:CPD-16777	GC	MetaCyc:CPD-16777@Charged	MetaCyc:CPD-16777@Charged	eQuilibrator:MNXM149058
cpd34800	MetaCyc:CPD-18258	MetaCyc:CPD-18258		MetaCyc:CPD-18258	MetaCyc:CPD-18258	MetaCyc:CPD-18258	GC	MetaCyc:CPD-18258@Charged	MetaCyc:CPD-18258@Charged	
cpd34801	MetaCyc:CPD-16979;ChEBI:167126	MetaCyc:CPD-16979;ChEBI:167126	MetaCyc:CPD-16979;ChEBI:167126	MetaCyc:CPD-16979;ChEBI:167126	MetaCyc:CPD-16979	MetaCyc:CPD-16979	GC	MetaCyc:CPD-16979@Charged	MetaCyc:CPD-16979@Charged	eQuilibrator:MNXM149191
cpd34802	MetaCyc:CPD-20397	MetaCyc:CPD-20397	MetaCyc:CPD-20397	MetaCyc:CPD-20397	MetaCyc:CPD-20397		EQ	eQuilibrator:MNXM28857	MetaCyc:CPD-20397@Charged	eQuilibrator:MNXM28857
cpd34803	MetaCyc:CPD-15928	MetaCyc:CPD-15928	MetaCyc:CPD-15928	MetaCyc:CPD-15928	MetaCyc:CPD-15928	MetaCyc:CPD-15928	EQ	eQuilibrator:MNXM156869	MetaCyc:CPD-15928@Charged	eQuilibrator:MNXM156869
cpd34804	MetaCyc:CPD-17015	MetaCyc:CPD-17015	MetaCyc:CPD-17015	MetaCyc:CPD-17015	MetaCyc:CPD-17015	MetaCyc:CPD-17015	EQ	eQuilibrator:MNXM148039	MetaCyc:CPD-17015@Charged	eQuilibrator:MNXM148039
cpd34805	MetaCyc:CPD-18446	MetaCyc:CPD-18446	MetaCyc:CPD-18446	MetaCyc:CPD-18446	MetaCyc:CPD-18446	MetaCyc:CPD-18446	GC	MetaCyc:CPD-18446@Charged	MetaCyc:CPD-18446@Charged	eQuilibrator:MNXM491052
cpd34806	MetaCyc:CPD-16982;ChEBI:167177	MetaCyc:CPD-16982;ChEBI:167177	MetaCyc:CPD-16982;ChEBI:167177	MetaCyc:CPD-16982;ChEBI:167177	MetaCyc:CPD-16982	MetaCyc:CPD-16982	EQ	eQuilibrator:MNXM149114	MetaCyc:CPD-16982@Charged	eQuilibrator:MNXM149114
cpd34807	MetaCyc:CPD66-101	MetaCyc:CPD66-101	MetaCyc:CPD66-101	MetaCyc:CPD66-101	MetaCyc:CPD66-101	MetaCyc:CPD66-101	EQ	eQuilibrator:MNXM55941	MetaCyc:CPD66-101@Charged	eQuilibrator:MNXM55941
cpd34808	MetaCyc:CPD-21223	MetaCyc:CPD-21223	MetaCyc:CPD-21223	MetaCyc:CPD-21223		MetaCyc:CPD-21223	GC	MetaCyc:CPD-21223@Charged	MetaCyc:CPD-21223@Charged	
cpd34809	MetaCyc:CPD-16171	MetaCyc:CPD-16171	MetaCyc:CPD-16171	MetaCyc:CPD-16171	MetaCyc:CPD-16171	MetaCyc:CPD-16171	EQ	eQuilibrator:MNXM172830	MetaCyc:CPD-16171@Charged	eQuilibrator:MNXM172830
cpd34810	MetaCyc:CPD-16998	MetaCyc:CPD-16998	MetaCyc:CPD-16998	MetaCyc:CPD-16998	MetaCyc:CPD-16998	MetaCyc:CPD-16998	EQ	eQuilibrator:MNXM148625	MetaCyc:CPD-16998@Charged	eQuilibrator:MNXM148625
cpd34811	MetaCyc:CPD-16878	MetaCyc:CPD-16878	MetaCyc:CPD-16878	MetaCyc:CPD-16878	MetaCyc:CPD-16878		EQ	eQuilibrator:MNXM150029	MetaCyc:CPD-16878@Charged	eQuilibrator:MNXM150029
cpd34812	MetaCyc:CPD-20177	MetaCyc:CPD-20177	MetaCyc:CPD-20177	MetaCyc:CPD-20177	MetaCyc:CPD-20177	MetaCyc:CPD-20177	GC	MetaCyc:CPD-20177@Charged	MetaCyc:CPD-20177@Charged	
cpd34813	MetaCyc:CPD-21162	MetaCyc:CPD-21162	MetaCyc:CPD-21162	MetaCyc:CPD-21162	MetaCyc:CPD-21162	MetaCyc:CPD-21162	GC	MetaCyc:CPD-21162@Charged	MetaCyc:CPD-21162@Charged	
cpd34814	MetaCyc:CPD-20175	MetaCyc:CPD-20175	MetaCyc:CPD-20175	MetaCyc:CPD-20175	MetaCyc:CPD-20175	MetaCyc:CPD-20175	GC	MetaCyc:CPD-20175@Charged	MetaCyc:CPD-20175@Charged	
cpd34815	MetaCyc:CPD-20859@Charged	MetaCyc:CPD-20859@Charged	MetaCyc:CPD-20859@Charged	MetaCyc:CPD-20859@Charged	MetaCyc:CPD-20859	MetaCyc:CPD-20859	GC	MetaCyc:CPD-20859@Charged	MetaCyc:CPD-20859@Charged	
cpd34816	MetaCyc:CPD-21473	MetaCyc:CPD-21473	MetaCyc:CPD-21473	MetaCyc:CPD-21473	MetaCyc:CPD-21473	MetaCyc:CPD-21473	GC	MetaCyc:CPD-21473@Charged	MetaCyc:CPD-21473@Charged	
cpd34817	MetaCyc:CPD-15716	MetaCyc:CPD-15716	MetaCyc:CPD-15716	MetaCyc:CPD-15716	MetaCyc:CPD-15716	MetaCyc:CPD-15716	GC	MetaCyc:CPD-15716@Charged	MetaCyc:CPD-15716@Charged	
cpd34818	MetaCyc:CPD-18636	MetaCyc:CPD-18636	MetaCyc:CPD-18636	MetaCyc:CPD-18636	MetaCyc:CPD-18636	MetaCyc:CPD-18636	EQ	eQuilibrator:MNXM164627	MetaCyc:CPD-18636@Charged	eQuilibrator:MNXM164627
cpd34819	MetaCyc:CPD-14831@Charged;ChEBI:141643@Charged	MetaCyc:CPD-14831@Charged;ChEBI:141643@Charged	MetaCyc:CPD-14831@Charged;ChEBI:141643@Charged	MetaCyc:CPD-14831@Charged;ChEBI:141643@Charged	MetaCyc:CPD-14831	MetaCyc:CPD-14831	GC	MetaCyc:CPD-14831@Charged	MetaCyc:CPD-14831@Charged	
cpd34820	MetaCyc:CPD-18821;ChEBI:140634	MetaCyc:CPD-18821;ChEBI:140634	MetaCyc:CPD-18821;ChEBI:140634	MetaCyc:CPD-18821;ChEBI:140634	MetaCyc:CPD-18821	MetaCyc:CPD-18821	GC	MetaCyc:CPD-18821@Charged	MetaCyc:CPD-18821@Charged	eQuilibrator:MNXM163192
cpd34821	MetaCyc:CPD-18060	MetaCyc:CPD-18060	MetaCyc:CPD-18060	MetaCyc:CPD-18060	MetaCyc:CPD-18060	MetaCyc:CPD-18060	GC	MetaCyc:CPD-18060@Charged	MetaCyc:CPD-18060@Charged	eQuilibrator:MNXM147749
cpd34822	MetaCyc:CPD-15970	MetaCyc:CPD-15970	MetaCyc:CPD-15970	MetaCyc:CPD-15970	MetaCyc:CPD-15970	MetaCyc:CPD-15970	EQ	eQuilibrator:MNXM1553	MetaCyc:CPD-15970@Charged	eQuilibrator:MNXM1553
cpd34823	MetaCyc:CPD-16430	MetaCyc:CPD-16430	MetaCyc:CPD-16430	MetaCyc:CPD-16430	MetaCyc:CPD-16430	MetaCyc:CPD-16430	GC	MetaCyc:CPD-16430@Charged	MetaCyc:CPD-16430@Charged	eQuilibrator:MNXM152764
cpd34824	MetaCyc:CPD-21203	MetaCyc:CPD-21203	MetaCyc:CPD-21203	MetaCyc:CPD-21203	MetaCyc:CPD-21203	MetaCyc:CPD-21203	GC	MetaCyc:CPD-21203@Charged	MetaCyc:CPD-21203@Charged	
cpd34825	MetaCyc:CPD-20955	MetaCyc:CPD-20955	MetaCyc:CPD-20955	MetaCyc:CPD-20955	MetaCyc:CPD-20955	MetaCyc:CPD-20955	GC	MetaCyc:CPD-20955@Charged	MetaCyc:CPD-20955@Charged	
cpd34826	MetaCyc:CPD-15257;ChEBI:74853	MetaCyc:CPD-15257;ChEBI:74853	MetaCyc:CPD-15257;ChEBI:74853	MetaCyc:CPD-15257;ChEBI:74853	MetaCyc:CPD-15257	MetaCyc:CPD-15257	GC	MetaCyc:CPD-15257@Charged	MetaCyc:CPD-15257@Charged	eQuilibrator:MNXM146249
cpd34827	MetaCyc:CPD-19728	MetaCyc:CPD-19728	MetaCyc:CPD-19728	MetaCyc:CPD-19728	MetaCyc:CPD-19728	MetaCyc:CPD-19728	GC	MetaCyc:CPD-19728@Charged	MetaCyc:CPD-19728@Charged	
cpd34828	MetaCyc:CPD-17195	MetaCyc:CPD-17195	MetaCyc:CPD-17195	MetaCyc:CPD-17195	MetaCyc:CPD-17195	MetaCyc:CPD-17195	GC	MetaCyc:CPD-17195@Charged	MetaCyc:CPD-17195@Charged	
cpd34829	MetaCyc:CPD-17143	MetaCyc:CPD-17143	MetaCyc:CPD-17143	MetaCyc:CPD-17143	MetaCyc:CPD-17143	MetaCyc:CPD-17143	EQ	eQuilibrator:MNXM147853	MetaCyc:CPD-17143@Charged	eQuilibrator:MNXM147853
cpd34830	MetaCyc:CPD-16815	MetaCyc:CPD-16815	MetaCyc:CPD-16815	MetaCyc:CPD-16815		MetaCyc:CPD-16815	EQ	eQuilibrator:MNXM152202	MetaCyc:CPD-16815@Charged	eQuilibrator:MNXM152202
cpd34831	MetaCyc:CPD-21463@Charged	MetaCyc:CPD-21463@Charged	MetaCyc:CPD-21463@Charged	MetaCyc:CPD-21463@Charged	MetaCyc:CPD-21463	MetaCyc:CPD-21463	GC	MetaCyc:CPD-21463@Charged	MetaCyc:CPD-21463@Charged	
cpd34832	MetaCyc:CPD-19115@Charged;ChEBI:133039@Charged	MetaCyc:CPD-19115@Charged;ChEBI:133039@Charged	MetaCyc:CPD-19115@Charged;ChEBI:133039@Charged	MetaCyc:CPD-19115@Charged;ChEBI:133039@Charged	MetaCyc:CPD-19115	MetaCyc:CPD-19115	EQ		MetaCyc:CPD-19115@Charged	
cpd34833	MetaCyc:CPD-16989;ChEBI:145276	MetaCyc:CPD-16989;ChEBI:145276	MetaCyc:CPD-16989;ChEBI:145276	MetaCyc:CPD-16989;ChEBI:145276	MetaCyc:CPD-16989	MetaCyc:CPD-16989	EQ	eQuilibrator:MNXM61803	MetaCyc:CPD-16989@Charged	eQuilibrator:MNXM61803
cpd34834	MetaCyc:CPD-14946@Charged	MetaCyc:CPD-14946@Charged	MetaCyc:CPD-14946@Charged	MetaCyc:CPD-14946@Charged	MetaCyc:CPD-14946	MetaCyc:CPD-14946	GC	MetaCyc:CPD-14946@Charged	MetaCyc:CPD-14946@Charged	eQuilibrator:MNXM681007
cpd34835	MetaCyc:CPD-19252;ChEBI:132727	MetaCyc:CPD-19252;ChEBI:132727	MetaCyc:CPD-19252;ChEBI:132727	MetaCyc:CPD-19252;ChEBI:132727	MetaCyc:CPD-19252	MetaCyc:CPD-19252	GC	MetaCyc:CPD-19252@Charged	MetaCyc:CPD-19252@Charged	eQuilibrator:MNXM162730
cpd34836	MetaCyc:CPD-15776	MetaCyc:CPD-15776	MetaCyc:CPD-15776	MetaCyc:CPD-15776@Charged	MetaCyc:CPD-15776	MetaCyc:CPD-15776	GC	MetaCyc:CPD-15776@Charged	MetaCyc:CPD-15776@Charged	eQuilibrator:MNXM149150
cpd34837	MetaCyc:CPD-19938	MetaCyc:CPD-19938	MetaCyc:CPD-19938	MetaCyc:CPD-19938	MetaCyc:CPD-19938	MetaCyc:CPD-19938	GC	MetaCyc:CPD-19938@Charged	MetaCyc:CPD-19938@Charged	
cpd34838	MetaCyc:CPD-18177;ChEBI:83951	MetaCyc:CPD-18177;ChEBI:83951	MetaCyc:CPD-18177;ChEBI:83951	MetaCyc:CPD-18177;ChEBI:83951	MetaCyc:CPD-18177	MetaCyc:CPD-18177	EQ	eQuilibrator:MNXM146676	MetaCyc:CPD-18177@Charged	eQuilibrator:MNXM146676
cpd34839	MetaCyc:CPD-16600	MetaCyc:CPD-16600	MetaCyc:CPD-16600	MetaCyc:CPD-16600	MetaCyc:CPD-16600	MetaCyc:CPD-16600	EQ	eQuilibrator:MNXM148373	MetaCyc:CPD-16600@Charged	eQuilibrator:MNXM148373
cpd34840	MetaCyc:CPD-18409	MetaCyc:CPD-18409	MetaCyc:CPD-18409	MetaCyc:CPD-18409		MetaCyc:CPD-18409	GC	MetaCyc:CPD-18409@Charged	MetaCyc:CPD-18409@Charged	
cpd34841	MetaCyc:CPD-21225	MetaCyc:CPD-21225	MetaCyc:CPD-21225	MetaCyc:CPD-21225	MetaCyc:CPD-21225	MetaCyc:CPD-21225	GC	MetaCyc:CPD-21225@Charged	MetaCyc:CPD-21225@Charged	
cpd34842	MetaCyc:CPD-18596	MetaCyc:CPD-18596	MetaCyc:CPD-18596	MetaCyc:CPD-18596	MetaCyc:CPD-18596	MetaCyc:CPD-18596	EQ	eQuilibrator:MNXM496917	MetaCyc:CPD-18596@Charged	eQuilibrator:MNXM496917
cpd34843	MetaCyc:CPD-17886	MetaCyc:CPD-17886	MetaCyc:CPD-17886	MetaCyc:CPD-17886	MetaCyc:CPD-17886	MetaCyc:CPD-17886	GC	MetaCyc:CPD-17886@Charged	MetaCyc:CPD-17886@Charged	
cpd34844	MetaCyc:CPD-18981;ChEBI:142977	MetaCyc:CPD-18981;ChEBI:142977	MetaCyc:CPD-18981;ChEBI:142977	MetaCyc:CPD-18981;ChEBI:142977	MetaCyc:CPD-18981	MetaCyc:CPD-18981	GC	MetaCyc:CPD-18981@Charged	MetaCyc:CPD-18981@Charged	
cpd34845	MetaCyc:CPD-15311	MetaCyc:CPD-15311	MetaCyc:CPD-15311	MetaCyc:CPD-15311	MetaCyc:CPD-15311	MetaCyc:CPD-15311	GC	MetaCyc:CPD-15311@Charged	MetaCyc:CPD-15311@Charged	eQuilibrator:MNXM588537
cpd34846	MetaCyc:CPD-16851@Charged	MetaCyc:CPD-16851@Charged	MetaCyc:CPD-16851@Charged	MetaCyc:CPD-16851@Charged	MetaCyc:CPD-16851	MetaCyc:CPD-16851	EQ		MetaCyc:CPD-16851@Charged	
cpd34847	MetaCyc:CPD-17184;ChEBI:85534	MetaCyc:CPD-17184;ChEBI:85534	MetaCyc:CPD-17184;ChEBI:85534	MetaCyc:CPD-17184;ChEBI:85534	MetaCyc:CPD-17184	MetaCyc:CPD-17184	GC	MetaCyc:CPD-17184@Charged	MetaCyc:CPD-17184@Charged	
cpd34848	MetaCyc:CPD-20524;ChEBI:77092	MetaCyc:CPD-20524;ChEBI:77092	MetaCyc:CPD-20524;ChEBI:77092	MetaCyc:CPD-20524;ChEBI:77092	MetaCyc:CPD-20524	MetaCyc:CPD-20524	GC	MetaCyc:CPD-20524@Charged	MetaCyc:CPD-20524@Charged	eQuilibrator:MNXM53189
cpd34849	MetaCyc:CPD-20790	MetaCyc:CPD-20790	MetaCyc:CPD-20790	MetaCyc:CPD-20790	MetaCyc:CPD-20790	MetaCyc:CPD-20790	GC	MetaCyc:CPD-20790@Charged	MetaCyc:CPD-20790@Charged	
cpd34850	MetaCyc:CPD-14680	MetaCyc:CPD-14680	MetaCyc:CPD-14680	MetaCyc:CPD-14680	MetaCyc:CPD-14680	MetaCyc:CPD-14680	EQ	eQuilibrator:MNXM97510	MetaCyc:CPD-14680@Charged	eQuilibrator:MNXM97510
cpd34851	MetaCyc:CPD-21185	MetaCyc:CPD-21185	MetaCyc:CPD-21185	MetaCyc:CPD-21185	MetaCyc:CPD-21185	MetaCyc:CPD-21185	GC	MetaCyc:CPD-21185@Charged	MetaCyc:CPD-21185@Charged	
cpd34852	MetaCyc:CPD-15240	MetaCyc:CPD-15240	MetaCyc:CPD-15240	MetaCyc:CPD-15240	MetaCyc:CPD-15240	MetaCyc:CPD-15240	GC	MetaCyc:CPD-15240@Charged	MetaCyc:CPD-15240@Charged	
cpd34853	MetaCyc:CPD-16160	MetaCyc:CPD-16160	MetaCyc:CPD-16160	MetaCyc:CPD-16160	MetaCyc:CPD-16160	MetaCyc:CPD-16160	EQ	eQuilibrator:MNXM148879	MetaCyc:CPD-16160@Charged	eQuilibrator:MNXM148879
cpd34854	MetaCyc:CPD-21272	MetaCyc:CPD-21272	MetaCyc:CPD-21272	MetaCyc:CPD-21272	MetaCyc:CPD-21272	MetaCyc:CPD-21272	GC	MetaCyc:CPD-21272@Charged	MetaCyc:CPD-21272@Charged	
cpd34855	MetaCyc:CPD-18390;ChEBI:72858	MetaCyc:CPD-18390;ChEBI:72858	MetaCyc:CPD-18390;ChEBI:72858	MetaCyc:CPD-18390;ChEBI:72858	MetaCyc:CPD-18390	MetaCyc:CPD-18390	EQ	eQuilibrator:MNXM66466	MetaCyc:CPD-18390@Charged	eQuilibrator:MNXM66466
cpd34856	MetaCyc:CPD-21415;ChEBI:167102	MetaCyc:CPD-21415;ChEBI:167102	MetaCyc:CPD-21415;ChEBI:167102	MetaCyc:CPD-21415;ChEBI:167102	MetaCyc:CPD-21415	MetaCyc:CPD-21415	GC	MetaCyc:CPD-21415@Charged	MetaCyc:CPD-21415@Charged	
cpd34857	MetaCyc:CPD-16021	MetaCyc:CPD-16021	MetaCyc:CPD-16021	MetaCyc:CPD-16021	MetaCyc:CPD-16021		GC	MetaCyc:CPD-16021@Charged	MetaCyc:CPD-16021@Charged	eQuilibrator:MNXM150533
cpd34858	MetaCyc:CPD-16636	MetaCyc:CPD-16636	MetaCyc:CPD-16636	MetaCyc:CPD-16636	MetaCyc:CPD-16636	MetaCyc:CPD-16636	EQ	eQuilibrator:MNXM150411	MetaCyc:CPD-16636@Charged	eQuilibrator:MNXM150411
cpd34859	MetaCyc:CPD-14933@Charged	MetaCyc:CPD-14933@Charged	MetaCyc:CPD-14933@Charged	MetaCyc:CPD-14933@Charged	MetaCyc:CPD-14933	MetaCyc:CPD-14933	GC	MetaCyc:CPD-14933@Charged	MetaCyc:CPD-14933@Charged	eQuilibrator:MNXM52979
cpd34860	MetaCyc:CPD-17832	MetaCyc:CPD-17832	MetaCyc:CPD-17832	MetaCyc:CPD-17832	MetaCyc:CPD-17832		EQ	eQuilibrator:MNXM153035	MetaCyc:CPD-17832@Charged	eQuilibrator:MNXM153035
cpd34861	MetaCyc:CPD-17420;ChEBI:188495	MetaCyc:CPD-17420;ChEBI:188495	MetaCyc:CPD-17420;ChEBI:188495	MetaCyc:CPD-17420;ChEBI:188495	MetaCyc:CPD-17420	MetaCyc:CPD-17420	GC	MetaCyc:CPD-17420@Charged	MetaCyc:CPD-17420@Charged	eQuilibrator:MNXM147865
cpd34862	MetaCyc:CPD-19982@Charged	MetaCyc:CPD-19982@Charged	MetaCyc:CPD-19982@Charged	MetaCyc:CPD-19982@Charged	MetaCyc:CPD-19982	MetaCyc:CPD-19982	GC	MetaCyc:CPD-19982@Charged	MetaCyc:CPD-19982@Charged	
cpd34863	MetaCyc:CPD-20909@Charged	MetaCyc:CPD-20909@Charged		MetaCyc:CPD-20909@Charged	MetaCyc:CPD-20909	MetaCyc:CPD-20909	GC	MetaCyc:CPD-20909@Charged	MetaCyc:CPD-20909@Charged	
cpd34864	MetaCyc:CPD-14692	MetaCyc:CPD-14692	MetaCyc:CPD-14692	MetaCyc:CPD-14692	MetaCyc:CPD-14692	MetaCyc:CPD-14692	GC	MetaCyc:CPD-14692@Charged	MetaCyc:CPD-14692@Charged	eQuilibrator:MNXM114060
cpd34865	MetaCyc:CPD-16652	MetaCyc:CPD-16652	MetaCyc:CPD-16652	MetaCyc:CPD-16652	MetaCyc:CPD-16652	MetaCyc:CPD-16652	EQ	eQuilibrator:MNXM154982	MetaCyc:CPD-16652@Charged	eQuilibrator:MNXM154982
cpd34866	MetaCyc:CPD-16381	MetaCyc:CPD-16381	MetaCyc:CPD-16381	MetaCyc:CPD-16381	MetaCyc:CPD-16381	MetaCyc:CPD-16381	GC	MetaCyc:CPD-16381@Charged	MetaCyc:CPD-16381@Charged	eQuilibrator:MNXM527415
cpd34867	MetaCyc:CPD-19600	MetaCyc:CPD-19600	MetaCyc:CPD-19600	MetaCyc:CPD-19600	MetaCyc:CPD-19600	MetaCyc:CPD-19600	EQ	eQuilibrator:MNXM507491	MetaCyc:CPD-19600@Charged	eQuilibrator:MNXM507491
cpd34868	MetaCyc:CPD-20078;ChEBI:137528	MetaCyc:CPD-20078;ChEBI:137528	MetaCyc:CPD-20078;ChEBI:137528	MetaCyc:CPD-20078;ChEBI:137528			GC	MetaCyc:CPD-20078@Charged	MetaCyc:CPD-20078@Charged	
cpd34869	MetaCyc:CPD-17000	MetaCyc:CPD-17000	MetaCyc:CPD-17000	MetaCyc:CPD-17000	MetaCyc:CPD-17000	MetaCyc:CPD-17000	EQ	eQuilibrator:MNXM148574	MetaCyc:CPD-17000@Charged	eQuilibrator:MNXM148574
cpd34870	MetaCyc:CPD-19852	MetaCyc:CPD-19852	MetaCyc:CPD-19852	MetaCyc:CPD-19852			EQ	eQuilibrator:MNXM99871	MetaCyc:CPD-19852@Charged	eQuilibrator:MNXM99871
cpd34871	MetaCyc:CPD-17436	MetaCyc:CPD-17436	MetaCyc:CPD-17436	MetaCyc:CPD-17436	MetaCyc:CPD-17436	MetaCyc:CPD-17436	EQ	eQuilibrator:MNXM144979	MetaCyc:CPD-17436@Charged	eQuilibrator:MNXM144979
cpd34872	MetaCyc:CPD-16972@Charged	MetaCyc:CPD-16972@Charged	MetaCyc:CPD-16972@Charged	MetaCyc:CPD-16972@Charged	MetaCyc:CPD-16972	MetaCyc:CPD-16972	GC	MetaCyc:CPD-16972@Charged	MetaCyc:CPD-16972@Charged	
cpd34873	MetaCyc:CPD-18115;ChEBI:142281	MetaCyc:CPD-18115;ChEBI:142281	MetaCyc:CPD-18115;ChEBI:142281	MetaCyc:CPD-18115;ChEBI:142281			GC	MetaCyc:CPD-18115@Charged	MetaCyc:CPD-18115@Charged	eQuilibrator:MNXM165880
cpd34874	MetaCyc:CPD-16361;ChEBI:60384	MetaCyc:CPD-16361;ChEBI:60384	MetaCyc:CPD-16361;ChEBI:60384	MetaCyc:CPD-16361;ChEBI:60384	MetaCyc:CPD-16361	MetaCyc:CPD-16361	EQ	eQuilibrator:MNXM63127	MetaCyc:CPD-16361@Charged	eQuilibrator:MNXM63127
cpd34875	MetaCyc:CPD-19148	MetaCyc:CPD-19148	MetaCyc:CPD-19148	MetaCyc:CPD-19148	MetaCyc:CPD-19148	MetaCyc:CPD-19148	EQ	eQuilibrator:MNXM163970	MetaCyc:CPD-19148@Charged	eQuilibrator:MNXM163970
cpd34876	MetaCyc:CPD-18302	MetaCyc:CPD-18302	MetaCyc:CPD-18302	MetaCyc:CPD-18302	MetaCyc:CPD-18302	MetaCyc:CPD-18302	EQ	eQuilibrator:MNXM166283	MetaCyc:CPD-18302@Charged	eQuilibrator:MNXM166283
cpd34877	MetaCyc:CPD-21248	MetaCyc:CPD-21248	MetaCyc:CPD-21248	MetaCyc:CPD-21248	MetaCyc:CPD-21248	MetaCyc:CPD-21248	GC	MetaCyc:CPD-21248@Charged	MetaCyc:CPD-21248@Charged	
cpd34878	MetaCyc:CPD-19488	MetaCyc:CPD-19488	MetaCyc:CPD-19488	MetaCyc:CPD-19488	MetaCyc:CPD-19488	MetaCyc:CPD-19488	EQ	eQuilibrator:MNXM164248	MetaCyc:CPD-19488@Charged	eQuilibrator:MNXM164248
cpd34879	MetaCyc:CPD-20715	MetaCyc:CPD-20715	MetaCyc:CPD-20715	MetaCyc:CPD-20715	MetaCyc:CPD-20715	MetaCyc:CPD-20715	GC	MetaCyc:CPD-20715@Charged	MetaCyc:CPD-20715@Charged	
cpd34880	MetaCyc:CPD-19643	MetaCyc:CPD-19643	MetaCyc:CPD-19643	MetaCyc:CPD-19643	MetaCyc:CPD-19643		EQ	eQuilibrator:MNXM169512	MetaCyc:CPD-19643@Charged	eQuilibrator:MNXM169512
cpd34881	MetaCyc:CPD-19674	MetaCyc:CPD-19674	MetaCyc:CPD-19674	MetaCyc:CPD-19674	MetaCyc:CPD-19674	MetaCyc:CPD-19674	GC	MetaCyc:CPD-19674@Charged	MetaCyc:CPD-19674@Charged	
cpd34882	MetaCyc:CPD-18374	MetaCyc:CPD-18374	MetaCyc:CPD-18374	MetaCyc:CPD-18374	MetaCyc:CPD-18374	MetaCyc:CPD-18374	GC	MetaCyc:CPD-18374@Charged	MetaCyc:CPD-18374@Charged	
cpd34883	MetaCyc:CPD-14980@Charged	MetaCyc:CPD-14980@Charged	MetaCyc:CPD-14980@Charged	MetaCyc:CPD-14980@Charged	MetaCyc:CPD-14980	MetaCyc:CPD-14980	GC	MetaCyc:CPD-14980@Charged	MetaCyc:CPD-14980@Charged	eQuilibrator:MNXM114520
cpd34884	MetaCyc:CPD-18274	MetaCyc:CPD-18274	MetaCyc:CPD-18274	MetaCyc:CPD-18274	MetaCyc:CPD-18274	MetaCyc:CPD-18274	EQ	eQuilibrator:MNXM163182	MetaCyc:CPD-18274@Charged	eQuilibrator:MNXM163182
cpd34885	MetaCyc:CPD-18052	MetaCyc:CPD-18052	MetaCyc:CPD-18052	MetaCyc:CPD-18052	MetaCyc:CPD-18052	MetaCyc:CPD-18052	EQ	eQuilibrator:MNXM149195	MetaCyc:CPD-18052@Charged	eQuilibrator:MNXM149195
cpd34886	MetaCyc:CPD-20844	MetaCyc:CPD-20844	MetaCyc:CPD-20844	MetaCyc:CPD-20844	MetaCyc:CPD-20844	MetaCyc:CPD-20844	GC	MetaCyc:CPD-20844@Charged	MetaCyc:CPD-20844@Charged	
cpd34887	MetaCyc:CPD-17621;ChEBI:84207	MetaCyc:CPD-17621;ChEBI:84207	MetaCyc:CPD-17621;ChEBI:84207	MetaCyc:CPD-17621;ChEBI:84207	MetaCyc:CPD-17621	MetaCyc:CPD-17621	EQ	eQuilibrator:MNXM145650	MetaCyc:CPD-17621@Charged	eQuilibrator:MNXM145650
cpd34888	MetaCyc:CPD-20231	MetaCyc:CPD-20231	MetaCyc:CPD-20231	MetaCyc:CPD-20231	MetaCyc:CPD-20231	MetaCyc:CPD-20231	GC	MetaCyc:CPD-20231@Charged	MetaCyc:CPD-20231@Charged	
cpd34889	MetaCyc:CPD-17076	MetaCyc:CPD-17076	MetaCyc:CPD-17076	MetaCyc:CPD-17076	MetaCyc:CPD-17076	MetaCyc:CPD-17076	EQ	eQuilibrator:MNXM147623	MetaCyc:CPD-17076@Charged	eQuilibrator:MNXM147623
cpd34890	MetaCyc:CPD-19062	MetaCyc:CPD-19062	MetaCyc:CPD-19062	MetaCyc:CPD-19062	MetaCyc:CPD-19062	MetaCyc:CPD-19062	EQ	eQuilibrator:MNXM167346	MetaCyc:CPD-19062@Charged	eQuilibrator:MNXM167346
cpd34891	MetaCyc:CPD-16599@Charged	MetaCyc:CPD-16599@Charged	MetaCyc:CPD-16599@Charged	MetaCyc:CPD-16599@Charged	MetaCyc:CPD-16599	MetaCyc:CPD-16599	GC	MetaCyc:CPD-16599@Charged	MetaCyc:CPD-16599@Charged	
cpd34892	MetaCyc:CPD-14742	MetaCyc:CPD-14742	MetaCyc:CPD-14742	MetaCyc:CPD-14742	MetaCyc:CPD-14742	MetaCyc:CPD-14742	EQ	eQuilibrator:MNXM13747	MetaCyc:CPD-14742@Charged	eQuilibrator:MNXM13747
cpd34893	MetaCyc:CPD-15786	MetaCyc:CPD-15786	MetaCyc:CPD-15786	MetaCyc:CPD-15786	MetaCyc:CPD-15786	MetaCyc:CPD-15786	GC	MetaCyc:CPD-15786@Charged	MetaCyc:CPD-15786@Charged	
cpd34894	MetaCyc:CPD-18914@Charged;ChEBI:131921	MetaCyc:CPD-18914@Charged;ChEBI:131921	MetaCyc:CPD-18914@Charged;ChEBI:131921	MetaCyc:CPD-18914@Charged;ChEBI:131921@Charged	MetaCyc:CPD-18914	MetaCyc:CPD-18914	EQ	eQuilibrator:MNXM162472	MetaCyc:CPD-18914@Charged	eQuilibrator:MNXM162472
cpd34895	MetaCyc:CPD-20289	MetaCyc:CPD-20289	MetaCyc:CPD-20289	MetaCyc:CPD-20289	MetaCyc:CPD-20289	MetaCyc:CPD-20289	GC	MetaCyc:CPD-20289@Charged	MetaCyc:CPD-20289@Charged	
cpd34896	MetaCyc:CPD-16592	MetaCyc:CPD-16592	MetaCyc:CPD-16592	MetaCyc:CPD-16592	MetaCyc:CPD-16592		EQ	eQuilibrator:MNXM150943	MetaCyc:CPD-16592@Charged	eQuilibrator:MNXM150943
cpd34897	MetaCyc:CPD-18085	MetaCyc:CPD-18085	MetaCyc:CPD-18085	MetaCyc:CPD-18085	MetaCyc:CPD-18085	MetaCyc:CPD-18085	EQ		MetaCyc:CPD-18085@Charged	
cpd34898	MetaCyc:CPD-17751	MetaCyc:CPD-17751	MetaCyc:CPD-17751	MetaCyc:CPD-17751	MetaCyc:CPD-17751	MetaCyc:CPD-17751	GC	MetaCyc:CPD-17751@Charged	MetaCyc:CPD-17751@Charged	eQuilibrator:MNXM147829
cpd34899	MetaCyc:CPD-20496@Charged	MetaCyc:CPD-20496@Charged	MetaCyc:CPD-20496@Charged	MetaCyc:CPD-20496@Charged	MetaCyc:CPD-20496	MetaCyc:CPD-20496	GC	MetaCyc:CPD-20496@Charged	MetaCyc:CPD-20496@Charged	eQuilibrator:MNXM88209
cpd34900	MetaCyc:CPD-17504	MetaCyc:CPD-17504	MetaCyc:CPD-17504	MetaCyc:CPD-17504	MetaCyc:CPD-17504	MetaCyc:CPD-17504	GC	MetaCyc:CPD-17504@Charged	MetaCyc:CPD-17504@Charged	eQuilibrator:MNXM148599
cpd34901	MetaCyc:CPD-17487	MetaCyc:CPD-17487	MetaCyc:CPD-17487	MetaCyc:CPD-17487	MetaCyc:CPD-17487	MetaCyc:CPD-17487	EQ	eQuilibrator:MNXM147843	MetaCyc:CPD-17487@Charged	eQuilibrator:MNXM147843
cpd34902	MetaCyc:CPD-19040;ChEBI:131780	MetaCyc:CPD-19040;ChEBI:131780	MetaCyc:CPD-19040;ChEBI:131780	MetaCyc:CPD-19040;ChEBI:131780	MetaCyc:CPD-19040	MetaCyc:CPD-19040	EQ	eQuilibrator:MNXM162736	MetaCyc:CPD-19040@Charged	eQuilibrator:MNXM162736
cpd34903	MetaCyc:CPD-16407;ChEBI:131636	MetaCyc:CPD-16407;ChEBI:131636	MetaCyc:CPD-16407;ChEBI:131636	MetaCyc:CPD-16407;ChEBI:131636	MetaCyc:CPD-16407	MetaCyc:CPD-16407	GC	MetaCyc:CPD-16407@Charged	MetaCyc:CPD-16407@Charged	eQuilibrator:MNXM148253
cpd34904	MetaCyc:CPD-15364;ChEBI:139559	MetaCyc:CPD-15364;ChEBI:139559	MetaCyc:CPD-15364;ChEBI:139559	MetaCyc:CPD-15364;ChEBI:139559	MetaCyc:CPD-15364	MetaCyc:CPD-15364	EQ	eQuilibrator:MNXM147608	MetaCyc:CPD-15364@Charged	eQuilibrator:MNXM147608
cpd34905	MetaCyc:CPD-18706	MetaCyc:CPD-18706	MetaCyc:CPD-18706	MetaCyc:CPD-18706	MetaCyc:CPD-18706	MetaCyc:CPD-18706	GC	MetaCyc:CPD-18706@Charged	MetaCyc:CPD-18706@Charged	
cpd34906	MetaCyc:CPD-19918	MetaCyc:CPD-19918	MetaCyc:CPD-19918	MetaCyc:CPD-19918	MetaCyc:CPD-19918	MetaCyc:CPD-19918	GC	MetaCyc:CPD-19918@Charged	MetaCyc:CPD-19918@Charged	
cpd34907	MetaCyc:CPD-21043	MetaCyc:CPD-21043	MetaCyc:CPD-21043	MetaCyc:CPD-21043	MetaCyc:CPD-21043	MetaCyc:CPD-21043	GC	MetaCyc:CPD-21043@Charged	MetaCyc:CPD-21043@Charged	
cpd34908	MetaCyc:CPD-16822	MetaCyc:CPD-16822	MetaCyc:CPD-16822	MetaCyc:CPD-16822	MetaCyc:CPD-16822	MetaCyc:CPD-16822	EQ	eQuilibrator:MNXM75026	MetaCyc:CPD-16822@Charged	eQuilibrator:MNXM75026
cpd34909	MetaCyc:CPD-20143	MetaCyc:CPD-20143	MetaCyc:CPD-20143	MetaCyc:CPD-20143@Charged	MetaCyc:CPD-20143	MetaCyc:CPD-20143	GC	MetaCyc:CPD-20143@Charged	MetaCyc:CPD-20143@Charged	
cpd34910	MetaCyc:CPD-15546@Charged	MetaCyc:CPD-15546@Charged		MetaCyc:CPD-15546@Charged	MetaCyc:CPD-15546	MetaCyc:CPD-15546	GC	MetaCyc:CPD-15546@Charged	MetaCyc:CPD-15546@Charged	
cpd34911	MetaCyc:CPD-19825	MetaCyc:CPD-19825	MetaCyc:CPD-19825	MetaCyc:CPD-19825	MetaCyc:CPD-19825	MetaCyc:CPD-19825	GC	MetaCyc:CPD-19825@Charged	MetaCyc:CPD-19825@Charged	
cpd34912	MetaCyc:CPD0-2545	MetaCyc:CPD0-2545	MetaCyc:CPD0-2545	MetaCyc:CPD0-2545	MetaCyc:CPD0-2545		GC	MetaCyc:CPD0-2545@Charged	MetaCyc:CPD0-2545@Charged	
cpd34913	MetaCyc:CPD-16022	MetaCyc:CPD-16022	MetaCyc:CPD-16022	MetaCyc:CPD-16022			GC	MetaCyc:CPD-16022@Charged	MetaCyc:CPD-16022@Charged	eQuilibrator:MNXM150508
cpd34914	MetaCyc:CPD-17227	MetaCyc:CPD-17227	MetaCyc:CPD-17227	MetaCyc:CPD-17227	MetaCyc:CPD-17227	MetaCyc:CPD-17227	GC	MetaCyc:CPD-17227@Charged	MetaCyc:CPD-17227@Charged	
cpd34915	MetaCyc:CPD-19435@Charged;ChEBI:133996	MetaCyc:CPD-19435@Charged;ChEBI:133996	MetaCyc:CPD-19435@Charged;ChEBI:133996	MetaCyc:CPD-19435@Charged	MetaCyc:CPD-19435	MetaCyc:CPD-19435	GC	MetaCyc:CPD-19435@Charged	MetaCyc:CPD-19435@Charged	
cpd34916	MetaCyc:CPD-20641	MetaCyc:CPD-20641	MetaCyc:CPD-20641	MetaCyc:CPD-20641	MetaCyc:CPD-20641	MetaCyc:CPD-20641	GC	MetaCyc:CPD-20641@Charged	MetaCyc:CPD-20641@Charged	
cpd34917	MetaCyc:CPD-16911;ChEBI:82757	MetaCyc:CPD-16911;ChEBI:82757	MetaCyc:CPD-16911;ChEBI:82757	MetaCyc:CPD-16911;ChEBI:82757	MetaCyc:CPD-16911	MetaCyc:CPD-16911	EQ	eQuilibrator:MNXM145800	MetaCyc:CPD-16911@Charged	eQuilibrator:MNXM145800
cpd34918	MetaCyc:CPD-15399	MetaCyc:CPD-15399	MetaCyc:CPD-15399	MetaCyc:CPD-15399	MetaCyc:CPD-15399	MetaCyc:CPD-15399	GC	MetaCyc:CPD-15399@Charged	MetaCyc:CPD-15399@Charged	eQuilibrator:MNXM151133
cpd34919	MetaCyc:CPD-18091@Charged	MetaCyc:CPD-18091@Charged	MetaCyc:CPD-18091@Charged	MetaCyc:CPD-18091@Charged	MetaCyc:CPD-18091	MetaCyc:CPD-18091	GC	MetaCyc:CPD-18091@Charged	MetaCyc:CPD-18091@Charged	
cpd34920	MetaCyc:CPD-19359	MetaCyc:CPD-19359	MetaCyc:CPD-19359	MetaCyc:CPD-19359	MetaCyc:CPD-19359	MetaCyc:CPD-19359	EQ	eQuilibrator:MNXM722323	MetaCyc:CPD-19359@Charged	eQuilibrator:MNXM722323
cpd34921	MetaCyc:CPD-17277	MetaCyc:CPD-17277	MetaCyc:CPD-17277	MetaCyc:CPD-17277	MetaCyc:CPD-17277	MetaCyc:CPD-17277	GC	MetaCyc:CPD-17277@Charged	MetaCyc:CPD-17277@Charged	
cpd34922	MetaCyc:CPD-20522	MetaCyc:CPD-20522	MetaCyc:CPD-20522	MetaCyc:CPD-20522@Charged	MetaCyc:CPD-20522	MetaCyc:CPD-20522	GC	MetaCyc:CPD-20522@Charged	MetaCyc:CPD-20522@Charged	
cpd34923	MetaCyc:CPD-20087	MetaCyc:CPD-20087	MetaCyc:CPD-20087	MetaCyc:CPD-20087	MetaCyc:CPD-20087	MetaCyc:CPD-20087	GC	MetaCyc:CPD-20087@Charged	MetaCyc:CPD-20087@Charged	
cpd34924	MetaCyc:CPD-19840@Charged	MetaCyc:CPD-19840@Charged	MetaCyc:CPD-19840@Charged	MetaCyc:CPD-19840@Charged	MetaCyc:CPD-19840	MetaCyc:CPD-19840	GC	MetaCyc:CPD-19840@Charged	MetaCyc:CPD-19840@Charged	
cpd34925	MetaCyc:CPD-16853	MetaCyc:CPD-16853	MetaCyc:CPD-16853	MetaCyc:CPD-16853	MetaCyc:CPD-16853	MetaCyc:CPD-16853	GC	MetaCyc:CPD-16853@Charged	MetaCyc:CPD-16853@Charged	
cpd34926	MetaCyc:CPD-17968	MetaCyc:CPD-17968		MetaCyc:CPD-17968	MetaCyc:CPD-17968	MetaCyc:CPD-17968	GC	MetaCyc:CPD-17968@Charged	MetaCyc:CPD-17968@Charged	
cpd34927	MetaCyc:CPD-17803	MetaCyc:CPD-17803	MetaCyc:CPD-17803	MetaCyc:CPD-17803	MetaCyc:CPD-17803	MetaCyc:CPD-17803	EQ	eQuilibrator:MNXM148563	MetaCyc:CPD-17803@Charged	eQuilibrator:MNXM148563
cpd34928	MetaCyc:CPD-20801@Charged	MetaCyc:CPD-20801@Charged	MetaCyc:CPD-20801@Charged	MetaCyc:CPD-20801@Charged	MetaCyc:CPD-20801		GC	MetaCyc:CPD-20801@Charged	MetaCyc:CPD-20801@Charged	
cpd34929	MetaCyc:CPD-16766	MetaCyc:CPD-16766	MetaCyc:CPD-16766	MetaCyc:CPD-16766@Charged		MetaCyc:CPD-16766	GC	MetaCyc:CPD-16766@Charged	MetaCyc:CPD-16766@Charged	
cpd34930	MetaCyc:CPD-19579	MetaCyc:CPD-19579	MetaCyc:CPD-19579	MetaCyc:CPD-19579	MetaCyc:CPD-19579	MetaCyc:CPD-19579	GC	MetaCyc:CPD-19579@Charged	MetaCyc:CPD-19579@Charged	eQuilibrator:MNXM588627
cpd34931	MetaCyc:CPD-19850	MetaCyc:CPD-19850	MetaCyc:CPD-19850	MetaCyc:CPD-19850	MetaCyc:CPD-19850	MetaCyc:CPD-19850	GC	MetaCyc:CPD-19850@Charged	MetaCyc:CPD-19850@Charged	
cpd34932	MetaCyc:CPD-14644	MetaCyc:CPD-14644	MetaCyc:CPD-14644	MetaCyc:CPD-14644	MetaCyc:CPD-14644		EQ	eQuilibrator:MNXM486766	MetaCyc:CPD-14644@Charged	eQuilibrator:MNXM486766
cpd34933	MetaCyc:CPD-15812	MetaCyc:CPD-15812	MetaCyc:CPD-15812	MetaCyc:CPD-15812	MetaCyc:CPD-15812	MetaCyc:CPD-15812	EQ	eQuilibrator:MNXM157018	MetaCyc:CPD-15812@Charged	eQuilibrator:MNXM157018
cpd34934	MetaCyc:CPD-18333@Charged	MetaCyc:CPD-18333@Charged	MetaCyc:CPD-18333@Charged	MetaCyc:CPD-18333@Charged	MetaCyc:CPD-18333	MetaCyc:CPD-18333	EQ	eQuilibrator:MNXM164958	MetaCyc:CPD-18333@Charged	eQuilibrator:MNXM164958
cpd34935	MetaCyc:CPD-20080;ChEBI:137530	MetaCyc:CPD-20080;ChEBI:137530	MetaCyc:CPD-20080;ChEBI:137530	MetaCyc:CPD-20080;ChEBI:137530			GC	MetaCyc:CPD-20080@Charged	MetaCyc:CPD-20080@Charged	
cpd34936	MetaCyc:CPD-21239	MetaCyc:CPD-21239	MetaCyc:CPD-21239	MetaCyc:CPD-21239	MetaCyc:CPD-21239	MetaCyc:CPD-21239	GC	MetaCyc:CPD-21239@Charged	MetaCyc:CPD-21239@Charged	
cpd34937	MetaCyc:CPD-15012@Charged	MetaCyc:CPD-15012@Charged	MetaCyc:CPD-15012@Charged	MetaCyc:CPD-15012@Charged	MetaCyc:CPD-15012	MetaCyc:CPD-15012	GC	MetaCyc:CPD-15012@Charged	MetaCyc:CPD-15012@Charged	
cpd34938	MetaCyc:CPD-18147@Charged	MetaCyc:CPD-18147@Charged	MetaCyc:CPD-18147@Charged	MetaCyc:CPD-18147@Charged	MetaCyc:CPD-18147	MetaCyc:CPD-18147	EQ		MetaCyc:CPD-18147@Charged	
cpd34939	MetaCyc:CPD-18216@Charged	MetaCyc:CPD-18216@Charged	MetaCyc:CPD-18216@Charged	MetaCyc:CPD-18216@Charged	MetaCyc:CPD-18216	MetaCyc:CPD-18216	GC	MetaCyc:CPD-18216@Charged	MetaCyc:CPD-18216@Charged	
cpd34940	MetaCyc:CPD-18465	MetaCyc:CPD-18465	MetaCyc:CPD-18465	MetaCyc:CPD-18465	MetaCyc:CPD-18465	MetaCyc:CPD-18465	GC	MetaCyc:CPD-18465@Charged	MetaCyc:CPD-18465@Charged	
cpd34941	MetaCyc:CPD-16183	MetaCyc:CPD-16183	MetaCyc:CPD-16183	MetaCyc:CPD-16183@Charged	MetaCyc:CPD-16183	MetaCyc:CPD-16183	EQ	eQuilibrator:MNXM158641	MetaCyc:CPD-16183@Charged	eQuilibrator:MNXM158641
cpd34942	MetaCyc:CPD-19849	MetaCyc:CPD-19849	MetaCyc:CPD-19849	MetaCyc:CPD-19849	MetaCyc:CPD-19849	MetaCyc:CPD-19849	GC	MetaCyc:CPD-19849@Charged	MetaCyc:CPD-19849@Charged	
cpd34943	MetaCyc:CPD-15388	MetaCyc:CPD-15388	MetaCyc:CPD-15388	MetaCyc:CPD-15388	MetaCyc:CPD-15388	MetaCyc:CPD-15388	GC	MetaCyc:CPD-15388@Charged	MetaCyc:CPD-15388@Charged	eQuilibrator:MNXM156948
cpd34944	MetaCyc:CPD-19761	MetaCyc:CPD-19761	MetaCyc:CPD-19761	MetaCyc:CPD-19761	MetaCyc:CPD-19761	MetaCyc:CPD-19761	GC	MetaCyc:CPD-19761@Charged	MetaCyc:CPD-19761@Charged	
cpd34945	MetaCyc:CPD-19026	MetaCyc:CPD-19026	MetaCyc:CPD-19026	MetaCyc:CPD-19026	MetaCyc:CPD-19026	MetaCyc:CPD-19026	EQ	eQuilibrator:MNXM683054	MetaCyc:CPD-19026@Charged	eQuilibrator:MNXM683054
cpd34946	MetaCyc:CPD-19220@Charged	MetaCyc:CPD-19220@Charged	MetaCyc:CPD-19220@Charged	MetaCyc:CPD-19220@Charged	MetaCyc:CPD-19220	MetaCyc:CPD-19220	EQ		MetaCyc:CPD-19220@Charged	
cpd34947	MetaCyc:CPD-19646@Charged	MetaCyc:CPD-19646@Charged	MetaCyc:CPD-19646@Charged	MetaCyc:CPD-19646@Charged	MetaCyc:CPD-19646		GC	MetaCyc:CPD-19646@Charged	MetaCyc:CPD-19646@Charged	
cpd34948	MetaCyc:CPD-18408	MetaCyc:CPD-18408	MetaCyc:CPD-18408	MetaCyc:CPD-18408	MetaCyc:CPD-18408	MetaCyc:CPD-18408	GC	MetaCyc:CPD-18408@Charged	MetaCyc:CPD-18408@Charged	
cpd34949	MetaCyc:CPD-18453	MetaCyc:CPD-18453	MetaCyc:CPD-18453	MetaCyc:CPD-18453	MetaCyc:CPD-18453	MetaCyc:CPD-18453	EQ	eQuilibrator:MNXM164333	MetaCyc:CPD-18453@Charged	eQuilibrator:MNXM164333
cpd34950	MetaCyc:CPD-17431	MetaCyc:CPD-17431	MetaCyc:CPD-17431	MetaCyc:CPD-17431	MetaCyc:CPD-17431	MetaCyc:CPD-17431	GC	MetaCyc:CPD-17431@Charged	MetaCyc:CPD-17431@Charged	
cpd34951	MetaCyc:CPD-19690	MetaCyc:CPD-19690	MetaCyc:CPD-19690	MetaCyc:CPD-19690	MetaCyc:CPD-19690	MetaCyc:CPD-19690	GC	MetaCyc:CPD-19690@Charged	MetaCyc:CPD-19690@Charged	eQuilibrator:MNXM167288
cpd34952	MetaCyc:CPD-21446	MetaCyc:CPD-21446	MetaCyc:CPD-21446	MetaCyc:CPD-21446	MetaCyc:CPD-21446	MetaCyc:CPD-21446	GC	MetaCyc:CPD-21446@Charged	MetaCyc:CPD-21446@Charged	
cpd34953	MetaCyc:CPD-19697	MetaCyc:CPD-19697	MetaCyc:CPD-19697	MetaCyc:CPD-19697	MetaCyc:CPD-19697	MetaCyc:CPD-19697	EQ	eQuilibrator:MNXM169384	MetaCyc:CPD-19697@Charged	eQuilibrator:MNXM169384
cpd34954	MetaCyc:CPD-17961	MetaCyc:CPD-17961	MetaCyc:CPD-17961	MetaCyc:CPD-17961	MetaCyc:CPD-17961	MetaCyc:CPD-17961	EQ	eQuilibrator:MNXM152297	MetaCyc:CPD-17961@Charged	eQuilibrator:MNXM152297
cpd34955	MetaCyc:CPD-17954	MetaCyc:CPD-17954	MetaCyc:CPD-17954	MetaCyc:CPD-17954	MetaCyc:CPD-17954	MetaCyc:CPD-17954	GC	MetaCyc:CPD-17954@Charged	MetaCyc:CPD-17954@Charged	
cpd34956	MetaCyc:CPD-21216@Charged	MetaCyc:CPD-21216@Charged	MetaCyc:CPD-21216@Charged	MetaCyc:CPD-21216@Charged	MetaCyc:CPD-21216	MetaCyc:CPD-21216	GC	MetaCyc:CPD-21216@Charged	MetaCyc:CPD-21216@Charged	
cpd34957	MetaCyc:CPD-14861	MetaCyc:CPD-14861	MetaCyc:CPD-14861	MetaCyc:CPD-14861	MetaCyc:CPD-14861	MetaCyc:CPD-14861	GC	MetaCyc:CPD-14861@Charged	MetaCyc:CPD-14861@Charged	eQuilibrator:MNXM114341
cpd34958	MetaCyc:CPD-17493;ChEBI:74904	MetaCyc:CPD-17493;ChEBI:74904	MetaCyc:CPD-17493;ChEBI:74904	MetaCyc:CPD-17493;ChEBI:74904	MetaCyc:CPD-17493		EQ	eQuilibrator:MNXM57849	MetaCyc:CPD-17493@Charged	eQuilibrator:MNXM57849
cpd34959	MetaCyc:CPD-14530	MetaCyc:CPD-14530	MetaCyc:CPD-14530	MetaCyc:CPD-14530			GC	MetaCyc:CPD-14530@Charged	MetaCyc:CPD-14530@Charged	eQuilibrator:MNXM155545
cpd34960	MetaCyc:CPD-17175;ChEBI:134398	MetaCyc:CPD-17175;ChEBI:134398	MetaCyc:CPD-17175;ChEBI:134398	MetaCyc:CPD-17175;ChEBI:134398	MetaCyc:CPD-17175		GC	MetaCyc:CPD-17175@Charged	MetaCyc:CPD-17175@Charged	
cpd34961	MetaCyc:CPD-14806;ChEBI:137108	MetaCyc:CPD-14806;ChEBI:137108	MetaCyc:CPD-14806;ChEBI:137108	MetaCyc:CPD-14806;ChEBI:137108	MetaCyc:CPD-14806	MetaCyc:CPD-14806	EQ	eQuilibrator:MNXM114460	MetaCyc:CPD-14806@Charged	eQuilibrator:MNXM114460
cpd34962	MetaCyc:CPD-17902	MetaCyc:CPD-17902	MetaCyc:CPD-17902	MetaCyc:CPD-17902	MetaCyc:CPD-17902	MetaCyc:CPD-17902	GC	MetaCyc:CPD-17902@Charged	MetaCyc:CPD-17902@Charged	
cpd34963	MetaCyc:CPD-20162	MetaCyc:CPD-20162	MetaCyc:CPD-20162	MetaCyc:CPD-20162	MetaCyc:CPD-20162	MetaCyc:CPD-20162	GC	MetaCyc:CPD-20162@Charged	MetaCyc:CPD-20162@Charged	
cpd34964	MetaCyc:CPD-17761	MetaCyc:CPD-17761	MetaCyc:CPD-17761	MetaCyc:CPD-17761		MetaCyc:CPD-17761	EQ	eQuilibrator:MNXM124244	MetaCyc:CPD-17761@Charged	eQuilibrator:MNXM124244
cpd34965	MetaCyc:CPD-19601	MetaCyc:CPD-19601	MetaCyc:CPD-19601	MetaCyc:CPD-19601	MetaCyc:CPD-19601	MetaCyc:CPD-19601	GC	MetaCyc:CPD-19601@Charged	MetaCyc:CPD-19601@Charged	eQuilibrator:MNXM478630
cpd34966	MetaCyc:CPD-19818	MetaCyc:CPD-19818	MetaCyc:CPD-19818	MetaCyc:CPD-19818	MetaCyc:CPD-19818	MetaCyc:CPD-19818	GC	MetaCyc:CPD-19818@Charged	MetaCyc:CPD-19818@Charged	
cpd34967	MetaCyc:CPD-14420;ChEBI:76456	MetaCyc:CPD-14420;ChEBI:76456	MetaCyc:CPD-14420;ChEBI:76456	MetaCyc:CPD-14420;ChEBI:76456	MetaCyc:CPD-14420	MetaCyc:CPD-14420	EQ	eQuilibrator:MNXM97512	MetaCyc:CPD-14420@Charged	eQuilibrator:MNXM97512
cpd34968	MetaCyc:CPD-20330	MetaCyc:CPD-20330	MetaCyc:CPD-20330	MetaCyc:CPD-20330	MetaCyc:CPD-20330	MetaCyc:CPD-20330	EQ	eQuilibrator:MNXM63519	MetaCyc:CPD-20330@Charged	eQuilibrator:MNXM63519
cpd34969	MetaCyc:CPD-16770	MetaCyc:CPD-16770	MetaCyc:CPD-16770	MetaCyc:CPD-16770	MetaCyc:CPD-16770		EQ	eQuilibrator:MNXM155671	MetaCyc:CPD-16770@Charged	eQuilibrator:MNXM155671
cpd34970	MetaCyc:CPD-20614;ChEBI:139336	MetaCyc:CPD-20614;ChEBI:139336	MetaCyc:CPD-20614;ChEBI:139336	MetaCyc:CPD-20614;ChEBI:139336	MetaCyc:CPD-20614	MetaCyc:CPD-20614	GC	MetaCyc:CPD-20614@Charged	MetaCyc:CPD-20614@Charged	
cpd34971	MetaCyc:CPD-18255;ChEBI:133763	MetaCyc:CPD-18255;ChEBI:133763	MetaCyc:CPD-18255;ChEBI:133763	MetaCyc:CPD-18255;ChEBI:133763	MetaCyc:CPD-18255	MetaCyc:CPD-18255	EQ	eQuilibrator:MNXM128792	MetaCyc:CPD-18255@Charged	eQuilibrator:MNXM128792
cpd34972	MetaCyc:CPD-18795	MetaCyc:CPD-18795	MetaCyc:CPD-18795	MetaCyc:CPD-18795	MetaCyc:CPD-18795	MetaCyc:CPD-18795	EQ	eQuilibrator:MNXM722438	MetaCyc:CPD-18795@Charged	eQuilibrator:MNXM722438
cpd34973	MetaCyc:CPD-20761@Charged	MetaCyc:CPD-20761@Charged	MetaCyc:CPD-20761@Charged	MetaCyc:CPD-20761@Charged	MetaCyc:CPD-20761	MetaCyc:CPD-20761	GC	MetaCyc:CPD-20761@Charged	MetaCyc:CPD-20761@Charged	
cpd34974	MetaCyc:CPD-15792	MetaCyc:CPD-15792	MetaCyc:CPD-15792	MetaCyc:CPD-15792	MetaCyc:CPD-15792	MetaCyc:CPD-15792	EQ	eQuilibrator:MNXM150186	MetaCyc:CPD-15792@Charged	eQuilibrator:MNXM150186
cpd34975	MetaCyc:CPD-17141	MetaCyc:CPD-17141	MetaCyc:CPD-17141	MetaCyc:CPD-17141	MetaCyc:CPD-17141	MetaCyc:CPD-17141	GC	MetaCyc:CPD-17141@Charged	MetaCyc:CPD-17141@Charged	
cpd34976	MetaCyc:CPD-20462;ChEBI:140433	MetaCyc:CPD-20462;ChEBI:140433	MetaCyc:CPD-20462;ChEBI:140433	MetaCyc:CPD-20462;ChEBI:140433	MetaCyc:CPD-20462	MetaCyc:CPD-20462	GC	MetaCyc:CPD-20462@Charged	MetaCyc:CPD-20462@Charged	
cpd34977					MetaCyc:CPD-19790	MetaCyc:CPD-19790	GC			
cpd34978	MetaCyc:CPD-15060	MetaCyc:CPD-15060	MetaCyc:CPD-15060	MetaCyc:CPD-15060	MetaCyc:CPD-15060	MetaCyc:CPD-15060	GC	MetaCyc:CPD-15060@Charged	MetaCyc:CPD-15060@Charged	
cpd34979	MetaCyc:CPD-21354	MetaCyc:CPD-21354	MetaCyc:CPD-21354	MetaCyc:CPD-21354	MetaCyc:CPD-21354		GC	MetaCyc:CPD-21354@Charged	MetaCyc:CPD-21354@Charged	
cpd34980	MetaCyc:CPD-19570	MetaCyc:CPD-19570	MetaCyc:CPD-19570	MetaCyc:CPD-19570@Charged	MetaCyc:CPD-19570	MetaCyc:CPD-19570	GC	MetaCyc:CPD-19570@Charged	MetaCyc:CPD-19570@Charged	eQuilibrator:MNXM165511
cpd34981	MetaCyc:CPD-16953	MetaCyc:CPD-16953	MetaCyc:CPD-16953	MetaCyc:CPD-16953	MetaCyc:CPD-16953	MetaCyc:CPD-16953	GC	MetaCyc:CPD-16953@Charged	MetaCyc:CPD-16953@Charged	eQuilibrator:MNXM147720
cpd34982	MetaCyc:CPD-14880@Charged	MetaCyc:CPD-14880@Charged	MetaCyc:CPD-14880@Charged	MetaCyc:CPD-14880@Charged	MetaCyc:CPD-14880	MetaCyc:CPD-14880	GC	MetaCyc:CPD-14880@Charged	MetaCyc:CPD-14880@Charged	
cpd34983	MetaCyc:CPD-19768@Charged	MetaCyc:CPD-19768@Charged		MetaCyc:CPD-19768@Charged	MetaCyc:CPD-19768	MetaCyc:CPD-19768	GC	MetaCyc:CPD-19768@Charged	MetaCyc:CPD-19768@Charged	
cpd34984	MetaCyc:CPD-14557;ChEBI:84879	MetaCyc:CPD-14557;ChEBI:84879	MetaCyc:CPD-14557;ChEBI:84879	MetaCyc:CPD-14557;ChEBI:84879		MetaCyc:CPD-14557	GC	MetaCyc:CPD-14557@Charged	MetaCyc:CPD-14557@Charged	
cpd34985	MetaCyc:CPD-17686	MetaCyc:CPD-17686	MetaCyc:CPD-17686	MetaCyc:CPD-17686	MetaCyc:CPD-17686		EQ	eQuilibrator:MNXM48986	MetaCyc:CPD-17686@Charged	eQuilibrator:MNXM48986
cpd34986	MetaCyc:CPD-17666	MetaCyc:CPD-17666	MetaCyc:CPD-17666	MetaCyc:CPD-17666	MetaCyc:CPD-17666	MetaCyc:CPD-17666	EQ	eQuilibrator:MNXM149055	MetaCyc:CPD-17666@Charged	eQuilibrator:MNXM149055
cpd34987	MetaCyc:CPD-18686	MetaCyc:CPD-18686	MetaCyc:CPD-18686	MetaCyc:CPD-18686	MetaCyc:CPD-18686	MetaCyc:CPD-18686	EQ	eQuilibrator:MNXM165031	MetaCyc:CPD-18686@Charged	eQuilibrator:MNXM165031
cpd34988	MetaCyc:CPD-19613	MetaCyc:CPD-19613	MetaCyc:CPD-19613	MetaCyc:CPD-19613	MetaCyc:CPD-19613	MetaCyc:CPD-19613	EQ	eQuilibrator:MNXM683041	MetaCyc:CPD-19613@Charged	eQuilibrator:MNXM683041
cpd34989	MetaCyc:CPD-17871@Charged	MetaCyc:CPD-17871@Charged	MetaCyc:CPD-17871@Charged	MetaCyc:CPD-17871@Charged	MetaCyc:CPD-17871	MetaCyc:CPD-17871	GC	MetaCyc:CPD-17871@Charged	MetaCyc:CPD-17871@Charged	
cpd34990	MetaCyc:CPD-20980	MetaCyc:CPD-20980	MetaCyc:CPD-20980	MetaCyc:CPD-20980	MetaCyc:CPD-20980	MetaCyc:CPD-20980	GC	MetaCyc:CPD-20980@Charged	MetaCyc:CPD-20980@Charged	
cpd34991	MetaCyc:CPD-17042	MetaCyc:CPD-17042	MetaCyc:CPD-17042	MetaCyc:CPD-17042	MetaCyc:CPD-17042	MetaCyc:CPD-17042	GC	MetaCyc:CPD-17042@Charged	MetaCyc:CPD-17042@Charged	
cpd34992	MetaCyc:CPD-20557	MetaCyc:CPD-20557	MetaCyc:CPD-20557	MetaCyc:CPD-20557		MetaCyc:CPD-20557	GC	MetaCyc:CPD-20557@Charged	MetaCyc:CPD-20557@Charged	
cpd34993	MetaCyc:CPD-20029	MetaCyc:CPD-20029	MetaCyc:CPD-20029	MetaCyc:CPD-20029	MetaCyc:CPD-20029	MetaCyc:CPD-20029	GC	MetaCyc:CPD-20029@Charged	MetaCyc:CPD-20029@Charged	
cpd34994	MetaCyc:CPD-21013	MetaCyc:CPD-21013	MetaCyc:CPD-21013	MetaCyc:CPD-21013	MetaCyc:CPD-21013	MetaCyc:CPD-21013	GC	MetaCyc:CPD-21013@Charged	MetaCyc:CPD-21013@Charged	
cpd34995	MetaCyc:CPD-18197	MetaCyc:CPD-18197	MetaCyc:CPD-18197	MetaCyc:CPD-18197	MetaCyc:CPD-18197	MetaCyc:CPD-18197	GC	MetaCyc:CPD-18197@Charged	MetaCyc:CPD-18197@Charged	
cpd34996	MetaCyc:CPD-18467	MetaCyc:CPD-18467	MetaCyc:CPD-18467	MetaCyc:CPD-18467			GC	MetaCyc:CPD-18467@Charged	MetaCyc:CPD-18467@Charged	eQuilibrator:MNXM588490
cpd34997	MetaCyc:CPD-15401	MetaCyc:CPD-15401	MetaCyc:CPD-15401	MetaCyc:CPD-15401	MetaCyc:CPD-15401	MetaCyc:CPD-15401	GC	MetaCyc:CPD-15401@Charged	MetaCyc:CPD-15401@Charged	eQuilibrator:MNXM151533
cpd34998	MetaCyc:CPD-18787;ChEBI:91253	MetaCyc:CPD-18787;ChEBI:91253	MetaCyc:CPD-18787;ChEBI:91253	MetaCyc:CPD-18787;ChEBI:91253	MetaCyc:CPD-18787	MetaCyc:CPD-18787	GC	MetaCyc:CPD-18787@Charged	MetaCyc:CPD-18787@Charged	eQuilibrator:MNXM162475
cpd34999	MetaCyc:CPD-19598	MetaCyc:CPD-19598	MetaCyc:CPD-19598	MetaCyc:CPD-19598	MetaCyc:CPD-19598	MetaCyc:CPD-19598	GC	MetaCyc:CPD-19598@Charged	MetaCyc:CPD-19598@Charged	
