reaction	atom_mapping_confidence
rxn00001	clean
rxn00002	clean
rxn00003	clean
rxn00004	clean
rxn00006	clean
rxn00007	clean
rxn00008	clean
rxn00009	clean
rxn00010	salvaged
rxn00011	clean
rxn00012	clean
rxn00013	clean
rxn00014	clean
rxn00015	clean
rxn00016	clean
rxn00017	salvaged
rxn00018	salvaged
rxn00019	salvaged
rxn00020	clean
rxn00021	clean
rxn00022	clean
rxn00023	salvaged
rxn00024	clean
rxn00025	clean
rxn00026	clean
rxn00028	clean
rxn00029	clean
rxn00030	clean
rxn00031	salvaged
rxn00032	clean
rxn00033	clean
rxn00034	clean
rxn00035	clean
rxn00036	clean
rxn00037	clean
rxn00038	clean
rxn00039	clean
rxn00040	clean
rxn00041	clean
rxn00042	clean
rxn00043	clean
rxn00044	clean
rxn00045	clean
rxn00046	clean
rxn00047	clean
rxn00048	clean
rxn00050	clean
rxn00051	clean
rxn00052	clean
rxn00053	clean
rxn00054	clean
rxn00055	salvaged
rxn00056	salvaged
rxn00057	clean
rxn00058	clean
rxn00060	clean
rxn00061	clean
rxn00062	clean
rxn00063	clean
rxn00064	clean
rxn00065	clean
rxn00066	clean
rxn00067	clean
rxn00068	salvaged
rxn00069	clean
rxn00070	salvaged
rxn00072	salvaged
rxn00073	clean
rxn00074	salvaged
rxn00075	clean
rxn00076	clean
rxn00077	clean
rxn00078	clean
rxn00080	salvaged
rxn00081	salvaged
rxn00082	clean
rxn00083	clean
rxn00084	clean
rxn00085	clean
rxn00086	salvaged
rxn00087	salvaged
rxn00088	clean
rxn00089	clean
rxn00090	salvaged
rxn00091	clean
rxn00092	clean
rxn00093	clean
rxn00095	clean
rxn00096	clean
rxn00097	clean
rxn00098	clean
rxn00099	clean
rxn00100	clean
rxn00101	clean
rxn00102	clean
rxn00103	salvaged
rxn00104	salvaged
rxn00105	salvaged
rxn00106	clean
rxn00107	clean
rxn00108	clean
rxn00109	clean
rxn00112	clean
rxn00113	clean
rxn00114	clean
rxn00115	salvaged
rxn00116	clean
rxn00117	salvaged
rxn00118	clean
rxn00119	clean
rxn00120	clean
rxn00121	clean
rxn00122	clean
rxn00123	clean
rxn00124	clean
rxn00125	salvaged
rxn00126	salvaged
rxn00127	salvaged
rxn00128	clean
rxn00129	clean
rxn00130	clean
rxn00131	clean
rxn00132	clean
rxn00133	clean
rxn00134	clean
rxn00135	clean
rxn00136	clean
rxn00137	clean
rxn00138	salvaged
rxn00139	clean
rxn00140	clean
rxn00141	clean
rxn00142	clean
rxn00143	clean
rxn00144	clean
rxn00145	clean
rxn00146	clean
rxn00147	salvaged
rxn00148	clean
rxn00149	clean
rxn00150	clean
rxn00151	salvaged
rxn00152	clean
rxn00153	clean
rxn00154	clean
rxn00155	clean
rxn00156	clean
rxn00157	clean
rxn00158	clean
rxn00159	salvaged
rxn00160	salvaged
rxn00161	salvaged
rxn00162	salvaged
rxn00163	salvaged
rxn00164	salvaged
rxn00165	clean
rxn00166	clean
rxn00168	clean
rxn00170	clean
rxn00171	clean
rxn00172	clean
rxn00173	clean
rxn00174	salvaged
rxn00175	salvaged
rxn00176	clean
rxn00177	clean
rxn00178	salvaged
rxn00179	clean
rxn00180	clean
rxn00181	clean
rxn00182	clean
rxn00183	clean
rxn00184	clean
rxn00185	clean
rxn00186	clean
rxn00187	clean
rxn00188	clean
rxn00189	clean
rxn00190	salvaged
rxn00191	clean
rxn00192	clean
rxn00193	clean
rxn00194	salvaged
rxn00195	clean
rxn00196	clean
rxn00197	salvaged
rxn00198	salvaged
rxn00199	salvaged
rxn00200	clean
rxn00201	clean
rxn00202	clean
rxn00203	salvaged
rxn00204	salvaged
rxn00205	salvaged
rxn00206	salvaged
rxn00207	salvaged
rxn00208	clean
rxn00209	clean
rxn00210	clean
rxn00211	clean
rxn00212	clean
rxn00213	clean
rxn00214	clean
rxn00215	clean
rxn00216	clean
rxn00217	clean
rxn00218	clean
rxn00219	clean
rxn00220	clean
rxn00221	clean
rxn00222	clean
rxn00223	clean
rxn00225	clean
rxn00226	clean
rxn00227	clean
rxn00228	clean
rxn00229	clean
rxn00230	clean
rxn00231	clean
rxn00232	clean
rxn00233	clean
rxn00234	clean
rxn00235	clean
rxn00236	clean
rxn00237	clean
rxn00238	salvaged
rxn00239	clean
rxn00240	salvaged
rxn00241	clean
rxn00242	clean
rxn00243	clean
rxn00244	clean
rxn00245	clean
rxn00247	salvaged
rxn00248	clean
rxn00249	clean
rxn00250	clean
rxn00251	clean
rxn00252	clean
rxn00253	clean
rxn00254	clean
rxn00255	clean
rxn00256	clean
rxn00257	clean
rxn00258	salvaged
rxn00259	clean
rxn00260	clean
rxn00262	clean
rxn00263	clean
rxn00264	clean
rxn00265	clean
rxn00266	clean
rxn00267	clean
rxn00268	clean
rxn00269	clean
rxn00270	clean
rxn00271	clean
rxn00272	clean
rxn00273	salvaged
rxn00274	salvaged
rxn00275	clean
rxn00276	clean
rxn00277	salvaged
rxn00278	clean
rxn00279	salvaged
rxn00280	clean
rxn00281	salvaged
rxn00282	clean
rxn00283	clean
rxn00284	clean
rxn00285	clean
rxn00286	clean
rxn00287	clean
rxn00288	clean
rxn00289	clean
rxn00290	clean
rxn00291	clean
rxn00292	clean
rxn00293	clean
rxn00295	clean
rxn00297	clean
rxn00298	clean
rxn00299	clean
rxn00300	salvaged
rxn00301	clean
rxn00302	clean
rxn00303	salvaged
rxn00304	clean
rxn00305	salvaged
rxn00306	clean
rxn00307	clean
rxn00308	clean
rxn00309	clean
rxn00310	salvaged
rxn00311	clean
rxn00312	clean
rxn00313	salvaged
rxn00314	clean
rxn00315	salvaged
rxn00316	clean
rxn00317	clean
rxn00318	clean
rxn00319	clean
rxn00320	clean
rxn00321	clean
rxn00322	salvaged
rxn00323	clean
rxn00324	clean
rxn00325	clean
rxn00326	salvaged
rxn00327	clean
rxn00328	clean
rxn00330	clean
rxn00331	clean
rxn00332	salvaged
rxn00333	clean
rxn00334	clean
rxn00335	clean
rxn00336	clean
rxn00337	clean
rxn00338	clean
rxn00339	clean
rxn00340	salvaged
rxn00341	clean
rxn00342	clean
rxn00343	clean
rxn00344	clean
rxn00345	clean
rxn00346	salvaged
rxn00347	clean
rxn00348	clean
rxn00349	salvaged
rxn00350	clean
rxn00351	clean
rxn00352	clean
rxn00353	salvaged
rxn00354	clean
rxn00355	clean
rxn00356	clean
rxn00357	clean
rxn00358	clean
rxn00359	clean
rxn00360	clean
rxn00361	clean
rxn00362	clean
rxn00363	clean
rxn00364	clean
rxn00365	clean
rxn00366	clean
rxn00367	clean
rxn00368	clean
rxn00369	clean
rxn00370	clean
rxn00371	salvaged
rxn00372	clean
rxn00373	salvaged
rxn00374	clean
rxn00375	clean
rxn00376	clean
rxn00377	clean
rxn00378	clean
rxn00379	clean
rxn00380	clean
rxn00381	clean
rxn00382	clean
rxn00383	clean
rxn00384	clean
rxn00385	clean
rxn00386	clean
rxn00387	clean
rxn00388	salvaged
rxn00391	clean
rxn00392	clean
rxn00393	salvaged
rxn00394	clean
rxn00395	clean
rxn00396	clean
rxn00397	clean
rxn00399	clean
rxn00400	clean
rxn00401	clean
rxn00402	clean
rxn00403	clean
rxn00404	clean
rxn00405	salvaged
rxn00406	clean
rxn00407	clean
rxn00408	clean
rxn00409	salvaged
rxn00410	clean
rxn00411	clean
rxn00412	clean
rxn00413	clean
rxn00414	clean
rxn00415	clean
rxn00416	clean
rxn00417	clean
rxn00418	clean
rxn00419	clean
rxn00420	clean
rxn00421	clean
rxn00422	clean
rxn00423	clean
rxn00424	salvaged
rxn00425	clean
rxn00426	clean
rxn00427	clean
rxn00428	clean
rxn00429	clean
rxn00430	clean
rxn00431	clean
rxn00432	clean
rxn00433	clean
rxn00434	salvaged
rxn00435	clean
rxn00436	clean
rxn00437	clean
rxn00438	clean
rxn00439	clean
rxn00440	clean
rxn00441	salvaged
rxn00443	clean
rxn00444	clean
rxn00445	clean
rxn00448	salvaged
rxn00449	clean
rxn00450	clean
rxn00451	clean
rxn00452	clean
rxn00453	clean
rxn00454	clean
rxn00455	salvaged
rxn00456	clean
rxn00457	clean
rxn00458	salvaged
rxn00459	clean
rxn00460	clean
rxn00461	clean
rxn00462	clean
rxn00463	clean
rxn00464	salvaged
rxn00465	clean
rxn00466	clean
rxn00467	clean
rxn00468	clean
rxn00469	clean
rxn00470	salvaged
rxn00471	clean
rxn00472	clean
rxn00473	clean
rxn00474	clean
rxn00475	clean
rxn00476	clean
rxn00477	clean
rxn00478	clean
rxn00479	clean
rxn00480	clean
rxn00481	clean
rxn00482	clean
rxn00483	clean
rxn00484	salvaged
rxn00485	salvaged
rxn00486	salvaged
rxn00487	clean
rxn00488	clean
rxn00489	clean
rxn00490	clean
rxn00491	clean
rxn00492	clean
rxn00493	clean
rxn00494	clean
rxn00495	clean
rxn00496	salvaged
rxn00497	salvaged
rxn00498	clean
rxn00499	clean
rxn00500	clean
rxn00501	salvaged
rxn00502	salvaged
rxn00503	clean
rxn00504	clean
rxn00505	salvaged
rxn00506	clean
rxn00507	clean
rxn00508	clean
rxn00509	clean
rxn00510	clean
rxn00511	clean
rxn00512	clean
rxn00513	clean
rxn00514	clean
rxn00515	clean
rxn00516	clean
rxn00517	clean
rxn00518	clean
rxn00519	salvaged
rxn00520	clean
rxn00521	clean
rxn00522	clean
rxn00523	clean
rxn00524	clean
rxn00525	salvaged
rxn00526	salvaged
rxn00527	clean
rxn00528	salvaged
rxn00529	salvaged
rxn00530	clean
rxn00531	clean
rxn00532	salvaged
rxn00533	clean
rxn00534	salvaged
rxn00535	clean
rxn00536	clean
rxn00537	clean
rxn00538	clean
rxn00539	clean
rxn00540	clean
rxn00541	clean
rxn00542	clean
rxn00543	clean
rxn00544	clean
rxn00545	clean
rxn00546	clean
rxn00547	clean
rxn00548	clean
rxn00549	clean
rxn00550	clean
rxn00551	clean
rxn00552	clean
rxn00553	clean
rxn00554	clean
rxn00555	clean
rxn00556	clean
rxn00557	clean
rxn00558	clean
rxn00559	clean
rxn00560	clean
rxn00561	clean
rxn00562	clean
rxn00563	clean
rxn00564	clean
rxn00565	clean
rxn00566	clean
rxn00567	clean
rxn00568	clean
rxn00569	clean
rxn00570	clean
rxn00571	salvaged
rxn00572	salvaged
rxn00573	salvaged
rxn00574	salvaged
rxn00575	clean
rxn00577	clean
rxn00578	clean
rxn00579	clean
rxn00580	clean
rxn00581	clean
rxn00582	clean
rxn00583	clean
rxn00584	clean
rxn00585	clean
rxn00586	clean
rxn00587	clean
rxn00588	salvaged
rxn00589	salvaged
rxn00591	clean
rxn00592	salvaged
rxn00593	salvaged
rxn00594	clean
rxn00595	clean
rxn00596	clean
rxn00598	clean
rxn00599	clean
rxn00600	salvaged
rxn00601	clean
rxn00602	clean
rxn00603	clean
rxn00604	clean
rxn00605	clean
rxn00606	clean
rxn00607	clean
rxn00608	clean
rxn00609	clean
rxn00610	clean
rxn00611	clean
rxn00612	clean
rxn00613	clean
rxn00614	clean
rxn00615	clean
rxn00616	clean
rxn00617	clean
rxn00618	clean
rxn00619	clean
rxn00620	clean
rxn00621	clean
rxn00622	salvaged
rxn00623	clean
rxn00624	salvaged
rxn00625	clean
rxn00626	clean
rxn00627	clean
rxn00629	clean
rxn00630	clean
rxn00631	clean
rxn00632	clean
rxn00633	clean
rxn00634	clean
rxn00635	clean
rxn00636	clean
rxn00638	clean
rxn00639	clean
rxn00640	clean
rxn00641	clean
rxn00642	clean
rxn00643	clean
rxn00644	salvaged
rxn00645	clean
rxn00646	clean
rxn00647	clean
rxn00649	clean
rxn00650	clean
rxn00651	clean
rxn00652	clean
rxn00653	clean
rxn00654	clean
rxn00655	clean
rxn00656	clean
rxn00657	clean
rxn00658	salvaged
rxn00659	salvaged
rxn00660	clean
rxn00661	salvaged
rxn00662	clean
rxn00663	clean
rxn00664	salvaged
rxn00666	salvaged
rxn00667	salvaged
rxn00668	clean
rxn00669	clean
rxn00670	clean
rxn00671	salvaged
rxn00672	salvaged
rxn00673	clean
rxn00674	salvaged
rxn00675	clean
rxn00676	salvaged
rxn00677	clean
rxn00678	salvaged
rxn00679	clean
rxn00680	clean
rxn00681	salvaged
rxn00682	clean
rxn00684	clean
rxn00685	clean
rxn00686	clean
rxn00687	clean
rxn00688	clean
rxn00690	clean
rxn00691	clean
rxn00692	clean
rxn00693	clean
rxn00695	salvaged
rxn00697	clean
rxn00698	clean
rxn00699	clean
rxn00700	clean
rxn00701	clean
rxn00702	clean
rxn00703	clean
rxn00704	clean
rxn00706	clean
rxn00707	clean
rxn00708	clean
rxn00709	clean
rxn00710	salvaged
rxn00711	clean
rxn00712	clean
rxn00713	clean
rxn00714	clean
rxn00715	clean
rxn00716	salvaged
rxn00717	clean
rxn00718	clean
rxn00719	clean
rxn00720	clean
rxn00721	salvaged
rxn00722	clean
rxn00723	salvaged
rxn00724	clean
rxn00725	clean
rxn00726	clean
rxn00727	clean
rxn00728	clean
rxn00729	clean
rxn00730	salvaged
rxn00731	salvaged
rxn00732	salvaged
rxn00735	salvaged
rxn00736	salvaged
rxn00737	clean
rxn00738	clean
rxn00739	clean
rxn00740	clean
rxn00741	clean
rxn00742	clean
rxn00743	clean
rxn00744	clean
rxn00745	clean
rxn00746	clean
rxn00747	clean
rxn00748	clean
rxn00749	clean
rxn00750	clean
rxn00751	clean
rxn00752	clean
rxn00753	clean
rxn00754	clean
rxn00755	clean
rxn00756	clean
rxn00757	salvaged
rxn00758	clean
rxn00759	salvaged
rxn00760	salvaged
rxn00762	clean
rxn00763	clean
rxn00764	clean
rxn00765	clean
rxn00766	clean
rxn00767	clean
rxn00768	clean
rxn00769	clean
rxn00770	clean
rxn00771	clean
rxn00772	clean
rxn00773	clean
rxn00774	clean
rxn00775	clean
rxn00776	clean
rxn00777	clean
rxn00778	clean
rxn00779	clean
rxn00780	clean
rxn00781	clean
rxn00782	clean
rxn00783	clean
rxn00784	clean
rxn00785	clean
rxn00786	clean
rxn00787	clean
rxn00789	clean
rxn00790	clean
rxn00791	clean
rxn00792	clean
rxn00793	salvaged
rxn00794	clean
rxn00795	clean
rxn00796	clean
rxn00797	clean
rxn00798	clean
rxn00799	clean
rxn00800	clean
rxn00801	clean
rxn00802	salvaged
rxn00803	clean
rxn00804	clean
rxn00805	clean
rxn00806	clean
rxn00807	clean
rxn00808	clean
rxn00809	clean
rxn00810	clean
rxn00811	clean
rxn00812	clean
rxn00813	clean
rxn00814	clean
rxn00815	clean
rxn00816	clean
rxn00817	clean
rxn00818	clean
rxn00819	clean
rxn00820	salvaged
rxn00821	salvaged
rxn00822	salvaged
rxn00824	salvaged
rxn00826	salvaged
rxn00827	clean
rxn00829	clean
rxn00830	clean
rxn00831	clean
rxn00832	clean
rxn00833	clean
rxn00834	clean
rxn00835	clean
rxn00836	clean
rxn00837	clean
rxn00838	salvaged
rxn00839	clean
rxn00840	clean
rxn00841	clean
rxn00842	clean
rxn00843	clean
rxn00844	clean
rxn00845	clean
rxn00846	clean
rxn00847	salvaged
rxn00848	clean
rxn00849	clean
rxn00850	clean
rxn00851	clean
rxn00852	clean
rxn00853	clean
rxn00854	clean
rxn00855	clean
rxn00856	clean
rxn00857	clean
rxn00858	clean
rxn00859	clean
rxn00860	clean
rxn00861	clean
rxn00862	clean
rxn00863	clean
rxn00864	salvaged
rxn00865	clean
rxn00866	salvaged
rxn00867	clean
rxn00868	clean
rxn00869	clean
rxn00870	clean
rxn00871	clean
rxn00872	clean
rxn00873	salvaged
rxn00874	clean
rxn00875	clean
rxn00876	clean
rxn00877	clean
rxn00878	clean
rxn00879	clean
rxn00880	clean
rxn00881	clean
rxn00882	clean
rxn00883	clean
rxn00884	clean
rxn00885	clean
rxn00886	clean
rxn00887	clean
rxn00888	clean
rxn00889	clean
rxn00890	clean
rxn00891	clean
rxn00892	clean
rxn00893	clean
rxn00894	clean
rxn00895	clean
rxn00896	clean
rxn00897	clean
rxn00898	clean
rxn00899	salvaged
rxn00900	salvaged
rxn00901	clean
rxn00902	clean
rxn00903	clean
rxn00904	clean
rxn00905	clean
rxn00906	clean
rxn00907	clean
rxn00908	clean
rxn00909	clean
rxn00910	clean
rxn00911	clean
rxn00912	clean
rxn00913	clean
rxn00914	clean
rxn00915	clean
rxn00916	salvaged
rxn00917	salvaged
rxn00918	clean
rxn00919	clean
rxn00920	clean
rxn00921	salvaged
rxn00922	clean
rxn00923	clean
rxn00924	clean
rxn00925	clean
rxn00926	clean
rxn00927	clean
rxn00928	clean
rxn00929	clean
rxn00930	clean
rxn00931	clean
rxn00932	clean
rxn00933	clean
rxn00934	clean
rxn00935	clean
rxn00936	clean
rxn00937	clean
rxn00938	clean
rxn00939	clean
rxn00940	clean
rxn00941	clean
rxn00942	clean
rxn00943	clean
rxn00944	clean
rxn00945	clean
rxn00946	clean
rxn00947	salvaged
rxn00948	salvaged
rxn00949	clean
rxn00950	clean
rxn00952	clean
rxn00953	clean
rxn00955	clean
rxn00956	salvaged
rxn00957	clean
rxn00958	clean
rxn00959	clean
rxn00960	clean
rxn00961	salvaged
rxn00962	clean
rxn00963	salvaged
rxn00964	salvaged
rxn00965	clean
rxn00966	clean
rxn00967	clean
rxn00968	clean
rxn00969	salvaged
rxn00970	clean
rxn00971	clean
rxn00972	salvaged
rxn00973	clean
rxn00974	clean
rxn00975	clean
rxn00976	clean
rxn00977	clean
rxn00978	clean
rxn00979	clean
rxn00980	clean
rxn00981	clean
rxn00982	salvaged
rxn00983	salvaged
rxn00984	salvaged
rxn00985	clean
rxn00986	clean
rxn00987	clean
rxn00988	salvaged
rxn00989	clean
rxn00990	clean
rxn00991	clean
rxn00992	clean
rxn00993	clean
rxn00994	clean
rxn00995	salvaged
rxn00996	clean
rxn00997	clean
rxn00998	clean
rxn00999	clean
rxn01000	clean
rxn01001	clean
rxn01002	clean
rxn01003	salvaged
rxn01004	clean
rxn01005	clean
rxn01007	salvaged
rxn01008	clean
rxn01009	clean
rxn01010	clean
rxn01011	clean
rxn01012	salvaged
rxn01013	clean
rxn01014	salvaged
rxn01015	clean
rxn01016	clean
rxn01017	clean
rxn01018	clean
rxn01019	clean
rxn01020	salvaged
rxn01021	clean
rxn01022	clean
rxn01023	clean
rxn01024	clean
rxn01025	clean
rxn01026	salvaged
rxn01027	clean
rxn01028	clean
rxn01029	clean
rxn01030	clean
rxn01031	clean
rxn01032	clean
rxn01033	clean
rxn01034	clean
rxn01035	salvaged
rxn01036	salvaged
rxn01037	clean
rxn01038	clean
rxn01039	clean
rxn01040	salvaged
rxn01041	clean
rxn01042	clean
rxn01043	clean
rxn01044	clean
rxn01045	clean
rxn01046	salvaged
rxn01047	salvaged
rxn01048	clean
rxn01049	clean
rxn01050	clean
rxn01051	clean
rxn01052	clean
rxn01053	clean
rxn01054	salvaged
rxn01055	clean
rxn01056	clean
rxn01057	clean
rxn01058	clean
rxn01060	clean
rxn01061	clean
rxn01062	clean
rxn01063	clean
rxn01064	clean
rxn01065	clean
rxn01066	salvaged
rxn01067	clean
rxn01068	clean
rxn01069	clean
rxn01070	clean
rxn01071	clean
rxn01072	clean
rxn01073	clean
rxn01074	clean
rxn01075	clean
rxn01076	clean
rxn01078	salvaged
rxn01079	clean
rxn01080	clean
rxn01081	clean
rxn01082	clean
rxn01083	clean
rxn01084	salvaged
rxn01087	salvaged
rxn01088	salvaged
rxn01089	salvaged
rxn01090	salvaged
rxn01091	salvaged
rxn01092	salvaged
rxn01093	clean
rxn01094	clean
rxn01095	salvaged
rxn01096	clean
rxn01097	clean
rxn01098	clean
rxn01099	clean
rxn01100	clean
rxn01101	clean
rxn01102	clean
rxn01103	clean
rxn01104	clean
rxn01105	clean
rxn01106	clean
rxn01107	clean
rxn01108	clean
rxn01109	clean
rxn01110	clean
rxn01111	clean
rxn01112	clean
rxn01113	clean
rxn01114	clean
rxn01115	salvaged
rxn01116	clean
rxn01117	clean
rxn01118	clean
rxn01119	clean
rxn01121	clean
rxn01122	clean
rxn01123	clean
rxn01124	clean
rxn01125	clean
rxn01126	clean
rxn01127	clean
rxn01128	clean
rxn01129	clean
rxn01130	clean
rxn01131	clean
rxn01132	clean
rxn01133	clean
rxn01134	clean
rxn01135	salvaged
rxn01136	clean
rxn01137	clean
rxn01138	clean
rxn01139	clean
rxn01140	clean
rxn01141	clean
rxn01142	clean
rxn01143	clean
rxn01144	salvaged
rxn01145	clean
rxn01146	clean
rxn01147	salvaged
rxn01148	clean
rxn01149	clean
rxn01150	clean
rxn01151	clean
rxn01152	clean
rxn01153	clean
rxn01154	clean
rxn01156	clean
rxn01157	clean
rxn01158	salvaged
rxn01159	salvaged
rxn01160	clean
rxn01161	salvaged
rxn01162	clean
rxn01163	clean
rxn01164	clean
rxn01165	clean
rxn01166	clean
rxn01167	clean
rxn01168	salvaged
rxn01169	clean
rxn01170	clean
rxn01171	clean
rxn01172	clean
rxn01173	clean
rxn01174	clean
rxn01175	salvaged
rxn01176	clean
rxn01177	clean
rxn01179	salvaged
rxn01180	salvaged
rxn01181	clean
rxn01182	salvaged
rxn01183	clean
rxn01184	clean
rxn01185	clean
rxn01186	clean
rxn01187	clean
rxn01188	clean
rxn01189	clean
rxn01190	salvaged
rxn01191	salvaged
rxn01192	salvaged
rxn01193	clean
rxn01194	salvaged
rxn01195	salvaged
rxn01196	salvaged
rxn01197	clean
rxn01198	salvaged
rxn01199	clean
rxn01200	clean
rxn01201	clean
rxn01202	clean
rxn01203	clean
rxn01204	clean
rxn01205	clean
rxn01206	clean
rxn01207	salvaged
rxn01208	salvaged
rxn01209	clean
rxn01210	clean
rxn01211	clean
rxn01212	clean
rxn01213	clean
rxn01214	clean
rxn01216	clean
rxn01217	clean
rxn01218	clean
rxn01219	clean
rxn01220	clean
rxn01221	clean
rxn01222	clean
rxn01223	clean
rxn01224	clean
rxn01225	clean
rxn01226	clean
rxn01228	clean
rxn01229	clean
rxn01230	clean
rxn01231	salvaged
rxn01232	clean
rxn01233	clean
rxn01234	clean
rxn01235	salvaged
rxn01236	clean
rxn01237	clean
rxn01238	salvaged
rxn01239	clean
rxn01240	clean
rxn01241	clean
rxn01242	clean
rxn01243	salvaged
rxn01244	salvaged
rxn01245	salvaged
rxn01246	clean
rxn01247	clean
rxn01248	clean
rxn01249	clean
rxn01250	salvaged
rxn01251	clean
rxn01252	clean
rxn01253	clean
rxn01254	clean
rxn01255	clean
rxn01256	clean
rxn01257	clean
rxn01258	clean
rxn01259	clean
rxn01261	clean
rxn01262	clean
rxn01263	clean
rxn01264	clean
rxn01265	clean
rxn01266	salvaged
rxn01267	salvaged
rxn01268	salvaged
rxn01269	salvaged
rxn01270	clean
rxn01271	clean
rxn01272	salvaged
rxn01273	clean
rxn01274	clean
rxn01275	clean
rxn01276	clean
rxn01277	clean
rxn01278	clean
rxn01279	clean
rxn01280	clean
rxn01281	clean
rxn01282	clean
rxn01283	salvaged
rxn01284	salvaged
rxn01285	salvaged
rxn01286	clean
rxn01287	clean
rxn01288	clean
rxn01289	clean
rxn01290	clean
rxn01291	clean
rxn01292	clean
rxn01293	clean
rxn01294	salvaged
rxn01295	clean
rxn01296	clean
rxn01297	clean
rxn01298	clean
rxn01299	clean
rxn01300	clean
rxn01301	clean
rxn01302	clean
rxn01303	clean
rxn01304	clean
rxn01305	clean
rxn01306	clean
rxn01307	clean
rxn01308	clean
rxn01310	clean
rxn01313	clean
rxn01314	clean
rxn01315	clean
rxn01316	clean
rxn01317	clean
rxn01318	salvaged
rxn01319	salvaged
rxn01320	salvaged
rxn01322	clean
rxn01323	clean
rxn01324	clean
rxn01325	clean
rxn01326	clean
rxn01327	clean
rxn01328	clean
rxn01329	clean
rxn01331	clean
rxn01332	clean
rxn01333	clean
rxn01334	clean
rxn01336	clean
rxn01337	clean
rxn01338	clean
rxn01339	clean
rxn01340	clean
rxn01341	salvaged
rxn01342	salvaged
rxn01343	clean
rxn01344	clean
rxn01345	clean
rxn01346	clean
rxn01347	clean
rxn01348	clean
rxn01349	clean
rxn01350	clean
rxn01351	clean
rxn01352	clean
rxn01353	salvaged
rxn01354	clean
rxn01355	clean
rxn01356	salvaged
rxn01357	clean
rxn01358	clean
rxn01359	clean
rxn01360	clean
rxn01361	clean
rxn01362	clean
rxn01363	clean
rxn01364	clean
rxn01365	clean
rxn01366	clean
rxn01367	clean
rxn01368	clean
rxn01369	clean
rxn01370	clean
rxn01371	clean
rxn01372	clean
rxn01373	clean
rxn01374	clean
rxn01375	clean
rxn01376	clean
rxn01377	clean
rxn01378	clean
rxn01379	clean
rxn01380	clean
rxn01381	salvaged
rxn01382	clean
rxn01383	clean
rxn01385	clean
rxn01386	clean
rxn01387	clean
rxn01388	clean
rxn01389	clean
rxn01390	clean
rxn01391	clean
rxn01392	clean
rxn01393	clean
rxn01394	clean
rxn01395	salvaged
rxn01396	clean
rxn01397	clean
rxn01398	clean
rxn01399	clean
rxn01401	clean
rxn01402	clean
rxn01403	clean
rxn01404	salvaged
rxn01405	clean
rxn01406	salvaged
rxn01407	clean
rxn01408	clean
rxn01409	clean
rxn01410	clean
rxn01411	clean
rxn01412	clean
rxn01413	clean
rxn01414	clean
rxn01415	clean
rxn01416	clean
rxn01417	clean
rxn01418	salvaged
rxn01419	salvaged
rxn01420	salvaged
rxn01421	clean
rxn01422	clean
rxn01423	clean
rxn01425	clean
rxn01426	clean
rxn01427	salvaged
rxn01428	salvaged
rxn01429	salvaged
rxn01430	clean
rxn01431	clean
rxn01434	salvaged
rxn01435	clean
rxn01436	clean
rxn01437	clean
rxn01438	salvaged
rxn01439	clean
rxn01440	clean
rxn01441	clean
rxn01442	clean
rxn01443	clean
rxn01444	clean
rxn01445	clean
rxn01446	clean
rxn01447	clean
rxn01448	clean
rxn01449	clean
rxn01450	salvaged
rxn01451	clean
rxn01452	clean
rxn01453	clean
rxn01454	clean
rxn01455	clean
rxn01456	clean
rxn01457	clean
rxn01458	clean
rxn01459	clean
rxn01460	clean
rxn01461	clean
rxn01462	clean
rxn01463	clean
rxn01464	clean
rxn01465	clean
rxn01466	clean
rxn01467	clean
rxn01468	clean
rxn01469	clean
rxn01471	clean
rxn01472	clean
rxn01473	clean
rxn01474	clean
rxn01475	clean
rxn01476	clean
rxn01477	clean
rxn01478	clean
rxn01479	clean
rxn01480	clean
rxn01481	clean
rxn01482	clean
rxn01483	clean
rxn01484	clean
rxn01485	clean
rxn01486	clean
rxn01487	clean
rxn01488	clean
rxn01489	clean
rxn01490	clean
rxn01491	clean
rxn01492	clean
rxn01494	clean
rxn01495	clean
rxn01496	clean
rxn01497	clean
rxn01498	clean
rxn01499	salvaged
rxn01500	clean
rxn01501	clean
rxn01502	clean
rxn01503	clean
rxn01504	clean
rxn01505	clean
rxn01506	clean
rxn01507	clean
rxn01508	clean
rxn01509	clean
rxn01510	clean
rxn01511	clean
rxn01512	clean
rxn01513	clean
rxn01514	clean
rxn01515	clean
rxn01516	clean
rxn01517	clean
rxn01518	clean
rxn01519	clean
rxn01520	clean
rxn01521	clean
rxn01522	clean
rxn01523	clean
rxn01524	clean
rxn01525	clean
rxn01526	salvaged
rxn01527	salvaged
rxn01528	clean
rxn01529	clean
rxn01530	clean
rxn01531	clean
rxn01532	clean
rxn01533	salvaged
rxn01534	salvaged
rxn01535	clean
rxn01536	clean
rxn01537	clean
rxn01538	clean
rxn01539	clean
rxn01540	clean
rxn01541	clean
rxn01542	clean
rxn01543	clean
rxn01544	clean
rxn01545	clean
rxn01546	clean
rxn01547	clean
rxn01548	clean
rxn01549	clean
rxn01550	clean
rxn01551	clean
rxn01552	clean
rxn01553	salvaged
rxn01554	clean
rxn01555	clean
rxn01556	clean
rxn01557	clean
rxn01558	clean
rxn01559	salvaged
rxn01560	clean
rxn01561	clean
rxn01562	salvaged
rxn01563	salvaged
rxn01564	clean
rxn01565	clean
rxn01566	clean
rxn01567	clean
rxn01568	clean
rxn01570	clean
rxn01571	salvaged
rxn01572	clean
rxn01573	clean
rxn01574	clean
rxn01575	clean
rxn01577	clean
rxn01578	clean
rxn01579	clean
rxn01580	clean
rxn01581	clean
rxn01583	clean
rxn01585	clean
rxn01586	clean
rxn01587	clean
rxn01588	clean
rxn01589	clean
rxn01590	salvaged
rxn01591	salvaged
rxn01592	salvaged
rxn01593	clean
rxn01594	clean
rxn01595	clean
rxn01596	clean
rxn01597	clean
rxn01598	clean
rxn01599	clean
rxn01600	clean
rxn01601	clean
rxn01602	clean
rxn01603	clean
rxn01604	clean
rxn01605	salvaged
rxn01606	clean
rxn01607	clean
rxn01608	clean
rxn01609	clean
rxn01610	clean
rxn01611	clean
rxn01612	clean
rxn01613	salvaged
rxn01614	clean
rxn01615	clean
rxn01617	clean
rxn01618	clean
rxn01619	clean
rxn01620	clean
rxn01621	clean
rxn01622	clean
rxn01623	clean
rxn01624	clean
rxn01625	clean
rxn01626	clean
rxn01627	salvaged
rxn01628	clean
rxn01629	clean
rxn01630	clean
rxn01631	clean
rxn01632	clean
rxn01633	clean
rxn01634	clean
rxn01635	clean
rxn01636	clean
rxn01637	clean
rxn01638	clean
rxn01639	clean
rxn01640	clean
rxn01641	clean
rxn01642	clean
rxn01643	clean
rxn01644	clean
rxn01645	salvaged
rxn01646	clean
rxn01647	clean
rxn01648	clean
rxn01649	clean
rxn01650	salvaged
rxn01652	clean
rxn01653	clean
rxn01654	clean
rxn01655	clean
rxn01656	clean
rxn01657	clean
rxn01658	clean
rxn01659	salvaged
rxn01660	clean
rxn01661	clean
rxn01662	clean
rxn01663	clean
rxn01664	clean
rxn01665	clean
rxn01666	salvaged
rxn01667	salvaged
rxn01668	salvaged
rxn01669	clean
rxn01670	clean
rxn01671	clean
rxn01672	clean
rxn01673	salvaged
rxn01674	clean
rxn01675	clean
rxn01676	clean
rxn01677	clean
rxn01678	salvaged
rxn01679	clean
rxn01680	clean
rxn01681	clean
rxn01682	salvaged
rxn01683	clean
rxn01684	clean
rxn01685	clean
rxn01686	clean
rxn01687	clean
rxn01688	clean
rxn01689	clean
rxn01690	clean
rxn01691	clean
rxn01692	clean
rxn01693	clean
rxn01694	clean
rxn01695	clean
rxn01696	clean
rxn01697	salvaged
rxn01698	clean
rxn01699	clean
rxn01700	clean
rxn01701	clean
rxn01702	clean
rxn01703	clean
rxn01704	clean
rxn01705	clean
rxn01706	clean
rxn01707	clean
rxn01708	clean
rxn01709	clean
rxn01710	clean
rxn01711	clean
rxn01712	clean
rxn01713	clean
rxn01714	clean
rxn01715	clean
rxn01716	clean
rxn01717	clean
rxn01718	clean
rxn01719	clean
rxn01720	clean
rxn01721	salvaged
rxn01722	clean
rxn01723	clean
rxn01724	clean
rxn01725	clean
rxn01726	clean
rxn01727	clean
rxn01728	salvaged
rxn01729	clean
rxn01730	clean
rxn01731	clean
rxn01732	clean
rxn01733	clean
rxn01734	clean
rxn01735	clean
rxn01737	clean
rxn01738	clean
rxn01739	clean
rxn01740	clean
rxn01741	clean
rxn01742	clean
rxn01743	salvaged
rxn01744	salvaged
rxn01745	clean
rxn01746	clean
rxn01747	clean
rxn01748	clean
rxn01750	clean
rxn01751	clean
rxn01752	clean
rxn01753	clean
rxn01754	clean
rxn01755	clean
rxn01757	clean
rxn01758	clean
rxn01759	clean
rxn01760	clean
rxn01761	clean
rxn01762	clean
rxn01763	clean
rxn01764	clean
rxn01765	clean
rxn01766	salvaged
rxn01767	clean
rxn01769	clean
rxn01770	salvaged
rxn01771	clean
rxn01772	salvaged
rxn01773	clean
rxn01774	salvaged
rxn01775	clean
rxn01776	clean
rxn01777	clean
rxn01778	clean
rxn01779	clean
rxn01780	clean
rxn01781	clean
rxn01782	clean
rxn01783	clean
rxn01784	salvaged
rxn01785	clean
rxn01786	clean
rxn01787	clean
rxn01788	clean
rxn01789	clean
rxn01790	clean
rxn01791	salvaged
rxn01792	clean
rxn01793	clean
rxn01794	clean
rxn01795	clean
rxn01796	salvaged
rxn01797	clean
rxn01798	clean
rxn01799	clean
rxn01800	clean
rxn01801	clean
rxn01802	salvaged
rxn01803	salvaged
rxn01804	clean
rxn01805	clean
rxn01806	salvaged
rxn01807	clean
rxn01808	clean
rxn01809	clean
rxn01810	clean
rxn01811	clean
rxn01812	clean
rxn01813	clean
rxn01814	clean
rxn01815	clean
rxn01816	clean
rxn01817	salvaged
rxn01818	clean
rxn01819	clean
rxn01820	clean
rxn01821	clean
rxn01822	clean
rxn01823	clean
rxn01824	salvaged
rxn01825	clean
rxn01826	salvaged
rxn01827	clean
rxn01828	clean
rxn01829	clean
rxn01830	clean
rxn01831	clean
rxn01832	clean
rxn01833	clean
rxn01834	clean
rxn01835	clean
rxn01836	salvaged
rxn01837	clean
rxn01838	clean
rxn01839	clean
rxn01840	clean
rxn01841	clean
rxn01842	salvaged
rxn01843	clean
rxn01844	salvaged
rxn01845	salvaged
rxn01846	clean
rxn01847	clean
rxn01848	clean
rxn01849	clean
rxn01850	clean
rxn01851	clean
rxn01852	clean
rxn01853	clean
rxn01854	clean
rxn01855	clean
rxn01856	clean
rxn01857	clean
rxn01858	clean
rxn01859	clean
rxn01860	clean
rxn01861	clean
rxn01862	clean
rxn01863	salvaged
rxn01864	salvaged
rxn01865	clean
rxn01866	clean
rxn01867	clean
rxn01868	clean
rxn01869	clean
rxn01870	clean
rxn01871	clean
rxn01872	clean
rxn01874	clean
rxn01875	salvaged
rxn01876	salvaged
rxn01877	clean
rxn01878	salvaged
rxn01879	clean
rxn01880	clean
rxn01881	clean
rxn01882	clean
rxn01883	clean
rxn01884	clean
rxn01885	clean
rxn01886	clean
rxn01887	clean
rxn01888	clean
rxn01889	clean
rxn01890	salvaged
rxn01891	salvaged
rxn01892	salvaged
rxn01893	clean
rxn01894	salvaged
rxn01895	clean
rxn01896	clean
rxn01897	salvaged
rxn01898	clean
rxn01900	clean
rxn01901	clean
rxn01902	clean
rxn01903	clean
rxn01904	clean
rxn01905	clean
rxn01906	clean
rxn01907	clean
rxn01908	clean
rxn01909	clean
rxn01910	salvaged
rxn01911	clean
rxn01912	clean
rxn01913	clean
rxn01914	clean
rxn01916	clean
rxn01917	clean
rxn01918	clean
rxn01919	clean
rxn01920	clean
rxn01921	clean
rxn01922	clean
rxn01923	clean
rxn01924	clean
rxn01925	salvaged
rxn01926	clean
rxn01927	clean
rxn01928	clean
rxn01929	clean
rxn01930	salvaged
rxn01931	salvaged
rxn01932	salvaged
rxn01933	salvaged
rxn01934	salvaged
rxn01935	clean
rxn01936	clean
rxn01937	clean
rxn01938	clean
rxn01939	clean
rxn01940	clean
rxn01941	clean
rxn01942	clean
rxn01943	clean
rxn01944	clean
rxn01945	clean
rxn01946	salvaged
rxn01947	clean
rxn01948	salvaged
rxn01949	clean
rxn01951	clean
rxn01952	clean
rxn01953	clean
rxn01954	clean
rxn01955	clean
rxn01956	clean
rxn01957	clean
rxn01958	salvaged
rxn01959	clean
rxn01961	clean
rxn01962	clean
rxn01964	clean
rxn01965	clean
rxn01966	clean
rxn01967	clean
rxn01968	clean
rxn01969	clean
rxn01971	clean
rxn01972	salvaged
rxn01973	clean
rxn01974	clean
rxn01975	clean
rxn01977	clean
rxn01979	clean
rxn01980	salvaged
rxn01981	clean
rxn01982	salvaged
rxn01983	salvaged
rxn01985	clean
rxn01986	clean
rxn01987	clean
rxn01988	salvaged
rxn01990	clean
rxn01991	clean
rxn01992	salvaged
rxn01993	clean
rxn01994	salvaged
rxn01995	clean
rxn01996	clean
rxn01997	clean
rxn01998	clean
rxn01999	clean
rxn02000	clean
rxn02001	salvaged
rxn02002	clean
rxn02003	clean
rxn02004	clean
rxn02005	salvaged
rxn02006	clean
rxn02007	clean
rxn02008	clean
rxn02009	clean
rxn02010	salvaged
rxn02011	salvaged
rxn02012	clean
rxn02013	clean
rxn02014	salvaged
rxn02015	clean
rxn02016	clean
rxn02017	clean
rxn02018	clean
rxn02019	clean
rxn02020	clean
rxn02021	clean
rxn02022	clean
rxn02023	clean
rxn02024	clean
rxn02025	salvaged
rxn02026	clean
rxn02027	salvaged
rxn02028	clean
rxn02029	salvaged
rxn02031	clean
rxn02032	salvaged
rxn02033	clean
rxn02034	clean
rxn02035	clean
rxn02036	clean
rxn02037	clean
rxn02038	clean
rxn02039	clean
rxn02040	clean
rxn02041	clean
rxn02042	clean
rxn02043	clean
rxn02044	clean
rxn02045	clean
rxn02046	clean
rxn02047	salvaged
rxn02049	clean
rxn02050	clean
rxn02051	clean
rxn02052	clean
rxn02053	clean
rxn02054	clean
rxn02055	clean
rxn02056	salvaged
rxn02057	clean
rxn02058	clean
rxn02059	clean
rxn02060	clean
rxn02061	salvaged
rxn02062	clean
rxn02063	clean
rxn02064	clean
rxn02065	clean
rxn02066	clean
rxn02067	clean
rxn02068	clean
rxn02069	clean
rxn02070	clean
rxn02071	clean
rxn02072	clean
rxn02073	clean
rxn02074	clean
rxn02075	clean
rxn02076	clean
rxn02077	salvaged
rxn02078	clean
rxn02079	clean
rxn02080	clean
rxn02081	salvaged
rxn02082	clean
rxn02083	clean
rxn02084	clean
rxn02085	clean
rxn02086	clean
rxn02087	clean
rxn02088	clean
rxn02089	clean
rxn02090	clean
rxn02091	clean
rxn02092	clean
rxn02093	clean
rxn02094	clean
rxn02095	clean
rxn02096	salvaged
rxn02097	clean
rxn02098	clean
rxn02099	clean
rxn02100	clean
rxn02102	clean
rxn02103	clean
rxn02104	clean
rxn02105	clean
rxn02106	clean
rxn02107	clean
rxn02108	clean
rxn02109	clean
rxn02110	clean
rxn02111	clean
rxn02112	clean
rxn02113	salvaged
rxn02116	clean
rxn02117	clean
rxn02118	salvaged
rxn02119	clean
rxn02120	clean
rxn02121	clean
rxn02123	clean
rxn02124	clean
rxn02125	clean
rxn02126	clean
rxn02127	salvaged
rxn02128	clean
rxn02129	salvaged
rxn02130	clean
rxn02131	clean
rxn02132	clean
rxn02133	clean
rxn02134	clean
rxn02135	clean
rxn02136	clean
rxn02137	clean
rxn02138	clean
rxn02139	clean
rxn02140	salvaged
rxn02141	clean
rxn02142	clean
rxn02143	clean
rxn02144	clean
rxn02145	clean
rxn02146	clean
rxn02147	clean
rxn02148	clean
rxn02149	clean
rxn02150	clean
rxn02151	salvaged
rxn02152	salvaged
rxn02153	clean
rxn02154	clean
rxn02155	salvaged
rxn02156	clean
rxn02157	clean
rxn02158	clean
rxn02159	clean
rxn02160	clean
rxn02161	clean
rxn02162	salvaged
rxn02163	clean
rxn02164	clean
rxn02165	clean
rxn02166	clean
rxn02167	clean
rxn02168	clean
rxn02169	salvaged
rxn02170	clean
rxn02171	clean
rxn02172	clean
rxn02173	clean
rxn02174	clean
rxn02175	salvaged
rxn02176	clean
rxn02177	clean
rxn02178	clean
rxn02179	clean
rxn02180	clean
rxn02181	clean
rxn02182	clean
rxn02183	clean
rxn02184	clean
rxn02185	clean
rxn02186	clean
rxn02187	clean
rxn02188	clean
rxn02189	clean
rxn02190	clean
rxn02191	clean
rxn02192	clean
rxn02193	clean
rxn02194	clean
rxn02195	salvaged
rxn02196	clean
rxn02197	clean
rxn02198	salvaged
rxn02199	clean
rxn02200	clean
rxn02201	clean
rxn02202	clean
rxn02204	clean
rxn02206	clean
rxn02207	clean
rxn02208	clean
rxn02209	clean
rxn02210	clean
rxn02211	salvaged
rxn02212	clean
rxn02213	clean
rxn02214	clean
rxn02215	clean
rxn02216	clean
rxn02217	clean
rxn02218	clean
rxn02219	clean
rxn02220	clean
rxn02221	clean
rxn02222	clean
rxn02223	clean
rxn02224	clean
rxn02225	clean
rxn02226	clean
rxn02227	clean
rxn02228	clean
rxn02229	clean
rxn02230	clean
rxn02231	clean
rxn02232	clean
rxn02233	clean
rxn02234	clean
rxn02235	clean
rxn02237	salvaged
rxn02238	clean
rxn02239	clean
rxn02240	salvaged
rxn02241	salvaged
rxn02242	salvaged
rxn02243	clean
rxn02244	clean
rxn02245	clean
rxn02247	clean
rxn02248	clean
rxn02249	clean
rxn02250	clean
rxn02251	salvaged
rxn02252	salvaged
rxn02256	salvaged
rxn02257	clean
rxn02258	clean
rxn02259	clean
rxn02260	clean
rxn02261	clean
rxn02262	clean
rxn02263	clean
rxn02264	clean
rxn02265	clean
rxn02266	salvaged
rxn02267	clean
rxn02268	clean
rxn02269	salvaged
rxn02270	clean
rxn02271	salvaged
rxn02272	clean
rxn02273	clean
rxn02274	salvaged
rxn02275	clean
rxn02276	clean
rxn02277	salvaged
rxn02278	clean
rxn02279	clean
rxn02281	clean
rxn02282	clean
rxn02283	salvaged
rxn02284	clean
rxn02285	clean
rxn02286	clean
rxn02287	clean
rxn02288	salvaged
rxn02289	clean
rxn02290	clean
rxn02291	clean
rxn02292	clean
rxn02293	clean
rxn02294	clean
rxn02295	clean
rxn02296	salvaged
rxn02297	clean
rxn02298	clean
rxn02299	clean
rxn02300	clean
rxn02301	clean
rxn02302	clean
rxn02303	salvaged
rxn02304	salvaged
rxn02305	salvaged
rxn02306	clean
rxn02307	clean
rxn02308	clean
rxn02309	clean
rxn02310	clean
rxn02311	clean
rxn02312	clean
rxn02313	clean
rxn02314	clean
rxn02315	clean
rxn02316	clean
rxn02317	clean
rxn02318	clean
rxn02319	clean
rxn02320	clean
rxn02321	clean
rxn02322	clean
rxn02323	salvaged
rxn02324	salvaged
rxn02325	clean
rxn02326	clean
rxn02327	clean
rxn02328	clean
rxn02329	clean
rxn02331	clean
rxn02332	clean
rxn02333	salvaged
rxn02336	clean
rxn02337	clean
rxn02338	clean
rxn02339	clean
rxn02340	clean
rxn02341	salvaged
rxn02342	clean
rxn02343	salvaged
rxn02344	clean
rxn02345	clean
rxn02346	clean
rxn02347	clean
rxn02348	clean
rxn02349	clean
rxn02350	clean
rxn02351	clean
rxn02352	salvaged
rxn02353	clean
rxn02354	clean
rxn02355	clean
rxn02356	clean
rxn02357	clean
rxn02358	clean
rxn02359	clean
rxn02360	clean
rxn02361	clean
rxn02362	clean
rxn02363	clean
rxn02364	clean
rxn02365	clean
rxn02366	clean
rxn02367	clean
rxn02369	clean
rxn02370	clean
rxn02371	clean
rxn02372	clean
rxn02373	clean
rxn02374	clean
rxn02375	clean
rxn02376	clean
rxn02377	salvaged
rxn02378	clean
rxn02379	clean
rxn02380	clean
rxn02381	clean
rxn02382	clean
rxn02383	clean
rxn02384	clean
rxn02385	clean
rxn02386	clean
rxn02387	clean
rxn02388	clean
rxn02389	salvaged
rxn02390	clean
rxn02392	clean
rxn02393	clean
rxn02394	clean
rxn02395	clean
rxn02396	salvaged
rxn02397	clean
rxn02398	salvaged
rxn02399	clean
rxn02400	clean
rxn02401	clean
rxn02402	clean
rxn02403	clean
rxn02404	clean
rxn02405	clean
rxn02406	clean
rxn02407	clean
rxn02408	salvaged
rxn02409	salvaged
rxn02410	clean
rxn02411	clean
rxn02412	clean
rxn02413	salvaged
rxn02414	clean
rxn02415	salvaged
rxn02416	clean
rxn02417	clean
rxn02418	clean
rxn02419	clean
rxn02420	clean
rxn02421	clean
rxn02422	salvaged
rxn02423	salvaged
rxn02424	clean
rxn02425	clean
rxn02426	clean
rxn02427	clean
rxn02428	clean
rxn02429	clean
rxn02430	clean
rxn02431	clean
rxn02432	clean
rxn02433	clean
rxn02434	clean
rxn02435	clean
rxn02436	clean
rxn02437	clean
rxn02438	clean
rxn02439	clean
rxn02440	clean
rxn02441	clean
rxn02442	clean
rxn02443	clean
rxn02444	clean
rxn02445	clean
rxn02446	clean
rxn02447	clean
rxn02448	clean
rxn02449	clean
rxn02450	salvaged
rxn02451	clean
rxn02452	clean
rxn02455	clean
rxn02456	clean
rxn02457	clean
rxn02458	clean
rxn02459	clean
rxn02460	clean
rxn02461	clean
rxn02462	salvaged
rxn02463	clean
rxn02464	clean
rxn02465	clean
rxn02466	clean
rxn02467	clean
rxn02468	clean
rxn02469	clean
rxn02470	clean
rxn02471	clean
rxn02472	clean
rxn02473	clean
rxn02474	clean
rxn02475	clean
rxn02476	clean
rxn02477	salvaged
rxn02478	clean
rxn02479	clean
rxn02480	clean
rxn02481	clean
rxn02482	clean
rxn02483	salvaged
rxn02484	clean
rxn02485	salvaged
rxn02486	clean
rxn02487	salvaged
rxn02488	clean
rxn02489	clean
rxn02490	clean
rxn02491	salvaged
rxn02493	salvaged
rxn02494	salvaged
rxn02495	salvaged
rxn02496	clean
rxn02497	clean
rxn02498	clean
rxn02499	clean
rxn02500	clean
rxn02501	clean
rxn02502	clean
rxn02503	salvaged
rxn02504	clean
rxn02505	clean
rxn02506	clean
rxn02507	clean
rxn02508	clean
rxn02509	clean
rxn02510	clean
rxn02511	clean
rxn02512	clean
rxn02513	clean
rxn02514	clean
rxn02515	clean
rxn02516	clean
rxn02517	clean
rxn02518	clean
rxn02519	clean
rxn02520	clean
rxn02521	clean
rxn02522	clean
rxn02523	clean
rxn02524	clean
rxn02525	clean
rxn02526	clean
rxn02527	clean
rxn02528	clean
rxn02529	clean
rxn02530	clean
rxn02531	clean
rxn02532	clean
rxn02533	salvaged
rxn02534	clean
rxn02535	clean
rxn02536	clean
rxn02537	clean
rxn02538	clean
rxn02539	clean
rxn02540	clean
rxn02541	clean
rxn02542	clean
rxn02543	clean
rxn02544	clean
rxn02545	clean
rxn02546	salvaged
rxn02547	clean
rxn02549	clean
rxn02550	clean
rxn02552	clean
rxn02553	clean
rxn02554	clean
rxn02555	clean
rxn02556	clean
rxn02557	clean
rxn02558	clean
rxn02559	clean
rxn02560	clean
rxn02561	clean
rxn02562	clean
rxn02563	clean
rxn02564	salvaged
rxn02565	clean
rxn02566	clean
rxn02567	clean
rxn02568	clean
rxn02569	clean
rxn02570	clean
rxn02571	clean
rxn02572	salvaged
rxn02573	salvaged
rxn02574	clean
rxn02575	clean
rxn02576	clean
rxn02577	clean
rxn02578	clean
rxn02579	clean
rxn02580	clean
rxn02581	clean
rxn02582	salvaged
rxn02583	salvaged
rxn02584	salvaged
rxn02585	clean
rxn02586	clean
rxn02588	clean
rxn02589	clean
rxn02590	clean
rxn02591	clean
rxn02592	clean
rxn02593	clean
rxn02594	salvaged
rxn02595	clean
rxn02596	clean
rxn02597	clean
rxn02598	clean
rxn02599	clean
rxn02600	clean
rxn02601	clean
rxn02602	clean
rxn02603	clean
rxn02604	clean
rxn02606	clean
rxn02607	clean
rxn02608	clean
rxn02609	salvaged
rxn02610	clean
rxn02611	clean
rxn02612	clean
rxn02613	clean
rxn02614	clean
rxn02615	clean
rxn02616	clean
rxn02618	clean
rxn02619	clean
rxn02620	clean
rxn02621	clean
rxn02622	clean
rxn02623	clean
rxn02624	clean
rxn02625	clean
rxn02626	salvaged
rxn02627	salvaged
rxn02628	clean
rxn02629	clean
rxn02630	clean
rxn02631	clean
rxn02633	clean
rxn02634	clean
rxn02635	clean
rxn02636	clean
rxn02637	clean
rxn02638	clean
rxn02639	clean
rxn02640	clean
rxn02641	clean
rxn02642	clean
rxn02643	clean
rxn02644	clean
rxn02645	salvaged
rxn02647	clean
rxn02648	clean
rxn02649	clean
rxn02650	clean
rxn02651	clean
rxn02652	clean
rxn02653	clean
rxn02654	clean
rxn02655	salvaged
rxn02656	clean
rxn02657	salvaged
rxn02658	clean
rxn02659	clean
rxn02660	clean
rxn02661	salvaged
rxn02663	clean
rxn02665	clean
rxn02666	salvaged
rxn02667	clean
rxn02668	clean
rxn02669	clean
rxn02670	clean
rxn02671	clean
rxn02672	clean
rxn02673	clean
rxn02674	clean
rxn02675	clean
rxn02676	clean
rxn02677	clean
rxn02678	clean
rxn02679	clean
rxn02680	clean
rxn02681	salvaged
rxn02682	clean
rxn02683	clean
rxn02684	clean
rxn02685	clean
rxn02686	salvaged
rxn02687	clean
rxn02688	clean
rxn02689	clean
rxn02690	clean
rxn02691	salvaged
rxn02692	salvaged
rxn02693	clean
rxn02694	clean
rxn02695	clean
rxn02696	clean
rxn02697	clean
rxn02699	clean
rxn02700	clean
rxn02701	clean
rxn02702	clean
rxn02703	clean
rxn02704	clean
rxn02705	clean
rxn02706	clean
rxn02707	clean
rxn02708	clean
rxn02709	clean
rxn02710	salvaged
rxn02711	clean
rxn02712	clean
rxn02713	clean
rxn02714	salvaged
rxn02715	salvaged
rxn02716	salvaged
rxn02717	clean
rxn02718	clean
rxn02719	clean
rxn02720	clean
rxn02721	clean
rxn02722	clean
rxn02723	salvaged
rxn02724	clean
rxn02725	clean
rxn02726	clean
rxn02727	clean
rxn02728	clean
rxn02729	clean
rxn02730	salvaged
rxn02731	salvaged
rxn02732	clean
rxn02733	salvaged
rxn02734	clean
rxn02735	clean
rxn02737	clean
rxn02738	clean
rxn02739	clean
rxn02740	salvaged
rxn02741	clean
rxn02742	clean
rxn02743	clean
rxn02744	clean
rxn02745	salvaged
rxn02746	clean
rxn02747	clean
rxn02748	salvaged
rxn02749	clean
rxn02750	clean
rxn02751	clean
rxn02752	clean
rxn02753	clean
rxn02754	clean
rxn02755	clean
rxn02756	clean
rxn02757	salvaged
rxn02758	clean
rxn02760	clean
rxn02761	clean
rxn02762	clean
rxn02763	clean
rxn02764	salvaged
rxn02765	clean
rxn02766	clean
rxn02767	clean
rxn02768	clean
rxn02769	clean
rxn02770	clean
rxn02771	clean
rxn02772	clean
rxn02773	clean
rxn02774	salvaged
rxn02775	salvaged
rxn02776	salvaged
rxn02778	clean
rxn02779	clean
rxn02780	clean
rxn02781	salvaged
rxn02782	clean
rxn02783	clean
rxn02784	clean
rxn02785	clean
rxn02786	clean
rxn02787	salvaged
rxn02788	clean
rxn02789	clean
rxn02790	clean
rxn02791	clean
rxn02792	clean
rxn02793	clean
rxn02794	salvaged
rxn02796	clean
rxn02797	clean
rxn02798	clean
rxn02800	salvaged
rxn02801	clean
rxn02802	clean
rxn02803	clean
rxn02804	clean
rxn02805	clean
rxn02806	clean
rxn02807	clean
rxn02808	clean
rxn02809	clean
rxn02810	clean
rxn02811	clean
rxn02812	clean
rxn02813	salvaged
rxn02814	clean
rxn02815	clean
rxn02816	clean
rxn02818	clean
rxn02819	clean
rxn02820	salvaged
rxn02821	salvaged
rxn02822	salvaged
rxn02823	clean
rxn02824	salvaged
rxn02826	clean
rxn02827	clean
rxn02828	clean
rxn02829	clean
rxn02830	clean
rxn02831	salvaged
rxn02832	clean
rxn02833	clean
rxn02834	clean
rxn02835	clean
rxn02836	clean
rxn02837	clean
rxn02838	clean
rxn02839	clean
rxn02840	clean
rxn02841	clean
rxn02842	clean
rxn02843	clean
rxn02844	clean
rxn02845	salvaged
rxn02846	salvaged
rxn02847	clean
rxn02848	clean
rxn02850	clean
rxn02851	clean
rxn02852	salvaged
rxn02853	clean
rxn02854	clean
rxn02855	clean
rxn02857	clean
rxn02858	clean
rxn02859	salvaged
rxn02860	clean
rxn02861	clean
rxn02862	salvaged
rxn02863	clean
rxn02864	clean
rxn02865	clean
rxn02866	clean
rxn02867	clean
rxn02868	clean
rxn02869	clean
rxn02870	salvaged
rxn02871	clean
rxn02872	clean
rxn02873	clean
rxn02874	clean
rxn02876	clean
rxn02877	clean
rxn02878	clean
rxn02879	clean
rxn02880	clean
rxn02881	clean
rxn02882	clean
rxn02883	clean
rxn02884	salvaged
rxn02885	clean
rxn02886	salvaged
rxn02887	clean
rxn02888	clean
rxn02889	clean
rxn02890	clean
rxn02891	clean
rxn02892	clean
rxn02893	clean
rxn02894	clean
rxn02895	clean
rxn02896	clean
rxn02897	clean
rxn02898	clean
rxn02899	clean
rxn02900	clean
rxn02901	salvaged
rxn02902	salvaged
rxn02904	clean
rxn02905	clean
rxn02906	clean
rxn02907	clean
rxn02908	clean
rxn02909	clean
rxn02910	clean
rxn02911	clean
rxn02912	salvaged
rxn02914	clean
rxn02915	clean
rxn02916	clean
rxn02917	clean
rxn02918	salvaged
rxn02919	salvaged
rxn02920	salvaged
rxn02922	salvaged
rxn02923	clean
rxn02924	clean
rxn02925	clean
rxn02926	clean
rxn02927	clean
rxn02928	clean
rxn02929	clean
rxn02930	clean
rxn02931	clean
rxn02932	clean
rxn02933	clean
rxn02934	clean
rxn02935	clean
rxn02936	clean
rxn02937	clean
rxn02938	clean
rxn02939	clean
rxn02940	clean
rxn02941	clean
rxn02942	clean
rxn02943	clean
rxn02944	clean
rxn02945	clean
rxn02946	clean
rxn02947	clean
rxn02948	clean
rxn02949	clean
rxn02950	salvaged
rxn02951	salvaged
rxn02952	salvaged
rxn02954	salvaged
rxn02955	salvaged
rxn02956	clean
rxn02957	clean
rxn02958	clean
rxn02959	salvaged
rxn02960	salvaged
rxn02961	clean
rxn02962	clean
rxn02963	salvaged
rxn02964	salvaged
rxn02965	salvaged
rxn02966	salvaged
rxn02967	clean
rxn02968	salvaged
rxn02969	salvaged
rxn02970	clean
rxn02971	clean
rxn02972	clean
rxn02973	clean
rxn02974	clean
rxn02975	clean
rxn02976	salvaged
rxn02977	clean
rxn02978	clean
rxn02979	salvaged
rxn02980	clean
rxn02981	clean
rxn02982	clean
rxn02983	clean
rxn02984	salvaged
rxn02985	clean
rxn02986	clean
rxn02987	clean
rxn02988	clean
rxn02989	clean
rxn02990	clean
rxn02991	clean
rxn02992	clean
rxn02993	clean
rxn02994	clean
rxn02995	clean
rxn02996	clean
rxn02997	clean
rxn02998	clean
rxn02999	clean
rxn03000	clean
rxn03001	clean
rxn03002	clean
rxn03003	salvaged
rxn03004	clean
rxn03005	salvaged
rxn03006	salvaged
rxn03007	clean
rxn03008	clean
rxn03010	clean
rxn03011	clean
rxn03012	clean
rxn03013	clean
rxn03014	clean
rxn03015	clean
rxn03016	clean
rxn03017	clean
rxn03018	clean
rxn03020	clean
rxn03021	clean
rxn03023	clean
rxn03024	clean
rxn03025	clean
rxn03026	clean
rxn03027	clean
rxn03028	salvaged
rxn03029	clean
rxn03030	clean
rxn03031	clean
rxn03032	salvaged
rxn03033	clean
rxn03034	clean
rxn03035	clean
rxn03036	salvaged
rxn03037	clean
rxn03038	clean
rxn03039	clean
rxn03040	clean
rxn03041	salvaged
rxn03042	clean
rxn03043	clean
rxn03044	salvaged
rxn03045	clean
rxn03046	clean
rxn03047	clean
rxn03048	clean
rxn03049	clean
rxn03050	clean
rxn03051	clean
rxn03052	clean
rxn03053	clean
rxn03055	clean
rxn03056	clean
rxn03057	clean
rxn03058	clean
rxn03059	salvaged
rxn03060	clean
rxn03061	clean
rxn03062	clean
rxn03063	clean
rxn03064	clean
rxn03065	clean
rxn03066	clean
rxn03068	clean
rxn03070	clean
rxn03071	clean
rxn03072	clean
rxn03073	clean
rxn03074	clean
rxn03075	clean
rxn03076	clean
rxn03077	salvaged
rxn03078	clean
rxn03079	clean
rxn03080	clean
rxn03081	salvaged
rxn03082	clean
rxn03083	salvaged
rxn03084	clean
rxn03085	clean
rxn03086	clean
rxn03087	clean
rxn03088	clean
rxn03089	clean
rxn03090	clean
rxn03091	salvaged
rxn03092	clean
rxn03093	salvaged
rxn03094	clean
rxn03095	clean
rxn03097	clean
rxn03098	clean
rxn03099	salvaged
rxn03100	salvaged
rxn03101	clean
rxn03103	salvaged
rxn03104	clean
rxn03105	clean
rxn03106	clean
rxn03107	salvaged
rxn03108	clean
rxn03109	clean
rxn03110	clean
rxn03111	clean
rxn03112	clean
rxn03113	clean
rxn03114	clean
rxn03115	clean
rxn03116	clean
rxn03117	clean
rxn03118	salvaged
rxn03119	clean
rxn03120	clean
rxn03121	salvaged
rxn03122	clean
rxn03123	clean
rxn03124	clean
rxn03125	clean
rxn03126	salvaged
rxn03127	clean
rxn03128	salvaged
rxn03129	clean
rxn03130	clean
rxn03131	clean
rxn03132	salvaged
rxn03133	clean
rxn03134	clean
rxn03135	clean
rxn03136	clean
rxn03137	clean
rxn03138	clean
rxn03139	clean
rxn03141	salvaged
rxn03142	clean
rxn03143	clean
rxn03144	clean
rxn03145	salvaged
rxn03146	clean
rxn03147	clean
rxn03148	clean
rxn03149	clean
rxn03150	clean
rxn03151	salvaged
rxn03152	clean
rxn03153	clean
rxn03154	clean
rxn03155	clean
rxn03156	clean
rxn03157	salvaged
rxn03159	clean
rxn03160	clean
rxn03161	clean
rxn03162	salvaged
rxn03163	salvaged
rxn03165	clean
rxn03166	clean
rxn03167	clean
rxn03168	clean
rxn03169	clean
rxn03170	salvaged
rxn03172	salvaged
rxn03173	clean
rxn03174	clean
rxn03175	clean
rxn03177	salvaged
rxn03178	salvaged
rxn03180	salvaged
rxn03181	clean
rxn03182	clean
rxn03184	salvaged
rxn03185	salvaged
rxn03186	salvaged
rxn03187	salvaged
rxn03188	clean
rxn03189	salvaged
rxn03190	salvaged
rxn03191	salvaged
rxn03192	clean
rxn03194	clean
rxn03195	clean
rxn03196	clean
rxn03197	clean
rxn03198	clean
rxn03199	clean
rxn03200	clean
rxn03201	clean
rxn03202	clean
rxn03203	clean
rxn03204	clean
rxn03205	clean
rxn03206	clean
rxn03207	clean
rxn03208	clean
rxn03209	clean
rxn03210	clean
rxn03211	clean
rxn03212	clean
rxn03213	clean
rxn03214	clean
rxn03215	salvaged
rxn03216	clean
rxn03217	clean
rxn03218	salvaged
rxn03219	clean
rxn03220	salvaged
rxn03221	clean
rxn03222	clean
rxn03223	salvaged
rxn03224	clean
rxn03225	salvaged
rxn03226	clean
rxn03227	clean
rxn03228	clean
rxn03229	clean
rxn03231	clean
rxn03232	salvaged
rxn03233	clean
rxn03234	clean
rxn03235	salvaged
rxn03236	clean
rxn03238	clean
rxn03239	clean
rxn03240	clean
rxn03241	clean
rxn03242	clean
rxn03243	clean
rxn03244	clean
rxn03245	clean
rxn03246	clean
rxn03247	clean
rxn03248	clean
rxn03249	clean
rxn03250	clean
rxn03251	clean
rxn03252	clean
rxn03253	clean
rxn03254	clean
rxn03255	clean
rxn03256	clean
rxn03257	clean
rxn03258	clean
rxn03259	clean
rxn03260	clean
rxn03261	salvaged
rxn03262	salvaged
rxn03263	clean
rxn03264	salvaged
rxn03265	salvaged
rxn03266	salvaged
rxn03267	salvaged
rxn03268	clean
rxn03269	clean
rxn03272	clean
rxn03273	clean
rxn03274	salvaged
rxn03275	clean
rxn03276	clean
rxn03277	clean
rxn03278	clean
rxn03280	salvaged
rxn03281	clean
rxn03282	clean
rxn03283	clean
rxn03284	clean
rxn03285	salvaged
rxn03286	clean
rxn03287	clean
rxn03289	clean
rxn03290	clean
rxn03291	clean
rxn03292	clean
rxn03293	clean
rxn03294	clean
rxn03295	clean
rxn03296	clean
rxn03297	clean
rxn03299	clean
rxn03300	clean
rxn03301	clean
rxn03302	clean
rxn03303	clean
rxn03304	clean
rxn03305	clean
rxn03306	clean
rxn03307	clean
rxn03308	clean
rxn03309	clean
rxn03310	clean
rxn03311	clean
rxn03312	clean
rxn03313	clean
rxn03314	clean
rxn03315	clean
rxn03316	clean
rxn03317	clean
rxn03318	clean
rxn03319	clean
rxn03320	clean
rxn03321	clean
rxn03322	clean
rxn03323	clean
rxn03324	clean
rxn03325	clean
rxn03326	salvaged
rxn03327	clean
rxn03328	salvaged
rxn03329	clean
rxn03330	clean
rxn03331	clean
rxn03332	clean
rxn03333	clean
rxn03334	clean
rxn03335	clean
rxn03336	clean
rxn03337	clean
rxn03338	salvaged
rxn03339	clean
rxn03340	clean
rxn03341	clean
rxn03342	salvaged
rxn03343	clean
rxn03344	clean
rxn03345	clean
rxn03346	clean
rxn03347	clean
rxn03349	salvaged
rxn03350	salvaged
rxn03351	clean
rxn03352	clean
rxn03353	clean
rxn03354	clean
rxn03355	clean
rxn03356	clean
rxn03357	salvaged
rxn03358	clean
rxn03359	clean
rxn03360	salvaged
rxn03361	clean
rxn03362	clean
rxn03363	clean
rxn03364	clean
rxn03365	clean
rxn03366	clean
rxn03367	salvaged
rxn03368	clean
rxn03369	salvaged
rxn03370	salvaged
rxn03372	clean
rxn03373	clean
rxn03374	clean
rxn03375	salvaged
rxn03377	salvaged
rxn03378	clean
rxn03379	clean
rxn03380	clean
rxn03381	salvaged
rxn03384	salvaged
rxn03385	salvaged
rxn03386	salvaged
rxn03387	clean
rxn03388	clean
rxn03389	clean
rxn03390	clean
rxn03391	clean
rxn03392	clean
rxn03393	salvaged
rxn03394	clean
rxn03395	clean
rxn03396	clean
rxn03397	clean
rxn03400	clean
rxn03402	clean
rxn03403	clean
rxn03404	salvaged
rxn03407	clean
rxn03408	clean
rxn03410	clean
rxn03411	clean
rxn03412	salvaged
rxn03413	clean
rxn03414	clean
rxn03416	clean
rxn03417	salvaged
rxn03418	salvaged
rxn03419	clean
rxn03420	salvaged
rxn03421	clean
rxn03422	clean
rxn03423	clean
rxn03424	clean
rxn03426	clean
rxn03427	clean
rxn03428	clean
rxn03429	clean
rxn03430	clean
rxn03431	clean
rxn03432	clean
rxn03433	clean
rxn03435	clean
rxn03436	clean
rxn03437	clean
rxn03439	clean
rxn03440	clean
rxn03441	clean
rxn03442	clean
rxn03443	clean
rxn03444	clean
rxn03445	clean
rxn03446	clean
rxn03447	salvaged
rxn03448	clean
rxn03449	salvaged
rxn03450	salvaged
rxn03451	salvaged
rxn03452	clean
rxn03453	clean
rxn03455	clean
rxn03456	clean
rxn03457	salvaged
rxn03459	salvaged
rxn03460	salvaged
rxn03461	salvaged
rxn03462	salvaged
rxn03463	salvaged
rxn03464	salvaged
rxn03465	salvaged
rxn03466	salvaged
rxn03467	salvaged
rxn03468	clean
rxn03469	clean
rxn03470	clean
rxn03471	clean
rxn03472	clean
rxn03473	clean
rxn03474	clean
rxn03475	salvaged
rxn03476	salvaged
rxn03477	clean
rxn03478	clean
rxn03479	clean
rxn03480	salvaged
rxn03481	clean
rxn03482	clean
rxn03483	clean
rxn03484	clean
rxn03485	clean
rxn03486	clean
rxn03487	clean
rxn03488	clean
rxn03489	clean
rxn03490	clean
rxn03491	clean
rxn03492	salvaged
rxn03493	salvaged
rxn03494	clean
rxn03495	clean
rxn03496	clean
rxn03497	clean
rxn03498	clean
rxn03499	clean
rxn03500	salvaged
rxn03501	clean
rxn03503	salvaged
rxn03504	clean
rxn03505	clean
rxn03506	clean
rxn03507	clean
rxn03508	clean
rxn03510	clean
rxn03511	clean
rxn03512	salvaged
rxn03513	salvaged
rxn03514	clean
rxn03515	salvaged
rxn03517	salvaged
rxn03518	clean
rxn03519	clean
rxn03520	salvaged
rxn03521	salvaged
rxn03523	clean
rxn03524	clean
rxn03525	clean
rxn03526	clean
rxn03528	salvaged
rxn03529	salvaged
rxn03530	clean
rxn03531	clean
rxn03532	salvaged
rxn03534	clean
rxn03535	salvaged
rxn03536	salvaged
rxn03537	salvaged
rxn03538	salvaged
rxn03539	salvaged
rxn03540	salvaged
rxn03541	salvaged
rxn03542	salvaged
rxn03543	salvaged
rxn03544	clean
rxn03545	salvaged
rxn03546	clean
rxn03547	clean
rxn03548	clean
rxn03549	clean
rxn03550	clean
rxn03551	clean
rxn03552	clean
rxn03553	clean
rxn03554	clean
rxn03555	clean
rxn03556	clean
rxn03557	clean
rxn03558	clean
rxn03559	clean
rxn03560	clean
rxn03561	clean
rxn03562	clean
rxn03563	clean
rxn03564	clean
rxn03565	clean
rxn03566	clean
rxn03567	clean
rxn03568	clean
rxn03569	clean
rxn03570	clean
rxn03571	clean
rxn03572	clean
rxn03573	clean
rxn03574	clean
rxn03575	clean
rxn03576	clean
rxn03577	salvaged
rxn03578	clean
rxn03579	salvaged
rxn03580	clean
rxn03581	salvaged
rxn03582	salvaged
rxn03583	clean
rxn03584	clean
rxn03585	clean
rxn03586	clean
rxn03587	clean
rxn03588	clean
rxn03590	salvaged
rxn03591	clean
rxn03592	clean
rxn03593	clean
rxn03594	clean
rxn03595	clean
rxn03596	clean
rxn03597	clean
rxn03598	clean
rxn03599	clean
rxn03600	clean
rxn03601	clean
rxn03602	clean
rxn03603	clean
rxn03604	clean
rxn03605	clean
rxn03606	clean
rxn03607	clean
rxn03608	clean
rxn03609	clean
rxn03610	clean
rxn03611	salvaged
rxn03612	clean
rxn03613	salvaged
rxn03614	clean
rxn03615	clean
rxn03617	clean
rxn03618	clean
rxn03619	clean
rxn03620	clean
rxn03621	clean
rxn03622	clean
rxn03623	clean
rxn03624	clean
rxn03625	clean
rxn03626	clean
rxn03627	clean
rxn03628	clean
rxn03629	clean
rxn03630	clean
rxn03631	clean
rxn03632	clean
rxn03633	clean
rxn03634	clean
rxn03635	clean
rxn03636	clean
rxn03637	salvaged
rxn03638	clean
rxn03639	clean
rxn03640	clean
rxn03641	clean
rxn03642	clean
rxn03643	clean
rxn03644	clean
rxn03646	clean
rxn03647	salvaged
rxn03648	salvaged
rxn03649	clean
rxn03650	clean
rxn03651	clean
rxn03652	clean
rxn03653	clean
rxn03654	clean
rxn03655	clean
rxn03656	salvaged
rxn03657	clean
rxn03658	clean
rxn03659	clean
rxn03660	clean
rxn03661	clean
rxn03662	clean
rxn03663	clean
rxn03664	clean
rxn03665	salvaged
rxn03666	clean
rxn03667	clean
rxn03668	clean
rxn03669	clean
rxn03670	clean
rxn03671	clean
rxn03673	salvaged
rxn03674	salvaged
rxn03675	salvaged
rxn03676	salvaged
rxn03677	salvaged
rxn03678	salvaged
rxn03680	clean
rxn03681	clean
rxn03682	salvaged
rxn03683	salvaged
rxn03684	clean
rxn03685	clean
rxn03686	clean
rxn03687	clean
rxn03688	clean
rxn03690	clean
rxn03691	clean
rxn03693	clean
rxn03694	clean
rxn03695	clean
rxn03698	clean
rxn03699	clean
rxn03700	clean
rxn03701	salvaged
rxn03702	salvaged
rxn03703	salvaged
rxn03704	clean
rxn03705	clean
rxn03706	clean
rxn03707	salvaged
rxn03708	clean
rxn03709	salvaged
rxn03710	clean
rxn03711	clean
rxn03712	clean
rxn03713	clean
rxn03714	clean
rxn03715	clean
rxn03716	clean
rxn03717	clean
rxn03718	clean
rxn03719	clean
rxn03720	clean
rxn03721	clean
rxn03722	clean
rxn03723	clean
rxn03724	clean
rxn03725	clean
rxn03726	clean
rxn03727	clean
rxn03728	clean
rxn03729	clean
rxn03730	clean
rxn03731	clean
rxn03732	clean
rxn03733	clean
rxn03734	clean
rxn03735	clean
rxn03736	clean
rxn03737	clean
rxn03738	clean
rxn03739	clean
rxn03740	clean
rxn03741	clean
rxn03742	clean
rxn03743	clean
rxn03744	clean
rxn03745	clean
rxn03746	clean
rxn03747	clean
rxn03748	clean
rxn03749	clean
rxn03750	clean
rxn03751	salvaged
rxn03752	salvaged
rxn03753	salvaged
rxn03754	clean
rxn03755	clean
rxn03756	clean
rxn03757	salvaged
rxn03758	clean
rxn03759	clean
rxn03760	clean
rxn03761	salvaged
rxn03762	clean
rxn03763	clean
rxn03764	clean
rxn03765	salvaged
rxn03766	salvaged
rxn03767	salvaged
rxn03768	clean
rxn03769	salvaged
rxn03770	salvaged
rxn03771	salvaged
rxn03772	clean
rxn03773	clean
rxn03774	clean
rxn03775	clean
rxn03776	salvaged
rxn03777	salvaged
rxn03779	clean
rxn03780	clean
rxn03781	clean
rxn03782	clean
rxn03783	clean
rxn03784	salvaged
rxn03785	clean
rxn03786	clean
rxn03787	clean
rxn03789	clean
rxn03790	clean
rxn03791	clean
rxn03792	clean
rxn03793	clean
rxn03794	clean
rxn03795	clean
rxn03796	clean
rxn03797	clean
rxn03798	clean
rxn03799	clean
rxn03800	clean
rxn03801	clean
rxn03802	clean
rxn03804	clean
rxn03805	clean
rxn03806	clean
rxn03807	clean
rxn03808	clean
rxn03809	clean
rxn03810	salvaged
rxn03811	salvaged
rxn03812	salvaged
rxn03813	salvaged
rxn03814	clean
rxn03815	clean
rxn03816	clean
rxn03819	clean
rxn03820	clean
rxn03821	clean
rxn03822	clean
rxn03823	clean
rxn03824	clean
rxn03825	clean
rxn03826	clean
rxn03827	clean
rxn03828	clean
rxn03829	clean
rxn03830	clean
rxn03831	clean
rxn03832	clean
rxn03833	clean
rxn03835	clean
rxn03837	clean
rxn03838	clean
rxn03839	clean
rxn03840	clean
rxn03841	clean
rxn03842	clean
rxn03843	clean
rxn03844	salvaged
rxn03845	salvaged
rxn03846	clean
rxn03847	clean
rxn03848	clean
rxn03849	clean
rxn03850	clean
rxn03851	clean
rxn03852	clean
rxn03853	clean
rxn03854	clean
rxn03855	clean
rxn03856	clean
rxn03857	salvaged
rxn03858	salvaged
rxn03859	clean
rxn03860	clean
rxn03861	salvaged
rxn03862	salvaged
rxn03863	clean
rxn03864	clean
rxn03865	clean
rxn03866	clean
rxn03867	salvaged
rxn03868	clean
rxn03869	clean
rxn03870	clean
rxn03871	clean
rxn03872	clean
rxn03873	clean
rxn03875	clean
rxn03876	clean
rxn03877	clean
rxn03878	clean
rxn03879	clean
rxn03880	clean
rxn03881	clean
rxn03882	salvaged
rxn03883	clean
rxn03884	clean
rxn03885	clean
rxn03886	clean
rxn03887	clean
rxn03888	clean
rxn03889	clean
rxn03890	clean
rxn03891	clean
rxn03892	clean
rxn03893	clean
rxn03894	clean
rxn03895	salvaged
rxn03896	salvaged
rxn03897	clean
rxn03898	clean
rxn03899	clean
rxn03900	salvaged
rxn03901	clean
rxn03903	clean
rxn03905	salvaged
rxn03906	salvaged
rxn03907	clean
rxn03908	clean
rxn03909	clean
rxn03910	clean
rxn03911	clean
rxn03912	clean
rxn03913	clean
rxn03914	clean
rxn03915	clean
rxn03916	salvaged
rxn03917	clean
rxn03918	clean
rxn03919	clean
rxn03920	clean
rxn03921	clean
rxn03922	clean
rxn03923	clean
rxn03924	clean
rxn03925	clean
rxn03926	clean
rxn03927	clean
rxn03928	clean
rxn03929	clean
rxn03933	clean
rxn03934	clean
rxn03935	clean
rxn03936	clean
rxn03937	salvaged
rxn03938	clean
rxn03939	clean
rxn03940	salvaged
rxn03941	clean
rxn03942	clean
rxn03943	clean
rxn03944	clean
rxn03945	salvaged
rxn03946	clean
rxn03947	clean
rxn03948	clean
rxn03951	clean
rxn03952	clean
rxn03953	clean
rxn03954	clean
rxn03955	clean
rxn03956	clean
rxn03957	clean
rxn03958	clean
rxn03959	clean
rxn03960	clean
rxn03961	clean
rxn03962	clean
rxn03963	clean
rxn03964	clean
rxn03965	salvaged
rxn03966	clean
rxn03967	salvaged
rxn03968	clean
rxn03969	clean
rxn03970	clean
rxn03971	clean
rxn03972	clean
rxn03973	clean
rxn03974	clean
rxn03975	clean
rxn03976	clean
rxn03977	salvaged
rxn03978	clean
rxn03979	salvaged
rxn03980	salvaged
rxn03981	clean
rxn03982	clean
rxn03983	salvaged
rxn03984	clean
rxn03987	salvaged
rxn03988	clean
rxn03989	clean
rxn03990	salvaged
rxn03991	salvaged
rxn03992	clean
rxn03993	clean
rxn03994	clean
rxn03995	clean
rxn03996	clean
rxn03997	clean
rxn03998	clean
rxn03999	clean
rxn04000	clean
rxn04001	clean
rxn04002	clean
rxn04003	clean
rxn04004	clean
rxn04005	salvaged
rxn04006	salvaged
rxn04007	salvaged
rxn04008	clean
rxn04009	clean
rxn04010	clean
rxn04011	clean
rxn04012	clean
rxn04013	clean
rxn04014	clean
rxn04015	clean
rxn04016	clean
rxn04017	clean
rxn04018	clean
rxn04019	clean
rxn04020	clean
rxn04021	clean
rxn04022	clean
rxn04023	salvaged
rxn04024	clean
rxn04025	clean
rxn04026	salvaged
rxn04027	clean
rxn04028	clean
rxn04029	clean
rxn04030	clean
rxn04031	salvaged
rxn04032	clean
rxn04033	clean
rxn04034	clean
rxn04036	clean
rxn04037	clean
rxn04038	clean
rxn04039	clean
rxn04040	clean
rxn04041	clean
rxn04042	salvaged
rxn04043	salvaged
rxn04044	salvaged
rxn04046	salvaged
rxn04047	salvaged
rxn04048	salvaged
rxn04049	salvaged
rxn04050	salvaged
rxn04051	salvaged
rxn04052	salvaged
rxn04053	salvaged
rxn04054	clean
rxn04055	salvaged
rxn04056	clean
rxn04057	clean
rxn04058	clean
rxn04059	clean
rxn04060	clean
rxn04061	clean
rxn04062	clean
rxn04063	clean
rxn04064	clean
rxn04065	clean
rxn04066	clean
rxn04067	clean
rxn04068	clean
rxn04069	clean
rxn04070	salvaged
rxn04071	clean
rxn04073	clean
rxn04074	clean
rxn04076	clean
rxn04077	clean
rxn04078	clean
rxn04079	clean
rxn04080	clean
rxn04081	clean
rxn04082	clean
rxn04083	clean
rxn04084	clean
rxn04085	clean
rxn04086	clean
rxn04087	clean
rxn04088	clean
rxn04089	clean
rxn04090	clean
rxn04091	salvaged
rxn04092	clean
rxn04093	clean
rxn04094	salvaged
rxn04095	clean
rxn04096	clean
rxn04097	clean
rxn04098	salvaged
rxn04099	clean
rxn04100	clean
rxn04101	salvaged
rxn04102	salvaged
rxn04103	salvaged
rxn04104	clean
rxn04105	clean
rxn04106	clean
rxn04107	clean
rxn04108	clean
rxn04109	clean
rxn04110	clean
rxn04111	clean
rxn04112	clean
rxn04113	clean
rxn04114	clean
rxn04115	salvaged
rxn04116	salvaged
rxn04117	salvaged
rxn04118	salvaged
rxn04119	salvaged
rxn04121	salvaged
rxn04123	salvaged
rxn04124	salvaged
rxn04125	salvaged
rxn04126	clean
rxn04127	clean
rxn04128	salvaged
rxn04129	salvaged
rxn04130	clean
rxn04131	clean
rxn04132	clean
rxn04133	clean
rxn04134	clean
rxn04135	clean
rxn04136	clean
rxn04137	clean
rxn04139	clean
rxn04140	clean
rxn04141	clean
rxn04142	clean
rxn04143	clean
rxn04145	salvaged
rxn04146	salvaged
rxn04147	clean
rxn04148	clean
rxn04149	clean
rxn04150	clean
rxn04151	clean
rxn04152	salvaged
rxn04153	clean
rxn04154	clean
rxn04159	salvaged
rxn04160	salvaged
rxn04161	salvaged
rxn04162	salvaged
rxn04163	salvaged
rxn04164	salvaged
rxn04165	clean
rxn04166	clean
rxn04167	clean
rxn04168	clean
rxn04169	clean
rxn04170	clean
rxn04171	clean
rxn04173	clean
rxn04174	clean
rxn04175	clean
rxn04176	clean
rxn04177	clean
rxn04178	clean
rxn04179	clean
rxn04180	clean
rxn04181	clean
rxn04182	clean
rxn04183	salvaged
rxn04184	salvaged
rxn04185	clean
rxn04189	salvaged
rxn04190	salvaged
rxn04191	salvaged
rxn04193	salvaged
rxn04195	salvaged
rxn04196	salvaged
rxn04197	salvaged
rxn04198	clean
rxn04201	salvaged
rxn04202	salvaged
rxn04203	salvaged
rxn04204	salvaged
rxn04205	salvaged
rxn04206	salvaged
rxn04207	salvaged
rxn04208	salvaged
rxn04209	clean
rxn04210	clean
rxn04211	clean
rxn04212	salvaged
rxn04213	salvaged
rxn04214	salvaged
rxn04215	clean
rxn04216	clean
rxn04217	clean
rxn04218	clean
rxn04219	clean
rxn04220	salvaged
rxn04221	salvaged
rxn04222	clean
rxn04223	salvaged
rxn04224	salvaged
rxn04225	salvaged
rxn04226	salvaged
rxn04227	clean
rxn04228	clean
rxn04229	clean
rxn04230	salvaged
rxn04231	salvaged
rxn04232	salvaged
rxn04233	salvaged
rxn04234	clean
rxn04235	clean
rxn04236	salvaged
rxn04237	clean
rxn04238	clean
rxn04239	clean
rxn04240	clean
rxn04241	clean
rxn04242	clean
rxn04243	clean
rxn04244	clean
rxn04245	clean
rxn04246	clean
rxn04247	clean
rxn04248	clean
rxn04249	clean
rxn04250	clean
rxn04251	clean
rxn04252	salvaged
rxn04253	salvaged
rxn04254	salvaged
rxn04255	salvaged
rxn04256	salvaged
rxn04257	salvaged
rxn04258	salvaged
rxn04259	salvaged
rxn04260	clean
rxn04261	clean
rxn04262	clean
rxn04263	salvaged
rxn04264	clean
rxn04265	clean
rxn04266	clean
rxn04267	clean
rxn04268	clean
rxn04269	clean
rxn04270	clean
rxn04271	clean
rxn04272	salvaged
rxn04274	clean
rxn04275	clean
rxn04276	clean
rxn04277	clean
rxn04278	clean
rxn04279	clean
rxn04280	clean
rxn04281	clean
rxn04282	clean
rxn04284	clean
rxn04290	clean
rxn04291	clean
rxn04294	clean
rxn04295	clean
rxn04296	clean
rxn04297	clean
rxn04299	clean
rxn04300	clean
rxn04301	clean
rxn04302	clean
rxn04303	clean
rxn04304	salvaged
rxn04305	salvaged
rxn04306	salvaged
rxn04308	clean
rxn04309	salvaged
rxn04310	salvaged
rxn04311	clean
rxn04312	clean
rxn04314	salvaged
rxn04316	clean
rxn04317	clean
rxn04320	salvaged
rxn04323	clean
rxn04324	clean
rxn04325	clean
rxn04326	clean
rxn04327	clean
rxn04329	clean
rxn04330	clean
rxn04332	clean
rxn04333	clean
rxn04334	clean
rxn04335	clean
rxn04336	clean
rxn04337	clean
rxn04338	clean
rxn04339	clean
rxn04340	clean
rxn04345	clean
rxn04346	clean
rxn04347	clean
rxn04348	clean
rxn04349	clean
rxn04350	clean
rxn04351	clean
rxn04352	clean
rxn04353	clean
rxn04354	clean
rxn04355	clean
rxn04356	clean
rxn04357	clean
rxn04358	clean
rxn04359	clean
rxn04360	clean
rxn04361	clean
rxn04362	clean
rxn04363	clean
rxn04367	clean
rxn04368	salvaged
rxn04369	salvaged
rxn04370	salvaged
rxn04373	salvaged
rxn04374	clean
rxn04376	clean
rxn04377	clean
rxn04378	salvaged
rxn04379	clean
rxn04381	clean
rxn04382	salvaged
rxn04384	salvaged
rxn04385	salvaged
rxn04386	clean
rxn04387	clean
rxn04388	clean
rxn04389	clean
rxn04390	clean
rxn04391	clean
rxn04393	clean
rxn04394	salvaged
rxn04395	clean
rxn04396	salvaged
rxn04397	salvaged
rxn04398	salvaged
rxn04399	salvaged
rxn04400	salvaged
rxn04401	salvaged
rxn04402	salvaged
rxn04403	salvaged
rxn04404	salvaged
rxn04405	clean
rxn04406	salvaged
rxn04407	clean
rxn04408	clean
rxn04409	clean
rxn04410	salvaged
rxn04411	clean
rxn04413	salvaged
rxn04415	clean
rxn04416	clean
rxn04417	clean
rxn04418	clean
rxn04419	clean
rxn04420	salvaged
rxn04421	clean
rxn04423	clean
rxn04424	clean
rxn04425	clean
rxn04426	clean
rxn04427	clean
rxn04428	clean
rxn04429	clean
rxn04430	clean
rxn04431	clean
rxn04432	clean
rxn04433	salvaged
rxn04434	salvaged
rxn04435	salvaged
rxn04436	salvaged
rxn04437	salvaged
rxn04438	salvaged
rxn04439	salvaged
rxn04440	salvaged
rxn04441	salvaged
rxn04442	clean
rxn04443	clean
rxn04444	clean
rxn04445	clean
rxn04446	clean
rxn04447	clean
rxn04448	clean
rxn04449	clean
rxn04450	salvaged
rxn04451	clean
rxn04452	salvaged
rxn04453	clean
rxn04454	clean
rxn04455	clean
rxn04456	salvaged
rxn04457	salvaged
rxn04458	clean
rxn04459	clean
rxn04460	salvaged
rxn04461	salvaged
rxn04462	clean
rxn04463	clean
rxn04464	clean
rxn04465	salvaged
rxn04466	clean
rxn04467	salvaged
rxn04468	clean
rxn04469	salvaged
rxn04470	salvaged
rxn04471	clean
rxn04472	clean
rxn04473	clean
rxn04474	salvaged
rxn04475	clean
rxn04476	clean
rxn04477	clean
rxn04478	clean
rxn04479	clean
rxn04480	clean
rxn04481	clean
rxn04482	clean
rxn04483	clean
rxn04485	clean
rxn04486	salvaged
rxn04487	salvaged
rxn04488	salvaged
rxn04489	salvaged
rxn04490	salvaged
rxn04491	salvaged
rxn04492	salvaged
rxn04493	salvaged
rxn04494	clean
rxn04496	salvaged
rxn04498	salvaged
rxn04500	clean
rxn04501	clean
rxn04502	clean
rxn04504	salvaged
rxn04507	salvaged
rxn04508	salvaged
rxn04509	salvaged
rxn04510	clean
rxn04511	salvaged
rxn04512	clean
rxn04513	clean
rxn04514	clean
rxn04515	salvaged
rxn04516	clean
rxn04517	salvaged
rxn04518	salvaged
rxn04519	salvaged
rxn04520	salvaged
rxn04521	clean
rxn04522	salvaged
rxn04523	salvaged
rxn04524	clean
rxn04525	salvaged
rxn04526	clean
rxn04527	clean
rxn04528	salvaged
rxn04529	salvaged
rxn04530	salvaged
rxn04531	clean
rxn04532	salvaged
rxn04533	salvaged
rxn04534	salvaged
rxn04535	salvaged
rxn04536	salvaged
rxn04537	clean
rxn04539	salvaged
rxn04541	salvaged
rxn04542	salvaged
rxn04543	salvaged
rxn04544	salvaged
rxn04545	salvaged
rxn04546	salvaged
rxn04547	clean
rxn04549	clean
rxn04550	clean
rxn04551	salvaged
rxn04555	salvaged
rxn04556	salvaged
rxn04558	salvaged
rxn04559	clean
rxn04560	clean
rxn04561	clean
rxn04563	salvaged
rxn04564	clean
rxn04565	clean
rxn04566	salvaged
rxn04568	salvaged
rxn04569	salvaged
rxn04571	clean
rxn04572	clean
rxn04574	salvaged
rxn04575	clean
rxn04576	salvaged
rxn04577	clean
rxn04578	clean
rxn04579	clean
rxn04580	clean
rxn04581	salvaged
rxn04582	salvaged
rxn04583	clean
rxn04584	clean
rxn04585	salvaged
rxn04586	clean
rxn04587	clean
rxn04588	clean
rxn04589	clean
rxn04590	clean
rxn04591	clean
rxn04592	salvaged
rxn04593	salvaged
rxn04594	salvaged
rxn04595	salvaged
rxn04596	salvaged
rxn04597	clean
rxn04598	clean
rxn04599	clean
rxn04600	clean
rxn04601	clean
rxn04602	clean
rxn04603	clean
rxn04604	clean
rxn04606	salvaged
rxn04608	clean
rxn04609	clean
rxn04610	clean
rxn04611	clean
rxn04612	clean
rxn04614	clean
rxn04615	salvaged
rxn04616	clean
rxn04617	clean
rxn04618	clean
rxn04619	clean
rxn04620	clean
rxn04621	clean
rxn04622	clean
rxn04623	clean
rxn04624	clean
rxn04626	clean
rxn04627	clean
rxn04628	clean
rxn04629	clean
rxn04630	clean
rxn04631	clean
rxn04632	clean
rxn04633	clean
rxn04634	clean
rxn04635	clean
rxn04636	clean
rxn04638	salvaged
rxn04639	clean
rxn04641	clean
rxn04642	clean
rxn04643	clean
rxn04644	clean
rxn04645	salvaged
rxn04646	clean
rxn04647	clean
rxn04648	clean
rxn04649	clean
rxn04650	clean
rxn04651	clean
rxn04652	salvaged
rxn04653	clean
rxn04654	salvaged
rxn04656	salvaged
rxn04657	clean
rxn04658	clean
rxn04659	clean
rxn04660	clean
rxn04661	clean
rxn04662	clean
rxn04663	clean
rxn04664	salvaged
rxn04665	salvaged
rxn04666	clean
rxn04667	clean
rxn04668	clean
rxn04669	clean
rxn04670	clean
rxn04671	salvaged
rxn04672	clean
rxn04673	clean
rxn04674	clean
rxn04675	clean
rxn04676	clean
rxn04677	clean
rxn04678	clean
rxn04679	salvaged
rxn04680	salvaged
rxn04681	clean
rxn04682	clean
rxn04683	clean
rxn04684	clean
rxn04685	clean
rxn04686	clean
rxn04687	clean
rxn04688	clean
rxn04689	salvaged
rxn04690	salvaged
rxn04691	clean
rxn04692	clean
rxn04693	clean
rxn04694	clean
rxn04696	clean
rxn04697	clean
rxn04698	clean
rxn04699	clean
rxn04700	clean
rxn04701	clean
rxn04702	clean
rxn04703	clean
rxn04704	salvaged
rxn04705	clean
rxn04706	clean
rxn04707	clean
rxn04708	clean
rxn04709	salvaged
rxn04710	salvaged
rxn04711	salvaged
rxn04712	clean
rxn04713	clean
rxn04714	clean
rxn04715	clean
rxn04716	clean
rxn04717	clean
rxn04718	clean
rxn04719	clean
rxn04720	clean
rxn04721	clean
rxn04722	clean
rxn04723	clean
rxn04724	salvaged
rxn04725	clean
rxn04726	clean
rxn04727	clean
rxn04728	clean
rxn04729	clean
rxn04730	clean
rxn04731	clean
rxn04732	clean
rxn04733	clean
rxn04734	salvaged
rxn04735	clean
rxn04736	clean
rxn04737	clean
rxn04739	clean
rxn04740	clean
rxn04741	clean
rxn04742	clean
rxn04743	clean
rxn04744	clean
rxn04745	salvaged
rxn04746	clean
rxn04748	salvaged
rxn04749	clean
rxn04750	clean
rxn04751	clean
rxn04752	clean
rxn04753	salvaged
rxn04754	clean
rxn04755	clean
rxn04756	clean
rxn04757	clean
rxn04758	clean
rxn04759	clean
rxn04760	clean
rxn04761	clean
rxn04762	clean
rxn04763	clean
rxn04764	salvaged
rxn04765	clean
rxn04766	clean
rxn04767	clean
rxn04768	salvaged
rxn04769	clean
rxn04770	clean
rxn04771	clean
rxn04772	clean
rxn04773	clean
rxn04774	clean
rxn04775	salvaged
rxn04776	clean
rxn04777	clean
rxn04778	clean
rxn04779	clean
rxn04780	clean
rxn04781	clean
rxn04782	salvaged
rxn04783	clean
rxn04784	clean
rxn04785	clean
rxn04786	clean
rxn04787	clean
rxn04788	clean
rxn04789	clean
rxn04790	clean
rxn04791	clean
rxn04792	clean
rxn04793	clean
rxn04794	clean
rxn04795	clean
rxn04798	salvaged
rxn04803	clean
rxn04804	salvaged
rxn04805	salvaged
rxn04806	clean
rxn04807	clean
rxn04808	clean
rxn04809	clean
rxn04810	clean
rxn04811	clean
rxn04812	salvaged
rxn04813	salvaged
rxn04814	salvaged
rxn04815	salvaged
rxn04816	clean
rxn04817	clean
rxn04818	clean
rxn04819	clean
rxn04820	clean
rxn04821	clean
rxn04822	clean
rxn04823	clean
rxn04824	clean
rxn04825	salvaged
rxn04826	clean
rxn04827	clean
rxn04828	clean
rxn04829	clean
rxn04830	clean
rxn04831	clean
rxn04832	clean
rxn04833	clean
rxn04834	clean
rxn04835	salvaged
rxn04836	clean
rxn04837	salvaged
rxn04838	clean
rxn04839	clean
rxn04840	salvaged
rxn04841	salvaged
rxn04843	clean
rxn04844	clean
rxn04845	clean
rxn04846	clean
rxn04847	clean
rxn04848	clean
rxn04849	clean
rxn04850	clean
rxn04851	clean
rxn04852	clean
rxn04853	clean
rxn04854	clean
rxn04855	clean
rxn04856	clean
rxn04857	clean
rxn04858	clean
rxn04859	clean
rxn04860	clean
rxn04861	clean
rxn04863	clean
rxn04864	clean
rxn04865	clean
rxn04866	clean
rxn04867	clean
rxn04868	clean
rxn04869	clean
rxn04870	clean
rxn04871	clean
rxn04872	clean
rxn04873	clean
rxn04874	clean
rxn04875	clean
rxn04876	clean
rxn04877	clean
rxn04878	clean
rxn04879	clean
rxn04880	clean
rxn04881	clean
rxn04882	clean
rxn04883	clean
rxn04884	clean
rxn04885	clean
rxn04886	salvaged
rxn04887	clean
rxn04888	clean
rxn04889	clean
rxn04890	clean
rxn04891	clean
rxn04892	clean
rxn04893	clean
rxn04894	clean
rxn04895	clean
rxn04896	clean
rxn04897	salvaged
rxn04898	clean
rxn04899	salvaged
rxn04900	clean
rxn04901	clean
rxn04902	clean
rxn04903	clean
rxn04904	clean
rxn04905	clean
rxn04906	salvaged
rxn04907	clean
rxn04908	clean
rxn04909	salvaged
rxn04910	clean
rxn04911	clean
rxn04912	clean
rxn04913	clean
rxn04914	clean
rxn04915	clean
rxn04916	clean
rxn04917	salvaged
rxn04918	salvaged
rxn04919	clean
rxn04920	salvaged
rxn04921	salvaged
rxn04922	salvaged
rxn04923	clean
rxn04925	clean
rxn04926	salvaged
rxn04927	clean
rxn04928	salvaged
rxn04929	salvaged
rxn04930	clean
rxn04932	clean
rxn04933	clean
rxn04934	clean
rxn04935	clean
rxn04936	clean
rxn04937	clean
rxn04938	clean
rxn04939	clean
rxn04940	clean
rxn04941	clean
rxn04942	clean
rxn04943	clean
rxn04944	clean
rxn04945	clean
rxn04947	salvaged
rxn04948	clean
rxn04949	clean
rxn04950	clean
rxn04951	clean
rxn04952	clean
rxn04953	clean
rxn04954	clean
rxn04955	clean
rxn04956	clean
rxn04957	clean
rxn04958	clean
rxn04959	clean
rxn04960	clean
rxn04961	salvaged
rxn04962	clean
rxn04963	clean
rxn04964	clean
rxn04965	clean
rxn04966	clean
rxn04967	salvaged
rxn04968	clean
rxn04969	clean
rxn04971	clean
rxn04972	clean
rxn04973	clean
rxn04974	clean
rxn04975	clean
rxn04976	clean
rxn04978	clean
rxn04979	clean
rxn04980	clean
rxn04981	clean
rxn04982	clean
rxn04983	clean
rxn04984	clean
rxn04985	clean
rxn04986	clean
rxn04987	clean
rxn04988	clean
rxn04989	clean
rxn04990	clean
rxn04991	clean
rxn04992	salvaged
rxn04993	clean
rxn04994	clean
rxn04995	clean
rxn04996	clean
rxn04997	clean
rxn04998	clean
rxn04999	clean
rxn05000	clean
rxn05001	clean
rxn05003	clean
rxn05004	clean
rxn05005	clean
rxn05006	clean
rxn05007	clean
rxn05008	clean
rxn05009	clean
rxn05010	clean
rxn05011	clean
rxn05012	salvaged
rxn05014	clean
rxn05015	clean
rxn05016	salvaged
rxn05018	salvaged
rxn05019	salvaged
rxn05020	salvaged
rxn05021	clean
rxn05022	clean
rxn05023	clean
rxn05024	clean
rxn05025	clean
rxn05026	clean
rxn05027	salvaged
rxn05028	clean
rxn05029	salvaged
rxn05030	clean
rxn05031	clean
rxn05032	clean
rxn05033	clean
rxn05034	salvaged
rxn05035	clean
rxn05036	clean
rxn05037	clean
rxn05038	clean
rxn05039	clean
rxn05040	clean
rxn05042	clean
rxn05044	salvaged
rxn05047	clean
rxn05048	clean
rxn05049	clean
rxn05050	salvaged
rxn05052	clean
rxn05053	clean
rxn05054	salvaged
rxn05055	clean
rxn05057	clean
rxn05058	clean
rxn05059	clean
rxn05060	clean
rxn05061	salvaged
rxn05062	clean
rxn05063	clean
rxn05064	clean
rxn05065	clean
rxn05066	clean
rxn05067	clean
rxn05068	clean
rxn05069	clean
rxn05070	clean
rxn05071	clean
rxn05072	clean
rxn05073	clean
rxn05076	salvaged
rxn05078	clean
rxn05080	clean
rxn05081	clean
rxn05083	salvaged
rxn05084	clean
rxn05085	clean
rxn05087	clean
rxn05088	clean
rxn05090	clean
rxn05091	salvaged
rxn05092	clean
rxn05093	clean
rxn05094	clean
rxn05095	clean
rxn05096	clean
rxn05097	clean
rxn05098	clean
rxn05099	clean
rxn05101	clean
rxn05102	clean
rxn05104	clean
rxn05105	clean
rxn05106	clean
rxn05107	clean
rxn05108	clean
rxn05109	clean
rxn05110	clean
rxn05111	clean
rxn05112	clean
rxn05113	clean
rxn05114	clean
rxn05115	clean
rxn05116	salvaged
rxn05117	clean
rxn05118	clean
rxn05119	clean
rxn05120	salvaged
rxn05122	clean
rxn05123	clean
rxn05124	salvaged
rxn05125	salvaged
rxn05126	clean
rxn05127	clean
rxn05128	clean
rxn05129	clean
rxn05130	clean
rxn05131	clean
rxn05132	clean
rxn05133	salvaged
rxn05134	salvaged
rxn05135	clean
rxn05136	clean
rxn05137	clean
rxn05139	salvaged
rxn05142	clean
rxn05143	clean
rxn05144	clean
rxn05145	clean
rxn05146	clean
rxn05147	clean
rxn05148	clean
rxn05149	salvaged
rxn05150	clean
rxn05151	clean
rxn05152	clean
rxn05153	clean
rxn05154	clean
rxn05155	clean
rxn05156	clean
rxn05157	clean
rxn05158	clean
rxn05159	clean
rxn05160	clean
rxn05161	clean
rxn05162	clean
rxn05163	clean
rxn05164	clean
rxn05165	clean
rxn05166	salvaged
rxn05167	clean
rxn05168	clean
rxn05169	clean
rxn05170	clean
rxn05171	clean
rxn05172	clean
rxn05173	clean
rxn05175	clean
rxn05176	clean
rxn05177	clean
rxn05178	clean
rxn05179	clean
rxn05180	clean
rxn05181	clean
rxn05182	salvaged
rxn05183	clean
rxn05184	clean
rxn05185	clean
rxn05187	clean
rxn05188	salvaged
rxn05189	salvaged
rxn05190	salvaged
rxn05192	clean
rxn05193	clean
rxn05194	clean
rxn05195	salvaged
rxn05196	clean
rxn05197	clean
rxn05198	clean
rxn05199	clean
rxn05200	clean
rxn05201	clean
rxn05202	clean
rxn05203	clean
rxn05204	clean
rxn05205	clean
rxn05206	clean
rxn05207	salvaged
rxn05208	clean
rxn05209	clean
rxn05210	salvaged
rxn05211	clean
rxn05212	clean
rxn05213	salvaged
rxn05214	salvaged
rxn05215	salvaged
rxn05216	salvaged
rxn05217	clean
rxn05218	clean
rxn05219	clean
rxn05220	clean
rxn05221	salvaged
rxn05222	clean
rxn05223	clean
rxn05224	clean
rxn05225	clean
rxn05226	salvaged
rxn05227	clean
rxn05229	clean
rxn05231	clean
rxn05232	clean
rxn05233	clean
rxn05234	clean
rxn05235	clean
rxn05236	clean
rxn05237	clean
rxn05238	clean
rxn05239	clean
rxn05240	salvaged
rxn05241	salvaged
rxn05242	salvaged
rxn05243	clean
rxn05244	clean
rxn05245	clean
rxn05255	clean
rxn05256	clean
rxn05287	clean
rxn05289	clean
rxn05292	clean
rxn05293	clean
rxn05297	clean
rxn05298	salvaged
rxn05299	clean
rxn05300	clean
rxn05301	clean
rxn05303	clean
rxn05305	clean
rxn05306	clean
rxn05307	clean
rxn05308	clean
rxn05310	clean
rxn05312	clean
rxn05316	clean
rxn05317	clean
rxn05318	clean
rxn05319	clean
rxn05466	clean
rxn05467	clean
rxn05468	clean
rxn05469	clean
rxn05470	clean
rxn05471	clean
rxn05472	clean
rxn05473	clean
rxn05474	clean
rxn05475	clean
rxn05476	clean
rxn05477	clean
rxn05478	clean
rxn05479	clean
rxn05480	clean
rxn05481	clean
rxn05482	clean
rxn05483	clean
rxn05484	clean
rxn05485	clean
rxn05486	clean
rxn05487	clean
rxn05488	clean
rxn05489	clean
rxn05490	clean
rxn05491	clean
rxn05493	clean
rxn05494	clean
rxn05495	clean
rxn05496	clean
rxn05497	clean
rxn05499	clean
rxn05500	clean
rxn05501	clean
rxn05502	clean
rxn05504	clean
rxn05505	clean
rxn05506	clean
rxn05507	clean
rxn05508	clean
rxn05510	salvaged
rxn05511	clean
rxn05512	clean
rxn05513	clean
rxn05514	clean
rxn05515	salvaged
rxn05516	clean
rxn05518	salvaged
rxn05519	clean
rxn05520	salvaged
rxn05522	salvaged
rxn05523	salvaged
rxn05525	clean
rxn05527	clean
rxn05528	salvaged
rxn05529	clean
rxn05532	clean
rxn05533	clean
rxn05535	clean
rxn05537	clean
rxn05539	clean
rxn05540	clean
rxn05542	clean
rxn05543	clean
rxn05544	clean
rxn05547	clean
rxn05548	clean
rxn05549	clean
rxn05550	clean
rxn05551	clean
rxn05552	clean
rxn05553	clean
rxn05554	clean
rxn05555	salvaged
rxn05557	salvaged
rxn05558	salvaged
rxn05559	clean
rxn05560	salvaged
rxn05561	clean
rxn05562	clean
rxn05563	clean
rxn05564	clean
rxn05565	clean
rxn05566	clean
rxn05567	clean
rxn05568	clean
rxn05569	salvaged
rxn05570	clean
rxn05571	clean
rxn05573	clean
rxn05574	clean
rxn05577	clean
rxn05578	clean
rxn05579	clean
rxn05580	clean
rxn05581	clean
rxn05582	clean
rxn05585	clean
rxn05586	clean
rxn05589	salvaged
rxn05590	clean
rxn05593	clean
rxn05594	clean
rxn05595	clean
rxn05596	clean
rxn05597	clean
rxn05598	clean
rxn05599	clean
rxn05601	clean
rxn05602	clean
rxn05603	clean
rxn05604	clean
rxn05605	clean
rxn05607	salvaged
rxn05608	clean
rxn05609	clean
rxn05610	salvaged
rxn05611	clean
rxn05612	clean
rxn05613	clean
rxn05615	clean
rxn05616	clean
rxn05617	clean
rxn05618	clean
rxn05619	salvaged
rxn05620	clean
rxn05621	clean
rxn05622	clean
rxn05623	clean
rxn05625	clean
rxn05626	clean
rxn05627	clean
rxn05628	clean
rxn05629	clean
rxn05630	clean
rxn05634	clean
rxn05635	clean
rxn05636	clean
rxn05638	clean
rxn05639	clean
rxn05640	clean
rxn05641	clean
rxn05643	clean
rxn05644	clean
rxn05645	clean
rxn05646	clean
rxn05647	clean
rxn05648	clean
rxn05649	clean
rxn05651	clean
rxn05652	clean
rxn05653	clean
rxn05654	clean
rxn05655	salvaged
rxn05656	clean
rxn05657	clean
rxn05659	clean
rxn05661	clean
rxn05663	clean
rxn05665	clean
rxn05667	clean
rxn05669	clean
rxn05671	clean
rxn05672	clean
rxn05673	clean
rxn05674	clean
rxn05676	clean
rxn05678	clean
rxn05679	clean
rxn05680	clean
rxn05681	clean
rxn05682	clean
rxn05683	clean
rxn05684	clean
rxn05685	clean
rxn05686	clean
rxn05687	clean
rxn05689	clean
rxn05690	clean
rxn05691	clean
rxn05692	clean
rxn05693	clean
rxn05694	clean
rxn05695	clean
rxn05696	clean
rxn05697	clean
rxn05698	clean
rxn05699	clean
rxn05701	clean
rxn05703	clean
rxn05704	clean
rxn05706	clean
rxn05708	clean
rxn05709	clean
rxn05710	clean
rxn05711	clean
rxn05713	clean
rxn05714	clean
rxn05715	clean
rxn05716	clean
rxn05717	clean
rxn05718	clean
rxn05719	clean
rxn05720	clean
rxn05721	clean
rxn05722	clean
rxn05723	clean
rxn05724	clean
rxn05725	clean
rxn05726	clean
rxn05727	clean
rxn05728	clean
rxn05730	clean
rxn05731	clean
rxn05732	clean
rxn05733	clean
rxn05734	clean
rxn05735	clean
rxn05736	salvaged
rxn05737	clean
rxn05743	clean
rxn05745	clean
rxn05746	clean
rxn05761	clean
rxn05762	salvaged
rxn05765	clean
rxn05766	clean
rxn05773	clean
rxn05775	clean
rxn05776	salvaged
rxn05777	salvaged
rxn05778	salvaged
rxn05794	salvaged
rxn05800	salvaged
rxn05807	salvaged
rxn05816	salvaged
rxn05817	salvaged
rxn05818	salvaged
rxn05819	salvaged
rxn05825	salvaged
rxn05826	clean
rxn05827	clean
rxn05830	salvaged
rxn05831	salvaged
rxn05833	salvaged
rxn05835	salvaged
rxn05840	salvaged
rxn05842	salvaged
rxn05843	salvaged
rxn05844	salvaged
rxn05845	salvaged
rxn05846	salvaged
rxn05847	salvaged
rxn05848	salvaged
rxn05850	salvaged
rxn05852	salvaged
rxn05853	salvaged
rxn05854	salvaged
rxn05855	salvaged
rxn05859	clean
rxn05860	salvaged
rxn05871	clean
rxn05872	clean
rxn05873	clean
rxn05874	salvaged
rxn05875	salvaged
rxn05876	salvaged
rxn05877	salvaged
rxn05881	salvaged
rxn05883	clean
rxn05886	salvaged
rxn05887	clean
rxn05899	salvaged
rxn05901	salvaged
rxn05906	salvaged
rxn05907	salvaged
rxn05909	clean
rxn05910	clean
rxn05919	salvaged
rxn05922	clean
rxn05923	clean
rxn05924	clean
rxn05926	salvaged
rxn05927	salvaged
rxn05928	clean
rxn05929	salvaged
rxn05934	clean
rxn05941	salvaged
rxn05943	salvaged
rxn05944	salvaged
rxn05946	clean
rxn05948	salvaged
rxn05950	salvaged
rxn05957	clean
rxn05958	clean
rxn05961	clean
rxn05962	salvaged
rxn05963	salvaged
rxn05964	salvaged
rxn05967	salvaged
rxn05970	salvaged
rxn05971	salvaged
rxn05973	salvaged
rxn05974	clean
rxn05975	salvaged
rxn05976	salvaged
rxn05979	clean
rxn05981	salvaged
rxn05983	salvaged
rxn05987	salvaged
rxn06000	salvaged
rxn06002	salvaged
rxn06012	salvaged
rxn06031	salvaged
rxn06035	salvaged
rxn06036	salvaged
rxn06037	clean
rxn06038	clean
rxn06041	salvaged
rxn06042	salvaged
rxn06044	salvaged
rxn06045	salvaged
rxn06049	salvaged
rxn06050	salvaged
rxn06060	salvaged
rxn06062	salvaged
rxn06063	salvaged
rxn06064	salvaged
rxn06069	salvaged
rxn06073	salvaged
rxn06075	clean
rxn06076	clean
rxn06077	clean
rxn06078	clean
rxn06079	salvaged
rxn06080	salvaged
rxn06082	salvaged
rxn06086	salvaged
rxn06087	salvaged
rxn06091	salvaged
rxn06092	salvaged
rxn06098	salvaged
rxn06099	salvaged
rxn06105	clean
rxn06117	salvaged
rxn06118	salvaged
rxn06120	salvaged
rxn06121	salvaged
rxn06123	salvaged
rxn06124	salvaged
rxn06135	clean
rxn06136	clean
rxn06138	salvaged
rxn06139	salvaged
rxn06140	salvaged
rxn06145	salvaged
rxn06147	clean
rxn06149	salvaged
rxn06153	salvaged
rxn06154	salvaged
rxn06156	salvaged
rxn06160	salvaged
rxn06165	salvaged
rxn06166	clean
rxn06168	salvaged
rxn06170	clean
rxn06178	salvaged
rxn06181	salvaged
rxn06182	salvaged
rxn06183	salvaged
rxn06184	salvaged
rxn06188	clean
rxn06190	salvaged
rxn06191	salvaged
rxn06195	salvaged
rxn06197	salvaged
rxn06198	salvaged
rxn06199	salvaged
rxn06200	salvaged
rxn06201	salvaged
rxn06202	salvaged
rxn06205	clean
rxn06206	salvaged
rxn06207	clean
rxn06212	salvaged
rxn06215	salvaged
rxn06219	salvaged
rxn06220	salvaged
rxn06221	salvaged
rxn06222	salvaged
rxn06224	salvaged
rxn06231	salvaged
rxn06232	salvaged
rxn06233	clean
rxn06234	salvaged
rxn06239	salvaged
rxn06242	salvaged
rxn06243	salvaged
rxn06244	salvaged
rxn06252	clean
rxn06253	clean
rxn06255	salvaged
rxn06263	clean
rxn06264	salvaged
rxn06271	salvaged
rxn06272	salvaged
rxn06273	salvaged
rxn06278	clean
rxn06281	salvaged
rxn06282	salvaged
rxn06283	salvaged
rxn06290	salvaged
rxn06295	salvaged
rxn06296	salvaged
rxn06299	clean
rxn06303	salvaged
rxn06304	salvaged
rxn06306	clean
rxn06307	salvaged
rxn06314	salvaged
rxn06315	clean
rxn06317	clean
rxn06318	salvaged
rxn06328	salvaged
rxn06335	salvaged
rxn06338	salvaged
rxn06344	salvaged
rxn06345	salvaged
rxn06346	salvaged
rxn06348	salvaged
rxn06349	salvaged
rxn06353	clean
rxn06355	salvaged
rxn06356	salvaged
rxn06357	salvaged
rxn06359	clean
rxn06370	salvaged
rxn06372	salvaged
rxn06373	salvaged
rxn06374	salvaged
rxn06375	salvaged
rxn06376	salvaged
rxn06377	salvaged
rxn06378	salvaged
rxn06381	salvaged
rxn06382	salvaged
rxn06383	salvaged
rxn06384	salvaged
rxn06385	salvaged
rxn06386	salvaged
rxn06387	salvaged
rxn06388	salvaged
rxn06389	salvaged
rxn06390	salvaged
rxn06391	salvaged
rxn06392	salvaged
rxn06393	salvaged
rxn06394	salvaged
rxn06396	salvaged
rxn06397	salvaged
rxn06398	salvaged
rxn06399	salvaged
rxn06400	salvaged
rxn06402	salvaged
rxn06403	salvaged
rxn06404	salvaged
rxn06411	salvaged
rxn06416	clean
rxn06417	clean
rxn06418	clean
rxn06425	salvaged
rxn06429	clean
rxn06453	salvaged
rxn06458	clean
rxn06462	salvaged
rxn06465	clean
rxn06467	clean
rxn06468	clean
rxn06476	salvaged
rxn06477	salvaged
rxn06478	salvaged
rxn06487	salvaged
rxn06488	clean
rxn06493	clean
rxn06494	clean
rxn06509	salvaged
rxn06510	clean
rxn06512	salvaged
rxn06513	clean
rxn06515	salvaged
rxn06525	clean
rxn06526	clean
rxn06527	salvaged
rxn06533	salvaged
rxn06535	salvaged
rxn06536	clean
rxn06537	salvaged
rxn06539	salvaged
rxn06545	clean
rxn06547	salvaged
rxn06549	salvaged
rxn06551	clean
rxn06558	salvaged
rxn06559	salvaged
rxn06560	salvaged
rxn06561	salvaged
rxn06565	salvaged
rxn06566	salvaged
rxn06567	salvaged
rxn06570	salvaged
rxn06574	salvaged
rxn06576	salvaged
rxn06577	salvaged
rxn06578	salvaged
rxn06583	salvaged
rxn06586	salvaged
rxn06588	clean
rxn06592	salvaged
rxn06600	salvaged
rxn06601	salvaged
rxn06602	salvaged
rxn06610	salvaged
rxn06612	salvaged
rxn06614	salvaged
rxn06616	salvaged
rxn06618	salvaged
rxn06621	salvaged
rxn06626	salvaged
rxn06627	salvaged
rxn06630	salvaged
rxn06636	salvaged
rxn06638	clean
rxn06640	salvaged
rxn06643	clean
rxn06645	salvaged
rxn06649	salvaged
rxn06651	clean
rxn06652	salvaged
rxn06653	salvaged
rxn06655	clean
rxn06659	salvaged
rxn06660	salvaged
rxn06661	salvaged
rxn06663	clean
rxn06665	salvaged
rxn06669	salvaged
rxn06670	clean
rxn06671	salvaged
rxn06672	salvaged
rxn06673	salvaged
rxn06675	salvaged
rxn06677	salvaged
rxn06678	salvaged
rxn06679	salvaged
rxn06680	salvaged
rxn06681	salvaged
rxn06682	salvaged
rxn06683	salvaged
rxn06684	clean
rxn06685	salvaged
rxn06690	salvaged
rxn06694	salvaged
rxn06695	salvaged
rxn06696	salvaged
rxn06706	salvaged
rxn06708	salvaged
rxn06711	clean
rxn06713	salvaged
rxn06716	salvaged
rxn06718	salvaged
rxn06719	clean
rxn06720	salvaged
rxn06721	salvaged
rxn06725	salvaged
rxn06726	salvaged
rxn06727	salvaged
rxn06728	salvaged
rxn06731	salvaged
rxn06733	clean
rxn06734	salvaged
rxn06735	salvaged
rxn06736	salvaged
rxn06737	salvaged
rxn06740	salvaged
rxn06741	salvaged
rxn06742	salvaged
rxn06743	salvaged
rxn06748	salvaged
rxn06749	salvaged
rxn06750	salvaged
rxn06751	salvaged
rxn06752	salvaged
rxn06753	salvaged
rxn06756	salvaged
rxn06757	salvaged
rxn06758	salvaged
rxn06759	salvaged
rxn06760	salvaged
rxn06767	salvaged
rxn06769	salvaged
rxn06770	salvaged
rxn06771	salvaged
rxn06776	salvaged
rxn06777	clean
rxn06780	clean
rxn06784	clean
rxn06785	clean
rxn06798	salvaged
rxn06802	salvaged
rxn06804	salvaged
rxn06805	salvaged
rxn06807	salvaged
rxn06810	salvaged
rxn06811	salvaged
rxn06812	salvaged
rxn06815	salvaged
rxn06820	clean
rxn06822	salvaged
rxn06823	salvaged
rxn06840	clean
rxn06843	clean
rxn06844	salvaged
rxn06852	clean
rxn06854	salvaged
rxn06856	salvaged
rxn06857	salvaged
rxn06860	salvaged
rxn06861	clean
rxn06863	salvaged
rxn06864	salvaged
rxn06868	salvaged
rxn06869	salvaged
rxn06871	salvaged
rxn06872	salvaged
rxn06876	salvaged
rxn06877	salvaged
rxn06882	clean
rxn06883	salvaged
rxn06884	salvaged
rxn06887	salvaged
rxn06888	salvaged
rxn06889	clean
rxn06890	clean
rxn06893	salvaged
rxn06895	clean
rxn06897	clean
rxn06898	clean
rxn06900	salvaged
rxn06904	clean
rxn06905	clean
rxn06906	clean
rxn06907	clean
rxn06908	clean
rxn06910	clean
rxn06912	salvaged
rxn06913	clean
rxn06914	clean
rxn06917	clean
rxn06918	salvaged
rxn06921	clean
rxn06929	clean
rxn06931	salvaged
rxn06933	clean
rxn06934	salvaged
rxn06935	clean
rxn06945	salvaged
rxn06949	salvaged
rxn06950	clean
rxn06953	salvaged
rxn06962	salvaged
rxn06966	clean
rxn06968	salvaged
rxn06969	salvaged
rxn06971	salvaged
rxn06972	salvaged
rxn06976	salvaged
rxn06977	salvaged
rxn06979	salvaged
rxn06983	salvaged
rxn06984	clean
rxn06985	clean
rxn06986	clean
rxn06987	clean
rxn06988	salvaged
rxn06989	clean
rxn06991	salvaged
rxn06992	salvaged
rxn06993	clean
rxn06994	clean
rxn06997	salvaged
rxn06998	salvaged
rxn07000	salvaged
rxn07001	salvaged
rxn07005	salvaged
rxn07006	salvaged
rxn07009	salvaged
rxn07011	salvaged
rxn07013	salvaged
rxn07015	salvaged
rxn07018	salvaged
rxn07023	salvaged
rxn07024	salvaged
rxn07026	salvaged
rxn07031	salvaged
rxn07034	salvaged
rxn07037	salvaged
rxn07039	salvaged
rxn07040	salvaged
rxn07041	salvaged
rxn07043	salvaged
rxn07045	salvaged
rxn07047	salvaged
rxn07049	salvaged
rxn07051	salvaged
rxn07060	salvaged
rxn07061	salvaged
rxn07062	salvaged
rxn07063	salvaged
rxn07064	salvaged
rxn07070	salvaged
rxn07077	clean
rxn07078	salvaged
rxn07085	clean
rxn07087	clean
rxn07088	salvaged
rxn07089	salvaged
rxn07090	salvaged
rxn07093	salvaged
rxn07094	salvaged
rxn07098	salvaged
rxn07100	salvaged
rxn07101	clean
rxn07102	salvaged
rxn07108	salvaged
rxn07110	salvaged
rxn07111	clean
rxn07112	clean
rxn07113	clean
rxn07114	salvaged
rxn07115	clean
rxn07117	salvaged
rxn07118	clean
rxn07121	salvaged
rxn07124	salvaged
rxn07125	salvaged
rxn07126	salvaged
rxn07127	salvaged
rxn07128	clean
rxn07129	clean
rxn07130	clean
rxn07131	salvaged
rxn07132	clean
rxn07133	salvaged
rxn07134	salvaged
rxn07136	clean
rxn07137	clean
rxn07138	clean
rxn07139	clean
rxn07140	clean
rxn07141	clean
rxn07142	clean
rxn07143	clean
rxn07144	salvaged
rxn07146	salvaged
rxn07147	salvaged
rxn07148	clean
rxn07149	clean
rxn07150	salvaged
rxn07151	clean
rxn07153	salvaged
rxn07154	salvaged
rxn07155	salvaged
rxn07157	salvaged
rxn07160	clean
rxn07165	salvaged
rxn07166	salvaged
rxn07167	salvaged
rxn07168	clean
rxn07169	clean
rxn07170	salvaged
rxn07172	salvaged
rxn07173	salvaged
rxn07174	salvaged
rxn07175	salvaged
rxn07176	salvaged
rxn07177	clean
rxn07180	salvaged
rxn07181	clean
rxn07182	salvaged
rxn07183	salvaged
rxn07194	clean
rxn07200	clean
rxn07208	salvaged
rxn07209	salvaged
rxn07215	salvaged
rxn07218	clean
rxn07219	salvaged
rxn07221	salvaged
rxn07222	salvaged
rxn07223	salvaged
rxn07227	salvaged
rxn07230	salvaged
rxn07238	clean
rxn07239	salvaged
rxn07240	salvaged
rxn07241	salvaged
rxn07248	clean
rxn07249	clean
rxn07250	clean
rxn07251	clean
rxn07252	clean
rxn07254	salvaged
rxn07255	salvaged
rxn07257	salvaged
rxn07258	salvaged
rxn07260	salvaged
rxn07261	salvaged
rxn07262	salvaged
rxn07263	salvaged
rxn07265	salvaged
rxn07266	salvaged
rxn07268	salvaged
rxn07271	clean
rxn07272	clean
rxn07273	clean
rxn07274	clean
rxn07277	clean
rxn07278	clean
rxn07279	clean
rxn07280	clean
rxn07281	clean
rxn07282	clean
rxn07283	clean
rxn07284	clean
rxn07285	clean
rxn07286	clean
rxn07287	clean
rxn07288	clean
rxn07289	clean
rxn07290	clean
rxn07295	clean
rxn07298	clean
rxn07300	clean
rxn07301	clean
rxn07303	salvaged
rxn07304	clean
rxn07305	clean
rxn07306	clean
rxn07307	clean
rxn07308	clean
rxn07309	clean
rxn07310	salvaged
rxn07312	clean
rxn07313	salvaged
rxn07314	clean
rxn07315	clean
rxn07316	salvaged
rxn07317	clean
rxn07320	clean
rxn07321	salvaged
rxn07322	clean
rxn07323	clean
rxn07324	clean
rxn07325	salvaged
rxn07326	clean
rxn07327	salvaged
rxn07328	clean
rxn07329	clean
rxn07330	clean
rxn07331	clean
rxn07332	clean
rxn07333	clean
rxn07334	clean
rxn07335	clean
rxn07336	clean
rxn07337	clean
rxn07338	clean
rxn07339	salvaged
rxn07340	salvaged
rxn07341	clean
rxn07342	clean
rxn07343	clean
rxn07344	clean
rxn07345	clean
rxn07346	clean
rxn07347	clean
rxn07348	clean
rxn07349	clean
rxn07350	clean
rxn07351	clean
rxn07352	clean
rxn07353	clean
rxn07354	clean
rxn07355	clean
rxn07356	clean
rxn07357	clean
rxn07358	clean
rxn07359	clean
rxn07360	clean
rxn07361	salvaged
rxn07362	salvaged
rxn07363	clean
rxn07364	salvaged
rxn07365	clean
rxn07366	clean
rxn07367	clean
rxn07368	clean
rxn07369	clean
rxn07370	clean
rxn07371	clean
rxn07372	clean
rxn07373	clean
rxn07374	clean
rxn07375	salvaged
rxn07376	salvaged
rxn07377	salvaged
rxn07378	salvaged
rxn07379	salvaged
rxn07380	salvaged
rxn07381	salvaged
rxn07382	clean
rxn07383	salvaged
rxn07384	salvaged
rxn07385	salvaged
rxn07386	salvaged
rxn07387	salvaged
rxn07388	salvaged
rxn07389	salvaged
rxn07390	salvaged
rxn07391	clean
rxn07392	salvaged
rxn07394	salvaged
rxn07395	salvaged
rxn07397	salvaged
rxn07399	salvaged
rxn07400	salvaged
rxn07402	salvaged
rxn07403	salvaged
rxn07404	salvaged
rxn07405	clean
rxn07406	clean
rxn07407	clean
rxn07408	clean
rxn07413	clean
rxn07414	clean
rxn07415	clean
rxn07416	salvaged
rxn07417	salvaged
rxn07418	salvaged
rxn07420	salvaged
rxn07421	salvaged
rxn07422	salvaged
rxn07423	salvaged
rxn07424	salvaged
rxn07425	salvaged
rxn07426	salvaged
rxn07428	clean
rxn07429	salvaged
rxn07430	salvaged
rxn07431	clean
rxn07432	salvaged
rxn07433	salvaged
rxn07434	salvaged
rxn07435	salvaged
rxn07436	salvaged
rxn07437	clean
rxn07439	clean
rxn07440	clean
rxn07441	clean
rxn07443	salvaged
rxn07444	clean
rxn07445	clean
rxn07446	clean
rxn07447	clean
rxn07448	clean
rxn07449	clean
rxn07450	clean
rxn07452	salvaged
rxn07454	clean
rxn07456	clean
rxn07457	salvaged
rxn07462	clean
rxn07463	clean
rxn07464	clean
rxn07465	salvaged
rxn07466	clean
rxn07467	salvaged
rxn07468	clean
rxn07469	salvaged
rxn07470	salvaged
rxn07471	salvaged
rxn07472	clean
rxn07473	salvaged
rxn07474	clean
rxn07475	clean
rxn07476	clean
rxn07477	clean
rxn07478	clean
rxn07479	clean
rxn07480	clean
rxn07481	clean
rxn07482	clean
rxn07483	salvaged
rxn07484	clean
rxn07485	clean
rxn07486	salvaged
rxn07487	clean
rxn07488	clean
rxn07489	clean
rxn07490	clean
rxn07491	clean
rxn07492	clean
rxn07493	clean
rxn07494	clean
rxn07495	clean
rxn07496	clean
rxn07497	clean
rxn07498	clean
rxn07500	clean
rxn07501	clean
rxn07502	clean
rxn07503	clean
rxn07505	salvaged
rxn07506	clean
rxn07507	salvaged
rxn07508	salvaged
rxn07509	salvaged
rxn07510	salvaged
rxn07511	salvaged
rxn07512	clean
rxn07513	clean
rxn07514	clean
rxn07515	clean
rxn07516	salvaged
rxn07517	clean
rxn07518	clean
rxn07519	clean
rxn07521	clean
rxn07522	clean
rxn07523	clean
rxn07524	clean
rxn07525	clean
rxn07526	clean
rxn07527	clean
rxn07528	clean
rxn07529	clean
rxn07530	clean
rxn07531	salvaged
rxn07532	clean
rxn07533	clean
rxn07534	clean
rxn07535	clean
rxn07536	salvaged
rxn07537	clean
rxn07538	clean
rxn07539	clean
rxn07541	salvaged
rxn07542	clean
rxn07543	clean
rxn07544	clean
rxn07545	clean
rxn07546	salvaged
rxn07547	salvaged
rxn07548	clean
rxn07549	salvaged
rxn07550	clean
rxn07551	clean
rxn07552	clean
rxn07553	clean
rxn07554	clean
rxn07555	clean
rxn07556	salvaged
rxn07557	salvaged
rxn07558	salvaged
rxn07559	clean
rxn07560	salvaged
rxn07561	salvaged
rxn07562	clean
rxn07563	salvaged
rxn07564	salvaged
rxn07566	clean
rxn07567	clean
rxn07568	clean
rxn07569	salvaged
rxn07570	salvaged
rxn07571	clean
rxn07572	clean
rxn07573	clean
rxn07574	clean
rxn07575	clean
rxn07581	salvaged
rxn07584	clean
rxn07585	salvaged
rxn07586	salvaged
rxn07587	salvaged
rxn07588	salvaged
rxn07589	salvaged
rxn07590	clean
rxn07591	clean
rxn07592	clean
rxn07593	clean
rxn07594	clean
rxn07595	clean
rxn07596	clean
rxn07597	salvaged
rxn07598	salvaged
rxn07600	clean
rxn07601	clean
rxn07602	clean
rxn07604	clean
rxn07605	clean
rxn07606	clean
rxn07607	clean
rxn07608	clean
rxn07609	clean
rxn07610	salvaged
rxn07611	clean
rxn07613	salvaged
rxn07614	salvaged
rxn07616	salvaged
rxn07617	salvaged
rxn07618	clean
rxn07619	clean
rxn07620	clean
rxn07621	clean
rxn07622	clean
rxn07623	clean
rxn07624	salvaged
rxn07625	salvaged
rxn07626	clean
rxn07627	clean
rxn07628	clean
rxn07629	salvaged
rxn07630	clean
rxn07631	clean
rxn07632	salvaged
rxn07633	salvaged
rxn07634	salvaged
rxn07635	salvaged
rxn07636	salvaged
rxn07637	salvaged
rxn07638	salvaged
rxn07639	clean
rxn07640	clean
rxn07643	salvaged
rxn07644	clean
rxn07645	clean
rxn07646	clean
rxn07647	clean
rxn07648	clean
rxn07649	salvaged
rxn07650	salvaged
rxn07652	salvaged
rxn07653	clean
rxn07654	clean
rxn07655	clean
rxn07656	clean
rxn07657	clean
rxn07658	clean
rxn07659	clean
rxn07660	clean
rxn07661	clean
rxn07662	clean
rxn07663	clean
rxn07664	clean
rxn07665	clean
rxn07666	clean
rxn07667	clean
rxn07668	clean
rxn07669	clean
rxn07670	clean
rxn07671	clean
rxn07672	clean
rxn07673	clean
rxn07674	salvaged
rxn07675	salvaged
rxn07676	salvaged
rxn07677	salvaged
rxn07678	clean
rxn07679	clean
rxn07680	clean
rxn07681	clean
rxn07682	clean
rxn07683	clean
rxn07684	clean
rxn07685	clean
rxn07686	clean
rxn07687	clean
rxn07688	clean
rxn07689	clean
rxn07691	salvaged
rxn07692	clean
rxn07693	clean
rxn07694	salvaged
rxn07695	salvaged
rxn07696	salvaged
rxn07697	salvaged
rxn07698	salvaged
rxn07699	salvaged
rxn07700	clean
rxn07701	clean
rxn07702	clean
rxn07703	clean
rxn07704	clean
rxn07705	salvaged
rxn07706	salvaged
rxn07707	clean
rxn07708	salvaged
rxn07709	clean
rxn07710	clean
rxn07711	clean
rxn07712	clean
rxn07713	clean
rxn07714	salvaged
rxn07715	salvaged
rxn07716	clean
rxn07717	clean
rxn07718	clean
rxn07719	clean
rxn07720	clean
rxn07721	clean
rxn07722	salvaged
rxn07724	clean
rxn07725	clean
rxn07726	clean
rxn07727	clean
rxn07728	clean
rxn07729	clean
rxn07731	salvaged
rxn07732	clean
rxn07733	salvaged
rxn07734	clean
rxn07735	salvaged
rxn07737	clean
rxn07738	salvaged
rxn07739	clean
rxn07740	clean
rxn07741	clean
rxn07742	clean
rxn07743	clean
rxn07744	clean
rxn07745	clean
rxn07746	clean
rxn07747	clean
rxn07748	clean
rxn07749	clean
rxn07750	clean
rxn07751	clean
rxn07752	clean
rxn07753	clean
rxn07754	clean
rxn07755	clean
rxn07756	clean
rxn07757	clean
rxn07758	clean
rxn07759	clean
rxn07760	clean
rxn07761	clean
rxn07762	clean
rxn07763	clean
rxn07764	clean
rxn07765	clean
rxn07766	clean
rxn07767	clean
rxn07768	clean
rxn07769	clean
rxn07770	clean
rxn07771	clean
rxn07773	clean
rxn07774	clean
rxn07775	clean
rxn07776	clean
rxn07777	salvaged
rxn07778	salvaged
rxn07779	salvaged
rxn07780	clean
rxn07781	clean
rxn07782	clean
rxn07783	clean
rxn07784	salvaged
rxn07785	clean
rxn07786	clean
rxn07787	salvaged
rxn07788	clean
rxn07789	clean
rxn07790	clean
rxn07791	clean
rxn07792	clean
rxn07793	clean
rxn07794	salvaged
rxn07795	clean
rxn07796	salvaged
rxn07797	salvaged
rxn07798	clean
rxn07799	clean
rxn07800	clean
rxn07801	salvaged
rxn07802	salvaged
rxn07803	clean
rxn07804	salvaged
rxn07805	salvaged
rxn07806	clean
rxn07807	salvaged
rxn07808	clean
rxn07809	clean
rxn07810	salvaged
rxn07811	clean
rxn07812	clean
rxn07813	salvaged
rxn07814	clean
rxn07815	salvaged
rxn07816	salvaged
rxn07817	salvaged
rxn07818	salvaged
rxn07819	salvaged
rxn07820	salvaged
rxn07821	salvaged
rxn07822	clean
rxn07823	salvaged
rxn07824	salvaged
rxn07825	salvaged
rxn07826	clean
rxn07827	salvaged
rxn07828	salvaged
rxn07829	salvaged
rxn07830	salvaged
rxn07831	salvaged
rxn07832	salvaged
rxn07833	clean
rxn07834	clean
rxn07835	clean
rxn07836	clean
rxn07837	salvaged
rxn07838	clean
rxn07839	salvaged
rxn07840	clean
rxn07841	clean
rxn07842	clean
rxn07843	clean
rxn07846	salvaged
rxn07847	clean
rxn07848	clean
rxn07849	clean
rxn07850	clean
rxn07851	clean
rxn07852	clean
rxn07855	clean
rxn07856	clean
rxn07857	clean
rxn07858	clean
rxn07860	clean
rxn07861	clean
rxn07862	clean
rxn07863	clean
rxn07864	salvaged
rxn07865	salvaged
rxn07868	clean
rxn07869	clean
rxn07870	clean
rxn07871	clean
rxn07872	clean
rxn07873	clean
rxn07874	clean
rxn07875	clean
rxn07876	clean
rxn07877	salvaged
rxn07879	clean
rxn07880	clean
rxn07881	clean
rxn07882	clean
rxn07883	clean
rxn07884	clean
rxn07885	clean
rxn07886	clean
rxn07887	clean
rxn07888	clean
rxn07889	clean
rxn07890	clean
rxn07891	salvaged
rxn07892	clean
rxn07893	clean
rxn07894	clean
rxn07895	clean
rxn07896	clean
rxn07897	clean
rxn07898	clean
rxn07899	clean
rxn07900	clean
rxn07901	clean
rxn07902	salvaged
rxn07903	salvaged
rxn07904	clean
rxn07905	salvaged
rxn07906	clean
rxn07907	clean
rxn07908	clean
rxn07909	clean
rxn07919	clean
rxn07920	clean
rxn07921	clean
rxn07922	clean
rxn07925	clean
rxn07926	clean
rxn07927	clean
rxn07928	clean
rxn07929	clean
rxn07930	clean
rxn07931	clean
rxn07967	clean
rxn07971	clean
rxn07972	clean
rxn07973	clean
rxn07974	clean
rxn07975	clean
rxn08005	clean
rxn08006	clean
rxn08008	clean
rxn08009	clean
rxn08011	clean
rxn08012	clean
rxn08013	clean
rxn08023	clean
rxn08025	clean
rxn08027	clean
rxn08028	clean
rxn08029	clean
rxn08030	clean
rxn08032	clean
rxn08033	clean
rxn08034	salvaged
rxn08035	clean
rxn08036	clean
rxn08037	clean
rxn08038	clean
rxn08039	clean
rxn08040	clean
rxn08041	clean
rxn08042	clean
rxn08043	clean
rxn08044	clean
rxn08045	salvaged
rxn08046	clean
rxn08047	clean
rxn08048	clean
rxn08049	clean
rxn08050	clean
rxn08051	clean
rxn08053	clean
rxn08056	clean
rxn08059	clean
rxn08060	clean
rxn08061	clean
rxn08062	salvaged
rxn08063	clean
rxn08064	clean
rxn08065	clean
rxn08066	clean
rxn08067	clean
rxn08068	clean
rxn08069	clean
rxn08070	salvaged
rxn08071	salvaged
rxn08074	clean
rxn08075	clean
rxn08077	salvaged
rxn08078	salvaged
rxn08082	clean
rxn08091	clean
rxn08094	salvaged
rxn08095	clean
rxn08096	clean
rxn08097	clean
rxn08098	clean
rxn08099	clean
rxn08100	clean
rxn08101	clean
rxn08102	salvaged
rxn08103	clean
rxn08104	clean
rxn08110	clean
rxn08111	clean
rxn08112	clean
rxn08113	clean
rxn08114	clean
rxn08115	clean
rxn08116	clean
rxn08117	clean
rxn08118	clean
rxn08122	clean
rxn08125	clean
rxn08126	clean
rxn08127	clean
rxn08128	clean
rxn08130	clean
rxn08131	clean
rxn08133	clean
rxn08134	clean
rxn08137	clean
rxn08139	clean
rxn08140	clean
rxn08141	clean
rxn08142	clean
rxn08143	clean
rxn08149	clean
rxn08151	clean
rxn08152	clean
rxn08153	clean
rxn08154	clean
rxn08155	clean
rxn08158	clean
rxn08159	clean
rxn08160	clean
rxn08161	clean
rxn08162	clean
rxn08163	clean
rxn08164	clean
rxn08165	clean
rxn08166	clean
rxn08167	clean
rxn08168	clean
rxn08169	clean
rxn08170	clean
rxn08171	salvaged
rxn08172	clean
rxn08173	clean
rxn08174	clean
rxn08175	clean
rxn08178	clean
rxn08179	clean
rxn08180	salvaged
rxn08181	clean
rxn08182	clean
rxn08183	clean
rxn08184	clean
rxn08185	clean
rxn08186	clean
rxn08187	clean
rxn08190	salvaged
rxn08191	salvaged
rxn08192	clean
rxn08194	salvaged
rxn08195	clean
rxn08196	clean
rxn08197	clean
rxn08198	clean
rxn08210	clean
rxn08211	clean
rxn08212	clean
rxn08213	clean
rxn08214	clean
rxn08216	salvaged
rxn08217	clean
rxn08218	clean
rxn08233	clean
rxn08234	clean
rxn08236	clean
rxn08237	clean
rxn08238	clean
rxn08239	salvaged
rxn08240	clean
rxn08241	clean
rxn08242	clean
rxn08243	clean
rxn08244	clean
rxn08245	salvaged
rxn08247	salvaged
rxn08248	salvaged
rxn08249	salvaged
rxn08251	clean
rxn08252	clean
rxn08253	clean
rxn08254	clean
rxn08255	salvaged
rxn08256	clean
rxn08257	salvaged
rxn08258	clean
rxn08259	clean
rxn08260	salvaged
rxn08261	clean
rxn08262	clean
rxn08263	clean
rxn08264	clean
rxn08265	clean
rxn08266	clean
rxn08267	clean
rxn08268	clean
rxn08269	salvaged
rxn08270	clean
rxn08271	salvaged
rxn08272	clean
rxn08273	clean
rxn08274	clean
rxn08275	clean
rxn08276	clean
rxn08277	salvaged
rxn08278	clean
rxn08279	clean
rxn08280	clean
rxn08281	clean
rxn08282	clean
rxn08283	clean
rxn08284	clean
rxn08286	clean
rxn08289	clean
rxn08290	clean
rxn08291	clean
rxn08292	clean
rxn08293	clean
rxn08301	clean
rxn08302	clean
rxn08303	clean
rxn08304	clean
rxn08305	clean
rxn08313	clean
rxn08314	clean
rxn08315	clean
rxn08316	clean
rxn08317	clean
rxn08318	clean
rxn08319	clean
rxn08320	clean
rxn08322	clean
rxn08323	clean
rxn08324	clean
rxn08325	clean
rxn08326	clean
rxn08333	clean
rxn08335	clean
rxn08336	clean
rxn08340	clean
rxn08341	clean
rxn08342	clean
rxn08343	clean
rxn08344	clean
rxn08346	clean
rxn08347	clean
rxn08348	clean
rxn08349	clean
rxn08350	clean
rxn08351	clean
rxn08352	clean
rxn08354	clean
rxn08355	clean
rxn08356	clean
rxn08357	clean
rxn08358	clean
rxn08359	clean
rxn08363	clean
rxn08371	clean
rxn08372	clean
rxn08373	clean
rxn08374	clean
rxn08375	clean
rxn08376	clean
rxn08377	clean
rxn08380	clean
rxn08406	clean
rxn08408	clean
rxn08409	clean
rxn08410	clean
rxn08411	clean
rxn08413	clean
rxn08419	clean
rxn08423	clean
rxn08424	clean
rxn08425	clean
rxn08426	clean
rxn08427	clean
rxn08428	clean
rxn08429	clean
rxn08430	clean
rxn08432	clean
rxn08439	clean
rxn08440	clean
rxn08441	clean
rxn08444	clean
rxn08446	clean
rxn08447	clean
rxn08448	salvaged
rxn08449	salvaged
rxn08450	salvaged
rxn08452	salvaged
rxn08454	salvaged
rxn08456	salvaged
rxn08457	salvaged
rxn08458	clean
rxn08459	clean
rxn08461	clean
rxn08462	clean
rxn08465	salvaged
rxn08466	salvaged
rxn08467	clean
rxn08468	clean
rxn08469	clean
rxn08470	clean
rxn08471	clean
rxn08472	salvaged
rxn08473	clean
rxn08474	clean
rxn08475	clean
rxn08476	clean
rxn08477	salvaged
rxn08478	salvaged
rxn08479	salvaged
rxn08481	salvaged
rxn08482	salvaged
rxn08483	clean
rxn08491	salvaged
rxn08492	clean
rxn08493	salvaged
rxn08494	salvaged
rxn08495	salvaged
rxn08496	salvaged
rxn08498	salvaged
rxn08499	clean
rxn08500	clean
rxn08501	salvaged
rxn08503	salvaged
rxn08504	salvaged
rxn08505	salvaged
rxn08506	clean
rxn08508	clean
rxn08509	salvaged
rxn08514	salvaged
rxn08518	salvaged
rxn08521	clean
rxn08524	clean
rxn08525	clean
rxn08526	clean
rxn08527	clean
rxn08528	clean
rxn08531	clean
rxn08533	clean
rxn08534	clean
rxn08535	salvaged
rxn08536	salvaged
rxn08537	clean
rxn08538	clean
rxn08539	clean
rxn08540	clean
rxn08541	clean
rxn08542	clean
rxn08543	clean
rxn08544	clean
rxn08545	clean
rxn08553	clean
rxn08554	clean
rxn08556	clean
rxn08557	clean
rxn08558	clean
rxn08559	clean
rxn08560	clean
rxn08561	clean
rxn08562	clean
rxn08563	clean
rxn08564	clean
rxn08565	clean
rxn08566	clean
rxn08570	clean
rxn08571	clean
rxn08572	clean
rxn08573	clean
rxn08574	clean
rxn08575	clean
rxn08576	clean
rxn08577	clean
rxn08578	clean
rxn08579	clean
rxn08580	clean
rxn08581	clean
rxn08582	clean
rxn08583	clean
rxn08584	clean
rxn08585	clean
rxn08586	clean
rxn08587	clean
rxn08588	clean
rxn08589	clean
rxn08591	clean
rxn08592	salvaged
rxn08593	clean
rxn08595	clean
rxn08597	clean
rxn08598	salvaged
rxn08599	clean
rxn08600	clean
rxn08606	clean
rxn08607	clean
rxn08608	clean
rxn08609	clean
rxn08610	clean
rxn08612	salvaged
rxn08616	clean
rxn08617	clean
rxn08619	clean
rxn08620	clean
rxn08622	clean
rxn08623	clean
rxn08624	clean
rxn08625	clean
rxn08627	clean
rxn08628	clean
rxn08631	clean
rxn08632	salvaged
rxn08633	clean
rxn08635	clean
rxn08636	clean
rxn08637	clean
rxn08638	clean
rxn08639	clean
rxn08640	clean
rxn08641	clean
rxn08642	clean
rxn08643	clean
rxn08644	clean
rxn08645	clean
rxn08647	clean
rxn08651	clean
rxn08653	clean
rxn08654	clean
rxn08655	clean
rxn08656	clean
rxn08657	clean
rxn08658	clean
rxn08659	clean
rxn08660	clean
rxn08661	salvaged
rxn08662	clean
rxn08664	clean
rxn08666	clean
rxn08667	clean
rxn08668	clean
rxn08669	clean
rxn08671	clean
rxn08672	clean
rxn08674	clean
rxn08675	clean
rxn08676	clean
rxn08677	clean
rxn08679	clean
rxn08680	clean
rxn08681	clean
rxn08682	clean
rxn08683	clean
rxn08685	clean
rxn08686	clean
rxn08687	clean
rxn08688	salvaged
rxn08689	clean
rxn08690	clean
rxn08700	clean
rxn08701	clean
rxn08702	clean
rxn08703	salvaged
rxn08704	clean
rxn08707	salvaged
rxn08708	clean
rxn08709	clean
rxn08710	clean
rxn08711	clean
rxn08712	clean
rxn08714	clean
rxn08715	clean
rxn08716	clean
rxn08717	clean
rxn08718	clean
rxn08719	clean
rxn08721	clean
rxn08722	clean
rxn08723	clean
rxn08725	clean
rxn08726	clean
rxn08732	clean
rxn08733	clean
rxn08734	clean
rxn08735	clean
rxn08736	clean
rxn08737	clean
rxn08738	clean
rxn08742	clean
rxn08743	clean
rxn08745	clean
rxn08746	clean
rxn08747	clean
rxn08749	clean
rxn08750	clean
rxn08751	clean
rxn08752	salvaged
rxn08753	clean
rxn08754	clean
rxn08755	clean
rxn08756	clean
rxn08758	clean
rxn08759	clean
rxn08760	clean
rxn08761	clean
rxn08762	clean
rxn08764	clean
rxn08767	clean
rxn08769	clean
rxn08770	clean
rxn08771	clean
rxn08775	clean
rxn08779	clean
rxn08780	clean
rxn08781	clean
rxn08783	clean
rxn08784	clean
rxn08785	clean
rxn08786	clean
rxn08787	clean
rxn08788	clean
rxn08789	clean
rxn08791	clean
rxn08792	clean
rxn08793	clean
rxn08794	clean
rxn08795	clean
rxn08796	clean
rxn08797	clean
rxn08801	clean
rxn08808	salvaged
rxn08853	clean
rxn08854	clean
rxn08855	clean
rxn08856	clean
rxn08858	clean
rxn08859	clean
rxn08863	clean
rxn08864	clean
rxn08865	clean
rxn08866	clean
rxn08867	clean
rxn08868	clean
rxn08869	clean
rxn08870	clean
rxn08871	clean
rxn08872	salvaged
rxn08873	clean
rxn08874	clean
rxn08875	clean
rxn08876	clean
rxn08877	clean
rxn08878	clean
rxn08879	clean
rxn08880	clean
rxn08882	clean
rxn08883	clean
rxn08884	clean
rxn08885	salvaged
rxn08886	clean
rxn08892	salvaged
rxn08893	salvaged
rxn08894	salvaged
rxn08897	salvaged
rxn08900	clean
rxn08901	clean
rxn08906	clean
rxn08907	clean
rxn08908	clean
rxn08909	clean
rxn08910	clean
rxn08911	clean
rxn08920	clean
rxn08921	clean
rxn08922	clean
rxn08923	clean
rxn08924	clean
rxn08925	clean
rxn08926	salvaged
rxn08927	salvaged
rxn08928	salvaged
rxn08929	salvaged
rxn08931	salvaged
rxn08933	clean
rxn08934	clean
rxn08935	clean
rxn08941	clean
rxn08942	clean
rxn08944	clean
rxn08945	clean
rxn08946	clean
rxn08947	clean
rxn08948	clean
rxn08949	clean
rxn08950	clean
rxn08951	clean
rxn08952	clean
rxn08953	salvaged
rxn08954	clean
rxn08955	salvaged
rxn08959	clean
rxn08960	clean
rxn08966	clean
rxn08967	clean
rxn08968	salvaged
rxn08969	clean
rxn08970	clean
rxn08971	clean
rxn08972	clean
rxn08973	clean
rxn08974	clean
rxn08975	clean
rxn08976	clean
rxn08977	clean
rxn08978	clean
rxn08979	clean
rxn08981	clean
rxn08982	clean
rxn08983	clean
rxn08984	clean
rxn08985	clean
rxn08986	clean
rxn08987	clean
rxn08995	clean
rxn08996	clean
rxn08997	clean
rxn08998	clean
rxn08999	clean
rxn09000	salvaged
rxn09001	salvaged
rxn09002	salvaged
rxn09003	salvaged
rxn09004	clean
rxn09005	clean
rxn09008	clean
rxn09009	clean
rxn09010	clean
rxn09011	clean
rxn09012	clean
rxn09013	clean
rxn09014	clean
rxn09016	clean
rxn09018	clean
rxn09019	clean
rxn09020	clean
rxn09022	clean
rxn09023	clean
rxn09025	salvaged
rxn09026	clean
rxn09027	clean
rxn09028	clean
rxn09029	clean
rxn09030	clean
rxn09031	clean
rxn09032	clean
rxn09034	clean
rxn09036	clean
rxn09037	clean
rxn09039	clean
rxn09043	salvaged
rxn09045	salvaged
rxn09046	clean
rxn09048	clean
rxn09049	clean
rxn09050	clean
rxn09060	clean
rxn09061	clean
rxn09071	clean
rxn09072	clean
rxn09080	clean
rxn09115	clean
rxn09117	clean
rxn09118	clean
rxn09119	salvaged
rxn09120	clean
rxn09121	clean
rxn09165	salvaged
rxn09166	clean
rxn09167	clean
rxn09169	clean
rxn09170	clean
rxn09171	salvaged
rxn09172	clean
rxn09174	salvaged
rxn09176	salvaged
rxn09177	salvaged
rxn09180	salvaged
rxn09182	clean
rxn09183	clean
rxn09184	clean
rxn09185	clean
rxn09187	clean
rxn09188	clean
rxn09189	clean
rxn09190	clean
rxn09191	clean
rxn09192	salvaged
rxn09193	clean
rxn09195	clean
rxn09196	clean
rxn09204	clean
rxn09212	clean
rxn09213	clean
rxn09214	clean
rxn09215	clean
rxn09216	clean
rxn09217	clean
rxn09218	clean
rxn09219	salvaged
rxn09220	salvaged
rxn09221	clean
rxn09222	clean
rxn09223	clean
rxn09227	clean
rxn09228	clean
rxn09229	clean
rxn09230	clean
rxn09240	clean
rxn09242	clean
rxn09243	clean
rxn09246	clean
rxn09247	salvaged
rxn09248	clean
rxn09256	clean
rxn09257	clean
rxn09258	clean
rxn09259	clean
rxn09260	clean
rxn09261	clean
rxn09263	clean
rxn09264	clean
rxn09265	salvaged
rxn09266	clean
rxn09269	clean
rxn09270	clean
rxn09271	clean
rxn09272	clean
rxn09273	clean
rxn09274	salvaged
rxn09275	clean
rxn09276	clean
rxn09277	clean
rxn09278	clean
rxn09283	clean
rxn09284	clean
rxn09285	clean
rxn09286	clean
rxn09287	clean
rxn09289	clean
rxn09295	clean
rxn09296	clean
rxn09297	clean
rxn09298	clean
rxn09299	clean
rxn09300	clean
rxn09301	clean
rxn09303	clean
rxn09304	clean
rxn09305	clean
rxn09306	salvaged
rxn09307	clean
rxn09308	clean
rxn09309	clean
rxn09310	clean
rxn09313	clean
rxn09314	clean
rxn09315	clean
rxn09316	clean
rxn09317	clean
rxn09318	clean
rxn09320	clean
rxn09322	salvaged
rxn09323	clean
rxn09326	clean
rxn09327	clean
rxn09329	clean
rxn09330	clean
rxn09331	clean
rxn09333	salvaged
rxn09335	clean
rxn09336	clean
rxn09337	clean
rxn09338	clean
rxn09339	clean
rxn09340	clean
rxn09341	clean
rxn09342	clean
rxn09345	clean
rxn09346	clean
rxn09347	clean
rxn09348	clean
rxn09349	clean
rxn09352	clean
rxn09353	clean
rxn09356	salvaged
rxn09361	clean
rxn09365	clean
rxn09366	clean
rxn09368	clean
rxn09369	clean
rxn09370	clean
rxn09371	clean
rxn09372	clean
rxn09373	clean
rxn09374	clean
rxn09375	clean
rxn09377	clean
rxn09378	clean
rxn09379	clean
rxn09380	clean
rxn09381	clean
rxn09382	clean
rxn09383	clean
rxn09384	clean
rxn09385	clean
rxn09386	clean
rxn09387	clean
rxn09388	clean
rxn09389	clean
rxn09390	clean
rxn09391	clean
rxn09395	clean
rxn09402	clean
rxn09412	clean
rxn09414	clean
rxn09417	clean
rxn09420	salvaged
rxn09421	salvaged
rxn09423	clean
rxn09424	salvaged
rxn09427	clean
rxn09429	clean
rxn09431	clean
rxn09433	clean
rxn09435	clean
rxn09437	clean
rxn09438	clean
rxn09440	clean
rxn09441	clean
rxn09443	clean
rxn09444	salvaged
rxn09446	salvaged
rxn09449	salvaged
rxn09452	salvaged
rxn09453	salvaged
rxn09462	salvaged
rxn09463	salvaged
rxn09475	clean
rxn09476	clean
rxn09477	clean
rxn09478	clean
rxn09479	clean
rxn09483	clean
rxn09486	clean
rxn09487	clean
rxn09502	clean
rxn09516	clean
rxn09517	clean
rxn09519	clean
rxn09522	clean
rxn09523	clean
rxn09524	clean
rxn09525	salvaged
rxn09526	clean
rxn09527	clean
rxn09528	clean
rxn09529	clean
rxn09530	clean
rxn09531	clean
rxn09532	clean
rxn09557	salvaged
rxn09559	clean
rxn09560	clean
rxn09561	clean
rxn09562	clean
rxn09563	clean
rxn09564	clean
rxn09567	clean
rxn09614	clean
rxn09615	clean
rxn09616	clean
rxn09619	clean
rxn09630	clean
rxn09632	clean
rxn09633	clean
rxn09637	clean
rxn09638	clean
rxn09639	clean
rxn09640	clean
rxn09641	clean
rxn09643	clean
rxn09644	clean
rxn09645	clean
rxn09646	clean
rxn09648	clean
rxn09649	clean
rxn09650	clean
rxn09651	clean
rxn09652	clean
rxn09653	clean
rxn09654	clean
rxn09655	clean
rxn09656	clean
rxn09657	clean
rxn09658	clean
rxn09659	clean
rxn09660	clean
rxn09661	clean
rxn09662	clean
rxn09663	clean
rxn09665	clean
rxn09669	clean
rxn09670	clean
rxn09671	clean
rxn09672	clean
rxn09673	clean
rxn09674	clean
rxn09676	clean
rxn09677	clean
rxn09678	clean
rxn09679	clean
rxn09680	clean
rxn09681	clean
rxn09682	clean
rxn09683	clean
rxn09684	clean
rxn09685	clean
rxn09686	clean
rxn09687	clean
rxn09688	clean
rxn09689	clean
rxn09690	clean
rxn09691	clean
rxn09692	clean
rxn09693	clean
rxn09694	clean
rxn09695	clean
rxn09696	clean
rxn09697	clean
rxn09698	clean
rxn09699	clean
rxn09700	clean
rxn09701	clean
rxn09702	clean
rxn09705	clean
rxn09706	clean
rxn09707	clean
rxn09708	clean
rxn09709	clean
rxn09710	clean
rxn09711	clean
rxn09712	clean
rxn09713	clean
rxn09714	clean
rxn09715	clean
rxn09716	clean
rxn09717	clean
rxn09719	clean
rxn09720	clean
rxn09721	clean
rxn09723	clean
rxn09724	clean
rxn09727	clean
rxn09728	clean
rxn09729	clean
rxn09730	clean
rxn09731	clean
rxn09732	clean
rxn09733	clean
rxn09734	clean
rxn09735	clean
rxn09736	clean
rxn09737	clean
rxn09738	clean
rxn09739	clean
rxn09740	clean
rxn09741	clean
rxn09742	clean
rxn09743	clean
rxn09744	clean
rxn09745	clean
rxn09746	clean
rxn09747	clean
rxn09748	clean
rxn09749	clean
rxn09751	clean
rxn09752	clean
rxn09753	clean
rxn09754	clean
rxn09755	clean
rxn09764	clean
rxn09765	clean
rxn09766	clean
rxn09767	clean
rxn09768	clean
rxn09769	clean
rxn09770	clean
rxn09771	clean
rxn09772	clean
rxn09773	clean
rxn09774	salvaged
rxn09775	clean
rxn09776	clean
rxn09777	clean
rxn09778	clean
rxn09779	clean
rxn09780	clean
rxn09781	clean
rxn09782	clean
rxn09783	clean
rxn09784	clean
rxn09785	clean
rxn09786	clean
rxn09787	clean
rxn09788	clean
rxn09789	clean
rxn09790	clean
rxn09791	clean
rxn09792	clean
rxn09793	clean
rxn09794	clean
rxn09795	clean
rxn09796	clean
rxn09798	clean
rxn09799	clean
rxn09800	clean
rxn09801	clean
rxn09802	clean
rxn09803	clean
rxn09805	clean
rxn09806	clean
rxn09807	clean
rxn09808	clean
rxn09811	clean
rxn09812	clean
rxn09813	clean
rxn09814	clean
rxn09815	clean
rxn09816	clean
rxn09817	clean
rxn09818	clean
rxn09819	clean
rxn09820	clean
rxn09821	clean
rxn09822	clean
rxn09823	clean
rxn09824	clean
rxn09825	clean
rxn09826	clean
rxn09827	clean
rxn09828	clean
rxn09831	clean
rxn09832	clean
rxn09833	clean
rxn09834	clean
rxn09835	clean
rxn09836	clean
rxn09837	clean
rxn09838	clean
rxn09839	clean
rxn09840	clean
rxn09841	clean
rxn09842	clean
rxn09845	clean
rxn09848	clean
rxn09849	clean
rxn09852	clean
rxn09853	clean
rxn09854	clean
rxn09855	clean
rxn09856	clean
rxn09858	clean
rxn09859	salvaged
rxn09860	clean
rxn09861	clean
rxn09862	clean
rxn09863	clean
rxn09864	clean
rxn09865	clean
rxn09866	clean
rxn09867	clean
rxn09868	clean
rxn09869	clean
rxn09870	clean
rxn09872	clean
rxn09874	clean
rxn09875	clean
rxn09876	clean
rxn09878	clean
rxn09880	salvaged
rxn09882	clean
rxn09886	salvaged
rxn09888	clean
rxn09889	clean
rxn09896	clean
rxn09897	clean
rxn09903	clean
rxn09907	clean
rxn09908	clean
rxn09919	clean
rxn09925	clean
rxn09926	clean
rxn09931	clean
rxn09934	clean
rxn09942	clean
rxn09944	clean
rxn09948	clean
rxn09949	salvaged
rxn09950	clean
rxn09953	clean
rxn09954	clean
rxn09956	clean
rxn09958	clean
rxn09960	clean
rxn09964	clean
rxn09967	clean
rxn09972	clean
rxn09973	clean
rxn09974	clean
rxn09977	clean
rxn09978	clean
rxn09983	salvaged
rxn09984	salvaged
rxn09991	clean
rxn09992	clean
rxn10001	salvaged
rxn10002	salvaged
rxn10003	salvaged
rxn10008	clean
rxn10010	clean
rxn10011	clean
rxn10012	clean
rxn10013	clean
rxn10014	clean
rxn10042	clean
rxn10048	salvaged
rxn10052	clean
rxn10053	clean
rxn10054	clean
rxn10055	clean
rxn10056	clean
rxn10057	clean
rxn10058	clean
rxn10059	clean
rxn10060	clean
rxn10061	clean
rxn10062	clean
rxn10067	clean
rxn10073	clean
rxn10074	clean
rxn10089	clean
rxn10091	salvaged
rxn10092	clean
rxn10093	clean
rxn10094	clean
rxn10095	clean
rxn10114	salvaged
rxn10115	salvaged
rxn10116	clean
rxn10117	clean
rxn10118	clean
rxn10119	clean
rxn10120	salvaged
rxn10121	salvaged
rxn10122	clean
rxn10123	clean
rxn10124	clean
rxn10126	clean
rxn10127	clean
rxn10128	clean
rxn10129	clean
rxn10130	clean
rxn10131	clean
rxn10132	clean
rxn10133	clean
rxn10134	clean
rxn10135	clean
rxn10136	clean
rxn10137	clean
rxn10138	clean
rxn10139	clean
rxn10140	clean
rxn10141	clean
rxn10142	clean
rxn10143	clean
rxn10144	clean
rxn10145	clean
rxn10146	clean
rxn10147	clean
rxn10148	clean
rxn10149	clean
rxn10150	salvaged
rxn10151	clean
rxn10152	clean
rxn10153	clean
rxn10154	clean
rxn10155	clean
rxn10156	clean
rxn10157	clean
rxn10158	clean
rxn10159	clean
rxn10160	clean
rxn10161	clean
rxn10162	clean
rxn10163	clean
rxn10164	clean
rxn10165	clean
rxn10167	clean
rxn10169	clean
rxn10170	clean
rxn10171	clean
rxn10172	clean
rxn10173	clean
rxn10174	clean
rxn10175	salvaged
rxn10176	clean
rxn10177	clean
rxn10178	clean
rxn10179	clean
rxn10180	salvaged
rxn10181	clean
rxn10182	clean
rxn10183	clean
rxn10184	clean
rxn10185	salvaged
rxn10186	salvaged
rxn10188	clean
rxn10203	clean
rxn10204	clean
rxn10343	clean
rxn10344	salvaged
rxn10398	clean
rxn10415	clean
rxn10421	clean
rxn10424	clean
rxn10425	clean
rxn10426	clean
rxn10427	clean
rxn10432	clean
rxn10434	clean
rxn10438	clean
rxn10439	clean
rxn10443	clean
rxn10447	clean
rxn10449	salvaged
rxn10453	clean
rxn10468	clean
rxn10469	clean
rxn10470	clean
rxn10471	clean
rxn10473	clean
rxn10474	clean
rxn10475	clean
rxn10476	salvaged
rxn10479	clean
rxn10480	clean
rxn10481	salvaged
rxn10482	salvaged
rxn10483	salvaged
rxn10484	clean
rxn10497	clean
rxn10499	clean
rxn10500	clean
rxn10504	clean
rxn10505	clean
rxn10506	clean
rxn10537	salvaged
rxn10541	clean
rxn10543	clean
rxn10544	clean
rxn10558	clean
rxn10559	clean
rxn10560	clean
rxn10568	clean
rxn10570	clean
rxn10571	clean
rxn10574	clean
rxn10577	clean
rxn10578	clean
rxn10583	clean
rxn10584	clean
rxn10586	salvaged
rxn10587	clean
rxn10591	clean
rxn10594	clean
rxn10595	clean
rxn10596	clean
rxn10598	clean
rxn10599	clean
rxn10600	salvaged
rxn10603	clean
rxn10604	clean
rxn10605	clean
rxn10608	clean
rxn10609	clean
rxn10613	clean
rxn10614	clean
rxn10615	clean
rxn10619	clean
rxn10620	clean
rxn10622	clean
rxn10624	salvaged
rxn10625	clean
rxn10626	clean
rxn10647	clean
rxn10707	clean
rxn10768	clean
rxn10769	clean
rxn10770	clean
rxn10771	clean
rxn10785	clean
rxn10791	clean
rxn10793	clean
rxn10804	salvaged
rxn10818	clean
rxn10822	clean
rxn10823	clean
rxn10824	clean
rxn10826	clean
rxn10827	clean
rxn10828	clean
rxn10829	clean
rxn10831	clean
rxn10832	clean
rxn10834	clean
rxn10836	clean
rxn10838	clean
rxn10839	clean
rxn10840	clean
rxn10841	clean
rxn10842	clean
rxn10844	clean
rxn10848	clean
rxn10851	clean
rxn10852	clean
rxn10857	salvaged
rxn10860	clean
rxn10862	clean
rxn10865	salvaged
rxn10867	clean
rxn10869	clean
rxn10883	clean
rxn10886	salvaged
rxn10887	clean
rxn10892	salvaged
rxn10895	salvaged
rxn10897	clean
rxn10898	clean
rxn10899	clean
rxn10900	clean
rxn10901	clean
rxn10902	clean
rxn10904	clean
rxn10906	clean
rxn10908	clean
rxn10910	clean
rxn10911	clean
rxn10916	clean
rxn10917	clean
rxn10918	clean
rxn10921	clean
rxn10923	clean
rxn10928	clean
rxn10929	clean
rxn10932	clean
rxn10933	clean
rxn10935	clean
rxn10936	clean
rxn10939	clean
rxn10941	clean
rxn10944	clean
rxn10945	clean
rxn10946	clean
rxn10951	clean
rxn10952	clean
rxn10960	clean
rxn10963	clean
rxn10965	clean
rxn10966	salvaged
rxn10967	clean
rxn10968	clean
rxn10974	clean
rxn10976	clean
rxn10977	clean
rxn10978	clean
rxn10979	clean
rxn10981	clean
rxn10984	clean
rxn10985	clean
rxn10987	clean
rxn10990	clean
rxn10991	clean
rxn10993	clean
rxn10995	clean
rxn10996	clean
rxn10997	clean
rxn10998	clean
rxn10999	clean
rxn11000	clean
rxn11003	clean
rxn11004	salvaged
rxn11006	clean
rxn11007	clean
rxn11013	clean
rxn11014	clean
rxn11016	clean
rxn11018	clean
rxn11033	clean
rxn11040	salvaged
rxn11048	clean
rxn11051	clean
rxn11063	clean
rxn11077	salvaged
rxn11078	salvaged
rxn11079	clean
rxn11080	clean
rxn11092	salvaged
rxn11099	clean
rxn11100	clean
rxn11101	clean
rxn11102	salvaged
rxn11110	clean
rxn11113	clean
rxn11116	clean
rxn11118	salvaged
rxn11119	clean
rxn11130	clean
rxn11132	salvaged
rxn11137	clean
rxn11139	clean
rxn11151	clean
rxn11152	clean
rxn11158	clean
rxn11159	salvaged
rxn11162	clean
rxn11167	clean
rxn11174	clean
rxn11175	clean
rxn11190	clean
rxn11196	clean
rxn11199	salvaged
rxn11200	clean
rxn11201	clean
rxn11202	clean
rxn11203	clean
rxn11204	salvaged
rxn11205	clean
rxn11206	clean
rxn11207	clean
rxn11208	clean
rxn11209	clean
rxn11210	clean
rxn11213	clean
rxn11216	clean
rxn11219	salvaged
rxn11220	salvaged
rxn11221	salvaged
rxn11224	salvaged
rxn11225	salvaged
rxn11226	salvaged
rxn11227	clean
rxn11232	salvaged
rxn11233	clean
rxn11234	clean
rxn11235	clean
rxn11236	clean
rxn11243	clean
rxn11244	clean
rxn11245	salvaged
rxn11252	salvaged
rxn11258	clean
rxn11260	salvaged
rxn11262	clean
rxn11263	clean
rxn11267	clean
rxn11268	clean
rxn11276	clean
rxn11277	clean
rxn11285	salvaged
rxn11288	clean
rxn11289	clean
rxn11290	clean
rxn11293	clean
rxn11300	clean
rxn11316	clean
rxn11317	clean
rxn11318	clean
rxn11319	clean
rxn11320	clean
rxn11321	clean
rxn11322	clean
rxn11324	clean
rxn11325	clean
rxn11326	clean
rxn11327	clean
rxn11328	salvaged
rxn11329	clean
rxn11333	clean
rxn11334	clean
rxn11336	clean
rxn11337	clean
rxn11338	clean
rxn11339	clean
rxn11342	salvaged
rxn11345	salvaged
rxn11346	clean
rxn11347	clean
rxn11348	clean
rxn11355	clean
rxn11356	salvaged
rxn11357	clean
rxn11382	clean
rxn11394	salvaged
rxn11395	clean
rxn11396	clean
rxn11398	clean
rxn11399	clean
rxn11400	clean
rxn11401	clean
rxn11402	clean
rxn11403	clean
rxn11404	clean
rxn11405	clean
rxn11406	clean
rxn11407	clean
rxn11408	clean
rxn11409	clean
rxn11411	clean
rxn11475	clean
rxn11487	clean
rxn11509	clean
rxn11510	clean
rxn11511	clean
rxn11512	salvaged
rxn11513	clean
rxn11514	clean
rxn11515	salvaged
rxn11516	clean
rxn11517	clean
rxn11518	salvaged
rxn11519	salvaged
rxn11520	salvaged
rxn11521	salvaged
rxn11522	salvaged
rxn11523	clean
rxn11524	salvaged
rxn11525	salvaged
rxn11526	clean
rxn11527	clean
rxn11528	salvaged
rxn11529	salvaged
rxn11534	clean
rxn11535	clean
rxn11536	clean
rxn11537	salvaged
rxn11538	clean
rxn11539	clean
rxn11540	clean
rxn11541	salvaged
rxn11542	salvaged
rxn11544	salvaged
rxn11546	salvaged
rxn11551	clean
rxn11552	clean
rxn11556	clean
rxn11559	clean
rxn11560	clean
rxn11561	clean
rxn11565	clean
rxn11567	salvaged
rxn11569	clean
rxn11570	clean
rxn11571	clean
rxn11572	clean
rxn11573	clean
rxn11574	clean
rxn11578	salvaged
rxn11579	clean
rxn11584	salvaged
rxn11585	salvaged
rxn11586	salvaged
rxn11587	salvaged
rxn11588	clean
rxn11591	salvaged
rxn11592	salvaged
rxn11596	clean
rxn11599	clean
rxn11604	salvaged
rxn11605	clean
rxn11608	clean
rxn11610	clean
rxn11611	clean
rxn11612	salvaged
rxn11613	salvaged
rxn11616	clean
rxn11618	clean
rxn11621	clean
rxn11622	clean
rxn11623	clean
rxn11625	clean
rxn11629	salvaged
rxn11630	salvaged
rxn11631	clean
rxn11633	clean
rxn11634	salvaged
rxn11637	salvaged
rxn11640	clean
rxn11645	clean
rxn11646	clean
rxn11649	salvaged
rxn11650	salvaged
rxn11653	clean
rxn11654	clean
rxn11655	clean
rxn11656	clean
rxn11657	clean
rxn11659	clean
rxn11660	clean
rxn11661	clean
rxn11662	clean
rxn11663	salvaged
rxn11668	salvaged
rxn11669	salvaged
rxn11670	salvaged
rxn11671	salvaged
rxn11672	salvaged
rxn11673	salvaged
rxn11674	clean
rxn11675	salvaged
rxn11676	clean
rxn11677	clean
rxn11678	clean
rxn11680	clean
rxn11681	clean
rxn11682	clean
rxn11683	clean
rxn11684	clean
rxn11685	salvaged
rxn11687	salvaged
rxn11688	salvaged
rxn11689	clean
rxn11690	salvaged
rxn11691	salvaged
rxn11692	salvaged
rxn11693	clean
rxn11694	clean
rxn11695	clean
rxn11696	clean
rxn11701	clean
rxn11702	salvaged
rxn11703	clean
rxn11704	clean
rxn11708	salvaged
rxn11709	salvaged
rxn11710	clean
rxn11711	clean
rxn11712	clean
rxn11713	clean
rxn11714	clean
rxn11715	clean
rxn11716	clean
rxn11717	clean
rxn11718	clean
rxn11719	clean
rxn11720	clean
rxn11721	clean
rxn11722	clean
rxn11723	clean
rxn11724	clean
rxn11725	clean
rxn11726	clean
rxn11727	clean
rxn11728	clean
rxn11729	clean
rxn11730	clean
rxn11731	clean
rxn11732	clean
rxn11733	clean
rxn11734	clean
rxn11735	clean
rxn11737	salvaged
rxn11738	salvaged
rxn11739	clean
rxn11740	clean
rxn11741	clean
rxn11742	clean
rxn11743	clean
rxn11744	clean
rxn11748	salvaged
rxn11749	clean
rxn11750	clean
rxn11753	salvaged
rxn11754	clean
rxn11755	clean
rxn11756	clean
rxn11757	clean
rxn11758	salvaged
rxn11759	clean
rxn11760	clean
rxn11761	clean
rxn11767	clean
rxn11768	clean
rxn11771	clean
rxn11772	salvaged
rxn11773	salvaged
rxn11774	clean
rxn11775	clean
rxn11776	salvaged
rxn11777	salvaged
rxn11778	salvaged
rxn11779	clean
rxn11780	clean
rxn11781	clean
rxn11782	clean
rxn11783	salvaged
rxn11784	salvaged
rxn11785	salvaged
rxn11786	salvaged
rxn11787	clean
rxn11788	clean
rxn11789	clean
rxn11790	clean
rxn11791	clean
rxn11792	salvaged
rxn11793	salvaged
rxn11794	clean
rxn11795	clean
rxn11796	salvaged
rxn11797	salvaged
rxn11798	clean
rxn11799	clean
rxn11800	salvaged
rxn11801	clean
rxn11802	clean
rxn11803	clean
rxn11804	salvaged
rxn11805	clean
rxn11806	clean
rxn11807	clean
rxn11808	clean
rxn11809	clean
rxn11810	clean
rxn11811	clean
rxn11812	salvaged
rxn11813	clean
rxn11814	salvaged
rxn11815	salvaged
rxn11816	clean
rxn11817	salvaged
rxn11818	clean
rxn11819	clean
rxn11820	salvaged
rxn11821	salvaged
rxn11822	clean
rxn11823	salvaged
rxn11824	salvaged
rxn11825	salvaged
rxn11826	salvaged
rxn11827	salvaged
rxn11828	clean
rxn11829	salvaged
rxn11831	clean
rxn11832	clean
rxn11833	salvaged
rxn11834	clean
rxn11835	clean
rxn11836	salvaged
rxn11837	clean
rxn11838	clean
rxn11839	salvaged
rxn11840	clean
rxn11841	clean
rxn11842	clean
rxn11843	salvaged
rxn11844	salvaged
rxn11845	salvaged
rxn11846	salvaged
rxn11847	clean
rxn11848	salvaged
rxn11849	clean
rxn11850	salvaged
rxn11851	clean
rxn11852	clean
rxn11853	clean
rxn11854	clean
rxn11855	salvaged
rxn11856	clean
rxn11857	clean
rxn11858	clean
rxn11859	clean
rxn11860	salvaged
rxn11861	salvaged
rxn11862	clean
rxn11863	clean
rxn11864	clean
rxn11865	clean
rxn11867	salvaged
rxn11868	salvaged
rxn11869	salvaged
rxn11870	salvaged
rxn11871	salvaged
rxn11872	salvaged
rxn11873	salvaged
rxn11874	salvaged
rxn11875	clean
rxn11876	clean
rxn11877	clean
rxn11878	salvaged
rxn11879	salvaged
rxn11880	salvaged
rxn11884	salvaged
rxn11885	clean
rxn11887	clean
rxn11889	salvaged
rxn11890	clean
rxn11891	clean
rxn11892	clean
rxn11893	clean
rxn11894	clean
rxn11895	clean
rxn11896	clean
rxn11897	salvaged
rxn11898	salvaged
rxn11899	salvaged
rxn11900	clean
rxn11901	clean
rxn11902	clean
rxn11903	salvaged
rxn11904	salvaged
rxn11905	salvaged
rxn11906	salvaged
rxn11907	salvaged
rxn11908	salvaged
rxn11909	salvaged
rxn11910	salvaged
rxn11911	salvaged
rxn11914	salvaged
rxn11916	salvaged
rxn11917	salvaged
rxn11931	clean
rxn11933	clean
rxn11934	clean
rxn11935	clean
rxn11937	salvaged
rxn11938	clean
rxn11940	salvaged
rxn11941	clean
rxn11942	clean
rxn11943	clean
rxn11944	clean
rxn11945	clean
rxn11946	clean
rxn11953	clean
rxn11960	salvaged
rxn11961	clean
rxn11962	salvaged
rxn11964	clean
rxn11965	salvaged
rxn11966	clean
rxn11970	clean
rxn11971	clean
rxn11972	clean
rxn11974	clean
rxn11984	salvaged
rxn11985	clean
rxn11988	salvaged
rxn11997	salvaged
rxn11998	clean
rxn11999	salvaged
rxn12003	salvaged
rxn12004	clean
rxn12005	salvaged
rxn12008	clean
rxn12009	salvaged
rxn12012	salvaged
rxn12015	clean
rxn12019	clean
rxn12020	clean
rxn12021	salvaged
rxn12023	clean
rxn12025	clean
rxn12026	clean
rxn12027	clean
rxn12028	clean
rxn12030	clean
rxn12033	clean
rxn12034	salvaged
rxn12035	clean
rxn12036	clean
rxn12037	clean
rxn12038	clean
rxn12039	clean
rxn12040	clean
rxn12041	clean
rxn12042	salvaged
rxn12043	clean
rxn12044	clean
rxn12045	clean
rxn12046	clean
rxn12047	clean
rxn12048	clean
rxn12049	salvaged
rxn12052	salvaged
rxn12054	salvaged
rxn12056	clean
rxn12057	clean
rxn12058	clean
rxn12060	clean
rxn12061	salvaged
rxn12062	salvaged
rxn12064	clean
rxn12065	salvaged
rxn12066	salvaged
rxn12067	salvaged
rxn12068	salvaged
rxn12069	salvaged
rxn12071	salvaged
rxn12073	salvaged
rxn12074	clean
rxn12075	clean
rxn12076	clean
rxn12077	salvaged
rxn12078	salvaged
rxn12079	salvaged
rxn12080	salvaged
rxn12081	clean
rxn12082	salvaged
rxn12083	salvaged
rxn12084	salvaged
rxn12085	clean
rxn12086	clean
rxn12087	clean
rxn12088	clean
rxn12090	salvaged
rxn12091	salvaged
rxn12092	clean
rxn12093	salvaged
rxn12094	clean
rxn12095	clean
rxn12097	salvaged
rxn12098	salvaged
rxn12099	salvaged
rxn12100	clean
rxn12101	clean
rxn12102	salvaged
rxn12105	salvaged
rxn12106	clean
rxn12107	salvaged
rxn12108	salvaged
rxn12109	clean
rxn12110	clean
rxn12111	clean
rxn12112	clean
rxn12113	salvaged
rxn12114	salvaged
rxn12115	salvaged
rxn12116	salvaged
rxn12117	salvaged
rxn12118	salvaged
rxn12119	salvaged
rxn12121	salvaged
rxn12123	salvaged
rxn12124	salvaged
rxn12125	salvaged
rxn12126	salvaged
rxn12127	salvaged
rxn12128	salvaged
rxn12129	salvaged
rxn12130	clean
rxn12131	salvaged
rxn12132	salvaged
rxn12133	salvaged
rxn12135	clean
rxn12136	clean
rxn12137	clean
rxn12139	salvaged
rxn12140	salvaged
rxn12141	clean
rxn12142	salvaged
rxn12145	salvaged
rxn12147	clean
rxn12148	salvaged
rxn12151	salvaged
rxn12152	salvaged
rxn12153	clean
rxn12154	salvaged
rxn12155	salvaged
rxn12156	salvaged
rxn12157	clean
rxn12158	clean
rxn12159	clean
rxn12166	clean
rxn12169	clean
rxn12170	clean
rxn12171	clean
rxn12172	clean
rxn12173	clean
rxn12175	clean
rxn12176	salvaged
rxn12177	clean
rxn12178	clean
rxn12179	clean
rxn12181	clean
rxn12182	clean
rxn12183	clean
rxn12184	salvaged
rxn12185	clean
rxn12186	salvaged
rxn12187	clean
rxn12188	clean
rxn12189	clean
rxn12191	clean
rxn12193	clean
rxn12197	clean
rxn12199	clean
rxn12200	clean
rxn12204	clean
rxn12206	salvaged
rxn12215	clean
rxn12216	salvaged
rxn12217	clean
rxn12219	salvaged
rxn12220	salvaged
rxn12223	salvaged
rxn12224	clean
rxn12225	clean
rxn12232	clean
rxn12233	clean
rxn12234	clean
rxn12237	clean
rxn12239	clean
rxn12242	salvaged
rxn12245	clean
rxn12246	clean
rxn12249	clean
rxn12263	salvaged
rxn12264	clean
rxn12277	clean
rxn12282	salvaged
rxn12287	salvaged
rxn12288	salvaged
rxn12293	clean
rxn12298	clean
rxn12299	clean
rxn12303	clean
rxn12309	salvaged
rxn12329	salvaged
rxn12352	clean
rxn12362	clean
rxn12363	clean
rxn12364	clean
rxn12365	clean
rxn12366	clean
rxn12367	clean
rxn12368	clean
rxn12369	clean
rxn12370	clean
rxn12371	clean
rxn12372	clean
rxn12374	clean
rxn12375	clean
rxn12376	clean
rxn12377	clean
rxn12378	clean
rxn12379	clean
rxn12380	clean
rxn12381	clean
rxn12382	clean
rxn12383	clean
rxn12384	clean
rxn12385	clean
rxn12386	clean
rxn12387	clean
rxn12388	clean
rxn12390	clean
rxn12391	clean
rxn12392	clean
rxn12393	clean
rxn12394	clean
rxn12395	clean
rxn12396	clean
rxn12397	clean
rxn12398	clean
rxn12399	clean
rxn12400	clean
rxn12401	clean
rxn12402	clean
rxn12403	clean
rxn12404	clean
rxn12405	clean
rxn12406	clean
rxn12407	clean
rxn12408	clean
rxn12410	clean
rxn12412	clean
rxn12413	clean
rxn12414	clean
rxn12415	clean
rxn12416	clean
rxn12417	clean
rxn12418	clean
rxn12419	clean
rxn12420	clean
rxn12421	clean
rxn12422	clean
rxn12423	clean
rxn12424	clean
rxn12425	clean
rxn12426	clean
rxn12427	clean
rxn12428	clean
rxn12429	clean
rxn12430	clean
rxn12431	clean
rxn12432	salvaged
rxn12433	clean
rxn12434	clean
rxn12435	clean
rxn12436	clean
rxn12437	clean
rxn12438	clean
rxn12439	clean
rxn12440	clean
rxn12441	clean
rxn12443	clean
rxn12444	clean
rxn12445	clean
rxn12446	clean
rxn12447	clean
rxn12448	clean
rxn12449	clean
rxn12450	clean
rxn12451	clean
rxn12452	clean
rxn12453	clean
rxn12454	clean
rxn12455	clean
rxn12456	clean
rxn12457	clean
rxn12458	clean
rxn12459	clean
rxn12460	clean
rxn12492	salvaged
rxn12494	clean
rxn12498	salvaged
rxn12500	clean
rxn12504	clean
rxn12510	clean
rxn12512	clean
rxn12518	salvaged
rxn12519	clean
rxn12520	clean
rxn12521	clean
rxn12522	clean
rxn12524	clean
rxn12525	clean
rxn12526	clean
rxn12527	clean
rxn12528	clean
rxn12529	clean
rxn12530	clean
rxn12531	clean
rxn12532	clean
rxn12533	clean
rxn12534	clean
rxn12535	clean
rxn12536	clean
rxn12537	clean
rxn12539	clean
rxn12540	clean
rxn12541	clean
rxn12543	clean
rxn12545	clean
rxn12547	clean
rxn12548	clean
rxn12549	clean
rxn12550	clean
rxn12551	clean
rxn12552	clean
rxn12553	clean
rxn12554	clean
rxn12555	clean
rxn12556	clean
rxn12557	clean
rxn12558	clean
rxn12559	clean
rxn12560	clean
rxn12561	clean
rxn12562	clean
rxn12563	clean
rxn12564	clean
rxn12565	clean
rxn12566	clean
rxn12567	clean
rxn12568	clean
rxn12569	clean
rxn12570	clean
rxn12571	clean
rxn12572	clean
rxn12573	clean
rxn12574	clean
rxn12575	clean
rxn12577	clean
rxn12578	clean
rxn12579	clean
rxn12580	clean
rxn12582	clean
rxn12583	clean
rxn12584	clean
rxn12585	clean
rxn12586	clean
rxn12587	clean
rxn12588	clean
rxn12589	clean
rxn12590	clean
rxn12591	clean
rxn12592	clean
rxn12594	clean
rxn12595	clean
rxn12596	clean
rxn12597	clean
rxn12598	clean
rxn12602	clean
rxn12603	clean
rxn12604	clean
rxn12605	clean
rxn12606	clean
rxn12607	clean
rxn12608	clean
rxn12609	clean
rxn12610	clean
rxn12612	clean
rxn12613	clean
rxn12615	clean
rxn12617	clean
rxn12618	clean
rxn12619	clean
rxn12620	clean
rxn12622	clean
rxn12623	clean
rxn12624	clean
rxn12625	clean
rxn12627	clean
rxn12628	clean
rxn12629	clean
rxn12630	clean
rxn12633	clean
rxn12635	clean
rxn12637	clean
rxn12639	clean
rxn12641	clean
rxn12642	clean
rxn12643	clean
rxn12646	clean
rxn12647	clean
rxn12648	clean
rxn12649	clean
rxn12661	clean
rxn12663	clean
rxn12664	clean
rxn12666	clean
rxn12671	clean
rxn12672	clean
rxn12673	clean
rxn12674	clean
rxn12675	clean
rxn12676	clean
rxn12677	clean
rxn12680	clean
rxn12681	clean
rxn12738	clean
rxn12739	clean
rxn12740	clean
rxn12741	clean
rxn12742	clean
rxn12743	clean
rxn12744	clean
rxn12745	clean
rxn12746	clean
rxn12748	clean
rxn12749	clean
rxn12750	clean
rxn12773	clean
rxn12774	clean
rxn12775	salvaged
rxn12777	clean
rxn12779	clean
rxn12780	clean
rxn12781	clean
rxn12782	clean
rxn12783	clean
rxn12784	clean
rxn12785	clean
rxn12786	clean
rxn12787	clean
rxn12788	clean
rxn12789	clean
rxn12790	clean
rxn12791	clean
rxn12792	clean
rxn12793	clean
rxn12794	clean
rxn12795	clean
rxn12796	clean
rxn12797	clean
rxn12798	clean
rxn12799	clean
rxn12800	salvaged
rxn12802	clean
rxn12803	clean
rxn12804	clean
rxn12805	clean
rxn12806	clean
rxn12807	clean
rxn12808	clean
rxn12809	clean
rxn12810	clean
rxn12811	clean
rxn12812	clean
rxn12813	clean
rxn12814	clean
rxn12815	clean
rxn12816	clean
rxn12817	clean
rxn12818	clean
rxn12819	clean
rxn12820	clean
rxn12823	salvaged
rxn12824	salvaged
rxn12852	clean
rxn12854	clean
rxn12860	clean
rxn12862	clean
rxn12863	clean
rxn12865	clean
rxn12866	clean
rxn12868	salvaged
rxn12878	salvaged
rxn12879	clean
rxn12880	salvaged
rxn12893	clean
rxn12897	salvaged
rxn12918	clean
rxn12919	clean
rxn12947	salvaged
rxn12950	clean
rxn12951	clean
rxn12978	salvaged
rxn12983	clean
rxn12986	clean
rxn12989	salvaged
rxn12995	clean
rxn12996	clean
rxn12997	clean
rxn13007	salvaged
rxn13008	clean
rxn13012	salvaged
rxn13022	clean
rxn13036	clean
rxn13037	salvaged
rxn13044	salvaged
rxn13071	clean
rxn13072	clean
rxn13075	salvaged
rxn13077	salvaged
rxn13083	salvaged
rxn13085	salvaged
rxn13096	clean
rxn13097	clean
rxn13106	clean
rxn13109	clean
rxn13110	clean
rxn13111	clean
rxn13112	clean
rxn13113	clean
rxn13114	clean
rxn13115	clean
rxn13116	clean
rxn13117	clean
rxn13118	clean
rxn13119	clean
rxn13120	clean
rxn13121	clean
rxn13122	clean
rxn13125	clean
rxn13126	clean
rxn13127	clean
rxn13129	clean
rxn13134	clean
rxn13139	clean
rxn13140	clean
rxn13141	clean
rxn13142	salvaged
rxn13143	clean
rxn13149	salvaged
rxn13150	clean
rxn13159	clean
rxn13160	clean
rxn13171	clean
rxn13178	clean
rxn13182	clean
rxn13185	clean
rxn13186	clean
rxn13189	clean
rxn13190	clean
rxn13195	clean
rxn13196	clean
rxn13197	clean
rxn13198	clean
rxn13199	clean
rxn13201	clean
rxn13202	clean
rxn13205	clean
rxn13206	clean
rxn13209	salvaged
rxn13211	clean
rxn13212	clean
rxn13213	clean
rxn13215	clean
rxn13217	salvaged
rxn13220	clean
rxn13221	clean
rxn13226	clean
rxn13227	clean
rxn13228	clean
rxn13229	clean
rxn13230	clean
rxn13231	clean
rxn13232	clean
rxn13233	clean
rxn13234	clean
rxn13243	clean
rxn13244	clean
rxn13245	clean
rxn13246	clean
rxn13247	clean
rxn13251	clean
rxn13286	clean
rxn13290	clean
rxn13291	clean
rxn13292	clean
rxn13296	clean
rxn13297	salvaged
rxn13298	clean
rxn13299	salvaged
rxn13300	salvaged
rxn13301	clean
rxn13302	clean
rxn13303	clean
rxn13304	clean
rxn13305	clean
rxn13306	clean
rxn13307	clean
rxn13308	clean
rxn13310	clean
rxn13313	clean
rxn13314	clean
rxn13315	clean
rxn13316	clean
rxn13317	clean
rxn13319	clean
rxn13320	clean
rxn13321	clean
rxn13322	clean
rxn13323	clean
rxn13324	clean
rxn13325	clean
rxn13332	clean
rxn13333	clean
rxn13334	clean
rxn13338	clean
rxn13339	clean
rxn13340	clean
rxn13343	clean
rxn13344	clean
rxn13345	clean
rxn13346	clean
rxn13360	clean
rxn13361	clean
rxn13364	clean
rxn13365	clean
rxn13368	clean
rxn13371	clean
rxn13373	clean
rxn13374	clean
rxn13376	clean
rxn13377	clean
rxn13385	clean
rxn13388	clean
rxn13392	clean
rxn13393	clean
rxn13394	clean
rxn13395	salvaged
rxn13396	clean
rxn13397	clean
rxn13398	clean
rxn13399	clean
rxn13400	clean
rxn13402	clean
rxn13403	clean
rxn13409	clean
rxn13411	clean
rxn13412	clean
rxn13413	clean
rxn13414	clean
rxn13415	clean
rxn13428	clean
rxn13477	clean
rxn13519	clean
rxn13638	clean
rxn13639	salvaged
rxn13640	salvaged
rxn13641	clean
rxn13642	clean
rxn13643	salvaged
rxn13644	clean
rxn13647	clean
rxn13648	clean
rxn13659	clean
rxn13660	salvaged
rxn13664	clean
rxn13681	clean
rxn13687	clean
rxn13689	clean
rxn13708	clean
rxn13710	salvaged
rxn13711	clean
rxn13712	clean
rxn13713	clean
rxn13722	clean
rxn13726	clean
rxn13741	clean
rxn13747	clean
rxn13748	clean
rxn13753	clean
rxn13756	salvaged
rxn13758	clean
rxn13759	clean
rxn13765	clean
rxn13766	clean
rxn13770	salvaged
rxn13771	clean
rxn13773	clean
rxn13774	clean
rxn13778	clean
rxn13779	clean
rxn13781	clean
rxn13787	salvaged
rxn13788	clean
rxn13790	clean
rxn13791	clean
rxn13794	clean
rxn13799	clean
rxn13800	clean
rxn13801	clean
rxn13802	clean
rxn13803	clean
rxn13808	salvaged
rxn13809	clean
rxn13811	clean
rxn13812	clean
rxn13814	clean
rxn13822	clean
rxn13823	clean
rxn13825	clean
rxn13826	salvaged
rxn13827	salvaged
rxn13829	salvaged
rxn13831	salvaged
rxn13832	clean
rxn13834	clean
rxn13836	clean
rxn13837	clean
rxn13839	salvaged
rxn13842	clean
rxn13847	clean
rxn13849	clean
rxn13853	clean
rxn13854	clean
rxn13861	salvaged
rxn13892	clean
rxn13893	salvaged
rxn13895	clean
rxn13905	clean
rxn13906	clean
rxn13918	clean
rxn13919	clean
rxn13930	clean
rxn13931	clean
rxn13932	salvaged
rxn13933	clean
rxn13937	clean
rxn13939	clean
rxn13940	salvaged
rxn13941	clean
rxn13942	salvaged
rxn13943	clean
rxn13944	clean
rxn13947	clean
rxn13948	clean
rxn13949	clean
rxn13950	salvaged
rxn13951	salvaged
rxn13952	clean
rxn13953	clean
rxn13954	clean
rxn13955	clean
rxn13956	clean
rxn13957	clean
rxn13958	clean
rxn13960	clean
rxn13963	salvaged
rxn13965	clean
rxn13966	clean
rxn13967	clean
rxn13968	clean
rxn13969	clean
rxn13970	clean
rxn13971	salvaged
rxn13972	clean
rxn13973	salvaged
rxn13975	clean
rxn13977	salvaged
rxn13979	salvaged
rxn13980	clean
rxn13981	clean
rxn13983	salvaged
rxn13984	clean
rxn13985	salvaged
rxn13986	clean
rxn13987	salvaged
rxn13988	clean
rxn13989	clean
rxn13990	clean
rxn13991	salvaged
rxn13993	clean
rxn13995	clean
rxn13997	clean
rxn13998	clean
rxn13999	clean
rxn14000	clean
rxn14001	clean
rxn14002	clean
rxn14004	clean
rxn14005	clean
rxn14007	clean
rxn14008	clean
rxn14009	clean
rxn14011	clean
rxn14012	clean
rxn14013	salvaged
rxn14014	salvaged
rxn14016	clean
rxn14019	clean
rxn14020	clean
rxn14022	salvaged
rxn14023	salvaged
rxn14025	salvaged
rxn14026	clean
rxn14027	salvaged
rxn14028	salvaged
rxn14030	clean
rxn14031	salvaged
rxn14033	salvaged
rxn14034	salvaged
rxn14035	salvaged
rxn14038	clean
rxn14039	clean
rxn14040	clean
rxn14041	clean
rxn14043	clean
rxn14044	clean
rxn14049	clean
rxn14050	clean
rxn14051	clean
rxn14053	clean
rxn14054	clean
rxn14058	clean
rxn14059	clean
rxn14060	clean
rxn14061	clean
rxn14063	clean
rxn14068	clean
rxn14069	clean
rxn14071	salvaged
rxn14072	clean
rxn14074	clean
rxn14075	clean
rxn14077	clean
rxn14078	clean
rxn14079	clean
rxn14080	clean
rxn14081	clean
rxn14082	clean
rxn14083	salvaged
rxn14084	clean
rxn14085	salvaged
rxn14089	clean
rxn14090	clean
rxn14091	clean
rxn14093	clean
rxn14094	clean
rxn14096	clean
rxn14097	clean
rxn14099	clean
rxn14100	salvaged
rxn14101	clean
rxn14102	clean
rxn14103	clean
rxn14104	clean
rxn14105	clean
rxn14106	clean
rxn14107	salvaged
rxn14115	clean
rxn14120	clean
rxn14121	salvaged
rxn14122	salvaged
rxn14123	salvaged
rxn14124	clean
rxn14126	clean
rxn14127	clean
rxn14129	clean
rxn14130	clean
rxn14133	clean
rxn14134	clean
rxn14136	clean
rxn14138	clean
rxn14139	clean
rxn14140	clean
rxn14142	clean
rxn14143	clean
rxn14144	clean
rxn14146	clean
rxn14148	clean
rxn14149	clean
rxn14150	clean
rxn14151	salvaged
rxn14153	clean
rxn14155	salvaged
rxn14156	clean
rxn14157	clean
rxn14161	clean
rxn14162	salvaged
rxn14163	clean
rxn14164	clean
rxn14165	clean
rxn14167	clean
rxn14169	salvaged
rxn14170	salvaged
rxn14172	salvaged
rxn14173	salvaged
rxn14174	clean
rxn14175	salvaged
rxn14176	clean
rxn14177	clean
rxn14179	clean
rxn14180	clean
rxn14181	salvaged
rxn14182	salvaged
rxn14183	clean
rxn14184	salvaged
rxn14186	clean
rxn14192	clean
rxn14194	clean
rxn14199	clean
rxn14200	clean
rxn14203	clean
rxn14205	clean
rxn14206	clean
rxn14209	clean
rxn14211	clean
rxn14212	salvaged
rxn14213	clean
rxn14214	clean
rxn14215	clean
rxn14217	clean
rxn14222	clean
rxn14223	clean
rxn14224	salvaged
rxn14225	clean
rxn14228	clean
rxn14229	clean
rxn14233	clean
rxn14236	clean
rxn14237	clean
rxn14238	clean
rxn14239	clean
rxn14242	salvaged
rxn14243	clean
rxn14244	salvaged
rxn14245	clean
rxn14246	clean
rxn14248	clean
rxn14249	clean
rxn14250	salvaged
rxn14251	salvaged
rxn14253	clean
rxn14255	clean
rxn14256	salvaged
rxn14257	clean
rxn14258	clean
rxn14259	clean
rxn14260	clean
rxn14261	clean
rxn14262	clean
rxn14263	clean
rxn14264	clean
rxn14267	clean
rxn14268	salvaged
rxn14269	salvaged
rxn14270	salvaged
rxn14271	clean
rxn14273	clean
rxn14274	clean
rxn14276	clean
rxn14278	clean
rxn14279	clean
rxn14281	salvaged
rxn14282	clean
rxn14284	clean
rxn14285	clean
rxn14286	clean
rxn14287	salvaged
rxn14288	clean
rxn14291	clean
rxn14292	clean
rxn14294	clean
rxn14295	clean
rxn14296	salvaged
rxn14299	clean
rxn14300	salvaged
rxn14301	clean
rxn14302	clean
rxn14303	clean
rxn14305	clean
rxn14306	clean
rxn14307	clean
rxn14308	clean
rxn14310	clean
rxn14311	clean
rxn14316	clean
rxn14318	clean
rxn14319	clean
rxn14320	clean
rxn14321	clean
rxn14322	clean
rxn14323	clean
rxn14324	clean
rxn14327	clean
rxn14329	salvaged
rxn14330	clean
rxn14331	clean
rxn14332	clean
rxn14333	clean
rxn14334	clean
rxn14335	clean
rxn14336	clean
rxn14337	clean
rxn14339	clean
rxn14340	salvaged
rxn14341	clean
rxn14342	clean
rxn14344	clean
rxn14345	clean
rxn14346	clean
rxn14347	clean
rxn14349	salvaged
rxn14350	salvaged
rxn14351	salvaged
rxn14353	salvaged
rxn14354	clean
rxn14355	salvaged
rxn14357	clean
rxn14359	clean
rxn14360	clean
rxn14362	clean
rxn14363	clean
rxn14365	clean
rxn14366	salvaged
rxn14370	clean
rxn14371	clean
rxn14372	salvaged
rxn14375	clean
rxn14376	clean
rxn14377	clean
rxn14378	clean
rxn14379	clean
rxn14380	salvaged
rxn14387	clean
rxn14389	clean
rxn14391	salvaged
rxn14394	clean
rxn14395	salvaged
rxn14397	clean
rxn14398	clean
rxn14400	clean
rxn14429	clean
rxn14430	clean
rxn15001	clean
rxn15002	clean
rxn15003	clean
rxn15004	clean
rxn15005	clean
rxn15007	clean
rxn15008	clean
rxn15009	clean
rxn15010	clean
rxn15011	clean
rxn15012	clean
rxn15013	clean
rxn15014	clean
rxn15015	clean
rxn15017	clean
rxn15018	clean
rxn15019	clean
rxn15021	clean
rxn15022	salvaged
rxn15023	salvaged
rxn15024	clean
rxn15025	clean
rxn15026	clean
rxn15027	clean
rxn15028	clean
rxn15029	clean
rxn15030	clean
rxn15033	clean
rxn15035	clean
rxn15036	clean
rxn15037	clean
rxn15038	clean
rxn15039	clean
rxn15040	clean
rxn15044	clean
rxn15045	clean
rxn15046	clean
rxn15047	clean
rxn15048	clean
rxn15049	clean
rxn15050	clean
rxn15051	salvaged
rxn15052	salvaged
rxn15053	salvaged
rxn15055	clean
rxn15056	salvaged
rxn15057	salvaged
rxn15058	clean
rxn15059	clean
rxn15060	clean
rxn15061	clean
rxn15062	clean
rxn15063	clean
rxn15064	clean
rxn15065	clean
rxn15066	clean
rxn15067	clean
rxn15068	clean
rxn15069	clean
rxn15070	clean
rxn15071	clean
rxn15072	clean
rxn15073	clean
rxn15074	clean
rxn15075	clean
rxn15076	clean
rxn15078	clean
rxn15081	clean
rxn15082	clean
rxn15083	clean
rxn15084	clean
rxn15085	clean
rxn15086	clean
rxn15087	clean
rxn15090	clean
rxn15092	clean
rxn15093	clean
rxn15094	salvaged
rxn15095	clean
rxn15097	clean
rxn15098	clean
rxn15101	clean
rxn15102	clean
rxn15103	clean
rxn15106	clean
rxn15107	clean
rxn15108	clean
rxn15111	clean
rxn15113	clean
rxn15114	clean
rxn15115	clean
rxn15116	clean
rxn15117	clean
rxn15118	clean
rxn15120	clean
rxn15121	clean
rxn15122	clean
rxn15123	clean
rxn15124	clean
rxn15125	clean
rxn15126	clean
rxn15127	clean
rxn15128	clean
rxn15129	clean
rxn15130	clean
rxn15131	clean
rxn15132	clean
rxn15133	clean
rxn15134	clean
rxn15135	clean
rxn15136	clean
rxn15138	clean
rxn15139	clean
rxn15140	clean
rxn15141	clean
rxn15142	clean
rxn15143	clean
rxn15145	clean
rxn15146	clean
rxn15147	clean
rxn15148	clean
rxn15150	clean
rxn15151	clean
rxn15152	clean
rxn15153	clean
rxn15154	clean
rxn15155	clean
rxn15156	clean
rxn15157	clean
rxn15158	clean
rxn15159	clean
rxn15160	salvaged
rxn15161	clean
rxn15162	clean
rxn15163	clean
rxn15164	clean
rxn15165	clean
rxn15166	clean
rxn15167	clean
rxn15168	salvaged
rxn15171	clean
rxn15172	clean
rxn15173	clean
rxn15174	clean
rxn15175	clean
rxn15176	clean
rxn15179	clean
rxn15180	clean
rxn15181	clean
rxn15185	clean
rxn15186	clean
rxn15187	clean
rxn15188	clean
rxn15189	clean
rxn15190	clean
rxn15191	clean
rxn15192	clean
rxn15193	salvaged
rxn15194	salvaged
rxn15195	clean
rxn15196	clean
rxn15197	clean
rxn15198	clean
rxn15202	clean
rxn15205	clean
rxn15206	clean
rxn15207	clean
rxn15208	clean
rxn15209	clean
rxn15211	salvaged
rxn15212	clean
rxn15213	clean
rxn15214	clean
rxn15215	clean
rxn15217	salvaged
rxn15218	salvaged
rxn15219	clean
rxn15220	clean
rxn15222	clean
rxn15223	clean
rxn15224	clean
rxn15225	clean
rxn15226	clean
rxn15227	clean
rxn15229	clean
rxn15230	clean
rxn15233	clean
rxn15234	clean
rxn15235	clean
rxn15236	clean
rxn15237	clean
rxn15238	clean
rxn15239	clean
rxn15240	clean
rxn15241	clean
rxn15242	salvaged
rxn15243	salvaged
rxn15244	clean
rxn15245	clean
rxn15246	salvaged
rxn15247	salvaged
rxn15248	clean
rxn15249	clean
rxn15250	clean
rxn15251	salvaged
rxn15254	clean
rxn15255	clean
rxn15256	clean
rxn15257	clean
rxn15258	salvaged
rxn15259	salvaged
rxn15260	salvaged
rxn15261	salvaged
rxn15262	salvaged
rxn15263	salvaged
rxn15266	clean
rxn15267	clean
rxn15270	clean
rxn15271	clean
rxn15272	clean
rxn15273	clean
rxn15274	clean
rxn15275	clean
rxn15276	clean
rxn15277	clean
rxn15278	clean
rxn15279	clean
rxn15280	clean
rxn15281	clean
rxn15282	clean
rxn15283	clean
rxn15284	clean
rxn15285	clean
rxn15286	clean
rxn15287	clean
rxn15288	clean
rxn15289	salvaged
rxn15290	clean
rxn15291	clean
rxn15292	salvaged
rxn15293	clean
rxn15294	clean
rxn15295	clean
rxn15296	clean
rxn15297	clean
rxn15298	clean
rxn15302	salvaged
rxn15303	salvaged
rxn15304	salvaged
rxn15306	clean
rxn15307	clean
rxn15310	clean
rxn15311	clean
rxn15312	salvaged
rxn15313	salvaged
rxn15314	salvaged
rxn15317	clean
rxn15319	clean
rxn15320	clean
rxn15324	clean
rxn15325	clean
rxn15326	clean
rxn15327	clean
rxn15328	clean
rxn15329	clean
rxn15331	salvaged
rxn15332	salvaged
rxn15333	clean
rxn15334	clean
rxn15337	clean
rxn15338	clean
rxn15339	clean
rxn15340	clean
rxn15341	clean
rxn15342	clean
rxn15343	clean
rxn15345	clean
rxn15346	clean
rxn15348	clean
rxn15349	clean
rxn15350	salvaged
rxn15351	salvaged
rxn15352	salvaged
rxn15353	salvaged
rxn15354	clean
rxn15358	clean
rxn15359	clean
rxn15360	clean
rxn15361	clean
rxn15362	clean
rxn15363	salvaged
rxn15364	clean
rxn15365	salvaged
rxn15366	salvaged
rxn15367	salvaged
rxn15368	clean
rxn15369	clean
rxn15370	clean
rxn15371	salvaged
rxn15372	salvaged
rxn15373	clean
rxn15376	salvaged
rxn15377	salvaged
rxn15378	clean
rxn15380	clean
rxn15382	clean
rxn15383	salvaged
rxn15386	clean
rxn15387	clean
rxn15389	clean
rxn15390	clean
rxn15393	clean
rxn15394	clean
rxn15395	clean
rxn15396	clean
rxn15399	clean
rxn15400	clean
rxn15401	clean
rxn15402	salvaged
rxn15403	clean
rxn15404	salvaged
rxn15406	salvaged
rxn15407	clean
rxn15408	clean
rxn15410	clean
rxn15412	clean
rxn15413	clean
rxn15414	salvaged
rxn15415	salvaged
rxn15416	salvaged
rxn15417	clean
rxn15418	clean
rxn15420	clean
rxn15422	clean
rxn15425	clean
rxn15426	clean
rxn15427	clean
rxn15428	clean
rxn15429	clean
rxn15430	clean
rxn15431	clean
rxn15432	clean
rxn15433	clean
rxn15435	clean
rxn15436	clean
rxn15437	clean
rxn15438	clean
rxn15439	clean
rxn15440	clean
rxn15441	clean
rxn15442	salvaged
rxn15443	salvaged
rxn15444	salvaged
rxn15445	salvaged
rxn15446	clean
rxn15448	salvaged
rxn15449	salvaged
rxn15451	salvaged
rxn15452	salvaged
rxn15453	salvaged
rxn15456	clean
rxn15457	clean
rxn15458	salvaged
rxn15459	salvaged
rxn15460	clean
rxn15461	clean
rxn15462	clean
rxn15463	clean
rxn15464	salvaged
rxn15465	salvaged
rxn15466	clean
rxn15467	clean
rxn15468	salvaged
rxn15469	salvaged
rxn15470	salvaged
rxn15471	clean
rxn15472	clean
rxn15473	salvaged
rxn15474	salvaged
rxn15475	clean
rxn15476	clean
rxn15477	salvaged
rxn15478	salvaged
rxn15479	clean
rxn15480	clean
rxn15481	salvaged
rxn15482	clean
rxn15483	salvaged
rxn15484	salvaged
rxn15485	salvaged
rxn15486	salvaged
rxn15487	salvaged
rxn15488	salvaged
rxn15489	clean
rxn15490	clean
rxn15491	clean
rxn15493	clean
rxn15494	clean
rxn15495	clean
rxn15496	clean
rxn15497	clean
rxn15500	clean
rxn15501	salvaged
rxn15502	salvaged
rxn15503	salvaged
rxn15505	clean
rxn15506	clean
rxn15507	clean
rxn15508	clean
rxn15509	clean
rxn15510	clean
rxn15511	clean
rxn15512	clean
rxn15513	salvaged
rxn15514	salvaged
rxn15517	salvaged
rxn15518	salvaged
rxn15524	clean
rxn15525	clean
rxn15527	salvaged
rxn15528	salvaged
rxn15529	salvaged
rxn15535	salvaged
rxn15537	clean
rxn15538	clean
rxn15539	salvaged
rxn15540	clean
rxn15541	clean
rxn15544	clean
rxn15545	clean
rxn15546	clean
rxn15547	clean
rxn15548	clean
rxn15550	clean
rxn15551	clean
rxn15552	clean
rxn15553	salvaged
rxn15566	clean
rxn15567	clean
rxn15568	clean
rxn15570	clean
rxn15571	clean
rxn15577	clean
rxn15582	clean
rxn15584	clean
rxn15585	clean
rxn15586	clean
rxn15587	clean
rxn15588	clean
rxn15604	salvaged
rxn15607	clean
rxn15612	clean
rxn15616	clean
rxn15617	salvaged
rxn15618	salvaged
rxn15619	salvaged
rxn15620	salvaged
rxn15621	salvaged
rxn15630	clean
rxn15634	clean
rxn15635	clean
rxn15636	clean
rxn15637	salvaged
rxn15638	salvaged
rxn15640	clean
rxn15641	clean
rxn15642	clean
rxn15643	clean
rxn15644	clean
rxn15645	clean
rxn15646	clean
rxn15647	clean
rxn15648	clean
rxn15649	clean
rxn15650	clean
rxn15651	clean
rxn15652	clean
rxn15653	clean
rxn15656	clean
rxn15657	clean
rxn15658	clean
rxn15659	clean
rxn15660	clean
rxn15661	clean
rxn15662	clean
rxn15664	clean
rxn15665	clean
rxn15666	salvaged
rxn15667	salvaged
rxn15668	clean
rxn15669	clean
rxn15672	salvaged
rxn15676	clean
rxn15677	clean
rxn15678	salvaged
rxn15679	clean
rxn15680	clean
rxn15681	clean
rxn15685	clean
rxn15686	clean
rxn15687	clean
rxn15688	clean
rxn15690	salvaged
rxn15691	salvaged
rxn15692	clean
rxn15693	clean
rxn15694	clean
rxn15697	clean
rxn15698	clean
rxn15699	clean
rxn15700	clean
rxn15701	clean
rxn15702	clean
rxn15703	clean
rxn15704	clean
rxn15707	salvaged
rxn15717	clean
rxn15718	clean
rxn15719	clean
rxn15720	clean
rxn15721	clean
rxn15722	clean
rxn15723	clean
rxn15724	clean
rxn15725	clean
rxn15726	clean
rxn15727	clean
rxn15729	salvaged
rxn15732	salvaged
rxn15733	salvaged
rxn15734	salvaged
rxn15735	salvaged
rxn15736	clean
rxn15737	salvaged
rxn15738	salvaged
rxn15739	salvaged
rxn15740	clean
rxn15741	clean
rxn15742	clean
rxn15743	clean
rxn15744	clean
rxn15745	salvaged
rxn15747	clean
rxn15748	clean
rxn15749	clean
rxn15750	clean
rxn15751	clean
rxn15752	salvaged
rxn15753	salvaged
rxn15754	clean
rxn15755	salvaged
rxn15756	clean
rxn15758	clean
rxn15759	clean
rxn15760	clean
rxn15761	clean
rxn15762	clean
rxn15763	salvaged
rxn15764	salvaged
rxn15765	salvaged
rxn15766	salvaged
rxn15767	salvaged
rxn15770	clean
rxn15771	clean
rxn15772	clean
rxn15773	clean
rxn15775	clean
rxn15776	clean
rxn15777	clean
rxn15778	clean
rxn15779	clean
rxn15780	clean
rxn15786	clean
rxn15787	salvaged
rxn15788	salvaged
rxn15789	clean
rxn15790	clean
rxn15791	salvaged
rxn15792	salvaged
rxn15793	salvaged
rxn15794	clean
rxn15795	clean
rxn15796	clean
rxn15797	salvaged
rxn15798	salvaged
rxn15799	salvaged
rxn15800	salvaged
rxn15801	clean
rxn15802	clean
rxn15803	clean
rxn15804	clean
rxn15805	clean
rxn15806	clean
rxn15807	clean
rxn15808	salvaged
rxn15809	clean
rxn15810	clean
rxn15811	salvaged
rxn15812	clean
rxn15813	clean
rxn15814	salvaged
rxn15815	clean
rxn15816	clean
rxn15817	clean
rxn15818	salvaged
rxn15819	clean
rxn15821	clean
rxn15823	clean
rxn15824	clean
rxn15826	clean
rxn15828	salvaged
rxn15829	clean
rxn15830	salvaged
rxn15831	clean
rxn15832	salvaged
rxn15833	clean
rxn15834	clean
rxn15835	clean
rxn15836	salvaged
rxn15837	salvaged
rxn15838	salvaged
rxn15839	salvaged
rxn15840	salvaged
rxn15841	salvaged
rxn15842	clean
rxn15843	salvaged
rxn15844	clean
rxn15845	clean
rxn15846	clean
rxn15847	salvaged
rxn15848	clean
rxn15849	clean
rxn15850	clean
rxn15851	clean
rxn15852	clean
rxn15853	clean
rxn15854	clean
rxn15855	clean
rxn15856	clean
rxn15857	clean
rxn15858	clean
rxn15860	salvaged
rxn15864	clean
rxn15865	clean
rxn15866	clean
rxn15867	clean
rxn15868	clean
rxn15869	salvaged
rxn15870	salvaged
rxn15871	salvaged
rxn15872	clean
rxn15873	clean
rxn15874	clean
rxn15875	clean
rxn15877	clean
rxn15878	clean
rxn15879	clean
rxn15881	clean
rxn15882	clean
rxn15883	clean
rxn15884	salvaged
rxn15886	clean
rxn15887	salvaged
rxn15888	salvaged
rxn15889	salvaged
rxn15890	salvaged
rxn15891	clean
rxn15892	salvaged
rxn15893	salvaged
rxn15894	salvaged
rxn15895	clean
rxn15896	salvaged
rxn15897	clean
rxn15898	clean
rxn15899	clean
rxn15900	clean
rxn15901	salvaged
rxn15908	clean
rxn15909	clean
rxn15910	clean
rxn15911	salvaged
rxn15912	clean
rxn15913	salvaged
rxn15914	salvaged
rxn15915	salvaged
rxn15916	clean
rxn15917	clean
rxn15918	clean
rxn15919	clean
rxn15920	salvaged
rxn15921	salvaged
rxn15922	clean
rxn15924	salvaged
rxn15925	salvaged
rxn15926	salvaged
rxn15927	salvaged
rxn15928	salvaged
rxn15929	salvaged
rxn15931	salvaged
rxn15932	salvaged
rxn15933	salvaged
rxn15934	salvaged
rxn15935	salvaged
rxn15936	salvaged
rxn15937	salvaged
rxn15938	salvaged
rxn15939	salvaged
rxn15940	salvaged
rxn15942	salvaged
rxn15943	salvaged
rxn15945	clean
rxn15946	clean
rxn15947	clean
rxn15948	clean
rxn15949	salvaged
rxn15950	salvaged
rxn15952	salvaged
rxn15953	salvaged
rxn15954	salvaged
rxn15955	salvaged
rxn15956	salvaged
rxn15957	salvaged
rxn15958	clean
rxn15959	salvaged
rxn15960	salvaged
rxn15961	clean
rxn15962	clean
rxn15963	clean
rxn15964	clean
rxn15965	salvaged
rxn15966	salvaged
rxn15967	salvaged
rxn15968	clean
rxn15969	salvaged
rxn15970	clean
rxn15971	clean
rxn15972	salvaged
rxn15973	salvaged
rxn15974	clean
rxn15975	salvaged
rxn15977	salvaged
rxn15978	clean
rxn15979	salvaged
rxn15980	clean
rxn15981	clean
rxn15982	clean
rxn15984	clean
rxn15985	clean
rxn15986	clean
rxn15987	clean
rxn15988	clean
rxn15991	clean
rxn15992	clean
rxn15993	clean
rxn15994	clean
rxn15995	clean
rxn15996	clean
rxn15997	clean
rxn15998	clean
rxn15999	clean
rxn16000	clean
rxn16001	salvaged
rxn16002	clean
rxn16003	clean
rxn16004	salvaged
rxn16005	salvaged
rxn16006	salvaged
rxn16007	salvaged
rxn16008	salvaged
rxn16009	salvaged
rxn16010	clean
rxn16011	clean
rxn16012	salvaged
rxn16013	salvaged
rxn16014	salvaged
rxn16015	salvaged
rxn16016	clean
rxn16017	clean
rxn16018	salvaged
rxn16019	clean
rxn16020	salvaged
rxn16021	clean
rxn16022	clean
rxn16023	clean
rxn16024	clean
rxn16025	salvaged
rxn16026	salvaged
rxn16027	clean
rxn16028	clean
rxn16029	clean
rxn16030	clean
rxn16031	clean
rxn16032	clean
rxn16033	clean
rxn16034	clean
rxn16035	clean
rxn16036	clean
rxn16037	clean
rxn16038	clean
rxn16039	clean
rxn16040	clean
rxn16041	clean
rxn16043	salvaged
rxn16044	clean
rxn16045	clean
rxn16046	clean
rxn16047	clean
rxn16048	clean
rxn16051	clean
rxn16052	clean
rxn16053	clean
rxn16054	clean
rxn16055	clean
rxn16056	clean
rxn16057	salvaged
rxn16059	salvaged
rxn16060	salvaged
rxn16061	salvaged
rxn16062	clean
rxn16063	clean
rxn16064	salvaged
rxn16065	salvaged
rxn16066	clean
rxn16067	clean
rxn16068	salvaged
rxn16069	salvaged
rxn16070	salvaged
rxn16071	clean
rxn16072	salvaged
rxn16073	clean
rxn16074	clean
rxn16075	clean
rxn16076	salvaged
rxn16077	clean
rxn16078	clean
rxn16079	clean
rxn16080	salvaged
rxn16081	clean
rxn16082	clean
rxn16083	clean
rxn16084	clean
rxn16085	clean
rxn16086	clean
rxn16087	clean
rxn16088	clean
rxn16089	clean
rxn16090	clean
rxn16091	clean
rxn16092	clean
rxn16093	clean
rxn16094	clean
rxn16096	clean
rxn16097	clean
rxn16098	clean
rxn16099	clean
rxn16100	clean
rxn16101	clean
rxn16102	clean
rxn16103	clean
rxn16104	clean
rxn16105	clean
rxn16106	clean
rxn16107	clean
rxn16108	clean
rxn16110	clean
rxn16111	clean
rxn16112	clean
rxn16113	clean
rxn16114	clean
rxn16115	clean
rxn16116	salvaged
rxn16117	salvaged
rxn16122	clean
rxn16123	clean
rxn16124	clean
rxn16130	clean
rxn16131	clean
rxn16132	clean
rxn16133	clean
rxn16134	clean
rxn16135	clean
rxn16136	clean
rxn16137	clean
rxn16138	salvaged
rxn16139	salvaged
rxn16140	salvaged
rxn16141	clean
rxn16142	clean
rxn16143	clean
rxn16144	clean
rxn16145	clean
rxn16146	salvaged
rxn16147	clean
rxn16148	salvaged
rxn16149	clean
rxn16150	salvaged
rxn16151	salvaged
rxn16155	salvaged
rxn16156	clean
rxn16157	clean
rxn16161	clean
rxn16162	clean
rxn16163	clean
rxn16168	clean
rxn16169	clean
rxn16170	clean
rxn16171	salvaged
rxn16172	clean
rxn16173	clean
rxn16175	clean
rxn16176	clean
rxn16177	salvaged
rxn16178	clean
rxn16179	salvaged
rxn16182	clean
rxn16183	clean
rxn16184	clean
rxn16186	clean
rxn16187	salvaged
rxn16188	salvaged
rxn16189	salvaged
rxn16194	clean
rxn16195	clean
rxn16197	salvaged
rxn16198	salvaged
rxn16199	clean
rxn16205	clean
rxn16206	clean
rxn16207	clean
rxn16209	salvaged
rxn16210	clean
rxn16211	salvaged
rxn16212	clean
rxn16213	clean
rxn16214	clean
rxn16215	clean
rxn16216	clean
rxn16217	clean
rxn16218	salvaged
rxn16222	clean
rxn16224	clean
rxn16225	clean
rxn16226	clean
rxn16227	clean
rxn16228	clean
rxn16229	clean
rxn16230	clean
rxn16231	clean
rxn16233	clean
rxn16234	clean
rxn16235	clean
rxn16236	clean
rxn16237	clean
rxn16238	clean
rxn16239	clean
rxn16240	clean
rxn16241	clean
rxn16243	clean
rxn16244	clean
rxn16245	clean
rxn16246	clean
rxn16247	clean
rxn16248	clean
rxn16249	clean
rxn16250	clean
rxn16251	clean
rxn16252	clean
rxn16253	clean
rxn16254	clean
rxn16255	clean
rxn16256	salvaged
rxn16257	clean
rxn16258	clean
rxn16260	clean
rxn16263	clean
rxn16264	clean
rxn16266	salvaged
rxn16267	salvaged
rxn16268	clean
rxn16269	clean
rxn16270	clean
rxn16271	clean
rxn16272	clean
rxn16273	clean
rxn16274	salvaged
rxn16275	salvaged
rxn16277	salvaged
rxn16278	clean
rxn16279	clean
rxn16280	clean
rxn16281	clean
rxn16283	salvaged
rxn16284	clean
rxn16285	clean
rxn16286	clean
rxn16289	clean
rxn16290	clean
rxn16291	clean
rxn16292	clean
rxn16293	clean
rxn16294	clean
rxn16295	salvaged
rxn16296	salvaged
rxn16297	salvaged
rxn16298	clean
rxn16299	clean
rxn16300	clean
rxn16302	salvaged
rxn16303	salvaged
rxn16304	clean
rxn16305	clean
rxn16306	clean
rxn16307	clean
rxn16313	salvaged
rxn16314	clean
rxn16318	clean
rxn16319	clean
rxn16320	clean
rxn16321	clean
rxn16322	clean
rxn16329	clean
rxn16330	salvaged
rxn16340	clean
rxn16341	clean
rxn16347	salvaged
rxn16348	clean
rxn16349	salvaged
rxn16352	salvaged
rxn16354	clean
rxn16355	clean
rxn16356	clean
rxn16357	clean
rxn16358	clean
rxn16359	clean
rxn16362	clean
rxn16363	clean
rxn16364	clean
rxn16365	clean
rxn16366	clean
rxn16367	clean
rxn16368	clean
rxn16369	clean
rxn16370	clean
rxn16371	clean
rxn16372	salvaged
rxn16373	clean
rxn16374	clean
rxn16375	clean
rxn16377	clean
rxn16378	clean
rxn16379	clean
rxn16380	clean
rxn16381	salvaged
rxn16385	salvaged
rxn16386	clean
rxn16387	clean
rxn16388	clean
rxn16389	clean
rxn16390	clean
rxn16392	clean
rxn16393	clean
rxn16394	clean
rxn16396	salvaged
rxn16397	salvaged
rxn16398	clean
rxn16399	clean
rxn16400	clean
rxn16401	clean
rxn16402	clean
rxn16403	clean
rxn16404	clean
rxn16405	salvaged
rxn16406	clean
rxn16407	salvaged
rxn16408	clean
rxn16409	salvaged
rxn16410	clean
rxn16411	salvaged
rxn16412	clean
rxn16413	clean
rxn16414	clean
rxn16417	clean
rxn16418	clean
rxn16419	salvaged
rxn16420	clean
rxn16421	clean
rxn16422	clean
rxn16423	clean
rxn16424	clean
rxn16425	clean
rxn16426	clean
rxn16427	clean
rxn16428	clean
rxn16429	clean
rxn16431	clean
rxn16432	salvaged
rxn16434	salvaged
rxn16438	salvaged
rxn16440	salvaged
rxn16442	clean
rxn16443	clean
rxn16444	clean
rxn16445	clean
rxn16448	clean
rxn16449	clean
rxn16450	clean
rxn16451	clean
rxn16452	clean
rxn16453	clean
rxn16454	clean
rxn16455	clean
rxn16456	clean
rxn16457	clean
rxn16458	clean
rxn16459	clean
rxn16460	clean
rxn16461	clean
rxn16462	clean
rxn16463	clean
rxn16464	clean
rxn16465	clean
rxn16466	salvaged
rxn16467	clean
rxn16468	clean
rxn16469	clean
rxn16470	clean
rxn16471	clean
rxn16472	clean
rxn16473	clean
rxn16474	clean
rxn16475	clean
rxn16476	clean
rxn16477	clean
rxn16479	clean
rxn16481	salvaged
rxn16482	clean
rxn16483	salvaged
rxn16484	salvaged
rxn16485	clean
rxn16486	clean
rxn16487	clean
rxn16488	salvaged
rxn16490	clean
rxn16491	clean
rxn16492	clean
rxn16493	clean
rxn16494	clean
rxn16498	clean
rxn16500	clean
rxn16503	clean
rxn16504	clean
rxn16505	clean
rxn16506	salvaged
rxn16507	clean
rxn16508	clean
rxn16509	clean
rxn16510	clean
rxn16511	clean
rxn16512	clean
rxn16513	salvaged
rxn16515	salvaged
rxn16516	salvaged
rxn16517	salvaged
rxn16518	salvaged
rxn16519	clean
rxn16520	salvaged
rxn16522	clean
rxn16523	clean
rxn16524	clean
rxn16525	clean
rxn16526	salvaged
rxn16527	clean
rxn16528	clean
rxn16529	clean
rxn16530	clean
rxn16532	clean
rxn16533	clean
rxn16534	clean
rxn16535	clean
rxn16536	clean
rxn16540	clean
rxn16541	clean
rxn16542	clean
rxn16543	clean
rxn16545	clean
rxn16546	clean
rxn16547	clean
rxn16548	clean
rxn16551	clean
rxn16552	clean
rxn16553	clean
rxn16554	clean
rxn16555	clean
rxn16556	clean
rxn16557	clean
rxn16558	clean
rxn16559	clean
rxn16560	clean
rxn16561	clean
rxn16563	clean
rxn16564	clean
rxn16565	clean
rxn16566	clean
rxn16569	clean
rxn16570	clean
rxn16571	clean
rxn16572	clean
rxn16574	clean
rxn16577	clean
rxn16578	clean
rxn16580	salvaged
rxn16581	clean
rxn16582	clean
rxn16583	salvaged
rxn16586	clean
rxn16591	clean
rxn16592	clean
rxn16593	clean
rxn16594	clean
rxn16595	clean
rxn16596	clean
rxn16597	salvaged
rxn16598	clean
rxn16599	clean
rxn16601	clean
rxn16602	clean
rxn16603	clean
rxn16604	clean
rxn16605	salvaged
rxn16606	salvaged
rxn16609	clean
rxn16611	clean
rxn16612	clean
rxn16613	clean
rxn16614	clean
rxn16615	clean
rxn16616	clean
rxn16617	salvaged
rxn16618	salvaged
rxn16619	salvaged
rxn16620	salvaged
rxn16621	salvaged
rxn16622	clean
rxn16623	clean
rxn16624	clean
rxn16625	clean
rxn16626	clean
rxn16627	salvaged
rxn16628	clean
rxn16629	clean
rxn16630	clean
rxn16631	clean
rxn16632	clean
rxn16633	clean
rxn16634	clean
rxn16635	clean
rxn16636	salvaged
rxn16637	clean
rxn16638	clean
rxn16639	clean
rxn16641	clean
rxn16642	clean
rxn16643	clean
rxn16644	clean
rxn16645	clean
rxn16646	clean
rxn16647	clean
rxn16648	clean
rxn16649	salvaged
rxn16650	salvaged
rxn16651	clean
rxn16652	clean
rxn16653	clean
rxn16654	clean
rxn16655	clean
rxn16656	clean
rxn16657	clean
rxn16658	clean
rxn16661	clean
rxn16662	clean
rxn16663	clean
rxn16664	clean
rxn16665	clean
rxn16666	clean
rxn16667	salvaged
rxn16668	salvaged
rxn16669	clean
rxn16670	clean
rxn16673	clean
rxn16674	clean
rxn16675	clean
rxn16676	clean
rxn16677	clean
rxn16678	clean
rxn16679	clean
rxn16680	clean
rxn16681	clean
rxn16682	clean
rxn16683	clean
rxn16684	clean
rxn16689	clean
rxn16691	clean
rxn16692	salvaged
rxn16693	salvaged
rxn16694	clean
rxn16695	salvaged
rxn16696	salvaged
rxn16697	clean
rxn16699	clean
rxn16701	clean
rxn16702	clean
rxn16703	clean
rxn16705	clean
rxn16706	clean
rxn16708	clean
rxn16709	clean
rxn16710	clean
rxn16711	clean
rxn16712	clean
rxn16713	clean
rxn16714	clean
rxn16715	clean
rxn16716	clean
rxn16717	clean
rxn16718	clean
rxn16719	clean
rxn16720	clean
rxn16721	clean
rxn16723	clean
rxn16724	clean
rxn16725	clean
rxn16726	clean
rxn16727	clean
rxn16728	clean
rxn16729	clean
rxn16730	clean
rxn16731	clean
rxn16732	clean
rxn16733	clean
rxn16734	clean
rxn16735	clean
rxn16736	clean
rxn16737	clean
rxn16738	salvaged
rxn16739	clean
rxn16740	clean
rxn16741	clean
rxn16742	clean
rxn16743	clean
rxn16744	clean
rxn16745	clean
rxn16746	clean
rxn16747	clean
rxn16748	clean
rxn16749	clean
rxn16750	clean
rxn16751	clean
rxn16752	clean
rxn16753	clean
rxn16754	clean
rxn16755	clean
rxn16756	clean
rxn16757	salvaged
rxn16758	clean
rxn16759	clean
rxn16760	clean
rxn16762	clean
rxn16763	clean
rxn16764	clean
rxn16765	clean
rxn16766	clean
rxn16767	clean
rxn16768	clean
rxn16769	clean
rxn16770	salvaged
rxn16771	clean
rxn16772	clean
rxn16773	clean
rxn16775	clean
rxn16776	clean
rxn16777	clean
rxn16778	clean
rxn16779	clean
rxn16780	clean
rxn16781	clean
rxn16782	clean
rxn16783	clean
rxn16784	clean
rxn16785	clean
rxn16787	clean
rxn16788	clean
rxn16789	salvaged
rxn16790	clean
rxn16791	clean
rxn16792	clean
rxn16793	clean
rxn16794	clean
rxn16795	clean
rxn16796	clean
rxn16797	clean
rxn16798	clean
rxn16799	clean
rxn16800	clean
rxn16801	clean
rxn16802	clean
rxn16803	clean
rxn16804	clean
rxn16805	salvaged
rxn16806	clean
rxn16807	clean
rxn16808	clean
rxn16809	clean
rxn16810	clean
rxn16811	clean
rxn16812	clean
rxn16813	clean
rxn16814	clean
rxn16815	clean
rxn16816	clean
rxn16817	clean
rxn16818	clean
rxn16819	clean
rxn16820	clean
rxn16822	clean
rxn16823	clean
rxn16824	clean
rxn16825	clean
rxn16826	clean
rxn16827	clean
rxn16828	salvaged
rxn16829	clean
rxn16830	clean
rxn16831	clean
rxn16832	clean
rxn16833	clean
rxn16834	clean
rxn16835	clean
rxn16836	clean
rxn16839	clean
rxn16842	clean
rxn16843	clean
rxn16844	clean
rxn16845	clean
rxn16848	clean
rxn16849	salvaged
rxn16850	salvaged
rxn16851	salvaged
rxn16852	salvaged
rxn16853	salvaged
rxn16854	clean
rxn16855	clean
rxn16856	clean
rxn16857	clean
rxn16858	clean
rxn16859	salvaged
rxn16860	clean
rxn16861	salvaged
rxn16862	clean
rxn16863	clean
rxn16864	clean
rxn16865	clean
rxn16866	clean
rxn16867	clean
rxn16868	salvaged
rxn16869	clean
rxn16870	clean
rxn16871	clean
rxn16872	clean
rxn16873	clean
rxn16876	salvaged
rxn16877	clean
rxn16878	clean
rxn16879	clean
rxn16880	clean
rxn16881	clean
rxn16882	clean
rxn16883	salvaged
rxn16884	clean
rxn16885	clean
rxn16887	clean
rxn16888	clean
rxn16889	clean
rxn16890	clean
rxn16891	clean
rxn16892	clean
rxn16893	salvaged
rxn16894	clean
rxn16896	clean
rxn16898	clean
rxn16899	clean
rxn16900	clean
rxn16901	clean
rxn16947	clean
rxn16994	clean
rxn16995	clean
rxn16997	clean
rxn17047	salvaged
rxn17060	salvaged
rxn17061	clean
rxn17062	salvaged
rxn17064	clean
rxn17066	clean
rxn17067	clean
rxn17068	clean
rxn17070	clean
rxn17073	salvaged
rxn17074	salvaged
rxn17075	clean
rxn17076	clean
rxn17078	clean
rxn17079	clean
rxn17080	clean
rxn17082	clean
rxn17085	clean
rxn17087	clean
rxn17088	clean
rxn17089	clean
rxn17090	clean
rxn17092	clean
rxn17093	clean
rxn17095	clean
rxn17096	clean
rxn17097	clean
rxn17098	clean
rxn17099	clean
rxn17103	clean
rxn17105	clean
rxn17108	clean
rxn17110	clean
rxn17112	clean
rxn17114	clean
rxn17116	clean
rxn17117	clean
rxn17118	salvaged
rxn17119	salvaged
rxn17125	clean
rxn17126	clean
rxn17133	clean
rxn17134	clean
rxn17135	clean
rxn17138	clean
rxn17141	clean
rxn17145	salvaged
rxn17146	clean
rxn17148	clean
rxn17196	clean
rxn17199	clean
rxn17200	clean
rxn17201	clean
rxn17202	clean
rxn17203	salvaged
rxn17205	clean
rxn17206	salvaged
rxn17208	salvaged
rxn17211	clean
rxn17212	salvaged
rxn17219	clean
rxn17221	clean
rxn17222	clean
rxn17223	clean
rxn17225	clean
rxn17226	clean
rxn17227	clean
rxn17228	clean
rxn17229	clean
rxn17230	clean
rxn17231	clean
rxn17239	clean
rxn17240	clean
rxn17243	clean
rxn17244	clean
rxn17245	clean
rxn17246	clean
rxn17247	clean
rxn17249	salvaged
rxn17255	salvaged
rxn17261	clean
rxn17262	salvaged
rxn17263	clean
rxn17264	clean
rxn17265	clean
rxn17266	salvaged
rxn17268	clean
rxn17269	clean
rxn17271	clean
rxn17272	clean
rxn17273	salvaged
rxn17275	clean
rxn17276	salvaged
rxn17277	salvaged
rxn17322	salvaged
rxn17377	clean
rxn17378	clean
rxn17379	salvaged
rxn17381	clean
rxn17384	clean
rxn17385	salvaged
rxn17390	clean
rxn17391	clean
rxn17392	clean
rxn17394	clean
rxn17395	clean
rxn17396	salvaged
rxn17397	salvaged
rxn17398	clean
rxn17400	clean
rxn17401	clean
rxn17402	salvaged
rxn17403	salvaged
rxn17404	clean
rxn17405	clean
rxn17406	salvaged
rxn17407	salvaged
rxn17408	salvaged
rxn17409	salvaged
rxn17411	salvaged
rxn17412	clean
rxn17413	salvaged
rxn17414	clean
rxn17415	clean
rxn17416	salvaged
rxn17417	salvaged
rxn17418	salvaged
rxn17420	salvaged
rxn17421	salvaged
rxn17422	salvaged
rxn17423	salvaged
rxn17425	clean
rxn17428	clean
rxn17429	clean
rxn17431	salvaged
rxn17432	salvaged
rxn17433	salvaged
rxn17434	salvaged
rxn17436	salvaged
rxn17437	salvaged
rxn17438	salvaged
rxn17439	salvaged
rxn17440	clean
rxn17441	clean
rxn17445	salvaged
rxn17449	salvaged
rxn17450	salvaged
rxn17451	salvaged
rxn17455	clean
rxn17461	salvaged
rxn17463	salvaged
rxn17464	salvaged
rxn17465	salvaged
rxn17466	salvaged
rxn17467	salvaged
rxn17468	clean
rxn17472	salvaged
rxn17474	salvaged
rxn17475	salvaged
rxn17479	salvaged
rxn17484	salvaged
rxn17485	salvaged
rxn17487	clean
rxn17489	salvaged
rxn17491	salvaged
rxn17492	salvaged
rxn17493	salvaged
rxn17494	clean
rxn17495	salvaged
rxn17497	clean
rxn17498	salvaged
rxn17499	clean
rxn17500	salvaged
rxn17501	salvaged
rxn17502	clean
rxn17503	clean
rxn17505	clean
rxn17506	salvaged
rxn17507	salvaged
rxn17508	clean
rxn17509	clean
rxn17511	salvaged
rxn17513	salvaged
rxn17514	salvaged
rxn17515	salvaged
rxn17516	salvaged
rxn17519	clean
rxn17520	clean
rxn17521	clean
rxn17522	clean
rxn17523	salvaged
rxn17524	salvaged
rxn17525	salvaged
rxn17527	salvaged
rxn17528	salvaged
rxn17533	salvaged
rxn17534	salvaged
rxn17535	salvaged
rxn17536	clean
rxn17537	salvaged
rxn17538	salvaged
rxn17539	clean
rxn17544	clean
rxn17547	salvaged
rxn17548	clean
rxn17550	clean
rxn17551	salvaged
rxn17554	clean
rxn17557	salvaged
rxn17558	salvaged
rxn17559	salvaged
rxn17561	salvaged
rxn17562	clean
rxn17563	clean
rxn17565	salvaged
rxn17568	clean
rxn17569	clean
rxn17570	salvaged
rxn17572	salvaged
rxn17575	salvaged
rxn17576	salvaged
rxn17578	salvaged
rxn17579	salvaged
rxn17582	salvaged
rxn17583	salvaged
rxn17590	salvaged
rxn17593	salvaged
rxn17594	salvaged
rxn17595	salvaged
rxn17597	salvaged
rxn17599	salvaged
rxn17600	salvaged
rxn17601	salvaged
rxn17602	salvaged
rxn17604	salvaged
rxn17606	salvaged
rxn17607	salvaged
rxn17608	salvaged
rxn17610	salvaged
rxn17613	salvaged
rxn17614	salvaged
rxn17615	clean
rxn17616	clean
rxn17617	salvaged
rxn17618	salvaged
rxn17619	salvaged
rxn17620	salvaged
rxn17621	salvaged
rxn17622	clean
rxn17623	salvaged
rxn17624	clean
rxn17625	salvaged
rxn17626	salvaged
rxn17629	salvaged
rxn17630	salvaged
rxn17631	salvaged
rxn17632	salvaged
rxn17634	salvaged
rxn17636	salvaged
rxn17637	salvaged
rxn17639	salvaged
rxn17640	salvaged
rxn17641	salvaged
rxn17642	salvaged
rxn17643	salvaged
rxn17644	salvaged
rxn17646	salvaged
rxn17647	salvaged
rxn17648	salvaged
rxn17649	clean
rxn17650	clean
rxn17651	salvaged
rxn17652	clean
rxn17653	clean
rxn17654	salvaged
rxn17655	clean
rxn17657	clean
rxn17658	clean
rxn17659	salvaged
rxn17660	clean
rxn17662	clean
rxn17663	clean
rxn17664	salvaged
rxn17665	salvaged
rxn17666	salvaged
rxn17667	salvaged
rxn17668	salvaged
rxn17669	clean
rxn17670	salvaged
rxn17671	salvaged
rxn17673	salvaged
rxn17675	salvaged
rxn17676	salvaged
rxn17679	salvaged
rxn17680	salvaged
rxn17682	salvaged
rxn17690	salvaged
rxn17697	salvaged
rxn17699	salvaged
rxn17700	salvaged
rxn17701	salvaged
rxn17702	salvaged
rxn17703	clean
rxn17704	clean
rxn17705	clean
rxn17706	salvaged
rxn17707	clean
rxn17708	salvaged
rxn17709	salvaged
rxn17711	salvaged
rxn17712	salvaged
rxn17713	clean
rxn17714	salvaged
rxn17715	salvaged
rxn17716	salvaged
rxn17717	salvaged
rxn17718	clean
rxn17719	clean
rxn17721	salvaged
rxn17722	salvaged
rxn17723	salvaged
rxn17725	clean
rxn17729	salvaged
rxn17731	salvaged
rxn17732	salvaged
rxn17733	salvaged
rxn17734	salvaged
rxn17735	salvaged
rxn17736	salvaged
rxn17737	salvaged
rxn17738	salvaged
rxn17739	salvaged
rxn17740	salvaged
rxn17743	clean
rxn17744	salvaged
rxn17745	salvaged
rxn17747	salvaged
rxn17748	clean
rxn17749	clean
rxn17750	clean
rxn17751	clean
rxn17752	clean
rxn17753	clean
rxn17754	clean
rxn17758	clean
rxn17759	clean
rxn17760	clean
rxn17761	salvaged
rxn17762	salvaged
rxn17763	clean
rxn17765	clean
rxn17766	clean
rxn17767	clean
rxn17769	salvaged
rxn17774	salvaged
rxn17775	salvaged
rxn17777	salvaged
rxn17779	salvaged
rxn17781	salvaged
rxn17785	clean
rxn17786	clean
rxn17787	clean
rxn17788	clean
rxn17789	clean
rxn17790	clean
rxn17806	clean
rxn17807	clean
rxn17808	clean
rxn17809	clean
rxn17810	clean
rxn17811	clean
rxn17849	salvaged
rxn17853	clean
rxn17854	clean
rxn17855	salvaged
rxn17856	salvaged
rxn17860	salvaged
rxn17861	salvaged
rxn17862	clean
rxn17866	clean
rxn17867	clean
rxn17868	clean
rxn17874	salvaged
rxn17875	salvaged
rxn17877	salvaged
rxn17878	salvaged
rxn17879	salvaged
rxn17880	salvaged
rxn17881	salvaged
rxn17882	salvaged
rxn17883	salvaged
rxn17884	salvaged
rxn17885	salvaged
rxn17886	salvaged
rxn17887	salvaged
rxn17888	salvaged
rxn17891	clean
rxn17896	clean
rxn17900	salvaged
rxn17901	clean
rxn17904	salvaged
rxn17905	clean
rxn17911	salvaged
rxn17917	salvaged
rxn17925	salvaged
rxn17931	salvaged
rxn17933	salvaged
rxn17934	salvaged
rxn17939	clean
rxn17947	salvaged
rxn17948	salvaged
rxn17949	salvaged
rxn17950	salvaged
rxn17953	clean
rxn17965	salvaged
rxn17977	salvaged
rxn17979	salvaged
rxn17983	salvaged
rxn17991	salvaged
rxn17992	salvaged
rxn17999	salvaged
rxn18002	salvaged
rxn18005	clean
rxn18009	salvaged
rxn18010	salvaged
rxn18011	salvaged
rxn18022	salvaged
rxn18023	salvaged
rxn18024	salvaged
rxn18025	clean
rxn18037	salvaged
rxn18039	clean
rxn18041	clean
rxn18043	clean
rxn18044	clean
rxn18045	clean
rxn18058	salvaged
rxn18060	salvaged
rxn18061	salvaged
rxn18064	salvaged
rxn18066	clean
rxn18067	salvaged
rxn18070	salvaged
rxn18071	salvaged
rxn18072	salvaged
rxn18074	salvaged
rxn18076	salvaged
rxn18160	salvaged
rxn18167	salvaged
rxn18168	salvaged
rxn18169	salvaged
rxn18170	salvaged
rxn18174	salvaged
rxn18176	clean
rxn18177	clean
rxn18179	clean
rxn18180	salvaged
rxn18181	salvaged
rxn18182	clean
rxn18183	salvaged
rxn18184	salvaged
rxn18185	salvaged
rxn18186	salvaged
rxn18188	clean
rxn18189	clean
rxn18190	clean
rxn18191	clean
rxn18192	clean
rxn18193	clean
rxn18194	clean
rxn18195	clean
rxn18196	clean
rxn18197	clean
rxn18198	clean
rxn18199	clean
rxn18200	clean
rxn18201	clean
rxn18202	clean
rxn18203	clean
rxn18204	clean
rxn18205	clean
rxn18206	clean
rxn18207	clean
rxn18208	clean
rxn18209	clean
rxn18210	clean
rxn18211	clean
rxn18212	clean
rxn18213	clean
rxn18214	clean
rxn18215	clean
rxn18216	clean
rxn18217	clean
rxn18218	clean
rxn18219	clean
rxn18220	clean
rxn18221	clean
rxn18222	clean
rxn18223	clean
rxn18224	clean
rxn18225	clean
rxn18226	clean
rxn18227	clean
rxn18228	clean
rxn18229	clean
rxn18230	clean
rxn18231	clean
rxn18232	clean
rxn18233	clean
rxn18234	clean
rxn18235	clean
rxn18236	clean
rxn18237	clean
rxn18238	clean
rxn18239	clean
rxn18240	clean
rxn18241	clean
rxn18242	clean
rxn18243	clean
rxn18244	clean
rxn18245	clean
rxn18246	clean
rxn18247	clean
rxn18248	clean
rxn18249	clean
rxn18250	clean
rxn18251	clean
rxn18252	clean
rxn18253	clean
rxn18254	clean
rxn18255	clean
rxn18256	clean
rxn18257	clean
rxn18258	clean
rxn18259	clean
rxn18260	clean
rxn18261	clean
rxn18262	clean
rxn18263	clean
rxn18264	clean
rxn18265	clean
rxn18266	clean
rxn18267	clean
rxn18268	clean
rxn18269	clean
rxn18270	clean
rxn18271	clean
rxn18272	clean
rxn18273	clean
rxn18274	clean
rxn18275	clean
rxn18276	clean
rxn18277	clean
rxn18278	clean
rxn18279	clean
rxn18280	clean
rxn18281	clean
rxn18282	clean
rxn18283	clean
rxn18284	clean
rxn18285	clean
rxn18286	clean
rxn18287	clean
rxn18288	clean
rxn18289	clean
rxn18290	clean
rxn18291	clean
rxn18292	clean
rxn18293	clean
rxn18294	clean
rxn18295	clean
rxn18296	clean
rxn18297	clean
rxn18298	clean
rxn18299	clean
rxn18300	clean
rxn18301	clean
rxn18302	clean
rxn18303	clean
rxn18304	clean
rxn18305	clean
rxn18306	clean
rxn18307	clean
rxn18308	clean
rxn18309	clean
rxn18310	clean
rxn18311	clean
rxn18312	clean
rxn18313	clean
rxn18314	clean
rxn18315	clean
rxn18316	clean
rxn18317	clean
rxn18318	clean
rxn18319	clean
rxn18320	clean
rxn18321	clean
rxn18322	clean
rxn18323	clean
rxn18324	clean
rxn18325	clean
rxn18326	clean
rxn18327	clean
rxn18328	clean
rxn18329	clean
rxn18330	clean
rxn18331	clean
rxn18332	clean
rxn18333	clean
rxn18334	clean
rxn18335	clean
rxn18336	clean
rxn18337	clean
rxn18338	clean
rxn18339	clean
rxn18340	clean
rxn18341	clean
rxn18342	clean
rxn18343	clean
rxn18344	clean
rxn18345	clean
rxn18346	clean
rxn18347	clean
rxn18348	clean
rxn18349	clean
rxn18350	clean
rxn18351	clean
rxn18352	clean
rxn18353	clean
rxn18354	clean
rxn18356	clean
rxn18358	clean
rxn18359	clean
rxn18360	clean
rxn18361	clean
rxn18362	clean
rxn18363	clean
rxn18364	clean
rxn18365	clean
rxn18366	clean
rxn18367	clean
rxn18368	clean
rxn18369	clean
rxn18370	clean
rxn18371	clean
rxn18372	clean
rxn18373	clean
rxn18374	clean
rxn18375	clean
rxn18376	clean
rxn18377	clean
rxn18378	clean
rxn18379	clean
rxn18380	clean
rxn18381	clean
rxn18382	clean
rxn18383	clean
rxn18384	clean
rxn18385	clean
rxn18386	clean
rxn18387	clean
rxn18388	clean
rxn18389	clean
rxn18390	clean
rxn18391	clean
rxn18392	clean
rxn18393	clean
rxn18394	clean
rxn18395	clean
rxn18396	clean
rxn18397	clean
rxn18398	clean
rxn18399	clean
rxn18400	clean
rxn18401	clean
rxn18402	clean
rxn18403	clean
rxn18404	clean
rxn18405	clean
rxn18406	clean
rxn18407	clean
rxn18408	clean
rxn18409	clean
rxn18410	clean
rxn18411	clean
rxn18412	clean
rxn18413	clean
rxn18414	clean
rxn18415	clean
rxn18416	clean
rxn18417	clean
rxn18418	clean
rxn18419	clean
rxn18420	clean
rxn18421	clean
rxn18422	clean
rxn18423	clean
rxn18424	clean
rxn18425	clean
rxn18426	clean
rxn18427	clean
rxn18428	clean
rxn18429	clean
rxn18430	clean
rxn18431	clean
rxn18432	clean
rxn18433	clean
rxn18434	clean
rxn18435	clean
rxn18436	clean
rxn18437	clean
rxn18438	clean
rxn18439	clean
rxn18440	clean
rxn18441	clean
rxn18442	clean
rxn18443	clean
rxn18444	clean
rxn18445	clean
rxn18446	clean
rxn18447	clean
rxn18448	clean
rxn18449	clean
rxn18450	clean
rxn18451	clean
rxn18452	clean
rxn18453	clean
rxn18454	clean
rxn18455	clean
rxn18456	clean
rxn18457	clean
rxn18458	clean
rxn18459	clean
rxn18460	clean
rxn18461	clean
rxn18462	clean
rxn18463	clean
rxn18464	clean
rxn18465	clean
rxn18466	clean
rxn18467	clean
rxn18468	clean
rxn18469	clean
rxn18470	clean
rxn18471	clean
rxn18472	clean
rxn18473	clean
rxn18474	clean
rxn18475	clean
rxn18476	clean
rxn18477	clean
rxn18478	clean
rxn18479	clean
rxn18481	clean
rxn18482	clean
rxn18483	clean
rxn18484	clean
rxn18485	clean
rxn18486	clean
rxn18487	clean
rxn18488	clean
rxn18489	clean
rxn18490	clean
rxn18491	clean
rxn18492	clean
rxn18493	clean
rxn18494	clean
rxn18495	clean
rxn18496	clean
rxn18497	clean
rxn18498	clean
rxn18499	clean
rxn18500	clean
rxn18501	clean
rxn18502	clean
rxn18503	clean
rxn18504	clean
rxn18505	clean
rxn18506	clean
rxn18507	clean
rxn18508	clean
rxn18509	clean
rxn18510	clean
rxn18511	clean
rxn18512	clean
rxn18513	clean
rxn18514	clean
rxn18515	clean
rxn18516	clean
rxn18517	clean
rxn18518	clean
rxn18519	clean
rxn18520	clean
rxn18521	clean
rxn18522	clean
rxn18523	clean
rxn18524	clean
rxn18525	clean
rxn18526	clean
rxn18527	clean
rxn18528	clean
rxn18529	clean
rxn18530	clean
rxn18531	clean
rxn18532	clean
rxn18533	clean
rxn18534	clean
rxn18535	clean
rxn18536	clean
rxn18537	clean
rxn18538	clean
rxn18539	clean
rxn18540	clean
rxn18541	clean
rxn18542	clean
rxn18543	clean
rxn18544	clean
rxn18545	salvaged
rxn18546	clean
rxn18547	clean
rxn18548	clean
rxn18549	clean
rxn18550	clean
rxn18551	clean
rxn18552	clean
rxn18553	clean
rxn18554	clean
rxn18555	clean
rxn18556	clean
rxn18557	clean
rxn18558	clean
rxn18559	clean
rxn18560	clean
rxn18561	clean
rxn18562	clean
rxn18563	clean
rxn18564	clean
rxn18565	clean
rxn18566	clean
rxn18567	clean
rxn18568	clean
rxn18569	clean
rxn18570	clean
rxn18571	clean
rxn18572	clean
rxn18573	clean
rxn18574	clean
rxn18575	clean
rxn18577	salvaged
rxn18578	clean
rxn18579	clean
rxn18581	clean
rxn18582	clean
rxn18583	clean
rxn18584	clean
rxn18585	clean
rxn18587	clean
rxn18588	clean
rxn18589	clean
rxn18590	clean
rxn18591	clean
rxn18592	clean
rxn18593	clean
rxn18594	clean
rxn18595	clean
rxn18596	clean
rxn18597	clean
rxn18598	clean
rxn18599	clean
rxn18600	clean
rxn18601	clean
rxn18602	clean
rxn18603	clean
rxn18604	clean
rxn18605	clean
rxn18606	clean
rxn18607	clean
rxn18608	clean
rxn18609	clean
rxn18610	clean
rxn18611	clean
rxn18612	clean
rxn18613	clean
rxn18614	clean
rxn18615	clean
rxn18616	clean
rxn18617	clean
rxn18618	clean
rxn18619	clean
rxn18620	clean
rxn18621	clean
rxn18622	clean
rxn18623	clean
rxn18624	clean
rxn18625	clean
rxn18626	clean
rxn18627	clean
rxn18628	clean
rxn18629	clean
rxn18630	clean
rxn18631	clean
rxn18632	clean
rxn18633	clean
rxn18634	clean
rxn18635	clean
rxn18636	clean
rxn18637	clean
rxn18638	clean
rxn18639	clean
rxn18640	clean
rxn18641	clean
rxn18642	clean
rxn18643	clean
rxn18644	clean
rxn18645	clean
rxn18646	clean
rxn18647	clean
rxn18648	clean
rxn18649	clean
rxn18650	clean
rxn18651	clean
rxn18652	clean
rxn18653	clean
rxn18654	clean
rxn18655	clean
rxn18656	clean
rxn18657	clean
rxn18658	clean
rxn18659	clean
rxn18660	clean
rxn18661	clean
rxn18662	clean
rxn18665	clean
rxn18666	clean
rxn18667	clean
rxn18668	clean
rxn18669	clean
rxn18671	salvaged
rxn18672	salvaged
rxn18674	salvaged
rxn18675	salvaged
rxn18676	salvaged
rxn18677	clean
rxn18678	clean
rxn18680	clean
rxn18681	clean
rxn18682	clean
rxn18683	clean
rxn18684	clean
rxn18685	clean
rxn18686	clean
rxn18687	clean
rxn18688	clean
rxn18689	clean
rxn18691	clean
rxn18692	clean
rxn18693	clean
rxn18694	clean
rxn18695	clean
rxn18696	clean
rxn18698	clean
rxn18699	clean
rxn18700	clean
rxn18701	clean
rxn18702	clean
rxn18703	clean
rxn18704	clean
rxn18705	clean
rxn18706	clean
rxn18707	clean
rxn18708	clean
rxn18709	clean
rxn18710	clean
rxn18711	clean
rxn18712	clean
rxn18713	clean
rxn18714	clean
rxn18715	clean
rxn18716	clean
rxn18717	clean
rxn18718	clean
rxn18719	clean
rxn18720	clean
rxn18721	clean
rxn18722	clean
rxn18723	clean
rxn18724	clean
rxn18725	clean
rxn18726	clean
rxn18727	clean
rxn18728	clean
rxn18729	clean
rxn18730	clean
rxn18731	clean
rxn18732	clean
rxn18733	clean
rxn18734	clean
rxn18735	clean
rxn18736	clean
rxn18737	clean
rxn18738	clean
rxn18739	clean
rxn18740	clean
rxn18741	clean
rxn18742	clean
rxn18743	clean
rxn18744	clean
rxn18745	clean
rxn18746	clean
rxn18747	clean
rxn18748	clean
rxn18749	clean
rxn18750	clean
rxn18751	clean
rxn18752	clean
rxn18753	clean
rxn18754	clean
rxn18755	clean
rxn18756	clean
rxn18757	clean
rxn18758	clean
rxn18759	clean
rxn18760	clean
rxn18761	clean
rxn18762	clean
rxn18763	clean
rxn18764	clean
rxn18765	clean
rxn18766	clean
rxn18767	clean
rxn18768	clean
rxn18769	clean
rxn18770	clean
rxn18771	clean
rxn18772	clean
rxn18773	clean
rxn18774	clean
rxn18775	clean
rxn18776	clean
rxn18777	clean
rxn18778	clean
rxn18779	clean
rxn18780	clean
rxn18781	clean
rxn18782	clean
rxn18783	clean
rxn18784	clean
rxn18785	clean
rxn18786	clean
rxn18787	clean
rxn18788	clean
rxn18789	clean
rxn18790	clean
rxn18791	clean
rxn18792	clean
rxn18793	clean
rxn18794	clean
rxn18795	clean
rxn18796	clean
rxn18797	clean
rxn18798	clean
rxn18799	clean
rxn18800	clean
rxn18801	clean
rxn18802	clean
rxn18803	clean
rxn18804	clean
rxn18805	clean
rxn18806	clean
rxn18807	clean
rxn18808	clean
rxn18809	clean
rxn18810	clean
rxn18811	clean
rxn18812	clean
rxn18813	clean
rxn18814	clean
rxn18815	clean
rxn18816	clean
rxn18817	clean
rxn18818	clean
rxn18819	clean
rxn18820	clean
rxn18821	clean
rxn18822	clean
rxn18823	clean
rxn18824	clean
rxn18825	clean
rxn18826	clean
rxn18827	clean
rxn18828	clean
rxn18829	clean
rxn18830	clean
rxn18831	clean
rxn18832	clean
rxn18833	clean
rxn18834	clean
rxn18835	clean
rxn18836	clean
rxn18837	clean
rxn18838	clean
rxn18839	clean
rxn18840	clean
rxn18841	clean
rxn18842	clean
rxn18843	clean
rxn18844	clean
rxn18845	clean
rxn18846	clean
rxn18847	clean
rxn18848	clean
rxn18849	clean
rxn18850	clean
rxn18851	clean
rxn18852	clean
rxn18853	clean
rxn18854	clean
rxn18855	clean
rxn18856	clean
rxn18857	clean
rxn18858	clean
rxn18859	clean
rxn18860	clean
rxn18861	clean
rxn18862	clean
rxn18863	clean
rxn18864	clean
rxn18865	clean
rxn18866	clean
rxn18867	clean
rxn18868	clean
rxn18869	clean
rxn18870	clean
rxn18871	clean
rxn18872	clean
rxn18873	clean
rxn18874	clean
rxn18875	clean
rxn18876	clean
rxn18877	clean
rxn18878	clean
rxn18879	clean
rxn18880	clean
rxn18881	clean
rxn18882	clean
rxn18883	clean
rxn18884	clean
rxn18885	clean
rxn18886	clean
rxn18887	clean
rxn18888	clean
rxn18889	clean
rxn18890	clean
rxn18891	clean
rxn18892	clean
rxn18893	clean
rxn18894	clean
rxn18895	clean
rxn18896	clean
rxn18897	clean
rxn18898	clean
rxn18899	clean
rxn18900	clean
rxn18901	clean
rxn18902	clean
rxn18903	clean
rxn18904	clean
rxn18905	clean
rxn18906	clean
rxn18908	clean
rxn18909	salvaged
rxn18910	clean
rxn18911	clean
rxn18912	clean
rxn18913	clean
rxn18916	clean
rxn18917	clean
rxn18918	clean
rxn18919	clean
rxn18924	salvaged
rxn18925	salvaged
rxn18926	salvaged
rxn18928	clean
rxn18931	salvaged
rxn18934	clean
rxn18956	clean
rxn18957	clean
rxn18959	clean
rxn18960	salvaged
rxn18961	clean
rxn18962	clean
rxn18964	clean
rxn18965	clean
rxn18966	salvaged
rxn18967	clean
rxn18968	salvaged
rxn18969	salvaged
rxn18970	clean
rxn18972	clean
rxn18973	clean
rxn18974	clean
rxn18975	clean
rxn18977	clean
rxn18989	clean
rxn18992	clean
rxn18993	salvaged
rxn18994	salvaged
rxn18995	salvaged
rxn18996	salvaged
rxn18997	salvaged
rxn18998	salvaged
rxn18999	salvaged
rxn19000	salvaged
rxn19001	salvaged
rxn19004	salvaged
rxn19005	salvaged
rxn19006	salvaged
rxn19008	salvaged
rxn19009	salvaged
rxn19015	salvaged
rxn19016	salvaged
rxn19017	clean
rxn19018	clean
rxn19019	clean
rxn19023	salvaged
rxn19025	clean
rxn19027	salvaged
rxn19028	clean
rxn19029	clean
rxn19030	clean
rxn19031	salvaged
rxn19032	salvaged
rxn19034	salvaged
rxn19035	clean
rxn19036	salvaged
rxn19037	salvaged
rxn19038	clean
rxn19039	clean
rxn19040	clean
rxn19041	clean
rxn19042	clean
rxn19044	clean
rxn19045	clean
rxn19046	clean
rxn19047	clean
rxn19050	clean
rxn19055	salvaged
rxn19057	salvaged
rxn19059	salvaged
rxn19065	salvaged
rxn19068	salvaged
rxn19069	salvaged
rxn19071	clean
rxn19072	clean
rxn19073	clean
rxn19075	clean
rxn19076	salvaged
rxn19077	clean
rxn19079	salvaged
rxn19080	salvaged
rxn19081	salvaged
rxn19082	salvaged
rxn19083	salvaged
rxn19085	clean
rxn19086	clean
rxn19087	clean
rxn19089	clean
rxn19090	clean
rxn19091	clean
rxn19092	clean
rxn19093	clean
rxn19094	clean
rxn19095	clean
rxn19097	salvaged
rxn19098	clean
rxn19100	clean
rxn19102	clean
rxn19106	clean
rxn19109	salvaged
rxn19111	clean
rxn19112	clean
rxn19113	clean
rxn19114	clean
rxn19115	clean
rxn19116	salvaged
rxn19117	salvaged
rxn19118	clean
rxn19119	clean
rxn19121	salvaged
rxn19122	salvaged
rxn19123	clean
rxn19124	clean
rxn19125	salvaged
rxn19126	clean
rxn19127	clean
rxn19128	clean
rxn19129	clean
rxn19130	clean
rxn19133	clean
rxn19134	clean
rxn19135	salvaged
rxn19136	salvaged
rxn19137	salvaged
rxn19140	clean
rxn19141	clean
rxn19142	clean
rxn19144	clean
rxn19146	salvaged
rxn19147	salvaged
rxn19148	clean
rxn19149	clean
rxn19156	salvaged
rxn19157	clean
rxn19159	clean
rxn19161	clean
rxn19163	salvaged
rxn19164	salvaged
rxn19169	clean
rxn19170	clean
rxn19171	salvaged
rxn19173	clean
rxn19174	clean
rxn19175	clean
rxn19179	salvaged
rxn19180	salvaged
rxn19181	clean
rxn19182	salvaged
rxn19185	clean
rxn19186	clean
rxn19187	clean
rxn19188	salvaged
rxn19189	salvaged
rxn19190	salvaged
rxn19191	clean
rxn19192	clean
rxn19193	clean
rxn19194	salvaged
rxn19196	salvaged
rxn19198	clean
rxn19199	clean
rxn19201	salvaged
rxn19202	salvaged
rxn19203	salvaged
rxn19204	salvaged
rxn19205	clean
rxn19206	clean
rxn19207	clean
rxn19208	clean
rxn19209	salvaged
rxn19210	clean
rxn19211	salvaged
rxn19214	clean
rxn19215	clean
rxn19216	clean
rxn19217	clean
rxn19218	clean
rxn19219	clean
rxn19220	clean
rxn19221	clean
rxn19224	clean
rxn19225	clean
rxn19227	clean
rxn19230	salvaged
rxn19233	clean
rxn19234	clean
rxn19238	clean
rxn19239	clean
rxn19240	clean
rxn19241	clean
rxn19242	clean
rxn19243	clean
rxn19244	clean
rxn19245	salvaged
rxn19246	salvaged
rxn19247	clean
rxn19250	clean
rxn19252	clean
rxn19253	clean
rxn19259	clean
rxn19260	clean
rxn19261	clean
rxn19262	clean
rxn19263	clean
rxn19264	clean
rxn19265	salvaged
rxn19266	clean
rxn19267	clean
rxn19268	salvaged
rxn19269	salvaged
rxn19270	salvaged
rxn19271	salvaged
rxn19272	clean
rxn19274	salvaged
rxn19275	salvaged
rxn19276	salvaged
rxn19277	clean
rxn19279	salvaged
rxn19280	salvaged
rxn19283	salvaged
rxn19284	salvaged
rxn19286	salvaged
rxn19292	salvaged
rxn19294	clean
rxn19296	clean
rxn19300	salvaged
rxn19301	salvaged
rxn19302	salvaged
rxn19303	salvaged
rxn19304	salvaged
rxn19305	salvaged
rxn19306	salvaged
rxn19307	salvaged
rxn19309	clean
rxn19310	clean
rxn19311	clean
rxn19312	clean
rxn19316	clean
rxn19318	clean
rxn19319	salvaged
rxn19320	salvaged
rxn19321	salvaged
rxn19322	salvaged
rxn19325	clean
rxn19326	clean
rxn19327	clean
rxn19330	clean
rxn19331	clean
rxn19338	clean
rxn19339	clean
rxn19340	clean
rxn19341	clean
rxn19342	clean
rxn19343	clean
rxn19344	clean
rxn19345	clean
rxn19346	clean
rxn19347	clean
rxn19348	salvaged
rxn19349	salvaged
rxn19350	clean
rxn19351	clean
rxn19354	salvaged
rxn19356	clean
rxn19357	clean
rxn19358	clean
rxn19359	clean
rxn19360	clean
rxn19362	salvaged
rxn19364	salvaged
rxn19365	salvaged
rxn19366	clean
rxn19367	clean
rxn19370	clean
rxn19371	clean
rxn19372	clean
rxn19373	clean
rxn19382	clean
rxn19384	clean
rxn19443	clean
rxn19444	clean
rxn19445	clean
rxn19446	salvaged
rxn19447	clean
rxn19448	clean
rxn19449	salvaged
rxn19454	salvaged
rxn19455	clean
rxn19457	clean
rxn19458	salvaged
rxn19459	salvaged
rxn19465	salvaged
rxn19466	clean
rxn19467	clean
rxn19470	salvaged
rxn19471	salvaged
rxn19474	clean
rxn19475	clean
rxn19476	salvaged
rxn19477	clean
rxn19478	clean
rxn19480	clean
rxn19481	salvaged
rxn19482	salvaged
rxn19483	clean
rxn19484	clean
rxn19485	clean
rxn19486	salvaged
rxn19487	clean
rxn19488	clean
rxn19514	clean
rxn19543	clean
rxn19545	clean
rxn19546	clean
rxn19556	clean
rxn19567	salvaged
rxn19568	salvaged
rxn19569	clean
rxn19570	salvaged
rxn19571	salvaged
rxn19575	clean
rxn19601	clean
rxn19630	clean
rxn19631	salvaged
rxn19636	salvaged
rxn19637	salvaged
rxn19639	salvaged
rxn19640	clean
rxn19641	clean
rxn19642	clean
rxn19643	salvaged
rxn19644	clean
rxn19646	clean
rxn19661	clean
rxn19662	clean
rxn19663	clean
rxn19664	clean
rxn19666	clean
rxn19668	clean
rxn19669	clean
rxn19672	salvaged
rxn19673	clean
rxn19674	clean
rxn19675	clean
rxn19676	clean
rxn19680	clean
rxn19681	salvaged
rxn19682	salvaged
rxn19683	clean
rxn19684	clean
rxn19685	clean
rxn19689	clean
rxn19690	clean
rxn19691	clean
rxn19692	salvaged
rxn19693	salvaged
rxn19694	salvaged
rxn19696	clean
rxn19698	salvaged
rxn19701	clean
rxn19702	salvaged
rxn19703	salvaged
rxn19706	clean
rxn19708	salvaged
rxn19711	salvaged
rxn19712	salvaged
rxn19713	salvaged
rxn19714	clean
rxn19715	salvaged
rxn19717	salvaged
rxn19728	salvaged
rxn19731	clean
rxn19732	clean
rxn19734	salvaged
rxn19735	salvaged
rxn19738	clean
rxn19739	clean
rxn19740	clean
rxn19742	clean
rxn19743	salvaged
rxn19744	salvaged
rxn19748	salvaged
rxn19750	salvaged
rxn19751	salvaged
rxn19753	clean
rxn19756	clean
rxn19760	salvaged
rxn19761	clean
rxn19762	clean
rxn19764	salvaged
rxn19765	salvaged
rxn19766	salvaged
rxn19767	salvaged
rxn19768	clean
rxn19769	clean
rxn19770	clean
rxn19771	clean
rxn19772	clean
rxn19773	clean
rxn19774	clean
rxn19775	clean
rxn19776	salvaged
rxn19777	clean
rxn19778	clean
rxn19786	clean
rxn19794	clean
rxn19797	clean
rxn19800	clean
rxn19801	clean
rxn19806	clean
rxn19808	clean
rxn19810	clean
rxn19811	clean
rxn19813	clean
rxn19817	salvaged
rxn19818	salvaged
rxn19821	salvaged
rxn19822	salvaged
rxn19823	salvaged
rxn19824	salvaged
rxn19825	salvaged
rxn19828	clean
rxn19829	clean
rxn19830	salvaged
rxn19831	clean
rxn19833	salvaged
rxn19834	salvaged
rxn19839	clean
rxn19840	salvaged
rxn19841	salvaged
rxn19842	salvaged
rxn19846	salvaged
rxn19848	clean
rxn19849	clean
rxn19850	clean
rxn19854	salvaged
rxn19855	clean
rxn19856	clean
rxn19857	salvaged
rxn19858	clean
rxn19861	salvaged
rxn19862	salvaged
rxn19868	salvaged
rxn19870	clean
rxn19871	clean
rxn19872	clean
rxn19874	clean
rxn19876	salvaged
rxn19877	clean
rxn19878	clean
rxn19879	clean
rxn19880	clean
rxn19883	clean
rxn19884	clean
rxn19887	salvaged
rxn19888	salvaged
rxn19889	salvaged
rxn19890	salvaged
rxn19891	salvaged
rxn19892	clean
rxn19893	clean
rxn19894	salvaged
rxn19895	clean
rxn19896	clean
rxn19898	clean
rxn19900	salvaged
rxn19903	clean
rxn19904	clean
rxn19905	clean
rxn19907	salvaged
rxn19911	clean
rxn19912	clean
rxn19913	clean
rxn19916	clean
rxn19917	clean
rxn19918	clean
rxn19919	clean
rxn19920	clean
rxn19921	salvaged
rxn19922	clean
rxn19924	clean
rxn19925	clean
rxn19927	clean
rxn19930	clean
rxn19931	clean
rxn19932	clean
rxn19933	clean
rxn19935	clean
rxn19936	clean
rxn19937	clean
rxn19940	clean
rxn19941	clean
rxn19942	salvaged
rxn19943	salvaged
rxn19945	clean
rxn19946	salvaged
rxn19947	salvaged
rxn19948	salvaged
rxn19949	clean
rxn19950	clean
rxn19951	clean
rxn19952	salvaged
rxn19953	clean
rxn19954	clean
rxn19955	clean
rxn19956	clean
rxn19957	clean
rxn19959	salvaged
rxn19960	salvaged
rxn19961	salvaged
rxn19970	clean
rxn19974	clean
rxn19976	clean
rxn19977	clean
rxn19978	salvaged
rxn19979	clean
rxn19982	clean
rxn19986	clean
rxn19990	clean
rxn19991	clean
rxn19992	salvaged
rxn19993	clean
rxn19994	clean
rxn19995	clean
rxn19997	clean
rxn19999	salvaged
rxn20000	clean
rxn20001	clean
rxn20002	clean
rxn20003	clean
rxn20004	clean
rxn20008	clean
rxn20009	clean
rxn20010	clean
rxn20013	clean
rxn20015	clean
rxn20016	clean
rxn20017	salvaged
rxn20018	clean
rxn20020	clean
rxn20022	salvaged
rxn20023	clean
rxn20024	clean
rxn20025	clean
rxn20027	salvaged
rxn20029	salvaged
rxn20032	clean
rxn20033	salvaged
rxn20035	clean
rxn20036	clean
rxn20037	clean
rxn20038	salvaged
rxn20039	clean
rxn20040	clean
rxn20041	clean
rxn20042	salvaged
rxn20043	salvaged
rxn20044	clean
rxn20045	salvaged
rxn20046	clean
rxn20048	clean
rxn20049	salvaged
rxn20052	clean
rxn20053	salvaged
rxn20054	salvaged
rxn20056	salvaged
rxn20057	salvaged
rxn20058	salvaged
rxn20059	clean
rxn20060	salvaged
rxn20063	salvaged
rxn20064	salvaged
rxn20066	clean
rxn20068	clean
rxn20069	clean
rxn20112	clean
rxn20158	clean
rxn20159	clean
rxn20160	clean
rxn20161	clean
rxn20162	clean
rxn20163	clean
rxn20164	clean
rxn20166	clean
rxn20167	clean
rxn20170	clean
rxn20171	salvaged
rxn20172	clean
rxn20173	clean
rxn20174	clean
rxn20175	clean
rxn20176	clean
rxn20177	clean
rxn20178	clean
rxn20179	clean
rxn20180	clean
rxn20181	clean
rxn20182	clean
rxn20183	salvaged
rxn20184	clean
rxn20187	clean
rxn20189	clean
rxn20190	clean
rxn20192	clean
rxn20194	salvaged
rxn20195	salvaged
rxn20196	clean
rxn20197	salvaged
rxn20198	clean
rxn20199	clean
rxn20202	clean
rxn20203	salvaged
rxn20204	clean
rxn20208	clean
rxn20209	clean
rxn20210	clean
rxn20212	salvaged
rxn20214	clean
rxn20216	clean
rxn20217	clean
rxn20218	salvaged
rxn20219	clean
rxn20220	clean
rxn20221	salvaged
rxn20222	clean
rxn20227	clean
rxn20228	clean
rxn20230	clean
rxn20232	clean
rxn20234	salvaged
rxn20235	salvaged
rxn20237	salvaged
rxn20238	clean
rxn20239	clean
rxn20240	clean
rxn20247	clean
rxn20249	clean
rxn20254	clean
rxn20262	clean
rxn20263	clean
rxn20264	salvaged
rxn20269	clean
rxn20272	clean
rxn20273	clean
rxn20274	clean
rxn20275	clean
rxn20277	salvaged
rxn20278	salvaged
rxn20279	salvaged
rxn20282	clean
rxn20283	clean
rxn20285	clean
rxn20286	clean
rxn20287	salvaged
rxn20290	clean
rxn20458	salvaged
rxn20459	salvaged
rxn20462	salvaged
rxn20463	salvaged
rxn20465	salvaged
rxn20466	salvaged
rxn20468	salvaged
rxn20471	clean
rxn20473	clean
rxn20474	clean
rxn20475	clean
rxn20476	clean
rxn20478	clean
rxn20479	clean
rxn20480	clean
rxn20481	clean
rxn20482	clean
rxn20490	clean
rxn20491	clean
rxn20493	clean
rxn20494	salvaged
rxn20495	clean
rxn20496	clean
rxn20497	salvaged
rxn20498	clean
rxn20499	clean
rxn20502	clean
rxn20503	clean
rxn20506	clean
rxn20508	clean
rxn20509	clean
rxn20511	salvaged
rxn20512	salvaged
rxn20519	clean
rxn20520	clean
rxn20521	clean
rxn20522	clean
rxn20523	clean
rxn20526	salvaged
rxn20527	clean
rxn20528	salvaged
rxn20529	salvaged
rxn20530	salvaged
rxn20533	clean
rxn20536	clean
rxn20537	salvaged
rxn20538	salvaged
rxn20539	salvaged
rxn20540	clean
rxn20541	clean
rxn20542	salvaged
rxn20543	salvaged
rxn20544	clean
rxn20546	salvaged
rxn20547	salvaged
rxn20551	salvaged
rxn20553	clean
rxn20555	salvaged
rxn20557	clean
rxn20559	salvaged
rxn20563	salvaged
rxn20565	clean
rxn20569	salvaged
rxn20570	salvaged
rxn20571	salvaged
rxn20572	clean
rxn20573	salvaged
rxn20574	salvaged
rxn20575	salvaged
rxn20576	clean
rxn20577	salvaged
rxn20578	salvaged
rxn20579	salvaged
rxn20580	salvaged
rxn20581	salvaged
rxn20583	clean
rxn20585	clean
rxn20590	salvaged
rxn20591	salvaged
rxn20592	clean
rxn20597	salvaged
rxn20599	clean
rxn20600	clean
rxn20602	salvaged
rxn20604	salvaged
rxn20605	clean
rxn20606	clean
rxn20607	clean
rxn20608	clean
rxn20609	salvaged
rxn20612	salvaged
rxn20616	salvaged
rxn20617	clean
rxn20618	clean
rxn20619	clean
rxn20622	salvaged
rxn20623	salvaged
rxn20624	salvaged
rxn20625	salvaged
rxn20627	salvaged
rxn20628	clean
rxn20629	clean
rxn20630	clean
rxn20636	salvaged
rxn20640	clean
rxn20642	salvaged
rxn20643	salvaged
rxn20644	salvaged
rxn20645	salvaged
rxn20646	clean
rxn20649	clean
rxn20650	clean
rxn20651	clean
rxn20655	salvaged
rxn20656	clean
rxn20657	clean
rxn20658	clean
rxn20659	clean
rxn20660	salvaged
rxn20661	clean
rxn20662	clean
rxn20663	clean
rxn20665	clean
rxn20666	clean
rxn20667	salvaged
rxn20668	salvaged
rxn20671	clean
rxn20672	clean
rxn20673	clean
rxn20674	clean
rxn20676	salvaged
rxn20678	salvaged
rxn20679	salvaged
rxn20680	salvaged
rxn20681	salvaged
rxn20684	clean
rxn20685	clean
rxn20687	clean
rxn20688	salvaged
rxn20690	salvaged
rxn20691	clean
rxn20692	clean
rxn20693	clean
rxn20694	salvaged
rxn20695	salvaged
rxn20696	salvaged
rxn20697	salvaged
rxn20698	clean
rxn20702	clean
rxn20705	salvaged
rxn20706	clean
rxn20707	clean
rxn20709	clean
rxn20713	clean
rxn20714	salvaged
rxn20717	clean
rxn20718	clean
rxn20719	salvaged
rxn20720	clean
rxn20721	clean
rxn20722	clean
rxn20725	clean
rxn20726	clean
rxn20727	clean
rxn20729	salvaged
rxn20731	salvaged
rxn20733	clean
rxn20734	clean
rxn20735	clean
rxn20736	clean
rxn20737	clean
rxn20738	clean
rxn20739	clean
rxn20740	clean
rxn20741	salvaged
rxn20742	clean
rxn20743	clean
rxn20744	salvaged
rxn20745	clean
rxn20754	clean
rxn20765	clean
rxn20766	clean
rxn20768	clean
rxn20769	salvaged
rxn20772	salvaged
rxn20774	clean
rxn20775	salvaged
rxn20776	salvaged
rxn20777	clean
rxn20778	clean
rxn20779	clean
rxn20782	clean
rxn20784	clean
rxn20785	clean
rxn20786	salvaged
rxn20787	clean
rxn20788	salvaged
rxn20789	salvaged
rxn20792	salvaged
rxn20795	salvaged
rxn20796	clean
rxn20797	salvaged
rxn20799	salvaged
rxn20800	clean
rxn20801	salvaged
rxn20802	clean
rxn20803	clean
rxn20804	clean
rxn20805	salvaged
rxn20806	clean
rxn20807	clean
rxn20808	clean
rxn20809	clean
rxn20810	clean
rxn20815	clean
rxn20817	clean
rxn20818	clean
rxn20819	clean
rxn20820	clean
rxn20821	salvaged
rxn20822	salvaged
rxn20823	salvaged
rxn20824	salvaged
rxn20825	clean
rxn20826	clean
rxn20828	clean
rxn20829	clean
rxn20830	salvaged
rxn20831	clean
rxn20833	clean
rxn20834	salvaged
rxn20835	clean
rxn20838	clean
rxn20839	clean
rxn20842	clean
rxn20843	clean
rxn20844	clean
rxn20845	clean
rxn20846	clean
rxn20847	clean
rxn20851	clean
rxn20852	clean
rxn20853	clean
rxn20854	salvaged
rxn20855	salvaged
rxn20856	clean
rxn20857	clean
rxn20858	clean
rxn20859	clean
rxn20860	clean
rxn20861	clean
rxn20868	salvaged
rxn20869	salvaged
rxn20870	salvaged
rxn20871	clean
rxn20872	clean
rxn20873	clean
rxn20874	clean
rxn20875	clean
rxn20876	clean
rxn20877	clean
rxn20878	clean
rxn20879	salvaged
rxn20880	clean
rxn20881	clean
rxn20882	salvaged
rxn20886	clean
rxn20887	clean
rxn20888	salvaged
rxn20890	salvaged
rxn20891	clean
rxn20892	salvaged
rxn20893	clean
rxn20894	clean
rxn20897	clean
rxn20898	clean
rxn20899	clean
rxn20900	clean
rxn20902	clean
rxn20903	salvaged
rxn20905	clean
rxn20906	salvaged
rxn20907	salvaged
rxn20909	salvaged
rxn20910	salvaged
rxn20911	salvaged
rxn20912	salvaged
rxn20913	salvaged
rxn20914	salvaged
rxn20915	clean
rxn20916	clean
rxn20917	clean
rxn20918	clean
rxn20919	clean
rxn20920	clean
rxn20921	clean
rxn20923	clean
rxn20924	clean
rxn20925	clean
rxn20926	clean
rxn20927	clean
rxn20928	salvaged
rxn20929	clean
rxn20930	salvaged
rxn20931	salvaged
rxn20932	salvaged
rxn20933	clean
rxn20936	clean
rxn20938	clean
rxn20939	clean
rxn20940	salvaged
rxn20942	salvaged
rxn20943	salvaged
rxn20945	clean
rxn20946	clean
rxn20947	clean
rxn20952	clean
rxn20953	clean
rxn20955	clean
rxn20956	clean
rxn20957	clean
rxn20958	clean
rxn20964	salvaged
rxn20966	salvaged
rxn20967	clean
rxn20970	salvaged
rxn20972	salvaged
rxn20973	salvaged
rxn20974	clean
rxn20975	clean
rxn20976	clean
rxn20977	clean
rxn20978	clean
rxn20979	clean
rxn20980	clean
rxn20981	clean
rxn20982	clean
rxn20985	clean
rxn20986	clean
rxn20987	clean
rxn20988	clean
rxn20989	clean
rxn20990	clean
rxn20991	salvaged
rxn20992	salvaged
rxn20993	clean
rxn20994	salvaged
rxn20995	salvaged
rxn20996	salvaged
rxn20998	clean
rxn20999	clean
rxn21000	clean
rxn21001	clean
rxn21002	clean
rxn21003	clean
rxn21004	clean
rxn21005	clean
rxn21006	clean
rxn21007	clean
rxn21009	clean
rxn21013	clean
rxn21015	clean
rxn21016	clean
rxn21018	clean
rxn21019	clean
rxn21022	clean
rxn21023	clean
rxn21024	clean
rxn21026	clean
rxn21028	clean
rxn21030	clean
rxn21032	salvaged
rxn21033	clean
rxn21034	salvaged
rxn21035	salvaged
rxn21036	salvaged
rxn21037	salvaged
rxn21039	salvaged
rxn21040	salvaged
rxn21042	clean
rxn21043	clean
rxn21045	clean
rxn21054	salvaged
rxn21055	salvaged
rxn21057	salvaged
rxn21058	salvaged
rxn21059	salvaged
rxn21060	salvaged
rxn21061	salvaged
rxn21062	salvaged
rxn21064	salvaged
rxn21065	salvaged
rxn21066	salvaged
rxn21067	salvaged
rxn21068	salvaged
rxn21069	salvaged
rxn21070	salvaged
rxn21071	salvaged
rxn21072	salvaged
rxn21073	salvaged
rxn21074	clean
rxn21075	clean
rxn21076	clean
rxn21077	salvaged
rxn21079	clean
rxn21080	clean
rxn21081	salvaged
rxn21085	clean
rxn21086	salvaged
rxn21087	clean
rxn21088	salvaged
rxn21089	salvaged
rxn21090	salvaged
rxn21091	salvaged
rxn21092	clean
rxn21093	clean
rxn21095	clean
rxn21096	clean
rxn21099	salvaged
rxn21101	salvaged
rxn21102	clean
rxn21103	clean
rxn21104	clean
rxn21105	clean
rxn21106	salvaged
rxn21107	clean
rxn21108	clean
rxn21109	clean
rxn21111	clean
rxn21112	clean
rxn21113	clean
rxn21114	clean
rxn21115	clean
rxn21116	clean
rxn21117	clean
rxn21118	clean
rxn21119	clean
rxn21120	clean
rxn21122	clean
rxn21123	clean
rxn21124	clean
rxn21128	salvaged
rxn21129	salvaged
rxn21131	salvaged
rxn21132	clean
rxn21133	clean
rxn21137	clean
rxn21140	clean
rxn21141	clean
rxn21142	clean
rxn21143	clean
rxn21144	salvaged
rxn21145	salvaged
rxn21149	salvaged
rxn21151	salvaged
rxn21152	clean
rxn21153	clean
rxn21154	salvaged
rxn21155	salvaged
rxn21156	clean
rxn21157	clean
rxn21158	salvaged
rxn21161	clean
rxn21162	clean
rxn21163	clean
rxn21164	salvaged
rxn21165	clean
rxn21167	salvaged
rxn21168	clean
rxn21169	clean
rxn21170	clean
rxn21171	salvaged
rxn21172	clean
rxn21173	salvaged
rxn21174	salvaged
rxn21175	salvaged
rxn21176	salvaged
rxn21177	salvaged
rxn21178	clean
rxn21179	salvaged
rxn21180	clean
rxn21189	clean
rxn21190	salvaged
rxn21191	salvaged
rxn21192	salvaged
rxn21194	salvaged
rxn21195	clean
rxn21198	salvaged
rxn21201	clean
rxn21202	clean
rxn21203	clean
rxn21204	clean
rxn21205	clean
rxn21206	clean
rxn21207	clean
rxn21208	clean
rxn21209	salvaged
rxn21210	clean
rxn21211	clean
rxn21213	clean
rxn21215	clean
rxn21217	clean
rxn21218	clean
rxn21219	clean
rxn21220	salvaged
rxn21221	clean
rxn21222	clean
rxn21223	clean
rxn21224	salvaged
rxn21226	clean
rxn21227	clean
rxn21228	clean
rxn21229	clean
rxn21230	clean
rxn21231	clean
rxn21232	clean
rxn21233	clean
rxn21234	salvaged
rxn21235	salvaged
rxn21236	salvaged
rxn21237	salvaged
rxn21238	salvaged
rxn21239	clean
rxn21240	clean
rxn21241	clean
rxn21242	clean
rxn21243	clean
rxn21244	clean
rxn21245	clean
rxn21246	clean
rxn21247	clean
rxn21248	clean
rxn21249	clean
rxn21250	salvaged
rxn21251	clean
rxn21253	clean
rxn21254	clean
rxn21255	clean
rxn21256	clean
rxn21257	clean
rxn21260	salvaged
rxn21261	clean
rxn21262	salvaged
rxn21263	salvaged
rxn21264	salvaged
rxn21265	salvaged
rxn21266	clean
rxn21268	clean
rxn21269	clean
rxn21270	clean
rxn21271	clean
rxn21272	clean
rxn21273	clean
rxn21274	clean
rxn21275	clean
rxn21276	clean
rxn21277	clean
rxn21278	clean
rxn21279	clean
rxn21280	clean
rxn21282	clean
rxn21283	clean
rxn21284	clean
rxn21285	clean
rxn21286	clean
rxn21287	salvaged
rxn21289	salvaged
rxn21291	salvaged
rxn21292	salvaged
rxn21294	salvaged
rxn21295	clean
rxn21296	salvaged
rxn21297	salvaged
rxn21298	clean
rxn21299	salvaged
rxn21300	clean
rxn21301	clean
rxn21303	clean
rxn21306	salvaged
rxn21307	salvaged
rxn21308	salvaged
rxn21309	clean
rxn21311	salvaged
rxn21312	clean
rxn21313	clean
rxn21314	salvaged
rxn21315	salvaged
rxn21316	clean
rxn21317	clean
rxn21319	clean
rxn21320	clean
rxn21321	clean
rxn21322	salvaged
rxn21323	clean
rxn21324	clean
rxn21325	clean
rxn21328	clean
rxn21329	clean
rxn21330	clean
rxn21339	salvaged
rxn21340	salvaged
rxn21343	salvaged
rxn21344	salvaged
rxn21345	clean
rxn21346	clean
rxn21347	clean
rxn21348	clean
rxn21349	clean
rxn21353	clean
rxn21354	salvaged
rxn21355	salvaged
rxn21356	clean
rxn21357	clean
rxn21359	clean
rxn21360	clean
rxn21361	clean
rxn21362	clean
rxn21367	clean
rxn21368	clean
rxn21371	clean
rxn21372	clean
rxn21373	clean
rxn21374	clean
rxn21375	clean
rxn21378	clean
rxn21379	clean
rxn21380	clean
rxn21381	clean
rxn21384	clean
rxn21389	clean
rxn21390	clean
rxn21391	clean
rxn21392	clean
rxn21401	clean
rxn21402	clean
rxn21403	salvaged
rxn21404	clean
rxn21406	clean
rxn21407	clean
rxn21408	clean
rxn21409	salvaged
rxn21410	salvaged
rxn21413	clean
rxn21414	salvaged
rxn21415	salvaged
rxn21416	salvaged
rxn21418	clean
rxn21419	clean
rxn21420	salvaged
rxn21421	salvaged
rxn21422	clean
rxn21426	salvaged
rxn21429	clean
rxn21436	salvaged
rxn21438	clean
rxn21457	clean
rxn21458	clean
rxn21459	clean
rxn21463	clean
rxn21464	salvaged
rxn21465	salvaged
rxn21466	salvaged
rxn21467	clean
rxn21468	clean
rxn21471	clean
rxn21477	clean
rxn21478	clean
rxn21490	clean
rxn21491	clean
rxn21492	clean
rxn21493	salvaged
rxn21494	clean
rxn21495	salvaged
rxn21496	salvaged
rxn21497	clean
rxn21498	clean
rxn21499	clean
rxn21500	clean
rxn21501	clean
rxn21502	salvaged
rxn21503	clean
rxn21504	clean
rxn21505	salvaged
rxn21506	clean
rxn21507	clean
rxn21509	salvaged
rxn21537	salvaged
rxn21566	salvaged
rxn21570	salvaged
rxn21571	clean
rxn21572	clean
rxn21573	clean
rxn21574	clean
rxn21575	salvaged
rxn21576	clean
rxn21577	salvaged
rxn21578	salvaged
rxn21580	salvaged
rxn21581	clean
rxn21582	salvaged
rxn21583	salvaged
rxn21584	salvaged
rxn21586	clean
rxn21588	clean
rxn21589	clean
rxn21590	clean
rxn21591	clean
rxn21592	clean
rxn21593	clean
rxn21594	clean
rxn21595	clean
rxn21596	clean
rxn21597	salvaged
rxn21598	clean
rxn21599	clean
rxn21600	salvaged
rxn21601	salvaged
rxn21602	salvaged
rxn21603	clean
rxn21604	clean
rxn21605	clean
rxn21606	clean
rxn21608	clean
rxn21609	clean
rxn21610	clean
rxn21611	salvaged
rxn21613	clean
rxn21620	clean
rxn21622	clean
rxn21623	salvaged
rxn21624	salvaged
rxn21626	salvaged
rxn21627	clean
rxn21630	salvaged
rxn21635	clean
rxn21636	clean
rxn21637	clean
rxn21639	clean
rxn21640	salvaged
rxn21648	salvaged
rxn21649	salvaged
rxn21654	clean
rxn21656	clean
rxn21657	clean
rxn21658	salvaged
rxn21665	clean
rxn21668	clean
rxn21697	clean
rxn21726	clean
rxn21727	clean
rxn21728	clean
rxn21730	clean
rxn21731	clean
rxn21732	salvaged
rxn21733	clean
rxn21734	salvaged
rxn21737	salvaged
rxn21738	salvaged
rxn21739	salvaged
rxn21743	salvaged
rxn21744	clean
rxn21747	salvaged
rxn21749	clean
rxn21750	clean
rxn21751	clean
rxn21752	clean
rxn21753	clean
rxn21756	clean
rxn21759	clean
rxn21763	clean
rxn21774	clean
rxn21775	clean
rxn21776	clean
rxn21777	clean
rxn21778	clean
rxn21779	clean
rxn21780	clean
rxn21781	salvaged
rxn21782	salvaged
rxn21783	clean
rxn21785	clean
rxn21786	clean
rxn21787	clean
rxn21788	salvaged
rxn21790	clean
rxn21791	clean
rxn21792	salvaged
rxn21793	salvaged
rxn21794	salvaged
rxn21795	salvaged
rxn21796	salvaged
rxn21797	salvaged
rxn21798	salvaged
rxn21799	salvaged
rxn21800	salvaged
rxn21801	salvaged
rxn21802	salvaged
rxn21803	salvaged
rxn21804	salvaged
rxn21805	salvaged
rxn21806	salvaged
rxn21807	salvaged
rxn21808	clean
rxn21809	salvaged
rxn21810	salvaged
rxn21811	salvaged
rxn21812	salvaged
rxn21813	salvaged
rxn21814	salvaged
rxn21815	salvaged
rxn21816	salvaged
rxn21817	clean
rxn21818	clean
rxn21819	clean
rxn21820	clean
rxn21821	clean
rxn21822	clean
rxn21823	clean
rxn21824	clean
rxn21825	clean
rxn21826	clean
rxn21827	clean
rxn21828	clean
rxn21829	clean
rxn21830	clean
rxn21831	clean
rxn21832	clean
rxn21833	clean
rxn21835	clean
rxn21836	clean
rxn21837	clean
rxn21838	clean
rxn21839	clean
rxn21840	clean
rxn21842	clean
rxn21843	clean
rxn21845	clean
rxn21846	clean
rxn21847	clean
rxn21848	clean
rxn21850	clean
rxn21851	salvaged
rxn21852	clean
rxn21853	clean
rxn21854	clean
rxn21855	clean
rxn21857	clean
rxn21859	clean
rxn21861	clean
rxn21865	clean
rxn21866	clean
rxn21867	clean
rxn21868	clean
rxn21869	clean
rxn21870	clean
rxn21871	clean
rxn21872	clean
rxn21891	clean
rxn21892	clean
rxn21893	clean
rxn21894	clean
rxn21895	clean
rxn21897	clean
rxn21900	clean
rxn21902	clean
rxn21903	clean
rxn21911	clean
rxn21912	clean
rxn21913	salvaged
rxn21914	clean
rxn21915	clean
rxn21917	clean
rxn21918	clean
rxn21919	clean
rxn21920	clean
rxn21923	salvaged
rxn21925	salvaged
rxn21927	salvaged
rxn21929	clean
rxn21930	salvaged
rxn21931	salvaged
rxn21933	clean
rxn21934	salvaged
rxn21936	clean
rxn21939	salvaged
rxn21941	salvaged
rxn21942	salvaged
rxn21943	salvaged
rxn21944	salvaged
rxn21945	salvaged
rxn21946	salvaged
rxn21947	salvaged
rxn21948	salvaged
rxn21949	salvaged
rxn21950	salvaged
rxn21951	salvaged
rxn21952	salvaged
rxn21953	salvaged
rxn21954	salvaged
rxn21955	salvaged
rxn21956	salvaged
rxn21957	salvaged
rxn21958	salvaged
rxn21959	salvaged
rxn21960	salvaged
rxn21961	salvaged
rxn21963	salvaged
rxn21964	salvaged
rxn21965	salvaged
rxn21966	salvaged
rxn21967	salvaged
rxn21969	salvaged
rxn21970	clean
rxn21971	salvaged
rxn21972	salvaged
rxn21973	salvaged
rxn21974	salvaged
rxn21975	salvaged
rxn21976	salvaged
rxn21977	salvaged
rxn21978	salvaged
rxn21979	salvaged
rxn21980	salvaged
rxn21981	salvaged
rxn21982	salvaged
rxn21983	salvaged
rxn21984	salvaged
rxn21986	clean
rxn21987	clean
rxn21988	salvaged
rxn21989	clean
rxn21990	clean
rxn22000	salvaged
rxn22001	clean
rxn22002	salvaged
rxn22003	clean
rxn22004	clean
rxn22006	salvaged
rxn22007	salvaged
rxn22008	salvaged
rxn22009	salvaged
rxn22010	salvaged
rxn22011	salvaged
rxn22012	salvaged
rxn22013	clean
rxn22014	clean
rxn22015	clean
rxn22016	salvaged
rxn22017	salvaged
rxn22020	clean
rxn22021	clean
rxn22022	clean
rxn22024	salvaged
rxn22025	salvaged
rxn22026	clean
rxn22028	clean
rxn22030	clean
rxn22033	clean
rxn22034	salvaged
rxn22035	salvaged
rxn22036	clean
rxn22037	clean
rxn22038	clean
rxn22039	salvaged
rxn22040	clean
rxn22041	clean
rxn22043	clean
rxn22044	clean
rxn22050	salvaged
rxn22051	clean
rxn22052	clean
rxn22061	salvaged
rxn22062	clean
rxn22066	clean
rxn22068	clean
rxn22069	clean
rxn22070	clean
rxn22071	clean
rxn22072	clean
rxn22073	clean
rxn22074	clean
rxn22075	salvaged
rxn22076	clean
rxn22077	salvaged
rxn22079	clean
rxn22081	salvaged
rxn22082	salvaged
rxn22083	clean
rxn22084	clean
rxn22087	clean
rxn22090	clean
rxn22091	clean
rxn22092	clean
rxn22093	clean
rxn22094	clean
rxn22095	clean
rxn22096	clean
rxn22098	clean
rxn22099	clean
rxn22100	clean
rxn22102	clean
rxn22103	clean
rxn22104	clean
rxn22105	clean
rxn22106	clean
rxn22107	salvaged
rxn22108	clean
rxn22109	clean
rxn22110	clean
rxn22111	clean
rxn22112	salvaged
rxn22113	salvaged
rxn22114	clean
rxn22115	clean
rxn22116	clean
rxn22117	clean
rxn22118	salvaged
rxn22119	clean
rxn22120	clean
rxn22121	salvaged
rxn22123	salvaged
rxn22125	clean
rxn22126	clean
rxn22127	clean
rxn22128	clean
rxn22129	clean
rxn22130	clean
rxn22131	clean
rxn22132	clean
rxn22133	clean
rxn22135	clean
rxn22136	clean
rxn22137	salvaged
rxn22138	clean
rxn22140	clean
rxn22142	clean
rxn22143	clean
rxn22145	salvaged
rxn22149	salvaged
rxn22150	clean
rxn22151	clean
rxn22152	clean
rxn22154	clean
rxn22156	salvaged
rxn22164	salvaged
rxn22165	salvaged
rxn22166	salvaged
rxn22170	salvaged
rxn22171	salvaged
rxn22172	clean
rxn22184	salvaged
rxn22185	salvaged
rxn22186	salvaged
rxn22187	clean
rxn22189	clean
rxn22190	clean
rxn22191	clean
rxn22192	clean
rxn22194	salvaged
rxn22195	salvaged
rxn22196	salvaged
rxn22197	salvaged
rxn22198	salvaged
rxn22199	salvaged
rxn22200	salvaged
rxn22201	salvaged
rxn22202	salvaged
rxn22204	salvaged
rxn22205	salvaged
rxn22207	clean
rxn22208	clean
rxn22209	clean
rxn22210	clean
rxn22211	clean
rxn22212	salvaged
rxn22214	salvaged
rxn22215	salvaged
rxn22217	salvaged
rxn22219	clean
rxn22220	salvaged
rxn22221	clean
rxn22223	salvaged
rxn22224	clean
rxn22225	clean
rxn22228	salvaged
rxn22230	clean
rxn22236	clean
rxn22237	clean
rxn22238	clean
rxn22239	salvaged
rxn22240	clean
rxn22241	clean
rxn22242	clean
rxn22243	clean
rxn22244	salvaged
rxn22245	clean
rxn22246	clean
rxn22247	clean
rxn22248	clean
rxn22249	salvaged
rxn22250	salvaged
rxn22256	clean
rxn22257	clean
rxn22269	clean
rxn22270	clean
rxn22272	salvaged
rxn22279	clean
rxn22280	clean
rxn22281	clean
rxn22282	clean
rxn22285	clean
rxn22287	clean
rxn22288	clean
rxn22291	clean
rxn22292	clean
rxn22293	clean
rxn22297	clean
rxn22299	clean
rxn22300	salvaged
rxn22301	salvaged
rxn22304	clean
rxn22305	salvaged
rxn22306	salvaged
rxn22307	salvaged
rxn22308	salvaged
rxn22309	clean
rxn22311	salvaged
rxn22312	clean
rxn22313	salvaged
rxn22314	salvaged
rxn22315	clean
rxn22316	clean
rxn22318	salvaged
rxn22319	salvaged
rxn22320	clean
rxn22321	clean
rxn22322	clean
rxn22323	clean
rxn22324	clean
rxn22339	clean
rxn22340	clean
rxn22341	clean
rxn22342	clean
rxn22343	clean
rxn22364	clean
rxn22365	clean
rxn22366	salvaged
rxn22367	clean
rxn22369	clean
rxn22370	clean
rxn22371	clean
rxn22372	clean
rxn22373	clean
rxn22375	salvaged
rxn22376	clean
rxn22377	clean
rxn22381	clean
rxn22384	clean
rxn22385	clean
rxn22386	clean
rxn22389	clean
rxn22391	clean
rxn22393	clean
rxn22394	clean
rxn22395	clean
rxn22396	salvaged
rxn22397	salvaged
rxn22398	salvaged
rxn22400	clean
rxn22401	salvaged
rxn22404	clean
rxn22405	clean
rxn22406	clean
rxn22407	clean
rxn22408	clean
rxn22410	clean
rxn22412	clean
rxn22414	clean
rxn22416	salvaged
rxn22418	clean
rxn22420	clean
rxn22422	salvaged
rxn22424	salvaged
rxn22435	salvaged
rxn22446	clean
rxn22447	clean
rxn22448	clean
rxn22449	clean
rxn22450	clean
rxn22451	clean
rxn22452	clean
rxn22453	clean
rxn22454	clean
rxn22455	clean
rxn22456	clean
rxn22457	clean
rxn22458	clean
rxn22459	clean
rxn22460	clean
rxn22461	clean
rxn22462	clean
rxn22463	clean
rxn22464	clean
rxn22465	salvaged
rxn22466	salvaged
rxn22467	clean
rxn22468	clean
rxn22469	clean
rxn22470	clean
rxn22471	clean
rxn22472	clean
rxn22473	clean
rxn22474	clean
rxn22475	clean
rxn22476	clean
rxn22477	clean
rxn22478	clean
rxn22479	clean
rxn22480	salvaged
rxn22481	clean
rxn22482	clean
rxn22483	clean
rxn22484	clean
rxn22485	salvaged
rxn22486	clean
rxn22497	clean
rxn22501	clean
rxn22502	salvaged
rxn22504	clean
rxn22505	clean
rxn22508	clean
rxn22509	salvaged
rxn22511	salvaged
rxn22514	clean
rxn22517	salvaged
rxn22518	clean
rxn22520	salvaged
rxn22523	salvaged
rxn22528	salvaged
rxn22529	salvaged
rxn22530	clean
rxn22531	clean
rxn22532	clean
rxn22533	clean
rxn22534	clean
rxn22536	salvaged
rxn22537	clean
rxn22634	salvaged
rxn22635	salvaged
rxn22636	salvaged
rxn22637	clean
rxn22639	clean
rxn22641	clean
rxn22642	clean
rxn22643	clean
rxn22644	clean
rxn22645	clean
rxn22646	clean
rxn22647	clean
rxn22648	clean
rxn22649	salvaged
rxn22650	salvaged
rxn22651	clean
rxn22652	clean
rxn22681	clean
rxn22683	clean
rxn22685	clean
rxn22687	salvaged
rxn22688	clean
rxn22690	clean
rxn22691	clean
rxn22692	clean
rxn22694	clean
rxn22695	clean
rxn22696	clean
rxn22697	clean
rxn22698	clean
rxn22699	clean
rxn22700	clean
rxn22701	clean
rxn22702	clean
rxn22703	clean
rxn22704	clean
rxn22705	clean
rxn22706	clean
rxn22707	clean
rxn22708	salvaged
rxn22709	clean
rxn22711	clean
rxn22712	clean
rxn22714	salvaged
rxn22715	salvaged
rxn22717	clean
rxn22720	salvaged
rxn22721	salvaged
rxn22722	salvaged
rxn22724	clean
rxn22725	clean
rxn22728	clean
rxn22732	salvaged
rxn22734	salvaged
rxn22745	clean
rxn22746	clean
rxn22748	salvaged
rxn22750	clean
rxn22751	clean
rxn22752	clean
rxn22753	clean
rxn22755	clean
rxn22756	clean
rxn22757	clean
rxn22758	clean
rxn22759	clean
rxn22760	clean
rxn22761	clean
rxn22762	clean
rxn22764	clean
rxn22765	clean
rxn22767	clean
rxn22768	salvaged
rxn22769	salvaged
rxn22770	salvaged
rxn22771	clean
rxn22772	clean
rxn22773	salvaged
rxn22774	salvaged
rxn22777	clean
rxn22778	clean
rxn22779	clean
rxn22780	clean
rxn22781	clean
rxn22782	clean
rxn22783	clean
rxn22784	clean
rxn22787	salvaged
rxn22791	clean
rxn22792	salvaged
rxn22793	salvaged
rxn22794	salvaged
rxn22796	clean
rxn22798	clean
rxn22806	clean
rxn22815	clean
rxn22816	clean
rxn22817	clean
rxn22818	salvaged
rxn22822	clean
rxn22823	clean
rxn22826	clean
rxn22827	clean
rxn22828	salvaged
rxn22829	salvaged
rxn22830	clean
rxn22831	salvaged
rxn22832	salvaged
rxn22833	salvaged
rxn22834	salvaged
rxn22835	salvaged
rxn22836	salvaged
rxn22837	salvaged
rxn22838	salvaged
rxn22839	salvaged
rxn22840	salvaged
rxn22843	salvaged
rxn22844	clean
rxn22845	clean
rxn22846	clean
rxn22847	clean
rxn22848	clean
rxn22849	clean
rxn22850	clean
rxn22851	clean
rxn22852	clean
rxn22853	clean
rxn22854	clean
rxn22855	clean
rxn22856	clean
rxn22857	clean
rxn22858	salvaged
rxn22859	salvaged
rxn22860	salvaged
rxn22861	salvaged
rxn22862	clean
rxn22863	clean
rxn22864	clean
rxn22865	clean
rxn22870	clean
rxn22871	clean
rxn22873	clean
rxn22874	clean
rxn22875	clean
rxn22886	salvaged
rxn22887	clean
rxn22892	clean
rxn22893	clean
rxn22894	clean
rxn22895	clean
rxn22896	clean
rxn22897	clean
rxn22903	clean
rxn22904	clean
rxn22905	salvaged
rxn22907	clean
rxn22908	clean
rxn22910	clean
rxn22911	clean
rxn22912	clean
rxn22913	salvaged
rxn22914	clean
rxn22915	clean
rxn22916	clean
rxn22921	salvaged
rxn22922	salvaged
rxn22923	salvaged
rxn22924	salvaged
rxn22925	salvaged
rxn22926	salvaged
rxn22927	salvaged
rxn22928	salvaged
rxn22929	salvaged
rxn22930	salvaged
rxn22931	salvaged
rxn22932	salvaged
rxn22933	salvaged
rxn22937	salvaged
rxn22938	salvaged
rxn22939	salvaged
rxn22940	salvaged
rxn22945	clean
rxn22946	clean
rxn22954	salvaged
rxn22955	salvaged
rxn22956	salvaged
rxn22957	salvaged
rxn22959	clean
rxn22960	salvaged
rxn22961	clean
rxn22962	clean
rxn22963	clean
rxn22964	clean
rxn22968	clean
rxn22969	salvaged
rxn22970	clean
rxn22972	clean
rxn22973	clean
rxn22974	clean
rxn22975	clean
rxn22976	salvaged
rxn22978	salvaged
rxn22981	salvaged
rxn22982	clean
rxn22983	salvaged
rxn22984	salvaged
rxn22985	clean
rxn22986	clean
rxn22987	clean
rxn22988	salvaged
rxn22992	salvaged
rxn22995	salvaged
rxn23000	clean
rxn23001	clean
rxn23002	clean
rxn23005	salvaged
rxn23006	clean
rxn23009	salvaged
rxn23010	clean
rxn23011	clean
rxn23012	salvaged
rxn23013	salvaged
rxn23014	clean
rxn23016	salvaged
rxn23019	clean
rxn23021	clean
rxn23023	salvaged
rxn23024	clean
rxn23025	salvaged
rxn23026	clean
rxn23029	clean
rxn23032	clean
rxn23033	clean
rxn23034	salvaged
rxn23036	clean
rxn23039	salvaged
rxn23040	salvaged
rxn23042	clean
rxn23043	clean
rxn23044	clean
rxn23045	clean
rxn23046	salvaged
rxn23048	clean
rxn23055	clean
rxn23056	clean
rxn23057	clean
rxn23058	clean
rxn23059	clean
rxn23060	clean
rxn23061	clean
rxn23062	clean
rxn23063	salvaged
rxn23064	clean
rxn23065	clean
rxn23066	salvaged
rxn23068	clean
rxn23069	clean
rxn23070	clean
rxn23071	clean
rxn23074	clean
rxn23075	clean
rxn23079	clean
rxn23081	clean
rxn23082	clean
rxn23083	clean
rxn23084	clean
rxn23085	clean
rxn23086	clean
rxn23087	clean
rxn23088	clean
rxn23089	clean
rxn23092	salvaged
rxn23093	salvaged
rxn23094	clean
rxn23095	clean
rxn23098	clean
rxn23099	clean
rxn23100	clean
rxn23101	clean
rxn23102	salvaged
rxn23103	salvaged
rxn23104	clean
rxn23105	clean
rxn23106	clean
rxn23108	clean
rxn23109	clean
rxn23110	clean
rxn23111	clean
rxn23113	clean
rxn23114	clean
rxn23116	salvaged
rxn23117	clean
rxn23120	clean
rxn23121	clean
rxn23122	clean
rxn23124	clean
rxn23125	clean
rxn23126	clean
rxn23128	salvaged
rxn23129	clean
rxn23131	clean
rxn23132	clean
rxn23134	clean
rxn23135	clean
rxn23136	salvaged
rxn23137	salvaged
rxn23139	salvaged
rxn23140	clean
rxn23142	clean
rxn23143	clean
rxn23147	clean
rxn23148	clean
rxn23149	salvaged
rxn23150	clean
rxn23152	clean
rxn23153	clean
rxn23154	clean
rxn23155	clean
rxn23156	clean
rxn23157	clean
rxn23159	clean
rxn23160	clean
rxn23161	salvaged
rxn23162	salvaged
rxn23163	clean
rxn23164	clean
rxn23167	salvaged
rxn23168	salvaged
rxn23170	salvaged
rxn23174	clean
rxn23176	salvaged
rxn23177	clean
rxn23178	clean
rxn23180	salvaged
rxn23181	clean
rxn23182	clean
rxn23183	clean
rxn23184	clean
rxn23185	clean
rxn23188	salvaged
rxn23191	salvaged
rxn23192	clean
rxn23196	clean
rxn23197	clean
rxn23198	clean
rxn23199	clean
rxn23200	clean
rxn23201	clean
rxn23202	salvaged
rxn23203	clean
rxn23204	clean
rxn23205	clean
rxn23206	clean
rxn23207	clean
rxn23208	salvaged
rxn23209	salvaged
rxn23210	clean
rxn23211	clean
rxn23212	salvaged
rxn23213	salvaged
rxn23215	clean
rxn23216	clean
rxn23217	clean
rxn23218	clean
rxn23219	clean
rxn23220	clean
rxn23221	clean
rxn23222	clean
rxn23223	clean
rxn23224	salvaged
rxn23226	clean
rxn23227	clean
rxn23228	clean
rxn23229	salvaged
rxn23230	salvaged
rxn23232	clean
rxn23233	salvaged
rxn23236	clean
rxn23237	clean
rxn23238	salvaged
rxn23241	salvaged
rxn23242	salvaged
rxn23243	clean
rxn23248	clean
rxn23249	clean
rxn23252	clean
rxn23254	salvaged
rxn23255	clean
rxn23256	clean
rxn23257	clean
rxn23258	salvaged
rxn23259	salvaged
rxn23260	clean
rxn23264	salvaged
rxn23266	clean
rxn23267	clean
rxn23268	clean
rxn23269	clean
rxn23270	clean
rxn23273	clean
rxn23275	clean
rxn23276	salvaged
rxn23277	clean
rxn23278	clean
rxn23279	salvaged
rxn23282	clean
rxn23285	clean
rxn23286	salvaged
rxn23287	clean
rxn23288	clean
rxn23289	clean
rxn23290	clean
rxn23291	clean
rxn23292	clean
rxn23294	clean
rxn23298	clean
rxn23299	clean
rxn23302	clean
rxn23303	clean
rxn23305	clean
rxn23306	clean
rxn23307	clean
rxn23310	clean
rxn23314	clean
rxn23318	clean
rxn23319	clean
rxn23320	clean
rxn23321	clean
rxn23322	clean
rxn23323	clean
rxn23324	clean
rxn23325	clean
rxn23326	clean
rxn23328	salvaged
rxn23329	clean
rxn23334	clean
rxn23338	clean
rxn23341	clean
rxn23342	clean
rxn23343	clean
rxn23344	clean
rxn23345	clean
rxn23346	clean
rxn23347	clean
rxn23348	clean
rxn23349	salvaged
rxn23350	clean
rxn23351	clean
rxn23352	salvaged
rxn23353	salvaged
rxn23354	clean
rxn23356	salvaged
rxn23357	salvaged
rxn23360	clean
rxn23361	clean
rxn23363	clean
rxn23365	clean
rxn23366	clean
rxn23367	clean
rxn23369	clean
rxn23371	clean
rxn23372	salvaged
rxn23374	clean
rxn23375	clean
rxn23376	clean
rxn23377	clean
rxn23378	salvaged
rxn23380	clean
rxn23381	clean
rxn23382	clean
rxn23383	clean
rxn23384	clean
rxn23385	clean
rxn23386	clean
rxn23388	clean
rxn23390	clean
rxn23391	clean
rxn23394	salvaged
rxn23395	salvaged
rxn23396	salvaged
rxn23397	salvaged
rxn23398	clean
rxn23399	clean
rxn23401	clean
rxn23402	salvaged
rxn23403	clean
rxn23405	clean
rxn23406	clean
rxn23407	clean
rxn23408	clean
rxn23409	clean
rxn23411	salvaged
rxn23413	clean
rxn23414	clean
rxn23415	clean
rxn23416	clean
rxn23417	clean
rxn23418	clean
rxn23419	clean
rxn23420	clean
rxn23421	salvaged
rxn23422	salvaged
rxn23423	clean
rxn23425	clean
rxn23426	clean
rxn23428	clean
rxn23430	clean
rxn23431	clean
rxn23433	clean
rxn23435	clean
rxn23436	clean
rxn23437	clean
rxn23438	clean
rxn23439	clean
rxn23440	clean
rxn23441	salvaged
rxn23442	salvaged
rxn23443	clean
rxn23444	salvaged
rxn23445	clean
rxn23446	clean
rxn23447	clean
rxn23448	clean
rxn23449	clean
rxn23451	clean
rxn23454	clean
rxn23455	clean
rxn23456	salvaged
rxn23457	salvaged
rxn23458	clean
rxn23461	clean
rxn23462	salvaged
rxn23463	salvaged
rxn23464	clean
rxn23465	clean
rxn23466	clean
rxn23467	clean
rxn23468	clean
rxn23469	clean
rxn23470	clean
rxn23471	clean
rxn23472	clean
rxn23473	salvaged
rxn23476	salvaged
rxn23477	salvaged
rxn23478	clean
rxn23479	clean
rxn23480	salvaged
rxn23481	salvaged
rxn23482	salvaged
rxn23483	salvaged
rxn23484	salvaged
rxn23485	clean
rxn23486	clean
rxn23488	clean
rxn23489	clean
rxn23490	clean
rxn23494	clean
rxn23495	clean
rxn23497	salvaged
rxn23500	clean
rxn23502	salvaged
rxn23503	salvaged
rxn23504	clean
rxn23507	clean
rxn23508	salvaged
rxn23509	clean
rxn23510	clean
rxn23511	clean
rxn23517	clean
rxn23518	clean
rxn23519	clean
rxn23520	salvaged
rxn23524	clean
rxn23525	salvaged
rxn23527	salvaged
rxn23528	salvaged
rxn23529	clean
rxn23530	clean
rxn23531	clean
rxn23534	clean
rxn23535	clean
rxn23536	clean
rxn23540	clean
rxn23541	clean
rxn23542	clean
rxn23543	clean
rxn23544	clean
rxn23545	clean
rxn23546	clean
rxn23548	clean
rxn23549	clean
rxn23550	clean
rxn23551	clean
rxn23552	clean
rxn23554	clean
rxn23555	clean
rxn23556	clean
rxn23557	clean
rxn23558	clean
rxn23560	clean
rxn23561	clean
rxn23562	clean
rxn23563	clean
rxn23564	clean
rxn23565	clean
rxn23566	clean
rxn23567	clean
rxn23568	clean
rxn23569	clean
rxn23570	clean
rxn23571	clean
rxn23572	clean
rxn23573	clean
rxn23574	clean
rxn23575	clean
rxn23576	salvaged
rxn23577	salvaged
rxn23578	clean
rxn23579	salvaged
rxn23580	salvaged
rxn23581	clean
rxn23582	clean
rxn23583	clean
rxn23584	clean
rxn23585	salvaged
rxn23586	salvaged
rxn23587	clean
rxn23589	clean
rxn23590	clean
rxn23591	salvaged
rxn23593	salvaged
rxn23595	clean
rxn23596	salvaged
rxn23597	salvaged
rxn23598	clean
rxn23599	clean
rxn23600	salvaged
rxn23601	clean
rxn23602	clean
rxn23603	clean
rxn23604	clean
rxn23606	clean
rxn23607	clean
rxn23608	clean
rxn23613	salvaged
rxn23621	clean
rxn23628	clean
rxn23629	clean
rxn23630	clean
rxn23635	salvaged
rxn23636	clean
rxn23638	clean
rxn23639	clean
rxn23640	salvaged
rxn23641	clean
rxn23642	clean
rxn23643	clean
rxn23644	clean
rxn23645	salvaged
rxn23646	clean
rxn23647	clean
rxn23648	clean
rxn23649	clean
rxn23650	clean
rxn23651	clean
rxn23652	clean
rxn23653	clean
rxn23654	salvaged
rxn23656	clean
rxn23657	salvaged
rxn23659	clean
rxn23660	clean
rxn23662	clean
rxn23664	clean
rxn23665	clean
rxn23667	clean
rxn23668	clean
rxn23669	salvaged
rxn23672	salvaged
rxn23677	clean
rxn23678	clean
rxn23679	clean
rxn23680	clean
rxn23681	clean
rxn23682	clean
rxn23683	clean
rxn23684	clean
rxn23685	clean
rxn23686	clean
rxn23687	clean
rxn23688	clean
rxn23689	clean
rxn23690	clean
rxn23691	clean
rxn23692	clean
rxn23694	clean
rxn23695	clean
rxn23696	clean
rxn23697	clean
rxn23698	clean
rxn23699	salvaged
rxn23700	clean
rxn23701	clean
rxn23702	clean
rxn23703	clean
rxn23704	clean
rxn23705	clean
rxn23706	clean
rxn23707	salvaged
rxn23708	salvaged
rxn23709	salvaged
rxn23710	clean
rxn23720	clean
rxn23722	clean
rxn23723	clean
rxn23724	clean
rxn23725	clean
rxn23726	clean
rxn23727	clean
rxn23728	clean
rxn23729	clean
rxn23730	clean
rxn23731	clean
rxn23732	clean
rxn23733	clean
rxn23734	clean
rxn23735	clean
rxn23736	clean
rxn23737	clean
rxn23738	clean
rxn23739	clean
rxn23740	clean
rxn23741	clean
rxn23745	salvaged
rxn23746	salvaged
rxn23749	clean
rxn23750	clean
rxn23751	clean
rxn23752	clean
rxn23754	clean
rxn23755	clean
rxn23757	clean
rxn23758	clean
rxn23759	clean
rxn23760	clean
rxn23761	clean
rxn23762	clean
rxn23763	clean
rxn23766	clean
rxn23767	salvaged
rxn23768	salvaged
rxn23769	salvaged
rxn23772	clean
rxn23773	clean
rxn23774	salvaged
rxn23775	salvaged
rxn23776	salvaged
rxn23777	clean
rxn23779	clean
rxn23781	clean
rxn23782	salvaged
rxn23783	clean
rxn23784	salvaged
rxn23785	clean
rxn23786	salvaged
rxn23787	clean
rxn23788	clean
rxn23789	clean
rxn23790	clean
rxn23791	clean
rxn23792	clean
rxn23793	clean
rxn23794	clean
rxn23795	clean
rxn23796	clean
rxn23797	clean
rxn23798	clean
rxn23799	clean
rxn23800	clean
rxn23801	clean
rxn23802	clean
rxn23803	clean
rxn23804	salvaged
rxn23805	clean
rxn23806	clean
rxn23807	salvaged
rxn23808	clean
rxn23809	clean
rxn23810	clean
rxn23811	clean
rxn23812	clean
rxn23813	clean
rxn23815	clean
rxn23816	clean
rxn23817	salvaged
rxn23818	salvaged
rxn23820	salvaged
rxn23824	salvaged
rxn23825	clean
rxn23827	clean
rxn23828	clean
rxn23829	clean
rxn23830	clean
rxn23831	clean
rxn23832	clean
rxn23833	clean
rxn23834	clean
rxn23835	clean
rxn23836	clean
rxn23837	clean
rxn23838	clean
rxn23839	clean
rxn23840	clean
rxn23841	salvaged
rxn23843	salvaged
rxn23844	clean
rxn23845	salvaged
rxn23846	salvaged
rxn23847	salvaged
rxn23848	clean
rxn23849	clean
rxn23850	clean
rxn23851	clean
rxn23853	clean
rxn23854	clean
rxn23855	clean
rxn23861	salvaged
rxn23862	salvaged
rxn23863	clean
rxn23864	salvaged
rxn23865	clean
rxn23866	salvaged
rxn23867	clean
rxn23868	salvaged
rxn23869	clean
rxn23870	clean
rxn23871	clean
rxn23872	salvaged
rxn23873	clean
rxn23874	clean
rxn23875	clean
rxn23876	clean
rxn23877	clean
rxn23878	clean
rxn23879	clean
rxn23880	clean
rxn23881	clean
rxn23882	clean
rxn23883	salvaged
rxn23885	clean
rxn23886	clean
rxn23887	salvaged
rxn23889	salvaged
rxn23892	salvaged
rxn23893	salvaged
rxn23897	clean
rxn23898	clean
rxn23899	salvaged
rxn23902	clean
rxn23903	clean
rxn23904	clean
rxn23905	clean
rxn23906	clean
rxn23907	clean
rxn23908	clean
rxn23909	clean
rxn23910	clean
rxn23911	clean
rxn23914	clean
rxn23918	clean
rxn23919	clean
rxn23921	clean
rxn23922	clean
rxn23923	clean
rxn23924	clean
rxn23925	clean
rxn23926	clean
rxn23927	clean
rxn23928	clean
rxn23929	salvaged
rxn23930	salvaged
rxn23931	clean
rxn23932	clean
rxn23934	clean
rxn23935	clean
rxn23936	clean
rxn23937	salvaged
rxn23938	clean
rxn23942	clean
rxn23946	clean
rxn23951	clean
rxn23952	clean
rxn23953	clean
rxn23954	clean
rxn23955	clean
rxn23957	clean
rxn23961	clean
rxn23962	clean
rxn23963	clean
rxn23964	clean
rxn23965	clean
rxn23966	clean
rxn23967	clean
rxn23968	clean
rxn23969	clean
rxn23970	clean
rxn23971	clean
rxn23972	clean
rxn23973	salvaged
rxn23974	clean
rxn23975	clean
rxn23976	clean
rxn23977	clean
rxn23978	clean
rxn23979	clean
rxn23980	clean
rxn23981	clean
rxn23983	clean
rxn23984	salvaged
rxn23985	clean
rxn23986	clean
rxn23987	salvaged
rxn23988	clean
rxn23989	salvaged
rxn23990	clean
rxn23991	clean
rxn23992	clean
rxn23993	clean
rxn23995	clean
rxn23996	clean
rxn23997	clean
rxn23998	clean
rxn23999	clean
rxn24000	clean
rxn24001	salvaged
rxn24002	clean
rxn24003	clean
rxn24004	clean
rxn24005	clean
rxn24006	salvaged
rxn24007	clean
rxn24008	salvaged
rxn24009	salvaged
rxn24010	clean
rxn24011	salvaged
rxn24012	clean
rxn24013	clean
rxn24014	clean
rxn24016	clean
rxn24017	clean
rxn24020	clean
rxn24021	clean
rxn24022	clean
rxn24023	clean
rxn24025	clean
rxn24027	clean
rxn24029	salvaged
rxn24030	salvaged
rxn24034	clean
rxn24036	clean
rxn24037	clean
rxn24039	clean
rxn24040	clean
rxn24041	clean
rxn24042	clean
rxn24043	clean
rxn24044	clean
rxn24045	clean
rxn24046	salvaged
rxn24047	clean
rxn24051	clean
rxn24053	clean
rxn24054	clean
rxn24055	clean
rxn24056	clean
rxn24057	clean
rxn24058	clean
rxn24059	clean
rxn24060	clean
rxn24062	salvaged
rxn24063	clean
rxn24065	clean
rxn24066	clean
rxn24067	clean
rxn24068	clean
rxn24071	clean
rxn24072	clean
rxn24073	clean
rxn24074	clean
rxn24075	clean
rxn24076	clean
rxn24078	clean
rxn24079	clean
rxn24081	clean
rxn24082	clean
rxn24083	clean
rxn24084	clean
rxn24102	clean
rxn24104	clean
rxn24105	clean
rxn24106	clean
rxn24107	clean
rxn24108	salvaged
rxn24109	salvaged
rxn24111	clean
rxn24112	clean
rxn24113	clean
rxn24114	salvaged
rxn24115	salvaged
rxn24116	clean
rxn24117	salvaged
rxn24118	clean
rxn24119	salvaged
rxn24120	salvaged
rxn24122	salvaged
rxn24123	clean
rxn24124	clean
rxn24125	salvaged
rxn24126	clean
rxn24130	clean
rxn24131	clean
rxn24132	clean
rxn24133	clean
rxn24134	salvaged
rxn24135	clean
rxn24136	clean
rxn24137	salvaged
rxn24138	clean
rxn24139	salvaged
rxn24140	clean
rxn24141	clean
rxn24142	salvaged
rxn24144	clean
rxn24145	clean
rxn24146	clean
rxn24148	salvaged
rxn24149	clean
rxn24150	clean
rxn24151	clean
rxn24152	clean
rxn24153	clean
rxn24155	clean
rxn24158	clean
rxn24159	clean
rxn24160	clean
rxn24161	clean
rxn24162	clean
rxn24163	clean
rxn24164	clean
rxn24165	salvaged
rxn24167	salvaged
rxn24170	salvaged
rxn24171	clean
rxn24173	clean
rxn24174	clean
rxn24175	clean
rxn24177	clean
rxn24178	clean
rxn24179	salvaged
rxn24180	salvaged
rxn24181	salvaged
rxn24182	salvaged
rxn24183	salvaged
rxn24184	salvaged
rxn24185	salvaged
rxn24186	clean
rxn24188	clean
rxn24190	clean
rxn24192	clean
rxn24194	salvaged
rxn24195	salvaged
rxn24196	clean
rxn24197	clean
rxn24198	clean
rxn24199	clean
rxn24200	clean
rxn24201	clean
rxn24202	clean
rxn24204	clean
rxn24207	clean
rxn24212	clean
rxn24214	clean
rxn24215	clean
rxn24216	clean
rxn24218	salvaged
rxn24223	clean
rxn24224	clean
rxn24225	salvaged
rxn24227	salvaged
rxn24228	salvaged
rxn24229	salvaged
rxn24230	clean
rxn24231	clean
rxn24232	clean
rxn24234	clean
rxn24236	clean
rxn24238	clean
rxn24240	clean
rxn24241	clean
rxn24242	clean
rxn24243	clean
rxn24244	salvaged
rxn24245	clean
rxn24248	clean
rxn24249	clean
rxn24251	clean
rxn24252	clean
rxn24253	clean
rxn24254	clean
rxn24255	clean
rxn24258	clean
rxn24259	clean
rxn24260	clean
rxn24261	clean
rxn24262	clean
rxn24263	clean
rxn24264	clean
rxn24265	clean
rxn24266	clean
rxn24267	clean
rxn24268	clean
rxn24269	clean
rxn24270	clean
rxn24271	clean
rxn24272	clean
rxn24273	clean
rxn24274	clean
rxn24275	clean
rxn24276	clean
rxn24277	clean
rxn24278	clean
rxn24279	clean
rxn24280	clean
rxn24281	clean
rxn24282	clean
rxn24283	clean
rxn24284	salvaged
rxn24285	clean
rxn24286	clean
rxn24287	salvaged
rxn24288	clean
rxn24289	clean
rxn24290	clean
rxn24291	clean
rxn24293	clean
rxn24294	clean
rxn24295	salvaged
rxn24296	clean
rxn24298	clean
rxn24300	clean
rxn24301	clean
rxn24302	clean
rxn24304	salvaged
rxn24305	clean
rxn24306	clean
rxn24308	clean
rxn24310	clean
rxn24311	clean
rxn24312	clean
rxn24313	clean
rxn24315	salvaged
rxn24316	salvaged
rxn24317	clean
rxn24318	clean
rxn24321	clean
rxn24322	clean
rxn24324	clean
rxn24325	clean
rxn24326	salvaged
rxn24327	clean
rxn24328	clean
rxn24329	clean
rxn24330	clean
rxn24332	clean
rxn24333	clean
rxn24336	clean
rxn24337	clean
rxn24338	clean
rxn24339	clean
rxn24340	clean
rxn24341	clean
rxn24342	clean
rxn24344	salvaged
rxn24345	salvaged
rxn24346	clean
rxn24348	clean
rxn24349	clean
rxn24350	clean
rxn24351	clean
rxn24352	clean
rxn24353	clean
rxn24354	clean
rxn24355	clean
rxn24356	clean
rxn24357	salvaged
rxn24358	salvaged
rxn24359	salvaged
rxn24360	salvaged
rxn24361	salvaged
rxn24362	salvaged
rxn24363	salvaged
rxn24367	salvaged
rxn24368	salvaged
rxn24369	salvaged
rxn24370	salvaged
rxn24373	salvaged
rxn24374	salvaged
rxn24375	clean
rxn24376	clean
rxn24377	clean
rxn24379	clean
rxn24380	clean
rxn24381	clean
rxn24382	clean
rxn24383	clean
rxn24384	clean
rxn24385	salvaged
rxn24388	clean
rxn24389	clean
rxn24391	clean
rxn24403	clean
rxn24404	clean
rxn24405	clean
rxn24406	clean
rxn24409	clean
rxn24410	clean
rxn24411	clean
rxn24412	clean
rxn24413	clean
rxn24414	clean
rxn24415	salvaged
rxn24416	salvaged
rxn24417	clean
rxn24419	salvaged
rxn24420	clean
rxn24421	clean
rxn24423	clean
rxn24424	clean
rxn24425	clean
rxn24427	clean
rxn24429	salvaged
rxn24430	salvaged
rxn24431	salvaged
rxn24433	clean
rxn24434	salvaged
rxn24435	clean
rxn24436	clean
rxn24437	clean
rxn24438	clean
rxn24439	salvaged
rxn24440	clean
rxn24441	salvaged
rxn24442	salvaged
rxn24443	salvaged
rxn24444	salvaged
rxn24451	salvaged
rxn24454	clean
rxn24455	clean
rxn24456	clean
rxn24457	clean
rxn24458	clean
rxn24459	clean
rxn24461	clean
rxn24462	clean
rxn24463	salvaged
rxn24464	clean
rxn24466	salvaged
rxn24467	salvaged
rxn24469	clean
rxn24470	clean
rxn24475	salvaged
rxn24476	salvaged
rxn24477	clean
rxn24478	clean
rxn24479	clean
rxn24480	clean
rxn24481	clean
rxn24482	salvaged
rxn24483	salvaged
rxn24484	clean
rxn24485	clean
rxn24487	salvaged
rxn24488	clean
rxn24489	clean
rxn24490	salvaged
rxn24493	clean
rxn24494	clean
rxn24495	salvaged
rxn24496	clean
rxn24497	clean
rxn24498	clean
rxn24499	clean
rxn24500	clean
rxn24501	clean
rxn24502	clean
rxn24503	clean
rxn24504	clean
rxn24505	clean
rxn24510	salvaged
rxn24511	salvaged
rxn24512	salvaged
rxn24513	salvaged
rxn24514	salvaged
rxn24516	clean
rxn24517	salvaged
rxn24520	salvaged
rxn24521	salvaged
rxn24522	clean
rxn24523	clean
rxn24528	salvaged
rxn24529	salvaged
rxn24530	salvaged
rxn24531	salvaged
rxn24537	clean
rxn24538	clean
rxn24539	salvaged
rxn24540	clean
rxn24541	clean
rxn24542	clean
rxn24543	clean
rxn24545	clean
rxn24546	clean
rxn24549	clean
rxn24551	salvaged
rxn24552	salvaged
rxn24556	salvaged
rxn24558	salvaged
rxn24559	clean
rxn24560	clean
rxn24561	clean
rxn24562	clean
rxn24563	salvaged
rxn24564	salvaged
rxn24568	clean
rxn24574	salvaged
rxn24576	clean
rxn24578	clean
rxn24579	clean
rxn24580	clean
rxn24581	clean
rxn24582	salvaged
rxn24583	clean
rxn24584	clean
rxn24585	clean
rxn24586	clean
rxn24591	salvaged
rxn24592	salvaged
rxn24593	clean
rxn24594	clean
rxn24595	salvaged
rxn24596	salvaged
rxn24598	salvaged
rxn24600	clean
rxn24602	clean
rxn24604	salvaged
rxn24605	clean
rxn24606	salvaged
rxn24607	salvaged
rxn24608	salvaged
rxn24609	salvaged
rxn24610	salvaged
rxn24611	salvaged
rxn24612	salvaged
rxn24613	salvaged
rxn24614	salvaged
rxn24616	salvaged
rxn24618	clean
rxn24619	clean
rxn24620	clean
rxn24621	clean
rxn24622	clean
rxn24623	clean
rxn24624	clean
rxn24625	clean
rxn24626	clean
rxn24627	clean
rxn24630	salvaged
rxn24631	clean
rxn24632	clean
rxn24633	clean
rxn24634	salvaged
rxn24636	clean
rxn24637	salvaged
rxn24638	salvaged
rxn24639	salvaged
rxn24640	salvaged
rxn24641	salvaged
rxn24642	salvaged
rxn24643	salvaged
rxn24647	salvaged
rxn24648	salvaged
rxn24649	salvaged
rxn24652	clean
rxn24653	clean
rxn24655	clean
rxn24656	clean
rxn24657	clean
rxn24658	salvaged
rxn24659	salvaged
rxn24660	salvaged
rxn24661	salvaged
rxn24662	salvaged
rxn24663	clean
rxn24664	clean
rxn24666	clean
rxn24667	salvaged
rxn24668	clean
rxn24675	clean
rxn24676	clean
rxn24677	clean
rxn24678	clean
rxn24679	clean
rxn24680	clean
rxn24681	clean
rxn24684	clean
rxn24685	clean
rxn24686	clean
rxn24687	clean
rxn24688	clean
rxn24689	salvaged
rxn24690	salvaged
rxn24701	salvaged
rxn24702	salvaged
rxn24703	salvaged
rxn24704	salvaged
rxn24705	clean
rxn24706	clean
rxn24707	clean
rxn24708	clean
rxn24709	salvaged
rxn24710	clean
rxn24713	salvaged
rxn24714	clean
rxn24715	salvaged
rxn24716	clean
rxn24717	clean
rxn24718	clean
rxn24719	salvaged
rxn24720	clean
rxn24723	clean
rxn24726	clean
rxn24727	clean
rxn24728	clean
rxn24729	clean
rxn24730	clean
rxn24731	clean
rxn24732	clean
rxn24733	clean
rxn24734	clean
rxn24735	clean
rxn24737	clean
rxn24738	clean
rxn24739	clean
rxn24740	clean
rxn24742	salvaged
rxn24744	clean
rxn24746	clean
rxn24747	clean
rxn24748	clean
rxn24749	clean
rxn24750	clean
rxn24752	clean
rxn24754	clean
rxn24755	clean
rxn24759	clean
rxn24760	clean
rxn24761	clean
rxn24762	clean
rxn24763	clean
rxn24764	clean
rxn24765	clean
rxn24766	clean
rxn24767	clean
rxn24768	clean
rxn24769	clean
rxn24770	clean
rxn24771	clean
rxn24772	clean
rxn24773	clean
rxn24774	clean
rxn24775	clean
rxn24776	clean
rxn24777	clean
rxn24778	clean
rxn24779	clean
rxn24780	clean
rxn24781	clean
rxn24782	clean
rxn24783	clean
rxn24784	clean
rxn24785	clean
rxn24786	clean
rxn24787	clean
rxn24788	clean
rxn24789	clean
rxn24790	clean
rxn24791	clean
rxn24792	clean
rxn24793	clean
rxn24794	clean
rxn24795	clean
rxn24796	clean
rxn24797	clean
rxn24798	clean
rxn24799	clean
rxn24800	clean
rxn24801	clean
rxn24802	clean
rxn24803	clean
rxn24804	clean
rxn24805	clean
rxn24806	clean
rxn24807	clean
rxn24808	clean
rxn24809	clean
rxn24810	clean
rxn24811	clean
rxn24812	clean
rxn24813	clean
rxn24814	clean
rxn24815	clean
rxn24816	clean
rxn24817	clean
rxn24818	clean
rxn24819	clean
rxn24820	clean
rxn24821	clean
rxn24822	clean
rxn24823	clean
rxn24824	salvaged
rxn24825	clean
rxn24826	clean
rxn24829	clean
rxn24840	salvaged
rxn24841	salvaged
rxn24844	salvaged
rxn24845	clean
rxn24846	clean
rxn24849	clean
rxn24851	clean
rxn24852	salvaged
rxn24853	salvaged
rxn24856	clean
rxn24857	clean
rxn24858	clean
rxn24859	clean
rxn24860	clean
rxn24861	clean
rxn24862	clean
rxn24863	clean
rxn24864	clean
rxn24865	clean
rxn24866	clean
rxn24867	clean
rxn24868	clean
rxn24869	clean
rxn24870	clean
rxn24871	clean
rxn24872	clean
rxn24873	clean
rxn24875	clean
rxn24876	clean
rxn24877	clean
rxn24879	clean
rxn24881	clean
rxn24889	clean
rxn24890	salvaged
rxn24891	salvaged
rxn24892	salvaged
rxn24893	salvaged
rxn24894	clean
rxn24895	clean
rxn24896	clean
rxn24899	clean
rxn24900	salvaged
rxn24902	clean
rxn24905	clean
rxn24906	clean
rxn24907	clean
rxn24908	clean
rxn24909	clean
rxn24910	clean
rxn24911	clean
rxn24912	clean
rxn24913	clean
rxn24914	clean
rxn24915	clean
rxn24916	clean
rxn24917	clean
rxn24918	clean
rxn24919	clean
rxn24920	clean
rxn24921	clean
rxn24922	salvaged
rxn24924	clean
rxn24925	salvaged
rxn24928	clean
rxn24930	salvaged
rxn24931	clean
rxn24932	salvaged
rxn24934	salvaged
rxn24935	salvaged
rxn24936	salvaged
rxn24938	salvaged
rxn24939	salvaged
rxn24940	clean
rxn24941	clean
rxn24942	clean
rxn24943	clean
rxn24945	clean
rxn24946	clean
rxn24948	clean
rxn24949	clean
rxn24951	clean
rxn24952	clean
rxn24954	clean
rxn24956	clean
rxn24957	clean
rxn24958	clean
rxn24959	clean
rxn24960	salvaged
rxn24961	clean
rxn24962	clean
rxn24963	clean
rxn24964	clean
rxn24965	clean
rxn24966	clean
rxn24967	clean
rxn24968	clean
rxn24969	clean
rxn24971	clean
rxn24972	clean
rxn24973	clean
rxn24974	clean
rxn24975	clean
rxn24976	clean
rxn24978	clean
rxn24979	clean
rxn24982	clean
rxn24983	clean
rxn24985	clean
rxn24987	clean
rxn24988	clean
rxn24989	clean
rxn24993	clean
rxn24994	clean
rxn24995	clean
rxn24996	clean
rxn24998	clean
rxn24999	clean
rxn25000	clean
rxn25001	clean
rxn25002	clean
rxn25003	clean
rxn25004	clean
rxn25005	clean
rxn25006	clean
rxn25007	clean
rxn25008	clean
rxn25009	clean
rxn25010	clean
rxn25011	clean
rxn25012	salvaged
rxn25013	clean
rxn25014	clean
rxn25015	clean
rxn25016	clean
rxn25017	clean
rxn25018	clean
rxn25019	clean
rxn25020	clean
rxn25021	clean
rxn25022	clean
rxn25023	clean
rxn25024	clean
rxn25025	clean
rxn25026	clean
rxn25027	clean
rxn25028	clean
rxn25029	clean
rxn25030	clean
rxn25031	clean
rxn25032	clean
rxn25033	clean
rxn25034	clean
rxn25036	clean
rxn25038	clean
rxn25039	clean
rxn25041	clean
rxn25042	clean
rxn25043	clean
rxn25045	clean
rxn25046	clean
rxn25047	clean
rxn25048	clean
rxn25049	clean
rxn25050	salvaged
rxn25051	salvaged
rxn25052	salvaged
rxn25055	clean
rxn25058	clean
rxn25061	salvaged
rxn25062	clean
rxn25063	clean
rxn25064	clean
rxn25065	clean
rxn25066	clean
rxn25067	clean
rxn25068	clean
rxn25069	clean
rxn25070	salvaged
rxn25071	clean
rxn25072	clean
rxn25073	clean
rxn25074	clean
rxn25075	clean
rxn25076	clean
rxn25077	clean
rxn25078	salvaged
rxn25079	clean
rxn25080	clean
rxn25081	clean
rxn25082	clean
rxn25083	salvaged
rxn25084	salvaged
rxn25085	salvaged
rxn25087	clean
rxn25090	clean
rxn25094	clean
rxn25095	clean
rxn25097	clean
rxn25098	clean
rxn25099	clean
rxn25100	clean
rxn25102	salvaged
rxn25103	clean
rxn25104	salvaged
rxn25106	clean
rxn25107	clean
rxn25108	clean
rxn25109	salvaged
rxn25110	salvaged
rxn25111	clean
rxn25112	clean
rxn25113	clean
rxn25114	clean
rxn25115	clean
rxn25116	clean
rxn25117	clean
rxn25119	salvaged
rxn25120	clean
rxn25121	clean
rxn25122	clean
rxn25123	clean
rxn25124	clean
rxn25125	clean
rxn25126	clean
rxn25127	clean
rxn25128	clean
rxn25129	salvaged
rxn25131	salvaged
rxn25133	salvaged
rxn25135	clean
rxn25136	clean
rxn25137	clean
rxn25138	clean
rxn25140	clean
rxn25141	clean
rxn25142	clean
rxn25147	clean
rxn25155	salvaged
rxn25157	clean
rxn25158	clean
rxn25159	clean
rxn25160	salvaged
rxn25161	clean
rxn25162	clean
rxn25163	clean
rxn25164	salvaged
rxn25165	salvaged
rxn25166	clean
rxn25167	clean
rxn25169	salvaged
rxn25170	salvaged
rxn25171	clean
rxn25172	salvaged
rxn25173	clean
rxn25174	clean
rxn25175	salvaged
rxn25176	clean
rxn25177	clean
rxn25178	clean
rxn25179	clean
rxn25180	salvaged
rxn25181	clean
rxn25182	clean
rxn25183	clean
rxn25184	clean
rxn25185	clean
rxn25186	clean
rxn25187	clean
rxn25188	salvaged
rxn25189	clean
rxn25190	clean
rxn25191	clean
rxn25192	clean
rxn25193	clean
rxn25196	salvaged
rxn25197	salvaged
rxn25199	salvaged
rxn25201	clean
rxn25202	clean
rxn25203	clean
rxn25204	salvaged
rxn25205	clean
rxn25207	clean
rxn25208	salvaged
rxn25210	clean
rxn25213	salvaged
rxn25216	clean
rxn25218	salvaged
rxn25219	clean
rxn25220	clean
rxn25221	clean
rxn25223	clean
rxn25224	clean
rxn25225	salvaged
rxn25226	salvaged
rxn25227	clean
rxn25228	clean
rxn25229	clean
rxn25230	clean
rxn25231	clean
rxn25232	clean
rxn25233	clean
rxn25234	salvaged
rxn25235	clean
rxn25236	clean
rxn25237	salvaged
rxn25239	clean
rxn25240	clean
rxn25241	clean
rxn25242	clean
rxn25243	clean
rxn25244	clean
rxn25245	clean
rxn25249	clean
rxn25250	clean
rxn25253	clean
rxn25254	clean
rxn25257	clean
rxn25258	clean
rxn25259	clean
rxn25260	clean
rxn25261	clean
rxn25262	clean
rxn25263	clean
rxn25264	clean
rxn25265	clean
rxn25268	salvaged
rxn25269	clean
rxn25272	clean
rxn25273	salvaged
rxn25276	salvaged
rxn25277	salvaged
rxn25278	clean
rxn25279	clean
rxn25280	clean
rxn25281	clean
rxn25283	salvaged
rxn25284	salvaged
rxn25285	clean
rxn25286	salvaged
rxn25287	salvaged
rxn25288	clean
rxn25289	clean
rxn25292	salvaged
rxn25293	clean
rxn25295	clean
rxn25297	clean
rxn25299	clean
rxn25301	salvaged
rxn25302	clean
rxn25304	clean
rxn25306	clean
rxn25308	clean
rxn25309	clean
rxn25310	clean
rxn25311	clean
rxn25312	clean
rxn25314	salvaged
rxn25315	salvaged
rxn25316	salvaged
rxn25317	clean
rxn25318	salvaged
rxn25319	salvaged
rxn25321	salvaged
rxn25324	salvaged
rxn25325	clean
rxn25326	clean
rxn25327	clean
rxn25329	clean
rxn25330	clean
rxn25331	clean
rxn25332	salvaged
rxn25333	salvaged
rxn25334	clean
rxn25335	salvaged
rxn25336	salvaged
rxn25337	salvaged
rxn25338	clean
rxn25339	salvaged
rxn25340	clean
rxn25341	clean
rxn25342	clean
rxn25345	salvaged
rxn25346	clean
rxn25348	clean
rxn25349	salvaged
rxn25350	salvaged
rxn25351	clean
rxn25352	salvaged
rxn25353	salvaged
rxn25354	salvaged
rxn25355	clean
rxn25356	clean
rxn25357	salvaged
rxn25358	salvaged
rxn25359	salvaged
rxn25360	salvaged
rxn25362	salvaged
rxn25363	clean
rxn25364	salvaged
rxn25365	salvaged
rxn25366	salvaged
rxn25367	salvaged
rxn25368	clean
rxn25369	salvaged
rxn25370	clean
rxn25371	clean
rxn25372	salvaged
rxn25373	salvaged
rxn25374	salvaged
rxn25375	salvaged
rxn25377	salvaged
rxn25378	salvaged
rxn25379	clean
rxn25380	salvaged
rxn25381	salvaged
rxn25382	clean
rxn25383	clean
rxn25384	clean
rxn25385	clean
rxn25386	clean
rxn25387	clean
rxn25388	clean
rxn25389	clean
rxn25390	clean
rxn25391	clean
rxn25392	salvaged
rxn25393	clean
rxn25395	clean
rxn25397	salvaged
rxn25398	clean
rxn25399	clean
rxn25401	salvaged
rxn25402	clean
rxn25403	clean
rxn25405	clean
rxn25406	clean
rxn25407	clean
rxn25411	salvaged
rxn25412	clean
rxn25413	clean
rxn25414	salvaged
rxn25415	clean
rxn25416	clean
rxn25417	clean
rxn25418	salvaged
rxn25421	clean
rxn25422	clean
rxn25423	clean
rxn25424	clean
rxn25428	clean
rxn25431	salvaged
rxn25432	salvaged
rxn25433	clean
rxn25434	clean
rxn25435	clean
rxn25436	clean
rxn25437	salvaged
rxn25438	salvaged
rxn25439	clean
rxn25440	clean
rxn25441	clean
rxn25442	clean
rxn25443	clean
rxn25444	salvaged
rxn25446	clean
rxn25447	clean
rxn25448	clean
rxn25449	salvaged
rxn25450	salvaged
rxn25451	salvaged
rxn25452	salvaged
rxn25453	clean
rxn25454	clean
rxn25455	clean
rxn25456	clean
rxn25457	salvaged
rxn25458	clean
rxn25459	clean
rxn25460	clean
rxn25461	salvaged
rxn25462	clean
rxn25463	clean
rxn25465	clean
rxn25466	clean
rxn25468	clean
rxn25469	clean
rxn25470	clean
rxn25471	salvaged
rxn25475	clean
rxn25476	clean
rxn25477	clean
rxn25478	clean
rxn25479	salvaged
rxn25480	salvaged
rxn25481	salvaged
rxn25482	clean
rxn25483	salvaged
rxn25484	clean
rxn25485	clean
rxn25486	salvaged
rxn25487	salvaged
rxn25488	salvaged
rxn25490	clean
rxn25491	salvaged
rxn25492	clean
rxn25493	clean
rxn25494	clean
rxn25495	clean
rxn25497	clean
rxn25498	salvaged
rxn25499	salvaged
rxn25501	salvaged
rxn25502	salvaged
rxn25504	clean
rxn25505	clean
rxn25507	salvaged
rxn25515	clean
rxn25516	clean
rxn25517	clean
rxn25518	clean
rxn25519	clean
rxn25520	clean
rxn25522	clean
rxn25523	salvaged
rxn25524	clean
rxn25526	clean
rxn25527	salvaged
rxn25528	clean
rxn25529	clean
rxn25530	salvaged
rxn25531	clean
rxn25532	salvaged
rxn25533	salvaged
rxn25534	clean
rxn25535	clean
rxn25536	salvaged
rxn25538	clean
rxn25539	clean
rxn25540	clean
rxn25542	clean
rxn25543	clean
rxn25544	clean
rxn25546	clean
rxn25547	clean
rxn25548	clean
rxn25549	salvaged
rxn25550	salvaged
rxn25552	clean
rxn25553	clean
rxn25555	salvaged
rxn25556	salvaged
rxn25557	salvaged
rxn25560	clean
rxn25561	clean
rxn25562	clean
rxn25563	clean
rxn25566	clean
rxn25568	clean
rxn25569	clean
rxn25571	salvaged
rxn25572	clean
rxn25573	clean
rxn25574	salvaged
rxn25575	clean
rxn25576	clean
rxn25577	clean
rxn25578	clean
rxn25580	clean
rxn25581	clean
rxn25582	clean
rxn25583	clean
rxn25584	clean
rxn25587	salvaged
rxn25589	salvaged
rxn25590	salvaged
rxn25591	clean
rxn25592	salvaged
rxn25594	clean
rxn25595	clean
rxn25596	clean
rxn25597	salvaged
rxn25599	clean
rxn25600	clean
rxn25601	salvaged
rxn25602	clean
rxn25605	clean
rxn25606	clean
rxn25607	clean
rxn25608	clean
rxn25609	clean
rxn25610	clean
rxn25611	clean
rxn25612	clean
rxn25613	clean
rxn25614	clean
rxn25615	clean
rxn25616	clean
rxn25617	clean
rxn25618	clean
rxn25619	clean
rxn25620	clean
rxn25621	clean
rxn25622	clean
rxn25623	clean
rxn25625	clean
rxn25627	salvaged
rxn25630	clean
rxn25631	clean
rxn25632	salvaged
rxn25633	salvaged
rxn25634	salvaged
rxn25636	clean
rxn25650	clean
rxn25651	clean
rxn25652	clean
rxn25657	clean
rxn25659	clean
rxn25661	clean
rxn25663	clean
rxn25664	clean
rxn25665	clean
rxn25666	clean
rxn25667	clean
rxn25668	clean
rxn25669	clean
rxn25670	clean
rxn25671	salvaged
rxn25672	clean
rxn25673	clean
rxn25674	clean
rxn25675	clean
rxn25676	salvaged
rxn25677	clean
rxn25678	clean
rxn25679	clean
rxn25680	clean
rxn25681	salvaged
rxn25682	salvaged
rxn25684	salvaged
rxn25685	salvaged
rxn25686	salvaged
rxn25687	salvaged
rxn25690	salvaged
rxn25692	salvaged
rxn25696	salvaged
rxn25697	clean
rxn25699	clean
rxn25700	salvaged
rxn25701	salvaged
rxn25702	clean
rxn25703	clean
rxn25704	clean
rxn25705	salvaged
rxn25706	clean
rxn25707	salvaged
rxn25709	clean
rxn25710	clean
rxn25711	clean
rxn25712	clean
rxn25713	clean
rxn25721	clean
rxn25722	clean
rxn25725	clean
rxn25726	clean
rxn25727	salvaged
rxn25728	salvaged
rxn25731	clean
rxn25733	clean
rxn25734	salvaged
rxn25735	clean
rxn25736	clean
rxn25753	salvaged
rxn25754	salvaged
rxn25762	salvaged
rxn25763	clean
rxn25765	salvaged
rxn25767	salvaged
rxn25768	clean
rxn25769	clean
rxn25770	salvaged
rxn25771	salvaged
rxn25772	salvaged
rxn25774	clean
rxn25779	clean
rxn25780	clean
rxn25781	clean
rxn25782	clean
rxn25785	clean
rxn25787	clean
rxn25792	salvaged
rxn25794	clean
rxn25795	salvaged
rxn25796	clean
rxn25797	clean
rxn25798	clean
rxn25800	salvaged
rxn25801	clean
rxn25802	clean
rxn25803	clean
rxn25804	clean
rxn25805	salvaged
rxn25806	clean
rxn25807	clean
rxn25808	clean
rxn25809	clean
rxn25810	clean
rxn25812	clean
rxn25814	salvaged
rxn25816	clean
rxn25817	salvaged
rxn25818	clean
rxn25819	clean
rxn25820	clean
rxn25821	salvaged
rxn25822	clean
rxn25823	salvaged
rxn25824	clean
rxn25825	clean
rxn25827	clean
rxn25829	clean
rxn25832	salvaged
rxn25833	salvaged
rxn25834	salvaged
rxn25835	salvaged
rxn25839	salvaged
rxn25841	clean
rxn25844	salvaged
rxn25845	salvaged
rxn25846	clean
rxn25847	clean
rxn25848	clean
rxn25849	salvaged
rxn25851	clean
rxn25852	clean
rxn25853	clean
rxn25854	clean
rxn25855	clean
rxn25856	clean
rxn25857	clean
rxn25859	clean
rxn25863	clean
rxn25865	clean
rxn25866	clean
rxn25867	salvaged
rxn25871	clean
rxn25872	clean
rxn25873	salvaged
rxn25874	clean
rxn25875	clean
rxn25876	clean
rxn25877	clean
rxn25878	salvaged
rxn25879	clean
rxn25881	clean
rxn25882	clean
rxn25885	salvaged
rxn25886	salvaged
rxn25887	clean
rxn25888	clean
rxn25889	clean
rxn25890	clean
rxn25891	clean
rxn25892	clean
rxn25893	clean
rxn25894	clean
rxn25895	clean
rxn25897	clean
rxn25898	clean
rxn25899	clean
rxn25901	clean
rxn25902	clean
rxn25903	clean
rxn25904	clean
rxn25905	clean
rxn25906	clean
rxn25907	clean
rxn25908	clean
rxn25909	clean
rxn25910	salvaged
rxn25911	clean
rxn25912	clean
rxn25913	clean
rxn25914	clean
rxn25915	clean
rxn25916	salvaged
rxn25917	clean
rxn25918	clean
rxn25919	clean
rxn25920	clean
rxn25921	salvaged
rxn25922	clean
rxn25923	clean
rxn25924	clean
rxn25925	clean
rxn25926	clean
rxn25927	clean
rxn25928	clean
rxn25929	clean
rxn25930	clean
rxn25931	clean
rxn25933	clean
rxn25934	clean
rxn25935	salvaged
rxn25936	salvaged
rxn25937	salvaged
rxn25938	salvaged
rxn25940	clean
rxn25941	clean
rxn25942	salvaged
rxn25943	clean
rxn25946	clean
rxn25947	clean
rxn25948	clean
rxn25949	clean
rxn25951	salvaged
rxn25953	clean
rxn25956	salvaged
rxn25957	salvaged
rxn25958	clean
rxn25960	salvaged
rxn25961	clean
rxn25962	clean
rxn25963	clean
rxn25964	clean
rxn25965	clean
rxn25967	clean
rxn25968	clean
rxn25969	clean
rxn25970	clean
rxn25971	clean
rxn25973	salvaged
rxn25975	clean
rxn25977	clean
rxn25978	salvaged
rxn25979	salvaged
rxn25982	salvaged
rxn25983	salvaged
rxn25984	salvaged
rxn25985	clean
rxn25987	salvaged
rxn25988	salvaged
rxn25989	salvaged
rxn25990	salvaged
rxn25991	salvaged
rxn25994	clean
rxn26002	salvaged
rxn26003	clean
rxn26006	clean
rxn26008	clean
rxn26011	clean
rxn26012	clean
rxn26013	clean
rxn26021	salvaged
rxn26026	clean
rxn26027	clean
rxn26028	clean
rxn26029	clean
rxn26033	salvaged
rxn26034	salvaged
rxn26035	salvaged
rxn26037	salvaged
rxn26038	clean
rxn26048	salvaged
rxn26051	salvaged
rxn26064	clean
rxn26065	clean
rxn26066	clean
rxn26067	clean
rxn26068	salvaged
rxn26069	clean
rxn26070	salvaged
rxn26073	clean
rxn26077	clean
rxn26078	clean
rxn26080	salvaged
rxn26081	clean
rxn26082	salvaged
rxn26083	salvaged
rxn26084	salvaged
rxn26085	salvaged
rxn26090	clean
rxn26092	clean
rxn26093	clean
rxn26095	salvaged
rxn26096	clean
rxn26099	clean
rxn26100	clean
rxn26102	clean
rxn26104	clean
rxn26106	clean
rxn26107	clean
rxn26108	clean
rxn26109	clean
rxn26110	clean
rxn26111	clean
rxn26112	clean
rxn26121	salvaged
rxn26123	clean
rxn26126	salvaged
rxn26127	clean
rxn26128	clean
rxn26129	clean
rxn26130	clean
rxn26135	clean
rxn26137	clean
rxn26138	clean
rxn26139	salvaged
rxn26140	clean
rxn26141	clean
rxn26142	clean
rxn26143	clean
rxn26144	clean
rxn26145	salvaged
rxn26146	clean
rxn26147	clean
rxn26148	clean
rxn26149	clean
rxn26150	salvaged
rxn26152	clean
rxn26180	clean
rxn26187	clean
rxn26196	clean
rxn26215	clean
rxn26238	clean
rxn26244	clean
rxn26269	clean
rxn26279	clean
rxn26291	clean
rxn26300	clean
rxn26301	clean
rxn26302	clean
rxn26305	clean
rxn26306	clean
rxn26307	clean
rxn26310	salvaged
rxn26312	clean
rxn26313	clean
rxn26314	salvaged
rxn26315	clean
rxn26316	clean
rxn26317	clean
rxn26318	clean
rxn26329	clean
rxn26330	clean
rxn26331	clean
rxn26332	clean
rxn26338	clean
rxn26339	salvaged
rxn26340	salvaged
rxn26341	salvaged
rxn26342	salvaged
rxn26343	salvaged
rxn26348	clean
rxn26350	clean
rxn26352	clean
rxn26353	salvaged
rxn26359	salvaged
rxn26360	salvaged
rxn26361	salvaged
rxn26362	salvaged
rxn26364	salvaged
rxn26376	clean
rxn26377	salvaged
rxn26379	clean
rxn26380	clean
rxn26381	salvaged
rxn26382	salvaged
rxn26394	clean
rxn26395	clean
rxn26396	clean
rxn26410	clean
rxn26412	clean
rxn26413	clean
rxn26414	clean
rxn26415	salvaged
rxn26429	clean
rxn26430	clean
rxn26431	clean
rxn26434	clean
rxn26435	clean
rxn26436	salvaged
rxn26438	salvaged
rxn26439	clean
rxn26440	clean
rxn26441	clean
rxn26446	clean
rxn26447	clean
rxn26448	clean
rxn26449	clean
rxn26453	salvaged
rxn26454	clean
rxn26455	salvaged
rxn26456	clean
rxn26457	clean
rxn26458	clean
rxn26459	salvaged
rxn26460	salvaged
rxn26461	salvaged
rxn26462	clean
rxn26463	clean
rxn26464	clean
rxn26465	salvaged
rxn26469	clean
rxn26470	clean
rxn26475	clean
rxn26476	clean
rxn26477	clean
rxn26478	clean
rxn26479	clean
rxn26480	clean
rxn26481	clean
rxn26483	salvaged
rxn26484	salvaged
rxn26485	salvaged
rxn26486	clean
rxn26489	salvaged
rxn26491	clean
rxn26494	clean
rxn26496	clean
rxn26497	clean
rxn26500	clean
rxn26501	clean
rxn26502	clean
rxn26503	clean
rxn26504	clean
rxn26505	clean
rxn26506	clean
rxn26507	clean
rxn26508	clean
rxn26509	salvaged
rxn26511	clean
rxn26512	clean
rxn26513	clean
rxn26514	salvaged
rxn26515	salvaged
rxn26517	clean
rxn26518	salvaged
rxn26519	clean
rxn26520	clean
rxn26521	clean
rxn26522	clean
rxn26523	clean
rxn26527	clean
rxn26529	clean
rxn26531	clean
rxn26535	clean
rxn26536	clean
rxn26537	clean
rxn26540	clean
rxn26541	clean
rxn26552	clean
rxn26555	clean
rxn26557	clean
rxn26558	clean
rxn26560	clean
rxn26561	clean
rxn26562	clean
rxn26563	clean
rxn26564	clean
rxn26570	clean
rxn26571	clean
rxn26577	clean
rxn26579	salvaged
rxn26580	clean
rxn26581	clean
rxn26582	clean
rxn26584	clean
rxn26585	clean
rxn26588	clean
rxn26589	clean
rxn26594	clean
rxn26595	clean
rxn26596	clean
rxn26600	clean
rxn26601	clean
rxn26604	clean
rxn26606	clean
rxn26607	clean
rxn26609	salvaged
rxn26611	salvaged
rxn26615	salvaged
rxn26617	clean
rxn26628	clean
rxn26629	clean
rxn26630	clean
rxn26632	clean
rxn26635	clean
rxn26640	clean
rxn26643	clean
rxn26644	clean
rxn26645	clean
rxn26647	clean
rxn26648	clean
rxn26656	salvaged
rxn26658	salvaged
rxn26662	clean
rxn26663	clean
rxn26664	clean
rxn26665	clean
rxn26666	clean
rxn26667	clean
rxn26668	clean
rxn26669	clean
rxn26670	salvaged
rxn26671	clean
rxn26672	clean
rxn26674	clean
rxn26683	clean
rxn26684	clean
rxn26685	clean
rxn26686	clean
rxn26687	clean
rxn26692	clean
rxn26693	clean
rxn26695	clean
rxn26696	clean
rxn26699	clean
rxn26700	clean
rxn26701	clean
rxn26702	salvaged
rxn26703	clean
rxn26705	clean
rxn26707	clean
rxn26711	clean
rxn26721	clean
rxn26723	clean
rxn26724	clean
rxn26725	salvaged
rxn26727	salvaged
rxn26730	salvaged
rxn26731	clean
rxn26732	clean
rxn26734	clean
rxn26735	clean
rxn26736	clean
rxn26737	clean
rxn26738	clean
rxn26739	salvaged
rxn26743	clean
rxn26744	clean
rxn26745	clean
rxn26746	clean
rxn26747	clean
rxn26748	salvaged
rxn26749	salvaged
rxn26750	salvaged
rxn26752	clean
rxn26753	salvaged
rxn26756	salvaged
rxn26757	clean
rxn26758	clean
rxn26759	salvaged
rxn26760	salvaged
rxn26761	clean
rxn26762	salvaged
rxn26763	salvaged
rxn26765	clean
rxn26766	clean
rxn26769	clean
rxn26772	clean
rxn26773	salvaged
rxn26774	clean
rxn26775	clean
rxn26776	clean
rxn26777	clean
rxn26778	clean
rxn26779	clean
rxn26780	salvaged
rxn26781	salvaged
rxn26783	clean
rxn26784	clean
rxn26786	clean
rxn26787	clean
rxn26788	clean
rxn26789	clean
rxn26790	clean
rxn26791	clean
rxn26792	clean
rxn26796	clean
rxn26797	clean
rxn26800	clean
rxn26809	clean
rxn26812	clean
rxn26816	clean
rxn26819	clean
rxn26820	clean
rxn26821	salvaged
rxn26822	salvaged
rxn26823	salvaged
rxn26824	clean
rxn26825	clean
rxn26827	clean
rxn26830	clean
rxn26833	clean
rxn26836	salvaged
rxn26837	salvaged
rxn26840	clean
rxn26841	clean
rxn26842	clean
rxn26843	clean
rxn26844	salvaged
rxn26845	clean
rxn26846	clean
rxn26847	clean
rxn26848	clean
rxn26849	clean
rxn26853	clean
rxn26859	clean
rxn26862	clean
rxn26865	clean
rxn26868	clean
rxn26874	clean
rxn26877	salvaged
rxn26880	clean
rxn26881	clean
rxn26882	clean
rxn26885	clean
rxn26888	clean
rxn26889	clean
rxn26890	clean
rxn26891	clean
rxn26892	clean
rxn26893	clean
rxn26894	clean
rxn26896	clean
rxn26898	clean
rxn26899	clean
rxn26900	clean
rxn26902	clean
rxn26905	clean
rxn26908	clean
rxn26909	clean
rxn26911	clean
rxn26914	clean
rxn26917	clean
rxn26918	clean
rxn26923	clean
rxn26926	salvaged
rxn26927	salvaged
rxn26928	salvaged
rxn26931	clean
rxn26932	clean
rxn26933	clean
rxn26938	clean
rxn26942	clean
rxn26944	clean
rxn26947	clean
rxn26953	clean
rxn26956	clean
rxn26959	salvaged
rxn26960	salvaged
rxn26961	salvaged
rxn26962	salvaged
rxn26965	clean
rxn26966	clean
rxn26967	clean
rxn26968	clean
rxn26970	salvaged
rxn26971	clean
rxn26972	clean
rxn26973	clean
rxn26975	clean
rxn26976	clean
rxn26977	clean
rxn26980	clean
rxn26981	clean
rxn26982	clean
rxn26983	clean
rxn26985	clean
rxn26986	clean
rxn26987	clean
rxn26988	clean
rxn26989	clean
rxn26990	clean
rxn26993	clean
rxn26994	clean
rxn26995	salvaged
rxn26996	clean
rxn26997	clean
rxn26998	salvaged
rxn26999	clean
rxn27000	clean
rxn27001	clean
rxn27002	clean
rxn27003	clean
rxn27004	clean
rxn27005	clean
rxn27006	clean
rxn27007	clean
rxn27008	clean
rxn27009	salvaged
rxn27010	salvaged
rxn27011	clean
rxn27012	clean
rxn27013	clean
rxn27014	salvaged
rxn27015	salvaged
rxn27016	salvaged
rxn27017	salvaged
rxn27018	salvaged
rxn27019	salvaged
rxn27023	salvaged
rxn27029	clean
rxn27030	clean
rxn27031	clean
rxn27032	clean
rxn27033	clean
rxn27034	clean
rxn27035	clean
rxn27036	clean
rxn27038	clean
rxn27039	clean
rxn27040	clean
rxn27041	clean
rxn27043	clean
rxn27044	clean
rxn27045	salvaged
rxn27046	salvaged
rxn27048	salvaged
rxn27050	salvaged
rxn27052	clean
rxn27054	clean
rxn27056	clean
rxn27057	clean
rxn27058	clean
rxn27059	clean
rxn27060	clean
rxn27061	salvaged
rxn27062	salvaged
rxn27063	salvaged
rxn27064	salvaged
rxn27065	salvaged
rxn27066	clean
rxn27068	salvaged
rxn27069	salvaged
rxn27070	salvaged
rxn27071	salvaged
rxn27072	salvaged
rxn27073	salvaged
rxn27074	clean
rxn27075	salvaged
rxn27076	clean
rxn27078	salvaged
rxn27079	clean
rxn27080	clean
rxn27081	clean
rxn27082	clean
rxn27084	salvaged
rxn27086	clean
rxn27087	clean
rxn27089	clean
rxn27090	clean
rxn27092	clean
rxn27094	clean
rxn27095	salvaged
rxn27096	clean
rxn27097	salvaged
rxn27098	clean
rxn27100	salvaged
rxn27101	clean
rxn27102	clean
rxn27104	clean
rxn27105	salvaged
rxn27106	salvaged
rxn27107	salvaged
rxn27108	clean
rxn27109	clean
rxn27110	clean
rxn27111	clean
rxn27157	clean
rxn27203	clean
rxn27204	clean
rxn27205	clean
rxn27210	salvaged
rxn27211	salvaged
rxn27212	salvaged
rxn27213	clean
rxn27214	salvaged
rxn27221	salvaged
rxn27222	salvaged
rxn27223	salvaged
rxn27224	clean
rxn27228	clean
rxn27229	clean
rxn27236	clean
rxn27238	clean
rxn27243	clean
rxn27251	clean
rxn27252	clean
rxn27253	salvaged
rxn27255	clean
rxn27256	clean
rxn27259	clean
rxn27260	clean
rxn27261	salvaged
rxn27262	salvaged
rxn27263	clean
rxn27264	clean
rxn27266	clean
rxn27268	clean
rxn27269	salvaged
rxn27270	salvaged
rxn27271	salvaged
rxn27272	salvaged
rxn27277	clean
rxn27282	clean
rxn27283	clean
rxn27284	salvaged
rxn27286	clean
rxn27287	clean
rxn27288	clean
rxn27289	salvaged
rxn27310	clean
rxn27313	clean
rxn27314	clean
rxn27315	salvaged
rxn27316	salvaged
rxn27317	salvaged
rxn27318	clean
rxn27320	salvaged
rxn27321	salvaged
rxn27322	clean
rxn27323	clean
rxn27324	salvaged
rxn27332	clean
rxn27333	clean
rxn27334	clean
rxn27336	clean
rxn27338	clean
rxn27339	clean
rxn27340	clean
rxn27341	clean
rxn27342	clean
rxn27343	clean
rxn27345	salvaged
rxn27347	salvaged
rxn27348	salvaged
rxn27349	salvaged
rxn27350	clean
rxn27351	clean
rxn27353	clean
rxn27354	clean
rxn27355	clean
rxn27356	clean
rxn27357	clean
rxn27358	clean
rxn27359	clean
rxn27360	clean
rxn27361	clean
rxn27362	salvaged
rxn27363	clean
rxn27373	clean
rxn27374	clean
rxn27375	clean
rxn27376	clean
rxn27378	clean
rxn27379	clean
rxn27380	clean
rxn27381	clean
rxn27382	clean
rxn27383	clean
rxn27386	clean
rxn27387	salvaged
rxn27389	salvaged
rxn27392	salvaged
rxn27394	salvaged
rxn27396	clean
rxn27397	clean
rxn27398	salvaged
rxn27399	salvaged
rxn27400	salvaged
rxn27401	clean
rxn27405	clean
rxn27406	clean
rxn27407	salvaged
rxn27408	clean
rxn27409	salvaged
rxn27410	salvaged
rxn27411	salvaged
rxn27412	clean
rxn27413	clean
rxn27414	clean
rxn27415	clean
rxn27417	salvaged
rxn27418	clean
rxn27419	clean
rxn27420	clean
rxn27421	salvaged
rxn27422	salvaged
rxn27423	clean
rxn27425	clean
rxn27426	clean
rxn27427	clean
rxn27428	clean
rxn27429	clean
rxn27430	clean
rxn27433	clean
rxn27436	clean
rxn27437	clean
rxn27438	salvaged
rxn27441	clean
rxn27442	clean
rxn27443	clean
rxn27445	clean
rxn27446	clean
rxn27447	clean
rxn27448	clean
rxn27452	salvaged
rxn27453	salvaged
rxn27454	clean
rxn27455	clean
rxn27458	clean
rxn27459	salvaged
rxn27460	clean
rxn27462	salvaged
rxn27468	clean
rxn27469	salvaged
rxn27481	salvaged
rxn27482	clean
rxn27484	clean
rxn27488	clean
rxn27491	salvaged
rxn27493	clean
rxn27495	clean
rxn27497	clean
rxn27501	salvaged
rxn27502	clean
rxn27503	salvaged
rxn27509	salvaged
rxn27510	salvaged
rxn27512	salvaged
rxn27515	salvaged
rxn27518	salvaged
rxn27520	clean
rxn27521	clean
rxn27522	clean
rxn27523	salvaged
rxn27524	clean
rxn27525	clean
rxn27529	clean
rxn27530	salvaged
rxn27531	clean
rxn27533	salvaged
rxn27534	salvaged
rxn27535	salvaged
rxn27539	clean
rxn27540	clean
rxn27541	clean
rxn27542	clean
rxn27543	clean
rxn27548	clean
rxn27549	salvaged
rxn27555	salvaged
rxn27559	clean
rxn27586	clean
rxn27587	clean
rxn27588	clean
rxn27589	clean
rxn27591	clean
rxn27592	clean
rxn27593	clean
rxn27594	clean
rxn27595	clean
rxn27596	clean
rxn27597	clean
rxn27598	clean
rxn27599	clean
rxn27600	clean
rxn27601	clean
rxn27608	clean
rxn27609	clean
rxn27610	clean
rxn27611	clean
rxn27612	clean
rxn27613	clean
rxn27614	clean
rxn27615	clean
rxn27616	clean
rxn27617	clean
rxn27618	clean
rxn27619	clean
rxn27623	salvaged
rxn27624	salvaged
rxn27625	salvaged
rxn27626	salvaged
rxn27628	clean
rxn27629	clean
rxn27630	clean
rxn27634	clean
rxn27635	clean
rxn27636	clean
rxn27639	clean
rxn27653	clean
rxn27655	salvaged
rxn27656	clean
rxn27657	clean
rxn27658	clean
rxn27660	salvaged
rxn27661	clean
rxn27662	clean
rxn27663	salvaged
rxn27664	clean
rxn27665	clean
rxn27666	clean
rxn27668	clean
rxn27669	clean
rxn27670	clean
rxn27671	clean
rxn27677	salvaged
rxn27678	clean
rxn27679	clean
rxn27681	clean
rxn27683	clean
rxn27684	clean
rxn27685	clean
rxn27686	salvaged
rxn27688	clean
rxn27689	clean
rxn27690	clean
rxn27691	clean
rxn27692	clean
rxn27693	clean
rxn27694	clean
rxn27695	clean
rxn27696	salvaged
rxn27698	clean
rxn27700	clean
rxn27702	clean
rxn27703	clean
rxn27708	clean
rxn27709	clean
rxn27710	clean
rxn27715	clean
rxn27718	salvaged
rxn27719	clean
rxn27720	clean
rxn27721	salvaged
rxn27722	salvaged
rxn27724	clean
rxn27725	clean
rxn27727	clean
rxn27728	clean
rxn27735	clean
rxn27738	clean
rxn27739	clean
rxn27740	clean
rxn27741	clean
rxn27742	clean
rxn27744	clean
rxn27747	salvaged
rxn27748	salvaged
rxn27749	clean
rxn27752	clean
rxn27765	clean
rxn27766	clean
rxn27772	salvaged
rxn27773	clean
rxn27774	clean
rxn27775	clean
rxn27776	clean
rxn27777	clean
rxn27778	clean
rxn27779	clean
rxn27780	salvaged
rxn27781	salvaged
rxn27785	salvaged
rxn27786	salvaged
rxn27787	salvaged
rxn27788	salvaged
rxn27789	clean
rxn27790	clean
rxn27791	clean
rxn27792	clean
rxn27793	clean
rxn27794	clean
rxn27797	clean
rxn27812	clean
rxn27813	clean
rxn27814	clean
rxn27815	clean
rxn27816	clean
rxn27818	clean
rxn27821	clean
rxn27836	salvaged
rxn27839	salvaged
rxn27840	salvaged
rxn27841	clean
rxn27842	salvaged
rxn27844	clean
rxn27845	clean
rxn27851	clean
rxn27852	clean
rxn27853	salvaged
rxn27855	clean
rxn27861	salvaged
rxn27866	clean
rxn27867	clean
rxn27868	salvaged
rxn27869	clean
rxn27871	clean
rxn27872	clean
rxn27873	clean
rxn27874	clean
rxn27875	clean
rxn27876	clean
rxn27877	clean
rxn27878	clean
rxn27880	clean
rxn27884	salvaged
rxn27886	clean
rxn27887	clean
rxn27888	clean
rxn27889	clean
rxn27891	salvaged
rxn27892	clean
rxn27893	clean
rxn27894	salvaged
rxn27895	clean
rxn27896	clean
rxn27897	clean
rxn27898	clean
rxn27899	clean
rxn27900	clean
rxn27908	salvaged
rxn27914	clean
rxn27915	clean
rxn27917	clean
rxn27920	clean
rxn27921	clean
rxn27922	salvaged
rxn27923	clean
rxn27924	clean
rxn27926	clean
rxn27927	clean
rxn27929	salvaged
rxn27930	salvaged
rxn27931	clean
rxn27932	clean
rxn27933	clean
rxn27936	clean
rxn27937	clean
rxn27938	clean
rxn27940	clean
rxn27941	clean
rxn27943	clean
rxn27944	clean
rxn27945	clean
rxn27946	clean
rxn27947	clean
rxn27948	clean
rxn27949	clean
rxn27951	clean
rxn27953	clean
rxn27955	salvaged
rxn27956	clean
rxn27957	salvaged
rxn27959	clean
rxn27960	salvaged
rxn27962	clean
rxn27971	clean
rxn27972	clean
rxn27973	salvaged
rxn27974	salvaged
rxn27976	clean
rxn27982	salvaged
rxn27983	salvaged
rxn27986	salvaged
rxn27987	salvaged
rxn27993	clean
rxn27994	clean
rxn27995	salvaged
rxn27996	salvaged
rxn27998	clean
rxn27999	salvaged
rxn28000	clean
rxn28001	clean
rxn28002	clean
rxn28003	clean
rxn28005	clean
rxn28008	clean
rxn28025	clean
rxn28041	salvaged
rxn28042	salvaged
rxn28043	salvaged
rxn28044	salvaged
rxn28046	clean
rxn28048	clean
rxn28051	clean
rxn28052	salvaged
rxn28053	clean
rxn28054	salvaged
rxn28059	clean
rxn28060	clean
rxn28061	salvaged
rxn28067	clean
rxn28068	clean
rxn28075	salvaged
rxn28076	clean
rxn28078	clean
rxn28080	salvaged
rxn28081	clean
rxn28082	clean
rxn28083	clean
rxn28085	clean
rxn28086	salvaged
rxn28087	clean
rxn28088	salvaged
rxn28089	salvaged
rxn28090	clean
rxn28091	clean
rxn28094	salvaged
rxn28095	salvaged
rxn28096	salvaged
rxn28097	salvaged
rxn28099	salvaged
rxn28101	clean
rxn28102	clean
rxn28103	salvaged
rxn28104	clean
rxn28105	clean
rxn28106	clean
rxn28107	clean
rxn28108	clean
rxn28109	clean
rxn28110	clean
rxn28113	clean
rxn28114	clean
rxn28115	clean
rxn28116	clean
rxn28118	clean
rxn28120	clean
rxn28121	clean
rxn28139	clean
rxn28141	clean
rxn28142	clean
rxn28143	clean
rxn28146	clean
rxn28150	clean
rxn28152	clean
rxn28153	salvaged
rxn28154	salvaged
rxn28156	salvaged
rxn28157	salvaged
rxn28158	salvaged
rxn28159	salvaged
rxn28160	salvaged
rxn28161	salvaged
rxn28163	clean
rxn28164	clean
rxn28166	clean
rxn28168	clean
rxn28169	clean
rxn28171	salvaged
rxn28172	salvaged
rxn28177	clean
rxn28178	clean
rxn28182	salvaged
rxn28183	salvaged
rxn28193	salvaged
rxn28195	salvaged
rxn28196	salvaged
rxn28197	clean
rxn28198	clean
rxn28199	clean
rxn28200	clean
rxn28201	clean
rxn28204	clean
rxn28205	clean
rxn28206	clean
rxn28209	clean
rxn28211	salvaged
rxn28215	clean
rxn28223	salvaged
rxn28224	clean
rxn28227	clean
rxn28231	salvaged
rxn28236	salvaged
rxn28237	clean
rxn28238	clean
rxn28241	salvaged
rxn28242	clean
rxn28243	clean
rxn28251	salvaged
rxn28252	clean
rxn28253	clean
rxn28254	clean
rxn28255	clean
rxn28256	clean
rxn28263	salvaged
rxn28264	salvaged
rxn28266	salvaged
rxn28267	clean
rxn28268	clean
rxn28269	clean
rxn28272	clean
rxn28274	salvaged
rxn28275	clean
rxn28276	salvaged
rxn28277	clean
rxn28278	salvaged
rxn28279	clean
rxn28280	clean
rxn28281	clean
rxn28282	clean
rxn28283	clean
rxn28285	clean
rxn28286	clean
rxn28287	clean
rxn28295	clean
rxn28297	clean
rxn28299	clean
rxn28301	clean
rxn28305	clean
rxn28306	clean
rxn28308	salvaged
rxn28309	salvaged
rxn28310	salvaged
rxn28311	clean
rxn28313	clean
rxn28314	salvaged
rxn28316	clean
rxn28317	clean
rxn28318	clean
rxn28319	salvaged
rxn28320	clean
rxn28321	clean
rxn28322	clean
rxn28323	clean
rxn28324	clean
rxn28325	clean
rxn28327	clean
rxn28328	clean
rxn28329	clean
rxn28333	clean
rxn28334	clean
rxn28335	clean
rxn28337	clean
rxn28338	clean
rxn28339	clean
rxn28342	clean
rxn28343	salvaged
rxn28344	salvaged
rxn28345	clean
rxn28346	clean
rxn28347	salvaged
rxn28350	salvaged
rxn28351	salvaged
rxn28352	clean
rxn28353	clean
rxn28354	salvaged
rxn28356	clean
rxn28357	clean
rxn28358	clean
rxn28360	clean
rxn28361	clean
rxn28362	clean
rxn28363	clean
rxn28364	clean
rxn28365	clean
rxn28366	clean
rxn28367	clean
rxn28368	clean
rxn28370	clean
rxn28373	clean
rxn28374	clean
rxn28376	clean
rxn28377	salvaged
rxn28379	clean
rxn28380	clean
rxn28381	clean
rxn28382	clean
rxn28386	clean
rxn28387	clean
rxn28388	clean
rxn28389	clean
rxn28390	clean
rxn28392	salvaged
rxn28400	clean
rxn28401	clean
rxn28404	clean
rxn28405	clean
rxn28406	clean
rxn28407	clean
rxn28409	clean
rxn28410	clean
rxn28413	clean
rxn28414	clean
rxn28415	clean
rxn28417	salvaged
rxn28418	salvaged
rxn28419	clean
rxn28425	salvaged
rxn28426	salvaged
rxn28427	salvaged
rxn28428	salvaged
rxn28429	salvaged
rxn28430	salvaged
rxn28431	salvaged
rxn28432	salvaged
rxn28433	salvaged
rxn28434	salvaged
rxn28435	salvaged
rxn28436	salvaged
rxn28437	salvaged
rxn28438	clean
rxn28439	salvaged
rxn28440	salvaged
rxn28441	salvaged
rxn28442	salvaged
rxn28443	salvaged
rxn28444	salvaged
rxn28446	salvaged
rxn28460	salvaged
rxn28463	salvaged
rxn28464	salvaged
rxn28465	salvaged
rxn28466	salvaged
rxn28467	salvaged
rxn28470	salvaged
rxn28472	salvaged
rxn28473	salvaged
rxn28474	clean
rxn28475	clean
rxn28476	salvaged
rxn28485	clean
rxn28488	salvaged
rxn28490	clean
rxn28491	salvaged
rxn28503	clean
rxn28511	clean
rxn28519	clean
rxn28538	salvaged
rxn28539	clean
rxn28543	clean
rxn28546	clean
rxn28547	clean
rxn28548	clean
rxn28549	clean
rxn28550	clean
rxn28551	salvaged
rxn28552	salvaged
rxn28553	salvaged
rxn28554	salvaged
rxn28559	clean
rxn28560	clean
rxn28564	salvaged
rxn28566	clean
rxn28567	clean
rxn28568	clean
rxn28569	clean
rxn28570	clean
rxn28571	clean
rxn28572	clean
rxn28573	clean
rxn28574	clean
rxn28575	clean
rxn28576	clean
rxn28578	clean
rxn28579	clean
rxn28580	clean
rxn28581	clean
rxn28582	clean
rxn28583	clean
rxn28584	clean
rxn28585	clean
rxn28586	clean
rxn28587	clean
rxn28588	clean
rxn28589	clean
rxn28590	clean
rxn28591	clean
rxn28592	clean
rxn28593	clean
rxn28594	clean
rxn28595	clean
rxn28596	clean
rxn28597	salvaged
rxn28598	salvaged
rxn28599	salvaged
rxn28600	salvaged
rxn28603	salvaged
rxn28604	clean
rxn28606	clean
rxn28608	clean
rxn28609	clean
rxn28610	clean
rxn28612	clean
rxn28613	clean
rxn28614	clean
rxn28615	salvaged
rxn28649	salvaged
rxn28666	clean
rxn28667	salvaged
rxn28669	salvaged
rxn28670	clean
rxn28671	clean
rxn28676	clean
rxn28677	clean
rxn28681	clean
rxn28691	clean
rxn28692	clean
rxn28693	clean
rxn28696	clean
rxn28698	clean
rxn28735	salvaged
rxn28736	salvaged
rxn28742	clean
rxn28770	clean
rxn28788	clean
rxn28793	clean
rxn28796	clean
rxn28797	clean
rxn28800	clean
rxn28801	clean
rxn28802	clean
rxn28803	clean
rxn28804	clean
rxn28805	clean
rxn28811	salvaged
rxn28813	salvaged
rxn28814	clean
rxn28839	salvaged
rxn28840	clean
rxn28841	salvaged
rxn28842	salvaged
rxn28843	clean
rxn28847	salvaged
rxn28876	salvaged
rxn28877	clean
rxn28880	clean
rxn28882	salvaged
rxn28889	clean
rxn28890	clean
rxn28891	clean
rxn28896	clean
rxn28899	clean
rxn28901	salvaged
rxn28902	clean
rxn28908	clean
rxn28909	clean
rxn28910	clean
rxn28911	clean
rxn28912	clean
rxn28931	clean
rxn28932	clean
rxn28933	clean
rxn28934	clean
rxn28935	clean
rxn28936	clean
rxn28948	clean
rxn28949	salvaged
rxn28950	salvaged
rxn28951	salvaged
rxn28952	salvaged
rxn28970	salvaged
rxn28971	salvaged
rxn28978	clean
rxn28979	salvaged
rxn28980	clean
rxn28981	clean
rxn28982	clean
rxn28984	clean
rxn28985	salvaged
rxn28986	salvaged
rxn28988	salvaged
rxn28989	salvaged
rxn28991	clean
rxn28994	clean
rxn29001	clean
rxn29002	clean
rxn29003	clean
rxn29004	clean
rxn29006	salvaged
rxn29010	clean
rxn29011	clean
rxn29012	clean
rxn29013	clean
rxn29018	clean
rxn29019	clean
rxn29020	clean
rxn29021	clean
rxn29022	clean
rxn29023	clean
rxn29024	clean
rxn29025	clean
rxn29026	clean
rxn29029	clean
rxn29044	clean
rxn29048	clean
rxn29051	salvaged
rxn29052	salvaged
rxn29053	salvaged
rxn29054	clean
rxn29055	clean
rxn29056	clean
rxn29058	clean
rxn29060	clean
rxn29061	clean
rxn29062	clean
rxn29063	salvaged
rxn29064	salvaged
rxn29066	salvaged
rxn29068	clean
rxn29069	salvaged
rxn29070	clean
rxn29072	salvaged
rxn29073	clean
rxn29074	clean
rxn29075	clean
rxn29080	clean
rxn29082	clean
rxn29083	clean
rxn29084	clean
rxn29085	clean
rxn29086	clean
rxn29087	clean
rxn29088	clean
rxn29089	clean
rxn29090	clean
rxn29093	clean
rxn29094	clean
rxn29095	clean
rxn29097	clean
rxn29098	clean
rxn29100	clean
rxn29101	clean
rxn29102	clean
rxn29104	clean
rxn29106	salvaged
rxn29107	salvaged
rxn29110	clean
rxn29111	clean
rxn29112	clean
rxn29114	clean
rxn29115	clean
rxn29116	clean
rxn29117	clean
rxn29119	clean
rxn29120	clean
rxn29121	clean
rxn29122	clean
rxn29123	clean
rxn29124	clean
rxn29135	clean
rxn29138	clean
rxn29139	clean
rxn29140	clean
rxn29141	clean
rxn29142	clean
rxn29143	clean
rxn29145	clean
rxn29146	clean
rxn29147	clean
rxn29148	clean
rxn29149	clean
rxn29150	salvaged
rxn29151	salvaged
rxn29152	clean
rxn29153	clean
rxn29171	clean
rxn29172	clean
rxn29179	clean
rxn29180	clean
rxn29181	clean
rxn29182	clean
rxn29183	clean
rxn29184	clean
rxn29185	clean
rxn29186	clean
rxn29187	clean
rxn29188	clean
rxn29189	clean
rxn29190	clean
rxn29191	clean
rxn29192	clean
rxn29193	clean
rxn29194	clean
rxn29198	clean
rxn29209	clean
rxn29210	clean
rxn29211	clean
rxn29212	clean
rxn29213	clean
rxn29214	clean
rxn29215	clean
rxn29216	clean
rxn29217	clean
rxn29218	clean
rxn29219	clean
rxn29220	clean
rxn29221	clean
rxn29222	clean
rxn29223	clean
rxn29224	clean
rxn29226	clean
rxn29227	clean
rxn29228	clean
rxn29229	clean
rxn29230	clean
rxn29231	clean
rxn29232	clean
rxn29233	clean
rxn29234	clean
rxn29235	clean
rxn29236	clean
rxn29237	clean
rxn29238	clean
rxn29239	clean
rxn29240	clean
rxn29241	clean
rxn29242	clean
rxn29243	clean
rxn29246	clean
rxn29247	clean
rxn29248	clean
rxn29249	clean
rxn29250	clean
rxn29253	clean
rxn29254	clean
rxn29256	clean
rxn29257	clean
rxn29258	clean
rxn29259	clean
rxn29260	clean
rxn29261	clean
rxn29262	clean
rxn29263	clean
rxn29313	clean
rxn29318	clean
rxn29320	clean
rxn29321	clean
rxn29322	clean
rxn29323	clean
rxn29324	clean
rxn29325	clean
rxn29326	clean
rxn29327	clean
rxn29328	clean
rxn29329	clean
rxn29330	clean
rxn29331	clean
rxn29332	clean
rxn29333	clean
rxn29334	clean
rxn29335	clean
rxn29336	clean
rxn29337	clean
rxn29338	clean
rxn29339	clean
rxn29340	clean
rxn29341	clean
rxn29342	clean
rxn29344	clean
rxn29346	clean
rxn29347	clean
rxn29348	clean
rxn29349	clean
rxn29350	clean
rxn29351	clean
rxn29352	clean
rxn29353	clean
rxn29354	clean
rxn29355	clean
rxn29356	clean
rxn29357	clean
rxn29358	clean
rxn29359	clean
rxn29360	clean
rxn29361	clean
rxn29362	clean
rxn29363	clean
rxn29364	clean
rxn29365	clean
rxn29367	clean
rxn29368	clean
rxn29369	clean
rxn29370	clean
rxn29371	clean
rxn29372	clean
rxn29373	clean
rxn29374	clean
rxn29375	clean
rxn29376	clean
rxn29377	clean
rxn29378	clean
rxn29379	clean
rxn29381	clean
rxn29382	clean
rxn29383	clean
rxn29384	clean
rxn29385	clean
rxn29386	clean
rxn29387	clean
rxn29388	clean
rxn29389	clean
rxn29390	clean
rxn29391	clean
rxn29392	clean
rxn29393	clean
rxn29394	clean
rxn29395	clean
rxn29396	clean
rxn29397	clean
rxn29398	clean
rxn29399	clean
rxn29400	clean
rxn29401	clean
rxn29402	clean
rxn29403	clean
rxn29404	clean
rxn29405	clean
rxn29406	clean
rxn29407	clean
rxn29408	clean
rxn29409	clean
rxn29410	clean
rxn29411	clean
rxn29412	clean
rxn29413	clean
rxn29414	clean
rxn29415	clean
rxn29416	clean
rxn29417	clean
rxn29418	clean
rxn29419	clean
rxn29420	clean
rxn29421	clean
rxn29422	clean
rxn29423	clean
rxn29424	clean
rxn29425	clean
rxn29426	clean
rxn29427	clean
rxn29428	clean
rxn29429	clean
rxn29430	clean
rxn29431	clean
rxn29432	clean
rxn29433	clean
rxn29434	clean
rxn29435	clean
rxn29436	clean
rxn29437	clean
rxn29438	clean
rxn29439	clean
rxn29440	clean
rxn29441	clean
rxn29442	clean
rxn29443	clean
rxn29444	clean
rxn29445	clean
rxn29446	clean
rxn29447	clean
rxn29448	clean
rxn29449	clean
rxn29450	clean
rxn29451	clean
rxn29452	clean
rxn29453	clean
rxn29454	clean
rxn29455	clean
rxn29456	clean
rxn29457	clean
rxn29458	clean
rxn29459	clean
rxn29460	clean
rxn29461	clean
rxn29462	clean
rxn29463	clean
rxn29464	clean
rxn29465	clean
rxn29466	clean
rxn29467	clean
rxn29468	clean
rxn29469	clean
rxn29470	clean
rxn29471	clean
rxn29473	clean
rxn29474	clean
rxn29475	clean
rxn29476	clean
rxn29477	clean
rxn29478	clean
rxn29479	clean
rxn29481	clean
rxn29482	clean
rxn29483	clean
rxn29484	clean
rxn29485	clean
rxn29486	clean
rxn29487	clean
rxn29489	clean
rxn29490	clean
rxn29491	clean
rxn29496	clean
rxn29529	clean
rxn29533	clean
rxn29534	clean
rxn29535	clean
rxn29536	clean
rxn29537	clean
rxn29538	clean
rxn29539	clean
rxn29540	clean
rxn29541	clean
rxn29542	clean
rxn29543	clean
rxn29544	clean
rxn29545	clean
rxn29546	clean
rxn29547	clean
rxn29548	clean
rxn29549	clean
rxn29550	clean
rxn29551	clean
rxn29552	clean
rxn29554	clean
rxn29555	clean
rxn29556	clean
rxn29557	clean
rxn29558	clean
rxn29559	clean
rxn29560	clean
rxn29561	clean
rxn29562	clean
rxn29563	clean
rxn29564	clean
rxn29565	clean
rxn29566	clean
rxn29567	clean
rxn29568	clean
rxn29569	clean
rxn29570	clean
rxn29571	clean
rxn29572	clean
rxn29573	clean
rxn29574	clean
rxn29575	clean
rxn29576	clean
rxn29577	clean
rxn29578	clean
rxn29579	clean
rxn29580	clean
rxn29581	clean
rxn29582	clean
rxn29583	clean
rxn29584	clean
rxn29585	clean
rxn29586	clean
rxn29587	clean
rxn29588	clean
rxn29589	clean
rxn29590	clean
rxn29591	clean
rxn29592	clean
rxn29593	clean
rxn29594	clean
rxn29595	clean
rxn29596	clean
rxn29597	clean
rxn29598	clean
rxn29599	clean
rxn29600	clean
rxn29601	clean
rxn29602	clean
rxn29603	clean
rxn29604	clean
rxn29605	clean
rxn29606	clean
rxn29607	clean
rxn29608	clean
rxn29609	clean
rxn29610	clean
rxn29611	clean
rxn29612	clean
rxn29613	clean
rxn29614	clean
rxn29615	clean
rxn29616	clean
rxn29617	clean
rxn29618	clean
rxn29619	clean
rxn29620	clean
rxn29621	clean
rxn29622	clean
rxn29623	clean
rxn29624	clean
rxn29625	clean
rxn29626	clean
rxn29627	clean
rxn29628	clean
rxn29629	clean
rxn29630	clean
rxn29631	clean
rxn29632	clean
rxn29633	clean
rxn29634	clean
rxn29635	clean
rxn29636	clean
rxn29637	clean
rxn29638	clean
rxn29639	clean
rxn29640	clean
rxn29641	clean
rxn29642	clean
rxn29643	clean
rxn29644	clean
rxn29646	clean
rxn29647	clean
rxn29648	clean
rxn29649	clean
rxn29650	clean
rxn29651	clean
rxn29652	clean
rxn29654	clean
rxn29655	clean
rxn29656	clean
rxn29657	clean
rxn29658	clean
rxn29659	clean
rxn29660	clean
rxn29661	clean
rxn29662	clean
rxn29663	clean
rxn29665	clean
rxn29666	clean
rxn29667	clean
rxn29670	clean
rxn29671	clean
rxn29672	clean
rxn29728	salvaged
rxn29732	clean
rxn29733	clean
rxn29734	clean
rxn29735	clean
rxn29736	clean
rxn29739	clean
rxn29740	clean
rxn29741	clean
rxn29742	clean
rxn29743	clean
rxn29744	clean
rxn29746	clean
rxn29747	clean
rxn29748	clean
rxn29749	clean
rxn29750	clean
rxn29751	clean
rxn29752	clean
rxn29753	clean
rxn29754	clean
rxn29755	clean
rxn29756	clean
rxn29757	clean
rxn29758	clean
rxn29759	clean
rxn29760	clean
rxn29761	clean
rxn29762	clean
rxn29763	clean
rxn29764	clean
rxn29765	clean
rxn29766	clean
rxn29767	clean
rxn29768	clean
rxn29769	clean
rxn29771	clean
rxn29772	clean
rxn29773	clean
rxn29775	clean
rxn29776	clean
rxn29777	clean
rxn29779	clean
rxn29780	clean
rxn29782	clean
rxn29783	clean
rxn29784	clean
rxn29785	clean
rxn29789	salvaged
rxn29791	clean
rxn29824	clean
rxn29826	clean
rxn29827	clean
rxn29828	clean
rxn29829	clean
rxn29830	clean
rxn29832	clean
rxn29833	clean
rxn29834	clean
rxn29835	clean
rxn29836	clean
rxn29837	clean
rxn29838	clean
rxn29839	clean
rxn29840	clean
rxn29841	clean
rxn29842	clean
rxn29843	clean
rxn29844	clean
rxn29845	clean
rxn29847	clean
rxn29849	clean
rxn29852	clean
rxn29853	clean
rxn29854	clean
rxn29855	clean
rxn29856	clean
rxn29857	clean
rxn29858	clean
rxn29859	clean
rxn29860	clean
rxn29861	clean
rxn29862	clean
rxn29863	clean
rxn29864	clean
rxn29865	clean
rxn29866	clean
rxn29867	clean
rxn29868	clean
rxn29869	clean
rxn29870	clean
rxn29871	clean
rxn29872	clean
rxn29873	clean
rxn29874	clean
rxn29875	clean
rxn29879	clean
rxn29880	clean
rxn29881	clean
rxn29883	clean
rxn29885	clean
rxn29887	clean
rxn29888	clean
rxn29890	clean
rxn29891	clean
rxn29892	clean
rxn29893	clean
rxn29894	clean
rxn29895	clean
rxn29897	clean
rxn29898	clean
rxn29899	clean
rxn29900	clean
rxn29901	clean
rxn29902	clean
rxn29903	clean
rxn29904	clean
rxn29905	clean
rxn29906	clean
rxn29907	clean
rxn29908	clean
rxn29909	clean
rxn29910	clean
rxn29911	clean
rxn29912	clean
rxn29913	clean
rxn29914	clean
rxn29915	clean
rxn29918	clean
rxn29919	clean
rxn29920	clean
rxn29921	clean
rxn29922	clean
rxn29923	clean
rxn29924	clean
rxn29928	salvaged
rxn29929	salvaged
rxn29931	salvaged
rxn29936	clean
rxn29937	salvaged
rxn29938	clean
rxn29942	clean
rxn29943	clean
rxn29945	clean
rxn29946	clean
rxn29950	clean
rxn29951	clean
rxn29952	clean
rxn29953	clean
rxn29954	clean
rxn29955	clean
rxn29956	clean
rxn29957	clean
rxn29958	clean
rxn29959	clean
rxn29960	clean
rxn29962	clean
rxn29963	clean
rxn29964	clean
rxn29965	clean
rxn29966	clean
rxn29967	clean
rxn29975	clean
rxn29977	clean
rxn29978	clean
rxn29979	clean
rxn29982	clean
rxn29983	clean
rxn29985	clean
rxn29986	clean
rxn29989	clean
rxn29992	clean
rxn29993	salvaged
rxn29994	clean
rxn29995	clean
rxn29996	clean
rxn29997	clean
rxn29999	clean
rxn30000	clean
rxn30001	clean
rxn30003	clean
rxn30004	clean
rxn30005	clean
rxn30006	clean
rxn30007	clean
rxn30012	clean
rxn30017	clean
rxn30018	clean
rxn30019	clean
rxn30020	clean
rxn30021	clean
rxn30022	clean
rxn30023	clean
rxn30024	clean
rxn30025	clean
rxn30029	clean
rxn30031	clean
rxn30032	clean
rxn30039	salvaged
rxn30040	clean
rxn30041	clean
rxn30042	clean
rxn30044	salvaged
rxn30045	salvaged
rxn30055	clean
rxn30058	clean
rxn30059	clean
rxn30060	clean
rxn30061	clean
rxn30062	clean
rxn30064	clean
rxn30065	clean
rxn30068	clean
rxn30071	clean
rxn30072	salvaged
rxn30074	clean
rxn30076	salvaged
rxn30077	clean
rxn30078	clean
rxn30080	clean
rxn30081	clean
rxn30082	clean
rxn30083	clean
rxn30084	clean
rxn30085	clean
rxn30086	clean
rxn30087	clean
rxn30088	clean
rxn30090	clean
rxn30103	clean
rxn30104	clean
rxn30107	clean
rxn30108	clean
rxn30130	clean
rxn30131	salvaged
rxn30133	clean
rxn30135	clean
rxn30141	salvaged
rxn30142	clean
rxn30143	clean
rxn30144	clean
rxn30145	clean
rxn30146	clean
rxn30149	clean
rxn30151	clean
rxn30152	clean
rxn30153	salvaged
rxn30154	clean
rxn30157	clean
rxn30158	clean
rxn30159	clean
rxn30160	clean
rxn30169	clean
rxn30176	clean
rxn30177	clean
rxn30178	salvaged
rxn30179	clean
rxn30180	clean
rxn30181	clean
rxn30182	clean
rxn30187	clean
rxn30188	clean
rxn30189	clean
rxn30190	clean
rxn30193	salvaged
rxn30194	clean
rxn30195	salvaged
rxn30199	salvaged
rxn30201	salvaged
rxn30204	clean
rxn30205	salvaged
rxn30207	salvaged
rxn30209	clean
rxn30210	clean
rxn30213	salvaged
rxn30214	clean
rxn30216	clean
rxn30217	salvaged
rxn30218	salvaged
rxn30219	clean
rxn30220	clean
rxn30222	clean
rxn30223	clean
rxn30224	clean
rxn30225	clean
rxn30226	clean
rxn30227	clean
rxn30228	clean
rxn30229	clean
rxn30230	clean
rxn30231	clean
rxn30232	clean
rxn30233	clean
rxn30234	clean
rxn30235	clean
rxn30236	clean
rxn30248	clean
rxn30249	clean
rxn30250	clean
rxn30251	clean
rxn30252	salvaged
rxn30253	clean
rxn30254	clean
rxn30255	clean
rxn30256	salvaged
rxn30257	clean
rxn30258	clean
rxn30261	clean
rxn30287	clean
rxn30288	clean
rxn30289	clean
rxn30290	clean
rxn30291	clean
rxn30292	clean
rxn30293	clean
rxn30294	clean
rxn30295	clean
rxn30296	clean
rxn30297	clean
rxn30298	clean
rxn30299	clean
rxn30300	clean
rxn30301	clean
rxn30302	clean
rxn30303	clean
rxn30304	clean
rxn30306	clean
rxn30307	clean
rxn30308	clean
rxn30312	salvaged
rxn30313	clean
rxn30314	clean
rxn30320	clean
rxn30322	clean
rxn30324	clean
rxn30325	clean
rxn30326	clean
rxn30327	clean
rxn30328	clean
rxn30329	salvaged
rxn30330	clean
rxn30331	clean
rxn30332	clean
rxn30333	clean
rxn30334	clean
rxn30335	clean
rxn30337	clean
rxn30339	clean
rxn30341	clean
rxn30344	clean
rxn30345	clean
rxn30346	clean
rxn30347	clean
rxn30348	clean
rxn30349	clean
rxn30350	clean
rxn30351	clean
rxn30353	clean
rxn30355	clean
rxn30356	clean
rxn30361	clean
rxn30362	salvaged
rxn30363	clean
rxn30364	clean
rxn30366	clean
rxn30367	clean
rxn30368	clean
rxn30369	clean
rxn30370	clean
rxn30371	clean
rxn30372	clean
rxn30375	salvaged
rxn30377	salvaged
rxn30380	clean
rxn30381	clean
rxn30382	clean
rxn30383	clean
rxn30384	salvaged
rxn30385	salvaged
rxn30386	clean
rxn30388	clean
rxn30389	clean
rxn30390	clean
rxn30391	clean
rxn30392	clean
rxn30393	clean
rxn30395	clean
rxn30396	salvaged
rxn30397	clean
rxn30398	clean
rxn30399	salvaged
rxn30400	salvaged
rxn30402	clean
rxn30403	clean
rxn30406	clean
rxn30407	clean
rxn30408	clean
rxn30409	clean
rxn30410	clean
rxn30412	salvaged
rxn30413	clean
rxn30414	clean
rxn30415	clean
rxn30416	clean
rxn30417	salvaged
rxn30418	clean
rxn30419	clean
rxn30422	salvaged
rxn30423	clean
rxn30428	salvaged
rxn30429	clean
rxn30430	clean
rxn30431	clean
rxn30432	clean
rxn30433	clean
rxn30434	clean
rxn30435	clean
rxn30436	clean
rxn30437	clean
rxn30438	clean
rxn30439	clean
rxn30440	clean
rxn30441	clean
rxn30442	clean
rxn30444	clean
rxn30446	clean
rxn30447	clean
rxn30450	clean
rxn30451	clean
rxn30452	salvaged
rxn30453	clean
rxn30455	clean
rxn30456	clean
rxn30457	clean
rxn30460	clean
rxn30461	clean
rxn30463	clean
rxn30464	clean
rxn30465	clean
rxn30466	clean
rxn30467	salvaged
rxn30470	clean
rxn30471	clean
rxn30473	clean
rxn30474	clean
rxn30477	clean
rxn30480	salvaged
rxn30481	salvaged
rxn30484	salvaged
rxn30485	clean
rxn30486	clean
rxn30487	clean
rxn30488	clean
rxn30495	clean
rxn30496	clean
rxn30497	clean
rxn30498	clean
rxn30499	salvaged
rxn30500	clean
rxn30501	salvaged
rxn30502	salvaged
rxn30503	clean
rxn30504	clean
rxn30512	clean
rxn30513	clean
rxn30522	clean
rxn30523	salvaged
rxn30524	clean
rxn30525	salvaged
rxn30526	salvaged
rxn30527	clean
rxn30528	clean
rxn30529	clean
rxn30530	clean
rxn30533	salvaged
rxn30534	salvaged
rxn30541	salvaged
rxn30543	salvaged
rxn30544	clean
rxn30545	salvaged
rxn30547	salvaged
rxn30548	clean
rxn30550	clean
rxn30551	salvaged
rxn30552	clean
rxn30553	clean
rxn30554	clean
rxn30557	salvaged
rxn30558	salvaged
rxn30559	salvaged
rxn30561	salvaged
rxn30562	salvaged
rxn30564	salvaged
rxn30566	salvaged
rxn30568	salvaged
rxn30569	salvaged
rxn30570	clean
rxn30571	salvaged
rxn30573	clean
rxn30574	clean
rxn30576	clean
rxn30577	clean
rxn30578	clean
rxn30579	clean
rxn30580	clean
rxn30581	salvaged
rxn30582	clean
rxn30583	clean
rxn30584	clean
rxn30587	salvaged
rxn30588	salvaged
rxn30589	clean
rxn30590	clean
rxn30591	clean
rxn30593	salvaged
rxn30594	salvaged
rxn30595	clean
rxn30596	clean
rxn30597	salvaged
rxn30598	salvaged
rxn30599	clean
rxn30600	clean
rxn30601	clean
rxn30602	clean
rxn30603	clean
rxn30604	clean
rxn30606	clean
rxn30607	clean
rxn30608	salvaged
rxn30609	clean
rxn30610	salvaged
rxn30611	clean
rxn30614	salvaged
rxn30615	clean
rxn30617	clean
rxn30618	clean
rxn30619	clean
rxn30620	clean
rxn30621	salvaged
rxn30622	salvaged
rxn30623	clean
rxn30624	salvaged
rxn30625	salvaged
rxn30626	salvaged
rxn30628	clean
rxn30630	salvaged
rxn30631	salvaged
rxn30632	clean
rxn30633	clean
rxn30634	clean
rxn30635	clean
rxn30636	salvaged
rxn30637	salvaged
rxn30639	clean
rxn30640	clean
rxn30641	clean
rxn30645	clean
rxn30646	clean
rxn30650	salvaged
rxn30651	salvaged
rxn30652	clean
rxn30653	salvaged
rxn30654	clean
rxn30655	salvaged
rxn30656	salvaged
rxn30658	clean
rxn30659	clean
rxn30660	clean
rxn30661	clean
rxn30662	salvaged
rxn30663	salvaged
rxn30664	salvaged
rxn30665	clean
rxn30668	salvaged
rxn30669	clean
rxn30670	salvaged
rxn30671	salvaged
rxn30672	salvaged
rxn30673	clean
rxn30674	clean
rxn30676	clean
rxn30677	clean
rxn30678	salvaged
rxn30679	salvaged
rxn30680	clean
rxn30681	salvaged
rxn30682	clean
rxn30683	clean
rxn30686	clean
rxn30687	salvaged
rxn30689	clean
rxn30692	salvaged
rxn30693	salvaged
rxn30695	salvaged
rxn30697	clean
rxn30698	clean
rxn30699	salvaged
rxn30703	salvaged
rxn30706	clean
rxn30708	clean
rxn30710	clean
rxn30711	salvaged
rxn30713	clean
rxn30714	salvaged
rxn30715	salvaged
rxn30716	salvaged
rxn30717	clean
rxn30719	clean
rxn30720	clean
rxn30721	clean
rxn30722	clean
rxn30726	salvaged
rxn30727	clean
rxn30728	salvaged
rxn30730	salvaged
rxn30731	clean
rxn30732	clean
rxn30733	clean
rxn30734	clean
rxn30736	salvaged
rxn30737	clean
rxn30738	clean
rxn30740	salvaged
rxn30741	clean
rxn30742	clean
rxn30743	clean
rxn30745	salvaged
rxn30746	clean
rxn30748	clean
rxn30750	salvaged
rxn30751	salvaged
rxn30752	clean
rxn30754	salvaged
rxn30755	clean
rxn30758	salvaged
rxn30759	clean
rxn30760	clean
rxn30761	clean
rxn30762	clean
rxn30763	clean
rxn30764	salvaged
rxn30765	clean
rxn30766	clean
rxn30767	salvaged
rxn30768	clean
rxn30769	salvaged
rxn30771	salvaged
rxn30773	clean
rxn30775	salvaged
rxn30778	salvaged
rxn30779	salvaged
rxn30780	clean
rxn30781	salvaged
rxn30782	salvaged
rxn30783	clean
rxn30784	clean
rxn30785	clean
rxn30787	clean
rxn30788	salvaged
rxn30789	clean
rxn30790	salvaged
rxn30792	clean
rxn30794	salvaged
rxn30796	salvaged
rxn30798	salvaged
rxn30799	clean
rxn30800	salvaged
rxn30801	salvaged
rxn30802	salvaged
rxn30803	salvaged
rxn30804	salvaged
rxn30805	clean
rxn30806	salvaged
rxn30808	salvaged
rxn30809	salvaged
rxn30811	clean
rxn30812	clean
rxn30813	clean
rxn30814	clean
rxn30815	clean
rxn30816	salvaged
rxn30817	salvaged
rxn30821	clean
rxn30822	clean
rxn30826	clean
rxn30827	clean
rxn30831	salvaged
rxn30832	salvaged
rxn30836	clean
rxn30838	salvaged
rxn30839	salvaged
rxn30840	clean
rxn30841	clean
rxn30842	clean
rxn30844	clean
rxn30846	clean
rxn30847	clean
rxn30848	clean
rxn30849	salvaged
rxn30850	clean
rxn30853	salvaged
rxn30854	clean
rxn30855	clean
rxn30858	salvaged
rxn30859	clean
rxn30860	clean
rxn30861	salvaged
rxn30863	clean
rxn30864	clean
rxn30865	salvaged
rxn30866	salvaged
rxn30868	salvaged
rxn30870	clean
rxn30871	salvaged
rxn30872	salvaged
rxn30873	clean
rxn30874	clean
rxn30878	clean
rxn30879	clean
rxn30880	clean
rxn30881	clean
rxn30882	clean
rxn30883	clean
rxn30884	salvaged
rxn30885	salvaged
rxn30887	clean
rxn30888	clean
rxn30889	clean
rxn30890	clean
rxn30891	clean
rxn30892	clean
rxn30893	clean
rxn30894	clean
rxn30895	clean
rxn30896	clean
rxn30897	clean
rxn30898	clean
rxn30899	clean
rxn30900	clean
rxn30901	clean
rxn30902	clean
rxn30903	clean
rxn30904	clean
rxn30906	salvaged
rxn30907	clean
rxn30908	clean
rxn30914	clean
rxn30915	salvaged
rxn30916	salvaged
rxn30917	salvaged
rxn30918	salvaged
rxn30919	salvaged
rxn30921	salvaged
rxn30922	clean
rxn30923	salvaged
rxn30925	salvaged
rxn30926	salvaged
rxn30928	clean
rxn30929	salvaged
rxn30930	salvaged
rxn30932	salvaged
rxn30936	salvaged
rxn30937	clean
rxn30938	clean
rxn30939	salvaged
rxn30940	clean
rxn30941	salvaged
rxn30942	salvaged
rxn30943	salvaged
rxn30944	salvaged
rxn30945	clean
rxn30946	salvaged
rxn30947	salvaged
rxn30949	clean
rxn30952	clean
rxn30953	clean
rxn30958	salvaged
rxn30959	clean
rxn30962	salvaged
rxn30963	salvaged
rxn30968	clean
rxn30970	salvaged
rxn30971	clean
rxn30972	clean
rxn30974	clean
rxn30975	salvaged
rxn30976	salvaged
rxn30977	salvaged
rxn30978	salvaged
rxn30979	clean
rxn30980	salvaged
rxn30981	clean
rxn30982	clean
rxn30983	clean
rxn30985	clean
rxn30989	salvaged
rxn30990	salvaged
rxn30991	salvaged
rxn30992	salvaged
rxn30993	salvaged
rxn30995	salvaged
rxn30998	salvaged
rxn30999	clean
rxn31000	clean
rxn31004	clean
rxn31005	clean
rxn31006	clean
rxn31007	clean
rxn31010	clean
rxn31011	clean
rxn31012	salvaged
rxn31014	salvaged
rxn31015	clean
rxn31016	clean
rxn31017	salvaged
rxn31019	clean
rxn31020	clean
rxn31021	clean
rxn31022	clean
rxn31024	salvaged
rxn31025	clean
rxn31026	clean
rxn31028	clean
rxn31031	salvaged
rxn31032	clean
rxn31033	clean
rxn31034	salvaged
rxn31035	salvaged
rxn31036	clean
rxn31037	clean
rxn31038	clean
rxn31039	clean
rxn31040	salvaged
rxn31042	clean
rxn31043	clean
rxn31044	clean
rxn31045	clean
rxn31046	clean
rxn31047	clean
rxn31048	clean
rxn31049	clean
rxn31052	salvaged
rxn31053	clean
rxn31054	clean
rxn31055	salvaged
rxn31056	salvaged
rxn31059	clean
rxn31068	salvaged
rxn31069	salvaged
rxn31070	salvaged
rxn31071	salvaged
rxn31072	salvaged
rxn31076	clean
rxn31077	salvaged
rxn31079	salvaged
rxn31080	salvaged
rxn31083	clean
rxn31084	clean
rxn31085	salvaged
rxn31086	clean
rxn31087	clean
rxn31088	clean
rxn31090	salvaged
rxn31091	clean
rxn31092	salvaged
rxn31094	clean
rxn31095	clean
rxn31096	clean
rxn31097	clean
rxn31098	clean
rxn31099	salvaged
rxn31100	clean
rxn31101	salvaged
rxn31102	salvaged
rxn31103	clean
rxn31104	clean
rxn31106	clean
rxn31107	clean
rxn31155	clean
rxn31156	clean
rxn31157	clean
rxn31158	clean
rxn31159	clean
rxn31160	clean
rxn31162	clean
rxn31163	clean
rxn31164	clean
rxn31165	clean
rxn31166	clean
rxn31167	clean
rxn31168	clean
rxn31169	clean
rxn31170	clean
rxn31171	clean
rxn31172	clean
rxn31173	clean
rxn31174	clean
rxn31175	clean
rxn31176	clean
rxn31177	clean
rxn31179	clean
rxn31180	clean
rxn31181	clean
rxn31182	clean
rxn31183	clean
rxn31184	clean
rxn31185	clean
rxn31186	clean
rxn31187	clean
rxn31188	clean
rxn31189	clean
rxn31190	clean
rxn31191	clean
rxn31192	clean
rxn31193	clean
rxn31194	clean
rxn31195	clean
rxn31196	clean
rxn31197	clean
rxn31198	clean
rxn31199	clean
rxn31200	clean
rxn31201	clean
rxn31203	clean
rxn31205	clean
rxn31207	clean
rxn31208	clean
rxn31209	salvaged
rxn31210	salvaged
rxn31211	clean
rxn31212	clean
rxn31213	clean
rxn31214	clean
rxn31215	salvaged
rxn31218	clean
rxn31221	clean
rxn31222	clean
rxn31223	clean
rxn31226	clean
rxn31227	salvaged
rxn31233	salvaged
rxn31234	salvaged
rxn31235	salvaged
rxn31236	salvaged
rxn31238	salvaged
rxn31240	clean
rxn31241	salvaged
rxn31242	clean
rxn31243	salvaged
rxn31245	clean
rxn31248	salvaged
rxn31250	salvaged
rxn31260	clean
rxn31264	clean
rxn31265	clean
rxn31266	clean
rxn31309	clean
rxn31310	clean
rxn31311	salvaged
rxn31313	clean
rxn31329	clean
rxn31335	clean
rxn31337	salvaged
rxn31338	salvaged
rxn31339	salvaged
rxn31340	salvaged
rxn31341	salvaged
rxn31342	salvaged
rxn31343	salvaged
rxn31344	salvaged
rxn31345	salvaged
rxn31346	salvaged
rxn31352	salvaged
rxn31353	salvaged
rxn31354	clean
rxn31355	salvaged
rxn31356	clean
rxn31358	clean
rxn31359	clean
rxn31360	clean
rxn31362	clean
rxn31363	clean
rxn31364	clean
rxn31365	clean
rxn31366	clean
rxn31381	clean
rxn31382	clean
rxn31384	clean
rxn31385	clean
rxn31388	salvaged
rxn31389	salvaged
rxn31390	salvaged
rxn31391	clean
rxn31392	salvaged
rxn31394	clean
rxn31395	clean
rxn31397	clean
rxn31398	clean
rxn31399	salvaged
rxn31400	clean
rxn31401	salvaged
rxn31405	salvaged
rxn31406	clean
rxn31407	clean
rxn31408	clean
rxn31410	clean
rxn31411	clean
rxn31412	clean
rxn31416	clean
rxn31419	clean
rxn31421	salvaged
rxn31422	clean
rxn31423	clean
rxn31424	clean
rxn31425	salvaged
rxn31428	clean
rxn31430	salvaged
rxn31433	salvaged
rxn31435	clean
rxn31436	clean
rxn31439	clean
rxn31441	clean
rxn31442	salvaged
rxn31443	clean
rxn31444	clean
rxn31449	salvaged
rxn31450	clean
rxn31451	clean
rxn31452	clean
rxn31454	salvaged
rxn31456	salvaged
rxn31457	salvaged
rxn31465	salvaged
rxn31470	clean
rxn31472	salvaged
rxn31473	clean
rxn31474	clean
rxn31477	clean
rxn31478	clean
rxn31508	clean
rxn31511	salvaged
rxn31512	salvaged
rxn31513	salvaged
rxn31515	salvaged
rxn31516	salvaged
rxn31517	clean
rxn31520	salvaged
rxn31522	clean
rxn31524	clean
rxn31528	salvaged
rxn31531	salvaged
rxn31537	salvaged
rxn31538	clean
rxn31539	clean
rxn31541	salvaged
rxn31543	salvaged
rxn31544	clean
rxn31545	salvaged
rxn31547	clean
rxn31550	clean
rxn31551	clean
rxn31552	clean
rxn31553	clean
rxn31554	clean
rxn31555	clean
rxn31556	clean
rxn31557	clean
rxn31558	clean
rxn31559	clean
rxn31560	clean
rxn31561	clean
rxn31562	clean
rxn31563	clean
rxn31564	clean
rxn31565	clean
rxn31566	clean
rxn31567	clean
rxn31568	clean
rxn31569	clean
rxn31570	clean
rxn31571	clean
rxn31572	clean
rxn31573	clean
rxn31574	clean
rxn31575	clean
rxn31576	clean
rxn31577	clean
rxn31578	clean
rxn31579	clean
rxn31580	clean
rxn31581	clean
rxn31582	clean
rxn31583	clean
rxn31584	clean
rxn31585	clean
rxn31591	salvaged
rxn31602	clean
rxn31603	clean
rxn31604	clean
rxn31605	clean
rxn31606	clean
rxn31647	salvaged
rxn31650	salvaged
rxn31655	salvaged
rxn31656	salvaged
rxn31657	salvaged
rxn31658	salvaged
rxn31662	clean
rxn31664	salvaged
rxn31665	salvaged
rxn31670	salvaged
rxn31671	salvaged
rxn31672	salvaged
rxn31673	salvaged
rxn31675	clean
rxn31677	salvaged
rxn31680	salvaged
rxn31681	salvaged
rxn31684	salvaged
rxn31689	salvaged
rxn31692	salvaged
rxn31699	salvaged
rxn31700	salvaged
rxn31703	salvaged
rxn31705	salvaged
rxn31706	salvaged
rxn31709	salvaged
rxn31716	salvaged
rxn31717	salvaged
rxn31719	salvaged
rxn31720	salvaged
rxn31721	salvaged
rxn31723	salvaged
rxn31724	salvaged
rxn31725	salvaged
rxn31728	salvaged
rxn31729	salvaged
rxn31731	salvaged
rxn31734	salvaged
rxn31745	clean
rxn31746	clean
rxn31747	clean
rxn31748	clean
rxn31749	clean
rxn31750	salvaged
rxn31751	clean
rxn31753	clean
rxn31755	clean
rxn31757	clean
rxn31758	clean
rxn31759	clean
rxn31760	clean
rxn31761	clean
rxn31763	clean
rxn31764	clean
rxn31765	clean
rxn31766	clean
rxn31767	clean
rxn31768	clean
rxn31769	clean
rxn31770	clean
rxn31771	clean
rxn31773	clean
rxn31774	salvaged
rxn31775	clean
rxn31776	clean
rxn31777	clean
rxn31778	clean
rxn31779	clean
rxn31780	clean
rxn31781	clean
rxn31782	salvaged
rxn31783	clean
rxn31784	clean
rxn31785	clean
rxn31786	clean
rxn31788	clean
rxn31790	clean
rxn31791	clean
rxn31792	clean
rxn31793	clean
rxn31796	clean
rxn31797	clean
rxn31798	clean
rxn31799	clean
rxn31801	clean
rxn31803	salvaged
rxn31804	clean
rxn31807	salvaged
rxn31808	salvaged
rxn31809	clean
rxn31810	clean
rxn31811	clean
rxn31812	clean
rxn31813	clean
rxn31815	salvaged
rxn31816	salvaged
rxn31817	clean
rxn31818	clean
rxn31819	clean
rxn31820	clean
rxn31821	clean
rxn31822	salvaged
rxn31823	salvaged
rxn31824	salvaged
rxn31825	salvaged
rxn31826	salvaged
rxn31827	clean
rxn31828	clean
rxn31829	clean
rxn31830	clean
rxn31831	clean
rxn31832	clean
rxn31833	clean
rxn31834	clean
rxn31836	clean
rxn31837	clean
rxn31838	clean
rxn31839	clean
rxn31841	clean
rxn31842	clean
rxn31843	clean
rxn31844	clean
rxn31845	clean
rxn31846	clean
rxn31847	clean
rxn31848	clean
rxn31849	clean
rxn31850	clean
rxn31851	clean
rxn31852	clean
rxn31853	clean
rxn31854	clean
rxn31855	clean
rxn31856	clean
rxn31857	clean
rxn31858	clean
rxn31859	clean
rxn31860	clean
rxn31861	clean
rxn31862	clean
rxn31863	clean
rxn31864	clean
rxn31865	clean
rxn31866	clean
rxn31868	clean
rxn31869	clean
rxn31870	clean
rxn31871	clean
rxn31872	clean
rxn31874	clean
rxn31875	clean
rxn31876	clean
rxn31877	clean
rxn31878	clean
rxn31879	salvaged
rxn31880	clean
rxn31881	clean
rxn31882	clean
rxn31883	clean
rxn31884	clean
rxn31885	clean
rxn31886	clean
rxn31888	clean
rxn31889	clean
rxn31890	clean
rxn31891	clean
rxn31892	clean
rxn31893	clean
rxn31894	clean
rxn31895	clean
rxn31896	clean
rxn31897	clean
rxn31898	clean
rxn31899	clean
rxn31900	clean
rxn31901	clean
rxn31902	salvaged
rxn31903	clean
rxn31904	clean
rxn31905	clean
rxn31906	clean
rxn31907	clean
rxn31908	clean
rxn31909	clean
rxn31911	clean
rxn31912	clean
rxn31913	clean
rxn31916	clean
rxn31917	clean
rxn31918	clean
rxn31919	clean
rxn31920	clean
rxn31921	clean
rxn31922	clean
rxn31923	clean
rxn31924	clean
rxn31925	clean
rxn31926	clean
rxn31927	clean
rxn31928	clean
rxn31930	clean
rxn31931	clean
rxn31932	salvaged
rxn31933	clean
rxn31934	clean
rxn31935	clean
rxn31936	clean
rxn31937	clean
rxn31938	clean
rxn31939	clean
rxn31940	clean
rxn31941	clean
rxn31942	clean
rxn31944	clean
rxn31945	salvaged
rxn31946	clean
rxn31947	clean
rxn31949	clean
rxn31950	clean
rxn31952	clean
rxn31953	clean
rxn31954	clean
rxn31955	clean
rxn31956	clean
rxn31957	clean
rxn31958	clean
rxn31959	clean
rxn31960	clean
rxn31961	salvaged
rxn31962	salvaged
rxn31963	clean
rxn31964	clean
rxn31965	clean
rxn31966	clean
rxn31967	clean
rxn31968	clean
rxn31970	clean
rxn31971	clean
rxn31972	clean
rxn31973	clean
rxn31974	clean
rxn31975	salvaged
rxn31976	clean
rxn31977	salvaged
rxn31978	clean
rxn31979	clean
rxn31980	clean
rxn31981	clean
rxn31982	clean
rxn31983	clean
rxn31984	clean
rxn31987	clean
rxn31989	clean
rxn31990	clean
rxn31991	clean
rxn31992	clean
rxn31993	clean
rxn31994	clean
rxn31995	clean
rxn31996	clean
rxn31997	clean
rxn31998	clean
rxn31999	clean
rxn32001	clean
rxn32002	clean
rxn32003	clean
rxn32004	clean
rxn32006	clean
rxn32007	clean
rxn32009	clean
rxn32011	clean
rxn32012	clean
rxn32013	salvaged
rxn32014	clean
rxn32015	clean
rxn32016	clean
rxn32017	clean
rxn32018	clean
rxn32019	clean
rxn32020	clean
rxn32021	clean
rxn32022	clean
rxn32023	clean
rxn32024	clean
rxn32025	clean
rxn32026	clean
rxn32027	clean
rxn32028	clean
rxn32029	clean
rxn32030	clean
rxn32032	salvaged
rxn32033	clean
rxn32034	clean
rxn32036	clean
rxn32037	clean
rxn32038	clean
rxn32039	clean
rxn32040	clean
rxn32041	clean
rxn32042	clean
rxn32043	clean
rxn32044	clean
rxn32045	clean
rxn32046	clean
rxn32047	clean
rxn32048	clean
rxn32049	clean
rxn32050	clean
rxn32051	clean
rxn32052	clean
rxn32053	clean
rxn32057	clean
rxn32058	clean
rxn32059	clean
rxn32060	clean
rxn32061	clean
rxn32062	clean
rxn32063	clean
rxn32064	clean
rxn32065	clean
rxn32067	clean
rxn32068	clean
rxn32069	clean
rxn32070	clean
rxn32071	clean
rxn32072	clean
rxn32073	clean
rxn32074	clean
rxn32075	clean
rxn32076	clean
rxn32077	clean
rxn32078	clean
rxn32079	clean
rxn32080	clean
rxn32081	clean
rxn32084	clean
rxn32085	clean
rxn32086	clean
rxn32087	clean
rxn32088	clean
rxn32089	clean
rxn32091	salvaged
rxn32092	clean
rxn32093	clean
rxn32094	clean
rxn32095	clean
rxn32096	clean
rxn32097	clean
rxn32098	clean
rxn32099	clean
rxn32100	clean
rxn32101	clean
rxn32102	clean
rxn32103	clean
rxn32104	clean
rxn32105	clean
rxn32107	clean
rxn32108	clean
rxn32110	clean
rxn32111	clean
rxn32112	clean
rxn32114	clean
rxn32115	clean
rxn32117	clean
rxn32119	clean
rxn32120	clean
rxn32121	clean
rxn32122	clean
rxn32124	clean
rxn32125	clean
rxn32126	clean
rxn32127	clean
rxn32130	clean
rxn32131	clean
rxn32132	salvaged
rxn32133	salvaged
rxn32134	clean
rxn32135	clean
rxn32136	clean
rxn32137	clean
rxn32138	clean
rxn32139	clean
rxn32141	clean
rxn32142	clean
rxn32143	clean
rxn32144	clean
rxn32145	clean
rxn32146	salvaged
rxn32147	clean
rxn32148	clean
rxn32149	clean
rxn32150	clean
rxn32151	clean
rxn32152	clean
rxn32153	salvaged
rxn32154	clean
rxn32155	clean
rxn32156	clean
rxn32157	clean
rxn32159	clean
rxn32160	clean
rxn32161	clean
rxn32162	clean
rxn32163	clean
rxn32164	clean
rxn32165	clean
rxn32166	salvaged
rxn32167	clean
rxn32168	clean
rxn32170	clean
rxn32171	clean
rxn32173	clean
rxn32174	clean
rxn32175	clean
rxn32176	clean
rxn32178	clean
rxn32183	clean
rxn32184	clean
rxn32185	clean
rxn32186	clean
rxn32187	clean
rxn32188	clean
rxn32189	clean
rxn32190	clean
rxn32191	clean
rxn32192	clean
rxn32193	clean
rxn32194	clean
rxn32195	clean
rxn32196	clean
rxn32198	clean
rxn32199	clean
rxn32200	clean
rxn32201	clean
rxn32202	clean
rxn32203	clean
rxn32204	clean
rxn32205	clean
rxn32206	clean
rxn32207	clean
rxn32209	clean
rxn32210	clean
rxn32211	clean
rxn32212	clean
rxn32213	salvaged
rxn32216	salvaged
rxn32218	clean
rxn32219	clean
rxn32220	clean
rxn32223	clean
rxn32224	clean
rxn32225	clean
rxn32226	clean
rxn32228	clean
rxn32229	clean
rxn32230	clean
rxn32231	clean
rxn32232	clean
rxn32233	clean
rxn32234	clean
rxn32235	clean
rxn32236	clean
rxn32237	clean
rxn32239	salvaged
rxn32240	clean
rxn32241	clean
rxn32242	clean
rxn32243	clean
rxn32244	clean
rxn32245	clean
rxn32246	clean
rxn32247	clean
rxn32248	clean
rxn32250	clean
rxn32251	clean
rxn32253	clean
rxn32255	clean
rxn32258	clean
rxn32259	clean
rxn32260	clean
rxn32261	clean
rxn32262	clean
rxn32263	clean
rxn32264	clean
rxn32265	clean
rxn32266	clean
rxn32268	clean
rxn32269	clean
rxn32270	clean
rxn32271	clean
rxn32272	clean
rxn32274	clean
rxn32275	clean
rxn32281	clean
rxn32282	clean
rxn32284	clean
rxn32285	clean
rxn32286	clean
rxn32288	clean
rxn32289	clean
rxn32290	clean
rxn32291	clean
rxn32292	clean
rxn32293	clean
rxn32295	clean
rxn32296	clean
rxn32297	clean
rxn32298	salvaged
rxn32299	clean
rxn32300	clean
rxn32301	clean
rxn32302	clean
rxn32303	clean
rxn32304	clean
rxn32305	clean
rxn32306	clean
rxn32307	clean
rxn32308	salvaged
rxn32309	clean
rxn32310	clean
rxn32312	clean
rxn32313	clean
rxn32314	clean
rxn32315	salvaged
rxn32316	clean
rxn32317	clean
rxn32318	salvaged
rxn32319	clean
rxn32321	clean
rxn32322	clean
rxn32323	clean
rxn32324	clean
rxn32325	clean
rxn32327	clean
rxn32329	salvaged
rxn32330	salvaged
rxn32331	salvaged
rxn32332	salvaged
rxn32333	clean
rxn32335	clean
rxn32336	clean
rxn32337	clean
rxn32338	clean
rxn32339	clean
rxn32340	clean
rxn32341	clean
rxn32342	clean
rxn32343	clean
rxn32344	salvaged
rxn32345	clean
rxn32346	clean
rxn32347	salvaged
rxn32349	clean
rxn32350	clean
rxn32351	clean
rxn32352	clean
rxn32353	clean
rxn32354	clean
rxn32355	clean
rxn32356	clean
rxn32357	clean
rxn32358	clean
rxn32359	clean
rxn32360	clean
rxn32361	clean
rxn32362	clean
rxn32363	clean
rxn32364	clean
rxn32365	salvaged
rxn32366	clean
rxn32367	clean
rxn32368	clean
rxn32370	clean
rxn32371	clean
rxn32372	clean
rxn32373	clean
rxn32374	clean
rxn32375	clean
rxn32376	clean
rxn32378	clean
rxn32379	clean
rxn32380	clean
rxn32381	salvaged
rxn32382	clean
rxn32383	clean
rxn32384	clean
rxn32385	clean
rxn32386	clean
rxn32387	clean
rxn32388	clean
rxn32389	clean
rxn32391	salvaged
rxn32393	salvaged
rxn32394	salvaged
rxn32395	clean
rxn32397	clean
rxn32399	clean
rxn32401	clean
rxn32402	clean
rxn32403	clean
rxn32404	salvaged
rxn32405	clean
rxn32406	clean
rxn32407	clean
rxn32408	clean
rxn32409	clean
rxn32411	clean
rxn32413	clean
rxn32415	clean
rxn32416	clean
rxn32417	clean
rxn32418	clean
rxn32420	clean
rxn32421	clean
rxn32422	clean
rxn32423	salvaged
rxn32424	clean
rxn32425	salvaged
rxn32426	clean
rxn32428	clean
rxn32429	clean
rxn32430	clean
rxn32431	clean
rxn32432	clean
rxn32434	clean
rxn32435	clean
rxn32437	clean
rxn32438	salvaged
rxn32441	clean
rxn32442	salvaged
rxn32443	clean
rxn32444	salvaged
rxn32445	clean
rxn32446	clean
rxn32449	clean
rxn32450	clean
rxn32451	clean
rxn32452	clean
rxn32454	clean
rxn32455	clean
rxn32456	clean
rxn32458	clean
rxn32460	clean
rxn32462	clean
rxn32464	clean
rxn32465	clean
rxn32469	clean
rxn32470	clean
rxn32471	clean
rxn32473	clean
rxn32474	clean
rxn32475	clean
rxn32476	clean
rxn32477	clean
rxn32478	clean
rxn32479	clean
rxn32480	clean
rxn32481	clean
rxn32482	clean
rxn32484	clean
rxn32485	clean
rxn32486	clean
rxn32487	clean
rxn32488	clean
rxn32489	clean
rxn32490	clean
rxn32492	clean
rxn32493	clean
rxn32495	clean
rxn32497	clean
rxn32498	clean
rxn32499	clean
rxn32500	clean
rxn32501	clean
rxn32502	clean
rxn32503	clean
rxn32504	clean
rxn32505	clean
rxn32506	clean
rxn32507	clean
rxn32508	clean
rxn32509	clean
rxn32510	clean
rxn32511	clean
rxn32512	clean
rxn32513	clean
rxn32514	clean
rxn32515	clean
rxn32516	clean
rxn32517	clean
rxn32518	clean
rxn32519	clean
rxn32520	clean
rxn32522	clean
rxn32525	clean
rxn32526	clean
rxn32527	clean
rxn32529	clean
rxn32530	clean
rxn32531	clean
rxn32533	clean
rxn32534	clean
rxn32535	clean
rxn32536	clean
rxn32541	clean
rxn32542	salvaged
rxn32543	clean
rxn32545	clean
rxn32546	clean
rxn32549	salvaged
rxn32550	clean
rxn32552	clean
rxn32553	clean
rxn32554	clean
rxn32555	clean
rxn32556	clean
rxn32557	clean
rxn32558	clean
rxn32559	clean
rxn32560	clean
rxn32561	clean
rxn32562	clean
rxn32563	clean
rxn32564	clean
rxn32565	clean
rxn32566	clean
rxn32567	clean
rxn32568	clean
rxn32569	clean
rxn32571	clean
rxn32572	clean
rxn32573	clean
rxn32574	clean
rxn32575	clean
rxn32576	clean
rxn32577	clean
rxn32578	clean
rxn32579	clean
rxn32580	clean
rxn32581	clean
rxn32582	clean
rxn32583	clean
rxn32584	clean
rxn32585	clean
rxn32586	clean
rxn32587	clean
rxn32588	clean
rxn32589	clean
rxn32590	clean
rxn32591	clean
rxn32592	clean
rxn32593	clean
rxn32594	clean
rxn32595	clean
rxn32596	clean
rxn32597	salvaged
rxn32598	clean
rxn32599	clean
rxn32601	salvaged
rxn32602	clean
rxn32603	clean
rxn32604	clean
rxn32605	clean
rxn32606	clean
rxn32607	clean
rxn32608	clean
rxn32609	clean
rxn32610	clean
rxn32611	clean
rxn32612	clean
rxn32613	clean
rxn32614	clean
rxn32615	clean
rxn32616	clean
rxn32617	clean
rxn32618	clean
rxn32620	clean
rxn32621	clean
rxn32622	clean
rxn32623	clean
rxn32624	clean
rxn32625	clean
rxn32626	clean
rxn32628	clean
rxn32629	clean
rxn32630	salvaged
rxn32631	clean
rxn32632	clean
rxn32633	clean
rxn32635	clean
rxn32637	clean
rxn32638	clean
rxn32640	clean
rxn32642	clean
rxn32643	salvaged
rxn32645	salvaged
rxn32646	clean
rxn32647	clean
rxn32648	clean
rxn32650	clean
rxn32651	clean
rxn32652	salvaged
rxn32653	clean
rxn32654	clean
rxn32655	clean
rxn32656	clean
rxn32657	clean
rxn32658	clean
rxn32659	clean
rxn32662	clean
rxn32663	clean
rxn32664	clean
rxn32665	clean
rxn32666	clean
rxn32667	clean
rxn32668	clean
rxn32669	clean
rxn32670	clean
rxn32671	clean
rxn32672	clean
rxn32673	clean
rxn32674	clean
rxn32675	clean
rxn32676	clean
rxn32677	clean
rxn32678	clean
rxn32679	clean
rxn32680	clean
rxn32682	clean
rxn32683	clean
rxn32684	clean
rxn32685	clean
rxn32686	clean
rxn32687	clean
rxn32688	clean
rxn32689	clean
rxn32690	salvaged
rxn32694	clean
rxn32695	clean
rxn32696	clean
rxn32697	clean
rxn32698	clean
rxn32699	clean
rxn32700	clean
rxn32701	clean
rxn32702	salvaged
rxn32704	clean
rxn32705	clean
rxn32706	clean
rxn32707	clean
rxn32708	clean
rxn32710	clean
rxn32711	clean
rxn32712	clean
rxn32713	clean
rxn32714	clean
rxn32715	clean
rxn32716	clean
rxn32717	clean
rxn32718	clean
rxn32719	clean
rxn32720	clean
rxn32721	clean
rxn32722	clean
rxn32723	salvaged
rxn32724	salvaged
rxn32725	clean
rxn32726	clean
rxn32727	clean
rxn32728	clean
rxn32729	clean
rxn32730	clean
rxn32731	clean
rxn32733	salvaged
rxn32734	salvaged
rxn32735	clean
rxn32736	clean
rxn32737	clean
rxn32738	clean
rxn32739	clean
rxn32740	salvaged
rxn32742	clean
rxn32743	clean
rxn32744	clean
rxn32745	clean
rxn32746	clean
rxn32747	clean
rxn32748	clean
rxn32750	clean
rxn32752	clean
rxn32753	salvaged
rxn32754	clean
rxn32755	clean
rxn32756	clean
rxn32757	clean
rxn32758	clean
rxn32759	clean
rxn32760	clean
rxn32761	clean
rxn32762	clean
rxn32763	clean
rxn32764	clean
rxn32765	clean
rxn32766	clean
rxn32767	clean
rxn32768	clean
rxn32769	clean
rxn32770	clean
rxn32772	clean
rxn32773	clean
rxn32774	clean
rxn32775	clean
rxn32776	clean
rxn32777	clean
rxn32778	salvaged
rxn32779	clean
rxn32780	salvaged
rxn32781	salvaged
rxn32782	clean
rxn32784	clean
rxn32785	clean
rxn32786	clean
rxn32787	clean
rxn32788	salvaged
rxn32789	clean
rxn32790	clean
rxn32791	clean
rxn32792	clean
rxn32793	salvaged
rxn32794	clean
rxn32795	clean
rxn32797	clean
rxn32798	clean
rxn32802	clean
rxn32803	clean
rxn32804	clean
rxn32805	clean
rxn32807	salvaged
rxn32808	clean
rxn32810	clean
rxn32811	clean
rxn32812	clean
rxn32813	clean
rxn32814	clean
rxn32815	clean
rxn32816	clean
rxn32817	salvaged
rxn32818	clean
rxn32819	clean
rxn32820	clean
rxn32821	clean
rxn32822	salvaged
rxn32823	clean
rxn32824	clean
rxn32825	clean
rxn32826	clean
rxn32828	clean
rxn32829	clean
rxn32830	clean
rxn32831	clean
rxn32832	clean
rxn32833	clean
rxn32834	clean
rxn32835	clean
rxn32836	salvaged
rxn32837	salvaged
rxn32838	salvaged
rxn32839	clean
rxn32840	clean
rxn32841	clean
rxn32842	clean
rxn32843	clean
rxn32844	clean
rxn32846	clean
rxn32847	salvaged
rxn32848	clean
rxn32849	salvaged
rxn32850	clean
rxn32851	clean
rxn32852	clean
rxn32854	clean
rxn32855	clean
rxn32857	clean
rxn32859	clean
rxn32861	clean
rxn32862	salvaged
rxn32863	clean
rxn32865	clean
rxn32867	clean
rxn32868	clean
rxn32871	clean
rxn32872	clean
rxn32873	clean
rxn32874	clean
rxn32875	clean
rxn32876	clean
rxn32877	clean
rxn32878	clean
rxn32879	clean
rxn32880	clean
rxn32881	clean
rxn32882	clean
rxn32883	clean
rxn32884	clean
rxn32885	clean
rxn32886	clean
rxn32889	clean
rxn32891	clean
rxn32892	clean
rxn32893	clean
rxn32894	clean
rxn32895	clean
rxn32896	clean
rxn32897	clean
rxn32898	salvaged
rxn32899	clean
rxn32901	clean
rxn32902	clean
rxn32903	clean
rxn32904	clean
rxn32905	clean
rxn32906	clean
rxn32907	clean
rxn32908	clean
rxn32909	clean
rxn32910	clean
rxn32911	clean
rxn32912	clean
rxn32913	clean
rxn32914	clean
rxn32915	clean
rxn32916	clean
rxn32917	clean
rxn32918	clean
rxn32919	clean
rxn32920	clean
rxn32921	clean
rxn32922	clean
rxn32923	clean
rxn32924	clean
rxn32925	clean
rxn32926	clean
rxn32927	salvaged
rxn32928	clean
rxn32929	clean
rxn32930	clean
rxn32931	clean
rxn32932	clean
rxn32933	clean
rxn32934	clean
rxn32935	clean
rxn32936	clean
rxn32937	clean
rxn32938	clean
rxn32939	clean
rxn32940	clean
rxn32942	clean
rxn32943	clean
rxn32944	clean
rxn32945	clean
rxn32946	clean
rxn32947	clean
rxn32949	clean
rxn32950	clean
rxn32951	salvaged
rxn32952	clean
rxn32954	clean
rxn32956	clean
rxn32957	clean
rxn32959	clean
rxn32961	clean
rxn32962	clean
rxn32963	clean
rxn32964	clean
rxn32966	clean
rxn32967	clean
rxn32968	clean
rxn32969	clean
rxn32970	clean
rxn32971	clean
rxn32972	clean
rxn32973	clean
rxn32974	clean
rxn32975	clean
rxn32976	clean
rxn32977	salvaged
rxn32979	clean
rxn32980	clean
rxn32982	clean
rxn32983	clean
rxn32984	salvaged
rxn32985	clean
rxn32986	clean
rxn32987	clean
rxn32988	clean
rxn32989	clean
rxn32990	clean
rxn32991	clean
rxn32993	clean
rxn32994	clean
rxn32995	clean
rxn32996	clean
rxn32997	clean
rxn32998	clean
rxn32999	clean
rxn33000	clean
rxn33001	clean
rxn33004	clean
rxn33005	clean
rxn33006	clean
rxn33008	clean
rxn33009	clean
rxn33010	clean
rxn33011	clean
rxn33012	clean
rxn33013	clean
rxn33014	clean
rxn33015	clean
rxn33016	clean
rxn33017	clean
rxn33018	clean
rxn33019	clean
rxn33020	clean
rxn33021	clean
rxn33022	clean
rxn33023	clean
rxn33024	clean
rxn33025	clean
rxn33026	clean
rxn33027	clean
rxn33028	clean
rxn33029	clean
rxn33030	clean
rxn33031	clean
rxn33032	clean
rxn33033	clean
rxn33034	clean
rxn33035	clean
rxn33036	clean
rxn33037	clean
rxn33039	clean
rxn33040	clean
rxn33041	clean
rxn33042	clean
rxn33043	clean
rxn33044	clean
rxn33045	clean
rxn33046	clean
rxn33047	clean
rxn33049	clean
rxn33050	clean
rxn33051	clean
rxn33052	clean
rxn33053	clean
rxn33054	clean
rxn33056	clean
rxn33058	clean
rxn33059	salvaged
rxn33060	salvaged
rxn33061	clean
rxn33062	clean
rxn33063	salvaged
rxn33064	salvaged
rxn33065	salvaged
rxn33066	clean
rxn33067	clean
rxn33068	clean
rxn33069	clean
rxn33070	clean
rxn33071	clean
rxn33073	clean
rxn33074	clean
rxn33075	clean
rxn33077	clean
rxn33078	salvaged
rxn33079	clean
rxn33080	clean
rxn33081	clean
rxn33082	clean
rxn33083	salvaged
rxn33085	clean
rxn33086	clean
rxn33088	clean
rxn33089	clean
rxn33090	clean
rxn33091	clean
rxn33093	clean
rxn33094	clean
rxn33095	clean
rxn33096	clean
rxn33097	clean
rxn33098	clean
rxn33100	clean
rxn33101	clean
rxn33102	clean
rxn33103	clean
rxn33104	clean
rxn33105	salvaged
rxn33106	salvaged
rxn33108	salvaged
rxn33109	clean
rxn33110	clean
rxn33111	clean
rxn33112	clean
rxn33113	clean
rxn33114	clean
rxn33115	clean
rxn33116	clean
rxn33117	clean
rxn33118	clean
rxn33119	clean
rxn33120	salvaged
rxn33121	clean
rxn33122	clean
rxn33123	clean
rxn33124	clean
rxn33125	clean
rxn33126	clean
rxn33127	clean
rxn33128	clean
rxn33129	clean
rxn33130	clean
rxn33131	clean
rxn33132	clean
rxn33133	clean
rxn33134	salvaged
rxn33135	clean
rxn33136	clean
rxn33137	clean
rxn33138	clean
rxn33139	salvaged
rxn33140	salvaged
rxn33141	clean
rxn33142	clean
rxn33143	clean
rxn33145	clean
rxn33146	clean
rxn33147	clean
rxn33148	clean
rxn33149	clean
rxn33150	clean
rxn33151	clean
rxn33152	clean
rxn33154	clean
rxn33155	clean
rxn33156	clean
rxn33157	clean
rxn33158	clean
rxn33160	clean
rxn33161	clean
rxn33164	clean
rxn33165	clean
rxn33166	clean
rxn33167	clean
rxn33171	clean
rxn33172	clean
rxn33173	clean
rxn33175	clean
rxn33177	clean
rxn33178	clean
rxn33179	clean
rxn33180	clean
rxn33181	clean
rxn33182	clean
rxn33183	clean
rxn33186	clean
rxn33187	clean
rxn33189	clean
rxn33190	clean
rxn33191	clean
rxn33192	clean
rxn33193	salvaged
rxn33194	clean
rxn33195	clean
rxn33196	clean
rxn33197	clean
rxn33199	clean
rxn33201	clean
rxn33202	clean
rxn33203	clean
rxn33204	clean
rxn33205	clean
rxn33206	clean
rxn33207	clean
rxn33208	clean
rxn33209	clean
rxn33211	clean
rxn33212	clean
rxn33213	clean
rxn33214	clean
rxn33215	clean
rxn33216	clean
rxn33217	clean
rxn33218	clean
rxn33222	clean
rxn33223	clean
rxn33224	clean
rxn33225	clean
rxn33226	clean
rxn33227	clean
rxn33228	clean
rxn33229	clean
rxn33230	clean
rxn33231	clean
rxn33232	clean
rxn33234	clean
rxn33235	clean
rxn33236	clean
rxn33237	clean
rxn33238	clean
rxn33239	clean
rxn33240	clean
rxn33241	clean
rxn33242	clean
rxn33243	clean
rxn33244	clean
rxn33245	clean
rxn33247	clean
rxn33248	clean
rxn33249	clean
rxn33250	clean
rxn33251	clean
rxn33252	clean
rxn33253	clean
rxn33254	clean
rxn33255	clean
rxn33256	clean
rxn33257	clean
rxn33258	clean
rxn33259	clean
rxn33260	clean
rxn33261	clean
rxn33262	salvaged
rxn33263	clean
rxn33264	clean
rxn33265	clean
rxn33266	salvaged
rxn33267	clean
rxn33268	clean
rxn33269	clean
rxn33270	clean
rxn33271	clean
rxn33272	clean
rxn33273	clean
rxn33276	salvaged
rxn33278	clean
rxn33279	clean
rxn33281	salvaged
rxn33282	salvaged
rxn33283	clean
rxn33284	clean
rxn33286	clean
rxn33288	clean
rxn33290	clean
rxn33293	clean
rxn33294	clean
rxn33296	clean
rxn33297	clean
rxn33298	clean
rxn33299	clean
rxn33300	clean
rxn33301	clean
rxn33302	clean
rxn33303	clean
rxn33304	salvaged
rxn33305	clean
rxn33306	clean
rxn33307	clean
rxn33308	clean
rxn33309	clean
rxn33310	clean
rxn33311	clean
rxn33313	clean
rxn33315	clean
rxn33318	clean
rxn33319	clean
rxn33320	clean
rxn33321	clean
rxn33322	clean
rxn33323	salvaged
rxn33324	salvaged
rxn33325	clean
rxn33326	clean
rxn33327	clean
rxn33328	salvaged
rxn33329	clean
rxn33330	clean
rxn33331	clean
rxn33332	clean
rxn33334	clean
rxn33335	salvaged
rxn33336	clean
rxn33337	clean
rxn33338	clean
rxn33339	clean
rxn33341	clean
rxn33343	clean
rxn33344	clean
rxn33345	salvaged
rxn33346	clean
rxn33347	salvaged
rxn33348	clean
rxn33349	salvaged
rxn33350	clean
rxn33351	clean
rxn33352	clean
rxn33353	clean
rxn33354	clean
rxn33355	salvaged
rxn33357	clean
rxn33358	clean
rxn33359	clean
rxn33360	clean
rxn33361	clean
rxn33363	clean
rxn33364	clean
rxn33365	clean
rxn33366	clean
rxn33367	clean
rxn33368	clean
rxn33369	clean
rxn33370	clean
rxn33373	clean
rxn33374	salvaged
rxn33375	clean
rxn33377	clean
rxn33379	clean
rxn33382	clean
rxn33384	clean
rxn33385	clean
rxn33386	clean
rxn33387	clean
rxn33388	salvaged
rxn33389	clean
rxn33391	clean
rxn33392	clean
rxn33393	clean
rxn33394	clean
rxn33396	clean
rxn33397	clean
rxn33398	clean
rxn33400	clean
rxn33401	clean
rxn33402	clean
rxn33403	salvaged
rxn33404	clean
rxn33405	salvaged
rxn33406	clean
rxn33407	salvaged
rxn33408	salvaged
rxn33409	salvaged
rxn33410	clean
rxn33411	salvaged
rxn33412	clean
rxn33413	clean
rxn33414	clean
rxn33415	clean
rxn33417	clean
rxn33419	clean
rxn33420	clean
rxn33423	clean
rxn33425	salvaged
rxn33426	clean
rxn33428	clean
rxn33431	clean
rxn33432	clean
rxn33433	salvaged
rxn33434	clean
rxn33435	clean
rxn33436	clean
rxn33437	clean
rxn33438	salvaged
rxn33439	clean
rxn33440	clean
rxn33441	clean
rxn33442	salvaged
rxn33443	clean
rxn33444	clean
rxn33445	clean
rxn33446	clean
rxn33447	clean
rxn33448	clean
rxn33449	clean
rxn33450	clean
rxn33451	clean
rxn33452	clean
rxn33453	salvaged
rxn33455	clean
rxn33457	clean
rxn33458	salvaged
rxn33460	clean
rxn33461	clean
rxn33463	clean
rxn33464	clean
rxn33465	clean
rxn33466	clean
rxn33469	clean
rxn33470	clean
rxn33471	clean
rxn33472	clean
rxn33473	clean
rxn33474	clean
rxn33475	clean
rxn33476	clean
rxn33478	clean
rxn33479	clean
rxn33480	clean
rxn33481	clean
rxn33482	clean
rxn33483	clean
rxn33484	clean
rxn33485	clean
rxn33486	clean
rxn33487	clean
rxn33488	clean
rxn33489	clean
rxn33490	clean
rxn33491	clean
rxn33492	clean
rxn33493	clean
rxn33494	clean
rxn33496	clean
rxn33497	clean
rxn33498	clean
rxn33499	salvaged
rxn33500	clean
rxn33501	clean
rxn33502	clean
rxn33504	clean
rxn33505	clean
rxn33506	clean
rxn33507	clean
rxn33508	clean
rxn33509	clean
rxn33510	clean
rxn33511	clean
rxn33512	clean
rxn33513	clean
rxn33514	clean
rxn33515	salvaged
rxn33516	salvaged
rxn33517	salvaged
rxn33518	clean
rxn33519	clean
rxn33520	clean
rxn33521	clean
rxn33522	clean
rxn33523	clean
rxn33524	clean
rxn33526	clean
rxn33527	clean
rxn33528	clean
rxn33529	clean
rxn33530	clean
rxn33531	salvaged
rxn33532	clean
rxn33533	clean
rxn33534	clean
rxn33535	clean
rxn33536	clean
rxn33537	clean
rxn33539	salvaged
rxn33540	clean
rxn33542	clean
rxn33543	clean
rxn33544	clean
rxn33545	clean
rxn33546	clean
rxn33547	clean
rxn33549	salvaged
rxn33550	salvaged
rxn33551	clean
rxn33552	clean
rxn33553	clean
rxn33554	clean
rxn33555	clean
rxn33556	salvaged
rxn33557	clean
rxn33558	clean
rxn33559	clean
rxn33560	clean
rxn33561	clean
rxn33563	clean
rxn33564	clean
rxn33565	clean
rxn33566	clean
rxn33567	clean
rxn33568	clean
rxn33569	clean
rxn33570	clean
rxn33571	clean
rxn33572	clean
rxn33573	clean
rxn33575	clean
rxn33577	clean
rxn33580	clean
rxn33581	clean
rxn33582	clean
rxn33584	clean
rxn33586	clean
rxn33587	clean
rxn33589	clean
rxn33590	clean
rxn33591	clean
rxn33592	salvaged
rxn33593	clean
rxn33595	clean
rxn33596	clean
rxn33597	clean
rxn33598	salvaged
rxn33600	clean
rxn33601	clean
rxn33602	clean
rxn33603	clean
rxn33604	clean
rxn33605	clean
rxn33606	clean
rxn33608	clean
rxn33609	clean
rxn33610	clean
rxn33611	clean
rxn33612	clean
rxn33613	clean
rxn33614	clean
rxn33615	clean
rxn33616	clean
rxn33617	clean
rxn33618	salvaged
rxn33619	salvaged
rxn33620	clean
rxn33621	clean
rxn33623	clean
rxn33624	clean
rxn33625	clean
rxn33626	clean
rxn33627	clean
rxn33628	clean
rxn33629	clean
rxn33630	clean
rxn33631	clean
rxn33633	clean
rxn33637	clean
rxn33639	clean
rxn33640	clean
rxn33641	clean
rxn33642	clean
rxn33643	clean
rxn33645	clean
rxn33646	clean
rxn33647	clean
rxn33648	clean
rxn33651	salvaged
rxn33652	clean
rxn33653	clean
rxn33654	clean
rxn33655	clean
rxn33656	salvaged
rxn33657	clean
rxn33658	clean
rxn33659	salvaged
rxn33660	clean
rxn33661	clean
rxn33662	clean
rxn33663	clean
rxn33664	clean
rxn33665	clean
rxn33666	clean
rxn33667	clean
rxn33668	clean
rxn33669	clean
rxn33670	clean
rxn33671	clean
rxn33672	clean
rxn33673	clean
rxn33674	clean
rxn33675	clean
rxn33676	clean
rxn33677	clean
rxn33678	clean
rxn33679	clean
rxn33681	clean
rxn33682	clean
rxn33683	clean
rxn33684	clean
rxn33686	clean
rxn33687	clean
rxn33688	clean
rxn33689	clean
rxn33690	clean
rxn33691	clean
rxn33692	clean
rxn33694	salvaged
rxn33696	clean
rxn33698	clean
rxn33700	clean
rxn33701	clean
rxn33702	clean
rxn33703	clean
rxn33704	clean
rxn33705	clean
rxn33706	clean
rxn33707	salvaged
rxn33708	clean
rxn33710	clean
rxn33711	clean
rxn33712	clean
rxn33713	clean
rxn33714	clean
rxn33715	clean
rxn33716	clean
rxn33717	clean
rxn33718	clean
rxn33719	clean
rxn33720	clean
rxn33721	salvaged
rxn33724	salvaged
rxn33725	salvaged
rxn33726	clean
rxn33727	clean
rxn33728	clean
rxn33729	clean
rxn33731	clean
rxn33732	clean
rxn33733	clean
rxn33734	clean
rxn33735	salvaged
rxn33736	clean
rxn33737	clean
rxn33738	clean
rxn33739	clean
rxn33740	clean
rxn33741	clean
rxn33742	clean
rxn33743	clean
rxn33744	clean
rxn33745	clean
rxn33746	clean
rxn33747	clean
rxn33748	clean
rxn33749	clean
rxn33751	clean
rxn33752	clean
rxn33753	clean
rxn33755	clean
rxn33756	clean
rxn33757	clean
rxn33758	salvaged
rxn33759	clean
rxn33760	clean
rxn33761	clean
rxn33762	clean
rxn33764	clean
rxn33765	clean
rxn33768	clean
rxn33769	clean
rxn33770	clean
rxn33771	clean
rxn33772	clean
rxn33773	clean
rxn33774	clean
rxn33775	clean
rxn33776	clean
rxn33777	clean
rxn33778	salvaged
rxn33779	clean
rxn33780	clean
rxn33781	clean
rxn33782	clean
rxn33783	clean
rxn33784	clean
rxn33785	clean
rxn33786	clean
rxn33788	clean
rxn33789	clean
rxn33790	clean
rxn33791	clean
rxn33793	clean
rxn33794	salvaged
rxn33795	salvaged
rxn33798	salvaged
rxn33801	clean
rxn33804	clean
rxn33806	salvaged
rxn33808	clean
rxn33809	clean
rxn33810	clean
rxn33811	clean
rxn33812	clean
rxn33813	clean
rxn33814	clean
rxn33815	clean
rxn33816	clean
rxn33817	clean
rxn33818	clean
rxn33819	clean
rxn33820	clean
rxn33821	clean
rxn33822	clean
rxn33823	clean
rxn33824	clean
rxn33825	clean
rxn33826	salvaged
rxn33827	clean
rxn33828	clean
rxn33829	clean
rxn33830	clean
rxn33831	clean
rxn33832	clean
rxn33833	clean
rxn33834	clean
rxn33835	clean
rxn33836	clean
rxn33838	clean
rxn33850	salvaged
rxn33851	clean
rxn33852	clean
rxn33853	salvaged
rxn33854	salvaged
rxn33855	salvaged
rxn33856	clean
rxn33857	clean
rxn33858	clean
rxn33859	salvaged
rxn33860	clean
rxn33862	clean
rxn33863	clean
rxn33864	clean
rxn33867	clean
rxn33868	clean
rxn33869	clean
rxn33870	clean
rxn33872	salvaged
rxn33873	clean
rxn33875	salvaged
rxn33877	clean
rxn33880	clean
rxn33881	clean
rxn33882	clean
rxn33884	clean
rxn33885	clean
rxn33888	salvaged
rxn33891	clean
rxn33901	clean
rxn33905	salvaged
rxn33906	salvaged
rxn33912	salvaged
rxn33927	clean
rxn33931	clean
rxn33935	clean
rxn33937	clean
rxn33938	clean
rxn33939	clean
rxn33940	clean
rxn33941	clean
rxn33942	clean
rxn33943	clean
rxn33946	clean
rxn33949	clean
rxn33950	clean
rxn33952	clean
rxn33959	clean
rxn33967	clean
rxn33973	clean
rxn33975	clean
rxn33977	clean
rxn33978	clean
rxn33979	clean
rxn33980	clean
rxn33981	clean
rxn33982	clean
rxn33983	clean
rxn33985	salvaged
rxn33986	clean
rxn33987	clean
rxn33990	clean
rxn33991	clean
rxn33994	clean
rxn33995	clean
rxn34001	clean
rxn34002	clean
rxn34004	clean
rxn34008	salvaged
rxn34009	salvaged
rxn34014	salvaged
rxn34022	clean
rxn34025	salvaged
rxn34027	clean
rxn34051	clean
rxn34053	clean
rxn34055	clean
rxn34058	clean
rxn34059	salvaged
rxn34076	clean
rxn34077	clean
rxn34079	clean
rxn34080	clean
rxn34081	clean
rxn34082	clean
rxn34083	clean
rxn34084	clean
rxn34085	clean
rxn34086	clean
rxn34087	clean
rxn34088	clean
rxn34089	clean
rxn34090	clean
rxn34091	clean
rxn34095	clean
rxn34096	clean
rxn34097	clean
rxn34098	clean
rxn34104	salvaged
rxn34105	salvaged
rxn34106	clean
rxn34107	salvaged
rxn34108	salvaged
rxn34109	salvaged
rxn34112	salvaged
rxn34113	salvaged
rxn34114	salvaged
rxn34115	salvaged
rxn34116	salvaged
rxn34117	salvaged
rxn34118	clean
rxn34119	salvaged
rxn34120	salvaged
rxn34121	salvaged
rxn34122	salvaged
rxn34123	salvaged
rxn34124	salvaged
rxn34125	salvaged
rxn34126	salvaged
rxn34127	clean
rxn34128	salvaged
rxn34129	salvaged
rxn34130	salvaged
rxn34131	salvaged
rxn34132	salvaged
rxn34133	salvaged
rxn34134	salvaged
rxn34135	salvaged
rxn34136	salvaged
rxn34137	salvaged
rxn34138	clean
rxn34139	clean
rxn34140	clean
rxn34141	clean
rxn34142	clean
rxn34143	clean
rxn34144	clean
rxn34145	clean
rxn34146	clean
rxn34147	clean
rxn34148	clean
rxn34149	clean
rxn34150	clean
rxn34151	clean
rxn34152	clean
rxn34153	clean
rxn34155	clean
rxn34156	clean
rxn34157	clean
rxn34158	clean
rxn34159	clean
rxn34160	clean
rxn34161	salvaged
rxn34162	salvaged
rxn34165	clean
rxn34166	clean
rxn34167	clean
rxn34168	clean
rxn34169	salvaged
rxn34170	salvaged
rxn34171	clean
rxn34172	clean
rxn34173	clean
rxn34174	clean
rxn34181	clean
rxn34182	clean
rxn34183	clean
rxn34184	clean
rxn34185	clean
rxn34186	clean
rxn34187	clean
rxn34188	clean
rxn34189	clean
rxn34190	clean
rxn34191	clean
rxn34192	salvaged
rxn34193	salvaged
rxn34194	clean
rxn34196	clean
rxn34197	clean
rxn34198	clean
rxn34199	clean
rxn34202	clean
rxn34203	clean
rxn34204	clean
rxn34206	clean
rxn34210	clean
rxn34211	clean
rxn34212	clean
rxn34213	clean
rxn34214	clean
rxn34215	clean
rxn34216	clean
rxn34217	clean
rxn34218	clean
rxn34220	clean
rxn34221	salvaged
rxn34224	clean
rxn34226	clean
rxn34228	clean
rxn34229	clean
rxn34230	clean
rxn34231	clean
rxn34233	clean
rxn34235	clean
rxn34237	clean
rxn34239	clean
rxn34240	clean
rxn34241	salvaged
rxn34242	salvaged
rxn34243	clean
rxn34244	clean
rxn34245	clean
rxn34246	clean
rxn34247	clean
rxn34248	salvaged
rxn34253	clean
rxn34254	clean
rxn34255	clean
rxn34256	clean
rxn34257	clean
rxn34258	clean
rxn34259	clean
rxn34260	clean
rxn34261	clean
rxn34262	clean
rxn34266	clean
rxn34267	clean
rxn34271	clean
rxn34272	clean
rxn34273	clean
rxn34295	clean
rxn34296	clean
rxn34297	clean
rxn34298	clean
rxn34299	clean
rxn34300	clean
rxn34304	clean
rxn34319	clean
rxn34328	clean
rxn34345	clean
rxn34346	clean
rxn34347	clean
rxn34348	clean
rxn34349	clean
rxn34350	clean
rxn34351	clean
rxn34352	clean
rxn34353	clean
rxn34355	clean
rxn34356	clean
rxn34357	salvaged
rxn34358	clean
rxn34359	clean
rxn34360	clean
rxn34361	clean
rxn34362	clean
rxn34364	clean
rxn34366	clean
rxn34369	clean
rxn34370	salvaged
rxn34371	clean
rxn34373	clean
rxn34374	clean
rxn34375	clean
rxn34376	clean
rxn34377	salvaged
rxn34378	clean
rxn34379	clean
rxn34380	clean
rxn34381	salvaged
rxn34382	clean
rxn34383	clean
rxn34384	clean
rxn34385	clean
rxn34386	clean
rxn34387	clean
rxn34389	clean
rxn34390	clean
rxn34391	clean
rxn34392	clean
rxn34393	clean
rxn34394	clean
rxn34395	clean
rxn34397	salvaged
rxn34398	clean
rxn34399	clean
rxn34400	clean
rxn34402	clean
rxn34403	clean
rxn34404	salvaged
rxn34405	clean
rxn34409	salvaged
rxn34410	clean
rxn34411	clean
rxn34412	clean
rxn34413	clean
rxn34414	clean
rxn34415	clean
rxn34416	clean
rxn34417	clean
rxn34418	clean
rxn34419	clean
rxn34420	clean
rxn34421	clean
rxn34422	clean
rxn34423	salvaged
rxn34424	salvaged
rxn34425	clean
rxn34426	clean
rxn34446	clean
rxn34447	salvaged
rxn34448	clean
rxn34449	clean
rxn34451	clean
rxn34453	clean
rxn34454	clean
rxn34455	clean
rxn34456	clean
rxn34457	clean
rxn34458	clean
rxn34459	clean
rxn34460	clean
rxn34461	clean
rxn34462	clean
rxn34463	clean
rxn34464	salvaged
rxn34465	clean
rxn34466	clean
rxn34467	clean
rxn34468	clean
rxn34469	clean
rxn34470	clean
rxn34474	clean
rxn34475	clean
rxn34476	clean
rxn34477	clean
rxn34478	clean
rxn34479	clean
rxn34480	clean
rxn34481	clean
rxn34482	clean
rxn34483	clean
rxn34484	clean
rxn34485	salvaged
rxn34486	clean
rxn34487	clean
rxn34488	clean
rxn34489	clean
rxn34490	clean
rxn34491	salvaged
rxn34493	salvaged
rxn34494	clean
rxn34495	clean
rxn34496	clean
rxn34497	clean
rxn34498	clean
rxn34499	clean
rxn34500	clean
rxn34501	salvaged
rxn34502	salvaged
rxn34503	clean
rxn34504	clean
rxn34506	clean
rxn34507	clean
rxn34508	clean
rxn34509	clean
rxn34510	clean
rxn34511	clean
rxn34512	clean
rxn34513	clean
rxn34514	clean
rxn34515	clean
rxn34516	clean
rxn34517	clean
rxn34518	clean
rxn34519	clean
rxn34520	clean
rxn34522	salvaged
rxn34523	clean
rxn34524	clean
rxn34525	clean
rxn34526	salvaged
rxn34527	clean
rxn34528	clean
rxn34529	clean
rxn34530	salvaged
rxn34531	salvaged
rxn34532	clean
rxn34533	clean
rxn34534	clean
rxn34535	salvaged
rxn34536	clean
rxn34537	clean
rxn34538	clean
rxn34540	clean
rxn34541	clean
rxn34542	clean
rxn34543	clean
rxn34544	clean
rxn34545	clean
rxn34546	clean
rxn34547	clean
rxn34557	clean
rxn34558	clean
rxn34560	clean
rxn34563	clean
rxn34566	clean
rxn34567	clean
rxn34571	clean
rxn34572	clean
rxn34576	salvaged
rxn34579	clean
rxn34581	clean
rxn34582	clean
rxn34585	clean
rxn34586	clean
rxn34596	clean
rxn34597	clean
rxn34599	clean
rxn34602	salvaged
rxn34613	clean
rxn34618	clean
rxn34626	clean
rxn34627	clean
rxn34630	clean
rxn34632	clean
rxn34633	clean
rxn34638	clean
rxn34640	clean
rxn34641	clean
rxn34648	clean
rxn34662	clean
rxn34663	clean
rxn34665	clean
rxn34670	clean
rxn34671	clean
rxn34672	clean
rxn34674	clean
rxn34676	clean
rxn34677	clean
rxn34679	clean
rxn34682	clean
rxn34683	clean
rxn34685	clean
rxn34692	clean
rxn34705	salvaged
rxn34708	salvaged
rxn34728	clean
rxn34729	clean
rxn34730	clean
rxn34731	clean
rxn34732	clean
rxn34733	clean
rxn34734	clean
rxn34735	clean
rxn34736	clean
rxn34737	clean
rxn34738	clean
rxn34739	clean
rxn34755	salvaged
rxn34758	clean
rxn34759	clean
rxn34760	clean
rxn34763	clean
rxn34765	clean
rxn34768	clean
rxn34769	clean
rxn34770	clean
rxn34771	clean
rxn34775	clean
rxn34776	clean
rxn34777	clean
rxn34778	clean
rxn34779	clean
rxn34780	clean
rxn34781	clean
rxn34782	clean
rxn34784	clean
rxn34785	clean
rxn34786	salvaged
rxn34787	clean
rxn34788	salvaged
rxn34789	salvaged
rxn34790	clean
rxn34791	clean
rxn34792	clean
rxn34793	clean
rxn34797	salvaged
rxn34798	salvaged
rxn35164	clean
rxn35165	salvaged
rxn35209	clean
rxn35211	salvaged
rxn35214	clean
rxn35215	clean
rxn35218	clean
rxn35234	clean
rxn35241	clean
rxn35242	clean
rxn35245	clean
rxn35246	clean
rxn35247	clean
rxn35254	clean
rxn35258	clean
rxn35270	clean
rxn35273	salvaged
rxn35274	clean
rxn35281	clean
rxn35282	clean
rxn35284	clean
rxn35310	salvaged
rxn35311	salvaged
rxn35315	clean
rxn35316	clean
rxn35318	clean
rxn35319	clean
rxn35320	clean
rxn35343	salvaged
rxn35344	clean
rxn35345	clean
rxn35346	clean
rxn35347	clean
rxn35348	clean
rxn35351	clean
rxn35352	salvaged
rxn35353	clean
rxn35355	clean
rxn35356	clean
rxn35359	clean
rxn35369	clean
rxn35370	clean
rxn35371	salvaged
rxn35372	clean
rxn35373	salvaged
rxn35376	clean
rxn35377	salvaged
rxn35385	salvaged
rxn35386	salvaged
rxn35387	salvaged
rxn35388	salvaged
rxn35399	salvaged
rxn35404	salvaged
rxn35409	clean
rxn35411	salvaged
rxn35412	clean
rxn35413	clean
rxn35414	salvaged
rxn35416	clean
rxn35417	clean
rxn35418	clean
rxn35424	clean
rxn35425	clean
rxn35427	clean
rxn35428	clean
rxn35429	clean
rxn35430	clean
rxn35431	clean
rxn35432	clean
rxn35433	clean
rxn35435	clean
rxn35436	salvaged
rxn35437	clean
rxn35438	clean
rxn35439	clean
rxn35440	clean
rxn35442	clean
rxn35443	clean
rxn35444	clean
rxn35447	clean
rxn35448	clean
rxn35449	clean
rxn35450	clean
rxn35452	clean
rxn35456	clean
rxn35461	salvaged
rxn35464	clean
rxn35465	clean
rxn35467	salvaged
rxn35472	clean
rxn35473	clean
rxn35475	clean
rxn35479	clean
rxn35480	clean
rxn35484	clean
rxn35505	clean
rxn35517	clean
rxn35518	clean
rxn35519	clean
rxn35524	clean
rxn35525	clean
rxn35526	clean
rxn35527	clean
rxn35528	clean
rxn35529	clean
rxn35530	clean
rxn35531	clean
rxn35533	clean
rxn35536	clean
rxn35537	salvaged
rxn35538	salvaged
rxn35539	clean
rxn35540	clean
rxn35541	clean
rxn35543	clean
rxn35544	clean
rxn35545	clean
rxn35547	clean
rxn35548	salvaged
rxn35550	clean
rxn35551	clean
rxn35552	clean
rxn35554	salvaged
rxn35556	clean
rxn35560	clean
rxn35561	clean
rxn35562	salvaged
rxn35563	salvaged
rxn35568	salvaged
rxn35569	salvaged
rxn35570	salvaged
rxn35571	clean
rxn35572	clean
rxn35573	salvaged
rxn35575	clean
rxn35582	clean
rxn35583	clean
rxn35584	clean
rxn35585	clean
rxn35586	clean
rxn35587	clean
rxn35588	clean
rxn35589	clean
rxn35590	clean
rxn35591	clean
rxn35592	clean
rxn35593	clean
rxn35594	clean
rxn35595	clean
rxn35596	clean
rxn35597	clean
rxn35598	clean
rxn35599	clean
rxn35600	clean
rxn35601	clean
rxn35602	clean
rxn35603	clean
rxn35604	clean
rxn35605	clean
rxn35606	clean
rxn35607	clean
rxn35608	clean
rxn35609	clean
rxn35610	clean
rxn35611	clean
rxn35612	clean
rxn35613	clean
rxn35614	clean
rxn35615	clean
rxn35617	clean
rxn35618	clean
rxn35620	clean
rxn35621	clean
rxn35624	clean
rxn35625	clean
rxn35626	clean
rxn35627	clean
rxn35628	clean
rxn35629	clean
rxn35630	clean
rxn35632	clean
rxn35633	clean
rxn35634	clean
rxn35635	clean
rxn35636	clean
rxn35637	clean
rxn35638	clean
rxn35639	clean
rxn35640	clean
rxn35641	clean
rxn35642	salvaged
rxn35643	salvaged
rxn35644	salvaged
rxn35645	salvaged
rxn35646	salvaged
rxn35647	salvaged
rxn35648	salvaged
rxn35649	salvaged
rxn35650	salvaged
rxn35651	salvaged
rxn35652	salvaged
rxn35653	salvaged
rxn35654	salvaged
rxn35655	salvaged
rxn35656	salvaged
rxn35657	salvaged
rxn35658	salvaged
rxn35659	salvaged
rxn35660	salvaged
rxn35661	salvaged
rxn35662	salvaged
rxn35663	salvaged
rxn35664	salvaged
rxn35665	salvaged
rxn35666	clean
rxn35667	clean
rxn35668	clean
rxn35669	salvaged
rxn35670	clean
rxn35671	clean
rxn35672	clean
rxn35673	clean
rxn35675	salvaged
rxn35676	clean
rxn35678	clean
rxn35679	clean
rxn35681	clean
rxn35682	clean
rxn35683	clean
rxn35684	clean
rxn35685	clean
rxn35686	clean
rxn35687	clean
rxn35688	clean
rxn35689	clean
rxn35690	clean
rxn35691	clean
rxn35692	clean
rxn35693	clean
rxn35694	clean
rxn35695	clean
rxn35696	clean
rxn35697	clean
rxn35698	clean
rxn35699	clean
rxn35700	clean
rxn35701	clean
rxn35702	clean
rxn35703	clean
rxn35704	clean
rxn35705	clean
rxn35706	clean
rxn35707	clean
rxn35708	clean
rxn35709	clean
rxn35710	clean
rxn35711	clean
rxn35712	clean
rxn35713	clean
rxn35714	clean
rxn35715	clean
rxn35716	clean
rxn35717	clean
rxn35718	clean
rxn35719	clean
rxn35720	clean
rxn35721	clean
rxn35722	clean
rxn35723	clean
rxn35724	clean
rxn35725	clean
rxn35726	clean
rxn35727	clean
rxn35728	clean
rxn35729	clean
rxn35730	clean
rxn35731	clean
rxn35732	clean
rxn35733	clean
rxn35734	clean
rxn35735	clean
rxn35736	clean
rxn35737	clean
rxn35738	clean
rxn35739	clean
rxn35740	clean
rxn35741	clean
rxn35742	clean
rxn35743	clean
rxn35744	clean
rxn35745	clean
rxn35746	clean
rxn35747	clean
rxn35748	clean
rxn35749	clean
rxn35750	clean
rxn35751	clean
rxn35752	clean
rxn35753	clean
rxn35754	clean
rxn35755	clean
rxn35756	clean
rxn35757	clean
rxn35758	clean
rxn35759	clean
rxn35760	clean
rxn35761	clean
rxn35762	clean
rxn35763	clean
rxn35764	clean
rxn35765	clean
rxn35766	clean
rxn35767	clean
rxn35768	clean
rxn35769	clean
rxn35770	clean
rxn35771	clean
rxn35772	clean
rxn35773	clean
rxn35774	clean
rxn35775	clean
rxn35776	clean
rxn35777	clean
rxn35778	clean
rxn35779	clean
rxn35780	clean
rxn35781	clean
rxn35782	clean
rxn35783	clean
rxn35784	clean
rxn35785	clean
rxn35786	clean
rxn35787	clean
rxn35788	clean
rxn35789	clean
rxn35790	clean
rxn35791	clean
rxn35792	clean
rxn35793	clean
rxn35794	clean
rxn35795	clean
rxn35796	clean
rxn35797	clean
rxn35798	clean
rxn35799	clean
rxn35800	clean
rxn35801	clean
rxn35802	clean
rxn35803	clean
rxn35804	clean
rxn35805	clean
rxn35806	clean
rxn35807	clean
rxn35808	clean
rxn35809	clean
rxn35810	clean
rxn35811	clean
rxn35812	clean
rxn35813	clean
rxn35814	clean
rxn35815	clean
rxn35816	clean
rxn35817	clean
rxn35818	clean
rxn35819	clean
rxn35820	clean
rxn35821	clean
rxn35822	clean
rxn35823	clean
rxn35824	clean
rxn35825	clean
rxn35826	clean
rxn35827	clean
rxn35828	clean
rxn35829	clean
rxn35830	clean
rxn35831	clean
rxn35832	clean
rxn35833	clean
rxn35834	clean
rxn35835	clean
rxn35836	clean
rxn35837	clean
rxn35838	clean
rxn35839	clean
rxn35840	clean
rxn35841	clean
rxn35842	clean
rxn35843	clean
rxn35844	clean
rxn35845	clean
rxn35846	clean
rxn35847	clean
rxn35848	clean
rxn35849	clean
rxn35850	clean
rxn35851	clean
rxn35852	clean
rxn35853	clean
rxn35854	clean
rxn35855	clean
rxn35856	clean
rxn35857	clean
rxn35858	clean
rxn35859	clean
rxn35860	clean
rxn35861	clean
rxn35862	clean
rxn35863	clean
rxn35864	clean
rxn35865	clean
rxn35866	clean
rxn35867	clean
rxn35868	clean
rxn35869	clean
rxn35870	clean
rxn35871	clean
rxn35872	clean
rxn35873	clean
rxn35874	clean
rxn35875	clean
rxn35876	clean
rxn35877	clean
rxn35878	clean
rxn35879	clean
rxn35880	clean
rxn35881	clean
rxn35882	clean
rxn35883	clean
rxn35884	clean
rxn35885	clean
rxn35886	clean
rxn35887	clean
rxn35888	clean
rxn35889	clean
rxn35890	clean
rxn35891	clean
rxn35892	clean
rxn35893	clean
rxn35894	clean
rxn35895	clean
rxn35896	clean
rxn35897	clean
rxn35898	clean
rxn35899	clean
rxn35900	clean
rxn35901	clean
rxn35902	clean
rxn35903	clean
rxn35904	clean
rxn35905	clean
rxn35906	clean
rxn35907	clean
rxn35908	clean
rxn35909	clean
rxn35910	clean
rxn35911	clean
rxn35912	clean
rxn35913	clean
rxn35914	clean
rxn35915	clean
rxn35916	clean
rxn35917	clean
rxn35918	clean
rxn35919	clean
rxn35920	clean
rxn35921	clean
rxn35922	clean
rxn35923	clean
rxn35924	clean
rxn35925	clean
rxn35926	clean
rxn35927	clean
rxn35928	clean
rxn35929	clean
rxn35930	clean
rxn35931	clean
rxn35932	clean
rxn35933	clean
rxn35934	clean
rxn35935	clean
rxn35936	clean
rxn35937	clean
rxn35938	clean
rxn35939	clean
rxn35940	clean
rxn35941	clean
rxn35942	clean
rxn35943	clean
rxn35944	clean
rxn35945	clean
rxn35946	clean
rxn35947	clean
rxn35948	clean
rxn35949	clean
rxn35950	clean
rxn35951	clean
rxn35952	clean
rxn35953	clean
rxn35954	clean
rxn35955	clean
rxn35956	clean
rxn35957	clean
rxn35958	clean
rxn35959	clean
rxn35960	clean
rxn35961	clean
rxn35962	clean
rxn35963	clean
rxn35964	clean
rxn35965	clean
rxn35966	clean
rxn35967	clean
rxn35968	clean
rxn35969	clean
rxn35970	clean
rxn35971	clean
rxn35972	clean
rxn35973	clean
rxn35974	clean
rxn35975	clean
rxn35976	clean
rxn35977	clean
rxn35978	clean
rxn35979	clean
rxn35980	clean
rxn35981	clean
rxn35982	clean
rxn35983	clean
rxn35984	clean
rxn35985	clean
rxn35986	clean
rxn35987	clean
rxn35988	clean
rxn35989	clean
rxn35990	clean
rxn35991	clean
rxn35992	clean
rxn35993	clean
rxn35994	clean
rxn35995	clean
rxn35996	clean
rxn35997	clean
rxn35998	clean
rxn35999	clean
rxn36000	clean
rxn36001	clean
rxn36002	clean
rxn36003	clean
rxn36004	clean
rxn36005	clean
rxn36006	clean
rxn36007	clean
rxn36008	clean
rxn36009	clean
rxn36010	clean
rxn36011	clean
rxn36012	clean
rxn36013	clean
rxn36014	clean
rxn36015	clean
rxn36016	clean
rxn36017	clean
rxn36018	clean
rxn36019	clean
rxn36020	clean
rxn36021	clean
rxn36022	clean
rxn36023	clean
rxn36024	clean
rxn36025	clean
rxn36026	clean
rxn36027	clean
rxn36028	clean
rxn36029	clean
rxn36030	clean
rxn36031	clean
rxn36032	clean
rxn36033	clean
rxn36034	clean
rxn36035	clean
rxn36036	clean
rxn36037	clean
rxn36038	clean
rxn36039	clean
rxn36040	clean
rxn36041	clean
rxn36042	clean
rxn36043	clean
rxn36044	clean
rxn36045	clean
rxn36046	clean
rxn36047	clean
rxn36048	clean
rxn36049	clean
rxn36050	clean
rxn36051	clean
rxn36052	clean
rxn36053	clean
rxn36054	clean
rxn36055	clean
rxn36056	clean
rxn36057	clean
rxn36058	clean
rxn36059	clean
rxn36060	clean
rxn36061	clean
rxn36062	clean
rxn36063	clean
rxn36064	clean
rxn36065	clean
rxn36066	clean
rxn36067	clean
rxn36068	clean
rxn36069	clean
rxn36070	clean
rxn36071	clean
rxn36072	clean
rxn36073	clean
rxn36074	clean
rxn36075	clean
rxn36076	clean
rxn36077	clean
rxn36078	clean
rxn36079	clean
rxn36080	clean
rxn36081	clean
rxn36082	clean
rxn36083	clean
rxn36084	clean
rxn36085	clean
rxn36086	clean
rxn36087	clean
rxn36088	clean
rxn36089	clean
rxn36090	clean
rxn36091	clean
rxn36092	clean
rxn36093	clean
rxn36094	clean
rxn36095	clean
rxn36096	clean
rxn36097	clean
rxn36098	clean
rxn36099	clean
rxn36100	clean
rxn36101	clean
rxn36102	clean
rxn36103	clean
rxn36104	clean
rxn36105	clean
rxn36106	clean
rxn36107	clean
rxn36108	clean
rxn36109	clean
rxn36110	clean
rxn36111	clean
rxn36112	clean
rxn36113	clean
rxn36114	clean
rxn36115	clean
rxn36116	clean
rxn36117	clean
rxn36118	clean
rxn36119	clean
rxn36120	clean
rxn36121	clean
rxn36122	clean
rxn36123	clean
rxn36124	clean
rxn36125	clean
rxn36126	clean
rxn36127	clean
rxn36128	clean
rxn36129	clean
rxn36130	clean
rxn36131	clean
rxn36132	clean
rxn36133	clean
rxn36134	clean
rxn36135	clean
rxn36136	clean
rxn36137	clean
rxn36138	clean
rxn36139	clean
rxn36140	clean
rxn36141	clean
rxn36142	clean
rxn36143	clean
rxn36144	clean
rxn36145	clean
rxn36146	clean
rxn36147	clean
rxn36148	clean
rxn36149	clean
rxn36150	clean
rxn36151	clean
rxn36152	clean
rxn36153	clean
rxn36154	clean
rxn36155	clean
rxn36156	clean
rxn36157	clean
rxn36158	clean
rxn36159	clean
rxn36160	clean
rxn36161	clean
rxn36162	clean
rxn36163	clean
rxn36164	clean
rxn36165	clean
rxn36166	clean
rxn36167	clean
rxn36168	clean
rxn36169	clean
rxn36170	clean
rxn36171	clean
rxn36172	clean
rxn36173	clean
rxn36174	clean
rxn36175	clean
rxn36176	clean
rxn36177	clean
rxn36178	clean
rxn36179	clean
rxn36180	clean
rxn36181	clean
rxn36182	clean
rxn36183	clean
rxn36184	clean
rxn36185	clean
rxn36186	clean
rxn36187	clean
rxn36188	clean
rxn36189	clean
rxn36190	clean
rxn36191	clean
rxn36192	clean
rxn36193	clean
rxn36194	clean
rxn36195	clean
rxn36196	clean
rxn36197	clean
rxn36198	clean
rxn36199	clean
rxn36200	clean
rxn36201	clean
rxn36202	clean
rxn36203	clean
rxn36204	clean
rxn36205	clean
rxn36206	clean
rxn36207	clean
rxn36208	clean
rxn36209	clean
rxn36210	clean
rxn36211	clean
rxn36212	clean
rxn36213	clean
rxn36214	clean
rxn36215	clean
rxn36216	clean
rxn36217	clean
rxn36218	clean
rxn36219	clean
rxn36220	clean
rxn36221	clean
rxn36222	clean
rxn36223	clean
rxn36224	clean
rxn36225	clean
rxn36226	clean
rxn36227	clean
rxn36228	clean
rxn36229	clean
rxn36230	clean
rxn36231	clean
rxn36232	clean
rxn36233	clean
rxn36234	clean
rxn36235	clean
rxn36236	clean
rxn36237	clean
rxn36238	clean
rxn36239	clean
rxn36240	clean
rxn36241	clean
rxn36242	clean
rxn36243	clean
rxn36244	clean
rxn36245	clean
rxn36246	clean
rxn36247	clean
rxn36248	clean
rxn36249	clean
rxn36250	clean
rxn36251	clean
rxn36252	clean
rxn36253	clean
rxn36254	clean
rxn36255	clean
rxn36256	clean
rxn36257	clean
rxn36258	clean
rxn36259	clean
rxn36260	clean
rxn36261	clean
rxn36262	clean
rxn36263	clean
rxn36264	clean
rxn36265	clean
rxn36266	clean
rxn36267	clean
rxn36268	clean
rxn36269	clean
rxn36270	clean
rxn36271	clean
rxn36272	clean
rxn36273	clean
rxn36274	clean
rxn36275	clean
rxn36276	clean
rxn36277	clean
rxn36278	clean
rxn36279	clean
rxn36280	clean
rxn36281	clean
rxn36282	clean
rxn36283	clean
rxn36284	clean
rxn36285	clean
rxn36286	clean
rxn36287	clean
rxn36288	clean
rxn36289	clean
rxn36290	clean
rxn36291	clean
rxn36292	clean
rxn36293	clean
rxn36294	clean
rxn36295	clean
rxn36296	clean
rxn36297	clean
rxn36298	clean
rxn36299	clean
rxn36300	clean
rxn36301	clean
rxn36302	clean
rxn36303	clean
rxn36304	clean
rxn36305	clean
rxn36306	clean
rxn36307	clean
rxn36308	clean
rxn36309	clean
rxn36310	clean
rxn36311	clean
rxn36312	clean
rxn36313	clean
rxn36314	clean
rxn36315	clean
rxn36316	clean
rxn36317	clean
rxn36318	clean
rxn36319	clean
rxn36320	clean
rxn36321	clean
rxn36322	clean
rxn36323	clean
rxn36324	clean
rxn36325	clean
rxn36326	clean
rxn36327	clean
rxn36328	clean
rxn36329	clean
rxn36330	clean
rxn36331	clean
rxn36332	clean
rxn36333	clean
rxn36334	clean
rxn36335	clean
rxn36336	clean
rxn36337	clean
rxn36338	clean
rxn36339	clean
rxn36340	clean
rxn36341	clean
rxn36342	clean
rxn36343	clean
rxn36344	clean
rxn36345	clean
rxn36346	clean
rxn36347	clean
rxn36348	clean
rxn36349	clean
rxn36350	clean
rxn36351	clean
rxn36352	clean
rxn36353	clean
rxn36354	clean
rxn36355	clean
rxn36356	clean
rxn36357	clean
rxn36358	clean
rxn36359	clean
rxn36360	clean
rxn36361	clean
rxn36362	clean
rxn36363	clean
rxn36364	clean
rxn36365	clean
rxn36366	clean
rxn36367	clean
rxn36368	clean
rxn36369	clean
rxn36370	clean
rxn36371	clean
rxn36372	clean
rxn36373	clean
rxn36374	clean
rxn36375	clean
rxn36376	clean
rxn36377	clean
rxn36378	clean
rxn36379	clean
rxn36380	clean
rxn36381	clean
rxn36382	clean
rxn36383	clean
rxn36384	clean
rxn36385	clean
rxn36386	clean
rxn36387	clean
rxn36388	clean
rxn36389	clean
rxn36390	clean
rxn36391	clean
rxn36392	clean
rxn36393	clean
rxn36394	clean
rxn36395	clean
rxn36396	clean
rxn36397	clean
rxn36398	clean
rxn36399	clean
rxn36400	clean
rxn36401	clean
rxn36402	clean
rxn36403	clean
rxn36404	clean
rxn36405	clean
rxn36406	clean
rxn36407	clean
rxn36408	clean
rxn36409	clean
rxn36410	clean
rxn36411	clean
rxn36412	clean
rxn36413	clean
rxn36414	clean
rxn36415	clean
rxn36416	clean
rxn36417	clean
rxn36418	clean
rxn36419	clean
rxn36420	clean
rxn36421	clean
rxn36422	clean
rxn36423	clean
rxn36424	clean
rxn36425	clean
rxn36426	clean
rxn36427	clean
rxn36428	clean
rxn36429	clean
rxn36430	clean
rxn36431	clean
rxn36432	clean
rxn36433	clean
rxn36434	clean
rxn36435	clean
rxn36436	clean
rxn36437	clean
rxn36438	clean
rxn36439	clean
rxn36440	clean
rxn36441	clean
rxn36442	clean
rxn36443	clean
rxn36444	clean
rxn36445	clean
rxn36446	clean
rxn36447	clean
rxn36448	clean
rxn36449	clean
rxn36450	clean
rxn36451	clean
rxn36452	clean
rxn36453	clean
rxn36454	clean
rxn36455	clean
rxn36456	clean
rxn36457	clean
rxn36458	clean
rxn36459	clean
rxn36460	clean
rxn36461	clean
rxn36462	clean
rxn36463	clean
rxn36464	clean
rxn36465	clean
rxn36466	clean
rxn36467	clean
rxn36468	clean
rxn36469	clean
rxn36470	clean
rxn36471	clean
rxn36472	clean
rxn36473	clean
rxn36474	clean
rxn36475	clean
rxn36476	clean
rxn36477	clean
rxn36478	clean
rxn36479	clean
rxn36480	clean
rxn36481	clean
rxn36482	clean
rxn36483	clean
rxn36484	clean
rxn36485	clean
rxn36486	clean
rxn36487	clean
rxn36488	clean
rxn36489	clean
rxn36490	clean
rxn36491	clean
rxn36492	clean
rxn36493	clean
rxn36494	clean
rxn36495	clean
rxn36496	clean
rxn36497	clean
rxn36498	clean
rxn36499	clean
rxn36500	clean
rxn36501	clean
rxn36502	clean
rxn36503	clean
rxn36504	clean
rxn36505	clean
rxn36506	clean
rxn36507	clean
rxn36508	clean
rxn36509	clean
rxn36510	clean
rxn36511	clean
rxn36512	clean
rxn36513	clean
rxn36514	clean
rxn36515	clean
rxn36516	clean
rxn36517	clean
rxn36518	clean
rxn36519	clean
rxn36520	clean
rxn36521	clean
rxn36522	clean
rxn36523	clean
rxn36524	clean
rxn36525	clean
rxn36526	clean
rxn36527	clean
rxn36528	clean
rxn36529	clean
rxn36530	clean
rxn36531	clean
rxn36532	clean
rxn36533	clean
rxn36534	clean
rxn36535	clean
rxn36536	clean
rxn36537	clean
rxn36538	clean
rxn36539	clean
rxn36540	clean
rxn36541	clean
rxn36542	clean
rxn36543	clean
rxn36544	clean
rxn36545	clean
rxn36546	clean
rxn36547	clean
rxn36548	clean
rxn36549	clean
rxn36550	clean
rxn36551	clean
rxn36552	clean
rxn36553	clean
rxn36554	clean
rxn36555	clean
rxn36556	clean
rxn36557	clean
rxn36558	clean
rxn36559	clean
rxn36560	clean
rxn36561	clean
rxn36562	clean
rxn36563	clean
rxn36564	clean
rxn36565	clean
rxn36566	clean
rxn36567	clean
rxn36568	clean
rxn36569	clean
rxn36570	clean
rxn36571	clean
rxn36572	clean
rxn36573	clean
rxn36574	clean
rxn36575	clean
rxn36576	clean
rxn36577	clean
rxn36578	clean
rxn36579	clean
rxn36580	clean
rxn36581	clean
rxn36582	clean
rxn36583	clean
rxn36584	clean
rxn36585	clean
rxn36586	clean
rxn36587	clean
rxn36588	clean
rxn36589	clean
rxn36590	clean
rxn36591	clean
rxn36592	clean
rxn36593	clean
rxn36594	clean
rxn36595	clean
rxn36596	clean
rxn36597	clean
rxn36598	clean
rxn36599	clean
rxn36600	clean
rxn36601	clean
rxn36602	clean
rxn36603	clean
rxn36604	clean
rxn36605	clean
rxn36606	clean
rxn36607	clean
rxn36608	clean
rxn36609	clean
rxn36610	clean
rxn36611	clean
rxn36612	clean
rxn36613	clean
rxn36614	clean
rxn36615	clean
rxn36616	clean
rxn36617	clean
rxn36618	clean
rxn36619	clean
rxn36620	clean
rxn36621	clean
rxn36622	clean
rxn36623	clean
rxn36624	clean
rxn36625	clean
rxn36626	clean
rxn36627	clean
rxn36628	clean
rxn36629	clean
rxn36630	clean
rxn36631	clean
rxn36632	clean
rxn36633	clean
rxn36634	clean
rxn36635	clean
rxn36636	clean
rxn36637	clean
rxn36638	clean
rxn36639	clean
rxn36640	clean
rxn36641	clean
rxn36642	clean
rxn36643	clean
rxn36644	clean
rxn36645	clean
rxn36646	clean
rxn36647	clean
rxn36648	clean
rxn36649	clean
rxn36650	clean
rxn36651	clean
rxn36652	clean
rxn36653	clean
rxn36654	clean
rxn36655	clean
rxn36656	clean
rxn36657	clean
rxn36658	clean
rxn36659	clean
rxn36660	clean
rxn36661	clean
rxn36662	clean
rxn36663	clean
rxn36664	clean
rxn36665	clean
rxn36666	clean
rxn36667	clean
rxn36668	clean
rxn36669	clean
rxn36670	clean
rxn36671	clean
rxn36673	clean
rxn36675	clean
rxn36676	clean
rxn36677	clean
rxn36678	clean
rxn36679	clean
rxn36680	clean
rxn36682	clean
rxn36683	clean
rxn36684	clean
rxn36685	clean
rxn36686	clean
rxn36688	clean
rxn36689	clean
rxn36690	salvaged
rxn36691	salvaged
rxn36692	salvaged
rxn36693	salvaged
rxn36694	clean
rxn36695	clean
rxn36696	clean
rxn36697	clean
rxn36698	clean
rxn36699	clean
rxn36700	clean
rxn36701	clean
rxn36702	clean
rxn36703	clean
rxn36704	clean
rxn36705	clean
rxn36706	clean
rxn36707	clean
rxn36708	clean
rxn36709	clean
rxn36710	clean
rxn36711	clean
rxn36712	clean
rxn36713	clean
rxn36714	clean
rxn36715	clean
rxn36716	clean
rxn36717	clean
rxn36718	clean
rxn36719	clean
rxn36721	clean
rxn36723	clean
rxn36725	clean
rxn36726	clean
rxn36727	clean
rxn36728	clean
rxn36729	clean
rxn36730	clean
rxn36731	clean
rxn36732	clean
rxn36733	clean
rxn36734	clean
rxn36735	clean
rxn36736	clean
rxn36737	clean
rxn36738	clean
rxn36739	clean
rxn36740	clean
rxn36741	clean
rxn36742	clean
rxn36743	clean
rxn36744	clean
rxn36745	clean
rxn36746	clean
rxn36748	clean
rxn36749	clean
rxn36750	clean
rxn36751	clean
rxn36752	clean
rxn36753	clean
rxn36754	clean
rxn36755	clean
rxn36756	clean
rxn36757	clean
rxn36758	clean
rxn36759	clean
rxn36760	clean
rxn36761	clean
rxn36762	clean
rxn36763	clean
rxn36764	clean
rxn36765	clean
rxn36766	clean
rxn36767	clean
rxn36768	clean
rxn36769	clean
rxn36770	clean
rxn36771	clean
rxn36772	clean
rxn36773	clean
rxn36774	clean
rxn36775	clean
rxn36776	clean
rxn36777	clean
rxn36778	clean
rxn36779	clean
rxn36780	clean
rxn36781	clean
rxn36782	clean
rxn36783	clean
rxn36784	clean
rxn36785	clean
rxn36786	salvaged
rxn36787	salvaged
rxn36788	clean
rxn36789	clean
rxn36790	clean
rxn36791	clean
rxn36792	clean
rxn36793	clean
rxn36794	clean
rxn36795	clean
rxn36796	clean
rxn36797	clean
rxn36798	clean
rxn36799	clean
rxn36800	clean
rxn36801	clean
rxn36802	clean
rxn36803	clean
rxn36804	clean
rxn36805	clean
rxn36806	clean
rxn36807	clean
rxn36808	clean
rxn36809	clean
rxn36810	clean
rxn36811	clean
rxn36812	clean
rxn36813	clean
rxn36814	clean
rxn36815	clean
rxn36816	clean
rxn36817	clean
rxn36818	clean
rxn36819	clean
rxn36820	clean
rxn36821	clean
rxn36822	clean
rxn36823	clean
rxn36824	clean
rxn36825	clean
rxn36826	clean
rxn36827	clean
rxn36828	clean
rxn36829	clean
rxn36830	clean
rxn36831	clean
rxn36832	clean
rxn36833	clean
rxn36834	clean
rxn36835	clean
rxn36836	clean
rxn36837	clean
rxn36838	clean
rxn36839	clean
rxn36840	clean
rxn36841	clean
rxn36842	clean
rxn36843	clean
rxn36844	clean
rxn36845	clean
rxn36846	clean
rxn36847	clean
rxn36848	clean
rxn36850	clean
rxn36851	clean
rxn36852	clean
rxn36853	clean
rxn36854	clean
rxn36855	clean
rxn36856	clean
rxn36857	clean
rxn36858	clean
rxn36859	clean
rxn36860	salvaged
rxn36861	salvaged
rxn36862	clean
rxn36863	clean
rxn36864	clean
rxn36865	clean
rxn36866	clean
rxn36867	clean
rxn36868	clean
rxn36869	clean
rxn36870	clean
rxn36871	clean
rxn36872	clean
rxn36874	clean
rxn36875	clean
rxn36876	clean
rxn36877	clean
rxn36878	clean
rxn36879	clean
rxn36880	clean
rxn36881	clean
rxn36882	clean
rxn36883	clean
rxn36884	clean
rxn36885	clean
rxn36886	clean
rxn36887	clean
rxn36888	clean
rxn36889	clean
rxn36890	clean
rxn36891	clean
rxn36892	clean
rxn36893	clean
rxn36894	clean
rxn36895	clean
rxn36896	clean
rxn36897	clean
rxn36898	clean
rxn36899	clean
rxn36900	clean
rxn36901	clean
rxn36902	clean
rxn36903	clean
rxn36904	clean
rxn36905	clean
rxn36906	clean
rxn36907	clean
rxn36908	clean
rxn36909	clean
rxn36910	clean
rxn36911	clean
rxn36912	clean
rxn36913	clean
rxn36914	clean
rxn36915	clean
rxn36916	clean
rxn36917	clean
rxn36918	clean
rxn36919	clean
rxn36920	clean
rxn36921	clean
rxn36922	clean
rxn36923	clean
rxn36924	clean
rxn36925	clean
rxn36926	clean
rxn36927	clean
rxn36928	clean
rxn36929	clean
rxn36930	clean
rxn36932	clean
rxn36934	clean
rxn36935	clean
rxn36936	clean
rxn36937	clean
rxn36938	clean
rxn36939	clean
rxn36940	clean
rxn36941	clean
rxn36942	clean
rxn36943	clean
rxn36944	clean
rxn36945	clean
rxn36946	clean
rxn36947	clean
rxn36948	clean
rxn36949	clean
rxn36950	clean
rxn36951	clean
rxn36952	clean
rxn36953	clean
rxn36954	clean
rxn36955	clean
rxn36956	clean
rxn36957	clean
rxn36958	clean
rxn36959	clean
rxn36960	clean
rxn36961	clean
rxn36963	clean
rxn36964	clean
rxn36965	clean
rxn36968	clean
rxn36969	clean
rxn36970	clean
rxn36971	clean
rxn36972	clean
rxn36973	clean
rxn36974	clean
rxn36975	clean
rxn36976	clean
rxn36977	clean
rxn36978	clean
rxn36979	clean
rxn36980	clean
rxn36981	clean
rxn36982	clean
rxn36983	clean
rxn36984	clean
rxn36985	clean
rxn36986	clean
rxn36987	clean
rxn36988	clean
rxn36989	clean
rxn36990	clean
rxn36991	clean
rxn36992	clean
rxn36993	clean
rxn36994	clean
rxn36995	clean
rxn36996	clean
rxn36997	clean
rxn36998	clean
rxn36999	clean
rxn37000	clean
rxn37001	clean
rxn37002	clean
rxn37003	clean
rxn37004	clean
rxn37005	clean
rxn37006	clean
rxn37007	clean
rxn37008	clean
rxn37009	clean
rxn37010	clean
rxn37011	clean
rxn37012	clean
rxn37013	clean
rxn37014	clean
rxn37015	clean
rxn37016	salvaged
rxn37017	salvaged
rxn37018	clean
rxn37019	clean
rxn37020	clean
rxn37021	clean
rxn37022	salvaged
rxn37023	salvaged
rxn37024	clean
rxn37025	clean
rxn37026	clean
rxn37027	clean
rxn37028	clean
rxn37029	salvaged
rxn37030	clean
rxn37031	clean
rxn37032	clean
rxn37033	clean
rxn37034	clean
rxn37035	clean
rxn37036	salvaged
rxn37037	clean
rxn37038	clean
rxn37039	clean
rxn37040	clean
rxn37041	clean
rxn37042	clean
rxn37043	clean
rxn37044	salvaged
rxn37045	salvaged
rxn37046	salvaged
rxn37047	salvaged
rxn37048	salvaged
rxn37049	salvaged
rxn37050	salvaged
rxn37051	salvaged
rxn37052	salvaged
rxn37053	clean
rxn37054	clean
rxn37055	clean
rxn37056	clean
rxn37057	clean
rxn37058	clean
rxn37059	clean
rxn37060	clean
rxn37061	clean
rxn37062	clean
rxn37065	clean
rxn37067	clean
rxn37068	clean
rxn37069	clean
rxn37071	clean
rxn37072	clean
rxn37074	clean
rxn37075	clean
rxn37076	clean
rxn37077	clean
rxn37078	clean
rxn37079	clean
rxn37080	clean
rxn37081	clean
rxn37082	clean
rxn37083	clean
rxn37084	clean
rxn37085	clean
rxn37086	clean
rxn37087	clean
rxn37088	clean
rxn37089	clean
rxn37090	clean
rxn37091	clean
rxn37092	clean
rxn37093	clean
rxn37094	clean
rxn37095	clean
rxn37096	salvaged
rxn37097	clean
rxn37099	clean
rxn37100	clean
rxn37101	clean
rxn37102	clean
rxn37103	clean
rxn37104	salvaged
rxn37105	salvaged
rxn37106	salvaged
rxn37107	salvaged
rxn37108	salvaged
rxn37110	clean
rxn37111	salvaged
rxn37114	clean
rxn37115	clean
rxn37116	clean
rxn37117	clean
rxn37119	clean
rxn37121	clean
rxn37123	clean
rxn37124	clean
rxn37125	clean
rxn37127	clean
rxn37128	clean
rxn37133	clean
rxn37134	clean
rxn37135	clean
rxn37136	clean
rxn37137	clean
rxn37139	clean
rxn37141	clean
rxn37142	clean
rxn37143	clean
rxn37144	clean
rxn37145	clean
rxn37146	clean
rxn37147	clean
rxn37148	clean
rxn37149	clean
rxn37150	clean
rxn37151	salvaged
rxn37152	clean
rxn37153	clean
rxn37154	clean
rxn37155	clean
rxn37156	clean
rxn37157	clean
rxn37158	clean
rxn37159	clean
rxn37160	clean
rxn37161	clean
rxn37162	clean
rxn37163	clean
rxn37164	clean
rxn37165	clean
rxn37166	clean
rxn37167	clean
rxn37168	clean
rxn37169	clean
rxn37170	salvaged
rxn37171	salvaged
rxn37172	clean
rxn37173	clean
rxn37174	clean
rxn37175	clean
rxn37176	salvaged
rxn37177	salvaged
rxn37178	clean
rxn37179	clean
rxn37180	clean
rxn37181	clean
rxn37182	clean
rxn37184	clean
rxn37185	clean
rxn37186	clean
rxn37187	clean
rxn37188	salvaged
rxn37189	clean
rxn37190	clean
rxn37191	clean
rxn37192	clean
rxn37193	clean
rxn37194	clean
rxn37195	clean
rxn37196	clean
rxn37197	clean
rxn37198	clean
rxn37199	clean
rxn37200	clean
rxn37201	clean
rxn37202	clean
rxn37203	clean
rxn37204	clean
rxn37205	clean
rxn37206	clean
rxn37207	clean
rxn37208	clean
rxn37209	clean
rxn37210	clean
rxn37211	clean
rxn37212	clean
rxn37213	clean
rxn37214	clean
rxn37215	clean
rxn37216	clean
rxn37217	salvaged
rxn37219	salvaged
rxn37220	salvaged
rxn37222	salvaged
rxn37223	salvaged
rxn37225	salvaged
rxn37226	salvaged
rxn37228	salvaged
rxn37229	salvaged
rxn37231	salvaged
rxn37232	clean
rxn37233	clean
rxn37234	clean
rxn37235	clean
rxn37236	clean
rxn37237	salvaged
rxn37238	clean
rxn37239	clean
rxn37240	clean
rxn37241	clean
rxn37242	clean
rxn37243	clean
rxn37244	clean
rxn37245	clean
rxn37246	clean
rxn37247	clean
rxn37248	clean
rxn37249	clean
rxn37250	clean
rxn37251	clean
rxn37252	clean
rxn37253	clean
rxn37254	clean
rxn37255	clean
rxn37256	clean
rxn37257	salvaged
rxn37258	salvaged
rxn37260	salvaged
rxn37261	clean
rxn37262	clean
rxn37263	clean
rxn37264	clean
rxn37265	clean
rxn37266	clean
rxn37267	clean
rxn37268	clean
rxn37269	clean
rxn37270	clean
rxn37271	clean
rxn37272	clean
rxn37273	clean
rxn37274	clean
rxn37275	clean
rxn37276	salvaged
rxn37277	clean
rxn37278	clean
rxn37279	clean
rxn37280	clean
rxn37281	clean
rxn37282	clean
rxn37283	salvaged
rxn37284	salvaged
rxn37285	clean
rxn37286	clean
rxn37287	clean
rxn37288	clean
rxn37289	clean
rxn37290	clean
rxn37291	clean
rxn37292	clean
rxn37293	clean
rxn37294	clean
rxn37295	clean
rxn37296	clean
rxn37297	clean
rxn37298	clean
rxn37299	clean
rxn37300	clean
rxn37301	clean
rxn37302	clean
rxn37303	clean
rxn37304	clean
rxn37305	clean
rxn37306	clean
rxn37307	clean
rxn37308	clean
rxn37309	clean
rxn37310	clean
rxn37311	clean
rxn37312	clean
rxn37313	clean
rxn37314	clean
rxn37315	clean
rxn37316	clean
rxn37317	clean
rxn37318	clean
rxn37319	clean
rxn37320	clean
rxn37321	clean
rxn37322	clean
rxn37323	salvaged
rxn37324	salvaged
rxn37325	salvaged
rxn37327	salvaged
rxn37328	salvaged
rxn37329	salvaged
rxn37331	salvaged
rxn37333	salvaged
rxn37334	salvaged
rxn37335	salvaged
rxn37336	salvaged
rxn37337	salvaged
rxn37338	salvaged
rxn37339	salvaged
rxn37340	salvaged
rxn37341	salvaged
rxn37342	salvaged
rxn37343	salvaged
rxn37344	clean
rxn37345	clean
rxn37346	clean
rxn37348	clean
rxn37349	salvaged
rxn37350	salvaged
rxn37351	clean
rxn37352	clean
rxn37353	clean
rxn37354	clean
rxn37355	salvaged
rxn37356	salvaged
rxn37357	clean
rxn37359	clean
rxn37360	clean
rxn37361	clean
rxn37362	clean
rxn37363	clean
rxn37365	clean
rxn37366	clean
rxn37367	clean
rxn37368	clean
rxn37369	clean
rxn37370	clean
rxn37371	clean
rxn37372	clean
rxn37373	clean
rxn37374	clean
rxn37375	clean
rxn37376	salvaged
rxn37377	salvaged
rxn37378	clean
rxn37379	clean
rxn37380	clean
rxn37381	clean
rxn37382	clean
rxn37383	clean
rxn37384	clean
rxn37385	clean
rxn37386	clean
rxn37387	clean
rxn37388	clean
rxn37389	clean
rxn37390	clean
rxn37391	clean
rxn37392	clean
rxn37393	clean
rxn37394	clean
rxn37395	clean
rxn37396	clean
rxn37397	clean
rxn37398	clean
rxn37401	clean
rxn37402	clean
rxn37403	clean
rxn37404	clean
rxn37405	clean
rxn37406	clean
rxn37408	clean
rxn37409	salvaged
rxn37410	salvaged
rxn37411	clean
rxn37412	clean
rxn37413	clean
rxn37414	clean
rxn37415	clean
rxn37417	clean
rxn37418	clean
rxn37419	clean
rxn37420	clean
rxn37421	clean
rxn37422	clean
rxn37423	clean
rxn37425	clean
rxn37426	clean
rxn37427	clean
rxn37428	clean
rxn37429	clean
rxn37430	clean
rxn37431	clean
rxn37432	clean
rxn37433	salvaged
rxn37434	salvaged
rxn37435	clean
rxn37436	clean
rxn37439	clean
rxn37440	clean
rxn37441	clean
rxn37442	clean
rxn37443	clean
rxn37444	clean
rxn37445	clean
rxn37446	clean
rxn37447	clean
rxn37448	clean
rxn37449	clean
rxn37450	clean
rxn37451	clean
rxn37452	clean
rxn37453	clean
rxn37454	salvaged
rxn37455	salvaged
rxn37457	clean
rxn37458	clean
rxn37459	clean
rxn37460	clean
rxn37462	clean
rxn37463	clean
rxn37465	clean
rxn37466	clean
rxn37467	clean
rxn37468	clean
rxn37469	clean
rxn37470	clean
rxn37471	clean
rxn37472	clean
rxn37473	clean
rxn37474	clean
rxn37475	clean
rxn37476	clean
rxn37477	clean
rxn37478	clean
rxn37479	salvaged
rxn37480	salvaged
rxn37481	clean
rxn37482	clean
rxn37483	clean
rxn37486	clean
rxn37487	clean
rxn37488	clean
rxn37489	clean
rxn37490	clean
rxn37491	clean
rxn37493	clean
rxn37494	clean
rxn37495	clean
rxn37496	clean
rxn37497	clean
rxn37498	clean
rxn37499	salvaged
rxn37500	salvaged
rxn37501	clean
rxn37502	clean
rxn37503	clean
rxn37504	clean
rxn37506	clean
rxn37507	clean
rxn37508	clean
rxn37509	clean
rxn37513	clean
rxn37515	clean
rxn37516	clean
rxn37517	clean
rxn37520	salvaged
rxn37521	salvaged
rxn37522	clean
rxn37523	clean
rxn37524	clean
rxn37525	clean
rxn37526	clean
rxn37527	clean
rxn37528	clean
rxn37531	clean
rxn37532	clean
rxn37533	clean
rxn37535	clean
rxn37536	clean
rxn37537	salvaged
rxn37538	salvaged
rxn37539	salvaged
rxn37540	salvaged
rxn37541	salvaged
rxn37542	clean
rxn37543	clean
rxn37544	clean
rxn37545	clean
rxn37546	clean
rxn37547	clean
rxn37548	clean
rxn37549	clean
rxn37550	clean
rxn37551	clean
rxn37552	clean
rxn37553	clean
rxn37554	clean
rxn37555	clean
rxn37556	clean
rxn37557	clean
rxn37558	clean
rxn37559	clean
rxn37560	clean
rxn37561	salvaged
rxn37562	clean
rxn37563	clean
rxn37564	clean
rxn37565	clean
rxn37566	clean
rxn37567	clean
rxn37568	clean
rxn37569	clean
rxn37570	clean
rxn37571	clean
rxn37572	clean
rxn37573	clean
rxn37574	clean
rxn37575	clean
rxn37576	clean
rxn37577	salvaged
rxn37578	salvaged
rxn37579	clean
rxn37581	clean
rxn37585	clean
rxn37586	clean
rxn37589	clean
rxn37590	clean
rxn37595	clean
rxn37596	clean
rxn37599	clean
rxn37600	clean
rxn37601	salvaged
rxn37607	clean
rxn37609	clean
rxn37610	clean
rxn37611	clean
rxn37612	clean
rxn37625	clean
rxn37626	clean
rxn37627	clean
rxn37628	clean
rxn37631	clean
rxn37632	clean
rxn37635	clean
rxn37636	clean
rxn37637	clean
rxn37640	clean
rxn37643	clean
rxn37645	clean
rxn37646	clean
rxn37650	clean
rxn37651	clean
rxn37652	clean
rxn37653	clean
rxn37654	clean
rxn37655	clean
rxn37656	clean
rxn37658	salvaged
rxn37659	clean
rxn37660	clean
rxn37662	clean
rxn37663	clean
rxn37664	clean
rxn37665	clean
rxn37667	clean
rxn37668	clean
rxn37669	clean
rxn37670	clean
rxn37671	clean
rxn37672	clean
rxn37674	clean
rxn37675	clean
rxn37676	clean
rxn37677	clean
rxn37680	salvaged
rxn37681	clean
rxn37685	clean
rxn37686	clean
rxn37687	clean
rxn37688	clean
rxn37689	clean
rxn37690	clean
rxn37691	clean
rxn37692	clean
rxn37694	clean
rxn37695	clean
rxn37697	salvaged
rxn37698	salvaged
rxn37699	salvaged
rxn37700	clean
rxn37701	salvaged
rxn37702	clean
rxn37704	clean
rxn37705	clean
rxn37706	clean
rxn37707	clean
rxn37708	salvaged
rxn37709	clean
rxn37710	clean
rxn37711	salvaged
rxn37712	salvaged
rxn37713	clean
rxn37714	salvaged
rxn37715	clean
rxn37716	clean
rxn37717	clean
rxn37718	clean
rxn37719	clean
rxn37720	salvaged
rxn37721	clean
rxn37722	clean
rxn37724	clean
rxn37725	clean
rxn37727	salvaged
rxn37732	clean
rxn37733	salvaged
rxn37734	salvaged
rxn37735	clean
rxn37736	clean
rxn37737	clean
rxn37738	clean
rxn37739	clean
rxn37740	clean
rxn37741	clean
rxn37744	clean
rxn37745	clean
rxn37746	clean
rxn37747	clean
rxn37748	clean
rxn37749	clean
rxn37750	clean
rxn37751	clean
rxn37752	clean
rxn37753	clean
rxn37754	clean
rxn37755	clean
rxn37756	clean
rxn37757	clean
rxn37758	clean
rxn37759	clean
rxn37760	clean
rxn37761	clean
rxn37762	clean
rxn37763	salvaged
rxn37764	clean
rxn37765	clean
rxn37767	clean
rxn37768	salvaged
rxn37769	clean
rxn37770	clean
rxn37771	clean
rxn37772	clean
rxn37773	clean
rxn37774	clean
rxn37775	clean
rxn37777	salvaged
rxn37778	clean
rxn37780	salvaged
rxn37781	clean
rxn37782	clean
rxn37783	salvaged
rxn37787	clean
rxn37788	salvaged
rxn37789	clean
rxn37790	clean
rxn37795	clean
rxn37796	clean
rxn37797	clean
rxn37799	clean
rxn37800	salvaged
rxn37801	clean
rxn37802	clean
rxn37803	clean
rxn37804	clean
rxn37806	salvaged
rxn37807	salvaged
rxn37809	clean
rxn37810	salvaged
rxn37811	salvaged
rxn37813	clean
rxn37814	clean
rxn37815	salvaged
rxn37816	clean
rxn37823	salvaged
rxn37824	clean
rxn37827	clean
rxn37834	salvaged
rxn37838	salvaged
rxn37839	salvaged
rxn37840	clean
rxn37844	clean
rxn37845	salvaged
rxn37846	clean
rxn37847	clean
rxn37848	clean
rxn37849	clean
rxn37850	clean
rxn37851	clean
rxn37852	clean
rxn37853	clean
rxn37854	salvaged
rxn37855	clean
rxn37858	salvaged
rxn37860	salvaged
rxn37861	clean
rxn37862	clean
rxn37863	clean
rxn37865	clean
rxn37866	clean
rxn37867	clean
rxn37868	clean
rxn37869	clean
rxn37870	clean
rxn37871	clean
rxn37872	salvaged
rxn37873	clean
rxn37874	clean
rxn37875	clean
rxn37877	clean
rxn37879	clean
rxn37880	clean
rxn37881	clean
rxn37882	clean
rxn37883	salvaged
rxn37884	salvaged
rxn37885	salvaged
rxn37886	salvaged
rxn37887	clean
rxn37888	clean
rxn37890	clean
rxn37895	clean
rxn37896	clean
rxn37897	clean
rxn37898	clean
rxn37900	clean
rxn37901	clean
rxn37902	clean
rxn37903	clean
rxn37904	clean
rxn37905	salvaged
rxn37906	clean
rxn37907	salvaged
rxn37909	clean
rxn37910	salvaged
rxn37911	salvaged
rxn37912	salvaged
rxn37915	salvaged
rxn37917	salvaged
rxn37921	clean
rxn37922	salvaged
rxn37923	salvaged
rxn37924	salvaged
rxn37927	salvaged
rxn37928	salvaged
rxn37929	clean
rxn37931	salvaged
rxn37932	salvaged
rxn37933	clean
rxn37934	salvaged
rxn37935	salvaged
rxn37936	salvaged
rxn37937	clean
rxn37939	salvaged
rxn37940	salvaged
rxn37942	salvaged
rxn37947	salvaged
rxn37948	salvaged
rxn37949	salvaged
rxn37950	clean
rxn37951	salvaged
rxn37952	clean
rxn37953	clean
rxn37954	clean
rxn37955	clean
rxn37956	clean
rxn37957	clean
rxn37960	clean
rxn37963	clean
rxn37969	salvaged
rxn37970	salvaged
rxn37971	salvaged
rxn37972	clean
rxn37973	salvaged
rxn37980	clean
rxn37981	salvaged
rxn37982	clean
rxn37983	clean
rxn37984	clean
rxn37985	clean
rxn37986	clean
rxn37987	clean
rxn37988	clean
rxn37989	clean
rxn37990	clean
rxn37991	clean
rxn37992	clean
rxn37993	clean
rxn37994	clean
rxn37995	clean
rxn37997	clean
rxn37998	clean
rxn37999	clean
rxn38002	clean
rxn38003	clean
rxn38004	clean
rxn38005	salvaged
rxn38006	salvaged
rxn38007	salvaged
rxn38008	salvaged
rxn38009	salvaged
rxn38010	salvaged
rxn38011	clean
rxn38012	salvaged
rxn38013	salvaged
rxn38015	clean
rxn38016	clean
rxn38020	clean
rxn38021	clean
rxn38022	clean
rxn38023	clean
rxn38024	clean
rxn38026	clean
rxn38027	salvaged
rxn38030	clean
rxn38033	clean
rxn38034	clean
rxn38035	clean
rxn38036	clean
rxn38037	clean
rxn38042	clean
rxn38043	clean
rxn38044	clean
rxn38045	salvaged
rxn38046	clean
rxn38047	salvaged
rxn38048	salvaged
rxn38049	clean
rxn38050	clean
rxn38051	clean
rxn38052	clean
rxn38059	clean
rxn38061	salvaged
rxn38062	salvaged
rxn38063	salvaged
rxn38064	clean
rxn38065	salvaged
rxn38066	clean
rxn38067	clean
rxn38069	clean
rxn38070	clean
rxn38072	clean
rxn38073	clean
rxn38074	clean
rxn38075	clean
rxn38076	clean
rxn38077	clean
rxn38078	clean
rxn38079	clean
rxn38080	clean
rxn38081	clean
rxn38082	clean
rxn38087	clean
rxn38088	salvaged
rxn38090	clean
rxn38091	clean
rxn38092	clean
rxn38094	clean
rxn38095	salvaged
rxn38096	salvaged
rxn38097	clean
rxn38099	clean
rxn38100	salvaged
rxn38101	salvaged
rxn38102	clean
rxn38103	clean
rxn38104	clean
rxn38105	clean
rxn38106	clean
rxn38108	salvaged
rxn38113	clean
rxn38114	clean
rxn38115	clean
rxn38116	clean
rxn38117	clean
rxn38118	clean
rxn38119	clean
rxn38121	clean
rxn38122	clean
rxn38123	clean
rxn38124	clean
rxn38125	salvaged
rxn38126	salvaged
rxn38127	salvaged
rxn38128	salvaged
rxn38129	salvaged
rxn38130	clean
rxn38131	clean
rxn38132	clean
rxn38133	salvaged
rxn38134	clean
rxn38135	clean
rxn38136	clean
rxn38137	salvaged
rxn38138	salvaged
rxn38139	clean
rxn38140	clean
rxn38141	clean
rxn38142	clean
rxn38143	salvaged
rxn38144	salvaged
rxn38145	clean
rxn38146	clean
rxn38147	clean
rxn38148	clean
rxn38149	salvaged
rxn38151	clean
rxn38152	clean
rxn38153	clean
rxn38156	clean
rxn38157	clean
rxn38158	clean
rxn38159	clean
rxn38160	salvaged
rxn38161	salvaged
rxn38162	clean
rxn38163	clean
rxn38165	salvaged
rxn38166	salvaged
rxn38168	salvaged
rxn38169	salvaged
rxn38170	salvaged
rxn38171	clean
rxn38173	clean
rxn38174	clean
rxn38175	salvaged
rxn38176	clean
rxn38177	clean
rxn38178	clean
rxn38179	clean
rxn38181	clean
rxn38182	salvaged
rxn38184	salvaged
rxn38185	clean
rxn38186	clean
rxn38187	clean
rxn38188	clean
rxn38189	clean
rxn38190	clean
rxn38191	salvaged
rxn38192	clean
rxn38193	clean
rxn38194	clean
rxn38195	clean
rxn38196	clean
rxn38197	clean
rxn38198	clean
rxn38199	salvaged
rxn38200	clean
rxn38201	clean
rxn38202	clean
rxn38203	clean
rxn38204	clean
rxn38205	clean
rxn38206	clean
rxn38207	salvaged
rxn38208	clean
rxn38209	clean
rxn38210	clean
rxn38211	clean
rxn38212	clean
rxn38213	clean
rxn38214	clean
rxn38215	salvaged
rxn38216	clean
rxn38217	clean
rxn38218	clean
rxn38219	clean
rxn38220	clean
rxn38221	clean
rxn38222	clean
rxn38223	salvaged
rxn38224	clean
rxn38225	clean
rxn38226	clean
rxn38227	clean
rxn38228	clean
rxn38229	clean
rxn38230	clean
rxn38231	clean
rxn38232	salvaged
rxn38233	clean
rxn38234	clean
rxn38235	clean
rxn38236	clean
rxn38237	clean
rxn38238	clean
rxn38239	clean
rxn38240	clean
rxn38241	clean
rxn38242	clean
rxn38243	clean
rxn38244	salvaged
rxn38250	clean
rxn38251	clean
rxn38252	clean
rxn38253	clean
rxn38254	clean
rxn38255	salvaged
rxn38256	clean
rxn38258	salvaged
rxn38259	salvaged
rxn38260	salvaged
rxn38263	clean
rxn38266	salvaged
rxn38267	salvaged
rxn38268	clean
rxn38269	clean
rxn38270	clean
rxn38271	salvaged
rxn38272	salvaged
rxn38273	clean
rxn38274	clean
rxn38275	clean
rxn38276	clean
rxn38277	clean
rxn38278	clean
rxn38279	clean
rxn38280	clean
rxn38281	clean
rxn38282	clean
rxn38283	clean
rxn38284	clean
rxn38285	clean
rxn38286	salvaged
rxn38290	clean
rxn38291	clean
rxn38292	clean
rxn38295	clean
rxn38296	clean
rxn38297	clean
rxn38298	clean
rxn38299	salvaged
rxn38300	salvaged
rxn38301	salvaged
rxn38302	salvaged
rxn38303	salvaged
rxn38304	salvaged
rxn38305	clean
rxn38306	clean
rxn38307	clean
rxn38308	clean
rxn38309	clean
rxn38310	clean
rxn38311	clean
rxn38312	clean
rxn38315	clean
rxn38316	clean
rxn38317	clean
rxn38318	clean
rxn38319	clean
rxn38320	clean
rxn38321	clean
rxn38322	clean
rxn38323	clean
rxn38324	clean
rxn38326	clean
rxn38327	clean
rxn38328	salvaged
rxn38329	salvaged
rxn38330	salvaged
rxn38331	clean
rxn38332	clean
rxn38333	clean
rxn38334	clean
rxn38336	clean
rxn38337	clean
rxn38338	clean
rxn38340	clean
rxn38341	clean
rxn38342	clean
rxn38344	clean
rxn38352	clean
rxn38353	clean
rxn38354	clean
rxn38355	salvaged
rxn38356	clean
rxn38359	clean
rxn38360	clean
rxn38361	salvaged
rxn38362	clean
rxn38363	clean
rxn38365	salvaged
rxn38366	salvaged
rxn38367	salvaged
rxn38370	clean
rxn38372	clean
rxn38373	clean
rxn38374	clean
rxn38375	clean
rxn38376	clean
rxn38377	clean
rxn38378	clean
rxn38379	clean
rxn38380	clean
rxn38382	clean
rxn38383	clean
rxn38384	clean
rxn38385	clean
rxn38386	clean
rxn38387	clean
rxn38388	clean
rxn38389	clean
rxn38390	clean
rxn38391	salvaged
rxn38392	clean
rxn38393	clean
rxn38394	clean
rxn38395	clean
rxn38396	clean
rxn38397	clean
rxn38398	clean
rxn38399	clean
rxn38400	clean
rxn38402	clean
rxn38403	clean
rxn38404	clean
rxn38406	salvaged
rxn38408	salvaged
rxn38409	clean
rxn38410	clean
rxn38411	clean
rxn38412	clean
rxn38413	clean
rxn38414	clean
rxn38415	clean
rxn38417	clean
rxn38418	clean
rxn38419	clean
rxn38420	salvaged
rxn38422	salvaged
rxn38423	salvaged
rxn38424	clean
rxn38425	clean
rxn38426	clean
rxn38427	clean
rxn38429	clean
rxn38430	clean
rxn38431	clean
rxn38432	clean
rxn38435	clean
rxn38436	clean
rxn38437	clean
rxn38438	salvaged
rxn38444	clean
rxn38445	clean
rxn38446	clean
rxn38447	clean
rxn38448	clean
rxn38452	clean
rxn38453	clean
rxn38454	clean
rxn38455	clean
rxn38456	clean
rxn38457	clean
rxn38458	clean
rxn38459	clean
rxn38460	clean
rxn38461	clean
rxn38462	clean
rxn38464	clean
rxn38465	clean
rxn38467	clean
rxn38469	salvaged
rxn38470	salvaged
rxn38471	salvaged
rxn38476	clean
rxn38477	salvaged
rxn38495	clean
rxn38496	clean
rxn38497	clean
rxn38499	clean
rxn38507	clean
rxn38509	clean
rxn38511	salvaged
rxn38512	salvaged
rxn38513	clean
rxn38514	salvaged
rxn38515	salvaged
rxn38516	clean
rxn38517	clean
rxn38518	clean
rxn38519	clean
rxn38520	clean
rxn38521	clean
rxn38522	clean
rxn38523	clean
rxn38527	clean
rxn38528	clean
rxn38529	clean
rxn38530	clean
rxn38533	salvaged
rxn38534	clean
rxn38535	clean
rxn38536	clean
rxn38537	salvaged
rxn38539	salvaged
rxn38541	clean
rxn38542	clean
rxn38543	salvaged
rxn38545	clean
rxn38546	clean
rxn38547	clean
rxn38548	clean
rxn38549	clean
rxn38550	clean
rxn38551	clean
rxn38552	clean
rxn38553	clean
rxn38554	clean
rxn38555	clean
rxn38556	clean
rxn38558	clean
rxn38560	clean
rxn38561	clean
rxn38562	clean
rxn38563	clean
rxn38564	clean
rxn38565	clean
rxn38566	clean
rxn38567	clean
rxn38568	clean
rxn38569	clean
rxn38570	clean
rxn38571	clean
rxn38572	clean
rxn38573	clean
rxn38574	clean
rxn38575	clean
rxn38576	clean
rxn38577	clean
rxn38578	clean
rxn38579	clean
rxn38580	clean
rxn38581	clean
rxn38582	clean
rxn38583	clean
rxn38586	clean
rxn38587	clean
rxn38588	clean
rxn38589	clean
rxn38590	clean
rxn38591	clean
rxn38592	clean
rxn38594	clean
rxn38595	clean
rxn38596	clean
rxn38597	clean
rxn38598	clean
rxn38599	clean
rxn38600	clean
rxn38601	clean
rxn38602	clean
rxn38603	clean
rxn38604	clean
rxn38605	clean
rxn38610	clean
rxn38611	clean
rxn38612	clean
rxn38613	clean
rxn38614	clean
rxn38615	clean
rxn38616	clean
rxn38617	clean
rxn38618	clean
rxn38619	clean
rxn38620	clean
rxn38621	clean
rxn38622	clean
rxn38623	clean
rxn38624	clean
rxn38625	clean
rxn38626	clean
rxn38627	clean
rxn38628	clean
rxn38630	clean
rxn38631	clean
rxn38632	clean
rxn38633	clean
rxn38634	clean
rxn38635	clean
rxn38636	clean
rxn38637	clean
rxn38638	clean
rxn38639	clean
rxn38640	clean
rxn38641	clean
rxn38642	clean
rxn38643	clean
rxn38644	clean
rxn38645	clean
rxn38646	clean
rxn38647	clean
rxn38648	clean
rxn38649	clean
rxn38650	clean
rxn38651	clean
rxn38652	clean
rxn38653	clean
rxn38654	clean
rxn38656	clean
rxn38657	clean
rxn38658	clean
rxn38659	clean
rxn38660	clean
rxn38661	clean
rxn38662	clean
rxn38663	clean
rxn38664	clean
rxn38665	clean
rxn38666	clean
rxn38667	clean
rxn38668	clean
rxn38669	clean
rxn38671	clean
rxn38672	salvaged
rxn38673	clean
rxn38674	clean
rxn38675	clean
rxn38676	clean
rxn38677	clean
rxn38678	clean
rxn38679	clean
rxn38680	clean
rxn38681	clean
rxn38682	clean
rxn38684	clean
rxn38685	clean
rxn38686	clean
rxn38687	clean
rxn38688	clean
rxn38689	clean
rxn38691	clean
rxn38692	clean
rxn38693	clean
rxn38694	clean
rxn38695	salvaged
rxn38696	clean
rxn38697	clean
rxn38698	salvaged
rxn38701	clean
rxn38702	clean
rxn38704	clean
rxn38705	clean
rxn38706	clean
rxn38707	salvaged
rxn38708	clean
rxn38709	clean
rxn38710	clean
rxn38713	clean
rxn38714	clean
rxn38715	clean
rxn38716	clean
rxn38717	salvaged
rxn38718	clean
rxn38721	clean
rxn38722	clean
rxn38723	salvaged
rxn38724	clean
rxn38725	clean
rxn38726	clean
rxn38728	clean
rxn38729	clean
rxn38730	clean
rxn38731	clean
rxn38732	clean
rxn38734	clean
rxn38735	clean
rxn38736	clean
rxn38737	clean
rxn38739	clean
rxn38740	clean
rxn38741	clean
rxn38742	clean
rxn38743	clean
rxn38744	clean
rxn38745	clean
rxn38746	clean
rxn38747	clean
rxn38748	clean
rxn38749	clean
rxn38750	clean
rxn38751	clean
rxn38752	clean
rxn38753	clean
rxn38754	clean
rxn38755	clean
rxn38756	clean
rxn38757	clean
rxn38758	clean
rxn38760	clean
rxn38761	clean
rxn38762	clean
rxn38763	clean
rxn38764	clean
rxn38765	clean
rxn38766	clean
rxn38767	clean
rxn38769	clean
rxn38770	clean
rxn38771	clean
rxn38772	clean
rxn38773	clean
rxn38774	clean
rxn38775	clean
rxn38776	clean
rxn38777	clean
rxn38778	clean
rxn38779	clean
rxn38780	clean
rxn38781	clean
rxn38782	clean
rxn38783	clean
rxn38784	clean
rxn38785	clean
rxn38786	clean
rxn38787	clean
rxn38788	clean
rxn38789	clean
rxn38790	clean
rxn38791	clean
rxn38792	clean
rxn38793	clean
rxn38794	clean
rxn38795	clean
rxn38796	clean
rxn38797	clean
rxn38798	clean
rxn38800	clean
rxn38802	clean
rxn38803	clean
rxn38804	clean
rxn38805	clean
rxn38806	clean
rxn38807	clean
rxn38808	clean
rxn38809	clean
rxn38810	clean
rxn38811	clean
rxn38812	clean
rxn38818	clean
rxn38819	salvaged
rxn38824	clean
rxn38825	clean
rxn38826	clean
rxn38827	clean
rxn38828	clean
rxn38829	clean
rxn38830	clean
rxn38831	clean
rxn38832	clean
rxn38833	clean
rxn38834	clean
rxn38835	clean
rxn38836	clean
rxn38837	clean
rxn38840	clean
rxn38842	clean
rxn38848	salvaged
rxn38849	salvaged
rxn38852	clean
rxn38853	clean
rxn38854	clean
rxn38855	salvaged
rxn38856	clean
rxn38857	clean
rxn38858	clean
rxn38859	clean
rxn38860	clean
rxn38861	clean
rxn38862	clean
rxn38863	clean
rxn38864	clean
rxn38865	clean
rxn38866	salvaged
rxn38867	clean
rxn38868	clean
rxn38869	salvaged
rxn38870	clean
rxn38871	clean
rxn38875	salvaged
rxn38876	clean
rxn38879	clean
rxn38880	salvaged
rxn38881	clean
rxn38882	clean
rxn38883	clean
rxn38884	clean
rxn38885	clean
rxn38887	clean
rxn38888	clean
rxn38889	clean
rxn38890	clean
rxn38891	salvaged
rxn38892	clean
rxn38893	clean
rxn38894	clean
rxn38895	clean
rxn38896	clean
rxn38898	clean
rxn38899	clean
rxn38900	clean
rxn38902	salvaged
rxn38903	clean
rxn38904	clean
rxn38905	clean
rxn38906	clean
rxn38907	salvaged
rxn38908	clean
rxn38909	clean
rxn38910	clean
rxn38911	salvaged
rxn38912	clean
rxn38914	clean
rxn38915	clean
rxn38916	clean
rxn38917	clean
rxn38918	clean
rxn38919	clean
rxn38920	clean
rxn38921	clean
rxn38922	clean
rxn38923	clean
rxn38924	clean
rxn38925	clean
rxn38926	clean
rxn38927	clean
rxn38928	clean
rxn38929	clean
rxn38930	clean
rxn38931	clean
rxn38932	clean
rxn38933	clean
rxn38934	clean
rxn38935	clean
rxn38936	clean
rxn38937	clean
rxn38938	clean
rxn38939	clean
rxn38940	clean
rxn38941	clean
rxn38942	clean
rxn38943	clean
rxn38944	clean
rxn38945	clean
rxn38946	clean
rxn38947	clean
rxn38948	clean
rxn38949	clean
rxn38950	clean
rxn38951	clean
rxn38952	clean
rxn38953	clean
rxn38954	clean
rxn38957	clean
rxn38958	clean
rxn38959	clean
rxn38960	clean
rxn38961	clean
rxn38962	clean
rxn38963	clean
rxn38965	clean
rxn38966	clean
rxn38967	clean
rxn38968	clean
rxn38969	clean
rxn38970	clean
rxn38971	clean
rxn38972	clean
rxn38973	clean
rxn38974	clean
rxn38975	salvaged
rxn38976	salvaged
rxn38977	salvaged
rxn38978	salvaged
rxn38979	salvaged
rxn38980	salvaged
rxn38981	clean
rxn38982	clean
rxn38983	clean
rxn38984	clean
rxn38985	clean
rxn38988	clean
rxn38989	clean
rxn38990	clean
rxn38991	clean
rxn38992	clean
rxn38993	clean
rxn38994	clean
rxn38995	clean
rxn38996	clean
rxn38997	clean
rxn38998	clean
rxn38999	clean
rxn39000	clean
rxn39001	clean
rxn39002	clean
rxn39003	clean
rxn39004	clean
rxn39005	clean
rxn39006	clean
rxn39007	clean
rxn39008	clean
rxn39010	clean
rxn39012	clean
rxn39013	clean
rxn39014	clean
rxn39015	clean
rxn39017	clean
rxn39019	clean
rxn39022	clean
rxn39023	clean
rxn39024	clean
rxn39025	clean
rxn39026	clean
rxn39027	clean
rxn39028	clean
rxn39029	clean
rxn39030	clean
rxn39031	clean
rxn39032	clean
rxn39033	clean
rxn39034	clean
rxn39035	clean
rxn39036	clean
rxn39037	clean
rxn39038	clean
rxn39039	clean
rxn39040	salvaged
rxn39041	clean
rxn39042	salvaged
rxn39045	salvaged
rxn39046	clean
rxn39047	salvaged
rxn39048	clean
rxn39049	clean
rxn39050	clean
rxn39058	clean
rxn39059	clean
rxn39066	salvaged
rxn39067	clean
rxn39073	clean
rxn39077	salvaged
rxn39078	salvaged
rxn39081	salvaged
rxn39085	clean
rxn39086	clean
rxn39091	clean
rxn39092	clean
rxn39094	clean
rxn39098	salvaged
rxn39099	salvaged
rxn39100	salvaged
rxn39101	salvaged
rxn39103	salvaged
rxn39104	salvaged
rxn39110	clean
rxn39120	clean
rxn39133	clean
rxn39134	clean
rxn39138	clean
rxn39141	clean
rxn39153	clean
rxn39156	clean
rxn39172	clean
rxn39175	clean
rxn39180	clean
rxn39188	clean
rxn39189	clean
rxn39195	clean
rxn39196	clean
rxn39202	clean
rxn39208	clean
rxn39230	clean
rxn39241	clean
rxn39242	clean
rxn39243	clean
rxn39244	clean
rxn39245	clean
rxn39246	clean
rxn39247	clean
rxn39248	clean
rxn39249	clean
rxn39250	clean
rxn39253	clean
rxn39254	clean
rxn39255	clean
rxn39257	clean
rxn39259	clean
rxn39260	clean
rxn39261	clean
rxn39264	salvaged
rxn39266	salvaged
rxn39272	salvaged
rxn39275	clean
rxn39276	clean
rxn39277	salvaged
rxn39278	clean
rxn39279	clean
rxn39282	salvaged
rxn39285	salvaged
rxn39287	clean
rxn39288	salvaged
rxn39291	salvaged
rxn39292	salvaged
rxn39293	salvaged
rxn39294	salvaged
rxn39295	salvaged
rxn39298	salvaged
rxn39299	clean
rxn39300	clean
rxn39301	clean
rxn39302	clean
rxn39303	clean
rxn39305	clean
rxn39306	salvaged
rxn39307	salvaged
rxn39309	salvaged
rxn39310	clean
rxn39311	salvaged
rxn39313	clean
rxn39314	salvaged
rxn39315	salvaged
rxn39318	salvaged
rxn39319	salvaged
rxn39322	salvaged
rxn39325	salvaged
rxn39328	clean
rxn39329	clean
rxn39330	salvaged
rxn39331	salvaged
rxn39332	salvaged
rxn39337	clean
rxn39338	clean
rxn39340	salvaged
rxn39341	salvaged
rxn39344	clean
rxn39345	salvaged
rxn39346	clean
rxn39347	salvaged
rxn39348	clean
rxn39349	salvaged
rxn39350	salvaged
rxn39351	clean
rxn39354	salvaged
rxn39355	salvaged
rxn39356	salvaged
rxn39357	salvaged
rxn39359	clean
rxn39360	salvaged
rxn39361	salvaged
rxn39362	clean
rxn39364	salvaged
rxn39365	salvaged
rxn39367	salvaged
rxn39369	salvaged
rxn39370	clean
rxn39371	clean
rxn39372	clean
rxn39373	clean
rxn39374	clean
rxn39381	salvaged
rxn39383	salvaged
rxn39386	clean
rxn39387	salvaged
rxn39388	clean
rxn39389	salvaged
rxn39391	salvaged
rxn39392	salvaged
rxn39393	salvaged
rxn39395	clean
rxn39396	clean
rxn39397	salvaged
rxn39398	salvaged
rxn39399	salvaged
rxn39400	salvaged
rxn39401	salvaged
rxn39402	salvaged
rxn39403	salvaged
rxn39406	salvaged
rxn39407	clean
rxn39408	salvaged
rxn39409	clean
rxn39410	salvaged
rxn39411	clean
rxn39412	salvaged
rxn39414	clean
rxn39415	salvaged
rxn39416	clean
rxn39420	clean
rxn39421	clean
rxn39423	salvaged
rxn39424	clean
rxn39430	clean
rxn39431	salvaged
rxn39432	clean
rxn39434	clean
rxn39435	clean
rxn39436	clean
rxn39437	clean
rxn39438	clean
rxn39439	clean
rxn39442	salvaged
rxn39448	clean
rxn39449	clean
rxn39450	clean
rxn39451	clean
rxn39452	clean
rxn39453	salvaged
rxn39455	salvaged
rxn39456	clean
rxn39457	clean
rxn39460	salvaged
rxn39462	salvaged
rxn39463	salvaged
rxn39465	salvaged
rxn39466	clean
rxn39469	salvaged
rxn39470	salvaged
rxn39472	clean
rxn39473	salvaged
rxn39476	salvaged
rxn39477	clean
rxn39478	clean
rxn39479	clean
rxn39480	clean
rxn39481	salvaged
rxn39482	salvaged
rxn39484	clean
rxn39487	clean
rxn39489	salvaged
rxn39490	salvaged
rxn39493	salvaged
rxn39494	clean
rxn39498	clean
rxn39500	clean
rxn39501	clean
rxn39504	clean
rxn39505	clean
rxn39508	clean
rxn39509	clean
rxn39511	salvaged
rxn39512	salvaged
rxn39513	salvaged
rxn39598	clean
rxn39608	clean
rxn39681	clean
rxn39682	clean
rxn39683	clean
rxn39684	clean
rxn39685	clean
rxn39686	clean
rxn39688	clean
rxn39690	clean
rxn39693	clean
rxn39694	clean
rxn39695	clean
rxn39696	clean
rxn39697	clean
rxn39698	clean
rxn39699	clean
rxn39700	clean
rxn39701	clean
rxn39703	clean
rxn39705	clean
rxn39706	clean
rxn39707	clean
rxn39708	clean
rxn39709	clean
rxn39710	clean
rxn39713	clean
rxn39714	clean
rxn39715	clean
rxn39716	clean
rxn39717	clean
rxn39718	clean
rxn39719	clean
rxn39720	clean
rxn39721	clean
rxn39722	clean
rxn39723	salvaged
rxn39724	clean
rxn39725	clean
rxn39726	clean
rxn39727	clean
rxn39728	salvaged
rxn39731	clean
rxn39732	clean
rxn39733	clean
rxn39734	clean
rxn39736	salvaged
rxn39737	clean
rxn39738	clean
rxn39742	clean
rxn39746	salvaged
rxn39747	clean
rxn39748	clean
rxn39749	clean
rxn39751	clean
rxn39752	clean
rxn39753	clean
rxn39754	clean
rxn39755	clean
rxn39756	clean
rxn39758	clean
rxn39759	clean
rxn39760	clean
rxn39761	clean
rxn39762	clean
rxn39763	clean
rxn39764	clean
rxn39766	salvaged
rxn39767	salvaged
rxn39768	salvaged
rxn39769	salvaged
rxn39770	salvaged
rxn39771	clean
rxn39772	salvaged
rxn39773	salvaged
rxn39774	clean
rxn39775	clean
rxn39776	salvaged
rxn39778	salvaged
rxn39779	salvaged
rxn39780	clean
rxn39781	clean
rxn39782	clean
rxn39784	clean
rxn39785	clean
rxn39786	clean
rxn39787	clean
rxn39788	clean
rxn39791	clean
rxn39792	clean
rxn39799	salvaged
rxn39801	clean
rxn39802	clean
rxn39804	clean
rxn39813	clean
rxn39817	clean
rxn39819	clean
rxn39821	clean
rxn39822	clean
rxn39823	clean
rxn39824	clean
rxn39826	salvaged
rxn39827	salvaged
rxn39828	salvaged
rxn39829	clean
rxn39845	clean
rxn39847	clean
rxn39852	salvaged
rxn39853	clean
rxn39854	clean
rxn39855	clean
rxn39858	salvaged
rxn39859	salvaged
rxn39860	salvaged
rxn39862	clean
rxn39863	clean
rxn39880	clean
rxn39883	clean
rxn39884	clean
rxn39886	salvaged
rxn39887	salvaged
rxn39889	clean
rxn39890	clean
rxn39891	clean
rxn39892	clean
rxn39893	salvaged
rxn39894	salvaged
rxn39895	clean
rxn39897	salvaged
rxn39899	salvaged
rxn39900	clean
rxn39901	clean
rxn39903	salvaged
rxn39904	clean
rxn39906	salvaged
rxn39907	salvaged
rxn39908	clean
rxn39911	clean
rxn39912	salvaged
rxn39913	salvaged
rxn39914	salvaged
rxn39915	clean
rxn39917	clean
rxn39921	clean
rxn39922	clean
rxn39923	clean
rxn39924	clean
rxn39925	clean
rxn39926	clean
rxn39930	clean
rxn39932	clean
rxn39934	clean
rxn39954	clean
rxn39957	clean
rxn39958	clean
rxn39962	salvaged
rxn39963	salvaged
rxn39964	clean
rxn39965	clean
rxn39967	clean
rxn39968	salvaged
rxn39969	salvaged
rxn39970	salvaged
rxn39971	salvaged
rxn39972	clean
rxn39973	clean
rxn39974	clean
rxn39975	clean
rxn39977	clean
rxn39978	clean
rxn39979	clean
rxn39980	clean
rxn39981	clean
rxn39982	clean
rxn39985	clean
rxn39986	clean
rxn39987	salvaged
rxn39988	clean
rxn39989	clean
rxn39991	clean
rxn39993	clean
rxn39995	clean
rxn39999	salvaged
rxn40000	salvaged
rxn40001	clean
rxn40003	clean
rxn40004	clean
rxn40007	clean
rxn40009	clean
rxn40010	clean
rxn40011	salvaged
rxn40012	clean
rxn40013	clean
rxn40015	clean
rxn40017	clean
rxn40019	clean
rxn40023	clean
rxn40024	clean
rxn40025	salvaged
rxn40026	salvaged
rxn40027	salvaged
rxn40028	clean
rxn40029	clean
rxn40032	clean
rxn40033	clean
rxn40034	clean
rxn40035	clean
rxn40036	salvaged
rxn40037	clean
rxn40040	clean
rxn40042	clean
rxn40043	clean
rxn40044	clean
rxn40045	clean
rxn40046	clean
rxn40049	clean
rxn40050	clean
rxn40052	clean
rxn40053	clean
rxn40054	clean
rxn40055	clean
rxn40056	clean
rxn40057	clean
rxn40058	clean
rxn40060	clean
rxn40061	clean
rxn40062	clean
rxn40063	clean
rxn40064	clean
rxn40065	clean
rxn40066	clean
rxn40067	clean
rxn40068	clean
rxn40069	clean
rxn40071	clean
rxn40072	clean
rxn40073	clean
rxn40074	clean
rxn40075	clean
rxn40076	clean
rxn40077	clean
rxn40078	clean
rxn40080	clean
rxn40081	clean
rxn40083	clean
rxn40084	clean
rxn40085	clean
rxn40087	clean
rxn40088	clean
rxn40089	clean
rxn40092	salvaged
rxn40093	clean
rxn40094	clean
rxn40095	salvaged
rxn40097	clean
rxn40098	clean
rxn40099	clean
rxn40100	clean
rxn40103	clean
rxn40104	clean
rxn40106	clean
rxn40107	clean
rxn40108	clean
rxn40109	clean
rxn40110	clean
rxn40111	salvaged
rxn40112	salvaged
rxn40113	salvaged
rxn40114	salvaged
rxn40115	clean
rxn40116	clean
rxn40117	clean
rxn40118	clean
rxn40119	clean
rxn40120	clean
rxn40121	clean
rxn40122	clean
rxn40123	clean
rxn40124	clean
rxn40125	clean
rxn40126	clean
rxn40127	salvaged
rxn40128	clean
rxn40129	clean
rxn40130	clean
rxn40131	clean
rxn40132	clean
rxn40133	clean
rxn40134	clean
rxn40135	clean
rxn40136	clean
rxn40137	clean
rxn40138	clean
rxn40139	clean
rxn40140	clean
rxn40141	clean
rxn40143	salvaged
rxn40144	clean
rxn40145	clean
rxn40146	clean
rxn40147	clean
rxn40148	clean
rxn40149	clean
rxn40150	clean
rxn40152	clean
rxn40153	clean
rxn40155	clean
rxn40157	clean
rxn40158	clean
rxn40159	clean
rxn40160	salvaged
rxn40161	salvaged
rxn40164	clean
rxn40168	clean
rxn40169	clean
rxn40170	salvaged
rxn40171	clean
rxn40172	clean
rxn40173	clean
rxn40174	clean
rxn40175	clean
rxn40176	clean
rxn40177	clean
rxn40178	clean
rxn40179	clean
rxn40180	clean
rxn40181	clean
rxn40182	clean
rxn40183	clean
rxn40184	clean
rxn40185	clean
rxn40186	clean
rxn40187	clean
rxn40188	clean
rxn40189	clean
rxn40190	clean
rxn40191	salvaged
rxn40192	clean
rxn40193	clean
rxn40194	clean
rxn40195	clean
rxn40196	clean
rxn40197	clean
rxn40198	clean
rxn40199	clean
rxn40200	salvaged
rxn40202	salvaged
rxn40204	clean
rxn40205	clean
rxn40206	salvaged
rxn40207	clean
rxn40208	clean
rxn40209	clean
rxn40210	clean
rxn40211	clean
rxn40212	salvaged
rxn40213	salvaged
rxn40214	salvaged
rxn40215	clean
rxn40217	clean
rxn40218	clean
rxn40219	clean
rxn40220	clean
rxn40221	clean
rxn40222	clean
rxn40223	clean
rxn40224	clean
rxn40225	clean
rxn40228	salvaged
rxn40229	clean
rxn40230	clean
rxn40231	clean
rxn40232	clean
rxn40233	clean
rxn40234	clean
rxn40235	clean
rxn40236	clean
rxn40237	clean
rxn40238	clean
rxn40239	salvaged
rxn40240	salvaged
rxn40241	clean
rxn40243	clean
rxn40244	clean
rxn40245	clean
rxn40246	clean
rxn40248	clean
rxn40249	salvaged
rxn40250	clean
rxn40252	clean
rxn40253	clean
rxn40254	clean
rxn40255	clean
rxn40256	clean
rxn40257	salvaged
rxn40258	clean
rxn40259	clean
rxn40260	clean
rxn40262	clean
rxn40264	clean
rxn40265	clean
rxn40266	clean
rxn40267	clean
rxn40268	clean
rxn40269	clean
rxn40270	clean
rxn40272	salvaged
rxn40273	clean
rxn40275	clean
rxn40276	clean
rxn40277	clean
rxn40278	salvaged
rxn40279	clean
rxn40280	salvaged
rxn40283	salvaged
rxn40284	clean
rxn40285	clean
rxn40286	salvaged
rxn40289	clean
rxn40293	clean
rxn40296	clean
rxn40297	clean
rxn40299	clean
rxn40300	clean
rxn40301	salvaged
rxn40302	salvaged
rxn40303	clean
rxn40304	clean
rxn40305	salvaged
rxn40307	clean
rxn40310	clean
rxn40311	clean
rxn40312	clean
rxn40314	clean
rxn40315	clean
rxn40316	clean
rxn40317	clean
rxn40318	clean
rxn40319	clean
rxn40323	clean
rxn40324	clean
rxn40325	clean
rxn40326	salvaged
rxn40327	salvaged
rxn40328	salvaged
rxn40329	salvaged
rxn40331	clean
rxn40332	clean
rxn40334	clean
rxn40335	clean
rxn40336	clean
rxn40337	clean
rxn40339	clean
rxn40340	clean
rxn40341	clean
rxn40344	clean
rxn40346	clean
rxn40347	clean
rxn40348	clean
rxn40349	clean
rxn40350	salvaged
rxn40351	clean
rxn40352	salvaged
rxn40354	clean
rxn40356	clean
rxn40357	salvaged
rxn40358	clean
rxn40359	clean
rxn40360	salvaged
rxn40362	clean
rxn40363	salvaged
rxn40364	clean
rxn40365	clean
rxn40366	clean
rxn40368	clean
rxn40369	salvaged
rxn40371	clean
rxn40372	clean
rxn40374	clean
rxn40375	clean
rxn40376	clean
rxn40377	clean
rxn40378	clean
rxn40379	clean
rxn40380	clean
rxn40383	clean
rxn40384	clean
rxn40385	clean
rxn40387	clean
rxn40388	clean
rxn40389	clean
rxn40390	clean
rxn40400	salvaged
rxn40401	clean
rxn40402	clean
rxn40405	salvaged
rxn40408	clean
rxn40409	clean
rxn40410	clean
rxn40411	clean
rxn40414	clean
rxn40415	clean
rxn40416	salvaged
rxn40417	clean
rxn40418	clean
rxn40421	clean
rxn40422	clean
rxn40423	clean
rxn40428	salvaged
rxn40429	clean
rxn40430	clean
rxn40432	clean
rxn40433	clean
rxn40434	clean
rxn40435	clean
rxn40436	clean
rxn40437	clean
rxn40439	clean
rxn40440	clean
rxn40441	clean
rxn40442	clean
rxn40444	clean
rxn40446	clean
rxn40447	clean
rxn40448	clean
rxn40452	clean
rxn40453	clean
rxn40454	salvaged
rxn40455	clean
rxn40456	salvaged
rxn40460	clean
rxn40461	clean
rxn40462	clean
rxn40463	clean
rxn40464	clean
rxn40467	salvaged
rxn40468	clean
rxn40469	clean
rxn40470	salvaged
rxn40471	clean
rxn40472	clean
rxn40473	salvaged
rxn40474	clean
rxn40475	salvaged
rxn40476	clean
rxn40477	clean
rxn40478	clean
rxn40479	salvaged
rxn40480	clean
rxn40481	clean
rxn40482	clean
rxn40483	clean
rxn40484	clean
rxn40485	clean
rxn40486	salvaged
rxn40488	clean
rxn40489	clean
rxn40491	clean
rxn40492	salvaged
rxn40493	clean
rxn40495	clean
rxn40498	clean
rxn40499	clean
rxn40504	salvaged
rxn40505	salvaged
rxn40506	clean
rxn40507	clean
rxn40508	clean
rxn40509	salvaged
rxn40510	clean
rxn40511	clean
rxn40513	clean
rxn40514	clean
rxn40516	salvaged
rxn40517	clean
rxn40518	clean
rxn40519	clean
rxn40521	clean
rxn40522	salvaged
rxn40525	salvaged
rxn40529	salvaged
rxn40530	clean
rxn40531	salvaged
rxn40532	clean
rxn40533	salvaged
rxn40534	clean
rxn40536	salvaged
rxn40538	clean
rxn40539	clean
rxn40541	clean
rxn40543	clean
rxn40544	clean
rxn40545	clean
rxn40546	salvaged
rxn40548	clean
rxn40550	clean
rxn40552	clean
rxn40553	salvaged
rxn40555	clean
rxn40559	salvaged
rxn40560	clean
rxn40562	clean
rxn40564	salvaged
rxn40566	clean
rxn40567	clean
rxn40568	clean
rxn40570	clean
rxn40571	clean
rxn40573	clean
rxn40575	clean
rxn40577	clean
rxn40578	clean
rxn40579	clean
rxn40580	clean
rxn40581	clean
rxn40582	clean
rxn40585	clean
rxn40588	clean
rxn40591	clean
rxn40594	clean
rxn40595	clean
rxn40596	clean
rxn40597	clean
rxn40598	salvaged
rxn40600	clean
rxn40602	clean
rxn40604	salvaged
rxn40605	clean
rxn40606	clean
rxn40607	salvaged
rxn40610	clean
rxn40613	clean
rxn40614	salvaged
rxn40616	salvaged
rxn40617	clean
rxn40618	clean
rxn40619	clean
rxn40620	clean
rxn40621	clean
rxn40623	clean
rxn40626	salvaged
rxn40627	clean
rxn40628	clean
rxn40632	clean
rxn40633	salvaged
rxn40636	clean
rxn40638	clean
rxn40639	salvaged
rxn40641	clean
rxn40642	clean
rxn40644	salvaged
rxn40645	clean
rxn40646	clean
rxn40647	clean
rxn40648	salvaged
rxn40649	salvaged
rxn40650	salvaged
rxn40651	clean
rxn40654	clean
rxn40655	salvaged
rxn40656	clean
rxn40657	salvaged
rxn40659	clean
rxn40660	clean
rxn40662	clean
rxn40663	salvaged
rxn40664	salvaged
rxn40668	clean
rxn40670	clean
rxn40671	clean
rxn40673	salvaged
rxn40674	clean
rxn40676	clean
rxn40677	clean
rxn40680	clean
rxn40683	clean
rxn40684	salvaged
rxn40685	clean
rxn40686	salvaged
rxn40687	clean
rxn40689	clean
rxn40690	clean
rxn40691	clean
rxn40694	clean
rxn40695	clean
rxn40696	clean
rxn40698	clean
rxn40699	clean
rxn40700	clean
rxn40702	salvaged
rxn40704	salvaged
rxn40705	clean
rxn40710	clean
rxn40711	clean
rxn40712	salvaged
rxn40715	clean
rxn40716	salvaged
rxn40717	clean
rxn40719	clean
rxn40720	clean
rxn40722	clean
rxn40723	clean
rxn40724	clean
rxn40725	salvaged
rxn40726	clean
rxn40727	clean
rxn40728	clean
rxn40729	clean
rxn40730	clean
rxn40732	clean
rxn40733	salvaged
rxn40734	clean
rxn40738	clean
rxn40741	clean
rxn40742	salvaged
rxn40745	clean
rxn40746	clean
rxn40747	salvaged
rxn40748	salvaged
rxn40749	salvaged
rxn40751	clean
rxn40753	clean
rxn40754	clean
rxn40755	clean
rxn40756	clean
rxn40759	clean
rxn40760	clean
rxn40761	clean
rxn40762	clean
rxn40763	salvaged
rxn40764	clean
rxn40766	clean
rxn40767	clean
rxn40770	clean
rxn40771	clean
rxn40772	clean
rxn40775	clean
rxn40777	clean
rxn40779	salvaged
rxn40780	clean
rxn40781	clean
rxn40783	clean
rxn40785	clean
rxn40789	clean
rxn40791	clean
rxn40794	salvaged
rxn40795	salvaged
rxn40796	clean
rxn40797	salvaged
rxn40798	salvaged
rxn40799	clean
rxn40800	salvaged
rxn40801	salvaged
rxn40802	salvaged
rxn40806	clean
rxn40808	salvaged
rxn40810	clean
rxn40811	clean
rxn40813	clean
rxn40814	clean
rxn40815	clean
rxn40816	salvaged
rxn40817	salvaged
rxn40818	clean
rxn40821	clean
rxn40822	clean
rxn40826	clean
rxn40827	clean
rxn40828	clean
rxn40829	salvaged
rxn40830	clean
rxn40831	salvaged
rxn40832	clean
rxn40833	clean
rxn40834	clean
rxn40837	clean
rxn40838	salvaged
rxn40839	clean
rxn40841	salvaged
rxn40842	clean
rxn40843	clean
rxn40844	clean
rxn40846	salvaged
rxn40847	clean
rxn40848	salvaged
rxn40850	salvaged
rxn40851	clean
rxn40852	clean
rxn40854	salvaged
rxn40857	salvaged
rxn40858	clean
rxn40859	clean
rxn40862	clean
rxn40866	clean
rxn40868	salvaged
rxn40869	clean
rxn40870	salvaged
rxn40871	salvaged
rxn40872	clean
rxn40873	salvaged
rxn40875	clean
rxn40877	clean
rxn40878	salvaged
rxn40879	clean
rxn40881	clean
rxn40882	clean
rxn40883	clean
rxn40885	salvaged
rxn40886	clean
rxn40890	salvaged
rxn40891	salvaged
rxn40893	salvaged
rxn40894	clean
rxn40895	clean
rxn40896	salvaged
rxn40897	clean
rxn40898	clean
rxn40900	clean
rxn40901	salvaged
rxn40902	clean
rxn40903	clean
rxn40904	salvaged
rxn40905	clean
rxn40907	clean
rxn40908	clean
rxn40911	salvaged
rxn40914	clean
rxn40915	clean
rxn40917	clean
rxn40918	clean
rxn40919	salvaged
rxn40921	clean
rxn40922	clean
rxn40924	salvaged
rxn40925	clean
rxn40926	clean
rxn40928	clean
rxn40931	salvaged
rxn40932	clean
rxn40933	clean
rxn40934	clean
rxn40935	clean
rxn40937	clean
rxn40938	clean
rxn40939	clean
rxn40941	salvaged
rxn40942	clean
rxn40943	salvaged
rxn40946	clean
rxn40947	clean
rxn40948	clean
rxn40951	clean
rxn40952	salvaged
rxn40953	clean
rxn40955	clean
rxn40956	salvaged
rxn40958	clean
rxn40959	salvaged
rxn40962	salvaged
rxn40964	clean
rxn40967	clean
rxn40968	salvaged
rxn40969	salvaged
rxn40971	clean
rxn40972	clean
rxn40973	clean
rxn40974	clean
rxn40976	clean
rxn40977	clean
rxn40979	clean
rxn40981	clean
rxn40982	salvaged
rxn40983	salvaged
rxn40984	salvaged
rxn40989	salvaged
rxn40991	salvaged
rxn40992	clean
rxn40993	clean
rxn40996	clean
rxn40997	clean
rxn40998	salvaged
rxn40999	clean
rxn41001	clean
rxn41002	clean
rxn41004	clean
rxn41005	salvaged
rxn41006	clean
rxn41007	salvaged
rxn41008	salvaged
rxn41010	salvaged
rxn41011	clean
rxn41012	clean
rxn41013	clean
rxn41014	salvaged
rxn41015	salvaged
rxn41016	salvaged
rxn41017	salvaged
rxn41018	clean
rxn41021	clean
rxn41022	clean
rxn41023	clean
rxn41024	clean
rxn41026	salvaged
rxn41029	clean
rxn41032	salvaged
rxn41034	salvaged
rxn41037	clean
rxn41038	clean
rxn41039	salvaged
rxn41042	salvaged
rxn41043	clean
rxn41044	salvaged
rxn41045	clean
rxn41047	clean
rxn41051	salvaged
rxn41052	salvaged
rxn41058	clean
rxn41059	salvaged
rxn41060	clean
rxn41061	salvaged
rxn41062	clean
rxn41063	clean
rxn41064	salvaged
rxn41066	clean
rxn41067	salvaged
rxn41068	salvaged
rxn41069	clean
rxn41070	salvaged
rxn41075	clean
rxn41076	clean
rxn41078	clean
rxn41079	clean
rxn41081	clean
rxn41082	clean
rxn41083	salvaged
rxn41085	clean
rxn41087	clean
rxn41089	salvaged
rxn41090	clean
rxn41092	clean
rxn41097	salvaged
rxn41098	salvaged
rxn41099	salvaged
rxn41100	salvaged
rxn41101	clean
rxn41102	clean
rxn41104	clean
rxn41105	salvaged
rxn41107	clean
rxn41110	clean
rxn41111	salvaged
rxn41113	clean
rxn41114	clean
rxn41115	clean
rxn41116	salvaged
rxn41121	clean
rxn41122	clean
rxn41124	clean
rxn41125	salvaged
rxn41126	clean
rxn41127	clean
rxn41129	clean
rxn41130	clean
rxn41131	salvaged
rxn41132	clean
rxn41133	clean
rxn41135	clean
rxn41136	clean
rxn41137	clean
rxn41140	clean
rxn41141	clean
rxn41142	salvaged
rxn41143	salvaged
rxn41145	salvaged
rxn41146	clean
rxn41147	clean
rxn41148	salvaged
rxn41149	clean
rxn41151	clean
rxn41154	clean
rxn41155	salvaged
rxn41156	clean
rxn41157	salvaged
rxn41159	clean
rxn41161	clean
rxn41162	clean
rxn41163	clean
rxn41164	clean
rxn41165	clean
rxn41166	salvaged
rxn41168	salvaged
rxn41169	clean
rxn41170	clean
rxn41171	clean
rxn41173	salvaged
rxn41175	clean
rxn41176	clean
rxn41177	salvaged
rxn41178	salvaged
rxn41179	salvaged
rxn41180	salvaged
rxn41181	clean
rxn41183	salvaged
rxn41184	clean
rxn41186	clean
rxn41187	clean
rxn41190	clean
rxn41192	clean
rxn41195	clean
rxn41197	clean
rxn41198	salvaged
rxn41199	clean
rxn41200	salvaged
rxn41201	clean
rxn41203	salvaged
rxn41204	clean
rxn41205	clean
rxn41207	salvaged
rxn41210	clean
rxn41211	salvaged
rxn41212	clean
rxn41213	clean
rxn41214	salvaged
rxn41215	salvaged
rxn41217	salvaged
rxn41218	salvaged
rxn41219	clean
rxn41220	salvaged
rxn41221	clean
rxn41223	salvaged
rxn41224	clean
rxn41225	salvaged
rxn41227	clean
rxn41228	salvaged
rxn41229	clean
rxn41231	clean
rxn41232	salvaged
rxn41234	clean
rxn41235	clean
rxn41236	clean
rxn41238	salvaged
rxn41239	clean
rxn41241	salvaged
rxn41243	salvaged
rxn41245	clean
rxn41248	salvaged
rxn41250	clean
rxn41251	salvaged
rxn41252	clean
rxn41253	salvaged
rxn41254	clean
rxn41255	clean
rxn41256	salvaged
rxn41258	clean
rxn41259	clean
rxn41261	salvaged
rxn41263	salvaged
rxn41264	salvaged
rxn41265	salvaged
rxn41266	clean
rxn41267	clean
rxn41268	clean
rxn41270	clean
rxn41271	clean
rxn41272	salvaged
rxn41273	clean
rxn41274	salvaged
rxn41279	salvaged
rxn41280	salvaged
rxn41281	salvaged
rxn41283	clean
rxn41284	clean
rxn41285	salvaged
rxn41286	clean
rxn41287	clean
rxn41288	clean
rxn41289	clean
rxn41290	salvaged
rxn41292	salvaged
rxn41293	clean
rxn41296	salvaged
rxn41297	clean
rxn41298	salvaged
rxn41299	clean
rxn41300	salvaged
rxn41301	clean
rxn41302	clean
rxn41303	clean
rxn41304	clean
rxn41308	clean
rxn41309	salvaged
rxn41310	salvaged
rxn41311	clean
rxn41312	clean
rxn41313	clean
rxn41314	salvaged
rxn41316	clean
rxn41317	clean
rxn41318	salvaged
rxn41319	clean
rxn41321	salvaged
rxn41323	clean
rxn41324	clean
rxn41325	salvaged
rxn41326	clean
rxn41327	clean
rxn41328	clean
rxn41329	salvaged
rxn41330	salvaged
rxn41331	clean
rxn41333	clean
rxn41335	salvaged
rxn41338	clean
rxn41339	clean
rxn41342	clean
rxn41346	clean
rxn41347	clean
rxn41348	salvaged
rxn41349	clean
rxn41351	clean
rxn41353	salvaged
rxn41354	clean
rxn41356	clean
rxn41357	clean
rxn41358	salvaged
rxn41359	salvaged
rxn41360	clean
rxn41362	salvaged
rxn41364	salvaged
rxn41367	clean
rxn41369	salvaged
rxn41371	clean
rxn41373	clean
rxn41374	salvaged
rxn41375	clean
rxn41378	clean
rxn41379	salvaged
rxn41380	salvaged
rxn41381	salvaged
rxn41384	clean
rxn41386	clean
rxn41387	salvaged
rxn41388	clean
rxn41389	clean
rxn41390	clean
rxn41391	clean
rxn41394	salvaged
rxn41395	salvaged
rxn41396	clean
rxn41398	clean
rxn41399	clean
rxn41401	clean
rxn41402	salvaged
rxn41403	salvaged
rxn41405	salvaged
rxn41406	salvaged
rxn41407	clean
rxn41411	salvaged
rxn41413	clean
rxn41414	clean
rxn41417	salvaged
rxn41418	clean
rxn41419	clean
rxn41420	clean
rxn41421	salvaged
rxn41423	clean
rxn41424	clean
rxn41425	clean
rxn41426	clean
rxn41427	clean
rxn41428	salvaged
rxn41431	clean
rxn41432	clean
rxn41435	clean
rxn41436	salvaged
rxn41437	clean
rxn41439	clean
rxn41440	clean
rxn41442	clean
rxn41443	clean
rxn41445	salvaged
rxn41446	clean
rxn41447	salvaged
rxn41448	salvaged
rxn41449	clean
rxn41451	salvaged
rxn41453	clean
rxn41454	clean
rxn41455	clean
rxn41457	clean
rxn41458	clean
rxn41460	clean
rxn41462	salvaged
rxn41463	clean
rxn41464	clean
rxn41465	clean
rxn41466	clean
rxn41467	clean
rxn41468	clean
rxn41470	salvaged
rxn41472	clean
rxn41473	clean
rxn41474	clean
rxn41475	clean
rxn41476	salvaged
rxn41478	salvaged
rxn41479	salvaged
rxn41480	salvaged
rxn41481	salvaged
rxn41482	salvaged
rxn41483	clean
rxn41484	clean
rxn41486	clean
rxn41487	clean
rxn41488	clean
rxn41489	clean
rxn41492	clean
rxn41493	clean
rxn41494	clean
rxn41495	clean
rxn41497	clean
rxn41498	clean
rxn41499	clean
rxn41500	clean
rxn41501	salvaged
rxn41502	salvaged
rxn41503	clean
rxn41504	clean
rxn41505	clean
rxn41507	clean
rxn41508	clean
rxn41510	clean
rxn41512	clean
rxn41513	salvaged
rxn41514	clean
rxn41516	salvaged
rxn41517	clean
rxn41518	salvaged
rxn41520	clean
rxn41522	clean
rxn41523	clean
rxn41524	clean
rxn41527	salvaged
rxn41531	clean
rxn41532	clean
rxn41533	clean
rxn41534	salvaged
rxn41535	clean
rxn41536	salvaged
rxn41537	clean
rxn41538	salvaged
rxn41539	salvaged
rxn41542	clean
rxn41546	clean
rxn41548	clean
rxn41550	clean
rxn41551	clean
rxn41552	clean
rxn41553	clean
rxn41554	clean
rxn41556	clean
rxn41557	clean
rxn41558	clean
rxn41559	clean
rxn41561	clean
rxn41563	clean
rxn41564	clean
rxn41571	clean
rxn41572	salvaged
rxn41573	salvaged
rxn41574	salvaged
rxn41575	clean
rxn41577	salvaged
rxn41578	clean
rxn41579	clean
rxn41580	clean
rxn41581	clean
rxn41582	clean
rxn41583	clean
rxn41585	clean
rxn41586	salvaged
rxn41587	clean
rxn41589	salvaged
rxn41590	salvaged
rxn41591	salvaged
rxn41592	clean
rxn41593	clean
rxn41594	salvaged
rxn41595	clean
rxn41596	clean
rxn41597	clean
rxn41599	clean
rxn41600	clean
rxn41602	clean
rxn41606	clean
rxn41608	clean
rxn41609	clean
rxn41611	clean
rxn41612	clean
rxn41614	clean
rxn41615	clean
rxn41616	clean
rxn41618	salvaged
rxn41619	clean
rxn41620	clean
rxn41621	salvaged
rxn41623	salvaged
rxn41624	clean
rxn41625	salvaged
rxn41626	clean
rxn41627	salvaged
rxn41628	clean
rxn41629	clean
rxn41630	clean
rxn41631	salvaged
rxn41632	salvaged
rxn41633	clean
rxn41634	clean
rxn41636	salvaged
rxn41640	salvaged
rxn41641	salvaged
rxn41642	clean
rxn41643	salvaged
rxn41644	clean
rxn41645	clean
rxn41646	clean
rxn41647	salvaged
rxn41652	clean
rxn41653	clean
rxn41654	clean
rxn41655	salvaged
rxn41656	clean
rxn41657	salvaged
rxn41658	salvaged
rxn41659	clean
rxn41660	clean
rxn41662	clean
rxn41663	clean
rxn41666	salvaged
rxn41669	clean
rxn41671	clean
rxn41672	salvaged
rxn41673	clean
rxn41674	salvaged
rxn41676	salvaged
rxn41677	salvaged
rxn41678	salvaged
rxn41679	salvaged
rxn41680	clean
rxn41682	salvaged
rxn41683	salvaged
rxn41684	clean
rxn41686	clean
rxn41688	clean
rxn41689	clean
rxn41691	salvaged
rxn41692	clean
rxn41693	clean
rxn41696	clean
rxn41698	clean
rxn41699	clean
rxn41700	clean
rxn41701	salvaged
rxn41702	salvaged
rxn41705	clean
rxn41706	clean
rxn41707	salvaged
rxn41708	clean
rxn41709	salvaged
rxn41710	clean
rxn41711	clean
rxn41714	salvaged
rxn41715	clean
rxn41716	salvaged
rxn41717	clean
rxn41718	salvaged
rxn41720	clean
rxn41724	salvaged
rxn41725	clean
rxn41726	clean
rxn41727	clean
rxn41736	clean
rxn41737	salvaged
rxn41743	clean
rxn41744	clean
rxn41745	salvaged
rxn41747	clean
rxn41748	clean
rxn41749	clean
rxn41750	clean
rxn41751	clean
rxn41752	salvaged
rxn41753	salvaged
rxn41754	clean
rxn41755	clean
rxn41756	clean
rxn41757	salvaged
rxn41759	clean
rxn41763	clean
rxn41765	clean
rxn41766	salvaged
rxn41767	clean
rxn41768	clean
rxn41769	clean
rxn41771	salvaged
rxn41773	clean
rxn41775	salvaged
rxn41776	clean
rxn41777	clean
rxn41778	clean
rxn41780	salvaged
rxn41781	clean
rxn41782	salvaged
rxn41783	clean
rxn41785	salvaged
rxn41787	salvaged
rxn41788	clean
rxn41789	clean
rxn41790	clean
rxn41791	salvaged
rxn41793	salvaged
rxn41797	salvaged
rxn41798	clean
rxn41801	clean
rxn41802	clean
rxn41803	salvaged
rxn41806	clean
rxn41808	clean
rxn41810	clean
rxn41811	clean
rxn41812	clean
rxn41813	clean
rxn41815	clean
rxn41816	clean
rxn41817	clean
rxn41818	salvaged
rxn41819	salvaged
rxn41821	salvaged
rxn41822	clean
rxn41823	clean
rxn41824	salvaged
rxn41825	salvaged
rxn41826	clean
rxn41828	clean
rxn41829	clean
rxn41830	salvaged
rxn41831	clean
rxn41832	salvaged
rxn41833	clean
rxn41834	clean
rxn41837	clean
rxn41838	clean
rxn41839	clean
rxn41840	salvaged
rxn41841	clean
rxn41844	clean
rxn41845	salvaged
rxn41848	salvaged
rxn41849	clean
rxn41850	salvaged
rxn41851	clean
rxn41852	clean
rxn41853	salvaged
rxn41854	clean
rxn41856	salvaged
rxn41857	salvaged
rxn41858	salvaged
rxn41861	clean
rxn41862	clean
rxn41863	salvaged
rxn41864	salvaged
rxn41866	clean
rxn41867	salvaged
rxn41868	clean
rxn41869	clean
rxn41871	clean
rxn41872	salvaged
rxn41873	clean
rxn41874	clean
rxn41878	clean
rxn41879	clean
rxn41881	clean
rxn41883	clean
rxn41884	clean
rxn41885	clean
rxn41886	clean
rxn41887	clean
rxn41890	clean
rxn41891	clean
rxn41892	clean
rxn41893	clean
rxn41894	salvaged
rxn41895	clean
rxn41896	salvaged
rxn41899	salvaged
rxn41901	clean
rxn41902	salvaged
rxn41903	clean
rxn41906	salvaged
rxn41907	salvaged
rxn41908	clean
rxn41909	clean
rxn41910	clean
rxn41911	salvaged
rxn41912	salvaged
rxn41916	salvaged
rxn41917	salvaged
rxn41918	clean
rxn41922	salvaged
rxn41923	clean
rxn41924	salvaged
rxn41929	clean
rxn41931	salvaged
rxn41932	salvaged
rxn41933	salvaged
rxn41934	clean
rxn41937	salvaged
rxn41938	clean
rxn41939	clean
rxn41942	clean
rxn41943	clean
rxn41945	clean
rxn41946	clean
rxn41947	clean
rxn41949	clean
rxn41950	clean
rxn41954	clean
rxn41956	salvaged
rxn41959	clean
rxn41960	clean
rxn41961	salvaged
rxn41962	clean
rxn41963	salvaged
rxn41964	salvaged
rxn41965	clean
rxn41966	clean
rxn41967	salvaged
rxn41968	clean
rxn41969	clean
rxn41971	salvaged
rxn41972	clean
rxn41976	clean
rxn41977	clean
rxn41978	clean
rxn41979	clean
rxn41980	salvaged
rxn41981	clean
rxn41983	clean
rxn41984	clean
rxn41987	salvaged
rxn41988	salvaged
rxn41989	clean
rxn41990	clean
rxn41991	clean
rxn41992	clean
rxn41993	clean
rxn41995	clean
rxn41996	clean
rxn41997	salvaged
rxn41998	salvaged
rxn41999	clean
rxn42001	clean
rxn42002	clean
rxn42003	salvaged
rxn42005	clean
rxn42006	clean
rxn42008	clean
rxn42010	clean
rxn42012	clean
rxn42013	clean
rxn42014	salvaged
rxn42015	clean
rxn42016	clean
rxn42017	salvaged
rxn42018	salvaged
rxn42019	clean
rxn42020	clean
rxn42021	salvaged
rxn42022	clean
rxn42024	salvaged
rxn42026	clean
rxn42028	clean
rxn42030	clean
rxn42033	salvaged
rxn42034	clean
rxn42037	clean
rxn42038	clean
rxn42043	clean
rxn42044	clean
rxn42045	clean
rxn42046	salvaged
rxn42047	clean
rxn42048	salvaged
rxn42049	clean
rxn42050	clean
rxn42051	clean
rxn42053	salvaged
rxn42058	clean
rxn42059	clean
rxn42060	salvaged
rxn42063	clean
rxn42065	salvaged
rxn42067	salvaged
rxn42069	salvaged
rxn42070	clean
rxn42073	clean
rxn42074	clean
rxn42075	clean
rxn42076	salvaged
rxn42077	clean
rxn42078	salvaged
rxn42079	clean
rxn42081	clean
rxn42082	salvaged
rxn42083	salvaged
rxn42084	clean
rxn42085	clean
rxn42087	clean
rxn42088	salvaged
rxn42096	clean
rxn42097	salvaged
rxn42098	salvaged
rxn42102	clean
rxn42104	clean
rxn42105	clean
rxn42106	salvaged
rxn42107	clean
rxn42108	clean
rxn42109	clean
rxn42111	salvaged
rxn42112	clean
rxn42114	clean
rxn42115	clean
rxn42116	clean
rxn42119	clean
rxn42120	clean
rxn42121	salvaged
rxn42122	clean
rxn42124	clean
rxn42126	clean
rxn42127	clean
rxn42130	clean
rxn42131	clean
rxn42132	salvaged
rxn42133	clean
rxn42134	clean
rxn42135	salvaged
rxn42136	salvaged
rxn42137	clean
rxn42138	salvaged
rxn42141	salvaged
rxn42142	salvaged
rxn42144	clean
rxn42145	clean
rxn42147	clean
rxn42149	clean
rxn42150	clean
rxn42151	clean
rxn42153	clean
rxn42157	clean
rxn42158	clean
rxn42159	clean
rxn42160	clean
rxn42162	salvaged
rxn42163	clean
rxn42164	salvaged
rxn42166	clean
rxn42167	salvaged
rxn42171	clean
rxn42172	salvaged
rxn42175	salvaged
rxn42178	salvaged
rxn42179	clean
rxn42180	salvaged
rxn42181	salvaged
rxn42182	clean
rxn42183	clean
rxn42184	clean
rxn42185	clean
rxn42186	salvaged
rxn42187	clean
rxn42188	salvaged
rxn42189	clean
rxn42190	salvaged
rxn42191	clean
rxn42192	clean
rxn42194	salvaged
rxn42195	salvaged
rxn42200	clean
rxn42202	salvaged
rxn42203	clean
rxn42204	salvaged
rxn42205	clean
rxn42207	salvaged
rxn42208	salvaged
rxn42210	clean
rxn42211	clean
rxn42213	clean
rxn42214	salvaged
rxn42219	clean
rxn42221	clean
rxn42222	clean
rxn42223	clean
rxn42224	clean
rxn42225	salvaged
rxn42226	clean
rxn42227	salvaged
rxn42229	clean
rxn42230	salvaged
rxn42231	clean
rxn42233	clean
rxn42235	salvaged
rxn42236	clean
rxn42237	clean
rxn42238	salvaged
rxn42239	clean
rxn42241	clean
rxn42242	clean
rxn42244	salvaged
rxn42245	clean
rxn42246	clean
rxn42247	clean
rxn42250	salvaged
rxn42251	clean
rxn42252	salvaged
rxn42253	clean
rxn42256	salvaged
rxn42257	clean
rxn42258	salvaged
rxn42259	salvaged
rxn42260	clean
rxn42261	clean
rxn42267	clean
rxn42270	clean
rxn42272	salvaged
rxn42274	clean
rxn42277	clean
rxn42278	salvaged
rxn42279	clean
rxn42280	clean
rxn42285	clean
rxn42286	salvaged
rxn42287	clean
rxn42289	salvaged
rxn42291	clean
rxn42292	clean
rxn42295	clean
rxn42296	clean
rxn42299	clean
rxn42300	clean
rxn42301	clean
rxn42303	clean
rxn42305	clean
rxn42306	salvaged
rxn42307	clean
rxn42309	clean
rxn42311	clean
rxn42312	clean
rxn42313	clean
rxn42314	clean
rxn42315	clean
rxn42318	salvaged
rxn42322	clean
rxn42323	salvaged
rxn42324	clean
rxn42327	clean
rxn42328	clean
rxn42329	clean
rxn42330	salvaged
rxn42332	salvaged
rxn42333	salvaged
rxn42335	clean
rxn42336	clean
rxn42338	clean
rxn42339	salvaged
rxn42341	salvaged
rxn42342	clean
rxn42343	clean
rxn42344	clean
rxn42345	salvaged
rxn42346	clean
rxn42347	clean
rxn42350	clean
rxn42351	clean
rxn42352	clean
rxn42354	clean
rxn42355	salvaged
rxn42357	clean
rxn42359	clean
rxn42361	salvaged
rxn42362	clean
rxn42363	clean
rxn42364	clean
rxn42366	clean
rxn42367	clean
rxn42368	salvaged
rxn42370	salvaged
rxn42371	salvaged
rxn42373	clean
rxn42375	clean
rxn42376	salvaged
rxn42377	clean
rxn42378	clean
rxn42379	clean
rxn42381	clean
rxn42383	clean
rxn42384	clean
rxn42385	clean
rxn42387	salvaged
rxn42388	clean
rxn42390	clean
rxn42391	clean
rxn42392	clean
rxn42393	salvaged
rxn42395	salvaged
rxn42397	salvaged
rxn42399	salvaged
rxn42400	clean
rxn42401	salvaged
rxn42402	clean
rxn42404	salvaged
rxn42405	salvaged
rxn42407	clean
rxn42408	clean
rxn42409	clean
rxn42410	salvaged
rxn42411	clean
rxn42415	clean
rxn42417	clean
rxn42419	clean
rxn42420	clean
rxn42421	salvaged
rxn42423	clean
rxn42428	clean
rxn42429	clean
rxn42430	clean
rxn42431	clean
rxn42433	clean
rxn42434	clean
rxn42436	clean
rxn42437	clean
rxn42438	clean
rxn42439	salvaged
rxn42440	clean
rxn42441	clean
rxn42442	clean
rxn42444	salvaged
rxn42446	clean
rxn42448	clean
rxn42449	clean
rxn42452	clean
rxn42454	clean
rxn42455	salvaged
rxn42456	clean
rxn42457	salvaged
rxn42460	clean
rxn42461	clean
rxn42462	clean
rxn42463	clean
rxn42464	clean
rxn42465	clean
rxn42466	clean
rxn42468	clean
rxn42469	clean
rxn42470	salvaged
rxn42471	clean
rxn42473	clean
rxn42474	salvaged
rxn42475	salvaged
rxn42476	salvaged
rxn42477	clean
rxn42479	salvaged
rxn42480	clean
rxn42481	clean
rxn42483	salvaged
rxn42484	clean
rxn42485	clean
rxn42486	salvaged
rxn42488	salvaged
rxn42489	clean
rxn42491	salvaged
rxn42493	clean
rxn42495	salvaged
rxn42496	salvaged
rxn42497	clean
rxn42498	clean
rxn42499	clean
rxn42500	salvaged
rxn42501	salvaged
rxn42502	clean
rxn42504	salvaged
rxn42505	clean
rxn42506	salvaged
rxn42507	clean
rxn42513	salvaged
rxn42517	clean
rxn42518	salvaged
rxn42519	clean
rxn42520	clean
rxn42522	salvaged
rxn42524	clean
rxn42525	salvaged
rxn42526	clean
rxn42527	salvaged
rxn42530	clean
rxn42531	clean
rxn42535	clean
rxn42536	clean
rxn42537	clean
rxn42538	salvaged
rxn42539	salvaged
rxn42541	clean
rxn42544	clean
rxn42547	salvaged
rxn42548	clean
rxn42549	clean
rxn42551	salvaged
rxn42552	salvaged
rxn42553	clean
rxn42558	salvaged
rxn42559	clean
rxn42560	clean
rxn42561	clean
rxn42563	salvaged
rxn42564	clean
rxn42569	clean
rxn42570	clean
rxn42571	salvaged
rxn42572	clean
rxn42573	clean
rxn42574	clean
rxn42577	clean
rxn42585	clean
rxn42586	clean
rxn42588	clean
rxn42591	clean
rxn42592	salvaged
rxn42593	clean
rxn42594	salvaged
rxn42597	clean
rxn42598	clean
rxn42600	salvaged
rxn42602	clean
rxn42603	salvaged
rxn42605	clean
rxn42607	clean
rxn42608	clean
rxn42609	clean
rxn42610	clean
rxn42611	clean
rxn42612	salvaged
rxn42613	clean
rxn42614	clean
rxn42616	clean
rxn42617	salvaged
rxn42619	salvaged
rxn42621	clean
rxn42622	clean
rxn42623	clean
rxn42624	clean
rxn42625	clean
rxn42626	salvaged
rxn42627	clean
rxn42628	clean
rxn42629	salvaged
rxn42631	clean
rxn42632	clean
rxn42633	salvaged
rxn42634	salvaged
rxn42637	clean
rxn42638	clean
rxn42639	clean
rxn42642	salvaged
rxn42643	salvaged
rxn42644	clean
rxn42645	clean
rxn42647	clean
rxn42649	clean
rxn42656	salvaged
rxn42657	salvaged
rxn42659	clean
rxn42661	salvaged
rxn42662	clean
rxn42664	salvaged
rxn42666	clean
rxn42667	clean
rxn42668	clean
rxn42669	clean
rxn42670	clean
rxn42671	salvaged
rxn42672	salvaged
rxn42673	salvaged
rxn42674	clean
rxn42676	clean
rxn42678	clean
rxn42680	clean
rxn42681	clean
rxn42682	clean
rxn42683	salvaged
rxn42686	clean
rxn42687	salvaged
rxn42689	clean
rxn42691	clean
rxn42692	clean
rxn42693	salvaged
rxn42695	clean
rxn42696	clean
rxn42699	salvaged
rxn42700	clean
rxn42701	clean
rxn42702	salvaged
rxn42704	salvaged
rxn42705	clean
rxn42706	clean
rxn42707	clean
rxn42708	clean
rxn42709	salvaged
rxn42710	salvaged
rxn42711	salvaged
rxn42713	clean
rxn42714	clean
rxn42715	clean
rxn42716	clean
rxn42717	clean
rxn42723	clean
rxn42724	salvaged
rxn42726	salvaged
rxn42727	clean
rxn42729	salvaged
rxn42730	clean
rxn42731	clean
rxn42732	clean
rxn42733	clean
rxn42735	clean
rxn42736	salvaged
rxn42738	salvaged
rxn42739	clean
rxn42742	clean
rxn42743	clean
rxn42744	clean
rxn42745	clean
rxn42746	salvaged
rxn42747	salvaged
rxn42751	salvaged
rxn42752	clean
rxn42753	clean
rxn42754	clean
rxn42755	salvaged
rxn42756	clean
rxn42758	salvaged
rxn42760	clean
rxn42762	clean
rxn42764	clean
rxn42765	clean
rxn42766	salvaged
rxn42767	salvaged
rxn42768	clean
rxn42770	clean
rxn42771	salvaged
rxn42773	clean
rxn42774	clean
rxn42776	clean
rxn42777	clean
rxn42778	salvaged
rxn42779	clean
rxn42781	clean
rxn42782	clean
rxn42783	clean
rxn42785	clean
rxn42788	clean
rxn42789	salvaged
rxn42790	clean
rxn42791	clean
rxn42792	clean
rxn42793	clean
rxn42795	clean
rxn42796	salvaged
rxn42798	clean
rxn42799	clean
rxn42800	clean
rxn42801	salvaged
rxn42802	salvaged
rxn42803	clean
rxn42804	clean
rxn42805	clean
rxn42806	clean
rxn42808	clean
rxn42810	clean
rxn42811	clean
rxn42812	clean
rxn42813	clean
rxn42815	clean
rxn42816	clean
rxn42818	clean
rxn42820	clean
rxn42822	clean
rxn42825	clean
rxn42829	clean
rxn42830	clean
rxn42831	clean
rxn42833	clean
rxn42835	clean
rxn42838	clean
rxn42840	clean
rxn42841	salvaged
rxn42842	clean
rxn42843	clean
rxn42845	salvaged
rxn42846	clean
rxn42848	clean
rxn42850	clean
rxn42851	clean
rxn42852	clean
rxn42853	salvaged
rxn42854	clean
rxn42856	salvaged
rxn42857	clean
rxn42858	clean
rxn42863	salvaged
rxn42864	clean
rxn42866	clean
rxn42867	clean
rxn42868	clean
rxn42869	salvaged
rxn42872	clean
rxn42873	clean
rxn42874	clean
rxn42875	salvaged
rxn42878	salvaged
rxn42879	clean
rxn42880	clean
rxn42881	clean
rxn42882	clean
rxn42884	clean
rxn42885	salvaged
rxn42886	salvaged
rxn42887	clean
rxn42888	salvaged
rxn42889	salvaged
rxn42890	clean
rxn42892	clean
rxn42893	salvaged
rxn42895	salvaged
rxn42896	clean
rxn42897	salvaged
rxn42898	salvaged
rxn42899	clean
rxn42901	salvaged
rxn42902	salvaged
rxn42905	clean
rxn42907	clean
rxn42908	clean
rxn42909	clean
rxn42911	clean
rxn42913	salvaged
rxn42914	clean
rxn42916	clean
rxn42917	salvaged
rxn42918	clean
rxn42919	clean
rxn42920	clean
rxn42921	salvaged
rxn42923	salvaged
rxn42925	clean
rxn42926	salvaged
rxn42927	clean
rxn42928	clean
rxn42933	clean
rxn42934	clean
rxn42935	salvaged
rxn42937	clean
rxn42938	clean
rxn42939	salvaged
rxn42941	clean
rxn42943	clean
rxn42945	clean
rxn42946	salvaged
rxn42947	clean
rxn42948	salvaged
rxn42949	salvaged
rxn42950	clean
rxn42951	clean
rxn42952	salvaged
rxn42953	clean
rxn42954	clean
rxn42955	clean
rxn42957	clean
rxn42961	salvaged
rxn42962	salvaged
rxn42963	salvaged
rxn42964	clean
rxn42965	clean
rxn42966	clean
rxn42967	salvaged
rxn42968	salvaged
rxn42969	salvaged
rxn42972	clean
rxn42973	clean
rxn42974	clean
rxn42975	clean
rxn42976	clean
rxn42977	clean
rxn42978	clean
rxn42980	clean
rxn42983	clean
rxn42984	clean
rxn42986	clean
rxn42987	clean
rxn42988	clean
rxn42989	clean
rxn42991	clean
rxn42994	clean
rxn42996	clean
rxn42997	clean
rxn42998	clean
rxn42999	clean
rxn43001	clean
rxn43002	clean
rxn43003	salvaged
rxn43005	clean
rxn43007	clean
rxn43008	clean
rxn43014	clean
rxn43015	salvaged
rxn43020	clean
rxn43022	salvaged
rxn43023	clean
rxn43025	salvaged
rxn43028	clean
rxn43030	clean
rxn43031	salvaged
rxn43032	clean
rxn43033	clean
rxn43034	clean
rxn43035	salvaged
rxn43036	clean
rxn43038	salvaged
rxn43039	clean
rxn43041	salvaged
rxn43042	clean
rxn43043	clean
rxn43044	salvaged
rxn43047	clean
rxn43048	clean
rxn43050	clean
rxn43051	salvaged
rxn43052	salvaged
rxn43055	clean
rxn43056	clean
rxn43059	clean
rxn43063	clean
rxn43069	salvaged
rxn43070	clean
rxn43072	clean
rxn43073	salvaged
rxn43074	salvaged
rxn43075	clean
rxn43076	salvaged
rxn43077	clean
rxn43078	salvaged
rxn43079	clean
rxn43080	clean
rxn43082	salvaged
rxn43083	clean
rxn43084	salvaged
rxn43085	salvaged
rxn43087	clean
rxn43088	clean
rxn43092	salvaged
rxn43093	salvaged
rxn43094	salvaged
rxn43095	clean
rxn43096	clean
rxn43097	salvaged
rxn43098	clean
rxn43099	salvaged
rxn43100	clean
rxn43101	clean
rxn43103	clean
rxn43106	clean
rxn43107	salvaged
rxn43108	salvaged
rxn43109	clean
rxn43111	salvaged
rxn43116	clean
rxn43118	clean
rxn43119	clean
rxn43122	clean
rxn43123	salvaged
rxn43124	salvaged
rxn43125	clean
rxn43126	salvaged
rxn43127	clean
rxn43129	clean
rxn43130	clean
rxn43131	clean
rxn43132	clean
rxn43133	salvaged
rxn43134	clean
rxn43135	clean
rxn43136	salvaged
rxn43138	clean
rxn43141	clean
rxn43142	clean
rxn43143	clean
rxn43144	clean
rxn43145	clean
rxn43146	salvaged
rxn43147	clean
rxn43148	clean
rxn43149	clean
rxn43153	clean
rxn43155	clean
rxn43156	salvaged
rxn43157	salvaged
rxn43161	clean
rxn43162	clean
rxn43163	clean
rxn43165	salvaged
rxn43167	salvaged
rxn43168	clean
rxn43170	salvaged
rxn43171	clean
rxn43172	clean
rxn43173	clean
rxn43178	clean
rxn43179	salvaged
rxn43180	salvaged
rxn43181	clean
rxn43182	clean
rxn43189	clean
rxn43190	clean
rxn43193	salvaged
rxn43194	salvaged
rxn43195	salvaged
rxn43196	clean
rxn43197	salvaged
rxn43198	clean
rxn43200	clean
rxn43202	salvaged
rxn43208	salvaged
rxn43209	salvaged
rxn43210	clean
rxn43211	salvaged
rxn43213	clean
rxn43214	clean
rxn43215	clean
rxn43217	clean
rxn43218	clean
rxn43221	clean
rxn43223	clean
rxn43224	clean
rxn43225	clean
rxn43228	clean
rxn43229	clean
rxn43230	clean
rxn43231	clean
rxn43233	salvaged
rxn43235	clean
rxn43236	clean
rxn43242	salvaged
rxn43243	clean
rxn43244	clean
rxn43245	salvaged
rxn43248	salvaged
rxn43249	clean
rxn43250	clean
rxn43251	clean
rxn43253	salvaged
rxn43254	clean
rxn43255	clean
rxn43256	clean
rxn43259	clean
rxn43260	salvaged
rxn43261	salvaged
rxn43262	clean
rxn43263	salvaged
rxn43264	salvaged
rxn43266	clean
rxn43267	salvaged
rxn43268	clean
rxn43273	clean
rxn43274	clean
rxn43275	clean
rxn43276	clean
rxn43277	salvaged
rxn43278	clean
rxn43280	clean
rxn43283	clean
rxn43284	salvaged
rxn43285	clean
rxn43287	clean
rxn43289	clean
rxn43290	clean
rxn43291	clean
rxn43293	salvaged
rxn43295	salvaged
rxn43298	clean
rxn43299	clean
rxn43300	clean
rxn43301	clean
rxn43302	clean
rxn43303	clean
rxn43304	clean
rxn43305	salvaged
rxn43307	clean
rxn43308	clean
rxn43309	clean
rxn43310	salvaged
rxn43311	clean
rxn43312	clean
rxn43313	clean
rxn43314	clean
rxn43315	salvaged
rxn43316	salvaged
rxn43317	clean
rxn43318	salvaged
rxn43320	clean
rxn43321	salvaged
rxn43322	salvaged
rxn43323	clean
rxn43326	clean
rxn43329	salvaged
rxn43330	salvaged
rxn43331	salvaged
rxn43332	clean
rxn43334	clean
rxn43335	clean
rxn43336	clean
rxn43338	salvaged
rxn43340	clean
rxn43341	clean
rxn43342	clean
rxn43343	clean
rxn43347	clean
rxn43348	salvaged
rxn43352	clean
rxn43354	salvaged
rxn43355	clean
rxn43356	clean
rxn43362	salvaged
rxn43363	salvaged
rxn43364	clean
rxn43365	salvaged
rxn43366	clean
rxn43368	salvaged
rxn43369	salvaged
rxn43371	clean
rxn43373	clean
rxn43375	clean
rxn43376	salvaged
rxn43378	salvaged
rxn43380	salvaged
rxn43381	clean
rxn43382	salvaged
rxn43384	clean
rxn43386	salvaged
rxn43387	clean
rxn43389	salvaged
rxn43390	salvaged
rxn43392	clean
rxn43394	clean
rxn43395	salvaged
rxn43397	clean
rxn43399	clean
rxn43401	clean
rxn43402	salvaged
rxn43403	salvaged
rxn43405	salvaged
rxn43406	salvaged
rxn43408	clean
rxn43413	clean
rxn43415	clean
rxn43416	salvaged
rxn43418	clean
rxn43419	clean
rxn43420	clean
rxn43421	clean
rxn43422	salvaged
rxn43425	salvaged
rxn43426	clean
rxn43427	clean
rxn43431	clean
rxn43432	salvaged
rxn43434	salvaged
rxn43437	clean
rxn43440	clean
rxn43443	clean
rxn43444	salvaged
rxn43445	salvaged
rxn43446	salvaged
rxn43447	clean
rxn43448	clean
rxn43449	clean
rxn43450	clean
rxn43451	clean
rxn43453	salvaged
rxn43455	salvaged
rxn43458	clean
rxn43459	clean
rxn43461	salvaged
rxn43464	clean
rxn43467	clean
rxn43468	clean
rxn43469	clean
rxn43470	clean
rxn43473	clean
rxn43474	clean
rxn43475	clean
rxn43477	salvaged
rxn43478	salvaged
rxn43480	salvaged
rxn43484	salvaged
rxn43485	salvaged
rxn43486	clean
rxn43487	salvaged
rxn43488	clean
rxn43489	salvaged
rxn43495	clean
rxn43496	clean
rxn43499	clean
rxn43500	clean
rxn43509	clean
rxn43510	clean
rxn43511	salvaged
rxn43513	salvaged
rxn43514	salvaged
rxn43515	salvaged
rxn43516	salvaged
rxn43518	salvaged
rxn43519	clean
rxn43523	clean
rxn43525	clean
rxn43526	clean
rxn43527	clean
rxn43528	salvaged
rxn43529	salvaged
rxn43530	clean
rxn43531	clean
rxn43532	clean
rxn43534	clean
rxn43535	clean
rxn43537	clean
rxn43538	clean
rxn43541	salvaged
rxn43542	clean
rxn43543	salvaged
rxn43546	salvaged
rxn43547	clean
rxn43548	salvaged
rxn43550	clean
rxn43554	clean
rxn43555	clean
rxn43556	clean
rxn43557	clean
rxn43558	clean
rxn43559	clean
rxn43560	clean
rxn43561	salvaged
rxn43562	clean
rxn43563	clean
rxn43567	salvaged
rxn43568	clean
rxn43570	clean
rxn43571	salvaged
rxn43572	salvaged
rxn43573	clean
rxn43574	clean
rxn43575	salvaged
rxn43576	clean
rxn43577	clean
rxn43578	salvaged
rxn43582	salvaged
rxn43583	clean
rxn43584	clean
rxn43585	salvaged
rxn43586	clean
rxn43587	clean
rxn43589	salvaged
rxn43590	clean
rxn43591	clean
rxn43592	clean
rxn43594	clean
rxn43596	clean
rxn43599	clean
rxn43600	clean
rxn43603	clean
rxn43604	clean
rxn43605	clean
rxn43606	salvaged
rxn43607	salvaged
rxn43610	salvaged
rxn43611	clean
rxn43612	clean
rxn43615	clean
rxn43616	clean
rxn43617	clean
rxn43619	clean
rxn43620	clean
rxn43621	clean
rxn43623	clean
rxn43624	clean
rxn43625	clean
rxn43626	clean
rxn43627	clean
rxn43628	clean
rxn43629	clean
rxn43631	clean
rxn43634	clean
rxn43635	clean
rxn43636	salvaged
rxn43640	clean
rxn43641	clean
rxn43642	clean
rxn43643	clean
rxn43644	clean
rxn43645	salvaged
rxn43646	salvaged
rxn43648	clean
rxn43650	salvaged
rxn43652	salvaged
rxn43653	clean
rxn43654	clean
rxn43657	clean
rxn43658	clean
rxn43659	clean
rxn43665	salvaged
rxn43669	salvaged
rxn43671	clean
rxn43672	clean
rxn43673	clean
rxn43674	salvaged
rxn43676	clean
rxn43677	clean
rxn43679	clean
rxn43681	clean
rxn43683	salvaged
rxn43686	salvaged
rxn43690	salvaged
rxn43693	salvaged
rxn43694	salvaged
rxn43696	clean
rxn43697	salvaged
rxn43699	clean
rxn43700	clean
rxn43702	clean
rxn43706	clean
rxn43710	clean
rxn43712	clean
rxn43713	salvaged
rxn43714	salvaged
rxn43715	clean
rxn43719	clean
rxn43720	clean
rxn43721	clean
rxn43722	clean
rxn43726	salvaged
rxn43727	salvaged
rxn43730	salvaged
rxn43731	salvaged
rxn43734	salvaged
rxn43737	salvaged
rxn43738	salvaged
rxn43739	clean
rxn43740	clean
rxn43741	salvaged
rxn43742	salvaged
rxn43743	clean
rxn43747	clean
rxn43748	clean
rxn43750	salvaged
rxn43751	clean
rxn43755	salvaged
rxn43756	clean
rxn43758	clean
rxn43760	salvaged
rxn43763	clean
rxn43766	clean
rxn43767	salvaged
rxn43769	salvaged
rxn43770	clean
rxn43772	clean
rxn43773	clean
rxn43774	clean
rxn43777	clean
rxn43778	salvaged
rxn43780	clean
rxn43781	clean
rxn43782	clean
rxn43783	clean
rxn43785	clean
rxn43787	clean
rxn43791	salvaged
rxn43792	salvaged
rxn43793	clean
rxn43797	clean
rxn43798	clean
rxn43799	clean
rxn43800	salvaged
rxn43801	salvaged
rxn43803	clean
rxn43804	salvaged
rxn43805	clean
rxn43806	clean
rxn43808	salvaged
rxn43810	salvaged
rxn43811	clean
rxn43812	clean
rxn43813	clean
rxn43814	salvaged
rxn43815	clean
rxn43816	clean
rxn43818	salvaged
rxn43819	clean
rxn43820	clean
rxn43822	salvaged
rxn43824	clean
rxn43825	clean
rxn43826	salvaged
rxn43827	clean
rxn43828	clean
rxn43830	clean
rxn43831	clean
rxn43832	clean
rxn43833	clean
rxn43834	clean
rxn43835	clean
rxn43836	clean
rxn43838	clean
rxn43839	clean
rxn43840	clean
rxn43842	clean
rxn43843	clean
rxn43845	clean
rxn43846	salvaged
rxn43847	clean
rxn43848	salvaged
rxn43849	clean
rxn43852	clean
rxn43854	salvaged
rxn43855	clean
rxn43856	clean
rxn43857	salvaged
rxn43858	clean
rxn43859	clean
rxn43861	clean
rxn43862	clean
rxn43863	clean
rxn43864	clean
rxn43865	clean
rxn43867	salvaged
rxn43868	salvaged
rxn43869	salvaged
rxn43870	clean
rxn43871	clean
rxn43872	salvaged
rxn43874	salvaged
rxn43876	clean
rxn43877	clean
rxn43879	clean
rxn43880	clean
rxn43881	salvaged
rxn43882	clean
rxn43883	clean
rxn43885	clean
rxn43886	clean
rxn43888	salvaged
rxn43890	clean
rxn43892	clean
rxn43894	clean
rxn43895	salvaged
rxn43896	clean
rxn43897	salvaged
rxn43898	clean
rxn43899	clean
rxn43900	clean
rxn43902	clean
rxn43904	clean
rxn43905	clean
rxn43906	clean
rxn43908	clean
rxn43909	salvaged
rxn43912	clean
rxn43913	salvaged
rxn43915	clean
rxn43916	clean
rxn43917	clean
rxn43919	salvaged
rxn43920	clean
rxn43921	clean
rxn43922	salvaged
rxn43923	salvaged
rxn43924	clean
rxn43926	clean
rxn43927	salvaged
rxn43929	salvaged
rxn43930	clean
rxn43931	clean
rxn43932	clean
rxn43934	clean
rxn43935	clean
rxn43936	clean
rxn43937	salvaged
rxn43938	clean
rxn43939	clean
rxn43940	salvaged
rxn43942	clean
rxn43946	clean
rxn43947	clean
rxn43948	clean
rxn43949	salvaged
rxn43951	clean
rxn43955	clean
rxn43956	salvaged
rxn43957	clean
rxn43958	clean
rxn43960	salvaged
rxn43963	clean
rxn43966	salvaged
rxn43968	clean
rxn43969	clean
rxn43970	clean
rxn43971	clean
rxn43972	salvaged
rxn43973	salvaged
rxn43974	salvaged
rxn43975	clean
rxn43976	clean
rxn43978	clean
rxn43979	clean
rxn43980	salvaged
rxn43981	clean
rxn43982	clean
rxn43983	salvaged
rxn43984	salvaged
rxn43985	clean
rxn43986	salvaged
rxn43987	clean
rxn43988	salvaged
rxn43989	salvaged
rxn43990	clean
rxn43993	clean
rxn43994	clean
rxn43995	salvaged
rxn43997	clean
rxn43998	clean
rxn43999	salvaged
rxn44000	clean
rxn44001	clean
rxn44002	clean
rxn44003	clean
rxn44005	clean
rxn44006	salvaged
rxn44007	salvaged
rxn44009	clean
rxn44010	clean
rxn44014	clean
rxn44015	clean
rxn44017	salvaged
rxn44018	clean
rxn44020	salvaged
rxn44021	clean
rxn44022	salvaged
rxn44023	clean
rxn44025	clean
rxn44027	clean
rxn44028	clean
rxn44029	clean
rxn44030	clean
rxn44031	salvaged
rxn44034	clean
rxn44035	clean
rxn44039	clean
rxn44040	salvaged
rxn44041	salvaged
rxn44042	clean
rxn44043	clean
rxn44045	salvaged
rxn44047	clean
rxn44049	clean
rxn44051	clean
rxn44052	salvaged
rxn44053	salvaged
rxn44054	clean
rxn44056	salvaged
rxn44058	salvaged
rxn44062	clean
rxn44063	clean
rxn44066	salvaged
rxn44067	salvaged
rxn44071	clean
rxn44073	clean
rxn44074	salvaged
rxn44075	salvaged
rxn44076	clean
rxn44078	salvaged
rxn44079	salvaged
rxn44081	clean
rxn44084	clean
rxn44087	salvaged
rxn44088	salvaged
rxn44089	clean
rxn44090	clean
rxn44091	clean
rxn44092	salvaged
rxn44094	clean
rxn44095	clean
rxn44096	clean
rxn44098	clean
rxn44099	clean
rxn44101	salvaged
rxn44102	salvaged
rxn44103	salvaged
rxn44104	clean
rxn44106	clean
rxn44107	clean
rxn44108	clean
rxn44109	salvaged
rxn44112	clean
rxn44113	clean
rxn44114	salvaged
rxn44115	salvaged
rxn44117	salvaged
rxn44118	clean
rxn44120	clean
rxn44123	clean
rxn44125	clean
rxn44126	clean
rxn44128	clean
rxn44129	salvaged
rxn44131	salvaged
rxn44132	clean
rxn44133	clean
rxn44134	clean
rxn44135	salvaged
rxn44136	clean
rxn44137	salvaged
rxn44138	salvaged
rxn44140	clean
rxn44141	salvaged
rxn44142	salvaged
rxn44143	clean
rxn44144	clean
rxn44145	salvaged
rxn44146	clean
rxn44147	salvaged
rxn44148	clean
rxn44149	clean
rxn44151	clean
rxn44153	clean
rxn44154	clean
rxn44155	clean
rxn44156	salvaged
rxn44157	salvaged
rxn44158	clean
rxn44159	clean
rxn44160	salvaged
rxn44161	salvaged
rxn44163	clean
rxn44165	clean
rxn44166	clean
rxn44167	clean
rxn44168	clean
rxn44169	clean
rxn44170	clean
rxn44172	salvaged
rxn44173	clean
rxn44174	salvaged
rxn44175	clean
rxn44176	clean
rxn44177	clean
rxn44178	salvaged
rxn44181	salvaged
rxn44182	salvaged
rxn44183	clean
rxn44184	clean
rxn44186	clean
rxn44188	clean
rxn44190	clean
rxn44192	clean
rxn44193	clean
rxn44195	clean
rxn44197	clean
rxn44198	clean
rxn44199	clean
rxn44200	clean
rxn44204	clean
rxn44206	clean
rxn44210	clean
rxn44211	clean
rxn44212	clean
rxn44215	clean
rxn44216	clean
rxn44217	salvaged
rxn44219	clean
rxn44221	clean
rxn44222	clean
rxn44223	clean
rxn44226	clean
rxn44228	clean
rxn44230	salvaged
rxn44232	clean
rxn44233	salvaged
rxn44234	clean
rxn44236	clean
rxn44237	salvaged
rxn44239	salvaged
rxn44240	salvaged
rxn44242	clean
rxn44243	clean
rxn44245	salvaged
rxn44246	salvaged
rxn44247	clean
rxn44249	clean
rxn44250	salvaged
rxn44251	clean
rxn44252	clean
rxn44253	salvaged
rxn44254	clean
rxn44257	clean
rxn44258	clean
rxn44259	salvaged
rxn44262	clean
rxn44263	clean
rxn44264	salvaged
rxn44265	clean
rxn44267	clean
rxn44268	salvaged
rxn44269	salvaged
rxn44270	salvaged
rxn44271	salvaged
rxn44272	salvaged
rxn44274	clean
rxn44278	clean
rxn44279	salvaged
rxn44280	salvaged
rxn44283	salvaged
rxn44284	clean
rxn44285	salvaged
rxn44287	clean
rxn44288	clean
rxn44289	clean
rxn44290	clean
rxn44291	salvaged
rxn44294	clean
rxn44295	clean
rxn44298	clean
rxn44299	salvaged
rxn44302	salvaged
rxn44303	salvaged
rxn44307	salvaged
rxn44308	clean
rxn44310	clean
rxn44311	clean
rxn44315	salvaged
rxn44317	clean
rxn44318	salvaged
rxn44320	salvaged
rxn44321	clean
rxn44322	salvaged
rxn44324	clean
rxn44326	clean
rxn44328	clean
rxn44330	clean
rxn44331	salvaged
rxn44333	clean
rxn44335	clean
rxn44337	clean
rxn44338	clean
rxn44339	salvaged
rxn44343	salvaged
rxn44344	salvaged
rxn44345	clean
rxn44346	clean
rxn44347	clean
rxn44348	salvaged
rxn44349	clean
rxn44350	clean
rxn44351	salvaged
rxn44352	clean
rxn44353	salvaged
rxn44354	salvaged
rxn44357	clean
rxn44358	clean
rxn44364	clean
rxn44366	clean
rxn44368	clean
rxn44369	clean
rxn44370	clean
rxn44372	clean
rxn44375	clean
rxn44378	salvaged
rxn44380	clean
rxn44383	clean
rxn44384	clean
rxn44385	clean
rxn44387	clean
rxn44389	salvaged
rxn44390	salvaged
rxn44391	clean
rxn44393	clean
rxn44397	clean
rxn44399	clean
rxn44400	salvaged
rxn44401	clean
rxn44402	clean
rxn44404	clean
rxn44405	salvaged
rxn44408	salvaged
rxn44409	salvaged
rxn44410	salvaged
rxn44412	salvaged
rxn44415	clean
rxn44416	clean
rxn44419	clean
rxn44420	clean
rxn44423	clean
rxn44425	clean
rxn44426	clean
rxn44427	clean
rxn44431	clean
rxn44432	clean
rxn44433	clean
rxn44434	salvaged
rxn44435	clean
rxn44437	clean
rxn44440	salvaged
rxn44441	clean
rxn44442	clean
rxn44444	clean
rxn44445	salvaged
rxn44446	salvaged
rxn44449	salvaged
rxn44450	clean
rxn44454	salvaged
rxn44455	salvaged
rxn44457	salvaged
rxn44458	clean
rxn44460	clean
rxn44461	clean
rxn44462	salvaged
rxn44463	salvaged
rxn44464	clean
rxn44465	clean
rxn44466	clean
rxn44467	clean
rxn44468	clean
rxn44469	clean
rxn44470	clean
rxn44471	clean
rxn44474	clean
rxn44475	clean
rxn44476	clean
rxn44477	clean
rxn44478	clean
rxn44481	clean
rxn44483	clean
rxn44485	salvaged
rxn44486	clean
rxn44487	clean
rxn44488	clean
rxn44489	salvaged
rxn44490	clean
rxn44491	salvaged
rxn44493	clean
rxn44497	salvaged
rxn44500	clean
rxn44501	clean
rxn44502	clean
rxn44504	clean
rxn44506	clean
rxn44507	salvaged
rxn44511	salvaged
rxn44512	salvaged
rxn44513	salvaged
rxn44514	clean
rxn44515	clean
rxn44517	clean
rxn44519	salvaged
rxn44520	clean
rxn44521	clean
rxn44522	salvaged
rxn44523	clean
rxn44524	clean
rxn44526	salvaged
rxn44527	clean
rxn44529	clean
rxn44530	clean
rxn44531	salvaged
rxn44533	clean
rxn44534	clean
rxn44536	clean
rxn44537	clean
rxn44538	clean
rxn44539	salvaged
rxn44540	clean
rxn44541	clean
rxn44542	clean
rxn44543	clean
rxn44544	clean
rxn44546	clean
rxn44547	clean
rxn44549	clean
rxn44550	clean
rxn44551	clean
rxn44552	clean
rxn44557	clean
rxn44558	salvaged
rxn44560	clean
rxn44561	clean
rxn44563	clean
rxn44564	salvaged
rxn44566	clean
rxn44568	salvaged
rxn44569	clean
rxn44570	salvaged
rxn44573	salvaged
rxn44578	clean
rxn44580	clean
rxn44581	salvaged
rxn44585	clean
rxn44586	salvaged
rxn44587	salvaged
rxn44588	clean
rxn44590	clean
rxn44591	clean
rxn44594	salvaged
rxn44596	salvaged
rxn44597	salvaged
rxn44598	clean
rxn44599	salvaged
rxn44600	clean
rxn44601	clean
rxn44602	clean
rxn44604	salvaged
rxn44605	salvaged
rxn44606	salvaged
rxn44609	salvaged
rxn44611	salvaged
rxn44612	salvaged
rxn44614	clean
rxn44615	clean
rxn44616	clean
rxn44617	salvaged
rxn44618	clean
rxn44619	clean
rxn44623	clean
rxn44626	salvaged
rxn44627	clean
rxn44628	salvaged
rxn44629	clean
rxn44630	clean
rxn44631	salvaged
rxn44632	clean
rxn44633	salvaged
rxn44634	clean
rxn44635	salvaged
rxn44636	salvaged
rxn44637	salvaged
rxn44639	salvaged
rxn44640	salvaged
rxn44643	clean
rxn44644	clean
rxn44646	clean
rxn44647	salvaged
rxn44648	clean
rxn44649	clean
rxn44651	clean
rxn44652	clean
rxn44654	salvaged
rxn44656	clean
rxn44657	clean
rxn44658	clean
rxn44659	clean
rxn44660	clean
rxn44662	clean
rxn44663	clean
rxn44665	clean
rxn44667	clean
rxn44668	salvaged
rxn44669	salvaged
rxn44671	clean
rxn44674	clean
rxn44675	clean
rxn44677	clean
rxn44682	salvaged
rxn44684	clean
rxn44685	clean
rxn44686	clean
rxn44687	clean
rxn44689	clean
rxn44690	clean
rxn44691	clean
rxn44692	clean
rxn44693	clean
rxn44695	salvaged
rxn44696	salvaged
rxn44697	salvaged
rxn44700	clean
rxn44701	clean
rxn44702	clean
rxn44703	salvaged
rxn44705	clean
rxn44706	clean
rxn44707	salvaged
rxn44708	clean
rxn44712	clean
rxn44713	salvaged
rxn44714	clean
rxn44717	salvaged
rxn44718	salvaged
rxn44719	clean
rxn44720	clean
rxn44722	clean
rxn44724	clean
rxn44726	clean
rxn44729	clean
rxn44730	clean
rxn44731	clean
rxn44733	clean
rxn44734	clean
rxn44736	clean
rxn44737	clean
rxn44738	salvaged
rxn44739	clean
rxn44740	salvaged
rxn44741	clean
rxn44742	clean
rxn44743	salvaged
rxn44744	clean
rxn44746	salvaged
rxn44747	salvaged
rxn44749	clean
rxn44750	salvaged
rxn44752	clean
rxn44753	clean
rxn44754	clean
rxn44755	clean
rxn44757	clean
rxn44758	clean
rxn44759	clean
rxn44760	salvaged
rxn44761	salvaged
rxn44762	clean
rxn44763	clean
rxn44765	clean
rxn44766	clean
rxn44768	clean
rxn44770	clean
rxn44771	salvaged
rxn44772	clean
rxn44774	salvaged
rxn44778	clean
rxn44779	clean
rxn44780	clean
rxn44782	salvaged
rxn44783	salvaged
rxn44786	clean
rxn44791	clean
rxn44792	salvaged
rxn44793	clean
rxn44794	clean
rxn44796	clean
rxn44798	clean
rxn44799	clean
rxn44801	clean
rxn44802	salvaged
rxn44804	salvaged
rxn44806	clean
rxn44807	clean
rxn44809	salvaged
rxn44810	clean
rxn44811	clean
rxn44813	clean
rxn44814	salvaged
rxn44815	clean
rxn44816	clean
rxn44819	clean
rxn44821	salvaged
rxn44823	clean
rxn44824	clean
rxn44825	clean
rxn44828	salvaged
rxn44829	salvaged
rxn44830	clean
rxn44832	clean
rxn44833	clean
rxn44834	clean
rxn44837	clean
rxn44838	salvaged
rxn44839	clean
rxn44841	clean
rxn44842	salvaged
rxn44843	clean
rxn44844	salvaged
rxn44845	clean
rxn44847	clean
rxn44850	clean
rxn44852	salvaged
rxn44853	clean
rxn44854	salvaged
rxn44855	clean
rxn44856	clean
rxn44857	clean
rxn44858	clean
rxn44860	clean
rxn44862	clean
rxn44864	clean
rxn44865	clean
rxn44868	clean
rxn44869	salvaged
rxn44874	clean
rxn44875	clean
rxn44877	clean
rxn44879	clean
rxn44882	salvaged
rxn44883	clean
rxn44885	clean
rxn44890	clean
rxn44892	salvaged
rxn44893	clean
rxn44894	clean
rxn44896	clean
rxn44897	clean
rxn44898	clean
rxn44899	salvaged
rxn44900	clean
rxn44902	clean
rxn44903	clean
rxn44904	clean
rxn44905	clean
rxn44908	clean
rxn44911	salvaged
rxn44913	clean
rxn44914	clean
rxn44915	clean
rxn44916	salvaged
rxn44919	salvaged
rxn44921	clean
rxn44923	salvaged
rxn44924	clean
rxn44925	salvaged
rxn44926	clean
rxn44927	clean
rxn44929	clean
rxn44930	salvaged
rxn44934	clean
rxn44935	clean
rxn44936	clean
rxn44937	clean
rxn44939	salvaged
rxn44942	clean
rxn44944	clean
rxn44946	clean
rxn44947	salvaged
rxn44948	salvaged
rxn44951	clean
rxn44953	clean
rxn44954	clean
rxn44956	salvaged
rxn44957	clean
rxn44958	salvaged
rxn44962	clean
rxn44965	clean
rxn44967	salvaged
rxn44969	clean
rxn44970	salvaged
rxn44973	clean
rxn44974	clean
rxn44976	salvaged
rxn44977	salvaged
rxn44978	salvaged
rxn44979	salvaged
rxn44981	salvaged
rxn44983	salvaged
rxn44985	clean
rxn44987	clean
rxn44988	salvaged
rxn44989	salvaged
rxn44990	clean
rxn44991	clean
rxn44992	salvaged
rxn44993	clean
rxn44994	clean
rxn44997	salvaged
rxn44998	salvaged
rxn45000	clean
rxn45002	clean
rxn45003	salvaged
rxn45005	salvaged
rxn45006	clean
rxn45007	salvaged
rxn45008	salvaged
rxn45011	clean
rxn45013	clean
rxn45014	clean
rxn45015	clean
rxn45016	salvaged
rxn45017	clean
rxn45018	clean
rxn45019	clean
rxn45020	clean
rxn45021	clean
rxn45022	clean
rxn45023	salvaged
rxn45025	clean
rxn45027	salvaged
rxn45028	salvaged
rxn45030	clean
rxn45032	salvaged
rxn45033	clean
rxn45034	salvaged
rxn45035	clean
rxn45036	salvaged
rxn45038	salvaged
rxn45039	clean
rxn45040	clean
rxn45041	clean
rxn45044	clean
rxn45045	clean
rxn45046	salvaged
rxn45047	clean
rxn45048	salvaged
rxn45049	clean
rxn45051	clean
rxn45052	clean
rxn45053	clean
rxn45054	clean
rxn45056	salvaged
rxn45057	clean
rxn45058	clean
rxn45060	clean
rxn45061	salvaged
rxn45062	clean
rxn45063	salvaged
rxn45064	salvaged
rxn45065	salvaged
rxn45066	clean
rxn45067	clean
rxn45069	salvaged
rxn45071	clean
rxn45072	salvaged
rxn45073	clean
rxn45076	clean
rxn45079	salvaged
rxn45081	clean
rxn45082	clean
rxn45084	salvaged
rxn45085	clean
rxn45086	salvaged
rxn45088	salvaged
rxn45089	salvaged
rxn45090	clean
rxn45091	salvaged
rxn45093	salvaged
rxn45095	salvaged
rxn45096	salvaged
rxn45097	clean
rxn45098	salvaged
rxn45099	salvaged
rxn45100	clean
rxn45103	salvaged
rxn45104	clean
rxn45106	salvaged
rxn45107	clean
rxn45109	salvaged
rxn45110	salvaged
rxn45113	clean
rxn45114	clean
rxn45115	clean
rxn45118	salvaged
rxn45120	salvaged
rxn45121	clean
rxn45122	salvaged
rxn45123	clean
rxn45124	clean
rxn45125	salvaged
rxn45126	salvaged
rxn45127	clean
rxn45128	salvaged
rxn45132	clean
rxn45135	clean
rxn45136	salvaged
rxn45137	clean
rxn45138	salvaged
rxn45139	salvaged
rxn45140	salvaged
rxn45142	salvaged
rxn45144	clean
rxn45145	clean
rxn45146	salvaged
rxn45147	clean
rxn45150	salvaged
rxn45151	clean
rxn45152	clean
rxn45153	clean
rxn45155	clean
rxn45158	salvaged
rxn45159	clean
rxn45160	salvaged
rxn45161	clean
rxn45164	clean
rxn45165	salvaged
rxn45167	clean
rxn45168	clean
rxn45169	clean
rxn45170	clean
rxn45171	salvaged
rxn45173	salvaged
rxn45174	salvaged
rxn45177	salvaged
rxn45180	clean
rxn45181	clean
rxn45184	clean
rxn45185	clean
rxn45187	clean
rxn45188	clean
rxn45189	clean
rxn45191	clean
rxn45193	salvaged
rxn45197	clean
rxn45198	clean
rxn45199	salvaged
rxn45201	salvaged
rxn45202	salvaged
rxn45203	clean
rxn45205	clean
rxn45206	clean
rxn45207	clean
rxn45210	clean
rxn45212	clean
rxn45214	clean
rxn45215	clean
rxn45216	clean
rxn45217	clean
rxn45218	salvaged
rxn45220	salvaged
rxn45221	salvaged
rxn45222	clean
rxn45223	salvaged
rxn45224	salvaged
rxn45225	clean
rxn45226	salvaged
rxn45228	clean
rxn45229	clean
rxn45230	clean
rxn45231	clean
rxn45232	clean
rxn45233	clean
rxn45234	clean
rxn45236	salvaged
rxn45237	clean
rxn45238	salvaged
rxn45239	clean
rxn45240	clean
rxn45241	salvaged
rxn45243	salvaged
rxn45245	clean
rxn45247	clean
rxn45249	salvaged
rxn45250	salvaged
rxn45252	salvaged
rxn45253	salvaged
rxn45254	clean
rxn45255	clean
rxn45256	salvaged
rxn45257	salvaged
rxn45260	salvaged
rxn45264	clean
rxn45265	clean
rxn45266	clean
rxn45267	clean
rxn45268	clean
rxn45269	clean
rxn45272	clean
rxn45273	salvaged
rxn45275	salvaged
rxn45276	salvaged
rxn45277	clean
rxn45279	salvaged
rxn45282	salvaged
rxn45284	salvaged
rxn45285	clean
rxn45287	clean
rxn45288	clean
rxn45289	clean
rxn45291	clean
rxn45292	clean
rxn45294	salvaged
rxn45296	clean
rxn45297	salvaged
rxn45298	salvaged
rxn45299	clean
rxn45301	clean
rxn45306	clean
rxn45307	clean
rxn45310	salvaged
rxn45311	clean
rxn45312	clean
rxn45313	salvaged
rxn45314	clean
rxn45315	salvaged
rxn45317	clean
rxn45319	clean
rxn45324	salvaged
rxn45325	clean
rxn45326	salvaged
rxn45327	clean
rxn45328	clean
rxn45329	clean
rxn45330	clean
rxn45332	clean
rxn45333	clean
rxn45334	clean
rxn45337	salvaged
rxn45339	clean
rxn45340	clean
rxn45341	clean
rxn45342	salvaged
rxn45343	salvaged
rxn45345	salvaged
rxn45348	clean
rxn45353	salvaged
rxn45357	salvaged
rxn45358	clean
rxn45360	clean
rxn45361	clean
rxn45362	salvaged
rxn45363	clean
rxn45364	clean
rxn45366	clean
rxn45367	clean
rxn45369	clean
rxn45370	salvaged
rxn45374	salvaged
rxn45375	salvaged
rxn45376	salvaged
rxn45377	clean
rxn45380	clean
rxn45381	salvaged
rxn45382	clean
rxn45383	clean
rxn45384	salvaged
rxn45386	clean
rxn45387	clean
rxn45388	clean
rxn45389	clean
rxn45390	clean
rxn45391	clean
rxn45392	salvaged
rxn45394	clean
rxn45396	clean
rxn45397	clean
rxn45398	clean
rxn45399	salvaged
rxn45400	clean
rxn45401	clean
rxn45406	clean
rxn45407	salvaged
rxn45408	clean
rxn45409	clean
rxn45410	clean
rxn45412	clean
rxn45413	clean
rxn45414	clean
rxn45415	clean
rxn45416	clean
rxn45420	clean
rxn45421	clean
rxn45422	clean
rxn45423	clean
rxn45426	clean
rxn45427	clean
rxn45428	salvaged
rxn45429	clean
rxn45430	clean
rxn45432	clean
rxn45437	clean
rxn45439	salvaged
rxn45440	salvaged
rxn45444	clean
rxn45445	salvaged
rxn45446	salvaged
rxn45448	clean
rxn45449	salvaged
rxn45450	clean
rxn45451	salvaged
rxn45452	salvaged
rxn45453	clean
rxn45455	clean
rxn45456	clean
rxn45457	clean
rxn45458	clean
rxn45459	salvaged
rxn45460	salvaged
rxn45462	clean
rxn45464	salvaged
rxn45466	clean
rxn45467	clean
rxn45468	clean
rxn45469	salvaged
rxn45471	salvaged
rxn45473	salvaged
rxn45475	clean
rxn45476	clean
rxn45477	salvaged
rxn45480	salvaged
rxn45481	clean
rxn45482	salvaged
rxn45483	salvaged
rxn45484	salvaged
rxn45485	salvaged
rxn45486	clean
rxn45487	clean
rxn45490	salvaged
rxn45491	clean
rxn45492	salvaged
rxn45493	clean
rxn45494	salvaged
rxn45495	clean
rxn45496	clean
rxn45501	salvaged
rxn45502	salvaged
rxn45504	clean
rxn45505	clean
rxn45507	salvaged
rxn45508	clean
rxn45509	salvaged
rxn45511	salvaged
rxn45512	clean
rxn45515	clean
rxn45516	clean
rxn45517	clean
rxn45518	salvaged
rxn45519	salvaged
rxn45520	salvaged
rxn45521	clean
rxn45522	salvaged
rxn45524	clean
rxn45527	clean
rxn45529	clean
rxn45530	clean
rxn45531	salvaged
rxn45532	clean
rxn45533	clean
rxn45535	clean
rxn45536	salvaged
rxn45537	clean
rxn45539	salvaged
rxn45540	salvaged
rxn45541	salvaged
rxn45543	salvaged
rxn45546	clean
rxn45547	clean
rxn45548	salvaged
rxn45551	clean
rxn45552	salvaged
rxn45553	clean
rxn45554	clean
rxn45555	clean
rxn45556	clean
rxn45557	salvaged
rxn45558	clean
rxn45559	clean
rxn45560	clean
rxn45561	clean
rxn45562	clean
rxn45563	clean
rxn45564	clean
rxn45565	clean
rxn45566	salvaged
rxn45568	clean
rxn45569	salvaged
rxn45570	salvaged
rxn45571	salvaged
rxn45572	salvaged
rxn45574	clean
rxn45576	clean
rxn45577	clean
rxn45579	salvaged
rxn45580	clean
rxn45582	clean
rxn45583	salvaged
rxn45584	salvaged
rxn45585	salvaged
rxn45586	salvaged
rxn45589	clean
rxn45590	clean
rxn45591	clean
rxn45594	clean
rxn45595	clean
rxn45598	clean
rxn45600	clean
rxn45601	clean
rxn45602	clean
rxn45603	clean
rxn45604	clean
rxn45606	salvaged
rxn45607	salvaged
rxn45610	clean
rxn45611	salvaged
rxn45613	clean
rxn45614	salvaged
rxn45615	clean
rxn45616	salvaged
rxn45617	salvaged
rxn45618	clean
rxn45620	clean
rxn45621	clean
rxn45622	salvaged
rxn45625	clean
rxn45627	salvaged
rxn45628	clean
rxn45629	clean
rxn45631	salvaged
rxn45634	clean
rxn45635	salvaged
rxn45636	clean
rxn45637	clean
rxn45638	salvaged
rxn45639	clean
rxn45642	clean
rxn45643	clean
rxn45645	clean
rxn45646	salvaged
rxn45647	salvaged
rxn45648	clean
rxn45649	clean
rxn45651	salvaged
rxn45652	clean
rxn45656	clean
rxn45657	clean
rxn45658	clean
rxn45659	salvaged
rxn45662	clean
rxn45663	clean
rxn45664	clean
rxn45665	clean
rxn45666	salvaged
rxn45667	clean
rxn45668	clean
rxn45669	clean
rxn45670	clean
rxn45671	salvaged
rxn45672	clean
rxn45673	salvaged
rxn45674	clean
rxn45675	salvaged
rxn45676	clean
rxn45677	clean
rxn45678	clean
rxn45679	clean
rxn45680	clean
rxn45682	clean
rxn45684	clean
rxn45685	clean
rxn45686	clean
rxn45687	clean
rxn45689	clean
rxn45690	clean
rxn45693	clean
rxn45694	salvaged
rxn45696	clean
rxn45697	clean
rxn45698	clean
rxn45699	salvaged
rxn45701	clean
rxn45703	clean
rxn45706	salvaged
rxn45707	salvaged
rxn45708	salvaged
rxn45709	clean
rxn45710	salvaged
rxn45711	salvaged
rxn45712	clean
rxn45713	clean
rxn45714	clean
rxn45715	clean
rxn45716	clean
rxn45720	clean
rxn45723	clean
rxn45724	salvaged
rxn45725	clean
rxn45727	clean
rxn45728	clean
rxn45729	clean
rxn45732	clean
rxn45733	clean
rxn45734	clean
rxn45735	salvaged
rxn45736	clean
rxn45737	clean
rxn45740	clean
rxn45741	clean
rxn45742	salvaged
rxn45743	salvaged
rxn45746	salvaged
rxn45747	clean
rxn45748	salvaged
rxn45750	clean
rxn45751	clean
rxn45754	salvaged
rxn45755	salvaged
rxn45759	clean
rxn45761	salvaged
rxn45763	clean
rxn45766	clean
rxn45767	salvaged
rxn45768	salvaged
rxn45769	clean
rxn45770	clean
rxn45771	clean
rxn45772	clean
rxn45773	salvaged
rxn45774	clean
rxn45775	clean
rxn45776	clean
rxn45777	clean
rxn45781	clean
rxn45782	clean
rxn45783	clean
rxn45785	salvaged
rxn45786	salvaged
rxn45788	salvaged
rxn45791	salvaged
rxn45792	clean
rxn45794	clean
rxn45796	clean
rxn45797	clean
rxn45798	clean
rxn45799	clean
rxn45801	clean
rxn45802	salvaged
rxn45803	clean
rxn45804	clean
rxn45805	clean
rxn45806	clean
rxn45807	salvaged
rxn45808	clean
rxn45809	clean
rxn45810	clean
rxn45811	clean
rxn45814	salvaged
rxn45815	clean
rxn45817	clean
rxn45819	clean
rxn45821	clean
rxn45824	clean
rxn45825	clean
rxn45826	clean
rxn45827	clean
rxn45829	clean
rxn45830	salvaged
rxn45831	clean
rxn45833	clean
rxn45835	clean
rxn45836	clean
rxn45837	clean
rxn45838	salvaged
rxn45839	clean
rxn45840	clean
rxn45842	clean
rxn45844	clean
rxn45845	salvaged
rxn45846	salvaged
rxn45847	clean
rxn45848	clean
rxn45850	salvaged
rxn45851	salvaged
rxn45853	clean
rxn45854	clean
rxn45857	clean
rxn45858	clean
rxn45859	clean
rxn45860	clean
rxn45861	clean
rxn45863	clean
rxn45864	clean
rxn45866	clean
rxn45870	clean
rxn45871	salvaged
rxn45872	clean
rxn45873	clean
rxn45874	salvaged
rxn45875	clean
rxn45876	clean
rxn45877	clean
rxn45878	salvaged
rxn45879	clean
rxn45880	clean
rxn45881	salvaged
rxn45886	clean
rxn45887	clean
rxn45888	salvaged
rxn45891	clean
rxn45892	clean
rxn45894	salvaged
rxn45895	clean
rxn45896	salvaged
rxn45898	clean
rxn45899	clean
rxn45901	salvaged
rxn45902	clean
rxn45903	clean
rxn45904	clean
rxn45905	salvaged
rxn45907	clean
rxn45908	clean
rxn45909	salvaged
rxn45910	clean
rxn45913	clean
rxn45914	clean
rxn45915	clean
rxn45916	clean
rxn45918	clean
rxn45919	salvaged
rxn45921	clean
rxn45923	clean
rxn45925	clean
rxn45926	clean
rxn45927	salvaged
rxn45928	clean
rxn45929	salvaged
rxn45930	salvaged
rxn45931	salvaged
rxn45932	clean
rxn45934	clean
rxn45936	salvaged
rxn45938	clean
rxn45939	clean
rxn45940	clean
rxn45941	salvaged
rxn45942	clean
rxn45943	salvaged
rxn45945	clean
rxn45946	clean
rxn45949	salvaged
rxn45951	clean
rxn45953	clean
rxn45954	clean
rxn45955	clean
rxn45956	clean
rxn45957	clean
rxn45959	clean
rxn45960	clean
rxn45963	clean
rxn45964	clean
rxn45965	clean
rxn45966	clean
rxn45967	clean
rxn45968	clean
rxn45969	clean
rxn45970	clean
rxn45971	salvaged
rxn45972	salvaged
rxn45975	salvaged
rxn45976	salvaged
rxn45977	salvaged
rxn45978	clean
rxn45979	clean
rxn45981	clean
rxn45983	clean
rxn45986	clean
rxn45990	clean
rxn45992	salvaged
rxn45993	salvaged
rxn45996	clean
rxn45997	clean
rxn45998	salvaged
rxn45999	salvaged
rxn46002	clean
rxn46003	salvaged
rxn46005	clean
rxn46006	salvaged
rxn46007	clean
rxn46011	clean
rxn46015	salvaged
rxn46016	clean
rxn46017	clean
rxn46018	clean
rxn46019	clean
rxn46020	clean
rxn46021	salvaged
rxn46022	salvaged
rxn46023	clean
rxn46025	salvaged
rxn46026	salvaged
rxn46027	clean
rxn46030	clean
rxn46031	clean
rxn46032	clean
rxn46033	clean
rxn46034	clean
rxn46035	clean
rxn46039	salvaged
rxn46040	clean
rxn46041	clean
rxn46044	salvaged
rxn46045	salvaged
rxn46047	salvaged
rxn46049	clean
rxn46051	clean
rxn46053	clean
rxn46055	salvaged
rxn46056	salvaged
rxn46057	clean
rxn46058	clean
rxn46059	clean
rxn46060	salvaged
rxn46061	salvaged
rxn46062	clean
rxn46063	salvaged
rxn46064	clean
rxn46065	clean
rxn46068	clean
rxn46069	clean
rxn46071	clean
rxn46073	clean
rxn46074	clean
rxn46077	clean
rxn46078	salvaged
rxn46080	salvaged
rxn46081	clean
rxn46082	clean
rxn46085	salvaged
rxn46086	clean
rxn46087	clean
rxn46089	salvaged
rxn46091	clean
rxn46092	clean
rxn46094	salvaged
rxn46095	clean
rxn46096	salvaged
rxn46097	clean
rxn46098	clean
rxn46099	clean
rxn46101	salvaged
rxn46102	clean
rxn46103	salvaged
rxn46104	clean
rxn46105	salvaged
rxn46108	clean
rxn46110	clean
rxn46111	salvaged
rxn46112	clean
rxn46114	clean
rxn46116	clean
rxn46117	clean
rxn46118	clean
rxn46120	clean
rxn46121	salvaged
rxn46122	clean
rxn46123	clean
rxn46124	clean
rxn46125	clean
rxn46126	clean
rxn46128	clean
rxn46130	clean
rxn46131	salvaged
rxn46132	salvaged
rxn46134	salvaged
rxn46137	clean
rxn46138	salvaged
rxn46139	clean
rxn46140	salvaged
rxn46141	clean
rxn46143	salvaged
rxn46145	clean
rxn46147	clean
rxn46149	clean
rxn46150	clean
rxn46152	clean
rxn46154	clean
rxn46155	salvaged
rxn46158	clean
rxn46159	salvaged
rxn46161	clean
rxn46162	salvaged
rxn46163	clean
rxn46164	clean
rxn46167	clean
rxn46170	clean
rxn46173	clean
rxn46175	clean
rxn46176	clean
rxn46178	clean
rxn46179	clean
rxn46181	clean
rxn46182	clean
rxn46183	clean
rxn46184	salvaged
rxn46185	salvaged
rxn46186	salvaged
rxn46187	clean
rxn46188	salvaged
rxn46190	clean
rxn46191	clean
rxn46192	salvaged
rxn46193	salvaged
rxn46194	clean
rxn46195	salvaged
rxn46196	clean
rxn46198	salvaged
rxn46199	clean
rxn46201	clean
rxn46203	clean
rxn46204	salvaged
rxn46205	salvaged
rxn46206	salvaged
rxn46208	clean
rxn46209	salvaged
rxn46210	clean
rxn46211	salvaged
rxn46212	salvaged
rxn46213	salvaged
rxn46214	clean
rxn46216	clean
rxn46218	salvaged
rxn46219	clean
rxn46220	clean
rxn46221	salvaged
rxn46223	clean
rxn46225	salvaged
rxn46229	clean
rxn46230	clean
rxn46231	salvaged
rxn46232	clean
rxn46233	salvaged
rxn46235	clean
rxn46236	clean
rxn46237	clean
rxn46241	salvaged
rxn46244	clean
rxn46251	clean
rxn46252	clean
rxn46256	clean
rxn46257	salvaged
rxn46258	clean
rxn46259	clean
rxn46260	clean
rxn46261	salvaged
rxn46264	salvaged
rxn46266	salvaged
rxn46267	salvaged
rxn46268	clean
rxn46270	clean
rxn46271	clean
rxn46272	clean
rxn46273	clean
rxn46274	clean
rxn46279	salvaged
rxn46280	clean
rxn46282	clean
rxn46283	salvaged
rxn46285	clean
rxn46287	clean
rxn46288	clean
rxn46292	clean
rxn46293	salvaged
rxn46298	clean
rxn46301	clean
rxn46302	salvaged
rxn46303	clean
rxn46304	salvaged
rxn46307	clean
rxn46310	clean
rxn46312	clean
rxn46313	clean
rxn46315	clean
rxn46316	clean
rxn46317	clean
rxn46318	clean
rxn46320	salvaged
rxn46321	clean
rxn46325	clean
rxn46326	clean
rxn46327	clean
rxn46328	clean
rxn46329	salvaged
rxn46330	clean
rxn46331	clean
rxn46332	clean
rxn46334	clean
rxn46335	clean
rxn46339	clean
rxn46340	salvaged
rxn46341	clean
rxn46342	clean
rxn46344	salvaged
rxn46345	salvaged
rxn46346	salvaged
rxn46347	clean
rxn46348	clean
rxn46349	salvaged
rxn46352	clean
rxn46353	clean
rxn46354	clean
rxn46355	clean
rxn46357	clean
rxn46358	salvaged
rxn46362	clean
rxn46363	clean
rxn46365	salvaged
rxn46366	clean
rxn46368	clean
rxn46369	clean
rxn46371	salvaged
rxn46372	clean
rxn46373	clean
rxn46374	salvaged
rxn46375	salvaged
rxn46376	salvaged
rxn46380	salvaged
rxn46381	salvaged
rxn46382	salvaged
rxn46384	salvaged
rxn46386	clean
rxn46387	salvaged
rxn46390	salvaged
rxn46392	clean
rxn46393	clean
rxn46395	clean
rxn46396	clean
rxn46397	clean
rxn46398	clean
rxn46399	clean
rxn46401	clean
rxn46402	salvaged
rxn46403	clean
rxn46405	salvaged
rxn46407	clean
rxn46409	clean
rxn46410	clean
rxn46413	clean
rxn46415	clean
rxn46416	clean
rxn46418	salvaged
rxn46420	salvaged
rxn46421	clean
rxn46422	clean
rxn46424	clean
rxn46426	clean
rxn46428	salvaged
rxn46429	clean
rxn46431	salvaged
rxn46432	salvaged
rxn46433	clean
rxn46435	clean
rxn46436	clean
rxn46438	salvaged
rxn46439	clean
rxn46442	salvaged
rxn46443	salvaged
rxn46444	clean
rxn46445	clean
rxn46446	salvaged
rxn46447	clean
rxn46448	clean
rxn46449	clean
rxn46451	clean
rxn46452	clean
rxn46453	clean
rxn46454	clean
rxn46455	clean
rxn46456	clean
rxn46458	salvaged
rxn46459	clean
rxn46460	salvaged
rxn46461	clean
rxn46462	clean
rxn46463	clean
rxn46465	clean
rxn46466	clean
rxn46467	clean
rxn46468	salvaged
rxn46469	clean
rxn46471	clean
rxn46472	clean
rxn46474	clean
rxn46475	salvaged
rxn46476	clean
rxn46478	clean
rxn46479	clean
rxn46480	clean
rxn46482	clean
rxn46483	clean
rxn46484	salvaged
rxn46485	clean
rxn46488	clean
rxn46489	clean
rxn46490	salvaged
rxn46491	clean
rxn46493	clean
rxn46497	clean
rxn46498	clean
rxn46499	clean
rxn46500	clean
rxn46501	clean
rxn46502	clean
rxn46503	clean
rxn46504	salvaged
rxn46505	salvaged
rxn46506	salvaged
rxn46507	salvaged
rxn46508	salvaged
rxn46510	clean
rxn46512	salvaged
rxn46513	clean
rxn46515	salvaged
rxn46518	clean
rxn46520	clean
rxn46521	clean
rxn46522	clean
rxn46523	clean
rxn46524	clean
rxn46525	clean
rxn46526	salvaged
rxn46527	salvaged
rxn46531	clean
rxn46532	salvaged
rxn46533	clean
rxn46534	clean
rxn46535	salvaged
rxn46537	clean
rxn46538	clean
rxn46539	salvaged
rxn46541	clean
rxn46542	salvaged
rxn46543	clean
rxn46545	clean
rxn46547	salvaged
rxn46548	salvaged
rxn46550	salvaged
rxn46551	clean
rxn46552	clean
rxn46554	clean
rxn46555	clean
rxn46560	salvaged
rxn46561	clean
rxn46563	salvaged
rxn46564	clean
rxn46565	salvaged
rxn46566	salvaged
rxn46568	clean
rxn46570	clean
rxn46571	clean
rxn46572	clean
rxn46573	clean
rxn46574	salvaged
rxn46575	clean
rxn46576	clean
rxn46577	salvaged
rxn46578	clean
rxn46582	salvaged
rxn46583	clean
rxn46585	clean
rxn46587	clean
rxn46588	clean
rxn46589	clean
rxn46591	clean
rxn46594	salvaged
rxn46595	salvaged
rxn46597	clean
rxn46598	salvaged
rxn46599	salvaged
rxn46600	clean
rxn46601	clean
rxn46602	clean
rxn46603	salvaged
rxn46604	clean
rxn46607	salvaged
rxn46608	clean
rxn46609	clean
rxn46610	clean
rxn46611	clean
rxn46612	clean
rxn46614	clean
rxn46615	clean
rxn46617	salvaged
rxn46620	salvaged
rxn46625	clean
rxn46627	clean
rxn46629	clean
rxn46630	clean
rxn46632	clean
rxn46636	salvaged
rxn46637	salvaged
rxn46638	clean
rxn46639	clean
rxn46640	salvaged
rxn46641	clean
rxn46643	salvaged
rxn46644	clean
rxn46645	salvaged
rxn46646	salvaged
rxn46648	clean
rxn46650	salvaged
rxn46652	salvaged
rxn46656	clean
rxn46659	clean
rxn46660	clean
rxn46661	salvaged
rxn46662	salvaged
rxn46663	salvaged
rxn46664	salvaged
rxn46665	clean
rxn46666	clean
rxn46667	salvaged
rxn46669	salvaged
rxn46671	salvaged
rxn46673	clean
rxn46674	clean
rxn46675	clean
rxn46676	salvaged
rxn46677	clean
rxn46678	salvaged
rxn46681	salvaged
rxn46682	salvaged
rxn46685	clean
rxn46687	salvaged
rxn46688	clean
rxn46690	salvaged
rxn46692	salvaged
rxn46693	salvaged
rxn46694	clean
rxn46695	clean
rxn46696	clean
rxn46697	clean
rxn46698	clean
rxn46699	clean
rxn46700	clean
rxn46701	salvaged
rxn46703	salvaged
rxn46704	clean
rxn46705	clean
rxn46706	clean
rxn46708	clean
rxn46711	clean
rxn46712	clean
rxn46713	clean
rxn46714	salvaged
rxn46717	salvaged
rxn46720	clean
rxn46721	salvaged
rxn46723	clean
rxn46725	salvaged
rxn46726	clean
rxn46727	clean
rxn46728	clean
rxn46729	clean
rxn46731	clean
rxn46732	salvaged
rxn46735	salvaged
rxn46738	salvaged
rxn46739	salvaged
rxn46741	clean
rxn46742	clean
rxn46743	clean
rxn46744	salvaged
rxn46745	salvaged
rxn46747	clean
rxn46748	salvaged
rxn46749	clean
rxn46750	clean
rxn46751	clean
rxn46752	clean
rxn46753	clean
rxn46754	clean
rxn46755	salvaged
rxn46761	clean
rxn46762	clean
rxn46763	clean
rxn46765	salvaged
rxn46771	clean
rxn46772	salvaged
rxn46773	salvaged
rxn46774	salvaged
rxn46775	clean
rxn46776	salvaged
rxn46777	salvaged
rxn46778	salvaged
rxn46780	clean
rxn46781	clean
rxn46782	clean
rxn46783	clean
rxn46784	clean
rxn46785	clean
rxn46788	salvaged
rxn46789	clean
rxn46791	salvaged
rxn46792	clean
rxn46793	salvaged
rxn46795	clean
rxn46798	salvaged
rxn46799	clean
rxn46800	clean
rxn46801	clean
rxn46802	clean
rxn46803	clean
rxn46804	salvaged
rxn46806	salvaged
rxn46807	clean
rxn46809	clean
rxn46811	salvaged
rxn46812	salvaged
rxn46813	clean
rxn46814	clean
rxn46815	salvaged
rxn46816	clean
rxn46817	clean
rxn46818	clean
rxn46819	clean
rxn46822	clean
rxn46824	clean
rxn46827	clean
rxn46828	clean
rxn46829	clean
rxn46831	clean
rxn46832	salvaged
rxn46833	clean
rxn46835	salvaged
rxn46836	salvaged
rxn46837	clean
rxn46839	clean
rxn46840	salvaged
rxn46841	clean
rxn46842	clean
rxn46843	salvaged
rxn46844	salvaged
rxn46846	clean
rxn46847	salvaged
rxn46849	clean
rxn46850	salvaged
rxn46851	clean
rxn46852	salvaged
rxn46853	salvaged
rxn46854	salvaged
rxn46855	salvaged
rxn46858	clean
rxn46860	salvaged
rxn46861	salvaged
rxn46863	clean
rxn46864	clean
rxn46865	clean
rxn46866	clean
rxn46867	salvaged
rxn46869	salvaged
rxn46870	salvaged
rxn46872	clean
rxn46873	salvaged
rxn46875	salvaged
rxn46877	clean
rxn46880	clean
rxn46881	clean
rxn46882	clean
rxn46883	salvaged
rxn46885	salvaged
rxn46886	clean
rxn46888	salvaged
rxn46889	clean
rxn46890	clean
rxn46891	salvaged
rxn46894	salvaged
rxn46895	clean
rxn46896	clean
rxn46901	clean
rxn46902	clean
rxn46903	clean
rxn46905	clean
rxn46907	clean
rxn46910	salvaged
rxn46913	clean
rxn46915	clean
rxn46916	clean
rxn46918	salvaged
rxn46919	clean
rxn46920	clean
rxn46921	clean
rxn46923	clean
rxn46924	clean
rxn46927	clean
rxn46929	clean
rxn46931	salvaged
rxn46934	clean
rxn46935	clean
rxn46936	clean
rxn46937	clean
rxn46941	clean
rxn46944	clean
rxn46947	clean
rxn46948	clean
rxn46950	clean
rxn46955	clean
rxn46956	clean
rxn46958	salvaged
rxn46960	salvaged
rxn46961	clean
rxn46962	clean
rxn46963	clean
rxn46964	clean
rxn46967	salvaged
rxn46969	salvaged
rxn46971	salvaged
rxn46972	clean
rxn46973	clean
rxn46974	salvaged
rxn46976	clean
rxn46979	clean
rxn46980	clean
rxn46981	salvaged
rxn46984	clean
rxn46985	salvaged
rxn46986	clean
rxn46988	salvaged
rxn46991	salvaged
rxn46993	clean
rxn46997	clean
rxn46998	clean
rxn46999	clean
rxn47000	clean
rxn47003	salvaged
rxn47004	clean
rxn47005	clean
rxn47006	salvaged
rxn47007	salvaged
rxn47010	salvaged
rxn47011	clean
rxn47013	salvaged
rxn47014	clean
rxn47015	salvaged
rxn47016	clean
rxn47017	salvaged
rxn47019	salvaged
rxn47021	salvaged
rxn47022	clean
rxn47023	clean
rxn47024	clean
rxn47025	salvaged
rxn47026	clean
rxn47027	clean
rxn47028	clean
rxn47029	salvaged
rxn47031	clean
rxn47033	clean
rxn47034	salvaged
rxn47039	clean
rxn47040	clean
rxn47041	clean
rxn47042	clean
rxn47045	clean
rxn47049	clean
rxn47050	salvaged
rxn47052	salvaged
rxn47054	clean
rxn47056	clean
rxn47057	clean
rxn47059	salvaged
rxn47060	clean
rxn47062	salvaged
rxn47063	salvaged
rxn47064	clean
rxn47066	salvaged
rxn47067	salvaged
rxn47068	salvaged
rxn47070	clean
rxn47071	salvaged
rxn47073	clean
rxn47074	clean
rxn47075	clean
rxn47078	clean
rxn47081	clean
rxn47082	clean
rxn47083	salvaged
rxn47086	clean
rxn47087	clean
rxn47088	clean
rxn47089	clean
rxn47090	salvaged
rxn47091	clean
rxn47092	clean
rxn47093	salvaged
rxn47094	salvaged
rxn47095	salvaged
rxn47096	clean
rxn47097	clean
rxn47099	salvaged
rxn47101	clean
rxn47102	salvaged
rxn47103	clean
rxn47104	salvaged
rxn47105	clean
rxn47107	clean
rxn47108	clean
rxn47109	salvaged
rxn47110	clean
rxn47111	salvaged
rxn47112	clean
rxn47113	clean
rxn47114	clean
rxn47116	salvaged
rxn47118	clean
rxn47120	salvaged
rxn47121	clean
rxn47122	clean
rxn47124	clean
rxn47128	clean
rxn47131	clean
rxn47133	salvaged
rxn47134	clean
rxn47135	salvaged
rxn47136	clean
rxn47137	clean
rxn47138	clean
rxn47140	salvaged
rxn47141	clean
rxn47145	clean
rxn47147	salvaged
rxn47149	clean
rxn47150	clean
rxn47153	salvaged
rxn47155	clean
rxn47156	clean
rxn47157	salvaged
rxn47159	clean
rxn47160	clean
rxn47161	clean
rxn47162	salvaged
rxn47163	clean
rxn47165	clean
rxn47166	clean
rxn47167	clean
rxn47168	clean
rxn47169	salvaged
rxn47170	clean
rxn47172	salvaged
rxn47173	clean
rxn47174	clean
rxn47175	clean
rxn47176	clean
rxn47177	salvaged
rxn47178	salvaged
rxn47182	clean
rxn47183	clean
rxn47184	salvaged
rxn47185	salvaged
rxn47187	clean
rxn47190	salvaged
rxn47191	clean
rxn47192	clean
rxn47193	clean
rxn47195	clean
rxn47196	clean
rxn47197	clean
rxn47198	clean
rxn47199	clean
rxn47201	clean
rxn47202	salvaged
rxn47204	clean
rxn47206	clean
rxn47208	salvaged
rxn47209	salvaged
rxn47210	clean
rxn47211	salvaged
rxn47213	clean
rxn47215	clean
rxn47216	salvaged
rxn47217	salvaged
rxn47218	clean
rxn47220	clean
rxn47221	salvaged
rxn47223	clean
rxn47225	clean
rxn47230	clean
rxn47231	clean
rxn47232	salvaged
rxn47234	clean
rxn47236	clean
rxn47239	salvaged
rxn47240	clean
rxn47241	clean
rxn47243	clean
rxn47244	salvaged
rxn47245	clean
rxn47246	clean
rxn47248	clean
rxn47251	clean
rxn47252	clean
rxn47254	clean
rxn47256	clean
rxn47257	salvaged
rxn47258	clean
rxn47259	clean
rxn47260	clean
rxn47261	clean
rxn47262	salvaged
rxn47265	clean
rxn47266	clean
rxn47267	clean
rxn47269	clean
rxn47270	clean
rxn47271	clean
rxn47272	clean
rxn47274	clean
rxn47275	salvaged
rxn47276	salvaged
rxn47278	salvaged
rxn47279	clean
rxn47281	clean
rxn47282	clean
rxn47285	clean
rxn47287	clean
rxn47288	salvaged
rxn47292	salvaged
rxn47296	clean
rxn47297	clean
rxn47298	clean
rxn47299	clean
rxn47301	salvaged
rxn47302	clean
rxn47303	clean
rxn47304	salvaged
rxn47305	clean
rxn47306	clean
rxn47307	clean
rxn47308	clean
rxn47309	clean
rxn47311	clean
rxn47314	clean
rxn47315	clean
rxn47316	clean
rxn47318	clean
rxn47320	clean
rxn47321	clean
rxn47322	clean
rxn47324	clean
rxn47326	salvaged
rxn47327	clean
rxn47329	salvaged
rxn47331	clean
rxn47332	clean
rxn47333	clean
rxn47334	salvaged
rxn47335	clean
rxn47336	clean
rxn47337	salvaged
rxn47338	clean
rxn47339	salvaged
rxn47340	clean
rxn47341	clean
rxn47342	clean
rxn47343	clean
rxn47344	clean
rxn47345	clean
rxn47346	salvaged
rxn47348	salvaged
rxn47349	clean
rxn47350	clean
rxn47351	clean
rxn47352	salvaged
rxn47353	salvaged
rxn47357	clean
rxn47358	clean
rxn47363	clean
rxn47365	clean
rxn47366	clean
rxn47368	clean
rxn47369	salvaged
rxn47370	clean
rxn47371	clean
rxn47372	salvaged
rxn47373	salvaged
rxn47374	clean
rxn47375	clean
rxn47376	clean
rxn47377	clean
rxn47382	clean
rxn47383	clean
rxn47384	clean
rxn47385	salvaged
rxn47386	clean
rxn47387	salvaged
rxn47388	salvaged
rxn47390	salvaged
rxn47391	salvaged
rxn47392	clean
rxn47395	salvaged
rxn47398	clean
rxn47400	salvaged
rxn47401	clean
rxn47402	clean
rxn47403	clean
rxn47405	clean
rxn47406	clean
rxn47408	clean
rxn47409	clean
rxn47410	clean
rxn47412	clean
rxn47415	clean
rxn47416	clean
rxn47417	salvaged
rxn47419	clean
rxn47421	clean
rxn47424	clean
rxn47425	salvaged
rxn47426	salvaged
rxn47430	salvaged
rxn47431	clean
rxn47432	clean
rxn47433	clean
rxn47434	clean
rxn47436	salvaged
rxn47437	clean
rxn47438	salvaged
rxn47439	clean
rxn47443	salvaged
rxn47444	clean
rxn47445	salvaged
rxn47446	salvaged
rxn47450	clean
rxn47452	clean
rxn47453	clean
rxn47456	clean
rxn47459	salvaged
rxn47460	salvaged
rxn47461	clean
rxn47463	clean
rxn47464	clean
rxn47465	clean
rxn47466	clean
rxn47468	clean
rxn47471	clean
rxn47472	clean
rxn47474	clean
rxn47475	salvaged
rxn47476	salvaged
rxn47478	salvaged
rxn47480	clean
rxn47481	clean
rxn47482	clean
rxn47483	salvaged
rxn47484	salvaged
rxn47485	salvaged
rxn47486	salvaged
rxn47487	salvaged
rxn47488	clean
rxn47489	clean
rxn47491	clean
rxn47492	clean
rxn47493	clean
rxn47494	clean
rxn47495	clean
rxn47497	clean
rxn47499	clean
rxn47500	clean
rxn47501	salvaged
rxn47502	clean
rxn47505	clean
rxn47506	clean
rxn47509	clean
rxn47510	clean
rxn47511	salvaged
rxn47512	clean
rxn47516	clean
rxn47517	salvaged
rxn47519	salvaged
rxn47522	clean
rxn47524	clean
rxn47530	clean
rxn47532	clean
rxn47533	salvaged
rxn47534	clean
rxn47535	clean
rxn47537	clean
rxn47540	clean
rxn47541	clean
rxn47544	clean
rxn47545	clean
rxn47548	salvaged
rxn47550	clean
rxn47552	clean
rxn47554	clean
rxn47557	clean
rxn47563	salvaged
rxn47564	clean
rxn47565	salvaged
rxn47566	clean
rxn47567	clean
rxn47568	clean
rxn47569	salvaged
rxn47570	clean
rxn47571	salvaged
rxn47572	clean
rxn47574	clean
rxn47575	salvaged
rxn47576	clean
rxn47577	clean
rxn47585	clean
rxn47586	clean
rxn47588	salvaged
rxn47589	salvaged
rxn47591	clean
rxn47592	clean
rxn47593	clean
rxn47594	clean
rxn47595	clean
rxn47596	clean
rxn47598	salvaged
rxn47599	clean
rxn47600	clean
rxn47601	clean
rxn47602	clean
rxn47603	salvaged
rxn47605	clean
rxn47607	clean
rxn47608	clean
rxn47609	clean
rxn47610	clean
rxn47611	clean
rxn47612	salvaged
rxn47614	clean
rxn47615	salvaged
rxn47617	salvaged
rxn47618	clean
rxn47619	clean
rxn47621	clean
rxn47623	clean
rxn47624	clean
rxn47625	salvaged
rxn47626	clean
rxn47627	salvaged
rxn47628	salvaged
rxn47629	clean
rxn47630	clean
rxn47631	clean
rxn47632	clean
rxn47633	clean
rxn47634	clean
rxn47635	clean
rxn47636	clean
rxn47637	clean
rxn47639	clean
rxn47640	clean
rxn47641	salvaged
rxn47642	salvaged
rxn47649	clean
rxn47650	clean
rxn47651	salvaged
rxn47652	clean
rxn47653	clean
rxn47654	clean
rxn47655	clean
rxn47657	clean
rxn47659	clean
rxn47660	salvaged
rxn47663	salvaged
rxn47665	clean
rxn47666	clean
rxn47667	clean
rxn47668	clean
rxn47671	clean
rxn47673	clean
rxn47674	clean
rxn47675	clean
rxn47676	clean
rxn47678	salvaged
rxn47679	clean
rxn47680	clean
rxn47682	clean
rxn47684	clean
rxn47685	clean
rxn47686	salvaged
rxn47687	clean
rxn47688	clean
rxn47689	salvaged
rxn47691	clean
rxn47692	salvaged
rxn47693	clean
rxn47694	salvaged
rxn47695	clean
rxn47697	clean
rxn47698	salvaged
rxn47699	clean
rxn47700	clean
rxn47702	clean
rxn47703	clean
rxn47704	salvaged
rxn47705	salvaged
rxn47706	clean
rxn47710	salvaged
rxn47711	salvaged
rxn47713	clean
rxn47714	clean
rxn47715	clean
rxn47716	clean
rxn47717	clean
rxn47718	clean
rxn47720	clean
rxn47721	salvaged
rxn47722	salvaged
rxn47724	clean
rxn47726	clean
rxn47728	clean
rxn47730	clean
rxn47733	clean
rxn47734	clean
rxn47735	clean
rxn47736	salvaged
rxn47737	salvaged
rxn47739	clean
rxn47740	salvaged
rxn47742	salvaged
rxn47744	clean
rxn47746	clean
rxn47751	clean
rxn47752	salvaged
rxn47753	salvaged
rxn47754	clean
rxn47755	clean
rxn47756	clean
rxn47758	clean
rxn47759	clean
rxn47760	salvaged
rxn47761	salvaged
rxn47765	clean
rxn47767	clean
rxn47769	salvaged
rxn47772	clean
rxn47774	salvaged
rxn47775	clean
rxn47776	clean
rxn47777	clean
rxn47778	clean
rxn47781	clean
rxn47782	clean
rxn47783	salvaged
rxn47784	clean
rxn47785	clean
rxn47787	clean
rxn47788	clean
rxn47790	clean
rxn47791	clean
rxn47792	clean
rxn47793	salvaged
rxn47794	salvaged
rxn47795	clean
rxn47796	salvaged
rxn47797	clean
rxn47798	clean
rxn47799	salvaged
rxn47800	clean
rxn47802	clean
rxn47803	clean
rxn47804	clean
rxn47805	salvaged
rxn47806	clean
rxn47807	clean
rxn47808	salvaged
rxn47812	clean
rxn47816	salvaged
rxn47817	salvaged
rxn47818	clean
rxn47819	clean
rxn47821	clean
rxn47822	clean
rxn47823	clean
rxn47824	clean
rxn47827	clean
rxn47829	clean
rxn47830	salvaged
rxn47832	clean
rxn47835	salvaged
rxn47836	clean
rxn47837	salvaged
rxn47839	clean
rxn47843	clean
rxn47844	salvaged
rxn47845	clean
rxn47846	salvaged
rxn47847	clean
rxn47848	clean
rxn47849	salvaged
rxn47850	salvaged
rxn47851	salvaged
rxn47854	salvaged
rxn47855	clean
rxn47856	clean
rxn47857	salvaged
rxn47858	salvaged
rxn47859	clean
rxn47860	salvaged
rxn47861	clean
rxn47862	clean
rxn47866	clean
rxn47869	clean
rxn47871	clean
rxn47875	clean
rxn47876	salvaged
rxn47879	clean
rxn47881	clean
rxn47882	clean
rxn47883	clean
rxn47886	clean
rxn47887	clean
rxn47890	salvaged
rxn47891	salvaged
rxn47895	salvaged
rxn47896	salvaged
rxn47897	clean
rxn47898	clean
rxn47900	clean
rxn47903	clean
rxn47904	clean
rxn47906	clean
rxn47907	clean
rxn47909	salvaged
rxn47910	clean
rxn47911	clean
rxn47912	salvaged
rxn47914	clean
rxn47915	salvaged
rxn47916	clean
rxn47917	clean
rxn47918	clean
rxn47919	salvaged
rxn47920	clean
rxn47922	clean
rxn47923	clean
rxn47926	clean
rxn47927	clean
rxn47929	clean
rxn47931	salvaged
rxn47932	clean
rxn47933	clean
rxn47934	salvaged
rxn47935	clean
rxn47936	salvaged
rxn47937	clean
rxn47938	salvaged
rxn47939	salvaged
rxn47940	clean
rxn47945	clean
rxn47946	salvaged
rxn47948	clean
rxn47949	clean
rxn47950	clean
rxn47952	clean
rxn47955	clean
rxn47956	clean
rxn47962	clean
rxn47963	clean
rxn47964	clean
rxn47969	clean
rxn47970	clean
rxn47971	salvaged
rxn47972	clean
rxn47973	salvaged
rxn47976	salvaged
rxn47977	clean
rxn47981	salvaged
rxn47983	clean
rxn47984	clean
rxn47985	salvaged
rxn47986	clean
rxn47988	clean
rxn47989	salvaged
rxn47990	clean
rxn47992	clean
rxn47993	clean
rxn47994	salvaged
rxn47995	salvaged
rxn47996	clean
rxn47997	clean
rxn47998	salvaged
rxn47999	clean
rxn48000	salvaged
rxn48001	clean
rxn48002	clean
rxn48003	salvaged
rxn48004	clean
rxn48005	clean
rxn48007	clean
rxn48008	clean
rxn48009	clean
rxn48010	salvaged
rxn48012	clean
rxn48013	clean
rxn48015	clean
rxn48017	salvaged
rxn48018	clean
rxn48019	clean
rxn48021	clean
rxn48022	salvaged
rxn48026	clean
rxn48027	salvaged
rxn48030	clean
rxn48031	clean
rxn48032	salvaged
rxn48035	clean
rxn48037	clean
rxn48038	clean
rxn48039	clean
rxn48040	clean
rxn48043	clean
rxn48045	salvaged
rxn48046	clean
rxn48048	clean
rxn48049	clean
rxn48050	salvaged
rxn48051	clean
rxn48052	clean
rxn48053	clean
rxn48054	clean
rxn48055	salvaged
rxn48056	clean
rxn48057	clean
rxn48059	clean
rxn48060	clean
rxn48062	clean
rxn48063	clean
rxn48064	clean
rxn48066	clean
rxn48067	clean
rxn48068	clean
rxn48070	clean
rxn48071	salvaged
rxn48074	clean
rxn48075	salvaged
rxn48076	salvaged
rxn48077	clean
rxn48078	clean
rxn48080	clean
rxn48081	clean
rxn48082	salvaged
rxn48083	clean
rxn48084	clean
rxn48089	salvaged
rxn48092	salvaged
rxn48093	clean
rxn48094	clean
rxn48096	salvaged
rxn48098	salvaged
rxn48099	clean
rxn48101	clean
rxn48103	clean
rxn48104	salvaged
rxn48105	clean
rxn48106	salvaged
rxn48107	salvaged
rxn48109	clean
rxn48110	clean
rxn48111	salvaged
rxn48112	clean
rxn48114	salvaged
rxn48116	clean
rxn48118	clean
rxn48120	salvaged
rxn48121	clean
rxn48122	clean
rxn48124	salvaged
rxn48125	salvaged
rxn48128	clean
rxn48130	salvaged
rxn48132	salvaged
rxn48133	clean
rxn48136	salvaged
rxn48138	clean
rxn48139	clean
rxn48140	clean
rxn48142	salvaged
rxn48144	clean
rxn48145	salvaged
rxn48146	clean
rxn48147	clean
rxn48149	clean
rxn48150	clean
rxn48152	clean
rxn48153	salvaged
rxn48154	clean
rxn48155	salvaged
rxn48156	clean
rxn48158	clean
rxn48159	salvaged
rxn48160	clean
rxn48161	salvaged
rxn48163	salvaged
rxn48164	clean
rxn48165	clean
rxn48166	clean
rxn48167	clean
rxn48168	salvaged
rxn48170	salvaged
rxn48171	clean
rxn48172	clean
rxn48173	clean
rxn48174	salvaged
rxn48175	clean
rxn48178	salvaged
rxn48179	salvaged
rxn48180	salvaged
rxn48181	clean
rxn48182	clean
rxn48184	clean
rxn48186	clean
rxn48187	clean
rxn48188	clean
rxn48189	clean
rxn48190	salvaged
rxn48191	clean
rxn48192	clean
rxn48194	salvaged
rxn48196	clean
rxn48197	clean
rxn48198	clean
rxn48199	clean
rxn48201	clean
rxn48203	salvaged
rxn48204	clean
rxn48205	clean
rxn48206	clean
rxn48207	salvaged
rxn48209	clean
rxn48210	salvaged
rxn48211	clean
rxn48212	clean
rxn48213	clean
rxn48216	clean
rxn48218	clean
rxn48219	clean
rxn48220	salvaged
rxn48221	clean
rxn48222	salvaged
rxn48223	salvaged
rxn48224	salvaged
rxn48225	clean
rxn48226	clean
rxn48227	salvaged
rxn48228	clean
rxn48229	clean
rxn48230	clean
rxn48231	salvaged
rxn48238	clean
rxn48239	salvaged
rxn48240	clean
rxn48241	clean
rxn48242	clean
rxn48244	salvaged
rxn48245	clean
rxn48246	clean
rxn48247	clean
rxn48249	salvaged
rxn48250	clean
rxn48251	clean
rxn48253	clean
rxn48258	salvaged
rxn48259	salvaged
rxn48260	clean
rxn48261	clean
rxn48262	salvaged
rxn48263	clean
rxn48264	clean
rxn48265	salvaged
rxn48266	salvaged
rxn48268	salvaged
rxn48269	clean
rxn48270	clean
rxn48271	salvaged
rxn48272	salvaged
rxn48273	clean
rxn48274	clean
rxn48277	clean
rxn48279	clean
rxn48280	clean
rxn48284	salvaged
rxn48287	clean
rxn48289	clean
rxn48291	clean
rxn48293	clean
rxn48294	clean
rxn48295	clean
rxn48296	clean
rxn48301	clean
rxn48302	clean
rxn48303	salvaged
rxn48304	clean
rxn48307	clean
rxn48308	clean
rxn48309	clean
rxn48310	clean
rxn48311	clean
rxn48313	clean
rxn48314	clean
rxn48315	salvaged
rxn48316	salvaged
rxn48317	clean
rxn48319	clean
rxn48320	clean
rxn48321	salvaged
rxn48322	clean
rxn48323	salvaged
rxn48324	clean
rxn48326	clean
rxn48328	clean
rxn48329	clean
rxn48330	salvaged
rxn48331	clean
rxn48332	clean
rxn48334	clean
rxn48335	clean
rxn48336	clean
rxn48337	salvaged
rxn48338	salvaged
rxn48341	salvaged
rxn48343	clean
rxn48346	clean
rxn48347	clean
rxn48348	clean
rxn48349	clean
rxn48352	clean
rxn48353	clean
rxn48354	clean
rxn48356	salvaged
rxn48357	salvaged
rxn48358	clean
rxn48360	clean
rxn48363	clean
rxn48364	salvaged
rxn48365	clean
rxn48367	salvaged
rxn48368	clean
rxn48369	clean
rxn48371	clean
rxn48372	salvaged
rxn48374	clean
rxn48375	salvaged
rxn48377	clean
rxn48378	clean
rxn48379	clean
rxn48381	clean
rxn48382	salvaged
rxn48383	salvaged
rxn48384	clean
rxn48385	clean
rxn48387	clean
rxn48388	clean
rxn48389	clean
rxn48392	salvaged
rxn48393	clean
rxn48396	clean
rxn48397	salvaged
rxn48398	clean
rxn48400	clean
rxn48401	clean
rxn48402	clean
rxn48403	clean
rxn48405	clean
rxn48406	salvaged
rxn48408	clean
rxn48409	clean
rxn48411	clean
rxn48412	clean
rxn48413	clean
rxn48415	clean
rxn48416	salvaged
rxn48418	salvaged
rxn48419	salvaged
rxn48420	clean
rxn48421	clean
rxn48423	salvaged
rxn48424	salvaged
rxn48425	salvaged
rxn48426	clean
rxn48429	clean
rxn48431	clean
rxn48432	salvaged
rxn48433	salvaged
rxn48434	clean
rxn48435	salvaged
rxn48436	clean
rxn48437	salvaged
rxn48438	clean
rxn48439	salvaged
rxn48440	clean
rxn48442	salvaged
rxn48445	clean
rxn48447	salvaged
rxn48448	clean
rxn48450	clean
rxn48452	clean
rxn48453	salvaged
rxn48455	clean
rxn48456	clean
rxn48457	salvaged
rxn48459	clean
rxn48460	clean
rxn48461	salvaged
rxn48462	clean
rxn48464	salvaged
rxn48465	clean
rxn48468	salvaged
rxn48469	clean
rxn48470	clean
rxn48471	salvaged
rxn48474	clean
rxn48475	salvaged
rxn48478	clean
rxn48479	salvaged
rxn48480	clean
rxn48481	clean
rxn48482	clean
rxn48483	clean
rxn48484	salvaged
rxn48485	salvaged
rxn48487	salvaged
rxn48488	salvaged
rxn48489	clean
rxn48490	clean
rxn48491	clean
rxn48492	salvaged
rxn48494	salvaged
rxn48495	clean
rxn48499	clean
rxn48500	salvaged
rxn48501	clean
rxn48502	clean
rxn48503	clean
rxn48504	clean
rxn48506	salvaged
rxn48507	clean
rxn48508	clean
rxn48509	salvaged
rxn48510	clean
rxn48511	salvaged
rxn48512	clean
rxn48513	salvaged
rxn48514	salvaged
rxn48517	clean
rxn48519	clean
rxn48520	salvaged
rxn48521	clean
rxn48522	clean
rxn48523	clean
rxn48527	clean
rxn48528	clean
rxn48529	clean
rxn48530	salvaged
rxn48531	salvaged
rxn48532	clean
rxn48533	clean
rxn48534	clean
rxn48535	clean
rxn48536	clean
rxn48537	clean
rxn48538	clean
rxn48540	clean
rxn48541	salvaged
rxn48542	salvaged
rxn48545	clean
rxn48546	salvaged
rxn48547	clean
rxn48548	salvaged
rxn48549	clean
rxn48550	clean
rxn48551	clean
rxn48552	salvaged
rxn48554	clean
rxn48555	clean
rxn48557	clean
rxn48558	salvaged
rxn48561	clean
rxn48562	clean
rxn48564	salvaged
rxn48565	clean
rxn48566	clean
rxn48567	salvaged
rxn48573	salvaged
rxn48575	salvaged
rxn48580	clean
rxn48587	clean
rxn48588	clean
rxn48590	clean
rxn48591	clean
rxn48592	clean
rxn48613	clean
rxn48633	clean
rxn48634	clean
rxn48635	clean
rxn48640	clean
rxn48642	salvaged
rxn48652	salvaged
rxn48660	salvaged
rxn48671	salvaged
rxn48678	clean
rxn48691	clean
rxn48697	clean
rxn48707	clean
rxn48719	salvaged
rxn48721	clean
rxn48722	clean
rxn48724	clean
rxn48737	salvaged
rxn48739	clean
rxn48745	clean
rxn48746	salvaged
rxn48752	clean
rxn48764	salvaged
rxn48774	clean
rxn48776	salvaged
rxn48782	clean
rxn48801	salvaged
rxn48803	clean
rxn48812	clean
rxn48813	salvaged
rxn48814	salvaged
rxn48816	salvaged
rxn48817	clean
rxn48829	salvaged
rxn48837	salvaged
rxn48853	clean
rxn48862	clean
rxn48873	clean
rxn48874	clean
rxn48876	clean
rxn48882	clean
rxn48883	clean
rxn48885	salvaged
rxn48889	clean
rxn48897	clean
rxn48901	salvaged
rxn48903	salvaged
rxn48911	clean
rxn48914	clean
rxn48915	clean
rxn48922	clean
rxn48923	clean
rxn48925	clean
rxn48930	clean
rxn48931	clean
rxn48935	clean
rxn48938	clean
rxn48943	clean
rxn48945	salvaged
rxn48953	salvaged
rxn48954	clean
rxn48957	clean
rxn48965	clean
rxn48971	salvaged
rxn48986	salvaged
rxn48988	salvaged
rxn48994	clean
rxn49005	clean
rxn49010	clean
rxn49013	salvaged
rxn49017	clean
rxn49019	clean
rxn49054	clean
rxn49057	salvaged
rxn49058	clean
rxn49063	salvaged
rxn49065	clean
rxn49067	clean
rxn49069	clean
rxn49070	clean
rxn49079	clean
rxn49080	salvaged
rxn49086	clean
rxn49090	clean
rxn49092	salvaged
rxn49102	clean
rxn49111	clean
rxn49115	clean
rxn49122	clean
rxn49137	salvaged
rxn49138	clean
rxn49144	clean
rxn49145	clean
rxn49162	clean
rxn49169	clean
rxn49171	clean
rxn49175	clean
rxn49176	salvaged
rxn49183	clean
rxn49185	clean
rxn49188	salvaged
rxn49199	salvaged
rxn49204	clean
rxn49207	clean
rxn49214	clean
rxn49219	clean
rxn49225	clean
rxn49234	clean
rxn49236	clean
rxn49257	clean
rxn49259	clean
rxn49260	clean
rxn49263	clean
rxn49266	salvaged
rxn49276	clean
rxn49279	clean
rxn49294	salvaged
rxn49299	clean
rxn49303	clean
rxn49314	salvaged
rxn49325	clean
rxn49342	clean
rxn49347	clean
rxn49361	salvaged
rxn49368	salvaged
rxn49381	clean
rxn49386	salvaged
rxn49388	clean
rxn49399	clean
rxn49401	clean
rxn49402	salvaged
rxn49404	clean
rxn49408	salvaged
rxn49410	salvaged
rxn49414	clean
rxn49415	clean
rxn49431	clean
rxn49442	clean
rxn49450	clean
rxn49468	clean
rxn49497	clean
rxn49504	clean
rxn49505	clean
rxn49514	salvaged
rxn49527	salvaged
rxn49549	clean
rxn49551	clean
rxn49565	clean
rxn49569	clean
rxn49583	salvaged
rxn49589	clean
rxn49597	salvaged
rxn49609	clean
rxn49610	salvaged
rxn49630	clean
rxn49639	clean
rxn49647	salvaged
rxn49648	clean
rxn49651	clean
rxn49652	salvaged
rxn49668	clean
rxn49669	clean
rxn49675	clean
rxn49676	clean
rxn49681	clean
rxn49687	clean
rxn49694	clean
rxn49695	clean
rxn49710	clean
rxn49711	clean
rxn49714	clean
rxn49715	clean
rxn49718	clean
rxn49719	clean
rxn49720	clean
rxn49721	clean
rxn49722	clean
rxn49723	clean
rxn49724	clean
rxn49726	clean
rxn49741	clean
rxn49742	clean
rxn49743	clean
rxn49744	clean
rxn49748	clean
rxn49749	clean
rxn49750	clean
rxn49757	clean
rxn49758	clean
rxn49760	clean
rxn49770	clean
rxn49774	clean
rxn49781	salvaged
rxn49783	clean
rxn49787	clean
rxn49788	clean
rxn49789	clean
rxn49796	clean
rxn49804	salvaged
rxn49805	clean
rxn49807	clean
rxn49808	clean
rxn49809	clean
rxn49811	clean
rxn49822	clean
rxn49825	clean
rxn49830	clean
rxn49839	clean
rxn49840	clean
rxn49842	clean
rxn49844	clean
rxn49845	clean
rxn49846	clean
rxn49850	clean
rxn49854	salvaged
rxn49856	salvaged
rxn49859	clean
rxn49861	salvaged
rxn49863	salvaged
rxn49865	salvaged
rxn49867	salvaged
rxn49869	clean
rxn49871	clean
rxn49880	clean
rxn49890	clean
rxn49891	clean
rxn49892	clean
rxn49900	clean
rxn49901	clean
rxn49908	clean
rxn49910	clean
rxn49911	clean
rxn49912	clean
rxn49915	clean
rxn49921	clean
rxn49925	salvaged
rxn49928	salvaged
rxn49943	clean
rxn49963	clean
rxn49964	salvaged
rxn49965	clean
rxn49966	clean
rxn49967	clean
rxn49968	clean
rxn49969	clean
rxn49970	clean
rxn49971	clean
rxn49973	clean
rxn49975	clean
rxn49978	clean
rxn49979	clean
rxn49983	clean
rxn49984	clean
rxn49990	clean
rxn49993	clean
rxn49997	clean
rxn50002	clean
rxn50003	clean
rxn50007	clean
rxn50008	salvaged
rxn50011	clean
rxn50016	clean
rxn50017	clean
rxn50033	salvaged
rxn50046	clean
rxn50047	clean
rxn50057	salvaged
rxn50060	clean
rxn50061	clean
rxn50071	clean
rxn50072	clean
rxn50073	clean
rxn50092	salvaged
rxn50097	clean
rxn50099	clean
rxn50108	salvaged
rxn50126	salvaged
rxn50139	salvaged
rxn50140	clean
rxn50143	clean
rxn50145	salvaged
rxn50148	clean
rxn50158	clean
rxn50159	clean
rxn50161	clean
rxn50165	clean
rxn50166	clean
rxn50171	clean
rxn50172	salvaged
rxn50176	salvaged
rxn50177	salvaged
rxn50187	clean
rxn50190	clean
rxn50191	clean
rxn50209	clean
rxn50210	clean
rxn50212	salvaged
rxn50213	salvaged
rxn50216	salvaged
rxn50217	salvaged
rxn50224	salvaged
rxn50233	salvaged
rxn50243	salvaged
rxn50244	salvaged
rxn50245	salvaged
rxn50248	clean
rxn50249	clean
rxn50250	clean
rxn50251	salvaged
rxn50252	salvaged
rxn50253	salvaged
rxn50255	clean
rxn50258	clean
rxn50259	clean
rxn50260	clean
rxn50261	salvaged
rxn50262	salvaged
rxn50268	clean
rxn50270	clean
rxn50273	clean
rxn50293	clean
rxn50300	salvaged
rxn50313	salvaged
rxn50314	salvaged
rxn50315	clean
rxn50316	clean
rxn50320	clean
rxn50328	salvaged
rxn50331	clean
rxn50333	clean
rxn50334	clean
rxn50335	clean
rxn50336	salvaged
rxn50338	clean
rxn50339	clean
rxn50340	clean
rxn50342	clean
rxn50343	clean
rxn50347	clean
rxn50348	clean
rxn50349	clean
rxn50352	clean
rxn50353	clean
rxn50354	clean
rxn50356	clean
rxn50357	clean
rxn50358	clean
rxn50361	clean
rxn50362	clean
rxn50363	clean
rxn50364	clean
rxn50369	clean
rxn50370	clean
rxn50403	clean
rxn50407	clean
rxn50421	clean
rxn50423	clean
rxn50429	salvaged
rxn50431	salvaged
rxn50432	salvaged
rxn50436	salvaged
rxn50437	salvaged
rxn50442	salvaged
rxn50447	clean
rxn50450	clean
rxn50452	salvaged
rxn50453	salvaged
rxn50455	salvaged
rxn50457	salvaged
rxn50458	salvaged
rxn50460	clean
rxn50465	salvaged
rxn50473	salvaged
rxn50475	salvaged
rxn50492	salvaged
rxn50501	clean
rxn50502	clean
rxn50510	clean
rxn50511	clean
rxn50516	clean
rxn50521	clean
rxn50524	clean
rxn50536	clean
rxn50538	salvaged
rxn50539	clean
rxn50543	clean
rxn50557	clean
rxn50561	clean
rxn50563	clean
rxn50564	clean
rxn50565	clean
rxn50577	clean
rxn50581	clean
rxn50594	clean
rxn50595	clean
rxn50596	salvaged
rxn50612	salvaged
rxn50614	salvaged
rxn50617	salvaged
rxn50621	salvaged
rxn50622	salvaged
rxn50628	salvaged
rxn50631	clean
rxn50633	clean
rxn50636	clean
rxn50638	salvaged
rxn50643	salvaged
rxn50644	salvaged
rxn50650	salvaged
rxn50665	salvaged
rxn50666	salvaged
rxn50669	salvaged
rxn50670	salvaged
rxn50683	clean
rxn50709	salvaged
rxn50736	salvaged
rxn50739	clean
rxn50743	clean
rxn50753	clean
rxn50758	salvaged
rxn50767	clean
rxn50778	salvaged
rxn50779	clean
rxn50789	clean
rxn50795	clean
rxn50824	clean
rxn50831	salvaged
rxn50834	clean
rxn50851	clean
rxn50852	clean
rxn50853	clean
rxn50854	clean
rxn50875	clean
rxn50900	clean
rxn50902	clean
rxn50903	salvaged
rxn50904	clean
rxn50906	salvaged
rxn50909	clean
rxn50911	clean
rxn50914	clean
rxn50916	clean
rxn50917	clean
rxn50918	clean
rxn50919	clean
rxn50926	clean
rxn50927	salvaged
rxn50929	clean
rxn50932	clean
rxn50944	clean
rxn50946	clean
rxn50947	clean
rxn50960	clean
rxn50963	clean
rxn50964	clean
rxn50987	clean
rxn50988	clean
rxn50989	clean
rxn50990	clean
rxn51032	salvaged
rxn51033	clean
rxn51037	clean
rxn51038	clean
rxn51042	clean
rxn51048	clean
rxn51085	clean
rxn51090	clean
rxn51098	clean
rxn51105	clean
rxn51109	clean
rxn51114	clean
rxn51117	clean
rxn51119	clean
rxn51125	clean
rxn51126	clean
rxn51131	clean
rxn51142	salvaged
rxn51146	clean
rxn51148	clean
rxn51169	clean
rxn51174	clean
rxn51192	clean
rxn51201	clean
rxn51203	clean
rxn51205	clean
rxn51211	salvaged
rxn51234	clean
rxn51236	clean
rxn51237	salvaged
rxn51241	clean
rxn51249	clean
rxn51250	clean
rxn51251	clean
rxn51252	clean
rxn51253	clean
rxn51254	clean
rxn51255	clean
rxn51259	clean
rxn51260	clean
rxn51261	clean
rxn51264	clean
rxn51267	clean
rxn51269	clean
rxn51271	clean
rxn51272	clean
rxn51273	clean
rxn51276	clean
rxn51279	clean
rxn51288	clean
rxn51293	clean
rxn51312	salvaged
rxn51313	clean
rxn51315	clean
rxn51316	clean
rxn51322	clean
rxn51329	salvaged
rxn51345	clean
rxn51347	clean
rxn51360	clean
rxn51365	clean
rxn51390	clean
rxn51408	salvaged
rxn51415	salvaged
rxn51417	salvaged
rxn51418	salvaged
rxn51469	clean
rxn51470	clean
rxn51472	salvaged
rxn51478	clean
rxn51484	clean
rxn51485	clean
rxn51492	clean
rxn51493	clean
rxn51494	clean
rxn51499	clean
rxn51508	clean
rxn51509	clean
rxn51521	clean
rxn51532	salvaged
rxn51535	clean
rxn51536	clean
rxn51539	salvaged
rxn51540	clean
rxn51545	salvaged
rxn51548	clean
rxn51562	salvaged
rxn51563	clean
rxn51567	clean
rxn51572	clean
rxn51575	salvaged
rxn51581	clean
rxn51582	clean
rxn51584	clean
rxn51605	clean
rxn51606	clean
rxn51607	clean
rxn51611	clean
rxn51613	salvaged
rxn51640	salvaged
rxn51645	salvaged
rxn51686	clean
rxn51702	clean
rxn51712	clean
rxn51713	clean
rxn51714	clean
rxn51719	clean
rxn51732	clean
rxn51733	clean
rxn51751	clean
rxn51752	clean
rxn51754	clean
rxn51767	clean
rxn51768	clean
rxn51785	salvaged
rxn51801	clean
rxn51802	clean
rxn51803	clean
rxn51805	salvaged
rxn51810	salvaged
rxn51812	salvaged
rxn51814	salvaged
rxn51817	clean
rxn51823	clean
rxn51827	clean
rxn51828	clean
rxn51835	clean
rxn51837	clean
rxn51843	clean
rxn51844	clean
rxn51845	clean
rxn51850	salvaged
rxn51852	salvaged
rxn51853	salvaged
rxn51854	salvaged
rxn51857	clean
rxn51876	clean
rxn51877	clean
rxn51901	salvaged
rxn51902	salvaged
rxn51903	salvaged
rxn51935	clean
rxn51939	clean
rxn51942	salvaged
rxn51946	salvaged
rxn51950	salvaged
rxn51951	salvaged
rxn51960	salvaged
rxn51969	clean
rxn51972	clean
rxn51979	clean
rxn51983	salvaged
rxn51991	clean
rxn51993	salvaged
rxn52004	clean
rxn52006	clean
rxn52013	clean
rxn52014	clean
rxn52027	clean
rxn52028	clean
rxn52049	clean
rxn52059	clean
rxn52092	clean
rxn52129	clean
rxn52143	clean
rxn52147	clean
rxn52149	clean
rxn52150	clean
rxn52151	clean
rxn52156	clean
rxn52157	clean
rxn52159	clean
rxn52160	clean
rxn52161	clean
rxn52163	clean
rxn52164	clean
rxn52165	clean
rxn52180	clean
rxn52193	clean
rxn52198	clean
rxn52204	clean
rxn52210	clean
rxn52211	clean
rxn52220	clean
rxn52221	clean
rxn52224	salvaged
rxn52234	clean
rxn52257	clean
rxn52285	clean
rxn52294	clean
rxn52296	clean
rxn52317	salvaged
rxn52335	clean
rxn52336	clean
rxn52374	clean
rxn52379	clean
rxn52380	clean
rxn52402	clean
rxn52406	salvaged
rxn52413	clean
rxn52444	clean
rxn52445	clean
rxn52465	clean
rxn52470	salvaged
rxn52473	salvaged
rxn52480	clean
rxn52483	clean
rxn52493	salvaged
rxn52494	clean
rxn52514	clean
rxn52515	clean
rxn52516	clean
rxn52531	clean
rxn52532	clean
rxn52546	salvaged
rxn52557	salvaged
rxn52606	salvaged
rxn52612	salvaged
rxn52631	salvaged
rxn52638	clean
rxn52639	clean
rxn52643	salvaged
rxn52651	clean
rxn52652	clean
rxn52661	clean
rxn52662	clean
rxn52664	clean
rxn52680	salvaged
rxn52681	clean
rxn52682	clean
rxn52695	clean
rxn52699	clean
rxn52704	clean
rxn52709	salvaged
rxn52726	salvaged
rxn52727	salvaged
rxn52731	salvaged
rxn52732	salvaged
rxn52733	salvaged
rxn52734	clean
rxn52735	clean
rxn52741	salvaged
rxn52745	clean
rxn52750	clean
rxn52767	clean
rxn52768	clean
rxn52779	clean
rxn52788	clean
rxn52790	clean
rxn52791	clean
rxn52798	clean
rxn52807	clean
rxn52820	salvaged
rxn52825	clean
rxn52826	clean
rxn52829	clean
rxn52830	clean
rxn52831	clean
rxn52832	clean
rxn52833	clean
rxn52834	clean
rxn52855	clean
rxn52856	clean
rxn52857	clean
rxn52858	salvaged
rxn52875	clean
rxn52876	clean
rxn52877	clean
rxn52878	clean
rxn52879	clean
rxn52881	clean
rxn52883	clean
rxn52884	clean
rxn52896	clean
rxn52899	salvaged
rxn52982	clean
rxn52995	clean
rxn52996	clean
rxn53006	salvaged
rxn53009	clean
rxn53010	clean
rxn53012	clean
rxn53014	clean
rxn53027	clean
rxn53028	clean
rxn53030	clean
rxn53043	clean
rxn53047	clean
rxn53049	clean
rxn53055	clean
rxn53063	clean
rxn53065	clean
rxn53095	salvaged
rxn53096	clean
rxn53097	salvaged
rxn53113	clean
rxn53138	clean
rxn53162	clean
rxn53165	salvaged
rxn53166	clean
rxn53169	clean
rxn53176	salvaged
rxn53182	salvaged
rxn53183	salvaged
rxn53184	salvaged
rxn53185	salvaged
rxn53189	clean
rxn53191	clean
rxn53194	clean
rxn53195	clean
rxn53196	salvaged
rxn53197	salvaged
rxn53198	clean
rxn53204	clean
rxn53205	salvaged
rxn53206	salvaged
rxn53207	salvaged
rxn53208	salvaged
rxn53209	salvaged
rxn53210	salvaged
rxn53211	salvaged
rxn53212	salvaged
rxn53215	salvaged
rxn53216	salvaged
rxn53217	clean
rxn53218	clean
rxn53223	clean
rxn53225	clean
rxn53240	clean
rxn53243	salvaged
rxn53284	salvaged
rxn53285	salvaged
rxn53288	salvaged
rxn53297	clean
rxn53308	salvaged
rxn53311	clean
rxn53316	clean
rxn53318	clean
rxn53326	clean
rxn53330	clean
rxn53331	clean
rxn53350	clean
rxn53351	clean
rxn53352	clean
rxn53353	clean
rxn53359	clean
rxn53366	clean
rxn53367	clean
rxn53368	clean
rxn53383	clean
rxn53391	clean
rxn53424	clean
rxn53438	clean
rxn53440	clean
rxn53462	clean
rxn53464	clean
rxn53468	clean
rxn53473	clean
rxn53502	salvaged
rxn53503	salvaged
rxn53507	salvaged
rxn53509	clean
rxn53510	clean
rxn53511	clean
rxn53514	clean
rxn53553	clean
rxn53555	salvaged
rxn53569	clean
rxn53575	clean
rxn53588	clean
rxn53599	salvaged
rxn53624	clean
rxn53639	salvaged
rxn53652	clean
rxn53664	clean
rxn53665	clean
rxn53666	clean
rxn53667	clean
rxn53697	clean
rxn53704	clean
rxn53744	clean
rxn53776	clean
rxn53788	clean
rxn53795	salvaged
rxn53799	clean
rxn53804	clean
rxn53807	clean
rxn53808	clean
rxn53815	clean
rxn53818	clean
rxn53820	clean
rxn53846	clean
rxn53867	salvaged
rxn53875	clean
rxn53876	clean
rxn53877	clean
rxn53878	clean
rxn53879	clean
rxn53880	salvaged
rxn53886	salvaged
rxn53888	salvaged
rxn53889	salvaged
rxn53890	salvaged
rxn53938	salvaged
rxn53940	clean
rxn53941	clean
rxn53944	clean
rxn53945	clean
rxn53964	salvaged
rxn53994	clean
rxn53996	clean
rxn53998	clean
rxn53999	salvaged
rxn54018	clean
rxn54028	clean
rxn54031	salvaged
rxn54040	clean
rxn54041	salvaged
rxn54090	salvaged
rxn54091	clean
rxn54094	clean
rxn54114	clean
rxn54125	salvaged
rxn54126	clean
rxn54132	clean
rxn54145	clean
rxn54146	clean
rxn54154	clean
rxn54155	clean
rxn54167	clean
rxn54168	clean
rxn54176	clean
rxn54182	clean
rxn54188	clean
rxn54189	salvaged
rxn54190	clean
rxn54191	clean
rxn54219	clean
rxn54278	clean
rxn54279	clean
rxn54283	clean
rxn54294	clean
rxn54317	clean
rxn54344	clean
rxn54348	clean
rxn54353	clean
rxn54354	salvaged
rxn54355	clean
rxn54356	clean
rxn54359	clean
rxn54366	clean
rxn54378	clean
rxn54379	clean
rxn54400	clean
rxn54411	clean
rxn54419	clean
rxn54457	clean
rxn54458	clean
rxn54464	clean
rxn54472	clean
rxn54481	clean
rxn54482	clean
rxn54523	clean
rxn54525	clean
rxn54555	clean
rxn54561	clean
rxn54562	clean
rxn54570	clean
rxn54576	clean
rxn54577	clean
rxn54582	clean
rxn54583	clean
rxn54584	clean
rxn54586	clean
rxn54588	clean
rxn54589	clean
rxn54590	clean
rxn54591	clean
rxn54599	salvaged
rxn54600	salvaged
rxn54601	clean
rxn54605	clean
rxn54614	clean
rxn54619	clean
rxn54628	salvaged
rxn54636	clean
rxn54638	clean
rxn54643	clean
rxn54644	clean
rxn54645	clean
rxn54646	clean
rxn54659	clean
rxn54664	clean
rxn54665	clean
rxn54672	clean
rxn54680	clean
rxn54681	salvaged
rxn54726	clean
rxn54729	clean
rxn54730	clean
rxn54731	clean
rxn54734	clean
rxn54735	clean
rxn54739	clean
rxn54751	clean
rxn54760	clean
rxn54770	salvaged
rxn54771	clean
rxn54773	clean
rxn54776	clean
rxn54780	clean
rxn54781	clean
rxn54783	clean
rxn54784	clean
rxn54801	clean
rxn54804	clean
rxn54810	clean
rxn54812	salvaged
rxn54815	clean
rxn54832	salvaged
rxn54860	clean
rxn54872	clean
rxn54873	salvaged
rxn54874	salvaged
rxn54875	clean
rxn54877	clean
rxn54878	clean
rxn54880	clean
rxn54887	clean
rxn54892	clean
rxn54893	clean
rxn54901	clean
rxn54902	clean
rxn54910	clean
rxn54911	clean
rxn54917	clean
rxn54921	clean
rxn54922	clean
rxn54928	salvaged
rxn54931	salvaged
rxn54934	clean
rxn54935	clean
rxn54936	clean
rxn54937	clean
rxn54971	clean
rxn54972	clean
rxn54995	clean
rxn54998	clean
rxn55011	clean
rxn55012	clean
rxn55014	clean
rxn55016	clean
rxn55017	clean
rxn55018	salvaged
rxn55020	clean
rxn55021	clean
rxn55031	clean
rxn55032	clean
rxn55033	clean
rxn55034	clean
rxn55035	clean
rxn55036	clean
rxn55037	clean
rxn55038	clean
rxn55039	clean
rxn55040	clean
rxn55041	clean
rxn55042	clean
rxn55043	clean
rxn55053	clean
rxn55069	clean
rxn55094	clean
rxn55096	clean
rxn55097	clean
rxn55113	clean
rxn55117	clean
rxn55119	clean
rxn55120	clean
rxn55125	clean
rxn55145	clean
rxn55151	clean
rxn55154	clean
rxn55157	clean
rxn55171	salvaged
rxn55176	clean
rxn55178	clean
rxn55195	clean
rxn55198	clean
rxn55199	salvaged
rxn55200	salvaged
rxn55201	salvaged
rxn55202	clean
rxn55203	clean
rxn55204	clean
rxn55205	clean
rxn55217	clean
rxn55222	clean
rxn55223	clean
rxn55224	clean
rxn55225	salvaged
rxn55226	clean
rxn55245	salvaged
rxn55252	clean
rxn55257	clean
rxn55282	salvaged
rxn55283	clean
rxn55284	clean
rxn55285	salvaged
rxn55290	clean
rxn55295	salvaged
rxn55296	salvaged
rxn55301	salvaged
rxn55319	clean
rxn55326	clean
rxn55339	clean
rxn55364	clean
rxn55368	clean
rxn55371	clean
rxn55372	clean
rxn55373	clean
rxn55383	clean
rxn55390	salvaged
rxn55391	clean
rxn55402	clean
rxn55415	clean
rxn55416	salvaged
rxn55417	clean
rxn55436	clean
rxn55442	clean
rxn55443	clean
rxn55451	clean
rxn55454	salvaged
rxn55468	clean
rxn55469	clean
rxn55472	clean
rxn55473	clean
rxn55476	clean
rxn55477	clean
rxn55478	clean
rxn55479	salvaged
rxn55491	clean
rxn55492	clean
rxn55517	salvaged
rxn55518	salvaged
rxn55529	clean
rxn55530	clean
rxn55539	salvaged
rxn55554	clean
rxn55556	salvaged
rxn55560	clean
rxn55570	salvaged
rxn55581	clean
rxn55621	clean
rxn55632	salvaged
rxn55639	salvaged
rxn55645	clean
rxn55646	clean
rxn55648	clean
rxn55654	clean
rxn55655	clean
rxn55656	clean
rxn55669	clean
rxn55672	clean
rxn55675	clean
rxn55676	clean
rxn55680	clean
rxn55682	clean
rxn55692	clean
rxn55693	clean
rxn55704	clean
rxn55715	clean
rxn55719	clean
rxn55720	salvaged
rxn55737	clean
rxn55743	clean
rxn55744	clean
rxn55749	clean
rxn55759	salvaged
rxn55760	salvaged
rxn55761	clean
rxn55764	clean
rxn55794	clean
rxn55813	clean
rxn55815	clean
rxn55816	clean
rxn55819	clean
rxn55820	salvaged
rxn55831	clean
rxn55854	clean
rxn55857	clean
rxn55858	clean
rxn55859	clean
rxn55860	clean
rxn55866	clean
rxn55867	clean
rxn55868	clean
rxn55886	clean
rxn55892	clean
rxn55917	clean
rxn55918	clean
rxn55937	clean
rxn55957	clean
rxn55960	salvaged
rxn55961	salvaged
rxn55971	clean
rxn55972	clean
rxn55973	clean
rxn55974	clean
rxn55975	clean
rxn55976	clean
rxn55977	clean
rxn55978	clean
rxn55982	clean
rxn55986	clean
rxn55987	clean
rxn55988	clean
rxn55990	clean
rxn55993	clean
rxn56003	clean
rxn56004	clean
rxn56006	clean
rxn56007	clean
rxn56008	clean
rxn56009	clean
rxn56010	clean
rxn56011	clean
rxn56012	clean
rxn56013	clean
rxn56014	clean
rxn56015	clean
rxn56016	clean
rxn56017	clean
rxn56018	clean
rxn56019	clean
rxn56020	clean
rxn56021	clean
rxn56022	clean
rxn56023	clean
rxn56024	clean
rxn56025	clean
rxn56026	clean
rxn56027	clean
rxn56031	clean
rxn56032	clean
rxn56038	clean
rxn56041	clean
rxn56042	clean
rxn56045	clean
rxn56073	clean
rxn56074	clean
rxn56075	clean
rxn56076	clean
rxn56077	clean
rxn56078	clean
rxn56079	clean
rxn56080	clean
rxn56081	clean
rxn56082	clean
rxn56083	clean
rxn56084	clean
rxn56085	clean
rxn56087	clean
rxn56088	clean
rxn56089	clean
rxn56110	clean
rxn56121	clean
rxn56125	clean
rxn56136	clean
rxn56137	clean
rxn56141	clean
rxn56150	clean
rxn56153	clean
rxn56154	clean
rxn56155	clean
rxn56156	clean
rxn56157	clean
rxn56159	clean
rxn56160	clean
rxn56161	clean
rxn56162	clean
rxn56163	clean
rxn56164	clean
rxn56175	salvaged
rxn56182	clean
rxn56183	clean
rxn56184	clean
rxn56194	clean
rxn56195	clean
rxn56199	clean
rxn56212	clean
rxn56213	salvaged
rxn56214	salvaged
rxn56215	salvaged
rxn56234	clean
rxn56235	clean
rxn56236	clean
rxn56237	clean
rxn56249	clean
rxn56261	clean
rxn56273	clean
rxn56291	clean
rxn56293	clean
rxn56314	clean
rxn56317	clean
rxn56320	clean
rxn56366	clean
rxn56367	clean
rxn56374	clean
rxn56375	clean
rxn56376	clean
rxn56377	clean
rxn56378	clean
rxn56380	clean
rxn56411	salvaged
rxn56418	clean
rxn56423	salvaged
rxn56428	clean
rxn56439	clean
rxn56440	clean
rxn56441	clean
rxn56442	clean
rxn56443	clean
rxn56444	clean
rxn56446	clean
rxn56470	clean
rxn56472	clean
rxn56491	salvaged
rxn56492	salvaged
rxn56493	salvaged
rxn56494	salvaged
rxn56495	salvaged
rxn56496	salvaged
rxn56497	salvaged
rxn56498	clean
rxn56508	clean
rxn56518	clean
rxn56527	clean
rxn56532	clean
rxn56533	clean
rxn56540	clean
rxn56546	clean
rxn56547	clean
rxn56549	clean
rxn56550	clean
rxn56554	clean
rxn56555	clean
rxn56557	clean
rxn56558	clean
rxn56559	clean
rxn56560	clean
rxn56566	clean
rxn56567	clean
rxn56587	clean
rxn56595	salvaged
rxn56597	clean
rxn56598	clean
rxn56599	clean
rxn56600	clean
rxn56601	clean
rxn56602	clean
rxn56603	clean
rxn56604	clean
rxn56606	clean
rxn56613	clean
rxn56615	clean
rxn56617	clean
rxn56618	clean
rxn56620	clean
rxn56621	clean
rxn56622	clean
rxn56623	clean
rxn56624	clean
rxn56625	clean
rxn56626	clean
rxn56627	clean
rxn56628	clean
rxn56629	clean
rxn56630	clean
rxn56631	clean
rxn56632	clean
rxn56635	clean
rxn56646	clean
rxn56658	clean
rxn56659	clean
rxn56660	clean
rxn56661	clean
rxn56663	salvaged
rxn56664	clean
rxn56665	clean
rxn56666	clean
rxn56667	salvaged
rxn56670	clean
rxn56680	salvaged
rxn56689	clean
rxn56690	clean
rxn56695	clean
rxn56699	clean
rxn56704	clean
rxn56708	salvaged
rxn56711	clean
rxn56716	clean
rxn56721	clean
rxn56722	clean
rxn56729	clean
rxn56730	clean
rxn56731	clean
rxn56735	salvaged
rxn56738	clean
rxn56741	clean
rxn56743	clean
rxn56744	clean
rxn56745	clean
rxn56746	clean
rxn56754	clean
rxn56757	salvaged
rxn56758	clean
rxn56759	clean
rxn56760	clean
rxn56762	clean
rxn56765	clean
rxn56778	clean
rxn56788	clean
rxn56789	clean
rxn56792	clean
rxn56807	clean
rxn56809	clean
rxn56811	clean
rxn56813	clean
rxn56815	salvaged
rxn56816	salvaged
rxn56817	salvaged
rxn56822	clean
rxn56825	clean
rxn56830	clean
rxn56842	clean
rxn56843	clean
rxn56870	clean
rxn56871	clean
rxn56882	clean
rxn56890	clean
rxn56897	clean
rxn56916	clean
rxn56928	clean
rxn56933	clean
rxn56935	clean
rxn56936	clean
rxn56939	clean
rxn56949	salvaged
rxn56950	clean
rxn56966	clean
rxn56968	clean
rxn56969	clean
rxn56974	clean
rxn56975	clean
rxn56978	clean
rxn56980	clean
rxn56994	clean
rxn56995	clean
rxn56996	clean
rxn56997	clean
rxn56998	clean
rxn56999	clean
rxn57002	clean
rxn57004	clean
rxn57006	clean
rxn57007	clean
rxn57009	clean
rxn57021	salvaged
rxn57027	salvaged
rxn57029	clean
rxn57032	clean
rxn57033	clean
rxn57034	clean
rxn57041	clean
rxn57044	salvaged
rxn57057	clean
rxn57064	clean
rxn57065	clean
rxn57077	salvaged
rxn57078	salvaged
rxn57085	salvaged
rxn57094	clean
rxn57095	clean
rxn57098	clean
rxn57104	clean
rxn57107	salvaged
rxn57108	clean
rxn57111	salvaged
rxn57112	salvaged
rxn57116	clean
rxn57117	clean
rxn57118	salvaged
rxn57120	salvaged
rxn57125	clean
rxn57133	salvaged
rxn57141	salvaged
rxn57147	salvaged
rxn57148	clean
rxn57158	clean
rxn57173	clean
rxn57177	salvaged
rxn57178	clean
rxn57180	clean
rxn57182	salvaged
rxn57192	salvaged
rxn57196	salvaged
rxn57199	salvaged
rxn57211	clean
rxn57212	salvaged
rxn57214	clean
rxn57220	clean
rxn57223	salvaged
rxn57230	clean
rxn57231	clean
rxn57245	salvaged
rxn57246	salvaged
rxn57251	clean
rxn57253	salvaged
rxn57256	clean
rxn57261	salvaged
rxn57262	salvaged
rxn57264	clean
rxn57265	clean
rxn57267	clean
rxn57269	clean
rxn57270	clean
rxn57277	salvaged
rxn57282	clean
rxn57291	salvaged
rxn57293	clean
rxn57296	salvaged
rxn57297	clean
rxn57298	salvaged
rxn57302	clean
rxn57322	salvaged
rxn57325	clean
rxn57327	clean
rxn57328	clean
rxn57357	salvaged
rxn57387	clean
rxn57408	clean
rxn57433	clean
rxn57440	salvaged
rxn57467	clean
rxn57480	clean
rxn57497	salvaged
rxn57518	clean
rxn57564	clean
rxn57603	salvaged
rxn57607	clean
rxn57608	clean
rxn57610	salvaged
rxn57611	salvaged
rxn57616	salvaged
rxn57628	clean
rxn57634	clean
rxn57635	clean
rxn57657	clean
rxn57666	salvaged
rxn57670	clean
rxn57682	clean
rxn57689	salvaged
rxn57690	clean
rxn57691	salvaged
rxn57704	salvaged
rxn57713	clean
rxn57719	clean
rxn57729	clean
rxn57773	clean
rxn57774	salvaged
rxn57776	clean
rxn57791	clean
rxn57803	salvaged
rxn57820	clean
rxn57839	salvaged
rxn57852	clean
rxn57859	clean
rxn57873	clean
rxn57875	salvaged
rxn57879	clean
rxn57883	salvaged
rxn57890	clean
rxn57891	clean
rxn57903	salvaged
rxn57915	clean
rxn57916	clean
rxn57931	clean
rxn57938	clean
rxn57952	clean
rxn57969	clean
rxn57987	salvaged
rxn58006	clean
rxn58008	clean
rxn58011	clean
rxn58014	clean
rxn58017	clean
rxn58025	clean
rxn58039	salvaged
rxn58081	clean
rxn58113	clean
rxn58139	clean
rxn58151	clean
rxn58156	salvaged
rxn58158	clean
rxn58178	salvaged
rxn58188	clean
rxn58214	salvaged
rxn58215	salvaged
rxn58231	salvaged
rxn58236	salvaged
rxn58247	clean
rxn58251	clean
rxn58255	clean
rxn58264	salvaged
rxn58265	salvaged
rxn58268	clean
rxn58269	clean
rxn58300	salvaged
rxn58303	salvaged
rxn58310	salvaged
rxn58318	clean
rxn58322	clean
rxn58324	salvaged
rxn58328	salvaged
rxn58333	clean
rxn58344	clean
rxn58364	clean
rxn58367	clean
rxn58370	clean
rxn58372	salvaged
rxn58375	clean
rxn58377	clean
rxn58379	clean
rxn58380	salvaged
rxn58381	clean
rxn58387	clean
rxn58390	clean
rxn58393	clean
rxn58397	clean
rxn58398	clean
rxn58404	clean
rxn58406	salvaged
rxn58410	salvaged
rxn58413	clean
rxn58416	salvaged
rxn58418	clean
rxn58419	salvaged
rxn58422	clean
rxn58423	salvaged
rxn58425	clean
rxn58429	salvaged
rxn58430	clean
rxn58434	clean
rxn58435	clean
rxn58437	salvaged
rxn58440	clean
rxn58453	clean
rxn58454	salvaged
rxn58456	clean
rxn58458	clean
rxn58462	clean
rxn58471	clean
rxn58472	clean
rxn58476	salvaged
rxn58477	salvaged
rxn58480	salvaged
rxn58481	salvaged
rxn58482	clean
rxn58486	salvaged
rxn58495	clean
rxn58496	salvaged
rxn58500	clean
rxn58501	clean
rxn58506	clean
rxn58507	clean
rxn58517	clean
rxn58520	clean
rxn58523	clean
rxn58527	clean
rxn58533	salvaged
rxn58534	salvaged
rxn58535	clean
rxn58537	clean
rxn58538	clean
rxn58539	clean
rxn58543	clean
rxn58546	clean
rxn58547	salvaged
rxn58549	clean
rxn58551	clean
rxn58552	clean
rxn58553	clean
rxn58554	salvaged
rxn58555	clean
rxn58559	clean
rxn58561	clean
rxn58562	clean
rxn58563	salvaged
rxn58565	salvaged
rxn58569	clean
rxn58572	salvaged
rxn58573	clean
rxn58574	salvaged
rxn58576	clean
rxn58578	clean
rxn58580	clean
rxn58583	salvaged
rxn58584	clean
rxn58589	clean
rxn58591	salvaged
rxn58592	clean
rxn58593	clean
rxn58595	salvaged
rxn58596	salvaged
rxn58597	salvaged
rxn58598	salvaged
rxn58599	clean
rxn58601	clean
rxn58603	salvaged
rxn58605	clean
rxn58610	clean
rxn58612	clean
rxn58621	clean
rxn58624	clean
rxn58625	clean
rxn58629	clean
rxn58630	clean
rxn58631	clean
rxn58632	clean
rxn58634	clean
rxn58635	clean
rxn58636	clean
rxn58640	salvaged
rxn58645	clean
rxn58647	clean
rxn58650	clean
rxn58653	clean
rxn58655	clean
rxn58657	clean
rxn58665	salvaged
rxn58667	clean
rxn58668	clean
rxn58669	clean
rxn58672	clean
rxn58675	clean
rxn58676	clean
rxn58682	salvaged
rxn58691	clean
rxn58695	salvaged
rxn58696	clean
rxn58697	clean
rxn58700	clean
rxn58702	salvaged
rxn58703	clean
rxn58705	clean
rxn58710	clean
rxn58714	clean
rxn58715	clean
rxn58717	clean
rxn58720	salvaged
rxn58721	clean
rxn58723	clean
rxn58732	clean
rxn58741	clean
rxn58745	clean
rxn58746	clean
rxn58748	clean
rxn58753	clean
rxn58754	clean
rxn58756	clean
rxn58759	clean
rxn58760	clean
rxn58761	clean
rxn58764	clean
rxn58766	clean
rxn58769	salvaged
rxn58771	clean
rxn58772	clean
rxn58773	clean
rxn58774	clean
rxn58775	clean
rxn58780	salvaged
rxn58783	clean
rxn58787	clean
rxn58788	clean
rxn58789	salvaged
rxn58790	salvaged
rxn58791	clean
rxn58795	clean
rxn58796	salvaged
rxn58799	clean
rxn58801	clean
rxn58802	clean
rxn58805	clean
rxn58809	salvaged
rxn58814	clean
rxn58815	salvaged
rxn58821	clean
rxn58829	clean
rxn58830	salvaged
rxn58832	clean
rxn58835	salvaged
rxn58836	salvaged
rxn58839	salvaged
rxn58844	clean
rxn58849	salvaged
rxn58850	clean
rxn58853	salvaged
rxn58854	clean
rxn58857	clean
rxn58859	clean
rxn58860	salvaged
rxn58861	clean
rxn58865	salvaged
rxn58870	clean
rxn58872	clean
rxn58876	salvaged
rxn58877	clean
rxn58879	clean
rxn58897	clean
rxn58898	clean
rxn58902	clean
rxn58905	salvaged
rxn58910	clean
rxn58912	clean
rxn58913	clean
rxn58916	salvaged
rxn58923	clean
rxn58929	salvaged
rxn58930	clean
rxn58932	clean
rxn58939	clean
rxn58940	salvaged
rxn58946	clean
rxn58950	salvaged
rxn58953	salvaged
rxn58960	salvaged
rxn58966	salvaged
rxn58969	salvaged
rxn58974	clean
rxn58979	clean
rxn58982	clean
rxn58987	clean
rxn58992	clean
rxn58994	clean
rxn58999	salvaged
rxn59001	salvaged
rxn59004	clean
rxn59006	clean
rxn59013	clean
rxn59017	clean
rxn59025	clean
rxn59026	salvaged
rxn59031	salvaged
rxn59033	salvaged
rxn59047	salvaged
rxn59050	clean
rxn59066	salvaged
rxn59071	clean
rxn59075	clean
rxn59080	salvaged
rxn59086	clean
rxn59089	clean
rxn59107	clean
rxn59114	clean
rxn59126	clean
rxn59127	clean
rxn59133	clean
rxn59137	clean
rxn59139	clean
rxn59144	salvaged
rxn59233	salvaged
rxn59251	clean
rxn59252	clean
rxn59258	clean
rxn59260	clean
rxn59262	clean
rxn59264	clean
rxn59265	clean
rxn59267	clean
rxn59276	clean
rxn59279	clean
rxn59284	clean
rxn59285	clean
rxn59286	clean
rxn59292	clean
rxn59300	clean
rxn59302	clean
rxn59306	clean
rxn59311	clean
rxn59312	clean
rxn59315	salvaged
rxn59321	clean
rxn59322	salvaged
rxn59323	clean
rxn59324	clean
rxn59326	clean
rxn59327	clean
rxn59332	clean
rxn59341	clean
rxn59349	clean
rxn59355	clean
rxn59357	clean
rxn59360	salvaged
rxn59362	clean
rxn59367	clean
rxn59380	clean
rxn59382	clean
rxn59390	clean
rxn59394	clean
rxn59401	clean
rxn59405	clean
rxn59407	clean
rxn59408	clean
rxn59409	salvaged
rxn59410	salvaged
rxn59411	clean
rxn59421	clean
rxn59427	salvaged
rxn59428	salvaged
rxn59433	clean
rxn59435	salvaged
rxn59443	clean
rxn59446	salvaged
rxn59456	clean
rxn59463	clean
rxn59467	salvaged
rxn59471	salvaged
rxn59474	clean
rxn59475	salvaged
rxn59479	clean
rxn59480	salvaged
rxn59483	salvaged
rxn59487	clean
rxn59490	clean
rxn59496	clean
rxn59500	clean
rxn59503	clean
rxn59506	clean
rxn59508	clean
rxn59512	clean
rxn59518	clean
rxn59521	clean
rxn59525	clean
rxn59533	clean
rxn59541	salvaged
rxn59543	clean
rxn59552	salvaged
rxn59556	salvaged
rxn59559	clean
rxn59562	salvaged
rxn59565	salvaged
rxn59572	salvaged
rxn59574	clean
rxn59576	clean
rxn59588	clean
rxn59592	salvaged
rxn59597	clean
rxn59599	clean
rxn59600	clean
rxn59606	clean
rxn59613	clean
rxn59617	salvaged
rxn59628	clean
rxn59631	clean
rxn59640	clean
rxn59649	clean
rxn59653	salvaged
rxn59654	clean
rxn59657	clean
rxn59658	clean
rxn59659	salvaged
rxn59663	clean
rxn59664	clean
rxn59668	clean
rxn59674	clean
rxn59675	salvaged
rxn59678	salvaged
rxn59679	salvaged
rxn59682	clean
rxn59688	clean
rxn59692	clean
rxn59696	clean
rxn59705	salvaged
rxn59708	clean
rxn59714	salvaged
rxn59717	clean
rxn59719	clean
rxn59720	clean
rxn59726	clean
rxn59731	clean
rxn59741	clean
rxn59748	clean
rxn59749	clean
rxn59755	salvaged
rxn59766	salvaged
rxn59768	salvaged
rxn59783	clean
rxn59789	salvaged
rxn59795	salvaged
rxn59799	salvaged
rxn59805	clean
rxn59817	clean
rxn59818	clean
rxn59820	clean
rxn59833	clean
rxn59856	clean
rxn59860	salvaged
rxn59863	clean
rxn59865	salvaged
rxn59866	clean
rxn59867	salvaged
rxn59879	clean
rxn59886	clean
rxn59890	clean
rxn59891	clean
rxn59894	clean
rxn59896	clean
rxn59898	clean
rxn59902	salvaged
rxn59903	salvaged
rxn59905	clean
rxn59910	salvaged
rxn59913	clean
rxn59918	salvaged
rxn59927	clean
rxn59933	clean
rxn59936	salvaged
rxn59955	salvaged
rxn59967	salvaged
rxn59970	clean
rxn59973	clean
rxn59981	salvaged
rxn59988	clean
rxn59989	clean
rxn60003	salvaged
rxn60007	clean
rxn60012	clean
rxn60026	salvaged
rxn60032	clean
rxn60033	salvaged
rxn60035	clean
rxn60043	clean
rxn60047	clean
rxn60052	salvaged
rxn60055	clean
rxn60060	clean
rxn60061	salvaged
rxn60066	salvaged
rxn60070	clean
rxn60076	clean
rxn60087	clean
rxn60089	clean
rxn60094	salvaged
rxn60101	salvaged
rxn60112	clean
rxn60115	clean
rxn60116	salvaged
rxn60131	clean
rxn60141	salvaged
rxn60152	clean
rxn60164	clean
rxn60168	salvaged
rxn60171	salvaged
rxn60176	clean
rxn60184	clean
rxn60198	salvaged
rxn60201	clean
rxn60203	clean
rxn60204	salvaged
rxn60205	clean
rxn60207	clean
rxn60210	salvaged
rxn60214	clean
rxn60217	clean
rxn60218	clean
rxn60224	clean
rxn60228	clean
rxn60235	clean
rxn60239	clean
rxn60241	clean
rxn60243	clean
rxn60248	salvaged
rxn60250	clean
rxn60253	clean
rxn60257	clean
rxn60259	salvaged
rxn60263	clean
rxn60264	clean
rxn60269	salvaged
rxn60270	clean
rxn60272	clean
rxn60282	clean
rxn60291	clean
rxn60296	salvaged
rxn60304	salvaged
rxn60305	salvaged
rxn60309	clean
rxn60316	clean
rxn60319	clean
rxn60321	clean
rxn60333	clean
rxn60335	clean
rxn60336	clean
rxn60342	clean
rxn60349	clean
rxn60359	clean
rxn60361	clean
rxn60363	salvaged
rxn60365	salvaged
rxn60366	salvaged
rxn60368	clean
rxn60369	salvaged
rxn60374	clean
rxn60378	clean
rxn60381	clean
rxn60382	salvaged
rxn60384	clean
rxn60386	salvaged
rxn60387	salvaged
rxn60388	salvaged
rxn60390	salvaged
rxn60393	clean
rxn60395	clean
rxn60399	clean
rxn60405	clean
rxn60406	clean
rxn60420	salvaged
rxn60423	clean
rxn60424	clean
rxn60442	salvaged
rxn60443	salvaged
rxn60445	clean
rxn60451	clean
rxn60453	clean
rxn60460	clean
rxn60467	clean
rxn60469	salvaged
rxn60475	salvaged
rxn60483	clean
rxn60490	clean
rxn60498	clean
rxn60499	salvaged
rxn60501	clean
rxn60505	clean
rxn60512	clean
rxn60518	salvaged
rxn60526	clean
rxn60531	salvaged
rxn60532	clean
rxn60540	salvaged
rxn60546	salvaged
rxn60554	salvaged
rxn60558	clean
rxn60565	clean
rxn60567	salvaged
rxn60568	salvaged
rxn60581	clean
rxn60582	salvaged
rxn60584	clean
rxn60595	clean
rxn60598	clean
rxn60606	clean
rxn60611	clean
rxn60612	salvaged
rxn60615	salvaged
rxn60620	salvaged
rxn60633	salvaged
rxn60642	salvaged
rxn60643	clean
rxn60646	salvaged
rxn60648	salvaged
rxn60660	clean
rxn60663	clean
rxn60666	salvaged
rxn60673	salvaged
rxn60674	clean
rxn60677	clean
rxn60682	salvaged
rxn60683	salvaged
rxn60689	salvaged
rxn60700	clean
rxn60702	salvaged
rxn60710	clean
rxn60723	clean
rxn60729	salvaged
rxn60730	clean
rxn60731	clean
rxn60732	clean
rxn60736	clean
rxn60737	clean
rxn60739	clean
rxn60740	clean
rxn60741	clean
rxn60742	salvaged
rxn60743	clean
rxn60744	clean
rxn60745	salvaged
rxn60746	clean
rxn60747	salvaged
rxn60748	clean
rxn60749	clean
rxn60751	clean
rxn60752	clean
rxn60755	clean
rxn60756	clean
rxn60758	clean
rxn60759	clean
rxn60760	salvaged
rxn60761	clean
rxn60763	clean
rxn60764	clean
rxn60765	salvaged
rxn60766	clean
rxn60767	salvaged
rxn60768	clean
rxn60770	clean
rxn60771	clean
rxn60772	clean
rxn60774	clean
rxn60775	clean
rxn60776	clean
rxn60777	clean
rxn60779	clean
rxn60781	clean
rxn60782	clean
rxn60783	clean
rxn60784	clean
rxn60785	clean
rxn60786	clean
rxn60788	clean
rxn60790	clean
rxn60791	clean
rxn60792	clean
rxn60793	clean
rxn60794	clean
rxn60795	salvaged
rxn60796	clean
rxn60797	clean
rxn60798	clean
rxn60799	clean
rxn60800	salvaged
rxn60802	salvaged
rxn60804	salvaged
rxn60805	salvaged
rxn60806	salvaged
rxn60807	salvaged
rxn60809	salvaged
rxn60810	salvaged
rxn60812	salvaged
rxn60813	salvaged
rxn60815	salvaged
rxn60816	salvaged
rxn60817	salvaged
rxn60818	salvaged
rxn60820	salvaged
rxn60822	salvaged
rxn60823	salvaged
rxn60825	salvaged
rxn60826	salvaged
rxn60827	salvaged
rxn60828	salvaged
rxn60829	salvaged
rxn60831	salvaged
rxn60832	salvaged
rxn60833	salvaged
rxn60834	salvaged
rxn60835	salvaged
rxn60836	salvaged
rxn60837	salvaged
rxn60839	salvaged
rxn60841	salvaged
rxn60842	salvaged
rxn60847	salvaged
rxn60848	salvaged
rxn60849	salvaged
rxn60855	salvaged
rxn60856	salvaged
