cpd_id	conflict_type	reason	pubchem_cid	stored_inchikey	pubchem_inchikey
cpd00028	STEREO_DIFF_REJECTED	STEREO_DIFF rejected: PubChem has fewer defined stereocenters (0 vs 4)	444097	KABFMIBPWCXCRK-RGGAHWMASA-J	KABFMIBPWCXCRK-UHFFFAOYSA-L
cpd00059	XREF_CONFLICT			PJBQWWHYTVYMLO-LZUUPNLKSA-N	
cpd00088	MISMATCH	MISMATCH: IGNORE:tautomer_connectivity (same heavy-atom connectivity, different H positions — tautomer not recognized by RDKit enumerator) — requires manual review	13726	CCBICDLNWJRFPO-UHFFFAOYSA-N	FBWADIKARMIWNM-UHFFFAOYSA-N
cpd00121	STEREO_DIFF_REJECTED	STEREO_DIFF rejected: PubChem has fewer defined stereocenters (0 vs 6)	892	CDAISMWEOUEBRE-GPIVLXJGSA-N	CDAISMWEOUEBRE-UHFFFAOYSA-N
cpd00219	STEREO_DIFF_REJECTED	STEREO_DIFF rejected: PubChem has fewer defined stereocenters (0 vs 2)	5460303	FPWMCUPFBRFMLH-XGAOUMNUSA-L	FPWMCUPFBRFMLH-UHFFFAOYSA-L
cpd00247	XREF_CONFLICT			WAKGPBXZGKVQRR-UHFFFAOYSA-M	
cpd00248	STEREO_DIFF_REJECTED	STEREO_DIFF rejected: PubChem has fewer defined stereocenters (2 vs 4)	1560034	AAWZDTNXLSGCEK-WYWMIBKRSA-M	AAWZDTNXLSGCEK-LNVDRNJUSA-M
cpd00271	MISMATCH	MISMATCH: IGNORE:protonation_only_inchi (same connectivity and stereo, differs in protonation) — requires manual review	439210	CRWNKXHVYMVLCY-UHFFFAOYSA-N	YAGKRVSRTSUGEY-UHFFFAOYSA-N
cpd00306	STEREO_DIFF_REJECTED	STEREO_DIFF rejected: PubChem has fewer defined stereocenters (2 vs 3)	6912	HEBKCHPVOIAQTA-SCDXWVJYSA-N	HEBKCHPVOIAQTA-NGQZWQHPSA-N
cpd00366	STEREO_DIFF_REJECTED	STEREO_DIFF rejected: PubChem has fewer defined stereocenters (2 vs 3)	6912	HEBKCHPVOIAQTA-ZXFHETKHSA-N	HEBKCHPVOIAQTA-NGQZWQHPSA-N
cpd00389	XREF_CONFLICT			QBUVFDKTZJNUPP-BBROENKCSA-L	
cpd00413	STEREO_DIFF_REJECTED	STEREO_DIFF rejected: stereo_inversion: 1 of 5 shared stereocenters have different configuration	45266604	SYKWLIJQEHRDNH-BKVOKWOXSA-I	SYKWLIJQEHRDNH-CKRMAKSASA-I
cpd00518	XREF_CONFLICT			DDPPREQYAUMLKI-UHFFFAOYSA-M	
cpd00524	STEREO_DIFF_REJECTED	STEREO_DIFF rejected: PubChem has fewer defined stereocenters (4 vs 5)	439294	VYEGBDHSGHXOGT-HYFGLKJPSA-N	VYEGBDHSGHXOGT-ZLIBEWLCSA-N
cpd00532	MISMATCH	MISMATCH: IGNORE:tautomer (same canonical tautomer, stored form curated for biological relevance) — requires manual review	5359597	MXDZWXWHPVATGF-UHFFFAOYSA-N	OUUQCZGPVNCOIJ-UHFFFAOYSA-M
cpd00624	STEREO_DIFF_REJECTED	STEREO_DIFF rejected: PubChem has fewer defined stereocenters (4 vs 6)	44123424	MSXMXWJPFIDEMT-FAEUDGQSSA-P	MSXMXWJPFIDEMT-XGNJAFTASA-P
cpd00635	XREF_CONFLICT			OMAOKVYASDIYQG-FSANSEACSA-N	
cpd00718	XREF_CONFLICT			RMHHUKGVZFVHED-UHFFFAOYSA-L	
cpd00730	XREF_CONFLICT			YOZNUFWCRFCGIH-UVKKECPRSA-M	
cpd00732	STEREO_DIFF_REJECTED	STEREO_DIFF rejected: PubChem has fewer defined stereocenters (1 vs 3)	439361	LNGMWZFHTXFDNM-RBDZCENOSA-L	LNGMWZFHTXFDNM-UYVLXELHSA-N
cpd00766	XREF_CONFLICT			PJBQWWHYTVYMLO-LZUUPNLKSA-N	
cpd00859	XREF_CONFLICT			DHNVVTOKDLDFRY-JWMKEVCDSA-L	
cpd00867	STEREO_DIFF_REJECTED	STEREO_DIFF rejected: PubChem has fewer defined stereocenters (4 vs 6)	5288642	INAPMGSXUVUWAF-UOTPTPDRSA-L	INAPMGSXUVUWAF-GCVPSNMTSA-L
cpd00885	STEREO_DIFF_REJECTED	STEREO_DIFF rejected: PubChem has fewer defined stereocenters (0 vs 6)	21584050	IMQLKJBTEOYOSI-GPIVLXJGSA-B	IMQLKJBTEOYOSI-UHFFFAOYSA-B
cpd00898	STEREO_DIFF_REJECTED	STEREO_DIFF rejected: PubChem has fewer defined stereocenters (4 vs 6)	25203530	PELZSPZCXGTUMR-RTPHHQFDSA-J	PELZSPZCXGTUMR-MBEOBJKWSA-J
cpd00902	STEREO_DIFF_REJECTED	STEREO_DIFF rejected: PubChem has fewer defined stereocenters (5 vs 7)	45480544	BMVUIWJCUQSHLZ-UJGXJMNGSA-M	BMVUIWJCUQSHLZ-YFZGBAIXSA-M
cpd00910	STEREO_DIFF_REJECTED	STEREO_DIFF rejected: PubChem has fewer defined stereocenters (9 vs 11)	11727586	VCWMRQDBPZKXKG-DXNLKLAMSA-N	VCWMRQDBPZKXKG-ZNVDUFQESA-N
cpd00917	XREF_CONFLICT			KEHGGNZINCVUHY-UHFFFAOYSA-M	
cpd00931	XREF_CONFLICT			HHKDAYBJPZYULV-ABEFGGPWSA-L	
cpd00934	STEREO_DIFF_REJECTED	STEREO_DIFF rejected: PubChem has fewer defined stereocenters (4 vs 6)	24742076	CIPFCGZLFXVXBG-CNWJWELYSA-F	CIPFCGZLFXVXBG-FTSGZOCFSA-F
cpd00942	STEREO_DIFF_REJECTED	STEREO_DIFF rejected: PubChem has fewer defined stereocenters (4 vs 6)	25243876	AYESCHMRXGYEFV-CDRYSYESSA-M	AYESCHMRXGYEFV-UYSNGIAKSA-M
cpd00943	STEREO_DIFF_REJECTED	STEREO_DIFF rejected: PubChem has fewer defined stereocenters (4 vs 6)	23615305	CTPQAXVNYGZUAJ-KXXVROSKSA-D	CTPQAXVNYGZUAJ-UYSNGIAKSA-D
cpd00950	STEREO_DIFF_REJECTED	STEREO_DIFF rejected: PubChem has fewer defined stereocenters (4 vs 6)	25244678	LQSANMIGNWXLNF-CDRYSYESSA-M	LQSANMIGNWXLNF-UYSNGIAKSA-M
cpd00982	XREF_CONFLICT			SDBHOOIZTSVSKT-UDQMLWBPSA-L	
cpd00986	XREF_CONFLICT			QZMUBZJJJKIXKV-UHFFFAOYSA-K	
cpd01049	STEREO_DIFF_REJECTED	STEREO_DIFF rejected: PubChem has fewer defined stereocenters (2 vs 3)	21608699	RKUNBYITZUJHSG-SPUOUPEWSA-O	RKUNBYITZUJHSG-PJPHBNEVSA-O
cpd01053	XREF_CONFLICT			TYJXBNGPLHOYOB-UHFFFAOYSA-N	
cpd01054	XREF_CONFLICT			GXXLZZYHIIGRLP-UHFFFAOYSA-N	
cpd01102	STEREO_DIFF_REJECTED	STEREO_DIFF rejected: PubChem has fewer defined stereocenters (0 vs 2)	25201854	FHRSHSOEWXUORL-HDJSIYSDSA-N	FHRSHSOEWXUORL-UHFFFAOYSA-N
cpd01119	XREF_CONFLICT			XCILFXNAMITKHJ-UHFFFAOYSA-M	
cpd01206	XREF_CONFLICT			ZWVBCRHOFNVAHM-UHFFFAOYSA-N	
cpd01213	XREF_CONFLICT			HBILWMWQMIYRIH-UHFFFAOYSA-M	
cpd01270	XREF_CONFLICT			JNFNEOXSUODPSY-PIGZVRMJSA-L	
cpd01271	STEREO_DIFF_REJECTED	STEREO_DIFF rejected: stereo_inversion: 1 of 12 shared stereocenters have different configuration	25245928	SQTCRTQCPJICLD-OXOJELPBSA-M	SQTCRTQCPJICLD-KTQDUKAHSA-L
cpd01276	XREF_CONFLICT			ANEBWDNUQVPSJT-UHFFFAOYSA-L	
cpd01277	STEREO_DIFF_REJECTED	STEREO_DIFF rejected: PubChem has fewer defined stereocenters (4 vs 6)	439590	ANLMVXSIPASBFL-FAEUDGQSSA-O	ANLMVXSIPASBFL-XGNJAFTASA-N
cpd01314	MISMATCH	MISMATCH: IGNORE:protonation_only_inchi (same connectivity and stereo, differs in protonation) — requires manual review	9552077	ORXDSIPBTFAEKJ-UHFFFAOYSA-N	UETZVSHORCDDTH-UHFFFAOYSA-N
cpd01353	XREF_CONFLICT			RXUOIPOSAYNCNG-UHFFFAOYSA-L	
cpd01371	XREF_CONFLICT			SQNUFIVZRRTSMY-ZROIWOOFSA-N	
cpd01372	MISMATCH	MISMATCH: IGNORE:tautomer (same canonical tautomer, stored form curated for biological relevance) — requires manual review	56928062	LYLYJIOHMZZUCM-AUWJEWJLSA-N	LNJMXTRRBBPZDK-AUWJEWJLSA-N
cpd01373	XREF_CONFLICT			LRMIIPGBEJPRFV-OYKKKHCWSA-N	
cpd01396	STEREO_DIFF_REJECTED	STEREO_DIFF rejected: PubChem has fewer defined stereocenters (3 vs 4)	638022	RKUNBYITZUJHSG-FXUDXRNXSA-O	RKUNBYITZUJHSG-VFSICIBPSA-O
cpd01443	XREF_CONFLICT			ISENAISFXYMWIU-UHFFFAOYSA-M	
cpd01620	XREF_CONFLICT			MFZGAVZCDXXITC-RYDLPOMNSA-F	
cpd01624	XREF_CONFLICT			ZVMKTYCTECBPLO-UJJXFSCMSA-F	
cpd01644	XREF_CONFLICT			QTHJXLFFFTVYJC-UHFFFAOYSA-L	
cpd01707	STEREO_DIFF_REJECTED	STEREO_DIFF rejected: PubChem has fewer defined stereocenters (4 vs 5)	448760	DTFAJAKTSMLKAT-JDCCYXBGSA-P	DTFAJAKTSMLKAT-KFJBKXNJSA-P
cpd01708	STEREO_DIFF_REJECTED	STEREO_DIFF rejected: PubChem has fewer defined stereocenters (4 vs 5)	439769	PYSUDYHJSLFULD-JDCCYXBGSA-P	PYSUDYHJSLFULD-KFJBKXNJSA-N
cpd01820	XREF_CONFLICT			CXCVEERYMJZMMM-DOCRCCHOSA-N	
cpd01826	XREF_CONFLICT			RMRCNWBMXRMIRW-UVKKECPRSA-N	
cpd01828	XREF_CONFLICT			ZWPWSXGBDMGKKS-ZDUSSCGKSA-O	
cpd01836	STEREO_DIFF_REJECTED	STEREO_DIFF rejected: PubChem has fewer defined stereocenters (4 vs 5)	439826	CTNBESGEKMCKRZ-AACCOFLISA-N	CTNBESGEKMCKRZ-LXGUWJNJSA-N
cpd01845	STEREO_DIFF_REJECTED	STEREO_DIFF rejected: PubChem has fewer defined stereocenters (1 vs 5)	439833	QBPCOMNNISRCTC-KKNVGXODSA-K	QBPCOMNNISRCTC-JSSVAETHSA-L
cpd01854	XREF_CONFLICT			PTGHKNQEZNRQKY-UHFFFAOYSA-L	
cpd01856	XREF_CONFLICT			MVUXMIXDFMUPLL-INIZCTEOSA-M	
cpd01870	XREF_CONFLICT			AYEXWOVTMNUXLA-UHFFFAOYSA-M	
cpd01938	XREF_CONFLICT			NIEGKMCCQQIZFR-UHFFFAOYSA-M	
cpd01940	XREF_CONFLICT			SZINUGQCTHLQAZ-DQYPLSBCSA-M	
cpd02023	XREF_CONFLICT			PHEPLGMHXVPTHB-UHFFFAOYSA-O	
cpd02032	STEREO_DIFF_REJECTED	STEREO_DIFF rejected: PubChem has fewer defined stereocenters (4 vs 6)	439934	JOZGBZPOJJCPEP-FAEUDGQSSA-N	JOZGBZPOJJCPEP-XGNJAFTASA-N
cpd02035	STEREO_DIFF_REJECTED	STEREO_DIFF rejected: PubChem has fewer defined stereocenters (0 vs 4)	439935	FUTVBRXUIKZACV-RGGAHWMASA-J	FUTVBRXUIKZACV-UHFFFAOYSA-L
cpd02048	XREF_CONFLICT			DUAVZCXHIINBQU-ILGMQVKHSA-N	
cpd02082	STEREO_DIFF_REJECTED	STEREO_DIFF rejected: PubChem has fewer defined stereocenters (0 vs 2)	25201006	LPWHBGUXJFSETQ-XUTJKUGGSA-O	LPWHBGUXJFSETQ-UHFFFAOYSA-O
cpd02136	STEREO_DIFF_REJECTED	STEREO_DIFF rejected: PubChem has fewer defined stereocenters (4 vs 6)	439990	DSCFFEYYQKSRSV-GWJPIIGYSA-N	DSCFFEYYQKSRSV-MVWKSXLKSA-N
cpd02216	STEREO_DIFF_REJECTED	STEREO_DIFF rejected: PubChem has fewer defined stereocenters (0 vs 4)	440035	REJJDEGSUOCEEW-RGGAHWMASA-J	REJJDEGSUOCEEW-UHFFFAOYSA-L
cpd02230	STEREO_DIFF_REJECTED	STEREO_DIFF rejected: PubChem has fewer defined stereocenters (4 vs 6)	25200523	INAPMGSXUVUWAF-CNWJWELYSA-L	INAPMGSXUVUWAF-GFWFORPUSA-L
cpd02296	STEREO_DIFF_REJECTED	STEREO_DIFF rejected: PubChem has fewer defined stereocenters (4 vs 6)	440078	DSCFFEYYQKSRSV-AGZHHQKVSA-N	DSCFFEYYQKSRSV-DQUUFWEPSA-N
cpd02297	STEREO_DIFF_REJECTED	STEREO_DIFF rejected: PubChem has fewer defined stereocenters (4 vs 6)	440079	DSCFFEYYQKSRSV-ABXOWTNVSA-N	DSCFFEYYQKSRSV-WYANEKAJSA-N
cpd02299	MISMATCH	MISMATCH: IGNORE:wrong_mapping (formula: stored=C15H9O7, pubchem=C16H10O6) — requires manual review	5317777	LDAGXWNIKJJGNC-UHFFFAOYSA-M	GRMSSCUVELGNHC-UHFFFAOYSA-N
cpd02334	XREF_CONFLICT			INLPMDVWMSUUGE-CITAKDKDSA-J	
cpd02360	STEREO_DIFF_REJECTED	STEREO_DIFF rejected: PubChem has fewer defined stereocenters (0 vs 1)	6053	JCYPECIVGRXBMO-FOCLMDBBSA-N	JCYPECIVGRXBMO-UHFFFAOYSA-N
cpd02370	STEREO_DIFF_REJECTED	STEREO_DIFF rejected: stereo_inversion: 1 of 5 shared stereocenters have different configuration	135398031	YMJBYRVFGYXULK-DVKNGEFBSA-M	YMJBYRVFGYXULK-VFUOTHLCSA-M
cpd02388	STEREO_DIFF_REJECTED	STEREO_DIFF rejected: PubChem has fewer defined stereocenters (4 vs 5)	440133	LUFBHSYJRTVRIJ-JDCCYXBGSA-N	LUFBHSYJRTVRIJ-KFJBKXNJSA-N
cpd02397	STEREO_DIFF_REJECTED	STEREO_DIFF rejected: PubChem has fewer defined stereocenters (4 vs 6)	164619	DSCFFEYYQKSRSV-KLJZZCKASA-N	DSCFFEYYQKSRSV-FEPQRWDDSA-N
cpd02412	STEREO_DIFF_REJECTED	STEREO_DIFF rejected: PubChem has fewer defined stereocenters (4 vs 6)	440152	XUACNUJFOIKYPQ-HUSLANRSSA-N	XUACNUJFOIKYPQ-ONKIVUJISA-N
cpd02484	STEREO_DIFF_REJECTED	STEREO_DIFF rejected: PubChem has fewer defined stereocenters (4 vs 6)	5288700	INAPMGSXUVUWAF-PTQMNWPWSA-L	INAPMGSXUVUWAF-LXOASSSBSA-L
cpd02505	MISMATCH	MISMATCH: IGNORE:tautomer_connectivity (same heavy-atom connectivity, different H positions — tautomer not recognized by RDKit enumerator) — requires manual review	5360001	XGXCMUKDRZHNCO-UHFFFAOYSA-N	KCGKBOFRVKLKOO-CSKARUKUSA-N
cpd02509	XREF_CONFLICT			CZOAGDFHXVBGHF-RTTVZNRNSA-N	
cpd02512	STEREO_DIFF_REJECTED	STEREO_DIFF rejected: PubChem has fewer defined stereocenters (4 vs 6)	25201139	PUVHMWJJTITUGO-FICORBCRSA-J	PUVHMWJJTITUGO-WJPCITMWSA-J
cpd02540	XREF_CONFLICT			VYGYXAIGQZWAQC-UHFFFAOYSA-M	
cpd02572	XREF_CONFLICT			WHGVLEMQINVDLH-UHFFFAOYSA-K	
cpd02624	STEREO_DIFF_REJECTED	STEREO_DIFF rejected: PubChem has fewer defined stereocenters (4 vs 6)	25202575	LXQDZCCPYLOHOJ-CDRYSYESSA-O	LXQDZCCPYLOHOJ-UYSNGIAKSA-O
cpd02628	MISMATCH	MISMATCH: IGNORE:tautomer_connectivity (same heavy-atom connectivity, different H positions — tautomer not recognized by RDKit enumerator) — requires manual review	1561	NZPACTGCRWDXCJ-UHFFFAOYSA-N	ICTVCUOZYWNYHM-UHFFFAOYSA-N
cpd02633	STEREO_DIFF_REJECTED	STEREO_DIFF rejected: PubChem has fewer defined stereocenters (0 vs 1)	584437	AVLLFBZLCFQWSX-ICFOKQHNSA-N	AVLLFBZLCFQWSX-UHFFFAOYSA-N
cpd02665	STEREO_DIFF_REJECTED	STEREO_DIFF rejected: PubChem has fewer defined stereocenters (1 vs 2)	656502	WJOBFSVTSCWIDG-NGPGYTDTSA-N	WJOBFSVTSCWIDG-JTQLQIEISA-N
cpd02672	STEREO_DIFF_REJECTED	STEREO_DIFF rejected: PubChem has fewer defined stereocenters (2 vs 3)	25246283	WKDXBDTUVVLFQV-VFJABLNZSA-K	WKDXBDTUVVLFQV-CCAGOZQPSA-K
cpd02690	STEREO_DIFF_REJECTED	STEREO_DIFF rejected: PubChem has fewer defined stereocenters (0 vs 2)	19034555	HCFRWBBJISAZNK-IZLXSQMJSA-M	HCFRWBBJISAZNK-UHFFFAOYSA-M
cpd02717	MISMATCH	MISMATCH: IGNORE:tautomer_connectivity (same heavy-atom connectivity, different H positions — tautomer not recognized by RDKit enumerator) — requires manual review	54749447	ODTDYYZJDQGKQT-IHWYPQMZSA-K	QWLUKZXOQAQUFQ-QEFWFIIXSA-K
cpd02720	XREF_CONFLICT			SLULRZPTCAXXIF-DDVDLICKSA-L	
cpd02729	STEREO_DIFF_REJECTED	STEREO_DIFF rejected: PubChem has fewer defined stereocenters (4 vs 6)	25201336	ZAWIXNGTTZTBKV-JMVOWJSSSA-F	ZAWIXNGTTZTBKV-IUHIMVDQSA-F
cpd02731	XREF_CONFLICT			BTCPFTVUZHVHTH-UHFFFAOYSA-L	
cpd02732	XREF_CONFLICT			FKHGLVLIEVTAPC-UHFFFAOYSA-L	
cpd02734	XREF_CONFLICT			AXRIGONNYQSEEC-UHFFFAOYSA-L	
cpd02744	XREF_CONFLICT			KNWAMQUNKQMNJO-UHFFFAOYSA-N	
cpd02761	XREF_CONFLICT			KDJYFFFEAMHFCZ-UHFFFAOYSA-M	
cpd02762	STEREO_DIFF_REJECTED	STEREO_DIFF rejected: PubChem has fewer defined stereocenters (0 vs 4)	440377	JHTBRMHXRULRGV-NCCDZXNNSA-L	JHTBRMHXRULRGV-UHFFFAOYSA-M
cpd02780	STEREO_DIFF_REJECTED	STEREO_DIFF rejected: PubChem has fewer defined stereocenters (4 vs 6)	25245416	CTPQAXVNYGZUAJ-XCMZKKERSA-D	CTPQAXVNYGZUAJ-WWHKVMGRSA-D
cpd02788	STEREO_DIFF_REJECTED	STEREO_DIFF rejected: PubChem has fewer defined stereocenters (4 vs 6)	25246002	CTPQAXVNYGZUAJ-UOTPTPDRSA-D	CTPQAXVNYGZUAJ-LXOASSSBSA-D
cpd02800	STEREO_DIFF_REJECTED	STEREO_DIFF rejected: PubChem has fewer defined stereocenters (2 vs 3)	5280703	ZFVKKBAQVWQQHP-OIWUYTFDSA-M	ZFVKKBAQVWQQHP-YJRMMAQJSA-N
cpd02809	STEREO_DIFF_REJECTED	STEREO_DIFF rejected: PubChem has fewer defined stereocenters (8 vs 10)	46173731	RBVNENAKUTUHCM-WLTDUWBPSA-N	RBVNENAKUTUHCM-KBGLIUAJSA-N
cpd02828	XREF_CONFLICT			LDMRCLZHBLHHFW-UHFFFAOYSA-L	
cpd02859	STEREO_DIFF_REJECTED	STEREO_DIFF rejected: PubChem has fewer defined stereocenters (9 vs 11)	46173733	ZBIDXXVRKIWIKP-DULXVFQLSA-N	ZBIDXXVRKIWIKP-BLWHGSIISA-N
cpd02877	STEREO_DIFF_REJECTED	STEREO_DIFF rejected: stereo_inversion: 9 of 10 shared stereocenters have different configuration	3035026	WVULKSPCQVQLCU-ZGFCPQMKSA-M	WVULKSPCQVQLCU-BUXLTGKBSA-N
cpd02882	MISMATCH	MISMATCH: IGNORE:tautomer (same canonical tautomer, stored form curated for biological relevance) — requires manual review	193516	YQOUVEJNFQOENO-DDVDLICKSA-N	XKQZIXVJVUPORE-RPDRRWSUSA-N
cpd02914	XREF_CONFLICT			BNOWTRLCTWLWKQ-LURJTMIESA-M	
cpd02915	XREF_CONFLICT			CFEAFUYPNURWCY-GDVGLLTNSA-M	
cpd02925	XREF_CONFLICT			PDLUPIIPCGUCAZ-INEUFUBQSA-N	
cpd02937	STEREO_DIFF_REJECTED	STEREO_DIFF rejected: stereo_inversion: 1 of 6 shared stereocenters have different configuration	25246210	YCLHGWBUIYKBPM-NBFHXWIWSA-M	YCLHGWBUIYKBPM-ABXKVQRYSA-M
cpd02941	XREF_CONFLICT			YMCUGPRWKJDCIM-HQXUMEMQSA-M	
cpd02961	MISMATCH	MISMATCH: IGNORE:tautomer (same canonical tautomer, stored form curated for biological relevance) — requires manual review	135398602	VFVVPBBLCNJQRK-SRBOSORUSA-N	YQIFAMYNGGOTFB-XINAWCOVSA-N
cpd02978	XREF_CONFLICT			DAAXQXLWOSUXJM-SRBOSORUSA-K	
cpd03070	XREF_CONFLICT			TXQZTDQJZIPUIY-UHFFFAOYSA-M	
cpd03075	STEREO_DIFF_REJECTED	STEREO_DIFF rejected: PubChem has fewer defined stereocenters (4 vs 6)	439990	DSCFFEYYQKSRSV-VQPJZGIOSA-N	DSCFFEYYQKSRSV-MVWKSXLKSA-N
cpd03301	XREF_CONFLICT			XZMSDBCWHWGUOR-ZETCQYMHSA-N	
cpd03418	XREF_CONFLICT			UYRFVESWKZAVNF-UJJXFSCMSA-J	
cpd03420	XREF_CONFLICT			QNMLAUDORVFKSV-UJTZVPLDSA-F	
cpd03422	XREF_CONFLICT			XQRJFEVDQXEIAX-FGSUPGCXSA-O	
cpd03426	XREF_CONFLICT			BGOACVAUVSDVGE-XLIRECGNSA-F	
cpd03435	MISMATCH	MISMATCH: IGNORE:tautomer_connectivity (same heavy-atom connectivity, different H positions — tautomer not recognized by RDKit enumerator) — requires manual review	135398712	ATEVSBMADMDGKS-MPNMYCQBSA-N	FDHFJXKRMIVNCQ-OSIZZBRKSA-N
cpd03436	MISMATCH	MISMATCH: IGNORE:wrong_mapping (formula: stored=C56H78N4O6, pubchem=C55H76N4O6) — requires manual review	5281890	SYRRRRIVTTUQRA-SLWKWRHSSA-N	KWOZSBGNAHVCKG-WFDCHTCOSA-N
cpd03470	XREF_CONFLICT			ABZHGLSYGDUSDL-UHFFFAOYSA-M	
cpd03475	MISMATCH	MISMATCH: IGNORE:wrong_mapping (formula: stored=C54H85NO12P2, pubchem=C63H105NO12P2) — requires manual review	71581007	ZKFSHNSNRONOEA-NOVYZZLPSA-L	NEVJGTXBHJNFAZ-YFANDDCFSA-N
cpd03501	XREF_CONFLICT			ZLBAOJCHFZWXJL-UHFFFAOYSA-M	
cpd03505	XREF_CONFLICT			JEACAEMFMPKWGJ-UHFFFAOYSA-M	
cpd03509	XREF_CONFLICT			DKMLMZVDTGOEGU-AIKFXVFZSA-L	
cpd03520	XREF_CONFLICT			OYCGLTULCYRTKY-BMFJQBBXSA-K	
cpd03521	XREF_CONFLICT			ZKGDYPWMLQRLTN-SRBOSORUSA-L	
cpd03668	STEREO_DIFF_REJECTED	STEREO_DIFF rejected: PubChem has fewer defined stereocenters (0 vs 6)	892	CDAISMWEOUEBRE-GNIYUCBRSA-N	CDAISMWEOUEBRE-UHFFFAOYSA-N
cpd03669	STEREO_DIFF_REJECTED	STEREO_DIFF rejected: PubChem has fewer defined stereocenters (0 vs 6)	892	CDAISMWEOUEBRE-CDRYSYESSA-N	CDAISMWEOUEBRE-UHFFFAOYSA-N
cpd03670	STEREO_DIFF_REJECTED	STEREO_DIFF rejected: PubChem has fewer defined stereocenters (4 vs 6)	25200860	INAPMGSXUVUWAF-KXXVROSKSA-L	INAPMGSXUVUWAF-UYSNGIAKSA-L
cpd03715	XREF_CONFLICT			ZGPBGPPKFOOIFB-UHFFFAOYSA-M	
cpd03761	XREF_CONFLICT			RIWKCBSDRQKWPZ-JNAYEHBVSA-F	
cpd03793	STEREO_DIFF_REJECTED	STEREO_DIFF rejected: PubChem has fewer defined stereocenters (4 vs 6)	164619	DSCFFEYYQKSRSV-GESKJZQWSA-N	DSCFFEYYQKSRSV-FEPQRWDDSA-N
cpd03794	STEREO_DIFF_REJECTED	STEREO_DIFF rejected: PubChem has fewer defined stereocenters (4 vs 6)	5320294	DSCFFEYYQKSRSV-HYBKHIPXSA-N	DSCFFEYYQKSRSV-CEDNOLFGSA-N
cpd03804	XREF_CONFLICT			VHAFWRWGHGSZDL-UHFFFAOYSA-L	
cpd03833	XREF_CONFLICT			JZOUCLWQLBVUFS-TWHJZXCLSA-G	
cpd03834	XREF_CONFLICT			WXSCTOWDVYPNMH-WBCCZRPVSA-F	
cpd03839	XREF_CONFLICT			BTODSUVDYGNBEO-NTVQSSJASA-F	
cpd03899	MISMATCH	MISMATCH: IGNORE:tautomer_connectivity (same heavy-atom connectivity, different H positions — tautomer not recognized by RDKit enumerator) — requires manual review	441046	MDYWWBMXAFPJCJ-NWJWHWDBSA-N	JDALSSGOBMTZEP-NWJWHWDBSA-N
cpd03916	XREF_CONFLICT			OCNLJCZKGHKJGF-QOCQOLRHSA-J	
cpd03917	XREF_CONFLICT			AXZSUSWNAXMBBB-QOCQOLRHSA-N	
cpd03918	XREF_CONFLICT			KQXSPGAEBZWHMC-OCUXTBADSA-O	
cpd03919	XREF_CONFLICT			MQCMBMUJJHSGIF-OCUXTBADSA-M	
cpd03920	XREF_CONFLICT			IQTYKHRKNGVJEO-KTPDRMMFSA-M	
cpd03977	XREF_CONFLICT			OFVLGDICTFRJMM-WESIUVDSSA-N	
cpd03978	XREF_CONFLICT			ZGIPMGGESRKDMZ-GCGNAMEMSA-M	
cpd03988	XREF_CONFLICT			MGUSRJSAZCSLJB-UHFFFAOYSA-L	
cpd03999	STEREO_DIFF_REJECTED	STEREO_DIFF rejected: PubChem has fewer defined stereocenters (0 vs 6)	727	JLYXXMFPNIAWKQ-GNIYUCBRSA-N	JLYXXMFPNIAWKQ-UHFFFAOYSA-N
cpd04028	XREF_CONFLICT			IWVCMVBTMGNXQD-PXOLEDIWSA-N	
cpd04057	XREF_CONFLICT			INUFQOJZVFLXMQ-OWYOPICZSA-N	
cpd04074	STEREO_DIFF_REJECTED	STEREO_DIFF rejected: PubChem has fewer defined stereocenters (0 vs 1)	441135	IDPOSZGKQSRDFE-CCEZHUSRSA-L	IDPOSZGKQSRDFE-UHFFFAOYSA-N
cpd04090	STEREO_DIFF_REJECTED	STEREO_DIFF rejected: stereo_inversion: 1 of 18 shared stereocenters have different configuration	72715788	MYPYJXKWCTUITO-JTFZNGFOSA-O	MYPYJXKWCTUITO-LYRMYLQWSA-O
cpd04099	XREF_CONFLICT			ABLZXFCXXLZCGV-UHFFFAOYSA-M	
cpd04105	STEREO_DIFF_REJECTED	STEREO_DIFF rejected: PubChem has fewer defined stereocenters (10 vs 12)	441148	MQBCDKMPXVYCGO-FQBKTPCVSA-M	MQBCDKMPXVYCGO-MGQAWMCHSA-N
cpd04106	STEREO_DIFF_REJECTED	STEREO_DIFF rejected: PubChem has fewer defined stereocenters (10 vs 12)	11953886	JFPVMCRFDBEEHF-QFVXKRNMSA-N	JFPVMCRFDBEEHF-JPFSBEFCSA-N
cpd04112	MISMATCH	MISMATCH: IGNORE:tautomer (same canonical tautomer, stored form curated for biological relevance) — requires manual review	5460068	KHOXNJXQHSMUJN-UHFFFAOYSA-N	IYHQVDIUZANYNW-UHFFFAOYSA-N
cpd04145	STEREO_DIFF_REJECTED	STEREO_DIFF rejected: PubChem has fewer defined stereocenters (0 vs 4)	455658	BTIJJDXEELBZFS-HXFTUNQESA-I	BTIJJDXEELBZFS-UHFFFAOYSA-K
cpd04173	MISMATCH	MISMATCH: IGNORE:tautomer_connectivity (same heavy-atom connectivity, different H positions — tautomer not recognized by RDKit enumerator) — requires manual review	73632	ZIVBXTBNNBLLDX-YSIYOXGGSA-N	ULHJWHCSSAEMLW-UEVCKROQSA-N
cpd04195	STEREO_DIFF_REJECTED	STEREO_DIFF rejected: PubChem has fewer defined stereocenters (2 vs 3)	657201	QSFKGMJOKUZAJM-CNKDKAJDSA-M	QSFKGMJOKUZAJM-JXMYBXCISA-M
cpd04204	STEREO_DIFF_REJECTED	STEREO_DIFF rejected: PubChem has fewer defined stereocenters (2 vs 3)	1201549	GIJXKZJWITVLHI-PMOLBWCYSA-O	GIJXKZJWITVLHI-YOFSQIOKSA-N
cpd04258	STEREO_DIFF_REJECTED	STEREO_DIFF rejected: PubChem has fewer defined stereocenters (0 vs 1)	2794	WDQPAMHFFCXSNU-BGABXYSRSA-N	WDQPAMHFFCXSNU-UHFFFAOYSA-N
cpd04298	MISMATCH	MISMATCH: IGNORE:tautomer_connectivity (same heavy-atom connectivity, different H positions — tautomer not recognized by RDKit enumerator) — requires manual review	54671203	JBIWCJUYHHGXTC-AKNGSSGZSA-N	SGKRLCUYIXIAHR-AKNGSSGZSA-N
cpd04307	STEREO_DIFF_REJECTED	STEREO_DIFF rejected: PubChem has fewer defined stereocenters (0 vs 6)	727	JLYXXMFPNIAWKQ-CDRYSYESSA-N	JLYXXMFPNIAWKQ-UHFFFAOYSA-N
cpd04342	STEREO_DIFF_REJECTED	STEREO_DIFF rejected: PubChem has fewer defined stereocenters (2 vs 4)	657309	OEXHQOGQTVQTAT-JRNQLAHRSA-N	OEXHQOGQTVQTAT-BZQJJPTISA-N
cpd04461	XREF_CONFLICT			DYKFCLLONBREIL-KVUCHLLUSA-N	
cpd04488	MISMATCH	MISMATCH: IGNORE:protonation_only_inchi (same connectivity and stereo, differs in protonation) — requires manual review	11963622	ASPOIVQEUUCDQT-UHFFFAOYSA-N	PAORBFBZBNPTCL-UHFFFAOYSA-N
cpd04551	XREF_CONFLICT			QYDJDIIVXSRXNI-ITIYDSSPSA-J	
cpd04579	MISMATCH	MISMATCH: IGNORE:tautomer (same canonical tautomer, stored form curated for biological relevance) — requires manual review	5281034	PUQUTIRPHMRPJS-IYRCEVNGSA-N	ICMWWNHDUZJFDW-DHODBPELSA-N
cpd04611	STEREO_DIFF_REJECTED	STEREO_DIFF rejected: PubChem has fewer defined stereocenters (0 vs 1)	4756	QPFYXYFORQJZEC-FOCLMDBBSA-N	QPFYXYFORQJZEC-UHFFFAOYSA-N
cpd04717	STEREO_DIFF_REJECTED	STEREO_DIFF rejected: stereo_inversion: 1 of 2 shared stereocenters have different configuration	6000	JFJZZMVDLULRGK-FQLXRVMXSA-P	JFJZZMVDLULRGK-URLMMPGGSA-O
cpd04741	STEREO_DIFF_REJECTED	STEREO_DIFF rejected: PubChem has fewer defined stereocenters (0 vs 1)	66895	ABBQGOCHXSPKHJ-WUKNDPDISA-N	ABBQGOCHXSPKHJ-UHFFFAOYSA-N
cpd04825	STEREO_DIFF_REJECTED	STEREO_DIFF rejected: PubChem has fewer defined stereocenters (2 vs 3)	62959	WVPSKSLAZQPAKQ-CDMJZVDBSA-N	WVPSKSLAZQPAKQ-SOSAQKQKSA-N
cpd04839	MISMATCH	MISMATCH: IGNORE:protonation_only_inchi (same connectivity and stereo, differs in protonation) — requires manual review	11953895	OIRZWVYIQXBRFC-UHFFFAOYSA-N	XRKMNJXYOFSTBE-UHFFFAOYSA-N
cpd04861	MISMATCH	MISMATCH: IGNORE:tautomer (same canonical tautomer, stored form curated for biological relevance) — requires manual review	441323	AXBXSMCPLPEELD-UHFFFAOYSA-N	TTZVRMUMCHLXAS-UHFFFAOYSA-N
cpd04865	XREF_CONFLICT			WKVKEFHWRJWKCR-UHFFFAOYSA-M	
cpd04868	XREF_CONFLICT			WVRXNHUWDPIGMY-UHFFFAOYSA-M	
cpd04905	STEREO_DIFF_REJECTED	STEREO_DIFF rejected: PubChem has fewer defined stereocenters (2 vs 3)	5282593	ZTVIKZXZYLEVOL-MCOXGKPRSA-O	ZTVIKZXZYLEVOL-DGKWVBSXSA-N
cpd05038	STEREO_DIFF_REJECTED	STEREO_DIFF rejected: stereo_inversion: 1 of 13 shared stereocenters have different configuration	135403821	WDZCUPBHRAEYDL-BZWMEKERSA-O	WDZCUPBHRAEYDL-GZAUEHORSA-N
cpd05041	XREF_CONFLICT			CFMPTLGDADAYRX-UHFFFAOYSA-M	
cpd05172	STEREO_DIFF_REJECTED	STEREO_DIFF rejected: PubChem has fewer defined stereocenters (4 vs 5)	441436	OXQKEKGBFMQTML-BIVRFLNRSA-N	OXQKEKGBFMQTML-RYRJNEICSA-N
cpd05173	STEREO_DIFF_REJECTED	STEREO_DIFF rejected: PubChem has fewer defined stereocenters (4 vs 6)	151108	DSCFFEYYQKSRSV-FIZWYUIZSA-N	DSCFFEYYQKSRSV-MBXCVVGISA-N
cpd05175	STEREO_DIFF_REJECTED	STEREO_DIFF rejected: PubChem has fewer defined stereocenters (4 vs 5)	441438	IMPKVMRTXBRHRB-TVIMKVIFSA-N	IMPKVMRTXBRHRB-RSVSWTKNSA-N
cpd05289	MISMATCH	MISMATCH: IGNORE:tautomer (same canonical tautomer, stored form curated for biological relevance) — requires manual review	441489	IGJMRBYUHVGGOR-UHFFFAOYSA-N	LZBJUTTUMRSJBP-UHFFFAOYSA-N
cpd05306	MISMATCH	MISMATCH: IGNORE:tautomer (same canonical tautomer, stored form curated for biological relevance) — requires manual review	154874	JWZJPYQQEUUEJC-UHFFFAOYSA-N	BYKYTXUAKJDVPV-UHFFFAOYSA-N
cpd05341	MISMATCH	MISMATCH: IGNORE:tautomer (same canonical tautomer, stored form curated for biological relevance) — requires manual review	88000	UIHFRLHSNDNWEH-LMXUVIFNSA-N	JJWYIMQKLTVAGZ-SYCVNHKBSA-N
cpd05418	XREF_CONFLICT			CEIZFXOZIQNICU-XNCJUZBTSA-M	
cpd05424	STEREO_DIFF_REJECTED	STEREO_DIFF rejected: PubChem has fewer defined stereocenters (4 vs 5)	25092366	QAHZAHIPKNLGAS-QMJNRFBBSA-O	QAHZAHIPKNLGAS-KZRPXEQKSA-N
cpd05431	STEREO_DIFF_REJECTED	STEREO_DIFF rejected: PubChem has fewer defined stereocenters (6 vs 7)	441592	GKZWOVRDMISXTE-XVOQKHCOSA-O	GKZWOVRDMISXTE-VGYNPPCGSA-N
cpd05450	STEREO_DIFF_REJECTED	STEREO_DIFF rejected: PubChem has fewer defined stereocenters (3 vs 4)	135438589	YSNPSKZBOQYUHH-AFUNOPLTSA-M	YSNPSKZBOQYUHH-JZCSJQFLSA-N
cpd05455	STEREO_DIFF_REJECTED	STEREO_DIFF rejected: PubChem has fewer defined stereocenters (3 vs 4)	135438590	RVPIQBBRHBAQKG-CFJJVPNFSA-M	RVPIQBBRHBAQKG-OLNLEZHNSA-N
cpd05461	STEREO_DIFF_REJECTED	STEREO_DIFF rejected: PubChem has fewer defined stereocenters (1 vs 2)	135438591	KRWNKOCPQBHMPM-CEEUPZOTSA-M	KRWNKOCPQBHMPM-ZRHPNQROSA-N
cpd05462	STEREO_DIFF_REJECTED	STEREO_DIFF rejected: PubChem has fewer defined stereocenters (1 vs 2)	135438592	YHGOPYILBIAFGW-PVOBATAUSA-L	YHGOPYILBIAFGW-QUVVFZRVSA-N
cpd05463	STEREO_DIFF_REJECTED	STEREO_DIFF rejected: PubChem has fewer defined stereocenters (1 vs 2)	135438593	LWXJBFFPVPUUSL-JEUDWDASSA-N	LWXJBFFPVPUUSL-KWVIEREISA-N
cpd05464	STEREO_DIFF_REJECTED	STEREO_DIFF rejected: PubChem has fewer defined stereocenters (1 vs 2)	135438594	PDKFHZWVCCZUIF-YJHWCPSBSA-N	PDKFHZWVCCZUIF-DJSQHCOFSA-N
cpd05467	STEREO_DIFF_REJECTED	STEREO_DIFF rejected: PubChem has fewer defined stereocenters (3 vs 4)	135438596	XWXLDVGDOHFZSG-XLBCKWNQSA-K	XWXLDVGDOHFZSG-KPRBQMARSA-N
cpd05472	STEREO_DIFF_REJECTED	STEREO_DIFF rejected: PubChem has fewer defined stereocenters (3 vs 4)	135438597	MBFJCQLVRQZZOV-MRHCINOSSA-M	MBFJCQLVRQZZOV-ZCIMJVHFSA-N
cpd05473	STEREO_DIFF_REJECTED	STEREO_DIFF rejected: PubChem has fewer defined stereocenters (2 vs 3)	135438598	ZZZQMKRQWYRKFG-HVXFQPPXSA-M	ZZZQMKRQWYRKFG-YPGUWSKOSA-N
cpd05475	STEREO_DIFF_REJECTED	STEREO_DIFF rejected: PubChem has fewer defined stereocenters (3 vs 4)	135438599	PDBJJFJKNSKTSW-IRFVBRLPSA-M	PDBJJFJKNSKTSW-MEWJKSKXSA-N
cpd05476	STEREO_DIFF_REJECTED	STEREO_DIFF rejected: PubChem has fewer defined stereocenters (3 vs 4)	135438600	POYIZOSTYKKRNT-OILNYAPZSA-L	POYIZOSTYKKRNT-SUKFDJDASA-N
cpd05511	XREF_CONFLICT			KBENCCXELYTLKU-GQUPQBGVSA-N	
cpd05527	XREF_CONFLICT			VZTKWCUQLUHDFJ-FXCAAIILSA-N	
cpd05545	MISMATCH	MISMATCH: IGNORE:tautomer (same canonical tautomer, stored form curated for biological relevance) — requires manual review	441687	HAAOYRFPRMWJNB-GMIFGOKCSA-N	WSTYNZDAOAEEKG-QSPBTJQRSA-N
cpd05553	XREF_CONFLICT			KBENCCXELYTLKU-WVXKDWSHSA-N	
cpd05622	XREF_CONFLICT			OFTYWMYCKBKDFB-UHFFFAOYSA-M	
cpd05655	MISMATCH	MISMATCH: IGNORE:tautomer (same canonical tautomer, stored form curated for biological relevance) — requires manual review	5281305	LZGQSBMUOUHYJP-FSKXZQRUSA-N	SREUSBYRKOPNJK-AJPRWBMOSA-N
cpd05688	STEREO_DIFF_REJECTED	STEREO_DIFF rejected: stereo_inversion: 1 of 12 shared stereocenters have different configuration	441808	OKIKYYZNNZCZRX-IZEUZPKRSA-N	OKIKYYZNNZCZRX-UWGUCYGSSA-N
cpd05712	MISMATCH	MISMATCH: IGNORE:tautomer (same canonical tautomer, stored form curated for biological relevance) — requires manual review	5281324	XISBPIKSYOIZBG-CTYMYLBISA-N	PTCAIPUXGKZZBJ-CTYMYLBISA-N
cpd05714	MISMATCH	MISMATCH: IGNORE:tautomer (same canonical tautomer, stored form curated for biological relevance) — requires manual review	5281325	DWIRGRHFCBVTLO-OCCINUARSA-N	UODJOGKPOAZZHT-OCCINUARSA-N
cpd05739	MISMATCH	MISMATCH: IGNORE:tautomer_connectivity (same heavy-atom connectivity, different H positions — tautomer not recognized by RDKit enumerator) — requires manual review	161671	TXRYVMFJPXODEF-VTIHXGHCSA-N	SASUFNRGCZMRFD-JCUIILOWSA-N
cpd05757	MISMATCH	MISMATCH: IGNORE:tautomer (same canonical tautomer, stored form curated for biological relevance) — requires manual review	441854	VWVNEVMJJOFEPL-PPBUWAHCSA-N	QKBSRWIVHXFMNA-OEKLXEDWSA-N
cpd05883	STEREO_DIFF_REJECTED	STEREO_DIFF rejected: stereo_inversion: 1 of 33 shared stereocenters have different configuration	5462420	MCPFEAJYKIXPQF-BPKNMIDHSA-N	MCPFEAJYKIXPQF-DXZAWUHFSA-N
cpd05921	XREF_CONFLICT			UMGIOBCVRLYQOW-SFQJRMLFSA-O	
cpd05923	STEREO_DIFF_REJECTED	STEREO_DIFF rejected: PubChem has fewer defined stereocenters (4 vs 5)	441978	YILKZADAWNUTTB-HWIVZZNESA-O	YILKZADAWNUTTB-LPYPRUTJSA-N
cpd05974	STEREO_DIFF_REJECTED	STEREO_DIFF rejected: stereo_inversion: 1 of 14 shared stereocenters have different configuration	11953923	ZLOOJZZIGCIITD-LEFVLKLHSA-N	ZLOOJZZIGCIITD-RTZQVEJRSA-N
cpd06090	MISMATCH	MISMATCH: IGNORE:tautomer (same canonical tautomer, stored form curated for biological relevance) — requires manual review	73588	LJKNHENDBZNLIQ-RUTXASTPSA-N	FNNZMRSRVYUVQT-AZUAARDMSA-N
cpd06092	MISMATCH	MISMATCH: IGNORE:tautomer (same canonical tautomer, stored form curated for biological relevance) — requires manual review	275528	DTWMMKITSJUZQU-VTXJOHAHSA-N	QEAIMIKGLGBTSA-ADLFWFRXSA-N
cpd06139	XREF_CONFLICT			XUSTZFGBQSSEAX-JOYGSARASA-O	
cpd06247	STEREO_DIFF_REJECTED	STEREO_DIFF rejected: stereo_inversion: 1 of 2 shared stereocenters have different configuration	12300019	NGZXDRGWBULKFA-IZLXSDGUSA-P	NGZXDRGWBULKFA-NSOVKSMOSA-N
cpd06410	MISMATCH	MISMATCH: IGNORE:tautomer (same canonical tautomer, stored form curated for biological relevance) — requires manual review	442284	AWRSDYORGGKIRQ-HYJFEMIMSA-N	AUJNARNSAAQNAK-WWHLYTOASA-N
cpd06411	MISMATCH	MISMATCH: IGNORE:tautomer (same canonical tautomer, stored form curated for biological relevance) — requires manual review	5281487	ZZCNFULLXFEOEY-POBAEAHQSA-N	YPIMMVOHCVOXKT-SHJUBZLESA-N
cpd06438	STEREO_DIFF_REJECTED	STEREO_DIFF rejected: stereo_inversion: 1 of 2 shared stereocenters have different configuration	197726	XIOGHHPVBVXQIV-HNRBIFIRSA-P	XIOGHHPVBVXQIV-VSGBNLITSA-N
cpd06711	STEREO_DIFF_REJECTED	STEREO_DIFF rejected: stereo_inversion: 6 of 7 shared stereocenters have different configuration	162422377	DVSQFPLMOLPRDU-BFUQQYMQSA-I	DVSQFPLMOLPRDU-WCROGVKBSA-N
cpd06717	XREF_CONFLICT			NXVDSOGQXFEQHI-UPARZHAISA-J	
cpd06890	MISMATCH	MISMATCH: IGNORE:wrong_mapping (formula: stored=C33H37N4O4, pubchem=C9H9ClO) — requires manual review	95743	DTRFQNPOYWLHOU-RIINEJRYSA-O	BTSCBJDORATYKJ-UHFFFAOYSA-N
cpd06891	MISMATCH	MISMATCH: IGNORE:wrong_mapping (formula: stored=C29H37N4O4, pubchem=C5H6ClN3) — requires manual review	588628	IDZLSIWTJUALRQ-JKNOKTCPSA-O	UDBZUFZWXJJBAL-UHFFFAOYSA-N
cpd06895	MISMATCH	MISMATCH: IGNORE:wrong_mapping (formula: stored=C31H43N4O4, pubchem=C9H7NO4) — requires manual review	119405	KGRSGRNSVOPQEA-NNQIDPCFSA-O	YFTGOBNOJKXZJC-UHFFFAOYSA-N
cpd06897	MISMATCH	MISMATCH: IGNORE:wrong_mapping (formula: stored=C35H40N5O4, pubchem=C8H9N3O2) — requires manual review	206249	BDHCXPWIDHVEQN-LKTJRWEVSA-O	XLSXPKZIKMPZHK-UHFFFAOYSA-N
cpd06900	MISMATCH	MISMATCH: IGNORE:wrong_mapping (formula: stored=C28H37N4O4, pubchem=C13H14Cl2O3) — requires manual review	2763	HBLUGHSSFJXCOA-DEYBTNLMSA-O	KPSRODZRAIWAKH-UHFFFAOYSA-N
cpd06908	MISMATCH	MISMATCH: IGNORE:wrong_mapping (formula: stored=C30H15O10, pubchem=C9H9N3O2) — requires manual review	5260536	YUSWMAULDXZHPY-UHFFFAOYSA-K	CCEWYZJHYQITGS-UHFFFAOYSA-N
cpd06923	MISMATCH	MISMATCH: IGNORE:wrong_mapping (formula: stored=C17H13O7, pubchem=C8H7NO4) — requires manual review	98626	IMEYGBIXGJLUIS-UHFFFAOYSA-M	OSSIORZYXTUXBL-UHFFFAOYSA-N
cpd06924	MISMATCH	MISMATCH: IGNORE:wrong_mapping (formula: stored=C30H16O10, pubchem=C7H2Cl2F3NO2) — requires manual review	621179	LADPNODMUXOPRG-UHFFFAOYSA-L	VLVNHMVSVDVAOA-UHFFFAOYSA-N
cpd06930	MISMATCH	MISMATCH: IGNORE:wrong_mapping (formula: stored=C18H15O7, pubchem=C11H22N2) — requires manual review	2735885	DRRWBCNQOKKKOL-UHFFFAOYSA-M	LRPGNFROBDUREU-UHFFFAOYSA-N
cpd06939	MISMATCH	MISMATCH: IGNORE:wrong_mapping (formula: stored=C20H16O5, pubchem=C11H13NO4) — requires manual review	5133769	WCSHKPNHOSDFGK-UHFFFAOYSA-L	QDDMLBBXHFMAJZ-UHFFFAOYSA-N
cpd06940	MISMATCH	MISMATCH: IGNORE:wrong_mapping (formula: stored=C21H18O12, pubchem=C20H9Cl3F5N3O3) — requires manual review	91708	LXSRQKADIMPZPQ-QBURSZLVSA-L	UISUNVFOGSJSKD-UHFFFAOYSA-N
cpd06948	MISMATCH	MISMATCH: IGNORE:wrong_mapping (formula: stored=C16H11O6, pubchem=C8H7N3O3) — requires manual review	639510	IHFBPDAQLQOCBX-UHFFFAOYSA-M	KOOPAOCWSWOMQI-UHFFFAOYSA-N
cpd06950	MISMATCH	MISMATCH: IGNORE:wrong_mapping (formula: stored=C15H11O6, pubchem=C7H5ClFNO2) — requires manual review	87593	VKZMZDFCRUHZNI-UHFFFAOYSA-M	SJDPAVRCQNFVDM-UHFFFAOYSA-N
cpd06952	STEREO_DIFF_REJECTED	STEREO_DIFF rejected: PubChem has fewer defined stereocenters (3 vs 4)	5281632	GEZHEQNLKAOMCA-OAWOWVGUSA-M	GEZHEQNLKAOMCA-PLUQQRNKSA-N
cpd06957	MISMATCH	MISMATCH: IGNORE:wrong_mapping (formula: stored=C20H18O11, pubchem=C14H26N2O) — requires manual review	454736	MTQVPZUZBBTLNO-HSLVGEKZSA-L	UPZBXVBPICTBDP-TUAOUCFPSA-N
cpd06960	MISMATCH	MISMATCH: IGNORE:wrong_mapping (formula: stored=C14H9O5, pubchem=C8H6F2O3) — requires manual review	588648	FVIYCYAHKMJVJK-UHFFFAOYSA-M	PHMLPPFFMSRWBK-UHFFFAOYSA-N
cpd06962	MISMATCH	MISMATCH: IGNORE:wrong_mapping (formula: stored=C15H9O7, pubchem=C5H7NS) — requires manual review	62510	VYAKIUWQLHRZGK-UHFFFAOYSA-M	UWSONZCNXUSTKW-UHFFFAOYSA-N
cpd06963	MISMATCH	MISMATCH: IGNORE:wrong_mapping (formula: stored=C21H18O12, pubchem=C8H17N) — requires manual review	78194	OVSQVDMCBVZWGM-DTGCRPNFSA-L	CAOQEOHEZKVYOJ-UHFFFAOYSA-N
cpd06964	MISMATCH	MISMATCH: IGNORE:wrong_mapping (formula: stored=C18H13O6, pubchem=C6H8O2) — requires manual review	95964	UCLUVPCGXYTYEK-UHFFFAOYSA-M	PYRZPBDTPRQYKG-UHFFFAOYSA-N
cpd06965	MISMATCH	MISMATCH: IGNORE:wrong_mapping (formula: stored=C19H17O10, pubchem=C19H20FNO3) — requires manual review	43815	JUZGXATTXYZBGK-HBVDJMOISA-M	AHOUBRCZNHFOSL-YOEHRIQHSA-N
cpd06966	MISMATCH	MISMATCH: IGNORE:wrong_mapping (formula: stored=C23H21O6, pubchem=C13H22N2) — requires manual review	3017535	XRVLGJCHUWXTDX-UHFFFAOYSA-M	RHDWCSIBVZKRRU-UHFFFAOYSA-N
cpd06967	MISMATCH	MISMATCH: IGNORE:wrong_mapping (formula: stored=C19H16O11, pubchem=C9H11NO2) — requires manual review	428477	AEDDIBAIWPIIBD-ZJKJAXBQSA-L	RIVOBMOBWMOLDJ-UHFFFAOYSA-N
cpd06969	MISMATCH	MISMATCH: IGNORE:wrong_mapping (formula: stored=C15H9O7, pubchem=C7H7F3N2O) — requires manual review	5194226	DSNIERNBMAVNJI-UHFFFAOYSA-M	PGUYGXWLFYYEFI-UHFFFAOYSA-N
cpd06970	MISMATCH	MISMATCH: IGNORE:wrong_mapping (formula: stored=C24H24O6, pubchem=C5H8N2O) — requires manual review	258806	GNRIZKKCNOBBMO-UHFFFAOYSA-L	PLVWUINOWYHRAA-UHFFFAOYSA-N
cpd06973	MISMATCH	MISMATCH: IGNORE:wrong_mapping (formula: stored=C15H11O6, pubchem=C5H3FN2O4) — requires manual review	69711	PUECEVJMPDNNHT-UHFFFAOYSA-M	SEHFUALWMUWDKS-UHFFFAOYSA-N
cpd06976	MISMATCH	MISMATCH: IGNORE:wrong_mapping (formula: stored=C13H6O6, pubchem=C7H6O2S) — requires manual review	95737	ZHTQCPCDXKMMLU-UHFFFAOYSA-L	RSFDFESMVAIVKO-UHFFFAOYSA-N
cpd06977	MISMATCH	MISMATCH: IGNORE:wrong_mapping (formula: stored=C14H8O5, pubchem=C8H14Cl2N2O2) — requires manual review	10664	AQZHBCDRWFMXIN-UHFFFAOYSA-L	HNWCOANXZNKMLR-UHFFFAOYSA-N
cpd06979	MISMATCH	MISMATCH: IGNORE:wrong_mapping (formula: stored=C19H17O11, pubchem=C22H30O3) — requires manual review	19090	MYWLBRTZOYHDOU-FJMCMGCSSA-M	VXIMPSPISRVBPZ-NWUMPJBXSA-N
cpd06981	MISMATCH	MISMATCH: IGNORE:wrong_mapping (formula: stored=C15H11O6, pubchem=C6H7NO2) — requires manual review	4362	GNSHHHWDGOHNPC-UHFFFAOYSA-M	HDFGOPSGAURCEO-UHFFFAOYSA-N
cpd06986	MISMATCH	MISMATCH: IGNORE:wrong_mapping (formula: stored=C15H9O6, pubchem=C12H17NO) — requires manual review	140672	NXHQVROAKYDSNW-UHFFFAOYSA-M	RMUYDDKCUZHVHY-UHFFFAOYSA-N
cpd06989	MISMATCH	MISMATCH: IGNORE:wrong_mapping (formula: stored=C45H42O11, pubchem=CdCl2) — requires manual review	24947	DKBPTKFKCCNXNH-QXGWMLRCSA-L	YKYOUMDCQGMQQO-UHFFFAOYSA-L
cpd06990	XREF_CONFLICT			ICTZCAHDGHPRQR-GOSISDBHSA-M	
cpd06991	MISMATCH	MISMATCH: IGNORE:wrong_mapping (formula: stored=C27H28O16, pubchem=C8H12O2) — requires manual review	79113	ZLPSOQFIIQIIAX-VQVVXJKKSA-L	JESWDXIHOJGWBP-UHFFFAOYSA-N
cpd06995	MISMATCH	MISMATCH: IGNORE:wrong_mapping (formula: stored=C25H23O6, pubchem=C5H13Cl2N) — requires manual review	13836	XFFOMNJIDRDDLQ-UHFFFAOYSA-M	UHZZMRAGKVHANO-UHFFFAOYSA-M
cpd07004	MISMATCH	MISMATCH: IGNORE:wrong_mapping (formula: stored=C18H15O8, pubchem=C13H16O5) — requires manual review	2758465	KGJTXYKKHKRNIM-UHFFFAOYSA-M	BHSYONGONOKNAI-UHFFFAOYSA-N
cpd07009	MISMATCH	MISMATCH: IGNORE:wrong_mapping (formula: stored=C16H10O7, pubchem=C13H8BF7S) — requires manual review	2777504	DTFXGVGIKNSCQQ-UHFFFAOYSA-L	VTVISWLINKWMQZ-UHFFFAOYSA-N
cpd07034	MISMATCH	MISMATCH: IGNORE:wrong_mapping (formula: stored=C18H24N2O5, pubchem=C6H4Cl2FN) — requires manual review	223091	RYQKWJPWKLPCHJ-NWZRZUMISA-N	FHJVHVKVTUTGTA-UHFFFAOYSA-N
cpd07039	MISMATCH	MISMATCH: IGNORE:wrong_mapping (formula: stored=C14H17NO5, pubchem=C5H4ClN3O3) — requires manual review	252204	BEVBGNQMQGCTRF-HQZHTGGTSA-L	YZTJXHWQWCLEJX-UHFFFAOYSA-N
cpd07042	MISMATCH	MISMATCH: IGNORE:wrong_mapping (formula: stored=C18H26NO2, pubchem=C13H8N2O2) — requires manual review	95069	SEUNPTJHBYYPOX-GARXDOFDSA-O	JGCSKOVQDXEQHI-UHFFFAOYSA-N
cpd07047	MISMATCH	MISMATCH: IGNORE:wrong_mapping (formula: stored=C9H13NO, pubchem=C9H13N) — requires manual review	136745	HGGXRBIZHMVTFM-UHFFFAOYSA-N	WHTDCOSHHMXZNE-UHFFFAOYSA-N
cpd07056	MISMATCH	MISMATCH: IGNORE:wrong_mapping (formula: stored=C18H36NO3, pubchem=C20H28ClNO4) — requires manual review	39324	KYBOBXNXZQTAKA-NXHRZFHOSA-O	FJTKCFSPYUMXJB-UHFFFAOYSA-N
cpd07058	MISMATCH	MISMATCH: IGNORE:wrong_mapping (formula: stored=C14H20NO3, pubchem=C13H9N3O) — requires manual review	120282	TYXKSMFICLVQCO-UHFFFAOYSA-O	KPZYYKDXZKFBQU-UHFFFAOYSA-N
cpd07059	MISMATCH	MISMATCH: IGNORE:wrong_mapping (formula: stored=C38H50N4O2, pubchem=C7H4ClNO4) — requires manual review	7448	OHNNTQXKHRISJP-HLPCWDLKSA-P	QAYNSPOKTRVZRC-UHFFFAOYSA-N
cpd07068	MISMATCH	MISMATCH: IGNORE:wrong_mapping (formula: stored=C30H15O10, pubchem=C8H12ClNO) — requires manual review	202939	BORWSEZUWHQTOK-UHFFFAOYSA-K	MUPSJLRUCGYRTR-UHFFFAOYSA-N
cpd07069	MISMATCH	MISMATCH: IGNORE:wrong_mapping (formula: stored=C18H15O7, pubchem=C20H24O4) — requires manual review	5281232	DWZAJFZEYZIHPO-UHFFFAOYSA-M	PANKHBYNKQNAHN-MQQNZMFNSA-N
cpd07071	MISMATCH	MISMATCH: IGNORE:wrong_mapping (formula: stored=C33H22O10, pubchem=C11H11N) — requires manual review	431187	YCXRBCHEOFVYEN-UHFFFAOYSA-L	MQFYUZCANYLWEI-UHFFFAOYSA-N
cpd07074	MISMATCH	MISMATCH: IGNORE:wrong_mapping (formula: stored=C16H10O7, pubchem=C6H4BrNS) — requires manual review	818876	AZFYHRHUTXBGJS-UHFFFAOYSA-L	ZFTILCZVZSZDLI-UHFFFAOYSA-N
cpd07088	MISMATCH	MISMATCH: IGNORE:wrong_mapping (formula: stored=C17H13O5, pubchem=C5H4FNO) — requires manual review	2762887	KJGPBYUQZLUKLL-UHFFFAOYSA-M	AJRUXHIEYSYRQJ-UHFFFAOYSA-N
cpd07091	MISMATCH	MISMATCH: IGNORE:wrong_mapping (formula: stored=C16H9O6, pubchem=C6H2Br2ClF) — requires manual review	2724604	GCAIEHBYLQNGAF-UHFFFAOYSA-M	PZKDJJMHRYNBOR-UHFFFAOYSA-N
cpd07099	MISMATCH	MISMATCH: IGNORE:wrong_mapping (formula: stored=C82H53O52, pubchem=C8H5BrFN) — requires manual review	2773928	BZAFROBDXRJYTQ-JVEQELPQSA-M	KTNJFIQOVKEQFB-UHFFFAOYSA-N
cpd07100	MISMATCH	MISMATCH: IGNORE:wrong_mapping (formula: stored=C41H23O26, pubchem=C7H6FNO3) — requires manual review	565656	OAZHOQDMOPZBMN-RBKPYHMISA-K	FWLPYISRFBKEKV-UHFFFAOYSA-N
cpd07103	MISMATCH	MISMATCH: IGNORE:wrong_mapping (formula: stored=C41H28O27, pubchem=C13H14ClN) — requires manual review	201598	HGJXAVROWQLCTP-YABCKIEDSA-L	GQGXIDBMRPMPCD-UHFFFAOYSA-N
cpd07107	MISMATCH	MISMATCH: IGNORE:wrong_mapping (formula: stored=C82H56O52, pubchem=C7H14O3) — requires manual review	4219754	BGZMXYWCTRIUII-YLVKXZTISA-L	YYEZYENJAMOWHW-UHFFFAOYSA-N
cpd07109	MISMATCH	MISMATCH: IGNORE:wrong_mapping (formula: stored=C35H27O22, pubchem=C9H11NO3) — requires manual review	72878	IECIGJUPCKCYMX-ZVLUUUFJSA-M	YTLRWVNYANKXOW-UHFFFAOYSA-N
cpd07118	MISMATCH	MISMATCH: IGNORE:wrong_mapping (formula: stored=C82H54O52, pubchem=C10H17NO6) — requires manual review	11021202	ODXMIHPUPFEYDB-HISCDKSNSA-L	IWFIVTBTZUCTQH-LURJTMIESA-N
cpd07124	MISMATCH	MISMATCH: IGNORE:wrong_mapping (formula: stored=C48H30O32, pubchem=C10H20N2O4) — requires manual review	7019681	MWPRJJBXNINUTQ-UHFFFAOYSA-L	AMPVNPYPOOQUJF-SSDOTTSWSA-N
cpd07129	MISMATCH	MISMATCH: IGNORE:wrong_mapping (formula: stored=C82H56O52, pubchem=C11H7Cl2NO2) — requires manual review	96590	LELFYNPFJFAEND-YLVKXZTISA-L	BPDBLWKFVXHGFT-UHFFFAOYSA-N
cpd07168	MISMATCH	MISMATCH: IGNORE:wrong_mapping (formula: stored=C18H26NO6, pubchem=C10H18N2O5) — requires manual review	192414	MCWACAVORNFEFS-HMNNQIDUSA-O	PBGVVLQMNSPMKN-LURJTMIESA-N
cpd07189	MISMATCH	MISMATCH: IGNORE:wrong_mapping (formula: stored=C12H9O4, pubchem=C8H17Cl) — requires manual review	31240	BEBGSFZOQXPJCT-UHFFFAOYSA-M	WLVCBAMXYMWGLJ-UHFFFAOYSA-N
cpd07200	MISMATCH	MISMATCH: IGNORE:wrong_mapping (formula: stored=C15H8ClO5, pubchem=C13H17ClN2O2) — requires manual review	134519	AVSZOSVPTLSHOV-UHFFFAOYSA-M	PESYCVVSLYSXAK-MERQFXBCSA-N
cpd07206	MISMATCH	MISMATCH: IGNORE:wrong_mapping (formula: stored=C20H21O6, pubchem=C12H24N2O3) — requires manual review	76807	WKRCSOAPKREAOF-GFOWMXPYSA-M	LCPYQJIKPJDLLB-UWVGGRQHSA-N
cpd07207	MISMATCH	MISMATCH: IGNORE:wrong_mapping (formula: stored=C60H54O11, pubchem=C17H24N2O5) — requires manual review	6992475	IJDNMADFCZSLQD-UPMPAGDASA-L	CWMXJBNCYBDNTJ-JSGCOSHPSA-N
cpd07224	MISMATCH	MISMATCH: IGNORE:wrong_mapping (formula: stored=C11H7O4, pubchem=C10H6BrNO2) — requires manual review	219988	CQDXJBJBEQPBEM-UHFFFAOYSA-M	OTYRDQXZRJZHOX-UHFFFAOYSA-N
cpd07237	MISMATCH	MISMATCH: IGNORE:wrong_mapping (formula: stored=C13H22NO3, pubchem=C14H20O5) — requires manual review	84197	LVZCTOQMFLAKLI-CSZIUDOQSA-O	FNEPSTUXZLEUCK-UHFFFAOYSA-N
cpd07245	MISMATCH	MISMATCH: IGNORE:wrong_mapping (formula: stored=C9H16NO3, pubchem=C6H13NO2) — requires manual review	444080	GRAGROPQORVALZ-VKWJFSHESA-O	AKCRVYNORCOYQT-YFKPBYRVSA-N
cpd07309	MISMATCH	MISMATCH: IGNORE:wrong_mapping (formula: stored=C21H18O10, pubchem=C8H6BrNO3) — requires manual review	75213	HIWJJOYYZFELEZ-FFYOZGDPSA-L	GZHPNIQBPGUSSX-UHFFFAOYSA-N
cpd07320	MISMATCH	MISMATCH: IGNORE:wrong_mapping (formula: stored=C16H17O8, pubchem=C16H18O2) — requires manual review	75490	IQRPXVABWMLCMZ-LOMYTOQZSA-M	YGYPMFPGZQPETF-UHFFFAOYSA-N
cpd07328	MISMATCH	MISMATCH: IGNORE:wrong_mapping (formula: stored=C16H17O8, pubchem=C9H5F6NS) — requires manual review	2806924	XWRHBGVVCOSNKO-OTCYKTEZSA-M	OWYYZIVORPIBPZ-UHFFFAOYSA-N
cpd07377	MISMATCH	MISMATCH: IGNORE:wrong_mapping (formula: stored=C27H27O6, pubchem=C12H19NO4S) — requires manual review	11282264	CCYKXDPVYWRNMH-UHFFFAOYSA-M	BXUJVINGXQGNFD-SNVBAGLBSA-N
cpd07386	MISMATCH	MISMATCH: IGNORE:wrong_mapping (formula: stored=C43H35O18, pubchem=CdCl2) — requires manual review	24947	VTHDRBWIVRFQKI-ATQMDXCCSA-M	YKYOUMDCQGMQQO-UHFFFAOYSA-L
cpd07420	MISMATCH	MISMATCH: IGNORE:wrong_mapping (formula: stored=C16H11O6, pubchem=C14H12N2O2S) — requires manual review	1236372	OBBCRPUNCUPUOS-UHFFFAOYSA-M	AHBQPALYDSJJKZ-UHFFFAOYSA-N
cpd07422	MISMATCH	MISMATCH: IGNORE:wrong_mapping (formula: stored=C16H11O5, pubchem=C13H19BO4S) — requires manual review	2759530	GCWOYVFHJDNKIN-UHFFFAOYSA-M	BDOSWBBKOSGKAV-UHFFFAOYSA-N
cpd07472	MISMATCH	MISMATCH: IGNORE:wrong_mapping (formula: stored=C24H28NO3, pubchem=C6H14N4O2) — requires manual review	232	RSHYSOGXGSUUIJ-OAHLLOKOSA-O	ODKSFYDXXFIFQN-UHFFFAOYSA-N
cpd07477	MISMATCH	MISMATCH: IGNORE:wrong_mapping (formula: stored=C16H20NO2, pubchem=C14H12O2S) — requires manual review	15211	DXTYYNIKCKARPP-UXIGCNINSA-O	JMIYLNQBNSEKAO-UHFFFAOYSA-N
cpd07489	MISMATCH	MISMATCH: IGNORE:wrong_mapping (formula: stored=C25H32N3O4, pubchem=C9H9FO) — requires manual review	89433	YIWJEBPTHXRHQF-LLMLIWGDSA-O	RWELYCYPEFUDEH-UHFFFAOYSA-N
cpd07494	MISMATCH	MISMATCH: IGNORE:wrong_mapping (formula: stored=C17H32N3O2, pubchem=C11H12N2O2) — requires manual review	91785	YBZUGUWOQLUNKD-PMPSAXMXSA-O	KZPRCESDIPAEAE-UHFFFAOYSA-N
cpd07505	MISMATCH	MISMATCH: IGNORE:wrong_mapping (formula: stored=C35H48NO10, pubchem=C6H8N4O2S) — requires manual review	4391919	KOTXAHKUCAQPQA-BURAOFGFSA-O	SYHBHOXHNNLJAI-UHFFFAOYSA-N
cpd07506	MISMATCH	MISMATCH: IGNORE:wrong_mapping (formula: stored=C24H28NO4, pubchem=C6H10N4OS) — requires manual review	181605	YFEPHJVWLFGWKH-AWEZNQCLSA-O	DKIXTKJRMXEYST-UHFFFAOYSA-N
cpd07538	MISMATCH	MISMATCH: IGNORE:wrong_mapping (formula: stored=C19H25NO4, pubchem=C18H27NO5) — requires manual review	15512828	ZYXWUEVTWJUYEZ-UHFFFAOYSA-N	WGJGINMQCMATNP-AWEZNQCLSA-N
cpd07582	MISMATCH	MISMATCH: IGNORE:wrong_mapping (formula: stored=C20H27N2O2, pubchem=C15H21N5O4) — requires manual review	24405	LJOQGZACKSYWCH-NBGVHYBESA-O	USVMJSALORZVDV-SDBHATRESA-N
cpd07584	MISMATCH	MISMATCH: IGNORE:wrong_mapping (formula: stored=C16H20N3O3, pubchem=C4H7NO3) — requires manual review	4108322	YLYLCQRQSRDSQR-ADTLFGHVSA-O	FTMKOMANDDIUSM-UHFFFAOYSA-N
cpd07592	XREF_CONFLICT			HAWZEVNVVBVBEO-UHFFFAOYSA-L	
cpd07607	MISMATCH	MISMATCH: IGNORE:wrong_mapping (formula: stored=C30H26O8, pubchem=C4H5N3S) — requires manual review	3700797	DEZFNHCVIZBHBI-ZHACJKMWSA-L	WTUAWWLVVCGTRG-UHFFFAOYSA-N
cpd07640	MISMATCH	MISMATCH: IGNORE:wrong_mapping (formula: stored=C15H23N2O2, pubchem=C7H12O5) — requires manual review	100999	JHXYFYGGFKMUPN-SOUXNPJUSA-O	XFEQOLXBMLXKDE-UHFFFAOYSA-N
cpd07643	MISMATCH	MISMATCH: IGNORE:wrong_mapping (formula: stored=C20H28N3O3, pubchem=C7H9NS) — requires manual review	15693	YFRYJFMFQOBOSY-WBOSRHFRSA-O	KCHLDNLIJVSRPK-UHFFFAOYSA-N
cpd07648	MISMATCH	MISMATCH: IGNORE:wrong_mapping (formula: stored=C23H31N2O6, pubchem=C9H11NO2) — requires manual review	69118	WCNNCIUCJFPASX-ICUGJSFKSA-O	DVVXXHVHGGWWPE-UHFFFAOYSA-N
cpd07666	MISMATCH	MISMATCH: IGNORE:wrong_mapping (formula: stored=C15H27N2O, pubchem=C8H6FNO2) — requires manual review	302897	JMXNBIDTNISOTA-AICCOOGYSA-O	ZKNRUFWEZPGGQP-UHFFFAOYSA-N
cpd07687	MISMATCH	MISMATCH: IGNORE:wrong_mapping (formula: stored=C27H50N2O, pubchem=C7H11NO3) — requires manual review	100167	IDOHCEDWHOEHNL-ZUDQDPCPSA-P	JHWZWIVZROVFEM-UHFFFAOYSA-N
cpd07689	MISMATCH	MISMATCH: IGNORE:wrong_mapping (formula: stored=C50H84NO20, pubchem=C17H24N2O5) — requires manual review	171466	KWRYHKRVKRBBBU-RDQTZTQHSA-O	LDHNMIZCPRNASW-AAEUAGOBSA-N
cpd07696	MISMATCH	MISMATCH: IGNORE:wrong_mapping (formula: stored=C23H40NO, pubchem=C10H12ClNO) — requires manual review	70798	UJGXCOFZMJCRLN-VBFLNORGSA-O	FPQQSNUTBWFFLB-UHFFFAOYSA-N
cpd07720	MISMATCH	MISMATCH: IGNORE:wrong_mapping (formula: stored=C14H15O10, pubchem=C7H10Br2O4) — requires manual review	69427	LDPLFHGGZNSKDS-FTBFGRRBSA-M	PFZYFZRUPFUEOB-UHFFFAOYSA-N
cpd07730	STEREO_DIFF_REJECTED	STEREO_DIFF rejected: PubChem has fewer defined stereocenters (2 vs 3)	442994	JJNVDCBKBUSUII-UJIFDXPISA-N	JJNVDCBKBUSUII-SVFSVNPNSA-N
cpd07735	MISMATCH	MISMATCH: IGNORE:wrong_mapping (formula: stored=C12H20NO2S2, pubchem=C8H10N2O3) — requires manual review	67253	BOJOZZSCQUTEBY-QUBJWBRDSA-O	VXUMJWGCPAUKTB-UHFFFAOYSA-N
cpd07736	MISMATCH	MISMATCH: IGNORE:wrong_mapping (formula: stored=C7H14NO3, pubchem=C11H14N2) — requires manual review	22122	XOCBOVUINUHZJA-RKXXOXFUSA-O	HITWHALOZBMLHY-UHFFFAOYSA-N
cpd07737	MISMATCH	MISMATCH: IGNORE:wrong_mapping (formula: stored=C7H14NO4, pubchem=C9H10N2O) — requires manual review	78570	FXFBVZOJVHCEDO-NMACYSKISA-O	KNWQKDWAKRSKIF-UHFFFAOYSA-N
cpd07738	MISMATCH	MISMATCH: IGNORE:wrong_mapping (formula: stored=C19H24NO4, pubchem=C14H10Cl2N2) — requires manual review	2112217	MQIXMJWNEKUAOZ-OSINBPNZSA-O	OIHHDYNKEHASLI-UHFFFAOYSA-N
cpd07746	MISMATCH	MISMATCH: IGNORE:wrong_mapping (formula: stored=C17H24NO3, pubchem=C8H7NO3) — requires manual review	6957	FNRXUEYLFZLOEZ-LGGPCSOHSA-O	CYMRPDYINXWJFU-UHFFFAOYSA-N
cpd07747	MISMATCH	MISMATCH: IGNORE:wrong_mapping (formula: stored=C13H22NO4, pubchem=C7H4I2O3) — requires manual review	12065	YZFJTFVPCWEPND-UEGMUGDPSA-O	XREKTVACBXQCSB-UHFFFAOYSA-N
cpd07753	MISMATCH	MISMATCH: IGNORE:wrong_mapping (formula: stored=C17H20NO2, pubchem=C4H6Cl2) — requires manual review	15859	SMCUGCCLJBVSAQ-PIMMBPRGSA-O	XJFZOSUFGSANIF-UHFFFAOYSA-N
cpd07754	MISMATCH	MISMATCH: IGNORE:wrong_mapping (formula: stored=C13H22NO2, pubchem=C15H16N2O2) — requires manual review	66830	UVHGSMZRSVGWDJ-RUDMXATFSA-O	VENDXQNWODZJGB-UHFFFAOYSA-N
cpd07793	STEREO_DIFF_REJECTED	STEREO_DIFF rejected: PubChem has fewer defined stereocenters (0 vs 1)	93542	ZCNQYNHDVRPZIH-JXAWBTAJSA-N	ZCNQYNHDVRPZIH-UHFFFAOYSA-N
cpd07797	STEREO_DIFF_REJECTED	STEREO_DIFF rejected: PubChem has fewer defined stereocenters (0 vs 1)	50367	PRLVTUNWOQKEAI-VKAVYKQESA-N	PRLVTUNWOQKEAI-UHFFFAOYSA-N
cpd07798	MISMATCH	MISMATCH: IGNORE:wrong_mapping (formula: stored=C17H26NO3S, pubchem=C24H21Cl2N3O4S) — requires manual review	51754	GGWHBJGBERXSLL-NBVRZTHBSA-M	FJNRUWDGCVDXLU-UHFFFAOYSA-N
cpd07802	MISMATCH	MISMATCH: IGNORE:wrong_mapping (formula: stored=C5H12NS5, pubchem=C5H6N2O4) — requires manual review	1233	KKJUPNGICOCCDW-UHFFFAOYSA-O	IRJCBFDCFXCWGO-UHFFFAOYSA-N
cpd07855	MISMATCH	MISMATCH: IGNORE:wrong_mapping (formula: stored=C11H15ClN, pubchem=C8H14O2) — requires manual review	21363	RSRUDTPYRBLHEO-UHFFFAOYSA-O	LJOODBDWMQKMFB-UHFFFAOYSA-N
cpd07856	STEREO_DIFF_REJECTED	STEREO_DIFF rejected: PubChem has fewer defined stereocenters (0 vs 1)	443039	VZUHQRBBQSLSHS-SSZFMOIBSA-N	VZUHQRBBQSLSHS-UHFFFAOYSA-N
cpd07858	STEREO_DIFF_REJECTED	STEREO_DIFF rejected: PubChem has fewer defined stereocenters (0 vs 1)	443041	UXHCYSLUHBOEGI-KAMYIIQDSA-N	UXHCYSLUHBOEGI-UHFFFAOYSA-N
cpd07862	STEREO_DIFF_REJECTED	STEREO_DIFF rejected: PubChem has fewer defined stereocenters (0 vs 1)	443045	ICRCGJXKHDVZBV-KAMYIIQDSA-N	ICRCGJXKHDVZBV-UHFFFAOYSA-N
cpd07880	STEREO_DIFF_REJECTED	STEREO_DIFF rejected: PubChem has fewer defined stereocenters (0 vs 2)	36324	QXAITBQSYVNQDR-ZIOPAAQOSA-P	QXAITBQSYVNQDR-UHFFFAOYSA-N
cpd07911	STEREO_DIFF_REJECTED	STEREO_DIFF rejected: PubChem has fewer defined stereocenters (0 vs 4)	365489	KPPSNIXPCINDBZ-HFLBTKGNSA-N	KPPSNIXPCINDBZ-UHFFFAOYSA-N
cpd07912	STEREO_DIFF_REJECTED	STEREO_DIFF rejected: PubChem has fewer defined stereocenters (0 vs 4)	365489	KPPSNIXPCINDBZ-ZVBOOHQUSA-N	KPPSNIXPCINDBZ-UHFFFAOYSA-N
cpd07924	MISMATCH	MISMATCH: IGNORE:wrong_mapping (formula: stored=C10H15N3O14P3, pubchem=C10H14O) — requires manual review	7531	DLHNIFPAUZVLLA-XLPZGREQSA-K	RIWRBSMFKVOJMN-UHFFFAOYSA-N
cpd08004	MISMATCH	MISMATCH: IGNORE:wrong_mapping (formula: stored=C12H9Cl2N2O2, pubchem=C11H6F3NO3) — requires manual review	68459	XLDXIMZNPPNBFA-UHFFFAOYSA-M	BIRIVPOTERXIOW-UHFFFAOYSA-N
cpd08052	MISMATCH	MISMATCH: IGNORE:tautomer_connectivity (same heavy-atom connectivity, different H positions — tautomer not recognized by RDKit enumerator) — requires manual review	13806	XFKVYXCRNATCOO-UHFFFAOYSA-M	VYXSBFYARXAAKO-UHFFFAOYSA-N
cpd08063	MISMATCH	MISMATCH: IGNORE:tautomer_connectivity (same heavy-atom connectivity, different H positions — tautomer not recognized by RDKit enumerator) — requires manual review	65217	TUFFYSFVSYUHPA-UHFFFAOYSA-M	MYFATKRONKHHQL-UHFFFAOYSA-N
cpd08069	MISMATCH	MISMATCH: IGNORE:wrong_mapping (formula: stored=C131H235N39O31, pubchem=C10H12N2O4) — requires manual review	2877953	VDXZNPDIRNWWCW-UHFFFAOYSA-T	XZWVZJDHIDYKPB-UHFFFAOYSA-N
cpd08135	MISMATCH	MISMATCH: IGNORE:wrong_mapping (formula: stored=C13H6Cl4NO2, pubchem=C5H10Cl2Si) — requires manual review	75475	BDOBMVIEWHZYDL-UHFFFAOYSA-M	KPYXTYWOSWVJBL-UHFFFAOYSA-N
cpd08209	XREF_CONFLICT			XGNKMQBCAVIQOR-IHWYPQMZSA-M	
cpd08216	MISMATCH	MISMATCH: IGNORE:wrong_mapping (formula: stored=C25H37NO6S, pubchem=C8H8O2) — requires manual review	81564	BGGYAYMMFYBWEX-PJEAHERNSA-L	GHPODDMCSOYWNE-UHFFFAOYSA-N
cpd08221	MISMATCH	MISMATCH: IGNORE:wrong_mapping (formula: stored=C30H47N3O10S, pubchem=C9H18O3) — requires manual review	12943849	HXBAELAEMDXAJM-YBEJBUJJSA-L	XQTIFSCLEWPKCF-SSDOTTSWSA-N
cpd08291	MISMATCH	MISMATCH: IGNORE:wrong_mapping (formula: stored=C43H44ClN3O12, pubchem=C7H7NO5S) — requires manual review	8458	WNILXTVROMRWPH-YJESNTBUSA-P	ZDTXQHVBLWYPHS-UHFFFAOYSA-N
cpd08293	MISMATCH	MISMATCH: IGNORE:wrong_mapping (formula: stored=C43H46ClN3O12, pubchem=C11H11NO3) — requires manual review	709625	BOJUNPZGRNCNTI-JJYLQHECSA-P	YAADMLWHGMUGQL-VOTSOKGWSA-N
cpd08297	MISMATCH	MISMATCH: IGNORE:wrong_mapping (formula: stored=C32H39N8O20P3S, pubchem=C15H12N2) — requires manual review	69588	TWUWGOHYNMKFRS-QLBVCIFUSA-J	CPHGOBGXZQKCKI-UHFFFAOYSA-N
cpd08341	STEREO_DIFF_REJECTED	STEREO_DIFF rejected: PubChem has fewer defined stereocenters (20 vs 22)	11320601	YKSIHFDRGQQOCJ-FFZQLSOYSA-N	YKSIHFDRGQQOCJ-NSPRRIPUSA-N
cpd08361	STEREO_DIFF_REJECTED	STEREO_DIFF rejected: PubChem has fewer defined stereocenters (4 vs 6)	25201153	UPHPWXPNZIOZJL-KXXVROSKSA-B	UPHPWXPNZIOZJL-UYSNGIAKSA-A
cpd08369	XREF_CONFLICT			KTPLCQZQLKZXTI-LPFAUARPSA-G	
cpd08370	XREF_CONFLICT			CEUAMGIFALVCDB-QTESGACZSA-G	
cpd08427	MISMATCH	MISMATCH: IGNORE:wrong_mapping (formula: stored=C33H60N5O9, pubchem=C6H5ClN2O2) — requires manual review	345364	QNPQJKICJQEMBY-DAOOESDTSA-M	HWZUMEVIIGNXGM-UHFFFAOYSA-N
cpd08438	MISMATCH	MISMATCH: IGNORE:wrong_mapping (formula: stored=O4V, pubchem=C5H12O3S2) — requires manual review	22931856	CTCUHZQONANKCN-UHFFFAOYSA-N	JJRYDZAYWWFTQA-UHFFFAOYSA-N
cpd08441	XREF_CONFLICT			ZQHDSLZHMAUUQK-ZTYGKHTCSA-L	
cpd08454	XREF_CONFLICT			HOPZWKBQZZDSHF-JOYGSARASA-O	
cpd08472	STEREO_DIFF_REJECTED	STEREO_DIFF rejected: stereo_inversion: 9 of 10 shared stereocenters have different configuration	443342	JNNGEAWILNVFFD-QXYRDGMJSA-M	JNNGEAWILNVFFD-DXNVVGTLSA-N
cpd08486	XREF_CONFLICT			DZRPPMHBDFQTRM-GKTZRJCYSA-O	
cpd08489	MISMATCH	MISMATCH: IGNORE:wrong_mapping (formula: stored=C21H25N2O4, pubchem=C10H13NO) — requires manual review	735802	MCYFKSAEMZYBPP-YGNUYKAGSA-O	PAVMRYVMZLANOQ-MRVPVSSYSA-N
cpd08490	MISMATCH	MISMATCH: IGNORE:tautomer (same canonical tautomer, stored form curated for biological relevance) — requires manual review	11953961	WQHITQXKXQBIPT-YGNUYKAGSA-N	ALAYFJAHDKALQW-AXHNFQJDSA-O
cpd08501	MISMATCH	MISMATCH: IGNORE:wrong_mapping (formula: stored=C11H14ClN2, pubchem=C8H6N2O) — requires manual review	255799	NLPRAJRHRHZCQQ-XVBQNVSMSA-O	UFMBERDMCRCVSM-UHFFFAOYSA-N
cpd08531	STEREO_DIFF_REJECTED	STEREO_DIFF rejected: PubChem has fewer defined stereocenters (0 vs 2)	123697	ACZWIDANLCXHBM-SKBLSWPDSA-L	ACZWIDANLCXHBM-UHFFFAOYSA-N
cpd08546	MISMATCH	MISMATCH: IGNORE:wrong_mapping (formula: stored=C24H21N5O6, pubchem=C17H21FO4) — requires manual review	11141358	LTKHPMDRMUCUEB-IBGZPJMESA-L	CYELPLPLQCGHEV-JLHYYAGUSA-N
cpd08573	MISMATCH	MISMATCH: IGNORE:tautomer_connectivity (same heavy-atom connectivity, different H positions — tautomer not recognized by RDKit enumerator) — requires manual review	443398	CUVRQWZAXXYGOG-LBPRGKRZSA-O	HHRNQOGXBRYCHF-LBPRGKRZSA-N
cpd08597	STEREO_DIFF_REJECTED	STEREO_DIFF rejected: PubChem has fewer defined stereocenters (7 vs 8)	644209	CAHCBJPUTCKATP-NNFUYEGGSA-O	CAHCBJPUTCKATP-FAWZKKEFSA-N
cpd08600	MISMATCH	MISMATCH: IGNORE:wrong_mapping (formula: stored=C19H27Cl2N2O, pubchem=C5H5ClN2) — requires manual review	581796	VQLPLYSROCPWFF-QZTJIDSGSA-O	MVAXKFAQKTWRAH-UHFFFAOYSA-N
cpd08629	STEREO_DIFF_REJECTED	STEREO_DIFF rejected: PubChem has fewer defined stereocenters (0 vs 4)	443425	MVCDIAGKFJFPBB-JXBSUKTBSA-L	MVCDIAGKFJFPBB-UHFFFAOYSA-M
cpd08631	STEREO_DIFF_REJECTED	STEREO_DIFF rejected: PubChem has fewer defined stereocenters (1 vs 5)	443429	YXBIPIDDNARELO-KKNVGXODSA-K	YXBIPIDDNARELO-JSSVAETHSA-L
cpd08654	STEREO_DIFF_REJECTED	STEREO_DIFF rejected: PubChem has fewer defined stereocenters (8 vs 9)	443449	XNBWKKYPKJHUKD-AXLMTQBOSA-M	XNBWKKYPKJHUKD-JXHFLFEZSA-N
cpd08664	STEREO_DIFF_REJECTED	STEREO_DIFF rejected: PubChem has fewer defined stereocenters (6 vs 7)	443459	NJHXRWOUQCGQAV-PKZSZHAESA-M	NJHXRWOUQCGQAV-MMZROTCTSA-N
cpd08742	MISMATCH	MISMATCH: IGNORE:wrong_mapping (formula: stored=C31H46N7O17P3S, pubchem=C11H13BrO4) — requires manual review	285845	MPYXOYHSKAAPLW-AVJOVGNRSA-J	SJTJBIRPIITRRT-UHFFFAOYSA-N
cpd08744	MISMATCH	MISMATCH: IGNORE:wrong_mapping (formula: stored=C31H48N7O18P3S, pubchem=C3H9O3PS) — requires manual review	9039	LQMGDAUBYDSVAK-VEQIRKQXSA-J	WTUNGUOZHBRADH-UHFFFAOYSA-N
cpd08745	MISMATCH	MISMATCH: IGNORE:wrong_mapping (formula: stored=C31H46N7O18P3S, pubchem=C17H20O) — requires manual review	89144	ZDNHBFFDLIHLER-GIOVMEBGSA-J	OKFOGGVYBGIWSE-UHFFFAOYSA-N
cpd08801	MISMATCH	MISMATCH: IGNORE:wrong_mapping (formula: stored=C42H65N5O21S, pubchem=C15H14O2) — requires manual review	252568	LGBOBVYRTQDYBA-ZUGGQKJLSA-L	UEKKNMHEJIWKDR-UHFFFAOYSA-N
cpd08805	MISMATCH	MISMATCH: IGNORE:tautomer_connectivity (same heavy-atom connectivity, different H positions — tautomer not recognized by RDKit enumerator) — requires manual review	54704423	CTFJMTPWQZXWGH-ISIOAQNYSA-N	HZACOPMRVHUEFI-ISIOAQNYSA-N
cpd08806	XREF_CONFLICT			FPZLLRFZJZRHSY-HJYUBDRYSA-O	
cpd08808	STEREO_DIFF_REJECTED	STEREO_DIFF rejected: stereo_inversion: 1 of 22 shared stereocenters have different configuration	91825621	XJHXLMVKYIVZTE-QNFIFJGWSA-P	XJHXLMVKYIVZTE-LOALFDMRSA-P
cpd08826	MISMATCH	MISMATCH: IGNORE:wrong_mapping (formula: stored=C79H85Cl3N9O24, pubchem=C3H11NO6P2) — requires manual review	4368807	NUGCUVZKRIIKBF-UADAONDISA-O	PCTMREJZUSEOQD-UHFFFAOYSA-N
cpd08827	STEREO_DIFF_REJECTED	STEREO_DIFF rejected: stereo_inversion: 1 of 17 shared stereocenters have different configuration	16152970	AAPHCFFPXJQKHX-GLHDJCOUSA-O	AAPHCFFPXJQKHX-XDMXBEBWSA-N
cpd08832	MISMATCH	MISMATCH: IGNORE:wrong_mapping (formula: stored=C66H88N13O13, pubchem=C15H16O4) — requires manual review	15101860	GSXRBRIWJGAPDU-BBVRJQLQSA-O	GVOBJKJXYACWHR-UHFFFAOYSA-N
cpd08833	MISMATCH	MISMATCH: IGNORE:wrong_mapping (formula: stored=C72H109N12O20, pubchem=C13H12O3) — requires manual review	12747545	CUOJDWBMJMRDHN-VIHUIGFUSA-M	RDOFXDKHPHWUQW-UHFFFAOYSA-N
cpd08838	MISMATCH	MISMATCH: IGNORE:metal_representation_diff (metal coordination or charge representation differs) — requires manual review	56928075	CYGWTJMCJJCQOD-YIQDADEHSA-M	UFQXFJJSBICVNO-BMSLWYEYSA-N
cpd08858	MISMATCH	MISMATCH: IGNORE:wrong_mapping (formula: stored=C47H66O13, pubchem=C13H16O3) — requires manual review	98283	IOBYJKGBKZPFPF-HECGZWQHSA-N	WFLUEQCOAQCQLP-UHFFFAOYSA-N
cpd08861	MISMATCH	MISMATCH: IGNORE:wrong_mapping (formula: stored=C20H25N2O, pubchem=C8H9NO3) — requires manual review	69308	VBEQZFNVRMPLSM-DTIPLSSUSA-O	LFOLBPDHVGDKGJ-UHFFFAOYSA-N
cpd08874	MISMATCH	MISMATCH: IGNORE:wrong_mapping (formula: stored=C14H11O4, pubchem=C11H15BClNO2) — requires manual review	12067060	DDJMTYQKHHPPOP-QPJJXVBHSA-M	XFZFMAUUZHBQSS-UHFFFAOYSA-N
cpd08887	MISMATCH	MISMATCH: IGNORE:tautomer (same canonical tautomer, stored form curated for biological relevance) — requires manual review	55977	DQGOJKVIMNNGAH-UHFFFAOYSA-N	RWJXTYSZCDAMCD-UHFFFAOYSA-N
cpd08899	MISMATCH	MISMATCH: IGNORE:wrong_mapping (formula: stored=C15H11N2O3, pubchem=C28H32BN3O4S) — requires manual review	49759079	OWDPOEGUZYTAJW-MRVPVSSYSA-M	KMPFYNPZTKSJHQ-UHFFFAOYSA-N
cpd08912	MISMATCH	MISMATCH: IGNORE:wrong_mapping (formula: stored=C57H59O34, pubchem=C6H3ClFI) — requires manual review	2736563	SXQVVJLKKXCRRI-BPHWPHSASA-M	VNMRRTIDEYNZOV-UHFFFAOYSA-N
cpd08913	MISMATCH	MISMATCH: IGNORE:wrong_mapping (formula: stored=C60H60O37, pubchem=C8H6ClN) — requires manual review	87110	OEWULMGIAMZUKA-WQGAUDPLSA-L	MYTGFBZJLDLWQG-UHFFFAOYSA-N
cpd08915	MISMATCH	MISMATCH: IGNORE:wrong_mapping (formula: stored=C58H56O36, pubchem=C9H7ClN2O) — requires manual review	11183174	CIEYYIPVFQMNPA-YGPFERFGSA-L	MREJJMASIQVOTH-UHFFFAOYSA-N
cpd08919	XREF_CONFLICT			NVBLGZSVOCZYSB-GQUPQBGVSA-N	
cpd08920	XREF_CONFLICT			FOTVSBOQCPDUFW-PEVLUNPASA-N	
cpd08922	XREF_CONFLICT			CLRPHHQWISAVTG-OXUVVOBNSA-N	
cpd08923	XREF_CONFLICT			UVVASRPYKPUSTA-OUUKCGNVSA-N	
cpd08931	MISMATCH	MISMATCH: IGNORE:wrong_mapping (formula: stored=C29H39O6, pubchem=C14H17NO3) — requires manual review	2890	BXPDHYNAAYOQOQ-XBBODHJJSA-M	LJUNPHMOGNFFOS-UHFFFAOYSA-N
cpd08932	STEREO_DIFF_REJECTED	STEREO_DIFF rejected: stereo_inversion: 1 of 17 shared stereocenters have different configuration	5282079	WKTLNJXZVDLRTJ-NVMPMOQHSA-N	WKTLNJXZVDLRTJ-QRRXZRELSA-N
cpd08945	STEREO_DIFF_REJECTED	STEREO_DIFF rejected: PubChem has fewer defined stereocenters (4 vs 5)	443670	KWAOMPWGIIXDPH-LTTZEQNMSA-O	KWAOMPWGIIXDPH-MVWHLILJSA-N
cpd08950	MISMATCH	MISMATCH: IGNORE:wrong_mapping (formula: stored=C19H24NO6, pubchem=C18H18N2O3) — requires manual review	24898515	DTTIPGMCFAKXCP-UAFONNFLSA-O	AYNDDJMEHBUOGI-UHFFFAOYSA-N
cpd08952	MISMATCH	MISMATCH: IGNORE:wrong_mapping (formula: stored=C20H24NO6, pubchem=C10H12O3) — requires manual review	245987	IUKYXZADSGGCJJ-UJXPUUNTSA-O	XWAVPOFYNPXXEL-UHFFFAOYSA-N
cpd08956	MISMATCH	MISMATCH: IGNORE:wrong_mapping (formula: stored=C35H47NO10, pubchem=C12H11NO) — requires manual review	11816284	MHOUUNHTVCQAIF-HRFOQIDISA-N	WOLBUCVAZJNGTL-UHFFFAOYSA-N
cpd08970	MISMATCH	MISMATCH: IGNORE:wrong_mapping (formula: stored=C17H20NO4, pubchem=C8H6ClN) — requires manual review	142742	VLDOBKJPRUQEEC-FVQBIDKESA-O	ZZAJFWXXFZTTLH-UHFFFAOYSA-N
cpd09019	MISMATCH	MISMATCH: IGNORE:wrong_mapping (formula: stored=C23H28NO8, pubchem=C8H11ClSi) — requires manual review	13029	FBWQZJWDTGIERI-MIYFKOFASA-O	KWYZNESIGBQHJK-UHFFFAOYSA-N
cpd09025	MISMATCH	MISMATCH: IGNORE:wrong_mapping (formula: stored=C35H44NO10, pubchem=C11H20O4) — requires manual review	15511556	DWSNNJANRGBGNU-SMGNAMCTSA-M	MCHRBOFYIGYFPP-VIFPVBQESA-N
cpd09104	MISMATCH	MISMATCH: IGNORE:wrong_mapping (formula: stored=C26H36NO6, pubchem=C29H37NO2) — requires manual review	15434420	QQRXJJYMLPMZPS-FOBKFMRFSA-N	GVKBRMPULOEHLO-HHHXNRCGSA-N
cpd09106	MISMATCH	MISMATCH: IGNORE:wrong_mapping (formula: stored=C26H32NO4, pubchem=C10H12O3) — requires manual review	13688462	WTGMKSGYOMOVSY-FNBVWYOKSA-M	WOAXKTCKJQSLCB-UHFFFAOYSA-N
cpd09111	MISMATCH	MISMATCH: IGNORE:wrong_mapping (formula: stored=C26H32NO4, pubchem=C9H9ClO4) — requires manual review	22883	BHQAJMGEYYHIGV-JKSUJKDBSA-O	ZJRUTGDCLVIVRD-UHFFFAOYSA-N
cpd09132	XREF_CONFLICT			XCIQCJDABRSRPD-DWSZVYAXSA-N	
cpd09133	MISMATCH	MISMATCH: IGNORE:tautomer_connectivity (same heavy-atom connectivity, different H positions — tautomer not recognized by RDKit enumerator) — requires manual review	129395	FVBONYMGQSELGJ-JUKGBBNCSA-N	QSPIPUXWSNFXCK-AGILITTLSA-N
cpd09134	MISMATCH	MISMATCH: IGNORE:tautomer_connectivity (same heavy-atom connectivity, different H positions — tautomer not recognized by RDKit enumerator) — requires manual review	10009567	VEGRBTMPAZLYSO-JLPOCNGGSA-N	OYEXGNNKRQPUBW-FJYHMNRNSA-N
cpd09139	MISMATCH	MISMATCH: IGNORE:wrong_mapping (formula: stored=C40H49O18, pubchem=C5H5ClN2O) — requires manual review	74403	AASZIVFAOBUOTM-QGYAIUEGSA-M	XBJLKXOOHLLTPG-UHFFFAOYSA-N
cpd09146	MISMATCH	MISMATCH: IGNORE:wrong_mapping (formula: stored=C18H9N2O4, pubchem=C22H25F2N3O2S) — requires manual review	67214570	HQBBWGCZACJJJB-UHFFFAOYSA-M	RKTAZGBNWGMPHR-UHFFFAOYSA-N
cpd09168	XREF_CONFLICT			QDTWEFYUJUHTQY-UHFFFAOYSA-L	
cpd09172	MISMATCH	MISMATCH: IGNORE:wrong_mapping (formula: stored=C21H16O7, pubchem=C36H39ClN2O3S) — requires manual review	20084246	IHAACFJGQDINAI-UHFFFAOYSA-L	LGPVYVUYKWUSAV-UHFFFAOYSA-N
cpd09173	XREF_CONFLICT			WTCFRKORYWVLAQ-UHFFFAOYSA-L	
cpd09174	XREF_CONFLICT			BQJNFNNZXWQNOB-UHFFFAOYSA-M	
cpd09192	MISMATCH	MISMATCH: IGNORE:wrong_mapping (formula: stored=C8H16NO, pubchem=C6H4ClNO2) — requires manual review	79222	LOFDEIYZIAVXHE-YUMQZZPRSA-O	UAWMVMPAYRWUFX-UHFFFAOYSA-N
cpd09201	MISMATCH	MISMATCH: IGNORE:wrong_mapping (formula: stored=C30H46N8O18P3S, pubchem=C9H14O3) — requires manual review	95448	LWFFRRDSDGEAQK-ZSCOKQQMSA-K	IXKFNTFJUHTDNE-UHFFFAOYSA-N
cpd09213	MISMATCH	MISMATCH: IGNORE:wrong_mapping (formula: stored=C9H5ClNO4, pubchem=C7H10O3) — requires manual review	10130016	IUKNBHUPGHNINH-UHFFFAOYSA-M	RIJWDPRXCXJDPK-UHFFFAOYSA-N
cpd09215	MISMATCH	MISMATCH: IGNORE:wrong_mapping (formula: stored=C28H29ClNO10, pubchem=C6H3N3O2) — requires manual review	568650	PVBGAGFRLSUWAK-CXTNQITHSA-M	ONDDYTHSSNTDLR-UHFFFAOYSA-N
cpd09216	MISMATCH	MISMATCH: IGNORE:wrong_mapping (formula: stored=C29H31ClNO10, pubchem=C13H7Cl2NO) — requires manual review	13000268	FLWNVTUDIWPFJL-ZJTSJXPUSA-M	REOFTPBYJKJOPQ-UHFFFAOYSA-N
cpd09221	MISMATCH	MISMATCH: IGNORE:wrong_mapping (formula: stored=C17H12N2O7, pubchem=C18H24N2O3) — requires manual review	53485924	DBCRBUVJYHSJEQ-UHFFFAOYSA-L	SGZSHVUSFGUOCM-UHFFFAOYSA-N
cpd09222	MISMATCH	MISMATCH: IGNORE:wrong_mapping (formula: stored=C27H19N3O10, pubchem=C14H14ClNO) — requires manual review	102944	KUACUXAJPDYURP-UHFFFAOYSA-L	SIGGISMALGOPAO-UHFFFAOYSA-N
cpd09223	MISMATCH	MISMATCH: IGNORE:wrong_mapping (formula: stored=C43H47N3O18, pubchem=C17H19ClN2OS) — requires manual review	15818794	MDWKFXALIRELND-UYUGCTTCSA-L	PSQXUHVOOSIWTL-UHFFFAOYSA-N
cpd09230	STEREO_DIFF_REJECTED	STEREO_DIFF rejected: PubChem has fewer defined stereocenters (1 vs 3)	5311309	OELFLUMRDSZNSF-BRWVUGGUSA-M	OELFLUMRDSZNSF-OFLPRAFFSA-N
cpd09255	XREF_CONFLICT			UFMCZIKUXUBKOL-SDRUEKIVSA-L	
cpd09261	MISMATCH	MISMATCH: IGNORE:wrong_mapping (formula: stored=C27H29O15, pubchem=C9H8ClN3) — requires manual review	3820802	SHPPXMGVUDNKLV-KMFFXDMSSA-M	HLKDVENNWRMMOS-UHFFFAOYSA-N
cpd09275	XREF_CONFLICT			PJLJEKUBOITBPI-ASZXTAQUSA-N	
cpd09285	MISMATCH	MISMATCH: IGNORE:wrong_mapping (formula: stored=C25H32NaO8, pubchem=C20H31NO3) — requires manual review	122706677	HLHQSPQPHMOTMP-FKIWUUNWSA-M	ZIJOERJCUZAWQB-HIQFOQTISA-N
cpd09337	MISMATCH	MISMATCH: IGNORE:wrong_mapping (formula: stored=C54H72N8O25, pubchem=C21H26N2O2) — requires manual review	23584250	SXUHAXWFSQWHCG-DPLGGHQZSA-N	OEENWGJJSQGRID-UHFFFAOYSA-N
cpd09366	MISMATCH	MISMATCH: IGNORE:wrong_mapping (formula: stored=C22H24ClN2O9, pubchem=C13H11FO3S) — requires manual review	12535076	UBDNTYUBJLXUNN-IFLJXUKPSA-M	MRHDJDZJOOZLDD-UHFFFAOYSA-N
cpd09375	MISMATCH	MISMATCH: IGNORE:metal_representation_diff (metal coordination or charge representation differs) — requires manual review	16683874	AMJXSDJRYOAQME-UHFFFAOYSA-N	HWSISDHAHRVNMT-UHFFFAOYSA-N
cpd09394	STEREO_DIFF_REJECTED	STEREO_DIFF rejected: stereo_inversion: 1 of 35 shared stereocenters have different configuration	444041	WHGYBXFWUBPSRW-OMSKNMJKSA-N	WHGYBXFWUBPSRW-FOUAGVGXSA-N
cpd09421	MISMATCH	MISMATCH: IGNORE:wrong_mapping (formula: stored=C14H21N4O9P2S, pubchem=C10H12Cl2) — requires manual review	23557572	IVZLQSNMVFZOLQ-UHFFFAOYSA-M	ZFHLUUHAMWNEJI-UHFFFAOYSA-N
cpd09456	MISMATCH	MISMATCH: IGNORE:wrong_mapping (formula: stored=C29H31ClN3O9S, pubchem=C9H8O2) — requires manual review	68110	HYYMPXVEPSKZOU-SPIKMXEPSA-K	MSTDXOZUKAQDRL-UHFFFAOYSA-N
cpd09471	STEREO_DIFF_REJECTED	STEREO_DIFF rejected: stereo_inversion: 1 of 18 shared stereocenters have different configuration	16152170	SUFIXUDUKRJOBH-WTFWTRATSA-M	SUFIXUDUKRJOBH-JSMFNTJWSA-N
cpd09500	STEREO_DIFF_REJECTED	STEREO_DIFF rejected: PubChem has fewer defined stereocenters (2 vs 3)	656665	ZNRGQMMCGHDTEI-ITGUQSILSA-O	ZNRGQMMCGHDTEI-FUNVUKJBSA-N
cpd09574	STEREO_DIFF_REJECTED	STEREO_DIFF rejected: PubChem has fewer defined stereocenters (0 vs 1)	4881	PNFZSRRRZNXSMF-WUKNDPDISA-I	PNFZSRRRZNXSMF-UHFFFAOYSA-N
cpd09579	MISMATCH	MISMATCH: IGNORE:wrong_mapping (formula: stored=C31H43N2O6, pubchem=C8H8ClNO3) — requires manual review	12829011	ISNYUQWBWALXEY-KQSRDXMQSA-O	GQIGLHVYCRDEFF-UHFFFAOYSA-N
cpd09584	MISMATCH	MISMATCH: IGNORE:wrong_mapping (formula: stored=C10H19N7O4, pubchem=C9H9N3) — requires manual review	2735399	RPQXVSUAYFXFJA-HGRQIUPRSA-P	WGZDTRWVJYXEFO-UHFFFAOYSA-N
cpd09601	MISMATCH	MISMATCH: IGNORE:wrong_mapping (formula: stored=C23H29ClN5O3, pubchem=C9H5ClFN3) — requires manual review	640536	MREBEPTUUMTTIA-PCLIKHOPSA-O	FDEAZDLUUDWXIE-UHFFFAOYSA-N
cpd09613	MISMATCH	MISMATCH: IGNORE:wrong_mapping (formula: stored=C18H33O3, pubchem=C6H11BrO2) — requires manual review	520656	PVMIAUUBHIBDJY-DLBZAZTESA-M	WMDHQEHPOVOEOG-UHFFFAOYSA-N
cpd09638	MISMATCH	MISMATCH: IGNORE:wrong_mapping (formula: stored=C22H33O5, pubchem=C12H16ClNO4) — requires manual review	2734261	XAFFULPVQSAGOV-GSPMAKDWSA-M	ROWPWZMWICGKBY-FVGYRXGTSA-N
cpd09656	MISMATCH	MISMATCH: IGNORE:tautomer (same canonical tautomer, stored form curated for biological relevance) — requires manual review	656759	HHZWHXHTVABHTP-UHFFFAOYSA-N	YMEXYIFTFLKKQK-UHFFFAOYSA-N
cpd09666	STEREO_DIFF_REJECTED	STEREO_DIFF rejected: PubChem has fewer defined stereocenters (0 vs 1)	656767	MMGAVKCAGQCFHS-XDOYNYLZSA-O	MMGAVKCAGQCFHS-UHFFFAOYSA-N
cpd09697	STEREO_DIFF_REJECTED	STEREO_DIFF rejected: PubChem has fewer defined stereocenters (6 vs 7)	71296231	PDLAMJKMOKWLAJ-NSQTWWIKSA-M	PDLAMJKMOKWLAJ-ZNHRTHKOSA-M
cpd09699	MISMATCH	MISMATCH: IGNORE:wrong_mapping (formula: stored=C37H70O11P2, pubchem=C6H6Cl2N2) — requires manual review	11860	KGPOTEGAEDLRDC-ZCXUNETKSA-L	HQCHAOKWWKLXQH-UHFFFAOYSA-N
cpd09706	MISMATCH	MISMATCH: IGNORE:wrong_mapping (formula: stored=C32H59NO11P, pubchem=C9H13N) — requires manual review	73844	URBBRAZIPCKXJD-GHVJWSGMSA-M	RLIPQCDHACHPJW-UHFFFAOYSA-N
cpd09707	MISMATCH	MISMATCH: IGNORE:wrong_mapping (formula: stored=C32H57NO11P, pubchem=C6HBr3Cl2) — requires manual review	643342	PEZXEQJZQAVYCZ-GHVJWSGMSA-M	VMDXHIDUWUOGDU-UHFFFAOYSA-N
cpd09712	MISMATCH	MISMATCH: IGNORE:wrong_mapping (formula: stored=C52H96N2O20P2, pubchem=C7H4Cl2F3NO) — requires manual review	688247	GOWLTLODGKPXMN-MWJFIXGVSA-J	FKISQWQHZULEEG-UHFFFAOYSA-N
cpd09732	MISMATCH	MISMATCH: IGNORE:wrong_mapping (formula: stored=C63H121N2O21P, pubchem=C7H5F3N2O) — requires manual review	6425058	NOMMSPDMDKUROE-YIMSBROXSA-N	PNXJWEQRIVLWBG-UHFFFAOYSA-N
cpd09735	MISMATCH	MISMATCH: IGNORE:wrong_mapping (formula: stored=C17H31O3, pubchem=C20H26N4O5S) — requires manual review	65713	KGJRSNOTKLROQM-QXMHVHEDSA-M	GZKDXUIWCNCNBJ-UHFFFAOYSA-N
cpd09777	MISMATCH	MISMATCH: IGNORE:wrong_mapping (formula: stored=C38H64NO14, pubchem=C11H12O3) — requires manual review	2799640	CQSPEFZMAFYKML-RQWHEHCQSA-O	YCJSSCAQCRQQJT-UHFFFAOYSA-N
cpd09824	MISMATCH	MISMATCH: IGNORE:wrong_mapping (formula: stored=C32H32BrN2O2, pubchem=C8H17NO2) — requires manual review	1615251	QUIJNHUBAXPXFS-XLJNKUFUSA-O	AKVBCGQVQXPRLD-SSDOTTSWSA-N
cpd09825	MISMATCH	MISMATCH: IGNORE:wrong_mapping (formula: stored=C23H31N4O4S2, pubchem=C19H24IN3) — requires manual review	13620386	UFOXIKRFTOAYEM-UHFFFAOYSA-O	RZMYMHBVAQVDTA-UHFFFAOYSA-M
cpd09828	MISMATCH	MISMATCH: IGNORE:wrong_mapping (formula: stored=C21H31N4O5S, pubchem=C6H12O2) — requires manual review	92886	TWHZNAUBXFZMCA-UHFFFAOYSA-O	PFURGBBHAOXLIO-PHDIDXHHSA-N
cpd10179	MISMATCH	MISMATCH: IGNORE:tautomer_connectivity (same heavy-atom connectivity, different H positions — tautomer not recognized by RDKit enumerator) — requires manual review	73266	VEOLNAAQJHGJPM-UHFFFAOYSA-N	XFLJNCDBYCPPTE-UHFFFAOYSA-N
cpd10238	MISMATCH	MISMATCH: IGNORE:wrong_mapping (formula: stored=C50H62N4O13, pubchem=C9H16ClNO2) — requires manual review	53346635	KVZFNKDWHMIVJP-VDPAUJFTSA-N	BFJADPWUALFXHF-UHFFFAOYSA-N
cpd10312	MISMATCH	MISMATCH: IGNORE:wrong_mapping (formula: stored=C13H11O3, pubchem=AuCl3) — requires manual review	26030	NHGXZNWPADXVOA-UHFFFAOYSA-M	RJHLTVSLYWWTEF-UHFFFAOYSA-K
cpd10316	STEREO_DIFF_REJECTED	STEREO_DIFF rejected: PubChem has fewer defined stereocenters (0 vs 1)	10317	IWRVPXDHSLTIOC-FOCLMDBBSA-N	IWRVPXDHSLTIOC-UHFFFAOYSA-N
cpd10325	STEREO_DIFF_REJECTED	STEREO_DIFF rejected: PubChem has fewer defined stereocenters (0 vs 1)	20191	JRQFCUCILBFUNR-QURGRASLSA-M	JRQFCUCILBFUNR-UHFFFAOYSA-N
cpd10327	MISMATCH	MISMATCH: IGNORE:tautomer (same canonical tautomer, stored form curated for biological relevance) — requires manual review	5355012	YIWMQGFUDMPIHR-YNZDMMAESA-N	DKCLFTBKKHWBQS-CVEXGSQQSA-N
cpd10419	MISMATCH	MISMATCH: IGNORE:wrong_mapping (formula: stored=C35H44NO10, pubchem=C6H11NO2) — requires manual review	1516524	VFGOUSMZKMNRLA-CVQHHNHTSA-M	JXNPHMVNQPDXQI-ZCFIWIBFSA-N
cpd10420	MISMATCH	MISMATCH: IGNORE:wrong_mapping (formula: stored=C35H42NO11, pubchem=C9H12NO3P) — requires manual review	14984422	NCODPHFFVLKXKM-UIYPQIFSSA-M	YJFRDRWPYDVEIH-UHFFFAOYSA-N
cpd10425	STEREO_DIFF_REJECTED	STEREO_DIFF rejected: stereo_inversion: 1 of 11 shared stereocenters have different configuration	25244479	OBIXNJCNRZELPA-UPUMJZKOSA-N	OBIXNJCNRZELPA-FFICIXETSA-M
cpd10428	MISMATCH	MISMATCH: IGNORE:wrong_mapping (formula: stored=C12H3Cl6O, pubchem=C7H3ClN2O2) — requires manual review	96924	KVRQWFNZIYFJRU-UHFFFAOYSA-M	OZKOAADVLVCNFO-UHFFFAOYSA-N
cpd10443	STEREO_DIFF_REJECTED	STEREO_DIFF rejected: PubChem has fewer defined stereocenters (0 vs 1)	22544	STUSTWKEFDQFFZ-KPKJPENVSA-O	STUSTWKEFDQFFZ-UHFFFAOYSA-N
cpd10478	MISMATCH	MISMATCH: IGNORE:wrong_mapping (formula: stored=C20H31O4, pubchem=C8H9Cl2N) — requires manual review	11019637	GELFSVXLSDZDHE-YZSNCDGGSA-M	BAIWBDZQCQHMJV-UHFFFAOYSA-N
cpd10493	MISMATCH	MISMATCH: IGNORE:wrong_mapping (formula: stored=C15H16NO4S, pubchem=C7H12O5) — requires manual review	10899190	UPBOCTGEVBXZNT-BFHYXJOUSA-M	VYIAVSSPOVEPGX-AZGQCCRYSA-N
cpd10495	MISMATCH	MISMATCH: IGNORE:wrong_mapping (formula: stored=C15H16NO4S, pubchem=C6H8ClN3) — requires manual review	248655	UPBOCTGEVBXZNT-IHRRRGAJSA-M	RRMVDLLCVGZDMH-UHFFFAOYSA-N
cpd10496	MISMATCH	MISMATCH: IGNORE:wrong_mapping (formula: stored=C13H11O4S, pubchem=C14H11ClO3S) — requires manual review	2756268	QXVZFNDFYUXZBW-ZYHUDNBSSA-M	RQXCOVHVSGLWBA-UHFFFAOYSA-N
cpd10502	MISMATCH	MISMATCH: IGNORE:wrong_mapping (formula: stored=C20H23N4O9S, pubchem=C25H40ClN3O8) — requires manual review	164457	SFJZEQDXMXSLGC-RJXQQRCHSA-M	DLPGJHSONYLBKP-IKGOIYPNSA-N
cpd10503	MISMATCH	MISMATCH: IGNORE:wrong_mapping (formula: stored=C20H23N4O9S, pubchem=C17H19N5O2) — requires manual review	134019	ASZHPHJDCUIIBF-RJXQQRCHSA-M	PEZPMAYDXJQYRV-UHFFFAOYSA-N
cpd10532	MISMATCH	MISMATCH: IGNORE:wrong_mapping (formula: stored=C18H33O5, pubchem=C36H24N6) — requires manual review	5103711	NTVFQBIHLSPEGQ-BUHFOSPRSA-M	NXMHYAQTBVTLRK-UHFFFAOYSA-N
cpd10542	MISMATCH	MISMATCH: IGNORE:tautomer (same canonical tautomer, stored form curated for biological relevance) — requires manual review	11954064	AXBNSRXSRRJVIX-UHFFFAOYSA-N	NIXDKVLCYSTGRG-UHFFFAOYSA-N
cpd10544	MISMATCH	MISMATCH: IGNORE:wrong_mapping (formula: stored=C16H21BrN3O7S, pubchem=C10H19NO2) — requires manual review	4180856	WIPMNDWTVDZAHE-JYBOHDQNSA-M	MESKMUAFJDWOAR-UHFFFAOYSA-N
cpd10552	MISMATCH	MISMATCH: IGNORE:wrong_mapping (formula: stored=C30H28N3O7S, pubchem=C10H10N2O4) — requires manual review	667651	PZXCOGFLSNREMF-SUZCJKPRSA-M	TXFYQWADOFKHHB-WDSKDSINSA-N
cpd10553	MISMATCH	MISMATCH: IGNORE:wrong_mapping (formula: stored=C30H28N3O7S, pubchem=C28H24NOP) — requires manual review	10875716	GODDWIDSELPRPA-QMIJOYDGSA-M	PXKBZZCPBWBSKT-QHCPKHFHSA-N
cpd10558	MISMATCH	MISMATCH: IGNORE:wrong_mapping (formula: stored=C12H18Cl2N3O7S, pubchem=C5H10O3) — requires manual review	15146	RULDRNMMLPUXQI-LBHDVABESA-M	LDLDJEAVRNAEBW-UHFFFAOYSA-N
cpd10560	MISMATCH	MISMATCH: IGNORE:wrong_mapping (formula: stored=C22H32N6O13S2, pubchem=C14H18O2) — requires manual review	345877	QEJUVDVAWJBQIG-CYDGBPFRSA-L	PBYZBGVGPMEGRS-UHFFFAOYSA-N
cpd10566	MISMATCH	MISMATCH: IGNORE:wrong_mapping (formula: stored=C8H10Cl3O7, pubchem=C14H18N2O8) — requires manual review	84723	IQOASJJGUQMXDW-GHQVIJFQSA-M	OMRLTNCLYHKQCK-RKQHYHRCSA-N
cpd10574	MISMATCH	MISMATCH: IGNORE:wrong_mapping (formula: stored=C12H15N6O4S, pubchem=C21H10BrCl2F2N3O2) — requires manual review	72549401	QTHQULFDYKSQCN-ZETCQYMHSA-M	QMAZRSUPTPGICQ-UHFFFAOYSA-N
cpd10625	STEREO_DIFF_REJECTED	STEREO_DIFF rejected: PubChem has fewer defined stereocenters (6 vs 7)	252290	GHSYWLKHFMASTM-SWTXWOMWSA-O	GHSYWLKHFMASTM-FEZCWRLCSA-N
cpd10645	STEREO_DIFF_REJECTED	STEREO_DIFF rejected: PubChem has fewer defined stereocenters (0 vs 1)	249680	VVHLUWPBNLMWJB-FOKLQQMPSA-N	VVHLUWPBNLMWJB-UHFFFAOYSA-N
cpd10646	STEREO_DIFF_REJECTED	STEREO_DIFF rejected: PubChem has fewer defined stereocenters (0 vs 1)	249679	LHPIPCCMOMTVQL-FOKLQQMPSA-N	LHPIPCCMOMTVQL-UHFFFAOYSA-N
cpd10647	STEREO_DIFF_REJECTED	STEREO_DIFF rejected: PubChem has fewer defined stereocenters (0 vs 1)	249677	ZKALLZGPPRUEMZ-WSDLNYQXSA-N	ZKALLZGPPRUEMZ-UHFFFAOYSA-N
cpd10654	MISMATCH	MISMATCH: IGNORE:wrong_mapping (formula: stored=C19H32NO, pubchem=C24H16Si) — requires manual review	135976	GWLZIXUQGCRFNW-QSMSVPEVSA-O	FAMRBROKCVCCCX-UHFFFAOYSA-N
cpd10731	XREF_CONFLICT			YHIPILPTUVMWQT-UHFFFAOYSA-N	
cpd10816	MISMATCH	MISMATCH: IGNORE:wrong_mapping (formula: stored=C16H14NO3, pubchem=C9H10N2) — requires manual review	74525	DXKRVBFWTXQSNQ-GDNBJRDFSA-M	MVHOAOSHABGEFL-UHFFFAOYSA-N
cpd10820	MISMATCH	MISMATCH: IGNORE:tautomer (same canonical tautomer, stored form curated for biological relevance) — requires manual review	16818	FGTXISRRKAWTCP-LUCRAQOWSA-N	LWCFGFNTFZFVOY-LUCRAQOWSA-N
cpd10856	MISMATCH	MISMATCH: IGNORE:wrong_mapping (formula: stored=C25H32NO3, pubchem=C11H22O2) — requires manual review	208925	SBRIHEHOOSDSDU-UHFFFAOYSA-O	YCYMCMYLORLIJX-SNVBAGLBSA-N
cpd10867	MISMATCH	MISMATCH: IGNORE:wrong_mapping (formula: stored=C23H36O5P, pubchem=C7H12N2O) — requires manual review	7172184	YTHYJGZYFUJIFJ-NIPOZLBPSA-M	CIZQKYSGJAQKTI-UHFFFAOYSA-N
cpd10908	STEREO_DIFF_REJECTED	STEREO_DIFF rejected: PubChem has fewer defined stereocenters (0 vs 6)	727	JLYXXMFPNIAWKQ-LKPKBOIGSA-N	JLYXXMFPNIAWKQ-UHFFFAOYSA-N
cpd10935	MISMATCH	MISMATCH: IGNORE:wrong_mapping (formula: stored=C12H2Cl5O2, pubchem=C6H2ClF3N4) — requires manual review	6053911	DLGPRCXDKCFDCG-UHFFFAOYSA-M	GRFXWPMEDWAEMH-UHFFFAOYSA-N
cpd10965	MISMATCH	MISMATCH: IGNORE:wrong_mapping (formula: stored=C30H50O2, pubchem=C10H9ClN2S) — requires manual review	727745	BZNIIOGSANMIET-MIJYWZELSA-N	AZSAJPPZQCIVPK-UHFFFAOYSA-N
cpd11118	MISMATCH	MISMATCH: IGNORE:wrong_mapping (formula: stored=C14H14Cl2NO, pubchem=C5H6N2O3) — requires manual review	75722	ILMMSBJXXQIEEM-UHFFFAOYSA-O	DCGGMHIZEAHUJL-UHFFFAOYSA-N
cpd11142	MISMATCH	MISMATCH: IGNORE:wrong_mapping (formula: stored=C14H14Cl2N2, pubchem=C10H9ClO) — requires manual review	4456139	QHDAFTKIEDDTPV-SEPHDYHBSA-L	QQSYTUUAEZUAKL-UHFFFAOYSA-N
cpd11149	MISMATCH	MISMATCH: IGNORE:wrong_mapping (formula: stored=C20H28O4, pubchem=C5H4N4O) — requires manual review	309158	YJYIIEWKRFWJMV-VEEKTTQZSA-N	YAKNECSSHHNRNA-UHFFFAOYSA-N
cpd11165	MISMATCH	MISMATCH: IGNORE:wrong_mapping (formula: stored=C12H20N3O, pubchem=C13H10N2O) — requires manual review	121965	MEYPAYJYAZKERR-JLHYYAGUSA-O	PIGCSKVALLVWKU-UHFFFAOYSA-N
cpd11166	MISMATCH	MISMATCH: IGNORE:wrong_mapping (formula: stored=C6H14NO4, pubchem=C9H11BO4) — requires manual review	2776398	TVTGZVYLUHVBAJ-GASJEMHNSA-O	CSNCBPVLUIFJOS-UHFFFAOYSA-N
cpd11202	XREF_CONFLICT			KWFFKDJAQYNXQM-UHFFFAOYSA-M	
cpd11214	STEREO_DIFF_REJECTED	STEREO_DIFF rejected: PubChem has fewer defined stereocenters (14 vs 15)	44229190	IGWCSVFNNDSUBK-OQYZAPKFSA-M	IGWCSVFNNDSUBK-WFOXJJRZSA-M
cpd11249	XREF_CONFLICT			WHLSOCOQLVIMEP-GOSISDBHSA-M	
cpd11255	XREF_CONFLICT			CJVJCLINYXKYNP-UHFFFAOYSA-N	
cpd11271	MISMATCH	MISMATCH: IGNORE:wrong_mapping (formula: stored=C31H29N2O5, pubchem=C12H17NO6) — requires manual review	122647	GGUVRMBIEPYOKL-WMVCGJOFSA-M	MIAKOEWBCMPCQR-GCHJQGSQSA-N
cpd11274	MISMATCH	MISMATCH: IGNORE:wrong_mapping (formula: stored=C30H28N3O4, pubchem=C15H11N3O3) — requires manual review	2750328	QTQMRBZOBKYXCG-MHZLTWQESA-M	FDAVFKZPGQEGDX-UHFFFAOYSA-N
cpd11283	MISMATCH	MISMATCH: IGNORE:wrong_mapping (formula: stored=C28H21Cl3NO4, pubchem=C24H42O21) — requires manual review	446495	BYTNEISLBIENSA-MDZDMXLPSA-M	LUEWUZLMQUOBSB-ZLBHSGTGSA-N
cpd11301	STEREO_DIFF_REJECTED	STEREO_DIFF rejected: PubChem has fewer defined stereocenters (9 vs 11)	45266732	HEPUIGACZYVUCD-YZRQSVRMSA-O	HEPUIGACZYVUCD-PGVKBZDESA-O
cpd11312	MISMATCH	MISMATCH: IGNORE:wrong_mapping (formula: stored=C49H54FeN4O6, pubchem=C7H7BO4) — requires manual review	4192659	ZGGYGTCPXNDTRV-ONCSLILDSA-J	BEIKNVAUEWMMAZ-UHFFFAOYSA-N
cpd11313	MISMATCH	MISMATCH: IGNORE:wrong_mapping (formula: stored=C49H56FeN4O5, pubchem=C6H12O6) — requires manual review	107428	FISPASSVCDRERW-KVGORYHISA-J	BJHIKXHVCXFQLS-PYWDMBMJSA-N
cpd11318	MISMATCH	MISMATCH: IGNORE:tautomer (same canonical tautomer, stored form curated for biological relevance) — requires manual review	9849230	GINFACNXJRAECC-NVLDYPSISA-N	ZHTRILQJTPJGNK-FYBAATNNSA-N
cpd11321	MISMATCH	MISMATCH: IGNORE:wrong_mapping (formula: stored=C37H62NO13, pubchem=C7H8ClNO2) — requires manual review	11457961	WWIDEZOUVSJVHS-LWQULZAOSA-O	LGAAPDVGNCACDI-UHFFFAOYSA-N
cpd11327	MISMATCH	MISMATCH: IGNORE:wrong_mapping (formula: stored=C64H109N11O20, pubchem=C6H8N2O) — requires manual review	21931808	HXMCERBOSXQYRH-KSVGBCIHSA-L	FPIUOFIMKXDZHM-UHFFFAOYSA-N
cpd11336	MISMATCH	MISMATCH: IGNORE:wrong_mapping (formula: stored=C61H42Cl6N7O15, pubchem=C20H35NO13) — requires manual review	443629	JJGZGELTZPACID-OTLJHNKQSA-K	JARYYMUOCXVXNK-CSLFJTBJSA-N
cpd11342	MISMATCH	MISMATCH: IGNORE:wrong_mapping (formula: stored=C24H38N5O6, pubchem=C7H15Cl2NO) — requires manual review	12296283	RUWSLQOIGKYPEZ-RJECPTDASA-M	PQECODMSWJOUAT-UHFFFAOYSA-N
cpd11347	MISMATCH	MISMATCH: IGNORE:wrong_mapping (formula: stored=C40H64NO10, pubchem=C10H7BrO3) — requires manual review	16227699	IOCQRADVOJDJIS-SGFJDKLNSA-O	NXMIFPOLKMLPLG-UHFFFAOYSA-N
cpd11348	MISMATCH	MISMATCH: IGNORE:wrong_mapping (formula: stored=C40H64NO10, pubchem=C7H8ClN) — requires manual review	12675261	IHGXGNJRCONUAC-WNTSOVQUSA-O	MHMJNRKGRRCAFE-UHFFFAOYSA-N
cpd11349	MISMATCH	MISMATCH: IGNORE:wrong_mapping (formula: stored=C40H64NO10, pubchem=C5H6N2S) — requires manual review	22752737	JVXKZYLRDBNKCL-KXRJSVEISA-O	IRMILVGRVWZEOB-UHFFFAOYSA-N
cpd11350	MISMATCH	MISMATCH: IGNORE:wrong_mapping (formula: stored=C39H62NO10, pubchem=C6H8N2) — requires manual review	13262524	GWXUECNDJTYZFN-PNXRJMMDSA-O	XVGNFWZFFMUSPR-UHFFFAOYSA-N
cpd11352	MISMATCH	MISMATCH: IGNORE:wrong_mapping (formula: stored=C66H74Cl2N9O24, pubchem=C10H16O2S2) — requires manual review	61979	WKNFBFHAYANQHF-GSXFURFVSA-O	LGPJANFPSFABDB-UHFFFAOYSA-N
cpd11354	MISMATCH	MISMATCH: IGNORE:wrong_mapping (formula: stored=C41H59N8O10, pubchem=C11H14O2) — requires manual review	138064	IXBQSRWSVIBXNC-HSKGSTCASA-M	MSWNGSGXXVLVPG-UHFFFAOYSA-N
cpd11359	MISMATCH	MISMATCH: IGNORE:wrong_mapping (formula: stored=C55H84N17O22, pubchem=C7H5BrO3) — requires manual review	12110114	CVWNSOHSMMCZJU-YYVBLSOISA-O	LSIRNJUVADUUAN-UHFFFAOYSA-N
cpd11364	STEREO_DIFF_REJECTED	STEREO_DIFF rejected: PubChem has fewer defined stereocenters (8 vs 9)	10652683	TZHROWIOAVYSMP-DOPKCXIESA-N	TZHROWIOAVYSMP-NMMVZENQSA-N
cpd11365	MISMATCH	MISMATCH: IGNORE:wrong_mapping (formula: stored=C40H54N8O9, pubchem=C8H11NO4S) — requires manual review	107192	OYHPNVXZUBWKJE-ZYAMHZMNSA-N	RJPRZHQPROLZRW-UHFFFAOYSA-N
cpd11366	MISMATCH	MISMATCH: IGNORE:wrong_mapping (formula: stored=C41H56N8O9, pubchem=C10H9NO3) — requires manual review	771115	IFBHVTFUCLENGH-BRCHQKTHSA-N	FPVHLXPCDHFPPN-UHFFFAOYSA-N
cpd11393	MISMATCH	MISMATCH: IGNORE:wrong_mapping (formula: stored=C67H108NO18, pubchem=C8H11NO2) — requires manual review	640311	YUGKVAOWNQMSPU-UAGSSESZSA-O	OYVAKTOOAWGLLX-UHFFFAOYSA-N
cpd11407	MISMATCH	MISMATCH: IGNORE:tautomer (same canonical tautomer, stored form curated for biological relevance) — requires manual review	10259958	UOHCPNKBCFDEOG-YFOVHLEMSA-N	GQHNSYURZJAIPC-IFGCVEQJSA-N
cpd11713	MISMATCH	MISMATCH: IGNORE:wrong_mapping (formula: stored=C80H132O7P2, pubchem=C25H46O7P2) — requires manual review	24892721	ABBXHUGHLKTIFP-AMBVJARFSA-L	MXGLYEVGJRXBTP-QOLULZROSA-N
cpd12158	MISMATCH	MISMATCH: IGNORE:stereo_only_inchi (same connectivity, differs in stereo layers) — requires manual review	11953791	VIJMEYIOPTVQKA-PVPKHRJZSA-N	TVSKOTQEROPYST-UHFFFAOYSA-N
cpd12160	MISMATCH	MISMATCH: IGNORE:stereo_only_inchi (same connectivity, differs in stereo layers) — requires manual review	11953792	MUZOOLFYNBCEIQ-PVPKHRJZSA-N	QHJRLSDGAVLTQE-UHFFFAOYSA-N
cpd12692	XREF_CONFLICT			UBBZMONZPQRPMD-UHFFFAOYSA-N	
cpd12744	MISMATCH	MISMATCH: IGNORE:tautomer_connectivity (same heavy-atom connectivity, different H positions — tautomer not recognized by RDKit enumerator) — requires manual review	6325610	RIDOXFSZAUFWLJ-UHFFFAOYSA-N	XUMBMVFBXHLACL-UHFFFAOYSA-N
cpd12858	MISMATCH	MISMATCH: IGNORE:protonation_only_inchi (same connectivity and stereo, differs in protonation) — requires manual review	23990	DIMMBYOINZRKMD-UHFFFAOYSA-N	LEONUFNNVUYDNQ-UHFFFAOYSA-N
cpd12862	STEREO_DIFF_REJECTED	STEREO_DIFF rejected: PubChem has fewer defined stereocenters (5 vs 6)	70680322	AAZZVFONLHYNDZ-UGDQNKSBSA-J	AAZZVFONLHYNDZ-NVQRUNIKSA-J
cpd12878	XREF_CONFLICT			JEWJRMKHSMTXPP-UVKKECPRSA-N	
cpd13396	MISMATCH	MISMATCH: IGNORE:wrong_mapping (formula: stored=C9H10N2O4S, pubchem=C9H11BrF2Si) — requires manual review	11543513	LJJFZCGLRICWLJ-MXTDHUQFSA-L	WFLAJTVMTCLPAE-UHFFFAOYSA-N
cpd13429	XREF_CONFLICT			VKPZPIRCMXRMRC-UHFFFAOYSA-M	
cpd14553	MISMATCH	MISMATCH: IGNORE:wrong_mapping (formula: stored=C40H44FeN6O8S2, pubchem=C21H28N8) — requires manual review	1190983	WKYVSAJNXWVOCL-KARXENAMSA-J	ZAPISBYVBGLUBW-UHFFFAOYSA-N
cpd14556	MISMATCH	MISMATCH: IGNORE:wrong_mapping (formula: stored=C58H42Cl2N7O18R3, pubchem=C9H7NO2) — requires manual review	87755	VETDNHDEPFKKPV-LYYLGOBCSA-M	QLHZKPQKYARBGT-UHFFFAOYSA-N
cpd14560	MISMATCH	MISMATCH: IGNORE:wrong_mapping (formula: stored=C32H52N11O13S, pubchem=C9H12FN) — requires manual review	120234	BGRDGTOTEZBYJX-LNMVFDGZSA-O	NCBPDSPIVAMJIT-UHFFFAOYSA-N
cpd14574	MISMATCH	MISMATCH: IGNORE:wrong_mapping (formula: stored=C32H43NO9, pubchem=C15H21BO5) — requires manual review	22930502	BRPRNHPFSOESDI-QJJLDULESA-L	ZDOAPDUENFGHMI-UHFFFAOYSA-N
cpd14584	STEREO_DIFF_REJECTED	STEREO_DIFF rejected: PubChem has fewer defined stereocenters (0 vs 1)	45266746	YAVLYBVKPXLZEQ-UXBLZVDNSA-Q	YAVLYBVKPXLZEQ-UHFFFAOYSA-Q
cpd14698	MISMATCH	MISMATCH: IGNORE:wrong_mapping (formula: stored=C17H27N4O8P2S, pubchem=C15H26N2O6Si) — requires manual review	11233661	OZAWOYZVNPQFFO-UHFFFAOYSA-M	AYQZFVZTNUOLCQ-OJAKKHQRSA-N
cpd14700	MISMATCH	MISMATCH: IGNORE:wrong_mapping (formula: stored=C16H25N4O8P2S, pubchem=C8H10N2) — requires manual review	27787	SSYCSHKTIOHFEZ-UHFFFAOYSA-M	JTNCEQNHURODLX-UHFFFAOYSA-N
cpd14702	MISMATCH	MISMATCH: IGNORE:wrong_mapping (formula: stored=C17H27N4O8P2S, pubchem=C8H10N2O3) — requires manual review	12203694	CUBSXOWPMAOFDG-MYHCZTBNSA-M	WQDGNPHAMHPJHK-UHFFFAOYSA-N
cpd14710	XREF_CONFLICT			ODVRHEVDVLWYQR-UHFFFAOYSA-O	
cpd14714	STEREO_DIFF_REJECTED	STEREO_DIFF rejected: PubChem has fewer defined stereocenters (4 vs 6)	23615305	CTPQAXVNYGZUAJ-QWBQGLJISA-D	CTPQAXVNYGZUAJ-UYSNGIAKSA-D
cpd14723	MISMATCH	MISMATCH: IGNORE:wrong_mapping (formula: stored=C26H21N5Na4O19S6, pubchem=C6H4F3NO4) — requires manual review	10867564	HFIYIRIMGZMCPC-YOLJWEMLSA-J	NIANZCQUVKPGSF-UHFFFAOYSA-N
cpd14724	MISMATCH	MISMATCH: IGNORE:wrong_mapping (formula: stored=C26H21N5O19S6, pubchem=C9H6N2O2) — requires manual review	19006950	OTKRGWXWWWNPKU-FUEWEDNTSA-J	OKXPYKHKJCATPX-UHFFFAOYSA-N
cpd14818	MISMATCH	MISMATCH: IGNORE:wrong_mapping (formula: stored=C50H81N14O14S, pubchem=C17H14N2O3) — requires manual review	750186	HEAUFJZALFKPBA-YRVBCFNBSA-O	JTDIEDQRYAXLPI-UHFFFAOYSA-N
cpd14819	MISMATCH	MISMATCH: IGNORE:wrong_mapping (formula: stored=C55H78N13O14S2, pubchem=C19H18N2O3) — requires manual review	3395131	NHXYSAFTNPANFK-HDMCBQFHSA-M	OGTIHBXYRARJEZ-UHFFFAOYSA-N
cpd14873	XREF_CONFLICT			BHBXUALEHGIQHZ-ONEGZZNKSA-N	
cpd14901	STEREO_DIFF_REJECTED	STEREO_DIFF rejected: PubChem has fewer defined stereocenters (4 vs 6)	9543415	DOMHZVJNLCAZSA-CDRYSYESSA-N	DOMHZVJNLCAZSA-UYSNGIAKSA-N
cpd14902	STEREO_DIFF_REJECTED	STEREO_DIFF rejected: PubChem has fewer defined stereocenters (4 vs 6)	23724653	HEKABVPXDRPMAT-HYDKFDCNSA-N	HEKABVPXDRPMAT-FYRFQUNGSA-N
cpd14905	MISMATCH	MISMATCH: IGNORE:wrong_mapping (formula: stored=C6H7O9P, pubchem=C7H5BrF3N) — requires manual review	12919733	RMHHZMJOLCRZIV-GJIRLVMISA-L	LLQQLOGTHMJBBU-UHFFFAOYSA-N
cpd14928	MISMATCH	MISMATCH: IGNORE:wrong_mapping (formula: stored=C14H8O4, pubchem=C10H12ClNO2) — requires manual review	12819450	BWVRZRDHGKPOON-AATRIKPKSA-L	FIXQKXUNWRZJSA-UHFFFAOYSA-N
cpd14929	MISMATCH	MISMATCH: IGNORE:wrong_mapping (formula: stored=C14H9O4, pubchem=C13H19NO4S) — requires manual review	240083	LVEQUEJWJRJCST-AATRIKPKSA-M	DNBHSCLUHQKGMD-UHFFFAOYSA-N
cpd14960	MISMATCH	MISMATCH: IGNORE:wrong_mapping (formula: stored=C43H44CoN4O16, pubchem=C6H14N2) — requires manual review	2758519	XHLLHKIBBMZXKO-NXQAVURYSA-F	AVAWMINJNRAQFS-UHFFFAOYSA-N
cpd14961	XREF_CONFLICT			GPKQHTAVLDBECX-HDPLZVLRSA-G	
cpd14977	STEREO_DIFF_REJECTED	STEREO_DIFF rejected: PubChem has fewer defined stereocenters (11 vs 12)	46224559	JKUSPYUETNXNRO-OOQSZNCVSA-M	JKUSPYUETNXNRO-JWBDLDPOSA-M
cpd14980	MISMATCH	MISMATCH: IGNORE:wrong_mapping (formula: stored=C13H8O6, pubchem=C7H11F3O3) — requires manual review	593087	ITLMIBZJFWOLPC-UHFFFAOYSA-L	MLFNYSMWFXWELZ-UHFFFAOYSA-N
cpd14982	MISMATCH	MISMATCH: IGNORE:wrong_mapping (formula: stored=C6H4ClO4, pubchem=C10H17NO2) — requires manual review	16639420	UETVQWKUNMCOIA-UHFFFAOYSA-M	GAKRFXBXTBSAOJ-UHFFFAOYSA-N
cpd15004	MISMATCH	MISMATCH: IGNORE:wrong_mapping (formula: stored=C27H22O16, pubchem=C3H5N3S) — requires manual review	1538728	LLWFWNZJBGWYOK-MQWSOPDOSA-L	OUZCWDMJTKYHCA-UHFFFAOYSA-N
cpd15005	MISMATCH	MISMATCH: IGNORE:wrong_mapping (formula: stored=C27H22O17, pubchem=C15H20N2O2) — requires manual review	7076347	QGJBJDNYALRSAN-MQWSOPDOSA-L	QPDMOMIYLJMOQJ-STQMWFEESA-N
cpd15006	MISMATCH	MISMATCH: IGNORE:wrong_mapping (formula: stored=C27H22O18, pubchem=C10H19N5S) — requires manual review	4929	KMDNRJWFKJTNFQ-WETICWMGSA-L	AAEVYOVXGOFMJO-UHFFFAOYSA-N
cpd15013	MISMATCH	MISMATCH: IGNORE:wrong_mapping (formula: stored=C30H26O13, pubchem=C22H23NO2) — requires manual review	171826	JVZPAAQUJKESCN-ZZESWMDVSA-N	OYZITXKNUGHHKV-UHFFFAOYSA-N
cpd15017	MISMATCH	MISMATCH: IGNORE:wrong_mapping (formula: stored=C24H21O15, pubchem=C7H9ClN2) — requires manual review	12175135	UQXQUDMFYWXFDR-XQKZCQIMSA-M	KYBFYCQUKSEXOL-UHFFFAOYSA-N
cpd15020	XREF_CONFLICT			OKDMJPGJRVULBW-YEQKKNNOSA-M	
cpd15022	MISMATCH	MISMATCH: IGNORE:wrong_mapping (formula: stored=C27H30O16, pubchem=C9H8N2O2) — requires manual review	52273	NSBSFLMBBUASTQ-WGNLCONDSA-N	AIJHILQDGSFDQP-UHFFFAOYSA-N
cpd15023	MISMATCH	MISMATCH: IGNORE:wrong_mapping (formula: stored=C27H30O17, pubchem=C6H3ClN2O2S2) — requires manual review	2735459	IAFRHQMOWBVLOT-ROOKUYIKSA-N	CXAICGCTHOWKPP-UHFFFAOYSA-N
cpd15029	MISMATCH	MISMATCH: IGNORE:wrong_mapping (formula: stored=C36H36O20, pubchem=C23H25N5O5) — requires manual review	3157	VTWOPKBMTQPNDB-DYPCXFGJSA-N	RUZYUOTYCVRMRZ-UHFFFAOYSA-N
cpd15041	MISMATCH	MISMATCH: IGNORE:wrong_mapping (formula: stored=C18H27O3, pubchem=C15H29BrO2) — requires manual review	527508	IYEHRWJNUWAXAD-JMTMCXQRSA-M	RXTSHIDRCASANN-UHFFFAOYSA-N
cpd15045	MISMATCH	MISMATCH: IGNORE:wrong_mapping (formula: stored=C39H60N7O19P3S, pubchem=C19H19N3O6) — requires manual review	4494	PDDHCVXPABQISO-VKZQHDIOSA-J	FAIIFDPAEUKBEP-UHFFFAOYSA-N
cpd15049	MISMATCH	MISMATCH: IGNORE:wrong_mapping (formula: stored=C37H56N7O19P3S, pubchem=C5H2F3NO) — requires manual review	23340297	OMDQVIUYDJAWHX-GCCFKKQCSA-J	PWBGZZXJAMGVGQ-UHFFFAOYSA-N
cpd15053	MISMATCH	MISMATCH: IGNORE:wrong_mapping (formula: stored=C35H52N7O19P3S, pubchem=C12H18N2O2) — requires manual review	57353460	YUFHOTSRMDFGNS-JLOQOMCUSA-J	PLRKSIZPNZPJOS-UHFFFAOYSA-N
cpd15061	MISMATCH	MISMATCH: IGNORE:wrong_mapping (formula: stored=C23H37N2O5, pubchem=C8H11NO) — requires manual review	12617688	YDUZXFXPORORCL-XAFOFORCSA-M	JPVRYZKONHXUBJ-UHFFFAOYSA-N
cpd15062	MISMATCH	MISMATCH: IGNORE:wrong_mapping (formula: stored=C18H29O3, pubchem=C7H8N4O) — requires manual review	2726801	PSQSSLVXOIJSMX-XAFOFORCSA-M	KHLKNDRAWAFBRH-UHFFFAOYSA-N
cpd15066	MISMATCH	MISMATCH: IGNORE:wrong_mapping (formula: stored=C36H36O18, pubchem=C6H4ClNO3) — requires manual review	12074	ZPZBCOUFPOEWLE-ITBGCMKDSA-N	BOFRXDMCQRTGII-UHFFFAOYSA-N
cpd15067	MISMATCH	MISMATCH: IGNORE:wrong_mapping (formula: stored=C36H36O19, pubchem=C7H8ClN) — requires manual review	588056	SHUUFKATAMLZPT-DYLLDOQPSA-N	MXOPKPMEGUYUCV-UHFFFAOYSA-N
cpd15072	MISMATCH	MISMATCH: IGNORE:tautomer (same canonical tautomer, stored form curated for biological relevance) — requires manual review	91611	XRPUBUICAWUBRI-UHFFFAOYSA-N	NOFNCLGCUJJPKU-UHFFFAOYSA-N
cpd15073	MISMATCH	MISMATCH: IGNORE:tautomer (same canonical tautomer, stored form curated for biological relevance) — requires manual review	70639	HZOGTQYZAZGBAB-UHFFFAOYSA-N	GMSNIKWWOQHZGF-UHFFFAOYSA-N
cpd15075	MISMATCH	MISMATCH: IGNORE:tautomer (same canonical tautomer, stored form curated for biological relevance) — requires manual review	69726	HPLZOENSSCGMAW-UHFFFAOYSA-N	QFDRTQONISXGJA-UHFFFAOYSA-N
cpd15077	MISMATCH	MISMATCH: IGNORE:tautomer (same canonical tautomer, stored form curated for biological relevance) — requires manual review	79437	NEQLMYZAOIQDJS-UHFFFAOYSA-N	BYXCFUMGEBZDDI-UHFFFAOYSA-N
cpd15083	MISMATCH	MISMATCH: IGNORE:wrong_mapping (formula: stored=C30H26O15, pubchem=C7H4BrNO4) — requires manual review	1519756	VEXNGSWKQXKCIF-QSUQYYOISA-N	WXXFALFBNSJISM-UHFFFAOYSA-N
cpd15085	MISMATCH	MISMATCH: IGNORE:wrong_mapping (formula: stored=C30H26O14, pubchem=C26H41N3O6S) — requires manual review	196046	DTQVEIBPJGTDHH-HTXFRTKESA-N	ZYYVYDQRUVQNER-ACRUOGEOSA-N
cpd15086	MISMATCH	MISMATCH: IGNORE:wrong_mapping (formula: stored=C30H26O14, pubchem=C8H9Cl) — requires manual review	32884	ARRWGYUWEBHMSK-BFTGXXOCSA-N	NVLHGZIXTRYOKT-UHFFFAOYSA-N
cpd15089	MISMATCH	MISMATCH: IGNORE:wrong_mapping (formula: stored=C30H28O20, pubchem=C13H16N2O5) — requires manual review	259322	NVENJYQRERRBHK-HMYIHKNWSA-L	DNSQLCGFBZSRPW-UHFFFAOYSA-N
cpd15091	MISMATCH	MISMATCH: IGNORE:wrong_mapping (formula: stored=C45H66N7O18P3S, pubchem=C16H14) — requires manual review	13076	JJCGUWRDULVWQG-MOYVEXGTSA-J	JTGMTYWYUZDRBK-UHFFFAOYSA-N
cpd15094	MISMATCH	MISMATCH: IGNORE:wrong_mapping (formula: stored=C45H68N7O18P3S, pubchem=C16H16O2) — requires manual review	6439521	NNEPPYNERZEJEE-PJAVOEQDSA-J	ZJSCAZNZJKSFGX-CMDGGOBGSA-N
cpd15149	MISMATCH	MISMATCH: IGNORE:wrong_mapping (formula: stored=C15H22N5O8P, pubchem=C12H6Br2S) — requires manual review	803759	PHZVBJISZSHIRV-YXYADJKSSA-L	KMNBVODPWIFUSS-UHFFFAOYSA-N
cpd15183	MISMATCH	MISMATCH: IGNORE:wrong_mapping (formula: stored=C7H6FO4, pubchem=C33H34ClNO3) — requires manual review	16082575	SFLUOXSDNSKORB-VDTYLAMSSA-M	YHOXIEXEPIIKMD-UHFFFAOYSA-N
cpd15185	MISMATCH	MISMATCH: IGNORE:wrong_mapping (formula: stored=C7H6FO4, pubchem=C24H32FN3O6S) — requires manual review	11295164	MRJAXZUNYLKGBV-CAHLUQPWSA-M	MSHKEMUMXTZIIT-MCBHFWOFSA-N
cpd15186	MISMATCH	MISMATCH: IGNORE:wrong_mapping (formula: stored=C7H6FO4, pubchem=C17H21F6N3S) — requires manual review	11441340	NFSYZVMLOFNIDD-BQBZGAKWSA-M	NQRCAVZHOLYEBJ-KBPBESRZSA-N
cpd15455	STEREO_DIFF_REJECTED	STEREO_DIFF rejected: stereo_inversion: 15 of 40 shared stereocenters have different configuration	135397985	MZJZIKXMNHVIKT-RKYRIBGOSA-J	MZJZIKXMNHVIKT-HRNWXFDPSA-J
cpd15456	STEREO_DIFF_REJECTED	STEREO_DIFF rejected: stereo_inversion: 20 of 55 shared stereocenters have different configuration	135397899	GPIOMJJQJHAZOP-SDWVYRDESA-I	GPIOMJJQJHAZOP-IEPWQLGNSA-I
cpd15607	MISMATCH	MISMATCH: IGNORE:metal_representation_diff (metal coordination or charge representation differs) — requires manual review	46926174	MQITXILYUMHLQH-WBCAMRDRSA-L	RKMODBWBEBZDQM-XCVPDAMTSA-J
cpd15839	XREF_CONFLICT			AUEILLWDYUBWCM-XQQFMLRXSA-N	
cpd16278	MISMATCH	MISMATCH: IGNORE:wrong_mapping (formula: stored=C27H28O16, pubchem=C17H35NO6) — requires manual review	174432	LKZDFKLGDGSGEO-PABQPRPFSA-L	UMWKZHPREXJQGR-XOSAIJSUSA-N
cpd16295	MISMATCH	MISMATCH: IGNORE:wrong_mapping (formula: stored=C16H27O7P, pubchem=C18H14N4O2S) — requires manual review	23725123	JDMJTZPURCXYDX-RATZTOCSSA-L	ZESFDAKNYJQYKO-UHFFFAOYSA-N
cpd16322	MISMATCH	MISMATCH: IGNORE:tautomer (same canonical tautomer, stored form curated for biological relevance) — requires manual review	54675775	VDUKUSMQELWXGO-DPAZEOEGSA-N	ZZZCUOFIHGPKAK-UWTATZPHSA-N
cpd16332	XREF_CONFLICT			NPTAQBFHUNRJAR-UHFFFAOYSA-M	
cpd16350	MISMATCH	MISMATCH: IGNORE:wrong_mapping (formula: stored=C17H31O2, pubchem=C12H13N3O2) — requires manual review	1486073	QSBYPNXLFMSGKH-CMDGGOBGSA-M	ZCFQBUMTWGIOCY-UHFFFAOYSA-N
cpd16381	MISMATCH	MISMATCH: IGNORE:wrong_mapping (formula: stored=C28H50N9O10S2, pubchem=C46H56N12O6) — requires manual review	9919153	XMVRDWGUVWNOBX-MUGJNUQGSA-M	WZHKXNSOCOQYQX-FUAFALNISA-N
cpd16387	MISMATCH	MISMATCH: IGNORE:wrong_mapping (formula: stored=C17H27N2O2, pubchem=C36H17F12O4P) — requires manual review	11468389	IXOVDWXTIIYVOJ-AWEZNQCLSA-O	DQORDVSQWPKAQJ-UHFFFAOYSA-N
cpd16388	MISMATCH	MISMATCH: IGNORE:wrong_mapping (formula: stored=C17H27N2O2, pubchem=C29H31NO8) — requires manual review	13295455	BWDXZCNWLNJBBI-HNNXBMFYSA-O	MGGUAKUGDDXDFU-UMGWPWBVSA-N
cpd16417	MISMATCH	MISMATCH: IGNORE:wrong_mapping (formula: stored=C5H2N4O2S, pubchem=C10H13N3O2) — requires manual review	2794615	SXHQUGJSTGOXMD-UHFFFAOYSA-L	MVTHUEOHHHQQKY-QMMMGPOBSA-N
cpd16419	MISMATCH	MISMATCH: IGNORE:wrong_mapping (formula: stored=C11H13N4O7PS, pubchem=C22H31N3O5) — requires manual review	56330	BMYFUCYXRGTQQL-IOSLPCCCSA-L	HHHKFGXWKKUNCY-FHWLQOOXSA-N
cpd16420	MISMATCH	MISMATCH: IGNORE:wrong_mapping (formula: stored=C10H12N4O10P2S, pubchem=C4H3ClN6) — requires manual review	522904	MHJZYMCYLFGDRD-KQYNXXCUSA-L	HHVGSGWNKPENEQ-UHFFFAOYSA-N
cpd16429	MISMATCH	MISMATCH: IGNORE:wrong_mapping (formula: stored=C11H9N3O5, pubchem=C4H5N3O2) — requires manual review	4436040	CCBSJXHUMYNUKH-MDWZMJQESA-L	VCFOEWURSYAGKP-UHFFFAOYSA-N
cpd16530	MISMATCH	MISMATCH: IGNORE:wrong_mapping (formula: stored=C19H25N2O, pubchem=C20H11N5O) — requires manual review	16065490	YAUKSCGKZYUZRH-LWINWCPBSA-O	GKOWDIBLCDZJHF-NCELDCMTSA-N
cpd16543	MISMATCH	MISMATCH: IGNORE:wrong_mapping (formula: stored=C6H14N2O6P, pubchem=C8H10N4) — requires manual review	4962484	WLPXLNNUXMDSPG-WHFBIAKZSA-M	FKNUBXUNMZSEDM-UHFFFAOYSA-N
cpd16546	MISMATCH	MISMATCH: IGNORE:wrong_mapping (formula: stored=C17H40N7O4, pubchem=C9H11NO2) — requires manual review	3022115	GDVNLLJNADMLLR-BBRMVZONSA-Q	LJRLBPHJWAJIOD-UHFFFAOYSA-N
cpd16558	MISMATCH	MISMATCH: IGNORE:tautomer (same canonical tautomer, stored form curated for biological relevance) — requires manual review	46173822	ZUBDGHGVNOIJDX-SWTPICCNSA-N	BQGIDCZWFREXJV-FERWQKPKSA-N
cpd16559	MISMATCH	MISMATCH: IGNORE:tautomer (same canonical tautomer, stored form curated for biological relevance) — requires manual review	30840	KXNUPFFSGSRABD-UHFFFAOYSA-N	FAZDYVMEXQHRLI-UHFFFAOYSA-N
cpd16560	MISMATCH	MISMATCH: IGNORE:tautomer (same canonical tautomer, stored form curated for biological relevance) — requires manual review	62769	OYNIPTDPTUSUAY-UHFFFAOYSA-N	QFDPVUTXKUGISP-UHFFFAOYSA-N
cpd16561	MISMATCH	MISMATCH: IGNORE:wrong_mapping (formula: stored=C13H13O5, pubchem=C15H15N3O) — requires manual review	16244183	CQIUKKVOEOPUDV-IYSWYEEDSA-M	SHKCFCOEKWBMSD-UHFFFAOYSA-N
cpd17125	STEREO_DIFF_REJECTED	STEREO_DIFF rejected: stereo_inversion: 1 of 11 shared stereocenters have different configuration	46173826	NHYIETFMKIFXQL-QSXYYVAOSA-N	NHYIETFMKIFXQL-VPEHNIDMSA-N
cpd17129	MISMATCH	MISMATCH: IGNORE:wrong_mapping (formula: stored=C23H26NO6, pubchem=C11H12N4) — requires manual review	34176360	HGSOUJPIFSDBKJ-OUYMFVGOSA-M	LQGPOIKERKOIAR-UHFFFAOYSA-N
cpd17156	MISMATCH	MISMATCH: IGNORE:wrong_mapping (formula: stored=C19H21N2O, pubchem=C15H22N4O3) — requires manual review	123880	AEFOLTVWSRMXMW-LWINWCPBSA-O	YQDHCCVUYCIGSW-LBPRGKRZSA-N
cpd17220	MISMATCH	MISMATCH: IGNORE:tautomer (same canonical tautomer, stored form curated for biological relevance) — requires manual review	122640	FFBZHZIOSCTWKX-UHFFFAOYSA-N	QBDCOUHKEVYWLO-UHFFFAOYSA-N
cpd17273	STEREO_DIFF_REJECTED	STEREO_DIFF rejected: stereo_inversion: 1 of 13 shared stereocenters have different configuration	12304409	FWCXELAAYFYCSR-MOUQWODHSA-N	FWCXELAAYFYCSR-HJXRQQMRSA-N
cpd17341	STEREO_DIFF_REJECTED	STEREO_DIFF rejected: PubChem has fewer defined stereocenters (2 vs 3)	46173863	CVIVANCKIBYAOP-LTBMOJJQSA-N	CVIVANCKIBYAOP-RUQGURTESA-N
cpd17375	MISMATCH	MISMATCH: IGNORE:wrong_mapping (formula: stored=C30H25O13, pubchem=C20H38O2) — requires manual review	5282768	DVGGLGXQSFURLP-VWMSDXGPSA-M	BITHHVVYSMSWAG-KTKRTIGZSA-N
cpd17439	MISMATCH	MISMATCH: IGNORE:wrong_mapping (formula: stored=C14H26NO9S3, pubchem=C8H5ClN2O2) — requires manual review	303998	ZAKICGFSIJSCSF-LPUQOGTASA-M	IGWJEWGQUFOVDP-UHFFFAOYSA-N
cpd17474	STEREO_DIFF_REJECTED	STEREO_DIFF rejected: stereo_inversion: 1 of 8 shared stereocenters have different configuration	24755589	LFFHZNXDGBQZCO-NGCQKNAMSA-N	LFFHZNXDGBQZCO-XGEBBOSUSA-N
cpd17514	STEREO_DIFF_REJECTED	STEREO_DIFF rejected: PubChem has fewer defined stereocenters (0 vs 1)	6751	YIEDSISPYKQADU-FMQUCBEESA-N	YIEDSISPYKQADU-UHFFFAOYSA-N
cpd17534	MISMATCH	MISMATCH: IGNORE:wrong_mapping (formula: stored=C14H15N2O6S, pubchem=C6H5BClFO2) — requires manual review	4193595	KJQZKTFSANMFQJ-RPGQRGOQSA-M	YBNDRTRLXPEWKQ-UHFFFAOYSA-N
cpd17652	STEREO_DIFF_REJECTED	STEREO_DIFF rejected: PubChem has fewer defined stereocenters (0 vs 2)	363707	TWORTZAXDSRCIT-OCAPTIKFSA-N	TWORTZAXDSRCIT-UHFFFAOYSA-N
cpd17694	MISMATCH	MISMATCH: IGNORE:wrong_mapping (formula: stored=C21H41N5O14, pubchem=C9H15NO4) — requires manual review	16228793	RQLDKUSQKQMFCN-AEXVNIBOSA-P	NOZMNADEEKQWGO-PHDIDXHHSA-N
cpd17695	STEREO_DIFF_REJECTED	STEREO_DIFF rejected: PubChem has fewer defined stereocenters (4 vs 6)	439590	ANLMVXSIPASBFL-MBWODLHSSA-O	ANLMVXSIPASBFL-XGNJAFTASA-N
cpd17696	STEREO_DIFF_REJECTED	STEREO_DIFF rejected: PubChem has fewer defined stereocenters (4 vs 6)	46173945	QRJMLIPXTTYRMQ-SYJWXDLUSA-O	QRJMLIPXTTYRMQ-YWVWVNHFSA-N
cpd17698	STEREO_DIFF_REJECTED	STEREO_DIFF rejected: PubChem has fewer defined stereocenters (4 vs 5)	439294	VYEGBDHSGHXOGT-BWWDGMNMSA-N	VYEGBDHSGHXOGT-ZLIBEWLCSA-N
cpd17699	STEREO_DIFF_REJECTED	STEREO_DIFF rejected: PubChem has fewer defined stereocenters (4 vs 6)	439440	JXAOTICXQLILTC-WJVUKCJRSA-O	JXAOTICXQLILTC-UYSNGIAKSA-N
cpd17786	XREF_CONFLICT			RVRLLYKHCMHGKV-UHFFFAOYSA-N	
cpd17812	MISMATCH	MISMATCH: IGNORE:wrong_mapping (formula: stored=C17H39N5O5, pubchem=Co3O8P2) — requires manual review	61615	NEFDRWXEVITQMN-JWYRXTSNSA-R	ZBDSFTZNNQNSQM-UHFFFAOYSA-H
cpd17818	MISMATCH	MISMATCH: IGNORE:metal_representation_diff (metal coordination or charge representation differs) — requires manual review	72734292	HNYWPNAAJSBGMN-UHFFFAOYSA-N	ZOQGCDMHHMQKDU-UHFFFAOYSA-N
cpd17850	STEREO_DIFF_REJECTED	STEREO_DIFF rejected: PubChem has fewer defined stereocenters (3 vs 4)	135871117	DVOFEZJSDVPRON-AFUNOPLTSA-M	DVOFEZJSDVPRON-JZCSJQFLSA-N
cpd17851	STEREO_DIFF_REJECTED	STEREO_DIFF rejected: PubChem has fewer defined stereocenters (2 vs 3)	135871118	SBHOSQZNRDXQAX-WSESCXGKSA-N	SBHOSQZNRDXQAX-RSCAPTSMSA-N
cpd17933	XREF_CONFLICT			ZKRDXWTUWPUWEG-UHFFFAOYSA-K	
cpd17935	XREF_CONFLICT			VMEBCHDZEJWXIU-YFKPBYRVSA-L	
cpd17953	STEREO_DIFF_REJECTED	STEREO_DIFF rejected: PubChem has fewer defined stereocenters (8 vs 10)	65174	PVTHJAPFENJVNC-MHRBZPPQSA-O	PVTHJAPFENJVNC-UQTMRZPGSA-N
cpd17954	STEREO_DIFF_REJECTED	STEREO_DIFF rejected: PubChem has fewer defined stereocenters (11 vs 13)	135871119	UDZJEGDQBWDMOF-NGWVYFPNSA-P	UDZJEGDQBWDMOF-IWNFWUJZSA-N
cpd17965	MISMATCH	MISMATCH: IGNORE:wrong_mapping (formula: stored=C18H40N6O6, pubchem=C6H4ClN3) — requires manual review	5370695	VFBPKQSATYZKRX-AMFQOMFUSA-R	ZGJDDWOXVGDTSP-UHFFFAOYSA-N
cpd17995	XREF_CONFLICT			RROPNRTUMVVUED-UHFFFAOYSA-M	
cpd17996	XREF_CONFLICT			NOKUEYSCIIGRDQ-UHFFFAOYSA-L	
cpd18004	XREF_CONFLICT			KGJUAXKXURIGAK-RFSDYRDFSA-M	
cpd18019	MISMATCH	MISMATCH: IGNORE:tautomer (same canonical tautomer, stored form curated for biological relevance) — requires manual review	46174042	MDZXZDQEMZPBHC-MAZPRZIYSA-N	UTOQMVIHBGIRGU-DTHKZTQTSA-N
cpd18046	XREF_CONFLICT			GCLPLQYUTDPPQH-NNHQAARYSA-L	
cpd18047	XREF_CONFLICT			OVZDPVSNAWTXPC-FZGHSMIBSA-M	
cpd19116	STEREO_DIFF_REJECTED	STEREO_DIFF rejected: PubChem has fewer defined stereocenters (0 vs 2)	5526	GYDJEQRTZSCIOI-LJGSYFOKSA-N	GYDJEQRTZSCIOI-UHFFFAOYSA-N
cpd19159	MISMATCH	MISMATCH: IGNORE:wrong_mapping (formula: stored=C42H59K2O16, pubchem=C12H13NO9) — requires manual review	82565	BIVBRWYINDPWKA-VLQRKCJKSA-K	QSUILVWOWLUOEU-GOVZDWNOSA-N
cpd19177	XREF_CONFLICT			FMPRUTAGAUSVOA-IBAGIMPYSA-F	
cpd19184	STEREO_DIFF_REJECTED	STEREO_DIFF rejected: PubChem has fewer defined stereocenters (0 vs 1)	115159	AJRJPORIQGYFMT-RMOCHZDMSA-O	AJRJPORIQGYFMT-UHFFFAOYSA-N
cpd19190	MISMATCH	MISMATCH: IGNORE:wrong_mapping (formula: stored=C26H31O9, pubchem=C18H14N4O) — requires manual review	12000657	HFNBWQLGRFZSQW-MSGMIQHVSA-M	RMVQVAZRAZGSTH-UHFFFAOYSA-N
cpd19203	MISMATCH	MISMATCH: IGNORE:wrong_mapping (formula: stored=C45H69O13, pubchem=C14H9F6P) — requires manual review	4366893	CLBIEZBAENPDFY-XFDXUJFJSA-M	LLJITAAISCMRAR-UHFFFAOYSA-N
cpd19244	STEREO_DIFF_REJECTED	STEREO_DIFF rejected: stereo_inversion: 1 of 10 shared stereocenters have different configuration	71448929	FOIZZXKAYVIZQC-YBXLCIIXSA-O	FOIZZXKAYVIZQC-HHNXWBSMSA-N
cpd19364	STEREO_DIFF_REJECTED	STEREO_DIFF rejected: PubChem has fewer defined stereocenters (0 vs 1)	5241	YQNFBOJPTAXAKV-OMCISZLKSA-M	YQNFBOJPTAXAKV-UHFFFAOYSA-N
cpd19368	XREF_CONFLICT			DNXSLNKKIZWDMR-LRYVNUGJSA-M	
cpd19428	STEREO_DIFF_REJECTED	STEREO_DIFF rejected: stereo_inversion: 2 of 2 shared stereocenters have different configuration	51018055	YQMWQSMYVPLYDI-CLRIEMFWSA-O	YQMWQSMYVPLYDI-ZOBORPQBSA-N
cpd19434	STEREO_DIFF_REJECTED	STEREO_DIFF rejected: PubChem has fewer defined stereocenters (4 vs 6)	46174063	AZKZPXFWTQSDET-ILKNQKGPSA-N	AZKZPXFWTQSDET-XNZFTHMMSA-N
cpd19501	STEREO_DIFF_REJECTED	STEREO_DIFF rejected: PubChem has fewer defined stereocenters (10 vs 12)	49787034	QHDGYCVBKYWETJ-QFVXKRNMSA-N	QHDGYCVBKYWETJ-JPFSBEFCSA-N
cpd19562	XREF_CONFLICT			ROBBXUWFDJWPEM-VIWJHOEESA-N	
cpd19563	MISMATCH	MISMATCH: IGNORE:tautomer_connectivity (same heavy-atom connectivity, different H positions — tautomer not recognized by RDKit enumerator) — requires manual review	54693278	NICZYMKKWKYGHT-BAQLRCJTSA-N	WLYIHXRYRNHXOE-BAQLRCJTSA-N
cpd19564	MISMATCH	MISMATCH: IGNORE:tautomer_connectivity (same heavy-atom connectivity, different H positions — tautomer not recognized by RDKit enumerator) — requires manual review	54726727	ZWVGXYMEBVFNGR-GUQUGOGCSA-N	IMZOVGZUDCFUML-GUQUGOGCSA-N
cpd19582	XREF_CONFLICT			BMBZVGUSOUAIMK-UHFFFAOYSA-M	
cpd19605	MISMATCH	MISMATCH: IGNORE:tautomer (same canonical tautomer, stored form curated for biological relevance) — requires manual review	54679072	FFTKQFLZFAQOQG-KOEJALBTSA-L	ACFGRWJEQJVZTM-LEJBHHMKSA-L
cpd19611	MISMATCH	MISMATCH: IGNORE:metal_representation_diff (metal coordination or charge representation differs) — requires manual review	53297375	YIKFQLYFPHZLOR-UHFFFAOYSA-M	PLISWQKGWPUZID-UHFFFAOYSA-N
cpd19631	MISMATCH	MISMATCH: IGNORE:tautomer (same canonical tautomer, stored form curated for biological relevance) — requires manual review	23675764	KPHCGMJVZXUBMV-UHFFFAOYSA-N	WTCBONOLBHEDIL-UHFFFAOYSA-M
cpd19644	MISMATCH	MISMATCH: IGNORE:protonation_only_inchi (same connectivity and stereo, differs in protonation) — requires manual review	53297379	VLCMYVBIKUWINR-UHFFFAOYSA-L	APKDPOQXVKRLEP-UHFFFAOYSA-L
cpd19648	MISMATCH	MISMATCH: IGNORE:wrong_mapping (formula: stored=C6H10MgO4, pubchem=C7H5ClN2O3) — requires manual review	14762705	WBDHLJWRBQEMOO-UHFFFAOYSA-L	UZUVOPNXKQOJKI-UHFFFAOYSA-N
cpd19665	MISMATCH	MISMATCH: IGNORE:tautomer_connectivity (same heavy-atom connectivity, different H positions — tautomer not recognized by RDKit enumerator) — requires manual review	6328134	VUERQRKTYBIULR-UHFFFAOYSA-M	ZUNGGJHBMLMRFJ-UHFFFAOYSA-O
cpd19704	MISMATCH	MISMATCH: IGNORE:wrong_mapping (formula: stored=C15H17N4O7S, pubchem=C4H6ClN) — requires manual review	12336	UWVKRNOCDUPIDM-UHFFFAOYSA-M	ZFCFBWSVQWGOJJ-UHFFFAOYSA-N
cpd19717	MISMATCH	MISMATCH: IGNORE:metal_representation_diff (metal coordination or charge representation differs) — requires manual review	53297382	MPOOECNQTZRJKI-UHFFFAOYSA-M	OLXPCSUEHPHOLS-UHFFFAOYSA-N
cpd19732	STEREO_DIFF_REJECTED	STEREO_DIFF rejected: PubChem has fewer defined stereocenters (0 vs 1)	93483	AGKSTYPVMZODRV-QJOMJCCJSA-N	AGKSTYPVMZODRV-UHFFFAOYSA-N
cpd19733	STEREO_DIFF_REJECTED	STEREO_DIFF rejected: PubChem has fewer defined stereocenters (0 vs 1)	18772487	PPCUNNLZTNMXFO-ACCUITESSA-N	PPCUNNLZTNMXFO-UHFFFAOYSA-N
cpd19745	MISMATCH	MISMATCH: IGNORE:wrong_mapping (formula: stored=C16H13F5N5O5S, pubchem=C36H70CaO4) — requires manual review	15324	CFZUXHPHMCTICE-UHFFFAOYSA-N	CJZGTCYPCWQAJB-UHFFFAOYSA-L
cpd19757	STEREO_DIFF_REJECTED	STEREO_DIFF rejected: PubChem has fewer defined stereocenters (0 vs 1)	91699	HSMVPDGQOIQYSR-KGENOOAVSA-N	HSMVPDGQOIQYSR-UHFFFAOYSA-N
cpd19771	STEREO_DIFF_REJECTED	STEREO_DIFF rejected: PubChem has fewer defined stereocenters (0 vs 1)	213021	WCXDHFDTOYPNIE-RIYZIHGNSA-N	WCXDHFDTOYPNIE-UHFFFAOYSA-N
cpd19776	STEREO_DIFF_REJECTED	STEREO_DIFF rejected: PubChem has fewer defined stereocenters (0 vs 1)	115224	HOKKPVIRMVDYPB-UVTDQMKNSA-N	HOKKPVIRMVDYPB-UHFFFAOYSA-N
cpd19804	MISMATCH	MISMATCH: IGNORE:wrong_mapping (formula: stored=C17H23ClNO4, pubchem=C6H7ClN2O) — requires manual review	12338793	IOYNQIMAUDJVEI-BMVIKAAMSA-M	NBIASXYTWHFPCI-UHFFFAOYSA-N
cpd19860	MISMATCH	MISMATCH: IGNORE:wrong_mapping (formula: stored=C30H22BrO4, pubchem=C6H5ClN2) — requires manual review	45080172	OWNRRUFOJXFKCU-UHFFFAOYSA-M	LOMHPDKAIATDPF-UHFFFAOYSA-N
cpd19892	XREF_CONFLICT			VLLHDRLFPQGTRO-UHFFFAOYSA-L	
cpd19931	STEREO_DIFF_REJECTED	STEREO_DIFF rejected: PubChem has fewer defined stereocenters (0 vs 1)	31099	RMFNNCGOSPBBAD-MDWZMJQESA-O	RMFNNCGOSPBBAD-UHFFFAOYSA-N
cpd19973	MISMATCH	MISMATCH: IGNORE:wrong_mapping (formula: stored=C47H61O21, pubchem=C5H5ClN2) — requires manual review	227254	IPNUIVZIOFPGDN-PRUFDSPOSA-M	PRORLQAJNJMGAR-UHFFFAOYSA-N
cpd20027	MISMATCH	MISMATCH: IGNORE:tautomer (same canonical tautomer, stored form curated for biological relevance) — requires manual review	516902	GQMRMFTXVUMSAU-UHFFFAOYSA-N	YZHUMGUJCQRKBT-UHFFFAOYSA-M
cpd20034	MISMATCH	MISMATCH: IGNORE:tautomer (same canonical tautomer, stored form curated for biological relevance) — requires manual review	6376209	GAVUFZVBSUMBQW-WOJGMQOQSA-N	MSNWHIVXIUIVPC-WOJGMQOQSA-N
cpd20068	STEREO_DIFF_REJECTED	STEREO_DIFF rejected: PubChem has fewer defined stereocenters (0 vs 2)	9969573	CLSVJBIHYWPGQY-GGYDESQDSA-N	CLSVJBIHYWPGQY-UHFFFAOYSA-N
cpd20109	MISMATCH	MISMATCH: IGNORE:tautomer (same canonical tautomer, stored form curated for biological relevance) — requires manual review	53297411	ASKUCMFYPBVEFV-ZOAZLDGZSA-N	LCZVAZIKJSPLAY-GLVZILGKSA-N
cpd20116	MISMATCH	MISMATCH: IGNORE:metal_representation_diff (metal coordination or charge representation differs) — requires manual review	53297412	NCHPMVGTNJBUGS-UHFFFAOYSA-M	XVPAYLVQXRJFBG-UHFFFAOYSA-N
cpd20120	STEREO_DIFF_REJECTED	STEREO_DIFF rejected: PubChem has fewer defined stereocenters (0 vs 1)	18772468	XWROTTLWMHCFEC-LGMDPLHJSA-M	XWROTTLWMHCFEC-UHFFFAOYSA-N
cpd20132	XREF_CONFLICT			UUYVRXVWXDDDGX-WDSKDSINSA-M	
cpd20151	MISMATCH	MISMATCH: IGNORE:wrong_mapping (formula: stored=C16H16N3O6, pubchem=C8H6ClNO3) — requires manual review	12643796	DEIKMOQTJBGGAX-DJKKODMXSA-M	PUUYGMZERWRIDS-UHFFFAOYSA-N
cpd20184	MISMATCH	MISMATCH: IGNORE:tautomer (same canonical tautomer, stored form curated for biological relevance) — requires manual review	10320	MQIVNMHALJNFMG-ILYHAJGMSA-N	ORLIFVYIUIQGOA-UHFFFAOYSA-N
cpd20190	STEREO_DIFF_REJECTED	STEREO_DIFF rejected: PubChem has fewer defined stereocenters (0 vs 1)	39978	ZZVVDIVWGXTDRQ-BSYVCWPDSA-N	ZZVVDIVWGXTDRQ-UHFFFAOYSA-N
cpd20280	STEREO_DIFF_REJECTED	STEREO_DIFF rejected: PubChem has fewer defined stereocenters (0 vs 1)	79914	DCEAEHHJGXAROU-WUKNDPDISA-N	DCEAEHHJGXAROU-UHFFFAOYSA-N
cpd20285	STEREO_DIFF_REJECTED	STEREO_DIFF rejected: PubChem has fewer defined stereocenters (0 vs 1)	16770	JKVBWACRUUUEAR-ISLYRVAYSA-N	JKVBWACRUUUEAR-UHFFFAOYSA-N
cpd20297	STEREO_DIFF_REJECTED	STEREO_DIFF rejected: PubChem has fewer defined stereocenters (0 vs 1)	12657825	OUDYXRYNDPEKLK-XNTDXEJSSA-O	OUDYXRYNDPEKLK-UHFFFAOYSA-N
cpd20301	STEREO_DIFF_REJECTED	STEREO_DIFF rejected: PubChem has fewer defined stereocenters (2 vs 3)	53297418	KVKHBPGBGOVMBN-PWLVHAGJSA-N	KVKHBPGBGOVMBN-RUKILCFBSA-N
cpd20330	MISMATCH	MISMATCH: IGNORE:wrong_mapping (formula: stored=C15H12ClO4, pubchem=C9H12ClN) — requires manual review	11030256	MVJSHNOLKGWVHY-UHFFFAOYSA-M	JCUUNSQUTQELEZ-UHFFFAOYSA-N
cpd20411	XREF_CONFLICT			YHDAXCLOUDHUAA-LROHGRLLSA-I	
cpd20413	XREF_CONFLICT			QNHKLTYSDLGJSR-GQPBWUKJSA-L	
cpd20445	STEREO_DIFF_REJECTED	STEREO_DIFF rejected: PubChem has fewer defined stereocenters (0 vs 1)	6051	QPQKUYVSJWQSDY-CCEZHUSRSA-N	QPQKUYVSJWQSDY-UHFFFAOYSA-N
cpd20446	STEREO_DIFF_REJECTED	STEREO_DIFF rejected: PubChem has fewer defined stereocenters (0 vs 1)	7340	PFRYFZZSECNQOL-WUKNDPDISA-N	PFRYFZZSECNQOL-UHFFFAOYSA-N
cpd20467	MISMATCH	MISMATCH: IGNORE:metal_representation_diff (metal coordination or charge representation differs) — requires manual review	22960	QJAOEFPVCPXFSX-UHFFFAOYSA-L	HNBQFKZSMFFZQY-UHFFFAOYSA-L
cpd20471	MISMATCH	MISMATCH: IGNORE:metal_representation_diff (metal coordination or charge representation differs) — requires manual review	136120796	NRMDVSKTFVMTCA-LDTGRJIASA-J	VHYWIEAPFUTDIP-UHFFFAOYSA-N
cpd20472	STEREO_DIFF_REJECTED	STEREO_DIFF rejected: PubChem has fewer defined stereocenters (0 vs 1)	22830	GJUABKCEXOMRPQ-FMQUCBEESA-N	GJUABKCEXOMRPQ-UHFFFAOYSA-N
cpd20510	MISMATCH	MISMATCH: IGNORE:tautomer_connectivity (same heavy-atom connectivity, different H positions — tautomer not recognized by RDKit enumerator) — requires manual review	12447	NIKFYOSELWJIOF-SVFFXJIWSA-N	AXDJCCTWPBKUKL-UHFFFAOYSA-N
cpd20548	STEREO_DIFF_REJECTED	STEREO_DIFF rejected: PubChem has fewer defined stereocenters (0 vs 1)	8691	QQBPIHBUCMDKFG-GEEYTBSJSA-M	QQBPIHBUCMDKFG-UHFFFAOYSA-N
cpd20553	MISMATCH	MISMATCH: IGNORE:tautomer (same canonical tautomer, stored form curated for biological relevance) — requires manual review	23673461	YKMIIXZZCULMJS-UHFFFAOYSA-N	OCATYIAKPYKMPG-UHFFFAOYSA-M
cpd20591	STEREO_DIFF_REJECTED	STEREO_DIFF rejected: PubChem has fewer defined stereocenters (0 vs 1)	2272	DMLAVOWQYNRWNQ-BUHFOSPRSA-N	DMLAVOWQYNRWNQ-UHFFFAOYSA-N
cpd20602	MISMATCH	MISMATCH: IGNORE:tautomer (same canonical tautomer, stored form curated for biological relevance) — requires manual review	7737	LNHURPJLTHSVMU-UHFFFAOYSA-N	DZCCLNYLUGNUKQ-UHFFFAOYSA-N
cpd20614	STEREO_DIFF_REJECTED	STEREO_DIFF rejected: PubChem has fewer defined stereocenters (0 vs 1)	19118	YSVBPNGJESBVRM-ZPZFBZIMSA-L	YSVBPNGJESBVRM-UHFFFAOYSA-L
cpd20625	STEREO_DIFF_REJECTED	STEREO_DIFF rejected: PubChem has fewer defined stereocenters (0 vs 1)	10771	MCTQNEBFZMBRSQ-GEEYTBSJSA-M	MCTQNEBFZMBRSQ-UHFFFAOYSA-N
cpd20628	STEREO_DIFF_REJECTED	STEREO_DIFF rejected: PubChem has fewer defined stereocenters (0 vs 1)	16015	HSXUHWZMNJHFRV-QIKYXUGXSA-L	HSXUHWZMNJHFRV-UHFFFAOYSA-L
cpd20629	STEREO_DIFF_REJECTED	STEREO_DIFF rejected: PubChem has fewer defined stereocenters (0 vs 1)	17047	ZLFVRXUOSPRRKQ-VHEBQXMUSA-N	ZLFVRXUOSPRRKQ-UHFFFAOYSA-N
cpd20638	STEREO_DIFF_REJECTED	STEREO_DIFF rejected: PubChem has fewer defined stereocenters (0 vs 2)	21238	POJOORKDYOPQLS-FFRZOONGSA-L	POJOORKDYOPQLS-UHFFFAOYSA-L
cpd20678	MISMATCH	MISMATCH: IGNORE:metal_representation_diff (metal coordination or charge representation differs) — requires manual review	9409	LACOVWRNZVORMH-UHFFFAOYSA-J	ATNOAWAQFYGAOY-UHFFFAOYSA-J
cpd20715	STEREO_DIFF_REJECTED	STEREO_DIFF rejected: PubChem has fewer defined stereocenters (0 vs 1)	5235308	CEQFOVLGLXCDCX-WUKNDPDISA-M	CEQFOVLGLXCDCX-UHFFFAOYSA-M
cpd20736	MISMATCH	MISMATCH: IGNORE:wrong_mapping (formula: stored=C19H16N8O7, pubchem=C6H15NO4) — requires manual review	6552	QPQDSWYBXPBZPJ-LBPRGKRZSA-L	DQKGOGJIOHUEGK-UHFFFAOYSA-M
cpd20765	STEREO_DIFF_REJECTED	STEREO_DIFF rejected: PubChem has fewer defined stereocenters (0 vs 1)	53297435	UBCRUPQPEJKSMS-LLIZZRELSA-K	UBCRUPQPEJKSMS-UHFFFAOYSA-L
cpd20775	MISMATCH	MISMATCH: IGNORE:tautomer (same canonical tautomer, stored form curated for biological relevance) — requires manual review	62330	WYHWFOBMQSBRRY-UHFFFAOYSA-N	RCTGMCJBQGBLKT-UHFFFAOYSA-N
cpd20778	MISMATCH	MISMATCH: IGNORE:tautomer (same canonical tautomer, stored form curated for biological relevance) — requires manual review	23668197	WEKMZMIIYLFEIJ-UHFFFAOYSA-N	UKLNMMHNWFDKNT-UHFFFAOYSA-M
cpd20782	MISMATCH	MISMATCH: IGNORE:tautomer (same canonical tautomer, stored form curated for biological relevance) — requires manual review	62331	XYWSVVUQWNOHIU-KAJPWYIYSA-N	FHNINJWBTRXEBC-UHFFFAOYSA-N
cpd20783	STEREO_DIFF_REJECTED	STEREO_DIFF rejected: PubChem has fewer defined stereocenters (0 vs 1)	62608	AHWMWMNEYBHQNL-FMQUCBEESA-N	AHWMWMNEYBHQNL-UHFFFAOYSA-N
cpd20784	STEREO_DIFF_REJECTED	STEREO_DIFF rejected: PubChem has fewer defined stereocenters (0 vs 2)	61396	VKWNTWQXVLKCSG-ZDXBJJIESA-N	VKWNTWQXVLKCSG-UHFFFAOYSA-N
cpd20786	STEREO_DIFF_REJECTED	STEREO_DIFF rejected: PubChem has fewer defined stereocenters (0 vs 1)	17730	OIQPTROHQCGFEF-QIKYXUGXSA-L	OIQPTROHQCGFEF-UHFFFAOYSA-L
cpd20807	STEREO_DIFF_REJECTED	STEREO_DIFF rejected: PubChem has fewer defined stereocenters (0 vs 1)	6824	KLCDQSGLLRINHY-VHEBQXMUSA-N	KLCDQSGLLRINHY-UHFFFAOYSA-N
cpd20808	STEREO_DIFF_REJECTED	STEREO_DIFF rejected: PubChem has fewer defined stereocenters (0 vs 1)	8578	BWLVSYUUKOQICP-FMQUCBEESA-N	BWLVSYUUKOQICP-UHFFFAOYSA-N
cpd20932	XREF_CONFLICT			FZYRZXMIVBMRTC-JKRHTJORSA-J	
cpd20950	STEREO_DIFF_REJECTED	STEREO_DIFF rejected: PubChem has fewer defined stereocenters (9 vs 11)	46878468	HEPUIGACZYVUCD-LFIKJOHQSA-O	HEPUIGACZYVUCD-XFVWJBEHSA-O
cpd20951	STEREO_DIFF_REJECTED	STEREO_DIFF rejected: PubChem has fewer defined stereocenters (10 vs 12)	46878469	ZGXSCMBZZVXWGF-BSEFFJTHSA-N	ZGXSCMBZZVXWGF-GGKYFZEDSA-O
cpd20968	XREF_CONFLICT			BAQXAKWDKIIPEC-UHFFFAOYSA-M	
cpd20983	STEREO_DIFF_REJECTED	STEREO_DIFF rejected: PubChem has fewer defined stereocenters (2 vs 3)	56928116	KWFJIXPIFLVMPM-HTXFPXQUSA-N	KWFJIXPIFLVMPM-DMRFDLNASA-N
cpd21029	STEREO_DIFF_REJECTED	STEREO_DIFF rejected: PubChem has fewer defined stereocenters (9 vs 11)	10452519	MRKTUVZZZRUSQR-JPUVNKLSSA-N	MRKTUVZZZRUSQR-URSAZOBZSA-N
cpd21039	STEREO_DIFF_REJECTED	STEREO_DIFF rejected: PubChem has fewer defined stereocenters (8 vs 10)	50986209	FWZKVMBRYZSGFS-WRUQXNMMSA-L	FWZKVMBRYZSGFS-MXIHWWRUSA-L
cpd21043	STEREO_DIFF_REJECTED	STEREO_DIFF rejected: PubChem has fewer defined stereocenters (10 vs 12)	53262351	ZFRNHZNPYSOZBU-MCUIPIIISA-K	ZFRNHZNPYSOZBU-VGKACDALSA-K
cpd21090	XREF_CONFLICT			DADSOADRDIOHLI-URFSMQQBSA-K	
cpd21092	MISMATCH	MISMATCH: IGNORE:wrong_mapping (formula: stored=C20H39N3O16P, pubchem=C6H2Cl2O4) — requires manual review	66604	SYTZKXOAVUXHFS-MFXOAIQNSA-O	IPPWILKGXFOXHO-UHFFFAOYSA-N
cpd21131	STEREO_DIFF_REJECTED	STEREO_DIFF rejected: PubChem has fewer defined stereocenters (0 vs 6)	892	CDAISMWEOUEBRE-LKPKBOIGSA-N	CDAISMWEOUEBRE-UHFFFAOYSA-N
cpd21206	XREF_CONFLICT			FCFXDIAPAZDDGH-VPENINKCSA-J	
cpd21207	XREF_CONFLICT			WICCXQDUPYNGBG-VPENINKCSA-K	
cpd21215	MISMATCH	MISMATCH: IGNORE:wrong_mapping (formula: stored=C10H15NO6, pubchem=C6H8O4) — requires manual review	6544483	OEZFTGUQNATVAL-SVRRBLITSA-L	SUSAGCZZQKACKE-ZXZARUISSA-N
cpd21229	MISMATCH	MISMATCH: IGNORE:wrong_mapping (formula: stored=C25H42NO9, pubchem=C5H3ClFN) — requires manual review	345817	SQMGCPHFHQGPIF-JIOYIOPFSA-O	ZULRQGBHWBQPFE-UHFFFAOYSA-N
cpd21230	STEREO_DIFF_REJECTED	STEREO_DIFF rejected: stereo_inversion: 1 of 2 shared stereocenters have different configuration	56928145	BRVXVMOWTHQKHC-LVYIKVSWSA-N	BRVXVMOWTHQKHC-HIAHFQITSA-N
cpd21238	XREF_CONFLICT			ZSRQZWSFCHZORS-VDPNAHCISA-N	
cpd21242	STEREO_DIFF_REJECTED	STEREO_DIFF rejected: stereo_inversion: 1 of 33 shared stereocenters have different configuration	56928149	WFCQOYJANLJDGJ-LRNYXKCPSA-N	WFCQOYJANLJDGJ-FANYTCEVSA-N
cpd21252	STEREO_DIFF_REJECTED	STEREO_DIFF rejected: stereo_inversion: 1 of 24 shared stereocenters have different configuration	10396247	LUNOZQKEODBLAF-REXPXUHCSA-M	LUNOZQKEODBLAF-BTMAFXPRSA-N
cpd21271	STEREO_DIFF_REJECTED	STEREO_DIFF rejected: PubChem has fewer defined stereocenters (7 vs 8)	56928160	ZKCSFQZJDZSMCH-FMZFLZIJSA-O	ZKCSFQZJDZSMCH-WHYVOJEVSA-N
cpd21289	MISMATCH	MISMATCH: IGNORE:wrong_mapping (formula: stored=C60H95N20O14, pubchem=C10H7ClO) — requires manual review	13215707	IQYXIVGCMIDGBR-WRBAKOPXSA-Q	NRLZGPVINJTXJL-UHFFFAOYSA-N
cpd21300	STEREO_DIFF_REJECTED	STEREO_DIFF rejected: PubChem has fewer defined stereocenters (18 vs 19)	56928164	FHCSEAYKGLTPDJ-BYWZCTSOSA-N	FHCSEAYKGLTPDJ-YBTWLSCUSA-N
cpd21409	XREF_CONFLICT			TWASSXBZBPICSS-VPENINKCSA-K	
cpd21438	STEREO_DIFF_REJECTED	STEREO_DIFF rejected: stereo_inversion: 4 of 5 shared stereocenters have different configuration	10667003	DZAYTXGDCMMRGZ-UHWULVJNSA-N	DZAYTXGDCMMRGZ-MHMMHEKKSA-N
cpd21484	STEREO_DIFF_REJECTED	STEREO_DIFF rejected: PubChem has fewer defined stereocenters (4 vs 5)	12308755	VYEGBDHSGHXOGT-QFYCRYKCSA-N	VYEGBDHSGHXOGT-KVJVDKLYSA-N
cpd21776	STEREO_DIFF_REJECTED	STEREO_DIFF rejected: PubChem has fewer defined stereocenters (2 vs 3)	21576290	RMCNETIHECSPMZ-SCDXWVJYSA-O	RMCNETIHECSPMZ-NGQZWQHPSA-O
cpd21838	MISMATCH	MISMATCH: IGNORE:wrong_mapping (formula: stored=C19H32O, pubchem=C19H32O2) — requires manual review	439981	QUKZBUCPOSYYFO-BBKYASGISA-N	CBMYJHIOYJEBSB-OBWQPBIBSA-N
cpd21872	MISMATCH	MISMATCH: IGNORE:tautomer_connectivity (same heavy-atom connectivity, different H positions — tautomer not recognized by RDKit enumerator) — requires manual review	54740361	ITLMIBZJFWOLPC-UHFFFAOYSA-L	AGCCSGUKFYOOTJ-XOGRUQSTSA-L
cpd22006	MISMATCH	MISMATCH: IGNORE:tautomer (same canonical tautomer, stored form curated for biological relevance) — requires manual review	418745	QIBLFAMJLVFXAT-UHFFFAOYSA-N	UHUHBFMZVCOEOV-UHFFFAOYSA-N
cpd22527	MISMATCH	MISMATCH: IGNORE:protonation_only_inchi (same connectivity and stereo, differs in protonation) — requires manual review	104730	BFVNPAKTAJENJQ-UHFFFAOYSA-N	GUTLYIVDDKVIGB-UHFFFAOYSA-N
cpd22605	MISMATCH	MISMATCH: IGNORE:tautomer (same canonical tautomer, stored form curated for biological relevance) — requires manual review	12730529	YVWGXFKKGSQSAP-UHFFFAOYSA-N	DBYQGTLFSQKPCA-UHFFFAOYSA-N
cpd22645	STEREO_DIFF_REJECTED	STEREO_DIFF rejected: stereo_inversion: 1 of 10 shared stereocenters have different configuration	23844078	BGPMMCPSTAYIEL-JWUFSHJESA-L	BGPMMCPSTAYIEL-UTKQBPCESA-N
cpd22705	STEREO_DIFF_REJECTED	STEREO_DIFF rejected: stereo_inversion: 1 of 13 shared stereocenters have different configuration	15558776	CMHWMOGWFZWDMR-FMUUHJOYSA-N	CMHWMOGWFZWDMR-FVGBAMMESA-N
cpd22751	MISMATCH	MISMATCH: IGNORE:wrong_mapping (formula: stored=C6H2Cl2O5, pubchem=C6H2Cl2O4) — requires manual review	3036137	VCACEESBWIUFFZ-SNAWJCMRSA-L	DGYZEWAXAPMXQL-UHFFFAOYSA-M
cpd22821	MISMATCH	MISMATCH: REVIEW:likely_positional_isomer (tanimoto=0.90, different connectivity+stereo layers) — requires manual review	44123391	SYTZKXOAVUXHFS-JEXNNBSLSA-O	DOGWFBOMPMPJRR-JDVAIWFUSA-O
cpd22831	XREF_CONFLICT			ZAYBALCGWHPZAO-SRBOSORUSA-M	
cpd22834	STEREO_DIFF_REJECTED	STEREO_DIFF rejected: PubChem has fewer defined stereocenters (9 vs 11)	44123569	VCWMRQDBPZKXKG-OSOMVMCLSA-N	VCWMRQDBPZKXKG-IFZYWDRDSA-N
cpd22835	MISMATCH	MISMATCH: IGNORE:tautomer_connectivity (same heavy-atom connectivity, different H positions — tautomer not recognized by RDKit enumerator) — requires manual review	134160354	FTMHDEMDWXBDBQ-UHFFFAOYSA-M	IXBJPYLKCPOFEX-UHFFFAOYSA-M
cpd22887	MISMATCH	MISMATCH: IGNORE:tautomer_connectivity (same heavy-atom connectivity, different H positions — tautomer not recognized by RDKit enumerator) — requires manual review	135398053	RFQTTWMMZCYSHV-UHFFFAOYSA-M	CYWRXIILQMXSGY-TZFCGSKZSA-M
cpd22896	MISMATCH	MISMATCH: IGNORE:tautomer_connectivity (same heavy-atom connectivity, different H positions — tautomer not recognized by RDKit enumerator) — requires manual review	54748979	CHVQPRRQGSHSOF-UHFFFAOYSA-L	RCOPGPSOOZZYBB-NAOWAUKJSA-L
cpd23011	STEREO_DIFF_REJECTED	STEREO_DIFF rejected: PubChem has fewer defined stereocenters (0 vs 1)	657262	UOFGSWVZMUXXIY-BMRADRMJSA-N	UOFGSWVZMUXXIY-UHFFFAOYSA-N
cpd23052	MISMATCH	MISMATCH: IGNORE:metal_representation_diff (metal coordination or charge representation differs) — requires manual review	53356674	CHOQYHJGLJAIGW-UHFFFAOYSA-J	RNQMHXMGXVQRMV-UHFFFAOYSA-J
cpd23062	STEREO_DIFF_REJECTED	STEREO_DIFF rejected: PubChem has fewer defined stereocenters (4 vs 6)	45479463	UPHPWXPNZIOZJL-CNWJWELYSA-B	UPHPWXPNZIOZJL-GFWFORPUSA-A
cpd23063	STEREO_DIFF_REJECTED	STEREO_DIFF rejected: PubChem has fewer defined stereocenters (4 vs 6)	45479434	UPHPWXPNZIOZJL-XCMZKKERSA-B	UPHPWXPNZIOZJL-WWHKVMGRSA-A
cpd23083	MISMATCH	MISMATCH: IGNORE:tautomer (same canonical tautomer, stored form curated for biological relevance) — requires manual review	135874849	VFVVPBBLCNJQRK-BKLSDQPFSA-N	YQIFAMYNGGOTFB-NJGYIYPDSA-N
cpd23090	MISMATCH	MISMATCH: IGNORE:tautomer_inchikey (same stereo+protonation layers, different connectivity — likely tautomer not recognized by RDKit enumerator) — requires manual review	9928668	LGHQPUWQHZBUST-UHFFFAOYSA-N	FETFZHLVPOJEBR-UHFFFAOYSA-N
cpd23091	MISMATCH	MISMATCH: IGNORE:tautomer (same canonical tautomer, stored form curated for biological relevance) — requires manual review	135705573	CYIDHFGWLQVOIJ-FKKAOLSPSA-N	GEFUXTHVYBRRRD-FKKAOLSPSA-N
cpd23097	STEREO_DIFF_REJECTED	STEREO_DIFF rejected: PubChem has fewer defined stereocenters (9 vs 13)	45479420	MXFYIPZNENWPSK-NKOPCKDMSA-M	MXFYIPZNENWPSK-BSBOPDPFSA-M
cpd23103	MISMATCH	MISMATCH: IGNORE:tautomer_connectivity (same heavy-atom connectivity, different H positions — tautomer not recognized by RDKit enumerator) — requires manual review	90659264	HCQWWPHLMKWTDT-UHFFFAOYSA-L	UUXOWMLQXACBTJ-XLFBNKDWSA-L
cpd23112	MISMATCH	MISMATCH: IGNORE:tautomer_connectivity (same heavy-atom connectivity, different H positions — tautomer not recognized by RDKit enumerator) — requires manual review	54750829	WLGLTNPFBKNYGG-UHFFFAOYSA-L	IPWNMCXZUUQQTP-DUXPYHPUSA-L
cpd23127	STEREO_DIFF_REJECTED	STEREO_DIFF rejected: stereo_inversion: 1 of 2 shared stereocenters have different configuration	9981344	AMSOPBXQXSAAAC-WOPPVIIVSA-M	AMSOPBXQXSAAAC-PLZPTFKGSA-N
cpd23145	STEREO_DIFF_REJECTED	STEREO_DIFF rejected: PubChem has fewer defined stereocenters (11 vs 13)	90658727	NENJIGZIVSXAMB-IAPFVRBOSA-M	NENJIGZIVSXAMB-OGNSAIDESA-M
cpd23148	STEREO_DIFF_REJECTED	STEREO_DIFF rejected: PubChem has fewer defined stereocenters (4 vs 6)	45479461	PELZSPZCXGTUMR-ADOSBGCESA-J	PELZSPZCXGTUMR-OHMVJDTGSA-J
cpd23149	STEREO_DIFF_REJECTED	STEREO_DIFF rejected: PubChem has fewer defined stereocenters (4 vs 6)	45479345	UPHPWXPNZIOZJL-PTQMNWPWSA-B	UPHPWXPNZIOZJL-LXOASSSBSA-A
cpd23220	MISMATCH	MISMATCH: IGNORE:wrong_mapping (formula: stored=C27H35N5O11, pubchem=C27H37N5O10) — requires manual review	3083702	LTLRSSODKMOQEA-UQQQWYQISA-N	HQYXQBFMMYIDEA-UHFFFAOYSA-N
cpd23237	STEREO_DIFF_REJECTED	STEREO_DIFF rejected: stereo_inversion: 1 of 19 shared stereocenters have different configuration	9918692	SWIROVJVGRGSPO-RAEVAQEDSA-N	SWIROVJVGRGSPO-JBVRGBGGSA-N
cpd23272	STEREO_DIFF_REJECTED	STEREO_DIFF rejected: PubChem has fewer defined stereocenters (10 vs 12)	46224551	UFFVRAZTLALLGR-FQBKTPCVSA-M	UFFVRAZTLALLGR-MGQAWMCHSA-L
cpd23317	STEREO_DIFF_REJECTED	STEREO_DIFF rejected: stereo_inversion: 29 of 43 shared stereocenters have different configuration	46173258	XZWVBMCLWBSYKN-HHBFEEODSA-H	XZWVBMCLWBSYKN-WJSZAVAKSA-H
cpd23323	STEREO_DIFF_REJECTED	STEREO_DIFF rejected: stereo_inversion: 1 of 28 shared stereocenters have different configuration	90659167	SPNUHDHMVZBORE-WMXZGDGASA-L	SPNUHDHMVZBORE-XUQLFXMQSA-L
cpd23325	STEREO_DIFF_REJECTED	STEREO_DIFF rejected: stereo_inversion: 3 of 17 shared stereocenters have different configuration	90659170	MHPXOXBTMGUQIU-DDEFLDRYSA-K	MHPXOXBTMGUQIU-LYJVGFLESA-K
cpd23337	STEREO_DIFF_REJECTED	STEREO_DIFF rejected: stereo_inversion: 1 of 27 shared stereocenters have different configuration	90658840	LBWQSTBUXZWAPL-PBUIOWKLSA-K	LBWQSTBUXZWAPL-SNILWHOYSA-K
cpd23340	STEREO_DIFF_REJECTED	STEREO_DIFF rejected: stereo_inversion: 2 of 25 shared stereocenters have different configuration	90657707	JJUKOFTUAPCZJL-DLESYFLSSA-L	JJUKOFTUAPCZJL-WWIQLCRWSA-L
cpd23341	STEREO_DIFF_REJECTED	STEREO_DIFF rejected: stereo_inversion: 2 of 26 shared stereocenters have different configuration	90658290	LBVRUBUWHAWFSL-SIKABHFDSA-K	LBVRUBUWHAWFSL-VVIOUNLLSA-K
cpd23342	STEREO_DIFF_REJECTED	STEREO_DIFF rejected: stereo_inversion: 2 of 26 shared stereocenters have different configuration	90659299	DBUGXOQEAQNJAT-SIKABHFDSA-L	DBUGXOQEAQNJAT-VVIOUNLLSA-L
cpd23343	STEREO_DIFF_REJECTED	STEREO_DIFF rejected: PubChem has fewer defined stereocenters (40 vs 42)	134820369	KTCCOELKQOPTAU-WXXHVMHOSA-L	KTCCOELKQOPTAU-WZMUJBQFSA-L
cpd23345	MISMATCH	MISMATCH: REVIEW:likely_positional_isomer (tanimoto=0.93, different connectivity+stereo layers) — requires manual review	134820076	WOZKDGPDKRODSE-JLBKNMFSSA-L	MCSKGNVEEFRWNJ-HZZQXYMISA-L
cpd23375	MISMATCH	MISMATCH: IGNORE:tautomer_connectivity (same heavy-atom connectivity, different H positions — tautomer not recognized by RDKit enumerator) — requires manual review	135871106	FIJXMQZPQOWRRU-UMMCILCDSA-J	JCHLKIQZUXYLPW-UMMCILCDSA-J
cpd23390	STEREO_DIFF_REJECTED	STEREO_DIFF rejected: stereo_inversion: 1 of 3 shared stereocenters have different configuration	90657180	MZIFZNVMGWJZJS-CKPZPDRJSA-M	MZIFZNVMGWJZJS-VLYKUNOGSA-M
cpd23393	STEREO_DIFF_REJECTED	STEREO_DIFF rejected: stereo_inversion: 1 of 3 shared stereocenters have different configuration	90657804	YQUHLDHXDRTWFY-BUJFJAHTSA-M	YQUHLDHXDRTWFY-BOVADZLKSA-M
cpd23395	MISMATCH	MISMATCH: IGNORE:tautomer (same canonical tautomer, stored form curated for biological relevance) — requires manual review	123131543	GHTBKFAZGIBUSA-UHFFFAOYSA-N	JTDCVVYTRKWMAE-UHFFFAOYSA-N
cpd23396	STEREO_DIFF_REJECTED	STEREO_DIFF rejected: stereo_inversion: 1 of 3 shared stereocenters have different configuration	90659350	QUHKCUMRZNSHRI-NOSOHGNZSA-M	QUHKCUMRZNSHRI-VSDCOVJQSA-M
cpd23399	STEREO_DIFF_REJECTED	STEREO_DIFF rejected: stereo_inversion: 1 of 3 shared stereocenters have different configuration	90657391	JOFREYGWDGCQDK-XUJJJAFJSA-M	JOFREYGWDGCQDK-ZBXZNTBBSA-M
cpd23401	MISMATCH	MISMATCH: IGNORE:tautomer (same canonical tautomer, stored form curated for biological relevance) — requires manual review	123131560	DUOVRZULGNHGCP-UHFFFAOYSA-N	LXZOOYJPYFVQFL-UHFFFAOYSA-N
cpd23402	STEREO_DIFF_REJECTED	STEREO_DIFF rejected: stereo_inversion: 1 of 3 shared stereocenters have different configuration	90657420	BTIMTMCNIPNGRC-AFLXUTJMSA-M	BTIMTMCNIPNGRC-BMSRQDKOSA-M
cpd23404	MISMATCH	MISMATCH: IGNORE:tautomer (same canonical tautomer, stored form curated for biological relevance) — requires manual review	123131533	GVCLNXJGDDHQFD-UHFFFAOYSA-N	YNGGFUNKMBPTPS-UHFFFAOYSA-N
cpd23405	STEREO_DIFF_REJECTED	STEREO_DIFF rejected: stereo_inversion: 1 of 3 shared stereocenters have different configuration	90657411	GPZLPQNMTKAECU-QNPAVUSQSA-M	GPZLPQNMTKAECU-KWBVRPRRSA-M
cpd23416	STEREO_DIFF_REJECTED	STEREO_DIFF rejected: stereo_inversion: 1 of 7 shared stereocenters have different configuration	90657802	ZXNGTIMPVQJBQY-LUPOLDEESA-M	ZXNGTIMPVQJBQY-GQCUBUKLSA-M
cpd23446	MISMATCH	MISMATCH: IGNORE:tautomer_connectivity (same heavy-atom connectivity, different H positions — tautomer not recognized by RDKit enumerator) — requires manual review	11804	RYFDAKJDBZLGTH-UHFFFAOYSA-N	ODCYDGXXCHTFIR-UHFFFAOYSA-N
cpd23517	MISMATCH	MISMATCH: IGNORE:tautomer_connectivity (same heavy-atom connectivity, different H positions — tautomer not recognized by RDKit enumerator) — requires manual review	90657395	FJGLKTUVHMIZAE-VJXVFPJBSA-M	GCEHZSFCBPUADZ-VJXVFPJBSA-M
cpd23606	MISMATCH	MISMATCH: IGNORE:tautomer (same canonical tautomer, stored form curated for biological relevance) — requires manual review	50986124	AAZJDRZCTGURLF-UHFFFAOYSA-N	SLKICHKRVPGLCY-UHFFFAOYSA-N
cpd23613	STEREO_DIFF_REJECTED	STEREO_DIFF rejected: PubChem has fewer defined stereocenters (8 vs 12)	50986199	FIIUDBCIQWHEHT-VOEMVRBLSA-M	FIIUDBCIQWHEHT-QHJSIRDLSA-M
cpd23657	MISMATCH	MISMATCH: IGNORE:tautomer (same canonical tautomer, stored form curated for biological relevance) — requires manual review	50986250	ZZJIPQXCIFSUGW-UHFFFAOYSA-M	IIQCJOQENFQELS-UHFFFAOYSA-M
cpd23670	MISMATCH	MISMATCH: IGNORE:tautomer (same canonical tautomer, stored form curated for biological relevance) — requires manual review	84192	NHWOPVLAPBOXFB-UHFFFAOYSA-N	GJYXGIIWJFZCLN-UHFFFAOYSA-N
cpd23692	MISMATCH	MISMATCH: IGNORE:tautomer_connectivity (same heavy-atom connectivity, different H positions — tautomer not recognized by RDKit enumerator) — requires manual review	123131578	ZHNLQUSUYXSVEQ-UHFFFAOYSA-L	HDEIGSIJUBUHSO-UHFFFAOYSA-L
cpd23727	MISMATCH	MISMATCH: IGNORE:tautomer (same canonical tautomer, stored form curated for biological relevance) — requires manual review	52940206	JAACGMAUCWISDS-UHFFFAOYSA-M	MTNXHXKXYFWIRI-ZCFIWIBFSA-M
cpd23839	XREF_CONFLICT			QTQJAGDTOOCFJJ-SRBOSORUSA-L	
cpd23864	STEREO_DIFF_REJECTED	STEREO_DIFF rejected: PubChem has fewer defined stereocenters (38 vs 46)	54758680	UXLCPUQLASXUCI-LRZKYNRXSA-N	UXLCPUQLASXUCI-YWIPSOFJSA-N
cpd23865	STEREO_DIFF_REJECTED	STEREO_DIFF rejected: PubChem has fewer defined stereocenters (33 vs 41)	54758633	IKYMUPZUAJOZHC-BDLKIKCSSA-N	IKYMUPZUAJOZHC-NDKUYQLLSA-N
cpd23911	MISMATCH	MISMATCH: IGNORE:tautomer (same canonical tautomer, stored form curated for biological relevance) — requires manual review	84927	PTYWDKBPJYCXDN-UHFFFAOYSA-N	ICIWUVCWSCSTAQ-UHFFFAOYSA-M
cpd23974	STEREO_DIFF_REJECTED	STEREO_DIFF rejected: stereo_inversion: 1 of 1 shared stereocenters have different configuration	25246088	CCPPLLJZDQAOHD-DHZHZOJOSA-M	CCPPLLJZDQAOHD-FLIBITNWSA-M
cpd24015	MISMATCH	MISMATCH: IGNORE:metal_representation_diff (metal coordination or charge representation differs) — requires manual review	126961012	MQVMIDYMVBGOHC-ZTJYZYAWSA-J	AGFDAVHVTSYCNW-YRJWGCQVSA-J
cpd24084	STEREO_DIFF_REJECTED	STEREO_DIFF rejected: stereo_inversion: 1 of 1 shared stereocenters have different configuration	90657164	AYBUENGBNNZJHB-OWOJBTEDSA-M	AYBUENGBNNZJHB-UPHRSURJSA-M
cpd24096	STEREO_DIFF_REJECTED	STEREO_DIFF rejected: stereo_inversion: 1 of 69 shared stereocenters have different configuration	71297337	KUYCTNQKTFGPMI-JTKGDZNCSA-N	KUYCTNQKTFGPMI-SXHURMOUSA-N
cpd24105	STEREO_DIFF_REJECTED	STEREO_DIFF rejected: stereo_inversion: 1 of 16 shared stereocenters have different configuration	5287879	FQVHOULQCKDUCY-GCXOOQFVSA-O	FQVHOULQCKDUCY-OGHXVOSASA-N
cpd24178	MISMATCH	MISMATCH: IGNORE:tautomer_connectivity (same heavy-atom connectivity, different H positions — tautomer not recognized by RDKit enumerator) — requires manual review	136630897	OPECCRWOWWDUBR-UMMCILCDSA-K	PQVZQFDCRLHZRP-UMMCILCDSA-K
cpd24189	MISMATCH	MISMATCH: IGNORE:tautomer_connectivity (same heavy-atom connectivity, different H positions — tautomer not recognized by RDKit enumerator) — requires manual review	70346	VHSIFFQJNOZPBK-UHFFFAOYSA-N	OTSBKHHWSQYEHK-UHFFFAOYSA-N
cpd24209	MISMATCH	MISMATCH: IGNORE:tautomer_connectivity (same heavy-atom connectivity, different H positions — tautomer not recognized by RDKit enumerator) — requires manual review	136630884	UNNNUUBBSJIZNR-UHFFFAOYSA-M	JFQLMGJVLFOTFW-QXYPORFMSA-M
cpd24255	STEREO_DIFF_REJECTED	STEREO_DIFF rejected: stereo_inversion: 1 of 45 shared stereocenters have different configuration	91820033	UNWLHBGOABGYBQ-XNFPZYILSA-L	UNWLHBGOABGYBQ-DZBHWJKISA-L
cpd24296	MISMATCH	MISMATCH: IGNORE:tautomer (same canonical tautomer, stored form curated for biological relevance) — requires manual review	136630936	KOHOWMBWNFOZKD-UHFFFAOYSA-M	YNGCGCMGWQFYIK-UHFFFAOYSA-M
cpd24297	MISMATCH	MISMATCH: IGNORE:tautomer_connectivity (same heavy-atom connectivity, different H positions — tautomer not recognized by RDKit enumerator) — requires manual review	136630906	QVFKYDCGDREBHK-UHFFFAOYSA-M	AVEFAUDTSHGJQO-UHFFFAOYSA-M
cpd24312	STEREO_DIFF_REJECTED	STEREO_DIFF rejected: stereo_inversion: 1 of 23 shared stereocenters have different configuration	90658235	BWNNJKJJQAJRNH-MXJQGJNCSA-N	BWNNJKJJQAJRNH-ZGFWTYNKSA-N
cpd24316	MISMATCH	MISMATCH: IGNORE:tautomer_connectivity (same heavy-atom connectivity, different H positions — tautomer not recognized by RDKit enumerator) — requires manual review	90657377	CSIJRBCUYWCSLE-INIZCTEOSA-M	UXKKNKUINIYFDP-INIZCTEOSA-M
cpd24345	MISMATCH	MISMATCH: IGNORE:protonation_only_inchi (same connectivity and stereo, differs in protonation) — requires manual review	23954	XYDQMRVDDPZFMM-UHFFFAOYSA-N	BQCADISMDOOEFD-UHFFFAOYSA-N
cpd24356	MISMATCH	MISMATCH: IGNORE:tautomer_connectivity (same heavy-atom connectivity, different H positions — tautomer not recognized by RDKit enumerator) — requires manual review	54749447	ODTDYYZJDQGKQT-IHWYPQMZSA-K	QWLUKZXOQAQUFQ-QEFWFIIXSA-K
cpd24359	MISMATCH	MISMATCH: IGNORE:tautomer_connectivity (same heavy-atom connectivity, different H positions — tautomer not recognized by RDKit enumerator) — requires manual review	25245040	ZIWXZZRWKBHXTJ-UHFFFAOYSA-L	IDPCCZAHFVRMNJ-UHFFFAOYSA-L
cpd24456	STEREO_DIFF_REJECTED	STEREO_DIFF rejected: PubChem has fewer defined stereocenters (4 vs 6)	25202292	FFZGWHDHUIRNPY-KXXVROSKSA-D	FFZGWHDHUIRNPY-UYSNGIAKSA-C
cpd24496	STEREO_DIFF_REJECTED	STEREO_DIFF rejected: PubChem has fewer defined stereocenters (5 vs 6)	25245337	JVEKRLQYVQBLDX-LDPMODHMSA-N	JVEKRLQYVQBLDX-WUJHZDHISA-N
cpd24560	STEREO_DIFF_REJECTED	STEREO_DIFF rejected: stereo_inversion: 2 of 64 shared stereocenters have different configuration	146037162	YRUUGXZUKTWFST-ZWEILMAKSA-L	YRUUGXZUKTWFST-HPIDHRFDSA-L
cpd24561	STEREO_DIFF_REJECTED	STEREO_DIFF rejected: stereo_inversion: 3 of 69 shared stereocenters have different configuration	146037012	JECWIAQBRVYUQC-BTBFRNAISA-L	JECWIAQBRVYUQC-CUYCUERUSA-L
cpd24562	STEREO_DIFF_REJECTED	STEREO_DIFF rejected: stereo_inversion: 3 of 74 shared stereocenters have different configuration	146037368	MLMXJWWXMCLAMG-WJRDRHEGSA-L	MLMXJWWXMCLAMG-CLGPPHSGSA-L
cpd24563	STEREO_DIFF_REJECTED	STEREO_DIFF rejected: stereo_inversion: 5 of 79 shared stereocenters have different configuration	146037266	AALOZWVGCDVETJ-RXBSWVOYSA-L	AALOZWVGCDVETJ-XUKIZSLSSA-L
cpd24618	MISMATCH	MISMATCH: IGNORE:tautomer (same canonical tautomer, stored form curated for biological relevance) — requires manual review	9543053	ISIMKYLWBHJCNA-UHFFFAOYSA-M	VAKFRAZWNDUNDE-UHFFFAOYSA-M
cpd24647	STEREO_DIFF_REJECTED	STEREO_DIFF rejected: PubChem has fewer defined stereocenters (4 vs 6)	25203035	INAPMGSXUVUWAF-XCMZKKERSA-L	INAPMGSXUVUWAF-WWHKVMGRSA-L
cpd24650	STEREO_DIFF_REJECTED	STEREO_DIFF rejected: PubChem has fewer defined stereocenters (4 vs 6)	25246187	CTPQAXVNYGZUAJ-UOTPTPDRSA-D	CTPQAXVNYGZUAJ-GCVPSNMTSA-D
cpd24653	STEREO_DIFF_REJECTED	STEREO_DIFF rejected: PubChem has fewer defined stereocenters (4 vs 6)	25244400	GKDKOMAJZATYAY-UOTPTPDRSA-H	GKDKOMAJZATYAY-GCVPSNMTSA-H
cpd24654	STEREO_DIFF_REJECTED	STEREO_DIFF rejected: PubChem has fewer defined stereocenters (4 vs 6)	25244812	GKDKOMAJZATYAY-QWBQGLJISA-H	GKDKOMAJZATYAY-UYSNGIAKSA-H
cpd24655	STEREO_DIFF_REJECTED	STEREO_DIFF rejected: PubChem has fewer defined stereocenters (4 vs 6)	25200860	INAPMGSXUVUWAF-QWBQGLJISA-L	INAPMGSXUVUWAF-UYSNGIAKSA-L
cpd24658	STEREO_DIFF_REJECTED	STEREO_DIFF rejected: PubChem has fewer defined stereocenters (0 vs 6)	21226109	GKDKOMAJZATYAY-PTQMNWPWSA-H	GKDKOMAJZATYAY-UHFFFAOYSA-H
cpd24659	STEREO_DIFF_REJECTED	STEREO_DIFF rejected: PubChem has fewer defined stereocenters (4 vs 6)	25245743	PUVHMWJJTITUGO-PTQMNWPWSA-J	PUVHMWJJTITUGO-KPQDHKIDSA-J
cpd24714	MISMATCH	MISMATCH: IGNORE:tautomer (same canonical tautomer, stored form curated for biological relevance) — requires manual review	25202889	RQJUBBUQMMWXLM-UHFFFAOYSA-M	UNCDMWKTFLUPHZ-UHFFFAOYSA-M
cpd24774	MISMATCH	MISMATCH: IGNORE:tautomer (same canonical tautomer, stored form curated for biological relevance) — requires manual review	90659340	GECXRJRBKBLJAJ-OTDDKLKWSA-N	CKTUEGXAYUQFCF-OTDDKLKWSA-N
cpd24795	MISMATCH	MISMATCH: IGNORE:metal_representation_diff (metal coordination or charge representation differs) — requires manual review	126843516	DQEFANHIYZBHCU-SZPBGWBTSA-F	FAFZFFNQZRETBW-QIISWYHFSA-D
cpd24796	MISMATCH	MISMATCH: IGNORE:metal_representation_diff (metal coordination or charge representation differs) — requires manual review	126843468	HNPUFDWBZUVPBF-SZPBGWBTSA-H	PWXRSVUILDKDMT-QIISWYHFSA-F
cpd24816	MISMATCH	MISMATCH: IGNORE:wrong_mapping (formula: stored=C10H11O8, pubchem=C10H9NO3S) — requires manual review	98430	NSJWQIUVVRTURP-UHFFFAOYSA-K	CECDPVOEINSAQG-UHFFFAOYSA-N
cpd24850	MISMATCH	MISMATCH: IGNORE:wrong_mapping (formula: stored=C19H26NO2, pubchem=C18H25NO2) — requires manual review	130804	WVBVVWIGEPISMW-UHFFFAOYSA-M	JYFNTDPGDPZMCM-UHFFFAOYSA-N
cpd24921	MISMATCH	MISMATCH: IGNORE:wrong_mapping (formula: stored=C73H81O38, pubchem=C29H26FN5O3S) — requires manual review	155289404	UDJHLLZYOGNRKW-YABVONNZSA-N	BBLOAIWXSMVTHJ-QFIPXVFZSA-N
cpd24929	MISMATCH	MISMATCH: IGNORE:tautomer (same canonical tautomer, stored form curated for biological relevance) — requires manual review	25244733	OKDMJPGJRVULBW-JMYCNATMSA-M	PYPACINRSSMQPX-JMYCNATMSA-M
cpd24958	MISMATCH	MISMATCH: IGNORE:metal_representation_diff (metal coordination or charge representation differs) — requires manual review	91820495	NPIQXARGBGVMKM-KQRLNVEUSA-G	POMDTVNRCRJETH-QIISWYHFSA-E
cpd24962	MISMATCH	MISMATCH: IGNORE:tautomer (same canonical tautomer, stored form curated for biological relevance) — requires manual review	90657931	VWKLZFZMLOUQBG-XLIRECGNSA-G	CILDBPLFPOROBX-ZTKUHGNGSA-G
cpd24994	STEREO_DIFF_REJECTED	STEREO_DIFF rejected: stereo_inversion: 1 of 11 shared stereocenters have different configuration	145864994	VTWOPKBMTQPNDB-DYPCXFGJSA-N	VTWOPKBMTQPNDB-IMIZDBHISA-N
cpd25007	STEREO_DIFF_REJECTED	STEREO_DIFF rejected: stereo_inversion: 1 of 5 shared stereocenters have different configuration	5280459	OXGUCUVFOIWWQJ-TUPRLDOISA-L	OXGUCUVFOIWWQJ-HQBVPOQASA-N
cpd25010	MISMATCH	MISMATCH: IGNORE:tautomer_connectivity (same heavy-atom connectivity, different H positions — tautomer not recognized by RDKit enumerator) — requires manual review	135719071	WRWHFVRDUAQRIQ-UHFFFAOYSA-M	HDFRDWFLWVCOGP-UHFFFAOYSA-M
cpd25014	STEREO_DIFF_REJECTED	STEREO_DIFF rejected: PubChem has fewer defined stereocenters (0 vs 6)	892	CDAISMWEOUEBRE-DCLYFUHFSA-N	CDAISMWEOUEBRE-UHFFFAOYSA-N
cpd25015	STEREO_DIFF_REJECTED	STEREO_DIFF rejected: PubChem has fewer defined stereocenters (0 vs 6)	892	CDAISMWEOUEBRE-SHFUYGGZSA-N	CDAISMWEOUEBRE-UHFFFAOYSA-N
cpd25017	STEREO_DIFF_REJECTED	STEREO_DIFF rejected: PubChem has fewer defined stereocenters (0 vs 6)	892	CDAISMWEOUEBRE-NIPYSYMMSA-N	CDAISMWEOUEBRE-UHFFFAOYSA-N
cpd25018	STEREO_DIFF_REJECTED	STEREO_DIFF rejected: PubChem has fewer defined stereocenters (0 vs 6)	892	CDAISMWEOUEBRE-JMVOWJSSSA-N	CDAISMWEOUEBRE-UHFFFAOYSA-N
cpd25019	STEREO_DIFF_REJECTED	STEREO_DIFF rejected: PubChem has fewer defined stereocenters (0 vs 6)	892	CDAISMWEOUEBRE-OQYPVSDDSA-N	CDAISMWEOUEBRE-UHFFFAOYSA-N
cpd25020	STEREO_DIFF_REJECTED	STEREO_DIFF rejected: PubChem has fewer defined stereocenters (4 vs 6)	6551016	DSCFFEYYQKSRSV-QJGAQZTCSA-N	DSCFFEYYQKSRSV-QQTVYWKESA-N
cpd25093	MISMATCH	MISMATCH: IGNORE:protonation_only_inchi (same connectivity and stereo, differs in protonation) — requires manual review	25201575	GVBGAPCNCCWYCF-UHFFFAOYSA-K	WMJBHOYAESBCJE-UHFFFAOYSA-K
cpd25095	MISMATCH	MISMATCH: IGNORE:protonation_only_inchi (same connectivity and stereo, differs in protonation) — requires manual review	91819878	RQSAQFSMASRCOP-UHFFFAOYSA-K	XHQZMFGTPPHYSR-UHFFFAOYSA-K
cpd25111	STEREO_DIFF_REJECTED	STEREO_DIFF rejected: PubChem has fewer defined stereocenters (9 vs 11)	9906026	VCWMRQDBPZKXKG-ADKCXELFSA-N	VCWMRQDBPZKXKG-KZMAIVIWSA-N
cpd25112	STEREO_DIFF_REJECTED	STEREO_DIFF rejected: PubChem has fewer defined stereocenters (14 vs 16)	9957786	MWNCPUNLDATDBW-AKBNUTDMSA-N	MWNCPUNLDATDBW-CFOWMNCWSA-N
cpd25113	STEREO_DIFF_REJECTED	STEREO_DIFF rejected: PubChem has fewer defined stereocenters (19 vs 21)	9896047	XCUQINBMYSWRHJ-UUDFYMDRSA-N	XCUQINBMYSWRHJ-FHDDMTLJSA-N
cpd25114	STEREO_DIFF_REJECTED	STEREO_DIFF rejected: PubChem has fewer defined stereocenters (14 vs 16)	10278846	MWNCPUNLDATDBW-LYHZXLDYSA-N	MWNCPUNLDATDBW-ARZGVUSQSA-N
cpd25115	STEREO_DIFF_REJECTED	STEREO_DIFF rejected: PubChem has fewer defined stereocenters (9 vs 11)	9840967	VCWMRQDBPZKXKG-LTSXGCBZSA-N	VCWMRQDBPZKXKG-FDYPKGGJSA-N
cpd25116	STEREO_DIFF_REJECTED	STEREO_DIFF rejected: PubChem has fewer defined stereocenters (19 vs 21)	10283250	XCUQINBMYSWRHJ-SSRWMGOCSA-N	XCUQINBMYSWRHJ-GEDKGALZSA-N
cpd25171	STEREO_DIFF_REJECTED	STEREO_DIFF rejected: PubChem has fewer defined stereocenters (7 vs 9)	71296233	BSNJSZUDOMPYIR-CUKLWHKZSA-M	BSNJSZUDOMPYIR-FJESRZELSA-M
cpd25172	STEREO_DIFF_REJECTED	STEREO_DIFF rejected: PubChem has fewer defined stereocenters (8 vs 10)	102514915	UHAJRYVOXHROHT-ZGIJJHGGSA-M	UHAJRYVOXHROHT-RLEXZBHCSA-M
cpd25173	STEREO_DIFF_REJECTED	STEREO_DIFF rejected: PubChem has fewer defined stereocenters (9 vs 11)	102515489	UCRVYUGOFYNFFW-JKAMUUGMSA-M	UCRVYUGOFYNFFW-XRDYPCPSSA-M
cpd25174	STEREO_DIFF_REJECTED	STEREO_DIFF rejected: PubChem has fewer defined stereocenters (6 vs 8)	86289147	YOBFISPJJWPPTK-BAAZTTAESA-M	YOBFISPJJWPPTK-BLPHCTTOSA-M
cpd25175	STEREO_DIFF_REJECTED	STEREO_DIFF rejected: PubChem has fewer defined stereocenters (7 vs 9)	86289141	KZVRAFHIKMDULK-HAVSRZFESA-M	KZVRAFHIKMDULK-HJCWERLXSA-M
cpd25176	STEREO_DIFF_REJECTED	STEREO_DIFF rejected: PubChem has fewer defined stereocenters (8 vs 10)	102515136	ULRXGRJFRFBBDW-CSTDANEYSA-M	ULRXGRJFRFBBDW-SMVAFKSVSA-M
cpd25177	STEREO_DIFF_REJECTED	STEREO_DIFF rejected: PubChem has fewer defined stereocenters (8 vs 10)	102514939	MXJMOLQIXMJUEL-QBFAROQJSA-M	MXJMOLQIXMJUEL-ZCALFDKJSA-M
cpd25178	STEREO_DIFF_REJECTED	STEREO_DIFF rejected: PubChem has fewer defined stereocenters (9 vs 11)	86289150	JTPRPYYVVJBCFF-KCTNQGFXSA-M	JTPRPYYVVJBCFF-NCGFHHSNSA-M
cpd25179	STEREO_DIFF_REJECTED	STEREO_DIFF rejected: PubChem has fewer defined stereocenters (9 vs 11)	102515021	GOWNAKLKHNFBLL-WLDHIASMSA-M	GOWNAKLKHNFBLL-XCNXCIRDSA-M
cpd25180	STEREO_DIFF_REJECTED	STEREO_DIFF rejected: PubChem has fewer defined stereocenters (10 vs 12)	102515238	WMMFFYJKTYDOCO-NENLYGQWSA-M	WMMFFYJKTYDOCO-LAZBQZNCSA-M
cpd25181	STEREO_DIFF_REJECTED	STEREO_DIFF rejected: PubChem has fewer defined stereocenters (11 vs 13)	102515374	JZZCDELPKAXQMT-SVVSVYSXSA-M	JZZCDELPKAXQMT-TVJPFHQXSA-M
cpd25418	MISMATCH	MISMATCH: IGNORE:tautomer_connectivity (same heavy-atom connectivity, different H positions — tautomer not recognized by RDKit enumerator) — requires manual review	25245431	IHLWCNPFQZMACS-UHFFFAOYSA-M	RCQVZEIXOOIRRL-MQQKCMAXSA-M
cpd25419	MISMATCH	MISMATCH: IGNORE:tautomer_connectivity (same heavy-atom connectivity, different H positions — tautomer not recognized by RDKit enumerator) — requires manual review	76168118	ZGPBGPPKFOOIFB-UHFFFAOYSA-M	HVZGWILTESYJSP-UHFFFAOYSA-M
cpd25479	MISMATCH	MISMATCH: IGNORE:tautomer (same canonical tautomer, stored form curated for biological relevance) — requires manual review	7166	DLVGHEXDQPIBDF-UHFFFAOYSA-N	CVBUKMMMRLOKQR-UHFFFAOYSA-N
cpd25528	MISMATCH	MISMATCH: IGNORE:tautomer (same canonical tautomer, stored form curated for biological relevance) — requires manual review	44123534	CQUSBFCQCKLGRW-VHBIQUBJSA-L	PYMHUTZITGQKAY-RYUDHWBXSA-L
cpd25556	MISMATCH	MISMATCH: IGNORE:metal_representation_diff (metal coordination or charge representation differs) — requires manual review	44229086	PPWIHDKADHGWTF-PXHBLCGXSA-L	HBYYRBWSVSZZHE-FVVSHTJESA-M
cpd25590	MISMATCH	MISMATCH: IGNORE:tautomer_connectivity (same heavy-atom connectivity, different H positions — tautomer not recognized by RDKit enumerator) — requires manual review	54703989	QHFMOLUZUANZPU-UHFFFAOYSA-L	NQNIOZLUWJONON-ZPUQHVIOSA-L
cpd25592	MISMATCH	MISMATCH: IGNORE:tautomer_connectivity (same heavy-atom connectivity, different H positions — tautomer not recognized by RDKit enumerator) — requires manual review	122706421	LFUDJPSVPQJXKT-ARJAWSKDSA-M	VHEINOKIVZLNRP-HYXAFXHYSA-M
cpd25692	STEREO_DIFF_REJECTED	STEREO_DIFF rejected: stereo_inversion: 1 of 23 shared stereocenters have different configuration	134820360	QZMAEZWZCGBZFK-WCRAFUTRSA-M	QZMAEZWZCGBZFK-AOJWCAIYSA-M
cpd25730	STEREO_DIFF_REJECTED	STEREO_DIFF rejected: stereo_inversion: 16 of 17 shared stereocenters have different configuration	25202535	OLSNVZYFDBPHML-LQBMVMHNSA-N	OLSNVZYFDBPHML-DLQNOBSRSA-N
cpd25773	MISMATCH	MISMATCH: IGNORE:tautomer_connectivity (same heavy-atom connectivity, different H positions — tautomer not recognized by RDKit enumerator) — requires manual review	25202916	LJGUUAGEPSXHMI-UHFFFAOYSA-L	VYABHMTZLSOQPG-UHFFFAOYSA-L
cpd25834	MISMATCH	MISMATCH: IGNORE:tautomer (same canonical tautomer, stored form curated for biological relevance) — requires manual review	26601202	RZLGUUVIZWCQCU-NKWVEPMBSA-O	WXEMSGQRTGSYOG-LKEWCRSYSA-O
cpd25973	MISMATCH	MISMATCH: IGNORE:wrong_mapping (formula: stored=C10H12N4O11P2, pubchem=C10H12N5O10P2) — requires manual review	70680298	PCWQUKMTMIZTQK-KVQBGUIXSA-L	FEPFWQCDWZFLGY-KVQBGUIXSA-K
cpd25978	MISMATCH	MISMATCH: IGNORE:wrong_mapping (formula: stored=C205H344N2O122P4, pubchem=C207H346N2O123P4) — requires manual review	146037365	NEIQYSKPBDQVES-AAOPLQNHSA-B	CEKKQPUSRCBMBA-IEWLHBGKSA-B
cpd25993	STEREO_DIFF_REJECTED	STEREO_DIFF rejected: PubChem has fewer defined stereocenters (0 vs 1)	54832	HBRCDTRQDHMTDA-VHEBQXMUSA-M	HBRCDTRQDHMTDA-UHFFFAOYSA-N
cpd25994	MISMATCH	MISMATCH: IGNORE:wrong_mapping (formula: stored=C162H283N2O92P5, pubchem=C170H295N3O97P5) — requires manual review	134820288	IZUALNRLWYNVNR-UUAFBPCQSA-D	DGOQUVASKLLTOY-MMUOPVLXSA-C
cpd26093	STEREO_DIFF_REJECTED	STEREO_DIFF rejected: stereo_inversion: 1 of 8 shared stereocenters have different configuration	135887860	BIKQFKLJXJNHSA-VBGKWZEPSA-L	BIKQFKLJXJNHSA-PAGGVFEGSA-L
cpd26142	MISMATCH	MISMATCH: IGNORE:tautomer_connectivity (same heavy-atom connectivity, different H positions — tautomer not recognized by RDKit enumerator) — requires manual review	54758574	JDIWUGKKODBJGY-XDBKRARRSA-J	FPZCWRGJBUDVSB-HZLQZMKMSA-J
cpd26175	MISMATCH	MISMATCH: IGNORE:wrong_mapping (formula: stored=C12H17O2, pubchem=C10H16N2O2) — requires manual review	99594	YOFBYQCJXFYVCS-GARJFASQSA-M	LAJWZJCOWPUSOA-HACHORDNSA-N
cpd26186	MISMATCH	MISMATCH: IGNORE:tautomer_connectivity (same heavy-atom connectivity, different H positions — tautomer not recognized by RDKit enumerator) — requires manual review	25201959	YTMDGTSADUGHTF-UHFFFAOYSA-M	JYSXYTKSKLJMIO-UHFFFAOYSA-M
cpd26316	MISMATCH	MISMATCH: IGNORE:tautomer_connectivity (same heavy-atom connectivity, different H positions — tautomer not recognized by RDKit enumerator) — requires manual review	146036930	ZDPWSHFIPNEQJK-WERHYGNASA-L	YBRKRYFZKHICLS-WERHYGNASA-L
cpd26344	MISMATCH	MISMATCH: IGNORE:tautomer (same canonical tautomer, stored form curated for biological relevance) — requires manual review	104994	SZTWKXQGCGRUHR-UHFFFAOYSA-N	OGVOXGPIHFKUGM-UHFFFAOYSA-N
cpd26367	STEREO_DIFF_REJECTED	STEREO_DIFF rejected: PubChem has fewer defined stereocenters (0 vs 3)	4363645	VIHGYLJIMMKSBR-BREBYQMCSA-M	VIHGYLJIMMKSBR-UHFFFAOYSA-N
cpd26368	STEREO_DIFF_REJECTED	STEREO_DIFF rejected: PubChem has fewer defined stereocenters (0 vs 2)	78480651	LOEWINUIHJAOMZ-IGQDVTDXSA-M	LOEWINUIHJAOMZ-UHFFFAOYSA-M
cpd26369	MISMATCH	MISMATCH: IGNORE:protonation_only_inchi (same connectivity and stereo, differs in protonation) — requires manual review	23932	HCNGUXXTNNIKCQ-UHFFFAOYSA-N	ZOKXTWBITQBERF-UHFFFAOYSA-N
cpd26388	MISMATCH	MISMATCH: IGNORE:wrong_mapping (formula: stored=C10H15N4O3, pubchem=C9H13N5O3) — requires manual review	135402011	VOLPPYIYCGCKBU-UHFFFAOYSA-O	FEMXZDUTFRTWPE-UHFFFAOYSA-N
cpd26545	MISMATCH	MISMATCH: REVIEW:likely_positional_isomer (tanimoto=0.99, different connectivity+stereo layers) — requires manual review	134820492	VRDYWCICTHFHJX-QFKNHEPOSA-D	BGOKYUYFMQEILE-MMUOPVLXSA-D
cpd26567	STEREO_DIFF_REJECTED	STEREO_DIFF rejected: PubChem has fewer defined stereocenters (10 vs 12)	11273915	DUKFQTJTBSIGQL-JHRDNDSMSA-N	DUKFQTJTBSIGQL-XZXYVQLTSA-N
cpd26612	STEREO_DIFF_REJECTED	STEREO_DIFF rejected: PubChem has fewer defined stereocenters (5 vs 7)	644003	IBUKXRINTKQBRQ-UTWKUMGCSA-M	IBUKXRINTKQBRQ-FOENULIHSA-N
cpd26613	STEREO_DIFF_REJECTED	STEREO_DIFF rejected: PubChem has fewer defined stereocenters (5 vs 7)	102514932	UJVUMTUBMCYKBK-PHJSMNDQSA-K	UJVUMTUBMCYKBK-AIEFDNRQSA-K
cpd26631	STEREO_DIFF_REJECTED	STEREO_DIFF rejected: stereo_inversion: 1 of 2 shared stereocenters have different configuration	134820280	LOOVXQAHWKSBOP-RPORLEBXSA-N	LOOVXQAHWKSBOP-AHHRJZGPSA-N
cpd26632	STEREO_DIFF_REJECTED	STEREO_DIFF rejected: stereo_inversion: 1 of 2 shared stereocenters have different configuration	134820046	ZCCQXWKOMFKYNA-ILETWAPCSA-N	ZCCQXWKOMFKYNA-IJTFOSHNSA-N
cpd26634	STEREO_DIFF_REJECTED	STEREO_DIFF rejected: stereo_inversion: 1 of 2 shared stereocenters have different configuration	134820133	WRJULZYRRYOGJO-SFEFGNTJSA-N	WRJULZYRRYOGJO-AYDSOBSRSA-N
cpd26652	MISMATCH	MISMATCH: IGNORE:tautomer_connectivity (same heavy-atom connectivity, different H positions — tautomer not recognized by RDKit enumerator) — requires manual review	44237121	RTWWSMCQVXOJNI-UHFFFAOYSA-L	ZOTUJOONTCAPII-UHFFFAOYSA-L
cpd26952	STEREO_DIFF_REJECTED	STEREO_DIFF rejected: stereo_inversion: 1 of 10 shared stereocenters have different configuration	146037099	KYXFEXHDCVKJRO-YEUPZNETSA-K	KYXFEXHDCVKJRO-ILWVTJRESA-L
cpd27073	MISMATCH	MISMATCH: IGNORE:tautomer (same canonical tautomer, stored form curated for biological relevance) — requires manual review	122706562	DGQPLVALNMGOAL-PIGZVRMJSA-L	QRMADBXCFSIJKL-SCRDCRAPSA-L
cpd28203	MISMATCH	MISMATCH: IGNORE:tautomer_connectivity (same heavy-atom connectivity, different H positions — tautomer not recognized by RDKit enumerator) — requires manual review	91819884	HIXCKNGAKLAHKO-UHFFFAOYSA-L	XURSKQIDYVYXMT-TZFCGSKZSA-L
cpd28334	MISMATCH	MISMATCH: IGNORE:protonation_only_inchi (same connectivity and stereo, differs in protonation) — requires manual review	23964	FZFRVZDLZISPFJ-UHFFFAOYSA-N	WFKWXMTUELFFGS-UHFFFAOYSA-N
cpd28824	MISMATCH	MISMATCH: IGNORE:tautomer_connectivity (same heavy-atom connectivity, different H positions — tautomer not recognized by RDKit enumerator) — requires manual review	90658907	MOAQLSSYVFCVCB-UHFFFAOYSA-H	UTRNZNRTDGDGJL-UHFFFAOYSA-H
cpd28940	STEREO_DIFF_REJECTED	STEREO_DIFF rejected: PubChem has fewer defined stereocenters (9 vs 11)	439451	VCWMRQDBPZKXKG-BJBMSVMHSA-N	VCWMRQDBPZKXKG-SPBUTQSFSA-N
cpd30774	MISMATCH	MISMATCH: IGNORE:tautomer (same canonical tautomer, stored form curated for biological relevance) — requires manual review	70678836	OGPHOJRFHRWEEZ-MSGXFJBMSA-N	TYQZWSFEJJSSQR-YUHMVAQCSA-N
cpd31006	MISMATCH	MISMATCH: IGNORE:wrong_mapping (formula: stored=C16H12N2O2, pubchem=C3H6ClNO) — requires manual review	66773	UMYBULYYDHTXLO-UHFFFAOYSA-N	HOZLOOPIXHWKCI-UHFFFAOYSA-N
cpd31007	MISMATCH	MISMATCH: IGNORE:tautomer (same canonical tautomer, stored form curated for biological relevance) — requires manual review	167212	DESSBFYEWJUENB-UHFFFAOYSA-N	VFCMIQSRZVLDRW-UHFFFAOYSA-N
cpd31008	MISMATCH	MISMATCH: IGNORE:tautomer (same canonical tautomer, stored form curated for biological relevance) — requires manual review	136242437	QARMLIUGXOTTOR-UHFFFAOYSA-N	AKAPJADGYIGRPD-UHFFFAOYSA-N
cpd31009	MISMATCH	MISMATCH: IGNORE:tautomer (same canonical tautomer, stored form curated for biological relevance) — requires manual review	136235018	XTAXVTVYTSBQAY-UHFFFAOYSA-N	SBQMYKDRQXVKJM-UHFFFAOYSA-N
cpd31046	STEREO_DIFF_REJECTED	STEREO_DIFF rejected: PubChem has fewer defined stereocenters (0 vs 1)	17466	SWGJCIMEBVHMTA-ZRUFZDNISA-K	SWGJCIMEBVHMTA-UHFFFAOYSA-K
cpd31047	STEREO_DIFF_REJECTED	STEREO_DIFF rejected: PubChem has fewer defined stereocenters (0 vs 1)	19116	LQJVOKWHGUAUHK-BUFQOAPZSA-L	LQJVOKWHGUAUHK-UHFFFAOYSA-L
cpd31050	MISMATCH	MISMATCH: IGNORE:metal_representation_diff (metal coordination or charge representation differs) — requires manual review	24671	USTGTCBGFHFTIW-UHFFFAOYSA-M	FZUOVNMHEAPVBW-UHFFFAOYSA-L
cpd31083	MISMATCH	MISMATCH: IGNORE:wrong_mapping (formula: stored=C15H19O3, pubchem=C18H17NO2) — requires manual review	170098	QNHNMKVZFMGGJB-OXJFZGGMSA-M	XQRFASOUJIKXRE-UHFFFAOYSA-N
cpd31093	XREF_CONFLICT			DTGVYTMCDVEHDE-GMHMEAMDSA-J	
cpd31114	MISMATCH	MISMATCH: IGNORE:wrong_mapping (formula: stored=C41H44O22, pubchem=C6H4ClNO3) — requires manual review	11900	HCKMZFYNAMMKCR-WTHBKIENSA-N	MZDBQSFPAMTTIS-UHFFFAOYSA-N
cpd31158	XREF_CONFLICT			WXWWNANFOZVVLD-UHFFFAOYSA-L	
cpd31205	STEREO_DIFF_REJECTED	STEREO_DIFF rejected: stereo_inversion: 1 of 8 shared stereocenters have different configuration	10411534	BKWWGNDKMSPYIS-DGZZXUABSA-N	BKWWGNDKMSPYIS-KYYKPQATSA-N
cpd31210	MISMATCH	MISMATCH: IGNORE:tautomer (same canonical tautomer, stored form curated for biological relevance) — requires manual review	6506535	GPCSFXDBOKPNCK-WAKBCBSJSA-N	VRGWBRLULZUWAJ-UEWDWXLZSA-N
cpd31238	MISMATCH	MISMATCH: IGNORE:wrong_mapping (formula: stored=C52H99N3O13P2, pubchem=C9H8ClN) — requires manual review	10773354	JXITWCJAPKTFER-DNLMLEHESA-L	SZUUANOGBHUNNS-UHFFFAOYSA-N
cpd31239	MISMATCH	MISMATCH: IGNORE:wrong_mapping (formula: stored=C46H93NO8P, pubchem=C9H8ClN) — requires manual review	18940942	REWAKYJADCBFMU-CIFIPRASSA-M	PVHWNOJOJCOGOK-UHFFFAOYSA-N
cpd31296	XREF_CONFLICT			KVAMEFQTKIDHTL-POFQEPMASA-M	
cpd31298	STEREO_DIFF_REJECTED	STEREO_DIFF rejected: stereo_inversion: 1 of 18 shared stereocenters have different configuration	71768148	ATHQCOUEZPBNLP-JCXNEJHJSA-O	ATHQCOUEZPBNLP-JWYJDYCQSA-O
cpd31397	MISMATCH	MISMATCH: IGNORE:tautomer_connectivity (same heavy-atom connectivity, different H positions — tautomer not recognized by RDKit enumerator) — requires manual review	90657133	MYDDYUWHJXCKSG-UHFFFAOYSA-M	FIQAFBCVOCRLKV-UHFFFAOYSA-M
cpd31400	MISMATCH	MISMATCH: IGNORE:tautomer_connectivity (same heavy-atom connectivity, different H positions — tautomer not recognized by RDKit enumerator) — requires manual review	25201457	ULIHBXCGNIMKBA-UHFFFAOYSA-M	NGQGUOMJCQWUSR-UHFFFAOYSA-M
cpd31414	MISMATCH	MISMATCH: IGNORE:tautomer (same canonical tautomer, stored form curated for biological relevance) — requires manual review	91819736	HCZMDMWUWWWPFU-SJCPBWDLSA-N	MLOIPFPOSFHITC-NPEZIVKXSA-N
cpd31421	STEREO_DIFF_REJECTED	STEREO_DIFF rejected: stereo_inversion: 1 of 4 shared stereocenters have different configuration	456279	RVNSAAIWCWTCTJ-ARQDHWQXSA-O	RVNSAAIWCWTCTJ-KVTDHHQDSA-N
cpd31495	STEREO_DIFF_REJECTED	STEREO_DIFF rejected: PubChem has fewer defined stereocenters (0 vs 1)	17886	FOQABOMYTOFLPZ-ISLYRVAYSA-N	FOQABOMYTOFLPZ-UHFFFAOYSA-N
cpd31515	STEREO_DIFF_REJECTED	STEREO_DIFF rejected: stereo_inversion: 1 of 19 shared stereocenters have different configuration	11331683	YNBYFOIDLBTOMW-SICSQIIDSA-N	YNBYFOIDLBTOMW-IPTBNLQOSA-N
cpd31524	MISMATCH	MISMATCH: IGNORE:tautomer_connectivity (same heavy-atom connectivity, different H positions — tautomer not recognized by RDKit enumerator) — requires manual review	136759123	ULUOQLIKGXPBNT-UHFFFAOYSA-M	FZOSKNNMPHJJBU-UHFFFAOYSA-L
cpd31573	MISMATCH	MISMATCH: IGNORE:tautomer_connectivity (same heavy-atom connectivity, different H positions — tautomer not recognized by RDKit enumerator) — requires manual review	54724268	QHFMOLUZUANZPU-UHFFFAOYSA-L	NQNIOZLUWJONON-CCAGOZQPSA-L
cpd31580	MISMATCH	MISMATCH: IGNORE:tautomer (same canonical tautomer, stored form curated for biological relevance) — requires manual review	102514926	SEPXPWOAJAMFQP-UHFFFAOYSA-M	PURNWHCCRVOHRA-UHFFFAOYSA-M
cpd31603	MISMATCH	MISMATCH: IGNORE:tautomer_connectivity (same heavy-atom connectivity, different H positions — tautomer not recognized by RDKit enumerator) — requires manual review	102514930	WZMHGTDWYWJSFN-UHFFFAOYSA-N	SZBFUZRSOJNJHT-UHFFFAOYSA-M
cpd31617	MISMATCH	MISMATCH: IGNORE:wrong_mapping (formula: stored=C51H82N5O25S, pubchem=C53H87N5O25S) — requires manual review	102109018	ODXRRLRKOJYHTI-YKYZYDNZSA-M	ICPWKXYVIFCCOW-UHFFFAOYSA-N
cpd31636	STEREO_DIFF_REJECTED	STEREO_DIFF rejected: PubChem has fewer defined stereocenters (11 vs 13)	71581122	JTCUWWRWFRHYJL-OFPJJYCCSA-M	JTCUWWRWFRHYJL-NACUOZDDSA-M
cpd31680	MISMATCH	MISMATCH: IGNORE:tautomer_connectivity (same heavy-atom connectivity, different H positions — tautomer not recognized by RDKit enumerator) — requires manual review	122706052	OUMCMOYAZOFGSL-UHFFFAOYSA-M	BJPLOSJNYFOVTL-PGSNLPAFSA-M
cpd31681	MISMATCH	MISMATCH: IGNORE:metal_representation_diff (metal coordination or charge representation differs) — requires manual review	51351651	RGMSNRMYGNNOSZ-RXXMEITQSA-J	MVAZUBRMTSZWEQ-SCCPKUNWSA-J
cpd31691	MISMATCH	MISMATCH: IGNORE:metal_representation_diff (metal coordination or charge representation differs) — requires manual review	145864978	QRFCCURJOSXFFZ-ZTJYZYAWSA-J	XXNPRZQWCMRCBB-YRJWGCQVSA-J
cpd31713	STEREO_DIFF_REJECTED	STEREO_DIFF rejected: PubChem has fewer defined stereocenters (9 vs 10)	91754406	FVKLZMWSTDCRNH-DGHKNJJESA-N	FVKLZMWSTDCRNH-WFPWECRHSA-N
cpd31730	STEREO_DIFF_REJECTED	STEREO_DIFF rejected: PubChem has fewer defined stereocenters (16 vs 21)	53356720	SQXZQHDWAOQNOP-MJWOLKCGSA-L	SQXZQHDWAOQNOP-CKPCECBHSA-N
cpd31755	STEREO_DIFF_REJECTED	STEREO_DIFF rejected: PubChem has fewer defined stereocenters (9 vs 11)	90657280	IFSVZMZUQHMLDK-KEMDANTFSA-M	IFSVZMZUQHMLDK-NVLMEWRGSA-M
cpd31803	STEREO_DIFF_REJECTED	STEREO_DIFF rejected: PubChem has fewer defined stereocenters (18 vs 20)	90657293	JNTPDJPEDWWEHF-QBIFHJBISA-L	JNTPDJPEDWWEHF-ICQNZVJBSA-L
cpd31804	STEREO_DIFF_REJECTED	STEREO_DIFF rejected: stereo_inversion: 1 of 25 shared stereocenters have different configuration	122706074	JENBVMGOXAUBFJ-ILZODKEJSA-K	JENBVMGOXAUBFJ-SMVSCTSASA-K
cpd31843	STEREO_DIFF_REJECTED	STEREO_DIFF rejected: PubChem has fewer defined stereocenters (2 vs 3)	134820013	KTWDJFCRLSXAMU-KJJXXWTESA-O	KTWDJFCRLSXAMU-HOTGVXAUSA-O
cpd31848	MISMATCH	MISMATCH: IGNORE:wrong_mapping (formula: stored=C83H136N2O27P2, pubchem=C28H48N2O21) — requires manual review	122706083	SCFVSUDUNSGQKA-XMNZDZCHSA-L	BGNMOHFJOGAMFR-OSVJJTTJSA-N
cpd31851	MISMATCH	MISMATCH: IGNORE:tautomer (same canonical tautomer, stored form curated for biological relevance) — requires manual review	91819799	CHFAVBLYYVMBND-DTCBKJPSSA-L	WURYRBDSLRFOSU-GQPBWUKJSA-L
cpd31875	STEREO_DIFF_REJECTED	STEREO_DIFF rejected: PubChem has fewer defined stereocenters (18 vs 20)	90657328	DBKQSCMOMGQYBE-MRPRWLMYSA-L	DBKQSCMOMGQYBE-XNCSHFJOSA-L
cpd31903	MISMATCH	MISMATCH: IGNORE:tautomer_connectivity (same heavy-atom connectivity, different H positions — tautomer not recognized by RDKit enumerator) — requires manual review	122706091	QZPCGWMULILAIR-UHFFFAOYSA-M	WJHUWUBBCVIVJJ-BLQYPLODSA-M
cpd31921	MISMATCH	MISMATCH: IGNORE:tautomer (same canonical tautomer, stored form curated for biological relevance) — requires manual review	90657355	HKARBOJODOFSOJ-HSJNEKGZSA-J	CFIAMSAKPMQXNK-HSJNEKGZSA-J
cpd31923	MISMATCH	MISMATCH: IGNORE:tautomer_connectivity (same heavy-atom connectivity, different H positions — tautomer not recognized by RDKit enumerator) — requires manual review	122706097	KBKGWVUCZMNXFY-UHFFFAOYSA-L	XFDVSYHDHRDPLP-WJPDYIDTSA-L
cpd31937	STEREO_DIFF_REJECTED	STEREO_DIFF rejected: PubChem has fewer defined stereocenters (9 vs 11)	90657366	RKBZSOHCWNFBLV-AMEHKVJOSA-L	RKBZSOHCWNFBLV-KKMCCESSSA-L
cpd31938	MISMATCH	MISMATCH: IGNORE:tautomer_connectivity (same heavy-atom connectivity, different H positions — tautomer not recognized by RDKit enumerator) — requires manual review	131841447	VDADJCUBZJQTKA-HNQUOIGGSA-M	IQCMUVAMSBTUJE-KFSGTSSPSA-M
cpd31964	STEREO_DIFF_REJECTED	STEREO_DIFF rejected: PubChem has fewer defined stereocenters (7 vs 9)	90657385	ZAWCXEGDYSBAHF-UQQZGOFLSA-M	ZAWCXEGDYSBAHF-RIPIGXTQSA-M
cpd31998	MISMATCH	MISMATCH: IGNORE:tautomer_connectivity (same heavy-atom connectivity, different H positions — tautomer not recognized by RDKit enumerator) — requires manual review	91819828	HXKIGJBVAYEOHS-UHFFFAOYSA-M	KJPKLHGXAPLBOE-FUMXAZDOSA-M
cpd32004	MISMATCH	MISMATCH: IGNORE:tautomer_connectivity (same heavy-atom connectivity, different H positions — tautomer not recognized by RDKit enumerator) — requires manual review	102514986	YHFUPFZANHKZBX-BRHLVPALSA-M	PBZFAQWIFGFJEZ-HISPBNLRSA-M
cpd32018	MISMATCH	MISMATCH: IGNORE:tautomer_connectivity (same heavy-atom connectivity, different H positions — tautomer not recognized by RDKit enumerator) — requires manual review	136759125	NWGASCGJRZDABK-UHFFFAOYSA-M	BYTKLMXFSIIUHN-UHFFFAOYSA-L
cpd32049	MISMATCH	MISMATCH: IGNORE:tautomer (same canonical tautomer, stored form curated for biological relevance) — requires manual review	14476972	IQWCLIQEHUJVMV-GWRXLGHJSA-N	QIKVYJOCQXXRSJ-PKDLRSQSSA-N
cpd32071	STEREO_DIFF_REJECTED	STEREO_DIFF rejected: stereo_inversion: 1 of 6 shared stereocenters have different configuration	131841454	KMRGROLDAASNIW-ZHRPLEGYSA-N	KMRGROLDAASNIW-UELOQWINSA-N
cpd32098	STEREO_DIFF_REJECTED	STEREO_DIFF rejected: stereo_inversion: 1 of 7 shared stereocenters have different configuration	53465503	AKVNYEYIRKXNJP-KORCHIGMSA-N	AKVNYEYIRKXNJP-JZTXUPKOSA-N
cpd32147	MISMATCH	MISMATCH: IGNORE:wrong_mapping (formula: stored=C18H32O11, pubchem=C23H40O13) — requires manual review	131841455	JWOKVESDZVSFNI-ANKCGZBUSA-N	SHIVWWJPAZDYDL-VDSXASNJSA-N
cpd32152	MISMATCH	MISMATCH: IGNORE:tautomer_connectivity (same heavy-atom connectivity, different H positions — tautomer not recognized by RDKit enumerator) — requires manual review	122706118	BDCHTYUVFJJQAJ-UJOHWRFMSA-N	UXSIWXWYCQJRIW-IKHTTYFYSA-N
cpd32157	MISMATCH	MISMATCH: IGNORE:tautomer_connectivity (same heavy-atom connectivity, different H positions — tautomer not recognized by RDKit enumerator) — requires manual review	54675783	DYKFCLLONBREIL-KVUCHLLUSA-N	FFTVPQUHLQBXQZ-KVUCHLLUSA-N
cpd32204	STEREO_DIFF_REJECTED	STEREO_DIFF rejected: PubChem has fewer defined stereocenters (0 vs 6)	485475	UPGGKUQISSWRJJ-XLTUSUNSSA-M	UPGGKUQISSWRJJ-UHFFFAOYSA-N
cpd32209	MISMATCH	MISMATCH: IGNORE:tautomer (same canonical tautomer, stored form curated for biological relevance) — requires manual review	90657500	POIJVMKTXFXJFR-FOQZLENISA-M	ZOOYWPZYSLGWMX-FOQZLENISA-M
cpd32226	MISMATCH	MISMATCH: IGNORE:tautomer_connectivity (same heavy-atom connectivity, different H positions — tautomer not recognized by RDKit enumerator) — requires manual review	91819888	YMUZLHMCRRJFQV-AVERBVTBSA-M	UILHSNHDMJDBPU-BZKREFJVSA-M
cpd32236	MISMATCH	MISMATCH: IGNORE:tautomer_connectivity (same heavy-atom connectivity, different H positions — tautomer not recognized by RDKit enumerator) — requires manual review	126961033	YYXHONOPBRLLRF-RQWRCQMPSA-D	NAPSNYSJKOBOBH-GBOUYPOGSA-D
cpd32252	STEREO_DIFF_REJECTED	STEREO_DIFF rejected: PubChem has fewer defined stereocenters (0 vs 6)	23273626	DOMHZVJNLCAZSA-QWBQGLJISA-N	DOMHZVJNLCAZSA-UHFFFAOYSA-N
cpd32263	MISMATCH	MISMATCH: IGNORE:protonation_only_inchi (same connectivity and stereo, differs in protonation) — requires manual review	134820059	PKDDCDGQOQHFCU-SVTOEGCSSA-J	QQLOFXMTRGHVGO-SVTOEGCSSA-J
cpd32278	STEREO_DIFF_REJECTED	STEREO_DIFF rejected: stereo_inversion: 1 of 23 shared stereocenters have different configuration	90657536	SRFOOYAHGIGROO-LXRQSZAUSA-N	SRFOOYAHGIGROO-QHUCUAONSA-N
cpd32288	STEREO_DIFF_REJECTED	STEREO_DIFF rejected: PubChem has fewer defined stereocenters (6 vs 8)	70678639	SJUUDDANVVUTJD-LOTZUYGHSA-M	SJUUDDANVVUTJD-PAIPPEEBSA-M
cpd32290	MISMATCH	MISMATCH: IGNORE:tautomer (same canonical tautomer, stored form curated for biological relevance) — requires manual review	10975787	ZLBGEVJLJKQOOM-UHFFFAOYSA-N	DBSPUDKBNOZFMX-UHFFFAOYSA-N
cpd32312	STEREO_DIFF_REJECTED	STEREO_DIFF rejected: stereo_inversion: 1 of 30 shared stereocenters have different configuration	122706127	RRUWUEGMDWWMSP-YBGORGBCSA-J	RRUWUEGMDWWMSP-JFDWEALYSA-J
cpd32317	STEREO_DIFF_REJECTED	STEREO_DIFF rejected: PubChem has fewer defined stereocenters (5 vs 7)	102515035	YYGPBFODSFWCGH-GYDRFHSRSA-N	YYGPBFODSFWCGH-PVVWFSRXSA-N
cpd32319	MISMATCH	MISMATCH: IGNORE:metal_representation_diff (metal coordination or charge representation differs) — requires manual review	70678925	QWBBXKNNAHDISO-UHFFFAOYSA-H	ZMCFNBNJRYLRIU-UHFFFAOYSA-H
cpd32323	STEREO_DIFF_REJECTED	STEREO_DIFF rejected: PubChem has fewer defined stereocenters (8 vs 10)	90657554	WHEIQLYBLPWARO-JCERAKAVSA-M	WHEIQLYBLPWARO-CGPBWFJKSA-M
cpd32329	STEREO_DIFF_REJECTED	STEREO_DIFF rejected: PubChem has fewer defined stereocenters (16 vs 19)	53356755	UWNGTCLGBRQASV-PYKGJVMISA-L	UWNGTCLGBRQASV-QIRKRLFQSA-N
cpd32361	MISMATCH	MISMATCH: IGNORE:tautomer_connectivity (same heavy-atom connectivity, different H positions — tautomer not recognized by RDKit enumerator) — requires manual review	91819916	MUJHXNGYJMVLSY-UHFFFAOYSA-M	ZPVWORYVWHWQPR-JQIJEIRASA-M
cpd32372	MISMATCH	MISMATCH: IGNORE:metal_representation_diff (metal coordination or charge representation differs) — requires manual review	51351799	NXOMXEDYXXWFJG-UHFFFAOYSA-J	SZYCWQQPTZLPDK-UHFFFAOYSA-J
cpd32383	MISMATCH	MISMATCH: IGNORE:tautomer_connectivity (same heavy-atom connectivity, different H positions — tautomer not recognized by RDKit enumerator) — requires manual review	90657583	WAFSXWYBNFSXTN-VJXVFPJBSA-M	XAPBOCJASKMWEF-VJXVFPJBSA-M
cpd32388	MISMATCH	MISMATCH: IGNORE:tautomer_connectivity (same heavy-atom connectivity, different H positions — tautomer not recognized by RDKit enumerator) — requires manual review	91819922	UTCYYFIBBKQVDQ-UVHKRSBMSA-N	CALHDWXNCZWYDF-UVHKRSBMSA-N
cpd32433	STEREO_DIFF_REJECTED	STEREO_DIFF rejected: PubChem has fewer defined stereocenters (5 vs 7)	71296206	UOXRPRZMAROFPH-OAOCPRPWSA-M	UOXRPRZMAROFPH-IESLQMLBSA-M
cpd32444	MISMATCH	MISMATCH: IGNORE:tautomer_connectivity (same heavy-atom connectivity, different H positions — tautomer not recognized by RDKit enumerator) — requires manual review	136759127	WDKIKUSSMDWCSP-OWOJBTEDSA-N	QIXMQSHRSRLCGO-UHFFFAOYSA-N
cpd32475	MISMATCH	MISMATCH: IGNORE:tautomer (same canonical tautomer, stored form curated for biological relevance) — requires manual review	122706140	BZLSHCHRGPSDJY-UHFFFAOYSA-N	CPENHJHQWNCUHT-JYRVWZFOSA-N
cpd32536	MISMATCH	MISMATCH: IGNORE:tautomer_connectivity (same heavy-atom connectivity, different H positions — tautomer not recognized by RDKit enumerator) — requires manual review	139036277	UHSNLTHAMWTIQQ-UHFFFAOYSA-M	DIMRZANPBVLDAV-UHFFFAOYSA-M
cpd32567	MISMATCH	MISMATCH: IGNORE:tautomer_connectivity (same heavy-atom connectivity, different H positions — tautomer not recognized by RDKit enumerator) — requires manual review	90657662	NQHRZFDRYIPQQK-UHFFFAOYSA-M	RWOSSSUYGDRMPJ-FPLPWBNLSA-M
cpd32624	MISMATCH	MISMATCH: IGNORE:tautomer (same canonical tautomer, stored form curated for biological relevance) — requires manual review	5746	LDAPFIAQYZHVDM-PVPLFISHSA-N	NWIBSHFKIJFRCO-WUDYKRTCSA-N
cpd32685	STEREO_DIFF_REJECTED	STEREO_DIFF rejected: PubChem has fewer defined stereocenters (6 vs 8)	70678646	ORSGBBKDFSRJSQ-PCIXLOPBSA-M	ORSGBBKDFSRJSQ-OAGHENCHSA-M
cpd32708	STEREO_DIFF_REJECTED	STEREO_DIFF rejected: stereo_inversion: 2 of 18 shared stereocenters have different configuration	126961052	BOYNQRHLLKMTHA-IWRKNVKKSA-N	BOYNQRHLLKMTHA-JHFXUHMOSA-N
cpd32726	MISMATCH	MISMATCH: IGNORE:metal_representation_diff (metal coordination or charge representation differs) — requires manual review	90657744	ALONXRRFABNRGU-RXXMEITQSA-J	DIPBIYLIYZFOJV-SCCPKUNWSA-J
cpd32730	STEREO_DIFF_REJECTED	STEREO_DIFF rejected: stereo_inversion: 1 of 4 shared stereocenters have different configuration	146036964	DEYSCYWEHGTTSA-FCKMSMMTSA-L	DEYSCYWEHGTTSA-IOSLPCCCSA-L
cpd32749	MISMATCH	MISMATCH: IGNORE:tautomer_connectivity (same heavy-atom connectivity, different H positions — tautomer not recognized by RDKit enumerator) — requires manual review	91819981	SOTMAQXZIYYJMO-CEMIOJIYSA-N	AUWOMZBOFHKYQZ-CEMIOJIYSA-N
cpd32755	MISMATCH	MISMATCH: IGNORE:metal_representation_diff (metal coordination or charge representation differs) — requires manual review	137181293	JSLHYBZMSAGROB-UHFFFAOYSA-J	XATJBWVCRYVYEL-UHFFFAOYSA-J
cpd32759	MISMATCH	MISMATCH: IGNORE:tautomer_connectivity (same heavy-atom connectivity, different H positions — tautomer not recognized by RDKit enumerator) — requires manual review	122706191	DQNCMGFXWLVGLX-UHFFFAOYSA-M	OIBKZDZZNMNCAY-HZDAAVBUSA-M
cpd32768	STEREO_DIFF_REJECTED	STEREO_DIFF rejected: PubChem has fewer defined stereocenters (4 vs 5)	70682698	KWAOMPWGIIXDPH-BWAGICSOSA-O	KWAOMPWGIIXDPH-NWLYGAKOSA-N
cpd32777	STEREO_DIFF_REJECTED	STEREO_DIFF rejected: stereo_inversion: 6 of 7 shared stereocenters have different configuration	12305517	JZFSMVXQUWRSIW-ROGLGCEQSA-M	JZFSMVXQUWRSIW-BTJIZOSBSA-N
cpd32778	MISMATCH	MISMATCH: IGNORE:tautomer_connectivity (same heavy-atom connectivity, different H positions — tautomer not recognized by RDKit enumerator) — requires manual review	91819985	VEHHJKWSXZMIGU-CYOPCNPXSA-O	PCMYDMXQNSPZCI-CYOPCNPXSA-O
cpd32780	MISMATCH	MISMATCH: IGNORE:wrong_mapping (formula: stored=C43H64O34, pubchem=C41H62O33) — requires manual review	134820122	OUPARBBCHBHSIL-OBXBUJCHSA-L	DUGKXGQZYHUOFV-SOLNNGHASA-L
cpd32785	STEREO_DIFF_REJECTED	STEREO_DIFF rejected: stereo_inversion: 1 of 7 shared stereocenters have different configuration	57339436	KJTFTWQSEBLIPM-HKSKXXLXSA-M	KJTFTWQSEBLIPM-QLRHZSCISA-N
cpd32786	MISMATCH	MISMATCH: IGNORE:tautomer_connectivity (same heavy-atom connectivity, different H positions — tautomer not recognized by RDKit enumerator) — requires manual review	121225551	YSWXQLXPCXIQMV-HWZXHQHMSA-N	OWHGXOODGNBQRG-SSDOTTSWSA-N
cpd32797	MISMATCH	MISMATCH: IGNORE:tautomer (same canonical tautomer, stored form curated for biological relevance) — requires manual review	122706201	KZTVOVSNLMLLKK-UHFFFAOYSA-N	UUSKXLWDKYIARK-UHFFFAOYSA-N
cpd32805	MISMATCH	MISMATCH: REVIEW:different_compound (tanimoto=0.56, likely wrong xref mapping) — requires manual review	139583479	PRHWLBVCXHSGND-UHFFFAOYSA-N	MFRCAKSQJAQFFR-LLICMZCZSA-N
cpd32874	MISMATCH	MISMATCH: IGNORE:tautomer_connectivity (same heavy-atom connectivity, different H positions — tautomer not recognized by RDKit enumerator) — requires manual review	126961064	FCDDSOBUYVRNDO-PNECQQRGSA-E	IUPQMHDSCNSWML-VVWODWFVSA-E
cpd32899	MISMATCH	MISMATCH: IGNORE:tautomer (same canonical tautomer, stored form curated for biological relevance) — requires manual review	91820007	PRXCCHFUQXVSNT-CXUHLZMHSA-N	IQKCBJLWCVXJOG-CXUHLZMHSA-N
cpd32913	MISMATCH	MISMATCH: IGNORE:tautomer_connectivity (same heavy-atom connectivity, different H positions — tautomer not recognized by RDKit enumerator) — requires manual review	122706215	OJMYNLHIWGMMGY-UHFFFAOYSA-L	OZAOLWOHTADJOT-ZIMISOLQSA-L
cpd32922	MISMATCH	MISMATCH: IGNORE:tautomer_connectivity (same heavy-atom connectivity, different H positions — tautomer not recognized by RDKit enumerator) — requires manual review	91820008	TXDMUDAXGMSXPS-STWNLGFLSA-L	SRYZCJFTBKCWPH-OJZKLWQESA-L
cpd32932	STEREO_DIFF_REJECTED	STEREO_DIFF rejected: stereo_inversion: 6 of 7 shared stereocenters have different configuration	90657845	UMYJVVZWBKIXQQ-QRARIYCASA-M	UMYJVVZWBKIXQQ-QALSDZMNSA-M
cpd32944	STEREO_DIFF_REJECTED	STEREO_DIFF rejected: PubChem has fewer defined stereocenters (0 vs 2)	18374	VKIRRGRTJUUZHS-IZLXSQMJSA-P	VKIRRGRTJUUZHS-UHFFFAOYSA-N
cpd32971	STEREO_DIFF_REJECTED	STEREO_DIFF rejected: PubChem has fewer defined stereocenters (0 vs 1)	67467499	RWUDEKRSLZCEOM-FMQUCBEESA-N	RWUDEKRSLZCEOM-UHFFFAOYSA-N
cpd32972	MISMATCH	MISMATCH: IGNORE:tautomer (same canonical tautomer, stored form curated for biological relevance) — requires manual review	9863607	WOFXJXDOCPYDHD-PQUNJDNZSA-N	WDFUVZRTUNQXHC-KVPIFFDFSA-N
cpd32985	STEREO_DIFF_REJECTED	STEREO_DIFF rejected: PubChem has fewer defined stereocenters (4 vs 6)	122706225	PELZSPZCXGTUMR-QWBQGLJISA-J	PELZSPZCXGTUMR-FYRFQUNGSA-J
cpd32993	MISMATCH	MISMATCH: IGNORE:tautomer_connectivity (same heavy-atom connectivity, different H positions — tautomer not recognized by RDKit enumerator) — requires manual review	122706228	CXSLZLZWQICHIJ-JSILLTCQSA-N	IEXLMWZQCURUMB-JSILLTCQSA-N
cpd33015	STEREO_DIFF_REJECTED	STEREO_DIFF rejected: stereo_inversion: 2 of 6 shared stereocenters have different configuration	160294	GKUZBRIJGIGFKC-DODRDYGUSA-O	GKUZBRIJGIGFKC-XPXFATIHSA-N
cpd33021	STEREO_DIFF_REJECTED	STEREO_DIFF rejected: PubChem has fewer defined stereocenters (0 vs 2)	90657891	POIIJAAGMGNXLO-RYUDHWBXSA-N	POIIJAAGMGNXLO-UHFFFAOYSA-N
cpd33023	STEREO_DIFF_REJECTED	STEREO_DIFF rejected: PubChem has fewer defined stereocenters (3 vs 8)	6444304	FVRDNLIUSWSBCT-UFZXEYFSSA-M	FVRDNLIUSWSBCT-WUJFNTSISA-N
cpd33032	MISMATCH	MISMATCH: IGNORE:wrong_mapping (formula: stored=C75H123NO20P2, pubchem=C20H35NO14) — requires manual review	118796936	QHVXMEIKVUFKBR-YMIPJOMJSA-L	JSTYGXQNHFJXJZ-YUNPFAOVSA-N
cpd33061	MISMATCH	MISMATCH: IGNORE:tautomer (same canonical tautomer, stored form curated for biological relevance) — requires manual review	90657906	OSCDICWIUZBOIY-DKJRWSDTSA-N	KKDMZZAUAIZTFK-DKJRWSDTSA-N
cpd33069	MISMATCH	MISMATCH: IGNORE:tautomer_connectivity (same heavy-atom connectivity, different H positions — tautomer not recognized by RDKit enumerator) — requires manual review	91820040	MXOHQTOSFUWNCH-MZTDULQMSA-N	ZKKBNTCAKNMLLQ-UVHKRSBMSA-N
cpd33112	MISMATCH	MISMATCH: IGNORE:tautomer_connectivity (same heavy-atom connectivity, different H positions — tautomer not recognized by RDKit enumerator) — requires manual review	91666418	INPDFIMLLXXDOQ-UAWLBFNISA-L	NNMALANKTSRILL-GSZAROSWSA-L
cpd33114	STEREO_DIFF_REJECTED	STEREO_DIFF rejected: PubChem has fewer defined stereocenters (25 vs 26)	122706251	ZJUCBLJPWMJPPP-FBTIMHPGSA-J	ZJUCBLJPWMJPPP-ZBZLBUFYSA-J
cpd33115	STEREO_DIFF_REJECTED	STEREO_DIFF rejected: PubChem has fewer defined stereocenters (17 vs 20)	70678599	UGJKYEVDBCDQBN-HLBLIWGQSA-L	UGJKYEVDBCDQBN-NPYQXDOUSA-N
cpd33168	STEREO_DIFF_REJECTED	STEREO_DIFF rejected: PubChem has fewer defined stereocenters (0 vs 4)	129552	QHXNKYPHTJBRJV-SEZOBRLKSA-O	QHXNKYPHTJBRJV-UHFFFAOYSA-N
cpd33182	MISMATCH	MISMATCH: IGNORE:wrong_mapping (formula: stored=CH6N2, pubchem=C12H19N3O) — requires manual review	4915	BEJYCXCOWGOQKU-UHFFFAOYSA-N	CPTBDICYNRMXFX-UHFFFAOYSA-N
cpd33201	MISMATCH	MISMATCH: IGNORE:tautomer_connectivity (same heavy-atom connectivity, different H positions — tautomer not recognized by RDKit enumerator) — requires manual review	129320363	ZLYVMYZUEFOYND-XDBKRARRSA-L	GZPCDCKLGMEXOS-HZLQZMKMSA-L
cpd33265	MISMATCH	MISMATCH: IGNORE:tautomer_connectivity (same heavy-atom connectivity, different H positions — tautomer not recognized by RDKit enumerator) — requires manual review	136663911	WCHYVHMQLSGPFA-QEMXOEOXSA-M	MYRZZAFPOPNRCS-KYTOMXORSA-M
cpd33303	STEREO_DIFF_REJECTED	STEREO_DIFF rejected: PubChem has fewer defined stereocenters (0 vs 2)	134820186	GREPICCJTJBJKO-KCJUWKMLSA-M	GREPICCJTJBJKO-UHFFFAOYSA-M
cpd33313	MISMATCH	MISMATCH: IGNORE:tautomer_connectivity (same heavy-atom connectivity, different H positions — tautomer not recognized by RDKit enumerator) — requires manual review	126961089	FIWCACQTHXIDQB-BONWFRPQSA-H	OXPQDWMEOZNBJB-DKJXVAHLSA-H
cpd33324	STEREO_DIFF_REJECTED	STEREO_DIFF rejected: PubChem has fewer defined stereocenters (0 vs 3)	6857471	PPRBOEHFGAHFGC-XPFFCHIZSA-O	PPRBOEHFGAHFGC-UHFFFAOYSA-N
cpd33330	MISMATCH	MISMATCH: IGNORE:tautomer_connectivity (same heavy-atom connectivity, different H positions — tautomer not recognized by RDKit enumerator) — requires manual review	86289507	SZJUSKFRNRBDMF-ZXKITLQESA-N	NIRLIWMQNRJEDG-RARRKIFNSA-N
cpd33337	MISMATCH	MISMATCH: IGNORE:tautomer_connectivity (same heavy-atom connectivity, different H positions — tautomer not recognized by RDKit enumerator) — requires manual review	86289506	QDJXYNHUZKTOSQ-YZMHMQGHSA-N	HDQAHAYFRSTUFM-LMEYJBJCSA-N
cpd33354	MISMATCH	MISMATCH: IGNORE:tautomer_connectivity (same heavy-atom connectivity, different H positions — tautomer not recognized by RDKit enumerator) — requires manual review	91820097	HVDQGXCRCGWKFN-MOPGFXCFSA-M	XZMHEWSQIGGCKG-MOPGFXCFSA-M
cpd33382	MISMATCH	MISMATCH: IGNORE:wrong_mapping (formula: stored=C22H28NO7, pubchem=C22H29NO6) — requires manual review	54728540	PBLHHHBHJLHYBY-NQKFEHTCSA-M	ADEAEUKXVJOXIM-FJNCHITRSA-N
cpd33386	MISMATCH	MISMATCH: IGNORE:tautomer (same canonical tautomer, stored form curated for biological relevance) — requires manual review	135440647	BFTDABFQPJCSQM-UHFFFAOYSA-N	TWJXLQJAXSHJQU-UHFFFAOYSA-N
cpd33408	MISMATCH	MISMATCH: IGNORE:tautomer_connectivity (same heavy-atom connectivity, different H positions — tautomer not recognized by RDKit enumerator) — requires manual review	90658080	OHSQAUATHYZSNO-UHFFFAOYSA-M	WTSMCLMMBYRXFJ-FPLPWBNLSA-M
cpd33414	MISMATCH	MISMATCH: IGNORE:wrong_mapping (formula: stored=C22H28NO6, pubchem=C21H27NO7) — requires manual review	54734265	KYWSONHNJYBXNQ-YTDSCSQZSA-M	LPAAPNGEFDCKHG-PQSUYKGESA-N
cpd33415	MISMATCH	MISMATCH: IGNORE:tautomer_connectivity (same heavy-atom connectivity, different H positions — tautomer not recognized by RDKit enumerator) — requires manual review	131841504	FVTIYFKJXVCZRY-HAHDFKILSA-N	QJKOTZANRVBFTI-HAHDFKILSA-N
cpd33449	MISMATCH	MISMATCH: IGNORE:tautomer_connectivity (same heavy-atom connectivity, different H positions — tautomer not recognized by RDKit enumerator) — requires manual review	90658093	VOIGFUPZJLXTSV-JZZCUNRQSA-N	CGAZKMMVUREYER-AFZPPIKNSA-N
cpd33521	STEREO_DIFF_REJECTED	STEREO_DIFF rejected: stereo_inversion: 1 of 6 shared stereocenters have different configuration	138911145	BBXAUSVGMAQCDJ-ZYRNSQCUSA-N	BBXAUSVGMAQCDJ-RCOKYBRUSA-N
cpd33537	MISMATCH	MISMATCH: IGNORE:tautomer (same canonical tautomer, stored form curated for biological relevance) — requires manual review	90658150	HNYIFKWNYFJSEO-UHFFFAOYSA-N	RGTPSNSYCJTFLL-UHFFFAOYSA-N
cpd33539	STEREO_DIFF_REJECTED	STEREO_DIFF rejected: PubChem has fewer defined stereocenters (0 vs 1)	253995	ATVBRGIKCZGPSC-MHWRWJLKSA-N	ATVBRGIKCZGPSC-UHFFFAOYSA-N
cpd33555	STEREO_DIFF_REJECTED	STEREO_DIFF rejected: PubChem has fewer defined stereocenters (7 vs 9)	90658154	OBGQZGVSCDFIHI-UNBICIHQSA-M	OBGQZGVSCDFIHI-FGTVWCJPSA-M
cpd33588	MISMATCH	MISMATCH: IGNORE:wrong_mapping (formula: stored=C41H44NO14, pubchem=C40H43NO15) — requires manual review	54702959	NFYJBZSCVHTCTM-QQXYBPILSA-M	WYRYRHFKSQKGHJ-FRKPEAEDSA-N
cpd33598	MISMATCH	MISMATCH: IGNORE:protonation_only_inchi (same connectivity and stereo, differs in protonation) — requires manual review	91820129	CSIZETLYBMWYQA-KSSXDADGSA-H	QFGKGCZCUVIENT-KSSXDADGSA-H
cpd33625	MISMATCH	MISMATCH: IGNORE:wrong_mapping (formula: stored=C43H79N5O11P, pubchem=C42H75N5O11P) — requires manual review	45480563	CENRZFPISHXRLE-KXQOOQHDSA-O	QVXAZNMRZNYTNS-PSXMRANNSA-O
cpd33659	STEREO_DIFF_REJECTED	STEREO_DIFF rejected: PubChem has fewer defined stereocenters (16 vs 19)	53356737	KMTRPPDJIYGURJ-UPSKFMFASA-L	KMTRPPDJIYGURJ-VLUGSGBZSA-N
cpd33665	STEREO_DIFF_REJECTED	STEREO_DIFF rejected: stereo_inversion: 5 of 22 shared stereocenters have different configuration	443561	WJOASKOPJZDBAH-LYHJGIOHSA-P	WJOASKOPJZDBAH-WKBCHECCSA-N
cpd33686	STEREO_DIFF_REJECTED	STEREO_DIFF rejected: PubChem has fewer defined stereocenters (4 vs 6)	102515207	RANGFOQREJPKIH-ITXQSEJKSA-N	RANGFOQREJPKIH-BPFFPJERSA-N
cpd33721	STEREO_DIFF_REJECTED	STEREO_DIFF rejected: stereo_inversion: 1 of 5 shared stereocenters have different configuration	74281453	AGVZEKVPTJUMGS-VGJVMQFFSA-J	AGVZEKVPTJUMGS-DJVIHCHSSA-J
cpd33771	STEREO_DIFF_REJECTED	STEREO_DIFF rejected: PubChem has fewer defined stereocenters (14 vs 16)	90658248	DKHMHRQWWQWLAI-PNMGQCLPSA-K	DKHMHRQWWQWLAI-KTXRHDLJSA-K
cpd33776	MISMATCH	MISMATCH: IGNORE:tautomer_connectivity (same heavy-atom connectivity, different H positions — tautomer not recognized by RDKit enumerator) — requires manual review	126456548	TXGRNAAVTFLEFF-IONLHYSMSA-L	AMRDBDFMTUKUFG-ZELODDTJSA-L
cpd33795	STEREO_DIFF_REJECTED	STEREO_DIFF rejected: PubChem has fewer defined stereocenters (5 vs 7)	102515222	VHWIMVHIFRZAOL-KAECGEELSA-N	VHWIMVHIFRZAOL-XUEKZJGCSA-N
cpd33820	STEREO_DIFF_REJECTED	STEREO_DIFF rejected: PubChem has fewer defined stereocenters (9 vs 11)	90658277	BUJDESZERWRJFC-QMPYUXPBSA-M	BUJDESZERWRJFC-LUQLAFGOSA-M
cpd33850	STEREO_DIFF_REJECTED	STEREO_DIFF rejected: PubChem has fewer defined stereocenters (23 vs 24)	122706351	NXVBEBMQKUAPPU-XCMWOKOZSA-N	NXVBEBMQKUAPPU-WCBFTFLNSA-N
cpd33935	STEREO_DIFF_REJECTED	STEREO_DIFF rejected: PubChem has fewer defined stereocenters (5 vs 7)	71581134	MXAFDFDAIFZFET-CZDOQZASSA-M	MXAFDFDAIFZFET-QIEOIKHQSA-M
cpd33938	STEREO_DIFF_REJECTED	STEREO_DIFF rejected: PubChem has fewer defined stereocenters (0 vs 1)	44115	IBALRBWGSVJPAP-HEHNFIMWSA-N	IBALRBWGSVJPAP-UHFFFAOYSA-N
cpd33943	STEREO_DIFF_REJECTED	STEREO_DIFF rejected: PubChem has fewer defined stereocenters (7 vs 9)	70678660	XYCNASUKVOVNSX-JZZCRTNLSA-M	XYCNASUKVOVNSX-QYKVVMPESA-M
cpd33987	MISMATCH	MISMATCH: IGNORE:tautomer_connectivity (same heavy-atom connectivity, different H positions — tautomer not recognized by RDKit enumerator) — requires manual review	126961121	MORGRYPNRXJBLD-NWZZPOOPSA-I	ILOFAOJBISGTCU-LROHGRLLSA-I
cpd34016	MISMATCH	MISMATCH: IGNORE:tautomer_connectivity (same heavy-atom connectivity, different H positions — tautomer not recognized by RDKit enumerator) — requires manual review	122706380	VWHOCEMNSSYUKO-JYRVWZFOSA-M	WKEULRUVMWRJLV-GBUMRVLUSA-M
cpd34027	MISMATCH	MISMATCH: IGNORE:tautomer_connectivity (same heavy-atom connectivity, different H positions — tautomer not recognized by RDKit enumerator) — requires manual review	49859659	QFXPKYFWGQTJPY-UHFFFAOYSA-M	UIRCARMQMYTLGE-UHFFFAOYSA-M
cpd34039	MISMATCH	MISMATCH: IGNORE:tautomer_connectivity (same heavy-atom connectivity, different H positions — tautomer not recognized by RDKit enumerator) — requires manual review	102515254	TXZRSFISFKCBNS-CPQKMCNDSA-M	OOJPRIIRFMTBCJ-IFPLXXCISA-M
cpd34083	MISMATCH	MISMATCH: IGNORE:tautomer (same canonical tautomer, stored form curated for biological relevance) — requires manual review	86289354	YZLUNNOXSWSADV-KMLVFDMGSA-N	JOLOOTFZGWBNSF-KMLVFDMGSA-N
cpd34126	MISMATCH	MISMATCH: IGNORE:tautomer_connectivity (same heavy-atom connectivity, different H positions — tautomer not recognized by RDKit enumerator) — requires manual review	90658418	HGEQEKWFMRZMKT-ONIHXMSRSA-P	HBTVDBLISZYTGP-ONIHXMSRSA-P
cpd34134	MISMATCH	MISMATCH: IGNORE:protonation_only_inchi (same connectivity and stereo, differs in protonation) — requires manual review	134820306	FHHFFICYIGRCKM-WQIXFEILSA-L	NWQLCPMOXIPWME-WQIXFEILSA-L
cpd34146	MISMATCH	MISMATCH: IGNORE:tautomer_connectivity (same heavy-atom connectivity, different H positions — tautomer not recognized by RDKit enumerator) — requires manual review	131841447	VDADJCUBZJQTKA-HNQUOIGGSA-M	IQCMUVAMSBTUJE-KFSGTSSPSA-M
cpd34226	STEREO_DIFF_REJECTED	STEREO_DIFF rejected: PubChem has fewer defined stereocenters (17 vs 19)	70678607	JDYOTZJYALHJPI-VREYUTKGSA-L	JDYOTZJYALHJPI-JDLVNZTBSA-L
cpd34235	MISMATCH	MISMATCH: IGNORE:tautomer_connectivity (same heavy-atom connectivity, different H positions — tautomer not recognized by RDKit enumerator) — requires manual review	129320407	LSIPFGGTIMBZPJ-DBGLWBBTSA-M	LNMNCAAOLZJCPN-DBGLWBBTSA-M
cpd34263	MISMATCH	MISMATCH: IGNORE:tautomer (same canonical tautomer, stored form curated for biological relevance) — requires manual review	102515296	JVJUUHSUZPVKAW-PKBSZGIOSA-N	LODAXRLTBOQHOG-PKBSZGIOSA-N
cpd34276	MISMATCH	MISMATCH: IGNORE:protonation_only_inchi (same connectivity and stereo, differs in protonation) — requires manual review	137304914	ABWAXDBZHRRZAE-HWCCSRDCSA-F	GORFYEFMCWMFSH-HWCCSRDCSA-F
cpd34282	MISMATCH	MISMATCH: IGNORE:tautomer (same canonical tautomer, stored form curated for biological relevance) — requires manual review	90658495	OIBRIQATBRRRAV-CRBCFSCISA-N	YZJGPDGMPYPJDT-SETVBOMASA-N
cpd34298	MISMATCH	MISMATCH: IGNORE:tautomer_connectivity (same heavy-atom connectivity, different H positions — tautomer not recognized by RDKit enumerator) — requires manual review	91820271	CMEAFYGYVWZYDO-QERJWTBHSA-O	WBADZYNYSMESBG-QERJWTBHSA-O
cpd34307	MISMATCH	MISMATCH: IGNORE:protonation_only_inchi (same connectivity and stereo, differs in protonation) — requires manual review	134820333	FLYZFKVPOJATSA-TWJOIROISA-L	DNAXAVQYRVCKKB-TWJOIROISA-L
cpd34309	MISMATCH	MISMATCH: IGNORE:tautomer_connectivity (same heavy-atom connectivity, different H positions — tautomer not recognized by RDKit enumerator) — requires manual review	134820334	FVECUSUPGMVITA-PUYGCFRFSA-M	KZGMULHHALAKTE-XRBWLTAYSA-M
cpd34325	STEREO_DIFF_REJECTED	STEREO_DIFF rejected: stereo_inversion: 3 of 4 shared stereocenters have different configuration	131708296	ZDGVATANBJCRHY-FFIUSHDYSA-L	ZDGVATANBJCRHY-BVVYIIRBSA-N
cpd34356	MISMATCH	MISMATCH: IGNORE:tautomer (same canonical tautomer, stored form curated for biological relevance) — requires manual review	122706433	PRBKIXICJWIGKP-UHFFFAOYSA-M	FZZFPTPSFVJXGD-UHFFFAOYSA-M
cpd34374	STEREO_DIFF_REJECTED	STEREO_DIFF rejected: stereo_inversion: 1 of 20 shared stereocenters have different configuration	122706439	LOTKWENHMDGLHJ-QOZJJACASA-L	LOTKWENHMDGLHJ-DZOZLFEPSA-L
cpd34381	MISMATCH	MISMATCH: IGNORE:protonation_only_inchi (same connectivity and stereo, differs in protonation) — requires manual review	134820343	ZBIGZOFOTYFABP-WQIXFEILSA-J	VNEPZFBQMUSGFU-WQIXFEILSA-J
cpd34398	STEREO_DIFF_REJECTED	STEREO_DIFF rejected: PubChem has fewer defined stereocenters (3 vs 5)	102515313	DFPPNUOWRKIOKO-VUIOFSRNSA-N	DFPPNUOWRKIOKO-QLOQYZEMSA-N
cpd34417	STEREO_DIFF_REJECTED	STEREO_DIFF rejected: PubChem has fewer defined stereocenters (17 vs 21)	70678595	WIOUEBUIPRZJNK-CPADTJKJSA-L	WIOUEBUIPRZJNK-SXPNWOFQSA-N
cpd34424	MISMATCH	MISMATCH: IGNORE:tautomer_connectivity (same heavy-atom connectivity, different H positions — tautomer not recognized by RDKit enumerator) — requires manual review	122706448	RKNGHEJZSVXSDR-GAABGNNBSA-O	DOGQITILNDNRKT-GAABGNNBSA-O
cpd34436	STEREO_DIFF_REJECTED	STEREO_DIFF rejected: stereo_inversion: 1 of 9 shared stereocenters have different configuration	121491875	GBZJIWQNTNUYGZ-OYVVDVHASA-M	GBZJIWQNTNUYGZ-AWTICQJKSA-N
cpd34486	STEREO_DIFF_REJECTED	STEREO_DIFF rejected: stereo_inversion: 1 of 35 shared stereocenters have different configuration	10887728	VSQBWNYALURFOT-VZGNWNFDSA-O	VSQBWNYALURFOT-ZSFCQSFNSA-N
cpd34532	MISMATCH	MISMATCH: IGNORE:tautomer_connectivity (same heavy-atom connectivity, different H positions — tautomer not recognized by RDKit enumerator) — requires manual review	129320426	ZQRWGDONOLGKSC-NRGYBALMSA-N	MHBCDHASHKWNFW-HNNYIIFFSA-N
cpd34575	MISMATCH	MISMATCH: IGNORE:tautomer_connectivity (same heavy-atom connectivity, different H positions — tautomer not recognized by RDKit enumerator) — requires manual review	91820008	TXDMUDAXGMSXPS-LEMNHUOGSA-L	SRYZCJFTBKCWPH-OJZKLWQESA-L
cpd34607	MISMATCH	MISMATCH: IGNORE:tautomer_connectivity (same heavy-atom connectivity, different H positions — tautomer not recognized by RDKit enumerator) — requires manual review	91820314	UOXKFERSVHOGNJ-UHFFFAOYSA-M	JUIWQFGQVYBLJU-QLXMRKQASA-M
cpd34648	MISMATCH	MISMATCH: IGNORE:tautomer_connectivity (same heavy-atom connectivity, different H positions — tautomer not recognized by RDKit enumerator) — requires manual review	90658650	KDWKXNREMZVUMF-YKMDBRITSA-L	IGCOWPDETATZSJ-RGZGOOHISA-L
cpd34702	MISMATCH	MISMATCH: IGNORE:wrong_mapping (formula: stored=C42H54N8O6S2, pubchem=C42H52FeN8O6S2) — requires manual review	16057918	XQNQPRAJHKOWMB-HXHTVGELSA-N	WFVBWSTZNVJEAY-UHFFFAOYSA-L
cpd34712	STEREO_DIFF_REJECTED	STEREO_DIFF rejected: stereo_inversion: 1 of 2 shared stereocenters have different configuration	73348284	AHMZTHYNOXWCBS-NOYMNTDDSA-Q	AHMZTHYNOXWCBS-PCUVAHMGSA-N
cpd34717	MISMATCH	MISMATCH: IGNORE:tautomer_connectivity (same heavy-atom connectivity, different H positions — tautomer not recognized by RDKit enumerator) — requires manual review	102515350	WXIJIFIPZAJQRA-UHFFFAOYSA-N	OAMJXSHXHCIEEI-UHFFFAOYSA-M
cpd34742	MISMATCH	MISMATCH: IGNORE:metal_representation_diff (metal coordination or charge representation differs) — requires manual review	91820333	XZDJNDFADBEPPB-PHKPCPITSA-H	SBHRNFAVYAUAEP-YDXXJHAFSA-H
cpd34761	MISMATCH	MISMATCH: IGNORE:metal_representation_diff (metal coordination or charge representation differs) — requires manual review	134820392	ISEQVFRMOLZPSF-UHFFFAOYSA-I	OHGKUQAYDWQBIX-UHFFFAOYSA-I
cpd34784	STEREO_DIFF_REJECTED	STEREO_DIFF rejected: stereo_inversion: 2 of 7 shared stereocenters have different configuration	3036879	QSLZNGPMBOCIAZ-WXFGBZQYSA-O	QSLZNGPMBOCIAZ-QSNGQZDXSA-N
cpd34831	MISMATCH	MISMATCH: IGNORE:tautomer (same canonical tautomer, stored form curated for biological relevance) — requires manual review	134820401	WILJAMJUZDYFMC-DETXERCKSA-M	SMGOYHNDUBAFDK-DHBREQTESA-M
cpd34832	MISMATCH	MISMATCH: IGNORE:tautomer (same canonical tautomer, stored form curated for biological relevance) — requires manual review	121596246	RYCRGPUTNQPWFZ-UHFFFAOYSA-N	ZJDQJGJPYGJSGW-UHFFFAOYSA-N
cpd34835	MISMATCH	MISMATCH: IGNORE:tautomer_connectivity (same heavy-atom connectivity, different H positions — tautomer not recognized by RDKit enumerator) — requires manual review	122391248	FWVRSACGGAUWNP-BWOONYPSSA-N	WHSQPFARTNPSDO-BWOONYPSSA-N
cpd34840	STEREO_DIFF_REJECTED	STEREO_DIFF rejected: PubChem has fewer defined stereocenters (4 vs 5)	124638	OZXJPPYWZVBMGW-DAUWQXBBSA-N	OZXJPPYWZVBMGW-DJXIOKRSSA-N
cpd34866	STEREO_DIFF_REJECTED	STEREO_DIFF rejected: PubChem has fewer defined stereocenters (8 vs 10)	90658744	PMXMKGYRVPAIJJ-MMZNESQASA-M	PMXMKGYRVPAIJJ-YEQZGNIKSA-M
cpd34872	MISMATCH	MISMATCH: IGNORE:ring_chain_tautomer (O-rings 0->2) — requires manual review	15224333	YYLAARMDRFESOL-MHFQNRLGSA-N	POEYRUBMWIOMTB-YUGBTJNTSA-N
cpd34886	MISMATCH	MISMATCH: IGNORE:protonation_only_inchi (same connectivity and stereo, differs in protonation) — requires manual review	134820411	OSPUMPFVUQMUQH-SVTOEGCSSA-L	PIRUTNLTLCZKJE-SVTOEGCSSA-L
cpd34891	STEREO_DIFF_REJECTED	STEREO_DIFF rejected: stereo_inversion: 1 of 28 shared stereocenters have different configuration	90658759	WFOVENUXZAPSIJ-BBBJRGKDSA-N	WFOVENUXZAPSIJ-TZLKGKMXSA-N
cpd34909	STEREO_DIFF_REJECTED	STEREO_DIFF rejected: stereo_inversion: 1 of 3 shared stereocenters have different configuration	10998630	SDMLCXJKAYFHQM-OMCWFWFASA-N	SDMLCXJKAYFHQM-MKJLVJGCSA-N
cpd34938	MISMATCH	MISMATCH: IGNORE:tautomer (same canonical tautomer, stored form curated for biological relevance) — requires manual review	102515384	MXLHWEYKGSIDDQ-SECBINFHSA-N	OCYDARSQXVAYSD-XTULLQBASA-N
cpd34946	MISMATCH	MISMATCH: IGNORE:tautomer_connectivity (same heavy-atom connectivity, different H positions — tautomer not recognized by RDKit enumerator) — requires manual review	118987344	YSWXQLXPCXIQMV-DRGSQQHPSA-N	OWHGXOODGNBQRG-ZETCQYMHSA-N
cpd34947	MISMATCH	MISMATCH: IGNORE:tautomer_connectivity (same heavy-atom connectivity, different H positions — tautomer not recognized by RDKit enumerator) — requires manual review	126961174	RMGACJLRADVBME-ZIDGJKDQSA-F	HPFIKHMESBWRLP-RUNQWZMZSA-F
cpd34956	MISMATCH	MISMATCH: IGNORE:salt_form_difference (formula: stored=C21H17N2O3, pubchem=C21H17ClN2O3) — requires manual review	9929799	ZWODABSNRKVFCK-UHFFFAOYSA-N	MYFATKRONKHHQL-UHFFFAOYSA-N
cpd34977	MISMATCH	MISMATCH: IGNORE:tautomer (same canonical tautomer, stored form curated for biological relevance) — requires manual review	124079400	WEOBUQVDXCWKHP-UHFFFAOYSA-M	QXPOWGXRDUFAQW-UHFFFAOYSA-M
cpd35001	MISMATCH	MISMATCH: IGNORE:tautomer (same canonical tautomer, stored form curated for biological relevance) — requires manual review	122706531	CTEYPPOHFXYGJR-DGFSRKRXSA-N	XIEXSAVJORFUFN-UMVKEKTISA-N
cpd35012	STEREO_DIFF_REJECTED	STEREO_DIFF rejected: stereo_inversion: 1 of 14 shared stereocenters have different configuration	9852086	FVIZARNDLVOMSU-VIMLXLKTSA-N	FVIZARNDLVOMSU-IRFFNABBSA-N
cpd35019	MISMATCH	MISMATCH: IGNORE:wrong_mapping (formula: stored=C164H289N3O92P5, pubchem=C172H302N4O97P5) — requires manual review	134820424	FZCDNPLWRSBPTA-AUDZSQHPSA-E	RDALGFXTAQKXFW-XJEIIPFKSA-E
cpd35068	MISMATCH	MISMATCH: IGNORE:tautomer (same canonical tautomer, stored form curated for biological relevance) — requires manual review	91820403	MGXGDOCTIYHYMG-SJCPBWDLSA-N	PIZDGYFPLPPVBP-NPEZIVKXSA-N
cpd35141	MISMATCH	MISMATCH: IGNORE:tautomer_connectivity (same heavy-atom connectivity, different H positions — tautomer not recognized by RDKit enumerator) — requires manual review	157049260	XAKWVHXBXIFGOO-BYPYZUCNSA-L	AVNALOICIMCLQH-BYPYZUCNSA-L
cpd35179	MISMATCH	MISMATCH: IGNORE:protonation_only_inchi (same connectivity and stereo, differs in protonation) — requires manual review	134820444	IALQJVZVVGVABU-NSXVPDJBSA-L	RTZRPZZVIPGBCS-NSXVPDJBSA-L
cpd35180	MISMATCH	MISMATCH: IGNORE:salt_form_difference (formula: stored=C16H11O7, pubchem=C16H13ClO7) — requires manual review	73386	UKORJAHFGAHSFC-UHFFFAOYSA-M	QULMBDNPZCFSPR-UHFFFAOYSA-N
cpd35202	MISMATCH	MISMATCH: IGNORE:tautomer (same canonical tautomer, stored form curated for biological relevance) — requires manual review	119058161	OYYAPLARXUACPJ-RZZZFEHKSA-M	WGOVWFNMPRCMBJ-MRVPVSSYSA-M
cpd35210	STEREO_DIFF_REJECTED	STEREO_DIFF rejected: PubChem has fewer defined stereocenters (18 vs 20)	90658920	YIOXLZJXYRDBIN-BNZHPDCNSA-L	YIOXLZJXYRDBIN-IKNUKMEBSA-L
cpd35227	MISMATCH	MISMATCH: IGNORE:wrong_mapping (formula: stored=C164H289N3O92P5, pubchem=C172H302N4O97P5) — requires manual review	134820452	XXKCSBHBCFUNLE-AUDZSQHPSA-E	JQYSNMYFHNBOPF-XJEIIPFKSA-E
cpd35235	MISMATCH	MISMATCH: IGNORE:tautomer_connectivity (same heavy-atom connectivity, different H positions — tautomer not recognized by RDKit enumerator) — requires manual review	122198284	IIHPMGDKNZPGON-QYAMTVPHSA-N	LJLCFQKDCDGSSK-QYAMTVPHSA-N
cpd35322	MISMATCH	MISMATCH: IGNORE:tautomer_connectivity (same heavy-atom connectivity, different H positions — tautomer not recognized by RDKit enumerator) — requires manual review	86289508	FXJXKIHZEOFSHE-HKOJSUICSA-N	GDMKCWSZMAFALT-WNSZSYCKSA-N
cpd35333	STEREO_DIFF_REJECTED	STEREO_DIFF rejected: PubChem has fewer defined stereocenters (0 vs 1)	90658985	PWLWDRGPAXZDSB-YFHOEESVSA-O	PWLWDRGPAXZDSB-UHFFFAOYSA-O
cpd35363	MISMATCH	MISMATCH: IGNORE:tautomer (same canonical tautomer, stored form curated for biological relevance) — requires manual review	9576787	MXNLRTNAAYWENH-DJKNLCAGSA-N	NKTGCVUIESDXPU-YLEPRARLSA-N
cpd35389	MISMATCH	MISMATCH: IGNORE:metal_representation_diff (metal coordination or charge representation differs) — requires manual review	91820468	RXGBCKDRZIYSTP-WWPGNQHPSA-H	QCRJEAJWXGZQQE-MQNDWNIASA-F
cpd35434	MISMATCH	MISMATCH: IGNORE:tautomer (same canonical tautomer, stored form curated for biological relevance) — requires manual review	590555	FPOUMCUOOCJXQF-UHFFFAOYSA-N	MYJNEEHZESREMO-UHFFFAOYSA-N
cpd35459	STEREO_DIFF_REJECTED	STEREO_DIFF rejected: PubChem has fewer defined stereocenters (13 vs 17)	154586215	BCJXLUMCLOOKBY-BEUVOYNRSA-K	BCJXLUMCLOOKBY-XQZRKBHSSA-L
cpd35466	MISMATCH	MISMATCH: IGNORE:tautomer_connectivity (same heavy-atom connectivity, different H positions — tautomer not recognized by RDKit enumerator) — requires manual review	124079399	ANGCTOREXXGQNW-CXUHLZMHSA-N	YEVSOYBNHBOQJZ-GCTRCSCRSA-N
cpd35554	MISMATCH	MISMATCH: IGNORE:tautomer (same canonical tautomer, stored form curated for biological relevance) — requires manual review	102515449	SAMOBDXITATWFO-UGRQFWOBSA-N	DBIHSUXYSXVCQG-UGRQFWOBSA-N
cpd35595	STEREO_DIFF_REJECTED	STEREO_DIFF rejected: PubChem has fewer defined stereocenters (7 vs 9)	70678692	VNKKSGSHXRHPDZ-LIMFHIGASA-M	VNKKSGSHXRHPDZ-UHUYPSQSSA-M
cpd35662	STEREO_DIFF_REJECTED	STEREO_DIFF rejected: PubChem has fewer defined stereocenters (2 vs 3)	90659181	XBSZMUDABCOEST-MDJOXXCMSA-N	XBSZMUDABCOEST-DVXAYSFTSA-N
cpd35680	MISMATCH	MISMATCH: IGNORE:tautomer_connectivity (same heavy-atom connectivity, different H positions — tautomer not recognized by RDKit enumerator) — requires manual review	5351619	XZMSDBCWHWGUOR-ZETCQYMHSA-N	SSISHJJTAXXQAX-ZETCQYMHSA-N
cpd35688	STEREO_DIFF_REJECTED	STEREO_DIFF rejected: PubChem has fewer defined stereocenters (17 vs 19)	90659187	KQAGNTYMDLIIEG-RZVRETCDSA-L	KQAGNTYMDLIIEG-MRIAFVENSA-L
cpd35727	MISMATCH	MISMATCH: IGNORE:tautomer_connectivity (same heavy-atom connectivity, different H positions — tautomer not recognized by RDKit enumerator) — requires manual review	126456550	VKSRGDGWOFHFKH-UHFFFAOYSA-M	VTEIIFODEDFBPN-QMTHZDPJSA-M
cpd35738	STEREO_DIFF_REJECTED	STEREO_DIFF rejected: stereo_inversion: 1 of 68 shared stereocenters have different configuration	134820530	CEMLXOTXCUORFY-UUAFBPCQSA-D	CEMLXOTXCUORFY-NHYUMOMVSA-D
cpd35748	STEREO_DIFF_REJECTED	STEREO_DIFF rejected: PubChem has fewer defined stereocenters (6 vs 7)	107714	PIHGROVBUUNPDW-KAECGEELSA-N	PIHGROVBUUNPDW-SUWHGTQISA-N
cpd35760	MISMATCH	MISMATCH: IGNORE:metal_representation_diff (metal coordination or charge representation differs) — requires manual review	145865159	WCFHEXROODJNLM-KJJQBOTLSA-J	QHLUFAVOADTKNI-MYJITKODSA-J
cpd35831	MISMATCH	MISMATCH: IGNORE:tautomer_connectivity (same heavy-atom connectivity, different H positions — tautomer not recognized by RDKit enumerator) — requires manual review	90657979	HCQWWPHLMKWTDT-UHFFFAOYSA-L	UUXOWMLQXACBTJ-MVJNYCIBSA-L
cpd35839	STEREO_DIFF_REJECTED	STEREO_DIFF rejected: PubChem has fewer defined stereocenters (3 vs 4)	36273	BWWVAEOLVKTZFQ-ISVUSNJMSA-N	BWWVAEOLVKTZFQ-NTZNESFSSA-N
cpd35879	MISMATCH	MISMATCH: IGNORE:tautomer_connectivity (same heavy-atom connectivity, different H positions — tautomer not recognized by RDKit enumerator) — requires manual review	126961230	TYTAMXJUWZJHOX-XGJJPDGFSA-G	RJVZEEWDGGGSDX-ONRGAHKZSA-G
cpd35936	MISMATCH	MISMATCH: IGNORE:tautomer_connectivity (same heavy-atom connectivity, different H positions — tautomer not recognized by RDKit enumerator) — requires manual review	86289504	VHIFHPVDOCVUKL-KDKAVYSQSA-N	QIJXKOOPLDVFLW-DWENXZEQSA-N
cpd35966	MISMATCH	MISMATCH: IGNORE:tautomer (same canonical tautomer, stored form curated for biological relevance) — requires manual review	90658284	ITCSJVPQPGQHQD-UHFFFAOYSA-M	FEZACAATIBBDPS-UHFFFAOYSA-M
cpd35989	MISMATCH	MISMATCH: IGNORE:tautomer (same canonical tautomer, stored form curated for biological relevance) — requires manual review	102515511	ZVKVNHFCJWWIKN-NBSXMTSESA-N	GDWJRRLTTNLPNP-NBSXMTSESA-N
cpd36030	STEREO_DIFF_REJECTED	STEREO_DIFF rejected: stereo_inversion: 1 of 21 shared stereocenters have different configuration	90659372	BKNZZLAWFBEHQY-LLUSABRBSA-K	BKNZZLAWFBEHQY-XOKDJXLKSA-K
cpd36987	STEREO_DIFF_REJECTED	STEREO_DIFF rejected: stereo_inversion: 4 of 84 shared stereocenters have different configuration	146037409	VOBIUONKNAOEKQ-ZERNGFLDSA-L	VOBIUONKNAOEKQ-PAJMUHFPSA-L
cpd37279	MISMATCH	MISMATCH: IGNORE:salt_form_difference (formula: stored=C27H30O15, pubchem=C27H31ClO15) — requires manual review	29231	VZTKWCUQLUHDFJ-YUDQGHALSA-N	ADZHXBNWNZIHIX-XYGAWYNKSA-N
cpd37310	STEREO_DIFF_REJECTED	STEREO_DIFF rejected: stereo_inversion: 3 of 4 shared stereocenters have different configuration	440624	WHEUWNKSCXYKBU-BFDPJXHCSA-N	WHEUWNKSCXYKBU-QPWUGHHJSA-N
cpd37320	MISMATCH	MISMATCH: IGNORE:tautomer_connectivity (same heavy-atom connectivity, different H positions — tautomer not recognized by RDKit enumerator) — requires manual review	137333726	BIEYRFJVOOOBEE-MNPZXIHOSA-L	BAJLPQKQXYOBIY-MNPZXIHOSA-L
cpd37404	STEREO_DIFF_REJECTED	STEREO_DIFF rejected: stereo_inversion: 13 of 14 shared stereocenters have different configuration	121596240	KJGXHAKCKWIECY-XGCWFBGISA-J	KJGXHAKCKWIECY-FMNMLSRDSA-J
cpd37405	STEREO_DIFF_REJECTED	STEREO_DIFF rejected: stereo_inversion: 12 of 13 shared stereocenters have different configuration	121596242	XXRCPHNWDYEHBJ-WNIWGKFTSA-J	XXRCPHNWDYEHBJ-UCJRQDITSA-J
cpd37422	STEREO_DIFF_REJECTED	STEREO_DIFF rejected: PubChem has fewer defined stereocenters (9 vs 11)	71581203	KRTOMQDUKGRFDJ-ZAHDIIMDSA-M	KRTOMQDUKGRFDJ-ZWTKVEACSA-M
cpd37519	MISMATCH	MISMATCH: IGNORE:tautomer (same canonical tautomer, stored form curated for biological relevance) — requires manual review	124079399	ANGCTOREXXGQNW-GCTRCSCRSA-N	YEVSOYBNHBOQJZ-GCTRCSCRSA-N
cpd37618	MISMATCH	MISMATCH: IGNORE:protonation_only_inchi (same connectivity and stereo, differs in protonation) — requires manual review	126843470	HHAOAZMDQIXGKF-MYQROCLPSA-G	UPVUHCKQWKHWQA-MYQROCLPSA-G
cpd37722	MISMATCH	MISMATCH: IGNORE:tautomer_connectivity (same heavy-atom connectivity, different H positions — tautomer not recognized by RDKit enumerator) — requires manual review	129626670	QFPQNNJJOTVTGZ-UBVJAPESSA-M	JRZZGZUMLBSRII-XPRWOFODSA-M
cpd37723	STEREO_DIFF_REJECTED	STEREO_DIFF rejected: PubChem has fewer defined stereocenters (5 vs 6)	155289445	RCIADIYJKCSKCC-YNGBHSAQSA-N	RCIADIYJKCSKCC-WRRKAJKMSA-N
cpd37743	STEREO_DIFF_REJECTED	STEREO_DIFF rejected: stereo_inversion: 15 of 16 shared stereocenters have different configuration	129626814	GGOBJYLDOQWHDT-GAWRFGEOSA-J	GGOBJYLDOQWHDT-TWQBTYDKSA-J
cpd37863	STEREO_DIFF_REJECTED	STEREO_DIFF rejected: PubChem has fewer defined stereocenters (5 vs 7)	129626744	VQUUFWNZZIMDBR-SXNJQZKASA-M	VQUUFWNZZIMDBR-FFYWQILMSA-M
cpd37864	STEREO_DIFF_REJECTED	STEREO_DIFF rejected: PubChem has fewer defined stereocenters (5 vs 7)	129626746	RWKLFZNKJPQWRW-RBHGNWNXSA-M	RWKLFZNKJPQWRW-NEQDKWGSSA-M
cpd37865	STEREO_DIFF_REJECTED	STEREO_DIFF rejected: PubChem has fewer defined stereocenters (5 vs 7)	129626748	GQTKTVLOOUFFTJ-QLKVQSEBSA-M	GQTKTVLOOUFFTJ-IYNSNTTDSA-M
cpd38045	MISMATCH	MISMATCH: IGNORE:metal_representation_diff (metal coordination or charge representation differs) — requires manual review	91820333	DQQDTMRZXTUQFO-HWPJUNODSA-H	SBHRNFAVYAUAEP-YDXXJHAFSA-H
cpd38078	MISMATCH	MISMATCH: IGNORE:tautomer_connectivity (same heavy-atom connectivity, different H positions — tautomer not recognized by RDKit enumerator) — requires manual review	134692043	CYIYWQYVXXDHJK-AUQBQGCJSA-L	YDAVVQGHGNWHJN-QOYUFUAZSA-L
cpd38079	MISMATCH	MISMATCH: IGNORE:tautomer_connectivity (same heavy-atom connectivity, different H positions — tautomer not recognized by RDKit enumerator) — requires manual review	134692039	NROPQVLBSPCWLJ-RJHIWBSWSA-M	DTURANKMSHIDDI-GMYASLLUSA-M
cpd38159	MISMATCH	MISMATCH: IGNORE:tautomer_connectivity (same heavy-atom connectivity, different H positions — tautomer not recognized by RDKit enumerator) — requires manual review	134814703	YHKYFYCSTJGMID-KNQICWOTSA-M	QNQBPPQLRODXET-HMHJLHGTSA-M
cpd38206	MISMATCH	MISMATCH: IGNORE:tautomer (same canonical tautomer, stored form curated for biological relevance) — requires manual review	135563779	QAAHGFINENUHAR-ARJAWSKDSA-M	KJWUKJXAYNQYSS-ARJAWSKDSA-M
cpd38294	MISMATCH	MISMATCH: IGNORE:tautomer (same canonical tautomer, stored form curated for biological relevance) — requires manual review	933008	FETOMZZQYPFKRV-JOYGSARASA-O	GIGFIWJRTMBSRP-ACRUOGEOSA-O
cpd38300	MISMATCH	MISMATCH: IGNORE:tautomer_connectivity (same heavy-atom connectivity, different H positions — tautomer not recognized by RDKit enumerator) — requires manual review	135563705	LZJRDBIGVYKSOO-UHFFFAOYSA-M	ZQQMMQODXWVXDB-UHFFFAOYSA-M
cpd38306	MISMATCH	MISMATCH: IGNORE:tautomer (same canonical tautomer, stored form curated for biological relevance) — requires manual review	6546287	FETOMZZQYPFKRV-BJPDFRCHSA-O	GIGFIWJRTMBSRP-NJDAHSKKSA-O
cpd38316	STEREO_DIFF_REJECTED	STEREO_DIFF rejected: PubChem has fewer defined stereocenters (20 vs 22)	135398115	PMUCECFZOHGHSS-PHIWOPILSA-M	PMUCECFZOHGHSS-TZRHDMPKSA-M
cpd38317	STEREO_DIFF_REJECTED	STEREO_DIFF rejected: PubChem has fewer defined stereocenters (15 vs 17)	135397996	RQXSBVMUGIVOOA-SROYCTHLSA-M	RQXSBVMUGIVOOA-BUBREWLGSA-M
cpd38341	STEREO_DIFF_REJECTED	STEREO_DIFF rejected: PubChem has fewer defined stereocenters (0 vs 2)	137333877	OJJQTAMHYLSXHT-XGAOUMNUSA-M	OJJQTAMHYLSXHT-UHFFFAOYSA-M
cpd38398	MISMATCH	MISMATCH: IGNORE:tautomer_connectivity (same heavy-atom connectivity, different H positions — tautomer not recognized by RDKit enumerator) — requires manual review	137553757	DFZYNUZCICQYAK-YFKPBYRVSA-O	AZWNHVHYFWVYQE-YFKPBYRVSA-O
cpd38442	STEREO_DIFF_REJECTED	STEREO_DIFF rejected: PubChem has fewer defined stereocenters (4 vs 5)	46187193	GXPHTJFKVOCWKQ-SJDUDGTJSA-N	GXPHTJFKVOCWKQ-PDLCYRHZSA-N
cpd38452	MISMATCH	MISMATCH: IGNORE:tautomer_connectivity (same heavy-atom connectivity, different H positions — tautomer not recognized by RDKit enumerator) — requires manual review	10341781	ZSRQZWSFCHZORS-YUQKHPEDSA-N	KDNLTVRXCBZFNF-YUQKHPEDSA-N
cpd38521	MISMATCH	MISMATCH: IGNORE:tautomer (same canonical tautomer, stored form curated for biological relevance) — requires manual review	138911111	UXHDPKGPDXVGAN-GFNGVGFXSA-O	BKMGDPNQILJWLI-ODVVLEEXSA-O
cpd38522	MISMATCH	MISMATCH: IGNORE:tautomer (same canonical tautomer, stored form curated for biological relevance) — requires manual review	138911113	XFHLIKVWUURUNF-WVLGWFRMSA-O	XDGRXQNYJMQLPU-VLCNGCBASA-O
cpd38523	MISMATCH	MISMATCH: IGNORE:tautomer (same canonical tautomer, stored form curated for biological relevance) — requires manual review	138911114	UXHDPKGPDXVGAN-WVLGWFRMSA-O	BKMGDPNQILJWLI-VLCNGCBASA-O
cpd38524	MISMATCH	MISMATCH: IGNORE:tautomer (same canonical tautomer, stored form curated for biological relevance) — requires manual review	138911115	MGFCUMGVVWKLOT-RZXRRTSOSA-O	AUVZFRDLRJQTQF-KXEYLTKFSA-O
cpd38525	MISMATCH	MISMATCH: IGNORE:tautomer (same canonical tautomer, stored form curated for biological relevance) — requires manual review	138911116	HBTLQMKVKXQBDG-UFFZZFBNSA-O	QVNXPWJNUKKMHP-JJGNIUBRSA-O
cpd38526	MISMATCH	MISMATCH: IGNORE:tautomer (same canonical tautomer, stored form curated for biological relevance) — requires manual review	138911117	JCMHPGPWACBRNN-MBFAKCKXSA-O	UHJSNZNSAVJLSA-TZQKRGQNSA-O
cpd38527	MISMATCH	MISMATCH: IGNORE:tautomer (same canonical tautomer, stored form curated for biological relevance) — requires manual review	138911119	FQHIMEKYPUAPEC-CYVWRXBGSA-O	YBXUUELSZBVEKX-HZTRNQAASA-O
cpd38529	MISMATCH	MISMATCH: IGNORE:tautomer (same canonical tautomer, stored form curated for biological relevance) — requires manual review	138911120	GSTXRAGWDUTGRZ-VGOVMXEDSA-O	UELNVPGLHDEZFM-WWGYGDJHSA-O
cpd38530	MISMATCH	MISMATCH: IGNORE:tautomer (same canonical tautomer, stored form curated for biological relevance) — requires manual review	138911122	GSTXRAGWDUTGRZ-CYVWRXBGSA-O	UELNVPGLHDEZFM-HZTRNQAASA-O
cpd38538	STEREO_DIFF_REJECTED	STEREO_DIFF rejected: stereo_inversion: 1 of 11 shared stereocenters have different configuration	138911137	FDLCWZWBKKRDLM-VEPGMUERSA-L	FDLCWZWBKKRDLM-SIZJWXLGSA-L
cpd38566	MISMATCH	MISMATCH: IGNORE:tautomer_connectivity (same heavy-atom connectivity, different H positions — tautomer not recognized by RDKit enumerator) — requires manual review	138911162	PMJXYABPGXMLDM-LUVPITIUSA-N	BWPAUHFEZFTASB-LUVPITIUSA-N
cpd38596	MISMATCH	MISMATCH: IGNORE:tautomer_connectivity (same heavy-atom connectivity, different H positions — tautomer not recognized by RDKit enumerator) — requires manual review	139036277	MSACGESTEMINKX-UHFFFAOYSA-N	DIMRZANPBVLDAV-UHFFFAOYSA-M
cpd38599	MISMATCH	MISMATCH: IGNORE:tautomer_connectivity (same heavy-atom connectivity, different H positions — tautomer not recognized by RDKit enumerator) — requires manual review	44451219	XKCWNEVAXQCMGP-YFKPBYRVSA-O	XIXHNLGJMAXREG-YFKPBYRVSA-O
cpd38624	MISMATCH	MISMATCH: IGNORE:tautomer (same canonical tautomer, stored form curated for biological relevance) — requires manual review	23244602	RUGKNKGNYSOEHT-HBKHSIGZSA-N	YRYPVWAJOMXOHH-ITBWMFDCSA-N
cpd38626	MISMATCH	MISMATCH: IGNORE:tautomer (same canonical tautomer, stored form curated for biological relevance) — requires manual review	102093872	PJDBVYGVTLGKPD-QEHGZDKRSA-N	FHJXKTOXQHRDTL-PSWVRJCXSA-N
cpd38627	MISMATCH	MISMATCH: IGNORE:tautomer (same canonical tautomer, stored form curated for biological relevance) — requires manual review	139291715	YTDZYFKKPYAZEE-YDGZXZOGSA-N	BINVZINZKJFBTL-QQJLSPJJSA-N
cpd38629	MISMATCH	MISMATCH: IGNORE:tautomer_connectivity (same heavy-atom connectivity, different H positions — tautomer not recognized by RDKit enumerator) — requires manual review	139291705	UEMSYHRAZOAKGT-KICRIKMGSA-N	JTFGPTHCAAUOQL-RNPLJHCFSA-N
cpd38630	MISMATCH	MISMATCH: IGNORE:tautomer (same canonical tautomer, stored form curated for biological relevance) — requires manual review	139291716	PXUDDXPBZDEGAF-QMJXDUBLSA-N	HZOURVGPGTYAHC-VUMBTFJMSA-N
cpd38631	MISMATCH	MISMATCH: IGNORE:tautomer (same canonical tautomer, stored form curated for biological relevance) — requires manual review	6440666	UYIODFVERZGSJU-BSXWIJKXSA-N	YRECHDUAXCBBOZ-HOCCXODSSA-N
cpd38727	MISMATCH	MISMATCH: IGNORE:tautomer_connectivity (same heavy-atom connectivity, different H positions — tautomer not recognized by RDKit enumerator) — requires manual review	145864729	ABYYSICKTYFVSR-UHFFFAOYSA-L	JBUCAUPBQQHNRS-UHFFFAOYSA-L
cpd38729	MISMATCH	MISMATCH: IGNORE:tautomer_connectivity (same heavy-atom connectivity, different H positions — tautomer not recognized by RDKit enumerator) — requires manual review	145864730	HVDOWFXFUQLIGW-UHFFFAOYSA-M	YOIRBHJUDLSLFJ-UHFFFAOYSA-M
cpd38812	STEREO_DIFF_REJECTED	STEREO_DIFF rejected: stereo_inversion: 12 of 13 shared stereocenters have different configuration	122706645	QHTNQHCVKNUPEI-FORMHMHNSA-J	QHTNQHCVKNUPEI-BKUXIBRWSA-J
cpd38814	MISMATCH	MISMATCH: IGNORE:tautomer_connectivity (same heavy-atom connectivity, different H positions — tautomer not recognized by RDKit enumerator) — requires manual review	145944440	QUQTYIYOYNVOJS-UHFFFAOYSA-M	RGYIMTSNKPPPSO-UHFFFAOYSA-M
cpd38821	STEREO_DIFF_REJECTED	STEREO_DIFF rejected: PubChem has fewer defined stereocenters (9 vs 11)	146014756	GQSFRVKLQCAIJY-QVTLSPDWSA-M	GQSFRVKLQCAIJY-UEVBGTDWSA-M
cpd38896	MISMATCH	MISMATCH: IGNORE:tautomer (same canonical tautomer, stored form curated for biological relevance) — requires manual review	146170824	MQAMXXNTJFATOL-IBYPIGCZSA-M	DVKOSMUSPQXJAK-SFHVURJKSA-M
cpd38900	MISMATCH	MISMATCH: IGNORE:tautomer_connectivity (same heavy-atom connectivity, different H positions — tautomer not recognized by RDKit enumerator) — requires manual review	146170788	YVERWFHEAKVWEH-UHFFFAOYSA-N	FKQQKMGWCJGUCS-UHFFFAOYSA-M
cpd38997	MISMATCH	MISMATCH: IGNORE:tautomer_connectivity (same heavy-atom connectivity, different H positions — tautomer not recognized by RDKit enumerator) — requires manual review	146672898	FCGZEXQWFXATHB-WBWAYUFFSA-M	XIAIDACADIOIKY-XJGVVRAUSA-M
cpd38999	MISMATCH	MISMATCH: IGNORE:tautomer_connectivity (same heavy-atom connectivity, different H positions — tautomer not recognized by RDKit enumerator) — requires manual review	146672900	FVMMLTQICWHKRS-XEYQCMGESA-M	NINHBZILGZWTQT-JLZVEVNZSA-M
cpd39017	MISMATCH	MISMATCH: IGNORE:tautomer_connectivity (same heavy-atom connectivity, different H positions — tautomer not recognized by RDKit enumerator) — requires manual review	146672904	HFEVUVQUQKOBHM-SNLDCZQMSA-M	YSSAANFDQOSWCH-KTTQBTPYSA-M
cpd39109	MISMATCH	MISMATCH: IGNORE:tautomer (same canonical tautomer, stored form curated for biological relevance) — requires manual review	132524226	QSWHJMOBRSETNT-VZEYPMLRSA-N	GUSKPTPZRRTGAQ-IGZQQFENSA-N
cpd39254	STEREO_DIFF_REJECTED	STEREO_DIFF rejected: PubChem has fewer defined stereocenters (15 vs 17)	155289494	DKHMHRQWWQWLAI-JDXLUNHGSA-K	DKHMHRQWWQWLAI-NUAYVAOTSA-K
cpd39263	STEREO_DIFF_REJECTED	STEREO_DIFF rejected: stereo_inversion: 1 of 15 shared stereocenters have different configuration	155289506	ZVZVUYATPFOSIP-GTECIAEHSA-N	ZVZVUYATPFOSIP-XIOCVSSGSA-N
cpd39303	STEREO_DIFF_REJECTED	STEREO_DIFF rejected: PubChem has fewer defined stereocenters (5 vs 7)	155802536	NUDRHGDMWNFXMD-OAOCPRPWSA-M	NUDRHGDMWNFXMD-IESLQMLBSA-M
cpd39353	MISMATCH	MISMATCH: IGNORE:tautomer_connectivity (same heavy-atom connectivity, different H positions — tautomer not recognized by RDKit enumerator) — requires manual review	155818797	QIDAONRMTYSNQN-RKWYXZQCSA-L	UAGATZVLKBZLFU-RKWYXZQCSA-L
cpd39354	MISMATCH	MISMATCH: IGNORE:tautomer (same canonical tautomer, stored form curated for biological relevance) — requires manual review	155818799	OMOCMRWUFORHJW-VZEYPMLRSA-N	XKJJMXDQESYKLS-IGZQQFENSA-N
cpd39357	MISMATCH	MISMATCH: IGNORE:tautomer (same canonical tautomer, stored form curated for biological relevance) — requires manual review	155818803	ODPXDHXHTUHREY-QWYZSSPPSA-N	FKVSHWDGJOLCOC-QLDZKYQNSA-N
cpd39371	MISMATCH	MISMATCH: IGNORE:tautomer_connectivity (same heavy-atom connectivity, different H positions — tautomer not recognized by RDKit enumerator) — requires manual review	155818823	ACAJLIDZAISGLE-FOCRQUHHSA-M	UNBPOXUZLVARJD-JMXLDNMHSA-M
cpd39375	MISMATCH	MISMATCH: IGNORE:tautomer_connectivity (same heavy-atom connectivity, different H positions — tautomer not recognized by RDKit enumerator) — requires manual review	155903233	ZLIYAXUPOBJNFP-QAVBGVJHSA-L	AVZATKWNGXCSDN-IIRHHVPJSA-L
cpd39376	MISMATCH	MISMATCH: IGNORE:tautomer_connectivity (same heavy-atom connectivity, different H positions — tautomer not recognized by RDKit enumerator) — requires manual review	155903239	XWIZBMORQRLANJ-MJZDXNEPSA-M	ZUQWAJLCGQNCEU-MDBOHJPMSA-L
cpd39379	MISMATCH	MISMATCH: IGNORE:tautomer_connectivity (same heavy-atom connectivity, different H positions — tautomer not recognized by RDKit enumerator) — requires manual review	155903242	ZLIYAXUPOBJNFP-BXDGVTFJSA-L	AVZATKWNGXCSDN-UGIHOUBQSA-L
cpd39380	MISMATCH	MISMATCH: IGNORE:tautomer_connectivity (same heavy-atom connectivity, different H positions — tautomer not recognized by RDKit enumerator) — requires manual review	155903244	DEMRIVQPXRVYOB-NPPXQRPRSA-L	ZUQWAJLCGQNCEU-GRGOBBBWSA-L
cpd39390	MISMATCH	MISMATCH: IGNORE:tautomer_connectivity (same heavy-atom connectivity, different H positions — tautomer not recognized by RDKit enumerator) — requires manual review	155903266	GIYRGJGMHNSYLK-KNNMKEBTSA-N	LPMIDEKWTWDEQA-LWPIYKJPSA-N
cpd39393	MISMATCH	MISMATCH: IGNORE:tautomer_connectivity (same heavy-atom connectivity, different H positions — tautomer not recognized by RDKit enumerator) — requires manual review	155903269	DBHUBRADIOMJGQ-MTXRNWKWSA-N	BRLJQQRCZWPKFP-YTNSACSQSA-N
cpd39394	MISMATCH	MISMATCH: IGNORE:tautomer_connectivity (same heavy-atom connectivity, different H positions — tautomer not recognized by RDKit enumerator) — requires manual review	155903270	ZNIINXOTVHCLHK-BIVXZIHOSA-M	ZYSNWIWQOQDJJV-PBEIKUENSA-M
cpd39710	MISMATCH	MISMATCH: IGNORE:tautomer (same canonical tautomer, stored form curated for biological relevance) — requires manual review	162422390	IUOGXAQNIDZGHW-BYPYZUCNSA-M	VDVHBZFWTAJSMR-BYPYZUCNSA-M
cpd39812	STEREO_DIFF_REJECTED	STEREO_DIFF rejected: PubChem has fewer defined stereocenters (8 vs 10)	440406	RBVNENAKUTUHCM-JLJUYRCPSA-N	RBVNENAKUTUHCM-MPTZIELVSA-N
cpd39959	MISMATCH	MISMATCH: IGNORE:tautomer_connectivity (same heavy-atom connectivity, different H positions — tautomer not recognized by RDKit enumerator) — requires manual review	46224546	XAVVMXGLKJSJDU-NSNBCYBJSA-L	NNMALANKTSRILL-ZUTFDUMMSA-L
cpd39960	MISMATCH	MISMATCH: IGNORE:tautomer (same canonical tautomer, stored form curated for biological relevance) — requires manual review	46224547	CNEWLWMGPFUJPG-SEJZCTRTSA-L	GLWKVDXAQHCAIO-SKMQTNIUSA-L
cpd40037	STEREO_DIFF_REJECTED	STEREO_DIFF rejected: stereo_inversion: 16 of 17 shared stereocenters have different configuration	45266721	MNYDLIUNNOCPHG-VSYYZKEWSA-J	MNYDLIUNNOCPHG-FJWDCHQMSA-J
cpd40042	STEREO_DIFF_REJECTED	STEREO_DIFF rejected: stereo_inversion: 15 of 16 shared stereocenters have different configuration	45266754	SBYLHTNKEWSLBA-ZXAPBNPSSA-J	SBYLHTNKEWSLBA-NOMRFMDASA-J
cpd40047	STEREO_DIFF_REJECTED	STEREO_DIFF rejected: stereo_inversion: 1 of 5 shared stereocenters have different configuration	46173476	FISPFQWSJIRGHD-CGTAVEALSA-J	FISPFQWSJIRGHD-SVHODSNWSA-J
cpd40070	STEREO_DIFF_REJECTED	STEREO_DIFF rejected: stereo_inversion: 15 of 17 shared stereocenters have different configuration	46878544	QVDPWQVOSKJUES-ZRCFTKOQSA-J	QVDPWQVOSKJUES-JMOYVIBVSA-J
cpd40080	STEREO_DIFF_REJECTED	STEREO_DIFF rejected: PubChem has fewer defined stereocenters (3 vs 5)	46878500	VTMFDSJJVNQXLT-KSQYBWRXSA-M	VTMFDSJJVNQXLT-XQCMRRNBSA-M
cpd40106	STEREO_DIFF_REJECTED	STEREO_DIFF rejected: PubChem has fewer defined stereocenters (3 vs 5)	12315252	KWFJIXPIFLVMPM-RYPNDVFKSA-N	KWFJIXPIFLVMPM-PEGGXJLSSA-N
cpd40134	STEREO_DIFF_REJECTED	STEREO_DIFF rejected: stereo_inversion: 15 of 16 shared stereocenters have different configuration	53239766	CZJIMKNMPZTDKL-DTOUZIBESA-M	CZJIMKNMPZTDKL-KYCUXGCASA-M
cpd40140	MISMATCH	MISMATCH: IGNORE:metal_representation_diff (metal coordination or charge representation differs) — requires manual review	53356768	MJTDXXOJOMBSDW-QRMBNIDUSA-L	PDZJBSOXGVQTRR-XCVPDAMTSA-J
cpd40164	STEREO_DIFF_REJECTED	STEREO_DIFF rejected: PubChem has fewer defined stereocenters (0 vs 1)	56927813	APPAXLRBULXMAH-BUHFOSPRSA-L	APPAXLRBULXMAH-UHFFFAOYSA-L
cpd40214	STEREO_DIFF_REJECTED	STEREO_DIFF rejected: PubChem has fewer defined stereocenters (5 vs 7)	70678648	UPUKKDCTWWVPCJ-OZRWLNDDSA-M	UPUKKDCTWWVPCJ-NUPIXEBLSA-M
cpd40291	MISMATCH	MISMATCH: IGNORE:protonation_only_inchi (same connectivity and stereo, differs in protonation) — requires manual review	136262918	QWWPNXJTPPIHQR-JSUDGWJLSA-J	HXILZQJJXHYUNO-JSUDGWJLSA-J
cpd40326	MISMATCH	MISMATCH: IGNORE:metal_representation_diff (metal coordination or charge representation differs) — requires manual review	71296185	KQEKEIAHMMHTBZ-RDKWKEIWSA-E	CTBUWOZIOQAVEZ-RDKWKEIWSA-E
cpd40328	STEREO_DIFF_REJECTED	STEREO_DIFF rejected: PubChem has fewer defined stereocenters (9 vs 11)	71296226	KIQYUSYSJTUGFZ-LSLODQAYSA-M	KIQYUSYSJTUGFZ-UVYWGIEFSA-M
cpd40329	STEREO_DIFF_REJECTED	STEREO_DIFF rejected: PubChem has fewer defined stereocenters (5 vs 7)	71296228	IBUKXRINTKQBRQ-QQPTZJRPSA-M	IBUKXRINTKQBRQ-FOENULIHSA-M
cpd40330	STEREO_DIFF_REJECTED	STEREO_DIFF rejected: PubChem has fewer defined stereocenters (5 vs 7)	71296229	NEXFZIYXCPIHEF-BHIZUYRXSA-M	NEXFZIYXCPIHEF-XVQBWIJQSA-M
cpd40336	STEREO_DIFF_REJECTED	STEREO_DIFF rejected: PubChem has fewer defined stereocenters (14 vs 15)	71296177	LSQKHXZMWRRDRU-GUKOCFKPSA-P	LSQKHXZMWRRDRU-OHBGLIMYSA-P
cpd40398	STEREO_DIFF_REJECTED	STEREO_DIFF rejected: PubChem has fewer defined stereocenters (10 vs 12)	71581166	SUYDNPBYMBTSMM-LLZKZNPQSA-M	SUYDNPBYMBTSMM-WJBFZPHHSA-M
cpd40550	STEREO_DIFF_REJECTED	STEREO_DIFF rejected: PubChem has fewer defined stereocenters (5 vs 7)	71668359	OOIYGIBLKJXABS-AVVBPMCPSA-M	OOIYGIBLKJXABS-QMQOCPPKSA-M
cpd40562	STEREO_DIFF_REJECTED	STEREO_DIFF rejected: stereo_inversion: 1 of 6 shared stereocenters have different configuration	71728436	FMRVHRPEVIVXKX-UBYAXNGNSA-M	FMRVHRPEVIVXKX-ZJIVTKJASA-M
cpd40815	STEREO_DIFF_REJECTED	STEREO_DIFF rejected: PubChem has fewer defined stereocenters (9 vs 11)	86289125	ROKMWIUSHIHOGI-BWTMTLBLSA-K	ROKMWIUSHIHOGI-OCCGYQNWSA-K
cpd40817	STEREO_DIFF_REJECTED	STEREO_DIFF rejected: PubChem has fewer defined stereocenters (6 vs 8)	86289128	HGTWQOJDTOGJCZ-OWWMKGAESA-K	HGTWQOJDTOGJCZ-FCVCZRQGSA-K
cpd40934	MISMATCH	MISMATCH: IGNORE:tautomer_connectivity (same heavy-atom connectivity, different H positions — tautomer not recognized by RDKit enumerator) — requires manual review	86289401	FZHCUGKYJVYVRY-UHFFFAOYSA-M	OWVUGOIAIJBQNX-UHFFFAOYSA-M
cpd40997	MISMATCH	MISMATCH: IGNORE:tautomer_connectivity (same heavy-atom connectivity, different H positions — tautomer not recognized by RDKit enumerator) — requires manual review	86289535	VHKSKAYDERGHSI-UHFFFAOYSA-M	FYLGFULJHQBNJO-UHFFFAOYSA-M
cpd41007	MISMATCH	MISMATCH: IGNORE:tautomer (same canonical tautomer, stored form curated for biological relevance) — requires manual review	86289573	MVVLGWNKCGZWPO-INVGHUFNSA-N	PUEQUELBQOQOOV-BBVRLYRLSA-N
cpd41008	MISMATCH	MISMATCH: IGNORE:tautomer (same canonical tautomer, stored form curated for biological relevance) — requires manual review	86289574	PJZXRWXENPBZGM-QWCVWYEKSA-N	LXKLTDXEFFOBPT-OOZYFLPDSA-N
cpd41070	STEREO_DIFF_REJECTED	STEREO_DIFF rejected: PubChem has fewer defined stereocenters (6 vs 8)	86289644	UGDOFRYHDCDVHD-FRWBGTIISA-M	UGDOFRYHDCDVHD-GFMLYYSJSA-M
cpd41071	STEREO_DIFF_REJECTED	STEREO_DIFF rejected: PubChem has fewer defined stereocenters (10 vs 12)	86289646	SHIZRFSRTKXRQL-PJBFRWFCSA-M	SHIZRFSRTKXRQL-WAEQFISDSA-M
cpd41098	STEREO_DIFF_REJECTED	STEREO_DIFF rejected: PubChem has fewer defined stereocenters (5 vs 7)	86289717	UZMPYXSDDZXMAI-LNNNXZRXSA-I	UZMPYXSDDZXMAI-OHKKONBVSA-I
cpd41113	STEREO_DIFF_REJECTED	STEREO_DIFF rejected: PubChem has fewer defined stereocenters (0 vs 2)	10106	RFFOTVCVTJUTAD-AOOOYVTPSA-N	RFFOTVCVTJUTAD-UHFFFAOYSA-N
cpd41115	STEREO_DIFF_REJECTED	STEREO_DIFF rejected: PubChem has fewer defined stereocenters (5 vs 7)	86289910	SFURGELIJOUFHC-XXEWDYRMSA-M	SFURGELIJOUFHC-OIGJGVGOSA-M
cpd41177	STEREO_DIFF_REJECTED	STEREO_DIFF rejected: PubChem has fewer defined stereocenters (9 vs 11)	86290081	BRGYSCORDHSZEK-WWZVCVIKSA-G	BRGYSCORDHSZEK-FNBHYLHFSA-G
cpd41199	MISMATCH	MISMATCH: IGNORE:metal_representation_diff (metal coordination or charge representation differs) — requires manual review	46174054	WNFHMNRLRILSLP-NCHIFMJGSA-M	QGHLDVDZKNSEFX-VBYMZDBQSA-M
cpd41201	STEREO_DIFF_REJECTED	STEREO_DIFF rejected: PubChem has fewer defined stereocenters (5 vs 7)	86290067	ANFYVAHJWGJYAT-QLCNXWICSA-G	ANFYVAHJWGJYAT-FWIVIUFLSA-G
cpd41204	STEREO_DIFF_REJECTED	STEREO_DIFF rejected: PubChem has fewer defined stereocenters (5 vs 7)	86290070	ZSZXYWFCIKKZBT-IVYVYLGESA-G	ZSZXYWFCIKKZBT-ZVDPZPSOSA-G
cpd41207	STEREO_DIFF_REJECTED	STEREO_DIFF rejected: PubChem has fewer defined stereocenters (5 vs 7)	86290076	UJVUMTUBMCYKBK-JULCEDCESA-K	UJVUMTUBMCYKBK-BNOPZSDTSA-K
cpd41232	STEREO_DIFF_REJECTED	STEREO_DIFF rejected: stereo_inversion: 12 of 13 shared stereocenters have different configuration	86290149	QHTNQHCVKNUPEI-HYUQNWMNSA-J	QHTNQHCVKNUPEI-ZAXAEIALSA-J
cpd41342	MISMATCH	MISMATCH: IGNORE:protonation_only_inchi (same connectivity and stereo, differs in protonation) — requires manual review	90659867	YMTZLGGIBUNCMX-UHFFFAOYSA-N	IFODVZVYAGOCCX-UHFFFAOYSA-N
cpd41412	STEREO_DIFF_REJECTED	STEREO_DIFF rejected: PubChem has fewer defined stereocenters (5 vs 7)	91666372	QXHVLVSULWMTCV-DICZBTHZSA-I	QXHVLVSULWMTCV-MKRLDBNQSA-I
cpd41432	STEREO_DIFF_REJECTED	STEREO_DIFF rejected: PubChem has fewer defined stereocenters (5 vs 7)	91825605	SNIQYSSXZJPPEL-LKTRINTESA-K	SNIQYSSXZJPPEL-NWIWAUOTSA-K
cpd41433	MISMATCH	MISMATCH: IGNORE:metal_representation_diff (metal coordination or charge representation differs) — requires manual review	91825608	LWEBRNNELJTZDM-MZXOAZMXSA-F	UQXKYADDWNDQPL-AJSUAYSOSA-F
cpd41445	STEREO_DIFF_REJECTED	STEREO_DIFF rejected: stereo_inversion: 1 of 18 shared stereocenters have different configuration	91825623	MYPYJXKWCTUITO-ZRJQNHQNSA-O	MYPYJXKWCTUITO-UNZADAAQSA-O
cpd41503	STEREO_DIFF_REJECTED	STEREO_DIFF rejected: stereo_inversion: 1 of 18 shared stereocenters have different configuration	91825750	TYGQMXOPLFWYPM-UTAVAMEPSA-L	TYGQMXOPLFWYPM-ISFHUDAKSA-L
cpd41565	STEREO_DIFF_REJECTED	STEREO_DIFF rejected: stereo_inversion: 14 of 16 shared stereocenters have different configuration	91828290	SEBZZAWTQNNGPK-HWMVKTIYSA-J	SEBZZAWTQNNGPK-RDYMGNODSA-J
cpd41566	STEREO_DIFF_REJECTED	STEREO_DIFF rejected: stereo_inversion: 14 of 15 shared stereocenters have different configuration	90658216	QWTJBRPOHKIMDT-FUVNIOFOSA-J	QWTJBRPOHKIMDT-MVFHLHSISA-J
cpd41713	STEREO_DIFF_REJECTED	STEREO_DIFF rejected: stereo_inversion: 1 of 6 shared stereocenters have different configuration	102571761	WIWFIKCSWKFLRM-UQPUDFRRSA-M	WIWFIKCSWKFLRM-UZTSRZBGSA-M
cpd41728	MISMATCH	MISMATCH: IGNORE:metal_representation_diff (metal coordination or charge representation differs) — requires manual review	44229086	AGQZJXZOTNHFDH-KHPXXVTNSA-L	HBYYRBWSVSZZHE-FVVSHTJESA-M
cpd43808	MISMATCH	MISMATCH: IGNORE:metal_representation_diff (metal coordination or charge representation differs) — requires manual review	146037285	UATRKYIAMCMRGG-VDJHEXKBSA-J	DUDFUCVGSNDDBK-DAPHBAMLSA-J
cpd43809	MISMATCH	MISMATCH: IGNORE:metal_representation_diff (metal coordination or charge representation differs) — requires manual review	146026556	NBOSWMYSILWFEL-ZTJYZYAWSA-J	ZGGYGTCPXNDTRV-YRJWGCQVSA-J
cpd43872	MISMATCH	MISMATCH: IGNORE:tautomer (same canonical tautomer, stored form curated for biological relevance) — requires manual review	18725796	DDSPPPQVDFNCRS-AJLOBNKWSA-N	BMMKBVLOIDKBCY-UHFFFAOYSA-N
cpd43956	MISMATCH	MISMATCH: IGNORE:tautomer (same canonical tautomer, stored form curated for biological relevance) — requires manual review	101101166	JYWLYABXPMJDPN-UHFFFAOYSA-N	HEZSALBPROZVOO-UHFFFAOYSA-N
cpd44144	MISMATCH	MISMATCH: IGNORE:wrong_mapping (formula: stored=C19H32O, pubchem=C19H32O2) — requires manual review	439890	QUKZBUCPOSYYFO-HNLWTILRSA-N	CBMYJHIOYJEBSB-SQTCYDLRSA-N
cpd44242	STEREO_DIFF_REJECTED	STEREO_DIFF rejected: PubChem has fewer defined stereocenters (0 vs 6)	53394258	DDCYKEYDTGCKAS-SKSHMZPZSA-M	DDCYKEYDTGCKAS-UHFFFAOYSA-N
cpd44535	MISMATCH	MISMATCH: IGNORE:wrong_mapping (formula: stored=C6H14NO4, pubchem=C8H15NO5) — requires manual review	3082056	RJKBJEZZABBYBA-QTVWNMPRSA-O	LMIZXKMXHCOVTQ-PDMHJPEASA-N
cpd44725	MISMATCH	MISMATCH: IGNORE:wrong_mapping (formula: stored=C4H5NO5, pubchem=C5H9NO4) — requires manual review	352294	CXTTUMKHXPLNLZ-UHFFFAOYSA-L	JJIHLJJYMXLCOY-UHFFFAOYSA-N
cpd45189	MISMATCH	MISMATCH: IGNORE:tautomer_connectivity (same heavy-atom connectivity, different H positions — tautomer not recognized by RDKit enumerator) — requires manual review	91820008	TXDMUDAXGMSXPS-BXLPSJFGSA-L	SRYZCJFTBKCWPH-OJZKLWQESA-L
cpd45190	MISMATCH	MISMATCH: IGNORE:tautomer_connectivity (same heavy-atom connectivity, different H positions — tautomer not recognized by RDKit enumerator) — requires manual review	146037202	INPDFIMLLXXDOQ-MKLOKSPTSA-L	NNMALANKTSRILL-ZFALGIKLSA-L
cpd45191	MISMATCH	MISMATCH: IGNORE:tautomer (same canonical tautomer, stored form curated for biological relevance) — requires manual review	146037362	IGJXAXFFKKRFKU-VVZNRSQRSA-L	GLWKVDXAQHCAIO-ATTWCYABSA-L
cpd45315	MISMATCH	MISMATCH: IGNORE:tautomer (same canonical tautomer, stored form curated for biological relevance) — requires manual review	146037245	DKMLMZVDTGOEGU-MKLOKSPTSA-L	LXWZWRRIEITWMN-ZFALGIKLSA-L
cpd45608	STEREO_DIFF_REJECTED	STEREO_DIFF rejected: PubChem has fewer defined stereocenters (0 vs 1)	389046	IPAZGTSTZYXZAT-QHCPKHFHSA-M	IPAZGTSTZYXZAT-UHFFFAOYSA-N
cpd45747	MISMATCH	MISMATCH: IGNORE:tautomer (same canonical tautomer, stored form curated for biological relevance) — requires manual review	138319156	YZDQREAOSSBUIO-YFFNHZJVSA-N	ZNJLTLQUFVRCST-XXTQNNSLSA-N
cpd45768	STEREO_DIFF_REJECTED	STEREO_DIFF rejected: PubChem has fewer defined stereocenters (6 vs 12)	139584652	ABYOOPVZTWKBKI-ZLQLBYQISA-L	ABYOOPVZTWKBKI-ZEULBBAFSA-N
cpd45772	MISMATCH	MISMATCH: IGNORE:wrong_mapping (formula: stored=C44H53N2O10, pubchem=C44H52N2O12S) — requires manual review	6438922	CHIKDPVEPHBPNF-ZCPMADPISA-M	VEDOKYSBCNXSGP-FJKGIEQNSA-N
cpd45773	MISMATCH	MISMATCH: IGNORE:wrong_mapping (formula: stored=C39H43ClNO10, pubchem=C39H44ClNO9) — requires manual review	90476909	GECNGYXICRFQIS-VFKWKFDASA-M	PGLCKEFYXCGUGA-DLCSPTBOSA-N
cpd45777	MISMATCH	MISMATCH: IGNORE:wrong_mapping (formula: stored=C46H55N2O12, pubchem=C46H56N2O12S) — requires manual review	21768223	DBUUKQFIQPYKHQ-YMXWPPIMSA-M	PHYCYDGQUYYBOJ-MRMPJBOISA-N
cpd45780	MISMATCH	MISMATCH: IGNORE:tautomer (same canonical tautomer, stored form curated for biological relevance) — requires manual review	138319101	PSNWZDLWAQOJPU-AOWOKWRISA-N	DVUDTEAQSQYLEL-DTWGOXCPSA-N
cpd45783	MISMATCH	MISMATCH: IGNORE:wrong_mapping (formula: stored=C39H44NO11, pubchem=C39H45NO10) — requires manual review	122362153	PPMONBLOIUELRU-PFEGTFBZSA-M	VMGZUMXAOXKLLT-LJEDEYOISA-N
cpd45785	STEREO_DIFF_REJECTED	STEREO_DIFF rejected: stereo_inversion: 6 of 12 shared stereocenters have different configuration	139589305	LTHCNGAEDWPRCS-WSZSHKSRSA-M	LTHCNGAEDWPRCS-NCZWOVHDSA-N
cpd45787	MISMATCH	MISMATCH: IGNORE:wrong_mapping (formula: stored=C45H52N2O12, pubchem=C45H54N2O12S) — requires manual review	21768224	MIBDVEGTNAHMJJ-CDFLJSJASA-L	YWGUQBLAJYVMGL-YNQAWJJGSA-N
cpd45791	MISMATCH	MISMATCH: IGNORE:wrong_mapping (formula: stored=C39H43NO10, pubchem=C40H47NO10) — requires manual review	21768221	ODRXJBTZWPWLEA-LJEDEYOISA-L	ZXLHPLMVMGZDLN-WBHHTQAESA-N
cpd45799	STEREO_DIFF_REJECTED	STEREO_DIFF rejected: stereo_inversion: 6 of 12 shared stereocenters have different configuration	139589304	POAHCCMNKFMDNG-WSZSHKSRSA-M	POAHCCMNKFMDNG-NCZWOVHDSA-N
cpd45812	STEREO_DIFF_REJECTED	STEREO_DIFF rejected: stereo_inversion: 1 of 14 shared stereocenters have different configuration	10101973	FCYKUTUWVZTVAK-VNEZVRIKSA-N	FCYKUTUWVZTVAK-LCPCCJDFSA-N
cpd45831	MISMATCH	MISMATCH: IGNORE:wrong_mapping (formula: stored=C44H66O17, pubchem=C43H64O17) — requires manual review	6443468	UWHHOLKMRZRKNF-LDDJRXAJSA-N	LJHLORJKOHOIPQ-AOERLSPASA-N
cpd45835	STEREO_DIFF_REJECTED	STEREO_DIFF rejected: PubChem has fewer defined stereocenters (5 vs 6)	46173883	GAPDDBFHNYHZIS-FUFVSQOXSA-M	GAPDDBFHNYHZIS-LNUNAXHXSA-N
cpd45910	STEREO_DIFF_REJECTED	STEREO_DIFF rejected: PubChem has fewer defined stereocenters (10 vs 11)	154586204	PCTMZJNILWRYCO-NJXRCVNLSA-J	PCTMZJNILWRYCO-SRGVOWKCSA-J
cpd45952	STEREO_DIFF_REJECTED	STEREO_DIFF rejected: stereo_inversion: 5 of 12 shared stereocenters have different configuration	139589331	IAOQDOADNPZWMS-BQGKYDTKSA-M	IAOQDOADNPZWMS-UGAUXQCLSA-N
cpd46095	STEREO_DIFF_REJECTED	STEREO_DIFF rejected: stereo_inversion: 1 of 10 shared stereocenters have different configuration	154586206	WQKIVDUWFNRJHE-NNRGKNABSA-M	WQKIVDUWFNRJHE-KFWNFBQJSA-M
cpd46105	MISMATCH	MISMATCH: IGNORE:metal_representation_diff (metal coordination or charge representation differs) — requires manual review	145865066	DDOLJTTZZQUFMZ-QYGSNNNBSA-J	NFWGKECCWBWSIJ-MAFRMVQDSA-J
cpd46418	MISMATCH	MISMATCH: IGNORE:protonation_only_inchi (same connectivity and stereo, differs in protonation) — requires manual review	50909840	NXBTVYTZNBTCOA-VBIAIPROSA-H	XCZXQZJLNMPXIV-VBIAIPROSA-H
cpd46453	STEREO_DIFF_REJECTED	STEREO_DIFF rejected: stereo_inversion: 6 of 8 shared stereocenters have different configuration	91825654	QPSHCYXDFVVWPO-OLJZWBBESA-O	QPSHCYXDFVVWPO-WAHYGVONSA-O
cpd46455	MISMATCH	MISMATCH: IGNORE:metal_representation_diff (metal coordination or charge representation differs) — requires manual review	154586153	MQITXILYUMHLQH-UNDUHLPPSA-L	RKMODBWBEBZDQM-YDXXJHAFSA-J
cpd46456	MISMATCH	MISMATCH: IGNORE:metal_representation_diff (metal coordination or charge representation differs) — requires manual review	145865041	CLSDOHYLBDEDGS-NYYDUOLTSA-J	ORBJXCWEXDCLEL-GMKDXZNRSA-J
cpd46457	MISMATCH	MISMATCH: IGNORE:metal_representation_diff (metal coordination or charge representation differs) — requires manual review	145865130	BDWAIFDCVIIDAK-ZFTTVWMPSA-J	RZWKAJQZALGDMN-DSIDHINDSA-J
cpd46458	MISMATCH	MISMATCH: IGNORE:metal_representation_diff (metal coordination or charge representation differs) — requires manual review	145865007	GVFBWOCHIPFCSG-UEYJRFGKSA-J	CDQFFMYQAJCFEH-BJUVDVTMSA-J
cpd46508	MISMATCH	MISMATCH: IGNORE:wrong_mapping (formula: stored=C24H44O20, pubchem=C24H42O21) — requires manual review	101110145	VHGAULDOGOYKMK-STCQVBSSSA-N	KVEFAMTVBXAETD-LJMGQZPQSA-N
cpd46522	MISMATCH	MISMATCH: IGNORE:tautomer (same canonical tautomer, stored form curated for biological relevance) — requires manual review	137700802	OCLFTQKGVGFJQT-UHFFFAOYSA-N	NMDKZMIQHHSAFC-UHFFFAOYSA-N
cpd46566	MISMATCH	MISMATCH: IGNORE:wrong_mapping (formula: stored=C9H11AsNO4, pubchem=C9H12AsNO5) — requires manual review	166175047	BQTPTIKYRVCNSF-UHFFFAOYSA-M	FVYASWDCGRWQGB-UHFFFAOYSA-N
cpd46620	MISMATCH	MISMATCH: IGNORE:tautomer (same canonical tautomer, stored form curated for biological relevance) — requires manual review	56928062	LYLYJIOHMZZUCM-UHFFFAOYSA-N	LNJMXTRRBBPZDK-AUWJEWJLSA-N
cpd46646	MISMATCH	MISMATCH: IGNORE:wrong_mapping (formula: stored=C52H49N4O20, pubchem=C54H56N6O18) — requires manual review	171120462	ZPEQGULUANUJNH-RJEFGVBDSA-N	UIBZAWMXTNIIRF-APNJSHAJSA-N
cpd46676	MISMATCH	MISMATCH: IGNORE:tautomer_connectivity (same heavy-atom connectivity, different H positions — tautomer not recognized by RDKit enumerator) — requires manual review	145865067	OBUWFKQRWSUMBU-UHFFFAOYSA-M	MTNSNDNZZWLYLO-UHFFFAOYSA-M
cpd46782	MISMATCH	MISMATCH: IGNORE:tautomer_connectivity (same heavy-atom connectivity, different H positions — tautomer not recognized by RDKit enumerator) — requires manual review	189586	ZIILDNSDEUWVGX-BTOCWHEVSA-N	WKCJIGSUKSPCKI-WNXUODGFSA-N
cpd46809	MISMATCH	MISMATCH: IGNORE:tautomer_connectivity (same heavy-atom connectivity, different H positions — tautomer not recognized by RDKit enumerator) — requires manual review	5464164	IKCFPZHOOZZOBA-ARJYQBEPSA-N	BEIHVSJTPTXQGB-QUHCWSQZSA-N
cpd46846	STEREO_DIFF_REJECTED	STEREO_DIFF rejected: PubChem has fewer defined stereocenters (19 vs 21)	146037287	VMDWZFPVSRHWAM-QLSPONKRSA-O	VMDWZFPVSRHWAM-CZRWUAGXSA-O
cpd46856	STEREO_DIFF_REJECTED	STEREO_DIFF rejected: PubChem has fewer defined stereocenters (8 vs 10)	132472322	XNFVDGDQGGSJGD-MSOKZUNSSA-M	XNFVDGDQGGSJGD-JBUAYWKOSA-N
cpd46870	MISMATCH	MISMATCH: IGNORE:protonation_only_inchi (same connectivity and stereo, differs in protonation) — requires manual review	9886	WBPJDOUFWQVMRN-UHFFFAOYSA-N	LJQLCJWAZJINEB-UHFFFAOYSA-N
cpd46910	MISMATCH	MISMATCH: IGNORE:wrong_mapping (formula: stored=C48H74O14, pubchem=C48H74O15) — requires manual review	11953975	HVTWWKHJKYTJON-OVBDMLLUSA-N	QUTFLJHOCPQPEW-WUSILSRKSA-N
cpd46911	MISMATCH	MISMATCH: IGNORE:wrong_mapping (formula: stored=C48H74O14, pubchem=C48H74O15) — requires manual review	6441103	UIWKSGVVECUGBV-HRYGJPIOSA-N	CWGATOJEFAKFBK-PDVFGPFMSA-N
cpd46912	STEREO_DIFF_REJECTED	STEREO_DIFF rejected: PubChem has fewer defined stereocenters (1 vs 6)	6449928	JEZZKSQFJNWDCY-ZQBBTFQLSA-O	JEZZKSQFJNWDCY-NSIKDUERSA-N
cpd46916	MISMATCH	MISMATCH: IGNORE:wrong_mapping (formula: stored=C47H72O14, pubchem=C47H72O15) — requires manual review	11953974	ORAUPHWWHTWHHY-HBWKRTIKSA-N	ZPAKHHSWIYDSBJ-YAGODIQJSA-N
cpd46957	MISMATCH	MISMATCH: IGNORE:tautomer_connectivity (same heavy-atom connectivity, different H positions — tautomer not recognized by RDKit enumerator) — requires manual review	138319094	LBQXIQNXBYJSOU-AOUKXVOZSA-N	CXTLWUHZGCESRE-JKSIFZGQSA-N
cpd46960	STEREO_DIFF_REJECTED	STEREO_DIFF rejected: PubChem has fewer defined stereocenters (0 vs 6)	156582208	ZQYLQHFOXSDSHJ-OFBLZTNGSA-M	ZQYLQHFOXSDSHJ-UHFFFAOYSA-N
cpd46962	MISMATCH	MISMATCH: IGNORE:tautomer_connectivity (same heavy-atom connectivity, different H positions — tautomer not recognized by RDKit enumerator) — requires manual review	129009747	DXTQBRAPZZMTDN-UHFFFAOYSA-N	ZUNBINDVXKAJIF-UHFFFAOYSA-N
cpd46966	STEREO_DIFF_REJECTED	STEREO_DIFF rejected: PubChem has fewer defined stereocenters (0 vs 4)	156582209	NUFGXSJHUPZANV-RNUSHXMWSA-M	NUFGXSJHUPZANV-UHFFFAOYSA-N
cpd46969	MISMATCH	MISMATCH: REVIEW:different_compound (tanimoto=0.73, likely wrong xref mapping) — requires manual review	171990459	ZZKINJGJVILFOW-QVLCYIIKSA-N	WFIDQBARNHUGRV-DRDCOBJPSA-N
cpd46970	STEREO_DIFF_REJECTED	STEREO_DIFF rejected: stereo_inversion: 1 of 11 shared stereocenters have different configuration	138319136	QEWZZVDALIYXAU-MFQXWKJOSA-N	QEWZZVDALIYXAU-QNOADIDYSA-N
cpd46973	MISMATCH	MISMATCH: IGNORE:tautomer (same canonical tautomer, stored form curated for biological relevance) — requires manual review	154586065	RRGWPAXNKRQBAM-VSHIDSMCSA-N	XKJFXJMPURQWDP-VSHIDSMCSA-N
cpd47055	MISMATCH	MISMATCH: IGNORE:tautomer (same canonical tautomer, stored form curated for biological relevance) — requires manual review	1676	VRRVQCOZGQCWCI-UHFFFAOYSA-N	SIQPXVQCUCHWDI-UHFFFAOYSA-N
cpd47133	MISMATCH	MISMATCH: IGNORE:tautomer_connectivity (same heavy-atom connectivity, different H positions — tautomer not recognized by RDKit enumerator) — requires manual review	26098	FWWRYFMLRVWIJF-UHFFFAOYSA-N	MPHPHYZQRGLTBO-UHFFFAOYSA-N
cpd47210	MISMATCH	MISMATCH: IGNORE:tautomer_connectivity (same heavy-atom connectivity, different H positions — tautomer not recognized by RDKit enumerator) — requires manual review	138319252	BPTKGIKNUAMMLT-GATYQTQLSA-O	QLZSSTRBQNLNHY-GATYQTQLSA-O
cpd47347	STEREO_DIFF_REJECTED	STEREO_DIFF rejected: PubChem has fewer defined stereocenters (2 vs 3)	73480	YYMCYJLIYNNOMK-ZMONIFLSSA-O	YYMCYJLIYNNOMK-MEKDEQNOSA-N
cpd47417	STEREO_DIFF_REJECTED	STEREO_DIFF rejected: PubChem has fewer defined stereocenters (4 vs 6)	6474310	KRZBCHWVBQOTNZ-PSEXTPKNSA-M	KRZBCHWVBQOTNZ-RDJMKVHDSA-N
cpd47418	MISMATCH	MISMATCH: IGNORE:wrong_mapping (formula: stored=C46H71N5O9S, pubchem=C45H69N5O9S) — requires manual review	73353722	WSCGPXXBHMUUJG-JIEAKOEKSA-N	XQTNLJKLCLNKBG-BJAMGVOOSA-N
cpd47426	STEREO_DIFF_REJECTED	STEREO_DIFF rejected: PubChem has fewer defined stereocenters (9 vs 10)	163088017	QYPABEUQMXOENV-YLJKECJHSA-N	QYPABEUQMXOENV-NWZCPQEJSA-N
cpd47427	STEREO_DIFF_REJECTED	STEREO_DIFF rejected: PubChem has fewer defined stereocenters (6 vs 9)	139583368	RDPZVJUUVDDQSB-OFFCBBCOSA-N	RDPZVJUUVDDQSB-UNLDUUMZSA-N
cpd47470	STEREO_DIFF_REJECTED	STEREO_DIFF rejected: PubChem has fewer defined stereocenters (6 vs 7)	137657043	AVQWMIOFPQCRNF-KZRPKRKKSA-N	AVQWMIOFPQCRNF-DKDHISSVSA-N
cpd47471	STEREO_DIFF_REJECTED	STEREO_DIFF rejected: PubChem has fewer defined stereocenters (5 vs 7)	10546404	SSJXRCYFOOLEKV-LIWDSGMWSA-N	SSJXRCYFOOLEKV-RDTKOLQBSA-N
cpd47515	MISMATCH	MISMATCH: IGNORE:wrong_mapping (formula: stored=C15H23N7O6, pubchem=C15H20N6O5) — requires manual review	121447	HWYGSYUVZQOWGE-UWJYBYFXSA-P	LYUGICBKRYXVHJ-UHFFFAOYSA-N
cpd47544	MISMATCH	MISMATCH: IGNORE:tautomer_connectivity (same heavy-atom connectivity, different H positions — tautomer not recognized by RDKit enumerator) — requires manual review	102358956	USCYAQBBUKCIBX-UHFFFAOYSA-N	LHUVFAQGBBQGDF-UHFFFAOYSA-N
cpd47550	STEREO_DIFF_REJECTED	STEREO_DIFF rejected: PubChem has fewer defined stereocenters (0 vs 1)	139586204	HXJRAGITJNXHBB-KAMYIIQDSA-M	HXJRAGITJNXHBB-UHFFFAOYSA-N
cpd47553	MISMATCH	MISMATCH: IGNORE:tautomer_connectivity (same heavy-atom connectivity, different H positions — tautomer not recognized by RDKit enumerator) — requires manual review	102358955	OUXBEBAEGMYEQJ-UHFFFAOYSA-N	YWBRXRXMXOEXLY-UHFFFAOYSA-N
cpd47616	MISMATCH	MISMATCH: IGNORE:tautomer_connectivity (same heavy-atom connectivity, different H positions — tautomer not recognized by RDKit enumerator) — requires manual review	146037041	NNQTXEOXCSZYDB-UHFFFAOYSA-M	NZWLRPUAJVZERP-PMRVSPHWSA-M
cpd47671	STEREO_DIFF_REJECTED	STEREO_DIFF rejected: stereo_inversion: 2 of 3 shared stereocenters have different configuration	26193229	UVZZDDLIOJPDKX-HCQYQZJFSA-N	UVZZDDLIOJPDKX-ZFXPIMNVSA-N
cpd47725	MISMATCH	MISMATCH: IGNORE:tautomer_connectivity (same heavy-atom connectivity, different H positions — tautomer not recognized by RDKit enumerator) — requires manual review	146037335	UELTUCKLRACXCB-IHWYPQMZSA-M	SYMRBBQTIOFYRC-AWYLAFAOSA-M
cpd47750	STEREO_DIFF_REJECTED	STEREO_DIFF rejected: PubChem has fewer defined stereocenters (0 vs 6)	11620764	CRIAYTZRPXXKCY-ZMAMPDHFSA-N	CRIAYTZRPXXKCY-UHFFFAOYSA-N
cpd47754	MISMATCH	MISMATCH: IGNORE:tautomer_inchikey (same stereo+protonation layers, different connectivity — likely tautomer not recognized by RDKit enumerator) — requires manual review	11478557	VTMILIGIOAKPON-VTJCBYAASA-N	CZYXNAWJKPZBBQ-VTJCBYAASA-N
cpd47761	STEREO_DIFF_REJECTED	STEREO_DIFF rejected: PubChem has fewer defined stereocenters (0 vs 5)	10434578	WJILAMJSXMNDKI-YEWWMAIHSA-N	WJILAMJSXMNDKI-UHFFFAOYSA-N
cpd47782	MISMATCH	MISMATCH: IGNORE:tautomer_inchikey (same stereo+protonation layers, different connectivity — likely tautomer not recognized by RDKit enumerator) — requires manual review	11307356	ZEXXMKULURKRLH-WJYIPEHTSA-N	DBRQOXPBANMULX-WJYIPEHTSA-N
cpd47832	MISMATCH	MISMATCH: IGNORE:tautomer_connectivity (same heavy-atom connectivity, different H positions — tautomer not recognized by RDKit enumerator) — requires manual review	176454255	ACWLYYNLRJOYRA-ZYHOBAKYSA-M	BHICCPXVDIQMCF-AWTIPJNISA-M
cpd47837	STEREO_DIFF_REJECTED	STEREO_DIFF rejected: PubChem has fewer defined stereocenters (0 vs 5)	10343746	UXCOEHGXGSWISO-QYZQHXPYSA-N	UXCOEHGXGSWISO-UHFFFAOYSA-N
cpd47858	STEREO_DIFF_REJECTED	STEREO_DIFF rejected: PubChem has fewer defined stereocenters (0 vs 1)	154586142	LCXSEVFWDVGICR-YRNVUSSQSA-Q	LCXSEVFWDVGICR-UHFFFAOYSA-Q
cpd47884	MISMATCH	MISMATCH: IGNORE:protonation_only_inchi (same connectivity and stereo, differs in protonation) — requires manual review	3081420	RNHLZLNIRNFXIK-UHFFFAOYSA-N	BOXSCYUXSBYGRD-UHFFFAOYSA-N
cpd47894	STEREO_DIFF_REJECTED	STEREO_DIFF rejected: PubChem has fewer defined stereocenters (4 vs 5)	145865030	YHDLYZATZKYYJQ-YPPKRKOXSA-N	YHDLYZATZKYYJQ-GMOKDWPVSA-N
cpd47918	STEREO_DIFF_REJECTED	STEREO_DIFF rejected: stereo_inversion: 1 of 5 shared stereocenters have different configuration	139585852	RTNMRJRMTGSUAE-DWPFRNKMSA-O	RTNMRJRMTGSUAE-ASTIPKKCSA-N
cpd47941	STEREO_DIFF_REJECTED	STEREO_DIFF rejected: PubChem has fewer defined stereocenters (5 vs 10)	44257975	HVGLWBMWGLOBHA-KETMJRJWSA-M	HVGLWBMWGLOBHA-ZFWWAFFJSA-N
cpd47956	MISMATCH	MISMATCH: IGNORE:tautomer (same canonical tautomer, stored form curated for biological relevance) — requires manual review	154700475	ZUCVJNMCIWNRQD-OBKCQFLQSA-N	LZRFPBYVPXWIQV-RKBILKOESA-N
cpd47958	MISMATCH	MISMATCH: IGNORE:tautomer (same canonical tautomer, stored form curated for biological relevance) — requires manual review	154700476	QPOFHZZAFBJPEP-NLXXLCOVSA-N	GNJSXUBIUQQDCF-VVDKBZJPSA-N
cpd47959	MISMATCH	MISMATCH: IGNORE:tautomer (same canonical tautomer, stored form curated for biological relevance) — requires manual review	146037075	MCDGSRNSGQEJIH-UHFFFAOYSA-N	RNRPPZYXOJFWQP-UHFFFAOYSA-N
cpd48138	STEREO_DIFF_REJECTED	STEREO_DIFF rejected: stereo_inversion: 1 of 18 shared stereocenters have different configuration	145864992	RUWRFLWOBFSGOG-NPGWLOBHSA-L	RUWRFLWOBFSGOG-HLWVPPKWSA-L
cpd48198	STEREO_DIFF_REJECTED	STEREO_DIFF rejected: PubChem has fewer defined stereocenters (8 vs 10)	132472321	RJHKUGKYEOVVKD-ODERTVPDSA-M	RJHKUGKYEOVVKD-HTWGBIMLSA-N
cpd48201	STEREO_DIFF_REJECTED	STEREO_DIFF rejected: PubChem has fewer defined stereocenters (3 vs 8)	146882	ZZMKOZNTEJVKRY-MCPYMSAWSA-M	ZZMKOZNTEJVKRY-FHWLQOOXSA-N
cpd48259	MISMATCH	MISMATCH: IGNORE:wrong_mapping (formula: stored=C21H26N2O4, pubchem=C22H24N2O5) — requires manual review	171904536	WMEGGZUBGUAKQM-CIBCHFLQSA-N	NAOVADXKDNYEDD-PHYYLQFZSA-N
cpd48280	MISMATCH	MISMATCH: IGNORE:tautomer_connectivity (same heavy-atom connectivity, different H positions — tautomer not recognized by RDKit enumerator) — requires manual review	146037071	WNXQXGQXBTUSHC-RORTWUPQSA-P	XJMZYXAYMUPRNW-RORTWUPQSA-P
cpd48305	MISMATCH	MISMATCH: IGNORE:tautomer_connectivity (same heavy-atom connectivity, different H positions — tautomer not recognized by RDKit enumerator) — requires manual review	135410125	OFTBCJGFYRLYFS-MKDMNXCWSA-N	IGDMPTXQUGESNO-LCPUKSDXSA-N
cpd48307	STEREO_DIFF_REJECTED	STEREO_DIFF rejected: stereo_inversion: 1 of 12 shared stereocenters have different configuration	138319377	FZPBPHJIHDRREL-WWQJHQNJSA-M	FZPBPHJIHDRREL-BLMIWUBISA-N
cpd48308	MISMATCH	MISMATCH: IGNORE:tautomer_connectivity (same heavy-atom connectivity, different H positions — tautomer not recognized by RDKit enumerator) — requires manual review	135564573	LZKMXDAQCQQAHR-FTPLPDPLSA-N	VFWVBAYZDJRDPD-IVKNZFTPSA-N
cpd48310	MISMATCH	MISMATCH: IGNORE:tautomer_connectivity (same heavy-atom connectivity, different H positions — tautomer not recognized by RDKit enumerator) — requires manual review	135430490	NAZWUAFAEWGXMG-WXOLCXTFSA-N	QFWPUJUVXCUSSX-YYMGKSSJSA-N
cpd48311	STEREO_DIFF_REJECTED	STEREO_DIFF rejected: stereo_inversion: 1 of 12 shared stereocenters have different configuration	138319315	QYNZTRDCLZDYCC-CPJUCZEHSA-M	QYNZTRDCLZDYCC-FAIPPYCASA-N
cpd48313	STEREO_DIFF_REJECTED	STEREO_DIFF rejected: PubChem has fewer defined stereocenters (0 vs 9)	194566	LCQVQAZLYBJMGJ-LUSKEGLYSA-L	LCQVQAZLYBJMGJ-UHFFFAOYSA-N
cpd48323	STEREO_DIFF_REJECTED	STEREO_DIFF rejected: stereo_inversion: 1 of 12 shared stereocenters have different configuration	138319056	FCFQQWYUQXFFRV-YDKOOGADSA-N	FCFQQWYUQXFFRV-PPALYFDBSA-N
cpd48325	MISMATCH	MISMATCH: IGNORE:tautomer_connectivity (same heavy-atom connectivity, different H positions — tautomer not recognized by RDKit enumerator) — requires manual review	135564572	BCYORXXXUILXDW-JVUQFCDJSA-N	XRODLRUQSITVTH-JDQMUTRMSA-N
cpd48327	STEREO_DIFF_REJECTED	STEREO_DIFF rejected: stereo_inversion: 1 of 12 shared stereocenters have different configuration	138319347	ADYSLUVBNTYVHD-UZIDKVSJSA-N	ADYSLUVBNTYVHD-VJWRWTHZSA-N
cpd48329	STEREO_DIFF_REJECTED	STEREO_DIFF rejected: stereo_inversion: 1 of 12 shared stereocenters have different configuration	138319325	UIRHEISCQHAHSY-JXIPRUIOSA-M	UIRHEISCQHAHSY-SPDBPVFCSA-N
cpd48332	STEREO_DIFF_REJECTED	STEREO_DIFF rejected: stereo_inversion: 1 of 11 shared stereocenters have different configuration	138319255	HTLHRKZVFGSCIY-VUCJVVSXSA-M	HTLHRKZVFGSCIY-NBNVYIIOSA-N
cpd48333	MISMATCH	MISMATCH: IGNORE:tautomer (same canonical tautomer, stored form curated for biological relevance) — requires manual review	138319062	MHOUUNHTVCQAIF-OSTMVVCPSA-N	IYLUANVNZSUVHZ-CYYVRBJFSA-N
cpd48334	MISMATCH	MISMATCH: IGNORE:tautomer_connectivity (same heavy-atom connectivity, different H positions — tautomer not recognized by RDKit enumerator) — requires manual review	135564574	WPBXWVRVYHRIJU-LSWMSPDASA-N	HWZKXYATXCLZAG-SEWHNPOJSA-N
cpd48335	MISMATCH	MISMATCH: IGNORE:tautomer_connectivity (same heavy-atom connectivity, different H positions — tautomer not recognized by RDKit enumerator) — requires manual review	138319066	GLMUOXQDCWVMLB-KALBCGFASA-N	AVGFSNGNDCSOAJ-RUQQHOEJSA-N
cpd48337	MISMATCH	MISMATCH: IGNORE:tautomer_connectivity (same heavy-atom connectivity, different H positions — tautomer not recognized by RDKit enumerator) — requires manual review	135564575	KQBZCKFGUVCGRH-QODRHMAWSA-N	LMKBJVKXRKQNGU-YZKNHEOZSA-N
cpd48338	MISMATCH	MISMATCH: IGNORE:tautomer_connectivity (same heavy-atom connectivity, different H positions — tautomer not recognized by RDKit enumerator) — requires manual review	138319223	IIEURZODYDYMDR-CMAAPBOLSA-N	JEUMZVNCPQDNEY-CIFZTYHQSA-N
cpd48339	STEREO_DIFF_REJECTED	STEREO_DIFF rejected: stereo_inversion: 1 of 12 shared stereocenters have different configuration	138319141	BKIVYPUERXACBV-IPMVGKMZSA-N	BKIVYPUERXACBV-NMELBHDHSA-N
cpd48342	MISMATCH	MISMATCH: IGNORE:tautomer_connectivity (same heavy-atom connectivity, different H positions — tautomer not recognized by RDKit enumerator) — requires manual review	138319152	NGUFMJGNRQOXIR-SIOOQLFJSA-M	QOHHXHYFJQJAIQ-KWNOWXNASA-M
cpd48343	MISMATCH	MISMATCH: IGNORE:tautomer_connectivity (same heavy-atom connectivity, different H positions — tautomer not recognized by RDKit enumerator) — requires manual review	135462992	FMNPOTNZACJORR-YJPXBMRVSA-N	JDECNKBYILMOLE-CJQFIEQYSA-N
cpd48345	MISMATCH	MISMATCH: IGNORE:tautomer_connectivity (same heavy-atom connectivity, different H positions — tautomer not recognized by RDKit enumerator) — requires manual review	138319362	WOKZBNNSTYJUSO-MDEBSDSCSA-N	QIHHHBBJLJNMPM-VHPUUJEESA-N
cpd48347	MISMATCH	MISMATCH: IGNORE:tautomer_connectivity (same heavy-atom connectivity, different H positions — tautomer not recognized by RDKit enumerator) — requires manual review	135474562	AECSSEUNGBWEHU-IUIPKDSUSA-N	DAQTVVQVNADAHI-UTLNPYKCSA-N
cpd48348	STEREO_DIFF_REJECTED	STEREO_DIFF rejected: PubChem has fewer defined stereocenters (3 vs 12)	6438521	JJOHNICSOMSGDB-UOPIZVOHSA-M	JJOHNICSOMSGDB-POFLQIOTSA-N
cpd48349	MISMATCH	MISMATCH: IGNORE:tautomer (same canonical tautomer, stored form curated for biological relevance) — requires manual review	138319327	YBEYVMNVLYZSJV-OZHJPZIFSA-N	GQXDCRPWAPWXSJ-XOIHSSAHSA-N
cpd48350	MISMATCH	MISMATCH: IGNORE:tautomer_connectivity (same heavy-atom connectivity, different H positions — tautomer not recognized by RDKit enumerator) — requires manual review	135545981	HELVNXXGIWPNLD-MQFBWTOGSA-N	SFIMJDKEAAKAPV-VWRJCZGQSA-N
cpd48359	STEREO_DIFF_REJECTED	STEREO_DIFF rejected: PubChem has fewer defined stereocenters (5 vs 6)	154586071	QBDTXWLRXBEJMR-VRBUCKFRSA-M	QBDTXWLRXBEJMR-YQQVEUKQSA-M
cpd48366	STEREO_DIFF_REJECTED	STEREO_DIFF rejected: PubChem has fewer defined stereocenters (0 vs 1)	146036917	QDLKYOFKRMDMOG-LURJTMIESA-N	QDLKYOFKRMDMOG-UHFFFAOYSA-N
cpd48380	STEREO_DIFF_REJECTED	STEREO_DIFF rejected: PubChem has fewer defined stereocenters (0 vs 2)	8473	SJYNFBVQFBRSIB-KNVOCYPGSA-N	SJYNFBVQFBRSIB-UHFFFAOYSA-N
